Accident_Index,1st_Road_Class,1st_Road_Number,2nd_Road_Class,2nd_Road_Number,Accident_Severity,Carriageway_Hazards,Date,Day_of_Week,Did_Police_Officer_Attend_Scene_of_Accident,Junction_Control,Junction_Detail,Latitude,Light_Conditions,Location_Easting_OSGR,Location_Northing_OSGR,Longitude,LSOA_of_Accident_Location,Number_of_Casualties,Number_of_Vehicles,Pedestrian_Crossing-Human_Control,Pedestrian_Crossing-Physical_Facilities,Road_Surface_Conditions,Road_Type,Special_Conditions_at_Site,Speed_limit,Time,Urban_or_Rural_Area,Weather_Conditions,InScotland,Age_Band_of_Driver,Age_of_Vehicle,Driver_Home_Area_Type,Driver_IMD_Decile,Engine_Capacity_.CC.,Hit_Object_in_Carriageway,Hit_Object_off_Carriageway,Journey_Purpose_of_Driver,Junction_Location,make,model,Propulsion_Code,Sex_of_Driver,Skidding_and_Overturning,Towing_and_Articulation,Vehicle_Leaving_Carriageway,Vehicle_Location.Restricted_Lane,Vehicle_Manoeuvre,Vehicle_Reference,Vehicle_Type,Was_Vehicle_Left_Hand_Drive,X1st_Point_of_Impact,Year
200791NE25115,A,9,B,9161,Fatal,None,11-04-2021,Friday,1,Give way or uncontrolled,T or staggered junction,19.08518474,Darkness - no lighting,262920,849360,72.86454439,,1,2,0,0,Wet or damp,Dual carriageway,None,70,18:50:00,Rural,Fine no high winds,Yes,26 - 35,18,Urban area,NA,908,None,None,Commuting to/from work,Approaching junction or waiting/parked at junction approach,KAWASAKI,,Petrol,Male,Skidded,No tow/articulation,Did not leave carriageway,0,Going ahead other,1,Motorcycle over 500cc,No,Front,2021
2006556B01085,C,308,NA,0,Fatal,None,23-03-2021,Friday,1,Data missing or out of range,Not at junction or within 20 metres,19.13561954,Darkness - lights lit,406920,94750,72.93130884,E01015357,1,4,0,0,Dry,Single carriageway,None,30,23:05:00,Urban,Fine no high winds,No,16 - 20,17,Urban area,10,1998,Parked vehicle,None,Other/Not known (2005-10),Not at or within 20 metres of junction,MAZDA,626 GTI 16V,Petrol,Male,Skidded,No tow/articulation,Nearside,0,Going ahead other,1,Car,No,Front,2021
201001TB00232,B,466,NA,0,Fatal,None,06-01-2019,Saturday,1,Data missing or out of range,Not at junction or within 20 metres,22.97640973,Daylight,511160,189650,72.59692208,E01002480,3,2,0,0,Wet or damp,Single carriageway,None,30,16:59:00,Urban,Fine no high winds,No,16 - 20,17,Urban area,8,1275,Kerb,None,Other/Not known (2005-10),Not at or within 20 metres of junction,NISSAN,MICRA SUPER S,Petrol,Male,Skidded,No tow/articulation,Did not leave carriageway,0,Going ahead right-hand bend,1,Car,No,Nearside,2019
201001TB00232,B,466,NA,0,Fatal,None,29-05-2010,Saturday,1,Data missing or out of range,Not at junction or within 20 metres,51.594688,Daylight,511160,189650,-0.396615,E01002480,3,2,0,0,Wet or damp,Single carriageway,None,30,16:59:00,Urban,Fine no high winds,No,16 - 20,17,Urban area,8,1275,Kerb,None,Other/Not known (2005-10),Not at or within 20 metres of junction,NISSAN,MICRA SUPER S,Petrol,Male,Skidded,No tow/articulation,Did not leave carriageway,0,Going ahead right-hand bend,1,Car,No,Nearside,2010
200937G028091,Unclassified,2030,Unclassified,2025,Fatal,None,15-04-2020,Monday,1,Give way or uncontrolled,T or staggered junction,26.46085579,Darkness - lights lit,618200,242680,74.64713433,E01029979,1,3,0,0,Dry,Single carriageway,None,30,19:00:00,Urban,Fine no high winds,No,21 - 25,17,Data missing or out of range,NA,1590,None,None,Other/Not known (2005-10),Cleared junction or waiting/parked at junction exit,SUZUKI,VITARA JLX SE AUTO,Petrol,Female,None,No tow/articulation,Did not leave carriageway,0,Parked,3,Car,No,Nearside,2020
200937G027966,C,26,NA,0,Fatal,None,05-10-2021,Monday,1,Data missing or out of range,Not at junction or within 20 metres,28.60810266,Darkness - lights lit,618710,242430,77.16980459,E01029978,2,3,0,0,Wet or damp,Single carriageway,None,30,18:20:00,Urban,Raining no high winds,No,21 - 25,17,Urban area,10,2972,None,None,Journey as part of work,Not at or within 20 metres of junction,MITSUBISHI,SHOGUN SWB V6 AUTO,Petrol,Male,Skidded,No tow/articulation,Did not leave carriageway,0,Going ahead other,1,Car,No,Nearside,2020
200534NN08032,Unclassified,7184,Unclassified,7202,Fatal,None,27-04-2019,Tuesday,1,Give way or uncontrolled,T or staggered junction,14.72842108,Daylight,477190,256710,78.57938028,E01027205,1,2,0,0,Dry,Single carriageway,None,30,16:44:00,Urban,Fine no high winds,No,21 - 25,17,Urban area,9,400,None,None,Other/Not known (2005-10),Mid Junction - on roundabout or on main road,HONDA,,Petrol,Male,None,No tow/articulation,Did not leave carriageway,0,Going ahead other,2,Motorcycle over 125cc and up to 500cc,No,Front,2019
200520H008202,Unclassified,0,Unclassified,0,Fatal,None,30-07-2021,Tuesday,1,Give way or uncontrolled,Private drive or entrance,22.74900071,Darkness - lights lit,399100,300610,75.84158667,E01010273,2,2,0,4,Dry,Single carriageway,None,30,23:35:00,Urban,Fine no high winds,No,26 - 35,17,Urban area,1,1342,None,None,Other/Not known (2005-10),Leaving main road,ROVER,213 S,Petrol,Male,Skidded,No tow/articulation,Did not leave carriageway,0,Turning right,1,Car,No,Front,2020
200505ET00555,A,5050,Unclassified,0,Fatal,None,20-04-2021,Monday,1,Give way or uncontrolled,T or staggered junction,26.48003832,Daylight,335600,392460,80.28205836,E01006646,2,2,0,0,Dry,Single carriageway,None,30,11:40:00,Urban,Fine no high winds,No,26 - 35,17,Urban area,1,123,None,None,Other/Not known (2005-10),Mid Junction - on roundabout or on main road,YAMAHA,,Petrol,Male,None,No tow/articulation,Nearside,0,Going ahead other,1,Motorcycle 125cc and under,No,Front,2020
20063104C1376,A,6514,NA,0,Fatal,None,02-08-2021,Saturday,1,Data missing or out of range,Not at junction or within 20 metres,22.70515768,Darkness - lights lit,455640,343250,75.83854682,E01013828,1,1,0,0,Dry,Dual carriageway,None,40,00:18:00,Urban,Fine no high winds,No,21 - 25,17,Urban area,1,399,Kerb,Road sign or traffic signal,Other/Not known (2005-10),Not at or within 20 metres of junction,HONDA,,Petrol,Male,None,No tow/articulation,Offside on to centrl res + rebounded,0,Going ahead left-hand bend,1,Motorcycle over 125cc and up to 500cc,No,Offside,2020
200934TS80099,C,23,Unclassified,0,Fatal,None,22-12-2021,Wednesday,1,Give way or uncontrolled,T or staggered junction,15.24451315,Daylight,477850,254020,74.01902744,E01027274,2,2,0,0,Dry,Single carriageway,None,40,08:10:00,Rural,Fine no high winds,No,26 - 35,17,Small town,9,1769,None,None,Commuting to/from work,Mid Junction - on roundabout or on main road,FORD,SIERRA SAPPHIRE LX,Petrol,Male,Skidded,No tow/articulation,Did not leave carriageway,0,Going ahead other,1,Car,No,Front,2019
200601TB00266,A,406,NA,0,Fatal,None,17-12-2019,Friday,1,Data missing or out of range,Not at junction or within 20 metres,26.46062109,Darkness - lights lit,522960,187480,74.60230011,E01000307,3,2,0,0,Wet or damp,Dual carriageway,None,40,23:53:00,Urban,Fine no high winds,No,46 - 55,17,Urban area,1,1990,None,Central crash barrier,Other/Not known (2005-10),Not at or within 20 metres of junction,BMW,320I TOURING,Petrol,Male,Skidded,No tow/articulation,Offside on to centrl res + rebounded,0,Going ahead other,2,Car,No,Nearside,2020
200842I319309,B,1383,NA,0,Fatal,None,03-07-2021,Thursday,1,Not at junction or within 20 metres,Not at junction or within 20 metres,28.69480612,Daylight,550450,223690,77.09646714,E01022087,1,1,0,0,Dry,Single carriageway,None,40,06:30:00,Rural,Fine no high winds,No,56 - 65,17,Rural,8,2990,None,Tree,Commuting to/from work,Not at or within 20 metres of junction,PORSCHE,944 S2,Petrol,Male,Skidded,No tow/articulation,Nearside,0,Going ahead other,1,Car,No,Offside,2020
200930B000276,A,515,NA,,Fatal,None,09-05-2019,Friday,1,Give way or uncontrolled,Private drive or entrance,27.08846801,Daylight,416570,360300,93.63027019,E01019611,1,2,0,0,Wet or damp,Single carriageway,None,50,13:13:00,Rural,Raining no high winds,No,21 - 25,17,Urban area,3,535,None,None,Other/Not known (2005-10),Mid Junction - on roundabout or on main road,YAMAHA,,Petrol,Male,None,No tow/articulation,Did not leave carriageway,0,Going ahead other,2,Motorcycle over 500cc,No,Front,2019
200942I084803,A,1013,NA,0,Fatal,None,10-03-2021,Monday,1,Not at junction or within 20 metres,Not at junction or within 20 metres,14.71106908,Darkness - lights lit,564000,180570,78.63365626,E01015977,1,1,0,0,Dry,Single carriageway,None,50,00:45:00,Rural,Fine no high winds,No,26 - 35,17,Urban area,6,599,Kerb,Other permanent object,Other/Not known (2005-10),Not at or within 20 metres of junction,HONDA,CBR600F-N,Petrol,Male,None,No tow/articulation,Offside and rebounded,0,Going ahead left-hand bend,1,Motorcycle over 125cc and up to 500cc,No,Did not impact,2019
200963DP15609,B,4393,B,4393,Fatal,None,11-03-2019,Wednesday,1,Give way or uncontrolled,T or staggered junction,18.53750333,Daylight,327710,317520,73.83882165,W01000457,3,2,0,0,Dry,Single carriageway,None,50,11:20:00,Rural,Fine no high winds,No,Over 75,17,Small town,NA,1396,None,None,Other/Not known (2005-10),Approaching junction or waiting/parked at junction approach,ROVER,214 SLI,Petrol,Male,Skidded,No tow/articulation,Did not leave carriageway,0,Going ahead other,2,Car,No,Front,2021
200511CI24820,C,10,Unclassified,0,Fatal,None,16-05-2019,Tuesday,1,Give way or uncontrolled,Crossroads,28.50699723,Darkness - lights lit,418400,547740,77.07893929,E01020664,1,2,0,0,Wet or damp,Single carriageway,None,60,17:56:00,Rural,Raining no high winds,No,16 - 20,17,Urban area,8,397,None,None,Commuting to/from work,Mid Junction - on roundabout or on main road,SUZUKI,,Petrol,Male,Skidded,No tow/articulation,Did not leave carriageway,0,Going ahead other,2,Motorcycle over 125cc and up to 500cc,No,Front,2019
2006600FL6038,A,548,NA,0,Fatal,None,27-10-2021,Sunday,1,Data missing or out of range,Not at junction or within 20 metres,28.41106942,Daylight,336080,368110,77.03533863,W01000332,4,3,0,0,Dry,Single carriageway,None,60,20:30:00,Rural,Fine no high winds,No,16 - 20,17,Data missing or out of range,NA,1196,None,None,Other/Not known (2005-10),Not at or within 20 metres of junction,VAUXHALL,NOVA STAR,Petrol,Male,None,No tow/articulation,Did not leave carriageway,0,Going ahead other,1,Car,No,Front,2019
20084100A0408,A,602,C,16,Fatal,None,29-07-2021,Tuesday,1,Give way or uncontrolled,T or staggered junction,18.56741196,Daylight,533060,217870,73.91450573,E01023485,1,3,0,0,Dry,Single carriageway,None,60,10:00:00,Rural,Fine no high winds,No,16 - 20,17,Urban area,6,599,None,None,Other/Not known (2005-10),Approaching junction or waiting/parked at junction approach,YAMAHA,,Petrol,Male,Skidded,No tow/articulation,Did not leave carriageway,0,Going ahead left-hand bend,1,Motorcycle over 500cc,No,Nearside,2021
200750B51E203,A,390,Unclassified,0,Fatal,None,04-01-2019,Saturday,1,Give way or uncontrolled,T or staggered junction,19.15685028,Daylight,227990,65980,72.86648045,E01018778,1,2,0,0,Dry,Single carriageway,None,60,18:32:00,Rural,Fine no high winds,No,16 - 20,17,Small town,5,399,None,None,Data missing or out of range,Approaching junction or waiting/parked at junction approach,HONDA,,Petrol,Male,None,No tow/articulation,Offside,0,Overtaking moving vehicle - offside,1,Motorcycle over 125cc and up to 500cc,No,Front,2021
2009559D02271,A,31,NA,0,Fatal,None,19-02-2021,Wednesday,1,Not at junction or within 20 metres,Not at junction or within 20 metres,27.10252655,Daylight,392710,99290,93.6223703,E01020410,4,2,0,0,Wet or damp,Single carriageway,None,60,08:40:00,Rural,Raining no high winds,No,16 - 20,17,Rural,6,1990,None,None,Commuting to/from work,Not at or within 20 metres of junction,TOYOTA,MR2,Petrol,Male,None,No tow/articulation,Did not leave carriageway,0,Overtaking moving vehicle - offside,1,Car,No,Front,2019
200730B000046,A,632,NA,0,Fatal,None,03-10-2019,Sunday,1,Data missing or out of range,Not at junction or within 20 metres,19.12277185,Daylight,431770,361830,72.82840247,E01019621,4,2,0,0,Frost or ice,Single carriageway,Auto signal part defective,60,09:03:00,Rural,Fine + high winds,No,21 - 25,17,Urban area,NA,2309,None,Tree,Other/Not known (2005-10),Not at or within 20 metres of junction,AUDI,90 20V,Petrol,Male,Skidded,No tow/articulation,Offside,0,Going ahead left-hand bend,1,Car,No,Front,2021
200763DP37307,A,483,NA,0,Fatal,None,24-11-2019,Sunday,1,Data missing or out of range,Not at junction or within 20 metres,14.69369939,Daylight,310000,271620,78.60792146,,3,4,0,0,Dry,Single carriageway,None,60,11:43:00,Rural,Fine no high winds,No,21 - 25,17,Small town,NA,998,None,None,Other/Not known (2005-10),Not at or within 20 metres of junction,ROVER,MINI 1000 CITY E,Petrol,Male,Skidded,No tow/articulation,Did not leave carriageway,0,Going ahead right-hand bend,4,Car,No,Front,2019
200506X033043,Motorway,66,NA,0,Fatal,None,26-01-2020,Saturday,1,Data missing or out of range,Not at junction or within 20 metres,28.63853173,Daylight,382140,408800,77.25112845,E01005054,1,2,0,0,Wet or damp,Dual carriageway,None,70,08:22:00,Rural,Raining no high winds,No,26 - 35,17,Urban area,3,749,None,Central crash barrier,Commuting to/from work,Not at or within 20 metres of junction,YAMAHA,,Petrol,Male,Skidded,No tow/articulation,Did not leave carriageway,0,Going ahead other,2,Motorcycle over 500cc,No,Did not impact,2021
200643P193046,Unclassified,120,Unclassified,0,Fatal,None,05-07-2019,Saturday,1,Give way or uncontrolled,T or staggered junction,26.47824217,Daylight,447560,208720,80.29757309,E01028742,2,1,0,0,Dry,Single carriageway,None,20,13:45:00,Rural,Fine no high winds,No,26 - 35,16,Data missing or out of range,NA,1958,None,Other permanent object,Other/Not known (2005-10),Approaching junction or waiting/parked at junction approach,HONDA,PRELUDE EX,Petrol,Male,Skidded,No tow/articulation,Offside,0,Going ahead other,1,Car,No,Offside,2020
201091NJ14695,Unclassified,0,Unclassified,0,Fatal,None,08-08-2021,Thursday,1,Give way or uncontrolled,T or staggered junction,22.73751115,Darkness - lights lit,337900,951280,75.85706296,,1,1,0,0,Wet or damp,Single carriageway,None,30,20:53:00,Rural,Fine no high winds,Yes,26 - 35,16,Small town,NA,1998,None,Lamp post,Other/Not known (2005-10),Mid Junction - on roundabout or on main road,VAUXHALL,CALIBRA 16V,Petrol,Male,None,No tow/articulation,Offside and rebounded,0,Going ahead left-hand bend,1,Car,No,Offside,2020
200504BC05005,B,5267,NA,0,Fatal,None,25-10-2020,Thursday,1,Data missing or out of range,Not at junction or within 20 metres,28.42215752,Daylight,334280,439840,77.06392334,E01025598,1,3,0,0,Wet or damp,Single carriageway,None,30,08:00:00,Urban,Fine no high winds,No,26 - 35,16,Urban area,4,997,None,None,Commuting to/from work,Not at or within 20 metres of junction,KAWASAKI,,Petrol,Male,Skidded and overturned,No tow/articulation,Did not leave carriageway,0,Overtaking moving vehicle - offside,1,Motorcycle over 500cc,No,Back,2019
200663BC20306,A,475,Unclassified,0,Fatal,None,17-07-2019,Wednesday,1,Give way or uncontrolled,Private drive or entrance,28.59330834,Daylight,232900,241390,77.19727636,W01000531,1,2,0,0,Dry,Single carriageway,None,30,16:54:00,Rural,Fine no high winds,No,26 - 35,16,Rural,NA,6700,None,None,Journey as part of work,Cleared junction or waiting/parked at junction exit,VOLVO,,Heavy oil,Male,None,No tow/articulation,Did not leave carriageway,0,Going ahead right-hand bend,2,Goods 7.5 tonnes mgw and over,No,Front,2021
200520J069602,Unclassified,0,Unclassified,0,Fatal,None,01-05-2020,Thursday,1,Give way or uncontrolled,T or staggered junction,18.63820903,Daylight,388770,286860,73.88354928,E01009916,1,3,0,0,Dry,Single carriageway,None,30,18:00:00,Urban,Fine no high winds,No,26 - 35,16,Data missing or out of range,NA,600,None,None,Other/Not known (2005-10),Approaching junction or waiting/parked at junction approach,HONDA,,Petrol,Male,Skidded,No tow/articulation,Did not leave carriageway,0,Going ahead other,2,Motorcycle over 500cc,No,Front,2021
201006K035947,A,6,B,5238,Fatal,None,03-05-2021,Saturday,1,Auto traffic signal,Crossroads,19.05437366,Daylight,362390,410470,72.89427491,E01004783,5,2,0,5,Dry,Single carriageway,None,30,14:20:00,Rural,Fine no high winds,No,26 - 35,16,Urban area,1,1389,None,None,Other/Not known (2005-10),Mid Junction - on roundabout or on main road,VAUXHALL,,Petrol,Male,None,No tow/articulation,Did not leave carriageway,0,Turning right,1,Car,No,Offside,2021
201006K035947,A,6,B,5238,Fatal,None,11-09-2010,Saturday,1,Auto traffic signal,Crossroads,53.589447,Daylight,362390,410470,-2.569663,E01004783,5,2,0,5,Dry,Single carriageway,None,30,14:20:00,Rural,Fine no high winds,No,26 - 35,16,Urban area,1,1389,None,None,Other/Not known (2005-10),Mid Junction - on roundabout or on main road,VAUXHALL,,Petrol,Male,None,No tow/articulation,Did not leave carriageway,0,Turning right,1,Car,No,Offside,2010
200604DF06119,A,6,NA,0,Fatal,None,03-01-2020,Wednesday,1,Data missing or out of range,Not at junction or within 20 metres,26.47305526,Daylight,352300,435360,74.64507627,E01025277,1,2,0,0,Dry,Single carriageway,None,40,17:15:00,Rural,Fine no high winds,No,21 - 25,16,Rural,6,NA,None,None,Journey as part of work,Not at or within 20 metres of junction,JOHN DEERE,,Heavy oil,Male,None,Single trailer,Did not leave carriageway,0,Going ahead other,2,Agricultural vehicle,No,Front,2020
200745SP12401,A,30,Unclassified,0,Fatal,None,03-12-2020,Monday,1,Give way or uncontrolled,T or staggered junction,22.97504359,Darkness - lights lit,505280,172300,72.52763543,E01030734,1,1,0,0,Dry,Dual carriageway,None,40,19:56:00,Rural,Fine no high winds,No,26 - 35,16,Urban area,6,1002,None,Road sign or traffic signal,Other/Not known (2005-10),Approaching junction or waiting/parked at junction approach,YAMAHA,,Petrol,Male,None,No tow/articulation,Offside,0,Going ahead other,1,Motorcycle over 500cc,No,Front,2019
200704CA07091,B,5252,B,5252,Fatal,None,25-05-2020,Friday,1,Give way or uncontrolled,Other junction,28.65214646,Daylight,357670,419180,77.06747566,E01024920,1,1,0,0,Dry,Single carriageway,None,40,17:55:00,Rural,Fine no high winds,No,26 - 35,16,Urban area,3,399,None,Lamp post,Other/Not known (2005-10),Cleared junction or waiting/parked at junction exit,HONDA,,Petrol,Male,Skidded,No tow/articulation,Nearside,0,Going ahead right-hand bend,1,Motorcycle over 125cc and up to 500cc,No,Front,2021
200997KA70108,A,726,NA,0,Fatal,None,08-01-2020,Saturday,1,Data missing or out of range,Not at junction or within 20 metres,28.65637864,Daylight,250390,661800,77.28802317,,3,2,0,0,Wet or damp,Dual carriageway,None,50,18:20:00,Rural,Fine no high winds,Yes,21 - 25,16,Urban area,NA,1998,Bollard or refuge,Other permanent object,Other/Not known (2005-10),Not at or within 20 metres of junction,TOYOTA,MR2 GT,Petrol,Male,Skidded,No tow/articulation,Offside - crossed central reservation,0,Going ahead right-hand bend,1,Car,No,Front,2020
200701JI67797,A,406,Unclassified,0,Fatal,None,03-01-2019,Sunday,1,Give way or uncontrolled,Slip road,28.69694585,Daylight,541980,187960,77.19636052,E01003693,3,1,0,0,Dry,Dual carriageway,None,50,00:30:00,Urban,Fine no high winds,No,26 - 35,16,Data missing or out of range,NA,2494,None,Central crash barrier,Other/Not known (2005-10),Mid Junction - on roundabout or on main road,BMW,325 I SE AUTO,Petrol,Male,Overturned,No tow/articulation,Offside on to centrl res + rebounded,0,Going ahead other,1,Car,No,Nearside,2020
200630C000349,A,60,B,6042,Fatal,None,11-09-2020,Wednesday,1,Give way or uncontrolled,T or staggered junction,14.75357395,Daylight,454610,375090,78.5219351,E01019496,1,2,0,0,Dry,Single carriageway,None,60,15:50:00,Rural,Fine no high winds,No,16 - 20,16,Urban area,5,399,None,None,Commuting to/from work,Mid Junction - on roundabout or on main road,HONDA,,Petrol,Male,Skidded and overturned,No tow/articulation,Did not leave carriageway,0,Going ahead other,1,Motorcycle over 125cc and up to 500cc,No,Front,2019
200950AH2E017,A,394,NA,0,Fatal,None,30-03-2019,Sunday,1,Not at junction or within 20 metres,Not at junction or within 20 metres,8.888731474,Darkness - no lighting,169540,30700,76.66660444,E01018922,6,3,0,0,Dry,Single carriageway,None,60,22:52:00,Rural,Fine no high winds,No,21 - 25,16,Urban area,7,2792,None,None,Other/Not known (2005-10),Not at or within 20 metres of junction,VOLKSWAGEN,GOLF VR6,Petrol,Male,None,No tow/articulation,Did not leave carriageway,0,Going ahead other,1,Car,No,Front,2020
2008170L32458,A,1085,NA,0,Fatal,None,28-11-2020,Wednesday,1,Data missing or out of range,Not at junction or within 20 metres,14.76648669,Daylight,458590,524380,78.62480201,E01012107,2,1,0,0,Wet or damp,Dual carriageway,None,60,10:16:00,Rural,Fine no high winds,No,21 - 25,16,Urban area,1,592,None,None,Other/Not known (2005-10),Not at or within 20 metres of junction,KAWASAKI,,Petrol,Male,None,No tow/articulation,Nearside,0,Going ahead other,1,Motorcycle over 500cc,No,Front,2019
200822FA88586,Unclassified,0,NA,0,Fatal,None,23-10-2019,Saturday,1,Data missing or out of range,Not at junction or within 20 metres,22.7113341,Daylight,348260,309830,75.85615203,E01028936,2,2,0,0,Dry,Single carriageway,None,60,13:20:00,Rural,Fine no high winds,No,21 - 25,16,Small town,8,NA,None,None,Journey as part of work,Not at or within 20 metres of junction,DENNIS,,Heavy oil,Male,None,No tow/articulation,Did not leave carriageway,0,Going ahead right-hand bend,2,Bus or coach (17 or more pass seats),No,Front,2020
200563AC47105,B,4300,Unclassified,0,Fatal,None,25-10-2021,Saturday,1,Give way or uncontrolled,T or staggered junction,18.50974866,Daylight,260560,220790,73.89882408,W01000676,4,2,0,0,Dry,Single carriageway,None,60,17:30:00,Rural,Fine no high winds,No,21 - 25,16,Rural,NA,1002,None,None,Other/Not known (2005-10),Approaching junction or waiting/parked at junction approach,YAMAHA,,Petrol,Male,None,No tow/articulation,Did not leave carriageway,0,Going ahead other,2,Motorcycle over 500cc,No,Front,2021
2009400B00974,A,603,NA,0,Fatal,None,19-09-2021,Sunday,1,Data missing or out of range,Not at junction or within 20 metres,8.88552043,Daylight,509320,249020,76.6844407,E01017486,6,2,0,0,Wet or damp,Single carriageway,None,60,10:30:00,Rural,Fine no high winds,No,21 - 25,16,Small town,5,1171,None,Tree,Other/Not known (2005-10),Not at or within 20 metres of junction,RENAULT,CLIO OASIS,Petrol,Female,None,No tow/articulation,Offside,0,Going ahead other,1,Car,No,Front,2020
200854DC02408,A,4289,Unclassified,0,Fatal,None,10-01-2020,Thursday,1,Give way or uncontrolled,T or staggered junction,28.50150242,Darkness - lights lit,415460,183760,77.06998208,E01015532,2,2,0,4,Dry,Single carriageway,None,30,19:54:00,Urban,Fine no high winds,No,16 - 20,15,Urban area,8,125,None,Lamp post,Other/Not known (2005-10),Approaching junction or waiting/parked at junction approach,APRILIA,,Petrol,Male,Skidded,No tow/articulation,Offside and rebounded,0,Going ahead other,1,Motorcycle over 125cc and up to 500cc,No,Front,2019
200901TD00243,Unclassified,0,Unclassified,0,Fatal,None,13-09-2021,Friday,1,Give way or uncontrolled,T or staggered junction,22.07202559,Daylight,553730,177910,82.15944958,E01000430,1,2,0,0,Wet or damp,Single carriageway,None,30,19:01:00,Rural,Fine no high winds,No,16 - 20,15,Urban area,2,1998,None,None,Other/Not known (2005-10),Mid Junction - on roundabout or on main road,TOYOTA,MR2 GT,Petrol,Male,None,No tow/articulation,Did not leave carriageway,0,Turning right,1,Car,No,Back,2019
200505ET01451,A,5036,NA,0,Fatal,None,07-06-2021,Sunday,1,Data missing or out of range,Not at junction or within 20 metres,28.72148531,Daylight,334300,389940,77.21654882,E01006511,1,1,0,0,Dry,Dual carriageway,Roadworks,30,17:05:00,Urban,Fine no high winds,No,16 - 20,15,Data missing or out of range,NA,399,Kerb,None,Other/Not known (2005-10),Not at or within 20 metres of junction,YAMAHA,,Petrol,Male,None,No tow/articulation,Did not leave carriageway,0,Going ahead other,1,Motorcycle over 125cc and up to 500cc,No,Front,2020
200601TC00155,A,13,A,13,Fatal,None,15-05-2020,Sunday,1,Give way or uncontrolled,Slip road,28.60364643,Daylight,548390,183530,77.3222836,E01000095,2,2,0,0,Dry,Slip road,None,30,20:50:00,Urban,Fine no high winds,No,16 - 20,15,Urban area,2,1596,None,None,Other/Not known (2005-10),Mid Junction - on roundabout or on main road,FORD,FIESTA XR2I,Petrol,Male,None,No tow/articulation,Nearside,0,Going ahead other,1,Car,No,Front,2020
20083104D2556,C,224,Unclassified,0,Fatal,None,20-07-2021,Monday,1,Give way or uncontrolled,T or staggered junction,19.09239395,Daylight,448240,344270,72.92564256,E01028072,1,2,0,0,Dry,Single carriageway,None,30,08:45:00,Rural,Fine no high winds,No,16 - 20,15,Urban area,5,748,None,Other permanent object,Commuting to/from work,Mid Junction - on roundabout or on main road,HONDA,,Petrol,Male,None,No tow/articulation,Offside and rebounded,0,Going ahead other,2,Motorcycle over 500cc,No,Nearside,2021
200937B042470,Unclassified,9999,NA,0,Fatal,None,07-05-2019,Friday,1,Data missing or out of range,Not at junction or within 20 metres,18.64574018,Darkness - lights lit,605840,258920,73.87526999,E01030074,1,3,0,0,Dry,Single carriageway,None,30,22:58:00,Rural,Fine no high winds,No,21 - 25,15,Urban area,9,1396,Kerb,Other permanent object,Other/Not known (2005-10),Not at or within 20 metres of junction,ROVER,414 SI,Petrol,Male,None,No tow/articulation,Nearside,0,Parked,2,Car,No,Back,2021
2009160C05630,B,1238,Unclassified,0,Fatal,None,21-12-2020,Tuesday,1,Give way or uncontrolled,T or staggered junction,18.60522155,Darkness - lights lit,516510,432960,73.80707999,E01013031,1,2,0,0,Dry,Single carriageway,None,30,20:00:00,Urban,Fine no high winds,No,21 - 25,15,Rural,3,487,None,None,Other/Not known (2005-10),Approaching junction or waiting/parked at junction approach,SUZUKI,,Petrol,Male,None,No tow/articulation,Did not leave carriageway,0,Going ahead other,2,Motorcycle over 125cc and up to 500cc,No,Nearside,2021
2005445SY0054,Unclassified,0,Unclassified,0,Fatal,None,06-10-2019,Saturday,1,Give way or uncontrolled,Crossroads,18.570841,Daylight,439470,113300,73.94470125,E01017215,2,3,0,0,Dry,Single carriageway,None,30,12:17:00,Urban,Fine no high winds,No,21 - 25,15,Urban area,5,398,None,None,Other/Not known (2005-10),Approaching junction or waiting/parked at junction approach,HONDA,,Petrol,Male,None,No tow/articulation,Did not leave carriageway,0,Going ahead other,3,Motorcycle over 125cc and up to 500cc,No,Front,2021
200520G017202,Unclassified,0,NA,0,Fatal,None,13-03-2021,Sunday,1,Data missing or out of range,Not at junction or within 20 metres,14.78240267,Darkness - lights lit,395880,296600,78.50909015,E01010414,4,1,0,0,Wet or damp,Single carriageway,None,30,02:45:00,Urban,Fine no high winds,No,26 - 35,15,Urban area,1,1990,Kerb,Other permanent object,Other/Not known (2005-10),Not at or within 20 metres of junction,BMW,520 I AUTO,Petrol,Male,None,No tow/articulation,Nearside,0,Going ahead other,1,Car,No,Front,2019
200920F001102,A,4040,B,4125,Fatal,None,15-04-2020,Sunday,1,Auto traffic signal,Crossroads,28.68365378,Darkness - lights lit,403190,286740,77.28802978,E01009147,4,2,0,0,Dry,Single carriageway,None,30,05:25:00,Urban,Fine no high winds,No,26 - 35,15,Urban area,4,3969,None,Other permanent object,Other/Not known (2005-10),Mid Junction - on roundabout or on main road,LEXUS,LS400,Petrol,Male,Skidded,No tow/articulation,Nearside and rebounded,0,Going ahead other,1,Car,No,Front,2021