Accident_Index,1st_Road_Class,1st_Road_Number,2nd_Road_Class,2nd_Road_Number,Accident_Severity,Carriageway_Hazards,Date,Day_of_Week,Did_Police_Officer_Attend_Scene_of_Accident,Junction_Control,Junction_Detail,Latitude,Light_Conditions,Location_Easting_OSGR,Location_Northing_OSGR,Longitude,LSOA_of_Accident_Location,Number_of_Casualties,Number_of_Vehicles,Pedestrian_Crossing-Human_Control,Pedestrian_Crossing-Physical_Facilities,Road_Surface_Conditions,Road_Type,Special_Conditions_at_Site,Speed_limit,Time,Urban_or_Rural_Area,Weather_Conditions,InScotland,Age_Band_of_Driver,Age_of_Vehicle,Driver_Home_Area_Type,Driver_IMD_Decile,Engine_Capacity_.CC.,Hit_Object_in_Carriageway,Hit_Object_off_Carriageway,Journey_Purpose_of_Driver,Junction_Location,make,model,Propulsion_Code,Sex_of_Driver,Skidding_and_Overturning,Towing_and_Articulation,Vehicle_Leaving_Carriageway,Vehicle_Location.Restricted_Lane,Vehicle_Manoeuvre,Vehicle_Reference,Vehicle_Type,Was_Vehicle_Left_Hand_Drive,X1st_Point_of_Impact,Year
200642I424610,A,104,A,1069,Fatal,None,30-07-2021,Saturday,1,Give way or uncontrolled,T or staggered junction,8.867689258,Darkness - lights lit,540820,195320,76.69668102,E01021780,3,3,0,0,Wet or damp,Single carriageway,None,40,02:38:00,Rural,Fine no high winds,No,21 - 25,14,Urban area,8,2494,Bollard or refuge,None,Other/Not known (2005-10),Approaching junction or waiting/parked at junction approach,BMW,325 I SE AUTO,Petrol,Male,None,No tow/articulation,Did not leave carriageway,0,Going ahead other,2,Car,No,Front,2020
200704EN07052,A,59,Unclassified,0,Fatal,None,18-06-2019,Thursday,1,Stop sign,Crossroads,18.6433046,Daylight,364730,431710,73.83155727,E01025323,3,3,0,0,Dry,Single carriageway,None,40,12:18:00,Rural,Fine no high winds,No,21 - 25,14,Data missing or out of range,NA,954,Kerb,Telegraph or electricity pole,Other/Not known (2005-10),Entering main road,PEUGEOT,106 XN PLUS,Petrol,Male,None,No tow/articulation,Offside,0,Going ahead other,1,Car,No,Offside,2021
200663AC31506,Unclassified,0,NA,0,Fatal,None,06-04-2019,Thursday,1,Data missing or out of range,Not at junction or within 20 metres,27.10147399,Daylight,233990,240130,93.6090131,W01000689,1,2,0,0,Dry,Single carriageway,None,40,19:08:00,Rural,Fine no high winds,No,21 - 25,14,Small town,NA,399,None,None,Other/Not known (2005-10),Not at or within 20 metres of junction,SUZUKI,,Petrol,Male,Skidded,No tow/articulation,Did not leave carriageway,0,Going ahead left-hand bend,1,Motorcycle over 125cc and up to 500cc,No,Front,2019
200754DN53107,B,4534,NA,0,Fatal,None,20-04-2020,Wednesday,1,Not at junction or within 20 metres,Not at junction or within 20 metres,18.52435021,Darkness - lights lit,411000,183670,73.7688521,E01015500,2,2,0,0,Wet or damp,Single carriageway,None,40,19:41:00,Urban,Raining + high winds,No,26 - 35,14,Urban area,3,2440,None,None,Other/Not known (2005-10),Not at or within 20 metres of junction,TOYOTA,,Heavy oil,Male,None,No tow/articulation,Did not leave carriageway,0,Going ahead other,2,Car,No,Front,2021
201006Q039027,A,6104,Unclassified,0,Fatal,None,29-08-2020,Saturday,1,Give way or uncontrolled,T or staggered junction,19.19804772,Daylight,388910,402980,72.86366437,E01005345,1,2,0,4,Wet or damp,Single carriageway,None,40,10:16:00,Urban,Fine no high winds,No,36 - 45,14,Data missing or out of range,NA,1783,None,None,Other/Not known (2005-10),Cleared junction or waiting/parked at junction exit,VOLVO,440 GS AUTO,Petrol,Male,None,No tow/articulation,Did not leave carriageway,0,Slowing or stopping,2,Car,No,Did not impact,2021
201006Q039027,A,6104,Unclassified,0,Fatal,None,20-11-2010,Saturday,1,Give way or uncontrolled,T or staggered junction,53.52336,Daylight,388910,402980,-2.168753,E01005345,1,2,0,4,Wet or damp,Single carriageway,None,40,10:16:00,Urban,Fine no high winds,No,36 - 45,14,Data missing or out of range,NA,1783,None,None,Other/Not known (2005-10),Cleared junction or waiting/parked at junction exit,VOLVO,440 GS AUTO,Petrol,Male,None,No tow/articulation,Did not leave carriageway,0,Slowing or stopping,2,Car,No,Did not impact,2010
2008400D01409,B,655,NA,0,Fatal,None,15-09-2020,Thursday,1,Data missing or out of range,Not at junction or within 20 metres,14.70099841,Darkness - no lighting,511760,230100,78.61209521,E01017444,1,2,0,0,Dry,Single carriageway,None,40,22:00:00,Rural,Fine no high winds,No,46 - 55,14,Rural,8,748,None,None,Other/Not known (2005-10),Not at or within 20 metres of junction,HONDA,,Petrol,Male,Skidded,No tow/articulation,Did not leave carriageway,0,Going ahead left-hand bend,1,Motorcycle over 500cc,No,Offside,2019
200705BB17907,Unclassified,0,NA,0,Fatal,None,05-11-2020,Monday,1,Data missing or out of range,Not at junction or within 20 metres,15.20703214,Daylight,338560,399110,74.01435788,E01007040,1,2,0,0,Dry,Single carriageway,None,40,17:55:00,Rural,Fine no high winds,No,46 - 55,14,Urban area,5,1052,None,None,Other/Not known (2005-10),Not at or within 20 metres of junction,KAWASAKI,,Petrol,Male,None,No tow/articulation,Did not leave carriageway,0,Going ahead left-hand bend,1,Motorcycle over 500cc,No,Front,2019
201032B056610,C,707,NA,0,Fatal,None,06-11-2021,Wednesday,1,Data missing or out of range,Not at junction or within 20 metres,22.73381436,Darkness - lights lit,546400,321860,75.83402797,E01026279,1,1,0,8,Wet or damp,Single carriageway,None,40,23:43:00,Rural,Fine no high winds,No,66 - 75,14,Small town,3,1984,Bollard or refuge,Other permanent object,Other/Not known (2005-10),Not at or within 20 metres of junction,VOLKSWAGEN,SHARAN CL,Petrol,Male,None,No tow/articulation,Nearside and rebounded,0,Going ahead other,1,Car,No,Front,2020
2005600FL8057,A,5119,Unclassified,0,Fatal,None,09-01-2021,Saturday,1,Give way or uncontrolled,Private drive or entrance,28.70649794,Darkness - lights lit,323850,370710,77.25426586,W01000294,5,1,0,0,Wet or damp,Single carriageway,None,50,00:29:00,Rural,Fine no high winds,No,16 - 20,14,Urban area,NA,1596,None,Other permanent object,Other/Not known (2005-10),Approaching junction or waiting/parked at junction approach,FORD,FIESTA XR2I,Petrol,Male,Skidded,No tow/articulation,Offside and rebounded,0,Going ahead right-hand bend,1,Car,No,Offside,2020
200943R213129,A,332,NA,0,Fatal,None,13-09-2019,Wednesday,1,Data missing or out of range,Not at junction or within 20 metres,18.56133165,Darkness - no lighting,495040,173080,73.84283888,E01016588,3,2,0,0,Wet or damp,Single carriageway,None,50,17:39:00,Rural,Raining no high winds,No,21 - 25,14,Urban area,10,1468,None,None,Other/Not known (2005-10),Not at or within 20 metres of junction,HYUNDAI,LANTRA LS,Petrol,Male,None,No tow/articulation,Did not leave carriageway,0,Going ahead other,1,Car,No,Front,2021
200543W267115,A,4,A,4,Fatal,None,04-10-2019,Sunday,1,Give way or uncontrolled,T or staggered junction,28.55636849,Daylight,501050,178130,77.21886533,E01016489,1,3,0,0,Wet or damp,Dual carriageway,None,50,15:20:00,Rural,Fine no high winds,No,36 - 45,14,Urban area,4,1781,None,None,Other/Not known (2005-10),Mid Junction - on roundabout or on main road,VOLKSWAGEN,GOLF GTI SPORTLINE,Petrol,Male,None,No tow/articulation,Did not leave carriageway,0,Going ahead other,3,Car,No,Front,2021
201043P050070,A,4260,Unclassified,0,Fatal,None,14-02-2019,Saturday,1,Give way or uncontrolled,T or staggered junction,28.64248385,Darkness - no lighting,447840,215630,77.20730811,E01028488,1,2,0,0,Dry,Single carriageway,None,50,00:33:00,Rural,Fine no high winds,No,46 - 55,14,Urban area,9,2497,None,None,Other/Not known (2005-10),Cleared junction or waiting/parked at junction exit,LAND ROVER,RANGEROVER 2.5 DSE AUTO,Heavy oil,Male,None,No tow/articulation,Did not leave carriageway,0,Going ahead other,1,Car,No,Front,2020
200504EB05034,A,675,NA,0,Fatal,None,15-06-2021,Saturday,1,Data missing or out of range,Not at junction or within 20 metres,27.08939372,Daylight,366750,418000,93.61428318,E01012628,7,2,0,0,Wet or damp,Single carriageway,None,50,15:36:00,Rural,Fine no high winds,No,46 - 55,14,Data missing or out of range,NA,1587,None,None,Other/Not known (2005-10),Not at or within 20 metres of junction,TOYOTA,CARINA XL,Petrol,Male,Skidded,No tow/articulation,Did not leave carriageway,0,Going ahead right-hand bend,1,Car,No,Front,2019
200945TA34913,C,88,NA,0,Fatal,None,18-11-2020,Tuesday,1,Data missing or out of range,Not at junction or within 20 metres,18.60124727,Darkness - no lighting,538730,142850,73.95159277,E01030822,2,3,0,0,Frost or ice,Single carriageway,None,50,21:44:00,Rural,Fine no high winds,No,56 - 65,14,Urban area,9,1598,None,None,Other/Not known (2005-10),Not at or within 20 metres of junction,VAUXHALL,CAVALIER LS,Petrol,Male,None,No tow/articulation,Did not leave carriageway,0,Going ahead other,3,Car,No,Did not impact,2021
20054100B0495,A,1000,NA,0,Fatal,None,15-09-2020,Wednesday,1,Not at junction or within 20 metres,Not at junction or within 20 metres,14.77176603,Daylight,525390,205330,78.63005659,E01023908,2,2,0,0,Dry,Single carriageway,None,50,18:38:00,Rural,Fine no high winds,No,56 - 65,14,Urban area,5,1998,None,None,Other/Not known (2005-10),Not at or within 20 metres of junction,NISSAN,PRIMERA GSI,Petrol,Male,Skidded,No tow/articulation,Did not leave carriageway,0,Going ahead right-hand bend,2,Car,No,Front,2019
200601TE00115,A,4,Unclassified,0,Fatal,None,21-09-2021,Tuesday,2,Give way or uncontrolled,T or staggered junction,26.47675503,Daylight,516760,177640,80.31042937,E01002679,1,1,0,0,Dry,Dual carriageway,None,50,12:45:00,Urban,Fine no high winds,No,56 - 65,14,Urban area,6,400,None,None,Other/Not known (2005-10),Cleared junction or waiting/parked at junction exit,HONDA,,Petrol,Male,None,No tow/articulation,Did not leave carriageway,0,Moving off,1,Motorcycle over 125cc and up to 500cc,No,Nearside,2020
200601TB00215,A,1,NA,0,Fatal,None,12-08-2021,Tuesday,1,Data missing or out of range,Not at junction or within 20 metres,27.09833164,Darkness - lights lit,520950,194030,93.62759442,E01000228,1,3,0,0,Dry,Dual carriageway,None,50,21:09:00,Rural,Fine no high winds,No,Data missing or out of range,14,Data missing or out of range,NA,1468,None,None,Other/Not known (2005-10),Not at or within 20 metres of junction,PROTON,GL,Petrol,Male,None,No tow/articulation,Did not leave carriageway,0,Going ahead other,3,Car,No,Front,2019
200950AH2E017,A,394,NA,0,Fatal,None,04-07-2020,Sunday,1,Not at junction or within 20 metres,Not at junction or within 20 metres,27.0903966,Darkness - no lighting,169540,30700,93.61277691,E01018922,6,3,0,0,Dry,Single carriageway,None,60,22:52:00,Rural,Fine no high winds,No,16 - 20,14,Urban area,2,1587,None,None,Other/Not known (2005-10),Not at or within 20 metres of junction,PEUGEOT,106 XSI,Petrol,Male,None,No tow/articulation,Did not leave carriageway,0,Going ahead other,2,Car,No,Front,2019
200932D059109,A,15,NA,0,Fatal,None,25-11-2019,Friday,1,Data missing or out of range,Not at junction or within 20 metres,26.75961591,Darkness - no lighting,505490,340870,94.21785816,E01026221,4,1,0,0,Wet or damp,Single carriageway,None,60,02:30:00,Rural,Fine no high winds,No,16 - 20,14,Rural,6,1389,None,Entered ditch,Other/Not known (2005-10),Not at or within 20 metres of junction,VAUXHALL,ASTRA LS (HI-TORQ),Petrol,Male,Skidded,No tow/articulation,Offside,0,Going ahead right-hand bend,1,Car,No,Front,2019
200834TK80168,Unclassified,2059,NA,0,Fatal,None,10-07-2021,Sunday,1,Data missing or out of range,Not at junction or within 20 metres,15.21552443,Darkness - no lighting,483400,278280,74.08563449,E01027118,2,1,0,0,Dry,Single carriageway,None,60,22:34:00,Rural,Fine no high winds,No,16 - 20,14,Rural,NA,1998,None,None,Other/Not known (2005-10),Not at or within 20 metres of junction,VAUXHALL,CALIBRA SE3,Petrol,Male,None,No tow/articulation,Offside,0,Going ahead left-hand bend,1,Car,No,Front,2019
200522GB40057,B,4394,NA,0,Fatal,Any animal in carriageway (except ridden horse),10-10-2019,Saturday,1,Data missing or out of range,Not at junction or within 20 metres,18.54483689,Darkness - no lighting,360610,312630,73.94574834,E01014204,5,1,0,0,Dry,Single carriageway,None,60,05:35:00,Rural,Fine no high winds,No,16 - 20,14,Data missing or out of range,NA,1998,Kerb,Tree,Other/Not known (2005-10),Not at or within 20 metres of junction,VAUXHALL,CALIBRA AUTO,Petrol,Male,None,No tow/articulation,Nearside,0,Going ahead other,1,Car,No,Front,2021
200950AH2E017,A,394,NA,0,Fatal,None,15-05-2020,Sunday,1,Not at junction or within 20 metres,Not at junction or within 20 metres,18.50437758,Darkness - no lighting,169540,30700,73.86967145,E01018922,6,3,0,0,Dry,Single carriageway,None,60,22:52:00,Rural,Fine no high winds,No,16 - 20,14,Small town,6,1590,None,None,Other/Not known (2005-10),Not at or within 20 metres of junction,HONDA,CIVIC ESI,Petrol,Male,None,No tow/articulation,Did not leave carriageway,0,Going ahead other,3,Car,No,Front,2021
201022F000517,A,53,NA,0,Fatal,None,16-05-2019,Monday,1,Data missing or out of range,Not at junction or within 20 metres,28.54746948,Darkness - no lighting,355360,320530,77.12360727,E01028883,2,4,0,0,Wet or damp,Single carriageway,None,60,17:00:00,Rural,Fine no high winds,No,16 - 20,14,Rural,7,1196,None,None,Commuting to/from work,Not at or within 20 metres of junction,VAUXHALL,CORSA LS,Petrol,Female,Skidded and overturned,No tow/articulation,Nearside,0,Going ahead other,3,Car,No,Nearside,2021
200904BB09131,A,6070,Unclassified,0,Fatal,None,22-06-2020,Sunday,1,Give way or uncontrolled,Other junction,26.73889861,Daylight,352050,473770,94.22024028,E01025130,1,2,0,0,Wet or damp,Single carriageway,None,60,15:15:00,Rural,Fine no high winds,No,16 - 20,14,Small town,8,599,None,None,Other/Not known (2005-10),Approaching junction or waiting/parked at junction approach,SUZUKI,,Petrol,Male,None,No tow/articulation,Did not leave carriageway,0,Going ahead other,2,Motorcycle over 500cc,No,Front,2019
200942I188406,A,131,NA,0,Fatal,None,17-07-2021,Monday,1,Not at junction or within 20 metres,Not at junction or within 20 metres,28.5374229,Daylight,577870,224110,77.26560714,E01021349,4,2,0,0,Dry,Single carriageway,None,60,21:18:00,Rural,Fine no high winds,No,16 - 20,14,Urban area,6,1120,None,None,Other/Not known (2005-10),Not at or within 20 metres of junction,ROVER,111 SI,Petrol,Female,None,No tow/articulation,Did not leave carriageway,0,Going ahead other,1,Car,No,Front,2020
200963BC12209,A,487,NA,0,Fatal,None,26-07-2019,Tuesday,1,Data missing or out of range,Not at junction or within 20 metres,26.43846077,Daylight,256180,273390,80.33228113,W01000534,2,3,0,0,Wet or damp,Single carriageway,None,60,17:59:00,Rural,Raining no high winds,No,16 - 20,14,Rural,NA,1171,None,None,Other/Not known (2005-10),Not at or within 20 metres of junction,RENAULT,CLIO OASIS,Petrol,Female,Skidded,No tow/articulation,Did not leave carriageway,0,Overtaking moving vehicle - offside,1,Car,No,Front,2020
200906L008774,A,580,A,572,Fatal,None,26-11-2020,Wednesday,1,Auto traffic signal,More than 4 arms (not roundabout),27.10096458,Darkness - lights lit,371450,400920,93.61617274,E01006251,1,1,0,0,Wet or damp,Dual carriageway,None,60,19:20:00,Urban,Raining no high winds,No,21 - 25,14,Urban area,9,2600,None,None,Other/Not known (2005-10),Cleared junction or waiting/parked at junction exit,NISSAN,,Petrol,Male,None,No tow/articulation,Did not leave carriageway,0,Going ahead other,1,Car,No,Front,2019
200763CP27907,B,4327,Unclassified,0,Fatal,None,12-10-2020,Monday,1,Give way or uncontrolled,Crossroads,26.45907686,Darkness - no lighting,189210,212600,74.61499659,,3,3,0,0,Dry,Single carriageway,None,60,21:20:00,Rural,Fine no high winds,No,21 - 25,14,Small town,NA,1796,None,None,Other/Not known (2005-10),Mid Junction - on roundabout or on main road,VAUXHALL,CAVALIER COLORADO,Petrol,Male,None,No tow/articulation,Did not leave carriageway,0,Going ahead other,2,Car,No,Did not impact,2020
200654CR35006,C,270,NA,0,Fatal,None,18-02-2019,Sunday,1,Not at junction or within 20 metres,Not at junction or within 20 metres,19.17659926,Darkness - no lighting,382690,142210,72.8868894,E01032081,4,1,0,0,Dry,Single carriageway,None,60,23:30:00,Rural,Fine no high winds,No,21 - 25,14,Urban area,2,1389,None,Tree,Other/Not known (2005-10),Not at or within 20 metres of junction,VAUXHALL,ASTRA LS I,Petrol,Male,None,No tow/articulation,Offside,0,Going ahead left-hand bend,1,Car,No,Front,2021
2005600GN8043,B,4354,NA,0,Fatal,Pedestrian in carriageway - not injured,06-12-2021,Monday,1,Data missing or out of range,Not at junction or within 20 metres,27.09794473,Darkness - no lighting,233400,339200,93.61325588,W01000070,2,2,0,0,Wet or damp,Single carriageway,None,60,17:15:00,Rural,Fine no high winds,No,21 - 25,14,Data missing or out of range,NA,NA,None,None,Journey as part of work,Not at or within 20 metres of junction,MASSEY FERGUSON,,Heavy oil,Male,None,No tow/articulation,Did not leave carriageway,0,Parked,1,Agricultural vehicle,No,Back,2019
200550A61H626,A,392,NA,0,Fatal,None,19-01-2021,Friday,1,Not at junction or within 20 metres,Not at junction or within 20 metres,22.08594453,Darkness - no lighting,187530,60130,82.14428322,E01019050,2,2,0,0,Wet or damp,Single carriageway,None,60,03:11:00,Rural,Raining no high winds,No,21 - 25,14,Rural,5,1595,None,None,Data missing or out of range,Not at or within 20 metres of junction,HONDA,CIVIC CRX VTEC,Petrol,Male,Skidded,No tow/articulation,Did not leave carriageway,0,Going ahead left-hand bend,1,Car,No,Nearside,2019
201050GT3W010,A,39,NA,0,Fatal,None,01-07-2021,Tuesday,1,Not at junction or within 20 metres,Not at junction or within 20 metres,28.70244886,Darkness - no lighting,181870,43420,77.20335181,E01018807,1,1,0,0,Wet or damp,Single carriageway,None,60,04:00:00,Rural,Raining no high winds,No,21 - 25,14,Data missing or out of range,NA,1493,None,None,Other/Not known (2005-10),Not at or within 20 metres of junction,HONDA,CIVIC 1.5I LS,Petrol,Male,None,No tow/articulation,Did not leave carriageway,0,Going ahead right-hand bend,1,Car,No,Front,2020
200832C233008,A,158,NA,0,Fatal,None,15-12-2020,Friday,1,Data missing or out of range,Not at junction or within 20 metres,25.78119725,Daylight,523140,372840,87.49462301,E01026082,5,3,0,0,Dry,Single carriageway,None,60,09:06:00,Rural,Fine no high winds,No,21 - 25,14,Urban area,2,1299,None,None,Other/Not known (2005-10),Not at or within 20 metres of junction,FORD,FIESTA LX MISTRAL,Petrol,Male,None,No tow/articulation,Did not leave carriageway,0,Going ahead other,3,Car,No,Front,2019
200843W027068,Unclassified,7508,NA,,Fatal,None,14-03-2020,Tuesday,1,Give way or uncontrolled,Private drive or entrance,23.08399045,Daylight,470830,167670,72.53214526,E01016682,2,2,0,0,Dry,Single carriageway,None,60,18:20:00,Rural,Fine no high winds,No,21 - 25,14,Data missing or out of range,NA,893,None,None,Other/Not known (2005-10),Mid Junction - on roundabout or on main road,HONDA,,Petrol,Male,Skidded,No tow/articulation,Did not leave carriageway,0,Going ahead left-hand bend,2,Motorcycle over 500cc,No,Front,2019
200754EV14307,B,3092,NA,0,Fatal,None,08-07-2020,Wednesday,1,Not at junction or within 20 metres,Not at junction or within 20 metres,28.4302703,Daylight,380070,139140,77.03862977,E01032036,2,4,0,0,Dry,Single carriageway,None,60,10:38:00,Rural,Fine no high winds,No,21 - 25,14,Small town,6,1905,None,None,Journey as part of work,Not at or within 20 metres of junction,PEUGEOT,405 HUNTER,Heavy oil,Male,Skidded,No tow/articulation,Did not leave carriageway,0,Going ahead other,3,Car,No,Did not impact,2019
20083104D3330,A,46,NA,0,Fatal,None,02-11-2019,Thursday,1,Data missing or out of range,Not at junction or within 20 metres,18.580558,Daylight,465640,332340,73.8010392,E01028367,4,2,0,0,Wet or damp,Single carriageway,None,60,14:45:00,Rural,Fine no high winds,No,21 - 25,14,Urban area,10,1196,None,Tree,Other/Not known (2005-10),Not at or within 20 metres of junction,VAUXHALL,CORSA SWING,Petrol,Female,None,No tow/articulation,Nearside,0,Going ahead other,2,Car,No,Front,2021
200950JA2C008,A,38,Unclassified,0,Fatal,None,28-01-2020,Monday,1,Give way or uncontrolled,Slip road,28.71808576,Daylight,276600,70500,77.33385989,E01020195,5,2,0,0,Dry,Dual carriageway,None,70,08:46:00,Rural,Fine no high winds,No,16 - 20,14,Rural,6,NA,None,None,Journey as part of work,Cleared junction or waiting/parked at junction exit,MASSEY FERGUSON,,Heavy oil,Male,None,No tow/articulation,Did not leave carriageway,0,Going ahead other,2,Agricultural vehicle,No,Back,2020
200911NE16289,A,19,NA,0,Fatal,None,19-08-2020,Friday,1,Data missing or out of range,Not at junction or within 20 metres,18.61042678,Darkness - lights lit,441440,540790,73.85224342,E01020761,6,16,0,0,Wet or damp,Dual carriageway,None,70,22:10:00,Urban,Fog or mist,No,21 - 25,14,Urban area,3,1794,None,None,Other/Not known (2005-10),Not at or within 20 metres of junction,RENAULT,CLIO RSI,Petrol,Male,None,No tow/articulation,Did not leave carriageway,0,Going ahead other,7,Car,No,Back,2021
200743N100077,A,413,NA,0,Fatal,None,21-01-2019,Wednesday,1,Data missing or out of range,Not at junction or within 20 metres,26.43933821,Darkness - no lighting,501380,187900,80.28447478,E01017819,9,3,0,0,Dry,Dual carriageway,None,70,23:41:00,Urban,Fine no high winds,No,21 - 25,14,Urban area,7,1990,None,None,Other/Not known (2005-10),Not at or within 20 metres of junction,BMW,520 I AUTO,Petrol,Female,None,No tow/articulation,Did not leave carriageway,0,Going ahead other,3,Car,No,Front,2020
201050KU2P004,Motorway,5,NA,0,Fatal,Previous accident,09-01-2021,Thursday,2,Data missing or out of range,Not at junction or within 20 metres,28.41062765,Darkness - no lighting,301110,103570,77.01908025,E01020056,6,8,0,0,Wet or damp,Dual carriageway,None,70,20:59:00,Rural,Raining no high winds,No,21 - 25,14,Urban area,4,1994,None,None,Other/Not known (2005-10),Not at or within 20 metres of junction,ROVER,220 SD,Heavy oil,Male,Skidded,No tow/articulation,Did not leave carriageway,0,Going ahead other,1,Car,No,Did not impact,2019
200642G037206,A,127,NA,0,Fatal,None,07-10-2020,Sunday,1,Not at junction or within 20 metres,Not at junction or within 20 metres,19.12685009,Daylight,562020,189080,72.89692997,E01021446,2,2,0,0,Dry,Dual carriageway,None,70,06:37:00,Rural,Fine no high winds,No,21 - 25,14,Urban area,3,399,None,None,Other/Not known (2005-10),Not at or within 20 metres of junction,SUZUKI,,Petrol,Male,None,No tow/articulation,Did not leave carriageway,0,Overtaking - nearside,1,Motorcycle over 125cc and up to 500cc,No,Front,2021
20064100T3003,Motorway,25,NA,0,Fatal,None,16-02-2020,Monday,1,Not at junction or within 20 metres,Not at junction or within 20 metres,26.47124023,Darkness - no lighting,517680,202600,74.65364955,E01023708,2,5,0,0,Dry,Dual carriageway,None,70,23:35:00,Rural,Fine no high winds,No,26 - 35,14,Urban area,8,1500,Parked vehicle,None,Other/Not known (2005-10),Not at or within 20 metres of junction,HONDA,CIVIC 150,Petrol,Male,None,No tow/articulation,Did not leave carriageway,0,Going ahead other,4,Car,No,Offside,2020
200832D264308,A,631,B,1433,Fatal,None,31-07-2020,Sunday,1,Give way or uncontrolled,T or staggered junction,22.96626575,Daylight,483760,390430,72.53079037,E01026385,2,2,0,0,Dry,Dual carriageway,None,70,13:12:00,Rural,Fine no high winds,No,26 - 35,14,Urban area,1,1796,None,None,Other/Not known (2005-10),Entering main road,VAUXHALL,CAVALIER CLUB,Petrol,Male,None,No tow/articulation,Did not leave carriageway,0,Turning right,1,Car,No,Offside,2019
200904DA09094,Unclassified,0,NA,0,Fatal,None,22-11-2021,Thursday,1,Data missing or out of range,Not at junction or within 20 metres,28.53913589,Daylight,354240,429160,77.31471413,E01025307,5,3,0,4,Dry,Single carriageway,None,20,18:50:00,Urban,Fine no high winds,No,36 - 45,13,Urban area,7,1796,None,None,Other/Not known (2005-10),Not at or within 20 metres of junction,MG,MGF 1.8I VVC,Petrol,Female,None,No tow/articulation,Did not leave carriageway,0,Going ahead other,2,Car,No,Front,2021
200720K070101,Unclassified,0,Unclassified,0,Fatal,None,31-12-2020,Friday,1,Give way or uncontrolled,T or staggered junction,26.73568899,Darkness - lights lit,399800,291350,80.66415167,E01009987,2,2,0,0,Dry,Single carriageway,None,30,22:00:00,Urban,Fine no high winds,No,16 - 20,13,Urban area,2,400,None,None,Other/Not known (2005-10),Mid Junction - on roundabout or on main road,KAWASAKI,,Petrol,Male,Skidded,No tow/articulation,Did not leave carriageway,0,Overtaking moving vehicle - offside,1,Motorcycle over 125cc and up to 500cc,No,Front,2021
200901TB00138,Unclassified,0,Unclassified,0,Fatal,None,07-06-2020,Monday,1,Give way or uncontrolled,Crossroads,14.73851985,Darkness - lights lit,523330,184260,78.60886599,E01000489,1,1,0,0,Dry,Single carriageway,None,30,01:35:00,Urban,Fine no high winds,No,16 - 20,13,Urban area,1,124,None,None,Other/Not known (2005-10),Mid Junction - on roundabout or on main road,PIAGGIO,TYPHOON 125,Petrol,Male,None,No tow/articulation,Did not leave carriageway,0,Going ahead other,1,Motorcycle 125cc and under,No,Did not impact,2019
2010400B00042,Unclassified,0,NA,0,Fatal,None,13-12-2019,Sunday,1,Data missing or out of range,Not at junction or within 20 metres,26.7617403,Darkness - lights lit,504990,251740,94.19970296,E01017457,1,1,0,0,Wet or damp,Single carriageway,None,30,00:45:00,Urban,Fine no high winds,No,16 - 20,13,Urban area,6,1149,None,Tree,Other/Not known (2005-10),Not at or within 20 metres of junction,RENAULT,CLIO RL 1.2 VERSAILLES,Petrol,Male,None,No tow/articulation,Nearside,0,Going ahead other,1,Car,No,Front,2019
201020M007770,Unclassified,0,Unclassified,0,Fatal,None,22-04-2019,Sunday,1,Give way or uncontrolled,T or staggered junction,18.49321613,Darkness - lights lit,430470,279380,73.79047633,E01009684,1,1,0,0,Dry,Single carriageway,None,30,01:15:00,Urban,Fine no high winds,No,16 - 20,13,Urban area,7,999,None,None,Other/Not known (2005-10),Approaching junction or waiting/parked at junction approach,VOLKSWAGEN,POLO 1.0 L,Petrol,Female,None,No tow/articulation,Did not leave carriageway,0,Going ahead other,1,Car,No,Front,2021
200843R139078,Unclassified,7301,Unclassified,7301,Fatal,None,25-09-2019,Friday,1,Give way or uncontrolled,T or staggered junction,27.09914946,Darkness - lights lit,494080,182320,93.61481518,E01016453,2,1,0,0,Wet or damp,Single carriageway,None,30,23:19:00,Rural,Raining no high winds,No,16 - 20,13,Urban area,3,1994,None,None,Other/Not known (2005-10),Approaching junction or waiting/parked at junction approach,SUBARU,LEGACY DL 4WD,Petrol,Male,Skidded,No tow/articulation,Nearside,0,Going ahead other,1,Car,No,Offside,2019
200922G905148,Unclassified,0,NA,0,Fatal,None,06-05-2021,Monday,1,Data missing or out of range,Not at junction or within 20 metres,14.68728438,Daylight,369680,315030,78.63898644,E01014128,4,2,0,0,Dry,Single carriageway,None,30,06:55:00,Urban,Fine no high winds,No,16 - 20,13,Urban area,3,1597,None,None,Other/Not known (2005-10),Not at or within 20 metres of junction,NISSAN,ALMERA 1.6 GX,Petrol,Male,Skidded,No tow/articulation,Did not leave carriageway,0,Going ahead other,1,Car,No,Offside,2019
200834TK80268,A,4300,Unclassified,0,Fatal,None,01-05-2021,Friday,1,Give way or uncontrolled,T or staggered junction,27.10110312,Daylight,485930,279030,93.63365954,E01027117,2,2,0,0,Dry,Single carriageway,None,30,14:35:00,Urban,Fine no high winds,No,16 - 20,13,Urban area,1,599,None,None,Other/Not known (2005-10),Mid Junction - on roundabout or on main road,HONDA,,Petrol,Male,Skidded,No tow/articulation,Did not leave carriageway,0,Going ahead other,2,Motorcycle over 500cc,No,Front,2019