Accident_Index,1st_Road_Class,1st_Road_Number,2nd_Road_Class,2nd_Road_Number,Accident_Severity,Carriageway_Hazards,Date,Day_of_Week,Did_Police_Officer_Attend_Scene_of_Accident,Junction_Control,Junction_Detail,Latitude,Light_Conditions,Location_Easting_OSGR,Location_Northing_OSGR,Longitude,LSOA_of_Accident_Location,Number_of_Casualties,Number_of_Vehicles,Pedestrian_Crossing-Human_Control,Pedestrian_Crossing-Physical_Facilities,Road_Surface_Conditions,Road_Type,Special_Conditions_at_Site,Speed_limit,Time,Urban_or_Rural_Area,Weather_Conditions,InScotland,Age_Band_of_Driver,Age_of_Vehicle,Driver_Home_Area_Type,Driver_IMD_Decile,Engine_Capacity_.CC.,Hit_Object_in_Carriageway,Hit_Object_off_Carriageway,Journey_Purpose_of_Driver,Junction_Location,make,model,Propulsion_Code,Sex_of_Driver,Skidding_and_Overturning,Towing_and_Articulation,Vehicle_Leaving_Carriageway,Vehicle_Location.Restricted_Lane,Vehicle_Manoeuvre,Vehicle_Reference,Vehicle_Type,Was_Vehicle_Left_Hand_Drive,X1st_Point_of_Impact,Year
200904AL09145,B,5269,NA,0,Fatal,None,07-11-2021,Thursday,1,Data missing or out of range,Not at junction or within 20 metres,22.35248057,Daylight,339730,438270,87.13142318,E01025026,2,2,0,0,Dry,Single carriageway,None,60,08:18:00,Rural,Fine no high winds,No,16 - 20,13,Rural,8,1896,Kerb,Other permanent object,Commuting to/from work,Not at or within 20 metres of junction,BMW,318 TI,Petrol,Male,Skidded and overturned,No tow/articulation,Offside,0,Going ahead left-hand bend,1,Car,No,Nearside,2021
2007160C02390,B,1248,Unclassified,0,Fatal,None,25-04-2020,Monday,1,Give way or uncontrolled,Crossroads,28.44462384,Daylight,489710,462210,77.03470061,E01012981,3,3,0,0,Dry,Single carriageway,None,60,11:34:00,Rural,Fine no high winds,No,16 - 20,13,Urban area,5,1299,None,None,Taking pupil to/from school,Mid Junction - on roundabout or on main road,FORD,FIESTA LX EQUIPE,Petrol,Female,None,No tow/articulation,Did not leave carriageway,0,Going ahead other,1,Car,No,Front,2019
2008160A03580,A,18,NA,0,Fatal,None,11-08-2021,Friday,1,Data missing or out of range,Not at junction or within 20 metres,25.76476938,Daylight,521980,403980,87.45673645,E01013225,1,1,0,0,Wet or damp,Single carriageway,None,60,11:40:00,Rural,Raining no high winds,No,16 - 20,13,Rural,4,1389,None,Tree,Other/Not known (2005-10),Not at or within 20 metres of junction,VAUXHALL,ASTRA LS (HI-TORQ),Petrol,Male,Skidded,No tow/articulation,Nearside,0,Going ahead left-hand bend,1,Car,No,Offside,2019
200922F905597,B,5476,NA,0,Fatal,None,08-06-2020,Saturday,1,Data missing or out of range,Not at junction or within 20 metres,22.98100557,Darkness - no lighting,350350,325560,72.52236639,E01028862,3,1,0,0,Wet or damp,Single carriageway,None,60,01:45:00,Rural,Fog or mist,No,21 - 25,13,Data missing or out of range,NA,1597,None,Other permanent object,Other/Not known (2005-10),Not at or within 20 metres of junction,NISSAN,ALMERA 1.6 SRI,Petrol,Male,Skidded and overturned,No tow/articulation,Offside,0,Going ahead left-hand bend,1,Car,No,Offside,2019
200850A51B949,A,394,NA,0,Fatal,None,21-06-2021,Monday,1,Not at junction or within 20 metres,Not at junction or within 20 metres,12.98909812,Darkness - no lighting,175530,34770,77.67832985,E01018899,2,2,0,0,Frost or ice,Single carriageway,None,60,21:40:00,Rural,Other,No,21 - 25,13,Data missing or out of range,NA,2460,None,None,Data missing or out of range,Not at or within 20 metres of junction,AUDI,A6 2.5 TDI SE,Heavy oil,Male,None,No tow/articulation,Did not leave carriageway,0,Going ahead left-hand bend,2,Car,No,Front,2020
201032D349510,C,154,C,2,Fatal,None,03-02-2021,Saturday,1,Give way or uncontrolled,Crossroads,15.3252947,Daylight,502440,362010,74.13925977,E01026211,6,2,0,0,Dry,Single carriageway,None,60,13:00:00,Rural,Fine no high winds,No,21 - 25,13,Small town,8,1905,None,None,Other/Not known (2005-10),Entering main road,PEUGEOT,306 LX DT,Heavy oil,Male,Skidded,No tow/articulation,Nearside,0,Going ahead other,1,Car,No,Front,2019
2007557W02296,A,353,NA,0,Fatal,None,29-04-2020,Tuesday,1,Not at junction or within 20 metres,Not at junction or within 20 metres,28.45425658,Daylight,371070,83150,77.06276254,E01020558,3,2,0,0,Dry,Single carriageway,None,60,18:48:00,Rural,Fine no high winds,No,21 - 25,13,Small town,7,600,None,Tree,Other/Not known (2005-10),Not at or within 20 metres of junction,HONDA,,Petrol,Male,None,No tow/articulation,Offside,0,Going ahead left-hand bend,1,Motorcycle over 500cc,No,Front,2019
201030C000142,B,6053,NA,0,Fatal,None,16-09-2019,Saturday,1,Data missing or out of range,Not at junction or within 20 metres,26.72752114,Darkness - lights lit,443490,380140,94.17324617,E01019789,2,1,0,0,Wet or damp,Single carriageway,Oil or diesel,60,05:00:00,Rural,Fine no high winds,No,26 - 35,13,Urban area,1,1905,None,Telegraph or electricity pole,Other/Not known (2005-10),Not at or within 20 metres of junction,PEUGEOT,306 LX DT,Heavy oil,Male,Skidded,No tow/articulation,Nearside,0,Going ahead left-hand bend,1,Car,No,Back,2019
200943N150099,Motorway,40,NA,0,Fatal,None,03-02-2020,Saturday,1,Data missing or out of range,Not at junction or within 20 metres,18.53351364,Daylight,488330,190920,73.80385929,E01017867,2,1,0,0,Dry,Dual carriageway,None,70,07:00:00,Rural,Fine no high winds,No,16 - 20,13,Urban area,10,1149,None,Tree,Other/Not known (2005-10),Not at or within 20 metres of junction,RENAULT,CLIO RL OASIS 1.2,Petrol,Male,None,No tow/articulation,Nearside,0,Going ahead other,1,Car,No,Front,2021
201042I253908,A,12,NA,0,Fatal,Previous accident,19-07-2021,Friday,1,Not at junction or within 20 metres,Not at junction or within 20 metres,28.50848135,Daylight,576100,210600,77.0494421,E01021537,3,6,0,0,Flood over 3cm. deep,Dual carriageway,None,70,17:29:00,Rural,Raining no high winds,No,16 - 20,13,Urban area,7,1781,None,Central crash barrier,Other/Not known (2005-10),Not at or within 20 metres of junction,AUDI,A6 1.8T,Petrol,Male,Skidded,No tow/articulation,Offside on to central reservation,0,Going ahead other,1,Car,No,Offside,2019
2009160C06350,A,63,NA,0,Fatal,None,01-07-2020,Sunday,1,Data missing or out of range,Not at junction or within 20 metres,28.69088663,Darkness - lights lit,492880,430210,77.13008027,E01012969,1,1,0,0,Dry,Dual carriageway,None,70,03:04:00,Rural,Fine no high winds,No,21 - 25,13,Urban area,8,1149,None,Tree,Other/Not known (2005-10),Not at or within 20 metres of junction,RENAULT,CLIO RL OASIS 1.2,Petrol,Female,None,No tow/articulation,Offside on to centrl res + rebounded,0,Going ahead other,1,Car,No,Offside,2020
200643P002126,Motorway,40,NA,0,Fatal,None,20-10-2020,Saturday,1,Data missing or out of range,Not at junction or within 20 metres,18.50271073,Darkness - no lighting,454950,220870,73.7628534,E01028424,2,4,0,0,Wet or damp,Dual carriageway,None,70,07:09:00,Rural,Fine no high winds,No,21 - 25,13,Urban area,5,1389,None,None,Other/Not known (2005-10),Not at or within 20 metres of junction,VAUXHALL,ASTRA MERIT,Petrol,Male,Skidded,No tow/articulation,Did not leave carriageway,0,Going ahead other,2,Car,No,Front,2021
200550F52C893,A,38,NA,0,Fatal,None,15-07-2019,Thursday,1,Not at junction or within 20 metres,Not at junction or within 20 metres,25.7675811,Daylight,272450,61550,87.46167937,E01020157,2,1,0,0,Dry,Dual carriageway,None,70,07:00:00,Rural,Fine no high winds,No,26 - 35,13,Urban area,1,1998,Kerb,Near/Offside crash barrier,Data missing or out of range,Not at or within 20 metres of junction,FORD,SIERRA GT,Petrol,Male,Skidded and overturned,No tow/articulation,Offside on to centrl res + rebounded,0,Overtaking moving vehicle - offside,1,Car,No,Front,2019
200797NC70108,A,8011,Unclassified,0,Fatal,None,25-01-2019,Wednesday,1,Give way or uncontrolled,Slip road,28.44824497,Daylight,274310,673510,77.0918191,,1,1,0,0,Dry,Dual carriageway,None,70,15:40:00,Urban,Fine no high winds,Yes,26 - 35,13,Urban area,NA,937,None,Central crash barrier,Commuting to/from work,Approaching junction or waiting/parked at junction approach,SUZUKI,,Petrol,Male,None,No tow/articulation,Offside,0,Going ahead left-hand bend,1,Motorcycle over 500cc,No,Offside,2019
200643P081066,A,420,Unclassified,0,Fatal,None,05-03-2021,Sunday,1,Give way or uncontrolled,T or staggered junction,18.56184196,Daylight,444830,200480,73.81518861,E01028726,3,2,0,0,Dry,Dual carriageway,None,70,15:54:00,Rural,Fine no high winds,No,26 - 35,13,Urban area,4,954,None,None,Other/Not known (2005-10),Entering main road,PEUGEOT,106 KEY LARGO,Petrol,Male,Overturned,No tow/articulation,Did not leave carriageway,0,Turning right,1,Car,No,Offside,2021
200920Z002201,Motorway,5,NA,0,Fatal,None,23-05-2019,Saturday,1,Data missing or out of range,Not at junction or within 20 metres,19.06034721,Darkness - lights lit,401990,290980,72.88594343,E01010101,1,2,0,0,Wet or damp,Dual carriageway,None,70,22:36:00,Urban,Other,No,36 - 45,13,Urban area,NA,11000,None,None,Journey as part of work,Not at or within 20 metres of junction,SCANIA,,Heavy oil,Male,None,No tow/articulation,Did not leave carriageway,0,Slowing or stopping,2,Bus or coach (17 or more pass seats),No,Did not impact,2021
200706A085222,Unclassified,0,NA,0,Fatal,None,08-07-2020,Thursday,1,Not at junction or within 20 metres,Not at junction or within 20 metres,28.55096765,Daylight,384310,398210,77.20553559,E01005134,1,1,0,0,Dry,One way street,None,20,13:53:00,Urban,Fine no high winds,No,26 - 35,12,Urban area,2,10000,None,None,Journey as part of work,Not at or within 20 metres of junction,DENNIS,,Heavy oil,Male,None,No tow/articulation,Did not leave carriageway,2,Going ahead other,1,Bus or coach (17 or more pass seats),No,Offside,2020
201006Q031681,C,0,NA,0,Fatal,None,24-07-2020,Sunday,1,Data missing or out of range,Not at junction or within 20 metres,26.46718825,Darkness - lights lit,395150,403270,74.6311716,E01005386,4,1,0,0,Dry,Single carriageway,None,30,22:50:00,Urban,Fine no high winds,No,16 - 20,12,Urban area,3,1587,None,None,Other/Not known (2005-10),Not at or within 20 metres of junction,PEUGEOT,306 XS,Petrol,Male,None,No tow/articulation,Did not leave carriageway,0,Going ahead right-hand bend,1,Car,No,Nearside,2020
200820G041302,Unclassified,0,Unclassified,0,Fatal,None,14-11-2021,Saturday,1,Give way or uncontrolled,Crossroads,19.13251913,Darkness - lights lit,392330,299140,72.89331386,E01010473,1,2,0,0,Dry,One way street,None,30,04:23:00,Urban,Fine no high winds,No,16 - 20,12,Data missing or out of range,NA,1995,None,None,Other/Not known (2005-10),Mid Junction - on roundabout or on main road,MAZDA,323 ZXI V6 24 V,Petrol,Male,Skidded,No tow/articulation,Nearside,2,Going ahead other,1,Car,No,Front,2021
201006Q031681,C,0,NA,0,Fatal,None,16-05-2010,Sunday,1,Data missing or out of range,Not at junction or within 20 metres,53.526062,Darkness - lights lit,395150,403270,-2.074636,E01005386,4,1,0,0,Dry,Single carriageway,None,30,22:50:00,Urban,Fine no high winds,No,16 - 20,12,Urban area,3,1587,None,None,Other/Not known (2005-10),Not at or within 20 metres of junction,PEUGEOT,306 XS,Petrol,Male,None,No tow/articulation,Did not leave carriageway,0,Going ahead right-hand bend,1,Car,No,Nearside,2010
200820D060703,B,4128,A,4040,Fatal,None,14-12-2021,Saturday,1,Auto traffic signal,Crossroads,26.46310044,Darkness - lights lit,413140,286680,74.63639303,E01009515,4,5,0,5,Frost or ice,Single carriageway,None,30,21:05:00,Urban,Other,No,16 - 20,12,Urban area,1,1590,Bollard or refuge,None,Other/Not known (2005-10),Cleared junction or waiting/parked at junction exit,HONDA,CIVIC 1.6I SR VTEC,Petrol,Male,Skidded and overturned,No tow/articulation,Did not leave carriageway,0,Overtaking moving vehicle - offside,1,Car,No,Front,2020
200720D307503,Unclassified,0,Unclassified,0,Fatal,None,22-08-2020,Saturday,1,Give way or uncontrolled,T or staggered junction,23.01630166,Darkness - lights lit,414050,285120,72.62805875,E01009312,1,1,0,0,Wet or damp,Single carriageway,None,30,23:15:00,Urban,Raining + high winds,No,16 - 20,12,Urban area,1,599,None,Other permanent object,Other/Not known (2005-10),Cleared junction or waiting/parked at junction exit,HONDA,,Petrol,Male,None,No tow/articulation,Nearside and rebounded,0,Going ahead right-hand bend,1,Motorcycle over 500cc,No,Front,2019
200906F009027,A,57,Unclassified,0,Fatal,None,08-04-2021,Sunday,1,Give way or uncontrolled,T or staggered junction,18.55139869,Darkness - lights lit,375100,397530,73.84792568,E01005732,5,1,0,0,Wet or damp,Single carriageway,None,30,01:29:00,Urban,Raining no high winds,No,16 - 20,12,Urban area,2,1587,Bollard or refuge,Road sign or traffic signal,Other/Not known (2005-10),Approaching junction or waiting/parked at junction approach,CITROEN,SAXO SX AUTO,Petrol,Male,Skidded and overturned,No tow/articulation,Nearside,0,Going ahead other,1,Car,No,Front,2021
200660GS30090,Unclassified,0,Unclassified,0,Fatal,None,25-05-2019,Wednesday,1,Give way or uncontrolled,Roundabout,18.61182983,Darkness - lights lit,260240,317190,73.77768795,W01000049,2,1,0,0,Wet or damp,Roundabout,None,30,01:00:00,Rural,Raining no high winds,No,16 - 20,12,Urban area,9,1196,None,Other permanent object,Other/Not known (2005-10),Approaching junction or waiting/parked at junction approach,VAUXHALL,CORSA SWING,Petrol,Female,None,No tow/articulation,Straight ahead at junction,0,Going ahead other,1,Car,No,Front,2021
200797KA70404,B,774,NA,0,Fatal,None,02-10-2021,Saturday,1,Data missing or out of range,Not at junction or within 20 metres,19.09353988,Daylight,248570,661040,72.90355244,,5,2,0,0,Dry,Single carriageway,None,30,13:15:00,Rural,Fine no high winds,Yes,16 - 20,12,Urban area,NA,1990,None,Tree,Commuting to/from work,Not at or within 20 metres of junction,SUBARU,,Petrol,Male,Skidded,No tow/articulation,Offside,0,Going ahead left-hand bend,1,Car,No,Front,2021
200820G021802,A,4126,NA,0,Fatal,None,04-09-2019,Saturday,1,Data missing or out of range,Not at junction or within 20 metres,22.0999563,Darkness - lights lit,393220,296350,82.1721486,E01010535,4,1,0,0,Wet or damp,Single carriageway,None,30,03:37:00,Urban,Fine no high winds,No,21 - 25,12,Urban area,2,1994,Bridge (side),Other permanent object,Other/Not known (2005-10),Not at or within 20 metres of junction,SUBARU,IMPREZA TURBO 4WD,Petrol,Male,Skidded,No tow/articulation,Offside,0,Going ahead right-hand bend,1,Car,No,Front,2019
200642I344909,A,1099,A,1060,Fatal,None,12-06-2020,Sunday,1,Give way or uncontrolled,Roundabout,22.07944353,Darkness - lights lit,570590,206750,82.15183291,E01021581,1,1,0,0,Dry,Single carriageway,None,30,00:40:00,Urban,Fine no high winds,No,21 - 25,12,Urban area,7,125,None,None,Other/Not known (2005-10),Leaving roundabout,APRILIA,,Petrol,Male,Skidded,No tow/articulation,Did not leave carriageway,0,Going ahead other,1,Motorcycle 125cc and under,No,Front,2019
200620K023802,B,4169,NA,0,Fatal,None,13-10-2019,Sunday,1,Data missing or out of range,Not at junction or within 20 metres,18.52735073,Darkness - lights lit,399370,287760,73.82915124,E01010003,6,1,0,1,Dry,Single carriageway,None,30,21:05:00,Urban,Fine no high winds,No,21 - 25,12,Urban area,2,1769,None,Road sign or traffic signal,Other/Not known (2005-10),Not at or within 20 metres of junction,ROVER,418 GSD TURBO,Heavy oil,Male,None,No tow/articulation,Nearside,0,Going ahead other,1,Car,No,Front,2021
2009160B00680,C,168,NA,0,Fatal,None,28-10-2020,Friday,1,Data missing or out of range,Not at junction or within 20 metres,19.13096123,Darkness - lights lit,489820,410130,72.8750018,E01013314,2,2,0,0,Dry,Single carriageway,None,30,18:06:00,Urban,Fine no high winds,No,21 - 25,12,Urban area,4,1587,None,None,Other/Not known (2005-10),Not at or within 20 metres of junction,CITROEN,SAXO VTR,Petrol,Male,None,No tow/articulation,Did not leave carriageway,0,Overtaking moving vehicle - offside,2,Car,No,Front,2021
200614C124006,Unclassified,0,NA,0,Fatal,None,03-05-2019,Friday,1,Data missing or out of range,Not at junction or within 20 metres,25.77962732,Daylight,444240,396450,87.46961245,E01007774,1,1,0,0,Dry,Single carriageway,None,30,20:11:00,Urban,Fine no high winds,No,21 - 25,12,Urban area,3,1391,None,None,Other/Not known (2005-10),Not at or within 20 metres of junction,FORD,ESCORT AZURA,Petrol,Male,None,No tow/articulation,Did not leave carriageway,0,Going ahead other,1,Car,No,Did not impact,2019
200534TD08017,C,198,NA,0,Fatal,None,26-09-2020,Friday,1,Data missing or out of range,Not at junction or within 20 metres,22.07108577,Daylight,462560,267190,82.18036303,E01027017,2,6,0,1,Dry,Single carriageway,None,30,19:47:00,Rural,Fine no high winds,No,21 - 25,12,Data missing or out of range,NA,124,None,None,Other/Not known (2005-10),Not at or within 20 metres of junction,YAMAHA,,Petrol,Male,None,No tow/articulation,Did not leave carriageway,0,Waiting to go - held up,2,Motorcycle 125cc and under,No,Back,2019
200920L071701,Unclassified,0,Unclassified,0,Fatal,None,14-12-2021,Friday,1,Give way or uncontrolled,T or staggered junction,19.08096817,Daylight,416680,289420,72.84212006,E01010123,2,3,0,8,Dry,Single carriageway,None,30,13:42:00,Urban,Fine no high winds,No,21 - 25,12,Urban area,1,1747,None,None,Other/Not known (2005-10),Approaching junction or waiting/parked at junction approach,FIAT,BRAVO 1.8 HLX,Petrol,Male,None,No tow/articulation,Did not leave carriageway,0,Going ahead left-hand bend,1,Car,No,Front,2021
200706M073400,B,5213,NA,0,Fatal,None,17-05-2020,Saturday,1,Not at junction or within 20 metres,Not at junction or within 20 metres,27.10390574,Daylight,378210,394380,93.6192978,E01006184,2,2,0,0,Dry,Single carriageway,None,30,08:45:00,Urban,Fine no high winds,No,21 - 25,12,Urban area,6,899,Parked vehicle,Other permanent object,Other/Not known (2005-10),Not at or within 20 metres of junction,FIAT,CINQUECENTO SX,Petrol,Female,None,No tow/articulation,Nearside,0,Going ahead other,1,Car,No,Front,2019
200850A33A383,B,3301,NA,0,Fatal,None,24-02-2020,Saturday,1,Not at junction or within 20 metres,Not at junction or within 20 metres,18.53758116,Daylight,155590,37180,73.78933334,E01018983,1,1,0,0,Wet or damp,Single carriageway,None,30,17:27:00,Rural,Raining no high winds,No,21 - 25,12,Data missing or out of range,NA,1389,None,None,Data missing or out of range,Not at or within 20 metres of junction,VAUXHALL,ASTRA MERIT,Petrol,Male,None,No tow/articulation,Did not leave carriageway,0,Going ahead other,1,Car,No,Front,2021
201043W125060,A,329,A,4,Fatal,None,29-01-2019,Saturday,1,Auto traffic signal,More than 4 arms (not roundabout),22.10614225,Darkness - lights lit,473180,173170,82.15835145,E01016417,1,1,0,5,Dry,Single carriageway,None,30,02:15:00,Urban,Fine no high winds,No,26 - 35,12,Urban area,2,2664,None,None,Journey as part of work,Mid Junction - on roundabout or on main road,LONDON TAXIS INT,TX1 SILVER AUTO,Heavy oil,Male,None,No tow/articulation,Did not leave carriageway,0,Going ahead other,1,Taxi/Private hire car,No,Nearside,2019
200701RG68438,A,206,NA,0,Fatal,None,27-11-2020,Saturday,1,Data missing or out of range,Not at junction or within 20 metres,13.04732213,Darkness - lights lit,540690,178420,77.62630184,E01001666,1,2,0,0,Wet or damp,Single carriageway,None,30,18:45:00,Urban,Fine no high winds,No,26 - 35,12,Urban area,4,1300,None,None,Other/Not known (2005-10),Not at or within 20 metres of junction,NISSAN,,Petrol,Male,None,No tow/articulation,Did not leave carriageway,0,Overtaking static vehicle - offside,1,Car,No,Front,2020
200901JC77105,A,503,Unclassified,0,Fatal,None,07-11-2019,Monday,1,Give way or uncontrolled,T or staggered junction,28.58705671,Darkness - lights lit,537550,189750,77.34858998,E01004408,2,1,0,0,Dry,Single carriageway,None,30,04:41:00,Urban,Fine no high winds,No,26 - 35,12,Urban area,3,2793,Kerb,Other permanent object,Other/Not known (2005-10),Approaching junction or waiting/parked at junction approach,BMW,328I COUPE AUTO,Petrol,Male,Skidded,No tow/articulation,Nearside,0,Going ahead other,1,Car,No,Nearside,2021
200701RY65913,A,207,Unclassified,0,Fatal,None,23-09-2019,Thursday,1,Give way or uncontrolled,T or staggered junction,26.72930423,Darkness - lights lit,547440,175610,94.19085817,E01000393,3,2,0,0,Dry,Single carriageway,None,30,00:50:00,Urban,Fine no high winds,No,26 - 35,12,Urban area,6,1994,Kerb,None,Other/Not known (2005-10),Mid Junction - on roundabout or on main road,ROVER,220 COUPE TURBO,Petrol,Male,Skidded,No tow/articulation,Did not leave carriageway,0,Going ahead other,1,Car,No,Front,2019
200606A056598,A,662,Unclassified,0,Fatal,None,01-11-2021,Sunday,1,Auto traffic signal,Other junction,26.73876323,Darkness - lights lit,388860,398310,94.20416398,E01005094,2,5,0,4,Dry,Single carriageway,None,30,21:55:00,Urban,Fine no high winds,No,26 - 35,12,Urban area,1,1343,None,None,Other/Not known (2005-10),Approaching junction or waiting/parked at junction approach,HONDA,CIVIC BALI,Petrol,Female,None,No tow/articulation,Did not leave carriageway,0,Parked,3,Car,No,Back,2019
200506Q920438,A,627,Unclassified,0,Fatal,None,24-10-2019,Saturday,1,Give way or uncontrolled,T or staggered junction,12.98911226,Darkness - lights lit,392640,403640,77.5973263,E01005434,1,1,0,4,Wet or damp,Single carriageway,None,30,21:40:00,Urban,Raining no high winds,No,26 - 35,12,Urban area,4,954,None,None,Data missing or out of range,Cleared junction or waiting/parked at junction exit,CITROEN,AX NEON,Petrol,Male,Skidded,No tow/articulation,Did not leave carriageway,0,Going ahead other,1,Car,Data missing or out of range,Front,2020
200720H023802,B,4484,NA,0,Fatal,None,03-11-2020,Wednesday,1,Data missing or out of range,Not at junction or within 20 metres,28.54229431,Daylight,396420,298150,77.29653546,E01010404,2,1,0,0,Dry,Single carriageway,None,30,11:15:00,Urban,Fine no high winds,No,26 - 35,12,Urban area,5,NA,None,None,Journey as part of work,Not at or within 20 metres of junction,VOLVO,,Heavy oil,Male,None,No tow/articulation,Did not leave carriageway,0,Going ahead other,1,Bus or coach (17 or more pass seats),No,Front,2021
201001TD00085,Unclassified,0,NA,0,Fatal,None,29-08-2020,Sunday,1,Data missing or out of range,Not at junction or within 20 metres,18.60583148,Daylight,544200,173420,73.77154723,E01001619,1,2,0,0,Dry,Single carriageway,None,30,14:43:00,Urban,Fine no high winds,No,26 - 35,12,Urban area,5,600,None,None,Other/Not known (2005-10),Not at or within 20 metres of junction,SUZUKI,GSXR 600 W,Petrol,Male,None,No tow/articulation,Did not leave carriageway,0,Going ahead right-hand bend,1,Motorcycle over 500cc,No,Offside,2021
20093104D3156,B,686,NA,0,Fatal,None,20-04-2021,Sunday,1,Data missing or out of range,Not at junction or within 20 metres,14.70084995,Daylight,460340,341370,78.55514094,E01028159,2,1,0,8,Wet or damp,Single carriageway,None,30,11:25:00,Urban,Fine no high winds,No,26 - 35,12,Urban area,4,1985,None,None,Other/Not known (2005-10),Not at or within 20 metres of junction,SAAB,900 S,Petrol,Male,None,No tow/articulation,Did not leave carriageway,0,Going ahead other,1,Car,No,Front,2019
201001TD00085,Unclassified,0,NA,0,Fatal,None,21-03-2010,Sunday,1,Data missing or out of range,Not at junction or within 20 metres,51.441368,Daylight,544200,173420,0.073442,E01001619,1,2,0,0,Dry,Single carriageway,None,30,14:43:00,Urban,Fine no high winds,No,26 - 35,12,Urban area,5,600,None,None,Other/Not known (2005-10),Not at or within 20 metres of junction,SUZUKI,GSXR 600 W,Petrol,Male,None,No tow/articulation,Did not leave carriageway,0,Going ahead right-hand bend,1,Motorcycle over 500cc,No,Offside,2010
200754ET06407,A,350,A,363,Fatal,None,26-10-2019,Sunday,1,Give way or uncontrolled,Roundabout,28.45676478,Darkness - lights lit,386790,154940,77.09637222,E01032053,4,1,0,0,Dry,Roundabout,None,40,00:40:00,Rural,Fine no high winds,No,21 - 25,12,Urban area,3,3980,Central island of roundabout,None,Other/Not known (2005-10),Entering roundabout,DAIMLER,SIX AUTO,Petrol,Male,None,No tow/articulation,Did not leave carriageway,0,Going ahead other,1,Car,No,Front,2019
201020K015290,A,457,Unclassified,0,Fatal,None,28-06-2021,Saturday,1,Give way or uncontrolled,T or staggered junction,23.00530174,Darkness - lights lit,403320,288310,72.65255377,E01010063,9,2,0,0,Frost or ice,Dual carriageway,None,40,18:00:00,Urban,Fine no high winds,No,26 - 35,12,Urban area,1,1998,None,None,Other/Not known (2005-10),Mid Junction - on roundabout or on main road,MITSUBISHI,,Petrol,Male,None,No tow/articulation,Did not leave carriageway,0,Going ahead other,1,Car,No,Front,2019
200963DP21909,A,4067,Unclassified,0,Fatal,None,08-12-2020,Saturday,1,Give way or uncontrolled,T or staggered junction,28.46636568,Darkness - lights lit,280730,212420,76.99142916,W01000426,4,1,0,0,Wet or damp,Single carriageway,None,40,23:12:00,Rural,Raining no high winds,No,26 - 35,12,Urban area,NA,1896,None,Road sign or traffic signal,Other/Not known (2005-10),Approaching junction or waiting/parked at junction approach,AUDI,A4 1.9 TDI SE,Heavy oil,Male,Skidded,No tow/articulation,Nearside,0,Going ahead left-hand bend,1,Car,No,Front,2019
201037B045310,A,143,Unclassified,6448,Fatal,None,04-07-2021,Thursday,1,Give way or uncontrolled,T or staggered junction,22.7678078,Daylight,597120,273720,75.88207286,E01030146,2,2,0,0,Dry,Single carriageway,None,40,18:50:00,Rural,Fine no high winds,No,26 - 35,12,Urban area,3,600,None,None,Other/Not known (2005-10),Mid Junction - on roundabout or on main road,SUZUKI,,Petrol,Male,None,No tow/articulation,Did not leave carriageway,0,Overtaking static vehicle - offside,1,Motorcycle over 500cc,No,Front,2020
200542D029709,B,1035,Unclassified,0,Fatal,None,21-04-2021,Thursday,1,Give way or uncontrolled,T or staggered junction,26.74544607,Daylight,614040,225800,94.22364442,E01022019,1,2,0,0,Dry,Single carriageway,None,40,08:00:00,Rural,Fine no high winds,No,26 - 35,12,Urban area,4,749,None,None,Commuting to/from work,Mid Junction - on roundabout or on main road,SUZUKI,,Petrol,Male,Skidded,No tow/articulation,Did not leave carriageway,0,Going ahead other,1,Motorcycle over 500cc,No,Front,2019
201020G011512,A,4123,NA,0,Fatal,None,26-05-2020,Wednesday,1,Data missing or out of range,Not at junction or within 20 metres,26.76932891,Daylight,393550,294800,94.22317113,E01010531,1,1,0,4,Dry,Dual carriageway,None,40,11:19:00,Urban,Fine no high winds,No,26 - 35,12,Urban area,5,1388,None,None,Other/Not known (2005-10),Not at or within 20 metres of junction,FORD,PUMA 1.4 16V,Petrol,Female,Skidded,No tow/articulation,Did not leave carriageway,0,Going ahead other,1,Car,No,Front,2019
200601TD00085,A,20,NA,0,Fatal,None,24-10-2021,Tuesday,1,Data missing or out of range,Not at junction or within 20 metres,27.08968685,Darkness - lights lit,544920,172140,93.63442566,E01000426,1,1,0,0,Dry,Dual carriageway,None,40,23:42:00,Urban,Fine no high winds,No,36 - 45,12,Urban area,7,1396,None,None,Other/Not known (2005-10),Not at or within 20 metres of junction,ROVER,414 SI,Petrol,Male,Overturned,No tow/articulation,Did not leave carriageway,0,Going ahead right-hand bend,1,Car,No,Nearside,2019
200504CK05088,A,577,NA,0,Fatal,None,12-11-2020,Monday,1,Data missing or out of range,Not at junction or within 20 metres,26.73540814,Darkness - lights lit,343570,407780,94.21503978,E01025491,2,2,0,0,Wet or damp,Single carriageway,Roadworks,40,06:55:00,Rural,Fine no high winds,No,36 - 45,12,Urban area,1,599,Kerb,None,Commuting to/from work,Not at or within 20 metres of junction,SUZUKI,,Petrol,Male,Skidded,No tow/articulation,Did not leave carriageway,0,Going ahead left-hand bend,1,Motorcycle over 500cc,No,Front,2019