Accident_Index,1st_Road_Class,1st_Road_Number,2nd_Road_Class,2nd_Road_Number,Accident_Severity,Carriageway_Hazards,Date,Day_of_Week,Did_Police_Officer_Attend_Scene_of_Accident,Junction_Control,Junction_Detail,Latitude,Light_Conditions,Location_Easting_OSGR,Location_Northing_OSGR,Longitude,LSOA_of_Accident_Location,Number_of_Casualties,Number_of_Vehicles,Pedestrian_Crossing-Human_Control,Pedestrian_Crossing-Physical_Facilities,Road_Surface_Conditions,Road_Type,Special_Conditions_at_Site,Speed_limit,Time,Urban_or_Rural_Area,Weather_Conditions,InScotland,Age_Band_of_Driver,Age_of_Vehicle,Driver_Home_Area_Type,Driver_IMD_Decile,Engine_Capacity_.CC.,Hit_Object_in_Carriageway,Hit_Object_off_Carriageway,Journey_Purpose_of_Driver,Junction_Location,make,model,Propulsion_Code,Sex_of_Driver,Skidding_and_Overturning,Towing_and_Articulation,Vehicle_Leaving_Carriageway,Vehicle_Location.Restricted_Lane,Vehicle_Manoeuvre,Vehicle_Reference,Vehicle_Type,Was_Vehicle_Left_Hand_Drive,X1st_Point_of_Impact,Year
200601TB00019,A,40,NA,0,Fatal,None,26-09-2019,Wednesday,1,Data missing or out of range,Not at junction or within 20 metres,19.14007848,Darkness - lights lit,520620,181540,72.8645371,E01001238,2,1,0,0,Dry,Dual carriageway,None,40,19:10:00,Urban,Fine no high winds,No,36 - 45,12,Urban area,3,649,None,None,Other/Not known (2005-10),Not at or within 20 metres of junction,HONDA,,Petrol,Male,None,No tow/articulation,Did not leave carriageway,0,Going ahead other,1,Motorcycle over 500cc,No,Front,2021
200705FF14997,A,562,NA,0,Fatal,None,14-01-2020,Friday,1,Data missing or out of range,Not at junction or within 20 metres,17.65295001,Daylight,341600,386850,83.95678975,E01006532,3,2,0,0,Dry,Dual carriageway,None,40,08:40:00,Urban,Fine no high winds,No,36 - 45,12,Urban area,3,2498,None,Road sign or traffic signal,Taking pupil to/from school,Not at or within 20 metres of junction,BMW,525 TD AUTO,Heavy oil,Male,None,No tow/articulation,Offside - crossed central reservation,0,Going ahead other,1,Car,No,Front,2021
200943N003049,B,470,NA,0,Fatal,None,17-02-2021,Wednesday,1,Data missing or out of range,Not at junction or within 20 metres,26.4589085,Darkness - lights lit,501690,180570,74.59976763,E01017835,3,3,0,0,Dry,Single carriageway,None,40,19:47:00,Rural,Fine no high winds,No,46 - 55,12,Data missing or out of range,NA,918,None,Entered ditch,Other/Not known (2005-10),Not at or within 20 metres of junction,HONDA,CBR900RR,Petrol,Male,Skidded,No tow/articulation,Nearside,0,Overtaking moving vehicle - offside,1,Motorcycle over 500cc,No,Front,2020
200943N003049,B,470,NA,0,Fatal,None,06-08-2019,Wednesday,1,Data missing or out of range,Not at junction or within 20 metres,22.09841976,Darkness - lights lit,501690,180570,82.17448131,E01017835,3,3,0,0,Dry,Single carriageway,None,40,19:47:00,Rural,Fine no high winds,No,46 - 55,12,Urban area,4,1597,None,None,Other/Not known (2005-10),Not at or within 20 metres of junction,PROTON,COMPACT 1.6 PENANGAUTO,Petrol,Female,None,No tow/articulation,Did not leave carriageway,0,Going ahead right-hand bend,2,Car,No,Offside,2019
200922G906283,Unclassified,0,Unclassified,0,Fatal,None,21-06-2020,Thursday,1,Give way or uncontrolled,Crossroads,26.46383498,Daylight,364450,310740,74.58533584,E01014134,2,2,0,0,Wet or damp,Single carriageway,None,40,09:15:00,Urban,Fine no high winds,No,46 - 55,12,Urban area,3,1137,None,None,Other/Not known (2005-10),Mid Junction - on roundabout or on main road,HONDA,,Petrol,Male,Skidded,No tow/articulation,Did not leave carriageway,0,Going ahead other,2,Motorcycle over 500cc,No,Front,2020
200932C165609,A,52,NA,0,Fatal,None,06-04-2021,Thursday,1,Data missing or out of range,Not at junction or within 20 metres,15.25957776,Daylight,544140,351850,74.12209159,E01026023,3,2,0,0,Dry,Single carriageway,None,40,17:58:00,Rural,Fine no high winds,No,56 - 65,12,Urban area,4,NA,None,None,Journey as part of work,Not at or within 20 metres of junction,DAF,,Heavy oil,Male,None,No tow/articulation,Did not leave carriageway,0,Going ahead left-hand bend,2,Bus or coach (17 or more pass seats),No,Front,2019
200620F216203,Unclassified,0,A,4041,Fatal,None,06-12-2020,Wednesday,1,Give way or uncontrolled,T or staggered junction,18.50948041,Daylight,405440,294240,73.8871621,E01009243,1,1,0,0,Dry,Dual carriageway,None,40,12:15:00,Urban,Fine no high winds,No,56 - 65,12,Data missing or out of range,NA,12170,None,None,Journey as part of work,Cleared junction or waiting/parked at junction exit,FODEN,,Heavy oil,Male,Skidded,No tow/articulation,Offside on to central reservation,0,Going ahead right-hand bend,1,Goods 7.5 tonnes mgw and over,No,Nearside,2021
200645RE83444,A,217,Unclassified,1009,Fatal,None,01-12-2020,Friday,1,Give way or uncontrolled,Other junction,19.13412456,Daylight,524780,159660,72.82709623,E01030560,6,3,0,0,Dry,Dual carriageway,None,40,17:40:00,Urban,Fine no high winds,No,Over 75,12,Data missing or out of range,NA,1468,None,None,Other/Not known (2005-10),Mid Junction - on roundabout or on main road,PROTON,SL AUTO,Petrol,Female,Skidded,No tow/articulation,Did not leave carriageway,0,Turning right,3,Car,No,Offside,2021
201001TB00531,A,406,A,502,Fatal,None,13-01-2021,Friday,1,Auto traffic signal,Crossroads,8.892898229,Darkness - lights lit,523990,188420,76.65742188,E01000215,2,1,0,5,Dry,Dual carriageway,None,50,01:30:00,Urban,Fine no high winds,No,21 - 25,12,Urban area,3,1332,None,None,Other/Not known (2005-10),Approaching junction or waiting/parked at junction approach,TOYOTA,STARLET SR,Petrol,Male,None,No tow/articulation,Did not leave carriageway,0,Going ahead other,1,Car,No,Front,2020
201001TB00531,A,406,A,502,Fatal,None,03-09-2010,Friday,1,Auto traffic signal,Crossroads,51.580958,Darkness - lights lit,523990,188420,-0.211917,E01000215,2,1,0,5,Dry,Dual carriageway,None,50,01:30:00,Urban,Fine no high winds,No,21 - 25,12,Urban area,3,1332,None,None,Other/Not known (2005-10),Approaching junction or waiting/parked at junction approach,TOYOTA,STARLET SR,Petrol,Male,None,No tow/articulation,Did not leave carriageway,0,Going ahead other,1,Car,No,Front,2010
201063CP02710,A,4139,Unclassified,0,Fatal,None,05-03-2020,Wednesday,1,Give way or uncontrolled,T or staggered junction,23.01433551,Daylight,211780,199060,72.64310673,W01000610,2,2,0,0,Dry,Single carriageway,None,50,15:14:00,Rural,Fine no high winds,No,21 - 25,12,Small town,NA,1587,Parked vehicle,Other permanent object,Other/Not known (2005-10),Approaching junction or waiting/parked at junction approach,PEUGEOT,106 RALLYE,Petrol,Male,Skidded,No tow/articulation,Offside,0,Going ahead left-hand bend,1,Car,No,Nearside,2019
200930B000144,A,6,NA,0,Fatal,None,24-11-2020,Sunday,1,Data missing or out of range,Not at junction or within 20 metres,22.69769685,Daylight,423340,366180,75.82288294,E01019599,1,2,0,8,Dry,Single carriageway,None,50,13:45:00,Rural,Fine no high winds,No,21 - 25,12,Small town,2,998,None,Other permanent object,Other/Not known (2005-10),Not at or within 20 metres of junction,HONDA,,Petrol,Male,Skidded and overturned,No tow/articulation,Nearside and rebounded,0,Overtaking moving vehicle - offside,1,Motorcycle over 500cc,No,Front,2020
201030C000100,A,61,NA,0,Fatal,None,06-01-2020,Thursday,1,Data missing or out of range,Not at junction or within 20 metres,26.43924384,Darkness - lights lit,438930,364830,80.30639813,E01019774,2,2,0,0,Dry,Single carriageway,None,50,05:42:00,Rural,Fine no high winds,No,26 - 35,12,Data missing or out of range,NA,1870,None,None,Commuting to/from work,Not at or within 20 metres of junction,RENAULT,EXTRA PRIMA 1.9D,Heavy oil,Male,None,No tow/articulation,Did not leave carriageway,0,Going ahead left-hand bend,1,Van / Goods 3.5 tonnes mgw or under,No,Front,2020
201043P262090,A,4074,NA,0,Fatal,None,10-06-2020,Wednesday,1,Data missing or out of range,Not at junction or within 20 metres,18.51569682,Daylight,454580,200230,73.96171567,E01028658,2,2,0,0,Wet or damp,Single carriageway,None,50,19:36:00,Rural,Fine no high winds,No,26 - 35,12,Urban area,6,1398,None,None,Other/Not known (2005-10),Not at or within 20 metres of junction,VAUXHALL,CORSA LS,Petrol,Male,None,No tow/articulation,Nearside,0,Going ahead left-hand bend,2,Car,No,Front,2021
200943P006049,A,420,NA,0,Fatal,None,06-10-2020,Wednesday,1,Data missing or out of range,Not at junction or within 20 metres,19.19903164,Daylight,425650,191220,72.82927257,E01028747,4,2,0,0,Dry,Single carriageway,None,50,17:54:00,Rural,Fine no high winds,No,26 - 35,12,Urban area,1,1396,None,None,Commuting to/from work,Not at or within 20 metres of junction,ROVER,214S,Petrol,Male,None,No tow/articulation,Nearside,0,Going ahead other,1,Car,No,Front,2021
200930A000391,A,6,NA,0,Fatal,None,20-06-2019,Saturday,1,Data missing or out of range,Not at junction or within 20 metres,22.97999937,Daylight,433930,353380,72.57258547,E01019423,3,2,0,0,Wet or damp,Single carriageway,None,50,18:20:00,Rural,Fine no high winds,No,26 - 35,12,Data missing or out of range,NA,1994,None,None,Other/Not known (2005-10),Not at or within 20 metres of junction,SUBARU,IMPREZA TURBO 2000 AWD,Petrol,Female,Skidded,No tow/articulation,Did not leave carriageway,0,Going ahead left-hand bend,1,Car,No,Nearside,2019
201043P180010,B,4437,Unclassified,0,Fatal,None,31-08-2021,Thursday,1,Give way or uncontrolled,T or staggered junction,27.10198764,Daylight,439170,219350,93.61542978,E01028776,2,2,0,0,Frost or ice,Single carriageway,None,50,08:20:00,Rural,Fog or mist,No,26 - 35,12,Small town,10,1124,None,None,Journey as part of work,Approaching junction or waiting/parked at junction approach,PEUGEOT,106 XN ZEST 2,Petrol,Female,None,No tow/articulation,Did not leave carriageway,0,Going ahead other,2,Car,No,Front,2019
201054EW26610,C,57,A,360,Fatal,None,18-07-2020,Saturday,1,Give way or uncontrolled,Crossroads,18.4962261,Darkness - no lighting,411350,133560,73.80257641,E01032013,2,1,0,0,Wet or damp,Single carriageway,None,50,01:35:00,Rural,Raining no high winds,No,36 - 45,12,Small town,10,2946,Kerb,Tree,Other/Not known (2005-10),Cleared junction or waiting/parked at junction exit,PEUGEOT,406 SE 3.0 V6 COUPE,Petrol,Male,Overturned,No tow/articulation,Offside,0,Going ahead other,1,Car,No,Nearside,2021
200901TE00155,A,316,NA,0,Fatal,None,01-03-2021,Friday,1,Data missing or out of range,Not at junction or within 20 metres,14.67553141,Daylight,512730,172050,78.57709335,E01002605,1,1,0,0,Wet or damp,Dual carriageway,None,50,14:53:00,Urban,Fine no high winds,No,36 - 45,12,Data missing or out of range,NA,918,Kerb,Central crash barrier,Other/Not known (2005-10),Not at or within 20 metres of junction,HONDA,,Petrol,Male,Skidded and overturned,No tow/articulation,Offside on to central reservation,0,Going ahead other,1,Motorcycle over 500cc,No,Front,2019
200930B000161,A,6,NA,0,Fatal,None,15-07-2019,Monday,1,Data missing or out of range,Not at junction or within 20 metres,8.892624402,Daylight,422610,367190,76.63145358,E01019599,2,1,0,0,Dry,Single carriageway,None,50,07:50:00,Rural,Fine no high winds,No,36 - 45,12,Urban area,9,2792,None,Tree,Other/Not known (2005-10),Not at or within 20 metres of junction,VOLKSWAGEN,GOLF VR6,Petrol,Male,Skidded,No tow/articulation,Nearside and rebounded,0,Going ahead other,1,Car,No,Front,2020
200543P223085,A,329,NA,0,Fatal,None,05-09-2021,Monday,1,Data missing or out of range,Not at junction or within 20 metres,18.49176193,Daylight,462670,201990,73.73663033,E01028646,2,2,0,0,Wet or damp,Single carriageway,None,50,16:19:00,Rural,Fine no high winds,No,46 - 55,12,Rural,9,3239,None,None,Journey as part of work,Not at or within 20 metres of junction,JAGUAR,XJ6 3.2 AUTO,Petrol,Male,None,No tow/articulation,Nearside,0,Going ahead left-hand bend,2,Car,No,Front,2021
200904EB09073,A,675,NA,0,Fatal,None,15-07-2019,Tuesday,1,Data missing or out of range,Not at junction or within 20 metres,26.45780751,Daylight,365910,419890,80.31264975,E01012628,2,2,0,0,Wet or damp,Single carriageway,None,50,08:35:00,Rural,Fine no high winds,No,46 - 55,12,Urban area,2,1896,None,None,Other/Not known (2005-10),Not at or within 20 metres of junction,VOLKSWAGEN,POLO 1.9 CL SDI,Heavy oil,Female,None,No tow/articulation,Did not leave carriageway,0,Going ahead other,1,Car,No,Nearside,2020
200511BD24590,A,177,Unclassified,0,Fatal,None,24-06-2020,Sunday,1,Give way or uncontrolled,Private drive or entrance,27.0975001,Darkness - lights lit,429860,539500,93.63104903,E01020732,2,3,0,0,Wet or damp,Single carriageway,None,60,19:10:00,Rural,Fine no high winds,No,16 - 20,12,Small town,7,1389,None,None,Other/Not known (2005-10),Approaching junction or waiting/parked at junction approach,VAUXHALL,ASTRA CALIFORNIA,Petrol,Male,None,No tow/articulation,Did not leave carriageway,0,Waiting to go - held up,2,Car,No,Back,2019
2009160A04900,A,18,NA,0,Fatal,None,19-11-2020,Wednesday,1,Data missing or out of range,Not at junction or within 20 metres,26.44598635,Darkness - no lighting,524680,399920,80.30000554,E01013225,2,2,0,0,Wet or damp,Single carriageway,None,60,06:30:00,Rural,Fine no high winds,No,16 - 20,12,Rural,7,1905,None,None,Commuting to/from work,Not at or within 20 metres of junction,PEUGEOT,306 LX,Heavy oil,Male,Skidded,No tow/articulation,Did not leave carriageway,0,Going ahead other,1,Car,No,Front,2020
200650A41H818,A,3075,NA,0,Fatal,None,04-05-2020,Thursday,1,Not at junction or within 20 metres,Not at junction or within 20 metres,26.45000866,Darkness - no lighting,175570,48140,80.31595359,E01018843,4,1,0,0,Dry,Single carriageway,None,60,22:25:00,Rural,Fine no high winds,No,16 - 20,12,Urban area,8,1390,None,Other permanent object,Data missing or out of range,Data missing or out of range,RENAULT,5 CAMPUS PRIMA,Petrol,Male,Skidded and overturned,No tow/articulation,Nearside and rebounded,0,Going ahead other,1,Car,Data missing or out of range,Front,2020
200991NN32749,A,862,NA,0,Fatal,None,03-05-2019,Friday,1,Data missing or out of range,Not at junction or within 20 metres,18.52026145,Darkness - no lighting,259420,845900,73.96150075,,4,1,0,0,Dry,Single carriageway,None,60,23:00:00,Rural,Fine no high winds,Yes,16 - 20,12,Rural,NA,1798,None,Telegraph or electricity pole,Other/Not known (2005-10),Not at or within 20 metres of junction,VAUXHALL,VECTRA ARCTIC 16V,Petrol,Male,Overturned,No tow/articulation,Nearside,0,Turning right,1,Car,No,Front,2021
200563AC58005,B,4298,NA,0,Fatal,None,25-12-2019,Saturday,1,Data missing or out of range,Not at junction or within 20 metres,8.89278849,Darkness - no lighting,235100,219310,76.69081494,W01000649,3,2,0,0,Wet or damp,Single carriageway,None,60,19:37:00,Rural,Fine no high winds,No,16 - 20,12,Rural,NA,2470,None,None,Other/Not known (2005-10),Not at or within 20 metres of junction,MITSUBISHI,,Heavy oil,Female,None,No tow/articulation,Did not leave carriageway,0,Going ahead other,2,Car,No,Nearside,2020
200550A41C842,B,3275,NA,0,Fatal,None,07-11-2019,Monday,1,Not at junction or within 20 metres,Not at junction or within 20 metres,26.44527378,Darkness - no lighting,189250,50930,80.2684473,E01018847,2,2,0,0,Dry,Single carriageway,None,60,23:20:00,Rural,Fine no high winds,No,16 - 20,12,Rural,5,1120,None,None,Other/Not known (2005-10),Not at or within 20 metres of junction,ROVER,METRO MANHATTAN,Petrol,Female,None,No tow/articulation,Offside,0,Going ahead other,1,Car,No,Nearside,2020
200832D264108,C,223,NA,0,Fatal,None,13-03-2021,Monday,1,Data missing or out of range,Not at junction or within 20 metres,28.61036782,Darkness - no lighting,502990,377530,77.23322774,E01026405,2,3,0,0,Dry,Single carriageway,None,60,20:23:00,Rural,Fine no high winds,No,16 - 20,12,Small town,7,1108,None,None,Other/Not known (2005-10),Not at or within 20 metres of junction,FIAT,PUNTO 55 SX,Petrol,Female,None,No tow/articulation,Did not leave carriageway,0,Going ahead other,3,Car,No,Did not impact,2020
200637L013067,A,12,NA,0,Fatal,None,18-02-2020,Saturday,1,Data missing or out of range,Not at junction or within 20 metres,28.58038279,Darkness - no lighting,643620,273880,77.3233524,E01030219,8,2,0,0,Dry,Single carriageway,None,60,00:50:00,Rural,Fine no high winds,No,16 - 20,12,Urban area,9,1389,None,None,Other/Not known (2005-10),Not at or within 20 metres of junction,VAUXHALL,ASTRA LSI,Petrol,Female,None,No tow/articulation,Offside,0,Going ahead right-hand bend,2,Car,No,Front,2020
200550C24B353,Unclassified,0,NA,0,Fatal,None,28-06-2021,Thursday,1,Not at junction or within 20 metres,Not at junction or within 20 metres,14.6633781,Daylight,271930,126420,78.488994,E01020136,12,3,0,0,Wet or damp,Single carriageway,None,60,20:05:00,Rural,Fine no high winds,No,16 - 20,12,Rural,6,1119,None,Telegraph or electricity pole,Other/Not known (2005-10),Not at or within 20 metres of junction,FORD,FIESTA I,Petrol,Male,Skidded,No tow/articulation,Offside,0,Going ahead other,2,Car,No,Front,2019
200650B71D318,A,3072,NA,0,Fatal,None,09-05-2021,Wednesday,1,Not at junction or within 20 metres,Not at junction or within 20 metres,27.09364495,Daylight,228110,105540,93.63106136,E01018951,3,3,0,0,Dry,Single carriageway,None,60,17:44:00,Rural,Fine no high winds,No,16 - 20,12,Small town,3,1769,None,Other permanent object,Data missing or out of range,Data missing or out of range,PEUGEOT,205 MARDI GRAS D,Heavy oil,Male,Skidded and overturned,No tow/articulation,Offside,0,Going ahead right-hand bend,2,Car,Data missing or out of range,Offside,2019
200637L012498,A,12,Unclassified,1708,Fatal,None,22-04-2021,Thursday,1,Give way or uncontrolled,T or staggered junction,19.21048484,Daylight,651260,286200,72.91632749,E01030252,2,2,0,0,Dry,Single carriageway,None,60,14:30:00,Rural,Fine no high winds,No,16 - 20,12,Rural,4,1118,None,None,Commuting to/from work,Cleared junction or waiting/parked at junction exit,ROVER,METRO L,Petrol,Male,Overturned,No tow/articulation,Nearside,0,Going ahead other,2,Car,No,Front,2021
200854EZ20708,A,361,NA,0,Fatal,None,17-12-2019,Sunday,1,Not at junction or within 20 metres,Not at junction or within 20 metres,14.69449824,Daylight,396820,161260,78.59225886,E01031876,3,3,0,0,Dry,Single carriageway,None,60,18:27:00,Rural,Fine no high winds,No,16 - 20,12,Rural,6,1360,None,None,Other/Not known (2005-10),Not at or within 20 metres of junction,PEUGEOT,106 ROLAND GARROS,Petrol,Male,None,No tow/articulation,Did not leave carriageway,0,Going ahead other,3,Car,No,Did not impact,2019
200614A001206,A,6182,NA,0,Fatal,None,08-07-2021,Friday,1,Data missing or out of range,Not at junction or within 20 metres,28.64897099,Darkness - lights lit,458890,401100,77.25544796,E01007534,2,3,0,0,Wet or damp,Single carriageway,None,60,21:05:00,Urban,Fine no high winds,No,21 - 25,12,Urban area,5,1769,None,None,Other/Not known (2005-10),Not at or within 20 metres of junction,PEUGEOT,205 SCEPTRE,Heavy oil,Male,None,No tow/articulation,Did not leave carriageway,0,Changing lane to right,1,Car,No,Front,2020
200991NP09680,A,82,NA,0,Fatal,None,26-05-2020,Sunday,1,Data missing or out of range,Not at junction or within 20 metres,28.72664571,Darkness - no lighting,218570,780010,77.12711653,,1,1,0,0,Wet or damp,Single carriageway,None,60,03:30:00,Rural,Fine + high winds,Yes,21 - 25,12,Small town,NA,1998,None,Other permanent object,Other/Not known (2005-10),Not at or within 20 metres of junction,PEUGEOT,306 GTI 6,Petrol,Male,Overturned,No tow/articulation,Nearside,0,Going ahead other,1,Car,No,Front,2021
200922E902791,B,4234,NA,0,Fatal,None,05-04-2021,Sunday,1,Data missing or out of range,Not at junction or within 20 metres,19.1029297,Darkness - no lighting,359850,218180,72.84004595,E01014032,2,1,0,0,Dry,Single carriageway,None,60,01:50:00,Rural,Fine no high winds,No,21 - 25,12,Small town,7,1998,None,Other permanent object,Other/Not known (2005-10),Not at or within 20 metres of junction,NISSAN,ALMERA 2.0 GTI,Petrol,Male,Overturned,No tow/articulation,Nearside,0,Going ahead left-hand bend,1,Car,No,Front,2021
201030C000082,B,6053,NA,0,Fatal,None,26-07-2020,Monday,1,Data missing or out of range,Not at junction or within 20 metres,24.18959655,Darkness - no lighting,443580,375740,75.65407313,E01019565,2,2,0,0,Dry,Single carriageway,None,60,22:15:00,Rural,Fine no high winds,No,21 - 25,12,Urban area,6,1998,Kerb,Other permanent object,Other/Not known (2005-10),Not at or within 20 metres of junction,PEUGEOT,306 XSI,Petrol,Male,Skidded,No tow/articulation,Nearside,0,Going ahead left-hand bend,1,Car,No,Front,2021
200937G028175,A,137,NA,0,Fatal,None,16-06-2021,Monday,1,Data missing or out of range,Not at junction or within 20 metres,14.7617859,Darkness - no lighting,613840,239030,78.51781811,E01029879,1,3,0,0,Wet or damp,Single carriageway,None,60,06:35:00,Rural,Fine no high winds,No,21 - 25,12,Urban area,7,49,None,None,Commuting to/from work,Not at or within 20 metres of junction,HONDA,SJ 50,Petrol,Female,None,No tow/articulation,Did not leave carriageway,0,Going ahead other,2,Motorcycle 50cc and under,No,Back,2019
200622FA48857,Unclassified,0,NA,0,Fatal,None,06-07-2019,Tuesday,1,Data missing or out of range,Not at junction or within 20 metres,26.75279001,Daylight,372580,305760,94.2196991,E01028855,1,1,0,0,Dry,Single carriageway,Road surface defective,60,09:25:00,Rural,Fine no high winds,No,21 - 25,12,Data missing or out of range,NA,1769,None,Near/Offside crash barrier,Commuting to/from work,Not at or within 20 metres of junction,ROVER,418 GSD TURBO,Heavy oil,Male,Skidded,No tow/articulation,Nearside,0,Going ahead left-hand bend,1,Car,No,Nearside,2019
200722EA85991,A,49,NA,0,Fatal,None,21-06-2020,Sunday,1,Data missing or out of range,Not at junction or within 20 metres,22.08683741,Daylight,349920,234060,82.14445975,E01014026,4,4,0,0,Dry,Single carriageway,None,60,15:20:00,Rural,Fine no high winds,No,21 - 25,12,Rural,8,499,None,None,Other/Not known (2005-10),Not at or within 20 metres of junction,HONDA,,Petrol,Male,None,No tow/articulation,Did not leave carriageway,0,Overtaking moving vehicle - offside,3,Motorcycle over 125cc and up to 500cc,No,Front,2019
200937G027459,B,1079,NA,0,Fatal,None,12-01-2020,Monday,1,Data missing or out of range,Not at junction or within 20 metres,28.4477828,Daylight,624770,249780,77.04774866,E01030200,1,1,0,0,Dry,Single carriageway,None,60,14:20:00,Rural,Fine no high winds,No,21 - 25,12,Urban area,4,599,None,Telegraph or electricity pole,Other/Not known (2005-10),Not at or within 20 metres of junction,YAMAHA,,Petrol,Male,None,No tow/articulation,Nearside,0,Going ahead right-hand bend,1,Motorcycle over 500cc,No,Front,2019
200763BC25507,A,487,NA,0,Fatal,None,12-02-2020,Friday,1,Data missing or out of range,Not at junction or within 20 metres,18.64379574,Daylight,256050,273180,73.82828879,,1,1,0,0,Wet or damp,Single carriageway,None,60,10:30:00,Rural,Fine no high winds,No,21 - 25,12,Rural,NA,1998,None,Other permanent object,Other/Not known (2005-10),Not at or within 20 metres of junction,RENAULT,CLIO WILLIAMS 2,Petrol,Male,Overturned,No tow/articulation,Offside and rebounded,0,Going ahead other,1,Car,No,Front,2021
200611DJ16270,A,68,NA,0,Fatal,None,06-03-2021,Sunday,1,Data missing or out of range,Not at junction or within 20 metres,18.54242399,Daylight,423600,521440,73.76050781,E01012334,1,1,0,0,Dry,Single carriageway,None,60,15:00:00,Rural,Fine no high winds,No,21 - 25,12,Urban area,2,749,None,Road sign or traffic signal,Other/Not known (2005-10),Not at or within 20 metres of junction,SUZUKI,,Heavy oil,Male,Skidded,No tow/articulation,Nearside,0,Overtaking moving vehicle - offside,1,Motorcycle over 500cc,No,Offside,2021
2006600DE5031,B,5105,Unclassified,0,Fatal,None,22-10-2019,Tuesday,1,Give way or uncontrolled,Other junction,18.49801298,Daylight,301710,349980,73.89209867,W01000202,1,1,0,0,Dry,Single carriageway,None,60,15:45:00,Rural,Fine no high winds,No,21 - 25,12,Data missing or out of range,NA,249,None,Other permanent object,Other/Not known (2005-10),Approaching junction or waiting/parked at junction approach,SUZUKI,,Petrol,Male,None,No tow/articulation,Nearside,0,Going ahead other,1,Motorcycle over 125cc and up to 500cc,No,Front,2021
200743R196057,A,3095,NA,0,Fatal,None,26-10-2019,Sunday,1,Data missing or out of range,Not at junction or within 20 metres,15.18593631,Daylight,485420,165700,73.95712203,E01016207,1,1,0,0,Dry,Roundabout,None,60,18:47:00,Rural,Fine no high winds,No,21 - 25,12,Urban area,3,1391,Kerb,Tree,Other/Not known (2005-10),Not at or within 20 metres of junction,VOLKSWAGEN,,Petrol,Female,None,No tow/articulation,Nearside,0,Going ahead left-hand bend,1,Car,No,Nearside,2019
201060L229614,B,4500,NA,0,Fatal,None,14-10-2020,Wednesday,1,Data missing or out of range,Not at junction or within 20 metres,28.71496578,Daylight,325100,338310,77.18704103,W01000357,2,2,0,0,Dry,Single carriageway,None,60,07:30:00,Rural,Fine no high winds,No,21 - 25,12,Data missing or out of range,NA,1587,None,None,Commuting to/from work,Not at or within 20 metres of junction,CITROEN,SAXO VTR,Petrol,Female,None,No tow/articulation,Did not leave carriageway,0,Going ahead left-hand bend,1,Car,No,Front,2021
200750C21I016,A,361,NA,0,Fatal,None,21-08-2020,Monday,1,Not at junction or within 20 metres,Not at junction or within 20 metres,27.08823197,Daylight,258790,131940,93.61070656,E01020120,5,2,0,0,Wet or damp,Single carriageway,None,60,19:54:00,Rural,Raining no high winds,No,21 - 25,12,Rural,4,1390,None,Other permanent object,Data missing or out of range,Not at or within 20 metres of junction,RENAULT,5 CAMPUS PRIMA,Petrol,Male,None,No tow/articulation,Offside,0,U-turn,1,Car,No,Nearside,2019
200943S132099,C,9006,NA,0,Fatal,None,26-12-2019,Monday,1,Data missing or out of range,Not at junction or within 20 metres,15.34270219,Daylight,482980,240950,74.07441991,E01016805,2,1,0,0,Dry,Dual carriageway,None,70,15:16:00,Rural,Fine no high winds,No,16 - 20,12,Data missing or out of range,NA,498,None,None,Other/Not known (2005-10),Not at or within 20 metres of junction,KAWASAKI,ER 500-A1,Petrol,Male,None,No tow/articulation,Did not leave carriageway,0,Going ahead left-hand bend,1,Motorcycle over 125cc and up to 500cc,No,Front,2019
200937G027680,A,14,NA,0,Fatal,None,12-06-2020,Monday,1,Data missing or out of range,Not at junction or within 20 metres,25.77831822,Daylight,621180,241200,87.47975924,E01030197,2,2,0,0,Dry,Dual carriageway,None,70,18:01:00,Rural,Fine no high winds,No,16 - 20,12,Urban area,5,1587,None,Road sign or traffic signal,Other/Not known (2005-10),Not at or within 20 metres of junction,CITROEN,SAXO VTR,Petrol,Female,Skidded,No tow/articulation,Nearside,0,Going ahead other,2,Car,No,Nearside,2019
20054100T1166,Motorway,1,NA,0,Fatal,None,23-07-2020,Monday,1,Not at junction or within 20 metres,Not at junction or within 20 metres,26.44484385,Darkness - lights lit,511340,204360,80.32576116,E01023732,4,1,0,0,Dry,Dual carriageway,None,70,23:58:00,Rural,Fine no high winds,No,21 - 25,12,Urban area,9,1124,None,Lamp post,Other/Not known (2005-10),Not at or within 20 metres of junction,PEUGEOT,106 XN GRADUATE,Petrol,Female,None,No tow/articulation,Nearside,0,Going ahead other,1,Car,No,Nearside,2020
200511AK06200,A(M),1,NA,0,Fatal,None,06-06-2021,Sunday,1,Data missing or out of range,Not at junction or within 20 metres,15.1853799,Darkness - no lighting,428600,521190,74.01585553,E01020826,2,1,0,0,Dry,Dual carriageway,None,70,01:17:00,Rural,Fine no high winds,No,21 - 25,12,Data missing or out of range,NA,2498,None,None,Commuting to/from work,Not at or within 20 metres of junction,BMW,325 TD AUTO,Heavy oil,Male,None,No tow/articulation,Did not leave carriageway,0,Going ahead other,1,Car,No,Front,2019