Accident_Index,1st_Road_Class,1st_Road_Number,2nd_Road_Class,2nd_Road_Number,Accident_Severity,Carriageway_Hazards,Date,Day_of_Week,Did_Police_Officer_Attend_Scene_of_Accident,Junction_Control,Junction_Detail,Latitude,Light_Conditions,Location_Easting_OSGR,Location_Northing_OSGR,Longitude,LSOA_of_Accident_Location,Number_of_Casualties,Number_of_Vehicles,Pedestrian_Crossing-Human_Control,Pedestrian_Crossing-Physical_Facilities,Road_Surface_Conditions,Road_Type,Special_Conditions_at_Site,Speed_limit,Time,Urban_or_Rural_Area,Weather_Conditions,InScotland,Age_Band_of_Driver,Age_of_Vehicle,Driver_Home_Area_Type,Driver_IMD_Decile,Engine_Capacity_.CC.,Hit_Object_in_Carriageway,Hit_Object_off_Carriageway,Journey_Purpose_of_Driver,Junction_Location,make,model,Propulsion_Code,Sex_of_Driver,Skidding_and_Overturning,Towing_and_Articulation,Vehicle_Leaving_Carriageway,Vehicle_Location.Restricted_Lane,Vehicle_Manoeuvre,Vehicle_Reference,Vehicle_Type,Was_Vehicle_Left_Hand_Drive,X1st_Point_of_Impact,Year
200997NA70207,Motorway,8,NA,0,Fatal,Previous accident,25-12-2019,Saturday,1,Data missing or out of range,Not at junction or within 20 metres,27.09510772,Darkness - no lighting,285870,663940,93.62535852,,1,6,0,0,Dry,Dual carriageway,None,70,23:35:00,Rural,Fine no high winds,Yes,21 - 25,12,Urban area,NA,599,None,Central crash barrier,Other/Not known (2005-10),Not at or within 20 metres of junction,KAWASAKI,ZX 600-F3,Petrol,Male,Skidded,No tow/articulation,Offside on to centrl res + rebounded,0,Going ahead left-hand bend,1,Motorcycle over 500cc,No,Offside,2019
200614G012006,Motorway,1,NA,0,Fatal,None,01-10-2020,Saturday,1,Data missing or out of range,Not at junction or within 20 metres,25.77237992,Darkness - no lighting,439880,390870,87.47695761,E01007913,3,5,0,0,Dry,Dual carriageway,None,70,23:31:00,Urban,Fine no high winds,No,21 - 25,12,Urban area,1,2446,None,None,Other/Not known (2005-10),Not at or within 20 metres of junction,TOYOTA,,Heavy oil,Female,None,No tow/articulation,Did not leave carriageway,0,Going ahead other,5,Car,No,Did not impact,2019
200543P311055,A,4142,NA,0,Fatal,None,28-12-2020,Saturday,1,Data missing or out of range,Not at junction or within 20 metres,19.08577347,Daylight,455650,205700,72.8846823,E01028683,13,6,0,0,Dry,Dual carriageway,None,70,19:34:00,Rural,Fine no high winds,No,21 - 25,12,Small town,7,1595,None,None,Other/Not known (2005-10),Not at or within 20 metres of junction,HONDA,CIVIC CRX VTI,Petrol,Male,None,No tow/articulation,Did not leave carriageway,0,Going ahead other,2,Car,No,Front,2021
201050JN2K010,A,380,NA,0,Fatal,None,07-12-2021,Monday,1,Not at junction or within 20 metres,Not at junction or within 20 metres,25.76723238,Daylight,287970,73240,87.45525529,E01020251,4,2,0,0,Wet or damp,Dual carriageway,None,70,17:25:00,Rural,Raining no high winds,No,21 - 25,12,Data missing or out of range,NA,1360,None,None,Commuting to/from work,Not at or within 20 metres of junction,PEUGEOT,306 LX,Petrol,Male,None,No tow/articulation,Nearside and rebounded,0,Going ahead right-hand bend,1,Car,No,Front,2019
201045WA51505,A,3,NA,0,Fatal,None,26-04-2021,Saturday,2,Data missing or out of range,Not at junction or within 20 metres,28.5798864,Daylight,494200,143000,77.31414845,E01030937,1,3,0,0,Wet or damp,Dual carriageway,None,70,13:00:00,Rural,Raining no high winds,No,21 - 25,12,Urban area,7,1598,None,None,Other/Not known (2005-10),Not at or within 20 metres of junction,VOLKSWAGEN,POLO 1.6 CL,Petrol,Female,None,No tow/articulation,Did not leave carriageway,0,Slowing or stopping,2,Car,No,Front,2021
200540D024440,Motorway,1,NA,0,Fatal,None,05-07-2020,Saturday,1,Data missing or out of range,Not at junction or within 20 metres,25.76392885,Darkness - lights lit,499730,235250,87.47986088,E01017406,2,2,0,0,Dry,Dual carriageway,None,70,20:08:00,Rural,Fine no high winds,No,26 - 35,12,Urban area,3,2370,None,None,Other/Not known (2005-10),Not at or within 20 metres of junction,VOLKSWAGEN,TRANSPORTER DIES,Heavy oil,Male,None,No tow/articulation,Did not leave carriageway,0,Changing lane to right,1,Van / Goods 3.5 tonnes mgw or under,No,Front,2019
200643P081066,A,420,Unclassified,0,Fatal,None,08-02-2020,Sunday,1,Give way or uncontrolled,T or staggered junction,22.0562573,Daylight,444830,200480,82.16048403,E01028726,3,2,0,0,Dry,Dual carriageway,None,70,15:54:00,Rural,Fine no high winds,No,26 - 35,12,Small town,10,599,None,None,Other/Not known (2005-10),Approaching junction or waiting/parked at junction approach,YAMAHA,,Petrol,Male,Overturned,No tow/articulation,Did not leave carriageway,0,Going ahead other,2,Motorcycle over 500cc,No,Back,2019
200732D074007,A,631,NA,0,Fatal,None,06-09-2021,Tuesday,1,Data missing or out of range,Not at junction or within 20 metres,8.868412872,Daylight,484360,390590,76.65589482,E01026385,4,4,0,0,Dry,Dual carriageway,None,70,08:15:00,Rural,Fine no high winds,No,26 - 35,12,Rural,6,5958,None,None,Journey as part of work,Not at or within 20 metres of junction,MERCEDES,,Heavy oil,Male,None,No tow/articulation,Did not leave carriageway,0,Waiting to go - held up,3,Goods over 3.5t. and under 7.5t,No,Back,2020
2005160B03140,Motorway,180,NA,0,Fatal,None,10-02-2021,Tuesday,1,Data missing or out of range,Not at junction or within 20 metres,28.55275345,Daylight,481750,407150,77.1180929,E01013242,1,2,0,0,Dry,Dual carriageway,None,70,13:50:00,Rural,Fine no high winds,No,26 - 35,12,Urban area,3,1796,None,None,Other/Not known (2005-10),Not at or within 20 metres of junction,VAUXHALL,CAVALIER COLORADO,Petrol,Male,None,No tow/articulation,Did not leave carriageway,0,Changing lane to right,1,Car,No,Offside,2020
200543S012035,Motorway,1,NA,0,Fatal,None,08-10-2019,Saturday,1,Data missing or out of range,Not at junction or within 20 metres,14.69463831,Darkness - lights lit,480740,248660,78.48076453,E01016761,1,2,0,0,Dry,Dual carriageway,None,70,02:00:00,Rural,Fine no high winds,No,36 - 45,12,Urban area,2,2969,None,None,Other/Not known (2005-10),Not at or within 20 metres of junction,VAUXHALL,SENATOR CD 24V A,Petrol,Male,None,No tow/articulation,Did not leave carriageway,6,Parked,2,Car,No,Back,2019
200843S008058,B,4034,NA,0,Fatal,None,14-10-2019,Sunday,1,Data missing or out of range,Not at junction or within 20 metres,28.5743184,Darkness - lights lit,487000,237470,77.2868869,E01016784,1,1,0,0,Dry,Dual carriageway,None,70,00:54:00,Urban,Fine no high winds,No,36 - 45,12,Urban area,1,2000,None,None,Other/Not known (2005-10),Not at or within 20 metres of junction,MITSUBISHI,,Petrol,Male,None,No tow/articulation,Did not leave carriageway,0,Going ahead other,1,Car,No,Front,2020
200597QC70103,Motorway,74,NA,0,Fatal,None,31-07-2021,Saturday,1,Data missing or out of range,Not at junction or within 20 metres,26.43785131,Darkness - no lighting,281600,640630,80.33526922,,1,4,0,0,Dry,Dual carriageway,None,70,04:20:00,Rural,Fine no high winds,Yes,36 - 45,12,Data missing or out of range,NA,1360,None,None,Other/Not known (2005-10),Not at or within 20 metres of junction,CITROEN,ZX REFLEX,Petrol,Male,None,No tow/articulation,Did not leave carriageway,0,Going ahead other,1,Car,No,Nearside,2020
200943P194029,A,420,A,420,Fatal,None,26-12-2019,Thursday,1,Auto traffic signal,T or staggered junction,26.72971243,Darkness - lights lit,451400,205800,94.20852956,E01028522,1,4,0,0,Dry,Single carriageway,Roadworks,20,00:02:00,Urban,Fine no high winds,No,36 - 45,11,Data missing or out of range,NA,8871,Road works,None,Journey as part of work,Mid Junction - on roundabout or on main road,MAN,,Heavy oil,Female,None,No tow/articulation,Did not leave carriageway,0,Turning right,2,Bus or coach (17 or more pass seats),No,Offside,2019
200720E020702,Unclassified,0,NA,0,Fatal,None,22-07-2019,Friday,1,Data missing or out of range,Not at junction or within 20 metres,26.73476302,Darkness - lights lit,410850,279840,94.20742041,E01009041,2,1,0,0,Wet or damp,Single carriageway,None,30,02:58:00,Urban,Fine no high winds,No,16 - 20,11,Urban area,10,1948,None,Lamp post,Other/Not known (2005-10),Not at or within 20 metres of junction,RENAULT,LAGUNA RXE 2.0S,Petrol,Male,Skidded,No tow/articulation,Offside,9,Going ahead other,1,Car,No,Nearside,2019
200801XH76197,A,437,NA,0,Fatal,None,30-12-2021,Thursday,1,Data missing or out of range,Not at junction or within 20 metres,19.0680316,Darkness - lights lit,507640,184780,72.91656588,E01002452,1,1,0,0,Dry,Single carriageway,None,30,21:14:00,Urban,Fine no high winds,No,16 - 20,11,Urban area,10,2088,None,None,Other/Not known (2005-10),Not at or within 20 metres of junction,PEUGEOT,406 EXECUTIVE DT,Heavy oil,Male,None,No tow/articulation,Did not leave carriageway,0,Going ahead other,1,Car,No,Front,2021
200501TC00286,Unclassified,0,Unclassified,0,Fatal,None,19-07-2019,Tuesday,1,Give way or uncontrolled,T or staggered junction,27.70160212,Darkness - lights lit,539260,181540,74.47222682,E01003497,1,1,0,0,Dry,One way street,None,30,23:45:00,Urban,Fine no high winds,No,16 - 20,11,Urban area,NA,1998,Kerb,Lamp post,Other/Not known (2005-10),Approaching junction or waiting/parked at junction approach,VAUXHALL,OMEGA 2.0 16V CD AUTO,Petrol,Male,None,No tow/articulation,Nearside and rebounded,0,Going ahead right-hand bend,1,Car,No,Did not impact,2021
2008400B03056,A,600,Unclassified,0,Fatal,None,17-03-2020,Sunday,1,Give way or uncontrolled,Crossroads,27.34230901,Darkness - lights lit,505590,248630,76.46445774,E01017522,7,2,0,0,Dry,Single carriageway,None,30,03:54:00,Urban,Fine no high winds,No,16 - 20,11,Small town,6,1975,Kerb,Road sign or traffic signal,Other/Not known (2005-10),Cleared junction or waiting/parked at junction exit,HYUNDAI,COUPE SPECIAL EQUIP. AUTO,Petrol,Male,Skidded and overturned,No tow/articulation,Offside,0,Going ahead other,1,Car,No,Nearside,2021
200597ND70112,Unclassified,0,NA,0,Fatal,None,25-09-2020,Tuesday,1,Data missing or out of range,Not at junction or within 20 metres,27.09747629,Darkness - lights lit,275440,661000,93.6117609,,2,2,0,0,Wet or damp,Single carriageway,None,30,19:40:00,Urban,Other,Yes,16 - 20,11,Urban area,NA,1196,Parked vehicle,None,Commuting to/from work,Not at or within 20 metres of junction,VAUXHALL,CORSA SWING,Petrol,Female,None,No tow/articulation,Did not leave carriageway,0,Going ahead other,1,Car,No,Front,2019
201050GC2M006,A,3059,NA,0,Fatal,None,14-02-2020,Tuesday,1,Not at junction or within 20 metres,Not at junction or within 20 metres,15.22572122,Daylight,189480,63470,74.04737206,E01019064,1,3,0,0,Dry,Single carriageway,None,30,21:16:00,Rural,Fine no high winds,No,16 - 20,11,Rural,4,1299,None,None,Other/Not known (2005-10),Not at or within 20 metres of junction,FORD,KA,Petrol,Female,None,No tow/articulation,Did not leave carriageway,0,Going ahead other,3,Car,No,Did not impact,2019
200804CM08047,Unclassified,0,Unclassified,0,Fatal,None,11-08-2019,Tuesday,1,Give way or uncontrolled,Private drive or entrance,27.10526579,Darkness - lights lit,348120,425840,93.6335424,E01025441,1,1,0,0,Wet or damp,Single carriageway,None,30,22:20:00,Urban,Fine + high winds,No,21 - 25,11,Urban area,8,1799,None,None,Other/Not known (2005-10),Approaching junction or waiting/parked at junction approach,VAUXHALL,VECTRA ARCTIC 16V,Petrol,Male,Skidded,No tow/articulation,Did not leave carriageway,0,Going ahead other,1,Car,No,Front,2019
201043N268100,A,4010,NA,0,Fatal,None,13-09-2020,Friday,1,Data missing or out of range,Not at junction or within 20 metres,14.70244316,Darkness - lights lit,484160,193120,78.57495716,E01017911,4,3,0,0,Wet or damp,Single carriageway,None,30,23:45:00,Urban,Fine no high winds,No,21 - 25,11,Urban area,3,1781,None,None,Other/Not known (2005-10),Not at or within 20 metres of junction,AUDI,A3 1.8T SPORT,Petrol,Male,None,No tow/articulation,Did not leave carriageway,0,Going ahead right-hand bend,2,Car,No,Nearside,2019
20103104C1117,A,610,A,6130,Fatal,None,11-09-2020,Sunday,1,Auto traffic signal,Crossroads,26.4773619,Darkness - lights lit,455350,341030,80.30115881,E01013944,1,1,0,5,Wet or damp,Single carriageway,None,30,01:02:00,Urban,Fine no high winds,No,21 - 25,11,Urban area,1,2496,None,None,Journey as part of work,Mid Junction - on roundabout or on main road,METROCAB,MANUAL,Heavy oil,Male,None,No tow/articulation,Did not leave carriageway,0,Going ahead other,1,Taxi/Private hire car,No,Front,2020
200720J043402,A,491,NA,0,Fatal,None,17-12-2020,Thursday,1,Data missing or out of range,Not at junction or within 20 metres,18.52873106,Darkness - lights lit,389370,286510,73.82363524,E01009915,5,5,0,0,Dry,Single carriageway,Roadworks,30,22:01:00,Urban,Other,No,21 - 25,11,Urban area,1,1002,None,None,Other/Not known (2005-10),Not at or within 20 metres of junction,YAMAHA,,Petrol,Male,Skidded,No tow/articulation,Did not leave carriageway,0,Going ahead other,1,Motorcycle over 500cc,No,Nearside,2021
200501TB00376,B,550,B,550,Fatal,None,03-07-2021,Monday,1,Give way or uncontrolled,T or staggered junction,25.78984112,Darkness - lights lit,528410,190590,87.46224724,E01000156,2,1,0,1,Wet or damp,Single carriageway,None,30,00:05:00,Urban,Raining no high winds,No,21 - 25,11,Urban area,4,1108,None,None,Other/Not known (2005-10),Approaching junction or waiting/parked at junction approach,FIAT,PUNTO 55 SX,Petrol,Male,None,No tow/articulation,Did not leave carriageway,0,Going ahead other,1,Car,No,Front,2019
200901TB00197,C,0,NA,0,Fatal,None,13-04-2019,Friday,1,Data missing or out of range,Not at junction or within 20 metres,18.63919322,Daylight,517640,185830,73.74846398,E01000613,1,3,0,0,Dry,Single carriageway,None,30,16:06:00,Urban,Fine no high winds,No,21 - 25,11,Urban area,3,1370,None,None,Other/Not known (2005-10),Not at or within 20 metres of junction,FIAT,BRAVA 1.4 S,Petrol,Male,None,No tow/articulation,Did not leave carriageway,0,Parked,2,Car,No,Back,2021
200601TE00213,A,314,Unclassified,0,Fatal,None,17-08-2019,Saturday,1,Give way or uncontrolled,T or staggered junction,14.71827768,Daylight,512150,172700,78.50864164,E01002615,1,2,0,8,Dry,Single carriageway,None,30,10:53:00,Urban,Fine no high winds,No,21 - 25,11,Urban area,5,893,None,None,Other/Not known (2005-10),Mid Junction - on roundabout or on main road,HONDA,,Petrol,Male,None,No tow/articulation,Did not leave carriageway,0,Going ahead other,2,Motorcycle over 500cc,No,Front,2019
20093104D1123,B,6006,Unclassified,0,Fatal,None,28-12-2021,Monday,1,Give way or uncontrolled,T or staggered junction,26.76809071,Daylight,452730,337040,94.22362789,E01028085,1,2,0,5,Dry,Single carriageway,None,30,19:56:00,Urban,Fine no high winds,No,21 - 25,11,Urban area,6,998,None,None,Other/Not known (2005-10),Leaving main road,NISSAN,MICRA ALLY,Petrol,Female,None,No tow/articulation,Did not leave carriageway,0,Turning right,1,Car,No,Nearside,2019
200720J013701,A,459,Unclassified,0,Fatal,None,15-06-2021,Monday,1,Give way or uncontrolled,T or staggered junction,18.57112412,Daylight,394650,287840,73.84737968,E01009843,1,2,0,0,Wet or damp,Single carriageway,None,30,09:15:00,Urban,Other,No,21 - 25,11,Urban area,9,1119,None,None,Other/Not known (2005-10),Approaching junction or waiting/parked at junction approach,FORD,FIESTA CLASSIC,Petrol,Male,Skidded,No tow/articulation,Did not leave carriageway,0,Overtaking static vehicle - offside,1,Car,No,Front,2021
200920M013401,A,4114,Unclassified,0,Fatal,None,11-02-2020,Tuesday,1,Auto traffic signal,T or staggered junction,28.62410818,Daylight,432080,279590,77.10358598,E01009647,1,1,0,5,Wet or damp,Dual carriageway,None,30,14:20:00,Urban,Raining + high winds,No,21 - 25,11,Urban area,3,1120,None,None,Other/Not known (2005-10),Approaching junction or waiting/parked at junction approach,ROVER,200 SE,Petrol,Male,None,No tow/articulation,Did not leave carriageway,0,Going ahead other,1,Car,No,Front,2021
200906M014436,C,0,Unclassified,0,Fatal,None,05-12-2021,Sunday,1,Give way or uncontrolled,T or staggered junction,26.72996484,Darkness - lights lit,377150,394700,94.17339195,E01006199,1,2,0,0,Dry,Single carriageway,None,30,02:44:00,Urban,Fine no high winds,No,26 - 35,11,Urban area,4,4398,None,None,Other/Not known (2005-10),Approaching junction or waiting/parked at junction approach,BMW,540I AUTO,Petrol,Male,None,No tow/articulation,Did not leave carriageway,0,Going ahead right-hand bend,1,Car,No,Front,2019
200920M039203,Unclassified,0,NA,0,Fatal,None,23-01-2021,Saturday,1,Data missing or out of range,Not at junction or within 20 metres,23.04909997,Darkness - lights lit,433530,283330,72.61495472,E01009596,2,2,0,0,Dry,Single carriageway,None,30,03:25:00,Urban,Fine no high winds,No,26 - 35,11,Urban area,5,1998,Parked vehicle,None,Other/Not known (2005-10),Not at or within 20 metres of junction,VAUXHALL,VECTRA 2.0 TDI CD,Heavy oil,Male,None,No tow/articulation,Did not leave carriageway,0,Going ahead other,1,Car,No,Front,2019
200620E104401,Unclassified,0,Unclassified,0,Fatal,None,25-07-2021,Thursday,1,Give way or uncontrolled,T or staggered junction,12.97352989,Darkness - lights lit,398760,278190,77.61317586,E01009154,1,1,0,0,Dry,Single carriageway,None,30,21:28:00,Urban,Fine no high winds,No,26 - 35,11,Urban area,1,1998,Kerb,Lamp post,Other/Not known (2005-10),Approaching junction or waiting/parked at junction approach,VAUXHALL,CAVALIER SRI 16V,Petrol,Male,Skidded,No tow/articulation,Offside,0,Going ahead left-hand bend,1,Car,No,Offside,2020
200920F089102,B,4284,B,4532,Fatal,None,17-11-2020,Monday,1,Auto traffic signal,Crossroads,26.46326355,Darkness - lights lit,405210,285840,74.59751982,E01008990,2,3,0,5,Wet or damp,One way street,None,30,21:50:00,Urban,Fine no high winds,No,26 - 35,11,Urban area,1,2319,Bollard or refuge,Other permanent object,Other/Not known (2005-10),Mid Junction - on roundabout or on main road,VOLVO,C70 T5 GT AUTO,Petrol,Male,None,No tow/articulation,Nearside,0,Going ahead other,1,Car,No,Front,2020
200914C010709,B,6060,Unclassified,0,Fatal,None,01-09-2021,Sunday,1,Give way or uncontrolled,T or staggered junction,18.60487217,Darkness - lights lit,449160,389320,73.95632258,E01007810,1,2,0,0,Dry,Single carriageway,None,30,18:31:00,Rural,Fine no high winds,No,26 - 35,11,Urban area,4,1489,None,None,Other/Not known (2005-10),Entering main road,MAZDA,323 LXI,Petrol,Male,None,No tow/articulation,Did not leave carriageway,0,Moving off,1,Car,No,Offside,2021
200997BE70311,B,808,NA,0,Fatal,None,29-01-2020,Friday,1,Data missing or out of range,Not at junction or within 20 metres,19.11044407,Darkness - lights lit,259580,668240,72.84036081,,3,1,0,0,Dry,Single carriageway,None,30,20:18:00,Urban,Fine no high winds,Yes,26 - 35,11,Urban area,NA,998,None,Other permanent object,Other/Not known (2005-10),Not at or within 20 metres of junction,NISSAN,MICRA PASSION,Petrol,Male,Skidded,No tow/articulation,Offside,0,Going ahead other,1,Car,No,Front,2021
200801WW73704,Unclassified,0,A,3036,Fatal,None,09-02-2021,Saturday,1,Give way or uncontrolled,T or staggered junction,14.6972719,Darkness - lights lit,528160,175650,78.63869974,E01004591,1,2,0,0,Dry,Single carriageway,None,30,01:50:00,Urban,Fine no high winds,No,26 - 35,11,Urban area,4,1998,None,None,Other/Not known (2005-10),Approaching junction or waiting/parked at junction approach,PEUGEOT,306 GTI 6,Petrol,Male,None,No tow/articulation,Did not leave carriageway,0,Parked,2,Car,No,Offside,2019
200920K013301,B,4149,NA,0,Fatal,None,21-06-2020,Sunday,1,Data missing or out of range,Not at junction or within 20 metres,18.52171574,Darkness - lights lit,399000,292200,73.92820379,E01009981,2,2,0,4,Dry,Single carriageway,None,30,00:20:00,Urban,Fine no high winds,No,26 - 35,11,Urban area,2,1796,None,Road sign or traffic signal,Other/Not known (2005-10),Not at or within 20 metres of junction,ROVER,218 IS,Petrol,Female,Overturned,No tow/articulation,Nearside,0,Going ahead other,1,Car,No,Front,2021
200806N099141,A,58,NA,0,Fatal,None,27-04-2020,Friday,1,Not at junction or within 20 metres,Not at junction or within 20 metres,14.6633781,Darkness - lights lit,379800,410960,78.488994,E01005027,3,1,0,0,Wet or damp,Dual carriageway,None,30,05:08:00,Urban,Fine no high winds,No,26 - 35,11,Urban area,1,1396,None,Lamp post,Other/Not known (2005-10),Not at or within 20 metres of junction,ROVER,214S,Petrol,Female,None,No tow/articulation,Offside,0,Going ahead right-hand bend,1,Car,No,Nearside,2019
200601TD00047,B,210,Unclassified,0,Fatal,None,11-09-2020,Sunday,1,Give way or uncontrolled,T or staggered junction,15.21865302,Daylight,542540,178340,74.04839874,E01001699,6,2,0,0,Dry,Single carriageway,None,30,11:49:00,Urban,Fine no high winds,No,26 - 35,11,Urban area,3,1994,None,Other permanent object,Other/Not known (2005-10),Approaching junction or waiting/parked at junction approach,ROVER,620 TI,Petrol,Male,Skidded,No tow/articulation,Nearside,0,Going ahead other,1,Car,No,Front,2019
200901TB00104,A,437,NA,0,Fatal,None,11-09-2021,Wednesday,1,Data missing or out of range,Not at junction or within 20 metres,28.60023452,Daylight,508780,180450,77.21668961,E01002406,3,3,0,0,Dry,Single carriageway,None,30,06:23:00,Urban,Fine no high winds,No,26 - 35,11,Urban area,6,1590,None,None,Other/Not known (2005-10),Not at or within 20 metres of junction,SUZUKI,VITARA JX 4 U HARD-TOP,Petrol,Male,None,No tow/articulation,Did not leave carriageway,0,Going ahead left-hand bend,3,Car,No,Offside,2020
20094100F4051,B,651,NA,,Fatal,None,22-10-2021,Wednesday,1,Give way or uncontrolled,Private drive or entrance,18.50468588,Daylight,515300,208090,73.89173643,E01023716,1,2,0,0,Wet or damp,Single carriageway,None,30,08:26:00,Urban,Fine no high winds,No,26 - 35,11,Data missing or out of range,NA,599,None,None,Commuting to/from work,Mid Junction - on roundabout or on main road,YAMAHA,YZF 600 R,Petrol,Male,Skidded,No tow/articulation,Did not leave carriageway,0,Going ahead other,2,Motorcycle over 500cc,No,Front,2021
200842I203206,Unclassified,0,NA,0,Fatal,None,02-08-2019,Friday,1,Not at junction or within 20 metres,Not at junction or within 20 metres,25.02990778,Daylight,601790,224790,79.11955803,E01021701,2,2,0,1,Dry,Single carriageway,None,30,19:15:00,Urban,Fine no high winds,No,26 - 35,11,Urban area,5,1489,None,None,Journey as part of work,Not at or within 20 metres of junction,MAZDA,323 INNSBRUCK,Petrol,Male,Skidded,No tow/articulation,Did not leave carriageway,0,Going ahead other,1,Car,No,Front,2021
20103104C0614,A,612,Unclassified,0,Fatal,None,11-10-2021,Thursday,1,Give way or uncontrolled,T or staggered junction,14.68312971,Daylight,458240,339590,78.58637119,E01013920,1,2,0,0,Dry,Single carriageway,None,30,19:38:00,Urban,Fine no high winds,No,26 - 35,11,Urban area,1,1598,None,None,Other/Not known (2005-10),Mid Junction - on roundabout or on main road,RENAULT,MEGANE SPORT,Petrol,Male,None,No tow/articulation,Did not leave carriageway,0,Going ahead other,1,Car,No,Front,2019
200542E029607,B,1028,Unclassified,0,Fatal,None,26-02-2019,Friday,1,Give way or uncontrolled,T or staggered junction,27.09392293,Daylight,603910,222330,93.61904473,E01021740,1,2,0,0,Dry,Single carriageway,None,30,15:07:00,Rural,Fine no high winds,No,26 - 35,11,Urban area,7,9600,None,None,Journey as part of work,Approaching junction or waiting/parked at junction approach,VOLVO,,Heavy oil,Male,None,No tow/articulation,Did not leave carriageway,0,Overtaking moving vehicle - offside,1,Bus or coach (17 or more pass seats),No,Front,2019
200920M045403,B,4109,NA,0,Fatal,None,12-11-2019,Tuesday,1,Data missing or out of range,Not at junction or within 20 metres,13.01365608,Daylight,435800,282440,77.60511371,E01009607,1,2,0,0,Dry,Single carriageway,None,30,08:30:00,Urban,Fine no high winds,No,26 - 35,11,Urban area,7,2494,None,None,Taking pupil to/from school,Not at or within 20 metres of junction,BMW,323I,Petrol,Female,None,No tow/articulation,Did not leave carriageway,0,Going ahead other,2,Car,No,Nearside,2020
200901TE00171,B,306,Unclassified,0,Fatal,None,05-08-2020,Saturday,1,Give way or uncontrolled,Crossroads,26.44367046,Daylight,523270,175870,80.26961471,E01004605,1,1,0,1,Dry,Single carriageway,None,30,12:41:00,Urban,Fine no high winds,No,26 - 35,11,Urban area,3,1998,None,None,Other/Not known (2005-10),Mid Junction - on roundabout or on main road,MERCEDES,C200 CLASSIC,Petrol,Female,None,No tow/articulation,Did not leave carriageway,0,Turning right,1,Car,No,Front,2020
200614B017906,B,6098,Unclassified,0,Fatal,None,15-03-2019,Wednesday,1,Give way or uncontrolled,T or staggered junction,18.59962247,Daylight,445790,404280,73.81608973,E01007370,1,1,0,0,Dry,Single carriageway,None,30,14:35:00,Urban,Fine no high winds,No,26 - 35,11,Urban area,6,1341,None,None,Other/Not known (2005-10),Mid Junction - on roundabout or on main road,HYUNDAI,ACCENT COUPE SI,Petrol,Female,None,No tow/articulation,Did not leave carriageway,0,Going ahead other,1,Car,No,Nearside,2021
200804DA08112,Unclassified,0,NA,0,Fatal,None,21-04-2019,Saturday,1,Data missing or out of range,Not at junction or within 20 metres,27.10126936,Daylight,354940,428410,93.62448926,E01025304,2,2,0,0,Dry,Single carriageway,None,30,20:05:00,Rural,Fine no high winds,No,26 - 35,11,Urban area,2,1149,Kerb,Tree,Other/Not known (2005-10),Not at or within 20 metres of junction,RENAULT,CLIO RL PANACHE 1.2,Petrol,Female,Skidded,No tow/articulation,Nearside,0,Going ahead right-hand bend,2,Car,No,Front,2019
2009400C01111,A,505,Unclassified,0,Fatal,None,15-09-2021,Monday,1,Give way or uncontrolled,T or staggered junction,28.61022335,Daylight,507980,222080,77.06070232,E01015725,1,2,0,1,Wet or damp,Single carriageway,None,30,08:10:00,Urban,Raining no high winds,No,26 - 35,11,Urban area,3,1598,None,Telegraph or electricity pole,Other/Not known (2005-10),Cleared junction or waiting/parked at junction exit,VAUXHALL,ASTRA LS 8V,Petrol,Male,None,No tow/articulation,Offside,9,Overtaking moving vehicle - offside,1,Car,No,Front,2020
201020L007690,Unclassified,0,Unclassified,0,Fatal,None,16-02-2021,Monday,1,Give way or uncontrolled,T or staggered junction,19.06174913,Daylight,417750,288060,72.84833784,E01010139,1,1,0,0,Wet or damp,Single carriageway,None,30,11:37:00,Urban,Raining no high winds,No,26 - 35,11,Urban area,2,1589,None,None,Other/Not known (2005-10),Approaching junction or waiting/parked at junction approach,ROVER,416S,Petrol,Female,Skidded,No tow/articulation,Did not leave carriageway,0,Going ahead other,1,Car,No,Front,2021
200745EP01698,A,24,B,2200,Fatal,None,05-11-2021,Friday,1,Auto traffic signal,Crossroads,8.868164345,Darkness - lights lit,522290,162330,76.62756518,E01030392,6,2,0,4,Dry,Dual carriageway,None,40,19:27:00,Urban,Fine no high winds,No,21 - 25,11,Data missing or out of range,NA,2457,None,None,Other/Not known (2005-10),Mid Junction - on roundabout or on main road,SUBARU,LEGACY 4 CAM 2.5 AWD,Petrol,Male,None,No tow/articulation,Did not leave carriageway,0,Going ahead other,1,Car,No,Front,2020
200922C900956,A,449,NA,0,Fatal,None,18-03-2021,Tuesday,1,Data missing or out of range,Not at junction or within 20 metres,22.06958781,Darkness - no lighting,384290,273150,82.11955027,E01032387,3,2,0,0,Wet or damp,Single carriageway,None,40,21:30:00,Rural,Fine no high winds,No,21 - 25,11,Urban area,2,1587,None,None,Other/Not known (2005-10),Not at or within 20 metres of junction,CITROEN,SAXO VTR,Petrol,Male,None,No tow/articulation,Did not leave carriageway,0,Going ahead left-hand bend,1,Car,No,Nearside,2019