Accident_Index,1st_Road_Class,1st_Road_Number,2nd_Road_Class,2nd_Road_Number,Accident_Severity,Carriageway_Hazards,Date,Day_of_Week,Did_Police_Officer_Attend_Scene_of_Accident,Junction_Control,Junction_Detail,Latitude,Light_Conditions,Location_Easting_OSGR,Location_Northing_OSGR,Longitude,LSOA_of_Accident_Location,Number_of_Casualties,Number_of_Vehicles,Pedestrian_Crossing-Human_Control,Pedestrian_Crossing-Physical_Facilities,Road_Surface_Conditions,Road_Type,Special_Conditions_at_Site,Speed_limit,Time,Urban_or_Rural_Area,Weather_Conditions,InScotland,Age_Band_of_Driver,Age_of_Vehicle,Driver_Home_Area_Type,Driver_IMD_Decile,Engine_Capacity_.CC.,Hit_Object_in_Carriageway,Hit_Object_off_Carriageway,Journey_Purpose_of_Driver,Junction_Location,make,model,Propulsion_Code,Sex_of_Driver,Skidding_and_Overturning,Towing_and_Articulation,Vehicle_Leaving_Carriageway,Vehicle_Location.Restricted_Lane,Vehicle_Manoeuvre,Vehicle_Reference,Vehicle_Type,Was_Vehicle_Left_Hand_Drive,X1st_Point_of_Impact,Year
2007557W03087,A,357,Unclassified,0,Fatal,None,26-02-2021,Monday,1,Give way or uncontrolled,T or staggered junction,28.61508245,Daylight,374080,115970,77.28462751,E01020433,4,2,0,0,Wet or damp,Single carriageway,None,60,13:24:00,Rural,Raining no high winds,No,16 - 20,11,Urban area,3,1905,None,Other permanent object,Other/Not known (2005-10),Entering main road,CITROEN,XANTIA SX TD,Heavy oil,Male,None,No tow/articulation,Offside,0,Turning left,1,Car,No,Offside,2020
200811SL25798,A,177,NA,0,Fatal,Any animal in carriageway (except ridden horse),25-02-2021,Sunday,1,Data missing or out of range,Not at junction or within 20 metres,28.63923302,Darkness - no lighting,433890,533100,77.28326195,E01020810,2,2,0,0,Dry,Single carriageway,None,60,03:10:00,Rural,Fine no high winds,No,21 - 25,11,Small town,4,1389,Any animal (except ridden horse),None,Other/Not known (2005-10),Not at or within 20 metres of junction,VAUXHALL,CORSA GLS AUTO,Petrol,Male,None,No tow/articulation,Did not leave carriageway,0,Going ahead other,1,Car,No,Front,2020
201050GA2F001,A,390,NA,0,Fatal,None,04-08-2019,Monday,1,Not at junction or within 20 metres,Not at junction or within 20 metres,18.63682947,Darkness - no lighting,199980,51720,73.79385928,E01019067,1,1,0,0,Dry,Single carriageway,None,60,22:30:00,Rural,Fine no high winds,No,21 - 25,11,Urban area,6,2498,None,None,Other/Not known (2005-10),Not at or within 20 metres of junction,MITSUBISHI,GALANT V6-24,Petrol,Male,None,No tow/articulation,Did not leave carriageway,0,Going ahead other,1,Car,No,Front,2021
200550F41J390,A,383,NA,0,Fatal,None,23-04-2019,Sunday,1,Not at junction or within 20 metres,Not at junction or within 20 metres,18.6082448,Darkness - no lighting,279330,72200,73.92789184,E01020237,1,1,0,0,Dry,Single carriageway,None,60,22:35:00,Rural,Fine no high winds,No,21 - 25,11,Data missing or out of range,NA,98,None,Other permanent object,Data missing or out of range,Not at or within 20 metres of junction,YAMAHA,,Petrol,Male,None,No tow/articulation,Nearside and rebounded,0,Going ahead right-hand bend,1,Motorcycle 125cc and under,No,Front,2021
200637L013067,A,12,NA,0,Fatal,None,02-07-2019,Saturday,1,Data missing or out of range,Not at junction or within 20 metres,18.61234655,Darkness - no lighting,643620,273880,73.95408237,E01030219,8,2,0,0,Dry,Single carriageway,None,60,00:50:00,Rural,Fine no high winds,No,21 - 25,11,Rural,5,1948,None,None,Other/Not known (2005-10),Not at or within 20 metres of junction,RENAULT,LAGUNA RTI 2.0S,Petrol,Male,Skidded,No tow/articulation,Offside,0,Going ahead left-hand bend,1,Car,No,Front,2021
200837L015190,A,145,NA,0,Fatal,None,21-12-2020,Wednesday,1,Data missing or out of range,Not at junction or within 20 metres,22.69876726,Daylight,644470,278820,75.88622887,E01030229,3,1,0,0,Wet or damp,Single carriageway,None,60,07:05:00,Rural,Fine no high winds,No,21 - 25,11,Rural,5,1974,None,Tree,Journey as part of work,Not at or within 20 metres of junction,NISSAN,ALMERA 2.0D GX,Heavy oil,Male,None,No tow/articulation,Offside,0,Going ahead other,1,Car,No,Nearside,2020
200711AA11300,C,30,NA,0,Fatal,None,09-06-2019,Wednesday,1,Data missing or out of range,Not at junction or within 20 metres,26.47341217,Daylight,407410,536800,80.26865891,E01020906,1,1,0,0,Dry,Single carriageway,None,60,08:15:00,Rural,Fine no high winds,No,21 - 25,11,Urban area,4,6000,Bridge (side),Other permanent object,Journey as part of work,Not at or within 20 metres of junction,ERF,,Heavy oil,Male,Overturned,No tow/articulation,Nearside,0,Going ahead right-hand bend,1,Goods 7.5 tonnes mgw and over,No,Offside,2020
201042I177506,A,113,NA,0,Fatal,None,16-12-2019,Sunday,1,Not at junction or within 20 metres,Not at junction or within 20 metres,18.62679664,Daylight,550220,197390,73.88700367,E01021800,3,3,0,0,Dry,Single carriageway,None,60,19:10:00,Rural,Fine no high winds,No,21 - 25,11,Data missing or out of range,NA,1679,Kerb,Tree,Other/Not known (2005-10),Not at or within 20 metres of junction,FORD,PUMA 1.7 16V,Petrol,Male,Overturned,No tow/articulation,Offside,0,Going ahead other,1,Car,No,Front,2021
20103104D2271,C,74,NA,0,Fatal,None,15-03-2019,Tuesday,1,Data missing or out of range,Not at junction or within 20 metres,18.59432188,Daylight,460150,332020,73.77483087,E01028409,3,3,0,0,Dry,Single carriageway,None,60,08:20:00,Rural,Fine no high winds,No,21 - 25,11,Small town,10,1997,None,None,Commuting to/from work,Not at or within 20 metres of junction,PEUGEOT,206 GTI,Petrol,Male,None,No tow/articulation,Did not leave carriageway,0,Going ahead other,1,Car,No,Front,2021
200537B022832,A,1071,C,726,Fatal,None,12-08-2019,Tuesday,1,Give way or uncontrolled,T or staggered junction,26.76536073,Daylight,603390,243780,94.21864186,E01029911,1,2,0,0,Dry,Single carriageway,None,60,08:25:00,Rural,Fine no high winds,No,21 - 25,11,Rural,7,1391,None,None,Commuting to/from work,Mid Junction - on roundabout or on main road,FORD,ESCORT AZURA,Petrol,Female,Skidded,No tow/articulation,Did not leave carriageway,0,Going ahead right-hand bend,2,Car,No,Front,2019
20104100T1136,Motorway,1,NA,0,Fatal,None,07-09-2021,Friday,1,Not at junction or within 20 metres,Not at junction or within 20 metres,26.47663953,Darkness - lights lit,512390,200630,80.28081226,E01023733,1,6,0,0,Dry,Dual carriageway,None,70,19:50:00,Urban,Fine no high winds,No,16 - 20,11,Data missing or out of range,NA,1587,None,None,Other/Not known (2005-10),Not at or within 20 metres of junction,CITROEN,SAXO VTR,Petrol,Male,None,No tow/articulation,Did not leave carriageway,6,Parked,6,Car,No,Did not impact,2020
200642G036005,A,127,NA,0,Fatal,None,11-10-2021,Saturday,1,Not at junction or within 20 metres,Not at junction or within 20 metres,18.61693161,Darkness - lights lit,561510,188980,73.88902935,E01021473,4,3,0,0,Dry,Dual carriageway,None,70,22:30:00,Rural,Fine no high winds,No,16 - 20,11,Urban area,1,1590,None,Lamp post,Other/Not known (2005-10),Not at or within 20 metres of junction,HONDA,CIVIC 1.6I LS,Petrol,Female,Skidded and overturned,No tow/articulation,Offside - crossed central reservation,0,Overtaking - nearside,1,Car,No,Nearside,2021
201043W157110,A,4,NA,0,Fatal,None,02-01-2020,Saturday,1,Data missing or out of range,Not at junction or within 20 metres,27.09884341,Darkness - lights lit,460850,168200,93.62686095,E01016327,2,1,0,8,Wet or damp,Dual carriageway,None,70,17:52:00,Rural,Fine no high winds,No,21 - 25,11,Urban area,4,1108,Kerb,None,Other/Not known (2005-10),Not at or within 20 metres of junction,FIAT,SEICENTO SUITE,Petrol,Male,Skidded,No tow/articulation,Did not leave carriageway,0,Going ahead other,1,Car,No,Front,2019
200922D903562,Motorway,5,Motorway,5,Fatal,None,08-08-2021,Wednesday,1,Give way or uncontrolled,Slip road,28.43789427,Darkness - lights lit,389210,256830,77.04825378,E01032346,1,2,0,0,Dry,Dual carriageway,None,70,00:42:00,Rural,Fine no high winds,No,21 - 25,11,Urban area,3,1970,None,None,Other/Not known (2005-10),Approaching junction or waiting/parked at junction approach,ALFA ROMEO,SPIDER T SPARK 16 V,Petrol,Male,None,No tow/articulation,Did not leave carriageway,0,Changing lane to left,1,Car,No,Front,2019
200737G021936,A,14,A,14,Fatal,Any animal in carriageway (except ridden horse),25-09-2020,Monday,1,Give way or uncontrolled,Slip road,22.08637529,Darkness - no lighting,611130,253680,82.13631654,E01030057,6,6,0,0,Wet or damp,Dual carriageway,None,70,01:26:00,Rural,Fine no high winds,No,21 - 25,11,Urban area,3,1905,Any animal (except ridden horse),Tree,Other/Not known (2005-10),Cleared junction or waiting/parked at junction exit,PEUGEOT,306 1.9D SLALOM,Heavy oil,Male,Skidded,No tow/articulation,Nearside,0,Going ahead other,4,Car,No,Front,2019
200730M010076,Motorway,1,NA,0,Fatal,Other object on road,26-03-2021,Wednesday,1,Data missing or out of range,Not at junction or within 20 metres,18.57077652,Darkness - no lighting,446670,354930,73.81055743,E01019500,14,14,0,0,Dry,Dual carriageway,None,70,22:25:00,Rural,Fine no high winds,No,21 - 25,11,Urban area,4,2793,Other object,None,Other/Not known (2005-10),Not at or within 20 metres of junction,BMW,528I SE AUTO,Petrol,Male,None,No tow/articulation,Did not leave carriageway,0,Going ahead other,9,Car,No,Front,2021
200997NA70207,Motorway,8,NA,0,Fatal,Previous accident,07-04-2020,Saturday,1,Data missing or out of range,Not at junction or within 20 metres,22.95578295,Darkness - no lighting,285870,663940,73.79487037,,1,6,0,0,Dry,Dual carriageway,None,70,23:35:00,Rural,Fine no high winds,Yes,21 - 25,11,Urban area,NA,1372,Previous accident,None,Other/Not known (2005-10),Not at or within 20 metres of junction,FIAT,PUNTO GT,Petrol,Male,None,No tow/articulation,Did not leave carriageway,0,Going ahead left-hand bend,5,Car,No,Front,2021
200743P276117,A,40,NA,0,Fatal,None,05-11-2019,Tuesday,1,Data missing or out of range,Not at junction or within 20 metres,18.52776579,Darkness - no lighting,461100,205550,73.8741278,E01028639,2,4,0,0,Wet or damp,Dual carriageway,None,70,23:00:00,Rural,Other,No,21 - 25,11,Rural,9,1242,None,None,Other/Not known (2005-10),Not at or within 20 metres of junction,FIAT,PUNTO 75 SX,Petrol,Female,Overturned,No tow/articulation,Did not leave carriageway,0,Parked,2,Car,No,Back,2021
20064100T2071,A,1,NA,0,Fatal,None,11-08-2020,Monday,1,Not at junction or within 20 metres,Not at junction or within 20 metres,28.55992131,Daylight,523400,222830,77.27745545,E01023786,2,4,0,0,Dry,Dual carriageway,None,70,08:29:00,Urban,Fine no high winds,No,21 - 25,11,Urban area,6,893,None,None,Journey as part of work,Not at or within 20 metres of junction,HONDA,,Petrol,Male,None,No tow/articulation,Did not leave carriageway,0,Going ahead other,1,Motorcycle over 500cc,No,Front,2021
201054MA02810,Motorway,4,NA,0,Fatal,None,29-09-2020,Sunday,1,Not at junction or within 20 metres,Not at junction or within 20 metres,15.23021005,Daylight,417360,181260,74.05183842,E01015583,1,2,0,0,Dry,Dual carriageway,None,70,06:43:00,Rural,Fine no high winds,No,21 - 25,11,Urban area,1,2000,None,None,Other/Not known (2005-10),Not at or within 20 metres of junction,VOLKSWAGEN,GOLF GTI (115 BHP),Petrol,Female,Skidded and overturned,No tow/articulation,Did not leave carriageway,0,Going ahead other,1,Car,No,Nearside,2019
2010550C16090,A,338,NA,0,Fatal,None,13-07-2020,Friday,1,Not at junction or within 20 metres,Not at junction or within 20 metres,18.55500672,Daylight,413220,101630,73.95295076,E01020405,2,2,0,0,Dry,Dual carriageway,None,70,07:05:00,Rural,Fine no high winds,No,21 - 25,11,Rural,7,1299,None,None,Commuting to/from work,Not at or within 20 metres of junction,FORD,KA,Petrol,Female,None,No tow/articulation,Did not leave carriageway,0,Going ahead other,1,Car,No,Front,2021
200730D000153,A,38,NA,0,Fatal,None,12-08-2019,Friday,1,Data missing or out of range,Not at junction or within 20 metres,18.5089224,Darkness - lights lit,429830,330770,73.77345989,E01019839,3,1,0,0,Wet or damp,Dual carriageway,None,70,22:59:00,Rural,Fine no high winds,No,26 - 35,11,Data missing or out of range,NA,1396,None,Tree,Other/Not known (2005-10),Not at or within 20 metres of junction,ROVER,414 SI,Petrol,Male,Skidded,No tow/articulation,Nearside,0,Going ahead other,1,Car,No,Offside,2021
200697UD70402,A,77,NA,0,Fatal,Other object on road,31-01-2020,Thursday,1,Data missing or out of range,Not at junction or within 20 metres,28.5325564,Darkness - lights lit,238120,630420,77.20621431,,1,2,0,7,Dry,Dual carriageway,None,70,20:55:00,Rural,Fine no high winds,Yes,26 - 35,11,Urban area,NA,1998,None,None,Other/Not known (2005-10),Not at or within 20 metres of junction,VAUXHALL,VECTRA GLS 16V,Petrol,Female,None,No tow/articulation,Did not leave carriageway,0,Parked,2,Car,No,Offside,2020
20104100K0254,A,10,A,10,Fatal,None,25-12-2021,Friday,1,Give way or uncontrolled,Slip road,28.56207458,Darkness - no lighting,536240,209510,77.14232711,E01023322,2,3,0,0,Dry,Slip road,None,70,02:30:00,Rural,Fine no high winds,No,26 - 35,11,Urban area,10,1120,None,None,Other/Not known (2005-10),Leaving main road,ROVER,211 SE 8V,Petrol,Male,None,No tow/articulation,Nearside,0,Changing lane to left,1,Car,No,Front,2020
200850GC2H037,A,30,NA,0,Fatal,None,30-08-2020,Sunday,1,Not at junction or within 20 metres,Not at junction or within 20 metres,14.75525303,Darkness - no lighting,187630,55410,78.61960228,E01019063,10,2,0,0,Dry,Dual carriageway,None,70,16:43:00,Rural,Fine no high winds,No,26 - 35,11,Rural,4,1905,None,Entered ditch,Other/Not known (2005-10),Not at or within 20 metres of junction,CITROEN,SYNERGIE 1.9 TD SX,Heavy oil,Female,Skidded and overturned,No tow/articulation,Nearside,0,Changing lane to right,1,Car,No,Offside,2019
20054100G0583,A,505,NA,0,Fatal,None,16-05-2021,Saturday,1,Not at junction or within 20 metres,Not at junction or within 20 metres,26.4628265,Daylight,511840,225750,74.63801447,E01023624,1,2,0,0,Dry,Dual carriageway,None,70,10:47:00,Rural,Fine no high winds,No,26 - 35,11,Rural,6,1589,None,None,Other/Not known (2005-10),Not at or within 20 metres of junction,DAIHATSU,SPORTRAK ELX I,Petrol,Male,None,No tow/articulation,Did not leave carriageway,0,Going ahead other,1,Car,No,Front,2020
201042I253908,A,12,NA,0,Fatal,Previous accident,18-04-2020,Friday,1,Not at junction or within 20 metres,Not at junction or within 20 metres,22.70672346,Daylight,576100,210600,75.84735579,E01021537,3,6,0,0,Flood over 3cm. deep,Dual carriageway,None,70,17:29:00,Rural,Raining no high winds,No,26 - 35,11,Small town,7,1900,Previous accident,Road sign or traffic signal,Other/Not known (2005-10),Not at or within 20 metres of junction,VOLKSWAGEN,GOLF GT TDI,Heavy oil,Male,Skidded,No tow/articulation,Nearside,0,Going ahead other,4,Car,No,Nearside,2020
201050JN2K010,A,380,NA,0,Fatal,None,20-09-2020,Monday,1,Not at junction or within 20 metres,Not at junction or within 20 metres,28.64121812,Daylight,287970,73240,77.19110892,E01020251,4,2,0,0,Wet or damp,Dual carriageway,None,70,17:25:00,Rural,Raining no high winds,No,26 - 35,11,Rural,5,2198,None,None,Commuting to/from work,Not at or within 20 metres of junction,VAUXHALL,FRONTERA LIMITED,Petrol,Male,Overturned,No tow/articulation,Did not leave carriageway,0,Going ahead right-hand bend,2,Car,No,Back,2020
200732D387707,A,631,Unclassified,0,Fatal,None,23-11-2021,Monday,1,Auto traffic signal,T or staggered junction,14.71344373,Darkness - lights lit,482930,389400,78.63752981,E01026374,2,3,0,5,Wet or damp,Dual carriageway,None,70,20:10:00,Urban,Fine no high winds,No,36 - 45,11,Urban area,2,2830,None,None,Journey as part of work,Approaching junction or waiting/parked at junction approach,MITSUBISHI,,Heavy oil,Male,None,No tow/articulation,Did not leave carriageway,0,Parked,3,Car,No,Did not impact,2019
20104100T1114,Motorway,1,NA,0,Fatal,None,07-11-2021,Tuesday,1,Not at junction or within 20 metres,Not at junction or within 20 metres,28.54319629,Darkness - lights lit,512690,198460,77.17293455,E01023528,4,3,0,0,Wet or damp,Dual carriageway,None,70,20:57:00,Rural,Raining no high winds,No,36 - 45,11,Urban area,1,1998,None,Central crash barrier,Other/Not known (2005-10),Not at or within 20 metres of junction,VAUXHALL,VECTRA SRI 140,Petrol,Male,Skidded,No tow/articulation,Offside on to centrl res + rebounded,0,Overtaking - nearside,1,Car,No,Back,2020
200737B028630,C,765,NA,0,Fatal,None,05-02-2019,Wednesday,1,Data missing or out of range,Not at junction or within 20 metres,14.71050269,Daylight,585510,264270,78.60711484,E01030091,1,1,0,0,Wet or damp,Single carriageway,None,20,09:20:00,Urban,Raining no high winds,No,56 - 65,10,Rural,7,2495,None,None,Other/Not known (2005-10),Not at or within 20 metres of junction,LAND ROVER,DISCOVERY TDI AUTO,Heavy oil,Male,None,No tow/articulation,Did not leave carriageway,0,Moving off,1,Car,No,Front,2019
201001TB00833,A,2212,A,20,Fatal,None,24-11-2021,Saturday,1,Auto traffic signal,Crossroads,25.78813367,Darkness - lights lit,539840,174980,87.48129096,E01003286,1,2,0,5,Dry,Single carriageway,None,30,20:40:00,Urban,Fine no high winds,No,16 - 20,10,Data missing or out of range,NA,124,None,None,Other/Not known (2005-10),Approaching junction or waiting/parked at junction approach,YAMAHA,DT 125 R,Petrol,Male,None,No tow/articulation,Did not leave carriageway,0,Going ahead other,2,Motorcycle 125cc and under,No,Front,2019
200501TE00428,A,314,NA,0,Fatal,None,06-04-2021,Wednesday,1,Data missing or out of range,Not at junction or within 20 metres,26.461989,Darkness - lights lit,514030,174250,74.591941,E01003906,1,1,0,0,Dry,Single carriageway,None,30,21:30:00,Urban,Fine no high winds,No,16 - 20,10,Urban area,9,1590,Kerb,Bus stop or bus shelter,Other/Not known (2005-10),Not at or within 20 metres of junction,ROVER,416 SLI 16V TOURER,Petrol,Male,Skidded,No tow/articulation,Nearside,0,Going ahead other,1,Car,No,Nearside,2020
201006G034558,A,627,Unclassified,0,Fatal,None,20-03-2020,Friday,1,Give way or uncontrolled,T or staggered junction,26.47979331,Darkness - lights lit,393100,400790,80.28190969,E01005955,1,3,0,0,Dry,Single carriageway,None,30,01:47:00,Rural,Fine no high winds,No,16 - 20,10,Urban area,1,1753,None,Tree,Other/Not known (2005-10),Approaching junction or waiting/parked at junction approach,FORD,FOCUS ZETEC TD DI,Heavy oil,Male,Skidded,No tow/articulation,Straight ahead at junction,0,Turning left,1,Car,No,Front,2020
200601TD09039,A,23,NA,0,Fatal,None,23-06-2020,Sunday,1,Data missing or out of range,Not at junction or within 20 metres,28.67986909,Darkness - lights lit,530560,160480,77.30016585,E01001074,1,3,0,0,Dry,Single carriageway,None,30,20:20:00,Urban,Fine no high winds,No,16 - 20,10,Urban area,9,499,None,None,Other/Not known (2005-10),Not at or within 20 metres of junction,HONDA,,Petrol,Male,None,No tow/articulation,Did not leave carriageway,0,Overtaking moving vehicle - offside,1,Motorcycle over 125cc and up to 500cc,No,Nearside,2020
2009170M12399,B,1272,NA,0,Fatal,None,25-03-2021,Monday,1,Data missing or out of range,Not at junction or within 20 metres,28.68025114,Darkness - lights lit,449290,520020,77.23284004,E01012068,1,1,0,4,Dry,Single carriageway,None,30,20:13:00,Urban,Fine no high winds,No,16 - 20,10,Urban area,4,1242,None,None,Other/Not known (2005-10),Not at or within 20 metres of junction,FIAT,PUNTO S 60,Petrol,Male,None,No tow/articulation,Did not leave carriageway,0,Going ahead other,1,Car,No,Front,2021
20094100C0752,A,4178,NA,0,Fatal,None,25-09-2020,Friday,1,Not at junction or within 20 metres,Not at junction or within 20 metres,14.69955181,Darkness - lights lit,510980,195920,78.62855525,E01023862,4,2,0,0,Dry,Single carriageway,None,30,03:50:00,Urban,Fine no high winds,No,16 - 20,10,Urban area,1,1679,None,Lamp post,Other/Not known (2005-10),Not at or within 20 metres of junction,FORD,PUMA 1.7 16V,Petrol,Male,Skidded,No tow/articulation,Nearside and rebounded,0,Going ahead other,1,Car,No,Nearside,2019
201001TB00833,A,2212,A,20,Fatal,None,11-12-2010,Saturday,1,Auto traffic signal,Crossroads,51.456479,Darkness - lights lit,539840,174980,0.011366,E01003286,1,2,0,5,Dry,Single carriageway,None,30,20:40:00,Urban,Fine no high winds,No,16 - 20,10,Data missing or out of range,NA,124,None,None,Other/Not known (2005-10),Approaching junction or waiting/parked at junction approach,YAMAHA,DT 125 R,Petrol,Male,None,No tow/articulation,Did not leave carriageway,0,Going ahead other,2,Motorcycle 125cc and under,No,Front,2010
201006G034558,A,627,Unclassified,0,Fatal,None,30-07-2010,Friday,1,Give way or uncontrolled,T or staggered junction,53.503747,Darkness - lights lit,393100,400790,-2.105504,E01005955,1,3,0,0,Dry,Single carriageway,None,30,01:47:00,Rural,Fine no high winds,No,16 - 20,10,Urban area,1,1753,None,Tree,Other/Not known (2005-10),Approaching junction or waiting/parked at junction approach,FORD,FOCUS ZETEC TD DI,Heavy oil,Male,Skidded,No tow/articulation,Straight ahead at junction,0,Turning left,1,Car,No,Front,2010
200842I334509,B,1508,NA,0,Fatal,None,07-11-2020,Monday,1,Not at junction or within 20 metres,Not at junction or within 20 metres,23.02153015,Darkness - lights lit,596710,227630,72.65861506,E01021729,3,3,0,0,Dry,Single carriageway,None,30,23:26:00,Rural,Fine no high winds,No,16 - 20,10,Small town,8,1781,None,Road sign or traffic signal,Other/Not known (2005-10),Not at or within 20 metres of junction,AUDI,A3 1.8T SPORT,Petrol,Female,Skidded and overturned,No tow/articulation,Nearside,0,Overtaking moving vehicle - offside,1,Car,No,Offside,2019
200701TD00087,A,21,NA,0,Fatal,None,26-12-2019,Saturday,1,Data missing or out of range,Not at junction or within 20 metres,28.61404945,Darkness - lights lit,541170,168080,77.29084525,E01000671,5,1,0,0,Dry,Single carriageway,None,30,23:45:00,Urban,Fine no high winds,No,16 - 20,10,Urban area,2,1598,Kerb,Lamp post,Other/Not known (2005-10),Not at or within 20 metres of junction,VAUXHALL,ASTRA ARCTIC 16V,Petrol,Female,None,No tow/articulation,Nearside and rebounded,0,Going ahead other,1,Car,No,Front,2020
200905BB30247,Unclassified,0,NA,0,Fatal,None,10-08-2021,Saturday,1,Data missing or out of range,Not at junction or within 20 metres,28.61731654,Darkness - lights lit,333370,413870,77.07503718,E01006930,1,1,0,0,Wet or damp,Single carriageway,None,30,17:15:00,Urban,Raining + high winds,No,16 - 20,10,Urban area,4,1905,None,None,Other/Not known (2005-10),Not at or within 20 metres of junction,PEUGEOT,306 MERIDIAN TURBO DIESEL,Heavy oil,Male,None,No tow/articulation,Did not leave carriageway,0,Going ahead left-hand bend,1,Car,No,Front,2021
200706M085541,C,0,NA,0,Fatal,None,05-01-2019,Saturday,1,Not at junction or within 20 metres,Not at junction or within 20 metres,28.5682733,Darkness - lights lit,374550,395830,77.11699567,E01006124,5,1,0,0,Frost or ice,Single carriageway,None,30,22:10:00,Urban,Raining + high winds,No,16 - 20,10,Urban area,9,1124,Bollard or refuge,Other permanent object,Other/Not known (2005-10),Not at or within 20 metres of junction,PEUGEOT,106 XL INDEPENDENCE,Petrol,Male,Skidded,No tow/articulation,Offside,0,Going ahead other,1,Car,No,Nearside,2021
201043P002100,Unclassified,256,NA,0,Fatal,None,03-10-2020,Friday,1,Data missing or out of range,Not at junction or within 20 metres,18.64424503,Darkness - no lighting,458230,204400,73.81632289,E01028683,5,1,0,0,Wet or damp,Single carriageway,None,30,20:36:00,Rural,Fine no high winds,No,16 - 20,10,Rural,8,1242,None,Other permanent object,Other/Not known (2005-10),Not at or within 20 metres of junction,FIAT,PUNTO 1.2,Petrol,Male,Skidded,No tow/articulation,Offside,0,Going ahead other,1,Car,No,Nearside,2021
200950BS2G028,A,38,NA,0,Fatal,None,30-12-2021,Sunday,1,Not at junction or within 20 metres,Not at junction or within 20 metres,18.60066682,Darkness - no lighting,239850,59830,73.83262879,E01018787,1,1,0,0,Wet or damp,Single carriageway,None,30,05:17:00,Rural,Raining + high winds,No,16 - 20,10,Small town,7,1360,None,Tree,Other/Not known (2005-10),Not at or within 20 metres of junction,PEUGEOT,206 GLX,Petrol,Male,None,No tow/articulation,Offside,0,Going ahead right-hand bend,1,Car,No,Nearside,2021
200901TC00211,A,1009,Unclassified,0,Fatal,None,21-03-2021,Friday,1,Give way or uncontrolled,T or staggered junction,27.08945345,Daylight,538920,193010,93.62655131,E01004384,1,2,0,0,Dry,Single carriageway,None,30,11:12:00,Urban,Fine no high winds,No,16 - 20,10,Urban area,5,599,None,None,Other/Not known (2005-10),Mid Junction - on roundabout or on main road,HONDA,CB600 HORNET,Petrol,Male,None,No tow/articulation,Did not leave carriageway,0,Going ahead other,2,Motorcycle over 500cc,No,Front,2019
20053102C1875,A,6008,Unclassified,0,Fatal,None,19-07-2020,Friday,1,Auto traffic signal,T or staggered junction,27.09627973,Darkness - lights lit,457090,340060,93.62487959,E01013816,1,1,0,5,Dry,Single carriageway,None,30,20:58:00,Urban,Fine no high winds,No,21 - 25,10,Urban area,5,NA,None,None,Journey as part of work,Leaving main road,VOLVO,,Heavy oil,Male,None,No tow/articulation,Did not leave carriageway,2,Turning left,1,Bus or coach (17 or more pass seats),No,Front,2019
20074100C0033,A,4125,NA,0,Fatal,None,07-01-2019,Thursday,1,Not at junction or within 20 metres,Not at junction or within 20 metres,25.7920087,Darkness - lights lit,510230,194010,87.47016278,E01023845,2,1,0,0,Dry,Single carriageway,None,30,00:03:00,Rural,Fine no high winds,No,21 - 25,10,Urban area,6,2398,None,Tree,Other/Not known (2005-10),Not at or within 20 metres of junction,MERCEDES,C240 SPORT AUTO,Petrol,Male,None,No tow/articulation,Offside and rebounded,0,Going ahead left-hand bend,1,Car,No,Front,2019
200997QB71005,Unclassified,0,Unclassified,0,Fatal,None,23-12-2020,Saturday,1,Give way or uncontrolled,T or staggered junction,25.77416308,Darkness - lights lit,271460,653460,87.49437022,,1,1,0,0,Dry,Single carriageway,None,30,01:08:00,Urban,Fine no high winds,Yes,21 - 25,10,Urban area,NA,1998,Kerb,Other permanent object,Other/Not known (2005-10),Approaching junction or waiting/parked at junction approach,VAUXHALL,VECTRA SRI 140,Petrol,Male,Skidded,No tow/articulation,Offside,0,Going ahead left-hand bend,1,Car,No,Front,2019
200932D371509,A,156,Unclassified,0,Fatal,None,19-01-2020,Wednesday,1,Auto traffic signal,Mini-roundabout,8.866720691,Darkness - lights lit,481710,389010,76.64964681,E01026383,2,1,0,4,Wet or damp,Single carriageway,None,30,17:16:00,Urban,Fine no high winds,No,21 - 25,10,Urban area,6,1598,None,None,Other/Not known (2005-10),Cleared junction or waiting/parked at junction exit,VAUXHALL,CORSA SPORT 1.6I,Petrol,Male,Skidded,No tow/articulation,Did not leave carriageway,0,Going ahead other,1,Car,No,Front,2020
200701SX68005,Unclassified,0,Unclassified,0,Fatal,None,14-03-2019,Sunday,1,Give way or uncontrolled,T or staggered junction,26.46292043,Darkness - lights lit,526140,190680,74.63374744,E01000319,1,2,0,0,Dry,Single carriageway,None,30,00:29:00,Urban,Fine no high winds,No,21 - 25,10,Urban area,3,2498,None,None,Other/Not known (2005-10),Mid Junction - on roundabout or on main road,VAUXHALL,OMEGA 2.5 V6 SELECT,Petrol,Male,None,No tow/articulation,Did not leave carriageway,0,Going ahead other,2,Car,No,Nearside,2020