Accident_Index,1st_Road_Class,1st_Road_Number,2nd_Road_Class,2nd_Road_Number,Accident_Severity,Carriageway_Hazards,Date,Day_of_Week,Did_Police_Officer_Attend_Scene_of_Accident,Junction_Control,Junction_Detail,Latitude,Light_Conditions,Location_Easting_OSGR,Location_Northing_OSGR,Longitude,LSOA_of_Accident_Location,Number_of_Casualties,Number_of_Vehicles,Pedestrian_Crossing-Human_Control,Pedestrian_Crossing-Physical_Facilities,Road_Surface_Conditions,Road_Type,Special_Conditions_at_Site,Speed_limit,Time,Urban_or_Rural_Area,Weather_Conditions,InScotland,Age_Band_of_Driver,Age_of_Vehicle,Driver_Home_Area_Type,Driver_IMD_Decile,Engine_Capacity_.CC.,Hit_Object_in_Carriageway,Hit_Object_off_Carriageway,Journey_Purpose_of_Driver,Junction_Location,make,model,Propulsion_Code,Sex_of_Driver,Skidding_and_Overturning,Towing_and_Articulation,Vehicle_Leaving_Carriageway,Vehicle_Location.Restricted_Lane,Vehicle_Manoeuvre,Vehicle_Reference,Vehicle_Type,Was_Vehicle_Left_Hand_Drive,X1st_Point_of_Impact,Year
201020N028370,A,38,NA,0,Fatal,None,05-09-2019,Tuesday,1,Data missing or out of range,Not at junction or within 20 metres,21.39918102,Darkness - lights lit,409820,290040,80.55964787,E01009401,1,1,0,0,Dry,Dual carriageway,None,40,20:45:00,Urban,Fine no high winds,No,36 - 45,10,Urban area,1,600,Kerb,Other permanent object,Other/Not known (2005-10),Not at or within 20 metres of junction,SUZUKI,GSX R600X,Petrol,Male,None,No tow/articulation,Nearside,0,Going ahead right-hand bend,1,Motorcycle over 500cc,No,Front,2021
201045SU49438,B,386,Unclassified,0,Fatal,None,15-07-2020,Wednesday,1,Give way or uncontrolled,Private drive or entrance,26.74968438,Darkness - no lighting,494900,164520,94.18934472,E01030811,1,2,0,0,Dry,Single carriageway,None,40,20:20:00,Rural,Fine no high winds,No,36 - 45,10,Urban area,6,645,None,None,Journey as part of work,Approaching junction or waiting/parked at junction approach,SUZUKI,SV 650 SY,Petrol,Male,None,No tow/articulation,Did not leave carriageway,0,Going ahead other,2,Motorcycle over 125cc and up to 500cc,No,Front,2019
200542B019205,A,176,NA,0,Fatal,None,05-09-2019,Wednesday,1,Data missing or out of range,Not at junction or within 20 metres,28.72089862,Daylight,568470,190840,77.20223057,E01021261,5,2,0,0,Dry,Single carriageway,None,40,14:27:00,Urban,Fine no high winds,No,36 - 45,10,Urban area,10,1590,None,None,Other/Not known (2005-10),Not at or within 20 metres of junction,ROVER,216 CABRIOLET SE,Petrol,Female,None,No tow/articulation,Did not leave carriageway,0,Going ahead other,2,Car,No,Front,2021
200920D019702,Unclassified,0,A,453,Fatal,None,01-11-2019,Thursday,1,Auto traffic signal,Crossroads,13.03025379,Daylight,408590,293100,77.59561518,E01009123,1,1,0,5,Wet or damp,Dual carriageway,None,40,09:43:00,Urban,Other,No,36 - 45,10,Urban area,5,3378,None,None,Other/Not known (2005-10),Approaching junction or waiting/parked at junction approach,TOYOTA,4-RUNNER,Petrol,Male,None,No tow/articulation,Did not leave carriageway,0,Going ahead other,1,Car,No,Front,2020
200820D137203,B,4128,Unclassified,0,Fatal,None,19-07-2021,Tuesday,1,Auto traffic signal,Crossroads,27.10461688,Darkness - lights lit,412080,286900,93.63097086,E01009477,5,2,0,5,Dry,Dual carriageway,None,40,23:00:00,Urban,Fine no high winds,No,46 - 55,10,Urban area,2,1998,None,None,Other/Not known (2005-10),Mid Junction - on roundabout or on main road,VAUXHALL,VECTRA SRI 140,Petrol,Male,None,No tow/articulation,Did not leave carriageway,0,Turning right,2,Car,No,Front,2019
201006P037217,A,640,Unclassified,0,Fatal,None,06-01-2020,Monday,1,Give way or uncontrolled,T or staggered junction,19.12068945,Darkness - lights lit,392830,412180,72.93583052,E01005560,1,2,0,0,Dry,Single carriageway,None,40,06:20:00,Urban,Fine no high winds,No,46 - 55,10,Urban area,2,1300,None,None,Other/Not known (2005-10),Approaching junction or waiting/parked at junction approach,YAMAHA,,Petrol,Male,Skidded,No tow/articulation,Did not leave carriageway,0,Going ahead other,1,Motorcycle over 500cc,No,Front,2021
201006P037217,A,640,Unclassified,0,Fatal,None,11-10-2010,Monday,1,Give way or uncontrolled,T or staggered junction,53.606123,Darkness - lights lit,392830,412180,-2.109839,E01005560,1,2,0,0,Dry,Single carriageway,None,40,06:20:00,Urban,Fine no high winds,No,46 - 55,10,Urban area,2,1300,None,None,Other/Not known (2005-10),Approaching junction or waiting/parked at junction approach,YAMAHA,,Petrol,Male,Skidded,No tow/articulation,Did not leave carriageway,0,Going ahead other,1,Motorcycle over 500cc,No,Front,2010
200522FE42803,A,49,NA,0,Fatal,None,24-04-2019,Tuesday,1,Data missing or out of range,Not at junction or within 20 metres,22.07150157,Daylight,353800,324590,82.11629382,E01028883,2,2,0,0,Dry,Single carriageway,None,40,15:55:00,Rural,Fine no high winds,No,46 - 55,10,Rural,5,11000,None,None,Journey as part of work,Not at or within 20 metres of junction,SCANIA,,Heavy oil,Male,Skidded and overturned,Single trailer,Did not leave carriageway,0,Going ahead right-hand bend,2,Goods 7.5 tonnes mgw and over,No,Front,2019
200932C131009,A,158,NA,0,Fatal,None,11-01-2021,Friday,1,Data missing or out of range,Not at junction or within 20 metres,26.45438768,Daylight,515270,377210,80.30211962,E01026121,4,2,0,0,Wet or damp,Single carriageway,None,40,17:30:00,Rural,Fine no high winds,No,46 - 55,10,Urban area,9,1896,None,None,Other/Not known (2005-10),Not at or within 20 metres of junction,SEAT,TOLEDO SE TDI,Heavy oil,Male,None,No tow/articulation,Did not leave carriageway,0,Going ahead right-hand bend,2,Car,No,Front,2020
2010160D03851,A,63,A,1165,Fatal,None,22-11-2020,Friday,1,Give way or uncontrolled,Roundabout,28.66332137,Daylight,510690,428850,77.28019998,E01012811,1,2,0,8,Wet or damp,Roundabout,None,40,07:26:00,Urban,Fine no high winds,No,46 - 55,10,Urban area,4,11000,None,None,Journey as part of work,Mid Junction - on roundabout or on main road,ERF,,Heavy oil,Male,None,Articulated vehicle,Did not leave carriageway,0,Going ahead other,1,Goods 7.5 tonnes mgw and over,No,Nearside,2020
200750F51G773,A,381,NA,0,Fatal,None,18-06-2019,Monday,1,Not at junction or within 20 metres,Not at junction or within 20 metres,19.06488371,Daylight,280030,59910,72.89734981,E01020184,3,2,0,0,Dry,Single carriageway,None,40,12:44:00,Rural,Fine no high winds,No,46 - 55,10,Small town,5,2498,None,None,Data missing or out of range,Not at or within 20 metres of junction,VAUXHALL,OMEGA TOURER,Petrol,Male,None,No tow/articulation,Did not leave carriageway,0,Going ahead other,1,Car,No,Front,2021
2010160D03851,A,63,A,1165,Fatal,None,20-08-2010,Friday,1,Give way or uncontrolled,Roundabout,53.744277,Daylight,510690,428850,-0.323049,E01012811,1,2,0,8,Wet or damp,Roundabout,None,40,07:26:00,Urban,Fine no high winds,No,46 - 55,10,Urban area,4,11000,None,None,Journey as part of work,Mid Junction - on roundabout or on main road,ERF,,Heavy oil,Male,None,Articulated vehicle,Did not leave carriageway,0,Going ahead other,1,Goods 7.5 tonnes mgw and over,No,Nearside,2010
200942I020101,A,1060,A,1060,Fatal,None,04-04-2021,Friday,1,Auto traffic signal,Other junction,22.10332215,Daylight,570140,207270,82.13522941,E01021575,1,1,0,5,Wet or damp,Dual carriageway,None,40,10:50:00,Urban,Raining + high winds,No,46 - 55,10,Urban area,7,1984,None,None,Other/Not known (2005-10),Mid Junction - on roundabout or on main road,SEAT,ALHAMBRA 2.0,Petrol,Male,None,No tow/articulation,Did not leave carriageway,0,Going ahead other,1,Car,No,Front,2019
200614C150306,Unclassified,0,Unclassified,0,Fatal,None,21-11-2019,Thursday,1,Give way or uncontrolled,Private drive or entrance,27.09811704,Daylight,449620,393960,93.61624938,E01007691,1,2,0,0,Wet or damp,Single carriageway,None,40,14:36:00,Urban,Raining no high winds,No,46 - 55,10,Urban area,4,9600,None,None,Journey as part of work,Approaching junction or waiting/parked at junction approach,VOLVO,,Heavy oil,Male,None,No tow/articulation,Did not leave carriageway,0,Slowing or stopping,2,Bus or coach (17 or more pass seats),No,Front,2019
201022D004956,B,4190,Unclassified,0,Fatal,None,16-01-2020,Tuesday,1,Give way or uncontrolled,T or staggered junction,18.63284911,Darkness - lights lit,381090,277250,73.75911555,E01032452,2,2,0,0,Dry,Single carriageway,None,40,15:00:00,Rural,Fine no high winds,No,56 - 65,10,Urban area,8,2300,None,None,Journey as part of work,Mid Junction - on roundabout or on main road,LDV,CUB DIESEL,Heavy oil,Male,None,No tow/articulation,Did not leave carriageway,0,Going ahead other,2,Van / Goods 3.5 tonnes mgw or under,No,Front,2021
2007400B00142,C,185,NA,0,Fatal,None,19-01-2020,Thursday,1,Data missing or out of range,Not at junction or within 20 metres,28.56595946,Darkness - no lighting,525190,245960,77.22858475,E01017425,1,2,0,0,Dry,Single carriageway,None,40,18:39:00,Rural,Fine + high winds,No,56 - 65,10,Data missing or out of range,NA,3972,None,None,Journey as part of work,Not at or within 20 metres of junction,MERCEDES,,Heavy oil,Male,None,No tow/articulation,Did not leave carriageway,0,Going ahead other,2,Minibus (8 - 16 passenger seats),No,Did not impact,2020
20104100K0543,A,10,B,198,Fatal,None,22-10-2020,Wednesday,1,Auto traffic signal,Crossroads,8.882546811,Daylight,535320,202230,76.63600197,E01023294,1,2,0,7,Dry,Dual carriageway,None,40,07:05:00,Urban,Fine no high winds,No,56 - 65,10,Urban area,2,599,None,None,Commuting to/from work,Mid Junction - on roundabout or on main road,YAMAHA,FZS 600,Petrol,Male,None,No tow/articulation,Did not leave carriageway,0,Going ahead other,2,Motorcycle over 500cc,No,Front,2020
200520G097401,A,4150,NA,0,Fatal,None,26-05-2019,Thursday,1,Data missing or out of range,Not at junction or within 20 metres,22.09618237,Daylight,391060,298260,82.17978411,E01010521,3,3,0,4,Wet or damp,Dual carriageway,None,40,11:20:00,Urban,Other,No,66 - 75,10,Urban area,1,1389,None,None,Commuting to/from work,Not at or within 20 metres of junction,VAUXHALL,ASTRA MERIT AUTO,Petrol,Male,Skidded,No tow/articulation,Did not leave carriageway,0,Going ahead other,2,Car,No,Front,2019
201020K012000,A,4182,Unclassified,0,Fatal,None,03-12-2020,Friday,1,Give way or uncontrolled,T or staggered junction,28.63176838,Daylight,401130,289930,77.14429161,E01010101,1,2,0,0,Dry,Dual carriageway,None,40,13:09:00,Urban,Fine no high winds,No,Over 75,10,Urban area,2,1242,None,None,Other/Not known (2005-10),Leaving main road,FIAT,PUNTO ELX 8V,Petrol,Male,None,No tow/articulation,Did not leave carriageway,0,Turning right,1,Car,No,Nearside,2020
200614A198706,A,18,NA,0,Fatal,None,10-07-2021,Wednesday,1,Data missing or out of range,Not at junction or within 20 metres,18.64333903,Darkness - lights lit,463040,407070,73.88925147,E01007475,5,4,0,0,Dry,Single carriageway,None,50,19:05:00,Rural,Fine no high winds,No,16 - 20,10,Rural,9,1242,None,None,Other/Not known (2005-10),Not at or within 20 metres of junction,FIAT,PUNTO 75 SX,Petrol,Male,None,No tow/articulation,Did not leave carriageway,0,Going ahead other,3,Car,No,Offside,2021
200505AW00218,A,540,Unclassified,0,Fatal,None,27-08-2021,Friday,1,Give way or uncontrolled,T or staggered junction,18.0215639,Darkness - lights lit,324110,384910,69.88683512,E01007284,7,3,0,0,Wet or damp,Single carriageway,None,50,23:50:00,Rural,Raining + high winds,No,16 - 20,10,Urban area,10,1108,None,None,Other/Not known (2005-10),Cleared junction or waiting/parked at junction exit,FIAT,PUNTO 55 SX,Petrol,Male,Skidded,No tow/articulation,Did not leave carriageway,0,Going ahead left-hand bend,3,Car,No,Front,2021
200950BB2B001,B,3266,Unclassified,0,Fatal,None,23-04-2020,Monday,1,Give way or uncontrolled,T or staggered junction,26.46089879,Darkness - no lighting,206410,74380,74.59071933,E01018923,1,2,0,0,Wet or damp,Single carriageway,None,50,21:30:00,Rural,Fine no high winds,No,16 - 20,10,Rural,4,1796,None,Other permanent object,Other/Not known (2005-10),Cleared junction or waiting/parked at junction exit,VAUXHALL,,Petrol,Male,Skidded,No tow/articulation,Offside,0,Going ahead left-hand bend,1,Car,No,Front,2020
200863CP21008,A,4076,Unclassified,0,Fatal,None,04-09-2019,Sunday,1,Give way or uncontrolled,T or staggered junction,14.77704497,Darkness - no lighting,193600,211800,78.48982158,W01000575,1,4,0,0,Dry,Single carriageway,None,50,21:55:00,Rural,Fine no high winds,No,16 - 20,10,Urban area,NA,49,None,None,Other/Not known (2005-10),Mid Junction - on roundabout or on main road,SUZUKI,AY 50 WV,Petrol,Male,None,No tow/articulation,Did not leave carriageway,0,U-turn,1,Motorcycle 50cc and under,No,Offside,2019
200543P122015,A,420,NA,0,Fatal,None,11-11-2019,Monday,1,Data missing or out of range,Not at junction or within 20 metres,26.46932096,Darkness - no lighting,433690,197460,74.6343731,E01028737,2,2,0,0,Dry,Single carriageway,None,50,05:55:00,Rural,Fine no high winds,No,26 - 35,10,Urban area,NA,1108,None,None,Commuting to/from work,Not at or within 20 metres of junction,FIAT,PUNTO 55 SX,Petrol,Male,Skidded,No tow/articulation,Offside,0,Going ahead other,1,Car,No,Front,2020
200701KD65034,A,1306,C,0,Fatal,None,07-05-2021,Tuesday,1,Auto traffic signal,Crossroads,26.74534367,Daylight,553120,182480,94.17925028,E01002342,3,2,0,5,Dry,Single carriageway,None,50,17:09:00,Urban,Fine + high winds,No,26 - 35,10,Urban area,7,918,None,None,Other/Not known (2005-10),Cleared junction or waiting/parked at junction exit,HONDA,,Petrol,Male,None,No tow/articulation,Did not leave carriageway,0,Going ahead other,1,Motorcycle over 500cc,No,Front,2019
20104100C1071,A,41,C,76,Fatal,None,26-02-2019,Tuesday,1,Give way or uncontrolled,T or staggered junction,15.19836478,Daylight,508460,199860,73.97779079,E01023831,3,2,0,0,Wet or damp,Dual carriageway,Road sign or marking defective or obscured,50,12:13:00,Rural,Fine + high winds,No,26 - 35,10,Urban area,5,11967,None,None,Journey as part of work,Mid Junction - on roundabout or on main road,MAN,,Heavy oil,Male,Skidded,No tow/articulation,Did not leave carriageway,0,Going ahead other,2,Goods 7.5 tonnes mgw and over,No,Front,2019
200643P271036,A,338,NA,0,Fatal,None,05-05-2020,Monday,1,Data missing or out of range,Not at junction or within 20 metres,18.58979031,Daylight,443530,195880,73.86830814,E01028726,4,3,0,0,Dry,Single carriageway,None,50,13:08:00,Rural,Fine no high winds,No,26 - 35,10,Data missing or out of range,NA,2156,None,None,Other/Not known (2005-10),Not at or within 20 metres of junction,HONDA,ACCORD 2.2I VTEC,Petrol,Female,Skidded,No tow/articulation,Did not leave carriageway,0,Going ahead left-hand bend,2,Car,No,Front,2021
201006F038203,A,57,NA,0,Fatal,None,30-03-2019,Saturday,1,Data missing or out of range,Not at junction or within 20 metres,22.05879558,Daylight,374190,396870,82.18610898,E01005605,1,2,0,0,Dry,Dual carriageway,None,50,11:18:00,Urban,Fine no high winds,No,36 - 45,10,Urban area,3,1590,None,None,Other/Not known (2005-10),Not at or within 20 metres of junction,HONDA,CIVIC SE EXECUTIVE AUTO,Petrol,Female,None,No tow/articulation,Did not leave carriageway,0,Going ahead other,1,Car,No,Front,2019
201006F038203,A,57,NA,0,Fatal,None,06-11-2010,Saturday,1,Data missing or out of range,Not at junction or within 20 metres,53.467921,Daylight,374190,396870,-2.390277,E01005605,1,2,0,0,Dry,Dual carriageway,None,50,11:18:00,Urban,Fine no high winds,No,36 - 45,10,Urban area,3,1590,None,None,Other/Not known (2005-10),Not at or within 20 metres of junction,HONDA,CIVIC SE EXECUTIVE AUTO,Petrol,Female,None,No tow/articulation,Did not leave carriageway,0,Going ahead other,1,Car,No,Front,2010
200945TA34913,C,88,NA,0,Fatal,None,26-07-2019,Tuesday,1,Data missing or out of range,Not at junction or within 20 metres,25.77312783,Darkness - no lighting,538730,142850,87.47436396,E01030822,2,3,0,0,Frost or ice,Single carriageway,None,50,21:44:00,Rural,Fine no high winds,No,46 - 55,10,Urban area,10,1392,None,None,Other/Not known (2005-10),Not at or within 20 metres of junction,NISSAN,ALMERA GX,Petrol,Male,Skidded and overturned,No tow/articulation,Did not leave carriageway,0,Going ahead other,1,Car,No,Front,2019
20093104D1760,A,60,NA,0,Fatal,None,22-08-2021,Saturday,1,Data missing or out of range,Not at junction or within 20 metres,28.48695187,Darkness - no lighting,455190,356110,76.97482058,E01028200,2,1,0,0,Wet or damp,Single carriageway,None,50,04:15:00,Rural,Raining no high winds,No,46 - 55,10,Urban area,2,1970,None,Other permanent object,Other/Not known (2005-10),Not at or within 20 metres of junction,ALFA ROMEO,156 TS SELESPEED,Petrol,Male,Skidded and overturned,No tow/articulation,Nearside,0,Going ahead right-hand bend,1,Car,No,Front,2019
200942I267008,Motorway,25,NA,0,Fatal,None,22-10-2019,Sunday,1,Not at junction or within 20 metres,Not at junction or within 20 metres,18.63506546,Daylight,546990,200000,73.75737966,E01021759,1,2,0,0,Dry,Single carriageway,Roadworks,50,12:00:00,Rural,Fine no high winds,No,46 - 55,10,Urban area,4,4398,None,None,Other/Not known (2005-10),Not at or within 20 metres of junction,BMW,740I L AUTO,Petrol,Male,None,No tow/articulation,Did not leave carriageway,0,Slowing or stopping,2,Car,No,Did not impact,2021
2009559D04412,A,31,NA,0,Fatal,None,12-10-2021,Tuesday,1,Not at junction or within 20 metres,Not at junction or within 20 metres,19.11843353,Darkness - lights lit,409360,101730,72.83806653,E01020425,1,2,0,0,Dry,Dual carriageway,None,50,17:55:00,Rural,Fine no high winds,No,66 - 75,10,Urban area,8,2664,None,None,Other/Not known (2005-10),Not at or within 20 metres of junction,NISSAN,TERRANO 2.7 TD XTREME,Heavy oil,Male,None,No tow/articulation,Did not leave carriageway,0,Overtaking moving vehicle - offside,1,Car,No,Nearside,2021
200830A000638,A,6,NA,0,Fatal,None,14-08-2020,Saturday,1,Data missing or out of range,Not at junction or within 20 metres,17.15336575,Darkness - lights lit,434760,350020,85.45620822,E01019428,2,3,0,0,Wet or damp,Single carriageway,None,50,18:30:00,Rural,Fine no high winds,No,Over 75,10,Urban area,7,1389,None,None,Other/Not known (2005-10),Not at or within 20 metres of junction,VAUXHALL,CORSA LS 1.4I,Petrol,Male,None,No tow/articulation,Did not leave carriageway,0,Going ahead right-hand bend,1,Car,No,Front,2021
200734NC80187,A,6003,C,97,Fatal,None,23-10-2020,Thursday,1,Give way or uncontrolled,T or staggered junction,18.48964315,Daylight,486040,283500,73.80492427,E01027090,1,2,0,0,Dry,Single carriageway,None,50,12:05:00,Rural,Fine no high winds,No,Over 75,10,Data missing or out of range,NA,1598,None,None,Other/Not known (2005-10),Entering main road,VAUXHALL,ASTRA MERIT AUTO,Petrol,Male,None,No tow/articulation,Did not leave carriageway,0,Turning right,1,Car,No,Offside,2021
200832D264108,C,223,NA,0,Fatal,None,28-01-2019,Monday,1,Data missing or out of range,Not at junction or within 20 metres,28.65221118,Darkness - no lighting,502990,377530,77.3308209,E01026405,2,3,0,0,Dry,Single carriageway,None,60,20:23:00,Rural,Fine no high winds,No,16 - 20,10,Small town,9,124,None,None,Other/Not known (2005-10),Not at or within 20 metres of junction,PIAGGIO,T5 125,Petrol,Male,Skidded,No tow/articulation,Nearside,0,Going ahead other,2,Motorcycle 125cc and under,No,Front,2020
200942I146505,Unclassified,0,NA,0,Fatal,Previous accident,06-10-2021,Monday,1,Not at junction or within 20 metres,Not at junction or within 20 metres,19.11206353,Darkness - no lighting,601250,218830,72.88008726,E01021694,2,2,0,0,Dry,Single carriageway,None,60,23:15:00,Rural,Fine no high winds,No,16 - 20,10,Small town,7,1124,None,Tree,Other/Not known (2005-10),Not at or within 20 metres of junction,PEUGEOT,106 XN ZEST 2,Petrol,Female,Skidded,No tow/articulation,Nearside and rebounded,0,Going ahead right-hand bend,1,Car,No,Nearside,2021
200945GU42647,Unclassified,46,NA,0,Fatal,None,03-07-2020,Thursday,1,Data missing or out of range,Not at junction or within 20 metres,28.46088275,Daylight,490410,154620,77.0090604,E01030466,5,1,0,0,Dry,Single carriageway,Auto traffic signal - out,60,13:16:00,Rural,Fine no high winds,No,16 - 20,10,Urban area,9,1997,None,Tree,Other/Not known (2005-10),Not at or within 20 metres of junction,PEUGEOT,306 LX HDI,Heavy oil,Male,Skidded,No tow/articulation,Offside,0,Going ahead right-hand bend,1,Car,No,Front,2019
200997LA70110,A,814,NA,0,Fatal,None,30-04-2019,Thursday,1,Data missing or out of range,Not at junction or within 20 metres,19.1364108,Daylight,233560,678340,72.86143387,,2,3,0,0,Dry,Single carriageway,None,60,07:58:00,Rural,Fine no high winds,Yes,16 - 20,10,Rural,NA,973,None,None,Other/Not known (2005-10),Not at or within 20 metres of junction,VAUXHALL,CORSA BREEZE 12V,Petrol,Male,None,No tow/articulation,Did not leave carriageway,0,Going ahead other,3,Car,No,Front,2021
20073108B2571,C,2,C,12,Fatal,None,07-06-2021,Tuesday,1,Give way or uncontrolled,Crossroads,26.73244028,Daylight,478520,378130,94.17378626,E01028033,3,2,0,0,Dry,Single carriageway,None,60,17:58:00,Rural,Fine no high winds,No,16 - 20,10,Rural,3,1195,None,None,Other/Not known (2005-10),Mid Junction - on roundabout or on main road,VAUXHALL,CORSA MERIT 1.2,Petrol,Male,Overturned,No tow/articulation,Did not leave carriageway,0,Moving off,2,Car,No,Nearside,2019
201032C286410,A,1121,NA,0,Fatal,None,28-07-2020,Friday,1,Data missing or out of range,Not at junction or within 20 metres,13.01841102,Daylight,522630,343100,77.5103419,E01026033,2,3,0,0,Wet or damp,Single carriageway,None,60,07:56:00,Rural,Raining + high winds,No,16 - 20,10,Urban area,4,1587,None,Other permanent object,Other/Not known (2005-10),Not at or within 20 metres of junction,PEUGEOT,206 GLX,Petrol,Male,Skidded,No tow/articulation,Nearside,0,Overtaking moving vehicle - offside,1,Car,No,Nearside,2019
2007600DE7038,A,5,NA,0,Fatal,None,02-04-2019,Saturday,1,Data missing or out of range,Not at junction or within 20 metres,8.88071456,Daylight,309920,343390,76.69540203,,6,2,0,0,Wet or damp,Single carriageway,None,60,14:02:00,Rural,Raining no high winds,No,16 - 20,10,Rural,NA,1527,None,None,Other/Not known (2005-10),Not at or within 20 metres of junction,CITROEN,SAXO XD,Heavy oil,Male,Skidded,No tow/articulation,Did not leave carriageway,0,Going ahead right-hand bend,1,Car,No,Front,2020
201011NI21920,C,10,NA,0,Fatal,None,29-11-2020,Tuesday,1,Data missing or out of range,Not at junction or within 20 metres,26.47817161,Darkness - no lighting,420490,546550,80.28057535,E01020633,3,1,0,0,Dry,Single carriageway,None,60,01:30:00,Rural,Fine no high winds,No,21 - 25,10,Small town,3,1975,None,Other permanent object,Other/Not known (2005-10),Not at or within 20 metres of junction,HYUNDAI,COUPE SPECIAL EQUIPMENT,Petrol,Male,Skidded and overturned,No tow/articulation,Offside,0,Going ahead left-hand bend,1,Car,No,Front,2020
201011NI21920,C,10,NA,0,Fatal,None,14-09-2010,Tuesday,1,Data missing or out of range,Not at junction or within 20 metres,54.813412,Darkness - no lighting,420490,546550,-1.682688,E01020633,3,1,0,0,Dry,Single carriageway,None,60,01:30:00,Rural,Fine no high winds,No,21 - 25,10,Small town,3,1975,None,Other permanent object,Other/Not known (2005-10),Not at or within 20 metres of junction,HYUNDAI,COUPE SPECIAL EQUIPMENT,Petrol,Male,Skidded and overturned,No tow/articulation,Offside,0,Going ahead left-hand bend,1,Car,No,Front,2010
200763DP37307,A,483,NA,0,Fatal,None,01-04-2021,Sunday,1,Data missing or out of range,Not at junction or within 20 metres,15.25069099,Daylight,310000,271620,74.13910763,,3,4,0,0,Dry,Single carriageway,None,60,11:43:00,Rural,Fine no high winds,No,21 - 25,10,Data missing or out of range,NA,1396,None,Other permanent object,Other/Not known (2005-10),Not at or within 20 metres of junction,HONDA,CIVIC 1.4I TORNADO,Petrol,Male,None,No tow/articulation,Nearside and rebounded,0,Going ahead right-hand bend,3,Car,No,Offside,2019
200963CP20409,A,478,Unclassified,0,Fatal,None,16-05-2019,Saturday,1,Give way or uncontrolled,Private drive or entrance,22.99395821,Daylight,217700,242220,72.61410194,W01000558,1,2,0,0,Dry,Single carriageway,None,60,16:40:00,Rural,Fine no high winds,No,21 - 25,10,Rural,NA,600,None,None,Other/Not known (2005-10),Approaching junction or waiting/parked at junction approach,SUZUKI,GSX R600X,Petrol,Male,None,No tow/articulation,Nearside,0,Going ahead left-hand bend,1,Motorcycle over 500cc,No,Back,2019
200522CF49528,Unclassified,0,NA,0,Fatal,None,22-12-2021,Tuesday,1,Data missing or out of range,Not at junction or within 20 metres,28.48907029,Daylight,385610,262190,77.03562095,E01032404,3,2,0,0,Dry,Single carriageway,None,60,18:35:00,Rural,Fine no high winds,No,21 - 25,10,Urban area,7,1905,None,None,Other/Not known (2005-10),Not at or within 20 metres of junction,CITROEN,ZX VOLCANE TD,Heavy oil,Male,Skidded,No tow/articulation,Did not leave carriageway,0,Going ahead left-hand bend,1,Car,No,Front,2019
200737B027329,A,1065,NA,0,Fatal,None,28-06-2021,Wednesday,1,Data missing or out of range,Not at junction or within 20 metres,13.03403847,Daylight,575590,281840,77.6003995,E01029930,3,3,0,0,Wet or damp,Single carriageway,None,60,12:23:00,Rural,Fine no high winds,No,21 - 25,10,Data missing or out of range,NA,1590,None,None,Other/Not known (2005-10),Not at or within 20 metres of junction,SUZUKI,BALENO GLX AUTO,Petrol,Male,None,No tow/articulation,Did not leave carriageway,0,Slowing or stopping,2,Car,No,Offside,2020
200614H108606,C,417,NA,0,Fatal,None,07-07-2021,Thursday,1,Data missing or out of range,Not at junction or within 20 metres,8.877827928,Daylight,430720,384040,76.65976002,E01007939,1,2,0,0,Dry,Single carriageway,None,60,18:45:00,Rural,Fine no high winds,No,21 - 25,10,Small town,6,2793,None,None,Other/Not known (2005-10),Not at or within 20 metres of junction,BMW,328I SPORT,Petrol,Male,None,No tow/articulation,Did not leave carriageway,0,Going ahead other,2,Car,No,Front,2020
201063DP22410,A,44,NA,0,Fatal,None,31-10-2019,Sunday,1,Data missing or out of range,Not at junction or within 20 metres,18.59988898,Daylight,315870,259390,73.93723939,W01000484,2,3,0,0,Dry,Single carriageway,None,60,13:00:00,Rural,Fine no high winds,No,21 - 25,10,Urban area,4,600,None,Near/Offside crash barrier,Other/Not known (2005-10),Not at or within 20 metres of junction,SUZUKI,GSXR600 Y,Petrol,Male,None,No tow/articulation,Nearside,0,Going ahead right-hand bend,3,Motorcycle over 500cc,No,Front,2021
20104100B0253,C,182,NA,,Fatal,None,27-09-2020,Friday,1,Give way or uncontrolled,Private drive or entrance,18.58822857,Daylight,525180,214590,73.75402223,E01023914,1,2,0,0,Dry,Single carriageway,None,60,11:47:00,Rural,Fine no high winds,No,21 - 25,10,Urban area,4,2446,None,None,Other/Not known (2005-10),Leaving main road,TOYOTA,HILUX 2.4D 2WD,Heavy oil,Male,None,No tow/articulation,Did not leave carriageway,0,Turning right,1,Van / Goods 3.5 tonnes mgw or under,No,Offside,2021
200754ER07607,A,362,NA,0,Fatal,None,13-03-2020,Tuesday,1,Not at junction or within 20 metres,Not at junction or within 20 metres,26.73600231,Daylight,385350,144250,94.23189671,E01032110,5,7,0,0,Dry,Single carriageway,None,60,15:25:00,Rural,Fine no high winds,No,21 - 25,10,Urban area,2,1998,None,None,Other/Not known (2005-10),Not at or within 20 metres of junction,PEUGEOT,306 GTI-6,Petrol,Male,None,No tow/articulation,Did not leave carriageway,0,Going ahead other,2,Car,No,Did not impact,2019
20064100B0424,C,59,NA,0,Fatal,None,26-02-2021,Tuesday,1,Not at junction or within 20 metres,Not at junction or within 20 metres,28.69610038,Daylight,524950,202980,77.15965129,E01023911,3,2,0,0,Wet or damp,Single carriageway,None,60,08:04:00,Rural,Raining no high winds,No,21 - 25,10,Urban area,5,1119,None,None,Taking pupil to/from school,Not at or within 20 metres of junction,FORD,FIESTA CLASSIC QUARTZ,Petrol,Male,None,No tow/articulation,Offside,0,Going ahead right-hand bend,1,Car,No,Nearside,2020