Accident_Index,1st_Road_Class,1st_Road_Number,2nd_Road_Class,2nd_Road_Number,Accident_Severity,Carriageway_Hazards,Date,Day_of_Week,Did_Police_Officer_Attend_Scene_of_Accident,Junction_Control,Junction_Detail,Latitude,Light_Conditions,Location_Easting_OSGR,Location_Northing_OSGR,Longitude,LSOA_of_Accident_Location,Number_of_Casualties,Number_of_Vehicles,Pedestrian_Crossing-Human_Control,Pedestrian_Crossing-Physical_Facilities,Road_Surface_Conditions,Road_Type,Special_Conditions_at_Site,Speed_limit,Time,Urban_or_Rural_Area,Weather_Conditions,InScotland,Age_Band_of_Driver,Age_of_Vehicle,Driver_Home_Area_Type,Driver_IMD_Decile,Engine_Capacity_.CC.,Hit_Object_in_Carriageway,Hit_Object_off_Carriageway,Journey_Purpose_of_Driver,Junction_Location,make,model,Propulsion_Code,Sex_of_Driver,Skidding_and_Overturning,Towing_and_Articulation,Vehicle_Leaving_Carriageway,Vehicle_Location.Restricted_Lane,Vehicle_Manoeuvre,Vehicle_Reference,Vehicle_Type,Was_Vehicle_Left_Hand_Drive,X1st_Point_of_Impact,Year
2010160B00511,A,18,NA,0,Fatal,None,26-08-2021,Saturday,1,Data missing or out of range,Not at junction or within 20 metres,22.7359494,Darkness - lights lit,495470,406810,75.87625002,E01013324,1,1,0,0,Dry,Single carriageway,None,60,00:01:00,Rural,Fine no high winds,No,26 - 35,10,Urban area,5,1998,None,Lamp post,Other/Not known (2005-10),Not at or within 20 metres of junction,PEUGEOT,306 GTI 6,Petrol,Male,None,No tow/articulation,Nearside,0,Going ahead other,1,Car,No,Front,2020
2010160B00511,A,18,NA,0,Fatal,None,27-02-2010,Saturday,1,Data missing or out of range,Not at junction or within 20 metres,53.549242,Darkness - lights lit,495470,406810,-0.56051,E01013324,1,1,0,0,Dry,Single carriageway,None,60,00:01:00,Rural,Fine no high winds,No,26 - 35,10,Urban area,5,1998,None,Lamp post,Other/Not known (2005-10),Not at or within 20 metres of junction,PEUGEOT,306 GTI 6,Petrol,Male,None,No tow/articulation,Nearside,0,Going ahead other,1,Car,No,Front,2010
200934TM80289,Motorway,1,Motorway,1,Fatal,None,18-01-2021,Saturday,1,Give way or uncontrolled,Slip road,19.20494666,Darkness - lights lit,471910,257460,72.89684747,E01027285,1,1,0,0,Wet or damp,Dual carriageway,None,70,05:54:00,Rural,Fine no high winds,No,16 - 20,10,Data missing or out of range,NA,1360,None,Tree,Other/Not known (2005-10),Cleared junction or waiting/parked at junction exit,PEUGEOT,206 LX,Petrol,Male,Overturned,No tow/articulation,Did not leave carriageway,0,Going ahead other,1,Car,No,Front,2021
200743P276117,A,40,NA,0,Fatal,None,05-12-2021,Tuesday,1,Data missing or out of range,Not at junction or within 20 metres,22.71697108,Darkness - no lighting,461100,205550,75.87408888,E01028639,2,4,0,0,Wet or damp,Dual carriageway,None,70,23:00:00,Rural,Other,No,16 - 20,10,Rural,5,1527,None,None,Other/Not known (2005-10),Not at or within 20 metres of junction,PEUGEOT,106 XL INDEPENDENCE,Heavy oil,Female,None,No tow/articulation,Did not leave carriageway,0,Going ahead other,1,Car,No,Front,2020
2010550C50422,A,3049,NA,0,Fatal,None,12-08-2019,Sunday,1,Not at junction or within 20 metres,Not at junction or within 20 metres,18.61317685,Darkness - lights lit,402440,93240,73.85487513,E01015449,3,1,0,0,Wet or damp,Dual carriageway,None,70,23:00:00,Urban,Fine no high winds,No,21 - 25,10,Urban area,8,1590,None,Lamp post,Other/Not known (2005-10),Not at or within 20 metres of junction,HONDA,CIVIC VTEC SE,Petrol,Male,None,No tow/articulation,Nearside,0,Going ahead other,1,Car,No,Offside,2021
200706X081077,Motorway,60,NA,0,Fatal,None,07-09-2021,Saturday,1,Not at junction or within 20 metres,Not at junction or within 20 metres,18.56718624,Darkness - lights lit,392320,399260,73.93817518,E01005950,4,3,0,0,Wet or damp,Dual carriageway,None,70,19:06:00,Rural,Fine no high winds,No,21 - 25,10,Urban area,2,1797,None,None,Other/Not known (2005-10),Not at or within 20 metres of junction,HONDA,CIVIC 1.8 VTI,Petrol,Male,None,No tow/articulation,Offside on to centrl res + rebounded,0,Going ahead other,2,Car,No,Front,2021
200730A000705,A,52,NA,0,Fatal,None,27-08-2021,Saturday,1,Data missing or out of range,Not at junction or within 20 metres,26.46241551,Darkness - lights lit,443020,335090,74.5883564,E01019683,2,1,0,0,Wet or damp,Dual carriageway,None,70,02:40:00,Rural,Fog or mist,No,21 - 25,10,Urban area,10,1598,None,None,Commuting to/from work,Not at or within 20 metres of junction,VAUXHALL,ASTRA MERIT,Petrol,Male,Skidded,No tow/articulation,Did not leave carriageway,0,Going ahead other,1,Car,No,Front,2020
200801PY76137,A,20,Unclassified,0,Fatal,None,19-02-2020,Friday,1,Give way or uncontrolled,Slip road,26.74154341,Darkness - no lighting,549530,169910,94.21892201,E01000720,3,2,0,0,Dry,Dual carriageway,None,70,03:01:00,Rural,Fine no high winds,No,21 - 25,10,Data missing or out of range,NA,1597,None,None,Other/Not known (2005-10),Approaching junction or waiting/parked at junction approach,FORD,ESCORT FINESSE 16V,Petrol,Male,None,No tow/articulation,Did not leave carriageway,0,Parked,1,Car,No,Back,2019
2005170H12155,A,19,NA,0,Fatal,None,22-07-2019,Friday,1,Data missing or out of range,Not at junction or within 20 metres,28.58068195,Darkness - no lighting,444620,533570,77.36246295,E01011959,1,2,0,0,Wet or damp,Dual carriageway,None,70,07:28:00,Rural,Fine no high winds,No,21 - 25,10,Urban area,6,599,None,Central crash barrier,Commuting to/from work,Not at or within 20 metres of junction,YAMAHA,,Petrol,Male,None,No tow/articulation,Offside on to central reservation,0,Overtaking moving vehicle - offside,1,Motorcycle over 500cc,No,Front,2021
200542E034308,A,12,NA,0,Fatal,None,10-08-2021,Friday,1,Data missing or out of range,Not at junction or within 20 metres,18.6313917,Darkness - no lighting,596150,225400,73.88018071,E01021676,3,1,0,0,Dry,Slip road,None,70,00:10:00,Rural,Fine no high winds,No,21 - 25,10,Small town,3,1988,None,Road sign or traffic signal,Other/Not known (2005-10),Not at or within 20 metres of junction,FORD,MONDEO GHIA A,Petrol,Male,Skidded and overturned,No tow/articulation,Nearside and rebounded,0,Going ahead left-hand bend,1,Car,No,Front,2021
201042I047202,A,1114,NA,0,Fatal,None,25-02-2020,Monday,1,Not at junction or within 20 metres,Not at junction or within 20 metres,19.06892501,Darkness - no lighting,572320,205940,72.829736,E01021563,1,1,0,0,Wet or damp,Dual carriageway,None,70,22:49:00,Rural,Fine no high winds,No,21 - 25,10,Urban area,10,1794,None,Tree,Other/Not known (2005-10),Not at or within 20 metres of junction,TOYOTA,MR2 ROADSTER VVTI,Petrol,Female,Overturned,No tow/articulation,Nearside,0,Going ahead other,1,Car,No,Nearside,2021
2007160B03720,Motorway,180,NA,0,Fatal,None,07-06-2021,Wednesday,1,Data missing or out of range,Not at junction or within 20 metres,13.00007063,Daylight,503500,410580,77.63233234,E01013269,2,1,0,0,Dry,Dual carriageway,None,70,18:40:00,Rural,Fine no high winds,No,21 - 25,10,Data missing or out of range,NA,1799,None,Central crash barrier,Other/Not known (2005-10),Not at or within 20 metres of junction,VAUXHALL,VECTRA GLS 16V,Petrol,Male,Skidded and overturned,No tow/articulation,Offside on to centrl res + rebounded,0,Overtaking moving vehicle - offside,1,Car,No,Offside,2020
200605CC10397,Motorway,62,NA,0,Fatal,None,16-01-2020,Tuesday,1,Data missing or out of range,Not at junction or within 20 metres,12.96690458,Daylight,341950,390510,77.65324447,E01006472,8,9,0,0,Dry,Dual carriageway,None,70,08:35:00,Urban,Fine no high winds,No,21 - 25,10,Urban area,8,1108,None,None,Other/Not known (2005-10),Not at or within 20 metres of junction,FIAT,PUNTO 55 SX,Petrol,Female,None,No tow/articulation,Did not leave carriageway,0,Slowing or stopping,7,Car,No,Back,2020
200901TB00100,A,40,NA,0,Fatal,None,11-07-2020,Saturday,1,Data missing or out of range,Not at junction or within 20 metres,22.75075345,Daylight,507720,185030,75.82482346,E01002452,1,2,0,0,Dry,Dual carriageway,None,70,08:55:00,Rural,Fine no high winds,No,21 - 25,10,Urban area,3,1199,None,None,Other/Not known (2005-10),Not at or within 20 metres of junction,VAUXHALL,CORSA 16V,Petrol,Female,Skidded,No tow/articulation,Nearside,0,Parked,2,Car,No,Back,2020
200714A004307,A,1,NA,0,Fatal,None,22-08-2021,Wednesday,1,Data missing or out of range,Not at junction or within 20 metres,28.6172116,Darkness - lights lit,451200,413400,77.06344102,E01007587,1,4,0,0,Dry,Dual carriageway,None,70,18:32:00,Rural,Fine + high winds,No,26 - 35,10,Urban area,NA,1400,None,None,Other/Not known (2005-10),Not at or within 20 metres of junction,NISSAN,,Petrol,Male,None,No tow/articulation,Did not leave carriageway,0,Going ahead other,4,Car,No,Did not impact,2021
200811NG26078,A,167,NA,0,Fatal,None,19-10-2019,Saturday,1,Data missing or out of range,Not at junction or within 20 metres,25.7657393,Darkness - lights lit,426290,547080,87.45219754,E01020607,2,1,0,0,Wet or damp,Dual carriageway,None,70,23:39:00,Rural,Fine no high winds,No,26 - 35,10,Urban area,2,1998,None,Lamp post,Other/Not known (2005-10),Not at or within 20 metres of junction,PEUGEOT,306 GTI 6,Petrol,Male,Skidded,No tow/articulation,Offside on to central reservation,0,Going ahead right-hand bend,1,Car,No,Offside,2019
200511BE25030,A,19,NA,0,Fatal,None,17-10-2021,Friday,1,Data missing or out of range,Not at junction or within 20 metres,23.06220513,Darkness - lights lit,440970,538970,72.57376118,E01020779,1,2,0,0,Dry,Dual carriageway,None,70,19:00:00,Rural,Fine no high winds,No,26 - 35,10,Urban area,1,2500,Parked vehicle,None,Other/Not known (2005-10),Not at or within 20 metres of junction,LDV,400 SERIES TD 3.5T,Heavy oil,Male,None,No tow/articulation,Did not leave carriageway,7,Changing lane to left,1,Minibus (8 - 16 passenger seats),No,Front,2019
201004TA10240,Motorway,6,NA,0,Fatal,Other object on road,29-10-2019,Sunday,1,Data missing or out of range,Not at junction or within 20 metres,18.52542797,Darkness - lights lit,356780,424960,73.8203587,E01025401,1,1,0,0,Wet or damp,Dual carriageway,None,70,19:30:00,Rural,Fine no high winds,No,26 - 35,10,Urban area,6,1598,Other object,None,Other/Not known (2005-10),Not at or within 20 metres of junction,MERCEDES,A160 ELEGANCE S-A,Petrol,Male,None,No tow/articulation,Did not leave carriageway,0,Going ahead other,1,Car,No,Front,2021
201004TA10240,Motorway,6,NA,0,Fatal,Other object on road,26-12-2010,Sunday,1,Data missing or out of range,Not at junction or within 20 metres,53.719246,Darkness - lights lit,356780,424960,-2.65643,E01025401,1,1,0,0,Wet or damp,Dual carriageway,None,70,19:30:00,Rural,Fine no high winds,No,26 - 35,10,Urban area,6,1598,Other object,None,Other/Not known (2005-10),Not at or within 20 metres of junction,MERCEDES,A160 ELEGANCE S-A,Petrol,Male,None,No tow/articulation,Did not leave carriageway,0,Going ahead other,1,Car,No,Front,2010
201042I334710,Motorway,25,NA,0,Fatal,None,01-09-2020,Friday,1,Not at junction or within 20 metres,Not at junction or within 20 metres,14.79930555,Darkness - lights lit,557490,181790,78.52989655,E01015928,5,4,0,0,Dry,Dual carriageway,None,70,05:35:00,Rural,Fine no high winds,No,26 - 35,10,Urban area,6,1598,None,None,Other/Not known (2005-10),Not at or within 20 metres of junction,RENAULT,MEGANE SCENIC RXE AUTO,Petrol,Female,None,No tow/articulation,Did not leave carriageway,0,Going ahead other,2,Car,No,Back,2019
200597NC70412,A,80,NA,0,Fatal,None,07-07-2019,Thursday,1,Data missing or out of range,Not at junction or within 20 metres,18.51576344,Darkness - lights lit,273020,673100,73.88819369,,3,3,0,0,Wet or damp,Dual carriageway,None,70,21:00:00,Urban,Snowing no high winds,Yes,26 - 35,10,Urban area,NA,1849,None,None,Other/Not known (2005-10),Not at or within 20 metres of junction,HONDA,ACCORD 1.8I,Petrol,Male,None,No tow/articulation,Did not leave carriageway,0,Going ahead other,2,Car,No,Front,2021
201042I013801,A,12,NA,0,Fatal,None,04-12-2020,Sunday,1,Not at junction or within 20 metres,Not at junction or within 20 metres,28.63478705,Darkness - no lighting,603460,231970,77.08957604,E01021655,3,3,0,0,Dry,Dual carriageway,None,70,20:00:00,Rural,Fine no high winds,No,26 - 35,10,Data missing or out of range,NA,1598,None,Central crash barrier,Other/Not known (2005-10),Not at or within 20 metres of junction,RENAULT,MEGANE RT SPORT ALIZE,Petrol,Male,None,No tow/articulation,Did not leave carriageway,0,Going ahead other,2,Car,No,Front,2020
200804TA08153,Motorway,6,NA,0,Fatal,None,05-12-2020,Friday,1,Data missing or out of range,Not at junction or within 20 metres,22.09616025,Darkness - no lighting,351210,441390,82.19571277,E01025547,5,4,0,0,Dry,Dual carriageway,None,70,01:17:00,Rural,Fine no high winds,No,26 - 35,10,Urban area,NA,1597,None,None,Other/Not known (2005-10),Not at or within 20 metres of junction,FORD,ESCORT FINESSE 16V,Petrol,Female,Skidded,No tow/articulation,Did not leave carriageway,0,Going ahead other,4,Car,No,Front,2019
201050KU2P004,Motorway,5,NA,0,Fatal,Previous accident,03-09-2021,Thursday,2,Data missing or out of range,Not at junction or within 20 metres,19.18237025,Darkness - no lighting,301110,103570,72.90662895,E01020056,6,8,0,0,Wet or damp,Dual carriageway,None,70,20:59:00,Rural,Raining no high winds,No,26 - 35,10,Data missing or out of range,NA,1998,None,None,Other/Not known (2005-10),Not at or within 20 metres of junction,FORD,MONDEO ZETEC TDDI,Heavy oil,Male,Skidded,No tow/articulation,Did not leave carriageway,0,Going ahead other,2,Car,No,Did not impact,2021
200754DE58107,A,419,C,114,Fatal,None,21-01-2020,Monday,1,Give way or uncontrolled,T or staggered junction,22.07192866,Daylight,412090,192470,82.13874236,E01031934,3,2,0,0,Dry,Dual carriageway,None,70,16:10:00,Rural,Fine no high winds,No,26 - 35,10,Urban area,2,2498,None,None,Other/Not known (2005-10),Mid Junction - on roundabout or on main road,VAUXHALL,VECTRA CDX V6 AUTO,Petrol,Male,None,No tow/articulation,Did not leave carriageway,0,Going ahead other,2,Car,No,Front,2019
200950JA2C008,A,38,Unclassified,0,Fatal,None,28-01-2021,Monday,1,Give way or uncontrolled,Slip road,23.01995511,Daylight,276600,70500,72.54742659,E01020195,5,2,0,0,Dry,Dual carriageway,None,70,08:46:00,Rural,Fine no high winds,No,26 - 35,10,Urban area,2,993,None,Central crash barrier,Other/Not known (2005-10),Cleared junction or waiting/parked at junction exit,SUZUKI,ALTO GL,Petrol,Female,None,No tow/articulation,Offside on to central reservation,0,Changing lane to left,1,Car,No,Front,2019
200942I031901,A,12,NA,0,Fatal,Previous accident,24-12-2020,Friday,1,Not at junction or within 20 metres,Not at junction or within 20 metres,8.882017249,Darkness - no lighting,601870,229190,76.67880908,E01021655,3,10,0,0,Wet or damp,Dual carriageway,None,70,06:29:00,Rural,Fine no high winds,No,36 - 45,10,Data missing or out of range,NA,1600,Previous accident,None,Other/Not known (2005-10),Not at or within 20 metres of junction,VOLKSWAGEN,GOLF SE AUTO,Petrol,Male,Skidded,No tow/articulation,Did not leave carriageway,0,Going ahead other,10,Car,No,Did not impact,2020
200997AC70612,Unclassified,0,Unclassified,0,Fatal,None,12-01-2020,Friday,1,Give way or uncontrolled,T or staggered junction,27.09686692,Darkness - lights lit,257230,665810,93.63366205,,1,1,0,0,Wet or damp,Single carriageway,None,30,23:10:00,Urban,Fine no high winds,Yes,16 - 20,9,Urban area,NA,998,None,None,Other/Not known (2005-10),Cleared junction or waiting/parked at junction exit,NISSAN,MICRA CELEBRATION 16V,Petrol,Male,None,No tow/articulation,Did not leave carriageway,0,Going ahead other,1,Car,No,Offside,2019
200743P209017,Unclassified,129,NA,0,Fatal,None,28-01-2020,Saturday,1,Data missing or out of range,Not at junction or within 20 metres,23.00273679,Darkness - lights lit,457410,222740,72.65019926,E01028466,1,2,0,0,Wet or damp,Single carriageway,None,30,02:35:00,Urban,Fine no high winds,No,16 - 20,9,Data missing or out of range,NA,1242,None,None,Other/Not known (2005-10),Not at or within 20 metres of junction,FIAT,PUNTO SX 60,Petrol,Male,None,No tow/articulation,Did not leave carriageway,0,Going ahead left-hand bend,1,Car,No,Front,2019
200911SB20189,A,689,NA,0,Fatal,None,22-02-2020,Sunday,1,Data missing or out of range,Not at junction or within 20 metres,28.50520901,Darkness - lights lit,416450,533230,76.99518969,E01020887,3,2,0,0,Dry,Single carriageway,None,30,23:56:00,Rural,Fine no high winds,No,16 - 20,9,Small town,5,1396,Kerb,Tree,Other/Not known (2005-10),Not at or within 20 metres of junction,ROVER,25 ADVANTAGE,Petrol,Male,Skidded and overturned,No tow/articulation,Offside,0,Overtaking moving vehicle - offside,1,Car,No,Front,2019
200914K263609,B,6200,NA,0,Fatal,None,17-12-2020,Saturday,1,Not at junction or within 20 metres,Not at junction or within 20 metres,18.64170095,Darkness - lights lit,442460,385730,73.89903979,E01007972,2,1,0,0,Dry,Single carriageway,None,30,02:50:00,Urban,Fine no high winds,No,16 - 20,9,Urban area,1,1124,Kerb,Road sign or traffic signal,Other/Not known (2005-10),Not at or within 20 metres of junction,CITROEN,SAXO FORTE,Petrol,Male,Skidded,No tow/articulation,Nearside,0,Going ahead left-hand bend,1,Car,No,Offside,2021
2008558D05386,A,353,NA,0,Fatal,None,13-11-2020,Friday,1,Not at junction or within 20 metres,Not at junction or within 20 metres,19.15620243,Darkness - lights lit,370070,82970,72.9323418,E01020558,3,2,0,8,Dry,Single carriageway,None,30,16:46:00,Urban,Fine no high winds,No,16 - 20,9,Rural,9,973,None,None,Other/Not known (2005-10),Not at or within 20 metres of junction,VAUXHALL,CORSA GLS 12V,Petrol,Male,None,No tow/articulation,Did not leave carriageway,0,Going ahead other,1,Car,No,Front,2021
200505AA03092,Unclassified,0,Unclassified,0,Fatal,None,05-04-2020,Thursday,1,Give way or uncontrolled,T or staggered junction,27.10002016,Darkness - lights lit,326090,384720,93.63262788,E01007285,2,1,0,0,Wet or damp,Single carriageway,None,30,19:53:00,Urban,Raining no high winds,No,16 - 20,9,Urban area,6,1360,None,Tree,Other/Not known (2005-10),Approaching junction or waiting/parked at junction approach,CITROEN,ZX 1.4I ELATION,Petrol,Male,Skidded,No tow/articulation,Nearside,0,Going ahead other,1,Car,No,Front,2019
201050FT2I057,A,3022,NA,0,Fatal,None,06-01-2020,Wednesday,1,Data missing or out of range,Not at junction or within 20 metres,8.888326034,Darkness - lights lit,290240,65040,76.62492924,E01015258,2,2,0,0,Wet or damp,Single carriageway,None,30,22:44:00,Urban,Raining no high winds,No,16 - 20,9,Urban area,5,1124,None,Other permanent object,Other/Not known (2005-10),Not at or within 20 metres of junction,CITROEN,SAXO FORTE,Petrol,Male,Skidded and overturned,No tow/articulation,Nearside,0,Going ahead left-hand bend,1,Car,No,Front,2020
200901TD00391,A,23,C,0,Fatal,None,08-01-2019,Saturday,1,Give way or uncontrolled,T or staggered junction,28.6898641,Darkness - lights lit,531090,175650,77.1873529,E01003061,1,1,0,4,Wet or damp,Single carriageway,None,30,21:55:00,Urban,Raining no high winds,No,16 - 20,9,Urban area,2,1590,None,None,Other/Not known (2005-10),Mid Junction - on roundabout or on main road,HONDA,HR-V VTEC 4WD,Petrol,Male,None,No tow/articulation,Did not leave carriageway,0,Going ahead other,1,Car,No,Offside,2020
201043P256080,Unclassified,185,NA,0,Fatal,None,28-09-2020,Sunday,1,Data missing or out of range,Not at junction or within 20 metres,26.74233423,Daylight,434150,208780,94.22772993,E01028822,1,1,0,0,Dry,Single carriageway,None,30,18:56:00,Rural,Fine + high winds,No,16 - 20,9,Urban area,9,599,Kerb,Lamp post,Other/Not known (2005-10),Not at or within 20 metres of junction,SUZUKI,,Petrol,Male,Skidded,No tow/articulation,Offside,0,Going ahead left-hand bend,1,Motorcycle over 500cc,No,Front,2019
20053102C1061,C,173,NA,0,Fatal,None,03-11-2019,Tuesday,1,Data missing or out of range,Not at junction or within 20 metres,22.05299967,Daylight,458620,342600,82.15431009,E01013936,2,4,0,0,Dry,Single carriageway,None,30,18:29:00,Urban,Fine no high winds,No,16 - 20,9,Urban area,1,1157,None,None,Other/Not known (2005-10),Not at or within 20 metres of junction,SUZUKI,,Petrol,Male,None,No tow/articulation,Did not leave carriageway,0,Overtaking moving vehicle - offside,1,Motorcycle over 500cc,No,Front,2019
200930D000596,C,167,NA,0,Fatal,None,27-03-2020,Wednesday,1,Data missing or out of range,Not at junction or within 20 metres,8.876110399,Daylight,438240,332690,76.67014506,E01013502,1,3,0,0,Wet or damp,Single carriageway,None,30,19:41:00,Urban,Fine no high winds,No,16 - 20,9,Urban area,5,1397,None,Other permanent object,Other/Not known (2005-10),Not at or within 20 metres of junction,MERCEDES,A140 CLASSIC,Petrol,Male,Skidded,No tow/articulation,Offside,0,Going ahead right-hand bend,1,Car,No,Nearside,2020
200620H038902,Unclassified,0,Unclassified,0,Fatal,None,06-02-2020,Saturday,1,Give way or uncontrolled,T or staggered junction,26.46674919,Daylight,401420,302050,74.63674853,E01010281,1,1,0,0,Dry,Dual carriageway,None,30,19:01:00,Urban,Fine no high winds,No,16 - 20,9,Urban area,1,1000,None,Lamp post,Other/Not known (2005-10),Cleared junction or waiting/parked at junction exit,YAMAHA,,Petrol,Male,None,No tow/articulation,Did not leave carriageway,0,Going ahead other,1,Motorcycle over 500cc,No,Front,2020
200743W023077,A,329,Unclassified,7201,Fatal,None,02-04-2019,Monday,1,Give way or uncontrolled,T or staggered junction,19.20856386,Daylight,470120,173480,72.88475,E01016360,1,4,0,0,Dry,Single carriageway,None,30,12:12:00,Urban,Fine no high winds,No,16 - 20,9,Urban area,10,899,None,None,Other/Not known (2005-10),Approaching junction or waiting/parked at junction approach,KAWASAKI,ZX 900-C1,Petrol,Male,Skidded,No tow/articulation,Did not leave carriageway,0,Going ahead other,1,Motorcycle over 500cc,No,Front,2021
200706G069081,C,0,C,0,Fatal,None,25-04-2020,Monday,1,Give way or uncontrolled,T or staggered junction,19.15257397,Daylight,391160,399380,72.89085766,E01005993,2,2,0,0,Wet or damp,Single carriageway,None,30,08:40:00,Urban,Fine no high winds,No,16 - 20,9,Urban area,4,1242,None,None,Other/Not known (2005-10),Approaching junction or waiting/parked at junction approach,FIAT,PUNTO SX 60,Petrol,Male,Skidded,No tow/articulation,Did not leave carriageway,0,Going ahead right-hand bend,1,Car,No,Nearside,2021
200942I110904,Unclassified,0,Unclassified,0,Fatal,None,01-08-2021,Monday,1,Give way or uncontrolled,T or staggered junction,30.67584288,Daylight,587650,190570,87.70361701,E01021955,1,2,0,0,Dry,One way street,None,30,06:00:00,Urban,Fine no high winds,No,16 - 20,9,Urban area,6,749,None,Bus stop or bus shelter,Commuting to/from work,Approaching junction or waiting/parked at junction approach,SUZUKI,GSX-R750Y,Petrol,Male,None,No tow/articulation,Nearside,0,Going ahead other,1,Motorcycle over 500cc,No,Front,2021
200620F241201,A,41,Unclassified,0,Fatal,None,15-06-2019,Sunday,1,Give way or uncontrolled,T or staggered junction,8.890068283,Darkness - lights lit,406060,288270,76.67813029,E01008912,1,2,0,0,Wet or damp,Dual carriageway,None,30,02:50:00,Urban,Fine + high winds,No,21 - 25,9,Urban area,1,1587,None,None,Other/Not known (2005-10),Mid Junction - on roundabout or on main road,PEUGEOT,306 GLX,Petrol,Male,None,No tow/articulation,Did not leave carriageway,0,Going ahead other,2,Car,No,Did not impact,2020
200945EP43559,Unclassified,2266,Unclassified,2266,Fatal,None,02-09-2020,Saturday,1,Give way or uncontrolled,Roundabout,14.71615094,Darkness - lights lit,520820,161730,78.56177201,E01030385,3,1,0,0,Dry,Roundabout,None,30,23:50:00,Urban,Fine no high winds,No,21 - 25,9,Urban area,3,1587,Bollard or refuge,None,Other/Not known (2005-10),Entering roundabout,CITROEN,SAXO VTR,Petrol,Male,Skidded,No tow/articulation,Did not leave carriageway,0,Going ahead other,1,Car,No,Nearside,2019
200505EE02288,Unclassified,0,NA,0,Fatal,None,01-10-2019,Saturday,1,Data missing or out of range,Not at junction or within 20 metres,27.10203462,Darkness - lights lit,338780,390360,93.63363536,E01006692,5,2,0,0,Dry,Single carriageway,None,30,01:15:00,Urban,Fine no high winds,No,21 - 25,9,Urban area,7,1781,Kerb,Lamp post,Commuting to/from work,Not at or within 20 metres of junction,AUDI,A4 1.8T,Petrol,Male,Skidded,No tow/articulation,Nearside and rebounded,0,Going ahead right-hand bend,1,Car,No,Front,2019
2006556B04437,A,35,C,309,Fatal,None,13-12-2021,Wednesday,1,Give way or uncontrolled,T or staggered junction,27.09685048,Darkness - lights lit,410880,91620,93.60909405,E01015279,2,1,0,0,Dry,Single carriageway,None,30,01:34:00,Urban,Fine no high winds,No,21 - 25,9,Urban area,3,1799,Kerb,Other permanent object,Other/Not known (2005-10),Mid Junction - on roundabout or on main road,VAUXHALL,VECTRA GLS 16V,Petrol,Male,None,No tow/articulation,Offside and rebounded,0,Going ahead other,1,Car,No,Offside,2019
200545SP69740,C,244,NA,0,Fatal,None,02-06-2020,Friday,1,Data missing or out of range,Not at junction or within 20 metres,28.45287344,Darkness - lights lit,504690,169950,77.03548172,E01030726,1,1,0,0,Wet or damp,Dual carriageway,None,30,22:26:00,Urban,Fine no high winds,No,21 - 25,9,Urban area,9,1994,None,None,Other/Not known (2005-10),Not at or within 20 metres of junction,ROVER,420 SD TURBO,Heavy oil,Male,Skidded,No tow/articulation,Did not leave carriageway,0,Going ahead other,1,Car,No,Front,2019
200537L012204,A,145,Unclassified,1738,Fatal,None,05-08-2020,Wednesday,1,Give way or uncontrolled,Crossroads,28.66210903,Darkness - lights lit,642540,290880,77.22571567,E01030225,2,2,0,0,Dry,Single carriageway,None,30,17:00:00,Urban,Fine no high winds,No,21 - 25,9,Urban area,5,599,None,None,Other/Not known (2005-10),Mid Junction - on roundabout or on main road,KAWASAKI,,Petrol,Male,None,No tow/articulation,Did not leave carriageway,0,Going ahead other,2,Motorcycle over 500cc,No,Front,2021
200897QB70807,B,7078,NA,0,Fatal,None,02-06-2021,Wednesday,1,Data missing or out of range,Not at junction or within 20 metres,18.54596284,Darkness - lights lit,276620,649990,73.73353482,,3,1,0,8,Dry,Single carriageway,Auto signal part defective,30,01:35:00,Urban,Fine no high winds,Yes,21 - 25,9,Urban area,NA,1948,None,Lamp post,Other/Not known (2005-10),Not at or within 20 metres of junction,VOLVO,S40 2.0T AUTO,Petrol,Male,None,No tow/articulation,Nearside,9,Going ahead other,1,Car,No,Front,2021
200720M021403,Unclassified,0,NA,0,Fatal,None,21-06-2019,Thursday,1,Data missing or out of range,Not at junction or within 20 metres,18.51817699,Darkness - lights lit,433330,281970,73.90738945,E01009587,3,1,0,0,Dry,Single carriageway,None,30,20:40:00,Urban,Fine no high winds,No,21 - 25,9,Data missing or out of range,NA,1781,None,None,Other/Not known (2005-10),Not at or within 20 metres of junction,AUDI,A3 1.8T SPORT,Petrol,Male,None,No tow/articulation,Did not leave carriageway,0,Going ahead other,1,Car,No,Front,2021
200906K012061,A,575,Unclassified,0,Fatal,None,02-11-2020,Wednesday,1,Give way or uncontrolled,Crossroads,14.79191227,Darkness - lights lit,373460,406430,78.5580853,E01004857,1,1,0,4,Dry,Single carriageway,None,30,18:40:00,Urban,Fine no high winds,No,21 - 25,9,Data missing or out of range,NA,2000,None,None,Other/Not known (2005-10),Mid Junction - on roundabout or on main road,MITSUBISHI,,Petrol,Male,Skidded,No tow/articulation,Did not leave carriageway,0,Going ahead other,1,Car,No,Front,2019