Accident_Index,1st_Road_Class,1st_Road_Number,2nd_Road_Class,2nd_Road_Number,Accident_Severity,Carriageway_Hazards,Date,Day_of_Week,Did_Police_Officer_Attend_Scene_of_Accident,Junction_Control,Junction_Detail,Latitude,Light_Conditions,Location_Easting_OSGR,Location_Northing_OSGR,Longitude,LSOA_of_Accident_Location,Number_of_Casualties,Number_of_Vehicles,Pedestrian_Crossing-Human_Control,Pedestrian_Crossing-Physical_Facilities,Road_Surface_Conditions,Road_Type,Special_Conditions_at_Site,Speed_limit,Time,Urban_or_Rural_Area,Weather_Conditions,InScotland,Age_Band_of_Driver,Age_of_Vehicle,Driver_Home_Area_Type,Driver_IMD_Decile,Engine_Capacity_.CC.,Hit_Object_in_Carriageway,Hit_Object_off_Carriageway,Journey_Purpose_of_Driver,Junction_Location,make,model,Propulsion_Code,Sex_of_Driver,Skidding_and_Overturning,Towing_and_Articulation,Vehicle_Leaving_Carriageway,Vehicle_Location.Restricted_Lane,Vehicle_Manoeuvre,Vehicle_Reference,Vehicle_Type,Was_Vehicle_Left_Hand_Drive,X1st_Point_of_Impact,Year
20104100D0210,Unclassified,488,Unclassified,949,Fatal,None,20-06-2020,Tuesday,1,Give way or uncontrolled,Crossroads,18.59590423,Darkness - lights lit,506490,205750,73.88559349,E01023389,2,2,0,0,Wet or damp,Single carriageway,None,30,20:35:00,Urban,Raining no high winds,No,21 - 25,9,Urban area,7,998,None,Telegraph or electricity pole,Journey as part of work,Mid Junction - on roundabout or on main road,SEAT,AROSA S,Petrol,Male,None,No tow/articulation,Offside,0,Going ahead other,1,Car,No,Nearside,2021
200620K090801,A,4037,NA,0,Fatal,None,03-08-2021,Friday,1,Data missing or out of range,Not at junction or within 20 metres,28.6149778,Darkness - lights lit,395080,292970,77.23157545,E01010074,1,1,0,0,Wet or damp,Single carriageway,None,30,00:01:00,Urban,Raining no high winds,No,21 - 25,9,Urban area,2,1149,None,Tree,Other/Not known (2005-10),Not at or within 20 metres of junction,RENAULT,CLIO RL PARIS,Petrol,Female,Skidded,No tow/articulation,Nearside,0,Going ahead other,1,Car,No,Offside,2021
200820G038101,Unclassified,0,Unclassified,0,Fatal,None,16-02-2019,Tuesday,1,Give way or uncontrolled,Crossroads,25.77974225,Daylight,391430,297630,87.48645333,E01010433,1,2,0,0,Dry,Single carriageway,None,30,18:25:00,Urban,Fine no high winds,No,21 - 25,9,Urban area,3,1994,None,None,Other/Not known (2005-10),Mid Junction - on roundabout or on main road,VAUXHALL,VECTRA TOURER DTI,Heavy oil,Male,Skidded,No tow/articulation,Did not leave carriageway,0,Going ahead other,2,Car,No,Front,2019
200997KC70207,Unclassified,0,NA,0,Fatal,None,15-03-2021,Friday,1,Data missing or out of range,Not at junction or within 20 metres,22.08911915,Daylight,234950,670860,82.12466347,,1,1,0,0,Dry,Single carriageway,None,30,14:34:00,Rural,Fine no high winds,Yes,21 - 25,9,Small town,NA,997,Kerb,Other permanent object,Other/Not known (2005-10),Not at or within 20 metres of junction,APRILIA,,Petrol,Male,Skidded,No tow/articulation,Nearside,9,Going ahead right-hand bend,1,Motorcycle over 500cc,No,Front,2019
200604BC06075,A,588,NA,0,Fatal,None,18-01-2019,Wednesday,1,Data missing or out of range,Not at junction or within 20 metres,22.05829045,Daylight,336980,442320,82.19619489,E01025564,5,3,0,0,Dry,Single carriageway,None,30,15:20:00,Rural,Fine no high winds,No,21 - 25,9,Rural,6,3996,None,None,Other/Not known (2005-10),Not at or within 20 metres of junction,JAGUAR,XJR V8 AUTO,Petrol,Male,None,No tow/articulation,Offside,0,Going ahead left-hand bend,1,Car,No,Front,2019
200714B066307,A,633,Unclassified,0,Fatal,None,15-12-2019,Thursday,1,Give way or uncontrolled,T or staggered junction,22.0793201,Daylight,436210,407190,82.17217268,E01007335,3,2,0,0,Dry,Single carriageway,None,30,16:05:00,Rural,Fine no high winds,No,21 - 25,9,Urban area,2,1389,None,None,Other/Not known (2005-10),Leaving main road,VAUXHALL,CORSA BREEZE HI-TORQ,Petrol,Male,None,No tow/articulation,Did not leave carriageway,0,Turning right,2,Car,No,Front,2019
200706Q071066,A,663,B,6197,Fatal,None,30-09-2021,Thursday,1,Give way or uncontrolled,T or staggered junction,28.53484925,Daylight,394280,410160,77.2658542,E01005441,2,3,0,0,Dry,Single carriageway,None,30,17:30:00,Urban,Fine no high winds,No,21 - 25,9,Data missing or out of range,NA,599,None,None,Other/Not known (2005-10),Approaching junction or waiting/parked at junction approach,KAWASAKI,ZX 600-G1,Petrol,Male,Skidded,No tow/articulation,Did not leave carriageway,0,Overtaking moving vehicle - offside,1,Motorcycle over 500cc,No,Front,2020
201050GC2M006,A,3059,NA,0,Fatal,None,28-06-2021,Tuesday,1,Not at junction or within 20 metres,Not at junction or within 20 metres,18.5545806,Daylight,189480,63470,73.74542914,E01019064,1,3,0,0,Dry,Single carriageway,None,30,21:16:00,Rural,Fine no high winds,No,21 - 25,9,Small town,5,1761,None,Other permanent object,Other/Not known (2005-10),Not at or within 20 metres of junction,PEUGEOT,306 XS,Petrol,Male,Skidded,No tow/articulation,Nearside,0,Going ahead other,1,Car,No,Front,2021
200634NK08036,A,427,NA,0,Fatal,None,25-04-2020,Saturday,1,Data missing or out of range,Not at junction or within 20 metres,14.79458328,Daylight,477000,287410,78.61312089,E01027129,1,2,0,0,Wet or damp,Single carriageway,None,30,18:49:00,Rural,Other,No,21 - 25,9,Urban area,2,1390,None,None,Commuting to/from work,Not at or within 20 metres of junction,RENAULT,MEGANE RN PARIS,Petrol,Male,Skidded,No tow/articulation,Nearside,0,Going ahead left-hand bend,1,Car,No,Offside,2019
201043N016020,Unclassified,3147,NA,0,Fatal,None,11-05-2020,Monday,1,Data missing or out of range,Not at junction or within 20 metres,27.10042816,Daylight,484720,192100,93.6098023,E01017840,7,2,0,0,Frost or ice,Single carriageway,None,30,09:47:00,Urban,Other,No,21 - 25,9,Urban area,6,1598,None,None,Journey as part of work,Not at or within 20 metres of junction,ALFA ROMEO,147 T SPARK,Petrol,Male,Skidded,No tow/articulation,Did not leave carriageway,0,Going ahead right-hand bend,1,Car,No,Front,2019
20083104D0015,A,60,Unclassified,0,Fatal,None,14-02-2021,Friday,1,Give way or uncontrolled,Private drive or entrance,28.64172436,Daylight,458180,335900,77.08564715,E01028400,3,4,0,0,Wet or damp,Single carriageway,None,30,15:32:00,Urban,Raining no high winds,No,21 - 25,9,Urban area,7,599,None,None,Other/Not known (2005-10),Mid Junction - on roundabout or on main road,KAWASAKI,ZX600-G2,Petrol,Male,None,No tow/articulation,Did not leave carriageway,0,Going ahead other,2,Motorcycle over 500cc,No,Front,2020
201020W044960,A,4400,NA,0,Fatal,None,18-04-2021,Thursday,1,Data missing or out of range,Not at junction or within 20 metres,27.10490189,Darkness - lights lit,407220,287590,93.60920904,E01009191,2,1,0,0,Wet or damp,Dual carriageway,None,30,03:30:00,Urban,Fine + high winds,No,26 - 35,9,Urban area,1,1599,Kerb,Road sign or traffic signal,Other/Not known (2005-10),Not at or within 20 metres of junction,HYUNDAI,COUPE SE,Petrol,Female,Skidded,No tow/articulation,Nearside,0,Changing lane to left,1,Car,No,Offside,2019
200701TE00167,A,4,A,3220,Fatal,None,22-05-2020,Tuesday,1,Auto traffic signal,Crossroads,14.74632208,Darkness - lights lit,525030,178620,78.48081696,E01002848,2,2,0,5,Dry,Dual carriageway,None,30,20:36:00,Urban,Fine no high winds,No,26 - 35,9,Rural,10,599,None,None,Other/Not known (2005-10),Mid Junction - on roundabout or on main road,KAWASAKI,ZX 600-G1,Petrol,Male,None,No tow/articulation,Did not leave carriageway,0,Going ahead other,1,Motorcycle over 500cc,No,Front,2019
200801QK69983,C,0,Unclassified,0,Fatal,None,10-12-2021,Wednesday,1,Give way or uncontrolled,T or staggered junction,22.06882453,Darkness - lights lit,522460,186710,82.13601587,E01000499,1,2,0,0,Dry,Single carriageway,None,30,19:06:00,Urban,Fine no high winds,No,26 - 35,9,Urban area,4,NA,None,None,Journey as part of work,Approaching junction or waiting/parked at junction approach,DENNIS,,Heavy oil,Male,None,No tow/articulation,Did not leave carriageway,0,Parked,2,Bus or coach (17 or more pass seats),No,Did not impact,2019
201001TC00039,A,11,C,0,Fatal,None,17-11-2019,Sunday,1,Give way or uncontrolled,T or staggered junction,15.34786314,Darkness - lights lit,537330,182840,74.0282405,E01004267,1,1,0,0,Dry,Single carriageway,None,30,02:25:00,Urban,Fine no high winds,No,26 - 35,9,Urban area,3,2979,None,None,Other/Not known (2005-10),Mid Junction - on roundabout or on main road,BMW,330 CI SPORT,Petrol,Male,None,No tow/articulation,Did not leave carriageway,0,Going ahead other,1,Car,No,Front,2019
201001TA00237,A,13,NA,0,Fatal,None,30-08-2020,Thursday,1,Data missing or out of range,Not at junction or within 20 metres,28.49356989,Darkness - lights lit,554420,180270,77.00931753,E01002344,3,2,0,0,Wet or damp,Slip road,None,30,01:24:00,Rural,Fine no high winds,No,26 - 35,9,Urban area,9,1998,Kerb,Other permanent object,Other/Not known (2005-10),Not at or within 20 metres of junction,NISSAN,PRIMERA SE PLUS,Petrol,Male,None,No tow/articulation,Nearside,0,Going ahead other,1,Car,No,Back,2019
200705FF21724,A,5275,NA,0,Fatal,None,07-03-2020,Saturday,1,Data missing or out of range,Not at junction or within 20 metres,8.876145867,Darkness - lights lit,342570,384870,76.66634302,E01006537,2,1,0,0,Wet or damp,Single carriageway,None,30,04:15:00,Urban,Fine no high winds,No,26 - 35,9,Urban area,2,1998,None,Tree,Other/Not known (2005-10),Not at or within 20 metres of junction,VAUXHALL,VECTRA SRI 140,Petrol,Male,None,No tow/articulation,Offside,0,Going ahead other,1,Car,No,Nearside,2020
200701VW68404,A,238,Unclassified,0,Fatal,None,12-10-2019,Sunday,1,Give way or uncontrolled,T or staggered junction,8.876459927,Darkness - lights lit,524400,169360,76.61509475,E01003423,1,1,0,0,Dry,Single carriageway,None,30,04:25:00,Urban,Fine no high winds,No,26 - 35,9,Urban area,3,1581,Bollard or refuge,Other permanent object,Other/Not known (2005-10),Mid Junction - on roundabout or on main road,FIAT,BRAVA 1.6 SX,Petrol,Male,None,No tow/articulation,Offside,0,Going ahead other,1,Car,No,Front,2020
201020D053813,B,4128,Unclassified,0,Fatal,None,02-02-2021,Sunday,1,Give way or uncontrolled,T or staggered junction,8.892423098,Darkness - lights lit,409760,286520,76.61929118,E01009198,4,4,0,0,Dry,Single carriageway,None,30,03:16:00,Urban,Fine no high winds,No,26 - 35,9,Urban area,1,1781,Kerb,Lamp post,Journey as part of work,Mid Junction - on roundabout or on main road,SEAT,ALHAMBRA 20V TS,Gas/Bi-fuel,Male,None,No tow/articulation,Nearside,0,Going ahead other,2,Taxi/Private hire car,No,Offside,2020
200720D348601,A,4040,NA,0,Fatal,None,03-08-2021,Saturday,1,Data missing or out of range,Not at junction or within 20 metres,18.50508118,Darkness - lights lit,411260,290670,73.77961026,E01008998,1,1,0,0,Wet or damp,Dual carriageway,None,30,21:41:00,Urban,Fine no high winds,No,26 - 35,9,Urban area,2,2799,None,Tree,Other/Not known (2005-10),Not at or within 20 metres of junction,MERCEDES,C280 SPORT AUTO,Petrol,Male,Skidded,No tow/articulation,Offside on to central reservation,0,Going ahead other,1,Car,No,Nearside,2021
200814B092708,B,6096,Unclassified,0,Fatal,None,21-07-2019,Friday,1,Give way or uncontrolled,Crossroads,21.44159316,Darkness - lights lit,438820,402410,72.14156697,E01007452,5,1,0,0,Wet or damp,Single carriageway,None,30,01:55:00,Urban,Fine no high winds,No,26 - 35,9,Urban area,NA,1998,None,Other permanent object,Other/Not known (2005-10),Approaching junction or waiting/parked at junction approach,VAUXHALL,VECTRA GLS 16V,Petrol,Male,None,No tow/articulation,Offside,0,Going ahead left-hand bend,1,Car,No,Offside,2021
201001TA00237,A,13,NA,0,Fatal,None,09-09-2010,Thursday,1,Data missing or out of range,Not at junction or within 20 metres,51.500223,Darkness - lights lit,554420,180270,0.223371,E01002344,3,2,0,0,Wet or damp,Slip road,None,30,01:24:00,Rural,Fine no high winds,No,26 - 35,9,Urban area,9,1998,Kerb,Other permanent object,Other/Not known (2005-10),Not at or within 20 metres of junction,NISSAN,PRIMERA SE PLUS,Petrol,Male,None,No tow/articulation,Nearside,0,Going ahead other,1,Car,No,Back,2010
201001TC00039,A,11,C,0,Fatal,None,07-02-2010,Sunday,1,Give way or uncontrolled,T or staggered junction,51.527725,Darkness - lights lit,537330,182840,-0.021681,E01004267,1,1,0,0,Dry,Single carriageway,None,30,02:25:00,Urban,Fine no high winds,No,26 - 35,9,Urban area,3,2979,None,None,Other/Not known (2005-10),Mid Junction - on roundabout or on main road,BMW,330 CI SPORT,Petrol,Male,None,No tow/articulation,Did not leave carriageway,0,Going ahead other,1,Car,No,Front,2010
201020E010711,Unclassified,0,NA,0,Fatal,None,15-01-2021,Friday,1,Data missing or out of range,Not at junction or within 20 metres,27.097473,Darkness - lights lit,399720,278350,93.63395745,E01009156,1,1,0,0,Wet or damp,Single carriageway,None,30,21:22:00,Urban,Other,No,26 - 35,9,Urban area,5,7300,None,None,Journey as part of work,Not at or within 20 metres of junction,VOLVO,,Heavy oil,Male,None,No tow/articulation,Did not leave carriageway,0,Moving off,1,Bus or coach (17 or more pass seats),No,Front,2019
200720G085901,A,460,NA,0,Fatal,None,25-10-2020,Thursday,1,Data missing or out of range,Not at junction or within 20 metres,28.68675848,Darkness - lights lit,391680,299530,77.24545884,E01010521,2,2,0,0,Wet or damp,Single carriageway,None,30,23:30:00,Urban,Other,No,26 - 35,9,Urban area,1,4398,None,None,Other/Not known (2005-10),Not at or within 20 metres of junction,BENTLEY,ARNAGE AUTO,Petrol,Male,None,No tow/articulation,Did not leave carriageway,0,Going ahead left-hand bend,2,Car,No,Front,2020
201001TA00423,A,1055,NA,0,Fatal,None,01-03-2021,Thursday,1,Data missing or out of range,Not at junction or within 20 metres,28.58057774,Darkness - lights lit,535650,193880,77.09287982,E01001490,1,2,0,0,Wet or damp,Single carriageway,None,30,01:05:00,Urban,Other,No,26 - 35,9,Urban area,2,998,None,None,Other/Not known (2005-10),Not at or within 20 metres of junction,NISSAN,MICRA VIBE,Petrol,Male,None,No tow/articulation,Did not leave carriageway,0,Going ahead other,1,Car,No,Front,2020
201001TA00423,A,1055,NA,0,Fatal,None,23-12-2010,Thursday,1,Data missing or out of range,Not at junction or within 20 metres,51.62734,Darkness - lights lit,535650,193880,-0.041624,E01001490,1,2,0,0,Wet or damp,Single carriageway,None,30,01:05:00,Urban,Other,No,26 - 35,9,Urban area,2,998,None,None,Other/Not known (2005-10),Not at or within 20 metres of junction,NISSAN,MICRA VIBE,Petrol,Male,None,No tow/articulation,Did not leave carriageway,0,Going ahead other,1,Car,No,Front,2010
200706A076655,C,0,C,0,Fatal,None,11-07-2021,Thursday,1,Give way or uncontrolled,Roundabout,14.67588605,Daylight,387990,402880,78.49170806,E01005252,2,1,0,8,Dry,Single carriageway,None,30,15:45:00,Urban,Fine no high winds,No,26 - 35,9,Urban area,2,5958,None,None,Journey as part of work,Entering roundabout,MERCEDES,,Heavy oil,Male,None,No tow/articulation,Did not leave carriageway,0,Going ahead other,1,Goods 7.5 tonnes mgw and over,No,Front,2019
200601TB00179,A,598,A,504,Fatal,None,16-06-2019,Thursday,1,Auto traffic signal,Crossroads,15.26974803,Daylight,524910,190240,74.15045357,E01000196,1,2,0,5,Dry,Single carriageway,None,30,12:30:00,Urban,Fine no high winds,No,26 - 35,9,Urban area,4,11705,None,None,Journey as part of work,Mid Junction - on roundabout or on main road,SCANIA,,Heavy oil,Male,None,No tow/articulation,Did not leave carriageway,0,Turning right,1,Goods 7.5 tonnes mgw and over,No,Nearside,2019
200701CW66615,A,3212,A,202,Fatal,None,14-09-2021,Tuesday,1,Auto traffic signal,Crossroads,22.98981123,Daylight,529970,178310,72.58913363,E01004745,1,1,0,5,Dry,Dual carriageway,None,30,20:26:00,Urban,Fine no high winds,No,26 - 35,9,Urban area,1,749,None,None,Other/Not known (2005-10),Cleared junction or waiting/parked at junction exit,SUZUKI,,Petrol,Male,Overturned,No tow/articulation,Nearside,0,Overtaking - nearside,1,Motorcycle over 125cc and up to 500cc,No,Front,2019
200920K055602,A,4034,Unclassified,0,Fatal,None,05-09-2021,Friday,1,Give way or uncontrolled,T or staggered junction,28.47439698,Daylight,399350,290170,77.06677269,E01009989,1,2,0,0,Dry,Single carriageway,None,30,17:35:00,Urban,Fine no high winds,No,26 - 35,9,Urban area,7,1895,None,None,Commuting to/from work,Entering main road,BMW,318TI SPORT,Petrol,Male,None,No tow/articulation,Did not leave carriageway,0,Turning right,1,Car,No,Offside,2019
2006170L31646,Unclassified,0,Unclassified,0,Fatal,None,20-01-2020,Wednesday,1,Give way or uncontrolled,T or staggered junction,13.04615868,Daylight,460100,523510,77.58026396,E01012131,1,1,0,0,Dry,Single carriageway,None,30,13:47:00,Urban,Fine no high winds,No,26 - 35,9,Urban area,1,1998,None,None,Other/Not known (2005-10),Approaching junction or waiting/parked at junction approach,VAUXHALL,VECTRA GLS 16V,Petrol,Male,None,No tow/articulation,Did not leave carriageway,0,Going ahead other,1,Car,No,Did not impact,2020
200914C088009,Unclassified,0,Unclassified,0,Fatal,None,28-10-2019,Tuesday,1,Give way or uncontrolled,T or staggered junction,12.99321947,Daylight,441940,395010,77.53287867,E01007729,1,1,0,0,Wet or damp,Single carriageway,None,30,20:30:00,Urban,Fine no high winds,No,26 - 35,9,Urban area,2,124,None,Road sign or traffic signal,Other/Not known (2005-10),Entering main road,HONDA,NSR125,Petrol,Male,Skidded,No tow/articulation,Straight ahead at junction,0,Going ahead other,1,Motorcycle 125cc and under,No,Front,2020
200706A084785,A,62,Unclassified,0,Fatal,None,28-08-2021,Friday,1,Give way or uncontrolled,T or staggered junction,26.44688725,Daylight,384940,398890,80.32722345,E01005131,1,1,0,0,Dry,Single carriageway,None,30,16:20:00,Urban,Fine no high winds,No,26 - 35,9,Urban area,NA,9600,None,None,Journey as part of work,Approaching junction or waiting/parked at junction approach,VOLVO,,Heavy oil,Male,None,No tow/articulation,Did not leave carriageway,2,Going ahead other,1,Bus or coach (17 or more pass seats),No,Front,2020
200901TD00151,B,275,A,232,Fatal,None,31-07-2019,Thursday,1,Auto traffic signal,More than 4 arms (not roundabout),25.7817469,Daylight,531120,164540,87.46258342,E01001167,1,1,0,5,Dry,Single carriageway,None,30,16:59:00,Urban,Fine no high winds,No,26 - 35,9,Urban area,3,1390,None,None,Other/Not known (2005-10),Approaching junction or waiting/parked at junction approach,RENAULT,CLIO S,Petrol,Female,None,No tow/articulation,Did not leave carriageway,0,Moving off,1,Car,No,Front,2019
20064100B0437,C,149,Unclassified,432,Fatal,None,26-04-2021,Thursday,1,Give way or uncontrolled,T or staggered junction,28.66309256,Daylight,525890,211780,77.26546935,E01023943,1,2,0,0,Dry,Single carriageway,None,30,09:31:00,Urban,Fine no high winds,No,26 - 35,9,Urban area,6,2792,None,None,Taking pupil to/from school,Mid Junction - on roundabout or on main road,FORD,GALAXY ULTIMA V6 AUTO,Petrol,Female,None,No tow/articulation,Did not leave carriageway,0,Going ahead other,2,Car,No,Did not impact,2020
200920E116701,Unclassified,0,Unclassified,0,Fatal,None,07-03-2021,Saturday,1,Give way or uncontrolled,T or staggered junction,18.53033736,Daylight,401640,277460,73.84016755,E01009215,1,1,0,0,Dry,Single carriageway,None,30,13:57:00,Urban,Fine no high winds,No,26 - 35,9,Urban area,8,1988,None,None,Other/Not known (2005-10),Approaching junction or waiting/parked at junction approach,FORD,MONDEO ZETEC-S,Petrol,Female,None,No tow/articulation,Did not leave carriageway,0,Going ahead other,1,Car,No,Front,2021
201020D053813,B,4128,Unclassified,0,Fatal,None,12-06-2021,Sunday,1,Give way or uncontrolled,T or staggered junction,14.74900659,Darkness - lights lit,409760,286520,78.55981187,E01009198,4,4,0,0,Dry,Single carriageway,None,30,03:16:00,Urban,Fine no high winds,No,36 - 45,9,Urban area,1,2664,Parked vehicle,None,Journey as part of work,Mid Junction - on roundabout or on main road,LONDON TAXIS INT,TX1 BRONZE AUTO,Heavy oil,Male,None,No tow/articulation,Did not leave carriageway,0,Going ahead other,3,Taxi/Private hire car,No,Front,2019
200805DD26021,Unclassified,0,Unclassified,0,Fatal,None,05-01-2020,Sunday,1,Give way or uncontrolled,T or staggered junction,28.44138727,Darkness - lights lit,352150,394220,77.02671523,E01006912,3,2,0,0,Wet or damp,Single carriageway,None,30,04:13:00,Urban,Fine no high winds,No,36 - 45,9,Urban area,1,1598,None,Other permanent object,Other/Not known (2005-10),Approaching junction or waiting/parked at junction approach,RENAULT,MEGANE RT SPORT,Petrol,Male,Skidded,No tow/articulation,Offside,0,Going ahead other,1,Car,No,Offside,2019
201006Q032090,A,669,C,0,Fatal,None,22-07-2021,Friday,1,Give way or uncontrolled,Crossroads,28.48701294,Darkness - lights lit,399770,404320,77.09354867,E01005409,2,1,0,0,Dry,Single carriageway,None,30,21:57:00,Rural,Fine no high winds,No,36 - 45,9,Urban area,5,11600,None,None,Journey as part of work,Approaching junction or waiting/parked at junction approach,DAF,,Heavy oil,Male,Skidded,No tow/articulation,Did not leave carriageway,0,Moving off,1,Bus or coach (17 or more pass seats),No,Front,2019
200601TE00243,A,40,A,219,Fatal,None,07-07-2021,Sunday,1,Give way or uncontrolled,Slip road,12.98820529,Darkness - lights lit,523170,181070,77.64972172,E01001874,3,1,0,0,Dry,Dual carriageway,None,40,04:35:00,Urban,Fine no high winds,No,21 - 25,9,Data missing or out of range,NA,2793,None,Near/Offside crash barrier,Other/Not known (2005-10),Approaching junction or waiting/parked at junction approach,BMW,328I COUPE AUTO,Petrol,Male,None,No tow/articulation,Nearside and rebounded,0,Going ahead other,1,Car,No,Nearside,2020
200630A000496,A,6007,NA,0,Fatal,None,19-12-2020,Sunday,1,Data missing or out of range,Not at junction or within 20 metres,28.57237165,Darkness - lights lit,446640,341440,77.35977419,E01019660,2,1,0,0,Dry,Dual carriageway,None,40,05:42:00,Urban,Fine no high winds,No,21 - 25,9,Urban area,4,1796,None,Central crash barrier,Other/Not known (2005-10),Not at or within 20 metres of junction,FORD,MONDEO VERONA,Petrol,Male,None,No tow/articulation,Offside and rebounded,0,Going ahead other,1,Car,No,Offside,2021
2005170M12235,A,172,NA,0,Fatal,None,23-04-2019,Tuesday,1,Data missing or out of range,Not at junction or within 20 metres,27.09433908,Darkness - lights lit,450630,517630,93.61035985,E01012018,4,1,0,0,Snow,Single carriageway,None,40,01:15:00,Urban,Snowing no high winds,No,21 - 25,9,Urban area,NA,1998,None,Tree,Other/Not known (2005-10),Not at or within 20 metres of junction,VAUXHALL,VECTRA CDX 16V AUTO,Petrol,Male,Skidded,No tow/articulation,Nearside,0,Going ahead other,1,Car,No,Front,2019
200950GE4M005,B,3275,NA,0,Fatal,None,21-04-2021,Sunday,1,Not at junction or within 20 metres,Not at junction or within 20 metres,15.27601699,Darkness - no lighting,190030,52410,74.14075802,E01018847,1,1,0,0,Dry,Single carriageway,None,40,01:45:00,Rural,Fine no high winds,No,21 - 25,9,Small town,9,2387,None,Other permanent object,Other/Not known (2005-10),Not at or within 20 metres of junction,ALFA ROMEO,156 JTD,Heavy oil,Male,None,No tow/articulation,Nearside,0,Going ahead other,1,Car,No,Front,2019
200504CD05050,A,6,B,5248,Fatal,None,15-08-2019,Friday,1,Give way or uncontrolled,T or staggered junction,26.74651141,Darkness - lights lit,357860,421090,94.18877135,E01024949,1,2,0,0,Wet or damp,Single carriageway,None,40,07:40:00,Rural,Fine no high winds,No,26 - 35,9,Rural,8,1396,None,None,Journey as part of work,Entering main road,ROVER,214 I 8V,Petrol,Male,None,No tow/articulation,Did not leave carriageway,0,Turning right,1,Car,No,Offside,2019
200914K053809,A,61,NA,0,Fatal,None,03-11-2019,Sunday,1,Not at junction or within 20 metres,Not at junction or within 20 metres,26.45484328,Darkness - lights lit,433750,395130,80.29911801,E01008135,3,3,0,0,Dry,Single carriageway,None,40,22:20:00,Rural,Fine no high winds,No,26 - 35,9,Urban area,3,1796,None,None,Other/Not known (2005-10),Not at or within 20 metres of junction,FORD,MONDEO ZETEC,Petrol,Male,None,No tow/articulation,Did not leave carriageway,0,Going ahead left-hand bend,3,Car,No,Did not impact,2020
200742I400310,Unclassified,0,NA,0,Fatal,None,15-05-2019,Friday,1,Not at junction or within 20 metres,Not at junction or within 20 metres,26.7291859,Darkness - lights lit,615120,214910,94.19399196,E01021977,1,1,0,0,Dry,Single carriageway,None,40,00:10:00,Rural,Fine no high winds,No,26 - 35,9,Urban area,4,899,None,Lamp post,Other/Not known (2005-10),Not at or within 20 metres of junction,KAWASAKI,ZX 900-C1,Petrol,Male,None,No tow/articulation,Offside,0,Going ahead left-hand bend,1,Motorcycle over 500cc,No,Offside,2019
200854DE39508,A,4259,Unclassified,0,Fatal,None,19-02-2021,Sunday,1,Auto traffic signal,T or staggered junction,14.75655046,Daylight,416800,183990,78.59297125,E01015576,2,1,0,0,Dry,Dual carriageway,None,40,06:49:00,Urban,Fine no high winds,No,26 - 35,9,Urban area,5,1850,Kerb,Road sign or traffic signal,Journey as part of work,Approaching junction or waiting/parked at junction approach,HONDA,ACCORD ES,Petrol,Male,None,No tow/articulation,Offside on to central reservation,0,Going ahead other,1,Taxi/Private hire car,No,Front,2019
200920E045301,A,38,NA,0,Fatal,None,19-12-2020,Sunday,1,Data missing or out of range,Not at junction or within 20 metres,22.08981661,Daylight,400650,277480,82.17032835,E01009165,1,2,0,0,Dry,Dual carriageway,None,40,17:15:00,Urban,Fine no high winds,No,26 - 35,9,Urban area,2,1298,None,Lamp post,Other/Not known (2005-10),Not at or within 20 metres of junction,SUZUKI,GSX 1300 RX,Petrol,Male,Skidded and overturned,No tow/articulation,Nearside,0,Going ahead other,2,Motorcycle over 500cc,No,Front,2019
200650A21I210,C,345,Unclassified,0,Fatal,None,04-06-2021,Sunday,1,Give way or uncontrolled,Crossroads,8.87493189,Daylight,166230,43290,76.63557032,E01018890,1,2,0,0,Dry,Single carriageway,None,40,14:13:00,Rural,Fine no high winds,No,26 - 35,9,Urban area,3,1799,None,None,Data missing or out of range,Approaching junction or waiting/parked at junction approach,VAUXHALL,VECTRA GLS 16V,Petrol,Male,None,No tow/articulation,Did not leave carriageway,0,Going ahead other,2,Car,Data missing or out of range,Front,2020
200522DB46913,A,442,NA,0,Fatal,None,21-09-2021,Monday,1,Data missing or out of range,Not at junction or within 20 metres,14.75312145,Daylight,383040,275380,78.6406342,E01032418,1,2,0,0,Dry,Dual carriageway,None,40,13:20:00,Urban,Fine no high winds,No,26 - 35,9,Urban area,2,918,None,Road sign or traffic signal,Other/Not known (2005-10),Not at or within 20 metres of junction,HONDA,,Petrol,Male,None,No tow/articulation,Offside - crossed central reservation,0,Going ahead left-hand bend,1,Motorcycle over 500cc,No,Front,2019
200920M022801,A,4114,Unclassified,0,Fatal,None,24-07-2021,Wednesday,1,Give way or uncontrolled,T or staggered junction,19.16984582,Darkness - lights lit,434120,278360,72.88658536,E01009548,1,1,0,4,Dry,Dual carriageway,None,40,20:50:00,Urban,Fine no high winds,No,36 - 45,9,Data missing or out of range,NA,1590,None,None,Other/Not known (2005-10),Cleared junction or waiting/parked at junction exit,HONDA,HR-V,Petrol,Female,None,No tow/articulation,Did not leave carriageway,0,Going ahead other,1,Car,No,Nearside,2021
200837L015472,A,12,C,225,Fatal,None,04-07-2020,Friday,1,Give way or uncontrolled,T or staggered junction,23.00977615,Daylight,640960,270300,72.60024802,E01030222,2,2,0,0,Dry,Single carriageway,None,40,14:50:00,Rural,Fine no high winds,No,36 - 45,9,Urban area,1,NA,None,None,Journey as part of work,Mid Junction - on roundabout or on main road,LEYLAND DAF,FTG 85CF 380,Heavy oil,Male,Skidded,No tow/articulation,Nearside,0,Going ahead other,2,Goods 7.5 tonnes mgw and over,No,Front,2019