Accident_Index,1st_Road_Class,1st_Road_Number,2nd_Road_Class,2nd_Road_Number,Accident_Severity,Carriageway_Hazards,Date,Day_of_Week,Did_Police_Officer_Attend_Scene_of_Accident,Junction_Control,Junction_Detail,Latitude,Light_Conditions,Location_Easting_OSGR,Location_Northing_OSGR,Longitude,LSOA_of_Accident_Location,Number_of_Casualties,Number_of_Vehicles,Pedestrian_Crossing-Human_Control,Pedestrian_Crossing-Physical_Facilities,Road_Surface_Conditions,Road_Type,Special_Conditions_at_Site,Speed_limit,Time,Urban_or_Rural_Area,Weather_Conditions,InScotland,Age_Band_of_Driver,Age_of_Vehicle,Driver_Home_Area_Type,Driver_IMD_Decile,Engine_Capacity_.CC.,Hit_Object_in_Carriageway,Hit_Object_off_Carriageway,Journey_Purpose_of_Driver,Junction_Location,make,model,Propulsion_Code,Sex_of_Driver,Skidding_and_Overturning,Towing_and_Articulation,Vehicle_Leaving_Carriageway,Vehicle_Location.Restricted_Lane,Vehicle_Manoeuvre,Vehicle_Reference,Vehicle_Type,Was_Vehicle_Left_Hand_Drive,X1st_Point_of_Impact,Year
201001TC00065,A,13,NA,0,Fatal,None,08-05-2021,Friday,1,Data missing or out of range,Not at junction or within 20 metres,30.28227724,Daylight,546440,183650,80.97557053,E01000096,1,2,0,0,Wet or damp,Dual carriageway,None,40,08:10:00,Urban,Fine no high winds,No,36 - 45,9,Small town,4,11705,None,None,Other/Not known (2005-10),Not at or within 20 metres of junction,SCANIA,,Heavy oil,Male,None,No tow/articulation,Did not leave carriageway,0,Going ahead other,2,Goods 7.5 tonnes mgw and over,No,Back,2021
201001TC00065,A,13,NA,0,Fatal,None,26-02-2010,Friday,1,Data missing or out of range,Not at junction or within 20 metres,51.532716,Daylight,546440,183650,0.10989,E01000096,1,2,0,0,Wet or damp,Dual carriageway,None,40,08:10:00,Urban,Fine no high winds,No,36 - 45,9,Small town,4,11705,None,None,Other/Not known (2005-10),Not at or within 20 metres of junction,SCANIA,,Heavy oil,Male,None,No tow/articulation,Did not leave carriageway,0,Going ahead other,2,Goods 7.5 tonnes mgw and over,No,Back,2010
200520M008402,A,4082,NA,0,Fatal,None,13-05-2020,Saturday,2,Data missing or out of range,Not at junction or within 20 metres,19.12113326,Darkness - lights lit,435070,277090,72.8558852,E01009547,1,2,0,4,Dry,Dual carriageway,None,40,17:05:00,Urban,Fine no high winds,No,46 - 55,9,Urban area,7,1799,None,None,Other/Not known (2005-10),Not at or within 20 metres of junction,VAUXHALL,VECTRA GLS 16V,Petrol,Male,None,No tow/articulation,Did not leave carriageway,0,Going ahead other,1,Car,No,Front,2021
200945SP33845,A,244,NA,0,Fatal,None,07-08-2020,Sunday,1,Data missing or out of range,Not at junction or within 20 metres,22.74522439,Darkness - lights lit,509160,168730,75.81653306,E01030717,1,1,0,0,Wet or damp,Single carriageway,None,40,00:27:00,Rural,Raining + high winds,No,46 - 55,9,Urban area,9,1998,None,None,Journey as part of work,Not at or within 20 metres of junction,RENAULT,MEGANE SCENIC MONACO AUTO,Petrol,Male,None,No tow/articulation,Did not leave carriageway,0,Going ahead other,1,Car,No,Front,2020
200832B137608,C,728,B,1166,Fatal,None,25-10-2019,Tuesday,1,Give way or uncontrolled,T or staggered junction,13.02477617,Darkness - no lighting,526400,311220,77.58820066,E01026239,1,1,0,0,Dry,Single carriageway,None,40,23:27:00,Rural,Fine no high winds,No,46 - 55,9,Rural,5,2157,None,None,Other/Not known (2005-10),Mid Junction - on roundabout or on main road,HONDA,PRELUDE 2.2 VTI AUTO,Petrol,Male,None,No tow/articulation,Did not leave carriageway,0,Going ahead other,1,Car,No,Front,2020
200601TC00148,A,110,NA,0,Fatal,None,14-03-2020,Tuesday,1,Data missing or out of range,Not at junction or within 20 metres,14.71614391,Daylight,529230,195940,78.48370525,E01001419,1,1,0,0,Dry,Single carriageway,None,40,12:21:00,Urban,Fine no high winds,No,46 - 55,9,Urban area,10,2664,None,None,Other/Not known (2005-10),Not at or within 20 metres of junction,NISSAN,TERRANO II TDI SE TOURING,Heavy oil,Male,None,No tow/articulation,Did not leave carriageway,0,Going ahead other,1,Car,No,Front,2019
200920J065201,A,4123,Unclassified,0,Fatal,None,03-07-2019,Tuesday,1,Give way or uncontrolled,T or staggered junction,14.79992763,Daylight,394170,293040,78.59485886,E01009768,3,3,0,4,Dry,Dual carriageway,None,40,19:43:00,Urban,Fine no high winds,No,46 - 55,9,Urban area,2,1598,None,None,Other/Not known (2005-10),Approaching junction or waiting/parked at junction approach,RENAULT,MEGANE SCENIC SPORT ALIZE,Petrol,Male,None,No tow/articulation,Did not leave carriageway,0,Going ahead other,3,Car,No,Front,2019
200911SK26719,B,1278,NA,0,Fatal,None,26-06-2021,Saturday,1,Data missing or out of range,Not at junction or within 20 metres,26.46565591,Darkness - lights lit,435670,530310,74.59005709,E01020829,2,4,0,0,Wet or damp,Single carriageway,None,40,04:00:00,Rural,Fine no high winds,No,56 - 65,9,Small town,10,1360,None,None,Other/Not known (2005-10),Not at or within 20 metres of junction,PEUGEOT,206 LX,Petrol,Male,None,No tow/articulation,Did not leave carriageway,0,Parked,4,Car,No,Back,2020
2005160D07180,A,63,A,63,Fatal,None,28-06-2020,Tuesday,1,Auto traffic signal,More than 4 arms (not roundabout),26.76430511,Darkness - lights lit,509290,428360,94.18814751,E01012854,1,1,0,5,Wet or damp,Dual carriageway,None,40,21:25:00,Urban,Raining + high winds,No,56 - 65,9,Urban area,6,12130,None,None,Other/Not known (2005-10),Approaching junction or waiting/parked at junction approach,VOLVO,,Heavy oil,Male,None,No tow/articulation,Did not leave carriageway,0,Going ahead other,1,Goods 7.5 tonnes mgw and over,No,Front,2019
201034TE80220,A,6,NA,0,Fatal,None,29-04-2019,Thursday,1,Data missing or out of range,Not at junction or within 20 metres,28.42950566,Daylight,494720,271280,76.97815305,E01027040,7,2,0,0,Dry,Single carriageway,None,40,12:45:00,Rural,Fine no high winds,No,56 - 65,9,Urban area,8,1997,None,None,Journey as part of work,Not at or within 20 metres of junction,PEUGEOT,406 LX HDI (90),Heavy oil,Male,None,No tow/articulation,Did not leave carriageway,0,Going ahead other,1,Taxi/Private hire car,No,Front,2019
200750E21D443,B,3413,NA,0,Fatal,None,06-04-2021,Saturday,1,Not at junction or within 20 metres,Not at junction or within 20 metres,18.56084573,Daylight,251010,57400,73.78986124,E01015069,1,2,0,0,Dry,Single carriageway,None,40,16:45:00,Rural,Fine no high winds,No,56 - 65,9,Urban area,3,1188,None,None,Data missing or out of range,Not at or within 20 metres of junction,YAMAHA,XJR 1200,Petrol,Male,Skidded,No tow/articulation,Did not leave carriageway,0,Overtaking moving vehicle - offside,1,Motorcycle over 500cc,No,Front,2021
2010160C03921,A,165,Unclassified,0,Fatal,None,26-11-2021,Tuesday,1,Give way or uncontrolled,T or staggered junction,19.10369098,Daylight,515050,438000,72.91471935,E01013035,1,2,0,0,Dry,Single carriageway,None,40,10:20:00,Rural,Fine no high winds,No,56 - 65,9,Urban area,1,12600,None,None,Journey as part of work,Approaching junction or waiting/parked at junction approach,DAF TRUCKS,FTG CF85.380,Heavy oil,Male,None,Articulated vehicle,Did not leave carriageway,0,Going ahead other,2,Goods 7.5 tonnes mgw and over,No,Offside,2021
2010160C03921,A,165,Unclassified,0,Fatal,None,13-07-2010,Tuesday,1,Give way or uncontrolled,T or staggered junction,53.825537,Daylight,515050,438000,-0.253558,E01013035,1,2,0,0,Dry,Single carriageway,None,40,10:20:00,Rural,Fine no high winds,No,56 - 65,9,Urban area,1,12600,None,None,Journey as part of work,Approaching junction or waiting/parked at junction approach,DAF TRUCKS,FTG CF85.380,Heavy oil,Male,None,Articulated vehicle,Did not leave carriageway,0,Going ahead other,2,Goods 7.5 tonnes mgw and over,No,Offside,2010
2005600GN3081,A,5,NA,0,Fatal,None,14-08-2021,Friday,1,Data missing or out of range,Not at junction or within 20 metres,26.46535786,Daylight,259240,371700,74.602136,W01000091,2,2,0,0,Wet or damp,Single carriageway,None,40,07:10:00,Rural,Raining + high winds,No,56 - 65,9,Rural,NA,1796,None,None,Commuting to/from work,Not at or within 20 metres of junction,FORD,MONDEO VERONA,Petrol,Male,None,No tow/articulation,Did not leave carriageway,0,Going ahead right-hand bend,2,Car,No,Front,2020
200601TD00006,A,224,Unclassified,0,Fatal,None,26-07-2021,Sunday,1,Give way or uncontrolled,T or staggered junction,18.57717173,Darkness - lights lit,547870,164270,73.85885351,E01000680,3,2,0,0,Wet or damp,Single carriageway,None,40,17:01:00,Rural,Fine no high winds,No,66 - 75,9,Rural,6,2295,None,None,Other/Not known (2005-10),Mid Junction - on roundabout or on main road,MERCEDES,E230 ELEGANCE A,Petrol,Female,None,No tow/articulation,Did not leave carriageway,0,Moving off,2,Car,No,Offside,2021
200832B179408,B,1172,NA,0,Fatal,None,09-06-2019,Monday,1,Data missing or out of range,Not at junction or within 20 metres,27.09689274,Darkness - lights lit,523400,320680,93.6151669,E01026265,1,2,0,0,Dry,Single carriageway,None,40,00:16:00,Urban,Fine no high winds,No,Over 75,9,Urban area,9,1396,None,None,Other/Not known (2005-10),Not at or within 20 metres of junction,ROVER,414S,Petrol,Male,None,No tow/articulation,Did not leave carriageway,0,Going ahead other,1,Car,No,Front,2019
201004AL10211,A,586,NA,0,Fatal,None,05-09-2020,Sunday,1,Data missing or out of range,Not at junction or within 20 metres,27.09619845,Darkness - lights lit,336170,439280,93.6097873,E01025545,2,2,0,0,Frost or ice,Single carriageway,None,50,22:04:00,Urban,Fine no high winds,No,16 - 20,9,Urban area,1,1896,None,Tree,Other/Not known (2005-10),Not at or within 20 metres of junction,VOLKSWAGEN,GOLF GT TDI,Heavy oil,Female,Skidded and overturned,No tow/articulation,Offside,0,Going ahead other,1,Car,No,Offside,2019
201004AL10211,A,586,NA,0,Fatal,None,28-11-2010,Sunday,1,Data missing or out of range,Not at junction or within 20 metres,53.845821,Darkness - lights lit,336170,439280,-2.971677,E01025545,2,2,0,0,Frost or ice,Single carriageway,None,50,22:04:00,Urban,Fine no high winds,No,16 - 20,9,Urban area,1,1896,None,Tree,Other/Not known (2005-10),Not at or within 20 metres of junction,VOLKSWAGEN,GOLF GT TDI,Heavy oil,Female,Skidded and overturned,No tow/articulation,Offside,0,Going ahead other,1,Car,No,Offside,2010
200730B000635,A,52,NA,0,Fatal,None,09-02-2021,Tuesday,1,Data missing or out of range,Not at junction or within 20 metres,28.61506651,Darkness - no lighting,426830,340640,77.08389747,E01019603,3,2,0,0,Wet or damp,Single carriageway,None,50,21:39:00,Rural,Fine no high winds,No,16 - 20,9,Urban area,8,1341,None,None,Other/Not known (2005-10),Not at or within 20 metres of junction,HYUNDAI,ACCENT COUPE SI,Petrol,Male,Skidded,No tow/articulation,Did not leave carriageway,0,Going ahead other,2,Car,No,Front,2021
200945TA36763,A,22,NA,0,Fatal,None,04-05-2021,Sunday,1,Data missing or out of range,Not at junction or within 20 metres,19.11160752,Darkness - lights lit,536390,142190,72.85010212,E01030823,3,2,0,0,Wet or damp,Single carriageway,None,50,02:50:00,Rural,Fine no high winds,No,21 - 25,9,Data missing or out of range,NA,3199,None,None,Other/Not known (2005-10),Not at or within 20 metres of junction,MERCEDES,,Petrol,Male,None,No tow/articulation,Did not leave carriageway,0,Going ahead other,2,Car,No,Front,2021
200904FL09003,B,6232,NA,0,Fatal,None,21-09-2020,Tuesday,1,Data missing or out of range,Not at junction or within 20 metres,26.45842264,Daylight,375610,422970,74.59890135,E01025378,2,2,0,0,Frost or ice,Single carriageway,None,50,07:45:00,Rural,Raining no high winds,No,21 - 25,9,Urban area,3,1988,None,None,Other/Not known (2005-10),Not at or within 20 metres of junction,LEXUS,IS200 SPORT,Petrol,Male,None,No tow/articulation,Did not leave carriageway,0,Going ahead right-hand bend,1,Car,No,Nearside,2020
200601TB00209,A,1,B,552,Fatal,None,03-07-2021,Monday,1,Auto traffic signal,Crossroads,22.7270059,Darkness - lights lit,523610,189990,75.82207173,E01000198,1,4,0,5,Dry,Dual carriageway,None,50,02:10:00,Urban,Fine no high winds,No,26 - 35,9,Urban area,6,1762,None,None,Other/Not known (2005-10),Approaching junction or waiting/parked at junction approach,TOYOTA,CARINA E KUDOS AUTO,Petrol,Male,None,No tow/articulation,Did not leave carriageway,0,Waiting to go - held up,4,Car,No,Front,2020
200830B000173,A,52,NA,0,Fatal,None,09-03-2021,Tuesday,1,Data missing or out of range,Not at junction or within 20 metres,18.64605325,Darkness - no lighting,421180,343540,73.87779728,E01019607,2,2,0,0,Dry,Single carriageway,None,50,21:33:00,Rural,Fine no high winds,No,26 - 35,9,Urban area,9,1796,None,None,Commuting to/from work,Not at or within 20 metres of junction,FORD,MONDEO VERONA,Petrol,Male,None,No tow/articulation,Did not leave carriageway,0,Going ahead right-hand bend,2,Car,No,Front,2021
2009559D01878,B,3157,NA,0,Fatal,None,12-07-2019,Tuesday,1,Not at junction or within 20 metres,Not at junction or within 20 metres,14.80303292,Daylight,366070,79990,78.46559703,E01020576,1,2,0,0,Dry,Single carriageway,None,50,19:44:00,Rural,Fine + high winds,No,26 - 35,9,Urban area,5,600,None,None,Other/Not known (2005-10),Not at or within 20 metres of junction,SUZUKI,GSXR600 Y,Petrol,Male,None,No tow/articulation,Did not leave carriageway,0,Going ahead other,2,Motorcycle over 500cc,No,Front,2019
200945MO37305,A,24,NA,0,Fatal,None,09-05-2020,Sunday,1,Data missing or out of range,Not at junction or within 20 metres,22.09615436,Daylight,517490,155280,82.12659522,E01030554,1,1,0,0,Wet or damp,Single carriageway,None,50,17:24:00,Rural,Fine no high winds,No,26 - 35,9,Urban area,6,599,None,None,Other/Not known (2005-10),Not at or within 20 metres of junction,HONDA,CBR 600 F,Petrol,Male,Skidded,No tow/articulation,Did not leave carriageway,0,Going ahead other,1,Motorcycle over 500cc,No,Did not impact,2019
200904FG09072,A,6068,Unclassified,0,Fatal,None,05-01-2019,Tuesday,1,Give way or uncontrolled,Crossroads,27.10276702,Daylight,384740,438310,93.61054058,E01025174,2,2,0,0,Dry,Dual carriageway,None,50,11:35:00,Urban,Fine no high winds,No,26 - 35,9,Urban area,2,955,None,None,Other/Not known (2005-10),Mid Junction - on roundabout or on main road,TRIUMPH,SPRINT RS,Petrol,Male,None,No tow/articulation,Did not leave carriageway,0,Going ahead other,2,Motorcycle over 500cc,No,Front,2019
200542G087811,A,414,NA,0,Fatal,None,07-12-2020,Monday,1,Not at junction or within 20 metres,Not at junction or within 20 metres,18.57879142,Darkness - lights lit,546970,208470,73.76504015,E01021835,1,2,0,0,Dry,Single carriageway,None,50,22:16:00,Urban,Fine no high winds,No,36 - 45,9,Data missing or out of range,NA,1002,None,None,Journey as part of work,Not at or within 20 metres of junction,YAMAHA,,Petrol,Male,Skidded,No tow/articulation,Did not leave carriageway,0,Going ahead left-hand bend,2,Motorcycle over 500cc,No,Front,2021
200843W026028,A,4,NA,0,Fatal,None,03-08-2021,Tuesday,1,Data missing or out of range,Not at junction or within 20 metres,18.56603375,Darkness - lights lit,481970,179050,73.93653807,E01016677,1,2,0,0,Dry,Single carriageway,None,50,18:42:00,Rural,Fine no high winds,No,36 - 45,9,Data missing or out of range,NA,1994,None,None,Other/Not known (2005-10),Not at or within 20 metres of junction,ROVER,420I S,Petrol,Male,None,No tow/articulation,Did not leave carriageway,0,Going ahead other,2,Car,No,Front,2021
200943N154019,A,40,Unclassified,437,Fatal,None,15-08-2021,Wednesday,1,Give way or uncontrolled,T or staggered junction,28.65922809,Darkness - lights unlit,498250,189050,77.15698275,E01017767,1,1,0,0,Dry,Single carriageway,None,50,17:27:00,Rural,Fine no high winds,No,36 - 45,9,Urban area,10,1988,None,None,Taking pupil to/from school,Approaching junction or waiting/parked at junction approach,FORD,MONDEO GHIA X AUTO,Petrol,Male,None,No tow/articulation,Did not leave carriageway,0,Going ahead other,1,Car,No,Front,2020
200945TA34913,C,88,NA,0,Fatal,None,15-02-2019,Tuesday,1,Data missing or out of range,Not at junction or within 20 metres,19.05483564,Darkness - no lighting,538730,142850,72.90355002,E01030822,2,3,0,0,Frost or ice,Single carriageway,None,50,21:44:00,Rural,Fine no high winds,No,36 - 45,9,Urban area,9,1970,None,None,Other/Not known (2005-10),Not at or within 20 metres of junction,ALFA ROMEO,GTV,Petrol,Male,None,No tow/articulation,Did not leave carriageway,0,Going ahead other,2,Car,No,Front,2021
200930C000312,A,61,NA,0,Fatal,None,18-12-2021,Sunday,1,Data missing or out of range,Not at junction or within 20 metres,26.72001148,Daylight,438380,368620,94.18122143,E01019831,2,2,0,0,Dry,Single carriageway,None,50,14:30:00,Rural,Fine no high winds,No,36 - 45,9,Urban area,2,600,None,Other permanent object,Other/Not known (2005-10),Not at or within 20 metres of junction,YAMAHA,,Petrol,Male,None,No tow/articulation,Nearside,0,Overtaking moving vehicle - offside,1,Motorcycle over 500cc,No,Front,2019
200643P146106,A,4074,Unclassified,0,Fatal,Previous accident,13-03-2021,Sunday,1,Give way or uncontrolled,T or staggered junction,15.23379529,Daylight,469450,177250,74.0084794,E01028659,1,3,0,0,Wet or damp,Single carriageway,None,50,20:10:00,Rural,Raining no high winds,No,36 - 45,9,Small town,8,599,None,None,Other/Not known (2005-10),Approaching junction or waiting/parked at junction approach,KAWASAKI,ZX 600-E5,Petrol,Male,Skidded,No tow/articulation,Did not leave carriageway,0,Going ahead other,1,Motorcycle over 500cc,No,Front,2019
200901RY76928,C,0,NA,0,Fatal,None,09-04-2020,Wednesday,1,Data missing or out of range,Not at junction or within 20 metres,26.76189351,Darkness - lights lit,549560,179740,94.17587499,E01000466,2,1,0,0,Wet or damp,Dual carriageway,None,50,04:00:00,Rural,Fine no high winds,No,46 - 55,9,Urban area,1,1298,Kerb,Lamp post,Other/Not known (2005-10),Not at or within 20 metres of junction,SUZUKI,SWIFT GLS,Petrol,Male,None,No tow/articulation,Nearside and rebounded,0,Going ahead other,1,Car,No,Front,2019
200945SP41452,A,3044,NA,0,Fatal,None,22-09-2019,Friday,1,Data missing or out of range,Not at junction or within 20 metres,14.77830376,Daylight,504560,172590,78.61480075,E01030747,2,2,0,4,Dry,Single carriageway,None,50,18:30:00,Rural,Fine no high winds,No,46 - 55,9,Urban area,10,1997,None,None,Commuting to/from work,Not at or within 20 metres of junction,PEUGEOT,306 MERIDIAN HDI (90),Heavy oil,Male,Skidded,No tow/articulation,Did not leave carriageway,0,Going ahead other,1,Car,No,Front,2019
201030B000396,A,515,C,32,Fatal,None,28-12-2020,Tuesday,1,Give way or uncontrolled,T or staggered junction,26.46050778,Daylight,414780,363650,74.6026134,E01019613,3,3,0,0,Dry,Single carriageway,None,50,11:00:00,Rural,Fine no high winds,No,46 - 55,9,Rural,6,11000,None,None,Journey as part of work,Mid Junction - on roundabout or on main road,ERF,,Heavy oil,Male,None,Articulated vehicle,Did not leave carriageway,0,Going ahead other,1,Goods 7.5 tonnes mgw and over,No,Did not impact,2020
200701YE65800,A,406,NA,0,Fatal,None,01-08-2019,Tuesday,1,Data missing or out of range,Not at junction or within 20 metres,18.56420735,Daylight,533070,192410,73.93093728,E01001458,1,3,0,7,Wet or damp,Dual carriageway,None,50,18:30:00,Urban,Raining no high winds,No,46 - 55,9,Data missing or out of range,NA,849,None,None,Other/Not known (2005-10),Not at or within 20 metres of junction,YAMAHA,,Petrol,Male,None,No tow/articulation,Did not leave carriageway,0,Slowing or stopping,1,Motorcycle over 500cc,No,Offside,2021
200597QA70106,A,749,Unclassified,0,Fatal,None,20-10-2021,Wednesday,1,Give way or uncontrolled,T or staggered junction,27.09060854,Daylight,264270,656710,93.6184555,,1,1,0,5,Wet or damp,Dual carriageway,None,50,13:35:00,Urban,Raining no high winds,Yes,56 - 65,9,Urban area,NA,6871,None,None,Journey as part of work,Cleared junction or waiting/parked at junction exit,MAN,,Heavy oil,Male,None,No tow/articulation,Did not leave carriageway,0,Going ahead other,1,Goods 7.5 tonnes mgw and over,No,Front,2019
200742I326308,A,1383,NA,0,Fatal,None,20-03-2019,Sunday,1,Not at junction or within 20 metres,Not at junction or within 20 metres,25.76496993,Daylight,552290,232690,87.45404092,E01022072,1,2,0,0,Wet or damp,Single carriageway,None,50,10:43:00,Rural,Raining no high winds,No,56 - 65,9,Small town,10,1948,None,None,Other/Not known (2005-10),Not at or within 20 metres of junction,VOLVO,V40 CD 2.0I AUTO,Petrol,Male,Skidded,No tow/articulation,Did not leave carriageway,0,Going ahead left-hand bend,2,Car,No,Did not impact,2019
200705AA22158,A,540,NA,0,Fatal,None,02-08-2021,Friday,1,Data missing or out of range,Not at junction or within 20 metres,26.73641772,Darkness - no lighting,324450,384600,94.18979241,E01007284,3,2,0,0,Wet or damp,Single carriageway,None,50,22:00:00,Rural,Raining no high winds,No,Over 75,9,Urban area,10,998,None,None,Other/Not known (2005-10),Not at or within 20 metres of junction,NISSAN,MICRA TWISTER,Petrol,Female,None,No tow/articulation,Did not leave carriageway,0,Going ahead right-hand bend,2,Car,No,Front,2019
201034TD80190,C,51,NA,0,Fatal,None,25-04-2021,Tuesday,1,Data missing or out of range,Not at junction or within 20 metres,19.17502975,Darkness - no lighting,461790,270670,72.88750127,E01027016,2,2,0,0,Dry,Single carriageway,None,60,23:00:00,Rural,Fine no high winds,No,16 - 20,9,Rural,9,1896,None,None,Other/Not known (2005-10),Not at or within 20 metres of junction,VOLKSWAGEN,GOLF GT TDI,Heavy oil,Male,None,No tow/articulation,Did not leave carriageway,0,Going ahead right-hand bend,2,Car,No,Did not impact,2021
200750B41H104,B,3273,NA,0,Fatal,None,01-07-2019,Saturday,1,Not at junction or within 20 metres,Not at junction or within 20 metres,14.72236603,Darkness - no lighting,201640,47210,78.55103943,E01019040,1,1,0,0,Dry,Single carriageway,None,60,23:15:00,Rural,Fine no high winds,No,16 - 20,9,Small town,4,1527,None,None,Data missing or out of range,Not at or within 20 metres of junction,CITROEN,SAXO XD,Heavy oil,Male,None,No tow/articulation,Did not leave carriageway,0,Overtaking - nearside,1,Car,No,Front,2019
200922E901273,A,49,NA,0,Fatal,None,19-05-2020,Saturday,1,Data missing or out of range,Not at junction or within 20 metres,25.76818435,Darkness - no lighting,349670,231100,87.47415666,E01014060,6,3,0,0,Wet or damp,Single carriageway,None,60,20:05:00,Rural,Raining + high winds,No,16 - 20,9,Rural,6,1396,None,None,Other/Not known (2005-10),Not at or within 20 metres of junction,ROVER,25 IL 16V,Petrol,Male,Overturned,No tow/articulation,Did not leave carriageway,0,Going ahead left-hand bend,1,Car,No,Front,2019
200540D025720,C,85,NA,0,Fatal,None,12-07-2020,Thursday,1,Data missing or out of range,Not at junction or within 20 metres,25.77111594,Darkness - no lighting,499810,240160,87.48923718,E01017416,4,1,0,0,Wet or damp,Single carriageway,None,60,22:59:00,Rural,Raining no high winds,No,16 - 20,9,Small town,5,1119,None,Tree,Other/Not known (2005-10),Not at or within 20 metres of junction,FORD,FIESTA CLASSIC,Petrol,Male,Skidded,No tow/articulation,Offside,0,Going ahead left-hand bend,1,Car,No,Front,2019
201032D338810,C,316,NA,0,Fatal,None,23-08-2019,Friday,1,Data missing or out of range,Not at junction or within 20 metres,22.09508253,Darkness - no lighting,508870,338820,82.16715788,E01026221,1,4,0,0,Wet or damp,Single carriageway,None,60,16:50:00,Rural,Raining no high winds,No,16 - 20,9,Rural,7,124,None,None,Pupil riding to/from school,Not at or within 20 metres of junction,HONDA,CG125,Petrol,Male,None,No tow/articulation,Did not leave carriageway,0,Going ahead other,2,Motorcycle 125cc and under,No,Front,2019
200632B328206,Unclassified,0,NA,0,Fatal,None,17-10-2020,Saturday,1,Data missing or out of range,Not at junction or within 20 metres,23.01749565,Daylight,493710,341400,72.58736262,E01026313,5,1,0,0,Wet or damp,Single carriageway,None,60,17:14:00,Rural,Fine no high winds,No,16 - 20,9,Urban area,3,1396,None,Tree,Other/Not known (2005-10),Not at or within 20 metres of junction,HONDA,CIVIC 1.4I TORNADO,Petrol,Male,Skidded,No tow/articulation,Nearside,0,Going ahead other,1,Car,No,Offside,2019
200514C041205,B,6092,NA,0,Fatal,None,12-02-2021,Friday,1,Data missing or out of range,Not at junction or within 20 metres,26.46294759,Daylight,443880,398640,80.32370854,E01007818,1,2,0,0,Dry,Single carriageway,None,60,13:40:00,Rural,Fine no high winds,No,16 - 20,9,Urban area,4,250,None,Entered ditch,Commuting to/from work,Not at or within 20 metres of junction,APRILIA,,Petrol,Male,Skidded,No tow/articulation,Nearside,0,Going ahead other,1,Motorcycle over 125cc and up to 500cc,No,Front,2020
2010160C06971,B,1246,NA,0,Fatal,None,26-04-2019,Tuesday,1,Data missing or out of range,Not at junction or within 20 metres,28.60344025,Daylight,478990,449140,77.20025881,E01013058,2,2,0,0,Wet or damp,Single carriageway,None,60,22:26:00,Rural,Fine no high winds,No,16 - 20,9,Rural,8,1299,None,None,Commuting to/from work,Not at or within 20 metres of junction,FORD,KA COLLECTION,Petrol,Male,Skidded,No tow/articulation,Offside,0,Going ahead right-hand bend,1,Car,No,Front,2020
201032B150210,A,17,NA,0,Fatal,None,14-07-2021,Saturday,1,Data missing or out of range,Not at junction or within 20 metres,28.63375957,Daylight,540550,324570,77.22738396,E01026246,1,3,0,0,Dry,Single carriageway,None,60,18:26:00,Rural,Fine no high winds,No,16 - 20,9,Rural,4,1587,None,Tree,Other/Not known (2005-10),Not at or within 20 metres of junction,CITROEN,SAXO VTR,Petrol,Male,Skidded,No tow/articulation,Offside,0,Overtaking moving vehicle - offside,1,Car,No,Nearside,2020
200722GA85560,A,442,NA,0,Fatal,None,19-10-2019,Monday,1,Data missing or out of range,Not at junction or within 20 metres,28.58604052,Daylight,370670,305510,77.1826686,E01014109,1,2,0,0,Wet or damp,Dual carriageway,None,60,06:10:00,Rural,Fine no high winds,No,16 - 20,9,Urban area,2,1905,None,None,Commuting to/from work,Not at or within 20 metres of junction,CITROEN,XSARA X TD,Heavy oil,Male,None,No tow/articulation,Did not leave carriageway,0,Going ahead other,2,Car,No,Did not impact,2020
200754ER39807,A,36,NA,0,Fatal,None,23-12-2020,Tuesday,1,Not at junction or within 20 metres,Not at junction or within 20 metres,18.58387702,Daylight,383000,148980,73.89370631,E01032051,3,3,0,0,Wet or damp,Dual carriageway,None,60,07:30:00,Rural,Fine no high winds,No,16 - 20,9,Urban area,6,1149,None,None,Commuting to/from work,Not at or within 20 metres of junction,RENAULT,CLIO BIARRITZ,Petrol,Male,None,No tow/articulation,Did not leave carriageway,0,Overtaking moving vehicle - offside,2,Car,No,Did not impact,2021
200997QC03808,A,70,NA,0,Fatal,None,15-03-2020,Wednesday,1,Data missing or out of range,Not at junction or within 20 metres,18.52482445,Daylight,292220,644340,73.92628414,,1,3,0,0,Dry,Single carriageway,None,60,17:30:00,Rural,Fine no high winds,Yes,16 - 20,9,Rural,NA,1124,None,Lamp post,Other/Not known (2005-10),Not at or within 20 metres of junction,CITROEN,SAXO FORTE,Petrol,Male,Skidded,No tow/articulation,Offside,0,Going ahead other,1,Car,No,Nearside,2021
200832C233008,A,158,NA,0,Fatal,None,20-10-2020,Friday,1,Data missing or out of range,Not at junction or within 20 metres,18.51581051,Daylight,523140,372840,73.85051361,E01026082,5,3,0,0,Dry,Single carriageway,None,60,09:06:00,Rural,Fine no high winds,No,16 - 20,9,Rural,1,1590,None,None,Other/Not known (2005-10),Not at or within 20 metres of junction,HONDA,HR-V,Petrol,Male,None,No tow/articulation,Did not leave carriageway,0,Going ahead other,1,Car,No,Front,2021