Accident_Index,1st_Road_Class,1st_Road_Number,2nd_Road_Class,2nd_Road_Number,Accident_Severity,Carriageway_Hazards,Date,Day_of_Week,Did_Police_Officer_Attend_Scene_of_Accident,Junction_Control,Junction_Detail,Latitude,Light_Conditions,Location_Easting_OSGR,Location_Northing_OSGR,Longitude,LSOA_of_Accident_Location,Number_of_Casualties,Number_of_Vehicles,Pedestrian_Crossing-Human_Control,Pedestrian_Crossing-Physical_Facilities,Road_Surface_Conditions,Road_Type,Special_Conditions_at_Site,Speed_limit,Time,Urban_or_Rural_Area,Weather_Conditions,InScotland,Age_Band_of_Driver,Age_of_Vehicle,Driver_Home_Area_Type,Driver_IMD_Decile,Engine_Capacity_.CC.,Hit_Object_in_Carriageway,Hit_Object_off_Carriageway,Journey_Purpose_of_Driver,Junction_Location,make,model,Propulsion_Code,Sex_of_Driver,Skidding_and_Overturning,Towing_and_Articulation,Vehicle_Leaving_Carriageway,Vehicle_Location.Restricted_Lane,Vehicle_Manoeuvre,Vehicle_Reference,Vehicle_Type,Was_Vehicle_Left_Hand_Drive,X1st_Point_of_Impact,Year
200904TA09163,Motorway,6,Motorway,65,Fatal,None,01-06-2021,Monday,1,Give way or uncontrolled,More than 4 arms (not roundabout),8.891742329,Darkness - lights lit,356380,424520,76.65359629,E01025417,2,1,0,0,Wet or damp,Dual carriageway,None,50,04:23:00,Rural,Other,No,36 - 45,8,Rural,6,2172,None,None,Other/Not known (2005-10),Mid Junction - on roundabout or on main road,VAUXHALL,VECTRA SRI 130 DTI,Heavy oil,Male,None,No tow/articulation,Did not leave carriageway,0,Going ahead other,1,Car,No,Front,2020
201014A194610,Motorway,18,A,630,Fatal,None,30-08-2019,Tuesday,1,Give way or uncontrolled,Slip road,14.71747335,Darkness - lights lit,458640,399480,78.57239704,E01007611,3,3,0,0,Snow,Roundabout,None,50,01:40:00,Rural,Snowing no high winds,No,36 - 45,8,Urban area,3,2402,None,None,Journey as part of work,Entering roundabout,FORD,TRANSIT 350 LWB TD,Heavy oil,Male,None,No tow/articulation,Did not leave carriageway,0,Parked,2,Van / Goods 3.5 tonnes mgw or under,No,Front,2019
201014A194610,Motorway,18,A,630,Fatal,None,30-11-2010,Tuesday,1,Give way or uncontrolled,Slip road,53.488762,Darkness - lights lit,458640,399480,-1.117674,E01007611,3,3,0,0,Snow,Roundabout,None,50,01:40:00,Rural,Snowing no high winds,No,36 - 45,8,Urban area,3,2402,None,None,Journey as part of work,Entering roundabout,FORD,TRANSIT 350 LWB TD,Heavy oil,Male,None,No tow/articulation,Did not leave carriageway,0,Parked,2,Van / Goods 3.5 tonnes mgw or under,No,Front,2010
201030B000149,B,6105,NA,0,Fatal,None,01-08-2019,Wednesday,1,Data missing or out of range,Not at junction or within 20 metres,28.61295065,Darkness - no lighting,408080,399480,77.12333745,E01019763,1,1,0,0,Dry,Single carriageway,None,50,00:33:00,Rural,Fine no high winds,No,36 - 45,8,Urban area,8,1997,None,Other permanent object,Other/Not known (2005-10),Not at or within 20 metres of junction,PEUGEOT,307 RAPIER HDI,Heavy oil,Male,None,No tow/articulation,Nearside,0,Going ahead left-hand bend,1,Car,No,Front,2020
20063104D3252,A,60,NA,0,Fatal,None,11-02-2019,Saturday,1,Data missing or out of range,Not at junction or within 20 metres,27.09434689,Darkness - no lighting,457300,323810,93.63385769,E01028410,3,2,0,0,Dry,Single carriageway,None,50,19:25:00,Rural,Fine no high winds,No,46 - 55,8,Rural,10,3996,None,None,Other/Not known (2005-10),Not at or within 20 metres of junction,JAGUAR,XJR V8 AUTO,Petrol,Male,Skidded,No tow/articulation,Offside,0,Overtaking moving vehicle - offside,1,Car,No,Front,2019
200805BB25587,A,565,NA,0,Fatal,None,22-12-2019,Thursday,1,Data missing or out of range,Not at junction or within 20 metres,26.43977199,Daylight,332780,402340,80.27266463,E01007076,2,2,0,0,Dry,Single carriageway,None,50,13:35:00,Rural,Fine no high winds,No,46 - 55,8,Urban area,9,1973,None,None,Journey as part of work,Not at or within 20 metres of junction,HONDA,CR-V ES AUTO,Petrol,Male,None,No tow/articulation,Did not leave carriageway,0,Going ahead other,1,Car,No,Front,2020
201043W234090,A,4074,NA,0,Fatal,None,07-04-2021,Saturday,1,Data missing or out of range,Not at junction or within 20 metres,14.66367782,Daylight,468930,178720,78.53690866,E01028659,1,1,0,0,Dry,Single carriageway,None,50,11:49:00,Rural,Fine no high winds,No,56 - 65,8,Urban area,3,1398,None,Tree,Other/Not known (2005-10),Not at or within 20 metres of junction,CITROEN,C3 HDI LX,Heavy oil,Male,None,No tow/articulation,Nearside,0,Going ahead right-hand bend,1,Car,No,Front,2019
200645TA82168,A,22,NA,0,Fatal,None,02-12-2019,Saturday,1,Data missing or out of range,Not at junction or within 20 metres,28.60792721,Daylight,536610,144020,77.16129291,E01030816,3,4,0,0,Dry,Single carriageway,None,50,14:55:00,Rural,Fine no high winds,No,56 - 65,8,Urban area,5,1597,None,None,Other/Not known (2005-10),Not at or within 20 metres of junction,FORD,ESCORT FINESSE 16V,Petrol,Male,Skidded,No tow/articulation,Did not leave carriageway,0,Going ahead left-hand bend,2,Car,No,Front,2021
200760GN10580,A,499,NA,0,Fatal,None,15-03-2021,Friday,1,Data missing or out of range,Not at junction or within 20 metres,22.10067186,Darkness - lights lit,245150,355350,82.13101938,,1,2,0,0,Dry,Single carriageway,None,60,22:05:00,Rural,Fine no high winds,No,16 - 20,8,Rural,NA,4250,None,None,Journey as part of work,Not at or within 20 metres of junction,MERCEDES,,Heavy oil,Male,None,No tow/articulation,Did not leave carriageway,2,Parked,2,Bus or coach (17 or more pass seats),No,Did not impact,2019
200954ED46609,A,350,NA,0,Fatal,Any animal in carriageway (except ridden horse),23-08-2021,Sunday,1,Not at junction or within 20 metres,Not at junction or within 20 metres,28.66956367,Darkness - lights lit,390010,163870,77.13451709,E01032062,2,1,0,0,Frost or ice,Single carriageway,None,60,03:13:00,Rural,Fine no high winds,No,16 - 20,8,Urban area,5,1360,Any animal (except ridden horse),Other permanent object,Other/Not known (2005-10),Not at or within 20 metres of junction,CITROEN,SAXO FURIO,Petrol,Male,Skidded,No tow/articulation,Offside,0,Going ahead other,1,Car,No,Nearside,2020
200532C063705,A,158,NA,0,Fatal,None,06-06-2019,Friday,1,Data missing or out of range,Not at junction or within 20 metres,15.34747873,Darkness - no lighting,523790,371800,74.08363333,E01026082,1,4,0,0,Dry,Single carriageway,None,60,20:00:00,Rural,Fine no high winds,No,16 - 20,8,Urban area,8,1242,None,None,Other/Not known (2005-10),Not at or within 20 metres of junction,FORD,FIESTA CHICANE,Petrol,Male,None,No tow/articulation,Did not leave carriageway,0,Going ahead other,2,Car,No,Front,2019
200950GT3I016,A,390,NA,0,Fatal,None,19-10-2020,Saturday,1,Not at junction or within 20 metres,Not at junction or within 20 metres,23.06070991,Darkness - no lighting,184790,46130,72.57931377,E01018846,1,2,0,0,Wet or damp,Single carriageway,None,60,22:50:00,Rural,Fine no high winds,No,16 - 20,8,Rural,5,1199,None,None,Other/Not known (2005-10),Not at or within 20 metres of junction,VAUXHALL,CORSA COMFORT 16V,Petrol,Male,Skidded,No tow/articulation,Did not leave carriageway,0,Going ahead other,1,Car,No,Front,2019
200942I146505,Unclassified,0,NA,0,Fatal,Previous accident,21-02-2020,Monday,1,Not at junction or within 20 metres,Not at junction or within 20 metres,12.97047992,Darkness - no lighting,601250,218830,77.52680438,E01021694,2,2,0,0,Dry,Single carriageway,None,60,23:15:00,Rural,Fine no high winds,No,16 - 20,8,Small town,5,1796,Previous accident,None,Other/Not known (2005-10),Not at or within 20 metres of junction,MG,ZR,Gas/Bi-fuel,Male,None,No tow/articulation,Did not leave carriageway,0,Going ahead right-hand bend,2,Car,No,Front,2020
200834NE80018,Unclassified,3132,NA,0,Fatal,None,12-05-2021,Tuesday,1,Data missing or out of range,Not at junction or within 20 metres,27.09159026,Darkness - no lighting,497520,285860,93.62271378,E01027045,1,1,0,0,Dry,Single carriageway,None,60,03:06:00,Rural,Fine no high winds,No,16 - 20,8,Small town,6,1199,None,Tree,Other/Not known (2005-10),Not at or within 20 metres of junction,VAUXHALL,CORSA 16V,Petrol,Male,None,No tow/articulation,Offside,0,Going ahead left-hand bend,1,Car,No,Front,2019
200634WS08033,B,4031,NA,0,Fatal,None,20-06-2020,Tuesday,1,Data missing or out of range,Not at junction or within 20 metres,26.72347996,Daylight,450110,232670,94.21008609,E01027290,4,3,0,0,Dry,Single carriageway,None,60,20:35:00,Rural,Fine no high winds,No,16 - 20,8,Rural,6,599,None,None,Other/Not known (2005-10),Not at or within 20 metres of junction,KAWASAKI,ZX 600-G1,Petrol,Male,Skidded,No tow/articulation,Offside,0,Going ahead left-hand bend,2,Motorcycle over 500cc,No,Front,2019
2008170L11228,B,1269,NA,0,Fatal,None,22-02-2020,Saturday,1,Data missing or out of range,Not at junction or within 20 metres,15.35042213,Daylight,461440,517740,73.95340461,E01012120,1,2,0,0,Dry,Single carriageway,None,60,14:30:00,Rural,Fine no high winds,No,16 - 20,8,Small town,8,125,None,Entered ditch,Other/Not known (2005-10),Not at or within 20 metres of junction,APRILIA,,Petrol,Male,Skidded and overturned,No tow/articulation,Offside,0,Going ahead other,1,Motorcycle 125cc and under,No,Front,2019
2008160B02230,Unclassified,0,NA,0,Fatal,None,14-04-2020,Saturday,1,Data missing or out of range,Not at junction or within 20 metres,13.01718858,Daylight,490270,422850,77.66963685,E01013294,3,1,0,0,Dry,Single carriageway,None,60,03:50:00,Rural,Fine no high winds,No,16 - 20,8,Rural,7,1396,None,Tree,Other/Not known (2005-10),Not at or within 20 metres of junction,ROVER,214 IS,Petrol,Male,Skidded,No tow/articulation,Nearside,0,Going ahead other,1,Car,No,Offside,2019
200997QC03808,A,70,NA,0,Fatal,None,17-11-2019,Wednesday,1,Data missing or out of range,Not at junction or within 20 metres,8.882989005,Daylight,292220,644340,76.67015761,,1,3,0,0,Dry,Single carriageway,None,60,17:30:00,Rural,Fine no high winds,Yes,16 - 20,8,Rural,NA,1124,None,None,Other/Not known (2005-10),Not at or within 20 metres of junction,PEUGEOT,206 LX,Petrol,Male,None,No tow/articulation,Did not leave carriageway,0,Going ahead other,2,Car,No,Did not impact,2020
200743W103117,Unclassified,7122,NA,0,Fatal,None,02-10-2020,Friday,1,Data missing or out of range,Not at junction or within 20 metres,26.46313505,Daylight,444150,166150,74.60515148,E01016302,5,2,0,0,Dry,Single carriageway,Mud,60,06:13:00,Rural,Fine no high winds,No,16 - 20,8,Urban area,8,1781,None,None,Commuting to/from work,Not at or within 20 metres of junction,AUDI,A3 1.8T SPORT,Petrol,Male,None,No tow/articulation,Did not leave carriageway,0,Going ahead other,1,Car,No,Front,2020
2006170L31546,A,1085,NA,0,Fatal,None,24-06-2019,Saturday,1,Data missing or out of range,Not at junction or within 20 metres,28.61147429,Daylight,462750,523400,77.18318537,E01012141,2,2,0,0,Dry,Single carriageway,None,60,09:17:00,Rural,Fine no high winds,No,16 - 20,8,Urban area,4,1242,None,None,Other/Not known (2005-10),Not at or within 20 metres of junction,FIAT,PUNTO SX 60,Petrol,Male,Skidded,No tow/articulation,Did not leave carriageway,0,Going ahead other,2,Car,No,Front,2021
2007160C02930,A,165,NA,0,Fatal,None,05-12-2021,Sunday,1,Data missing or out of range,Not at junction or within 20 metres,14.77172565,Daylight,515350,463750,78.49490748,E01012992,1,1,0,0,Wet or damp,Single carriageway,None,60,19:00:00,Rural,Fine no high winds,No,16 - 20,8,Urban area,1,1360,None,Tree,Journey as part of work,Not at or within 20 metres of junction,CITROEN,XSARA WEST COAST,Petrol,Male,Skidded,No tow/articulation,Offside,0,Going ahead right-hand bend,1,Car,No,Nearside,2019
200891NE16362,B,9169,Unclassified,0,Fatal,None,16-04-2021,Wednesday,1,Give way or uncontrolled,T or staggered junction,27.0941193,Daylight,261810,861570,93.60904407,,3,2,0,0,Wet or damp,Single carriageway,None,60,19:35:00,Rural,Fine no high winds,Yes,16 - 20,8,Rural,NA,NA,None,None,Other/Not known (2005-10),Entering main road,JOHN DEERE,,Heavy oil,Male,None,Single trailer,Did not leave carriageway,0,Turning right,2,Agricultural vehicle,No,Offside,2019
20064100A0560,B,1502,NA,0,Fatal,None,08-04-2019,Wednesday,1,Not at junction or within 20 metres,Not at junction or within 20 metres,28.5001705,Daylight,536250,211900,77.07492378,E01023480,6,4,0,0,Wet or damp,Single carriageway,None,60,16:45:00,Rural,Fine no high winds,No,16 - 20,8,Urban area,4,1597,None,None,Other/Not known (2005-10),Not at or within 20 metres of junction,FORD,ESCORT FINESSE 16V,Petrol,Female,Skidded,No tow/articulation,Offside,0,Going ahead right-hand bend,1,Car,No,Nearside,2019
200963DP04709,A,470,NA,0,Fatal,None,15-09-2020,Sunday,1,Data missing or out of range,Not at junction or within 20 metres,28.54799762,Daylight,298950,225000,77.33603914,W01000495,1,3,0,0,Dry,Single carriageway,None,60,12:57:00,Rural,Fine no high winds,No,16 - 20,8,Small town,NA,1527,None,None,Other/Not known (2005-10),Not at or within 20 metres of junction,CITROEN,SAXO DESIRE,Heavy oil,Female,None,No tow/articulation,Did not leave carriageway,0,Waiting to turn right,2,Car,No,Back,2020
2008558D05368,A,354,NA,0,Fatal,None,09-12-2019,Friday,1,Not at junction or within 20 metres,Not at junction or within 20 metres,18.57614084,Daylight,378850,96860,73.87300133,E01020540,2,2,0,0,Wet or damp,Single carriageway,None,60,08:14:00,Rural,Fine no high winds,No,16 - 20,8,Rural,5,1390,None,None,Other/Not known (2005-10),Not at or within 20 metres of junction,RENAULT,CLIO ETOILE,Petrol,Female,None,No tow/articulation,Did not leave carriageway,0,Going ahead other,1,Car,No,Front,2021
200954EU25309,C,328,NA,0,Fatal,None,19-09-2019,Sunday,1,Not at junction or within 20 metres,Not at junction or within 20 metres,19.15080494,Daylight,414610,127900,72.90104181,E01032000,1,2,0,0,Dry,Single carriageway,None,60,14:11:00,Rural,Fine no high winds,No,16 - 20,8,Rural,6,973,None,None,Other/Not known (2005-10),Not at or within 20 metres of junction,VAUXHALL,CORSA CLUB 12V,Petrol,Female,None,No tow/articulation,Offside,0,Going ahead other,1,Car,No,Offside,2021
200543P073075,A,4130,NA,0,Fatal,None,03-02-2020,Thursday,1,Data missing or out of range,Not at junction or within 20 metres,19.17646006,Daylight,474600,184420,72.92051637,E01028612,3,2,0,0,Wet or damp,Single carriageway,None,60,19:40:00,Rural,Fine no high winds,No,16 - 20,8,Rural,7,1389,None,Tree,Other/Not known (2005-10),Not at or within 20 metres of junction,VAUXHALL,CORSA BREEZE HI-TORQ,Petrol,Female,Skidded,No tow/articulation,Offside,0,Reversing,2,Car,No,Offside,2021
200743N194037,B,488,NA,0,Fatal,None,22-03-2020,Saturday,1,Data missing or out of range,Not at junction or within 20 metres,28.50421637,Daylight,491710,221350,77.01959731,E01017652,2,2,0,0,Wet or damp,Single carriageway,None,60,13:30:00,Rural,Other,No,16 - 20,8,Rural,7,1870,None,None,Other/Not known (2005-10),Not at or within 20 metres of junction,RENAULT,KANGOO 865 1.9D,Heavy oil,Male,None,No tow/articulation,Did not leave carriageway,0,Going ahead other,2,Van / Goods 3.5 tonnes mgw or under,No,Front,2019
201022E002718,A,449,B,4224,Fatal,None,17-08-2021,Saturday,1,Give way or uncontrolled,Crossroads,28.44126022,Daylight,363180,228410,76.97777598,E01014053,4,2,0,0,Wet or damp,Single carriageway,None,60,11:54:00,Rural,Raining no high winds,No,16 - 20,8,Rural,5,1398,None,None,Other/Not known (2005-10),Entering main road,PEUGEOT,206 LX HDI,Heavy oil,Female,None,No tow/articulation,Offside,0,Going ahead other,1,Car,No,Offside,2019
201063CP18910,A,487,NA,0,Fatal,None,25-05-2020,Sunday,1,Data missing or out of range,Not at junction or within 20 metres,22.69261148,Darkness - lights lit,189460,219140,75.82238097,W01000555,2,1,0,0,Dry,Single carriageway,None,60,00:54:00,Rural,Fine no high winds,No,21 - 25,8,Rural,NA,1587,None,Tree,Other/Not known (2005-10),Not at or within 20 metres of junction,CITROEN,SAXO VTR,Petrol,Male,Skidded and overturned,No tow/articulation,Nearside and rebounded,0,Going ahead left-hand bend,1,Car,No,Back,2020
201032B253110,A,52,NA,0,Fatal,None,04-08-2021,Sunday,1,Data missing or out of range,Not at junction or within 20 metres,14.68758605,Darkness - lights lit,493220,334400,78.57208692,E01026293,4,3,0,0,Dry,Single carriageway,None,60,20:38:00,Rural,Fine no high winds,No,21 - 25,8,Urban area,5,1198,None,None,Other/Not known (2005-10),Not at or within 20 metres of junction,VOLKSWAGEN,POLO S,Petrol,Female,Skidded,No tow/articulation,Did not leave carriageway,0,Going ahead right-hand bend,3,Car,No,Front,2019
200905BB01376,B,5424,NA,0,Fatal,None,31-07-2021,Thursday,1,Data missing or out of range,Not at junction or within 20 metres,14.72840825,Darkness - lights lit,330430,405890,78.55490165,E01007076,1,1,0,0,Wet or damp,Single carriageway,None,60,21:20:00,Rural,Raining + high winds,No,21 - 25,8,Urban area,7,1984,Any animal (except ridden horse),None,Other/Not known (2005-10),Not at or within 20 metres of junction,VOLKSWAGEN,BEETLE,Petrol,Male,None,No tow/articulation,Did not leave carriageway,0,Going ahead other,1,Car,No,Front,2019
200791NN46678,A,82,Unclassified,0,Fatal,None,04-09-2019,Sunday,1,Give way or uncontrolled,Other junction,8.878142055,Darkness - no lighting,231230,801160,76.67206305,,1,1,0,0,Frost or ice,Single carriageway,None,60,04:50:00,Rural,Fine no high winds,Yes,21 - 25,8,Rural,NA,1124,None,Tree,Other/Not known (2005-10),Approaching junction or waiting/parked at junction approach,CITROEN,SAXO FORTE,Petrol,Male,Skidded and overturned,No tow/articulation,Offside,0,Going ahead left-hand bend,1,Car,No,Nearside,2020
200991NE14037,A,835,NA,0,Fatal,None,08-03-2020,Saturday,1,Data missing or out of range,Not at junction or within 20 metres,28.72426225,Darkness - no lighting,258780,852230,77.14013774,,3,1,0,0,Dry,Single carriageway,None,60,21:45:00,Rural,Fine no high winds,Yes,21 - 25,8,Urban area,NA,2497,Kerb,Other permanent object,Other/Not known (2005-10),Not at or within 20 metres of junction,MG,ZT+,Petrol,Male,Skidded and overturned,No tow/articulation,Nearside,0,Going ahead left-hand bend,1,Car,No,Offside,2020
200811SB24048,A,68,NA,0,Fatal,None,10-02-2021,Friday,1,Not at junction or within 20 metres,Not at junction or within 20 metres,18.56927461,Darkness - no lighting,413020,537990,73.88809281,E01020894,1,1,0,0,Dry,Single carriageway,None,60,20:50:00,Rural,Fine no high winds,No,21 - 25,8,Data missing or out of range,NA,600,Kerb,Telegraph or electricity pole,Other/Not known (2005-10),Not at or within 20 metres of junction,SUZUKI,,Petrol,Male,None,No tow/articulation,Nearside,0,Going ahead right-hand bend,1,Motorcycle over 500cc,No,Front,2021
201034TK80200,A,43,NA,0,Fatal,None,03-04-2020,Wednesday,1,Data missing or out of range,Not at junction or within 20 metres,19.12889256,Darkness - no lighting,483470,276380,72.84961055,E01027118,2,3,0,0,Dry,Single carriageway,None,60,18:30:00,Rural,Fine no high winds,No,21 - 25,8,Rural,10,1679,None,None,Other/Not known (2005-10),Not at or within 20 metres of junction,FORD,PUMA THUNDER,Petrol,Female,None,No tow/articulation,Did not leave carriageway,0,Going ahead other,1,Car,No,Front,2021
2005600WR6015,A,539,Unclassified,0,Fatal,None,08-09-2020,Sunday,1,Give way or uncontrolled,T or staggered junction,26.73730446,Daylight,343670,339780,94.20343199,W01000403,1,2,0,0,Dry,Single carriageway,None,60,14:00:00,Rural,Fine no high winds,No,21 - 25,8,Small town,4,1000,None,Other permanent object,Other/Not known (2005-10),Approaching junction or waiting/parked at junction approach,SUZUKI,,Petrol,Male,None,No tow/articulation,Offside,0,Going ahead left-hand bend,1,Motorcycle over 500cc,No,Front,2019
200522EC34151,A,49,Unclassified,0,Fatal,Vehicle load on road,17-04-2020,Tuesday,1,Give way or uncontrolled,Crossroads,22.09638036,Daylight,353170,226550,82.10944876,E01014059,2,2,0,0,Wet or damp,Single carriageway,None,60,14:47:00,Rural,Fine no high winds,No,21 - 25,8,Rural,5,1686,None,None,Other/Not known (2005-10),Mid Junction - on roundabout or on main road,VAUXHALL,ASTRA MERIT 1.7D TURBO,Heavy oil,Male,None,No tow/articulation,Did not leave carriageway,0,Waiting to turn right,2,Car,No,Back,2019
2006556W02446,A,35,NA,0,Fatal,Other object on road,24-01-2019,Sunday,1,Data missing or out of range,Not at junction or within 20 metres,8.883466458,Daylight,368810,88980,76.69576046,E01020549,2,2,0,0,Dry,Single carriageway,None,60,09:49:00,Urban,Fine no high winds,No,21 - 25,8,Rural,5,1905,None,None,Other/Not known (2005-10),Not at or within 20 metres of junction,PEUGEOT,306 VIVANT DT,Heavy oil,Male,None,No tow/articulation,Did not leave carriageway,0,Going ahead other,1,Car,No,Front,2020
200601TC00131,A,1005,C,0,Fatal,None,26-03-2021,Wednesday,1,Give way or uncontrolled,T or staggered junction,18.50055178,Daylight,529730,199110,73.91663324,E01001412,2,2,0,0,Dry,Single carriageway,None,60,19:20:00,Rural,Fine no high winds,No,21 - 25,8,Data missing or out of range,NA,918,None,None,Other/Not known (2005-10),Approaching junction or waiting/parked at junction approach,HONDA,,Petrol,Male,None,No tow/articulation,Did not leave carriageway,0,Overtaking moving vehicle - offside,2,Motorcycle over 500cc,No,Front,2021
200542C004801,A,130,NA,0,Fatal,None,04-04-2020,Tuesday,1,Data missing or out of range,Not at junction or within 20 metres,22.74346236,Daylight,571840,210110,75.81916363,E01021616,4,3,0,0,Wet or damp,Single carriageway,None,60,09:00:00,Rural,Fine no high winds,No,21 - 25,8,Small town,6,1124,None,None,Journey as part of work,Not at or within 20 metres of junction,PEUGEOT,106 XL INDEPENDENCE,Petrol,Female,Skidded,No tow/articulation,Offside,0,Going ahead right-hand bend,1,Car,No,Nearside,2020
200954EV18509,A,350,C,305,Fatal,None,08-09-2020,Wednesday,1,Give way or uncontrolled,T or staggered junction,22.07047806,Daylight,388380,132110,82.19115352,E01032010,2,2,0,0,Wet or damp,Single carriageway,None,60,11:01:00,Rural,Raining no high winds,No,21 - 25,8,Urban area,8,1595,None,None,Commuting to/from work,Cleared junction or waiting/parked at junction exit,SEAT,IBIZA SPORT,Petrol,Male,Skidded,No tow/articulation,Offside,0,Going ahead right-hand bend,1,Car,No,Nearside,2019
201050KN3D002,A,358,NA,0,Fatal,None,22-03-2019,Saturday,1,Not at junction or within 20 metres,Not at junction or within 20 metres,28.50171954,Daylight,326540,93660,76.98395902,E01019936,1,2,0,0,Wet or damp,Single carriageway,None,60,10:16:00,Rural,Raining no high winds,No,21 - 25,8,Small town,4,1998,None,Other permanent object,Other/Not known (2005-10),Not at or within 20 metres of junction,HONDA,CIVIC TYPE-R,Petrol,Male,Skidded,No tow/articulation,Nearside,0,Overtaking moving vehicle - offside,1,Car,No,Offside,2019
20063104A2942,A,38,NA,0,Fatal,None,22-12-2020,Tuesday,1,Data missing or out of range,Not at junction or within 20 metres,26.74310065,Darkness - lights lit,450950,358960,94.1915829,E01027972,2,1,0,0,Dry,Single carriageway,None,60,16:40:00,Urban,Fine no high winds,No,26 - 35,8,Urban area,2,599,None,None,Other/Not known (2005-10),Not at or within 20 metres of junction,SUZUKI,GSF 600 SW,Petrol,Male,None,No tow/articulation,Offside,0,Going ahead other,1,Motorcycle over 500cc,No,Front,2019
200911NE16289,A,19,NA,0,Fatal,None,11-12-2021,Friday,1,Data missing or out of range,Not at junction or within 20 metres,15.30273001,Darkness - lights lit,441440,540790,74.05891594,E01020761,6,16,0,0,Wet or damp,Dual carriageway,None,70,22:10:00,Urban,Fog or mist,No,16 - 20,8,Urban area,10,1242,None,None,Other/Not known (2005-10),Not at or within 20 metres of junction,FIAT,PUNTO MIA,Petrol,Male,None,No tow/articulation,Nearside,0,Going ahead other,6,Car,No,Front,2019
200905CC01335,A,562,NA,0,Fatal,None,05-10-2019,Saturday,1,Data missing or out of range,Not at junction or within 20 metres,18.54266904,Daylight,345960,384580,73.78144174,E01006420,4,1,0,0,Dry,Dual carriageway,None,70,11:35:00,Rural,Fine no high winds,No,16 - 20,8,Rural,6,1461,None,Lamp post,Other/Not known (2005-10),Not at or within 20 metres of junction,RENAULT,CLIO DYNAMIQUE DCI 65,Heavy oil,Female,Skidded and overturned,No tow/articulation,Nearside,0,Going ahead left-hand bend,1,Car,No,Front,2021
200945RE35350,Motorway,25,NA,0,Fatal,None,03-02-2021,Sunday,1,Data missing or out of range,Not at junction or within 20 metres,26.47746944,Darkness - lights lit,527180,153440,80.27149296,E01030598,3,4,0,0,Wet or damp,Dual carriageway,None,70,21:04:00,Rural,Fine no high winds,No,21 - 25,8,Urban area,7,1360,None,None,Other/Not known (2005-10),Not at or within 20 metres of junction,PEUGEOT,206 GLX,Petrol,Female,Skidded,No tow/articulation,Did not leave carriageway,0,Going ahead other,1,Car,No,Front,2020
200943P031129,A,4074,NA,0,Fatal,None,13-10-2019,Friday,1,Data missing or out of range,Not at junction or within 20 metres,26.44588408,Darkness - no lighting,453900,201440,80.31764896,E01028657,2,1,0,0,Wet or damp,Dual carriageway,None,70,21:33:00,Rural,Fine no high winds,No,21 - 25,8,Urban area,2,1997,None,Tree,Other/Not known (2005-10),Not at or within 20 metres of junction,HONDA,S2000,Petrol,Male,Skidded,No tow/articulation,Nearside,0,Going ahead other,1,Car,No,Nearside,2020
200904TA09242,Motorway,6,NA,0,Fatal,None,04-06-2021,Sunday,1,Data missing or out of range,Not at junction or within 20 metres,28.60416334,Darkness - no lighting,351160,443870,77.15798891,E01025549,3,1,0,0,Wet or damp,Dual carriageway,None,70,04:35:00,Rural,Raining + high winds,No,21 - 25,8,Urban area,1,1590,None,Entered ditch,Other/Not known (2005-10),Not at or within 20 metres of junction,HONDA,CIVIC VTEC S,Petrol,Male,Overturned,No tow/articulation,Nearside,0,Going ahead other,1,Car,No,Front,2020
200542F053112,A,13,A,126,Fatal,None,05-08-2021,Sunday,1,Give way or uncontrolled,Slip road,8.878905411,Darkness - lights lit,558690,179860,76.69104837,E01016012,2,2,0,0,Wet or damp,Slip road,None,70,05:55:00,Rural,Fine no high winds,No,26 - 35,8,Urban area,4,1390,None,None,Commuting to/from work,Approaching junction or waiting/parked at junction approach,RENAULT,MEGANE RN PARIS,Petrol,Male,None,No tow/articulation,Did not leave carriageway,0,Parked,2,Car,No,Back,2020
200622DE51248,A,435,NA,0,Fatal,None,23-01-2019,Thursday,1,Data missing or out of range,Not at junction or within 20 metres,26.4809251,Darkness - lights lit,408740,270960,80.33652626,E01032123,2,1,0,0,Dry,Dual carriageway,None,70,23:45:00,Rural,Fine no high winds,No,26 - 35,8,Urban area,3,2494,None,Other permanent object,Other/Not known (2005-10),Not at or within 20 metres of junction,BMW,323I SE TOURING,Petrol,Male,Skidded and overturned,No tow/articulation,Offside,0,Going ahead other,1,Car,No,Nearside,2020
200906X017952,Motorway,60,NA,0,Fatal,None,14-12-2019,Sunday,1,Not at junction or within 20 metres,Not at junction or within 20 metres,28.6635579,Darkness - lights lit,391620,392820,77.18152817,E01005744,1,1,0,0,Wet or damp,Dual carriageway,None,70,01:30:00,Rural,Fine no high winds,No,26 - 35,8,Urban area,2,1275,None,Lamp post,Other/Not known (2005-10),Not at or within 20 metres of junction,ROVER,MINI COOPER SPORT,Petrol,Male,Skidded,No tow/articulation,Nearside and rebounded,0,Going ahead other,1,Car,No,Offside,2020
200943W018019,Motorway,4,NA,0,Fatal,None,04-05-2020,Tuesday,1,Data missing or out of range,Not at junction or within 20 metres,19.10235175,Darkness - lights lit,480030,171030,72.86954696,E01016656,2,3,0,0,Frost or ice,Slip road,None,70,16:12:00,Rural,Other,No,26 - 35,8,Urban area,10,1149,None,None,Other/Not known (2005-10),Not at or within 20 metres of junction,RENAULT,CLIO AUTHENTIQUE,Petrol,Female,None,No tow/articulation,Did not leave carriageway,0,Going ahead other,3,Car,No,Front,2021