Accident_Index,1st_Road_Class,1st_Road_Number,2nd_Road_Class,2nd_Road_Number,Accident_Severity,Carriageway_Hazards,Date,Day_of_Week,Did_Police_Officer_Attend_Scene_of_Accident,Junction_Control,Junction_Detail,Latitude,Light_Conditions,Location_Easting_OSGR,Location_Northing_OSGR,Longitude,LSOA_of_Accident_Location,Number_of_Casualties,Number_of_Vehicles,Pedestrian_Crossing-Human_Control,Pedestrian_Crossing-Physical_Facilities,Road_Surface_Conditions,Road_Type,Special_Conditions_at_Site,Speed_limit,Time,Urban_or_Rural_Area,Weather_Conditions,InScotland,Age_Band_of_Driver,Age_of_Vehicle,Driver_Home_Area_Type,Driver_IMD_Decile,Engine_Capacity_.CC.,Hit_Object_in_Carriageway,Hit_Object_off_Carriageway,Journey_Purpose_of_Driver,Junction_Location,make,model,Propulsion_Code,Sex_of_Driver,Skidding_and_Overturning,Towing_and_Articulation,Vehicle_Leaving_Carriageway,Vehicle_Location.Restricted_Lane,Vehicle_Manoeuvre,Vehicle_Reference,Vehicle_Type,Was_Vehicle_Left_Hand_Drive,X1st_Point_of_Impact,Year
200963AC05909,A,48,Unclassified,0,Fatal,None,09-08-2021,Tuesday,1,Give way or uncontrolled,T or staggered junction,28.64803912,Darkness - lights lit,257060,210520,77.16512646,W01000699,3,3,0,0,Wet or damp,Dual carriageway,None,70,21:00:00,Rural,Raining no high winds,No,26 - 35,8,Urban area,NA,1360,None,None,Other/Not known (2005-10),Mid Junction - on roundabout or on main road,PEUGEOT,206 LX,Petrol,Female,None,No tow/articulation,Did not leave carriageway,0,Going ahead other,3,Car,No,Did not impact,2020
200597ED70203,Motorway,8,Unclassified,0,Fatal,Other object on road,02-08-2020,Saturday,1,Give way or uncontrolled,Slip road,28.62345638,Darkness - lights unlit,267940,665270,77.24972951,,2,2,0,0,Wet or damp,Dual carriageway,Roadworks,70,01:10:00,Urban,Fine no high winds,Yes,26 - 35,8,Urban area,NA,1108,None,Central crash barrier,Other/Not known (2005-10),Approaching junction or waiting/parked at junction approach,FIAT,PUNTO 55 SX,Petrol,Male,None,No tow/articulation,Did not leave carriageway,0,Going ahead other,1,Car,No,Front,2021
200905AA32613,Motorway,53,NA,0,Fatal,None,23-06-2021,Saturday,1,Data missing or out of range,Not at junction or within 20 metres,14.73273354,Darkness - no lighting,328180,387750,78.48109177,E01007161,1,1,0,0,Dry,Dual carriageway,None,70,00:10:00,Rural,Fine no high winds,No,26 - 35,8,Urban area,1,1199,Bollard or refuge,Central crash barrier,Other/Not known (2005-10),Not at or within 20 metres of junction,VAUXHALL,CORSA CLUB 16V,Petrol,Male,None,No tow/articulation,Did not leave carriageway,0,Going ahead other,1,Car,No,Front,2019
200597QC70103,Motorway,74,NA,0,Fatal,None,24-12-2020,Saturday,1,Data missing or out of range,Not at junction or within 20 metres,23.00639371,Darkness - no lighting,281600,640630,72.66205965,,1,4,0,0,Dry,Dual carriageway,None,70,04:20:00,Rural,Fine no high winds,Yes,26 - 35,8,Urban area,4,1781,None,None,Other/Not known (2005-10),Not at or within 20 metres of junction,AUDI,A4 1.8T SPORT,Petrol,Male,None,No tow/articulation,Did not leave carriageway,0,Going ahead other,2,Car,No,Front,2019
201037B045334,A,14,A,14,Fatal,None,09-08-2021,Sunday,1,Give way or uncontrolled,Slip road,28.72463699,Darkness - no lighting,603650,260360,77.14443402,E01030056,1,1,0,0,Dry,Dual carriageway,None,70,00:10:00,Rural,Fine no high winds,No,26 - 35,8,Urban area,6,1587,None,None,Other/Not known (2005-10),Approaching junction or waiting/parked at junction approach,PEUGEOT,206 CC AUTO,Petrol,Female,None,No tow/articulation,Did not leave carriageway,0,Going ahead other,1,Car,No,Front,2020
201043R163100,A,322,NA,0,Fatal,None,26-01-2019,Saturday,1,Data missing or out of range,Not at junction or within 20 metres,13.01628152,Daylight,488540,166250,77.61549086,E01016181,1,4,0,0,Dry,Dual carriageway,None,70,10:00:00,Rural,Fine no high winds,No,26 - 35,8,Urban area,8,1598,None,None,Other/Not known (2005-10),Not at or within 20 metres of junction,ALFA ROMEO,156 T SPARK TURISMO,Petrol,Female,None,No tow/articulation,Did not leave carriageway,0,Overtaking moving vehicle - offside,2,Car,No,Nearside,2020
201020Z002160,Motorway,6,NA,0,Fatal,Previous accident,05-01-2019,Sunday,1,Data missing or out of range,Not at junction or within 20 metres,28.72453733,Daylight,406000,293730,77.36780146,E01009244,4,5,0,0,Wet or damp,Dual carriageway,None,70,20:30:00,Urban,Fine no high winds,No,26 - 35,8,Urban area,2,1149,Bollard or refuge,Near/Offside crash barrier,Other/Not known (2005-10),Not at or within 20 metres of junction,RENAULT,CLIO AUTHENTIQUE,Petrol,Female,None,No tow/articulation,Straight ahead at junction,0,Going ahead other,3,Car,No,Front,2020
200550E51O361,A,38,NA,0,Fatal,None,01-04-2019,Monday,1,Not at junction or within 20 metres,Not at junction or within 20 metres,26.46439809,Daylight,257530,55250,74.58952756,E01020149,1,1,0,0,Wet or damp,Dual carriageway,None,70,07:25:00,Rural,Unknown,No,26 - 35,8,Urban area,10,3980,None,Near/Offside crash barrier,Data missing or out of range,Not at or within 20 metres of junction,JAGUAR,XK8 COUPE AUTO,Petrol,Male,Skidded,No tow/articulation,Offside on to centrl res + rebounded,0,Going ahead left-hand bend,1,Car,No,Offside,2020
200506X039622,Motorway,6,NA,0,Fatal,None,18-04-2021,Saturday,1,Data missing or out of range,Not at junction or within 20 metres,15.20545324,Darkness - lights lit,354170,410160,74.0823497,E01006320,4,2,0,0,Dry,Dual carriageway,None,70,20:39:00,Rural,Fine no high winds,No,36 - 45,8,Urban area,1,1598,None,None,Other/Not known (2005-10),Not at or within 20 metres of junction,VAUXHALL,VECTRA PREMIER,Petrol,Male,None,No tow/articulation,Did not leave carriageway,0,Going ahead other,2,Car,No,Front,2019
200543N198085,Motorway,25,NA,0,Fatal,None,03-02-2019,Monday,1,Data missing or out of range,Not at junction or within 20 metres,18.58067122,Darkness - lights lit,504520,179020,73.83249308,E01017827,3,2,0,0,Dry,Dual carriageway,None,70,04:40:00,Rural,Fine no high winds,No,36 - 45,8,Urban area,6,2800,None,None,Journey as part of work,Not at or within 20 metres of junction,IVECO-FORD,,Heavy oil,Male,Skidded,No tow/articulation,Did not leave carriageway,0,Going ahead other,2,Goods over 3.5t. and under 7.5t,No,Back,2021
20074100T3032,Motorway,25,NA,0,Fatal,None,17-08-2020,Friday,1,Not at junction or within 20 metres,Not at junction or within 20 metres,22.06990295,Darkness - lights lit,526730,200340,82.18399901,E01023574,2,4,0,0,Wet or damp,Dual carriageway,None,70,23:49:00,Rural,Raining no high winds,No,36 - 45,8,Rural,5,1796,None,None,Journey as part of work,Not at or within 20 metres of junction,FORD,MONDEO VERONA,Petrol,Male,Skidded,No tow/articulation,Did not leave carriageway,0,Going ahead other,3,Car,No,Front,2019
200643P270036,Motorway,40,NA,0,Fatal,None,05-09-2021,Friday,1,Data missing or out of range,Not at junction or within 20 metres,27.09368045,Darkness - no lighting,443320,246450,93.61183498,E01028479,4,4,0,0,Wet or damp,Dual carriageway,None,70,23:02:00,Rural,Fine no high winds,No,36 - 45,8,Urban area,6,2319,None,None,Other/Not known (2005-10),Not at or within 20 metres of junction,VOLVO,S70 R AUTO,Petrol,Male,Skidded,No tow/articulation,Did not leave carriageway,0,Going ahead other,2,Car,No,Front,2019
200834TD80328,A,14,NA,0,Fatal,None,06-08-2020,Wednesday,1,Data missing or out of range,Not at junction or within 20 metres,26.74540551,Darkness - no lighting,476440,279160,94.22712614,E01027118,1,4,0,0,Dry,Dual carriageway,None,70,00:57:00,Rural,Fine no high winds,No,36 - 45,8,Urban area,3,12130,None,None,Journey as part of work,Not at or within 20 metres of junction,VOLVO,,Heavy oil,Male,Skidded,Articulated vehicle,Did not leave carriageway,0,Going ahead other,2,Goods 7.5 tonnes mgw and over,No,Front,2019
200743S091097,A,5,NA,0,Fatal,None,27-01-2020,Sunday,1,Data missing or out of range,Not at junction or within 20 metres,23.02233393,Darkness - no lighting,487250,235690,72.5293953,E01016712,1,1,0,0,Dry,Dual carriageway,None,70,05:35:00,Rural,Fine no high winds,No,36 - 45,8,Urban area,2,1998,None,None,Commuting to/from work,Not at or within 20 metres of junction,VAUXHALL,VECTRA LS DTI,Heavy oil,Male,None,No tow/articulation,Did not leave carriageway,0,Going ahead other,1,Car,No,Front,2019
200811ND32008,A(M),1,NA,0,Fatal,None,29-08-2019,Wednesday,1,Not at junction or within 20 metres,Not at junction or within 20 metres,22.9756866,Darkness - no lighting,430940,537110,72.61448168,E01020696,3,3,0,0,Wet or damp,Dual carriageway,None,70,16:35:00,Rural,Fine no high winds,No,36 - 45,8,Urban area,10,3226,None,None,Other/Not known (2005-10),Not at or within 20 metres of junction,MERCEDES,E320 CDI ELEGANCE AUTO,Heavy oil,Male,None,No tow/articulation,Did not leave carriageway,0,Going ahead other,3,Car,No,Front,2019
2008558E01241,A,338,NA,0,Fatal,None,26-05-2020,Saturday,1,Not at junction or within 20 metres,Not at junction or within 20 metres,18.55848007,Darkness - no lighting,413210,101890,73.8905107,E01020405,6,2,0,0,Dry,Dual carriageway,None,70,21:44:00,Rural,Fine no high winds,No,36 - 45,8,Urban area,8,6750,None,Tree,Other/Not known (2005-10),Not at or within 20 metres of junction,BENTLEY,ARNAGE RED LABEL AUTO,Petrol,Male,None,No tow/articulation,Nearside,0,Overtaking moving vehicle - offside,1,Car,No,Offside,2021
200801ZD74943,A,232,A,212,Fatal,None,03-04-2020,Sunday,1,Auto traffic signal,Crossroads,26.45811678,Daylight,532550,165620,74.65641167,E01001043,8,3,0,5,Wet or damp,One way street,None,20,09:55:00,Urban,Raining + high winds,No,26 - 35,7,Urban area,4,1895,None,None,Other/Not known (2005-10),Cleared junction or waiting/parked at junction exit,BMW,316I SE,Petrol,Male,None,No tow/articulation,Did not leave carriageway,0,Parked,3,Car,No,Back,2020
200534TW08010,C,143,Unclassified,3589,Fatal,None,05-04-2021,Sunday,1,Give way or uncontrolled,T or staggered junction,26.75681599,Darkness - lights lit,495910,266210,94.2078342,E01027069,1,1,0,0,Dry,Single carriageway,None,30,23:06:00,Urban,Fine no high winds,No,16 - 20,7,Urban area,6,1108,None,Bus stop or bus shelter,Other/Not known (2005-10),Cleared junction or waiting/parked at junction exit,FIAT,SEICENTO SPORTING,Petrol,Male,Skidded,No tow/articulation,Offside,0,Going ahead other,1,Car,No,Front,2019
200791NJ13382,A,836,NA,0,Fatal,None,09-03-2021,Saturday,1,Data missing or out of range,Not at junction or within 20 metres,25.76483568,Darkness - lights lit,318800,968320,87.47433546,,4,2,0,0,Dry,Single carriageway,None,30,21:30:00,Rural,Fine no high winds,Yes,16 - 20,7,Data missing or out of range,NA,1360,None,None,Other/Not known (2005-10),Not at or within 20 metres of junction,CITROEN,SAXO FURIO,Petrol,Male,None,No tow/articulation,Did not leave carriageway,0,Going ahead right-hand bend,2,Car,No,Did not impact,2019
200930C000089,A,619,NA,0,Fatal,None,26-03-2019,Thursday,1,Data missing or out of range,Not at junction or within 20 metres,22.08088004,Darkness - lights lit,441040,373600,82.15225808,E01019534,1,1,0,8,Dry,Single carriageway,None,30,23:35:00,Urban,Fine no high winds,No,16 - 20,7,Urban area,4,1402,Kerb,Lamp post,Other/Not known (2005-10),Not at or within 20 metres of junction,SUZUKI,GSX1400K2,Petrol,Male,None,No tow/articulation,Nearside,0,Going ahead right-hand bend,1,Motorcycle over 500cc,No,Front,2019
200901TC00175,C,0,NA,0,Fatal,None,20-04-2019,Friday,1,Data missing or out of range,Not at junction or within 20 metres,8.884976767,Darkness - lights lit,546620,184640,76.68572842,E01000072,1,2,0,0,Dry,Single carriageway,None,30,01:20:00,Urban,Fine no high winds,No,16 - 20,7,Urban area,4,1796,None,None,Other/Not known (2005-10),Not at or within 20 metres of junction,MG,ZR+,Petrol,Male,None,No tow/articulation,Did not leave carriageway,0,Overtaking moving vehicle - offside,2,Car,No,Nearside,2020
200901JI77070,A,1083,NA,0,Fatal,None,28-12-2020,Saturday,1,Data missing or out of range,Not at junction or within 20 metres,18.54624813,Darkness - lights lit,546790,187040,73.8659663,E01003717,1,1,0,0,Dry,Single carriageway,None,30,00:39:00,Urban,Fine no high winds,No,16 - 20,7,Urban area,4,1124,None,None,Other/Not known (2005-10),Not at or within 20 metres of junction,PEUGEOT,206 LX,Petrol,Male,None,No tow/articulation,Did not leave carriageway,0,Going ahead other,1,Car,No,Front,2021
200901TD00076,C,0,NA,0,Fatal,None,06-10-2019,Saturday,1,Data missing or out of range,Not at junction or within 20 metres,18.62833696,Darkness - lights lit,538400,162030,73.8021066,E01001080,1,1,0,0,Dry,Single carriageway,None,30,00:47:00,Urban,Fine no high winds,No,16 - 20,7,Rural,7,625,None,None,Other/Not known (2005-10),Not at or within 20 metres of junction,KTM,,Petrol,Male,Skidded,No tow/articulation,Did not leave carriageway,0,Going ahead other,1,Motorcycle over 500cc,No,Did not impact,2021
200537L011899,A,144,Unclassified,1220,Fatal,None,15-09-2019,Thursday,1,Give way or uncontrolled,T or staggered junction,19.17499945,Darkness - lights lit,633920,289330,72.89180055,E01030230,2,2,0,0,Dry,Single carriageway,None,30,20:25:00,Rural,Fine no high winds,No,16 - 20,7,Small town,4,49,None,None,Other/Not known (2005-10),Mid Junction - on roundabout or on main road,APRILIA,,Petrol,Male,None,No tow/articulation,Did not leave carriageway,0,Going ahead other,2,Motorcycle 50cc and under,No,Front,2021
2010400D02678,Unclassified,113,NA,0,Fatal,None,18-06-2021,Wednesday,1,Data missing or out of range,Not at junction or within 20 metres,19.08330509,Darkness - lights lit,505630,234630,72.8758024,E01017398,1,1,0,0,Dry,Single carriageway,None,30,20:00:00,Rural,Fine no high winds,No,16 - 20,7,Rural,9,1248,None,None,Other/Not known (2005-10),Not at or within 20 metres of junction,VAUXHALL,CORSA SXI CDTI,Heavy oil,Female,None,No tow/articulation,Did not leave carriageway,0,Going ahead other,1,Car,No,Front,2021
200745SP98408,B,377,Unclassified,3258,Fatal,None,11-02-2020,Saturday,1,Give way or uncontrolled,T or staggered junction,27.09901784,Darkness - lights lit,506800,171220,93.61538154,E01030716,2,2,0,0,Dry,Single carriageway,None,30,21:08:00,Urban,Fine no high winds,No,16 - 20,7,Data missing or out of range,NA,1124,None,Lamp post,Other/Not known (2005-10),Mid Junction - on roundabout or on main road,CITROEN,SAXO FORTE,Petrol,Female,Skidded,No tow/articulation,Offside,0,Going ahead right-hand bend,1,Car,No,Nearside,2019
200742I025401,Unclassified,0,NA,0,Fatal,None,29-04-2021,Tuesday,1,Not at junction or within 20 metres,Not at junction or within 20 metres,28.56267581,Darkness - no lighting,588570,189490,77.32529369,E01021917,1,4,0,0,Wet or damp,Single carriageway,None,30,17:10:00,Rural,Fine no high winds,No,16 - 20,7,Rural,6,1390,None,None,Other/Not known (2005-10),Not at or within 20 metres of junction,VOLKSWAGEN,POLO SE AUTO,Petrol,Male,None,No tow/articulation,Did not leave carriageway,0,Going ahead other,2,Car,No,Back,2020
200701TE00133,A,202,NA,0,Fatal,None,26-04-2020,Saturday,1,Data missing or out of range,Not at junction or within 20 metres,14.78901265,Daylight,531540,177340,78.61448188,E01003183,1,2,0,0,Dry,Single carriageway,None,30,15:53:00,Urban,Fine no high winds,No,16 - 20,7,Urban area,3,2494,Kerb,None,Other/Not known (2005-10),Not at or within 20 metres of junction,BMW,323 CI SE,Petrol,Male,None,No tow/articulation,Nearside,0,Going ahead other,2,Car,No,Front,2019
201063AC29110,B,4317,NA,0,Fatal,None,02-11-2021,Wednesday,1,Data missing or out of range,Not at junction or within 20 metres,27.09053123,Daylight,248280,209170,93.62987557,W01000662,1,1,0,0,Dry,Single carriageway,None,30,08:34:00,Rural,Fine no high winds,No,16 - 20,7,Rural,NA,100,Kerb,Other permanent object,Other/Not known (2005-10),Not at or within 20 metres of junction,ADLY,,Petrol,Male,None,No tow/articulation,Nearside,0,Going ahead other,1,Motorcycle 125cc and under,No,Front,2019
200820F181702,A,456,NA,0,Fatal,None,25-12-2019,Wednesday,1,Data missing or out of range,Not at junction or within 20 metres,14.73100256,Darkness - lights lit,405520,286080,78.47847421,E01009148,2,1,0,0,Dry,Dual carriageway,None,30,03:10:00,Urban,Fine no high winds,No,21 - 25,7,Urban area,2,1781,Kerb,Tree,Other/Not known (2005-10),Not at or within 20 metres of junction,SEAT,LEON 20V TURBO SPORT,Petrol,Male,Skidded,No tow/articulation,Nearside,0,Going ahead left-hand bend,1,Car,No,Front,2019
200601TD00100,A,208,Unclassified,0,Fatal,None,13-05-2020,Saturday,1,Give way or uncontrolled,T or staggered junction,22.09846673,Darkness - lights lit,542680,173480,82.14221297,E01001615,4,2,0,0,Dry,Single carriageway,None,30,02:22:00,Urban,Fine no high winds,No,21 - 25,7,Urban area,2,1124,None,None,Other/Not known (2005-10),Leaving roundabout,PEUGEOT,106 XN ZEST 2,Petrol,Male,Skidded,No tow/articulation,Offside,0,Going ahead left-hand bend,2,Car,No,Nearside,2019
200620D335103,Unclassified,0,Unclassified,0,Fatal,None,24-10-2020,Saturday,1,Give way or uncontrolled,Mini-roundabout,28.41969258,Darkness - lights lit,411430,285640,77.06542201,E01009326,1,1,0,0,Dry,Roundabout,None,30,04:31:00,Urban,Fine no high winds,No,21 - 25,7,Urban area,1,1998,None,None,Other/Not known (2005-10),Leaving roundabout,TOYOTA,AVENSIS CDX AUTO,Petrol,Male,None,No tow/articulation,Did not leave carriageway,0,Going ahead other,1,Taxi/Private hire car,No,Front,2019
200801JC69268,A,104,NA,0,Fatal,None,13-02-2020,Thursday,1,Data missing or out of range,Not at junction or within 20 metres,28.47103979,Darkness - lights lit,536710,187420,77.06442254,E01004427,1,1,0,0,Wet or damp,Dual carriageway,None,30,19:30:00,Urban,Fine no high winds,No,21 - 25,7,Rural,NA,1870,None,None,Other/Not known (2005-10),Not at or within 20 metres of junction,RENAULT,MEGANE SCENIC EXP DTI,Heavy oil,Male,None,No tow/articulation,Did not leave carriageway,0,Going ahead other,1,Car,No,Offside,2019
200720L050201,B,4102,Unclassified,0,Fatal,None,14-08-2021,Wednesday,1,Give way or uncontrolled,Private drive or entrance,22.75562904,Darkness - lights lit,414000,278940,75.88494845,E01010192,3,2,0,0,Dry,Single carriageway,None,30,20:05:00,Urban,Fine no high winds,No,21 - 25,7,Urban area,1,899,None,None,Other/Not known (2005-10),Mid Junction - on roundabout or on main road,KAWASAKI,ZX900-E1,Petrol,Male,Skidded and overturned,No tow/articulation,Did not leave carriageway,0,Going ahead other,2,Motorcycle over 500cc,No,Front,2020
2005160A01780,A,16,A,46,Fatal,None,16-03-2021,Friday,1,Auto traffic signal,Crossroads,18.53804652,Darkness - lights lit,527570,408080,73.81410113,E01013164,1,1,0,5,Dry,Single carriageway,None,30,01:54:00,Urban,Fine no high winds,No,21 - 25,7,Urban area,8,125,Kerb,Other permanent object,Other/Not known (2005-10),Mid Junction - on roundabout or on main road,APRILIA,,Petrol,Male,Skidded,No tow/articulation,Offside,0,Turning left,1,Motorcycle 125cc and under,No,Front,2021
200701ZD67976,A,213,C,0,Fatal,None,14-04-2021,Sunday,1,Auto traffic signal,Crossroads,13.01742543,Darkness - lights lit,531710,166520,77.54701998,E01001011,6,2,0,5,Dry,Single carriageway,Roadworks,30,05:05:00,Urban,Fine no high winds,No,21 - 25,7,Urban area,6,1898,None,None,Other/Not known (2005-10),Mid Junction - on roundabout or on main road,MERCEDES,A190 ELEGANCE AUTO,Petrol,Female,None,No tow/articulation,Did not leave carriageway,0,Going ahead other,1,Car,No,Offside,2020
201020N031800,B,4142,Unclassified,0,Fatal,None,15-02-2021,Tuesday,1,Give way or uncontrolled,T or staggered junction,28.7144476,Darkness - lights lit,410740,291870,77.31388473,E01009007,1,1,0,0,Dry,Single carriageway,None,30,22:55:00,Urban,Fine no high winds,No,21 - 25,7,Urban area,7,1398,None,None,Other/Not known (2005-10),Approaching junction or waiting/parked at junction approach,PEUGEOT,206 LX HDI,Heavy oil,Female,None,No tow/articulation,Did not leave carriageway,0,Going ahead other,1,Car,No,Front,2020
200820D060703,B,4128,A,4040,Fatal,None,09-08-2020,Saturday,1,Auto traffic signal,Crossroads,29.14435084,Darkness - lights lit,413140,286680,81.02879559,E01009515,4,5,0,5,Frost or ice,Single carriageway,None,30,21:05:00,Urban,Other,No,21 - 25,7,Urban area,1,1850,None,None,Other/Not known (2005-10),Cleared junction or waiting/parked at junction exit,HONDA,ACCORD VTEC S,Petrol,Male,None,No tow/articulation,Did not leave carriageway,0,Going ahead other,2,Car,No,Front,2021
200606B058321,B,5219,NA,0,Fatal,None,14-11-2019,Tuesday,1,Data missing or out of range,Not at junction or within 20 metres,27.10437631,Daylight,384330,395730,93.6233551,E01005209,2,1,0,0,Wet or damp,Single carriageway,None,30,08:35:00,Urban,Fine no high winds,No,21 - 25,7,Urban area,2,100,None,None,Commuting to/from work,Not at or within 20 metres of junction,PEUGEOT,ELYSEO 100,Petrol,Male,Skidded,No tow/articulation,Did not leave carriageway,0,Going ahead other,1,Motorcycle 125cc and under,No,Front,2019
200801PY72996,A,2015,Unclassified,0,Fatal,None,25-05-2021,Saturday,1,Give way or uncontrolled,T or staggered junction,25.77309054,Daylight,537440,170320,87.47013724,E01000710,1,1,0,8,Dry,Single carriageway,None,30,08:43:00,Urban,Fine no high winds,No,21 - 25,7,Urban area,1,2148,Kerb,Other permanent object,Other/Not known (2005-10),Cleared junction or waiting/parked at junction exit,MERCEDES,C220 CDI ELEGANCE AUTO,Heavy oil,Male,None,No tow/articulation,Did not leave carriageway,0,Going ahead left-hand bend,1,Car,No,Front,2019
2005445SY0054,Unclassified,0,Unclassified,0,Fatal,None,13-08-2020,Saturday,1,Give way or uncontrolled,Crossroads,25.77357507,Daylight,439470,113300,87.4735581,E01017215,2,3,0,0,Dry,Single carriageway,None,30,12:17:00,Urban,Fine no high winds,No,21 - 25,7,Data missing or out of range,NA,749,None,None,Other/Not known (2005-10),Approaching junction or waiting/parked at junction approach,KAWASAKI,ZX750-P4,Petrol,Male,None,No tow/articulation,Did not leave carriageway,0,Going ahead other,2,Motorcycle over 500cc,No,Front,2019
200937B042233,B,1106,NA,0,Fatal,None,04-05-2021,Sunday,1,Data missing or out of range,Not at junction or within 20 metres,13.00460898,Daylight,585130,266000,77.53647219,E01030130,1,2,0,0,Dry,Single carriageway,None,30,08:58:00,Rural,Fine no high winds,No,21 - 25,7,Urban area,6,998,Kerb,Lamp post,Other/Not known (2005-10),Not at or within 20 metres of junction,APRILIA,,Petrol,Male,None,No tow/articulation,Offside,0,Overtaking moving vehicle - offside,1,Motorcycle over 500cc,No,Offside,2020
200540C016300,A,6,Unclassified,0,Fatal,None,25-01-2019,Monday,1,Give way or uncontrolled,T or staggered junction,26.43965381,Daylight,508740,222480,80.27247783,E01015700,1,1,0,4,Dry,Single carriageway,None,30,15:08:00,Urban,Fine no high winds,No,21 - 25,7,Urban area,4,1389,None,None,Journey as part of work,Approaching junction or waiting/parked at junction approach,VAUXHALL,CORSA BREEZE HI-TORQ,Petrol,Male,Skidded,No tow/articulation,Did not leave carriageway,0,Going ahead other,1,Car,No,Front,2020
200701QK69004,C,0,Unclassified,0,Fatal,None,05-09-2020,Saturday,1,Give way or uncontrolled,T or staggered junction,26.4766306,Daylight,520950,183720,80.28056193,E01000600,1,6,0,0,Dry,Single carriageway,None,30,11:04:00,Urban,Fine no high winds,No,21 - 25,7,Urban area,6,1794,None,None,Other/Not known (2005-10),Approaching junction or waiting/parked at junction approach,TOYOTA,AVENSIS GS VVT-I,Petrol,Male,None,No tow/articulation,Did not leave carriageway,0,Waiting to go - held up,1,Car,No,Back,2020
200520M058001,A,4114,NA,0,Fatal,None,23-08-2021,Thursday,1,Data missing or out of range,Not at junction or within 20 metres,18.64265584,Daylight,432070,279580,73.821633,E01009647,1,1,0,5,Dry,Dual carriageway,None,30,16:55:00,Urban,Fine no high winds,No,21 - 25,7,Urban area,5,6000,None,None,Journey as part of work,Not at or within 20 metres of junction,ERF,,Heavy oil,Male,Skidded,No tow/articulation,Did not leave carriageway,0,Overtaking static vehicle - offside,1,Goods 7.5 tonnes mgw and over,No,Front,2021
200543W355025,Unclassified,7502,NA,0,Fatal,None,24-08-2021,Monday,1,Data missing or out of range,Not at junction or within 20 metres,18.64292696,Daylight,478290,167380,73.75478812,E01016612,2,2,0,0,Dry,Single carriageway,None,30,14:20:00,Urban,Fine no high winds,No,21 - 25,7,Urban area,10,1761,None,Tree,Other/Not known (2005-10),Not at or within 20 metres of junction,CITROEN,XSARA 1.8I VTR,Petrol,Male,Skidded,No tow/articulation,Nearside,0,Going ahead left-hand bend,1,Car,No,Nearside,2021
200606B056644,C,0,NA,0,Fatal,None,27-01-2019,Tuesday,1,Data missing or out of range,Not at junction or within 20 metres,18.48815977,Daylight,384210,394760,73.85797544,E01005178,2,3,0,0,Dry,Single carriageway,None,30,20:25:00,Urban,Fine no high winds,No,21 - 25,7,Urban area,NA,918,None,None,Other/Not known (2005-10),Not at or within 20 metres of junction,HONDA,CBR900RR,Petrol,Male,Skidded,No tow/articulation,Did not leave carriageway,0,Overtaking moving vehicle - offside,1,Motorcycle over 500cc,No,Front,2021
200901WW77103,A,3,Unclassified,0,Fatal,None,06-12-2021,Tuesday,1,Give way or uncontrolled,T or staggered junction,22.71380921,Daylight,527520,175130,75.88423714,E01004552,1,3,0,0,Dry,Single carriageway,None,30,13:45:00,Urban,Fine no high winds,No,21 - 25,7,Urban area,5,1390,None,None,Other/Not known (2005-10),Mid Junction - on roundabout or on main road,VOLKSWAGEN,POLO SE,Petrol,Female,None,No tow/articulation,Did not leave carriageway,2,Going ahead other,2,Car,No,Front,2020
200901TW77076,A,3008,C,0,Fatal,Other object on road,17-09-2019,Wednesday,1,Auto traffic signal,T or staggered junction,26.72829853,Darkness - lights lit,513970,169560,94.2161277,E01003827,1,1,0,0,Dry,Single carriageway,None,30,23:28:00,Urban,Fine no high winds,No,26 - 35,7,Urban area,3,7300,Other object,None,Journey as part of work,Leaving main road,VOLVO,,Heavy oil,Male,None,No tow/articulation,Did not leave carriageway,0,Turning left,1,Bus or coach (17 or more pass seats),No,Nearside,2019
200801XD75246,B,452,NA,0,Fatal,Previous accident,24-08-2021,Friday,1,Data missing or out of range,Not at junction or within 20 metres,25.76528507,Darkness - lights lit,516740,180280,87.47406275,E01001388,1,2,0,0,Dry,Single carriageway,None,30,21:57:00,Urban,Fine no high winds,No,26 - 35,7,Urban area,4,1896,Other object,None,Other/Not known (2005-10),Not at or within 20 metres of junction,VOLKSWAGEN,PASSAT SE TDI TIPTRONIC,Heavy oil,Male,None,No tow/articulation,Did not leave carriageway,0,Going ahead other,2,Taxi/Private hire car,No,Did not impact,2019
200901TC00342,A,13,NA,0,Fatal,None,14-01-2020,Sunday,1,Data missing or out of range,Not at junction or within 20 metres,23.0323894,Darkness - lights lit,539950,181690,72.6497552,E01003510,1,1,0,1,Dry,Dual carriageway,None,30,04:27:00,Urban,Fine no high winds,No,26 - 35,7,Urban area,3,1124,None,None,Other/Not known (2005-10),Not at or within 20 metres of junction,PEUGEOT,206 LOOK,Petrol,Male,None,No tow/articulation,Did not leave carriageway,0,Going ahead other,1,Car,No,Front,2019
201014K258910,Unclassified,0,NA,0,Fatal,None,22-05-2020,Wednesday,1,Not at junction or within 20 metres,Not at junction or within 20 metres,13.02530254,Darkness - lights lit,436800,382440,77.52319137,E01008078,1,2,0,0,Wet or damp,Single carriageway,None,30,22:25:00,Urban,Fine no high winds,No,26 - 35,7,Urban area,8,3246,None,None,Other/Not known (2005-10),Not at or within 20 metres of junction,BMW,M3,Petrol,Male,None,No tow/articulation,Did not leave carriageway,0,Overtaking moving vehicle - offside,1,Car,No,Front,2020
200906P009373,C,0,NA,0,Fatal,None,07-01-2021,Saturday,1,Not at junction or within 20 metres,Not at junction or within 20 metres,28.72695838,Darkness - lights lit,384950,407730,77.12620339,E01005554,3,1,0,0,Dry,Single carriageway,None,30,05:10:00,Rural,Fine no high winds,No,26 - 35,7,Urban area,1,2324,None,Lamp post,Other/Not known (2005-10),Not at or within 20 metres of junction,SEAT,TOLEDO V5,Petrol,Male,Skidded,No tow/articulation,Nearside and rebounded,9,Going ahead right-hand bend,1,Car,No,Nearside,2021