Accident_Index,1st_Road_Class,1st_Road_Number,2nd_Road_Class,2nd_Road_Number,Accident_Severity,Carriageway_Hazards,Date,Day_of_Week,Did_Police_Officer_Attend_Scene_of_Accident,Junction_Control,Junction_Detail,Latitude,Light_Conditions,Location_Easting_OSGR,Location_Northing_OSGR,Longitude,LSOA_of_Accident_Location,Number_of_Casualties,Number_of_Vehicles,Pedestrian_Crossing-Human_Control,Pedestrian_Crossing-Physical_Facilities,Road_Surface_Conditions,Road_Type,Special_Conditions_at_Site,Speed_limit,Time,Urban_or_Rural_Area,Weather_Conditions,InScotland,Age_Band_of_Driver,Age_of_Vehicle,Driver_Home_Area_Type,Driver_IMD_Decile,Engine_Capacity_.CC.,Hit_Object_in_Carriageway,Hit_Object_off_Carriageway,Journey_Purpose_of_Driver,Junction_Location,make,model,Propulsion_Code,Sex_of_Driver,Skidding_and_Overturning,Towing_and_Articulation,Vehicle_Leaving_Carriageway,Vehicle_Location.Restricted_Lane,Vehicle_Manoeuvre,Vehicle_Reference,Vehicle_Type,Was_Vehicle_Left_Hand_Drive,X1st_Point_of_Impact,Year
201042I093904,B,1018,NA,0,Fatal,None,20-06-2021,Sunday,1,Not at junction or within 20 metres,Not at junction or within 20 metres,18.51739504,Darkness - lights lit,581900,215270,73.77044265,E01021417,1,1,0,0,Dry,Single carriageway,None,30,00:50:00,Urban,Fine no high winds,No,26 - 35,7,Urban area,9,2902,None,None,Journey as part of work,Not at or within 20 metres of junction,KIA,SEDONA LX,Heavy oil,Male,None,No tow/articulation,Did not leave carriageway,0,Going ahead right-hand bend,1,Taxi/Private hire car,No,Did not impact,2021
2008558D05755,C,927,Unclassified,0,Fatal,None,10-09-2019,Saturday,1,Give way or uncontrolled,T or staggered junction,19.20131034,Darkness - lights lit,368570,71500,72.87529208,E01020564,2,2,0,4,Dry,Single carriageway,None,30,17:26:00,Rural,Fine no high winds,No,26 - 35,7,Urban area,8,2171,None,None,Other/Not known (2005-10),Approaching junction or waiting/parked at junction approach,BMW,320CI SE,Petrol,Male,Skidded,No tow/articulation,Did not leave carriageway,0,Going ahead other,2,Car,No,Front,2021
200701KD68340,C,0,Unclassified,0,Fatal,None,05-04-2021,Thursday,1,Give way or uncontrolled,Mini-roundabout,27.10487415,Darkness - lights lit,554510,192400,93.63047462,E01002281,1,2,0,8,Dry,Roundabout,None,30,06:10:00,Urban,Fine no high winds,No,26 - 35,7,Urban area,3,1997,None,None,Other/Not known (2005-10),Entering roundabout,PEUGEOT,306 MERIDIAN HDI (90),Heavy oil,Male,None,No tow/articulation,Did not leave carriageway,0,Turning right,2,Car,No,Offside,2019
201014K258910,Unclassified,0,NA,0,Fatal,None,29-09-2010,Wednesday,1,Not at junction or within 20 metres,Not at junction or within 20 metres,53.337578,Darkness - lights lit,436800,382440,-1.4488,E01008078,1,2,0,0,Wet or damp,Single carriageway,None,30,22:25:00,Urban,Fine no high winds,No,26 - 35,7,Urban area,8,3246,None,None,Other/Not known (2005-10),Not at or within 20 metres of junction,BMW,M3,Petrol,Male,None,No tow/articulation,Did not leave carriageway,0,Overtaking moving vehicle - offside,1,Car,No,Front,2010
200820D202101,A,4040,NA,0,Fatal,None,29-06-2020,Friday,1,Data missing or out of range,Not at junction or within 20 metres,26.46986956,Darkness - lights lit,408130,290690,74.64557646,E01009239,1,2,0,0,Wet or damp,Single carriageway,None,30,22:22:00,Urban,Raining no high winds,No,26 - 35,7,Urban area,1,1834,None,Lamp post,Other/Not known (2005-10),Not at or within 20 metres of junction,PROTON,SATRIA GTI,Petrol,Male,None,No tow/articulation,Nearside,0,Going ahead other,2,Car,No,Front,2020
201001TD00009,B,278,C,0,Fatal,None,12-02-2021,Sunday,1,Give way or uncontrolled,T or staggered junction,28.70905017,Darkness - lights lit,527500,165150,77.20079487,E01004100,3,2,0,4,Wet or damp,Single carriageway,None,30,01:00:00,Urban,Raining no high winds,No,26 - 35,7,Data missing or out of range,NA,1994,None,None,Other/Not known (2005-10),Approaching junction or waiting/parked at junction approach,VAUXHALL,VECTRA LS DTI 16V,Heavy oil,Male,None,No tow/articulation,Did not leave carriageway,0,Going ahead other,2,Car,No,Front,2020
200620M059102,B,4110,NA,0,Fatal,None,22-02-2021,Monday,1,Data missing or out of range,Not at junction or within 20 metres,19.12593972,Darkness - lights lit,434900,277930,72.8316089,E01009619,5,2,0,0,Wet or damp,Single carriageway,None,30,22:14:00,Urban,Raining no high winds,No,26 - 35,7,Urban area,1,1997,None,None,Other/Not known (2005-10),Not at or within 20 metres of junction,PEUGEOT,406 LX HDI(90),Heavy oil,Male,None,No tow/articulation,Did not leave carriageway,0,Going ahead left-hand bend,2,Car,No,Front,2021
201001TD00009,B,278,C,0,Fatal,None,17-01-2010,Sunday,1,Give way or uncontrolled,T or staggered junction,51.371047,Darkness - lights lit,527500,165150,-0.169678,E01004100,3,2,0,4,Wet or damp,Single carriageway,None,30,01:00:00,Urban,Raining no high winds,No,26 - 35,7,Data missing or out of range,NA,1994,None,None,Other/Not known (2005-10),Approaching junction or waiting/parked at junction approach,VAUXHALL,VECTRA LS DTI 16V,Heavy oil,Male,None,No tow/articulation,Did not leave carriageway,0,Going ahead other,2,Car,No,Front,2010
2005160A03390,Unclassified,0,NA,0,Fatal,None,18-11-2019,Saturday,1,Data missing or out of range,Not at junction or within 20 metres,28.43522574,Darkness - lights unlit,518280,416610,77.0227233,E01013174,1,1,0,0,Wet or damp,Single carriageway,None,30,22:25:00,Urban,Fine no high winds,No,26 - 35,7,Urban area,4,1905,Kerb,Other permanent object,Other/Not known (2005-10),Not at or within 20 metres of junction,PEUGEOT,306 GLX DT,Heavy oil,Male,Skidded and overturned,No tow/articulation,Nearside,0,Going ahead left-hand bend,1,Car,No,Nearside,2019
200906J011576,A,5145,NA,0,Fatal,None,22-03-2019,Friday,1,Not at junction or within 20 metres,Not at junction or within 20 metres,18.59956487,Darkness - no lighting,386410,390600,73.82918405,E01005852,2,1,0,0,Dry,Single carriageway,None,30,23:30:00,Urban,Unknown,No,26 - 35,7,Urban area,3,3246,None,None,Other/Not known (2005-10),Not at or within 20 metres of junction,BMW,M3,Petrol,Male,None,No tow/articulation,Did not leave carriageway,0,Going ahead other,1,Car,No,Front,2021
200754CT06807,Unclassified,0,Unclassified,0,Fatal,None,11-05-2019,Monday,1,Give way or uncontrolled,Roundabout,27.09281021,Daylight,385280,157880,93.63420266,E01032086,1,2,0,4,Wet or damp,Roundabout,None,30,10:54:00,Urban,Fine no high winds,No,26 - 35,7,Rural,8,8970,None,None,Journey as part of work,Mid Junction - on roundabout or on main road,SCANIA,,Heavy oil,Male,None,No tow/articulation,Did not leave carriageway,0,Turning right,1,Goods 7.5 tonnes mgw and over,No,Front,2019
200801WW70000,A,3205,NA,0,Fatal,None,15-05-2020,Wednesday,1,Data missing or out of range,Not at junction or within 20 metres,23.01770223,Daylight,528850,177040,72.55581663,E01004561,1,2,0,0,Dry,Single carriageway,None,30,11:58:00,Urban,Fine no high winds,No,26 - 35,7,Urban area,1,5880,None,None,Journey as part of work,Not at or within 20 metres of junction,IVECO-FORD,,Heavy oil,Male,None,No tow/articulation,Did not leave carriageway,0,Going ahead other,2,Goods 7.5 tonnes mgw and over,No,Nearside,2019
20093104D1123,B,6006,Unclassified,0,Fatal,None,25-05-2019,Monday,1,Give way or uncontrolled,T or staggered junction,28.45028314,Daylight,452730,337040,77.05016344,E01028085,1,2,0,5,Dry,Single carriageway,None,30,19:56:00,Urban,Fine no high winds,No,26 - 35,7,Urban area,9,636,None,None,Other/Not known (2005-10),Mid Junction - on roundabout or on main road,KAWASAKI,ZX636 A1P,Petrol,Male,Skidded,No tow/articulation,Did not leave carriageway,0,Going ahead other,2,Motorcycle over 500cc,No,Front,2019
2009160B05100,Unclassified,0,Unclassified,0,Fatal,None,21-12-2020,Friday,1,Give way or uncontrolled,Roundabout,13.03250021,Daylight,489540,411740,77.56621752,E01013300,3,2,0,0,Snow,Roundabout,None,30,17:57:00,Urban,Fine no high winds,No,26 - 35,7,Urban area,1,1587,None,None,Other/Not known (2005-10),Mid Junction - on roundabout or on main road,CITROEN,XSARA SX 16V,Petrol,Male,None,No tow/articulation,Did not leave carriageway,0,Turning right,2,Car,No,Nearside,2020
2006160A01930,Unclassified,0,Unclassified,0,Fatal,None,19-12-2021,Tuesday,2,Give way or uncontrolled,Crossroads,26.46796281,Daylight,527640,409890,80.33646543,E01013137,1,1,0,0,Dry,Single carriageway,None,30,13:15:00,Urban,Fine no high winds,No,26 - 35,7,Urban area,3,NA,None,None,Journey as part of work,Approaching junction or waiting/parked at junction approach,DENNIS,,Heavy oil,Male,None,No tow/articulation,Did not leave carriageway,0,Slowing or stopping,1,Bus or coach (17 or more pass seats),No,Did not impact,2020
201001TA00034,A,13,NA,0,Fatal,None,31-03-2020,Saturday,1,Data missing or out of range,Not at junction or within 20 metres,28.56579265,Daylight,542870,182120,77.08888312,E01003482,1,1,0,0,Dry,Dual carriageway,None,30,16:34:00,Urban,Fine no high winds,No,26 - 35,7,Urban area,4,124,None,Road sign or traffic signal,Other/Not known (2005-10),Not at or within 20 metres of junction,PIAGGIO,NEW SKIPPER,Petrol,Male,Skidded,No tow/articulation,Nearside,0,Going ahead other,1,Motorcycle 125cc and under,No,Front,2020
200937L016816,C,908,Unclassified,0,Fatal,None,06-04-2021,Tuesday,1,Give way or uncontrolled,Private drive or entrance,28.71490053,Daylight,653860,293090,77.11031861,E01030264,1,3,0,0,Dry,Single carriageway,None,30,10:45:00,Urban,Fine no high winds,No,26 - 35,7,Data missing or out of range,NA,1587,None,None,Other/Not known (2005-10),Mid Junction - on roundabout or on main road,PEUGEOT,307 SW SE,Petrol,Male,None,No tow/articulation,Did not leave carriageway,0,Parked,3,Car,No,Front,2020
201006N031482,C,0,Unclassified,0,Fatal,None,15-06-2019,Sunday,1,Give way or uncontrolled,T or staggered junction,18.6032737,Daylight,380090,409460,73.86610976,E01005025,2,2,0,0,Dry,Single carriageway,None,30,18:30:00,Urban,Fine no high winds,No,26 - 35,7,Urban area,3,2926,None,None,Other/Not known (2005-10),Approaching junction or waiting/parked at junction approach,LAND ROVER,RANGE ROVER SE TD6 AUTO,Heavy oil,Male,None,No tow/articulation,Offside,0,Turning right,2,Car,No,Back,2021
200750E31B625,Unclassified,0,Unclassified,0,Fatal,None,02-04-2019,Tuesday,1,Give way or uncontrolled,T or staggered junction,19.19692993,Daylight,248770,55050,72.89124727,E01015052,1,2,0,0,Dry,Single carriageway,None,30,12:47:00,Urban,Fine no high winds,No,26 - 35,7,Data missing or out of range,NA,600,None,Other permanent object,Data missing or out of range,Approaching junction or waiting/parked at junction approach,SUZUKI,GSXR600 Y,Petrol,Male,None,No tow/articulation,Nearside,0,Going ahead other,1,Motorcycle over 500cc,No,Front,2021
200701TE00003,C,0,Unclassified,0,Fatal,None,28-10-2021,Friday,1,Auto traffic signal,Crossroads,19.1992163,Daylight,527020,178780,72.8989951,E01002823,1,2,0,0,Dry,Single carriageway,None,30,11:11:00,Urban,Fine no high winds,No,26 - 35,7,Urban area,3,124,None,Lamp post,Journey as part of work,Approaching junction or waiting/parked at junction approach,HONDA,,Petrol,Male,Skidded,No tow/articulation,Nearside,0,Going ahead other,2,Motorcycle 125cc and under,No,Did not impact,2021
201001TA00034,A,13,NA,0,Fatal,None,03-04-2010,Saturday,1,Data missing or out of range,Not at junction or within 20 metres,51.519882,Daylight,542870,182120,0.057835,E01003482,1,1,0,0,Dry,Dual carriageway,None,30,16:34:00,Urban,Fine no high winds,No,26 - 35,7,Urban area,4,124,None,Road sign or traffic signal,Other/Not known (2005-10),Not at or within 20 metres of junction,PIAGGIO,NEW SKIPPER,Petrol,Male,Skidded,No tow/articulation,Nearside,0,Going ahead other,1,Motorcycle 125cc and under,No,Front,2010
201006N031482,C,0,Unclassified,0,Fatal,None,23-05-2010,Sunday,1,Give way or uncontrolled,T or staggered junction,53.581343,Daylight,380090,409460,-2.302205,E01005025,2,2,0,0,Dry,Single carriageway,None,30,18:30:00,Urban,Fine no high winds,No,26 - 35,7,Urban area,3,2926,None,None,Other/Not known (2005-10),Approaching junction or waiting/parked at junction approach,LAND ROVER,RANGE ROVER SE TD6 AUTO,Heavy oil,Male,None,No tow/articulation,Offside,0,Turning right,2,Car,No,Back,2010
201011NE25180,B,1279,Unclassified,0,Fatal,None,22-10-2021,Thursday,1,Give way or uncontrolled,T or staggered junction,22.06137481,Daylight,437500,539120,82.19161576,E01020790,1,1,0,0,Dry,Single carriageway,None,30,17:20:00,Rural,Fine no high winds,No,26 - 35,7,Small town,1,1497,None,None,Other/Not known (2005-10),Cleared junction or waiting/parked at junction exit,NISSAN,ALMERA PULSE,Petrol,Female,None,No tow/articulation,Did not leave carriageway,0,Overtaking static vehicle - offside,1,Car,No,Front,2019
20093104C1486,A,60,B,684,Fatal,None,09-04-2020,Thursday,1,Auto traffic signal,Crossroads,19.14902498,Daylight,457310,340640,72.88272821,E01013961,1,2,0,5,Dry,Single carriageway,None,30,18:24:00,Urban,Fine no high winds,No,26 - 35,7,Urban area,1,1598,None,None,Other/Not known (2005-10),Approaching junction or waiting/parked at junction approach,AUDI,A2 FSI SE,Petrol,Female,None,No tow/articulation,Did not leave carriageway,0,Going ahead other,1,Car,No,Front,2021
201011NE25180,B,1279,Unclassified,0,Fatal,None,21-10-2010,Thursday,1,Give way or uncontrolled,T or staggered junction,54.745664,Daylight,437500,539120,-1.418974,E01020790,1,1,0,0,Dry,Single carriageway,None,30,17:20:00,Rural,Fine no high winds,No,26 - 35,7,Small town,1,1497,None,None,Other/Not known (2005-10),Cleared junction or waiting/parked at junction exit,NISSAN,ALMERA PULSE,Petrol,Female,None,No tow/articulation,Did not leave carriageway,0,Overtaking static vehicle - offside,1,Car,No,Front,2010
200720E155001,Unclassified,0,NA,0,Fatal,None,31-01-2021,Sunday,1,Data missing or out of range,Not at junction or within 20 metres,22.08714859,Daylight,402000,281920,82.13953816,E01009501,1,4,0,0,Wet or damp,Single carriageway,None,30,12:20:00,Urban,Raining no high winds,No,26 - 35,7,Urban area,1,1595,None,None,Other/Not known (2005-10),Not at or within 20 metres of junction,AUDI,A3 1.6 SPORT,Petrol,Male,None,No tow/articulation,Did not leave carriageway,0,Parked,2,Car,No,Offside,2019
200797AB70208,A,8,NA,0,Fatal,None,02-04-2020,Saturday,1,Data missing or out of range,Not at junction or within 20 metres,26.460588,Daylight,260060,665360,74.63776719,,9,2,0,0,Wet or damp,Single carriageway,None,30,19:05:00,Urban,Raining no high winds,Yes,26 - 35,7,Urban area,NA,1850,None,Lamp post,Other/Not known (2005-10),Not at or within 20 metres of junction,HONDA,ACCORD VTEC S,Petrol,Male,Skidded,No tow/articulation,Offside,0,Going ahead other,1,Car,No,Nearside,2020
200901TE00153,A,238,Unclassified,0,Fatal,None,01-04-2021,Tuesday,1,Give way or uncontrolled,T or staggered junction,22.09647784,Daylight,523080,169310,82.12594299,E01003446,1,1,0,0,Wet or damp,Single carriageway,None,30,11:00:00,Urban,Raining no high winds,No,26 - 35,7,Urban area,4,2685,None,None,Other/Not known (2005-10),Mid Junction - on roundabout or on main road,JEEP,GRAND CHEROKEE CRD LTD AUTO,Heavy oil,Female,None,No tow/articulation,Did not leave carriageway,0,Turning right,1,Car,No,Back,2019
200520D326102,A,453,NA,0,Fatal,None,28-09-2019,Sunday,1,Data missing or out of range,Not at junction or within 20 metres,19.09494727,Daylight,413680,298080,72.91363051,E01009416,2,2,0,0,Wet or damp,Single carriageway,None,30,10:00:00,Rural,Raining no high winds,No,26 - 35,7,Urban area,9,3301,None,None,Other/Not known (2005-10),Not at or within 20 metres of junction,CHRYSLER,,Petrol,Female,None,No tow/articulation,Nearside,0,Going ahead other,2,Car,No,Front,2021
200520G061501,A,4150,A,449,Fatal,None,20-10-2019,Thursday,1,Auto traffic signal,More than 4 arms (not roundabout),14.80158797,Darkness - lights lit,391530,299070,78.60976275,E01010521,1,1,0,5,Dry,Dual carriageway,None,30,23:20:00,Urban,Fine no high winds,No,36 - 45,7,Urban area,1,1998,None,None,Other/Not known (2005-10),Mid Junction - on roundabout or on main road,CITROEN,XSARA 2.0I VTS,Petrol,Male,None,No tow/articulation,Did not leave carriageway,0,Going ahead other,1,Car,No,Front,2019
200701RY65913,A,207,Unclassified,0,Fatal,None,15-06-2020,Thursday,1,Give way or uncontrolled,T or staggered junction,15.19479467,Darkness - lights lit,547440,175610,74.14875263,E01000393,3,2,0,0,Dry,Single carriageway,None,30,00:50:00,Urban,Fine no high winds,No,36 - 45,7,Urban area,3,7300,None,None,Journey as part of work,Mid Junction - on roundabout or on main road,VOLVO,,Heavy oil,Male,None,No tow/articulation,Did not leave carriageway,0,Going ahead other,2,Bus or coach (17 or more pass seats),No,Offside,2019
200854DE05508,B,4006,NA,0,Fatal,None,11-09-2021,Saturday,1,Not at junction or within 20 metres,Not at junction or within 20 metres,26.47116658,Darkness - lights lit,418390,185180,80.32651121,E01015486,1,2,0,8,Dry,Single carriageway,None,40,19:10:00,Urban,Fine no high winds,No,21 - 25,7,Urban area,7,1686,None,None,Other/Not known (2005-10),Not at or within 20 metres of junction,VAUXHALL,ASTRA LS DTI,Heavy oil,Male,None,No tow/articulation,Did not leave carriageway,0,Going ahead other,2,Car,No,Front,2020
200601TC00091,A,10,NA,0,Fatal,None,11-09-2020,Sunday,1,Data missing or out of range,Not at junction or within 20 metres,22.6074425,Darkness - lights lit,534750,199260,69.43262442,E01001412,4,1,0,0,Wet or damp,Dual carriageway,None,40,03:00:00,Urban,Fine no high winds,No,21 - 25,7,Data missing or out of range,NA,1242,None,Tree,Other/Not known (2005-10),Not at or within 20 metres of junction,FIAT,PUNTO SX 60,Petrol,Male,Overturned,No tow/articulation,Nearside,0,Going ahead other,1,Car,No,Front,2021
200601TE00269,A,4,A,4,Fatal,None,23-11-2019,Tuesday,1,Auto traffic signal,Other junction,22.75941165,Darkness - lights lit,524140,178370,75.83405603,E01001889,1,2,0,5,Dry,Dual carriageway,None,40,21:15:00,Urban,Fine no high winds,No,21 - 25,7,Data missing or out of range,NA,599,None,None,Other/Not known (2005-10),Mid Junction - on roundabout or on main road,MERCEDES,,Petrol,Female,None,No tow/articulation,Did not leave carriageway,0,Going ahead other,1,Car,No,Front,2020
201043R094050,B,470,NA,0,Fatal,None,02-10-2020,Wednesday,1,Data missing or out of range,Not at junction or within 20 metres,27.10261863,Darkness - no lighting,497040,177350,93.62967686,E01016567,1,1,0,0,Dry,Single carriageway,None,40,23:15:00,Rural,Fine no high winds,No,21 - 25,7,Urban area,4,1587,None,None,Other/Not known (2005-10),Not at or within 20 metres of junction,PEUGEOT,206 CC,Petrol,Female,None,No tow/articulation,Did not leave carriageway,0,Going ahead other,1,Car,No,Front,2019
2010160C04601,A,1174,NA,0,Fatal,None,25-11-2020,Tuesday,1,Data missing or out of range,Not at junction or within 20 metres,27.09666939,Daylight,504470,440570,93.61627838,E01013069,1,4,0,0,Dry,Single carriageway,None,40,14:35:00,Urban,Fine no high winds,No,21 - 25,7,Urban area,2,1796,None,None,Other/Not known (2005-10),Not at or within 20 metres of junction,VAUXHALL,VECTRA CLUB 16V,Petrol,Female,None,No tow/articulation,Did not leave carriageway,0,Going ahead other,3,Car,No,Offside,2019
2010160C04601,A,1174,NA,0,Fatal,None,10-08-2010,Tuesday,1,Data missing or out of range,Not at junction or within 20 metres,53.85086,Daylight,504470,440570,-0.413354,E01013069,1,4,0,0,Dry,Single carriageway,None,40,14:35:00,Urban,Fine no high winds,No,21 - 25,7,Urban area,2,1796,None,None,Other/Not known (2005-10),Not at or within 20 metres of junction,VAUXHALL,VECTRA CLUB 16V,Petrol,Female,None,No tow/articulation,Did not leave carriageway,0,Going ahead other,3,Car,No,Offside,2010
200797GC70108,A,77,NA,0,Fatal,None,30-12-2020,Sunday,1,Data missing or out of range,Not at junction or within 20 metres,13.00498083,Daylight,252260,654930,77.61527272,,2,2,0,0,Wet or damp,Single carriageway,None,40,18:10:00,Rural,Raining no high winds,Yes,21 - 25,7,Urban area,NA,1800,None,None,Other/Not known (2005-10),Not at or within 20 metres of junction,TOYOTA,,Petrol,Male,Skidded,No tow/articulation,Did not leave carriageway,0,Going ahead right-hand bend,1,Car,No,Nearside,2019
200906Q014478,A,672,NA,0,Fatal,None,24-08-2019,Tuesday,1,Not at junction or within 20 metres,Not at junction or within 20 metres,22.70739736,Daylight,395610,408250,75.89356684,E01005425,2,3,0,0,Wet or damp,Single carriageway,None,40,18:50:00,Rural,Raining no high winds,No,21 - 25,7,Urban area,2,1461,None,None,Other/Not known (2005-10),Not at or within 20 metres of junction,RENAULT,CLIO DYNAMIQUE DCI 65,Heavy oil,Male,Skidded,No tow/articulation,Did not leave carriageway,0,Going ahead right-hand bend,1,Car,No,Front,2020
200932B200409,B,1180,NA,0,Fatal,None,31-03-2019,Saturday,1,Data missing or out of range,Not at junction or within 20 metres,22.07350707,Darkness - lights lit,526030,325330,82.15003011,E01026258,4,2,0,0,Dry,Single carriageway,None,40,21:00:00,Rural,Fine no high winds,No,26 - 35,7,Data missing or out of range,NA,1998,None,None,Other/Not known (2005-10),Not at or within 20 metres of junction,VAUXHALL,ASTRA COUPE TURBO,Petrol,Male,None,No tow/articulation,Did not leave carriageway,0,Overtaking moving vehicle - offside,1,Car,No,Front,2019
200845GU21502,A,320,Unclassified,0,Fatal,None,21-12-2019,Sunday,1,Auto traffic signal,Crossroads,26.46047308,Darkness - lights lit,499790,150880,74.60162972,E01030450,3,2,0,5,Wet or damp,Dual carriageway,None,40,20:46:00,Urban,Fine no high winds,No,26 - 35,7,Urban area,8,1598,None,None,Other/Not known (2005-10),Mid Junction - on roundabout or on main road,RENAULT,CLIO DYNAMIQUE+ 16V,Petrol,Male,Skidded,No tow/articulation,Did not leave carriageway,0,Turning left,1,Car,No,Front,2020
201034TC80070,A,6086,NA,0,Fatal,None,11-01-2021,Friday,1,Data missing or out of range,Not at junction or within 20 metres,18.57253177,Darkness - lights lit,490430,288500,73.88435478,E01026977,1,1,0,0,Dry,Single carriageway,None,40,22:23:00,Rural,Fine no high winds,No,26 - 35,7,Urban area,3,1998,None,Tree,Other/Not known (2005-10),Not at or within 20 metres of junction,FORD,MONDEO GHIA TDCI 130,Heavy oil,Male,None,No tow/articulation,Offside,0,Going ahead other,1,Car,No,Back,2021
200791NN30882,B,865,NA,0,Fatal,None,21-07-2021,Saturday,1,Data missing or out of range,Not at junction or within 20 metres,26.44704182,Darkness - lights lit,267960,845740,80.28819144,,1,1,0,0,Wet or damp,Dual carriageway,None,40,01:45:00,Urban,Raining no high winds,Yes,26 - 35,7,Small town,NA,2151,None,None,Journey as part of work,Not at or within 20 metres of junction,MERCEDES,E220 CDI CLASSIC,Heavy oil,Male,None,No tow/articulation,Did not leave carriageway,0,Going ahead other,1,Car,No,Offside,2020
200734WD80327,A,428,NA,0,Fatal,None,13-10-2019,Thursday,1,Data missing or out of range,Not at junction or within 20 metres,13.04790466,Darkness - no lighting,467280,267120,77.58373141,E01027021,2,2,0,0,Dry,Single carriageway,None,40,23:40:00,Rural,Fine no high winds,No,26 - 35,7,Rural,9,2171,None,None,Other/Not known (2005-10),Not at or within 20 metres of junction,BMW,320CI SE,Petrol,Male,None,No tow/articulation,Did not leave carriageway,0,Going ahead left-hand bend,2,Car,No,Front,2020
201043R117020,B,3034,NA,0,Fatal,None,21-04-2021,Monday,1,Data missing or out of range,Not at junction or within 20 metres,19.08536335,Darkness - no lighting,485350,171230,72.9327766,E01016188,2,2,0,0,Wet or damp,Single carriageway,None,40,00:19:00,Rural,Fine no high winds,No,26 - 35,7,Urban area,8,1598,Kerb,Telegraph or electricity pole,Other/Not known (2005-10),Not at or within 20 metres of junction,ALFA ROMEO,147 T SPARK LUSSO,Petrol,Male,Skidded,No tow/articulation,Nearside and rebounded,0,Going ahead other,1,Car,No,Offside,2021
200954EM42809,A,344,NA,0,Fatal,None,04-03-2019,Thursday,1,Not at junction or within 20 metres,Not at junction or within 20 metres,18.5056764,Darkness - no lighting,412180,142290,73.95331259,E01031979,1,1,0,0,Dry,Single carriageway,None,40,17:12:00,Rural,Fine no high winds,No,26 - 35,7,Urban area,6,1998,None,None,Other/Not known (2005-10),Not at or within 20 metres of junction,TOYOTA,RAV4 GX VVTI,Petrol,Female,None,No tow/articulation,Did not leave carriageway,0,Going ahead other,1,Car,No,Front,2021
200822DE87833,Unclassified,0,Unclassified,0,Fatal,None,19-05-2019,Friday,1,Give way or uncontrolled,T or staggered junction,26.76708801,Daylight,406700,266370,94.22788666,E01032266,1,1,0,0,Dry,Single carriageway,None,40,07:00:00,Urban,Fine no high winds,No,26 - 35,7,Data missing or out of range,NA,2402,None,None,Journey as part of work,Mid Junction - on roundabout or on main road,FORD,TRANSIT 350 LWB TD,Heavy oil,Male,Skidded,No tow/articulation,Did not leave carriageway,0,Going ahead other,1,Van / Goods 3.5 tonnes mgw or under,No,Front,2019
200604BB06086,A,5105,NA,0,Fatal,None,10-07-2019,Friday,1,Data missing or out of range,Not at junction or within 20 metres,25.7645015,Daylight,346550,465960,87.47635185,E01025159,1,1,0,0,Dry,Single carriageway,None,40,20:30:00,Rural,Fine no high winds,No,26 - 35,7,Urban area,1,599,None,Lamp post,Other/Not known (2005-10),Not at or within 20 metres of junction,HONDA,CB600 HORNET,Petrol,Male,None,No tow/articulation,Nearside,9,Going ahead right-hand bend,1,Motorcycle over 500cc,No,Nearside,2019
200922C905172,A,449,NA,0,Fatal,None,20-10-2019,Sunday,1,Data missing or out of range,Not at junction or within 20 metres,15.27045903,Daylight,384110,273520,73.99959045,E01032387,1,1,0,0,Dry,Single carriageway,None,40,02:40:00,Urban,Fine no high winds,No,26 - 35,7,Data missing or out of range,NA,1596,None,None,Commuting to/from work,Not at or within 20 metres of junction,FIAT,STILO 16V DYNAMIC,Petrol,Male,Skidded,No tow/articulation,Did not leave carriageway,0,Going ahead other,1,Car,No,Front,2019
200904CA09059,B,6228,Unclassified,0,Fatal,None,31-03-2019,Saturday,1,Give way or uncontrolled,T or staggered junction,19.10176603,Daylight,359440,419290,72.84488565,E01024932,2,2,0,0,Dry,Single carriageway,None,40,14:00:00,Rural,Fine no high winds,No,26 - 35,7,Urban area,8,988,None,None,Other/Not known (2005-10),Cleared junction or waiting/parked at junction exit,SUZUKI,GSX-R1000 K2,Petrol,Male,Skidded,No tow/articulation,Did not leave carriageway,0,Going ahead left-hand bend,1,Motorcycle over 500cc,No,Front,2021
2006556E02486,C,13,NA,0,Fatal,None,20-05-2020,Tuesday,1,Data missing or out of range,Not at junction or within 20 metres,27.10434136,Daylight,389140,107660,93.6123392,E01020436,3,1,0,4,Dry,Single carriageway,None,40,21:23:00,Rural,Fine no high winds,No,26 - 35,7,Small town,7,899,None,None,Other/Not known (2005-10),Not at or within 20 metres of junction,KAWASAKI,ZX900-C2,Petrol,Male,Skidded and overturned,No tow/articulation,Did not leave carriageway,0,Going ahead other,1,Motorcycle over 500cc,No,Front,2019
200905BB01615,A,5036,Unclassified,0,Fatal,None,14-01-2020,Monday,1,Auto traffic signal,Crossroads,18.59760507,Daylight,334590,397920,73.80949643,E01006976,1,1,0,5,Dry,Dual carriageway,None,40,17:15:00,Urban,Fine no high winds,No,26 - 35,7,Urban area,1,1896,None,None,Other/Not known (2005-10),Cleared junction or waiting/parked at junction exit,FORD,GALAXY ZETEC TDI,Heavy oil,Female,None,No tow/articulation,Did not leave carriageway,0,Going ahead other,1,Car,No,Did not impact,2021