Accident_Index,1st_Road_Class,1st_Road_Number,2nd_Road_Class,2nd_Road_Number,Accident_Severity,Carriageway_Hazards,Date,Day_of_Week,Did_Police_Officer_Attend_Scene_of_Accident,Junction_Control,Junction_Detail,Latitude,Light_Conditions,Location_Easting_OSGR,Location_Northing_OSGR,Longitude,LSOA_of_Accident_Location,Number_of_Casualties,Number_of_Vehicles,Pedestrian_Crossing-Human_Control,Pedestrian_Crossing-Physical_Facilities,Road_Surface_Conditions,Road_Type,Special_Conditions_at_Site,Speed_limit,Time,Urban_or_Rural_Area,Weather_Conditions,InScotland,Age_Band_of_Driver,Age_of_Vehicle,Driver_Home_Area_Type,Driver_IMD_Decile,Engine_Capacity_.CC.,Hit_Object_in_Carriageway,Hit_Object_off_Carriageway,Journey_Purpose_of_Driver,Junction_Location,make,model,Propulsion_Code,Sex_of_Driver,Skidding_and_Overturning,Towing_and_Articulation,Vehicle_Leaving_Carriageway,Vehicle_Location.Restricted_Lane,Vehicle_Manoeuvre,Vehicle_Reference,Vehicle_Type,Was_Vehicle_Left_Hand_Drive,X1st_Point_of_Impact,Year
200637G019654,A,14,NA,0,Fatal,None,27-11-2019,Tuesday,1,Data missing or out of range,Not at junction or within 20 metres,14.75626028,Daylight,625520,239260,78.50540079,E01030197,2,2,0,0,Dry,Dual carriageway,None,70,12:00:00,Rural,Fine no high winds,No,26 - 35,7,Urban area,10,1998,None,Central crash barrier,Other/Not known (2005-10),Not at or within 20 metres of junction,FIAT,BRAVO 155 HGT,Petrol,Female,Skidded and overturned,No tow/articulation,Offside - crossed central reservation,0,Going ahead right-hand bend,2,Car,No,Front,2019
200930A000273,A,52,NA,0,Fatal,None,23-04-2021,Friday,1,Data missing or out of range,Not at junction or within 20 metres,8.881557904,Daylight,443520,335110,76.6151991,E01019656,3,1,0,0,Dry,Dual carriageway,None,70,20:25:00,Rural,Fine no high winds,No,26 - 35,7,Urban area,8,1124,None,Near/Offside crash barrier,Other/Not known (2005-10),Not at or within 20 metres of junction,PEUGEOT,206 LOOK,Petrol,Female,Skidded and overturned,No tow/articulation,Nearside,0,Going ahead other,1,Car,No,Nearside,2020
200805DD27520,A,570,NA,0,Fatal,None,23-11-2020,Friday,1,Data missing or out of range,Not at junction or within 20 metres,28.4260737,Daylight,348790,398980,76.99287053,E01006883,1,2,0,0,Wet or damp,Dual carriageway,None,70,16:30:00,Rural,Raining no high winds,No,26 - 35,7,Urban area,1,NA,None,None,Journey as part of work,Not at or within 20 metres of junction,JOHN DEERE,,Heavy oil,Male,None,Single trailer,Did not leave carriageway,0,Going ahead other,1,Agricultural vehicle,No,Back,2019
201043S062080,Motorway,1,NA,0,Fatal,None,12-11-2020,Wednesday,1,Data missing or out of range,Not at junction or within 20 metres,23.01361441,Darkness - lights lit,481170,248220,72.57111507,E01016761,3,4,0,0,Dry,Dual carriageway,None,70,04:40:00,Rural,Fine no high winds,No,36 - 45,7,Urban area,7,12130,None,None,Other/Not known (2005-10),Not at or within 20 metres of junction,VOLVO,,Heavy oil,Male,Skidded,No tow/articulation,Did not leave carriageway,0,Going ahead other,1,Goods 7.5 tonnes mgw and over,No,Front,2019
201043S062080,Motorway,1,NA,0,Fatal,None,13-08-2021,Wednesday,1,Data missing or out of range,Not at junction or within 20 metres,8.866064453,Darkness - lights lit,481170,248220,76.68778362,E01016761,3,4,0,0,Dry,Dual carriageway,None,70,04:40:00,Rural,Fine no high winds,No,36 - 45,7,Urban area,7,NA,None,None,Other/Not known (2005-10),Not at or within 20 metres of junction,DAF TRUCKS,FT CF85.430,Heavy oil,Male,None,No tow/articulation,Did not leave carriageway,0,Slowing or stopping,2,Goods 7.5 tonnes mgw and over,No,Back,2020
200742I220506,Motorway,11,NA,0,Fatal,None,23-01-2021,Monday,1,Not at junction or within 20 metres,Not at junction or within 20 metres,28.45295858,Darkness - no lighting,550570,219440,77.09298831,E01022060,1,2,0,0,Dry,Dual carriageway,None,70,02:20:00,Rural,Fine no high winds,No,36 - 45,7,Data missing or out of range,NA,9000,None,None,Journey as part of work,Not at or within 20 metres of junction,SCANIA,,Heavy oil,Male,None,No tow/articulation,Did not leave carriageway,0,Parked,2,Bus or coach (17 or more pass seats),No,Did not impact,2019
200942I031901,A,12,NA,0,Fatal,Previous accident,23-09-2021,Friday,1,Not at junction or within 20 metres,Not at junction or within 20 metres,22.73897277,Darkness - no lighting,601870,229190,75.84751651,E01021655,3,10,0,0,Wet or damp,Dual carriageway,None,70,06:29:00,Rural,Fine no high winds,No,36 - 45,7,Data missing or out of range,NA,1896,Previous accident,None,Other/Not known (2005-10),Not at or within 20 metres of junction,VOLKSWAGEN,GOLF GT TDI,Heavy oil,Male,Skidded,No tow/articulation,Did not leave carriageway,0,Going ahead other,7,Car,No,Did not impact,2020
200937G026508,C,320,NA,0,Fatal,None,26-01-2021,Wednesday,1,Data missing or out of range,Not at junction or within 20 metres,14.66700209,Darkness - lights lit,618940,242320,78.64128614,E01029978,1,1,0,0,Frost or ice,Single carriageway,None,30,01:20:00,Urban,Fine no high winds,No,16 - 20,6,Urban area,9,125,None,Other permanent object,Commuting to/from work,Not at or within 20 metres of junction,HONDA,NSR125,Petrol,Male,None,No tow/articulation,Nearside,0,Going ahead right-hand bend,1,Motorcycle 125cc and under,No,Front,2019
200906G013557,A,627,Motorway,67,Fatal,None,16-03-2020,Thursday,1,Auto traffic signal,T or staggered junction,22.69684339,Darkness - lights lit,395030,395050,75.86610838,E01006028,2,2,0,0,Dry,Dual carriageway,None,30,00:15:00,Urban,Fine no high winds,No,16 - 20,6,Urban area,8,2685,None,Lamp post,Other/Not known (2005-10),Entering main road,MERCEDES,E270 CDI AVANTGARDE,Heavy oil,Male,Skidded,No tow/articulation,Did not leave carriageway,0,Going ahead other,1,Car,No,Front,2020
200606A059515,C,0,Unclassified,0,Fatal,None,24-02-2021,Friday,1,Auto traffic signal,T or staggered junction,26.47907344,Darkness - lights lit,384710,402500,80.32505606,E01005164,1,1,0,4,Wet or damp,Single carriageway,None,30,21:57:00,Urban,Fine no high winds,No,16 - 20,6,Urban area,1,1390,None,None,Other/Not known (2005-10),Approaching junction or waiting/parked at junction approach,RENAULT,CLIO S,Petrol,Male,Skidded,No tow/articulation,Did not leave carriageway,0,Going ahead other,1,Car,No,Front,2020
200614F017506,A,6135,Unclassified,0,Fatal,None,18-06-2019,Friday,1,Give way or uncontrolled,T or staggered junction,28.6943745,Darkness - lights lit,436520,390560,77.11770641,E01007942,1,1,0,0,Dry,Single carriageway,None,30,20:20:00,Urban,Fine no high winds,No,16 - 20,6,Urban area,1,1242,None,None,Other/Not known (2005-10),Approaching junction or waiting/parked at junction approach,FIAT,BRAVO 80 SX,Petrol,Male,None,No tow/articulation,Did not leave carriageway,0,Going ahead other,1,Car,No,Front,2021
200806J099259,C,0,Unclassified,0,Fatal,None,08-06-2019,Friday,1,Give way or uncontrolled,T or staggered junction,18.56685449,Darkness - lights lit,388130,387660,73.90386427,E01005782,2,3,0,0,Dry,Single carriageway,None,30,00:48:00,Urban,Fine no high winds,No,16 - 20,6,Urban area,6,1998,None,Road sign or traffic signal,Other/Not known (2005-10),Mid Junction - on roundabout or on main road,VAUXHALL,ASTRA COUPE TURBO,Petrol,Male,Skidded and overturned,No tow/articulation,Nearside,0,Going ahead other,1,Car,No,Offside,2021
200997BF70206,A,891,NA,0,Fatal,None,17-12-2019,Monday,1,Data missing or out of range,Not at junction or within 20 metres,19.09553535,Darkness - no lighting,263680,677100,72.92921736,,1,1,0,0,Dry,Single carriageway,None,30,02:35:00,Rural,Fine no high winds,Yes,16 - 20,6,Urban area,NA,2926,None,None,Other/Not known (2005-10),Not at or within 20 metres of junction,LAND ROVER,RANGEROVER VOGUE,Heavy oil,Male,None,No tow/articulation,Did not leave carriageway,0,Going ahead other,1,Car,No,Front,2021
2009170M12669,A,1032,NA,0,Fatal,None,19-03-2020,Friday,1,Data missing or out of range,Not at junction or within 20 metres,23.03420482,Daylight,448010,518770,72.66218502,E01012013,1,2,0,0,Wet or damp,Single carriageway,None,30,07:44:00,Urban,Fine no high winds,No,16 - 20,6,Urban area,1,125,None,None,Other/Not known (2005-10),Not at or within 20 metres of junction,HONDA,NSR125,Petrol,Male,None,No tow/articulation,Did not leave carriageway,0,Going ahead left-hand bend,2,Motorcycle 125cc and under,No,Front,2019
2007557E00742,Unclassified,0,Unclassified,0,Fatal,None,03-07-2021,Monday,1,Give way or uncontrolled,T or staggered junction,28.70423438,Daylight,406120,101510,77.26173188,E01020408,1,3,0,0,Wet or damp,Single carriageway,None,30,13:25:00,Urban,Fine no high winds,No,16 - 20,6,Urban area,3,904,None,None,Other/Not known (2005-10),Approaching junction or waiting/parked at junction approach,DUCATI,900 SS,Petrol,Male,None,No tow/articulation,Did not leave carriageway,0,Going ahead other,2,Motorcycle over 500cc,No,Front,2020
2007557E04539,B,3082,NA,0,Fatal,None,17-08-2021,Monday,1,Not at junction or within 20 metres,Not at junction or within 20 metres,28.65161944,Daylight,397790,101990,77.20180932,E01020410,3,3,0,0,Wet or damp,Single carriageway,None,30,16:10:00,Rural,Fine no high winds,No,16 - 20,6,Urban area,10,1686,None,None,Other/Not known (2005-10),Not at or within 20 metres of junction,VAUXHALL,CORSA ELEGANCE DTI,Heavy oil,Male,None,No tow/articulation,Did not leave carriageway,0,Overtaking moving vehicle - offside,1,Car,No,Front,2021
200820D224101,Unclassified,0,Unclassified,0,Fatal,None,23-02-2020,Thursday,1,Give way or uncontrolled,Crossroads,18.61140209,Daylight,410600,287820,73.90195353,E01009491,1,3,0,0,Dry,Single carriageway,None,30,12:46:00,Urban,Fine no high winds,No,16 - 20,6,Urban area,3,125,None,None,Other/Not known (2005-10),Approaching junction or waiting/parked at junction approach,APRILIA,,Petrol,Male,Skidded,No tow/articulation,Did not leave carriageway,0,Going ahead other,2,Motorcycle 125cc and under,No,Nearside,2021
200906B019328,A,5103,NA,0,Fatal,None,14-07-2019,Friday,1,Not at junction or within 20 metres,Not at junction or within 20 metres,28.55181594,Daylight,383830,395010,77.31111682,E01005240,1,2,0,4,Dry,Dual carriageway,None,30,15:50:00,Urban,Fine no high winds,No,16 - 20,6,Urban area,5,1796,None,None,Other/Not known (2005-10),Not at or within 20 metres of junction,MERCEDES,C200 KOMPRESSOR SE AUTO,Petrol,Female,None,No tow/articulation,Did not leave carriageway,0,Slowing or stopping,2,Car,No,Did not impact,2021
200901TD00053,C,0,NA,0,Fatal,None,19-12-2020,Saturday,1,Data missing or out of range,Not at junction or within 20 metres,26.76661038,Daylight,544050,163390,94.22037327,E01000749,3,2,0,0,Wet or damp,Single carriageway,None,30,09:15:00,Rural,Raining no high winds,No,16 - 20,6,Data missing or out of range,NA,1870,None,Other permanent object,Other/Not known (2005-10),Not at or within 20 metres of junction,RENAULT,MEGANE DYNAMIQUE DCI 120,Heavy oil,Male,Skidded,No tow/articulation,Offside and rebounded,0,Going ahead other,2,Car,No,Nearside,2019
200904CA09063,A,581,Unclassified,0,Fatal,None,24-11-2020,Sunday,1,Give way or uncontrolled,T or staggered junction,26.74377504,Darkness - lights lit,357680,417720,94.20596421,E01024934,1,1,0,0,Dry,Single carriageway,None,30,00:24:00,Urban,Fine no high winds,No,21 - 25,6,Data missing or out of range,NA,1910,None,None,Other/Not known (2005-10),Mid Junction - on roundabout or on main road,FIAT,DOBLO CARGO JTD,Heavy oil,Male,None,No tow/articulation,Did not leave carriageway,0,Going ahead other,1,Van / Goods 3.5 tonnes mgw or under,No,Did not impact,2019
200501TD00025,A,21,C,0,Fatal,None,23-01-2019,Friday,1,Give way or uncontrolled,T or staggered junction,22.05368742,Darkness - lights lit,540520,169040,82.13128621,E01000675,3,1,0,8,Wet or damp,Dual carriageway,None,30,18:28:00,Urban,Fine no high winds,No,21 - 25,6,Data missing or out of range,NA,599,Kerb,None,Other/Not known (2005-10),Mid Junction - on roundabout or on main road,HONDA,CB600 HORNET,Petrol,Male,Skidded,No tow/articulation,Nearside,0,Going ahead other,1,Motorcycle over 500cc,No,Did not impact,2019
2005160D00760,A,1079,Unclassified,0,Fatal,None,01-06-2020,Friday,1,Give way or uncontrolled,T or staggered junction,15.27935402,Darkness - lights lit,508320,432740,74.11316497,E01012881,7,2,0,0,Wet or damp,Dual carriageway,None,30,02:18:00,Urban,Fine no high winds,No,21 - 25,6,Urban area,1,1761,None,Tree,Other/Not known (2005-10),Cleared junction or waiting/parked at junction exit,CITROEN,XSARA 1.8I VTR,Petrol,Male,None,No tow/articulation,Nearside,0,Going ahead other,2,Car,No,Back,2019
200754DN47607,Unclassified,0,NA,0,Fatal,None,04-04-2019,Monday,1,Not at junction or within 20 metres,Not at junction or within 20 metres,26.4656571,Darkness - lights lit,413410,186590,74.6081433,E01015581,2,2,0,0,Dry,Single carriageway,None,30,06:00:00,Rural,Fine no high winds,No,21 - 25,6,Urban area,2,5883,None,None,Journey as part of work,Not at or within 20 metres of junction,DENNIS,,Heavy oil,Male,None,No tow/articulation,Did not leave carriageway,0,Overtaking moving vehicle - offside,2,Bus or coach (17 or more pass seats),No,Front,2020
20063104D3211,C,54,NA,0,Fatal,None,22-02-2021,Monday,1,Data missing or out of range,Not at junction or within 20 metres,28.55979139,Darkness - lights lit,464380,335620,77.13126683,E01028367,2,3,0,0,Dry,Single carriageway,None,30,23:43:00,Rural,Fine no high winds,No,21 - 25,6,Small town,10,1998,Kerb,Road sign or traffic signal,Other/Not known (2005-10),Not at or within 20 metres of junction,VAUXHALL,VECTRA SRI 140,Petrol,Male,None,No tow/articulation,Nearside,0,Overtaking moving vehicle - offside,1,Car,No,Offside,2020
20054100C0345,A,4178,NA,0,Fatal,None,26-06-2019,Tuesday,1,Not at junction or within 20 metres,Not at junction or within 20 metres,28.71836748,Darkness - lights lit,510680,196280,77.22599291,E01023899,1,1,0,0,Dry,Single carriageway,None,30,02:55:00,Urban,Fine no high winds,No,21 - 25,6,Urban area,2,1997,None,None,Journey as part of work,Not at or within 20 metres of junction,PEUGEOT,306 LX HDI,Heavy oil,Male,None,No tow/articulation,Did not leave carriageway,0,Overtaking static vehicle - offside,1,Taxi/Private hire car,No,Nearside,2020
200820G041302,Unclassified,0,Unclassified,0,Fatal,None,26-07-2019,Saturday,1,Give way or uncontrolled,Crossroads,19.104497,Darkness - lights lit,392330,299140,72.86831018,E01010473,1,2,0,0,Dry,One way street,None,30,04:23:00,Urban,Fine no high winds,No,21 - 25,6,Urban area,2,1998,None,Other permanent object,Other/Not known (2005-10),Leaving main road,HONDA,CIVIC TYPE-R,Petrol,Male,None,No tow/articulation,Offside,2,Turning left,2,Car,No,Nearside,2021
201001TA00237,A,13,NA,0,Fatal,None,03-06-2019,Thursday,1,Data missing or out of range,Not at junction or within 20 metres,19.08341016,Darkness - lights lit,554420,180270,72.92347173,E01002344,3,2,0,0,Wet or damp,Slip road,None,30,01:24:00,Rural,Fine no high winds,No,21 - 25,6,Urban area,3,4398,None,None,Other/Not known (2005-10),Not at or within 20 metres of junction,BMW,645 CI AUTO,Petrol,Male,None,No tow/articulation,Did not leave carriageway,0,Going ahead other,2,Car,No,Front,2021
200501TC00288,B,179,NA,0,Fatal,None,22-10-2021,Saturday,1,Data missing or out of range,Not at junction or within 20 metres,22.56702582,Darkness - lights lit,536620,190810,72.02053779,E01004403,1,1,0,0,Dry,Single carriageway,None,30,22:59:00,Urban,Fine no high winds,No,21 - 25,6,Data missing or out of range,NA,600,Kerb,Other permanent object,Other/Not known (2005-10),Not at or within 20 metres of junction,SUZUKI,GSX R600X,Petrol,Male,None,No tow/articulation,Offside,0,Going ahead other,1,Motorcycle over 500cc,No,Did not impact,2021
201001TA00237,A,13,NA,0,Fatal,None,09-09-2010,Thursday,1,Data missing or out of range,Not at junction or within 20 metres,51.500223,Darkness - lights lit,554420,180270,0.223371,E01002344,3,2,0,0,Wet or damp,Slip road,None,30,01:24:00,Rural,Fine no high winds,No,21 - 25,6,Urban area,3,4398,None,None,Other/Not known (2005-10),Not at or within 20 metres of junction,BMW,645 CI AUTO,Petrol,Male,None,No tow/articulation,Did not leave carriageway,0,Going ahead other,2,Car,No,Front,2010
20083108A0450,Unclassified,0,NA,0,Fatal,None,14-01-2019,Friday,1,Data missing or out of range,Not at junction or within 20 metres,26.46080572,Daylight,455620,360940,74.65637994,E01028234,1,1,0,0,Dry,Single carriageway,None,30,18:10:00,Urban,Fine no high winds,No,21 - 25,6,Urban area,2,645,Bollard or refuge,None,Other/Not known (2005-10),Not at or within 20 metres of junction,SUZUKI,SV 650S K2,Petrol,Male,Skidded,No tow/articulation,Did not leave carriageway,0,Going ahead other,1,Motorcycle over 500cc,No,Offside,2020
200814K131808,A,61,NA,0,Fatal,None,23-10-2020,Monday,1,Not at junction or within 20 metres,Not at junction or within 20 metres,28.72457304,Daylight,436300,387840,77.15066852,E01007885,1,2,0,0,Dry,Dual carriageway,None,30,17:09:00,Urban,Fine no high winds,No,21 - 25,6,Small town,9,1794,None,None,Other/Not known (2005-10),Not at or within 20 metres of junction,TOYOTA,CELICA VVTI,Petrol,Male,None,No tow/articulation,Did not leave carriageway,0,Changing lane to left,1,Car,No,Nearside,2020
201020D028013,Unclassified,0,Unclassified,0,Fatal,None,01-06-2021,Tuesday,1,Give way or uncontrolled,Private drive or entrance,18.5277522,Daylight,415300,286300,73.7692993,E01009322,1,3,0,0,Dry,Single carriageway,None,30,12:20:00,Urban,Fine no high winds,No,21 - 25,6,Urban area,1,998,Kerb,Tree,Other/Not known (2005-10),Mid Junction - on roundabout or on main road,HONDA,CBR 1000 RR-4,Petrol,Male,Skidded and overturned,No tow/articulation,Offside,0,Overtaking moving vehicle - offside,1,Motorcycle over 500cc,No,Front,2021
200614H093006,A,6102,NA,0,Fatal,None,26-06-2020,Wednesday,3,Data missing or out of range,Not at junction or within 20 metres,18.61884053,Daylight,432540,391250,73.81719118,E01008127,1,1,0,0,Dry,Single carriageway,None,30,17:30:00,Urban,Fine no high winds,No,21 - 25,6,Urban area,1,9600,None,None,Journey as part of work,Not at or within 20 metres of junction,VOLVO,,Heavy oil,Male,None,No tow/articulation,Did not leave carriageway,0,Waiting to go - held up,1,Bus or coach (17 or more pass seats),No,Did not impact,2021
200620E092502,B,4217,B,4514,Fatal,None,19-03-2021,Tuesday,1,Give way or uncontrolled,T or staggered junction,19.17707413,Daylight,411310,282900,72.9243137,E01009018,1,1,0,1,Dry,Single carriageway,None,30,11:27:00,Urban,Fine no high winds,No,21 - 25,6,Urban area,3,9600,None,None,Journey as part of work,Entering main road,VOLVO,,Heavy oil,Male,None,No tow/articulation,Did not leave carriageway,0,Turning left,1,Bus or coach (17 or more pass seats),No,Front,2021
200614D016106,Unclassified,0,A,621,Fatal,None,30-12-2020,Tuesday,1,Auto traffic signal,T or staggered junction,19.16251599,Daylight,435620,387630,72.93668694,E01008070,1,1,0,4,Dry,One way street,None,30,15:10:00,Urban,Fine no high winds,No,21 - 25,6,Urban area,6,2402,None,None,Journey as part of work,Entering main road,FORD,TRANSIT 350 LWB TD,Heavy oil,Male,None,No tow/articulation,Did not leave carriageway,0,Turning left,1,Van / Goods 3.5 tonnes mgw or under,No,Nearside,2021
200897AE70111,A,82,Unclassified,0,Fatal,None,09-07-2019,Monday,1,Give way or uncontrolled,Slip road,14.7718641,Daylight,251590,670100,78.63269453,,1,1,0,0,Wet or damp,Dual carriageway,None,30,07:50:00,Urban,Fog or mist,Yes,21 - 25,6,Urban area,NA,1461,None,Road sign or traffic signal,Commuting to/from work,Mid Junction - on roundabout or on main road,RENAULT,CLIO DYNAMIQUE DCI 80,Heavy oil,Male,None,No tow/articulation,Did not leave carriageway,0,Going ahead other,1,Car,No,Nearside,2019
2010400D01036,A,4012,A,4012,Fatal,None,23-10-2021,Sunday,1,Give way or uncontrolled,T or staggered junction,27.10051436,Darkness - lights lit,492330,224960,93.62490895,E01017555,1,2,0,0,Dry,Single carriageway,None,30,23:47:00,Urban,Fine no high winds,No,26 - 35,6,Urban area,9,1998,None,None,Other/Not known (2005-10),Mid Junction - on roundabout or on main road,FORD,MONDEO LX TDCI,Heavy oil,Male,None,No tow/articulation,Did not leave carriageway,0,Going ahead right-hand bend,1,Car,No,Front,2019
20073104B2440,B,6020,C,22,Fatal,None,28-06-2021,Monday,1,Give way or uncontrolled,T or staggered junction,27.10066205,Darkness - lights lit,458820,356750,93.61280038,E01028343,1,3,0,0,Dry,Single carriageway,None,30,22:50:00,Rural,Fine no high winds,No,26 - 35,6,Small town,3,1998,None,None,Other/Not known (2005-10),Mid Junction - on roundabout or on main road,MITSUBISHI,,Petrol,Male,None,No tow/articulation,Did not leave carriageway,0,Going ahead left-hand bend,1,Car,No,Front,2019
2006160D05090,Unclassified,0,NA,0,Fatal,None,21-11-2020,Saturday,1,Data missing or out of range,Not at junction or within 20 metres,12.97013641,Darkness - lights lit,514940,430100,77.64793592,E01012846,1,3,0,0,Dry,Single carriageway,None,30,01:10:00,Urban,Fine no high winds,No,26 - 35,6,Data missing or out of range,NA,2151,None,None,Journey as part of work,Not at or within 20 metres of junction,MERCEDES,VITO 110 CDI TRAVELINER,Heavy oil,Male,None,No tow/articulation,Did not leave carriageway,0,Going ahead other,1,Taxi/Private hire car,No,Offside,2020
201020D053813,B,4128,Unclassified,0,Fatal,None,12-08-2021,Sunday,1,Give way or uncontrolled,T or staggered junction,22.7638841,Darkness - lights lit,409760,286520,75.8414561,E01009198,4,4,0,0,Dry,Single carriageway,None,30,03:16:00,Urban,Fine no high winds,No,26 - 35,6,Urban area,3,2979,None,None,Other/Not known (2005-10),Mid Junction - on roundabout or on main road,BMW,Z4 3.0I SE,Petrol,Male,None,No tow/articulation,Did not leave carriageway,0,Overtaking moving vehicle - offside,1,Car,No,Front,2020
20063104D2471,B,684,Unclassified,0,Fatal,None,05-09-2020,Saturday,1,Give way or uncontrolled,T or staggered junction,22.73437026,Darkness - lights lit,459430,343740,75.86905158,E01028214,1,2,0,0,Wet or damp,Single carriageway,None,30,00:28:00,Urban,Fine no high winds,No,26 - 35,6,Urban area,8,998,None,None,Other/Not known (2005-10),Mid Junction - on roundabout or on main road,YAMAHA,,Petrol,Male,None,No tow/articulation,Did not leave carriageway,0,Going ahead other,2,Motorcycle over 500cc,No,Front,2020
20073104B2440,B,6020,C,22,Fatal,None,07-03-2019,Monday,1,Give way or uncontrolled,T or staggered junction,28.70800114,Darkness - lights lit,458820,356750,77.07566352,E01028343,1,3,0,0,Dry,Single carriageway,None,30,22:50:00,Rural,Fine no high winds,No,26 - 35,6,Rural,8,2461,None,None,Other/Not known (2005-10),Mid Junction - on roundabout or on main road,VOLKSWAGEN,LT 35 TDI MWB,Heavy oil,Male,None,No tow/articulation,Did not leave carriageway,0,Going ahead right-hand bend,3,Van / Goods 3.5 tonnes mgw or under,No,Front,2020
200901TB00098,A,4088,Unclassified,0,Fatal,None,23-02-2019,Tuesday,1,Give way or uncontrolled,T or staggered junction,28.6923827,Darkness - lights lit,519710,186590,77.19552654,E01000481,6,2,0,4,Dry,Dual carriageway,None,30,22:20:00,Urban,Fine no high winds,No,26 - 35,6,Urban area,5,2171,None,None,Other/Not known (2005-10),Cleared junction or waiting/parked at junction exit,BMW,320CI SPORT,Petrol,Male,None,No tow/articulation,Did not leave carriageway,0,Going ahead other,2,Car,No,Front,2020
200601TD00089,A,208,NA,0,Fatal,None,17-06-2019,Saturday,1,Data missing or out of range,Not at junction or within 20 metres,18.501222,Darkness - lights lit,542680,172250,73.74916559,E01000781,1,1,0,0,Dry,Single carriageway,None,30,21:03:00,Urban,Fine no high winds,No,26 - 35,6,Urban area,3,4398,None,None,Other/Not known (2005-10),Not at or within 20 metres of junction,BMW,540 I SPORT AUTO,Petrol,Male,None,No tow/articulation,Did not leave carriageway,0,Going ahead other,1,Car,No,Nearside,2021
200691NN28551,Unclassified,0,NA,0,Fatal,None,19-02-2021,Saturday,1,Data missing or out of range,Not at junction or within 20 metres,18.60172419,Darkness - lights lit,264950,846120,73.95269652,,1,1,0,0,Dry,Single carriageway,None,30,02:10:00,Urban,Fine no high winds,Yes,26 - 35,6,Urban area,NA,1974,None,None,Journey as part of work,Not at or within 20 metres of junction,NISSAN,PRIMERA SE TD,Heavy oil,Male,None,No tow/articulation,Did not leave carriageway,0,Going ahead other,1,Taxi/Private hire car,No,Front,2021
200722CA87132,A,449,Unclassified,0,Fatal,None,23-02-2020,Thursday,1,Give way or uncontrolled,T or staggered junction,15.33426176,Darkness - lights lit,383720,252670,73.97566748,E01032290,1,2,0,0,Wet or damp,Single carriageway,None,30,17:25:00,Urban,Fine no high winds,No,26 - 35,6,Urban area,9,1598,None,None,Other/Not known (2005-10),Mid Junction - on roundabout or on main road,RENAULT,MEGANE SCENIC EXP+ AUTO,Petrol,Female,None,No tow/articulation,Did not leave carriageway,0,Going ahead other,2,Car,No,Front,2019
200706J077950,C,0,Unclassified,0,Fatal,None,15-12-2021,Wednesday,1,Give way or uncontrolled,T or staggered junction,14.7140019,Darkness - lights lit,391440,387840,78.52341118,E01005831,1,4,0,0,Dry,Single carriageway,None,30,03:26:00,Urban,Fine no high winds,No,26 - 35,6,Data missing or out of range,NA,1781,None,None,Other/Not known (2005-10),Approaching junction or waiting/parked at junction approach,AUDI,A4 T QUATTRO,Petrol,Female,None,No tow/articulation,Did not leave carriageway,0,Parked,2,Car,No,Back,2019
200601TE00222,A,214,NA,0,Fatal,None,20-05-2021,Saturday,1,Data missing or out of range,Not at junction or within 20 metres,18.53520339,Darkness - lights lit,527390,173260,73.95302755,E01004625,1,3,0,0,Wet or damp,Single carriageway,None,30,19:56:00,Urban,Raining no high winds,No,26 - 35,6,Urban area,7,1796,None,None,Other/Not known (2005-10),Not at or within 20 metres of junction,VAUXHALL,VECTRA CLUB AUTO,Petrol,Male,None,No tow/articulation,Did not leave carriageway,0,Going ahead other,2,Car,No,Front,2021
200901GD77102,A,10,Unclassified,0,Fatal,None,20-01-2020,Sunday,1,Give way or uncontrolled,T or staggered junction,18.59371572,Darkness - lights lit,533540,185000,73.87179773,E01001743,1,1,0,1,Wet or damp,Single carriageway,None,30,18:30:00,Urban,Raining no high winds,No,26 - 35,6,Urban area,7,7300,None,None,Journey as part of work,Cleared junction or waiting/parked at junction exit,VOLVO,,Heavy oil,Male,None,No tow/articulation,Did not leave carriageway,0,Moving off,1,Bus or coach (17 or more pass seats),No,Front,2021
200820J069901,Unclassified,0,Unclassified,0,Fatal,None,21-03-2020,Thursday,1,Give way or uncontrolled,T or staggered junction,19.09138066,Darkness - lights lit,393240,290990,72.83234235,E01009880,4,3,0,0,Wet or damp,Single carriageway,None,30,22:35:00,Urban,Raining no high winds,No,26 - 35,6,Urban area,1,2477,Kerb,None,Other/Not known (2005-10),Mid Junction - on roundabout or on main road,MITSUBISHI,SHOGUN SPORT TD ANIMAL,Heavy oil,Male,None,No tow/articulation,Did not leave carriageway,0,Going ahead other,1,Car,No,Front,2021
201006J038445,C,0,Unclassified,0,Fatal,None,01-05-2021,Thursday,1,Give way or uncontrolled,T or staggered junction,27.10529339,Darkness - lights lit,385150,386080,93.61209916,E01005844,1,1,0,0,Wet or damp,Single carriageway,None,30,06:45:00,Urban,Raining no high winds,No,26 - 35,6,Urban area,8,1997,None,None,Other/Not known (2005-10),Approaching junction or waiting/parked at junction approach,PEUGEOT,307 CC,Petrol,Female,None,No tow/articulation,Did not leave carriageway,0,Going ahead other,1,Car,No,Front,2019