Accident_Index,1st_Road_Class,1st_Road_Number,2nd_Road_Class,2nd_Road_Number,Accident_Severity,Carriageway_Hazards,Date,Day_of_Week,Did_Police_Officer_Attend_Scene_of_Accident,Junction_Control,Junction_Detail,Latitude,Light_Conditions,Location_Easting_OSGR,Location_Northing_OSGR,Longitude,LSOA_of_Accident_Location,Number_of_Casualties,Number_of_Vehicles,Pedestrian_Crossing-Human_Control,Pedestrian_Crossing-Physical_Facilities,Road_Surface_Conditions,Road_Type,Special_Conditions_at_Site,Speed_limit,Time,Urban_or_Rural_Area,Weather_Conditions,InScotland,Age_Band_of_Driver,Age_of_Vehicle,Driver_Home_Area_Type,Driver_IMD_Decile,Engine_Capacity_.CC.,Hit_Object_in_Carriageway,Hit_Object_off_Carriageway,Journey_Purpose_of_Driver,Junction_Location,make,model,Propulsion_Code,Sex_of_Driver,Skidding_and_Overturning,Towing_and_Articulation,Vehicle_Leaving_Carriageway,Vehicle_Location.Restricted_Lane,Vehicle_Manoeuvre,Vehicle_Reference,Vehicle_Type,Was_Vehicle_Left_Hand_Drive,X1st_Point_of_Impact,Year
201006J038445,C,0,Unclassified,0,Fatal,None,04-11-2010,Thursday,1,Give way or uncontrolled,T or staggered junction,53.371359,Darkness - lights lit,385150,386080,-2.224665,E01005844,1,1,0,0,Wet or damp,Single carriageway,None,30,06:45:00,Urban,Raining no high winds,No,26 - 35,6,Urban area,8,1997,None,None,Other/Not known (2005-10),Approaching junction or waiting/parked at junction approach,PEUGEOT,307 CC,Petrol,Female,None,No tow/articulation,Did not leave carriageway,0,Going ahead other,1,Car,No,Front,2010
200820F120202,Unclassified,0,Unclassified,0,Fatal,None,05-03-2021,Wednesday,1,Give way or uncontrolled,T or staggered junction,18.56170386,Daylight,399570,284650,73.90954205,E01009250,1,1,0,0,Dry,Dual carriageway,None,30,15:15:00,Urban,Fine + high winds,No,26 - 35,6,Urban area,3,2400,None,None,Journey as part of work,Cleared junction or waiting/parked at junction exit,FORD,TRANSIT 350 LWB TD,Heavy oil,Male,None,No tow/articulation,Did not leave carriageway,0,Going ahead right-hand bend,1,Van / Goods 3.5 tonnes mgw or under,No,Nearside,2021
200905AA31808,B,5145,Unclassified,0,Fatal,None,20-11-2021,Tuesday,1,Give way or uncontrolled,T or staggered junction,18.56020055,Daylight,329810,391490,73.77671484,E01007213,1,2,0,4,Dry,Single carriageway,None,30,12:28:00,Urban,Fine + high winds,No,26 - 35,6,Urban area,1,1388,None,None,Journey as part of work,Leaving main road,FORD,FIESTA FLAME,Petrol,Male,None,No tow/articulation,Did not leave carriageway,0,Turning right,1,Car,No,Offside,2021
200920E133102,Unclassified,0,Unclassified,0,Fatal,None,19-03-2020,Tuesday,1,Give way or uncontrolled,Private drive or entrance,26.74749284,Daylight,404580,277340,94.22351886,E01009115,1,2,0,0,Dry,Single carriageway,None,30,14:35:00,Urban,Fine no high winds,No,26 - 35,6,Urban area,1,8268,None,None,Journey as part of work,Mid Junction - on roundabout or on main road,DENNIS,,Heavy oil,Male,None,No tow/articulation,Did not leave carriageway,0,Going ahead other,2,Bus or coach (17 or more pass seats),No,Front,2019
200701TE00037,A,315,A,315,Fatal,None,06-03-2020,Monday,1,Give way or uncontrolled,T or staggered junction,26.73998037,Daylight,524490,178970,94.2033828,E01001866,1,2,0,0,Dry,Single carriageway,None,30,15:12:00,Urban,Fine no high winds,No,26 - 35,6,Urban area,3,3990,None,None,Journey as part of work,Mid Junction - on roundabout or on main road,DAF TRUCKS,FA LF45.130,Heavy oil,Male,None,No tow/articulation,Did not leave carriageway,0,Turning left,1,Goods over 3.5t. and under 7.5t,No,Nearside,2019
201063AC10710,Unclassified,0,B,4312,Fatal,None,04-06-2019,Tuesday,1,Give way or uncontrolled,Roundabout,25.77239107,Daylight,240690,220090,87.45370541,W01000641,1,2,0,0,Dry,Roundabout,None,30,08:55:00,Urban,Fine no high winds,No,26 - 35,6,Small town,NA,12130,None,None,Journey as part of work,Approaching junction or waiting/parked at junction approach,VOLVO,,Heavy oil,Male,None,No tow/articulation,Did not leave carriageway,0,Moving off,1,Goods 7.5 tonnes mgw and over,No,Front,2019
201030A000075,A,610,NA,0,Fatal,None,20-02-2020,Saturday,1,Data missing or out of range,Not at junction or within 20 metres,22.10334605,Daylight,441760,350210,82.17917088,E01019420,1,1,0,0,Dry,Single carriageway,None,30,15:40:00,Urban,Fine no high winds,No,26 - 35,6,Urban area,5,998,Kerb,Other permanent object,Other/Not known (2005-10),Not at or within 20 metres of junction,HONDA,CBR 1000 RR-4,Petrol,Male,None,No tow/articulation,Nearside,0,Going ahead left-hand bend,1,Motorcycle over 500cc,No,Nearside,2019
200606B056644,C,0,NA,0,Fatal,None,31-07-2019,Tuesday,1,Data missing or out of range,Not at junction or within 20 metres,22.05568835,Daylight,384210,394760,82.13729118,E01005178,2,3,0,0,Dry,Single carriageway,None,30,20:25:00,Urban,Fine no high winds,No,26 - 35,6,Data missing or out of range,NA,2300,None,None,Other/Not known (2005-10),Not at or within 20 metres of junction,VOLKSWAGEN,GOLF V5,Petrol,Male,None,No tow/articulation,Did not leave carriageway,0,Going ahead other,2,Car,No,Did not impact,2019
200701TE00095,Unclassified,0,A,307,Fatal,None,30-12-2019,Tuesday,1,Auto traffic signal,T or staggered junction,22.71621594,Daylight,518080,169000,75.90600191,E01002968,1,1,0,5,Dry,Single carriageway,None,30,17:33:00,Urban,Fine no high winds,No,26 - 35,6,Urban area,7,8268,None,None,Journey as part of work,Approaching junction or waiting/parked at junction approach,DENNIS,,Heavy oil,Male,None,No tow/articulation,Did not leave carriageway,2,Moving off,1,Bus or coach (17 or more pass seats),No,Front,2020
201001TA00424,A,1209,Unclassified,0,Fatal,None,17-01-2021,Thursday,1,Give way or uncontrolled,T or staggered junction,26.46970597,Daylight,534540,182650,80.29383678,E01004211,1,1,0,4,Wet or damp,Single carriageway,None,30,11:05:00,Urban,Fine no high winds,No,26 - 35,6,Urban area,3,8970,None,None,Journey as part of work,Mid Junction - on roundabout or on main road,SCANIA,,Heavy oil,Male,None,No tow/articulation,Did not leave carriageway,0,Turning left,1,Goods 7.5 tonnes mgw and over,No,Nearside,2020
20083104B1676,Unclassified,0,NA,0,Fatal,None,28-10-2020,Thursday,1,Data missing or out of range,Not at junction or within 20 metres,28.67088319,Daylight,458570,387070,77.17670673,E01028029,1,2,0,0,Dry,Single carriageway,None,30,10:49:00,Rural,Fine no high winds,No,26 - 35,6,Small town,2,10800,None,None,Journey as part of work,Not at or within 20 metres of junction,SEDDON/ATKINSON,,Heavy oil,Male,None,No tow/articulation,Did not leave carriageway,0,Reversing,2,Other vehicle,No,Back,2020
200901TD00272,A,212,NA,0,Fatal,None,15-02-2021,Monday,1,Data missing or out of range,Not at junction or within 20 metres,28.72044366,Daylight,536760,172740,77.3045594,E01003195,1,1,0,0,Dry,Single carriageway,None,30,17:15:00,Urban,Fine no high winds,No,26 - 35,6,Urban area,1,8970,None,None,Other/Not known (2005-10),Not at or within 20 metres of junction,SCANIA,,Heavy oil,Male,None,No tow/articulation,Did not leave carriageway,0,Slowing or stopping,1,Goods 7.5 tonnes mgw and over,No,Front,2020
201001TB00190,A,437,B,464,Fatal,None,01-08-2019,Monday,1,Give way or uncontrolled,T or staggered junction,19.17835156,Daylight,509260,178710,72.85930058,E01002490,2,2,0,0,Dry,Dual carriageway,None,30,14:20:00,Urban,Fine no high winds,No,26 - 35,6,Urban area,5,124,None,None,Commuting to/from work,Mid Junction - on roundabout or on main road,HONDA,XR 125 L-4,Petrol,Male,None,No tow/articulation,Did not leave carriageway,0,Going ahead other,2,Motorcycle over 125cc and up to 500cc,No,Offside,2021
200601TA00150,A,5,A,5204,Fatal,None,28-05-2019,Sunday,1,Auto traffic signal,Crossroads,26.73344415,Daylight,527660,181070,94.23175828,E01004680,2,1,0,0,Dry,Single carriageway,None,30,14:25:00,Urban,Fine no high winds,No,26 - 35,6,Urban area,3,8300,None,None,Journey as part of work,Cleared junction or waiting/parked at junction exit,DENNIS,,Heavy oil,Male,None,No tow/articulation,Did not leave carriageway,0,Going ahead other,1,Bus or coach (17 or more pass seats),No,Nearside,2019
201001TA00424,A,1209,Unclassified,0,Fatal,None,23-12-2010,Thursday,1,Give way or uncontrolled,T or staggered junction,51.526689,Daylight,534540,182650,-0.061949,E01004211,1,1,0,4,Wet or damp,Single carriageway,None,30,11:05:00,Urban,Fine no high winds,No,26 - 35,6,Urban area,3,8970,None,None,Journey as part of work,Mid Junction - on roundabout or on main road,SCANIA,,Heavy oil,Male,None,No tow/articulation,Did not leave carriageway,0,Turning left,1,Goods 7.5 tonnes mgw and over,No,Nearside,2010
201001TB00190,A,437,B,464,Fatal,None,17-05-2010,Monday,1,Give way or uncontrolled,T or staggered junction,51.496729,Daylight,509260,178710,-0.427428,E01002490,2,2,0,0,Dry,Dual carriageway,None,30,14:20:00,Urban,Fine no high winds,No,26 - 35,6,Urban area,5,124,None,None,Commuting to/from work,Mid Junction - on roundabout or on main road,HONDA,XR 125 L-4,Petrol,Male,None,No tow/articulation,Did not leave carriageway,0,Going ahead other,2,Motorcycle over 125cc and up to 500cc,No,Offside,2010
200614H055206,B,6054,NA,0,Fatal,None,23-05-2021,Wednesday,1,Data missing or out of range,Not at junction or within 20 metres,26.75649122,Daylight,433310,380370,94.19662592,E01007917,1,3,0,0,Dry,Single carriageway,None,30,16:08:00,Urban,Fine no high winds,No,26 - 35,6,Urban area,10,998,Kerb,None,Other/Not known (2005-10),Not at or within 20 metres of junction,NISSAN,MICRA CELEBRATION 16V,Petrol,Female,None,No tow/articulation,Nearside and rebounded,0,Going ahead other,3,Car,No,Front,2019
200901TB00132,C,0,Unclassified,0,Fatal,None,10-09-2020,Monday,1,Give way or uncontrolled,Private drive or entrance,23.02522905,Daylight,511120,181790,72.54690298,E01002395,1,2,0,0,Dry,Single carriageway,None,30,17:41:00,Urban,Fine no high winds,No,26 - 35,6,Urban area,2,1997,None,None,Other/Not known (2005-10),Mid Junction - on roundabout or on main road,PEUGEOT,206 HDI D TURBO,Heavy oil,Female,None,No tow/articulation,Did not leave carriageway,0,Turning right,1,Car,No,Nearside,2019
200820E021002,Unclassified,0,Unclassified,0,Fatal,None,12-11-2021,Monday,1,Give way or uncontrolled,T or staggered junction,8.8733962,Daylight,406330,278670,76.6953292,E01008979,1,1,0,0,Wet or damp,Single carriageway,None,30,10:39:00,Urban,Fog or mist,No,26 - 35,6,Data missing or out of range,NA,8268,None,None,Journey as part of work,Cleared junction or waiting/parked at junction exit,DENNIS,,Heavy oil,Male,Skidded,No tow/articulation,Did not leave carriageway,0,Going ahead other,1,Bus or coach (17 or more pass seats),No,Front,2020
200514B140005,A,61,NA,0,Fatal,None,30-05-2021,Saturday,1,Data missing or out of range,Not at junction or within 20 metres,27.10001391,Daylight,434550,401560,93.62224754,E01007399,15,2,0,0,Wet or damp,Single carriageway,None,30,14:00:00,Rural,Raining no high winds,No,26 - 35,6,Urban area,2,9600,None,Lamp post,Journey as part of work,Not at or within 20 metres of junction,VOLVO,,Heavy oil,Male,None,No tow/articulation,Nearside,0,Going ahead other,2,Bus or coach (17 or more pass seats),No,Front,2019
200614A205706,C,69,NA,0,Fatal,None,09-11-2019,Wednesday,1,Data missing or out of range,Not at junction or within 20 metres,19.06746097,Daylight,464310,411260,72.85903003,E01007626,1,1,0,0,Wet or damp,Single carriageway,None,30,19:27:00,Urban,Raining no high winds,No,26 - 35,6,Urban area,1,4000,None,None,Other/Not known (2005-10),Not at or within 20 metres of junction,MERCEDES,,Heavy oil,Male,None,No tow/articulation,Did not leave carriageway,0,Going ahead other,1,Van / Goods 3.5 tonnes mgw or under,No,Front,2021
201001TA00174,Unclassified,0,A,102,Fatal,None,22-03-2019,Wednesday,1,Give way or uncontrolled,T or staggered junction,22.06913625,Daylight,535930,185110,82.13963062,E01001729,1,1,0,0,Wet or damp,Single carriageway,None,30,13:35:00,Urban,Raining no high winds,No,26 - 35,6,Urban area,1,1995,None,None,Other/Not known (2005-10),Cleared junction or waiting/parked at junction exit,VAUXHALL,VECTRA CLUB DTI 16V,Heavy oil,Female,None,No tow/articulation,Did not leave carriageway,0,Going ahead other,1,Car,No,Front,2019
201001TA00174,Unclassified,0,A,102,Fatal,None,14-07-2010,Wednesday,1,Give way or uncontrolled,T or staggered junction,51.548463,Daylight,535930,185110,-0.040975,E01001729,1,1,0,0,Wet or damp,Single carriageway,None,30,13:35:00,Urban,Raining no high winds,No,26 - 35,6,Urban area,1,1995,None,None,Other/Not known (2005-10),Cleared junction or waiting/parked at junction exit,VAUXHALL,VECTRA CLUB DTI 16V,Heavy oil,Female,None,No tow/articulation,Did not leave carriageway,0,Going ahead other,1,Car,No,Front,2010
200901PY76871,A,21,B,265,Fatal,None,01-07-2021,Wednesday,1,Auto traffic signal,Crossroads,18.55395946,Darkness - lights lit,541040,168210,73.76009671,E01000671,1,2,0,5,Wet or damp,Single carriageway,None,30,23:05:00,Urban,Fine + high winds,No,36 - 45,6,Urban area,8,2393,None,None,Other/Not known (2005-10),Mid Junction - on roundabout or on main road,AUDI,A4 SPORT CABRIOLET AUTO,Petrol,Male,None,No tow/articulation,Did not leave carriageway,0,Going ahead other,2,Car,No,Nearside,2021
200901TD00387,A,209,Unclassified,0,Fatal,None,19-04-2019,Friday,1,Give way or uncontrolled,T or staggered junction,28.44607727,Darkness - lights lit,546030,177910,76.99117536,E01001669,1,1,0,0,Frost or ice,Single carriageway,None,30,18:27:00,Urban,Fine no high winds,No,36 - 45,6,Urban area,3,2597,None,None,Other/Not known (2005-10),Approaching junction or waiting/parked at junction approach,MERCEDES,CLK 240 AVANTGARDE AUTO,Petrol,Male,None,No tow/articulation,Did not leave carriageway,0,Going ahead other,1,Car,No,Nearside,2019
200920G061401,A,41,NA,0,Fatal,None,21-03-2021,Sunday,1,Data missing or out of range,Not at junction or within 20 metres,28.67074209,Darkness - lights lit,388170,300500,77.19976239,E01010546,2,1,0,0,Dry,Single carriageway,None,40,03:20:00,Urban,Fine no high winds,No,21 - 25,6,Urban area,4,1997,Kerb,Tree,Other/Not known (2005-10),Not at or within 20 metres of junction,MITSUBISHI,,Petrol,Male,Skidded,No tow/articulation,Offside,0,Going ahead other,1,Car,No,Front,2020
201014K065910,A,61,Unclassified,0,Fatal,None,21-10-2020,Saturday,1,Give way or uncontrolled,T or staggered junction,18.51295124,Darkness - lights lit,433800,392000,73.86115343,E01008088,2,3,0,0,Wet or damp,Dual carriageway,None,40,19:40:00,Urban,Raining no high winds,No,21 - 25,6,Urban area,7,1998,None,None,Other/Not known (2005-10),Approaching junction or waiting/parked at junction approach,HONDA,CIVIC TYPE-R,Petrol,Male,None,No tow/articulation,Did not leave carriageway,0,Going ahead other,1,Car,No,Front,2021
201014K065910,A,61,Unclassified,0,Fatal,None,06-03-2010,Saturday,1,Give way or uncontrolled,T or staggered junction,53.423707,Darkness - lights lit,433800,392000,-1.492833,E01008088,2,3,0,0,Wet or damp,Dual carriageway,None,40,19:40:00,Urban,Raining no high winds,No,21 - 25,6,Urban area,7,1998,None,None,Other/Not known (2005-10),Approaching junction or waiting/parked at junction approach,HONDA,CIVIC TYPE-R,Petrol,Male,None,No tow/articulation,Did not leave carriageway,0,Going ahead other,1,Car,No,Front,2010
200704CK07001,A,570,NA,0,Fatal,None,18-05-2020,Sunday,1,Data missing or out of range,Not at junction or within 20 metres,22.6958823,Darkness - lights lit,338240,413090,75.86962423,E01025514,1,1,0,0,Wet or damp,Single carriageway,None,40,21:05:00,Rural,Raining no high winds,No,21 - 25,6,Data missing or out of range,NA,1124,None,None,Other/Not known (2005-10),Not at or within 20 metres of junction,CITROEN,SAXO FORTE,Petrol,Female,None,No tow/articulation,Did not leave carriageway,0,Going ahead other,1,Car,No,Front,2020
200901TB00071,C,0,NA,0,Fatal,None,19-04-2020,Friday,1,Data missing or out of range,Not at junction or within 20 metres,18.51126348,Darkness - no lighting,507590,187620,73.90170138,E01002441,1,1,0,0,Dry,Single carriageway,None,40,01:06:00,Rural,Fine no high winds,No,21 - 25,6,Data missing or out of range,NA,1598,None,Tree,Other/Not known (2005-10),Not at or within 20 metres of junction,MINI,MINI COOPER,Petrol,Male,Skidded,No tow/articulation,Offside,0,Going ahead left-hand bend,1,Car,No,Front,2021
200843W084088,A,329,Unclassified,7201,Fatal,None,12-04-2021,Wednesday,1,Auto traffic signal,Crossroads,22.71642846,Daylight,471150,173770,75.85124519,E01016351,1,2,0,5,Dry,Dual carriageway,None,40,15:15:00,Urban,Fine no high winds,No,21 - 25,6,Urban area,10,600,None,None,Journey as part of work,Mid Junction - on roundabout or on main road,SUZUKI,GSF600,Petrol,Male,Skidded,No tow/articulation,Did not leave carriageway,0,Going ahead other,1,Motorcycle over 500cc,No,Front,2020
200720J062702,A,452,NA,0,Fatal,None,01-01-2021,Wednesday,1,Data missing or out of range,Not at junction or within 20 metres,28.59014543,Daylight,396860,284420,77.06442985,E01009734,2,4,0,0,Dry,Single carriageway,None,40,05:45:00,Urban,Fine no high winds,No,21 - 25,6,Urban area,2,1341,None,None,Other/Not known (2005-10),Not at or within 20 metres of junction,HYUNDAI,ACCENT 1,Petrol,Male,None,No tow/articulation,Did not leave carriageway,0,Going ahead right-hand bend,3,Car,No,Did not impact,2020
200997QB71401,Unclassified,0,NA,0,Fatal,None,14-06-2019,Saturday,1,Data missing or out of range,Not at junction or within 20 metres,27.10455302,Darkness - lights lit,268990,654770,93.6217225,,3,1,0,0,Dry,Single carriageway,None,40,19:15:00,Urban,Fine no high winds,Yes,26 - 35,6,Data missing or out of range,NA,2967,Kerb,Lamp post,Other/Not known (2005-10),Not at or within 20 metres of junction,FORD,MONDEO ST220,Petrol,Male,None,No tow/articulation,Nearside,0,Going ahead right-hand bend,1,Car,No,Nearside,2019
200745SP98994,C,234,Unclassified,0,Fatal,None,05-02-2020,Wednesday,1,Give way or uncontrolled,T or staggered junction,22.98053061,Darkness - lights lit,509350,167340,72.56496163,E01030732,2,2,0,0,Wet or damp,Single carriageway,None,40,22:55:00,Rural,Fine no high winds,No,26 - 35,6,Urban area,5,1794,None,None,Journey as part of work,Approaching junction or waiting/parked at junction approach,TOYOTA,AVENSIS GLS VVT-I,Petrol,Male,None,No tow/articulation,Did not leave carriageway,0,Turning right,2,Car,No,Nearside,2019
200920G063002,A,449,NA,0,Fatal,None,23-11-2021,Friday,1,Data missing or out of range,Not at junction or within 20 metres,26.47860585,Darkness - lights lit,391230,301390,80.3205592,E01010435,1,1,0,0,Wet or damp,Dual carriageway,None,40,17:07:00,Urban,Raining + high winds,No,26 - 35,6,Urban area,2,1398,None,None,Other/Not known (2005-10),Not at or within 20 metres of junction,PEUGEOT,206 LX HDI,Heavy oil,Male,None,No tow/articulation,Did not leave carriageway,0,Going ahead other,1,Car,No,Front,2020
200550A33O248,Unclassified,0,Unclassified,0,Fatal,None,13-05-2021,Wednesday,1,Give way or uncontrolled,T or staggered junction,22.06439935,Darkness - no lighting,157540,35150,82.15127658,E01019007,1,1,0,0,Wet or damp,Single carriageway,None,40,23:13:00,Rural,Fine + high winds,No,26 - 35,6,Urban area,2,2946,None,Other permanent object,Data missing or out of range,Mid Junction - on roundabout or on main road,RENAULT,LAGUNA RTI V6,Petrol,Female,None,No tow/articulation,Offside,9,Going ahead other,1,Car,No,Front,2019
2006160A02130,C,417,NA,0,Fatal,None,14-04-2021,Saturday,1,Data missing or out of range,Not at junction or within 20 metres,25.76776331,Daylight,524810,404480,87.48856953,E01013225,3,2,0,0,Dry,Single carriageway,None,40,17:50:00,Rural,Fine no high winds,No,26 - 35,6,Urban area,NA,1910,None,None,Other/Not known (2005-10),Not at or within 20 metres of junction,FIAT,MAREA 105 ELX JTD WEEKEND,Heavy oil,Male,None,No tow/articulation,Did not leave carriageway,0,Going ahead left-hand bend,2,Car,No,Front,2019
200501TE00296,A,3063,A,4,Fatal,None,14-08-2020,Tuesday,1,Auto traffic signal,Crossroads,13.00351642,Daylight,513090,176680,77.60649618,E01002621,1,2,0,5,Dry,Dual carriageway,None,40,13:05:00,Urban,Fine no high winds,No,26 - 35,6,Urban area,5,6000,None,None,Journey as part of work,Mid Junction - on roundabout or on main road,ERF,,Heavy oil,Male,None,No tow/articulation,Did not leave carriageway,0,Turning left,2,Van / Goods 3.5 tonnes mgw or under,No,Nearside,2020
200797CD70107,B,8050,Unclassified,0,Fatal,None,03-01-2020,Tuesday,1,Give way or uncontrolled,T or staggered junction,28.69736407,Daylight,253110,673630,77.26954953,,1,2,0,0,Dry,Single carriageway,None,40,15:25:00,Urban,Fine no high winds,Yes,26 - 35,6,Urban area,NA,600,None,Lamp post,Other/Not known (2005-10),Mid Junction - on roundabout or on main road,SUZUKI,,Petrol,Male,None,No tow/articulation,Offside,0,Overtaking moving vehicle - offside,1,Motorcycle over 500cc,No,Nearside,2021
200520G029501,A,4150,NA,0,Fatal,None,07-09-2021,Friday,1,Data missing or out of range,Not at junction or within 20 metres,22.0722935,Darkness - lights lit,391300,298090,82.17610047,E01010426,1,2,0,0,Dry,Dual carriageway,None,40,23:05:00,Urban,Fine no high winds,No,36 - 45,6,Urban area,7,885,Kerb,Lamp post,Other/Not known (2005-10),Not at or within 20 metres of junction,TRIUMPH,T309 TRIDENT,Petrol,Male,None,No tow/articulation,Nearside,0,Going ahead other,2,Motorcycle over 500cc,No,Front,2019
20094100B9332,A,1000,NA,0,Fatal,None,12-09-2020,Tuesday,1,Not at junction or within 20 metres,Not at junction or within 20 metres,8.870996125,Darkness - lights lit,524400,214730,76.68566158,E01023960,1,1,0,0,Wet or damp,Single carriageway,None,40,22:40:00,Rural,Fine no high winds,No,36 - 45,6,Urban area,7,2402,None,Other permanent object,Journey as part of work,Not at or within 20 metres of junction,FORD,TRANSIT 350 MWB TD,Heavy oil,Male,None,No tow/articulation,Offside,0,Going ahead other,1,Van / Goods 3.5 tonnes mgw or under,No,Front,2020
200804DF08032,A,6,Unclassified,0,Fatal,None,01-01-2021,Friday,1,Give way or uncontrolled,T or staggered junction,28.54653448,Darkness - lights lit,351540,437370,77.28345118,E01025281,4,2,0,0,Dry,Single carriageway,None,40,23:25:00,Rural,Fine no high winds,No,36 - 45,6,Urban area,2,2402,None,None,Journey as part of work,Entering main road,LONDON TAXIS INT,TXII BRONZE,Heavy oil,Male,Skidded and overturned,No tow/articulation,Did not leave carriageway,0,Turning right,2,Taxi/Private hire car,No,Offside,2020
200701RG68375,A,20,B,263,Fatal,None,04-04-2021,Thursday,1,Auto traffic signal,More than 4 arms (not roundabout),18.48931599,Darkness - lights lit,543530,172670,73.9059598,E01001600,6,2,0,0,Dry,Dual carriageway,None,40,23:41:00,Urban,Fine no high winds,No,36 - 45,6,Urban area,9,NA,None,None,Journey as part of work,Mid Junction - on roundabout or on main road,DAF TRUCKS,,Heavy oil,Male,None,No tow/articulation,Did not leave carriageway,0,Turning right,1,Bus or coach (17 or more pass seats),No,Front,2021
200997QB71301,B,7071,NA,0,Fatal,None,19-05-2021,Saturday,1,Data missing or out of range,Not at junction or within 20 metres,19.11017545,Darkness - lights lit,271360,657010,72.93654488,,2,1,0,0,Dry,Dual carriageway,None,40,17:45:00,Urban,Fine no high winds,Yes,36 - 45,6,Rural,NA,599,None,None,Other/Not known (2005-10),Not at or within 20 metres of junction,HONDA,CBR 600 F-3,Petrol,Male,Skidded and overturned,No tow/articulation,Offside - crossed central reservation,0,Overtaking static vehicle - offside,1,Motorcycle over 500cc,No,Front,2021
20053102A0020,Unclassified,0,Unclassified,0,Fatal,None,14-11-2021,Tuesday,1,Give way or uncontrolled,T or staggered junction,27.09752794,Darkness - lights lit,456610,362790,93.62164412,E01028240,2,2,0,0,Wet or damp,Single carriageway,None,40,19:53:00,Urban,Fine no high winds,No,36 - 45,6,Urban area,9,1840,None,None,Other/Not known (2005-10),Cleared junction or waiting/parked at junction exit,MAZDA,323F SE,Petrol,Male,None,No tow/articulation,Did not leave carriageway,0,Going ahead other,1,Car,No,Front,2019
2007400B00142,C,185,NA,0,Fatal,None,17-06-2020,Thursday,1,Data missing or out of range,Not at junction or within 20 metres,18.50603111,Darkness - no lighting,525190,245960,73.9015104,E01017425,1,2,0,0,Dry,Single carriageway,None,40,18:39:00,Rural,Fine + high winds,No,36 - 45,6,Rural,9,1997,None,None,Other/Not known (2005-10),Not at or within 20 metres of junction,PEUGEOT,206 GLX HDI,Heavy oil,Male,Skidded,No tow/articulation,Did not leave carriageway,0,Going ahead other,1,Car,No,Front,2021
200743N080087,Unclassified,953,NA,0,Fatal,None,14-05-2019,Tuesday,1,Data missing or out of range,Not at junction or within 20 metres,8.88640509,Daylight,504350,181440,76.61246852,E01017827,1,2,0,0,Dry,Single carriageway,None,40,17:25:00,Rural,Fine no high winds,No,36 - 45,6,Urban area,4,1794,None,None,Commuting to/from work,Not at or within 20 metres of junction,TOYOTA,CELICA VVTI,Petrol,Male,None,No tow/articulation,Did not leave carriageway,0,Going ahead other,2,Car,No,Front,2020
200620K080902,A,457,NA,0,Fatal,None,13-12-2021,Sunday,1,Data missing or out of range,Not at junction or within 20 metres,19.10397566,Daylight,403050,288640,72.90865235,E01010063,1,1,0,0,Dry,Dual carriageway,None,40,17:20:00,Urban,Fine no high winds,No,36 - 45,6,Urban area,1,600,None,Lamp post,Other/Not known (2005-10),Not at or within 20 metres of junction,SUZUKI,GSF 600 Y,Petrol,Male,Skidded,No tow/articulation,Offside on to centrl res + rebounded,0,Going ahead left-hand bend,1,Motorcycle over 500cc,No,Offside,2021
200645EP90218,A,240,Unclassified,0,Fatal,None,16-12-2020,Friday,1,Give way or uncontrolled,Other junction,27.10593524,Daylight,521330,164240,93.62129796,E01030395,1,3,0,0,Wet or damp,Dual carriageway,None,40,06:45:00,Urban,Raining no high winds,No,36 - 45,6,Urban area,7,5861,None,None,Journey as part of work,Cleared junction or waiting/parked at junction exit,IVECO-FORD,,Heavy oil,Male,Skidded,Articulated vehicle,Offside on to central reservation,0,Going ahead other,1,Goods 7.5 tonnes mgw and over,No,Offside,2019
200797GC70108,A,77,NA,0,Fatal,None,15-01-2020,Sunday,1,Data missing or out of range,Not at junction or within 20 metres,12.98970521,Daylight,252260,654930,77.54011763,,2,2,0,0,Wet or damp,Single carriageway,None,40,18:10:00,Rural,Raining no high winds,Yes,36 - 45,6,Urban area,NA,1997,None,None,Other/Not known (2005-10),Not at or within 20 metres of junction,CITROEN,XSARA LX HDI,Heavy oil,Male,None,No tow/articulation,Did not leave carriageway,0,Going ahead left-hand bend,2,Car,No,Front,2020
200932B200409,B,1180,NA,0,Fatal,None,09-10-2020,Saturday,1,Data missing or out of range,Not at junction or within 20 metres,28.55048605,Darkness - lights lit,526030,325330,77.16416449,E01026258,4,2,0,0,Dry,Single carriageway,None,40,21:00:00,Rural,Fine no high winds,No,46 - 55,6,Urban area,3,1997,None,None,Other/Not known (2005-10),Not at or within 20 metres of junction,PEUGEOT,307 SW SE HDI,Heavy oil,Male,None,No tow/articulation,Did not leave carriageway,0,Going ahead other,2,Car,No,Front,2020
20104100K0088,A,121,NA,0,Fatal,None,29-01-2021,Saturday,1,Not at junction or within 20 metres,Not at junction or within 20 metres,26.73774,Darkness - lights lit,536930,200400,94.17626886,E01023338,1,1,0,4,Wet or damp,Dual carriageway,None,40,00:50:00,Urban,Fine no high winds,No,46 - 55,6,Urban area,4,1896,None,None,Journey as part of work,Not at or within 20 metres of junction,SKODA,OCTAVIA ELEGANCE TDI,Heavy oil,Male,None,No tow/articulation,Did not leave carriageway,0,Going ahead other,1,Taxi/Private hire car,No,Front,2019