Accident_Index,1st_Road_Class,1st_Road_Number,2nd_Road_Class,2nd_Road_Number,Accident_Severity,Carriageway_Hazards,Date,Day_of_Week,Did_Police_Officer_Attend_Scene_of_Accident,Junction_Control,Junction_Detail,Latitude,Light_Conditions,Location_Easting_OSGR,Location_Northing_OSGR,Longitude,LSOA_of_Accident_Location,Number_of_Casualties,Number_of_Vehicles,Pedestrian_Crossing-Human_Control,Pedestrian_Crossing-Physical_Facilities,Road_Surface_Conditions,Road_Type,Special_Conditions_at_Site,Speed_limit,Time,Urban_or_Rural_Area,Weather_Conditions,InScotland,Age_Band_of_Driver,Age_of_Vehicle,Driver_Home_Area_Type,Driver_IMD_Decile,Engine_Capacity_.CC.,Hit_Object_in_Carriageway,Hit_Object_off_Carriageway,Journey_Purpose_of_Driver,Junction_Location,make,model,Propulsion_Code,Sex_of_Driver,Skidding_and_Overturning,Towing_and_Articulation,Vehicle_Leaving_Carriageway,Vehicle_Location.Restricted_Lane,Vehicle_Manoeuvre,Vehicle_Reference,Vehicle_Type,Was_Vehicle_Left_Hand_Drive,X1st_Point_of_Impact,Year
200745GU98658,A,25,NA,0,Fatal,None,04-09-2019,Thursday,1,Data missing or out of range,Not at junction or within 20 metres,13.02056903,Daylight,504540,150370,77.60670806,E01030440,3,2,0,0,Wet or damp,Single carriageway,None,40,11:09:00,Rural,Fine no high winds,No,46 - 55,6,Rural,10,1590,None,None,Other/Not known (2005-10),Not at or within 20 metres of junction,HONDA,CIVIC S,Petrol,Male,None,No tow/articulation,Did not leave carriageway,0,Going ahead left-hand bend,2,Car,No,Front,2020
200597UC70507,A,77,NA,0,Fatal,None,26-08-2021,Monday,1,Data missing or out of range,Not at junction or within 20 metres,26.45349339,Daylight,247900,645880,80.27447732,,1,2,0,0,Dry,Single carriageway,None,40,16:30:00,Rural,Fine no high winds,Yes,46 - 55,6,Small town,NA,5861,None,None,Journey as part of work,Not at or within 20 metres of junction,IVECO-FORD,,Heavy oil,Male,None,No tow/articulation,Did not leave carriageway,0,Going ahead other,1,Goods over 3.5t. and under 7.5t,No,Front,2020
200930A000302,B,6002,NA,0,Fatal,None,21-04-2020,Sunday,1,Data missing or out of range,Not at junction or within 20 metres,28.6246004,Daylight,447500,334230,77.33463255,E01019653,2,2,0,0,Dry,Single carriageway,None,40,19:36:00,Urban,Fine no high winds,No,46 - 55,6,Small town,10,1590,None,None,Other/Not known (2005-10),Not at or within 20 metres of junction,HONDA,CIVIC SE EXECUTIVE AUTO,Petrol,Male,None,No tow/articulation,Did not leave carriageway,0,Going ahead right-hand bend,2,Car,No,Front,2020
200750F51G773,A,381,NA,0,Fatal,None,30-04-2019,Monday,1,Not at junction or within 20 metres,Not at junction or within 20 metres,18.49064711,Daylight,280030,59910,73.87373177,E01020184,3,2,0,0,Dry,Single carriageway,None,40,12:44:00,Rural,Fine no high winds,No,46 - 55,6,Small town,4,1796,None,None,Data missing or out of range,Not at or within 20 metres of junction,VAUXHALL,VECTRA SRI 130,Petrol,Male,None,No tow/articulation,Did not leave carriageway,0,Going ahead other,2,Car,No,Front,2021
200904CJ09014,C,153,Unclassified,0,Fatal,None,25-01-2021,Tuesday,1,Give way or uncontrolled,Roundabout,23.05850381,Daylight,350070,404850,72.58879383,E01025504,1,2,0,0,Dry,Roundabout,None,40,14:49:00,Urban,Fine no high winds,No,46 - 55,6,Urban area,3,1242,None,None,Other/Not known (2005-10),Mid Junction - on roundabout or on main road,FIAT,PUNTO ACTIVE 8V,Petrol,Female,None,No tow/articulation,Did not leave carriageway,0,Overtaking - nearside,1,Car,No,Offside,2019
201005CC03522,A,57,Unclassified,0,Fatal,None,29-06-2020,Saturday,1,Give way or uncontrolled,T or staggered junction,22.99508703,Daylight,343210,391890,72.58879895,E01006453,2,2,0,0,Wet or damp,Dual carriageway,None,40,11:34:00,Urban,Raining no high winds,No,46 - 55,6,Urban area,1,2402,None,None,Journey as part of work,Approaching junction or waiting/parked at junction approach,LONDON TAXIS INT,TXII BRONZE,Heavy oil,Male,None,No tow/articulation,Did not leave carriageway,0,Going ahead other,1,Taxi/Private hire car,No,Nearside,2019
201005CC03522,A,57,Unclassified,0,Fatal,None,29-05-2010,Saturday,1,Give way or uncontrolled,T or staggered junction,53.420727,Daylight,343210,391890,-2.856021,E01006453,2,2,0,0,Wet or damp,Dual carriageway,None,40,11:34:00,Urban,Raining no high winds,No,46 - 55,6,Urban area,1,2402,None,None,Journey as part of work,Approaching junction or waiting/parked at junction approach,LONDON TAXIS INT,TXII BRONZE,Heavy oil,Male,None,No tow/articulation,Did not leave carriageway,0,Going ahead other,1,Taxi/Private hire car,No,Nearside,2010
2006600DE3014,A,548,Unclassified,0,Fatal,None,14-11-2020,Saturday,1,Give way or uncontrolled,Other junction,26.74224541,Darkness - lights lit,296560,379220,94.20311846,W01000184,1,1,0,8,Dry,Single carriageway,None,40,22:10:00,Urban,Fine no high winds,No,56 - 65,6,Data missing or out of range,NA,NA,None,None,Journey as part of work,Approaching junction or waiting/parked at junction approach,DENNIS,,Heavy oil,Male,Skidded,No tow/articulation,Did not leave carriageway,0,Going ahead other,1,Bus or coach (17 or more pass seats),No,Front,2019
200537B021599,A,140,NA,0,Fatal,None,08-11-2019,Friday,1,Data missing or out of range,Not at junction or within 20 metres,28.46480007,Darkness - no lighting,611600,257960,77.03845559,E01030083,2,2,0,0,Dry,Single carriageway,None,40,05:45:00,Rural,Fine no high winds,No,56 - 65,6,Rural,6,11000,None,Telegraph or electricity pole,Journey as part of work,Not at or within 20 metres of junction,ERF,,Heavy oil,Male,None,Articulated vehicle,Offside,0,Going ahead other,2,Goods 7.5 tonnes mgw and over,No,Front,2019
20073104D3178,B,684,NA,0,Fatal,None,28-09-2019,Thursday,1,Data missing or out of range,Not at junction or within 20 metres,15.18517258,Daylight,460270,344720,74.01270737,E01028179,3,3,0,0,Dry,Single carriageway,None,40,08:55:00,Urban,Fine no high winds,No,56 - 65,6,Urban area,8,647,None,None,Commuting to/from work,Not at or within 20 metres of junction,HONDA,NT650V DEAUVILLE,Petrol,Male,None,No tow/articulation,Did not leave carriageway,0,Overtaking static vehicle - offside,2,Motorcycle over 500cc,No,Front,2019
20064100C0466,A,411,NA,,Fatal,None,23-03-2020,Friday,1,Give way or uncontrolled,Private drive or entrance,12.97734598,Daylight,508700,199260,77.53895737,E01023887,1,5,0,0,Dry,Single carriageway,None,40,15:50:00,Urban,Fine no high winds,No,56 - 65,6,Urban area,8,1589,None,None,Other/Not known (2005-10),Approaching junction or waiting/parked at junction approach,ROVER,45 IL 16V,Petrol,Male,None,No tow/articulation,Did not leave carriageway,0,Waiting to go - held up,3,Car,No,Back,2020
201060L106674,A,548,NA,0,Fatal,None,20-05-2019,Tuesday,1,Data missing or out of range,Not at junction or within 20 metres,18.57381335,Daylight,316290,380180,73.7760585,W01000320,4,2,0,0,Dry,Single carriageway,None,40,11:15:00,Rural,Fine no high winds,No,56 - 65,6,Urban area,NA,1149,None,None,Other/Not known (2005-10),Not at or within 20 metres of junction,RENAULT,CLIO EXTREME 3 16V,Petrol,Female,None,No tow/articulation,Did not leave carriageway,0,Going ahead other,2,Car,No,Front,2021
201030A000099,B,5023,Unclassified,0,Fatal,None,23-03-2021,Tuesday,1,Give way or uncontrolled,T or staggered junction,18.64326944,Daylight,434020,342790,73.75281346,E01019425,3,2,0,0,Dry,Single carriageway,None,40,16:31:00,Rural,Fine no high winds,No,Over 75,6,Rural,9,1896,None,None,Other/Not known (2005-10),Entering main road,SEAT,ALHAMBRA SX TDI 130,Heavy oil,Male,None,No tow/articulation,Did not leave carriageway,0,Turning right,1,Car,No,Offside,2021
200506X024156,Motorway,60,NA,0,Fatal,Previous accident,25-07-2019,Sunday,1,Data missing or out of range,Not at junction or within 20 metres,28.64834649,Darkness - lights lit,391730,392430,77.30280933,E01005744,4,2,0,0,Wet or damp,Dual carriageway,None,50,04:44:00,Urban,Fine no high winds,No,16 - 20,6,Urban area,7,1905,Bollard or refuge,None,Other/Not known (2005-10),Not at or within 20 metres of junction,CITROEN,XANTIA 1.9TD LX AUTO,Heavy oil,Male,Skidded,No tow/articulation,Did not leave carriageway,0,Going ahead other,2,Car,No,Front,2021
200997LC70110,A,82,NA,0,Fatal,None,05-12-2021,Saturday,1,Data missing or out of range,Not at junction or within 20 metres,19.06776893,Darkness - lights lit,249220,672430,72.83065992,,3,1,0,0,Wet or damp,Dual carriageway,None,50,03:18:00,Urban,Fine no high winds,Yes,16 - 20,6,Urban area,NA,1199,None,Lamp post,Other/Not known (2005-10),Not at or within 20 metres of junction,VAUXHALL,CORSA LIFE 16V,Petrol,Female,Skidded,No tow/articulation,Nearside,0,Going ahead other,1,Car,No,Offside,2021
200504E004205,A,675,Unclassified,0,Fatal,None,21-10-2021,Thursday,1,Stop sign,T or staggered junction,22.75456432,Darkness - lights lit,369490,414090,75.8652351,E01012628,1,1,0,0,Wet or damp,Single carriageway,None,50,21:25:00,Rural,Raining + high winds,No,16 - 20,6,Urban area,9,1124,Kerb,Lamp post,Data missing or out of range,Mid Junction - on roundabout or on main road,CITROEN,SAXO EAST COAST,Petrol,Female,Skidded,No tow/articulation,Offside,0,Going ahead other,1,Car,Data missing or out of range,Nearside,2020
201014A208410,C,72,Unclassified,0,Fatal,None,23-01-2020,Monday,1,Give way or uncontrolled,T or staggered junction,18.61278167,Darkness - no lighting,446880,401440,73.7782621,E01007583,5,4,0,0,Wet or damp,Single carriageway,None,50,20:01:00,Rural,Fine no high winds,No,16 - 20,6,Urban area,6,1400,None,None,Other/Not known (2005-10),Approaching junction or waiting/parked at junction approach,FIAT,,Petrol,Male,None,No tow/articulation,Did not leave carriageway,0,Going ahead other,1,Car,No,Did not impact,2021
201014A208410,C,72,Unclassified,0,Fatal,None,27-12-2010,Monday,1,Give way or uncontrolled,T or staggered junction,53.507556,Darkness - no lighting,446880,401440,-1.294607,E01007583,5,4,0,0,Wet or damp,Single carriageway,None,50,20:01:00,Rural,Fine no high winds,No,16 - 20,6,Urban area,6,1400,None,None,Other/Not known (2005-10),Approaching junction or waiting/parked at junction approach,FIAT,,Petrol,Male,None,No tow/articulation,Did not leave carriageway,0,Going ahead other,1,Car,No,Did not impact,2010
200645TA82168,A,22,NA,0,Fatal,None,20-08-2021,Saturday,1,Data missing or out of range,Not at junction or within 20 metres,28.63718978,Daylight,536610,144020,77.30846907,E01030816,3,4,0,0,Dry,Single carriageway,None,50,14:55:00,Rural,Fine no high winds,No,21 - 25,6,Urban area,3,600,None,None,Other/Not known (2005-10),Not at or within 20 metres of junction,SUZUKI,GSXR600 Y,Petrol,Male,Skidded,No tow/articulation,Nearside,0,Overtaking static vehicle - offside,1,Motorcycle over 500cc,No,Front,2020
201030B000156,A,623,NA,0,Fatal,None,10-04-2020,Sunday,1,Data missing or out of range,Not at junction or within 20 metres,18.5835833,Daylight,416820,375970,73.77195887,E01019618,2,2,0,0,Dry,Single carriageway,None,50,14:50:00,Rural,Fine no high winds,No,21 - 25,6,Urban area,1,998,None,None,Other/Not known (2005-10),Not at or within 20 metres of junction,NISSAN,MICRA E,Petrol,Female,None,No tow/articulation,Offside,0,Going ahead left-hand bend,1,Car,No,Front,2021
200742I326308,A,1383,NA,0,Fatal,None,22-03-2019,Sunday,1,Not at junction or within 20 metres,Not at junction or within 20 metres,26.7433742,Daylight,552290,232690,94.18196823,E01022072,1,2,0,0,Wet or damp,Single carriageway,None,50,10:43:00,Rural,Raining no high winds,No,21 - 25,6,Urban area,9,1794,None,Other permanent object,Other/Not known (2005-10),Not at or within 20 metres of junction,TOYOTA,MR2 ROADSTER VVTI,Petrol,Female,Skidded,No tow/articulation,Nearside,0,Going ahead right-hand bend,1,Car,No,Front,2019
20103104D0524,A,60,B,6020,Fatal,None,29-12-2020,Friday,1,Auto traffic signal,Crossroads,15.2655621,Darkness - lights lit,455160,355310,73.99013053,E01028200,2,3,0,4,Dry,Single carriageway,None,50,19:50:00,Rural,Fine no high winds,No,26 - 35,6,Urban area,6,1999,None,None,Other/Not known (2005-10),Leaving main road,FORD,MONDEO ZETEC,Petrol,Male,None,No tow/articulation,Did not leave carriageway,0,Turning right,1,Car,No,Front,2019
200854EP06808,B,4039,NA,0,Fatal,None,07-10-2020,Friday,1,Not at junction or within 20 metres,Not at junction or within 20 metres,12.98513865,Daylight,385370,177240,77.64052888,E01031951,1,3,0,0,Wet or damp,Single carriageway,None,50,08:25:00,Rural,Fine no high winds,No,26 - 35,6,Urban area,NA,1165,None,Entered ditch,Commuting to/from work,Not at or within 20 metres of junction,KAWASAKI,ZR1200-A2P,Petrol,Male,Skidded,No tow/articulation,Offside,0,Overtaking moving vehicle - offside,1,Motorcycle over 125cc and up to 500cc,No,Offside,2020
200604CM06181,A,677,Unclassified,0,Fatal,Previous accident,17-01-2020,Saturday,1,Give way or uncontrolled,T or staggered junction,18.60146466,Darkness - lights lit,363850,430550,73.7805397,E01025456,5,2,0,0,Wet or damp,Single carriageway,None,50,06:40:00,Rural,Fine + high winds,No,36 - 45,6,Urban area,5,NA,None,None,Journey as part of work,Mid Junction - on roundabout or on main road,LEYLAND DAF,FT 55.210,Heavy oil,Male,None,Other tow,Did not leave carriageway,0,Parked,2,Goods 7.5 tonnes mgw and over,No,Did not impact,2021
201014A018610,A,638,NA,0,Fatal,None,01-11-2021,Tuesday,1,Not at junction or within 20 metres,Not at junction or within 20 metres,22.1032529,Darkness - lights lit,452980,408690,82.17955563,E01007465,1,1,0,0,Wet or damp,Dual carriageway,None,50,23:48:00,Urban,Fine no high winds,No,36 - 45,6,Urban area,3,3200,None,Tree,Other/Not known (2005-10),Not at or within 20 metres of junction,MITSUBISHI,SHOGUN WARRIOR DI-D AUTO,Heavy oil,Male,Skidded and overturned,No tow/articulation,Offside on to central reservation,0,Going ahead other,1,Car,No,Front,2019
201014A018610,A,638,NA,0,Fatal,None,02-02-2010,Tuesday,1,Not at junction or within 20 metres,Not at junction or within 20 metres,53.572138,Darkness - lights lit,452980,408690,-1.201414,E01007465,1,1,0,0,Wet or damp,Dual carriageway,None,50,23:48:00,Urban,Fine no high winds,No,36 - 45,6,Urban area,3,3200,None,Tree,Other/Not known (2005-10),Not at or within 20 metres of junction,MITSUBISHI,SHOGUN WARRIOR DI-D AUTO,Heavy oil,Male,Skidded and overturned,No tow/articulation,Offside on to central reservation,0,Going ahead other,1,Car,No,Front,2010
200734NC80187,A,6003,C,97,Fatal,None,18-03-2021,Thursday,1,Give way or uncontrolled,T or staggered junction,28.41333868,Daylight,486040,283500,77.10587169,E01027090,1,2,0,0,Dry,Single carriageway,None,50,12:05:00,Rural,Fine no high winds,No,36 - 45,6,Data missing or out of range,NA,7284,None,None,Journey as part of work,Mid Junction - on roundabout or on main road,VOLVO,,Heavy oil,Male,None,Articulated vehicle,Did not leave carriageway,0,Going ahead right-hand bend,2,Goods 7.5 tonnes mgw and over,No,Front,2019
200930B000321,A,52,NA,0,Fatal,None,08-12-2019,Friday,1,Data missing or out of range,Not at junction or within 20 metres,28.69460367,Daylight,424750,341870,77.20740272,E01019603,1,2,0,0,Dry,Single carriageway,None,50,17:39:00,Rural,Fine no high winds,No,36 - 45,6,Rural,7,3500,None,None,Other/Not known (2005-10),Not at or within 20 metres of junction,PORSCHE,911 TARGA,Petrol,Male,None,No tow/articulation,Did not leave carriageway,0,Going ahead right-hand bend,2,Car,No,Did not impact,2020
200901TB00059,A,406,NA,0,Fatal,None,09-07-2020,Wednesday,1,Data missing or out of range,Not at junction or within 20 metres,18.53224031,Daylight,528080,191370,73.75449235,E01000164,1,1,0,0,Dry,Dual carriageway,None,50,19:00:00,Urban,Fine no high winds,No,36 - 45,6,Urban area,1,1997,Bridge (side),Other permanent object,Other/Not known (2005-10),Not at or within 20 metres of junction,FIAT,ULYSSE ELEGANZA JTD 16V,Heavy oil,Male,None,No tow/articulation,Nearside,0,Going ahead other,1,Car,No,Front,2021
200943R099099,A,332,NA,0,Fatal,None,14-01-2020,Thursday,1,Data missing or out of range,Not at junction or within 20 metres,18.63528005,Daylight,495390,173430,73.84427019,E01016588,1,3,0,0,Dry,Single carriageway,None,50,18:06:00,Rural,Fine no high winds,No,36 - 45,6,Urban area,10,1998,None,None,Other/Not known (2005-10),Not at or within 20 metres of junction,HONDA,CR-V I-VTEC SE,Petrol,Female,None,No tow/articulation,Did not leave carriageway,0,Going ahead other,1,Car,No,Front,2021
200750D21O469,B,3181,NA,0,Fatal,None,19-05-2021,Wednesday,1,Not at junction or within 20 metres,Not at junction or within 20 metres,18.57840345,Daylight,298460,99160,73.78444644,E01019891,4,3,0,0,Wet or damp,Dual carriageway,None,50,15:08:00,Rural,Raining no high winds,No,36 - 45,6,Urban area,9,904,None,None,Data missing or out of range,Not at or within 20 metres of junction,DUCATI,M900 DARK,Petrol,Male,Skidded,No tow/articulation,Did not leave carriageway,0,Going ahead other,3,Motorcycle over 500cc,No,Front,2021
201050KH2B007,A,30,NA,0,Fatal,None,08-01-2019,Wednesday,1,Data missing or out of range,Not at junction or within 20 metres,22.09867679,Daylight,319400,104310,82.16830755,E01019938,1,3,0,0,Wet or damp,Single carriageway,None,50,09:26:00,Rural,Raining no high winds,No,36 - 45,6,Rural,6,1598,None,None,Other/Not known (2005-10),Not at or within 20 metres of junction,VAUXHALL,ASTRA ACTIVE,Petrol,Female,Skidded,No tow/articulation,Offside,0,Going ahead right-hand bend,3,Car,No,Offside,2019
200804AL08021,A,585,NA,0,Fatal,None,06-04-2021,Friday,1,Data missing or out of range,Not at junction or within 20 metres,26.7473512,Darkness - lights lit,337790,439470,94.2207892,E01025026,3,1,0,0,Wet or damp,Single carriageway,None,50,22:25:00,Rural,Fine + high winds,No,46 - 55,6,Rural,9,1796,None,Tree,Other/Not known (2005-10),Not at or within 20 metres of junction,TOYOTA,CELICA T SPORT VVTLI,Petrol,Male,Skidded and overturned,No tow/articulation,Nearside,0,Going ahead left-hand bend,1,Car,No,Front,2019
200843W026028,A,4,NA,0,Fatal,None,27-08-2019,Tuesday,1,Data missing or out of range,Not at junction or within 20 metres,28.69128103,Darkness - lights lit,481970,179050,77.08014155,E01016677,1,2,0,0,Dry,Single carriageway,None,50,18:42:00,Rural,Fine no high winds,No,46 - 55,6,Rural,9,3700,None,None,Other/Not known (2005-10),Not at or within 20 metres of junction,JEEP,CHEROKEE 3.7 LIMITED AUTO,Petrol,Male,None,No tow/articulation,Did not leave carriageway,0,Going ahead other,1,Car,No,Front,2020
200914B113609,A,637,NA,0,Fatal,Vehicle load on road,28-07-2019,Thursday,1,Not at junction or within 20 metres,Not at junction or within 20 metres,27.10316727,Daylight,429830,411220,93.60853437,E01007359,1,1,0,0,Dry,Single carriageway,None,50,15:47:00,Rural,Fine no high winds,No,46 - 55,6,Urban area,5,1600,None,Telegraph or electricity pole,Other/Not known (2005-10),Not at or within 20 metres of junction,YAMAHA,XV 1600,Petrol,Male,None,No tow/articulation,Nearside,0,Going ahead right-hand bend,1,Motorcycle over 500cc,No,Front,2019
200701YE65800,A,406,NA,0,Fatal,None,07-07-2021,Tuesday,1,Data missing or out of range,Not at junction or within 20 metres,28.71066632,Daylight,533070,192410,77.36197942,E01001458,1,3,0,7,Wet or damp,Dual carriageway,None,50,18:30:00,Urban,Raining no high winds,No,46 - 55,6,Urban area,3,5861,None,None,Journey as part of work,Not at or within 20 metres of junction,IVECO-FORD,,Heavy oil,Male,None,No tow/articulation,Did not leave carriageway,0,Slowing or stopping,3,Goods over 3.5t. and under 7.5t,No,Offside,2020
200805BB28033,Unclassified,0,NA,0,Fatal,None,31-01-2019,Thursday,1,Data missing or out of range,Not at junction or within 20 metres,23.04301765,Daylight,330160,411870,72.51694762,E01006922,5,2,0,0,Dry,Single carriageway,None,50,15:46:00,Rural,Fine no high winds,No,Over 75,6,Urban area,8,1794,None,Near/Offside crash barrier,Other/Not known (2005-10),Not at or within 20 metres of junction,TOYOTA,AVENSIS GLS VVT-I AUTO,Petrol,Male,Overturned,No tow/articulation,Did not leave carriageway,0,Going ahead left-hand bend,1,Car,No,Offside,2019
201050KH2A002,A,303,B,3170,Fatal,None,25-10-2021,Monday,1,Give way or uncontrolled,More than 4 arms (not roundabout),25.77520606,Daylight,323630,109820,87.4785159,E01019967,4,3,0,0,Dry,Single carriageway,None,50,15:00:00,Rural,Fine no high winds,No,Over 75,6,Urban area,8,1995,None,None,Other/Not known (2005-10),Mid Junction - on roundabout or on main road,VAUXHALL,VECTRA CLUB DTI 16V,Heavy oil,Female,None,No tow/articulation,Did not leave carriageway,0,Going ahead other,3,Car,No,Front,2019
20063104D1966,A,614,NA,0,Fatal,None,29-10-2020,Thursday,1,Data missing or out of range,Not at junction or within 20 metres,18.59982991,Darkness - lights lit,458400,348050,73.8501589,E01028205,2,2,0,0,Wet or damp,Single carriageway,None,60,02:00:00,Rural,Raining no high winds,No,16 - 20,6,Urban area,2,1850,None,None,Other/Not known (2005-10),Not at or within 20 metres of junction,HONDA,ACCORD VTEC S AUTO,Petrol,Male,None,No tow/articulation,Did not leave carriageway,0,Going ahead other,2,Car,No,Did not impact,2021
200650D35Q624,A,375,NA,0,Fatal,None,24-03-2020,Saturday,1,Not at junction or within 20 metres,Not at junction or within 20 metres,28.68287204,Darkness - no lighting,315350,99000,77.34651297,E01019931,5,3,0,0,Wet or damp,Single carriageway,None,60,22:04:00,Rural,Fine + high winds,No,16 - 20,6,Small town,5,1124,None,None,Data missing or out of range,Data missing or out of range,CITROEN,SAXO FORTE,Petrol,Male,None,No tow/articulation,Did not leave carriageway,0,Going ahead left-hand bend,1,Car,Data missing or out of range,Front,2021
201034TD80190,C,51,NA,0,Fatal,None,05-03-2021,Tuesday,1,Data missing or out of range,Not at junction or within 20 metres,27.10133521,Darkness - no lighting,461790,270670,93.62962672,E01027016,2,2,0,0,Dry,Single carriageway,None,60,23:00:00,Rural,Fine no high winds,No,16 - 20,6,Data missing or out of range,NA,1598,None,Other permanent object,Other/Not known (2005-10),Not at or within 20 metres of junction,TOYOTA,COROLLA TSPIRIT VVTI,Petrol,Male,None,No tow/articulation,Nearside,0,Going ahead right-hand bend,1,Car,No,Front,2019
201060L026857,A,548,Unclassified,0,Fatal,None,07-08-2019,Monday,1,Give way or uncontrolled,T or staggered junction,25.77840867,Darkness - no lighting,336220,368000,87.4574581,W01000332,4,1,0,0,Dry,Single carriageway,None,60,21:20:00,Rural,Fine no high winds,No,16 - 20,6,Urban area,NA,1149,None,Other permanent object,Other/Not known (2005-10),Approaching junction or waiting/parked at junction approach,RENAULT,CLIO EXTREME 3 16V,Petrol,Male,Skidded and overturned,No tow/articulation,Nearside,0,Going ahead other,1,Car,No,Nearside,2019
200997UC70103,A,76,NA,0,Fatal,None,21-08-2019,Friday,1,Data missing or out of range,Not at junction or within 20 metres,28.67218383,Darkness - no lighting,255340,620510,77.26404988,,1,2,0,0,Wet or damp,Single carriageway,None,60,19:00:00,Rural,Fine no high winds,Yes,16 - 20,6,Small town,NA,1796,None,Tree,Other/Not known (2005-10),Not at or within 20 metres of junction,MG,ZR+,Petrol,Male,Skidded and overturned,No tow/articulation,Offside,0,Overtaking moving vehicle - offside,1,Car,No,Nearside,2021
200832B003708,B,6403,NA,0,Fatal,None,01-11-2020,Wednesday,1,Data missing or out of range,Not at junction or within 20 metres,18.6168183,Darkness - no lighting,497390,341080,73.96000478,E01026221,2,4,0,0,Dry,Single carriageway,None,60,17:01:00,Rural,Fine no high winds,No,16 - 20,6,Rural,4,1686,None,None,Other/Not known (2005-10),Not at or within 20 metres of junction,VAUXHALL,COMBO 1700 DI,Heavy oil,Male,None,Other tow,Did not leave carriageway,0,Going ahead other,3,Van / Goods 3.5 tonnes mgw or under,No,Did not impact,2021
200630D000618,B,5008,NA,0,Fatal,None,27-01-2021,Friday,1,Data missing or out of range,Not at junction or within 20 metres,19.18481021,Darkness - no lighting,427290,325490,72.83105633,E01019867,1,1,0,0,Dry,Single carriageway,None,60,02:30:00,Rural,Fine no high winds,No,16 - 20,6,Small town,6,1391,None,Other permanent object,Other/Not known (2005-10),Not at or within 20 metres of junction,SEAT,IBIZA.COOL/S,Petrol,Male,Skidded and overturned,No tow/articulation,Nearside and rebounded,0,Going ahead other,1,Car,No,Nearside,2021
200834NC80128,A,6003,NA,0,Fatal,None,17-07-2021,Saturday,1,Data missing or out of range,Not at junction or within 20 metres,22.07622194,Darkness - no lighting,486810,290370,82.14149789,E01026981,1,1,0,0,Dry,Single carriageway,None,60,22:54:00,Rural,Fine no high winds,No,16 - 20,6,Rural,8,1242,None,None,Other/Not known (2005-10),Not at or within 20 metres of junction,FIAT,PUNTO ACTIVE,Petrol,Female,None,No tow/articulation,Did not leave carriageway,0,Going ahead other,1,Car,No,Front,2019
200722EA85443,B,4362,NA,0,Fatal,None,17-06-2021,Thursday,1,Data missing or out of range,Not at junction or within 20 metres,28.56686801,Darkness - no lighting,347380,265650,77.24235686,E01013999,1,2,0,0,Wet or damp,Single carriageway,None,60,17:50:00,Rural,Fine no high winds,No,16 - 20,6,Rural,6,1124,None,None,Other/Not known (2005-10),Not at or within 20 metres of junction,PEUGEOT,106 XN ZEST 2,Petrol,Female,Skidded,No tow/articulation,Did not leave carriageway,0,Going ahead left-hand bend,1,Car,No,Offside,2021
200650D21L885,A,379,Unclassified,0,Fatal,None,12-10-2021,Saturday,1,Give way or uncontrolled,Crossroads,19.0776722,Darkness - no lighting,291880,87790,72.84907993,E01020243,1,1,0,0,Wet or damp,Dual carriageway,None,60,04:44:00,Rural,Raining + high winds,No,16 - 20,6,Small town,5,124,None,Road sign or traffic signal,Data missing or out of range,Approaching junction or waiting/parked at junction approach,KAWASAKI,KMX 125-B10,Petrol,Male,Skidded,No tow/articulation,Nearside,0,Going ahead left-hand bend,1,Motorcycle 125cc and under,Data missing or out of range,Front,2021
200997UA70403,B,780,NA,0,Fatal,None,26-04-2021,Saturday,1,Data missing or out of range,Not at junction or within 20 metres,23.03460696,Daylight,230120,651980,72.543777,,5,3,0,0,Dry,Single carriageway,None,60,12:10:00,Rural,Fine + high winds,Yes,16 - 20,6,Urban area,NA,1396,None,None,Other/Not known (2005-10),Not at or within 20 metres of junction,MG,ZR,Petrol,Male,None,No tow/articulation,Did not leave carriageway,0,Going ahead left-hand bend,1,Car,No,Front,2019
201032B148010,A,6121,NA,0,Fatal,None,03-11-2019,Saturday,1,Data missing or out of range,Not at junction or within 20 metres,27.08904834,Daylight,507310,317810,93.62823714,E01026330,4,3,0,0,Dry,Single carriageway,None,60,14:14:00,Rural,Fine no high winds,No,16 - 20,6,Rural,9,1388,None,None,Other/Not known (2005-10),Not at or within 20 metres of junction,FORD,FIESTA FLAME,Petrol,Male,Skidded,No tow/articulation,Did not leave carriageway,0,Going ahead left-hand bend,1,Car,No,Front,2019
201014A099110,A,614,Unclassified,0,Fatal,None,26-06-2019,Tuesday,1,Give way or uncontrolled,T or staggered junction,22.69369409,Daylight,467180,416520,75.91445904,E01007632,1,2,0,0,Dry,Single carriageway,None,60,15:10:00,Rural,Fine no high winds,No,16 - 20,6,Small town,8,125,None,None,Other/Not known (2005-10),Approaching junction or waiting/parked at junction approach,HONDA,CBR 125 R-4,Petrol,Male,None,No tow/articulation,Did not leave carriageway,0,Overtaking moving vehicle - offside,1,Motorcycle 125cc and under,No,Front,2020
200932C270809,A,157,NA,0,Fatal,None,13-02-2021,Monday,1,Data missing or out of range,Not at junction or within 20 metres,26.47113051,Daylight,535580,384840,80.27296844,E01026070,4,3,0,0,Dry,Single carriageway,None,60,16:35:00,Rural,Fine no high winds,No,16 - 20,6,Rural,6,645,None,None,Other/Not known (2005-10),Not at or within 20 metres of junction,SUZUKI,SV 650 K3,Petrol,Male,Overturned,No tow/articulation,Nearside,0,Overtaking moving vehicle - offside,1,Motorcycle over 500cc,No,Front,2020