Accident_Index,1st_Road_Class,1st_Road_Number,2nd_Road_Class,2nd_Road_Number,Accident_Severity,Carriageway_Hazards,Date,Day_of_Week,Did_Police_Officer_Attend_Scene_of_Accident,Junction_Control,Junction_Detail,Latitude,Light_Conditions,Location_Easting_OSGR,Location_Northing_OSGR,Longitude,LSOA_of_Accident_Location,Number_of_Casualties,Number_of_Vehicles,Pedestrian_Crossing-Human_Control,Pedestrian_Crossing-Physical_Facilities,Road_Surface_Conditions,Road_Type,Special_Conditions_at_Site,Speed_limit,Time,Urban_or_Rural_Area,Weather_Conditions,InScotland,Age_Band_of_Driver,Age_of_Vehicle,Driver_Home_Area_Type,Driver_IMD_Decile,Engine_Capacity_.CC.,Hit_Object_in_Carriageway,Hit_Object_off_Carriageway,Journey_Purpose_of_Driver,Junction_Location,make,model,Propulsion_Code,Sex_of_Driver,Skidding_and_Overturning,Towing_and_Articulation,Vehicle_Leaving_Carriageway,Vehicle_Location.Restricted_Lane,Vehicle_Manoeuvre,Vehicle_Reference,Vehicle_Type,Was_Vehicle_Left_Hand_Drive,X1st_Point_of_Impact,Year
200550A23E192,B,3302,Unclassified,0,Fatal,None,20-10-2019,Monday,1,Give way or uncontrolled,T or staggered junction,28.66765436,Daylight,163830,29410,77.0963067,E01018905,1,2,0,0,Dry,Single carriageway,None,60,22:20:00,Rural,Fine no high winds,No,16 - 20,6,Urban area,3,125,None,None,Data missing or out of range,Mid Junction - on roundabout or on main road,APRILIA,,Petrol,Male,Skidded,No tow/articulation,Did not leave carriageway,0,Going ahead right-hand bend,2,Motorcycle 125cc and under,No,Front,2020
201014A099110,A,614,Unclassified,0,Fatal,None,29-06-2010,Tuesday,1,Give way or uncontrolled,T or staggered junction,53.640883,Daylight,467180,416520,-0.985324,E01007632,1,2,0,0,Dry,Single carriageway,None,60,15:10:00,Rural,Fine no high winds,No,16 - 20,6,Small town,8,125,None,None,Other/Not known (2005-10),Approaching junction or waiting/parked at junction approach,HONDA,CBR 125 R-4,Petrol,Male,None,No tow/articulation,Did not leave carriageway,0,Overtaking moving vehicle - offside,1,Motorcycle 125cc and under,No,Front,2010
200620M070802,A,46,NA,0,Fatal,None,18-06-2021,Friday,1,Data missing or out of range,Not at junction or within 20 metres,22.73503625,Darkness - lights lit,436500,275760,75.82021006,E01009541,1,2,0,4,Wet or damp,Dual carriageway,None,60,17:49:00,Urban,Raining no high winds,No,21 - 25,6,Urban area,6,1396,None,None,Other/Not known (2005-10),Not at or within 20 metres of junction,ROVER,25 IE 16V,Petrol,Male,None,No tow/articulation,Did not leave carriageway,0,Going ahead other,2,Car,No,Front,2020
2007557E04935,Unclassified,0,NA,0,Fatal,Any animal in carriageway (except ridden horse),10-10-2019,Thursday,1,Not at junction or within 20 metres,Not at junction or within 20 metres,28.59274236,Darkness - no lighting,400460,105950,77.2627072,E01020398,4,1,0,0,Dry,Single carriageway,None,60,21:12:00,Rural,Fine no high winds,No,21 - 25,6,Rural,6,1997,None,Tree,Other/Not known (2005-10),Not at or within 20 metres of junction,PEUGEOT,306 D TURBO HDI,Heavy oil,Male,Skidded and overturned,No tow/articulation,Offside,0,Going ahead other,1,Car,No,Nearside,2020
20074100B0902,C,154,NA,0,Fatal,None,19-04-2020,Monday,1,Not at junction or within 20 metres,Not at junction or within 20 metres,26.74345112,Darkness - no lighting,529630,204110,94.17039081,E01023949,1,1,0,0,Frost or ice,Single carriageway,None,60,03:44:00,Rural,Other,No,21 - 25,6,Data missing or out of range,NA,1834,None,Tree,Journey as part of work,Not at or within 20 metres of junction,MITSUBISHI,CARISMA GDI MIRAGE,Petrol,Male,Skidded,No tow/articulation,Offside,0,Going ahead right-hand bend,1,Car,No,Nearside,2019
200932D077909,A,153,NA,0,Fatal,None,07-09-2019,Monday,1,Data missing or out of range,Not at junction or within 20 metres,28.69963768,Daylight,513380,351050,77.30944068,E01026207,3,3,0,0,Dry,Single carriageway,None,60,13:59:00,Rural,Fine + high winds,No,21 - 25,6,Urban area,4,1149,None,None,Other/Not known (2005-10),Not at or within 20 metres of junction,RENAULT,CLIO DYNAM BILLABONG 16V,Petrol,Male,None,No tow/articulation,Did not leave carriageway,0,Overtaking moving vehicle - offside,1,Car,No,Front,2021
201054ED34710,C,20,NA,0,Fatal,None,19-04-2020,Sunday,1,Not at junction or within 20 metres,Not at junction or within 20 metres,27.10571748,Daylight,393510,161910,93.61599061,E01031876,1,1,0,0,Wet or damp,Single carriageway,None,60,13:55:00,Rural,Fine no high winds,No,21 - 25,6,Urban area,8,1199,None,Tree,Other/Not known (2005-10),Not at or within 20 metres of junction,VAUXHALL,CORSA DESIGN 16V,Petrol,Male,None,No tow/articulation,Nearside,0,Going ahead left-hand bend,1,Car,No,Offside,2019
200863AC50608,A,484,NA,0,Fatal,None,03-12-2020,Sunday,1,Data missing or out of range,Not at junction or within 20 metres,15.32506319,Daylight,261700,218740,74.05808931,W01000676,1,1,0,0,Wet or damp,Single carriageway,Mud,60,10:25:00,Rural,Fine no high winds,No,21 - 25,6,Urban area,NA,600,Kerb,Lamp post,Other/Not known (2005-10),Not at or within 20 metres of junction,SUZUKI,GSF600,Petrol,Male,Skidded,No tow/articulation,Offside,0,Going ahead other,1,Motorcycle over 500cc,No,Front,2019
200797NA70405,A,752,NA,0,Fatal,None,25-05-2019,Thursday,1,Data missing or out of range,Not at junction or within 20 metres,18.63536859,Daylight,270200,667240,73.93618598,,3,2,0,0,Dry,Single carriageway,None,60,14:35:00,Rural,Fine no high winds,Yes,21 - 25,6,Urban area,NA,1686,None,None,Journey as part of work,Not at or within 20 metres of junction,VAUXHALL,COMBO EPIC 775 1.7D,Heavy oil,Male,None,No tow/articulation,Did not leave carriageway,0,Going ahead right-hand bend,2,Van / Goods 3.5 tonnes mgw or under,No,Front,2021
200643P175036,A,4095,Unclassified,0,Fatal,None,24-03-2020,Sunday,1,Give way or uncontrolled,T or staggered junction,18.49461548,Daylight,430950,205310,73.8008926,E01028784,1,3,0,0,Dry,Single carriageway,None,60,13:15:00,Rural,Fine no high winds,No,21 - 25,6,Urban area,8,998,None,None,Other/Not known (2005-10),Approaching junction or waiting/parked at junction approach,SUZUKI,,Petrol,Male,None,No tow/articulation,Did not leave carriageway,0,Going ahead other,2,Motorcycle over 500cc,No,Front,2021
201034TD80060,A,508,NA,0,Fatal,None,03-03-2021,Tuesday,1,Data missing or out of range,Not at junction or within 20 metres,12.9715532,Daylight,474840,266680,77.67581552,E01026997,2,3,0,0,Frost or ice,Single carriageway,None,60,15:50:00,Rural,Fine no high winds,No,21 - 25,6,Data missing or out of range,NA,1364,None,None,Other/Not known (2005-10),Not at or within 20 metres of junction,VAUXHALL,ASTRA CLUB TWINPORT,Petrol,Female,Skidded,No tow/articulation,Did not leave carriageway,0,Going ahead other,1,Car,No,Back,2020
200804BC08156,A,585,NA,0,Fatal,None,20-04-2021,Tuesday,1,Data missing or out of range,Not at junction or within 20 metres,18.63477559,Darkness - lights lit,335020,440720,73.8980008,E01025595,2,2,0,0,Dry,Single carriageway,None,60,22:50:00,Rural,Fine no high winds,No,26 - 35,6,Urban area,6,1299,None,None,Commuting to/from work,Not at or within 20 metres of junction,FORD,KA STYLE,Petrol,Male,None,No tow/articulation,Did not leave carriageway,0,Going ahead other,1,Car,No,Front,2021
2010550D20942,A,35,NA,0,Fatal,None,10-06-2020,Saturday,1,Not at junction or within 20 metres,Not at junction or within 20 metres,28.60580754,Daylight,417030,93700,77.10333708,E01020363,1,1,0,0,Dry,Dual carriageway,None,70,18:17:00,Rural,Fine no high winds,No,16 - 20,6,Urban area,6,1896,None,None,Other/Not known (2005-10),Not at or within 20 metres of junction,SEAT,LEON CUPRA TDI,Heavy oil,Male,Skidded and overturned,No tow/articulation,Nearside,0,Going ahead other,1,Car,No,Front,2021
201042I011701,A,13,NA,0,Fatal,None,14-05-2021,Friday,1,Not at junction or within 20 metres,Not at junction or within 20 metres,15.24982829,Daylight,572190,186870,74.07613405,E01021300,2,2,0,0,Wet or damp,Dual carriageway,None,70,15:13:00,Urban,Raining no high winds,No,16 - 20,6,Small town,7,1124,None,None,Commuting to/from work,Not at or within 20 metres of junction,CITROEN,C2 SX,Petrol,Male,Skidded,No tow/articulation,Did not leave carriageway,0,Going ahead other,1,Car,No,Offside,2019
201022D000705,Motorway,5,NA,0,Fatal,None,28-04-2020,Saturday,1,Data missing or out of range,Not at junction or within 20 metres,28.54714311,Darkness - lights lit,388390,253950,77.10741372,E01032417,2,1,0,0,Dry,Dual carriageway,None,70,18:23:00,Rural,Fine no high winds,No,21 - 25,6,Urban area,8,1868,None,Central crash barrier,Commuting to/from work,Not at or within 20 metres of junction,CITROEN,BERLINGO ENTERPRISE,Heavy oil,Male,Overturned,No tow/articulation,Offside on to centrl res + rebounded,0,Going ahead other,1,Van / Goods 3.5 tonnes mgw or under,No,Front,2021
200542F053112,A,13,A,126,Fatal,None,20-02-2020,Sunday,1,Give way or uncontrolled,Slip road,19.14119994,Darkness - lights lit,558690,179860,72.83173134,E01016012,2,2,0,0,Wet or damp,Slip road,None,70,05:55:00,Rural,Fine no high winds,No,21 - 25,6,Urban area,1,1796,None,None,Commuting to/from work,Leaving main road,VAUXHALL,VECTRA ARCTIC 16V,Petrol,Male,Skidded,No tow/articulation,Did not leave carriageway,0,Going ahead other,1,Car,No,Front,2021
200506X919457,Motorway,62,NA,0,Fatal,Other object on road,14-02-2020,Tuesday,1,Data missing or out of range,Not at junction or within 20 metres,27.09842539,Darkness - lights lit,373790,398110,93.6111336,E01005732,3,9,0,0,Wet or damp,Dual carriageway,None,70,06:26:00,Rural,Fine no high winds,No,21 - 25,6,Small town,6,5861,None,None,Data missing or out of range,Not at or within 20 metres of junction,IVECO-FORD,,Heavy oil,Male,None,No tow/articulation,Did not leave carriageway,0,Slowing or stopping,9,Goods over 3.5t. and under 7.5t,Data missing or out of range,Front,2019
200911NE16289,A,19,NA,0,Fatal,None,23-12-2019,Friday,1,Data missing or out of range,Not at junction or within 20 metres,28.579309,Darkness - lights lit,441440,540790,77.09410933,E01020761,6,16,0,0,Wet or damp,Dual carriageway,None,70,22:10:00,Urban,Fog or mist,No,21 - 25,6,Urban area,2,1598,None,Lamp post,Other/Not known (2005-10),Not at or within 20 metres of junction,VAUXHALL,ASTRA CLUB AUTO,Petrol,Male,None,No tow/articulation,Nearside,0,Going ahead other,3,Car,No,Front,2021
201011ND30540,A,167,NA,0,Fatal,None,15-01-2019,Sunday,1,Data missing or out of range,Not at junction or within 20 metres,27.09633947,Daylight,426560,538880,93.62682259,E01020707,1,2,0,0,Frost or ice,Dual carriageway,None,70,08:45:00,Rural,Fine no high winds,No,21 - 25,6,Urban area,2,1598,None,Tree,Other/Not known (2005-10),Not at or within 20 metres of junction,VAUXHALL,ASTRA SPORT TWINPORT,Petrol,Male,Skidded and overturned,No tow/articulation,Nearside,0,Overtaking moving vehicle - offside,1,Car,No,Front,2019
200822HA00001,Motorway,5,NA,0,Fatal,None,15-11-2021,Friday,1,Data missing or out of range,Not at junction or within 20 metres,26.74115659,Daylight,391800,235900,94.2161538,E01032347,8,14,0,0,Dry,Dual carriageway,None,70,19:20:00,Rural,Fine no high winds,No,21 - 25,6,Rural,6,1397,None,None,Other/Not known (2005-10),Not at or within 20 metres of junction,SKODA,FABIA CLASSIC 8V,Petrol,Male,None,No tow/articulation,Did not leave carriageway,0,Going ahead other,12,Car,No,Front,2019
200543N092085,C,146,NA,0,Fatal,None,04-05-2021,Monday,1,Data missing or out of range,Not at junction or within 20 metres,28.45438963,Daylight,484950,237970,77.00319895,E01016730,1,3,0,0,Dry,Dual carriageway,None,70,10:50:00,Urban,Fine no high winds,No,21 - 25,6,Urban area,4,6370,None,None,Journey as part of work,Not at or within 20 metres of junction,MERCEDES,,Heavy oil,Male,None,No tow/articulation,Did not leave carriageway,0,Parked,3,Goods 7.5 tonnes mgw and over,No,Did not impact,2019
201011ND30540,A,167,NA,0,Fatal,None,26-12-2010,Sunday,1,Data missing or out of range,Not at junction or within 20 metres,54.744202,Daylight,426560,538880,-1.588938,E01020707,1,2,0,0,Frost or ice,Dual carriageway,None,70,08:45:00,Rural,Fine no high winds,No,21 - 25,6,Urban area,2,1598,None,Tree,Other/Not known (2005-10),Not at or within 20 metres of junction,VAUXHALL,ASTRA SPORT TWINPORT,Petrol,Male,Skidded and overturned,No tow/articulation,Nearside,0,Overtaking moving vehicle - offside,1,Car,No,Front,2010
2005445DL0007,A,31,NA,0,Fatal,None,24-03-2019,Monday,1,Data missing or out of range,Not at junction or within 20 metres,28.64296792,Daylight,426030,111890,77.29081783,E01022993,1,1,0,0,Wet or damp,Dual carriageway,None,70,15:07:00,Rural,Raining no high winds,No,21 - 25,6,Small town,7,1598,None,None,Other/Not known (2005-10),Not at or within 20 metres of junction,RENAULT,MEGANE SPORT ALIZE,Petrol,Male,Skidded and overturned,No tow/articulation,Nearside,0,Going ahead right-hand bend,1,Car,No,Front,2020
200606X055230,Motorway,67,NA,0,Fatal,None,25-04-2020,Sunday,1,Data missing or out of range,Not at junction or within 20 metres,14.67661972,Darkness - lights lit,392130,395560,78.48061228,E01005974,1,1,0,0,Wet or damp,Dual carriageway,None,70,00:22:00,Urban,Raining no high winds,No,26 - 35,6,Urban area,1,1998,None,Near/Offside crash barrier,Other/Not known (2005-10),Not at or within 20 metres of junction,VAUXHALL,VECTRA SRI 140,Petrol,Female,Skidded,No tow/articulation,Offside on to centrl res + rebounded,0,Going ahead left-hand bend,1,Car,No,Front,2019
200743W073057,A,3290,NA,0,Fatal,None,27-01-2020,Saturday,1,Data missing or out of range,Not at junction or within 20 metres,22.74159606,Darkness - no lighting,474860,172230,75.83984178,E01016618,2,1,0,0,Wet or damp,Dual carriageway,Roadworks,70,03:27:00,Urban,Fine no high winds,No,26 - 35,6,Urban area,10,1761,None,None,Other/Not known (2005-10),Not at or within 20 metres of junction,PEUGEOT,306 CABRIOLET S 16V,Petrol,Female,None,No tow/articulation,Did not leave carriageway,0,Going ahead other,1,Car,No,Front,2020
200943P133089,Motorway,40,NA,0,Fatal,None,31-10-2020,Sunday,1,Data missing or out of range,Not at junction or within 20 metres,28.66101512,Darkness - no lighting,465690,203080,77.15527975,E01028646,1,4,0,0,Dry,Dual carriageway,None,70,00:08:00,Rural,Fine no high winds,No,26 - 35,6,Urban area,6,1149,None,None,Other/Not known (2005-10),Not at or within 20 metres of junction,RENAULT,CLIO EXTREME 2 16V,Petrol,Female,None,No tow/articulation,Did not leave carriageway,0,Going ahead other,2,Car,No,Front,2020
201043P346110,A,34,NA,0,Fatal,None,09-11-2021,Tuesday,1,Data missing or out of range,Not at junction or within 20 metres,18.48927233,Darkness - no lighting,448580,210000,73.76394584,E01028511,2,2,0,0,Wet or damp,Dual carriageway,None,70,19:00:00,Rural,Fine no high winds,No,26 - 35,6,Urban area,9,1388,None,None,Other/Not known (2005-10),Not at or within 20 metres of junction,FORD,FIESTA FLAME,Petrol,Female,Skidded,No tow/articulation,Did not leave carriageway,0,Going ahead other,1,Car,No,Front,2021
200504TA05083,Motorway,58,NA,0,Fatal,None,15-06-2019,Wednesday,1,Data missing or out of range,Not at junction or within 20 metres,26.45251036,Daylight,349760,404460,74.63620481,E01025535,2,2,0,0,Dry,Dual carriageway,None,70,14:00:00,Rural,Fine no high winds,No,26 - 35,6,Urban area,5,10300,None,None,Journey as part of work,Not at or within 20 metres of junction,FODEN,,Heavy oil,Male,None,No tow/articulation,Did not leave carriageway,0,Going ahead other,2,Goods 7.5 tonnes mgw and over,No,Did not impact,2020
200804CM08104,A,59,Unclassified,0,Fatal,None,11-12-2019,Saturday,1,Give way or uncontrolled,Crossroads,28.71021664,Daylight,359020,430130,77.24887337,E01025456,2,2,0,0,Wet or damp,Dual carriageway,None,70,15:25:00,Rural,Fine no high winds,No,26 - 35,6,Urban area,3,1998,None,None,Other/Not known (2005-10),Mid Junction - on roundabout or on main road,FORD,MONDEO ZETEC TDCI,Heavy oil,Male,None,No tow/articulation,Did not leave carriageway,0,Going ahead other,2,Car,No,Front,2021
200797NE71012,Motorway,8,NA,0,Fatal,None,20-08-2021,Saturday,1,Data missing or out of range,Not at junction or within 20 metres,18.57585996,Daylight,288860,664290,73.95843411,,5,3,0,0,Wet or damp,Dual carriageway,None,70,12:00:00,Rural,Fine no high winds,Yes,26 - 35,6,Urban area,5,2946,None,None,Other/Not known (2005-10),Not at or within 20 metres of junction,RENAULT,GRAND ESPACE INITIALE V6 AU,Petrol,Male,None,No tow/articulation,Did not leave carriageway,0,Going ahead other,2,Car,No,Front,2021
200734TM80277,Motorway,1,NA,0,Fatal,None,25-12-2020,Thursday,1,Data missing or out of range,Not at junction or within 20 metres,27.10041055,Daylight,456590,276820,93.63439684,E01027030,1,3,0,0,Dry,Dual carriageway,None,70,06:04:00,Rural,Fine no high winds,No,26 - 35,6,Urban area,1,8970,Bridge (side),None,Journey as part of work,Not at or within 20 metres of junction,SCANIA,,Heavy oil,Male,None,No tow/articulation,Did not leave carriageway,0,Going ahead other,1,Goods 7.5 tonnes mgw and over,No,Offside,2019
200943W197049,Motorway,4,NA,0,Fatal,None,23-04-2019,Monday,1,Data missing or out of range,Not at junction or within 20 metres,27.09024762,Daylight,430830,176010,93.61787025,E01016304,1,1,0,0,Wet or damp,Roundabout,None,70,06:38:00,Rural,Raining no high winds,No,26 - 35,6,Urban area,5,2099,None,Tree,Journey as part of work,Not at or within 20 metres of junction,JAGUAR,X-TYPE V6,Petrol,Male,Overturned,No tow/articulation,Nearside and rebounded,0,Going ahead other,1,Car,No,Front,2019
200637B025851,A,14,NA,0,Fatal,None,25-09-2019,Saturday,1,Data missing or out of range,Not at junction or within 20 metres,28.65115466,Daylight,563720,266050,77.18578046,E01029956,2,3,0,0,Wet or damp,Dual carriageway,None,70,06:55:00,Rural,Raining no high winds,No,26 - 35,6,Urban area,1,11000,None,None,Journey as part of work,Not at or within 20 metres of junction,FODEN,,Heavy oil,Male,Skidded and overturned,Articulated vehicle,Did not leave carriageway,0,Slowing or stopping,3,Goods 7.5 tonnes mgw and over,No,Front,2020
201045WA51505,A,3,NA,0,Fatal,None,08-10-2020,Saturday,2,Data missing or out of range,Not at junction or within 20 metres,28.64376103,Daylight,494200,143000,77.22132574,E01030937,1,3,0,0,Wet or damp,Dual carriageway,None,70,13:00:00,Rural,Raining no high winds,No,26 - 35,6,Urban area,4,1124,None,None,Other/Not known (2005-10),Not at or within 20 metres of junction,PEUGEOT,206 FEVER,Petrol,Male,None,No tow/articulation,Did not leave carriageway,0,Slowing or stopping,3,Car,No,Front,2021
200743N244117,Motorway,40,NA,0,Fatal,None,25-09-2020,Thursday,1,Data missing or out of range,Not at junction or within 20 metres,26.45484084,Darkness - lights lit,499460,186540,74.63124042,E01017823,5,7,0,0,Wet or damp,Dual carriageway,None,70,06:50:00,Rural,Fine no high winds,No,36 - 45,6,Urban area,5,2000,None,None,Journey as part of work,Not at or within 20 metres of junction,FORD,,Heavy oil,Male,None,No tow/articulation,Did not leave carriageway,0,Waiting to go - held up,5,Van / Goods 3.5 tonnes mgw or under,No,Back,2020
200943P171069,A,41,Motorway,40,Fatal,None,02-09-2021,Sunday,1,Auto traffic signal,Roundabout,19.16606568,Darkness - lights lit,455380,219300,72.90947349,E01028424,1,1,0,0,Dry,Dual carriageway,None,70,00:46:00,Rural,Fine no high winds,No,36 - 45,6,Urban area,9,1250,None,Central crash barrier,Other/Not known (2005-10),Approaching junction or waiting/parked at junction approach,YAMAHA,XJR 1300,Petrol,Male,None,No tow/articulation,Offside on to central reservation,0,Going ahead left-hand bend,1,Motorcycle over 500cc,No,Front,2021
200706X081077,Motorway,60,NA,0,Fatal,None,11-11-2021,Saturday,1,Not at junction or within 20 metres,Not at junction or within 20 metres,22.99648253,Darkness - lights lit,392320,399260,72.62702119,E01005950,4,3,0,0,Wet or damp,Dual carriageway,None,70,19:06:00,Rural,Fine no high winds,No,36 - 45,6,Urban area,3,2435,None,None,Other/Not known (2005-10),Not at or within 20 metres of junction,VOLVO,V70 TORSLANDA,Petrol,Female,None,No tow/articulation,Did not leave carriageway,0,Going ahead other,3,Car,No,Front,2019
200942I203507,A,127,NA,0,Fatal,None,22-01-2020,Wednesday,1,Not at junction or within 20 metres,Not at junction or within 20 metres,13.02508207,Darkness - lights lit,562900,189260,77.63399062,E01021446,2,2,0,0,Dry,Dual carriageway,None,70,04:32:00,Rural,Fine no high winds,No,36 - 45,6,Small town,NA,1598,Kerb,None,Other/Not known (2005-10),Not at or within 20 metres of junction,RENAULT,MEGANE DYNAMIQUE 16V,Petrol,Female,None,No tow/articulation,Did not leave carriageway,0,Going ahead other,1,Car,No,Offside,2020
20064100T3165,Motorway,25,Motorway,25,Fatal,None,29-05-2019,Monday,1,Give way or uncontrolled,Slip road,8.895349973,Darkness - lights lit,526730,200350,76.61621447,E01023574,1,1,0,0,Wet or damp,Dual carriageway,None,70,05:19:00,Rural,Raining no high winds,No,36 - 45,6,Urban area,1,1581,None,Near/Offside crash barrier,Other/Not known (2005-10),Approaching junction or waiting/parked at junction approach,FIAT,BRAVA 100 SX AUTO,Petrol,Male,Skidded,No tow/articulation,Nearside,0,Going ahead right-hand bend,1,Car,No,Offside,2020
200545TA66585,Motorway,25,NA,0,Fatal,None,06-03-2020,Wednesday,1,Data missing or out of range,Not at junction or within 20 metres,26.45171073,Darkness - no lighting,542380,154580,80.31300998,E01030849,2,2,0,0,Dry,Dual carriageway,None,70,03:28:00,Rural,Fine no high winds,No,36 - 45,6,Urban area,1,6870,None,None,Journey as part of work,Not at or within 20 metres of junction,MAN,,Heavy oil,Male,None,No tow/articulation,Did not leave carriageway,0,Going ahead other,1,Goods 7.5 tonnes mgw and over,No,Front,2020
200542G022804,Motorway,11,NA,0,Fatal,Previous accident,01-05-2020,Tuesday,1,Data missing or out of range,Not at junction or within 20 metres,28.55744313,Darkness - no lighting,550110,213690,77.25308077,E01021795,2,4,0,0,Dry,Dual carriageway,None,70,03:05:00,Rural,Fine no high winds,No,36 - 45,6,Urban area,NA,12130,None,None,Journey as part of work,Not at or within 20 metres of junction,VOLVO,,Heavy oil,Male,None,Articulated vehicle,Did not leave carriageway,0,Parked,2,Goods 7.5 tonnes mgw and over,No,Back,2020
200504F003605,A,671,Unclassified,0,Fatal,None,25-04-2021,Friday,1,Give way or uncontrolled,T or staggered junction,15.31835194,Darkness - lights lit,386670,423940,74.10062682,E01025368,3,1,0,0,Wet or damp,Single carriageway,None,30,20:44:00,Rural,Fine no high winds,No,16 - 20,5,Data missing or out of range,NA,1124,None,Other permanent object,Data missing or out of range,Cleared junction or waiting/parked at junction exit,CITROEN,SAXO FORTE,Petrol,Male,Skidded,No tow/articulation,Offside,1,Going ahead right-hand bend,1,Car,Data missing or out of range,Front,2019
200742I013601,A,1124,NA,0,Fatal,None,29-04-2020,Saturday,1,Not at junction or within 20 metres,Not at junction or within 20 metres,28.46908902,Darkness - lights lit,586980,229070,77.02613954,E01021408,1,1,0,0,Dry,Single carriageway,None,30,02:15:00,Rural,Fine no high winds,No,16 - 20,5,Rural,7,125,None,Telegraph or electricity pole,Other/Not known (2005-10),Not at or within 20 metres of junction,HONDA,,Petrol,Male,None,No tow/articulation,Nearside and rebounded,0,Going ahead other,1,Motorcycle 125cc and under,No,Nearside,2019
200620M008601,Unclassified,0,Unclassified,0,Fatal,None,22-01-2021,Saturday,1,Auto traffic signal,T or staggered junction,22.72166012,Darkness - lights lit,431920,282870,75.82228179,E01009594,3,2,0,5,Dry,Single carriageway,None,30,23:19:00,Urban,Fine no high winds,No,16 - 20,5,Urban area,NA,1124,None,Other permanent object,Journey as part of work,Mid Junction - on roundabout or on main road,PEUGEOT,206 LOOK,Petrol,Male,Skidded,No tow/articulation,Nearside and rebounded,0,Turning right,1,Car,No,Offside,2020
201001TA00355,A,1206,Unclassified,0,Fatal,None,20-09-2019,Saturday,1,Give way or uncontrolled,Crossroads,26.47001746,Darkness - lights lit,537570,178500,80.27348436,E01004276,1,2,0,0,Dry,Single carriageway,None,30,16:29:00,Urban,Fine no high winds,No,16 - 20,5,Urban area,3,998,None,None,Other/Not known (2005-10),Approaching junction or waiting/parked at junction approach,YAMAHA,YZF R1 04,Petrol,Male,Skidded,No tow/articulation,Did not leave carriageway,0,Going ahead other,2,Motorcycle over 500cc,No,Front,2020
20054100G0159,Unclassified,679,NA,0,Fatal,None,30-01-2020,Wednesday,1,Not at junction or within 20 metres,Not at junction or within 20 metres,18.64067309,Darkness - lights lit,522400,233290,73.84049931,E01023634,1,2,0,0,Wet or damp,Single carriageway,None,30,01:09:00,Urban,Fine no high winds,No,16 - 20,5,Urban area,5,49,Parked vehicle,None,Other/Not known (2005-10),Not at or within 20 metres of junction,APRILIA,,Petrol,Male,None,No tow/articulation,Did not leave carriageway,0,Going ahead other,1,Motorcycle 50cc and under,No,Front,2021
200930C000547,A,6135,NA,0,Fatal,None,18-02-2020,Sunday,1,Data missing or out of range,Not at junction or within 20 metres,19.06193931,Darkness - lights lit,443370,379970,72.83566821,E01019789,1,2,0,0,Wet or damp,Single carriageway,None,30,20:10:00,Rural,Fine no high winds,No,16 - 20,5,Urban area,3,998,None,Lamp post,Other/Not known (2005-10),Not at or within 20 metres of junction,TOYOTA,YARIS T2,Petrol,Male,Skidded,No tow/articulation,Offside,0,Going ahead right-hand bend,1,Car,No,Nearside,2021
200606L050848,B,5206,NA,0,Fatal,None,07-11-2020,Saturday,1,Data missing or out of range,Not at junction or within 20 metres,19.06170531,Darkness - lights lit,353450,405100,72.84259685,E01006362,1,3,0,0,Dry,Single carriageway,None,30,02:44:00,Urban,Fine no high winds,No,16 - 20,5,Small town,8,398,None,Telegraph or electricity pole,Other/Not known (2005-10),Not at or within 20 metres of junction,SUZUKI,,Petrol,Male,None,No tow/articulation,Offside,0,Overtaking moving vehicle - offside,1,Motorcycle over 125cc and up to 500cc,No,Front,2021
200820K070401,Unclassified,0,Unclassified,0,Fatal,None,05-03-2019,Wednesday,1,Give way or uncontrolled,Crossroads,14.77152119,Darkness - lights lit,396780,293700,78.50046113,E01010029,1,1,0,0,Dry,Single carriageway,None,30,00:08:00,Urban,Fine no high winds,No,16 - 20,5,Urban area,1,1108,None,Lamp post,Other/Not known (2005-10),Approaching junction or waiting/parked at junction approach,FIAT,SEICENTO SX,Petrol,Male,Skidded and overturned,No tow/articulation,Offside,0,Going ahead other,1,Car,No,Front,2019
200920H028701,Unclassified,0,NA,0,Fatal,None,05-12-2020,Saturday,1,Data missing or out of range,Not at junction or within 20 metres,14.76263855,Darkness - lights lit,405830,301150,78.50784716,E01010241,1,2,0,0,Dry,Single carriageway,None,30,01:30:00,Urban,Fine no high winds,No,16 - 20,5,Urban area,9,1896,None,None,Other/Not known (2005-10),Not at or within 20 metres of junction,VOLKSWAGEN,GOLF GT TDI,Heavy oil,Male,None,No tow/articulation,Did not leave carriageway,0,Going ahead other,1,Car,No,Front,2019
201001TA00355,A,1206,Unclassified,0,Fatal,None,20-11-2010,Saturday,1,Give way or uncontrolled,Crossroads,51.488667,Darkness - lights lit,537570,178500,-0.019916,E01004276,1,2,0,0,Dry,Single carriageway,None,30,16:29:00,Urban,Fine no high winds,No,16 - 20,5,Urban area,3,998,None,None,Other/Not known (2005-10),Approaching junction or waiting/parked at junction approach,YAMAHA,YZF R1 04,Petrol,Male,Skidded,No tow/articulation,Did not leave carriageway,0,Going ahead other,2,Motorcycle over 500cc,No,Front,2010