Accident_Index,1st_Road_Class,1st_Road_Number,2nd_Road_Class,2nd_Road_Number,Accident_Severity,Carriageway_Hazards,Date,Day_of_Week,Did_Police_Officer_Attend_Scene_of_Accident,Junction_Control,Junction_Detail,Latitude,Light_Conditions,Location_Easting_OSGR,Location_Northing_OSGR,Longitude,LSOA_of_Accident_Location,Number_of_Casualties,Number_of_Vehicles,Pedestrian_Crossing-Human_Control,Pedestrian_Crossing-Physical_Facilities,Road_Surface_Conditions,Road_Type,Special_Conditions_at_Site,Speed_limit,Time,Urban_or_Rural_Area,Weather_Conditions,InScotland,Age_Band_of_Driver,Age_of_Vehicle,Driver_Home_Area_Type,Driver_IMD_Decile,Engine_Capacity_.CC.,Hit_Object_in_Carriageway,Hit_Object_off_Carriageway,Journey_Purpose_of_Driver,Junction_Location,make,model,Propulsion_Code,Sex_of_Driver,Skidding_and_Overturning,Towing_and_Articulation,Vehicle_Leaving_Carriageway,Vehicle_Location.Restricted_Lane,Vehicle_Manoeuvre,Vehicle_Reference,Vehicle_Type,Was_Vehicle_Left_Hand_Drive,X1st_Point_of_Impact,Year
201014A132610,Unclassified,0,Unclassified,0,Fatal,None,26-09-2021,Sunday,1,Give way or uncontrolled,T or staggered junction,19.20755572,Daylight,454020,407570,72.93236727,E01007504,1,1,0,0,Dry,Single carriageway,None,20,18:02:00,Urban,Fine no high winds,No,16 - 20,4,Urban area,3,1870,None,None,Other/Not known (2005-10),Mid Junction - on roundabout or on main road,RENAULT,TRAFIC SL27 DCI 100 SWB,Heavy oil,Male,None,No tow/articulation,Did not leave carriageway,0,Going ahead other,1,Van / Goods 3.5 tonnes mgw or under,No,Did not impact,2021
201014A132610,Unclassified,0,Unclassified,0,Fatal,None,22-08-2010,Sunday,1,Give way or uncontrolled,T or staggered junction,53.561966,Daylight,454020,407570,-1.185904,E01007504,1,1,0,0,Dry,Single carriageway,None,20,18:02:00,Urban,Fine no high winds,No,16 - 20,4,Urban area,3,1870,None,None,Other/Not known (2005-10),Mid Junction - on roundabout or on main road,RENAULT,TRAFIC SL27 DCI 100 SWB,Heavy oil,Male,None,No tow/articulation,Did not leave carriageway,0,Going ahead other,1,Van / Goods 3.5 tonnes mgw or under,No,Did not impact,2010
200605DD12517,A,49,A,572,Fatal,None,28-09-2020,Thursday,1,Give way or uncontrolled,T or staggered junction,15.25892362,Darkness - lights lit,359340,395440,73.9816908,E01006859,2,2,0,0,Dry,Single carriageway,None,30,20:26:00,Urban,Fine no high winds,No,16 - 20,4,Urban area,8,49,None,None,Other/Not known (2005-10),Mid Junction - on roundabout or on main road,APRILIA,,Petrol,Male,None,No tow/articulation,Did not leave carriageway,0,Going ahead other,2,Motorcycle 50cc and under,No,Front,2019
2009160B00200,Unclassified,0,NA,0,Fatal,None,31-08-2020,Friday,1,Data missing or out of range,Not at junction or within 20 metres,12.99223201,Darkness - lights lit,487390,409440,77.54475082,E01013279,3,1,0,0,Dry,Single carriageway,None,30,17:15:00,Urban,Fine no high winds,No,16 - 20,4,Urban area,2,1360,None,None,Other/Not known (2005-10),Not at or within 20 metres of junction,CITROEN,C2 FURIO,Petrol,Male,None,No tow/articulation,Did not leave carriageway,0,Going ahead other,1,Car,No,Front,2020
200945EL41202,A,244,NA,0,Fatal,None,04-01-2019,Wednesday,1,Data missing or out of range,Not at junction or within 20 metres,28.65775343,Darkness - lights lit,513050,164420,77.13100294,E01030308,3,3,0,0,Wet or damp,Single carriageway,None,30,04:55:00,Urban,Fine no high winds,No,16 - 20,4,Data missing or out of range,NA,1598,None,None,Other/Not known (2005-10),Not at or within 20 metres of junction,MAZDA,3 SAKATA,Petrol,Male,Skidded,No tow/articulation,Did not leave carriageway,0,Going ahead other,2,Car,No,Nearside,2020
200814C155708,Unclassified,0,NA,0,Fatal,None,09-02-2020,Thursday,1,Not at junction or within 20 metres,Not at junction or within 20 metres,28.59541775,Darkness - lights lit,444200,401670,77.12802152,E01007820,3,1,0,0,Wet or damp,Single carriageway,None,30,21:20:00,Urban,Fine no high winds,No,16 - 20,4,Urban area,7,1396,None,Other permanent object,Other/Not known (2005-10),Not at or within 20 metres of junction,MG,ZR 105,Petrol,Male,Skidded,No tow/articulation,Offside,0,Going ahead left-hand bend,1,Car,No,Nearside,2021
200906Q021021,A,672,NA,0,Fatal,None,29-04-2019,Saturday,1,Not at junction or within 20 metres,Not at junction or within 20 metres,18.56095749,Darkness - lights lit,397290,410330,73.90226264,E01005414,3,2,0,0,Dry,Single carriageway,None,30,02:10:00,Rural,Fine no high winds,No,16 - 20,4,Urban area,6,1240,None,Lamp post,Other/Not known (2005-10),Not at or within 20 metres of junction,NISSAN,MICRA SPORT+,Petrol,Male,Skidded,No tow/articulation,Nearside,0,Going ahead other,1,Car,No,Front,2021
2008558D05755,C,927,Unclassified,0,Fatal,None,18-07-2020,Saturday,1,Give way or uncontrolled,T or staggered junction,18.59814574,Darkness - lights lit,368570,71500,73.95429781,E01020564,2,2,0,4,Dry,Single carriageway,None,30,17:26:00,Rural,Fine no high winds,No,16 - 20,4,Small town,1,49,None,None,Journey as part of work,Cleared junction or waiting/parked at junction exit,APRILIA,,Petrol,Male,Skidded,No tow/articulation,Nearside,0,Going ahead other,1,Motorcycle 50cc and under,No,Front,2021
20074100K0269,Unclassified,200,NA,0,Fatal,None,24-10-2020,Thursday,1,Not at junction or within 20 metres,Not at junction or within 20 metres,19.17835328,Darkness - lights lit,531700,203760,72.85546895,E01023313,4,3,0,0,Dry,Single carriageway,None,30,21:40:00,Rural,Fine no high winds,No,16 - 20,4,Urban area,5,1199,None,None,Other/Not known (2005-10),Not at or within 20 metres of junction,VAUXHALL,CORSA ELEGANCE 16V,Petrol,Male,Skidded,No tow/articulation,Did not leave carriageway,0,Overtaking moving vehicle - offside,1,Car,No,Nearside,2021
201042I063103,B,172,NA,0,Fatal,None,24-12-2020,Friday,1,Not at junction or within 20 metres,Not at junction or within 20 metres,18.58844579,Darkness - no lighting,544990,199160,73.87691817,E01021804,1,1,0,0,Dry,Single carriageway,None,30,21:45:00,Rural,Fine no high winds,No,16 - 20,4,Urban area,4,1229,None,None,Other/Not known (2005-10),Not at or within 20 metres of junction,VAUXHALL,CORSA SXI+,Petrol,Male,None,No tow/articulation,Did not leave carriageway,0,Going ahead other,1,Car,No,Front,2021
200897AE70109,Unclassified,0,NA,0,Fatal,None,13-02-2021,Wednesday,1,Data missing or out of range,Not at junction or within 20 metres,25.79264798,Daylight,253060,669040,87.45648063,,1,1,0,0,Wet or damp,Single carriageway,None,30,16:00:00,Urban,Fine no high winds,Yes,16 - 20,4,Urban area,NA,7300,None,None,Journey as part of work,Not at or within 20 metres of junction,VOLVO,,Heavy oil,Male,Skidded,No tow/articulation,Did not leave carriageway,0,Going ahead other,1,Bus or coach (17 or more pass seats),No,Front,2019
200605AA12371,Unclassified,0,Unclassified,0,Fatal,None,18-06-2019,Friday,1,Give way or uncontrolled,T or staggered junction,13.02192392,Daylight,329650,392290,77.67631998,E01007312,1,2,0,0,Dry,Single carriageway,None,30,16:41:00,Urban,Fine no high winds,No,16 - 20,4,Urban area,8,125,None,None,Other/Not known (2005-10),Mid Junction - on roundabout or on main road,APRILIA,,Petrol,Male,Skidded,No tow/articulation,Did not leave carriageway,0,Turning left,2,Motorcycle 125cc and under,No,Front,2020
200743W056057,Unclassified,7155,NA,0,Fatal,None,20-10-2020,Tuesday,1,Data missing or out of range,Not at junction or within 20 metres,18.58476558,Daylight,466030,172050,73.77971278,E01016273,1,2,0,0,Dry,Single carriageway,None,30,20:10:00,Urban,Fine no high winds,No,16 - 20,4,Small town,8,124,None,None,Other/Not known (2005-10),Not at or within 20 metres of junction,YAMAHA,,Petrol,Male,Skidded,No tow/articulation,Did not leave carriageway,0,Going ahead other,1,Motorcycle 125cc and under,No,Offside,2021
200806B005603,A,6010,Unclassified,0,Fatal,None,02-10-2019,Thursday,1,Give way or uncontrolled,T or staggered junction,18.53838391,Daylight,382450,394050,73.94877858,E01005301,1,3,0,0,Dry,Single carriageway,None,30,15:58:00,Urban,Other,No,16 - 20,4,Urban area,1,1998,None,None,Other/Not known (2005-10),Mid Junction - on roundabout or on main road,HONDA,CIVIC TYPE-R,Petrol,Male,None,No tow/articulation,Did not leave carriageway,0,Going ahead other,1,Car,No,Front,2021
200701QK68906,A,4005,NA,0,Fatal,None,16-05-2020,Sunday,1,Data missing or out of range,Not at junction or within 20 metres,26.76524792,Darkness - lights lit,517050,184860,94.19761697,E01000612,2,2,0,0,Dry,Single carriageway,None,30,01:59:00,Urban,Fine no high winds,No,21 - 25,4,Urban area,3,3498,Kerb,Tree,Other/Not known (2005-10),Not at or within 20 metres of junction,NISSAN,350Z,Petrol,Male,None,No tow/articulation,Nearside,0,Going ahead other,1,Car,No,Front,2019
200701TC00023,A,124,Unclassified,0,Fatal,None,02-10-2020,Wednesday,1,Auto traffic signal,T or staggered junction,22.05008919,Darkness - lights lit,540240,182170,82.17139582,E01003507,1,1,0,5,Dry,Dual carriageway,None,30,20:20:00,Urban,Fine no high winds,No,21 - 25,4,Urban area,3,1997,None,None,Other/Not known (2005-10),Approaching junction or waiting/parked at junction approach,PEUGEOT,307 S HDI 90,Heavy oil,Male,None,No tow/articulation,Did not leave carriageway,0,Going ahead other,1,Car,No,Offside,2019
200801XD75246,B,452,NA,0,Fatal,Previous accident,04-02-2021,Friday,1,Data missing or out of range,Not at junction or within 20 metres,15.18723652,Darkness - lights lit,516740,180280,74.13686831,E01001388,1,2,0,0,Dry,Single carriageway,None,30,21:57:00,Urban,Fine no high winds,No,21 - 25,4,Urban area,5,636,None,None,Other/Not known (2005-10),Not at or within 20 metres of junction,KAWASAKI,ZX636 B1H,Petrol,Male,Skidded,No tow/articulation,Did not leave carriageway,0,Going ahead other,1,Motorcycle over 500cc,No,Did not impact,2019
200701SX62120,A,598,Unclassified,0,Fatal,None,15-09-2019,Wednesday,1,Give way or uncontrolled,T or staggered junction,22.7010523,Darkness - lights lit,524960,188220,75.90516846,E01000216,1,1,0,8,Dry,Single carriageway,None,30,20:33:00,Urban,Fine no high winds,No,21 - 25,4,Urban area,10,1261,None,None,Other/Not known (2005-10),Cleared junction or waiting/parked at junction exit,HONDA,ST1300 A,Petrol,Male,None,No tow/articulation,Did not leave carriageway,0,Going ahead other,1,Motorcycle over 500cc,No,Nearside,2020
200806J099877,B,5094,Unclassified,0,Fatal,None,26-12-2020,Friday,1,Give way or uncontrolled,T or staggered junction,28.59112815,Darkness - lights lit,388790,384440,77.18160521,E01005924,1,1,0,0,Dry,Single carriageway,None,30,21:26:00,Urban,Fine no high winds,No,21 - 25,4,Urban area,10,1149,None,None,Other/Not known (2005-10),Cleared junction or waiting/parked at junction exit,RENAULT,CLIO EXTREME 3 16V,Petrol,Male,None,No tow/articulation,Did not leave carriageway,0,Going ahead other,1,Car,No,Front,2020
201020N048360,Unclassified,0,Unclassified,0,Fatal,None,28-04-2021,Monday,1,Give way or uncontrolled,Roundabout,18.57207502,Darkness - lights lit,411980,290430,73.87921039,E01009102,1,1,0,0,Dry,Roundabout,None,30,18:00:00,Urban,Fine no high winds,No,21 - 25,4,Urban area,1,1398,Kerb,Lamp post,Other/Not known (2005-10),Leaving roundabout,CITROEN,C3 DESIRE HDI,Heavy oil,Male,Skidded and overturned,No tow/articulation,Nearside,0,Going ahead other,1,Car,No,Offside,2021
201020N050110,A,5127,Unclassified,0,Fatal,None,03-10-2021,Friday,1,Give way or uncontrolled,Crossroads,25.78995206,Darkness - lights lit,411090,292010,87.47974957,E01009007,1,3,0,4,Wet or damp,Dual carriageway,None,30,21:12:00,Urban,Fine no high winds,No,21 - 25,4,Urban area,1,1900,None,None,Other/Not known (2005-10),Mid Junction - on roundabout or on main road,VOLKSWAGEN,GOLF TDI SE,Heavy oil,Female,None,No tow/articulation,Did not leave carriageway,0,Going ahead other,3,Car,No,Front,2019
200804DL08110,B,6241,Unclassified,0,Fatal,None,15-04-2020,Tuesday,1,Auto traffic signal,T or staggered junction,8.88667553,Darkness - lights lit,352250,430410,76.62335354,E01025312,3,2,0,8,Wet or damp,Single carriageway,None,30,23:15:00,Urban,Fine no high winds,No,21 - 25,4,Urban area,8,1910,None,None,Other/Not known (2005-10),Approaching junction or waiting/parked at junction approach,VAUXHALL,VECTRA ENERGY CDTI,Heavy oil,Female,Skidded and overturned,No tow/articulation,Did not leave carriageway,0,Slowing or stopping,2,Car,No,Front,2020
20054100J2341,A,111,NA,0,Fatal,None,03-08-2019,Sunday,1,Not at junction or within 20 metres,Not at junction or within 20 metres,14.75068405,Daylight,526450,200330,78.58139317,E01023575,3,2,0,0,Dry,Single carriageway,None,30,16:45:00,Rural,Fine no high winds,No,21 - 25,4,Urban area,3,599,None,None,Other/Not known (2005-10),Not at or within 20 metres of junction,SUZUKI,GSX R600 K1,Petrol,Male,Skidded,No tow/articulation,Offside,0,Going ahead left-hand bend,1,Motorcycle over 500cc,No,Nearside,2019
200901TD00138,C,0,Unclassified,0,Fatal,None,18-06-2019,Tuesday,1,Give way or uncontrolled,T or staggered junction,27.09018812,Daylight,535090,171080,93.63402113,E01000745,1,4,0,0,Dry,Single carriageway,None,30,16:30:00,Urban,Fine no high winds,No,21 - 25,4,Data missing or out of range,NA,599,None,None,Other/Not known (2005-10),Approaching junction or waiting/parked at junction approach,YAMAHA,YZF R6 05,Petrol,Male,Skidded,No tow/articulation,Did not leave carriageway,0,Going ahead other,1,Motorcycle over 500cc,No,Nearside,2019
200905FF01226,B,5175,Unclassified,0,Fatal,None,28-07-2021,Saturday,1,Give way or uncontrolled,T or staggered junction,25.78013965,Daylight,337610,388460,87.48380869,E01006551,1,1,0,0,Dry,Single carriageway,None,30,18:10:00,Urban,Fine no high winds,No,21 - 25,4,Urban area,1,1598,None,None,Other/Not known (2005-10),Approaching junction or waiting/parked at junction approach,RENAULT,SCENIC EXPRESSION 16V A,Petrol,Male,None,No tow/articulation,Did not leave carriageway,0,Going ahead other,1,Car,No,Front,2019
200920L071701,Unclassified,0,Unclassified,0,Fatal,None,25-11-2021,Friday,1,Give way or uncontrolled,T or staggered junction,22.10459515,Daylight,416680,289420,82.1477258,E01010123,2,3,0,8,Dry,Single carriageway,None,30,13:42:00,Urban,Fine no high winds,No,21 - 25,4,Urban area,1,1598,None,None,Other/Not known (2005-10),Approaching junction or waiting/parked at junction approach,RENAULT,MEGANE DYNAMIQUE 16V,Petrol,Male,None,No tow/articulation,Did not leave carriageway,0,Going ahead left-hand bend,3,Car,No,Did not impact,2019
200530C000176,Unclassified,0,NA,0,Fatal,None,02-11-2019,Thursday,1,Data missing or out of range,Not at junction or within 20 metres,22.05664414,Daylight,441140,365300,82.17638985,E01019808,1,1,0,0,Dry,Single carriageway,None,30,16:30:00,Urban,Fine no high winds,No,21 - 25,4,Urban area,3,6370,None,None,Journey as part of work,Not at or within 20 metres of junction,OPTARE,EXCEL LL1180,Heavy oil,Male,None,No tow/articulation,Did not leave carriageway,0,Going ahead other,1,Bus or coach (17 or more pass seats),No,Nearside,2019
200637G019645,Unclassified,3214,C,372,Fatal,None,25-02-2020,Monday,1,Give way or uncontrolled,T or staggered junction,8.870058396,Daylight,624870,245790,76.67014266,E01030191,2,2,0,0,Dry,Single carriageway,None,30,17:20:00,Urban,Fine no high winds,No,21 - 25,4,Urban area,4,499,None,None,Commuting to/from work,Mid Junction - on roundabout or on main road,HONDA,CB500S-2,Petrol,Male,Skidded,No tow/articulation,Did not leave carriageway,0,Going ahead other,2,Motorcycle over 125cc and up to 500cc,No,Front,2020
201050GA2O015,Unclassified,0,Unclassified,0,Fatal,None,10-03-2021,Wednesday,1,Give way or uncontrolled,T or staggered junction,18.61671904,Daylight,200820,52570,73.83394102,E01019033,1,3,0,0,Dry,Single carriageway,None,30,20:23:00,Urban,Fine no high winds,No,21 - 25,4,Urban area,6,1753,None,None,Other/Not known (2005-10),Approaching junction or waiting/parked at junction approach,FORD,FOCUS ZETEC CLIMATE TDCI,Heavy oil,Male,None,No tow/articulation,Did not leave carriageway,0,Turning right,2,Car,No,Nearside,2021
200901TC00343,A,503,NA,0,Fatal,None,12-10-2019,Monday,1,Data missing or out of range,Not at junction or within 20 metres,19.19661318,Daylight,535140,189270,72.86932462,E01004391,1,2,0,0,Dry,Single carriageway,Roadworks,30,08:35:00,Urban,Fine no high winds,No,21 - 25,4,Urban area,10,5883,None,None,Journey as part of work,Not at or within 20 metres of junction,DENNIS,,Heavy oil,Male,None,No tow/articulation,Did not leave carriageway,0,Overtaking moving vehicle - offside,1,Other vehicle,No,Nearside,2021
200501TC00176,A,1112,Unclassified,0,Fatal,None,17-03-2020,Thursday,1,Give way or uncontrolled,Private drive or entrance,19.20408971,Daylight,546800,192820,72.89771469,E01003722,3,2,0,0,Dry,Dual carriageway,None,30,14:35:00,Urban,Fine no high winds,No,21 - 25,4,Urban area,6,599,None,None,Other/Not known (2005-10),Mid Junction - on roundabout or on main road,SUZUKI,GSX R600 K1,Petrol,Male,None,No tow/articulation,Did not leave carriageway,0,Going ahead other,2,Motorcycle over 500cc,No,Did not impact,2021
201037L018502,Unclassified,6014,B,1074,Fatal,None,19-09-2021,Tuesday,1,Give way or uncontrolled,T or staggered junction,14.66243039,Daylight,653540,294180,78.61840808,E01030263,1,1,0,0,Dry,Single carriageway,None,30,17:45:00,Urban,Fine no high winds,No,21 - 25,4,Urban area,1,1598,None,None,Other/Not known (2005-10),Cleared junction or waiting/parked at junction exit,RENAULT,SCENIC DYNAM S 16V,Petrol,Female,None,No tow/articulation,Nearside,0,Turning left,1,Car,No,Front,2019
200601TC00237,A,1010,NA,0,Fatal,None,13-06-2019,Thursday,1,Data missing or out of range,Not at junction or within 20 metres,28.6584238,Daylight,534610,193840,77.28770242,E01001485,1,1,0,4,Dry,Single carriageway,None,30,18:45:00,Urban,Fine no high winds,No,21 - 25,4,Urban area,4,3900,None,None,Journey as part of work,Not at or within 20 metres of junction,DENNIS,,Heavy oil,Female,None,No tow/articulation,Did not leave carriageway,0,Going ahead other,1,Bus or coach (17 or more pass seats),No,Front,2020
200750E31B625,Unclassified,0,Unclassified,0,Fatal,None,30-10-2020,Tuesday,1,Give way or uncontrolled,T or staggered junction,27.10043791,Daylight,248770,55050,93.61062649,E01015052,1,2,0,0,Dry,Single carriageway,None,30,12:47:00,Urban,Fine no high winds,No,21 - 25,4,Data missing or out of range,NA,1242,None,Other permanent object,Data missing or out of range,Entering main road,FIAT,PUNTO ACTIVE,Petrol,Female,None,No tow/articulation,Nearside,0,Turning right,2,Car,No,Front,2019
201001TB00192,Unclassified,0,Unclassified,0,Fatal,None,02-04-2020,Monday,1,Give way or uncontrolled,Crossroads,14.70016141,Darkness - lights lit,520140,177760,78.59597584,E01002577,3,4,0,0,Dry,Single carriageway,None,30,20:58:00,Urban,Fine no high winds,No,26 - 35,4,Urban area,6,1598,None,None,Other/Not known (2005-10),Approaching junction or waiting/parked at junction approach,MINI,MINI ONE,Petrol,Male,None,No tow/articulation,Did not leave carriageway,0,Parked,2,Car,No,Back,2019
200601TD00191,A,214,NA,0,Fatal,None,16-05-2019,Wednesday,1,Data missing or out of range,Not at junction or within 20 metres,26.76024511,Darkness - lights lit,533740,170730,94.20208465,E01000746,1,1,0,4,Dry,Single carriageway,None,30,00:43:00,Urban,Fine no high winds,No,26 - 35,4,Urban area,2,8268,None,None,Journey as part of work,Not at or within 20 metres of junction,DENNIS,,Heavy oil,Male,None,No tow/articulation,Did not leave carriageway,0,Moving off,1,Bus or coach (17 or more pass seats),No,Nearside,2019
20073104B2440,B,6020,C,22,Fatal,None,11-07-2021,Monday,1,Give way or uncontrolled,T or staggered junction,26.73840586,Darkness - lights lit,458820,356750,94.2036761,E01028343,1,3,0,0,Dry,Single carriageway,None,30,22:50:00,Rural,Fine no high winds,No,26 - 35,4,Urban area,5,636,None,None,Other/Not known (2005-10),Mid Junction - on roundabout or on main road,KAWASAKI,ZX636 B1H,Petrol,Male,None,No tow/articulation,Did not leave carriageway,0,Going ahead left-hand bend,2,Motorcycle over 500cc,No,Front,2019
20083104D0676,Unclassified,0,NA,0,Fatal,None,19-04-2019,Friday,1,Data missing or out of range,Not at junction or within 20 metres,23.07932499,Darkness - lights lit,460140,341960,72.55927385,E01028162,1,1,0,0,Dry,Single carriageway,None,30,05:28:00,Urban,Fine no high winds,No,26 - 35,4,Urban area,8,2463,None,Other permanent object,Other/Not known (2005-10),Not at or within 20 metres of junction,RENAULT,,Heavy oil,Male,None,No tow/articulation,Nearside,0,Going ahead other,1,Van / Goods 3.5 tonnes mgw or under,No,Nearside,2019
201063DP35410,B,4568,Unclassified,0,Fatal,None,13-10-2019,Thursday,1,Give way or uncontrolled,T or staggered junction,12.99999467,Darkness - lights lit,310710,291640,77.56988073,W01000480,1,1,0,1,Dry,Single carriageway,None,30,18:00:00,Urban,Fine no high winds,No,26 - 35,4,Data missing or out of range,NA,6374,None,None,Journey as part of work,Mid Junction - on roundabout or on main road,OPTARE,,Heavy oil,Male,None,No tow/articulation,Did not leave carriageway,0,Turning right,1,Bus or coach (17 or more pass seats),No,Offside,2020
200850CB2W016,A,3125,NA,0,Fatal,None,29-01-2020,Sunday,1,Not at junction or within 20 metres,Not at junction or within 20 metres,22.74872629,Darkness - lights lit,254860,132440,75.8876764,E01020124,1,1,0,0,Wet or damp,Single carriageway,None,30,02:55:00,Urban,Fine no high winds,No,26 - 35,4,Data missing or out of range,NA,2378,None,Lamp post,Other/Not known (2005-10),Not at or within 20 metres of junction,MITSUBISHI,OUTLANDER SPORT AUTO,Petrol,Male,Skidded,No tow/articulation,Nearside,0,Going ahead other,1,Car,No,Front,2020
200901TD00057,A,222,A,208,Fatal,None,22-06-2019,Monday,1,Auto traffic signal,Crossroads,22.71609949,Darkness - lights lit,544340,170200,75.90623319,E01000696,2,2,0,0,Dry,Single carriageway,None,30,00:37:00,Urban,Fine no high winds,No,26 - 35,4,Urban area,1,3498,Bollard or refuge,Road sign or traffic signal,Other/Not known (2005-10),Mid Junction - on roundabout or on main road,NISSAN,350Z,Petrol,Male,None,No tow/articulation,Offside,0,Going ahead other,1,Car,No,Front,2020
200854DE35708,B,4006,Unclassified,0,Fatal,None,06-02-2020,Thursday,1,Give way or uncontrolled,T or staggered junction,26.45993531,Darkness - lights lit,417020,187740,80.26737839,E01015558,2,2,0,0,Dry,Single carriageway,None,30,19:27:00,Urban,Fine no high winds,No,26 - 35,4,Urban area,NA,698,None,None,Journey as part of work,Leaving main road,SMART,CITY PURE 61 SEMI-AUTO,Petrol,Male,None,No tow/articulation,Did not leave carriageway,0,Turning right,1,Car,No,Nearside,2020
200634NN08010,A,428,Unclassified,7172,Fatal,None,26-03-2021,Wednesday,1,Give way or uncontrolled,T or staggered junction,26.47282731,Darkness - lights lit,474220,260650,80.30074105,E01027238,2,1,0,0,Dry,Single carriageway,None,30,23:10:00,Urban,Fine no high winds,No,26 - 35,4,Urban area,1,644,Bollard or refuge,None,Other/Not known (2005-10),Cleared junction or waiting/parked at junction exit,CCM,R 30 SUPERMOTO,Petrol,Male,None,No tow/articulation,Did not leave carriageway,0,Going ahead other,1,Motorcycle over 500cc,No,Front,2020
200906Q021021,A,672,NA,0,Fatal,None,26-08-2020,Saturday,1,Not at junction or within 20 metres,Not at junction or within 20 metres,28.57735437,Darkness - lights lit,397290,410330,77.12667887,E01005414,3,2,0,0,Dry,Single carriageway,None,30,02:10:00,Rural,Fine no high winds,No,26 - 35,4,Data missing or out of range,NA,3189,None,None,Journey as part of work,Not at or within 20 metres of junction,AUDI,A3 SPORT QUATTRO,Petrol,Male,None,No tow/articulation,Did not leave carriageway,0,Going ahead other,2,Car,No,Did not impact,2020
2008160B04670,Unclassified,0,NA,0,Fatal,None,06-07-2019,Wednesday,1,Data missing or out of range,Not at junction or within 20 metres,28.64539921,Darkness - lights lit,487210,410910,77.17831065,E01013334,1,1,0,0,Dry,Single carriageway,None,30,23:15:00,Urban,Fine no high winds,No,26 - 35,4,Small town,9,1598,None,None,Other/Not known (2005-10),Not at or within 20 metres of junction,RENAULT,MEGANE DYNAMIQUE VVT 115,Petrol,Male,None,No tow/articulation,Did not leave carriageway,0,Going ahead other,1,Car,No,Front,2020
200601TB00068,B,552,Unclassified,0,Fatal,None,28-04-2019,Thursday,1,Give way or uncontrolled,T or staggered junction,28.66115734,Darkness - lights lit,523460,189770,77.26122126,E01000242,1,1,0,0,Dry,Single carriageway,None,30,19:11:00,Urban,Fine no high winds,No,26 - 35,4,Data missing or out of range,NA,599,None,None,Other/Not known (2005-10),Cleared junction or waiting/parked at junction exit,MCC,SMART PULSE SOFTIP(RHD) S-A,Petrol,Male,None,No tow/articulation,Did not leave carriageway,0,Going ahead other,1,Car,No,Front,2020
200601TB00031,Unclassified,0,Unclassified,0,Fatal,None,17-09-2019,Monday,1,Give way or uncontrolled,Private drive or entrance,18.57927652,Darkness - lights lit,522580,188350,73.76290288,E01000314,1,3,0,0,Dry,Single carriageway,None,30,19:45:00,Urban,Fine no high winds,No,26 - 35,4,Urban area,7,2402,None,None,Other/Not known (2005-10),Cleared junction or waiting/parked at junction exit,FORD,TRANSIT 350 LWB TD,Heavy oil,Male,None,No tow/articulation,Did not leave carriageway,0,Parked,3,Van / Goods 3.5 tonnes mgw or under,No,Back,2021
200606B059834,Unclassified,0,B,6178,Fatal,None,17-03-2021,Wednesday,1,Auto traffic signal,T or staggered junction,18.62986519,Darkness - lights lit,387950,396220,73.93669475,E01005235,6,1,0,5,Dry,Single carriageway,None,30,04:29:00,Urban,Fine no high winds,No,26 - 35,4,Urban area,5,1994,Kerb,Other permanent object,Other/Not known (2005-10),Approaching junction or waiting/parked at junction approach,SUBARU,IMPREZA GX AWD,Petrol,Male,Skidded and overturned,No tow/articulation,Nearside,0,Going ahead right-hand bend,1,Car,No,Nearside,2021
20073104D1911,Unclassified,0,Unclassified,0,Fatal,None,24-03-2020,Saturday,1,Give way or uncontrolled,T or staggered junction,14.81056936,Darkness - lights lit,450400,335790,79.95335872,E01028098,1,5,0,0,Dry,Single carriageway,None,30,22:10:00,Urban,Fine no high winds,No,26 - 35,4,Data missing or out of range,NA,49,None,None,Other/Not known (2005-10),Approaching junction or waiting/parked at junction approach,RIEJU,RS 1,Petrol,Male,None,No tow/articulation,Did not leave carriageway,0,Going ahead other,2,Motorcycle 50cc and under,No,Did not impact,2021
200505AA03137,Unclassified,0,NA,0,Fatal,None,25-12-2019,Tuesday,1,Data missing or out of range,Not at junction or within 20 metres,27.09853336,Darkness - lights lit,330600,394180,93.61028492,E01007237,3,2,0,0,Dry,Single carriageway,None,30,18:10:00,Urban,Fine no high winds,No,26 - 35,4,Urban area,1,8650,None,None,Journey as part of work,Not at or within 20 metres of junction,DAF TRUCKS,,Heavy oil,Male,None,No tow/articulation,Did not leave carriageway,0,Parked,2,Bus or coach (17 or more pass seats),No,Front,2019
200611DJ30070,C,55,NA,0,Fatal,None,28-04-2021,Saturday,1,Data missing or out of range,Not at junction or within 20 metres,26.72471713,Darkness - lights lit,429420,515230,94.2003358,E01012308,1,3,0,0,Dry,Single carriageway,None,30,18:49:00,Urban,Fine no high winds,No,26 - 35,4,Data missing or out of range,NA,1686,None,None,Other/Not known (2005-10),Not at or within 20 metres of junction,VAUXHALL,COMBO 1700 DI,Heavy oil,Male,None,No tow/articulation,Did not leave carriageway,0,Parked,3,Van / Goods 3.5 tonnes mgw or under,No,Back,2019