Accident_Index,1st_Road_Class,1st_Road_Number,2nd_Road_Class,2nd_Road_Number,Accident_Severity,Carriageway_Hazards,Date,Day_of_Week,Did_Police_Officer_Attend_Scene_of_Accident,Junction_Control,Junction_Detail,Latitude,Light_Conditions,Location_Easting_OSGR,Location_Northing_OSGR,Longitude,LSOA_of_Accident_Location,Number_of_Casualties,Number_of_Vehicles,Pedestrian_Crossing-Human_Control,Pedestrian_Crossing-Physical_Facilities,Road_Surface_Conditions,Road_Type,Special_Conditions_at_Site,Speed_limit,Time,Urban_or_Rural_Area,Weather_Conditions,InScotland,Age_Band_of_Driver,Age_of_Vehicle,Driver_Home_Area_Type,Driver_IMD_Decile,Engine_Capacity_.CC.,Hit_Object_in_Carriageway,Hit_Object_off_Carriageway,Journey_Purpose_of_Driver,Junction_Location,make,model,Propulsion_Code,Sex_of_Driver,Skidding_and_Overturning,Towing_and_Articulation,Vehicle_Leaving_Carriageway,Vehicle_Location.Restricted_Lane,Vehicle_Manoeuvre,Vehicle_Reference,Vehicle_Type,Was_Vehicle_Left_Hand_Drive,X1st_Point_of_Impact,Year
20073104D3178,B,684,NA,0,Fatal,None,26-05-2019,Thursday,1,Data missing or out of range,Not at junction or within 20 metres,26.44407255,Daylight,460270,344720,80.32129289,E01028179,3,3,0,0,Dry,Single carriageway,None,40,08:55:00,Urban,Fine no high winds,No,36 - 45,4,Rural,8,1896,None,None,Commuting to/from work,Not at or within 20 metres of junction,AUDI,A4 TDI SPORT,Heavy oil,Female,None,No tow/articulation,Did not leave carriageway,0,Waiting to go - held up,1,Car,No,Offside,2020
20093108A0562,A,6075,Unclassified,0,Fatal,None,26-12-2021,Sunday,1,Give way or uncontrolled,T or staggered junction,18.5779062,Daylight,451300,361360,73.92167057,E01028244,1,2,0,0,Dry,Single carriageway,None,40,17:05:00,Rural,Fine no high winds,No,36 - 45,4,Urban area,3,998,None,None,Other/Not known (2005-10),Mid Junction - on roundabout or on main road,VAUXHALL,CORSA LIFE TWINPORT,Petrol,Female,None,No tow/articulation,Nearside,0,Going ahead other,2,Car,No,Offside,2021
201005EE03967,A,5058,Unclassified,0,Fatal,None,06-02-2021,Saturday,1,Give way or uncontrolled,T or staggered junction,14.71480151,Daylight,336820,394330,78.50896335,E01006613,1,1,0,8,Dry,Dual carriageway,None,40,18:10:00,Urban,Fine no high winds,No,36 - 45,4,Urban area,4,1242,Kerb,None,Other/Not known (2005-10),Approaching junction or waiting/parked at junction approach,FORD,FIESTA FREEDOM,Petrol,Female,Skidded,No tow/articulation,Nearside,0,Going ahead right-hand bend,1,Car,No,Offside,2019
201005EE03967,A,5058,Unclassified,0,Fatal,None,26-06-2010,Saturday,1,Give way or uncontrolled,T or staggered junction,53.441929,Daylight,336820,394330,-2.952651,E01006613,1,1,0,8,Dry,Dual carriageway,None,40,18:10:00,Urban,Fine no high winds,No,36 - 45,4,Urban area,4,1242,Kerb,None,Other/Not known (2005-10),Approaching junction or waiting/parked at junction approach,FORD,FIESTA FREEDOM,Petrol,Female,Skidded,No tow/articulation,Nearside,0,Going ahead right-hand bend,1,Car,No,Offside,2010
201045MO51354,Unclassified,301,NA,0,Fatal,None,20-12-2021,Sunday,1,Data missing or out of range,Not at junction or within 20 metres,28.59963822,Daylight,518010,147070,77.35062195,E01030544,1,1,0,0,Dry,Dual carriageway,None,40,20:10:00,Rural,Unknown,No,36 - 45,4,Rural,8,1360,None,Tree,Other/Not known (2005-10),Not at or within 20 metres of junction,PEUGEOT,206 VERVE,Petrol,Male,None,No tow/articulation,Offside,0,Going ahead other,1,Car,No,Front,2020
201037B045903,A,143,C,541,Fatal,None,09-08-2019,Wednesday,1,Give way or uncontrolled,Crossroads,28.72154066,Daylight,599260,274130,77.28862621,E01030096,1,2,0,0,Dry,Single carriageway,None,40,16:05:00,Rural,Fine no high winds,No,46 - 55,4,Rural,8,2402,None,None,Journey as part of work,Approaching junction or waiting/parked at junction approach,FORD,TRANSIT 330 SWB,Heavy oil,Male,None,No tow/articulation,Did not leave carriageway,0,Waiting to turn right,2,Van / Goods 3.5 tonnes mgw or under,No,Offside,2020
200743W146037,A,327,Unclassified,7505,Fatal,None,08-01-2020,Friday,1,Stop sign,Crossroads,28.58298357,Daylight,476760,163270,77.17074735,E01016641,3,2,0,0,Dry,Single carriageway,None,40,13:10:00,Rural,Fine no high winds,No,46 - 55,4,Urban area,3,12130,None,None,Journey as part of work,Mid Junction - on roundabout or on main road,VOLVO,,Heavy oil,Male,Skidded,No tow/articulation,Did not leave carriageway,0,Going ahead other,2,Goods 7.5 tonnes mgw and over,No,Front,2021
200750E61F430,B,3212,NA,0,Fatal,None,30-12-2020,Sunday,1,Not at junction or within 20 metres,Not at junction or within 20 metres,28.63223126,Daylight,257380,72360,77.23758707,E01020317,3,2,0,0,Dry,Single carriageway,None,40,16:08:00,Rural,Fine no high winds,No,46 - 55,4,Urban area,8,1198,None,None,Data missing or out of range,Not at or within 20 metres of junction,YAMAHA,,Petrol,Male,None,No tow/articulation,Did not leave carriageway,0,Going ahead other,2,Motorcycle over 500cc,No,Front,2021
20104100A0002,A,1170,NA,0,Fatal,None,20-09-2020,Saturday,1,Not at junction or within 20 metres,Not at junction or within 20 metres,18.54530307,Daylight,535410,215220,73.94156935,E01023516,1,2,0,0,Frost or ice,Single carriageway,None,40,11:35:00,Urban,Fine no high winds,No,46 - 55,4,Rural,8,49,None,None,Other/Not known (2005-10),Not at or within 20 metres of junction,PIAGGIO,FLY 50,Petrol,Male,Skidded,No tow/articulation,Did not leave carriageway,0,Going ahead other,1,Motorcycle 50cc and under,No,Did not impact,2021
200932C131009,A,158,NA,0,Fatal,None,20-01-2021,Friday,1,Data missing or out of range,Not at junction or within 20 metres,27.09565242,Daylight,515270,377210,93.617716,E01026121,4,2,0,0,Wet or damp,Single carriageway,None,40,17:30:00,Rural,Fine no high winds,No,46 - 55,4,Small town,10,1364,None,Other permanent object,Other/Not known (2005-10),Not at or within 20 metres of junction,VAUXHALL,CORSA DESIGN 16V TWINPORT,Petrol,Female,None,No tow/articulation,Offside,0,Going ahead left-hand bend,1,Car,No,Front,2019
201020N054470,A,452,NA,0,Fatal,None,06-07-2021,Thursday,1,Data missing or out of range,Not at junction or within 20 metres,19.07844469,Daylight,413030,291910,72.93450935,E01009100,1,2,0,0,Wet or damp,Dual carriageway,None,40,11:50:00,Urban,Raining no high winds,No,46 - 55,4,Urban area,2,12130,None,None,Other/Not known (2005-10),Not at or within 20 metres of junction,VOLVO,,Heavy oil,Male,None,No tow/articulation,Did not leave carriageway,0,Parked,2,Goods 7.5 tonnes mgw and over,No,Back,2021
200620J059702,Unclassified,0,NA,0,Fatal,None,24-06-2020,Sunday,1,Data missing or out of range,Not at junction or within 20 metres,28.53516993,Darkness - no lighting,389890,282210,77.17578833,E01009845,4,2,0,0,Wet or damp,Single carriageway,None,40,00:44:00,Rural,Fine no high winds,No,56 - 65,4,Urban area,10,1870,None,Tree,Other/Not known (2005-10),Not at or within 20 metres of junction,RENAULT,,Heavy oil,Female,None,No tow/articulation,Nearside,0,Going ahead other,2,Car,No,Front,2020
200934TN80199,A,5076,NA,0,Fatal,None,10-11-2021,Tuesday,1,Data missing or out of range,Not at junction or within 20 metres,26.73946101,Daylight,477610,264530,94.20055324,E01027218,1,3,0,0,Dry,Dual carriageway,None,40,09:18:00,Urban,Fine no high winds,No,56 - 65,4,Urban area,5,11021,None,None,Journey as part of work,Not at or within 20 metres of junction,SCANIA,,Heavy oil,Male,Skidded,No tow/articulation,Did not leave carriageway,0,Going ahead other,2,Goods 7.5 tonnes mgw and over,No,Nearside,2019
200537B021590,A,134,NA,0,Fatal,None,28-08-2020,Wednesday,1,Data missing or out of range,Not at junction or within 20 metres,25.77186576,Daylight,586710,278590,87.45168898,E01030094,1,2,0,0,Dry,Single carriageway,None,40,12:20:00,Rural,Fine no high winds,No,56 - 65,4,Urban area,2,1200,None,Tree,Other/Not known (2005-10),Not at or within 20 metres of junction,HARLEY-DAVIDSON,XL 1200 C CUSTOM SPORT,Petrol,Male,None,No tow/articulation,Nearside,0,Going ahead other,1,Motorcycle over 500cc,No,Offside,2019
200520G097401,A,4150,NA,0,Fatal,None,05-03-2020,Thursday,1,Data missing or out of range,Not at junction or within 20 metres,22.73018295,Daylight,391060,298260,75.88553845,E01010521,3,3,0,4,Wet or damp,Dual carriageway,None,40,11:20:00,Urban,Other,No,56 - 65,4,Data missing or out of range,NA,1997,None,None,Commuting to/from work,Not at or within 20 metres of junction,CITROEN,XSARA LX HDI,Heavy oil,Male,None,No tow/articulation,Did not leave carriageway,0,Slowing or stopping,3,Car,No,Back,2020
200620F265801,A,4400,A,4400,Fatal,None,31-08-2019,Friday,1,Auto traffic signal,T or staggered junction,19.09862551,Daylight,407330,286760,72.83029047,E01009150,1,1,0,4,Wet or damp,Dual carriageway,None,40,09:49:00,Urban,Raining no high winds,No,56 - 65,4,Urban area,2,7300,None,None,Journey as part of work,Cleared junction or waiting/parked at junction exit,VOLVO,,Heavy oil,Male,None,No tow/articulation,Did not leave carriageway,2,Going ahead other,1,Bus or coach (17 or more pass seats),No,Front,2021
201006P037217,A,640,Unclassified,0,Fatal,None,05-04-2021,Monday,1,Give way or uncontrolled,T or staggered junction,28.54031223,Darkness - lights lit,392830,412180,77.13231317,E01005560,1,2,0,0,Dry,Single carriageway,None,40,06:20:00,Urban,Fine no high winds,No,66 - 75,4,Urban area,5,1198,None,None,Other/Not known (2005-10),Leaving main road,VOLKSWAGEN,POLO E 55,Petrol,Male,None,No tow/articulation,Did not leave carriageway,0,Turning right,2,Car,No,Back,2021
201006P037217,A,640,Unclassified,0,Fatal,None,11-10-2010,Monday,1,Give way or uncontrolled,T or staggered junction,53.606123,Darkness - lights lit,392830,412180,-2.109839,E01005560,1,2,0,0,Dry,Single carriageway,None,40,06:20:00,Urban,Fine no high winds,No,66 - 75,4,Urban area,5,1198,None,None,Other/Not known (2005-10),Leaving main road,VOLKSWAGEN,POLO E 55,Petrol,Male,None,No tow/articulation,Did not leave carriageway,0,Turning right,2,Car,No,Back,2010
200706C085367,B,5166,C,0,Fatal,None,14-05-2020,Wednesday,1,Auto traffic signal,T or staggered junction,28.71390766,Darkness - lights lit,383980,385290,77.20141283,E01005317,3,2,0,0,Wet or damp,Dual carriageway,None,40,07:20:00,Urban,Fine no high winds,No,66 - 75,4,Urban area,6,1242,None,None,Other/Not known (2005-10),Mid Junction - on roundabout or on main road,FIAT,PUNTO ACTIVE,Petrol,Female,None,No tow/articulation,Did not leave carriageway,0,Turning right,1,Car,No,Nearside,2020
20073108B3269,B,6166,NA,0,Fatal,None,29-07-2021,Tuesday,1,Data missing or out of range,Not at junction or within 20 metres,18.64483071,Daylight,480390,354800,73.84092915,E01028310,1,2,0,0,Wet or damp,Single carriageway,None,40,14:15:00,Urban,Other,No,66 - 75,4,Rural,7,1951,None,None,Other/Not known (2005-10),Not at or within 20 metres of junction,MG,ZT+ CDTI,Heavy oil,Female,None,No tow/articulation,Did not leave carriageway,0,Going ahead other,2,Car,No,Front,2021
20084100B0751,A,1000,NA,0,Fatal,None,30-03-2021,Sunday,1,Not at junction or within 20 metres,Not at junction or within 20 metres,28.70440477,Daylight,524410,205750,77.07134131,E01023964,3,2,0,0,Wet or damp,Single carriageway,None,40,13:55:00,Rural,Raining no high winds,No,Over 75,4,Rural,10,1390,None,None,Other/Not known (2005-10),Not at or within 20 metres of junction,VOLKSWAGEN,POLO TWIST AUTO,Petrol,Male,None,No tow/articulation,Nearside,0,Going ahead left-hand bend,1,Car,No,Front,2021
200901JI77009,A,12,NA,0,Fatal,None,04-08-2021,Sunday,1,Data missing or out of range,Not at junction or within 20 metres,26.7326556,Daylight,547430,189130,94.17320746,E01003640,5,1,0,0,Dry,Dual carriageway,None,50,14:45:00,Urban,Fine no high winds,No,16 - 20,4,Urban area,3,1598,None,Tree,Other/Not known (2005-10),Not at or within 20 metres of junction,MINI,MINI COOPER AUTO,Petrol,Male,None,No tow/articulation,Nearside,0,Going ahead other,1,Car,No,Front,2019
200704FL07085,A,6177,NA,0,Fatal,None,03-08-2021,Wednesday,1,Data missing or out of range,Not at junction or within 20 metres,28.59411073,Daylight,374700,423040,77.2481183,E01025378,4,1,0,0,Wet or damp,Single carriageway,None,50,05:52:00,Rural,Fine no high winds,No,16 - 20,4,Urban area,1,1991,Kerb,Tree,Journey as part of work,Not at or within 20 metres of junction,HYUNDAI,TRAJET GSI,Heavy oil,Male,Skidded,No tow/articulation,Offside,0,Going ahead other,1,Car,No,Front,2020
201005BB02696,A,565,NA,0,Fatal,None,31-08-2019,Tuesday,1,Data missing or out of range,Not at junction or within 20 metres,26.7406937,Darkness - no lighting,332970,402100,94.21626851,E01007076,2,2,0,0,Dry,Single carriageway,None,50,20:50:00,Rural,Fine no high winds,No,21 - 25,4,Urban area,9,2993,Bollard or refuge,Other permanent object,Other/Not known (2005-10),Not at or within 20 metres of junction,BMW,530D M SPORT,Heavy oil,Male,Skidded,No tow/articulation,Offside,0,Overtaking moving vehicle - offside,2,Car,No,Front,2019
201005BB02696,A,565,NA,0,Fatal,None,13-04-2010,Tuesday,1,Data missing or out of range,Not at junction or within 20 metres,53.511284,Darkness - no lighting,332970,402100,-3.012264,E01007076,2,2,0,0,Dry,Single carriageway,None,50,20:50:00,Rural,Fine no high winds,No,21 - 25,4,Urban area,9,2993,Bollard or refuge,Other permanent object,Other/Not known (2005-10),Not at or within 20 metres of junction,BMW,530D M SPORT,Heavy oil,Male,Skidded,No tow/articulation,Offside,0,Overtaking moving vehicle - offside,2,Car,No,Front,2010
200711CI12190,A,692,NA,0,Fatal,None,19-09-2020,Wednesday,1,Data missing or out of range,Not at junction or within 20 metres,8.883287798,Daylight,410130,550280,76.69385517,E01020644,1,1,0,0,Dry,Single carriageway,None,50,20:50:00,Rural,Fine no high winds,No,21 - 25,4,Urban area,4,636,Kerb,Lamp post,Other/Not known (2005-10),Not at or within 20 metres of junction,KAWASAKI,ZX636 B1H,Petrol,Male,None,No tow/articulation,Nearside and rebounded,0,Going ahead right-hand bend,1,Motorcycle over 500cc,No,Nearside,2020
200543P223085,A,329,NA,0,Fatal,None,08-11-2019,Monday,1,Data missing or out of range,Not at junction or within 20 metres,8.888445286,Daylight,462670,201990,76.6607095,E01028646,2,2,0,0,Wet or damp,Single carriageway,None,50,16:19:00,Rural,Fine no high winds,No,21 - 25,4,Urban area,9,1124,None,None,Other/Not known (2005-10),Not at or within 20 metres of junction,CITROEN,SAXO FORTE,Petrol,Female,None,No tow/articulation,Did not leave carriageway,0,Going ahead right-hand bend,1,Car,No,Nearside,2020
200906F015917,A,580,C,0,Fatal,None,03-06-2021,Tuesday,1,Auto traffic signal,Crossroads,28.59540734,Daylight,376480,401390,77.21634598,E01005687,1,1,0,7,Dry,Dual carriageway,None,50,09:09:00,Urban,Fine no high winds,No,21 - 25,4,Small town,6,995,None,None,Other/Not known (2005-10),Mid Junction - on roundabout or on main road,CHEVROLET,MATIZ SE,Petrol,Female,None,No tow/articulation,Did not leave carriageway,0,Going ahead other,1,Car,No,Front,2021
201050KH2B007,A,30,NA,0,Fatal,None,19-08-2020,Wednesday,1,Data missing or out of range,Not at junction or within 20 metres,12.97672202,Daylight,319400,104310,77.55619813,E01019938,1,3,0,0,Wet or damp,Single carriageway,None,50,09:26:00,Rural,Raining no high winds,No,21 - 25,4,Urban area,10,4250,None,None,Journey as part of work,Not at or within 20 metres of junction,MERCEDES,,Heavy oil,Male,None,No tow/articulation,Did not leave carriageway,0,Going ahead right-hand bend,2,Goods over 3.5t. and under 7.5t,No,Front,2020
200801FH74533,A,40,NA,0,Fatal,None,12-08-2019,Saturday,1,Data missing or out of range,Not at junction or within 20 metres,22.0597948,Darkness - lights lit,523320,181120,82.12303564,E01001874,1,1,0,0,Dry,Single carriageway,None,50,02:05:00,Urban,Fine no high winds,No,26 - 35,4,Urban area,2,998,None,None,Other/Not known (2005-10),Not at or within 20 metres of junction,YAMAHA,YZF R1 04,Petrol,Male,None,No tow/articulation,Did not leave carriageway,0,Going ahead other,1,Motorcycle 125cc and under,No,Did not impact,2019
200843P002018,A,422,A,4260,Fatal,None,18-09-2019,Tuesday,1,Give way or uncontrolled,Roundabout,22.69378887,Darkness - lights lit,446000,241620,75.89812196,E01028438,1,1,0,0,Wet or damp,Roundabout,None,50,02:43:00,Rural,Fog or mist,No,26 - 35,4,Urban area,9,1998,Central island of roundabout,Road sign or traffic signal,Other/Not known (2005-10),Entering roundabout,RENAULT,CLIO RENAULTSPORT 182 16V,Petrol,Male,Skidded and overturned,No tow/articulation,Straight ahead at junction,0,Going ahead left-hand bend,1,Car,No,Front,2020
20063104D3154,A,610,NA,0,Fatal,None,11-02-2019,Wednesday,1,Data missing or out of range,Not at junction or within 20 metres,18.56875221,Darkness - lights lit,448940,344800,73.8183557,E01028105,2,1,0,0,Wet or damp,Dual carriageway,None,50,22:49:00,Rural,Raining no high winds,No,26 - 35,4,Data missing or out of range,NA,1686,None,Lamp post,Other/Not known (2005-10),Not at or within 20 metres of junction,VAUXHALL,COMBO 2000 DTI,Heavy oil,Male,None,No tow/articulation,Nearside,0,Going ahead other,1,Van / Goods 3.5 tonnes mgw or under,No,Front,2021
201043N213020,A,404,NA,0,Fatal,None,03-08-2020,Monday,1,Data missing or out of range,Not at junction or within 20 metres,19.18546468,Darkness - no lighting,494720,196340,72.93374223,E01017745,2,2,0,0,Wet or damp,Single carriageway,None,50,23:02:00,Rural,Fine no high winds,No,26 - 35,4,Urban area,8,1796,None,Other permanent object,Other/Not known (2005-10),Not at or within 20 metres of junction,VAUXHALL,TIGRA EXCLUSIV,Petrol,Male,Skidded and overturned,No tow/articulation,Offside and rebounded,0,Changing lane to right,1,Car,No,Offside,2021
200545GU66101,Unclassified,46,NA,0,Fatal,None,28-12-2020,Monday,1,Data missing or out of range,Not at junction or within 20 metres,22.70449153,Daylight,490740,154860,75.85803861,E01030466,2,2,0,0,Dry,Single carriageway,None,50,14:56:00,Rural,Fine no high winds,No,26 - 35,4,Urban area,10,1998,None,None,Commuting to/from work,Not at or within 20 metres of junction,TOYOTA,AVENSIS CDX VVT-I,Petrol,Male,None,No tow/articulation,Did not leave carriageway,0,Going ahead right-hand bend,2,Car,No,Front,2020
200504AL05034,A,584,A,583,Fatal,None,21-07-2019,Monday,1,Auto traffic signal,Slip road,28.71918315,Daylight,347190,429730,77.26407749,E01025014,1,1,0,0,Dry,Dual carriageway,None,50,08:50:00,Rural,Fine no high winds,No,26 - 35,4,Urban area,10,600,None,None,Commuting to/from work,Entering from slip road,SUZUKI,GSF600,Petrol,Male,Skidded and overturned,No tow/articulation,Offside - crossed central reservation,0,Going ahead left-hand bend,1,Motorcycle over 500cc,No,Nearside,2021
200630B000111,A,6,NA,0,Fatal,None,22-08-2021,Tuesday,1,Data missing or out of range,Not at junction or within 20 metres,28.71200598,Daylight,407470,377140,77.07588642,E01019742,1,2,0,0,Dry,Single carriageway,None,50,15:25:00,Rural,Fine no high winds,No,26 - 35,4,Rural,7,999,None,Other permanent object,Other/Not known (2005-10),Not at or within 20 metres of junction,HONDA,VTR1000 SP-Y,Petrol,Male,Overturned,No tow/articulation,Offside,0,Overtaking moving vehicle - offside,1,Motorcycle over 500cc,No,Offside,2021
200943P143099,A,4421,Unclassified,0,Fatal,None,18-02-2021,Saturday,1,Give way or uncontrolled,T or staggered junction,19.14745328,Daylight,459830,221660,72.93138836,E01028465,1,2,0,0,Dry,Single carriageway,None,50,14:43:00,Rural,Fine no high winds,No,26 - 35,4,Urban area,2,1798,None,None,Other/Not known (2005-10),Leaving main road,MAZDA,6 TS,Petrol,Male,None,No tow/articulation,Did not leave carriageway,0,Turning right,1,Car,No,Nearside,2021
201004AL10127,A,583,NA,0,Fatal,None,22-05-2020,Sunday,1,Data missing or out of range,Not at junction or within 20 metres,18.51605241,Daylight,339770,432670,73.77925729,E01025031,2,3,0,0,Dry,Single carriageway,None,50,17:25:00,Rural,Fine no high winds,No,26 - 35,4,Urban area,10,1596,None,None,Other/Not known (2005-10),Not at or within 20 metres of junction,FORD,FOCUS GHIA 115,Petrol,Female,Skidded,No tow/articulation,Did not leave carriageway,0,Going ahead other,2,Car,No,Front,2021
201004AL10127,A,583,NA,0,Fatal,None,08-08-2010,Sunday,1,Data missing or out of range,Not at junction or within 20 metres,53.786847,Daylight,339770,432670,-2.915671,E01025031,2,3,0,0,Dry,Single carriageway,None,50,17:25:00,Rural,Fine no high winds,No,26 - 35,4,Urban area,10,1596,None,None,Other/Not known (2005-10),Not at or within 20 metres of junction,FORD,FOCUS GHIA 115,Petrol,Female,Skidded,No tow/articulation,Did not leave carriageway,0,Going ahead other,2,Car,No,Front,2010
200732C407407,B,1183,Unclassified,0,Fatal,None,08-02-2020,Saturday,1,Give way or uncontrolled,Crossroads,25.7900814,Darkness - lights lit,531040,355720,87.4813572,E01026057,1,2,0,0,Wet or damp,Single carriageway,None,50,19:33:00,Rural,Fine no high winds,No,36 - 45,4,Data missing or out of range,NA,1753,None,None,Commuting to/from work,Approaching junction or waiting/parked at junction approach,FORD,TRANSIT CONNECT T220 TDCI S,Heavy oil,Male,None,No tow/articulation,Did not leave carriageway,0,Turning right,2,Van / Goods 3.5 tonnes mgw or under,No,Front,2019
200801RG74091,A,102,NA,0,Fatal,Previous accident,15-10-2021,Monday,1,Data missing or out of range,Not at junction or within 20 metres,28.41196097,Darkness - lights lit,540600,177290,77.08272315,E01001581,4,3,0,0,Dry,Dual carriageway,None,50,22:49:00,Urban,Fine no high winds,No,36 - 45,4,Rural,5,1339,None,None,Other/Not known (2005-10),Not at or within 20 metres of junction,HONDA,JAZZ SE CVT,Petrol,Male,None,No tow/articulation,Did not leave carriageway,0,Going ahead other,2,Car,No,Front,2019
20094100G0266,A,505,B,197,Fatal,None,20-03-2020,Monday,1,Give way or uncontrolled,Roundabout,26.73087278,Daylight,524170,231270,94.20827574,E01023639,1,1,0,0,Dry,Roundabout,None,50,15:30:00,Rural,Fine no high winds,No,36 - 45,4,Rural,7,998,None,None,Other/Not known (2005-10),Mid Junction - on roundabout or on main road,YAMAHA,YZF R1 05,Petrol,Male,None,No tow/articulation,Nearside,0,Going ahead other,1,Motorcycle over 500cc,No,Front,2019
200830B000061,A,515,B,5053,Fatal,None,19-09-2021,Monday,1,Give way or uncontrolled,T or staggered junction,15.21528919,Daylight,408650,369780,74.01253768,E01019714,1,2,0,0,Wet or damp,Single carriageway,None,50,08:15:00,Rural,Fine no high winds,No,36 - 45,4,Urban area,3,11705,None,None,Journey as part of work,Mid Junction - on roundabout or on main road,SCANIA,,Heavy oil,Male,Skidded,No tow/articulation,Did not leave carriageway,0,Going ahead other,1,Goods 7.5 tonnes mgw and over,No,Front,2019
200701KD68672,A,12,NA,0,Fatal,None,27-02-2020,Wednesday,1,Data missing or out of range,Not at junction or within 20 metres,26.46005658,Daylight,548520,189080,74.59787888,E01000031,1,2,0,0,Dry,Dual carriageway,None,50,12:30:00,Urban,Fine no high winds,No,36 - 45,4,Urban area,2,3900,None,None,Other/Not known (2005-10),Not at or within 20 metres of junction,DENNIS,,Heavy oil,Male,None,No tow/articulation,Did not leave carriageway,0,Going ahead other,2,Bus or coach (17 or more pass seats),No,Offside,2020
200642F022506,A,128,NA,0,Fatal,None,20-11-2019,Sunday,1,Not at junction or within 20 metres,Not at junction or within 20 metres,18.56939209,Daylight,565200,182810,73.80297383,E01015980,7,4,0,0,Dry,Single carriageway,None,50,20:15:00,Rural,Fine no high winds,No,36 - 45,4,Urban area,7,1895,None,None,Other/Not known (2005-10),Not at or within 20 metres of junction,BMW,316I SE,Petrol,Male,None,No tow/articulation,Did not leave carriageway,0,Going ahead other,3,Car,No,Front,2021
200706F076080,A,6,NA,0,Fatal,None,14-06-2021,Wednesday,1,Not at junction or within 20 metres,Not at junction or within 20 metres,27.09649775,Daylight,380430,399850,93.62549299,E01005680,1,2,0,0,Dry,Dual carriageway,None,50,20:25:00,Urban,Fine no high winds,No,36 - 45,4,Urban area,7,1299,None,Central crash barrier,Commuting to/from work,Not at or within 20 metres of junction,SUZUKI,GSX 1300 RZK3,Petrol,Male,Skidded and overturned,No tow/articulation,Offside on to central reservation,0,Going ahead other,1,Motorcycle over 500cc,No,Front,2019
200663DP15306,A,458,NA,0,Fatal,None,08-01-2020,Saturday,1,Data missing or out of range,Not at junction or within 20 metres,27.10607447,Darkness - no lighting,329780,312320,93.63292296,W01000497,1,3,0,0,Dry,Single carriageway,None,50,23:44:00,Rural,Fine no high winds,No,46 - 55,4,Urban area,8,1868,None,None,Other/Not known (2005-10),Not at or within 20 metres of junction,PEUGEOT,PARTNER 600 LX DIESEL,Heavy oil,Female,Skidded and overturned,No tow/articulation,Did not leave carriageway,0,Going ahead other,2,Van / Goods 3.5 tonnes mgw or under,No,Front,2019
200804BB08036,A,683,NA,0,Fatal,None,14-02-2019,Saturday,1,Data missing or out of range,Not at junction or within 20 metres,26.4448297,Daylight,343510,460700,80.2849883,E01025134,6,4,0,0,Dry,Single carriageway,None,50,10:07:00,Rural,Fine no high winds,No,46 - 55,4,Urban area,9,1749,None,None,Other/Not known (2005-10),Not at or within 20 metres of junction,PEUGEOT,407 S,Petrol,Male,None,No tow/articulation,Did not leave carriageway,0,Going ahead other,2,Car,No,Offside,2020
200601TC00378,A,12,A,13,Fatal,None,06-08-2019,Monday,1,Give way or uncontrolled,Slip road,19.1870137,Darkness - lights lit,538350,181080,72.93133386,E01004243,1,3,0,0,Dry,Dual carriageway,None,50,19:15:00,Urban,Fine no high winds,No,56 - 65,4,Urban area,5,2979,None,None,Other/Not known (2005-10),Mid Junction - on roundabout or on main road,BMW,330 CI SPORT AUTO,Petrol,Male,None,No tow/articulation,Did not leave carriageway,0,Going ahead other,1,Car,No,Back,2021
200630B000272,A,52,NA,0,Fatal,None,21-02-2019,Sunday,1,Data missing or out of range,Not at junction or within 20 metres,27.10118663,Darkness - no lighting,425190,341630,93.62033481,E01019603,1,1,0,0,Dry,Single carriageway,None,50,00:34:00,Rural,Fine no high winds,No,56 - 65,4,Small town,9,3227,None,None,Other/Not known (2005-10),Not at or within 20 metres of junction,MERCEDES,S320 L CDI AUTO,Heavy oil,Female,None,No tow/articulation,Did not leave carriageway,0,Going ahead other,1,Car,No,Front,2019
20094100B9161,A,1000,NA,0,Fatal,None,28-01-2020,Tuesday,1,Not at junction or within 20 metres,Not at junction or within 20 metres,28.58870672,Daylight,526180,203000,77.28154048,E01023911,2,2,0,0,Dry,Single carriageway,None,50,11:15:00,Rural,Fine no high winds,No,66 - 75,4,Urban area,8,1997,None,None,Other/Not known (2005-10),Not at or within 20 metres of junction,CITROEN,C5 VTR HDI,Heavy oil,Male,None,No tow/articulation,Nearside,0,Going ahead other,2,Car,No,Front,2020
200504BB05116,A,683,NA,0,Fatal,None,27-08-2021,Monday,1,Data missing or out of range,Not at junction or within 20 metres,26.4702257,Daylight,343590,460770,80.29914947,E01025134,1,1,0,0,Wet or damp,Single carriageway,None,50,09:50:00,Rural,Fog or mist,No,66 - 75,4,Urban area,7,1360,None,Other permanent object,Other/Not known (2005-10),Not at or within 20 metres of junction,CITROEN,XSARA L 8V,Petrol,Male,None,No tow/articulation,Offside,0,Going ahead other,1,Car,No,Front,2020
200643P146106,A,4074,Unclassified,0,Fatal,Previous accident,23-09-2021,Sunday,1,Give way or uncontrolled,T or staggered junction,26.73392132,Daylight,469450,177250,94.21913278,E01028659,1,3,0,0,Wet or damp,Single carriageway,None,50,20:10:00,Rural,Raining no high winds,No,Data missing or out of range,4,Data missing or out of range,NA,1590,Previous accident,None,Other/Not known (2005-10),Approaching junction or waiting/parked at junction approach,HONDA,CIVIC SE EXECUTIVE AUTO,Petrol,Male,None,No tow/articulation,Did not leave carriageway,0,Going ahead other,3,Car,No,Front,2019