Accident_Index,1st_Road_Class,1st_Road_Number,2nd_Road_Class,2nd_Road_Number,Accident_Severity,Carriageway_Hazards,Date,Day_of_Week,Did_Police_Officer_Attend_Scene_of_Accident,Junction_Control,Junction_Detail,Latitude,Light_Conditions,Location_Easting_OSGR,Location_Northing_OSGR,Longitude,LSOA_of_Accident_Location,Number_of_Casualties,Number_of_Vehicles,Pedestrian_Crossing-Human_Control,Pedestrian_Crossing-Physical_Facilities,Road_Surface_Conditions,Road_Type,Special_Conditions_at_Site,Speed_limit,Time,Urban_or_Rural_Area,Weather_Conditions,InScotland,Age_Band_of_Driver,Age_of_Vehicle,Driver_Home_Area_Type,Driver_IMD_Decile,Engine_Capacity_.CC.,Hit_Object_in_Carriageway,Hit_Object_off_Carriageway,Journey_Purpose_of_Driver,Junction_Location,make,model,Propulsion_Code,Sex_of_Driver,Skidding_and_Overturning,Towing_and_Articulation,Vehicle_Leaving_Carriageway,Vehicle_Location.Restricted_Lane,Vehicle_Manoeuvre,Vehicle_Reference,Vehicle_Type,Was_Vehicle_Left_Hand_Drive,X1st_Point_of_Impact,Year
200637G019941,A,12,NA,0,Fatal,None,23-11-2020,Friday,1,Data missing or out of range,Not at junction or within 20 metres,28.58627838,Darkness - no lighting,605110,234680,77.32121586,E01029905,1,1,0,0,Dry,Dual carriageway,None,70,23:25:00,Rural,Fine no high winds,No,26 - 35,4,Small town,10,14000,None,None,Journey as part of work,Not at or within 20 metres of junction,ERF,,Heavy oil,Male,Skidded,Articulated vehicle,Did not leave carriageway,0,Going ahead other,1,Goods 7.5 tonnes mgw and over,No,Front,2020
200743W001097,A,33,NA,0,Fatal,None,14-05-2021,Saturday,1,Data missing or out of range,Not at junction or within 20 metres,18.54655482,Darkness - no lighting,470450,165900,73.79820219,E01016690,1,2,0,0,Dry,Dual carriageway,None,70,23:22:00,Rural,Fine no high winds,No,26 - 35,4,Urban area,9,12130,None,None,Other/Not known (2005-10),Not at or within 20 metres of junction,VOLVO,,Heavy oil,Male,None,Articulated vehicle,Did not leave carriageway,0,Going ahead other,1,Goods 7.5 tonnes mgw and over,No,Front,2021
200997NA70207,Motorway,8,NA,0,Fatal,Previous accident,05-06-2021,Saturday,1,Data missing or out of range,Not at junction or within 20 metres,28.64502244,Darkness - no lighting,285870,663940,77.25440278,,1,6,0,0,Dry,Dual carriageway,None,70,23:35:00,Rural,Fine no high winds,Yes,26 - 35,4,Small town,NA,1587,Previous accident,Central crash barrier,Other/Not known (2005-10),Not at or within 20 metres of junction,PEUGEOT,206 SPORT,Petrol,Female,Skidded and overturned,No tow/articulation,Nearside,0,Going ahead left-hand bend,4,Car,No,Front,2021
201050KU2P004,Motorway,5,NA,0,Fatal,Previous accident,14-01-2021,Thursday,2,Data missing or out of range,Not at junction or within 20 metres,14.68758605,Darkness - no lighting,301110,103570,78.57208692,E01020056,6,8,0,0,Wet or damp,Dual carriageway,None,70,20:59:00,Rural,Raining no high winds,No,26 - 35,4,Urban area,5,1364,None,None,Other/Not known (2005-10),Not at or within 20 metres of junction,VAUXHALL,ASTRA ACTIVE,Petrol,Male,Skidded,No tow/articulation,Did not leave carriageway,0,Going ahead other,3,Car,No,Did not impact,2019
200705CC18833,Motorway,57,NA,0,Fatal,None,26-09-2019,Monday,1,Data missing or out of range,Not at junction or within 20 metres,27.08823023,Darkness - no lighting,338030,399320,93.62346382,E01007040,1,2,0,0,Wet or damp,Dual carriageway,None,70,00:35:00,Rural,Raining no high winds,No,26 - 35,4,Urban area,1,1896,None,None,Other/Not known (2005-10),Not at or within 20 metres of junction,VOLKSWAGEN,GOLF E SDI,Heavy oil,Male,None,No tow/articulation,Did not leave carriageway,0,Going ahead other,1,Car,No,Front,2019
200843W036118,A,339,NA,0,Fatal,None,18-12-2019,Saturday,1,Data missing or out of range,Not at junction or within 20 metres,27.08829213,Darkness - no lighting,447090,169880,93.60911264,E01016324,1,2,0,0,Wet or damp,Dual carriageway,None,70,03:53:00,Rural,Raining no high winds,No,26 - 35,4,Urban area,4,1781,None,None,Other/Not known (2005-10),Not at or within 20 metres of junction,VOLKSWAGEN,GOLF GTI 180 BHP,Petrol,Male,None,No tow/articulation,Nearside,7,Going ahead other,1,Car,No,Front,2019
200597QB70208,A,723,NA,0,Fatal,None,03-08-2021,Tuesday,1,Data missing or out of range,Not at junction or within 20 metres,27.10111651,Daylight,273510,656040,93.61763239,,1,2,0,0,Dry,Slip road,None,70,18:45:00,Rural,Fine no high winds,Yes,26 - 35,4,Urban area,NA,1840,None,None,Other/Not known (2005-10),Not at or within 20 metres of junction,MAZDA,PREMACY GXI,Petrol,Male,None,No tow/articulation,Did not leave carriageway,0,Changing lane to right,1,Car,No,Front,2019
200806X094879,Motorway,60,NA,0,Fatal,None,18-01-2020,Wednesday,1,Not at junction or within 20 metres,Not at junction or within 20 metres,12.96929649,Daylight,380380,392580,77.6607868,E01006164,2,2,0,0,Dry,Slip road,None,70,12:26:00,Rural,Fine no high winds,No,26 - 35,4,Urban area,2,1997,None,None,Commuting to/from work,Not at or within 20 metres of junction,PEUGEOT,307 D TURBO HDI,Heavy oil,Male,None,No tow/articulation,Offside,0,Slowing or stopping,2,Car,No,Back,2020
200901TB00100,A,40,NA,0,Fatal,None,24-07-2021,Saturday,1,Data missing or out of range,Not at junction or within 20 metres,13.03538723,Daylight,507720,185030,77.62751755,E01002452,1,2,0,0,Dry,Dual carriageway,None,70,08:55:00,Rural,Fine no high winds,No,26 - 35,4,Urban area,4,2953,Parked vehicle,None,Journey as part of work,Not at or within 20 metres of junction,RENAULT,,Heavy oil,Male,None,No tow/articulation,Did not leave carriageway,0,Slowing or stopping,1,Other vehicle,No,Front,2020
200942I119604,A,414,A,1016,Fatal,None,20-04-2020,Sunday,1,Give way or uncontrolled,Other junction,22.73544754,Daylight,568610,203540,75.86736759,E01021602,2,3,0,0,Dry,Dual carriageway,None,70,10:05:00,Rural,Fine no high winds,No,26 - 35,4,Rural,7,3200,None,None,Other/Not known (2005-10),Approaching junction or waiting/parked at junction approach,MITSUBISHI,SHOGUN DI-D ELEG-CE LWB A,Heavy oil,Male,Skidded,No tow/articulation,Did not leave carriageway,0,Going ahead other,2,Car,No,Front,2020
2006216M24727,Motorway,6,NA,0,Fatal,None,26-10-2020,Sunday,1,Data missing or out of range,Not at junction or within 20 metres,22.07751037,Daylight,395100,307930,82.16671114,E01029621,6,6,0,0,Dry,Dual carriageway,None,70,19:38:00,Rural,Fine no high winds,No,26 - 35,4,Urban area,2,1396,None,None,Other/Not known (2005-10),Not at or within 20 metres of junction,MG,ZR+,Petrol,Female,None,No tow/articulation,Offside on to central reservation,0,Slowing or stopping,5,Car,No,Nearside,2019
200950BL2L006,A,30,B,3257,Fatal,None,02-01-2021,Saturday,1,Give way or uncontrolled,Crossroads,22.69083225,Daylight,224860,80280,75.89710873,E01018925,2,2,0,0,Dry,Dual carriageway,None,70,11:46:00,Rural,Fine no high winds,No,26 - 35,4,Rural,4,3200,None,None,Other/Not known (2005-10),Approaching junction or waiting/parked at junction approach,MITSUBISHI,SHOGUN EQUIPPE DI-D,Heavy oil,Female,Skidded,No tow/articulation,Did not leave carriageway,0,Going ahead other,2,Car,No,Front,2020
200743S065047,Motorway,1,NA,0,Fatal,Previous accident,22-06-2019,Wednesday,1,Data missing or out of range,Not at junction or within 20 metres,23.00248871,Darkness - lights lit,491410,239700,72.55495627,E01016735,6,6,0,0,Dry,Dual carriageway,None,70,02:55:00,Rural,Fine no high winds,No,36 - 45,4,Urban area,5,11705,None,None,Journey as part of work,Not at or within 20 metres of junction,SCANIA,,Heavy oil,Male,None,Articulated vehicle,Did not leave carriageway,0,Waiting to go - held up,3,Goods 7.5 tonnes mgw and over,No,Back,2019
201043S062080,Motorway,1,NA,0,Fatal,None,30-01-2021,Wednesday,1,Data missing or out of range,Not at junction or within 20 metres,22.76431437,Darkness - lights lit,481170,248220,75.87479505,E01016761,3,4,0,0,Dry,Dual carriageway,None,70,04:40:00,Rural,Fine no high winds,No,36 - 45,4,Urban area,NA,10518,None,None,Other/Not known (2005-10),Not at or within 20 metres of junction,ERF,,Heavy oil,Male,None,No tow/articulation,Did not leave carriageway,0,Slowing or stopping,4,Goods 7.5 tonnes mgw and over,No,Back,2020
200622DA85115,Motorway,5,NA,0,Fatal,None,21-05-2019,Thursday,1,Data missing or out of range,Not at junction or within 20 metres,28.59946189,Darkness - lights lit,392840,267650,77.24783272,E01032354,1,6,0,0,Wet or damp,Dual carriageway,None,70,07:20:00,Rural,Fine no high winds,No,36 - 45,4,Data missing or out of range,NA,2926,None,None,Journey as part of work,Not at or within 20 metres of junction,BMW,X5 D SPORT AUTO,Heavy oil,Male,None,No tow/articulation,Did not leave carriageway,0,Slowing or stopping,1,Car,No,Back,2021
200743N244117,Motorway,40,NA,0,Fatal,None,30-06-2019,Thursday,1,Data missing or out of range,Not at junction or within 20 metres,18.54373158,Darkness - lights lit,499460,186540,73.92442829,E01017823,5,7,0,0,Wet or damp,Dual carriageway,None,70,06:50:00,Rural,Fine no high winds,No,36 - 45,4,Rural,7,1686,None,None,Other/Not known (2005-10),Not at or within 20 metres of junction,VAUXHALL,ASTRA LS DTI 16V ECO,Heavy oil,Male,Skidded,No tow/articulation,Did not leave carriageway,0,Waiting to go - held up,7,Car,No,Back,2021
200734NW80307,A,45,NA,0,Fatal,None,05-02-2019,Friday,1,Data missing or out of range,Not at junction or within 20 metres,18.62979304,Darkness - lights lit,488960,266030,73.82207864,E01027320,1,1,0,0,Dry,Dual carriageway,None,70,03:45:00,Rural,Fine no high winds,No,36 - 45,4,Urban area,1,12130,None,None,Journey as part of work,Not at or within 20 metres of junction,VOLVO,,Heavy oil,Male,None,No tow/articulation,Did not leave carriageway,0,Going ahead other,1,Goods 7.5 tonnes mgw and over,No,Did not impact,2021
200843R108078,Motorway,4,NA,0,Fatal,None,01-12-2020,Wednesday,1,Data missing or out of range,Not at junction or within 20 metres,18.61771842,Darkness - lights lit,497480,179050,73.90143428,E01016514,1,2,0,0,Dry,Dual carriageway,None,70,22:58:00,Rural,Fine no high winds,No,36 - 45,4,Small town,6,1997,None,None,Other/Not known (2005-10),Not at or within 20 metres of junction,CITROEN,XSARA PICASSO DESIRE 2HDI,Heavy oil,Male,None,No tow/articulation,Did not leave carriageway,0,Overtaking moving vehicle - offside,2,Car,No,Back,2021
200922D906001,Motorway,5,NA,0,Fatal,None,28-08-2020,Wednesday,2,Data missing or out of range,Not at junction or within 20 metres,28.44935072,Darkness - lights lit,390710,259750,77.01458063,E01032401,3,2,0,0,Dry,Dual carriageway,None,70,20:20:00,Rural,Fine no high winds,No,36 - 45,4,Urban area,8,2616,None,None,Commuting to/from work,Not at or within 20 metres of junction,MAZDA,RX-8 192 PS,Petrol,Female,Skidded,No tow/articulation,Nearside,0,Going ahead other,1,Car,No,Front,2019
200601TC00288,Motorway,25,NA,0,Fatal,None,26-12-2021,Sunday,1,Data missing or out of range,Not at junction or within 20 metres,28.57173554,Darkness - lights lit,533490,200250,77.09217457,E01001412,2,1,0,0,Wet or damp,Dual carriageway,None,70,06:10:00,Rural,Raining no high winds,No,36 - 45,4,Urban area,9,1999,None,Road sign or traffic signal,Other/Not known (2005-10),Not at or within 20 metres of junction,MITSUBISHI,SHOGUN PININ GDI ELEGANCE A,Petrol,Female,None,No tow/articulation,Nearside,0,Going ahead other,1,Car,No,Did not impact,2021
200997QC70301,Motorway,74,NA,0,Fatal,None,21-09-2019,Monday,1,Data missing or out of range,Not at junction or within 20 metres,14.75667091,Darkness - no lighting,293350,620820,78.50776956,,2,3,0,0,Wet or damp,Dual carriageway,None,70,05:55:00,Rural,Fine + high winds,Yes,36 - 45,4,Urban area,3,11705,None,Central crash barrier,Journey as part of work,Not at or within 20 metres of junction,SCANIA,,Heavy oil,Male,Skidded,Double or multiple trailer,Offside on to centrl res + rebounded,0,Going ahead other,3,Goods over 3.5t. and under 7.5t,No,Front,2019
200630A000442,A,38,NA,0,Fatal,None,15-10-2021,Sunday,1,Data missing or out of range,Not at junction or within 20 metres,14.68586346,Darkness - no lighting,439720,353100,78.57290637,E01019477,1,1,0,0,Dry,Dual carriageway,None,70,02:55:00,Rural,Fine no high winds,No,36 - 45,4,Rural,8,1997,None,None,Other/Not known (2005-10),Not at or within 20 metres of junction,PEUGEOT,406 LX HDI (110),Heavy oil,Male,None,No tow/articulation,Did not leave carriageway,0,Going ahead other,1,Taxi/Private hire car,No,Front,2019
200545GU65484,A,3,NA,0,Fatal,None,14-02-2020,Saturday,1,Data missing or out of range,Not at junction or within 20 metres,15.32414917,Darkness - no lighting,502610,153190,74.08293225,E01030440,2,1,0,0,Dry,Slip road,None,70,22:07:00,Rural,Fine no high winds,No,36 - 45,4,Urban area,10,1298,None,Road sign or traffic signal,Other/Not known (2005-10),Not at or within 20 metres of junction,YAMAHA,XJR 1300SP,Petrol,Male,Skidded,No tow/articulation,Nearside,0,Going ahead other,1,Motorcycle over 500cc,No,Front,2019
200737G021936,A,14,A,14,Fatal,Any animal in carriageway (except ridden horse),20-09-2020,Monday,1,Give way or uncontrolled,Slip road,12.97769181,Darkness - no lighting,611130,253680,77.67382568,E01030057,6,6,0,0,Wet or damp,Dual carriageway,None,70,01:26:00,Rural,Fine no high winds,No,36 - 45,4,Urban area,6,2198,None,None,Commuting to/from work,Cleared junction or waiting/parked at junction exit,VAUXHALL,VECTRA ELEGANCE 16V AUTO,Petrol,Male,None,No tow/articulation,Did not leave carriageway,0,Going ahead other,6,Car,No,Front,2020
200654MA02006,Motorway,4,NA,0,Fatal,None,03-06-2020,Wednesday,1,Data missing or out of range,Not at junction or within 20 metres,12.98799869,Darkness - no lighting,413270,182360,77.62425147,E01015585,1,2,0,0,Dry,Dual carriageway,None,70,01:00:00,Rural,Fine no high winds,No,36 - 45,4,Data missing or out of range,NA,11000,None,None,Journey as part of work,Not at or within 20 metres of junction,ERF,,Heavy oil,Male,None,Articulated vehicle,Did not leave carriageway,0,Going ahead other,2,Goods 7.5 tonnes mgw and over,No,Front,2020
2006216M09194,Motorway,6,NA,0,Fatal,None,07-07-2020,Thursday,1,Data missing or out of range,Not at junction or within 20 metres,13.0101341,Darkness - no lighting,390550,321200,77.51083156,E01029742,1,2,0,0,Dry,Dual carriageway,None,70,21:21:00,Rural,Fine no high winds,No,36 - 45,4,Urban area,3,11000,None,None,Other/Not known (2005-10),Not at or within 20 metres of junction,ERF,,Heavy oil,Male,None,Articulated vehicle,Did not leave carriageway,0,Going ahead other,2,Goods 7.5 tonnes mgw and over,No,Back,2020
200543N007075,Motorway,40,NA,0,Fatal,Previous accident,14-08-2020,Saturday,1,Data missing or out of range,Not at junction or within 20 metres,22.7637316,Darkness - no lighting,486960,191300,75.85734972,E01017866,6,5,0,0,Dry,Dual carriageway,None,70,22:26:00,Rural,Fine no high winds,No,36 - 45,4,Urban area,9,1598,None,None,Other/Not known (2005-10),Not at or within 20 metres of junction,MERCEDES,A160 ELEGANCE,Petrol,Male,None,No tow/articulation,Did not leave carriageway,0,Going ahead other,3,Car,No,Front,2020
200605AA09644,Unclassified,0,NA,0,Fatal,None,21-02-2021,Tuesday,1,Data missing or out of range,Not at junction or within 20 metres,14.77374202,Daylight,332720,386730,78.50157054,E01007295,1,1,0,0,Dry,Single carriageway,None,20,16:46:00,Urban,Fine no high winds,No,16 - 20,3,Urban area,5,1598,None,None,Other/Not known (2005-10),Not at or within 20 metres of junction,VAUXHALL,ASTRA ACTIVE,Petrol,Male,None,No tow/articulation,Did not leave carriageway,0,Going ahead other,1,Car,No,Front,2019
200801ID76545,Unclassified,0,NA,0,Fatal,None,15-09-2021,Friday,1,Data missing or out of range,Not at junction or within 20 metres,28.67408598,Daylight,506410,174850,77.12336845,E01002444,1,1,0,1,Wet or damp,One way street,None,20,08:40:00,Urban,Unknown,No,46 - 55,3,Urban area,2,5880,None,None,Journey as part of work,Not at or within 20 metres of junction,DAF TRUCKS,FA CF65.220,Heavy oil,Male,None,Articulated vehicle,Did not leave carriageway,0,Turning left,1,Goods 7.5 tonnes mgw and over,No,Did not impact,2020
200743P148047,Unclassified,320,Unclassified,0,Fatal,None,28-05-2021,Wednesday,1,Auto traffic signal,Crossroads,18.64512494,Daylight,451550,206510,73.74201084,E01028521,1,2,0,0,Dry,Single carriageway,None,20,09:50:00,Urban,Fine no high winds,No,Data missing or out of range,3,Small town,9,9364,None,None,Journey as part of work,Mid Junction - on roundabout or on main road,VOLVO,,Heavy oil,Male,None,No tow/articulation,Did not leave carriageway,0,Turning left,1,Other vehicle,No,Front,2021
201020G014012,Unclassified,0,NA,0,Fatal,None,24-04-2020,Tuesday,1,Data missing or out of range,Not at junction or within 20 metres,14.6784256,Darkness - lights lit,392410,300640,78.49493435,E01010480,1,1,0,0,Dry,Single carriageway,None,30,05:08:00,Urban,Fine no high winds,No,16 - 20,3,Urban area,1,1299,Bollard or refuge,Tree,Other/Not known (2005-10),Not at or within 20 metres of junction,FORD,KA ZETEC CLIMATE,Petrol,Male,None,No tow/articulation,Offside and rebounded,0,Going ahead other,1,Car,No,Offside,2019
200911SB20189,A,689,NA,0,Fatal,None,10-10-2020,Sunday,1,Data missing or out of range,Not at junction or within 20 metres,27.10427451,Darkness - lights lit,416450,533230,93.62855653,E01020887,3,2,0,0,Dry,Single carriageway,None,30,23:56:00,Rural,Fine no high winds,No,16 - 20,3,Rural,3,1328,None,None,Other/Not known (2005-10),Not at or within 20 metres of junction,SUZUKI,SWIFT GL,Petrol,Male,None,No tow/articulation,Did not leave carriageway,0,Going ahead other,2,Car,No,Did not impact,2019
2009160D05350,Unclassified,0,Unclassified,0,Fatal,None,19-04-2019,Monday,1,Give way or uncontrolled,T or staggered junction,23.00360173,Darkness - lights lit,510480,433350,72.51619844,E01012789,2,1,0,0,Dry,Single carriageway,None,30,22:33:00,Urban,Fine no high winds,No,16 - 20,3,Urban area,1,124,Kerb,Lamp post,Other/Not known (2005-10),Approaching junction or waiting/parked at junction approach,Z Y MOTOR,ZY 125T-2,Petrol,Male,None,No tow/articulation,Offside,0,Going ahead left-hand bend,1,Motorcycle 50cc and under,No,Front,2019
200797NA70201,A,752,NA,0,Fatal,None,27-10-2020,Wednesday,1,Data missing or out of range,Not at junction or within 20 metres,28.4294772,Darkness - lights lit,270390,663950,77.01190493,,2,1,0,0,Wet or damp,Single carriageway,None,30,19:46:00,Urban,Fine no high winds,Yes,16 - 20,3,Urban area,NA,1796,None,Lamp post,Other/Not known (2005-10),Not at or within 20 metres of junction,MG,ZR+,Petrol,Male,Skidded,No tow/articulation,Nearside,9,Going ahead left-hand bend,1,Car,No,Offside,2019
200601TE00274,A,315,Unclassified,0,Fatal,None,07-02-2020,Monday,1,Give way or uncontrolled,T or staggered junction,18.57030357,Darkness - lights lit,515230,176400,73.8428823,E01002677,1,1,0,4,Dry,Single carriageway,None,30,02:45:00,Urban,Fine no high winds,No,16 - 20,3,Urban area,7,2993,None,None,Other/Not known (2005-10),Approaching junction or waiting/parked at junction approach,BMW,730 D SE AUTO,Heavy oil,Male,None,No tow/articulation,Did not leave carriageway,0,Going ahead other,1,Car,No,Front,2021
200604CL06003,B,5248,Unclassified,0,Fatal,None,25-01-2019,Wednesday,1,Give way or uncontrolled,Roundabout,18.53997934,Darkness - lights lit,354860,421560,73.80908793,E01025434,1,2,0,0,Wet or damp,Roundabout,None,30,07:40:00,Urban,Raining no high winds,No,16 - 20,3,Urban area,8,49,None,None,Journey as part of work,Mid Junction - on roundabout or on main road,APRILIA,,Petrol,Male,None,No tow/articulation,Did not leave carriageway,0,Turning right,2,Motorcycle 50cc and under,No,Nearside,2021
201001TB00024,Unclassified,0,Unclassified,0,Fatal,None,27-12-2019,Friday,1,Give way or uncontrolled,T or staggered junction,25.7664235,Daylight,505790,182570,87.48545227,E01002518,1,2,0,1,Wet or damp,Single carriageway,None,30,10:55:00,Urban,Fine no high winds,No,16 - 20,3,Urban area,2,125,None,None,Other/Not known (2005-10),Approaching junction or waiting/parked at junction approach,HONDA,CBR 125 RW-7,Petrol,Male,None,No tow/articulation,Did not leave carriageway,0,Overtaking static vehicle - offside,1,Motorcycle 125cc and under,No,Front,2019
201014A092710,C,7,Unclassified,0,Fatal,None,05-09-2021,Sunday,1,Give way or uncontrolled,T or staggered junction,26.46065082,Daylight,453870,398510,74.60964397,E01007548,1,2,0,0,Dry,Single carriageway,None,30,20:24:00,Urban,Fine no high winds,No,16 - 20,3,Urban area,1,749,Kerb,None,Other/Not known (2005-10),Approaching junction or waiting/parked at junction approach,SUZUKI,GSXR 750 K6,Petrol,Male,Skidded and overturned,No tow/articulation,Nearside,0,Overtaking moving vehicle - offside,2,Motorcycle over 500cc,No,Offside,2020
200901TE00019,A,308,NA,0,Fatal,None,30-01-2020,Saturday,1,Data missing or out of range,Not at junction or within 20 metres,26.46623566,Daylight,517730,169370,80.27553515,E01002968,2,3,0,0,Dry,Single carriageway,None,30,15:35:00,Urban,Fine no high winds,No,16 - 20,3,Urban area,6,49,None,None,Other/Not known (2005-10),Not at or within 20 metres of junction,PIAGGIO,NRG,Petrol,Male,None,No tow/articulation,Did not leave carriageway,2,Overtaking moving vehicle - offside,1,Motorcycle 50cc and under,No,Front,2020
200714A228407,Unclassified,0,Unclassified,0,Fatal,None,12-10-2020,Sunday,1,Give way or uncontrolled,T or staggered junction,19.11266441,Daylight,449680,399350,72.82881882,E01007544,1,2,0,0,Wet or damp,Single carriageway,None,30,16:26:00,Urban,Fine no high winds,No,16 - 20,3,Urban area,1,124,Kerb,Lamp post,Other/Not known (2005-10),Approaching junction or waiting/parked at junction approach,RIEJU,MRX 125,Petrol,Male,None,No tow/articulation,Nearside and rebounded,0,Going ahead other,2,Motorcycle 125cc and under,No,Front,2021
200905BB32757,B,5195,Unclassified,0,Fatal,None,07-10-2019,Monday,1,Give way or uncontrolled,T or staggered junction,14.72990613,Daylight,330930,406970,78.54378485,E01007075,1,3,0,0,Dry,Single carriageway,None,30,14:35:00,Urban,Fine no high winds,No,16 - 20,3,Urban area,7,125,None,None,Other/Not known (2005-10),Mid Junction - on roundabout or on main road,APRILIA,,Petrol,Male,None,No tow/articulation,Did not leave carriageway,0,Going ahead other,2,Motorcycle 125cc and under,No,Front,2019
201001TB00024,Unclassified,0,Unclassified,0,Fatal,None,19-02-2010,Friday,1,Give way or uncontrolled,T or staggered junction,51.532083,Daylight,505790,182570,-0.476239,E01002518,1,2,0,1,Wet or damp,Single carriageway,None,30,10:55:00,Urban,Fine no high winds,No,16 - 20,3,Urban area,2,125,None,None,Other/Not known (2005-10),Approaching junction or waiting/parked at junction approach,HONDA,CBR 125 RW-7,Petrol,Male,None,No tow/articulation,Did not leave carriageway,0,Overtaking static vehicle - offside,1,Motorcycle 125cc and under,No,Front,2010
201014A092710,C,7,Unclassified,0,Fatal,None,20-06-2010,Sunday,1,Give way or uncontrolled,T or staggered junction,53.480553,Daylight,453870,398510,-1.189723,E01007548,1,2,0,0,Dry,Single carriageway,None,30,20:24:00,Urban,Fine no high winds,No,16 - 20,3,Urban area,1,749,Kerb,None,Other/Not known (2005-10),Approaching junction or waiting/parked at junction approach,SUZUKI,GSXR 750 K6,Petrol,Male,Skidded and overturned,No tow/articulation,Nearside,0,Overtaking moving vehicle - offside,2,Motorcycle over 500cc,No,Offside,2010
200543N169125,C,96,NA,0,Fatal,None,15-02-2021,Thursday,1,Data missing or out of range,Not at junction or within 20 metres,22.70918225,Daylight,487860,194790,75.83210419,E01017920,1,1,0,8,Dry,Single carriageway,None,30,15:42:00,Urban,Fine no high winds,No,16 - 20,3,Data missing or out of range,NA,1199,None,None,Other/Not known (2005-10),Not at or within 20 metres of junction,VAUXHALL,CORSA COMFORT 16V,Petrol,Female,None,No tow/articulation,Did not leave carriageway,0,Going ahead other,1,Car,No,Nearside,2020
20104100D0192,A,4251,NA,0,Fatal,None,10-01-2021,Tuesday,1,Not at junction or within 20 metres,Not at junction or within 20 metres,25.76845552,Daylight,507160,203190,87.47840708,E01023407,1,1,0,0,Wet or damp,Single carriageway,None,30,16:10:00,Urban,Raining no high winds,No,16 - 20,3,Rural,9,125,Kerb,None,Other/Not known (2005-10),Not at or within 20 metres of junction,APRILIA,RS 125 FP 06,Petrol,Male,None,No tow/articulation,Nearside and rebounded,0,Going ahead other,1,Motorcycle 125cc and under,No,Front,2019
200501TE00321,B,3377,Unclassified,0,Fatal,None,03-04-2021,Thursday,1,Give way or uncontrolled,T or staggered junction,27.09966802,Darkness - lights lit,510820,173260,93.61978743,E01002612,3,3,0,0,Dry,Single carriageway,None,30,01:26:00,Urban,Fine no high winds,No,21 - 25,3,Urban area,4,1995,Parked vehicle,None,Other/Not known (2005-10),Approaching junction or waiting/parked at junction approach,BMW,318 TI SE COMPACT,Petrol,Male,None,No tow/articulation,Did not leave carriageway,0,Going ahead right-hand bend,1,Car,No,Offside,2019
200801XD74351,C,0,NA,0,Fatal,None,21-06-2020,Saturday,1,Data missing or out of range,Not at junction or within 20 metres,22.73659329,Darkness - lights lit,516750,183740,75.85074982,E01001343,2,3,0,0,Dry,Single carriageway,None,30,01:27:00,Urban,Fine no high winds,No,21 - 25,3,Urban area,5,4999,None,None,Other/Not known (2005-10),Not at or within 20 metres of junction,BMW,M6,Petrol,Male,None,No tow/articulation,Nearside,0,Parked,1,Car,No,Front,2020
200904FG09022,A,56,NA,0,Fatal,None,17-06-2021,Wednesday,1,Data missing or out of range,Not at junction or within 20 metres,22.7525078,Darkness - lights lit,387110,438800,75.89636509,E01025210,1,2,0,0,Wet or damp,Single carriageway,None,30,23:57:00,Urban,Fine no high winds,No,21 - 25,3,Urban area,1,1686,None,None,Other/Not known (2005-10),Not at or within 20 metres of junction,VAUXHALL,ASTRA CLUB CDTI,Heavy oil,Male,None,No tow/articulation,Did not leave carriageway,0,Going ahead other,1,Car,No,Front,2020
201011SJ00020,Unclassified,0,NA,0,Fatal,None,18-04-2021,Saturday,1,Data missing or out of range,Not at junction or within 20 metres,27.10306565,Darkness - lights lit,431050,510110,93.61679178,E01012338,1,1,0,0,Wet or damp,Single carriageway,None,30,23:49:00,Rural,Fog or mist,No,21 - 25,3,Urban area,9,1390,None,None,Other/Not known (2005-10),Not at or within 20 metres of junction,RENAULT,CLIO DYNAMIQUE S,Petrol,Male,None,No tow/articulation,Did not leave carriageway,0,Going ahead other,1,Car,No,Nearside,2019
201011SJ00020,Unclassified,0,NA,0,Fatal,None,16-01-2010,Saturday,1,Data missing or out of range,Not at junction or within 20 metres,54.485401,Darkness - lights lit,431050,510110,-1.522231,E01012338,1,1,0,0,Wet or damp,Single carriageway,None,30,23:49:00,Rural,Fog or mist,No,21 - 25,3,Urban area,9,1390,None,None,Other/Not known (2005-10),Not at or within 20 metres of junction,RENAULT,CLIO DYNAMIQUE S,Petrol,Male,None,No tow/articulation,Did not leave carriageway,0,Going ahead other,1,Car,No,Nearside,2010
200514D008305,B,6082,NA,0,Fatal,None,16-11-2020,Sunday,1,Data missing or out of range,Not at junction or within 20 metres,29.41491567,Darkness - lights lit,438140,390480,72.57143831,E01007855,1,2,0,0,Wet or damp,Single carriageway,None,30,02:42:00,Urban,Other,No,21 - 25,3,Urban area,2,1590,None,Bus stop or bus shelter,Other/Not known (2005-10),Not at or within 20 metres of junction,HONDA,CIVIC SE EXECUTIVE,Petrol,Male,Skidded,No tow/articulation,Offside and rebounded,0,Going ahead right-hand bend,2,Car,No,Front,2021