Accident_Index,1st_Road_Class,1st_Road_Number,2nd_Road_Class,2nd_Road_Number,Accident_Severity,Carriageway_Hazards,Date,Day_of_Week,Did_Police_Officer_Attend_Scene_of_Accident,Junction_Control,Junction_Detail,Latitude,Light_Conditions,Location_Easting_OSGR,Location_Northing_OSGR,Longitude,LSOA_of_Accident_Location,Number_of_Casualties,Number_of_Vehicles,Pedestrian_Crossing-Human_Control,Pedestrian_Crossing-Physical_Facilities,Road_Surface_Conditions,Road_Type,Special_Conditions_at_Site,Speed_limit,Time,Urban_or_Rural_Area,Weather_Conditions,InScotland,Age_Band_of_Driver,Age_of_Vehicle,Driver_Home_Area_Type,Driver_IMD_Decile,Engine_Capacity_.CC.,Hit_Object_in_Carriageway,Hit_Object_off_Carriageway,Journey_Purpose_of_Driver,Junction_Location,make,model,Propulsion_Code,Sex_of_Driver,Skidding_and_Overturning,Towing_and_Articulation,Vehicle_Leaving_Carriageway,Vehicle_Location.Restricted_Lane,Vehicle_Manoeuvre,Vehicle_Reference,Vehicle_Type,Was_Vehicle_Left_Hand_Drive,X1st_Point_of_Impact,Year
200845GU25000,A,3,NA,0,Fatal,None,25-09-2020,Wednesday,1,Data missing or out of range,Not at junction or within 20 metres,14.78761276,Darkness - lights lit,497970,150110,78.63862654,E01030470,2,1,0,0,Dry,Dual carriageway,None,50,04:40:00,Urban,Fine no high winds,No,26 - 35,3,Urban area,4,12130,None,None,Journey as part of work,Not at or within 20 metres of junction,VOLVO,,Heavy oil,Male,None,Articulated vehicle,Did not leave carriageway,0,Going ahead other,1,Goods 7.5 tonnes mgw and over,No,Front,2019
20074100G0037,A,602,NA,0,Fatal,None,15-09-2020,Wednesday,1,Not at junction or within 20 metres,Not at junction or within 20 metres,14.69157847,Darkness - lights lit,518240,228510,78.5865729,E01023615,3,2,0,0,Frost or ice,Single carriageway,None,50,06:11:00,Rural,Other,No,26 - 35,3,Urban area,7,2198,None,None,Commuting to/from work,Not at or within 20 metres of junction,VAUXHALL,SIGNUM ELEGANCE DIRECT,Petrol,Male,Skidded,No tow/articulation,Offside,0,Going ahead right-hand bend,1,Car,No,Nearside,2019
200543P206095,A,4074,Unclassified,0,Fatal,None,16-12-2020,Wednesday,1,Give way or uncontrolled,T or staggered junction,18.48893657,Daylight,469390,177560,73.84118395,E01028659,1,4,0,0,Dry,Single carriageway,None,50,17:37:00,Rural,Fine no high winds,No,26 - 35,3,Data missing or out of range,NA,600,None,None,Other/Not known (2005-10),Approaching junction or waiting/parked at junction approach,JAWA,,Petrol,Male,None,No tow/articulation,Did not leave carriageway,0,Going ahead other,1,Motorcycle over 500cc,No,Front,2021
200943R213129,A,332,NA,0,Fatal,None,10-02-2020,Wednesday,1,Data missing or out of range,Not at junction or within 20 metres,22.70289788,Darkness - no lighting,495040,173080,75.86861822,E01016588,3,2,0,0,Wet or damp,Single carriageway,None,50,17:39:00,Rural,Raining no high winds,No,36 - 45,3,Rural,7,1968,None,Tree,Other/Not known (2005-10),Not at or within 20 metres of junction,VOLKSWAGEN,PASSAT SE TDI AUTO,Heavy oil,Female,None,No tow/articulation,Offside,0,Going ahead other,2,Car,No,Front,2020
200850BS2G007,A,38,NA,0,Fatal,None,20-08-2021,Thursday,1,Not at junction or within 20 metres,Not at junction or within 20 metres,18.59123491,Daylight,239170,60660,73.85289809,E01018787,3,3,0,0,Dry,Single carriageway,None,50,13:45:00,Rural,Fine no high winds,No,36 - 45,3,Urban area,7,1402,None,None,Other/Not known (2005-10),Not at or within 20 metres of junction,SUZUKI,GSX 1400 K5,Petrol,Male,None,No tow/articulation,Nearside,0,Going ahead left-hand bend,1,Motorcycle over 500cc,No,Front,2021
200543W397115,B,4001,NA,0,Fatal,None,20-02-2021,Friday,1,Data missing or out of range,Not at junction or within 20 metres,28.67554499,Darkness - no lighting,433210,180640,77.18069411,E01016305,1,1,0,0,Wet or damp,Single carriageway,None,50,20:00:00,Rural,Fine no high winds,No,46 - 55,3,Rural,9,5935,None,Road sign or traffic signal,Other/Not known (2005-10),Not at or within 20 metres of junction,ASTON MARTIN,DB7 VANTAGE AUTO,Petrol,Male,None,No tow/articulation,Offside,0,Going ahead other,1,Car,No,Front,2020
200943P143099,A,4421,Unclassified,0,Fatal,None,23-07-2019,Saturday,1,Give way or uncontrolled,T or staggered junction,25.76926984,Daylight,459830,221660,87.48968433,E01028465,1,2,0,0,Dry,Single carriageway,None,50,14:43:00,Rural,Fine no high winds,No,46 - 55,3,Urban area,10,645,None,None,Other/Not known (2005-10),Approaching junction or waiting/parked at junction approach,SUZUKI,SV 650 SK6,Petrol,Male,Skidded,No tow/articulation,Offside,0,Going ahead other,2,Motorcycle over 500cc,No,Front,2019
200504CD05046,A,674,NA,0,Fatal,None,31-03-2021,Wednesday,1,Data missing or out of range,Not at junction or within 20 metres,25.78188045,Daylight,359160,419820,87.49099761,E01024932,3,2,0,0,Wet or damp,Single carriageway,None,50,13:45:00,Rural,Fine no high winds,No,46 - 55,3,Urban area,8,2188,None,None,Other/Not known (2005-10),Not at or within 20 metres of junction,RENAULT,VEL SATIS EXPRESSION DCI,Heavy oil,Male,None,No tow/articulation,Did not leave carriageway,0,Going ahead other,2,Car,No,Front,2019
200942I267008,Motorway,25,NA,0,Fatal,None,14-02-2021,Sunday,1,Not at junction or within 20 metres,Not at junction or within 20 metres,22.76634277,Daylight,546990,200000,75.90138036,E01021759,1,2,0,0,Dry,Single carriageway,Roadworks,50,12:00:00,Rural,Fine no high winds,No,46 - 55,3,Data missing or out of range,NA,599,None,None,Other/Not known (2005-10),Not at or within 20 metres of junction,HONDA,CBR 600 RR-5,Petrol,Male,Skidded and overturned,No tow/articulation,Did not leave carriageway,0,Going ahead other,1,Motorcycle over 500cc,No,Did not impact,2020
200832C123108,A,16,Unclassified,0,Fatal,None,05-09-2020,Friday,1,Give way or uncontrolled,T or staggered junction,26.45419493,Daylight,528620,398300,80.33487685,E01026080,1,2,0,0,Dry,Single carriageway,None,50,13:00:00,Rural,Fine no high winds,No,46 - 55,3,Rural,3,2463,None,None,Journey as part of work,Mid Junction - on roundabout or on main road,VAUXHALL,MOVANO DTI 3500 LWB,Heavy oil,Male,None,No tow/articulation,Did not leave carriageway,0,Moving off,1,Van / Goods 3.5 tonnes mgw or under,No,Offside,2020
200645TA80877,A,22,NA,0,Fatal,None,02-07-2021,Monday,1,Data missing or out of range,Not at junction or within 20 metres,19.19100322,Daylight,534870,156390,72.92562182,E01030851,1,4,0,0,Dry,Dual carriageway,None,50,11:44:00,Rural,Fine no high winds,No,46 - 55,3,Small town,3,12130,None,None,Other/Not known (2005-10),Not at or within 20 metres of junction,VOLVO,,Heavy oil,Male,None,No tow/articulation,Did not leave carriageway,0,Going ahead left-hand bend,3,Goods 7.5 tonnes mgw and over,No,Did not impact,2021
200832C161408,A,52,NA,0,Fatal,None,23-10-2019,Monday,1,Data missing or out of range,Not at junction or within 20 metres,14.71179606,Daylight,549940,357700,78.61032047,E01026112,1,1,0,0,Dry,Single carriageway,None,50,07:21:00,Rural,Fine no high winds,No,46 - 55,3,Rural,3,2172,None,None,Commuting to/from work,Not at or within 20 metres of junction,VAUXHALL,VECTRA SXI DTI 16V AUTO,Heavy oil,Female,None,No tow/articulation,Did not leave carriageway,0,Going ahead other,1,Car,No,Front,2019
200750D21O469,B,3181,NA,0,Fatal,None,22-01-2019,Wednesday,1,Not at junction or within 20 metres,Not at junction or within 20 metres,8.880986472,Daylight,298460,99160,76.6502132,E01019891,4,3,0,0,Wet or damp,Dual carriageway,None,50,15:08:00,Rural,Raining no high winds,No,46 - 55,3,Urban area,8,8268,None,Other permanent object,Data missing or out of range,Not at or within 20 metres of junction,TRANSBUS INT,,Heavy oil,Male,Skidded,No tow/articulation,Nearside,0,Going ahead other,2,Bus or coach (17 or more pass seats),No,Front,2020
200845TA32832,B,2028,NA,0,Fatal,None,13-07-2020,Thursday,1,Data missing or out of range,Not at junction or within 20 metres,28.67681588,Darkness - no lighting,534130,140870,77.06686956,E01030816,1,2,0,0,Wet or damp,Single carriageway,None,50,20:10:00,Rural,Fine no high winds,No,56 - 65,3,Rural,6,3222,None,None,Other/Not known (2005-10),Not at or within 20 metres of junction,MERCEDES,E320 CDI AVANTGARDE AUTO,Heavy oil,Female,Skidded and overturned,No tow/articulation,Did not leave carriageway,0,Going ahead other,1,Car,No,Did not impact,2021
200632C118506,B,1183,Unclassified,0,Fatal,None,06-06-2021,Wednesday,1,Give way or uncontrolled,Crossroads,18.55479005,Daylight,531040,355710,73.77236298,E01026057,1,2,0,0,Dry,Single carriageway,None,50,16:26:00,Rural,Fine no high winds,No,56 - 65,3,Urban area,4,8268,None,None,Journey as part of work,Approaching junction or waiting/parked at junction approach,DENNIS,,Heavy oil,Male,None,No tow/articulation,Did not leave carriageway,0,Parked,2,Bus or coach (17 or more pass seats),No,Did not impact,2021
20094100F0410,A,405,NA,0,Fatal,None,12-07-2019,Friday,1,Not at junction or within 20 metres,Not at junction or within 20 metres,26.75702919,Daylight,511970,202200,94.17187429,E01023732,1,1,2,4,Wet or damp,Dual carriageway,None,50,15:40:00,Urban,Fine no high winds,No,56 - 65,3,Small town,7,1360,None,None,Journey as part of work,Not at or within 20 metres of junction,PEUGEOT,207 SPORT 87,Petrol,Male,None,No tow/articulation,Did not leave carriageway,0,Going ahead other,1,Car,No,Front,2019
200504A003405,A,584,Unclassified,0,Fatal,None,21-02-2020,Friday,1,Give way or uncontrolled,T or staggered junction,27.08964552,Daylight,343720,429400,93.60811259,E01024998,4,2,0,0,Wet or damp,Dual carriageway,None,50,15:35:00,Rural,Fine no high winds,No,66 - 75,3,Urban area,9,1396,Kerb,None,Data missing or out of range,Entering main road,ROVER,25 IMPRESSION S2,Petrol,Female,None,No tow/articulation,Offside on to centrl res + rebounded,0,Turning right,1,Car,Data missing or out of range,Offside,2019
200591NE14850,B,817,NA,0,Fatal,None,10-08-2020,Sunday,1,Data missing or out of range,Not at junction or within 20 metres,18.55963532,Darkness - lights lit,269740,868890,73.78824933,,4,1,0,0,Dry,Single carriageway,None,60,00:34:00,Rural,Fine no high winds,Yes,16 - 20,3,Small town,NA,1149,Kerb,Other permanent object,Other/Not known (2005-10),Not at or within 20 metres of junction,RENAULT,CLIO DYNAMIQUE 16V,Petrol,Female,Overturned,No tow/articulation,Nearside,0,Going ahead right-hand bend,1,Car,No,Nearside,2021
200732D282907,C,223,NA,0,Fatal,None,19-07-2021,Thursday,1,Data missing or out of range,Not at junction or within 20 metres,23.01148039,Darkness - no lighting,502770,378380,72.61994122,E01026405,2,2,0,0,Dry,Single carriageway,None,60,20:25:00,Rural,Fine no high winds,No,16 - 20,3,Small town,9,1995,None,None,Other/Not known (2005-10),Not at or within 20 metres of junction,TOYOTA,COROLLA TSPIRIT D4D,Heavy oil,Male,None,No tow/articulation,Did not leave carriageway,0,Going ahead other,1,Car,No,Front,2019
200742I362709,A,1017,NA,0,Serious,None,28-07-2021,Wednesday,1,Not at junction or within 20 metres,Not at junction or within 20 metres,19.20407338,Darkness - no lighting,578110,228170,72.88580649,E01021381,1,2,0,0,Dry,Single carriageway,None,60,21:32:00,Rural,Fine no high winds,No,46 - 55,58,Rural,5,490,None,None,Other/Not known (2005-10),Not at or within 20 metres of junction,,,Petrol,Male,None,No tow/articulation,Did not leave carriageway,0,Going ahead other,2,Motorcycle over 125cc and up to 500cc,No,Offside,2021
200743W182097,A,321,Unclassified,7510,Serious,None,24-04-2021,Thursday,1,Give way or uncontrolled,Crossroads,23.04913528,Daylight,480290,172050,72.59795072,E01016656,1,2,0,0,Dry,Single carriageway,None,60,08:57:00,Rural,Fine no high winds,No,46 - 55,49,Data missing or out of range,NA,500,None,None,Other/Not known (2005-10),Mid Junction - on roundabout or on main road,,,Petrol,Male,None,No tow/articulation,Did not leave carriageway,0,Going ahead other,2,Motorcycle over 125cc and up to 500cc,No,Front,2019
200930B000396,A,619,Unclassified,0,Serious,None,26-10-2020,Sunday,1,Give way or uncontrolled,T or staggered junction,23.03340886,Daylight,421990,369470,72.57369126,E01019599,1,2,0,0,Dry,Single carriageway,None,30,11:00:00,Rural,Fine no high winds,No,46 - 55,47,Rural,9,3000,None,None,Other/Not known (2005-10),Leaving main road,,,Petrol,Male,None,No tow/articulation,Did not leave carriageway,0,Turning left,1,Car,No,Nearside,2019
200843W121098,A,339,NA,0,Serious,None,08-10-2021,Thursday,1,Data missing or out of range,Not at junction or within 20 metres,26.4638005,Daylight,447180,168800,80.29992659,E01016324,1,2,0,0,Dry,Dual carriageway,None,50,10:08:00,Rural,Fine no high winds,No,36 - 45,44,Urban area,8,200,None,None,Journey as part of work,Not at or within 20 metres of junction,,,Petrol,Male,None,No tow/articulation,Did not leave carriageway,0,Changing lane to right,2,Motorcycle 125cc and under,No,Offside,2020
200945MO35278,A,24,NA,0,Serious,None,12-07-2019,Wednesday,1,Data missing or out of range,Not at junction or within 20 metres,22.08456255,Darkness - lights lit,519490,159470,82.12458044,E01030405,3,2,0,0,Frost or ice,Single carriageway,Road surface defective,40,06:46:00,Rural,Fine no high winds,No,46 - 55,39,Urban area,6,7500,None,None,Other/Not known (2005-10),Not at or within 20 metres of junction,,RIVIERA,Petrol,Female,None,No tow/articulation,Did not leave carriageway,0,Going ahead other,1,Car,No,Front,2019
20083102B1397,A,616,C,70,Serious,None,23-03-2019,Thursday,1,Give way or uncontrolled,Crossroads,13.03253168,Daylight,471910,362830,77.58262506,E01028312,2,2,0,0,Dry,Single carriageway,None,60,13:54:00,Rural,Fine no high winds,No,46 - 55,37,Rural,8,750,None,None,Other/Not known (2005-10),Mid Junction - on roundabout or on main road,,,Petrol,Male,Skidded and overturned,No tow/articulation,Did not leave carriageway,0,Overtaking moving vehicle - offside,1,Motorcycle over 500cc,No,Front,2020
200942I388511,B,1022,B,1023,Serious,None,07-03-2021,Friday,2,Give way or uncontrolled,Mini-roundabout,28.45861783,Darkness - lights lit,589280,216690,76.98433163,E01021727,1,2,0,0,Wet or damp,Roundabout,None,30,18:20:00,Rural,Raining no high winds,No,46 - 55,33,Small town,4,408,None,None,Journey as part of work,Entering roundabout,,,Petrol,Male,None,No tow/articulation,Did not leave carriageway,0,Going ahead other,1,Motorcycle over 125cc and up to 500cc,No,Front,2019
200937B043577,A,1092,NA,0,Serious,None,28-11-2019,Tuesday,1,Data missing or out of range,Not at junction or within 20 metres,27.10056392,Darkness - no lighting,578610,245720,93.62354156,E01030101,1,1,0,0,Wet or damp,Single carriageway,None,60,18:00:00,Rural,Raining no high winds,No,46 - 55,33,Small town,5,198,None,Road sign or traffic signal,Commuting to/from work,Not at or within 20 metres of junction,,,Petrol,Male,Skidded,No tow/articulation,Nearside,0,Going ahead right-hand bend,1,Motorcycle over 125cc and up to 500cc,No,Nearside,2019
2010160B01271,Unclassified,0,NA,0,Serious,None,16-04-2010,Friday,1,Data missing or out of range,Not at junction or within 20 metres,53.657223,Darkness - no lighting,512350,419200,-0.301385,E01013306,4,2,0,0,Dry,Single carriageway,None,60,21:41:00,Rural,Fine no high winds,No,46 - 55,31,Rural,6,NA,None,None,Journey as part of work,Not at or within 20 metres of junction,MUIR-HILL,,Heavy oil,Male,None,Other tow,Did not leave carriageway,0,Going ahead other,1,Agricultural vehicle,No,Back,2010
200804AL08191,Unclassified,0,Unclassified,0,Serious,None,04-10-2019,Monday,1,Give way or uncontrolled,T or staggered junction,28.42257331,Darkness - no lighting,342420,430280,77.02304732,E01024998,3,4,0,0,Dry,Single carriageway,None,60,16:49:00,Rural,Fine no high winds,No,16 - 20,30,Urban area,5,1098,None,None,Commuting to/from work,Approaching junction or waiting/parked at junction approach,,MINI CLUBMAN 1100,Petrol,Female,Skidded,No tow/articulation,Did not leave carriageway,0,Going ahead other,2,Car,No,Front,2019
2010400D01406,A,5,NA,0,Serious,None,12-05-2020,Wednesday,1,Data missing or out of range,Not at junction or within 20 metres,26.76592327,Daylight,504920,218160,94.20228006,E01017586,1,3,0,0,Dry,Single carriageway,None,60,06:20:00,Rural,Fine no high winds,No,46 - 55,29,Data missing or out of range,NA,550,None,Entered ditch,Journey as part of work,Not at or within 20 metres of junction,,,Petrol,Male,None,No tow/articulation,Nearside,0,Going ahead other,2,Motorcycle over 500cc,No,Offside,2019
200934TK25909,A,6003,NA,0,Serious,None,23-07-2021,Monday,1,Data missing or out of range,Not at junction or within 20 metres,26.72966973,Daylight,488890,277280,94.19257528,E01027121,2,2,0,0,Dry,Dual carriageway,None,40,09:55:00,Urban,Fine no high winds,No,46 - 55,29,Urban area,5,249,None,None,Other/Not known (2005-10),Not at or within 20 metres of junction,,,Petrol,Male,None,No tow/articulation,Did not leave carriageway,0,Going ahead other,2,Motorcycle over 125cc and up to 500cc,No,Front,2019
200822EA86919,Unclassified,0,NA,0,Serious,None,22-12-2019,Saturday,1,Data missing or out of range,Not at junction or within 20 metres,25.76498686,Daylight,359870,224350,87.4925264,E01014064,1,2,0,0,Wet or damp,Single carriageway,None,30,12:10:00,Urban,Fine no high winds,No,46 - 55,28,Urban area,2,3818,Parked vehicle,None,Other/Not known (2005-10),Not at or within 20 metres of junction,,380 SLC AUTO,Petrol,Male,Skidded,No tow/articulation,Did not leave carriageway,0,Slowing or stopping,1,Car,No,Front,2019
200905AA02773,Unclassified,0,Unclassified,0,Serious,None,10-06-2019,Friday,1,Give way or uncontrolled,Crossroads,23.01615113,Daylight,330190,388060,72.57463784,E01007240,1,2,0,0,Dry,Single carriageway,None,30,16:40:00,Urban,Fine no high winds,No,46 - 55,28,Urban area,1,496,None,None,Other/Not known (2005-10),Approaching junction or waiting/parked at junction approach,,,Petrol,Male,Skidded,No tow/articulation,Did not leave carriageway,0,Overtaking moving vehicle - offside,1,Motorcycle over 500cc,No,Front,2019
200914K093309,C,420,A,621,Serious,None,24-08-2020,Monday,1,Auto traffic signal,Crossroads,18.55097516,Daylight,434560,384740,73.88661098,E01008113,1,2,0,0,Dry,Single carriageway,None,30,15:50:00,Urban,Fine no high winds,No,16 - 20,27,Urban area,10,124,None,None,Other/Not known (2005-10),Mid Junction - on roundabout or on main road,,CB 125 TD-C,Petrol,Male,None,No tow/articulation,Did not leave carriageway,0,Going ahead other,2,Motorcycle 125cc and under,No,Front,2021
200801VW40220,A,219,A,219,Serious,None,24-10-2020,Thursday,1,Give way or uncontrolled,T or staggered junction,14.66500204,Darkness - lights lit,525040,170500,78.60400159,E01003383,2,1,0,4,Dry,Single carriageway,None,20,22:52:00,Urban,Fine no high winds,No,26 - 35,26,Urban area,4,750,None,None,Other/Not known (2005-10),Mid Junction - on roundabout or on main road,,,Petrol,Male,None,No tow/articulation,Did not leave carriageway,0,Going ahead other,1,Motorcycle over 500cc,No,Front,2019
200804CL08003,B,5253,B,5256,Serious,None,09-08-2020,Saturday,1,Auto traffic signal,Crossroads,14.79407915,Darkness - lights lit,353030,422760,78.59202187,E01025421,3,2,0,5,Dry,Single carriageway,None,30,01:46:00,Urban,Fine no high winds,No,16 - 20,26,Urban area,1,249,Kerb,None,Other/Not known (2005-10),Mid Junction - on roundabout or on main road,,,Petrol,Male,Skidded,No tow/articulation,Did not leave carriageway,0,Going ahead other,1,Motorcycle over 125cc and up to 500cc,No,Front,2019
200934NK02959,Unclassified,2411,Unclassified,2576,Serious,None,01-02-2021,Sunday,1,Give way or uncontrolled,Crossroads,26.74159925,Darkness - lights lit,486940,279370,94.18882419,E01027105,1,6,0,0,Dry,Single carriageway,None,30,20:45:00,Urban,Fine no high winds,No,16 - 20,26,Urban area,9,98,None,None,Other/Not known (2005-10),Mid Junction - on roundabout or on main road,,,Petrol,Male,None,No tow/articulation,Did not leave carriageway,0,Going ahead other,1,Motorcycle 125cc and under,No,Nearside,2019
200806N005308,A,56,Unclassified,0,Serious,None,02-01-2019,Thursday,1,Give way or uncontrolled,T or staggered junction,12.97034869,Darkness - lights lit,380760,412340,77.51694803,E01004976,1,2,0,0,Wet or damp,Single carriageway,None,30,18:55:00,Urban,Fine no high winds,No,16 - 20,26,Urban area,2,123,None,None,Other/Not known (2005-10),Approaching junction or waiting/parked at junction approach,,,Petrol,Male,Overturned,No tow/articulation,Did not leave carriageway,0,Going ahead other,2,Motorcycle 125cc and under,No,Front,2020
201014C063710,Unclassified,0,Unclassified,0,Serious,None,28-05-2010,Friday,1,Give way or uncontrolled,T or staggered junction,53.433404,Daylight,443750,393160,-1.342949,E01007767,1,2,0,0,Dry,Single carriageway,None,30,21:20:00,Urban,Fine no high winds,No,16 - 20,26,Urban area,2,124,None,None,Other/Not known (2005-10),Approaching junction or waiting/parked at junction approach,SUZUKI,,Petrol,Male,None,No tow/articulation,Did not leave carriageway,0,Going ahead other,1,Motorcycle 125cc and under,No,Offside,2010
200904CK09207,Unclassified,0,Unclassified,0,Serious,None,20-01-2019,Sunday,1,Give way or uncontrolled,Crossroads,14.74720643,Darkness - lights lit,342810,411630,78.46301691,E01025487,1,2,0,0,Dry,Single carriageway,None,40,00:23:00,Rural,Fine no high winds,No,26 - 35,26,Small town,5,500,None,None,Other/Not known (2005-10),Approaching junction or waiting/parked at junction approach,,,Petrol,Male,None,No tow/articulation,Did not leave carriageway,0,Turning right,2,Motorcycle over 500cc,No,Offside,2019
20093102D2594,B,6009,NA,0,Serious,None,04-07-2020,Saturday,1,Data missing or out of range,Not at junction or within 20 metres,27.10497218,Darkness - no lighting,450120,346230,93.62330809,E01028123,3,2,0,0,Dry,Single carriageway,None,60,03:33:00,Rural,Fine no high winds,No,16 - 20,26,Urban area,5,1993,None,None,Other/Not known (2005-10),Not at or within 20 metres of junction,,CAPRI S 5SPD,Petrol,Male,Skidded,No tow/articulation,Did not leave carriageway,0,Going ahead right-hand bend,2,Car,No,Did not impact,2019
200750E21L614,Unclassified,0,NA,0,Serious,None,27-12-2021,Saturday,1,Not at junction or within 20 metres,Not at junction or within 20 metres,25.78796902,Daylight,251200,56360,87.4582821,E01015055,1,2,0,0,Dry,Single carriageway,None,30,12:00:00,Urban,Fine no high winds,No,46 - 55,26,Urban area,2,1970,Bollard or refuge,Other permanent object,Data missing or out of range,Not at or within 20 metres of junction,,,Petrol,Male,Skidded and overturned,No tow/articulation,Nearside,0,Going ahead left-hand bend,2,Other vehicle,No,Nearside,2019
200850KA2J014,B,3261,Unclassified,0,Serious,None,27-08-2021,Thursday,1,Give way or uncontrolled,T or staggered junction,27.09842482,Daylight,330000,98450,93.63426937,E01019888,1,2,0,0,Dry,Single carriageway,None,20,14:20:00,Rural,Fine no high winds,No,36 - 45,25,Small town,5,558,None,None,Other/Not known (2005-10),Mid Junction - on roundabout or on main road,,,Petrol,Male,None,No tow/articulation,Did not leave carriageway,0,Going ahead other,1,Motorcycle over 500cc,No,Nearside,2019
200822CA00893,B,4211,Unclassified,0,Serious,None,21-04-2019,Sunday,1,Give way or uncontrolled,T or staggered junction,12.98958409,Daylight,379170,245450,77.65366309,E01032187,1,2,0,0,Wet or damp,Single carriageway,None,30,12:12:00,Urban,Fine no high winds,No,16 - 20,25,Urban area,8,123,None,None,Other/Not known (2005-10),Mid Junction - on roundabout or on main road,,,Petrol,Male,None,No tow/articulation,Did not leave carriageway,0,Going ahead other,2,Motorcycle 125cc and under,No,Front,2020
200734WN08157,A,5123,Unclassified,0,Serious,None,20-09-2019,Monday,1,Stop sign,T or staggered junction,15.26168425,Darkness - lights lit,474960,259990,74.09825902,E01027150,1,2,0,0,Wet or damp,Single carriageway,None,40,18:50:00,Urban,Fine no high winds,No,26 - 35,25,Urban area,1,124,None,None,Commuting to/from work,Mid Junction - on roundabout or on main road,,,Petrol,Male,None,No tow/articulation,Did not leave carriageway,0,Going ahead other,2,Motorcycle over 125cc and up to 500cc,No,Front,2019
200943R004059,B,4000,NA,0,Serious,None,20-01-2020,Saturday,1,Not at junction or within 20 metres,Not at junction or within 20 metres,22.74864148,Daylight,441870,169830,75.90502113,E01016326,1,1,0,0,Dry,Single carriageway,None,50,19:26:00,Rural,Fine no high winds,No,26 - 35,25,Urban area,5,1000,None,Road sign or traffic signal,Other/Not known (2005-10),Not at or within 20 metres of junction,,,Petrol,Male,None,No tow/articulation,Offside and rebounded,0,Going ahead left-hand bend,1,Motorcycle over 500cc,No,Offside,2020
200905AA31646,Motorway,53,NA,0,Serious,None,29-02-2020,Wednesday,1,Data missing or out of range,Not at junction or within 20 metres,18.55283265,Daylight,327780,389500,73.7405578,E01007124,1,2,0,0,Dry,Slip road,None,70,18:20:00,Rural,Fine no high winds,No,26 - 35,25,Urban area,9,749,None,None,Other/Not known (2005-10),Not at or within 20 metres of junction,,VF750FD,Petrol,Male,None,No tow/articulation,Did not leave carriageway,0,Going ahead right-hand bend,1,Motorcycle over 500cc,No,Nearside,2021
201043R151020,Motorway,4,NA,0,Serious,None,01-02-2021,Sunday,1,Data missing or out of range,Not at junction or within 20 metres,18.61451719,Daylight,485720,175920,73.78184782,E01016578,1,2,0,0,Wet or damp,Dual carriageway,None,70,10:20:00,Rural,Fine no high winds,No,26 - 35,25,Urban area,10,60,None,None,Other/Not known (2005-10),Not at or within 20 metres of junction,,,Heavy oil,Female,None,No tow/articulation,Did not leave carriageway,0,Slowing or stopping,2,Goods over 3.5t. and under 7.5t,No,Back,2021
20094100T6043,Motorway,25,NA,0,Serious,None,19-09-2021,Friday,1,Not at junction or within 20 metres,Not at junction or within 20 metres,28.6618566,Darkness - no lighting,517800,202600,77.35985178,E01023708,1,2,0,0,Wet or damp,Dual carriageway,None,70,03:40:00,Rural,Fine no high winds,No,46 - 55,25,Data missing or out of range,NA,3500,None,None,Other/Not known (2005-10),Not at or within 20 metres of junction,,,Petrol,Male,None,No tow/articulation,Did not leave carriageway,0,Going ahead other,2,Car,No,Back,2020
200897GA00708,B,768,Unclassified,0,Serious,None,11-11-2021,Tuesday,1,Give way or uncontrolled,T or staggered junction,14.74452186,Daylight,255520,663550,78.50869043,,1,2,0,0,Dry,Dual carriageway,None,30,09:45:00,Urban,Fine no high winds,Yes,46 - 55,25,Urban area,NA,638,None,None,Other/Not known (2005-10),Mid Junction - on roundabout or on main road,,,Petrol,Male,None,No tow/articulation,Did not leave carriageway,0,Overtaking static vehicle - offside,2,Motorcycle over 500cc,No,Nearside,2019
200937L017468,A,146,A,145,Serious,None,25-12-2020,Thursday,1,Give way or uncontrolled,Roundabout,22.99235822,Daylight,642510,291200,72.65449522,E01030225,1,2,0,0,Dry,Roundabout,None,60,12:50:00,Rural,Fine no high winds,No,46 - 55,25,Rural,9,1200,None,None,Other/Not known (2005-10),Entering roundabout,,,Petrol,Male,None,No tow/articulation,Did not leave carriageway,0,Going ahead other,2,Motorcycle over 500cc,No,Nearside,2019
200930D000955,Unclassified,0,Unclassified,0,Serious,None,30-07-2020,Friday,1,Give way or uncontrolled,T or staggered junction,19.14280847,Darkness - lights lit,438000,332510,72.93629236,E01013503,1,2,0,4,Dry,Single carriageway,None,30,16:15:00,Urban,Fine no high winds,No,16 - 20,24,Data missing or out of range,NA,123,None,None,Other/Not known (2005-10),Mid Junction - on roundabout or on main road,,,Petrol,Male,None,No tow/articulation,Did not leave carriageway,0,Going ahead other,1,Motorcycle 125cc and under,No,Front,2021