Accident_Index,1st_Road_Class,1st_Road_Number,2nd_Road_Class,2nd_Road_Number,Accident_Severity,Carriageway_Hazards,Date,Day_of_Week,Did_Police_Officer_Attend_Scene_of_Accident,Junction_Control,Junction_Detail,Latitude,Light_Conditions,Location_Easting_OSGR,Location_Northing_OSGR,Longitude,LSOA_of_Accident_Location,Number_of_Casualties,Number_of_Vehicles,Pedestrian_Crossing-Human_Control,Pedestrian_Crossing-Physical_Facilities,Road_Surface_Conditions,Road_Type,Special_Conditions_at_Site,Speed_limit,Time,Urban_or_Rural_Area,Weather_Conditions,InScotland,Age_Band_of_Driver,Age_of_Vehicle,Driver_Home_Area_Type,Driver_IMD_Decile,Engine_Capacity_.CC.,Hit_Object_in_Carriageway,Hit_Object_off_Carriageway,Journey_Purpose_of_Driver,Junction_Location,make,model,Propulsion_Code,Sex_of_Driver,Skidding_and_Overturning,Towing_and_Articulation,Vehicle_Leaving_Carriageway,Vehicle_Location.Restricted_Lane,Vehicle_Manoeuvre,Vehicle_Reference,Vehicle_Type,Was_Vehicle_Left_Hand_Drive,X1st_Point_of_Impact,Year
200930A000602,A,608,Unclassified,0,Serious,None,27-01-2020,Friday,1,Give way or uncontrolled,T or staggered junction,19.0586044,Darkness - lights lit,442000,345960,72.90828178,E01019464,1,1,0,0,Dry,Single carriageway,None,40,00:48:00,Urban,Fine no high winds,No,26 - 35,24,Urban area,5,2792,None,Lamp post,Other/Not known (2005-10),Approaching junction or waiting/parked at junction approach,,CAPRI INJECTION,Petrol,Male,None,No tow/articulation,Nearside,0,Going ahead right-hand bend,1,Car,No,Nearside,2021
200945RE46159,A,217,Unclassified,1182,Serious,None,03-10-2020,Wednesday,1,Give way or uncontrolled,Crossroads,28.592858,Darkness - lights lit,526220,152380,77.21860954,E01030625,1,4,0,8,Wet or damp,Single carriageway,None,40,17:09:00,Rural,Raining no high winds,No,26 - 35,24,Urban area,3,749,None,None,Other/Not known (2005-10),Cleared junction or waiting/parked at junction exit,,,Petrol,Male,Skidded,No tow/articulation,Did not leave carriageway,0,Going ahead left-hand bend,1,Motorcycle over 500cc,No,Front,2020
200963DP28809,A,470,NA,0,Serious,None,28-11-2021,Sunday,1,Data missing or out of range,Not at junction or within 20 metres,27.10520137,Daylight,294300,272550,93.61118091,W01000477,1,1,0,0,Dry,Single carriageway,None,60,15:30:00,Rural,Fine no high winds,No,46 - 55,24,Urban area,7,592,None,Near/Offside crash barrier,Other/Not known (2005-10),Not at or within 20 metres of junction,,ZX 600-A1,Petrol,Male,None,No tow/articulation,Offside,0,Going ahead left-hand bend,1,Motorcycle over 500cc,No,Offside,2019
200804BC08093,Unclassified,0,NA,0,Serious,None,29-06-2019,Saturday,1,Data missing or out of range,Not at junction or within 20 metres,26.74266628,Darkness - lights lit,336060,448220,94.19277133,E01025586,1,2,0,0,Dry,Single carriageway,None,30,22:40:00,Rural,Fine no high winds,No,16 - 20,23,Rural,7,124,None,None,Other/Not known (2005-10),Not at or within 20 metres of junction,,,Petrol,Male,None,No tow/articulation,Did not leave carriageway,0,Going ahead other,1,Motorcycle 125cc and under,No,Front,2019
20093102A0568,Unclassified,0,Unclassified,0,Serious,None,10-12-2019,Thursday,1,Give way or uncontrolled,Other junction,12.9980924,Darkness - lights lit,449340,357760,77.52346048,E01027974,4,2,0,8,Dry,Single carriageway,None,30,20:40:00,Urban,Fine no high winds,No,16 - 20,23,Urban area,1,1299,None,None,Other/Not known (2005-10),Mid Junction - on roundabout or on main road,,UNO 45,Petrol,Male,None,No tow/articulation,Did not leave carriageway,0,Going ahead left-hand bend,1,Car,No,Front,2020
200820K047802,A,4100,NA,0,Serious,None,26-01-2021,Saturday,1,Data missing or out of range,Not at junction or within 20 metres,26.45210359,Darkness - lights lit,395170,286540,80.28429881,E01009955,2,2,0,0,Dry,Single carriageway,None,30,00:06:00,Urban,Fine no high winds,No,16 - 20,23,Urban area,3,400,None,Bus stop or bus shelter,Other/Not known (2005-10),Not at or within 20 metres of junction,,,Petrol,Male,None,No tow/articulation,Nearside,0,Going ahead other,1,Motorcycle over 125cc and up to 500cc,No,Front,2020
201043P285050,A,415,Unclassified,0,Serious,None,09-08-2021,Monday,1,Give way or uncontrolled,T or staggered junction,18.51539749,Daylight,435040,208970,73.9367506,E01028816,1,2,0,0,Dry,Single carriageway,None,30,10:15:00,Urban,Fine no high winds,No,16 - 20,23,Urban area,9,98,None,None,Other/Not known (2005-10),Mid Junction - on roundabout or on main road,,,Petrol,Male,Skidded,No tow/articulation,Did not leave carriageway,0,Going ahead other,2,Motorcycle 125cc and under,No,Front,2021
200763CP20207,A,40,NA,0,Serious,None,08-12-2021,Tuesday,1,Data missing or out of range,Not at junction or within 20 metres,28.62598721,Daylight,199550,215800,77.16331439,,4,4,0,0,Dry,Single carriageway,None,60,13:49:00,Rural,Fine no high winds,No,16 - 20,23,Data missing or out of range,NA,NA,None,None,Other/Not known (2005-10),Not at or within 20 metres of junction,,,Heavy oil,Male,None,No tow/articulation,Did not leave carriageway,0,Overtaking static vehicle - offside,2,Agricultural vehicle,No,Did not impact,2020
200801LX50713,B,300,NA,0,Serious,None,25-08-2020,Monday,1,Data missing or out of range,Not at junction or within 20 metres,14.79502707,Daylight,531410,179900,78.63376692,E01003012,3,3,0,0,Dry,Single carriageway,None,30,09:45:00,Urban,Fine no high winds,No,46 - 55,23,Urban area,5,600,None,None,Other/Not known (2005-10),Not at or within 20 metres of junction,,,Petrol,Male,None,No tow/articulation,Offside,0,Going ahead other,3,Motorcycle over 500cc,No,Front,2019
200743S121087,C,157,NA,0,Serious,None,19-04-2019,Thursday,1,Data missing or out of range,Not at junction or within 20 metres,27.09323379,Daylight,486360,237350,93.63369308,E01016848,1,2,0,7,Dry,Single carriageway,None,40,13:02:00,Urban,Fine no high winds,No,46 - 55,23,Small town,9,10450,None,None,Journey as part of work,Not at or within 20 metres of junction,,,Heavy oil,Male,None,No tow/articulation,Did not leave carriageway,0,Going ahead other,1,Bus or coach (17 or more pass seats),No,Front,2019
200801BS70609,A,3220,Unclassified,0,Serious,None,26-09-2019,Sunday,1,Give way or uncontrolled,T or staggered junction,23.0422019,Daylight,525100,178550,72.63641189,E01002848,2,2,0,0,Dry,Single carriageway,None,30,12:49:00,Urban,Fine no high winds,No,46 - 55,23,Urban area,4,600,None,None,Other/Not known (2005-10),Approaching junction or waiting/parked at junction approach,,,Petrol,Male,None,No tow/articulation,Did not leave carriageway,0,Changing lane to left,2,Motorcycle over 500cc,No,Front,2019
200930C000373,C,126,NA,0,Serious,None,17-06-2020,Friday,2,Data missing or out of range,Not at junction or within 20 metres,28.60262287,Daylight,449140,366130,77.30650249,E01019503,1,2,0,0,Dry,Single carriageway,None,60,20:20:00,Rural,Fine no high winds,No,16 - 20,22,Urban area,3,123,None,None,Other/Not known (2005-10),Not at or within 20 metres of junction,,,Petrol,Male,None,No tow/articulation,Nearside,0,Going ahead right-hand bend,1,Motorcycle 125cc and under,No,Front,2020
200950BD2K004,A,390,NA,0,Serious,None,24-02-2021,Friday,1,Not at junction or within 20 metres,Not at junction or within 20 metres,22.70045782,Daylight,229920,66480,75.88464531,E01018779,1,1,0,0,Dry,Single carriageway,None,60,13:40:00,Rural,Fine no high winds,No,16 - 20,22,Small town,4,998,None,Tree,Other/Not known (2005-10),Not at or within 20 metres of junction,,MINI MAYFAIR,Petrol,Female,Skidded,No tow/articulation,Nearside and rebounded,0,Going ahead right-hand bend,1,Car,No,Front,2020
2009400D01794,A,4012,NA,0,Serious,None,14-02-2020,Thursday,1,Data missing or out of range,Not at junction or within 20 metres,23.0874156,Darkness - no lighting,496040,231020,72.53115532,E01017451,3,2,0,0,Dry,Single carriageway,None,60,22:21:00,Rural,Fine no high winds,No,21 - 25,22,Rural,9,1597,None,Entered ditch,Other/Not known (2005-10),Not at or within 20 metres of junction,,ESCORT 1.6I CABRIOLET,Petrol,Female,None,No tow/articulation,Offside,0,Going ahead left-hand bend,2,Car,No,Nearside,2019
200743W189097,Unclassified,7113,Unclassified,7113,Serious,None,02-01-2019,Saturday,1,Give way or uncontrolled,T or staggered junction,22.73435275,Darkness - lights lit,465140,167280,75.81484727,E01016268,1,2,0,0,Dry,Single carriageway,None,30,19:43:00,Rural,Fine no high winds,No,16 - 20,21,Small town,6,98,None,None,Other/Not known (2005-10),Cleared junction or waiting/parked at junction exit,,,Petrol,Male,None,No tow/articulation,Did not leave carriageway,0,Going ahead other,1,Motorcycle 125cc and under,No,Front,2020
200830B000469,A,5012,B,5036,Serious,None,31-10-2020,Friday,2,Give way or uncontrolled,T or staggered junction,15.33757218,Darkness - lights lit,429490,356860,74.10352482,E01019619,1,2,0,5,Dry,Single carriageway,None,30,20:50:00,Rural,Unknown,No,16 - 20,21,Rural,5,49,None,None,Other/Not known (2005-10),Approaching junction or waiting/parked at junction approach,,SH50-H,Petrol,Male,None,No tow/articulation,Did not leave carriageway,0,Waiting to turn right,2,Motorcycle 50cc and under,No,Front,2019
200950CB2P001,Unclassified,0,NA,0,Serious,None,07-11-2019,Friday,1,Not at junction or within 20 metres,Not at junction or within 20 metres,19.07977671,Darkness - no lighting,247460,131020,72.84600445,E01020119,1,1,0,0,Dry,Single carriageway,Road surface defective,30,21:00:00,Rural,Fine no high winds,No,16 - 20,21,Urban area,7,1272,None,None,Other/Not known (2005-10),Not at or within 20 metres of junction,,GOLF 4+E,Petrol,Male,Skidded,No tow/articulation,Did not leave carriageway,0,Going ahead other,1,Car,No,Front,2021
20104100E0377,B,197,A,602,Serious,None,28-09-2019,Tuesday,1,Give way or uncontrolled,T or staggered junction,22.04916775,Daylight,523290,225620,82.15457366,E01023777,3,2,0,0,Dry,Single carriageway,None,30,16:37:00,Urban,Fine no high winds,No,16 - 20,21,Urban area,10,970,None,None,Other/Not known (2005-10),Cleared junction or waiting/parked at junction exit,,SJ 410VX,Petrol,Male,Skidded,No tow/articulation,Did not leave carriageway,0,Turning left,1,Car,No,Front,2019
200930A000581,B,600,Unclassified,0,Serious,None,24-10-2021,Tuesday,1,Give way or uncontrolled,T or staggered junction,28.66234684,Daylight,441560,355650,77.32867235,E01019404,1,2,0,0,Dry,Single carriageway,None,30,13:40:00,Urban,Fine no high winds,No,16 - 20,21,Urban area,4,749,Kerb,Telegraph or electricity pole,Other/Not known (2005-10),Mid Junction - on roundabout or on main road,,,Petrol,Male,None,No tow/articulation,Nearside,0,Going ahead other,1,Motorcycle over 500cc,No,Front,2020
200942I289609,Unclassified,0,NA,0,Serious,None,29-04-2020,Tuesday,1,Not at junction or within 20 metres,Not at junction or within 20 metres,27.0930034,Daylight,578660,218310,93.61496547,E01021348,2,2,0,0,Dry,Single carriageway,None,40,16:55:00,Rural,Fine no high winds,No,16 - 20,21,Urban area,7,1990,None,None,Commuting to/from work,Not at or within 20 metres of junction,,320 I,Petrol,Male,None,No tow/articulation,Nearside,0,Going ahead left-hand bend,2,Car,No,Front,2019
201043P227090,Unclassified,256,Unclassified,0,Serious,None,18-02-2020,Monday,1,Give way or uncontrolled,T or staggered junction,17.76172823,Darkness - lights lit,456150,204480,80.92549538,E01028683,2,3,0,0,Dry,Single carriageway,None,40,20:05:00,Rural,Fine no high winds,No,21 - 25,21,Rural,7,1781,None,None,Other/Not known (2005-10),Cleared junction or waiting/parked at junction exit,,GOLF GTI 16V,Petrol,Male,None,No tow/articulation,Did not leave carriageway,0,Overtaking moving vehicle - offside,1,Car,No,Did not impact,2021
200850GP2J002,C,291,Unclassified,0,Serious,None,23-04-2021,Thursday,1,Give way or uncontrolled,T or staggered junction,27.09961763,Daylight,173710,43160,93.61528286,E01018829,1,2,0,0,Dry,Single carriageway,None,40,19:24:00,Rural,Fine no high winds,No,21 - 25,21,Urban area,3,123,None,None,Commuting to/from work,Approaching junction or waiting/parked at junction approach,,,Petrol,Male,Skidded,No tow/articulation,Did not leave carriageway,0,Going ahead left-hand bend,1,Motorcycle 125cc and under,No,Front,2019
200934TN03799,A,43,NA,0,Serious,None,03-08-2020,Sunday,1,Data missing or out of range,Not at junction or within 20 metres,18.52645601,Darkness - lights lit,479000,263920,73.8746263,E01027183,1,1,0,0,Dry,Dual carriageway,None,50,03:09:00,Urban,Fine no high winds,No,16 - 20,21,Rural,4,1769,None,Lamp post,Other/Not known (2005-10),Not at or within 20 metres of junction,,205 XLD,Heavy oil,Male,None,No tow/articulation,Nearside,0,Going ahead other,1,Car,No,Front,2021
200845GU19529,A,246,Unclassified,0,Serious,None,04-12-2020,Friday,2,Give way or uncontrolled,T or staggered junction,28.46580071,Darkness - no lighting,511010,152700,77.0893378,E01030446,2,2,0,0,Dry,Single carriageway,None,50,19:30:00,Rural,Fine no high winds,No,26 - 35,21,Urban area,10,1124,None,None,Other/Not known (2005-10),Mid Junction - on roundabout or on main road,,AX 11RE,Petrol,Male,Skidded,No tow/articulation,Did not leave carriageway,0,Going ahead left-hand bend,2,Car,No,Front,2019
201006F031787,A,6,NA,0,Serious,None,12-05-2010,Wednesday,1,Data missing or out of range,Not at junction or within 20 metres,53.490515,Daylight,381320,399350,-2.28302,E01005681,1,4,0,0,Dry,Dual carriageway,None,50,08:40:00,Urban,Fine no high winds,No,36 - 45,21,Urban area,5,400,None,None,Journey as part of work,Not at or within 20 metres of junction,HONDA,,Petrol,Male,None,No tow/articulation,Did not leave carriageway,0,Going ahead other,2,Motorcycle over 125cc and up to 500cc,No,Front,2010
200997KB00206,Unclassified,0,NA,0,Serious,None,09-05-2019,Monday,1,Data missing or out of range,Not at junction or within 20 metres,14.80095176,Daylight,238080,665890,78.54525948,,1,2,0,0,Dry,Single carriageway,None,60,17:55:00,Rural,Fine no high winds,Yes,16 - 20,21,Small town,NA,399,None,None,Other/Not known (2005-10),Not at or within 20 metres of junction,,,Petrol,Male,Skidded and overturned,No tow/articulation,Did not leave carriageway,0,Going ahead left-hand bend,1,Motorcycle over 125cc and up to 500cc,No,Front,2019
200750B41C112,Unclassified,0,NA,0,Serious,None,31-03-2021,Monday,1,Not at junction or within 20 metres,Not at junction or within 20 metres,28.44385157,Daylight,200440,53160,76.9858457,E01019034,1,2,0,0,Dry,Single carriageway,None,60,12:30:00,Urban,Fine no high winds,No,16 - 20,21,Rural,3,49,None,None,Data missing or out of range,Not at or within 20 metres of junction,,,Petrol,Male,Skidded,No tow/articulation,Did not leave carriageway,0,Going ahead left-hand bend,1,Motorcycle 50cc and under,No,Front,2019
200854EZ40708,C,8,Unclassified,0,Serious,None,15-03-2021,Tuesday,1,Give way or uncontrolled,T or staggered junction,28.66950793,Daylight,409000,162700,77.08179164,E01031842,1,3,0,0,Dry,Single carriageway,None,60,18:11:00,Rural,Fine no high winds,No,16 - 20,21,Rural,6,49,None,None,Journey as part of work,Approaching junction or waiting/parked at junction approach,,C50LA-G,Petrol,Male,None,No tow/articulation,Did not leave carriageway,0,Going ahead other,2,Motorcycle 50cc and under,No,Offside,2020
200822CA87714,B,4208,Unclassified,0,Serious,None,06-05-2021,Wednesday,1,Give way or uncontrolled,T or staggered junction,19.18272038,Daylight,378770,243610,72.91966981,E01032218,1,2,0,0,Dry,Single carriageway,None,60,08:22:00,Rural,Fine no high winds,No,16 - 20,21,Urban area,3,123,None,None,Commuting to/from work,Mid Junction - on roundabout or on main road,,,Petrol,Male,None,No tow/articulation,Did not leave carriageway,0,Slowing or stopping,2,Motorcycle 125cc and under,No,Back,2021
200911ND12339,A,167,NA,0,Serious,None,13-09-2021,Saturday,1,Not at junction or within 20 metres,Not at junction or within 20 metres,22.97281568,Daylight,426550,539030,72.63859986,E01020707,2,2,0,0,Dry,Dual carriageway,None,70,17:30:00,Rural,Fine no high winds,No,21 - 25,21,Urban area,4,535,None,Central crash barrier,Other/Not known (2005-10),Not at or within 20 metres of junction,,,Petrol,Male,Skidded,No tow/articulation,Offside on to central reservation,0,Overtaking moving vehicle - offside,1,Motorcycle over 500cc,No,Front,2019
201001XH30050,Motorway,25,NA,0,Serious,None,01-01-2010,Friday,1,Data missing or out of range,Not at junction or within 20 metres,51.474095,Darkness - lights lit,503920,176080,-0.505099,E01002444,3,2,0,0,Dry,Dual carriageway,None,70,02:23:00,Rural,Fine no high winds,No,26 - 35,21,Urban area,3,1118,None,None,Other/Not known (2005-10),Not at or within 20 metres of junction,FORD,FIESTA POPULAR PLUS,Petrol,Male,Skidded,No tow/articulation,Did not leave carriageway,0,Going ahead other,2,Car,No,Back,2010
201042I349810,A,120,Unclassified,0,Serious,None,13-01-2021,Saturday,1,Give way or uncontrolled,More than 4 arms (not roundabout),27.08848606,Daylight,611290,226570,93.62142833,E01022019,1,2,0,0,Wet or damp,Dual carriageway,None,70,15:46:00,Rural,Fine no high winds,No,26 - 35,21,Urban area,5,124,Kerb,Other permanent object,Other/Not known (2005-10),Entering main road,,NS125R-K,Petrol,Male,Overturned,No tow/articulation,Nearside,0,Moving off,1,Motorcycle 125cc and under,No,Back,2019
200843N084108,C,32,NA,0,Serious,None,26-10-2021,Friday,1,Data missing or out of range,Not at junction or within 20 metres,26.76877869,Darkness - no lighting,462690,234990,94.21628302,E01017717,2,1,0,0,Dry,Single carriageway,None,60,20:00:00,Rural,Fine no high winds,No,46 - 55,21,Data missing or out of range,NA,2494,None,Entered ditch,Other/Not known (2005-10),Not at or within 20 metres of junction,,325 I SPORT,Petrol,Male,Skidded and overturned,No tow/articulation,Offside,0,Going ahead left-hand bend,1,Car,No,Front,2019
201042I195606,A,12,NA,0,Serious,None,04-12-2020,Monday,1,Not at junction or within 20 metres,Not at junction or within 20 metres,14.68312971,Daylight,578970,211820,78.58637119,E01021394,2,2,0,0,Dry,Dual carriageway,None,70,14:35:00,Rural,Fine no high winds,No,46 - 55,21,Urban area,7,NA,None,None,Journey as part of work,Not at or within 20 metres of junction,,,Heavy oil,Male,Skidded and overturned,Single trailer,Did not leave carriageway,0,Going ahead other,2,Agricultural vehicle,No,Back,2019
200742I370109,B,1009,Unclassified,0,Serious,None,29-05-2021,Wednesday,1,Give way or uncontrolled,Private drive or entrance,19.12111901,Darkness - lights lit,571720,205720,72.83013285,E01021563,1,2,0,0,Dry,Single carriageway,None,30,19:05:00,Urban,Fine no high winds,No,16 - 20,20,Urban area,9,400,None,None,Other/Not known (2005-10),Mid Junction - on roundabout or on main road,,,Petrol,Male,None,No tow/articulation,Did not leave carriageway,0,Turning right,1,Motorcycle 125cc and under,No,Front,2021
201037B046044,A,134,A,14,Serious,None,15-02-2019,Saturday,1,Auto traffic signal,Roundabout,28.69729746,Darkness - lights lit,586690,263690,77.31689238,E01030129,1,2,0,0,Dry,Roundabout,None,30,19:45:00,Urban,Unknown,No,16 - 20,20,Urban area,6,400,None,None,Other/Not known (2005-10),Mid Junction - on roundabout or on main road,,,Petrol,Male,None,No tow/articulation,Did not leave carriageway,0,Going ahead other,2,Motorcycle over 125cc and up to 500cc,No,Front,2020
200904BA09095,Unclassified,0,NA,0,Serious,None,26-03-2021,Thursday,1,Data missing or out of range,Not at junction or within 20 metres,15.25833316,Daylight,354480,464250,73.9538545,E01025132,1,2,0,0,Dry,Single carriageway,None,30,18:30:00,Rural,Fine no high winds,No,16 - 20,20,Small town,9,1124,None,None,Other/Not known (2005-10),Not at or within 20 metres of junction,,205 XL,Petrol,Male,Skidded,No tow/articulation,Did not leave carriageway,0,Going ahead other,1,Car,No,Front,2019
200906G016086,A,6017,Unclassified,0,Serious,None,17-06-2021,Thursday,1,Auto traffic signal,T or staggered junction,23.03781623,Daylight,392340,396160,72.5728448,E01005972,2,2,0,5,Dry,Single carriageway,None,30,15:51:00,Urban,Fine no high winds,No,16 - 20,20,Data missing or out of range,NA,498,None,None,Other/Not known (2005-10),Approaching junction or waiting/parked at junction approach,,,Petrol,Male,None,No tow/articulation,Did not leave carriageway,0,Going ahead other,1,Motorcycle over 500cc,No,Front,2019
2008170S21568,C,148,Unclassified,0,Serious,None,30-08-2020,Sunday,1,Give way or uncontrolled,Roundabout,18.55765232,Daylight,446250,525800,73.88165569,E01012246,1,1,0,0,Dry,Single carriageway,None,30,14:30:00,Urban,Fine no high winds,No,16 - 20,20,Data missing or out of range,NA,400,Kerb,None,Other/Not known (2005-10),Leaving roundabout,,,Petrol,Male,Skidded,No tow/articulation,Did not leave carriageway,0,Going ahead other,1,Motorcycle over 125cc and up to 500cc,No,Nearside,2021
201037B044863,B,1113,C,557,Serious,None,03-09-2021,Wednesday,1,Give way or uncontrolled,Crossroads,19.12754784,Daylight,606510,269170,72.93613849,E01030039,1,2,0,0,Dry,Single carriageway,None,30,16:06:00,Rural,Fine no high winds,No,16 - 20,20,Rural,7,98,None,None,Other/Not known (2005-10),Mid Junction - on roundabout or on main road,,H100S-J,Petrol,Male,None,No tow/articulation,Did not leave carriageway,0,Moving off,2,Motorcycle 125cc and under,No,Front,2021
200814H004808,Unclassified,0,NA,0,Serious,None,26-08-2021,Wednesday,1,Not at junction or within 20 metres,Not at junction or within 20 metres,26.74653408,Daylight,440160,385140,94.18954385,E01007967,1,2,0,0,Dry,Single carriageway,None,30,15:45:00,Urban,Fine no high winds,No,16 - 20,20,Urban area,1,599,None,None,Other/Not known (2005-10),Not at or within 20 metres of junction,,CBR600F-J,Petrol,Male,None,No tow/articulation,Nearside,0,Going ahead other,1,Motorcycle over 500cc,No,Front,2019
201004DA10035,A,6,Unclassified,0,Serious,None,30-04-2010,Friday,1,Give way or uncontrolled,T or staggered junction,53.756046,Daylight,355130,429070,-2.682029,E01025305,1,2,0,0,Wet or damp,Single carriageway,None,30,16:30:00,Urban,Fine no high winds,No,16 - 20,20,Urban area,2,399,None,None,Other/Not known (2005-10),Mid Junction - on roundabout or on main road,KAWASAKI,,Petrol,Male,None,No tow/articulation,Did not leave carriageway,0,Going ahead other,2,Motorcycle over 125cc and up to 500cc,No,Front,2010
200845WA26665,A,3,Unclassified,0,Serious,None,04-05-2020,Wednesday,1,Give way or uncontrolled,T or staggered junction,14.69241303,Daylight,488560,135510,78.58489277,E01030936,1,2,0,0,Wet or damp,Single carriageway,None,40,06:08:00,Rural,Fine no high winds,No,16 - 20,20,Data missing or out of range,NA,1587,None,None,Commuting to/from work,Approaching junction or waiting/parked at junction approach,,CARINA GL AUTO,Petrol,Male,None,No tow/articulation,Did not leave carriageway,0,Going ahead other,1,Car,No,Front,2019
201006XP26465,A(M),627,NA,0,Serious,None,15-01-2010,Friday,1,Data missing or out of range,Not at junction or within 20 metres,53.559079,Darkness - lights lit,390680,406950,-2.142175,E01005339,13,19,0,0,Frost or ice,Dual carriageway,None,40,07:45:00,Rural,Raining no high winds,No,26 - 35,20,Urban area,2,1343,None,None,Commuting to/from work,Not at or within 20 metres of junction,HONDA,CIVIC DX AUTO,Petrol,Female,Skidded,No tow/articulation,Did not leave carriageway,0,Going ahead left-hand bend,11,Car,No,Back,2010
201001SX20543,A,41,NA,0,Serious,None,15-05-2010,Saturday,1,Data missing or out of range,Not at junction or within 20 metres,51.591108,Daylight,522370,189510,-0.234906,E01000239,3,7,0,0,Dry,Dual carriageway,None,50,12:45:00,Urban,Fine no high winds,No,21 - 25,20,Urban area,9,400,None,None,Other/Not known (2005-10),Not at or within 20 metres of junction,HONDA,,Petrol,Male,Skidded,No tow/articulation,Did not leave carriageway,0,Going ahead other,1,Motorcycle over 125cc and up to 500cc,No,Offside,2010
200963CP18209,B,4546,Unclassified,0,Serious,None,15-07-2019,Monday,1,Give way or uncontrolled,T or staggered junction,28.60204375,Darkness - no lighting,215900,247910,77.05978053,W01000613,1,1,0,0,Dry,Single carriageway,None,60,22:50:00,Rural,Fine no high winds,No,16 - 20,20,Rural,NA,400,None,Other permanent object,Other/Not known (2005-10),Approaching junction or waiting/parked at junction approach,,,Petrol,Male,None,No tow/articulation,Did not leave carriageway,0,Turning right,1,Motorcycle over 500cc,No,Front,2020
200743P037117,B,4035,Unclassified,380,Serious,None,14-09-2019,Friday,1,Give way or uncontrolled,T or staggered junction,28.64665585,Darkness - no lighting,440330,237180,77.37097451,E01028503,2,2,0,0,Dry,Single carriageway,None,60,17:05:00,Rural,Fine no high winds,No,16 - 20,20,Rural,7,123,None,None,Other/Not known (2005-10),Mid Junction - on roundabout or on main road,,,Petrol,Male,None,No tow/articulation,Did not leave carriageway,0,Going ahead other,2,Motorcycle 125cc and under,No,Front,2020
2009559D01839,A,31,Unclassified,0,Serious,None,18-06-2020,Saturday,1,Give way or uncontrolled,Crossroads,18.50355767,Darkness - no lighting,405020,101110,73.87961434,E01020378,1,3,0,0,Dry,Single carriageway,None,60,23:40:00,Rural,Fine no high winds,No,16 - 20,20,Urban area,2,97,None,None,Other/Not known (2005-10),Approaching junction or waiting/parked at junction approach,,,Petrol,Female,None,No tow/articulation,Did not leave carriageway,0,Going ahead other,2,Motorcycle 125cc and under,No,Front,2021
200822CA97864,Unclassified,0,NA,0,Serious,None,19-06-2021,Tuesday,1,Data missing or out of range,Not at junction or within 20 metres,18.57749084,Daylight,401470,244300,73.74455822,E01032382,1,1,0,0,Dry,Single carriageway,None,60,14:10:00,Rural,Fine + high winds,No,16 - 20,20,Rural,6,399,None,None,Other/Not known (2005-10),Not at or within 20 metres of junction,,,Petrol,Male,None,No tow/articulation,Did not leave carriageway,0,Going ahead other,1,Motorcycle over 125cc and up to 500cc,No,Nearside,2021
200750A22H625,B,3301,NA,0,Serious,None,26-06-2019,Monday,1,Not at junction or within 20 metres,Not at junction or within 20 metres,27.10409989,Daylight,162050,42920,93.61691312,E01018876,1,2,0,0,Dry,Single carriageway,None,60,16:37:00,Rural,Fine no high winds,No,16 - 20,20,Rural,4,750,None,None,Data missing or out of range,Not at or within 20 metres of junction,,,Petrol,Male,None,No tow/articulation,Did not leave carriageway,0,Overtaking moving vehicle - offside,2,Motorcycle over 500cc,No,Nearside,2019
200822FA89127,B,4579,NA,0,Serious,None,19-09-2019,Sunday,1,Data missing or out of range,Not at junction or within 20 metres,28.48928143,Daylight,328490,331060,77.02407416,E01028910,2,2,0,0,Dry,Single carriageway,Mud,60,12:00:00,Rural,Fine no high winds,No,16 - 20,20,Urban area,6,124,None,None,Other/Not known (2005-10),Not at or within 20 metres of junction,,,Petrol,Male,Skidded,No tow/articulation,Did not leave carriageway,0,Going ahead left-hand bend,2,Motorcycle 125cc and under,No,Nearside,2019
200932C277409,C,763,NA,0,Serious,None,04-03-2019,Tuesday,1,Data missing or out of range,Not at junction or within 20 metres,14.7586629,Daylight,530380,345630,78.63278385,E01026011,1,1,0,0,Dry,Single carriageway,None,60,17:11:00,Rural,Fine no high winds,No,16 - 20,20,Rural,4,248,None,Entered ditch,Commuting to/from work,Not at or within 20 metres of junction,,ER250-B3,Petrol,Male,None,No tow/articulation,Nearside,0,Going ahead right-hand bend,1,Motorcycle over 125cc and up to 500cc,No,Front,2019
2007400D01860,A,507,Unclassified,0,Serious,None,11-11-2021,Saturday,1,Give way or uncontrolled,T or staggered junction,15.31005246,Daylight,498290,236660,74.08906502,E01017451,3,2,0,0,Wet or damp,Single carriageway,None,60,11:00:00,Rural,Raining no high winds,No,16 - 20,20,Small town,8,1595,None,None,Other/Not known (2005-10),Approaching junction or waiting/parked at junction approach,,JETTA TX,Petrol,Male,Skidded,No tow/articulation,Did not leave carriageway,0,Going ahead other,1,Car,No,Front,2019