Accident_Index,1st_Road_Class,1st_Road_Number,2nd_Road_Class,2nd_Road_Number,Accident_Severity,Carriageway_Hazards,Date,Day_of_Week,Did_Police_Officer_Attend_Scene_of_Accident,Junction_Control,Junction_Detail,Latitude,Light_Conditions,Location_Easting_OSGR,Location_Northing_OSGR,Longitude,LSOA_of_Accident_Location,Number_of_Casualties,Number_of_Vehicles,Pedestrian_Crossing-Human_Control,Pedestrian_Crossing-Physical_Facilities,Road_Surface_Conditions,Road_Type,Special_Conditions_at_Site,Speed_limit,Time,Urban_or_Rural_Area,Weather_Conditions,InScotland,Age_Band_of_Driver,Age_of_Vehicle,Driver_Home_Area_Type,Driver_IMD_Decile,Engine_Capacity_.CC.,Hit_Object_in_Carriageway,Hit_Object_off_Carriageway,Journey_Purpose_of_Driver,Junction_Location,make,model,Propulsion_Code,Sex_of_Driver,Skidding_and_Overturning,Towing_and_Articulation,Vehicle_Leaving_Carriageway,Vehicle_Location.Restricted_Lane,Vehicle_Manoeuvre,Vehicle_Reference,Vehicle_Type,Was_Vehicle_Left_Hand_Drive,X1st_Point_of_Impact,Year
200943S072079,A,4146,Unclassified,0,Serious,None,23-04-2019,Saturday,1,Give way or uncontrolled,T or staggered junction,26.73074994,Daylight,489070,239510,94.19328063,E01016785,5,2,0,0,Dry,Dual carriageway,None,70,13:09:00,Rural,Fine no high winds,No,21 - 25,20,Urban area,3,1600,None,None,Other/Not known (2005-10),Entering main road,,CIVIC CRX,Petrol,Male,Overturned,No tow/articulation,Offside - crossed central reservation,0,Moving off,1,Car,No,Offside,2019
200942I307809,Motorway,25,NA,0,Serious,None,29-05-2021,Friday,1,Not at junction or within 20 metres,Not at junction or within 20 metres,27.08910516,Daylight,547420,199830,93.63223846,E01021800,1,1,0,0,Dry,Dual carriageway,Roadworks,70,18:06:00,Rural,Fine no high winds,No,26 - 35,20,Data missing or out of range,NA,738,Road works,Road sign or traffic signal,Other/Not known (2005-10),Not at or within 20 metres of junction,,Z750-P4,Petrol,Male,Skidded,No tow/articulation,Did not leave carriageway,0,Changing lane to left,1,Motorcycle over 500cc,No,Front,2019
200920F010503,Unclassified,0,Unclassified,0,Serious,None,19-01-2020,Friday,1,Give way or uncontrolled,Crossroads,14.72831726,Darkness - lights lit,406480,293130,78.56813039,E01009234,1,2,0,0,Wet or damp,Single carriageway,None,30,07:25:00,Urban,Other,No,46 - 55,20,Urban area,2,1045,None,None,Journey as part of work,Mid Junction - on roundabout or on main road,,,Heavy oil,Male,None,No tow/articulation,Did not leave carriageway,0,Moving off,1,Bus or coach (17 or more pass seats),No,Offside,2019
200937G026552,A,1156,NA,0,Serious,None,16-04-2020,Wednesday,1,Data missing or out of range,Not at junction or within 20 metres,18.64283123,Darkness - lights lit,614410,246590,73.74317932,E01029976,1,2,0,0,Wet or damp,Single carriageway,None,30,17:52:00,Urban,Raining no high winds,No,46 - 55,20,Urban area,6,1043,None,None,Journey as part of work,Not at or within 20 metres of junction,,POLO FOX,Petrol,Male,None,No tow/articulation,Did not leave carriageway,0,Turning right,1,Car,No,Nearside,2021
2010160C02451,Motorway,18,NA,0,Serious,None,13-05-2010,Thursday,2,Data missing or out of range,Not at junction or within 20 metres,53.672797,Darkness - no lighting,468490,420090,-0.964727,E01013072,2,2,0,0,Dry,Dual carriageway,None,70,23:00:00,Rural,Fine no high winds,No,46 - 55,20,Urban area,1,1360,None,None,Other/Not known (2005-10),Not at or within 20 metres of junction,PEUGEOT,205 XS,Petrol,Male,None,No tow/articulation,Did not leave carriageway,0,Going ahead other,1,Car,No,Front,2010
200901CW11204,A,4,C,0,Serious,None,06-03-2019,Sunday,1,Auto traffic signal,Crossroads,27.08815919,Daylight,529130,180390,93.62900868,E01004736,1,2,0,5,Dry,Single carriageway,None,30,07:35:00,Urban,Fine no high winds,No,46 - 55,20,Urban area,2,85,None,None,Other/Not known (2005-10),Mid Junction - on roundabout or on main road,,C90MG,Petrol,Male,None,No tow/articulation,Did not leave carriageway,0,Going ahead other,1,Motorcycle 125cc and under,No,Nearside,2019
200950AC3D002,A,3047,Unclassified,0,Serious,None,18-04-2020,Monday,1,Give way or uncontrolled,T or staggered junction,26.74378518,Daylight,165910,41880,94.22327583,E01018891,1,2,0,0,Dry,Dual carriageway,None,40,17:33:00,Rural,Fine no high winds,No,46 - 55,20,Urban area,3,1600,None,None,Journey as part of work,Entering main road,,MR2,Petrol,Male,None,No tow/articulation,Offside on to central reservation,0,Turning right,1,Car,No,Offside,2019
200954EA42909,B,3109,NA,0,Serious,None,29-06-2019,Thursday,1,Not at junction or within 20 metres,Not at junction or within 20 metres,22.08670137,Daylight,383650,163500,82.1665011,E01032059,3,3,0,0,Dry,Single carriageway,None,60,11:20:00,Rural,Fine no high winds,No,46 - 55,20,Urban area,10,1100,None,None,Other/Not known (2005-10),Not at or within 20 metres of junction,,,Petrol,Male,None,No tow/articulation,Did not leave carriageway,0,Going ahead left-hand bend,3,Motorcycle over 125cc and up to 500cc,No,Front,2019
200837B040319,A,14,NA,0,Serious,None,06-07-2021,Thursday,1,Data missing or out of range,Not at junction or within 20 metres,23.06962979,Daylight,590700,263500,72.55681283,E01030138,1,1,0,0,Dry,Dual carriageway,None,70,17:40:00,Rural,Fine no high winds,No,46 - 55,20,Urban area,6,200,None,None,Other/Not known (2005-10),Not at or within 20 metres of junction,,,Petrol,Male,None,No tow/articulation,Did not leave carriageway,0,Going ahead other,1,Motorcycle over 125cc and up to 500cc,No,Nearside,2019
200905AA32325,A,540,Unclassified,0,Serious,None,13-07-2021,Thursday,1,Stop sign,T or staggered junction,22.98981279,Daylight,321640,386920,72.54272749,E01007198,2,2,0,0,Dry,Single carriageway,None,30,16:49:00,Urban,Fine no high winds,No,46 - 55,20,Data missing or out of range,NA,498,None,None,Other/Not known (2005-10),Approaching junction or waiting/parked at junction approach,,XBR500S-J,Petrol,Male,Skidded,No tow/articulation,Did not leave carriageway,0,Going ahead other,1,Motorcycle over 125cc and up to 500cc,No,Front,2019
200932C093009,Unclassified,0,Unclassified,0,Serious,None,20-08-2020,Saturday,1,Give way or uncontrolled,Private drive or entrance,28.41943597,Daylight,550620,385080,77.00725555,E01026073,1,1,0,0,Wet or damp,Single carriageway,None,30,15:38:00,Urban,Fine no high winds,No,46 - 55,20,Urban area,1,1600,None,None,Journey as part of work,Leaving main road,,,Heavy oil,Male,None,No tow/articulation,Nearside,0,Reversing,1,Car,No,Back,2019
2010160D00801,Unclassified,0,NA,0,Serious,None,04-02-2010,Thursday,1,Data missing or out of range,Not at junction or within 20 metres,53.784676,Daylight,509130,433310,-0.345117,E01012829,1,3,0,0,Wet or damp,Single carriageway,None,20,13:20:00,Urban,Fine no high winds,No,26 - 35,19,Urban area,1,85,None,None,Other/Not known (2005-10),Not at or within 20 metres of junction,HONDA,C90,Petrol,Male,Skidded,No tow/articulation,Did not leave carriageway,0,Overtaking moving vehicle - offside,1,Motorcycle 50cc and under,No,Front,2010
200906K017282,A,673,NA,0,Serious,None,18-09-2021,Tuesday,1,Not at junction or within 20 metres,Not at junction or within 20 metres,14.71165076,Darkness - lights lit,370530,409510,78.58608668,E01004821,2,1,0,0,Dry,Single carriageway,None,30,00:25:00,Urban,Fine no high winds,No,16 - 20,19,Urban area,4,250,None,None,Other/Not known (2005-10),Not at or within 20 metres of junction,,EX305-B5,Petrol,Male,None,No tow/articulation,Nearside,0,Going ahead other,1,Motorcycle over 125cc and up to 500cc,No,Front,2019
200950ED2C017,Unclassified,0,NA,0,Serious,None,24-03-2019,Thursday,1,Not at junction or within 20 metres,Not at junction or within 20 metres,22.05913058,Darkness - lights lit,246120,57640,82.17276286,E01015073,4,2,0,0,Dry,Single carriageway,None,30,20:22:00,Urban,Fine no high winds,No,16 - 20,19,Urban area,1,1196,None,Other permanent object,Other/Not known (2005-10),Not at or within 20 metres of junction,,NOVA MERIT,Petrol,Male,Skidded,No tow/articulation,Did not leave carriageway,0,Reversing,2,Car,No,Front,2019
200750D21A943,Unclassified,0,Unclassified,0,Serious,None,30-08-2019,Thursday,1,Give way or uncontrolled,T or staggered junction,28.49481547,Darkness - lights lit,296220,91880,77.02928489,E01020028,1,2,0,0,Dry,Single carriageway,None,30,17:15:00,Urban,Fine no high winds,No,16 - 20,19,Urban area,5,124,None,None,Data missing or out of range,Mid Junction - on roundabout or on main road,,,Petrol,Male,None,No tow/articulation,Offside,0,Turning right,1,Motorcycle 125cc and under,No,Front,2019
200906N020891,Unclassified,0,B,6222,Serious,None,24-12-2021,Thursday,1,Stop sign,Crossroads,26.73100688,Darkness - lights lit,381880,411300,94.17666796,E01004959,2,2,0,4,Dry,Single carriageway,None,30,20:50:00,Urban,Fine no high winds,No,16 - 20,19,Urban area,5,250,None,None,Other/Not known (2005-10),Mid Junction - on roundabout or on main road,,,Petrol,Male,None,No tow/articulation,Did not leave carriageway,0,Going ahead other,2,Motorcycle 125cc and under,No,Front,2019
2009160B04450,Unclassified,0,Unclassified,0,Serious,None,13-01-2020,Sunday,1,Give way or uncontrolled,T or staggered junction,18.57143704,Darkness - lights lit,489310,411340,73.91927207,E01013330,1,1,0,0,Wet or damp,Single carriageway,None,30,01:10:00,Urban,Raining no high winds,No,16 - 20,19,Small town,9,1781,None,None,Other/Not known (2005-10),Cleared junction or waiting/parked at junction exit,,JETTA GL 4+E 1.8,Petrol,Male,None,No tow/articulation,Did not leave carriageway,0,Overtaking static vehicle - offside,1,Car,No,Front,2021
201001EO40585,B,102,C,0,Serious,None,30-09-2010,Thursday,1,Auto traffic signal,Crossroads,51.543066,Daylight,532930,184430,-0.084473,E01002718,1,3,0,5,Dry,Single carriageway,None,30,12:50:00,Urban,Fine no high winds,No,16 - 20,19,Urban area,2,998,None,None,Other/Not known (2005-10),Mid Junction - on roundabout or on main road,NISSAN,,Petrol,Female,None,No tow/articulation,Did not leave carriageway,0,Going ahead other,3,Car,No,Front,2010
200742I246206,Unclassified,0,Unclassified,0,Serious,None,30-03-2020,Saturday,1,Give way or uncontrolled,T or staggered junction,18.50192965,Daylight,581210,219530,73.74089685,E01021360,1,1,0,0,Wet or damp,Single carriageway,None,30,17:30:00,Rural,Raining no high winds,No,16 - 20,19,Small town,4,98,None,None,Other/Not known (2005-10),Approaching junction or waiting/parked at junction approach,,,Petrol,Male,None,No tow/articulation,Did not leave carriageway,0,Slowing or stopping,1,Motorcycle 125cc and under,No,Did not impact,2021
20083108B2153,B,6041,Unclassified,0,Serious,None,19-08-2019,Sunday,1,Give way or uncontrolled,T or staggered junction,28.63141503,Daylight,459090,381310,77.26667165,E01028052,2,2,0,0,Wet or damp,Single carriageway,None,30,17:45:00,Urban,Raining no high winds,No,16 - 20,19,Urban area,3,954,None,None,Other/Not known (2005-10),Approaching junction or waiting/parked at junction approach,,AX 10RE NIGHTLIFE,Petrol,Female,Skidded,No tow/articulation,Did not leave carriageway,0,Going ahead other,1,Car,No,Front,2020
200930D001000,Unclassified,0,NA,0,Serious,None,31-05-2020,Wednesday,1,Data missing or out of range,Not at junction or within 20 metres,28.69272585,Darkness - lights lit,436440,335670,77.27069984,E01013478,2,3,0,0,Wet or damp,Single carriageway,None,40,18:17:00,Urban,Fine no high winds,No,26 - 35,19,Urban area,3,1340,None,None,Other/Not known (2005-10),Not at or within 20 metres of junction,,,Petrol,Male,None,No tow/articulation,Did not leave carriageway,0,Overtaking static vehicle - offside,2,Motorcycle over 500cc,No,Front,2021
201001TX20167,A,4,A,3002,Serious,None,23-03-2010,Tuesday,1,Auto traffic signal,Crossroads,51.488215,Darkness - lights lit,517220,177940,-0.313065,E01002684,2,2,0,5,Wet or damp,Dual carriageway,None,40,17:50:00,Urban,Raining no high winds,No,26 - 35,19,Urban area,5,1600,None,None,Commuting to/from work,Approaching junction or waiting/parked at junction approach,MAZDA,MX-5,Gas,Male,None,No tow/articulation,Did not leave carriageway,0,Slowing or stopping,2,Car,No,Front,2010
201043P316070,A,361,NA,0,Serious,None,23-06-2020,Saturday,1,Data missing or out of range,Not at junction or within 20 metres,22.07493805,Darkness - no lighting,447660,244780,82.13901153,E01028480,2,1,0,0,Dry,Single carriageway,None,50,21:00:00,Rural,Fine no high winds,No,16 - 20,19,Urban area,3,747,None,None,Other/Not known (2005-10),Not at or within 20 metres of junction,,,Petrol,Male,None,No tow/articulation,Offside,0,Going ahead left-hand bend,1,Motorcycle over 500cc,No,Offside,2019
200943P172109,A,44,NA,0,Serious,Any animal in carriageway (except ridden horse),25-05-2021,Saturday,1,Data missing or out of range,Not at junction or within 20 metres,22.08359502,Darkness - no lighting,439280,223170,82.12792379,E01028797,1,1,0,0,Wet or damp,Single carriageway,None,50,22:00:00,Rural,Raining no high winds,No,26 - 35,19,Small town,10,3600,None,Other permanent object,Other/Not known (2005-10),Not at or within 20 metres of junction,,911 CARRERA 4,Petrol,Male,None,No tow/articulation,Offside,0,Going ahead other,1,Car,No,Front,2019
200801TX72281,Motorway,4,NA,0,Serious,None,07-02-2020,Tuesday,1,Data missing or out of range,Not at junction or within 20 metres,27.09794499,Daylight,511880,177800,93.62632425,E01002632,1,2,0,0,Dry,Dual carriageway,None,50,07:20:00,Urban,Fine no high winds,No,26 - 35,19,Urban area,3,399,None,None,Other/Not known (2005-10),Not at or within 20 metres of junction,,,Petrol,Male,Overturned,No tow/articulation,Did not leave carriageway,0,Changing lane to right,2,Motorcycle over 125cc and up to 500cc,No,Offside,2019
200954DN34509,B,4019,NA,0,Serious,None,02-04-2021,Friday,1,Not at junction or within 20 metres,Not at junction or within 20 metres,27.08791379,Darkness - no lighting,417060,191250,93.61854728,E01015474,3,2,0,0,Dry,Single carriageway,None,50,23:20:00,Rural,Fine no high winds,No,36 - 45,19,Small town,8,1998,None,Entered ditch,Other/Not known (2005-10),Not at or within 20 metres of junction,,MR2 GT,Petrol,Male,Skidded,No tow/articulation,Offside,0,Going ahead right-hand bend,1,Car,No,Offside,2019
200950AH2A001,C,611,NA,0,Serious,None,20-03-2020,Friday,1,Not at junction or within 20 metres,Not at junction or within 20 metres,18.54120655,Darkness - no lighting,163930,27390,73.88682056,E01018905,1,1,0,0,Dry,Single carriageway,None,60,01:45:00,Rural,Fine no high winds,No,16 - 20,19,Data missing or out of range,NA,1360,None,Other permanent object,Other/Not known (2005-10),Not at or within 20 metres of junction,,205 XS,Petrol,Male,None,No tow/articulation,Did not leave carriageway,0,Going ahead right-hand bend,1,Car,No,Front,2021
200963BC12409,Unclassified,0,NA,0,Serious,None,17-07-2019,Friday,2,Data missing or out of range,Not at junction or within 20 metres,23.04796833,Darkness - no lighting,272730,275400,72.66132139,W01000543,1,1,0,0,Wet or damp,Single carriageway,None,60,21:06:00,Rural,Raining no high winds,No,16 - 20,19,Rural,NA,1799,None,Tree,Other/Not known (2005-10),Not at or within 20 metres of junction,,ASTRA BELMONT LXI,Petrol,Male,Skidded,No tow/articulation,Did not leave carriageway,0,Going ahead other,1,Car,No,Front,2019
200942I366510,B,1010,NA,0,Serious,None,21-12-2021,Saturday,1,Not at junction or within 20 metres,Not at junction or within 20 metres,14.73919841,Daylight,588250,198580,78.60063828,E01021875,2,1,0,0,Wet or damp,Single carriageway,None,60,15:55:00,Rural,Fine no high winds,No,16 - 20,19,Urban area,8,1275,None,Tree,Other/Not known (2005-10),Not at or within 20 metres of junction,,MINI COOPER,Petrol,Male,Skidded and overturned,No tow/articulation,Nearside,0,Going ahead other,1,Car,No,Front,2019
2009160C03450,A,614,NA,0,Serious,None,26-08-2020,Saturday,1,Data missing or out of range,Not at junction or within 20 metres,26.45167172,Daylight,480610,436480,80.32326607,E01013023,2,1,0,0,Dry,Single carriageway,None,60,18:42:00,Rural,Fine no high winds,No,16 - 20,19,Small town,5,1275,None,Entered ditch,Other/Not known (2005-10),Not at or within 20 metres of junction,,MINI COOPER,Petrol,Male,Skidded and overturned,No tow/articulation,Nearside,0,Going ahead other,1,Car,No,Offside,2020
200943P222109,Unclassified,141,NA,0,Serious,None,17-09-2019,Saturday,1,Not at junction or within 20 metres,Not at junction or within 20 metres,14.75399342,Daylight,456540,191890,78.58282804,E01028607,2,2,0,0,Dry,Single carriageway,None,60,16:36:00,Rural,Fine no high winds,No,16 - 20,19,Small town,7,1600,None,Entered ditch,Other/Not known (2005-10),Not at or within 20 metres of junction,,FIESTA XR2I,Petrol,Male,Skidded,No tow/articulation,Nearside,0,Going ahead left-hand bend,2,Car,No,Front,2019
200954EC20409,C,8,Unclassified,0,Serious,None,20-10-2020,Wednesday,1,Give way or uncontrolled,T or staggered junction,18.57892508,Daylight,409390,162650,73.90451886,E01031871,1,2,0,0,Dry,Single carriageway,None,60,08:00:00,Rural,Other,No,16 - 20,19,Urban area,8,398,None,None,Commuting to/from work,Mid Junction - on roundabout or on main road,,,Petrol,Male,None,No tow/articulation,Nearside,0,Going ahead other,1,Motorcycle over 125cc and up to 500cc,No,Front,2021
200842I303708,B,1054,NA,0,Serious,None,14-12-2021,Sunday,1,Not at junction or within 20 metres,Not at junction or within 20 metres,18.49166639,Daylight,566380,240000,73.78595805,E01022097,2,1,0,0,Wet or damp,Single carriageway,None,60,10:15:00,Rural,Raining no high winds,No,16 - 20,19,Urban area,4,1108,None,Telegraph or electricity pole,Other/Not known (2005-10),Not at or within 20 metres of junction,,5 CAMPUS,Petrol,Male,None,No tow/articulation,Nearside,0,Going ahead right-hand bend,1,Car,No,Front,2021
201043P275020,Unclassified,184,NA,0,Serious,None,13-06-2019,Sunday,1,Data missing or out of range,Not at junction or within 20 metres,26.46012789,Darkness - lights lit,446690,203990,74.59595776,E01028711,2,1,0,0,Frost or ice,Single carriageway,None,60,00:13:00,Rural,Fine no high winds,No,21 - 25,19,Urban area,9,3000,None,Lamp post,Other/Not known (2005-10),Not at or within 20 metres of junction,,,Petrol,Male,Skidded,No tow/articulation,Offside,0,Going ahead other,1,Car,No,Nearside,2020
200942I259808,A,127,NA,0,Serious,Other object on road,23-08-2020,Sunday,1,Not at junction or within 20 metres,Not at junction or within 20 metres,28.61038124,Darkness - lights lit,562840,189240,77.2652753,E01021446,1,4,0,0,Dry,Dual carriageway,Roadworks,70,21:56:00,Rural,Fine no high winds,No,16 - 20,19,Small town,5,1392,None,None,Other/Not known (2005-10),Not at or within 20 metres of junction,,ESCORT L,Petrol,Male,Skidded,No tow/articulation,Did not leave carriageway,0,Slowing or stopping,4,Car,No,Front,2021
200930D000817,A,516,NA,0,Serious,None,28-06-2021,Friday,1,Data missing or out of range,Not at junction or within 20 metres,28.5086847,Daylight,432130,335100,77.04058362,E01013543,1,1,0,0,Dry,Dual carriageway,None,70,13:20:00,Rural,Fine no high winds,No,21 - 25,19,Urban area,7,748,None,Lamp post,Other/Not known (2005-10),Not at or within 20 metres of junction,,VFR750F-L,Petrol,Male,None,No tow/articulation,Offside,0,Going ahead left-hand bend,1,Motorcycle over 500cc,No,Back,2019
200830D000351,A,6,NA,0,Serious,None,12-10-2020,Monday,1,Data missing or out of range,Not at junction or within 20 metres,18.490824,Daylight,439650,333210,73.73505142,E01013476,1,2,0,0,Dry,Dual carriageway,None,70,17:13:00,Rural,Fine no high winds,No,21 - 25,19,Data missing or out of range,NA,1272,None,None,Other/Not known (2005-10),Not at or within 20 metres of junction,,POLO COUPE S,Petrol,Female,Overturned,No tow/articulation,Nearside,0,Parked,1,Car,No,Back,2021
200942I168405,A,127,Unclassified,0,Serious,None,24-11-2021,Sunday,1,Give way or uncontrolled,Slip road,18.52343965,Darkness - lights lit,575790,190900,73.90538746,E01021312,2,1,0,0,Dry,Dual carriageway,None,70,21:13:00,Rural,Fine no high winds,No,26 - 35,19,Urban area,5,1597,None,Entered ditch,Other/Not known (2005-10),Approaching junction or waiting/parked at junction approach,,ESCORT RS TURBO,Petrol,Male,None,No tow/articulation,Nearside,0,Changing lane to left,1,Car,No,Front,2021
2010400B02341,A,6,C,15,Serious,None,29-11-2019,Saturday,1,Give way or uncontrolled,Slip road,18.55049566,Daylight,502110,252980,73.76708517,E01017480,1,1,0,0,Dry,Dual carriageway,None,70,00:30:00,Rural,Fine no high winds,No,26 - 35,19,Urban area,3,1590,None,None,Other/Not known (2005-10),Approaching junction or waiting/parked at junction approach,,CRX,Petrol,Male,Skidded and overturned,No tow/articulation,Did not leave carriageway,0,Going ahead left-hand bend,1,Car,No,Front,2021
200842I461712,A,129,NA,0,Serious,None,14-12-2021,Friday,1,Not at junction or within 20 metres,Not at junction or within 20 metres,22.10132073,Darkness - lights lit,568730,193190,82.11708839,E01021257,1,2,0,0,Dry,Single carriageway,None,30,21:28:00,Urban,Other,No,46 - 55,19,Urban area,10,749,None,None,Commuting to/from work,Not at or within 20 metres of junction,,,Petrol,Male,None,No tow/articulation,Did not leave carriageway,0,Going ahead other,2,Motorcycle over 125cc and up to 500cc,No,Nearside,2019
200937G028254,B,1456,NA,0,Serious,None,19-02-2019,Friday,1,Data missing or out of range,Not at junction or within 20 metres,14.77456414,Darkness - no lighting,617380,239490,78.5140371,E01029873,2,2,0,0,Wet or damp,Single carriageway,None,60,17:13:00,Rural,Raining no high winds,No,46 - 55,19,Urban area,6,980,None,Tree,Other/Not known (2005-10),Not at or within 20 metres of junction,,R100RT,Petrol,Male,None,No tow/articulation,Nearside,0,Going ahead other,2,Motorcycle over 500cc,No,Offside,2019
200954EW46409,B,3089,NA,0,Serious,None,28-05-2021,Friday,1,Not at junction or within 20 metres,Not at junction or within 20 metres,27.10325787,Darkness - no lighting,403440,131440,93.62020875,E01032004,3,2,0,0,Wet or damp,Single carriageway,None,60,20:00:00,Rural,Raining no high winds,No,46 - 55,19,Rural,6,1590,None,None,Other/Not known (2005-10),Not at or within 20 metres of junction,,216 GSI AUTO,Petrol,Female,None,No tow/articulation,Did not leave carriageway,0,Going ahead other,2,Car,No,Front,2019
200954EZ15609,C,8,Unclassified,0,Serious,None,31-01-2020,Monday,1,Give way or uncontrolled,T or staggered junction,14.69281141,Daylight,406950,163170,78.49934564,E01031842,1,3,0,0,Dry,Single carriageway,None,30,15:14:00,Rural,Fine no high winds,No,46 - 55,19,Urban area,4,805,None,None,Other/Not known (2005-10),Mid Junction - on roundabout or on main road,,,Petrol,Male,None,No tow/articulation,Did not leave carriageway,0,Going ahead left-hand bend,1,Motorcycle over 500cc,No,Front,2019
200820E120102,Unclassified,0,Unclassified,0,Serious,None,14-04-2020,Thursday,1,Give way or uncontrolled,Mini-roundabout,27.10302107,Daylight,406280,280900,93.61184292,E01008966,1,1,0,0,Dry,Single carriageway,None,30,15:05:00,Urban,Fine no high winds,No,46 - 55,19,Urban area,5,1396,None,None,Other/Not known (2005-10),Cleared junction or waiting/parked at junction exit,,CIVIC GL AUTO,Petrol,Male,None,No tow/articulation,Did not leave carriageway,0,Overtaking static vehicle - offside,1,Car,No,Front,2019
20083102A1669,A,38,A,617,Serious,None,31-03-2019,Thursday,2,Auto traffic signal,Crossroads,15.32048943,Daylight,451300,359720,74.07083733,E01027985,1,2,0,5,Dry,Dual carriageway,None,30,13:20:00,Rural,Fine no high winds,No,46 - 55,19,Small town,6,997,None,None,Other/Not known (2005-10),Cleared junction or waiting/parked at junction exit,,,Petrol,Male,None,No tow/articulation,Offside on to central reservation,0,Going ahead other,2,Motorcycle over 500cc,No,Offside,2019
2009160B04380,A,18,Unclassified,0,Serious,None,21-07-2021,Thursday,1,Give way or uncontrolled,Private drive or entrance,18.49029023,Darkness - lights lit,499250,406960,73.90760365,E01013325,2,2,0,0,Dry,Single carriageway,None,30,16:28:00,Rural,Fine + high winds,No,16 - 20,18,Rural,6,124,None,None,Other/Not known (2005-10),Mid Junction - on roundabout or on main road,,CG125BR-J,Petrol,Male,None,No tow/articulation,Did not leave carriageway,0,Going ahead other,1,Motorcycle over 125cc and up to 500cc,No,Front,2021
200842I309509,Unclassified,0,NA,0,Serious,None,23-10-2021,Tuesday,1,Not at junction or within 20 metres,Not at junction or within 20 metres,15.26365341,Darkness - lights lit,576050,223890,74.08299823,E01021350,1,2,0,0,Dry,Single carriageway,None,30,20:32:00,Urban,Fine no high winds,No,16 - 20,18,Data missing or out of range,NA,124,None,None,Other/Not known (2005-10),Not at or within 20 metres of junction,,,Petrol,Male,None,No tow/articulation,Did not leave carriageway,0,Going ahead other,2,Motorcycle over 125cc and up to 500cc,No,Nearside,2019
200934NC49799,B,6481,Unclassified,1700,Serious,None,21-10-2020,Friday,1,Give way or uncontrolled,T or staggered junction,13.03057172,Darkness - lights lit,489320,288830,77.6089296,E01026957,1,3,0,0,Dry,Single carriageway,None,30,20:57:00,Urban,Fine no high winds,No,16 - 20,18,Data missing or out of range,NA,98,None,None,Other/Not known (2005-10),Mid Junction - on roundabout or on main road,,,Petrol,Male,None,No tow/articulation,Did not leave carriageway,0,Going ahead other,3,Motorcycle 125cc and under,No,Front,2020
200742I367109,Unclassified,0,NA,0,Serious,None,25-04-2021,Monday,1,Not at junction or within 20 metres,Not at junction or within 20 metres,12.9778007,Darkness - lights lit,570710,189590,77.65952188,E01021319,2,2,0,0,Dry,Single carriageway,None,30,04:12:00,Rural,Fine no high winds,No,16 - 20,18,Urban area,3,1597,None,Near/Offside crash barrier,Other/Not known (2005-10),Not at or within 20 metres of junction,,ESCORT SPORT,Petrol,Male,Skidded,No tow/articulation,Nearside,0,Going ahead other,1,Car,No,Front,2020
2010160B01821,A,1084,A,1084,Serious,None,31-05-2010,Monday,1,Give way or uncontrolled,T or staggered junction,53.549872,Darkness - lights lit,500760,406990,-0.480638,E01013273,1,1,0,0,Dry,Single carriageway,None,30,22:14:00,Rural,Fine no high winds,No,16 - 20,18,Small town,4,600,None,Other permanent object,Other/Not known (2005-10),Mid Junction - on roundabout or on main road,SUZUKI,,Petrol,Male,Skidded,No tow/articulation,Nearside,0,Going ahead right-hand bend,1,Motorcycle over 500cc,No,Front,2010
200820K021601,Unclassified,0,NA,0,Serious,None,10-09-2020,Saturday,1,Data missing or out of range,Not at junction or within 20 metres,27.09785892,Darkness - lights lit,400790,293130,93.62235974,E01009997,1,1,0,0,Wet or damp,Single carriageway,None,30,02:20:00,Urban,Raining + high winds,No,16 - 20,18,Urban area,2,1108,None,Other permanent object,Other/Not known (2005-10),Not at or within 20 metres of junction,,5 CAMPUS,Petrol,Male,None,No tow/articulation,Nearside,0,Going ahead right-hand bend,1,Car,No,Front,2019
200754EG24007,B,3098,Unclassified,0,Serious,None,17-09-2021,Wednesday,1,Give way or uncontrolled,Private drive or entrance,18.56885475,Darkness - no lighting,391880,152580,73.7802173,E01032055,1,2,0,0,Wet or damp,Single carriageway,None,30,20:20:00,Rural,Raining no high winds,No,16 - 20,18,Rural,9,124,None,None,Other/Not known (2005-10),Mid Junction - on roundabout or on main road,,,Petrol,Male,Skidded,No tow/articulation,Did not leave carriageway,0,Going ahead other,1,Motorcycle 125cc and under,No,Front,2021