Accident_Index,1st_Road_Class,1st_Road_Number,2nd_Road_Class,2nd_Road_Number,Accident_Severity,Carriageway_Hazards,Date,Day_of_Week,Did_Police_Officer_Attend_Scene_of_Accident,Junction_Control,Junction_Detail,Latitude,Light_Conditions,Location_Easting_OSGR,Location_Northing_OSGR,Longitude,LSOA_of_Accident_Location,Number_of_Casualties,Number_of_Vehicles,Pedestrian_Crossing-Human_Control,Pedestrian_Crossing-Physical_Facilities,Road_Surface_Conditions,Road_Type,Special_Conditions_at_Site,Speed_limit,Time,Urban_or_Rural_Area,Weather_Conditions,InScotland,Age_Band_of_Driver,Age_of_Vehicle,Driver_Home_Area_Type,Driver_IMD_Decile,Engine_Capacity_.CC.,Hit_Object_in_Carriageway,Hit_Object_off_Carriageway,Journey_Purpose_of_Driver,Junction_Location,make,model,Propulsion_Code,Sex_of_Driver,Skidding_and_Overturning,Towing_and_Articulation,Vehicle_Leaving_Carriageway,Vehicle_Location.Restricted_Lane,Vehicle_Manoeuvre,Vehicle_Reference,Vehicle_Type,Was_Vehicle_Left_Hand_Drive,X1st_Point_of_Impact,Year
200843P273068,A,4158,Unclassified,0,Serious,None,11-05-2020,Sunday,1,Give way or uncontrolled,T or staggered junction,14.69855122,Daylight,452410,205730,78.63624291,E01028588,2,2,0,0,Dry,Single carriageway,None,30,21:09:00,Urban,Fine no high winds,No,16 - 20,18,Urban area,6,398,None,Other permanent object,Other/Not known (2005-10),Mid Junction - on roundabout or on main road,,,Petrol,Male,None,No tow/articulation,Offside,0,Overtaking moving vehicle - offside,1,Motorcycle over 125cc and up to 500cc,No,Offside,2019
200834WD50868,Unclassified,4284,NA,0,Serious,None,28-07-2019,Monday,1,Data missing or out of range,Not at junction or within 20 metres,25.78375772,Daylight,464290,280710,87.47951197,E01027026,1,1,0,0,Dry,Single carriageway,None,30,10:50:00,Rural,Fine no high winds,No,16 - 20,18,Rural,8,123,None,None,Other/Not known (2005-10),Not at or within 20 metres of junction,,,Petrol,Male,None,No tow/articulation,Did not leave carriageway,0,Going ahead other,1,Motorcycle 125cc and under,No,Nearside,2019
200942I044402,Unclassified,0,Unclassified,0,Serious,None,17-01-2021,Friday,1,Give way or uncontrolled,T or staggered junction,28.7169643,Daylight,584170,193470,77.07777159,E01021940,1,2,0,0,Dry,Single carriageway,None,30,15:55:00,Urban,Fine no high winds,No,16 - 20,18,Urban area,9,250,None,None,Other/Not known (2005-10),Approaching junction or waiting/parked at junction approach,,,Petrol,Male,Skidded,No tow/articulation,Did not leave carriageway,0,Going ahead other,2,Motorcycle over 125cc and up to 500cc,No,Nearside,2020
20093102A2224,Unclassified,0,NA,0,Serious,None,19-03-2020,Saturday,1,Data missing or out of range,Not at junction or within 20 metres,18.54044551,Daylight,449140,354190,73.95374346,E01027996,1,3,0,0,Dry,Single carriageway,None,30,16:20:00,Urban,Fine no high winds,No,16 - 20,18,Urban area,3,85,None,None,Other/Not known (2005-10),Not at or within 20 metres of junction,,C90,Petrol,Male,None,No tow/articulation,Did not leave carriageway,0,Overtaking static vehicle - offside,1,Motorcycle 125cc and under,No,Front,2021
200804EL08054,Unclassified,0,Unclassified,0,Serious,None,03-09-2019,Monday,1,Give way or uncontrolled,T or staggered junction,18.6318632,Daylight,374050,427590,73.92364654,E01025076,1,2,0,0,Dry,Single carriageway,None,30,18:00:00,Urban,Fine no high winds,No,16 - 20,18,Urban area,3,124,None,None,Other/Not known (2005-10),Mid Junction - on roundabout or on main road,,,Petrol,Male,None,No tow/articulation,Did not leave carriageway,0,Going ahead other,1,Motorcycle 125cc and under,No,Front,2021
200801XD80192,B,455,Unclassified,0,Serious,None,03-02-2020,Sunday,1,Give way or uncontrolled,Roundabout,19.17117356,Daylight,517270,181510,72.89641856,E01001226,1,2,0,0,Dry,Roundabout,None,30,14:10:00,Urban,Fine no high winds,No,16 - 20,18,Urban area,1,398,None,None,Other/Not known (2005-10),Approaching junction or waiting/parked at junction approach,,,Petrol,Male,None,No tow/articulation,Did not leave carriageway,0,Slowing or stopping,2,Motorcycle over 125cc and up to 500cc,No,Front,2021
2009400D02146,C,142,Unclassified,0,Serious,None,11-09-2019,Tuesday,1,Give way or uncontrolled,Other junction,27.09013225,Daylight,514490,238320,93.62549262,E01017440,1,2,0,0,Dry,Single carriageway,None,30,07:25:00,Rural,Fine no high winds,No,16 - 20,18,Urban area,10,2495,None,None,Other/Not known (2005-10),Leaving main road,,90 DEFENDER TURBO DIES,Heavy oil,Male,None,No tow/articulation,Did not leave carriageway,0,Turning right,1,Car,No,Nearside,2019
20094100J2238,Unclassified,461,Unclassified,414,Serious,None,07-04-2020,Friday,1,Give way or uncontrolled,T or staggered junction,27.09991445,Daylight,516140,199760,93.61404516,E01023525,1,3,0,0,Dry,Single carriageway,None,30,20:15:00,Rural,Fine no high winds,No,16 - 20,18,Urban area,3,124,Parked vehicle,None,Commuting to/from work,Mid Junction - on roundabout or on main road,,,Petrol,Male,Skidded,No tow/articulation,Did not leave carriageway,0,Going ahead left-hand bend,1,Motorcycle 125cc and under,No,Offside,2019
200820J012501,A,463,Unclassified,0,Serious,None,23-01-2021,Sunday,1,Give way or uncontrolled,T or staggered junction,26.75639301,Daylight,390870,293600,94.16753044,E01009897,2,2,0,0,Dry,Single carriageway,None,30,16:45:00,Urban,Fine no high winds,No,16 - 20,18,Urban area,10,400,Kerb,Other permanent object,Other/Not known (2005-10),Mid Junction - on roundabout or on main road,,,Petrol,Male,Overturned,No tow/articulation,Offside,0,Going ahead other,1,Motorcycle over 125cc and up to 500cc,No,Front,2019
2009170L31759,Unclassified,0,Unclassified,0,Serious,None,05-04-2021,Wednesday,1,Give way or uncontrolled,T or staggered junction,14.6575533,Daylight,459710,524920,78.59750398,E01012101,1,1,0,0,Wet or damp,Single carriageway,None,30,14:56:00,Urban,Raining no high winds,No,16 - 20,18,Urban area,4,250,None,None,Other/Not known (2005-10),Approaching junction or waiting/parked at junction approach,,,Petrol,Male,Skidded,No tow/articulation,Did not leave carriageway,0,Going ahead other,1,Motorcycle over 125cc and up to 500cc,No,Offside,2019
200850KE5O011,Unclassified,0,NA,0,Serious,None,05-07-2021,Monday,1,Not at junction or within 20 metres,Not at junction or within 20 metres,18.6338639,Daylight,297470,88300,73.86640824,E01019898,1,2,0,0,Wet or damp,Single carriageway,None,40,14:48:00,Rural,Raining no high winds,No,16 - 20,18,Urban area,5,124,None,None,Other/Not known (2005-10),Not at or within 20 metres of junction,,,Petrol,Male,Skidded,No tow/articulation,Offside,0,Going ahead left-hand bend,1,Motorcycle 125cc and under,No,Front,2021
200745GU08142,B,367,Unclassified,0,Serious,None,14-08-2020,Monday,1,Auto traffic signal,T or staggered junction,28.67289582,Daylight,503960,157420,77.35238625,E01030458,2,2,0,0,Wet or damp,Single carriageway,None,40,07:22:00,Rural,Fine no high winds,No,21 - 25,18,Urban area,5,2316,None,None,Journey as part of work,Mid Junction - on roundabout or on main road,,740 GLE AUTO,Petrol,Male,None,No tow/articulation,Did not leave carriageway,0,Going ahead other,2,Car,No,Front,2020
200745SP02266,A,30,Unclassified,0,Serious,None,12-05-2020,Monday,1,Give way or uncontrolled,More than 4 arms (not roundabout),17.69381809,Daylight,506860,172900,70.5105951,E01030709,4,2,0,0,Dry,Dual carriageway,None,40,12:30:00,Urban,Fine no high winds,No,21 - 25,18,Data missing or out of range,NA,2497,None,None,Other/Not known (2005-10),Mid Junction - on roundabout or on main road,,190E 2.5-16 AUTO,Petrol,Male,None,No tow/articulation,Did not leave carriageway,0,Going ahead other,1,Car,No,Front,2021
200850JI4L008,Unclassified,0,NA,0,Serious,None,30-07-2019,Sunday,1,Not at junction or within 20 metres,Not at junction or within 20 metres,28.69731095,Daylight,254620,60050,77.22938597,E01020145,9,3,0,0,Wet or damp,Single carriageway,None,40,14:25:00,Rural,Raining + high winds,No,21 - 25,18,Urban area,7,1595,None,Other permanent object,Other/Not known (2005-10),Not at or within 20 metres of junction,,CIVIC CRX VTEC,Petrol,Male,Skidded and overturned,No tow/articulation,Did not leave carriageway,0,Going ahead other,1,Car,No,Front,2021
201043R134120,A,330,NA,0,Serious,None,11-04-2021,Sunday,1,Data missing or out of range,Not at junction or within 20 metres,14.6825687,Darkness - lights lit,492430,169630,78.49720603,E01016524,2,1,0,0,Dry,Single carriageway,None,40,23:35:00,Rural,Fine no high winds,No,26 - 35,18,Data missing or out of range,NA,3969,None,Tree,Other/Not known (2005-10),Not at or within 20 metres of junction,,LS400,Petrol,Male,None,No tow/articulation,Nearside,0,Going ahead other,1,Car,No,Front,2019
200843N155068,A,40,Unclassified,3087,Serious,None,11-12-2020,Friday,1,Auto traffic signal,T or staggered junction,27.09358455,Daylight,489170,191630,93.62236837,E01017908,1,2,0,0,Dry,Single carriageway,Auto signal part defective,40,09:40:00,Urban,Fine no high winds,No,26 - 35,18,Urban area,6,NA,None,None,Journey as part of work,Approaching junction or waiting/parked at junction approach,,,Heavy oil,Male,Skidded,No tow/articulation,Did not leave carriageway,0,Slowing or stopping,1,Bus or coach (17 or more pass seats),No,Front,2019
201043R164040,A,330,Unclassified,7413,Serious,None,05-03-2019,Wednesday,1,Give way or uncontrolled,T or staggered junction,25.78849815,Daylight,492500,169410,87.48603673,E01016524,1,3,0,0,Dry,Single carriageway,None,40,18:45:00,Rural,Fine no high winds,No,26 - 35,18,Rural,7,1180,None,None,Other/Not known (2005-10),Mid Junction - on roundabout or on main road,,,Petrol,Male,Skidded,No tow/articulation,Did not leave carriageway,0,Going ahead other,3,Motorcycle over 500cc,No,Nearside,2019
200742I216106,A,1019,A,1019,Serious,None,26-07-2020,Tuesday,1,Give way or uncontrolled,Roundabout,28.48461753,Daylight,544670,210350,77.04902453,E01021851,1,2,0,0,Dry,Single carriageway,None,40,16:30:00,Urban,Fine no high winds,No,26 - 35,18,Urban area,5,399,None,None,Other/Not known (2005-10),Entering roundabout,,,Petrol,Male,None,No tow/articulation,Did not leave carriageway,0,Going ahead other,1,Motorcycle over 125cc and up to 500cc,No,Offside,2019
200830A000221,C,359,Unclassified,0,Serious,None,21-10-2021,Wednesday,1,Give way or uncontrolled,T or staggered junction,28.69368724,Daylight,448870,332260,77.2888154,E01019677,2,2,1,4,Dry,Single carriageway,None,40,08:50:00,Urban,Fine no high winds,No,26 - 35,18,Urban area,7,748,None,Other permanent object,Other/Not known (2005-10),Approaching junction or waiting/parked at junction approach,,,Petrol,Male,None,No tow/articulation,Offside,0,Going ahead other,1,Motorcycle over 500cc,No,Front,2021
201001FH10544,A,3220,NA,0,Serious,None,08-10-2010,Friday,1,Data missing or out of range,Not at junction or within 20 metres,51.5075,Daylight,523730,180240,-0.218541,E01001943,1,2,0,0,Dry,Dual carriageway,None,50,15:45:00,Urban,Fine no high winds,No,36 - 45,18,Urban area,3,1598,None,None,Other/Not known (2005-10),Not at or within 20 metres of junction,MAZDA,323 GLXI,Petrol,Male,None,No tow/articulation,Did not leave carriageway,0,Slowing or stopping,1,Car,No,Back,2010
200943P030069,Unclassified,224,NA,0,Serious,Any animal in carriageway (except ridden horse),06-01-2019,Monday,1,Data missing or out of range,Not at junction or within 20 metres,28.62702619,Darkness - no lighting,442670,222250,77.23184029,E01028803,1,1,0,0,Dry,Single carriageway,None,60,21:30:00,Rural,Fine no high winds,No,16 - 20,18,Small town,10,123,Any animal (except ridden horse),Other permanent object,Other/Not known (2005-10),Not at or within 20 metres of junction,,,Petrol,Male,None,No tow/articulation,Offside,0,Going ahead other,1,Motorcycle 125cc and under,No,Front,2021
200737L014061,C,936,NA,0,Serious,None,11-08-2020,Tuesday,1,Data missing or out of range,Not at junction or within 20 metres,21.69053563,Darkness - no lighting,642150,288120,83.67592468,E01030228,3,1,0,0,Dry,Single carriageway,None,60,19:00:00,Rural,Fine no high winds,No,16 - 20,18,Rural,5,600,None,None,Other/Not known (2005-10),Not at or within 20 metres of junction,,,Petrol,Male,None,No tow/articulation,Did not leave carriageway,0,Going ahead other,1,Motorcycle over 500cc,No,Front,2021
200911SB09159,A,68,NA,0,Serious,None,09-09-2021,Sunday,1,Data missing or out of range,Not at junction or within 20 metres,8.884475353,Daylight,413840,532510,76.61554513,E01020906,2,2,0,0,Dry,Single carriageway,None,60,13:08:00,Rural,Fine no high winds,No,16 - 20,18,Small town,7,398,None,None,Other/Not known (2005-10),Not at or within 20 metres of junction,,ZX400-L1,Petrol,Male,None,No tow/articulation,Nearside,0,Overtaking moving vehicle - offside,1,Motorcycle over 125cc and up to 500cc,No,Front,2020
200754AN06907,A,36,Unclassified,0,Serious,None,23-08-2019,Saturday,1,Give way or uncontrolled,T or staggered junction,18.5321533,Daylight,404130,137440,73.93390228,E01032027,1,2,0,0,Dry,Single carriageway,None,60,12:53:00,Rural,Fine no high winds,No,16 - 20,18,Urban area,7,400,None,None,Other/Not known (2005-10),Mid Junction - on roundabout or on main road,,,Petrol,Male,None,No tow/articulation,Offside,0,Going ahead other,2,Motorcycle over 125cc and up to 500cc,No,Front,2021
200963DP20109,A,489,NA,0,Serious,None,16-10-2021,Saturday,1,Data missing or out of range,Not at junction or within 20 metres,19.14994773,Daylight,315550,290090,72.93034839,W01000447,1,2,0,0,Dry,Single carriageway,None,60,14:20:00,Rural,Fine no high winds,No,16 - 20,18,Urban area,NA,85,None,None,Other/Not known (2005-10),Not at or within 20 metres of junction,,C90,Petrol,Male,None,No tow/articulation,Did not leave carriageway,0,U-turn,2,Motorcycle 125cc and under,No,Offside,2021
200820Z027201,Motorway,6,NA,0,Serious,None,18-03-2019,Saturday,1,Data missing or out of range,Not at junction or within 20 metres,25.78582412,Darkness - lights lit,414620,290230,87.47393287,E01009441,1,4,0,0,Dry,Dual carriageway,None,70,23:10:00,Rural,Fine no high winds,No,16 - 20,18,Urban area,2,400,None,None,Other/Not known (2005-10),Not at or within 20 metres of junction,,,Petrol,Male,None,No tow/articulation,Did not leave carriageway,0,Going ahead other,2,Motorcycle over 125cc and up to 500cc,No,Back,2019
200904TA09001,Motorway,65,NA,0,Serious,None,22-04-2021,Sunday,1,Data missing or out of range,Not at junction or within 20 metres,27.09943159,Darkness - lights lit,385250,437790,93.62262204,E01025230,2,1,0,0,Snow,Dual carriageway,None,70,22:56:00,Rural,Snowing no high winds,No,16 - 20,18,Rural,8,993,None,Near/Offside crash barrier,Other/Not known (2005-10),Not at or within 20 metres of junction,,NOVA TRIP,Petrol,Male,Skidded and overturned,No tow/articulation,Nearside,0,Going ahead other,1,Car,No,Front,2019
200854EU27908,A,338,C,12,Serious,None,17-01-2021,Friday,1,Give way or uncontrolled,T or staggered junction,27.0879648,Daylight,416140,126360,93.60968198,E01032000,1,5,0,0,Dry,Dual carriageway,Roadworks,70,14:18:00,Rural,Fine no high winds,No,16 - 20,18,Small town,6,49,None,None,Other/Not known (2005-10),Approaching junction or waiting/parked at junction approach,,,Petrol,Male,None,No tow/articulation,Did not leave carriageway,0,Going ahead other,5,Motorcycle 50cc and under,No,Front,2019
200822DA87987,Motorway,5,NA,0,Serious,None,04-07-2021,Monday,1,Data missing or out of range,Not at junction or within 20 metres,22.07375414,Daylight,391770,234820,82.12886979,E01032347,2,2,0,0,Dry,Dual carriageway,None,70,14:42:00,Rural,Fine no high winds,No,21 - 25,18,Rural,9,NA,None,None,Journey as part of work,Not at or within 20 metres of junction,,,Heavy oil,Male,None,No tow/articulation,Did not leave carriageway,0,Going ahead other,2,Bus or coach (17 or more pass seats),No,Back,2019
201043P276120,A,34,A,34,Serious,None,28-10-2021,Sunday,1,Give way or uncontrolled,Slip road,26.47597052,Darkness - no lighting,448690,184240,74.63150871,E01028729,2,1,0,0,Frost or ice,Dual carriageway,None,70,02:10:00,Rural,Fine no high winds,No,26 - 35,18,Urban area,7,1769,None,Other permanent object,Other/Not known (2005-10),Approaching junction or waiting/parked at junction approach,,SIERRA SAPPHIRE LX,Petrol,Male,Overturned,No tow/articulation,Nearside and rebounded,0,Going ahead other,1,Car,No,Offside,2020
201043P203070,A,420,NA,0,Serious,None,12-06-2020,Saturday,1,Data missing or out of range,Not at junction or within 20 metres,26.46412172,Darkness - no lighting,446880,205170,74.65202698,E01028708,4,1,0,0,Dry,Dual carriageway,None,70,23:01:00,Rural,Fine no high winds,No,26 - 35,18,Urban area,9,2200,None,Entered ditch,Other/Not known (2005-10),Not at or within 20 metres of junction,,,Heavy oil,Female,Skidded and overturned,No tow/articulation,Nearside,0,Going ahead other,1,Car,No,Back,2020
200930D000484,A,516,NA,0,Serious,None,21-10-2019,Tuesday,1,Data missing or out of range,Not at junction or within 20 metres,18.50714,Daylight,431260,333750,73.90557547,E01013540,1,3,0,0,Dry,Dual carriageway,None,70,18:20:00,Rural,Fine no high winds,No,26 - 35,18,Small town,9,1796,None,None,Commuting to/from work,Not at or within 20 metres of junction,,318 I,Petrol,Male,Skidded,No tow/articulation,Did not leave carriageway,0,Going ahead right-hand bend,2,Car,No,Front,2021
200745RU13505,Motorway,25,NA,0,Serious,None,29-08-2020,Saturday,1,Data missing or out of range,Not at junction or within 20 metres,26.75658211,Daylight,502680,166470,94.20192752,E01030677,3,4,0,0,Dry,Dual carriageway,None,70,09:13:00,Rural,Fine no high winds,No,26 - 35,18,Urban area,8,1985,None,None,Other/Not known (2005-10),Not at or within 20 metres of junction,,900 T 16S CONVERTIBLE,Petrol,Female,None,No tow/articulation,Did not leave carriageway,0,Changing lane to left,1,Car,No,Nearside,2019
200950FT2B009,Unclassified,0,Unclassified,0,Serious,Other object on road,01-07-2019,Monday,1,Give way or uncontrolled,Crossroads,23.02426031,Darkness - lights lit,291710,65270,72.65147049,E01015242,1,2,0,0,Dry,Single carriageway,None,30,18:00:00,Urban,Fine no high winds,No,46 - 55,18,Urban area,5,1796,None,None,Journey as part of work,Mid Junction - on roundabout or on main road,,318 I,Petrol,Female,None,No tow/articulation,Did not leave carriageway,0,Waiting to go - held up,2,Car,No,Offside,2019
200922C901067,A,38,Unclassified,0,Serious,None,22-01-2019,Friday,1,Give way or uncontrolled,T or staggered junction,14.72444229,Darkness - lights lit,387030,259050,78.58025456,E01032399,1,2,0,1,Wet or damp,Single carriageway,None,30,22:15:00,Rural,Raining no high winds,No,46 - 55,18,Small town,7,2495,None,None,Other/Not known (2005-10),Approaching junction or waiting/parked at junction approach,,DISCOVERY TURBO DIESEL,Heavy oil,Male,None,No tow/articulation,Did not leave carriageway,0,Parked,2,Car,No,Back,2019
200763AC56707,A,48,NA,0,Serious,None,19-02-2021,Thursday,1,Data missing or out of range,Not at junction or within 20 metres,22.75186747,Darkness - lights unlit,240670,219520,75.90770111,,2,3,0,0,Wet or damp,Dual carriageway,None,60,17:10:00,Rural,Fine no high winds,No,46 - 55,18,Urban area,NA,997,Parked vehicle,None,Other/Not known (2005-10),Not at or within 20 metres of junction,,,Petrol,Male,None,No tow/articulation,Did not leave carriageway,0,Going ahead other,1,Motorcycle over 500cc,No,Front,2020
201042I294609,A,12,NA,0,Serious,None,29-11-2020,Sunday,1,Not at junction or within 20 metres,Not at junction or within 20 metres,26.46864019,Darkness - no lighting,565810,200550,74.63243455,E01021457,2,3,0,0,Dry,Dual carriageway,None,70,20:07:00,Rural,Fine no high winds,No,46 - 55,18,Rural,6,3972,None,None,Other/Not known (2005-10),Not at or within 20 metres of junction,,,Heavy oil,Male,Skidded,No tow/articulation,Did not leave carriageway,0,Going ahead other,2,Van / Goods 3.5 tonnes mgw or under,No,Front,2020
200942I073003,A,133,NA,0,Serious,Any animal in carriageway (except ridden horse),03-05-2020,Saturday,1,Not at junction or within 20 metres,Not at junction or within 20 metres,18.49113591,Darkness - no lighting,605000,224530,73.75363595,E01022051,1,2,0,0,Dry,Dual carriageway,None,30,02:26:00,Rural,Fine no high winds,No,46 - 55,18,Urban area,4,1598,None,Telegraph or electricity pole,Other/Not known (2005-10),Not at or within 20 metres of junction,,323 GLXI ABS AUTO,Petrol,Male,None,No tow/articulation,Offside on to central reservation,0,Going ahead other,1,Car,No,Front,2021
200850E31A157,Unclassified,0,NA,0,Serious,None,25-11-2021,Tuesday,1,Not at junction or within 20 metres,Not at junction or within 20 metres,15.35153357,Daylight,247790,54970,74.03446838,E01015152,1,2,0,4,Wet or damp,Dual carriageway,None,60,17:08:00,Urban,Fine + high winds,No,46 - 55,18,Data missing or out of range,NA,98,None,None,Data missing or out of range,Not at or within 20 metres of junction,,,Petrol,Male,None,No tow/articulation,Did not leave carriageway,2,Going ahead other,2,Motorcycle 125cc and under,No,Nearside,2019
200806Q098880,Unclassified,0,NA,0,Serious,None,09-04-2019,Friday,1,Not at junction or within 20 metres,Not at junction or within 20 metres,14.72816587,Daylight,392520,404330,78.58602957,E01005434,1,2,0,0,Dry,Single carriageway,None,30,10:00:00,Urban,Fine no high winds,No,46 - 55,18,Urban area,1,749,None,None,Commuting to/from work,Not at or within 20 metres of junction,,,Petrol,Male,None,No tow/articulation,Did not leave carriageway,0,Going ahead other,2,Motorcycle over 500cc,No,Front,2019
20083102A1544,A,6191,Unclassified,0,Serious,None,16-01-2021,Tuesday,2,Give way or uncontrolled,T or staggered junction,15.24788524,Daylight,454470,360860,74.0116628,E01028269,1,1,0,0,Dry,Single carriageway,None,30,11:15:00,Urban,Fine no high winds,No,46 - 55,18,Data missing or out of range,NA,NA,None,None,Journey as part of work,Approaching junction or waiting/parked at junction approach,,,Heavy oil,Male,None,No tow/articulation,Did not leave carriageway,0,Moving off,1,Bus or coach (17 or more pass seats),No,Did not impact,2019
200904AX09044,B,5124,NA,0,Serious,None,21-01-2021,Friday,1,Data missing or out of range,Not at junction or within 20 metres,15.33074506,Daylight,331650,437200,74.14045715,E01012680,1,2,0,0,Dry,Single carriageway,None,30,06:55:00,Urban,Fine no high winds,No,46 - 55,18,Urban area,1,11600,None,None,Journey as part of work,Not at or within 20 metres of junction,,,Heavy oil,Male,None,No tow/articulation,Did not leave carriageway,0,Parked,2,Bus or coach (17 or more pass seats),No,Back,2019
2009160B03700,A,161,Unclassified,0,Serious,None,15-08-2020,Sunday,1,Give way or uncontrolled,T or staggered junction,28.40572532,Daylight,478230,414080,77.09140347,E01013248,1,1,0,0,Dry,Single carriageway,None,60,16:50:00,Rural,Fine no high winds,No,46 - 55,18,Urban area,1,1127,None,Road sign or traffic signal,Other/Not known (2005-10),Mid Junction - on roundabout or on main road,,,Petrol,Male,Skidded,No tow/articulation,Nearside,0,Going ahead right-hand bend,1,Motorcycle over 500cc,No,Offside,2019
2007557E05098,A,31,C,60,Serious,None,11-07-2019,Tuesday,1,Give way or uncontrolled,Crossroads,8.888300329,Daylight,388350,97050,76.61694376,E01020465,2,2,0,0,Dry,Single carriageway,None,40,07:25:00,Rural,Fine no high winds,No,46 - 55,18,Urban area,5,592,None,None,Journey as part of work,Approaching junction or waiting/parked at junction approach,,,Petrol,Male,Skidded and overturned,No tow/articulation,Nearside,0,Going ahead other,2,Motorcycle over 500cc,No,Front,2020
200901PY20880,B,2173,Unclassified,0,Serious,None,02-11-2021,Thursday,1,Give way or uncontrolled,T or staggered junction,22.10676164,Darkness - lights lit,549150,170090,82.16482918,E01000720,1,2,0,0,Dry,Single carriageway,None,30,18:27:00,Rural,Fine no high winds,No,16 - 20,17,Urban area,3,396,None,None,Other/Not known (2005-10),Approaching junction or waiting/parked at junction approach,,,Petrol,Male,None,No tow/articulation,Did not leave carriageway,0,Overtaking moving vehicle - offside,2,Motorcycle over 125cc and up to 500cc,No,Front,2019
20104100K0091,C,43,Unclassified,351,Serious,None,02-06-2021,Saturday,1,Give way or uncontrolled,Mini-roundabout,13.03130006,Darkness - lights lit,537960,210720,77.59582445,E01023316,2,2,0,0,Frost or ice,Roundabout,None,30,01:15:00,Urban,Fine no high winds,No,16 - 20,17,Urban area,8,124,None,None,Other/Not known (2005-10),Mid Junction - on roundabout or on main road,,,Petrol,Male,Skidded,No tow/articulation,Did not leave carriageway,0,Going ahead other,2,Motorcycle 125cc and under,No,Front,2020
200905EE30127,B,5187,Unclassified,0,Serious,None,05-02-2021,Sunday,1,Give way or uncontrolled,T or staggered junction,8.870676535,Darkness - lights lit,336780,396850,76.67504136,E01006783,2,1,0,0,Dry,Single carriageway,None,30,02:53:00,Urban,Fine no high winds,No,16 - 20,17,Urban area,1,1994,Kerb,Near/Offside crash barrier,Other/Not known (2005-10),Approaching junction or waiting/parked at junction approach,,420 GSI,Petrol,Male,Skidded,No tow/articulation,Offside and rebounded,0,Going ahead left-hand bend,1,Car,No,Front,2020
200920E038703,Unclassified,0,Unclassified,0,Serious,None,11-04-2019,Sunday,1,Give way or uncontrolled,T or staggered junction,22.73509215,Darkness - lights lit,408020,285170,75.82034277,E01009365,1,2,0,0,Dry,Single carriageway,None,30,23:15:00,Urban,Fine no high winds,No,16 - 20,17,Urban area,5,124,None,None,Other/Not known (2005-10),Mid Junction - on roundabout or on main road,,,Petrol,Male,None,No tow/articulation,Did not leave carriageway,0,Going ahead other,2,Motorcycle 125cc and under,No,Front,2020
200804DL08103,C,335,Unclassified,0,Serious,None,15-10-2020,Saturday,1,Give way or uncontrolled,Crossroads,19.16737174,Darkness - lights lit,352710,432100,72.89383025,E01025256,2,1,0,4,Dry,Single carriageway,None,30,00:45:00,Urban,Fine no high winds,No,16 - 20,17,Data missing or out of range,NA,399,None,Other permanent object,Other/Not known (2005-10),Mid Junction - on roundabout or on main road,,,Petrol,Male,Skidded,No tow/articulation,Nearside and rebounded,0,Going ahead other,1,Motorcycle over 125cc and up to 500cc,No,Nearside,2021
200801KF72280,B,166,NA,0,Serious,None,06-04-2019,Tuesday,1,Data missing or out of range,Not at junction or within 20 metres,18.54400027,Darkness - lights lit,540510,182770,73.76495029,E01003594,1,2,0,0,Dry,Single carriageway,None,30,23:20:00,Urban,Unknown,No,16 - 20,17,Urban area,3,400,None,Other permanent object,Other/Not known (2005-10),Not at or within 20 metres of junction,,,Petrol,Male,None,No tow/articulation,Offside,0,Going ahead left-hand bend,2,Motorcycle over 125cc and up to 500cc,No,Front,2021
200837G024641,B,1456,NA,0,Serious,Vehicle load on road,16-01-2019,Wednesday,1,Data missing or out of range,Not at junction or within 20 metres,22.99051104,Daylight,620200,237180,72.56397348,E01029873,1,2,0,0,Dry,Single carriageway,None,30,08:38:00,Rural,Fine no high winds,No,16 - 20,17,Small town,5,49,None,None,Journey as part of work,Not at or within 20 metres of junction,,,Petrol,Male,None,No tow/articulation,Did not leave carriageway,0,Going ahead other,1,Motorcycle 50cc and under,No,Front,2019
200734WD32147,C,166,C,194,Serious,None,03-09-2021,Tuesday,1,Give way or uncontrolled,T or staggered junction,28.59703413,Daylight,456790,262260,77.12938236,E01026992,2,2,0,0,Dry,Single carriageway,None,30,20:28:00,Urban,Fine no high winds,No,16 - 20,17,Rural,7,599,None,None,Other/Not known (2005-10),Mid Junction - on roundabout or on main road,,,Petrol,Male,None,No tow/articulation,Did not leave carriageway,0,Going ahead other,2,Motorcycle over 125cc and up to 500cc,No,Did not impact,2020