Accident_Index,1st_Road_Class,1st_Road_Number,2nd_Road_Class,2nd_Road_Number,Accident_Severity,Carriageway_Hazards,Date,Day_of_Week,Did_Police_Officer_Attend_Scene_of_Accident,Junction_Control,Junction_Detail,Latitude,Light_Conditions,Location_Easting_OSGR,Location_Northing_OSGR,Longitude,LSOA_of_Accident_Location,Number_of_Casualties,Number_of_Vehicles,Pedestrian_Crossing-Human_Control,Pedestrian_Crossing-Physical_Facilities,Road_Surface_Conditions,Road_Type,Special_Conditions_at_Site,Speed_limit,Time,Urban_or_Rural_Area,Weather_Conditions,InScotland,Age_Band_of_Driver,Age_of_Vehicle,Driver_Home_Area_Type,Driver_IMD_Decile,Engine_Capacity_.CC.,Hit_Object_in_Carriageway,Hit_Object_off_Carriageway,Journey_Purpose_of_Driver,Junction_Location,make,model,Propulsion_Code,Sex_of_Driver,Skidding_and_Overturning,Towing_and_Articulation,Vehicle_Leaving_Carriageway,Vehicle_Location.Restricted_Lane,Vehicle_Manoeuvre,Vehicle_Reference,Vehicle_Type,Was_Vehicle_Left_Hand_Drive,X1st_Point_of_Impact,Year
200820E128303,Unclassified,0,NA,0,Serious,None,30-09-2020,Thursday,1,Data missing or out of range,Not at junction or within 20 metres,28.56348703,Daylight,407080,284340,77.09140162,E01009180,1,2,0,0,Dry,Single carriageway,None,30,14:45:00,Urban,Fine no high winds,No,16 - 20,17,Urban area,NA,400,None,None,Other/Not known (2005-10),Not at or within 20 metres of junction,,,Petrol,Male,None,No tow/articulation,Did not leave carriageway,0,Going ahead other,2,Motorcycle over 125cc and up to 500cc,No,Front,2020
200950FT2I016,A,379,Unclassified,0,Serious,None,12-02-2020,Saturday,1,Give way or uncontrolled,T or staggered junction,18.49073414,Daylight,291180,65880,73.91482327,E01015259,1,2,0,0,Dry,Single carriageway,None,30,10:33:00,Urban,Fine no high winds,No,16 - 20,17,Data missing or out of range,NA,124,None,None,Other/Not known (2005-10),Approaching junction or waiting/parked at junction approach,,,Petrol,Male,None,No tow/articulation,Did not leave carriageway,0,Going ahead other,2,Motorcycle 125cc and under,No,Front,2021
200937L017558,Unclassified,9999,Unclassified,0,Serious,None,22-11-2020,Wednesday,1,Give way or uncontrolled,Private drive or entrance,18.49018894,Daylight,654710,292800,73.93783351,E01030250,1,2,0,0,Dry,Single carriageway,None,30,12:30:00,Urban,Fine no high winds,No,16 - 20,17,Urban area,8,398,None,Other permanent object,Commuting to/from work,Approaching junction or waiting/parked at junction approach,,,Petrol,Male,None,No tow/articulation,Nearside,0,Going ahead other,2,Motorcycle over 125cc and up to 500cc,No,Front,2021
201001PL60781,Unclassified,0,Unclassified,0,Serious,None,23-11-2010,Tuesday,1,Give way or uncontrolled,Crossroads,51.432948,Daylight,540150,172370,0.014792,E01003349,1,2,0,0,Dry,Single carriageway,None,30,08:34:00,Urban,Fine no high winds,No,16 - 20,17,Urban area,3,1275,None,None,Commuting to/from work,Mid Junction - on roundabout or on main road,NISSAN,MICRA LX,Petrol,Female,None,No tow/articulation,Did not leave carriageway,0,Going ahead other,1,Car,No,Front,2010
200920E172602,A,441,Unclassified,0,Serious,None,25-05-2021,Monday,1,Give way or uncontrolled,T or staggered junction,18.59270981,Darkness - lights lit,405390,280210,73.84670599,E01008957,1,2,0,5,Dry,Single carriageway,None,30,19:10:00,Urban,Fine + high winds,No,21 - 25,17,Urban area,1,487,None,None,Other/Not known (2005-10),Mid Junction - on roundabout or on main road,,,Petrol,Male,None,No tow/articulation,Did not leave carriageway,0,Going ahead other,2,Motorcycle over 125cc and up to 500cc,No,Front,2021
2009400D01523,B,530,NA,0,Serious,None,08-07-2019,Friday,1,Data missing or out of range,Not at junction or within 20 metres,26.73205455,Darkness - no lighting,503330,238990,94.16765729,E01017374,2,1,0,0,Wet or damp,Single carriageway,None,40,22:45:00,Rural,Raining no high winds,No,16 - 20,17,Urban area,3,1595,None,Tree,Other/Not known (2005-10),Not at or within 20 metres of junction,,CIVIC CRX VTEC,Petrol,Male,None,No tow/articulation,Nearside,0,Going ahead left-hand bend,1,Car,No,Front,2019
200754DN45907,B,4289,C,404,Serious,None,09-07-2019,Saturday,1,Give way or uncontrolled,Roundabout,15.31311993,Daylight,415040,185510,74.11333058,E01015582,1,1,0,4,Dry,Dual carriageway,None,40,23:35:00,Urban,Fine no high winds,No,16 - 20,17,Urban area,8,3590,None,Road sign or traffic signal,Other/Not known (2005-10),Leaving roundabout,,XJ-S AUTO,Petrol,Male,Skidded,No tow/articulation,Offside,0,Going ahead other,1,Car,No,Offside,2019
200842I221006,A,130,A,130,Serious,None,19-08-2021,Saturday,1,Give way or uncontrolled,Slip road,18.60321521,Daylight,577480,190330,73.76410254,E01021312,1,2,0,0,Dry,Dual carriageway,None,40,08:24:00,Rural,Fine no high winds,No,16 - 20,17,Urban area,4,599,None,Central crash barrier,Other/Not known (2005-10),Approaching junction or waiting/parked at junction approach,,,Petrol,Male,None,No tow/articulation,Did not leave carriageway,0,Going ahead left-hand bend,1,Motorcycle over 500cc,No,Offside,2021
200750B21F467,A,388,NA,0,Serious,None,04-09-2019,Sunday,1,Not at junction or within 20 metres,Not at junction or within 20 metres,27.09831618,Daylight,234840,77830,93.62633058,E01018966,3,2,0,0,Dry,Single carriageway,None,40,15:53:00,Rural,Fine no high winds,No,16 - 20,17,Small town,2,400,None,None,Data missing or out of range,Not at or within 20 metres of junction,,,Petrol,Male,None,No tow/articulation,Did not leave carriageway,0,Going ahead left-hand bend,1,Motorcycle over 125cc and up to 500cc,No,Front,2019
200743W245087,A,339,NA,0,Serious,None,23-11-2021,Thursday,1,Data missing or out of range,Not at junction or within 20 metres,28.69926548,Daylight,447540,167580,77.2177869,E01016346,1,1,0,0,Dry,Dual carriageway,None,40,17:18:00,Urban,Fine no high winds,No,21 - 25,17,Rural,8,1781,None,None,Other/Not known (2005-10),Not at or within 20 metres of junction,,GOLF GL 4+E 1.8,Petrol,Male,None,No tow/articulation,Offside on to central reservation,0,Going ahead other,1,Car,No,Front,2020
20104100E0420,Unclassified,479,Unclassified,302,Serious,None,23-12-2020,Friday,1,Give way or uncontrolled,Roundabout,27.29093247,Daylight,526680,224320,84.83170661,E01023760,2,2,0,7,Wet or damp,Single carriageway,None,40,13:15:00,Urban,Raining no high winds,No,21 - 25,17,Small town,7,2199,None,None,Other/Not known (2005-10),Leaving roundabout,,C220 AUTO,Petrol,Female,Skidded,No tow/articulation,Nearside and rebounded,0,Going ahead other,1,Car,No,Nearside,2021
20083102D0105,C,39,Unclassified,0,Serious,None,03-02-2019,Tuesday,1,Give way or uncontrolled,T or staggered junction,18.50818824,Darkness - lights lit,455830,354300,73.89360205,E01028200,1,2,0,0,Wet or damp,Single carriageway,None,40,06:59:00,Rural,Other,No,26 - 35,17,Urban area,4,124,None,None,Commuting to/from work,Mid Junction - on roundabout or on main road,,,Petrol,Male,None,No tow/articulation,Did not leave carriageway,0,Going ahead other,2,Motorcycle 125cc and under,No,Front,2021
200922E906343,B,4399,NA,0,Serious,None,26-11-2021,Friday,1,Data missing or out of range,Not at junction or within 20 metres,17.44053999,Darkness - lights lit,352360,238140,74.32105612,E01014026,1,3,0,0,Wet or damp,Single carriageway,None,40,21:39:00,Urban,Raining + high winds,No,26 - 35,17,Urban area,6,1769,None,None,Other/Not known (2005-10),Not at or within 20 metres of junction,,205 GLD,Heavy oil,Female,None,No tow/articulation,Did not leave carriageway,0,Going ahead other,2,Car,No,Front,2021
200950JN2E026,A,380,Unclassified,0,Serious,None,30-11-2021,Tuesday,1,Give way or uncontrolled,T or staggered junction,22.7473711,Darkness - lights lit,287880,68880,75.9082329,E01020249,1,2,0,0,Wet or damp,Single carriageway,None,40,19:02:00,Rural,Raining no high winds,No,26 - 35,17,Urban area,2,1127,None,None,Other/Not known (2005-10),Approaching junction or waiting/parked at junction approach,,,Petrol,Male,Skidded,No tow/articulation,Did not leave carriageway,0,Overtaking moving vehicle - offside,1,Motorcycle over 500cc,No,Front,2020
200742I029801,Unclassified,0,NA,0,Serious,None,26-12-2019,Monday,1,Not at junction or within 20 metres,Not at junction or within 20 metres,28.68897239,Daylight,577250,219530,77.35443063,E01021348,1,2,0,0,Wet or damp,Single carriageway,None,40,08:30:00,Rural,Fine no high winds,No,26 - 35,17,Data missing or out of range,NA,400,None,None,Journey as part of work,Not at or within 20 metres of junction,,,Petrol,Male,None,No tow/articulation,Nearside,0,Going ahead left-hand bend,2,Motorcycle over 125cc and up to 500cc,No,Front,2021
201001SX21187,A,406,NA,0,Serious,None,01-11-2010,Monday,1,Data missing or out of range,Not at junction or within 20 metres,51.603053,Darkness - lights lit,526880,190950,-0.169315,E01000184,1,6,0,0,Dry,Dual carriageway,None,50,20:40:00,Urban,Fine no high winds,No,26 - 35,17,Data missing or out of range,NA,998,None,None,Other/Not known (2005-10),Not at or within 20 metres of junction,NISSAN,MICRA L,Petrol,Male,None,No tow/articulation,Did not leave carriageway,0,Going ahead other,5,Car,No,Front,2010
200904EB09054,A,675,NA,0,Serious,None,21-03-2019,Tuesday,1,Data missing or out of range,Not at junction or within 20 metres,14.70727257,Daylight,366840,417140,78.46333383,E01012628,1,3,0,0,Dry,Single carriageway,None,50,15:50:00,Rural,Fine no high winds,No,26 - 35,17,Urban area,1,1587,None,None,Other/Not known (2005-10),Not at or within 20 metres of junction,,CARINA E XLI,Petrol,Male,Skidded,No tow/articulation,Did not leave carriageway,0,Going ahead other,2,Car,No,Back,2019
200943N199049,C,63,NA,0,Serious,None,10-01-2021,Wednesday,1,Data missing or out of range,Not at junction or within 20 metres,22.72329304,Darkness - no lighting,484200,204320,75.85584006,E01017932,1,1,0,0,Dry,Single carriageway,None,60,21:00:00,Rural,Fine no high winds,No,16 - 20,17,Small town,10,447,None,Tree,Other/Not known (2005-10),Not at or within 20 metres of junction,,CB450DX-K,Petrol,Male,None,No tow/articulation,Nearside and rebounded,0,Going ahead right-hand bend,1,Motorcycle over 125cc and up to 500cc,No,Front,2020
201014A029310,C,7,NA,0,Serious,None,21-02-2010,Sunday,1,Not at junction or within 20 metres,Not at junction or within 20 metres,53.487719,Darkness - no lighting,454980,399320,-1.172857,E01007545,2,3,0,0,Wet or damp,Single carriageway,None,60,18:45:00,Rural,Fine no high winds,No,16 - 20,17,Urban area,8,1360,None,None,Other/Not known (2005-10),Not at or within 20 metres of junction,PEUGEOT,106 KEY WEST,Heavy oil,Male,None,No tow/articulation,Did not leave carriageway,0,Going ahead other,3,Car,No,Did not impact,2010
200997NC02501,Unclassified,0,NA,0,Serious,None,10-04-2021,Saturday,1,Data missing or out of range,Not at junction or within 20 metres,22.10152504,Darkness - no lighting,278480,675250,82.19158962,,1,1,0,0,Wet or damp,Single carriageway,None,60,01:30:00,Rural,Other,Yes,16 - 20,17,Urban area,NA,2972,None,None,Other/Not known (2005-10),Not at or within 20 metres of junction,,SHOGUN SWB V6 AUTO,Petrol,Male,Skidded and overturned,No tow/articulation,Did not leave carriageway,0,Going ahead right-hand bend,1,Car,No,Nearside,2019
200942I376411,Unclassified,0,NA,0,Serious,None,28-08-2021,Tuesday,1,Not at junction or within 20 metres,Not at junction or within 20 metres,26.725546,Darkness - no lighting,575060,197800,94.1748961,E01021604,4,2,0,0,Wet or damp,Single carriageway,None,60,17:45:00,Rural,Raining no high winds,No,16 - 20,17,Rural,4,1796,None,Telegraph or electricity pole,Other/Not known (2005-10),Not at or within 20 metres of junction,,318 I,Petrol,Male,Overturned,No tow/articulation,Offside,0,Going ahead other,1,Car,No,Front,2019
200934WD52449,C,195,NA,0,Serious,None,12-01-2019,Monday,1,Data missing or out of range,Not at junction or within 20 metres,19.09282932,Darkness - no lighting,476620,275600,72.92195782,E01027002,1,1,0,0,Wet or damp,Single carriageway,None,60,17:25:00,Rural,Raining no high winds,No,16 - 20,17,Rural,9,1118,None,None,Commuting to/from work,Not at or within 20 metres of junction,,FIESTA BONUS,Petrol,Male,None,No tow/articulation,Nearside,0,Going ahead other,1,Car,No,Front,2021
200943P129039,A,361,NA,0,Serious,None,24-08-2021,Sunday,1,Data missing or out of range,Not at junction or within 20 metres,25.79008015,Daylight,442550,235220,87.45513151,E01028474,1,1,0,0,Dry,Single carriageway,None,60,16:45:00,Rural,Fine no high winds,No,16 - 20,17,Small town,7,49,None,None,Other/Not known (2005-10),Not at or within 20 metres of junction,,,Petrol,Male,Skidded,No tow/articulation,Did not leave carriageway,0,Going ahead left-hand bend,1,Motorcycle 50cc and under,No,Offside,2019
200737G022748,Unclassified,3620,NA,,Serious,None,24-01-2020,Thursday,1,Give way or uncontrolled,Private drive or entrance,13.00972104,Daylight,632980,251650,77.65654279,E01030178,2,2,0,0,Dry,Single carriageway,None,60,07:25:00,Rural,Fine no high winds,No,16 - 20,17,Rural,NA,398,None,None,Commuting to/from work,Mid Junction - on roundabout or on main road,,,Petrol,Male,Skidded,No tow/articulation,Did not leave carriageway,0,Going ahead right-hand bend,1,Motorcycle over 500cc,No,Front,2019
200904CK09051,A,5147,NA,0,Serious,None,22-08-2020,Friday,1,Data missing or out of range,Not at junction or within 20 metres,13.03063643,Daylight,337870,411790,77.52717117,E01025515,1,2,0,0,Dry,Single carriageway,None,60,08:25:00,Rural,Fine no high winds,No,16 - 20,17,Small town,8,400,Kerb,None,Commuting to/from work,Not at or within 20 metres of junction,,,Petrol,Male,Overturned,No tow/articulation,Offside and rebounded,0,Overtaking moving vehicle - offside,2,Motorcycle over 125cc and up to 500cc,No,Nearside,2020
200742I271907,B,1012,NA,0,Serious,None,17-05-2020,Saturday,1,Not at junction or within 20 metres,Not at junction or within 20 metres,26.46088518,Daylight,583810,198650,74.6391653,E01021902,3,3,0,0,Dry,Single carriageway,None,60,05:50:00,Rural,Fine no high winds,No,16 - 20,17,Rural,8,2765,None,None,Other/Not known (2005-10),Not at or within 20 metres of junction,,FOURTRAK EL DIESEL,Heavy oil,Male,None,No tow/articulation,Did not leave carriageway,0,Overtaking moving vehicle - offside,1,Car,No,Front,2020
200932C128009,C,532,Unclassified,0,Serious,None,02-04-2019,Wednesday,1,Give way or uncontrolled,T or staggered junction,28.56792836,Daylight,535120,388840,77.35219164,E01026070,5,2,0,0,Wet or damp,Single carriageway,None,60,15:02:00,Rural,Fine no high winds,No,16 - 20,17,Urban area,5,1298,None,None,Other/Not known (2005-10),Entering main road,,SAMURAI SPORT,Petrol,Male,Skidded and overturned,No tow/articulation,Did not leave carriageway,0,Turning right,1,Car,No,Front,2020
2009559D00714,A,354,Unclassified,0,Serious,None,15-01-2020,Wednesday,1,Give way or uncontrolled,Private drive or entrance,14.76036765,Daylight,387510,104350,78.49984809,E01020452,1,2,0,0,Dry,Single carriageway,None,60,16:35:00,Rural,Fine no high winds,No,16 - 20,17,Rural,7,1124,None,None,Other/Not known (2005-10),Approaching junction or waiting/parked at junction approach,,205 ZEST,Petrol,Male,None,No tow/articulation,Did not leave carriageway,0,Going ahead other,2,Car,No,Front,2019
201004CC10032,B,5247,NA,0,Serious,None,29-04-2010,Thursday,1,Data missing or out of range,Not at junction or within 20 metres,53.684053,Daylight,346530,421150,-2.811082,E01024974,5,2,0,0,Wet or damp,Single carriageway,None,60,18:58:00,Rural,Raining no high winds,No,16 - 20,17,Small town,10,1796,None,None,Other/Not known (2005-10),Not at or within 20 metres of junction,BMW,318 I S,Petrol,Male,Skidded,No tow/articulation,Nearside,0,Going ahead right-hand bend,1,Car,No,Nearside,2010
201042I378511,Unclassified,0,NA,0,Serious,None,04-07-2020,Friday,1,Not at junction or within 20 metres,Not at junction or within 20 metres,25.78192375,Darkness - no lighting,562120,198280,87.45993795,E01021460,1,1,0,0,Dry,Single carriageway,None,60,22:55:00,Rural,Fine no high winds,No,21 - 25,17,Small town,10,1997,None,Tree,Other/Not known (2005-10),Not at or within 20 metres of junction,,190E AUTO,Petrol,Male,Skidded,No tow/articulation,Nearside,0,Going ahead other,1,Car,No,Offside,2019
201037G029041,A,12,NA,0,Serious,None,08-12-2020,Monday,1,Data missing or out of range,Not at junction or within 20 metres,8.864472306,Darkness - no lighting,604320,233730,76.69509019,E01029905,2,1,0,0,Wet or damp,Dual carriageway,None,70,04:20:00,Rural,Unknown,No,21 - 25,17,Urban area,5,1391,None,Central crash barrier,Other/Not known (2005-10),Not at or within 20 metres of junction,,ESCORT LX I,Petrol,Male,Skidded,No tow/articulation,Offside on to centrl res + rebounded,0,Going ahead other,1,Car,No,Front,2020
200934WD19609,A,14,NA,0,Serious,None,20-02-2019,Wednesday,1,Data missing or out of range,Not at junction or within 20 metres,26.72405101,Daylight,470730,279240,94.21504007,E01027005,1,2,0,0,Dry,Dual carriageway,None,70,07:10:00,Rural,Fine no high winds,No,26 - 35,17,Urban area,8,1360,None,None,Journey as part of work,Not at or within 20 metres of junction,,AX 14 ECHO,Heavy oil,Male,None,No tow/articulation,Did not leave carriageway,0,Changing lane to left,1,Car,No,Front,2019
20084100J2182,A,1,NA,0,Serious,None,17-12-2020,Monday,1,Not at junction or within 20 metres,Not at junction or within 20 metres,14.76199062,Daylight,521680,198170,78.4712504,E01023584,1,1,0,0,Dry,Dual carriageway,None,70,10:20:00,Rural,Fine no high winds,No,26 - 35,17,Urban area,10,1295,None,Tree,Journey as part of work,Not at or within 20 metres of junction,,COROLLA GL AUTO,Petrol,Female,Skidded,No tow/articulation,Nearside,0,Going ahead other,1,Car,No,Front,2019
2009160B05070,A,15,NA,0,Serious,None,27-07-2020,Wednesday,1,Data missing or out of range,Not at junction or within 20 metres,27.10487415,Daylight,503830,415410,93.63047462,E01013267,4,2,0,0,Dry,Dual carriageway,None,70,13:17:00,Rural,Fine no high winds,No,26 - 35,17,Small town,7,2494,None,None,Other/Not known (2005-10),Not at or within 20 metres of junction,,525I SE TOURING,Petrol,Female,None,No tow/articulation,Did not leave carriageway,0,Going ahead other,2,Car,No,Front,2019
200943N074039,A,416,A,416,Serious,None,09-01-2021,Monday,1,Auto traffic signal,Roundabout,23.03291979,Darkness - lights lit,496050,201930,72.60299285,E01017792,1,1,0,4,Dry,Single carriageway,None,30,18:55:00,Urban,Fine no high winds,No,46 - 55,17,Urban area,4,1796,None,None,Other/Not known (2005-10),Leaving roundabout,,318 I,Petrol,Female,None,No tow/articulation,Did not leave carriageway,0,Going ahead other,1,Car,No,Front,2019
201043N195030,A,418,NA,0,Serious,None,29-05-2021,Tuesday,1,Data missing or out of range,Not at junction or within 20 metres,8.876720307,Darkness - lights lit,481130,213430,76.61770481,E01017654,1,2,0,0,Wet or damp,Single carriageway,None,30,19:20:00,Urban,Raining no high winds,No,46 - 55,17,Urban area,3,749,Kerb,None,Other/Not known (2005-10),Not at or within 20 metres of junction,,ZX750-L1,Petrol,Male,Skidded,No tow/articulation,Did not leave carriageway,2,Going ahead other,1,Motorcycle over 500cc,No,Nearside,2020
200901TC00141,B,135,Unclassified,0,Serious,None,17-04-2021,Monday,1,Give way or uncontrolled,T or staggered junction,26.45954067,Darkness - lights lit,533800,182280,74.59577945,E01004317,1,2,0,0,Wet or damp,Single carriageway,None,30,21:50:00,Urban,Raining no high winds,No,46 - 55,17,Urban area,3,2180,None,None,Other/Not known (2005-10),Mid Junction - on roundabout or on main road,,,Heavy oil,Male,None,No tow/articulation,Did not leave carriageway,0,Turning right,1,Car,No,Front,2020
200904BA09118,A,683,NA,0,Serious,None,25-02-2021,Thursday,1,Data missing or out of range,Not at junction or within 20 metres,14.73567736,Daylight,348620,463520,78.62120877,E01025095,1,2,0,0,Dry,Single carriageway,None,60,09:37:00,Urban,Fine + high winds,No,46 - 55,17,Small town,9,798,None,None,Other/Not known (2005-10),Not at or within 20 metres of junction,,R80RT,Petrol,Male,Overturned,No tow/articulation,Nearside,0,Going ahead left-hand bend,1,Motorcycle over 500cc,No,Front,2019
200750F21C327,A,385,Unclassified,0,Serious,None,12-05-2021,Thursday,1,Give way or uncontrolled,Crossroads,14.68066512,Daylight,287440,60030,78.47026242,E01015195,1,2,0,0,Wet or damp,Single carriageway,None,30,08:34:00,Urban,Fine no high winds,No,46 - 55,17,Urban area,2,1200,None,None,Data missing or out of range,Mid Junction - on roundabout or on main road,,,Petrol,Male,Skidded,No tow/articulation,Did not leave carriageway,0,Going ahead other,2,Motorcycle over 500cc,No,Front,2019
200950EL2L021,Unclassified,0,NA,0,Serious,None,31-12-2020,Wednesday,1,Not at junction or within 20 metres,Not at junction or within 20 metres,27.10231176,Daylight,246390,58830,93.62524232,E01015087,1,2,0,0,Dry,Single carriageway,None,30,17:30:00,Urban,Fine no high winds,No,46 - 55,17,Urban area,1,2470,None,None,Other/Not known (2005-10),Not at or within 20 metres of junction,,,Heavy oil,Male,None,No tow/articulation,Did not leave carriageway,0,Moving off,1,Car,No,Nearside,2019
200742I237306,B,1014,Unclassified,0,Serious,None,26-06-2019,Thursday,1,Give way or uncontrolled,Private drive or entrance,22.06249348,Daylight,578730,184670,82.11234139,E01021505,2,2,0,0,Dry,Single carriageway,None,40,18:41:00,Urban,Fine no high winds,No,46 - 55,17,Urban area,7,1200,None,None,Other/Not known (2005-10),Approaching junction or waiting/parked at junction approach,,,Petrol,Male,Skidded,No tow/articulation,Offside,0,Going ahead other,1,Motorcycle over 500cc,No,Front,2019
200863DP01908,A,470,Unclassified,0,Serious,None,28-05-2021,Saturday,1,Give way or uncontrolled,T or staggered junction,15.34540034,Daylight,311800,234600,74.13570869,W01000440,1,2,0,0,Dry,Single carriageway,None,60,15:35:00,Rural,Fine no high winds,No,46 - 55,17,Rural,NA,1002,None,Entered ditch,Other/Not known (2005-10),Approaching junction or waiting/parked at junction approach,,,Petrol,Male,None,No tow/articulation,Nearside,0,Going ahead other,2,Motorcycle over 500cc,No,Front,2019
200945SP43996,Unclassified,0,Unclassified,0,Serious,None,01-10-2021,Saturday,1,Give way or uncontrolled,Roundabout,15.2994451,Daylight,504570,171190,74.12114026,,2,1,0,8,Dry,Roundabout,None,30,15:41:00,Urban,Fine no high winds,No,46 - 55,17,Urban area,7,1390,Kerb,Tree,Other/Not known (2005-10),Leaving roundabout,,CLIO RT AUTO,Petrol,Male,Overturned,No tow/articulation,Nearside,0,Going ahead other,1,Car,No,Nearside,2019
200963AC18809,A,484,Unclassified,0,Serious,None,20-04-2021,Thursday,1,Give way or uncontrolled,Roundabout,15.24144714,Daylight,254150,198710,74.1023918,W01000635,3,1,0,0,Dry,Roundabout,None,30,09:38:00,Rural,Fine no high winds,No,46 - 55,17,Urban area,NA,1721,None,Road sign or traffic signal,Other/Not known (2005-10),Entering roundabout,,460 GLEI AUTO,Petrol,Male,None,No tow/articulation,Straight ahead at junction,0,Going ahead other,1,Car,No,Front,2019
200854EV30408,A,303,NA,0,Serious,None,27-01-2019,Tuesday,1,Not at junction or within 20 metres,Not at junction or within 20 metres,28.44340006,Daylight,381170,132870,77.05001609,E01032037,1,1,0,0,Dry,Dual carriageway,None,70,16:30:00,Rural,Fine no high winds,No,46 - 55,17,Small town,9,1340,None,Central crash barrier,Other/Not known (2005-10),Not at or within 20 metres of junction,,,Petrol,Male,None,No tow/articulation,Offside on to centrl res + rebounded,0,Going ahead other,1,Motorcycle over 500cc,No,Offside,2019
200843P083068,A,4260,B,4031,Serious,None,25-07-2019,Saturday,1,Auto traffic signal,Crossroads,12.97787544,Daylight,446560,231730,77.56523635,E01028482,3,2,0,4,Dry,Single carriageway,None,30,08:53:00,Rural,Fine no high winds,No,46 - 55,17,Urban area,10,1588,None,None,Other/Not known (2005-10),Mid Junction - on roundabout or on main road,,ELAN,Petrol,Male,None,No tow/articulation,Did not leave carriageway,0,Going ahead other,2,Car,No,Front,2019
2010400D01777,B,658,Unclassified,153,Serious,None,04-11-2019,Friday,1,Give way or uncontrolled,Crossroads,12.9957902,Daylight,515940,241040,77.63577156,E01017412,1,2,0,0,Dry,Single carriageway,None,40,19:26:00,Rural,Fine no high winds,No,46 - 55,17,Small town,9,926,None,None,Other/Not known (2005-10),Mid Junction - on roundabout or on main road,,,Petrol,Male,None,No tow/articulation,Did not leave carriageway,0,Going ahead right-hand bend,2,Motorcycle over 500cc,No,Front,2020
2009160D00040,Unclassified,0,Unclassified,0,Serious,None,02-01-2021,Tuesday,1,Give way or uncontrolled,T or staggered junction,8.875846202,Daylight,508420,428750,76.65034888,E01012852,1,1,0,1,Dry,Single carriageway,None,20,15:05:00,Urban,Fine no high winds,No,36 - 45,16,Urban area,1,1699,None,None,Other/Not known (2005-10),Cleared junction or waiting/parked at junction exit,,CAVALIER CD TD,Heavy oil,Male,None,No tow/articulation,Did not leave carriageway,0,Turning right,1,Car,No,Front,2020
200850FP2J001,B,3201,Unclassified,0,Serious,None,18-02-2020,Sunday,1,Give way or uncontrolled,T or staggered junction,14.75778641,Darkness - lights lit,289140,60370,78.47268584,E01015232,3,1,0,0,Dry,Single carriageway,None,30,03:14:00,Urban,Fine no high winds,No,16 - 20,16,Data missing or out of range,NA,4973,None,Other permanent object,Other/Not known (2005-10),Approaching junction or waiting/parked at junction approach,,500SL-32 AUTO,Petrol,Male,Skidded,No tow/articulation,Straight ahead at junction,0,Turning left,1,Car,No,Front,2019
200901VK30310,B,283,Unclassified,0,Serious,None,12-08-2021,Tuesday,1,Give way or uncontrolled,Crossroads,26.45382407,Darkness - lights lit,521010,170010,80.31941707,E01002959,1,2,0,0,Dry,Single carriageway,None,30,18:55:00,Urban,Fine no high winds,No,16 - 20,16,Urban area,10,1124,None,None,Other/Not known (2005-10),Mid Junction - on roundabout or on main road,,205 JUNIOR,Petrol,Male,None,No tow/articulation,Did not leave carriageway,0,Turning right,1,Car,No,Offside,2020
200745EL98047,B,365,NA,0,Serious,None,10-06-2020,Sunday,1,Data missing or out of range,Not at junction or within 20 metres,28.64346095,Darkness - lights lit,509950,165050,77.23585601,E01030366,8,2,0,0,Dry,Single carriageway,None,30,21:05:00,Urban,Fine no high winds,No,16 - 20,16,Urban area,6,1596,None,None,Other/Not known (2005-10),Not at or within 20 metres of junction,,FIESTA XR2I,Petrol,Male,Skidded,No tow/articulation,Did not leave carriageway,0,Going ahead other,2,Car,No,Front,2020
200837B030651,Unclassified,4500,NA,0,Serious,None,03-02-2019,Monday,1,Data missing or out of range,Not at junction or within 20 metres,28.61684091,Darkness - lights lit,584130,265830,77.3257204,E01030141,2,1,0,0,Wet or damp,Single carriageway,None,30,21:00:00,Urban,Fine no high winds,No,16 - 20,16,Urban area,6,79,None,None,Other/Not known (2005-10),Not at or within 20 metres of junction,,,Petrol,Male,None,No tow/articulation,Did not leave carriageway,0,Going ahead other,1,Motorcycle 125cc and under,No,Front,2020
200906N025571,C,0,Unclassified,0,Serious,None,14-05-2020,Wednesday,1,Give way or uncontrolled,T or staggered junction,19.05698453,Darkness - lights lit,378850,416260,72.88891321,E01005016,1,2,0,0,Wet or damp,Single carriageway,None,30,20:35:00,Urban,Fine no high winds,No,16 - 20,16,Urban area,8,2495,None,None,Other/Not known (2005-10),Approaching junction or waiting/parked at junction approach,,90 DEFENDER TURBO DIES,Heavy oil,Male,None,No tow/articulation,Did not leave carriageway,0,Going ahead other,1,Car,No,Front,2021
201005AA04134,Unclassified,0,A,551,Serious,None,07-07-2010,Wednesday,1,Give way or uncontrolled,Crossroads,53.414604,Darkness - lights lit,325770,391450,-3.118298,E01007223,1,1,0,0,Dry,Single carriageway,None,30,02:45:00,Rural,Fine no high winds,No,16 - 20,16,Urban area,1,1527,None,Other permanent object,Other/Not known (2005-10),Approaching junction or waiting/parked at junction approach,PEUGEOT,106 GRADUATE DIESEL,Heavy oil,Female,Skidded,No tow/articulation,Nearside,0,Going ahead right-hand bend,1,Car,No,Offside,2010