Accident_Index,1st_Road_Class,1st_Road_Number,2nd_Road_Class,2nd_Road_Number,Accident_Severity,Carriageway_Hazards,Date,Day_of_Week,Did_Police_Officer_Attend_Scene_of_Accident,Junction_Control,Junction_Detail,Latitude,Light_Conditions,Location_Easting_OSGR,Location_Northing_OSGR,Longitude,LSOA_of_Accident_Location,Number_of_Casualties,Number_of_Vehicles,Pedestrian_Crossing-Human_Control,Pedestrian_Crossing-Physical_Facilities,Road_Surface_Conditions,Road_Type,Special_Conditions_at_Site,Speed_limit,Time,Urban_or_Rural_Area,Weather_Conditions,InScotland,Age_Band_of_Driver,Age_of_Vehicle,Driver_Home_Area_Type,Driver_IMD_Decile,Engine_Capacity_.CC.,Hit_Object_in_Carriageway,Hit_Object_off_Carriageway,Journey_Purpose_of_Driver,Junction_Location,make,model,Propulsion_Code,Sex_of_Driver,Skidding_and_Overturning,Towing_and_Articulation,Vehicle_Leaving_Carriageway,Vehicle_Location.Restricted_Lane,Vehicle_Manoeuvre,Vehicle_Reference,Vehicle_Type,Was_Vehicle_Left_Hand_Drive,X1st_Point_of_Impact,Year
200920J044002,A,458,Unclassified,0,Serious,None,18-07-2019,Monday,1,Give way or uncontrolled,T or staggered junction,26.44148493,Daylight,395960,283940,80.28538217,E01009739,1,2,0,4,Wet or damp,Single carriageway,None,30,14:55:00,Urban,Raining no high winds,No,16 - 20,15,Urban area,2,1171,None,None,Other/Not known (2005-10),Entering main road,,CLIO BE BOP,Petrol,Male,None,No tow/articulation,Did not leave carriageway,0,Turning right,1,Car,No,Front,2020
20094100C0137,Unclassified,20,Unclassified,333,Serious,None,30-09-2021,Saturday,1,Give way or uncontrolled,T or staggered junction,27.09141857,Darkness - lights lit,511380,198180,93.61131067,E01023898,2,1,0,0,Dry,Single carriageway,None,30,23:52:00,Urban,Fine no high winds,No,21 - 25,15,Urban area,10,1390,None,Telegraph or electricity pole,Other/Not known (2005-10),Cleared junction or waiting/parked at junction exit,,5 CAMPUS PRIMA,Petrol,Male,Skidded,No tow/articulation,Nearside and rebounded,0,Going ahead right-hand bend,1,Car,No,Front,2019
201042I117504,A,1060,NA,0,Serious,None,01-07-2021,Sunday,1,Not at junction or within 20 metres,Not at junction or within 20 metres,15.22132893,Daylight,551060,216180,74.02067927,E01022060,1,1,0,0,Wet or damp,Single carriageway,None,40,10:40:00,Rural,Fine no high winds,No,16 - 20,15,Rural,7,1998,None,Tree,Other/Not known (2005-10),Not at or within 20 metres of junction,,CLIO WILLIAMS 2,Petrol,Male,Overturned,No tow/articulation,Offside,0,Going ahead right-hand bend,1,Car,No,Nearside,2019
2010400D01777,B,658,Unclassified,153,Serious,None,10-09-2019,Friday,1,Give way or uncontrolled,Crossroads,12.97342194,Daylight,515940,241040,77.63053819,E01017412,1,2,0,0,Dry,Single carriageway,None,40,19:26:00,Rural,Fine no high winds,No,16 - 20,15,Urban area,7,1598,None,None,Other/Not known (2005-10),Leaving main road,,ASTRA GLS,Petrol,Male,None,No tow/articulation,Did not leave carriageway,0,Turning right,1,Car,No,Front,2020
200954EB40709,B,3089,NA,0,Serious,None,07-08-2019,Thursday,1,Not at junction or within 20 metres,Not at junction or within 20 metres,26.75634428,Daylight,394080,133050,94.22948089,E01032004,5,3,0,0,Flood over 3cm. deep,Single carriageway,None,40,13:35:00,Rural,Raining no high winds,No,16 - 20,15,Rural,9,1171,None,None,Other/Not known (2005-10),Not at or within 20 metres of junction,,CLIO BE BOP,Petrol,Male,Skidded,No tow/articulation,Did not leave carriageway,0,Overtaking moving vehicle - offside,1,Car,No,Front,2019
200930A000586,A,609,NA,0,Serious,None,20-01-2020,Thursday,1,Data missing or out of range,Not at junction or within 20 metres,27.09414375,Darkness - lights lit,444640,341860,93.62472131,E01019704,1,1,0,0,Dry,Single carriageway,None,40,23:52:00,Rural,Fine + high winds,No,21 - 25,15,Urban area,2,1998,None,Telegraph or electricity pole,Other/Not known (2005-10),Not at or within 20 metres of junction,,ASTRA GSI 16V,Petrol,Male,Skidded and overturned,No tow/articulation,Offside,0,Going ahead other,1,Car,No,Offside,2019
200863CP09308,A,40,A,487,Serious,None,04-07-2019,Saturday,1,Give way or uncontrolled,Roundabout,12.97680186,Darkness - lights lit,194830,236320,77.55312713,W01000566,1,1,0,0,Dry,Roundabout,None,40,00:15:00,Rural,Fine no high winds,No,21 - 25,15,Data missing or out of range,NA,893,Central island of roundabout,None,Other/Not known (2005-10),Entering roundabout,,,Petrol,Male,Skidded,No tow/articulation,Did not leave carriageway,0,Going ahead other,1,Motorcycle over 500cc,No,Front,2020
2008558E01080,A,30,NA,0,Serious,None,02-10-2019,Sunday,2,Not at junction or within 20 metres,Not at junction or within 20 metres,18.63999327,Darkness - no lighting,378920,122700,73.93821909,E01020462,1,1,0,0,Wet or damp,Single carriageway,None,40,22:00:00,Rural,Raining + high winds,No,21 - 25,15,Rural,6,2496,None,Other permanent object,Other/Not known (2005-10),Not at or within 20 metres of junction,,TRANSIT 100 D SWB,Heavy oil,Male,Skidded,No tow/articulation,Nearside,0,Going ahead other,1,Van / Goods 3.5 tonnes mgw or under,No,Did not impact,2021
201006F031905,A,6,Unclassified,0,Serious,None,21-05-2010,Friday,1,Auto traffic signal,T or staggered junction,53.483982,Daylight,382130,398620,-2.27077,E01005608,1,1,0,5,Dry,Dual carriageway,None,40,18:04:00,Urban,Fine no high winds,No,21 - 25,15,Urban area,1,399,None,None,Other/Not known (2005-10),Approaching junction or waiting/parked at junction approach,YAMAHA,,Petrol,Male,None,No tow/articulation,Did not leave carriageway,0,Going ahead other,1,Motorcycle over 125cc and up to 500cc,No,Offside,2010
201014C052710,A,6123,NA,0,Serious,None,05-05-2010,Wednesday,1,Not at junction or within 20 metres,Not at junction or within 20 metres,53.449522,Daylight,444470,394960,-1.331859,E01007736,1,2,0,0,Dry,Single carriageway,None,40,05:00:00,Urban,Fine no high winds,No,21 - 25,15,Urban area,1,1905,None,None,Other/Not known (2005-10),Not at or within 20 metres of junction,PEUGEOT,306 ALPINE,Heavy oil,Male,None,No tow/articulation,Did not leave carriageway,0,Going ahead other,2,Car,No,Front,2010
201043P274020,Unclassified,100,Unclassified,0,Serious,None,21-03-2019,Monday,1,Give way or uncontrolled,T or staggered junction,18.62395677,Daylight,450900,197550,73.93239497,E01028688,1,2,0,0,Wet or damp,Single carriageway,None,40,14:40:00,Urban,Other,No,21 - 25,15,Urban area,7,399,None,None,Commuting to/from work,Mid Junction - on roundabout or on main road,,,Petrol,Male,Skidded,No tow/articulation,Did not leave carriageway,0,Going ahead right-hand bend,2,Motorcycle over 125cc and up to 500cc,No,Front,2021
200920F035502,A,4540,NA,0,Serious,None,19-02-2019,Thursday,1,Data missing or out of range,Not at junction or within 20 metres,14.68895786,Darkness - lights lit,405090,286730,78.51000785,E01009143,1,1,0,4,Wet or damp,Dual carriageway,None,40,20:44:00,Urban,Fine no high winds,No,26 - 35,15,Urban area,1,998,None,None,Other/Not known (2005-10),Not at or within 20 metres of junction,,MICRA TROPIC,Petrol,Male,None,No tow/articulation,Did not leave carriageway,0,Going ahead other,1,Car,No,Front,2019
200814A063208,A,60,NA,0,Serious,None,30-04-2021,Tuesday,1,Not at junction or within 20 metres,Not at junction or within 20 metres,15.31224007,Darkness - lights lit,456400,400420,73.98290965,E01007502,4,2,0,0,Wet or damp,Single carriageway,None,40,21:19:00,Urban,Fine no high winds,No,26 - 35,15,Urban area,8,1990,Kerb,None,Other/Not known (2005-10),Not at or within 20 metres of junction,,,Petrol,Male,None,No tow/articulation,Did not leave carriageway,0,Going ahead right-hand bend,1,Car,No,Front,2019
200922D905052,A,4189,Unclassified,0,Serious,None,06-11-2019,Saturday,2,Give way or uncontrolled,Roundabout,28.4714458,Daylight,407970,266730,77.07083804,E01032268,1,2,0,0,Dry,Single carriageway,None,40,17:20:00,Urban,Fine no high winds,No,26 - 35,15,Urban area,1,599,None,None,Other/Not known (2005-10),Leaving roundabout,,,Petrol,Male,None,No tow/articulation,Did not leave carriageway,0,Turning left,1,Motorcycle over 500cc,No,Front,2019
200901TC00080,A,13,NA,0,Serious,None,14-09-2019,Friday,1,Data missing or out of range,Not at junction or within 20 metres,26.44107127,Daylight,546670,183660,80.29949257,E01000096,2,4,0,0,Dry,Dual carriageway,None,40,08:30:00,Urban,Fine no high winds,No,26 - 35,15,Urban area,1,4169,None,None,Other/Not known (2005-10),Not at or within 20 metres of junction,,PATROL GR SLX D,Heavy oil,Male,None,No tow/articulation,Did not leave carriageway,0,Going ahead other,4,Car,No,Front,2020
200945WA41763,B,2128,Unclassified,931,Serious,None,18-02-2020,Sunday,1,Give way or uncontrolled,T or staggered junction,18.58601066,Daylight,504640,140990,73.73683951,E01030874,3,1,0,0,Dry,Single carriageway,None,40,15:10:00,Rural,Fine no high winds,No,26 - 35,15,Small town,10,1997,None,None,Other/Not known (2005-10),Cleared junction or waiting/parked at junction exit,,GALANT GLSI,Petrol,Male,None,No tow/articulation,Did not leave carriageway,0,Going ahead other,1,Car,No,Offside,2021
200997KA01902,A,726,NA,0,Serious,None,13-05-2019,Friday,1,Data missing or out of range,Not at junction or within 20 metres,22.06442751,Darkness - lights lit,250270,661880,82.15976204,,1,1,0,0,Wet or damp,Dual carriageway,None,50,18:15:00,Rural,Fine no high winds,Yes,16 - 20,15,Urban area,NA,1796,None,Other permanent object,Other/Not known (2005-10),Not at or within 20 metres of junction,,318 I,Petrol,Male,Skidded,No tow/articulation,Nearside,9,Overtaking moving vehicle - offside,1,Car,No,Nearside,2019
201043P252060,A,422,A,4260,Serious,None,09-04-2020,Thursday,1,Give way or uncontrolled,Roundabout,28.66519223,Darkness - lights lit,445980,241650,77.36250888,E01028438,2,2,0,0,Dry,Roundabout,None,50,22:31:00,Rural,Fine no high winds,No,16 - 20,15,Small town,4,1171,None,Other permanent object,Other/Not known (2005-10),Entering roundabout,,CLIO OASIS,Petrol,Female,None,No tow/articulation,Straight ahead at junction,0,Turning right,1,Car,No,Front,2021
200945RE40434,A,217,NA,0,Serious,None,09-05-2019,Saturday,1,Data missing or out of range,Not at junction or within 20 metres,15.26418257,Daylight,526000,146560,74.01540536,E01030628,1,1,0,0,Dry,Single carriageway,None,50,19:00:00,Rural,Unknown,No,16 - 20,15,Urban area,7,49,None,None,Other/Not known (2005-10),Not at or within 20 metres of junction,,,Petrol,Male,None,No tow/articulation,Did not leave carriageway,0,Going ahead other,1,Motorcycle 50cc and under,No,Did not impact,2019
201001TA00279,A,406,NA,0,Serious,None,10-10-2010,Sunday,1,Data missing or out of range,Not at junction or within 20 metres,51.616107,Darkness - lights lit,532630,192550,-0.085732,E01001560,2,6,0,0,Dry,Dual carriageway,None,50,19:11:00,Urban,Fine no high winds,No,21 - 25,15,Urban area,4,998,None,None,Other/Not known (2005-10),Not at or within 20 metres of junction,NISSAN,MICRA LX,Petrol,Female,None,No tow/articulation,Did not leave carriageway,0,Going ahead other,4,Car,No,Back,2010
200904TA09221,Motorway,6,NA,0,Serious,None,20-05-2020,Friday,1,Data missing or out of range,Not at junction or within 20 metres,15.31237646,Daylight,352930,436470,74.13567933,E01025281,1,3,0,0,Wet or damp,Dual carriageway,Roadworks,50,16:10:00,Rural,Raining no high winds,No,21 - 25,15,Rural,7,1390,None,None,Other/Not known (2005-10),Not at or within 20 metres of junction,,19 RN BIARRITZ,Petrol,Female,Skidded,No tow/articulation,Did not leave carriageway,0,Going ahead other,1,Car,No,Front,2019
200854EP20108,A,4,NA,0,Serious,None,27-09-2021,Sunday,1,Not at junction or within 20 metres,Not at junction or within 20 metres,28.40384513,Daylight,391970,172670,77.07000689,E01031921,1,1,0,0,Dry,Single carriageway,None,50,10:32:00,Rural,Fine no high winds,No,26 - 35,15,Urban area,9,598,None,Lamp post,Other/Not known (2005-10),Not at or within 20 metres of junction,,,Petrol,Male,None,No tow/articulation,Nearside,0,Going ahead right-hand bend,1,Motorcycle over 500cc,No,Front,2019
200937B043294,A,140,NA,0,Serious,None,13-12-2019,Monday,1,Data missing or out of range,Not at junction or within 20 metres,18.58979268,Daylight,611590,268640,73.95867704,E01030087,2,2,0,0,Dry,Single carriageway,None,50,08:24:00,Rural,Fine no high winds,No,26 - 35,15,Urban area,6,1196,None,None,Other/Not known (2005-10),Not at or within 20 metres of junction,,CORSA GLS,Petrol,Male,Skidded,No tow/articulation,Nearside,0,Going ahead other,2,Car,No,Front,2021
200945WO41028,A,320,Unclassified,3661,Serious,None,26-05-2019,Wednesday,1,Give way or uncontrolled,T or staggered junction,27.10150655,Daylight,501240,159920,93.63113316,E01030964,1,2,0,0,Dry,Single carriageway,None,50,17:25:00,Rural,Fine no high winds,No,26 - 35,15,Urban area,5,1124,None,None,Commuting to/from work,Approaching junction or waiting/parked at junction approach,,106 MARDI GRAS,Petrol,Female,None,No tow/articulation,Did not leave carriageway,0,Slowing or stopping,1,Car,No,Back,2019
201043P207090,A,4142,NA,0,Serious,None,24-12-2020,Sunday,1,Data missing or out of range,Not at junction or within 20 metres,12.99237136,Darkness - lights lit,453050,202860,77.52803058,E01028553,1,2,0,0,Dry,Dual carriageway,None,50,19:23:00,Urban,Fine no high winds,No,36 - 45,15,Urban area,10,400,None,None,Commuting to/from work,Not at or within 20 metres of junction,,,Petrol,Male,Skidded,No tow/articulation,Did not leave carriageway,0,Slowing or stopping,2,Motorcycle over 125cc and up to 500cc,No,Nearside,2020
20074100D0754,A,4147,NA,0,Serious,None,26-06-2019,Monday,1,Not at junction or within 20 metres,Not at junction or within 20 metres,15.26778286,Daylight,505480,208640,73.9634968,E01023399,3,2,0,0,Dry,Single carriageway,None,50,17:10:00,Rural,Fine no high winds,No,36 - 45,15,Urban area,5,1596,None,None,Other/Not known (2005-10),Not at or within 20 metres of junction,,316 I TOURING,Petrol,Male,Skidded,No tow/articulation,Did not leave carriageway,0,Going ahead other,1,Car,No,Front,2019
200997LC70210,A,82,Unclassified,0,Serious,None,01-06-2021,Monday,1,Give way or uncontrolled,Roundabout,18.53698183,Daylight,249890,671140,73.94431092,,1,2,0,0,Dry,Roundabout,None,50,12:05:00,Urban,Fine no high winds,Yes,36 - 45,15,Urban area,NA,89,None,None,Other/Not known (2005-10),Leaving roundabout,,,Petrol,Male,None,No tow/articulation,Did not leave carriageway,0,Going ahead other,2,Motorcycle 125cc and under,No,Nearside,2021
20094100K0690,A,10,B,198,Serious,Any animal in carriageway (except ridden horse),22-03-2020,Friday,1,Give way or uncontrolled,Roundabout,28.63803328,Darkness - lights lit,535170,201010,77.27217796,E01023293,6,3,0,0,Frost or ice,Roundabout,None,50,19:23:00,Rural,Other,No,46 - 55,15,Urban area,8,1124,Central island of roundabout,None,Other/Not known (2005-10),Mid Junction - on roundabout or on main road,,106 XR,Petrol,Female,Skidded,No tow/articulation,Did not leave carriageway,0,Going ahead right-hand bend,3,Car,No,Front,2020
200930B000391,B,6105,NA,0,Serious,None,13-08-2021,Wednesday,1,Data missing or out of range,Not at junction or within 20 metres,27.09851309,Daylight,405200,398000,93.61627588,E01019754,2,3,0,0,Dry,Single carriageway,None,50,18:35:00,Rural,Fine no high winds,No,46 - 55,15,Urban area,2,1340,None,None,Other/Not known (2005-10),Not at or within 20 metres of junction,,,Petrol,Male,None,No tow/articulation,Did not leave carriageway,0,Going ahead right-hand bend,2,Motorcycle over 500cc,No,Offside,2019
200932B265109,A,607,C,421,Serious,None,20-03-2020,Saturday,1,Give way or uncontrolled,T or staggered junction,26.44768231,Daylight,492210,338340,80.29211502,E01026313,3,3,0,0,Dry,Single carriageway,None,50,09:38:00,Rural,Fine no high winds,No,46 - 55,15,Small town,8,2800,None,None,Other/Not known (2005-10),Approaching junction or waiting/parked at junction approach,,,Heavy oil,Male,None,No tow/articulation,Did not leave carriageway,0,Waiting to go - held up,2,Car,No,Back,2020
200897UD70411,A,713,A,77,Serious,None,06-08-2019,Tuesday,1,Give way or uncontrolled,Roundabout,26.47693542,Darkness - lights lit,235450,619330,80.28131696,,3,1,0,0,Wet or damp,Roundabout,None,60,01:40:00,Urban,Fine no high winds,Yes,16 - 20,15,Rural,NA,1598,None,Lamp post,Other/Not known (2005-10),Entering roundabout,,216 GTI,Petrol,Male,Skidded and overturned,No tow/articulation,Straight ahead at junction,0,Going ahead other,1,Car,No,Offside,2020
200943P311019,A,4074,NA,0,Serious,None,26-12-2021,Saturday,1,Data missing or out of range,Not at junction or within 20 metres,26.44191624,Darkness - no lighting,461780,191080,80.3199782,E01028599,2,1,0,0,Frost or ice,Single carriageway,None,60,01:32:00,Rural,Fine no high winds,No,16 - 20,15,Data missing or out of range,NA,1590,None,Other permanent object,Other/Not known (2005-10),Not at or within 20 metres of junction,,216 SLI,Petrol,Male,Overturned,No tow/articulation,Offside,0,Going ahead other,1,Car,No,Offside,2020
200932B370009,A,16,NA,0,Serious,None,13-04-2020,Wednesday,1,Data missing or out of range,Not at junction or within 20 metres,28.6916897,Darkness - no lighting,518430,313700,77.24479101,E01026241,1,1,0,0,Wet or damp,Single carriageway,None,60,22:35:00,Rural,Fine no high winds,No,16 - 20,15,Urban area,8,1120,None,Road sign or traffic signal,Other/Not known (2005-10),Not at or within 20 metres of junction,,METRO RIO,Petrol,Male,None,No tow/articulation,Nearside and rebounded,0,Going ahead left-hand bend,1,Car,No,Front,2020
200937G028254,B,1456,NA,0,Serious,None,25-04-2020,Friday,1,Data missing or out of range,Not at junction or within 20 metres,18.59455196,Darkness - no lighting,617380,239490,73.81854837,E01029873,2,2,0,0,Wet or damp,Single carriageway,None,60,17:13:00,Rural,Raining no high winds,No,16 - 20,15,Urban area,10,998,None,None,Other/Not known (2005-10),Not at or within 20 metres of junction,,MICRA WAVE,Petrol,Male,None,No tow/articulation,Did not leave carriageway,0,Overtaking moving vehicle - offside,1,Car,No,Offside,2021
201043R195030,A,4130,Unclassified,0,Serious,None,14-05-2019,Tuesday,1,Give way or uncontrolled,T or staggered junction,14.68570062,Darkness - no lighting,484480,181850,78.59617321,E01016531,2,2,0,0,Wet or damp,Slip road,None,60,18:10:00,Rural,Raining no high winds,No,16 - 20,15,Urban area,9,1171,None,None,Other/Not known (2005-10),Entering main road,,CLIO LES ROUTIERS,Petrol,Female,None,No tow/articulation,Did not leave carriageway,0,Turning right,1,Car,No,Offside,2019
200963CP08609,Unclassified,0,NA,0,Serious,None,09-05-2020,Friday,1,Data missing or out of range,Not at junction or within 20 metres,8.868692374,Daylight,216830,211690,76.61219464,W01000577,1,2,0,0,Dry,Single carriageway,None,60,16:25:00,Rural,Fine no high winds,No,16 - 20,15,Rural,NA,1391,None,None,Other/Not known (2005-10),Not at or within 20 metres of junction,,GOLF MATCH,Petrol,Male,Skidded,No tow/articulation,Did not leave carriageway,0,Going ahead left-hand bend,1,Car,No,Front,2020
200750D21I158,Unclassified,0,Unclassified,0,Serious,None,29-01-2021,Saturday,1,Give way or uncontrolled,T or staggered junction,26.45898977,Daylight,303720,91430,74.59204912,E01019939,2,2,0,0,Dry,Single carriageway,None,60,13:20:00,Rural,Fine no high winds,No,16 - 20,15,Rural,9,98,None,None,Data missing or out of range,Cleared junction or waiting/parked at junction exit,,,Petrol,Male,None,No tow/articulation,Did not leave carriageway,0,Going ahead other,1,Motorcycle 125cc and under,No,Front,2020
2008558D01724,A,35,NA,0,Serious,None,10-03-2021,Thursday,1,Not at junction or within 20 metres,Not at junction or within 20 metres,26.43946128,Daylight,391630,93600,80.26444511,E01020469,1,3,0,0,Dry,Single carriageway,None,60,15:18:00,Rural,Fine no high winds,No,16 - 20,15,Small town,7,398,None,None,Other/Not known (2005-10),Not at or within 20 metres of junction,,ZX400-L3,Petrol,Male,None,No tow/articulation,Offside,0,Overtaking moving vehicle - offside,3,Motorcycle over 125cc and up to 500cc,No,Nearside,2020
20074100G0415,Unclassified,250,NA,0,Serious,None,17-09-2019,Thursday,1,Not at junction or within 20 metres,Not at junction or within 20 metres,28.70500535,Daylight,531490,235250,77.33739583,E01023663,1,2,0,0,Wet or damp,Single carriageway,None,60,10:38:00,Rural,Fine no high winds,No,16 - 20,15,Rural,7,498,None,None,Journey as part of work,Not at or within 20 metres of junction,,,Petrol,Male,Skidded,No tow/articulation,Nearside,0,Going ahead other,1,Motorcycle over 125cc and up to 500cc,No,Nearside,2020
201043P295060,Unclassified,260,NA,0,Serious,None,30-04-2020,Monday,1,Data missing or out of range,Not at junction or within 20 metres,28.6141946,Daylight,451530,214060,77.18937894,E01028502,2,2,0,0,Dry,Single carriageway,None,60,11:03:00,Rural,Fine no high winds,No,16 - 20,15,Rural,10,899,None,None,Other/Not known (2005-10),Not at or within 20 metres of junction,,CINQUECENTO,Petrol,Male,None,No tow/articulation,Did not leave carriageway,0,Going ahead right-hand bend,1,Car,No,Front,2020
200843P162118,A,361,NA,0,Serious,None,26-11-2020,Sunday,1,Data missing or out of range,Not at junction or within 20 metres,28.68129405,Daylight,424780,210040,77.14173935,E01028767,2,1,0,0,Wet or damp,Single carriageway,None,60,08:40:00,Rural,Fine no high winds,No,16 - 20,15,Urban area,8,1905,None,Entered ditch,Other/Not known (2005-10),Not at or within 20 metres of junction,,309 STYLE DIESEL,Heavy oil,Male,Skidded and overturned,No tow/articulation,Nearside,0,Going ahead right-hand bend,1,Car,No,Nearside,2020
200943S067049,C,8007,Unclassified,1034,Serious,None,04-03-2021,Wednesday,1,Give way or uncontrolled,T or staggered junction,28.53564571,Daylight,482980,234530,77.36845387,E01016749,4,2,0,0,Dry,Single carriageway,None,60,18:43:00,Rural,Fine no high winds,No,16 - 20,15,Urban area,9,954,None,None,Other/Not known (2005-10),Approaching junction or waiting/parked at junction approach,,106 MARDI GRAS,Petrol,Male,Skidded and overturned,No tow/articulation,Did not leave carriageway,0,Going ahead other,2,Car,No,Nearside,2021
201042I144405,B,1010,NA,0,Serious,None,07-01-2019,Saturday,1,Not at junction or within 20 metres,Not at junction or within 20 metres,18.49844285,Daylight,588140,198590,73.90685453,E01021875,3,2,0,0,Dry,Single carriageway,None,60,09:15:00,Rural,Fine no high winds,No,16 - 20,15,Small town,9,1905,None,None,Other/Not known (2005-10),Not at or within 20 metres of junction,,ZX DIMENSION,Heavy oil,Male,None,No tow/articulation,Did not leave carriageway,0,Going ahead right-hand bend,1,Car,No,Front,2021
200743N265107,Unclassified,1441,NA,0,Serious,None,03-05-2019,Sunday,1,Data missing or out of range,Not at junction or within 20 metres,27.08857653,Daylight,490970,220880,93.61514574,E01017734,4,2,0,0,Dry,Single carriageway,None,60,12:06:00,Rural,Fine no high winds,No,16 - 20,15,Data missing or out of range,NA,1589,None,Other permanent object,Other/Not known (2005-10),Not at or within 20 metres of junction,,SPORTRAK ELX I,Petrol,Male,None,No tow/articulation,Nearside,0,Going ahead other,2,Car,No,Front,2019
2008160A04000,A,16,Unclassified,0,Serious,None,05-10-2019,Monday,1,Give way or uncontrolled,Private drive or entrance,26.74778659,Darkness - lights lit,528070,403780,94.20998481,E01013215,2,3,0,0,Dry,Single carriageway,None,60,18:59:00,Rural,Fine no high winds,No,21 - 25,15,Urban area,1,6871,None,None,Journey as part of work,Approaching junction or waiting/parked at junction approach,,,Heavy oil,Male,None,No tow/articulation,Did not leave carriageway,0,Going ahead other,3,Bus or coach (17 or more pass seats),No,Offside,2019
20084100A0003,A,414,A,10,Serious,None,09-09-2019,Monday,1,Give way or uncontrolled,Roundabout,22.07257769,Darkness - lights lit,536980,211630,82.18879886,E01023469,4,2,0,0,Wet or damp,Roundabout,None,70,02:13:00,Rural,Fog or mist,No,16 - 20,15,Urban area,7,1990,Central island of roundabout,Tree,Other/Not known (2005-10),Mid Junction - on roundabout or on main road,,,Petrol,Male,Skidded,No tow/articulation,Did not leave carriageway,0,Going ahead other,1,Car,No,Front,2019
2009160A01430,A,180,NA,0,Serious,None,19-02-2020,Friday,1,Data missing or out of range,Not at junction or within 20 metres,15.23334422,Daylight,526420,410280,73.99318268,E01013220,3,3,0,0,Dry,Dual carriageway,None,70,15:20:00,Urban,Fine no high winds,No,16 - 20,15,Small town,10,1392,None,Entered ditch,Other/Not known (2005-10),Not at or within 20 metres of junction,,SUNNY CHIC,Petrol,Male,None,No tow/articulation,Nearside,0,Going ahead other,1,Car,No,Front,2019
201006X027576,Motorway,602,NA,0,Serious,None,05-02-2010,Friday,1,Data missing or out of range,Not at junction or within 20 metres,53.487924,Daylight,375190,399090,-2.37539,E01005726,4,6,0,0,Dry,Dual carriageway,None,70,14:05:00,Rural,Fine no high winds,No,16 - 20,15,Urban area,5,954,None,None,Other/Not known (2005-10),Not at or within 20 metres of junction,CITROEN,AX ELATION,Petrol,Male,None,No tow/articulation,Did not leave carriageway,0,Slowing or stopping,2,Car,No,Back,2010
200943R263079,A(M),329,NA,0,Serious,None,17-10-2019,Friday,1,Data missing or out of range,Not at junction or within 20 metres,28.69580512,Daylight,482990,169380,77.34261208,E01016672,2,1,0,0,Wet or damp,Dual carriageway,None,70,10:00:00,Rural,Raining no high winds,No,16 - 20,15,Urban area,5,1360,None,Tree,Other/Not known (2005-10),Not at or within 20 metres of junction,,306 MARDI GRAS,Petrol,Female,Skidded,No tow/articulation,Nearside and rebounded,0,Changing lane to left,1,Car,No,Front,2021
200945MO43864,Motorway,25,NA,0,Serious,None,24-10-2020,Friday,1,Data missing or out of range,Not at junction or within 20 metres,18.62232917,Darkness - lights lit,516580,158420,73.87302932,E01030551,1,2,0,0,Dry,Dual carriageway,None,70,01:25:00,Rural,Fine no high winds,No,21 - 25,15,Urban area,6,1299,None,Central crash barrier,Other/Not known (2005-10),Not at or within 20 metres of junction,,FIESTA FREESTYLE II,Petrol,Female,Skidded,No tow/articulation,Offside on to central reservation,0,Going ahead other,1,Car,No,Back,2021
20093102A0450,A,611,NA,0,Serious,None,01-02-2021,Thursday,1,Data missing or out of range,Not at junction or within 20 metres,28.62735917,Daylight,451360,351600,77.16507072,E01027995,1,1,0,0,Wet or damp,Dual carriageway,None,70,16:55:00,Rural,Fine no high winds,No,21 - 25,15,Urban area,2,1588,None,Tree,Other/Not known (2005-10),Not at or within 20 metres of junction,,ELAN S2,Petrol,Male,Skidded and overturned,No tow/articulation,Offside on to central reservation,0,Going ahead left-hand bend,1,Car,No,Front,2021
200745TA12381,Motorway,23,NA,0,Serious,None,04-05-2019,Friday,1,Data missing or out of range,Not at junction or within 20 metres,18.49593871,Darkness - no lighting,531530,150040,73.82481661,E01030814,2,2,0,0,Dry,Dual carriageway,None,70,23:21:00,Rural,Fine no high winds,No,26 - 35,15,Urban area,4,800,None,None,Other/Not known (2005-10),Not at or within 20 metres of junction,,,Petrol,Male,None,No tow/articulation,Did not leave carriageway,0,Changing lane to right,2,Motorcycle over 500cc,No,Back,2021
200854MA05508,Motorway,4,NA,0,Serious,None,11-03-2021,Wednesday,1,Not at junction or within 20 metres,Not at junction or within 20 metres,18.49670142,Darkness - no lighting,387790,178970,73.79029367,E01031951,5,5,0,0,Dry,Dual carriageway,None,70,21:30:00,Rural,Fine no high winds,No,26 - 35,15,Urban area,7,1905,None,None,Other/Not known (2005-10),Not at or within 20 metres of junction,,ZX VOLCANE TD,Heavy oil,Male,Skidded,No tow/articulation,Nearside,0,Going ahead other,2,Car,No,Front,2021