Accident_Index,1st_Road_Class,1st_Road_Number,2nd_Road_Class,2nd_Road_Number,Accident_Severity,Carriageway_Hazards,Date,Day_of_Week,Did_Police_Officer_Attend_Scene_of_Accident,Junction_Control,Junction_Detail,Latitude,Light_Conditions,Location_Easting_OSGR,Location_Northing_OSGR,Longitude,LSOA_of_Accident_Location,Number_of_Casualties,Number_of_Vehicles,Pedestrian_Crossing-Human_Control,Pedestrian_Crossing-Physical_Facilities,Road_Surface_Conditions,Road_Type,Special_Conditions_at_Site,Speed_limit,Time,Urban_or_Rural_Area,Weather_Conditions,InScotland,Age_Band_of_Driver,Age_of_Vehicle,Driver_Home_Area_Type,Driver_IMD_Decile,Engine_Capacity_.CC.,Hit_Object_in_Carriageway,Hit_Object_off_Carriageway,Journey_Purpose_of_Driver,Junction_Location,make,model,Propulsion_Code,Sex_of_Driver,Skidding_and_Overturning,Towing_and_Articulation,Vehicle_Leaving_Carriageway,Vehicle_Location.Restricted_Lane,Vehicle_Manoeuvre,Vehicle_Reference,Vehicle_Type,Was_Vehicle_Left_Hand_Drive,X1st_Point_of_Impact,Year
200942I024001,Motorway,11,NA,0,Serious,Previous accident,03-04-2021,Monday,1,Not at junction or within 20 metres,Not at junction or within 20 metres,28.46845889,Darkness - no lighting,550270,240100,76.97742736,E01022071,1,2,0,0,Wet or damp,Dual carriageway,None,70,01:20:00,Rural,Raining no high winds,No,26 - 35,15,Data missing or out of range,NA,1796,None,None,Other/Not known (2005-10),Not at or within 20 metres of junction,,318 I S,Petrol,Male,None,No tow/articulation,Did not leave carriageway,0,Parked,1,Car,No,Front,2019
200901KD76955,A,13,NA,0,Serious,None,16-01-2020,Sunday,1,Data missing or out of range,Not at junction or within 20 metres,26.76683597,Daylight,552550,181300,94.22642909,E01002344,2,1,0,0,Dry,Dual carriageway,None,70,11:25:00,Rural,Fine no high winds,No,26 - 35,15,Urban area,2,2494,Kerb,Central crash barrier,Other/Not known (2005-10),Not at or within 20 metres of junction,,525I SE TOURING,Petrol,Male,Overturned,No tow/articulation,Offside on to centrl res + rebounded,0,Going ahead other,1,Car,No,Front,2019
200904FL09116,Motorway,66,NA,0,Serious,None,01-12-2019,Wednesday,1,Data missing or out of range,Not at junction or within 20 metres,25.78001974,Daylight,379550,418800,87.49483385,E01025357,4,2,0,0,Dry,Dual carriageway,None,70,18:05:00,Rural,Fine no high winds,No,26 - 35,15,Urban area,9,1043,None,None,Commuting to/from work,Not at or within 20 metres of junction,,POLO COUPE BOULEVARD,Petrol,Male,None,No tow/articulation,Did not leave carriageway,0,Going ahead other,1,Car,No,Front,2019
200937B041939,A,14,NA,0,Serious,None,06-10-2021,Monday,1,Data missing or out of range,Not at junction or within 20 metres,19.18274734,Daylight,577860,266070,72.84830057,E01030098,2,4,0,0,Dry,Dual carriageway,None,70,07:25:00,Rural,Fine no high winds,No,26 - 35,15,Urban area,4,2495,None,None,Commuting to/from work,Not at or within 20 metres of junction,,DISCOVERY TDI AUTO,Heavy oil,Male,Skidded and overturned,No tow/articulation,Nearside,0,Going ahead other,1,Car,No,Front,2021
201001TA00173,Motorway,25,NA,0,Serious,None,16-07-2010,Friday,1,Data missing or out of range,Not at junction or within 20 metres,51.682553,Daylight,534370,199990,-0.057759,E01001412,2,4,0,0,Dry,Dual carriageway,None,70,08:34:00,Rural,Fine no high winds,No,26 - 35,15,Urban area,6,1527,None,None,Other/Not known (2005-10),Not at or within 20 metres of junction,PEUGEOT,106 XND,Heavy oil,Female,None,No tow/articulation,Did not leave carriageway,0,Slowing or stopping,3,Car,No,Back,2010
201006X030874,Motorway,61,NA,0,Serious,None,23-04-2010,Friday,1,Data missing or out of range,Not at junction or within 20 metres,53.539037,Daylight,372770,404790,-2.412358,E01004861,1,2,0,0,Dry,Dual carriageway,None,70,16:28:00,Urban,Fine no high winds,No,26 - 35,15,Urban area,3,400,None,None,Commuting to/from work,Not at or within 20 metres of junction,HONDA,,Petrol,Female,Skidded,No tow/articulation,Did not leave carriageway,0,Going ahead other,2,Motorcycle over 125cc and up to 500cc,No,Front,2010
201037G030101,A,14,A,14,Serious,None,17-09-2020,Thursday,1,Give way or uncontrolled,Slip road,14.74007443,Daylight,613010,241770,78.59276373,E01029908,2,3,0,0,Wet or damp,Dual carriageway,None,70,15:54:00,Rural,Raining no high winds,No,26 - 35,15,Urban area,5,2150,None,None,Other/Not known (2005-10),Cleared junction or waiting/parked at junction exit,,,Petrol,Male,Skidded,No tow/articulation,Did not leave carriageway,0,Going ahead other,1,Car,No,Front,2019
200820M010503,B,4113,Unclassified,0,Serious,None,22-06-2021,Friday,1,Auto traffic signal,T or staggered junction,28.62093774,Darkness - lights lit,434020,281030,77.29854694,E01009570,1,1,0,5,Dry,Single carriageway,None,30,19:36:00,Urban,Fine no high winds,No,46 - 55,15,Urban area,2,1360,None,None,Other/Not known (2005-10),Cleared junction or waiting/parked at junction exit,,METRO RIO GRANDE D,Heavy oil,Female,Skidded,No tow/articulation,Did not leave carriageway,0,Going ahead other,1,Car,No,Front,2020
200901KG70099,C,0,Unclassified,0,Serious,None,06-06-2021,Sunday,1,Give way or uncontrolled,T or staggered junction,19.08363108,Darkness - lights lit,546640,185480,72.93517846,E01000023,1,1,0,0,Dry,Single carriageway,None,30,01:39:00,Urban,Fine no high winds,No,46 - 55,15,Urban area,3,998,None,None,Other/Not known (2005-10),Mid Junction - on roundabout or on main road,,MICRA DOT,Petrol,Female,None,No tow/articulation,Straight ahead at junction,0,Going ahead other,1,Car,No,Front,2021
201001TC00081,A,112,Unclassified,0,Serious,None,07-03-2010,Sunday,1,Auto traffic signal,Crossroads,51.580008,Darkness - lights lit,537400,188660,-0.018401,E01004406,3,2,0,0,Dry,Single carriageway,None,30,20:17:00,Urban,Fine no high winds,No,46 - 55,15,Urban area,4,1275,None,None,Other/Not known (2005-10),Mid Junction - on roundabout or on main road,NISSAN,MICRA LX AUTO,Petrol,Female,None,No tow/articulation,Did not leave carriageway,0,Going ahead other,1,Car,No,Front,2010
20094100K0690,A,10,B,198,Serious,Any animal in carriageway (except ridden horse),22-03-2020,Friday,1,Give way or uncontrolled,Roundabout,28.63803328,Darkness - lights lit,535170,201010,77.27217796,E01023293,6,3,0,0,Frost or ice,Roundabout,None,50,19:23:00,Rural,Other,No,46 - 55,15,Urban area,8,1124,Central island of roundabout,None,Other/Not known (2005-10),Mid Junction - on roundabout or on main road,,106 XR,Petrol,Female,Skidded,No tow/articulation,Did not leave carriageway,0,Going ahead right-hand bend,3,Car,No,Front,2020
201004CM10185,A,59,NA,0,Serious,None,04-11-2010,Thursday,1,Data missing or out of range,Not at junction or within 20 metres,53.765545,Darkness - lights lit,359160,430090,-2.621045,E01025456,1,2,0,0,Wet or damp,Dual carriageway,None,60,19:01:00,Rural,Raining no high winds,No,46 - 55,15,Urban area,1,2830,None,None,Commuting to/from work,Not at or within 20 metres of junction,MITSUBISHI,,Heavy oil,Male,None,Single trailer,Did not leave carriageway,0,Parked,2,Car,No,Back,2010
20083104D2259,C,224,NA,0,Serious,None,01-10-2020,Tuesday,1,Data missing or out of range,Not at junction or within 20 metres,18.5536974,Darkness - lights lit,448160,342990,73.76667627,E01028106,1,2,0,0,Wet or damp,Single carriageway,None,30,04:50:00,Rural,Raining no high winds,No,46 - 55,15,Urban area,6,2830,None,Other permanent object,Journey as part of work,Not at or within 20 metres of junction,,,Heavy oil,Female,Skidded and overturned,No tow/articulation,Nearside,0,Going ahead right-hand bend,1,Car,No,Front,2021
200963BC04009,A,4159,Unclassified,0,Serious,None,21-06-2020,Friday,1,Authorised person,Private drive or entrance,15.27169405,Darkness - no lighting,263000,281950,74.1252195,W01000525,1,2,0,0,Dry,Single carriageway,None,60,19:00:00,Rural,Fine no high winds,No,46 - 55,15,Rural,NA,NA,None,None,Other/Not known (2005-10),Cleared junction or waiting/parked at junction exit,,,Heavy oil,Male,None,No tow/articulation,Did not leave carriageway,0,Reversing,1,Agricultural vehicle,No,Front,2019
200945GU47072,Unclassified,0,NA,0,Serious,None,18-03-2020,Tuesday,1,Data missing or out of range,Not at junction or within 20 metres,8.880986388,Darkness - no lighting,507220,147560,76.66805677,E01030491,1,2,0,0,Frost or ice,Single carriageway,None,30,17:20:00,Rural,Other,No,46 - 55,15,Rural,8,2495,None,None,Other/Not known (2005-10),Not at or within 20 metres of junction,,DISCOVERY TDI AUTO,Heavy oil,Male,None,No tow/articulation,Did not leave carriageway,0,Going ahead other,1,Car,No,Back,2020
200904BA09099,A,683,NA,0,Serious,Any animal in carriageway (except ridden horse),28-12-2021,Monday,1,Data missing or out of range,Not at junction or within 20 metres,22.98269881,Darkness - no lighting,351790,464630,72.58133499,E01025131,4,2,0,0,Wet or damp,Single carriageway,None,60,19:30:00,Rural,Raining no high winds,No,46 - 55,15,Urban area,6,1389,Any animal (except ridden horse),None,Other/Not known (2005-10),Not at or within 20 metres of junction,,ASTRA LS (HI-TORQ),Petrol,Male,None,No tow/articulation,Did not leave carriageway,0,Going ahead other,1,Car,No,Front,2019
200750A31C919,A,30,NA,0,Serious,None,26-01-2021,Saturday,1,Not at junction or within 20 metres,Not at junction or within 20 metres,18.55582877,Daylight,142510,28110,73.94094671,E01019006,4,2,0,0,Wet or damp,Single carriageway,None,60,16:32:00,Rural,Fine + high winds,No,46 - 55,15,Rural,4,1198,None,None,Data missing or out of range,Not at or within 20 metres of junction,,,Petrol,Male,None,No tow/articulation,Did not leave carriageway,0,Going ahead other,1,Motorcycle over 500cc,No,Front,2021
200942I019701,B,1010,NA,0,Serious,None,23-10-2020,Thursday,1,Not at junction or within 20 metres,Not at junction or within 20 metres,14.7503929,Daylight,593280,197650,78.49607191,E01021877,1,1,0,0,Wet or damp,Single carriageway,None,60,11:53:00,Rural,Fine no high winds,No,46 - 55,15,Urban area,8,1990,None,Road sign or traffic signal,Journey as part of work,Not at or within 20 metres of junction,,MR2,Petrol,Male,Skidded and overturned,No tow/articulation,Nearside and rebounded,0,Going ahead other,1,Car,No,Front,2019
200930B000391,B,6105,NA,0,Serious,None,13-08-2021,Wednesday,1,Data missing or out of range,Not at junction or within 20 metres,27.09851309,Daylight,405200,398000,93.61627588,E01019754,2,3,0,0,Dry,Single carriageway,None,50,18:35:00,Rural,Fine no high winds,No,46 - 55,15,Urban area,2,1340,None,None,Other/Not known (2005-10),Not at or within 20 metres of junction,,,Petrol,Male,None,No tow/articulation,Did not leave carriageway,0,Going ahead right-hand bend,2,Motorcycle over 500cc,No,Offside,2019
200820K049302,A,4092,Unclassified,0,Serious,None,05-09-2020,Tuesday,1,Give way or uncontrolled,T or staggered junction,27.09801384,Daylight,402990,287640,93.63090656,E01010061,1,2,0,0,Dry,Single carriageway,None,30,18:07:00,Urban,Fine no high winds,No,46 - 55,15,Data missing or out of range,NA,1998,None,None,Other/Not known (2005-10),Mid Junction - on roundabout or on main road,,200 E 4V AUTO,Petrol,Male,None,No tow/articulation,Did not leave carriageway,0,Going ahead other,2,Car,No,Front,2019
20104100D0503,A,5,Motorway,1,Serious,None,25-01-2020,Saturday,1,Give way or uncontrolled,Roundabout,26.72103737,Daylight,509030,214680,94.16979657,E01023430,2,2,0,0,Dry,Roundabout,None,60,18:05:00,Rural,Fine no high winds,No,46 - 55,15,Urban area,10,1998,None,None,Journey as part of work,Entering roundabout,,OMEGA ED SELECT,Petrol,Male,None,Other tow,Did not leave carriageway,0,Slowing or stopping,1,Car,No,Did not impact,2019
200905DD33370,B,5201,NA,0,Serious,None,24-10-2020,Saturday,1,Data missing or out of range,Not at junction or within 20 metres,26.76242584,Daylight,347710,395030,94.21220344,E01006825,2,2,0,0,Dry,Single carriageway,None,40,19:05:00,Rural,Fine no high winds,No,46 - 55,15,Urban area,3,1242,None,None,Other/Not known (2005-10),Not at or within 20 metres of junction,,PUNTO 60 SX SELECTA,Petrol,Male,None,No tow/articulation,Did not leave carriageway,0,Going ahead other,1,Car,No,Front,2019
201043R230050,A,4130,Unclassified,7407,Serious,None,11-11-2021,Wednesday,1,Give way or uncontrolled,T or staggered junction,26.76222927,Daylight,481780,183180,94.22793445,E01016579,2,2,0,0,Dry,Single carriageway,None,60,09:01:00,Rural,Fine no high winds,No,46 - 55,15,Data missing or out of range,NA,2490,None,None,Other/Not known (2005-10),Entering main road,,,Heavy oil,Male,None,No tow/articulation,Did not leave carriageway,0,Turning left,1,Car,No,Offside,2019
201042I291209,Unclassified,0,NA,0,Serious,None,29-01-2019,Friday,1,Not at junction or within 20 metres,Not at junction or within 20 metres,25.77189016,Daylight,617260,214520,87.4529504,E01022025,1,1,0,0,Dry,Single carriageway,None,30,15:20:00,Urban,Fine no high winds,No,46 - 55,15,Urban area,2,5900,None,None,Journey as part of work,Not at or within 20 metres of junction,,,Heavy oil,Male,None,No tow/articulation,Did not leave carriageway,0,Going ahead other,1,Bus or coach (17 or more pass seats),No,Front,2019
200801ZD30310,A,23,Unclassified,0,Serious,None,01-01-2021,Tuesday,1,Give way or uncontrolled,T or staggered junction,22.05367507,Daylight,530600,169740,82.12092618,E01001089,1,2,0,0,Dry,Single carriageway,None,30,14:25:00,Urban,Fine no high winds,No,46 - 55,15,Urban area,3,3998,None,None,Other/Not known (2005-10),Mid Junction - on roundabout or on main road,,,Petrol,Male,None,No tow/articulation,Did not leave carriageway,0,Turning right,2,Car,No,Nearside,2019
200936T090155,B,1159,NA,0,Serious,None,07-11-2021,Sunday,1,Data missing or out of range,Not at junction or within 20 metres,22.1042703,Daylight,639350,329010,82.14809605,E01026786,1,1,0,0,Dry,Single carriageway,None,60,11:05:00,Rural,Fine no high winds,No,46 - 55,15,Rural,5,499,None,None,Other/Not known (2005-10),Not at or within 20 metres of junction,,,Petrol,Male,None,No tow/articulation,Offside,0,Going ahead left-hand bend,1,Motorcycle over 500cc,No,Front,2019
200904BC09110,B,5268,Unclassified,0,Serious,None,23-03-2019,Friday,1,Give way or uncontrolled,Other junction,22.09610029,Daylight,333500,443700,82.19358586,E01025542,4,2,0,1,Dry,Single carriageway,None,30,13:12:00,Urban,Fine no high winds,No,46 - 55,15,Data missing or out of range,NA,2495,None,None,Other/Not known (2005-10),Approaching junction or waiting/parked at junction approach,,DISCOVERY TDI,Heavy oil,Male,Skidded,No tow/articulation,Did not leave carriageway,0,Overtaking moving vehicle - offside,1,Car,No,Front,2019
200963DP11709,A,44,Unclassified,0,Serious,None,12-06-2021,Sunday,1,Give way or uncontrolled,Private drive or entrance,22.05481598,Daylight,313130,263120,82.12274316,W01000451,2,3,0,0,Dry,Single carriageway,None,60,13:18:00,Rural,Fine no high winds,No,46 - 55,15,Rural,NA,2435,None,None,Other/Not known (2005-10),Approaching junction or waiting/parked at junction approach,,850 SE AUTO,Petrol,Male,None,No tow/articulation,Did not leave carriageway,0,Turning right,3,Car,No,Back,2019
2008170M13268,A,66,B,1272,Serious,None,29-12-2020,Tuesday,1,Auto traffic signal,Roundabout,15.18074152,Daylight,448810,520560,74.08480921,E01012070,1,3,0,0,Dry,Roundabout,None,30,18:30:00,Urban,Fine no high winds,No,46 - 55,15,Data missing or out of range,NA,2000,None,None,Other/Not known (2005-10),Mid Junction - on roundabout or on main road,,,Heavy oil,Male,None,No tow/articulation,Did not leave carriageway,0,Going ahead other,2,Car,No,Front,2019
200901EO40458,Unclassified,0,Unclassified,0,Serious,None,18-06-2020,Tuesday,1,Give way or uncontrolled,Crossroads,15.1897453,Daylight,531150,184280,73.99014922,E01002698,1,2,0,0,Dry,Single carriageway,None,30,20:05:00,Urban,Fine no high winds,No,46 - 55,15,Urban area,2,1392,None,None,Other/Not known (2005-10),Mid Junction - on roundabout or on main road,,SUNNY BOSTON,Petrol,Male,None,No tow/articulation,Did not leave carriageway,0,Moving off,2,Car,No,Did not impact,2019
201042I202607,A,127,A,127,Serious,None,17-03-2021,Friday,1,Give way or uncontrolled,More than 4 arms (not roundabout),23.02148308,Daylight,577920,190850,72.60322297,E01021963,1,2,0,0,Dry,Slip road,None,60,05:55:00,Rural,Fine no high winds,No,46 - 55,15,Urban area,4,899,None,None,Commuting to/from work,Entering from slip road,,CINQUECENTO,Petrol,Male,Skidded,No tow/articulation,Did not leave carriageway,0,Going ahead other,1,Car,No,Front,2019
200950BN2B002,B,3257,NA,0,Serious,None,23-03-2019,Friday,1,Not at junction or within 20 metres,Not at junction or within 20 metres,22.99679043,Daylight,237870,72090,72.63313811,E01018967,1,2,0,0,Wet or damp,Single carriageway,None,40,12:15:00,Rural,Fine no high winds,No,46 - 55,15,Rural,9,2470,None,None,Other/Not known (2005-10),Not at or within 20 metres of junction,,,Heavy oil,Male,Skidded,No tow/articulation,Did not leave carriageway,0,Going ahead right-hand bend,1,Car,No,Front,2019
201042I124704,A,1168,Unclassified,0,Serious,None,08-12-2020,Thursday,1,Give way or uncontrolled,Slip road,23.02482342,Daylight,544280,195680,72.6361735,E01021771,1,2,0,0,Dry,Dual carriageway,None,40,08:50:00,Rural,Fine no high winds,No,46 - 55,15,Urban area,3,1200,None,None,Journey as part of work,Approaching junction or waiting/parked at junction approach,,,Petrol,Male,None,No tow/articulation,Did not leave carriageway,0,Slowing or stopping,2,Motorcycle over 500cc,No,Nearside,2019
200904CL09056,C,0,NA,0,Serious,None,20-10-2021,Saturday,1,Data missing or out of range,Not at junction or within 20 metres,8.879066106,Daylight,353030,423120,76.66031887,E01025416,1,1,0,0,Dry,Single carriageway,None,30,14:37:00,Urban,Fine no high winds,No,46 - 55,15,Urban area,2,1063,Bollard or refuge,None,Other/Not known (2005-10),Not at or within 20 metres of junction,,,Petrol,Male,None,No tow/articulation,Did not leave carriageway,0,Going ahead other,1,Motorcycle over 500cc,No,Front,2020
200820F219201,B,4100,NA,0,Serious,None,26-09-2021,Friday,1,Data missing or out of range,Not at junction or within 20 metres,26.44068,Darkness - lights lit,407430,286900,80.28022318,E01009191,1,1,0,0,Dry,Dual carriageway,None,20,21:27:00,Urban,Fine no high winds,No,21 - 25,14,Urban area,1,1360,None,None,Other/Not known (2005-10),Not at or within 20 metres of junction,,106 ROLAND GARROS,Petrol,Male,Skidded,No tow/articulation,Did not leave carriageway,0,Going ahead other,1,Car,No,Front,2020
2009559D01028,B,3144,B,3147,Serious,None,03-10-2019,Sunday,1,Auto traffic signal,More than 4 arms (not roundabout),26.71791183,Darkness - lights lit,368940,90260,94.22891471,E01020522,1,2,0,5,Dry,Single carriageway,None,30,19:37:00,Urban,Fine no high winds,No,16 - 20,14,Rural,6,1391,None,None,Other/Not known (2005-10),Mid Junction - on roundabout or on main road,,FIESTA SI,Petrol,Male,None,No tow/articulation,Did not leave carriageway,0,Turning right,1,Car,No,Front,2019
200830C000364,A,632,NA,0,Serious,None,09-02-2019,Wednesday,1,Data missing or out of range,Not at junction or within 20 metres,25.77752886,Darkness - lights lit,444400,371270,87.4708062,E01019822,1,1,0,0,Dry,Single carriageway,None,30,01:15:00,Rural,Fine no high winds,No,16 - 20,14,Urban area,4,2494,None,Lamp post,Other/Not known (2005-10),Not at or within 20 metres of junction,,325 I AUTO,Petrol,Male,None,No tow/articulation,Nearside,0,Going ahead other,1,Car,No,Front,2019
200763AC32607,A,484,NA,0,Serious,None,26-06-2019,Wednesday,1,Data missing or out of range,Not at junction or within 20 metres,28.48919685,Darkness - lights lit,248970,200760,76.98274551,,2,3,0,0,Dry,Single carriageway,None,30,01:06:00,Urban,Fine no high winds,No,16 - 20,14,Rural,NA,1998,Parked vehicle,Near/Offside crash barrier,Other/Not known (2005-10),Not at or within 20 metres of junction,,ZX VOLCANE I,Petrol,Male,Skidded,No tow/articulation,Nearside,0,Reversing,1,Car,No,Front,2019
200743W193067,Unclassified,7201,Unclassified,7201,Serious,None,09-09-2021,Monday,1,Give way or uncontrolled,Private drive or entrance,28.71605353,Darkness - lights lit,471390,175800,77.24195065,E01016427,1,2,0,0,Dry,Single carriageway,None,30,21:39:00,Urban,Fine no high winds,No,16 - 20,14,Urban area,9,400,None,None,Other/Not known (2005-10),Approaching junction or waiting/parked at junction approach,,,Petrol,Male,None,No tow/articulation,Nearside,0,Going ahead other,2,Motorcycle over 125cc and up to 500cc,No,Front,2021
20093102D2806,A,6211,NA,0,Serious,None,08-02-2020,Friday,1,Data missing or out of range,Not at junction or within 20 metres,18.62505254,Darkness - lights lit,461860,342490,73.78333134,E01028192,3,1,0,0,Dry,Single carriageway,None,30,01:12:00,Urban,Fine no high winds,No,16 - 20,14,Urban area,5,1590,Kerb,Other permanent object,Other/Not known (2005-10),Not at or within 20 metres of junction,,416 SLI AUTO,Petrol,Male,Skidded,No tow/articulation,Nearside,0,Going ahead other,1,Car,No,Nearside,2021
2009559D01289,B,3075,Unclassified,0,Serious,None,24-06-2021,Wednesday,1,Give way or uncontrolled,T or staggered junction,18.55825059,Darkness - lights lit,392310,87440,73.89670701,E01020485,1,2,0,4,Dry,Single carriageway,None,30,22:00:00,Rural,Fine no high winds,No,16 - 20,14,Small town,6,1124,None,None,Other/Not known (2005-10),Leaving main road,,106 GRADUATE,Petrol,Male,None,No tow/articulation,Did not leave carriageway,0,Turning right,2,Car,No,Offside,2021
20093104B2863,Unclassified,0,Unclassified,0,Serious,None,25-03-2019,Saturday,1,Give way or uncontrolled,T or staggered junction,14.79401468,Darkness - lights lit,481240,355520,78.52726009,E01028307,2,1,0,0,Dry,Single carriageway,None,30,21:14:00,Urban,Fine no high winds,No,16 - 20,14,Urban area,1,1783,None,Other permanent object,Commuting to/from work,Mid Junction - on roundabout or on main road,,CLIO RSI,Petrol,Male,Skidded,No tow/articulation,Offside,0,Going ahead left-hand bend,1,Car,No,Nearside,2019
201001BS70530,A,3220,A,3217,Serious,None,16-09-2010,Thursday,1,Auto traffic signal,Crossroads,51.481665,Darkness - lights lit,526360,177430,-0.181671,E01002913,2,1,0,5,Dry,Single carriageway,None,30,19:29:00,Urban,Fine no high winds,No,16 - 20,14,Urban area,3,249,None,None,Other/Not known (2005-10),Mid Junction - on roundabout or on main road,HONDA,,Petrol,Male,None,No tow/articulation,Did not leave carriageway,0,Going ahead other,1,Motorcycle over 125cc and up to 500cc,No,Front,2010
201006N036546,C,0,Unclassified,0,Serious,None,18-09-2010,Saturday,1,Give way or uncontrolled,T or staggered junction,53.620695,Darkness - lights lit,377470,413850,-2.342096,E01005049,1,1,0,0,Dry,Single carriageway,None,30,04:50:00,Urban,Fine no high winds,No,16 - 20,14,Urban area,2,1598,None,Other permanent object,Other/Not known (2005-10),Mid Junction - on roundabout or on main road,RENAULT,MEGANE RT 1.6,Petrol,Male,None,No tow/articulation,Nearside and rebounded,0,Going ahead left-hand bend,1,Car,No,Front,2010
201014K289610,A,6102,NA,0,Serious,None,01-11-2010,Monday,1,Not at junction or within 20 metres,Not at junction or within 20 metres,53.353834,Darkness - lights lit,434310,384230,-1.486,E01008046,3,1,0,0,Wet or damp,Single carriageway,None,30,02:00:00,Urban,Other,No,16 - 20,14,Urban area,5,1753,None,Bus stop or bus shelter,Other/Not known (2005-10),Not at or within 20 metres of junction,MAZDA,121 DXI,Heavy oil,Male,Skidded,No tow/articulation,Did not leave carriageway,0,Going ahead other,1,Car,No,Offside,2010
200806N004392,A,665,NA,0,Serious,None,14-02-2021,Sunday,1,Not at junction or within 20 metres,Not at junction or within 20 metres,25.7846114,Darkness - lights lit,381170,404950,87.46823482,E01004983,1,1,0,0,Wet or damp,Single carriageway,None,30,20:06:00,Urban,Raining no high winds,No,16 - 20,14,Urban area,5,1389,None,None,Other/Not known (2005-10),Not at or within 20 metres of junction,,CORSA MERIT AUTO,Petrol,Male,None,No tow/articulation,Did not leave carriageway,0,Going ahead other,1,Car,No,Nearside,2019
200850JS2P019,Unclassified,0,Unclassified,0,Serious,None,20-01-2021,Thursday,1,Give way or uncontrolled,T or staggered junction,18.9598471,Darkness - lights lit,280520,60540,71.35812192,E01020183,1,2,0,0,Wet or damp,Single carriageway,None,30,17:10:00,Rural,Raining no high winds,No,16 - 20,14,Small town,4,124,None,None,Other/Not known (2005-10),Approaching junction or waiting/parked at junction approach,,,Petrol,Male,None,No tow/articulation,Did not leave carriageway,0,Going ahead other,2,Motorcycle 125cc and under,No,Offside,2021
200801KG76352,A,1306,B,1335,Serious,None,21-02-2019,Tuesday,1,Give way or uncontrolled,Roundabout,27.08934568,Darkness - lights lit,552110,182590,93.62328808,E01002370,1,1,0,4,Frost or ice,Single carriageway,None,30,00:25:00,Rural,Unknown,No,16 - 20,14,Data missing or out of range,NA,1389,None,Road sign or traffic signal,Other/Not known (2005-10),Mid Junction - on roundabout or on main road,,CORSA MERIT AUTO,Petrol,Male,Skidded,No tow/articulation,Nearside,0,Going ahead other,1,Car,No,Nearside,2019
200820H042101,B,4151,NA,0,Serious,None,17-03-2019,Saturday,1,Data missing or out of range,Not at junction or within 20 metres,22.74502632,Daylight,407060,298310,75.9019487,E01010388,4,2,0,0,Wet or damp,Single carriageway,None,30,14:35:00,Urban,Fine + high winds,No,16 - 20,14,Urban area,8,1343,Kerb,Tree,Other/Not known (2005-10),Not at or within 20 metres of junction,,CIVIC BALI,Petrol,Male,Skidded,No tow/articulation,Offside,0,Going ahead other,1,Car,No,Nearside,2020
200801PY76094,Unclassified,0,Unclassified,0,Serious,None,22-08-2021,Sunday,1,Give way or uncontrolled,T or staggered junction,27.09061313,Daylight,542340,171700,93.63226219,E01000785,2,2,0,0,Dry,Single carriageway,None,30,16:30:00,Urban,Fine no high winds,No,16 - 20,14,Urban area,2,650,None,None,Other/Not known (2005-10),Cleared junction or waiting/parked at junction exit,,,Petrol,Male,None,No tow/articulation,Did not leave carriageway,0,Going ahead other,1,Motorcycle over 500cc,No,Front,2019
200904DR09057,Unclassified,0,Unclassified,0,Serious,None,29-04-2020,Tuesday,1,Give way or uncontrolled,Private drive or entrance,22.05132219,Daylight,354580,431760,82.17719999,E01025251,1,3,0,0,Dry,Single carriageway,None,30,18:55:00,Urban,Fine no high winds,No,16 - 20,14,Urban area,6,1294,None,None,Other/Not known (2005-10),Entering main road,,106 RALLYE,Petrol,Male,None,No tow/articulation,Did not leave carriageway,9,Reversing,3,Car,No,Back,2019
200834WS09328,C,185,NA,0,Serious,None,17-07-2020,Friday,1,Data missing or out of range,Not at junction or within 20 metres,15.3240997,Daylight,457990,237010,74.06535632,E01027268,1,3,0,0,Dry,Single carriageway,None,30,15:10:00,Urban,Fine no high winds,No,16 - 20,14,Urban area,10,398,None,None,Commuting to/from work,Not at or within 20 metres of junction,,,Petrol,Male,Skidded,No tow/articulation,Did not leave carriageway,0,Going ahead other,1,Motorcycle 125cc and under,No,Front,2019
2008160C07780,Unclassified,0,Unclassified,0,Serious,None,16-09-2021,Wednesday,1,Give way or uncontrolled,T or staggered junction,8.883452984,Daylight,474170,423970,76.61414553,E01012997,1,3,0,0,Dry,Single carriageway,None,30,15:20:00,Urban,Fine no high winds,No,16 - 20,14,Urban area,5,1391,None,None,Commuting to/from work,Mid Junction - on roundabout or on main road,,GOLF MATCH,Petrol,Male,Skidded,No tow/articulation,Did not leave carriageway,0,Going ahead other,1,Car,No,Front,2020