Accident_Index,1st_Road_Class,1st_Road_Number,2nd_Road_Class,2nd_Road_Number,Accident_Severity,Carriageway_Hazards,Date,Day_of_Week,Did_Police_Officer_Attend_Scene_of_Accident,Junction_Control,Junction_Detail,Latitude,Light_Conditions,Location_Easting_OSGR,Location_Northing_OSGR,Longitude,LSOA_of_Accident_Location,Number_of_Casualties,Number_of_Vehicles,Pedestrian_Crossing-Human_Control,Pedestrian_Crossing-Physical_Facilities,Road_Surface_Conditions,Road_Type,Special_Conditions_at_Site,Speed_limit,Time,Urban_or_Rural_Area,Weather_Conditions,InScotland,Age_Band_of_Driver,Age_of_Vehicle,Driver_Home_Area_Type,Driver_IMD_Decile,Engine_Capacity_.CC.,Hit_Object_in_Carriageway,Hit_Object_off_Carriageway,Journey_Purpose_of_Driver,Junction_Location,make,model,Propulsion_Code,Sex_of_Driver,Skidding_and_Overturning,Towing_and_Articulation,Vehicle_Leaving_Carriageway,Vehicle_Location.Restricted_Lane,Vehicle_Manoeuvre,Vehicle_Reference,Vehicle_Type,Was_Vehicle_Left_Hand_Drive,X1st_Point_of_Impact,Year
200822CA88888,A,44,NA,0,Serious,Any animal in carriageway (except ridden horse),16-04-2019,Wednesday,1,Data missing or out of range,Not at junction or within 20 metres,26.46114662,Darkness - no lighting,394370,248890,74.61368575,E01032411,3,1,0,0,Dry,Single carriageway,None,60,23:20:00,Rural,Fine no high winds,No,21 - 25,13,Urban area,4,2997,None,Entered ditch,Other/Not known (2005-10),Not at or within 20 metres of junction,,SUPRA AUTO,Petrol,Male,Skidded and overturned,No tow/articulation,Nearside,0,Going ahead other,1,Car,No,Front,2020
201034TS11190,C,193,C,193,Serious,None,28-12-2019,Sunday,1,Give way or uncontrolled,T or staggered junction,19.15296136,Darkness - no lighting,479810,259370,72.91568231,E01027273,1,1,0,0,Dry,Single carriageway,None,60,04:20:00,Rural,Fine no high winds,No,21 - 25,13,Rural,9,1799,None,Tree,Other/Not known (2005-10),Mid Junction - on roundabout or on main road,,VECTRA ARCTIC 16V,Petrol,Male,Skidded and overturned,No tow/articulation,Offside,0,Going ahead other,1,Car,No,Front,2021
201034TK20660,A,43,NA,0,Serious,None,16-12-2020,Saturday,1,Data missing or out of range,Not at junction or within 20 metres,23.07993229,Darkness - no lighting,489130,282330,72.52117784,E01027103,1,1,0,0,Dry,Single carriageway,None,60,00:28:00,Rural,Fine no high winds,No,21 - 25,13,Rural,6,1360,None,None,Other/Not known (2005-10),Not at or within 20 metres of junction,,306 MIAMI,Petrol,Female,None,No tow/articulation,Did not leave carriageway,0,Going ahead other,1,Car,No,Front,2019
200804CM08060,A,59,Unclassified,0,Serious,None,14-08-2020,Tuesday,1,Give way or uncontrolled,Roundabout,14.73949275,Darkness - lights lit,348720,424340,78.62745113,E01025437,3,1,0,0,Dry,Roundabout,None,70,00:20:00,Rural,Fine no high winds,No,16 - 20,13,Urban area,9,2389,None,None,Other/Not known (2005-10),Leaving roundabout,,MAVERICK ASPEN SWB,Petrol,Male,Skidded and overturned,No tow/articulation,Did not leave carriageway,0,Going ahead other,1,Car,No,Offside,2019
2008558W00379,A,30,NA,0,Serious,None,07-01-2019,Thursday,1,Not at junction or within 20 metres,Not at junction or within 20 metres,28.48252406,Darkness - no lighting,358380,116140,77.06253296,E01020541,3,6,0,0,Dry,Dual carriageway,None,70,20:19:00,Rural,Fine no high winds,No,16 - 20,13,Rural,6,1343,None,None,Other/Not known (2005-10),Not at or within 20 metres of junction,,CIVIC MARLIN,Petrol,Male,None,No tow/articulation,Did not leave carriageway,0,Going ahead other,6,Car,No,Did not impact,2019
201042I205606,A,12,NA,0,Serious,None,22-11-2020,Monday,1,Not at junction or within 20 metres,Not at junction or within 20 metres,28.64523554,Darkness - no lighting,594300,225060,77.28577406,E01021654,1,1,0,0,Dry,Dual carriageway,None,70,22:23:00,Rural,Fine no high winds,No,16 - 20,13,Data missing or out of range,NA,1597,Bollard or refuge,Near/Offside crash barrier,Other/Not known (2005-10),Not at or within 20 metres of junction,,CARISMA GLXI,Petrol,Male,Skidded,No tow/articulation,Nearside,0,Going ahead other,1,Car,No,Front,2021
200997UA01306,A,78,NA,0,Serious,None,01-03-2021,Thursday,1,Data missing or out of range,Not at junction or within 20 metres,18.5029515,Daylight,230410,642040,73.81156013,,2,1,0,0,Dry,Dual carriageway,None,70,08:00:00,Urban,Fine no high winds,Yes,16 - 20,13,Small town,NA,1370,Kerb,Central crash barrier,Journey as part of work,Not at or within 20 metres of junction,,BRAVO 1.4 SX,Petrol,Male,None,No tow/articulation,Offside on to centrl res + rebounded,0,Going ahead other,1,Car,No,Front,2021
200945SP42353,A,308,NA,0,Serious,None,27-04-2019,Thursday,1,Data missing or out of range,Not at junction or within 20 metres,13.01098366,Daylight,505140,171340,77.51584007,E01030737,1,2,0,0,Wet or damp,Dual carriageway,None,70,13:35:00,Rural,Other,No,16 - 20,13,Urban area,5,1389,None,None,Other/Not known (2005-10),Not at or within 20 metres of junction,,CORSA 1.4 16V SPORT,Petrol,Male,None,No tow/articulation,Did not leave carriageway,0,Going ahead other,2,Car,No,Did not impact,2020
201004TA10108,Motorway,65,NA,0,Serious,None,19-06-2010,Saturday,1,Data missing or out of range,Not at junction or within 20 metres,53.835881,Darkness - lights lit,385250,437760,-2.225624,E01025230,1,1,0,0,Dry,Dual carriageway,None,70,03:30:00,Rural,Fine no high winds,No,21 - 25,13,Urban area,3,1396,None,Tree,Other/Not known (2005-10),Not at or within 20 metres of junction,ROVER,414 I,Petrol,Male,Skidded,No tow/articulation,Nearside,0,Going ahead other,1,Car,No,Front,2010
200934TS25829,A,43,A,422,Serious,None,26-04-2019,Monday,1,Give way or uncontrolled,Roundabout,19.1410086,Darkness - no lighting,459480,236760,72.89202583,E01027264,1,1,0,0,Wet or damp,Roundabout,None,70,23:46:00,Rural,Fine no high winds,No,21 - 25,13,Rural,9,749,Central island of roundabout,None,Other/Not known (2005-10),Mid Junction - on roundabout or on main road,,,Petrol,Male,None,No tow/articulation,Did not leave carriageway,0,Going ahead other,1,Motorcycle over 500cc,No,Front,2021
201043N063050,Motorway,40,NA,0,Serious,None,26-02-2020,Saturday,1,Data missing or out of range,Not at junction or within 20 metres,22.20109723,Darkness - no lighting,490040,190310,78.51429701,E01017939,3,2,0,0,Wet or damp,Dual carriageway,None,70,01:00:00,Rural,Other,No,21 - 25,13,Urban area,6,1590,None,None,Other/Not known (2005-10),Not at or within 20 metres of junction,,CIVIC 1.6I LS AUTO,Petrol,Male,Skidded,No tow/articulation,Did not leave carriageway,0,Going ahead other,1,Car,No,Nearside,2021
200942I239607,A,13,NA,0,Serious,None,14-12-2019,Tuesday,1,Not at junction or within 20 metres,Not at junction or within 20 metres,28.60102032,Daylight,573710,187860,77.26251141,E01021310,1,2,0,0,Dry,Dual carriageway,None,70,17:05:00,Urban,Fine no high winds,No,21 - 25,13,Urban area,8,124,None,None,Commuting to/from work,Not at or within 20 metres of junction,,,Petrol,Male,Skidded,No tow/articulation,Did not leave carriageway,0,Going ahead other,1,Motorcycle 125cc and under,No,Front,2021
200942I188306,Motorway,11,NA,0,Serious,None,03-09-2020,Saturday,1,Not at junction or within 20 metres,Not at junction or within 20 metres,14.75949334,Daylight,542910,193200,78.55763,E01021751,1,1,0,0,Dry,Dual carriageway,None,70,07:01:00,Rural,Fine no high winds,No,21 - 25,13,Urban area,5,2496,None,None,Other/Not known (2005-10),Not at or within 20 metres of junction,,TRANSIT 80 SWB,Heavy oil,Male,Skidded,No tow/articulation,Did not leave carriageway,0,Going ahead other,1,Van / Goods 3.5 tonnes mgw or under,No,Front,2019
201004TA10122,Motorway,65,NA,0,Serious,None,17-07-2010,Saturday,1,Data missing or out of range,Not at junction or within 20 metres,53.727776,Daylight,370870,425800,-2.443,E01012632,4,2,0,0,Dry,Dual carriageway,None,70,18:04:00,Rural,Fine no high winds,No,21 - 25,13,Urban area,2,1391,None,None,Other/Not known (2005-10),Not at or within 20 metres of junction,FORD,ESCORT ENCORE,Petrol,Male,None,No tow/articulation,Did not leave carriageway,0,Going ahead other,2,Car,No,Front,2010
2010400D00788,Motorway,1,Motorway,1,Serious,None,23-08-2020,Tuesday,1,Give way or uncontrolled,Slip road,26.45138969,Darkness - lights lit,496080,237340,80.32921883,E01017379,1,3,0,0,Dry,Slip road,None,70,19:48:00,Rural,Fine no high winds,No,26 - 35,13,Data missing or out of range,NA,1390,None,None,Other/Not known (2005-10),Approaching junction or waiting/parked at junction approach,,POLO 1.4 16V,Petrol,Female,None,No tow/articulation,Did not leave carriageway,0,Going ahead other,3,Car,No,Front,2020
20084100T3045,Motorway,25,NA,0,Serious,None,28-04-2021,Wednesday,1,Not at junction or within 20 metres,Not at junction or within 20 metres,22.09768859,Darkness - lights lit,515620,202680,82.1971702,E01023720,4,6,0,0,Wet or damp,Dual carriageway,None,70,23:40:00,Rural,Raining no high winds,No,26 - 35,13,Urban area,3,1794,None,None,Other/Not known (2005-10),Not at or within 20 metres of junction,,440 S,Petrol,Male,None,No tow/articulation,Did not leave carriageway,0,Going ahead other,6,Car,No,Front,2019
20104100A0080,A,414,NA,0,Serious,None,28-03-2020,Saturday,1,Not at junction or within 20 metres,Not at junction or within 20 metres,12.99364987,Darkness - no lighting,542940,211470,77.6033593,E01023492,1,1,0,0,Frost or ice,Dual carriageway,None,70,02:35:00,Rural,Fine no high winds,No,26 - 35,13,Urban area,5,1157,None,None,Commuting to/from work,Not at or within 20 metres of junction,,,Petrol,Male,Skidded,No tow/articulation,Did not leave carriageway,0,Going ahead other,1,Motorcycle over 500cc,No,Offside,2019
20104100K0187,A,10,NA,0,Serious,None,28-02-2020,Saturday,1,Not at junction or within 20 metres,Not at junction or within 20 metres,26.47405985,Darkness - no lighting,535960,205650,74.63424779,E01023341,2,1,0,0,Dry,Dual carriageway,None,70,22:30:00,Rural,Fine no high winds,No,26 - 35,13,Urban area,5,1390,None,Tree,Other/Not known (2005-10),Not at or within 20 metres of junction,,CLIO RT 1.4 AUTO,Petrol,Male,Skidded and overturned,No tow/articulation,Nearside,0,Going ahead other,1,Car,No,Front,2020
20094100G0382,A,505,A,505,Serious,None,03-07-2019,Thursday,1,Give way or uncontrolled,Roundabout,15.32531897,Daylight,533360,240320,74.06448367,E01023598,1,2,0,0,Dry,Dual carriageway,None,70,08:50:00,Rural,Fine no high winds,No,26 - 35,13,Small town,8,1998,None,Lamp post,Other/Not known (2005-10),Approaching junction or waiting/parked at junction approach,,MR2 GT 16V,Petrol,Male,None,No tow/articulation,Offside on to central reservation,0,Going ahead other,1,Car,No,Nearside,2019
200943S141069,A,5,NA,0,Serious,None,07-02-2020,Tuesday,1,Data missing or out of range,Not at junction or within 20 metres,18.55247994,Daylight,479040,241110,73.91492076,E01016817,1,2,0,0,Wet or damp,Dual carriageway,None,70,14:40:00,Rural,Fine no high winds,No,26 - 35,13,Small town,7,1896,None,None,Journey as part of work,Not at or within 20 metres of junction,,,Heavy oil,Male,None,No tow/articulation,Did not leave carriageway,0,Parked,2,Van / Goods 3.5 tonnes mgw or under,No,Offside,2021
200904AL09195,A,584,Unclassified,0,Serious,None,15-05-2020,Thursday,1,Auto traffic signal,Crossroads,18.49891704,Daylight,346980,429590,73.81108948,E01025014,5,2,0,0,Wet or damp,Dual carriageway,None,70,18:25:00,Rural,Fine no high winds,No,26 - 35,13,Urban area,2,1998,None,None,Other/Not known (2005-10),Mid Junction - on roundabout or on main road,,SYNERGIE 2.0I SX,Petrol,Female,None,No tow/articulation,Did not leave carriageway,0,U-turn,1,Car,No,Back,2021
200806X005163,Motorway,602,NA,0,Serious,None,25-09-2020,Wednesday,1,Not at junction or within 20 metres,Not at junction or within 20 metres,12.98863067,Darkness - lights lit,376330,399200,77.59833203,E01005632,1,1,0,0,Dry,Dual carriageway,None,70,21:45:00,Urban,Fine no high winds,No,36 - 45,13,Data missing or out of range,NA,599,Bollard or refuge,Central crash barrier,Other/Not known (2005-10),Not at or within 20 metres of junction,,,Petrol,Male,Skidded,No tow/articulation,Did not leave carriageway,0,Going ahead other,1,Motorcycle over 500cc,No,Front,2020
201006B027519,C,0,Unclassified,0,Serious,None,31-01-2010,Sunday,1,Give way or uncontrolled,T or staggered junction,53.440166,Darkness - lights lit,386790,393730,-2.200339,E01005218,2,2,0,0,Wet or damp,Single carriageway,None,30,17:30:00,Urban,Fine no high winds,No,46 - 55,13,Data missing or out of range,NA,1781,None,None,Other/Not known (2005-10),Approaching junction or waiting/parked at junction approach,AUDI,A3 1.8T SPORT,Petrol,Male,None,No tow/articulation,Did not leave carriageway,0,Parked,2,Car,No,Back,2010
200801VW40041,A,236,C,0,Serious,None,14-05-2019,Wednesday,1,Give way or uncontrolled,Mini-roundabout,27.09884934,Darkness - lights lit,527910,168870,93.61096309,E01003389,1,2,0,0,Wet or damp,Single carriageway,None,30,06:50:00,Urban,Other,No,46 - 55,13,Urban area,5,1799,None,None,Commuting to/from work,Mid Junction - on roundabout or on main road,,C180 ELEGANCE AUTO,Petrol,Male,None,No tow/articulation,Did not leave carriageway,0,Turning left,1,Car,No,Front,2019
200750C21J894,A,361,NA,0,Serious,None,27-02-2019,Monday,1,Not at junction or within 20 metres,Not at junction or within 20 metres,28.61330053,Darkness - lights lit,252510,134870,77.3016802,E01020110,6,2,0,0,Wet or damp,Single carriageway,None,40,22:10:00,Rural,Raining no high winds,No,46 - 55,13,Data missing or out of range,NA,2180,None,None,Data missing or out of range,Not at or within 20 metres of junction,,,Heavy oil,Male,None,No tow/articulation,Did not leave carriageway,0,Going ahead other,2,Car,No,Front,2021
200930D000961,C,353,NA,0,Serious,None,13-12-2020,Sunday,1,Data missing or out of range,Not at junction or within 20 metres,18.63418508,Darkness - lights lit,436670,337670,73.93162187,E01013536,1,3,0,0,Wet or damp,Single carriageway,None,30,19:41:00,Urban,Raining no high winds,No,46 - 55,13,Urban area,1,3000,Parked vehicle,None,Other/Not known (2005-10),Not at or within 20 metres of junction,,,Heavy oil,Male,None,No tow/articulation,Did not leave carriageway,0,Parked,2,Car,No,Back,2021
200930B000457,A,517,NA,0,Serious,None,28-03-2020,Saturday,1,Data missing or out of range,Not at junction or within 20 metres,19.07300705,Darkness - lights lit,425580,347070,72.8489781,E01019616,1,3,0,0,Wet or damp,Single carriageway,None,30,18:05:00,Rural,Raining no high winds,No,46 - 55,13,Urban area,8,1391,None,None,Other/Not known (2005-10),Not at or within 20 metres of junction,,IBIZA 1.4 SE,Petrol,Male,Skidded,No tow/articulation,Did not leave carriageway,0,Overtaking static vehicle - offside,1,Car,No,Front,2021
201042I367811,Unclassified,0,Unclassified,0,Serious,None,25-07-2020,Monday,1,Give way or uncontrolled,T or staggered junction,27.08822552,Darkness - lights lit,570880,212920,93.60962844,E01021540,1,2,0,0,Wet or damp,Single carriageway,None,30,16:45:00,Rural,Raining no high winds,No,46 - 55,13,Rural,7,2495,None,None,Commuting to/from work,Mid Junction - on roundabout or on main road,,DISCOVERY ES TDI AUTO,Heavy oil,Male,None,No tow/articulation,Did not leave carriageway,0,Going ahead other,2,Car,No,Front,2019
201001PL60791,A,21,A,21,Serious,None,12-11-2010,Friday,1,Give way or uncontrolled,T or staggered junction,51.437661,Darkness - lights lit,537790,172830,-0.018957,E01003221,1,2,0,0,Wet or damp,Single carriageway,None,30,17:12:00,Urban,Raining no high winds,No,46 - 55,13,Urban area,3,1597,None,None,Other/Not known (2005-10),Mid Junction - on roundabout or on main road,FORD,MONDEO ASPEN,Petrol,Male,None,No tow/articulation,Did not leave carriageway,0,Turning right,1,Car,No,Front,2010
201001PY20612,A,232,Unclassified,0,Serious,None,19-10-2010,Tuesday,1,Give way or uncontrolled,Private drive or entrance,51.373163,Darkness - lights lit,544560,165840,0.075531,E01000757,1,2,0,0,Wet or damp,Single carriageway,None,30,18:00:00,Urban,Raining no high winds,No,46 - 55,13,Small town,8,647,None,None,Other/Not known (2005-10),Mid Junction - on roundabout or on main road,HONDA,NTV 650,Petrol,Male,None,No tow/articulation,Did not leave carriageway,0,Going ahead other,2,Motorcycle over 500cc,No,Front,2010
201001SX21020,A,406,Unclassified,0,Serious,None,01-10-2010,Friday,1,Give way or uncontrolled,Slip road,51.605474,Darkness - lights lit,527700,191240,-0.157376,E01000184,1,4,0,0,Wet or damp,Single carriageway,None,50,19:00:00,Urban,Raining no high winds,No,46 - 55,13,Data missing or out of range,NA,1998,None,None,Commuting to/from work,Mid Junction - on roundabout or on main road,TOYOTA,PICNIC GX,Petrol,Male,None,No tow/articulation,Did not leave carriageway,0,Slowing or stopping,4,Car,No,Back,2010
20093102D0272,C,166,Unclassified,0,Serious,None,31-05-2021,Friday,1,Give way or uncontrolled,T or staggered junction,19.14597071,Darkness - lights unlit,460740,342740,72.83567028,E01028202,1,1,0,0,Frost or ice,Single carriageway,None,30,18:00:00,Urban,Fine no high winds,No,46 - 55,13,Urban area,8,998,None,None,Other/Not known (2005-10),Mid Junction - on roundabout or on main road,,,Petrol,Male,Skidded,No tow/articulation,Did not leave carriageway,0,Going ahead other,1,Motorcycle over 500cc,No,Offside,2021
200842I052502,B,1010,NA,0,Serious,None,13-10-2020,Friday,1,Not at junction or within 20 metres,Not at junction or within 20 metres,8.875770025,Darkness - no lighting,589770,198710,76.62367945,E01021875,1,1,0,0,Wet or damp,Single carriageway,None,60,06:00:00,Rural,Fine no high winds,No,46 - 55,13,Data missing or out of range,NA,1799,None,Tree,Commuting to/from work,Not at or within 20 metres of junction,,C180 ELEGANCE AUTO,Petrol,Male,Skidded,No tow/articulation,Offside,0,Overtaking moving vehicle - offside,1,Car,No,Offside,2020
200743P008037,A,34,NA,0,Serious,None,01-02-2020,Thursday,1,Data missing or out of range,Not at junction or within 20 metres,8.868519972,Darkness - no lighting,450460,204360,76.63252367,E01028733,1,1,0,0,Dry,Dual carriageway,None,70,20:35:00,Rural,Fine no high winds,No,46 - 55,13,Data missing or out of range,NA,1299,None,Central crash barrier,Other/Not known (2005-10),Not at or within 20 metres of junction,,FIESTA EQUIPE,Petrol,Male,Overturned,No tow/articulation,Offside on to central reservation,0,Going ahead other,1,Car,No,Front,2020
200843N031128,A,41,NA,0,Serious,Vehicle load on road,11-12-2019,Tuesday,1,Data missing or out of range,Not at junction or within 20 metres,26.47687204,Darkness - no lighting,486210,212840,80.26970991,E01017632,1,1,0,0,Wet or damp,Dual carriageway,None,70,16:32:00,Rural,Fine no high winds,No,46 - 55,13,Urban area,3,599,Other object,None,Commuting to/from work,Not at or within 20 metres of junction,,,Petrol,Male,Skidded,No tow/articulation,Did not leave carriageway,0,Going ahead other,1,Motorcycle over 500cc,No,Front,2020
200797KC70402,A,78,NA,0,Serious,None,14-06-2021,Friday,1,Data missing or out of range,Not at junction or within 20 metres,28.67397847,Darkness - no lighting,219640,670390,77.36119169,,3,2,0,0,Wet or damp,Single carriageway,None,60,23:30:00,Rural,Fine no high winds,Yes,46 - 55,13,Urban area,NA,1392,None,None,Other/Not known (2005-10),Not at or within 20 metres of junction,,SUNNY TROPIC,Petrol,Male,None,No tow/articulation,Did not leave carriageway,0,Going ahead other,2,Car,No,Front,2021
200832B340108,C,739,Unclassified,0,Serious,None,17-08-2020,Friday,1,Give way or uncontrolled,T or staggered junction,18.54361202,Darkness - no lighting,542950,318650,73.8380573,E01026254,1,2,0,0,Dry,Single carriageway,None,60,17:42:00,Rural,Fine no high winds,No,46 - 55,13,Rural,4,9603,None,None,Journey as part of work,Approaching junction or waiting/parked at junction approach,,,Heavy oil,Male,None,Articulated vehicle,Did not leave carriageway,0,Turning left,2,Goods 7.5 tonnes mgw and over,No,Offside,2021
200734WD23277,A,5,Unclassified,9746,Serious,None,25-07-2019,Thursday,1,Give way or uncontrolled,T or staggered junction,18.49585892,Darkness - no lighting,463870,259180,73.90242992,E01027025,1,2,0,0,Wet or damp,Single carriageway,None,60,22:00:00,Rural,Fine no high winds,No,46 - 55,13,Small town,6,937,None,None,Other/Not known (2005-10),Mid Junction - on roundabout or on main road,,,Petrol,Male,Overturned,No tow/articulation,Did not leave carriageway,0,Going ahead other,2,Motorcycle over 500cc,No,Front,2021
200842I060002,A,133,NA,0,Serious,None,28-07-2020,Tuesday,1,Not at junction or within 20 metres,Not at junction or within 20 metres,18.60004217,Darkness - no lighting,610910,223470,73.78707943,E01021993,2,2,0,0,Dry,Single carriageway,None,60,17:55:00,Rural,Fine no high winds,No,46 - 55,13,Rural,4,2663,None,None,Other/Not known (2005-10),Not at or within 20 metres of junction,,MAVERICK ASPEN SWB,Heavy oil,Male,None,Single trailer,Did not leave carriageway,0,Turning right,1,Car,No,Offside,2021
2008558D02107,C,7,NA,0,Serious,None,05-11-2019,Sunday,1,Not at junction or within 20 metres,Not at junction or within 20 metres,14.68572673,Darkness - no lighting,387900,92730,78.59783171,E01020465,2,2,0,0,Dry,Single carriageway,None,60,21:59:00,Rural,Fine no high winds,No,46 - 55,13,Small town,7,1391,None,None,Other/Not known (2005-10),Not at or within 20 metres of junction,,ESCORT ACAPULCO,Petrol,Female,None,No tow/articulation,Did not leave carriageway,0,Going ahead other,2,Car,No,Front,2019
200837B030379,B,1077,NA,0,Serious,None,09-12-2019,Thursday,1,Data missing or out of range,Not at junction or within 20 metres,25.78386625,Darkness - no lighting,613620,276140,87.49356154,E01030064,1,2,0,0,Dry,Single carriageway,None,30,19:05:00,Rural,Fine no high winds,No,46 - 55,13,Small town,8,2996,None,None,Journey as part of work,Not at or within 20 metres of junction,,E300D ELEGANCE A,Heavy oil,Female,None,No tow/articulation,Did not leave carriageway,0,Parked,2,Car,No,Back,2019
201001JC30103,Unclassified,0,Unclassified,0,Serious,None,27-02-2010,Saturday,1,Give way or uncontrolled,Crossroads,51.583658,Darkness - no lighting,537540,189070,-0.016221,E01004411,1,2,0,0,Wet or damp,Single carriageway,None,30,20:20:00,Urban,Fine no high winds,No,46 - 55,13,Urban area,2,1389,None,None,Other/Not known (2005-10),Mid Junction - on roundabout or on main road,VAUXHALL,CORSA CDX 1.4I AUTO,Petrol,Female,None,No tow/articulation,Did not leave carriageway,0,Going ahead other,1,Car,No,Front,2010
200904FE09006,A,59,B,6251,Serious,None,21-03-2019,Tuesday,1,Give way or uncontrolled,T or staggered junction,26.46379567,Darkness - no lighting,385650,449600,74.6055536,E01025197,1,2,0,0,Wet or damp,Single carriageway,None,60,17:40:00,Rural,Raining no high winds,No,46 - 55,13,Data missing or out of range,NA,2793,None,None,Other/Not known (2005-10),Mid Junction - on roundabout or on main road,,328I SE,Petrol,Male,None,No tow/articulation,Did not leave carriageway,0,Going ahead other,2,Car,No,Front,2020
200842I113704,A,1060,Unclassified,0,Serious,None,02-12-2019,Thursday,1,Give way or uncontrolled,T or staggered junction,14.76846474,Daylight,554530,214390,78.52538528,E01022070,1,2,0,0,Dry,Single carriageway,None,60,16:20:00,Rural,Fine no high winds,No,46 - 55,13,Urban area,7,599,None,None,Other/Not known (2005-10),Approaching junction or waiting/parked at junction approach,,,Petrol,Male,None,No tow/articulation,Did not leave carriageway,0,Going ahead other,2,Motorcycle over 500cc,No,Front,2019
2009559D04315,A,30,NA,0,Serious,None,14-09-2020,Wednesday,1,Not at junction or within 20 metres,Not at junction or within 20 metres,27.09946417,Daylight,366400,118300,93.62578363,E01020541,5,3,0,0,Wet or damp,Single carriageway,None,60,07:47:00,Rural,Fine no high winds,No,46 - 55,13,Urban area,7,1686,None,None,Other/Not known (2005-10),Not at or within 20 metres of junction,,COMBO LS 775 DIESEL,Heavy oil,Male,None,No tow/articulation,Did not leave carriageway,0,Slowing or stopping,2,Van / Goods 3.5 tonnes mgw or under,No,Front,2019
2009170S21469,A,1046,A,178,Serious,None,28-01-2020,Tuesday,1,Give way or uncontrolled,T or staggered junction,27.09456134,Daylight,450050,521580,93.62013136,E01012198,1,2,0,0,Dry,Single carriageway,None,30,07:45:00,Urban,Fine no high winds,No,46 - 55,13,Urban area,3,892,None,None,Commuting to/from work,Mid Junction - on roundabout or on main road,,,Petrol,Male,None,No tow/articulation,Did not leave carriageway,0,Overtaking moving vehicle - offside,1,Motorcycle over 500cc,No,Front,2019
200842I311009,A,133,Unclassified,0,Serious,None,28-06-2019,Wednesday,1,Give way or uncontrolled,Crossroads,26.74644153,Daylight,617530,215270,94.19310731,E01022027,2,3,0,0,Dry,Single carriageway,None,30,16:40:00,Urban,Fine no high winds,No,46 - 55,13,Urban area,4,1119,None,None,Journey as part of work,Approaching junction or waiting/parked at junction approach,,FIESTA I,Petrol,Male,None,No tow/articulation,Did not leave carriageway,0,Going ahead other,2,Car,No,Back,2019
200920F221202,B,4124,Unclassified,0,Serious,None,02-03-2020,Wednesday,2,Give way or uncontrolled,T or staggered junction,26.72205295,Daylight,403690,284610,94.20768045,E01009069,1,1,0,0,Wet or damp,Single carriageway,None,30,16:00:00,Urban,Fine no high winds,No,46 - 55,13,Urban area,3,NA,None,None,Journey as part of work,Cleared junction or waiting/parked at junction exit,,,Heavy oil,Male,None,No tow/articulation,Did not leave carriageway,0,Slowing or stopping,1,Bus or coach (17 or more pass seats),No,Did not impact,2019
20074100A0172,C,16,NA,0,Serious,None,17-03-2019,Thursday,1,Not at junction or within 20 metres,Not at junction or within 20 metres,26.72604132,Daylight,533810,221590,94.22994207,E01023495,4,2,0,0,Dry,Single carriageway,None,60,14:49:00,Rural,Fine no high winds,No,46 - 55,13,Urban area,5,5488,None,None,Journey as part of work,Not at or within 20 metres of junction,,,Heavy oil,Male,None,No tow/articulation,Did not leave carriageway,0,Going ahead right-hand bend,2,Goods over 3.5t. and under 7.5t,No,Front,2019
200937L016635,A,144,NA,0,Serious,None,08-02-2019,Thursday,1,Data missing or out of range,Not at junction or within 20 metres,26.76795563,Daylight,639370,276020,94.22099353,E01030219,1,1,0,0,Dry,Single carriageway,None,60,13:20:00,Rural,Fine no high winds,No,46 - 55,13,Small town,5,2496,None,Tree,Other/Not known (2005-10),Not at or within 20 metres of junction,,TRANSIT 100 LWB,Heavy oil,Male,None,No tow/articulation,Offside,0,Going ahead right-hand bend,1,Van / Goods 3.5 tonnes mgw or under,No,Front,2019
200843P164108,A,4260,Unclassified,0,Serious,None,04-04-2019,Friday,1,Give way or uncontrolled,Private drive or entrance,25.76532757,Daylight,447980,215420,87.49915855,E01028488,1,2,0,0,Dry,Single carriageway,None,50,17:05:00,Rural,Fine no high winds,No,46 - 55,13,Rural,6,1761,None,None,Other/Not known (2005-10),Mid Junction - on roundabout or on main road,,405 GLX AUTO,Petrol,Male,None,No tow/articulation,Did not leave carriageway,0,Turning right,1,Car,No,Nearside,2019
201043R184060,A,404,A,308,Serious,None,05-09-2020,Thursday,1,Give way or uncontrolled,Roundabout,25.78629128,Daylight,485060,184720,87.4981587,E01016531,1,1,0,0,Dry,Roundabout,None,50,07:55:00,Rural,Fine no high winds,No,46 - 55,13,Urban area,4,1052,None,None,Commuting to/from work,Mid Junction - on roundabout or on main road,,ZX 1100-D5,Petrol,Male,None,No tow/articulation,Did not leave carriageway,0,Turning left,1,Motorcycle over 500cc,No,Front,2019
200804CM08069,A,6,A,582,Serious,None,10-02-2021,Saturday,1,Give way or uncontrolled,Roundabout,22.05413715,Daylight,355630,425260,82.16158483,E01025443,1,2,0,0,Dry,Roundabout,None,60,18:46:00,Rural,Fine no high winds,No,46 - 55,13,Urban area,1,900,None,None,Other/Not known (2005-10),Mid Junction - on roundabout or on main road,,,Petrol,Male,None,No tow/articulation,Did not leave carriageway,0,Changing lane to right,1,Motorcycle over 500cc,No,Front,2019