Accident_Index,1st_Road_Class,1st_Road_Number,2nd_Road_Class,2nd_Road_Number,Accident_Severity,Carriageway_Hazards,Date,Day_of_Week,Did_Police_Officer_Attend_Scene_of_Accident,Junction_Control,Junction_Detail,Latitude,Light_Conditions,Location_Easting_OSGR,Location_Northing_OSGR,Longitude,LSOA_of_Accident_Location,Number_of_Casualties,Number_of_Vehicles,Pedestrian_Crossing-Human_Control,Pedestrian_Crossing-Physical_Facilities,Road_Surface_Conditions,Road_Type,Special_Conditions_at_Site,Speed_limit,Time,Urban_or_Rural_Area,Weather_Conditions,InScotland,Age_Band_of_Driver,Age_of_Vehicle,Driver_Home_Area_Type,Driver_IMD_Decile,Engine_Capacity_.CC.,Hit_Object_in_Carriageway,Hit_Object_off_Carriageway,Journey_Purpose_of_Driver,Junction_Location,make,model,Propulsion_Code,Sex_of_Driver,Skidding_and_Overturning,Towing_and_Articulation,Vehicle_Leaving_Carriageway,Vehicle_Location.Restricted_Lane,Vehicle_Manoeuvre,Vehicle_Reference,Vehicle_Type,Was_Vehicle_Left_Hand_Drive,X1st_Point_of_Impact,Year
200906J021146,C,0,Unclassified,0,Serious,None,09-03-2021,Monday,1,Give way or uncontrolled,T or staggered junction,15.35483046,Daylight,395580,388240,74.0065601,E01005878,2,1,0,4,Dry,Single carriageway,None,30,13:44:00,Urban,Fine no high winds,No,16 - 20,12,Data missing or out of range,NA,1299,None,None,Other/Not known (2005-10),Cleared junction or waiting/parked at junction exit,,KA 2,Petrol,Male,Skidded,No tow/articulation,Nearside and rebounded,0,Going ahead other,1,Car,No,Front,2019
200806M096578,B,5165,Unclassified,0,Serious,None,06-07-2020,Monday,1,Give way or uncontrolled,T or staggered junction,22.98229231,Daylight,377740,389680,72.58417793,E01006195,1,2,0,4,Dry,Single carriageway,None,30,19:15:00,Urban,Fine no high winds,No,16 - 20,12,Urban area,10,954,None,None,Other/Not known (2005-10),Mid Junction - on roundabout or on main road,,106 ESCAPADE,Petrol,Male,None,No tow/articulation,Did not leave carriageway,0,Turning right,1,Car,No,Front,2019
200906K013286,B,6199,Unclassified,0,Serious,None,18-08-2019,Tuesday,1,Give way or uncontrolled,Crossroads,12.97917395,Daylight,372780,405940,77.5341528,E01004872,2,4,0,0,Dry,Single carriageway,None,30,09:25:00,Urban,Fine no high winds,No,16 - 20,12,Urban area,1,1124,None,None,Other/Not known (2005-10),Mid Junction - on roundabout or on main road,,SAXO X,Petrol,Male,None,No tow/articulation,Did not leave carriageway,0,Turning right,1,Car,No,Nearside,2020
201043R133060,Unclassified,7302,Unclassified,7302,Serious,None,03-08-2020,Monday,1,Give way or uncontrolled,T or staggered junction,8.895496673,Daylight,494650,182070,76.63069218,E01016498,1,2,0,0,Dry,Single carriageway,None,30,17:00:00,Urban,Fine no high winds,No,16 - 20,12,Urban area,5,1242,None,None,Other/Not known (2005-10),Mid Junction - on roundabout or on main road,,PUNTO SX 60,Petrol,Male,None,No tow/articulation,Did not leave carriageway,0,Going ahead left-hand bend,1,Car,No,Offside,2020
201042I202707,Unclassified,0,NA,0,Serious,None,28-07-2021,Sunday,1,Not at junction or within 20 metres,Not at junction or within 20 metres,8.868389332,Daylight,582230,188370,76.66381676,E01021532,1,3,0,0,Dry,Single carriageway,None,30,14:15:00,Urban,Fine no high winds,No,16 - 20,12,Urban area,7,124,None,None,Other/Not known (2005-10),Not at or within 20 metres of junction,,XV125,Petrol,Male,Skidded,No tow/articulation,Did not leave carriageway,0,Going ahead left-hand bend,1,Motorcycle 125cc and under,No,Front,2020
200901SX20664,Unclassified,0,NA,0,Serious,None,28-08-2021,Tuesday,1,Data missing or out of range,Not at junction or within 20 metres,26.46991076,Daylight,524040,188350,74.64543585,E01000215,3,2,0,0,Dry,Single carriageway,None,30,14:27:00,Urban,Fine no high winds,No,16 - 20,12,Urban area,6,1124,None,None,Other/Not known (2005-10),Not at or within 20 metres of junction,,106 TIME,Petrol,Male,None,No tow/articulation,Did not leave carriageway,0,Going ahead other,2,Car,No,Front,2020
200942I314109,Unclassified,0,Unclassified,0,Serious,None,29-06-2020,Sunday,1,Give way or uncontrolled,T or staggered junction,26.45456287,Daylight,597990,223810,74.64351508,E01021713,1,2,0,0,Dry,Single carriageway,None,30,15:49:00,Urban,Fine no high winds,No,16 - 20,12,Small town,10,1360,None,None,Other/Not known (2005-10),Approaching junction or waiting/parked at junction approach,,306 LX,Petrol,Male,Skidded,No tow/articulation,Did not leave carriageway,0,Going ahead other,2,Car,No,Front,2020
200930D000657,C,346,C,346,Serious,None,18-02-2020,Tuesday,1,Give way or uncontrolled,T or staggered junction,26.45982839,Daylight,429970,318810,74.59718504,E01019837,1,2,0,0,Dry,Single carriageway,None,30,18:23:00,Urban,Fine no high winds,No,16 - 20,12,Urban area,3,49,None,None,Other/Not known (2005-10),Mid Junction - on roundabout or on main road,,,Petrol,Male,None,No tow/articulation,Did not leave carriageway,0,Going ahead other,2,Motorcycle 50cc and under,No,Front,2020
200837G025262,A,1071,NA,0,Serious,None,24-04-2020,Thursday,1,Data missing or out of range,Not at junction or within 20 metres,26.47837811,Daylight,617750,245100,80.28313151,E01030002,2,2,0,0,Wet or damp,Single carriageway,None,30,06:39:00,Urban,Fine no high winds,No,16 - 20,12,Urban area,NA,1998,Kerb,None,Other/Not known (2005-10),Not at or within 20 metres of junction,,VECTRA GLS 16V,Petrol,Male,None,No tow/articulation,Did not leave carriageway,0,Going ahead other,1,Car,No,Front,2020
201043P285050,A,415,Unclassified,0,Serious,None,01-07-2021,Monday,1,Give way or uncontrolled,T or staggered junction,26.43988032,Daylight,435040,208970,80.30166183,E01028816,1,2,0,0,Dry,Single carriageway,None,30,10:15:00,Urban,Fine no high winds,No,16 - 20,12,Small town,10,1124,None,None,Other/Not known (2005-10),Leaving main road,,SAXO X,Petrol,Male,None,No tow/articulation,Did not leave carriageway,0,Turning right,1,Car,No,Nearside,2020
200843W029108,Unclassified,7153,NA,0,Serious,None,08-10-2020,Wednesday,1,Data missing or out of range,Not at junction or within 20 metres,28.5850733,Daylight,463980,171080,77.23742074,E01016345,1,2,0,0,Dry,Single carriageway,None,30,18:10:00,Rural,Fine no high winds,No,16 - 20,12,Rural,6,1242,None,None,Other/Not known (2005-10),Not at or within 20 metres of junction,,PUNTO 75 SX,Petrol,Male,None,No tow/articulation,Did not leave carriageway,0,Going ahead left-hand bend,2,Car,No,Nearside,2020
200943P106039,Unclassified,320,NA,0,Serious,None,13-10-2020,Wednesday,1,Data missing or out of range,Not at junction or within 20 metres,28.61271974,Daylight,454200,207760,77.1224643,E01028537,1,2,0,0,Dry,Single carriageway,None,30,18:00:00,Urban,Fine no high winds,No,16 - 20,12,Data missing or out of range,NA,1753,None,None,Other/Not known (2005-10),Not at or within 20 metres of junction,,ESCORT 75 D,Heavy oil,Male,None,No tow/articulation,Did not leave carriageway,0,Going ahead other,1,Van / Goods 3.5 tonnes mgw or under,No,Front,2021
200934WD24989,A,5,A,45,Serious,None,04-02-2021,Wednesday,1,Auto traffic signal,Crossroads,18.51717783,Daylight,463220,259850,73.74351361,E01027025,2,2,0,0,Wet or damp,Single carriageway,None,30,21:00:00,Rural,Fine no high winds,No,16 - 20,12,Small town,9,3059,None,None,Other/Not known (2005-10),Mid Junction - on roundabout or on main road,,TROOPER CITATION LWB,Heavy oil,Male,Skidded,No tow/articulation,Did not leave carriageway,0,Going ahead other,2,Car,No,Front,2021
200814A167408,C,25,Unclassified,0,Serious,None,12-09-2021,Tuesday,1,Give way or uncontrolled,T or staggered junction,18.54234533,Daylight,460360,405860,73.75377817,E01007656,1,2,0,0,Dry,Single carriageway,None,30,17:09:00,Urban,Fine no high winds,No,16 - 20,12,Rural,5,1890,None,None,Journey as part of work,Cleared junction or waiting/parked at junction exit,,,Petrol,Male,None,No tow/articulation,Did not leave carriageway,0,Overtaking moving vehicle - offside,1,Car,No,Front,2021
200937L017190,Unclassified,6019,Unclassified,6024,Serious,None,07-04-2019,Friday,2,Give way or uncontrolled,T or staggered junction,18.60460352,Daylight,653840,293880,73.88946814,E01030261,1,2,0,0,Dry,Single carriageway,None,30,15:30:00,Urban,Fine no high winds,No,16 - 20,12,Rural,5,1000,None,Tree,Other/Not known (2005-10),Cleared junction or waiting/parked at junction exit,,,Petrol,Male,Skidded,No tow/articulation,Nearside,0,Going ahead right-hand bend,1,Motorcycle over 500cc,No,Front,2021
200901YE80170,Unclassified,0,NA,0,Serious,None,19-08-2020,Tuesday,1,Data missing or out of range,Not at junction or within 20 metres,18.53897127,Daylight,526800,198370,73.74074424,E01001417,2,2,0,0,Dry,Single carriageway,None,30,18:00:00,Urban,Fine no high winds,No,16 - 20,12,Data missing or out of range,NA,1242,Kerb,Tree,Other/Not known (2005-10),Not at or within 20 metres of junction,,FIESTA GHIA X AUTO,Petrol,Male,None,No tow/articulation,Offside,0,Going ahead other,2,Car,No,Nearside,2021
2009559C01879,Unclassified,0,Unclassified,0,Serious,None,16-06-2021,Wednesday,1,Give way or uncontrolled,Private drive or entrance,19.07976032,Daylight,403880,92280,72.90028467,E01015441,1,2,0,0,Dry,Single carriageway,None,30,07:29:00,Urban,Fine no high winds,No,16 - 20,12,Urban area,4,250,None,None,Commuting to/from work,Approaching junction or waiting/parked at junction approach,,,Petrol,Male,None,No tow/articulation,Did not leave carriageway,0,Going ahead other,2,Motorcycle over 125cc and up to 500cc,No,Front,2021
2009559D03206,Unclassified,0,NA,0,Serious,None,01-03-2020,Saturday,1,Not at junction or within 20 metres,Not at junction or within 20 metres,19.09620984,Daylight,368370,90160,72.92587627,E01020527,1,2,0,0,Dry,Single carriageway,None,30,20:33:00,Urban,Fine no high winds,No,16 - 20,12,Urban area,7,1396,None,None,Other/Not known (2005-10),Not at or within 20 metres of junction,,IBIZA 1.4 SXE,Petrol,Male,Skidded,No tow/articulation,Did not leave carriageway,0,Going ahead other,1,Car,No,Front,2021
200997UA06605,Unclassified,0,Unclassified,0,Serious,None,18-09-2021,Tuesday,1,Give way or uncontrolled,Crossroads,28.43944515,Daylight,220890,660240,70.64655292,,5,2,0,0,Dry,Single carriageway,None,30,14:40:00,Urban,Fine no high winds,Yes,16 - 20,12,Urban area,NA,998,None,None,Commuting to/from work,Cleared junction or waiting/parked at junction exit,,IBIZA 1.0 MPI,Petrol,Male,None,No tow/articulation,Offside,0,Going ahead other,1,Car,No,Front,2021
200904EA09343,A,6078,Unclassified,0,Serious,None,28-10-2021,Friday,1,Give way or uncontrolled,T or staggered junction,14.7139033,Daylight,369310,427680,78.47905438,E01012575,1,1,0,0,Dry,Single carriageway,None,30,13:14:00,Urban,Fine no high winds,No,16 - 20,12,Urban area,4,1124,None,None,Other/Not known (2005-10),Cleared junction or waiting/parked at junction exit,,106 XL INDEPENDENCE,Petrol,Male,None,No tow/articulation,Did not leave carriageway,0,Going ahead other,1,Car,No,Did not impact,2019
201001TB00115,C,0,NA,0,Serious,None,21-04-2010,Wednesday,1,Data missing or out of range,Not at junction or within 20 metres,51.510958,Daylight,506760,180240,-0.462966,E01002548,2,1,0,0,Dry,Single carriageway,None,30,15:34:00,Urban,Fine no high winds,No,16 - 20,12,Data missing or out of range,NA,1587,None,None,Other/Not known (2005-10),Not at or within 20 metres of junction,CITROEN,SAXO VTR,Petrol,Male,None,No tow/articulation,Did not leave carriageway,0,Going ahead other,1,Car,No,Front,2010
200920J019502,A,491,Unclassified,0,Serious,None,27-02-2020,Monday,1,Give way or uncontrolled,T or staggered junction,26.46150522,Daylight,388710,288680,74.61108425,E01009822,3,2,0,0,Dry,Single carriageway,None,30,14:49:00,Urban,Fine no high winds,No,16 - 20,12,Urban area,9,1597,None,None,Other/Not known (2005-10),Leaving main road,,ESCORT CL,Petrol,Female,None,No tow/articulation,Did not leave carriageway,0,Turning right,1,Car,No,Nearside,2020
200930D000388,A,514,Unclassified,0,Serious,None,08-02-2019,Sunday,1,Give way or uncontrolled,Private drive or entrance,26.46292809,Daylight,437110,332220,74.59179725,E01013497,3,2,0,0,Dry,Single carriageway,None,30,12:09:00,Urban,Fine no high winds,No,16 - 20,12,Urban area,9,1489,None,None,Commuting to/from work,Approaching junction or waiting/parked at junction approach,,323 LXI,Petrol,Female,None,No tow/articulation,Did not leave carriageway,0,Going ahead right-hand bend,2,Car,No,Front,2020
20093102D1969,Unclassified,0,Unclassified,0,Serious,None,05-04-2019,Saturday,1,Give way or uncontrolled,T or staggered junction,28.57739168,Daylight,461910,341020,77.10940317,E01028186,2,2,0,0,Dry,Single carriageway,None,30,15:06:00,Urban,Fine no high winds,No,16 - 20,12,Urban area,8,1299,None,None,Other/Not known (2005-10),Leaving main road,,KA 2,Petrol,Female,None,No tow/articulation,Did not leave carriageway,0,Turning left,1,Car,No,Front,2020
200950GR2B025,Unclassified,0,Unclassified,0,Serious,None,14-06-2019,Tuesday,1,Give way or uncontrolled,T or staggered junction,28.60913525,Daylight,175120,53990,77.31921676,E01018842,1,2,0,0,Dry,Single carriageway,None,30,12:59:00,Rural,Fine no high winds,No,16 - 20,12,Rural,6,1390,None,None,Journey as part of work,Mid Junction - on roundabout or on main road,,POLO 1.4 L,Petrol,Female,None,No tow/articulation,Did not leave carriageway,0,Going ahead other,1,Car,No,Front,2020
200904DA09009,C,0,Unclassified,0,Serious,None,19-08-2019,Monday,1,Auto traffic signal,More than 4 arms (not roundabout),28.65650807,Daylight,353260,429520,77.13142504,E01025314,1,1,0,5,Wet or damp,Single carriageway,None,30,08:50:00,Urban,Fine no high winds,No,16 - 20,12,Urban area,2,1370,None,None,Journey as part of work,Cleared junction or waiting/parked at junction exit,,BRAVA 1.4 S,Petrol,Female,None,No tow/articulation,Did not leave carriageway,0,Going ahead other,1,Car,No,Front,2021
200930C000359,C,60,C,230,Serious,None,16-06-2021,Friday,1,Stop sign,Crossroads,18.51584011,Daylight,443280,358360,73.82109442,E01019481,2,2,0,1,Dry,Single carriageway,None,30,14:35:00,Rural,Fine no high winds,No,16 - 20,12,Rural,6,1905,None,None,Other/Not known (2005-10),Entering main road,,306 LX DT,Heavy oil,Female,None,No tow/articulation,Did not leave carriageway,0,Turning right,2,Car,No,Offside,2021
201004DL10076,A,5085,B,5411,Serious,None,03-07-2010,Saturday,1,Auto traffic signal,Crossroads,53.770784,Daylight,352090,430740,-2.728393,E01025311,1,2,0,5,Dry,Dual carriageway,None,30,18:31:00,Urban,Fine no high winds,No,16 - 20,12,Urban area,1,1242,None,None,Other/Not known (2005-10),Leaving main road,FIAT,PUNTO SX 85,Petrol,Female,None,No tow/articulation,Did not leave carriageway,0,Turning right,1,Car,No,Front,2010
201006K032294,Unclassified,0,Unclassified,0,Serious,None,25-05-2010,Tuesday,1,Give way or uncontrolled,T or staggered junction,53.543793,Daylight,372610,405320,-2.414819,E01004861,1,1,0,0,Dry,Single carriageway,None,30,19:00:00,Urban,Fine no high winds,No,16 - 20,12,Urban area,1,1299,None,None,Commuting to/from work,Cleared junction or waiting/parked at junction exit,FORD,KA,Petrol,Female,None,No tow/articulation,Did not leave carriageway,0,Going ahead other,1,Car,No,Offside,2010
200814C037608,Unclassified,0,Unclassified,0,Serious,None,19-05-2019,Saturday,1,Give way or uncontrolled,T or staggered junction,14.70057471,Daylight,453110,385630,78.59886444,E01007785,2,2,0,0,Wet or damp,Single carriageway,None,30,07:55:00,Urban,Fog or mist,No,16 - 20,12,Small town,1,650,None,None,Other/Not known (2005-10),Approaching junction or waiting/parked at junction approach,,F 650,Petrol,Male,None,No tow/articulation,Did not leave carriageway,0,Going ahead other,2,Motorcycle over 125cc and up to 500cc,No,Front,2019
200920H027302,Unclassified,0,NA,0,Serious,None,23-04-2021,Thursday,1,Data missing or out of range,Not at junction or within 20 metres,8.873655932,Daylight,399070,301710,76.61619122,E01010294,1,2,0,0,Wet or damp,Single carriageway,None,30,19:10:00,Urban,Other,No,16 - 20,12,Urban area,5,1360,None,None,Other/Not known (2005-10),Not at or within 20 metres of junction,,SAXO VSX,Petrol,Male,Skidded,No tow/articulation,Did not leave carriageway,0,Going ahead other,2,Car,No,Front,2020
200930B000040,C,44,Unclassified,0,Serious,None,02-03-2021,Wednesday,1,Give way or uncontrolled,T or staggered junction,26.47024422,Daylight,405650,379860,74.64612745,E01019721,1,2,0,0,Wet or damp,Single carriageway,None,30,07:30:00,Rural,Other,No,16 - 20,12,Small town,9,1389,None,None,Journey as part of work,Entering main road,,CORSA 1.4 16V SPORT,Petrol,Male,None,No tow/articulation,Did not leave carriageway,0,Turning right,1,Car,No,Front,2020
200904EB09070,Unclassified,0,Unclassified,0,Serious,None,15-11-2021,Sunday,1,Give way or uncontrolled,T or staggered junction,18.5459426,Daylight,368710,424610,73.82451198,E01012597,1,2,0,0,Wet or damp,Single carriageway,None,30,16:34:00,Urban,Raining + high winds,No,16 - 20,12,Urban area,5,1149,None,None,Other/Not known (2005-10),Cleared junction or waiting/parked at junction exit,,CLIO RL PARIS,Petrol,Male,None,No tow/articulation,Did not leave carriageway,0,Moving off,2,Car,No,Offside,2021
201034WN02470,A,5123,Unclassified,0,Serious,None,02-09-2021,Thursday,1,Auto traffic signal,T or staggered junction,22.08015734,Daylight,477170,262990,82.12853786,E01027188,1,3,0,5,Wet or damp,Single carriageway,None,30,10:31:00,Urban,Raining no high winds,No,16 - 20,12,Urban area,5,1388,None,None,Commuting to/from work,Approaching junction or waiting/parked at junction approach,,FIESTA SI,Petrol,Male,None,No tow/articulation,Did not leave carriageway,0,Going ahead other,1,Car,No,Front,2019
200905DD33791,A,5267,NA,0,Serious,None,05-12-2021,Sunday,1,Data missing or out of range,Not at junction or within 20 metres,18.49278924,Daylight,350720,392130,73.85506689,E01006902,3,1,0,0,Wet or damp,Single carriageway,Road surface defective,30,18:10:00,Rural,Raining no high winds,No,16 - 20,12,Urban area,1,1242,None,Other permanent object,Other/Not known (2005-10),Not at or within 20 metres of junction,,PUNTO S 60,Petrol,Male,Skidded,No tow/articulation,Nearside,0,Going ahead left-hand bend,1,Car,No,Offside,2021
200801GD69484,A,1202,NA,0,Serious,None,20-01-2021,Monday,2,Data missing or out of range,Not at junction or within 20 metres,28.7039477,Daylight,533320,182310,77.29838644,E01001771,1,2,0,5,Wet or damp,Dual carriageway,None,30,09:25:00,Urban,Unknown,No,16 - 20,12,Urban area,5,1581,None,None,Commuting to/from work,Not at or within 20 metres of junction,,BRAVA 1.6 SX,Petrol,Male,None,No tow/articulation,Did not leave carriageway,0,Going ahead other,1,Car,No,Front,2020
200904EA09069,Unclassified,0,NA,0,Serious,None,25-03-2020,Saturday,1,Data missing or out of range,Not at junction or within 20 metres,14.69104001,Darkness - lights lit,367610,428720,78.48511661,E01012642,1,1,0,0,Dry,Single carriageway,None,30,20:38:00,Urban,Fine no high winds,No,21 - 25,12,Urban area,4,1396,None,None,Other/Not known (2005-10),Not at or within 20 metres of junction,,214 SI,Petrol,Male,Skidded,No tow/articulation,Did not leave carriageway,0,Going ahead other,1,Car,No,Front,2019
200997AB02102,Unclassified,0,Unclassified,0,Serious,None,05-12-2021,Friday,1,Auto traffic signal,More than 4 arms (not roundabout),26.76114777,Darkness - lights lit,259650,665370,94.1951876,,1,1,0,4,Dry,Single carriageway,None,30,19:20:00,Urban,Fine no high winds,Yes,21 - 25,12,Urban area,NA,1495,None,None,Other/Not known (2005-10),Mid Junction - on roundabout or on main road,,ACCENT MVI,Petrol,Male,None,No tow/articulation,Did not leave carriageway,0,Going ahead other,1,Car,No,Front,2019
2010400B02574,A,6,Unclassified,0,Serious,None,17-01-2020,Saturday,1,Auto traffic signal,Crossroads,26.76887056,Darkness - lights lit,504350,247460,94.19839785,E01017475,2,2,0,5,Dry,Single carriageway,None,30,23:30:00,Urban,Fine no high winds,No,21 - 25,12,Urban area,4,1995,None,Road sign or traffic signal,Other/Not known (2005-10),Leaving main road,,XEDOS 6 AUTO,Petrol,Male,None,No tow/articulation,Straight ahead at junction,0,Turning right,1,Car,No,Nearside,2019
200945RE39271,Unclassified,357,Unclassified,0,Serious,None,22-07-2021,Friday,1,Give way or uncontrolled,T or staggered junction,19.12236298,Darkness - no lighting,529830,146190,72.8700404,E01030629,3,1,0,0,Dry,Single carriageway,None,40,02:40:00,Rural,Fine no high winds,No,16 - 20,12,Urban area,4,1495,None,None,Other/Not known (2005-10),Approaching junction or waiting/parked at junction approach,,ACCENT MVI,Petrol,Male,None,No tow/articulation,Did not leave carriageway,0,Going ahead other,1,Car,No,Front,2021
200934TN11099,C,151,NA,0,Serious,None,16-02-2020,Friday,1,Data missing or out of range,Not at junction or within 20 metres,14.72040501,Daylight,474380,262630,78.48211029,E01027190,1,2,0,0,Dry,Dual carriageway,None,40,09:29:00,Rural,Fine no high winds,No,16 - 20,12,Urban area,2,599,None,None,Other/Not known (2005-10),Not at or within 20 metres of junction,,CBR 600 F,Petrol,Male,None,No tow/articulation,Did not leave carriageway,0,Overtaking static vehicle - offside,2,Motorcycle over 500cc,No,Front,2019
201042I054502,B,1414,Unclassified,0,Serious,None,29-06-2020,Friday,1,Give way or uncontrolled,T or staggered junction,28.4925017,Daylight,617950,221210,77.08034294,E01021974,1,2,0,0,Wet or damp,Single carriageway,None,40,12:29:00,Rural,Fine no high winds,No,16 - 20,12,Rural,4,2874,None,None,Journey as part of work,Approaching junction or waiting/parked at junction approach,,KORANDO GLS,Heavy oil,Male,Skidded,No tow/articulation,Did not leave carriageway,0,Going ahead other,1,Car,No,Front,2019
200850E61C123,A,386,NA,0,Serious,None,15-09-2020,Friday,1,Not at junction or within 20 metres,Not at junction or within 20 metres,12.98292797,Daylight,249210,59570,77.58157184,E01015027,2,2,0,0,Dry,Dual carriageway,None,40,00:15:00,Urban,Fine no high winds,No,16 - 20,12,Data missing or out of range,NA,124,None,None,Data missing or out of range,Not at or within 20 metres of junction,,,Petrol,Male,None,No tow/articulation,Did not leave carriageway,0,Going ahead other,1,Motorcycle 125cc and under,No,Front,2020
200943W110079,A,33,NA,0,Serious,None,03-08-2019,Tuesday,1,Data missing or out of range,Not at junction or within 20 metres,8.89310402,Daylight,471370,172400,76.65177491,E01016391,2,2,0,0,Dry,Dual carriageway,None,40,23:20:00,Urban,Fine no high winds,No,16 - 20,12,Urban area,6,1589,Kerb,Road sign or traffic signal,Other/Not known (2005-10),Not at or within 20 metres of junction,,216 SLI,Petrol,Male,Skidded and overturned,No tow/articulation,Offside - crossed central reservation,0,Overtaking - nearside,2,Car,No,Front,2020
200814A107008,A,18,Unclassified,0,Serious,None,05-01-2019,Wednesday,1,Give way or uncontrolled,T or staggered junction,26.47421156,Daylight,461500,406380,80.31600962,E01007478,1,2,0,4,Dry,Single carriageway,None,40,16:18:00,Urban,Fine no high winds,No,16 - 20,12,Rural,9,2793,None,None,Other/Not known (2005-10),Cleared junction or waiting/parked at junction exit,,528I SE AUTO,Petrol,Male,None,No tow/articulation,Did not leave carriageway,0,U-turn,1,Car,No,Offside,2020
200922F900898,A,51,B,5026,Serious,None,13-07-2019,Saturday,1,Give way or uncontrolled,T or staggered junction,19.10782522,Daylight,373490,341300,72.86165775,E01028899,4,2,0,0,Wet or damp,Single carriageway,None,40,12:24:00,Rural,Fine no high winds,No,16 - 20,12,Small town,8,1242,None,None,Other/Not known (2005-10),Mid Junction - on roundabout or on main road,,PUNTO S 60,Petrol,Male,None,No tow/articulation,Did not leave carriageway,0,Going ahead other,1,Car,No,Front,2021
200943W110079,A,33,NA,0,Serious,None,18-05-2020,Tuesday,1,Data missing or out of range,Not at junction or within 20 metres,26.73603747,Daylight,471370,172400,94.17268809,E01016391,2,2,0,0,Dry,Dual carriageway,None,40,23:20:00,Urban,Fine no high winds,No,16 - 20,12,Urban area,10,1396,None,None,Other/Not known (2005-10),Not at or within 20 metres of junction,,114 GSI,Petrol,Male,None,No tow/articulation,Did not leave carriageway,0,Going ahead other,1,Car,No,Offside,2019
201014K146910,A,631,NA,0,Serious,None,26-05-2010,Wednesday,1,Not at junction or within 20 metres,Not at junction or within 20 metres,53.407649,Daylight,439810,390260,-1.402615,E01007913,5,2,0,0,Dry,Dual carriageway,None,40,10:40:00,Urban,Fine no high winds,No,16 - 20,12,Urban area,6,1124,None,None,Other/Not known (2005-10),Not at or within 20 metres of junction,CITROEN,SAXO X,Petrol,Male,None,No tow/articulation,Did not leave carriageway,0,Going ahead left-hand bend,1,Car,No,Front,2010
200943N205109,B,4506,NA,0,Serious,None,06-06-2021,Thursday,1,Data missing or out of range,Not at junction or within 20 metres,19.18243155,Daylight,498920,214890,72.86936634,E01017657,2,2,0,0,Dry,Single carriageway,None,40,17:47:00,Rural,Fine no high winds,No,16 - 20,12,Urban area,10,1195,None,None,Other/Not known (2005-10),Not at or within 20 metres of junction,,CORSA MERIT 1.2,Petrol,Female,None,No tow/articulation,Did not leave carriageway,0,Going ahead left-hand bend,1,Car,No,Front,2021
201006K031911,A,6,Unclassified,0,Serious,None,21-05-2010,Friday,1,Give way or uncontrolled,Private drive or entrance,53.554305,Daylight,366380,406530,-2.508963,E01004901,3,2,0,0,Dry,Single carriageway,None,40,18:50:00,Urban,Fine no high winds,No,16 - 20,12,Urban area,9,1299,None,None,Other/Not known (2005-10),Entering main road,FORD,KA,Petrol,Female,None,No tow/articulation,Did not leave carriageway,9,Turning right,1,Car,No,Offside,2010
200911NH12349,B,6173,NA,0,Serious,None,06-05-2020,Friday,1,Not at junction or within 20 metres,Not at junction or within 20 metres,28.66954132,Daylight,417570,555030,77.14329224,E01020676,4,2,0,0,Wet or damp,Single carriageway,None,40,18:25:00,Rural,Raining no high winds,No,16 - 20,12,Urban area,6,998,None,None,Other/Not known (2005-10),Not at or within 20 metres of junction,,MICRA PASSION,Petrol,Male,None,No tow/articulation,Did not leave carriageway,0,Going ahead left-hand bend,2,Car,No,Front,2020
200920D281902,A,453,NA,0,Serious,None,10-05-2021,Monday,1,Data missing or out of range,Not at junction or within 20 metres,18.56847145,Daylight,407900,292740,73.88822031,E01009232,1,2,0,0,Wet or damp,Dual carriageway,None,40,13:42:00,Urban,Raining no high winds,No,16 - 20,12,Urban area,3,599,Parked vehicle,None,Other/Not known (2005-10),Not at or within 20 metres of junction,,,Petrol,Male,None,No tow/articulation,Offside on to central reservation,0,Overtaking static vehicle - offside,1,Motorcycle over 500cc,No,Front,2021
201042I370011,Unclassified,0,NA,0,Serious,None,22-12-2020,Tuesday,1,Not at junction or within 20 metres,Not at junction or within 20 metres,25.77173075,Daylight,540730,205140,87.47982113,E01021741,2,2,0,0,Wet or damp,One way street,None,40,08:45:00,Rural,Raining no high winds,No,16 - 20,12,Data missing or out of range,NA,1299,None,None,Other/Not known (2005-10),Not at or within 20 metres of junction,,KA 2,Petrol,Female,None,No tow/articulation,Did not leave carriageway,0,Going ahead left-hand bend,1,Car,No,Front,2019
200754ED35107,A,350,A,365,Serious,None,02-04-2020,Thursday,1,Give way or uncontrolled,Roundabout,18.57231168,Daylight,390260,162840,73.77843864,E01032070,1,2,0,0,Wet or damp,Roundabout,None,40,16:57:00,Urban,Raining no high winds,No,16 - 20,12,Rural,9,998,None,None,Taking pupil to/from school,Entering roundabout,,MICRA BOSTON,Petrol,Female,None,No tow/articulation,Did not leave carriageway,0,Going ahead other,1,Car,No,Offside,2021