Accident_Index,1st_Road_Class,1st_Road_Number,2nd_Road_Class,2nd_Road_Number,Accident_Severity,Carriageway_Hazards,Date,Day_of_Week,Did_Police_Officer_Attend_Scene_of_Accident,Junction_Control,Junction_Detail,Latitude,Light_Conditions,Location_Easting_OSGR,Location_Northing_OSGR,Longitude,LSOA_of_Accident_Location,Number_of_Casualties,Number_of_Vehicles,Pedestrian_Crossing-Human_Control,Pedestrian_Crossing-Physical_Facilities,Road_Surface_Conditions,Road_Type,Special_Conditions_at_Site,Speed_limit,Time,Urban_or_Rural_Area,Weather_Conditions,InScotland,Age_Band_of_Driver,Age_of_Vehicle,Driver_Home_Area_Type,Driver_IMD_Decile,Engine_Capacity_.CC.,Hit_Object_in_Carriageway,Hit_Object_off_Carriageway,Journey_Purpose_of_Driver,Junction_Location,make,model,Propulsion_Code,Sex_of_Driver,Skidding_and_Overturning,Towing_and_Articulation,Vehicle_Leaving_Carriageway,Vehicle_Location.Restricted_Lane,Vehicle_Manoeuvre,Vehicle_Reference,Vehicle_Type,Was_Vehicle_Left_Hand_Drive,X1st_Point_of_Impact,Year
200945WO40955,C,11,NA,0,Serious,None,16-11-2020,Friday,1,Data missing or out of range,Not at junction or within 20 metres,14.77448905,Daylight,496970,160810,78.52414031,E01030967,1,3,0,0,Dry,Dual carriageway,None,40,13:50:00,Rural,Unknown,No,16 - 20,12,Urban area,9,125,None,None,Other/Not known (2005-10),Not at or within 20 metres of junction,,,Petrol,Male,None,No tow/articulation,Did not leave carriageway,0,Overtaking moving vehicle - offside,1,Motorcycle over 125cc and up to 500cc,No,Front,2019
200942I402711,A,130,B,1014,Serious,None,12-04-2020,Wednesday,1,Give way or uncontrolled,Roundabout,25.77796266,Darkness - lights lit,577970,185240,87.49415529,E01021503,1,2,0,0,Dry,Roundabout,None,40,20:42:00,Rural,Fine + high winds,No,21 - 25,12,Urban area,5,1330,None,Entered ditch,Other/Not known (2005-10),Entering roundabout,,,Petrol,Male,Skidded,No tow/articulation,Nearside,0,Going ahead other,1,Car,No,Front,2019
200797NC04510,B,8048,NA,0,Serious,None,12-09-2020,Friday,1,Data missing or out of range,Not at junction or within 20 metres,19.13960969,Darkness - lights lit,271850,674410,72.84059679,,1,2,0,0,Wet or damp,Single carriageway,None,40,19:30:00,Rural,Fine no high winds,Yes,21 - 25,12,Rural,NA,1396,None,None,Other/Not known (2005-10),Not at or within 20 metres of junction,,114 SLI,Petrol,Male,Skidded,No tow/articulation,Did not leave carriageway,0,Going ahead right-hand bend,1,Car,No,Nearside,2021
201006XP26465,A(M),627,NA,0,Serious,None,15-01-2010,Friday,1,Data missing or out of range,Not at junction or within 20 metres,53.559079,Darkness - lights lit,390680,406950,-2.142175,E01005339,13,19,0,0,Frost or ice,Dual carriageway,None,40,07:45:00,Rural,Raining no high winds,No,21 - 25,12,Urban area,1,1598,None,None,Other/Not known (2005-10),Not at or within 20 metres of junction,VAUXHALL,ASTRA ENVOY 8V,Petrol,Male,Skidded,No tow/articulation,Did not leave carriageway,0,Going ahead left-hand bend,3,Car,No,Front,2010
201006XP34230,Motorway,60,NA,0,Serious,None,25-07-2010,Sunday,1,Data missing or out of range,Not at junction or within 20 metres,53.527683,Darkness - lights lit,389300,403460,-2.162887,E01005346,5,2,0,0,Wet or damp,Dual carriageway,Roadworks,40,01:25:00,Urban,Raining no high winds,No,21 - 25,12,Urban area,1,1242,Road works,None,Other/Not known (2005-10),Not at or within 20 metres of junction,FIAT,PUNTO SX 60,Petrol,Male,Skidded,No tow/articulation,Did not leave carriageway,0,Going ahead other,1,Car,No,Back,2010
200920J064501,A,459,A,461,Serious,None,19-03-2020,Saturday,1,Give way or uncontrolled,Roundabout,25.76739469,Daylight,393880,289140,87.47965312,E01009844,2,2,0,4,Dry,Roundabout,None,40,16:00:00,Urban,Fine no high winds,No,21 - 25,12,Urban area,5,1108,None,None,Other/Not known (2005-10),Mid Junction - on roundabout or on main road,,PUNTO 55 SX,Petrol,Male,None,No tow/articulation,Did not leave carriageway,0,Going ahead other,1,Car,No,Offside,2019
200801JI75137,A,12,NA,0,Serious,None,03-10-2021,Friday,1,Data missing or out of range,Not at junction or within 20 metres,28.44995026,Daylight,545030,188330,77.04298857,E01003641,2,2,0,4,Dry,Dual carriageway,None,40,10:47:00,Urban,Fine no high winds,No,21 - 25,12,Urban area,2,599,Kerb,Near/Offside crash barrier,Journey as part of work,Not at or within 20 metres of junction,,,Petrol,Male,Skidded,No tow/articulation,Offside on to centrl res + rebounded,0,Overtaking moving vehicle - offside,2,Motorcycle over 125cc and up to 500cc,No,Front,2019
200943W041079,A,4,NA,0,Serious,None,07-04-2021,Monday,1,Data missing or out of range,Not at junction or within 20 metres,18.54340476,Daylight,433380,168970,73.73898268,E01016298,3,2,0,0,Dry,Single carriageway,None,40,18:49:00,Rural,Fine no high winds,No,21 - 25,12,Data missing or out of range,NA,1998,None,None,Other/Not known (2005-10),Not at or within 20 metres of junction,,306 GTI 6,Petrol,Male,None,No tow/articulation,Did not leave carriageway,0,U-turn,1,Car,No,Offside,2021
201006Q030502,A,663,A,6104,Serious,None,23-04-2010,Friday,1,Auto traffic signal,Crossroads,53.522376,Daylight,389150,402870,-2.165129,E01005345,4,2,0,5,Dry,Dual carriageway,None,40,19:30:00,Urban,Fine no high winds,No,21 - 25,12,Urban area,1,1994,None,None,Other/Not known (2005-10),Mid Junction - on roundabout or on main road,ROVER,220 SDI,Heavy oil,Male,None,No tow/articulation,Did not leave carriageway,0,Turning right,1,Car,No,Nearside,2010
201042I206307,A,138,Unclassified,0,Serious,None,22-01-2021,Saturday,1,Auto traffic signal,T or staggered junction,14.68440908,Darkness - lights lit,570210,206970,78.55722683,E01021630,1,1,0,5,Dry,Dual carriageway,None,40,23:55:00,Urban,Fine no high winds,No,26 - 35,12,Urban area,10,1796,None,None,Other/Not known (2005-10),Approaching junction or waiting/parked at junction approach,,MONDEO VERONA,Petrol,Male,None,No tow/articulation,Did not leave carriageway,0,Going ahead other,1,Car,No,Front,2019
200842I357010,A,126,NA,0,Serious,None,25-02-2021,Saturday,1,Not at junction or within 20 metres,Not at junction or within 20 metres,26.75424632,Darkness - lights lit,558910,178100,94.18314231,E01016011,2,2,0,0,Dry,Single carriageway,None,40,05:40:00,Urban,Fine no high winds,No,26 - 35,12,Urban area,2,1590,None,None,Other/Not known (2005-10),Not at or within 20 metres of junction,,CIVIC 1.6I SR VTEC,Petrol,Male,None,No tow/articulation,Did not leave carriageway,0,Parked,2,Car,No,Back,2019
2009160B00210,A,18,NA,0,Serious,None,26-04-2021,Friday,1,Data missing or out of range,Not at junction or within 20 metres,28.56107726,Darkness - lights lit,488720,409960,77.14571031,E01013321,1,1,0,4,Dry,Single carriageway,None,40,20:55:00,Urban,Fine no high winds,No,26 - 35,12,Urban area,7,1970,None,None,Other/Not known (2005-10),Not at or within 20 metres of junction,,146 TI,Petrol,Male,None,No tow/articulation,Did not leave carriageway,0,Slowing or stopping,1,Car,No,Front,2020
200834WS18978,A,43,C,188,Serious,None,26-11-2019,Friday,1,Give way or uncontrolled,Roundabout,18.55994004,Darkness - lights lit,468330,248370,73.84791727,E01027303,1,2,0,0,Dry,Roundabout,None,40,21:55:00,Rural,Fine no high winds,No,26 - 35,12,Small town,10,599,None,None,Other/Not known (2005-10),Entering from slip road,,,Petrol,Male,None,No tow/articulation,Did not leave carriageway,0,Going ahead other,2,Motorcycle over 500cc,No,Nearside,2021
201001TB00007,Motorway,1,A,406,Serious,None,19-01-2010,Tuesday,1,Give way or uncontrolled,Slip road,51.572205,Darkness - lights lit,522920,187420,-0.227702,E01000221,1,1,0,0,Dry,Dual carriageway,None,40,23:34:00,Urban,Fine no high winds,No,26 - 35,12,Urban area,4,4398,None,Near/Offside crash barrier,Other/Not known (2005-10),Cleared junction or waiting/parked at junction exit,BMW,740I L AUTO,Petrol,Male,None,No tow/articulation,Nearside and rebounded,0,Going ahead other,1,Car,No,Front,2010
200905EE03087,A,5058,Unclassified,0,Serious,None,27-08-2021,Thursday,1,Give way or uncontrolled,T or staggered junction,19.16268512,Darkness - lights lit,338470,393480,72.84938482,E01006605,3,2,0,4,Dry,Dual carriageway,None,40,18:49:00,Urban,Fine no high winds,No,26 - 35,12,Data missing or out of range,NA,1195,None,None,Other/Not known (2005-10),Cleared junction or waiting/parked at junction exit,,CORSA MERIT 1.2,Petrol,Female,None,No tow/articulation,Did not leave carriageway,9,Parked,2,Car,No,Nearside,2021
20084100D0330,A,4146,Unclassified,27,Serious,None,17-06-2020,Sunday,1,Give way or uncontrolled,T or staggered junction,27.10266646,Darkness - no lighting,503200,211390,93.62935213,E01023431,2,1,0,0,Wet or damp,Single carriageway,None,40,00:16:00,Rural,Raining no high winds,No,26 - 35,12,Data missing or out of range,NA,1998,None,Road sign or traffic signal,Other/Not known (2005-10),Mid Junction - on roundabout or on main road,,,Petrol,Male,None,No tow/articulation,Nearside,0,Going ahead other,1,Car,No,Front,2019
200942I014701,A,130,NA,0,Serious,None,18-01-2021,Wednesday,1,Not at junction or within 20 metres,Not at junction or within 20 metres,15.25814672,Darkness - no lighting,572720,209550,74.11476491,E01021616,3,2,0,1,Wet or damp,Single carriageway,None,40,05:55:00,Urban,Raining no high winds,No,26 - 35,12,Urban area,10,1495,None,None,Commuting to/from work,Not at or within 20 metres of junction,,ACCENT GLS,Petrol,Male,None,No tow/articulation,Did not leave carriageway,0,Overtaking moving vehicle - offside,1,Car,No,Front,2019
2009160B01830,A,18,Unclassified,0,Serious,None,22-02-2020,Sunday,1,Give way or uncontrolled,T or staggered junction,22.08477196,Daylight,487990,410550,82.1975708,E01013316,1,2,0,0,Dry,Single carriageway,None,40,15:00:00,Rural,Fine no high winds,No,26 - 35,12,Urban area,3,1597,None,None,Other/Not known (2005-10),Approaching junction or waiting/parked at junction approach,,ESCORT ENCORE AUTO,Petrol,Male,None,No tow/articulation,Did not leave carriageway,0,Going ahead other,2,Car,No,Offside,2019
200842I357809,B,1029,NA,0,Serious,None,26-10-2019,Sunday,1,Not at junction or within 20 metres,Not at junction or within 20 metres,23.01896507,Daylight,608680,220010,72.66386846,E01022053,1,2,0,0,Dry,Dual carriageway,None,40,16:05:00,Rural,Fine no high winds,No,26 - 35,12,Urban area,6,2497,None,None,Commuting to/from work,Not at or within 20 metres of junction,,RANGEROVER 2.5 DT,Heavy oil,Male,None,Single trailer,Did not leave carriageway,0,Going ahead other,2,Car,No,Back,2019
200945GU38143,A,281,Unclassified,0,Serious,None,07-11-2019,Friday,1,Give way or uncontrolled,Other junction,28.45310096,Daylight,499790,148780,77.06462267,E01030456,1,3,0,0,Dry,Single carriageway,None,40,11:20:00,Urban,Fine no high winds,No,26 - 35,12,Urban area,10,748,None,None,Other/Not known (2005-10),Approaching junction or waiting/parked at junction approach,,,Petrol,Male,Skidded,No tow/articulation,Did not leave carriageway,0,Overtaking moving vehicle - offside,1,Motorcycle over 500cc,No,Front,2019
2009170M12489,A,1085,NA,0,Serious,None,30-07-2019,Monday,1,Data missing or out of range,Not at junction or within 20 metres,28.43563966,Daylight,450830,519290,77.03965338,E01012026,1,2,0,0,Dry,Single carriageway,None,40,08:48:00,Urban,Fine no high winds,No,26 - 35,12,Urban area,1,1796,None,None,Commuting to/from work,Not at or within 20 metres of junction,,PUMA 1.7 16V,Petrol,Male,None,No tow/articulation,Did not leave carriageway,0,Overtaking static vehicle - offside,1,Car,No,Front,2019
200843W108038,A,4130,NA,,Serious,None,14-08-2021,Monday,1,Give way or uncontrolled,Private drive or entrance,18.55557705,Daylight,478000,182800,73.94850526,E01016675,3,3,0,0,Dry,Single carriageway,None,40,14:00:00,Rural,Fine no high winds,No,26 - 35,12,Rural,9,1948,None,None,Other/Not known (2005-10),Approaching junction or waiting/parked at junction approach,,V40 CD 2.0I,Petrol,Male,None,No tow/articulation,Did not leave carriageway,0,Waiting to turn right,3,Car,No,Back,2021
200745SP02266,A,30,Unclassified,0,Serious,None,05-01-2020,Monday,1,Give way or uncontrolled,More than 4 arms (not roundabout),18.6037145,Daylight,506860,172900,73.95999246,E01030709,4,2,0,0,Dry,Dual carriageway,None,40,12:30:00,Urban,Fine no high winds,No,26 - 35,12,Data missing or out of range,NA,2188,None,None,Other/Not known (2005-10),Entering main road,,LAGUNA RN-D,Heavy oil,Male,None,No tow/articulation,Did not leave carriageway,0,Turning right,2,Car,No,Offside,2021
200920G007101,A,449,Unclassified,0,Serious,None,21-03-2020,Friday,1,Give way or uncontrolled,T or staggered junction,18.63781207,Daylight,390980,297820,73.73803847,E01010463,2,2,0,0,Dry,Dual carriageway,None,40,14:00:00,Urban,Fine no high winds,No,26 - 35,12,Urban area,3,2792,None,None,Other/Not known (2005-10),Mid Junction - on roundabout or on main road,,GOLF VR6,Petrol,Male,Skidded,No tow/articulation,Did not leave carriageway,0,Going ahead other,2,Car,No,Front,2021
200837B040634,A,11,NA,0,Serious,None,04-09-2019,Wednesday,1,Data missing or out of range,Not at junction or within 20 metres,26.72309038,Daylight,582530,280070,94.21298077,E01029928,2,5,0,0,Dry,Single carriageway,None,40,08:00:00,Rural,Fine no high winds,No,26 - 35,12,Urban area,7,1389,None,None,Commuting to/from work,Not at or within 20 metres of junction,,ASTRA MONTANA,Petrol,Male,None,No tow/articulation,Did not leave carriageway,0,Slowing or stopping,4,Car,No,Back,2019
200832B087508,C,407,C,338,Serious,None,12-06-2019,Monday,1,Give way or uncontrolled,Crossroads,15.24372076,Daylight,509300,323970,74.08003458,E01026341,1,2,0,0,Dry,Single carriageway,None,40,06:58:00,Rural,Fine no high winds,No,26 - 35,12,Urban area,10,1753,None,None,Commuting to/from work,Mid Junction - on roundabout or on main road,,FIESTA ENCORE DIESEL,Heavy oil,Female,None,No tow/articulation,Did not leave carriageway,0,Turning right,1,Car,No,Front,2019
200906F010451,A,57,NA,0,Serious,None,08-02-2020,Sunday,1,Not at junction or within 20 metres,Not at junction or within 20 metres,28.46398535,Darkness - lights lit,374050,396790,77.04711543,E01005640,1,1,0,0,Wet or damp,Dual carriageway,None,50,01:28:00,Urban,Fine no high winds,No,16 - 20,12,Urban area,8,1595,None,Lamp post,Other/Not known (2005-10),Not at or within 20 metres of junction,,A3 1.6 SPORT,Petrol,Male,Skidded,No tow/articulation,Offside on to central reservation,0,Going ahead other,1,Car,No,Front,2019
200930C000666,A,61,NA,0,Serious,None,21-08-2019,Friday,1,Data missing or out of range,Not at junction or within 20 metres,18.625129,Darkness - lights lit,438620,371350,73.87832936,E01019584,1,1,0,0,Wet or damp,Dual carriageway,None,50,22:27:00,Urban,Fine no high winds,No,16 - 20,12,Urban area,2,973,None,Road sign or traffic signal,Other/Not known (2005-10),Not at or within 20 metres of junction,,CORSA STING,Petrol,Male,None,No tow/articulation,Nearside,0,Going ahead left-hand bend,1,Car,No,Front,2021
201042I310009,A,176,NA,0,Serious,None,30-08-2019,Thursday,1,Not at junction or within 20 metres,Not at junction or within 20 metres,22.08662774,Daylight,570230,187390,82.13516718,E01021297,1,2,0,0,Dry,Single carriageway,None,50,08:45:00,Urban,Fine no high winds,No,16 - 20,12,Urban area,9,1124,None,None,Other/Not known (2005-10),Not at or within 20 metres of junction,,106 XN ZEST 2,Petrol,Male,None,No tow/articulation,Did not leave carriageway,0,U-turn,1,Car,No,Offside,2019
200942I235806,A,133,A,12,Serious,None,15-10-2020,Saturday,1,Give way or uncontrolled,Roundabout,26.45979849,Daylight,597110,225510,80.32352405,E01021676,1,1,0,0,Wet or damp,Roundabout,None,50,05:15:00,Rural,Fine no high winds,No,16 - 20,12,Urban area,3,1396,None,Lamp post,Journey as part of work,Leaving roundabout,,214 SI,Petrol,Male,Skidded,No tow/articulation,Nearside,0,Going ahead right-hand bend,1,Car,No,Offside,2020
200922E906471,A,4103,Unclassified,0,Serious,None,31-05-2019,Thursday,1,Give way or uncontrolled,T or staggered junction,18.57739627,Daylight,354330,242050,73.91234724,E01014022,2,2,0,0,Dry,Single carriageway,None,50,09:16:00,Rural,Fine no high winds,No,16 - 20,12,Rural,NA,998,None,None,Other/Not known (2005-10),Mid Junction - on roundabout or on main road,,MICRA SHAPE,Petrol,Male,None,No tow/articulation,Did not leave carriageway,0,Turning right,1,Car,No,Offside,2021
200914A215709,A,638,NA,0,Serious,None,16-07-2019,Friday,1,Not at junction or within 20 metres,Not at junction or within 20 metres,19.14117431,Daylight,462650,399830,72.85719682,E01007606,2,2,0,0,Wet or damp,Single carriageway,None,50,19:15:00,Urban,Fine no high winds,No,16 - 20,12,Urban area,3,1994,None,None,Journey as part of work,Not at or within 20 metres of junction,,220 D,Heavy oil,Female,None,No tow/articulation,Did not leave carriageway,0,Going ahead other,1,Car,No,Front,2021
20083102C2893,A,52,NA,0,Serious,None,19-01-2019,Tuesday,1,Data missing or out of range,Not at junction or within 20 metres,13.04366736,Darkness - lights lit,456160,336730,77.54015564,E01013928,1,2,0,0,Dry,Dual carriageway,None,50,22:15:00,Rural,Fine + high winds,No,21 - 25,12,Urban area,4,1753,None,None,Other/Not known (2005-10),Not at or within 20 metres of junction,,ESCORT L D,Heavy oil,Male,None,No tow/articulation,Did not leave carriageway,0,Slowing or stopping,2,Car,No,Back,2020
200842I338709,A,132,NA,0,Serious,None,10-01-2019,Wednesday,1,Not at junction or within 20 metres,Not at junction or within 20 metres,18.54145278,Darkness - lights lit,573020,188680,73.80561383,E01021326,1,1,0,0,Dry,Dual carriageway,None,50,18:50:00,Urban,Fine no high winds,No,21 - 25,12,Urban area,3,749,None,Central crash barrier,Other/Not known (2005-10),Not at or within 20 metres of junction,,,Petrol,Male,Skidded,No tow/articulation,Offside on to central reservation,0,Going ahead other,1,Motorcycle over 500cc,No,Front,2021
200930D000531,C,47,NA,0,Serious,None,30-05-2021,Monday,1,Data missing or out of range,Not at junction or within 20 metres,8.87964526,Daylight,421880,318410,76.69305811,E01019871,1,1,0,0,Wet or damp,Single carriageway,None,50,19:30:00,Rural,Fine no high winds,No,21 - 25,12,Urban area,6,1988,None,Other permanent object,Commuting to/from work,Not at or within 20 metres of junction,,MONDEO GLX AUTO,Petrol,Male,Skidded and overturned,No tow/articulation,Offside and rebounded,0,Going ahead left-hand bend,1,Car,No,Nearside,2020
200901TB00114,A,406,NA,0,Serious,None,10-08-2021,Tuesday,1,Data missing or out of range,Not at junction or within 20 metres,28.68016325,Daylight,526540,190700,77.35222729,E01000316,1,1,0,0,Dry,Dual carriageway,None,50,16:55:00,Urban,Fine no high winds,No,21 - 25,12,Data missing or out of range,NA,2498,None,None,Other/Not known (2005-10),Not at or within 20 metres of junction,,OMEGA 2.5 V6 CD AUTO,Petrol,Male,None,No tow/articulation,Did not leave carriageway,0,Going ahead other,1,Car,No,Front,2020
200942I151005,A,1013,Unclassified,0,Serious,None,28-08-2020,Saturday,1,Give way or uncontrolled,T or staggered junction,14.79086402,Daylight,563740,180380,78.6222498,E01015937,4,3,0,0,Dry,Single carriageway,None,50,18:10:00,Rural,Fine no high winds,No,21 - 25,12,Urban area,4,1994,None,None,Commuting to/from work,Approaching junction or waiting/parked at junction approach,,420 SI,Petrol,Male,None,No tow/articulation,Did not leave carriageway,0,Slowing or stopping,3,Car,No,Front,2019
2009559D04377,B,3157,NA,0,Serious,None,06-01-2019,Saturday,1,Not at junction or within 20 metres,Not at junction or within 20 metres,27.0882027,Daylight,352290,88280,93.62563873,E01020507,4,1,0,0,Wet or damp,Single carriageway,None,50,14:31:00,Rural,Fine no high winds,No,21 - 25,12,Urban area,6,1998,None,Other permanent object,Other/Not known (2005-10),Not at or within 20 metres of junction,,ALMERA 2.0 GTI,Petrol,Male,None,No tow/articulation,Offside and rebounded,0,Going ahead right-hand bend,1,Car,No,Front,2019
2009559D04319,B,3081,NA,0,Serious,None,28-08-2020,Tuesday,1,Not at junction or within 20 metres,Not at junction or within 20 metres,28.63438667,Daylight,384260,124180,77.100595,E01020451,2,4,0,0,Wet or damp,Single carriageway,None,50,14:16:00,Rural,Raining no high winds,No,21 - 25,12,Small town,9,1762,None,None,Other/Not known (2005-10),Not at or within 20 metres of junction,,CELICA ST,Petrol,Male,Skidded,No tow/articulation,Did not leave carriageway,0,Going ahead right-hand bend,1,Car,No,Front,2021
201042I423412,B,148,NA,0,Serious,None,28-09-2020,Sunday,1,Not at junction or within 20 metres,Not at junction or within 20 metres,27.10419163,Darkness - lights lit,565930,189320,93.61894084,E01021277,5,2,0,0,Frost or ice,Single carriageway,None,50,21:45:00,Rural,Other,No,26 - 35,12,Urban area,4,1389,None,None,Other/Not known (2005-10),Not at or within 20 metres of junction,,CORSA BREEZE HI-TORQ,Petrol,Male,Skidded,No tow/articulation,Nearside,0,Going ahead right-hand bend,1,Car,No,Front,2019
2008558B01142,A,338,NA,0,Serious,None,03-10-2019,Friday,1,Not at junction or within 20 metres,Not at junction or within 20 metres,22.05840524,Darkness - lights lit,406780,91700,82.14811199,E01015371,1,1,0,0,Wet or damp,Dual carriageway,None,50,21:51:00,Urban,Raining no high winds,No,26 - 35,12,Urban area,8,1998,None,Near/Offside crash barrier,Other/Not known (2005-10),Not at or within 20 metres of junction,,,Petrol,Male,None,No tow/articulation,Nearside and rebounded,0,Going ahead right-hand bend,1,Car,No,Front,2019
200934WS07969,A,5,Unclassified,0,Serious,None,17-09-2020,Saturday,1,Give way or uncontrolled,T or staggered junction,22.09734032,Darkness - lights unlit,474940,243740,82.13968275,E01027307,2,1,0,0,Dry,Single carriageway,None,50,01:45:00,Rural,Fine no high winds,No,26 - 35,12,Urban area,9,1998,Kerb,None,Other/Not known (2005-10),Mid Junction - on roundabout or on main road,,306 XSI,Petrol,Male,Overturned,No tow/articulation,Offside,0,Going ahead other,1,Car,No,Front,2019
200843N088098,A,404,NA,0,Serious,None,24-05-2020,Friday,1,Data missing or out of range,Not at junction or within 20 metres,25.7656131,Darkness - no lighting,494810,196390,87.46647563,E01017745,1,1,0,0,Wet or damp,Single carriageway,None,50,23:40:00,Rural,Fine no high winds,No,26 - 35,12,Urban area,NA,1970,Kerb,Tree,Other/Not known (2005-10),Not at or within 20 metres of junction,,155 2.0 16V TWINSPARK,Petrol,Male,None,No tow/articulation,Offside,0,Going ahead other,1,Car,No,Nearside,2019
201042I245508,A,176,Unclassified,0,Serious,None,25-09-2020,Saturday,1,Give way or uncontrolled,Roundabout,15.21550185,Daylight,569250,190030,73.96440435,E01021268,1,2,0,0,Dry,Roundabout,None,50,14:45:00,Urban,Fine no high winds,No,26 - 35,12,Urban area,3,2671,None,None,Other/Not known (2005-10),Leaving roundabout,,S4 QUATTRO,Petrol,Male,None,No tow/articulation,Did not leave carriageway,0,Going ahead other,2,Car,No,Offside,2019
200932D089509,A,57,C,108,Serious,None,06-12-2019,Wednesday,1,Give way or uncontrolled,T or staggered junction,22.75249111,Daylight,489740,375090,75.87645436,E01026398,3,2,0,0,Dry,Single carriageway,None,50,14:00:00,Rural,Fine no high winds,No,26 - 35,12,Data missing or out of range,NA,1834,None,None,Other/Not known (2005-10),Approaching junction or waiting/parked at junction approach,,CARISMA GLXI,Petrol,Male,None,No tow/articulation,Did not leave carriageway,0,Turning right,1,Car,No,Front,2020
200842I240707,Motorway,11,NA,0,Serious,None,28-11-2019,Wednesday,1,Not at junction or within 20 metres,Not at junction or within 20 metres,28.69899141,Daylight,551440,221380,77.30790406,E01022059,1,2,0,0,Dry,Dual carriageway,Roadworks,50,04:30:00,Rural,Fine no high winds,No,26 - 35,12,Urban area,2,2460,None,None,Other/Not known (2005-10),Not at or within 20 metres of junction,,A6 2.5 TDI SE,Heavy oil,Male,None,No tow/articulation,Did not leave carriageway,0,Going ahead other,1,Car,No,Nearside,2020
201042I148405,A,1306,Unclassified,0,Serious,None,01-04-2019,Saturday,1,Give way or uncontrolled,T or staggered junction,19.1627885,Daylight,559090,179480,72.90535406,E01015982,1,2,0,0,Dry,Single carriageway,None,50,09:10:00,Urban,Fine no high winds,No,26 - 35,12,Urban area,5,2494,None,Entered ditch,Other/Not known (2005-10),Mid Junction - on roundabout or on main road,,323I SE,Petrol,Male,None,No tow/articulation,Offside,0,Turning right,1,Car,No,Offside,2021
20104100C0415,A,41,NA,0,Serious,None,08-02-2021,Monday,1,Not at junction or within 20 metres,Not at junction or within 20 metres,14.70726709,Daylight,508280,200100,78.62299415,E01023831,1,2,0,0,Wet or damp,Single carriageway,Roadworks,50,12:20:00,Rural,Fine no high winds,No,26 - 35,12,Urban area,3,599,None,None,Other/Not known (2005-10),Not at or within 20 metres of junction,,GSF 600 SW,Petrol,Male,None,No tow/articulation,Did not leave carriageway,0,Overtaking moving vehicle - offside,2,Motorcycle over 500cc,No,Front,2019
201001SX20543,A,41,NA,0,Serious,None,15-05-2010,Saturday,1,Data missing or out of range,Not at junction or within 20 metres,51.591108,Daylight,522370,189510,-0.234906,E01000239,3,7,0,0,Dry,Dual carriageway,None,50,12:45:00,Urban,Fine no high winds,No,26 - 35,12,Urban area,8,996,None,None,Other/Not known (2005-10),Not at or within 20 metres of junction,SUZUKI,TL 1000 RW,Petrol,Male,None,No tow/articulation,Did not leave carriageway,0,Waiting to go - held up,6,Motorcycle over 500cc,No,Back,2010
200906F013357,A,57,NA,0,Serious,None,02-05-2019,Sunday,1,Not at junction or within 20 metres,Not at junction or within 20 metres,19.08583952,Darkness - lights lit,372640,393750,72.89758916,E01005620,2,3,0,0,Dry,Dual carriageway,None,50,21:27:00,Rural,Fine no high winds,No,36 - 45,12,Urban area,2,1389,None,None,Other/Not known (2005-10),Not at or within 20 metres of junction,,CORSA BREEZE HI-TORQ,Petrol,Female,None,No tow/articulation,Did not leave carriageway,0,Going ahead other,2,Car,No,Did not impact,2021
20094100K0690,A,10,B,198,Serious,Any animal in carriageway (except ridden horse),14-12-2019,Friday,1,Give way or uncontrolled,Roundabout,28.69765369,Darkness - lights lit,535170,201010,77.36934607,E01023293,6,3,0,0,Frost or ice,Roundabout,None,50,19:23:00,Rural,Other,No,36 - 45,12,Urban area,4,2793,None,Lamp post,Other/Not known (2005-10),Entering roundabout,,528I SE AUTO,Petrol,Male,Skidded,No tow/articulation,Nearside,0,Going ahead other,1,Car,No,Front,2020
201001TB00026,A,4,Unclassified,0,Serious,None,21-02-2010,Sunday,1,Give way or uncontrolled,Private drive or entrance,51.483118,Daylight,505190,177110,-0.486514,E01002444,1,2,0,0,Wet or damp,Dual carriageway,None,50,15:26:00,Rural,Fine no high winds,No,36 - 45,12,Urban area,3,2962,None,None,Other/Not known (2005-10),Mid Junction - on roundabout or on main road,VAUXHALL,SINTRA CDX V6 AUTO,Petrol,Male,None,No tow/articulation,Did not leave carriageway,0,Turning left,1,Car,No,Back,2010
2009559D03907,B,3157,Unclassified,0,Serious,None,01-04-2020,Friday,1,Give way or uncontrolled,T or staggered junction,22.73352204,Daylight,365150,79300,75.90770535,E01020515,1,3,0,8,Dry,Single carriageway,None,50,08:36:00,Urban,Fine no high winds,No,36 - 45,12,Urban area,8,1396,None,None,Commuting to/from work,Approaching junction or waiting/parked at junction approach,,214,Petrol,Female,None,No tow/articulation,Did not leave carriageway,0,Going ahead other,3,Car,No,Offside,2020