Accident_Index,1st_Road_Class,1st_Road_Number,2nd_Road_Class,2nd_Road_Number,Accident_Severity,Carriageway_Hazards,Date,Day_of_Week,Did_Police_Officer_Attend_Scene_of_Accident,Junction_Control,Junction_Detail,Latitude,Light_Conditions,Location_Easting_OSGR,Location_Northing_OSGR,Longitude,LSOA_of_Accident_Location,Number_of_Casualties,Number_of_Vehicles,Pedestrian_Crossing-Human_Control,Pedestrian_Crossing-Physical_Facilities,Road_Surface_Conditions,Road_Type,Special_Conditions_at_Site,Speed_limit,Time,Urban_or_Rural_Area,Weather_Conditions,InScotland,Age_Band_of_Driver,Age_of_Vehicle,Driver_Home_Area_Type,Driver_IMD_Decile,Engine_Capacity_.CC.,Hit_Object_in_Carriageway,Hit_Object_off_Carriageway,Journey_Purpose_of_Driver,Junction_Location,make,model,Propulsion_Code,Sex_of_Driver,Skidding_and_Overturning,Towing_and_Articulation,Vehicle_Leaving_Carriageway,Vehicle_Location.Restricted_Lane,Vehicle_Manoeuvre,Vehicle_Reference,Vehicle_Type,Was_Vehicle_Left_Hand_Drive,X1st_Point_of_Impact,Year
200943P167119,B,4026,NA,0,Serious,None,23-12-2019,Thursday,1,Data missing or out of range,Not at junction or within 20 metres,18.60908226,Darkness - no lighting,435100,222560,73.88496516,E01028776,4,2,0,0,Wet or damp,Single carriageway,None,60,22:07:00,Rural,Raining no high winds,No,46 - 55,12,Small town,10,1896,None,None,Other/Not known (2005-10),Not at or within 20 metres of junction,,SHARAN CARAT,Heavy oil,Male,None,No tow/articulation,Did not leave carriageway,0,Going ahead left-hand bend,1,Car,No,Front,2021
201043R195030,A,4130,Unclassified,0,Serious,None,24-09-2020,Tuesday,1,Give way or uncontrolled,T or staggered junction,25.78818891,Darkness - no lighting,484480,181850,87.49046505,E01016531,2,2,0,0,Wet or damp,Slip road,None,60,18:10:00,Rural,Raining no high winds,No,46 - 55,12,Urban area,5,847,None,None,Other/Not known (2005-10),Mid Junction - on roundabout or on main road,,CUORE,Petrol,Female,Skidded,No tow/articulation,Did not leave carriageway,0,Going ahead other,2,Car,No,Front,2019
200804AN08087,Unclassified,0,Unclassified,0,Serious,None,29-09-2020,Tuesday,1,Give way or uncontrolled,T or staggered junction,27.10541992,Daylight,331870,440170,93.62546062,E01012703,1,2,0,0,Wet or damp,Single carriageway,None,30,18:10:00,Urban,Fine no high winds,No,46 - 55,12,Urban area,4,1994,None,None,Other/Not known (2005-10),Leaving main road,,220 SD,Heavy oil,Male,None,No tow/articulation,Did not leave carriageway,0,Turning right,2,Car,No,Front,2019
200850F21B240,Unclassified,0,NA,0,Serious,None,16-06-2019,Sunday,1,Not at junction or within 20 metres,Not at junction or within 20 metres,27.09347906,Daylight,287400,62040,93.6105696,E01015191,1,1,0,0,Dry,Single carriageway,None,30,17:40:00,Urban,Fine no high winds,No,46 - 55,12,Data missing or out of range,NA,899,None,None,Data missing or out of range,Not at or within 20 metres of junction,,,Petrol,Male,Skidded,No tow/articulation,Did not leave carriageway,0,Going ahead other,1,Motorcycle over 500cc,No,Nearside,2019
200814K103608,Unclassified,0,NA,0,Serious,None,11-02-2021,Friday,1,Not at junction or within 20 metres,Not at junction or within 20 metres,26.75059686,Daylight,444410,382650,94.17103372,E01008036,1,2,0,0,Dry,Single carriageway,None,30,17:40:00,Urban,Fine no high winds,No,46 - 55,12,Urban area,8,2316,None,None,Other/Not known (2005-10),Not at or within 20 metres of junction,,940 SE (HPT),Petrol,Male,None,No tow/articulation,Did not leave carriageway,0,Slowing or stopping,1,Car,No,Front,2019
200743P160047,Motorway,40,NA,0,Serious,None,25-11-2020,Sunday,1,Data missing or out of range,Not at junction or within 20 metres,26.76309333,Daylight,470510,199700,94.22661835,E01028679,6,2,0,0,Dry,Dual carriageway,None,70,13:03:00,Rural,Fine no high winds,No,46 - 55,12,Urban area,9,2438,None,Central crash barrier,Other/Not known (2005-10),Not at or within 20 metres of junction,,PREVIA SOLAIR AIR CON,Petrol,Male,Skidded and overturned,No tow/articulation,Offside on to central reservation,0,Going ahead other,1,Car,No,Offside,2019
200942I177805,Unclassified,0,NA,0,Serious,None,28-11-2019,Sunday,1,Not at junction or within 20 metres,Not at junction or within 20 metres,26.74766423,Daylight,609390,214930,94.18008318,E01022046,1,2,0,0,Dry,Single carriageway,None,30,18:15:00,Rural,Fine no high winds,No,46 - 55,12,Data missing or out of range,NA,1698,Parked vehicle,Other permanent object,Other/Not known (2005-10),Not at or within 20 metres of junction,,PUNTO S 60 TD,Heavy oil,Male,Skidded,No tow/articulation,Offside,0,Going ahead other,1,Car,No,Front,2019
200830A000220,Unclassified,0,NA,0,Serious,None,19-03-2020,Monday,1,Data missing or out of range,Not at junction or within 20 metres,26.75539504,Daylight,444120,356970,94.17757701,E01019516,1,2,0,0,Dry,Single carriageway,None,30,19:00:00,Urban,Fine no high winds,No,46 - 55,12,Urban area,4,599,Parked vehicle,None,Other/Not known (2005-10),Not at or within 20 metres of junction,,,Petrol,Male,None,No tow/articulation,Did not leave carriageway,0,Going ahead other,1,Motorcycle over 500cc,No,Front,2019
200950GE40001,C,80,NA,0,Serious,None,27-05-2020,Tuesday,1,Not at junction or within 20 metres,Not at junction or within 20 metres,25.77509773,Daylight,187470,45840,87.45415919,E01018846,1,2,0,0,Dry,Single carriageway,None,30,16:40:00,Rural,Fine no high winds,No,46 - 55,12,Rural,4,1905,None,None,Other/Not known (2005-10),Not at or within 20 metres of junction,,ZX 1.9D SX,Heavy oil,Male,None,No tow/articulation,Did not leave carriageway,0,Going ahead left-hand bend,2,Car,No,Front,2019
200806M098708,B,5165,NA,0,Serious,None,05-04-2019,Saturday,1,Not at junction or within 20 metres,Not at junction or within 20 metres,25.78560785,Daylight,378930,389040,87.49340642,E01006192,2,2,0,0,Dry,Single carriageway,None,30,09:40:00,Urban,Fine no high winds,No,46 - 55,12,Urban area,6,1905,None,None,Other/Not known (2005-10),Not at or within 20 metres of junction,,ULYSSE 1.9 TD S,Heavy oil,Male,None,No tow/articulation,Did not leave carriageway,0,Parked,2,Car,No,Front,2019
200742I136204,B,1352,NA,0,Serious,None,26-05-2020,Monday,1,Not at junction or within 20 metres,Not at junction or within 20 metres,25.76860702,Daylight,623940,231110,87.46351959,E01022006,1,1,0,4,Dry,Single carriageway,None,30,19:35:00,Urban,Fine no high winds,No,46 - 55,12,Urban area,1,1686,None,None,Other/Not known (2005-10),Not at or within 20 metres of junction,,ASTRA LS TD,Heavy oil,Male,None,No tow/articulation,Did not leave carriageway,0,Going ahead other,1,Car,No,Offside,2019
200905AA32995,Unclassified,0,Unclassified,0,Serious,None,06-11-2019,Sunday,1,Give way or uncontrolled,Private drive or entrance,25.77495336,Daylight,330090,381770,87.46834171,E01007144,1,3,0,0,Flood over 3cm. deep,Single carriageway,None,60,12:15:00,Rural,Fine no high winds,No,46 - 55,12,Urban area,5,849,None,None,Other/Not known (2005-10),Mid Junction - on roundabout or on main road,,TRX 850,Petrol,Male,Skidded,No tow/articulation,Did not leave carriageway,0,Going ahead other,2,Motorcycle 125cc and under,No,Did not impact,2019
2009160D04540,Unclassified,0,Unclassified,0,Serious,None,11-01-2021,Tuesday,1,Give way or uncontrolled,T or staggered junction,15.24249098,Daylight,509290,429090,73.9742416,E01012853,2,1,0,0,Dry,One way street,None,30,09:38:00,Urban,Fine no high winds,No,46 - 55,12,Urban area,1,NA,None,None,Journey as part of work,Leaving main road,,,Heavy oil,Male,None,No tow/articulation,Did not leave carriageway,0,Turning left,1,Bus or coach (17 or more pass seats),No,Front,2019
200914A165409,Motorway,18,A,614,Serious,None,18-07-2021,Thursday,1,Give way or uncontrolled,Roundabout,15.29553852,Daylight,467630,414030,74.09061257,E01007640,1,2,0,0,Dry,Slip road,None,70,15:26:00,Rural,Fine no high winds,No,46 - 55,12,Small town,8,11000,None,None,Journey as part of work,Approaching junction or waiting/parked at junction approach,,,Heavy oil,Male,None,Other tow,Did not leave carriageway,0,Slowing or stopping,1,Goods 7.5 tonnes mgw and over,No,Did not impact,2019
200943P271099,B,471,Unclassified,0,Serious,None,12-12-2021,Friday,1,Give way or uncontrolled,Private drive or entrance,15.27580731,Daylight,463710,178720,74.09874828,E01028643,1,1,0,0,Dry,Single carriageway,None,40,16:35:00,Rural,Fine no high winds,No,46 - 55,12,Rural,9,1998,None,Other permanent object,Other/Not known (2005-10),Approaching junction or waiting/parked at junction approach,,VECTRA SUPERTOURING 16V,Petrol,Male,Skidded and overturned,No tow/articulation,Offside,0,Going ahead right-hand bend,1,Car,No,Front,2019
200820G036901,A,41,Unclassified,0,Serious,None,09-02-2021,Saturday,1,Give way or uncontrolled,Crossroads,22.98243044,Daylight,389010,300100,72.62430759,E01010540,3,2,0,4,Dry,Single carriageway,None,30,18:48:00,Urban,Fine no high winds,No,46 - 55,12,Urban area,7,1994,None,Other permanent object,Other/Not known (2005-10),Leaving main road,,420 D TURBO,Heavy oil,Male,None,No tow/articulation,Offside,0,Turning right,2,Car,No,Front,2019
200906J009488,C,0,Unclassified,0,Serious,None,24-04-2019,Friday,1,Give way or uncontrolled,T or staggered junction,23.01948735,Daylight,384450,385940,72.5394066,E01005845,1,1,0,0,Wet or damp,Single carriageway,None,30,13:50:00,Urban,Fine no high winds,No,46 - 55,12,Urban area,4,2496,None,None,Journey as part of work,Approaching junction or waiting/parked at junction approach,,TRANSIT 190 LWB,Heavy oil,Male,None,No tow/articulation,Did not leave carriageway,0,Reversing,1,Van / Goods 3.5 tonnes mgw or under,No,Back,2019
200745GU02410,A,323,Unclassified,0,Serious,None,29-05-2020,Friday,1,Give way or uncontrolled,Private drive or entrance,28.45439259,Daylight,495300,152640,77.08782951,E01030502,1,3,0,0,Dry,Single carriageway,None,50,08:59:00,Rural,Fine no high winds,No,46 - 55,12,Urban area,5,7643,None,None,Journey as part of work,Approaching junction or waiting/parked at junction approach,,,Heavy oil,Male,None,No tow/articulation,Did not leave carriageway,0,Reversing,1,Other vehicle,No,Did not impact,2019
200801MM70947,A,215,NA,0,Serious,None,03-03-2019,Tuesday,1,Data missing or out of range,Not at junction or within 20 metres,28.43901474,Daylight,532430,177820,76.97700422,E01003969,1,2,0,0,Dry,Single carriageway,None,30,09:15:00,Urban,Fine no high winds,No,46 - 55,12,Urban area,1,2200,None,None,Other/Not known (2005-10),Not at or within 20 metres of junction,,,Heavy oil,Male,None,No tow/articulation,Did not leave carriageway,0,Changing lane to right,1,Car,No,Offside,2019
20093102B1691,A,60,NA,0,Serious,None,15-04-2020,Tuesday,1,Data missing or out of range,Not at junction or within 20 metres,12.99763483,Daylight,454680,374050,77.61902674,E01028041,2,2,0,0,Dry,Single carriageway,None,60,08:05:00,Rural,Fine no high winds,No,46 - 55,12,Urban area,5,9600,None,Tree,Journey as part of work,Not at or within 20 metres of junction,,,Heavy oil,Male,Skidded,No tow/articulation,Offside,0,Going ahead other,2,Bus or coach (17 or more pass seats),No,Front,2020
200804AX08147,A,583,Unclassified,0,Serious,None,05-02-2020,Wednesday,1,Give way or uncontrolled,T or staggered junction,12.97242834,Daylight,330870,436240,77.64878474,E01012737,1,1,0,0,Dry,Single carriageway,None,30,09:00:00,Urban,Fine no high winds,No,46 - 55,12,Small town,7,NA,None,None,Journey as part of work,Mid Junction - on roundabout or on main road,,,Heavy oil,Male,None,No tow/articulation,Did not leave carriageway,0,Going ahead right-hand bend,1,Bus or coach (17 or more pass seats),No,Did not impact,2020
200942I339710,A,120,Unclassified,0,Serious,None,07-02-2021,Wednesday,1,Give way or uncontrolled,T or staggered junction,8.88921864,Daylight,620080,229900,76.69105831,E01022028,1,4,0,0,Dry,Single carriageway,None,60,17:28:00,Rural,Fine no high winds,No,46 - 55,12,Small town,1,2496,None,None,Journey as part of work,Approaching junction or waiting/parked at junction approach,,TRANSIT 190 LWB,Heavy oil,Male,Skidded,No tow/articulation,Did not leave carriageway,0,Turning right,1,Van / Goods 3.5 tonnes mgw or under,No,Front,2020
200997KA01506,A,761,NA,0,Serious,None,06-03-2020,Tuesday,1,Data missing or out of range,Not at junction or within 20 metres,8.89574998,Daylight,247360,663680,76.69117063,,1,1,1,5,Dry,Dual carriageway,None,30,08:50:00,Urban,Fine no high winds,Yes,46 - 55,12,Urban area,NA,5900,None,None,Journey as part of work,Not at or within 20 metres of junction,,,Heavy oil,Male,None,No tow/articulation,Did not leave carriageway,0,Going ahead other,1,Bus or coach (17 or more pass seats),No,Offside,2020
200843R099058,A,4,A,355,Serious,None,23-12-2019,Sunday,1,Auto traffic signal,Other junction,8.88335654,Daylight,496410,180170,76.61623857,E01016465,1,1,0,5,Dry,Slip road,None,40,14:51:00,Urban,Fine no high winds,No,46 - 55,12,Urban area,7,1994,None,None,Other/Not known (2005-10),Approaching junction or waiting/parked at junction approach,,420 I,Petrol,Male,None,No tow/articulation,Did not leave carriageway,0,Going ahead left-hand bend,1,Car,No,Front,2020
200914A087609,Unclassified,0,NA,0,Serious,None,09-11-2020,Saturday,1,Not at junction or within 20 metres,Not at junction or within 20 metres,23.01470444,Daylight,456860,404250,72.62996237,E01007517,1,4,0,0,Wet or damp,Single carriageway,None,20,19:35:00,Urban,Fine no high winds,No,21 - 25,11,Urban area,2,2494,None,None,Other/Not known (2005-10),Not at or within 20 metres of junction,,323I,Petrol,Male,None,Other tow,Did not leave carriageway,0,Going ahead other,1,Car,No,Did not impact,2019
2010160D04151,Unclassified,0,Unclassified,0,Serious,Other object on road,16-08-2010,Monday,1,Give way or uncontrolled,T or staggered junction,53.756867,Daylight,514790,430350,-0.260353,E01012846,1,1,0,0,Dry,Single carriageway,None,20,19:22:00,Urban,Fine no high winds,No,21 - 25,11,Urban area,1,49,Other object,None,Other/Not known (2005-10),Mid Junction - on roundabout or on main road,SUZUKI,AP 50,Petrol,Male,None,No tow/articulation,Did not leave carriageway,0,Going ahead other,1,Motorcycle 50cc and under,No,Front,2010
200942I044202,Unclassified,0,NA,0,Serious,None,22-01-2019,Friday,1,Not at junction or within 20 metres,Not at junction or within 20 metres,14.71326588,Daylight,588280,185930,78.46712798,E01015895,3,1,0,0,Dry,Single carriageway,None,20,16:14:00,Urban,Fine no high winds,No,26 - 35,11,Urban area,7,59,None,None,Journey as part of work,Not at or within 20 metres of junction,,,Heavy oil,Male,None,No tow/articulation,Did not leave carriageway,0,Going ahead other,1,Bus or coach (17 or more pass seats),No,Front,2019
200805DD26519,Unclassified,0,NA,0,Serious,None,20-08-2021,Tuesday,1,Data missing or out of range,Not at junction or within 20 metres,28.6589165,Daylight,354440,395120,77.16680129,E01006820,2,2,0,0,Dry,Single carriageway,None,20,12:50:00,Urban,Fine no high winds,No,26 - 35,11,Urban area,1,599,None,None,Other/Not known (2005-10),Not at or within 20 metres of junction,,GSF 600 V,Petrol,Male,Skidded,No tow/articulation,Did not leave carriageway,0,Going ahead other,2,Motorcycle over 500cc,No,Front,2021
200920F070401,B,4100,NA,0,Serious,None,26-08-2021,Wednesday,1,Data missing or out of range,Not at junction or within 20 metres,8.872915495,Daylight,407330,286760,76.67100033,E01009150,1,1,0,4,Dry,One way street,None,20,12:40:00,Urban,Fine no high winds,No,36 - 45,11,Urban area,1,11967,None,None,Journey as part of work,Not at or within 20 metres of junction,,,Heavy oil,Male,None,No tow/articulation,Did not leave carriageway,0,Moving off,1,Bus or coach (17 or more pass seats),No,Did not impact,2020
200906P015408,Unclassified,0,NA,0,Serious,None,14-02-2020,Saturday,1,Not at junction or within 20 metres,Not at junction or within 20 metres,19.09955254,Daylight,390640,414080,72.89983083,E01005582,1,5,0,0,Wet or damp,One way street,None,20,05:00:00,Urban,Other,No,36 - 45,11,Data missing or out of range,NA,1975,None,None,Other/Not known (2005-10),Not at or within 20 metres of junction,,AVENSIS GS TD,Heavy oil,Male,None,No tow/articulation,Did not leave carriageway,0,Parked,5,Car,No,Back,2021
200822CA87489,Unclassified,0,NA,0,Serious,None,08-10-2019,Sunday,1,Data missing or out of range,Not at junction or within 20 metres,19.1308139,Darkness - lights lit,377720,247020,72.91979331,E01032197,3,1,0,0,Dry,Single carriageway,None,30,01:45:00,Urban,Fine + high winds,No,16 - 20,11,Urban area,8,1149,None,Tree,Other/Not known (2005-10),Not at or within 20 metres of junction,,CLIO RL PANACHE 1.2,Petrol,Male,Skidded and overturned,No tow/articulation,Nearside and rebounded,0,Going ahead right-hand bend,1,Car,No,Nearside,2021
201006L038809,C,0,Unclassified,0,Serious,None,11-11-2010,Thursday,1,Give way or uncontrolled,T or staggered junction,53.545187,Darkness - lights lit,356120,405600,-2.663694,E01006350,1,2,0,0,Wet or damp,Dual carriageway,None,30,19:40:00,Urban,Fine + high winds,No,16 - 20,11,Urban area,2,973,None,None,Other/Not known (2005-10),Approaching junction or waiting/parked at junction approach,VAUXHALL,CORSA CLUB 12V,Petrol,Male,Skidded and overturned,No tow/articulation,Did not leave carriageway,0,Going ahead other,1,Car,No,Front,2010
200901SX20122,A,502,NA,0,Serious,None,16-04-2021,Thursday,1,Data missing or out of range,Not at junction or within 20 metres,27.09013225,Darkness - lights lit,523310,189260,93.62549262,E01000245,2,2,0,0,Dry,Single carriageway,None,30,18:25:00,Urban,Fine no high winds,No,16 - 20,11,Urban area,5,998,None,None,Other/Not known (2005-10),Not at or within 20 metres of junction,,MICRA PASSION,Petrol,Male,None,No tow/articulation,Did not leave carriageway,0,U-turn,2,Car,No,Offside,2019
200911NE14449,B,1279,NA,0,Serious,None,04-07-2019,Thursday,1,Not at junction or within 20 metres,Not at junction or within 20 metres,27.09199979,Darkness - lights lit,437090,539590,93.63317864,E01020789,1,1,0,0,Dry,Single carriageway,None,30,23:45:00,Rural,Fine no high winds,No,16 - 20,11,Rural,2,1389,None,None,Other/Not known (2005-10),Not at or within 20 metres of junction,,CORSA BREEZE HI-TORQ,Petrol,Male,None,No tow/articulation,Did not leave carriageway,0,Going ahead other,1,Car,No,Front,2019
200943N156029,Unclassified,14,Unclassified,437,Serious,None,04-05-2021,Tuesday,1,Give way or uncontrolled,T or staggered junction,26.75396366,Darkness - lights lit,499670,190050,94.17752899,E01017751,4,2,0,0,Dry,Single carriageway,None,30,19:39:00,Urban,Fine no high winds,No,16 - 20,11,Small town,10,1195,None,None,Other/Not known (2005-10),Cleared junction or waiting/parked at junction exit,,CORSA MERIT 1.2,Petrol,Male,None,No tow/articulation,Did not leave carriageway,0,Going ahead right-hand bend,2,Car,No,Front,2019
200734NE60017,B,5348,Unclassified,3861,Serious,None,06-04-2020,Wednesday,1,Give way or uncontrolled,T or staggered junction,22.08384161,Darkness - lights lit,494940,270840,82.19444152,E01027038,1,2,0,0,Wet or damp,Single carriageway,None,30,16:25:00,Rural,Fine no high winds,No,16 - 20,11,Data missing or out of range,NA,599,None,None,Journey as part of work,Mid Junction - on roundabout or on main road,,,Petrol,Male,None,No tow/articulation,Did not leave carriageway,0,Going ahead other,2,Motorcycle over 500cc,No,Front,2019
200806L098986,C,0,NA,0,Serious,None,24-04-2019,Tuesday,1,Not at junction or within 20 metres,Not at junction or within 20 metres,23.0694809,Darkness - lights lit,354300,411270,72.60442361,E01006316,1,1,0,0,Dry,Single carriageway,None,30,22:55:00,Rural,Fine no high winds,No,16 - 20,11,Urban area,9,600,None,Other permanent object,Other/Not known (2005-10),Not at or within 20 metres of junction,,GSXR 600 V,Petrol,Male,Skidded,No tow/articulation,Nearside,0,Going ahead other,1,Motorcycle over 500cc,No,Nearside,2019
200934NW42859,B,573,B,571,Serious,None,16-11-2020,Tuesday,1,Give way or uncontrolled,Crossroads,13.02765771,Darkness - lights lit,490350,267470,77.62718218,E01027315,1,2,0,0,Dry,Single carriageway,None,30,19:00:00,Urban,Fine no high winds,No,16 - 20,11,Data missing or out of range,NA,1896,None,None,Other/Not known (2005-10),Mid Junction - on roundabout or on main road,,POLO CL DIESEL,Heavy oil,Male,None,No tow/articulation,Did not leave carriageway,0,Going ahead other,1,Car,No,Front,2020
2009400D01930,A,6001,NA,0,Serious,None,29-05-2019,Friday,1,Data missing or out of range,Not at junction or within 20 metres,22.72079767,Darkness - lights lit,516680,235840,75.82379193,E01017443,2,1,0,0,Dry,Single carriageway,None,30,02:00:00,Urban,Fine no high winds,No,16 - 20,11,Small town,9,973,None,Lamp post,Other/Not known (2005-10),Not at or within 20 metres of junction,,CORSA LS 12V,Petrol,Male,None,No tow/articulation,Nearside and rebounded,0,Going ahead other,1,Car,No,Front,2020
200801ZT80350,A,24,Unclassified,0,Serious,None,20-06-2020,Saturday,1,Give way or uncontrolled,Crossroads,22.76081552,Darkness - lights lit,524090,166040,75.87116461,E01004131,2,2,0,1,Dry,Single carriageway,None,30,00:25:00,Urban,Fine no high winds,No,16 - 20,11,Urban area,10,1994,None,None,Other/Not known (2005-10),Approaching junction or waiting/parked at junction approach,,220 SDI,Heavy oil,Male,None,No tow/articulation,Did not leave carriageway,0,Slowing or stopping,1,Car,No,Back,2020
200945SU45338,Unclassified,3516,Unclassified,0,Serious,None,04-09-2020,Tuesday,1,Give way or uncontrolled,Other junction,26.45851452,Darkness - lights lit,487240,160390,80.29310401,E01030795,1,2,0,0,Wet or damp,Single carriageway,None,30,18:20:00,Urban,Fine no high winds,No,16 - 20,11,Urban area,10,1396,None,None,Other/Not known (2005-10),Approaching junction or waiting/parked at junction approach,,414 LE,Petrol,Male,None,No tow/articulation,Did not leave carriageway,0,Moving off,1,Car,No,Front,2020
200914K159409,Unclassified,0,NA,0,Serious,None,29-05-2021,Tuesday,1,Not at junction or within 20 metres,Not at junction or within 20 metres,26.47169452,Darkness - lights lit,431490,386200,80.27031208,E01007858,1,1,0,0,Dry,Single carriageway,None,30,02:07:00,Urban,Fine no high winds,No,16 - 20,11,Urban area,10,1124,None,Other permanent object,Other/Not known (2005-10),Not at or within 20 metres of junction,,106 LOOK2,Petrol,Male,None,No tow/articulation,Did not leave carriageway,0,Going ahead other,1,Car,No,Front,2020
200920M033602,Unclassified,0,NA,0,Serious,None,16-12-2021,Sunday,1,Data missing or out of range,Not at junction or within 20 metres,28.59084461,Darkness - lights lit,438450,278330,77.14791437,E01009543,1,1,0,0,Dry,Single carriageway,None,30,00:57:00,Urban,Fine no high winds,No,16 - 20,11,Urban area,5,1332,None,None,Other/Not known (2005-10),Not at or within 20 metres of junction,,STARLET SPORTIF AUTO,Petrol,Male,None,No tow/articulation,Did not leave carriageway,0,Moving off,1,Car,No,Front,2020
20074100K0721,B,156,NA,0,Serious,None,30-10-2020,Wednesday,1,Not at junction or within 20 metres,Not at junction or within 20 metres,28.63252739,Darkness - lights lit,532060,202960,77.07203852,E01023311,1,1,0,0,Wet or damp,Single carriageway,None,30,16:38:00,Urban,Fine no high winds,No,16 - 20,11,Urban area,4,49,None,None,Commuting to/from work,Not at or within 20 metres of junction,,,Petrol,Male,Skidded,No tow/articulation,Did not leave carriageway,0,Going ahead other,1,Motorcycle 50cc and under,No,Nearside,2020
200801GD76588,A,1202,A,1202,Serious,None,18-02-2019,Sunday,1,Give way or uncontrolled,More than 4 arms (not roundabout),28.60183708,Darkness - lights lit,533270,182350,77.25958789,E01001771,10,2,0,0,Dry,Single carriageway,None,30,05:05:00,Urban,Fine no high winds,No,16 - 20,11,Urban area,8,1242,None,None,Other/Not known (2005-10),Approaching junction or waiting/parked at junction approach,,FIESTA GHIA X AUTO,Petrol,Male,None,No tow/articulation,Did not leave carriageway,0,Turning right,1,Car,No,Front,2021
200922D901619,Unclassified,0,Unclassified,0,Serious,None,08-04-2021,Sunday,1,Give way or uncontrolled,T or staggered junction,18.5852202,Darkness - lights lit,381560,274540,73.76962056,E01032469,1,2,0,0,Dry,Single carriageway,None,30,19:55:00,Urban,Fine no high winds,No,16 - 20,11,Data missing or out of range,NA,600,Bollard or refuge,None,Other/Not known (2005-10),Approaching junction or waiting/parked at junction approach,,GSX 600 FW,Petrol,Male,None,No tow/articulation,Did not leave carriageway,0,Going ahead other,1,Motorcycle over 500cc,No,Front,2021
200997QD01312,Unclassified,0,NA,0,Serious,None,06-08-2021,Sunday,1,Data missing or out of range,Not at junction or within 20 metres,18.5708209,Darkness - lights lit,262400,661320,73.7878262,,1,4,0,0,Wet or damp,Single carriageway,None,30,03:45:00,Urban,Fine no high winds,Yes,16 - 20,11,Data missing or out of range,NA,1598,None,None,Other/Not known (2005-10),Not at or within 20 metres of junction,,MEGANE RN 1.6E CLASSIC,Petrol,Male,None,No tow/articulation,Did not leave carriageway,0,Parked,3,Car,No,Front,2021
200901RY10205,C,0,Unclassified,0,Serious,None,05-08-2020,Wednesday,1,Give way or uncontrolled,Roundabout,18.62520628,Darkness - lights lit,548320,179460,73.91849305,E01000465,3,2,0,0,Dry,Roundabout,None,30,22:30:00,Urban,Fine no high winds,No,16 - 20,11,Urban area,6,1124,None,None,Other/Not known (2005-10),Mid Junction - on roundabout or on main road,,106 XN ZEST 2,Petrol,Male,None,No tow/articulation,Did not leave carriageway,0,Going ahead other,1,Car,No,Front,2021
20093102A3278,B,6023,Unclassified,0,Serious,None,10-03-2021,Tuesday,1,Give way or uncontrolled,T or staggered junction,27.09639182,Darkness - lights lit,448210,358430,93.62057186,E01027992,1,1,0,8,Dry,Single carriageway,None,30,18:14:00,Urban,Fine no high winds,No,16 - 20,11,Urban area,4,1360,None,Lamp post,Other/Not known (2005-10),Cleared junction or waiting/parked at junction exit,,306 VIVANT,Petrol,Male,None,No tow/articulation,Nearside,9,Moving off,1,Car,No,Front,2019
2008558C04695,C,0,C,0,Serious,None,15-03-2020,Friday,1,Give way or uncontrolled,Roundabout,26.75860679,Darkness - lights lit,402130,93280,94.17667859,E01015407,1,2,0,0,Dry,Single carriageway,None,30,19:22:00,Urban,Fine no high winds,No,16 - 20,11,Urban area,3,75,None,None,Other/Not known (2005-10),Mid Junction - on roundabout or on main road,,,Petrol,Male,None,No tow/articulation,Did not leave carriageway,0,Going ahead other,1,Motorcycle 50cc and under,No,Front,2019
201001JC30069,A,503,Unclassified,0,Serious,None,12-02-2010,Friday,1,Auto traffic signal,T or staggered junction,51.588761,Darkness - lights lit,536510,189610,-0.030868,E01004396,1,2,0,5,Dry,Single carriageway,None,30,19:00:00,Urban,Fine no high winds,No,16 - 20,11,Data missing or out of range,NA,1995,None,None,Other/Not known (2005-10),Approaching junction or waiting/parked at junction approach,VAUXHALL,ZAFIRA COMFORT DI 16V,Heavy oil,Male,None,No tow/articulation,Did not leave carriageway,0,Waiting to go - held up,1,Car,No,Back,2010
200814C114808,Unclassified,0,NA,0,Serious,None,29-09-2021,Tuesday,1,Not at junction or within 20 metres,Not at junction or within 20 metres,14.7240087,Darkness - lights lit,444200,401680,78.47206823,E01007820,2,1,0,0,Wet or damp,Single carriageway,None,30,23:18:00,Urban,Fine no high winds,No,16 - 20,11,Urban area,4,1389,None,Other permanent object,Other/Not known (2005-10),Not at or within 20 metres of junction,,CORSA MERIT AUTO,Petrol,Female,Skidded,No tow/articulation,Offside,0,Going ahead left-hand bend,1,Car,No,Nearside,2019