Accident_Index,1st_Road_Class,1st_Road_Number,2nd_Road_Class,2nd_Road_Number,Accident_Severity,Carriageway_Hazards,Date,Day_of_Week,Did_Police_Officer_Attend_Scene_of_Accident,Junction_Control,Junction_Detail,Latitude,Light_Conditions,Location_Easting_OSGR,Location_Northing_OSGR,Longitude,LSOA_of_Accident_Location,Number_of_Casualties,Number_of_Vehicles,Pedestrian_Crossing-Human_Control,Pedestrian_Crossing-Physical_Facilities,Road_Surface_Conditions,Road_Type,Special_Conditions_at_Site,Speed_limit,Time,Urban_or_Rural_Area,Weather_Conditions,InScotland,Age_Band_of_Driver,Age_of_Vehicle,Driver_Home_Area_Type,Driver_IMD_Decile,Engine_Capacity_.CC.,Hit_Object_in_Carriageway,Hit_Object_off_Carriageway,Journey_Purpose_of_Driver,Junction_Location,make,model,Propulsion_Code,Sex_of_Driver,Skidding_and_Overturning,Towing_and_Articulation,Vehicle_Leaving_Carriageway,Vehicle_Location.Restricted_Lane,Vehicle_Manoeuvre,Vehicle_Reference,Vehicle_Type,Was_Vehicle_Left_Hand_Drive,X1st_Point_of_Impact,Year
20093102A1533,Unclassified,0,Unclassified,0,Serious,None,07-08-2020,Friday,1,Give way or uncontrolled,T or staggered junction,22.06760719,Darkness - lights lit,453540,361290,82.16260548,E01028284,1,2,0,0,Dry,One way street,None,30,00:20:00,Urban,Fine no high winds,No,16 - 20,11,Urban area,2,583,None,None,Journey as part of work,Approaching junction or waiting/parked at junction approach,,,Petrol,Female,None,No tow/articulation,Did not leave carriageway,0,Going ahead other,1,Motorcycle over 500cc,No,Front,2019
200934WN25249,A,508,C,178,Serious,None,13-02-2020,Friday,1,Auto traffic signal,T or staggered junction,13.04127046,Darkness - lights lit,475180,260690,77.56514332,E01027150,1,1,0,5,Dry,Single carriageway,None,30,22:36:00,Urban,Fine no high winds,No,16 - 20,11,Urban area,10,1390,None,None,Other/Not known (2005-10),Mid Junction - on roundabout or on main road,,POLO 1.4 CL,Petrol,Female,None,No tow/articulation,Did not leave carriageway,0,Going ahead other,1,Car,No,Front,2019
200750B41G277,Unclassified,0,Unclassified,0,Serious,None,28-12-2019,Thursday,1,Give way or uncontrolled,T or staggered junction,12.98628675,Darkness - lights lit,194240,53650,77.5308093,E01019072,1,2,0,0,Dry,Single carriageway,None,30,20:41:00,Rural,Fine no high winds,No,16 - 20,11,Small town,4,1108,None,None,Data missing or out of range,Mid Junction - on roundabout or on main road,,PUNTO 55 SX,Petrol,Female,None,No tow/articulation,Did not leave carriageway,0,Going ahead other,1,Car,No,Offside,2020
200901TB00024,A,408,Unclassified,0,Serious,None,17-11-2021,Saturday,1,Give way or uncontrolled,T or staggered junction,8.871660895,Darkness - lights lit,505400,182040,76.68555659,E01002518,5,2,0,0,Dry,Single carriageway,None,30,22:53:00,Rural,Fine no high winds,No,16 - 20,11,Urban area,3,1242,None,None,Other/Not known (2005-10),Mid Junction - on roundabout or on main road,,FIESTA LX ZETEC,Petrol,Female,None,No tow/articulation,Did not leave carriageway,0,Going ahead other,1,Car,No,Front,2020
2009400D00174,C,198,Unclassified,0,Serious,None,11-09-2019,Monday,1,Give way or uncontrolled,T or staggered junction,27.08842179,Darkness - lights lit,502370,224620,93.60838337,E01017619,1,2,0,0,Wet or damp,Single carriageway,None,30,20:26:00,Urban,Fine no high winds,No,16 - 20,11,Data missing or out of range,NA,1360,None,None,Other/Not known (2005-10),Entering main road,,306 LX,Petrol,Female,None,No tow/articulation,Did not leave carriageway,0,Turning right,1,Car,No,Offside,2019
200811NI02498,C,100,A,692,Serious,None,12-05-2021,Sunday,1,Give way or uncontrolled,T or staggered junction,26.72550652,Darkness - lights lit,411680,551380,94.20839305,E01020641,3,1,0,8,Wet or damp,Single carriageway,None,30,00:04:00,Rural,Fine no high winds,No,16 - 20,11,Urban area,4,1195,None,Road sign or traffic signal,Other/Not known (2005-10),Approaching junction or waiting/parked at junction approach,,CORSA MERIT 1.2,Petrol,Female,Skidded,No tow/articulation,Nearside,0,Going ahead right-hand bend,1,Car,No,Front,2019
201004DF10060,A,59,Unclassified,0,Serious,None,23-07-2010,Friday,1,Give way or uncontrolled,T or staggered junction,53.760882,Darkness - lights lit,354930,429610,-2.685142,E01025295,5,3,0,0,Dry,Single carriageway,None,30,21:50:00,Urban,Fine no high winds,No,16 - 20,11,Small town,9,1686,None,None,Other/Not known (2005-10),Leaving main road,VAUXHALL,CORSA CLUB D,Heavy oil,Female,None,No tow/articulation,Did not leave carriageway,0,Turning right,1,Car,No,Front,2010
200830D000866,A,511,B,586,Serious,None,01-11-2020,Friday,1,Stop sign,Crossroads,25.78525415,Darkness - lights lit,430560,320630,87.48345947,E01019859,1,2,0,0,Wet or damp,Single carriageway,None,30,21:23:00,Urban,Fog or mist,No,16 - 20,11,Urban area,2,125,None,None,Other/Not known (2005-10),Mid Junction - on roundabout or on main road,,,Petrol,Male,None,No tow/articulation,Did not leave carriageway,0,Going ahead other,1,Motorcycle 125cc and under,No,Front,2019
20094100F4355,A,1057,NA,0,Serious,None,28-05-2021,Friday,1,Not at junction or within 20 metres,Not at junction or within 20 metres,26.47180418,Darkness - lights lit,517660,207300,74.6490175,E01023664,2,1,0,0,Dry,Single carriageway,None,30,00:33:00,Urban,Other,No,16 - 20,11,Urban area,9,1998,None,Other permanent object,Other/Not known (2005-10),Not at or within 20 metres of junction,,PICNIC GL AUTO,Petrol,Male,None,No tow/articulation,Nearside,0,Going ahead right-hand bend,1,Car,No,Front,2020
200804CJ08105,Unclassified,0,Unclassified,0,Serious,None,21-11-2020,Sunday,1,Give way or uncontrolled,T or staggered junction,27.08860592,Darkness - lights lit,347530,407450,93.61757535,E01025522,2,2,0,0,Wet or damp,Single carriageway,None,30,18:25:00,Rural,Raining + high winds,No,16 - 20,11,Urban area,2,1120,None,None,Other/Not known (2005-10),Approaching junction or waiting/parked at junction approach,,100 ASCOT,Petrol,Female,None,No tow/articulation,Did not leave carriageway,0,Going ahead other,2,Car,No,Offside,2019
200930D000961,C,353,NA,0,Serious,None,22-10-2019,Sunday,1,Data missing or out of range,Not at junction or within 20 metres,14.75885674,Darkness - lights lit,436670,337670,78.592467,E01013536,1,3,0,0,Wet or damp,Single carriageway,None,30,19:41:00,Urban,Raining no high winds,No,16 - 20,11,Urban area,6,1242,Parked vehicle,None,Other/Not known (2005-10),Not at or within 20 metres of junction,,PUNTO SX 60,Petrol,Male,Skidded,No tow/articulation,Did not leave carriageway,0,Going ahead right-hand bend,1,Car,No,Front,2019
200734WN40427,C,23,Unclassified,7184,Serious,None,30-08-2020,Sunday,1,Give way or uncontrolled,Roundabout,28.65746287,Darkness - lights lit,475840,256170,77.1283739,E01027206,1,1,0,0,Wet or damp,Roundabout,None,30,21:20:00,Rural,Raining no high winds,No,16 - 20,11,Urban area,9,1119,None,None,Other/Not known (2005-10),Mid Junction - on roundabout or on main road,,FIESTA CLASSIC,Petrol,Male,Skidded,No tow/articulation,Did not leave carriageway,0,Going ahead other,1,Car,No,Front,2020
200991NE12165,Unclassified,0,NA,0,Serious,Other object on road,08-11-2019,Friday,1,Data missing or out of range,Not at junction or within 20 metres,14.7857426,Darkness - lights lit,254920,859540,78.5092686,,1,2,0,0,Wet or damp,Single carriageway,None,30,23:53:00,Rural,Raining no high winds,Yes,16 - 20,11,Rural,NA,1299,None,None,Commuting to/from work,Not at or within 20 metres of junction,,KA 2,Petrol,Female,Skidded,No tow/articulation,Did not leave carriageway,0,Going ahead other,1,Car,No,Front,2019
201011ND07190,C,98,Unclassified,0,Serious,None,25-03-2010,Thursday,1,Auto traffic signal,T or staggered junction,54.775508,Darkness - lights lit,427620,542370,-1.572142,E01020707,1,1,0,5,Wet or damp,Single carriageway,None,30,21:50:00,Urban,Raining no high winds,No,16 - 20,11,Urban area,4,1242,None,None,Commuting to/from work,Mid Junction - on roundabout or on main road,FIAT,PUNTO SX 60,Petrol,Female,None,No tow/articulation,Did not leave carriageway,0,Going ahead other,1,Car,No,Nearside,2010
200904CJ09056,C,0,NA,0,Serious,None,31-08-2020,Friday,1,Data missing or out of range,Not at junction or within 20 metres,14.77154227,Darkness - no lighting,348780,413620,78.62302656,E01025511,1,2,0,0,Dry,Single carriageway,None,30,22:40:00,Rural,Fine no high winds,No,16 - 20,11,Small town,9,1242,None,None,Other/Not known (2005-10),Not at or within 20 metres of junction,,PUNTO S 60,Petrol,Male,None,No tow/articulation,Did not leave carriageway,0,Going ahead left-hand bend,2,Car,No,Front,2019
200942I320209,B,1414,NA,0,Serious,None,08-08-2019,Sunday,1,Data missing or out of range,Not at junction or within 20 metres,28.5014979,Darkness - no lighting,622300,229480,77.041128,E01021992,1,1,0,0,Dry,Single carriageway,None,30,19:00:00,Urban,Fine no high winds,No,16 - 20,11,Urban area,4,1120,None,Other permanent object,Other/Not known (2005-10),Not at or within 20 metres of junction,,200 SE,Petrol,Female,None,No tow/articulation,Offside,0,Going ahead right-hand bend,1,Car,No,Nearside,2019
200806G088794,A,57,NA,0,Serious,None,12-10-2020,Friday,1,Not at junction or within 20 metres,Not at junction or within 20 metres,27.09436229,Daylight,398370,395280,93.60971738,E01006050,2,2,0,0,Dry,Single carriageway,None,30,12:59:00,Rural,Fine no high winds,No,16 - 20,11,Urban area,9,398,None,None,Other/Not known (2005-10),Not at or within 20 metres of junction,,,Petrol,Male,None,No tow/articulation,Did not leave carriageway,0,Going ahead other,1,Motorcycle over 125cc and up to 500cc,No,Front,2019
200997AD01509,A,814,Unclassified,0,Serious,None,21-01-2021,Thursday,1,Give way or uncontrolled,T or staggered junction,26.75077121,Daylight,253240,667450,94.16949267,,1,2,0,0,Dry,Single carriageway,None,30,16:25:00,Urban,Fine no high winds,Yes,16 - 20,11,Data missing or out of range,NA,1396,None,None,Commuting to/from work,Cleared junction or waiting/parked at junction exit,,214S,Petrol,Male,None,No tow/articulation,Did not leave carriageway,0,Turning right,1,Car,No,Front,2019
200914B057909,Unclassified,0,Unclassified,0,Serious,None,25-09-2020,Monday,1,Give way or uncontrolled,T or staggered junction,25.78610846,Daylight,437300,407560,87.49680056,E01007402,2,2,0,0,Dry,Single carriageway,None,30,12:35:00,Urban,Fine no high winds,No,16 - 20,11,Urban area,1,49,None,None,Other/Not known (2005-10),Approaching junction or waiting/parked at junction approach,,STALKER,Petrol,Male,None,No tow/articulation,Did not leave carriageway,0,Going ahead right-hand bend,2,Motorcycle 50cc and under,No,Front,2019
200963BC17709,Unclassified,0,NA,0,Serious,None,26-03-2020,Wednesday,1,Data missing or out of range,Not at junction or within 20 metres,25.78663406,Daylight,274450,270630,87.47314113,W01000542,1,1,0,0,Dry,Single carriageway,None,30,18:30:00,Rural,Fine no high winds,No,16 - 20,11,Rural,NA,1299,None,Other permanent object,Other/Not known (2005-10),Not at or within 20 metres of junction,,PERSONA COMPACT GLI,Petrol,Male,None,No tow/articulation,Nearside,0,Going ahead other,1,Car,No,Nearside,2019
201042I148505,A,13,Unclassified,0,Serious,None,20-06-2021,Friday,1,Give way or uncontrolled,T or staggered junction,25.77456406,Daylight,577650,188390,87.49521291,E01021478,1,2,0,0,Dry,Single carriageway,None,30,17:45:00,Urban,Fine no high winds,No,16 - 20,11,Urban area,10,1124,None,None,Other/Not known (2005-10),Entering main road,,SAXO EAST COAST,Petrol,Male,None,No tow/articulation,Did not leave carriageway,0,Going ahead other,1,Car,No,Front,2019
200842I160305,A,134,Unclassified,0,Serious,None,09-03-2020,Wednesday,2,Give way or uncontrolled,Roundabout,22.08647324,Daylight,599220,225540,82.15964593,E01021646,1,2,0,0,Dry,Roundabout,None,30,14:10:00,Urban,Fine no high winds,No,16 - 20,11,Urban area,5,499,None,None,Other/Not known (2005-10),Mid Junction - on roundabout or on main road,,,Petrol,Male,None,No tow/articulation,Did not leave carriageway,0,Going ahead other,2,Motorcycle over 125cc and up to 500cc,No,Nearside,2019
200943P015129,A,4155,Unclassified,0,Serious,None,12-01-2019,Tuesday,1,Give way or uncontrolled,T or staggered junction,23.04362207,Daylight,476690,181520,72.56194944,E01028653,3,1,0,1,Wet or damp,Single carriageway,None,30,00:07:00,Urban,Fine no high winds,No,16 - 20,11,Small town,10,1998,None,Lamp post,Other/Not known (2005-10),Cleared junction or waiting/parked at junction exit,,LAGUNA RT 8V,Petrol,Male,Skidded,No tow/articulation,Offside,0,Going ahead other,1,Car,No,Nearside,2019
200922D902141,Unclassified,0,Unclassified,0,Serious,None,19-04-2020,Friday,2,Give way or uncontrolled,T or staggered junction,23.02054208,Daylight,403670,266960,72.51250285,E01032237,2,2,0,0,Dry,Single carriageway,None,30,18:10:00,Urban,Fine no high winds,No,16 - 20,11,Urban area,4,1590,None,None,Other/Not known (2005-10),Entering main road,,VITARA JX H/TOP,Petrol,Male,None,No tow/articulation,Did not leave carriageway,0,Turning right,2,Car,No,Offside,2019
200922D902141,Unclassified,0,Unclassified,0,Serious,None,08-10-2021,Friday,2,Give way or uncontrolled,T or staggered junction,23.01679393,Daylight,403670,266960,72.66551796,E01032237,2,2,0,0,Dry,Single carriageway,None,30,18:10:00,Urban,Fine no high winds,No,16 - 20,11,Data missing or out of range,NA,1124,None,Lamp post,Other/Not known (2005-10),Mid Junction - on roundabout or on main road,,106 XL ZEST 3,Petrol,Male,None,No tow/articulation,Nearside,0,Going ahead other,1,Car,No,Front,2019
20093102C1562,A,60,Unclassified,0,Serious,None,30-12-2019,Saturday,1,Give way or uncontrolled,T or staggered junction,8.888496396,Daylight,457470,340400,76.66669823,E01013955,1,2,0,5,Dry,One way street,None,30,14:20:00,Urban,Fine no high winds,No,16 - 20,11,Urban area,9,1124,None,None,Commuting to/from work,Leaving main road,,106 XL ZEST 3,Petrol,Male,None,No tow/articulation,Did not leave carriageway,0,Turning right,1,Car,No,Nearside,2020
200863AC17908,Unclassified,0,Unclassified,0,Serious,None,14-02-2021,Monday,1,Give way or uncontrolled,Private drive or entrance,8.871154537,Daylight,262650,222490,76.66445353,W01000676,1,2,0,0,Dry,Single carriageway,None,30,16:23:00,Rural,Fine no high winds,No,16 - 20,11,Small town,NA,1124,None,None,Other/Not known (2005-10),Approaching junction or waiting/parked at junction approach,,106 XN INDEPENDENCE,Petrol,Male,None,No tow/articulation,Did not leave carriageway,0,Turning right,1,Car,No,Front,2020
200945WA42700,B,2133,NA,0,Serious,Other object on road,27-04-2019,Thursday,1,Data missing or out of range,Not at junction or within 20 metres,26.45017957,Daylight,503920,134020,80.26839646,E01030862,1,2,0,0,Dry,Single carriageway,None,30,16:40:00,Rural,Fine no high winds,No,16 - 20,11,Rural,9,49,None,None,Other/Not known (2005-10),Not at or within 20 metres of junction,,TS 50 ERKX,Petrol,Male,Skidded,No tow/articulation,Did not leave carriageway,0,Slowing or stopping,2,Motorcycle 50cc and under,No,Front,2020
200950KA2A003,B,3165,NA,0,Serious,None,10-08-2021,Friday,2,Not at junction or within 20 metres,Not at junction or within 20 metres,28.55630071,Daylight,331930,94090,77.05806632,E01019961,4,2,0,0,Dry,Single carriageway,None,30,20:47:00,Rural,Fine no high winds,No,16 - 20,11,Data missing or out of range,NA,1587,None,None,Other/Not known (2005-10),Not at or within 20 metres of junction,,106 RALLYE,Petrol,Male,None,No tow/articulation,Did not leave carriageway,0,Going ahead other,1,Car,No,Front,2020
200997UD04011,Unclassified,0,NA,0,Serious,None,17-11-2019,Friday,1,Data missing or out of range,Not at junction or within 20 metres,28.64173315,Daylight,234170,621870,77.08685129,,1,2,0,0,Wet or damp,Dual carriageway,None,30,09:05:00,Urban,Fine no high winds,Yes,16 - 20,11,Urban area,NA,973,None,None,Journey as part of work,Not at or within 20 metres of junction,,CORSA LS 12V,Petrol,Male,None,No tow/articulation,Did not leave carriageway,0,Slowing or stopping,1,Car,No,Back,2020
200850A21C370,C,284,NA,0,Serious,None,13-08-2021,Saturday,1,Not at junction or within 20 metres,Not at junction or within 20 metres,18.52679118,Daylight,161690,37420,73.79652348,E01018979,2,3,0,0,Wet or damp,Single carriageway,None,30,12:58:00,Rural,Fine no high winds,No,16 - 20,11,Data missing or out of range,NA,125,None,None,Data missing or out of range,Not at or within 20 metres of junction,,,Petrol,Male,Skidded,No tow/articulation,Did not leave carriageway,0,Going ahead other,1,Motorcycle 125cc and under,No,Front,2021
200745GU05920,A,320,Unclassified,0,Serious,None,29-05-2019,Tuesday,1,Give way or uncontrolled,Roundabout,18.57203595,Daylight,499790,150580,73.85563972,E01030438,1,2,0,0,Dry,Roundabout,None,30,17:46:00,Urban,Fine no high winds,No,16 - 20,11,Urban area,6,124,None,None,Pupil riding to/from school,Mid Junction - on roundabout or on main road,,,Petrol,Male,None,No tow/articulation,Did not leave carriageway,0,Turning right,2,Motorcycle 125cc and under,No,Nearside,2021
200806L092338,C,0,Unclassified,0,Serious,None,04-07-2020,Friday,1,Give way or uncontrolled,T or staggered junction,14.65696462,Daylight,356270,405900,78.63411999,E01006357,1,1,0,0,Wet or damp,Single carriageway,None,30,10:59:00,Urban,Fine no high winds,No,16 - 20,11,Data missing or out of range,NA,954,None,None,Other/Not known (2005-10),Approaching junction or waiting/parked at junction approach,,SAXO 1.0I MISCHIEF,Petrol,Male,None,No tow/articulation,Did not leave carriageway,0,Going ahead other,1,Car,No,Front,2019
200920K019101,Unclassified,0,NA,0,Serious,None,15-12-2019,Saturday,1,Data missing or out of range,Not at junction or within 20 metres,14.75503333,Daylight,398780,291430,78.57923607,E01009984,1,2,0,0,Dry,Single carriageway,None,30,12:00:00,Urban,Fine no high winds,No,16 - 20,11,Urban area,3,1598,None,None,Commuting to/from work,Not at or within 20 metres of junction,,MEGANE CLASSIC RT ALIZE,Petrol,Male,None,No tow/articulation,Did not leave carriageway,0,Going ahead other,2,Car,No,Front,2019
200901TC00154,B,550,Unclassified,0,Serious,None,01-02-2020,Saturday,1,Give way or uncontrolled,T or staggered junction,14.66721738,Daylight,528470,189010,78.49596792,E01002022,1,1,0,0,Dry,Single carriageway,None,30,07:52:00,Urban,Fine no high winds,No,16 - 20,11,Urban area,4,176,None,None,Other/Not known (2005-10),Approaching junction or waiting/parked at junction approach,,RUNNER 180,Petrol,Male,Skidded,No tow/articulation,Did not leave carriageway,0,Going ahead other,1,Motorcycle over 125cc and up to 500cc,No,Front,2019
200901TW60038,B,358,NA,0,Serious,None,10-11-2021,Thursday,1,Data missing or out of range,Not at junction or within 20 metres,27.09919954,Daylight,515100,171550,93.63260979,E01003812,1,2,0,4,Dry,Single carriageway,None,30,14:54:00,Urban,Fine no high winds,No,16 - 20,11,Urban area,10,1242,None,None,Other/Not known (2005-10),Not at or within 20 metres of junction,,PUNTO S 60,Petrol,Male,None,No tow/articulation,Did not leave carriageway,0,Going ahead other,2,Car,No,Front,2019
201004AX10068,Unclassified,0,Unclassified,0,Serious,None,28-07-2010,Wednesday,1,Give way or uncontrolled,T or staggered junction,53.822293,Daylight,331380,436730,-3.043901,E01012679,1,1,0,0,Dry,One way street,None,30,16:10:00,Urban,Fine no high winds,No,16 - 20,11,Urban area,6,2299,None,None,Other/Not known (2005-10),Approaching junction or waiting/parked at junction approach,MERCEDES,VITO 108D,Heavy oil,Male,None,No tow/articulation,Did not leave carriageway,0,Overtaking static vehicle - offside,1,Van / Goods 3.5 tonnes mgw or under,No,Nearside,2010
201014A050310,A,18,Unclassified,0,Serious,None,31-03-2010,Wednesday,1,Give way or uncontrolled,T or staggered junction,53.574274,Daylight,465880,409090,-1.006553,E01007555,1,3,0,0,Wet or damp,Single carriageway,None,30,08:30:00,Urban,Fine no high winds,No,16 - 20,11,Small town,1,1598,None,None,Journey as part of work,Approaching junction or waiting/parked at junction approach,RENAULT,MEGANE RT SPORT,Petrol,Male,Skidded,No tow/articulation,Did not leave carriageway,0,Going ahead left-hand bend,2,Car,No,Front,2010
2010160A00111,A,1243,Unclassified,0,Serious,None,14-01-2010,Thursday,1,Give way or uncontrolled,T or staggered junction,53.545825,Daylight,526540,407160,-0.091667,E01013185,1,3,0,0,Wet or damp,Single carriageway,None,30,09:10:00,Urban,Fine no high winds,No,16 - 20,11,Urban area,9,50,None,None,Other/Not known (2005-10),Approaching junction or waiting/parked at junction approach,APRILIA,,Petrol,Male,None,No tow/articulation,Did not leave carriageway,0,Going ahead other,1,Motorcycle 125cc and under,No,Front,2010
201042I203107,A,13,A,1158,Serious,None,12-12-2020,Sunday,1,Auto traffic signal,Crossroads,14.68370221,Daylight,585770,186370,78.63972841,E01015832,1,2,0,4,Dry,Dual carriageway,None,30,14:16:00,Urban,Fine no high winds,No,16 - 20,11,Rural,9,1299,None,None,Other/Not known (2005-10),Approaching junction or waiting/parked at junction approach,,KA 2,Petrol,Female,None,No tow/articulation,Did not leave carriageway,0,Going ahead other,2,Car,No,Front,2019
200801ZD73584,A,23,Unclassified,0,Serious,None,04-09-2021,Thursday,1,Give way or uncontrolled,T or staggered junction,25.79247581,Daylight,530830,169090,87.48189183,E01001090,1,4,0,4,Dry,Dual carriageway,None,30,16:39:00,Urban,Fine no high winds,No,16 - 20,11,Urban area,2,998,None,None,Other/Not known (2005-10),Approaching junction or waiting/parked at junction approach,,MICRA GX,Petrol,Female,Skidded,No tow/articulation,Did not leave carriageway,2,Going ahead other,1,Car,No,Did not impact,2019
20104100B0264,Unclassified,415,NA,0,Serious,None,13-05-2020,Wednesday,1,Not at junction or within 20 metres,Not at junction or within 20 metres,28.42424681,Daylight,522290,207260,77.00708651,E01023936,3,2,0,0,Dry,Single carriageway,None,30,15:10:00,Urban,Fine no high winds,No,16 - 20,11,Urban area,6,989,None,None,Other/Not known (2005-10),Not at or within 20 metres of junction,,CUORE AUTO,Petrol,Female,Skidded,No tow/articulation,Did not leave carriageway,0,Overtaking static vehicle - offside,1,Car,No,Front,2019
200942I343310,Unclassified,0,Unclassified,0,Serious,None,11-12-2020,Wednesday,1,Give way or uncontrolled,T or staggered junction,22.71645906,Daylight,587660,187090,75.84860302,E01015861,1,2,0,0,Dry,Single carriageway,None,30,08:10:00,Urban,Fine no high winds,No,16 - 20,11,Rural,5,124,None,None,Commuting to/from work,Mid Junction - on roundabout or on main road,,,Petrol,Female,None,No tow/articulation,Did not leave carriageway,0,Going ahead other,2,Motorcycle 125cc and under,No,Front,2020
200942I146205,Unclassified,0,Unclassified,0,Serious,None,11-03-2019,Friday,1,Give way or uncontrolled,Roundabout,28.69696476,Daylight,580600,197660,77.2532833,E01021614,1,1,0,0,Dry,Single carriageway,None,30,18:05:00,Urban,Fine no high winds,No,16 - 20,11,Urban area,10,1242,None,None,Other/Not known (2005-10),Approaching junction or waiting/parked at junction approach,,FIESTA LX ZETEC,Petrol,Female,None,No tow/articulation,Did not leave carriageway,0,Going ahead other,1,Car,No,Front,2020
200934WN18329,A,4500,NA,0,Serious,None,30-04-2019,Tuesday,1,Data missing or out of range,Not at junction or within 20 metres,28.68886209,Daylight,475640,260910,77.16444063,E01027155,1,2,0,4,Dry,Dual carriageway,None,30,18:24:00,Urban,Fine no high winds,No,16 - 20,11,Urban area,7,124,None,None,Commuting to/from work,Not at or within 20 metres of junction,,CG125,Petrol,Female,None,No tow/articulation,Did not leave carriageway,0,Going ahead other,2,Motorcycle 125cc and under,No,Front,2021
2009559C02647,B,3068,Unclassified,0,Serious,None,11-09-2019,Thursday,1,Auto traffic signal,Crossroads,18.55743343,Daylight,399560,90790,73.94134723,E01015425,1,3,0,4,Dry,Single carriageway,None,30,18:13:00,Urban,Fine no high winds,No,16 - 20,11,Urban area,7,1392,None,None,Other/Not known (2005-10),Cleared junction or waiting/parked at junction exit,,ALMERA 1.4 SI,Petrol,Female,None,No tow/articulation,Did not leave carriageway,0,Moving off,1,Car,No,Offside,2021
200801MM70383,A,100,A,2207,Serious,None,06-01-2019,Tuesday,1,Give way or uncontrolled,Crossroads,19.10319226,Daylight,533490,179790,72.8739367,E01004027,1,2,0,5,Dry,Single carriageway,None,30,10:40:00,Urban,Fine no high winds,No,16 - 20,11,Urban area,4,1753,None,None,Other/Not known (2005-10),Mid Junction - on roundabout or on main road,,FIESTA CLASSIC DIESEL,Heavy oil,Female,None,No tow/articulation,Did not leave carriageway,0,Overtaking static vehicle - offside,1,Car,No,Nearside,2021
200930A000104,Unclassified,0,NA,0,Serious,None,07-07-2020,Saturday,1,Data missing or out of range,Not at junction or within 20 metres,27.15397888,Daylight,448960,333790,83.47871057,E01019647,1,4,0,0,Dry,Single carriageway,None,30,13:09:00,Urban,Fine no high winds,No,16 - 20,11,Urban area,4,1242,Parked vehicle,None,Other/Not known (2005-10),Not at or within 20 metres of junction,,PUNTO S 60,Petrol,Female,None,No tow/articulation,Did not leave carriageway,0,Parked,3,Car,No,Back,2021
200904DF09057,Unclassified,0,NA,0,Serious,None,01-11-2020,Saturday,1,Data missing or out of range,Not at junction or within 20 metres,14.80313167,Daylight,356210,431540,78.52127315,E01025235,1,1,0,0,Dry,Single carriageway,None,30,14:40:00,Urban,Fine no high winds,No,16 - 20,11,Data missing or out of range,NA,1598,None,None,Other/Not known (2005-10),Not at or within 20 metres of junction,,ASTRA CLUB 8V,Petrol,Female,None,No tow/articulation,Did not leave carriageway,0,Going ahead other,1,Car,No,Front,2019
200943P106059,A,420,B,4495,Serious,None,21-04-2020,Monday,1,Auto traffic signal,Crossroads,14.79546324,Daylight,454540,207120,78.50137781,E01028535,1,1,0,5,Dry,Single carriageway,None,30,07:40:00,Urban,Fine no high winds,No,16 - 20,11,Rural,4,1390,None,None,Other/Not known (2005-10),Cleared junction or waiting/parked at junction exit,,POLO 1.4 CL,Petrol,Female,None,No tow/articulation,Did not leave carriageway,0,Going ahead other,1,Car,No,Offside,2019
201004EA10162,Unclassified,0,Unclassified,0,Serious,None,20-06-2010,Sunday,1,Give way or uncontrolled,T or staggered junction,53.743963,Daylight,366550,427630,-2.508674,E01012658,2,1,0,0,Dry,Single carriageway,None,30,21:45:00,Urban,Fine no high winds,No,16 - 20,11,Data missing or out of range,NA,1242,None,Other permanent object,Other/Not known (2005-10),Mid Junction - on roundabout or on main road,FIAT,PUNTO 60 TEAM,Petrol,Female,None,No tow/articulation,Offside and rebounded,0,Turning right,1,Car,No,Front,2010
201004FA10016,A,679,B,6240,Serious,None,18-02-2010,Thursday,1,Give way or uncontrolled,Roundabout,53.789815,Daylight,383700,432640,-2.248904,E01024909,6,2,0,0,Wet or damp,Roundabout,None,30,15:47:00,Urban,Fine no high winds,No,16 - 20,11,Urban area,1,1299,None,None,Other/Not known (2005-10),Entering roundabout,FORD,KA 2,Petrol,Female,None,No tow/articulation,Did not leave carriageway,0,Going ahead other,1,Car,No,Nearside,2010
201006A032919,Unclassified,0,NA,0,Serious,None,26-06-2010,Saturday,1,Data missing or out of range,Not at junction or within 20 metres,53.50311,Daylight,384400,400740,-2.236668,E01005143,1,1,0,0,Dry,Single carriageway,None,30,17:15:00,Urban,Fine no high winds,No,16 - 20,11,Urban area,1,998,None,None,Other/Not known (2005-10),Not at or within 20 metres of junction,TOYOTA,YARIS CDX FREE-TRONIC,Petrol,Female,None,No tow/articulation,Did not leave carriageway,0,Going ahead other,1,Car,No,Front,2010