Accident_Index,1st_Road_Class,1st_Road_Number,2nd_Road_Class,2nd_Road_Number,Accident_Severity,Carriageway_Hazards,Date,Day_of_Week,Did_Police_Officer_Attend_Scene_of_Accident,Junction_Control,Junction_Detail,Latitude,Light_Conditions,Location_Easting_OSGR,Location_Northing_OSGR,Longitude,LSOA_of_Accident_Location,Number_of_Casualties,Number_of_Vehicles,Pedestrian_Crossing-Human_Control,Pedestrian_Crossing-Physical_Facilities,Road_Surface_Conditions,Road_Type,Special_Conditions_at_Site,Speed_limit,Time,Urban_or_Rural_Area,Weather_Conditions,InScotland,Age_Band_of_Driver,Age_of_Vehicle,Driver_Home_Area_Type,Driver_IMD_Decile,Engine_Capacity_.CC.,Hit_Object_in_Carriageway,Hit_Object_off_Carriageway,Journey_Purpose_of_Driver,Junction_Location,make,model,Propulsion_Code,Sex_of_Driver,Skidding_and_Overturning,Towing_and_Articulation,Vehicle_Leaving_Carriageway,Vehicle_Location.Restricted_Lane,Vehicle_Manoeuvre,Vehicle_Reference,Vehicle_Type,Was_Vehicle_Left_Hand_Drive,X1st_Point_of_Impact,Year
2010160D03011,B,1233,A,1079,Serious,None,07-05-2010,Friday,1,Auto traffic signal,Crossroads,53.768345,Daylight,508600,431480,-0.353802,E01012869,1,2,0,5,Dry,Single carriageway,None,30,17:18:00,Urban,Fine no high winds,No,16 - 20,11,Urban area,1,1360,None,None,Other/Not known (2005-10),Mid Junction - on roundabout or on main road,PEUGEOT,306 LX,Petrol,Female,None,No tow/articulation,Did not leave carriageway,0,Moving off,1,Car,No,Front,2010
200950FT2B047,A,379,NA,0,Serious,None,06-05-2019,Sunday,1,Not at junction or within 20 metres,Not at junction or within 20 metres,18.58030524,Daylight,291450,66300,73.76250446,E01015237,7,2,0,0,Wet or damp,Single carriageway,None,30,14:50:00,Urban,Raining + high winds,No,16 - 20,11,Urban area,3,1598,None,None,Other/Not known (2005-10),Not at or within 20 metres of junction,,ASTRA LS 8V,Petrol,Male,Skidded,No tow/articulation,Offside,0,Going ahead left-hand bend,2,Car,No,Front,2021
20074100B0233,Unclassified,627,Unclassified,616,Serious,None,21-10-2019,Thursday,1,Give way or uncontrolled,T or staggered junction,19.0832711,Daylight,523110,211720,72.8547744,E01023916,3,2,0,0,Wet or damp,Single carriageway,None,30,10:50:00,Urban,Raining no high winds,No,16 - 20,11,Urban area,6,1242,None,None,Taking pupil to/from school,Entering main road,,PUNTO 75 SX,Petrol,Male,None,No tow/articulation,Did not leave carriageway,0,Turning left,1,Car,No,Front,2021
200911ND14489,A,691,Unclassified,0,Serious,None,13-01-2020,Saturday,1,Give way or uncontrolled,Slip road,19.10987161,Daylight,427120,542880,72.89801357,E01020702,1,1,0,0,Wet or damp,Single carriageway,None,30,07:40:00,Urban,Raining no high winds,No,16 - 20,11,Small town,3,1124,None,Road sign or traffic signal,Other/Not known (2005-10),Approaching junction or waiting/parked at junction approach,,SAXO SPREE III,Petrol,Male,Skidded,No tow/articulation,Nearside,0,Going ahead right-hand bend,1,Car,No,Offside,2021
201004FG10014,Unclassified,0,NA,0,Serious,None,15-02-2010,Monday,1,Data missing or out of range,Not at junction or within 20 metres,53.842849,Daylight,387020,438530,-2.19876,E01025210,3,3,0,0,Wet or damp,Single carriageway,None,30,13:35:00,Urban,Raining no high winds,No,16 - 20,11,Urban area,3,1124,None,None,Other/Not known (2005-10),Not at or within 20 metres of junction,PEUGEOT,106 XN ZEST,Petrol,Male,None,No tow/articulation,Did not leave carriageway,0,Going ahead other,2,Car,No,Front,2010
200920J033802,Unclassified,0,Unclassified,0,Serious,None,16-03-2019,Friday,1,Give way or uncontrolled,T or staggered junction,18.56624837,Daylight,395170,284380,73.87816603,E01009863,1,2,0,0,Wet or damp,Single carriageway,None,30,16:50:00,Urban,Raining no high winds,No,16 - 20,11,Urban area,3,1389,None,None,Other/Not known (2005-10),Approaching junction or waiting/parked at junction approach,,CORSA BREEZE HI-TORQ,Petrol,Female,Skidded,No tow/articulation,Did not leave carriageway,0,Going ahead left-hand bend,1,Car,No,Front,2021
200734NW55457,B,573,NA,0,Serious,None,30-12-2019,Friday,1,Data missing or out of range,Not at junction or within 20 metres,19.14480446,Daylight,490140,266820,72.84499101,E01027314,2,2,0,0,Wet or damp,Single carriageway,None,30,06:55:00,Rural,Raining no high winds,No,16 - 20,11,Data missing or out of range,NA,1149,None,None,Journey as part of work,Not at or within 20 metres of junction,,CLIO RL PARIS,Petrol,Female,None,No tow/articulation,Did not leave carriageway,0,Going ahead other,2,Car,No,Front,2021
200914K004109,A,6135,Unclassified,0,Serious,None,04-10-2021,Thursday,1,Give way or uncontrolled,Other junction,26.47732488,Daylight,436600,386740,80.27748077,E01007879,3,2,0,0,Dry,Single carriageway,None,30,18:45:00,Urban,Unknown,No,16 - 20,11,Small town,9,1195,None,None,Other/Not known (2005-10),Cleared junction or waiting/parked at junction exit,,CORSA GLS 1.2I,Petrol,Female,None,No tow/articulation,Did not leave carriageway,0,Moving off,2,Car,No,Nearside,2020
200905AA30095,Unclassified,0,NA,0,Serious,None,23-10-2020,Thursday,1,Data missing or out of range,Not at junction or within 20 metres,14.79373779,Darkness - lights lit,330320,391580,78.58809437,E01007212,1,1,0,0,Wet or damp,Single carriageway,None,30,16:38:00,Urban,Fine no high winds,No,21 - 25,11,Urban area,4,1799,None,None,Other/Not known (2005-10),Not at or within 20 metres of junction,,VECTRA ENVOY,Petrol,Male,None,No tow/articulation,Did not leave carriageway,0,Going ahead other,1,Car,No,Nearside,2019
2008558D05700,A,350,NA,0,Serious,None,23-12-2021,Monday,1,Not at junction or within 20 metres,Not at junction or within 20 metres,28.71372023,Darkness - no lighting,387260,121870,77.34011252,E01020460,1,1,0,0,Wet or damp,Single carriageway,None,40,19:15:00,Rural,Fine no high winds,No,16 - 20,11,Small town,10,1840,None,None,Other/Not known (2005-10),Not at or within 20 metres of junction,,MX-5 DAKAR,Petrol,Female,None,No tow/articulation,Offside,0,Going ahead right-hand bend,1,Car,No,Front,2020
20093102A3121,A,6009,NA,0,Serious,None,29-01-2019,Monday,1,Data missing or out of range,Not at junction or within 20 metres,28.44430195,Daylight,453290,361280,76.98249893,E01028247,2,1,0,5,Dry,Single carriageway,None,40,15:50:00,Urban,Fine no high winds,No,16 - 20,11,Urban area,2,954,None,None,Other/Not known (2005-10),Not at or within 20 metres of junction,,SAXO SPREE II,Petrol,Male,None,No tow/articulation,Did not leave carriageway,0,Going ahead other,1,Car,No,Offside,2019
2010400B02729,B,1040,B,1042,Serious,None,25-10-2020,Wednesday,1,Give way or uncontrolled,T or staggered junction,18.61900349,Daylight,522280,249120,73.82165663,E01017429,1,2,0,0,Dry,Single carriageway,None,40,07:39:00,Rural,Fine no high winds,No,16 - 20,11,Rural,9,1124,None,None,Other/Not known (2005-10),Entering main road,,SAXO X,Petrol,Male,None,No tow/articulation,Did not leave carriageway,0,Turning right,1,Car,No,Front,2021
200934NE02219,A,43,C,131,Serious,None,29-08-2019,Thursday,1,Give way or uncontrolled,Crossroads,15.72593819,Daylight,501610,304310,86.88540742,E01027033,1,3,0,0,Wet or damp,Single carriageway,None,40,08:35:00,Rural,Fine no high winds,No,16 - 20,11,Small town,7,954,None,None,Commuting to/from work,Mid Junction - on roundabout or on main road,,SAXO SCANDAL,Petrol,Male,None,No tow/articulation,Did not leave carriageway,0,Going ahead other,1,Car,No,Front,2021
201004BB10137,A,6,NA,0,Serious,None,22-08-2010,Sunday,1,Data missing or out of range,Not at junction or within 20 metres,54.12148,Daylight,349450,469790,-2.774922,E01025096,1,2,0,0,Dry,Single carriageway,None,40,16:15:00,Rural,Fine no high winds,No,16 - 20,11,Small town,3,49,None,None,Other/Not known (2005-10),Not at or within 20 metres of junction,PEUGEOT,TREKKER OFF ROAD,Petrol,Male,None,No tow/articulation,Did not leave carriageway,0,Going ahead other,1,Motorcycle 50cc and under,No,Front,2010
200801RY73997,A,206,C,0,Serious,None,08-03-2019,Saturday,1,Give way or uncontrolled,T or staggered junction,22.06437349,Daylight,549540,178360,82.14905139,E01000332,1,2,0,0,Dry,Single carriageway,None,40,20:29:00,Urban,Fine no high winds,No,16 - 20,11,Urban area,3,1242,None,None,Other/Not known (2005-10),Mid Junction - on roundabout or on main road,,FIESTA FUSION,Petrol,Female,None,No tow/articulation,Did not leave carriageway,0,Going ahead other,2,Car,No,Front,2019
200845EP19572,A,240,NA,0,Serious,None,08-01-2020,Tuesday,1,Data missing or out of range,Not at junction or within 20 metres,18.58253378,Daylight,522210,161860,73.76797559,E01030392,1,2,0,0,Dry,Single carriageway,None,40,09:09:00,Urban,Fog or mist,No,16 - 20,11,Urban area,8,998,None,None,Other/Not known (2005-10),Not at or within 20 metres of junction,,MICRA GX,Petrol,Female,None,No tow/articulation,Did not leave carriageway,0,Going ahead other,2,Car,No,Did not impact,2021
200945EP40309,B,284,B,284,Serious,None,23-09-2019,Wednesday,1,Auto traffic signal,More than 4 arms (not roundabout),26.46015867,Daylight,519770,163770,74.6540747,E01030401,1,1,0,5,Wet or damp,Dual carriageway,None,40,08:30:00,Urban,Raining no high winds,No,16 - 20,11,Data missing or out of range,NA,124,None,None,Journey as part of work,Approaching junction or waiting/parked at junction approach,,T5 125,Petrol,Male,None,No tow/articulation,Did not leave carriageway,0,Slowing or stopping,1,Motorcycle 50cc and under,No,Offside,2020
2009400D03604,C,205,NA,0,Serious,None,08-11-2020,Friday,1,Data missing or out of range,Not at junction or within 20 metres,18.56245535,Daylight,502510,223900,73.75104809,E01017581,3,2,0,0,Wet or damp,Single carriageway,None,40,18:38:00,Urban,Raining no high winds,No,16 - 20,11,Urban area,7,1587,None,None,Other/Not known (2005-10),Not at or within 20 metres of junction,,SAXO VTR,Petrol,Male,None,No tow/articulation,Did not leave carriageway,0,Going ahead other,1,Car,No,Front,2021
200734MK21657,A,509,A,14,Serious,None,01-08-2021,Wednesday,1,Give way or uncontrolled,Roundabout,18.6321542,Darkness - lights lit,487670,275610,73.79547598,E01027119,1,2,0,0,Dry,Roundabout,None,40,22:35:00,Rural,Fine no high winds,No,21 - 25,11,Urban area,1,1994,None,None,Commuting to/from work,Entering roundabout,,220 SD,Heavy oil,Male,None,No tow/articulation,Did not leave carriageway,0,Going ahead other,1,Car,No,Offside,2021
200834WS18978,A,43,C,188,Serious,None,02-07-2019,Friday,1,Give way or uncontrolled,Roundabout,29.63912635,Darkness - lights lit,468330,248370,72.24630742,E01027303,1,2,0,0,Dry,Roundabout,None,40,21:55:00,Rural,Fine no high winds,No,21 - 25,11,Urban area,7,1799,None,None,Other/Not known (2005-10),Entering roundabout,,C180 ESPRIT,Petrol,Male,None,No tow/articulation,Did not leave carriageway,0,Going ahead other,1,Car,No,Front,2021
200945TA46186,A,264,C,89,Serious,None,05-06-2020,Wednesday,1,Give way or uncontrolled,Other junction,27.10322712,Darkness - lights lit,536990,139670,93.62247745,E01030823,1,2,0,4,Dry,Single carriageway,None,40,18:14:00,Urban,Fine no high winds,No,21 - 25,11,Small town,9,1587,None,None,Other/Not known (2005-10),Entering main road,,SAXO VTS,Petrol,Female,None,No tow/articulation,Did not leave carriageway,0,Turning right,1,Car,No,Front,2019
200804CL08065,Unclassified,0,B,5248,Serious,None,23-05-2020,Friday,1,Auto traffic signal,T or staggered junction,19.13825978,Darkness - lights lit,356210,421370,72.84959908,E01025432,2,1,0,4,Wet or damp,Single carriageway,None,40,23:32:00,Rural,Fine no high winds,No,21 - 25,11,Urban area,2,1341,None,Road sign or traffic signal,Other/Not known (2005-10),Cleared junction or waiting/parked at junction exit,,ACCENT COUPE SI,Petrol,Female,None,No tow/articulation,Nearside,0,Going ahead other,1,Car,No,Front,2021
201014K248410,A,6102,NA,0,Serious,None,21-09-2010,Tuesday,1,Not at junction or within 20 metres,Not at junction or within 20 metres,53.326988,Darkness - lights lit,435240,381250,-1.472359,E01008079,3,1,0,0,Dry,Dual carriageway,None,40,23:15:00,Urban,Fine no high winds,No,21 - 25,11,Urban area,2,1997,None,None,Other/Not known (2005-10),Not at or within 20 metres of junction,PEUGEOT,206 GTI,Petrol,Female,None,No tow/articulation,Did not leave carriageway,0,Going ahead other,1,Car,No,Front,2010
200814H048208,A,6102,Unclassified,0,Serious,None,04-11-2019,Monday,1,Give way or uncontrolled,T or staggered junction,28.55152886,Daylight,438010,383000,77.2658269,E01008007,1,1,0,0,Dry,Dual carriageway,None,40,07:29:00,Urban,Fine no high winds,No,21 - 25,11,Urban area,1,996,None,None,Journey as part of work,Approaching junction or waiting/parked at junction approach,,,Petrol,Male,Skidded and overturned,No tow/articulation,Did not leave carriageway,1,Changing lane to right,1,Motorcycle over 500cc,No,Offside,2020
200945RE39547,B,2036,Unclassified,0,Serious,None,10-05-2020,Sunday,1,Give way or uncontrolled,T or staggered junction,18.51147426,Daylight,529240,142140,73.74643727,E01030577,1,1,0,0,Dry,Single carriageway,None,40,05:00:00,Urban,Fine no high winds,No,21 - 25,11,Urban area,9,1598,None,Tree,Other/Not known (2005-10),Approaching junction or waiting/parked at junction approach,,POLO 1.6 CL,Petrol,Male,None,No tow/articulation,Offside,0,Going ahead other,1,Car,No,Front,2021
200901KF60507,A,114,Unclassified,0,Serious,None,04-06-2019,Thursday,1,Give way or uncontrolled,T or staggered junction,14.66256277,Daylight,540500,185850,78.60161983,E01003550,1,2,0,1,Dry,Single carriageway,None,40,17:10:00,Urban,Fine no high winds,No,21 - 25,11,Urban area,4,1299,None,None,Other/Not known (2005-10),Mid Junction - on roundabout or on main road,,KA 2,Petrol,Male,None,No tow/articulation,Did not leave carriageway,0,Turning right,2,Car,No,Back,2019
201005CC04104,A,57,NA,0,Serious,None,02-07-2010,Friday,1,Data missing or out of range,Not at junction or within 20 metres,53.421589,Daylight,342870,391990,-2.861155,E01006453,1,1,0,0,Dry,Dual carriageway,None,40,12:00:00,Urban,Fine no high winds,No,21 - 25,11,Data missing or out of range,NA,100,None,Other permanent object,Other/Not known (2005-10),Not at or within 20 metres of junction,PEUGEOT,SPEEDFIGHT 100,Petrol,Male,None,No tow/articulation,Did not leave carriageway,0,Going ahead other,1,Motorcycle 125cc and under,No,Nearside,2010
200950EK2C002,A,379,NA,0,Serious,None,09-03-2021,Tuesday,1,Not at junction or within 20 metres,Not at junction or within 20 metres,13.03620132,Daylight,254020,52830,77.5881113,E01020187,1,2,0,0,Dry,Single carriageway,Oil or diesel,40,05:25:00,Rural,Fine no high winds,No,21 - 25,11,Urban area,4,1598,None,None,Other/Not known (2005-10),Not at or within 20 metres of junction,,ASTRA ARCTIC 16V AUTO,Petrol,Female,None,No tow/articulation,Did not leave carriageway,0,Going ahead left-hand bend,1,Car,No,Front,2020
200997LA01605,A,82,NA,0,Serious,None,18-03-2020,Thursday,1,Data missing or out of range,Not at junction or within 20 metres,8.892787128,Darkness - lights lit,242970,674250,76.69556656,,1,2,0,0,Dry,Dual carriageway,None,40,01:00:00,Urban,Fine no high winds,Yes,26 - 35,11,Small town,NA,1389,Kerb,Other permanent object,Other/Not known (2005-10),Not at or within 20 metres of junction,,CORSA BREEZE HI-TORQ,Petrol,Male,Skidded and overturned,No tow/articulation,Nearside and rebounded,0,Going ahead other,1,Car,No,Front,2020
200814K278408,A,61,NA,0,Serious,None,04-05-2020,Tuesday,2,Not at junction or within 20 metres,Not at junction or within 20 metres,19.08581417,Darkness - lights lit,434540,386680,72.91706422,E01008114,1,2,0,0,Dry,Dual carriageway,None,40,20:20:00,Urban,Fine no high winds,No,26 - 35,11,Urban area,NA,1488,None,None,Other/Not known (2005-10),Not at or within 20 metres of junction,,CORSA GLS TD,Heavy oil,Male,None,No tow/articulation,Did not leave carriageway,0,Going ahead other,1,Car,No,Offside,2021
200922G902047,A,442,Unclassified,0,Serious,None,28-10-2019,Friday,1,Give way or uncontrolled,T or staggered junction,27.08945345,Darkness - lights lit,372820,300380,93.62655131,E01028847,1,1,0,0,Wet or damp,Single carriageway,None,40,23:20:00,Rural,Fine no high winds,No,26 - 35,11,Data missing or out of range,NA,1998,None,Near/Offside crash barrier,Other/Not known (2005-10),Cleared junction or waiting/parked at junction exit,,VECTRA GLS 16V AUTO,Petrol,Male,None,No tow/articulation,Offside,0,Going ahead left-hand bend,1,Car,No,Front,2019
200930D000804,A,5111,Unclassified,0,Serious,None,22-11-2019,Tuesday,1,Give way or uncontrolled,T or staggered junction,28.60279005,Darkness - lights lit,433330,334900,77.29326577,E01013542,1,2,0,0,Dry,Dual carriageway,None,40,22:31:00,Urban,Fine no high winds,No,26 - 35,11,Data missing or out of range,NA,1242,None,None,Commuting to/from work,Mid Junction - on roundabout or on main road,,PUNTO SX 60 SELECTA,Petrol,Female,Skidded,No tow/articulation,Did not leave carriageway,0,Going ahead right-hand bend,1,Car,No,Front,2020
200845TA19565,A,22,Unclassified,0,Serious,None,08-09-2019,Saturday,1,Give way or uncontrolled,T or staggered junction,18.60108471,Darkness - lights lit,535810,146810,73.79528193,E01030827,3,2,0,0,Dry,Single carriageway,None,40,21:53:00,Rural,Fine no high winds,No,26 - 35,11,Rural,9,3201,None,None,Other/Not known (2005-10),Approaching junction or waiting/parked at junction approach,,M3 EVOLUTION,Petrol,Female,None,No tow/articulation,Did not leave carriageway,0,Going ahead other,2,Car,No,Front,2021
200911ND22239,A,177,Unclassified,0,Serious,None,30-12-2019,Wednesday,1,Give way or uncontrolled,Private drive or entrance,14.72235024,Daylight,430250,538890,78.53697377,E01020732,1,2,0,0,Dry,Single carriageway,None,40,12:39:00,Rural,Fine no high winds,No,26 - 35,11,Small town,3,2496,None,None,Other/Not known (2005-10),Mid Junction - on roundabout or on main road,,TRANSIT 190 LWB,Heavy oil,Male,None,No tow/articulation,Did not leave carriageway,0,Waiting to turn right,2,Minibus (8 - 16 passenger seats),No,Back,2019
200930D000665,A,5111,C,167,Serious,None,17-02-2019,Thursday,1,Auto traffic signal,Crossroads,23.02577702,Daylight,435750,333340,72.54845109,E01013584,2,2,0,5,Dry,Single carriageway,None,40,19:23:00,Urban,Fine no high winds,No,26 - 35,11,Urban area,1,1360,None,None,Other/Not known (2005-10),Approaching junction or waiting/parked at junction approach,,306 L,Petrol,Male,None,No tow/articulation,Did not leave carriageway,0,Waiting to go - held up,1,Car,No,Back,2019
200901RY19028,A,206,NA,0,Serious,None,15-03-2021,Friday,1,Data missing or out of range,Not at junction or within 20 metres,12.97090477,Daylight,551560,176820,77.52557986,E01000367,1,1,0,0,Dry,Dual carriageway,None,40,15:10:00,Urban,Fine no high winds,No,26 - 35,11,Urban area,2,918,Kerb,Central crash barrier,Other/Not known (2005-10),Not at or within 20 metres of junction,,CBR900RR,Petrol,Male,None,No tow/articulation,Offside on to central reservation,0,Going ahead other,1,Motorcycle over 500cc,No,Nearside,2020
200945GU47294,Unclassified,0,NA,0,Serious,None,12-11-2021,Monday,1,Data missing or out of range,Not at junction or within 20 metres,13.04419257,Daylight,494200,157640,77.61524592,E01030474,1,1,0,0,Frost or ice,Single carriageway,None,40,08:42:00,Rural,Fine no high winds,No,26 - 35,11,Urban area,10,1905,None,Tree,Journey as part of work,Not at or within 20 metres of junction,,306 L D,Heavy oil,Male,Skidded,No tow/articulation,Nearside,0,Going ahead left-hand bend,1,Car,No,Offside,2020
200930C000391,B,6039,Unclassified,0,Serious,None,31-08-2020,Saturday,1,Give way or uncontrolled,Private drive or entrance,28.61173057,Daylight,442650,365840,77.05887304,E01019800,1,2,0,0,Dry,Single carriageway,None,40,19:15:00,Urban,Fine no high winds,No,26 - 35,11,Urban area,4,599,None,None,Other/Not known (2005-10),Mid Junction - on roundabout or on main road,,FZS 600,Petrol,Male,None,No tow/articulation,Did not leave carriageway,0,Going ahead other,1,Motorcycle over 500cc,No,Front,2021
2009559D02680,B,3073,Unclassified,0,Serious,None,27-02-2021,Sunday,1,Give way or uncontrolled,Private drive or entrance,18.48934477,Daylight,408830,97990,73.81163657,E01020400,1,3,0,0,Dry,Single carriageway,None,40,14:52:00,Urban,Fine no high winds,No,26 - 35,11,Urban area,1,2446,None,None,Other/Not known (2005-10),Approaching junction or waiting/parked at junction approach,,BOXER 320 LWB,Heavy oil,Male,None,No tow/articulation,Did not leave carriageway,0,Going ahead other,3,Other vehicle,No,Front,2021
200734NE37227,A,43,Unclassified,3000,Serious,None,25-04-2021,Tuesday,1,Give way or uncontrolled,T or staggered junction,18.58233216,Daylight,501140,304000,73.8405037,E01027033,1,2,0,0,Dry,Single carriageway,None,40,18:32:00,Rural,Fine no high winds,No,26 - 35,11,Small town,9,937,None,None,Other/Not known (2005-10),Mid Junction - on roundabout or on main road,,,Petrol,Male,Skidded,No tow/articulation,Did not leave carriageway,0,Going ahead other,2,Motorcycle over 500cc,No,Front,2021
200814A097408,A,630,Unclassified,0,Serious,None,07-11-2019,Thursday,1,Give way or uncontrolled,Other junction,18.54574627,Daylight,457980,404100,73.84377919,E01007655,2,2,0,0,Dry,Dual carriageway,None,40,16:02:00,Urban,Fine no high winds,No,26 - 35,11,Rural,6,1998,None,Near/Offside crash barrier,Other/Not known (2005-10),Approaching junction or waiting/parked at junction approach,,,Petrol,Male,Skidded,No tow/articulation,Nearside,0,Going ahead other,1,Car,No,Front,2021
200945GU38143,A,281,Unclassified,0,Serious,None,13-04-2020,Friday,1,Give way or uncontrolled,Other junction,18.59739674,Daylight,499790,148780,73.8284893,E01030456,1,3,0,0,Dry,Single carriageway,None,40,11:20:00,Urban,Fine no high winds,No,26 - 35,11,Small town,8,4398,None,None,Other/Not known (2005-10),Entering main road,,740I AUTO,Petrol,Male,None,No tow/articulation,Did not leave carriageway,0,Turning right,2,Car,No,Did not impact,2021
201001YE80488,A,10,NA,0,Serious,None,07-07-2010,Wednesday,1,Data missing or out of range,Not at junction or within 20 metres,51.666876,Daylight,534540,198250,-0.055971,E01001407,1,2,0,0,Dry,Dual carriageway,None,40,19:30:00,Urban,Fine no high winds,No,26 - 35,11,Urban area,2,1997,None,None,Other/Not known (2005-10),Not at or within 20 metres of junction,HONDA,ACCORD LS AUTO,Petrol,Male,None,No tow/articulation,Did not leave carriageway,0,Going ahead other,1,Car,No,Front,2010
200854EF34608,A,4,NA,0,Serious,None,06-08-2019,Thursday,1,Not at junction or within 20 metres,Not at junction or within 20 metres,26.74677023,Daylight,382070,168430,94.195662,E01031888,1,1,0,8,Dry,Single carriageway,None,40,11:00:00,Rural,Fine no high winds,No,26 - 35,11,Rural,9,1124,None,None,Other/Not known (2005-10),Not at or within 20 metres of junction,,106 XL INDEPENDENCE,Petrol,Female,None,No tow/articulation,Did not leave carriageway,0,Going ahead other,1,Car,No,Front,2019
200942I258508,A,13,NA,0,Serious,None,03-06-2021,Tuesday,2,Not at junction or within 20 metres,Not at junction or within 20 metres,28.46375017,Daylight,590110,186100,77.0891446,E01015884,1,2,0,0,Dry,Single carriageway,None,40,18:30:00,Urban,Fine no high winds,No,26 - 35,11,Urban area,1,1796,None,None,Other/Not known (2005-10),Not at or within 20 metres of junction,,MONDEO VERONA,Petrol,Female,None,No tow/articulation,Did not leave carriageway,0,Parked,1,Car,No,Offside,2019
200743N275127,A,40,NA,0,Serious,None,18-06-2019,Wednesday,1,Data missing or out of range,Not at junction or within 20 metres,14.74746752,Darkness - lights lit,500660,187500,78.59623736,E01017818,1,1,0,0,Wet or damp,Single carriageway,None,50,02:46:00,Urban,Fine no high winds,No,16 - 20,11,Urban area,10,1589,None,None,Other/Not known (2005-10),Not at or within 20 metres of junction,,216 SI AUTO,Petrol,Male,Skidded,No tow/articulation,Offside,0,Going ahead other,1,Car,No,Nearside,2019
200920L090901,A,452,Unclassified,0,Serious,None,14-07-2019,Sunday,1,Give way or uncontrolled,Roundabout,26.46344337,Darkness - lights lit,418960,286400,74.5957515,E01010128,3,1,0,0,Dry,Dual carriageway,None,50,23:19:00,Rural,Fine no high winds,No,16 - 20,11,Urban area,7,1389,Kerb,Tree,Other/Not known (2005-10),Entering roundabout,,TIGRA CHEQUERS,Petrol,Male,Skidded,No tow/articulation,Straight ahead at junction,0,Going ahead left-hand bend,1,Car,No,Front,2020
200942I431812,A,1306,NA,0,Serious,None,22-01-2021,Saturday,1,Not at junction or within 20 metres,Not at junction or within 20 metres,8.89159505,Darkness - lights lit,559040,179470,76.60935361,E01015982,2,2,0,0,Wet or damp,Single carriageway,None,50,23:30:00,Urban,Raining no high winds,No,16 - 20,11,Urban area,6,973,None,None,Other/Not known (2005-10),Not at or within 20 metres of junction,,CORSA BREEZE 12V,Petrol,Male,None,No tow/articulation,Did not leave carriageway,0,Waiting to go - held up,2,Car,No,Front,2020
200904FL09062,B,6232,NA,0,Serious,None,21-11-2019,Saturday,1,Data missing or out of range,Not at junction or within 20 metres,18.53689947,Darkness - lights lit,377040,422770,73.7726131,E01025378,4,2,0,0,Wet or damp,Single carriageway,None,50,01:36:00,Rural,Raining no high winds,No,16 - 20,11,Rural,7,1124,None,None,Other/Not known (2005-10),Not at or within 20 metres of junction,,106 XL ZEST 3,Petrol,Female,None,No tow/articulation,Did not leave carriageway,0,Slowing or stopping,2,Car,No,Front,2021
200905AA31254,Unclassified,0,NA,0,Serious,None,14-08-2021,Friday,1,Data missing or out of range,Not at junction or within 20 metres,14.66721738,Darkness - no lighting,323050,387630,78.49596792,E01007258,3,2,0,0,Wet or damp,Single carriageway,None,50,21:35:00,Rural,Fine no high winds,No,16 - 20,11,Urban area,7,1242,None,None,Other/Not known (2005-10),Not at or within 20 metres of junction,,FIESTA SI,Petrol,Male,None,No tow/articulation,Nearside,0,Going ahead left-hand bend,1,Car,No,Front,2019
200997KC02412,Unclassified,0,NA,0,Serious,None,08-04-2019,Thursday,1,Data missing or out of range,Not at junction or within 20 metres,28.59150325,Daylight,229570,674380,77.18548391,,1,1,0,0,Wet or damp,Dual carriageway,None,50,16:00:00,Urban,Fine no high winds,Yes,16 - 20,11,Urban area,NA,973,None,None,Other/Not known (2005-10),Not at or within 20 metres of junction,,CORSA BREEZE 12V,Petrol,Male,Overturned,No tow/articulation,Nearside and rebounded,0,Reversing,1,Car,No,Front,2020
200943W134039,B,3348,NA,,Serious,None,19-09-2020,Sunday,1,Give way or uncontrolled,Other junction,28.67727332,Daylight,480600,163760,77.21896365,E01016640,1,1,0,0,Dry,Single carriageway,None,50,18:00:00,Rural,Fine no high winds,No,16 - 20,11,Urban area,8,599,None,Road sign or traffic signal,Other/Not known (2005-10),Approaching junction or waiting/parked at junction approach,,ZX 600-G1,Petrol,Male,None,No tow/articulation,Nearside,0,Going ahead right-hand bend,1,Motorcycle over 500cc,No,Front,2020
200943P105109,B,4437,NA,0,Serious,None,26-06-2019,Sunday,1,Data missing or out of range,Not at junction or within 20 metres,19.08318556,Daylight,437940,218810,72.88162555,E01028779,2,1,0,0,Wet or damp,Single carriageway,None,50,17:26:00,Rural,Fine no high winds,No,16 - 20,11,Small town,9,1390,None,Tree,Journey as part of work,Not at or within 20 metres of junction,,POLO 1.4 CL,Petrol,Male,Skidded,No tow/articulation,Nearside,0,Going ahead right-hand bend,1,Car,No,Offside,2021
200743P246067,A,4129,Unclassified,0,Serious,None,12-11-2021,Sunday,1,Give way or uncontrolled,T or staggered junction,25.49453987,Daylight,471510,206280,83.94811837,E01028667,2,4,0,0,Dry,Single carriageway,None,50,11:22:00,Urban,Fine no high winds,No,16 - 20,11,Rural,7,954,None,None,Other/Not known (2005-10),Approaching junction or waiting/parked at junction approach,,AX DIMENSION,Petrol,Female,None,No tow/articulation,Did not leave carriageway,0,Going ahead other,3,Car,No,Front,2021