Accident_Index,1st_Road_Class,1st_Road_Number,2nd_Road_Class,2nd_Road_Number,Accident_Severity,Carriageway_Hazards,Date,Day_of_Week,Did_Police_Officer_Attend_Scene_of_Accident,Junction_Control,Junction_Detail,Latitude,Light_Conditions,Location_Easting_OSGR,Location_Northing_OSGR,Longitude,LSOA_of_Accident_Location,Number_of_Casualties,Number_of_Vehicles,Pedestrian_Crossing-Human_Control,Pedestrian_Crossing-Physical_Facilities,Road_Surface_Conditions,Road_Type,Special_Conditions_at_Site,Speed_limit,Time,Urban_or_Rural_Area,Weather_Conditions,InScotland,Age_Band_of_Driver,Age_of_Vehicle,Driver_Home_Area_Type,Driver_IMD_Decile,Engine_Capacity_.CC.,Hit_Object_in_Carriageway,Hit_Object_off_Carriageway,Journey_Purpose_of_Driver,Junction_Location,make,model,Propulsion_Code,Sex_of_Driver,Skidding_and_Overturning,Towing_and_Articulation,Vehicle_Leaving_Carriageway,Vehicle_Location.Restricted_Lane,Vehicle_Manoeuvre,Vehicle_Reference,Vehicle_Type,Was_Vehicle_Left_Hand_Drive,X1st_Point_of_Impact,Year
200897BF02206,A,809,NA,0,Serious,None,08-02-2021,Tuesday,1,Data missing or out of range,Not at junction or within 20 metres,18.5827505,Daylight,252480,678440,73.78122505,,2,2,0,0,Dry,Single carriageway,None,60,19:30:00,Rural,Fine no high winds,Yes,16 - 20,11,Urban area,NA,1340,None,None,Other/Not known (2005-10),Not at or within 20 metres of junction,,,Petrol,Male,None,No tow/articulation,Did not leave carriageway,0,Overtaking moving vehicle - offside,2,Motorcycle over 500cc,No,Offside,2021
200937L016972,A,12,NA,0,Serious,None,25-05-2020,Friday,1,Data missing or out of range,Not at junction or within 20 metres,18.62636159,Daylight,637830,261720,73.84005962,E01030212,1,2,0,0,Dry,Single carriageway,None,60,11:57:00,Rural,Fine no high winds,No,16 - 20,11,Urban area,7,1753,None,Tree,Other/Not known (2005-10),Not at or within 20 metres of junction,,ESCORT GHIA X TDI,Heavy oil,Male,Skidded,No tow/articulation,Offside,0,Going ahead other,1,Car,No,Front,2021
200950BU2E002,C,31,NA,0,Serious,None,22-07-2019,Thursday,1,Not at junction or within 20 metres,Not at junction or within 20 metres,27.09417431,Daylight,222760,102990,93.62127894,E01018951,1,2,0,0,Dry,Single carriageway,None,60,13:14:00,Rural,Fine no high winds,No,16 - 20,11,Data missing or out of range,NA,1905,None,None,Other/Not known (2005-10),Not at or within 20 metres of junction,,306 LX DT,Heavy oil,Male,None,No tow/articulation,Did not leave carriageway,0,Going ahead other,1,Car,No,Front,2019
201004FB10023,Unclassified,0,NA,0,Serious,Other object on road,28-04-2010,Wednesday,1,Data missing or out of range,Not at junction or within 20 metres,53.764028,Daylight,383960,429770,-2.244808,E01024874,1,1,0,0,Dry,Single carriageway,None,60,15:15:00,Rural,Fine no high winds,No,16 - 20,11,Data missing or out of range,NA,600,Other object,None,Other/Not known (2005-10),Not at or within 20 metres of junction,SUZUKI,,Petrol,Male,Skidded and overturned,No tow/articulation,Did not leave carriageway,0,Going ahead left-hand bend,1,Motorcycle over 500cc,No,Offside,2010
200850JG2F001,A,379,Unclassified,0,Serious,None,22-01-2019,Thursday,2,Give way or uncontrolled,Crossroads,27.09005532,Daylight,295130,85460,93.61397121,E01020240,1,2,0,0,Dry,Single carriageway,None,60,20:00:00,Rural,Fine no high winds,No,16 - 20,11,Small town,8,1527,None,None,Other/Not known (2005-10),Entering main road,,SAXO XD,Heavy oil,Female,None,No tow/articulation,Did not leave carriageway,0,Turning right,1,Car,No,Front,2019
2009559D02487,A,35,NA,0,Serious,None,02-01-2019,Wednesday,1,Not at junction or within 20 metres,Not at junction or within 20 metres,22.09671181,Daylight,365590,90390,82.15057442,E01020509,3,2,0,0,Dry,Single carriageway,None,60,14:39:00,Rural,Fine no high winds,No,16 - 20,11,Urban area,9,973,None,None,Other/Not known (2005-10),Not at or within 20 metres of junction,,CORSA BREEZE 12V,Petrol,Female,None,No tow/articulation,Nearside,0,Going ahead other,2,Car,No,Front,2019
200920D071202,Unclassified,0,NA,0,Serious,None,22-05-2019,Friday,1,Data missing or out of range,Not at junction or within 20 metres,19.14167841,Daylight,416370,291650,72.89109175,E01009441,1,2,0,0,Wet or damp,Single carriageway,None,60,14:57:00,Urban,Other,No,16 - 20,11,Urban area,9,1124,Kerb,None,Other/Not known (2005-10),Not at or within 20 metres of junction,,106 LOOK+,Petrol,Male,Skidded,No tow/articulation,Did not leave carriageway,0,Going ahead left-hand bend,1,Car,No,Nearside,2021
200997QC02504,A,70,NA,0,Serious,None,18-12-2019,Thursday,1,Data missing or out of range,Not at junction or within 20 metres,22.0853643,Daylight,303660,653950,82.13443835,,2,2,0,0,Wet or damp,Single carriageway,None,60,17:30:00,Rural,Raining no high winds,Yes,16 - 20,11,Urban area,NA,1299,None,None,Commuting to/from work,Not at or within 20 metres of junction,,ESCORT ENCORE,Petrol,Male,Skidded and overturned,No tow/articulation,Did not leave carriageway,0,Going ahead right-hand bend,1,Car,No,Offside,2019
200950JO2D002,Unclassified,0,NA,0,Serious,None,07-02-2019,Friday,1,Not at junction or within 20 metres,Not at junction or within 20 metres,19.15185243,Daylight,258840,100860,72.90248352,E01020320,5,2,0,0,Wet or damp,Single carriageway,None,60,17:45:00,Rural,Raining no high winds,No,16 - 20,11,Rural,6,1587,None,None,Other/Not known (2005-10),Not at or within 20 metres of junction,,206 GLX,Petrol,Male,None,No tow/articulation,Did not leave carriageway,0,Going ahead other,1,Car,No,Front,2021
2009559D04512,B,3157,Unclassified,0,Serious,None,27-01-2021,Tuesday,1,Give way or uncontrolled,T or staggered junction,25.76326485,Daylight,359760,85120,87.48870195,E01020512,2,3,0,0,Wet or damp,Single carriageway,Oil or diesel,60,12:37:00,Rural,Raining no high winds,No,16 - 20,11,Urban area,7,1149,None,None,Other/Not known (2005-10),Approaching junction or waiting/parked at junction approach,,CLIO BIARRITZ,Petrol,Female,None,No tow/articulation,Did not leave carriageway,0,Going ahead right-hand bend,3,Car,No,Front,2019
200854ER10608,A,36,NA,0,Serious,None,06-12-2021,Friday,1,Not at junction or within 20 metres,Not at junction or within 20 metres,28.61738477,Daylight,385290,144280,77.21140034,E01032110,1,1,0,0,Wet or damp,Single carriageway,None,60,08:30:00,Rural,Raining no high winds,No,16 - 20,11,Urban area,10,1242,None,None,Commuting to/from work,Not at or within 20 metres of junction,,PUNTO SX 60,Petrol,Female,None,No tow/articulation,Did not leave carriageway,0,Going ahead other,1,Car,No,Front,2020
200904EL09075,B,6231,NA,0,Serious,None,22-12-2019,Wednesday,1,Data missing or out of range,Not at junction or within 20 metres,15.22715545,Darkness - lights lit,371610,426130,73.96111961,E01025080,4,2,0,0,Dry,Single carriageway,None,60,22:25:00,Rural,Fine no high winds,No,21 - 25,11,Urban area,4,198,None,None,Other/Not known (2005-10),Not at or within 20 metres of junction,,PX 200 E,Petrol,Male,None,No tow/articulation,Did not leave carriageway,0,Going ahead other,2,Motorcycle over 125cc and up to 500cc,No,Front,2019
201037B045235,A,11,NA,0,Serious,None,05-09-2020,Sunday,1,Data missing or out of range,Not at junction or within 20 metres,19.10640268,Darkness - lights lit,582300,279970,72.92004039,E01029928,2,2,0,0,Dry,Single carriageway,None,60,03:45:00,Rural,Fine no high winds,No,21 - 25,11,Data missing or out of range,NA,1598,None,None,Other/Not known (2005-10),Not at or within 20 metres of junction,,ASTRA CLUB 16V AUTO,Petrol,Female,Skidded,No tow/articulation,Nearside,0,Going ahead other,2,Car,No,Front,2021
200934TD54929,A,45,NA,0,Serious,None,25-09-2021,Monday,1,Data missing or out of range,Not at junction or within 20 metres,26.47769976,Darkness - lights lit,454280,265450,80.26907242,E01026999,3,2,0,0,Wet or damp,Single carriageway,None,60,20:18:00,Rural,Raining no high winds,No,21 - 25,11,Urban area,7,2793,None,None,Other/Not known (2005-10),Not at or within 20 metres of junction,,Z3,Petrol,Male,None,No tow/articulation,Did not leave carriageway,0,Going ahead other,1,Car,No,Nearside,2020
200832B006608,A,52,NA,0,Serious,None,06-08-2020,Monday,1,Data missing or out of range,Not at junction or within 20 metres,28.53455681,Darkness - no lighting,500940,336900,77.14518894,E01026332,4,3,0,0,Wet or damp,Single carriageway,None,60,05:30:00,Rural,Fine + high winds,No,21 - 25,11,Urban area,7,1753,None,None,Commuting to/from work,Not at or within 20 metres of junction,,FIESTA ENCORE DIESEL,Heavy oil,Male,None,No tow/articulation,Offside,0,Overtaking moving vehicle - offside,1,Car,No,Front,2020
200945SU34658,Unclassified,0,NA,0,Serious,Previous accident,04-03-2021,Friday,1,Data missing or out of range,Not at junction or within 20 metres,27.1019316,Darkness - no lighting,495900,159620,93.62075742,E01030762,4,4,0,0,Frost or ice,Single carriageway,None,60,22:58:00,Rural,Fine no high winds,No,21 - 25,11,Urban area,10,1598,Previous accident,None,Other/Not known (2005-10),Not at or within 20 metres of junction,,ASTRA LS 8V,Petrol,Male,Skidded,No tow/articulation,Did not leave carriageway,0,Going ahead right-hand bend,2,Car,No,Front,2019
200754AD03307,A,354,Unclassified,0,Serious,None,17-12-2020,Thursday,1,Give way or uncontrolled,T or staggered junction,26.75016835,Darkness - no lighting,413200,128190,94.18653954,E01032000,4,2,0,0,Dry,Single carriageway,None,60,21:12:00,Rural,Fine no high winds,No,21 - 25,11,Urban area,6,1998,None,None,Other/Not known (2005-10),Mid Junction - on roundabout or on main road,,PRIMERA 2.0E GT,Petrol,Male,None,No tow/articulation,Did not leave carriageway,0,Going ahead right-hand bend,2,Car,No,Front,2019
200945GU34106,B,3032,NA,0,Serious,None,17-05-2021,Sunday,1,Data missing or out of range,Not at junction or within 20 metres,22.10123869,Darkness - no lighting,495410,154900,82.173136,E01030473,2,1,0,0,Wet or damp,Single carriageway,None,60,05:50:00,Rural,Fine no high winds,No,21 - 25,11,Urban area,10,1242,None,Tree,Other/Not known (2005-10),Not at or within 20 metres of junction,,PUNTO S 60,Petrol,Male,Skidded,No tow/articulation,Offside and rebounded,0,Going ahead other,1,Car,No,Front,2019
200811SB22588,A,689,NA,0,Serious,None,04-12-2019,Wednesday,1,Data missing or out of range,Not at junction or within 20 metres,28.47592747,Darkness - no lighting,392740,538060,77.09096246,E01020891,2,3,0,0,Dry,Single carriageway,None,60,20:20:00,Rural,Fine no high winds,No,21 - 25,11,Urban area,6,600,None,Other permanent object,Other/Not known (2005-10),Not at or within 20 metres of junction,,,Petrol,Male,None,No tow/articulation,Nearside,0,Overtaking moving vehicle - offside,1,Motorcycle over 500cc,No,Front,2019
200863DP07708,B,4362,NA,0,Serious,None,17-08-2019,Saturday,1,Data missing or out of range,Not at junction or within 20 metres,8.890520385,Darkness - no lighting,328050,260750,76.66578798,W01000484,1,1,0,0,Dry,Single carriageway,None,60,22:00:00,Rural,Fine no high winds,No,21 - 25,11,Small town,NA,1598,None,None,Other/Not known (2005-10),Not at or within 20 metres of junction,,MEGANE RT SPORT 1.6E,Petrol,Male,Skidded and overturned,No tow/articulation,Did not leave carriageway,0,Going ahead right-hand bend,1,Car,No,Nearside,2020
200734WD55867,A,361,C,76,Serious,None,13-06-2020,Saturday,1,Give way or uncontrolled,T or staggered junction,28.58363932,Darkness - no lighting,456810,266210,77.31553691,E01026994,1,1,0,0,Dry,Single carriageway,None,60,23:20:00,Rural,Fine no high winds,No,21 - 25,11,Small town,7,1753,None,Entered ditch,Other/Not known (2005-10),Mid Junction - on roundabout or on main road,,FIESTA CLASSIC DIESEL,Heavy oil,Male,None,No tow/articulation,Nearside,0,Going ahead other,1,Car,No,Front,2020
200911NE22169,A,181,NA,0,Serious,None,30-03-2020,Saturday,1,Not at junction or within 20 metres,Not at junction or within 20 metres,25.56776401,Darkness - no lighting,440090,538390,72.69238578,E01020794,3,2,0,0,Dry,Single carriageway,None,60,22:05:00,Rural,Fine no high winds,No,21 - 25,11,Urban area,8,998,None,None,Other/Not known (2005-10),Not at or within 20 metres of junction,,MICRA TWISTER,Petrol,Male,Skidded,No tow/articulation,Did not leave carriageway,0,Going ahead other,1,Car,No,Front,2021
201005AA01631,Unclassified,0,NA,0,Serious,None,09-02-2010,Tuesday,1,Data missing or out of range,Not at junction or within 20 metres,53.319806,Darkness - no lighting,330510,380830,-3.044658,E01007144,3,2,0,0,Wet or damp,Single carriageway,None,60,20:25:00,Rural,Fine no high winds,No,21 - 25,11,Urban area,4,1895,None,None,Other/Not known (2005-10),Not at or within 20 metres of junction,BMW,316I SE,Petrol,Male,None,No tow/articulation,Did not leave carriageway,0,Going ahead left-hand bend,1,Car,No,Front,2010
201034TW45390,A,45,A,45,Serious,None,22-03-2021,Wednesday,1,Give way or uncontrolled,Slip road,22.05152217,Darkness - lights lit,484700,262550,82.18926593,E01027325,1,2,0,0,Wet or damp,Dual carriageway,None,70,18:37:00,Rural,Fine no high winds,No,16 - 20,11,Rural,9,973,None,None,Other/Not known (2005-10),Mid Junction - on roundabout or on main road,,CORSA BREEZE 12V,Petrol,Male,Skidded,No tow/articulation,Did not leave carriageway,0,Going ahead other,1,Car,No,Front,2019
200806X090763,Motorway,61,NA,0,Serious,None,08-08-2021,Monday,1,Not at junction or within 20 metres,Not at junction or within 20 metres,19.09027616,Darkness - lights lit,373800,404690,72.92414731,E01004902,3,2,0,0,Dry,Dual carriageway,None,70,19:44:00,Rural,Fine no high winds,No,16 - 20,11,Rural,5,1389,None,Entered ditch,Other/Not known (2005-10),Not at or within 20 metres of junction,,ASTRA MERIT,Petrol,Male,Skidded and overturned,No tow/articulation,Nearside,0,Going ahead other,2,Car,No,Front,2021
200842I097903,A,131,NA,0,Serious,None,30-01-2020,Thursday,1,Not at junction or within 20 metres,Not at junction or within 20 metres,22.72930215,Darkness - no lighting,572770,217620,75.87674289,E01021538,2,2,0,0,Wet or damp,Dual carriageway,None,70,21:20:00,Rural,Raining no high winds,No,16 - 20,11,Small town,5,1396,None,Central crash barrier,Other/Not known (2005-10),Not at or within 20 metres of junction,,214S,Petrol,Male,None,No tow/articulation,Offside on to central reservation,0,Going ahead other,2,Car,No,Nearside,2020
200745GU15025,A,331,NA,0,Serious,None,12-05-2021,Thursday,1,Data missing or out of range,Not at junction or within 20 metres,27.09106278,Darkness - no lighting,488390,153330,93.61849193,E01023140,8,5,0,0,Wet or damp,Dual carriageway,None,70,18:45:00,Urban,Raining no high winds,No,16 - 20,11,Urban area,8,1598,None,None,Other/Not known (2005-10),Not at or within 20 metres of junction,,POLO 1.6 GLX,Petrol,Female,None,No tow/articulation,Did not leave carriageway,0,Parked,1,Car,No,Back,2019
200797QB71108,Motorway,74,NA,0,Serious,None,16-08-2019,Friday,1,Data missing or out of range,Not at junction or within 20 metres,23.04056115,Daylight,271720,657390,72.60041636,,2,2,0,0,Dry,Dual carriageway,None,70,20:40:00,Rural,Fine no high winds,Yes,16 - 20,11,Urban area,NA,1488,None,None,Other/Not known (2005-10),Not at or within 20 metres of junction,,CORSA GLS TD,Heavy oil,Male,Skidded,No tow/articulation,Nearside,0,Changing lane to right,1,Car,No,Offside,2019
200943P058029,A,34,NA,0,Serious,None,18-06-2021,Tuesday,1,Data missing or out of range,Not at junction or within 20 metres,13.00334705,Daylight,448860,210270,77.61252112,E01028511,5,7,0,0,Dry,Dual carriageway,Roadworks,70,12:53:00,Rural,Fine no high winds,No,16 - 20,11,Urban area,2,1587,None,None,Other/Not known (2005-10),Not at or within 20 metres of junction,,306 LX,Petrol,Male,None,No tow/articulation,Did not leave carriageway,0,Going ahead other,7,Car,No,Back,2020
200942I437312,A,120,NA,0,Serious,None,14-03-2019,Sunday,1,Not at junction or within 20 metres,Not at junction or within 20 metres,28.64652273,Daylight,577990,222920,77.35215697,E01021380,1,2,0,0,Dry,Dual carriageway,None,70,12:30:00,Rural,Fine no high winds,No,16 - 20,11,Urban area,6,1242,None,None,Other/Not known (2005-10),Not at or within 20 metres of junction,,FIESTA LX ZETEC,Petrol,Male,None,No tow/articulation,Did not leave carriageway,0,Going ahead other,1,Car,No,Back,2020
200942I322710,A,120,Unclassified,0,Serious,None,21-10-2021,Thursday,1,Give way or uncontrolled,Crossroads,12.98410429,Daylight,610550,225290,77.6613549,E01022051,1,2,0,0,Dry,Dual carriageway,None,70,17:10:00,Rural,Fine no high winds,No,16 - 20,11,Urban area,4,1388,None,None,Other/Not known (2005-10),Approaching junction or waiting/parked at junction approach,,FIESTA SI,Petrol,Female,None,No tow/articulation,Did not leave carriageway,0,Going ahead left-hand bend,2,Car,No,Front,2020
200805CC24303,A,5300,NA,0,Serious,None,05-07-2019,Thursday,1,Data missing or out of range,Not at junction or within 20 metres,19.05454328,Daylight,347400,386120,72.93114538,E01006420,1,2,0,0,Wet or damp,Dual carriageway,None,70,14:30:00,Rural,Raining no high winds,No,16 - 20,11,Urban area,NA,899,None,None,Other/Not known (2005-10),Not at or within 20 metres of junction,,CINQUECENTO S,Petrol,Male,Skidded,No tow/articulation,Did not leave carriageway,0,Going ahead other,1,Car,No,Front,2021
200943R227099,Motorway,4,NA,0,Serious,None,18-05-2019,Saturday,1,Data missing or out of range,Not at junction or within 20 metres,22.99541962,Darkness - lights lit,502330,178150,72.55975598,E01016481,5,6,0,0,Dry,Dual carriageway,Roadworks,70,23:30:00,Rural,Fine no high winds,No,21 - 25,11,Urban area,5,1587,None,None,Other/Not known (2005-10),Not at or within 20 metres of junction,,XSARA SX,Petrol,Male,None,No tow/articulation,Did not leave carriageway,0,Slowing or stopping,2,Car,No,Back,2019
201043P078010,A,420,NA,0,Serious,None,16-11-2020,Saturday,1,Data missing or out of range,Not at junction or within 20 metres,28.49805931,Daylight,446620,204800,77.03372778,E01028710,1,1,0,0,Frost or ice,Dual carriageway,None,70,12:35:00,Rural,Fine no high winds,No,21 - 25,11,Urban area,6,1896,None,Tree,Commuting to/from work,Not at or within 20 metres of junction,,1000 TD SWB,Heavy oil,Male,Skidded and overturned,No tow/articulation,Nearside,0,Overtaking moving vehicle - offside,1,Van / Goods 3.5 tonnes mgw or under,No,Front,2019
200920Z001301,Motorway,6,NA,0,Serious,None,19-08-2019,Saturday,1,Data missing or out of range,Not at junction or within 20 metres,28.6601518,Daylight,399100,299040,77.09777389,E01010260,2,3,0,0,Wet or damp,Dual carriageway,None,70,14:24:00,Urban,Fine no high winds,No,21 - 25,11,Urban area,2,1149,None,None,Other/Not known (2005-10),Not at or within 20 metres of junction,,CLIO 1.2,Petrol,Male,None,No tow/articulation,Did not leave carriageway,0,Slowing or stopping,2,Car,No,Back,2021
200934TS47069,A,43,NA,0,Serious,None,30-06-2019,Wednesday,1,Data missing or out of range,Not at junction or within 20 metres,18.62621587,Daylight,471260,252900,73.75590865,E01027263,1,2,0,0,Dry,Dual carriageway,None,70,08:40:00,Rural,Fine no high winds,No,21 - 25,11,Urban area,9,1389,None,None,Commuting to/from work,Not at or within 20 metres of junction,,CORSA BREEZE HI-TORQ,Petrol,Male,None,No tow/articulation,Did not leave carriageway,6,Parked,1,Car,No,Front,2021
200845GU23498,A,3,NA,0,Serious,None,25-04-2020,Monday,1,Data missing or out of range,Not at junction or within 20 metres,27.10046264,Daylight,506610,157790,93.6317965,E01030458,2,2,0,0,Dry,Dual carriageway,None,70,16:30:00,Rural,Fine no high winds,No,21 - 25,11,Urban area,10,1124,None,None,Other/Not known (2005-10),Not at or within 20 metres of junction,,106 XL INDEPENDENCE,Petrol,Female,None,No tow/articulation,Did not leave carriageway,0,Changing lane to left,1,Car,No,Did not impact,2019
201005AA02366,Motorway,53,NA,0,Serious,None,08-01-2010,Friday,1,Data missing or out of range,Not at junction or within 20 metres,53.396152,Daylight,327500,389370,-3.091796,E01007305,1,1,0,0,Frost or ice,Dual carriageway,None,70,14:53:00,Rural,Other,No,21 - 25,11,Urban area,6,1199,None,Lamp post,Other/Not known (2005-10),Not at or within 20 metres of junction,VAUXHALL,CORSA CLUB 16V,Petrol,Male,Skidded,No tow/articulation,Nearside,0,Going ahead left-hand bend,1,Car,No,Offside,2010
200904FL09120,A,56,NA,0,Serious,None,18-01-2020,Saturday,1,Data missing or out of range,Not at junction or within 20 metres,14.7195959,Daylight,379890,421600,78.53882919,E01025384,1,1,0,0,Wet or damp,Slip road,None,70,09:05:00,Rural,Raining no high winds,No,21 - 25,11,Data missing or out of range,NA,1124,None,Road sign or traffic signal,Other/Not known (2005-10),Not at or within 20 metres of junction,,SAXO X,Petrol,Male,Skidded,No tow/articulation,Offside,0,Going ahead right-hand bend,1,Car,No,Offside,2019
201043N285100,Motorway,40,NA,0,Serious,None,14-02-2021,Saturday,1,Data missing or out of range,Not at junction or within 20 metres,26.4657589,Darkness - lights lit,501480,185750,74.608955,E01017823,3,2,0,0,Dry,Dual carriageway,None,70,00:01:00,Rural,Fine no high winds,No,26 - 35,11,Urban area,6,1896,None,Near/Offside crash barrier,Other/Not known (2005-10),Not at or within 20 metres of junction,,TOLEDO SE TDI,Heavy oil,Male,Skidded,No tow/articulation,Nearside,0,Changing lane to right,1,Car,No,Front,2020
200820Z007801,Motorway,6,NA,0,Serious,None,17-05-2021,Friday,1,Data missing or out of range,Not at junction or within 20 metres,28.63649273,Darkness - lights lit,399140,298630,77.24377649,E01010362,1,1,0,0,Dry,Dual carriageway,None,70,17:54:00,Urban,Fine no high winds,No,26 - 35,11,Urban area,1,1998,None,Other permanent object,Other/Not known (2005-10),Not at or within 20 metres of junction,,VECTRA GLS 16V,Petrol,Male,None,No tow/articulation,Nearside,0,Going ahead other,1,Car,No,Front,2020
201042I280109,A,12,NA,0,Serious,None,30-01-2021,Sunday,1,Not at junction or within 20 metres,Not at junction or within 20 metres,19.14007973,Darkness - lights lit,596040,225300,72.93370235,E01021675,1,1,0,0,Dry,Dual carriageway,None,70,02:26:00,Urban,Fine no high winds,No,26 - 35,11,Urban area,2,1988,None,Road sign or traffic signal,Other/Not known (2005-10),Not at or within 20 metres of junction,,IS200 SE,Petrol,Male,Skidded and overturned,No tow/articulation,Did not leave carriageway,0,Going ahead left-hand bend,1,Car,No,Front,2021
201042I327710,A,13,NA,0,Serious,None,19-05-2019,Saturday,1,Not at junction or within 20 metres,Not at junction or within 20 metres,18.63534328,Darkness - lights lit,559570,179790,73.7927045,E01015942,1,1,0,0,Dry,Dual carriageway,None,70,00:35:00,Rural,Fine no high winds,No,26 - 35,11,Urban area,7,1598,None,Near/Offside crash barrier,Other/Not known (2005-10),Not at or within 20 metres of junction,,MEGANE RN 1.6E SCENIC,Petrol,Female,Skidded and overturned,No tow/articulation,Nearside and rebounded,0,Going ahead other,1,Car,No,Front,2021
200797NE03102,A,71,NA,0,Serious,None,11-01-2019,Wednesday,1,Data missing or out of range,Not at junction or within 20 metres,28.49671282,Darkness - no lighting,286840,658590,77.01819092,,3,2,0,0,Wet or damp,Dual carriageway,None,70,18:05:00,Rural,Fine no high winds,Yes,26 - 35,11,Rural,NA,1905,None,Tree,Other/Not known (2005-10),Not at or within 20 metres of junction,,ZX 1.9 TD AVANTAGE,Heavy oil,Male,None,No tow/articulation,Offside,0,Going ahead other,1,Car,No,Nearside,2019
200945GU47087,A,3,NA,0,Serious,Pedestrian in carriageway - not injured,08-02-2019,Monday,1,Data missing or out of range,Not at junction or within 20 metres,12.99467533,Darkness - no lighting,494340,144190,77.6783078,E01030472,4,5,0,0,Wet or damp,Dual carriageway,None,70,07:13:00,Rural,Fine no high winds,No,26 - 35,11,Urban area,3,1905,None,None,Other/Not known (2005-10),Not at or within 20 metres of junction,,306 LX DT,Heavy oil,Male,None,No tow/articulation,Did not leave carriageway,0,Going ahead left-hand bend,4,Car,No,Front,2020
200942I154505,Motorway,11,NA,0,Serious,None,23-02-2020,Saturday,1,Not at junction or within 20 metres,Not at junction or within 20 metres,14.79418206,Darkness - no lighting,548710,209720,78.5229161,E01021824,1,1,0,0,Dry,Dual carriageway,None,70,22:17:00,Rural,Fine no high winds,No,26 - 35,11,Urban area,3,1360,None,Tree,Other/Not known (2005-10),Not at or within 20 metres of junction,,206 GLX,Petrol,Female,Skidded and overturned,No tow/articulation,Nearside,0,Changing lane to right,1,Car,No,Offside,2019
200963AC45409,A,48,NA,0,Serious,None,02-11-2021,Monday,1,Data missing or out of range,Not at junction or within 20 metres,18.59469353,Darkness - no lighting,253220,216040,73.95916026,W01000675,1,1,0,0,Wet or damp,Dual carriageway,None,70,19:16:00,Rural,Raining no high winds,No,26 - 35,11,Data missing or out of range,NA,1149,None,Central crash barrier,Other/Not known (2005-10),Not at or within 20 metres of junction,,CLIO RN,Petrol,Female,Skidded and overturned,No tow/articulation,Offside on to central reservation,0,Going ahead other,1,Car,No,Front,2021
2007557P04295,A,3049,A,3049,Serious,None,15-09-2020,Tuesday,1,Give way or uncontrolled,Roundabout,26.74596197,Daylight,403720,94890,94.21446696,E01015379,1,2,0,0,Dry,Roundabout,None,70,18:49:00,Rural,Fine no high winds,No,26 - 35,11,Urban area,3,749,None,None,Commuting to/from work,Mid Junction - on roundabout or on main road,,,Petrol,Male,None,No tow/articulation,Did not leave carriageway,0,Going ahead other,1,Motorcycle over 500cc,No,Nearside,2019
200897QC70110,Motorway,74,NA,0,Serious,None,13-02-2021,Friday,1,Data missing or out of range,Not at junction or within 20 metres,25.78814749,Daylight,279270,642570,87.4800885,,1,2,0,0,Dry,Dual carriageway,None,70,12:30:00,Rural,Fine no high winds,Yes,26 - 35,11,Data missing or out of range,NA,5480,None,None,Journey as part of work,Not at or within 20 metres of junction,,,Heavy oil,Male,None,Articulated vehicle,Did not leave carriageway,0,Going ahead other,2,Goods 7.5 tonnes mgw and over,Yes,Back,2019
200745WA10267,A,31,NA,0,Serious,None,08-08-2019,Friday,1,Data missing or out of range,Not at junction or within 20 metres,25.76868215,Daylight,485730,147480,87.4625186,E01030894,1,3,0,0,Dry,Dual carriageway,None,70,15:24:00,Rural,Fine no high winds,No,26 - 35,11,Urban area,10,918,None,None,Commuting to/from work,Not at or within 20 metres of junction,,,Petrol,Male,None,No tow/articulation,Did not leave carriageway,0,Going ahead other,2,Motorcycle over 500cc,No,Offside,2019
2009559D03117,A,35,NA,0,Serious,None,24-04-2021,Sunday,1,Not at junction or within 20 metres,Not at junction or within 20 metres,22.05602546,Daylight,354530,91810,82.17581152,E01020512,1,1,0,0,Dry,Dual carriageway,Road surface defective,70,17:36:00,Rural,Fine no high winds,No,26 - 35,11,Rural,8,899,None,Other permanent object,Other/Not known (2005-10),Not at or within 20 metres of junction,,ZX 900-C1,Petrol,Male,None,No tow/articulation,Nearside,0,Going ahead other,1,Motorcycle over 500cc,No,Front,2019
200843P136058,A,40,NA,0,Serious,None,23-11-2021,Sunday,1,Data missing or out of range,Not at junction or within 20 metres,23.05566227,Daylight,453430,208690,72.52345489,E01028561,3,3,0,0,Dry,Dual carriageway,None,70,15:17:00,Rural,Fine no high winds,No,26 - 35,11,Urban area,7,3199,None,None,Other/Not known (2005-10),Not at or within 20 metres of junction,,E320 CLASSIC AUTO,Petrol,Male,Skidded,No tow/articulation,Did not leave carriageway,0,Changing lane to left,3,Car,No,Back,2019
200942I183206,A,12,NA,0,Serious,None,09-10-2021,Saturday,1,Not at junction or within 20 metres,Not at junction or within 20 metres,12.98738142,Daylight,559080,195090,77.52453456,E01021462,2,2,0,0,Dry,Dual carriageway,None,70,13:20:00,Rural,Fine no high winds,No,26 - 35,11,Urban area,1,918,None,Other permanent object,Other/Not known (2005-10),Not at or within 20 metres of junction,,CBR900RR,Petrol,Male,Skidded,No tow/articulation,Nearside,0,Going ahead other,2,Motorcycle over 500cc,No,Front,2020