Accident_Index,1st_Road_Class,1st_Road_Number,2nd_Road_Class,2nd_Road_Number,Accident_Severity,Carriageway_Hazards,Date,Day_of_Week,Did_Police_Officer_Attend_Scene_of_Accident,Junction_Control,Junction_Detail,Latitude,Light_Conditions,Location_Easting_OSGR,Location_Northing_OSGR,Longitude,LSOA_of_Accident_Location,Number_of_Casualties,Number_of_Vehicles,Pedestrian_Crossing-Human_Control,Pedestrian_Crossing-Physical_Facilities,Road_Surface_Conditions,Road_Type,Special_Conditions_at_Site,Speed_limit,Time,Urban_or_Rural_Area,Weather_Conditions,InScotland,Age_Band_of_Driver,Age_of_Vehicle,Driver_Home_Area_Type,Driver_IMD_Decile,Engine_Capacity_.CC.,Hit_Object_in_Carriageway,Hit_Object_off_Carriageway,Journey_Purpose_of_Driver,Junction_Location,make,model,Propulsion_Code,Sex_of_Driver,Skidding_and_Overturning,Towing_and_Articulation,Vehicle_Leaving_Carriageway,Vehicle_Location.Restricted_Lane,Vehicle_Manoeuvre,Vehicle_Reference,Vehicle_Type,Was_Vehicle_Left_Hand_Drive,X1st_Point_of_Impact,Year
2007400B03287,A,1,NA,0,Serious,None,11-03-2019,Sunday,1,Data missing or out of range,Not at junction or within 20 metres,26.45997275,Daylight,518320,245220,74.62058593,E01017422,2,3,0,0,Dry,Dual carriageway,None,70,12:14:00,Rural,Fine no high winds,No,26 - 35,11,Urban area,5,1389,None,None,Other/Not known (2005-10),Not at or within 20 metres of junction,,ASTRA MERIT,Petrol,Male,None,No tow/articulation,Did not leave carriageway,0,Slowing or stopping,2,Car,No,Back,2020
2007557E04298,A,31,NA,0,Serious,None,02-03-2021,Friday,1,Not at junction or within 20 metres,Not at junction or within 20 metres,28.55558917,Daylight,407920,101890,77.15425002,E01020391,1,3,0,0,Dry,Dual carriageway,None,70,16:50:00,Rural,Fine no high winds,No,26 - 35,11,Urban area,5,599,None,None,Other/Not known (2005-10),Not at or within 20 metres of junction,,ZX600-F2,Petrol,Male,None,No tow/articulation,Did not leave carriageway,0,Going ahead other,3,Motorcycle over 500cc,No,Back,2020
201034TM20140,Motorway,1,Motorway,1,Serious,None,22-01-2021,Wednesday,1,Give way or uncontrolled,Slip road,28.55462817,Daylight,458610,270010,77.23041107,E01027006,2,2,0,0,Dry,Dual carriageway,None,70,05:20:00,Rural,Fine no high winds,No,26 - 35,11,Urban area,5,2946,None,None,Other/Not known (2005-10),Mid Junction - on roundabout or on main road,,GRAND ESPACE RXE V6 AUTO,Petrol,Male,None,No tow/articulation,Did not leave carriageway,0,Going ahead other,1,Car,No,Front,2021
2007557E01230,A,31,A,31,Serious,None,10-12-2019,Saturday,1,Give way or uncontrolled,Roundabout,18.64554182,Daylight,413240,104450,73.91698314,E01020403,1,2,0,0,Dry,Roundabout,None,70,15:00:00,Rural,Fine no high winds,No,26 - 35,11,Rural,6,916,None,Near/Offside crash barrier,Other/Not known (2005-10),Leaving roundabout,,,Petrol,Male,None,No tow/articulation,Offside,0,Going ahead other,1,Motorcycle over 125cc and up to 500cc,No,Back,2021
200945GU44840,A,3,NA,0,Serious,None,29-12-2021,Saturday,1,Data missing or out of range,Not at junction or within 20 metres,18.64700629,Daylight,507590,158540,73.95958425,E01030458,3,2,0,0,Dry,Slip road,None,70,13:23:00,Rural,Fine no high winds,No,26 - 35,11,Urban area,3,1390,None,None,Other/Not known (2005-10),Not at or within 20 metres of junction,,AROSA 1.4 MP1 AUTO,Petrol,Male,Skidded and overturned,No tow/articulation,Did not leave carriageway,0,Overtaking moving vehicle - offside,2,Car,No,Back,2021
20084100T1114,Motorway,1,NA,0,Serious,None,29-12-2021,Monday,1,Not at junction or within 20 metres,Not at junction or within 20 metres,19.07364586,Daylight,508830,217560,72.83428889,E01023430,1,2,0,0,Dry,Dual carriageway,Roadworks,70,08:13:00,Rural,Fine no high winds,No,26 - 35,11,Urban area,5,1781,None,None,Other/Not known (2005-10),Not at or within 20 metres of junction,,PASSAT SE 20V AUTO,Petrol,Male,None,No tow/articulation,Did not leave carriageway,0,Changing lane to right,1,Car,No,Offside,2021
200801XH30534,Motorway,25,NA,0,Serious,None,20-04-2021,Sunday,1,Data missing or out of range,Not at junction or within 20 metres,14.78658362,Daylight,504000,176610,78.63766209,E01002444,3,2,0,0,Dry,Dual carriageway,None,70,13:30:00,Rural,Fine no high winds,No,26 - 35,11,Urban area,NA,1149,None,None,Other/Not known (2005-10),Not at or within 20 metres of junction,,CLIO RL PANACHE 1.2,Petrol,Male,Overturned,No tow/articulation,Did not leave carriageway,0,Changing lane to right,1,Car,No,Front,2019
201042I285309,A,127,NA,0,Serious,None,16-06-2020,Tuesday,1,Not at junction or within 20 metres,Not at junction or within 20 metres,14.68391954,Daylight,570510,190570,78.4691523,E01021268,1,2,0,0,Dry,Dual carriageway,None,70,09:12:00,Urban,Fine no high winds,No,26 - 35,11,Urban area,9,124,None,None,Commuting to/from work,Not at or within 20 metres of junction,,PANTHEON FES 125,Petrol,Male,Skidded,No tow/articulation,Did not leave carriageway,0,Going ahead other,1,Motorcycle 125cc and under,No,Front,2019
200804TA08221,Motorway,6,NA,0,Serious,None,01-06-2020,Sunday,1,Data missing or out of range,Not at junction or within 20 metres,27.10629544,Daylight,354360,415500,93.611005,E01024924,4,3,0,0,Dry,Dual carriageway,None,70,14:34:00,Rural,Fine no high winds,No,26 - 35,11,Urban area,2,1870,Kerb,None,Other/Not known (2005-10),Not at or within 20 metres of junction,,CLIO RT 1.9D,Heavy oil,Male,Skidded,No tow/articulation,Did not leave carriageway,0,Going ahead other,3,Car,No,Front,2019
200934NW48309,A,45,NA,0,Serious,None,18-03-2020,Monday,1,Data missing or out of range,Not at junction or within 20 metres,13.04491699,Daylight,491780,266440,77.56844957,E01027336,3,2,0,0,Wet or damp,Dual carriageway,None,70,15:57:00,Rural,Fine no high winds,No,26 - 35,11,Rural,7,1994,None,None,Other/Not known (2005-10),Not at or within 20 metres of junction,,220 D,Heavy oil,Female,None,No tow/articulation,Did not leave carriageway,0,Going ahead other,2,Car,No,Front,2020
2009400D02782,Motorway,1,NA,0,Serious,None,23-10-2021,Friday,1,Data missing or out of range,Not at junction or within 20 metres,8.884619639,Daylight,503290,228060,76.6925971,E01017620,3,2,0,0,Dry,Dual carriageway,None,70,12:39:00,Rural,Fine no high winds,No,26 - 35,11,Urban area,4,1975,None,None,Other/Not known (2005-10),Not at or within 20 metres of junction,,COUPE SPECIAL EQUIPMENT,Petrol,Female,Skidded,No tow/articulation,Did not leave carriageway,0,Going ahead other,1,Car,No,Front,2020
200937G026522,A,12,C,322,Serious,None,30-01-2020,Tuesday,1,Give way or uncontrolled,Roundabout,26.4574621,Daylight,624620,243870,74.65123062,E01030197,3,3,0,0,Wet or damp,Dual carriageway,None,70,08:54:00,Rural,Fine no high winds,No,26 - 35,11,Rural,7,2393,None,None,Commuting to/from work,Entering roundabout,,A4 2.4 SE AUTO,Petrol,Female,None,No tow/articulation,Did not leave carriageway,0,Waiting to go - held up,2,Car,No,Back,2020
200943R243109,Motorway,4,NA,0,Serious,None,05-07-2019,Sunday,1,Data missing or out of range,Not at junction or within 20 metres,28.65621443,Daylight,500250,177530,77.29949374,E01016564,5,3,0,0,Wet or damp,Dual carriageway,None,70,15:48:00,Rural,Fine no high winds,No,26 - 35,11,Urban area,6,1598,None,None,Other/Not known (2005-10),Not at or within 20 metres of junction,,POLO 1.6 CL AUTO,Petrol,Female,Skidded,No tow/articulation,Did not leave carriageway,0,Changing lane to left,1,Car,No,Front,2020
201004TA10213,Motorway,61,NA,0,Serious,None,03-12-2010,Friday,1,Data missing or out of range,Not at junction or within 20 metres,53.73323,Darkness - lights lit,357420,426510,-2.646946,E01025400,7,4,0,0,Wet or damp,Dual carriageway,None,70,05:43:00,Rural,Fine no high winds,No,46 - 55,11,Urban area,2,1896,None,None,Commuting to/from work,Not at or within 20 metres of junction,SEAT,ALHAMBRA TDI,Heavy oil,Male,None,No tow/articulation,Did not leave carriageway,0,Going ahead other,2,Car,No,Back,2010
200901TX20326,A,4,A,3005,Serious,None,08-03-2020,Wednesday,1,Auto traffic signal,Crossroads,25.77935323,Darkness - lights lit,513670,176820,87.49046099,E01002629,3,2,0,5,Dry,Dual carriageway,None,30,21:34:00,Urban,Fine no high winds,No,46 - 55,11,Urban area,3,998,None,None,Other/Not known (2005-10),Mid Junction - on roundabout or on main road,,MICRA TWISTER,Petrol,Female,None,No tow/articulation,Did not leave carriageway,0,Going ahead other,2,Car,No,Front,2019
201037G028774,A,137,NA,0,Serious,None,01-05-2021,Saturday,1,Data missing or out of range,Not at junction or within 20 metres,23.08217818,Darkness - lights lit,616410,243790,72.55518219,E01029972,1,1,0,0,Dry,Single carriageway,None,30,21:57:00,Urban,Fine no high winds,No,46 - 55,11,Urban area,5,998,None,None,Other/Not known (2005-10),Not at or within 20 metres of junction,,MICRA PROFILE 16V AUTO,Petrol,Female,Skidded,No tow/articulation,Did not leave carriageway,0,Going ahead other,1,Car,No,Nearside,2019
200843N291128,A,40,A,413,Serious,None,27-06-2020,Sunday,1,Auto traffic signal,T or staggered junction,28.43984758,Darkness - lights lit,502330,187000,76.99633736,E01017818,3,3,0,0,Wet or damp,Dual carriageway,None,50,16:08:00,Rural,Fine no high winds,No,46 - 55,11,Urban area,9,2799,None,None,Other/Not known (2005-10),Mid Junction - on roundabout or on main road,,E280 ELEGANCE A,Petrol,Female,None,No tow/articulation,Did not leave carriageway,0,Going ahead other,3,Car,No,Nearside,2019
200901PY20210,C,0,Unclassified,0,Serious,Any animal in carriageway (except ridden horse),23-11-2021,Sunday,1,Give way or uncontrolled,T or staggered junction,26.43754943,Darkness - lights lit,547330,168990,80.319599,E01000728,3,2,0,0,Dry,Single carriageway,None,30,22:09:00,Urban,Fine no high winds,No,46 - 55,11,Data missing or out of range,NA,1799,None,None,Other/Not known (2005-10),Approaching junction or waiting/parked at junction approach,,C180 CLASSIC,Petrol,Female,None,No tow/articulation,Did not leave carriageway,0,Parked,2,Car,No,Nearside,2020
200950FP2B059,A,380,Unclassified,0,Serious,None,21-01-2019,Wednesday,1,Give way or uncontrolled,T or staggered junction,27.10102328,Darkness - lights lit,287320,60770,93.61480633,E01015194,1,3,0,0,Wet or damp,Single carriageway,None,30,17:13:00,Urban,Fine no high winds,No,46 - 55,11,Urban area,3,1589,None,None,Other/Not known (2005-10),Approaching junction or waiting/parked at junction approach,,416 I,Petrol,Female,None,No tow/articulation,Did not leave carriageway,0,Going ahead other,3,Car,No,Front,2019
200901WW50257,A,24,Unclassified,0,Serious,None,23-04-2019,Thursday,1,Give way or uncontrolled,T or staggered junction,23.04028023,Darkness - lights lit,527680,171860,72.55164517,E01004612,1,4,0,0,Wet or damp,Single carriageway,None,30,01:53:00,Urban,Other,No,46 - 55,11,Urban area,4,1975,None,None,Other/Not known (2005-10),Mid Junction - on roundabout or on main road,,AVENSIS GS TD,Heavy oil,Male,None,No tow/articulation,Did not leave carriageway,0,Parked,1,Car,No,Front,2019
200945GU38619,Unclassified,4025,NA,0,Serious,None,05-03-2019,Thursday,1,Data missing or out of range,Not at junction or within 20 metres,18.53488592,Darkness - lights lit,499640,151700,73.89208506,E01030484,1,1,0,0,Wet or damp,Dual carriageway,None,30,22:08:00,Urban,Raining + high winds,No,46 - 55,11,Urban area,10,1998,None,None,Other/Not known (2005-10),Not at or within 20 metres of junction,,406 LX,Petrol,Male,None,No tow/articulation,Did not leave carriageway,0,Going ahead other,1,Car,No,Front,2021
200905AA03558,A,554,Unclassified,0,Serious,None,12-11-2020,Saturday,1,Give way or uncontrolled,T or staggered junction,27.09166759,Darkness - lights lit,330740,394020,93.62275021,E01007238,1,1,0,4,Wet or damp,Single carriageway,None,30,19:11:00,Urban,Raining + high winds,No,46 - 55,11,Urban area,9,1895,None,None,Other/Not known (2005-10),Approaching junction or waiting/parked at junction approach,,Z3,Petrol,Female,None,No tow/articulation,Did not leave carriageway,0,Going ahead other,1,Car,No,Front,2019
200930A000579,B,6441,Unclassified,0,Serious,None,15-06-2021,Friday,1,Give way or uncontrolled,T or staggered junction,25.78351461,Darkness - lights lit,439590,350610,87.48914139,E01019454,3,1,0,0,Wet or damp,Single carriageway,None,30,20:54:00,Urban,Raining no high winds,No,46 - 55,11,Urban area,2,2498,None,Other permanent object,Other/Not known (2005-10),Approaching junction or waiting/parked at junction approach,,VECTRA SRI V6 24V,Petrol,Male,None,No tow/articulation,Offside,9,Going ahead other,1,Car,No,Offside,2019
20083104C0821,A,60,A,60,Serious,None,19-09-2020,Sunday,1,Auto traffic signal,T or staggered junction,22.05248491,Darkness - lights lit,457080,340980,82.16564162,E01013943,1,2,0,5,Wet or damp,Single carriageway,None,30,20:15:00,Urban,Raining no high winds,No,46 - 55,11,Urban area,8,2664,None,None,Journey as part of work,Cleared junction or waiting/parked at junction exit,,TX1 BRONZE AUTO,Heavy oil,Male,None,No tow/articulation,Did not leave carriageway,0,U-turn,1,Taxi/Private hire car,No,Offside,2019
200897AB01712,Unclassified,0,Unclassified,0,Serious,None,08-04-2020,Monday,1,Auto traffic signal,More than 4 arms (not roundabout),22.71464719,Darkness - lights lit,258900,665620,75.84004516,,1,2,0,5,Wet or damp,One way street,None,30,16:25:00,Urban,Raining no high winds,Yes,46 - 55,11,Urban area,NA,NA,None,None,Journey as part of work,Approaching junction or waiting/parked at junction approach,,,Heavy oil,Male,None,No tow/articulation,Did not leave carriageway,0,Slowing or stopping,2,Bus or coach (17 or more pass seats),No,Did not impact,2020
201001CW11863,B,507,NA,0,Serious,None,06-09-2010,Monday,1,Data missing or out of range,Not at junction or within 20 metres,51.527223,Darkness - lights lit,526790,182510,-0.173657,E01004728,1,1,0,0,Wet or damp,Single carriageway,None,30,21:15:00,Urban,Raining no high winds,No,46 - 55,11,Urban area,3,NA,None,None,Other/Not known (2005-10),Not at or within 20 metres of junction,DENNIS,,Heavy oil,Male,None,No tow/articulation,Did not leave carriageway,0,Waiting to go - held up,1,Bus or coach (17 or more pass seats),No,Did not impact,2010
201001RG40147,A,2,NA,0,Serious,None,20-03-2010,Saturday,1,Data missing or out of range,Not at junction or within 20 metres,51.473651,Darkness - lights lit,540170,176900,0.016873,E01003200,1,2,0,0,Wet or damp,Single carriageway,None,30,19:40:00,Urban,Raining no high winds,No,46 - 55,11,Urban area,1,2664,None,None,Other/Not known (2005-10),Not at or within 20 metres of junction,NISSAN,TERRANO II TDI SE TOURING,Heavy oil,Male,None,No tow/articulation,Did not leave carriageway,0,Going ahead other,2,Car,No,Front,2010
200830B000026,A,57,Unclassified,0,Serious,None,13-05-2020,Monday,1,Give way or uncontrolled,Private drive or entrance,19.19285969,Darkness - lights lit,403590,394050,72.88366094,E01019739,1,1,0,0,Wet or damp,Single carriageway,None,30,17:10:00,Urban,Raining no high winds,No,46 - 55,11,Rural,7,1905,None,None,Other/Not known (2005-10),Entering main road,,306 MERIDIAN DT,Heavy oil,Female,None,No tow/articulation,Did not leave carriageway,9,Turning left,1,Car,No,Front,2021
2010400D00850,Unclassified,0,NA,0,Serious,None,23-02-2019,Thursday,1,Data missing or out of range,Not at junction or within 20 metres,14.68017332,Darkness - lights lit,501980,221720,78.48827259,E01017565,1,2,0,0,Wet or damp,Unknown,None,30,18:07:00,Urban,Raining no high winds,No,46 - 55,11,Urban area,3,1598,None,None,Other/Not known (2005-10),Not at or within 20 metres of junction,,MEGANE MONACO,Petrol,Female,None,No tow/articulation,Did not leave carriageway,6,Slowing or stopping,2,Car,No,Nearside,2019
200804TA08020,Motorway,65,NA,0,Serious,None,25-12-2020,Thursday,1,Data missing or out of range,Not at junction or within 20 metres,27.09066833,Darkness - lights lit,384020,436580,93.62073063,E01025186,2,2,0,0,Snow,Dual carriageway,None,70,07:27:00,Rural,Snowing + high winds,No,46 - 55,11,Rural,5,2793,Kerb,None,Commuting to/from work,Not at or within 20 metres of junction,,328I SPORT,Petrol,Male,Skidded,No tow/articulation,Did not leave carriageway,0,Going ahead right-hand bend,2,Car,No,Nearside,2019
200901RY10031,C,0,Unclassified,0,Serious,None,24-04-2021,Sunday,1,Give way or uncontrolled,T or staggered junction,8.874387632,Darkness - lights lit,548160,175640,76.6182233,E01000394,1,2,0,0,Snow,Single carriageway,None,30,18:10:00,Urban,Snowing + high winds,No,46 - 55,11,Urban area,5,1998,Kerb,Bus stop or bus shelter,Other/Not known (2005-10),Mid Junction - on roundabout or on main road,,E200 AVANTGARDE A,Petrol,Female,None,No tow/articulation,Nearside,0,Going ahead other,1,Car,No,Front,2020
201001LX50100,C,0,C,0,Serious,None,08-02-2010,Monday,1,Give way or uncontrolled,T or staggered junction,51.445939,Darkness - lights lit,528960,173520,-0.145673,E01004473,1,2,0,0,Snow,Single carriageway,None,30,17:20:00,Urban,Snowing no high winds,No,46 - 55,11,Urban area,7,2295,None,None,Other/Not known (2005-10),Mid Junction - on roundabout or on main road,FORD,GALAXY GHIA,Petrol,Male,None,No tow/articulation,Did not leave carriageway,0,Turning left,1,Car,No,Offside,2010
200845MO17600,A,24,Unclassified,551,Serious,None,15-07-2019,Monday,1,Give way or uncontrolled,Crossroads,25.78046687,Darkness - no lighting,517390,144260,87.48471889,E01030515,2,4,0,0,Dry,Dual carriageway,None,60,17:50:00,Rural,Fine no high winds,No,46 - 55,11,Urban area,8,NA,None,None,Other/Not known (2005-10),Approaching junction or waiting/parked at junction approach,,,Heavy oil,Male,None,No tow/articulation,Did not leave carriageway,0,Going ahead other,1,Bus or coach (17 or more pass seats),No,Back,2019
200845WA26240,A,281,Unclassified,0,Serious,None,27-09-2020,Friday,1,Give way or uncontrolled,Other junction,22.97628269,Darkness - no lighting,502610,140350,72.5120696,E01030864,1,1,0,0,Wet or damp,Single carriageway,None,50,20:58:00,Rural,Fine no high winds,No,46 - 55,11,Urban area,10,1998,None,Tree,Other/Not known (2005-10),Approaching junction or waiting/parked at junction approach,,VECTRA CDX 16V AUTO,Petrol,Male,Skidded,No tow/articulation,Nearside and rebounded,0,Overtaking moving vehicle - offside,1,Car,No,Front,2019
200950KU2P006,B,3181,NA,0,Serious,None,12-06-2020,Tuesday,1,Not at junction or within 20 metres,Not at junction or within 20 metres,28.67878586,Darkness - no lighting,301530,103410,77.27172345,E01020056,1,2,0,0,Dry,Single carriageway,None,30,22:20:00,Rural,Fine no high winds,No,46 - 55,11,Urban area,10,599,None,None,Other/Not known (2005-10),Not at or within 20 metres of junction,,CBR 600 F,Petrol,Male,Overturned,No tow/articulation,Did not leave carriageway,0,Going ahead right-hand bend,1,Motorcycle over 500cc,No,Nearside,2020
200843P260098,Unclassified,337,NA,0,Serious,None,31-01-2021,Tuesday,1,Data missing or out of range,Not at junction or within 20 metres,28.69154428,Darkness - no lighting,428670,223680,77.0694259,E01028776,1,1,0,0,Wet or damp,Single carriageway,None,60,07:59:00,Rural,Fine no high winds,No,46 - 55,11,Rural,8,2495,None,Tree,Other/Not known (2005-10),Not at or within 20 metres of junction,,DISCOVERY ES TDI,Heavy oil,Male,Skidded,No tow/articulation,Offside,0,Going ahead other,1,Car,No,Front,2021
200742I346308,B,1414,NA,0,Serious,None,09-09-2021,Friday,1,Not at junction or within 20 metres,Not at junction or within 20 metres,28.69036815,Darkness - no lighting,619280,226550,77.34648427,E01021974,2,2,0,0,Dry,Single carriageway,None,60,20:07:00,Rural,Fine no high winds,No,46 - 55,11,Rural,2,1157,None,Entered ditch,Commuting to/from work,Not at or within 20 metres of junction,,,Petrol,Male,None,No tow/articulation,Nearside,0,Going ahead left-hand bend,1,Motorcycle over 500cc,No,Front,2021
200863DP04208,A,458,NA,0,Serious,None,06-03-2020,Wednesday,1,Data missing or out of range,Not at junction or within 20 metres,19.10432268,Darkness - no lighting,326820,310380,72.87360431,W01000497,2,2,0,0,Dry,Single carriageway,None,60,19:30:00,Rural,Fine no high winds,No,46 - 55,11,Rural,NA,2664,None,None,Other/Not known (2005-10),Not at or within 20 metres of junction,,TERRANO II TDI SR,Heavy oil,Male,Skidded,No tow/articulation,Did not leave carriageway,0,Going ahead left-hand bend,2,Car,No,Front,2021
200850BW3S013,A,389,B,3266,Serious,None,17-05-2019,Saturday,1,Give way or uncontrolled,T or staggered junction,28.68356414,Darkness - no lighting,204170,68950,77.26437968,E01018924,3,2,0,0,Dry,Single carriageway,None,60,17:31:00,Rural,Fine no high winds,No,46 - 55,11,Rural,NA,1589,None,None,Other/Not known (2005-10),Cleared junction or waiting/parked at junction exit,,416 TOURER,Petrol,Female,None,No tow/articulation,Did not leave carriageway,0,Going ahead other,2,Car,No,Front,2020
201005CC04371,Motorway,57,NA,0,Serious,None,22-07-2010,Thursday,1,Data missing or out of range,Not at junction or within 20 metres,53.459598,Darkness - no lighting,341960,396230,-2.87563,E01006439,3,2,0,0,Wet or damp,Dual carriageway,None,70,01:21:00,Rural,Fine no high winds,No,46 - 55,11,Urban area,1,1242,None,Central crash barrier,Other/Not known (2005-10),Not at or within 20 metres of junction,FIAT,PUNTO 60 TEAM,Petrol,Female,Skidded and overturned,No tow/articulation,Offside on to centrl res + rebounded,0,Going ahead other,1,Car,No,Front,2010
201043P051120,Unclassified,253,Unclassified,0,Serious,None,25-04-2020,Monday,2,Give way or uncontrolled,Private drive or entrance,26.44133682,Darkness - no lighting,434940,234750,80.30301071,E01028486,1,2,0,0,Frost or ice,Single carriageway,Road surface defective,60,06:00:00,Rural,Fog or mist,No,46 - 55,11,Rural,6,2493,None,None,Journey as part of work,Cleared junction or waiting/parked at junction exit,,GRAND VITARA V6,Petrol,Female,None,No tow/articulation,Did not leave carriageway,0,Parked,2,Car,No,Nearside,2020
201043P197120,B,480,NA,0,Serious,None,28-08-2019,Friday,1,Data missing or out of range,Not at junction or within 20 metres,28.5588988,Darkness - no lighting,467410,195150,77.10542171,E01028680,1,1,0,0,Frost or ice,Single carriageway,None,60,18:45:00,Rural,Other,No,46 - 55,11,Small town,4,1998,None,Entered ditch,Journey as part of work,Not at or within 20 metres of junction,,PICNIC GS,Petrol,Male,Skidded,No tow/articulation,Offside,0,Going ahead left-hand bend,1,Car,No,Did not impact,2021
200920L162201,Unclassified,0,NA,0,Serious,None,13-08-2020,Wednesday,1,Data missing or out of range,Not at junction or within 20 metres,27.09246159,Darkness - no lighting,408950,274510,93.61130795,E01010182,2,1,0,0,Wet or damp,Single carriageway,None,60,16:40:00,Rural,Raining + high winds,No,46 - 55,11,Rural,6,2972,None,None,Commuting to/from work,Not at or within 20 metres of junction,,SHOGUN GLS V6 LWB AUTO,Petrol,Male,None,No tow/articulation,Did not leave carriageway,0,Going ahead other,1,Car,No,Front,2019
2009160C00690,A,165,NA,0,Serious,None,05-02-2019,Wednesday,1,Data missing or out of range,Not at junction or within 20 metres,28.55870629,Darkness - no lighting,516020,471880,77.07168246,E01012934,1,2,0,0,Wet or damp,Single carriageway,None,60,17:10:00,Rural,Raining no high winds,No,46 - 55,11,Small town,4,1389,None,Entered ditch,Other/Not known (2005-10),Not at or within 20 metres of junction,,CORSA BREEZE HI-TORQ AUTO,Petrol,Male,Skidded,No tow/articulation,Nearside,0,Going ahead other,2,Car,No,Front,2020
200906X022115,Motorway,67,NA,0,Serious,None,15-04-2019,Tuesday,1,Not at junction or within 20 metres,Not at junction or within 20 metres,18.49876717,Darkness - no lighting,395470,395240,73.86160347,E01006026,2,2,0,0,Wet or damp,Dual carriageway,None,70,20:27:00,Urban,Raining no high winds,No,46 - 55,11,Urban area,4,2188,None,Near/Offside crash barrier,Other/Not known (2005-10),Not at or within 20 metres of junction,,LAGUNA RT-D,Heavy oil,Male,Skidded,No tow/articulation,Nearside and rebounded,0,Going ahead other,1,Car,No,Front,2021
200937G028246,A,12,NA,0,Serious,None,20-09-2020,Friday,1,Data missing or out of range,Not at junction or within 20 metres,14.6979508,Darkness - no lighting,627060,251730,78.61001591,E01030200,1,1,0,0,Wet or damp,Single carriageway,None,60,07:00:00,Rural,Raining no high winds,No,46 - 55,11,Rural,5,1753,None,Tree,Other/Not known (2005-10),Not at or within 20 metres of junction,,ESCORT CL TD,Heavy oil,Male,None,No tow/articulation,Nearside,0,Going ahead other,1,Car,No,Nearside,2019
201004BB10191,A,6070,NA,0,Serious,None,08-11-2010,Monday,1,Data missing or out of range,Not at junction or within 20 metres,54.162937,Darkness - no lighting,352560,474370,-2.728065,E01025130,2,2,0,0,Wet or damp,Single carriageway,None,60,18:05:00,Rural,Raining no high winds,No,46 - 55,11,Rural,8,1998,None,None,Other/Not known (2005-10),Not at or within 20 metres of junction,PEUGEOT,406 GLX AUTO,Petrol,Male,Skidded,No tow/articulation,Did not leave carriageway,0,Going ahead other,1,Car,No,Front,2010
2010160A03331,A,18,NA,0,Serious,None,27-09-2010,Monday,1,Data missing or out of range,Not at junction or within 20 metres,53.512149,Darkness - no lighting,522310,403300,-0.156978,E01013225,3,2,0,0,Wet or damp,Single carriageway,None,60,19:04:00,Rural,Raining no high winds,No,46 - 55,11,Small town,8,1299,None,None,Other/Not known (2005-10),Not at or within 20 metres of junction,FORD,KA,Petrol,Male,None,No tow/articulation,Did not leave carriageway,0,Going ahead other,2,Car,No,Front,2010
2009160C07790,B,1242,NA,0,Serious,None,02-11-2020,Wednesday,1,Data missing or out of range,Not at junction or within 20 metres,18.50326433,Darkness - no lighting,522600,443460,73.79151582,E01013050,3,3,0,0,Wet or damp,Single carriageway,None,40,17:05:00,Rural,Raining no high winds,No,46 - 55,11,Small town,5,2000,None,None,Commuting to/from work,Not at or within 20 metres of junction,,RAV-4 GX,Petrol,Female,None,No tow/articulation,Did not leave carriageway,0,Going ahead other,3,Car,No,Front,2021
2009160C07000,A,1079,NA,0,Serious,None,25-05-2019,Sunday,1,Data missing or out of range,Not at junction or within 20 metres,23.04451403,Daylight,506290,434810,72.63381459,E01012953,3,2,0,0,Dry,Single carriageway,None,60,16:20:00,Rural,Fine + high winds,No,46 - 55,11,Urban area,2,2771,None,None,Other/Not known (2005-10),Not at or within 20 metres of junction,,A8 2.8 SPORT AUTO,Petrol,Male,Skidded,No tow/articulation,Did not leave carriageway,0,Overtaking moving vehicle - offside,1,Car,No,Front,2019
200901TA00064,A,104,A,1200,Serious,None,27-10-2021,Saturday,1,Auto traffic signal,Crossroads,14.80004852,Daylight,532140,184130,78.46976423,E01002793,2,2,0,0,Dry,Single carriageway,None,30,10:30:00,Urban,Fine no high winds,No,46 - 55,11,Urban area,3,1991,None,None,Journey as part of work,Mid Junction - on roundabout or on main road,,626 LXI,Petrol,Male,Skidded,No tow/articulation,Did not leave carriageway,0,Going ahead other,1,Car,No,Front,2019
200742I259407,Unclassified,0,Unclassified,0,Serious,None,26-05-2021,Sunday,1,Give way or uncontrolled,T or staggered junction,14.77594898,Daylight,602300,226050,78.61318088,E01021705,1,3,0,1,Dry,Single carriageway,None,30,18:08:00,Urban,Fine no high winds,No,46 - 55,11,Rural,7,998,None,None,Other/Not known (2005-10),Approaching junction or waiting/parked at junction approach,,,Petrol,Male,None,No tow/articulation,Did not leave carriageway,0,Going ahead other,2,Motorcycle over 500cc,No,Did not impact,2019