Accident_Index,1st_Road_Class,1st_Road_Number,2nd_Road_Class,2nd_Road_Number,Accident_Severity,Carriageway_Hazards,Date,Day_of_Week,Did_Police_Officer_Attend_Scene_of_Accident,Junction_Control,Junction_Detail,Latitude,Light_Conditions,Location_Easting_OSGR,Location_Northing_OSGR,Longitude,LSOA_of_Accident_Location,Number_of_Casualties,Number_of_Vehicles,Pedestrian_Crossing-Human_Control,Pedestrian_Crossing-Physical_Facilities,Road_Surface_Conditions,Road_Type,Special_Conditions_at_Site,Speed_limit,Time,Urban_or_Rural_Area,Weather_Conditions,InScotland,Age_Band_of_Driver,Age_of_Vehicle,Driver_Home_Area_Type,Driver_IMD_Decile,Engine_Capacity_.CC.,Hit_Object_in_Carriageway,Hit_Object_off_Carriageway,Journey_Purpose_of_Driver,Junction_Location,make,model,Propulsion_Code,Sex_of_Driver,Skidding_and_Overturning,Towing_and_Articulation,Vehicle_Leaving_Carriageway,Vehicle_Location.Restricted_Lane,Vehicle_Manoeuvre,Vehicle_Reference,Vehicle_Type,Was_Vehicle_Left_Hand_Drive,X1st_Point_of_Impact,Year
200743W090097,A,33,NA,0,Serious,None,21-03-2021,Wednesday,1,Data missing or out of range,Not at junction or within 20 metres,27.10529339,Daylight,471350,172310,93.61209916,E01016391,1,1,0,0,Dry,Dual carriageway,None,40,17:30:00,Urban,Fine no high winds,No,46 - 55,11,Urban area,8,748,None,None,Journey as part of work,Not at or within 20 metres of junction,,,Petrol,Male,Skidded,No tow/articulation,Did not leave carriageway,0,Slowing or stopping,1,Motorcycle over 500cc,No,Nearside,2019
200954EC21309,A,342,Unclassified,0,Serious,None,21-11-2021,Tuesday,1,Give way or uncontrolled,T or staggered junction,27.0956682,Daylight,410070,156360,93.61052686,E01031882,1,4,0,0,Dry,Single carriageway,None,60,16:28:00,Rural,Fine no high winds,No,46 - 55,11,Urban area,4,1157,None,None,Other/Not known (2005-10),Approaching junction or waiting/parked at junction approach,,GSF 1200 X,Petrol,Male,Skidded,No tow/articulation,Did not leave carriageway,0,Overtaking moving vehicle - offside,1,Motorcycle over 500cc,No,Front,2019
20083104C3342,A,453,A,6019,Serious,None,31-03-2019,Saturday,1,Auto traffic signal,T or staggered junction,27.09793247,Daylight,457000,339010,93.63187598,E01013870,2,2,0,5,Dry,Single carriageway,None,40,16:10:00,Urban,Fine no high winds,No,46 - 55,11,Urban area,NA,1973,None,None,Journey as part of work,Leaving main road,,CR-V 2.0I LS,Petrol,Male,None,No tow/articulation,Did not leave carriageway,0,Turning right,2,Car,No,Nearside,2019
200932D290609,B,1308,NA,0,Serious,None,26-05-2019,Friday,1,Data missing or out of range,Not at junction or within 20 metres,26.7348236,Daylight,497070,371600,94.20544203,E01026143,2,5,0,0,Dry,Single carriageway,None,30,11:20:00,Urban,Fine no high winds,No,46 - 55,11,Urban area,5,1896,None,None,Other/Not known (2005-10),Not at or within 20 metres of junction,,A4 1.9 TDI SE,Heavy oil,Male,None,No tow/articulation,Did not leave carriageway,0,Parked,4,Car,No,Front,2019
201042I357211,A,13,NA,0,Serious,None,15-10-2019,Tuesday,1,Not at junction or within 20 metres,Not at junction or within 20 metres,25.77205217,Daylight,559230,179790,87.47913488,E01015942,1,2,0,0,Dry,Dual carriageway,None,70,06:29:00,Rural,Fine no high winds,No,46 - 55,11,Urban area,2,781,None,None,Commuting to/from work,Not at or within 20 metres of junction,,VFR800F,Petrol,Male,None,No tow/articulation,Did not leave carriageway,0,Going ahead other,2,Motorcycle over 500cc,No,Offside,2019
200842I049202,A,127,NA,0,Serious,Any animal in carriageway (except ridden horse),24-04-2021,Wednesday,1,Not at junction or within 20 metres,Not at junction or within 20 metres,25.77743596,Daylight,576480,190900,87.46145064,E01021344,1,1,0,0,Dry,Dual carriageway,None,70,14:58:00,Rural,Fine no high winds,No,46 - 55,11,Urban area,6,1796,Any animal (except ridden horse),None,Other/Not known (2005-10),Not at or within 20 metres of junction,,MONDEO VERONA,Petrol,Male,None,No tow/articulation,Did not leave carriageway,0,Going ahead other,1,Car,No,Front,2019
200950AH2N006,B,3293,Unclassified,0,Serious,None,25-12-2019,Sunday,1,Give way or uncontrolled,T or staggered junction,25.77507694,Daylight,178920,21150,87.47914371,E01018920,1,2,0,0,Dry,Single carriageway,None,30,16:57:00,Rural,Fine no high winds,No,46 - 55,11,Rural,5,892,None,None,Other/Not known (2005-10),Approaching junction or waiting/parked at junction approach,,XJ 900 S,Petrol,Male,None,No tow/articulation,Did not leave carriageway,0,Going ahead other,2,Motorcycle over 500cc,No,Front,2019
200942I206307,A,1013,NA,0,Serious,None,19-09-2019,Friday,1,Not at junction or within 20 metres,Not at junction or within 20 metres,15.33549904,Daylight,561660,178180,74.0147551,E01015956,2,1,0,4,Wet or damp,Single carriageway,None,30,09:20:00,Urban,Fine no high winds,No,46 - 55,11,Small town,5,1598,None,None,Other/Not known (2005-10),Not at or within 20 metres of junction,,LANOS SX,Petrol,Male,None,No tow/articulation,Did not leave carriageway,0,Going ahead right-hand bend,1,Car,No,Nearside,2019
200804BA08063,A,683,NA,0,Serious,None,22-03-2020,Wednesday,1,Data missing or out of range,Not at junction or within 20 metres,23.03732572,Daylight,360090,471690,72.65125978,E01025166,1,3,0,0,Dry,Dual carriageway,None,60,18:50:00,Rural,Fine no high winds,No,46 - 55,11,Urban area,1,1498,None,None,Other/Not known (2005-10),Not at or within 20 metres of junction,,MENTOR GLX,Petrol,Male,None,No tow/articulation,Did not leave carriageway,0,Going ahead other,2,Car,No,Offside,2019
200843S091038,A,509,NA,0,Serious,None,11-07-2020,Tuesday,1,Data missing or out of range,Not at junction or within 20 metres,23.00864521,Daylight,485400,239510,72.5589183,E01016730,3,3,0,0,Wet or damp,Dual carriageway,None,70,09:50:00,Urban,Fine no high winds,No,46 - 55,11,Small town,9,2498,None,None,Other/Not known (2005-10),Not at or within 20 metres of junction,,VECTRA CDX V6,Petrol,Male,None,No tow/articulation,Did not leave carriageway,6,Parked,3,Car,No,Offside,2019
20084100G0655,A,507,C,10,Serious,None,14-03-2021,Saturday,1,Give way or uncontrolled,Roundabout,23.01961649,Daylight,525160,233550,72.58996861,E01023591,1,2,0,0,Dry,Roundabout,None,40,13:43:00,Urban,Fine no high winds,No,46 - 55,11,Urban area,5,1905,None,None,Other/Not known (2005-10),Entering roundabout,,XANTIA 1.9 TD DESIRE,Heavy oil,Male,None,No tow/articulation,Did not leave carriageway,0,Moving off,1,Car,No,Offside,2019
200830C000184,A,6135,Unclassified,0,Serious,None,18-11-2019,Wednesday,1,Give way or uncontrolled,Private drive or entrance,23.08451789,Daylight,443410,379570,72.5993685,E01019791,1,2,0,0,Dry,Single carriageway,None,60,16:35:00,Rural,Fine no high winds,No,46 - 55,11,Urban area,NA,918,None,Lamp post,Other/Not known (2005-10),Mid Junction - on roundabout or on main road,,CBR900RR,Petrol,Male,None,No tow/articulation,Nearside,0,Going ahead other,1,Motorcycle over 500cc,No,Nearside,2019
200945SP36961,A,308,NA,,Serious,None,06-04-2020,Tuesday,1,Give way or uncontrolled,Private drive or entrance,28.40921259,Daylight,511580,169470,77.07850499,E01030756,1,2,0,8,Dry,Single carriageway,None,40,14:09:00,Urban,Fine no high winds,No,46 - 55,11,Urban area,10,598,Bollard or refuge,None,Other/Not known (2005-10),Cleared junction or waiting/parked at junction exit,,XJ 600 S DIVERSION,Petrol,Male,None,No tow/articulation,Did not leave carriageway,0,Overtaking moving vehicle - offside,2,Motorcycle over 500cc,No,Front,2019
200901CW11307,Unclassified,0,Unclassified,0,Serious,None,01-06-2021,Thursday,1,Give way or uncontrolled,T or staggered junction,28.41460888,Daylight,524510,182820,77.07008159,E01004722,1,2,0,0,Dry,Single carriageway,None,30,19:21:00,Urban,Fine no high winds,No,46 - 55,11,Urban area,1,1084,None,None,Other/Not known (2005-10),Mid Junction - on roundabout or on main road,,ST1100A,Petrol,Male,None,No tow/articulation,Did not leave carriageway,0,Going ahead other,2,Motorcycle over 500cc,No,Front,2019
200901XD80187,B,455,Unclassified,0,Serious,None,11-04-2021,Tuesday,1,Give way or uncontrolled,T or staggered junction,28.46637998,Daylight,512160,182810,76.99524991,E01001332,1,1,0,1,Dry,Single carriageway,None,30,12:43:00,Urban,Fine no high winds,No,46 - 55,11,Urban area,2,1360,None,None,Other/Not known (2005-10),Mid Junction - on roundabout or on main road,,306 VERVE,Petrol,Male,None,No tow/articulation,Did not leave carriageway,0,Going ahead other,1,Car,No,Front,2019
200942I035102,Unclassified,0,NA,0,Serious,None,31-05-2021,Friday,1,Not at junction or within 20 metres,Not at junction or within 20 metres,28.47306351,Daylight,581280,194160,77.07528599,E01021945,2,3,0,0,Wet or damp,Single carriageway,None,60,16:00:00,Rural,Fine no high winds,No,46 - 55,11,Small town,9,1275,None,Entered ditch,Other/Not known (2005-10),Not at or within 20 metres of junction,,MICRA GX,Petrol,Male,Skidded,No tow/articulation,Nearside,0,Going ahead other,2,Car,No,Front,2019
200997AB05108,Unclassified,0,A,8,Serious,None,14-12-2019,Saturday,1,Auto traffic signal,Crossroads,13.00452806,Daylight,259800,665140,77.56175286,,3,2,0,4,Dry,Single carriageway,None,30,10:10:00,Urban,Fine no high winds,Yes,46 - 55,11,Urban area,NA,2664,None,None,Journey as part of work,Cleared junction or waiting/parked at junction exit,,TX1 BRONZE,Heavy oil,Male,None,No tow/articulation,Did not leave carriageway,0,Turning right,1,Taxi/Private hire car,No,Front,2020
2008558D02919,A,3030,NA,0,Serious,None,31-05-2020,Saturday,1,Not at junction or within 20 metres,Not at junction or within 20 metres,12.97251848,Daylight,367710,113340,77.60980603,E01020541,1,4,0,0,Wet or damp,Single carriageway,Oil or diesel,60,16:30:00,Rural,Fine no high winds,No,46 - 55,11,Small town,9,1762,None,None,Other/Not known (2005-10),Not at or within 20 metres of junction,,CARINA E SI,Petrol,Male,None,No tow/articulation,Did not leave carriageway,0,Going ahead right-hand bend,3,Car,No,Offside,2020
20104100G0670,A,600,NA,,Serious,None,19-12-2019,Saturday,1,Give way or uncontrolled,Private drive or entrance,13.02367525,Daylight,517520,232640,77.56872544,E01023594,2,3,0,0,Wet or damp,Single carriageway,None,60,13:10:00,Rural,Fine no high winds,No,46 - 55,11,Urban area,9,1275,None,None,Other/Not known (2005-10),Mid Junction - on roundabout or on main road,,MINI COOPER,Petrol,Male,None,No tow/articulation,Did not leave carriageway,0,Waiting to turn right,2,Car,No,Nearside,2020
200905FF30812,A,5058,NA,0,Serious,None,21-08-2020,Friday,1,Data missing or out of range,Not at junction or within 20 metres,12.98352345,Daylight,340350,389710,77.55988465,E01006577,1,2,0,0,Dry,Dual carriageway,None,40,16:30:00,Urban,Fine no high winds,No,46 - 55,11,Small town,9,487,None,None,Commuting to/from work,Not at or within 20 metres of junction,,GS 500 EW,Petrol,Male,None,No tow/articulation,Did not leave carriageway,0,Waiting to go - held up,2,Motorcycle over 500cc,No,Nearside,2020
201037L018109,A,146,A,1117,Serious,None,08-09-2020,Friday,1,Auto traffic signal,T or staggered junction,12.97809377,Daylight,651880,292110,77.66461104,E01030235,1,2,0,0,Dry,Single carriageway,None,30,16:30:00,Urban,Fine no high winds,No,46 - 55,11,Urban area,6,9600,None,None,Journey as part of work,Mid Junction - on roundabout or on main road,,,Heavy oil,Male,None,No tow/articulation,Did not leave carriageway,0,Turning left,1,Bus or coach (17 or more pass seats),No,Offside,2020
20093104B0881,A,1,A,17,Serious,None,15-11-2020,Sunday,2,Give way or uncontrolled,Roundabout,13.00049012,Daylight,481540,355950,77.60285193,E01028353,2,2,0,0,Dry,Roundabout,None,50,17:45:00,Rural,Fine no high winds,No,46 - 55,11,Rural,9,1598,None,None,Other/Not known (2005-10),Mid Junction - on roundabout or on main road,,MEGANE RT SPORT 1.6E,Petrol,Male,None,No tow/articulation,Did not leave carriageway,0,Turning right,2,Car,No,Nearside,2020
200901TE00172,A,219,Unclassified,0,Serious,None,16-11-2020,Wednesday,1,Give way or uncontrolled,T or staggered junction,13.01161892,Daylight,523800,177410,77.64743132,E01001887,1,2,0,0,Dry,Single carriageway,None,30,14:56:00,Urban,Fine no high winds,No,46 - 55,11,Urban area,3,1984,None,None,Other/Not known (2005-10),Leaving main road,,GOLF CABRIOLET AV-GE AUTO,Petrol,Male,None,No tow/articulation,Did not leave carriageway,0,Turning right,1,Car,No,Front,2020
200920H012902,A,41,Unclassified,0,Serious,None,23-07-2021,Friday,1,Give way or uncontrolled,T or staggered junction,12.98160849,Daylight,397110,295770,77.56069626,E01010314,1,1,0,4,Dry,Dual carriageway,None,40,15:50:00,Urban,Fine no high winds,No,46 - 55,11,Urban area,4,5480,None,None,Journey as part of work,Cleared junction or waiting/parked at junction exit,,,Heavy oil,Male,None,No tow/articulation,Did not leave carriageway,0,Going ahead other,1,Goods 7.5 tonnes mgw and over,No,Nearside,2020
200901XD80017,A,4020,Unclassified,0,Serious,None,18-02-2019,Wednesday,1,Give way or uncontrolled,T or staggered junction,13.02328719,Daylight,513080,180340,77.56351991,E01001361,1,2,0,0,Wet or damp,Single carriageway,None,30,15:57:00,Urban,Fine no high winds,No,46 - 55,11,Urban area,5,1896,None,None,Other/Not known (2005-10),Mid Junction - on roundabout or on main road,,PASSAT SE TDI AUTO,Heavy oil,Male,None,No tow/articulation,Did not leave carriageway,0,Turning right,2,Car,No,Nearside,2020
200845RE28680,Motorway,25,NA,0,Serious,None,18-07-2020,Sunday,1,Data missing or out of range,Not at junction or within 20 metres,12.99240044,Daylight,530530,153340,77.59574929,E01030600,1,1,0,0,Dry,Dual carriageway,None,70,12:08:00,Rural,Fine no high winds,No,46 - 55,11,Urban area,7,535,None,None,Other/Not known (2005-10),Not at or within 20 metres of junction,,,Petrol,Male,None,No tow/articulation,Did not leave carriageway,6,Parked,1,Motorcycle over 500cc,No,Did not impact,2020
200922D900151,Unclassified,0,Unclassified,0,Serious,None,08-05-2021,Sunday,1,Give way or uncontrolled,Roundabout,8.867807338,Daylight,408800,277070,76.66236706,E01032146,4,2,0,0,Dry,Roundabout,None,30,10:00:00,Urban,Fine no high winds,No,46 - 55,11,Data missing or out of range,NA,1599,None,None,Other/Not known (2005-10),Leaving roundabout,,LANTRA SI,Petrol,Male,None,No tow/articulation,Did not leave carriageway,0,Going ahead other,2,Car,No,Nearside,2020
20093102D2880,A,46,NA,0,Serious,None,23-07-2020,Wednesday,1,Data missing or out of range,Not at junction or within 20 metres,8.879569135,Daylight,471410,343610,76.61614013,E01028403,2,3,0,0,Dry,Single carriageway,None,60,15:06:00,Rural,Fine no high winds,No,46 - 55,11,Rural,5,10000,None,None,Journey as part of work,Not at or within 20 metres of junction,,,Heavy oil,Male,None,No tow/articulation,Did not leave carriageway,0,Going ahead other,2,Goods 7.5 tonnes mgw and over,No,Front,2020
2009400D02958,B,530,Unclassified,0,Serious,None,19-02-2020,Friday,1,Give way or uncontrolled,T or staggered junction,18.63390799,Darkness - lights lit,503450,238160,73.87797406,E01017374,1,1,0,1,Dry,Single carriageway,None,20,20:23:00,Urban,Fine no high winds,No,16 - 20,10,Small town,9,1199,None,None,Other/Not known (2005-10),Approaching junction or waiting/parked at junction approach,,CORSA CLUB 16V,Petrol,Male,None,No tow/articulation,Did not leave carriageway,0,Going ahead other,1,Car,No,Nearside,2021
2009160D03250,Unclassified,0,Unclassified,0,Serious,None,14-09-2019,Tuesday,1,Give way or uncontrolled,Crossroads,28.42271148,Daylight,505280,430570,77.01056308,E01012798,2,2,0,0,Dry,Single carriageway,None,20,20:15:00,Urban,Fine no high winds,No,16 - 20,10,Urban area,2,1149,None,None,Other/Not known (2005-10),Approaching junction or waiting/parked at junction approach,,CLIO RN,Petrol,Male,None,No tow/articulation,Did not leave carriageway,0,Overtaking static vehicle - offside,1,Car,No,Front,2019
200920F135301,Unclassified,0,NA,0,Serious,None,06-09-2019,Thursday,1,Data missing or out of range,Not at junction or within 20 metres,28.55879194,Daylight,407300,287120,77.18456422,E01009191,1,1,0,4,Dry,Single carriageway,None,20,15:25:00,Urban,Fine no high winds,No,16 - 20,10,Data missing or out of range,NA,1120,None,None,Other/Not known (2005-10),Not at or within 20 metres of junction,,211 SE 8V,Petrol,Male,Skidded,No tow/articulation,Did not leave carriageway,0,Going ahead other,1,Car,No,Front,2020
2010160A00201,Unclassified,0,NA,0,Serious,None,24-01-2010,Sunday,1,Data missing or out of range,Not at junction or within 20 metres,53.565451,Daylight,530410,409450,-0.032342,E01013199,1,1,0,0,Wet or damp,Single carriageway,None,20,14:12:00,Urban,Raining no high winds,No,16 - 20,10,Urban area,5,1242,None,None,Other/Not known (2005-10),Not at or within 20 metres of junction,FIAT,PUNTO ELX 16V,Petrol,Female,None,No tow/articulation,Did not leave carriageway,0,Going ahead other,1,Car,No,Nearside,2010
201043R230090,Unclassified,7302,NA,0,Serious,None,20-05-2019,Wednesday,1,Data missing or out of range,Not at junction or within 20 metres,15.20801935,Darkness - lights lit,500270,179110,73.98016132,E01016505,1,1,0,1,Wet or damp,Single carriageway,None,20,19:53:00,Urban,Raining no high winds,No,21 - 25,10,Urban area,6,1390,None,None,Other/Not known (2005-10),Not at or within 20 metres of junction,,POLO S,Petrol,Male,None,No tow/articulation,Did not leave carriageway,0,Going ahead other,1,Car,No,Nearside,2019
200920F097401,Unclassified,0,NA,0,Serious,None,01-06-2020,Wednesday,1,Data missing or out of range,Not at junction or within 20 metres,18.5490673,Daylight,407320,287110,73.84081145,E01009150,1,1,0,4,Dry,Single carriageway,None,20,15:28:00,Urban,Fine no high winds,No,21 - 25,10,Urban area,1,11967,None,None,Other/Not known (2005-10),Not at or within 20 metres of junction,,,Heavy oil,Male,None,No tow/articulation,Did not leave carriageway,0,Slowing or stopping,1,Bus or coach (17 or more pass seats),No,Nearside,2021
2008170M22068,Unclassified,0,NA,0,Serious,None,21-04-2019,Tuesday,1,Data missing or out of range,Not at junction or within 20 metres,26.43946672,Daylight,452770,519370,80.277198,E01012060,1,2,0,0,Dry,Single carriageway,None,20,19:27:00,Urban,Fine no high winds,No,26 - 35,10,Urban area,2,1242,None,None,Other/Not known (2005-10),Not at or within 20 metres of junction,,PUNTO 60 TEAM,Petrol,Male,None,No tow/articulation,Did not leave carriageway,0,Going ahead other,1,Car,No,Front,2020
200901KG76939,A,124,NA,0,Serious,None,15-11-2019,Tuesday,1,Data missing or out of range,Not at junction or within 20 metres,18.64101678,Daylight,548980,186660,73.92509224,E01000101,1,3,0,0,Frost or ice,Single carriageway,None,20,13:53:00,Urban,Fine no high winds,No,26 - 35,10,Urban area,2,1598,None,None,Other/Not known (2005-10),Not at or within 20 metres of junction,,,Petrol,Male,None,No tow/articulation,Did not leave carriageway,0,Parked,3,Car,No,Nearside,2021
200950DE2D013,Unclassified,0,Unclassified,0,Serious,None,02-07-2020,Tuesday,1,Give way or uncontrolled,T or staggered junction,26.72605243,Daylight,294470,94350,94.19386877,E01019991,1,1,0,0,Dry,Single carriageway,None,20,15:30:00,Urban,Fine no high winds,No,26 - 35,10,Urban area,8,1360,None,None,Commuting to/from work,Approaching junction or waiting/parked at junction approach,,206 LX,Petrol,Female,None,No tow/articulation,Did not leave carriageway,0,Going ahead other,1,Car,No,Front,2019
200814B024408,Unclassified,0,Unclassified,0,Serious,None,07-03-2021,Saturday,1,Give way or uncontrolled,More than 4 arms (not roundabout),18.49610127,Daylight,437410,400600,73.90694803,E01007391,1,2,0,1,Dry,Single carriageway,None,20,12:38:00,Urban,Fine no high winds,No,36 - 45,10,Urban area,NA,649,None,None,Other/Not known (2005-10),Cleared junction or waiting/parked at junction exit,,,Petrol,Male,None,No tow/articulation,Did not leave carriageway,0,Going ahead other,1,Motorcycle over 500cc,No,Front,2021
201005EE02178,Unclassified,0,NA,0,Serious,None,12-03-2010,Friday,1,Data missing or out of range,Not at junction or within 20 metres,53.429875,Daylight,336730,392990,-2.953736,E01006545,1,1,0,0,Dry,Single carriageway,None,20,17:30:00,Urban,Fine no high winds,No,36 - 45,10,Urban area,1,1910,None,None,Other/Not known (2005-10),Not at or within 20 metres of junction,FIAT,MULTIPLA JTD 105 SX,Heavy oil,Male,None,No tow/articulation,Did not leave carriageway,0,Going ahead other,1,Car,No,Offside,2010
200830A000171,A,6007,Unclassified,0,Serious,None,04-03-2020,Wednesday,1,Give way or uncontrolled,T or staggered junction,14.77397946,Darkness - lights lit,444030,345740,78.5261796,E01019436,3,3,0,5,Dry,Single carriageway,None,30,20:29:00,Urban,Fine no high winds,No,16 - 20,10,Urban area,NA,49,None,None,Other/Not known (2005-10),Approaching junction or waiting/parked at junction approach,,F-15 RR,Petrol,Male,None,No tow/articulation,Did not leave carriageway,0,Going ahead other,3,Motorcycle 50cc and under,No,Front,2019
200942I231807,Unclassified,0,NA,0,Serious,None,01-11-2019,Saturday,1,Not at junction or within 20 metres,Not at junction or within 20 metres,27.099547,Darkness - lights lit,619290,215640,93.62305218,E01022034,3,1,0,0,Dry,Single carriageway,None,30,22:20:00,Urban,Fine no high winds,No,16 - 20,10,Urban area,1,1242,None,None,Other/Not known (2005-10),Not at or within 20 metres of junction,,FIESTA GHIA 16V,Petrol,Male,Skidded and overturned,No tow/articulation,Nearside,0,Going ahead right-hand bend,1,Car,No,Front,2019
200804FE08069,A,56,NA,0,Serious,None,09-04-2021,Thursday,1,Data missing or out of range,Not at junction or within 20 metres,25.776594,Darkness - lights lit,390140,444580,87.4727457,E01025199,1,2,0,8,Wet or damp,Single carriageway,None,30,18:50:00,Rural,Fine no high winds,No,16 - 20,10,Small town,5,49,Kerb,None,Other/Not known (2005-10),Not at or within 20 metres of junction,,AY 50 WV,Petrol,Male,Skidded,No tow/articulation,Did not leave carriageway,0,Going ahead other,1,Motorcycle 50cc and under,No,Front,2019
200922D905756,Unclassified,0,Unclassified,0,Serious,None,04-02-2020,Wednesday,1,Give way or uncontrolled,Private drive or entrance,22.08492627,Darkness - lights lit,384290,280210,82.14088199,E01032439,1,2,0,0,Dry,Single carriageway,None,30,19:29:00,Rural,Fine no high winds,No,16 - 20,10,Data missing or out of range,NA,738,Kerb,None,Other/Not known (2005-10),Approaching junction or waiting/parked at junction approach,,ZR750-F1,Petrol,Male,None,No tow/articulation,Offside,0,Going ahead other,1,Motorcycle over 500cc,No,Front,2019
200801MM70967,A,205,C,0,Serious,None,06-11-2020,Thursday,1,Give way or uncontrolled,T or staggered junction,22.05818989,Darkness - lights lit,532950,173050,82.1941957,E01003951,1,1,0,0,Dry,Single carriageway,None,30,00:17:00,Urban,Fine no high winds,No,16 - 20,10,Urban area,3,1388,Bollard or refuge,None,Other/Not known (2005-10),Cleared junction or waiting/parked at junction exit,,PUMA 1.4 16V,Petrol,Male,Overturned,No tow/articulation,Did not leave carriageway,0,Going ahead left-hand bend,1,Car,No,Offside,2019
200904EA09034,A,6061,NA,0,Serious,None,27-03-2019,Wednesday,1,Data missing or out of range,Not at junction or within 20 metres,22.06229563,Darkness - lights lit,364440,425620,82.16694587,E01012610,3,2,0,0,Wet or damp,Single carriageway,None,30,22:10:00,Urban,Fine no high winds,No,16 - 20,10,Urban area,6,1598,None,None,Other/Not known (2005-10),Not at or within 20 metres of junction,,ASTRA CLUB 8V,Petrol,Male,None,No tow/articulation,Nearside,0,Going ahead other,2,Car,No,Front,2019
200750F31K942,Unclassified,0,Unclassified,0,Serious,None,25-09-2019,Thursday,1,Auto traffic signal,Crossroads,15.18249738,Darkness - lights lit,290520,64230,74.1412068,E01015212,1,2,0,0,Dry,Single carriageway,None,30,21:31:00,Urban,Fine no high winds,No,16 - 20,10,Urban area,3,49,None,None,Data missing or out of range,Approaching junction or waiting/parked at junction approach,,,Petrol,Male,None,No tow/articulation,Did not leave carriageway,0,Going ahead other,1,Motorcycle 50cc and under,No,Front,2019
200942I322210,Unclassified,0,Unclassified,0,Serious,None,07-06-2019,Saturday,1,Give way or uncontrolled,T or staggered junction,22.72660938,Darkness - lights lit,584700,207040,75.84511385,E01021891,2,1,0,0,Wet or damp,Single carriageway,None,30,23:05:00,Urban,Fine no high winds,No,16 - 20,10,Urban area,4,1360,None,Telegraph or electricity pole,Other/Not known (2005-10),Mid Junction - on roundabout or on main road,,306 LX,Petrol,Male,Skidded and overturned,No tow/articulation,Offside,0,Going ahead right-hand bend,1,Car,No,Nearside,2020
200901TW60018,B,353,Unclassified,0,Serious,None,31-05-2021,Wednesday,1,Give way or uncontrolled,T or staggered junction,26.4728619,Darkness - lights lit,518790,174440,74.64044102,E01003878,2,2,0,0,Dry,Single carriageway,None,30,17:20:00,Urban,Fine no high winds,No,16 - 20,10,Urban area,5,1299,None,None,Other/Not known (2005-10),Approaching junction or waiting/parked at junction approach,,KA 2,Petrol,Male,None,No tow/articulation,Did not leave carriageway,0,Turning right,2,Car,No,Front,2020
200737B027875,Unclassified,9999,NA,0,Serious,None,05-08-2021,Saturday,1,Data missing or out of range,Not at junction or within 20 metres,26.45241402,Darkness - lights lit,604680,275760,74.6402793,E01030066,1,1,0,0,Dry,Single carriageway,None,30,00:08:00,Rural,Fine no high winds,No,16 - 20,10,Small town,10,1195,None,None,Other/Not known (2005-10),Not at or within 20 metres of junction,,CORSA GLS 1.2I,Petrol,Male,None,No tow/articulation,Did not leave carriageway,0,Going ahead other,1,Car,No,Front,2020
200742I444811,A,1015,Unclassified,0,Serious,None,23-11-2019,Saturday,1,Give way or uncontrolled,T or staggered junction,26.46107638,Darkness - lights lit,582990,189280,74.5877631,E01015837,1,2,0,4,Dry,Single carriageway,None,30,22:30:00,Urban,Fine no high winds,No,16 - 20,10,Urban area,9,1242,None,None,Other/Not known (2005-10),Entering main road,,FIESTA CHICANE,Petrol,Male,None,No tow/articulation,Did not leave carriageway,0,Turning right,1,Car,No,Offside,2020
20094100G0818,Unclassified,723,Unclassified,701,Serious,None,11-12-2021,Monday,1,Give way or uncontrolled,T or staggered junction,28.63637855,Darkness - lights lit,521970,234070,77.13065887,E01023637,1,1,0,0,Wet or damp,Single carriageway,None,30,23:30:00,Urban,Fine no high winds,No,16 - 20,10,Urban area,8,973,None,None,Other/Not known (2005-10),Approaching junction or waiting/parked at junction approach,,CORSA ENVOY 12V,Petrol,Male,None,No tow/articulation,Did not leave carriageway,0,Moving off,1,Car,No,Front,2020
201042I311009,Unclassified,0,Unclassified,0,Serious,None,24-04-2019,Sunday,1,Give way or uncontrolled,Roundabout,28.57523672,Darkness - lights lit,557890,177270,77.19576052,E01016012,1,1,0,0,Dry,Roundabout,None,30,01:27:00,Urban,Fine no high winds,No,16 - 20,10,Rural,4,599,None,None,Other/Not known (2005-10),Approaching junction or waiting/parked at junction approach,,ZX600-J1,Petrol,Male,Skidded and overturned,No tow/articulation,Did not leave carriageway,0,Going ahead other,1,Motorcycle over 500cc,No,Nearside,2020
200906B020271,A,6,NA,0,Serious,None,08-11-2021,Thursday,1,Not at junction or within 20 metres,Not at junction or within 20 metres,28.64317436,Darkness - lights lit,385260,397120,77.36708983,E01005065,1,1,0,4,Dry,Unknown,None,30,22:15:00,Urban,Fine no high winds,No,16 - 20,10,Urban area,5,1595,Bollard or refuge,Near/Offside crash barrier,Other/Not known (2005-10),Not at or within 20 metres of junction,,BORA SE,Petrol,Male,Skidded,No tow/articulation,Did not leave carriageway,0,Going ahead other,1,Car,No,Front,2021