Accident_Index,1st_Road_Class,1st_Road_Number,2nd_Road_Class,2nd_Road_Number,Accident_Severity,Carriageway_Hazards,Date,Day_of_Week,Did_Police_Officer_Attend_Scene_of_Accident,Junction_Control,Junction_Detail,Latitude,Light_Conditions,Location_Easting_OSGR,Location_Northing_OSGR,Longitude,LSOA_of_Accident_Location,Number_of_Casualties,Number_of_Vehicles,Pedestrian_Crossing-Human_Control,Pedestrian_Crossing-Physical_Facilities,Road_Surface_Conditions,Road_Type,Special_Conditions_at_Site,Speed_limit,Time,Urban_or_Rural_Area,Weather_Conditions,InScotland,Age_Band_of_Driver,Age_of_Vehicle,Driver_Home_Area_Type,Driver_IMD_Decile,Engine_Capacity_.CC.,Hit_Object_in_Carriageway,Hit_Object_off_Carriageway,Journey_Purpose_of_Driver,Junction_Location,make,model,Propulsion_Code,Sex_of_Driver,Skidding_and_Overturning,Towing_and_Articulation,Vehicle_Leaving_Carriageway,Vehicle_Location.Restricted_Lane,Vehicle_Manoeuvre,Vehicle_Reference,Vehicle_Type,Was_Vehicle_Left_Hand_Drive,X1st_Point_of_Impact,Year
2008160C08510,A,164,NA,0,Serious,None,12-07-2020,Monday,1,Data missing or out of range,Not at junction or within 20 metres,8.896032156,Darkness - no lighting,501470,445060,76.62175224,E01012923,2,2,0,0,Wet or damp,Single carriageway,None,50,17:35:00,Rural,Fine no high winds,No,26 - 35,10,Urban area,1,1998,None,None,Commuting to/from work,Not at or within 20 metres of junction,,VECTRA SRI 140,Petrol,Male,None,No tow/articulation,Did not leave carriageway,0,Going ahead right-hand bend,1,Car,No,Nearside,2020
200822E801130,A,4137,B,4521,Serious,None,07-11-2020,Saturday,2,Stop sign,Crossroads,18.53838906,Darkness - no lighting,353920,224810,73.92228581,E01014059,2,2,0,0,Wet or damp,Single carriageway,None,50,17:00:00,Rural,Fine no high winds,No,26 - 35,10,Rural,5,1796,None,Entered ditch,Other/Not known (2005-10),Approaching junction or waiting/parked at junction approach,,218 VVC COUPE,Petrol,Male,Skidded and overturned,No tow/articulation,Offside,0,Going ahead other,1,Car,No,Front,2021
200901PY29001,A,20,NA,0,Serious,None,16-08-2020,Monday,1,Data missing or out of range,Not at junction or within 20 metres,8.871119259,Darkness - no lighting,546610,170520,76.6303281,E01000428,1,2,0,0,Frost or ice,Dual carriageway,None,50,18:10:00,Rural,Snowing no high winds,No,26 - 35,10,Rural,5,1900,None,None,Other/Not known (2005-10),Not at or within 20 metres of junction,,GOLF GT TDI,Heavy oil,Male,None,No tow/articulation,Did not leave carriageway,0,Waiting to go - held up,2,Car,No,Back,2020
200945GU39860,A,246,NA,0,Serious,None,13-05-2021,Saturday,1,Data missing or out of range,Not at junction or within 20 metres,22.09685076,Daylight,505470,151450,82.17489328,E01030440,1,1,0,0,Dry,Dual carriageway,None,50,20:25:00,Rural,Fine no high winds,No,26 - 35,10,Rural,10,599,Kerb,Tree,Other/Not known (2005-10),Not at or within 20 metres of junction,,FZS 600,Petrol,Male,Skidded,No tow/articulation,Nearside,0,Going ahead right-hand bend,1,Motorcycle over 500cc,No,Front,2019
200930B000226,A,5004,NA,0,Serious,None,25-10-2019,Sunday,1,Data missing or out of range,Not at junction or within 20 metres,26.45535096,Daylight,401840,377730,80.30801678,E01019714,1,1,0,0,Dry,Single carriageway,None,50,16:55:00,Rural,Fine no high winds,No,26 - 35,10,Urban area,9,899,None,Tree,Other/Not known (2005-10),Not at or within 20 metres of junction,,ZX900-C2,Petrol,Male,None,No tow/articulation,Nearside,0,Going ahead right-hand bend,1,Motorcycle over 500cc,No,Front,2020
200950BE2A001,A,38,NA,0,Serious,None,28-05-2019,Saturday,1,Not at junction or within 20 metres,Not at junction or within 20 metres,28.59944042,Daylight,211340,64440,77.15962083,E01018766,2,3,0,0,Wet or damp,Single carriageway,None,50,07:35:00,Rural,Fine no high winds,No,26 - 35,10,Urban area,6,2544,None,None,Other/Not known (2005-10),Not at or within 20 metres of junction,,MONDEO GHIA X AUTO,Petrol,Male,None,No tow/articulation,Did not leave carriageway,0,Going ahead right-hand bend,3,Car,No,Front,2021
200932B301409,A,52,NA,0,Serious,None,23-04-2020,Wednesday,1,Data missing or out of range,Not at junction or within 20 metres,19.77576359,Daylight,485550,337630,73.42708084,E01026365,3,3,0,0,Dry,Single carriageway,None,50,12:20:00,Rural,Fine no high winds,No,26 - 35,10,Data missing or out of range,NA,1598,None,None,Other/Not known (2005-10),Not at or within 20 metres of junction,,ASTRA CLUB 8V,Petrol,Male,None,No tow/articulation,Did not leave carriageway,0,Going ahead other,2,Car,No,Front,2021
200914K175809,C,417,Unclassified,0,Serious,None,24-01-2019,Monday,1,Give way or uncontrolled,T or staggered junction,14.67553141,Daylight,429670,383840,78.57709335,E01007939,2,2,0,0,Wet or damp,Single carriageway,None,50,18:40:00,Rural,Fine no high winds,No,26 - 35,10,Urban area,2,1242,None,None,Other/Not known (2005-10),Mid Junction - on roundabout or on main road,,FIESTA LX ZETEC,Petrol,Male,Skidded,No tow/articulation,Did not leave carriageway,0,Going ahead other,2,Car,No,Front,2019
201043R213080,A,308,NA,0,Serious,Other object on road,06-04-2020,Sunday,1,Data missing or out of range,Not at junction or within 20 metres,19.13267569,Daylight,497840,175060,72.93358849,E01016596,2,3,0,0,Dry,Single carriageway,None,50,16:20:00,Rural,Fine no high winds,No,26 - 35,10,Urban area,10,1124,None,None,Other/Not known (2005-10),Not at or within 20 metres of junction,,106 INDEPENDENCE,Petrol,Female,None,No tow/articulation,Did not leave carriageway,0,Slowing or stopping,1,Car,No,Front,2021
201042I158805,Unclassified,0,NA,0,Serious,None,26-03-2019,Thursday,1,Not at junction or within 20 metres,Not at junction or within 20 metres,26.75731547,Daylight,549620,214910,94.17775962,E01021795,2,2,0,0,Wet or damp,Single carriageway,None,50,06:35:00,Rural,Fine no high winds,No,36 - 45,10,Data missing or out of range,NA,1596,None,None,Other/Not known (2005-10),Not at or within 20 metres of junction,,FOCUS GHIA AUTO,Petrol,Male,None,No tow/articulation,Nearside,0,Going ahead left-hand bend,2,Car,No,Front,2019
201042I232607,A,1089,A,13,Serious,None,23-02-2019,Sunday,1,Give way or uncontrolled,Slip road,26.72362964,Daylight,563010,180980,94.19697333,E01015977,2,1,0,0,Dry,Dual carriageway,None,50,18:45:00,Rural,Fine no high winds,No,36 - 45,10,Urban area,6,600,None,Central crash barrier,Other/Not known (2005-10),Entering from slip road,,GSF 600 Y,Petrol,Male,Skidded and overturned,No tow/articulation,Offside on to centrl res + rebounded,0,Going ahead left-hand bend,1,Motorcycle over 500cc,No,Front,2019
200937B042641,A,140,Unclassified,9999,Serious,None,28-01-2021,Tuesday,1,Give way or uncontrolled,T or staggered junction,28.67836908,Daylight,613040,275810,77.0863387,E01030064,1,2,0,0,Dry,Single carriageway,None,50,17:35:00,Rural,Fine no high winds,No,36 - 45,10,Rural,8,650,None,None,Other/Not known (2005-10),Approaching junction or waiting/parked at junction approach,,,Petrol,Male,Skidded,No tow/articulation,Did not leave carriageway,0,Slowing or stopping,1,Motorcycle over 500cc,No,Front,2021
200945RE38929,A,217,Unclassified,0,Serious,None,12-11-2021,Thursday,1,Give way or uncontrolled,T or staggered junction,19.11844527,Daylight,525870,146980,72.88907466,E01030628,1,2,0,0,Dry,Single carriageway,None,50,12:32:00,Rural,Fine no high winds,No,36 - 45,10,Urban area,6,NA,None,None,Journey as part of work,Approaching junction or waiting/parked at junction approach,,,Heavy oil,Male,None,No tow/articulation,Did not leave carriageway,0,Parked,2,Bus or coach (17 or more pass seats),No,Did not impact,2021
200854DE19608,A,4259,Unclassified,0,Serious,None,26-10-2020,Thursday,1,Auto traffic signal,T or staggered junction,26.74555029,Daylight,418930,182560,94.17674945,E01015547,2,2,0,4,Wet or damp,Dual carriageway,None,50,19:30:00,Rural,Fine no high winds,No,36 - 45,10,Urban area,2,1396,None,None,Other/Not known (2005-10),Mid Junction - on roundabout or on main road,,214 IS,Petrol,Female,None,No tow/articulation,Did not leave carriageway,0,Turning right,2,Car,No,Nearside,2019
200950AH3R006,A,394,Unclassified,0,Serious,None,01-03-2021,Monday,1,Give way or uncontrolled,T or staggered junction,18.50561385,Daylight,173880,34310,73.93326549,E01018921,2,3,0,0,Dry,Single carriageway,None,50,18:00:00,Rural,Fine no high winds,No,36 - 45,10,Urban area,2,1598,None,None,Commuting to/from work,Approaching junction or waiting/parked at junction approach,,CLIO RT AUTO,Petrol,Female,Skidded,No tow/articulation,Did not leave carriageway,0,Going ahead other,1,Car,No,Front,2021
201001RY10301,A,2,A,221,Serious,None,08-07-2010,Thursday,1,Give way or uncontrolled,Slip road,51.449433,Daylight,547430,174410,0.120296,E01000390,2,2,0,0,Dry,Dual carriageway,None,50,15:35:00,Urban,Fine no high winds,No,36 - 45,10,Data missing or out of range,NA,1589,None,None,Other/Not known (2005-10),Cleared junction or waiting/parked at junction exit,ROVER,25 IS 16V,Petrol,Female,None,No tow/articulation,Did not leave carriageway,0,Turning left,2,Car,No,Back,2010
200945GU35070,C,19,NA,0,Serious,None,12-08-2020,Monday,1,Data missing or out of range,Not at junction or within 20 metres,18.58216978,Daylight,488910,149040,73.91657447,E01030423,1,1,0,0,Wet or damp,Single carriageway,None,50,10:05:00,Urban,Raining no high winds,No,36 - 45,10,Urban area,8,647,None,None,Other/Not known (2005-10),Not at or within 20 metres of junction,,NT650V DEAUVILLE,Petrol,Male,Skidded,No tow/articulation,Did not leave carriageway,0,Going ahead other,1,Motorcycle over 500cc,No,Offside,2021
200845SU24447,A,331,Motorway,3,Serious,None,26-07-2021,Wednesday,1,Auto traffic signal,Roundabout,20.87240365,Darkness - lights lit,486900,158000,87.07797402,E01030766,2,1,0,0,Dry,Roundabout,None,50,03:40:00,Rural,Fine no high winds,No,46 - 55,10,Urban area,6,11000,None,Road sign or traffic signal,Journey as part of work,Entering roundabout,,,Heavy oil,Male,Skidded and overturned,No tow/articulation,Nearside,0,Going ahead right-hand bend,1,Goods 7.5 tonnes mgw and over,No,Nearside,2021
201001HT20170,A,102,NA,0,Serious,None,19-03-2010,Friday,1,Data missing or out of range,Not at junction or within 20 metres,51.507294,Darkness - lights lit,538570,180600,-0.004697,E01004220,1,2,0,0,Dry,Dual carriageway,None,50,18:14:00,Urban,Fine no high winds,No,46 - 55,10,Urban area,7,1392,None,None,Other/Not known (2005-10),Not at or within 20 metres of junction,NISSAN,ALMERA INVITATION,Petrol,Female,None,No tow/articulation,Did not leave carriageway,0,Going ahead other,1,Car,No,Offside,2010
200930B000528,A,6013,NA,0,Serious,None,13-12-2021,Thursday,1,Data missing or out of range,Not at junction or within 20 metres,28.7030789,Darkness - no lighting,420290,386140,77.08096189,E01019735,2,2,0,0,Wet or damp,Single carriageway,None,50,17:42:00,Rural,Fine no high winds,No,46 - 55,10,Small town,10,1598,None,None,Other/Not known (2005-10),Not at or within 20 metres of junction,,ASTRA LS 8V,Petrol,Male,None,No tow/articulation,Did not leave carriageway,0,Going ahead left-hand bend,2,Car,No,Front,2020
200901SX21145,A,1,Unclassified,0,Serious,None,28-02-2021,Thursday,1,Give way or uncontrolled,T or staggered junction,27.09468588,Daylight,520940,193190,93.61660253,E01000231,2,3,0,0,Wet or damp,Dual carriageway,None,50,10:50:00,Urban,Fine no high winds,No,46 - 55,10,Urban area,10,2544,None,None,Other/Not known (2005-10),Mid Junction - on roundabout or on main road,,MONDEO ST 24 V6,Petrol,Male,None,No tow/articulation,Did not leave carriageway,0,Slowing or stopping,3,Car,No,Back,2019
2009559D02370,A,352,B,3070,Serious,None,30-08-2020,Wednesday,1,Give way or uncontrolled,T or staggered junction,26.45378241,Daylight,389110,86990,74.63521825,E01020489,1,1,0,0,Dry,Single carriageway,None,50,12:51:00,Rural,Fine no high winds,No,46 - 55,10,Urban area,10,500,None,None,Other/Not known (2005-10),Leaving main road,,,Petrol,Male,None,No tow/articulation,Did not leave carriageway,0,Turning right,1,Motorcycle over 125cc and up to 500cc,No,Front,2020
200843S155018,C,9010,Unclassified,1158,Serious,None,28-08-2021,Wednesday,1,Give way or uncontrolled,T or staggered junction,28.44902032,Darkness - lights lit,487260,240570,77.01463185,E01016769,1,2,0,0,Dry,Single carriageway,None,60,18:05:00,Rural,Fine no high winds,No,16 - 20,10,Urban area,9,600,None,None,Other/Not known (2005-10),Approaching junction or waiting/parked at junction approach,,,Petrol,Male,None,No tow/articulation,Did not leave carriageway,0,Going ahead other,1,Motorcycle over 500cc,No,Front,2019
2009160B03520,A,15,NA,0,Serious,None,12-12-2019,Tuesday,1,Data missing or out of range,Not at junction or within 20 metres,26.4598528,Darkness - lights lit,495630,406030,74.64481444,E01013324,2,2,0,0,Wet or damp,Dual carriageway,None,60,20:45:00,Rural,Fine no high winds,No,16 - 20,10,Rural,6,1149,None,None,Commuting to/from work,Not at or within 20 metres of junction,,CLIO RN,Petrol,Male,None,No tow/articulation,Did not leave carriageway,0,Going ahead other,1,Car,No,Front,2020
200904CC09096,A,49,NA,0,Serious,None,17-07-2021,Friday,1,Data missing or out of range,Not at junction or within 20 metres,28.66002424,Darkness - lights lit,355060,415500,77.33554675,E01024923,3,1,0,0,Dry,Single carriageway,None,60,22:34:00,Rural,Fine no high winds,No,16 - 20,10,Small town,2,1998,None,Entered ditch,Other/Not known (2005-10),Not at or within 20 metres of junction,,VECTRA SRI 140,Petrol,Male,Skidded,No tow/articulation,Nearside,0,Going ahead left-hand bend,1,Car,No,Front,2021
200814A208708,A,6182,NA,0,Serious,None,05-03-2019,Sunday,1,Not at junction or within 20 metres,Not at junction or within 20 metres,18.49972427,Darkness - lights lit,458900,401130,73.91823759,E01007644,4,2,0,0,Wet or damp,Single carriageway,None,60,19:00:00,Urban,Raining no high winds,No,16 - 20,10,Rural,8,1527,None,Near/Offside crash barrier,Other/Not known (2005-10),Not at or within 20 metres of junction,,106 XLD ZEST 3,Heavy oil,Male,None,No tow/articulation,Nearside,0,Going ahead other,1,Car,No,Front,2021
200754EL22407,A,346,NA,0,Serious,None,29-09-2020,Saturday,1,Not at junction or within 20 metres,Not at junction or within 20 metres,25.77940635,Darkness - no lighting,424570,152750,87.48263805,E01031849,2,1,0,0,Dry,Single carriageway,None,60,00:12:00,Rural,Fine no high winds,No,16 - 20,10,Rural,7,1124,None,None,Other/Not known (2005-10),Not at or within 20 metres of junction,,106 XL INDEPENDENCE,Petrol,Male,Overturned,No tow/articulation,Did not leave carriageway,0,Going ahead left-hand bend,1,Car,No,Nearside,2019
200763DP13607,A,483,NA,0,Serious,None,30-06-2021,Saturday,1,Data missing or out of range,Not at junction or within 20 metres,22.96743642,Darkness - no lighting,304030,256050,72.56159826,,5,1,0,0,Dry,Single carriageway,None,60,22:27:00,Rural,Fine no high winds,No,16 - 20,10,Urban area,4,1870,Kerb,Other permanent object,Other/Not known (2005-10),Not at or within 20 metres of junction,,CLIO RL 1.9D VERSAILLES,Heavy oil,Male,Skidded and overturned,No tow/articulation,Offside,0,Going ahead right-hand bend,1,Car,No,Nearside,2019
200922D902890,B,4101,Unclassified,0,Serious,None,04-08-2021,Wednesday,1,Give way or uncontrolled,Other junction,8.885320699,Darkness - no lighting,404480,269540,76.63846359,E01032226,1,2,0,0,Dry,Single carriageway,None,60,22:12:00,Rural,Fine no high winds,No,16 - 20,10,Urban area,9,1390,None,None,Commuting to/from work,Entering main road,,POLO 1.4 CL,Petrol,Male,None,No tow/articulation,Did not leave carriageway,0,Turning left,1,Taxi/Private hire car,No,Front,2020
2010400D00985,B,579,NA,0,Serious,None,08-10-2020,Monday,1,Data missing or out of range,Not at junction or within 20 metres,28.68426958,Darkness - no lighting,502050,229460,77.19183281,E01017620,3,2,0,0,Dry,Single carriageway,None,60,02:13:00,Rural,Fine no high winds,No,16 - 20,10,Small town,9,1199,None,None,Other/Not known (2005-10),Not at or within 20 metres of junction,,CORSA CLUB 16V,Petrol,Male,None,No tow/articulation,Offside,0,Going ahead left-hand bend,1,Car,No,Front,2021
200922C904098,A,44,NA,0,Serious,None,25-06-2021,Monday,1,Data missing or out of range,Not at junction or within 20 metres,18.6123119,Darkness - no lighting,403440,245880,73.90079325,E01032389,1,2,0,0,Dry,Single carriageway,None,60,23:45:00,Rural,Fine no high winds,No,16 - 20,10,Data missing or out of range,NA,4580,None,None,Other/Not known (2005-10),Not at or within 20 metres of junction,,,Heavy oil,Male,Skidded,No tow/articulation,Nearside,0,Going ahead right-hand bend,2,Goods over 3.5t. and under 7.5t,No,Front,2021
2009160C05790,B,1228,Unclassified,0,Serious,None,23-08-2021,Saturday,1,Give way or uncontrolled,Crossroads,18.60654737,Darkness - no lighting,471170,440500,73.89817955,E01013022,2,3,0,0,Dry,Single carriageway,None,60,20:00:00,Rural,Fine no high winds,No,16 - 20,10,Small town,6,973,None,None,Other/Not known (2005-10),Approaching junction or waiting/parked at junction approach,,CORSA BREEZE 12V,Petrol,Male,None,No tow/articulation,Did not leave carriageway,0,Going ahead other,1,Car,No,Front,2021
200943N274039,B,4011,NA,0,Serious,None,29-08-2019,Tuesday,1,Data missing or out of range,Not at junction or within 20 metres,19.09871703,Darkness - no lighting,468290,209560,72.92068631,E01017682,3,1,0,0,Dry,Single carriageway,None,60,22:16:00,Rural,Fine no high winds,No,16 - 20,10,Small town,9,1199,None,Tree,Other/Not known (2005-10),Not at or within 20 metres of junction,,CORSA ENVOY 12V,Petrol,Male,Skidded,No tow/articulation,Offside,0,Going ahead left-hand bend,1,Car,No,Back,2021
201043N256030,C,77,NA,0,Serious,None,24-01-2020,Friday,1,Data missing or out of range,Not at junction or within 20 metres,14.65733431,Darkness - no lighting,482290,209520,78.62319626,E01017886,1,1,0,0,Dry,Single carriageway,None,60,03:00:00,Rural,Fine no high winds,No,16 - 20,10,Urban area,4,847,None,Road sign or traffic signal,Other/Not known (2005-10),Not at or within 20 metres of junction,,NIPPA EX,Petrol,Male,Skidded,No tow/articulation,Offside,0,Going ahead left-hand bend,1,Car,No,Offside,2019
201037G029871,C,347,NA,0,Serious,None,29-04-2020,Friday,1,Data missing or out of range,Not at junction or within 20 metres,27.10518829,Darkness - no lighting,632800,237490,93.62066365,E01030158,1,1,0,0,Dry,Single carriageway,None,60,00:02:00,Rural,Fine no high winds,No,16 - 20,10,Urban area,3,49,None,Other permanent object,Other/Not known (2005-10),Not at or within 20 metres of junction,,SPEEDFIGHT,Petrol,Male,None,No tow/articulation,Nearside,0,Going ahead right-hand bend,1,Motorcycle 50cc and under,No,Front,2019
200904EP09001,C,0,NA,0,Serious,None,15-04-2021,Tuesday,1,Data missing or out of range,Not at junction or within 20 metres,28.62099679,Darkness - no lighting,364510,440010,77.28423246,E01025326,2,1,0,0,Wet or damp,Unknown,None,60,19:00:00,Rural,Fog or mist,No,16 - 20,10,Rural,8,1242,None,Other permanent object,Other/Not known (2005-10),Not at or within 20 metres of junction,,PUNTO S 60,Petrol,Female,Skidded,No tow/articulation,Nearside and rebounded,0,Going ahead right-hand bend,1,Car,No,Front,2021
200950CS2F014,B,3226,Unclassified,0,Serious,None,21-08-2021,Tuesday,1,Give way or uncontrolled,T or staggered junction,13.03229398,Darkness - no lighting,270010,127790,77.51365273,E01020136,1,1,0,0,Wet or damp,Single carriageway,None,60,06:25:00,Rural,Raining + high winds,No,16 - 20,10,Urban area,3,1298,None,Entered ditch,Other/Not known (2005-10),Entering main road,,JUSTY GX AWD,Petrol,Male,Skidded,No tow/articulation,Straight ahead at junction,0,Going ahead other,1,Car,No,Front,2020
200863BC22008,A,485,Unclassified,0,Serious,None,16-04-2021,Wednesday,1,Give way or uncontrolled,Other junction,28.71131546,Darkness - no lighting,266750,261640,77.27562402,W01000550,2,2,0,0,Wet or damp,Single carriageway,None,60,18:30:00,Rural,Raining no high winds,No,16 - 20,10,Rural,NA,1242,None,None,Other/Not known (2005-10),Approaching junction or waiting/parked at junction approach,,FIESTA FUSION,Petrol,Male,None,No tow/articulation,Did not leave carriageway,0,Going ahead other,1,Car,No,Front,2020
201043N148080,A,421,NA,0,Serious,None,08-11-2020,Thursday,1,Data missing or out of range,Not at junction or within 20 metres,18.56160074,Darkness - no lighting,474250,232990,73.76381025,E01017671,6,2,0,0,Wet or damp,Single carriageway,None,60,20:10:00,Rural,Raining no high winds,No,16 - 20,10,Urban area,9,1124,None,None,Other/Not known (2005-10),Not at or within 20 metres of junction,,SAXO FORTE,Petrol,Male,Skidded,No tow/articulation,Did not leave carriageway,0,Overtaking moving vehicle - offside,1,Car,No,Front,2021
200991NH01702,Unclassified,0,NA,0,Serious,None,03-02-2021,Saturday,1,Data missing or out of range,Not at junction or within 20 metres,18.52728606,Darkness - no lighting,141470,931780,73.83264023,,2,2,0,0,Wet or damp,Unknown,None,60,23:20:00,Rural,Raining no high winds,Yes,16 - 20,10,Data missing or out of range,NA,1850,None,None,Other/Not known (2005-10),Not at or within 20 metres of junction,,ACCORD ES,Petrol,Male,Skidded,No tow/articulation,Did not leave carriageway,0,Going ahead left-hand bend,1,Car,No,Front,2021
200742I322908,B,172,NA,0,Serious,None,22-05-2020,Tuesday,1,Not at junction or within 20 metres,Not at junction or within 20 metres,25.23572773,Darkness - no lighting,546130,198550,82.29717719,E01021804,2,2,0,0,Wet or damp,Single carriageway,None,60,20:12:00,Rural,Raining no high winds,No,16 - 20,10,Urban area,3,1753,None,None,Other/Not known (2005-10),Not at or within 20 metres of junction,,FIESTA ENCORE DIESEL,Heavy oil,Male,Skidded,No tow/articulation,Did not leave carriageway,0,Going ahead left-hand bend,1,Car,No,Front,2021
201011SL21890,A,688,C,152,Serious,None,15-09-2010,Wednesday,1,Give way or uncontrolled,Roundabout,54.683409,Daylight,423830,532100,-1.631897,E01020822,1,1,0,0,Wet or damp,Roundabout,None,60,13:03:00,Rural,Fine + high winds,No,16 - 20,10,Small town,1,1396,None,Near/Offside crash barrier,Other/Not known (2005-10),Leaving roundabout,ROVER,25 IE 16V,Petrol,Male,Overturned,No tow/articulation,Nearside,0,Going ahead other,1,Car,No,Front,2010
201043P295020,Unclassified,161,A,41,Serious,None,02-01-2021,Sunday,1,Give way or uncontrolled,T or staggered junction,27.09472957,Daylight,457180,220870,93.62275911,E01028424,1,2,0,0,Dry,Single carriageway,None,60,16:48:00,Rural,Fine no high winds,No,16 - 20,10,Data missing or out of range,NA,600,None,None,Other/Not known (2005-10),Approaching junction or waiting/parked at junction approach,,GSF 600 Y,Petrol,Male,None,No tow/articulation,Offside,0,Overtaking moving vehicle - offside,1,Motorcycle over 500cc,No,Nearside,2019
200942I187506,A,132,NA,0,Serious,None,08-10-2019,Friday,1,Not at junction or within 20 metres,Not at junction or within 20 metres,27.09232232,Daylight,577620,195280,93.62551907,E01021594,1,3,0,0,Dry,Single carriageway,None,60,16:40:00,Rural,Fine no high winds,No,16 - 20,10,Urban area,6,1587,None,None,Commuting to/from work,Not at or within 20 metres of junction,,SAXO VTR,Petrol,Male,None,No tow/articulation,Did not leave carriageway,0,Going ahead other,1,Car,No,Front,2019
20074100F4886,Unclassified,52,NA,0,Serious,None,07-01-2019,Tuesday,1,Not at junction or within 20 metres,Not at junction or within 20 metres,26.75012049,Daylight,510000,208460,94.22536702,E01023722,2,2,0,0,Dry,Single carriageway,None,60,17:15:00,Rural,Fine no high winds,No,16 - 20,10,Urban area,5,NA,None,Tree,Journey as part of work,Not at or within 20 metres of junction,,,Heavy oil,Male,None,No tow/articulation,Nearside,0,Going ahead right-hand bend,2,Agricultural vehicle,No,Front,2019
200763CP28407,A,40,NA,0,Serious,None,22-06-2019,Friday,1,Data missing or out of range,Not at junction or within 20 metres,13.02558742,Daylight,196010,223890,77.52284642,,3,3,0,0,Dry,Single carriageway,None,60,10:28:00,Rural,Fine no high winds,No,16 - 20,10,Rural,NA,1124,None,None,Other/Not known (2005-10),Not at or within 20 metres of junction,,106 XN INDEPENDENCE,Petrol,Male,None,No tow/articulation,Did not leave carriageway,0,Going ahead left-hand bend,1,Car,No,Front,2020
2007400D04045,A,6,Unclassified,0,Serious,None,13-05-2020,Sunday,1,Give way or uncontrolled,T or staggered junction,13.00432044,Daylight,508370,236440,77.59382035,E01017445,4,2,0,0,Frost or ice,Single carriageway,None,60,14:13:00,Rural,Fine no high winds,No,16 - 20,10,Urban area,2,1994,None,Road sign or traffic signal,Other/Not known (2005-10),Approaching junction or waiting/parked at junction approach,,220 SDI,Heavy oil,Male,None,No tow/articulation,Did not leave carriageway,0,Turning right,1,Car,No,Nearside,2020
2009160C03490,Unclassified,0,Unclassified,0,Serious,None,03-01-2021,Monday,1,Give way or uncontrolled,T or staggered junction,8.883103093,Daylight,518840,443580,76.6713009,E01013034,4,1,0,0,Dry,Single carriageway,None,60,21:13:00,Rural,Fine no high winds,No,16 - 20,10,Urban area,8,1124,None,Entered ditch,Other/Not known (2005-10),Approaching junction or waiting/parked at junction approach,,SAXO X,Petrol,Male,Skidded and overturned,No tow/articulation,Nearside,0,Going ahead left-hand bend,1,Car,No,Front,2020
200942I262208,B,1024,NA,0,Serious,None,11-06-2019,Thursday,1,Not at junction or within 20 metres,Not at junction or within 20 metres,8.884584439,Daylight,585360,224150,76.64904419,E01021379,2,2,0,0,Dry,Single carriageway,None,60,14:10:00,Rural,Fine no high winds,No,16 - 20,10,Small town,8,124,None,Telegraph or electricity pole,Other/Not known (2005-10),Not at or within 20 metres of junction,,,Petrol,Male,None,No tow/articulation,Nearside,0,Going ahead right-hand bend,1,Motorcycle 125cc and under,No,Front,2020
200832C023908,A,1104,Unclassified,0,Serious,None,14-05-2019,Sunday,1,Give way or uncontrolled,Crossroads,22.71483011,Daylight,543520,374710,75.82000119,E01026113,3,2,0,0,Dry,Single carriageway,None,60,16:45:00,Rural,Fine no high winds,No,16 - 20,10,Small town,3,498,None,None,Other/Not known (2005-10),Approaching junction or waiting/parked at junction approach,,EX 500-D5,Petrol,Male,None,No tow/articulation,Did not leave carriageway,0,Going ahead other,2,Motorcycle over 125cc and up to 500cc,No,Front,2020
2010400D02603,Unclassified,218,NA,0,Serious,None,14-09-2021,Sunday,1,Data missing or out of range,Not at junction or within 20 metres,22.68767862,Daylight,505680,220920,75.90877659,E01017562,4,1,0,0,Dry,Single carriageway,None,60,12:40:00,Rural,Fine no high winds,No,16 - 20,10,Urban area,3,2198,None,Tree,Other/Not known (2005-10),Not at or within 20 metres of junction,,OMEGA GLS,Petrol,Male,Skidded,No tow/articulation,Offside and rebounded,0,Going ahead right-hand bend,1,Car,No,Offside,2020
2008170H10778,A,178,NA,0,Serious,None,14-09-2021,Friday,1,Data missing or out of range,Not at junction or within 20 metres,26.46050708,Daylight,450970,525600,74.65653261,E01011998,4,2,0,0,Dry,Single carriageway,None,60,11:34:00,Rural,Fine no high winds,No,16 - 20,10,Data missing or out of range,NA,1998,None,None,Other/Not known (2005-10),Not at or within 20 metres of junction,,VECTRA 2.0 TDI CDX,Heavy oil,Male,None,No tow/articulation,Did not leave carriageway,0,Going ahead other,1,Car,No,Front,2020
200922F903729,A,488,NA,0,Serious,None,11-10-2019,Friday,1,Data missing or out of range,Not at junction or within 20 metres,26.46855242,Daylight,333400,290070,80.31774764,E01028991,3,1,0,0,Dry,Single carriageway,None,60,18:25:00,Rural,Fine no high winds,No,16 - 20,10,Small town,5,1998,None,Tree,Other/Not known (2005-10),Not at or within 20 metres of junction,,ALMERA GTI,Petrol,Male,Skidded,No tow/articulation,Nearside,0,Going ahead left-hand bend,1,Car,No,Front,2020