Accident_Index,1st_Road_Class,1st_Road_Number,2nd_Road_Class,2nd_Road_Number,Accident_Severity,Carriageway_Hazards,Date,Day_of_Week,Did_Police_Officer_Attend_Scene_of_Accident,Junction_Control,Junction_Detail,Latitude,Light_Conditions,Location_Easting_OSGR,Location_Northing_OSGR,Longitude,LSOA_of_Accident_Location,Number_of_Casualties,Number_of_Vehicles,Pedestrian_Crossing-Human_Control,Pedestrian_Crossing-Physical_Facilities,Road_Surface_Conditions,Road_Type,Special_Conditions_at_Site,Speed_limit,Time,Urban_or_Rural_Area,Weather_Conditions,InScotland,Age_Band_of_Driver,Age_of_Vehicle,Driver_Home_Area_Type,Driver_IMD_Decile,Engine_Capacity_.CC.,Hit_Object_in_Carriageway,Hit_Object_off_Carriageway,Journey_Purpose_of_Driver,Junction_Location,make,model,Propulsion_Code,Sex_of_Driver,Skidding_and_Overturning,Towing_and_Articulation,Vehicle_Leaving_Carriageway,Vehicle_Location.Restricted_Lane,Vehicle_Manoeuvre,Vehicle_Reference,Vehicle_Type,Was_Vehicle_Left_Hand_Drive,X1st_Point_of_Impact,Year
200930C000205,A,6135,NA,0,Serious,None,13-07-2021,Thursday,1,Data missing or out of range,Not at junction or within 20 metres,18.52661326,Daylight,443390,379480,73.89627181,E01019791,2,2,0,0,Wet or damp,Single carriageway,None,60,19:30:00,Rural,Fine no high winds,No,16 - 20,10,Urban area,6,1124,None,None,Other/Not known (2005-10),Not at or within 20 metres of junction,,206 LX,Petrol,Male,Skidded,No tow/articulation,Did not leave carriageway,0,Going ahead other,1,Car,No,Front,2021
200804CK08126,B,5195,NA,0,Serious,None,18-04-2019,Sunday,1,Data missing or out of range,Not at junction or within 20 metres,19.14549122,Daylight,333210,406070,72.89389206,E01025474,4,1,0,0,Dry,Single carriageway,None,60,18:51:00,Rural,Fine no high winds,No,16 - 20,10,Data missing or out of range,NA,2389,Kerb,None,Other/Not known (2005-10),Not at or within 20 metres of junction,,MAVERICK GLS 2.4I SWB,Petrol,Male,Skidded,No tow/articulation,Did not leave carriageway,0,Going ahead right-hand bend,1,Car,No,Front,2021
200763CP26107,A,477,Unclassified,0,Serious,None,06-04-2020,Friday,1,Give way or uncontrolled,Private drive or entrance,19.07153962,Daylight,195460,206430,72.90924644,,29,5,0,0,Dry,Single carriageway,None,60,17:49:00,Rural,Fine no high winds,No,16 - 20,10,Rural,NA,1597,None,None,Other/Not known (2005-10),Mid Junction - on roundabout or on main road,,COMPACT 1.6 PENANG,Petrol,Male,None,No tow/articulation,Did not leave carriageway,0,Waiting to go - held up,4,Car,No,Did not impact,2021
2009559D03525,A,35,NA,0,Serious,None,28-01-2020,Sunday,1,Not at junction or within 20 metres,Not at junction or within 20 metres,21.39856629,Daylight,366440,90390,76.43161128,E01020509,3,2,0,0,Dry,Single carriageway,None,60,10:51:00,Rural,Fine no high winds,No,16 - 20,10,Urban area,5,1396,None,None,Other/Not known (2005-10),Not at or within 20 metres of junction,,214 SEI,Petrol,Male,Skidded,No tow/articulation,Did not leave carriageway,0,Overtaking moving vehicle - offside,2,Car,No,Front,2021
200942I338909,Unclassified,0,NA,0,Serious,None,21-09-2019,Wednesday,1,Not at junction or within 20 metres,Not at junction or within 20 metres,14.71615094,Daylight,594430,203280,78.56177201,E01021901,1,1,0,0,Dry,Single carriageway,None,60,13:15:00,Rural,Fine no high winds,No,16 - 20,10,Rural,6,599,None,Other permanent object,Other/Not known (2005-10),Not at or within 20 metres of junction,,ZX600-G2,Petrol,Male,Skidded,No tow/articulation,Offside,0,Going ahead right-hand bend,1,Motorcycle over 500cc,No,Front,2019
201011ND12240,A,688,Unclassified,0,Serious,None,20-05-2010,Thursday,1,Give way or uncontrolled,T or staggered junction,54.72842,Daylight,430710,537150,-1.524656,E01020696,1,2,0,0,Dry,Single carriageway,None,60,18:46:00,Rural,Fine no high winds,No,16 - 20,10,Urban area,3,8970,None,None,Journey as part of work,Mid Junction - on roundabout or on main road,SCANIA,,Heavy oil,Male,Skidded,No tow/articulation,Did not leave carriageway,0,Going ahead other,2,Goods 7.5 tonnes mgw and over,No,Front,2010
201014A074210,B,6463,NA,0,Serious,None,15-05-2010,Saturday,1,Not at junction or within 20 metres,Not at junction or within 20 metres,53.446864,Daylight,461930,394860,-1.069004,E01007614,1,1,0,0,Dry,Single carriageway,None,60,20:11:00,Rural,Fine no high winds,No,16 - 20,10,Urban area,7,1390,None,Tree,Other/Not known (2005-10),Not at or within 20 metres of junction,RENAULT,CLIO ALIZE,Petrol,Male,Skidded,No tow/articulation,Offside,0,Going ahead other,1,Car,No,Front,2010
200797UD70311,A,77,NA,0,Serious,None,11-05-2020,Sunday,1,Data missing or out of range,Not at junction or within 20 metres,27.10232078,Daylight,236750,622700,93.61434735,,3,2,0,0,Wet or damp,Single carriageway,None,60,08:55:00,Rural,Fine no high winds,Yes,16 - 20,10,Urban area,NA,1396,None,None,Other/Not known (2005-10),Not at or within 20 metres of junction,,414S,Petrol,Female,None,No tow/articulation,Did not leave carriageway,0,Going ahead left-hand bend,2,Car,No,Front,2019
200943S089129,C,8002,Unclassified,1132,Serious,None,04-09-2021,Thursday,1,Give way or uncontrolled,T or staggered junction,26.73986914,Daylight,482580,240550,94.21686052,E01016805,1,2,0,0,Wet or damp,Dual carriageway,Auto traffic signal - out,60,08:15:00,Urban,Fine no high winds,No,16 - 20,10,Urban area,9,1149,None,None,Other/Not known (2005-10),Entering main road,,CLIO 1.2,Petrol,Female,None,No tow/articulation,Straight ahead at junction,0,Turning right,1,Car,No,Offside,2019
200904FA09150,A,646,NA,0,Serious,None,30-03-2019,Friday,1,Data missing or out of range,Not at junction or within 20 metres,15.3048033,Daylight,386190,430140,73.95716382,E01024870,2,2,0,0,Wet or damp,Single carriageway,None,60,15:15:00,Rural,Fine no high winds,No,16 - 20,10,Urban area,5,1124,Kerb,Other permanent object,Other/Not known (2005-10),Not at or within 20 metres of junction,,206 LX,Petrol,Female,None,No tow/articulation,Nearside,0,Going ahead other,2,Car,No,Front,2019
200942I352110,Unclassified,0,NA,0,Serious,None,13-05-2021,Sunday,1,Not at junction or within 20 metres,Not at junction or within 20 metres,28.46554946,Daylight,588340,210000,76.97279869,E01021882,3,2,0,0,Dry,Single carriageway,None,60,17:29:00,Rural,Fine no high winds,No,16 - 20,10,Rural,5,1299,None,None,Taking pupil to/from school,Not at or within 20 metres of junction,,KA 2,Petrol,Female,None,No tow/articulation,Did not leave carriageway,0,Going ahead left-hand bend,1,Car,No,Front,2019
201042I202806,B,1035,NA,,Serious,None,18-05-2021,Wednesday,1,Give way or uncontrolled,Other junction,22.76104943,Daylight,610610,231130,75.90921209,E01022019,2,3,0,0,Dry,Single carriageway,None,60,14:54:00,Rural,Fine no high winds,No,16 - 20,10,Small town,6,1997,None,None,Journey as part of work,Approaching junction or waiting/parked at junction approach,,406 RAPIER HDI (90),Heavy oil,Female,None,No tow/articulation,Did not leave carriageway,0,Going ahead other,1,Car,No,Front,2020
20093102D3254,C,26,NA,0,Serious,None,17-07-2020,Friday,1,Data missing or out of range,Not at junction or within 20 metres,28.53782922,Daylight,450170,326670,77.30531547,E01028408,1,1,0,0,Wet or damp,Single carriageway,None,60,08:05:00,Rural,Fine no high winds,No,16 - 20,10,Small town,8,2982,None,None,Commuting to/from work,Not at or within 20 metres of junction,,LANDCRUISER COLORADO GXTD,Heavy oil,Female,None,No tow/articulation,Did not leave carriageway,0,Going ahead other,1,Car,No,Front,2020
200832D203508,A,57,A,1133,Serious,None,26-03-2021,Friday,1,Give way or uncontrolled,T or staggered junction,28.56329363,Daylight,483320,374000,77.06154244,E01026409,3,3,0,0,Dry,Single carriageway,None,60,17:22:00,Rural,Fine no high winds,No,16 - 20,10,Urban area,3,1389,None,None,Commuting to/from work,Approaching junction or waiting/parked at junction approach,,CORSA BREEZE HI-TORQ,Petrol,Female,None,No tow/articulation,Did not leave carriageway,0,Turning right,1,Car,No,Nearside,2020
200891NN20718,A,96,NA,0,Serious,None,13-12-2019,Sunday,1,Data missing or out of range,Not at junction or within 20 metres,28.57690673,Daylight,272310,847700,77.32376836,,5,2,0,0,Dry,Single carriageway,None,60,21:07:00,Rural,Fine no high winds,Yes,16 - 20,10,Urban area,NA,1905,None,None,Other/Not known (2005-10),Not at or within 20 metres of junction,,XSARA SX TD,Heavy oil,Female,Skidded,No tow/articulation,Did not leave carriageway,0,Overtaking moving vehicle - offside,1,Car,No,Front,2020
201004EN10013,Unclassified,0,NA,0,Serious,None,28-01-2010,Thursday,1,Data missing or out of range,Not at junction or within 20 metres,53.784817,Daylight,363280,432200,-2.558798,E01025336,3,2,0,0,Frost or ice,Single carriageway,None,60,08:00:00,Rural,Fine no high winds,No,16 - 20,10,Small town,10,1124,None,None,Commuting to/from work,Not at or within 20 metres of junction,PEUGEOT,106 INDEPENDENCE,Petrol,Female,Skidded,No tow/articulation,Did not leave carriageway,0,Going ahead left-hand bend,1,Car,No,Front,2010
2010160C03951,A,164,Unclassified,0,Serious,None,02-07-2010,Friday,1,Give way or uncontrolled,Crossroads,53.964686,Daylight,501800,453180,-0.449735,E01012989,2,2,0,0,Dry,Single carriageway,None,60,13:35:00,Rural,Fine no high winds,No,16 - 20,10,Small town,7,1124,None,None,Other/Not known (2005-10),Entering main road,PEUGEOT,106 INDEPENDENCE,Petrol,Female,None,No tow/articulation,Did not leave carriageway,0,Turning right,1,Car,No,Front,2010
200963DP35509,B,4386,NA,0,Serious,None,09-09-2021,Wednesday,1,Data missing or out of range,Not at junction or within 20 metres,13.04732314,Daylight,319400,297530,77.65164872,W01000476,2,1,0,0,Wet or damp,Single carriageway,Oil or diesel,60,09:01:00,Rural,Raining no high winds,No,16 - 20,10,Rural,NA,998,None,Entered ditch,Other/Not known (2005-10),Not at or within 20 metres of junction,,MICRA PROFILE 16V,Petrol,Male,Skidded and overturned,No tow/articulation,Did not leave carriageway,0,Going ahead left-hand bend,1,Car,No,Nearside,2020
201034NK34320,C,97,NA,0,Serious,None,05-09-2019,Saturday,1,Data missing or out of range,Not at junction or within 20 metres,14.80389995,Daylight,489940,282170,78.46514146,E01027103,3,1,0,0,Wet or damp,Single carriageway,None,60,17:20:00,Rural,Raining no high winds,No,16 - 20,10,Rural,9,1495,None,Tree,Other/Not known (2005-10),Not at or within 20 metres of junction,,ACCENT MVI,Petrol,Male,Skidded and overturned,No tow/articulation,Offside,0,Going ahead right-hand bend,1,Car,No,Front,2019
200814B141708,A,629,NA,0,Serious,None,25-08-2019,Thursday,1,Not at junction or within 20 metres,Not at junction or within 20 metres,26.75254214,Daylight,430060,400210,94.17610009,E01007421,3,2,0,0,Wet or damp,Single carriageway,None,60,11:42:00,Rural,Raining no high winds,No,16 - 20,10,Rural,8,1242,None,None,Other/Not known (2005-10),Not at or within 20 metres of junction,,FIESTA FUSION,Petrol,Male,None,No tow/articulation,Did not leave carriageway,0,Going ahead other,2,Car,No,Front,2019
200934TD47899,C,51,NA,0,Serious,None,28-10-2020,Friday,1,Data missing or out of range,Not at junction or within 20 metres,26.46154683,Daylight,471190,281960,74.64311924,E01027005,2,2,0,0,Wet or damp,Single carriageway,None,60,13:42:00,Rural,Raining no high winds,No,16 - 20,10,Urban area,9,973,None,None,Other/Not known (2005-10),Not at or within 20 metres of junction,,CORSA GLS 12V,Petrol,Female,None,No tow/articulation,Did not leave carriageway,0,Going ahead right-hand bend,1,Car,No,Front,2020
20093104D1911,C,26,NA,0,Serious,None,22-11-2019,Thursday,1,Data missing or out of range,Not at junction or within 20 metres,28.60997882,Daylight,466630,330310,77.28000356,E01028402,3,1,0,0,Wet or damp,Single carriageway,None,60,15:30:00,Rural,Raining no high winds,No,16 - 20,10,Rural,9,1389,None,Entered ditch,Other/Not known (2005-10),Not at or within 20 metres of junction,,CORSA CDX 16V,Petrol,Female,Skidded and overturned,No tow/articulation,Nearside,0,Going ahead right-hand bend,1,Car,No,Front,2021
200911ND32159,B,1283,NA,0,Serious,None,28-05-2020,Sunday,1,Not at junction or within 20 metres,Not at junction or within 20 metres,8.890042385,Darkness - lights unlit,434460,541790,76.65974379,E01020729,1,1,0,0,Wet or damp,Single carriageway,None,60,04:15:00,Rural,Fine no high winds,No,21 - 25,10,Small town,4,1242,None,Telegraph or electricity pole,Other/Not known (2005-10),Not at or within 20 metres of junction,,FIESTA LX ZETEC,Petrol,Male,Overturned,No tow/articulation,Offside and rebounded,0,Going ahead other,1,Car,No,Nearside,2020
200754EP25507,B,4069,NA,0,Serious,None,08-11-2020,Monday,1,Not at junction or within 20 metres,Not at junction or within 20 metres,27.10022854,Darkness - no lighting,395230,178750,93.61186364,E01031939,1,1,0,0,Dry,Single carriageway,None,60,23:58:00,Rural,Fine no high winds,No,21 - 25,10,Urban area,9,1781,None,None,Other/Not known (2005-10),Not at or within 20 metres of junction,,A3 1.8T SPORT,Petrol,Male,Skidded and overturned,No tow/articulation,Offside,0,Going ahead right-hand bend,1,Car,No,Nearside,2019
200763CP37007,A,4075,Unclassified,0,Serious,None,29-11-2021,Wednesday,1,Give way or uncontrolled,Crossroads,27.09644707,Darkness - no lighting,205720,205270,93.60980036,,2,2,0,0,Dry,Single carriageway,None,60,16:55:00,Rural,Fine no high winds,No,21 - 25,10,Small town,NA,1799,None,None,Other/Not known (2005-10),Entering main road,,VECTRA GLS 16V,Petrol,Male,Skidded,No tow/articulation,Did not leave carriageway,0,Going ahead other,1,Car,No,Front,2019
200905DD31107,Unclassified,0,Unclassified,0,Serious,None,04-03-2019,Friday,1,Give way or uncontrolled,T or staggered junction,25.79136571,Darkness - no lighting,350710,400600,87.48095602,E01006885,1,1,0,0,Dry,Single carriageway,None,60,23:35:00,Rural,Fine no high winds,No,21 - 25,10,Urban area,2,1994,None,Other permanent object,Other/Not known (2005-10),Approaching junction or waiting/parked at junction approach,,220I S D,Heavy oil,Male,None,No tow/articulation,Offside,0,Going ahead other,1,Car,No,Front,2019
200837B041115,A,1071,C,725,Serious,None,19-04-2020,Friday,1,Give way or uncontrolled,T or staggered junction,22.09001874,Darkness - no lighting,602470,243680,82.12212016,E01029893,1,2,0,0,Dry,Single carriageway,Auto traffic signal - out,60,17:10:00,Rural,Fine no high winds,No,21 - 25,10,Rural,7,1905,None,None,Commuting to/from work,Mid Junction - on roundabout or on main road,,306 LX D,Heavy oil,Male,None,No tow/articulation,Did not leave carriageway,0,Going ahead other,1,Car,No,Nearside,2019
200914C006109,Unclassified,0,Unclassified,0,Serious,None,31-05-2019,Friday,1,Give way or uncontrolled,T or staggered junction,22.73432945,Darkness - no lighting,450700,394070,75.87454024,E01007691,2,4,0,0,Wet or damp,Single carriageway,None,60,21:50:00,Rural,Fine no high winds,No,21 - 25,10,Rural,1,1587,None,Near/Offside crash barrier,Other/Not known (2005-10),Cleared junction or waiting/parked at junction exit,,SAXO VTS,Petrol,Male,Overturned,No tow/articulation,Nearside and rebounded,0,Overtaking static vehicle - offside,2,Car,No,Nearside,2020
200937B042344,A,1071,NA,0,Serious,None,01-02-2021,Thursday,1,Data missing or out of range,Not at junction or within 20 metres,26.4574368,Darkness - no lighting,595240,240100,74.65077086,E01029875,1,1,0,0,Wet or damp,Single carriageway,None,60,00:50:00,Rural,Fine no high winds,No,21 - 25,10,Urban area,4,2494,None,Tree,Other/Not known (2005-10),Not at or within 20 metres of junction,,323I SE AUTO,Petrol,Male,Overturned,No tow/articulation,Nearside,0,Going ahead right-hand bend,1,Car,No,Back,2020
20093102B0173,A,616,NA,0,Serious,Any animal in carriageway (except ridden horse),07-02-2020,Monday,1,Data missing or out of range,Not at junction or within 20 metres,28.66411987,Darkness - no lighting,457000,371140,77.1433843,E01028041,1,1,0,0,Dry,Single carriageway,None,60,20:58:00,Rural,Fine no high winds,No,21 - 25,10,Urban area,1,1998,None,None,Other/Not known (2005-10),Not at or within 20 metres of junction,,306 GTI 6,Petrol,Male,Skidded and overturned,No tow/articulation,Nearside,0,Going ahead other,1,Car,No,Back,2020
200842I060002,A,133,NA,0,Serious,None,09-09-2021,Tuesday,1,Not at junction or within 20 metres,Not at junction or within 20 metres,28.56316379,Darkness - no lighting,610910,223470,77.16132509,E01021993,2,2,0,0,Dry,Single carriageway,None,60,17:55:00,Rural,Fine no high winds,No,21 - 25,10,Urban area,NA,1796,None,None,Other/Not known (2005-10),Not at or within 20 metres of junction,,MONDEO VERONA,Petrol,Male,None,No tow/articulation,Did not leave carriageway,0,Going ahead other,2,Car,No,Front,2020
20093102D2594,B,6009,NA,0,Serious,None,04-07-2019,Saturday,1,Data missing or out of range,Not at junction or within 20 metres,28.64582137,Darkness - no lighting,450120,346230,77.27783938,E01028123,3,2,0,0,Dry,Single carriageway,None,60,03:33:00,Rural,Fine no high winds,No,21 - 25,10,Urban area,4,1988,None,Tree,Other/Not known (2005-10),Not at or within 20 metres of junction,,COUGAR,Petrol,Male,None,No tow/articulation,Nearside,0,Going ahead right-hand bend,1,Car,No,Nearside,2020
200922E901759,B,4224,NA,0,Serious,None,19-05-2019,Monday,1,Data missing or out of range,Not at junction or within 20 metres,28.67488045,Darkness - no lighting,362470,229620,77.0829601,E01014053,2,3,0,0,Dry,Single carriageway,None,60,20:10:00,Rural,Fine no high winds,No,21 - 25,10,Urban area,5,1868,None,None,Journey as part of work,Not at or within 20 metres of junction,,PARTNER 600 L DIESEL,Heavy oil,Male,None,No tow/articulation,Did not leave carriageway,0,Going ahead other,2,Van / Goods 3.5 tonnes mgw or under,No,Offside,2021
201011ND06750,B,6291,NA,0,Serious,None,17-03-2010,Wednesday,1,Not at junction or within 20 metres,Not at junction or within 20 metres,54.720675,Darkness - no lighting,432410,536300,-1.498354,E01020699,1,1,0,0,Dry,Unknown,None,60,17:45:00,Rural,Fine no high winds,No,21 - 25,10,Rural,1,1124,None,Other permanent object,Other/Not known (2005-10),Not at or within 20 metres of junction,PEUGEOT,106 INDEPENDENCE,Petrol,Male,Skidded,No tow/articulation,Offside,0,Going ahead left-hand bend,1,Car,No,Front,2010
200850BN2B008,A,388,B,3257,Serious,None,03-02-2021,Thursday,1,Give way or uncontrolled,T or staggered junction,28.4177263,Darkness - no lighting,234700,72990,77.02244986,E01018967,3,2,0,0,Dry,Single carriageway,None,60,21:07:00,Rural,Fine no high winds,No,21 - 25,10,Urban area,7,1149,None,None,Other/Not known (2005-10),Approaching junction or waiting/parked at junction approach,,CLIO BIARRITZ,Petrol,Female,None,No tow/articulation,Did not leave carriageway,0,Turning right,1,Car,No,Front,2019
200904BA09228,B,6480,NA,0,Serious,None,11-12-2019,Wednesday,1,Data missing or out of range,Not at junction or within 20 metres,12.99801564,Darkness - no lighting,359930,467650,77.62418548,E01025132,1,2,0,0,Wet or damp,Single carriageway,None,60,20:00:00,Rural,Fine no high winds,No,21 - 25,10,Urban area,5,1149,None,None,Other/Not known (2005-10),Not at or within 20 metres of junction,,CLIO RN,Petrol,Female,None,No tow/articulation,Did not leave carriageway,0,Going ahead right-hand bend,2,Car,No,Front,2020
200943S116079,C,156,C,147,Serious,None,13-08-2019,Friday,1,Give way or uncontrolled,Roundabout,28.56073529,Darkness - lights lit,485260,237080,77.36141579,E01016728,1,1,0,0,Dry,Roundabout,None,70,23:26:00,Urban,Fine no high winds,No,16 - 20,10,Rural,10,1149,None,None,Other/Not known (2005-10),Leaving roundabout,,,Petrol,Male,Skidded,No tow/articulation,Did not leave carriageway,0,Going ahead other,1,Car,No,Front,2020
20093104D1572,A,610,NA,0,Serious,None,15-12-2019,Thursday,1,Data missing or out of range,Not at junction or within 20 metres,18.59021081,Daylight,448220,345070,73.76712529,E01028116,1,1,0,0,Dry,Dual carriageway,None,70,21:10:00,Rural,Fine no high winds,No,16 - 20,10,Urban area,3,124,None,Near/Offside crash barrier,Other/Not known (2005-10),Not at or within 20 metres of junction,,NSR125,Petrol,Male,None,No tow/articulation,Nearside,0,Going ahead other,1,Motorcycle 125cc and under,No,Nearside,2021
200934NW48309,A,45,NA,0,Serious,None,04-02-2019,Monday,1,Data missing or out of range,Not at junction or within 20 metres,8.864452493,Daylight,491780,266440,76.62772392,E01027336,3,2,0,0,Wet or damp,Dual carriageway,None,70,15:57:00,Rural,Fine no high winds,No,16 - 20,10,Small town,8,973,Kerb,Lamp post,Commuting to/from work,Not at or within 20 metres of junction,,CORSA GLS 12V,Petrol,Female,None,No tow/articulation,Nearside,0,Going ahead other,1,Car,No,Front,2020
200950BD2M027,B,3254,NA,0,Serious,None,20-06-2019,Wednesday,1,Data missing or out of range,Not at junction or within 20 metres,27.09979452,Daylight,225800,64150,93.63098561,E01018768,2,1,0,0,Wet or damp,Dual carriageway,None,70,16:16:00,Rural,Raining + high winds,No,16 - 20,10,Urban area,9,1587,None,Tree,Commuting to/from work,Not at or within 20 metres of junction,,SAXO VTR,Petrol,Male,Skidded,No tow/articulation,Nearside,0,Going ahead other,1,Car,No,Front,2019
200742I217005,A,13,NA,0,Serious,None,02-10-2019,Saturday,1,Not at junction or within 20 metres,Not at junction or within 20 metres,28.46553212,Daylight,570660,186270,77.0050141,E01015943,2,3,0,0,Wet or damp,Dual carriageway,None,70,10:55:00,Rural,Raining no high winds,No,16 - 20,10,Urban area,7,1124,None,None,Other/Not known (2005-10),Not at or within 20 metres of junction,,106 XN INDEPENDENCE,Petrol,Female,Skidded,No tow/articulation,Did not leave carriageway,0,Going ahead other,2,Car,No,Front,2019
200742I511612,Motorway,11,NA,0,Serious,None,31-05-2019,Sunday,1,Data missing or out of range,Not at junction or within 20 metres,18.50975911,Daylight,551410,221400,73.87977441,E01022059,1,3,0,0,Wet or damp,Slip road,None,70,12:45:00,Rural,Raining no high winds,No,16 - 20,10,Data missing or out of range,NA,1149,None,None,Other/Not known (2005-10),Not at or within 20 metres of junction,,CLIO BIARRITZ,Petrol,Female,Skidded,No tow/articulation,Did not leave carriageway,0,Going ahead other,1,Car,No,Front,2021
20084100T1065,Motorway,1,NA,0,Serious,None,12-12-2021,Wednesday,1,Not at junction or within 20 metres,Not at junction or within 20 metres,27.10224272,Darkness - lights lit,509560,212040,93.61734997,E01023431,2,2,0,0,Dry,Dual carriageway,Roadworks,70,00:30:00,Rural,Fine no high winds,No,21 - 25,10,Rural,6,1994,None,None,Other/Not known (2005-10),Not at or within 20 metres of junction,,220 SD,Heavy oil,Male,None,No tow/articulation,Did not leave carriageway,0,U-turn,1,Car,No,Nearside,2019
200820Z027201,Motorway,6,NA,0,Serious,None,31-01-2020,Saturday,1,Data missing or out of range,Not at junction or within 20 metres,26.73524381,Darkness - lights lit,414620,290230,94.22861877,E01009441,1,4,0,0,Dry,Dual carriageway,None,70,23:10:00,Rural,Fine no high winds,No,21 - 25,10,Small town,9,1489,None,None,Other/Not known (2005-10),Not at or within 20 metres of junction,,323 IMOLA,Petrol,Male,None,No tow/articulation,Did not leave carriageway,0,Going ahead other,3,Car,No,Back,2019
20074100T1198,Motorway,1,NA,0,Serious,None,25-05-2021,Friday,1,Not at junction or within 20 metres,Not at junction or within 20 metres,27.10515207,Darkness - lights lit,514370,197030,93.618577,E01023555,1,1,0,0,Dry,Dual carriageway,None,70,01:57:00,Rural,Fine no high winds,No,21 - 25,10,Urban area,3,1998,None,Near/Offside crash barrier,Other/Not known (2005-10),Not at or within 20 metres of junction,,COUPE 20V TURBO,Petrol,Male,None,No tow/articulation,Nearside,0,Going ahead other,1,Car,No,Front,2019
201042I176904,Motorway,11,NA,0,Serious,None,09-10-2021,Friday,1,Not at junction or within 20 metres,Not at junction or within 20 metres,27.09368045,Darkness - lights lit,547680,207040,93.61183498,E01021768,1,1,0,0,Wet or damp,Dual carriageway,None,70,02:00:00,Rural,Fine no high winds,No,21 - 25,10,Data missing or out of range,NA,1124,None,None,Journey as part of work,Not at or within 20 metres of junction,,106 INDEPENDENCE,Petrol,Male,Skidded,No tow/articulation,Nearside,0,Going ahead other,1,Car,No,Front,2019
200734TM11737,Motorway,1,NA,0,Serious,None,11-05-2019,Monday,1,Data missing or out of range,Not at junction or within 20 metres,18.57558502,Darkness - lights lit,457380,274270,73.80120283,E01027006,4,2,0,0,Dry,Dual carriageway,None,70,02:30:00,Rural,Fine no high winds,No,21 - 25,10,Urban area,5,1390,None,None,Other/Not known (2005-10),Not at or within 20 metres of junction,,CLIO RL 1.4 AUTO,Petrol,Female,None,No tow/articulation,Did not leave carriageway,0,Reversing,2,Car,No,Back,2021
200945GU46536,A,3,A,3,Serious,None,21-03-2021,Tuesday,1,Give way or uncontrolled,Slip road,15.19427678,Darkness - lights lit,507700,158590,74.08864205,E01030458,2,7,0,0,Wet or damp,Dual carriageway,None,70,17:05:00,Rural,Raining no high winds,No,21 - 25,10,Urban area,7,1900,None,None,Other/Not known (2005-10),Cleared junction or waiting/parked at junction exit,,GOLF GT TDI,Heavy oil,Male,None,No tow/articulation,Did not leave carriageway,0,Going ahead other,2,Car,No,Back,2019
200920Z026401,Motorway,5,NA,0,Serious,None,26-08-2019,Friday,1,Data missing or out of range,Not at junction or within 20 metres,22.76963086,Darkness - lights lit,398420,287510,75.91554148,E01010004,12,6,0,0,Wet or damp,Dual carriageway,None,70,21:04:00,Urban,Unknown,No,21 - 25,10,Rural,NA,1598,None,None,Other/Not known (2005-10),Not at or within 20 metres of junction,,ASTRA LS 8V,Petrol,Female,None,No tow/articulation,Did not leave carriageway,0,Going ahead other,4,Car,No,Back,2020
20092190X0011,A,38,NA,0,Serious,None,24-04-2021,Saturday,1,Data missing or out of range,Not at junction or within 20 metres,28.61113713,Darkness - lights unlit,413980,301280,77.13561863,E01029488,2,2,0,0,Wet or damp,Dual carriageway,None,70,21:20:00,Rural,Fine no high winds,No,21 - 25,10,Data missing or out of range,NA,2496,None,Central crash barrier,Other/Not known (2005-10),Not at or within 20 metres of junction,,A4 2.5 TDI SE,Heavy oil,Male,None,No tow/articulation,Offside on to centrl res + rebounded,0,Going ahead right-hand bend,1,Car,No,Front,2020
200842I025101,Motorway,11,NA,0,Serious,None,23-12-2020,Tuesday,1,Not at junction or within 20 metres,Not at junction or within 20 metres,18.55568906,Darkness - no lighting,548260,203780,73.89718466,E01021761,2,6,0,0,Dry,Dual carriageway,Roadworks,70,23:00:00,Rural,Fine no high winds,No,21 - 25,10,Urban area,2,1998,None,None,Other/Not known (2005-10),Not at or within 20 metres of junction,,306 GTI 6,Petrol,Male,Skidded,No tow/articulation,Nearside,0,Going ahead other,4,Car,No,Front,2021
200922E904745,A,40,B,4164,Serious,None,12-11-2021,Friday,1,Give way or uncontrolled,Slip road,28.66198945,Darkness - no lighting,355050,217590,77.17339742,E01014031,2,1,0,0,Wet or damp,Dual carriageway,None,70,21:12:00,Rural,Fine no high winds,No,21 - 25,10,Data missing or out of range,NA,1124,Bollard or refuge,None,Other/Not known (2005-10),Entering main road,,SAXO SPREE III,Petrol,Female,None,No tow/articulation,Did not leave carriageway,0,Turning left,1,Car,No,Front,2020
201014C001010,Motorway,18,NA,0,Serious,None,01-01-2010,Friday,1,Not at junction or within 20 metres,Not at junction or within 20 metres,53.391654,Darkness - no lighting,448390,388560,-1.273818,E01007815,1,1,0,0,Frost or ice,Dual carriageway,None,70,00:01:00,Rural,Unknown,No,21 - 25,10,Urban area,7,1587,None,Tree,Other/Not known (2005-10),Not at or within 20 metres of junction,CITROEN,SAXO VTS,Petrol,Male,None,No tow/articulation,Nearside,0,Going ahead other,1,Car,No,Front,2010