Accident_Index,1st_Road_Class,1st_Road_Number,2nd_Road_Class,2nd_Road_Number,Accident_Severity,Carriageway_Hazards,Date,Day_of_Week,Did_Police_Officer_Attend_Scene_of_Accident,Junction_Control,Junction_Detail,Latitude,Light_Conditions,Location_Easting_OSGR,Location_Northing_OSGR,Longitude,LSOA_of_Accident_Location,Number_of_Casualties,Number_of_Vehicles,Pedestrian_Crossing-Human_Control,Pedestrian_Crossing-Physical_Facilities,Road_Surface_Conditions,Road_Type,Special_Conditions_at_Site,Speed_limit,Time,Urban_or_Rural_Area,Weather_Conditions,InScotland,Age_Band_of_Driver,Age_of_Vehicle,Driver_Home_Area_Type,Driver_IMD_Decile,Engine_Capacity_.CC.,Hit_Object_in_Carriageway,Hit_Object_off_Carriageway,Journey_Purpose_of_Driver,Junction_Location,make,model,Propulsion_Code,Sex_of_Driver,Skidding_and_Overturning,Towing_and_Articulation,Vehicle_Leaving_Carriageway,Vehicle_Location.Restricted_Lane,Vehicle_Manoeuvre,Vehicle_Reference,Vehicle_Type,Was_Vehicle_Left_Hand_Drive,X1st_Point_of_Impact,Year
200901CW12488,A,4201,A,501,Serious,None,24-09-2019,Sunday,1,Auto traffic signal,Crossroads,26.45972573,Darkness - lights lit,528590,182110,74.60904314,E01004716,1,2,0,5,Wet or damp,Single carriageway,None,30,02:30:00,Urban,Raining no high winds,No,46 - 55,10,Urban area,2,2398,None,None,Other/Not known (2005-10),Approaching junction or waiting/parked at junction approach,,E240 AVANTGARDE AUTO,Petrol,Male,None,No tow/articulation,Did not leave carriageway,0,Waiting to go - held up,1,Taxi/Private hire car,No,Front,2020
2009160C08260,A,165,NA,0,Serious,None,29-10-2020,Sunday,1,Data missing or out of range,Not at junction or within 20 metres,18.61784966,Darkness - lights lit,515070,434520,73.90375006,E01013032,1,1,0,0,Wet or damp,Single carriageway,None,40,07:12:00,Rural,Raining no high winds,No,46 - 55,10,Data missing or out of range,NA,1289,None,Lamp post,Commuting to/from work,Not at or within 20 metres of junction,,FELICIA PACIFIC,Petrol,Male,None,No tow/articulation,Offside,0,Going ahead other,1,Car,No,Front,2021
200842I450612,B,1014,Unclassified,0,Serious,None,17-07-2019,Friday,1,Give way or uncontrolled,Private drive or entrance,19.20331277,Darkness - lights lit,578720,184680,72.90814234,E01021505,4,3,0,0,Wet or damp,Single carriageway,None,40,23:00:00,Urban,Raining no high winds,No,46 - 55,10,Urban area,3,5900,None,None,Journey as part of work,Mid Junction - on roundabout or on main road,,,Heavy oil,Male,None,No tow/articulation,Did not leave carriageway,0,Going ahead other,3,Bus or coach (17 or more pass seats),No,Front,2021
20074100D0021,A,414,Unclassified,805,Serious,None,02-06-2021,Friday,1,Give way or uncontrolled,T or staggered junction,27.09442494,Darkness - lights lit,507470,206860,93.61711463,E01023349,4,2,0,0,Wet or damp,Dual carriageway,None,40,23:55:00,Urban,Raining no high winds,No,46 - 55,10,Urban area,5,2155,None,None,Other/Not known (2005-10),Entering main road,,C220 DIESEL,Heavy oil,Male,None,No tow/articulation,Did not leave carriageway,0,Moving off,1,Taxi/Private hire car,No,Offside,2019
201001ZT80396,A,237,Unclassified,0,Serious,None,16-11-2010,Tuesday,1,Give way or uncontrolled,T or staggered junction,51.350741,Darkness - lights lit,529070,162930,-0.14794,E01004181,3,3,0,0,Wet or damp,Single carriageway,None,30,17:20:00,Urban,Raining no high winds,No,46 - 55,10,Urban area,3,1985,None,None,Other/Not known (2005-10),Cleared junction or waiting/parked at junction exit,SAAB,9-3 SE TURBO,Petrol,Male,None,No tow/articulation,Did not leave carriageway,0,Waiting to go - held up,1,Car,No,Back,2010
2010160B04181,Unclassified,0,Unclassified,0,Serious,None,03-11-2010,Wednesday,1,Give way or uncontrolled,Roundabout,53.584494,Darkness - lights lit,489180,410610,-0.654334,E01013321,1,1,0,0,Wet or damp,Roundabout,None,30,18:09:00,Urban,Raining no high winds,No,46 - 55,10,Small town,7,1998,None,None,Other/Not known (2005-10),Leaving roundabout,NISSAN,PRIMERA S AUTO,Petrol,Male,None,No tow/articulation,Did not leave carriageway,0,Going ahead other,1,Car,No,Front,2010
200901TX20047,A,244,NA,0,Serious,None,28-01-2020,Thursday,1,Data missing or out of range,Not at junction or within 20 metres,22.05731079,Darkness - lights lit,509420,171560,82.11318782,E01002601,1,1,0,0,Wet or damp,Single carriageway,None,30,21:20:00,Urban,Raining no high winds,No,46 - 55,10,Urban area,8,3248,None,Tree,Other/Not known (2005-10),Not at or within 20 metres of junction,,XJ8 AUTO,Petrol,Female,None,No tow/articulation,Offside,0,Going ahead other,1,Car,No,Front,2019
200945EL40255,A,245,NA,0,Serious,None,28-08-2021,Monday,1,Data missing or out of range,Not at junction or within 20 metres,26.44008194,Darkness - lights lit,509740,160570,80.28827366,E01030318,6,2,0,0,Wet or damp,Single carriageway,None,60,23:22:00,Rural,Raining no high winds,No,46 - 55,10,Urban area,3,1997,None,None,Other/Not known (2005-10),Not at or within 20 metres of junction,,406 EXECUTIVE HDI(110),Heavy oil,Female,None,No tow/articulation,Did not leave carriageway,0,Going ahead other,2,Car,No,Offside,2020
200920F045203,A,4540,Unclassified,0,Serious,None,30-07-2019,Thursday,1,Give way or uncontrolled,Roundabout,28.63063078,Darkness - lights unlit,406300,288460,77.11935126,E01008912,1,2,0,0,Dry,Roundabout,None,30,06:45:00,Urban,Fine no high winds,No,46 - 55,10,Urban area,2,NA,None,None,Journey as part of work,Entering roundabout,,,Heavy oil,Male,None,No tow/articulation,Did not leave carriageway,0,Going ahead other,1,Bus or coach (17 or more pass seats),No,Front,2020
200822CA88896,A,44,Unclassified,0,Serious,None,01-04-2021,Wednesday,1,Give way or uncontrolled,Private drive or entrance,13.00262439,Darkness - no lighting,399730,247170,77.66668793,E01032383,1,2,0,0,Dry,Single carriageway,None,60,20:43:00,Rural,Fine no high winds,No,46 - 55,10,Urban area,8,2997,None,None,Other/Not known (2005-10),Entering main road,,ACCORD 3.0I V6 AUTO,Petrol,Male,None,No tow/articulation,Did not leave carriageway,0,Turning right,1,Car,No,Offside,2019
200734NW00647,A,4500,C,46,Serious,None,23-07-2020,Wednesday,1,Give way or uncontrolled,T or staggered junction,28.62977154,Darkness - no lighting,485560,264900,77.15742935,E01027323,1,3,0,0,Wet or damp,Single carriageway,None,60,16:32:00,Rural,Fine no high winds,No,46 - 55,10,Data missing or out of range,NA,1085,None,None,Other/Not known (2005-10),Approaching junction or waiting/parked at junction approach,,R1100 RT,Petrol,Male,Skidded and overturned,No tow/articulation,Did not leave carriageway,0,Going ahead other,2,Motorcycle over 500cc,No,Front,2020
200930B000528,A,6013,NA,0,Serious,None,13-12-2021,Thursday,1,Data missing or out of range,Not at junction or within 20 metres,28.7030789,Darkness - no lighting,420290,386140,77.08096189,E01019735,2,2,0,0,Wet or damp,Single carriageway,None,50,17:42:00,Rural,Fine no high winds,No,46 - 55,10,Small town,10,1598,None,None,Other/Not known (2005-10),Not at or within 20 metres of junction,,ASTRA LS 8V,Petrol,Male,None,No tow/articulation,Did not leave carriageway,0,Going ahead left-hand bend,2,Car,No,Front,2020
201042I307009,Unclassified,0,NA,0,Serious,None,11-03-2020,Friday,1,Not at junction or within 20 metres,Not at junction or within 20 metres,18.58387121,Darkness - no lighting,544380,198120,73.88898213,E01021774,6,2,0,0,Dry,Single carriageway,None,30,20:43:00,Rural,Fine no high winds,No,46 - 55,10,Urban area,2,1796,None,None,Other/Not known (2005-10),Not at or within 20 metres of junction,,VECTRA SRI 120,Petrol,Male,None,No tow/articulation,Did not leave carriageway,0,Going ahead other,2,Car,No,Front,2021
200834NK18928,C,96,C,6,Serious,None,25-04-2019,Thursday,1,Give way or uncontrolled,Crossroads,18.61184766,Darkness - no lighting,484410,274360,73.77058178,E01027119,2,2,0,0,Dry,Single carriageway,None,60,17:20:00,Rural,Fine no high winds,No,46 - 55,10,Urban area,7,1599,None,None,Other/Not known (2005-10),Mid Junction - on roundabout or on main road,,LANTRA GSI,Petrol,Male,Overturned,No tow/articulation,Did not leave carriageway,0,Going ahead other,2,Car,No,Front,2021
200745GU98201,B,3000,Unclassified,0,Serious,None,18-10-2021,Saturday,1,Give way or uncontrolled,T or staggered junction,18.64515104,Darkness - no lighting,493520,147740,73.79647574,E01030472,2,1,0,0,Dry,Single carriageway,None,40,19:59:00,Rural,Fine no high winds,No,46 - 55,10,Urban area,7,2497,None,None,Other/Not known (2005-10),Approaching junction or waiting/parked at junction approach,,STERLING AUTO,Petrol,Male,Skidded,No tow/articulation,Did not leave carriageway,0,Going ahead other,1,Car,No,Front,2021
200963AC11709,Unclassified,0,B,4309,Serious,None,04-08-2020,Tuesday,1,Give way or uncontrolled,T or staggered junction,29.28311118,Darkness - no lighting,244480,212720,87.3708297,W01000696,3,3,0,0,Wet or damp,Single carriageway,None,60,17:00:00,Rural,Fine no high winds,No,46 - 55,10,Rural,NA,1994,None,None,Other/Not known (2005-10),Leaving main road,,220 DI TURBO,Heavy oil,Male,Skidded,No tow/articulation,Did not leave carriageway,0,Overtaking moving vehicle - offside,1,Car,No,Front,2021
201011NG01640,C,11,NA,0,Serious,None,18-01-2010,Monday,1,Data missing or out of range,Not at junction or within 20 metres,54.835275,Darkness - no lighting,421990,548990,-1.659163,E01020604,3,1,0,0,Frost or ice,Single carriageway,None,60,22:30:00,Rural,Fine no high winds,No,46 - 55,10,Urban area,9,2495,None,Entered ditch,Other/Not known (2005-10),Not at or within 20 metres of junction,LAND ROVER,DISCOVERY TD5 S,Heavy oil,Male,Skidded and overturned,No tow/articulation,Nearside,0,Going ahead right-hand bend,1,Car,No,Front,2010
200743P284077,A,4130,NA,0,Serious,None,01-02-2021,Saturday,1,Data missing or out of range,Not at junction or within 20 metres,23.02078724,Darkness - no lighting,472280,185400,72.64812312,E01028612,1,1,0,0,Wet or damp,Single carriageway,None,60,03:15:00,Rural,Fine no high winds,No,46 - 55,10,Urban area,6,1994,None,None,Commuting to/from work,Not at or within 20 metres of junction,,420 D TURBO,Heavy oil,Female,None,No tow/articulation,Did not leave carriageway,0,Going ahead other,1,Car,No,Front,2019
200922F902196,B,5067,NA,0,Serious,None,04-10-2021,Thursday,1,Data missing or out of range,Not at junction or within 20 metres,26.46503541,Darkness - no lighting,343210,320580,74.58760416,E01028860,1,2,0,0,Dry,Single carriageway,None,60,23:09:00,Rural,Fine no high winds,No,46 - 55,10,Rural,9,1753,None,None,Other/Not known (2005-10),Not at or within 20 metres of junction,,FOCUS GHIA TD DI,Heavy oil,Female,None,No tow/articulation,Did not leave carriageway,0,Going ahead right-hand bend,2,Car,No,Front,2020
200834WD54468,A,508,NA,0,Serious,None,25-09-2019,Monday,1,Data missing or out of range,Not at junction or within 20 metres,27.08983527,Darkness - no lighting,473770,280520,93.62298848,E01027005,1,4,0,0,Wet or damp,Single carriageway,Road sign or marking defective or obscured,60,17:58:00,Rural,Raining no high winds,No,46 - 55,10,Urban area,4,1994,None,None,Commuting to/from work,Not at or within 20 metres of junction,,220 SDI,Heavy oil,Male,None,No tow/articulation,Did not leave carriageway,0,Going ahead other,3,Car,No,Front,2019
2008160B05340,A,18,NA,0,Serious,None,31-01-2021,Thursday,1,Data missing or out of range,Not at junction or within 20 metres,25.76688049,Darkness - no lighting,504590,410460,87.46831404,E01013269,1,2,0,0,Wet or damp,Single carriageway,None,60,19:20:00,Rural,Raining no high winds,No,46 - 55,10,Small town,7,998,None,None,Other/Not known (2005-10),Not at or within 20 metres of junction,,MICRA EQUATION,Petrol,Male,None,No tow/articulation,Did not leave carriageway,0,Going ahead other,1,Car,No,Front,2019
200954EW46409,B,3089,NA,0,Serious,None,19-11-2020,Friday,1,Not at junction or within 20 metres,Not at junction or within 20 metres,13.04333225,Darkness - no lighting,403440,131440,77.65273677,E01032004,3,2,0,0,Wet or damp,Single carriageway,None,60,20:00:00,Rural,Raining no high winds,No,46 - 55,10,Small town,9,1896,None,Tree,Other/Not known (2005-10),Not at or within 20 metres of junction,,BORA SE TDI,Heavy oil,Male,Skidded,No tow/articulation,Offside,0,Going ahead other,1,Car,No,Nearside,2020
200943P167119,B,4026,NA,0,Serious,None,01-12-2019,Thursday,1,Data missing or out of range,Not at junction or within 20 metres,26.45946021,Darkness - no lighting,435100,222560,74.59473357,E01028776,4,2,0,0,Wet or damp,Single carriageway,None,60,22:07:00,Rural,Raining no high winds,No,46 - 55,10,Urban area,10,1840,None,Other permanent object,Other/Not known (2005-10),Not at or within 20 metres of junction,,323F SE,Petrol,Male,None,No tow/articulation,Nearside,0,Going ahead right-hand bend,2,Car,No,Front,2020
200911ND31149,A,690,NA,0,Serious,None,21-02-2020,Wednesday,1,Data missing or out of range,Not at junction or within 20 metres,19.20113366,Darkness - no lighting,422680,538400,72.84876374,E01020685,2,2,0,0,Wet or damp,Single carriageway,None,60,16:35:00,Rural,Raining no high winds,No,46 - 55,10,Urban area,7,1997,None,None,Other/Not known (2005-10),Not at or within 20 metres of junction,,FREELANDER DI,Heavy oil,Male,None,No tow/articulation,Did not leave carriageway,0,Going ahead other,1,Car,No,Front,2021
200837B030438,C,553,NA,0,Serious,None,02-10-2020,Thursday,1,Data missing or out of range,Not at junction or within 20 metres,26.75310201,Darkness - no lighting,611380,278860,94.19426583,E01030064,3,1,0,0,Wet or damp,Single carriageway,None,30,19:07:00,Rural,Raining no high winds,No,46 - 55,10,Rural,7,1149,None,None,Other/Not known (2005-10),Not at or within 20 metres of junction,,CLIO BIARRITZ,Petrol,Female,Skidded,No tow/articulation,Did not leave carriageway,0,Going ahead other,1,Car,No,Front,2019
200963AC51709,A,40,NA,0,Serious,None,22-05-2020,Saturday,1,Data missing or out of range,Not at junction or within 20 metres,27.10584004,Darkness - no lighting,269540,229990,93.61807604,W01000647,2,2,0,0,Wet or damp,Single carriageway,None,60,22:10:00,Rural,Raining no high winds,No,46 - 55,10,Urban area,NA,1598,None,None,Other/Not known (2005-10),Not at or within 20 metres of junction,,ASTRA CLUB AUTO,Petrol,Female,None,No tow/articulation,Did not leave carriageway,0,Going ahead right-hand bend,2,Car,No,Did not impact,2019
200891NP13263,A,82,NA,0,Serious,None,15-08-2019,Friday,1,Data missing or out of range,Not at junction or within 20 metres,27.10555095,Darkness - no lighting,219470,780550,93.62067897,,1,1,0,0,Frost or ice,Dual carriageway,None,60,06:20:00,Rural,Snowing no high winds,Yes,46 - 55,10,Rural,NA,2435,None,Entered ditch,Other/Not known (2005-10),Not at or within 20 metres of junction,,V70 TORSLANDA 10V,Petrol,Female,Skidded and overturned,No tow/articulation,Nearside,0,Going ahead right-hand bend,1,Car,No,Did not impact,2019
2009160C03440,B,1248,NA,0,Serious,None,19-03-2020,Tuesday,1,Data missing or out of range,Not at junction or within 20 metres,18.62703968,Daylight,497120,448750,73.81532247,E01012922,2,2,0,0,Dry,Single carriageway,None,60,16:05:00,Rural,Fine + high winds,No,46 - 55,10,Urban area,9,1868,None,None,Other/Not known (2005-10),Not at or within 20 metres of junction,,206 L D,Heavy oil,Male,None,No tow/articulation,Did not leave carriageway,0,Going ahead right-hand bend,1,Car,No,Offside,2021
200891NN29988,A,862,NA,0,Serious,None,27-09-2020,Thursday,1,Data missing or out of range,Not at junction or within 20 metres,19.19717966,Daylight,264450,846460,72.92397153,,3,2,0,0,Dry,Single carriageway,None,60,14:30:00,Rural,Fine + high winds,Yes,46 - 55,10,Rural,NA,599,None,None,Other/Not known (2005-10),Not at or within 20 metres of junction,,GSF 600 SW,Petrol,Male,None,No tow/articulation,Nearside,0,Going ahead other,1,Motorcycle over 500cc,No,Front,2021
20093102B3032,B,6166,Unclassified,0,Serious,None,27-03-2019,Sunday,1,Give way or uncontrolled,T or staggered junction,14.76427083,Daylight,480130,354480,78.64225474,E01028310,1,1,0,8,Dry,Single carriageway,None,30,15:25:00,Urban,Fine + high winds,No,46 - 55,10,Urban area,7,1998,None,None,Other/Not known (2005-10),Approaching junction or waiting/parked at junction approach,,VECTRA LS DI,Heavy oil,Female,None,No tow/articulation,Nearside,9,Going ahead other,1,Car,No,Front,2019
200801KF74646,C,0,Unclassified,0,Serious,None,26-11-2020,Wednesday,1,Give way or uncontrolled,T or staggered junction,14.68614189,Daylight,541580,182640,78.48220986,E01003539,1,1,0,1,Dry,Single carriageway,None,30,14:40:00,Urban,Fine no high winds,No,46 - 55,10,Urban area,8,1598,None,None,Other/Not known (2005-10),Approaching junction or waiting/parked at junction approach,,ASTRA ENVOY 8V,Petrol,Male,None,No tow/articulation,Did not leave carriageway,0,Going ahead other,1,Car,No,Nearside,2019
200742I408910,A,1169,NA,0,Serious,None,10-03-2020,Monday,1,Not at junction or within 20 metres,Not at junction or within 20 metres,14.66937096,Daylight,545950,208450,78.56442251,E01021823,1,3,0,0,Dry,Single carriageway,None,30,11:30:00,Urban,Fine no high winds,No,46 - 55,10,Urban area,8,2544,None,None,Other/Not known (2005-10),Not at or within 20 metres of junction,,MONDEO GHIA X AUTO,Petrol,Male,None,No tow/articulation,Did not leave carriageway,0,Going ahead other,2,Car,No,Front,2019
200801TX73117,A,315,Unclassified,0,Serious,None,29-12-2019,Saturday,1,Auto traffic signal,T or staggered junction,14.68129907,Daylight,511540,174710,78.53834381,E01002650,1,2,0,0,Dry,Single carriageway,None,30,09:45:00,Urban,Fine no high winds,No,46 - 55,10,Urban area,8,899,None,None,Other/Not known (2005-10),Mid Junction - on roundabout or on main road,,ZX 900-C1,Petrol,Male,None,No tow/articulation,Did not leave carriageway,0,Going ahead other,2,Motorcycle over 500cc,No,Front,2019
2009559D03265,A,354,NA,0,Serious,None,12-01-2021,Wednesday,1,Not at junction or within 20 metres,Not at junction or within 20 metres,14.79748556,Daylight,367610,87180,78.52995068,E01020549,1,2,0,0,Dry,Single carriageway,None,60,14:04:00,Rural,Fine no high winds,No,46 - 55,10,Urban area,5,1200,None,None,Other/Not known (2005-10),Not at or within 20 metres of junction,,,Petrol,Male,None,No tow/articulation,Did not leave carriageway,0,Overtaking static vehicle - offside,2,Motorcycle over 500cc,No,Front,2019
200901SX21145,A,1,Unclassified,0,Serious,None,28-02-2021,Thursday,1,Give way or uncontrolled,T or staggered junction,27.09468588,Daylight,520940,193190,93.61660253,E01000231,2,3,0,0,Wet or damp,Dual carriageway,None,50,10:50:00,Urban,Fine no high winds,No,46 - 55,10,Urban area,10,2544,None,None,Other/Not known (2005-10),Mid Junction - on roundabout or on main road,,MONDEO ST 24 V6,Petrol,Male,None,No tow/articulation,Did not leave carriageway,0,Slowing or stopping,3,Car,No,Back,2019
2009160A01740,A,1243,NA,0,Serious,None,16-02-2020,Wednesday,1,Data missing or out of range,Not at junction or within 20 metres,27.09296398,Daylight,527180,405330,93.62877568,E01013193,2,1,0,0,Dry,Single carriageway,None,30,13:27:00,Urban,Fine no high winds,No,46 - 55,10,Urban area,5,NA,None,None,Journey as part of work,Not at or within 20 metres of junction,,,Heavy oil,Male,None,No tow/articulation,Did not leave carriageway,0,Going ahead other,1,Bus or coach (17 or more pass seats),No,Nearside,2019
200842I168105,Unclassified,0,Unclassified,0,Serious,None,22-10-2020,Tuesday,1,Give way or uncontrolled,T or staggered junction,27.09325226,Daylight,580260,196870,93.63322905,E01021606,1,2,0,0,Dry,Single carriageway,None,30,17:49:00,Urban,Fine no high winds,No,46 - 55,10,Urban area,7,800,None,None,Other/Not known (2005-10),Mid Junction - on roundabout or on main road,,,Petrol,Male,None,No tow/articulation,Did not leave carriageway,0,Going ahead other,2,Motorcycle over 500cc,No,Front,2019
2007557B05268,A,347,Unclassified,0,Serious,None,25-09-2021,Monday,1,Give way or uncontrolled,Private drive or entrance,27.09583629,Daylight,408300,94830,93.63375806,E01015356,1,3,0,0,Dry,Single carriageway,None,30,08:46:00,Urban,Fine no high winds,No,46 - 55,10,Urban area,9,1700,None,None,Commuting to/from work,Cleared junction or waiting/parked at junction exit,,ASTRA LS 1.7D TURBO,Heavy oil,Male,None,No tow/articulation,Did not leave carriageway,0,Turning right,2,Car,No,Did not impact,2019
200934TW46279,C,4,NA,0,Serious,None,19-10-2020,Monday,1,Data missing or out of range,Not at junction or within 20 metres,27.10561483,Daylight,486110,270410,93.61478643,E01027338,2,4,0,0,Dry,Single carriageway,None,60,08:40:00,Rural,Fine no high winds,No,46 - 55,10,Data missing or out of range,NA,2435,None,None,Other/Not known (2005-10),Not at or within 20 metres of junction,,S80 2.4 SE AUTO,Petrol,Male,None,No tow/articulation,Did not leave carriageway,0,Waiting to go - held up,4,Car,No,Back,2019
200954DE23809,A,346,Motorway,4,Serious,None,21-07-2021,Thursday,1,Give way or uncontrolled,Roundabout,27.09960774,Daylight,419120,180850,93.63142636,E01015588,1,2,0,0,Dry,Roundabout,None,60,18:40:00,Rural,Fine no high winds,No,46 - 55,10,Urban area,3,1052,Kerb,Near/Offside crash barrier,Other/Not known (2005-10),Mid Junction - on roundabout or on main road,,,Petrol,Male,None,No tow/articulation,Nearside and rebounded,0,Going ahead other,2,Motorcycle over 500cc,No,Nearside,2019
200920M053101,B,4109,B,4109,Serious,None,28-12-2021,Friday,1,Give way or uncontrolled,Other junction,26.7696094,Daylight,433800,279690,94.21503826,E01009638,1,1,0,0,Dry,One way street,None,30,09:58:00,Urban,Fine no high winds,No,46 - 55,10,Urban area,6,11967,None,None,Journey as part of work,Cleared junction or waiting/parked at junction exit,,,Heavy oil,Male,None,No tow/articulation,Did not leave carriageway,2,Moving off,1,Bus or coach (17 or more pass seats),No,Nearside,2019
2010400C00403,Motorway,1,Motorway,1,Serious,None,19-02-2020,Tuesday,1,Give way or uncontrolled,Slip road,26.73592842,Daylight,505440,222510,94.2113554,E01015714,2,3,0,0,Wet or damp,Dual carriageway,None,70,12:23:00,Urban,Fine no high winds,No,46 - 55,10,Urban area,4,1392,None,None,Other/Not known (2005-10),Entering from slip road,,ALMERA INVITATION,Petrol,Male,None,No tow/articulation,Did not leave carriageway,0,Changing lane to right,1,Car,No,Offside,2019
200842I002901,A,12,NA,0,Serious,None,24-02-2019,Sunday,1,Not at junction or within 20 metres,Not at junction or within 20 metres,25.78893641,Daylight,603370,231660,87.4572596,E01021655,3,3,0,0,Wet or damp,Dual carriageway,None,70,10:45:00,Rural,Fine no high winds,No,46 - 55,10,Data missing or out of range,NA,2499,None,None,Journey as part of work,Not at or within 20 metres of junction,,ARENA 2.5 LWB,Heavy oil,Male,Skidded,No tow/articulation,Nearside,0,Going ahead other,1,Van / Goods 3.5 tonnes mgw or under,No,Front,2019
200897KA04702,Unclassified,0,Unclassified,0,Serious,None,07-12-2019,Wednesday,2,Stop sign,T or staggered junction,25.77901147,Daylight,247100,662580,87.46204852,,1,2,0,0,Wet or damp,Single carriageway,None,30,17:05:00,Urban,Fine no high winds,Yes,46 - 55,10,Urban area,NA,1796,None,None,Other/Not known (2005-10),Approaching junction or waiting/parked at junction approach,,ESCORT GHIA X,Petrol,Male,None,No tow/articulation,Did not leave carriageway,0,Going ahead other,2,Car,No,Front,2019
200945RE43914,Motorway,25,NA,0,Serious,None,03-01-2020,Friday,1,Data missing or out of range,Not at junction or within 20 metres,25.79083738,Daylight,527490,153600,87.4864289,E01030598,1,2,0,0,Dry,Dual carriageway,None,70,18:26:00,Rural,Fine no high winds,No,46 - 55,10,Rural,10,899,None,None,Other/Not known (2005-10),Not at or within 20 metres of junction,,ZX900-C2,Petrol,Male,None,No tow/articulation,Did not leave carriageway,0,Going ahead other,2,Motorcycle over 500cc,No,Did not impact,2019
200920J038802,Unclassified,0,NA,0,Serious,None,05-08-2021,Wednesday,1,Data missing or out of range,Not at junction or within 20 metres,25.77000275,Daylight,397540,285870,87.48066319,E01009795,1,2,0,0,Dry,Single carriageway,None,30,10:50:00,Urban,Fine no high winds,No,46 - 55,10,Urban area,3,2793,None,None,Journey as part of work,Not at or within 20 metres of junction,,328 CI SE,Petrol,Male,None,No tow/articulation,Did not leave carriageway,0,Moving off,1,Car,No,Front,2019
200901TB00041,B,454,NA,0,Serious,None,22-05-2019,Tuesday,1,Data missing or out of range,Not at junction or within 20 metres,22.09522803,Daylight,520460,188120,82.14126775,E01000519,2,4,0,1,Dry,Single carriageway,None,30,09:43:00,Urban,Fine no high winds,No,46 - 55,10,Urban area,3,1598,None,None,Other/Not known (2005-10),Not at or within 20 metres of junction,,MEGANE SCENIC SP ALIZE AUTO,Petrol,Male,None,No tow/articulation,Nearside,0,Parked,3,Car,No,Offside,2019
200845RE28625,A,23,A,23,Serious,None,01-07-2021,Friday,1,Give way or uncontrolled,Roundabout,22.07160275,Daylight,527990,150870,82.13684583,E01030617,2,3,0,4,Dry,Roundabout,None,30,15:23:00,Urban,Fine no high winds,No,46 - 55,10,Urban area,5,4250,None,None,Other/Not known (2005-10),Approaching junction or waiting/parked at junction approach,,,Heavy oil,Male,None,No tow/articulation,Did not leave carriageway,0,Going ahead other,1,Goods 7.5 tonnes mgw and over,No,Front,2019
200797AC01206,Unclassified,0,Unclassified,0,Serious,None,30-08-2021,Sunday,1,Give way or uncontrolled,Crossroads,15.24796155,Daylight,258360,665480,73.98792373,,3,2,0,0,Dry,One way street,None,30,20:30:00,Urban,Fine no high winds,Yes,46 - 55,10,Urban area,NA,1242,None,None,Other/Not known (2005-10),Cleared junction or waiting/parked at junction exit,,PUNTO 75 SX,Petrol,Male,None,No tow/articulation,Did not leave carriageway,0,Going ahead other,1,Car,No,Front,2019
20074100B0048,Unclassified,184,Unclassified,442,Serious,None,17-09-2019,Friday,1,Give way or uncontrolled,Roundabout,15.29714784,Daylight,524720,211870,73.95551818,E01023957,1,2,0,8,Dry,Roundabout,None,30,18:50:00,Urban,Fine no high winds,No,46 - 55,10,Urban area,5,NA,None,None,Journey as part of work,Mid Junction - on roundabout or on main road,,,Heavy oil,Male,None,No tow/articulation,Did not leave carriageway,0,Turning right,2,Bus or coach (17 or more pass seats),No,Did not impact,2019
200906M011959,A,56,A,5014,Serious,None,07-03-2021,Saturday,1,Auto traffic signal,Crossroads,15.29518293,Daylight,382420,396990,74.11930231,E01006185,1,2,0,5,Dry,Dual carriageway,None,30,11:30:00,Urban,Fine no high winds,No,46 - 55,10,Urban area,1,1389,None,None,Other/Not known (2005-10),Mid Junction - on roundabout or on main road,,CORSA CDX 16V,Petrol,Male,None,No tow/articulation,Did not leave carriageway,0,Going ahead other,2,Car,No,Nearside,2019
201042I103604,A,131,NA,0,Serious,None,01-09-2019,Tuesday,1,Not at junction or within 20 metres,Not at junction or within 20 metres,15.26502414,Daylight,577210,226280,74.00075116,E01021381,1,3,0,0,Dry,Single carriageway,None,40,07:25:00,Urban,Fine no high winds,No,46 - 55,10,Urban area,4,647,None,None,Journey as part of work,Not at or within 20 metres of junction,,XL 650 V-Y,Petrol,Male,None,No tow/articulation,Did not leave carriageway,0,Overtaking moving vehicle - offside,1,Motorcycle over 500cc,No,Did not impact,2019
200932C290009,Unclassified,0,NA,,Serious,None,05-12-2021,Sunday,1,Give way or uncontrolled,Other junction,15.32262803,Daylight,532960,387640,74.08022092,E01026086,1,2,0,0,Dry,Single carriageway,None,30,16:58:00,Urban,Fine no high winds,No,46 - 55,10,Urban area,4,1598,None,None,Other/Not known (2005-10),Cleared junction or waiting/parked at junction exit,,ASTRA CLUB 8V,Petrol,Male,None,No tow/articulation,Did not leave carriageway,0,Going ahead left-hand bend,1,Car,No,Front,2019