Accident_Index,1st_Road_Class,1st_Road_Number,2nd_Road_Class,2nd_Road_Number,Accident_Severity,Carriageway_Hazards,Date,Day_of_Week,Did_Police_Officer_Attend_Scene_of_Accident,Junction_Control,Junction_Detail,Latitude,Light_Conditions,Location_Easting_OSGR,Location_Northing_OSGR,Longitude,LSOA_of_Accident_Location,Number_of_Casualties,Number_of_Vehicles,Pedestrian_Crossing-Human_Control,Pedestrian_Crossing-Physical_Facilities,Road_Surface_Conditions,Road_Type,Special_Conditions_at_Site,Speed_limit,Time,Urban_or_Rural_Area,Weather_Conditions,InScotland,Age_Band_of_Driver,Age_of_Vehicle,Driver_Home_Area_Type,Driver_IMD_Decile,Engine_Capacity_.CC.,Hit_Object_in_Carriageway,Hit_Object_off_Carriageway,Journey_Purpose_of_Driver,Junction_Location,make,model,Propulsion_Code,Sex_of_Driver,Skidding_and_Overturning,Towing_and_Articulation,Vehicle_Leaving_Carriageway,Vehicle_Location.Restricted_Lane,Vehicle_Manoeuvre,Vehicle_Reference,Vehicle_Type,Was_Vehicle_Left_Hand_Drive,X1st_Point_of_Impact,Year
200991NE01568,Unclassified,0,NA,0,Serious,None,29-12-2020,Saturday,1,Data missing or out of range,Not at junction or within 20 metres,22.05379667,Darkness - lights lit,270690,868810,82.15529192,,8,3,0,0,Dry,Unknown,None,30,21:10:00,Rural,Fine no high winds,Yes,16 - 20,9,Small town,NA,1396,None,None,Other/Not known (2005-10),Not at or within 20 metres of junction,,25 IL 16V,Petrol,Female,None,No tow/articulation,Offside,0,Going ahead other,2,Car,No,Nearside,2019
200842I464712,Unclassified,0,NA,0,Serious,None,16-08-2021,Sunday,1,Not at junction or within 20 metres,Not at junction or within 20 metres,8.880415112,Darkness - lights lit,566570,189320,76.68598453,E01021277,1,1,0,0,Dry,Single carriageway,None,30,02:35:00,Urban,Fine no high winds,No,16 - 20,9,Urban area,9,1108,None,None,Other/Not known (2005-10),Not at or within 20 metres of junction,,SEICENTO SPORTING,Petrol,Female,None,No tow/articulation,Did not leave carriageway,0,Going ahead other,1,Car,No,Front,2020
20074100D0450,A,4251,Unclassified,29,Serious,None,16-03-2021,Tuesday,1,Give way or uncontrolled,T or staggered junction,18.64249918,Darkness - lights lit,507130,202930,73.84933223,E01023406,1,2,0,0,Dry,Single carriageway,None,30,23:24:00,Urban,Fine no high winds,No,16 - 20,9,Urban area,9,1242,None,None,Other/Not known (2005-10),Mid Junction - on roundabout or on main road,,PUNTO SX 60,Petrol,Female,None,No tow/articulation,Did not leave carriageway,0,Going ahead other,2,Car,No,Front,2021
20094100G0154,Unclassified,756,NA,0,Serious,None,18-07-2021,Saturday,1,Not at junction or within 20 metres,Not at junction or within 20 metres,18.59858143,Darkness - lights lit,521920,233980,73.75207441,E01023638,2,1,0,0,Dry,Single carriageway,None,30,05:37:00,Urban,Fine no high winds,No,16 - 20,9,Urban area,6,973,None,Lamp post,Other/Not known (2005-10),Not at or within 20 metres of junction,,CORSA GLS 12V,Petrol,Female,None,No tow/articulation,Nearside,0,Going ahead other,1,Car,No,Nearside,2021
201001TA00048,A,218,A,218,Serious,None,17-04-2010,Saturday,1,Give way or uncontrolled,T or staggered junction,51.451791,Darkness - lights lit,525310,174080,-0.19797,E01004601,1,3,0,8,Dry,Single carriageway,None,30,22:40:00,Urban,Fine no high winds,No,16 - 20,9,Urban area,6,1242,Parked vehicle,None,Other/Not known (2005-10),Approaching junction or waiting/parked at junction approach,FIAT,PUNTO MIA,Petrol,Female,Skidded,No tow/articulation,Did not leave carriageway,0,Going ahead other,1,Car,No,Front,2010
200814K001008,Unclassified,0,Unclassified,0,Serious,None,25-01-2019,Friday,1,Give way or uncontrolled,Crossroads,15.25752754,Darkness - lights lit,432960,389590,74.0929368,E01007995,3,2,0,0,Wet or damp,Single carriageway,None,30,22:10:00,Urban,Raining no high winds,No,16 - 20,9,Urban area,7,999,None,Other permanent object,Other/Not known (2005-10),Approaching junction or waiting/parked at junction approach,,ATOZ S-A,Petrol,Male,None,No tow/articulation,Offside,0,Going ahead other,2,Car,No,Front,2019
200804EA08311,B,6130,NA,0,Serious,None,21-04-2019,Saturday,1,Data missing or out of range,Not at junction or within 20 metres,28.7086204,Darkness - lights lit,370620,427700,77.32993231,E01012640,1,2,0,0,Wet or damp,Single carriageway,None,30,20:50:00,Urban,Raining no high winds,No,16 - 20,9,Data missing or out of range,NA,1587,Parked vehicle,None,Other/Not known (2005-10),Not at or within 20 metres of junction,,COROLLA GLS,Petrol,Male,None,No tow/articulation,Nearside,0,Going ahead other,1,Car,No,Front,2020
200837G024814,B,1082,B,1082,Serious,None,30-09-2020,Tuesday,1,Give way or uncontrolled,T or staggered junction,28.70252012,Darkness - lights lit,630310,234330,77.27404105,E01030162,1,1,0,0,Wet or damp,Single carriageway,None,30,21:59:00,Urban,Raining no high winds,No,16 - 20,9,Urban area,NA,1124,None,None,Other/Not known (2005-10),Cleared junction or waiting/parked at junction exit,,SAXO EAST COAST,Petrol,Male,None,No tow/articulation,Did not leave carriageway,0,Moving off,1,Car,No,Nearside,2021
200850JG3N016,Unclassified,0,NA,0,Serious,None,16-12-2020,Monday,2,Not at junction or within 20 metres,Not at junction or within 20 metres,28.72330233,Darkness - lights lit,294080,74230,77.33299585,E01020266,3,2,0,0,Wet or damp,Single carriageway,None,30,21:28:00,Urban,Raining no high winds,No,16 - 20,9,Urban area,4,1299,None,None,Other/Not known (2005-10),Not at or within 20 metres of junction,,COMPACT DUO,Petrol,Male,Skidded,No tow/articulation,Did not leave carriageway,0,Going ahead left-hand bend,1,Car,No,Front,2021
201042I267308,B,194,Unclassified,0,Serious,None,12-11-2020,Wednesday,1,Auto traffic signal,Crossroads,26.75519716,Darkness - lights lit,539080,205990,94.21870302,E01021793,1,2,0,0,Wet or damp,Single carriageway,None,30,22:08:00,Urban,Raining no high winds,No,16 - 20,9,Urban area,10,1124,None,None,Other/Not known (2005-10),Mid Junction - on roundabout or on main road,,SAXO FORTE,Petrol,Male,None,No tow/articulation,Did not leave carriageway,0,Turning right,1,Car,No,Front,2019
200820L069701,Unclassified,0,A,34,Serious,None,28-07-2019,Saturday,1,Auto traffic signal,Crossroads,22.75338229,Darkness - lights lit,411710,279720,75.84904994,E01010224,1,3,0,0,Wet or damp,Single carriageway,None,30,21:00:00,Urban,Raining no high winds,No,16 - 20,9,Urban area,5,1242,None,None,Other/Not known (2005-10),Approaching junction or waiting/parked at junction approach,,PUNTO SX 60,Petrol,Female,None,No tow/articulation,Did not leave carriageway,0,Going ahead other,2,Car,No,Offside,2020
200901YE80853,A,1010,C,0,Serious,None,01-06-2019,Monday,1,Give way or uncontrolled,Mini-roundabout,28.72365403,Darkness - lights lit,535160,197140,77.18737267,E01001439,1,1,0,1,Frost or ice,Single carriageway,None,30,20:18:00,Urban,Snowing no high winds,No,16 - 20,9,Urban area,4,1242,None,Road sign or traffic signal,Other/Not known (2005-10),Approaching junction or waiting/parked at junction approach,,PUNTO MIA,Petrol,Male,Skidded,No tow/articulation,Nearside,0,Going ahead other,1,Car,No,Front,2021
200906P009598,A,669,A,664,Serious,None,25-06-2021,Sunday,1,Give way or uncontrolled,Roundabout,12.98840223,Darkness - lights lit,387190,405800,77.55780167,E01005539,1,2,0,0,Wet or damp,Roundabout,None,30,19:59:00,Urban,Snowing no high winds,No,16 - 20,9,Rural,6,1299,None,None,Other/Not known (2005-10),Mid Junction - on roundabout or on main road,,KA3,Petrol,Female,None,No tow/articulation,Did not leave carriageway,0,Going ahead other,2,Car,No,Nearside,2019
200843R262068,A,332,NA,,Serious,None,12-07-2020,Sunday,1,Give way or uncontrolled,Private drive or entrance,15.25499927,Darkness - lights unlit,496450,174990,74.05213254,E01016595,2,2,0,0,Dry,Single carriageway,None,30,14:46:00,Urban,Fine no high winds,No,16 - 20,9,Urban area,8,599,Kerb,None,Other/Not known (2005-10),Mid Junction - on roundabout or on main road,,ZX600-G2,Petrol,Male,Skidded,No tow/articulation,Nearside,0,Going ahead other,1,Motorcycle over 500cc,No,Front,2019
200854DE33108,A,4311,Unclassified,0,Serious,None,12-11-2020,Sunday,1,Give way or uncontrolled,Roundabout,19.12191729,Darkness - lights unlit,415670,187160,72.83107244,E01015506,2,2,0,4,Dry,Roundabout,None,30,19:27:00,Urban,Fine no high winds,No,16 - 20,9,Urban area,NA,973,None,None,Other/Not known (2005-10),Mid Junction - on roundabout or on main road,,CORSA GLS 12V,Petrol,Male,None,No tow/articulation,Did not leave carriageway,0,Turning right,1,Car,No,Nearside,2021
200963BC17909,A,487,NA,0,Serious,None,07-08-2020,Friday,1,Data missing or out of range,Not at junction or within 20 metres,22.07099028,Darkness - no lighting,260890,282370,82.11505173,W01000526,2,1,0,0,Wet or damp,Single carriageway,None,30,20:00:00,Rural,Other,No,16 - 20,9,Urban area,NA,1587,None,Tree,Other/Not known (2005-10),Not at or within 20 metres of junction,,SAXO VTS,Petrol,Male,Skidded,No tow/articulation,Offside,0,Going ahead left-hand bend,1,Car,No,Nearside,2019
201037B044275,C,601,NA,0,Serious,None,03-06-2021,Monday,2,Data missing or out of range,Not at junction or within 20 metres,19.08671354,Darkness - no lighting,570380,278660,72.91940091,E01029932,2,2,0,0,Dry,Single carriageway,None,30,22:30:00,Rural,Unknown,No,16 - 20,9,Urban area,9,1998,None,Other permanent object,Other/Not known (2005-10),Not at or within 20 metres of junction,,MONDEO LX TDDI,Heavy oil,Male,None,No tow/articulation,Nearside,0,Going ahead right-hand bend,2,Car,No,Front,2021
200901QA10023,C,0,Unclassified,0,Serious,None,24-06-2019,Sunday,1,Give way or uncontrolled,Private drive or entrance,14.69142181,Daylight,514790,189140,78.6058391,E01002164,1,2,0,0,Dry,Single carriageway,None,30,14:10:00,Urban,Fine no high winds,No,16 - 20,9,Data missing or out of range,NA,125,None,None,Other/Not known (2005-10),Mid Junction - on roundabout or on main road,,TYPHOON 125,Petrol,Male,None,No tow/articulation,Did not leave carriageway,0,Overtaking moving vehicle - offside,2,Motorcycle 125cc and under,No,Front,2019
200920E500201,Unclassified,0,NA,0,Serious,None,26-03-2021,Friday,1,Data missing or out of range,Not at junction or within 20 metres,26.75529351,Daylight,399550,278440,94.2313708,E01009156,3,1,0,0,Wet or damp,Single carriageway,None,30,14:57:00,Urban,Fine no high winds,No,16 - 20,9,Urban area,1,1587,None,None,Other/Not known (2005-10),Not at or within 20 metres of junction,,SAXO VTS,Petrol,Male,Skidded,No tow/articulation,Offside,0,Going ahead other,1,Car,No,Front,2019
200906L014425,C,0,NA,0,Serious,None,14-06-2019,Saturday,1,Not at junction or within 20 metres,Not at junction or within 20 metres,25.77818399,Daylight,356110,406230,87.48275967,E01006361,5,2,0,0,Dry,Single carriageway,None,30,18:47:00,Urban,Fine no high winds,No,16 - 20,9,Urban area,1,1390,None,None,Other/Not known (2005-10),Not at or within 20 metres of junction,,MEGANE SPORT COUPE,Petrol,Male,None,No tow/articulation,Did not leave carriageway,0,Turning right,1,Car,No,Offside,2019
200806L092833,C,0,NA,0,Serious,None,14-10-2019,Tuesday,1,Not at junction or within 20 metres,Not at junction or within 20 metres,22.08840786,Daylight,369120,401770,82.1690885,E01006381,1,1,0,0,Dry,Single carriageway,None,30,08:00:00,Rural,Fine no high winds,No,16 - 20,9,Urban area,3,1124,None,None,Commuting to/from work,Not at or within 20 metres of junction,,SAXO EAST COAST,Petrol,Male,None,No tow/articulation,Did not leave carriageway,0,Going ahead other,1,Car,No,Nearside,2019
200820F160603,Unclassified,0,NA,0,Serious,None,24-10-2021,Friday,1,Data missing or out of range,Not at junction or within 20 metres,22.08960136,Daylight,405120,290550,82.16734952,E01009056,1,1,0,0,Dry,Single carriageway,None,30,19:20:00,Urban,Fine no high winds,No,16 - 20,9,Data missing or out of range,NA,2793,None,None,Other/Not known (2005-10),Not at or within 20 metres of junction,,728I AUTO,Petrol,Male,None,No tow/articulation,Did not leave carriageway,0,Overtaking static vehicle - offside,1,Car,No,Front,2019
200837G025740,A,154,NA,0,Serious,None,15-06-2020,Tuesday,1,Data missing or out of range,Not at junction or within 20 metres,28.42702308,Daylight,629130,233080,77.02484193,E01030163,1,2,0,0,Dry,Single carriageway,None,30,16:15:00,Urban,Fine no high winds,No,16 - 20,9,Urban area,9,125,None,None,Other/Not known (2005-10),Not at or within 20 metres of junction,,,Petrol,Male,Skidded,No tow/articulation,Did not leave carriageway,0,Going ahead left-hand bend,1,Motorcycle 125cc and under,No,Front,2019
200950GA2D017,B,3274,NA,0,Serious,None,17-09-2019,Tuesday,1,Not at junction or within 20 metres,Not at junction or within 20 metres,22.76199342,Daylight,200470,55490,75.90481106,E01019075,2,2,0,0,Dry,Single carriageway,None,30,14:32:00,Rural,Fine no high winds,No,16 - 20,9,Rural,5,124,None,None,Other/Not known (2005-10),Not at or within 20 metres of junction,,COGUAR,Petrol,Male,Skidded and overturned,No tow/articulation,Did not leave carriageway,0,Going ahead right-hand bend,2,Motorcycle 125cc and under,No,Front,2020
200934NK43309,A,6098,Unclassified,2938,Serious,None,01-01-2019,Friday,1,Give way or uncontrolled,T or staggered junction,22.72902329,Daylight,487880,277450,75.83242046,E01027099,1,2,0,0,Dry,Single carriageway,None,30,15:50:00,Urban,Fine no high winds,No,16 - 20,9,Small town,5,49,None,None,Pupil riding to/from school,Mid Junction - on roundabout or on main road,,,Petrol,Male,None,No tow/articulation,Did not leave carriageway,0,Going ahead other,1,Motorcycle 50cc and under,No,Front,2020
200842I371510,Unclassified,0,Unclassified,0,Serious,None,06-10-2019,Wednesday,1,Give way or uncontrolled,Private drive or entrance,26.46257119,Daylight,570970,187880,80.30512801,E01021299,1,2,0,0,Dry,Single carriageway,None,30,12:25:00,Urban,Fine no high winds,No,16 - 20,9,Urban area,1,49,None,None,Other/Not known (2005-10),Approaching junction or waiting/parked at junction approach,,,Petrol,Male,Skidded,No tow/articulation,Did not leave carriageway,0,Going ahead other,1,Motorcycle 50cc and under,No,Front,2020
200930D000488,Unclassified,0,Unclassified,0,Serious,None,13-06-2021,Wednesday,1,Give way or uncontrolled,T or staggered junction,26.45203573,Daylight,434740,335800,80.28748937,E01013456,1,2,0,0,Dry,Single carriageway,None,30,20:31:00,Urban,Fine no high winds,No,16 - 20,9,Urban area,10,125,None,None,Other/Not known (2005-10),Mid Junction - on roundabout or on main road,,,Petrol,Male,None,No tow/articulation,Did not leave carriageway,0,Going ahead right-hand bend,2,Motorcycle 125cc and under,No,Front,2020
200734WD64637,C,51,NA,0,Serious,None,15-10-2020,Sunday,1,Data missing or out of range,Not at junction or within 20 metres,28.65692194,Daylight,465100,276160,77.23336101,E01027030,2,1,0,0,Dry,Single carriageway,None,30,10:15:00,Rural,Fine no high winds,No,16 - 20,9,Data missing or out of range,NA,1124,None,Tree,Other/Not known (2005-10),Not at or within 20 metres of junction,,106 XN ZEST 2,Petrol,Male,Skidded,No tow/articulation,Did not leave carriageway,0,Going ahead right-hand bend,1,Car,No,Offside,2020
20083102D0905,Unclassified,0,Unclassified,0,Serious,None,22-03-2021,Monday,1,Give way or uncontrolled,T or staggered junction,28.5958369,Daylight,464640,335300,77.25343096,E01028370,1,2,0,8,Dry,Single carriageway,None,30,17:35:00,Rural,Fine no high winds,No,16 - 20,9,Small town,5,125,None,None,Other/Not known (2005-10),Mid Junction - on roundabout or on main road,,,Petrol,Male,None,No tow/articulation,Did not leave carriageway,0,Going ahead other,2,Motorcycle 125cc and under,No,Front,2020
200801BS73312,B,412,NA,0,Serious,None,19-03-2019,Friday,1,Data missing or out of range,Not at junction or within 20 metres,28.6340724,Daylight,524200,181420,77.2281572,E01002878,1,1,0,1,Dry,Single carriageway,None,30,19:41:00,Urban,Fine no high winds,No,16 - 20,9,Urban area,2,1390,None,None,Other/Not known (2005-10),Not at or within 20 metres of junction,,POLO 1.4 CL AUTO,Petrol,Male,None,No tow/articulation,Did not leave carriageway,0,Slowing or stopping,1,Car,No,Front,2020
200920G007401,Unclassified,0,NA,0,Serious,None,08-03-2020,Sunday,1,Data missing or out of range,Not at junction or within 20 metres,28.59000074,Daylight,389720,299120,77.20221007,E01010512,1,3,0,0,Wet or damp,Single carriageway,None,30,12:05:00,Urban,Fine no high winds,No,16 - 20,9,Urban area,7,1242,None,None,Other/Not known (2005-10),Not at or within 20 metres of junction,,FIESTA GHIA 16V,Petrol,Male,None,No tow/articulation,Did not leave carriageway,0,Overtaking static vehicle - offside,2,Car,No,Front,2020
200742I163105,Unclassified,0,Unclassified,0,Serious,None,10-11-2020,Thursday,1,Give way or uncontrolled,T or staggered junction,28.54821952,Daylight,573960,230780,77.10326864,E01021413,1,2,0,0,Dry,Single carriageway,None,30,19:00:00,Rural,Fine no high winds,No,16 - 20,9,Data missing or out of range,NA,954,None,None,Other/Not known (2005-10),Approaching junction or waiting/parked at junction approach,,SAXO OPEN SCANDAL,Petrol,Male,Skidded,No tow/articulation,Did not leave carriageway,0,Going ahead right-hand bend,2,Car,No,Front,2020
200922G902509,Unclassified,0,Unclassified,0,Serious,None,14-03-2021,Friday,2,Give way or uncontrolled,T or staggered junction,28.59030821,Daylight,366360,312230,77.30287932,E01014140,2,2,0,0,Dry,Single carriageway,None,30,14:40:00,Urban,Fine no high winds,No,16 - 20,9,Urban area,3,2946,None,None,Other/Not known (2005-10),Mid Junction - on roundabout or on main road,,LAGUNA MONACO,Petrol,Male,None,No tow/articulation,Did not leave carriageway,0,Slowing or stopping,2,Car,No,Back,2021
200737G022105,B,1115,Unclassified,8119,Serious,None,01-06-2019,Sunday,1,Give way or uncontrolled,T or staggered junction,18.52571786,Daylight,599270,249460,73.79678415,E01029876,1,2,0,0,Dry,Single carriageway,None,30,12:50:00,Rural,Fine no high winds,No,16 - 20,9,Rural,5,599,None,None,Other/Not known (2005-10),Mid Junction - on roundabout or on main road,,CB600 HORNET,Petrol,Male,None,No tow/articulation,Did not leave carriageway,0,Going ahead other,2,Motorcycle over 500cc,No,Nearside,2021
200801XD80253,B,455,Unclassified,0,Serious,None,05-08-2019,Saturday,1,Auto traffic signal,T or staggered junction,18.51623209,Daylight,513590,182500,73.92501721,E01001259,2,2,0,5,Dry,Single carriageway,None,30,12:57:00,Urban,Fine no high winds,No,16 - 20,9,Urban area,1,125,None,None,Other/Not known (2005-10),Approaching junction or waiting/parked at junction approach,,,Petrol,Male,None,No tow/articulation,Did not leave carriageway,0,Going ahead other,2,Motorcycle 125cc and under,No,Front,2021
2009170M10979,Unclassified,0,Unclassified,0,Serious,None,24-07-2021,Thursday,1,Give way or uncontrolled,T or staggered junction,18.49313806,Daylight,447950,516050,73.74463385,E01012024,1,2,0,0,Dry,Single carriageway,None,30,07:40:00,Urban,Fine no high winds,No,16 - 20,9,Urban area,8,998,None,None,Commuting to/from work,Mid Junction - on roundabout or on main road,,MICRA CELEBRATION 16V,Petrol,Male,None,No tow/articulation,Did not leave carriageway,0,Turning right,1,Car,No,Offside,2021
201042I295709,Unclassified,0,NA,0,Serious,None,13-05-2020,Saturday,1,Not at junction or within 20 metres,Not at junction or within 20 metres,18.5705374,Daylight,599940,225140,73.86971538,E01021648,1,1,0,4,Dry,One way street,None,30,11:15:00,Urban,Fine no high winds,No,16 - 20,9,Urban area,3,1360,None,None,Other/Not known (2005-10),Not at or within 20 metres of junction,,206 CC,Petrol,Male,None,No tow/articulation,Did not leave carriageway,0,Moving off,1,Car,No,Nearside,2021
200920M022402,Unclassified,0,Unclassified,0,Serious,None,01-12-2021,Sunday,1,Give way or uncontrolled,T or staggered junction,19.11630552,Daylight,436670,277070,72.92437469,E01009540,1,2,0,0,Dry,Single carriageway,None,30,17:45:00,Urban,Fine no high winds,No,16 - 20,9,Urban area,1,1527,None,None,Other/Not known (2005-10),Approaching junction or waiting/parked at junction approach,,106 XND ZEST 2,Heavy oil,Male,None,No tow/articulation,Did not leave carriageway,0,Going ahead other,2,Car,No,Offside,2021
201034WN20860,Unclassified,8124,Unclassified,8277,Serious,None,10-06-2021,Thursday,1,Give way or uncontrolled,T or staggered junction,19.20770079,Daylight,480600,263550,72.86029619,E01027197,2,2,0,0,Dry,Single carriageway,None,30,09:46:00,Urban,Fine no high winds,No,16 - 20,9,Rural,8,49,None,None,Other/Not known (2005-10),Mid Junction - on roundabout or on main road,,SPEEDFIGHT,Petrol,Male,None,No tow/articulation,Did not leave carriageway,0,Going ahead other,1,Motorcycle 50cc and under,No,Front,2021
200822CA88229,Unclassified,0,Unclassified,0,Serious,None,03-11-2019,Monday,1,Give way or uncontrolled,Crossroads,24.70013348,Daylight,384350,256930,78.22085861,E01032296,1,2,0,0,Dry,Single carriageway,None,30,10:10:00,Urban,Fine no high winds,No,16 - 20,9,Urban area,9,49,None,None,Other/Not known (2005-10),Entering main road,,,Petrol,Male,None,No tow/articulation,Did not leave carriageway,0,Going ahead other,1,Motorcycle 50cc and under,No,Front,2021
200843N223128,C,60,Unclassified,233,Serious,None,29-07-2020,Wednesday,2,Give way or uncontrolled,T or staggered junction,14.71726722,Daylight,463880,212160,78.53104421,E01017643,1,2,0,0,Dry,Single carriageway,None,30,08:20:00,Rural,Fine no high winds,No,16 - 20,9,Rural,7,1998,None,None,Other/Not known (2005-10),Entering main road,,306 GTI 6,Petrol,Male,None,No tow/articulation,Did not leave carriageway,0,Turning right,1,Car,No,Offside,2019
200901ZT80164,B,277,NA,0,Serious,None,04-07-2019,Wednesday,1,Data missing or out of range,Not at junction or within 20 metres,14.74644541,Daylight,527930,165420,78.47596283,E01004164,1,1,0,0,Dry,Single carriageway,None,30,13:31:00,Urban,Fine no high winds,No,16 - 20,9,Urban area,8,1360,Kerb,Lamp post,Other/Not known (2005-10),Not at or within 20 metres of junction,,SAXO FURIO,Petrol,Male,Skidded,No tow/articulation,Nearside,0,Going ahead other,1,Car,No,Offside,2019
200850ED2E021,Unclassified,0,Unclassified,0,Serious,None,01-08-2021,Monday,1,Give way or uncontrolled,T or staggered junction,14.76177459,Daylight,247660,56960,78.49596595,E01015102,1,1,0,0,Dry,Single carriageway,None,30,14:08:00,Urban,Fine no high winds,No,16 - 20,9,Urban area,7,125,None,None,Other/Not known (2005-10),Approaching junction or waiting/parked at junction approach,,,Petrol,Male,None,No tow/articulation,Did not leave carriageway,0,Going ahead other,1,Motorcycle 125cc and under,No,Front,2019
200937L016725,A,12,Unclassified,6167,Serious,None,10-03-2021,Wednesday,1,Auto traffic signal,T or staggered junction,27.0954788,Daylight,654680,293020,93.61010382,E01030250,1,1,0,5,Dry,Single carriageway,None,30,14:40:00,Urban,Fine no high winds,No,16 - 20,9,Urban area,3,3199,None,None,Other/Not known (2005-10),Approaching junction or waiting/parked at junction approach,,C320 AVANTGARDE AUTO,Petrol,Male,None,No tow/articulation,Did not leave carriageway,0,Going ahead other,1,Car,No,Nearside,2019
200850AP2M026,A,30,NA,0,Serious,None,04-11-2019,Friday,1,Not at junction or within 20 metres,Not at junction or within 20 metres,27.09817051,Daylight,151980,33530,93.62292322,E01018987,2,2,0,0,Dry,Slip road,None,30,10:35:00,Rural,Fine no high winds,No,16 - 20,9,Rural,4,49,None,None,Other/Not known (2005-10),Not at or within 20 metres of junction,,SGX50,Petrol,Male,None,No tow/articulation,Did not leave carriageway,0,Going ahead other,1,Motorcycle 50cc and under,No,Front,2019
201001CW12367,A,40,C,0,Serious,None,29-10-2010,Friday,1,Auto traffic signal,Crossroads,51.514017,Daylight,528360,181080,-0.151557,E01004762,1,1,0,5,Dry,Single carriageway,None,30,10:58:00,Urban,Fine no high winds,No,16 - 20,9,Urban area,8,NA,None,None,Journey as part of work,Mid Junction - on roundabout or on main road,DAF TRUCKS,,Heavy oil,Male,None,No tow/articulation,Did not leave carriageway,0,Going ahead other,1,Bus or coach (17 or more pass seats),No,Front,2010
201001QK50390,A,4089,Unclassified,0,Serious,None,05-07-2010,Monday,1,Give way or uncontrolled,T or staggered junction,51.551136,Daylight,518050,184960,-0.298766,E01000633,1,2,0,0,Dry,Single carriageway,None,30,14:00:00,Urban,Fine no high winds,No,16 - 20,9,Urban area,4,1199,None,None,Other/Not known (2005-10),Mid Junction - on roundabout or on main road,VAUXHALL,CORSA COMFORT 16V SEMI-AUTO,Petrol,Male,None,No tow/articulation,Did not leave carriageway,0,Turning right,1,Car,No,Offside,2010
201001YE80465,Unclassified,0,Unclassified,0,Serious,None,15-06-2010,Tuesday,1,Give way or uncontrolled,T or staggered junction,51.662226,Daylight,535940,197770,-0.035927,E01001434,1,1,0,0,Dry,Single carriageway,None,30,14:04:00,Urban,Fine no high winds,No,16 - 20,9,Data missing or out of range,NA,599,Kerb,Other permanent object,Other/Not known (2005-10),Mid Junction - on roundabout or on main road,MCC,SMART PASSION SOFTOUCH(RHD),Petrol,Male,Overturned,No tow/articulation,Straight ahead at junction,0,Going ahead other,1,Car,No,Front,2010
201001ZT80022,Unclassified,0,Unclassified,0,Serious,None,06-02-2010,Saturday,1,Give way or uncontrolled,Private drive or entrance,51.373282,Daylight,523480,165300,-0.227349,E01004191,1,2,0,0,Wet or damp,Single carriageway,None,30,09:45:00,Urban,Fine no high winds,No,16 - 20,9,Urban area,9,124,None,None,Other/Not known (2005-10),Mid Junction - on roundabout or on main road,YAMAHA,DT 125 R,Petrol,Male,None,No tow/articulation,Did not leave carriageway,0,Going ahead other,1,Motorcycle 125cc and under,No,Front,2010
201001ZT80235,C,0,Unclassified,0,Serious,None,15-07-2010,Thursday,1,Give way or uncontrolled,T or staggered junction,51.380249,Daylight,527340,166170,-0.17161,E01004125,1,2,0,0,Dry,Single carriageway,None,30,17:37:00,Urban,Fine no high winds,No,16 - 20,9,Urban area,4,49,None,None,Other/Not known (2005-10),Mid Junction - on roundabout or on main road,MALAGUTI,F-15 FIREFOX,Petrol,Male,None,No tow/articulation,Did not leave carriageway,0,Going ahead other,2,Motorcycle over 125cc and up to 500cc,No,Front,2010
201005BB02768,Unclassified,0,NA,0,Serious,None,16-04-2010,Friday,1,Data missing or out of range,Not at junction or within 20 metres,53.507578,Daylight,338680,401610,-2.926076,E01007099,3,2,0,0,Dry,Single carriageway,None,30,17:53:00,Urban,Fine no high winds,No,16 - 20,9,Urban area,1,1396,None,None,Other/Not known (2005-10),Not at or within 20 metres of junction,ROVER,25 IMPRESSION,Petrol,Male,Skidded,No tow/articulation,Did not leave carriageway,0,Going ahead other,1,Car,No,Front,2010
201006K038332,C,0,Unclassified,0,Serious,None,10-10-2010,Sunday,1,Give way or uncontrolled,T or staggered junction,53.545692,Daylight,372840,405530,-2.411366,E01004862,3,3,0,0,Dry,Single carriageway,None,30,16:15:00,Urban,Fine no high winds,No,16 - 20,9,Data missing or out of range,NA,1149,None,None,Other/Not known (2005-10),Approaching junction or waiting/parked at junction approach,RENAULT,CLIO AUTHENTIQUE,Petrol,Male,None,No tow/articulation,Did not leave carriageway,0,Turning right,1,Car,No,Front,2010
201011NI32250,C,100,Unclassified,0,Serious,None,20-12-2010,Monday,1,Give way or uncontrolled,T or staggered junction,54.854587,Daylight,411430,551100,-1.823486,E01020640,2,3,0,0,Wet or damp,Single carriageway,None,30,14:50:00,Urban,Fine no high winds,No,16 - 20,9,Urban area,2,1124,None,None,Other/Not known (2005-10),Approaching junction or waiting/parked at junction approach,PEUGEOT,106 INDEPENDENCE,Petrol,Male,None,No tow/articulation,Did not leave carriageway,0,Going ahead other,2,Car,No,Front,2010