Accident_Index,1st_Road_Class,1st_Road_Number,2nd_Road_Class,2nd_Road_Number,Accident_Severity,Carriageway_Hazards,Date,Day_of_Week,Did_Police_Officer_Attend_Scene_of_Accident,Junction_Control,Junction_Detail,Latitude,Light_Conditions,Location_Easting_OSGR,Location_Northing_OSGR,Longitude,LSOA_of_Accident_Location,Number_of_Casualties,Number_of_Vehicles,Pedestrian_Crossing-Human_Control,Pedestrian_Crossing-Physical_Facilities,Road_Surface_Conditions,Road_Type,Special_Conditions_at_Site,Speed_limit,Time,Urban_or_Rural_Area,Weather_Conditions,InScotland,Age_Band_of_Driver,Age_of_Vehicle,Driver_Home_Area_Type,Driver_IMD_Decile,Engine_Capacity_.CC.,Hit_Object_in_Carriageway,Hit_Object_off_Carriageway,Journey_Purpose_of_Driver,Junction_Location,make,model,Propulsion_Code,Sex_of_Driver,Skidding_and_Overturning,Towing_and_Articulation,Vehicle_Leaving_Carriageway,Vehicle_Location.Restricted_Lane,Vehicle_Manoeuvre,Vehicle_Reference,Vehicle_Type,Was_Vehicle_Left_Hand_Drive,X1st_Point_of_Impact,Year
201011SK10560,Unclassified,0,Unclassified,0,Serious,None,30-04-2010,Friday,1,Give way or uncontrolled,T or staggered junction,54.628939,Daylight,427600,526060,-1.573991,E01020848,1,1,0,0,Dry,Single carriageway,None,30,17:20:00,Urban,Fine no high winds,No,16 - 20,9,Urban area,2,1598,None,None,Commuting to/from work,Approaching junction or waiting/parked at junction approach,VAUXHALL,ASTRA ENVOY 8V,Petrol,Male,None,No tow/articulation,Did not leave carriageway,0,Overtaking static vehicle - offside,1,Car,No,Front,2010
200920G046802,Unclassified,0,NA,0,Serious,None,15-03-2020,Saturday,1,Data missing or out of range,Not at junction or within 20 metres,14.74624721,Daylight,393140,300160,78.58904211,E01010477,1,1,0,1,Dry,Single carriageway,None,30,19:00:00,Urban,Fine no high winds,No,16 - 20,9,Urban area,1,1598,None,None,Other/Not known (2005-10),Not at or within 20 metres of junction,,A160 CLASSIC,Petrol,Female,None,No tow/articulation,Did not leave carriageway,0,Going ahead other,1,Car,No,Nearside,2019
200904FJ09046,Unclassified,0,Unclassified,0,Serious,None,14-06-2020,Friday,1,Give way or uncontrolled,Other junction,28.50043723,Daylight,383630,421900,76.99673551,E01025392,1,1,0,0,Dry,Single carriageway,None,30,16:00:00,Urban,Fine no high winds,No,16 - 20,9,Urban area,10,1299,None,None,Other/Not known (2005-10),Approaching junction or waiting/parked at junction approach,,KA 2,Petrol,Female,None,No tow/articulation,Did not leave carriageway,0,Going ahead other,1,Car,No,Nearside,2019
2009170S12789,Unclassified,0,NA,0,Serious,None,09-03-2020,Saturday,1,Data missing or out of range,Not at junction or within 20 metres,26.45653498,Daylight,443320,521380,80.27130589,E01012274,1,3,0,0,Wet or damp,Single carriageway,None,30,08:43:00,Urban,Fine no high winds,No,16 - 20,9,Urban area,2,1124,None,None,Journey as part of work,Not at or within 20 metres of junction,,SAXO FORTE,Petrol,Female,None,No tow/articulation,Did not leave carriageway,0,Going ahead other,1,Car,No,Front,2020
200843P144048,Unclassified,320,Unclassified,0,Serious,None,15-06-2021,Friday,2,Give way or uncontrolled,T or staggered junction,28.71073557,Daylight,455800,204490,77.20820407,E01028683,1,2,0,4,Dry,Single carriageway,None,30,12:00:00,Urban,Fine no high winds,No,16 - 20,9,Urban area,7,998,Kerb,None,Other/Not known (2005-10),Entering main road,,MICRA INSPIRATION 16V,Petrol,Female,Skidded,No tow/articulation,Did not leave carriageway,6,Waiting to turn right,2,Car,No,Offside,2021
200754EV17407,C,59,NA,0,Serious,None,02-02-2021,Wednesday,1,Not at junction or within 20 metres,Not at junction or within 20 metres,18.52375651,Daylight,381380,132300,73.78320281,E01032035,1,1,0,0,Dry,Single carriageway,None,30,08:20:00,Rural,Fine no high winds,No,16 - 20,9,Rural,6,1124,None,Other permanent object,Journey as part of work,Not at or within 20 metres of junction,,106 XN ZEST 2,Petrol,Female,None,No tow/articulation,Nearside,0,Going ahead other,1,Car,No,Nearside,2021
200914K236609,A,6178,Unclassified,0,Serious,None,05-03-2021,Saturday,1,Auto traffic signal,Other junction,18.48911889,Daylight,438880,389960,73.75168024,E01007904,4,2,0,5,Dry,Dual carriageway,None,30,16:50:00,Urban,Fine no high winds,No,16 - 20,9,Urban area,3,1124,None,None,Other/Not known (2005-10),Approaching junction or waiting/parked at junction approach,,206 L,Petrol,Female,None,No tow/articulation,Did not leave carriageway,0,Waiting to go - held up,2,Car,No,Back,2021
201042I117804,Unclassified,0,NA,0,Serious,None,09-08-2021,Saturday,1,Not at junction or within 20 metres,Not at junction or within 20 metres,18.6315101,Daylight,585070,185700,73.784098,E01015848,2,2,0,0,Dry,Single carriageway,None,30,19:52:00,Urban,Fine no high winds,No,16 - 20,9,Urban area,1,1997,None,None,Other/Not known (2005-10),Not at or within 20 metres of junction,,206 GLX HDI,Heavy oil,Female,Skidded and overturned,No tow/articulation,Did not leave carriageway,0,Going ahead other,2,Car,No,Front,2021
201042I179406,Unclassified,0,Unclassified,0,Serious,None,07-10-2020,Monday,1,Give way or uncontrolled,T or staggered junction,18.58432637,Daylight,572560,208770,73.85973756,E01021620,1,1,0,8,Dry,Single carriageway,None,30,15:40:00,Urban,Fine no high winds,No,16 - 20,9,Data missing or out of range,NA,1242,None,None,Other/Not known (2005-10),Cleared junction or waiting/parked at junction exit,,FIESTA BLACK,Petrol,Female,None,No tow/articulation,Did not leave carriageway,0,Going ahead other,1,Car,No,Front,2021
201001RY10154,C,0,Unclassified,0,Serious,None,18-04-2010,Sunday,1,Give way or uncontrolled,Crossroads,51.471896,Daylight,549490,176970,0.151001,E01000441,1,2,0,0,Dry,Single carriageway,None,30,16:11:00,Urban,Fine no high winds,No,16 - 20,9,Urban area,6,1199,None,None,Other/Not known (2005-10),Mid Junction - on roundabout or on main road,VAUXHALL,CORSA COMFORT 16V,Petrol,Female,None,No tow/articulation,Did not leave carriageway,0,Going ahead other,1,Car,No,Front,2010
201005FF02980,Unclassified,0,Unclassified,0,Serious,None,28-04-2010,Wednesday,1,Auto traffic signal,Crossroads,53.369,Daylight,339540,386180,-2.910142,E01006683,2,2,0,0,Dry,Dual carriageway,None,30,13:05:00,Urban,Fine no high winds,No,16 - 20,9,Urban area,9,1124,None,None,Other/Not known (2005-10),Mid Junction - on roundabout or on main road,PEUGEOT,106 XN ZEST 2,Petrol,Female,None,No tow/articulation,Did not leave carriageway,0,Turning right,1,Car,No,Offside,2010
201014A144510,B,6376,NA,0,Serious,None,28-08-2010,Saturday,1,Not at junction or within 20 metres,Not at junction or within 20 metres,53.484594,Daylight,453910,398960,-1.189044,E01007547,3,2,0,0,Dry,Single carriageway,None,30,18:20:00,Urban,Fine no high winds,No,16 - 20,9,Urban area,3,1299,None,None,Other/Not known (2005-10),Not at or within 20 metres of junction,FORD,KA,Petrol,Female,None,No tow/articulation,Did not leave carriageway,0,Moving off,1,Car,No,Nearside,2010
200743S017027,A,509,NA,0,Serious,None,13-04-2021,Monday,1,Data missing or out of range,Not at junction or within 20 metres,26.47131046,Daylight,488910,251760,74.64375545,E01016796,1,1,0,1,Frost or ice,Single carriageway,None,30,07:19:00,Rural,Other,No,16 - 20,9,Small town,8,1389,None,None,Commuting to/from work,Not at or within 20 metres of junction,,CORSA BREEZE HI-TORQ AUTO,Petrol,Male,None,No tow/articulation,Did not leave carriageway,0,Going ahead other,1,Car,No,Front,2020
200906G020732,C,0,NA,0,Serious,None,26-02-2019,Friday,1,Not at junction or within 20 metres,Not at junction or within 20 metres,28.59337997,Daylight,390710,394850,77.06029594,E01005987,1,1,0,1,Wet or damp,Single carriageway,None,30,11:25:00,Urban,Raining + high winds,No,16 - 20,9,Urban area,3,1242,None,None,Other/Not known (2005-10),Not at or within 20 metres of junction,,PUNTO ELX 8V,Petrol,Male,None,No tow/articulation,Did not leave carriageway,0,Going ahead other,1,Car,No,Front,2021
200920G033102,Unclassified,0,NA,0,Serious,None,25-10-2020,Sunday,1,Data missing or out of range,Not at junction or within 20 metres,27.09338661,Daylight,394450,295730,93.6220647,E01010451,3,2,0,0,Wet or damp,Single carriageway,None,30,12:51:00,Urban,Raining no high winds,No,16 - 20,9,Urban area,2,973,None,Other permanent object,Other/Not known (2005-10),Not at or within 20 metres of junction,,CORSA CLUB 12V,Petrol,Male,Skidded,No tow/articulation,Offside,0,Going ahead other,1,Car,No,Nearside,2019
200963AC36009,A,482,NA,0,Serious,None,12-09-2020,Monday,1,Data missing or out of range,Not at junction or within 20 metres,26.45244503,Daylight,270070,235290,74.64921389,W01000647,4,2,0,0,Wet or damp,Single carriageway,None,30,10:38:00,Rural,Raining no high winds,No,16 - 20,9,Rural,NA,1360,None,None,Other/Not known (2005-10),Not at or within 20 metres of junction,,SAXO FURIO,Petrol,Male,None,No tow/articulation,Did not leave carriageway,0,Going ahead left-hand bend,1,Car,No,Nearside,2020
201037B044898,A,1101,NA,0,Serious,None,03-05-2020,Sunday,1,Data missing or out of range,Not at junction or within 20 metres,28.69354539,Daylight,577460,272640,77.14020346,E01029941,1,1,0,0,Wet or damp,Single carriageway,Oil or diesel,30,08:10:00,Rural,Raining no high winds,No,16 - 20,9,Rural,7,49,None,None,Other/Not known (2005-10),Not at or within 20 metres of junction,,YN 50 NEO'S,Petrol,Male,Skidded,No tow/articulation,Did not leave carriageway,0,Going ahead right-hand bend,1,Motorcycle 50cc and under,No,Front,2020
201001TW60128,C,0,NA,0,Serious,None,16-05-2010,Sunday,1,Data missing or out of range,Not at junction or within 20 metres,51.453756,Daylight,514760,174050,-0.349743,E01003905,3,2,0,0,Wet or damp,Single carriageway,None,30,16:48:00,Urban,Raining no high winds,No,16 - 20,9,Urban area,7,1149,None,None,Other/Not known (2005-10),Not at or within 20 metres of junction,RENAULT,CLIO EXPRESSION 16V,Petrol,Male,Skidded,No tow/articulation,Did not leave carriageway,0,Going ahead other,1,Car,No,Front,2010
201004CA10068,Unclassified,0,Unclassified,0,Serious,None,14-07-2010,Wednesday,1,Give way or uncontrolled,T or staggered junction,53.652143,Daylight,358320,417480,-2.632087,E01024940,1,2,0,0,Wet or damp,One way street,None,30,16:00:00,Urban,Raining no high winds,No,16 - 20,9,Urban area,3,973,None,None,Other/Not known (2005-10),Cleared junction or waiting/parked at junction exit,VAUXHALL,CORSA CLUB 12V,Petrol,Male,None,No tow/articulation,Did not leave carriageway,0,Going ahead other,1,Car,No,Front,2010
20093102C1994,Unclassified,0,Unclassified,0,Serious,None,30-08-2019,Wednesday,1,Give way or uncontrolled,T or staggered junction,14.70016141,Daylight,453860,344700,78.59597584,E01013877,4,3,0,0,Wet or damp,Single carriageway,None,30,09:30:00,Urban,Raining no high winds,No,16 - 20,9,Urban area,4,1390,None,None,Other/Not known (2005-10),Mid Junction - on roundabout or on main road,,CLIO S,Petrol,Female,None,No tow/articulation,Did not leave carriageway,0,Waiting to turn right,3,Car,No,Back,2019
201001QA10053,A,410,Unclassified,0,Serious,None,21-02-2010,Sunday,1,Give way or uncontrolled,Crossroads,51.607087,Daylight,512540,191060,-0.376249,E01002150,1,1,0,8,Wet or damp,Single carriageway,None,30,09:34:00,Urban,Raining no high winds,No,16 - 20,9,Urban area,9,1124,None,Lamp post,Commuting to/from work,Cleared junction or waiting/parked at junction exit,PEUGEOT,106 XN ZEST 2,Petrol,Female,None,No tow/articulation,Nearside,0,Going ahead other,1,Car,No,Front,2010
201011SB16900,A,68,Unclassified,0,Serious,None,20-07-2010,Tuesday,1,Give way or uncontrolled,T or staggered junction,54.744307,Daylight,412050,538830,-1.814335,E01020892,1,1,0,8,Wet or damp,Single carriageway,None,30,17:37:00,Rural,Raining no high winds,No,16 - 20,9,Urban area,9,1242,None,None,Other/Not known (2005-10),Approaching junction or waiting/parked at junction approach,FIAT,PUNTO ELX 16V,Petrol,Female,None,No tow/articulation,Did not leave carriageway,0,Going ahead other,1,Car,No,Front,2010
20104100F0096,B,691,Unclassified,140,Serious,None,13-07-2019,Monday,1,Give way or uncontrolled,T or staggered junction,13.01781258,Daylight,514960,207180,77.63838654,E01023726,1,2,0,4,Snow,Single carriageway,None,30,09:05:00,Urban,Snowing no high winds,No,16 - 20,9,Urban area,2,1124,None,None,Other/Not known (2005-10),Leaving main road,,206 LOOK,Petrol,Female,None,No tow/articulation,Did not leave carriageway,0,Turning right,1,Car,No,Front,2020
200945SU33531,Unclassified,3532,Unclassified,3532,Serious,None,03-10-2019,Friday,1,Give way or uncontrolled,T or staggered junction,28.64833389,Daylight,487340,159850,77.07159121,E01030804,1,2,0,0,Dry,Single carriageway,None,30,12:17:00,Urban,Unknown,No,16 - 20,9,Urban area,8,599,None,None,Other/Not known (2005-10),Cleared junction or waiting/parked at junction exit,,ZX600-J1,Petrol,Male,None,No tow/articulation,Did not leave carriageway,0,Overtaking static vehicle - offside,2,Motorcycle over 500cc,No,Front,2021
200905EE01268,A,59,Unclassified,0,Serious,None,14-12-2020,Wednesday,1,Auto traffic signal,Crossroads,27.09567317,Darkness - lights lit,335030,392810,93.61336687,E01006704,1,2,0,0,Dry,Dual carriageway,None,30,01:15:00,Urban,Fine no high winds,No,21 - 25,9,Urban area,1,1997,None,None,Journey as part of work,Cleared junction or waiting/parked at junction exit,,406 RAPIER HDI (90),Heavy oil,Male,Skidded,No tow/articulation,Did not leave carriageway,0,Going ahead other,1,Taxi/Private hire car,No,Front,2019
200942I110004,Unclassified,0,NA,,Serious,None,09-11-2019,Saturday,1,Give way or uncontrolled,Other junction,27.09501451,Darkness - lights lit,577150,196060,93.61712823,E01021594,1,2,0,4,Dry,Single carriageway,None,30,23:56:00,Rural,Fine no high winds,No,21 - 25,9,Data missing or out of range,NA,1124,None,None,Journey as part of work,Leaving main road,,206 LX,Petrol,Male,None,No tow/articulation,Did not leave carriageway,0,Turning right,1,Car,No,Front,2019
200820J025901,Unclassified,0,A,4100,Serious,None,21-11-2020,Monday,2,Give way or uncontrolled,Roundabout,27.08910678,Darkness - lights lit,392150,286680,93.61505007,E01009741,1,2,0,0,Wet or damp,Single carriageway,None,30,20:45:00,Urban,Fine no high winds,No,21 - 25,9,Urban area,1,1275,None,None,Other/Not known (2005-10),Approaching junction or waiting/parked at junction approach,,MICRA GX,Petrol,Male,None,No tow/articulation,Did not leave carriageway,0,Slowing or stopping,1,Car,No,Front,2019
2007557B02742,A,3066,A,338,Serious,None,04-12-2021,Tuesday,1,Auto traffic signal,Roundabout,26.7581148,Darkness - lights lit,412190,94230,94.17441001,E01015319,3,1,0,4,Dry,Roundabout,None,30,02:26:00,Urban,Fine no high winds,No,21 - 25,9,Data missing or out of range,NA,1984,None,Other permanent object,Other/Not known (2005-10),Entering roundabout,,ALHAMBRA 2.0,Petrol,Male,None,No tow/articulation,Nearside and rebounded,0,Going ahead right-hand bend,1,Car,No,Front,2019
200920M003303,Unclassified,0,Unclassified,0,Serious,None,10-06-2019,Friday,1,Auto traffic signal,Crossroads,25.79166751,Darkness - lights lit,435850,280880,87.49246334,E01009711,1,2,0,0,Wet or damp,Single carriageway,None,30,18:01:00,Urban,Fine no high winds,No,21 - 25,9,Urban area,4,125,None,None,Commuting to/from work,Mid Junction - on roundabout or on main road,,,Petrol,Male,Overturned,No tow/articulation,Did not leave carriageway,0,Going ahead other,2,Motorcycle 125cc and under,No,Front,2019
200922G901870,A,442,A,518,Serious,None,08-07-2019,Friday,1,Auto traffic signal,Roundabout,25.78931626,Darkness - lights lit,368360,312690,87.46788011,E01014207,5,3,0,5,Dry,Single carriageway,None,30,22:00:00,Rural,Fine no high winds,No,21 - 25,9,Urban area,1,1587,None,None,Other/Not known (2005-10),Leaving roundabout,,SAXO VTR,Petrol,Male,None,No tow/articulation,Did not leave carriageway,0,Going ahead other,3,Car,No,Nearside,2019
200934TE11389,A,6,Unclassified,3987,Serious,None,17-05-2020,Saturday,1,Give way or uncontrolled,Crossroads,25.76458843,Darkness - lights lit,495800,266890,87.49137511,E01027060,2,1,0,0,Dry,One way street,None,30,20:43:00,Urban,Fine no high winds,No,21 - 25,9,Urban area,1,1587,None,Other permanent object,Other/Not known (2005-10),Mid Junction - on roundabout or on main road,,XSARA SX,Petrol,Male,Skidded,No tow/articulation,Nearside,0,Going ahead other,1,Car,No,Front,2019
200943W210029,B,3030,NA,,Serious,None,26-02-2021,Thursday,1,Give way or uncontrolled,Private drive or entrance,28.4497229,Daylight,477280,169570,77.05467808,E01016703,3,2,0,0,Dry,Single carriageway,None,40,15:20:00,Rural,Fine no high winds,No,16 - 20,9,Urban area,9,973,None,None,Other/Not known (2005-10),Approaching junction or waiting/parked at junction approach,,CORSA GLS 12V,Petrol,Male,Skidded and overturned,No tow/articulation,Did not leave carriageway,0,Going ahead other,2,Car,No,Nearside,2019
200934WN04879,A,4500,Unclassified,8319,Serious,None,28-05-2019,Friday,1,Give way or uncontrolled,T or staggered junction,22.7571542,Daylight,480830,263280,75.8996329,E01027197,1,1,0,0,Dry,Single carriageway,Roadworks,40,15:30:00,Urban,Fine no high winds,No,16 - 20,9,Urban area,8,1389,None,None,Commuting to/from work,Mid Junction - on roundabout or on main road,,CORSA SPORT 1.4I,Petrol,Male,None,No tow/articulation,Did not leave carriageway,0,Going ahead other,1,Car,No,Offside,2020
200842I303008,A,1013,Unclassified,0,Serious,None,19-11-2020,Tuesday,1,Auto traffic signal,T or staggered junction,26.47864625,Daylight,567600,182070,80.27741596,E01015991,1,1,0,8,Dry,Single carriageway,None,40,19:35:00,Urban,Fine no high winds,No,16 - 20,9,Rural,7,49,Kerb,None,Other/Not known (2005-10),Cleared junction or waiting/parked at junction exit,,,Petrol,Male,None,No tow/articulation,Did not leave carriageway,0,Going ahead other,1,Motorcycle 50cc and under,No,Offside,2020
201043N116030,A,4020,NA,,Serious,None,08-04-2020,Wednesday,1,Data missing or out of range,Private drive or entrance,18.57748531,Daylight,504600,185400,73.92668388,E01017812,1,2,0,0,Dry,Single carriageway,None,40,14:16:00,Rural,Fine no high winds,No,16 - 20,9,Urban area,8,1998,None,None,Other/Not known (2005-10),Leaving main road,,TRANSIT 280 SWB TD,Heavy oil,Male,None,No tow/articulation,Did not leave carriageway,0,Turning right,2,Van / Goods 3.5 tonnes mgw or under,No,Nearside,2021
200914A141609,C,96,A,630,Serious,None,26-03-2021,Saturday,1,Give way or uncontrolled,Roundabout,19.05662271,Daylight,463070,406000,72.87157363,E01007479,1,2,0,0,Dry,Roundabout,None,40,18:30:00,Rural,Fine no high winds,No,16 - 20,9,Urban area,2,124,None,None,Other/Not known (2005-10),Mid Junction - on roundabout or on main road,,VL 125 Y,Petrol,Male,None,No tow/articulation,Did not leave carriageway,0,Going ahead other,1,Motorcycle 125cc and under,No,Offside,2021
201014A123110,A,638,Unclassified,0,Serious,None,05-08-2010,Thursday,1,Auto traffic signal,T or staggered junction,53.563377,Daylight,453410,407720,-1.195087,E01007467,1,2,0,4,Dry,Dual carriageway,None,40,22:07:00,Urban,Fine no high winds,No,16 - 20,9,Urban area,4,49,None,Central crash barrier,Other/Not known (2005-10),Approaching junction or waiting/parked at junction approach,APRILIA,,Petrol,Male,Skidded,No tow/articulation,Offside on to centrl res + rebounded,0,Going ahead other,2,Motorcycle 50cc and under,No,Nearside,2010
200930C000391,B,6039,Unclassified,0,Serious,None,07-01-2019,Saturday,1,Give way or uncontrolled,Private drive or entrance,27.09442545,Daylight,442650,365840,93.63367123,E01019800,1,2,0,0,Dry,Single carriageway,None,40,19:15:00,Urban,Fine no high winds,No,16 - 20,9,Urban area,7,899,None,None,Other/Not known (2005-10),Leaving main road,,SEICENTO MIA,Petrol,Female,None,No tow/articulation,Did not leave carriageway,0,Turning right,2,Car,No,Front,2019
201042I353911,A,1169,Unclassified,0,Serious,None,27-05-2020,Wednesday,1,Give way or uncontrolled,T or staggered junction,14.71106954,Darkness - lights lit,544170,208120,78.5955878,E01021863,2,2,0,0,Dry,Single carriageway,None,40,17:55:00,Urban,Fine no high winds,No,21 - 25,9,Urban area,3,1998,None,None,Other/Not known (2005-10),Entering main road,,C180 AVANTGARDE AUTO,Petrol,Male,None,No tow/articulation,Did not leave carriageway,0,Turning right,2,Car,No,Offside,2019
200845RE23975,A,2022,NA,0,Serious,None,01-01-2019,Sunday,1,Data missing or out of range,Not at junction or within 20 metres,15.33255376,Darkness - lights lit,526130,160310,74.02711363,E01030561,5,2,0,0,Dry,Single carriageway,Road surface defective,40,00:35:00,Rural,Fine no high winds,No,21 - 25,9,Urban area,6,1598,None,None,Other/Not known (2005-10),Not at or within 20 metres of junction,,MEGANE SPORT ALIZE,Petrol,Male,None,No tow/articulation,Nearside,0,Going ahead other,2,Car,No,Front,2019
200906F008548,A,57,B,5461,Serious,None,11-03-2021,Tuesday,1,Auto traffic signal,Crossroads,26.46335873,Darkness - lights lit,382500,397720,74.5918252,E01005669,1,2,0,8,Dry,Dual carriageway,None,40,22:35:00,Urban,Fine no high winds,No,21 - 25,9,Urban area,8,4966,None,None,Other/Not known (2005-10),Mid Junction - on roundabout or on main road,,CL500 AUTO,Petrol,Male,None,No tow/articulation,Did not leave carriageway,0,Going ahead other,2,Car,No,Front,2020
200920F049402,A,4540,NA,0,Serious,None,24-08-2020,Thursday,1,Data missing or out of range,Not at junction or within 20 metres,28.64922826,Darkness - lights lit,405800,286030,77.23569542,E01008994,1,1,0,4,Dry,Dual carriageway,None,40,18:50:00,Urban,Fine no high winds,No,21 - 25,9,Urban area,7,1595,None,None,Other/Not known (2005-10),Not at or within 20 metres of junction,,A3 1.6 SPORT,Petrol,Male,None,No tow/articulation,Did not leave carriageway,0,Going ahead other,1,Car,No,Front,2020
201043P227090,Unclassified,256,Unclassified,0,Serious,None,13-10-2021,Monday,1,Give way or uncontrolled,T or staggered junction,28.63876386,Darkness - lights lit,456150,204480,77.0870564,E01028683,2,3,0,0,Dry,Single carriageway,None,40,20:05:00,Rural,Fine no high winds,No,21 - 25,9,Urban area,3,1390,None,None,Other/Not known (2005-10),Approaching junction or waiting/parked at junction approach,,CLIO ALIZE 16V,Petrol,Female,None,No tow/articulation,Did not leave carriageway,0,Going ahead other,3,Car,No,Did not impact,2020
201001KF60025,A,13,C,0,Serious,None,14-01-2010,Thursday,1,Give way or uncontrolled,T or staggered junction,51.517156,Darkness - lights lit,540480,181750,0.023263,E01003517,1,1,0,0,Wet or damp,Dual carriageway,None,40,15:55:00,Urban,Raining no high winds,No,21 - 25,9,Urban area,2,1596,None,None,Other/Not known (2005-10),Approaching junction or waiting/parked at junction approach,FORD,FOCUS BLACK,Petrol,Male,None,No tow/articulation,Did not leave carriageway,0,Going ahead other,1,Car,No,Front,2010
201005CC06202,A,5080,NA,0,Serious,None,31-10-2010,Sunday,1,Data missing or out of range,Not at junction or within 20 metres,53.398432,Darkness - lights lit,345710,389380,-2.817973,E01006424,1,2,0,0,Dry,Single carriageway,None,40,03:15:00,Urban,Raining no high winds,No,21 - 25,9,Urban area,6,1796,Kerb,Road sign or traffic signal,Other/Not known (2005-10),Not at or within 20 metres of junction,FORD,FOCUS ZETEC COLLECTION,Petrol,Male,Skidded,No tow/articulation,Offside,0,Going ahead right-hand bend,1,Car,No,Back,2010
201001TX20167,A,4,A,3002,Serious,None,23-03-2010,Tuesday,1,Auto traffic signal,Crossroads,51.488215,Darkness - lights lit,517220,177940,-0.313065,E01002684,2,2,0,5,Wet or damp,Dual carriageway,None,40,17:50:00,Urban,Raining no high winds,No,21 - 25,9,Urban area,2,1390,None,None,Other/Not known (2005-10),Approaching junction or waiting/parked at junction approach,AUDI,A2 SE,Petrol,Female,None,No tow/articulation,Did not leave carriageway,0,Waiting to go - held up,1,Car,No,Back,2010
201042I411512,Unclassified,0,NA,0,Serious,None,04-01-2020,Friday,1,Not at junction or within 20 metres,Not at junction or within 20 metres,26.45927244,Darkness - no lighting,572060,191740,80.3296138,E01021260,1,1,0,0,Frost or ice,Single carriageway,None,40,23:28:00,Rural,Other,No,21 - 25,9,Urban area,9,1587,None,Telegraph or electricity pole,Other/Not known (2005-10),Not at or within 20 metres of junction,,SAXO VTR,Petrol,Male,Skidded,No tow/articulation,Nearside,0,Going ahead other,1,Car,No,Offside,2020
200930D000387,A,38,A,38,Serious,None,15-08-2020,Sunday,1,Auto traffic signal,Roundabout,26.45828108,Daylight,432720,336030,74.62100762,E01013542,2,1,0,0,Dry,Roundabout,None,40,04:42:00,Rural,Fine no high winds,No,21 - 25,9,Urban area,1,1588,None,Road sign or traffic signal,Other/Not known (2005-10),Mid Junction - on roundabout or on main road,,V40 I,Petrol,Male,Skidded,No tow/articulation,Nearside and rebounded,0,Going ahead right-hand bend,1,Car,No,Nearside,2020
201043P035090,A,4260,NA,0,Serious,None,13-09-2019,Monday,1,Data missing or out of range,Not at junction or within 20 metres,28.72701053,Daylight,449730,212820,77.34926266,E01028495,1,1,0,0,Dry,Single carriageway,None,40,17:06:00,Urban,Fine no high winds,No,21 - 25,9,Urban area,6,1998,None,None,Other/Not known (2005-10),Not at or within 20 metres of junction,,MONDEO ZETEC TDDI,Heavy oil,Male,None,No tow/articulation,Did not leave carriageway,0,Going ahead other,1,Car,No,Nearside,2021
2007400C00699,B,4540,NA,0,Serious,None,27-04-2020,Friday,1,Data missing or out of range,Not at junction or within 20 metres,18.54345875,Daylight,508360,219170,73.75359322,E01015732,3,4,0,0,Dry,Single carriageway,None,40,13:17:00,Rural,Fine no high winds,No,21 - 25,9,Small town,8,2446,None,None,Journey as part of work,Not at or within 20 metres of junction,,BOXER 350 LWB,Heavy oil,Male,None,No tow/articulation,Did not leave carriageway,0,Going ahead other,4,Minibus (8 - 16 passenger seats),No,Did not impact,2021
200801HT75475,A,12,Unclassified,0,Serious,None,30-10-2020,Sunday,1,Give way or uncontrolled,Slip road,18.51314634,Daylight,537980,182900,73.93396266,E01004236,5,1,0,0,Wet or damp,Dual carriageway,None,40,15:33:00,Urban,Fine no high winds,No,21 - 25,9,Urban area,1,1598,Bollard or refuge,Near/Offside crash barrier,Other/Not known (2005-10),Leaving main road,,VECTRA ENVOY 8V,Petrol,Male,Skidded,No tow/articulation,Did not leave carriageway,0,Changing lane to left,1,Car,No,Front,2021
200954DN23909,A,4311,NA,0,Serious,None,08-02-2019,Thursday,1,Not at junction or within 20 metres,Not at junction or within 20 metres,27.09452151,Daylight,415130,189550,93.62731517,E01015472,2,2,0,0,Dry,Single carriageway,None,40,13:15:00,Rural,Fine no high winds,No,21 - 25,9,Urban area,9,599,None,None,Commuting to/from work,Not at or within 20 metres of junction,,ZX600-J1,Petrol,Male,None,No tow/articulation,Did not leave carriageway,0,Going ahead other,1,Motorcycle over 500cc,No,Front,2019
200930D000524,A,52,NA,0,Serious,None,16-07-2020,Saturday,1,Data missing or out of range,Not at junction or within 20 metres,14.66271495,Daylight,435850,336470,78.62494181,E01013479,1,1,0,0,Dry,Dual carriageway,None,40,10:07:00,Urban,Fine no high winds,No,21 - 25,9,Data missing or out of range,NA,600,None,Lamp post,Other/Not known (2005-10),Not at or within 20 metres of junction,,GSX R600X,Petrol,Female,Skidded,No tow/articulation,Offside,0,Going ahead left-hand bend,1,Motorcycle over 500cc,No,Offside,2019