Accident_Index,1st_Road_Class,1st_Road_Number,2nd_Road_Class,2nd_Road_Number,Accident_Severity,Carriageway_Hazards,Date,Day_of_Week,Did_Police_Officer_Attend_Scene_of_Accident,Junction_Control,Junction_Detail,Latitude,Light_Conditions,Location_Easting_OSGR,Location_Northing_OSGR,Longitude,LSOA_of_Accident_Location,Number_of_Casualties,Number_of_Vehicles,Pedestrian_Crossing-Human_Control,Pedestrian_Crossing-Physical_Facilities,Road_Surface_Conditions,Road_Type,Special_Conditions_at_Site,Speed_limit,Time,Urban_or_Rural_Area,Weather_Conditions,InScotland,Age_Band_of_Driver,Age_of_Vehicle,Driver_Home_Area_Type,Driver_IMD_Decile,Engine_Capacity_.CC.,Hit_Object_in_Carriageway,Hit_Object_off_Carriageway,Journey_Purpose_of_Driver,Junction_Location,make,model,Propulsion_Code,Sex_of_Driver,Skidding_and_Overturning,Towing_and_Articulation,Vehicle_Leaving_Carriageway,Vehicle_Location.Restricted_Lane,Vehicle_Manoeuvre,Vehicle_Reference,Vehicle_Type,Was_Vehicle_Left_Hand_Drive,X1st_Point_of_Impact,Year
201001RY10037,A,2,NA,0,Serious,None,26-01-2010,Tuesday,1,Data missing or out of range,Not at junction or within 20 metres,51.446441,Daylight,549930,174150,0.156137,E01000447,3,3,0,0,Dry,Dual carriageway,None,50,08:30:00,Rural,Fine no high winds,No,21 - 25,9,Urban area,8,998,None,None,Other/Not known (2005-10),Not at or within 20 metres of junction,TOYOTA,YARIS GS,Petrol,Female,None,No tow/articulation,Did not leave carriageway,0,Going ahead other,3,Car,No,Front,2010
200997UD04903,A,77,NA,0,Serious,None,29-01-2019,Monday,1,Data missing or out of range,Not at junction or within 20 metres,18.64191459,Darkness - lights lit,236620,623370,73.74825589,,1,1,0,0,Wet or damp,Dual carriageway,None,50,20:50:00,Rural,Fine + high winds,Yes,26 - 35,9,Urban area,NA,1994,None,Lamp post,Other/Not known (2005-10),Not at or within 20 metres of junction,,IMPREZA P1,Petrol,Male,Skidded,No tow/articulation,Nearside,0,Going ahead other,1,Car,No,Offside,2021
201004CK10200,A,565,Unclassified,0,Serious,None,22-11-2010,Monday,1,Give way or uncontrolled,T or staggered junction,53.668736,Darkness - lights lit,343610,419480,-2.854985,E01025531,1,2,0,0,Wet or damp,Single carriageway,None,50,16:20:00,Rural,Fine no high winds,No,26 - 35,9,Urban area,1,1360,None,None,Commuting to/from work,Approaching junction or waiting/parked at junction approach,CITROEN,SAXO FURIO,Petrol,Male,None,No tow/articulation,Did not leave carriageway,0,Going ahead other,2,Car,No,Front,2010
200954EM40309,A,345,C,288,Serious,None,08-05-2019,Tuesday,1,Give way or uncontrolled,T or staggered junction,26.7205379,Daylight,415790,138160,94.18993853,E01032013,2,3,0,0,Dry,Single carriageway,None,50,08:59:00,Rural,Fine no high winds,No,26 - 35,9,Small town,4,1598,None,None,Other/Not known (2005-10),Approaching junction or waiting/parked at junction approach,,MEGANE RT ALIZE,Petrol,Male,None,No tow/articulation,Did not leave carriageway,0,Waiting to turn right,3,Car,No,Front,2019
200901YE80016,A,10,NA,0,Serious,None,02-09-2020,Tuesday,1,Data missing or out of range,Not at junction or within 20 metres,26.46882524,Daylight,532580,192670,74.65541275,E01001499,1,2,0,0,Dry,Dual carriageway,None,50,08:40:00,Urban,Fine no high winds,No,26 - 35,9,Urban area,7,1199,None,None,Other/Not known (2005-10),Not at or within 20 metres of junction,,CORSA CLUB 16V,Petrol,Male,None,No tow/articulation,Did not leave carriageway,0,Changing lane to left,1,Car,No,Nearside,2020
200930B000127,A,57,NA,0,Serious,None,02-02-2020,Wednesday,1,Data missing or out of range,Not at junction or within 20 metres,26.45843196,Daylight,422970,387840,74.59380198,E01019615,2,2,0,0,Dry,Single carriageway,None,50,16:45:00,Rural,Fine no high winds,No,26 - 35,9,Urban area,7,999,None,None,Other/Not known (2005-10),Not at or within 20 metres of junction,,VTR1000 SP-Y,Petrol,Male,None,No tow/articulation,Did not leave carriageway,0,U-turn,2,Motorcycle over 500cc,No,Back,2020
200943W005019,A,340,Unclassified,7153,Serious,Previous accident,19-10-2021,Friday,1,Give way or uncontrolled,Crossroads,28.60264365,Daylight,463190,171640,77.1740259,E01016328,6,4,0,0,Wet or damp,Single carriageway,None,50,21:53:00,Rural,Fine no high winds,No,26 - 35,9,Urban area,8,2198,None,Other permanent object,Other/Not known (2005-10),Cleared junction or waiting/parked at junction exit,,VECTRA SRI 150,Petrol,Male,None,No tow/articulation,Offside and rebounded,0,Going ahead other,1,Car,No,Front,2020
200742I215906,A,126,NA,0,Serious,None,22-06-2021,Sunday,1,Not at junction or within 20 metres,Not at junction or within 20 metres,18.55170983,Daylight,563580,178220,73.78606823,E01015935,1,1,0,0,Dry,Single carriageway,None,50,19:15:00,Rural,Fine no high winds,No,26 - 35,9,Urban area,3,49,Bollard or refuge,None,Other/Not known (2005-10),Not at or within 20 metres of junction,,YN50 OVETTO,Petrol,Male,None,No tow/articulation,Did not leave carriageway,0,Going ahead other,1,Motorcycle 50cc and under,No,Front,2021
20084100B0306,A,1001,NA,0,Serious,None,29-04-2019,Tuesday,1,Not at junction or within 20 metres,Not at junction or within 20 metres,18.61372935,Daylight,522090,209460,73.78559567,E01023931,1,2,0,0,Dry,Single carriageway,None,50,14:44:00,Urban,Fine no high winds,No,26 - 35,9,Urban area,NA,125,None,None,Other/Not known (2005-10),Not at or within 20 metres of junction,,,Petrol,Male,None,No tow/articulation,Did not leave carriageway,0,Going ahead other,2,Motorcycle over 125cc and up to 500cc,No,Nearside,2021
200801FH76439,A,40,A,3220,Serious,None,29-09-2021,Tuesday,1,Give way or uncontrolled,Slip road,18.50793611,Daylight,523600,181160,73.82295499,E01002877,1,1,0,0,Wet or damp,Slip road,None,50,09:30:00,Urban,Fine no high winds,No,26 - 35,9,Urban area,10,676,Kerb,None,Other/Not known (2005-10),Leaving roundabout,,EJ650-A1,Petrol,Male,Skidded and overturned,No tow/articulation,Did not leave carriageway,0,Going ahead left-hand bend,1,Motorcycle over 500cc,No,Nearside,2021
2009400D00148,A,421,Unclassified,0,Serious,None,10-03-2020,Saturday,1,Give way or uncontrolled,T or staggered junction,19.74567309,Daylight,496390,238380,81.1293557,E01017396,1,1,0,0,Wet or damp,Single carriageway,None,50,09:50:00,Rural,Fine no high winds,No,26 - 35,9,Rural,7,3996,None,None,Other/Not known (2005-10),Mid Junction - on roundabout or on main road,,TUSCAN,Petrol,Male,None,No tow/articulation,Offside,0,Going ahead other,1,Car,No,Front,2021
200845SP23524,A,3044,NA,0,Serious,None,29-08-2021,Thursday,1,Data missing or out of range,Not at junction or within 20 metres,14.7985777,Daylight,504390,172220,78.50087644,E01030734,4,2,0,0,Dry,Single carriageway,None,50,14:30:00,Rural,Fine no high winds,No,26 - 35,9,Urban area,4,1896,None,None,Other/Not known (2005-10),Not at or within 20 metres of junction,,A3 1.9 TDI SPORT,Heavy oil,Male,Overturned,No tow/articulation,Offside,0,Going ahead other,1,Car,No,Front,2019
200904AL09147,B,5192,A,585,Serious,None,08-11-2019,Thursday,1,Give way or uncontrolled,Slip road,26.75069871,Daylight,343960,431620,94.21915024,E01025015,1,2,0,0,Dry,Dual carriageway,None,50,16:45:00,Rural,Fine no high winds,No,26 - 35,9,Urban area,2,899,None,None,Other/Not known (2005-10),Entering main road,,SEICENTO MIA,Petrol,Female,None,No tow/articulation,Did not leave carriageway,0,Slowing or stopping,2,Car,No,Back,2019
20093102B1860,A,617,NA,0,Serious,None,23-07-2019,Thursday,1,Data missing or out of range,Not at junction or within 20 metres,8.879091697,Daylight,463240,358570,76.62769004,E01028295,2,2,0,0,Dry,Single carriageway,None,50,16:28:00,Rural,Fine no high winds,No,26 - 35,9,Small town,9,2982,None,None,Other/Not known (2005-10),Not at or within 20 metres of junction,,LANDCRUISER COLORADO GXTD,Heavy oil,Female,Overturned,No tow/articulation,Nearside,0,Going ahead other,2,Car,No,Front,2020
200943N204119,A,404,Unclassified,32,Serious,None,18-07-2019,Wednesday,1,Give way or uncontrolled,T or staggered junction,19.14309495,Darkness - lights lit,495210,196600,72.86404689,E01017744,1,2,0,0,Wet or damp,Single carriageway,None,50,16:42:00,Rural,Fine + high winds,No,36 - 45,9,Urban area,8,1199,None,None,Commuting to/from work,Entering main road,,CORSA CLUB 16V,Petrol,Female,None,No tow/articulation,Did not leave carriageway,0,Turning right,1,Car,No,Offside,2021
20084100G0219,A,602,NA,0,Serious,None,23-02-2019,Thursday,1,Not at junction or within 20 metres,Not at junction or within 20 metres,18.5498438,Darkness - lights lit,518260,228480,73.75313557,E01023614,1,2,0,0,Wet or damp,Single carriageway,None,50,04:37:00,Rural,Raining no high winds,No,36 - 45,9,Urban area,4,2544,None,None,Commuting to/from work,Not at or within 20 metres of junction,,MONDEO ST 24 V6,Petrol,Male,None,No tow/articulation,Did not leave carriageway,0,Going ahead other,2,Car,No,Front,2021
200901VW40090,B,282,B,282,Serious,None,08-03-2020,Wednesday,1,Give way or uncontrolled,Slip road,19.12912638,Darkness - lights lit,522290,168220,72.86333369,E01003469,1,3,0,0,Wet or damp,Dual carriageway,None,50,22:10:00,Urban,Raining no high winds,No,36 - 45,9,Urban area,10,1598,None,None,Other/Not known (2005-10),Cleared junction or waiting/parked at junction exit,,A160 ELEGANCE S-A,Petrol,Male,None,No tow/articulation,Did not leave carriageway,0,Changing lane to left,2,Car,No,Did not impact,2021
200904CC09114,A,675,NA,0,Serious,None,10-02-2021,Friday,1,Data missing or out of range,Not at junction or within 20 metres,28.6155653,Darkness - no lighting,365760,420430,77.27298735,E01024978,3,2,0,0,Wet or damp,Single carriageway,None,50,16:45:00,Rural,Fine no high winds,No,36 - 45,9,Data missing or out of range,NA,1124,None,None,Other/Not known (2005-10),Not at or within 20 metres of junction,,206 LX,Petrol,Male,None,No tow/articulation,Did not leave carriageway,0,Overtaking moving vehicle - offside,1,Car,No,Front,2020
200943P200029,B,4012,NA,0,Serious,None,04-12-2020,Wednesday,1,Data missing or out of range,Not at junction or within 20 metres,14.75522348,Darkness - no lighting,470250,202440,78.54034709,E01028598,1,1,0,0,Frost or ice,Single carriageway,None,50,05:43:00,Rural,Fine no high winds,No,36 - 45,9,Rural,10,1977,None,Tree,Journey as part of work,Not at or within 20 metres of junction,,S2000,Petrol,Male,Skidded,No tow/articulation,Nearside and rebounded,0,Going ahead other,1,Car,No,Front,2019
200954EW03309,A,360,C,57,Serious,None,07-04-2020,Tuesday,1,Give way or uncontrolled,Crossroads,18.49990722,Darkness - no lighting,411340,133530,73.89361563,E01032013,2,2,0,0,Wet or damp,Single carriageway,None,50,21:17:00,Rural,Fine no high winds,No,36 - 45,9,Small town,9,1124,None,Other permanent object,Other/Not known (2005-10),Mid Junction - on roundabout or on main road,,206 LX,Petrol,Female,Skidded,No tow/articulation,Nearside,0,Going ahead other,1,Car,No,Offside,2021
200743P052097,A,4421,NA,0,Serious,None,18-04-2019,Friday,1,Data missing or out of range,Not at junction or within 20 metres,27.09730117,Daylight,460980,228150,93.62392214,E01028484,1,1,0,0,Dry,Single carriageway,None,50,06:54:00,Rural,Fine no high winds,No,36 - 45,9,Urban area,7,1002,Any animal (except ridden horse),None,Journey as part of work,Not at or within 20 metres of junction,,YZF 1000R,Petrol,Male,None,No tow/articulation,Did not leave carriageway,0,Going ahead other,1,Motorcycle over 500cc,No,Front,2019
201043N117060,A,412,NA,0,Serious,None,06-09-2019,Saturday,1,Not at junction or within 20 metres,Not at junction or within 20 metres,25.77577055,Daylight,503580,184660,87.47831272,E01017824,1,1,0,0,Dry,Single carriageway,None,50,19:15:00,Rural,Fine no high winds,No,36 - 45,9,Rural,6,100,None,Near/Offside crash barrier,Other/Not known (2005-10),Not at or within 20 metres of junction,,ELYSEO 100,Petrol,Male,None,No tow/articulation,Offside and rebounded,0,Going ahead left-hand bend,1,Motorcycle 125cc and under,No,Front,2019
200830A000337,B,6179,Unclassified,0,Serious,None,10-09-2019,Friday,1,Give way or uncontrolled,Private drive or entrance,23.09311564,Daylight,437170,344560,72.56901037,E01019467,1,2,0,0,Dry,Single carriageway,None,50,16:26:00,Rural,Fine no high winds,No,36 - 45,9,Small town,4,1000,None,None,Journey as part of work,Approaching junction or waiting/parked at junction approach,,,Petrol,Male,None,No tow/articulation,Did not leave carriageway,0,Slowing or stopping,2,Motorcycle over 500cc,No,Front,2019
200942I052001,A,414,NA,0,Serious,None,20-10-2021,Tuesday,1,Not at junction or within 20 metres,Not at junction or within 20 metres,28.48519117,Daylight,545190,211280,77.04861832,E01021853,1,1,0,8,Wet or damp,Single carriageway,None,50,17:30:00,Urban,Fine no high winds,No,36 - 45,9,Urban area,6,1157,Bollard or refuge,None,Journey as part of work,Not at or within 20 metres of junction,,GSF 1200 SK1,Petrol,Male,Skidded,No tow/articulation,Did not leave carriageway,0,Overtaking moving vehicle - offside,1,Motorcycle over 500cc,No,Front,2019
200954EK20809,B,4040,NA,0,Serious,None,07-02-2020,Saturday,1,Not at junction or within 20 metres,Not at junction or within 20 metres,18.48837678,Daylight,399100,189320,73.84234649,E01031894,1,1,0,0,Dry,Single carriageway,None,50,13:32:00,Rural,Fine no high winds,No,36 - 45,9,Urban area,3,749,None,Entered ditch,Other/Not known (2005-10),Not at or within 20 metres of junction,,GSX-R750Y,Petrol,Male,None,No tow/articulation,Offside,0,Going ahead left-hand bend,1,Motorcycle over 500cc,No,Front,2021
200905CC33243,A,580,A,580,Serious,None,14-06-2019,Thursday,1,Auto traffic signal,Crossroads,18.51427982,Daylight,341850,396750,73.89569571,E01006418,2,2,0,5,Dry,Dual carriageway,None,50,15:23:00,Rural,Fine no high winds,No,36 - 45,9,Urban area,6,742,None,None,Other/Not known (2005-10),Approaching junction or waiting/parked at junction approach,,XRV750,Petrol,Male,None,No tow/articulation,Did not leave carriageway,0,Waiting to go - held up,2,Motorcycle over 500cc,No,Back,2021
201001TX20262,Motorway,4,NA,0,Serious,None,03-05-2010,Monday,1,Data missing or out of range,Not at junction or within 20 metres,51.493351,Daylight,514080,178440,-0.358109,E01002678,3,4,0,0,Dry,Dual carriageway,None,50,12:45:00,Urban,Fine no high winds,No,36 - 45,9,Urban area,10,1242,None,None,Other/Not known (2005-10),Not at or within 20 metres of junction,FIAT,PUNTO 1.2,Petrol,Male,None,No tow/articulation,Did not leave carriageway,0,Going ahead other,3,Car,No,Back,2010
201005FF06019,A,561,NA,0,Serious,None,24-10-2010,Sunday,1,Data missing or out of range,Not at junction or within 20 metres,53.346706,Daylight,344410,383640,-2.836511,E01006756,1,2,0,0,Dry,Dual carriageway,None,50,09:20:00,Urban,Fine no high winds,No,36 - 45,9,Urban area,9,1896,None,None,Other/Not known (2005-10),Not at or within 20 metres of junction,SKODA,OCTAVIA AMBIENTE TDI,Heavy oil,Male,Skidded,No tow/articulation,Did not leave carriageway,0,Going ahead other,1,Taxi/Private hire car,No,Nearside,2010
200942I075303,A,132,A,1321,Serious,None,06-07-2019,Monday,1,Give way or uncontrolled,Roundabout,14.67347275,Daylight,572880,188960,78.63242285,E01021306,1,2,0,0,Dry,Roundabout,None,50,07:50:00,Urban,Fine no high winds,No,36 - 45,9,Urban area,3,1761,None,None,Commuting to/from work,Mid Junction - on roundabout or on main road,,406 LX,Petrol,Female,None,No tow/articulation,Did not leave carriageway,0,Turning right,1,Car,No,Offside,2019
201043P334060,A,417,Unclassified,0,Serious,None,09-07-2019,Monday,1,Give way or uncontrolled,Private drive or entrance,27.08791379,Daylight,436880,189110,93.61854728,E01028720,4,3,0,0,Dry,Single carriageway,None,50,12:57:00,Rural,Fine no high winds,No,36 - 45,9,Urban area,10,1299,None,None,Other/Not known (2005-10),Approaching junction or waiting/parked at junction approach,,KA,Petrol,Female,None,No tow/articulation,Did not leave carriageway,0,Going ahead other,1,Car,No,Front,2019
200806G002449,A,560,NA,0,Serious,None,29-10-2020,Wednesday,1,Not at junction or within 20 metres,Not at junction or within 20 metres,28.68146448,Daylight,396760,393670,77.33599001,E01006024,1,2,0,0,Wet or damp,Single carriageway,None,50,12:46:00,Rural,Raining no high winds,No,36 - 45,9,Urban area,4,2495,None,Other permanent object,Other/Not known (2005-10),Not at or within 20 metres of junction,,DISCOVERY TD5 XS,Heavy oil,Male,Skidded,No tow/articulation,Nearside and rebounded,0,Going ahead other,2,Car,No,Front,2021
200742I463811,A,128,NA,0,Serious,None,15-01-2020,Friday,1,Not at junction or within 20 metres,Not at junction or within 20 metres,12.97478922,Darkness - no lighting,565340,182210,77.6223815,E01015980,1,2,0,0,Wet or damp,Single carriageway,None,50,05:52:00,Rural,Fine no high winds,No,46 - 55,9,Rural,6,11705,None,None,Journey as part of work,Not at or within 20 metres of junction,,,Heavy oil,Male,None,Articulated vehicle,Did not leave carriageway,8,Moving off,1,Goods 7.5 tonnes mgw and over,No,Offside,2020
200954EW03309,A,360,C,57,Serious,None,08-01-2021,Tuesday,1,Give way or uncontrolled,Crossroads,19.19330122,Darkness - no lighting,411340,133530,72.93493814,E01032013,2,2,0,0,Wet or damp,Single carriageway,None,50,21:17:00,Rural,Fine no high winds,No,46 - 55,9,Urban area,10,1998,None,None,Other/Not known (2005-10),Mid Junction - on roundabout or on main road,,E200 ELEGANCE,Petrol/Gas (LPG),Male,Skidded,No tow/articulation,Did not leave carriageway,0,Going ahead other,2,Car,No,Front,2021
200842I306708,A,138,NA,0,Serious,None,28-10-2019,Tuesday,1,Not at junction or within 20 metres,Not at junction or within 20 metres,26.44677439,Daylight,572830,208150,80.26394754,E01021544,1,2,0,0,Dry,Dual carriageway,None,50,15:50:00,Urban,Fine no high winds,No,46 - 55,9,Rural,6,647,Parked vehicle,None,Journey as part of work,Not at or within 20 metres of junction,,NT650V DEAUVILLE,Petrol,Male,None,No tow/articulation,Did not leave carriageway,0,Going ahead other,1,Motorcycle over 500cc,No,Front,2020
200905AA31247,B,5136,NA,0,Serious,None,26-02-2021,Friday,1,Data missing or out of range,Not at junction or within 20 metres,19.08526738,Darkness - lights lit,329910,380280,72.85917428,E01007144,2,3,0,0,Wet or damp,Single carriageway,None,60,23:05:00,Rural,Fine no high winds,No,16 - 20,9,Urban area,5,1124,None,None,Other/Not known (2005-10),Not at or within 20 metres of junction,,106 XL ZEST 3,Petrol,Male,Skidded,No tow/articulation,Did not leave carriageway,0,Overtaking moving vehicle - offside,1,Car,No,Front,2021
201011NG27350,A,693,C,5,Serious,None,05-11-2010,Friday,1,Give way or uncontrolled,T or staggered junction,54.874198,Darkness - lights lit,425540,553340,-1.603512,E01020615,2,2,0,0,Dry,Dual carriageway,None,60,22:35:00,Urban,Fine no high winds,No,16 - 20,9,Small town,9,1360,None,None,Other/Not known (2005-10),Entering main road,CITROEN,SAXO FURIO,Petrol,Male,None,No tow/articulation,Did not leave carriageway,0,Turning right,1,Car,No,Back,2010
200832D109708,Unclassified,0,Unclassified,0,Serious,None,01-12-2021,Monday,1,Give way or uncontrolled,T or staggered junction,23.00330254,Darkness - lights lit,503290,372720,72.66106363,E01026369,1,2,0,0,Dry,Single carriageway,None,60,20:45:00,Rural,Fine no high winds,No,16 - 20,9,Small town,7,1298,None,None,Other/Not known (2005-10),Mid Junction - on roundabout or on main road,,COLT MAUI,Petrol,Female,None,No tow/articulation,Did not leave carriageway,0,Going ahead other,2,Car,No,Offside,2019
200930C000652,A,632,NA,0,Serious,None,16-11-2020,Friday,1,Data missing or out of range,Not at junction or within 20 metres,26.58145931,Darkness - lights lit,446060,370810,79.77953976,E01019488,1,2,0,0,Wet or damp,Single carriageway,None,60,21:58:00,Rural,Fog or mist,No,16 - 20,9,Urban area,9,1124,None,None,Other/Not known (2005-10),Not at or within 20 metres of junction,,SAXO FORTE,Petrol,Male,None,No tow/articulation,Did not leave carriageway,0,Overtaking moving vehicle - offside,2,Car,No,Nearside,2021
200997KB42812,Unclassified,0,A,726,Serious,None,31-05-2020,Wednesday,1,Give way or uncontrolled,Roundabout,28.63351695,Darkness - lights lit,246330,671450,77.29780697,,3,2,0,0,Frost or ice,Single carriageway,None,60,17:00:00,Rural,Other,Yes,16 - 20,9,Urban area,NA,1598,None,None,Other/Not known (2005-10),Leaving roundabout,,ASTRA CLUB 8V,Petrol,Male,Skidded,No tow/articulation,Did not leave carriageway,0,Going ahead left-hand bend,1,Car,No,Front,2020
200943N014019,C,70,NA,0,Serious,None,20-01-2019,Thursday,1,Data missing or out of range,Not at junction or within 20 metres,12.98877134,Darkness - no lighting,475500,209180,77.6590744,E01017676,1,1,0,0,Wet or damp,Single carriageway,None,60,01:10:00,Rural,Fine + high winds,No,16 - 20,9,Small town,7,1390,None,Road sign or traffic signal,Other/Not known (2005-10),Not at or within 20 metres of junction,,CLIO SI,Petrol,Male,Skidded and overturned,No tow/articulation,Offside and rebounded,0,Going ahead other,1,Car,No,Offside,2020
2008160C08020,A,165,NA,0,Serious,None,25-06-2020,Thursday,1,Data missing or out of range,Not at junction or within 20 metres,23.08981985,Darkness - no lighting,516650,470220,72.6018289,E01012934,2,2,0,0,Wet or damp,Single carriageway,None,60,21:25:00,Rural,Fine no high winds,No,16 - 20,9,Urban area,1,1599,None,Other permanent object,Other/Not known (2005-10),Not at or within 20 metres of junction,,LANTRA GSI,Petrol,Male,None,No tow/articulation,Nearside,7,Changing lane to left,1,Car,No,Front,2019
200814B103708,C,776,NA,0,Serious,None,11-11-2019,Wednesday,1,Not at junction or within 20 metres,Not at junction or within 20 metres,23.08974858,Darkness - no lighting,435050,403080,72.5620789,E01007398,3,1,0,0,Dry,Single carriageway,None,60,01:30:00,Rural,Fine no high winds,No,16 - 20,9,Urban area,2,1242,None,Tree,Other/Not known (2005-10),Not at or within 20 metres of junction,,PUNTO SX 60,Petrol,Male,Skidded,No tow/articulation,Nearside,0,Going ahead right-hand bend,1,Car,No,Front,2019
200834WN11258,C,67,NA,0,Serious,None,18-01-2021,Friday,1,Data missing or out of range,Not at junction or within 20 metres,28.48052743,Darkness - no lighting,474230,255570,77.09214279,E01027278,2,3,0,0,Dry,Single carriageway,None,60,19:50:00,Rural,Fine no high winds,No,16 - 20,9,Data missing or out of range,NA,1124,None,None,Other/Not known (2005-10),Not at or within 20 metres of junction,,106 XN ZEST 2,Petrol,Male,None,No tow/articulation,Did not leave carriageway,0,Going ahead other,2,Car,No,Front,2019
2009160C01540,B,1251,NA,0,Serious,None,26-05-2020,Tuesday,1,Data missing or out of range,Not at junction or within 20 metres,26.46690305,Darkness - no lighting,491040,461220,74.65451321,E01012981,4,1,0,0,Dry,Single carriageway,None,60,00:15:00,Rural,Fine no high winds,No,16 - 20,9,Urban area,2,1587,None,Tree,Other/Not known (2005-10),Not at or within 20 metres of junction,,SAXO VTS,Petrol,Male,None,No tow/articulation,Nearside,0,Going ahead right-hand bend,1,Car,No,Front,2020
200911NI31839,B,6310,NA,0,Serious,None,25-04-2021,Friday,1,Not at junction or within 20 metres,Not at junction or within 20 metres,28.68883281,Darkness - no lighting,413190,555130,77.29920742,E01020655,6,3,0,0,Wet or damp,Single carriageway,None,60,22:39:00,Rural,Fine no high winds,No,16 - 20,9,Urban area,6,973,None,None,Other/Not known (2005-10),Not at or within 20 metres of junction,,CORSA ENVOY 12V,Petrol,Male,Skidded,No tow/articulation,Did not leave carriageway,0,Going ahead other,1,Car,No,Front,2021
200922D901274,Unclassified,0,NA,0,Serious,None,19-10-2021,Thursday,1,Data missing or out of range,Not at junction or within 20 metres,18.59320907,Darkness - no lighting,393950,281580,73.80041294,E01032141,3,1,0,0,Dry,Single carriageway,None,60,20:05:00,Rural,Fine no high winds,No,16 - 20,9,Urban area,5,954,None,Tree,Other/Not known (2005-10),Not at or within 20 metres of junction,,SAXO FIRST,Petrol,Male,None,No tow/articulation,Offside,0,Going ahead left-hand bend,1,Car,No,Front,2021
200922F902619,A,49,NA,0,Serious,None,08-06-2019,Friday,1,Data missing or out of range,Not at junction or within 20 metres,18.5731526,Darkness - no lighting,343890,285470,73.74019789,E01029016,1,1,0,0,Wet or damp,Single carriageway,None,60,23:45:00,Rural,Fine no high winds,No,16 - 20,9,Data missing or out of range,NA,1396,None,Other permanent object,Other/Not known (2005-10),Not at or within 20 metres of junction,,CIVIC SPORT,Petrol,Male,Skidded and overturned,No tow/articulation,Offside,0,Going ahead left-hand bend,1,Car,No,Front,2021
2009160C08220,Unclassified,0,Unclassified,0,Serious,None,10-08-2020,Wednesday,1,Give way or uncontrolled,Crossroads,18.49160118,Darkness - no lighting,492990,429730,73.89570682,E01012969,1,2,0,0,Dry,Single carriageway,None,60,16:40:00,Rural,Fine no high winds,No,16 - 20,9,Small town,10,400,None,None,Other/Not known (2005-10),Mid Junction - on roundabout or on main road,,,Petrol,Male,None,No tow/articulation,Did not leave carriageway,0,Going ahead other,1,Motorcycle over 125cc and up to 500cc,No,Nearside,2021
200934WS17479,C,26,NA,0,Serious,None,01-07-2019,Tuesday,1,Data missing or out of range,Not at junction or within 20 metres,19.11550267,Darkness - no lighting,471470,248810,72.92346711,E01027297,2,1,0,0,Wet or damp,Single carriageway,None,60,03:00:00,Rural,Fine no high winds,No,16 - 20,9,Data missing or out of range,NA,1199,Bridge (side),None,Other/Not known (2005-10),Not at or within 20 metres of junction,,CORSA CLUB 16V,Petrol,Male,Skidded,No tow/articulation,Did not leave carriageway,0,Going ahead left-hand bend,1,Car,No,Front,2021
200922E905258,A,449,Unclassified,0,Serious,None,27-11-2020,Monday,1,Give way or uncontrolled,Other junction,19.20230618,Darkness - no lighting,374050,239950,72.83570606,E01014029,1,2,0,0,Dry,Single carriageway,None,60,20:00:00,Rural,Fine no high winds,No,16 - 20,9,Data missing or out of range,NA,1796,None,None,Other/Not known (2005-10),Approaching junction or waiting/parked at junction approach,,MONDEO ZETEC,Petrol,Male,None,No tow/articulation,Offside,0,Overtaking moving vehicle - offside,1,Car,No,Nearside,2021
20104100B0538,B,197,C,158,Serious,None,23-02-2021,Saturday,1,Give way or uncontrolled,T or staggered junction,14.6784256,Darkness - no lighting,522250,213500,78.49493435,E01023919,3,2,0,0,Dry,Single carriageway,None,60,20:00:00,Rural,Fine no high winds,No,16 - 20,9,Urban area,10,1242,None,None,Other/Not known (2005-10),Mid Junction - on roundabout or on main road,,FIESTA FREESTYLE,Petrol,Male,Skidded,No tow/articulation,Did not leave carriageway,0,Going ahead other,2,Car,No,Front,2019
201004BA10168,A,588,NA,0,Serious,None,09-10-2010,Saturday,1,Data missing or out of range,Not at junction or within 20 metres,54.022474,Darkness - no lighting,347060,458800,-2.809562,E01025146,4,2,0,0,Wet or damp,Single carriageway,None,60,22:00:00,Rural,Fine no high winds,No,16 - 20,9,Rural,7,973,None,None,Other/Not known (2005-10),Not at or within 20 metres of junction,VAUXHALL,CORSA COMFORT 12V,Petrol,Male,Skidded,No tow/articulation,Did not leave carriageway,0,Going ahead other,1,Car,No,Nearside,2010
201004BC10070,Unclassified,0,NA,0,Serious,None,12-04-2010,Monday,1,Data missing or out of range,Not at junction or within 20 metres,53.900692,Darkness - no lighting,336600,445380,-2.966406,E01025565,4,1,0,0,Dry,Single carriageway,Mud,60,21:45:00,Rural,Fine no high winds,No,16 - 20,9,Urban area,7,1242,None,None,Other/Not known (2005-10),Not at or within 20 metres of junction,FIAT,PUNTO ELX 8V,Petrol,Male,None,No tow/articulation,Nearside,0,Going ahead right-hand bend,1,Car,No,Front,2010