Accident_Index,1st_Road_Class,1st_Road_Number,2nd_Road_Class,2nd_Road_Number,Accident_Severity,Carriageway_Hazards,Date,Day_of_Week,Did_Police_Officer_Attend_Scene_of_Accident,Junction_Control,Junction_Detail,Latitude,Light_Conditions,Location_Easting_OSGR,Location_Northing_OSGR,Longitude,LSOA_of_Accident_Location,Number_of_Casualties,Number_of_Vehicles,Pedestrian_Crossing-Human_Control,Pedestrian_Crossing-Physical_Facilities,Road_Surface_Conditions,Road_Type,Special_Conditions_at_Site,Speed_limit,Time,Urban_or_Rural_Area,Weather_Conditions,InScotland,Age_Band_of_Driver,Age_of_Vehicle,Driver_Home_Area_Type,Driver_IMD_Decile,Engine_Capacity_.CC.,Hit_Object_in_Carriageway,Hit_Object_off_Carriageway,Journey_Purpose_of_Driver,Junction_Location,make,model,Propulsion_Code,Sex_of_Driver,Skidding_and_Overturning,Towing_and_Articulation,Vehicle_Leaving_Carriageway,Vehicle_Location.Restricted_Lane,Vehicle_Manoeuvre,Vehicle_Reference,Vehicle_Type,Was_Vehicle_Left_Hand_Drive,X1st_Point_of_Impact,Year
20094100F4167,A,1081,NA,0,Serious,None,18-08-2020,Friday,1,Not at junction or within 20 metres,Not at junction or within 20 metres,15.33749561,Darkness - no lighting,518670,203790,74.11946342,E01023704,4,1,0,0,Dry,Dual carriageway,None,70,21:55:00,Urban,Fine no high winds,No,16 - 20,9,Urban area,8,973,None,Entered ditch,Other/Not known (2005-10),Not at or within 20 metres of junction,,CORSA CLUB 12V,Petrol,Male,Skidded and overturned,No tow/articulation,Nearside,0,Going ahead other,1,Car,No,Front,2019
200854MB05608,Motorway,4,NA,0,Serious,None,27-07-2021,Tuesday,1,Not at junction or within 20 metres,Not at junction or within 20 metres,19.08527293,Darkness - no lighting,390040,179290,72.86181691,E01031951,15,8,0,0,Dry,Dual carriageway,None,70,01:48:00,Rural,Fine no high winds,No,16 - 20,9,Urban area,5,1905,None,None,Other/Not known (2005-10),Not at or within 20 metres of junction,,306 GLX DT,Heavy oil,Male,Skidded,No tow/articulation,Did not leave carriageway,0,Going ahead other,8,Car,No,Front,2021
200954DE04709,A,419,NA,0,Serious,None,24-05-2019,Saturday,1,Not at junction or within 20 metres,Not at junction or within 20 metres,22.73314637,Darkness - no lighting,414670,190020,75.8409237,E01015472,5,3,0,0,Snow,Slip road,None,70,19:45:00,Rural,Other,No,16 - 20,9,Urban area,10,1124,None,Near/Offside crash barrier,Other/Not known (2005-10),Not at or within 20 metres of junction,,206 LX,Petrol,Female,Skidded,No tow/articulation,Offside,0,Going ahead other,2,Car,No,Front,2020
20094100T3031,Motorway,25,NA,0,Serious,None,09-06-2020,Sunday,1,Not at junction or within 20 metres,Not at junction or within 20 metres,27.08944309,Daylight,504180,196190,93.61236084,E01023813,1,4,0,0,Dry,Dual carriageway,None,70,16:20:00,Urban,Fine no high winds,No,16 - 20,9,Rural,6,745,None,None,Other/Not known (2005-10),Not at or within 20 metres of junction,,VT 750C,Petrol,Male,None,No tow/articulation,Did not leave carriageway,0,Going ahead other,3,Motorcycle over 500cc,No,Nearside,2019
200842I117904,A,12,NA,0,Serious,None,06-09-2020,Wednesday,1,Not at junction or within 20 metres,Not at junction or within 20 metres,27.08799131,Daylight,574230,203800,93.62959245,E01021571,1,2,0,0,Dry,Dual carriageway,None,70,15:35:00,Rural,Fine no high winds,No,16 - 20,9,Urban area,7,124,None,None,Commuting to/from work,Not at or within 20 metres of junction,,,Petrol,Male,None,No tow/articulation,Did not leave carriageway,0,Overtaking - nearside,1,Motorcycle 125cc and under,No,Front,2019
200942I288608,A,12,NA,0,Serious,None,19-05-2019,Friday,1,Not at junction or within 20 metres,Not at junction or within 20 metres,22.0657599,Daylight,589190,221440,82.11147298,E01021403,2,3,0,0,Dry,Dual carriageway,None,70,10:15:00,Rural,Fine no high winds,No,16 - 20,9,Data missing or out of range,NA,781,None,None,Other/Not known (2005-10),Not at or within 20 metres of junction,,VFR800F,Petrol,Male,Skidded and overturned,No tow/articulation,Nearside,0,Overtaking moving vehicle - offside,1,Motorcycle over 500cc,No,Front,2019
200950EL2M008,A,38,NA,0,Serious,None,17-12-2019,Thursday,1,Not at junction or within 20 metres,Not at junction or within 20 metres,22.06969937,Daylight,247480,58090,82.15064224,E01015077,1,2,0,0,Dry,Dual carriageway,None,70,18:06:00,Urban,Fine no high winds,No,16 - 20,9,Urban area,2,973,None,None,Other/Not known (2005-10),Not at or within 20 metres of junction,,CORSA ENVOY 12V,Petrol,Male,None,No tow/articulation,Nearside,0,Moving off,1,Car,No,Back,2019
2008558C04396,A,3049,NA,0,Serious,None,21-05-2020,Tuesday,1,Not at junction or within 20 metres,Not at junction or within 20 metres,18.57596572,Daylight,401880,93180,73.9342222,E01015407,5,2,0,0,Dry,Dual carriageway,None,70,15:15:00,Urban,Fine no high winds,No,16 - 20,9,Urban area,3,1396,None,None,Commuting to/from work,Not at or within 20 metres of junction,,214I E 16V,Petrol,Male,Skidded,No tow/articulation,Did not leave carriageway,0,Going ahead other,1,Car,No,Front,2021
201004TA10054,Motorway,61,Motorway,61,Serious,None,01-04-2010,Thursday,1,Give way or uncontrolled,Slip road,53.671146,Daylight,358810,419590,-2.624954,E01024932,1,2,0,0,Dry,Dual carriageway,None,70,07:17:00,Rural,Fine no high winds,No,16 - 20,9,Urban area,3,1598,None,None,Journey as part of work,Leaving main road,MINI,MINI ONE,Petrol,Male,Overturned,No tow/articulation,Nearside,0,Overtaking moving vehicle - offside,1,Car,No,Nearside,2010
20074100T2126,A(M),1,NA,0,Serious,None,28-09-2019,Saturday,1,Not at junction or within 20 metres,Not at junction or within 20 metres,15.30856939,Darkness - lights lit,521390,208210,73.96003941,E01023938,2,2,0,0,Dry,Dual carriageway,None,70,21:10:00,Urban,Fine no high winds,No,21 - 25,9,Urban area,6,2498,None,Near/Offside crash barrier,Other/Not known (2005-10),Not at or within 20 metres of junction,,OMEGA ELITE V6 AUTO,Petrol,Male,Skidded and overturned,No tow/articulation,Nearside and rebounded,0,Going ahead other,1,Car,No,Front,2019
20104100A0234,A,10,B,1368,Serious,None,03-09-2019,Thursday,1,Give way or uncontrolled,Roundabout,26.47764721,Darkness - lights lit,538550,223940,80.31317011,E01023498,1,1,0,0,Dry,Roundabout,None,70,02:00:00,Rural,Fine no high winds,No,21 - 25,9,Small town,9,1149,Central island of roundabout,Lamp post,Commuting to/from work,Entering roundabout,,CLIO EXPRESSION 16V,Petrol,Male,Overturned,No tow/articulation,Nearside and rebounded,0,Going ahead other,1,Car,No,Front,2020
200930D000936,A,52,NA,0,Serious,None,03-12-2019,Monday,1,Data missing or out of range,Not at junction or within 20 metres,19.13670036,Darkness - lights lit,439890,335710,72.90378628,E01013592,2,1,0,0,Wet or damp,Dual carriageway,None,70,22:35:00,Urban,Fine no high winds,No,21 - 25,9,Urban area,6,2151,None,Near/Offside crash barrier,Other/Not known (2005-10),Not at or within 20 metres of junction,,C220 CDI CLASSIC AUTO,Heavy oil,Male,Skidded,No tow/articulation,Nearside and rebounded,0,Going ahead right-hand bend,1,Car,No,Front,2021
20104100T3131,Motorway,25,NA,0,Serious,None,28-10-2019,Friday,1,Not at junction or within 20 metres,Not at junction or within 20 metres,19.14046854,Darkness - lights lit,523900,199910,72.90950419,E01023567,4,2,0,0,Dry,Dual carriageway,None,70,22:55:00,Rural,Fine no high winds,No,21 - 25,9,Urban area,2,1796,None,Tree,Other/Not known (2005-10),Not at or within 20 metres of junction,,MONDEO VERONA,Petrol,Female,Skidded and overturned,No tow/articulation,Nearside,0,Going ahead other,1,Car,No,Front,2021
201011SC29390,A,66,NA,0,Serious,None,09-12-2010,Thursday,1,Data missing or out of range,Not at junction or within 20 metres,54.50932,Darkness - no lighting,394340,512670,-2.088927,E01020863,2,1,0,0,Frost or ice,Dual carriageway,None,70,06:33:00,Rural,Fine + high winds,No,21 - 25,9,Urban area,4,1997,None,Central crash barrier,Commuting to/from work,Not at or within 20 metres of junction,PEUGEOT,206 LX HDI,Heavy oil,Male,Skidded and overturned,No tow/articulation,Offside on to centrl res + rebounded,0,Going ahead other,1,Car,No,Front,2010
2007600AN5021,A,55,NA,0,Serious,None,13-03-2019,Saturday,1,Data missing or out of range,Not at junction or within 20 metres,18.53566642,Darkness - no lighting,247110,372710,73.77530534,,2,2,0,0,Dry,Dual carriageway,None,70,22:45:00,Rural,Fine no high winds,No,21 - 25,9,Small town,NA,1994,None,None,Other/Not known (2005-10),Not at or within 20 metres of junction,,220 SDI,Heavy oil,Female,Skidded,No tow/articulation,Did not leave carriageway,0,Going ahead other,1,Car,No,Front,2021
201043N063050,Motorway,40,NA,0,Serious,None,04-05-2020,Saturday,1,Data missing or out of range,Not at junction or within 20 metres,18.58873448,Darkness - no lighting,490040,190310,73.83840653,E01017939,3,2,0,0,Wet or damp,Dual carriageway,None,70,01:00:00,Rural,Other,No,21 - 25,9,Urban area,3,1910,None,None,Other/Not known (2005-10),Not at or within 20 metres of junction,,MULTIPLA 110 ELX JTD,Heavy oil,Male,Skidded,No tow/articulation,Did not leave carriageway,0,Going ahead other,2,Car,No,Front,2021
200742I079703,A,12,NA,0,Serious,None,10-02-2020,Friday,1,Not at junction or within 20 metres,Not at junction or within 20 metres,25.7827652,Darkness - no lighting,587740,219990,87.46151386,E01021403,1,2,0,0,Wet or damp,Dual carriageway,None,70,22:25:00,Rural,Raining + high winds,No,21 - 25,9,Urban area,5,3201,None,Central crash barrier,Other/Not known (2005-10),Not at or within 20 metres of junction,,M3 EVOLUTION,Petrol,Male,Skidded,No tow/articulation,Offside on to centrl res + rebounded,0,Going ahead other,1,Car,No,Front,2019
200943P042109,Motorway,40,NA,0,Serious,None,29-10-2019,Monday,1,Data missing or out of range,Not at junction or within 20 metres,19.1257621,Darkness - no lighting,468500,201490,72.84941784,E01028598,1,1,0,0,Dry,Dual carriageway,None,70,02:11:00,Rural,Unknown,No,21 - 25,9,Urban area,4,2496,None,Central crash barrier,Other/Not known (2005-10),Not at or within 20 metres of junction,,TRANSIT 190 LWB,Heavy oil,Male,None,No tow/articulation,Offside on to centrl res + rebounded,0,Going ahead other,1,Van / Goods 3.5 tonnes mgw or under,No,Offside,2021
2009160B01690,Motorway,180,NA,0,Serious,None,06-10-2021,Sunday,1,Data missing or out of range,Not at junction or within 20 metres,27.09754409,Daylight,490880,406390,93.61327176,E01013324,4,2,0,0,Dry,Dual carriageway,None,70,05:04:00,Rural,Fine no high winds,No,21 - 25,9,Small town,4,2496,None,None,Other/Not known (2005-10),Not at or within 20 metres of junction,,TRANSIT 100 LWB,Heavy oil,Male,Overturned,Single trailer,Did not leave carriageway,0,Going ahead other,2,Van / Goods 3.5 tonnes mgw or under,No,Back,2019
200943P162079,A,40,NA,0,Serious,None,29-07-2019,Sunday,1,Data missing or out of range,Not at junction or within 20 metres,28.50382161,Daylight,453050,208940,77.00819137,E01028560,2,2,0,0,Dry,Dual carriageway,None,70,19:45:00,Rural,Fine no high winds,No,21 - 25,9,Urban area,9,1299,None,Tree,Other/Not known (2005-10),Not at or within 20 metres of junction,,KA 2,Petrol,Male,None,No tow/articulation,Nearside,0,Going ahead other,2,Car,No,Back,2019
200805CC26602,Motorway,62,NA,0,Serious,None,03-10-2019,Saturday,1,Data missing or out of range,Not at junction or within 20 metres,14.69325493,Daylight,344250,389650,78.61488805,E01006471,1,1,0,0,Dry,Dual carriageway,None,70,20:30:00,Rural,Fine no high winds,No,21 - 25,9,Urban area,8,599,None,None,Other/Not known (2005-10),Not at or within 20 metres of junction,,CB600 HORNET,Petrol,Male,Skidded,No tow/articulation,Did not leave carriageway,0,Going ahead left-hand bend,1,Motorcycle over 500cc,No,Did not impact,2019
200820Z024201,Motorway,6,NA,0,Serious,None,08-08-2021,Sunday,1,Data missing or out of range,Not at junction or within 20 metres,26.73647205,Daylight,410910,289670,94.21533354,E01009400,2,2,0,0,Dry,Dual carriageway,Roadworks,70,05:50:00,Urban,Fine no high winds,No,21 - 25,9,Urban area,2,1590,None,None,Other/Not known (2005-10),Not at or within 20 metres of junction,,VITARA JX 4 U SOFT-TOP,Petrol,Male,Skidded and overturned,No tow/articulation,Did not leave carriageway,0,Overtaking moving vehicle - offside,1,Car,No,Nearside,2019
200904TA09171,Motorway,6,NA,0,Serious,None,12-06-2019,Sunday,1,Data missing or out of range,Not at junction or within 20 metres,19.20963669,Daylight,355780,433230,72.83954036,E01025253,3,2,0,0,Dry,Dual carriageway,None,70,16:00:00,Rural,Fine no high winds,No,21 - 25,9,Urban area,2,1299,None,Central crash barrier,Other/Not known (2005-10),Not at or within 20 metres of junction,,KA SILVER,Petrol,Female,Skidded,No tow/articulation,Did not leave carriageway,0,Going ahead other,1,Car,No,Front,2021
201042I358811,A,13,NA,0,Serious,None,31-08-2020,Friday,1,Not at junction or within 20 metres,Not at junction or within 20 metres,22.1049877,Daylight,562910,180920,82.16162137,E01015977,2,2,0,0,Wet or damp,Dual carriageway,None,70,15:35:00,Rural,Raining no high winds,No,21 - 25,9,Data missing or out of range,NA,1300,None,Road sign or traffic signal,Other/Not known (2005-10),Not at or within 20 metres of junction,,,Petrol,Female,None,No tow/articulation,Nearside,0,Going ahead other,2,Car,No,Offside,2019
200943N077019,Motorway,25,NA,0,Serious,None,20-09-2021,Saturday,1,Data missing or out of range,Not at junction or within 20 metres,15.26332867,Darkness - lights lit,504140,182850,74.11180086,E01017826,2,2,0,0,Wet or damp,Dual carriageway,None,70,16:39:00,Rural,Fine no high winds,No,26 - 35,9,Rural,10,3996,None,None,Other/Not known (2005-10),Not at or within 20 metres of junction,,TUSCAN,Petrol,Male,Skidded,No tow/articulation,Did not leave carriageway,0,Going ahead other,1,Car,No,Front,2019
200742I248306,A,127,NA,0,Serious,None,15-10-2020,Saturday,1,Not at junction or within 20 metres,Not at junction or within 20 metres,28.4769133,Darkness - lights lit,573790,191120,77.03251833,E01021307,1,2,0,0,Dry,Dual carriageway,None,70,00:45:00,Rural,Fine no high winds,No,26 - 35,9,Urban area,3,1390,None,None,Other/Not known (2005-10),Not at or within 20 metres of junction,,,Petrol,Male,None,No tow/articulation,Did not leave carriageway,0,Changing lane to left,2,Car,No,Did not impact,2019
200943N068059,Motorway,25,NA,0,Serious,None,21-04-2020,Wednesday,1,Data missing or out of range,Not at junction or within 20 metres,18.51069105,Darkness - lights lit,501680,186500,73.88109956,E01017818,1,2,0,0,Dry,Dual carriageway,None,70,00:30:00,Rural,Fine no high winds,No,26 - 35,9,Urban area,8,1988,None,Central crash barrier,Other/Not known (2005-10),Not at or within 20 metres of junction,,MONDEO ZETEC,Petrol,Male,Skidded,No tow/articulation,Offside on to central reservation,0,Going ahead other,1,Car,No,Front,2021
200942I399211,A,13,A,1089,Serious,Other object on road,14-03-2019,Sunday,1,Give way or uncontrolled,Slip road,19.11604121,Darkness - lights lit,563120,180870,72.90599077,E01015977,1,2,0,0,Wet or damp,Dual carriageway,None,70,03:15:00,Rural,Raining no high winds,No,26 - 35,9,Data missing or out of range,NA,2477,None,None,Other/Not known (2005-10),Approaching junction or waiting/parked at junction approach,,,Heavy oil,Male,Skidded,No tow/articulation,Did not leave carriageway,0,Going ahead other,1,Car,No,Front,2021
200842I025101,Motorway,11,NA,0,Serious,None,27-03-2020,Tuesday,1,Not at junction or within 20 metres,Not at junction or within 20 metres,28.50101632,Darkness - no lighting,548260,203780,77.02294064,E01021761,2,6,0,0,Dry,Dual carriageway,Roadworks,70,23:00:00,Rural,Fine no high winds,No,26 - 35,9,Urban area,2,2771,None,None,Other/Not known (2005-10),Not at or within 20 metres of junction,,A8 2.8 AUTO,Petrol,Male,Skidded,No tow/articulation,Did not leave carriageway,0,Going ahead other,5,Car,No,Back,2019
2007557E05414,A,338,NA,0,Serious,None,16-11-2019,Friday,1,Not at junction or within 20 metres,Not at junction or within 20 metres,28.63652663,Darkness - no lighting,413610,96420,77.12909247,E01020365,1,2,0,0,Frost or ice,Dual carriageway,None,70,06:14:00,Rural,Fine no high winds,No,26 - 35,9,Urban area,9,998,None,Tree,Commuting to/from work,Not at or within 20 metres of junction,,MICRA EQUATION,Petrol,Male,None,No tow/articulation,Nearside,0,Going ahead other,1,Car,No,Offside,2020
200863AC38408,A,48,NA,0,Serious,None,07-02-2020,Friday,1,Data missing or out of range,Not at junction or within 20 metres,28.6509342,Darkness - no lighting,245710,218090,77.22513281,W01000694,1,2,0,0,Dry,Dual carriageway,None,70,04:29:00,Rural,Fine no high winds,No,26 - 35,9,Urban area,NA,3201,None,Entered ditch,Other/Not known (2005-10),Not at or within 20 metres of junction,,M3 EVOLUTION,Petrol,Male,None,No tow/articulation,Nearside,0,Going ahead other,1,Car,No,Back,2020
200914C027609,Motorway,1,NA,0,Serious,None,04-03-2020,Sunday,1,Not at junction or within 20 metres,Not at junction or within 20 metres,25.76577133,Darkness - no lighting,445210,389300,87.4702278,E01007814,2,2,0,0,Dry,Dual carriageway,None,70,20:49:00,Rural,Fine no high winds,No,26 - 35,9,Urban area,2,1997,None,None,Commuting to/from work,Not at or within 20 metres of junction,,FREELANDER XDI S-WAGON,Heavy oil,Female,Skidded and overturned,No tow/articulation,Nearside,0,Going ahead other,1,Car,No,Front,2019
201043P242120,Motorway,40,NA,0,Serious,None,28-02-2021,Wednesday,1,Data missing or out of range,Not at junction or within 20 metres,28.64851579,Darkness - no lighting,446870,242360,77.33253381,E01028437,2,2,0,0,Frost or ice,Dual carriageway,None,70,17:55:00,Rural,Fine no high winds,No,26 - 35,9,Urban area,4,1360,None,Central crash barrier,Other/Not known (2005-10),Not at or within 20 metres of junction,,306 LX,Petrol,Female,Skidded,No tow/articulation,Offside on to centrl res + rebounded,0,Going ahead other,1,Car,No,Front,2020
200945TA36472,Motorway,25,NA,0,Serious,None,17-09-2019,Tuesday,1,Data missing or out of range,Not at junction or within 20 metres,26.46090953,Darkness - no lighting,541550,154300,74.58861733,E01030849,1,2,0,0,Wet or damp,Dual carriageway,None,70,05:34:00,Rural,Raining no high winds,No,26 - 35,9,Urban area,4,2494,None,Central crash barrier,Commuting to/from work,Not at or within 20 metres of junction,,323 CI,Petrol,Male,Skidded,No tow/articulation,Offside on to central reservation,0,Going ahead other,1,Car,No,Offside,2020
2009160B03720,A,15,NA,0,Serious,None,28-07-2021,Monday,1,Data missing or out of range,Not at junction or within 20 metres,25.77374368,Daylight,502490,423280,87.46184683,E01013256,1,2,0,0,Dry,Dual carriageway,None,70,15:46:00,Rural,Fine + high winds,No,26 - 35,9,Small town,8,899,None,None,Other/Not known (2005-10),Not at or within 20 metres of junction,,SEICENTO MIA,Petrol,Male,None,No tow/articulation,Did not leave carriageway,0,Going ahead other,1,Car,No,Front,2019
200943P295099,Motorway,40,NA,0,Serious,None,14-01-2019,Sunday,1,Data missing or out of range,Not at junction or within 20 metres,27.10525344,Daylight,459030,216270,93.61839633,E01028501,1,1,0,0,Dry,Dual carriageway,None,70,07:00:00,Rural,Fine no high winds,No,26 - 35,9,Urban area,2,1598,None,None,Other/Not known (2005-10),Not at or within 20 metres of junction,,LAGUNA ALIZE,Petrol,Male,Skidded and overturned,No tow/articulation,Nearside,0,Going ahead other,1,Car,No,Nearside,2019
200843N042058,A,413,Unclassified,924,Serious,None,05-05-2020,Wednesday,1,Give way or uncontrolled,T or staggered junction,27.10575323,Daylight,500870,188930,93.63166656,E01017819,3,2,0,0,Dry,Dual carriageway,None,70,16:02:00,Urban,Fine no high winds,No,26 - 35,9,Urban area,10,2300,None,None,Other/Not known (2005-10),Mid Junction - on roundabout or on main road,,GOLF V5,Petrol,Male,None,No tow/articulation,Did not leave carriageway,0,Going ahead other,2,Car,No,Back,2019
201042I094803,A,13,NA,0,Serious,None,14-01-2021,Tuesday,1,Not at junction or within 20 metres,Not at junction or within 20 metres,25.7658672,Daylight,556980,179720,87.48280841,E01015921,4,2,0,0,Dry,Dual carriageway,None,70,11:05:00,Rural,Fine no high winds,No,26 - 35,9,Data missing or out of range,NA,1870,None,None,Other/Not known (2005-10),Not at or within 20 metres of junction,,KANGOO 865 1.9D,Heavy oil,Male,Skidded and overturned,No tow/articulation,Offside - crossed central reservation,0,Going ahead other,1,Van / Goods 3.5 tonnes mgw or under,No,Front,2019
200805CC25419,Motorway,57,NA,0,Serious,None,24-10-2020,Wednesday,1,Data missing or out of range,Not at junction or within 20 metres,15.2374358,Daylight,345950,391930,74.09216921,E01006464,1,2,0,0,Dry,Dual carriageway,Roadworks,70,09:55:00,Rural,Fine no high winds,No,26 - 35,9,Data missing or out of range,NA,6174,None,None,Journey as part of work,Not at or within 20 metres of junction,,,Heavy oil,Male,None,No tow/articulation,Did not leave carriageway,0,Going ahead other,2,Goods 7.5 tonnes mgw and over,No,Back,2019
200745WO99967,Motorway,25,NA,0,Serious,None,14-01-2019,Wednesday,1,Data missing or out of range,Not at junction or within 20 metres,23.001837,Daylight,504770,163330,72.58884074,E01030660,2,2,0,0,Dry,Dual carriageway,None,70,14:00:00,Rural,Fine no high winds,No,26 - 35,9,Urban area,3,5861,None,None,Journey as part of work,Not at or within 20 metres of junction,,,Heavy oil,Male,Skidded,No tow/articulation,Offside on to central reservation,0,Going ahead other,2,Goods over 3.5t. and under 7.5t,No,Nearside,2019
201043N188040,Motorway,40,NA,0,Serious,None,25-02-2021,Friday,1,Data missing or out of range,Not at junction or within 20 metres,23.05388704,Daylight,492480,189580,72.59761613,E01017801,2,3,0,0,Dry,Dual carriageway,None,70,11:11:00,Rural,Fine no high winds,No,26 - 35,9,Urban area,3,2496,None,None,Journey as part of work,Not at or within 20 metres of junction,,A6 TDI QUATTRO SPORT,Heavy oil,Male,None,No tow/articulation,Nearside,0,Going ahead other,2,Car,No,Front,2019
20104100T3150,Motorway,25,NA,0,Serious,None,16-03-2019,Monday,1,Not at junction or within 20 metres,Not at junction or within 20 metres,22.74141407,Daylight,513360,202700,75.85695491,E01023717,2,2,0,0,Dry,Dual carriageway,None,70,10:26:00,Rural,Fine no high winds,No,26 - 35,9,Urban area,5,955,None,None,Commuting to/from work,Not at or within 20 metres of junction,,SPEED TRIPLE 955I,Petrol,Male,Skidded,No tow/articulation,Did not leave carriageway,0,Going ahead other,1,Motorcycle over 500cc,No,Nearside,2020
200930D000046,A,38,A,38,Serious,None,20-11-2020,Thursday,1,Auto traffic signal,Roundabout,18.48948952,Daylight,432720,336040,73.84117496,E01013558,1,1,0,0,Wet or damp,Dual carriageway,Oil or diesel,70,12:41:00,Rural,Fine no high winds,No,26 - 35,9,Rural,2,647,None,None,Other/Not known (2005-10),Mid Junction - on roundabout or on main road,,NTV 650,Petrol,Male,Skidded and overturned,No tow/articulation,Did not leave carriageway,0,Turning left,1,Motorcycle over 500cc,No,Nearside,2021
200897NC02201,A,80,NA,0,Serious,None,17-10-2019,Tuesday,1,Data missing or out of range,Not at junction or within 20 metres,18.58402681,Daylight,272970,673030,73.8388068,,2,2,0,0,Wet or damp,Dual carriageway,None,70,11:45:00,Urban,Fine no high winds,Yes,26 - 35,9,Urban area,NA,1120,Parked vehicle,None,Other/Not known (2005-10),Not at or within 20 metres of junction,,211I,Petrol,Male,None,No tow/articulation,Did not leave carriageway,0,Going ahead other,2,Car,No,Back,2021
20093104P3065,Motorway,1,Motorway,1,Serious,None,16-01-2020,Tuesday,1,Give way or uncontrolled,Slip road,18.57891035,Daylight,451650,344350,73.75825625,E01028124,1,1,0,0,Wet or damp,Dual carriageway,Roadworks,70,09:00:00,Urban,Fine no high winds,No,26 - 35,9,Urban area,4,650,None,None,Commuting to/from work,Leaving main road,,,Petrol,Male,Skidded,No tow/articulation,Did not leave carriageway,0,Changing lane to left,1,Motorcycle over 500cc,No,Offside,2021
200937B041939,A,14,NA,0,Serious,None,18-06-2019,Monday,1,Data missing or out of range,Not at junction or within 20 metres,18.5335085,Daylight,577860,266070,73.84252036,E01030098,2,4,0,0,Dry,Dual carriageway,None,70,07:25:00,Rural,Fine no high winds,No,26 - 35,9,Small town,10,1868,None,None,Commuting to/from work,Not at or within 20 metres of junction,,DISPATCH 1.9D,Heavy oil,Male,None,No tow/articulation,Did not leave carriageway,0,Waiting to go - held up,4,Van / Goods 3.5 tonnes mgw or under,No,Back,2021
20094100T4043,Motorway,1,NA,0,Serious,None,28-07-2019,Saturday,1,Not at junction or within 20 metres,Not at junction or within 20 metres,18.60780159,Daylight,509460,207450,73.85099214,E01023722,3,3,0,0,Dry,Dual carriageway,None,70,13:59:00,Rural,Fine no high winds,No,26 - 35,9,Urban area,8,1995,None,Central crash barrier,Other/Not known (2005-10),Not at or within 20 metres of junction,,VECTRA LS DTI,Heavy oil,Male,Skidded,No tow/articulation,Offside on to centrl res + rebounded,0,Going ahead other,2,Car,No,Front,2021
200842I171105,Motorway,11,NA,0,Serious,None,03-08-2020,Tuesday,1,Not at junction or within 20 metres,Not at junction or within 20 metres,14.7090187,Daylight,550850,236710,78.54057962,E01022071,1,3,0,0,Dry,Dual carriageway,None,70,09:58:00,Rural,Fine no high winds,No,26 - 35,9,Urban area,1,11946,None,None,Journey as part of work,Not at or within 20 metres of junction,,,Heavy oil,Male,None,Articulated vehicle,Did not leave carriageway,0,Slowing or stopping,2,Goods 7.5 tonnes mgw and over,No,Back,2019
201004TA10234,Motorway,6,NA,0,Serious,None,20-12-2010,Monday,1,Data missing or out of range,Not at junction or within 20 metres,53.728358,Daylight,357200,425970,-2.650206,E01025400,1,3,0,0,Wet or damp,Dual carriageway,None,70,13:10:00,Rural,Fine no high winds,No,26 - 35,9,Urban area,10,5480,None,Near/Offside crash barrier,Journey as part of work,Not at or within 20 metres of junction,VOLVO,,Heavy oil,Male,None,Articulated vehicle,Did not leave carriageway,0,Slowing or stopping,2,Goods 7.5 tonnes mgw and over,No,Did not impact,2010
200945GU37402,A,3,NA,0,Serious,None,06-09-2020,Saturday,1,Data missing or out of range,Not at junction or within 20 metres,22.05003296,Daylight,502830,153540,82.16499601,E01030475,4,5,0,0,Dry,Dual carriageway,None,70,15:10:00,Rural,Fine no high winds,No,26 - 35,9,Urban area,3,1840,None,Entered ditch,Other/Not known (2005-10),Not at or within 20 metres of junction,,MX-5 ICON,Petrol,Female,Skidded and overturned,No tow/articulation,Nearside,0,Going ahead other,1,Car,No,Nearside,2019
20074100T3092,Motorway,25,NA,0,Serious,None,02-11-2020,Sunday,1,Not at junction or within 20 metres,Not at junction or within 20 metres,18.5282686,Daylight,517670,202610,73.75996525,E01023708,3,2,0,0,Dry,Dual carriageway,None,70,14:00:00,Rural,Fine no high winds,No,26 - 35,9,Urban area,1,2982,None,Other permanent object,Other/Not known (2005-10),Not at or within 20 metres of junction,,LANDCRUISER COLOR GX TD A,Heavy oil,Female,Skidded and overturned,No tow/articulation,Nearside,0,Going ahead other,1,Car,No,Front,2021
200930A000545,A,52,NA,0,Serious,Any animal in carriageway (except ridden horse),26-04-2020,Wednesday,1,Data missing or out of range,Not at junction or within 20 metres,19.197977,Daylight,443540,335100,72.90231163,E01019656,1,1,0,0,Dry,Dual carriageway,None,70,10:15:00,Rural,Fine no high winds,No,26 - 35,9,Urban area,9,1587,Any animal (except ridden horse),Near/Offside crash barrier,Other/Not known (2005-10),Not at or within 20 metres of junction,,206 GLX,Petrol,Female,Skidded and overturned,No tow/articulation,Nearside and rebounded,0,Going ahead other,1,Car,No,Nearside,2021
20084100T2049,A(M),1,NA,0,Serious,None,07-05-2019,Sunday,1,Not at junction or within 20 metres,Not at junction or within 20 metres,14.71537791,Daylight,523040,229920,78.576435,E01023639,2,2,0,0,Dry,Dual carriageway,None,70,13:05:00,Rural,Fine no high winds,No,26 - 35,9,Data missing or out of range,NA,1597,None,Entered ditch,Other/Not known (2005-10),Not at or within 20 metres of junction,,PRIMERA SX 16V,Petrol,Female,Skidded,No tow/articulation,Nearside,0,Changing lane to right,1,Car,No,Offside,2019