Accident_Index,1st_Road_Class,1st_Road_Number,2nd_Road_Class,2nd_Road_Number,Accident_Severity,Carriageway_Hazards,Date,Day_of_Week,Did_Police_Officer_Attend_Scene_of_Accident,Junction_Control,Junction_Detail,Latitude,Light_Conditions,Location_Easting_OSGR,Location_Northing_OSGR,Longitude,LSOA_of_Accident_Location,Number_of_Casualties,Number_of_Vehicles,Pedestrian_Crossing-Human_Control,Pedestrian_Crossing-Physical_Facilities,Road_Surface_Conditions,Road_Type,Special_Conditions_at_Site,Speed_limit,Time,Urban_or_Rural_Area,Weather_Conditions,InScotland,Age_Band_of_Driver,Age_of_Vehicle,Driver_Home_Area_Type,Driver_IMD_Decile,Engine_Capacity_.CC.,Hit_Object_in_Carriageway,Hit_Object_off_Carriageway,Journey_Purpose_of_Driver,Junction_Location,make,model,Propulsion_Code,Sex_of_Driver,Skidding_and_Overturning,Towing_and_Articulation,Vehicle_Leaving_Carriageway,Vehicle_Location.Restricted_Lane,Vehicle_Manoeuvre,Vehicle_Reference,Vehicle_Type,Was_Vehicle_Left_Hand_Drive,X1st_Point_of_Impact,Year
201043N194080,Motorway,40,NA,0,Serious,None,07-04-2021,Thursday,1,Data missing or out of range,Not at junction or within 20 metres,15.03213668,Daylight,477870,193200,72.5764624,E01017854,3,2,0,0,Wet or damp,Dual carriageway,None,70,16:47:00,Rural,Raining no high winds,No,26 - 35,9,Urban area,1,6370,None,None,Journey as part of work,Not at or within 20 metres of junction,,,Heavy oil,Male,None,No tow/articulation,Did not leave carriageway,0,Going ahead other,2,Goods 7.5 tonnes mgw and over,No,Back,2021
200837G025263,A,14,A,154,Serious,None,21-09-2021,Wednesday,1,Give way or uncontrolled,Roundabout,18.54157214,Daylight,628860,236310,73.81626527,E01030216,1,2,0,0,Wet or damp,Roundabout,None,70,13:00:00,Urban,Raining no high winds,No,26 - 35,9,Urban area,7,1686,None,None,Commuting to/from work,Entering roundabout,,CORSA ENVOY D,Heavy oil,Female,Skidded,No tow/articulation,Offside,0,Going ahead other,1,Car,No,Front,2021
201004TA10195,Motorway,6,NA,0,Serious,None,11-11-2010,Thursday,1,Data missing or out of range,Not at junction or within 20 metres,54.014746,Daylight,348850,457920,-2.782094,E01025107,2,6,0,0,Snow,Dual carriageway,None,70,12:30:00,Rural,Snowing + high winds,No,26 - 35,9,Urban area,7,8970,None,None,Journey as part of work,Not at or within 20 metres of junction,SCANIA,,Heavy oil,Male,None,No tow/articulation,Did not leave carriageway,0,Slowing or stopping,3,Goods 7.5 tonnes mgw and over,No,Offside,2010
20104100T1080,Motorway,1,NA,0,Serious,None,13-11-2019,Friday,1,Not at junction or within 20 metres,Not at junction or within 20 metres,23.06316963,Darkness - lights lit,512380,200660,72.54224542,E01023733,2,1,0,0,Dry,Dual carriageway,None,70,00:28:00,Urban,Fine no high winds,No,36 - 45,9,Rural,7,1124,None,Other permanent object,Other/Not known (2005-10),Not at or within 20 metres of junction,,106 XN ZEST 2,Petrol,Male,Skidded and overturned,No tow/articulation,Nearside,0,Changing lane to right,1,Car,No,Front,2019
201006J029974,C,0,Unclassified,0,Serious,None,04-04-2010,Sunday,1,Give way or uncontrolled,T or staggered junction,53.402592,Darkness - lights lit,390950,389540,-2.137591,E01005875,1,2,0,0,Dry,Single carriageway,None,30,01:25:00,Urban,Fine no high winds,No,46 - 55,9,Urban area,2,1896,None,None,Journey as part of work,Mid Junction - on roundabout or on main road,SKODA,OCTAVIA CLASSIC SDI,Heavy oil,Male,None,No tow/articulation,Did not leave carriageway,0,Going ahead other,1,Car,No,Nearside,2010
201006L040187,A,580,NA,0,Serious,None,09-12-2010,Thursday,1,Data missing or out of range,Not at junction or within 20 metres,53.472492,Darkness - lights lit,364690,397440,-2.533444,E01006301,1,12,0,0,Frost or ice,Dual carriageway,None,60,06:15:00,Rural,Fine no high winds,No,46 - 55,9,Urban area,6,1896,None,None,Other/Not known (2005-10),Not at or within 20 metres of junction,VOLKSWAGEN,BORA SPORT TDI,Heavy oil,Male,Skidded,No tow/articulation,Did not leave carriageway,0,Going ahead other,8,Car,No,Front,2010
200901TD00377,A,214,A,214,Serious,None,13-09-2020,Sunday,1,Give way or uncontrolled,T or staggered junction,22.0657466,Darkness - lights lit,536160,168410,82.13444655,E01000774,1,2,0,0,Wet or damp,Single carriageway,None,30,18:59:00,Urban,Fine no high winds,No,46 - 55,9,Urban area,8,1324,None,None,Other/Not known (2005-10),Mid Junction - on roundabout or on main road,,323F LXI,Petrol,Female,None,No tow/articulation,Did not leave carriageway,0,Turning left,1,Car,No,Front,2019
200906X020242,Motorway,60,NA,0,Serious,None,01-11-2021,Monday,1,Not at junction or within 20 metres,Not at junction or within 20 metres,22.06019507,Darkness - lights lit,374710,399770,82.13759562,E01005733,6,3,0,0,Dry,Dual carriageway,None,70,00:15:00,Rural,Fine no high winds,No,46 - 55,9,Data missing or out of range,NA,1598,None,None,Other/Not known (2005-10),Not at or within 20 metres of junction,,MEGANE RT SPORT ALIZE A,Petrol,Female,None,No tow/articulation,Nearside,0,Changing lane to right,2,Car,No,Back,2019
20104100A0560,B,1038,Unclassified,1784,Serious,None,26-02-2020,Tuesday,1,Give way or uncontrolled,T or staggered junction,15.175099,Darkness - lights lit,536150,229410,74.01263466,E01023466,1,2,0,1,Wet or damp,Single carriageway,None,30,20:40:00,Rural,Fine no high winds,No,46 - 55,9,Rural,10,2979,None,None,Other/Not known (2005-10),Mid Junction - on roundabout or on main road,,X5 SPORT,Petrol,Female,None,No tow/articulation,Did not leave carriageway,0,Going ahead other,1,Car,No,Offside,2019
200906G010457,Unclassified,0,NA,0,Serious,None,27-09-2019,Sunday,1,Not at junction or within 20 metres,Not at junction or within 20 metres,15.20148204,Darkness - lights lit,395820,395700,74.06632663,E01006038,2,1,0,0,Wet or damp,Single carriageway,None,20,20:05:00,Urban,Fine no high winds,No,46 - 55,9,Urban area,3,973,None,None,Commuting to/from work,Not at or within 20 metres of junction,,CORSA CLUB 12V,Petrol,Female,None,No tow/articulation,Did not leave carriageway,0,Going ahead other,1,Car,No,Front,2019
200742I478111,B,1025,Unclassified,0,Serious,None,07-10-2021,Friday,1,Give way or uncontrolled,Other junction,28.48767412,Darkness - lights lit,601500,212890,77.0109485,E01021731,1,2,0,0,Dry,Single carriageway,None,30,17:17:00,Rural,Fine no high winds,No,46 - 55,9,Small town,8,2544,None,None,Other/Not known (2005-10),Approaching junction or waiting/parked at junction approach,,MONDEO ST 24 V6,Petrol,Female,None,No tow/articulation,Did not leave carriageway,0,Moving off,1,Car,No,Front,2019
200743W087037,B,3030,NA,,Serious,None,08-01-2021,Saturday,1,Data missing or out of range,Private drive or entrance,28.63673253,Darkness - lights lit,477170,169430,77.20907759,E01016703,1,2,0,0,Dry,Single carriageway,None,30,18:40:00,Urban,Fine no high winds,No,46 - 55,9,Data missing or out of range,NA,1389,None,None,Other/Not known (2005-10),Entering main road,,TIGRA BERMUDA,Petrol,Female,None,No tow/articulation,Did not leave carriageway,0,Going ahead other,1,Car,No,Back,2020
2007400D00621,A,505,NA,0,Serious,None,20-05-2021,Saturday,1,Data missing or out of range,Not at junction or within 20 metres,27.10623709,Darkness - lights lit,503660,222270,93.62854752,E01017582,1,3,0,0,Wet or damp,Dual carriageway,None,30,19:35:00,Urban,Fine no high winds,No,46 - 55,9,Urban area,6,1598,None,None,Other/Not known (2005-10),Not at or within 20 metres of junction,,MEGANE RT 1.6 AUTO,Petrol,Female,Skidded,No tow/articulation,Did not leave carriageway,0,Going ahead other,2,Car,No,Front,2019
200914K037309,A,61,Unclassified,0,Serious,None,13-02-2019,Wednesday,1,Auto traffic signal,Crossroads,22.06042462,Darkness - lights lit,435720,385940,82.12462956,E01008099,1,2,0,8,Frost or ice,Single carriageway,None,30,17:15:00,Urban,Other,No,46 - 55,9,Small town,2,1157,None,None,Other/Not known (2005-10),Cleared junction or waiting/parked at junction exit,,GSF1200Y,Petrol,Male,None,No tow/articulation,Did not leave carriageway,0,Moving off,1,Motorcycle over 500cc,No,Front,2019
200745WO15734,Unclassified,3759,Unclassified,3759,Serious,Vehicle load on road,22-07-2021,Friday,1,Give way or uncontrolled,T or staggered junction,28.69556157,Darkness - lights lit,504050,160900,77.10845029,E01031004,1,2,0,0,Wet or damp,Single carriageway,None,30,17:45:00,Urban,Other,No,46 - 55,9,Urban area,10,1391,None,None,Other/Not known (2005-10),Approaching junction or waiting/parked at junction approach,,IBIZA ESTILO,Petrol,Male,None,No tow/articulation,Did not leave carriageway,0,Overtaking - nearside,1,Car,No,Front,2021
200742I517812,A,176,Unclassified,0,Serious,None,01-02-2021,Thursday,1,Give way or uncontrolled,T or staggered junction,8.884916516,Darkness - lights lit,570290,187320,76.66827428,E01021297,1,2,0,0,Wet or damp,Roundabout,None,40,17:20:00,Urban,Other,No,46 - 55,9,Urban area,3,998,None,None,Commuting to/from work,Mid Junction - on roundabout or on main road,,MICRA TWISTER,Petrol,Female,Skidded,No tow/articulation,Did not leave carriageway,0,Going ahead other,1,Car,No,Nearside,2020
201043R206030,B,3022,Unclassified,7007,Serious,None,21-06-2020,Monday,1,Give way or uncontrolled,Private drive or entrance,12.98029676,Darkness - lights lit,491880,172250,77.51501441,E01016251,1,2,0,0,Wet or damp,Single carriageway,None,40,20:20:00,Rural,Raining + high winds,No,46 - 55,9,Urban area,9,647,None,None,Commuting to/from work,Approaching junction or waiting/parked at junction approach,,NT650V DEAUVILLE,Petrol,Male,Overturned,No tow/articulation,Did not leave carriageway,0,Going ahead other,1,Motorcycle over 500cc,No,Front,2020
200930D000015,Unclassified,0,Unclassified,0,Serious,None,23-10-2021,Monday,1,Give way or uncontrolled,T or staggered junction,26.46524697,Darkness - lights lit,436260,335060,74.60956737,E01013478,1,1,0,0,Flood over 3cm. deep,Single carriageway,None,30,06:45:00,Urban,Raining + high winds,No,46 - 55,9,Urban area,9,1896,None,None,Commuting to/from work,Cleared junction or waiting/parked at junction exit,,GOLF GT TDI,Heavy oil,Male,None,No tow/articulation,Did not leave carriageway,0,Turning right,1,Car,No,Front,2020
200934TE56769,A,45,A,5001,Serious,None,28-09-2019,Monday,1,Give way or uncontrolled,Roundabout,27.10455608,Darkness - lights lit,494390,267910,93.6085648,E01027063,1,1,0,0,Wet or damp,Roundabout,None,70,03:10:00,Rural,Raining no high winds,No,46 - 55,9,Rural,8,1997,Central island of roundabout,None,Commuting to/from work,Mid Junction - on roundabout or on main road,,406 LX HDI(90),Heavy oil,Male,Overturned,No tow/articulation,Did not leave carriageway,0,Going ahead other,1,Car,No,Front,2019
200901CW10506,A,4201,C,0,Serious,None,07-12-2021,Tuesday,1,Auto traffic signal,Crossroads,22.08226455,Darkness - lights lit,529280,180690,82.11139762,E01004764,1,2,0,5,Wet or damp,Single carriageway,None,30,23:16:00,Urban,Raining no high winds,No,46 - 55,9,Urban area,5,2362,None,None,Other/Not known (2005-10),Mid Junction - on roundabout or on main road,,PREVIA CDX VVTI AUTO,Petrol,Male,None,No tow/articulation,Did not leave carriageway,0,Going ahead other,2,Car,No,Front,2019
200934TN52759,A,4500,Unclassified,9137,Serious,None,26-02-2021,Tuesday,1,Give way or uncontrolled,T or staggered junction,28.41695467,Darkness - lights lit,476840,261030,77.00195374,E01027134,1,1,0,0,Wet or damp,Single carriageway,None,30,22:05:00,Urban,Raining no high winds,No,46 - 55,9,Urban area,2,1598,None,None,Journey as part of work,Approaching junction or waiting/parked at junction approach,,NUBIRA SE,Petrol,Male,None,No tow/articulation,Did not leave carriageway,0,Going ahead other,1,Car,No,Front,2019
200814A013508,A,630,NA,0,Serious,None,23-03-2020,Saturday,1,Not at junction or within 20 metres,Not at junction or within 20 metres,28.59453705,Darkness - lights lit,456920,402000,77.15655732,E01007533,6,3,0,4,Wet or damp,Dual carriageway,None,40,16:49:00,Urban,Raining no high winds,No,46 - 55,9,Urban area,3,2295,None,None,Other/Not known (2005-10),Not at or within 20 metres of junction,,GALAXY ZETEC AUTO,Petrol,Male,None,No tow/articulation,Did not leave carriageway,0,Slowing or stopping,2,Car,No,Back,2021
20094100K0643,Unclassified,248,NA,0,Serious,None,07-11-2019,Monday,1,Not at junction or within 20 metres,Not at junction or within 20 metres,18.63750246,Darkness - lights lit,534420,203460,73.75472322,E01023325,2,1,0,0,Wet or damp,Single carriageway,None,30,17:20:00,Urban,Raining no high winds,No,46 - 55,9,Urban area,4,796,None,None,Other/Not known (2005-10),Not at or within 20 metres of junction,,MATIZ SE,Petrol,Male,None,No tow/articulation,Did not leave carriageway,0,Going ahead other,1,Car,No,Front,2021
200942I402211,Unclassified,0,NA,0,Serious,None,19-07-2020,Saturday,1,Not at junction or within 20 metres,Not at junction or within 20 metres,18.52399267,Darkness - lights lit,585450,205530,73.92771965,E01021893,2,3,0,0,Wet or damp,Single carriageway,None,40,18:25:00,Rural,Raining no high winds,No,46 - 55,9,Rural,6,1598,Parked vehicle,None,Other/Not known (2005-10),Not at or within 20 metres of junction,,156 T.SPARK,Petrol,Male,Skidded,No tow/articulation,Did not leave carriageway,0,Overtaking static vehicle - offside,1,Car,No,Front,2021
200801CP00036,C,0,C,0,Serious,None,14-11-2021,Tuesday,1,Give way or uncontrolled,T or staggered junction,14.6695695,Darkness - lights lit,531780,181150,78.52010973,E01000004,1,1,0,0,Wet or damp,Single carriageway,None,30,20:24:00,Urban,Raining no high winds,No,46 - 55,9,Urban area,6,NA,None,None,Journey as part of work,Approaching junction or waiting/parked at junction approach,,,Heavy oil,Male,None,No tow/articulation,Did not leave carriageway,0,Slowing or stopping,1,Bus or coach (17 or more pass seats),No,Front,2019
200820H043101,A,454,Unclassified,0,Serious,None,24-10-2020,Saturday,1,Give way or uncontrolled,T or staggered junction,18.63023198,Darkness - lights lit,407220,300550,73.85886899,E01010241,5,2,0,0,Wet or damp,Single carriageway,None,40,20:57:00,Rural,Raining no high winds,No,46 - 55,9,Urban area,9,1800,None,None,Other/Not known (2005-10),Cleared junction or waiting/parked at junction exit,,156 1.8 T SPARK,Petrol,Female,None,No tow/articulation,Did not leave carriageway,0,Going ahead other,2,Car,No,Front,2021
201001EO40021,A,1199,Unclassified,0,Serious,None,22-01-2010,Friday,1,Give way or uncontrolled,T or staggered junction,51.546963,Darkness - lights lit,532410,184850,-0.091809,E01002717,1,2,0,0,Wet or damp,Single carriageway,None,30,06:40:00,Urban,Raining no high winds,No,46 - 55,9,Urban area,3,1360,None,None,Other/Not known (2005-10),Approaching junction or waiting/parked at junction approach,PEUGEOT,206 LX AUTO,Petrol,Female,None,No tow/articulation,Did not leave carriageway,0,Parked,2,Car,No,Front,2010
201001RG40134,A,20,NA,0,Serious,None,24-02-2010,Wednesday,1,Data missing or out of range,Not at junction or within 20 metres,51.455331,Darkness - lights lit,540120,174860,0.015346,E01003286,1,2,0,0,Wet or damp,Single carriageway,None,30,18:10:00,Urban,Raining no high winds,No,46 - 55,9,Small town,10,2494,None,None,Other/Not known (2005-10),Not at or within 20 metres of junction,BMW,525 I SPORT TOURING,Petrol,Female,None,No tow/articulation,Did not leave carriageway,0,U-turn,1,Car,No,Offside,2010
200745WA15650,Unclassified,5523,NA,0,Serious,None,05-07-2021,Thursday,2,Data missing or out of range,Not at junction or within 20 metres,15.29069332,Darkness - lights lit,490100,132800,74.12034407,E01030930,1,1,0,0,Wet or damp,Single carriageway,None,30,18:40:00,Urban,Unknown,No,46 - 55,9,Urban area,10,1753,None,None,Other/Not known (2005-10),Not at or within 20 metres of junction,,FIESTA ENCORE DIESEL,Heavy oil,Male,None,No tow/articulation,Did not leave carriageway,0,Moving off,1,Car,No,Did not impact,2019
20104100D0002,A,4146,NA,0,Serious,None,13-11-2020,Friday,1,Not at junction or within 20 metres,Not at junction or within 20 metres,26.73913041,Darkness - no lighting,502100,212540,94.17176753,E01023431,6,2,0,0,Frost or ice,Single carriageway,None,60,19:20:00,Rural,Fine no high winds,No,46 - 55,9,Urban area,10,1328,None,None,Other/Not known (2005-10),Not at or within 20 metres of junction,,JIMNY JLX,Petrol,Male,None,No tow/articulation,Offside,0,Going ahead left-hand bend,1,Car,No,Nearside,2019
200742I463811,A,128,NA,0,Serious,None,15-01-2020,Friday,1,Not at junction or within 20 metres,Not at junction or within 20 metres,12.97478922,Darkness - no lighting,565340,182210,77.6223815,E01015980,1,2,0,0,Wet or damp,Single carriageway,None,50,05:52:00,Rural,Fine no high winds,No,46 - 55,9,Rural,6,11705,None,None,Journey as part of work,Not at or within 20 metres of junction,,,Heavy oil,Male,None,Articulated vehicle,Did not leave carriageway,8,Moving off,1,Goods 7.5 tonnes mgw and over,No,Offside,2020
2009559D04743,A,354,Unclassified,0,Serious,None,07-03-2019,Tuesday,1,Give way or uncontrolled,Private drive or entrance,28.71310841,Darkness - no lighting,386970,103110,77.07804613,E01020453,1,2,0,0,Wet or damp,Single carriageway,None,60,16:15:00,Rural,Fine no high winds,No,46 - 55,9,Rural,7,2500,None,None,Journey as part of work,Approaching junction or waiting/parked at junction approach,,,Heavy oil,Male,None,No tow/articulation,Did not leave carriageway,0,Turning right,1,Minibus (8 - 16 passenger seats),No,Offside,2020
200745WA01767,B,2127,Unclassified,0,Serious,None,27-07-2019,Thursday,1,Give way or uncontrolled,T or staggered junction,18.63878918,Darkness - no lighting,509060,140670,73.76867314,E01030880,1,3,0,0,Dry,Single carriageway,None,30,19:35:00,Rural,Fine no high winds,No,46 - 55,9,Rural,9,1781,None,None,Commuting to/from work,Approaching junction or waiting/parked at junction approach,,A4 1.8 AUTO,Petrol,Male,None,No tow/articulation,Did not leave carriageway,0,Going ahead other,3,Car,No,Offside,2021
200954EW03309,A,360,C,57,Serious,None,08-01-2021,Tuesday,1,Give way or uncontrolled,Crossroads,19.19330122,Darkness - no lighting,411340,133530,72.93493814,E01032013,2,2,0,0,Wet or damp,Single carriageway,None,50,21:17:00,Rural,Fine no high winds,No,46 - 55,9,Urban area,10,1998,None,None,Other/Not known (2005-10),Mid Junction - on roundabout or on main road,,E200 ELEGANCE,Petrol/Gas (LPG),Male,Skidded,No tow/articulation,Did not leave carriageway,0,Going ahead other,2,Car,No,Front,2021
2010160C04161,A,645,Unclassified,0,Serious,Pedestrian in carriageway - not injured,16-07-2010,Friday,1,Give way or uncontrolled,T or staggered junction,53.682982,Darkness - no lighting,462500,421140,-1.055174,E01013075,1,2,0,0,Dry,Single carriageway,None,60,22:10:00,Rural,Fine no high winds,No,46 - 55,9,Rural,7,249,None,None,Other/Not known (2005-10),Approaching junction or waiting/parked at junction approach,YAMAHA,YP 250,Petrol,Male,Skidded,No tow/articulation,Did not leave carriageway,0,Going ahead other,1,Motorcycle over 125cc and up to 500cc,No,Front,2010
200950KT2G003,A,396,NA,0,Serious,None,08-11-2019,Monday,1,Not at junction or within 20 metres,Not at junction or within 20 metres,26.46857442,Darkness - no lighting,294400,105170,74.64974637,E01020044,2,3,0,0,Dry,Single carriageway,None,60,22:31:00,Rural,Fine no high winds,No,46 - 55,9,Rural,6,2800,None,None,Other/Not known (2005-10),Not at or within 20 metres of junction,,,Heavy oil,Female,None,No tow/articulation,Did not leave carriageway,0,Parked,3,Other vehicle,No,Nearside,2020
201014A188510,C,69,Unclassified,0,Serious,None,19-11-2010,Friday,1,Give way or uncontrolled,Private drive or entrance,53.615324,Darkness - no lighting,462380,413610,-1.058499,E01007488,2,2,0,0,Wet or damp,Single carriageway,None,60,16:37:00,Rural,Fog or mist,No,46 - 55,9,Urban area,4,2999,None,None,Other/Not known (2005-10),Approaching junction or waiting/parked at junction approach,ISUZU,TROOPER DUTY DT LWB,Heavy oil,Female,Skidded,No tow/articulation,Did not leave carriageway,0,Going ahead other,1,Car,No,Front,2010
2008400B03876,A,421,NA,0,Serious,Previous accident,19-05-2019,Friday,1,Data missing or out of range,Not at junction or within 20 metres,12.99358424,Darkness - no lighting,503180,246280,77.67513646,E01017516,3,2,0,0,Wet or damp,Single carriageway,None,60,20:35:00,Rural,Other,No,46 - 55,9,Data missing or out of range,NA,1598,None,None,Other/Not known (2005-10),Not at or within 20 metres of junction,,LAGUNA RT ALIZE,Petrol,Male,Skidded,No tow/articulation,Did not leave carriageway,0,Overtaking moving vehicle - offside,1,Car,No,Front,2020
200945EL46985,A,3,NA,0,Serious,Other object on road,19-02-2021,Sunday,1,Data missing or out of range,Not at junction or within 20 metres,28.40326103,Darkness - no lighting,516900,163260,76.9938475,E01030296,2,4,0,0,Wet or damp,Dual carriageway,None,70,21:54:00,Rural,Raining + high winds,No,46 - 55,9,Urban area,9,3950,None,Central crash barrier,Other/Not known (2005-10),Not at or within 20 metres of junction,,DISCOVERY V8I ES AUTO,Petrol,Male,None,No tow/articulation,Offside on to centrl res + rebounded,0,Going ahead other,2,Car,No,Front,2019
200797UD21608,A,714,NA,0,Serious,None,07-11-2021,Wednesday,1,Data missing or out of range,Not at junction or within 20 metres,27.10587336,Darkness - no lighting,218830,594600,93.63175951,,5,2,0,0,Wet or damp,Single carriageway,None,60,20:00:00,Rural,Raining no high winds,Yes,46 - 55,9,Urban area,4,1994,None,None,Other/Not known (2005-10),Not at or within 20 metres of junction,,420 D TURBO,Heavy oil,Male,None,No tow/articulation,Did not leave carriageway,0,Going ahead left-hand bend,1,Car,No,Front,2019
200914K328209,Unclassified,0,A,6102,Serious,None,29-08-2019,Monday,1,Give way or uncontrolled,T or staggered junction,26.45840624,Daylight,433060,389900,74.60506104,E01007995,1,1,0,8,Wet or damp,Single carriageway,None,30,12:20:00,Urban,Fine + high winds,No,46 - 55,9,Urban area,7,1896,None,None,Other/Not known (2005-10),Approaching junction or waiting/parked at junction approach,,,Heavy oil,Male,None,No tow/articulation,Did not leave carriageway,0,Turning right,1,Car,No,Front,2020
200814B034808,B,6100,Unclassified,0,Serious,None,21-08-2020,Wednesday,1,Give way or uncontrolled,T or staggered junction,18.59749291,Daylight,436650,404330,73.86536997,E01007462,1,2,0,0,Dry,Single carriageway,None,30,14:55:00,Urban,Fine + high winds,No,46 - 55,9,Urban area,2,1527,None,None,Other/Not known (2005-10),Approaching junction or waiting/parked at junction approach,,106 XLD ZEST 3,Heavy oil,Male,None,No tow/articulation,Did not leave carriageway,0,Going ahead other,1,Car,No,Offside,2021
200891NN29988,A,862,NA,0,Serious,None,20-01-2020,Thursday,1,Data missing or out of range,Not at junction or within 20 metres,19.0987561,Daylight,264450,846460,72.86855635,,3,2,0,0,Dry,Single carriageway,None,60,14:30:00,Rural,Fine + high winds,Yes,46 - 55,9,Urban area,NA,1998,None,None,Other/Not known (2005-10),Not at or within 20 metres of junction,,MAREA 155 ELX,Petrol,Male,None,No tow/articulation,Did not leave carriageway,0,Going ahead other,2,Car,No,Offside,2021
201004TA10146,Motorway,6,NA,0,Serious,None,28-08-2010,Saturday,1,Data missing or out of range,Not at junction or within 20 metres,53.888701,Daylight,351160,443870,-2.744592,E01025549,2,1,0,0,Dry,Dual carriageway,None,70,14:25:00,Rural,Fine + high winds,No,46 - 55,9,Urban area,3,599,None,Central crash barrier,Other/Not known (2005-10),Not at or within 20 metres of junction,SUZUKI,GSX R600 K1,Petrol,Male,None,No tow/articulation,Did not leave carriageway,0,Going ahead other,1,Motorcycle over 500cc,No,Front,2010
200763BC19607,A,487,NA,0,Serious,None,12-05-2020,Tuesday,1,Data missing or out of range,Not at junction or within 20 metres,28.63444572,Daylight,232990,251260,77.35995673,,2,3,0,0,Dry,Single carriageway,None,40,17:19:00,Rural,Fine + high winds,No,46 - 55,9,Rural,NA,1389,None,None,Commuting to/from work,Not at or within 20 metres of junction,,CORSA BREEZE HI-TORQ,Petrol,Female,Skidded,No tow/articulation,Did not leave carriageway,0,Going ahead other,2,Car,No,Front,2021
200822EA86895,Unclassified,0,NA,0,Serious,None,19-11-2021,Monday,1,Data missing or out of range,Not at junction or within 20 metres,18.5163228,Daylight,350600,241650,73.86428579,E01014084,1,2,0,0,Dry,Single carriageway,None,30,15:59:00,Urban,Fine + high winds,No,46 - 55,9,Rural,5,124,None,None,Other/Not known (2005-10),Not at or within 20 metres of junction,,CITY FLY CLR 125,Petrol,Female,None,No tow/articulation,Did not leave carriageway,0,Overtaking static vehicle - offside,2,Motorcycle 125cc and under,No,Front,2021
200901TE00049,A,312,NA,0,Serious,None,02-07-2021,Tuesday,1,Data missing or out of range,Not at junction or within 20 metres,14.70004009,Daylight,510620,174220,78.48020864,E01002593,1,1,0,4,Dry,Single carriageway,None,30,10:40:00,Urban,Fine no high winds,No,46 - 55,9,Urban area,5,1998,None,Other permanent object,Other/Not known (2005-10),Not at or within 20 metres of junction,,OMEGA 2.0 16V CDX A,Petrol,Male,Skidded,No tow/articulation,Nearside,0,Going ahead other,1,Car,No,Nearside,2019
200901XH30803,Motorway,25,NA,0,Serious,None,25-07-2020,Wednesday,1,Data missing or out of range,Not at junction or within 20 metres,14.78316548,Daylight,504470,177650,78.6170257,E01002444,1,3,0,0,Dry,Dual carriageway,None,70,10:17:00,Rural,Fine no high winds,No,46 - 55,9,Urban area,6,12130,None,None,Journey as part of work,Not at or within 20 metres of junction,,,Heavy oil,Male,None,Articulated vehicle,Did not leave carriageway,0,Going ahead other,2,Goods 7.5 tonnes mgw and over,No,Front,2019
200805AA24270,Unclassified,0,Unclassified,0,Serious,None,07-10-2019,Thursday,1,Give way or uncontrolled,T or staggered junction,27.09100688,Daylight,331550,386550,93.63276328,E01007177,1,2,0,0,Dry,Single carriageway,None,30,08:50:00,Urban,Fine no high winds,No,46 - 55,9,Urban area,1,998,None,None,Other/Not known (2005-10),Mid Junction - on roundabout or on main road,,MICRA PROFILE 16V,Petrol,Male,None,No tow/articulation,Did not leave carriageway,0,Turning right,2,Car,No,Nearside,2019
2007400C02731,Unclassified,0,Unclassified,0,Serious,None,01-12-2019,Saturday,1,Give way or uncontrolled,Crossroads,27.09562772,Daylight,508640,221230,93.6168355,E01015794,1,1,0,0,Dry,Single carriageway,None,30,11:10:00,Urban,Fine no high winds,No,46 - 55,9,Urban area,1,5958,None,None,Journey as part of work,Cleared junction or waiting/parked at junction exit,,,Heavy oil,Male,None,No tow/articulation,Did not leave carriageway,0,Going ahead other,1,Goods over 3.5t. and under 7.5t,No,Front,2019
200901CW11239,A,40,NA,0,Serious,None,20-03-2021,Wednesday,1,Data missing or out of range,Not at junction or within 20 metres,27.10492655,Daylight,525890,181640,93.61829357,E01004757,1,2,0,0,Dry,Dual carriageway,None,30,12:00:00,Urban,Fine no high winds,No,46 - 55,9,Urban area,9,1100,None,None,Journey as part of work,Not at or within 20 metres of junction,,R1100 RT,Petrol,Male,None,No tow/articulation,Did not leave carriageway,0,Going ahead other,1,Motorcycle over 500cc,No,Front,2019
20084100G0410,C,165,NA,,Serious,None,23-12-2020,Thursday,1,Give way or uncontrolled,Private drive or entrance,27.0910668,Daylight,535650,240700,93.63392556,E01023660,1,1,0,4,Dry,Single carriageway,None,30,16:25:00,Urban,Fine no high winds,No,46 - 55,9,Rural,8,1998,None,None,Other/Not known (2005-10),Approaching junction or waiting/parked at junction approach,,RAV4 HEAT AUTO,Petrol,Male,None,No tow/articulation,Did not leave carriageway,0,Reversing,1,Car,No,Back,2019