Accident_Index,1st_Road_Class,1st_Road_Number,2nd_Road_Class,2nd_Road_Number,Accident_Severity,Carriageway_Hazards,Date,Day_of_Week,Did_Police_Officer_Attend_Scene_of_Accident,Junction_Control,Junction_Detail,Latitude,Light_Conditions,Location_Easting_OSGR,Location_Northing_OSGR,Longitude,LSOA_of_Accident_Location,Number_of_Casualties,Number_of_Vehicles,Pedestrian_Crossing-Human_Control,Pedestrian_Crossing-Physical_Facilities,Road_Surface_Conditions,Road_Type,Special_Conditions_at_Site,Speed_limit,Time,Urban_or_Rural_Area,Weather_Conditions,InScotland,Age_Band_of_Driver,Age_of_Vehicle,Driver_Home_Area_Type,Driver_IMD_Decile,Engine_Capacity_.CC.,Hit_Object_in_Carriageway,Hit_Object_off_Carriageway,Journey_Purpose_of_Driver,Junction_Location,make,model,Propulsion_Code,Sex_of_Driver,Skidding_and_Overturning,Towing_and_Articulation,Vehicle_Leaving_Carriageway,Vehicle_Location.Restricted_Lane,Vehicle_Manoeuvre,Vehicle_Reference,Vehicle_Type,Was_Vehicle_Left_Hand_Drive,X1st_Point_of_Impact,Year
200763DP30007,A,470,NA,0,Serious,None,29-05-2020,Thursday,1,Data missing or out of range,Not at junction or within 20 metres,27.10031524,Daylight,296170,285030,93.62198196,,3,2,0,0,Dry,Single carriageway,None,60,14:35:00,Rural,Fine no high winds,No,46 - 55,9,Rural,NA,4250,None,None,Journey as part of work,Not at or within 20 metres of junction,,,Heavy oil,Male,None,No tow/articulation,Offside,0,Going ahead other,2,Goods 7.5 tonnes mgw and over,No,Front,2019
200901YR90242,C,0,Unclassified,0,Serious,None,26-04-2021,Thursday,1,Give way or uncontrolled,Crossroads,27.09497453,Daylight,530340,188880,93.62584425,E01002015,2,2,0,0,Dry,Single carriageway,None,30,11:12:00,Urban,Fine no high winds,No,46 - 55,9,Urban area,5,12130,None,None,Journey as part of work,Mid Junction - on roundabout or on main road,,,Heavy oil,Male,None,Articulated vehicle,Did not leave carriageway,0,Going ahead other,2,Goods 7.5 tonnes mgw and over,No,Front,2019
200950JO2C010,A,386,NA,0,Serious,None,10-01-2019,Friday,1,Not at junction or within 20 metres,Not at junction or within 20 metres,27.09920283,Daylight,254000,105240,93.61565406,E01020321,1,1,0,0,Dry,Single carriageway,None,60,17:50:00,Rural,Fine no high winds,No,46 - 55,9,Data missing or out of range,NA,1896,None,None,Other/Not known (2005-10),Not at or within 20 metres of junction,,TOLEDO S TDI,Heavy oil,Male,None,No tow/articulation,Did not leave carriageway,0,Going ahead other,1,Car,No,Front,2019
200897LA00807,A,82,NA,0,Serious,None,20-12-2019,Friday,1,Data missing or out of range,Not at junction or within 20 metres,26.75604926,Daylight,242450,674270,94.21385868,,1,2,0,0,Dry,Dual carriageway,None,40,16:25:00,Urban,Fine no high winds,Yes,46 - 55,9,Small town,NA,1998,None,None,Other/Not known (2005-10),Not at or within 20 metres of junction,,VECTRA CDX 16V AUTO,Petrol,Male,None,Single trailer,Did not leave carriageway,3,U-turn,1,Car,No,Nearside,2019
200801KF74189,A,124,Unclassified,0,Serious,None,11-05-2019,Monday,1,Give way or uncontrolled,T or staggered junction,26.75265068,Daylight,540350,182280,94.20046111,E01003499,1,2,0,0,Dry,Single carriageway,None,30,15:50:00,Urban,Fine no high winds,No,46 - 55,9,Urban area,3,3960,None,None,Other/Not known (2005-10),Approaching junction or waiting/parked at junction approach,,GRAND CHEROKEE ORVIS A,Petrol,Male,None,No tow/articulation,Did not leave carriageway,0,Turning right,1,Car,No,Front,2019
200930D000878,C,1,C,362,Serious,None,05-10-2019,Thursday,1,Give way or uncontrolled,T or staggered junction,25.76399161,Daylight,433960,337470,87.47671298,E01013529,1,2,0,0,Wet or damp,Single carriageway,None,30,12:15:00,Rural,Fine no high winds,No,46 - 55,9,Urban area,10,781,None,None,Other/Not known (2005-10),Mid Junction - on roundabout or on main road,,,Petrol,Male,None,No tow/articulation,Did not leave carriageway,0,Going ahead other,2,Motorcycle over 500cc,No,Front,2019
200904AM09147,A,584,NA,0,Serious,None,02-11-2021,Tuesday,1,Data missing or out of range,Not at junction or within 20 metres,25.78424343,Daylight,330610,434960,87.49243866,E01012672,1,1,0,0,Dry,Single carriageway,None,30,16:45:00,Urban,Fine no high winds,No,46 - 55,9,Urban area,5,2800,None,None,Journey as part of work,Not at or within 20 metres of junction,,,Heavy oil,Male,None,No tow/articulation,Did not leave carriageway,0,Going ahead other,1,Car,No,Did not impact,2019
201042I169106,B,1022,Unclassified,0,Serious,None,02-12-2019,Saturday,1,Give way or uncontrolled,T or staggered junction,25.79021895,Daylight,594160,220840,87.46437846,E01021644,3,2,0,0,Dry,Dual carriageway,None,40,16:15:00,Rural,Fine no high winds,No,46 - 55,9,Small town,4,899,None,None,Other/Not known (2005-10),Mid Junction - on roundabout or on main road,,ZX900-E2,Petrol,Male,Skidded,No tow/articulation,Did not leave carriageway,0,Going ahead other,2,Motorcycle over 500cc,No,Front,2019
2008160B01350,Unclassified,0,Unclassified,0,Serious,None,22-10-2019,Saturday,1,Give way or uncontrolled,T or staggered junction,25.77302869,Daylight,487470,412360,87.49230475,E01013302,1,1,0,0,Dry,Single carriageway,None,30,10:39:00,Urban,Fine no high winds,No,46 - 55,9,Urban area,6,955,None,None,Other/Not known (2005-10),Entering main road,,DAYTONA 955I,Petrol,Male,Skidded,No tow/articulation,Did not leave carriageway,0,Turning right,1,Motorcycle over 500cc,No,Nearside,2019
200842I007201,A,12,NA,0,Serious,None,27-03-2020,Saturday,1,Not at junction or within 20 metres,Not at junction or within 20 metres,25.77412249,Daylight,604200,233100,87.47683215,E01021655,2,2,0,0,Wet or damp,Dual carriageway,None,70,15:00:00,Rural,Fine no high winds,No,46 - 55,9,Urban area,4,599,None,Central crash barrier,Other/Not known (2005-10),Not at or within 20 metres of junction,,ZX600-G2,Petrol,Male,None,No tow/articulation,Offside on to centrl res + rebounded,0,Going ahead left-hand bend,2,Motorcycle over 500cc,No,Offside,2019
200897GB23707,B,762,NA,0,Serious,None,12-07-2021,Sunday,1,Data missing or out of range,Not at junction or within 20 metres,25.76722156,Daylight,255920,660970,87.48376329,,1,1,0,0,Dry,Single carriageway,None,30,18:15:00,Urban,Fine no high winds,Yes,46 - 55,9,Urban area,NA,1598,None,None,Other/Not known (2005-10),Not at or within 20 metres of junction,,VECTRA ENVOY,Petrol,Male,None,No tow/articulation,Did not leave carriageway,0,Going ahead other,1,Car,No,Did not impact,2019
200801TX20726,Unclassified,0,Unclassified,0,Serious,None,07-04-2021,Wednesday,1,Give way or uncontrolled,T or staggered junction,22.09158449,Daylight,514240,175960,82.17542298,E01002642,1,1,0,1,Dry,Single carriageway,None,30,14:36:00,Urban,Fine no high winds,No,46 - 55,9,Data missing or out of range,NA,NA,None,None,Other/Not known (2005-10),Approaching junction or waiting/parked at junction approach,,,Heavy oil,Male,None,No tow/articulation,Did not leave carriageway,0,Going ahead other,1,Bus or coach (17 or more pass seats),No,Front,2019
200742I332408,A,126,NA,0,Serious,None,31-10-2021,Wednesday,1,Not at junction or within 20 metres,Not at junction or within 20 metres,22.10279928,Daylight,561330,177850,82.1628674,E01015954,1,1,0,1,Dry,Single carriageway,None,30,09:36:00,Urban,Fine no high winds,No,46 - 55,9,Urban area,4,5900,None,None,Journey as part of work,Not at or within 20 metres of junction,,,Heavy oil,Male,None,No tow/articulation,Did not leave carriageway,0,Going ahead other,1,Bus or coach (17 or more pass seats),No,Front,2019
2008170M12588,Unclassified,0,NA,0,Serious,None,20-04-2021,Thursday,1,Data missing or out of range,Not at junction or within 20 metres,22.10052091,Daylight,449150,520450,82.11161907,E01012070,1,2,0,4,Dry,Single carriageway,None,30,17:20:00,Urban,Fine no high winds,No,46 - 55,9,Data missing or out of range,NA,6871,None,None,Journey as part of work,Not at or within 20 metres of junction,,,Heavy oil,Male,None,No tow/articulation,Did not leave carriageway,0,Going ahead other,1,Bus or coach (17 or more pass seats),No,Nearside,2019
200801TW60195,A,312,C,0,Serious,None,14-07-2019,Thursday,1,Give way or uncontrolled,T or staggered junction,22.09775442,Daylight,513810,171180,82.17521272,E01003830,4,2,0,0,Dry,Single carriageway,None,30,08:20:00,Urban,Fine no high winds,No,46 - 55,9,Urban area,8,3199,None,None,Taking pupil to/from school,Approaching junction or waiting/parked at junction approach,,,Petrol,Male,None,No tow/articulation,Did not leave carriageway,0,Turning right,1,Car,No,Front,2019
2008160C01780,A,1249,NA,0,Serious,None,01-04-2019,Friday,1,Data missing or out of range,Not at junction or within 20 metres,22.06396644,Daylight,507840,455110,82.11167007,E01012984,1,2,0,0,Dry,Single carriageway,None,60,13:20:00,Rural,Fine no high winds,No,46 - 55,9,Small town,8,5861,None,None,Journey as part of work,Not at or within 20 metres of junction,,,Heavy oil,Male,None,No tow/articulation,Did not leave carriageway,0,Going ahead right-hand bend,2,Goods over 3.5t. and under 7.5t,No,Offside,2019
200814B029708,A,616,NA,0,Serious,None,01-10-2021,Thursday,1,Not at junction or within 20 metres,Not at junction or within 20 metres,22.09530621,Daylight,431310,398720,82.13362257,E01007421,5,5,0,0,Dry,Single carriageway,None,60,11:56:00,Rural,Fine no high winds,No,46 - 55,9,Urban area,NA,11000,None,None,Journey as part of work,Not at or within 20 metres of junction,,,Heavy oil,Male,None,Articulated vehicle,Did not leave carriageway,0,Going ahead other,5,Goods 7.5 tonnes mgw and over,No,Offside,2019
200897UD02305,Unclassified,0,NA,0,Serious,None,15-12-2021,Sunday,1,Data missing or out of range,Not at junction or within 20 metres,15.20861186,Daylight,234880,631870,74.02985895,,1,2,0,0,Dry,Single carriageway,None,60,20:00:00,Rural,Fine no high winds,Yes,46 - 55,9,Rural,NA,600,None,Entered ditch,Other/Not known (2005-10),Not at or within 20 metres of junction,,GSX R600X,Petrol,Male,Skidded and overturned,No tow/articulation,Nearside,0,Going ahead right-hand bend,2,Motorcycle over 500cc,No,Did not impact,2019
200901TC00061,A,117,NA,0,Serious,None,05-12-2021,Saturday,1,Data missing or out of range,Not at junction or within 20 metres,15.22795689,Daylight,542070,185490,74.02518254,E01003591,2,2,0,0,Dry,Single carriageway,None,30,06:05:00,Urban,Fine no high winds,No,46 - 55,9,Urban area,1,NA,None,None,Journey as part of work,Not at or within 20 metres of junction,,,Heavy oil,Male,None,No tow/articulation,Did not leave carriageway,0,Going ahead other,2,Bus or coach (17 or more pass seats),No,Front,2019
20083104D2057,C,51,NA,0,Serious,None,01-01-2020,Monday,1,Data missing or out of range,Not at junction or within 20 metres,15.33058662,Daylight,452330,327470,74.08788513,E01028388,3,2,0,0,Dry,Single carriageway,None,60,17:41:00,Rural,Fine no high winds,No,46 - 55,9,Rural,9,1997,None,None,Other/Not known (2005-10),Not at or within 20 metres of junction,,406 LX HDI(110),Heavy oil,Male,Skidded,No tow/articulation,Nearside,0,Going ahead left-hand bend,2,Car,No,Front,2019
20084100E0456,A,1155,Unclassified,199,Serious,None,28-09-2019,Saturday,2,Give way or uncontrolled,Mini-roundabout,23.00828711,Daylight,524810,224570,72.57974492,E01023757,1,2,0,0,Dry,Roundabout,None,40,18:50:00,Urban,Fine no high winds,No,46 - 55,9,Urban area,7,651,None,None,Other/Not known (2005-10),Mid Junction - on roundabout or on main road,,KL650-C5,Petrol,Male,Skidded,No tow/articulation,Did not leave carriageway,0,Turning right,2,Motorcycle over 500cc,No,Nearside,2019
200943W244099,B,4494,Unclassified,7137,Serious,None,29-04-2019,Wednesday,2,Give way or uncontrolled,Crossroads,22.97510825,Daylight,444570,175780,72.59363139,E01016288,1,1,0,0,Dry,Single carriageway,None,60,13:30:00,Rural,Fine no high winds,No,46 - 55,9,Urban area,5,599,None,None,Other/Not known (2005-10),Cleared junction or waiting/parked at junction exit,,GSF 600 X,Petrol,Male,None,No tow/articulation,Did not leave carriageway,0,Going ahead other,1,Motorcycle over 500cc,No,Nearside,2019
2007600DE7026,A,5,NA,0,Serious,None,23-03-2020,Monday,1,Data missing or out of range,Not at junction or within 20 metres,23.00465555,Daylight,308330,343390,72.54835718,,2,2,0,0,Dry,Single carriageway,None,60,10:50:00,Rural,Fine no high winds,No,46 - 55,9,Small town,7,781,None,None,Other/Not known (2005-10),Not at or within 20 metres of junction,,VFR800F,Petrol,Male,Skidded,No tow/articulation,Did not leave carriageway,0,Overtaking moving vehicle - offside,1,Motorcycle over 500cc,No,Offside,2019
200906Q008575,C,0,Unclassified,0,Serious,None,09-12-2020,Monday,1,Give way or uncontrolled,T or staggered junction,22.99104364,Daylight,392950,404870,72.55332215,E01005434,3,2,0,0,Wet or damp,Dual carriageway,None,30,12:00:00,Urban,Fine no high winds,No,46 - 55,9,Urban area,3,1598,None,None,Other/Not known (2005-10),Mid Junction - on roundabout or on main road,,MEGANE SCENIC ALIZE 16V,Petrol,Male,None,No tow/articulation,Offside,0,Going ahead other,1,Car,No,Nearside,2019
200943R033069,A,4,Unclassified,7302,Serious,None,04-03-2019,Sunday,1,Auto traffic signal,Crossroads,23.03766939,Daylight,493730,181000,72.59230646,E01016495,3,2,0,0,Wet or damp,Dual carriageway,None,40,18:18:00,Urban,Fine no high winds,No,46 - 55,9,Urban area,10,1598,None,None,Journey as part of work,Leaving main road,,COROLLA VVTI GS AUTO,Petrol,Male,Skidded,No tow/articulation,Did not leave carriageway,0,Turning right,1,Car,No,Nearside,2019
200906Q025177,Unclassified,0,NA,0,Serious,None,21-12-2019,Saturday,1,Not at junction or within 20 metres,Not at junction or within 20 metres,23.09223149,Daylight,393560,408790,72.65982816,E01005447,1,1,0,0,Dry,Single carriageway,None,30,12:18:00,Urban,Fine no high winds,No,46 - 55,9,Urban area,6,1991,None,None,Other/Not known (2005-10),Not at or within 20 metres of junction,,626 GSI,Petrol,Male,None,No tow/articulation,Did not leave carriageway,0,Going ahead other,1,Car,No,Front,2019
200942I190906,A,1169,A,1169,Serious,None,19-06-2020,Tuesday,1,Give way or uncontrolled,Roundabout,28.47310504,Daylight,543240,208120,77.09377582,E01021830,1,1,0,0,Dry,Roundabout,Oil or diesel,40,08:15:00,Rural,Fine no high winds,No,46 - 55,9,Urban area,4,85,None,None,Journey as part of work,Leaving roundabout,,C90,Petrol,Male,Skidded and overturned,No tow/articulation,Did not leave carriageway,0,Going ahead left-hand bend,1,Motorcycle 125cc and under,No,Did not impact,2019
200897LB10405,A,85,A,828,Serious,None,28-03-2020,Monday,1,Give way or uncontrolled,T or staggered junction,28.43276746,Daylight,195220,733430,77.04462115,,2,3,0,0,Dry,Single carriageway,None,60,14:15:00,Rural,Fine no high winds,Yes,46 - 55,9,Urban area,NA,781,None,None,Other/Not known (2005-10),Approaching junction or waiting/parked at junction approach,,,Petrol,Male,Skidded,No tow/articulation,Did not leave carriageway,0,Going ahead other,2,Motorcycle over 500cc,No,Front,2019
200830B000252,A,6187,NA,0,Serious,None,08-04-2021,Thursday,1,Data missing or out of range,Not at junction or within 20 metres,28.40507952,Daylight,426170,380670,77.06773847,E01019614,1,1,0,0,Dry,Single carriageway,None,60,19:50:00,Rural,Fine no high winds,No,46 - 55,9,Small town,8,885,None,None,Other/Not known (2005-10),Not at or within 20 metres of junction,,THUNDERBIRD,Petrol,Male,None,No tow/articulation,Nearside,0,Going ahead right-hand bend,1,Motorcycle over 500cc,No,Front,2019
200743N052117,A,404,NA,0,Serious,None,16-06-2020,Tuesday,1,Data missing or out of range,Not at junction or within 20 metres,28.45936681,Daylight,494600,196280,77.02892241,E01017783,1,2,0,0,Dry,Single carriageway,None,60,07:31:00,Rural,Fine no high winds,No,46 - 55,9,Data missing or out of range,NA,9600,None,None,Other/Not known (2005-10),Not at or within 20 metres of junction,,,Heavy oil,Male,None,No tow/articulation,Did not leave carriageway,0,Parked,2,Bus or coach (17 or more pass seats),No,Did not impact,2019
20104100A0572,A,1170,Unclassified,1719,Serious,None,19-06-2021,Saturday,1,Give way or uncontrolled,T or staggered junction,13.01364946,Daylight,536770,212660,77.64712467,E01023468,1,2,0,0,Dry,Single carriageway,None,40,13:55:00,Rural,Fine no high winds,No,46 - 55,9,Urban area,5,999,None,Road sign or traffic signal,Journey as part of work,Leaving main road,,POLO E,Petrol,Male,None,No tow/articulation,Offside,0,Turning right,2,Car,No,Offside,2020
200801GD76303,A,107,A,104,Serious,None,30-10-2020,Monday,1,Give way or uncontrolled,Crossroads,8.88378608,Daylight,534900,185930,76.62313198,E01001766,1,1,0,0,Dry,Single carriageway,None,30,14:20:00,Urban,Fine no high winds,No,46 - 55,9,Urban area,3,NA,None,None,Journey as part of work,Leaving main road,,,Heavy oil,Male,None,No tow/articulation,Did not leave carriageway,3,Going ahead other,1,Bus or coach (17 or more pass seats),No,Did not impact,2020
200942I284109,Unclassified,0,NA,,Serious,None,29-04-2019,Saturday,1,Give way or uncontrolled,Private drive or entrance,8.865652463,Daylight,559630,191460,76.62532397,E01021473,1,2,0,0,Dry,Single carriageway,None,30,12:40:00,Rural,Fine no high winds,No,46 - 55,9,Urban area,8,599,None,None,Other/Not known (2005-10),Approaching junction or waiting/parked at junction approach,,CBR 600 F,Petrol,Male,None,No tow/articulation,Nearside,0,Going ahead other,2,Motorcycle over 500cc,No,Front,2020
200801VK30142,A,243,Unclassified,0,Serious,None,25-07-2020,Saturday,1,Give way or uncontrolled,T or staggered junction,8.892133711,Daylight,517650,163260,76.68941308,E01002948,2,2,0,0,Dry,Single carriageway,None,30,11:00:00,Urban,Fine no high winds,No,46 - 55,9,Urban area,7,918,None,None,Other/Not known (2005-10),Approaching junction or waiting/parked at junction approach,,CBR900RR,Petrol,Male,None,No tow/articulation,Did not leave carriageway,0,Going ahead other,2,Motorcycle over 500cc,No,Nearside,2020
200930D000348,Unclassified,0,NA,0,Serious,None,11-02-2020,Saturday,1,Data missing or out of range,Not at junction or within 20 metres,28.7244993,Daylight,434970,334170,77.30814758,E01013568,1,2,0,0,Dry,Single carriageway,None,20,17:17:00,Urban,Fine no high winds,No,16 - 20,8,Urban area,2,1896,Open door of vehicle,None,Other/Not known (2005-10),Not at or within 20 metres of junction,,GOLF GT TDI,Heavy oil,Male,None,No tow/articulation,Did not leave carriageway,0,Parked,2,Car,No,Offside,2021
200914K140309,Unclassified,0,NA,0,Serious,None,16-06-2019,Tuesday,1,Not at junction or within 20 metres,Not at junction or within 20 metres,26.73436152,Daylight,436060,388450,94.21663942,E01007876,1,1,0,0,Dry,Single carriageway,None,20,16:05:00,Urban,Fine no high winds,No,21 - 25,8,Urban area,3,1149,None,None,Journey as part of work,Not at or within 20 metres of junction,,CLIO SPORT 16V,Petrol,Male,None,No tow/articulation,Did not leave carriageway,0,Slowing or stopping,1,Car,No,Offside,2019
200943P349119,Unclassified,320,Unclassified,0,Serious,None,03-04-2019,Friday,1,Give way or uncontrolled,T or staggered junction,18.57657608,Daylight,455050,205520,73.75545863,E01028559,1,2,0,0,Wet or damp,Single carriageway,None,20,08:19:00,Urban,Fine no high winds,No,21 - 25,8,Urban area,7,1753,None,None,Commuting to/from work,Entering main road,,FOCUS ZETEC TD DI,Heavy oil,Male,None,No tow/articulation,Did not leave carriageway,0,Turning left,1,Car,No,Front,2021
201005AA04012,Unclassified,0,Unclassified,0,Serious,None,29-06-2010,Tuesday,1,Give way or uncontrolled,Other junction,53.415029,Daylight,327530,391470,-3.091828,E01007204,1,2,0,0,Dry,Single carriageway,None,20,18:20:00,Urban,Fine no high winds,No,21 - 25,8,Urban area,1,1149,None,None,Other/Not known (2005-10),Mid Junction - on roundabout or on main road,RENAULT,CLIO EXPRESSION 16V,Petrol,Male,None,No tow/articulation,Did not leave carriageway,0,U-turn,1,Car,No,Nearside,2010
2008160D07710,Unclassified,0,Unclassified,0,Serious,None,28-12-2019,Friday,1,Give way or uncontrolled,T or staggered junction,28.68468328,Darkness - lights lit,508000,430840,77.24857918,E01012866,1,1,0,0,Wet or damp,Single carriageway,None,20,17:07:00,Urban,Raining no high winds,No,26 - 35,8,Urban area,6,1588,None,None,Other/Not known (2005-10),Mid Junction - on roundabout or on main road,,S40 I,Petrol,Female,None,No tow/articulation,Did not leave carriageway,0,Going ahead other,1,Car,No,Front,2020
200742I062702,Unclassified,0,NA,0,Serious,None,15-03-2019,Thursday,1,Not at junction or within 20 metres,Not at junction or within 20 metres,28.71062474,Darkness - no lighting,559470,190110,77.33160393,E01021473,1,1,0,0,Frost or ice,Single carriageway,None,20,06:58:00,Rural,Fine no high winds,No,26 - 35,8,Urban area,1,998,None,None,Commuting to/from work,Not at or within 20 metres of junction,,,Petrol,Male,Skidded,No tow/articulation,Did not leave carriageway,0,Going ahead other,1,Motorcycle over 500cc,No,Offside,2020
2008160D03230,Unclassified,0,Unclassified,0,Serious,None,29-06-2021,Monday,1,Give way or uncontrolled,T or staggered junction,25.47263293,Daylight,508570,429850,83.88805214,E01012763,1,1,0,0,Dry,Single carriageway,None,20,14:25:00,Urban,Fine + high winds,No,26 - 35,8,Urban area,2,1997,None,None,Other/Not known (2005-10),Entering main road,,PRELUDE 2.0I AUTO,Petrol,Female,None,No tow/articulation,Did not leave carriageway,0,Turning right,1,Car,No,Nearside,2021
201005CC07185,Unclassified,0,Unclassified,0,Serious,None,15-12-2010,Wednesday,1,Give way or uncontrolled,Crossroads,53.484725,Darkness - lights lit,342430,399020,-2.869064,E01006446,1,2,0,0,Wet or damp,Single carriageway,None,20,22:10:00,Urban,Fine no high winds,No,36 - 45,8,Urban area,10,1997,None,None,Other/Not known (2005-10),Approaching junction or waiting/parked at junction approach,PEUGEOT,307 RAPIER HDI,Heavy oil,Male,None,No tow/articulation,Did not leave carriageway,0,Going ahead other,2,Car,No,Offside,2010
200804DF08169,Unclassified,0,Unclassified,0,Serious,None,27-12-2020,Friday,1,Give way or uncontrolled,T or staggered junction,28.54754177,Daylight,354660,430350,77.1100185,E01025244,1,2,0,0,Dry,Single carriageway,None,20,15:50:00,Urban,Fine no high winds,No,36 - 45,8,Urban area,10,1950,None,None,Journey as part of work,Approaching junction or waiting/parked at junction approach,,75 CLASSIC CDT SE,Heavy oil,Female,None,No tow/articulation,Did not leave carriageway,0,Going ahead other,1,Car,No,Offside,2020
201004DL10073,Unclassified,0,NA,0,Serious,None,01-07-2010,Thursday,1,Data missing or out of range,Not at junction or within 20 metres,53.769662,Daylight,352600,430610,-2.720636,E01025310,1,1,0,0,Wet or damp,Single carriageway,None,20,16:24:00,Urban,Other,No,36 - 45,8,Urban area,3,1988,None,None,Other/Not known (2005-10),Not at or within 20 metres of junction,FORD,FOCUS GHIA AUTO,Petrol,Female,None,No tow/articulation,Did not leave carriageway,0,Going ahead other,1,Car,No,Nearside,2010
200797BF06212,Unclassified,0,Unclassified,0,Serious,None,04-04-2020,Saturday,1,Give way or uncontrolled,Private drive or entrance,18.55920132,Darkness - lights lit,261670,669440,73.82300517,,1,1,0,0,Frost or ice,Single carriageway,None,20,21:00:00,Urban,Other,Yes,46 - 55,8,Urban area,NA,2664,None,None,Journey as part of work,Leaving main road,,TX1 BRONZE,Heavy oil,Male,None,No tow/articulation,Did not leave carriageway,0,Turning right,1,Taxi/Private hire car,No,Did not impact,2021
200814A020208,Unclassified,0,Unclassified,0,Serious,None,16-08-2019,Thursday,1,Give way or uncontrolled,Crossroads,28.44090867,Darkness - lights lit,469360,412600,77.05771311,E01007642,2,2,0,0,Dry,Single carriageway,None,30,20:40:00,Urban,Fine + high winds,No,16 - 20,8,Urban area,6,998,Kerb,Lamp post,Other/Not known (2005-10),Mid Junction - on roundabout or on main road,,MICRA CELEBRATION 16V,Petrol,Male,Skidded,No tow/articulation,Offside and rebounded,0,Going ahead other,1,Car,No,Front,2019
200901GD10709,A,106,Unclassified,0,Serious,None,20-12-2021,Saturday,1,Give way or uncontrolled,T or staggered junction,14.76386286,Darkness - lights lit,535720,184470,78.49199285,E01001844,1,2,0,0,Dry,Single carriageway,None,30,21:35:00,Urban,Fine no high winds,No,16 - 20,8,Urban area,2,85,None,None,Other/Not known (2005-10),Approaching junction or waiting/parked at junction approach,,C90,Petrol,Male,None,No tow/articulation,Did not leave carriageway,0,Going ahead other,1,Motorcycle 125cc and under,No,Front,2019
2009160A01130,Unclassified,0,NA,0,Serious,None,25-08-2020,Wednesday,1,Not at junction or within 20 metres,Not at junction or within 20 metres,27.09568386,Darkness - lights lit,529710,406570,93.62842629,E01013156,5,1,0,4,Wet or damp,Single carriageway,None,30,06:55:00,Urban,Fine no high winds,No,16 - 20,8,Urban area,7,973,Bollard or refuge,Lamp post,Other/Not known (2005-10),Not at or within 20 metres of junction,,CORSA CLUB 12V,Petrol,Male,Skidded,No tow/articulation,Offside,0,Going ahead other,1,Car,No,Nearside,2019
201034WD10440,C,33,NA,0,Serious,None,29-04-2019,Tuesday,1,Data missing or out of range,Not at junction or within 20 metres,26.73193198,Darkness - lights lit,467390,273200,94.17444538,E01027027,1,3,0,0,Dry,Single carriageway,None,30,21:42:00,Rural,Fine no high winds,No,16 - 20,8,Rural,9,1198,None,None,Other/Not known (2005-10),Not at or within 20 metres of junction,,POLO E,Petrol,Male,None,No tow/articulation,Did not leave carriageway,0,Going ahead other,1,Car,No,Front,2019
200830C000684,Unclassified,0,NA,0,Serious,None,26-06-2020,Wednesday,1,Data missing or out of range,Not at junction or within 20 metres,26.72632966,Darkness - lights lit,441660,359950,94.18857016,E01019820,1,1,0,0,Dry,Single carriageway,None,30,21:40:00,Rural,Fine no high winds,No,16 - 20,8,Rural,7,1242,None,None,Other/Not known (2005-10),Not at or within 20 metres of junction,,PUNTO ELX 8V,Petrol,Male,None,No tow/articulation,Did not leave carriageway,0,Reversing,1,Car,No,Back,2019
200837L015410,Unclassified,4091,NA,0,Serious,None,29-05-2020,Sunday,1,Data missing or out of range,Not at junction or within 20 metres,25.7859812,Darkness - lights lit,653670,294790,87.49019312,E01030279,1,3,0,0,Dry,Single carriageway,None,30,20:52:00,Urban,Fine no high winds,No,16 - 20,8,Urban area,1,49,None,None,Other/Not known (2005-10),Not at or within 20 metres of junction,,UX50 WY,Petrol,Male,None,No tow/articulation,Did not leave carriageway,0,Going ahead other,2,Motorcycle 50cc and under,No,Nearside,2019
20094100F0301,Unclassified,57,Unclassified,645,Serious,None,18-04-2021,Sunday,1,Give way or uncontrolled,T or staggered junction,15.22835224,Darkness - lights lit,511870,215140,74.15047404,E01023691,1,1,0,0,Dry,Single carriageway,None,30,03:14:00,Urban,Fine no high winds,No,16 - 20,8,Urban area,10,973,None,Tree,Commuting to/from work,Approaching junction or waiting/parked at junction approach,,CORSA CLUB 12V,Petrol,Male,Skidded and overturned,No tow/articulation,Offside,0,Going ahead right-hand bend,1,Car,No,Front,2019
20083102C2354,B,6004,Unclassified,0,Serious,None,16-12-2019,Thursday,1,Give way or uncontrolled,T or staggered junction,15.1899784,Darkness - lights lit,452010,342030,73.98514552,E01013866,3,2,0,1,Dry,Single carriageway,None,30,22:30:00,Urban,Fine no high winds,No,16 - 20,8,Urban area,1,124,None,None,Other/Not known (2005-10),Mid Junction - on roundabout or on main road,,GN 125 X,Petrol,Male,None,No tow/articulation,Nearside,0,Going ahead other,1,Motorcycle 125cc and under,No,Front,2019