Accident_Index,1st_Road_Class,1st_Road_Number,2nd_Road_Class,2nd_Road_Number,Accident_Severity,Carriageway_Hazards,Date,Day_of_Week,Did_Police_Officer_Attend_Scene_of_Accident,Junction_Control,Junction_Detail,Latitude,Light_Conditions,Location_Easting_OSGR,Location_Northing_OSGR,Longitude,LSOA_of_Accident_Location,Number_of_Casualties,Number_of_Vehicles,Pedestrian_Crossing-Human_Control,Pedestrian_Crossing-Physical_Facilities,Road_Surface_Conditions,Road_Type,Special_Conditions_at_Site,Speed_limit,Time,Urban_or_Rural_Area,Weather_Conditions,InScotland,Age_Band_of_Driver,Age_of_Vehicle,Driver_Home_Area_Type,Driver_IMD_Decile,Engine_Capacity_.CC.,Hit_Object_in_Carriageway,Hit_Object_off_Carriageway,Journey_Purpose_of_Driver,Junction_Location,make,model,Propulsion_Code,Sex_of_Driver,Skidding_and_Overturning,Towing_and_Articulation,Vehicle_Leaving_Carriageway,Vehicle_Location.Restricted_Lane,Vehicle_Manoeuvre,Vehicle_Reference,Vehicle_Type,Was_Vehicle_Left_Hand_Drive,X1st_Point_of_Impact,Year
201042I258708,A,13,Unclassified,0,Serious,None,14-06-2020,Wednesday,1,Give way or uncontrolled,Other junction,22.99308875,Darkness - lights lit,582830,186530,72.56804529,E01015913,1,2,0,0,Dry,Single carriageway,None,30,22:25:00,Urban,Fine no high winds,No,16 - 20,8,Urban area,7,1149,None,None,Commuting to/from work,Approaching junction or waiting/parked at junction approach,,CLIO DYNAMIQUE 16V,Petrol,Male,None,No tow/articulation,Did not leave carriageway,0,Waiting to turn left,1,Car,No,Back,2019
200963CP13409,A,478,NA,0,Serious,None,06-04-2021,Saturday,1,Data missing or out of range,Not at junction or within 20 metres,12.9731164,Darkness - lights lit,212100,221690,77.59137736,W01000583,1,3,0,0,Wet or damp,Single carriageway,None,30,03:30:00,Rural,Fine no high winds,No,16 - 20,8,Rural,NA,1587,Parked vehicle,None,Other/Not known (2005-10),Not at or within 20 metres of junction,,SAXO VTR,Petrol,Male,Skidded,No tow/articulation,Nearside,0,Going ahead other,2,Car,No,Front,2019
200911NF28029,Unclassified,0,Unclassified,0,Serious,None,07-04-2019,Friday,1,Give way or uncontrolled,T or staggered junction,8.870910128,Darkness - lights lit,443000,549180,76.65395741,E01020784,1,2,0,0,Dry,Single carriageway,None,30,17:55:00,Urban,Fine no high winds,No,16 - 20,8,Urban area,2,1587,None,None,Other/Not known (2005-10),Entering main road,,307 LX 16V,Petrol,Male,None,No tow/articulation,Did not leave carriageway,0,Turning right,1,Car,No,Front,2020
200997KB02709,Unclassified,0,Unclassified,0,Serious,None,11-03-2019,Saturday,1,Give way or uncontrolled,More than 4 arms (not roundabout),8.883121832,Darkness - lights lit,244360,664310,76.67084637,,1,2,0,0,Dry,Single carriageway,Road sign or marking defective or obscured,30,23:35:00,Urban,Fine no high winds,Yes,16 - 20,8,Urban area,NA,1242,None,None,Other/Not known (2005-10),Entering main road,,PUNTO MIA,Petrol,Male,None,No tow/articulation,Did not leave carriageway,0,Going ahead other,1,Car,No,Front,2020
200742I197005,B,1016,NA,0,Serious,None,20-10-2020,Wednesday,1,Not at junction or within 20 metres,Not at junction or within 20 metres,26.4581298,Darkness - lights lit,590010,184780,74.63111086,E01015891,1,2,0,0,Dry,Single carriageway,None,30,21:30:00,Urban,Fine no high winds,No,16 - 20,8,Urban area,1,125,None,None,Other/Not known (2005-10),Not at or within 20 metres of junction,,,Petrol,Male,None,No tow/articulation,Did not leave carriageway,0,Going ahead other,1,Motorcycle 125cc and under,No,Front,2020
200820D245902,A,453,B,4138,Serious,None,12-04-2019,Tuesday,1,Auto traffic signal,T or staggered junction,28.5943876,Darkness - lights lit,407490,292510,77.116914,E01009232,1,2,0,0,Dry,Dual carriageway,None,30,22:00:00,Urban,Fine no high winds,No,16 - 20,8,Urban area,4,1124,None,None,Other/Not known (2005-10),Mid Junction - on roundabout or on main road,,SAXO FORTE,Petrol,Male,None,No tow/articulation,Did not leave carriageway,0,Turning right,1,Car,No,Front,2020
200904FA09091,A,682,Unclassified,0,Serious,None,22-10-2021,Saturday,1,Give way or uncontrolled,T or staggered junction,28.63223075,Darkness - lights lit,384680,434710,77.08595486,E01024898,1,1,0,0,Dry,Single carriageway,None,30,22:41:00,Urban,Fine no high winds,No,16 - 20,8,Urban area,3,1896,None,None,Other/Not known (2005-10),Approaching junction or waiting/parked at junction approach,,PASSAT S TDI,Heavy oil,Male,None,No tow/articulation,Did not leave carriageway,0,Going ahead other,1,Car,No,Front,2020
2009559C00437,Unclassified,0,Unclassified,0,Serious,None,30-04-2020,Saturday,1,Give way or uncontrolled,T or staggered junction,28.6729591,Darkness - lights lit,410210,95080,77.36736501,E01015349,1,1,0,0,Dry,Single carriageway,None,30,03:40:00,Urban,Fine no high winds,No,16 - 20,8,Urban area,1,1596,None,None,Other/Not known (2005-10),Approaching junction or waiting/parked at junction approach,,FIESTA FREESTYLE,Petrol,Male,None,No tow/articulation,Did not leave carriageway,0,Going ahead other,1,Car,No,Front,2021
200930D000270,A,608,NA,0,Serious,None,27-11-2019,Saturday,1,Data missing or out of range,Not at junction or within 20 metres,18.57638832,Darkness - lights lit,437160,339140,73.821432,E01013575,4,1,0,0,Wet or damp,Single carriageway,None,30,01:00:00,Urban,Fine no high winds,No,16 - 20,8,Urban area,4,1587,None,Lamp post,Other/Not known (2005-10),Not at or within 20 metres of junction,,SAXO VTR,Petrol,Male,Skidded,No tow/articulation,Offside,0,Going ahead right-hand bend,1,Car,No,Nearside,2021
200801QA19083,A,5,Unclassified,0,Serious,None,09-12-2021,Wednesday,1,Give way or uncontrolled,T or staggered junction,30.18413998,Darkness - lights lit,519400,191380,80.81900471,E01002119,3,2,0,0,Wet or damp,Dual carriageway,None,30,19:00:00,Urban,Fine no high winds,No,16 - 20,8,Urban area,5,1242,None,None,Other/Not known (2005-10),Mid Junction - on roundabout or on main road,,PUNTO ELX 16V,Petrol,Male,None,No tow/articulation,Did not leave carriageway,0,Going ahead other,1,Car,No,Front,2021
200842I024801,Unclassified,0,Unclassified,0,Serious,None,25-04-2019,Thursday,2,Auto traffic signal,T or staggered junction,27.08990035,Darkness - lights lit,580350,192590,93.62872059,E01021918,1,1,0,0,Dry,Single carriageway,None,30,18:30:00,Urban,Fine no high winds,No,16 - 20,8,Urban area,9,1124,None,None,Other/Not known (2005-10),Mid Junction - on roundabout or on main road,,SAXO FORTE,Petrol,Male,None,No tow/articulation,Did not leave carriageway,0,Turning right,1,Car,No,Front,2019
200745SU15891,B,3411,Unclassified,3533,Serious,None,28-01-2019,Monday,1,Give way or uncontrolled,Other junction,27.10609365,Darkness - lights lit,486830,159490,93.61694439,E01030803,2,2,0,0,Dry,Single carriageway,None,30,20:03:00,Urban,Fine no high winds,No,16 - 20,8,Urban area,2,738,None,None,Other/Not known (2005-10),Approaching junction or waiting/parked at junction approach,,ZR750-F1,Petrol,Male,None,No tow/articulation,Did not leave carriageway,0,Going ahead other,2,Motorcycle over 500cc,No,Front,2019
200801CW11732,A,501,C,0,Serious,None,16-08-2021,Sunday,1,Auto traffic signal,T or staggered junction,27.1012886,Darkness - lights lit,529990,182750,93.63124347,E01000956,1,1,0,5,Dry,Dual carriageway,None,30,00:25:00,Urban,Fine no high winds,No,16 - 20,8,Urban area,10,1595,None,None,Other/Not known (2005-10),Cleared junction or waiting/parked at junction exit,,A3 1.6,Petrol,Male,None,No tow/articulation,Did not leave carriageway,0,Going ahead other,1,Car,No,Nearside,2019
20074100K0740,Unclassified,31,A,121,Serious,None,22-01-2019,Sunday,1,Auto traffic signal,T or staggered junction,27.08809498,Darkness - lights lit,536690,200350,93.61761859,E01023338,1,1,0,0,Wet or damp,Single carriageway,None,30,01:05:00,Urban,Fine no high winds,No,16 - 20,8,Small town,8,142,None,None,Commuting to/from work,Approaching junction or waiting/parked at junction approach,,XV125,Petrol,Male,Skidded,No tow/articulation,Did not leave carriageway,0,Slowing or stopping,1,Motorcycle 125cc and under,No,Nearside,2019
201001LX51128,Unclassified,0,Unclassified,0,Serious,None,08-12-2010,Wednesday,1,Give way or uncontrolled,T or staggered junction,51.497673,Darkness - lights lit,531050,179330,-0.113463,E01003014,1,2,0,0,Dry,Single carriageway,None,30,15:45:00,Urban,Fine no high winds,No,16 - 20,8,Urban area,2,124,None,None,Other/Not known (2005-10),Mid Junction - on roundabout or on main road,PIAGGIO,TYPHOON 125,Petrol,Male,None,No tow/articulation,Did not leave carriageway,0,Slowing or stopping,1,Motorcycle 125cc and under,No,Back,2010
201004CK10050,Unclassified,0,NA,0,Serious,None,16-03-2010,Tuesday,1,Data missing or out of range,Not at junction or within 20 metres,53.597048,Darkness - lights lit,343070,411510,-2.861697,E01025487,2,1,0,0,Dry,Single carriageway,None,30,21:05:00,Rural,Fine no high winds,No,16 - 20,8,Small town,7,1497,None,Lamp post,Other/Not known (2005-10),Not at or within 20 metres of junction,NISSAN,ALMERA S,Petrol,Male,Skidded,No tow/articulation,Nearside,0,Going ahead right-hand bend,1,Car,No,Front,2010
201004EN10132,Unclassified,0,Unclassified,0,Serious,None,23-12-2010,Thursday,1,Give way or uncontrolled,T or staggered junction,53.873038,Darkness - lights lit,374630,441940,-2.387347,E01025347,1,1,0,0,Frost or ice,Single carriageway,None,30,22:30:00,Urban,Fine no high winds,No,16 - 20,8,Urban area,10,1124,None,None,Other/Not known (2005-10),Approaching junction or waiting/parked at junction approach,PEUGEOT,106 XN ZEST 2,Petrol,Male,Skidded,No tow/articulation,Did not leave carriageway,0,Going ahead other,1,Car,No,Front,2010
201014A198710,B,1220,Unclassified,0,Serious,None,11-12-2010,Saturday,1,Give way or uncontrolled,T or staggered junction,53.586121,Darkness - lights lit,453350,410250,-1.195561,E01007469,1,2,0,0,Dry,Single carriageway,None,30,17:15:00,Rural,Fine no high winds,No,16 - 20,8,Rural,5,1587,None,None,Other/Not known (2005-10),Approaching junction or waiting/parked at junction approach,CITROEN,SAXO VTR,Petrol,Male,None,No tow/articulation,Did not leave carriageway,0,Waiting to go - held up,2,Car,No,Front,2010
200804CL08122,Unclassified,0,Unclassified,0,Serious,None,14-04-2019,Monday,1,Give way or uncontrolled,T or staggered junction,28.41703293,Darkness - lights lit,354340,420760,77.02264023,E01025435,1,2,0,0,Dry,Single carriageway,None,30,16:40:00,Rural,Fine no high winds,No,16 - 20,8,Urban area,6,1390,None,None,Other/Not known (2005-10),Mid Junction - on roundabout or on main road,,CLIO ALIZE,Petrol,Female,None,No tow/articulation,Did not leave carriageway,0,Going ahead other,2,Car,No,Front,2019
200805BB27028,Unclassified,0,NA,0,Serious,None,16-10-2020,Monday,1,Data missing or out of range,Not at junction or within 20 metres,13.02751518,Darkness - lights lit,332190,399620,77.54976815,E01007105,4,3,0,0,Dry,Single carriageway,None,30,01:00:00,Urban,Fine no high winds,No,16 - 20,8,Urban area,6,1124,None,None,Other/Not known (2005-10),Not at or within 20 metres of junction,,SAXO FORTE,Petrol,Female,None,No tow/articulation,Did not leave carriageway,0,Going ahead other,2,Car,No,Front,2019
201043R026040,A,322,Unclassified,7302,Serious,None,13-11-2020,Friday,1,Auto traffic signal,Crossroads,22.73934001,Darkness - lights lit,497400,179500,75.87597103,E01016462,1,1,0,4,Dry,Single carriageway,None,30,19:55:00,Urban,Fine no high winds,No,16 - 20,8,Urban area,3,1198,None,None,Other/Not known (2005-10),Mid Junction - on roundabout or on main road,,POLO E,Petrol,Female,None,No tow/articulation,Did not leave carriageway,0,Turning right,1,Car,No,Front,2020
200901PL60531,A,20,Unclassified,0,Serious,None,05-12-2021,Tuesday,1,Give way or uncontrolled,T or staggered junction,18.57371458,Darkness - lights lit,536990,176440,73.84418966,E01003210,1,2,0,0,Dry,Single carriageway,None,30,21:50:00,Urban,Fine no high winds,No,16 - 20,8,Urban area,5,1242,None,None,Other/Not known (2005-10),Approaching junction or waiting/parked at junction approach,,FIESTA FREESTYLE,Petrol,Female,None,No tow/articulation,Did not leave carriageway,0,Going ahead other,1,Car,No,Front,2021
200911SA06419,C,42,A,68,Serious,None,29-05-2019,Tuesday,1,Give way or uncontrolled,Mini-roundabout,19.0953562,Darkness - lights lit,418240,526370,72.86421837,E01020895,2,1,0,0,Wet or damp,Roundabout,None,30,21:55:00,Urban,Fine no high winds,No,16 - 20,8,Urban area,4,1997,None,Other permanent object,Other/Not known (2005-10),Leaving roundabout,,307 LX HDI,Heavy oil,Female,None,No tow/articulation,Offside and rebounded,0,Turning left,1,Car,No,Front,2021
200942I356610,B,1024,NA,,Serious,None,22-02-2020,Wednesday,1,Give way or uncontrolled,Other junction,28.58187194,Darkness - lights lit,585150,221500,77.31199492,E01021379,4,1,0,0,Wet or damp,Single carriageway,None,30,23:16:00,Rural,Fog or mist,No,16 - 20,8,Small town,10,1242,None,Other permanent object,Other/Not known (2005-10),Approaching junction or waiting/parked at junction approach,,FIESTA GHIA 16V,Petrol,Male,Skidded and overturned,No tow/articulation,Offside,0,Going ahead left-hand bend,1,Car,No,Nearside,2021
200914K142809,Unclassified,0,NA,0,Serious,None,05-06-2020,Saturday,1,Not at junction or within 20 metres,Not at junction or within 20 metres,15.20262836,Darkness - lights lit,438050,390780,74.0401788,E01007853,3,7,0,0,Wet or damp,Single carriageway,None,30,00:45:00,Urban,Other,No,16 - 20,8,Urban area,2,1396,None,None,Other/Not known (2005-10),Not at or within 20 metres of junction,,25 IMPRESSION,Petrol,Male,None,No tow/articulation,Did not leave carriageway,0,Going ahead other,1,Car,No,Front,2019
200904CJ09084,B,5246,Unclassified,0,Serious,None,25-04-2019,Monday,1,Give way or uncontrolled,Other junction,19.17976074,Darkness - lights lit,349280,411440,72.88721721,E01025511,4,1,0,0,Snow,Single carriageway,None,30,00:08:00,Rural,Other,No,16 - 20,8,Data missing or out of range,NA,1598,None,Tree,Other/Not known (2005-10),Approaching junction or waiting/parked at junction approach,,ASTRA LS 8V,Petrol,Female,Skidded,No tow/articulation,Nearside,0,Going ahead right-hand bend,1,Car,No,Offside,2021
200920D281703,Unclassified,0,Unclassified,0,Serious,None,06-09-2021,Friday,1,Give way or uncontrolled,T or staggered junction,22.75662385,Darkness - lights lit,413780,289070,75.82868273,E01009088,3,2,0,0,Wet or damp,Single carriageway,None,30,19:40:00,Urban,Raining + high winds,No,16 - 20,8,Urban area,2,1124,Parked vehicle,None,Other/Not known (2005-10),Approaching junction or waiting/parked at junction approach,,SAXO FIRST,Petrol,Female,Skidded,No tow/articulation,Did not leave carriageway,0,Overtaking static vehicle - offside,1,Car,No,Front,2020
200904DF09003,Unclassified,6241,Unclassified,0,Serious,None,01-09-2021,Wednesday,1,Give way or uncontrolled,T or staggered junction,27.09825704,Darkness - lights lit,355630,431870,93.63435101,E01025237,3,1,0,0,Wet or damp,Single carriageway,None,30,23:40:00,Urban,Raining no high winds,No,16 - 20,8,Urban area,2,1588,None,Tree,Other/Not known (2005-10),Approaching junction or waiting/parked at junction approach,,25 IXL,Petrol,Male,Skidded,No tow/articulation,Nearside and rebounded,0,Going ahead other,1,Car,No,Front,2019
200742I486611,Unclassified,0,Unclassified,0,Serious,None,31-08-2020,Tuesday,1,Give way or uncontrolled,T or staggered junction,25.76727439,Darkness - lights lit,561930,177810,87.45579628,E01015952,1,3,0,0,Wet or damp,Dual carriageway,None,30,18:40:00,Urban,Raining no high winds,No,16 - 20,8,Urban area,3,598,None,None,Other/Not known (2005-10),Mid Junction - on roundabout or on main road,,,Petrol,Male,Skidded,No tow/articulation,Did not leave carriageway,0,Going ahead other,1,Motorcycle over 500cc,No,Offside,2019
2009160D05110,A,1105,Unclassified,0,Serious,None,06-07-2020,Thursday,1,Auto traffic signal,T or staggered junction,15.31722726,Darkness - lights lit,508840,428650,73.96469868,E01012855,1,2,0,5,Wet or damp,Dual carriageway,None,30,22:24:00,Urban,Raining no high winds,No,16 - 20,8,Urban area,6,1242,None,None,Commuting to/from work,Mid Junction - on roundabout or on main road,,PUNTO MIA,Petrol,Male,None,No tow/articulation,Did not leave carriageway,0,Going ahead left-hand bend,1,Car,No,Front,2019
20094100C0684,A,4125,NA,0,Serious,None,16-06-2020,Saturday,1,Not at junction or within 20 metres,Not at junction or within 20 metres,23.04030562,Darkness - lights lit,509830,193940,72.55624217,E01023845,5,2,0,0,Wet or damp,Single carriageway,None,30,23:05:00,Rural,Raining no high winds,No,16 - 20,8,Urban area,5,1199,None,Other permanent object,Other/Not known (2005-10),Not at or within 20 metres of junction,,CORSA COMFORT 16V,Petrol,Male,Skidded,No tow/articulation,Offside,0,Going ahead right-hand bend,1,Car,No,Front,2019
200920M004203,Unclassified,0,B,4113,Serious,None,12-04-2020,Wednesday,1,Give way or uncontrolled,T or staggered junction,28.70356136,Darkness - lights lit,434280,281630,77.33418596,E01009567,1,1,0,0,Wet or damp,Single carriageway,None,30,17:40:00,Urban,Raining no high winds,No,16 - 20,8,Urban area,2,999,None,None,Other/Not known (2005-10),Leaving main road,,AMICA GSI,Petrol,Male,None,No tow/articulation,Did not leave carriageway,0,Turning left,1,Car,No,Front,2020
200942I383511,Unclassified,0,NA,0,Serious,None,02-06-2021,Sunday,1,Not at junction or within 20 metres,Not at junction or within 20 metres,28.6908107,Darkness - lights lit,557940,177280,77.21191032,E01016012,5,2,0,0,Wet or damp,Single carriageway,None,30,00:55:00,Urban,Raining no high winds,No,16 - 20,8,Small town,8,973,None,None,Other/Not known (2005-10),Not at or within 20 metres of junction,,CORSA EXPRESSION 12V,Petrol,Male,None,No tow/articulation,Offside,0,Moving off,1,Car,No,Front,2020
200806F086508,B,5320,NA,0,Serious,None,14-04-2020,Sunday,1,Not at junction or within 20 metres,Not at junction or within 20 metres,18.60153019,Darkness - lights lit,371590,393470,73.87421268,E01005621,1,1,0,4,Wet or damp,Single carriageway,None,30,23:15:00,Urban,Raining no high winds,No,16 - 20,8,Urban area,5,1242,None,None,Other/Not known (2005-10),Not at or within 20 metres of junction,,PUNTO ELX 8V,Petrol,Male,None,No tow/articulation,Did not leave carriageway,0,Going ahead other,1,Car,No,Nearside,2021
200950AC3C054,Unclassified,0,Unclassified,0,Serious,None,05-11-2019,Friday,3,Give way or uncontrolled,Crossroads,18.57061963,Darkness - lights lit,168930,41310,73.84858266,E01018895,1,4,0,0,Wet or damp,Single carriageway,None,30,20:41:00,Urban,Raining no high winds,No,16 - 20,8,Urban area,4,1199,Parked vehicle,None,Other/Not known (2005-10),Approaching junction or waiting/parked at junction approach,,CORSA COMFORT 16V,Petrol,Male,Skidded,No tow/articulation,Did not leave carriageway,0,Going ahead other,1,Car,No,Nearside,2021
200920H003501,Unclassified,0,Unclassified,0,Serious,None,13-11-2020,Saturday,1,Give way or uncontrolled,Mini-roundabout,14.79799945,Darkness - lights lit,399360,299440,78.52587384,E01010267,4,4,0,0,Wet or damp,Single carriageway,None,30,23:46:00,Urban,Raining no high winds,No,16 - 20,8,Urban area,4,998,None,None,Commuting to/from work,Mid Junction - on roundabout or on main road,,MICRA ACTIV,Petrol,Male,None,No tow/articulation,Did not leave carriageway,0,Turning right,2,Car,No,Nearside,2019
201014A110010,C,96,NA,0,Serious,None,15-07-2010,Thursday,1,Not at junction or within 20 metres,Not at junction or within 20 metres,53.494357,Darkness - lights lit,463110,400160,-1.050177,E01007606,4,1,0,0,Wet or damp,Single carriageway,None,30,23:10:00,Urban,Raining no high winds,No,16 - 20,8,Rural,6,1896,Kerb,Other permanent object,Other/Not known (2005-10),Not at or within 20 metres of junction,VOLKSWAGEN,GOLF GT TDI,Heavy oil,Male,Skidded,No tow/articulation,Nearside,0,Going ahead right-hand bend,1,Car,No,Nearside,2010
200811NG10428,C,80,Unclassified,0,Serious,None,10-01-2019,Sunday,1,Give way or uncontrolled,T or staggered junction,14.69369939,Darkness - lights lit,429000,549120,78.60792146,E01020608,2,1,0,0,Wet or damp,Single carriageway,None,30,20:55:00,Rural,Raining no high winds,No,16 - 20,8,Small town,2,1390,Kerb,Lamp post,Other/Not known (2005-10),Approaching junction or waiting/parked at junction approach,,CLIO ALIZE,Petrol,Female,None,No tow/articulation,Nearside,0,Going ahead right-hand bend,1,Car,No,Front,2019
201006F033633,Unclassified,0,Unclassified,0,Serious,None,10-07-2010,Saturday,1,Give way or uncontrolled,T or staggered junction,53.487324,Darkness - lights lit,377860,399010,-2.335145,E01005635,1,2,0,0,Wet or damp,Single carriageway,None,30,21:40:00,Urban,Raining no high winds,No,16 - 20,8,Urban area,2,1198,None,None,Other/Not known (2005-10),Mid Junction - on roundabout or on main road,VOLKSWAGEN,POLO E,Petrol,Female,None,No tow/articulation,Did not leave carriageway,0,Going ahead other,2,Car,No,Front,2010
200997AE00902,Unclassified,0,NA,0,Serious,None,03-08-2019,Sunday,1,Data missing or out of range,Not at junction or within 20 metres,16.33758802,Darkness - lights lit,252090,668570,77.31441004,,1,1,0,0,Snow,Single carriageway,None,30,19:45:00,Urban,Snowing no high winds,Yes,16 - 20,8,Urban area,NA,1124,None,None,Other/Not known (2005-10),Not at or within 20 metres of junction,,206 LOOK,Petrol,Female,None,No tow/articulation,Did not leave carriageway,0,Going ahead other,1,Car,No,Front,2021
200750C43F869,Unclassified,0,Unclassified,0,Serious,None,19-05-2021,Tuesday,1,Give way or uncontrolled,Crossroads,14.7751349,Darkness - lights unlit,268690,114240,78.49498223,E01020098,1,2,0,0,Dry,Single carriageway,None,30,18:00:00,Rural,Fine no high winds,No,16 - 20,8,Rural,5,49,None,None,Data missing or out of range,Mid Junction - on roundabout or on main road,,,Petrol,Male,None,No tow/articulation,Did not leave carriageway,0,Going ahead other,2,Motorcycle 50cc and under,No,Front,2019
200737B027471,C,694,Unclassified,8012,Serious,None,15-10-2020,Friday,1,Give way or uncontrolled,T or staggered junction,19.1604228,Darkness - lights unlit,591700,261840,72.93205199,E01030138,1,1,0,0,Wet or damp,Single carriageway,None,30,04:25:00,Rural,Other,No,16 - 20,8,Rural,7,1753,None,Other permanent object,Other/Not known (2005-10),Cleared junction or waiting/parked at junction exit,,FIESTA COURIER KOMBI D,Heavy oil,Male,None,No tow/articulation,Straight ahead at junction,0,Going ahead other,1,Van / Goods 3.5 tonnes mgw or under,No,Front,2021
200943P032109,Unclassified,256,NA,0,Serious,None,18-02-2019,Friday,1,Data missing or out of range,Not at junction or within 20 metres,28.72713815,Darkness - no lighting,458180,204420,77.26130786,E01028683,4,1,0,0,Dry,Single carriageway,None,30,23:30:00,Rural,Fine no high winds,No,16 - 20,8,Urban area,2,1497,None,Entered ditch,Other/Not known (2005-10),Not at or within 20 metres of junction,,ALMERA ACTIV,Petrol,Male,None,No tow/articulation,Offside,0,Going ahead other,1,Car,No,Front,2020
200901KD50327,C,0,NA,0,Serious,None,28-12-2019,Saturday,1,Data missing or out of range,Not at junction or within 20 metres,14.80389845,Darkness - no lighting,556180,183650,78.50416077,E01002385,2,2,0,0,Wet or damp,Single carriageway,None,30,23:35:00,Rural,Fine no high winds,No,16 - 20,8,Urban area,9,1999,None,Entered ditch,Other/Not known (2005-10),Not at or within 20 metres of junction,,MONDEO ZETEC,Petrol,Male,Skidded,No tow/articulation,Nearside,0,Going ahead other,1,Car,No,Nearside,2019
201043N090100,B,416,NA,,Serious,None,15-04-2019,Saturday,1,Give way or uncontrolled,Private drive or entrance,25.78337192,Darkness - no lighting,498200,182960,87.4568098,E01017832,1,2,0,0,Dry,Single carriageway,None,30,22:20:00,Urban,Fine no high winds,No,16 - 20,8,Urban area,7,49,None,None,Other/Not known (2005-10),Approaching junction or waiting/parked at junction approach,,NRG,Petrol,Female,None,No tow/articulation,Nearside,0,Going ahead left-hand bend,2,Motorcycle 50cc and under,No,Offside,2019
201036T100128,C,285,NA,0,Serious,None,09-12-2019,Sunday,1,Data missing or out of range,Not at junction or within 20 metres,28.66006713,Darkness - no lighting,632490,314880,77.29115003,E01026504,1,1,0,0,Wet or damp,Single carriageway,None,30,00:15:00,Rural,Fine no high winds,No,16 - 20,8,Urban area,6,49,None,Other permanent object,Other/Not known (2005-10),Not at or within 20 metres of junction,,TYPHOON 50,Petrol,Female,Overturned,No tow/articulation,Nearside,0,Going ahead other,1,Motorcycle 50cc and under,No,Nearside,2020
201042I105604,Unclassified,0,NA,0,Serious,None,03-09-2019,Saturday,1,Not at junction or within 20 metres,Not at junction or within 20 metres,28.70271211,Darkness - no lighting,538800,199020,77.29537164,E01021806,1,1,0,0,Dry,Single carriageway,None,30,04:12:00,Rural,Fine no high winds,No,16 - 20,8,Data missing or out of range,NA,1994,None,Other permanent object,Other/Not known (2005-10),Not at or within 20 metres of junction,,VECTRA LS DTI 16V,Heavy oil,Female,Skidded,No tow/articulation,Nearside,0,Going ahead other,1,Car,No,Front,2021
200937B043354,Unclassified,7414,NA,0,Serious,Any animal in carriageway (except ridden horse),09-10-2021,Monday,1,Data missing or out of range,Not at junction or within 20 metres,14.68990504,Darkness - no lighting,585590,259180,78.6262942,E01030100,3,1,0,0,Dry,Single carriageway,None,30,22:20:00,Rural,Fine no high winds,No,16 - 20,8,Urban area,6,973,None,Tree,Other/Not known (2005-10),Not at or within 20 metres of junction,,CORSA CLUB 12V,Petrol,Female,None,No tow/articulation,Offside,0,Going ahead left-hand bend,1,Car,No,Front,2019
200901TX20502,A,315,Unclassified,0,Serious,None,04-07-2019,Friday,1,Give way or uncontrolled,T or staggered junction,27.0931296,Daylight,512540,175200,93.629281,E01002664,1,2,0,0,Dry,Single carriageway,None,30,17:30:00,Urban,Fine + high winds,No,16 - 20,8,Urban area,4,1199,None,None,Other/Not known (2005-10),Approaching junction or waiting/parked at junction approach,,CORSA SXI 16V SEMI-AUTO,Petrol,Female,None,No tow/articulation,Did not leave carriageway,0,Moving off,2,Car,No,Nearside,2019
200845WO19759,Unclassified,7321,Unclassified,0,Serious,None,19-04-2021,Friday,1,Give way or uncontrolled,T or staggered junction,14.78210081,Daylight,496100,158160,78.49333155,E01030979,1,2,0,0,Dry,Single carriageway,None,30,13:20:00,Urban,Fine no high winds,No,16 - 20,8,Urban area,8,125,None,Other permanent object,Other/Not known (2005-10),Approaching junction or waiting/parked at junction approach,,,Petrol,Male,None,No tow/articulation,Offside,0,Overtaking moving vehicle - offside,1,Motorcycle 125cc and under,No,Front,2019
200804CJ08041,Unclassified,0,Unclassified,0,Serious,None,17-08-2019,Saturday,1,Give way or uncontrolled,T or staggered junction,27.10594683,Daylight,352430,404430,93.61556851,E01025537,1,2,0,0,Dry,Single carriageway,None,30,14:45:00,Rural,Fine no high winds,No,16 - 20,8,Urban area,4,125,None,None,Other/Not known (2005-10),Approaching junction or waiting/parked at junction approach,,,Petrol,Male,None,No tow/articulation,Did not leave carriageway,0,Going ahead other,1,Motorcycle 125cc and under,No,Front,2019
200801XD80693,A,406,Unclassified,0,Serious,None,17-03-2019,Wednesday,2,Give way or uncontrolled,Private drive or entrance,27.1033637,Daylight,518650,180230,93.63456007,E01001234,1,2,0,0,Dry,Single carriageway,None,30,08:15:00,Urban,Fine no high winds,No,16 - 20,8,Urban area,8,124,None,None,Other/Not known (2005-10),Mid Junction - on roundabout or on main road,,COGUAR,Petrol,Male,None,No tow/articulation,Did not leave carriageway,0,Going ahead other,1,Motorcycle 125cc and under,No,Nearside,2019