Accident_Index,1st_Road_Class,1st_Road_Number,2nd_Road_Class,2nd_Road_Number,Accident_Severity,Carriageway_Hazards,Date,Day_of_Week,Did_Police_Officer_Attend_Scene_of_Accident,Junction_Control,Junction_Detail,Latitude,Light_Conditions,Location_Easting_OSGR,Location_Northing_OSGR,Longitude,LSOA_of_Accident_Location,Number_of_Casualties,Number_of_Vehicles,Pedestrian_Crossing-Human_Control,Pedestrian_Crossing-Physical_Facilities,Road_Surface_Conditions,Road_Type,Special_Conditions_at_Site,Speed_limit,Time,Urban_or_Rural_Area,Weather_Conditions,InScotland,Age_Band_of_Driver,Age_of_Vehicle,Driver_Home_Area_Type,Driver_IMD_Decile,Engine_Capacity_.CC.,Hit_Object_in_Carriageway,Hit_Object_off_Carriageway,Journey_Purpose_of_Driver,Junction_Location,make,model,Propulsion_Code,Sex_of_Driver,Skidding_and_Overturning,Towing_and_Articulation,Vehicle_Leaving_Carriageway,Vehicle_Location.Restricted_Lane,Vehicle_Manoeuvre,Vehicle_Reference,Vehicle_Type,Was_Vehicle_Left_Hand_Drive,X1st_Point_of_Impact,Year
201001TB00450,Unclassified,0,Unclassified,0,Serious,None,10-08-2010,Tuesday,1,Give way or uncontrolled,T or staggered junction,51.434746,Daylight,547930,172790,0.12681,E01000387,2,1,0,0,Wet or damp,Single carriageway,None,30,17:50:00,Urban,Raining no high winds,No,16 - 20,8,Urban area,8,1794,Kerb,Other permanent object,Other/Not known (2005-10),Cleared junction or waiting/parked at junction exit,TOYOTA,MR2 ROADSTER VVTI,Petrol,Male,None,No tow/articulation,Nearside,0,Going ahead other,1,Car,No,Front,2010
201006M036504,C,0,Unclassified,0,Serious,None,19-09-2010,Sunday,1,Give way or uncontrolled,T or staggered junction,53.474692,Daylight,378860,397600,-2.319979,E01006121,1,2,0,0,Wet or damp,Single carriageway,None,30,11:50:00,Urban,Raining no high winds,No,16 - 20,8,Urban area,9,1149,None,None,Other/Not known (2005-10),Cleared junction or waiting/parked at junction exit,RENAULT,CLIO DYNAMIQUE 16V,Petrol,Male,Skidded,No tow/articulation,Did not leave carriageway,0,Going ahead right-hand bend,1,Car,No,Nearside,2010
201042I053202,Unclassified,0,Unclassified,0,Serious,None,25-01-2019,Wednesday,1,Give way or uncontrolled,T or staggered junction,26.74441395,Daylight,586790,187530,94.22615791,E01015860,1,2,0,0,Snow,Single carriageway,None,30,14:50:00,Urban,Snowing no high winds,No,16 - 20,8,Urban area,8,49,None,None,Pupil riding to/from school,Cleared junction or waiting/parked at junction exit,,JOG R,Petrol,Male,None,No tow/articulation,Did not leave carriageway,0,Going ahead other,1,Motorcycle 50cc and under,No,Front,2019
200945WA44247,Unclassified,153,NA,0,Serious,None,31-07-2019,Friday,1,Data missing or out of range,Not at junction or within 20 metres,23.04561666,Daylight,495750,135950,72.52540549,E01030868,1,2,0,0,Dry,One way street,None,30,17:03:00,Rural,Unknown,No,16 - 20,8,Rural,10,49,None,None,Other/Not known (2005-10),Not at or within 20 metres of junction,,TS 50 ERKX,Petrol,Male,None,No tow/articulation,Did not leave carriageway,0,Going ahead other,2,Motorcycle 50cc and under,No,Front,2019
200930C000539,Unclassified,0,Unclassified,0,Serious,None,22-03-2021,Wednesday,2,Give way or uncontrolled,T or staggered junction,23.0248287,Daylight,443770,374400,72.61288395,E01019565,1,2,0,0,Wet or damp,Single carriageway,None,30,08:35:00,Urban,Unknown,No,16 - 20,8,Urban area,2,1242,None,None,Other/Not known (2005-10),Approaching junction or waiting/parked at junction approach,,FIESTA LX ZETEC,Petrol,Female,None,No tow/articulation,Did not leave carriageway,0,Going ahead other,2,Car,No,Front,2019
200906C021497,B,5093,Unclassified,0,Serious,None,20-08-2020,Thursday,2,Give way or uncontrolled,T or staggered junction,28.54282026,Daylight,384940,392420,77.29481216,E01005277,1,1,0,0,Dry,Single carriageway,None,30,07:45:00,Urban,Unknown,No,16 - 20,8,Urban area,7,1686,None,None,Commuting to/from work,Approaching junction or waiting/parked at junction approach,,CORSA ELEGANCE DTI,Heavy oil,Female,None,No tow/articulation,Did not leave carriageway,0,Going ahead other,1,Car,No,Nearside,2020
200906N020669,A,6053,C,0,Serious,None,27-12-2019,Tuesday,1,Give way or uncontrolled,Mini-roundabout,14.80294019,Darkness - lights lit,378880,407450,78.62426118,E01004994,1,2,0,0,Dry,Roundabout,None,30,20:20:00,Urban,Fine no high winds,No,21 - 25,8,Urban area,1,125,None,None,Other/Not known (2005-10),Entering roundabout,,,Petrol,Male,Skidded,No tow/articulation,Did not leave carriageway,0,Going ahead other,1,Motorcycle 125cc and under,No,Front,2019
200750E31C478,A,374,Unclassified,0,Serious,None,24-05-2021,Tuesday,1,Auto traffic signal,More than 4 arms (not roundabout),14.6808068,Darkness - lights lit,247310,54620,78.62829804,E01015152,1,1,0,4,Dry,Single carriageway,None,30,22:41:00,Urban,Fine no high winds,No,21 - 25,8,Urban area,2,1994,None,None,Data missing or out of range,Mid Junction - on roundabout or on main road,,420 I,Petrol,Male,None,No tow/articulation,Did not leave carriageway,0,Going ahead other,1,Car,No,Front,2019
200920L052401,B,4114,NA,0,Serious,None,03-12-2021,Monday,1,Data missing or out of range,Not at junction or within 20 metres,26.72051093,Darkness - lights lit,415050,289340,94.1977359,E01010121,2,2,0,0,Dry,Single carriageway,None,30,05:45:00,Urban,Fine no high winds,No,21 - 25,8,Urban area,3,1599,Bollard or refuge,None,Other/Not known (2005-10),Not at or within 20 metres of junction,,COUPE SE,Petrol,Male,Skidded and overturned,No tow/articulation,Did not leave carriageway,0,Going ahead other,1,Car,No,Nearside,2019
200901SX20878,A,598,A,407,Serious,None,11-04-2020,Saturday,1,Auto traffic signal,More than 4 arms (not roundabout),25.76861265,Darkness - lights lit,525050,186430,87.48762202,E01000140,1,2,0,0,Dry,Single carriageway,None,30,21:00:00,Urban,Fine no high winds,No,21 - 25,8,Data missing or out of range,NA,1587,None,None,Other/Not known (2005-10),Mid Junction - on roundabout or on main road,,XSARA LX 16V,Petrol,Male,None,No tow/articulation,Did not leave carriageway,0,Slowing or stopping,1,Car,No,Nearside,2019
200842I114603,B,1018,NA,0,Serious,None,27-03-2021,Friday,1,Not at junction or within 20 metres,Not at junction or within 20 metres,14.69163015,Daylight,576900,222610,78.48461928,E01021368,3,3,0,0,Wet or damp,Unknown,None,40,09:30:00,Urban,Fine + high winds,No,16 - 20,8,Urban area,3,1124,None,None,Other/Not known (2005-10),Not at or within 20 metres of junction,,106 XN ZEST 2,Petrol,Male,Skidded,No tow/articulation,Did not leave carriageway,0,Overtaking moving vehicle - offside,1,Car,No,Nearside,2019
200905EE02521,A,5058,Unclassified,0,Serious,None,11-02-2021,Saturday,1,Auto traffic signal,More than 4 arms (not roundabout),8.8737795,Daylight,339160,392570,76.62178155,E01006768,5,2,0,0,Dry,Dual carriageway,None,40,17:10:00,Urban,Fine no high winds,No,16 - 20,8,Urban area,1,1595,None,None,Other/Not known (2005-10),Mid Junction - on roundabout or on main road,,OCTAVIA AMBIENTE,Petrol,Male,None,No tow/articulation,Did not leave carriageway,0,Going ahead other,1,Car,No,Front,2020
20093102B0518,A,634,Unclassified,0,Serious,None,19-02-2021,Thursday,1,Give way or uncontrolled,T or staggered junction,28.71816527,Daylight,459070,388610,77.28169939,E01028000,1,2,0,0,Dry,Single carriageway,None,40,17:49:00,Rural,Fine no high winds,No,16 - 20,8,Data missing or out of range,NA,1587,None,None,Other/Not known (2005-10),Mid Junction - on roundabout or on main road,,SAXO VTR,Petrol,Male,Skidded,No tow/articulation,Did not leave carriageway,0,Going ahead other,1,Car,No,Nearside,2020
200942I082403,B,1137,NA,0,Serious,None,18-03-2020,Monday,1,Not at junction or within 20 metres,Not at junction or within 20 metres,18.51037646,Daylight,575480,210200,73.91749626,E01021537,1,3,0,8,Wet or damp,Single carriageway,Roadworks,40,15:40:00,Rural,Fine no high winds,No,16 - 20,8,Rural,8,1998,None,None,Journey as part of work,Not at or within 20 metres of junction,,MEGANE SCENIC RX4 SPORT ALI,Petrol,Male,None,No tow/articulation,Did not leave carriageway,0,Overtaking static vehicle - offside,1,Car,No,Nearside,2021
201001KF60578,A,406,NA,0,Serious,None,01-09-2010,Wednesday,1,Data missing or out of range,Not at junction or within 20 metres,51.520689,Daylight,543940,182240,0.073296,E01003482,2,2,0,0,Dry,Single carriageway,None,40,14:44:00,Urban,Fine no high winds,No,16 - 20,8,Urban area,3,1149,None,None,Other/Not known (2005-10),Not at or within 20 metres of junction,RENAULT,CLIO EXPRESSION+ 16V,Petrol,Male,None,No tow/articulation,Did not leave carriageway,0,Going ahead other,1,Car,No,Nearside,2010
201014C063510,Unclassified,0,NA,0,Serious,None,26-05-2010,Wednesday,2,Not at junction or within 20 metres,Not at junction or within 20 metres,53.366319,Daylight,444150,385700,-1.33797,E01007665,1,1,0,0,Dry,Single carriageway,None,40,16:15:00,Urban,Fine no high winds,No,16 - 20,8,Urban area,3,1896,None,None,Commuting to/from work,Not at or within 20 metres of junction,VOLKSWAGEN,GOLF TDI S,Heavy oil,Male,None,No tow/articulation,Did not leave carriageway,0,Going ahead other,1,Car,No,Front,2010
200943N239069,A,4,Unclassified,979,Serious,None,05-11-2020,Thursday,1,Auto traffic signal,Crossroads,14.78241728,Daylight,491640,181180,78.60805458,E01017833,6,2,0,0,Dry,Single carriageway,None,40,20:41:00,Rural,Fine no high winds,No,16 - 20,8,Urban area,9,1149,None,None,Other/Not known (2005-10),Mid Junction - on roundabout or on main road,,CLIO AUTHENTIQUE,Petrol,Female,None,No tow/articulation,Did not leave carriageway,0,Going ahead other,1,Car,No,Front,2019
200945WO36997,B,380,Unclassified,0,Serious,None,15-05-2019,Monday,1,Stop sign,T or staggered junction,28.59937338,Daylight,497700,155870,77.35406524,E01030944,3,3,0,8,Wet or damp,Single carriageway,None,40,17:30:00,Rural,Fine no high winds,No,16 - 20,8,Urban area,8,1299,None,None,Other/Not known (2005-10),Mid Junction - on roundabout or on main road,,KA NOW,Petrol,Female,None,No tow/articulation,Did not leave carriageway,0,Turning right,1,Car,No,Front,2020
2008558D02263,A,30,Unclassified,0,Serious,None,17-02-2021,Thursday,1,Give way or uncontrolled,T or staggered junction,28.59738811,Daylight,387050,122750,77.31931521,E01020455,1,2,0,0,Dry,Single carriageway,None,40,16:05:00,Rural,Fine no high winds,No,16 - 20,8,Rural,5,1997,None,None,Other/Not known (2005-10),Approaching junction or waiting/parked at junction approach,,306 L HDI,Heavy oil,Female,None,No tow/articulation,Did not leave carriageway,0,Turning right,2,Car,No,Front,2021
200820F017201,A,38,NA,0,Serious,None,16-03-2019,Friday,1,Data missing or out of range,Not at junction or within 20 metres,15.32749663,Darkness - lights lit,406940,286170,73.96545309,E01009142,1,5,0,0,Dry,Dual carriageway,None,40,22:31:00,Urban,Fine no high winds,No,21 - 25,8,Urban area,1,1396,Parked vehicle,None,Other/Not known (2005-10),Not at or within 20 metres of junction,,CIVIC 1.4I SPORT,Petrol,Male,Skidded,No tow/articulation,Did not leave carriageway,0,Going ahead other,1,Car,No,Offside,2019
200814C119908,A,631,Unclassified,0,Serious,None,13-01-2019,Saturday,1,Give way or uncontrolled,T or staggered junction,23.03562607,Darkness - lights lit,450070,392080,72.54389122,E01007685,1,1,0,0,Dry,Dual carriageway,None,40,23:55:00,Urban,Fine no high winds,No,21 - 25,8,Urban area,1,1850,None,None,Journey as part of work,Cleared junction or waiting/parked at junction exit,,ACCORD VTEC SE EXEC,Petrol,Male,None,No tow/articulation,Did not leave carriageway,0,Changing lane to right,1,Taxi/Private hire car,No,Front,2019
200905EE01519,A,580,Unclassified,0,Serious,None,12-04-2021,Tuesday,1,Auto traffic signal,T or staggered junction,28.72580495,Darkness - lights lit,339770,396200,77.08987024,E01006663,3,2,0,0,Wet or damp,Dual carriageway,None,40,10:38:00,Urban,Fine no high winds,No,21 - 25,8,Urban area,1,1598,None,None,Other/Not known (2005-10),Approaching junction or waiting/parked at junction approach,,MEGANE SCENIC EXP AUTO,Petrol,Male,None,No tow/articulation,Did not leave carriageway,0,Turning right,1,Car,No,Front,2020
200750E51M414,B,3413,NA,0,Serious,None,06-06-2021,Wednesday,1,Not at junction or within 20 metres,Not at junction or within 20 metres,18.63033824,Darkness - lights lit,250510,58340,73.89456115,E01015094,2,1,0,0,Dry,Single carriageway,None,40,23:14:00,Rural,Fine no high winds,No,21 - 25,8,Urban area,1,1396,None,Tree,Data missing or out of range,Not at or within 20 metres of junction,,214I E 16V,Petrol,Male,Skidded and overturned,No tow/articulation,Nearside,0,Going ahead other,1,Car,No,Front,2021
200901TX20438,A,312,A,4,Serious,None,03-03-2020,Tuesday,1,Give way or uncontrolled,Roundabout,18.61788298,Darkness - lights lit,510930,176650,73.82454858,E01002635,2,1,0,0,Dry,Dual carriageway,None,40,00:01:00,Urban,Fine no high winds,No,21 - 25,8,Urban area,3,2494,None,Near/Offside crash barrier,Other/Not known (2005-10),Approaching junction or waiting/parked at junction approach,,325CI SE,Petrol,Male,Skidded and overturned,No tow/articulation,Nearside,0,Going ahead other,1,Car,No,Offside,2021
2010160B03471,Unclassified,0,NA,0,Serious,None,24-09-2010,Friday,1,Data missing or out of range,Not at junction or within 20 metres,53.572548,Darkness - lights lit,490200,409300,-0.639309,E01013320,1,1,0,0,Wet or damp,Dual carriageway,None,40,22:23:00,Urban,Fine no high winds,No,21 - 25,8,Small town,3,1997,None,None,Other/Not known (2005-10),Not at or within 20 metres of junction,PEUGEOT,206 D TURBO HDI,Heavy oil,Male,None,No tow/articulation,Did not leave carriageway,0,Going ahead other,1,Car,No,Front,2010
200922E901972,A,4103,NA,0,Serious,None,04-06-2021,Saturday,1,Data missing or out of range,Not at junction or within 20 metres,26.45211708,Darkness - no lighting,361350,244810,74.64499166,E01014014,2,1,0,0,Dry,Single carriageway,None,40,01:20:00,Rural,Fine no high winds,No,21 - 25,8,Rural,8,1587,None,Telegraph or electricity pole,Other/Not known (2005-10),Not at or within 20 metres of junction,,307 RAPIER 16V,Petrol,Male,Skidded,No tow/articulation,Offside and rebounded,0,Going ahead other,1,Car,No,Front,2020
201043P088100,A,422,Unclassified,0,Serious,None,29-03-2021,Saturday,1,Give way or uncontrolled,T or staggered junction,28.64442886,Darkness - no lighting,443220,241600,77.16233232,E01028509,1,1,0,0,Dry,Single carriageway,None,40,18:45:00,Rural,Fine no high winds,No,21 - 25,8,Rural,9,1390,None,None,Commuting to/from work,Approaching junction or waiting/parked at junction approach,,LUPO SE 75 BHP,Petrol,Female,Skidded,No tow/articulation,Did not leave carriageway,0,Going ahead other,1,Car,No,Front,2020
200932D348609,B,1190,Unclassified,0,Serious,None,16-10-2021,Monday,1,Give way or uncontrolled,Slip road,27.10555095,Daylight,493640,368350,93.62067897,E01026162,1,2,0,8,Wet or damp,Slip road,None,40,11:30:00,Rural,Fine + high winds,No,21 - 25,8,Urban area,7,973,None,None,Other/Not known (2005-10),Approaching junction or waiting/parked at junction approach,,CORSA CLUB 12V,Petrol,Female,None,No tow/articulation,Did not leave carriageway,0,Turning right,1,Car,No,Nearside,2019
200843N086028,A,4146,B,4032,Serious,None,03-02-2019,Saturday,1,Give way or uncontrolled,Roundabout,25.78979167,Daylight,489620,226260,87.48597401,E01017670,1,1,0,0,Dry,Roundabout,None,40,13:09:00,Rural,Fine no high winds,No,21 - 25,8,Small town,9,600,Central island of roundabout,None,Other/Not known (2005-10),Entering roundabout,,GSX R600X,Petrol,Male,Skidded,No tow/articulation,Did not leave carriageway,0,Going ahead other,1,Motorcycle over 500cc,No,Front,2019
20084100E0472,Unclassified,385,Unclassified,413,Serious,None,24-11-2019,Thursday,1,Give way or uncontrolled,T or staggered junction,22.73729634,Daylight,525970,226370,75.81742034,E01023771,2,2,0,0,Dry,Single carriageway,None,40,17:08:00,Urban,Fine no high winds,No,21 - 25,8,Urban area,2,1137,None,None,Commuting to/from work,Mid Junction - on roundabout or on main road,,CB1100 SF,Petrol,Male,Skidded,No tow/articulation,Did not leave carriageway,0,Going ahead other,2,Motorcycle over 500cc,No,Front,2020
200763AC16607,A,484,Unclassified,0,Serious,None,28-11-2021,Thursday,1,Give way or uncontrolled,T or staggered junction,22.70844365,Daylight,242520,216800,75.86569033,,6,4,0,0,Dry,Single carriageway,None,40,16:58:00,Rural,Fine no high winds,No,21 - 25,8,Urban area,NA,1994,None,None,Other/Not known (2005-10),Approaching junction or waiting/parked at junction approach,,IMPREZA GL AWD,Petrol,Male,None,No tow/articulation,Did not leave carriageway,0,Waiting to go - held up,3,Car,No,Offside,2020
200937L017126,B,1437,NA,0,Serious,None,09-10-2021,Tuesday,1,Data missing or out of range,Not at junction or within 20 metres,28.72113338,Daylight,652950,287800,77.34822259,E01030253,1,1,0,0,Dry,Single carriageway,None,40,04:50:00,Rural,Fine no high winds,No,21 - 25,8,Urban area,8,1587,None,Tree,Other/Not known (2005-10),Not at or within 20 metres of junction,,SAXO VTS,Petrol,Male,Skidded,No tow/articulation,Nearside,0,Going ahead other,1,Car,No,Front,2020
200906Q009042,A,663,C,0,Serious,None,26-06-2021,Wednesday,1,Give way or uncontrolled,Crossroads,18.49570697,Daylight,390330,405290,73.74897497,E01005327,1,2,0,4,Dry,Single carriageway,None,40,07:50:00,Urban,Fine no high winds,No,21 - 25,8,Urban area,3,599,None,None,Commuting to/from work,Approaching junction or waiting/parked at junction approach,,FZS 600,Petrol,Male,None,No tow/articulation,Did not leave carriageway,0,Going ahead other,2,Motorcycle over 500cc,No,Front,2021
200863CP06408,A,477,Unclassified,0,Serious,None,03-04-2019,Monday,1,Give way or uncontrolled,Roundabout,18.58296516,Daylight,197580,204290,73.77620171,W01000602,1,2,0,0,Dry,Single carriageway,None,40,17:40:00,Rural,Fine no high winds,No,21 - 25,8,Rural,NA,600,None,None,Other/Not known (2005-10),Leaving roundabout,,GSXR600 Y,Petrol,Male,Skidded,No tow/articulation,Did not leave carriageway,0,Going ahead left-hand bend,1,Motorcycle over 500cc,No,Did not impact,2021
200832C285408,A,52,NA,0,Serious,None,07-11-2021,Sunday,1,Data missing or out of range,Not at junction or within 20 metres,18.54282325,Daylight,551290,376200,73.95045775,E01026044,1,1,0,0,Dry,Single carriageway,None,40,14:21:00,Rural,Fine no high winds,No,21 - 25,8,Urban area,3,748,None,Other permanent object,Other/Not known (2005-10),Not at or within 20 metres of junction,,748B,Petrol,Male,Skidded,No tow/articulation,Nearside,0,Going ahead right-hand bend,1,Motorcycle over 500cc,No,Front,2021
200904BB09155,B,5273,NA,0,Serious,None,28-11-2019,Monday,1,Data missing or out of range,Not at junction or within 20 metres,19.14675434,Daylight,345330,462420,72.91710749,E01025172,3,2,0,0,Wet or damp,Single carriageway,None,40,07:53:00,Rural,Fine no high winds,No,21 - 25,8,Urban area,4,1798,None,None,Commuting to/from work,Not at or within 20 metres of junction,,MONDEO ZETEC,Petrol,Male,Skidded,No tow/articulation,Did not leave carriageway,0,Going ahead left-hand bend,1,Car,No,Front,2021
200806K001127,A,6,NA,0,Serious,None,14-11-2020,Wednesday,1,Not at junction or within 20 metres,Not at junction or within 20 metres,14.6776865,Daylight,363590,408520,78.63397403,E01004775,1,3,0,0,Dry,Single carriageway,None,40,09:15:00,Rural,Fine no high winds,No,21 - 25,8,Urban area,3,600,None,None,Commuting to/from work,Not at or within 20 metres of junction,,GSXR600 Y,Petrol,Male,None,No tow/articulation,Did not leave carriageway,0,Overtaking static vehicle - offside,1,Motorcycle over 500cc,No,Front,2019
201001TB00306,A,406,NA,0,Serious,None,26-06-2010,Saturday,1,Data missing or out of range,Not at junction or within 20 metres,51.568549,Daylight,521960,186990,-0.241696,E01000498,1,2,0,0,Dry,Dual carriageway,None,40,15:40:00,Urban,Fine no high winds,No,21 - 25,8,Urban area,6,2926,None,None,Other/Not known (2005-10),Not at or within 20 metres of junction,BMW,,Heavy oil,Male,None,No tow/articulation,Did not leave carriageway,0,Parked,2,Car,No,Back,2010
201004CK10151,A,59,Unclassified,0,Serious,None,16-08-2010,Monday,1,Give way or uncontrolled,T or staggered junction,53.575131,Daylight,341550,409090,-2.884207,E01025516,1,1,0,0,Dry,Single carriageway,None,40,16:16:00,Urban,Fine no high winds,No,21 - 25,8,Urban area,9,198,None,None,Other/Not known (2005-10),Mid Junction - on roundabout or on main road,PIAGGIO,PX 200 E,Petrol,Male,None,No tow/articulation,Did not leave carriageway,0,Slowing or stopping,1,Motorcycle 50cc and under,No,Front,2010
200904CJ09057,C,0,A,577,Serious,None,23-02-2021,Tuesday,1,Give way or uncontrolled,Roundabout,25.78745755,Daylight,350320,404000,87.48795615,E01025535,1,2,0,0,Dry,Roundabout,None,40,16:55:00,Urban,Fine no high winds,No,21 - 25,8,Urban area,6,998,None,None,Commuting to/from work,Entering roundabout,,YARIS S,Petrol,Female,Skidded,No tow/articulation,Did not leave carriageway,0,Slowing or stopping,2,Car,No,Back,2019
20093102B1712,Unclassified,0,Unclassified,0,Serious,None,28-07-2021,Saturday,1,Give way or uncontrolled,T or staggered junction,18.5604122,Daylight,459030,364050,73.89443629,E01028314,2,2,0,0,Dry,Single carriageway,None,40,19:10:00,Rural,Fine no high winds,No,21 - 25,8,Rural,3,1597,None,None,Other/Not known (2005-10),Entering main road,,PRIMERA 1.6E,Petrol,Female,None,No tow/articulation,Nearside,0,Turning right,1,Car,No,Offside,2021
200850B51C923,A,38,NA,0,Serious,None,18-11-2020,Friday,1,Not at junction or within 20 metres,Not at junction or within 20 metres,28.60357876,Daylight,221680,65020,77.21547139,E01018758,1,1,0,0,Wet or damp,Single carriageway,None,40,04:17:00,Rural,Fog or mist,No,21 - 25,8,Data missing or out of range,NA,600,None,None,Data missing or out of range,Not at or within 20 metres of junction,,GSF 600 Y,Petrol,Male,None,No tow/articulation,Did not leave carriageway,0,Going ahead other,1,Motorcycle over 500cc,No,Nearside,2020
200743W233067,Unclassified,7201,Unclassified,7201,Serious,None,25-04-2021,Monday,2,Auto traffic signal,Crossroads,23.02756757,Daylight,471790,173210,72.54826393,E01016378,2,2,0,4,Wet or damp,Dual carriageway,None,40,07:25:00,Urban,Raining no high winds,No,21 - 25,8,Urban area,3,49,None,None,Journey as part of work,Cleared junction or waiting/parked at junction exit,,SGX50,Petrol,Female,None,No tow/articulation,Did not leave carriageway,0,Going ahead other,2,Motorcycle 50cc and under,No,Front,2019
200797NC05005,Unclassified,0,Unclassified,0,Serious,None,15-01-2019,Monday,1,Give way or uncontrolled,T or staggered junction,26.46616937,Daylight,278150,675290,80.28214885,,1,2,0,0,Wet or damp,Dual carriageway,None,40,16:30:00,Urban,Raining no high winds,Yes,21 - 25,8,Urban area,NA,1124,None,None,Other/Not known (2005-10),Cleared junction or waiting/parked at junction exit,,106 XN ZEST 2,Petrol,Female,None,No tow/articulation,Did not leave carriageway,0,Moving off,1,Car,No,Front,2020
200901YE80730,A,110,NA,0,Serious,None,25-09-2021,Wednesday,1,Data missing or out of range,Not at junction or within 20 metres,14.78292637,Darkness - lights lit,536270,195780,78.53296821,E01001506,3,2,0,0,Wet or damp,Dual carriageway,None,40,18:30:00,Urban,Fine + high winds,No,26 - 35,8,Urban area,4,1242,None,None,Other/Not known (2005-10),Not at or within 20 metres of junction,,FIESTA FREESTYLE,Petrol,Female,None,No tow/articulation,Did not leave carriageway,0,Going ahead other,2,Car,No,Front,2019
200934TK13559,A,6003,NA,0,Serious,None,22-11-2019,Wednesday,1,Data missing or out of range,Not at junction or within 20 metres,14.79431439,Darkness - lights lit,486480,280520,78.59692786,E01027089,2,1,0,0,Dry,Single carriageway,None,40,22:30:00,Urban,Fine no high winds,No,26 - 35,8,Urban area,5,2497,None,Lamp post,Other/Not known (2005-10),Not at or within 20 metres of junction,,ZS,Petrol,Male,Overturned,No tow/articulation,Offside,0,Going ahead other,1,Car,No,Front,2019
200742I336808,A,1060,NA,0,Serious,None,20-02-2019,Friday,1,Not at junction or within 20 metres,Not at junction or within 20 metres,27.10417242,Darkness - lights lit,570740,206530,93.61635042,E01021582,1,2,0,0,Dry,Dual carriageway,Roadworks,40,22:42:00,Urban,Fine no high winds,No,26 - 35,8,Urban area,8,5861,None,None,Journey as part of work,Not at or within 20 metres of junction,,,Heavy oil,Male,None,Single trailer,Did not leave carriageway,0,Parked,2,Goods over 3.5t. and under 7.5t,No,Back,2019
201043P224020,Unclassified,320,NA,0,Serious,None,25-09-2020,Saturday,1,Data missing or out of range,Not at junction or within 20 metres,18.49857915,Darkness - lights lit,456170,202370,73.83057814,E01028569,1,2,0,0,Dry,Single carriageway,None,40,01:05:00,Rural,Fine no high winds,No,26 - 35,8,Urban area,5,2402,Parked vehicle,None,Other/Not known (2005-10),Not at or within 20 metres of junction,,TRANSIT 350 LWB TD,Heavy oil,Male,None,No tow/articulation,Did not leave carriageway,0,Going ahead other,1,Van / Goods 3.5 tonnes mgw or under,No,Front,2021
20094100K0705,A,121,Unclassified,862,Serious,None,12-04-2020,Monday,1,Auto traffic signal,T or staggered junction,18.6243518,Darkness - lights lit,537470,200510,73.87506713,E01023338,1,2,0,0,Wet or damp,Single carriageway,None,40,23:45:00,Urban,Fine no high winds,No,26 - 35,8,Urban area,3,1747,None,None,Other/Not known (2005-10),Cleared junction or waiting/parked at junction exit,,156 T.SPARK,Petrol,Male,None,No tow/articulation,Did not leave carriageway,0,Parked,2,Car,No,Back,2021
20074100C0352,A,404,Unclassified,936,Serious,None,01-05-2020,Monday,1,Give way or uncontrolled,T or staggered junction,19.1544357,Darkness - lights lit,503150,196780,72.8760601,E01023817,1,2,0,0,Dry,Single carriageway,Roadworks,40,23:00:00,Rural,Fine no high winds,No,26 - 35,8,Urban area,10,1581,None,None,Other/Not known (2005-10),Cleared junction or waiting/parked at junction exit,,BRAVA 100 ELX,Petrol,Male,None,No tow/articulation,Did not leave carriageway,0,Going ahead other,1,Car,No,Front,2021
201006P028209,A,58,NA,0,Serious,None,09-02-2010,Tuesday,1,Data missing or out of range,Not at junction or within 20 metres,53.602809,Darkness - lights lit,388510,411820,-2.175115,E01005472,2,2,0,4,Wet or damp,Dual carriageway,None,40,19:16:00,Urban,Fine no high winds,No,26 - 35,8,Urban area,2,1796,None,None,Other/Not known (2005-10),Not at or within 20 metres of junction,TOYOTA,CELICA T SPORT VVTLI,Petrol,Male,None,No tow/articulation,Did not leave carriageway,0,Going ahead other,1,Car,No,Nearside,2010
201011SL14570,C,152,NA,0,Serious,None,15-06-2010,Tuesday,1,Data missing or out of range,Not at junction or within 20 metres,54.684485,Darkness - lights lit,423890,532220,-1.630956,E01020822,2,2,0,0,Dry,Single carriageway,None,40,23:25:00,Rural,Fine no high winds,No,26 - 35,8,Urban area,4,7300,None,None,Journey as part of work,Not at or within 20 metres of junction,VOLVO,,Heavy oil,Male,None,No tow/articulation,Did not leave carriageway,0,Going ahead other,2,Bus or coach (17 or more pass seats),No,Front,2010
200945MO35278,A,24,NA,0,Serious,None,05-12-2021,Wednesday,1,Data missing or out of range,Not at junction or within 20 metres,25.78963998,Darkness - lights lit,519490,159470,87.47449005,E01030405,3,2,0,0,Frost or ice,Single carriageway,Road surface defective,40,06:46:00,Rural,Fine no high winds,No,26 - 35,8,Urban area,10,1587,None,None,Other/Not known (2005-10),Not at or within 20 metres of junction,,206 XSI,Petrol,Female,Skidded,No tow/articulation,Did not leave carriageway,0,Going ahead other,2,Car,No,Back,2019