Accident_Index,1st_Road_Class,1st_Road_Number,2nd_Road_Class,2nd_Road_Number,Accident_Severity,Carriageway_Hazards,Date,Day_of_Week,Did_Police_Officer_Attend_Scene_of_Accident,Junction_Control,Junction_Detail,Latitude,Light_Conditions,Location_Easting_OSGR,Location_Northing_OSGR,Longitude,LSOA_of_Accident_Location,Number_of_Casualties,Number_of_Vehicles,Pedestrian_Crossing-Human_Control,Pedestrian_Crossing-Physical_Facilities,Road_Surface_Conditions,Road_Type,Special_Conditions_at_Site,Speed_limit,Time,Urban_or_Rural_Area,Weather_Conditions,InScotland,Age_Band_of_Driver,Age_of_Vehicle,Driver_Home_Area_Type,Driver_IMD_Decile,Engine_Capacity_.CC.,Hit_Object_in_Carriageway,Hit_Object_off_Carriageway,Journey_Purpose_of_Driver,Junction_Location,make,model,Propulsion_Code,Sex_of_Driver,Skidding_and_Overturning,Towing_and_Articulation,Vehicle_Leaving_Carriageway,Vehicle_Location.Restricted_Lane,Vehicle_Manoeuvre,Vehicle_Reference,Vehicle_Type,Was_Vehicle_Left_Hand_Drive,X1st_Point_of_Impact,Year
200950JO2D005,B,3216,NA,0,Serious,None,22-10-2019,Thursday,1,Not at junction or within 20 metres,Not at junction or within 20 metres,15.24570231,Daylight,257790,102100,74.02977364,E01020320,4,1,0,0,Dry,Single carriageway,None,60,18:35:00,Rural,Fine no high winds,No,16 - 20,8,Rural,5,1396,None,Other permanent object,Other/Not known (2005-10),Not at or within 20 metres of junction,,ZR+,Petrol,Male,Skidded and overturned,No tow/articulation,Nearside and rebounded,0,Going ahead left-hand bend,1,Car,No,Nearside,2019
200897UD70408,A,77,NA,0,Serious,None,29-05-2021,Thursday,1,Data missing or out of range,Not at junction or within 20 metres,23.06710233,Daylight,231980,611600,72.58200965,,2,3,0,0,Wet or damp,Single carriageway,None,60,07:45:00,Rural,Fine no high winds,Yes,16 - 20,8,Rural,NA,1396,None,None,Other/Not known (2005-10),Not at or within 20 metres of junction,,25 IE 16V,Petrol,Male,None,No tow/articulation,Did not leave carriageway,0,Going ahead other,1,Car,No,Offside,2019
200950AH2C003,A,394,NA,0,Serious,None,20-11-2021,Saturday,1,Not at junction or within 20 metres,Not at junction or within 20 metres,28.46597791,Daylight,162330,27580,77.00854793,E01018861,3,2,0,0,Wet or damp,Single carriageway,None,60,12:30:00,Rural,Fine no high winds,No,16 - 20,8,Small town,3,1199,None,None,Journey as part of work,Not at or within 20 metres of junction,,AGILA,Petrol,Male,None,No tow/articulation,Did not leave carriageway,0,Going ahead other,1,Car,No,Front,2019
200934WD22099,C,2,NA,0,Serious,None,15-09-2020,Monday,1,Data missing or out of range,Not at junction or within 20 metres,8.866640531,Daylight,455330,254960,76.68854577,E01027028,2,3,0,0,Dry,Single carriageway,None,60,16:54:00,Rural,Fine no high winds,No,16 - 20,8,Rural,9,1242,None,None,Other/Not known (2005-10),Not at or within 20 metres of junction,,FIESTA FREESTYLE,Petrol,Male,None,No tow/articulation,Did not leave carriageway,0,Going ahead right-hand bend,1,Car,No,Front,2020
200854EU00608,C,324,Unclassified,0,Serious,None,02-08-2021,Wednesday,1,Give way or uncontrolled,T or staggered junction,8.866793372,Daylight,416950,128720,76.64276526,E01032011,1,2,0,0,Dry,Single carriageway,None,60,08:14:00,Rural,Fine no high winds,No,16 - 20,8,Rural,6,1997,None,None,Commuting to/from work,Entering main road,,306 LX HDI,Heavy oil,Male,None,No tow/articulation,Did not leave carriageway,0,Turning right,2,Car,No,Front,2020
200934WS27509,C,54,NA,0,Serious,None,16-03-2019,Saturday,1,Data missing or out of range,Not at junction or within 20 metres,22.71717956,Daylight,468670,257940,75.83878821,E01027282,2,2,0,0,Dry,Single carriageway,None,60,13:05:00,Rural,Fine no high winds,No,16 - 20,8,Urban area,5,399,None,None,Other/Not known (2005-10),Not at or within 20 metres of junction,,,Petrol,Male,None,No tow/articulation,Did not leave carriageway,0,Going ahead left-hand bend,1,Motorcycle over 125cc and up to 500cc,No,Front,2020
201034TS14970,C,27,Unclassified,0,Serious,None,02-05-2021,Tuesday,1,Give way or uncontrolled,T or staggered junction,18.53095884,Daylight,465310,258880,73.87815835,E01027287,2,2,0,0,Dry,Single carriageway,None,60,18:25:00,Rural,Fine no high winds,No,16 - 20,8,Small town,9,124,None,None,Other/Not known (2005-10),Mid Junction - on roundabout or on main road,,DT 125 R,Petrol,Male,None,No tow/articulation,Did not leave carriageway,0,Going ahead other,2,Motorcycle 125cc and under,No,Back,2021
200737G022329,C,479,Unclassified,0,Serious,None,02-11-2019,Wednesday,2,Give way or uncontrolled,Private drive or entrance,18.51389562,Daylight,618950,258570,73.96020166,E01030057,1,2,0,0,Dry,Single carriageway,None,60,12:01:00,Rural,Fine no high winds,No,16 - 20,8,Rural,7,49,None,None,Other/Not known (2005-10),Mid Junction - on roundabout or on main road,,,Petrol,Male,None,No tow/articulation,Did not leave carriageway,0,Overtaking moving vehicle - offside,2,Motorcycle 50cc and under,No,Front,2021
200954ED36809,C,19,NA,0,Serious,None,09-11-2020,Wednesday,1,Not at junction or within 20 metres,Not at junction or within 20 metres,18.5833693,Daylight,388320,158040,73.93654853,E01032084,1,2,0,0,Wet or damp,Single carriageway,None,60,16:15:00,Rural,Fine no high winds,No,16 - 20,8,Rural,8,1124,None,None,Journey as part of work,Not at or within 20 metres of junction,,206 LX,Petrol,Male,Skidded,No tow/articulation,Did not leave carriageway,0,Going ahead left-hand bend,1,Car,No,Offside,2021
200750A61H994,A,3059,NA,0,Serious,None,30-01-2019,Saturday,1,Not at junction or within 20 metres,Not at junction or within 20 metres,18.59647007,Daylight,185310,62360,73.95262155,E01019050,2,2,0,0,Dry,Single carriageway,None,60,16:53:00,Rural,Fine no high winds,No,16 - 20,8,Small town,3,1341,None,None,Data missing or out of range,Data missing or out of range,,ACCENT SIENA,Petrol,Male,Skidded,No tow/articulation,Did not leave carriageway,0,Going ahead right-hand bend,1,Car,No,Front,2021
200842I428511,B,1007,NA,0,Serious,None,29-05-2021,Wednesday,1,Not at junction or within 20 metres,Not at junction or within 20 metres,18.59309901,Daylight,567580,185980,73.93549935,E01015978,3,3,0,0,Wet or damp,Single carriageway,None,60,12:25:00,Rural,Fine no high winds,No,16 - 20,8,Urban area,3,1124,None,None,Other/Not known (2005-10),Not at or within 20 metres of junction,,106 XN ZEST 2,Petrol,Male,Skidded,No tow/articulation,Nearside,0,Going ahead other,1,Car,No,Nearside,2021
2007557W03148,A,3030,Unclassified,0,Serious,None,07-03-2019,Friday,1,Give way or uncontrolled,T or staggered junction,18.55849665,Daylight,368920,112860,73.85359872,E01020541,2,2,0,0,Dry,Single carriageway,None,60,08:00:00,Rural,Fine no high winds,No,16 - 20,8,Rural,6,125,None,None,Commuting to/from work,Cleared junction or waiting/parked at junction exit,,,Petrol,Male,Skidded,No tow/articulation,Did not leave carriageway,0,Going ahead left-hand bend,1,Motorcycle 125cc and under,No,Front,2021
2009400D01679,A,5120,NA,0,Serious,None,07-02-2021,Thursday,1,Data missing or out of range,Not at junction or within 20 metres,19.10571822,Daylight,500820,226430,72.89128883,E01017615,1,1,0,0,Dry,Single carriageway,None,60,15:42:00,Rural,Fine no high winds,No,16 - 20,8,Small town,9,1598,None,None,Other/Not known (2005-10),Not at or within 20 metres of junction,,ASTRA COUPE CONVERTIBLE,Petrol,Male,None,No tow/articulation,Nearside,0,Going ahead other,1,Car,No,Front,2021
200943N195059,A,413,Unclassified,60,Serious,None,12-11-2019,Thursday,1,Give way or uncontrolled,T or staggered junction,26.76204957,Daylight,488990,202290,94.18336221,E01017768,2,3,0,0,Dry,Single carriageway,None,60,09:17:00,Rural,Fine no high winds,No,16 - 20,8,Urban area,1,1999,None,None,Other/Not known (2005-10),Approaching junction or waiting/parked at junction approach,,MONDEO ZETEC,Petrol,Male,None,No tow/articulation,Did not leave carriageway,0,Going ahead other,3,Car,No,Back,2019
200950JO3E003,A,386,NA,0,Serious,None,17-02-2021,Tuesday,1,Not at junction or within 20 metres,Not at junction or within 20 metres,26.72897098,Daylight,252680,87310,94.21374665,E01020314,1,1,0,0,Dry,Single carriageway,None,60,08:21:00,Rural,Fine no high winds,No,16 - 20,8,Rural,5,1796,None,None,Journey as part of work,Not at or within 20 metres of junction,,ZR,Petrol,Male,None,No tow/articulation,Did not leave carriageway,0,Going ahead left-hand bend,1,Car,No,Front,2019
201004CJ10023,Unclassified,0,NA,0,Serious,None,01-04-2010,Thursday,1,Data missing or out of range,Not at junction or within 20 metres,53.596532,Daylight,353280,411340,-2.707411,E01025538,4,1,0,0,Dry,Single carriageway,None,60,16:55:00,Rural,Fine no high winds,No,16 - 20,8,Data missing or out of range,NA,1199,None,Other permanent object,Other/Not known (2005-10),Not at or within 20 metres of junction,VAUXHALL,CORSA COMFORT 16V,Petrol,Male,Skidded,No tow/articulation,Offside and rebounded,0,Going ahead right-hand bend,1,Car,No,Front,2010
201034WS20630,B,4525,Unclassified,4209,Serious,None,24-08-2021,Wednesday,1,Give way or uncontrolled,Crossroads,15.24133998,Daylight,449830,242610,74.12985653,E01027291,3,3,0,0,Dry,Single carriageway,None,60,08:35:00,Rural,Fine no high winds,No,16 - 20,8,Rural,7,1360,None,None,Pupil riding to/from school,Mid Junction - on roundabout or on main road,,206 LOOK,Petrol,Female,None,No tow/articulation,Did not leave carriageway,0,Turning right,1,Car,No,Front,2019
200914K060709,A,6102,NA,0,Serious,None,09-04-2020,Sunday,1,Not at junction or within 20 metres,Not at junction or within 20 metres,28.45816832,Daylight,429710,395780,76.98209012,E01008147,2,2,0,0,Dry,Dual carriageway,None,60,17:05:00,Rural,Fine no high winds,No,16 - 20,8,Urban area,5,1199,None,None,Other/Not known (2005-10),Not at or within 20 metres of junction,,CORSA GLS 12V,Petrol,Female,None,No tow/articulation,Did not leave carriageway,0,Going ahead other,1,Car,No,Back,2019
2008160A04340,A,16,NA,0,Serious,None,14-04-2020,Monday,1,Data missing or out of range,Not at junction or within 20 metres,28.54967627,Daylight,527870,406930,77.06252219,E01013171,6,4,0,0,Dry,Single carriageway,None,60,18:00:00,Rural,Fine no high winds,No,16 - 20,8,Urban area,2,1396,None,None,Other/Not known (2005-10),Not at or within 20 metres of junction,,45 IL 16V,Petrol,Female,None,No tow/articulation,Did not leave carriageway,0,Going ahead other,1,Car,No,Front,2020
200942I208804,A,133,NA,0,Serious,None,17-04-2020,Thursday,1,Not at junction or within 20 metres,Not at junction or within 20 metres,28.56810198,Daylight,607850,223240,77.33889842,E01022053,1,2,0,0,Dry,Single carriageway,None,60,16:30:00,Rural,Fine no high winds,No,16 - 20,8,Rural,8,93,None,None,Other/Not known (2005-10),Not at or within 20 metres of junction,,,Petrol,Female,Skidded,No tow/articulation,Nearside,0,Going ahead other,2,Motorcycle 50cc and under,No,Nearside,2021
200997UC42501,A,70,Unclassified,0,Serious,None,30-05-2019,Friday,1,Give way or uncontrolled,T or staggered junction,18.54093583,Daylight,258210,620450,73.73337576,,1,2,0,0,Wet or damp,Single carriageway,None,60,09:00:00,Rural,Fine no high winds,Yes,16 - 20,8,Small town,NA,1587,None,None,Journey as part of work,Mid Junction - on roundabout or on main road,,SAXO VTR,Petrol,Female,None,No tow/articulation,Did not leave carriageway,0,Going ahead other,2,Car,No,Front,2021
2009160C00240,B,1252,NA,0,Serious,None,28-08-2021,Saturday,1,Data missing or out of range,Not at junction or within 20 metres,27.10333894,Daylight,495360,462590,93.622661,E01012981,1,1,0,0,Dry,Single carriageway,None,60,11:47:00,Rural,Fine no high winds,No,16 - 20,8,Rural,5,1299,None,Tree,Commuting to/from work,Not at or within 20 metres of junction,,KA 2,Petrol,Female,Skidded,No tow/articulation,Nearside,0,Going ahead other,1,Car,No,Front,2019
200830B000319,C,65,NA,0,Serious,None,12-03-2020,Friday,1,Data missing or out of range,Not at junction or within 20 metres,27.08973,Daylight,409410,375310,93.62574808,E01019742,2,1,0,0,Wet or damp,Single carriageway,None,60,19:51:00,Rural,Other,No,16 - 20,8,Rural,4,1997,None,Other permanent object,Other/Not known (2005-10),Not at or within 20 metres of junction,,306 D TURBO HDI,Heavy oil,Male,Skidded,No tow/articulation,Nearside,0,Going ahead right-hand bend,1,Car,No,Front,2019
2008400B03493,A,6,NA,0,Serious,None,03-11-2021,Sunday,1,Data missing or out of range,Not at junction or within 20 metres,14.69028681,Daylight,499130,262050,78.46896084,E01017545,1,1,0,0,Wet or damp,Single carriageway,None,60,08:56:00,Rural,Raining no high winds,No,16 - 20,8,Urban area,NA,1124,None,Lamp post,Other/Not known (2005-10),Not at or within 20 metres of junction,,SAXO FORTE,Petrol,Male,Skidded,No tow/articulation,Offside,0,Going ahead right-hand bend,1,Car,No,Front,2019
200932C300809,C,837,NA,0,Serious,None,17-04-2019,Wednesday,1,Data missing or out of range,Not at junction or within 20 metres,26.75210032,Daylight,530880,347060,94.19982997,E01026057,1,1,0,0,Wet or damp,Single carriageway,None,60,17:56:00,Rural,Raining no high winds,No,16 - 20,8,Urban area,8,1299,None,Submerged in water,Commuting to/from work,Not at or within 20 metres of junction,,KA 2,Petrol,Female,Overturned,No tow/articulation,Offside,0,Going ahead left-hand bend,1,Car,No,Did not impact,2019
200914A177109,B,6094,NA,0,Serious,None,20-12-2021,Tuesday,1,Not at junction or within 20 metres,Not at junction or within 20 metres,28.68276916,Daylight,452520,397480,77.14202413,E01007613,1,1,0,0,Wet or damp,Single carriageway,None,60,09:50:00,Rural,Raining no high winds,No,16 - 20,8,Urban area,1,1396,None,Road sign or traffic signal,Commuting to/from work,Not at or within 20 metres of junction,,25 IMPRESSION,Petrol,Female,None,No tow/articulation,Offside,0,Going ahead other,1,Car,No,Front,2021
2010160C07681,B,1239,NA,0,Serious,None,17-11-2010,Wednesday,1,Data missing or out of range,Not at junction or within 20 metres,53.765184,Daylight,518180,431360,-0.208575,E01013094,1,1,0,0,Wet or damp,Single carriageway,None,60,10:25:00,Rural,Raining no high winds,No,16 - 20,8,Small town,3,973,None,Road sign or traffic signal,Other/Not known (2005-10),Not at or within 20 metres of junction,VAUXHALL,CORSA COMFORT 12V,Petrol,Female,Overturned,No tow/articulation,Nearside,0,Going ahead left-hand bend,1,Car,No,Front,2010
200943N010119,A,4146,C,13,Serious,None,25-06-2021,Monday,1,Give way or uncontrolled,Roundabout,28.63699993,Darkness - lights lit,487330,231090,77.20425017,E01017669,1,2,0,0,Dry,Roundabout,None,60,17:50:00,Rural,Fine no high winds,No,21 - 25,8,Urban area,2,124,None,None,Other/Not known (2005-10),Mid Junction - on roundabout or on main road,,KMX 125-B10,Petrol,Male,None,No tow/articulation,Did not leave carriageway,0,Going ahead other,1,Motorcycle 50cc and under,No,Front,2020
200742I452611,A,130,B,184,Serious,None,26-03-2020,Monday,1,Give way or uncontrolled,T or staggered junction,19.15216782,Darkness - lights lit,563720,220740,72.90118275,E01022068,1,2,0,0,Wet or damp,Single carriageway,None,60,20:35:00,Rural,Fine no high winds,No,21 - 25,8,Data missing or out of range,NA,1796,None,None,Other/Not known (2005-10),Cleared junction or waiting/parked at junction exit,,200 VI,Petrol,Male,Skidded,No tow/articulation,Offside,0,Going ahead other,1,Car,No,Front,2021
200842I399610,A,414,NA,0,Serious,None,26-09-2020,Friday,1,Not at junction or within 20 metres,Not at junction or within 20 metres,8.866516391,Darkness - lights lit,546840,211400,76.6327065,E01021848,1,4,0,0,Dry,Dual carriageway,None,60,23:20:00,Urban,Fine no high winds,No,21 - 25,8,Urban area,4,1390,None,None,Other/Not known (2005-10),Not at or within 20 metres of junction,,CLIO S,Petrol,Female,None,No tow/articulation,Did not leave carriageway,0,Parked,4,Car,No,Did not impact,2020
200904BA09228,B,6480,NA,0,Serious,None,10-09-2021,Wednesday,1,Data missing or out of range,Not at junction or within 20 metres,27.09549337,Darkness - no lighting,359930,467650,93.61090423,E01025132,1,2,0,0,Wet or damp,Single carriageway,None,60,20:00:00,Rural,Fine no high winds,No,21 - 25,8,Small town,9,1997,None,None,Other/Not known (2005-10),Not at or within 20 metres of junction,,206 HDI D TURBO,Heavy oil,Male,None,No tow/articulation,Did not leave carriageway,0,Going ahead left-hand bend,1,Car,No,Front,2019
200945WA35729,B,2128,NA,0,Serious,None,03-04-2021,Thursday,1,Data missing or out of range,Not at junction or within 20 metres,27.09962987,Darkness - no lighting,504080,142490,93.63059268,E01030940,1,1,0,0,Dry,Single carriageway,None,60,01:10:00,Rural,Fine no high winds,No,21 - 25,8,Rural,9,2959,None,Road sign or traffic signal,Other/Not known (2005-10),Not at or within 20 metres of junction,,GTV V6,Petrol,Male,None,No tow/articulation,Offside,0,Going ahead other,1,Car,No,Nearside,2019
200734WS49687,C,67,NA,0,Serious,None,01-12-2020,Saturday,1,Data missing or out of range,Not at junction or within 20 metres,28.596468,Darkness - no lighting,470360,257810,77.2343381,E01027285,1,1,0,0,Dry,Single carriageway,None,60,00:40:00,Rural,Fine no high winds,No,21 - 25,8,Urban area,2,1595,None,None,Other/Not known (2005-10),Not at or within 20 metres of junction,,A3 1.6 SPORT,Petrol,Male,Skidded and overturned,No tow/articulation,Did not leave carriageway,0,Going ahead right-hand bend,1,Car,No,Front,2020
200814B022408,A,628,NA,0,Serious,None,23-01-2020,Sunday,1,Not at junction or within 20 metres,Not at junction or within 20 metres,28.67963118,Darkness - no lighting,419700,401370,77.36286198,E01007426,2,2,0,0,Frost or ice,Single carriageway,None,60,21:20:00,Rural,Fine no high winds,No,21 - 25,8,Small town,10,1998,None,None,Other/Not known (2005-10),Not at or within 20 metres of junction,,306 GTI 6,Petrol,Male,None,No tow/articulation,Did not leave carriageway,0,Going ahead other,2,Car,No,Front,2020
200763CP05407,A,478,NA,0,Serious,None,11-12-2021,Saturday,1,Data missing or out of range,Not at junction or within 20 metres,28.62786486,Darkness - no lighting,211330,210170,77.17532124,,2,1,0,0,Wet or damp,Single carriageway,None,60,20:35:00,Rural,Fine no high winds,No,21 - 25,8,Rural,NA,1595,None,Road sign or traffic signal,Other/Not known (2005-10),Not at or within 20 metres of junction,,CIVIC VTI-S JORDAN,Petrol,Male,Skidded and overturned,No tow/articulation,Offside,0,Going ahead left-hand bend,1,Car,No,Front,2021
200754DE58607,A,346,NA,0,Serious,None,14-07-2019,Saturday,1,Not at junction or within 20 metres,Not at junction or within 20 metres,18.50923119,Darkness - no lighting,419260,179740,73.76986416,E01015588,2,2,0,0,Dry,Single carriageway,None,60,03:28:00,Rural,Fine no high winds,No,21 - 25,8,Rural,6,1997,Parked vehicle,None,Other/Not known (2005-10),Not at or within 20 metres of junction,,306 D TURBO HDI,Heavy oil,Male,Skidded,No tow/articulation,Offside,0,Going ahead other,1,Car,No,Front,2021
2009400D02875,Unclassified,129,NA,,Serious,None,21-03-2019,Sunday,1,Give way or uncontrolled,Other junction,18.5360738,Darkness - no lighting,513280,241650,73.76663957,E01017412,1,1,0,0,Dry,Single carriageway,None,60,03:09:00,Rural,Fine no high winds,No,21 - 25,8,Urban area,9,2494,None,Tree,Other/Not known (2005-10),Mid Junction - on roundabout or on main road,,325 CI SPORT,Petrol,Male,Skidded,No tow/articulation,Nearside,0,Going ahead right-hand bend,1,Car,No,Front,2021
200922F904325,B,5009,NA,0,Serious,None,05-04-2020,Sunday,1,Data missing or out of range,Not at junction or within 20 metres,18.52677376,Darkness - no lighting,333630,327640,73.92603993,E01028922,1,1,0,0,Dry,Single carriageway,None,60,02:30:00,Rural,Fine no high winds,No,21 - 25,8,Data missing or out of range,NA,1587,None,Other permanent object,Other/Not known (2005-10),Not at or within 20 metres of junction,,SAXO VTR,Petrol,Male,Skidded,No tow/articulation,Offside,0,Going ahead left-hand bend,1,Car,No,Front,2021
2007600WR7065,B,4500,NA,0,Serious,None,29-11-2021,Wednesday,1,Data missing or out of range,Not at junction or within 20 metres,18.60730727,Darkness - no lighting,325210,338320,73.76481898,,1,1,0,0,Dry,Single carriageway,None,60,21:46:00,Rural,Fine no high winds,No,21 - 25,8,Urban area,NA,1598,None,Tree,Other/Not known (2005-10),Not at or within 20 metres of junction,,,Petrol,Male,None,No tow/articulation,Offside,0,Going ahead right-hand bend,1,Car,No,Front,2021
200743P177087,A,40,NA,0,Serious,None,22-08-2021,Wednesday,1,Data missing or out of range,Not at junction or within 20 metres,27.1043667,Darkness - no lighting,440420,210440,93.61510671,E01028787,7,3,0,0,Wet or damp,Single carriageway,None,60,21:05:00,Rural,Fine no high winds,No,21 - 25,8,Urban area,1,989,None,None,Other/Not known (2005-10),Not at or within 20 metres of junction,,SIRION +,Petrol,Male,Skidded,No tow/articulation,Offside,0,Overtaking moving vehicle - offside,1,Car,No,Front,2019
200830B000453,B,5055,NA,0,Serious,None,27-10-2020,Sunday,1,Data missing or out of range,Not at junction or within 20 metres,22.99996125,Darkness - no lighting,420810,367940,72.59597378,E01019599,2,1,0,0,Wet or damp,Single carriageway,None,60,02:15:00,Rural,Fine no high winds,No,21 - 25,8,Small town,8,1242,None,Tree,Other/Not known (2005-10),Not at or within 20 metres of junction,,PUNTO ELX 16V,Petrol,Female,None,No tow/articulation,Offside,0,Going ahead other,1,Car,No,Front,2019
200822DA88614,Motorway,42,NA,0,Serious,None,23-05-2019,Sunday,1,Data missing or out of range,Not at junction or within 20 metres,18.62786402,Darkness - lights lit,395770,272910,73.89935384,E01032127,2,4,0,0,Wet or damp,Dual carriageway,None,70,03:30:00,Rural,Fine no high winds,No,16 - 20,8,Rural,9,1686,None,Central crash barrier,Other/Not known (2005-10),Not at or within 20 metres of junction,,ASTRA LS DTI,Heavy oil,Male,Skidded and overturned,No tow/articulation,Offside - crossed central reservation,0,Going ahead left-hand bend,1,Car,No,Front,2021
200743N082027,Motorway,4,NA,0,Serious,None,12-06-2021,Wednesday,1,Data missing or out of range,Not at junction or within 20 metres,19.08287006,Darkness - lights lit,493030,180060,72.84896294,E01017814,2,1,0,0,Dry,Dual carriageway,None,70,01:20:00,Rural,Fine no high winds,No,16 - 20,8,Urban area,7,2793,None,None,Other/Not known (2005-10),Not at or within 20 metres of junction,,528I SE AUTO,Petrol,Male,Skidded and overturned,No tow/articulation,Nearside,0,Going ahead right-hand bend,1,Car,No,Nearside,2021
200930M010030,Motorway,1,Motorway,1,Serious,None,30-08-2019,Sunday,2,Give way or uncontrolled,Slip road,27.0948408,Darkness - no lighting,445800,355890,93.63065246,E01019501,2,2,0,0,Dry,Dual carriageway,Roadworks,70,21:55:00,Rural,Fine no high winds,No,16 - 20,8,Urban area,6,1242,Road works,None,Other/Not known (2005-10),Cleared junction or waiting/parked at junction exit,,PUNTO ELX 16V,Petrol,Male,Skidded,No tow/articulation,Did not leave carriageway,0,Changing lane to right,1,Car,No,Offside,2019
200914C001909,Motorway,1,NA,0,Serious,None,02-10-2020,Saturday,1,Not at junction or within 20 metres,Not at junction or within 20 metres,22.73450223,Darkness - no lighting,447380,383400,75.82999504,E01007750,1,6,0,0,Wet or damp,Dual carriageway,None,70,19:20:00,Rural,Fine no high winds,No,16 - 20,8,Small town,7,1124,None,None,Other/Not known (2005-10),Not at or within 20 metres of junction,,206 STYLE,Petrol,Male,None,No tow/articulation,Did not leave carriageway,0,Going ahead other,1,Car,No,Did not impact,2020
200934TS51939,A,43,NA,0,Serious,None,09-04-2021,Monday,1,Data missing or out of range,Not at junction or within 20 metres,28.66624649,Darkness - no lighting,467560,244480,77.15295033,E01027295,2,1,0,0,Wet or damp,Dual carriageway,None,70,22:05:00,Rural,Fine no high winds,No,16 - 20,8,Small town,7,1798,None,None,Pupil riding to/from school,Not at or within 20 metres of junction,,MONDEO ZETEC,Petrol,Female,Skidded and overturned,No tow/articulation,Nearside,0,Going ahead other,1,Car,No,Front,2021
200750F52C008,A,38,NA,0,Serious,None,17-03-2020,Tuesday,1,Not at junction or within 20 metres,Not at junction or within 20 metres,28.49039001,Darkness - no lighting,272370,61210,77.09361741,E01020157,2,2,0,0,Wet or damp,Dual carriageway,None,70,00:50:00,Rural,Raining no high winds,No,16 - 20,8,Rural,5,1298,None,None,Data missing or out of range,Not at or within 20 metres of junction,,MICRA GX,Petrol,Female,None,No tow/articulation,Did not leave carriageway,0,Going ahead other,2,Car,No,Front,2019
200991NE08305,A,9,Unclassified,0,Serious,None,28-04-2021,Sunday,1,Give way or uncontrolled,Slip road,27.10428162,Daylight,261390,850450,93.62766375,,1,2,0,0,Dry,Dual carriageway,None,70,10:51:00,Rural,Fine no high winds,Yes,16 - 20,8,Small town,NA,1497,None,None,Other/Not known (2005-10),Approaching junction or waiting/parked at junction approach,,ALMERA E,Petrol,Male,Skidded,No tow/articulation,Did not leave carriageway,0,Going ahead other,1,Car,No,Front,2019
201004TA10123,Motorway,65,NA,0,Serious,None,19-07-2010,Monday,1,Data missing or out of range,Not at junction or within 20 metres,53.83453,Daylight,385170,437610,-2.226832,E01025229,1,2,0,0,Dry,Dual carriageway,None,70,14:20:00,Rural,Fine no high winds,No,16 - 20,8,Small town,4,1998,None,None,Other/Not known (2005-10),Not at or within 20 metres of junction,FORD,MONDEO ZETEC TDCI,Heavy oil,Male,None,No tow/articulation,Did not leave carriageway,0,Going ahead other,2,Car,No,Nearside,2010
200950BB2F011,A,30,Unclassified,0,Serious,None,11-03-2020,Thursday,1,Give way or uncontrolled,Crossroads,27.10199315,Daylight,209190,69330,93.61093568,E01018926,4,2,0,0,Dry,Dual carriageway,None,70,19:30:00,Rural,Fine no high winds,No,16 - 20,8,Urban area,2,796,None,None,Other/Not known (2005-10),Mid Junction - on roundabout or on main road,,MATIZ SE PLUS,Petrol,Female,None,No tow/articulation,Did not leave carriageway,1,Turning left,1,Car,No,Offside,2019
200745GU01272,A,25,Unclassified,0,Serious,None,03-09-2021,Friday,1,Give way or uncontrolled,T or staggered junction,8.876553307,Daylight,505990,148390,76.63373897,E01030491,2,3,0,0,Dry,Dual carriageway,None,70,08:24:00,Rural,Fine no high winds,No,16 - 20,8,Rural,9,1199,None,None,Journey as part of work,Entering main road,,CORSA BREEZE 16V AUTO,Petrol,Female,None,No tow/articulation,Did not leave carriageway,0,Moving off,1,Car,No,Nearside,2020
200920Z500401,Motorway,6,Unclassified,0,Serious,None,26-08-2020,Friday,1,Give way or uncontrolled,Slip road,19.13593274,Daylight,399120,299070,72.84326703,E01010270,1,2,0,0,Dry,Dual carriageway,Roadworks,70,08:39:00,Urban,Fine no high winds,No,16 - 20,8,Urban area,7,1242,None,None,Journey as part of work,Approaching junction or waiting/parked at junction approach,,FIESTA LX ZETEC,Petrol,Female,None,No tow/articulation,Did not leave carriageway,0,Changing lane to left,1,Car,No,Nearside,2021
201011SL08220,A,2000,NA,0,Serious,None,01-04-2010,Thursday,1,Data missing or out of range,Not at junction or within 20 metres,54.706595,Daylight,431970,534730,-1.505357,E01020797,3,1,0,0,Dry,Roundabout,None,70,22:00:00,Rural,Fine no high winds,No,16 - 20,8,Urban area,2,1124,None,Near/Offside crash barrier,Other/Not known (2005-10),Not at or within 20 metres of junction,PEUGEOT,206 STYLE,Petrol,Female,None,No tow/articulation,Nearside and rebounded,0,Going ahead other,1,Car,No,Front,2010
20074100T1024,Motorway,1,NA,0,Serious,None,11-08-2019,Friday,1,Not at junction or within 20 metres,Not at junction or within 20 metres,19.06847679,Darkness - lights lit,511350,204220,72.8615297,E01023732,2,2,0,0,Wet or damp,Dual carriageway,None,70,17:43:00,Rural,Fine no high winds,No,21 - 25,8,Urban area,5,998,None,None,Other/Not known (2005-10),Not at or within 20 metres of junction,,MICRA GX,Petrol,Female,None,No tow/articulation,Did not leave carriageway,0,Changing lane to right,1,Car,No,Back,2021