Accident_Index,1st_Road_Class,1st_Road_Number,2nd_Road_Class,2nd_Road_Number,Accident_Severity,Carriageway_Hazards,Date,Day_of_Week,Did_Police_Officer_Attend_Scene_of_Accident,Junction_Control,Junction_Detail,Latitude,Light_Conditions,Location_Easting_OSGR,Location_Northing_OSGR,Longitude,LSOA_of_Accident_Location,Number_of_Casualties,Number_of_Vehicles,Pedestrian_Crossing-Human_Control,Pedestrian_Crossing-Physical_Facilities,Road_Surface_Conditions,Road_Type,Special_Conditions_at_Site,Speed_limit,Time,Urban_or_Rural_Area,Weather_Conditions,InScotland,Age_Band_of_Driver,Age_of_Vehicle,Driver_Home_Area_Type,Driver_IMD_Decile,Engine_Capacity_.CC.,Hit_Object_in_Carriageway,Hit_Object_off_Carriageway,Journey_Purpose_of_Driver,Junction_Location,make,model,Propulsion_Code,Sex_of_Driver,Skidding_and_Overturning,Towing_and_Articulation,Vehicle_Leaving_Carriageway,Vehicle_Location.Restricted_Lane,Vehicle_Manoeuvre,Vehicle_Reference,Vehicle_Type,Was_Vehicle_Left_Hand_Drive,X1st_Point_of_Impact,Year
200750F45M509,A,38,NA,0,Serious,None,21-06-2020,Saturday,1,Not at junction or within 20 metres,Not at junction or within 20 metres,28.5354564,Darkness - no lighting,273620,65670,77.33054436,E01020199,2,2,0,0,Wet or damp,Dual carriageway,None,70,05:31:00,Rural,Fine no high winds,No,21 - 25,8,Urban area,3,1598,None,Central crash barrier,Data missing or out of range,Not at or within 20 metres of junction,,ASTRA ENVOY 8V,Petrol,Male,None,No tow/articulation,Offside on to centrl res + rebounded,0,Going ahead other,1,Car,No,Front,2020
200842I438712,A,133,NA,0,Serious,None,03-09-2021,Sunday,1,Not at junction or within 20 metres,Not at junction or within 20 metres,28.62722294,Darkness - no lighting,604630,224500,77.25136454,E01022051,4,1,0,0,Frost or ice,Dual carriageway,None,70,19:55:00,Rural,Fine no high winds,No,21 - 25,8,Urban area,2,1749,None,Entered ditch,Other/Not known (2005-10),Not at or within 20 metres of junction,,,Petrol,Male,Skidded and overturned,No tow/articulation,Nearside,0,Going ahead other,1,Car,No,Nearside,2021
201011SK29600,A,177,NA,0,Serious,None,11-12-2010,Saturday,1,Data missing or out of range,Not at junction or within 20 metres,54.639559,Darkness - no lighting,437180,527310,-1.425446,E01020828,1,4,0,0,Frost or ice,Dual carriageway,None,70,05:40:00,Rural,Fine no high winds,No,21 - 25,8,Small town,1,1124,None,Tree,Other/Not known (2005-10),Not at or within 20 metres of junction,PEUGEOT,106 INDEPENDENCE,Petrol,Male,Skidded,No tow/articulation,Offside,0,Going ahead right-hand bend,3,Car,No,Nearside,2010
201042I431412,A,12,NA,0,Serious,Previous accident,14-01-2021,Tuesday,1,Not at junction or within 20 metres,Not at junction or within 20 metres,23.08289871,Darkness - no lighting,574720,204630,72.52752126,E01021571,1,3,0,0,Wet or damp,Dual carriageway,None,70,18:30:00,Rural,Fog or mist,No,21 - 25,8,Rural,4,1149,None,None,Other/Not known (2005-10),Not at or within 20 metres of junction,,CLIO DYNAMIQUE 16V,Petrol,Male,None,No tow/articulation,Did not leave carriageway,0,Waiting to go - held up,2,Car,No,Back,2019
200843P136058,A,40,NA,0,Serious,None,27-09-2020,Sunday,1,Data missing or out of range,Not at junction or within 20 metres,22.04834371,Daylight,453430,208690,82.11461914,E01028561,3,3,0,0,Dry,Dual carriageway,None,70,15:17:00,Rural,Fine no high winds,No,21 - 25,8,Rural,6,1998,None,None,Other/Not known (2005-10),Not at or within 20 metres of junction,,306 GTI 6,Petrol,Male,Overturned,No tow/articulation,Offside on to central reservation,0,Going ahead other,1,Car,No,Front,2019
200943W205089,A,4,Motorway,4,Serious,None,01-10-2021,Sunday,2,Auto traffic signal,Roundabout,28.64529837,Daylight,465080,171480,77.37050956,E01016344,1,2,0,0,Dry,Roundabout,None,70,11:30:00,Rural,Fine no high winds,No,21 - 25,8,Urban area,4,1598,None,None,Other/Not known (2005-10),Mid Junction - on roundabout or on main road,,ASTRA CLUB 8V,Petrol,Male,None,No tow/articulation,Did not leave carriageway,0,Going ahead other,2,Car,No,Offside,2020
200937G027799,A,12,NA,0,Serious,None,29-05-2019,Monday,1,Data missing or out of range,Not at junction or within 20 metres,18.62755924,Daylight,608350,237170,73.86002705,E01029903,1,2,0,0,Dry,Dual carriageway,None,70,10:40:00,Rural,Fine no high winds,No,21 - 25,8,Urban area,7,599,None,None,Other/Not known (2005-10),Not at or within 20 metres of junction,,TT 600,Petrol,Male,Skidded,No tow/articulation,Did not leave carriageway,0,Going ahead other,2,Motorcycle over 500cc,No,Nearside,2021
200797QB72201,Motorway,74,NA,0,Serious,None,02-09-2019,Friday,2,Data missing or out of range,Not at junction or within 20 metres,14.69716639,Daylight,270810,659740,78.58845946,,2,4,0,0,Wet or damp,Dual carriageway,None,70,07:30:00,Urban,Fine no high winds,Yes,21 - 25,8,Urban area,NA,2496,None,None,Journey as part of work,Not at or within 20 metres of junction,,,Heavy oil,Male,None,No tow/articulation,Did not leave carriageway,0,Going ahead other,1,Van / Goods 3.5 tonnes mgw or under,No,Nearside,2019
200850JS2K013,A,38,NA,0,Serious,Previous accident,10-12-2021,Friday,1,Data missing or out of range,Not at junction or within 20 metres,14.74879268,Daylight,266480,56430,78.5449622,E01020160,5,5,0,0,Dry,Dual carriageway,None,70,17:48:00,Rural,Fine no high winds,No,21 - 25,8,Urban area,8,1299,None,None,Other/Not known (2005-10),Not at or within 20 metres of junction,,KA MILLENIUM,Petrol,Female,None,No tow/articulation,Did not leave carriageway,0,Going ahead other,3,Car,No,Back,2019
200843S127048,B,4034,C,146,Serious,None,25-05-2020,Monday,1,Give way or uncontrolled,Roundabout,26.767524,Daylight,486210,238900,94.17127414,E01016768,3,2,0,0,Dry,Roundabout,None,70,16:15:00,Urban,Fine no high winds,No,21 - 25,8,Urban area,4,1996,None,None,Commuting to/from work,Leaving roundabout,,PT CRUISER LIMITED EDITION,Petrol,Female,None,No tow/articulation,Did not leave carriageway,0,Turning right,2,Car,No,Front,2019
200897NC01901,A,80,NA,0,Serious,Other object on road,22-06-2020,Monday,1,Data missing or out of range,Not at junction or within 20 metres,28.6153424,Daylight,274580,674300,77.32407625,,4,1,0,0,Wet or damp,Dual carriageway,None,70,14:20:00,Rural,Raining no high winds,Yes,21 - 25,8,Small town,NA,1997,Other object,Tree,Other/Not known (2005-10),Not at or within 20 metres of junction,,XSARA PICASSO SX HDI,Heavy oil,Male,None,No tow/articulation,Nearside,0,Going ahead other,1,Car,No,Offside,2020
201005DD02390,Motorway,62,NA,0,Serious,None,26-03-2010,Friday,1,Data missing or out of range,Not at junction or within 20 metres,53.401565,Daylight,350130,389680,-2.751552,E01006889,16,13,0,0,Wet or damp,Dual carriageway,None,70,16:54:00,Rural,Raining no high winds,No,21 - 25,8,Urban area,8,1198,None,None,Commuting to/from work,Not at or within 20 metres of junction,VOLKSWAGEN,POLO E,Petrol,Male,None,No tow/articulation,Did not leave carriageway,0,Going ahead other,9,Car,No,Back,2010
200806X007930,Motorway,61,NA,0,Serious,None,02-01-2019,Saturday,1,Not at junction or within 20 metres,Not at junction or within 20 metres,14.74528884,Darkness - lights lit,363730,409070,78.56192472,E01004775,5,1,0,0,Dry,Dual carriageway,None,70,18:55:00,Rural,Fine no high winds,No,26 - 35,8,Urban area,3,1985,None,Road sign or traffic signal,Other/Not known (2005-10),Not at or within 20 metres of junction,,09-May,Petrol,Male,Overturned,No tow/articulation,Nearside,0,Changing lane to left,1,Car,No,Front,2019
200942I438612,A,127,NA,0,Serious,None,10-05-2021,Saturday,1,Not at junction or within 20 metres,Not at junction or within 20 metres,13.01211623,Darkness - lights lit,566310,190030,77.62107415,E01021277,3,2,0,0,Dry,Dual carriageway,None,70,22:48:00,Rural,Fine no high winds,No,26 - 35,8,Urban area,8,3199,None,None,Other/Not known (2005-10),Not at or within 20 metres of junction,,C320 AVANTGARDE AUTO,Petrol,Male,None,No tow/articulation,Did not leave carriageway,0,Going ahead other,1,Car,No,Front,2020
200843R261128,Motorway,4,NA,0,Serious,None,03-04-2019,Monday,1,Data missing or out of range,Not at junction or within 20 metres,26.46573398,Darkness - lights lit,503860,178290,74.64078809,E01016481,4,6,0,0,Dry,Dual carriageway,None,70,14:47:00,Rural,Fine no high winds,No,26 - 35,8,Urban area,3,1242,None,None,Journey as part of work,Not at or within 20 metres of junction,,BRAVO 80 SX,Petrol,Male,None,No tow/articulation,Did not leave carriageway,0,Going ahead other,3,Car,No,Front,2020
20084100T3108,Motorway,25,NA,0,Serious,None,07-05-2020,Wednesday,1,Not at junction or within 20 metres,Not at junction or within 20 metres,18.55188976,Darkness - lights lit,523990,199980,73.86154042,E01023567,2,1,0,0,Dry,Dual carriageway,None,70,22:42:00,Rural,Fine no high winds,No,26 - 35,8,Urban area,8,2461,None,Entered ditch,Journey as part of work,Not at or within 20 metres of junction,,LT 35 TDI LWB,Heavy oil,Male,Skidded and overturned,No tow/articulation,Offside on to central reservation,0,Changing lane to right,1,Van / Goods 3.5 tonnes mgw or under,No,Front,2021
200737B027552,A,14,NA,0,Serious,None,17-03-2020,Thursday,1,Data missing or out of range,Not at junction or within 20 metres,26.72042119,Darkness - no lighting,598360,262540,94.17131737,E01030089,1,2,0,0,Dry,Dual carriageway,None,70,20:55:00,Rural,Fine no high winds,No,26 - 35,8,Urban area,5,1970,None,None,Other/Not known (2005-10),Not at or within 20 metres of junction,,,Petrol,Male,None,No tow/articulation,Did not leave carriageway,0,Going ahead other,1,Car,No,Front,2019
200937B041517,A,14,NA,0,Serious,None,27-01-2019,Thursday,1,Data missing or out of range,Not at junction or within 20 metres,25.77150333,Darkness - no lighting,561020,263520,87.46784142,E01029937,2,4,0,0,Wet or damp,Dual carriageway,None,70,04:40:00,Rural,Fine no high winds,No,26 - 35,8,Urban area,5,5480,Parked vehicle,None,Journey as part of work,Not at or within 20 metres of junction,,,Heavy oil,Male,None,No tow/articulation,Did not leave carriageway,0,Going ahead other,2,Goods 7.5 tonnes mgw and over,No,Front,2019
200737G023829,A,12,NA,0,Serious,None,13-08-2021,Tuesday,1,Data missing or out of range,Not at junction or within 20 metres,19.1918205,Darkness - no lighting,612330,241220,72.93016107,E01029879,1,2,0,0,Wet or damp,Dual carriageway,None,70,17:40:00,Rural,Fine no high winds,No,26 - 35,8,Urban area,4,599,None,None,Commuting to/from work,Not at or within 20 metres of junction,,ZX 600-E6,Petrol,Male,None,No tow/articulation,Did not leave carriageway,0,Overtaking - nearside,2,Motorcycle over 500cc,No,Back,2021
200743P265117,A,41,NA,0,Serious,None,01-11-2021,Wednesday,1,Data missing or out of range,Not at junction or within 20 metres,23.08180135,Darkness - no lighting,457290,221220,72.55782598,E01028424,1,4,0,0,Wet or damp,Dual carriageway,None,70,17:27:00,Rural,Fine no high winds,No,26 - 35,8,Urban area,10,998,None,None,Other/Not known (2005-10),Not at or within 20 metres of junction,,MICRA PROFILE 16V,Petrol,Female,None,No tow/articulation,Did not leave carriageway,0,Going ahead other,3,Car,No,Back,2019
201011SK29600,A,177,NA,0,Serious,None,11-12-2010,Saturday,1,Data missing or out of range,Not at junction or within 20 metres,54.639559,Darkness - no lighting,437180,527310,-1.425446,E01020828,1,4,0,0,Frost or ice,Dual carriageway,None,70,05:40:00,Rural,Fine no high winds,No,26 - 35,8,Urban area,4,1997,None,Tree,Other/Not known (2005-10),Not at or within 20 metres of junction,PEUGEOT,206 CC,Petrol,Female,Skidded,No tow/articulation,Offside,0,Going ahead right-hand bend,4,Car,No,Back,2010
2010160C00611,Motorway,62,NA,0,Serious,None,10-02-2010,Wednesday,1,Data missing or out of range,Not at junction or within 20 metres,53.762708,Darkness - no lighting,483040,430330,-0.741789,E01013026,3,7,0,0,Frost or ice,Dual carriageway,None,70,06:48:00,Rural,Fine no high winds,No,26 - 35,8,Rural,6,1299,None,Central crash barrier,Other/Not known (2005-10),Not at or within 20 metres of junction,FORD,KA COLLECTION,Petrol,Female,Skidded,No tow/articulation,Nearside,0,Going ahead other,1,Car,No,Front,2010
200804TA08257,Motorway,6,NA,0,Serious,None,05-09-2019,Sunday,1,Data missing or out of range,Not at junction or within 20 metres,28.70612107,Darkness - no lighting,349930,466050,77.23686692,E01025159,2,3,0,0,Frost or ice,Dual carriageway,None,70,21:35:00,Rural,Other,No,26 - 35,8,Urban area,NA,2946,None,None,Other/Not known (2005-10),Not at or within 20 metres of junction,,406 COUPE V6,Petrol,Male,Skidded,No tow/articulation,Did not leave carriageway,0,Going ahead other,1,Car,No,Back,2020
200750F52C008,A,38,NA,0,Serious,None,19-05-2019,Tuesday,1,Not at junction or within 20 metres,Not at junction or within 20 metres,18.53643234,Darkness - no lighting,272370,61210,73.78227551,E01020157,2,2,0,0,Wet or damp,Dual carriageway,None,70,00:50:00,Rural,Raining no high winds,No,26 - 35,8,Rural,7,11021,None,None,Data missing or out of range,Not at or within 20 metres of junction,,,Heavy oil,Male,None,No tow/articulation,Did not leave carriageway,0,Moving off,1,Goods 7.5 tonnes mgw and over,No,Back,2021
200906X014557,Motorway,60,NA,0,Serious,None,14-02-2021,Thursday,1,Not at junction or within 20 metres,Not at junction or within 20 metres,25.78239949,Daylight,391100,394820,87.49494153,E01005989,1,1,0,0,Dry,Slip road,None,70,19:10:00,Rural,Fine no high winds,No,26 - 35,8,Data missing or out of range,NA,1242,None,Lamp post,Other/Not known (2005-10),Not at or within 20 metres of junction,,BRAVO 80 16V SX FORMULA,Petrol,Male,Overturned,No tow/articulation,Nearside,0,Going ahead other,1,Car,No,Front,2019
201037G029720,A,12,NA,0,Serious,None,19-08-2021,Saturday,1,Data missing or out of range,Not at junction or within 20 metres,15.21623916,Daylight,606270,236000,74.11138572,E01029882,2,1,0,0,Dry,Dual carriageway,None,70,16:42:00,Rural,Fine no high winds,No,26 - 35,8,Urban area,10,1896,None,Central crash barrier,Other/Not known (2005-10),Not at or within 20 metres of junction,,GOLF TDI SE,Heavy oil,Male,None,No tow/articulation,Offside - crossed central reservation,0,Going ahead other,1,Car,No,Offside,2019
2008400D02795,Motorway,1,NA,0,Serious,None,20-02-2019,Monday,1,Data missing or out of range,Not at junction or within 20 metres,22.76786776,Daylight,506510,221360,75.81817445,E01017562,1,2,0,0,Dry,Dual carriageway,None,70,09:21:00,Rural,Fine no high winds,No,26 - 35,8,Urban area,4,1299,None,Tree,Other/Not known (2005-10),Not at or within 20 metres of junction,,KA NOW,Petrol,Male,Skidded,No tow/articulation,Nearside,0,Going ahead other,1,Car,No,Nearside,2020
2009170S11959,A,19,NA,0,Serious,None,07-05-2020,Saturday,1,Data missing or out of range,Not at junction or within 20 metres,26.45636949,Daylight,445980,520850,80.30412939,E01012278,1,1,0,0,Dry,Dual carriageway,None,70,08:55:00,Rural,Fine no high winds,No,26 - 35,8,Urban area,3,1587,None,Tree,Other/Not known (2005-10),Not at or within 20 metres of junction,,SAXO VTR,Petrol,Male,Skidded,No tow/articulation,Nearside,0,Going ahead other,1,Car,No,Front,2020
200745WA10267,A,31,NA,0,Serious,None,27-03-2019,Friday,1,Data missing or out of range,Not at junction or within 20 metres,18.5196788,Daylight,485730,147480,73.85430017,E01030894,1,3,0,0,Dry,Dual carriageway,None,70,15:24:00,Rural,Fine no high winds,No,26 - 35,8,Rural,7,2496,None,None,Other/Not known (2005-10),Not at or within 20 metres of junction,,A6 2.5 TDI SE,Heavy oil,Male,None,No tow/articulation,Did not leave carriageway,0,Changing lane to left,1,Car,No,Nearside,2021
20093104A0919,A,38,Unclassified,0,Serious,Other object on road,21-03-2021,Friday,1,Auto traffic signal,T or staggered junction,18.61336346,Daylight,448210,357620,73.96016436,E01027957,3,4,0,5,Dry,Dual carriageway,None,70,12:13:00,Rural,Fine no high winds,No,26 - 35,8,Urban area,2,1997,None,None,Other/Not known (2005-10),Mid Junction - on roundabout or on main road,,206 HDI D TURBO,Heavy oil,Male,None,No tow/articulation,Did not leave carriageway,0,Going ahead other,2,Car,No,Front,2021
200945EL43582,Motorway,25,NA,0,Serious,None,23-06-2019,Saturday,1,Data missing or out of range,Not at junction or within 20 metres,19.15127649,Daylight,510740,157660,72.83864445,E01030302,5,3,0,0,Dry,Dual carriageway,None,70,11:35:00,Rural,Fine no high winds,No,26 - 35,8,Urban area,7,1998,None,Central crash barrier,Other/Not known (2005-10),Not at or within 20 metres of junction,,TRANSIT 280 SWB TD,Heavy oil,Male,None,No tow/articulation,Offside on to central reservation,0,Slowing or stopping,2,Van / Goods 3.5 tonnes mgw or under,No,Back,2021
200897KC05611,A,78,NA,0,Serious,None,19-05-2021,Tuesday,1,Data missing or out of range,Not at junction or within 20 metres,14.78274622,Daylight,221610,673360,78.62390343,,1,1,0,0,Frost or ice,Dual carriageway,None,70,09:40:00,Rural,Fine no high winds,Yes,26 - 35,8,Urban area,NA,1794,None,Tree,Other/Not known (2005-10),Not at or within 20 metres of junction,,AVENSIS GS VVT-I,Petrol,Male,Skidded,No tow/articulation,Nearside,0,Going ahead other,1,Car,No,Nearside,2019
200922E902838,A,40,NA,0,Serious,None,03-07-2020,Monday,1,Data missing or out of range,Not at junction or within 20 metres,25.77537366,Daylight,354430,217130,87.48863325,E01014031,2,1,0,0,Dry,Dual carriageway,None,70,16:50:00,Rural,Fine no high winds,No,26 - 35,8,Urban area,NA,973,None,Central crash barrier,Other/Not known (2005-10),Not at or within 20 metres of junction,,CORSA COMFORT 12V,Petrol,Female,Skidded and overturned,No tow/articulation,Offside on to centrl res + rebounded,0,Going ahead right-hand bend,1,Car,No,Offside,2019
200901XH30803,Motorway,25,NA,0,Serious,None,16-01-2019,Wednesday,1,Data missing or out of range,Not at junction or within 20 metres,8.864907844,Daylight,504470,177650,76.66922661,E01002444,1,3,0,0,Dry,Dual carriageway,None,70,10:17:00,Rural,Fine no high winds,No,26 - 35,8,Urban area,8,1896,None,None,Other/Not known (2005-10),Not at or within 20 metres of junction,,A6 1.9 TDI SE,Heavy oil,Female,None,No tow/articulation,Did not leave carriageway,0,Changing lane to right,1,Car,No,Offside,2020
200743P116077,A,34,NA,0,Serious,None,05-06-2019,Monday,1,Data missing or out of range,Not at junction or within 20 metres,26.44038271,Daylight,448910,186400,80.26759597,E01028729,1,1,0,0,Dry,Dual carriageway,None,70,14:02:00,Rural,Fine no high winds,No,26 - 35,8,Urban area,7,2299,None,None,Journey as part of work,Not at or within 20 metres of junction,,208D SWB,Heavy oil,Female,Overturned,No tow/articulation,Nearside,0,Going ahead other,1,Van / Goods 3.5 tonnes mgw or under,No,Offside,2020
201043P099020,A,4074,A,4074,Serious,None,07-06-2021,Monday,1,Give way or uncontrolled,Slip road,17.2010609,Daylight,453940,201410,80.3461895,E01028657,1,2,0,0,Wet or damp,Dual carriageway,None,70,19:17:00,Rural,Fine no high winds,No,26 - 35,8,Data missing or out of range,NA,1299,None,None,Commuting to/from work,Entering from slip road,,KA COLLECTION,Petrol,Female,None,No tow/articulation,Did not leave carriageway,0,Changing lane to right,1,Car,No,Front,2021
2009400D03014,A,6,NA,,Serious,None,10-02-2020,Tuesday,1,Give way or uncontrolled,Other junction,26.44954168,Daylight,507420,239180,80.3259783,E01017419,1,2,0,0,Wet or damp,Dual carriageway,None,70,06:22:00,Rural,Raining no high winds,No,26 - 35,8,Urban area,9,1594,None,None,Commuting to/from work,Mid Junction - on roundabout or on main road,,SHUMA SX,Petrol,Male,None,No tow/articulation,Did not leave carriageway,0,Going ahead other,2,Car,No,Front,2020
200845SU29527,A,322,NA,0,Serious,Any animal in carriageway (except ridden horse),02-04-2019,Friday,1,Data missing or out of range,Not at junction or within 20 metres,14.68100996,Daylight,492340,162540,78.46333771,E01030781,1,1,0,8,Dry,Dual carriageway,None,70,16:30:00,Rural,Unknown,No,26 - 35,8,Urban area,8,599,Any animal (except ridden horse),None,Other/Not known (2005-10),Not at or within 20 metres of junction,,ZX600-J1,Petrol,Male,Skidded,No tow/articulation,Did not leave carriageway,0,Going ahead other,1,Motorcycle over 500cc,No,Front,2019
200906X013200,Motorway,60,NA,0,Serious,None,01-07-2021,Sunday,1,Not at junction or within 20 metres,Not at junction or within 20 metres,26.75162789,Darkness - lights lit,374910,399450,94.18505072,E01005738,2,2,0,0,Dry,Dual carriageway,None,70,01:05:00,Rural,Fine no high winds,No,36 - 45,8,Urban area,5,2597,None,None,Other/Not known (2005-10),Not at or within 20 metres of junction,,VECTRA CDX V6,Petrol,Male,None,No tow/articulation,Did not leave carriageway,0,Going ahead other,2,Car,No,Offside,2019
200845TA26224,Motorway,25,NA,0,Serious,None,16-10-2020,Friday,1,Data missing or out of range,Not at junction or within 20 metres,8.896420062,Darkness - lights lit,532430,152750,76.65635729,E01030815,1,2,0,0,Dry,Dual carriageway,None,70,04:29:00,Rural,Fine no high winds,No,36 - 45,8,Urban area,10,2457,None,None,Other/Not known (2005-10),Not at or within 20 metres of junction,,LEGACY OUTBACK AWD AUTO,Petrol,Male,None,No tow/articulation,Did not leave carriageway,0,Going ahead other,1,Car,No,Front,2020
201006L040187,A,580,NA,0,Serious,None,09-12-2010,Thursday,1,Data missing or out of range,Not at junction or within 20 metres,53.472492,Darkness - lights lit,364690,397440,-2.533444,E01006301,1,12,0,0,Frost or ice,Dual carriageway,None,60,06:15:00,Rural,Fine no high winds,No,46 - 55,8,Urban area,1,1994,None,None,Other/Not known (2005-10),Not at or within 20 metres of junction,VAUXHALL,VECTRA LS DTI 16V,Heavy oil,Male,Skidded,No tow/articulation,Did not leave carriageway,0,Going ahead other,5,Car,No,Front,2010
201011SC06500,A,67,NA,0,Serious,None,11-03-2010,Thursday,1,Data missing or out of range,Not at junction or within 20 metres,54.521754,Darkness - lights lit,399730,514050,-2.005682,E01020863,1,2,0,0,Dry,Single carriageway,None,60,19:36:00,Rural,Fine no high winds,No,46 - 55,8,Urban area,7,1399,None,None,Other/Not known (2005-10),Not at or within 20 metres of junction,FORD,FUSION 2 TDCI,Heavy oil,Male,None,No tow/articulation,Did not leave carriageway,0,Going ahead left-hand bend,2,Car,No,Front,2010
20084100B0093,B,6426,NA,0,Serious,None,16-05-2021,Wednesday,1,Not at junction or within 20 metres,Not at junction or within 20 metres,22.70424633,Darkness - lights lit,522550,208550,75.87438274,E01023924,1,2,0,4,Dry,Single carriageway,None,30,17:50:00,Urban,Fine no high winds,No,46 - 55,8,Urban area,NA,2500,None,None,Commuting to/from work,Not at or within 20 metres of junction,,323I SE,Petrol,Female,None,No tow/articulation,Did not leave carriageway,0,Slowing or stopping,2,Car,No,Back,2020
200801HT76480,A,1203,A,1202,Serious,None,22-10-2019,Friday,1,Auto traffic signal,Crossroads,26.44981812,Darkness - lights lit,534190,180680,80.2912542,E01004294,2,2,0,5,Frost or ice,Single carriageway,None,30,23:56:00,Urban,Fine no high winds,No,46 - 55,8,Urban area,7,1998,None,None,Other/Not known (2005-10),Mid Junction - on roundabout or on main road,,SERENA EXCURSION,Petrol,Female,None,No tow/articulation,Nearside,0,Going ahead other,2,Car,No,Front,2020
20074100D0710,A,4251,Unclassified,657,Serious,None,03-01-2019,Tuesday,2,Give way or uncontrolled,Roundabout,28.61796149,Darkness - lights lit,504230,206000,77.30161444,E01023382,1,2,0,0,Dry,Roundabout,None,30,22:30:00,Urban,Fine no high winds,No,46 - 55,8,Data missing or out of range,NA,1199,None,None,Other/Not known (2005-10),Entering roundabout,,CORSA 16V,Petrol,Female,None,No tow/articulation,Did not leave carriageway,0,Going ahead other,1,Car,No,Front,2020
200997AD70210,A,814,NA,0,Serious,None,03-05-2019,Friday,1,Data missing or out of range,Not at junction or within 20 metres,28.68935841,Darkness - lights lit,254150,666900,77.28709959,,1,1,0,0,Dry,Single carriageway,None,30,21:50:00,Urban,Fine no high winds,Yes,46 - 55,8,Urban area,NA,1997,None,None,Other/Not known (2005-10),Not at or within 20 metres of junction,,C5 HDI LX AUTO,Heavy oil,Female,None,No tow/articulation,Did not leave carriageway,0,Going ahead other,1,Car,No,Did not impact,2020
201001XD80096,A,40,NA,0,Serious,None,29-01-2010,Friday,1,Data missing or out of range,Not at junction or within 20 metres,51.535881,Darkness - lights lit,514880,183190,-0.345044,E01001266,1,3,0,0,Dry,Dual carriageway,None,50,06:35:00,Urban,Fine no high winds,No,46 - 55,8,Urban area,2,1794,None,None,Other/Not known (2005-10),Not at or within 20 metres of junction,TOYOTA,AVENSIS CDX VVT-I AUTO,Petrol,Female,None,No tow/articulation,Did not leave carriageway,0,Going ahead other,2,Car,No,Back,2010
200801GD70448,A,10,A,10,Serious,None,14-07-2020,Friday,1,Auto traffic signal,T or staggered junction,26.455066,Darkness - lights lit,533540,185190,80.27733969,E01001743,1,2,0,0,Wet or damp,Single carriageway,None,30,22:57:00,Urban,Other,No,46 - 55,8,Urban area,2,NA,None,None,Journey as part of work,Mid Junction - on roundabout or on main road,,,Heavy oil,Male,None,No tow/articulation,Did not leave carriageway,0,Going ahead other,1,Bus or coach (17 or more pass seats),No,Did not impact,2020
200904FL09012,Unclassified,0,Unclassified,0,Serious,None,23-11-2019,Saturday,1,Give way or uncontrolled,Other junction,28.55309165,Darkness - lights lit,381010,423440,77.35776416,E01025356,1,1,0,0,Frost or ice,Single carriageway,Oil or diesel,30,19:40:00,Urban,Other,No,46 - 55,8,Urban area,3,1242,None,Other permanent object,Other/Not known (2005-10),Mid Junction - on roundabout or on main road,,PUNTO ELX 8V,Petrol,Male,Skidded,No tow/articulation,Did not leave carriageway,0,Going ahead left-hand bend,1,Car,No,Front,2020
200797BF06212,Unclassified,0,Unclassified,0,Serious,None,04-04-2020,Saturday,1,Give way or uncontrolled,Private drive or entrance,18.55920132,Darkness - lights lit,261670,669440,73.82300517,,1,1,0,0,Frost or ice,Single carriageway,None,20,21:00:00,Urban,Other,Yes,46 - 55,8,Urban area,NA,2664,None,None,Journey as part of work,Leaving main road,,TX1 BRONZE,Heavy oil,Male,None,No tow/articulation,Did not leave carriageway,0,Turning right,1,Taxi/Private hire car,No,Did not impact,2021
200997AD00108,B,808,Unclassified,0,Serious,None,23-05-2021,Saturday,1,Auto traffic signal,T or staggered junction,14.74219912,Darkness - lights lit,256360,666730,78.53876108,,1,1,0,5,Wet or damp,Single carriageway,None,30,00:05:00,Urban,Raining no high winds,Yes,46 - 55,8,Urban area,NA,2664,None,Near/Offside crash barrier,Journey as part of work,Approaching junction or waiting/parked at junction approach,,TX1 BRONZE,Heavy oil,Male,None,No tow/articulation,Nearside,0,Going ahead left-hand bend,1,Taxi/Private hire car,No,Front,2019
200901CW19018,A,41,NA,0,Serious,None,01-03-2021,Saturday,1,Data missing or out of range,Not at junction or within 20 metres,14.66381637,Darkness - lights lit,525980,185160,78.5114404,E01000880,1,2,0,0,Wet or damp,Single carriageway,None,30,16:45:00,Urban,Raining no high winds,No,46 - 55,8,Urban area,6,3000,None,None,Journey as part of work,Not at or within 20 metres of junction,,330I SE AUTO,Petrol,Male,None,No tow/articulation,Did not leave carriageway,0,Turning right,2,Taxi/Private hire car,No,Nearside,2019
201042I267308,B,194,Unclassified,0,Serious,None,05-06-2020,Wednesday,1,Auto traffic signal,Crossroads,27.10103334,Darkness - lights lit,539080,205990,93.62010257,E01021793,1,2,0,0,Wet or damp,Single carriageway,None,30,22:08:00,Urban,Raining no high winds,No,46 - 55,8,Urban area,9,973,None,None,Other/Not known (2005-10),Mid Junction - on roundabout or on main road,,CORSA LIFE 12V,Petrol,Male,None,No tow/articulation,Did not leave carriageway,0,Going ahead other,2,Car,No,Front,2019