Accident_Index,1st_Road_Class,1st_Road_Number,2nd_Road_Class,2nd_Road_Number,Accident_Severity,Carriageway_Hazards,Date,Day_of_Week,Did_Police_Officer_Attend_Scene_of_Accident,Junction_Control,Junction_Detail,Latitude,Light_Conditions,Location_Easting_OSGR,Location_Northing_OSGR,Longitude,LSOA_of_Accident_Location,Number_of_Casualties,Number_of_Vehicles,Pedestrian_Crossing-Human_Control,Pedestrian_Crossing-Physical_Facilities,Road_Surface_Conditions,Road_Type,Special_Conditions_at_Site,Speed_limit,Time,Urban_or_Rural_Area,Weather_Conditions,InScotland,Age_Band_of_Driver,Age_of_Vehicle,Driver_Home_Area_Type,Driver_IMD_Decile,Engine_Capacity_.CC.,Hit_Object_in_Carriageway,Hit_Object_off_Carriageway,Journey_Purpose_of_Driver,Junction_Location,make,model,Propulsion_Code,Sex_of_Driver,Skidding_and_Overturning,Towing_and_Articulation,Vehicle_Leaving_Carriageway,Vehicle_Location.Restricted_Lane,Vehicle_Manoeuvre,Vehicle_Reference,Vehicle_Type,Was_Vehicle_Left_Hand_Drive,X1st_Point_of_Impact,Year
200906P018361,A,6046,Unclassified,0,Serious,None,07-02-2021,Sunday,1,Give way or uncontrolled,Crossroads,27.09228399,Darkness - lights lit,386080,410390,93.63210509,E01005501,4,2,0,4,Wet or damp,Single carriageway,Oil or diesel,30,02:25:00,Urban,Raining no high winds,No,46 - 55,8,Urban area,1,1598,None,None,Other/Not known (2005-10),Approaching junction or waiting/parked at junction approach,,NUBIRA SE,Petrol,Male,None,No tow/articulation,Did not leave carriageway,0,Going ahead right-hand bend,2,Car,No,Offside,2019
200901LX51141,A,3200,Unclassified,0,Serious,None,16-01-2020,Saturday,1,Give way or uncontrolled,T or staggered junction,25.78930904,Darkness - lights lit,530950,180050,87.47274875,E01003012,1,1,0,4,Wet or damp,Dual carriageway,None,40,01:40:00,Urban,Raining no high winds,No,46 - 55,8,Urban area,2,1794,None,None,Journey as part of work,Cleared junction or waiting/parked at junction exit,,AVENSIS GS VVT-I,Petrol,Male,None,No tow/articulation,Did not leave carriageway,0,Going ahead other,1,Car,No,Front,2019
20094100T1005,Motorway,1,Motorway,1,Serious,None,22-08-2020,Monday,1,Give way or uncontrolled,Slip road,28.47090654,Darkness - lights lit,511310,204450,76.97690226,E01023732,3,7,0,0,Wet or damp,Slip road,None,70,06:35:00,Rural,Raining no high winds,No,46 - 55,8,Urban area,6,1998,None,None,Commuting to/from work,Mid Junction - on roundabout or on main road,,MONDEO ZETEC TDDI,Heavy oil,Male,None,No tow/articulation,Did not leave carriageway,0,Waiting to go - held up,2,Car,No,Back,2019
200820H005101,A,454,Unclassified,0,Serious,None,09-10-2019,Friday,1,Give way or uncontrolled,Crossroads,12.98214441,Darkness - lights lit,405170,300130,77.59351705,E01010247,2,2,0,4,Wet or damp,Single carriageway,None,30,19:48:00,Urban,Raining no high winds,No,46 - 55,8,Urban area,2,1997,None,Lamp post,Journey as part of work,Entering main road,,406 GLX HDI(90),Heavy oil,Male,None,No tow/articulation,Offside,0,Moving off,1,Taxi/Private hire car,No,Nearside,2020
200901TC00348,A,1055,Unclassified,0,Serious,None,20-01-2019,Wednesday,1,Give way or uncontrolled,T or staggered junction,19.15718793,Darkness - lights lit,536320,196050,72.8763867,E01001506,1,1,0,0,Wet or damp,Dual carriageway,None,40,00:20:00,Urban,Raining no high winds,No,46 - 55,8,Urban area,2,2494,None,Lamp post,Other/Not known (2005-10),Cleared junction or waiting/parked at junction exit,,325I SE,Petrol,Male,None,No tow/articulation,Nearside,0,Going ahead other,1,Car,No,Front,2021
201004DF10011,B,6241,NA,0,Serious,None,15-02-2010,Monday,1,Data missing or out of range,Not at junction or within 20 metres,53.776318,Darkness - lights lit,354680,431330,-2.689187,E01025245,1,1,0,0,Wet or damp,Single carriageway,None,30,18:21:00,Urban,Raining no high winds,No,46 - 55,8,Rural,8,1896,None,None,Journey as part of work,Not at or within 20 metres of junction,AUDI,A6 1.9 TDI SPORT,Heavy oil,Male,None,No tow/articulation,Did not leave carriageway,0,Changing lane to right,1,Car,No,Nearside,2010
201037B046441,A,1065,Unclassified,0,Serious,None,18-08-2021,Wednesday,1,Give way or uncontrolled,Private drive or entrance,26.73831384,Darkness - lights lit,578320,287040,94.1787451,E01029927,2,2,0,0,Wet or damp,Single carriageway,None,30,15:50:00,Rural,Raining no high winds,No,46 - 55,8,Rural,6,1299,None,None,Other/Not known (2005-10),Mid Junction - on roundabout or on main road,,KA STYLE,Petrol,Female,None,No tow/articulation,Did not leave carriageway,0,Going ahead other,2,Car,No,Nearside,2019
200801SX72916,Unclassified,0,A,41,Serious,None,13-12-2020,Thursday,1,Give way or uncontrolled,Crossroads,26.45322516,Darkness - lights unlit,523780,187820,74.64800484,E01000219,1,2,0,0,Dry,One way street,None,40,20:12:00,Urban,Fine no high winds,No,46 - 55,8,Urban area,3,1998,None,None,Other/Not known (2005-10),Mid Junction - on roundabout or on main road,,E200 ELEGANCE A,Petrol,Male,None,No tow/articulation,Did not leave carriageway,0,Going ahead other,2,Car,No,Nearside,2020
200822FA89051,A,458,NA,0,Serious,None,26-09-2021,Thursday,1,Data missing or out of range,Not at junction or within 20 metres,27.08830085,Darkness - no lighting,350610,310080,93.61564743,E01028959,1,2,0,0,Dry,Dual carriageway,None,70,06:05:00,Rural,Fine no high winds,No,46 - 55,8,Urban area,2,12130,None,None,Journey as part of work,Not at or within 20 metres of junction,,,Heavy oil,Male,None,Single trailer,Did not leave carriageway,6,Parked,2,Goods 7.5 tonnes mgw and over,No,Back,2019
200737B027248,B,1113,NA,0,Serious,None,27-07-2019,Wednesday,1,Data missing or out of range,Not at junction or within 20 metres,15.22086339,Darkness - no lighting,607340,256410,73.97753184,E01030060,2,3,0,0,Wet or damp,Single carriageway,None,60,22:52:00,Rural,Fine no high winds,No,46 - 55,8,Small town,7,1998,None,None,Commuting to/from work,Not at or within 20 metres of junction,,VECTRA SRI 140,Petrol,Male,None,No tow/articulation,Did not leave carriageway,0,Going ahead other,3,Car,No,Front,2019
200954EY29109,B,4696,NA,0,Serious,None,27-12-2020,Thursday,1,Not at junction or within 20 metres,Not at junction or within 20 metres,13.01269006,Darkness - no lighting,404200,193640,77.56521733,E01031887,1,1,0,0,Dry,Single carriageway,Roadworks,50,21:33:00,Rural,Fine no high winds,No,46 - 55,8,Small town,9,487,Road works,None,Other/Not known (2005-10),Not at or within 20 metres of junction,,GS500K1,Petrol,Male,None,No tow/articulation,Did not leave carriageway,0,Going ahead other,1,Motorcycle over 500cc,No,Front,2020
201034WD10900,A,14,NA,0,Serious,None,17-10-2019,Wednesday,1,Data missing or out of range,Not at junction or within 20 metres,12.98919378,Darkness - no lighting,470440,279160,77.64635521,E01027005,1,2,0,0,Dry,Dual carriageway,None,70,05:35:00,Rural,Fine no high winds,No,46 - 55,8,Rural,5,12130,None,None,Journey as part of work,Not at or within 20 metres of junction,,,Heavy oil,Male,Jackknifed,Articulated vehicle,Did not leave carriageway,0,Going ahead other,1,Goods 7.5 tonnes mgw and over,No,Front,2020
201037L018593,B,1375,NA,0,Serious,None,15-11-2020,Friday,1,Data missing or out of range,Not at junction or within 20 metres,28.71803458,Darkness - no lighting,652830,295910,77.16018296,E01030266,2,2,0,0,Dry,Single carriageway,None,60,23:50:00,Rural,Fine no high winds,No,46 - 55,8,Rural,5,955,None,None,Other/Not known (2005-10),Not at or within 20 metres of junction,,SPRINT RS,Petrol,Male,None,No tow/articulation,Nearside,0,Going ahead other,1,Motorcycle over 500cc,No,Offside,2021
2009559D05160,A,35,NA,0,Serious,None,08-10-2019,Sunday,1,Not at junction or within 20 metres,Not at junction or within 20 metres,18.59398784,Darkness - no lighting,350520,92840,73.81634866,E01020531,1,3,0,0,Wet or damp,Single carriageway,None,60,22:01:00,Rural,Fine no high winds,No,46 - 55,8,Rural,7,1994,None,None,Other/Not known (2005-10),Not at or within 20 metres of junction,,IMPREZA GX AWD,Petrol,Male,None,No tow/articulation,Did not leave carriageway,0,Going ahead other,2,Car,No,Did not impact,2021
201043N068120,B,4009,Unclassified,26,Serious,None,27-12-2021,Saturday,1,Give way or uncontrolled,T or staggered junction,18.64123848,Darkness - no lighting,488460,210390,73.7851348,E01017627,1,2,0,0,Wet or damp,Single carriageway,None,40,20:00:00,Rural,Fine no high winds,No,46 - 55,8,Rural,9,1988,None,None,Other/Not known (2005-10),Approaching junction or waiting/parked at junction approach,,IS200 SE,Petrol,Male,None,No tow/articulation,Did not leave carriageway,0,Turning right,1,Car,No,Front,2021
200743W095097,Unclassified,7508,NA,0,Serious,None,07-10-2021,Thursday,1,Data missing or out of range,Not at junction or within 20 metres,14.75366724,Darkness - no lighting,471120,168080,78.47579689,E01016682,1,2,0,0,Dry,Single carriageway,None,60,20:10:00,Rural,Fine no high winds,No,46 - 55,8,Urban area,8,49,None,None,Other/Not known (2005-10),Not at or within 20 metres of junction,,F-10,Petrol,Male,None,No tow/articulation,Did not leave carriageway,0,Going ahead other,2,Motorcycle 50cc and under,No,Back,2019
200830D000968,C,292,NA,0,Serious,None,19-03-2019,Saturday,1,Data missing or out of range,Not at junction or within 20 metres,15.19958113,Darkness - no lighting,439410,331080,74.02709904,E01019835,2,2,0,0,Wet or damp,Single carriageway,Oil or diesel,60,19:09:00,Rural,Fine no high winds,No,46 - 55,8,Urban area,4,1360,None,Other permanent object,Other/Not known (2005-10),Not at or within 20 metres of junction,,XSARA FORTE,Petrol,Female,None,No tow/articulation,Nearside,0,Going ahead right-hand bend,2,Car,No,Front,2019
2009559D01410,C,18,NA,0,Serious,None,06-05-2021,Friday,1,Not at junction or within 20 metres,Not at junction or within 20 metres,18.56455112,Darkness - no lighting,344220,96030,73.95895689,E01020517,3,2,0,0,Wet or damp,Single carriageway,None,60,19:46:00,Rural,Fine no high winds,No,46 - 55,8,Data missing or out of range,NA,1596,None,None,Other/Not known (2005-10),Not at or within 20 metres of junction,,FOCUS LX AUTO,Petrol,Female,Skidded,No tow/articulation,Did not leave carriageway,0,Going ahead other,1,Car,No,Front,2021
2010400D03337,C,146,NA,,Serious,None,06-04-2021,Sunday,1,Give way or uncontrolled,Private drive or entrance,27.08888768,Darkness - no lighting,514070,234540,93.63394644,E01017444,4,2,0,0,Wet or damp,Single carriageway,None,60,16:54:00,Rural,Fine no high winds,No,46 - 55,8,Urban area,9,1590,None,None,Other/Not known (2005-10),Leaving main road,,CIVIC SE,Petrol,Female,None,No tow/articulation,Did not leave carriageway,0,Turning right,1,Car,No,Front,2019
200754MA00407,Motorway,4,NA,0,Serious,None,25-12-2021,Wednesday,1,Not at junction or within 20 metres,Not at junction or within 20 metres,18.61110949,Darkness - no lighting,426790,179000,73.84499087,E01031873,1,1,0,0,Wet or damp,Dual carriageway,None,70,03:15:00,Rural,Raining + high winds,No,46 - 55,8,Urban area,3,1796,None,Other permanent object,Other/Not known (2005-10),Not at or within 20 metres of junction,,MONDEO VERONA,Petrol,Male,Overturned,No tow/articulation,Nearside,0,Going ahead other,1,Car,No,Back,2021
20074100D0412,A,41,NA,0,Serious,None,09-01-2020,Friday,1,Not at junction or within 20 metres,Not at junction or within 20 metres,23.03536042,Darkness - no lighting,505340,204420,72.64234072,E01023407,1,5,0,0,Wet or damp,Dual carriageway,None,70,22:05:00,Rural,Raining no high winds,No,46 - 55,8,Urban area,7,1985,None,None,Commuting to/from work,Not at or within 20 metres of junction,,9-3 SE TURBO,Petrol,Male,None,No tow/articulation,Did not leave carriageway,0,Changing lane to right,4,Car,No,Nearside,2019
200997LB21408,A,83,NA,0,Serious,None,06-12-2019,Wednesday,1,Data missing or out of range,Not at junction or within 20 metres,28.42845563,Darkness - no lighting,169100,623400,76.99234323,,1,1,0,0,Wet or damp,Single carriageway,None,60,23:30:00,Rural,Raining no high winds,Yes,46 - 55,8,Rural,NA,1997,None,Other permanent object,Other/Not known (2005-10),Not at or within 20 metres of junction,,GRAND VITARA TD,Heavy oil,Male,Overturned,No tow/articulation,Nearside,0,Going ahead other,1,Car,No,Front,2019
201037B046147,A,143,Unclassified,5422,Serious,None,26-06-2019,Tuesday,1,Give way or uncontrolled,T or staggered junction,27.08985787,Darkness - no lighting,605620,275550,93.62043247,E01030067,1,2,0,0,Wet or damp,Single carriageway,None,60,18:10:00,Rural,Raining no high winds,No,46 - 55,8,Rural,9,1753,None,None,Other/Not known (2005-10),Approaching junction or waiting/parked at junction approach,,FOCUS GHIA TDCI,Heavy oil,Female,None,No tow/articulation,Did not leave carriageway,0,Slowing or stopping,1,Car,No,Front,2019
201034WD53380,Unclassified,6160,NA,0,Serious,None,25-07-2020,Sunday,1,Data missing or out of range,Not at junction or within 20 metres,26.45053352,Darkness - no lighting,462810,269100,80.30178729,E01027017,3,1,0,0,Snow,Single carriageway,None,60,19:00:00,Rural,Snowing + high winds,No,46 - 55,8,Small town,6,1997,None,Entered ditch,Other/Not known (2005-10),Not at or within 20 metres of junction,,C5 HDI LX,Heavy oil,Male,None,No tow/articulation,Nearside,0,Going ahead right-hand bend,1,Car,No,Front,2020
201042I094304,Unclassified,0,NA,0,Serious,None,24-04-2021,Saturday,1,Not at junction or within 20 metres,Not at junction or within 20 metres,14.76324707,Daylight,555170,216460,78.61117606,E01022059,1,1,0,0,Dry,Single carriageway,None,30,12:05:00,Rural,Fine no high winds,No,46 - 55,8,Urban area,7,5883,None,None,Journey as part of work,Not at or within 20 metres of junction,,,Heavy oil,Male,None,No tow/articulation,Did not leave carriageway,0,Going ahead right-hand bend,1,Bus or coach (17 or more pass seats),No,Did not impact,2019
200822CA88329,B,4636,Unclassified,0,Serious,None,23-02-2021,Thursday,1,Auto traffic signal,Crossroads,14.7625589,Daylight,385990,255110,78.58759194,E01032305,1,2,0,5,Dry,Single carriageway,None,30,17:00:00,Urban,Fine no high winds,No,46 - 55,8,Small town,7,1000,None,None,Commuting to/from work,Mid Junction - on roundabout or on main road,,,Petrol,Male,Skidded,No tow/articulation,Did not leave carriageway,0,Going ahead other,2,Motorcycle over 500cc,No,Nearside,2019
200801HT69981,A,13,A,1268,Serious,None,24-08-2019,Monday,1,Auto traffic signal,T or staggered junction,27.0885345,Daylight,538880,181200,93.63331885,E01004220,1,2,0,5,Dry,Single carriageway,None,30,12:53:00,Urban,Fine no high winds,No,46 - 55,8,Urban area,3,NA,None,None,Journey as part of work,Mid Junction - on roundabout or on main road,,,Heavy oil,Male,None,No tow/articulation,Did not leave carriageway,0,Going ahead other,1,Bus or coach (17 or more pass seats),No,Nearside,2019
200991NJ08358,B,939,Unclassified,0,Serious,None,26-12-2021,Friday,1,Give way or uncontrolled,Private drive or entrance,27.09348343,Daylight,267450,889610,93.62866881,,1,2,0,0,Dry,Single carriageway,None,60,17:05:00,Rural,Fine no high winds,Yes,46 - 55,8,Rural,NA,1910,None,None,Other/Not known (2005-10),Entering main road,,MULTIPLA 110 SX JTD,Heavy oil,Male,None,No tow/articulation,Nearside,0,Turning right,1,Car,No,Offside,2019
200760GS30140,A,496,NA,0,Serious,None,30-06-2020,Saturday,1,Data missing or out of range,Not at junction or within 20 metres,27.10214973,Daylight,259800,318900,93.61042718,,1,1,0,0,Dry,Single carriageway,None,60,16:15:00,Rural,Fine no high winds,No,46 - 55,8,Rural,NA,1520,None,None,Other/Not known (2005-10),Not at or within 20 metres of junction,,,Petrol,Male,Skidded,No tow/articulation,Did not leave carriageway,0,Going ahead other,1,Motorcycle over 500cc,No,Did not impact,2019
200801PL60293,Unclassified,0,Unclassified,0,Serious,None,05-07-2020,Tuesday,1,Give way or uncontrolled,T or staggered junction,27.09285395,Daylight,537540,173880,93.61606693,E01003324,1,3,0,0,Dry,Single carriageway,None,30,10:00:00,Urban,Fine no high winds,No,46 - 55,8,Urban area,5,1796,None,None,Other/Not known (2005-10),Approaching junction or waiting/parked at junction approach,,VECTRA GLS 16V,Petrol,Male,None,No tow/articulation,Did not leave carriageway,0,Slowing or stopping,1,Car,No,Back,2019
2007600FL7017,Unclassified,0,NA,0,Serious,None,26-09-2019,Sunday,1,Data missing or out of range,Not at junction or within 20 metres,27.10161515,Daylight,324890,372470,93.63023073,,1,1,0,0,Dry,Single carriageway,None,30,16:00:00,Urban,Fine no high winds,No,46 - 55,8,Urban area,NA,2498,None,None,Other/Not known (2005-10),Not at or within 20 metres of junction,,GALANT V6-24 AUTO,Petrol,Male,None,No tow/articulation,Did not leave carriageway,0,Going ahead other,1,Car,No,Front,2019
200806L098002,Unclassified,0,Unclassified,0,Serious,None,14-05-2019,Tuesday,2,Give way or uncontrolled,T or staggered junction,26.73078412,Daylight,369390,401770,94.22542769,E01006381,1,2,0,0,Dry,Single carriageway,None,30,19:10:00,Urban,Fine no high winds,No,46 - 55,8,Urban area,9,1997,None,None,Other/Not known (2005-10),Mid Junction - on roundabout or on main road,,406 LX HDI(90),Heavy oil,Male,None,No tow/articulation,Did not leave carriageway,0,Going ahead other,2,Car,No,Front,2019
200922F904447,B,4393,NA,0,Serious,None,26-01-2020,Sunday,1,Data missing or out of range,Not at junction or within 20 metres,26.75222065,Daylight,340740,313190,94.19475673,E01028979,2,1,0,0,Dry,Single carriageway,None,60,13:15:00,Rural,Fine no high winds,No,46 - 55,8,Urban area,4,647,Kerb,None,Other/Not known (2005-10),Not at or within 20 metres of junction,,NT650V DEAUVILLE,Petrol,Male,Skidded,No tow/articulation,Did not leave carriageway,0,Going ahead right-hand bend,1,Motorcycle over 500cc,No,Front,2019
200950KH2B006,A,303,NA,,Serious,None,11-07-2021,Wednesday,1,Give way or uncontrolled,Private drive or entrance,26.71997217,Daylight,323240,109030,94.21687459,E01019938,1,2,0,0,Dry,Single carriageway,None,30,15:30:00,Rural,Fine no high winds,No,46 - 55,8,Urban area,10,1250,None,None,Other/Not known (2005-10),Approaching junction or waiting/parked at junction approach,,XJR 1300SP,Petrol,Male,Skidded,No tow/articulation,Did not leave carriageway,0,Going ahead right-hand bend,2,Motorcycle over 500cc,No,Front,2019
20074100C0834,A,4125,Unclassified,498,Serious,None,02-06-2021,Thursday,1,Give way or uncontrolled,Crossroads,26.7190997,Daylight,511190,194970,94.2206407,E01023885,1,2,0,4,Dry,Single carriageway,None,30,17:40:00,Urban,Fine no high winds,No,46 - 55,8,Urban area,7,1063,None,None,Commuting to/from work,Mid Junction - on roundabout or on main road,,,Petrol,Male,None,No tow/articulation,Did not leave carriageway,0,Slowing or stopping,2,Motorcycle over 500cc,No,Nearside,2019
200920G055801,A,454,Unclassified,0,Serious,None,25-02-2021,Thursday,1,Stop sign,Crossroads,26.73977376,Daylight,390220,298690,94.22574443,E01010506,1,3,0,0,Dry,Single carriageway,None,30,16:25:00,Urban,Fine no high winds,No,46 - 55,8,Urban area,2,3248,None,None,Other/Not known (2005-10),Approaching junction or waiting/parked at junction approach,,XJ EXECUTIVE AUTO,Petrol,Male,None,No tow/articulation,Did not leave carriageway,0,Parked,3,Car,No,Offside,2019
200901QK50157,C,0,C,0,Serious,None,26-12-2019,Tuesday,1,Give way or uncontrolled,Crossroads,25.77383998,Daylight,525420,183210,87.47723574,E01000550,1,2,0,0,Dry,Single carriageway,None,30,15:00:00,Urban,Fine no high winds,No,46 - 55,8,Urban area,1,1796,None,None,Other/Not known (2005-10),Mid Junction - on roundabout or on main road,,ZAFIRA ELEGANCE 16V,Petrol,Male,None,No tow/articulation,Did not leave carriageway,0,Going ahead other,1,Car,No,Offside,2019
200806Q089656,A,671,Unclassified,0,Serious,None,05-09-2021,Sunday,1,Give way or uncontrolled,T or staggered junction,25.78430689,Daylight,392150,407280,87.49816831,E01005398,1,2,0,4,Dry,Single carriageway,None,30,15:05:00,Urban,Fine no high winds,No,46 - 55,8,Urban area,6,750,None,None,Other/Not known (2005-10),Approaching junction or waiting/parked at junction approach,,,Petrol,Male,None,No tow/articulation,Did not leave carriageway,0,Overtaking moving vehicle - offside,2,Motorcycle over 500cc,No,Nearside,2019
2008160C07250,A,165,NA,0,Serious,None,29-07-2020,Tuesday,1,Data missing or out of range,Not at junction or within 20 metres,25.78822991,Daylight,516620,467970,87.46579697,E01012932,2,2,0,0,Dry,Single carriageway,None,30,16:15:00,Urban,Fine no high winds,No,46 - 55,8,Rural,4,1834,None,None,Other/Not known (2005-10),Not at or within 20 metres of junction,,SPACE STAR GLS GDI,Petrol,Male,None,No tow/articulation,Did not leave carriageway,0,Going ahead left-hand bend,1,Car,No,Front,2019
200901GD10355,A,107,B,113,Serious,None,06-03-2021,Sunday,1,Auto traffic signal,T or staggered junction,25.77169663,Daylight,534950,184780,87.45283309,E01001762,1,1,0,5,Dry,Single carriageway,None,30,12:17:00,Urban,Fine no high winds,No,46 - 55,8,Data missing or out of range,NA,5883,Kerb,None,Journey as part of work,Entering main road,,,Heavy oil,Male,None,No tow/articulation,Did not leave carriageway,0,Turning left,1,Bus or coach (17 or more pass seats),No,Nearside,2019
201037B045539,A,11,NA,0,Serious,None,18-12-2020,Tuesday,1,Data missing or out of range,Not at junction or within 20 metres,25.78513786,Daylight,568950,270030,87.48880468,E01018035,1,2,0,0,Dry,Dual carriageway,None,70,15:30:00,Rural,Fine no high winds,No,46 - 55,8,Rural,7,NA,None,None,Journey as part of work,Not at or within 20 metres of junction,,,Heavy oil,Male,None,Single trailer,Did not leave carriageway,0,Going ahead other,2,Agricultural vehicle,No,Back,2019
200814A170008,Unclassified,0,Unclassified,0,Serious,None,14-07-2020,Friday,1,Give way or uncontrolled,Other junction,25.77162026,Daylight,461500,402220,87.4894978,E01007528,1,2,0,0,Dry,Single carriageway,None,30,15:02:00,Urban,Fine no high winds,No,46 - 55,8,Urban area,2,124,None,None,Other/Not known (2005-10),Approaching junction or waiting/parked at junction approach,,COGUAR,Petrol,Male,None,No tow/articulation,Did not leave carriageway,0,Going ahead other,2,Motorcycle 125cc and under,No,Nearside,2019
200901LX50026,A,301,B,300,Serious,None,20-09-2019,Friday,1,Auto traffic signal,Crossroads,25.7816335,Daylight,531280,179810,87.47864596,E01003012,2,1,0,5,Dry,Single carriageway,None,30,15:55:00,Urban,Fine no high winds,No,46 - 55,8,Urban area,4,1769,None,None,Other/Not known (2005-10),Mid Junction - on roundabout or on main road,,PRIMERA ACTIV,Petrol,Male,None,No tow/articulation,Did not leave carriageway,0,Going ahead other,1,Car,No,Front,2019
201042I306609,A,133,NA,0,Serious,None,22-08-2019,Thursday,1,Not at junction or within 20 metres,Not at junction or within 20 metres,25.77931616,Daylight,617290,215980,87.4544383,E01022043,1,1,0,0,Dry,Single carriageway,None,30,17:45:00,Urban,Fine no high winds,No,46 - 55,8,Urban area,2,1495,None,None,Commuting to/from work,Not at or within 20 metres of junction,,ACCENT MVI,Petrol,Male,None,No tow/articulation,Did not leave carriageway,0,Going ahead right-hand bend,1,Car,No,Nearside,2019
200806B003994,A,6010,Unclassified,0,Serious,None,11-02-2020,Friday,1,Give way or uncontrolled,T or staggered junction,22.10791929,Daylight,383190,394100,82.12477063,E01005181,1,2,0,0,Dry,Single carriageway,None,30,16:15:00,Urban,Fine no high winds,No,46 - 55,8,Urban area,4,2664,None,None,Journey as part of work,Approaching junction or waiting/parked at junction approach,,TX1 BRONZE AUTO,Heavy oil,Male,None,No tow/articulation,Did not leave carriageway,0,Parked,2,Taxi/Private hire car,No,Offside,2019
200905AA32103,A,554,Unclassified,0,Serious,None,22-03-2021,Sunday,1,Give way or uncontrolled,T or staggered junction,22.08778158,Daylight,332260,390810,82.12827429,E01007273,1,2,0,0,Dry,Single carriageway,None,30,11:25:00,Urban,Fine no high winds,No,46 - 55,8,Urban area,3,1910,None,None,Other/Not known (2005-10),Mid Junction - on roundabout or on main road,,MULTIPLA 110 ELX JTD,Heavy oil,Male,None,No tow/articulation,Did not leave carriageway,0,Moving off,1,Car,No,Offside,2019
200842I322409,Unclassified,0,NA,0,Serious,None,23-02-2021,Monday,1,Not at junction or within 20 metres,Not at junction or within 20 metres,22.07562851,Daylight,577300,195430,82.10649838,E01021594,1,1,0,8,Dry,Single carriageway,None,40,06:45:00,Rural,Fine no high winds,No,46 - 55,8,Urban area,8,996,Kerb,None,Commuting to/from work,Not at or within 20 metres of junction,,DUCATI 996 BIPOSTO,Petrol,Male,Skidded,No tow/articulation,Did not leave carriageway,0,Going ahead left-hand bend,1,Motorcycle over 500cc,No,Front,2019
200905BB31718,Unclassified,0,NA,0,Serious,None,28-09-2021,Wednesday,2,Data missing or out of range,Not at junction or within 20 metres,22.04957629,Daylight,333500,415400,82.19748404,E01007001,1,1,0,0,Dry,Single carriageway,None,30,18:45:00,Urban,Fine no high winds,No,46 - 55,8,Urban area,7,1299,None,None,Other/Not known (2005-10),Not at or within 20 metres of junction,,YARIS GLS,Petrol,Male,None,No tow/articulation,Did not leave carriageway,0,Going ahead other,1,Car,No,Nearside,2019
200863DP18008,B,4368,NA,0,Serious,None,05-08-2020,Friday,1,Data missing or out of range,Not at junction or within 20 metres,22.06552648,Daylight,315290,286070,82.18543003,W01000447,1,1,0,0,Dry,Single carriageway,None,60,17:24:00,Rural,Fine no high winds,No,46 - 55,8,Rural,5,600,None,Near/Offside crash barrier,Other/Not known (2005-10),Not at or within 20 metres of junction,,GSF 600 Y,Petrol,Male,Skidded,No tow/articulation,Nearside,0,Going ahead right-hand bend,1,Motorcycle over 500cc,No,Front,2019
200791NN05635,A,96,NA,0,Serious,None,13-06-2020,Friday,1,Data missing or out of range,Not at junction or within 20 metres,22.05873665,Daylight,272820,847860,82.13115142,,1,2,0,0,Dry,Single carriageway,None,50,15:15:00,Rural,Fine no high winds,Yes,46 - 55,8,Small town,NA,6174,None,None,Journey as part of work,Not at or within 20 metres of junction,,,Heavy oil,Male,None,No tow/articulation,Did not leave carriageway,0,Going ahead other,2,Goods over 3.5t. and under 7.5t,No,Nearside,2019
200904CM09056,A,59,NA,0,Serious,None,16-11-2019,Monday,1,Data missing or out of range,Not at junction or within 20 metres,22.10802323,Daylight,360530,430290,82.14342626,E01025456,4,2,0,0,Dry,Single carriageway,None,60,19:55:00,Rural,Fine no high winds,No,46 - 55,8,Urban area,4,1781,None,None,Other/Not known (2005-10),Not at or within 20 metres of junction,,TT QUATTRO (180 BHP),Petrol,Male,Skidded,No tow/articulation,Did not leave carriageway,0,Going ahead other,2,Car,No,Nearside,2019
200901ZD30250,A,23,C,0,Serious,None,04-11-2020,Friday,1,Auto traffic signal,More than 4 arms (not roundabout),15.32429324,Daylight,531230,161790,74.02343354,E01001097,1,2,0,5,Dry,Single carriageway,None,30,11:25:00,Urban,Fine no high winds,No,46 - 55,8,Urban area,3,4250,None,None,Journey as part of work,Approaching junction or waiting/parked at junction approach,,,Heavy oil,Male,None,No tow/articulation,Did not leave carriageway,0,Moving off,1,Van / Goods 3.5 tonnes mgw or under,No,Nearside,2019
200806B003600,B,5117,C,0,Serious,None,03-12-2020,Wednesday,1,Give way or uncontrolled,T or staggered junction,15.31931798,Daylight,384610,396590,74.00753541,E01005062,1,1,0,4,Dry,Single carriageway,None,30,11:06:00,Urban,Fine no high winds,No,46 - 55,8,Urban area,1,8270,None,None,Journey as part of work,Approaching junction or waiting/parked at junction approach,,,Heavy oil,Male,None,No tow/articulation,Did not leave carriageway,0,Going ahead other,1,Bus or coach (17 or more pass seats),No,Nearside,2019