Accident_Index,1st_Road_Class,1st_Road_Number,2nd_Road_Class,2nd_Road_Number,Accident_Severity,Carriageway_Hazards,Date,Day_of_Week,Did_Police_Officer_Attend_Scene_of_Accident,Junction_Control,Junction_Detail,Latitude,Light_Conditions,Location_Easting_OSGR,Location_Northing_OSGR,Longitude,LSOA_of_Accident_Location,Number_of_Casualties,Number_of_Vehicles,Pedestrian_Crossing-Human_Control,Pedestrian_Crossing-Physical_Facilities,Road_Surface_Conditions,Road_Type,Special_Conditions_at_Site,Speed_limit,Time,Urban_or_Rural_Area,Weather_Conditions,InScotland,Age_Band_of_Driver,Age_of_Vehicle,Driver_Home_Area_Type,Driver_IMD_Decile,Engine_Capacity_.CC.,Hit_Object_in_Carriageway,Hit_Object_off_Carriageway,Journey_Purpose_of_Driver,Junction_Location,make,model,Propulsion_Code,Sex_of_Driver,Skidding_and_Overturning,Towing_and_Articulation,Vehicle_Leaving_Carriageway,Vehicle_Location.Restricted_Lane,Vehicle_Manoeuvre,Vehicle_Reference,Vehicle_Type,Was_Vehicle_Left_Hand_Drive,X1st_Point_of_Impact,Year
201004AM10069,A,584,A,5230,Serious,None,16-05-2010,Sunday,1,Auto traffic signal,More than 4 arms (not roundabout),53.777083,Darkness - lights lit,330650,431710,-3.053856,E01025024,2,2,0,5,Wet or damp,Single carriageway,None,30,00:10:00,Urban,Fine no high winds,No,16 - 20,7,Urban area,2,973,None,None,Other/Not known (2005-10),Mid Junction - on roundabout or on main road,VAUXHALL,CORSA CLUB 12V,Petrol,Male,None,No tow/articulation,Did not leave carriageway,0,Turning right,1,Car,No,Front,2010
201006F039579,A,6,Unclassified,0,Serious,None,27-11-2010,Saturday,1,Give way or uncontrolled,T or staggered junction,53.523627,Darkness - lights lit,373750,403070,-2.397426,E01005708,1,1,0,0,Frost or ice,Dual carriageway,None,30,01:00:00,Urban,Fine no high winds,No,16 - 20,7,Urban area,7,973,None,Central crash barrier,Other/Not known (2005-10),Cleared junction or waiting/parked at junction exit,VAUXHALL,CORSA CLUB 12V,Petrol,Male,None,No tow/articulation,Offside - crossed central reservation,0,Going ahead other,1,Car,No,Front,2010
2010160A03691,A,46,Unclassified,0,Serious,None,10-10-2010,Sunday,1,Give way or uncontrolled,T or staggered junction,53.550031,Darkness - lights lit,524730,407580,-0.118801,E01013207,3,1,0,0,Dry,Single carriageway,None,30,04:10:00,Urban,Fine no high winds,No,16 - 20,7,Urban area,4,1587,None,Lamp post,Other/Not known (2005-10),Approaching junction or waiting/parked at junction approach,CITROEN,SAXO VTS,Petrol,Male,None,No tow/articulation,Offside,0,Going ahead left-hand bend,1,Car,No,Front,2010
2010160D01991,Unclassified,0,B,1237,Serious,None,19-05-2010,Wednesday,1,Auto traffic signal,Crossroads,53.775836,Darkness - lights lit,511000,432370,-0.317086,E01012813,1,2,0,0,Dry,Single carriageway,None,30,22:21:00,Urban,Fine no high winds,No,16 - 20,7,Urban area,5,98,None,None,Other/Not known (2005-10),Mid Junction - on roundabout or on main road,YAMAHA,YQ 100,Petrol,Male,None,No tow/articulation,Did not leave carriageway,0,Going ahead other,2,Motorcycle 125cc and under,No,Front,2010
20084100G0599,B,656,Unclassified,1605,Serious,None,15-12-2021,Saturday,1,Give way or uncontrolled,T or staggered junction,26.74808625,Darkness - lights lit,518880,229380,94.22493157,E01023601,1,1,0,0,Dry,Single carriageway,None,30,23:48:00,Urban,Fine no high winds,No,16 - 20,7,Data missing or out of range,NA,1299,None,None,Other/Not known (2005-10),Cleared junction or waiting/parked at junction exit,,KA NOW,Petrol,Female,None,No tow/articulation,Did not leave carriageway,0,Going ahead other,1,Car,No,Did not impact,2019
200904BC09296,A,587,NA,0,Serious,None,29-09-2020,Friday,1,Data missing or out of range,Not at junction or within 20 metres,22.10164426,Darkness - lights lit,333050,447680,82.18085178,E01025582,1,1,0,0,Wet or damp,Single carriageway,None,30,17:05:00,Urban,Fine no high winds,No,16 - 20,7,Urban area,6,1124,None,None,Other/Not known (2005-10),Not at or within 20 metres of junction,,106 XN ZEST 2,Petrol,Female,None,No tow/articulation,Did not leave carriageway,0,Overtaking static vehicle - offside,1,Car,No,Nearside,2019
200920D288901,Unclassified,0,Unclassified,0,Serious,None,31-08-2019,Monday,1,Give way or uncontrolled,Crossroads,28.63313136,Darkness - lights lit,411280,292100,77.25014956,E01009007,1,1,0,1,Dry,Single carriageway,None,30,17:33:00,Urban,Fine no high winds,No,16 - 20,7,Small town,6,1360,None,None,Commuting to/from work,Cleared junction or waiting/parked at junction exit,,206 LOOK,Petrol,Female,None,No tow/articulation,Did not leave carriageway,0,Going ahead other,1,Car,No,Front,2020
200820H055402,Unclassified,0,NA,0,Serious,None,25-06-2019,Sunday,1,Data missing or out of range,Not at junction or within 20 metres,28.62153603,Darkness - lights lit,403550,305300,77.31947611,E01010306,2,2,0,0,Dry,Single carriageway,None,30,21:11:00,Urban,Fine no high winds,No,16 - 20,7,Urban area,9,1360,None,None,Other/Not known (2005-10),Not at or within 20 metres of junction,,SAXO FURIO,Petrol,Female,None,No tow/articulation,Nearside,0,Going ahead other,2,Car,No,Front,2021
201005BB02042,A,565,NA,0,Serious,None,05-03-2010,Friday,1,Data missing or out of range,Not at junction or within 20 metres,53.46263,Darkness - lights lit,332710,396690,-3.015023,E01007004,1,1,0,0,Dry,Dual carriageway,None,30,20:20:00,Urban,Fine no high winds,No,16 - 20,7,Urban area,5,1388,None,Other permanent object,Other/Not known (2005-10),Not at or within 20 metres of junction,FORD,FIESTA FLAME,Petrol,Female,None,No tow/articulation,Offside on to central reservation,0,Going ahead other,1,Car,No,Offside,2010
2007557B04230,Unclassified,0,Unclassified,0,Serious,None,26-11-2019,Saturday,1,Give way or uncontrolled,T or staggered junction,14.76865352,Darkness - lights lit,407660,95570,78.63555544,E01015334,1,3,0,0,Wet or damp,Single carriageway,None,30,01:15:00,Urban,Raining + high winds,No,16 - 20,7,Urban area,5,1124,Kerb,None,Other/Not known (2005-10),Cleared junction or waiting/parked at junction exit,,SAXO FORTE,Petrol,Female,None,No tow/articulation,Nearside and rebounded,9,Going ahead other,1,Car,No,Front,2019
200842I012001,B,1014,Unclassified,0,Serious,None,06-02-2019,Tuesday,1,Give way or uncontrolled,T or staggered junction,26.73067156,Darkness - lights lit,580580,183610,94.20079285,E01021497,1,2,0,0,Wet or damp,Single carriageway,None,30,18:00:00,Urban,Raining + high winds,No,16 - 20,7,Urban area,5,1242,None,None,Other/Not known (2005-10),Approaching junction or waiting/parked at junction approach,,FIESTA BLACK,Petrol,Female,None,No tow/articulation,Did not leave carriageway,0,Going ahead other,2,Car,No,Front,2019
200804EN08099,A,666,Unclassified,0,Serious,None,06-05-2021,Wednesday,1,Auto traffic signal,T or staggered junction,26.74915032,Darkness - lights lit,368780,432380,94.18801762,E01025353,1,1,0,0,Wet or damp,Single carriageway,None,30,22:45:00,Urban,Raining no high winds,No,16 - 20,7,Small town,8,1124,None,Other permanent object,Other/Not known (2005-10),Mid Junction - on roundabout or on main road,,206 LOOK,Petrol,Male,Skidded,No tow/articulation,Offside,0,Going ahead other,1,Car,No,Nearside,2019
200906K011466,A,676,Unclassified,0,Serious,None,03-10-2019,Tuesday,1,Give way or uncontrolled,Crossroads,25.76660584,Darkness - lights lit,372630,410070,87.48230018,E01004927,1,1,0,0,Wet or damp,Single carriageway,None,30,18:15:00,Urban,Raining no high winds,No,16 - 20,7,Urban area,3,1796,None,None,Other/Not known (2005-10),Entering main road,,COROLLA TSPORT VVTLI,Petrol,Male,None,No tow/articulation,Did not leave carriageway,0,Turning right,1,Car,No,Front,2019
200901TA00138,A,3213,Unclassified,0,Serious,None,19-01-2019,Tuesday,1,Give way or uncontrolled,Crossroads,28.45482601,Darkness - lights lit,529350,178460,77.08069102,E01004742,1,2,0,0,Wet or damp,Single carriageway,None,30,16:50:00,Urban,Raining no high winds,No,16 - 20,7,Urban area,4,124,None,None,Other/Not known (2005-10),Approaching junction or waiting/parked at junction approach,,YP1 25R,Petrol,Male,None,No tow/articulation,Did not leave carriageway,0,Going ahead other,2,Motorcycle 50cc and under,No,Front,2019
200943R305119,Unclassified,7301,Unclassified,7301,Serious,None,26-09-2019,Friday,1,Give way or uncontrolled,T or staggered junction,13.04132303,Darkness - lights lit,495290,183030,77.59364955,E01016454,1,2,0,0,Wet or damp,Single carriageway,None,30,16:32:00,Urban,Raining no high winds,No,16 - 20,7,Urban area,4,124,None,None,Other/Not known (2005-10),Cleared junction or waiting/parked at junction exit,,,Petrol,Male,Skidded,No tow/articulation,Did not leave carriageway,0,Turning right,1,Motorcycle 125cc and under,No,Front,2019
200814A077708,A,6023,NA,0,Serious,None,16-01-2021,Sunday,1,Not at junction or within 20 metres,Not at junction or within 20 metres,28.55918321,Darkness - lights lit,448750,400030,77.22451306,E01007579,5,1,0,5,Wet or damp,Single carriageway,None,30,03:15:00,Rural,Raining no high winds,No,16 - 20,7,Urban area,4,1360,None,Lamp post,Other/Not known (2005-10),Not at or within 20 metres of junction,,SAXO FURIO,Petrol,Male,None,No tow/articulation,Offside,0,Going ahead other,1,Car,No,Nearside,2020
20093102A2849,B,6014,Unclassified,0,Serious,None,10-12-2020,Thursday,1,Give way or uncontrolled,T or staggered junction,28.61629254,Darkness - lights lit,449120,360880,77.17615301,E01027979,3,2,0,0,Wet or damp,Single carriageway,None,30,19:38:00,Urban,Raining no high winds,No,16 - 20,7,Urban area,4,1587,None,None,Other/Not known (2005-10),Mid Junction - on roundabout or on main road,,SAXO VTR,Petrol,Male,None,No tow/articulation,Did not leave carriageway,0,Overtaking static vehicle - offside,1,Car,No,Front,2020
200801JI75528,A,114,NA,0,Serious,None,22-06-2019,Tuesday,1,Data missing or out of range,Not at junction or within 20 metres,28.71264917,Darkness - lights lit,540500,186570,77.21383297,E01003793,3,2,0,0,Wet or damp,Single carriageway,None,30,23:19:00,Urban,Raining no high winds,No,16 - 20,7,Urban area,6,1598,Kerb,None,Other/Not known (2005-10),Not at or within 20 metres of junction,,MEGANE PRIVILEGE+ CABRIO,Petrol,Male,None,No tow/articulation,Did not leave carriageway,0,Going ahead other,1,Car,No,Front,2021
200942I383511,Unclassified,0,NA,0,Serious,None,25-06-2020,Sunday,1,Not at junction or within 20 metres,Not at junction or within 20 metres,28.68925196,Darkness - lights lit,557940,177280,77.25262508,E01016012,5,2,0,0,Wet or damp,Single carriageway,None,30,00:55:00,Urban,Raining no high winds,No,16 - 20,7,Urban area,10,1390,None,None,Other/Not known (2005-10),Not at or within 20 metres of junction,,CLIO DYNAMIQUE+ 16V,Petrol,Male,None,No tow/articulation,Did not leave carriageway,0,Going ahead other,2,Car,No,Front,2021
200901RY10533,B,2210,NA,0,Serious,None,08-07-2020,Saturday,1,Data missing or out of range,Not at junction or within 20 metres,19.1627099,Darkness - lights lit,549110,173680,72.83465712,E01000449,2,1,0,0,Wet or damp,Single carriageway,None,30,23:45:00,Urban,Raining no high winds,No,16 - 20,7,Urban area,8,1360,Kerb,Other permanent object,Other/Not known (2005-10),Not at or within 20 metres of junction,,206 LOOK,Petrol,Male,None,No tow/articulation,Nearside,0,Going ahead right-hand bend,1,Car,No,Front,2021
200801PY20416,A,208,B,264,Serious,None,18-04-2020,Sunday,1,Give way or uncontrolled,T or staggered junction,29.72521333,Darkness - lights lit,544750,169810,75.19950657,E01000693,1,1,0,0,Wet or damp,Single carriageway,None,30,21:30:00,Urban,Raining no high winds,No,16 - 20,7,Urban area,2,1149,Kerb,Tree,Other/Not known (2005-10),Cleared junction or waiting/parked at junction exit,,CLIO DYNAMIQUE 16V,Petrol,Male,None,No tow/articulation,Offside,0,Going ahead other,1,Car,No,Front,2021
200901ZD30177,A,23,Unclassified,0,Serious,None,23-04-2020,Sunday,1,Give way or uncontrolled,T or staggered junction,26.76765312,Darkness - lights lit,530900,168910,94.20698273,E01001090,2,1,0,0,Wet or damp,Single carriageway,None,30,05:38:00,Urban,Raining no high winds,No,16 - 20,7,Rural,10,4398,Kerb,Tree,Other/Not known (2005-10),Approaching junction or waiting/parked at junction approach,,RANGE ROVER HSE V8 AUTO,Petrol,Female,Skidded and overturned,No tow/articulation,Nearside,0,Going ahead other,1,Car,No,Nearside,2019
200806L004280,A,58,Unclassified,0,Serious,None,15-08-2019,Sunday,1,Give way or uncontrolled,T or staggered junction,25.78481837,Darkness - lights lit,362110,404610,87.45192584,E01006271,1,1,0,0,Wet or damp,Single carriageway,None,30,01:00:00,Urban,Raining no high winds,No,16 - 20,7,Rural,8,1149,None,None,Other/Not known (2005-10),Approaching junction or waiting/parked at junction approach,,CLIO DYNAMIQUE 16V,Petrol,Female,Skidded,No tow/articulation,Offside,0,Going ahead right-hand bend,1,Car,No,Did not impact,2019
200930D000983,A,52,Unclassified,0,Serious,None,02-02-2021,Friday,2,Give way or uncontrolled,Private drive or entrance,8.892911959,Darkness - lights lit,434130,336620,76.62156535,E01013554,1,2,0,0,Dry,Single carriageway,None,30,21:25:00,Urban,Unknown,No,16 - 20,7,Urban area,8,124,None,None,Other/Not known (2005-10),Approaching junction or waiting/parked at junction approach,,FLAME NXC 125,Petrol,Male,None,No tow/articulation,Did not leave carriageway,0,Going ahead other,2,Motorcycle 125cc and under,No,Front,2020
2010160C07801,B,1255,NA,0,Serious,None,03-12-2010,Friday,1,Data missing or out of range,Not at junction or within 20 metres,54.126285,Darkness - no lighting,523680,471700,-0.108856,E01012937,1,1,0,0,Snow,Single carriageway,None,30,22:15:00,Rural,Snowing no high winds,No,16 - 20,7,Data missing or out of range,NA,1422,None,None,Other/Not known (2005-10),Not at or within 20 metres of junction,VOLKSWAGEN,POLO SE TDI,Heavy oil,Male,Skidded,No tow/articulation,Did not leave carriageway,0,Going ahead other,1,Car,No,Front,2010
200901TD00088,C,0,Unclassified,0,Serious,None,27-08-2020,Tuesday,1,Give way or uncontrolled,T or staggered junction,22.7557321,Daylight,535560,165120,75.85115421,E01001062,1,1,0,1,Dry,Single carriageway,None,30,16:25:00,Urban,Fine + high winds,No,16 - 20,7,Urban area,2,1360,None,Road sign or traffic signal,Commuting to/from work,Mid Junction - on roundabout or on main road,,307 LX,Petrol,Male,Skidded,No tow/articulation,Nearside,0,Going ahead other,1,Car,No,Front,2020
20093102A2437,Unclassified,0,Unclassified,0,Serious,None,26-10-2020,Saturday,1,Give way or uncontrolled,Private drive or entrance,28.61866834,Daylight,453580,360770,77.22474913,E01028268,1,2,0,0,Dry,Single carriageway,None,30,17:58:00,Urban,Fine + high winds,No,16 - 20,7,Urban area,1,1998,None,None,Journey as part of work,Mid Junction - on roundabout or on main road,,MONDEO GHIA TDCI,Heavy oil,Male,None,No tow/articulation,Did not leave carriageway,0,Waiting to turn right,2,Car,No,Offside,2021
200742I405210,B,1256,NA,0,Serious,None,08-02-2021,Friday,1,Data missing or out of range,Not at junction or within 20 metres,14.76401077,Daylight,575480,223130,78.56218591,E01021365,1,2,0,1,Dry,Single carriageway,None,30,08:55:00,Urban,Fine no high winds,No,16 - 20,7,Data missing or out of range,NA,49,None,None,Taking pupil to/from school,Not at or within 20 metres of junction,,,Petrol,Male,Skidded,No tow/articulation,Did not leave carriageway,0,Going ahead other,1,Motorcycle 50cc and under,No,Did not impact,2019
201043N076060,Unclassified,3029,NA,0,Serious,None,30-07-2020,Thursday,2,Data missing or out of range,Not at junction or within 20 metres,27.10307119,Daylight,486560,193570,93.62654856,E01017923,1,2,0,0,Dry,Single carriageway,None,30,18:30:00,Urban,Fine no high winds,No,16 - 20,7,Urban area,10,1390,None,None,Other/Not known (2005-10),Not at or within 20 metres of junction,,MEGANE EXPRESSION 16V,Petrol,Male,None,No tow/articulation,Did not leave carriageway,0,Slowing or stopping,2,Car,No,Offside,2019
20084100J2131,C,85,NA,0,Serious,None,24-11-2021,Friday,1,Not at junction or within 20 metres,Not at junction or within 20 metres,27.08978995,Daylight,518310,197690,93.62171459,E01023533,1,1,0,0,Dry,Single carriageway,Road surface defective,30,21:00:00,Urban,Fine no high winds,No,16 - 20,7,Urban area,5,124,Bollard or refuge,None,Other/Not known (2005-10),Not at or within 20 metres of junction,,VESPA ET4,Petrol,Male,Skidded,No tow/articulation,Did not leave carriageway,0,Going ahead other,1,Motorcycle 125cc and under,No,Front,2019
200904FA09110,B,6239,NA,0,Serious,Other object on road,21-06-2021,Sunday,1,Data missing or out of range,Not at junction or within 20 metres,26.74597044,Daylight,383210,432030,94.2098687,E01024907,1,1,0,0,Dry,Single carriageway,None,30,20:23:00,Urban,Fine no high winds,No,16 - 20,7,Rural,5,49,Other object,None,Other/Not known (2005-10),Not at or within 20 metres of junction,,METAL X,Petrol,Male,None,No tow/articulation,Did not leave carriageway,0,Going ahead other,1,Motorcycle 125cc and under,No,Did not impact,2019
2009170L20809,Unclassified,7831,NA,0,Serious,None,15-10-2021,Saturday,1,Data missing or out of range,Not at junction or within 20 metres,26.74758993,Daylight,453280,519760,94.18039284,E01012167,2,1,0,0,Dry,Single carriageway,None,30,06:26:00,Urban,Fine no high winds,No,16 - 20,7,Data missing or out of range,NA,1149,Kerb,Lamp post,Other/Not known (2005-10),Not at or within 20 metres of junction,,CLIO AUTHENTIQUE,Petrol,Male,Skidded,No tow/articulation,Offside,0,Going ahead other,1,Car,No,Front,2019
200920G044901,Unclassified,0,Unclassified,0,Serious,None,22-12-2021,Tuesday,1,Give way or uncontrolled,T or staggered junction,25.78617136,Daylight,389270,296870,87.47223745,E01010469,1,2,0,0,Dry,Single carriageway,None,30,13:00:00,Urban,Fine no high winds,No,16 - 20,7,Urban area,8,973,None,None,Other/Not known (2005-10),Cleared junction or waiting/parked at junction exit,,CORSA CLUB 12V,Petrol,Male,None,No tow/articulation,Did not leave carriageway,0,Moving off,1,Car,No,Back,2019
200905AA32573,Unclassified,0,Unclassified,0,Serious,None,15-01-2020,Wednesday,1,Give way or uncontrolled,T or staggered junction,22.10038633,Daylight,331840,387010,82.17162808,E01007180,1,2,0,0,Dry,Single carriageway,None,30,08:20:00,Urban,Fine no high winds,No,16 - 20,7,Urban area,8,124,None,None,Pupil riding to/from school,Mid Junction - on roundabout or on main road,,CG125,Petrol,Male,None,No tow/articulation,Did not leave carriageway,0,Going ahead other,2,Motorcycle 125cc and under,No,Front,2019
200901PL60359,C,0,C,0,Serious,None,02-03-2020,Thursday,1,Give way or uncontrolled,Mini-roundabout,15.21558569,Daylight,540060,171860,74.11178832,E01003237,1,2,0,8,Dry,Single carriageway,None,30,11:10:00,Urban,Fine no high winds,No,16 - 20,7,Urban area,1,1348,None,None,Other/Not known (2005-10),Approaching junction or waiting/parked at junction approach,,MICRA TWISTER,Petrol,Male,None,No tow/articulation,Did not leave carriageway,0,Waiting to turn left,1,Car,No,Back,2019
200920M040202,Unclassified,0,Unclassified,0,Serious,None,20-06-2021,Thursday,1,Give way or uncontrolled,T or staggered junction,15.2363867,Daylight,436700,276860,74.02313403,E01009533,1,1,0,0,Dry,Single carriageway,None,30,21:30:00,Urban,Fine no high winds,No,16 - 20,7,Urban area,1,49,None,None,Other/Not known (2005-10),Approaching junction or waiting/parked at junction approach,,NRG,Petrol,Male,None,No tow/articulation,Did not leave carriageway,0,Going ahead other,1,Motorcycle 50cc and under,No,Front,2019
2007400C01557,Unclassified,0,Unclassified,0,Serious,None,26-08-2019,Friday,1,Give way or uncontrolled,Roundabout,23.07882174,Daylight,509070,223750,72.57439423,E01015693,5,3,0,0,Dry,Roundabout,None,30,11:57:00,Urban,Fine no high winds,No,16 - 20,7,Urban area,8,1397,None,None,Other/Not known (2005-10),Entering roundabout,,A140 AVANTGARDE S-A,Petrol,Male,Skidded,No tow/articulation,Did not leave carriageway,0,Going ahead other,1,Car,No,Nearside,2019
20093102D2691,Unclassified,0,NA,0,Serious,None,30-07-2019,Saturday,1,Data missing or out of range,Not at junction or within 20 metres,28.48199079,Daylight,459700,345890,76.99473359,E01028181,1,2,0,0,Dry,Single carriageway,None,30,10:45:00,Urban,Fine no high winds,No,16 - 20,7,Urban area,4,124,Parked vehicle,None,Other/Not known (2005-10),Not at or within 20 metres of junction,,DNA 125,Petrol,Male,Skidded,No tow/articulation,Did not leave carriageway,0,Going ahead left-hand bend,1,Motorcycle 125cc and under,No,Front,2019
200805AA29939,Unclassified,0,Unclassified,0,Serious,None,23-02-2020,Friday,1,Give way or uncontrolled,T or staggered junction,13.01356341,Daylight,327480,387780,77.62639366,E01007300,1,2,0,0,Wet or damp,Single carriageway,None,30,15:05:00,Urban,Fine no high winds,No,16 - 20,7,Urban area,3,124,None,None,Other/Not known (2005-10),Approaching junction or waiting/parked at junction approach,,,Petrol,Male,Skidded,No tow/articulation,Did not leave carriageway,0,Going ahead other,2,Motorcycle 125cc and under,No,Front,2020
200742I279207,A,13,Unclassified,0,Serious,None,05-07-2019,Sunday,1,Give way or uncontrolled,Roundabout,13.01098062,Daylight,577450,188420,77.57044308,E01021478,1,2,0,0,Dry,Roundabout,None,30,18:55:00,Urban,Fine no high winds,No,16 - 20,7,Urban area,3,49,None,None,Other/Not known (2005-10),Leaving roundabout,,,Petrol,Male,None,No tow/articulation,Did not leave carriageway,0,Going ahead other,2,Motorcycle 125cc and under,No,Did not impact,2020
2008160D01160,A,1105,Unclassified,0,Serious,None,21-09-2021,Monday,1,Auto traffic signal,Crossroads,8.892749036,Daylight,508290,428670,76.63053658,E01012855,1,2,0,5,Dry,Single carriageway,None,30,12:00:00,Urban,Fine no high winds,No,16 - 20,7,Urban area,10,124,None,None,Other/Not known (2005-10),Mid Junction - on roundabout or on main road,,,Petrol,Male,None,No tow/articulation,Did not leave carriageway,0,Going ahead other,2,Motorcycle 125cc and under,No,Front,2020
200906M019924,Unclassified,0,B,5211,Serious,None,22-02-2021,Tuesday,1,Give way or uncontrolled,Roundabout,22.7183207,Daylight,377180,396790,75.86170843,E01006121,2,2,0,0,Dry,Roundabout,None,30,18:10:00,Urban,Fine no high winds,No,16 - 20,7,Urban area,9,1242,None,None,Other/Not known (2005-10),Entering roundabout,,PUNTO MIA,Petrol,Male,Overturned,No tow/articulation,Did not leave carriageway,0,Going ahead left-hand bend,1,Car,No,Back,2020
200801ZT80333,A,217,Unclassified,0,Serious,None,20-05-2020,Wednesday,1,Give way or uncontrolled,Private drive or entrance,22.70194116,Daylight,525080,165500,75.91427309,E01004130,1,2,0,8,Dry,Single carriageway,None,30,18:24:00,Urban,Fine no high winds,No,16 - 20,7,Urban area,6,1870,None,None,Journey as part of work,Mid Junction - on roundabout or on main road,,VIVARO 2900 DI SWB,Heavy oil,Male,None,No tow/articulation,Did not leave carriageway,0,Turning right,1,Van / Goods 3.5 tonnes mgw or under,No,Front,2020
2008600GS4005,A,496,NA,0,Serious,None,16-01-2020,Monday,1,Data missing or out of range,Not at junction or within 20 metres,22.7427506,Daylight,261020,335820,75.82229612,W01000074,1,2,0,0,Dry,Single carriageway,None,30,18:40:00,Rural,Fine no high winds,No,16 - 20,7,Rural,NA,1199,None,None,Other/Not known (2005-10),Not at or within 20 metres of junction,,CORSA COMFORT 16V,Petrol,Male,None,No tow/articulation,Did not leave carriageway,0,Going ahead other,2,Car,No,Back,2020
200801TX20182,C,0,NA,0,Serious,None,09-04-2019,Thursday,1,Data missing or out of range,Not at junction or within 20 metres,26.46007451,Daylight,512430,171680,74.63506805,E01002609,1,1,0,0,Dry,Single carriageway,None,30,15:55:00,Urban,Fine no high winds,No,16 - 20,7,Urban area,10,1242,None,None,Pupil riding to/from school,Not at or within 20 metres of junction,,PUNTO ELX 8V,Petrol,Male,None,No tow/articulation,Did not leave carriageway,0,Overtaking static vehicle - offside,1,Car,No,Front,2020
201042I179606,Unclassified,0,Unclassified,0,Serious,None,08-12-2019,Monday,1,Give way or uncontrolled,T or staggered junction,26.46339393,Daylight,589310,186830,74.64381097,E01015870,2,2,0,0,Dry,Single carriageway,None,30,17:20:00,Urban,Fine no high winds,No,16 - 20,7,Urban area,2,49,None,None,Other/Not known (2005-10),Approaching junction or waiting/parked at junction approach,,DNA 50,Petrol,Male,None,No tow/articulation,Did not leave carriageway,0,Going ahead other,2,Motorcycle 50cc and under,No,Front,2020
200920M050503,Unclassified,0,NA,0,Serious,None,12-07-2019,Tuesday,1,Data missing or out of range,Not at junction or within 20 metres,26.46263143,Daylight,435720,281120,74.60950859,E01009664,1,1,0,0,Dry,Single carriageway,None,30,13:35:00,Urban,Fine no high winds,No,16 - 20,7,Urban area,2,1587,None,None,Other/Not known (2005-10),Not at or within 20 metres of junction,,307 LX 16V,Petrol,Male,None,No tow/articulation,Did not leave carriageway,0,Going ahead other,1,Car,No,Front,2020
200797UD70306,Unclassified,0,Unclassified,0,Serious,None,28-03-2021,Sunday,1,Give way or uncontrolled,T or staggered junction,26.44219732,Daylight,235630,625010,80.28629066,,1,2,0,0,Dry,Single carriageway,None,30,17:45:00,Urban,Fine no high winds,Yes,16 - 20,7,Urban area,NA,1298,None,None,Other/Not known (2005-10),Approaching junction or waiting/parked at junction approach,,COLT RESOLUTION,Petrol,Male,None,No tow/articulation,Did not leave carriageway,0,Going ahead other,2,Car,No,Front,2020
2008160C03520,Unclassified,0,NA,0,Serious,None,28-10-2021,Wednesday,1,Data missing or out of range,Not at junction or within 20 metres,26.48108528,Daylight,517960,467700,80.31712713,E01012929,1,4,0,0,Wet or damp,Single carriageway,None,30,14:09:00,Urban,Fine no high winds,No,16 - 20,7,Small town,5,1348,None,Other permanent object,Other/Not known (2005-10),Not at or within 20 metres of junction,,MICRA ACTIV,Petrol,Male,None,No tow/articulation,Offside,0,Overtaking static vehicle - offside,1,Car,No,Front,2020
200920J052002,A,461,Unclassified,0,Serious,None,09-04-2019,Saturday,1,Give way or uncontrolled,T or staggered junction,28.61312896,Daylight,390930,286360,77.3028358,E01009740,1,2,0,0,Dry,Single carriageway,None,30,13:26:00,Urban,Fine no high winds,No,16 - 20,7,Urban area,5,124,None,None,Other/Not known (2005-10),Mid Junction - on roundabout or on main road,,,Petrol,Male,None,No tow/articulation,Did not leave carriageway,0,Going ahead other,1,Motorcycle 125cc and under,No,Front,2020
201034WN26580,Unclassified,8174,Unclassified,8422,Serious,None,26-04-2020,Wednesday,1,Give way or uncontrolled,Crossroads,28.65515525,Daylight,478440,263050,77.16443403,E01027179,1,2,0,0,Dry,Single carriageway,None,30,11:45:00,Urban,Fine no high winds,No,16 - 20,7,Urban area,3,49,None,None,Other/Not known (2005-10),Mid Junction - on roundabout or on main road,,JOG R,Petrol,Male,None,No tow/articulation,Did not leave carriageway,0,Going ahead other,2,Motorcycle 50cc and under,No,Front,2020
2009160C01690,B,1231,B,1231,Serious,None,01-02-2020,Saturday,1,Give way or uncontrolled,T or staggered junction,28.53607906,Daylight,499610,427780,77.31818455,E01013093,2,2,0,0,Dry,Dual carriageway,None,30,13:40:00,Rural,Fine no high winds,No,16 - 20,7,Urban area,10,1124,None,None,Other/Not known (2005-10),Approaching junction or waiting/parked at junction approach,,206 LOOK,Petrol,Male,None,No tow/articulation,Did not leave carriageway,0,Going ahead other,1,Car,No,Front,2020
200843P221048,Unclassified,189,Unclassified,0,Serious,None,16-06-2020,Wednesday,1,Give way or uncontrolled,Private drive or entrance,28.71387996,Daylight,452680,189460,77.09206463,E01028635,1,1,1,4,Dry,Single carriageway,Roadworks,30,15:27:00,Urban,Fine no high winds,No,16 - 20,7,Small town,10,49,None,None,Pupil riding to/from school,Cleared junction or waiting/parked at junction exit,,ET2,Petrol,Male,None,No tow/articulation,Did not leave carriageway,0,Going ahead other,1,Motorcycle 50cc and under,No,Front,2020