Accident_Index,1st_Road_Class,1st_Road_Number,2nd_Road_Class,2nd_Road_Number,Accident_Severity,Carriageway_Hazards,Date,Day_of_Week,Did_Police_Officer_Attend_Scene_of_Accident,Junction_Control,Junction_Detail,Latitude,Light_Conditions,Location_Easting_OSGR,Location_Northing_OSGR,Longitude,LSOA_of_Accident_Location,Number_of_Casualties,Number_of_Vehicles,Pedestrian_Crossing-Human_Control,Pedestrian_Crossing-Physical_Facilities,Road_Surface_Conditions,Road_Type,Special_Conditions_at_Site,Speed_limit,Time,Urban_or_Rural_Area,Weather_Conditions,InScotland,Age_Band_of_Driver,Age_of_Vehicle,Driver_Home_Area_Type,Driver_IMD_Decile,Engine_Capacity_.CC.,Hit_Object_in_Carriageway,Hit_Object_off_Carriageway,Journey_Purpose_of_Driver,Junction_Location,make,model,Propulsion_Code,Sex_of_Driver,Skidding_and_Overturning,Towing_and_Articulation,Vehicle_Leaving_Carriageway,Vehicle_Location.Restricted_Lane,Vehicle_Manoeuvre,Vehicle_Reference,Vehicle_Type,Was_Vehicle_Left_Hand_Drive,X1st_Point_of_Impact,Year
200920G064001,Unclassified,0,Unclassified,0,Serious,None,02-07-2021,Monday,1,Give way or uncontrolled,T or staggered junction,28.70724175,Daylight,391400,299250,77.25591884,E01010521,1,2,0,0,Dry,Single carriageway,None,30,10:50:00,Urban,Fine no high winds,No,16 - 20,7,Urban area,2,1398,None,None,Other/Not known (2005-10),Leaving main road,,307 LX HDI,Heavy oil,Male,None,No tow/articulation,Did not leave carriageway,0,Turning right,1,Car,No,Front,2021
200943R095129,A,308,Unclassified,7409,Serious,None,17-08-2019,Thursday,1,Give way or uncontrolled,Roundabout,18.61082413,Daylight,495450,176990,73.86863472,E01016552,1,2,0,0,Wet or damp,Roundabout,None,30,07:25:00,Urban,Fine no high winds,No,16 - 20,7,Urban area,10,2494,None,None,Journey as part of work,Mid Junction - on roundabout or on main road,,HIACE 280 SE,Heavy oil,Male,None,No tow/articulation,Did not leave carriageway,0,Going ahead other,1,Van / Goods 3.5 tonnes mgw or under,No,Front,2021
200743N263107,Unclassified,814,Unclassified,3192,Serious,None,28-09-2021,Friday,1,Give way or uncontrolled,T or staggered junction,18.5920696,Daylight,484080,191440,73.95852776,E01017844,2,2,0,0,Dry,Single carriageway,None,30,14:57:00,Urban,Fine no high winds,No,16 - 20,7,Urban area,9,1199,None,None,Commuting to/from work,Approaching junction or waiting/parked at junction approach,,CORSA 16V,Petrol,Male,Skidded,No tow/articulation,Did not leave carriageway,0,Going ahead other,1,Car,No,Front,2021
200843P165028,Unclassified,107,NA,0,Serious,None,10-05-2020,Saturday,1,Data missing or out of range,Not at junction or within 20 metres,18.61991296,Daylight,444310,201680,73.84468958,E01028711,1,2,0,0,Dry,Single carriageway,None,30,14:30:00,Rural,Fine no high winds,No,16 - 20,7,Urban area,10,1124,None,None,Other/Not known (2005-10),Not at or within 20 metres of junction,,106 XN ZEST 2,Petrol,Male,None,No tow/articulation,Did not leave carriageway,0,Parked,2,Car,No,Front,2021
200906M024738,A,56,A,560,Serious,None,29-06-2020,Tuesday,1,Auto traffic signal,T or staggered junction,18.59671973,Daylight,376800,388230,73.77117573,E01006075,3,2,0,5,Wet or damp,Single carriageway,None,30,14:30:00,Urban,Fine no high winds,No,16 - 20,7,Urban area,7,1242,None,None,Other/Not known (2005-10),Mid Junction - on roundabout or on main road,,PUNTO ACTIVE SPORT,Petrol,Male,Skidded,No tow/articulation,Did not leave carriageway,0,Going ahead other,2,Car,No,Front,2021
200745RU13702,Unclassified,3041,Unclassified,3041,Serious,Other object on road,02-09-2020,Friday,1,Give way or uncontrolled,T or staggered junction,18.54529286,Daylight,504770,166530,73.7363703,E01030652,1,3,0,0,Dry,Single carriageway,None,30,11:20:00,Urban,Fine no high winds,No,16 - 20,7,Urban area,7,125,None,None,Commuting to/from work,Approaching junction or waiting/parked at junction approach,,,Petrol,Male,Skidded,No tow/articulation,Did not leave carriageway,0,Going ahead other,1,Motorcycle 125cc and under,No,Front,2021
2008400C00571,C,0,Unclassified,0,Serious,None,25-07-2019,Sunday,1,Give way or uncontrolled,T or staggered junction,18.54188965,Daylight,507570,222230,73.74709391,E01015726,1,2,0,4,Dry,Single carriageway,None,30,14:45:00,Urban,Fine no high winds,No,16 - 20,7,Urban area,3,2671,None,None,Other/Not known (2005-10),Cleared junction or waiting/parked at junction exit,,RS4 QUATTRO,Petrol,Male,None,No tow/articulation,Did not leave carriageway,0,Overtaking moving vehicle - offside,1,Car,No,Nearside,2021
200745RE05190,A,23,Unclassified,0,Serious,None,13-07-2019,Tuesday,1,Give way or uncontrolled,T or staggered junction,19.18045062,Daylight,529020,153420,72.87193498,E01030598,1,2,0,0,Dry,Single carriageway,None,30,17:40:00,Urban,Fine no high winds,No,16 - 20,7,Urban area,2,110,None,None,Other/Not known (2005-10),Approaching junction or waiting/parked at junction approach,,MIDAS DELUXE,Petrol,Male,None,No tow/articulation,Did not leave carriageway,0,Overtaking moving vehicle - offside,2,Motorcycle 125cc and under,No,Nearside,2021
200906N010556,C,0,Unclassified,0,Serious,None,12-01-2019,Saturday,1,Give way or uncontrolled,T or staggered junction,22.631918,Daylight,378950,406560,74.94519914,E01005013,1,1,0,0,Dry,Single carriageway,None,30,15:55:00,Urban,Fine no high winds,No,16 - 20,7,Urban area,3,1149,None,None,Other/Not known (2005-10),Approaching junction or waiting/parked at junction approach,,CLIO AUTHENTIQUE,Petrol,Male,None,No tow/articulation,Did not leave carriageway,0,Going ahead other,1,Car,No,Nearside,2021
200901PY20449,A,232,Unclassified,0,Serious,None,06-12-2020,Friday,1,Give way or uncontrolled,T or staggered junction,14.65934691,Daylight,545710,165710,78.48314791,E01000790,1,2,0,0,Dry,Single carriageway,None,30,16:30:00,Urban,Fine no high winds,No,16 - 20,7,Urban area,10,1242,None,None,Other/Not known (2005-10),Mid Junction - on roundabout or on main road,,PUNTO ACTIVE SPORT,Petrol,Male,None,No tow/articulation,Did not leave carriageway,0,Turning right,2,Car,No,Front,2019
20074100G0872,B,656,NA,0,Serious,None,21-05-2021,Wednesday,1,Not at junction or within 20 metres,Not at junction or within 20 metres,26.7213637,Daylight,521380,218620,94.17275982,E01023596,1,2,0,0,Wet or damp,Single carriageway,None,30,12:50:00,Urban,Fine no high winds,No,16 - 20,7,Urban area,9,49,None,None,Other/Not known (2005-10),Not at or within 20 metres of junction,,EW50 (SLIDER),Petrol,Male,Skidded,No tow/articulation,Did not leave carriageway,0,Going ahead other,1,Motorcycle 50cc and under,No,Front,2019
201001JC30238,A,110,Unclassified,0,Serious,None,19-05-2010,Wednesday,1,Give way or uncontrolled,T or staggered junction,51.630036,Daylight,538600,194260,0.001117,E01004359,1,2,0,0,Dry,Single carriageway,None,30,19:58:00,Urban,Fine no high winds,No,16 - 20,7,Urban area,1,645,None,None,Other/Not known (2005-10),Mid Junction - on roundabout or on main road,SUZUKI,SV 650 K3,Petrol,Male,None,No tow/articulation,Did not leave carriageway,0,Slowing or stopping,2,Motorcycle over 500cc,No,Front,2010
201001KF60112,Unclassified,0,Unclassified,0,Serious,None,26-02-2010,Friday,1,Give way or uncontrolled,T or staggered junction,51.530436,Daylight,540560,183230,0.025005,E01003600,1,2,0,0,Dry,Single carriageway,None,30,14:12:00,Urban,Fine no high winds,No,16 - 20,7,Urban area,2,499,None,None,Other/Not known (2005-10),Approaching junction or waiting/parked at junction approach,HONDA,CB500-2,Petrol,Male,Skidded,No tow/articulation,Did not leave carriageway,0,Going ahead right-hand bend,2,Motorcycle over 500cc,No,Front,2010
201001LX50451,A,204,Unclassified,0,Serious,None,01-06-2010,Tuesday,1,Give way or uncontrolled,T or staggered junction,51.454416,Daylight,531180,174520,-0.113376,E01003177,1,1,0,4,Dry,Single carriageway,None,30,07:08:00,Urban,Fine no high winds,No,16 - 20,7,Urban area,2,1199,None,None,Journey as part of work,Approaching junction or waiting/parked at junction approach,VAUXHALL,CORSA ACTIVE 16V,Petrol,Male,None,No tow/articulation,Did not leave carriageway,0,Overtaking static vehicle - offside,1,Car,No,Nearside,2010
201001TB00329,Unclassified,0,Unclassified,0,Serious,None,29-06-2010,Tuesday,1,Give way or uncontrolled,Crossroads,51.415116,Daylight,537000,170300,-0.031294,E01000711,1,2,0,0,Dry,Single carriageway,None,30,18:25:00,Urban,Fine no high winds,No,16 - 20,7,Urban area,3,1242,Kerb,None,Commuting to/from work,Mid Junction - on roundabout or on main road,FIAT,PUNTO MIA,Petrol,Male,None,No tow/articulation,Offside,0,Moving off,1,Car,No,Nearside,2010
201001WW50461,Unclassified,0,Unclassified,0,Serious,None,26-06-2010,Saturday,1,Give way or uncontrolled,T or staggered junction,51.447004,Daylight,523780,173510,-0.220178,E01004631,1,1,0,0,Dry,Single carriageway,None,30,15:26:00,Urban,Fine no high winds,No,16 - 20,7,Urban area,5,1240,None,None,Other/Not known (2005-10),Mid Junction - on roundabout or on main road,NISSAN,MICRA SE,Petrol,Male,None,No tow/articulation,Did not leave carriageway,0,Going ahead other,1,Car,No,Front,2010
201001ZD30995,Unclassified,0,Unclassified,0,Serious,None,23-11-2010,Tuesday,2,Give way or uncontrolled,Roundabout,51.358853,Daylight,531710,163900,-0.109693,E01001169,1,2,0,0,Dry,Roundabout,None,30,19:00:00,Urban,Fine no high winds,No,16 - 20,7,Urban area,4,1149,None,None,Other/Not known (2005-10),Mid Junction - on roundabout or on main road,RENAULT,CLIO DYNAMIQUE 16V,Petrol,Male,None,No tow/articulation,Offside,0,Going ahead other,1,Car,No,Nearside,2010
201005BB05531,Unclassified,0,A,5098,Serious,None,27-09-2010,Monday,1,Give way or uncontrolled,Crossroads,53.456182,Daylight,335040,395940,-2.979778,E01006965,3,5,0,4,Dry,Single carriageway,None,30,18:17:00,Urban,Fine no high winds,No,16 - 20,7,Urban area,1,1587,Parked vehicle,None,Other/Not known (2005-10),Approaching junction or waiting/parked at junction approach,CITROEN,XSARA PICASSO LX 8V,Petrol,Male,Skidded,No tow/articulation,Did not leave carriageway,0,Going ahead other,2,Car,No,Front,2010
2007557P04389,Unclassified,0,Unclassified,0,Serious,None,17-11-2019,Sunday,1,Give way or uncontrolled,T or staggered junction,26.73371354,Daylight,399180,91630,94.22071652,E01015424,1,2,0,0,Dry,Single carriageway,None,30,22:15:00,Urban,Fine no high winds,No,16 - 20,7,Urban area,8,899,None,None,Other/Not known (2005-10),Mid Junction - on roundabout or on main road,,SEICENTO SX,Petrol,Female,None,No tow/articulation,Did not leave carriageway,0,Turning right,1,Car,No,Front,2019
200814K132508,B,6200,Unclassified,0,Serious,None,06-09-2021,Friday,1,Auto traffic signal,Other junction,25.76421438,Daylight,440740,386350,87.46230053,E01007912,3,1,0,0,Dry,Dual carriageway,None,30,18:55:00,Urban,Fine no high winds,No,16 - 20,7,Urban area,1,1686,None,Lamp post,Other/Not known (2005-10),Approaching junction or waiting/parked at junction approach,,ASTRA LS DTI,Heavy oil,Female,None,No tow/articulation,Offside on to central reservation,0,Moving off,1,Car,No,Front,2019
200897GD70103,B,766,NA,0,Serious,None,01-08-2019,Sunday,1,Data missing or out of range,Not at junction or within 20 metres,22.96534951,Daylight,258460,661370,72.63049801,,1,1,0,0,Dry,Dual carriageway,None,30,16:56:00,Urban,Fine no high winds,Yes,16 - 20,7,Urban area,NA,1124,None,None,Other/Not known (2005-10),Not at or within 20 metres of junction,,206 LOOK,Petrol,Female,Skidded,No tow/articulation,Did not leave carriageway,0,Going ahead other,1,Car,No,Nearside,2019
200845SP29445,Unclassified,3236,Unclassified,0,Serious,None,21-03-2019,Monday,1,Give way or uncontrolled,Crossroads,8.87059761,Daylight,505890,172420,76.61709913,E01030707,4,2,0,0,Dry,Single carriageway,None,30,12:24:00,Urban,Fine no high winds,No,16 - 20,7,Urban area,3,1299,None,Other permanent object,Other/Not known (2005-10),Mid Junction - on roundabout or on main road,,KA NOW,Petrol,Female,None,No tow/articulation,Offside,0,Going ahead other,2,Car,No,Nearside,2020
2009160C02360,B,1242,Unclassified,0,Serious,None,04-05-2019,Thursday,1,Auto traffic signal,T or staggered junction,28.56671089,Daylight,520060,447590,77.15952195,E01013046,1,2,0,4,Dry,Single carriageway,None,30,10:30:00,Rural,Fine no high winds,No,16 - 20,7,Small town,8,1149,None,None,Other/Not known (2005-10),Leaving main road,,CLIO EXPRESSION+ 16V,Petrol,Female,None,No tow/articulation,Did not leave carriageway,0,Overtaking moving vehicle - offside,1,Car,No,Did not impact,2021
200911SJ21719,A,68,Unclassified,0,Serious,None,20-09-2020,Sunday,2,Give way or uncontrolled,T or staggered junction,28.6403479,Daylight,428070,515020,77.17723593,E01012355,2,2,0,0,Dry,Single carriageway,None,30,15:55:00,Urban,Fine no high winds,No,16 - 20,7,Urban area,4,1598,None,None,Other/Not known (2005-10),Entering main road,,MINI COOPER,Petrol,Female,None,No tow/articulation,Did not leave carriageway,0,Turning right,1,Car,No,Front,2021
201043P321090,Unclassified,320,Unclassified,0,Serious,None,19-07-2020,Thursday,1,Give way or uncontrolled,T or staggered junction,19.11636145,Daylight,455730,204520,72.91829474,E01028557,1,2,0,0,Dry,Single carriageway,None,30,08:45:00,Urban,Fine no high winds,No,16 - 20,7,Urban area,10,1598,None,None,Pupil riding to/from school,Leaving main road,,MINI ONE,Petrol,Female,None,No tow/articulation,Did not leave carriageway,0,Turning right,1,Car,No,Nearside,2021
201001ZD30934,A,23,Unclassified,0,Serious,None,13-11-2010,Saturday,1,Give way or uncontrolled,T or staggered junction,51.327417,Daylight,530460,160370,-0.128928,E01001030,1,2,0,0,Dry,Single carriageway,None,30,15:10:00,Urban,Fine no high winds,No,16 - 20,7,Urban area,2,973,None,None,Other/Not known (2005-10),Mid Junction - on roundabout or on main road,VAUXHALL,CORSA CLUB 12V,Petrol,Female,None,No tow/articulation,Did not leave carriageway,0,Slowing or stopping,1,Car,No,Front,2010
201005CC03943,Unclassified,0,A,57,Serious,None,19-06-2010,Saturday,1,Auto traffic signal,Crossroads,53.421723,Daylight,344110,391990,-2.842498,E01006442,1,2,0,5,Dry,Single carriageway,None,30,19:29:00,Urban,Fine no high winds,No,16 - 20,7,Urban area,1,1299,None,None,Other/Not known (2005-10),Cleared junction or waiting/parked at junction exit,FORD,KA STYLE,Petrol,Female,None,No tow/articulation,Did not leave carriageway,0,Going ahead other,1,Car,No,Front,2010
201006N037354,Unclassified,0,Unclassified,0,Serious,None,11-10-2010,Monday,2,Give way or uncontrolled,T or staggered junction,53.563732,Daylight,378010,407510,-2.333484,E01004996,1,1,0,0,Dry,Single carriageway,None,30,17:30:00,Urban,Fine no high winds,No,16 - 20,7,Rural,8,1299,None,None,Other/Not known (2005-10),Approaching junction or waiting/parked at junction approach,FORD,KA,Petrol,Female,None,No tow/articulation,Did not leave carriageway,0,Moving off,1,Car,No,Nearside,2010
200901BS70088,Unclassified,0,NA,0,Serious,None,01-12-2020,Wednesday,1,Data missing or out of range,Not at junction or within 20 metres,19.10708237,Daylight,524080,180950,72.85704757,E01002879,2,2,0,0,Wet or damp,Single carriageway,None,30,08:36:00,Urban,Other,No,16 - 20,7,Urban area,3,124,None,None,Other/Not known (2005-10),Not at or within 20 metres of junction,,DNA 125,Petrol,Male,None,No tow/articulation,Did not leave carriageway,0,Going ahead right-hand bend,2,Motorcycle 50cc and under,No,Front,2021
200920G043202,Unclassified,0,NA,0,Serious,None,18-02-2021,Wednesday,1,Data missing or out of range,Not at junction or within 20 metres,27.09590392,Daylight,392420,303160,93.60918325,E01010440,3,3,0,0,Wet or damp,Single carriageway,Oil or diesel,30,16:24:00,Urban,Raining no high winds,No,16 - 20,7,Urban area,6,1396,None,None,Other/Not known (2005-10),Not at or within 20 metres of junction,,ZR,Petrol,Male,None,No tow/articulation,Did not leave carriageway,0,Overtaking static vehicle - offside,1,Car,No,Front,2019
200932B381709,A,15,B,1175,Serious,None,18-12-2021,Wednesday,1,Give way or uncontrolled,Roundabout,25.78896334,Daylight,503930,307470,87.45567763,E01026350,1,2,0,0,Wet or damp,Roundabout,None,30,16:09:00,Urban,Raining no high winds,No,16 - 20,7,Rural,6,2495,None,None,Other/Not known (2005-10),Approaching junction or waiting/parked at junction approach,,DEFENDER 110 TD5 COUNTY,Heavy oil,Male,None,No tow/articulation,Did not leave carriageway,0,Going ahead other,1,Car,No,Front,2019
200804DA08127,A,6,Unclassified,0,Serious,None,05-04-2019,Tuesday,1,Auto traffic signal,Crossroads,25.79252784,Daylight,354540,429660,87.46302014,E01025307,1,2,0,5,Wet or damp,Dual carriageway,None,30,07:29:00,Urban,Raining no high winds,No,16 - 20,7,Urban area,2,1199,None,None,Journey as part of work,Mid Junction - on roundabout or on main road,,CORSA COMFORT 16V,Petrol,Male,None,No tow/articulation,Did not leave carriageway,0,Turning right,1,Car,No,Front,2019
200901RY10499,Unclassified,0,NA,0,Serious,None,16-03-2021,Tuesday,1,Data missing or out of range,Not at junction or within 20 metres,15.26445978,Daylight,550250,178460,74.09403029,E01000406,1,1,0,0,Frost or ice,Single carriageway,None,30,16:15:00,Urban,Raining no high winds,No,16 - 20,7,Urban area,9,100,None,None,Other/Not known (2005-10),Not at or within 20 metres of junction,,SPEEDFIGHT 100,Petrol,Male,None,No tow/articulation,Did not leave carriageway,0,Going ahead other,1,Motorcycle 125cc and under,No,Nearside,2019
200897BE01009,A,879,NA,0,Serious,None,03-12-2019,Thursday,1,Data missing or out of range,Not at junction or within 20 metres,26.46408375,Daylight,259070,667590,74.60702892,,1,1,0,4,Wet or damp,Single carriageway,None,30,17:10:00,Urban,Raining no high winds,Yes,16 - 20,7,Urban area,NA,7300,None,None,Journey as part of work,Not at or within 20 metres of junction,,,Heavy oil,Male,None,No tow/articulation,Did not leave carriageway,0,Slowing or stopping,1,Bus or coach (17 or more pass seats),No,Front,2020
200906M019025,B,5214,NA,0,Serious,None,08-09-2019,Thursday,1,Not at junction or within 20 metres,Not at junction or within 20 metres,28.53420182,Daylight,377820,397480,77.21866942,E01006121,1,2,0,0,Wet or damp,Single carriageway,None,30,15:20:00,Urban,Raining no high winds,No,16 - 20,7,Urban area,3,1242,None,None,Other/Not known (2005-10),Not at or within 20 metres of junction,,PUNTO GO,Petrol,Male,Skidded,No tow/articulation,Did not leave carriageway,0,Turning left,2,Car,No,Front,2020
200850E31A016,Unclassified,0,NA,0,Serious,None,20-05-2020,Saturday,1,Not at junction or within 20 metres,Not at junction or within 20 metres,18.56892806,Daylight,247780,54240,73.92906038,E01015156,1,1,0,0,Wet or damp,Single carriageway,None,30,18:30:00,Urban,Raining no high winds,No,16 - 20,7,Data missing or out of range,NA,1149,None,None,Data missing or out of range,Not at or within 20 metres of junction,,CLIO DYNAMIQUE 16V,Petrol,Male,None,No tow/articulation,Did not leave carriageway,0,Moving off,1,Car,No,Front,2021
200814K132008,C,405,NA,0,Serious,None,13-10-2021,Thursday,1,Not at junction or within 20 metres,Not at junction or within 20 metres,28.46287339,Daylight,440290,384440,76.99787914,E01007963,1,1,0,0,Wet or damp,Single carriageway,None,30,14:25:00,Rural,Raining no high winds,No,16 - 20,7,Urban area,8,1124,None,None,Other/Not known (2005-10),Not at or within 20 metres of junction,,SAXO FORTE,Petrol,Female,None,No tow/articulation,Did not leave carriageway,0,Going ahead other,1,Car,No,Front,2019
200963AC31909,B,4297,Unclassified,0,Serious,None,18-06-2020,Sunday,2,Give way or uncontrolled,Crossroads,14.73854161,Daylight,259230,211350,78.54578293,W01000724,4,2,0,0,Wet or damp,Single carriageway,None,30,21:13:00,Urban,Unknown,No,16 - 20,7,Urban area,NA,2496,None,None,Other/Not known (2005-10),Mid Junction - on roundabout or on main road,,A4 TDI,Heavy oil,Male,None,No tow/articulation,Did not leave carriageway,0,Going ahead other,1,Car,No,Offside,2019
200963AC30409,A,476,NA,0,Serious,None,08-05-2019,Sunday,2,Data missing or out of range,Not at junction or within 20 metres,18.50539939,Daylight,257260,214070,73.74212776,W01000664,4,2,0,0,Wet or damp,Single carriageway,None,30,21:10:00,Rural,Unknown,No,16 - 20,7,Urban area,NA,2496,None,None,Other/Not known (2005-10),Not at or within 20 metres of junction,,A4 TDI,Heavy oil,Male,Skidded,No tow/articulation,Did not leave carriageway,0,Going ahead other,1,Car,No,Front,2021
200920E079401,Unclassified,0,Unclassified,0,Serious,None,29-12-2019,Friday,2,Give way or uncontrolled,T or staggered junction,28.41790747,Daylight,401760,279310,77.00194459,E01009206,1,2,0,0,Dry,Single carriageway,None,30,18:45:00,Urban,Unknown,No,16 - 20,7,Urban area,1,973,None,None,Other/Not known (2005-10),Leaving main road,,CORSA COMFORT 12V,Petrol,Female,None,No tow/articulation,Did not leave carriageway,0,Turning right,1,Car,No,Did not impact,2019
200897QD02301,A,762,NA,0,Serious,None,17-09-2019,Friday,1,Data missing or out of range,Not at junction or within 20 metres,15.20713394,Darkness - lights lit,262440,659610,74.1069462,,1,1,0,0,Wet or damp,Single carriageway,None,30,17:20:00,Urban,Fine + high winds,Yes,21 - 25,7,Data missing or out of range,NA,1796,None,None,Commuting to/from work,Not at or within 20 metres of junction,,45 CLUB 16V AUTO,Petrol,Male,None,No tow/articulation,Did not leave carriageway,0,Going ahead other,1,Car,No,Did not impact,2019
200745EP14004,C,195,Unclassified,0,Serious,None,16-05-2020,Wednesday,1,Give way or uncontrolled,T or staggered junction,14.76339984,Darkness - lights lit,520460,161880,78.54189077,E01030384,2,2,0,0,Dry,Single carriageway,None,30,18:31:00,Urban,Fine no high winds,No,21 - 25,7,Urban area,10,1149,None,None,Other/Not known (2005-10),Mid Junction - on roundabout or on main road,,CLIO MTV,Petrol,Male,None,No tow/articulation,Did not leave carriageway,0,Going ahead other,2,Car,No,Front,2019
200901SX20096,A,5,NA,0,Serious,None,22-03-2019,Saturday,1,Data missing or out of range,Not at junction or within 20 metres,14.74063066,Darkness - lights lit,520150,190420,78.50778068,E01000592,1,1,0,0,Dry,Single carriageway,None,30,18:56:00,Urban,Fine no high winds,No,21 - 25,7,Urban area,5,2685,None,None,Other/Not known (2005-10),Not at or within 20 metres of junction,,GRAND CHEROKEE CRD LTD AUTO,Heavy oil,Male,None,No tow/articulation,Did not leave carriageway,0,Going ahead other,1,Car,No,Nearside,2019
200901MM70391,A,2208,A,2,Serious,None,03-02-2019,Sunday,1,Auto traffic signal,T or staggered junction,26.74234863,Darkness - lights lit,534360,177890,94.17916725,E01003989,1,2,0,0,Dry,Dual carriageway,None,30,23:03:00,Urban,Fine no high winds,No,21 - 25,7,Urban area,5,100,None,None,Other/Not known (2005-10),Mid Junction - on roundabout or on main road,,LOOXOR 100,Petrol,Male,None,No tow/articulation,Did not leave carriageway,0,Going ahead other,2,Motorcycle 125cc and under,No,Front,2019
200901YR90683,C,0,NA,0,Serious,Other object on road,16-11-2020,Thursday,1,Data missing or out of range,Not at junction or within 20 metres,25.77370583,Darkness - lights lit,532730,187950,87.461364,E01001811,1,1,0,0,Dry,Single carriageway,None,30,18:00:00,Urban,Fine no high winds,No,21 - 25,7,Urban area,3,124,Other object,None,Journey as part of work,Not at or within 20 metres of junction,,CG125,Petrol,Male,None,No tow/articulation,Did not leave carriageway,0,Going ahead other,1,Motorcycle 125cc and under,No,Front,2019
200950FT2B054,A,379,Unclassified,0,Serious,None,26-03-2019,Saturday,1,Give way or uncontrolled,T or staggered junction,14.72000753,Darkness - no lighting,292370,68660,78.57231766,E01015236,2,1,0,0,Frost or ice,Single carriageway,None,40,19:13:00,Rural,Other,No,16 - 20,7,Rural,8,1360,None,Tree,Other/Not known (2005-10),Approaching junction or waiting/parked at junction approach,,SAXO FURIO,Petrol,Male,Skidded and overturned,No tow/articulation,Nearside,0,Going ahead other,1,Car,No,Front,2019
200743R057057,Unclassified,7007,NA,0,Serious,Any animal in carriageway (except ridden horse),03-10-2019,Thursday,1,Data missing or out of range,Not at junction or within 20 metres,25.78020672,Daylight,489710,169740,87.48377776,E01016181,1,2,0,0,Wet or damp,Single carriageway,None,40,08:43:00,Rural,Fine no high winds,No,16 - 20,7,Rural,10,650,None,None,Pupil riding to/from school,Not at or within 20 metres of junction,,F 650,Petrol,Male,None,No tow/articulation,Nearside,0,Going ahead other,1,Motorcycle over 500cc,No,Front,2019
200942I284409,B,1014,Unclassified,0,Serious,None,12-10-2021,Saturday,1,Give way or uncontrolled,Private drive or entrance,28.43716491,Daylight,578610,184720,77.08868834,E01021505,1,3,0,0,Dry,Single carriageway,None,40,10:01:00,Urban,Fine no high winds,No,16 - 20,7,Urban area,7,1149,None,None,Other/Not known (2005-10),Approaching junction or waiting/parked at junction approach,,CLIO AUTHENTIQUE,Petrol,Male,None,No tow/articulation,Did not leave carriageway,0,Going ahead other,3,Car,No,Offside,2019
201042I203007,A,127,NA,0,Serious,None,02-11-2019,Sunday,1,Not at junction or within 20 metres,Not at junction or within 20 metres,8.893909762,Daylight,587070,187790,76.63685988,E01015860,1,2,0,0,Dry,Dual carriageway,None,40,17:50:00,Urban,Fine no high winds,No,16 - 20,7,Urban area,10,1598,None,None,Other/Not known (2005-10),Not at or within 20 metres of junction,,GOLF MATCH,Petrol,Male,None,No tow/articulation,Did not leave carriageway,0,Slowing or stopping,2,Car,No,Back,2020
200901KD50127,A,1306,B,1335,Serious,None,20-03-2021,Wednesday,1,Give way or uncontrolled,T or staggered junction,28.56264389,Daylight,554540,180930,77.09252411,E01002344,2,3,0,0,Dry,Single carriageway,None,40,17:12:00,Rural,Fine no high winds,No,16 - 20,7,Urban area,1,1796,Kerb,None,Other/Not known (2005-10),Mid Junction - on roundabout or on main road,,C200 KOMPRESSOR SE AUTO,Petrol,Male,None,No tow/articulation,Nearside,0,U-turn,2,Car,No,Back,2020
20094100E0403,Unclassified,302,Unclassified,66,Serious,None,31-03-2021,Thursday,1,Give way or uncontrolled,Roundabout,28.66058013,Daylight,526350,224250,77.2491796,E01023760,1,1,0,0,Dry,Roundabout,None,40,18:50:00,Urban,Fine no high winds,No,16 - 20,7,Urban area,4,1360,None,None,Other/Not known (2005-10),Entering roundabout,,SAXO FURIO,Petrol,Male,Overturned,No tow/articulation,Nearside,0,Turning left,1,Car,No,Nearside,2020
200811NE10118,Unclassified,0,Unclassified,0,Serious,None,29-04-2019,Wednesday,1,Give way or uncontrolled,T or staggered junction,28.59707001,Daylight,440650,541140,77.22319294,E01020761,1,2,0,0,Dry,Single carriageway,None,40,08:42:00,Urban,Fine no high winds,No,16 - 20,7,Small town,2,49,None,None,Journey as part of work,Approaching junction or waiting/parked at junction approach,,VIVACITY 50,Petrol,Male,None,No tow/articulation,Did not leave carriageway,0,Going ahead other,1,Motorcycle 50cc and under,No,Front,2021
200820G044302,A,4123,NA,0,Serious,None,10-05-2021,Tuesday,1,Data missing or out of range,Not at junction or within 20 metres,18.6287345,Daylight,392990,295380,73.87992858,E01010535,1,1,0,0,Dry,Dual carriageway,None,40,12:46:00,Urban,Fine no high winds,No,16 - 20,7,Data missing or out of range,NA,2800,None,None,Journey as part of work,Not at or within 20 metres of junction,,,Heavy oil,Male,Skidded,No tow/articulation,Did not leave carriageway,0,Going ahead other,1,Van / Goods 3.5 tonnes mgw or under,No,Front,2021