Accident_Index,1st_Road_Class,1st_Road_Number,2nd_Road_Class,2nd_Road_Number,Accident_Severity,Carriageway_Hazards,Date,Day_of_Week,Did_Police_Officer_Attend_Scene_of_Accident,Junction_Control,Junction_Detail,Latitude,Light_Conditions,Location_Easting_OSGR,Location_Northing_OSGR,Longitude,LSOA_of_Accident_Location,Number_of_Casualties,Number_of_Vehicles,Pedestrian_Crossing-Human_Control,Pedestrian_Crossing-Physical_Facilities,Road_Surface_Conditions,Road_Type,Special_Conditions_at_Site,Speed_limit,Time,Urban_or_Rural_Area,Weather_Conditions,InScotland,Age_Band_of_Driver,Age_of_Vehicle,Driver_Home_Area_Type,Driver_IMD_Decile,Engine_Capacity_.CC.,Hit_Object_in_Carriageway,Hit_Object_off_Carriageway,Journey_Purpose_of_Driver,Junction_Location,make,model,Propulsion_Code,Sex_of_Driver,Skidding_and_Overturning,Towing_and_Articulation,Vehicle_Leaving_Carriageway,Vehicle_Location.Restricted_Lane,Vehicle_Manoeuvre,Vehicle_Reference,Vehicle_Type,Was_Vehicle_Left_Hand_Drive,X1st_Point_of_Impact,Year
200906K017681,A,6,B,5408,Serious,None,14-04-2021,Tuesday,1,Auto traffic signal,T or staggered junction,29.94183212,Daylight,362760,409250,76.8651416,E01004783,2,2,0,0,Dry,Single carriageway,None,40,17:51:00,Rural,Fine no high winds,No,16 - 20,7,Urban area,2,1199,None,Road sign or traffic signal,Other/Not known (2005-10),Mid Junction - on roundabout or on main road,,CORSA COMFORT 16V,Petrol,Male,None,No tow/articulation,Nearside,0,Turning right,1,Car,No,Front,2021
20093102D1295,A,612,Unclassified,0,Serious,None,01-02-2019,Sunday,1,Auto traffic signal,T or staggered junction,14.76648669,Daylight,463220,342560,78.62480201,E01028168,2,1,0,5,Dry,Single carriageway,None,40,18:39:00,Rural,Fine no high winds,No,16 - 20,7,Urban area,4,1598,Bollard or refuge,Near/Offside crash barrier,Other/Not known (2005-10),Cleared junction or waiting/parked at junction exit,,MINI COOPER S,Petrol,Male,Skidded,No tow/articulation,Offside,0,Going ahead left-hand bend,1,Car,No,Front,2019
200763DP44007,A,489,Unclassified,0,Serious,None,03-05-2020,Thursday,1,Give way or uncontrolled,T or staggered junction,14.65956328,Daylight,309390,290550,78.51988468,,1,2,0,0,Dry,Single carriageway,None,40,07:30:00,Urban,Fine no high winds,No,16 - 20,7,Urban area,NA,125,None,None,Commuting to/from work,Approaching junction or waiting/parked at junction approach,,,Petrol,Male,Skidded,No tow/articulation,Did not leave carriageway,0,Going ahead other,2,Motorcycle 125cc and under,No,Front,2019
201004DF10062,A,59,NA,0,Serious,None,05-08-2010,Thursday,1,Data missing or out of range,Not at junction or within 20 metres,53.764971,Daylight,357600,430040,-2.644703,E01025286,3,2,0,0,Dry,Single carriageway,None,40,19:30:00,Rural,Fine no high winds,No,16 - 20,7,Urban area,1,1461,None,None,Other/Not known (2005-10),Not at or within 20 metres of junction,RENAULT,CLIO EXPRESSION DCI 80,Heavy oil,Female,None,No tow/articulation,Offside,0,Overtaking moving vehicle - offside,2,Car,No,Front,2010
200743N010057,A,355,Unclassified,21,Serious,None,02-08-2021,Thursday,1,Give way or uncontrolled,More than 4 arms (not roundabout),27.09215012,Daylight,494850,191700,93.61082791,E01017798,1,1,0,0,Wet or damp,Single carriageway,None,40,17:30:00,Urban,Raining no high winds,No,16 - 20,7,Urban area,9,124,None,None,Commuting to/from work,Mid Junction - on roundabout or on main road,,BN125-A2,Petrol,Female,Skidded,No tow/articulation,Did not leave carriageway,0,Turning left,1,Motorcycle 125cc and under,No,Nearside,2019
200801MM70765,A,2,A,2208,Serious,None,19-01-2020,Monday,1,Give way or uncontrolled,T or staggered junction,8.895599655,Darkness - lights lit,534360,177900,76.6261389,E01004038,2,2,0,5,Dry,Dual carriageway,None,40,21:46:00,Urban,Fine no high winds,No,21 - 25,7,Urban area,2,1896,None,None,Other/Not known (2005-10),Mid Junction - on roundabout or on main road,,GOLF E SDI,Heavy oil,Male,None,No tow/articulation,Did not leave carriageway,0,Turning right,2,Car,No,Nearside,2020
201001TX20529,A,312,Unclassified,0,Serious,None,05-08-2010,Thursday,1,Give way or uncontrolled,T or staggered junction,51.469572,Darkness - lights lit,510710,175720,-0.407485,E01002589,1,2,0,0,Dry,Single carriageway,None,40,20:35:00,Urban,Fine no high winds,No,21 - 25,7,Urban area,9,498,None,None,Other/Not known (2005-10),Cleared junction or waiting/parked at junction exit,KAWASAKI,ER500-C1,Petrol,Male,Skidded,No tow/articulation,Did not leave carriageway,0,Overtaking moving vehicle - offside,1,Motorcycle over 500cc,No,Front,2010
200901YE80216,A,406,C,0,Serious,None,12-02-2021,Tuesday,1,Give way or uncontrolled,T or staggered junction,18.52056736,Darkness - lights lit,531510,192320,73.88992903,E01001397,1,1,0,4,Dry,Dual carriageway,None,40,20:24:00,Urban,Fine no high winds,No,21 - 25,7,Data missing or out of range,NA,1199,None,None,Other/Not known (2005-10),Mid Junction - on roundabout or on main road,,CORSA COMFORT 16V,Petrol,Female,Skidded,No tow/articulation,Did not leave carriageway,0,Going ahead other,1,Car,No,Front,2021
200743R120017,A,355,NA,0,Serious,None,23-03-2021,Tuesday,1,Data missing or out of range,Not at junction or within 20 metres,15.19700935,Darkness - lights lit,496230,179340,74.07147803,E01016463,2,2,0,0,Wet or damp,Dual carriageway,None,40,18:20:00,Rural,Raining no high winds,No,21 - 25,7,Urban area,5,1590,None,None,Other/Not known (2005-10),Not at or within 20 metres of junction,,CIVIC SPORT,Petrol,Male,None,No tow/articulation,Did not leave carriageway,0,Slowing or stopping,2,Car,No,Back,2019
200801JI70127,A,12,A,123,Serious,None,25-11-2021,Sunday,1,Stop sign,Roundabout,28.64158684,Darkness - lights lit,543320,188450,77.12736781,E01003653,3,3,0,0,Dry,Dual carriageway,None,40,02:15:00,Urban,Unknown,No,21 - 25,7,Urban area,3,2979,None,None,Other/Not known (2005-10),Approaching junction or waiting/parked at junction approach,,330 I SPORT TOURING AUTO,Petrol,Male,None,No tow/articulation,Did not leave carriageway,0,Going ahead other,1,Car,No,Front,2020
201014A206210,B,1396,NA,0,Serious,None,22-12-2010,Wednesday,1,Not at junction or within 20 metres,Not at junction or within 20 metres,53.507937,Darkness - lights unlit,461520,401650,-1.073849,E01007522,1,1,0,0,Wet or damp,Single carriageway,None,40,16:55:00,Urban,Other,No,21 - 25,7,Small town,8,1199,None,None,Journey as part of work,Not at or within 20 metres of junction,VAUXHALL,CORSA CLUB 16V,Petrol,Male,None,No tow/articulation,Did not leave carriageway,0,Going ahead other,1,Car,No,Front,2010
201042I220507,B,181,NA,0,Serious,None,15-10-2020,Saturday,1,Not at junction or within 20 metres,Not at junction or within 20 metres,26.47583359,Darkness - no lighting,543590,206010,80.26537881,E01021741,1,1,0,0,Dry,Single carriageway,None,40,21:06:00,Rural,Fine no high winds,No,21 - 25,7,Urban area,3,645,None,None,Other/Not known (2005-10),Not at or within 20 metres of junction,,SV 650S K2,Petrol,Male,None,No tow/articulation,Did not leave carriageway,0,Going ahead left-hand bend,1,Motorcycle over 500cc,No,Nearside,2020
201043P092040,A,4130,NA,0,Serious,None,03-09-2019,Sunday,1,Data missing or out of range,Not at junction or within 20 metres,18.57812543,Darkness - no lighting,454600,190120,73.870746,E01028649,2,1,0,0,Dry,Single carriageway,None,40,03:10:00,Rural,Fine no high winds,No,21 - 25,7,Urban area,10,1994,None,Tree,Other/Not known (2005-10),Not at or within 20 metres of junction,,VECTRA LS DTI 16V,Heavy oil,Male,Overturned,No tow/articulation,Nearside,0,Going ahead other,1,Car,No,Front,2021
200891NL05833,Unclassified,0,NA,0,Serious,Pedestrian in carriageway - not injured,09-09-2021,Monday,1,Data missing or out of range,Not at junction or within 20 metres,22.09850132,Darkness - no lighting,443220,1125620,82.1975547,,1,1,0,0,Wet or damp,Single carriageway,None,40,19:15:00,Rural,Raining + high winds,Yes,21 - 25,7,Rural,NA,1597,Other object,None,Other/Not known (2005-10),Not at or within 20 metres of junction,,IMPREZA TS AWD,Petrol,Male,None,No tow/articulation,Did not leave carriageway,4,Going ahead other,1,Car,No,Nearside,2019
200742I250406,B,1022,Unclassified,0,Serious,None,06-10-2021,Thursday,1,Give way or uncontrolled,T or staggered junction,26.47052595,Daylight,586730,213000,80.28790425,E01021882,1,2,0,0,Dry,Single carriageway,None,40,18:08:00,Rural,Fine no high winds,No,21 - 25,7,Small town,10,883,None,None,Commuting to/from work,Mid Junction - on roundabout or on main road,,XL883C SPORTSTER,Petrol,Male,Skidded,No tow/articulation,Offside,0,Overtaking moving vehicle - offside,1,Motorcycle over 500cc,No,Nearside,2020
200834WN40238,A,45,A,45,Serious,None,09-01-2020,Thursday,1,Auto traffic signal,Roundabout,28.61623499,Daylight,474330,258180,77.23691862,E01027160,1,2,0,0,Dry,Roundabout,None,40,18:28:00,Urban,Fine no high winds,No,21 - 25,7,Urban area,4,645,Kerb,None,Other/Not known (2005-10),Mid Junction - on roundabout or on main road,,,Petrol,Male,None,No tow/articulation,Did not leave carriageway,0,Going ahead other,2,Motorcycle over 500cc,No,Front,2021
200734NK33307,A,4300,Unclassified,0,Serious,None,12-11-2020,Friday,1,Give way or uncontrolled,T or staggered junction,18.52464932,Daylight,485050,279450,73.95317047,E01027117,1,2,0,0,Dry,Single carriageway,None,40,18:30:00,Rural,Fine no high winds,No,21 - 25,7,Small town,10,125,None,None,Commuting to/from work,Mid Junction - on roundabout or on main road,,,Petrol,Male,None,No tow/articulation,Did not leave carriageway,0,Going ahead other,2,Motorcycle 125cc and under,No,Front,2021
20093102B1712,Unclassified,0,Unclassified,0,Serious,None,29-09-2021,Saturday,1,Give way or uncontrolled,T or staggered junction,18.54662057,Daylight,459030,364050,73.94097035,E01028314,2,2,0,0,Dry,Single carriageway,None,40,19:10:00,Rural,Fine no high winds,No,21 - 25,7,Urban area,5,1587,None,None,Other/Not known (2005-10),Mid Junction - on roundabout or on main road,,SAXO VTR,Petrol,Male,Skidded,No tow/articulation,Did not leave carriageway,0,Going ahead left-hand bend,2,Car,No,Front,2021
200845EP27702,B,284,Unclassified,0,Serious,None,03-12-2020,Friday,1,Give way or uncontrolled,Roundabout,19.11585919,Daylight,520170,163010,72.87730134,E01030383,1,1,0,0,Dry,Roundabout,None,40,19:15:00,Rural,Fine no high winds,No,21 - 25,7,Urban area,4,125,None,None,Other/Not known (2005-10),Entering roundabout,,,Petrol,Male,None,No tow/articulation,Did not leave carriageway,0,Going ahead other,1,Motorcycle over 125cc and up to 500cc,No,Nearside,2021
200820J058102,A,4036,Unclassified,0,Serious,None,08-05-2020,Thursday,1,Give way or uncontrolled,T or staggered junction,19.14974013,Daylight,391220,282730,72.9291176,E01009854,1,2,0,0,Dry,Single carriageway,None,40,08:10:00,Urban,Fine no high winds,No,21 - 25,7,Urban area,8,599,None,None,Commuting to/from work,Approaching junction or waiting/parked at junction approach,,ZX600-J2,Petrol,Male,None,No tow/articulation,Did not leave carriageway,0,Going ahead other,2,Motorcycle over 500cc,No,Front,2021
200943W179029,B,3033,NA,0,Serious,None,23-12-2021,Saturday,1,Data missing or out of range,Not at junction or within 20 metres,14.6832666,Daylight,471690,170250,78.54016416,E01016437,2,2,0,0,Dry,Single carriageway,None,40,17:19:00,Urban,Fine no high winds,No,21 - 25,7,Urban area,3,600,None,None,Other/Not known (2005-10),Not at or within 20 metres of junction,,GSF 600S K2,Petrol,Male,None,No tow/articulation,Did not leave carriageway,2,Going ahead other,2,Motorcycle over 500cc,No,Offside,2019
200945WO40424,A,320,A,3046,Serious,None,07-02-2020,Friday,1,Auto traffic signal,T or staggered junction,14.74494128,Daylight,500540,159030,78.53902068,E01030968,1,1,0,5,Dry,One way street,None,40,20:09:00,Urban,Fine no high winds,No,21 - 25,7,Urban area,7,1796,None,None,Other/Not known (2005-10),Mid Junction - on roundabout or on main road,,VECTRA LS AUTO,Petrol,Male,None,No tow/articulation,Did not leave carriageway,0,Going ahead other,1,Car,No,Front,2019
201006F033224,A,57,A,5066,Serious,None,27-06-2010,Sunday,1,Auto traffic signal,Crossroads,53.476615,Daylight,382230,397800,-2.269217,E01005669,4,3,0,5,Dry,Dual carriageway,None,40,17:00:00,Urban,Fine no high winds,No,21 - 25,7,Urban area,1,600,None,None,Other/Not known (2005-10),Mid Junction - on roundabout or on main road,SUZUKI,GSX 600 FK2,Petrol,Male,Skidded,No tow/articulation,Nearside and rebounded,0,Going ahead other,2,Motorcycle over 500cc,No,Front,2010
200945TA42850,A,22,A,22,Serious,None,26-06-2019,Sunday,1,Give way or uncontrolled,Roundabout,13.02225165,Daylight,534620,157130,77.57413266,E01030851,1,2,0,0,Dry,Roundabout,None,40,19:06:00,Urban,Fine no high winds,No,21 - 25,7,Urban area,9,1397,None,None,Other/Not known (2005-10),Approaching junction or waiting/parked at junction approach,,A140 AVANTGARDE AUTO,Petrol,Female,None,No tow/articulation,Did not leave carriageway,0,Going ahead other,2,Car,No,Front,2020
200734NC13737,A,427,C,172,Serious,None,12-02-2019,Wednesday,1,Give way or uncontrolled,Roundabout,19.09582106,Daylight,488550,288250,72.93321639,E01026950,1,1,0,4,Dry,Roundabout,None,40,14:15:00,Urban,Fine no high winds,No,21 - 25,7,Urban area,NA,1679,None,None,Commuting to/from work,Leaving roundabout,,PUMA MILLENIUM,Petrol,Female,None,No tow/articulation,Did not leave carriageway,0,Going ahead other,1,Car,No,Front,2021
2010160C04651,C,0,Unclassified,0,Serious,None,08-06-2010,Tuesday,1,Give way or uncontrolled,T or staggered junction,53.698987,Daylight,536210,424480,0.061748,E01013087,1,2,0,0,Wet or damp,Single carriageway,None,40,17:20:00,Rural,Fine no high winds,No,21 - 25,7,Small town,2,1360,None,None,Other/Not known (2005-10),Approaching junction or waiting/parked at junction approach,PEUGEOT,206 LOOK,Petrol,Female,Skidded,No tow/articulation,Offside,0,Overtaking static vehicle - offside,1,Car,No,Nearside,2010
200737B027176,A,134,Unclassified,8359,Serious,None,02-04-2021,Monday,1,Give way or uncontrolled,T or staggered junction,28.70907707,Daylight,588820,241740,77.33208792,E01029913,2,2,0,0,Wet or damp,Single carriageway,None,40,08:05:00,Urban,Other,No,21 - 25,7,Urban area,3,1360,None,None,Other/Not known (2005-10),Approaching junction or waiting/parked at junction approach,,XSARA WEST COAST,Petrol,Female,Skidded,No tow/articulation,Did not leave carriageway,0,Going ahead other,1,Car,No,Front,2021
200930B000316,A,6,NA,0,Serious,None,30-05-2021,Sunday,1,Data missing or out of range,Not at junction or within 20 metres,12.99571079,Daylight,418570,369870,77.58821922,E01019600,2,1,0,0,Wet or damp,Single carriageway,None,40,15:40:00,Rural,Raining no high winds,No,21 - 25,7,Small town,8,645,None,None,Other/Not known (2005-10),Not at or within 20 metres of junction,,SV 650S K2,Petrol,Male,Skidded,No tow/articulation,Did not leave carriageway,0,Going ahead left-hand bend,1,Motorcycle 125cc and under,No,Did not impact,2020
200937B043386,A,11,A,633,Serious,None,30-11-2020,Friday,1,Give way or uncontrolled,T or staggered junction,28.67453255,Daylight,582970,280360,77.06450679,E01029928,1,3,0,0,Wet or damp,Single carriageway,None,40,06:50:00,Rural,Raining no high winds,No,21 - 25,7,Rural,10,1396,None,None,Commuting to/from work,Approaching junction or waiting/parked at junction approach,,ZR,Petrol,Male,None,No tow/articulation,Offside,0,Waiting to turn right,3,Car,No,Back,2020
200804DL08106,B,6241,Unclassified,0,Serious,None,10-05-2020,Tuesday,1,Give way or uncontrolled,T or staggered junction,27.09350993,Darkness - lights lit,351990,433510,93.62644873,E01025257,2,3,0,4,Wet or damp,Single carriageway,None,40,23:42:00,Rural,Fine no high winds,No,26 - 35,7,Rural,8,1796,None,None,Journey as part of work,Approaching junction or waiting/parked at junction approach,,VECTRA SXI,Petrol,Male,Skidded,No tow/articulation,Did not leave carriageway,0,Going ahead left-hand bend,1,Car,No,Front,2019
200901JI40024,A,1400,C,0,Serious,None,13-06-2020,Wednesday,1,Auto traffic signal,T or staggered junction,25.77725162,Darkness - lights lit,542040,189900,87.49511891,E01003681,2,3,0,0,Wet or damp,Dual carriageway,None,40,22:40:00,Urban,Fine no high winds,No,26 - 35,7,Urban area,8,1587,None,None,Other/Not known (2005-10),Approaching junction or waiting/parked at junction approach,,306 MERIDIAN AUTO,Petrol,Male,None,No tow/articulation,Did not leave carriageway,0,Waiting to go - held up,3,Taxi/Private hire car,No,Back,2019
200945RU45386,A,30,NA,0,Serious,None,01-07-2019,Friday,1,Data missing or out of range,Not at junction or within 20 metres,15.18127608,Darkness - lights lit,497720,168420,74.13822468,E01030692,1,1,0,0,Wet or damp,Single carriageway,None,40,23:46:00,Urban,Fine no high winds,No,26 - 35,7,Urban area,9,1996,Kerb,Other permanent object,Other/Not known (2005-10),Not at or within 20 metres of junction,,PT CRUISER LIMITED AUTO,Petrol,Male,None,No tow/articulation,Nearside,0,Going ahead other,1,Car,No,Front,2019
200797NC00302,Unclassified,0,NA,0,Serious,None,08-12-2020,Friday,1,Data missing or out of range,Not at junction or within 20 metres,15.17506681,Darkness - lights lit,276460,673590,73.97196885,,1,2,0,0,Wet or damp,Single carriageway,None,40,00:05:00,Urban,Fine no high winds,Yes,26 - 35,7,Urban area,NA,1598,None,None,Other/Not known (2005-10),Not at or within 20 metres of junction,,MEGANE SPORT ALIZE,Petrol,Male,Skidded,No tow/articulation,Did not leave carriageway,0,Going ahead other,1,Car,No,Front,2019
200901TE00175,A,316,NA,0,Serious,None,29-06-2020,Tuesday,1,Data missing or out of range,Not at junction or within 20 metres,13.04688748,Darkness - lights lit,516580,174460,77.59428872,E01003872,1,2,0,0,Wet or damp,Single carriageway,None,40,07:01:00,Urban,Fine no high winds,No,26 - 35,7,Urban area,4,1360,None,None,Other/Not known (2005-10),Not at or within 20 metres of junction,,307 LX,Petrol,Male,None,No tow/articulation,Did not leave carriageway,0,Moving off,1,Car,No,Offside,2019
200843W260118,Unclassified,7152,NA,,Serious,None,27-12-2021,Tuesday,1,Give way or uncontrolled,Private drive or entrance,8.87812065,Darkness - lights lit,453150,167110,76.62365295,E01016339,2,2,0,0,Dry,Roundabout,None,40,22:00:00,Urban,Fine no high winds,No,26 - 35,7,Urban area,10,1997,None,None,Commuting to/from work,Approaching junction or waiting/parked at junction approach,,806 LX HDI,Heavy oil,Male,None,No tow/articulation,Offside,0,Going ahead other,2,Taxi/Private hire car,No,Front,2020
20094100K0376,A,10,C,54,Serious,None,18-07-2020,Tuesday,1,Auto traffic signal,Crossroads,26.47367881,Darkness - lights lit,535420,202890,74.65327531,E01023303,1,3,0,5,Dry,Dual carriageway,None,40,22:50:00,Urban,Fine no high winds,No,26 - 35,7,Urban area,3,1796,None,None,Other/Not known (2005-10),Cleared junction or waiting/parked at junction exit,,316TI SE COMPACT,Petrol,Male,None,No tow/articulation,Did not leave carriageway,0,Going ahead other,3,Car,No,Front,2020
200805FF27212,A,561,A,561,Serious,None,10-01-2020,Friday,1,Auto traffic signal,Crossroads,14.77448503,Darkness - lights lit,342450,384010,78.56108706,E01006743,2,2,0,5,Wet or damp,Dual carriageway,None,40,00:01:00,Urban,Fine no high winds,No,26 - 35,7,Urban area,2,2324,None,None,Journey as part of work,Cleared junction or waiting/parked at junction exit,,GOLF V5,Petrol,Female,None,No tow/articulation,Did not leave carriageway,0,Waiting to turn left,2,Car,No,Back,2019
20104100E0303,A,602,NA,0,Serious,None,31-03-2021,Saturday,1,Not at junction or within 20 metres,Not at junction or within 20 metres,25.79057636,Darkness - lights lit,526340,221910,87.45660021,E01023763,2,2,0,0,Dry,Single carriageway,None,40,00:48:00,Urban,Fine no high winds,No,26 - 35,7,Small town,7,796,None,None,Other/Not known (2005-10),Not at or within 20 metres of junction,,MATIZ XTRA,Petrol,Female,None,No tow/articulation,Did not leave carriageway,0,Going ahead other,2,Car,No,Front,2019
200920G070701,A,4150,NA,0,Serious,None,23-07-2021,Thursday,1,Data missing or out of range,Not at junction or within 20 metres,26.46048495,Darkness - lights lit,391810,298260,74.64647808,E01010530,2,1,0,4,Dry,Dual carriageway,None,40,17:38:00,Urban,Fine no high winds,No,26 - 35,7,Urban area,6,1997,None,None,Other/Not known (2005-10),Not at or within 20 metres of junction,,307 D TURBO HDI,Heavy oil,Female,None,No tow/articulation,Did not leave carriageway,0,Going ahead other,1,Car,No,Front,2020
200905EE01438,A,580,NA,0,Serious,None,13-05-2019,Monday,1,Data missing or out of range,Not at junction or within 20 metres,18.55230099,Darkness - lights lit,339060,395760,73.85029825,E01006662,2,2,0,0,Dry,Single carriageway,None,40,21:08:00,Urban,Fine no high winds,No,26 - 35,7,Urban area,1,998,None,None,Other/Not known (2005-10),Not at or within 20 metres of junction,,MICRA TEMPEST,Petrol,Female,Skidded,No tow/articulation,Did not leave carriageway,0,Slowing or stopping,2,Car,No,Back,2021
2010160A01641,A,1098,Unclassified,0,Serious,None,09-05-2010,Sunday,1,Give way or uncontrolled,T or staggered junction,53.544729,Darkness - lights lit,529930,407130,-0.040549,E01013154,4,2,0,8,Dry,Single carriageway,None,40,22:35:00,Urban,Fine no high winds,No,26 - 35,7,Urban area,1,1497,None,None,Other/Not known (2005-10),Mid Junction - on roundabout or on main road,NISSAN,ALMERA PULSE,Petrol,Female,None,No tow/articulation,Did not leave carriageway,0,Going ahead other,2,Car,No,Offside,2010
201006XP26465,A(M),627,NA,0,Serious,None,15-01-2010,Friday,1,Data missing or out of range,Not at junction or within 20 metres,53.559079,Darkness - lights lit,390680,406950,-2.142175,E01005339,13,19,0,0,Frost or ice,Dual carriageway,None,40,07:45:00,Rural,Raining no high winds,No,26 - 35,7,Rural,5,1598,None,None,Commuting to/from work,Not at or within 20 metres of junction,VAUXHALL,ASTRA ACTIVE,Petrol,Female,Skidded,No tow/articulation,Offside,0,Going ahead left-hand bend,10,Car,No,Front,2010
201043N304100,B,416,Unclassified,13,Serious,None,24-02-2021,Friday,1,Give way or uncontrolled,Crossroads,14.75607793,Darkness - no lighting,497900,182880,78.54011047,E01017832,1,1,0,0,Dry,Single carriageway,None,40,02:56:00,Rural,Fine no high winds,No,26 - 35,7,Urban area,5,124,None,Road sign or traffic signal,Other/Not known (2005-10),Mid Junction - on roundabout or on main road,,,Petrol,Male,None,No tow/articulation,Nearside,0,Going ahead other,1,Motorcycle 125cc and under,No,Front,2019
200845SU21746,A,30,Unclassified,3424,Serious,None,24-08-2020,Saturday,1,Give way or uncontrolled,T or staggered junction,14.67746149,Daylight,486260,160320,78.5758158,E01030793,1,3,0,0,Dry,Single carriageway,None,40,12:24:00,Urban,Fine no high winds,No,26 - 35,7,Urban area,4,2494,None,None,Other/Not known (2005-10),Cleared junction or waiting/parked at junction exit,,325 CI SPORT,Petrol,Male,None,No tow/articulation,Did not leave carriageway,0,Parked,1,Car,No,Offside,2019
200743N197087,A,41,NA,0,Serious,None,06-10-2019,Sunday,1,Data missing or out of range,Not at junction or within 20 metres,27.09219669,Daylight,484830,213130,93.62746289,E01017632,1,2,0,0,Dry,Single carriageway,None,40,10:50:00,Rural,Fine no high winds,No,26 - 35,7,Urban area,10,1000,None,None,Other/Not known (2005-10),Not at or within 20 metres of junction,,,Petrol,Male,Skidded and overturned,No tow/articulation,Did not leave carriageway,0,Going ahead other,1,Motorcycle over 500cc,No,Front,2019
200842I219406,B,1013,B,1013,Serious,None,17-04-2019,Thursday,1,Give way or uncontrolled,Roundabout,27.0884179,Daylight,585900,190420,93.62422805,E01021954,2,1,0,0,Dry,Roundabout,None,40,19:25:00,Rural,Fine no high winds,No,26 - 35,7,Data missing or out of range,NA,124,None,None,Other/Not known (2005-10),Mid Junction - on roundabout or on main road,,VESPA ET4,Petrol,Male,None,No tow/articulation,Did not leave carriageway,0,Going ahead other,1,Motorcycle 125cc and under,No,Nearside,2019
200814A138108,A,6023,Unclassified,0,Serious,None,27-09-2020,Monday,1,Give way or uncontrolled,T or staggered junction,27.09374816,Daylight,450490,399620,93.62060819,E01007542,2,2,0,0,Dry,Single carriageway,None,40,16:50:00,Urban,Fine no high winds,No,26 - 35,7,Urban area,1,1686,None,None,Other/Not known (2005-10),Approaching junction or waiting/parked at junction approach,,ASTRA LS DTI,Heavy oil,Male,None,No tow/articulation,Did not leave carriageway,0,Going ahead other,2,Car,No,Front,2019
200937L016814,A,146,NA,0,Serious,None,02-11-2021,Tuesday,1,Data missing or out of range,Not at junction or within 20 metres,25.76463168,Daylight,651010,291070,87.4953535,E01030234,1,2,0,0,Dry,Single carriageway,None,40,17:37:00,Urban,Fine no high winds,No,26 - 35,7,Rural,5,954,None,None,Commuting to/from work,Not at or within 20 metres of junction,,CBR 900RR-2,Petrol,Male,None,No tow/articulation,Offside,0,Overtaking moving vehicle - offside,2,Motorcycle over 500cc,No,Front,2019
200742I376009,B,1027,NA,0,Serious,None,25-01-2020,Tuesday,1,Not at junction or within 20 metres,Not at junction or within 20 metres,13.02768016,Daylight,607040,221580,77.65188315,E01021967,1,2,0,0,Dry,Single carriageway,None,40,13:06:00,Rural,Fine no high winds,No,26 - 35,7,Small town,6,599,None,None,Other/Not known (2005-10),Not at or within 20 metres of junction,,CB600 HORNET,Petrol,Male,Skidded,No tow/articulation,Did not leave carriageway,0,Overtaking moving vehicle - offside,1,Motorcycle over 500cc,No,Front,2020
200920F124101,A,38,NA,0,Serious,None,04-09-2019,Tuesday,1,Data missing or out of range,Not at junction or within 20 metres,8.880618011,Daylight,406900,286230,76.6850247,E01009142,2,3,0,0,Wet or damp,Dual carriageway,None,40,05:53:00,Urban,Fine no high winds,No,26 - 35,7,Urban area,5,1896,None,None,Commuting to/from work,Not at or within 20 metres of junction,,BORA TDI SE,Heavy oil,Male,None,No tow/articulation,Did not leave carriageway,0,Going ahead other,3,Car,No,Front,2020
201042I220307,Unclassified,0,Unclassified,0,Serious,None,26-06-2020,Saturday,1,Give way or uncontrolled,T or staggered junction,28.54738512,Daylight,542320,207240,77.11634252,E01021741,1,3,0,0,Dry,Single carriageway,None,40,18:49:00,Rural,Fine no high winds,No,26 - 35,7,Urban area,5,1995,None,None,Other/Not known (2005-10),Approaching junction or waiting/parked at junction approach,,320D SPORT,Heavy oil,Male,None,No tow/articulation,Did not leave carriageway,0,Waiting to turn right,3,Car,No,Did not impact,2021
200914A048209,C,96,Unclassified,0,Serious,None,14-06-2021,Friday,1,Give way or uncontrolled,T or staggered junction,26.72022057,Daylight,462640,401250,94.18072971,E01007605,1,2,0,0,Dry,Single carriageway,None,40,12:15:00,Urban,Fine no high winds,No,26 - 35,7,Urban area,7,645,None,None,Other/Not known (2005-10),Approaching junction or waiting/parked at junction approach,,SV 650S K2,Petrol,Male,None,No tow/articulation,Did not leave carriageway,0,Overtaking moving vehicle - offside,2,Motorcycle over 500cc,No,Front,2019
201001EO40031,A,1,Unclassified,0,Serious,None,25-01-2010,Monday,1,Give way or uncontrolled,T or staggered junction,51.535117,Daylight,531570,183510,-0.104417,E01002794,2,2,0,0,Wet or damp,Dual carriageway,None,40,11:00:00,Urban,Fine no high winds,No,26 - 35,7,Urban area,4,1896,None,None,Journey as part of work,Mid Junction - on roundabout or on main road,SKODA,OCTAVIA CLASSIC SDI,Heavy oil,Male,None,No tow/articulation,Did not leave carriageway,0,Going ahead other,1,Car,No,Front,2010
201014K067710,A,631,NA,0,Serious,None,25-02-2010,Thursday,1,Not at junction or within 20 metres,Not at junction or within 20 metres,53.403804,Daylight,439550,389830,-1.40658,E01007913,3,2,0,0,Wet or damp,Dual carriageway,None,40,17:08:00,Urban,Fine no high winds,No,26 - 35,7,Urban area,2,1397,None,None,Other/Not known (2005-10),Not at or within 20 metres of junction,MERCEDES,A140 CLASSIC,Petrol,Male,None,No tow/articulation,Did not leave carriageway,0,Going ahead other,1,Car,No,Front,2010