Accident_Index,1st_Road_Class,1st_Road_Number,2nd_Road_Class,2nd_Road_Number,Accident_Severity,Carriageway_Hazards,Date,Day_of_Week,Did_Police_Officer_Attend_Scene_of_Accident,Junction_Control,Junction_Detail,Latitude,Light_Conditions,Location_Easting_OSGR,Location_Northing_OSGR,Longitude,LSOA_of_Accident_Location,Number_of_Casualties,Number_of_Vehicles,Pedestrian_Crossing-Human_Control,Pedestrian_Crossing-Physical_Facilities,Road_Surface_Conditions,Road_Type,Special_Conditions_at_Site,Speed_limit,Time,Urban_or_Rural_Area,Weather_Conditions,InScotland,Age_Band_of_Driver,Age_of_Vehicle,Driver_Home_Area_Type,Driver_IMD_Decile,Engine_Capacity_.CC.,Hit_Object_in_Carriageway,Hit_Object_off_Carriageway,Journey_Purpose_of_Driver,Junction_Location,make,model,Propulsion_Code,Sex_of_Driver,Skidding_and_Overturning,Towing_and_Articulation,Vehicle_Leaving_Carriageway,Vehicle_Location.Restricted_Lane,Vehicle_Manoeuvre,Vehicle_Reference,Vehicle_Type,Was_Vehicle_Left_Hand_Drive,X1st_Point_of_Impact,Year
200943P029069,B,4477,Unclassified,143,Serious,None,05-07-2020,Thursday,1,Give way or uncontrolled,Roundabout,22.74643137,Daylight,429950,208350,75.81959532,E01028766,1,1,0,0,Dry,Roundabout,None,50,19:22:00,Rural,Fine no high winds,No,36 - 45,7,Urban area,10,1250,Central island of roundabout,Road sign or traffic signal,Other/Not known (2005-10),Entering roundabout,,XJR 1300,Petrol,Male,Skidded and overturned,No tow/articulation,Straight ahead at junction,0,Going ahead other,1,Motorcycle over 500cc,No,Front,2020
200801RG40607,A,2,NA,0,Serious,None,27-09-2020,Thursday,1,Data missing or out of range,Not at junction or within 20 metres,26.45906861,Daylight,540760,176910,74.63692249,E01001647,1,2,0,0,Dry,Dual carriageway,None,50,08:27:00,Urban,Fine no high winds,No,36 - 45,7,Urban area,7,652,None,None,Commuting to/from work,Not at or within 20 metres of junction,,F650 CS,Petrol,Male,None,No tow/articulation,Did not leave carriageway,0,Going ahead other,1,Motorcycle over 500cc,No,Front,2020
201043N051090,Unclassified,19,NA,,Serious,None,06-07-2021,Wednesday,1,Give way or uncontrolled,Private drive or entrance,18.50108977,Daylight,489260,197540,73.79630017,E01017774,1,2,0,0,Dry,Single carriageway,None,50,16:20:00,Rural,Fine no high winds,No,36 - 45,7,Urban area,8,1997,None,None,Other/Not known (2005-10),Approaching junction or waiting/parked at junction approach,,BOXER 290 LX SWB HDI,Heavy oil,Male,None,No tow/articulation,Did not leave carriageway,0,Turning right,2,Van / Goods 3.5 tonnes mgw or under,No,Offside,2021
200750B32G537,B,3266,Unclassified,0,Serious,None,28-12-2021,Sunday,1,Give way or uncontrolled,T or staggered junction,18.49542642,Daylight,206970,75270,73.88540313,E01018923,2,2,0,0,Dry,Single carriageway,None,50,13:20:00,Rural,Fine no high winds,No,36 - 45,7,Urban area,3,600,None,None,Data missing or out of range,Approaching junction or waiting/parked at junction approach,,GSXR600 Y,Petrol,Male,Skidded,No tow/articulation,Did not leave carriageway,0,Overtaking moving vehicle - offside,1,Motorcycle over 500cc,No,Front,2021
200943P216099,A,417,Unclassified,0,Serious,None,28-06-2020,Saturday,1,Give way or uncontrolled,Private drive or entrance,19.10122387,Daylight,434610,191990,72.88496694,E01028749,2,2,0,0,Dry,Single carriageway,None,50,10:35:00,Rural,Fine no high winds,No,36 - 45,7,Small town,9,1679,None,None,Other/Not known (2005-10),Approaching junction or waiting/parked at junction approach,,PUMA THUNDER,Petrol,Male,None,No tow/articulation,Did not leave carriageway,0,Overtaking moving vehicle - offside,1,Car,No,Front,2021
200950KE2H002,A,3052,Unclassified,0,Serious,None,14-09-2019,Tuesday,1,Give way or uncontrolled,T or staggered junction,14.70517353,Daylight,300750,90540,78.62803819,E01019898,1,3,0,0,Dry,Single carriageway,None,50,19:00:00,Rural,Fine no high winds,No,36 - 45,7,Small town,7,1781,None,Other permanent object,Other/Not known (2005-10),Cleared junction or waiting/parked at junction exit,,S3 QUATTRO,Petrol,Female,None,No tow/articulation,Nearside,0,Going ahead other,3,Car,No,Front,2019
20074100C1145,A,41,C,76,Serious,None,17-03-2019,Friday,1,Give way or uncontrolled,T or staggered junction,26.74337326,Daylight,508460,199850,94.21909863,E01023831,1,2,0,0,Wet or damp,Single carriageway,None,50,07:45:00,Rural,Fine no high winds,No,36 - 45,7,Small town,8,1973,None,None,Journey as part of work,Approaching junction or waiting/parked at junction approach,,CR-V LS,Petrol,Female,None,No tow/articulation,Did not leave carriageway,0,Waiting to turn right,2,Car,No,Back,2019
200950AH3R006,A,394,Unclassified,0,Serious,None,08-11-2021,Monday,1,Give way or uncontrolled,T or staggered junction,18.5434696,Daylight,173880,34310,73.83555683,E01018921,2,3,0,0,Dry,Single carriageway,None,50,18:00:00,Rural,Fine no high winds,No,36 - 45,7,Rural,4,1686,None,None,Other/Not known (2005-10),Cleared junction or waiting/parked at junction exit,,CORSA SXI DTI,Heavy oil,Female,None,No tow/articulation,Did not leave carriageway,0,Going ahead other,3,Car,No,Front,2021
200797AD00307,A,814,A,739,Serious,None,17-08-2021,Monday,1,Give way or uncontrolled,Slip road,8.890125775,Daylight,254380,666890,76.62897173,,3,3,0,0,Snow,Dual carriageway,None,50,07:35:00,Urban,Raining no high winds,Yes,36 - 45,7,Urban area,NA,1598,Kerb,None,Journey as part of work,Entering from slip road,,MEGANE SPORT ALIZE,Petrol,Male,None,No tow/articulation,Offside - crossed central reservation,0,Going ahead left-hand bend,1,Car,No,Front,2020
200797ND70110,A,725,A,721,Serious,None,25-10-2020,Wednesday,1,Give way or uncontrolled,Slip road,8.886537331,Daylight,272370,660610,76.66679187,,1,1,0,0,Wet or damp,Slip road,None,50,07:35:00,Urban,Raining no high winds,Yes,36 - 45,7,Urban area,NA,1598,None,Lamp post,Commuting to/from work,Leaving main road,,MEGANE SPORT ALIZE,Petrol,Male,Skidded,No tow/articulation,Offside,0,Changing lane to right,1,Car,No,Front,2020
200801SX20942,A,406,NA,0,Serious,None,02-11-2020,Wednesday,1,Data missing or out of range,Not at junction or within 20 metres,8.867667721,Darkness - lights lit,524020,188590,76.61481468,E01000236,1,1,0,0,Dry,Dual carriageway,None,50,18:30:00,Urban,Fine no high winds,No,46 - 55,7,Urban area,2,649,None,Near/Offside crash barrier,Other/Not known (2005-10),Not at or within 20 metres of junction,,XVS650,Petrol,Male,None,No tow/articulation,Nearside,0,Going ahead other,1,Motorcycle over 500cc,No,Front,2020
200743N312117,C,70,NA,0,Serious,None,13-11-2020,Friday,1,Data missing or out of range,Not at junction or within 20 metres,28.44381975,Darkness - no lighting,475410,209150,77.02854325,E01017676,6,5,0,0,Dry,Single carriageway,None,60,23:45:00,Rural,Fine + high winds,No,16 - 20,7,Small town,9,1124,None,Entered ditch,Other/Not known (2005-10),Not at or within 20 metres of junction,,SAXO FORTE,Petrol,Male,None,No tow/articulation,Nearside,0,Going ahead other,5,Car,No,Front,2019
200843P358108,B,4031,NA,0,Serious,None,26-07-2019,Thursday,1,Data missing or out of range,Not at junction or within 20 metres,14.67433178,Darkness - no lighting,439730,231750,78.59500832,E01028486,6,3,0,0,Wet or damp,Single carriageway,None,60,18:40:00,Rural,Fine no high winds,No,16 - 20,7,Rural,10,1994,None,None,Other/Not known (2005-10),Not at or within 20 metres of junction,,45 IXL TURBO DIESEL,Heavy oil,Male,Skidded,No tow/articulation,Nearside,0,Going ahead right-hand bend,1,Car,No,Front,2019
200863AC12208,B,4309,NA,0,Serious,None,07-08-2019,Sunday,1,Data missing or out of range,Not at junction or within 20 metres,26.47413792,Darkness - no lighting,245310,211450,74.65173156,W01000696,1,1,0,0,Wet or damp,Single carriageway,None,60,02:49:00,Rural,Fine no high winds,No,16 - 20,7,Urban area,NA,1597,None,Entered ditch,Other/Not known (2005-10),Not at or within 20 metres of junction,,SATRIA SPRINT,Petrol,Male,Overturned,No tow/articulation,Offside,0,Going ahead other,1,Car,No,Nearside,2020
200943N298119,A,413,Unclassified,319,Serious,None,15-07-2021,Wednesday,1,Give way or uncontrolled,T or staggered junction,26.46299029,Darkness - no lighting,487680,204910,80.29413587,E01017726,5,3,0,0,Dry,Single carriageway,None,60,18:30:00,Rural,Fine no high winds,No,16 - 20,7,Urban area,8,973,None,None,Other/Not known (2005-10),Approaching junction or waiting/parked at junction approach,,CORSA CLUB 12V,Petrol,Male,None,No tow/articulation,Did not leave carriageway,0,Waiting to go - held up,3,Car,No,Back,2020
200997QA70202,A,71,Unclassified,0,Serious,None,30-05-2021,Wednesday,1,Give way or uncontrolled,T or staggered junction,26.46932158,Darkness - no lighting,264130,639050,80.33318234,,1,1,0,0,Wet or damp,Single carriageway,None,60,23:00:00,Rural,Fine no high winds,Yes,16 - 20,7,Small town,NA,1998,None,Other permanent object,Other/Not known (2005-10),Approaching junction or waiting/parked at junction approach,,MONDEO LX TDCI,Heavy oil,Male,Overturned,No tow/articulation,Nearside,0,Going ahead other,1,Car,No,Offside,2020
200822CA88607,Unclassified,0,NA,0,Serious,None,16-02-2019,Sunday,1,Data missing or out of range,Not at junction or within 20 metres,26.44617058,Darkness - no lighting,388510,258240,80.32856948,E01032400,3,2,0,0,Wet or damp,Single carriageway,None,60,20:59:00,Rural,Fine no high winds,No,16 - 20,7,Urban area,10,1124,None,None,Other/Not known (2005-10),Not at or within 20 metres of junction,,206 LOOK,Petrol,Male,Skidded,No tow/articulation,Did not leave carriageway,0,Going ahead left-hand bend,1,Car,No,Front,2020
2008558D03703,C,68,NA,0,Serious,None,08-09-2021,Wednesday,1,Not at junction or within 20 metres,Not at junction or within 20 metres,28.71110172,Darkness - no lighting,348760,94270,77.13048338,E01020531,2,1,0,0,Dry,Single carriageway,None,60,22:20:00,Rural,Fine no high winds,No,16 - 20,7,Rural,7,1360,Kerb,None,Other/Not known (2005-10),Not at or within 20 metres of junction,,SAXO FURIO,Petrol,Male,Skidded and overturned,No tow/articulation,Did not leave carriageway,0,Going ahead right-hand bend,1,Car,No,Front,2021
2009160C05740,Unclassified,0,NA,0,Serious,None,04-03-2021,Friday,1,Data missing or out of range,Not at junction or within 20 metres,18.56715028,Darkness - no lighting,501100,438750,73.83386219,E01012919,4,1,0,0,Dry,Single carriageway,None,60,21:27:00,Rural,Fine no high winds,No,16 - 20,7,Urban area,1,1998,None,Tree,Other/Not known (2005-10),Not at or within 20 metres of junction,,CLIO RENAULTSPORT 172 CUP,Petrol,Male,Skidded,No tow/articulation,Offside,0,Going ahead left-hand bend,1,Car,No,Front,2021
20083102D0037,C,16,NA,0,Serious,Any animal in carriageway (except ridden horse),01-08-2020,Saturday,1,Data missing or out of range,Not at junction or within 20 metres,18.51925107,Darkness - no lighting,461930,347340,73.74174529,E01028178,1,1,0,0,Wet or damp,Single carriageway,None,60,19:42:00,Rural,Fine no high winds,No,16 - 20,7,Small town,9,124,Any animal (except ridden horse),None,Other/Not known (2005-10),Not at or within 20 metres of junction,,ZIP 125,Petrol,Male,Skidded and overturned,No tow/articulation,Did not leave carriageway,0,Going ahead other,1,Motorcycle 125cc and under,No,Front,2021
200942I342010,B,1256,Unclassified,0,Serious,None,17-06-2021,Saturday,1,Give way or uncontrolled,T or staggered junction,26.44421591,Darkness - no lighting,566560,222490,80.30597172,E01022065,1,2,0,0,Dry,Single carriageway,None,60,19:31:00,Rural,Fine no high winds,No,16 - 20,7,Urban area,4,1124,None,None,Other/Not known (2005-10),Entering main road,,206 LOOK,Petrol,Female,None,No tow/articulation,Did not leave carriageway,0,Turning left,1,Car,No,Did not impact,2020
200850KT3B002,Unclassified,0,NA,0,Serious,None,12-04-2020,Tuesday,1,Not at junction or within 20 metres,Not at junction or within 20 metres,28.66393391,Darkness - no lighting,298340,113290,77.14365343,E01020066,1,3,0,0,Wet or damp,Single carriageway,None,60,22:18:00,Rural,Fog or mist,No,16 - 20,7,Urban area,4,49,None,Other permanent object,Other/Not known (2005-10),Not at or within 20 metres of junction,,,Petrol,Male,Overturned,No tow/articulation,Offside,0,Going ahead left-hand bend,1,Motorcycle 50cc and under,No,Front,2020
200922E906325,A,49,NA,0,Serious,None,14-11-2021,Saturday,1,Data missing or out of range,Not at junction or within 20 metres,15.3332945,Darkness - no lighting,349910,234030,74.14319144,E01014026,1,2,0,0,Wet or damp,Single carriageway,None,60,03:05:00,Rural,Raining + high winds,No,16 - 20,7,Urban area,6,1598,None,None,Other/Not known (2005-10),Not at or within 20 metres of junction,,ASTRA CLUB 8V,Petrol,Male,Skidded,No tow/articulation,Did not leave carriageway,0,Going ahead left-hand bend,1,Car,No,Offside,2019
2008600CO2003,B,5106,NA,0,Serious,None,24-12-2019,Saturday,3,Data missing or out of range,Not at junction or within 20 metres,22.98857604,Darkness - no lighting,277640,374460,72.64635202,W01000124,1,1,0,0,Wet or damp,Single carriageway,None,60,20:00:00,Rural,Raining + high winds,No,16 - 20,7,Data missing or out of range,NA,1124,None,Other permanent object,Other/Not known (2005-10),Not at or within 20 metres of junction,,206 LOOK,Petrol,Male,Skidded,No tow/articulation,Nearside,0,Going ahead right-hand bend,1,Car,No,Nearside,2019
200930A000034,A,6096,C,11,Serious,None,24-11-2020,Monday,1,Give way or uncontrolled,T or staggered junction,14.71516071,Darkness - no lighting,443700,339590,78.48307706,E01019704,2,2,0,0,Wet or damp,Single carriageway,None,60,06:30:00,Rural,Raining no high winds,No,16 - 20,7,Data missing or out of range,NA,49,None,None,Journey as part of work,Approaching junction or waiting/parked at junction approach,,ICE 50,Petrol,Male,None,No tow/articulation,Did not leave carriageway,0,Going ahead other,1,Motorcycle 50cc and under,No,Front,2019
200963DP24209,Unclassified,0,NA,0,Serious,None,05-02-2019,Tuesday,1,Data missing or out of range,Not at junction or within 20 metres,18.63919843,Darkness - no lighting,304200,216370,73.86278934,W01000495,2,1,0,0,Wet or damp,Single carriageway,None,60,01:30:00,Rural,Raining no high winds,No,16 - 20,7,Data missing or out of range,NA,1149,None,Other permanent object,Other/Not known (2005-10),Not at or within 20 metres of junction,,CLIO AUTHENTIQUE,Petrol,Male,Overturned,No tow/articulation,Nearside and rebounded,0,Going ahead other,1,Car,No,Front,2021
200750F51C012,Unclassified,0,NA,0,Serious,None,18-05-2019,Wednesday,1,Not at junction or within 20 metres,Not at junction or within 20 metres,18.54234709,Darkness - no lighting,282060,60610,73.859091,E01020156,5,2,0,0,Wet or damp,Single carriageway,None,60,18:59:00,Rural,Raining no high winds,No,16 - 20,7,Rural,5,1391,None,None,Data missing or out of range,Not at or within 20 metres of junction,,IBIZA VIBE,Petrol,Male,Skidded,No tow/articulation,Did not leave carriageway,0,Going ahead other,1,Car,No,Front,2021
200863DP39708,A,4081,NA,0,Serious,None,25-07-2020,Wednesday,1,Data missing or out of range,Not at junction or within 20 metres,22.7555572,Darkness - no lighting,302190,260700,75.84377218,W01000472,1,1,0,0,Wet or damp,Single carriageway,None,60,19:20:00,Rural,Raining no high winds,No,16 - 20,7,Rural,NA,1870,None,Other permanent object,Pupil riding to/from school,Not at or within 20 metres of junction,,MEGANE AUTHENTIQUE DTI,Heavy oil,Female,Overturned,No tow/articulation,Nearside,0,Going ahead right-hand bend,1,Car,No,Front,2020
200997LA70707,A,82,NA,0,Serious,None,12-08-2019,Tuesday,1,Data missing or out of range,Not at junction or within 20 metres,14.80165525,Daylight,238700,679900,78.58834234,,1,2,0,0,Dry,Dual carriageway,Oil or diesel,60,08:00:00,Urban,Fine no high winds,Yes,16 - 20,7,Rural,NA,11000,None,None,Journey as part of work,Not at or within 20 metres of junction,,,Heavy oil,Male,None,Articulated vehicle,Did not leave carriageway,0,Going ahead other,1,Goods 7.5 tonnes mgw and over,No,Did not impact,2019
200734WS37767,Unclassified,5282,NA,0,Serious,None,23-02-2020,Friday,1,Data missing or out of range,Not at junction or within 20 metres,26.76500913,Daylight,475200,242940,94.19082088,E01027307,1,2,0,0,Dry,Single carriageway,None,60,14:30:00,Rural,Fine no high winds,No,16 - 20,7,Urban area,6,49,None,None,Other/Not known (2005-10),Not at or within 20 metres of junction,,,Petrol,Male,None,No tow/articulation,Did not leave carriageway,0,Going ahead right-hand bend,1,Motorcycle 50cc and under,No,Front,2019
200942I390711,A,1245,NA,0,Serious,None,28-05-2021,Friday,1,Not at junction or within 20 metres,Not at junction or within 20 metres,25.76665103,Daylight,574800,201030,87.46515725,E01021535,2,3,0,0,Wet or damp,Single carriageway,None,60,11:15:00,Rural,Fine no high winds,No,16 - 20,7,Rural,4,1998,None,None,Journey as part of work,Not at or within 20 metres of junction,,CIVIC TYPE-R,Petrol,Male,Skidded,No tow/articulation,Did not leave carriageway,0,Going ahead other,1,Car,No,Front,2019
200934NW13279,A,509,NA,0,Serious,None,30-10-2021,Thursday,1,Data missing or out of range,Not at junction or within 20 metres,22.06239572,Daylight,490460,261740,82.18475228,E01027354,5,4,0,0,Dry,Single carriageway,None,60,07:49:00,Rural,Fine no high winds,No,16 - 20,7,Small town,10,998,None,None,Taking pupil to/from school,Not at or within 20 metres of junction,,MICRA VIBE,Petrol,Male,None,No tow/articulation,Did not leave carriageway,0,Going ahead other,1,Car,No,Did not impact,2019
200750B61K227,B,3271,NA,0,Serious,None,05-02-2019,Monday,1,Not at junction or within 20 metres,Not at junction or within 20 metres,15.35579767,Daylight,241370,59730,74.01385175,E01018787,1,2,0,0,Dry,Single carriageway,None,60,16:38:00,Urban,Fine no high winds,No,16 - 20,7,Urban area,3,125,None,None,Data missing or out of range,Not at or within 20 metres of junction,,,Petrol,Male,None,No tow/articulation,Did not leave carriageway,0,Turning left,1,Motorcycle 125cc and under,No,Front,2019
200822FA87890,A,458,NA,0,Serious,None,29-07-2019,Sunday,1,Data missing or out of range,Not at junction or within 20 metres,12.9992343,Daylight,345030,313460,77.53883829,E01028970,2,2,0,0,Frost or ice,Single carriageway,None,60,10:03:00,Rural,Fine no high winds,No,16 - 20,7,Urban area,8,1360,Kerb,Other permanent object,Other/Not known (2005-10),Not at or within 20 metres of junction,,SAXO FURIO,Petrol,Male,Overturned,No tow/articulation,Nearside and rebounded,0,Overtaking moving vehicle - offside,1,Car,No,Front,2020
20074100A0960,B,1038,NA,0,Serious,None,03-06-2021,Friday,1,Not at junction or within 20 metres,Not at junction or within 20 metres,22.69652811,Daylight,537500,229580,75.8548594,E01023464,3,2,0,0,Wet or damp,Single carriageway,None,60,13:24:00,Rural,Fine no high winds,No,16 - 20,7,Small town,8,1124,None,None,Taking pupil to/from school,Not at or within 20 metres of junction,,SAXO FORTE,Petrol,Male,Skidded,No tow/articulation,Did not leave carriageway,0,Going ahead left-hand bend,1,Car,No,Nearside,2020
200842I322709,Unclassified,0,NA,0,Serious,None,25-11-2021,Saturday,1,Not at junction or within 20 metres,Not at junction or within 20 metres,28.64958113,Daylight,598900,205700,77.08523359,E01021907,1,1,0,0,Dry,Single carriageway,None,60,16:44:00,Rural,Fine no high winds,No,16 - 20,7,Urban area,8,599,None,Tree,Other/Not known (2005-10),Not at or within 20 metres of junction,,ZX600-J2,Petrol,Male,Skidded and overturned,No tow/articulation,Nearside,0,Going ahead right-hand bend,1,Motorcycle over 500cc,No,Front,2020
200797LA00905,B,832,A,805,Serious,None,23-04-2021,Tuesday,1,Give way or uncontrolled,T or staggered junction,28.54468954,Daylight,231430,684210,77.34054217,,2,2,0,0,Dry,Single carriageway,None,60,16:00:00,Rural,Fine no high winds,Yes,16 - 20,7,Urban area,NA,2283,None,None,Journey as part of work,Approaching junction or waiting/parked at junction approach,,,Heavy oil,Male,None,No tow/articulation,Did not leave carriageway,0,Going ahead right-hand bend,2,Van / Goods 3.5 tonnes mgw or under,No,Offside,2020
20104100B0744,A,1000,NA,0,Serious,None,19-04-2021,Sunday,1,Not at junction or within 20 metres,Not at junction or within 20 metres,28.55158223,Daylight,523830,210930,77.21325719,E01023941,3,1,0,0,Wet or damp,Single carriageway,None,60,14:10:00,Rural,Fine no high winds,No,16 - 20,7,Urban area,7,1598,Kerb,Lamp post,Other/Not known (2005-10),Not at or within 20 metres of junction,,MINI COOPER S,Petrol,Male,Skidded,No tow/articulation,Offside,0,Going ahead left-hand bend,1,Car,No,Nearside,2020
2010400B00755,C,28,Unclassified,0,Serious,None,21-12-2020,Thursday,1,Give way or uncontrolled,T or staggered junction,28.70488839,Daylight,500830,256640,77.31882455,E01017478,2,2,0,0,Dry,Single carriageway,None,60,15:00:00,Rural,Fine no high winds,No,16 - 20,7,Urban area,4,498,None,None,Pupil riding to/from school,Mid Junction - on roundabout or on main road,,EX 500 E10,Petrol,Male,Skidded,No tow/articulation,Did not leave carriageway,0,Going ahead other,2,Motorcycle over 125cc and up to 500cc,No,Front,2020
201034TE26370,C,11,NA,0,Serious,None,22-06-2021,Thursday,1,Data missing or out of range,Not at junction or within 20 metres,28.59257448,Daylight,502640,290420,77.14909834,E01027044,2,2,0,0,Dry,Single carriageway,None,60,20:10:00,Rural,Fine no high winds,No,16 - 20,7,Rural,7,1124,None,None,Other/Not known (2005-10),Not at or within 20 metres of junction,,106 INDEPENDENCE,Petrol,Male,None,No tow/articulation,Did not leave carriageway,0,Going ahead right-hand bend,1,Car,No,Front,2021
201034WD23240,C,24,Unclassified,0,Serious,None,21-12-2021,Friday,1,Give way or uncontrolled,T or staggered junction,18.514332,Daylight,475780,267560,73.8298047,E01026997,1,3,0,0,Dry,Single carriageway,None,60,09:00:00,Rural,Fine no high winds,No,16 - 20,7,Rural,9,1149,None,None,Pupil riding to/from school,Cleared junction or waiting/parked at junction exit,,CLIO AUTHENTIQUE,Petrol,Male,None,No tow/articulation,Did not leave carriageway,0,Overtaking moving vehicle - offside,1,Car,No,Did not impact,2021
2009400D02327,B,4540,Unclassified,217,Serious,None,29-08-2021,Wednesday,1,Give way or uncontrolled,T or staggered junction,14.77386605,Daylight,507180,217820,78.4981185,E01017561,2,2,0,0,Dry,Single carriageway,None,60,16:15:00,Rural,Fine no high winds,No,16 - 20,7,Rural,7,973,None,Tree,Journey as part of work,Mid Junction - on roundabout or on main road,,CORSA LIFE 12V,Petrol,Male,Skidded,No tow/articulation,Nearside,0,Going ahead other,2,Car,No,Front,2019
2010160C04891,B,1248,NA,0,Serious,None,23-08-2010,Monday,1,Data missing or out of range,Not at junction or within 20 metres,53.934522,Daylight,496990,449720,-0.524126,E01012922,2,1,0,0,Dry,Single carriageway,None,60,18:39:00,Rural,Fine no high winds,No,16 - 20,7,Rural,9,1598,None,Telegraph or electricity pole,Other/Not known (2005-10),Not at or within 20 metres of junction,MINI,MINI ONE,Petrol,Male,None,No tow/articulation,Offside,0,Going ahead left-hand bend,1,Car,No,Offside,2010
200791NP05216,A,82,NA,0,Serious,None,15-11-2021,Sunday,1,Data missing or out of range,Not at junction or within 20 metres,25.78680136,Daylight,222440,787900,87.49603507,,3,1,0,0,Wet or damp,Single carriageway,None,60,21:18:00,Rural,Fine no high winds,Yes,16 - 20,7,Small town,NA,1124,None,Tree,Other/Not known (2005-10),Not at or within 20 metres of junction,,SAXO FORTE,Petrol,Female,Skidded and overturned,No tow/articulation,Nearside,0,Going ahead left-hand bend,1,Car,No,Front,2019
200830A000116,B,5023,Unclassified,0,Serious,None,28-07-2021,Wednesday,2,Give way or uncontrolled,T or staggered junction,23.0416371,Daylight,428500,349480,72.51609437,E01019405,1,2,0,0,Dry,Single carriageway,None,60,17:25:00,Rural,Fine no high winds,No,16 - 20,7,Small town,5,1149,None,None,Taking pupil to/from school,Approaching junction or waiting/parked at junction approach,,CLIO DYNAMIQUE 16V,Petrol,Female,None,No tow/articulation,Did not leave carriageway,0,Overtaking moving vehicle - offside,1,Car,No,Front,2019
200997GC04402,A,736,NA,0,Serious,None,13-06-2020,Friday,1,Data missing or out of range,Not at junction or within 20 metres,28.42079167,Daylight,248450,657910,77.03582689,,1,1,0,0,Wet or damp,Single carriageway,None,60,08:45:00,Rural,Fine no high winds,Yes,16 - 20,7,Small town,NA,1396,Kerb,Other permanent object,Commuting to/from work,Not at or within 20 metres of junction,,ZR+,Petrol,Female,Skidded and overturned,No tow/articulation,Offside and rebounded,0,Going ahead other,1,Car,No,Offside,2019
200991NH01693,B,888,Unclassified,0,Serious,Vehicle load on road,17-08-2021,Saturday,1,Give way or uncontrolled,Other junction,13.00593132,Daylight,77510,813970,77.57148907,,2,1,0,0,Dry,Single carriageway,None,60,17:15:00,Rural,Fine no high winds,Yes,16 - 20,7,Rural,NA,1396,None,None,Other/Not known (2005-10),Approaching junction or waiting/parked at junction approach,,ZR+,Petrol,Female,None,No tow/articulation,Did not leave carriageway,0,Going ahead left-hand bend,1,Car,No,Front,2020
200837L016418,A,12,B,1126,Serious,Other object on road,29-11-2019,Tuesday,1,Give way or uncontrolled,T or staggered junction,28.70121604,Daylight,646700,279420,77.11376449,E01030295,4,2,0,0,Wet or damp,Dual carriageway,None,60,15:35:00,Rural,Fine no high winds,No,16 - 20,7,Small town,6,1149,None,Central crash barrier,Other/Not known (2005-10),Mid Junction - on roundabout or on main road,,CLIO DYNAMIQUE 16V,Petrol,Female,None,No tow/articulation,Offside on to central reservation,0,Going ahead other,1,Car,No,Front,2020
200943P110069,A,420,Unclassified,284,Serious,None,28-02-2019,Thursday,1,Give way or uncontrolled,T or staggered junction,28.67878701,Daylight,430310,196060,77.14644805,E01028737,2,2,0,0,Dry,Single carriageway,None,60,14:20:00,Rural,Fine no high winds,No,16 - 20,7,Small town,9,1149,None,Entered ditch,Other/Not known (2005-10),Mid Junction - on roundabout or on main road,,CLIO EXPRESSION+ 16V,Petrol,Female,None,No tow/articulation,Nearside,0,Going ahead other,2,Car,No,Nearside,2021
2007400B00363,C,15,NA,0,Serious,None,22-01-2021,Tuesday,1,Data missing or out of range,Not at junction or within 20 metres,27.0957019,Daylight,494050,258820,93.61774442,E01017504,1,1,0,0,Wet or damp,Single carriageway,None,60,08:20:00,Rural,Fine no high winds,No,16 - 20,7,Small town,8,1299,None,Telegraph or electricity pole,Taking pupil to/from school,Not at or within 20 metres of junction,,KA STYLE,Petrol,Female,Overturned,No tow/articulation,Offside,0,Going ahead left-hand bend,1,Car,No,Front,2019
201004EP10001,B,6243,NA,0,Serious,None,03-02-2010,Wednesday,1,Data missing or out of range,Not at junction or within 20 metres,53.83038,Daylight,361970,437280,-2.579309,E01025317,1,2,0,0,Frost or ice,Single carriageway,None,60,08:35:00,Rural,Fine no high winds,No,16 - 20,7,Rural,8,1363,None,None,Taking pupil to/from school,Not at or within 20 metres of junction,TOYOTA,YARIS S D-4D,Heavy oil,Female,None,No tow/articulation,Did not leave carriageway,0,Going ahead other,1,Car,No,Front,2010
201011SJ00010,A,68,NA,0,Serious,None,02-01-2010,Saturday,1,Data missing or out of range,Not at junction or within 20 metres,54.592778,Daylight,422870,522010,-1.647572,E01012334,2,1,0,0,Snow,Single carriageway,None,60,08:40:00,Rural,Fine no high winds,No,16 - 20,7,Urban area,1,1124,None,Tree,Commuting to/from work,Not at or within 20 metres of junction,PEUGEOT,206 ENTICE,Petrol,Female,Skidded,No tow/articulation,Offside,0,Going ahead right-hand bend,1,Car,No,Back,2010