Accident_Index,1st_Road_Class,1st_Road_Number,2nd_Road_Class,2nd_Road_Number,Accident_Severity,Carriageway_Hazards,Date,Day_of_Week,Did_Police_Officer_Attend_Scene_of_Accident,Junction_Control,Junction_Detail,Latitude,Light_Conditions,Location_Easting_OSGR,Location_Northing_OSGR,Longitude,LSOA_of_Accident_Location,Number_of_Casualties,Number_of_Vehicles,Pedestrian_Crossing-Human_Control,Pedestrian_Crossing-Physical_Facilities,Road_Surface_Conditions,Road_Type,Special_Conditions_at_Site,Speed_limit,Time,Urban_or_Rural_Area,Weather_Conditions,InScotland,Age_Band_of_Driver,Age_of_Vehicle,Driver_Home_Area_Type,Driver_IMD_Decile,Engine_Capacity_.CC.,Hit_Object_in_Carriageway,Hit_Object_off_Carriageway,Journey_Purpose_of_Driver,Junction_Location,make,model,Propulsion_Code,Sex_of_Driver,Skidding_and_Overturning,Towing_and_Articulation,Vehicle_Leaving_Carriageway,Vehicle_Location.Restricted_Lane,Vehicle_Manoeuvre,Vehicle_Reference,Vehicle_Type,Was_Vehicle_Left_Hand_Drive,X1st_Point_of_Impact,Year
200820D265001,A,47,Unclassified,0,Serious,None,16-09-2020,Tuesday,1,Give way or uncontrolled,Roundabout,14.75302832,Darkness - lights lit,409630,288990,78.62300047,E01009201,1,2,0,0,Wet or damp,Roundabout,None,40,06:40:00,Urban,Raining no high winds,No,46 - 55,7,Urban area,1,1796,None,None,Commuting to/from work,Leaving roundabout,,MONDEO VERONA,Petrol,Male,None,No tow/articulation,Did not leave carriageway,0,Going ahead other,1,Car,No,Front,2019
200791NH06969,Unclassified,0,NA,0,Serious,None,13-07-2019,Tuesday,1,Data missing or out of range,Not at junction or within 20 metres,27.10203391,Darkness - lights lit,143630,933270,93.62439741,,1,2,0,0,Wet or damp,Single carriageway,None,30,18:20:00,Rural,Raining no high winds,Yes,46 - 55,7,Rural,NA,2999,None,None,Other/Not known (2005-10),Not at or within 20 metres of junction,,,Heavy oil,Male,None,No tow/articulation,Did not leave carriageway,0,Going ahead other,2,Car,No,Front,2019
201001MM70204,A,215,Unclassified,0,Serious,None,25-03-2010,Thursday,1,Give way or uncontrolled,T or staggered junction,51.484945,Darkness - lights lit,532450,177950,-0.093823,E01003969,1,1,0,8,Wet or damp,Single carriageway,None,30,18:18:00,Urban,Raining no high winds,No,46 - 55,7,Urban area,3,1988,None,None,Other/Not known (2005-10),Cleared junction or waiting/parked at junction exit,LEXUS,IS200 SE,Petrol,Male,None,No tow/articulation,Did not leave carriageway,0,Going ahead other,1,Car,No,Front,2010
2010160D01321,A,1079,Unclassified,0,Serious,None,28-01-2010,Thursday,1,Give way or uncontrolled,T or staggered junction,53.771235,Darkness - lights lit,508530,431800,-0.354751,E01012916,1,2,0,0,Wet or damp,Single carriageway,None,30,21:00:00,Urban,Raining no high winds,No,46 - 55,7,Urban area,1,1584,None,None,Other/Not known (2005-10),Leaving main road,PROTON,IMPIAN 16V,Petrol,Male,None,No tow/articulation,Did not leave carriageway,0,Turning right,1,Taxi/Private hire car,No,Nearside,2010
200920G005702,Unclassified,0,Unclassified,0,Serious,None,01-03-2019,Friday,1,Give way or uncontrolled,T or staggered junction,23.07520725,Darkness - lights lit,394450,300160,72.54301225,E01010564,1,2,0,4,Wet or damp,Single carriageway,None,30,06:20:00,Urban,Raining no high winds,No,46 - 55,7,Urban area,3,1781,None,None,Commuting to/from work,Entering main road,,PASSAT SE 20V TURBO,Petrol,Female,None,No tow/articulation,Did not leave carriageway,0,Turning right,1,Car,No,Offside,2019
200945EL46517,A,3050,Unclassified,0,Serious,None,03-02-2019,Tuesday,1,Give way or uncontrolled,Mini-roundabout,19.16352092,Darkness - lights lit,513640,168900,72.85359488,E01030333,3,3,0,0,Wet or damp,Roundabout,None,30,20:26:00,Urban,Raining no high winds,No,46 - 55,7,Urban area,9,2362,None,None,Other/Not known (2005-10),Approaching junction or waiting/parked at junction approach,,PREVIA GLS VVTI AUTO,Petrol,Female,None,No tow/articulation,Did not leave carriageway,0,Waiting to go - held up,3,Car,No,Front,2021
200997NA04207,A,89,Unclassified,0,Serious,None,14-05-2020,Thursday,1,Give way or uncontrolled,T or staggered junction,19.07496549,Darkness - lights lit,279980,666990,72.93148812,,1,1,0,0,Wet or damp,Single carriageway,None,30,20:35:00,Rural,Raining no high winds,Yes,46 - 55,7,Urban area,NA,2496,None,Other permanent object,Other/Not known (2005-10),Entering main road,,X-TYPE V6 SE,Petrol,Female,None,No tow/articulation,Straight ahead at junction,0,Going ahead other,1,Car,No,Front,2021
201004AL10008,B,5261,Unclassified,0,Serious,None,04-01-2010,Monday,1,Give way or uncontrolled,T or staggered junction,53.738413,Darkness - lights lit,335320,427340,-2.982085,E01024981,1,2,0,0,Wet or damp,Single carriageway,None,30,17:00:00,Urban,Snowing no high winds,No,46 - 55,7,Urban area,8,1124,None,None,Other/Not known (2005-10),Mid Junction - on roundabout or on main road,PEUGEOT,106 INDEPENDENCE,Petrol,Female,None,No tow/articulation,Did not leave carriageway,0,Going ahead other,2,Car,No,Front,2010
200997KA00502,Unclassified,0,Unclassified,0,Serious,None,10-08-2020,Wednesday,1,Give way or uncontrolled,Crossroads,8.895623851,Darkness - lights unlit,248120,663700,76.62876484,,1,1,0,0,Wet or damp,Single carriageway,None,30,19:30:00,Urban,Fine no high winds,Yes,46 - 55,7,Urban area,NA,1598,None,None,Other/Not known (2005-10),Cleared junction or waiting/parked at junction exit,,NUBIRA SE,Petrol,Male,None,No tow/articulation,Did not leave carriageway,0,Turning right,1,Car,No,Offside,2020
200801HT73953,A,1202,Unclassified,0,Serious,None,13-04-2020,Saturday,1,Auto traffic signal,Crossroads,8.880128834,Darkness - lights unlit,533790,181530,76.69580723,E01004310,1,2,0,0,Dry,Single carriageway,None,30,23:05:00,Urban,Fine no high winds,No,46 - 55,7,Urban area,2,1998,None,None,Other/Not known (2005-10),Entering main road,,AVENSIS GLS VVT-I,Petrol,Male,None,No tow/articulation,Did not leave carriageway,0,Waiting to turn right,2,Car,No,Offside,2020
200930B000049,C,44,NA,0,Serious,None,19-05-2020,Saturday,1,Data missing or out of range,Not at junction or within 20 metres,15.17798386,Darkness - no lighting,404630,381270,74.0113626,E01019713,1,2,0,0,Dry,Single carriageway,None,60,22:25:00,Rural,Fine + high winds,No,46 - 55,7,Rural,8,2495,None,None,Other/Not known (2005-10),Not at or within 20 metres of junction,,DISCOVERY TD5 GS,Heavy oil,Male,None,No tow/articulation,Did not leave carriageway,0,Going ahead left-hand bend,2,Car,No,Front,2019
200804FG08139,Unclassified,0,NA,0,Serious,Other object on road,22-07-2020,Sunday,1,Data missing or out of range,Not at junction or within 20 metres,14.67259742,Darkness - no lighting,386650,441410,78.51732874,E01025177,1,1,0,0,Wet or damp,Single carriageway,None,60,01:20:00,Rural,Fine no high winds,No,46 - 55,7,Rural,9,1794,Other object,Other permanent object,Other/Not known (2005-10),Not at or within 20 metres of junction,,MR2 ROADSTER VVTI,Petrol,Male,None,No tow/articulation,Nearside,0,Going ahead other,1,Car,No,Offside,2019
2009400B02597,A,422,NA,0,Serious,None,18-10-2020,Thursday,1,Data missing or out of range,Not at junction or within 20 metres,27.10151072,Darkness - no lighting,499470,250080,93.62996143,E01017547,1,2,0,0,Dry,Single carriageway,None,60,23:11:00,Rural,Fine no high winds,No,46 - 55,7,Urban area,1,1794,None,None,Other/Not known (2005-10),Not at or within 20 metres of junction,,AVENSIS GS VVT-I,Petrol,Male,None,No tow/articulation,Did not leave carriageway,0,Going ahead other,1,Car,No,Front,2019
200942I360011,A,1124,Unclassified,0,Serious,Other object on road,24-04-2019,Sunday,1,Give way or uncontrolled,Mini-roundabout,25.7639869,Darkness - no lighting,589570,228510,87.48941168,E01021662,1,2,0,0,Wet or damp,Roundabout,None,30,18:06:00,Rural,Fine no high winds,No,46 - 55,7,Urban area,2,1997,Central island of roundabout,None,Other/Not known (2005-10),Approaching junction or waiting/parked at junction approach,,C5 HPI EXCLUSIVE SE,Petrol,Male,None,No tow/articulation,Did not leave carriageway,0,Going ahead other,2,Car,No,Nearside,2019
20093102B0317,A,46,NA,0,Serious,None,18-05-2019,Saturday,1,Data missing or out of range,Not at junction or within 20 metres,23.01251166,Darkness - no lighting,474810,348720,72.59278482,E01028325,2,3,0,0,Dry,Single carriageway,None,60,17:30:00,Rural,Fine no high winds,No,46 - 55,7,Urban area,10,1796,None,None,Other/Not known (2005-10),Not at or within 20 metres of junction,,VECTRA SXI 16V,Petrol,Male,None,No tow/articulation,Did not leave carriageway,0,Going ahead other,3,Car,No,Front,2019
200804BA08168,Unclassified,0,NA,0,Serious,None,02-01-2021,Monday,1,Data missing or out of range,Not at junction or within 20 metres,23.01212268,Darkness - no lighting,348980,464420,72.59592654,E01025108,2,3,0,0,Wet or damp,Single carriageway,None,40,20:05:00,Rural,Fine no high winds,No,46 - 55,7,Urban area,4,1973,None,None,Other/Not known (2005-10),Not at or within 20 metres of junction,,CR-V WEST 1,Petrol,Male,None,No tow/articulation,Did not leave carriageway,0,Going ahead left-hand bend,1,Car,No,Front,2019
200897QA70408,A,726,NA,0,Serious,None,04-04-2020,Sunday,1,Data missing or out of range,Not at junction or within 20 metres,8.886548469,Darkness - no lighting,269670,646120,76.64656855,,2,3,0,0,Dry,Single carriageway,None,60,21:30:00,Rural,Fine no high winds,Yes,46 - 55,7,Urban area,NA,1199,None,None,Other/Not known (2005-10),Not at or within 20 metres of junction,,ZX1200-A1,Petrol,Male,None,No tow/articulation,Did not leave carriageway,0,Going ahead left-hand bend,2,Motorcycle over 500cc,No,Front,2020
20083102B2875,A,46,NA,0,Serious,None,16-07-2020,Monday,1,Data missing or out of range,Not at junction or within 20 metres,8.873087396,Darkness - no lighting,479000,354450,76.6220172,,2,3,0,0,Dry,Single carriageway,None,60,17:40:00,Rural,Fine no high winds,No,46 - 55,7,Urban area,1,8970,None,None,Journey as part of work,Not at or within 20 metres of junction,,,Heavy oil,Male,None,No tow/articulation,Nearside,0,Going ahead other,1,Goods 7.5 tonnes mgw and over,No,Front,2020
200843R263028,A,3095,NA,0,Serious,None,26-08-2019,Tuesday,1,Data missing or out of range,Not at junction or within 20 metres,26.4596845,Darkness - no lighting,485620,166250,74.585409,E01016214,2,4,0,0,Dry,Single carriageway,None,60,18:08:00,Urban,Fine no high winds,No,46 - 55,7,Urban area,7,599,None,None,Commuting to/from work,Not at or within 20 metres of junction,,GSX R600 K1,Petrol,Male,None,No tow/articulation,Did not leave carriageway,0,Overtaking moving vehicle - offside,2,Motorcycle over 500cc,No,Offside,2020
200750A61B231,A,3059,NA,0,Serious,None,18-05-2021,Thursday,1,Not at junction or within 20 metres,Not at junction or within 20 metres,28.5433001,Darkness - no lighting,186570,62890,77.24855877,E01019050,1,1,0,0,Wet or damp,Single carriageway,None,60,07:19:00,Rural,Fine no high winds,No,46 - 55,7,Small town,3,2800,None,None,Data missing or out of range,Not at or within 20 metres of junction,,,Heavy oil,Male,None,No tow/articulation,Did not leave carriageway,0,Going ahead other,1,Goods over 3.5t. and under 7.5t,No,Front,2020
20074100D0835,A,41,A,41,Serious,None,22-08-2021,Friday,1,Give way or uncontrolled,Slip road,28.69796966,Darkness - no lighting,504770,205450,77.13792287,E01023378,5,2,0,0,Dry,Dual carriageway,None,70,21:00:00,Rural,Fine no high winds,No,46 - 55,7,Urban area,2,999,None,None,Other/Not known (2005-10),Entering main road,,AMICA SI AUTO,Petrol,Male,None,No tow/articulation,Did not leave carriageway,0,Changing lane to right,1,Car,No,Offside,2020
200943R212119,Motorway,4,NA,0,Serious,None,14-07-2019,Friday,1,Data missing or out of range,Not at junction or within 20 metres,18.61839966,Darkness - no lighting,484970,174760,73.78923437,E01016186,1,2,0,0,Dry,Dual carriageway,None,70,19:04:00,Rural,Fine no high winds,No,46 - 55,7,Urban area,3,1108,None,Entered ditch,Other/Not known (2005-10),Not at or within 20 metres of junction,,SEICENTO SPORTING,Petrol,Male,Skidded,No tow/articulation,Nearside,0,Going ahead other,1,Car,No,Offside,2021
200743N321067,B,4032,NA,0,Serious,None,13-04-2021,Thursday,1,Data missing or out of range,Not at junction or within 20 metres,19.17301047,Darkness - no lighting,477790,227740,72.91000551,E01017736,1,1,0,0,Dry,Single carriageway,None,60,22:45:00,Rural,Fine no high winds,No,46 - 55,7,Urban area,8,781,None,None,Other/Not known (2005-10),Not at or within 20 metres of junction,,VFR800F,Petrol,Male,Skidded,No tow/articulation,Nearside,0,Going ahead right-hand bend,1,Motorcycle over 500cc,No,Offside,2021
200954MA05509,Motorway,4,NA,0,Serious,None,28-01-2020,Friday,1,Not at junction or within 20 metres,Not at junction or within 20 metres,28.5922742,Darkness - no lighting,412460,182330,77.25553393,E01015585,2,4,0,0,Wet or damp,Dual carriageway,None,70,23:48:00,Rural,Fine no high winds,No,46 - 55,7,Urban area,4,1389,None,Near/Offside crash barrier,Other/Not known (2005-10),Not at or within 20 metres of junction,,CORSA COMFORT 16V,Petrol,Female,None,No tow/articulation,Did not leave carriageway,0,Going ahead other,2,Car,No,Back,2021
201014K117110,A,631,NA,0,Serious,None,30-04-2010,Friday,1,Not at junction or within 20 metres,Not at junction or within 20 metres,53.419091,Darkness - no lighting,439460,391530,-1.407721,E01007913,9,5,0,0,Wet or damp,Dual carriageway,None,70,00:34:00,Urban,Fine no high winds,No,46 - 55,7,Urban area,4,1896,None,None,Other/Not known (2005-10),Not at or within 20 metres of junction,SEAT,ALHAMBRA TDI SE,Heavy oil,Female,None,No tow/articulation,Did not leave carriageway,0,Going ahead other,2,Car,No,Back,2010
200922D906742,A,448,Unclassified,0,Serious,None,14-02-2019,Saturday,1,Give way or uncontrolled,T or staggered junction,13.01763186,Darkness - no lighting,389180,273040,77.67621688,E01032431,1,1,0,0,Wet or damp,Single carriageway,None,30,23:13:00,Rural,Raining no high winds,No,46 - 55,7,Urban area,7,1997,None,Tree,Other/Not known (2005-10),Cleared junction or waiting/parked at junction exit,,406 RAPIER HDI (90),Heavy oil,Male,Skidded,No tow/articulation,Offside,0,Going ahead left-hand bend,1,Car,No,Front,2020
20093104D3494,Unclassified,0,NA,0,Serious,None,20-04-2020,Wednesday,1,Data missing or out of range,Not at junction or within 20 metres,8.873350599,Darkness - no lighting,460150,348390,76.61648644,E01028151,4,3,0,0,Wet or damp,Single carriageway,None,60,21:45:00,Rural,Raining no high winds,No,46 - 55,7,Small town,6,1995,None,None,Other/Not known (2005-10),Not at or within 20 metres of junction,,AVENSIS GS D4-D,Heavy oil,Male,None,No tow/articulation,Did not leave carriageway,0,Going ahead right-hand bend,2,Car,No,Front,2020
200963AC02609,A,485,NA,0,Serious,None,13-02-2021,Sunday,1,Data missing or out of range,Not at junction or within 20 metres,18.5399037,Darkness - no lighting,246260,235460,73.803363,W01000686,1,1,0,0,Wet or damp,Single carriageway,None,40,03:03:00,Rural,Raining no high winds,No,46 - 55,7,Rural,NA,1995,None,Other permanent object,Journey as part of work,Not at or within 20 metres of junction,,ZAFIRA ELEGANCE DTI,Heavy oil,Male,Skidded,No tow/articulation,Nearside,0,Going ahead right-hand bend,1,Car,No,Nearside,2021
201042I000301,B,1027,Unclassified,0,Serious,None,23-06-2021,Friday,1,Give way or uncontrolled,T or staggered junction,23.08548849,Darkness - no lighting,604510,223730,72.62530038,E01021736,1,2,0,0,Wet or damp,Single carriageway,None,60,02:05:00,Rural,Snowing no high winds,No,46 - 55,7,Data missing or out of range,NA,1997,None,None,Other/Not known (2005-10),Approaching junction or waiting/parked at junction approach,,406 GLX HDI (110),Heavy oil,Male,None,No tow/articulation,Did not leave carriageway,0,Going ahead other,2,Car,No,Front,2019
200954EV05009,B,3089,NA,0,Serious,None,11-06-2019,Sunday,1,Not at junction or within 20 metres,Not at junction or within 20 metres,28.47801486,Darkness - no lighting,387400,133530,77.05573604,E01032010,2,1,0,0,Wet or damp,Single carriageway,None,60,21:32:00,Rural,Snowing no high winds,No,46 - 55,7,Urban area,3,1398,None,Tree,Other/Not known (2005-10),Not at or within 20 metres of junction,,206 LX HDI,Heavy oil,Male,Skidded and overturned,No tow/articulation,Nearside and rebounded,0,Going ahead other,1,Car,No,Offside,2019
2009170S43159,A,19,A,67,Serious,None,04-01-2021,Tuesday,1,Give way or uncontrolled,T or staggered junction,27.10500392,Darkness - no lighting,443770,508720,93.6222542,E01012235,1,1,0,0,Snow,Slip road,None,60,19:50:00,Rural,Snowing no high winds,No,46 - 55,7,Data missing or out of range,NA,1124,None,Road sign or traffic signal,Other/Not known (2005-10),Approaching junction or waiting/parked at junction approach,,206 L,Petrol,Male,Skidded,No tow/articulation,Nearside,0,Going ahead other,1,Car,No,Front,2019
200930D000345,Unclassified,0,NA,0,Serious,None,06-01-2019,Friday,1,Data missing or out of range,Not at junction or within 20 metres,28.68062524,Daylight,429500,320250,77.17208969,E01019876,1,1,0,0,Dry,Single carriageway,None,30,15:18:00,Rural,Fine + high winds,No,46 - 55,7,Urban area,5,1999,None,None,Other/Not known (2005-10),Not at or within 20 metres of junction,,MONDEO ZETEC,Petrol,Male,None,No tow/articulation,Did not leave carriageway,0,Going ahead other,1,Car,No,Front,2020
2009559C01915,Unclassified,0,Unclassified,0,Serious,None,03-10-2020,Friday,1,Give way or uncontrolled,T or staggered junction,22.71505985,Daylight,411790,91870,75.90211061,E01015280,1,1,0,0,Wet or damp,Single carriageway,None,30,17:04:00,Urban,Fine + high winds,No,46 - 55,7,Urban area,3,1590,None,None,Other/Not known (2005-10),Cleared junction or waiting/parked at junction exit,,CIVIC SE EXECUTIVE,Petrol,Female,None,No tow/articulation,Did not leave carriageway,0,Going ahead other,1,Car,No,Did not impact,2020
200743S116097,C,158,Unclassified,1145,Serious,None,21-12-2021,Wednesday,1,Give way or uncontrolled,T or staggered junction,14.78927976,Daylight,484660,241870,78.62941011,E01016762,2,2,0,0,Dry,Single carriageway,None,60,17:59:00,Rural,Fine no high winds,No,46 - 55,7,Urban area,5,1997,None,None,Other/Not known (2005-10),Approaching junction or waiting/parked at junction approach,,ACCORD 2.0I ES AUTO,Petrol,Male,Skidded,No tow/articulation,Did not leave carriageway,0,Going ahead other,2,Car,No,Front,2019
200901TE00052,B,358,A,316,Serious,None,30-11-2019,Saturday,1,Auto traffic signal,Roundabout,14.67836227,Daylight,513720,172730,78.61655855,E01003903,4,5,0,0,Dry,Dual carriageway,None,40,09:15:00,Urban,Fine no high winds,No,46 - 55,7,Urban area,6,2402,None,None,Journey as part of work,Mid Junction - on roundabout or on main road,,TRANSIT 350 MWB TD,Heavy oil,Male,None,No tow/articulation,Did not leave carriageway,0,Going ahead other,4,Van / Goods 3.5 tonnes mgw or under,No,Back,2019
200901KF60070,A,124,A,117,Serious,None,05-08-2019,Thursday,1,Auto traffic signal,Crossroads,14.7272617,Daylight,542600,183570,78.47364843,E01003523,1,2,0,5,Dry,Single carriageway,None,30,06:39:00,Urban,Fine no high winds,No,46 - 55,7,Urban area,3,660,None,None,Commuting to/from work,Mid Junction - on roundabout or on main road,,,Petrol,Male,None,No tow/articulation,Did not leave carriageway,0,Going ahead other,2,Motorcycle over 500cc,No,Front,2019
200997LA02905,Unclassified,0,NA,0,Serious,None,12-09-2020,Wednesday,1,Data missing or out of range,Not at junction or within 20 metres,14.70050769,Daylight,238160,676090,78.60169643,,1,1,0,0,Dry,Single carriageway,None,30,15:20:00,Urban,Fine no high winds,Yes,46 - 55,7,Urban area,NA,1584,None,None,Other/Not known (2005-10),Not at or within 20 metres of junction,,SPACE STAR MIRAGE,Petrol,Male,Skidded,No tow/articulation,Did not leave carriageway,0,Overtaking - nearside,1,Car,No,Front,2019
200943N162059,C,98,NA,0,Serious,None,01-11-2021,Saturday,1,Data missing or out of range,Not at junction or within 20 metres,14.66115977,Daylight,481960,188560,78.50952648,E01017875,2,2,0,0,Wet or damp,Single carriageway,None,60,09:32:00,Rural,Fine no high winds,No,46 - 55,7,Rural,8,3199,None,None,Other/Not known (2005-10),Not at or within 20 metres of junction,,ML 320 AUTO,Petrol,Male,None,No tow/articulation,Did not leave carriageway,0,Going ahead right-hand bend,2,Car,No,Front,2019
200854EM50908,A,338,C,288,Serious,None,12-08-2019,Saturday,1,Give way or uncontrolled,Crossroads,14.7979567,Daylight,418530,136920,78.62617847,E01032032,3,2,0,0,Dry,Single carriageway,None,40,09:05:00,Rural,Fine no high winds,No,46 - 55,7,Urban area,7,1328,None,None,Other/Not known (2005-10),Mid Junction - on roundabout or on main road,,IGNIS GL,Petrol,Male,Skidded,No tow/articulation,Did not leave carriageway,0,Going ahead other,2,Car,No,Front,2019
200920E026302,B,4122,Unclassified,0,Serious,None,26-03-2021,Thursday,1,Auto traffic signal,T or staggered junction,14.76981432,Daylight,407350,281610,78.56221368,E01008981,1,1,0,5,Dry,Single carriageway,None,30,16:30:00,Urban,Fine no high winds,No,46 - 55,7,Urban area,1,8268,None,None,Journey as part of work,Cleared junction or waiting/parked at junction exit,,,Heavy oil,Male,None,No tow/articulation,Did not leave carriageway,0,Moving off,1,Bus or coach (17 or more pass seats),No,Nearside,2019
200897KC70303,B,788,NA,0,Serious,None,23-11-2019,Saturday,1,Data missing or out of range,Not at junction or within 20 metres,27.09420892,Daylight,228260,675690,93.61813331,,1,2,0,0,Dry,Dual carriageway,None,30,11:45:00,Urban,Fine no high winds,Yes,46 - 55,7,Small town,NA,916,None,None,Other/Not known (2005-10),Not at or within 20 metres of junction,,S4,Petrol,Male,None,No tow/articulation,Did not leave carriageway,0,Going ahead other,2,Motorcycle over 500cc,No,Did not impact,2019
200914K287309,A,61,C,710,Serious,None,13-03-2019,Saturday,2,Auto traffic signal,Roundabout,27.10072282,Daylight,435930,387440,93.61039232,E01007884,1,2,0,0,Dry,Roundabout,None,30,13:48:00,Urban,Fine no high winds,No,46 - 55,7,Urban area,1,7300,None,None,Other/Not known (2005-10),Entering roundabout,,,Heavy oil,Male,None,No tow/articulation,Did not leave carriageway,0,Moving off,1,Bus or coach (17 or more pass seats),No,Did not impact,2019
200742I227106,A,113,Unclassified,0,Serious,None,28-12-2020,Thursday,1,Give way or uncontrolled,Private drive or entrance,27.09606836,Daylight,553520,200040,93.61103592,E01021800,1,2,0,0,Dry,Single carriageway,None,30,12:41:00,Rural,Fine no high winds,No,46 - 55,7,Data missing or out of range,NA,993,None,None,Other/Not known (2005-10),Approaching junction or waiting/parked at junction approach,,SWIFT CIRRUS,Petrol,Male,Overturned,No tow/articulation,Did not leave carriageway,0,Turning right,2,Car,No,Offside,2019
200863BC09408,A,482,NA,0,Serious,None,11-03-2021,Friday,1,Data missing or out of range,Not at junction or within 20 metres,27.10659175,Daylight,246550,261150,93.60943198,W01000524,1,1,0,0,Dry,Single carriageway,None,60,20:22:00,Rural,Fine no high winds,No,46 - 55,7,Rural,NA,1796,None,None,Other/Not known (2005-10),Not at or within 20 metres of junction,,VECTRA 16V TOURER,Petrol,Male,None,No tow/articulation,Did not leave carriageway,0,Going ahead other,1,Car,No,Front,2019
200991NP06245,Unclassified,0,NA,0,Serious,None,06-09-2019,Saturday,2,Data missing or out of range,Not at junction or within 20 metres,27.1048716,Daylight,210590,776380,93.62301928,,1,2,0,0,Dry,Single carriageway,None,30,14:55:00,Urban,Fine no high winds,Yes,46 - 55,7,Small town,NA,1397,None,None,Other/Not known (2005-10),Not at or within 20 metres of junction,,A140 CLASSIC,Petrol,Male,None,No tow/articulation,Did not leave carriageway,0,Turning right,1,Car,No,Front,2019
200842I340409,Unclassified,0,NA,0,Serious,None,08-05-2021,Monday,1,Not at junction or within 20 metres,Not at junction or within 20 metres,27.09566804,Daylight,552390,204310,93.63207785,E01021796,3,2,0,0,Dry,Single carriageway,None,60,16:40:00,Rural,Fine no high winds,No,46 - 55,7,Data missing or out of range,NA,12580,None,None,Journey as part of work,Not at or within 20 metres of junction,,,Heavy oil,Male,None,Articulated vehicle,Offside,0,Going ahead other,2,Goods 7.5 tonnes mgw and over,No,Did not impact,2019
200901GD10821,C,0,NA,0,Serious,None,31-07-2019,Friday,1,Data missing or out of range,Not at junction or within 20 metres,26.75244283,Daylight,534220,185380,94.18922465,E01001759,1,1,0,0,Dry,Single carriageway,None,30,07:30:00,Urban,Fine no high winds,No,46 - 55,7,Urban area,1,2494,None,None,Journey as part of work,Not at or within 20 metres of junction,,HIACE 280 GS,Heavy oil,Male,None,No tow/articulation,Did not leave carriageway,0,Overtaking static vehicle - offside,1,Van / Goods 3.5 tonnes mgw or under,No,Front,2019
200742I357609,Motorway,11,Motorway,25,Serious,None,24-07-2021,Monday,1,Give way or uncontrolled,Slip road,26.72651648,Daylight,547210,199900,94.16830978,E01021800,1,1,0,0,Dry,Slip road,None,70,16:45:00,Rural,Fine no high winds,No,46 - 55,7,Data missing or out of range,NA,4580,None,None,Journey as part of work,Entering from slip road,,,Heavy oil,Male,Overturned,No tow/articulation,Did not leave carriageway,0,Going ahead right-hand bend,1,Goods over 3.5t. and under 7.5t,No,Nearside,2019
200904EA09359,Unclassified,0,Unclassified,0,Serious,None,03-02-2020,Thursday,1,Give way or uncontrolled,Crossroads,26.72930252,Daylight,367160,427280,94.17204203,E01012622,1,2,0,0,Wet or damp,One way street,None,30,15:10:00,Urban,Fine no high winds,No,46 - 55,7,Urban area,1,1794,None,None,Other/Not known (2005-10),Approaching junction or waiting/parked at junction approach,,AVENSIS GS VVT-I,Petrol,Male,None,No tow/articulation,Did not leave carriageway,0,Waiting to go - held up,2,Car,No,Nearside,2019
200801CW12061,A,5,C,0,Serious,None,09-04-2019,Friday,1,Auto traffic signal,Crossroads,26.76394494,Daylight,525810,183160,94.21138551,E01004711,1,1,0,5,Dry,Single carriageway,None,30,15:20:00,Urban,Fine no high winds,No,46 - 55,7,Urban area,8,2664,None,None,Journey as part of work,Approaching junction or waiting/parked at junction approach,,TX1 BRONZE AUTO,Heavy oil,Male,None,No tow/articulation,Did not leave carriageway,0,Going ahead other,1,Taxi/Private hire car,No,Front,2019
200943W050099,B,481,Unclassified,7201,Serious,None,09-06-2020,Monday,1,Give way or uncontrolled,T or staggered junction,26.75478567,Daylight,472090,176520,94.18993573,E01016407,1,1,0,4,Wet or damp,Single carriageway,None,30,08:24:00,Urban,Fine no high winds,No,46 - 55,7,Urban area,3,3226,None,None,Commuting to/from work,Approaching junction or waiting/parked at junction approach,,E320 CDI ELEGANCE AUTO,Heavy oil,Male,None,No tow/articulation,Did not leave carriageway,0,Going ahead other,1,Taxi/Private hire car,No,Front,2019
200914K003709,Unclassified,0,NA,0,Serious,None,11-12-2020,Saturday,1,Not at junction or within 20 metres,Not at junction or within 20 metres,26.75292037,Daylight,423370,389780,94.21510487,E01008128,1,1,0,0,Wet or damp,Single carriageway,None,60,11:09:00,Rural,Fine no high winds,No,46 - 55,7,Urban area,2,1130,None,Other permanent object,Other/Not known (2005-10),Not at or within 20 metres of junction,,R1150GS,Petrol,Male,None,No tow/articulation,Offside and rebounded,0,Going ahead left-hand bend,1,Motorcycle over 500cc,No,Front,2019
201042I332010,B,1002,Unclassified,0,Serious,None,19-06-2021,Friday,1,Give way or uncontrolled,T or staggered junction,25.79136967,Daylight,563080,197800,87.45595739,E01021460,1,1,0,0,Dry,Single carriageway,None,30,16:10:00,Rural,Fine no high winds,No,46 - 55,7,Small town,7,1896,None,None,Other/Not known (2005-10),Leaving main road,,SUPERB COMFORT TDI,Heavy oil,Male,None,No tow/articulation,Did not leave carriageway,0,Going ahead other,1,Car,No,Offside,2019