Accident_Index,1st_Road_Class,1st_Road_Number,2nd_Road_Class,2nd_Road_Number,Accident_Severity,Carriageway_Hazards,Date,Day_of_Week,Did_Police_Officer_Attend_Scene_of_Accident,Junction_Control,Junction_Detail,Latitude,Light_Conditions,Location_Easting_OSGR,Location_Northing_OSGR,Longitude,LSOA_of_Accident_Location,Number_of_Casualties,Number_of_Vehicles,Pedestrian_Crossing-Human_Control,Pedestrian_Crossing-Physical_Facilities,Road_Surface_Conditions,Road_Type,Special_Conditions_at_Site,Speed_limit,Time,Urban_or_Rural_Area,Weather_Conditions,InScotland,Age_Band_of_Driver,Age_of_Vehicle,Driver_Home_Area_Type,Driver_IMD_Decile,Engine_Capacity_.CC.,Hit_Object_in_Carriageway,Hit_Object_off_Carriageway,Journey_Purpose_of_Driver,Junction_Location,make,model,Propulsion_Code,Sex_of_Driver,Skidding_and_Overturning,Towing_and_Articulation,Vehicle_Leaving_Carriageway,Vehicle_Location.Restricted_Lane,Vehicle_Manoeuvre,Vehicle_Reference,Vehicle_Type,Was_Vehicle_Left_Hand_Drive,X1st_Point_of_Impact,Year
200906K014071,A,575,A,579,Serious,None,01-12-2020,Sunday,1,Auto traffic signal,Crossroads,28.53643654,Darkness - lights lit,372000,408780,77.17057205,E01004848,11,2,0,0,Dry,Single carriageway,None,30,23:47:00,Urban,Fine no high winds,No,16 - 20,6,Rural,8,2401,None,None,Other/Not known (2005-10),Approaching junction or waiting/parked at junction approach,,S80 SE D5,Heavy oil,Male,None,No tow/articulation,Did not leave carriageway,0,Going ahead other,1,Car,No,Nearside,2021
200814B127708,Unclassified,0,NA,0,Serious,None,02-09-2021,Thursday,2,Not at junction or within 20 metres,Not at junction or within 20 metres,28.59769864,Darkness - lights lit,437340,405290,77.29705668,E01007319,1,2,0,0,Dry,Single carriageway,None,30,23:00:00,Urban,Fine no high winds,No,16 - 20,6,Urban area,4,1124,None,None,Other/Not known (2005-10),Not at or within 20 metres of junction,,,Petrol,Male,None,No tow/articulation,Did not leave carriageway,0,Going ahead other,2,Car,No,Front,2021
200843W054078,A,4155,NA,0,Serious,None,13-01-2019,Sunday,1,Data missing or out of range,Not at junction or within 20 metres,28.59760313,Darkness - lights lit,471150,174590,77.18745697,E01016362,1,1,0,0,Wet or damp,Single carriageway,None,30,00:55:00,Rural,Fine no high winds,No,16 - 20,6,Small town,9,599,None,None,Other/Not known (2005-10),Not at or within 20 metres of junction,,ZX600-J2,Petrol,Male,None,No tow/articulation,Did not leave carriageway,0,Going ahead other,1,Motorcycle over 500cc,No,Front,2021
200820F112802,A,4040,Unclassified,0,Serious,None,23-01-2021,Saturday,1,Give way or uncontrolled,T or staggered junction,18.54362316,Darkness - lights lit,403250,283780,73.78593967,E01009071,1,1,0,0,Dry,Dual carriageway,None,30,23:00:00,Urban,Fine no high winds,No,16 - 20,6,Urban area,2,124,None,None,Other/Not known (2005-10),Approaching junction or waiting/parked at junction approach,,,Petrol,Male,None,No tow/articulation,Did not leave carriageway,0,Going ahead left-hand bend,1,Motorcycle 125cc and under,No,Front,2021
200901RG40143,A,102,NA,0,Serious,None,29-10-2020,Saturday,1,Data missing or out of range,Not at junction or within 20 metres,18.53784529,Darkness - lights lit,539060,179520,73.77465558,E01001667,1,1,0,0,Frost or ice,Dual carriageway,None,30,02:04:00,Urban,Fine no high winds,No,16 - 20,6,Data missing or out of range,NA,1598,Kerb,Central crash barrier,Other/Not known (2005-10),Not at or within 20 metres of junction,,MINI COOPER S,Petrol,Male,Overturned,No tow/articulation,Offside on to central reservation,0,Going ahead other,1,Car,No,Front,2021
200820D207403,Unclassified,0,NA,0,Serious,None,04-12-2020,Thursday,1,Data missing or out of range,Not at junction or within 20 metres,18.56570711,Darkness - lights lit,413790,285360,73.92123243,E01009520,2,2,0,0,Wet or damp,Single carriageway,None,30,04:40:00,Urban,Fine no high winds,No,16 - 20,6,Urban area,5,1840,None,Tree,Other/Not known (2005-10),Not at or within 20 metres of junction,,MX-5 S-VT SPORT,Petrol,Male,Skidded and overturned,No tow/articulation,Nearside,0,Going ahead right-hand bend,1,Car,No,Nearside,2021
200801SX73487,A,502,Unclassified,0,Serious,None,29-05-2021,Tuesday,1,Give way or uncontrolled,Crossroads,19.20207427,Darkness - lights lit,525070,187450,72.92431805,E01000146,1,1,0,0,Dry,Single carriageway,None,30,23:00:00,Urban,Fine no high winds,No,16 - 20,6,Urban area,9,1596,None,None,Other/Not known (2005-10),Approaching junction or waiting/parked at junction approach,,FOCUS GHIA AUTO,Petrol,Male,None,No tow/articulation,Did not leave carriageway,0,Going ahead other,1,Car,No,Front,2021
2009559D01289,B,3075,Unclassified,0,Serious,None,01-01-2020,Wednesday,1,Give way or uncontrolled,T or staggered junction,27.10319163,Darkness - lights lit,392310,87440,93.61351721,E01020485,1,2,0,4,Dry,Single carriageway,None,30,22:00:00,Rural,Fine no high winds,No,16 - 20,6,Small town,7,49,None,None,Other/Not known (2005-10),Approaching junction or waiting/parked at junction approach,,SR 50 DI TEC,Petrol,Male,None,No tow/articulation,Did not leave carriageway,0,Overtaking moving vehicle - offside,1,Motorcycle 50cc and under,No,Front,2019
201001TX20548,A,312,Motorway,4,Serious,None,24-08-2010,Tuesday,1,Give way or uncontrolled,Roundabout,51.491013,Darkness - lights lit,510460,178100,-0.410339,E01002633,1,2,0,0,Dry,Roundabout,None,30,20:20:00,Urban,Fine no high winds,No,16 - 20,6,Urban area,4,125,None,None,Other/Not known (2005-10),Mid Junction - on roundabout or on main road,HONDA,CBR 125 R-4,Petrol,Male,None,No tow/articulation,Did not leave carriageway,0,Going ahead other,1,Motorcycle 125cc and under,No,Nearside,2010
201001ZD30436,A,22,Unclassified,0,Serious,None,04-06-2010,Friday,1,Give way or uncontrolled,T or staggered junction,51.329691,Darkness - lights lit,531900,160660,-0.108165,E01001075,1,2,0,1,Dry,Single carriageway,None,30,23:12:00,Urban,Fine no high winds,No,16 - 20,6,Urban area,3,125,None,None,Other/Not known (2005-10),Approaching junction or waiting/parked at junction approach,HONDA,ANF 125-3,Petrol,Male,None,No tow/articulation,Did not leave carriageway,0,Going ahead other,2,Motorcycle 125cc and under,No,Front,2010
201004FB10042,Unclassified,0,NA,0,Serious,None,27-07-2010,Tuesday,1,Data missing or out of range,Not at junction or within 20 metres,53.777357,Darkness - lights lit,382050,431260,-2.273869,E01024874,1,1,0,0,Wet or damp,Single carriageway,None,30,21:13:00,Urban,Fine no high winds,No,16 - 20,6,Urban area,4,1598,None,None,Journey as part of work,Not at or within 20 metres of junction,TOYOTA,COROLLA COLOUR COL-N VVTI,Petrol,Male,None,No tow/articulation,Did not leave carriageway,0,Going ahead other,1,Car,No,Did not impact,2010
201006Q035470,B,6477,Unclassified,0,Serious,None,16-08-2010,Monday,1,Give way or uncontrolled,T or staggered junction,53.542217,Darkness - lights lit,393020,405070,-2.106807,E01005433,1,2,0,0,Dry,One way street,None,30,20:55:00,Urban,Fine no high winds,No,16 - 20,6,Rural,8,49,None,None,Other/Not known (2005-10),Entering main road,PEUGEOT,VIVACITY 100,Petrol,Male,None,No tow/articulation,Did not leave carriageway,0,Turning left,2,Motorcycle 50cc and under,No,Front,2010
201011NF07410,A,182,Unclassified,0,Serious,None,28-03-2010,Sunday,1,Give way or uncontrolled,T or staggered junction,54.802086,Darkness - lights lit,437650,545400,-1.415832,E01020755,2,1,0,0,Dry,Single carriageway,None,30,02:00:00,Urban,Fine no high winds,No,16 - 20,6,Urban area,3,1560,Bollard or refuge,Telegraph or electricity pole,Other/Not known (2005-10),Mid Junction - on roundabout or on main road,FORD,FOCUS ZETEC TDCI,Heavy oil,Male,None,No tow/articulation,Offside,0,Going ahead other,1,Car,No,Nearside,2010
20084100A0899,B,1004,Unclassified,1670,Serious,None,17-02-2021,Friday,1,Give way or uncontrolled,T or staggered junction,15.35930019,Darkness - lights lit,548720,221700,73.98874482,E01023450,1,2,0,4,Wet or damp,Single carriageway,None,30,16:40:00,Urban,Fine no high winds,No,16 - 20,6,Rural,10,1840,None,None,Other/Not known (2005-10),Cleared junction or waiting/parked at junction exit,,MX-5 1.8I,Petrol,Female,None,No tow/articulation,Did not leave carriageway,0,Going ahead other,2,Car,No,Front,2019
200820H020102,Unclassified,0,NA,0,Serious,None,28-10-2019,Sunday,1,Data missing or out of range,Not at junction or within 20 metres,26.48046576,Darkness - lights lit,401380,300800,80.32173563,E01010280,1,2,0,0,Dry,Single carriageway,None,30,22:47:00,Urban,Fine no high winds,No,16 - 20,6,Urban area,1,1242,None,None,Other/Not known (2005-10),Not at or within 20 metres of junction,,PUNTO ACTIVE,Petrol,Female,None,No tow/articulation,Did not leave carriageway,0,U-turn,2,Car,No,Offside,2020
20093102A0191,Unclassified,0,NA,0,Serious,None,13-11-2019,Sunday,1,Data missing or out of range,Not at junction or within 20 metres,19.066401,Darkness - lights lit,454900,360940,72.92298048,E01028233,1,2,0,0,Wet or damp,Single carriageway,None,30,20:55:00,Urban,Fine no high winds,No,16 - 20,6,Urban area,5,1598,Parked vehicle,None,Other/Not known (2005-10),Not at or within 20 metres of junction,,MEGANE DYNAMIQUE 16V,Petrol,Female,None,No tow/articulation,Did not leave carriageway,0,Parked,1,Car,No,Front,2021
200904CC09089,B,5251,Unclassified,0,Serious,None,13-09-2021,Saturday,1,Give way or uncontrolled,Other junction,14.76004669,Darkness - lights lit,356230,414100,78.52338934,E01024959,1,1,0,1,Dry,Single carriageway,None,30,20:40:00,Rural,Fine no high winds,No,16 - 20,6,Small town,6,1242,None,None,Commuting to/from work,Approaching junction or waiting/parked at junction approach,,PUNTO ACTIVE 8V,Petrol,Female,None,No tow/articulation,Did not leave carriageway,0,Slowing or stopping,1,Car,No,Nearside,2019
200804AM08057,A,583,Unclassified,0,Serious,None,06-04-2021,Sunday,1,Auto traffic signal,More than 4 arms (not roundabout),27.10266646,Darkness - lights lit,332460,434660,93.62935213,E01012741,1,1,0,5,Dry,Single carriageway,None,30,00:55:00,Urban,Fine no high winds,No,16 - 20,6,Urban area,9,999,None,None,Other/Not known (2005-10),Mid Junction - on roundabout or on main road,,AMICA SI,Petrol,Female,None,No tow/articulation,Did not leave carriageway,0,Going ahead other,1,Car,No,Front,2019
201001SX20786,A,5,Unclassified,0,Serious,None,13-07-2010,Tuesday,1,Give way or uncontrolled,T or staggered junction,51.608729,Darkness - lights lit,519410,191400,-0.276972,E01000194,2,2,0,0,Dry,Dual carriageway,None,30,23:30:00,Urban,Fine no high winds,No,16 - 20,6,Urban area,10,1198,None,None,Other/Not known (2005-10),Mid Junction - on roundabout or on main road,VOLKSWAGEN,POLO TWIST,Petrol,Female,None,No tow/articulation,Did not leave carriageway,0,Turning left,1,Car,No,Nearside,2010
201006K037091,A,6099,Unclassified,0,Serious,None,05-10-2010,Tuesday,1,Give way or uncontrolled,T or staggered junction,53.590647,Darkness - lights lit,371400,410540,-2.433558,E01004820,4,2,0,0,Dry,Single carriageway,None,30,20:23:00,Urban,Fine no high winds,No,16 - 20,6,Urban area,1,1461,None,None,Other/Not known (2005-10),Approaching junction or waiting/parked at junction approach,RENAULT,CLIO EXPRESSION DCI 65,Heavy oil,Female,None,No tow/articulation,Did not leave carriageway,0,Going ahead other,2,Car,No,Back,2010
200901FH10025,C,0,Unclassified,0,Serious,None,25-06-2020,Saturday,1,Give way or uncontrolled,Mini-roundabout,28.68188214,Darkness - lights lit,525060,176570,77.12050502,E01001948,1,2,0,0,Wet or damp,Roundabout,None,30,20:55:00,Urban,Other,No,16 - 20,6,Urban area,3,124,None,None,Other/Not known (2005-10),Mid Junction - on roundabout or on main road,,DNA 125,Petrol,Male,None,No tow/articulation,Did not leave carriageway,0,Going ahead other,1,Motorcycle 125cc and under,No,Front,2020
200997GB23703,A,77,Unclassified,0,Serious,None,26-12-2020,Thursday,1,Auto traffic signal,Crossroads,18.51796255,Darkness - lights lit,256810,661030,73.78021921,,1,2,0,5,Wet or damp,Single carriageway,None,30,19:00:00,Urban,Raining + high winds,Yes,16 - 20,6,Urban area,NA,1199,None,None,Other/Not known (2005-10),Mid Junction - on roundabout or on main road,,CORSA DESIGN 16V,Petrol,Male,None,No tow/articulation,Did not leave carriageway,0,Turning right,1,Car,No,Nearside,2021
200845SP31169,B,376,Unclassified,0,Serious,None,03-08-2020,Monday,1,Give way or uncontrolled,T or staggered junction,15.17870887,Darkness - lights lit,504100,170550,74.12697086,E01030742,3,2,0,0,Wet or damp,Single carriageway,None,30,21:18:00,Urban,Raining no high winds,No,16 - 20,6,Urban area,5,49,None,None,Other/Not known (2005-10),Approaching junction or waiting/parked at junction approach,,VIVACITY 50,Petrol,Male,None,No tow/articulation,Did not leave carriageway,0,Going ahead other,1,Motorcycle 50cc and under,No,Front,2019
20093102C0535,C,180,NA,0,Serious,None,28-09-2020,Tuesday,1,Data missing or out of range,Not at junction or within 20 metres,22.70740935,Darkness - lights lit,456260,340850,75.84124413,E01013815,1,1,0,0,Wet or damp,Single carriageway,None,30,17:50:00,Urban,Raining no high winds,No,16 - 20,6,Urban area,2,973,None,None,Other/Not known (2005-10),Not at or within 20 metres of junction,,CORSA ACTIVE 12V,Petrol,Male,None,No tow/articulation,Did not leave carriageway,0,Going ahead other,1,Car,No,Front,2020
200806M089775,A,6144,NA,0,Serious,None,24-11-2020,Monday,1,Not at junction or within 20 metres,Not at junction or within 20 metres,28.66176929,Darkness - lights lit,370990,389880,77.08328372,E01006087,4,2,0,0,Wet or damp,Single carriageway,None,30,18:15:00,Rural,Raining no high winds,No,16 - 20,6,Urban area,1,1242,None,None,Other/Not known (2005-10),Not at or within 20 metres of junction,,PUNTO ACTIVE SPORT,Petrol,Male,Skidded,No tow/articulation,Did not leave carriageway,0,Overtaking moving vehicle - offside,1,Car,No,Front,2020
20083102A3614,A,6191,Unclassified,0,Serious,None,09-01-2021,Thursday,3,Auto traffic signal,Crossroads,8.871203675,Darkness - lights lit,453680,361370,76.69428861,E01028284,3,2,0,5,Data missing or out of range,Dual carriageway,None,30,22:17:00,Urban,Unknown,No,16 - 20,6,Urban area,5,1994,None,None,Other/Not known (2005-10),Entering main road,,ZR+ TD,Heavy oil,Male,None,No tow/articulation,Did not leave carriageway,0,Turning right,1,Car,No,Front,2020
200922G900869,Unclassified,0,NA,0,Serious,None,24-04-2021,Wednesday,1,Data missing or out of range,Not at junction or within 20 metres,14.75461499,Darkness - no lighting,366560,309520,78.47058054,E01014202,2,1,0,0,Wet or damp,Single carriageway,None,30,22:30:00,Rural,Fine no high winds,No,16 - 20,6,Urban area,7,1199,None,Other permanent object,Other/Not known (2005-10),Not at or within 20 metres of junction,,CORSA CLUB 16V EASYTRONIC,Petrol,Male,Skidded and overturned,No tow/articulation,Offside,0,Going ahead other,1,Car,No,Front,2019
201042I422812,Unclassified,0,NA,0,Serious,None,05-04-2021,Friday,1,Not at junction or within 20 metres,Not at junction or within 20 metres,19.12227902,Darkness - no lighting,590860,216310,72.87216759,E01021723,1,1,0,0,Frost or ice,Single carriageway,None,30,18:00:00,Rural,Other,No,16 - 20,6,Rural,9,1599,None,Road sign or traffic signal,Journey as part of work,Not at or within 20 metres of junction,,SPORTKA,Petrol,Male,Skidded,No tow/articulation,Offside,0,Going ahead other,1,Car,No,Front,2021
200863AC47508,B,4306,NA,0,Serious,None,21-11-2021,Sunday,1,Data missing or out of range,Not at junction or within 20 metres,13.01583521,Darkness - no lighting,256990,205370,77.67379362,W01000665,2,1,0,0,Wet or damp,Single carriageway,None,30,03:45:00,Rural,Raining no high winds,No,16 - 20,6,Small town,NA,1396,None,Tree,Other/Not known (2005-10),Not at or within 20 metres of junction,,25 SPIRIT S,Petrol,Male,Skidded,No tow/articulation,Offside and rebounded,0,Going ahead other,1,Car,No,Front,2020
200814C013508,A,618,NA,0,Serious,None,15-07-2021,Friday,1,Data missing or out of range,Not at junction or within 20 metres,22.98345892,Daylight,445190,385880,72.55779563,E01007666,1,1,0,0,Dry,Single carriageway,None,30,15:07:00,Urban,Fine + high winds,No,16 - 20,6,Urban area,5,1390,None,None,Pupil riding to/from school,Not at or within 20 metres of junction,,CLIO DYNAMIQUE+ 16V,Petrol,Male,None,No tow/articulation,Did not leave carriageway,0,Overtaking static vehicle - offside,1,Car,No,Front,2019
200922G901869,Unclassified,0,NA,0,Serious,None,08-06-2019,Monday,1,Data missing or out of range,Not at junction or within 20 metres,14.78246634,Daylight,366770,312150,78.53897808,E01014139,1,1,0,0,Dry,Single carriageway,None,30,11:50:00,Urban,Fine no high winds,No,16 - 20,6,Data missing or out of range,NA,249,None,None,Other/Not known (2005-10),Not at or within 20 metres of junction,,,Petrol,Male,None,No tow/articulation,Did not leave carriageway,0,Going ahead other,1,Motorcycle over 125cc and up to 500cc,No,Front,2019
200963CP02509,A,487,Unclassified,0,Serious,None,09-01-2021,Wednesday,1,Give way or uncontrolled,T or staggered junction,14.76296402,Daylight,194520,215880,78.58135272,W01000570,1,1,0,0,Dry,Single carriageway,None,30,15:55:00,Urban,Fine no high winds,No,16 - 20,6,Small town,NA,1896,None,None,Other/Not known (2005-10),Approaching junction or waiting/parked at junction approach,,GOLF MATCH TDI PD,Heavy oil,Male,None,No tow/articulation,Did not leave carriageway,0,Reversing,1,Car,No,Back,2019
200737L014350,Unclassified,8034,Unclassified,8035,Serious,None,06-01-2021,Tuesday,1,Give way or uncontrolled,T or staggered junction,26.72027958,Daylight,652940,291610,94.17709596,E01030287,2,2,0,0,Dry,Single carriageway,None,30,18:54:00,Urban,Fine no high winds,No,16 - 20,6,Urban area,1,125,None,None,Other/Not known (2005-10),Mid Junction - on roundabout or on main road,,,Petrol,Male,None,No tow/articulation,Did not leave carriageway,0,Going ahead other,2,Motorcycle 125cc and under,No,Front,2019
200901RY10076,Unclassified,0,Unclassified,0,Serious,None,17-09-2020,Sunday,1,Give way or uncontrolled,Private drive or entrance,26.76486592,Daylight,547650,179940,94.20153079,E01000466,1,2,0,0,Dry,Single carriageway,None,30,13:50:00,Urban,Fine no high winds,No,16 - 20,6,Urban area,2,1970,None,None,Other/Not known (2005-10),Mid Junction - on roundabout or on main road,,156 VELOCE JTS,Petrol,Male,None,No tow/articulation,Did not leave carriageway,0,Going ahead other,2,Car,No,Offside,2019
20093102B1406,Unclassified,0,Unclassified,0,Serious,None,14-09-2019,Monday,1,Give way or uncontrolled,T or staggered junction,26.73726326,Daylight,463240,365830,94.20969479,E01028322,2,2,0,0,Dry,Single carriageway,None,30,19:40:00,Rural,Fine no high winds,No,16 - 20,6,Small town,6,1390,None,None,Other/Not known (2005-10),Approaching junction or waiting/parked at junction approach,,MEGANE DYNAMIQUE 16V,Petrol,Male,None,No tow/articulation,Nearside,0,Going ahead right-hand bend,2,Car,No,Front,2019
200943S069089,Unclassified,1145,NA,0,Serious,None,29-12-2019,Thursday,1,Data missing or out of range,Not at junction or within 20 metres,25.77066756,Daylight,485080,241760,87.46592375,E01016762,1,2,0,0,Dry,Single carriageway,None,30,12:50:00,Urban,Fine no high winds,No,16 - 20,6,Urban area,6,49,None,None,Other/Not known (2005-10),Not at or within 20 metres of junction,,SR 50 DI TEC,Petrol,Male,None,No tow/articulation,Did not leave carriageway,0,Going ahead other,1,Motorcycle 50cc and under,No,Offside,2019
200914C096509,B,6066,Unclassified,0,Serious,None,09-04-2021,Thursday,1,Give way or uncontrolled,T or staggered junction,22.07260675,Daylight,442530,389790,82.18447005,E01007706,1,2,0,0,Dry,Single carriageway,None,30,16:20:00,Urban,Fine no high winds,No,16 - 20,6,Urban area,5,2402,None,None,Journey as part of work,Entering main road,,,Heavy oil,Male,None,Single trailer,Did not leave carriageway,0,Moving off,1,Van / Goods 3.5 tonnes mgw or under,No,Offside,2019
200920L071401,B,4102,Unclassified,0,Serious,None,05-04-2021,Friday,1,Give way or uncontrolled,T or staggered junction,15.27513526,Daylight,420110,280710,74.13507436,E01010108,1,2,0,0,Dry,Single carriageway,None,30,08:00:00,Rural,Fine no high winds,No,16 - 20,6,Small town,9,487,None,None,Journey as part of work,Mid Junction - on roundabout or on main road,,GS500K2,Petrol,Male,None,No tow/articulation,Did not leave carriageway,0,Going ahead other,2,Motorcycle over 125cc and up to 500cc,No,Front,2019
200905FF31524,Unclassified,0,NA,0,Serious,None,21-12-2020,Friday,1,Data missing or out of range,Not at junction or within 20 metres,23.08323458,Daylight,344930,383600,72.6453537,E01006754,1,3,0,0,Dry,Single carriageway,None,30,13:40:00,Urban,Fine no high winds,No,16 - 20,6,Urban area,1,124,Parked vehicle,None,Other/Not known (2005-10),Not at or within 20 metres of junction,,ZIP 125,Petrol,Male,None,No tow/articulation,Did not leave carriageway,0,Going ahead other,2,Motorcycle over 125cc and up to 500cc,No,Front,2019
2009400C02828,Unclassified,0,Unclassified,0,Serious,None,29-11-2020,Monday,1,Give way or uncontrolled,Private drive or entrance,23.0038322,Daylight,508620,224370,72.56580361,E01015694,1,2,0,0,Dry,Single carriageway,None,30,08:55:00,Urban,Fine no high winds,No,16 - 20,6,Urban area,5,50,None,None,Pupil riding to/from school,Mid Junction - on roundabout or on main road,,,Petrol,Male,None,No tow/articulation,Did not leave carriageway,0,Going ahead other,2,Motorcycle 50cc and under,No,Front,2019
200932C176809,Unclassified,0,NA,0,Serious,None,15-04-2019,Thursday,1,Data missing or out of range,Not at junction or within 20 metres,28.46506156,Daylight,532280,344030,77.08908899,E01026006,1,3,0,0,Dry,Single carriageway,None,30,20:24:00,Urban,Fine no high winds,No,16 - 20,6,Urban area,4,49,None,None,Other/Not known (2005-10),Not at or within 20 metres of junction,,NRG,Petrol,Male,None,No tow/articulation,Did not leave carriageway,9,Parked,1,Motorcycle 50cc and under,No,Did not impact,2019
200930D000429,C,352,NA,0,Serious,None,30-08-2019,Sunday,1,Data missing or out of range,Not at junction or within 20 metres,28.42205605,Daylight,438590,325300,77.07631349,E01019854,1,1,0,0,Dry,Single carriageway,None,30,20:32:00,Rural,Fine no high winds,No,16 - 20,6,Urban area,10,1988,None,None,Other/Not known (2005-10),Not at or within 20 metres of junction,,FOCUS RS,Petrol,Male,None,No tow/articulation,Did not leave carriageway,0,Going ahead other,1,Car,No,Offside,2019
200937L017332,C,970,Unclassified,9999,Serious,None,12-11-2019,Thursday,1,Give way or uncontrolled,Roundabout,28.43661504,Daylight,653530,293100,77.01675693,E01030264,1,2,0,0,Dry,Roundabout,None,30,16:28:00,Urban,Fine no high winds,No,16 - 20,6,Rural,6,49,None,None,Commuting to/from work,Leaving roundabout,,SZX50X-1,Petrol,Male,None,No tow/articulation,Did not leave carriageway,0,Going ahead other,1,Motorcycle 50cc and under,No,Front,2019
200943S061039,Unclassified,1938,NA,0,Serious,None,18-03-2020,Friday,1,Data missing or out of range,Not at junction or within 20 metres,12.9802523,Daylight,487540,243470,77.60624489,E01016791,1,1,0,0,Dry,Single carriageway,None,30,17:00:00,Urban,Fine no high winds,No,16 - 20,6,Small town,9,1796,None,None,Commuting to/from work,Not at or within 20 metres of junction,,ASTRA 16V BERTONE,Petrol,Male,None,No tow/articulation,Did not leave carriageway,0,Going ahead other,1,Car,No,Front,2019
2010400C00601,Unclassified,0,Unclassified,0,Serious,None,10-11-2020,Thursday,1,Give way or uncontrolled,T or staggered junction,13.00367437,Daylight,508430,224280,77.64341158,E01015745,1,1,0,8,Dry,Single carriageway,None,30,15:21:00,Urban,Fine no high winds,No,16 - 20,6,Urban area,6,1229,None,None,Other/Not known (2005-10),Approaching junction or waiting/parked at junction approach,,CORSA DESIGN TWINPORT,Petrol,Male,None,No tow/articulation,Did not leave carriageway,0,Going ahead other,1,Car,No,Nearside,2020
201043P034100,Unclassified,245,Unclassified,0,Serious,None,25-03-2020,Monday,1,Give way or uncontrolled,More than 4 arms (not roundabout),8.880094445,Daylight,475920,182360,76.61457278,E01028650,2,3,0,0,Wet or damp,Single carriageway,None,30,08:45:00,Urban,Fine no high winds,No,16 - 20,6,Small town,9,49,None,None,Pupil riding to/from school,Mid Junction - on roundabout or on main road,,,Petrol,Male,None,No tow/articulation,Did not leave carriageway,0,Turning right,2,Motorcycle 50cc and under,No,Nearside,2020
200911SB22329,Unclassified,0,Unclassified,0,Serious,None,26-08-2021,Tuesday,1,Give way or uncontrolled,T or staggered junction,8.888536603,Daylight,416040,536260,76.61554791,E01020876,1,1,0,0,Dry,Single carriageway,None,30,15:48:00,Rural,Fine no high winds,No,16 - 20,6,Small town,3,100,None,None,Journey as part of work,Approaching junction or waiting/parked at junction approach,,SPEEDFIGHT 100,Petrol,Male,Skidded,No tow/articulation,Nearside,0,Going ahead other,1,Motorcycle 125cc and under,No,Did not impact,2020
201043N113060,Unclassified,3150,Unclassified,3150,Serious,None,13-07-2019,Wednesday,1,Give way or uncontrolled,Private drive or entrance,22.71807545,Daylight,486420,194090,75.81931216,E01017858,1,2,0,0,Dry,Single carriageway,None,30,16:05:00,Urban,Fine no high winds,No,16 - 20,6,Small town,8,1229,None,None,Commuting to/from work,Approaching junction or waiting/parked at junction approach,,CORSA SXI TWINPORT,Petrol,Male,None,No tow/articulation,Did not leave carriageway,0,Waiting to turn right,2,Car,No,Back,2020
200930B000026,Unclassified,0,Unclassified,0,Serious,None,10-02-2019,Saturday,1,Give way or uncontrolled,T or staggered junction,22.76400757,Daylight,401810,393940,75.90126735,E01019756,1,1,0,0,Wet or damp,Single carriageway,None,30,13:30:00,Rural,Fine no high winds,No,16 - 20,6,Data missing or out of range,NA,998,None,Lamp post,Other/Not known (2005-10),Mid Junction - on roundabout or on main road,,MICRA TEMPEST,Petrol,Male,None,No tow/articulation,Offside,0,Going ahead left-hand bend,1,Car,No,Offside,2020
200904EA09065,Unclassified,0,Unclassified,0,Serious,None,11-09-2019,Wednesday,1,Give way or uncontrolled,Crossroads,26.45471311,Daylight,369640,429670,74.64307162,E01012607,1,2,0,0,Dry,Single carriageway,None,30,12:50:00,Urban,Fine no high winds,No,16 - 20,6,Urban area,4,49,None,None,Other/Not known (2005-10),Entering main road,,NRG,Petrol,Male,Skidded,No tow/articulation,Did not leave carriageway,0,Going ahead other,1,Motorcycle 50cc and under,No,Offside,2020
20094100B0314,Unclassified,408,NA,0,Serious,None,13-03-2021,Tuesday,1,Not at junction or within 20 metres,Not at junction or within 20 metres,26.46150191,Daylight,523480,214940,74.59001569,E01023962,2,1,0,0,Dry,Single carriageway,None,30,12:39:00,Urban,Fine no high winds,No,16 - 20,6,Urban area,9,899,None,None,Other/Not known (2005-10),Not at or within 20 metres of junction,,TORNADO 900,Petrol,Male,None,No tow/articulation,Did not leave carriageway,0,Going ahead left-hand bend,1,Motorcycle 50cc and under,No,Nearside,2020
200904EA09225,B,6447,NA,0,Serious,None,16-08-2021,Wednesday,1,Data missing or out of range,Not at junction or within 20 metres,26.4412508,Daylight,367760,426580,80.2915199,E01012595,1,2,0,0,Dry,Single carriageway,None,30,19:30:00,Urban,Fine no high winds,No,16 - 20,6,Urban area,2,49,None,None,Other/Not known (2005-10),Not at or within 20 metres of junction,,NRG,Petrol,Male,None,No tow/articulation,Did not leave carriageway,0,Slowing or stopping,2,Motorcycle 50cc and under,No,Offside,2020