Accident_Index,1st_Road_Class,1st_Road_Number,2nd_Road_Class,2nd_Road_Number,Accident_Severity,Carriageway_Hazards,Date,Day_of_Week,Did_Police_Officer_Attend_Scene_of_Accident,Junction_Control,Junction_Detail,Latitude,Light_Conditions,Location_Easting_OSGR,Location_Northing_OSGR,Longitude,LSOA_of_Accident_Location,Number_of_Casualties,Number_of_Vehicles,Pedestrian_Crossing-Human_Control,Pedestrian_Crossing-Physical_Facilities,Road_Surface_Conditions,Road_Type,Special_Conditions_at_Site,Speed_limit,Time,Urban_or_Rural_Area,Weather_Conditions,InScotland,Age_Band_of_Driver,Age_of_Vehicle,Driver_Home_Area_Type,Driver_IMD_Decile,Engine_Capacity_.CC.,Hit_Object_in_Carriageway,Hit_Object_off_Carriageway,Journey_Purpose_of_Driver,Junction_Location,make,model,Propulsion_Code,Sex_of_Driver,Skidding_and_Overturning,Towing_and_Articulation,Vehicle_Leaving_Carriageway,Vehicle_Location.Restricted_Lane,Vehicle_Manoeuvre,Vehicle_Reference,Vehicle_Type,Was_Vehicle_Left_Hand_Drive,X1st_Point_of_Impact,Year
200914A222309,Unclassified,0,Unclassified,0,Serious,None,29-01-2020,Saturday,1,Give way or uncontrolled,T or staggered junction,26.44851367,Daylight,450570,398810,80.31556223,E01007539,1,2,0,0,Dry,Single carriageway,None,30,13:05:00,Urban,Fine no high winds,No,16 - 20,6,Urban area,6,124,None,None,Other/Not known (2005-10),Approaching junction or waiting/parked at junction approach,,DNA 125,Petrol,Male,None,No tow/articulation,Did not leave carriageway,0,Going ahead other,2,Motorcycle 125cc and under,No,Front,2020
200834TW40268,A,6,Unclassified,6768,Serious,None,26-06-2019,Friday,1,Give way or uncontrolled,T or staggered junction,28.63521215,Daylight,492100,272210,77.33896565,E01027327,1,2,0,0,Dry,Single carriageway,None,30,13:15:00,Rural,Fine no high winds,No,16 - 20,6,Small town,3,125,None,None,Other/Not known (2005-10),Mid Junction - on roundabout or on main road,,,Petrol,Male,None,No tow/articulation,Did not leave carriageway,0,Overtaking moving vehicle - offside,1,Motorcycle 125cc and under,No,Front,2020
200911ND14339,Unclassified,0,Unclassified,0,Serious,None,18-03-2020,Wednesday,1,Give way or uncontrolled,T or staggered junction,28.54376071,Daylight,424260,540120,77.15201198,E01020689,1,3,0,0,Dry,Single carriageway,None,30,19:12:00,Rural,Fine no high winds,No,16 - 20,6,Small town,2,124,None,None,Other/Not known (2005-10),Mid Junction - on roundabout or on main road,,DNA 125,Petrol,Male,Overturned,No tow/articulation,Nearside,0,Going ahead other,2,Motorcycle 125cc and under,No,Front,2020
200806P088904,B,6452,Unclassified,0,Serious,None,21-11-2020,Monday,1,Give way or uncontrolled,Private drive or entrance,28.64385169,Daylight,388180,413620,77.07246366,E01005590,2,2,0,0,Dry,Single carriageway,None,30,16:45:00,Urban,Fine no high winds,No,16 - 20,6,Urban area,3,600,None,None,Other/Not known (2005-10),Approaching junction or waiting/parked at junction approach,,GSF 600 Y,Petrol,Male,None,No tow/articulation,Did not leave carriageway,0,Going ahead left-hand bend,2,Motorcycle over 500cc,No,Front,2020
200942I400612,Unclassified,0,Unclassified,0,Serious,None,28-04-2020,Tuesday,1,Give way or uncontrolled,Other junction,28.5350635,Daylight,598950,222510,77.21264497,E01021639,1,2,0,0,Wet or damp,Single carriageway,None,30,15:19:00,Rural,Fine no high winds,No,16 - 20,6,Urban area,9,124,None,None,Other/Not known (2005-10),Cleared junction or waiting/parked at junction exit,,,Petrol,Male,None,No tow/articulation,Did not leave carriageway,0,Going ahead other,1,Motorcycle 125cc and under,No,Front,2021
200932C180109,Unclassified,0,Unclassified,0,Serious,None,20-10-2021,Monday,1,Give way or uncontrolled,Other junction,18.60976884,Daylight,556090,371530,73.92707831,E01026048,1,2,0,0,Dry,Single carriageway,None,30,08:55:00,Rural,Fine no high winds,No,16 - 20,6,Data missing or out of range,NA,125,None,None,Commuting to/from work,Approaching junction or waiting/parked at junction approach,,XL 125 V-3,Petrol,Male,None,No tow/articulation,Did not leave carriageway,0,Going ahead left-hand bend,2,Motorcycle over 125cc and up to 500cc,No,Front,2021
200806X006285,A(M),627,NA,0,Serious,None,15-11-2021,Friday,1,Not at junction or within 20 metres,Not at junction or within 20 metres,18.6015019,Daylight,389180,410820,73.96248428,E01005478,1,2,0,0,Dry,Dual carriageway,None,30,10:07:00,Rural,Fine no high winds,No,16 - 20,6,Urban area,3,1998,None,None,Journey as part of work,Not at or within 20 metres of junction,,TRANSIT 260 SWB TD,Heavy oil,Male,Skidded,No tow/articulation,Nearside,6,Parked,2,Van / Goods 3.5 tonnes mgw or under,No,Back,2021
200791NK04491,A,965,Unclassified,0,Serious,None,09-07-2021,Saturday,1,Give way or uncontrolled,Roundabout,18.61955547,Daylight,325700,1009700,73.89869167,,1,2,0,0,Dry,Roundabout,None,30,17:15:00,Rural,Fine no high winds,Yes,16 - 20,6,Data missing or out of range,NA,1896,None,None,Other/Not known (2005-10),Entering roundabout,,BORA TDI SPORT,Heavy oil,Male,None,No tow/articulation,Did not leave carriageway,0,Going ahead other,1,Car,No,Front,2021
200937G028049,B,1067,Unclassified,0,Serious,None,15-01-2020,Sunday,1,Give way or uncontrolled,Private drive or entrance,18.62693361,Daylight,615230,245140,73.95612517,E01030023,1,2,0,0,Dry,Single carriageway,None,30,11:35:00,Urban,Fine no high winds,No,16 - 20,6,Urban area,6,49,None,None,Commuting to/from work,Mid Junction - on roundabout or on main road,,STALKER,Petrol,Male,Skidded,No tow/articulation,Did not leave carriageway,0,Overtaking moving vehicle - offside,1,Motorcycle 50cc and under,No,Front,2021
200904BB09147,A,6,NA,0,Serious,None,18-04-2020,Sunday,1,Data missing or out of range,Not at junction or within 20 metres,18.62284789,Daylight,349570,470080,73.76933075,E01025096,1,4,0,0,Dry,Single carriageway,None,30,17:35:00,Rural,Fine no high winds,No,16 - 20,6,Data missing or out of range,NA,2664,None,None,Other/Not known (2005-10),Not at or within 20 metres of junction,,TERRANO SE TD,Heavy oil,Male,None,No tow/articulation,Did not leave carriageway,0,Waiting to turn right,2,Car,No,Front,2021
201042I313409,Unclassified,0,Unclassified,0,Serious,None,18-01-2019,Thursday,1,Give way or uncontrolled,Other junction,18.50240822,Daylight,581870,213210,73.84239444,E01021424,3,3,0,0,Dry,Single carriageway,None,30,11:35:00,Rural,Fine no high winds,No,16 - 20,6,Small town,8,1299,None,None,Other/Not known (2005-10),Mid Junction - on roundabout or on main road,,KA,Petrol,Male,None,No tow/articulation,Did not leave carriageway,0,Overtaking static vehicle - offside,1,Car,No,Front,2021
200745MO00720,Unclassified,2507,Unclassified,2649,Serious,None,24-07-2020,Tuesday,1,Give way or uncontrolled,T or staggered junction,18.50654083,Daylight,517340,158150,73.93945799,E01030511,1,2,0,0,Dry,Single carriageway,None,30,16:58:00,Urban,Fine no high winds,No,16 - 20,6,Urban area,9,124,None,None,Other/Not known (2005-10),Approaching junction or waiting/parked at junction approach,,CITY FLY CLR 125,Petrol,Male,None,No tow/articulation,Did not leave carriageway,0,Going ahead other,1,Motorcycle 125cc and under,No,Front,2021
200754ED06807,A,3102,Unclassified,0,Serious,None,26-07-2021,Sunday,1,Give way or uncontrolled,Private drive or entrance,18.5433229,Daylight,391400,164210,73.75498253,E01032065,1,3,0,0,Dry,Single carriageway,None,30,13:00:00,Urban,Fine no high winds,No,16 - 20,6,Urban area,2,125,None,None,Other/Not known (2005-10),Approaching junction or waiting/parked at junction approach,,,Petrol,Male,Skidded,No tow/articulation,Did not leave carriageway,0,Overtaking static vehicle - offside,1,Motorcycle 125cc and under,No,Nearside,2021
20093102C0102,A,6008,Unclassified,0,Serious,None,24-07-2020,Thursday,1,Auto traffic signal,Crossroads,14.66909319,Daylight,457340,339380,78.52080159,E01013869,1,2,0,5,Dry,One way street,None,30,15:37:00,Urban,Fine no high winds,No,16 - 20,6,Urban area,10,998,None,None,Other/Not known (2005-10),Mid Junction - on roundabout or on main road,,CORSA ACTIVE TWINPORT,Petrol,Male,None,No tow/articulation,Did not leave carriageway,0,Going ahead other,2,Car,No,Front,2019
200942I090403,Unclassified,0,NA,0,Serious,None,13-03-2019,Monday,1,Not at junction or within 20 metres,Not at junction or within 20 metres,14.67530971,Daylight,577020,187660,78.52117893,E01021477,2,1,0,0,Dry,Single carriageway,None,30,15:20:00,Urban,Fine no high winds,No,16 - 20,6,Urban area,8,49,None,None,Other/Not known (2005-10),Not at or within 20 metres of junction,,SR 50,Petrol,Male,None,No tow/articulation,Did not leave carriageway,0,Going ahead other,1,Motorcycle 50cc and under,No,Front,2019
200901KF60118,A,112,Unclassified,0,Serious,None,25-11-2019,Wednesday,1,Auto traffic signal,T or staggered junction,27.10631719,Daylight,539120,184110,93.61622655,E01003619,1,1,0,5,Dry,Single carriageway,None,30,08:44:00,Urban,Fine no high winds,No,16 - 20,6,Urban area,2,636,None,None,Other/Not known (2005-10),Mid Junction - on roundabout or on main road,,ZX636 B1H,Petrol,Male,None,No tow/articulation,Did not leave carriageway,0,Going ahead other,1,Motorcycle over 500cc,No,Front,2019
200997ND00405,A,775,Unclassified,0,Serious,None,10-12-2019,Friday,2,Give way or uncontrolled,Other junction,26.73965085,Daylight,276600,660560,94.21162175,,1,2,0,0,Dry,Single carriageway,None,30,21:00:00,Urban,Fine no high winds,Yes,16 - 20,6,Urban area,NA,1343,None,None,Other/Not known (2005-10),Cleared junction or waiting/parked at junction exit,,RIO LX,Petrol,Male,None,No tow/articulation,Did not leave carriageway,0,Turning left,1,Car,No,Front,2019
201001VK30025,A,243,Unclassified,0,Serious,None,04-01-2010,Monday,1,Give way or uncontrolled,T or staggered junction,51.378979,Daylight,518250,165810,-0.302283,E01002994,1,2,0,0,Dry,Single carriageway,None,30,10:56:00,Urban,Fine no high winds,No,16 - 20,6,Urban area,6,49,None,None,Other/Not known (2005-10),Mid Junction - on roundabout or on main road,PIAGGIO,TYPHOON 50,Petrol,Male,None,No tow/articulation,Did not leave carriageway,0,Going ahead other,2,Motorcycle 50cc and under,No,Front,2010
201001WW50147,A,24,NA,0,Serious,None,27-02-2010,Saturday,2,Data missing or out of range,Not at junction or within 20 metres,51.4283,Daylight,527480,171520,-0.167678,E01004525,1,1,0,5,Dry,Single carriageway,None,30,17:10:00,Urban,Fine no high winds,No,16 - 20,6,Data missing or out of range,NA,124,None,None,Other/Not known (2005-10),Not at or within 20 metres of junction,YAMAHA,NXC 125 CYGNUS,Petrol,Male,None,No tow/articulation,Did not leave carriageway,0,Going ahead other,1,Motorcycle 125cc and under,No,Front,2010
201005DD04175,A,572,Unclassified,0,Serious,None,10-07-2010,Saturday,1,Give way or uncontrolled,Other junction,53.454675,Daylight,359430,395500,-2.612435,E01006859,2,1,0,0,Wet or damp,Single carriageway,None,30,21:30:00,Rural,Fine no high winds,No,16 - 20,6,Urban area,7,1587,None,None,Other/Not known (2005-10),Approaching junction or waiting/parked at junction approach,CITROEN,C2 GT,Petrol,Male,Skidded,No tow/articulation,Offside,0,Turning right,1,Car,No,Nearside,2010
201006A034725,A,56,A,6,Serious,None,05-08-2010,Thursday,1,Auto traffic signal,Crossroads,53.483406,Daylight,383760,398550,-2.246203,E01005131,3,2,0,5,Dry,Single carriageway,None,30,20:05:00,Urban,Fine no high winds,No,16 - 20,6,Urban area,1,1896,None,None,Other/Not known (2005-10),Mid Junction - on roundabout or on main road,VOLKSWAGEN,PASSAT HIGHLINE TDI 100,Heavy oil,Male,None,No tow/articulation,Did not leave carriageway,0,Turning right,1,Car,No,Nearside,2010
201006C030007,A,560,B,5167,Serious,None,07-04-2010,Wednesday,1,Auto traffic signal,Crossroads,53.40085,Daylight,379970,389380,-2.302729,E01005113,2,1,0,8,Dry,Dual carriageway,None,30,12:20:00,Urban,Fine no high winds,No,16 - 20,6,Urban area,9,1587,None,None,Other/Not known (2005-10),Mid Junction - on roundabout or on main road,PEUGEOT,307 S,Petrol,Male,None,No tow/articulation,Did not leave carriageway,0,Going ahead other,1,Car,No,Front,2010
201006K028064,B,6226,NA,0,Serious,None,22-02-2010,Monday,1,Data missing or out of range,Not at junction or within 20 metres,53.590222,Daylight,368700,410510,-2.474344,E01004920,3,4,0,0,Dry,Single carriageway,None,30,16:20:00,Urban,Fine no high winds,No,16 - 20,6,Urban area,1,1360,None,None,Other/Not known (2005-10),Not at or within 20 metres of junction,PEUGEOT,307 ZEST,Petrol,Male,None,No tow/articulation,Did not leave carriageway,0,Going ahead other,2,Car,No,Back,2010
2010160C05241,B,1238,B,1239,Serious,None,31-08-2010,Tuesday,1,Give way or uncontrolled,T or staggered junction,53.78008,Daylight,516660,432980,-0.23101,E01013031,1,1,0,0,Dry,Single carriageway,None,30,13:30:00,Urban,Fine no high winds,No,16 - 20,6,Urban area,4,1753,None,None,Other/Not known (2005-10),Mid Junction - on roundabout or on main road,FORD,FOCUS ZETEC TDCI,Heavy oil,Male,None,No tow/articulation,Did not leave carriageway,0,Going ahead right-hand bend,1,Car,No,Nearside,2010
200906L017358,A,572,Unclassified,0,Serious,None,16-07-2020,Thursday,1,Give way or uncontrolled,Private drive or entrance,14.72644924,Daylight,370290,400700,78.54211103,E01006250,1,3,0,0,Dry,Single carriageway,None,30,12:03:00,Urban,Fine no high winds,No,16 - 20,6,Urban area,9,1124,None,None,Commuting to/from work,Leaving main road,,206 LX,Petrol,Female,None,No tow/articulation,Did not leave carriageway,0,Turning right,1,Car,No,Offside,2019
200945SU44943,Unclassified,3516,Unclassified,3516,Serious,None,07-05-2021,Thursday,1,Give way or uncontrolled,T or staggered junction,14.77992993,Daylight,487250,160400,78.46769508,E01030795,2,2,0,8,Dry,Single carriageway,None,30,08:35:00,Urban,Fine no high winds,No,16 - 20,6,Urban area,9,1199,None,None,Journey as part of work,Cleared junction or waiting/parked at junction exit,,CORSA DESIGN 16V,Petrol,Female,None,No tow/articulation,Did not leave carriageway,0,Turning right,2,Car,No,Nearside,2019
200920J057601,B,4177,Unclassified,0,Serious,None,20-03-2021,Thursday,1,Give way or uncontrolled,T or staggered junction,26.76717394,Daylight,393620,290060,94.2213275,E01009885,1,1,0,1,Dry,Single carriageway,None,30,09:05:00,Urban,Fine no high winds,No,16 - 20,6,Urban area,10,1149,None,None,Commuting to/from work,Entering main road,,CLIO AUTHENTIQUE,Petrol,Female,None,No tow/articulation,Did not leave carriageway,0,Turning right,1,Car,No,Front,2019
200897BA01512,A,89,B,763,Serious,None,17-02-2019,Friday,1,Auto traffic signal,Other junction,25.76534185,Daylight,261450,664580,87.45402838,,1,1,0,4,Dry,Dual carriageway,None,30,11:50:00,Urban,Fine no high winds,Yes,16 - 20,6,Data missing or out of range,NA,1998,None,None,Commuting to/from work,Approaching junction or waiting/parked at junction approach,,MONDEO ZETEC TDCI,Heavy oil,Female,None,No tow/articulation,Did not leave carriageway,0,Going ahead other,1,Car,No,Front,2019
200920E141402,A,4040,NA,0,Serious,None,13-10-2021,Wednesday,2,Data missing or out of range,Not at junction or within 20 metres,23.08062826,Daylight,405570,280550,72.55433497,E01008953,1,1,0,0,Dry,Single carriageway,None,30,09:30:00,Urban,Fine no high winds,No,16 - 20,6,Urban area,3,1124,None,None,Other/Not known (2005-10),Not at or within 20 metres of junction,,206 LOOK,Petrol,Female,None,No tow/articulation,Did not leave carriageway,0,Going ahead other,1,Car,No,Front,2019
20093102D0417,B,686,Unclassified,0,Serious,Pedestrian in carriageway - not injured,27-06-2020,Friday,1,Give way or uncontrolled,T or staggered junction,28.45255918,Daylight,461590,341550,76.98130095,E01028210,1,3,0,0,Dry,Single carriageway,None,30,09:05:00,Urban,Fine no high winds,No,16 - 20,6,Urban area,7,973,None,None,Other/Not known (2005-10),Approaching junction or waiting/parked at junction approach,,CORSA ACTIVE 12V,Petrol,Female,None,No tow/articulation,Did not leave carriageway,0,Going ahead other,2,Car,No,Back,2019
200906K012219,A,6053,Unclassified,0,Serious,None,18-03-2021,Thursday,1,Give way or uncontrolled,T or staggered junction,12.98442316,Daylight,375540,407320,77.54248532,E01004911,1,1,0,0,Dry,Single carriageway,None,30,14:16:00,Urban,Fine no high winds,No,16 - 20,6,Urban area,7,998,None,Tree,Other/Not known (2005-10),Approaching junction or waiting/parked at junction approach,,YARIS T2,Petrol,Female,None,No tow/articulation,Did not leave carriageway,0,Going ahead other,1,Car,No,Did not impact,2019
200854EG19408,C,390,Unclassified,0,Serious,None,15-06-2021,Tuesday,1,Give way or uncontrolled,T or staggered junction,28.63405279,Daylight,387930,151810,77.3631557,E01032121,1,2,0,0,Dry,Single carriageway,None,30,19:45:00,Urban,Fine no high winds,No,16 - 20,6,Urban area,8,1390,None,None,Other/Not known (2005-10),Leaving main road,,MEGANE SCENIC EXPRESSION,Petrol,Female,None,No tow/articulation,Did not leave carriageway,0,Turning right,2,Car,No,Offside,2020
200897AD00804,Unclassified,0,NA,0,Serious,None,03-03-2020,Saturday,1,Data missing or out of range,Not at junction or within 20 metres,18.56242546,Daylight,258020,667030,73.91633547,,1,1,0,0,Dry,Single carriageway,None,30,17:20:00,Urban,Fine no high winds,Yes,16 - 20,6,Small town,NA,1299,None,None,Other/Not known (2005-10),Not at or within 20 metres of junction,,KA STYLE,Petrol,Female,None,No tow/articulation,Nearside,0,Going ahead other,1,Car,No,Front,2021
200901VK30284,A,243,Unclassified,0,Serious,None,11-09-2020,Friday,1,Auto traffic signal,T or staggered junction,18.63790471,Daylight,517970,164540,73.7528999,E01002941,4,3,0,5,Dry,Dual carriageway,None,30,10:07:00,Urban,Fine no high winds,No,16 - 20,6,Urban area,4,1598,None,None,Other/Not known (2005-10),Approaching junction or waiting/parked at junction approach,,MINI COOPER S,Petrol,Female,None,No tow/articulation,Did not leave carriageway,0,Going ahead other,1,Car,No,Front,2021
200901TB00090,A,400,NA,0,Serious,None,27-02-2020,Monday,1,Data missing or out of range,Not at junction or within 20 metres,14.7718641,Daylight,529400,183500,78.63269453,E01000959,1,1,0,5,Dry,Single carriageway,None,30,15:37:00,Urban,Fine no high winds,No,16 - 20,6,Urban area,2,1149,None,None,Journey as part of work,Not at or within 20 metres of junction,,CLIO AUTHENTIQUE,Petrol,Female,None,No tow/articulation,Did not leave carriageway,0,Slowing or stopping,1,Car,No,Offside,2019
200950DE2J014,Unclassified,0,Unclassified,0,Serious,None,16-01-2019,Friday,2,Give way or uncontrolled,T or staggered junction,27.09361311,Daylight,293000,92670,93.61882531,E01019995,1,2,0,0,Dry,Single carriageway,None,30,10:45:00,Urban,Fine no high winds,No,16 - 20,6,Urban area,6,1149,None,None,Other/Not known (2005-10),Mid Junction - on roundabout or on main road,,CLIO DYNAM BILLABONG 16V,Petrol,Female,None,No tow/articulation,Did not leave carriageway,0,Slowing or stopping,2,Car,No,Front,2019
201001RY10127,Unclassified,0,NA,0,Serious,None,28-03-2010,Sunday,1,Data missing or out of range,Not at junction or within 20 metres,51.422786,Daylight,546930,171430,0.11187,E01000384,1,2,0,0,Dry,Single carriageway,None,30,11:17:00,Urban,Fine no high winds,No,16 - 20,6,Urban area,10,1242,None,None,Other/Not known (2005-10),Not at or within 20 metres of junction,FIAT,PUNTO ACTIVE 8V,Petrol,Female,None,No tow/articulation,Did not leave carriageway,0,Parked,1,Car,No,Back,2010
201001SX21117,A,1000,A,1081,Serious,None,23-10-2010,Saturday,1,Give way or uncontrolled,T or staggered junction,51.655982,Daylight,524480,196780,-0.201881,E01000248,2,3,0,5,Dry,Single carriageway,None,30,11:59:00,Urban,Fine no high winds,No,16 - 20,6,Urban area,5,1149,None,None,Other/Not known (2005-10),Cleared junction or waiting/parked at junction exit,RENAULT,CLIO AUTHENTIQUE,Petrol,Female,None,No tow/articulation,Did not leave carriageway,0,Slowing or stopping,2,Car,No,Back,2010
201001TW60202,A,308,B,375,Serious,None,03-07-2010,Saturday,1,Auto traffic signal,T or staggered junction,51.412922,Daylight,513560,169480,-0.36847,E01003827,1,2,0,5,Dry,Single carriageway,None,30,07:10:00,Urban,Fine no high winds,No,16 - 20,6,Data missing or out of range,NA,1364,None,None,Other/Not known (2005-10),Mid Junction - on roundabout or on main road,VAUXHALL,ASTRA CLUB TWINPORT,Petrol,Female,None,No tow/articulation,Did not leave carriageway,0,Turning left,2,Car,No,Offside,2010
201004BB10170,B,5273,Unclassified,0,Serious,None,02-10-2010,Saturday,1,Give way or uncontrolled,T or staggered junction,54.054178,Daylight,341880,462390,-2.889307,E01025114,1,2,0,0,Dry,Single carriageway,None,30,20:25:00,Urban,Fine no high winds,No,16 - 20,6,Urban area,10,1199,None,None,Other/Not known (2005-10),Mid Junction - on roundabout or on main road,VAUXHALL,CORSA DESIGN 16V,Petrol,Female,None,No tow/articulation,Did not leave carriageway,0,Moving off,1,Car,No,Offside,2010
201005FF06032,Unclassified,0,Unclassified,0,Serious,None,20-10-2010,Wednesday,1,Give way or uncontrolled,Other junction,53.390648,Daylight,340220,388580,-2.900379,E01006592,1,1,0,1,Dry,Single carriageway,None,30,08:45:00,Urban,Fine no high winds,No,16 - 20,6,Rural,7,1299,None,None,Other/Not known (2005-10),Cleared junction or waiting/parked at junction exit,FORD,KA,Petrol,Female,None,No tow/articulation,Did not leave carriageway,0,Going ahead other,1,Car,No,Offside,2010
2009160A04060,B,1212,Unclassified,0,Serious,None,13-02-2021,Friday,2,Give way or uncontrolled,Crossroads,19.13161016,Daylight,526800,408480,72.90217575,E01013182,1,2,0,0,Dry,Single carriageway,None,30,20:50:00,Urban,Other,No,16 - 20,6,Urban area,1,125,None,None,Other/Not known (2005-10),Approaching junction or waiting/parked at junction approach,,LEONARDO,Petrol,Male,None,No tow/articulation,Did not leave carriageway,0,Overtaking moving vehicle - offside,1,Motorcycle 125cc and under,No,Front,2021
200820K075201,B,4200,Unclassified,0,Serious,None,10-05-2021,Tuesday,1,Give way or uncontrolled,T or staggered junction,23.08868683,Daylight,398520,295420,72.65758783,E01010089,1,1,0,0,Wet or damp,Single carriageway,None,30,18:40:00,Urban,Other,No,16 - 20,6,Urban area,6,1149,None,None,Other/Not known (2005-10),Approaching junction or waiting/parked at junction approach,,CLIO DYNAMIQUE 16V,Petrol,Female,None,No tow/articulation,Did not leave carriageway,0,Going ahead other,1,Car,No,Front,2019
200945GU41361,A,324,Unclassified,0,Serious,None,16-04-2020,Tuesday,1,Give way or uncontrolled,More than 4 arms (not roundabout),14.660034,Daylight,486650,148900,78.56006015,E01030903,1,2,0,0,Wet or damp,Single carriageway,None,30,16:45:00,Urban,Raining no high winds,No,16 - 20,6,Urban area,8,49,None,None,Other/Not known (2005-10),Approaching junction or waiting/parked at junction approach,,NRG,Petrol,Male,None,No tow/articulation,Did not leave carriageway,0,Going ahead left-hand bend,2,Motorcycle 50cc and under,No,Front,2019
200906F018936,C,0,Unclassified,0,Serious,None,18-06-2021,Tuesday,1,Give way or uncontrolled,T or staggered junction,26.72032613,Daylight,378960,402680,94.17586891,E01005679,2,3,0,0,Wet or damp,Single carriageway,None,30,18:50:00,Urban,Raining no high winds,No,16 - 20,6,Urban area,7,1242,None,None,Other/Not known (2005-10),Approaching junction or waiting/parked at junction approach,,PUNTO ACTIVE,Petrol,Male,None,No tow/articulation,Did not leave carriageway,0,Turning right,3,Car,No,Front,2019
200742I013001,Unclassified,0,Unclassified,0,Serious,None,15-10-2020,Wednesday,1,Give way or uncontrolled,T or staggered junction,18.50959769,Daylight,599340,225760,73.88567542,E01021650,1,2,0,1,Wet or damp,Single carriageway,None,30,08:30:00,Urban,Raining no high winds,No,16 - 20,6,Small town,5,125,None,None,Pupil riding to/from school,Approaching junction or waiting/parked at junction approach,,,Petrol,Male,None,No tow/articulation,Did not leave carriageway,0,Going ahead other,1,Motorcycle 125cc and under,No,Front,2021
201001ZT80047,Unclassified,0,NA,0,Serious,Other object on road,18-02-2010,Thursday,1,Data missing or out of range,Not at junction or within 20 metres,51.382745,Daylight,527030,166440,-0.175966,E01004125,1,3,0,0,Wet or damp,Single carriageway,Oil or diesel,30,10:52:00,Urban,Raining no high winds,No,16 - 20,6,Urban area,4,1461,Other object,Other permanent object,Journey as part of work,Not at or within 20 metres of junction,RENAULT,KANGOO SL17DCI 70,Heavy oil,Male,None,No tow/articulation,Offside,0,Going ahead other,1,Van / Goods 3.5 tonnes mgw or under,No,Front,2010
201014K134310,C,431,NA,0,Serious,None,16-05-2010,Sunday,1,Not at junction or within 20 metres,Not at junction or within 20 metres,53.39947,Daylight,433300,389300,-1.500641,E01008161,1,2,0,0,Wet or damp,Single carriageway,None,30,15:50:00,Urban,Raining no high winds,No,16 - 20,6,Urban area,5,124,None,None,Commuting to/from work,Not at or within 20 metres of junction,PIAGGIO,ZIP 125,Petrol,Male,None,No tow/articulation,Did not leave carriageway,0,Going ahead left-hand bend,1,Motorcycle 125cc and under,No,Front,2010
200901HT20629,B,127,Unclassified,0,Serious,None,11-01-2020,Monday,1,Give way or uncontrolled,T or staggered junction,27.10060275,Darkness - lights lit,535080,183350,93.6310179,E01004197,1,2,0,0,Wet or damp,Single carriageway,None,30,18:00:00,Urban,Fine no high winds,No,21 - 25,6,Urban area,4,1999,None,None,Other/Not known (2005-10),Mid Junction - on roundabout or on main road,,MONDEO GHIA X AUTO,Petrol,Male,None,No tow/articulation,Did not leave carriageway,0,Turning right,1,Car,No,Nearside,2019
200901TB00176,A,400,C,0,Serious,None,31-08-2020,Sunday,1,Auto traffic signal,T or staggered junction,27.10656934,Darkness - lights lit,528940,184690,93.61332578,E01000927,3,2,0,5,Wet or damp,Single carriageway,None,30,01:32:00,Urban,Fine no high winds,No,21 - 25,6,Urban area,4,1896,None,None,Other/Not known (2005-10),Mid Junction - on roundabout or on main road,,PASSAT SPORT TDI TIPTRONIC,Heavy oil,Male,None,No tow/articulation,Did not leave carriageway,0,Going ahead other,2,Car,No,Front,2019
200820D073502,A,5127,NA,0,Serious,None,08-12-2020,Friday,1,Data missing or out of range,Not at junction or within 20 metres,26.74120821,Darkness - lights lit,411920,295820,94.17960092,E01009449,1,1,0,4,Dry,Single carriageway,None,30,20:15:00,Urban,Fine no high winds,No,21 - 25,6,Urban area,8,1149,None,None,Other/Not known (2005-10),Not at or within 20 metres of junction,,CLIO DYNAMIQUE 16V,Petrol,Male,Skidded,No tow/articulation,Did not leave carriageway,0,Going ahead other,1,Car,No,Front,2019
200845WO33111,A,320,Unclassified,3693,Serious,None,25-06-2021,Monday,1,Give way or uncontrolled,T or staggered junction,27.10518682,Daylight,500110,157570,93.61640733,E01030992,5,3,0,8,Dry,Single carriageway,None,40,14:25:00,Urban,Fine no high winds,No,16 - 20,6,Urban area,9,1108,None,None,Other/Not known (2005-10),Cleared junction or waiting/parked at junction exit,,SEICENTO SX,Petrol,Male,None,No tow/articulation,Did not leave carriageway,0,Going ahead left-hand bend,1,Car,No,Front,2019
200942I132505,A,1306,NA,0,Serious,None,19-04-2021,Sunday,1,Not at junction or within 20 metres,Not at junction or within 20 metres,28.50634371,Daylight,558180,179270,77.04429803,E01016012,3,2,0,0,Dry,Single carriageway,None,40,17:45:00,Urban,Fine no high winds,No,16 - 20,6,Urban area,9,1124,None,None,Other/Not known (2005-10),Not at or within 20 metres of junction,,206 VERVE,Petrol,Male,Skidded,No tow/articulation,Did not leave carriageway,0,Going ahead other,1,Car,No,Front,2019
200942I308109,Unclassified,0,NA,0,Serious,None,16-02-2021,Wednesday,1,Not at junction or within 20 metres,Not at junction or within 20 metres,26.46074896,Daylight,545230,210560,74.5877706,E01021853,1,2,0,0,Dry,Single carriageway,None,40,22:20:00,Urban,Fine no high winds,No,16 - 20,6,Urban area,3,49,None,None,Other/Not known (2005-10),Not at or within 20 metres of junction,,NRG,Petrol,Male,None,No tow/articulation,Did not leave carriageway,0,Going ahead other,2,Motorcycle 50cc and under,No,Front,2020