Accident_Index,1st_Road_Class,1st_Road_Number,2nd_Road_Class,2nd_Road_Number,Accident_Severity,Carriageway_Hazards,Date,Day_of_Week,Did_Police_Officer_Attend_Scene_of_Accident,Junction_Control,Junction_Detail,Latitude,Light_Conditions,Location_Easting_OSGR,Location_Northing_OSGR,Longitude,LSOA_of_Accident_Location,Number_of_Casualties,Number_of_Vehicles,Pedestrian_Crossing-Human_Control,Pedestrian_Crossing-Physical_Facilities,Road_Surface_Conditions,Road_Type,Special_Conditions_at_Site,Speed_limit,Time,Urban_or_Rural_Area,Weather_Conditions,InScotland,Age_Band_of_Driver,Age_of_Vehicle,Driver_Home_Area_Type,Driver_IMD_Decile,Engine_Capacity_.CC.,Hit_Object_in_Carriageway,Hit_Object_off_Carriageway,Journey_Purpose_of_Driver,Junction_Location,make,model,Propulsion_Code,Sex_of_Driver,Skidding_and_Overturning,Towing_and_Articulation,Vehicle_Leaving_Carriageway,Vehicle_Location.Restricted_Lane,Vehicle_Manoeuvre,Vehicle_Reference,Vehicle_Type,Was_Vehicle_Left_Hand_Drive,X1st_Point_of_Impact,Year
200945WA43502,B,2128,NA,0,Serious,None,25-01-2020,Thursday,1,Data missing or out of range,Not at junction or within 20 metres,18.52291626,Daylight,502790,144450,73.92623356,E01030940,1,2,0,0,Dry,Single carriageway,None,40,11:38:00,Rural,Fine no high winds,No,16 - 20,6,Small town,10,124,None,None,Other/Not known (2005-10),Not at or within 20 metres of junction,,DOODO,Petrol,Male,None,No tow/articulation,Did not leave carriageway,0,Going ahead other,2,Motorcycle 125cc and under,No,Nearside,2021
20094100A0381,A,1184,C,161,Serious,None,09-05-2020,Wednesday,1,Give way or uncontrolled,T or staggered junction,19.20499842,Daylight,547700,214210,72.82876728,E01023500,1,2,0,8,Dry,Single carriageway,None,40,16:20:00,Urban,Fine no high winds,No,16 - 20,6,Urban area,7,1248,None,None,Other/Not known (2005-10),Leaving main road,,PUNTO ACTIVE MULTI-JET,Heavy oil,Male,None,No tow/articulation,Did not leave carriageway,0,Turning right,1,Car,No,Front,2021
200814A221308,A,630,NA,0,Serious,None,02-01-2021,Saturday,1,Not at junction or within 20 metres,Not at junction or within 20 metres,26.72362964,Daylight,459620,405580,94.19697333,E01007652,1,3,0,0,Dry,Dual carriageway,None,40,11:30:00,Urban,Fine no high winds,No,16 - 20,6,Urban area,1,1461,None,None,Other/Not known (2005-10),Not at or within 20 metres of junction,,CLIO EXPRESSION DCI 65,Heavy oil,Male,None,No tow/articulation,Did not leave carriageway,0,Waiting to go - held up,1,Car,No,Back,2019
201004CC10036,A,6,B,5256,Serious,None,29-04-2010,Thursday,1,Give way or uncontrolled,Roundabout,53.712481,Daylight,357580,424200,-2.644203,E01024952,1,2,0,8,Dry,Roundabout,None,40,19:35:00,Urban,Fine no high winds,No,16 - 20,6,Urban area,5,1598,None,None,Other/Not known (2005-10),Entering roundabout,VAUXHALL,ASTRA CLUB TWINPORT,Petrol,Male,None,No tow/articulation,Did not leave carriageway,0,Going ahead other,2,Car,No,Nearside,2010
200997BD01401,A,74,NA,0,Serious,None,19-12-2021,Friday,2,Data missing or out of range,Not at junction or within 20 metres,22.9701753,Daylight,264460,662380,72.55318512,,1,2,0,0,Frost or ice,Dual carriageway,None,40,08:00:00,Urban,Fine no high winds,Yes,16 - 20,6,Urban area,NA,973,None,None,Commuting to/from work,Not at or within 20 metres of junction,,CORSA ACTIVE 12V,Petrol,Female,Skidded,No tow/articulation,Did not leave carriageway,0,Going ahead right-hand bend,2,Car,No,Front,2019
200945RE46008,A,2044,Unclassified,0,Serious,None,09-06-2021,Friday,1,Give way or uncontrolled,Other junction,22.08426366,Daylight,527530,147780,82.19336231,E01030570,1,2,0,0,Wet or damp,Single carriageway,None,40,14:55:00,Urban,Raining no high winds,No,16 - 20,6,Urban area,7,124,None,None,Taking pupil to/from school,Approaching junction or waiting/parked at junction approach,,,Petrol,Male,Skidded,No tow/articulation,Did not leave carriageway,0,Going ahead other,1,Motorcycle 125cc and under,No,Nearside,2019
2010400C01372,A,505,NA,0,Serious,None,09-03-2019,Tuesday,1,Data missing or out of range,Not at junction or within 20 metres,28.47849574,Darkness - lights lit,510370,223640,77.05529189,E01015796,2,3,0,8,Dry,Dual carriageway,None,40,22:03:00,Urban,Fine no high winds,No,21 - 25,6,Urban area,4,2993,None,None,Other/Not known (2005-10),Not at or within 20 metres of junction,,X5 SPORT D AUTO,Heavy oil,Male,None,No tow/articulation,Did not leave carriageway,0,Going ahead other,2,Car,No,Nearside,2019
200843N267118,B,4443,NA,,Serious,None,28-02-2019,Wednesday,1,Data missing or out of range,Private drive or entrance,8.878294471,Darkness - lights lit,482700,211220,76.69437972,E01017631,4,4,0,0,Wet or damp,Single carriageway,None,40,19:00:00,Rural,Fine no high winds,No,21 - 25,6,Small town,10,1796,None,None,Other/Not known (2005-10),Approaching junction or waiting/parked at junction approach,,316TI SE COMPACT,Petrol,Male,None,No tow/articulation,Did not leave carriageway,0,Waiting to go - held up,2,Car,No,Back,2020
20094100G0369,C,109,NA,0,Serious,None,10-09-2021,Sunday,1,Not at junction or within 20 metres,Not at junction or within 20 metres,19.17661624,Darkness - lights lit,520080,232590,72.89069531,E01023594,1,1,0,0,Dry,Single carriageway,None,40,23:50:00,Rural,Fine no high winds,No,21 - 25,6,Urban area,10,1390,None,Tree,Other/Not known (2005-10),Not at or within 20 metres of junction,,IBIZA SE,Petrol,Male,Skidded and overturned,No tow/articulation,Offside,0,Going ahead right-hand bend,1,Car,No,Front,2021
201011ND04840,A,167,NA,0,Serious,None,17-02-2010,Wednesday,1,Data missing or out of range,Not at junction or within 20 metres,54.767851,Darkness - lights lit,426280,541510,-1.59305,E01020713,2,1,0,8,Wet or damp,Single carriageway,None,40,02:54:00,Urban,Fine no high winds,No,21 - 25,6,Urban area,8,1596,Bollard or refuge,None,Other/Not known (2005-10),Not at or within 20 metres of junction,FORD,FOCUS ZETEC AUTO,Petrol,Male,Skidded,No tow/articulation,Offside,0,Going ahead other,1,Car,No,Nearside,2010
200806J003483,A,626,NA,0,Serious,None,03-07-2020,Tuesday,1,Not at junction or within 20 metres,Not at junction or within 20 metres,26.46249201,Darkness - lights lit,389850,391430,74.6486909,E01005918,3,2,0,0,Wet or damp,Single carriageway,None,40,22:35:00,Rural,Raining + high winds,No,21 - 25,6,Data missing or out of range,NA,1299,None,None,Other/Not known (2005-10),Not at or within 20 metres of junction,,KA STYLE,Petrol,Male,None,No tow/articulation,Did not leave carriageway,0,Going ahead other,2,Car,No,Front,2020
200920D279101,A,47,A,4040,Serious,None,16-03-2021,Friday,1,Auto traffic signal,Roundabout,14.71527779,Darkness - lights lit,411540,289660,78.50246187,E01009478,3,3,0,5,Wet or damp,Dual carriageway,None,40,23:23:00,Urban,Raining no high winds,No,21 - 25,6,Urban area,8,973,Kerb,Other permanent object,Other/Not known (2005-10),Approaching junction or waiting/parked at junction approach,,CORSA ACTIVE 12V,Petrol,Female,Skidded,No tow/articulation,Nearside,0,Going ahead left-hand bend,1,Car,No,Front,2019
200945WA41456,B,2128,NA,0,Serious,None,24-12-2019,Saturday,1,Data missing or out of range,Not at junction or within 20 metres,22.08269837,Darkness - no lighting,503440,143170,82.18205707,E01030940,5,1,0,0,Wet or damp,Single carriageway,None,40,00:05:00,Rural,Fine no high winds,No,21 - 25,6,Urban area,9,1199,None,Tree,Other/Not known (2005-10),Not at or within 20 metres of junction,,CORSA DESIGN 16V,Petrol,Male,Skidded and overturned,No tow/articulation,Offside and rebounded,0,Going ahead right-hand bend,1,Car,No,Front,2019
200963DP36709,B,4393,NA,0,Serious,None,04-11-2019,Saturday,1,Data missing or out of range,Not at junction or within 20 metres,18.53813299,Darkness - no lighting,320730,320540,73.74306042,W01000470,3,1,0,0,Dry,Single carriageway,None,40,04:30:00,Rural,Fine no high winds,No,21 - 25,6,Rural,NA,3246,None,Tree,Other/Not known (2005-10),Not at or within 20 metres of junction,,M3,Petrol,Male,Skidded and overturned,No tow/articulation,Offside,0,Going ahead other,1,Car,No,Front,2021
20094100B9035,A,1057,A,1001,Serious,None,21-06-2019,Wednesday,1,Auto traffic signal,Roundabout,25.79013033,Daylight,521330,208370,87.48310821,E01023938,2,2,0,4,Dry,Dual carriageway,None,40,19:05:00,Urban,Fine no high winds,No,21 - 25,6,Urban area,3,1390,None,None,Other/Not known (2005-10),Approaching junction or waiting/parked at junction approach,,POLO SPORT,Petrol,Male,None,No tow/articulation,Did not leave carriageway,0,Slowing or stopping,1,Car,No,Front,2019
200801XH73677,A,4,A,4,Serious,None,03-09-2021,Thursday,1,Auto traffic signal,T or staggered junction,28.47020239,Daylight,508020,176930,76.9791081,E01002447,1,1,0,4,Dry,Dual carriageway,None,40,20:30:00,Urban,Fine no high winds,No,21 - 25,6,Urban area,3,2902,None,None,Journey as part of work,Cleared junction or waiting/parked at junction exit,,SEDONA L,Heavy oil,Male,None,No tow/articulation,Did not leave carriageway,0,Going ahead other,1,Taxi/Private hire car,No,Offside,2019
200742I042802,A,138,B,1009,Serious,None,01-10-2021,Sunday,1,Give way or uncontrolled,Roundabout,22.72685768,Daylight,571450,206010,75.90486116,E01021577,1,2,0,0,Dry,Roundabout,None,40,12:45:00,Urban,Fine no high winds,No,21 - 25,6,Urban area,1,1997,None,None,Other/Not known (2005-10),Leaving roundabout,,SYNERGIE SX 16V,Petrol,Male,None,No tow/articulation,Did not leave carriageway,0,Going ahead other,2,Car,No,Front,2020
200945TA38577,C,83,NA,0,Serious,None,08-11-2020,Thursday,1,Data missing or out of range,Not at junction or within 20 metres,18.59089023,Daylight,537690,147640,73.84505944,E01030838,1,2,0,0,Dry,Single carriageway,None,40,07:45:00,Rural,Fine no high winds,No,21 - 25,6,Data missing or out of range,NA,124,None,None,Other/Not known (2005-10),Not at or within 20 metres of junction,,DNA 125,Petrol,Male,None,No tow/articulation,Did not leave carriageway,0,Going ahead other,2,Motorcycle over 125cc and up to 500cc,No,Front,2021
200845RE18713,Unclassified,1250,C,226,Serious,None,20-03-2019,Tuesday,1,Give way or uncontrolled,T or staggered junction,27.09715429,Daylight,527000,148950,93.61601622,E01030570,1,2,0,0,Dry,Dual carriageway,None,40,12:23:00,Rural,Fine no high winds,No,21 - 25,6,Urban area,5,1242,None,None,Other/Not known (2005-10),Approaching junction or waiting/parked at junction approach,,PUNTO ACTIVE,Petrol,Female,None,No tow/articulation,Did not leave carriageway,0,Going ahead other,2,Car,No,Front,2019
200830D000261,A,61,NA,0,Serious,None,06-09-2019,Friday,1,Data missing or out of range,Not at junction or within 20 metres,15.29114972,Daylight,436010,337120,74.01565817,E01013536,1,2,0,0,Dry,Single carriageway,None,40,16:11:00,Urban,Fine no high winds,No,21 - 25,6,Urban area,1,1360,None,None,Other/Not known (2005-10),Not at or within 20 metres of junction,,206 LOOK,Petrol,Female,None,No tow/articulation,Did not leave carriageway,0,U-turn,1,Car,No,Offside,2019
201042I063802,A,134,A,134,Serious,None,06-02-2020,Wednesday,2,Give way or uncontrolled,Roundabout,13.04197366,Daylight,599230,224930,77.63098279,E01021649,2,2,0,5,Dry,Dual carriageway,None,40,14:45:00,Urban,Fine no high winds,No,21 - 25,6,Urban area,7,1149,None,None,Other/Not known (2005-10),Entering roundabout,,CLIO DYNAMIQUE 16V,Petrol,Female,None,No tow/articulation,Did not leave carriageway,0,Going ahead other,2,Car,No,Back,2020
200745SP04738,Unclassified,6247,A,244,Serious,None,19-10-2019,Friday,1,Auto traffic signal,T or staggered junction,28.62331892,Daylight,509270,169400,77.08746789,E01030717,1,1,0,0,Dry,Single carriageway,None,40,08:14:00,Urban,Fine no high winds,No,21 - 25,6,Urban area,10,1794,None,None,Other/Not known (2005-10),Approaching junction or waiting/parked at junction approach,,MR2 ROADSTER VVTI,Petrol,Female,None,No tow/articulation,Did not leave carriageway,0,Going ahead other,1,Car,No,Offside,2020
201004CA10040,B,5252,NA,0,Serious,None,26-04-2010,Monday,1,Data missing or out of range,Not at junction or within 20 metres,53.668261,Daylight,357570,419280,-2.64368,E01024937,2,2,0,0,Dry,Single carriageway,None,40,15:20:00,Rural,Fine no high winds,No,21 - 25,6,Urban area,6,1149,None,None,Commuting to/from work,Not at or within 20 metres of junction,RENAULT,CLIO AUTHENTIQUE,Petrol,Female,None,No tow/articulation,Nearside,0,Going ahead other,2,Car,No,Front,2010
200914C167809,Unclassified,0,A,629,Serious,None,11-10-2021,Wednesday,1,Give way or uncontrolled,Roundabout,28.67210748,Daylight,441210,393300,77.24966735,E01007717,1,2,0,0,Snow,Roundabout,None,40,14:32:00,Urban,Other,No,21 - 25,6,Urban area,2,998,None,None,Other/Not known (2005-10),Leaving roundabout,,MICRA E,Petrol,Female,None,No tow/articulation,Did not leave carriageway,0,Going ahead other,1,Car,No,Front,2021
200806M094816,A,56,A,5145,Serious,None,08-08-2021,Friday,1,Auto traffic signal,Crossroads,19.1947739,Darkness - lights lit,379700,394410,72.88083947,E01006180,2,2,0,0,Dry,Dual carriageway,None,40,02:15:00,Urban,Fine no high winds,No,26 - 35,6,Urban area,2,1396,None,None,Other/Not known (2005-10),Mid Junction - on roundabout or on main road,,ZR+,Petrol,Male,None,No tow/articulation,Did not leave carriageway,0,Going ahead other,1,Car,No,Offside,2021
200863CP29608,A,4139,B,4322,Serious,None,26-09-2020,Wednesday,1,Give way or uncontrolled,T or staggered junction,26.76292699,Darkness - lights lit,198130,202630,94.19539762,W01000607,1,2,0,0,Dry,Single carriageway,None,40,19:00:00,Rural,Fine no high winds,No,26 - 35,6,Small town,NA,1149,None,None,Other/Not known (2005-10),Mid Junction - on roundabout or on main road,,CLIO DYNAMIQUE 16V,Petrol,Male,None,No tow/articulation,Did not leave carriageway,0,Turning right,1,Car,No,Front,2019
201001KF60261,A,13,NA,0,Serious,None,07-05-2010,Friday,1,Data missing or out of range,Not at junction or within 20 metres,51.520054,Darkness - lights lit,542900,182140,0.058275,E01003482,2,3,0,0,Dry,Dual carriageway,None,40,21:45:00,Urban,Fine no high winds,No,26 - 35,6,Urban area,3,1900,None,None,Other/Not known (2005-10),Not at or within 20 metres of junction,VOLKSWAGEN,GOLF TDI SE,Heavy oil,Male,None,No tow/articulation,Did not leave carriageway,0,Waiting to go - held up,2,Car,No,Back,2010
201043P227090,Unclassified,256,Unclassified,0,Serious,None,28-03-2019,Monday,1,Give way or uncontrolled,T or staggered junction,26.4596091,Darkness - lights lit,456150,204480,74.60214771,E01028683,2,3,0,0,Dry,Single carriageway,None,40,20:05:00,Rural,Fine no high winds,No,26 - 35,6,Urban area,2,1769,None,None,Other/Not known (2005-10),Cleared junction or waiting/parked at junction exit,,ALMERA TINO S,Petrol,Female,None,No tow/articulation,Did not leave carriageway,0,Going ahead other,2,Car,No,Did not impact,2020
200822FA87741,B,5009,NA,0,Serious,None,23-07-2021,Tuesday,1,Data missing or out of range,Not at junction or within 20 metres,28.6116719,Darkness - lights lit,333310,329970,77.20516836,E01028928,1,2,0,0,Wet or damp,Single carriageway,None,40,18:55:00,Rural,Raining no high winds,No,26 - 35,6,Rural,5,1896,Parked vehicle,None,Taking pupil to/from school,Not at or within 20 metres of junction,,A4 TDI SPORT,Heavy oil,Female,None,No tow/articulation,Did not leave carriageway,0,Going ahead other,1,Car,No,Front,2020
201006XP26465,A(M),627,NA,0,Serious,None,15-01-2010,Friday,1,Data missing or out of range,Not at junction or within 20 metres,53.559079,Darkness - lights lit,390680,406950,-2.142175,E01005339,13,19,0,0,Frost or ice,Dual carriageway,None,40,07:45:00,Rural,Raining no high winds,No,26 - 35,6,Urban area,3,1598,None,None,Commuting to/from work,Not at or within 20 metres of junction,RENAULT,MEGANE DYNAMIQUE 16V,Petrol,Female,Skidded,No tow/articulation,Did not leave carriageway,0,Going ahead left-hand bend,4,Car,No,Back,2010
200945SP44113,C,233,Unclassified,0,Serious,None,03-12-2019,Sunday,1,Give way or uncontrolled,T or staggered junction,28.57921604,Darkness - no lighting,508110,168800,77.16851687,E01030722,1,1,0,0,Dry,Single carriageway,None,40,02:30:00,Rural,Fine no high winds,No,26 - 35,6,Urban area,10,1896,Kerb,Other permanent object,Other/Not known (2005-10),Cleared junction or waiting/parked at junction exit,,GOLF GT TDI,Heavy oil,Female,None,No tow/articulation,Straight ahead at junction,9,Turning right,1,Car,No,Front,2021
200806Q090616,A,663,C,0,Serious,None,15-03-2020,Friday,1,Auto traffic signal,Crossroads,14.73239914,Daylight,389930,403900,78.50066699,E01005332,1,1,0,5,Dry,Dual carriageway,None,40,16:40:00,Urban,Fine no high winds,No,26 - 35,6,Urban area,5,1910,None,None,Commuting to/from work,Cleared junction or waiting/parked at junction exit,,PUNTO DYNAMIC JTD,Heavy oil,Male,None,No tow/articulation,Did not leave carriageway,0,Going ahead other,1,Car,No,Front,2019
200963DP18209,A,470,NA,0,Serious,None,27-04-2019,Wednesday,1,Data missing or out of range,Not at junction or within 20 metres,26.74565106,Daylight,302960,253860,94.21282151,W01000459,1,2,0,0,Dry,Single carriageway,None,40,18:25:00,Rural,Fine no high winds,No,26 - 35,6,Rural,NA,1997,None,None,Commuting to/from work,Not at or within 20 metres of junction,,307 SW S HDI,Heavy oil,Male,None,No tow/articulation,Did not leave carriageway,0,Going ahead other,2,Car,No,Offside,2019
20083104C2171,A,6514,NA,0,Serious,None,21-09-2019,Sunday,1,Data missing or out of range,Not at junction or within 20 metres,25.78804239,Daylight,454490,341540,87.45844795,E01013931,5,2,0,4,Dry,Dual carriageway,None,40,13:12:00,Urban,Fine no high winds,No,26 - 35,6,Urban area,2,2171,None,None,Other/Not known (2005-10),Not at or within 20 metres of junction,,320CI SE,Petrol,Male,Skidded,No tow/articulation,Did not leave carriageway,0,Going ahead other,1,Car,No,Front,2019
200801JI76354,A,114,NA,0,Serious,None,13-02-2020,Wednesday,1,Data missing or out of range,Not at junction or within 20 metres,25.78364274,Daylight,540490,186410,87.49917268,E01003791,1,2,0,0,Wet or damp,Single carriageway,None,40,09:39:00,Urban,Fine no high winds,No,26 - 35,6,Urban area,7,599,None,None,Other/Not known (2005-10),Not at or within 20 metres of junction,,ZX600-J2,Petrol,Male,Overturned,No tow/articulation,Did not leave carriageway,0,Going ahead other,1,Motorcycle over 500cc,No,Offside,2019
200945RE43992,B,2032,NA,0,Serious,None,11-02-2020,Saturday,1,Data missing or out of range,Not at junction or within 20 metres,12.97973789,Daylight,526650,156940,77.54829402,E01030567,2,1,0,0,Dry,Single carriageway,None,40,10:24:00,Rural,Fine no high winds,No,26 - 35,6,Small town,8,1598,None,Tree,Commuting to/from work,Not at or within 20 metres of junction,,MINI COOPER,Petrol,Male,Skidded,No tow/articulation,Nearside,0,Going ahead right-hand bend,1,Car,No,Front,2020
20104100K0337,A,10,A,10,Serious,None,11-03-2020,Monday,1,Give way or uncontrolled,Roundabout,8.889253875,Daylight,536030,209280,76.69839839,E01023322,1,1,0,0,Dry,Roundabout,None,40,20:49:00,Rural,Fine no high winds,No,26 - 35,6,Urban area,2,11705,None,Near/Offside crash barrier,Journey as part of work,Mid Junction - on roundabout or on main road,,,Heavy oil,Male,Overturned,Articulated vehicle,Nearside,0,Turning right,1,Goods 7.5 tonnes mgw and over,No,Nearside,2020
200906P021135,A,58,Unclassified,0,Serious,None,09-09-2019,Friday,1,Give way or uncontrolled,T or staggered junction,28.57565469,Daylight,390970,414940,77.17826555,E01005578,1,2,0,0,Dry,Dual carriageway,None,40,12:35:00,Urban,Fine no high winds,No,26 - 35,6,Urban area,2,998,None,None,Other/Not known (2005-10),Mid Junction - on roundabout or on main road,,RSV MILLE R FACTORY,Petrol,Male,Skidded,No tow/articulation,Did not leave carriageway,0,Going ahead other,2,Motorcycle over 125cc and up to 500cc,No,Did not impact,2020
200743P093037,A,423,Unclassified,0,Serious,None,10-09-2020,Friday,1,Give way or uncontrolled,T or staggered junction,28.62201563,Daylight,445430,241560,77.22775431,E01028446,2,3,0,0,Dry,Single carriageway,None,40,15:24:00,Urban,Fine no high winds,No,26 - 35,6,Small town,10,1970,None,None,Commuting to/from work,Approaching junction or waiting/parked at junction approach,,156 2.0 T SPARK,Petrol,Male,None,No tow/articulation,Did not leave carriageway,0,Slowing or stopping,2,Car,No,Back,2020
201042I115604,Unclassified,0,NA,0,Serious,None,14-07-2020,Friday,1,Not at junction or within 20 metres,Not at junction or within 20 metres,28.6983149,Daylight,545760,210900,77.3696134,E01021853,1,2,0,0,Dry,Dual carriageway,None,40,18:46:00,Urban,Fine no high winds,No,26 - 35,6,Data missing or out of range,NA,1149,None,None,Commuting to/from work,Not at or within 20 metres of junction,,CLIO EXPRESSION 16V,Petrol,Male,None,No tow/articulation,Did not leave carriageway,0,Going ahead other,2,Car,No,Front,2021
200914A192709,A,630,Unclassified,0,Serious,None,14-01-2021,Wednesday,1,Give way or uncontrolled,Private drive or entrance,28.56745725,Daylight,460080,402430,77.22453126,E01007526,2,2,0,0,Dry,Dual carriageway,None,40,07:47:00,Urban,Fine no high winds,No,26 - 35,6,Urban area,8,1870,None,None,Journey as part of work,Cleared junction or waiting/parked at junction exit,,S40 D S,Heavy oil,Male,None,No tow/articulation,Did not leave carriageway,0,Waiting to go - held up,1,Car,No,Back,2021
200845EP16546,A,240,C,193,Serious,None,22-05-2021,Tuesday,1,Give way or uncontrolled,Other junction,28.62845838,Daylight,522560,161100,77.29546671,E01030396,1,2,0,0,Wet or damp,Single carriageway,None,40,15:00:00,Urban,Fine no high winds,No,26 - 35,6,Data missing or out of range,NA,1341,None,None,Other/Not known (2005-10),Approaching junction or waiting/parked at junction approach,,ACCENT 1,Petrol,Male,None,No tow/articulation,Did not leave carriageway,0,Slowing or stopping,1,Car,No,Front,2021
200845SU25011,A,30,B,3029,Serious,None,04-11-2020,Thursday,1,Give way or uncontrolled,More than 4 arms (not roundabout),18.54240955,Daylight,490980,163170,73.88954183,E01030759,1,1,0,4,Dry,Single carriageway,None,40,20:00:00,Rural,Fine no high winds,No,26 - 35,6,Urban area,NA,2979,None,None,Other/Not known (2005-10),Cleared junction or waiting/parked at junction exit,,330CI SE,Petrol,Male,Skidded,No tow/articulation,Did not leave carriageway,0,Going ahead right-hand bend,1,Car,No,Front,2021
200814A066908,A,614,Unclassified,0,Serious,None,27-10-2021,Saturday,1,Give way or uncontrolled,Private drive or entrance,18.60513018,Daylight,467940,413800,73.77711925,E01007640,1,3,0,8,Wet or damp,Single carriageway,None,40,15:00:00,Urban,Fine no high winds,No,26 - 35,6,Urban area,2,2402,None,None,Other/Not known (2005-10),Entering main road,,TRANSIT 350 LWB TD,Heavy oil,Male,None,Other tow,Did not leave carriageway,0,Turning right,2,Van / Goods 3.5 tonnes mgw or under,No,Did not impact,2021
200804BC08171,A,586,Unclassified,0,Serious,None,15-08-2021,Monday,1,Auto traffic signal,Crossroads,18.49184535,Daylight,332890,443390,73.95743063,E01025555,3,2,0,5,Dry,Single carriageway,None,40,07:08:00,Urban,Fine no high winds,No,26 - 35,6,Urban area,7,1998,None,None,Commuting to/from work,Mid Junction - on roundabout or on main road,,TRANSIT 280 SWB TD,Heavy oil,Male,Skidded,No tow/articulation,Did not leave carriageway,0,Going ahead other,1,Van / Goods 3.5 tonnes mgw or under,No,Front,2021
2008160B03230,A,18,B,1216,Serious,None,14-02-2020,Sunday,1,Give way or uncontrolled,T or staggered junction,19.48032779,Daylight,484290,411180,86.80780522,E01013287,5,2,0,0,Dry,Single carriageway,None,40,15:10:00,Rural,Fine no high winds,No,26 - 35,6,Urban area,1,1598,None,None,Other/Not known (2005-10),Approaching junction or waiting/parked at junction approach,,156 T SPARK TURISMO,Petrol,Male,Skidded,No tow/articulation,Did not leave carriageway,0,Going ahead right-hand bend,2,Car,No,Nearside,2021
200920G053501,A,449,Unclassified,0,Serious,None,29-06-2020,Sunday,1,Give way or uncontrolled,T or staggered junction,14.78494394,Daylight,391520,299540,78.54856044,E01010528,1,2,0,0,Dry,Dual carriageway,None,40,14:02:00,Urban,Fine no high winds,No,26 - 35,6,Urban area,1,636,None,None,Other/Not known (2005-10),Mid Junction - on roundabout or on main road,,,Petrol,Male,None,No tow/articulation,Did not leave carriageway,2,Going ahead other,1,Motorcycle over 500cc,No,Front,2019
2009400D00251,C,169,NA,0,Serious,None,08-11-2019,Wednesday,1,Data missing or out of range,Not at junction or within 20 metres,14.75290831,Daylight,519880,237430,78.64176822,E01017377,2,3,0,0,Frost or ice,Single carriageway,None,40,08:00:00,Rural,Fine no high winds,No,26 - 35,6,Small town,5,1199,None,None,Commuting to/from work,Not at or within 20 metres of junction,,CORSA DESIGN 16V,Petrol,Female,None,No tow/articulation,Did not leave carriageway,0,Going ahead other,2,Car,No,Front,2019
200850CH3E001,A,3079,Unclassified,0,Serious,None,19-11-2019,Tuesday,1,Give way or uncontrolled,T or staggered junction,8.888473814,Daylight,244380,99910,76.65377599,E01020290,2,2,0,0,Dry,Single carriageway,None,40,16:55:00,Rural,Fine no high winds,No,26 - 35,6,Small town,4,1995,None,None,Commuting to/from work,Approaching junction or waiting/parked at junction approach,,ZAFIRA ELEGANCE DTI 16V,Heavy oil,Female,Skidded,No tow/articulation,Did not leave carriageway,0,Going ahead other,2,Car,No,Front,2020
200997ND70104,A,721,Unclassified,0,Serious,None,28-12-2019,Thursday,1,Auto traffic signal,Crossroads,18.60183413,Daylight,270350,660990,73.80565461,,4,2,0,5,Dry,Single carriageway,None,40,17:25:00,Urban,Fine no high winds,Yes,26 - 35,6,Urban area,NA,1398,None,None,Other/Not known (2005-10),Cleared junction or waiting/parked at junction exit,,COROLLA T2 VVTI,Petrol,Female,None,No tow/articulation,Did not leave carriageway,0,Going ahead other,2,Car,No,Front,2021
200920J011401,A,4037,NA,0,Serious,None,07-09-2020,Wednesday,1,Data missing or out of range,Not at junction or within 20 metres,18.6314798,Daylight,395070,291370,73.82733841,E01009757,1,1,0,0,Wet or damp,Dual carriageway,None,40,16:05:00,Urban,Fine no high winds,No,26 - 35,6,Urban area,1,1598,None,None,Other/Not known (2005-10),Not at or within 20 metres of junction,,MINI COOPER,Petrol,Female,None,No tow/articulation,Did not leave carriageway,0,Overtaking static vehicle - offside,1,Car,No,Offside,2021
200901TB00218,A,40,Unclassified,0,Serious,None,15-12-2020,Sunday,1,Give way or uncontrolled,T or staggered junction,19.20948754,Darkness - lights lit,519230,182270,72.9337919,E01001247,2,4,0,0,Dry,Dual carriageway,None,50,06:54:00,Urban,Fine no high winds,No,16 - 20,6,Data missing or out of range,NA,1796,Kerb,Central crash barrier,Other/Not known (2005-10),Approaching junction or waiting/parked at junction approach,,316I SPORT,Petrol,Male,None,No tow/articulation,Offside on to centrl res + rebounded,0,Going ahead other,1,Car,No,Front,2021
200997QA05110,A,726,B,762,Serious,None,26-08-2019,Sunday,1,Give way or uncontrolled,Roundabout,28.67047806,Darkness - lights lit,261470,654630,77.24772491,,1,2,0,0,Wet or damp,Roundabout,None,50,21:00:00,Urban,Other,Yes,16 - 20,6,Urban area,NA,1490,None,None,Other/Not known (2005-10),Leaving roundabout,,IGNIS SPORT,Petrol,Male,None,No tow/articulation,Nearside,0,Going ahead other,2,Car,No,Front,2020