Accident_Index,1st_Road_Class,1st_Road_Number,2nd_Road_Class,2nd_Road_Number,Accident_Severity,Carriageway_Hazards,Date,Day_of_Week,Did_Police_Officer_Attend_Scene_of_Accident,Junction_Control,Junction_Detail,Latitude,Light_Conditions,Location_Easting_OSGR,Location_Northing_OSGR,Longitude,LSOA_of_Accident_Location,Number_of_Casualties,Number_of_Vehicles,Pedestrian_Crossing-Human_Control,Pedestrian_Crossing-Physical_Facilities,Road_Surface_Conditions,Road_Type,Special_Conditions_at_Site,Speed_limit,Time,Urban_or_Rural_Area,Weather_Conditions,InScotland,Age_Band_of_Driver,Age_of_Vehicle,Driver_Home_Area_Type,Driver_IMD_Decile,Engine_Capacity_.CC.,Hit_Object_in_Carriageway,Hit_Object_off_Carriageway,Journey_Purpose_of_Driver,Junction_Location,make,model,Propulsion_Code,Sex_of_Driver,Skidding_and_Overturning,Towing_and_Articulation,Vehicle_Leaving_Carriageway,Vehicle_Location.Restricted_Lane,Vehicle_Manoeuvre,Vehicle_Reference,Vehicle_Type,Was_Vehicle_Left_Hand_Drive,X1st_Point_of_Impact,Year
2010400D02384,A,505,C,249,Serious,None,22-10-2020,Monday,1,Give way or uncontrolled,T or staggered junction,14.70767864,Daylight,497050,222850,78.57629322,E01017588,1,2,0,0,Dry,Single carriageway,None,50,18:52:00,Rural,Fine no high winds,No,16 - 20,6,Rural,10,1149,None,None,Other/Not known (2005-10),Entering main road,,CLIO AUTHENTIQUE,Petrol,Male,None,No tow/articulation,Did not leave carriageway,0,Turning right,1,Car,No,Nearside,2019
200904BC09223,A,586,NA,0,Serious,None,04-11-2021,Saturday,1,Data missing or out of range,Not at junction or within 20 metres,22.6957165,Daylight,336230,439300,75.89027686,E01025545,1,1,0,0,Dry,Single carriageway,None,50,16:55:00,Urban,Fine no high winds,No,16 - 20,6,Data missing or out of range,NA,49,None,None,Other/Not known (2005-10),Not at or within 20 metres of junction,,SH50,Petrol,Male,Overturned,No tow/articulation,Nearside,0,Going ahead other,1,Motorcycle 50cc and under,No,Nearside,2020
200930B000262,C,374,NA,0,Serious,None,13-10-2021,Wednesday,1,Data missing or out of range,Not at junction or within 20 metres,28.60684543,Daylight,410160,382650,77.08141819,E01019736,1,3,0,0,Dry,Single carriageway,None,50,12:40:00,Rural,Fine no high winds,No,16 - 20,6,Urban area,6,749,None,None,Other/Not known (2005-10),Not at or within 20 metres of junction,,GSXR 750 K3,Petrol,Male,None,No tow/articulation,Did not leave carriageway,0,Going ahead right-hand bend,3,Motorcycle over 500cc,No,Front,2020
201001XH30664,A,4020,Unclassified,0,Serious,None,03-10-2010,Sunday,1,Give way or uncontrolled,T or staggered junction,51.528978,Daylight,507950,182270,-0.445203,E01002410,2,2,0,0,Dry,Dual carriageway,None,50,17:10:00,Urban,Fine no high winds,No,16 - 20,6,Data missing or out of range,NA,1998,None,None,Other/Not known (2005-10),Cleared junction or waiting/parked at junction exit,HONDA,CIVIC TYPE-R,Petrol,Male,None,No tow/articulation,Did not leave carriageway,0,Going ahead other,1,Car,No,Front,2010
2010160C07541,B,1230,NA,0,Serious,None,17-10-2010,Sunday,1,Data missing or out of range,Not at junction or within 20 metres,53.757092,Daylight,484440,429730,-0.720721,E01013026,2,2,0,0,Dry,Dual carriageway,None,50,13:37:00,Rural,Fine no high winds,No,16 - 20,6,Small town,9,598,None,None,Other/Not known (2005-10),Not at or within 20 metres of junction,SUZUKI,GSXR 600 K4,Petrol,Male,Skidded,No tow/articulation,Did not leave carriageway,0,Going ahead other,1,Motorcycle over 500cc,No,Front,2010
201043R222050,Unclassified,7408,NA,0,Serious,None,05-10-2019,Saturday,1,Data missing or out of range,Not at junction or within 20 metres,26.4649727,Daylight,488400,183360,74.6151326,E01016572,2,1,0,0,Wet or damp,Single carriageway,None,50,12:10:00,Urban,Raining + high winds,No,16 - 20,6,Urban area,10,1149,None,Tree,Other/Not known (2005-10),Not at or within 20 metres of junction,,CLIO DYNAMIQUE 16V,Petrol,Male,Skidded,No tow/articulation,Offside,0,Going ahead right-hand bend,1,Car,No,Front,2020
200820D084702,A,4097,Unclassified,0,Serious,None,22-12-2021,Friday,1,Give way or uncontrolled,T or staggered junction,23.00488754,Darkness - lights lit,416960,292680,72.59810892,E01009441,3,2,0,0,Dry,Dual carriageway,None,50,19:35:00,Rural,Fine no high winds,No,21 - 25,6,Small town,10,1781,None,None,Other/Not known (2005-10),Mid Junction - on roundabout or on main road,,A3 1.8T SPORT,Petrol,Male,None,No tow/articulation,Did not leave carriageway,0,Going ahead other,2,Car,No,Offside,2019
200901TC00292,A,406,NA,0,Serious,Previous accident,12-08-2020,Friday,1,Data missing or out of range,Not at junction or within 20 metres,19.12254726,Darkness - lights lit,543760,183600,72.85422352,E01003623,1,2,0,0,Dry,Dual carriageway,None,50,21:13:00,Urban,Fine no high winds,No,21 - 25,6,Urban area,3,636,None,None,Other/Not known (2005-10),Not at or within 20 metres of junction,,ZX636 B1H,Petrol,Male,None,No tow/articulation,Did not leave carriageway,0,Going ahead other,2,Motorcycle over 500cc,No,Front,2021
200804BA08125,A,6,NA,0,Serious,None,16-07-2019,Monday,1,Data missing or out of range,Not at junction or within 20 metres,26.74650401,Darkness - lights lit,348000,457740,94.22401743,E01025105,1,2,0,0,Dry,Single carriageway,None,50,20:30:00,Rural,Fine no high winds,No,21 - 25,6,Urban area,8,1149,None,None,Commuting to/from work,Not at or within 20 metres of junction,,CLIO DYNAMIQUE 16V,Petrol,Female,None,No tow/articulation,Did not leave carriageway,0,Going ahead other,1,Car,No,Front,2019
200930B000110,A,6,NA,0,Serious,None,09-03-2019,Saturday,1,Data missing or out of range,Not at junction or within 20 metres,18.51349542,Darkness - no lighting,423480,366010,73.92171277,E01019599,5,3,0,0,Dry,Single carriageway,None,50,19:47:00,Rural,Fine no high winds,No,21 - 25,6,Rural,6,1587,None,None,Other/Not known (2005-10),Not at or within 20 metres of junction,,BERLINGO MULTISPACE FORTE,Petrol,Male,None,No tow/articulation,Did not leave carriageway,0,Going ahead right-hand bend,2,Car,No,Offside,2021
200843P328098,A,4421,Unclassified,0,Serious,None,13-11-2021,Tuesday,1,Give way or uncontrolled,T or staggered junction,26.74541264,Daylight,460120,222650,94.16943175,E01028455,1,3,0,0,Dry,Single carriageway,None,50,15:27:00,Rural,Fine no high winds,No,21 - 25,6,Urban area,7,1397,None,None,Other/Not known (2005-10),Approaching junction or waiting/parked at junction approach,,FABIA COMFORT 8V,Petrol,Male,Skidded,No tow/articulation,Did not leave carriageway,0,Going ahead other,2,Car,No,Offside,2019
20084100B0605,A,1001,A(M),1,Serious,None,03-01-2020,Saturday,1,Give way or uncontrolled,Roundabout,12.99335268,Daylight,521170,207450,77.61629003,E01023937,1,2,0,0,Dry,Roundabout,None,50,13:38:00,Rural,Fine no high winds,No,21 - 25,6,Urban area,4,1396,None,None,Other/Not known (2005-10),Mid Junction - on roundabout or on main road,,25 IMPRESSION S,Petrol,Male,None,No tow/articulation,Did not leave carriageway,0,Changing lane to right,1,Car,No,Front,2020
200932D304509,A,1500,B,1398,Serious,None,22-12-2019,Thursday,1,Give way or uncontrolled,T or staggered junction,8.877123798,Daylight,495440,378330,76.61634713,E01026400,2,2,0,0,Dry,Single carriageway,None,50,15:00:00,Rural,Fine no high winds,No,21 - 25,6,Rural,7,998,None,None,Other/Not known (2005-10),Entering main road,,YARIS T3,Petrol,Male,None,No tow/articulation,Nearside,0,Turning right,1,Car,No,Offside,2020
20074100B0068,A,1000,NA,0,Serious,None,18-08-2020,Monday,1,Not at junction or within 20 metres,Not at junction or within 20 metres,28.68370137,Daylight,525970,204220,77.07045272,E01023910,2,2,0,0,Wet or damp,Single carriageway,None,50,11:06:00,Rural,Fine no high winds,No,21 - 25,6,Urban area,3,11021,None,None,Journey as part of work,Not at or within 20 metres of junction,,,Heavy oil,Male,None,No tow/articulation,Nearside,0,Parked,2,Goods 7.5 tonnes mgw and over,No,Back,2021
200943P299079,B,480,NA,0,Serious,None,21-11-2021,Monday,1,Data missing or out of range,Not at junction or within 20 metres,18.64288902,Daylight,456650,202610,73.73798041,E01028641,5,4,0,0,Dry,Single carriageway,None,50,16:52:00,Rural,Fine no high winds,No,21 - 25,6,Small town,8,1753,None,None,Commuting to/from work,Not at or within 20 metres of junction,,TRANSIT CONNECT T200 TDDI S,Heavy oil,Male,None,No tow/articulation,Did not leave carriageway,0,Going ahead other,2,Van / Goods 3.5 tonnes mgw or under,No,Front,2021
201001SX20543,A,41,NA,0,Serious,None,15-05-2010,Saturday,1,Data missing or out of range,Not at junction or within 20 metres,51.591108,Daylight,522370,189510,-0.234906,E01000239,3,7,0,0,Dry,Dual carriageway,None,50,12:45:00,Urban,Fine no high winds,No,21 - 25,6,Urban area,8,599,None,None,Other/Not known (2005-10),Not at or within 20 metres of junction,SUZUKI,GSXR 600 K4,Petrol,Male,None,No tow/articulation,Did not leave carriageway,0,Slowing or stopping,7,Motorcycle over 500cc,No,Front,2010
200743R125037,A,332,Unclassified,7410,Serious,None,04-03-2019,Monday,1,Give way or uncontrolled,T or staggered junction,13.04237056,Daylight,495390,173430,77.58491472,E01016588,1,2,0,7,Dry,Single carriageway,None,50,09:50:00,Rural,Fine no high winds,No,21 - 25,6,Urban area,5,2200,None,None,Commuting to/from work,Approaching junction or waiting/parked at junction approach,,320CI SE,Petrol,Female,None,No tow/articulation,Nearside,0,Going ahead other,2,Car,No,Front,2020
201043N056060,B,485,Unclassified,44,Serious,None,11-11-2020,Friday,1,Give way or uncontrolled,T or staggered junction,22.7144127,Daylight,491910,201200,75.87270858,E01017752,1,2,0,0,Dry,Single carriageway,None,50,18:27:00,Rural,Fine no high winds,No,21 - 25,6,Urban area,9,1149,None,None,Other/Not known (2005-10),Mid Junction - on roundabout or on main road,,CLIO EXTREME 3 16V,Petrol,Female,None,No tow/articulation,Did not leave carriageway,0,Turning right,1,Car,No,Nearside,2020
2009559D04319,B,3081,NA,0,Serious,None,25-01-2020,Tuesday,1,Not at junction or within 20 metres,Not at junction or within 20 metres,28.7186305,Daylight,384260,124180,77.09952657,E01020451,2,4,0,0,Wet or damp,Single carriageway,None,50,14:16:00,Rural,Raining no high winds,No,21 - 25,6,Rural,6,1399,None,None,Other/Not known (2005-10),Not at or within 20 metres of junction,,FIESTA FINESSE TDCI,Heavy oil,Male,Skidded,No tow/articulation,Nearside,0,Going ahead other,3,Car,No,Did not impact,2020
201042I134005,A,128,Unclassified,0,Serious,None,28-02-2021,Sunday,1,Give way or uncontrolled,Other junction,28.58900238,Daylight,563560,187770,77.15033709,E01015978,5,4,0,0,Wet or damp,Single carriageway,None,50,13:00:00,Rural,Raining no high winds,No,21 - 25,6,Small town,10,1598,None,None,Other/Not known (2005-10),Approaching junction or waiting/parked at junction approach,,A160 AVANTGARDE,Petrol,Female,None,No tow/articulation,Did not leave carriageway,0,Going ahead other,2,Car,No,Back,2020
200804BA08201,A,6,NA,0,Serious,None,30-08-2021,Saturday,1,Data missing or out of range,Not at junction or within 20 metres,15.34372705,Darkness - lights lit,348070,457420,73.99386929,E01025105,1,2,0,0,Wet or damp,Single carriageway,None,50,22:44:00,Rural,Fine no high winds,No,26 - 35,6,Urban area,7,1396,None,None,Other/Not known (2005-10),Not at or within 20 metres of junction,,25 IMPRESSION 2,Petrol,Male,None,No tow/articulation,Did not leave carriageway,0,Going ahead other,2,Car,No,Nearside,2019
200897GB70410,Motorway,77,NA,0,Serious,None,21-03-2019,Tuesday,1,Data missing or out of range,Not at junction or within 20 metres,26.46034491,Darkness - lights lit,253940,661800,80.285864,,1,3,0,0,Dry,Dual carriageway,None,50,19:30:00,Urban,Fine no high winds,Yes,26 - 35,6,Rural,NA,1794,None,None,Other/Not known (2005-10),Not at or within 20 metres of junction,,MR2 ROADSTER VVTI,Petrol,Male,None,No tow/articulation,Did not leave carriageway,0,Going ahead other,1,Car,No,Front,2020
2009170H11329,A,689,Unclassified,0,Serious,None,17-12-2021,Saturday,1,Auto traffic signal,T or staggered junction,28.56392092,Darkness - lights lit,449780,528670,77.25622498,E01011989,1,1,0,0,Wet or damp,Single carriageway,None,50,04:50:00,Rural,Fine no high winds,No,26 - 35,6,Urban area,8,1124,Kerb,Other permanent object,Other/Not known (2005-10),Cleared junction or waiting/parked at junction exit,,206 LX,Petrol,Male,None,No tow/articulation,Nearside,0,Going ahead other,1,Car,No,Front,2021
201001TA00279,A,406,NA,0,Serious,None,10-10-2010,Sunday,1,Data missing or out of range,Not at junction or within 20 metres,51.616107,Darkness - lights lit,532630,192550,-0.085732,E01001560,2,6,0,0,Dry,Dual carriageway,None,50,19:11:00,Urban,Fine no high winds,No,26 - 35,6,Urban area,2,998,Kerb,Near/Offside crash barrier,Other/Not known (2005-10),Not at or within 20 metres of junction,YAMAHA,YZF R1 04,Petrol,Male,None,No tow/articulation,Nearside and rebounded,0,Changing lane to right,2,Motorcycle over 500cc,No,Offside,2010
201001VK30326,A,3,Unclassified,0,Serious,None,22-10-2010,Friday,1,Give way or uncontrolled,Slip road,51.374355,Darkness - lights lit,518440,165300,-0.299724,E01003004,4,2,0,0,Dry,Dual carriageway,None,50,00:20:00,Urban,Fine no high winds,No,26 - 35,6,Urban area,5,1796,None,None,Other/Not known (2005-10),Mid Junction - on roundabout or on main road,VAUXHALL,MERIVA ENJOY SEMI-AUTO,Petrol,Male,None,No tow/articulation,Did not leave carriageway,0,Going ahead other,2,Car,No,Back,2010
201006A026211,A(M),57,NA,0,Serious,None,02-01-2010,Saturday,1,Data missing or out of range,Not at junction or within 20 metres,53.473006,Darkness - lights lit,384660,397390,-2.232584,E01005066,2,2,0,0,Frost or ice,Dual carriageway,None,50,06:50:00,Urban,Fine no high winds,No,26 - 35,6,Urban area,1,2151,None,None,Journey as part of work,Not at or within 20 metres of junction,MERCEDES,SPRINTER 311 CDI MWB,Heavy oil,Male,Skidded,No tow/articulation,Did not leave carriageway,0,Going ahead other,2,Van / Goods 3.5 tonnes mgw or under,No,Front,2010
201004EA10272,A,677,NA,0,Serious,None,04-11-2010,Thursday,1,Data missing or out of range,Not at junction or within 20 metres,53.764348,Darkness - lights lit,364920,429910,-2.533648,E01025337,2,2,0,0,Wet or damp,Single carriageway,None,50,20:45:00,Rural,Raining + high winds,No,26 - 35,6,Urban area,8,1896,None,None,Other/Not known (2005-10),Not at or within 20 metres of junction,AUDI,A4 SPORT TDI(130) AUTO,Heavy oil,Female,None,No tow/articulation,Did not leave carriageway,0,Going ahead other,2,Car,No,Offside,2010
200901VW40090,B,282,B,282,Serious,None,28-12-2021,Wednesday,1,Give way or uncontrolled,Slip road,28.56487193,Darkness - lights lit,522290,168220,77.31203688,E01003469,1,3,0,0,Wet or damp,Dual carriageway,None,50,22:10:00,Urban,Raining no high winds,No,26 - 35,6,Urban area,10,999,None,None,Other/Not known (2005-10),Cleared junction or waiting/parked at junction exit,,VTR 1000 S-3,Petrol,Male,None,No tow/articulation,Did not leave carriageway,0,Going ahead other,1,Motorcycle over 500cc,No,Did not impact,2021
20104100F0428,A,405,A,405,Serious,None,26-06-2021,Friday,1,Auto traffic signal,More than 4 arms (not roundabout),28.50777723,Daylight,511990,202210,77.10441018,E01023732,1,3,0,7,Dry,Dual carriageway,None,50,11:26:00,Urban,Fine no high winds,No,26 - 35,6,Data missing or out of range,NA,1870,None,Road sign or traffic signal,Journey as part of work,Approaching junction or waiting/parked at junction approach,,TRAFIC SL27 DCI 100 SWB,Heavy oil,Male,None,No tow/articulation,Offside on to central reservation,0,Going ahead other,1,Van / Goods 3.5 tonnes mgw or under,No,Front,2019
201042I199906,B,1008,Unclassified,0,Serious,None,21-01-2019,Friday,1,Give way or uncontrolled,T or staggered junction,8.880932723,Daylight,570880,213290,76.6530752,E01021540,2,2,0,0,Dry,Single carriageway,None,50,06:45:00,Rural,Fine no high winds,No,26 - 35,6,Rural,7,1951,None,None,Journey as part of work,Approaching junction or waiting/parked at junction approach,,FREELANDER TD4 S H/B,Heavy oil,Male,None,No tow/articulation,Did not leave carriageway,0,Going ahead other,2,Car,No,Front,2020
200750A22B746,A,393,NA,0,Serious,None,29-07-2021,Thursday,1,Not at junction or within 20 metres,Not at junction or within 20 metres,28.63045433,Daylight,173200,39810,77.2303295,E01018829,1,2,0,0,Flood over 3cm. deep,Single carriageway,None,50,08:03:00,Rural,Fine no high winds,No,26 - 35,6,Rural,4,1796,None,Entered ditch,Data missing or out of range,Not at or within 20 metres of junction,,ZR+ STEPSPEED,Petrol,Male,Overturned,No tow/articulation,Nearside,0,Overtaking moving vehicle - offside,1,Car,No,Front,2021
200901SX20536,A,406,NA,0,Serious,None,04-06-2020,Thursday,1,Data missing or out of range,Not at junction or within 20 metres,19.15307053,Daylight,523240,187570,72.91955403,E01000307,1,2,0,0,Dry,Dual carriageway,None,50,08:46:00,Urban,Fine no high winds,No,26 - 35,6,Data missing or out of range,NA,599,None,None,Other/Not known (2005-10),Not at or within 20 metres of junction,,CBR 600 RR-3,Petrol,Male,None,No tow/articulation,Did not leave carriageway,0,Going ahead other,2,Motorcycle over 500cc,No,Nearside,2021
201001SX21003,A,406,NA,0,Serious,None,26-09-2010,Sunday,1,Data missing or out of range,Not at junction or within 20 metres,51.59404,Daylight,525790,189920,-0.185415,E01000210,1,5,0,0,Dry,Dual carriageway,None,50,17:31:00,Urban,Fine no high winds,No,26 - 35,6,Urban area,3,1896,None,None,Other/Not known (2005-10),Not at or within 20 metres of junction,VOLKSWAGEN,SHARAN SE TDI 115 AUTO,Heavy oil,Male,None,No tow/articulation,Did not leave carriageway,0,Slowing or stopping,5,Car,No,Front,2010
20104100D0441,B,4505,NA,0,Serious,None,30-01-2021,Wednesday,2,Not at junction or within 20 metres,Not at junction or within 20 metres,28.5989695,Daylight,502270,204760,77.27712542,E01023377,1,2,0,0,Dry,Single carriageway,None,50,14:45:00,Rural,Fine no high winds,No,26 - 35,6,Data missing or out of range,NA,2188,None,None,Other/Not known (2005-10),Not at or within 20 metres of junction,,ESPACE EXPRESSION DCI,Heavy oil,Female,None,No tow/articulation,Did not leave carriageway,0,Overtaking moving vehicle - offside,1,Car,No,Nearside,2020
201043N274100,A,40,Unclassified,1954,Serious,None,19-04-2020,Saturday,1,Give way or uncontrolled,T or staggered junction,28.70386093,Daylight,495580,189900,77.07950676,E01017800,1,2,0,0,Dry,Dual carriageway,None,50,09:05:00,Rural,Fine no high winds,No,26 - 35,6,Urban area,5,1198,None,None,Other/Not known (2005-10),Entering main road,,IBIZA SX,Petrol,Female,None,No tow/articulation,Did not leave carriageway,0,U-turn,1,Car,No,Nearside,2020
201043P186050,A,40,Unclassified,0,Serious,None,15-11-2021,Saturday,1,Give way or uncontrolled,T or staggered junction,19.18519622,Daylight,455880,207390,72.93772398,E01028572,1,2,0,0,Dry,Dual carriageway,None,50,12:58:00,Urban,Fine no high winds,No,26 - 35,6,Rural,8,1390,None,None,Other/Not known (2005-10),Cleared junction or waiting/parked at junction exit,,POLO TWIST,Petrol,Female,None,No tow/articulation,Did not leave carriageway,0,Turning right,1,Car,No,Back,2021
2009170S20309,A,689,NA,0,Serious,None,06-01-2019,Friday,1,Data missing or out of range,Not at junction or within 20 metres,23.56052781,Daylight,445380,525960,69.5668211,E01012297,5,2,0,0,Dry,Dual carriageway,None,50,08:15:00,Rural,Fine no high winds,No,26 - 35,6,Urban area,1,1396,None,None,Other/Not known (2005-10),Not at or within 20 metres of junction,,ZR,Petrol,Female,None,No tow/articulation,Did not leave carriageway,0,Going ahead other,1,Car,No,Front,2021
201001RG40018,A,2016,NA,0,Serious,Any animal in carriageway (except ridden horse),11-01-2010,Monday,1,Data missing or out of range,Not at junction or within 20 metres,51.498428,Daylight,546300,179830,0.106288,E01001689,3,1,0,0,Snow,Dual carriageway,None,50,09:10:00,Urban,Fine no high winds,No,26 - 35,6,Urban area,1,1240,Kerb,Central crash barrier,Other/Not known (2005-10),Not at or within 20 metres of junction,NISSAN,MICRA SX,Petrol,Female,None,No tow/articulation,Offside on to centrl res + rebounded,0,Going ahead other,1,Car,No,Offside,2010
200805BB28968,A,565,NA,0,Serious,None,18-10-2020,Sunday,1,Data missing or out of range,Not at junction or within 20 metres,22.96548993,Darkness - lights lit,332500,402970,72.55383658,E01007076,2,1,0,0,Dry,Single carriageway,None,50,02:20:00,Rural,Fine no high winds,No,36 - 45,6,Data missing or out of range,NA,1794,None,Tree,Other/Not known (2005-10),Not at or within 20 metres of junction,,CELICA VVTI,Petrol,Male,None,No tow/articulation,Nearside,0,Going ahead other,1,Car,No,Nearside,2019
20084100G0283,A,602,NA,0,Serious,None,25-06-2020,Thursday,1,Not at junction or within 20 metres,Not at junction or within 20 metres,26.47206121,Darkness - lights lit,518260,228470,74.64594653,E01023614,3,2,0,0,Dry,Single carriageway,None,50,22:49:00,Rural,Fine no high winds,No,36 - 45,6,Rural,5,1396,None,Lamp post,Other/Not known (2005-10),Not at or within 20 metres of junction,,25 IMPRESSION 2,Petrol,Male,None,No tow/articulation,Nearside,0,Going ahead right-hand bend,2,Car,No,Front,2020
200901TC00308,A,406,NA,0,Serious,None,05-08-2020,Friday,1,Data missing or out of range,Not at junction or within 20 metres,27.09760789,Darkness - lights lit,542360,187390,93.61024285,E01003693,1,1,0,0,Dry,Dual carriageway,None,50,06:34:00,Urban,Fine no high winds,No,36 - 45,6,Urban area,7,2402,None,None,Journey as part of work,Not at or within 20 metres of junction,,TRANSIT 350 LWB,Heavy oil,Male,Skidded,No tow/articulation,Did not leave carriageway,0,Going ahead other,1,Van / Goods 3.5 tonnes mgw or under,No,Front,2019
201006A026211,A(M),57,NA,0,Serious,None,02-01-2010,Saturday,1,Data missing or out of range,Not at junction or within 20 metres,53.473006,Darkness - lights lit,384660,397390,-2.232584,E01005066,2,2,0,0,Frost or ice,Dual carriageway,None,50,06:50:00,Urban,Fine no high winds,No,36 - 45,6,Urban area,1,1598,None,Central crash barrier,Other/Not known (2005-10),Not at or within 20 metres of junction,RENAULT,MEGANE DYNAMIQUE 16V,Petrol,Male,Skidded,No tow/articulation,Did not leave carriageway,0,Going ahead other,1,Car,No,Offside,2010
200943W101089,A,339,NA,0,Serious,None,19-09-2021,Saturday,1,Data missing or out of range,Not at junction or within 20 metres,28.71512804,Darkness - lights lit,450270,163830,77.26864711,E01016293,2,2,0,0,Dry,Dual carriageway,None,50,01:04:00,Rural,Fine no high winds,No,36 - 45,6,Small town,9,1798,None,None,Other/Not known (2005-10),Not at or within 20 metres of junction,,6 TS,Petrol,Female,None,No tow/articulation,Did not leave carriageway,0,Overtaking moving vehicle - offside,2,Car,No,Front,2020
201043N117110,Unclassified,30,Unclassified,953,Serious,None,26-11-2020,Friday,1,Give way or uncontrolled,T or staggered junction,27.08809356,Darkness - no lighting,502220,181680,93.61278127,E01017835,1,2,0,0,Wet or damp,Single carriageway,None,50,06:50:00,Rural,Fine + high winds,No,36 - 45,6,Data missing or out of range,NA,1796,None,None,Journey as part of work,Approaching junction or waiting/parked at junction approach,,VECTRA DESIGN DUAL FUEL,Gas/Bi-fuel,Male,None,No tow/articulation,Did not leave carriageway,0,Going ahead other,2,Car,No,Front,2019
200832B189308,A,151,C,702,Serious,None,19-11-2019,Friday,1,Give way or uncontrolled,T or staggered junction,14.70715153,Daylight,521170,322330,78.56939416,E01026259,1,3,0,0,Dry,Single carriageway,None,50,09:30:00,Urban,Fine no high winds,No,36 - 45,6,Urban area,9,1998,None,None,Journey as part of work,Approaching junction or waiting/parked at junction approach,,TRANSIT 280 SWB TD,Heavy oil,Male,None,No tow/articulation,Did not leave carriageway,0,Going ahead other,3,Van / Goods 3.5 tonnes mgw or under,No,Did not impact,2019
200901TC00168,A,406,NA,0,Serious,None,10-10-2021,Wednesday,1,Data missing or out of range,Not at junction or within 20 metres,25.7819382,Daylight,535810,192250,87.4883416,E01001559,2,1,0,0,Dry,Dual carriageway,None,50,08:55:00,Urban,Fine no high winds,No,36 - 45,6,Urban area,8,1753,None,Near/Offside crash barrier,Commuting to/from work,Not at or within 20 metres of junction,,TRAN CONNECT LX TDCI SWB,Heavy oil,Male,None,No tow/articulation,Nearside and rebounded,0,Going ahead other,1,Van / Goods 3.5 tonnes mgw or under,No,Nearside,2019
200945SU43631,A,322,A,30,Serious,None,01-09-2020,Wednesday,1,Give way or uncontrolled,Slip road,22.69978689,Daylight,491500,164230,75.90805282,E01030758,1,3,0,0,Dry,Dual carriageway,Auto traffic signal - out,50,15:43:00,Rural,Fine no high winds,No,36 - 45,6,Urban area,3,124,None,None,Other/Not known (2005-10),Entering main road,,X9 125,Petrol,Male,None,No tow/articulation,Did not leave carriageway,0,Going ahead left-hand bend,1,Motorcycle over 125cc and up to 500cc,No,Front,2020
200945SU39956,A,30,B,386,Serious,None,05-12-2020,Thursday,1,Stop sign,T or staggered junction,28.5802696,Daylight,492300,164830,77.12591748,E01030810,1,2,0,0,Dry,Single carriageway,None,50,13:05:00,Rural,Fine no high winds,No,36 - 45,6,Urban area,4,6370,None,None,Journey as part of work,Mid Junction - on roundabout or on main road,,,Heavy oil,Male,None,No tow/articulation,Did not leave carriageway,0,Turning right,1,Goods 7.5 tonnes mgw and over,No,Front,2021
201042I135805,A,1013,NA,0,Serious,None,15-02-2020,Monday,1,Not at junction or within 20 metres,Not at junction or within 20 metres,18.53848339,Daylight,568110,182830,73.74205445,E01015989,2,2,0,0,Dry,Single carriageway,None,50,16:22:00,Rural,Fine no high winds,No,36 - 45,6,Small town,7,1753,None,None,Other/Not known (2005-10),Not at or within 20 metres of junction,,FOCUS GHIA TDCI,Heavy oil,Male,None,No tow/articulation,Did not leave carriageway,0,Going ahead right-hand bend,2,Car,No,Front,2021
200742I271807,B,148,NA,0,Serious,None,28-06-2020,Saturday,1,Not at junction or within 20 metres,Not at junction or within 20 metres,14.71179606,Daylight,566150,188850,78.61032047,E01021277,1,1,0,0,Dry,Single carriageway,None,50,16:00:00,Urban,Fine no high winds,No,36 - 45,6,Urban area,4,599,None,None,Other/Not known (2005-10),Not at or within 20 metres of junction,,GSX R600 K1,Petrol,Male,None,No tow/articulation,Did not leave carriageway,0,Going ahead right-hand bend,1,Motorcycle over 500cc,No,Nearside,2019
20093102D2240,A,6096,A,6096,Serious,None,09-05-2020,Thursday,2,Give way or uncontrolled,Roundabout,27.09489247,Daylight,447590,342700,93.63269725,E01028106,1,1,0,0,Wet or damp,Roundabout,None,50,09:30:00,Rural,Fine no high winds,No,36 - 45,6,Urban area,4,1471,None,None,Commuting to/from work,Leaving roundabout,,VN 1500 P2H,Petrol,Male,None,No tow/articulation,Did not leave carriageway,0,Going ahead other,1,Motorcycle over 500cc,No,Nearside,2019
201001SX20543,A,41,NA,0,Serious,None,15-05-2010,Saturday,1,Data missing or out of range,Not at junction or within 20 metres,51.591108,Daylight,522370,189510,-0.234906,E01000239,3,7,0,0,Dry,Dual carriageway,None,50,12:45:00,Urban,Fine no high winds,No,36 - 45,6,Urban area,5,1997,None,None,Other/Not known (2005-10),Not at or within 20 metres of junction,CITROEN,XSARA PICASSO DESIRE 2HDI,Heavy oil,Male,None,No tow/articulation,Did not leave carriageway,0,Waiting to go - held up,4,Car,No,Nearside,2010
200901XH30542,A,408,A,408,Serious,None,14-06-2020,Monday,1,Auto traffic signal,More than 4 arms (not roundabout),14.7948679,Daylight,507470,178780,78.47209137,E01002446,3,3,0,0,Dry,Dual carriageway,None,50,16:45:00,Urban,Fine no high winds,No,36 - 45,6,Urban area,4,1998,None,None,Journey as part of work,Approaching junction or waiting/parked at junction approach,,MONDEO LX TDCI,Heavy oil,Female,None,No tow/articulation,Did not leave carriageway,0,Moving off,2,Car,No,Front,2019