Accident_Index,1st_Road_Class,1st_Road_Number,2nd_Road_Class,2nd_Road_Number,Accident_Severity,Carriageway_Hazards,Date,Day_of_Week,Did_Police_Officer_Attend_Scene_of_Accident,Junction_Control,Junction_Detail,Latitude,Light_Conditions,Location_Easting_OSGR,Location_Northing_OSGR,Longitude,LSOA_of_Accident_Location,Number_of_Casualties,Number_of_Vehicles,Pedestrian_Crossing-Human_Control,Pedestrian_Crossing-Physical_Facilities,Road_Surface_Conditions,Road_Type,Special_Conditions_at_Site,Speed_limit,Time,Urban_or_Rural_Area,Weather_Conditions,InScotland,Age_Band_of_Driver,Age_of_Vehicle,Driver_Home_Area_Type,Driver_IMD_Decile,Engine_Capacity_.CC.,Hit_Object_in_Carriageway,Hit_Object_off_Carriageway,Journey_Purpose_of_Driver,Junction_Location,make,model,Propulsion_Code,Sex_of_Driver,Skidding_and_Overturning,Towing_and_Articulation,Vehicle_Leaving_Carriageway,Vehicle_Location.Restricted_Lane,Vehicle_Manoeuvre,Vehicle_Reference,Vehicle_Type,Was_Vehicle_Left_Hand_Drive,X1st_Point_of_Impact,Year
201042I239407,B,1026,NA,0,Serious,None,16-08-2021,Thursday,1,Not at junction or within 20 metres,Not at junction or within 20 metres,25.77901811,Daylight,597600,221890,87.45438016,E01021721,1,1,0,0,Dry,Single carriageway,None,50,19:27:00,Rural,Fine no high winds,No,36 - 45,6,Rural,10,1599,None,Tree,Other/Not known (2005-10),Not at or within 20 metres of junction,,MATRIX GSI,Petrol,Female,Skidded and overturned,No tow/articulation,Nearside,0,Going ahead other,1,Car,No,Nearside,2019
200911ND13039,A,690,C,120,Serious,None,03-05-2019,Friday,1,Give way or uncontrolled,T or staggered junction,15.31477866,Daylight,431890,546010,74.08198088,E01020726,2,3,0,0,Dry,Dual carriageway,None,50,17:40:00,Rural,Fine no high winds,No,36 - 45,6,Small town,2,1386,None,None,Other/Not known (2005-10),Approaching junction or waiting/parked at junction approach,,MICRA SX,Petrol,Female,None,No tow/articulation,Did not leave carriageway,0,Going ahead other,3,Car,No,Front,2019
201004EN10085,A,682,NA,0,Serious,None,16-08-2010,Monday,1,Data missing or out of range,Not at junction or within 20 metres,53.959608,Daylight,384020,451530,-2.245038,E01025331,1,2,0,0,Dry,Single carriageway,None,50,18:23:00,Rural,Fine no high winds,No,36 - 45,6,Data missing or out of range,NA,2495,None,None,Other/Not known (2005-10),Not at or within 20 metres of junction,LAND ROVER,DEFENDER 90 TD5,Heavy oil,Female,None,Single trailer,Did not leave carriageway,0,Turning right,1,Car,No,Did not impact,2010
200945RU47549,A,317,NA,0,Serious,None,17-04-2021,Tuesday,1,Data missing or out of range,Not at junction or within 20 metres,14.7105661,Daylight,505720,165290,78.52269003,E01030649,2,2,0,0,Wet or damp,Single carriageway,None,50,14:48:00,Urban,Raining no high winds,No,36 - 45,6,Urban area,8,1686,None,None,Journey as part of work,Not at or within 20 metres of junction,,ASTRA LS DTI,Heavy oil,Female,None,No tow/articulation,Did not leave carriageway,0,Overtaking moving vehicle - offside,1,Car,No,Front,2019
200945TA43747,A,22,Unclassified,0,Serious,None,04-05-2020,Saturday,1,Give way or uncontrolled,T or staggered junction,26.47914724,Daylight,536380,141740,80.32979,E01030823,3,3,0,0,Dry,Single carriageway,None,50,16:10:00,Rural,Unknown,No,36 - 45,6,Rural,7,1124,None,None,Other/Not known (2005-10),Approaching junction or waiting/parked at junction approach,,206 LX,Petrol,Female,None,No tow/articulation,Did not leave carriageway,0,Going ahead other,1,Car,No,Front,2020
200842I377510,A,176,NA,0,Serious,None,24-03-2021,Monday,1,Not at junction or within 20 metres,Not at junction or within 20 metres,14.75115313,Darkness - lights lit,570180,187470,78.61980847,E01021297,1,1,0,0,Dry,Dual carriageway,None,50,17:45:00,Urban,Fine no high winds,No,46 - 55,6,Urban area,7,2999,None,None,Other/Not known (2005-10),Not at or within 20 metres of junction,,NKR 77 TURBO ELECTRIC DI,Heavy oil,Male,Skidded,No tow/articulation,Did not leave carriageway,0,Going ahead other,1,Van / Goods 3.5 tonnes mgw or under,No,Front,2019
200997UD70401,A,77,NA,0,Serious,None,25-04-2020,Monday,1,Data missing or out of range,Not at junction or within 20 metres,8.868603158,Darkness - lights lit,236740,622840,76.6269594,,1,4,0,0,Wet or damp,Single carriageway,None,50,16:40:00,Rural,Fine no high winds,Yes,46 - 55,6,Data missing or out of range,NA,1598,None,None,Other/Not known (2005-10),Not at or within 20 metres of junction,,LEON S 16V,Petrol,Male,None,No tow/articulation,Did not leave carriageway,0,Going ahead other,2,Car,No,Front,2020
201043N068050,A,413,NA,0,Serious,None,14-10-2021,Saturday,1,Data missing or out of range,Not at junction or within 20 metres,14.74960825,Darkness - lights unlit,499950,191900,78.50939491,E01017756,5,2,0,0,Dry,Single carriageway,None,50,23:38:00,Urban,Fine no high winds,No,46 - 55,6,Urban area,6,2148,None,None,Journey as part of work,Not at or within 20 metres of junction,,E220 CDI CLASSIC,Heavy oil,Male,None,No tow/articulation,Nearside,0,Going ahead other,2,Taxi/Private hire car,No,Front,2019
201043N068050,A,413,NA,0,Serious,None,28-04-2019,Saturday,1,Data missing or out of range,Not at junction or within 20 metres,27.09066832,Darkness - lights unlit,499950,191900,93.6314128,E01017756,5,2,0,0,Dry,Single carriageway,None,50,23:38:00,Urban,Fine no high winds,No,46 - 55,6,Urban area,5,3936,None,None,Other/Not known (2005-10),Not at or within 20 metres of junction,,A8 TDI QUATTRO AUTO,Heavy oil,Male,None,No tow/articulation,Did not leave carriageway,0,Going ahead other,1,Car,No,Front,2019
200843P338018,B,4044,NA,0,Serious,None,22-04-2021,Sunday,1,Data missing or out of range,Not at junction or within 20 metres,19.11469947,Darkness - no lighting,446150,206430,72.89531464,E01028708,4,2,0,0,Dry,Single carriageway,None,50,20:00:00,Rural,Fine no high winds,No,46 - 55,6,Urban area,10,1997,None,None,Other/Not known (2005-10),Not at or within 20 metres of junction,,C5 HDI LX,Heavy oil,Male,None,No tow/articulation,Did not leave carriageway,0,Going ahead other,2,Car,No,Front,2021
200942I382111,A,128,NA,0,Serious,None,21-07-2019,Thursday,2,Not at junction or within 20 metres,Not at junction or within 20 metres,19.12071,Darkness - no lighting,565260,182620,72.83521906,E01015980,2,3,0,0,Wet or damp,Single carriageway,None,50,17:48:00,Rural,Raining no high winds,No,46 - 55,6,Urban area,8,9364,None,None,Journey as part of work,Not at or within 20 metres of junction,,,Heavy oil,Male,None,No tow/articulation,Did not leave carriageway,0,Going ahead other,2,Goods 7.5 tonnes mgw and over,No,Front,2021
200932C285309,A,52,A,627,Serious,None,23-07-2019,Sunday,1,Give way or uncontrolled,Crossroads,25.78480148,Daylight,548030,355260,87.45782992,E01026111,2,2,0,0,Dry,Single carriageway,None,50,14:00:00,Rural,Fine no high winds,No,46 - 55,6,Small town,7,2402,None,None,Journey as part of work,Entering main road,,TRANSIT 350 MWB TD,Heavy oil,Male,None,No tow/articulation,Did not leave carriageway,0,Going ahead other,1,Goods over 3.5t. and under 7.5t,No,Nearside,2019
201043P167110,B,4035,NA,0,Serious,None,23-01-2021,Tuesday,1,Data missing or out of range,Not at junction or within 20 metres,28.46471476,Daylight,442820,239210,77.050319,E01028503,2,2,0,0,Wet or damp,Single carriageway,None,50,11:30:00,Rural,Fine no high winds,No,46 - 55,6,Rural,7,1229,None,None,Journey as part of work,Not at or within 20 metres of junction,,CORSA ENERGY TWINPORT S-A,Petrol,Male,None,No tow/articulation,Did not leave carriageway,0,Going ahead left-hand bend,2,Car,No,Front,2019
2008558C02455,A,338,NA,0,Serious,None,06-07-2019,Friday,1,Not at junction or within 20 metres,Not at junction or within 20 metres,8.873019895,Daylight,407710,91430,76.69230283,E01015372,2,2,0,0,Dry,Single carriageway,None,50,18:36:00,Urban,Fine no high winds,No,46 - 55,6,Urban area,5,2976,None,None,Commuting to/from work,Not at or within 20 metres of junction,,A4 SPORT CABRIOLET AUTO,Petrol,Male,None,No tow/articulation,Did not leave carriageway,0,U-turn,1,Car,No,Offside,2020
20093102D0493,A,46,NA,0,Serious,None,16-09-2019,Sunday,1,Data missing or out of range,Not at junction or within 20 metres,28.64390275,Darkness - lights lit,468920,339770,77.17928849,E01028360,2,3,0,0,Dry,Single carriageway,None,60,20:03:00,Rural,Fine no high winds,No,16 - 20,6,Small town,9,1753,None,None,Other/Not known (2005-10),Not at or within 20 metres of junction,,FOCUS LX TD DI,Heavy oil,Male,None,No tow/articulation,Did not leave carriageway,0,Going ahead other,3,Car,No,Offside,2020
200804CK08046,A,5147,Unclassified,0,Serious,None,16-03-2020,Wednesday,1,Give way or uncontrolled,T or staggered junction,8.86603631,Darkness - lights lit,336100,408090,76.60998124,E01025474,1,1,0,0,Dry,Single carriageway,None,60,19:25:00,Rural,Fine no high winds,No,16 - 20,6,Urban area,6,1149,None,None,Other/Not known (2005-10),Cleared junction or waiting/parked at junction exit,,CLIO DYNAMIQUE 16V,Petrol,Female,None,No tow/articulation,Did not leave carriageway,0,Going ahead other,1,Car,No,Front,2020
200945EL40255,A,245,NA,0,Serious,None,11-01-2021,Monday,1,Data missing or out of range,Not at junction or within 20 metres,28.46174778,Darkness - lights lit,509740,160570,77.02446625,E01030318,6,2,0,0,Wet or damp,Single carriageway,None,60,23:22:00,Rural,Raining no high winds,No,16 - 20,6,Urban area,10,998,None,None,Other/Not known (2005-10),Not at or within 20 metres of junction,,MICRA E,Petrol,Male,Skidded,No tow/articulation,Did not leave carriageway,0,Going ahead left-hand bend,1,Car,No,Front,2019
20074100F4733,A,5183,C,62,Serious,None,05-05-2021,Friday,1,Give way or uncontrolled,Roundabout,28.65270027,Darkness - lights lit,513740,207820,77.19780101,E01023745,1,2,0,0,Wet or damp,Roundabout,None,60,03:38:00,Rural,Raining no high winds,No,16 - 20,6,Urban area,8,487,None,None,Other/Not known (2005-10),Mid Junction - on roundabout or on main road,,GS500K1,Petrol,Male,None,No tow/articulation,Did not leave carriageway,0,Slowing or stopping,2,Motorcycle over 500cc,No,Front,2021
200863BC03508,B,4571,Unclassified,0,Serious,None,01-06-2019,Friday,1,Give way or uncontrolled,T or staggered junction,14.66978503,Darkness - no lighting,236090,246620,78.62652401,W01000551,1,2,0,0,Dry,Single carriageway,None,60,21:03:00,Rural,Fine + high winds,No,16 - 20,6,Rural,NA,1339,None,Other permanent object,Other/Not known (2005-10),Mid Junction - on roundabout or on main road,,JAZZ SE SPORT,Petrol,Male,Skidded and overturned,No tow/articulation,Nearside and rebounded,0,Going ahead left-hand bend,1,Car,No,Front,2019
200945SU34658,Unclassified,0,NA,0,Serious,Previous accident,14-12-2019,Friday,1,Data missing or out of range,Not at junction or within 20 metres,14.68306025,Darkness - no lighting,495900,159620,78.50615385,E01030762,4,4,0,0,Frost or ice,Single carriageway,None,60,22:58:00,Rural,Fine no high winds,No,16 - 20,6,Urban area,10,998,Parked vehicle,None,Other/Not known (2005-10),Not at or within 20 metres of junction,,YARIS GLS,Petrol,Male,Skidded,No tow/articulation,Offside,0,Going ahead right-hand bend,4,Car,No,Front,2019
200934WS06939,C,6,NA,0,Serious,None,13-09-2021,Thursday,1,Data missing or out of range,Not at junction or within 20 metres,8.869310579,Darkness - no lighting,463070,250160,76.63304474,E01027262,1,2,0,0,Frost or ice,Single carriageway,None,60,19:23:00,Rural,Fine no high winds,No,16 - 20,6,Urban area,8,1396,None,None,Other/Not known (2005-10),Not at or within 20 metres of junction,,ZR,Petrol,Male,None,No tow/articulation,Did not leave carriageway,0,Going ahead left-hand bend,1,Car,No,Front,2020
2007557E03000,A,31,NA,0,Serious,None,08-03-2021,Wednesday,1,Not at junction or within 20 metres,Not at junction or within 20 metres,8.874237631,Darkness - no lighting,406210,101870,76.68859177,E01020408,2,2,0,0,Dry,Single carriageway,Roadworks,60,21:57:00,Rural,Fine no high winds,No,16 - 20,6,Urban area,9,2179,None,None,Other/Not known (2005-10),Not at or within 20 metres of junction,,C5 HDI EXCLUSIVE SE,Heavy oil,Male,Skidded,No tow/articulation,Offside,0,Going ahead other,1,Car,No,Front,2020
200942I342010,B,1256,Unclassified,0,Serious,None,13-11-2019,Saturday,1,Give way or uncontrolled,T or staggered junction,26.45212641,Darkness - no lighting,566560,222490,74.64261075,E01022065,1,2,0,0,Dry,Single carriageway,None,60,19:31:00,Rural,Fine no high winds,No,16 - 20,6,Urban area,10,1299,None,None,Other/Not known (2005-10),Approaching junction or waiting/parked at junction approach,,KA STYLE,Petrol,Male,Overturned,No tow/articulation,Nearside,0,Going ahead other,2,Car,No,Did not impact,2020
200743N307127,C,70,Unclassified,144,Serious,None,05-05-2019,Thursday,1,Give way or uncontrolled,T or staggered junction,28.61617257,Darkness - no lighting,471640,207740,77.29182025,E01017676,1,1,0,0,Wet or damp,Single carriageway,None,60,22:34:00,Rural,Fine no high winds,No,16 - 20,6,Small town,7,1242,None,None,Other/Not known (2005-10),Approaching junction or waiting/parked at junction approach,,FIESTA BLACK,Petrol,Male,Skidded,No tow/articulation,Offside,0,Going ahead left-hand bend,1,Car,No,Nearside,2021
200942I010201,B,194,NA,0,Serious,None,29-05-2019,Wednesday,1,Not at junction or within 20 metres,Not at junction or within 20 metres,26.04909756,Darkness - no lighting,538170,202360,85.31418952,E01021812,1,1,0,0,Wet or damp,Single carriageway,None,60,18:17:00,Rural,Fine no high winds,No,16 - 20,6,Urban area,7,1399,None,Tree,Other/Not known (2005-10),Not at or within 20 metres of junction,,FIESTA ZETEC TDCI,Heavy oil,Male,Skidded and overturned,No tow/articulation,Nearside,0,Going ahead other,1,Car,No,Nearside,2021
201014K255110,C,64,Unclassified,0,Serious,None,02-10-2010,Saturday,1,Give way or uncontrolled,T or staggered junction,53.424159,Darkness - no lighting,429240,392020,-1.561449,E01008128,4,1,0,0,Dry,Single carriageway,None,60,20:56:00,Rural,Fine no high winds,No,16 - 20,6,Urban area,5,1360,None,Tree,Other/Not known (2005-10),Approaching junction or waiting/parked at junction approach,PEUGEOT,206 S,Petrol,Male,None,No tow/articulation,Nearside,0,Going ahead other,1,Car,No,Front,2010
201034TW45950,B,571,NA,0,Serious,None,24-05-2020,Sunday,1,Data missing or out of range,Not at junction or within 20 metres,26.74722261,Darkness - no lighting,491190,268430,94.19364485,E01027315,2,2,0,0,Wet or damp,Single carriageway,None,60,17:50:00,Rural,Fine no high winds,No,16 - 20,6,Rural,10,1600,None,None,Journey as part of work,Not at or within 20 metres of junction,,GOLF FSI SE,Petrol,Female,None,No tow/articulation,Did not leave carriageway,0,Going ahead left-hand bend,1,Car,No,Front,2019
200742I099703,Unclassified,0,NA,0,Serious,None,06-02-2021,Thursday,1,Not at junction or within 20 metres,Not at junction or within 20 metres,26.46472564,Darkness - no lighting,574230,229070,80.28716073,E01021413,2,1,0,0,Dry,Single carriageway,None,60,01:36:00,Rural,Fine no high winds,No,16 - 20,6,Rural,7,1598,None,Telegraph or electricity pole,Other/Not known (2005-10),Not at or within 20 metres of junction,,MEGANE DYNAMIQUE+ CABRIO,Petrol,Female,Skidded,No tow/articulation,Offside,0,Going ahead other,1,Car,No,Front,2020
2009400D01338,C,169,NA,0,Serious,Any animal in carriageway (except ridden horse),15-05-2021,Sunday,1,Data missing or out of range,Not at junction or within 20 metres,28.71082295,Darkness - no lighting,519130,233940,77.09058233,E01017376,6,1,0,0,Dry,Single carriageway,None,60,02:01:00,Rural,Fine no high winds,No,16 - 20,6,Urban area,8,1598,Any animal (except ridden horse),Telegraph or electricity pole,Other/Not known (2005-10),Not at or within 20 metres of junction,,GOLF MATCH,Petrol,Female,Skidded,No tow/articulation,Nearside and rebounded,0,Going ahead other,1,Car,No,Nearside,2020
2008170S11338,C,138,NA,0,Serious,None,06-01-2019,Sunday,1,Data missing or out of range,Not at junction or within 20 metres,27.10618,Darkness - no lighting,439820,520220,93.61716226,E01012294,1,1,0,0,Dry,Single carriageway,None,60,02:15:00,Rural,Fine no high winds,No,16 - 20,6,Urban area,7,1396,None,None,Other/Not known (2005-10),Not at or within 20 metres of junction,,CIVIC VISION,Petrol,Female,Overturned,No tow/articulation,Nearside and rebounded,0,Going ahead other,1,Car,No,Front,2019
201004AL10147,Unclassified,0,NA,0,Serious,None,30-08-2010,Monday,1,Data missing or out of range,Not at junction or within 20 metres,53.781096,Darkness - no lighting,338240,432050,-2.938766,E01025031,4,1,0,0,Dry,Single carriageway,None,60,22:45:00,Rural,Fine no high winds,No,16 - 20,6,Urban area,4,1149,None,None,Other/Not known (2005-10),Not at or within 20 metres of junction,RENAULT,CLIO EXTREME 3 16V,Petrol,Female,Overturned,No tow/articulation,Offside,0,Going ahead left-hand bend,1,Car,No,Offside,2010
200863DP35708,A,470,NA,0,Serious,None,13-06-2020,Monday,1,Data missing or out of range,Not at junction or within 20 metres,27.09989609,Darkness - no lighting,300200,294630,93.61508494,W01000433,2,1,0,0,Wet or damp,Single carriageway,None,60,18:26:00,Rural,Raining no high winds,No,16 - 20,6,Data missing or out of range,NA,1396,None,None,Other/Not known (2005-10),Not at or within 20 metres of junction,,ZR+,Petrol,Male,Skidded and overturned,No tow/articulation,Offside,0,Going ahead left-hand bend,1,Car,No,Nearside,2019
20104100J0463,A,1081,NA,0,Serious,None,09-10-2020,Monday,1,Not at junction or within 20 metres,Not at junction or within 20 metres,12.97862407,Darkness - no lighting,523490,198730,77.53980341,E01023584,1,2,0,0,Wet or damp,Single carriageway,None,60,05:09:00,Rural,Raining no high winds,No,16 - 20,6,Urban area,6,1199,None,Entered ditch,Commuting to/from work,Not at or within 20 metres of junction,,CORSA DESIGN 16V,Petrol,Male,Skidded and overturned,No tow/articulation,Offside,0,Going ahead other,1,Car,No,Offside,2020
200897LA02806,A,811,NA,0,Serious,None,21-08-2020,Monday,1,Data missing or out of range,Not at junction or within 20 metres,8.892943003,Darkness - no lighting,240470,683670,76.69063594,,1,1,0,0,Wet or damp,Single carriageway,None,60,00:30:00,Rural,Raining no high winds,Yes,16 - 20,6,Rural,NA,1360,None,Other permanent object,Journey as part of work,Not at or within 20 metres of junction,,C3 SX,Petrol,Male,Skidded,No tow/articulation,Nearside and rebounded,0,Going ahead left-hand bend,1,Car,No,Nearside,2020
200811ND01088,C,65,NA,0,Serious,None,28-03-2019,Friday,1,Data missing or out of range,Not at junction or within 20 metres,26.45478997,Darkness - no lighting,436690,540380,74.64287477,E01020729,2,1,0,0,Wet or damp,Single carriageway,None,60,21:45:00,Rural,Raining no high winds,No,16 - 20,6,Data missing or out of range,NA,1242,None,Other permanent object,Other/Not known (2005-10),Not at or within 20 metres of junction,,PUNTO ACTIVE,Petrol,Male,None,No tow/articulation,Offside,0,Going ahead right-hand bend,1,Car,No,Front,2020
200797QC04911,A,702,NA,0,Serious,None,11-06-2021,Friday,1,Data missing or out of range,Not at junction or within 20 metres,18.57728006,Darkness - no lighting,309980,646050,73.74287396,,2,6,0,0,Wet or damp,Single carriageway,None,60,17:45:00,Rural,Raining no high winds,Yes,16 - 20,6,Urban area,NA,1497,None,None,Other/Not known (2005-10),Not at or within 20 metres of junction,,ALMERA ACTIV,Petrol,Male,None,No tow/articulation,Did not leave carriageway,0,Going ahead other,2,Car,No,Offside,2021
200842I156004,B,1027,Unclassified,0,Serious,None,27-12-2021,Wednesday,1,Give way or uncontrolled,Other junction,14.71933092,Darkness - no lighting,604530,223730,78.59928762,E01021737,2,2,0,0,Wet or damp,Single carriageway,None,60,22:55:00,Rural,Raining no high winds,No,16 - 20,6,Urban area,5,1149,None,Road sign or traffic signal,Other/Not known (2005-10),Mid Junction - on roundabout or on main road,,CLIO DYNAMIQUE 16V,Petrol,Male,None,No tow/articulation,Nearside,0,Going ahead other,1,Car,No,Offside,2019
200997LA02608,A,82,NA,0,Serious,None,06-11-2020,Monday,1,Data missing or out of range,Not at junction or within 20 metres,15.28503902,Darkness - no lighting,232580,713690,73.99789339,,1,1,0,0,Wet or damp,Single carriageway,None,60,00:40:00,Rural,Raining no high winds,Yes,16 - 20,6,Urban area,NA,973,None,Other permanent object,Other/Not known (2005-10),Not at or within 20 metres of junction,,CORSA ACTIVE 12V,Petrol,Female,Skidded,No tow/articulation,Offside and rebounded,0,Going ahead left-hand bend,1,Car,No,Front,2019
200991NM00638,B,9153,NA,0,Serious,None,26-09-2020,Saturday,1,Data missing or out of range,Not at junction or within 20 metres,28.489486,Darkness - no lighting,290950,822200,77.0379678,,4,1,0,0,Wet or damp,Single carriageway,None,60,22:10:00,Rural,Raining no high winds,Yes,16 - 20,6,Rural,NA,998,None,Entered ditch,Other/Not known (2005-10),Not at or within 20 metres of junction,,CORSA ACTIVE TWINPORT,Petrol,Female,Overturned,No tow/articulation,Offside,0,Going ahead left-hand bend,1,Car,No,Offside,2019
201014A191610,A,614,NA,0,Serious,None,25-11-2010,Thursday,1,Not at junction or within 20 metres,Not at junction or within 20 metres,53.652601,Darkness - no lighting,466910,417820,-0.989128,E01007632,4,1,0,0,Snow,Single carriageway,None,60,20:34:00,Rural,Snowing no high winds,No,16 - 20,6,Urban area,9,1242,None,Entered ditch,Other/Not known (2005-10),Not at or within 20 metres of junction,FIAT,PUNTO ACTIVE 8V,Petrol,Female,Skidded and overturned,No tow/articulation,Nearside,0,Going ahead left-hand bend,1,Car,No,Front,2010
200954EG23309,Unclassified,0,Unclassified,0,Serious,None,04-07-2020,Monday,1,Give way or uncontrolled,Crossroads,14.69521069,Daylight,391130,153600,78.6090894,E01032056,1,2,0,0,Dry,Single carriageway,None,60,07:51:00,Rural,Fine no high winds,No,16 - 20,6,Urban area,3,1686,None,Entered ditch,Commuting to/from work,Mid Junction - on roundabout or on main road,,ASTRA ENVOY DTI,Heavy oil,Male,Skidded,No tow/articulation,Offside,0,Going ahead other,2,Van / Goods 3.5 tonnes mgw or under,No,Front,2019
201042I279708,B,172,NA,0,Serious,None,19-04-2019,Tuesday,1,Not at junction or within 20 metres,Not at junction or within 20 metres,27.10622179,Daylight,542930,199390,93.61835915,E01021788,2,2,0,0,Dry,Single carriageway,None,60,08:35:00,Rural,Fine no high winds,No,16 - 20,6,Small town,7,1149,None,None,Journey as part of work,Not at or within 20 metres of junction,,CLIO EXPRESSION 16V,Petrol,Male,None,No tow/articulation,Offside,0,Going ahead left-hand bend,1,Car,No,Front,2019
200991NK03389,A,964,NA,0,Serious,None,18-11-2021,Thursday,1,Data missing or out of range,Not at junction or within 20 metres,25.78264321,Daylight,343880,1009200,87.47826036,,1,2,0,0,Dry,Dual carriageway,None,60,12:05:00,Rural,Fine no high winds,Yes,16 - 20,6,Small town,NA,1461,None,None,Other/Not known (2005-10),Not at or within 20 metres of junction,,MEGANE EXPRESSION DCI 80,Heavy oil,Male,None,No tow/articulation,Did not leave carriageway,0,Turning right,1,Car,No,Front,2019
200763CP19307,Unclassified,0,NA,0,Serious,None,10-02-2020,Sunday,1,Data missing or out of range,Not at junction or within 20 metres,25.78643334,Daylight,227660,235900,87.49322376,,5,1,0,0,Wet or damp,Single carriageway,None,60,05:15:00,Rural,Fine no high winds,No,16 - 20,6,Data missing or out of range,NA,1850,None,Telegraph or electricity pole,Other/Not known (2005-10),Not at or within 20 metres of junction,,ACCORD VTEC SPORT,Petrol,Male,Overturned,No tow/articulation,Nearside and rebounded,0,Going ahead other,1,Car,No,Front,2019
201043P281050,Unclassified,221,NA,0,Serious,None,14-12-2021,Wednesday,1,Not at junction or within 20 metres,Not at junction or within 20 metres,22.07559332,Daylight,442330,199980,82.15620371,E01028726,1,2,0,0,Dry,Single carriageway,None,60,16:04:00,Rural,Fine no high winds,No,16 - 20,6,Rural,7,98,None,None,Other/Not known (2005-10),Not at or within 20 metres of junction,,YQ 100,Petrol,Male,Skidded,No tow/articulation,Did not leave carriageway,0,Going ahead left-hand bend,1,Motorcycle 125cc and under,No,Offside,2019
201043N218020,C,77,Unclassified,1792,Serious,None,28-10-2020,Wednesday,1,Give way or uncontrolled,T or staggered junction,8.86474596,Daylight,485940,200200,76.66721742,E01017869,1,3,0,0,Wet or damp,Single carriageway,None,60,15:00:00,Rural,Fine no high winds,No,16 - 20,6,Urban area,10,599,None,Tree,Other/Not known (2005-10),Cleared junction or waiting/parked at junction exit,,GSXR 600 K4,Petrol,Male,Skidded,No tow/articulation,Offside and rebounded,0,Going ahead left-hand bend,1,Motorcycle over 500cc,No,Front,2020
200922C901498,Unclassified,0,Unclassified,0,Serious,None,23-06-2020,Thursday,1,Give way or uncontrolled,Private drive or entrance,22.75596686,Daylight,391440,235080,75.91015284,E01032347,1,2,0,0,Dry,Single carriageway,None,60,10:50:00,Rural,Fine no high winds,No,16 - 20,6,Data missing or out of range,NA,599,None,None,Other/Not known (2005-10),Mid Junction - on roundabout or on main road,,DAYTONA 600,Petrol,Male,Skidded,No tow/articulation,Did not leave carriageway,0,Going ahead other,1,Motorcycle over 500cc,No,Front,2020
200863BC04708,A,485,Unclassified,0,Serious,None,13-10-2021,Thursday,1,Give way or uncontrolled,T or staggered junction,26.47273304,Daylight,265070,257120,80.32195259,W01000536,2,3,0,0,Dry,Single carriageway,None,60,07:26:00,Rural,Fine no high winds,No,16 - 20,6,Rural,NA,600,None,None,Journey as part of work,Approaching junction or waiting/parked at junction approach,,GSX 600 FK2,Petrol,Male,Skidded,No tow/articulation,Did not leave carriageway,0,Going ahead left-hand bend,1,Motorcycle over 500cc,No,Front,2020
200830B000131,A,6187,NA,0,Serious,None,23-05-2020,Thursday,1,Data missing or out of range,Not at junction or within 20 metres,28.69578385,Daylight,425740,380420,77.27109064,E01019614,1,2,0,0,Wet or damp,Single carriageway,None,60,13:35:00,Rural,Fine no high winds,No,16 - 20,6,Urban area,10,1339,None,None,Other/Not known (2005-10),Not at or within 20 metres of junction,,JAZZ SE,Petrol,Male,None,No tow/articulation,Did not leave carriageway,0,Slowing or stopping,1,Car,No,Back,2020
200850AP2M018,B,3311,NA,,Serious,None,27-08-2021,Friday,1,Give way or uncontrolled,Private drive or entrance,28.59703991,Daylight,149070,34180,77.19019765,E01018987,1,2,0,0,Dry,Single carriageway,None,60,16:48:00,Rural,Fine no high winds,No,16 - 20,6,Rural,5,1998,None,None,Journey as part of work,Entering main road,,TRANSIT 280 SWB TD,Heavy oil,Male,None,No tow/articulation,Did not leave carriageway,0,Turning right,1,Van / Goods 3.5 tonnes mgw or under,No,Front,2021
200937B042023,A,134,NA,0,Serious,None,03-11-2021,Sunday,1,Data missing or out of range,Not at junction or within 20 metres,18.54981749,Daylight,588580,252090,73.90188385,E01029881,2,2,0,0,Dry,Single carriageway,None,60,08:28:00,Rural,Fine no high winds,No,16 - 20,6,Rural,8,1390,None,Tree,Commuting to/from work,Not at or within 20 metres of junction,,GOLF MATCH,Petrol,Male,None,No tow/articulation,Offside,0,Going ahead left-hand bend,1,Car,No,Front,2021
200991NE10619,A,832,NA,0,Serious,None,09-12-2019,Tuesday,1,Data missing or out of range,Not at junction or within 20 metres,19.10737362,Daylight,188080,888930,72.84573191,,1,1,0,0,Dry,Single carriageway,None,60,12:24:00,Rural,Fine no high winds,Yes,16 - 20,6,Rural,NA,1997,None,Entered ditch,Other/Not known (2005-10),Not at or within 20 metres of junction,,406 GLX HDI (110),Heavy oil,Male,Skidded and overturned,No tow/articulation,Nearside,0,Going ahead right-hand bend,1,Car,No,Did not impact,2021