Accident_Index,1st_Road_Class,1st_Road_Number,2nd_Road_Class,2nd_Road_Number,Accident_Severity,Carriageway_Hazards,Date,Day_of_Week,Did_Police_Officer_Attend_Scene_of_Accident,Junction_Control,Junction_Detail,Latitude,Light_Conditions,Location_Easting_OSGR,Location_Northing_OSGR,Longitude,LSOA_of_Accident_Location,Number_of_Casualties,Number_of_Vehicles,Pedestrian_Crossing-Human_Control,Pedestrian_Crossing-Physical_Facilities,Road_Surface_Conditions,Road_Type,Special_Conditions_at_Site,Speed_limit,Time,Urban_or_Rural_Area,Weather_Conditions,InScotland,Age_Band_of_Driver,Age_of_Vehicle,Driver_Home_Area_Type,Driver_IMD_Decile,Engine_Capacity_.CC.,Hit_Object_in_Carriageway,Hit_Object_off_Carriageway,Journey_Purpose_of_Driver,Junction_Location,make,model,Propulsion_Code,Sex_of_Driver,Skidding_and_Overturning,Towing_and_Articulation,Vehicle_Leaving_Carriageway,Vehicle_Location.Restricted_Lane,Vehicle_Manoeuvre,Vehicle_Reference,Vehicle_Type,Was_Vehicle_Left_Hand_Drive,X1st_Point_of_Impact,Year
200842I330709,Motorway,11,NA,0,Serious,None,17-01-2019,Thursday,1,Not at junction or within 20 metres,Not at junction or within 20 metres,28.72218189,Daylight,548050,204640,77.35302745,E01021761,2,4,0,0,Dry,Dual carriageway,None,70,18:29:00,Rural,Fine no high winds,No,21 - 25,6,Urban area,3,1796,None,None,Journey as part of work,Not at or within 20 metres of junction,,VECTRA SXI 16V,Petrol,Male,None,No tow/articulation,Did not leave carriageway,0,Changing lane to left,1,Car,No,Nearside,2021
201037B045539,A,11,NA,0,Serious,None,04-12-2021,Tuesday,1,Data missing or out of range,Not at junction or within 20 metres,18.60430966,Daylight,568950,270030,73.75143642,E01018035,1,2,0,0,Dry,Dual carriageway,None,70,15:30:00,Rural,Fine no high winds,No,21 - 25,6,Urban area,1,600,None,None,Journey as part of work,Not at or within 20 metres of junction,,FZ 6,Petrol,Male,Skidded,No tow/articulation,Did not leave carriageway,0,Changing lane to right,1,Motorcycle over 500cc,No,Front,2021
200745RU10875,Motorway,25,NA,0,Serious,None,06-04-2019,Friday,1,Data missing or out of range,Not at junction or within 20 metres,18.52451745,Daylight,504490,163780,73.79611376,E01030660,6,4,0,0,Dry,Dual carriageway,None,70,06:59:00,Urban,Fine no high winds,No,21 - 25,6,Urban area,8,1781,None,None,Other/Not known (2005-10),Not at or within 20 metres of junction,,A3 1.8T SPORT,Petrol,Male,None,No tow/articulation,Did not leave carriageway,0,Going ahead other,4,Car,No,Nearside,2021
200797QC72001,Motorway,74,NA,0,Serious,Other object on road,27-04-2019,Tuesday,1,Data missing or out of range,Not at junction or within 20 metres,19.13481254,Daylight,282250,639650,72.91418593,,1,1,0,0,Dry,Dual carriageway,Roadworks,70,12:55:00,Rural,Fine no high winds,Yes,21 - 25,6,Rural,9,6370,None,None,Journey as part of work,Not at or within 20 metres of junction,,,Heavy oil,Male,None,Single trailer,Did not leave carriageway,0,Changing lane to right,1,Goods 7.5 tonnes mgw and over,No,Front,2021
200934TK40909,A,14,NA,0,Serious,None,20-01-2021,Tuesday,1,Data missing or out of range,Not at junction or within 20 metres,26.74886951,Daylight,492960,276850,94.20925882,E01027090,10,10,0,0,Dry,Dual carriageway,None,70,14:00:00,Rural,Fine no high winds,No,21 - 25,6,Urban area,3,1124,None,None,Other/Not known (2005-10),Not at or within 20 metres of junction,,206 LOOK,Petrol,Female,None,No tow/articulation,Did not leave carriageway,0,Waiting to go - held up,4,Car,No,Back,2019
200997BD70409,Motorway,74,NA,0,Serious,None,26-09-2021,Wednesday,1,Data missing or out of range,Not at junction or within 20 metres,28.58771375,Daylight,264940,662340,77.08234391,,2,2,0,0,Dry,Dual carriageway,None,70,18:10:00,Urban,Fine no high winds,Yes,21 - 25,6,Urban area,NA,1124,None,None,Other/Not known (2005-10),Not at or within 20 metres of junction,,206 LX,Petrol,Female,None,No tow/articulation,Did not leave carriageway,0,Slowing or stopping,2,Car,No,Back,2020
200997KA70405,Motorway,8,NA,0,Serious,None,13-09-2021,Thursday,1,Data missing or out of range,Not at junction or within 20 metres,18.61188493,Daylight,249870,665720,73.83235904,,1,3,0,0,Dry,Dual carriageway,None,70,09:15:00,Urban,Fine no high winds,Yes,21 - 25,6,Urban area,NA,995,None,None,Commuting to/from work,Not at or within 20 metres of junction,,MATIZ SE+,Petrol,Female,None,No tow/articulation,Did not leave carriageway,0,Going ahead other,3,Car,No,Nearside,2021
200801KD76081,Motorway,25,NA,0,Serious,None,17-02-2019,Monday,1,Data missing or out of range,Not at junction or within 20 metres,19.10189921,Daylight,558400,188470,72.8595293,E01002252,1,2,0,0,Dry,Dual carriageway,None,70,13:58:00,Rural,Fine no high winds,No,21 - 25,6,Urban area,7,599,None,None,Other/Not known (2005-10),Not at or within 20 metres of junction,,GSX R600 K1,Petrol,Female,Skidded,No tow/articulation,Did not leave carriageway,0,Slowing or stopping,1,Motorcycle over 500cc,No,Front,2021
201001YE80359,Motorway,25,NA,0,Serious,None,18-05-2010,Tuesday,1,Data missing or out of range,Not at junction or within 20 metres,51.682328,Daylight,534180,199960,-0.060517,E01001412,1,2,0,0,Dry,Dual carriageway,None,70,19:00:00,Rural,Fine no high winds,No,21 - 25,6,Urban area,2,1242,None,Central crash barrier,Other/Not known (2005-10),Not at or within 20 metres of junction,FIAT,PUNTO ACTIVE SPORT 8V,Petrol,Female,None,No tow/articulation,Offside on to centrl res + rebounded,0,Going ahead other,2,Car,No,Front,2010
20093102A2097,A,38,B,6027,Serious,None,02-04-2021,Friday,1,Auto traffic signal,T or staggered junction,27.0960097,Daylight,446860,357340,93.60869725,E01027990,1,2,0,5,Wet or damp,Dual carriageway,None,70,06:49:00,Rural,Raining + high winds,No,21 - 25,6,Urban area,6,1796,None,None,Other/Not known (2005-10),Entering main road,,ASTRA COUPE CONVERTIBLE,Petrol,Female,None,No tow/articulation,Did not leave carriageway,0,Turning right,2,Car,No,Front,2019
200906X016455,Motorway,60,NA,0,Serious,None,24-08-2021,Sunday,1,Not at junction or within 20 metres,Not at junction or within 20 metres,25.7640921,Darkness - lights lit,377080,403200,87.49212265,E01005677,6,1,0,0,Dry,Dual carriageway,None,70,03:40:00,Rural,Fine no high winds,No,26 - 35,6,Urban area,3,1998,None,Near/Offside crash barrier,Journey as part of work,Not at or within 20 metres of junction,,TRANSIT TOURNEO,Heavy oil,Male,Skidded and overturned,No tow/articulation,Nearside and rebounded,0,Going ahead other,1,Minibus (8 - 16 passenger seats),No,Did not impact,2019
201034TN31920,A,5076,NA,0,Serious,None,11-11-2021,Monday,1,Data missing or out of range,Not at junction or within 20 metres,12.97397486,Darkness - lights lit,473290,259000,77.52201197,E01027252,1,1,0,0,Dry,Dual carriageway,None,70,22:38:00,Rural,Fine no high winds,No,26 - 35,6,Urban area,1,1984,None,Central crash barrier,Other/Not known (2005-10),Not at or within 20 metres of junction,,S60 S T,Petrol,Male,None,No tow/articulation,Did not leave carriageway,0,Going ahead other,1,Car,No,Front,2019
2010400D00788,Motorway,1,Motorway,1,Serious,None,01-01-2019,Tuesday,1,Give way or uncontrolled,Slip road,8.890199551,Darkness - lights lit,496080,237340,76.66012755,E01017379,1,3,0,0,Dry,Slip road,None,70,19:48:00,Rural,Fine no high winds,No,26 - 35,6,Urban area,5,1199,None,None,Other/Not known (2005-10),Approaching junction or waiting/parked at junction approach,,CORSA ACTIVE 16V,Petrol,Male,None,No tow/articulation,Did not leave carriageway,0,Slowing or stopping,2,Car,No,Back,2020
200811SK02228,A,167,B,6443,Serious,None,08-12-2020,Friday,1,Auto traffic signal,Other junction,26.47196316,Darkness - lights lit,428500,523610,74.65333374,E01020826,5,2,0,0,Wet or damp,Dual carriageway,Auto signal part defective,70,16:37:00,Rural,Fine no high winds,No,26 - 35,6,Urban area,1,1970,None,None,Other/Not known (2005-10),Mid Junction - on roundabout or on main road,,,Petrol,Male,None,No tow/articulation,Did not leave carriageway,0,Turning right,1,Car,No,Front,2020
201014C155010,A,631,A,630,Serious,None,24-12-2010,Friday,1,Stop sign,Roundabout,53.404403,Darkness - lights lit,443380,389930,-1.348961,E01007678,2,3,0,0,Wet or damp,Roundabout,None,70,17:55:00,Rural,Fine no high winds,No,26 - 35,6,Urban area,5,998,None,None,Other/Not known (2005-10),Approaching junction or waiting/parked at junction approach,TOYOTA,YARIS BLUE,Petrol,Female,None,No tow/articulation,Did not leave carriageway,0,Waiting to turn right,2,Car,No,Front,2010
200942I406212,A,13,NA,0,Serious,None,23-11-2020,Wednesday,1,Not at junction or within 20 metres,Not at junction or within 20 metres,26.46443985,Darkness - lights lit,574180,188100,80.26979354,E01021310,1,2,0,0,Wet or damp,Dual carriageway,None,70,16:05:00,Urban,Raining no high winds,No,26 - 35,6,Urban area,3,2151,None,None,Commuting to/from work,Not at or within 20 metres of junction,,SPRINTER 308 CDI SWB,Heavy oil,Male,None,No tow/articulation,Did not leave carriageway,0,Changing lane to left,1,Van / Goods 3.5 tonnes mgw or under,No,Nearside,2020
200930M010090,Motorway,1,NA,0,Serious,None,22-06-2019,Sunday,1,Data missing or out of range,Not at junction or within 20 metres,15.29768914,Darkness - lights lit,447180,335430,74.02703638,E01019694,3,4,0,0,Dry,Dual carriageway,Roadworks,70,19:21:00,Rural,Unknown,No,26 - 35,6,Urban area,4,1199,None,None,Journey as part of work,Not at or within 20 metres of junction,,CORSA ELEGANCE 16V,Petrol,Male,None,No tow/articulation,Did not leave carriageway,0,Going ahead other,1,Car,No,Front,2019
200930M010090,Motorway,1,NA,0,Serious,None,31-07-2021,Sunday,1,Data missing or out of range,Not at junction or within 20 metres,22.73737533,Darkness - lights lit,447180,335430,75.81665082,E01019694,3,4,0,0,Dry,Dual carriageway,Roadworks,70,19:21:00,Rural,Unknown,No,26 - 35,6,Urban area,9,1999,None,None,Journey as part of work,Not at or within 20 metres of junction,,6 TS2 AUTO,Petrol,Male,None,No tow/articulation,Did not leave carriageway,0,Going ahead other,3,Car,No,Front,2020
2007600CO9021,A,55,NA,0,Serious,None,31-12-2019,Monday,1,Data missing or out of range,Not at junction or within 20 metres,14.75765162,Darkness - no lighting,297040,376340,78.47593619,,2,4,0,0,Dry,Dual carriageway,None,70,21:50:00,Rural,Fine no high winds,No,26 - 35,6,Data missing or out of range,NA,15607,None,None,Journey as part of work,Not at or within 20 metres of junction,,,Heavy oil,Male,None,Articulated vehicle,Did not leave carriageway,0,Overtaking moving vehicle - offside,1,Goods 7.5 tonnes mgw and over,No,Front,2019
200945TA33696,Motorway,23,NA,0,Serious,None,04-01-2021,Sunday,1,Data missing or out of range,Not at junction or within 20 metres,15.22824905,Darkness - no lighting,531470,151190,73.9706895,E01030815,1,4,0,0,Dry,Dual carriageway,None,70,16:51:00,Rural,Fine no high winds,No,26 - 35,6,Urban area,9,1840,None,None,Other/Not known (2005-10),Not at or within 20 metres of junction,,MX-5 S-VT SPORT,Petrol,Male,None,No tow/articulation,Did not leave carriageway,0,Going ahead other,3,Car,No,Back,2019
200742I472911,Motorway,11,NA,0,Serious,None,15-04-2019,Sunday,1,Not at junction or within 20 metres,Not at junction or within 20 metres,15.23507717,Darkness - no lighting,552780,224510,74.13254586,E01022086,1,1,0,0,Wet or damp,Dual carriageway,None,70,01:12:00,Rural,Fine no high winds,No,26 - 35,6,Urban area,7,1390,None,Tree,Other/Not known (2005-10),Not at or within 20 metres of junction,,MEGANE AUTHENTIQUE,Petrol,Male,Skidded and overturned,No tow/articulation,Nearside,0,Going ahead other,1,Car,No,Front,2019
2007600DE4144,A,55,NA,0,Serious,None,25-08-2020,Wednesday,1,Data missing or out of range,Not at junction or within 20 metres,19.17195835,Darkness - no lighting,308720,375920,72.83378035,,1,2,0,0,Dry,Dual carriageway,None,70,07:30:00,Rural,Fine no high winds,No,26 - 35,6,Urban area,NA,12130,None,None,Journey as part of work,Not at or within 20 metres of junction,,,Heavy oil,Male,None,No tow/articulation,Did not leave carriageway,0,Going ahead other,2,Goods 7.5 tonnes mgw and over,No,Back,2021
200745EL01577,A,3,Unclassified,0,Serious,None,31-03-2020,Sunday,1,Give way or uncontrolled,Slip road,13.02451384,Darkness - no lighting,514300,162400,77.65607961,E01030342,1,1,0,0,Wet or damp,Dual carriageway,None,70,19:42:00,Rural,Fine no high winds,No,26 - 35,6,Urban area,10,1299,None,Near/Offside crash barrier,Other/Not known (2005-10),Mid Junction - on roundabout or on main road,,YARIS SR,Petrol,Female,Overturned,No tow/articulation,Nearside,0,Going ahead left-hand bend,1,Car,No,Front,2019
20094100D0764,A,41,NA,0,Serious,None,27-11-2020,Saturday,1,Not at junction or within 20 metres,Not at junction or within 20 metres,28.58607093,Darkness - no lighting,497520,207170,77.15471956,E01023416,4,4,0,0,Dry,Dual carriageway,None,70,19:56:00,Rural,Fine no high winds,No,26 - 35,6,Urban area,5,1997,None,None,Other/Not known (2005-10),Not at or within 20 metres of junction,,406 S HDI(90),Heavy oil,Female,None,No tow/articulation,Did not leave carriageway,0,Going ahead other,3,Car,No,Front,2021
200997UC70102,A,77,NA,0,Serious,None,15-09-2019,Thursday,1,Data missing or out of range,Not at junction or within 20 metres,19.08329075,Darkness - no lighting,243670,635230,72.87734471,,2,2,0,0,Wet or damp,Dual carriageway,None,70,17:37:00,Rural,Fine no high winds,Yes,26 - 35,6,Urban area,NA,1686,None,None,Other/Not known (2005-10),Not at or within 20 metres of junction,,CIVIC IMAGINE CDTI,Heavy oil,Female,None,No tow/articulation,Did not leave carriageway,0,Parked,2,Car,No,Offside,2021
201037B044454,A,14,NA,0,Serious,None,17-01-2019,Thursday,1,Data missing or out of range,Not at junction or within 20 metres,22.74156755,Darkness - no lighting,601220,261720,75.82315117,E01030056,1,1,0,0,Wet or damp,Dual carriageway,None,70,17:50:00,Rural,Raining no high winds,No,26 - 35,6,Rural,4,3498,None,Tree,Other/Not known (2005-10),Not at or within 20 metres of junction,,350Z,Petrol,Male,Skidded and overturned,No tow/articulation,Nearside,0,Going ahead left-hand bend,1,Car,No,Nearside,2020
2009160B05250,A,15,NA,0,Serious,None,26-06-2019,Wednesday,1,Data missing or out of range,Not at junction or within 20 metres,19.14833818,Darkness - no lighting,502430,420480,72.85693779,E01013257,2,3,0,0,Frost or ice,Dual carriageway,None,70,20:43:00,Rural,Raining no high winds,No,26 - 35,6,Rural,7,1998,None,Other permanent object,Other/Not known (2005-10),Not at or within 20 metres of junction,,TRANSIT 280 SWB TD,Heavy oil,Male,Skidded,No tow/articulation,Nearside,0,Going ahead other,1,Van / Goods 3.5 tonnes mgw or under,No,Front,2021
200945TA43019,Motorway,25,NA,0,Serious,Vehicle load on road,04-10-2021,Friday,1,Data missing or out of range,Not at junction or within 20 metres,14.79552432,Daylight,535610,152850,78.53021256,E01030825,1,6,0,0,Dry,Dual carriageway,None,70,06:42:00,Rural,Fine no high winds,No,26 - 35,6,Urban area,8,1870,None,None,Other/Not known (2005-10),Not at or within 20 metres of junction,,CARISMA ELEGANCE DI-D,Heavy oil,Male,None,No tow/articulation,Did not leave carriageway,0,Going ahead other,4,Car,No,Front,2019
200834TM32028,Motorway,1,NA,0,Serious,None,15-08-2019,Friday,1,Data missing or out of range,Not at junction or within 20 metres,27.10294926,Daylight,457300,274650,93.63446518,E01027006,1,2,0,0,Dry,Dual carriageway,None,70,14:38:00,Rural,Fine no high winds,No,26 - 35,6,Urban area,10,954,None,None,Other/Not known (2005-10),Not at or within 20 metres of junction,,CBR 900RR-2,Petrol,Male,None,No tow/articulation,Did not leave carriageway,0,Going ahead other,2,Motorcycle over 500cc,No,Front,2019
200854DE29708,A,419,Motorway,4,Serious,None,21-01-2020,Saturday,1,Auto traffic signal,Roundabout,26.74531467,Daylight,419160,181000,94.17255791,E01015588,1,2,0,0,Dry,Roundabout,Auto traffic signal - out,70,13:15:00,Rural,Fine no high winds,No,26 - 35,6,Urban area,NA,984,None,None,Other/Not known (2005-10),Leaving roundabout,,FIREBOLT XB9R,Petrol,Male,Skidded,No tow/articulation,Did not leave carriageway,0,Changing lane to left,1,Motorcycle over 500cc,No,Front,2019
200822DE88919,A,456,NA,0,Serious,None,31-07-2021,Saturday,1,Data missing or out of range,Not at junction or within 20 metres,8.887079284,Daylight,393400,281610,76.64799285,E01032141,1,2,0,0,Dry,Dual carriageway,None,70,13:15:00,Rural,Fine no high winds,No,26 - 35,6,Urban area,6,600,None,None,Other/Not known (2005-10),Not at or within 20 metres of junction,,GSF 600S K2,Petrol,Male,Skidded,No tow/articulation,Offside on to central reservation,0,Going ahead other,2,Motorcycle over 500cc,No,Front,2020
200942I239607,A,13,NA,0,Serious,None,08-02-2021,Tuesday,1,Not at junction or within 20 metres,Not at junction or within 20 metres,28.55376489,Daylight,573710,187860,77.22351821,E01021310,1,2,0,0,Dry,Dual carriageway,None,70,17:05:00,Urban,Fine no high winds,No,26 - 35,6,Urban area,2,1596,None,None,Commuting to/from work,Not at or within 20 metres of junction,,FOCUS EBONY,Petrol,Male,None,No tow/articulation,Did not leave carriageway,0,Changing lane to right,2,Car,No,Back,2020
201042I357211,A,13,NA,0,Serious,None,01-07-2019,Tuesday,1,Not at junction or within 20 metres,Not at junction or within 20 metres,28.6129413,Daylight,559230,179790,77.06625042,E01015942,1,2,0,0,Dry,Dual carriageway,None,70,06:29:00,Rural,Fine no high winds,No,26 - 35,6,Urban area,4,1686,None,None,Commuting to/from work,Not at or within 20 metres of junction,,ASTRA LIFE CDTI,Heavy oil,Male,None,No tow/articulation,Did not leave carriageway,0,Changing lane to left,1,Car,No,Nearside,2020
200943P087059,Motorway,40,NA,0,Serious,None,03-07-2021,Monday,1,Data missing or out of range,Not at junction or within 20 metres,18.60735192,Daylight,461880,207490,73.95566781,E01028647,1,1,0,0,Dry,Dual carriageway,None,70,06:38:00,Rural,Fine no high winds,No,26 - 35,6,Urban area,4,1753,None,Entered ditch,Other/Not known (2005-10),Not at or within 20 metres of junction,,FOCUS ZETEC TDCI,Heavy oil,Male,Skidded,No tow/articulation,Nearside,0,Going ahead other,1,Car,No,Front,2021
200897NA70111,Motorway,8,NA,0,Serious,None,13-02-2020,Monday,1,Data missing or out of range,Not at junction or within 20 metres,18.56049388,Daylight,279430,662000,73.85950961,,2,7,0,0,Wet or damp,Dual carriageway,Roadworks,70,09:00:00,Rural,Fine no high winds,Yes,26 - 35,6,Urban area,NA,2184,None,None,Commuting to/from work,Not at or within 20 metres of junction,,PRIMERA SE TD,Heavy oil,Male,None,No tow/articulation,Did not leave carriageway,0,Going ahead other,4,Car,No,Front,2021
2010400D03441,Motorway,1,A,5120,Serious,None,23-11-2021,Wednesday,1,Give way or uncontrolled,Slip road,19.07292177,Daylight,501990,229910,72.90830384,E01017620,1,2,0,0,Dry,Dual carriageway,Roadworks,70,09:28:00,Rural,Fine no high winds,No,26 - 35,6,Urban area,3,4580,None,None,Journey as part of work,Approaching junction or waiting/parked at junction approach,,,Heavy oil,Male,None,No tow/articulation,Did not leave carriageway,0,Changing lane to left,1,Goods over 3.5t. and under 7.5t,No,Front,2021
20094100T4002,Motorway,1,NA,0,Serious,None,05-06-2021,Tuesday,1,Not at junction or within 20 metres,Not at junction or within 20 metres,26.7678366,Daylight,514290,197120,94.1675316,E01023555,2,1,0,0,Dry,Dual carriageway,None,70,10:24:00,Rural,Fine no high winds,No,26 - 35,6,Urban area,4,2300,None,Central crash barrier,Journey as part of work,Not at or within 20 metres of junction,,,Heavy oil,Male,Overturned,No tow/articulation,Offside on to centrl res + rebounded,0,Going ahead other,1,Van / Goods 3.5 tonnes mgw or under,No,Offside,2019
201004TA10127,Motorway,65,Motorway,65,Serious,None,18-07-2010,Sunday,1,Give way or uncontrolled,Slip road,53.728497,Daylight,370920,425880,-2.44225,E01012632,1,1,0,0,Dry,Dual carriageway,None,70,14:38:00,Rural,Fine no high winds,No,26 - 35,6,Urban area,3,1995,None,Road sign or traffic signal,Other/Not known (2005-10),Leaving main road,SUZUKI,GRAND VITARA 16V,Petrol,Male,None,No tow/articulation,Nearside,6,Going ahead other,1,Car,No,Front,2010
201042I208007,A,13,NA,0,Serious,None,02-06-2020,Friday,1,Not at junction or within 20 metres,Not at junction or within 20 metres,27.08815158,Daylight,574400,188120,93.61713635,E01021310,1,2,0,0,Dry,Dual carriageway,None,70,14:32:00,Rural,Fine no high winds,No,26 - 35,6,Data missing or out of range,NA,1149,None,None,Other/Not known (2005-10),Not at or within 20 metres of junction,,CLIO DYNAMIQUE 16V,Petrol,Female,None,No tow/articulation,Did not leave carriageway,0,Changing lane to right,2,Car,No,Offside,2019
20094100T2002,A(M),1,NA,0,Serious,None,21-11-2020,Wednesday,1,Not at junction or within 20 metres,Not at junction or within 20 metres,23.03801061,Daylight,523540,216460,72.64050608,E01023968,5,7,0,0,Wet or damp,Dual carriageway,None,70,16:06:00,Urban,Fine no high winds,No,26 - 35,6,Urban area,7,1997,None,None,Commuting to/from work,Not at or within 20 metres of junction,,206 LX HDI,Heavy oil,Female,None,No tow/articulation,Did not leave carriageway,0,Slowing or stopping,4,Car,No,Back,2019
20074100G0140,A,505,NA,0,Serious,None,27-12-2021,Thursday,1,Not at junction or within 20 metres,Not at junction or within 20 metres,22.69307227,Daylight,537140,241080,75.8933643,E01023658,2,3,0,0,Wet or damp,Dual carriageway,None,70,08:31:00,Rural,Fine no high winds,No,26 - 35,6,Rural,NA,1997,None,None,Journey as part of work,Not at or within 20 metres of junction,,SYNERGIE SX HDI,Heavy oil,Female,None,No tow/articulation,Did not leave carriageway,0,Overtaking moving vehicle - offside,2,Car,No,Front,2020
200734WS13727,A,43,A,43,Serious,None,02-08-2020,Sunday,1,Give way or uncontrolled,Roundabout,28.63344495,Daylight,472750,257290,77.26899677,E01027254,1,2,0,0,Dry,Roundabout,None,70,15:50:00,Rural,Fine no high winds,No,26 - 35,6,Urban area,7,1299,None,None,Other/Not known (2005-10),Leaving roundabout,,YARIS VERSO GS AUTO,Petrol,Female,None,No tow/articulation,Did not leave carriageway,0,Changing lane to right,1,Car,No,Offside,2020
2009160C00520,A,63,NA,0,Serious,None,01-11-2020,Tuesday,1,Data missing or out of range,Not at junction or within 20 metres,28.62606558,Daylight,500410,426300,77.11047338,E01013088,1,1,0,0,Dry,Dual carriageway,None,70,14:56:00,Rural,Fine no high winds,No,26 - 35,6,Urban area,4,1596,None,Central crash barrier,Other/Not known (2005-10),Not at or within 20 metres of junction,,STILO 16V ACTIVE SPORT,Petrol,Female,Skidded,No tow/articulation,Offside on to centrl res + rebounded,0,Going ahead other,1,Car,No,Front,2021
20074100G0140,A,505,NA,0,Serious,None,04-02-2021,Thursday,1,Not at junction or within 20 metres,Not at junction or within 20 metres,19.08101692,Daylight,537140,241080,72.82810145,E01023658,2,3,0,0,Wet or damp,Dual carriageway,None,70,08:31:00,Rural,Fine no high winds,No,26 - 35,6,Urban area,3,1360,None,None,Journey as part of work,Not at or within 20 metres of junction,,206 LX AUTO,Petrol,Female,None,No tow/articulation,Offside on to central reservation,0,Going ahead other,1,Car,No,Front,2021
201004FL10118,A,56,NA,0,Serious,None,17-11-2010,Wednesday,1,Data missing or out of range,Not at junction or within 20 metres,53.715831,Daylight,378440,424430,-2.32817,E01025395,2,3,0,0,Wet or damp,Dual carriageway,None,70,16:12:00,Rural,Raining + high winds,No,26 - 35,6,Urban area,8,1242,None,None,Other/Not known (2005-10),Not at or within 20 metres of junction,FIAT,PUNTO ACTIVE 8V,Petrol,Male,Skidded,No tow/articulation,Did not leave carriageway,0,Going ahead other,2,Car,No,Offside,2010
200904TA09168,Motorway,6,NA,0,Serious,None,20-04-2021,Thursday,1,Data missing or out of range,Not at junction or within 20 metres,18.52283217,Daylight,357200,425970,73.89412424,E01025400,1,1,0,0,Wet or damp,Dual carriageway,None,70,20:30:00,Rural,Raining no high winds,No,26 - 35,6,Urban area,9,1396,None,Near/Offside crash barrier,Other/Not known (2005-10),Not at or within 20 metres of junction,,ZR,Petrol,Female,Skidded and overturned,No tow/articulation,Nearside,0,Changing lane to right,1,Car,No,Front,2021
201001KD50152,A,13,NA,0,Serious,None,25-03-2010,Thursday,1,Data missing or out of range,Not at junction or within 20 metres,51.51055,Daylight,552120,181350,0.190726,E01002344,1,2,0,0,Flood over 3cm. deep,Dual carriageway,None,70,13:56:00,Rural,Raining no high winds,No,26 - 35,6,Urban area,2,2979,None,Near/Offside crash barrier,Other/Not known (2005-10),Not at or within 20 metres of junction,BMW,330 CI SPORT AUTO,Petrol,Female,None,No tow/articulation,Nearside,0,Going ahead other,2,Car,No,Offside,2010
2010160B00371,A,15,NA,0,Serious,None,04-01-2010,Monday,1,Data missing or out of range,Not at junction or within 20 metres,53.674476,Daylight,502260,420890,-0.453448,E01013257,2,1,0,0,Frost or ice,Dual carriageway,None,70,12:05:00,Rural,Snowing no high winds,No,26 - 35,6,Urban area,4,1396,None,Central crash barrier,Other/Not known (2005-10),Not at or within 20 metres of junction,ROVER,25 IMPRESSION S3,Petrol,Female,Skidded and overturned,No tow/articulation,Offside on to centrl res + rebounded,0,Going ahead other,1,Car,No,Front,2010
200904TA09249,Motorway,65,Unclassified,0,Serious,None,26-03-2020,Tuesday,1,Give way or uncontrolled,Slip road,22.9832907,Darkness - lights lit,370680,425540,72.56173978,E01012632,2,2,0,0,Wet or damp,Dual carriageway,None,70,16:43:00,Rural,Fine + high winds,No,36 - 45,6,Urban area,1,1124,None,None,Commuting to/from work,Entering from slip road,,206 LX,Petrol,Female,None,No tow/articulation,Did not leave carriageway,0,Going ahead other,1,Car,No,Front,2019
200942I399111,Motorway,25,NA,0,Serious,None,04-05-2020,Thursday,1,Not at junction or within 20 metres,Not at junction or within 20 metres,13.02758515,Darkness - lights lit,550720,197570,77.52234149,E01021800,1,3,0,0,Dry,Dual carriageway,Roadworks,70,04:45:00,Rural,Fine no high winds,No,36 - 45,6,Data missing or out of range,NA,6174,None,None,Journey as part of work,Not at or within 20 metres of junction,,,Heavy oil,Male,None,No tow/articulation,Did not leave carriageway,0,Going ahead other,1,Goods 7.5 tonnes mgw and over,No,Front,2020
200804CC08048,A,6,NA,0,Serious,None,17-02-2020,Friday,1,Data missing or out of range,Not at junction or within 20 metres,26.72459161,Darkness - lights lit,357870,421400,94.22686329,E01024949,1,2,0,0,Dry,Single carriageway,None,40,21:21:00,Urban,Fine no high winds,No,46 - 55,6,Rural,10,1997,None,None,Other/Not known (2005-10),Not at or within 20 metres of junction,,XSARA PICASSO SX HDI,Heavy oil,Female,None,No tow/articulation,Did not leave carriageway,0,Turning right,1,Car,No,Nearside,2019
200806L001876,A,58,Unclassified,0,Serious,None,28-01-2021,Thursday,1,Give way or uncontrolled,T or staggered junction,22.06678963,Darkness - lights lit,358330,399690,82.17290231,E01006221,1,2,0,0,Dry,Single carriageway,None,30,22:25:00,Urban,Fine no high winds,No,46 - 55,6,Urban area,6,2300,None,None,Other/Not known (2005-10),Approaching junction or waiting/parked at junction approach,,,Petrol,Female,None,No tow/articulation,Did not leave carriageway,0,Turning right,1,Car,No,Did not impact,2019
200954ET27909,Unclassified,0,Unclassified,0,Serious,None,22-03-2020,Wednesday,1,Give way or uncontrolled,T or staggered junction,23.0373463,Darkness - lights lit,385260,157290,72.65214855,E01032089,2,3,0,0,Dry,Single carriageway,None,30,21:22:00,Urban,Fine no high winds,No,46 - 55,6,Urban area,5,1796,None,None,Other/Not known (2005-10),Approaching junction or waiting/parked at junction approach,,VECTRA CLUB 16V,Petrol,Female,None,No tow/articulation,Did not leave carriageway,0,Waiting to turn right,1,Car,No,Back,2019