Accident_Index,1st_Road_Class,1st_Road_Number,2nd_Road_Class,2nd_Road_Number,Accident_Severity,Carriageway_Hazards,Date,Day_of_Week,Did_Police_Officer_Attend_Scene_of_Accident,Junction_Control,Junction_Detail,Latitude,Light_Conditions,Location_Easting_OSGR,Location_Northing_OSGR,Longitude,LSOA_of_Accident_Location,Number_of_Casualties,Number_of_Vehicles,Pedestrian_Crossing-Human_Control,Pedestrian_Crossing-Physical_Facilities,Road_Surface_Conditions,Road_Type,Special_Conditions_at_Site,Speed_limit,Time,Urban_or_Rural_Area,Weather_Conditions,InScotland,Age_Band_of_Driver,Age_of_Vehicle,Driver_Home_Area_Type,Driver_IMD_Decile,Engine_Capacity_.CC.,Hit_Object_in_Carriageway,Hit_Object_off_Carriageway,Journey_Purpose_of_Driver,Junction_Location,make,model,Propulsion_Code,Sex_of_Driver,Skidding_and_Overturning,Towing_and_Articulation,Vehicle_Leaving_Carriageway,Vehicle_Location.Restricted_Lane,Vehicle_Manoeuvre,Vehicle_Reference,Vehicle_Type,Was_Vehicle_Left_Hand_Drive,X1st_Point_of_Impact,Year
2008170H10868,Unclassified,0,NA,0,Serious,None,25-01-2020,Thursday,1,Data missing or out of range,Not at junction or within 20 metres,14.69350728,Daylight,450360,532930,78.59412747,E01011976,1,1,0,0,Dry,Single carriageway,None,30,07:00:00,Urban,Fine no high winds,No,46 - 55,6,Urban area,1,1598,None,None,Journey as part of work,Not at or within 20 metres of junction,,MEGANE SCENIC EXPRESSION,Petrol,Male,None,No tow/articulation,Did not leave carriageway,0,Going ahead other,1,Car,No,Front,2019
200901EO40353,Unclassified,0,NA,0,Serious,None,17-11-2020,Friday,1,Data missing or out of range,Not at junction or within 20 metres,14.74283232,Daylight,529510,187340,78.50569895,E01002759,2,2,0,0,Dry,Single carriageway,None,30,13:50:00,Urban,Fine no high winds,No,46 - 55,6,Urban area,1,3246,None,None,Other/Not known (2005-10),Not at or within 20 metres of junction,,M3,Petrol,Male,None,No tow/articulation,Did not leave carriageway,0,Going ahead left-hand bend,1,Car,No,Front,2019
200943W097089,A,338,Motorway,4,Serious,None,15-02-2019,Tuesday,1,Give way or uncontrolled,Roundabout,14.68661924,Daylight,436020,172680,78.57348222,E01016298,1,1,0,0,Dry,Roundabout,None,60,17:25:00,Rural,Fine no high winds,No,46 - 55,6,Rural,8,598,None,Tree,Commuting to/from work,Leaving roundabout,,,Petrol,Male,None,No tow/articulation,Offside,0,Going ahead left-hand bend,1,Motorcycle over 500cc,No,Front,2019
20104100C0452,A,411,A,412,Serious,None,06-01-2021,Tuesday,1,Give way or uncontrolled,Roundabout,14.75854269,Daylight,510600,196960,78.59428392,E01023888,1,2,0,0,Dry,Roundabout,None,30,07:46:00,Urban,Fine no high winds,No,46 - 55,6,Urban area,10,1261,None,None,Commuting to/from work,Entering roundabout,,ST1300,Petrol,Male,None,No tow/articulation,Did not leave carriageway,0,Turning right,2,Motorcycle over 500cc,No,Offside,2019
200822FA88196,C,0,NA,0,Serious,None,13-03-2021,Tuesday,1,Data missing or out of range,Not at junction or within 20 metres,14.71749537,Daylight,358030,331570,78.54603984,E01028870,4,3,0,0,Wet or damp,Single carriageway,None,60,18:05:00,Rural,Fine no high winds,No,46 - 55,6,Small town,6,3248,None,None,Other/Not known (2005-10),Not at or within 20 metres of junction,,XJ SPORT V8 AUTO,Petrol,Male,Skidded,No tow/articulation,Did not leave carriageway,0,Going ahead other,3,Car,No,Front,2019
200901LX50452,A,24,A,3,Serious,None,04-05-2019,Wednesday,1,Auto traffic signal,T or staggered junction,14.78441214,Daylight,529360,175200,78.59511746,E01003032,1,2,0,5,Dry,Single carriageway,None,30,07:18:00,Urban,Fine no high winds,No,46 - 55,6,Urban area,3,7300,None,None,Journey as part of work,Approaching junction or waiting/parked at junction approach,,,Heavy oil,Male,None,No tow/articulation,Did not leave carriageway,0,Moving off,1,Bus or coach (17 or more pass seats),No,Offside,2019
200901CP00179,A,10,NA,0,Serious,None,11-06-2020,Tuesday,1,Data missing or out of range,Not at junction or within 20 metres,27.10461508,Daylight,533170,181400,93.62231052,E01000004,1,2,0,0,Dry,Dual carriageway,None,30,19:06:00,Urban,Fine no high winds,No,46 - 55,6,Urban area,3,2402,None,None,Journey as part of work,Not at or within 20 metres of junction,,TXII SILVER AUTO,Heavy oil,Male,None,No tow/articulation,Did not leave carriageway,0,Parked,2,Taxi/Private hire car,No,Back,2019
200901CW11465,C,0,Unclassified,0,Serious,None,27-01-2021,Tuesday,1,Give way or uncontrolled,T or staggered junction,27.09445152,Daylight,529730,180770,93.614725,E01004734,1,1,0,0,Wet or damp,Single carriageway,None,30,16:30:00,Urban,Fine no high winds,No,46 - 55,6,Data missing or out of range,NA,6375,None,None,Journey as part of work,Mid Junction - on roundabout or on main road,,,Heavy oil,Male,None,No tow/articulation,Did not leave carriageway,0,Going ahead other,1,Other vehicle,No,Nearside,2019
200930A000437,C,9,Unclassified,0,Serious,None,23-05-2019,Thursday,1,Give way or uncontrolled,T or staggered junction,26.7625528,Daylight,439610,340840,94.2039994,E01019671,1,2,0,0,Wet or damp,Single carriageway,None,60,07:26:00,Rural,Fine no high winds,No,46 - 55,6,Urban area,5,499,None,None,Commuting to/from work,Cleared junction or waiting/parked at junction exit,,SPORTS 500,Petrol,Male,None,No tow/articulation,Did not leave carriageway,0,Going ahead left-hand bend,2,Motorcycle over 125cc and up to 500cc,No,Front,2019
20104100J0256,B,156,NA,0,Serious,None,05-02-2019,Saturday,1,Not at junction or within 20 metres,Not at junction or within 20 metres,26.75515296,Daylight,526400,201720,94.18649647,E01023571,1,2,0,0,Dry,Single carriageway,None,30,08:15:00,Urban,Fine no high winds,No,46 - 55,6,Urban area,8,790,None,None,Other/Not known (2005-10),Not at or within 20 metres of junction,,BONNEVILLE,Petrol,Male,None,No tow/articulation,Did not leave carriageway,0,Going ahead other,2,Motorcycle over 500cc,No,Offside,2019
20104100A0520,A,1184,A,1184,Serious,None,05-04-2020,Monday,1,Give way or uncontrolled,T or staggered junction,26.76612463,Daylight,548610,216730,94.1910093,E01023499,4,4,0,0,Dry,Single carriageway,None,40,19:49:00,Rural,Fine no high winds,No,46 - 55,6,Urban area,9,698,None,None,Other/Not known (2005-10),Approaching junction or waiting/parked at junction approach,,ROADSTER 80 AUTO(RHD),Petrol,Male,Skidded,No tow/articulation,Did not leave carriageway,0,Going ahead other,3,Car,No,Front,2019
200801GD70220,Unclassified,0,A,10,Serious,None,22-04-2020,Wednesday,1,Give way or uncontrolled,T or staggered junction,26.72111701,Daylight,533640,187570,94.16821344,E01001808,1,2,0,0,Dry,Single carriageway,None,30,17:35:00,Urban,Fine no high winds,No,46 - 55,6,Urban area,2,1343,None,None,Other/Not known (2005-10),Leaving main road,,RIO L,Petrol,Male,None,No tow/articulation,Did not leave carriageway,0,Turning right,1,Car,No,Front,2019
200901TD00161,A,2212,Unclassified,0,Serious,None,21-10-2019,Thursday,1,Give way or uncontrolled,T or staggered junction,26.74868272,Daylight,539900,174460,94.17322728,E01003285,2,1,0,0,Dry,Single carriageway,None,30,15:45:00,Urban,Fine no high winds,No,46 - 55,6,Data missing or out of range,NA,124,None,None,Other/Not known (2005-10),Mid Junction - on roundabout or on main road,,VESPA ET4,Petrol,Male,None,No tow/articulation,Did not leave carriageway,0,Going ahead other,1,Motorcycle 125cc and under,No,Front,2019
2009160B00050,A,161,B,1396,Serious,None,06-09-2019,Thursday,1,Give way or uncontrolled,T or staggered junction,26.75698688,Daylight,477440,400420,94.2073964,E01013251,1,2,0,0,Wet or damp,Single carriageway,None,60,12:10:00,Rural,Fine no high winds,No,46 - 55,6,Rural,8,2151,None,None,Journey as part of work,Mid Junction - on roundabout or on main road,,SPRINTER 313 CDI SWB,Heavy oil,Male,Skidded,No tow/articulation,Did not leave carriageway,0,Going ahead other,2,Van / Goods 3.5 tonnes mgw or under,No,Front,2019
20084100F5004,Unclassified,1257,NA,,Serious,None,20-09-2021,Sunday,1,Give way or uncontrolled,Private drive or entrance,26.74769009,Daylight,517760,208790,94.18715472,E01023735,1,2,0,0,Dry,Single carriageway,None,30,15:10:00,Urban,Fine no high winds,No,46 - 55,6,Data missing or out of range,NA,3248,None,None,Other/Not known (2005-10),Mid Junction - on roundabout or on main road,,XJ8 SE AUTO,Petrol,Male,None,No tow/articulation,Did not leave carriageway,0,Going ahead other,1,Car,No,Front,2019
200742I305608,Unclassified,0,NA,0,Serious,None,18-05-2020,Friday,1,Not at junction or within 20 metres,Not at junction or within 20 metres,25.7809253,Daylight,572060,205480,87.47613129,E01021564,1,1,0,0,Dry,Single carriageway,None,30,16:16:00,Urban,Fine no high winds,No,46 - 55,6,Urban area,9,1108,None,None,Other/Not known (2005-10),Not at or within 20 metres of junction,,SEICENTO SPORTING,Petrol,Male,None,No tow/articulation,Nearside,0,Going ahead right-hand bend,1,Car,No,Front,2019
2009559D00166,A,338,NA,0,Serious,None,17-12-2020,Wednesday,1,Not at junction or within 20 metres,Not at junction or within 20 metres,25.78887172,Daylight,413220,98530,87.46742473,E01020365,7,7,0,0,Wet or damp,Dual carriageway,None,70,10:45:00,Rural,Fine no high winds,No,46 - 55,6,Urban area,8,1868,None,Central crash barrier,Other/Not known (2005-10),Not at or within 20 metres of junction,,BERLINGO 600D LX,Heavy oil,Male,Skidded,No tow/articulation,Offside on to central reservation,0,Slowing or stopping,4,Van / Goods 3.5 tonnes mgw or under,No,Front,2019
20084100T2068,A(M),1,NA,0,Serious,None,03-01-2020,Friday,1,Not at junction or within 20 metres,Not at junction or within 20 metres,25.76940353,Daylight,523630,231100,87.49481413,E01023639,4,3,0,0,Dry,Dual carriageway,None,70,13:40:00,Rural,Fine no high winds,No,46 - 55,6,Urban area,5,1834,None,None,Other/Not known (2005-10),Not at or within 20 metres of junction,,SHOGUN PININ ATTIVO II A,Petrol,Male,None,No tow/articulation,Did not leave carriageway,0,Slowing or stopping,3,Car,No,Back,2019
200932C285309,A,52,A,627,Serious,None,23-07-2019,Sunday,1,Give way or uncontrolled,Crossroads,25.78480148,Daylight,548030,355260,87.45782992,E01026111,2,2,0,0,Dry,Single carriageway,None,50,14:00:00,Rural,Fine no high winds,No,46 - 55,6,Small town,7,2402,None,None,Journey as part of work,Entering main road,,TRANSIT 350 MWB TD,Heavy oil,Male,None,No tow/articulation,Did not leave carriageway,0,Going ahead other,1,Goods over 3.5t. and under 7.5t,No,Nearside,2019
200845WA26997,A,3,NA,0,Serious,None,06-08-2021,Wednesday,1,Data missing or out of range,Not at junction or within 20 metres,25.78156108,Daylight,494510,145610,87.49281284,E01030472,3,2,0,0,Wet or damp,Dual carriageway,None,70,13:26:00,Rural,Fine no high winds,No,46 - 55,6,Urban area,3,1794,None,None,Other/Not known (2005-10),Not at or within 20 metres of junction,,AVENSIS GS VVT-I,Petrol,Male,Skidded,No tow/articulation,Nearside,0,Going ahead other,1,Car,No,Offside,2019
200942I322409,Motorway,25,NA,0,Serious,None,28-02-2020,Tuesday,1,Not at junction or within 20 metres,Not at junction or within 20 metres,22.09913691,Daylight,539040,199800,82.15055387,E01021817,1,2,0,0,Dry,Dual carriageway,None,70,08:30:00,Rural,Fine no high winds,No,46 - 55,6,Urban area,10,899,None,None,Journey as part of work,Not at or within 20 metres of junction,,ZX 900 F2P,Petrol,Male,None,No tow/articulation,Did not leave carriageway,0,Going ahead other,2,Motorcycle over 500cc,No,Offside,2019
200801LX50652,A,23,A,2217,Serious,None,29-12-2021,Saturday,1,Auto traffic signal,Crossroads,22.10232026,Daylight,530990,175260,82.15296263,E01003020,1,3,0,5,Dry,Single carriageway,None,30,19:25:00,Urban,Fine no high winds,No,46 - 55,6,Urban area,7,1896,None,None,Other/Not known (2005-10),Mid Junction - on roundabout or on main road,,GALAXY GHIA TDI AUTO,Heavy oil,Male,None,No tow/articulation,Did not leave carriageway,0,Turning right,2,Taxi/Private hire car,No,Front,2019
2008160D04780,A,1105,Unclassified,0,Serious,None,17-02-2020,Friday,1,Give way or uncontrolled,T or staggered junction,22.07777057,Daylight,506750,428690,82.19663392,E01012865,1,3,0,0,Dry,Single carriageway,None,30,17:08:00,Urban,Fine no high winds,No,46 - 55,6,Urban area,4,883,None,None,Other/Not known (2005-10),Mid Junction - on roundabout or on main road,,XL883R,Petrol,Male,None,No tow/articulation,Did not leave carriageway,0,Going ahead other,2,Motorcycle over 500cc,No,Front,2019
200822DA00737,Motorway,5,NA,0,Serious,None,26-10-2019,Wednesday,1,Data missing or out of range,Not at junction or within 20 metres,22.10508968,Daylight,392310,266860,82.10978291,E01032354,1,5,0,0,Dry,Dual carriageway,None,70,14:05:00,Rural,Fine no high winds,No,46 - 55,6,Data missing or out of range,NA,6870,None,None,Journey as part of work,Not at or within 20 metres of junction,,,Heavy oil,Male,None,No tow/articulation,Did not leave carriageway,0,Going ahead other,3,Goods 7.5 tonnes mgw and over,No,Front,2019
201042I180106,Unclassified,0,NA,0,Serious,None,28-10-2021,Monday,1,Not at junction or within 20 metres,Not at junction or within 20 metres,22.07418786,Daylight,583210,188650,82.12338743,E01015837,1,2,0,0,Dry,Single carriageway,None,30,17:45:00,Urban,Fine no high winds,No,46 - 55,6,Urban area,8,1686,None,None,Other/Not known (2005-10),Not at or within 20 metres of junction,,COMBO 1700 DI,Heavy oil,Male,None,No tow/articulation,Did not leave carriageway,0,U-turn,1,Van / Goods 3.5 tonnes mgw or under,No,Offside,2019
200997UD03505,Unclassified,0,A,79,Serious,None,09-01-2019,Friday,2,Give way or uncontrolled,More than 4 arms (not roundabout),15.3492284,Daylight,234020,622800,74.04463535,,1,1,0,0,Dry,Single carriageway,None,30,15:50:00,Urban,Fine no high winds,Yes,46 - 55,6,Urban area,NA,1997,None,None,Other/Not known (2005-10),Approaching junction or waiting/parked at junction approach,,C5 HDI LX,Heavy oil,Male,None,No tow/articulation,Did not leave carriageway,0,Going ahead other,1,Car,No,Nearside,2019
2010400C00263,Unclassified,0,Unclassified,0,Serious,None,08-06-2020,Friday,1,Give way or uncontrolled,Private drive or entrance,15.23538719,Daylight,508020,225710,74.00865943,E01015710,2,3,0,0,Wet or damp,Single carriageway,None,30,15:14:00,Urban,Fine no high winds,No,46 - 55,6,Urban area,9,1998,None,None,Other/Not known (2005-10),Approaching junction or waiting/parked at junction approach,,TRANSIT 280 SWB TD,Heavy oil,Male,None,No tow/articulation,Did not leave carriageway,9,Parked,3,Van / Goods 3.5 tonnes mgw or under,No,Did not impact,2019
200901PY20610,A,224,NA,0,Serious,None,14-01-2019,Wednesday,1,Data missing or out of range,Not at junction or within 20 metres,15.29009812,Daylight,546880,167660,74.08691583,E01000722,1,2,0,0,Dry,Single carriageway,None,30,18:00:00,Urban,Fine no high winds,No,46 - 55,6,Urban area,10,1868,None,None,Other/Not known (2005-10),Not at or within 20 metres of junction,,DISPATCH 1.9D,Heavy oil,Male,None,No tow/articulation,Did not leave carriageway,0,Turning left,2,Van / Goods 3.5 tonnes mgw or under,No,Nearside,2019
200904DF09084,B,6243,Unclassified,0,Serious,None,19-12-2021,Tuesday,1,Give way or uncontrolled,T or staggered junction,15.30729384,Daylight,355740,430570,74.09350685,E01025296,1,1,0,0,Dry,Single carriageway,None,30,16:30:00,Urban,Fine no high winds,No,46 - 55,6,Urban area,4,1598,None,None,Commuting to/from work,Cleared junction or waiting/parked at junction exit,,ASTRA ACTIVE,Petrol,Male,None,No tow/articulation,Did not leave carriageway,0,Going ahead other,1,Car,No,Front,2019
200832D174708,A,159,Unclassified,0,Serious,None,30-10-2020,Monday,1,Give way or uncontrolled,Private drive or entrance,15.24361672,Daylight,484910,394630,74.14637208,E01026407,1,2,0,0,Dry,Single carriageway,None,30,17:40:00,Rural,Fine no high winds,No,46 - 55,6,Rural,5,1999,None,None,Other/Not known (2005-10),Mid Junction - on roundabout or on main road,,PASSAT S 20V,Petrol,Male,None,No tow/articulation,Did not leave carriageway,0,Turning right,1,Car,No,Offside,2019
20093102C1151,A,453,Unclassified,0,Serious,None,20-11-2020,Monday,1,Give way or uncontrolled,Slip road,15.23601949,Daylight,456210,337290,74.0686871,E01013870,1,1,0,0,Dry,Dual carriageway,None,40,18:35:00,Urban,Fine no high winds,No,46 - 55,6,Urban area,9,738,Kerb,Near/Offside crash barrier,Other/Not known (2005-10),Cleared junction or waiting/parked at junction exit,,ZR 750 H3,Petrol,Male,None,No tow/articulation,Offside on to central reservation,0,Going ahead other,1,Motorcycle over 500cc,No,Front,2019
2009559D02566,Unclassified,0,NA,0,Serious,None,27-12-2020,Sunday,1,Not at junction or within 20 metres,Not at junction or within 20 metres,15.28129005,Daylight,370110,89680,74.10261226,E01020520,3,2,0,0,Wet or damp,Single carriageway,None,30,14:12:00,Urban,Fine no high winds,No,46 - 55,6,Urban area,8,1599,None,None,Other/Not known (2005-10),Not at or within 20 metres of junction,,STREETKA LUXURY,Petrol,Male,None,No tow/articulation,Did not leave carriageway,0,Slowing or stopping,2,Car,No,Offside,2019
2008160C02470,Unclassified,0,NA,0,Serious,Any animal in carriageway (except ridden horse),19-05-2021,Saturday,1,Data missing or out of range,Not at junction or within 20 metres,15.22823863,Daylight,487550,452520,74.06661916,E01013119,1,1,0,0,Dry,Single carriageway,None,60,09:55:00,Rural,Fine no high winds,No,46 - 55,6,Rural,5,1995,Any animal (except ridden horse),Other permanent object,Other/Not known (2005-10),Not at or within 20 metres of junction,,ZAFIRA ELEGANCE DTI,Heavy oil,Male,None,No tow/articulation,Nearside,0,Going ahead other,1,Car,No,Front,2019
200942I074903,A,1089,NA,0,Serious,None,19-04-2020,Friday,1,Not at junction or within 20 metres,Not at junction or within 20 metres,15.31966172,Daylight,563640,180270,74.08012776,E01015965,2,1,0,0,Dry,Dual carriageway,None,70,08:39:00,Rural,Fine no high winds,No,46 - 55,6,Urban area,8,1250,None,None,Commuting to/from work,Not at or within 20 metres of junction,,XJR 1300,Petrol,Male,Skidded,No tow/articulation,Did not leave carriageway,0,Overtaking - nearside,1,Motorcycle over 500cc,No,Nearside,2019
200943R133069,Motorway,4,NA,0,Serious,None,26-06-2020,Saturday,1,Data missing or out of range,Not at junction or within 20 metres,15.30351242,Daylight,447180,172890,74.04644884,E01016277,2,2,0,0,Dry,Dual carriageway,None,70,17:24:00,Rural,Fine no high winds,No,46 - 55,6,Urban area,6,10960,None,None,Other/Not known (2005-10),Not at or within 20 metres of junction,,EUROLINER,Heavy oil,Male,None,No tow/articulation,Did not leave carriageway,0,Going ahead other,1,Bus or coach (17 or more pass seats),No,Front,2019
2009160C05460,B,1240,NA,0,Serious,None,03-01-2021,Saturday,1,Data missing or out of range,Not at junction or within 20 metres,15.26022192,Daylight,519350,427920,74.01397136,E01013098,4,2,0,0,Dry,Single carriageway,None,30,11:48:00,Rural,Fine no high winds,No,46 - 55,6,Small town,9,1798,None,Other permanent object,Other/Not known (2005-10),Not at or within 20 metres of junction,,MONDEO ZETEC,Petrol,Male,None,No tow/articulation,Offside,0,Going ahead other,1,Car,No,Front,2019
200901TD00101,A,205,C,0,Serious,None,21-12-2019,Thursday,1,Give way or uncontrolled,Crossroads,23.07306302,Daylight,529550,173940,72.65384928,E01003028,1,1,0,0,Dry,Single carriageway,None,30,15:07:00,Urban,Fine no high winds,No,46 - 55,6,Urban area,4,1794,None,None,Other/Not known (2005-10),Mid Junction - on roundabout or on main road,,AVENSIS GS VVT-I,Petrol,Male,None,No tow/articulation,Did not leave carriageway,0,Turning right,1,Car,No,Offside,2019
200901PY20569,A,232,B,265,Serious,None,12-05-2021,Saturday,1,Auto traffic signal,Crossroads,23.03429046,Daylight,541050,165100,72.54592787,E01000759,2,2,0,0,Dry,Single carriageway,None,30,12:16:00,Rural,Fine no high winds,No,46 - 55,6,Urban area,4,1130,None,None,Other/Not known (2005-10),Mid Junction - on roundabout or on main road,,R1150GS,Petrol,Male,None,No tow/articulation,Did not leave carriageway,0,Turning right,2,Motorcycle over 500cc,No,Nearside,2019
200801XD75599,Unclassified,0,NA,0,Serious,None,06-12-2020,Tuesday,1,Data missing or out of range,Not at junction or within 20 metres,22.99445967,Daylight,514040,183080,72.5504389,E01001268,1,1,0,0,Dry,Single carriageway,None,30,17:02:00,Urban,Fine no high winds,No,46 - 55,6,Urban area,6,1998,None,None,Other/Not known (2005-10),Not at or within 20 metres of junction,,C180 AVANTGARDE AUTO,Petrol,Male,None,No tow/articulation,Did not leave carriageway,0,Going ahead other,1,Car,No,Front,2019
200822GA86679,B,5063,NA,0,Serious,None,23-05-2019,Tuesday,1,Data missing or out of range,Not at junction or within 20 metres,23.03643425,Daylight,361110,317720,72.52919764,E01014136,1,3,0,0,Dry,Single carriageway,None,60,08:38:00,Rural,Fine no high winds,No,46 - 55,6,Data missing or out of range,NA,1997,None,None,Commuting to/from work,Not at or within 20 metres of junction,,XSARA PICASSO SX HDI,Heavy oil,Male,Skidded,No tow/articulation,Did not leave carriageway,0,Going ahead left-hand bend,1,Car,No,Offside,2019
200930D000759,Unclassified,0,Unclassified,0,Serious,None,19-11-2020,Thursday,1,Give way or uncontrolled,T or staggered junction,23.08689351,Daylight,437670,337180,72.5211464,E01013537,1,2,0,0,Dry,Single carriageway,None,30,14:50:00,Urban,Fine no high winds,No,46 - 55,6,Urban area,6,636,None,None,Other/Not known (2005-10),Mid Junction - on roundabout or on main road,,ZX636 A1P,Petrol,Male,None,No tow/articulation,Did not leave carriageway,0,Going ahead other,2,Motorcycle over 500cc,No,Front,2019
200906X024387,Motorway,6,NA,0,Serious,None,28-01-2020,Sunday,1,Not at junction or within 20 metres,Not at junction or within 20 metres,23.05967273,Daylight,353720,404260,72.51974525,E01006364,3,2,0,0,Wet or damp,Dual carriageway,Oil or diesel,70,12:21:00,Rural,Fine no high winds,No,46 - 55,6,Urban area,9,1994,None,None,Other/Not known (2005-10),Not at or within 20 metres of junction,,VECTRA LS DTI 16V,Heavy oil,Male,None,No tow/articulation,Nearside,0,Going ahead other,2,Car,No,Front,2019
200932D370809,A,46,B,1226,Serious,None,17-06-2019,Friday,1,Give way or uncontrolled,Roundabout,23.01714188,Daylight,497530,374010,72.58244169,E01026150,1,2,0,0,Dry,Roundabout,None,60,13:20:00,Rural,Fine no high winds,No,46 - 55,6,Data missing or out of range,NA,11967,None,None,Journey as part of work,Mid Junction - on roundabout or on main road,,,Heavy oil,Male,None,Articulated vehicle,Did not leave carriageway,0,Going ahead other,1,Goods 7.5 tonnes mgw and over,No,Nearside,2019
200801MM70928,A,215,Unclassified,0,Serious,None,13-11-2021,Friday,1,Give way or uncontrolled,T or staggered junction,23.03435351,Daylight,532370,178130,72.61141896,E01003994,1,2,0,0,Dry,Single carriageway,None,30,13:28:00,Urban,Fine no high winds,No,46 - 55,6,Urban area,10,2099,None,None,Other/Not known (2005-10),Entering main road,,X-TYPE V6 SE,Petrol,Male,None,No tow/articulation,Did not leave carriageway,0,Turning left,1,Car,No,Front,2019
201043P167110,B,4035,NA,0,Serious,None,23-01-2021,Tuesday,1,Data missing or out of range,Not at junction or within 20 metres,28.46471476,Daylight,442820,239210,77.050319,E01028503,2,2,0,0,Wet or damp,Single carriageway,None,50,11:30:00,Rural,Fine no high winds,No,46 - 55,6,Rural,7,1229,None,None,Journey as part of work,Not at or within 20 metres of junction,,CORSA ENERGY TWINPORT S-A,Petrol,Male,None,No tow/articulation,Did not leave carriageway,0,Going ahead left-hand bend,2,Car,No,Front,2019
200920L046301,A,4141,NA,0,Serious,None,01-12-2019,Tuesday,1,Data missing or out of range,Not at junction or within 20 metres,28.49624242,Daylight,419520,274960,77.02038251,E01010167,2,2,0,0,Dry,Single carriageway,None,60,14:47:00,Rural,Fine no high winds,No,46 - 55,6,Urban area,3,487,None,None,Other/Not known (2005-10),Not at or within 20 metres of junction,,GS 500 K3,Petrol,Male,None,No tow/articulation,Did not leave carriageway,0,Going ahead left-hand bend,1,Motorcycle over 125cc and up to 500cc,No,Front,2019
200905AA30145,Unclassified,0,NA,0,Serious,None,16-03-2020,Friday,1,Data missing or out of range,Not at junction or within 20 metres,28.48878719,Daylight,327640,387640,76.97995652,E01007300,1,1,0,0,Wet or damp,Single carriageway,None,30,08:40:00,Urban,Fine no high winds,No,46 - 55,6,Urban area,1,1328,None,None,Journey as part of work,Not at or within 20 metres of junction,,IGNIS GL,Petrol,Male,None,No tow/articulation,Did not leave carriageway,0,Going ahead other,1,Car,No,Nearside,2019
200901TD00345,C,0,C,0,Serious,None,02-03-2020,Monday,1,Give way or uncontrolled,T or staggered junction,28.45353236,Daylight,539550,178620,77.00507365,E01001667,1,2,0,0,Dry,Single carriageway,None,30,14:15:00,Urban,Fine no high winds,No,46 - 55,6,Urban area,8,1284,None,None,Other/Not known (2005-10),Mid Junction - on roundabout or on main road,,CB 1300 F-3,Petrol,Male,Skidded,No tow/articulation,Did not leave carriageway,0,Going ahead other,2,Motorcycle over 500cc,No,Front,2019
20093102A0502,A,6191,Unclassified,0,Serious,None,21-03-2020,Saturday,1,Give way or uncontrolled,Private drive or entrance,28.48261645,Daylight,452150,362680,76.99183638,E01028267,1,1,0,4,Dry,Dual carriageway,None,40,14:20:00,Urban,Fine no high winds,No,46 - 55,6,Urban area,3,749,None,None,Commuting to/from work,Entering main road,,ZX750-P7,Petrol,Male,None,No tow/articulation,Did not leave carriageway,0,Turning right,1,Motorcycle over 500cc,No,Offside,2019
20083102B0317,B,6326,Unclassified,0,Serious,None,19-03-2020,Saturday,1,Give way or uncontrolled,T or staggered junction,28.44270684,Daylight,481490,351930,77.08443386,E01028287,1,3,0,8,Dry,Single carriageway,None,30,17:20:00,Urban,Fine no high winds,No,46 - 55,6,Urban area,7,1997,None,None,Other/Not known (2005-10),Entering main road,,XSARA PICASSO HDI EXCLUSIVE,Heavy oil,Male,None,No tow/articulation,Did not leave carriageway,0,Turning right,1,Car,No,Front,2019
200842I332609,B,1029,NA,0,Serious,None,23-10-2021,Wednesday,1,Not at junction or within 20 metres,Not at junction or within 20 metres,28.50834778,Daylight,608220,219200,77.05238793,E01022053,2,3,0,0,Dry,Single carriageway,None,40,07:35:00,Rural,Fine no high winds,No,46 - 55,6,Small town,6,1997,None,None,Journey as part of work,Not at or within 20 metres of junction,,XSARA PICASSO SX HDI,Heavy oil,Male,None,No tow/articulation,Did not leave carriageway,0,Going ahead other,2,Car,No,Front,2019
200942I115304,Unclassified,0,NA,0,Serious,None,18-09-2021,Monday,1,Not at junction or within 20 metres,Not at junction or within 20 metres,12.99816758,Daylight,567490,195050,77.51847651,E01021247,1,1,0,1,Dry,Single carriageway,None,30,07:30:00,Urban,Fine no high winds,No,46 - 55,6,Urban area,10,1596,None,None,Journey as part of work,Not at or within 20 metres of junction,,FOCUS EBONY,Petrol,Male,None,No tow/articulation,Did not leave carriageway,9,Turning right,1,Car,No,Front,2019
2008160D06380,A,165,A,1033,Serious,None,21-01-2020,Thursday,1,Auto traffic signal,Crossroads,13.03445659,Daylight,511110,429690,77.6343379,E01012810,2,2,0,5,Dry,Single carriageway,None,30,13:20:00,Urban,Fine no high winds,No,46 - 55,6,Urban area,1,8268,None,None,Journey as part of work,Mid Junction - on roundabout or on main road,,,Heavy oil,Male,None,No tow/articulation,Did not leave carriageway,0,Overtaking moving vehicle - offside,1,Bus or coach (17 or more pass seats),No,Nearside,2020
200963DP22309,Unclassified,0,NA,0,Serious,None,07-01-2021,Sunday,1,Data missing or out of range,Not at junction or within 20 metres,13.04444114,Daylight,300050,286310,77.54427344,W01000453,1,2,0,0,Wet or damp,Single carriageway,None,60,12:45:00,Rural,Fine no high winds,No,46 - 55,6,Rural,NA,2495,None,None,Journey as part of work,Not at or within 20 metres of junction,,DEFENDER 90 TD5,Heavy oil,Male,None,No tow/articulation,Did not leave carriageway,0,Slowing or stopping,2,Car,No,Front,2020