Accident_Index,1st_Road_Class,1st_Road_Number,2nd_Road_Class,2nd_Road_Number,Accident_Severity,Carriageway_Hazards,Date,Day_of_Week,Did_Police_Officer_Attend_Scene_of_Accident,Junction_Control,Junction_Detail,Latitude,Light_Conditions,Location_Easting_OSGR,Location_Northing_OSGR,Longitude,LSOA_of_Accident_Location,Number_of_Casualties,Number_of_Vehicles,Pedestrian_Crossing-Human_Control,Pedestrian_Crossing-Physical_Facilities,Road_Surface_Conditions,Road_Type,Special_Conditions_at_Site,Speed_limit,Time,Urban_or_Rural_Area,Weather_Conditions,InScotland,Age_Band_of_Driver,Age_of_Vehicle,Driver_Home_Area_Type,Driver_IMD_Decile,Engine_Capacity_.CC.,Hit_Object_in_Carriageway,Hit_Object_off_Carriageway,Journey_Purpose_of_Driver,Junction_Location,make,model,Propulsion_Code,Sex_of_Driver,Skidding_and_Overturning,Towing_and_Articulation,Vehicle_Leaving_Carriageway,Vehicle_Location.Restricted_Lane,Vehicle_Manoeuvre,Vehicle_Reference,Vehicle_Type,Was_Vehicle_Left_Hand_Drive,X1st_Point_of_Impact,Year
200901TC00142,A,112,Unclassified,0,Serious,None,24-11-2021,Friday,1,Give way or uncontrolled,Crossroads,22.10616719,Daylight,538890,185310,82.18304539,E01003615,1,1,0,0,Dry,Single carriageway,None,30,16:22:00,Urban,Fine no high winds,No,16 - 20,5,Urban area,1,1997,None,None,Commuting to/from work,Approaching junction or waiting/parked at junction approach,,PARTNER 800 LX HDI,Heavy oil,Male,Skidded,No tow/articulation,Did not leave carriageway,0,Slowing or stopping,1,Van / Goods 3.5 tonnes mgw or under,No,Front,2019
2007557E04084,Unclassified,0,Unclassified,0,Serious,None,02-03-2019,Wednesday,1,Give way or uncontrolled,T or staggered junction,15.18092842,Daylight,406130,101540,74.06770195,E01020408,1,2,0,0,Dry,Single carriageway,None,30,08:02:00,Urban,Fine no high winds,No,16 - 20,5,Small town,9,1994,None,None,Other/Not known (2005-10),Approaching junction or waiting/parked at junction approach,,IMPREZA GX AWD,Petrol,Male,None,No tow/articulation,Did not leave carriageway,0,Turning right,1,Car,No,Front,2019
200950EL2V002,Unclassified,0,Unclassified,0,Serious,None,17-12-2019,Saturday,2,Give way or uncontrolled,Slip road,15.30167915,Daylight,249900,60750,74.12034144,E01015160,1,2,0,0,Wet or damp,Dual carriageway,None,30,17:45:00,Urban,Fine no high winds,No,16 - 20,5,Urban area,4,124,None,None,Other/Not known (2005-10),Approaching junction or waiting/parked at junction approach,,XR 125 L-4,Petrol,Male,None,No tow/articulation,Did not leave carriageway,0,Going ahead left-hand bend,2,Motorcycle 125cc and under,No,Offside,2019
200943N246019,A,416,Unclassified,4059,Serious,None,18-05-2019,Monday,1,Give way or uncontrolled,T or staggered junction,23.03249187,Daylight,496270,202420,72.59169283,E01017781,1,1,0,0,Dry,Single carriageway,None,30,13:00:00,Urban,Fine no high winds,No,16 - 20,5,Small town,10,1396,None,None,Other/Not known (2005-10),Cleared junction or waiting/parked at junction exit,,ZR,Petrol,Male,None,No tow/articulation,Did not leave carriageway,0,Going ahead other,1,Car,No,Nearside,2019
20084100A0275,C,38,NA,0,Serious,None,16-04-2021,Saturday,1,Not at junction or within 20 metres,Not at junction or within 20 metres,23.07221066,Daylight,549420,219210,72.61469997,E01023460,1,2,0,0,Dry,Single carriageway,None,30,09:07:00,Rural,Fine no high winds,No,16 - 20,5,Data missing or out of range,NA,450,None,None,Other/Not known (2005-10),Not at or within 20 metres of junction,,,Petrol,Male,Skidded,No tow/articulation,Did not leave carriageway,0,Going ahead left-hand bend,1,Motorcycle over 125cc and up to 500cc,No,Front,2019
200901JC30389,Unclassified,0,Unclassified,0,Serious,None,14-02-2020,Saturday,1,Give way or uncontrolled,Crossroads,23.02690241,Daylight,539390,193440,72.58572889,E01004390,1,2,0,0,Dry,Single carriageway,None,30,06:30:00,Urban,Fine no high winds,No,16 - 20,5,Urban area,1,998,Parked vehicle,None,Other/Not known (2005-10),Cleared junction or waiting/parked at junction exit,,CORSA LIFE TWINPORT,Petrol,Male,None,No tow/articulation,Did not leave carriageway,0,Going ahead other,1,Car,No,Offside,2019
20093102D2752,Unclassified,0,Unclassified,0,Serious,None,28-12-2020,Wednesday,2,Give way or uncontrolled,Private drive or entrance,13.02737797,Daylight,461670,349450,77.5221457,E01028154,1,1,0,0,Dry,Single carriageway,None,30,08:30:00,Rural,Fine no high winds,No,16 - 20,5,Urban area,10,1997,None,None,Other/Not known (2005-10),Approaching junction or waiting/parked at junction approach,,307 S HDI 110,Heavy oil,Male,None,No tow/articulation,Did not leave carriageway,9,Reversing,1,Car,No,Back,2020
200905EE32032,Unclassified,0,Unclassified,0,Serious,None,06-07-2020,Tuesday,1,Give way or uncontrolled,T or staggered junction,13.02466801,Daylight,340330,392140,77.57320645,E01006621,1,2,0,0,Dry,Single carriageway,None,30,16:01:00,Urban,Fine no high winds,No,16 - 20,5,Urban area,9,1242,None,None,Journey as part of work,Approaching junction or waiting/parked at junction approach,,PUNTO ACTIVE 8V,Petrol,Male,None,No tow/articulation,Did not leave carriageway,0,Waiting to go - held up,2,Car,No,Did not impact,2020
2007400C00916,B,579,NA,0,Serious,None,17-04-2020,Tuesday,1,Data missing or out of range,Not at junction or within 20 metres,8.879608896,Daylight,507830,222650,76.61389773,E01015701,1,2,0,0,Dry,Single carriageway,None,30,15:26:00,Urban,Fine no high winds,No,16 - 20,5,Data missing or out of range,NA,49,None,None,Other/Not known (2005-10),Not at or within 20 metres of junction,,,Petrol,Male,Skidded,No tow/articulation,Did not leave carriageway,0,U-turn,2,Motorcycle 50cc and under,No,Offside,2020
200905AA32320,A,552,NA,0,Serious,None,25-08-2020,Friday,1,Data missing or out of range,Not at junction or within 20 metres,22.72781368,Daylight,330140,386740,75.85935475,E01007250,1,2,0,0,Dry,Single carriageway,None,30,07:05:00,Urban,Fine no high winds,No,16 - 20,5,Urban area,1,1686,None,None,Commuting to/from work,Not at or within 20 metres of junction,,ASTRA LIFE CDTI,Heavy oil,Male,None,No tow/articulation,Did not leave carriageway,0,Going ahead other,1,Car,No,Front,2020
200906G016055,Unclassified,0,Unclassified,0,Serious,None,30-04-2019,Sunday,1,Give way or uncontrolled,T or staggered junction,22.74841418,Daylight,400970,396280,75.89064657,E01006047,1,1,0,0,Dry,Single carriageway,None,30,17:40:00,Urban,Fine no high winds,No,16 - 20,5,Urban area,1,1124,None,None,Other/Not known (2005-10),Approaching junction or waiting/parked at junction approach,,206 S,Petrol,Male,None,No tow/articulation,Did not leave carriageway,0,Going ahead other,1,Car,No,Front,2020
200834WN32618,A,4500,C,159,Serious,None,26-04-2021,Saturday,1,Auto traffic signal,T or staggered junction,26.46624804,Daylight,478140,261990,74.64425984,E01027256,1,2,0,5,Dry,Single carriageway,None,30,18:38:00,Urban,Fine no high winds,No,16 - 20,5,Small town,9,1598,None,None,Other/Not known (2005-10),Mid Junction - on roundabout or on main road,,ASTRA SXI 16V DUAL FUEL,Gas/Bi-fuel,Male,None,No tow/articulation,Did not leave carriageway,0,Turning right,1,Car,No,Nearside,2020
200997QC00703,Unclassified,0,NA,0,Serious,None,05-09-2021,Friday,1,Data missing or out of range,Not at junction or within 20 metres,26.46265663,Daylight,287730,642870,74.60835668,,1,2,0,0,Dry,Single carriageway,None,30,14:00:00,Rural,Fine no high winds,Yes,16 - 20,5,Rural,NA,102,None,None,Commuting to/from work,Not at or within 20 metres of junction,,SCV100F-E,Petrol,Male,None,No tow/articulation,Did not leave carriageway,0,Going ahead left-hand bend,1,Motorcycle 50cc and under,No,Front,2020
200920H022502,B,4152,Unclassified,0,Serious,None,11-11-2019,Friday,1,Give way or uncontrolled,T or staggered junction,26.47064163,Daylight,404940,304480,80.28788906,E01010252,1,2,0,1,Dry,Single carriageway,None,30,18:41:00,Urban,Fine no high winds,No,16 - 20,5,Urban area,2,124,None,None,Other/Not known (2005-10),Mid Junction - on roundabout or on main road,,CBR 125 R-4,Petrol,Male,None,No tow/articulation,Did not leave carriageway,0,Going ahead other,2,Motorcycle 125cc and under,No,Front,2020
200922F905726,A,5191,Unclassified,0,Serious,None,16-04-2019,Friday,1,Give way or uncontrolled,T or staggered junction,28.67763446,Daylight,349520,311630,77.05903744,E01028938,3,5,0,0,Dry,Single carriageway,None,30,16:10:00,Urban,Fine no high winds,No,16 - 20,5,Rural,5,49,None,None,Other/Not known (2005-10),Approaching junction or waiting/parked at junction approach,,JET 50 - EURO X,Petrol,Male,None,No tow/articulation,Did not leave carriageway,0,Going ahead other,4,Motorcycle 50cc and under,No,Back,2020
200745RE05413,Unclassified,0,NA,0,Serious,None,19-04-2020,Tuesday,2,Data missing or out of range,Not at junction or within 20 metres,28.62142653,Daylight,527530,143400,77.20753298,E01030588,1,2,0,0,Dry,Single carriageway,None,30,19:00:00,Urban,Fine no high winds,No,16 - 20,5,Urban area,7,1242,None,None,Other/Not known (2005-10),Not at or within 20 metres of junction,,,Petrol,Male,None,No tow/articulation,Did not leave carriageway,0,Going ahead other,2,Car,No,Did not impact,2020
200806K095495,B,5238,Unclassified,0,Serious,None,15-02-2021,Friday,1,Give way or uncontrolled,T or staggered junction,28.69451004,Daylight,362820,411020,77.30038407,E01004779,1,2,0,0,Dry,Single carriageway,None,30,15:36:00,Urban,Fine no high winds,No,16 - 20,5,Data missing or out of range,NA,125,None,Other permanent object,Commuting to/from work,Mid Junction - on roundabout or on main road,,XL 125 V-3,Petrol,Male,None,No tow/articulation,Offside,0,Going ahead other,2,Motorcycle 125cc and under,No,Nearside,2020
2007600FL3115,Unclassified,0,Unclassified,0,Serious,None,11-04-2021,Saturday,1,Give way or uncontrolled,Other junction,28.67815431,Daylight,331270,366440,77.34869812,,1,2,0,0,Dry,Single carriageway,None,30,14:35:00,Urban,Fine no high winds,No,16 - 20,5,Urban area,NA,49,None,None,Other/Not known (2005-10),Mid Junction - on roundabout or on main road,,,Petrol,Male,None,No tow/articulation,Did not leave carriageway,0,Going ahead left-hand bend,1,Motorcycle 50cc and under,No,Nearside,2021
200954EH08709,A,4,Unclassified,0,Serious,None,24-06-2019,Monday,1,Give way or uncontrolled,T or staggered junction,18.63637304,Daylight,419520,169040,73.80919898,E01031861,1,3,0,1,Dry,Single carriageway,None,30,08:50:00,Rural,Fine no high winds,No,16 - 20,5,Rural,8,125,None,None,Journey as part of work,Mid Junction - on roundabout or on main road,,CBR 125 R-4,Petrol,Male,None,No tow/articulation,Did not leave carriageway,0,Overtaking - nearside,1,Motorcycle 125cc and under,No,Front,2021
200997BE04001,A,81,NA,0,Serious,None,22-09-2020,Friday,1,Data missing or out of range,Not at junction or within 20 metres,18.4921972,Daylight,256910,668710,73.95201986,,1,1,2,4,Wet or damp,Dual carriageway,None,30,16:30:00,Urban,Fine no high winds,Yes,16 - 20,5,Urban area,NA,1396,None,None,Other/Not known (2005-10),Not at or within 20 metres of junction,,ZR 105,Petrol,Male,Skidded,No tow/articulation,Did not leave carriageway,2,Slowing or stopping,1,Car,No,Front,2021
200945SU39710,Unclassified,3517,NA,0,Serious,None,21-11-2021,Friday,1,Data missing or out of range,Not at junction or within 20 metres,18.61848017,Daylight,486830,160020,73.86231158,E01030794,1,2,0,0,Dry,Single carriageway,None,30,12:43:00,Urban,Fine no high winds,No,16 - 20,5,Urban area,6,49,None,None,Other/Not known (2005-10),Not at or within 20 metres of junction,,JOG R,Petrol,Male,None,No tow/articulation,Did not leave carriageway,0,Going ahead other,2,Motorcycle 50cc and under,No,Front,2021
200904EL09054,B,6231,Unclassified,0,Serious,None,14-04-2019,Tuesday,1,Give way or uncontrolled,T or staggered junction,18.62178581,Daylight,374280,428060,73.76098527,E01025075,1,2,0,0,Wet or damp,Single carriageway,None,30,14:40:00,Urban,Fine no high winds,No,16 - 20,5,Data missing or out of range,NA,1995,None,None,Journey as part of work,Cleared junction or waiting/parked at junction exit,,ZAFIRA DESIGN DTI 16V,Heavy oil,Male,None,No tow/articulation,Did not leave carriageway,0,Turning right,1,Taxi/Private hire car,No,Did not impact,2021
2010400C02377,A,5228,Unclassified,0,Serious,None,06-02-2021,Thursday,1,Auto traffic signal,Crossroads,14.79511709,Daylight,507750,223050,78.61449753,E01015701,1,2,0,4,Dry,Single carriageway,None,30,17:43:00,Urban,Fine no high winds,No,16 - 20,5,Urban area,4,1364,None,None,Other/Not known (2005-10),Leaving main road,,MERIVA ENJOY TWINPORT,Petrol,Male,None,No tow/articulation,Did not leave carriageway,0,Turning right,1,Car,No,Nearside,2019
200906J024673,A,6,Unclassified,0,Serious,None,17-05-2019,Wednesday,1,Give way or uncontrolled,T or staggered junction,14.7503929,Daylight,388820,391100,78.49607191,E01005917,2,1,0,8,Dry,Single carriageway,None,30,15:30:00,Urban,Fine no high winds,No,16 - 20,5,Urban area,1,1360,None,None,Commuting to/from work,Mid Junction - on roundabout or on main road,,307 ENVY 90,Petrol,Male,None,No tow/articulation,Did not leave carriageway,0,Going ahead other,1,Car,No,Front,2019
20094100B0323,B,195,Unclassified,318,Serious,None,23-08-2019,Wednesday,1,Give way or uncontrolled,T or staggered junction,14.7149789,Daylight,523350,213270,78.63929937,E01023918,1,2,0,0,Dry,Single carriageway,None,30,23:00:00,Urban,Fine no high winds,No,16 - 20,5,Urban area,9,599,None,None,Other/Not known (2005-10),Approaching junction or waiting/parked at junction approach,,CBF 600 N-4,Petrol,Male,None,No tow/articulation,Did not leave carriageway,0,Overtaking moving vehicle - offside,1,Motorcycle over 500cc,No,Front,2019
200811ND19268,C,154,Unclassified,0,Serious,None,24-02-2020,Friday,1,Give way or uncontrolled,T or staggered junction,27.09534371,Daylight,422450,541590,93.62617138,E01020715,2,1,0,0,Dry,Single carriageway,None,30,20:10:00,Rural,Fine no high winds,No,16 - 20,5,Small town,5,149,None,Other permanent object,Other/Not known (2005-10),Mid Junction - on roundabout or on main road,,,Petrol,Male,None,No tow/articulation,Nearside,0,Going ahead other,1,Motorcycle over 125cc and up to 500cc,No,Front,2019
200820L094801,Unclassified,0,Unclassified,0,Serious,None,20-07-2020,Sunday,1,Give way or uncontrolled,T or staggered junction,26.74195574,Daylight,410590,278820,94.19388487,E01010219,5,2,0,4,Dry,Single carriageway,None,30,18:40:00,Urban,Fine no high winds,No,16 - 20,5,Urban area,3,1396,None,None,Other/Not known (2005-10),Mid Junction - on roundabout or on main road,,25 IMPRESSION 3,Petrol,Male,Skidded,No tow/articulation,Did not leave carriageway,0,Going ahead other,2,Car,No,Front,2019
201001MM70434,A,202,NA,0,Serious,None,09-06-2010,Wednesday,1,Data missing or out of range,Not at junction or within 20 metres,51.473905,Daylight,534300,176770,-0.067643,E01004067,1,2,0,0,Dry,Single carriageway,None,30,19:28:00,Urban,Fine no high winds,No,16 - 20,5,Urban area,3,1198,None,None,Other/Not known (2005-10),Not at or within 20 metres of junction,VOLKSWAGEN,POLO E,Petrol,Male,None,No tow/articulation,Did not leave carriageway,0,U-turn,1,Car,No,Offside,2010
201004AL10074,Unclassified,0,Unclassified,0,Serious,None,14-04-2010,Wednesday,1,Give way or uncontrolled,Roundabout,53.791942,Daylight,334350,433310,-2.99806,E01025031,1,2,0,0,Dry,Roundabout,None,30,11:00:00,Rural,Fine no high winds,No,16 - 20,5,Urban area,1,124,None,None,Journey as part of work,Mid Junction - on roundabout or on main road,SUZUKI,EN 125,Petrol,Male,None,No tow/articulation,Did not leave carriageway,0,Going ahead right-hand bend,2,Motorcycle 125cc and under,No,Did not impact,2010
201004EB10067,Unclassified,0,Unclassified,0,Serious,None,31-08-2010,Tuesday,1,Give way or uncontrolled,T or staggered junction,53.696095,Daylight,371730,422270,-2.429643,E01012592,1,2,0,0,Dry,Single carriageway,None,30,17:25:00,Rural,Fine no high winds,No,16 - 20,5,Rural,8,49,None,None,Other/Not known (2005-10),Mid Junction - on roundabout or on main road,PIAGGIO,FLY 50,Petrol,Male,None,No tow/articulation,Did not leave carriageway,0,Turning right,1,Motorcycle 50cc and under,No,Offside,2010
201005BB04161,A,565,B,5193,Serious,None,08-07-2010,Thursday,1,Auto traffic signal,More than 4 arms (not roundabout),53.491304,Daylight,332050,399890,-3.025656,E01006939,1,1,0,4,Dry,Dual carriageway,None,30,15:55:00,Urban,Fine no high winds,No,16 - 20,5,Urban area,10,1229,None,None,Other/Not known (2005-10),Mid Junction - on roundabout or on main road,VAUXHALL,CORSA SXI TWINPORT,Petrol,Male,None,No tow/articulation,Did not leave carriageway,0,Turning left,1,Car,No,Nearside,2010
201005CC04214,Unclassified,0,Unclassified,0,Serious,None,11-07-2010,Sunday,1,Give way or uncontrolled,T or staggered junction,53.435902,Daylight,342250,393590,-2.870777,E01006441,2,2,0,0,Dry,Single carriageway,None,30,15:20:00,Urban,Fine no high winds,No,16 - 20,5,Urban area,1,124,None,None,Other/Not known (2005-10),Mid Junction - on roundabout or on main road,HONDA,CG 125-4,Petrol,Male,Overturned,No tow/articulation,Did not leave carriageway,0,Going ahead other,1,Motorcycle over 125cc and up to 500cc,No,Front,2010
201006B031416,B,5093,C,0,Serious,None,10-05-2010,Monday,1,Auto traffic signal,Crossroads,53.443225,Daylight,386880,394070,-2.198998,E01005218,2,2,0,0,Dry,Single carriageway,None,30,15:20:00,Urban,Fine no high winds,No,16 - 20,5,Data missing or out of range,NA,1086,None,None,Commuting to/from work,Approaching junction or waiting/parked at junction approach,HYUNDAI,GETZ GSI,Petrol,Male,None,No tow/articulation,Did not leave carriageway,0,Waiting to turn right,2,Car,No,Front,2010
201006J029800,A,627,NA,0,Serious,None,30-03-2010,Tuesday,1,Data missing or out of range,Not at junction or within 20 metres,53.381052,Daylight,393090,387140,-2.105351,E01005841,2,1,0,8,Dry,Single carriageway,None,30,14:15:00,Urban,Fine no high winds,No,16 - 20,5,Urban area,9,12130,None,Lamp post,Journey as part of work,Not at or within 20 metres of junction,VOLVO,,Heavy oil,Male,Skidded and overturned,Articulated vehicle,Nearside,0,Going ahead other,1,Goods 7.5 tonnes mgw and over,No,Did not impact,2010
201014B097910,Unclassified,0,NA,0,Serious,None,16-09-2010,Thursday,2,Not at junction or within 20 metres,Not at junction or within 20 metres,53.514295,Daylight,444830,402170,-1.325411,E01007368,1,2,0,0,Wet or damp,Single carriageway,None,30,12:00:00,Urban,Fine no high winds,No,16 - 20,5,Urban area,1,124,None,None,Other/Not known (2005-10),Not at or within 20 metres of junction,HONDA,XR 125 L-4,Petrol,Male,Skidded,No tow/articulation,Did not leave carriageway,0,Overtaking - nearside,1,Motorcycle 125cc and under,No,Front,2010
2010160C01741,A,614,B,1248,Serious,None,11-04-2010,Sunday,1,Give way or uncontrolled,T or staggered junction,53.954114,Daylight,496480,451890,-0.531206,E01012981,2,2,0,0,Dry,Single carriageway,None,30,13:36:00,Rural,Fine no high winds,No,16 - 20,5,Urban area,10,1360,None,None,Other/Not known (2005-10),Approaching junction or waiting/parked at junction approach,CITROEN,C2 FURIO,Petrol,Male,None,No tow/articulation,Did not leave carriageway,0,Going ahead right-hand bend,2,Car,No,Offside,2010
200850AP2M007,C,159,Unclassified,0,Serious,None,10-10-2020,Wednesday,1,Give way or uncontrolled,More than 4 arms (not roundabout),14.68000276,Daylight,152810,36030,78.52675179,E01018987,1,2,0,0,Wet or damp,Single carriageway,None,30,21:06:00,Rural,Fine no high winds,No,16 - 20,5,Rural,4,998,None,None,Commuting to/from work,Approaching junction or waiting/parked at junction approach,,CORSA ACTIVE TWINPORT,Petrol,Female,None,No tow/articulation,Did not leave carriageway,0,Going ahead left-hand bend,1,Car,No,Nearside,2019
200750B62G278,Unclassified,0,Unclassified,0,Serious,None,12-09-2021,Wednesday,1,Give way or uncontrolled,Crossroads,26.76421302,Daylight,243850,55020,94.1716316,E01018798,1,2,0,0,Dry,Single carriageway,None,30,13:50:00,Rural,Fine no high winds,No,16 - 20,5,Urban area,8,1124,None,None,Data missing or out of range,Mid Junction - on roundabout or on main road,,SAXO FORTE,Petrol,Female,None,No tow/articulation,Did not leave carriageway,0,Going ahead other,1,Car,No,Nearside,2019
2008170M10678,A,1130,NA,0,Serious,None,23-10-2021,Tuesday,1,Data missing or out of range,Not at junction or within 20 metres,22.0641336,Daylight,447280,517270,82.16024443,E01012047,1,2,0,1,Dry,Single carriageway,None,30,08:11:00,Urban,Fine no high winds,No,16 - 20,5,Urban area,9,1398,None,None,Taking pupil to/from school,Not at or within 20 metres of junction,,206 LOOK HDI,Heavy oil,Female,None,No tow/articulation,Did not leave carriageway,0,Slowing or stopping,1,Car,No,Back,2019
200934WS14769,C,38,NA,0,Serious,None,07-01-2019,Saturday,1,Data missing or out of range,Not at junction or within 20 metres,13.02318736,Daylight,482630,260660,77.59061408,E01027275,1,1,0,0,Wet or damp,Single carriageway,None,30,12:51:00,Rural,Fine no high winds,No,16 - 20,5,Data missing or out of range,NA,1124,None,Other permanent object,Other/Not known (2005-10),Not at or within 20 metres of junction,,C2 L,Petrol,Female,None,No tow/articulation,Offside,0,Overtaking static vehicle - offside,1,Car,No,Front,2020
200801JC76300,A,1006,A,104,Serious,None,29-05-2020,Tuesday,1,Auto traffic signal,T or staggered junction,13.02945127,Daylight,536950,187570,77.54868491,E01004424,1,1,0,5,Dry,Single carriageway,None,30,10:52:00,Urban,Fine no high winds,No,16 - 20,5,Urban area,4,1242,None,None,Journey as part of work,Mid Junction - on roundabout or on main road,,PUNTO DYNAMIC 16V,Petrol,Female,None,No tow/articulation,Did not leave carriageway,0,Going ahead other,1,Car,No,Front,2020
200901TW60061,B,351,A,205,Serious,None,07-10-2020,Tuesday,1,Give way or uncontrolled,T or staggered junction,26.46408287,Daylight,520510,175380,74.63510495,E01003807,1,1,0,5,Dry,Single carriageway,None,30,14:04:00,Urban,Fine no high winds,No,16 - 20,5,Urban area,9,2000,None,None,Other/Not known (2005-10),Cleared junction or waiting/parked at junction exit,,GOLF GT TDI,Heavy oil,Female,None,No tow/articulation,Did not leave carriageway,0,Turning left,1,Car,No,Front,2020
200801HT72942,A,1208,C,0,Serious,None,04-12-2020,Thursday,1,Give way or uncontrolled,Other junction,26.4812853,Daylight,534580,183230,80.29819821,E01004202,1,1,0,0,Wet or damp,Unknown,None,30,18:49:00,Urban,Fine no high winds,No,16 - 20,5,Urban area,1,1596,None,None,Other/Not known (2005-10),Cleared junction or waiting/parked at junction exit,,STILO 16V DYNAMIC,Petrol,Female,None,No tow/articulation,Did not leave carriageway,0,Going ahead other,1,Car,No,Offside,2020
200932B219409,C,462,Unclassified,0,Serious,None,26-02-2019,Tuesday,1,Give way or uncontrolled,Private drive or entrance,28.65295973,Daylight,514250,309980,77.07689368,E01026335,2,1,0,0,Wet or damp,Single carriageway,None,30,19:45:00,Urban,Fine no high winds,No,16 - 20,5,Data missing or out of range,NA,1360,None,None,Other/Not known (2005-10),Mid Junction - on roundabout or on main road,,206 SE,Petrol,Female,None,No tow/articulation,Offside,0,Going ahead right-hand bend,1,Car,No,Front,2020
200901ZT80236,A,232,C,0,Serious,None,02-12-2019,Saturday,1,Give way or uncontrolled,T or staggered junction,28.56803544,Daylight,527380,164250,77.28607061,E01004097,2,3,0,0,Wet or damp,Single carriageway,None,30,19:57:00,Urban,Fine no high winds,No,16 - 20,5,Urban area,5,1242,None,None,Other/Not known (2005-10),Approaching junction or waiting/parked at junction approach,,PUNTO ACTIVE SPORT 8V,Petrol,Female,None,No tow/articulation,Did not leave carriageway,0,Going ahead other,3,Car,No,Front,2020
200822DE88834,A,456,A,450,Serious,None,18-03-2021,Saturday,1,Auto traffic signal,T or staggered junction,28.64290927,Daylight,389900,279610,77.08424802,E01032138,1,1,0,0,Wet or damp,Single carriageway,None,30,08:55:00,Urban,Fine no high winds,No,16 - 20,5,Rural,10,1199,Bollard or refuge,Road sign or traffic signal,Journey as part of work,Entering main road,,CORSA ELEGANCE 16V,Petrol,Female,None,No tow/articulation,Nearside,0,Turning right,1,Car,No,Front,2021
200997AB00902,Unclassified,0,Unclassified,0,Serious,None,20-04-2021,Friday,1,Auto traffic signal,Other junction,18.62159531,Daylight,259280,665440,73.94139478,,1,1,2,4,Dry,Dual carriageway,None,30,17:10:00,Urban,Fine no high winds,Yes,16 - 20,5,Data missing or out of range,NA,1149,None,None,Other/Not known (2005-10),Approaching junction or waiting/parked at junction approach,,CLIO EXTREME 3 16V,Petrol,Female,None,No tow/articulation,Did not leave carriageway,0,Slowing or stopping,1,Car,No,Nearside,2021
200814K110508,B,6539,Unclassified,0,Serious,None,03-01-2020,Monday,1,Auto traffic signal,T or staggered junction,18.57259425,Daylight,435210,387660,73.92973841,E01008070,2,2,0,1,Wet or damp,Dual carriageway,None,30,19:49:00,Urban,Fine no high winds,No,16 - 20,5,Urban area,8,249,None,None,Other/Not known (2005-10),Approaching junction or waiting/parked at junction approach,,XVS 250,Petrol,Female,Skidded and overturned,No tow/articulation,Did not leave carriageway,0,Slowing or stopping,2,Motorcycle over 125cc and up to 500cc,No,Front,2021
200943N024049,A,4094,NA,0,Serious,None,02-09-2019,Thursday,1,Data missing or out of range,Not at junction or within 20 metres,18.63948714,Daylight,491290,188770,73.86258593,E01017935,1,1,0,0,Dry,Single carriageway,None,30,12:36:00,Urban,Fine no high winds,No,16 - 20,5,Urban area,7,1599,None,None,Commuting to/from work,Not at or within 20 metres of junction,,SPORTKA SE,Petrol,Female,None,No tow/articulation,Did not leave carriageway,0,Going ahead left-hand bend,1,Car,No,Front,2021
200743W031087,Unclassified,7107,NA,0,Serious,None,08-01-2020,Saturday,1,Data missing or out of range,Not at junction or within 20 metres,18.61913567,Daylight,458260,169400,73.76094856,E01016327,1,1,0,0,Dry,Single carriageway,None,30,17:41:00,Rural,Fine no high winds,No,16 - 20,5,Rural,8,1299,None,None,Other/Not known (2005-10),Not at or within 20 metres of junction,,KA STYLE,Petrol,Female,None,No tow/articulation,Did not leave carriageway,0,Going ahead other,1,Car,No,Nearside,2021
200804EA08265,A,6062,Unclassified,0,Serious,None,19-02-2019,Friday,1,Give way or uncontrolled,T or staggered junction,19.16998984,Daylight,365910,425690,72.92276479,E01012613,2,2,0,0,Dry,Single carriageway,None,30,20:00:00,Urban,Fine no high winds,No,16 - 20,5,Data missing or out of range,NA,998,None,None,Other/Not known (2005-10),Mid Junction - on roundabout or on main road,,MICRA TEMPEST,Petrol,Female,None,No tow/articulation,Did not leave carriageway,0,Going ahead other,1,Car,No,Front,2021
201014K200710,B,6068,A,61,Serious,None,29-07-2010,Thursday,2,Give way or uncontrolled,T or staggered junction,53.339168,Daylight,434550,382600,-1.482572,E01007831,1,2,0,0,Dry,Single carriageway,None,30,09:00:00,Urban,Fine no high winds,No,16 - 20,5,Urban area,7,2000,None,None,Other/Not known (2005-10),Approaching junction or waiting/parked at junction approach,VOLKSWAGEN,GOLF GT TDI,Heavy oil,Female,None,No tow/articulation,Did not leave carriageway,0,Slowing or stopping,2,Car,No,Did not impact,2010
201034WD51620,C,166,C,196,Serious,None,07-12-2019,Monday,2,Give way or uncontrolled,Crossroads,28.53232471,Daylight,456890,261950,77.24193426,E01027007,1,2,0,0,Wet or damp,Single carriageway,None,30,15:30:00,Urban,Fog or mist,No,16 - 20,5,Urban area,9,998,None,None,Pupil riding to/from school,Mid Junction - on roundabout or on main road,,CORSA BREEZE,Petrol,Male,None,No tow/articulation,Did not leave carriageway,0,Going ahead other,1,Car,No,Front,2020