Accident_Index,1st_Road_Class,1st_Road_Number,2nd_Road_Class,2nd_Road_Number,Accident_Severity,Carriageway_Hazards,Date,Day_of_Week,Did_Police_Officer_Attend_Scene_of_Accident,Junction_Control,Junction_Detail,Latitude,Light_Conditions,Location_Easting_OSGR,Location_Northing_OSGR,Longitude,LSOA_of_Accident_Location,Number_of_Casualties,Number_of_Vehicles,Pedestrian_Crossing-Human_Control,Pedestrian_Crossing-Physical_Facilities,Road_Surface_Conditions,Road_Type,Special_Conditions_at_Site,Speed_limit,Time,Urban_or_Rural_Area,Weather_Conditions,InScotland,Age_Band_of_Driver,Age_of_Vehicle,Driver_Home_Area_Type,Driver_IMD_Decile,Engine_Capacity_.CC.,Hit_Object_in_Carriageway,Hit_Object_off_Carriageway,Journey_Purpose_of_Driver,Junction_Location,make,model,Propulsion_Code,Sex_of_Driver,Skidding_and_Overturning,Towing_and_Articulation,Vehicle_Leaving_Carriageway,Vehicle_Location.Restricted_Lane,Vehicle_Manoeuvre,Vehicle_Reference,Vehicle_Type,Was_Vehicle_Left_Hand_Drive,X1st_Point_of_Impact,Year
2009400B03704,A,5134,Unclassified,0,Serious,None,14-05-2021,Wednesday,1,Give way or uncontrolled,Roundabout,14.80468822,Daylight,504480,249620,78.63055429,E01017466,1,1,0,1,Wet or damp,Single carriageway,None,30,08:44:00,Urban,Other,No,16 - 20,5,Urban area,7,1995,None,None,Journey as part of work,Leaving roundabout,,PT CRUISER CLASSIC,Petrol,Male,None,No tow/articulation,Did not leave carriageway,0,Going ahead other,1,Car,No,Front,2019
2010400C03210,Unclassified,0,NA,0,Serious,None,15-07-2019,Wednesday,1,Data missing or out of range,Not at junction or within 20 metres,27.10641474,Daylight,506330,224760,93.6203341,E01015772,1,2,0,0,Wet or damp,Single carriageway,None,30,08:00:00,Urban,Raining no high winds,No,16 - 20,5,Small town,8,998,None,None,Commuting to/from work,Not at or within 20 metres of junction,,CORSA LIFE TWINPORT,Petrol,Male,Skidded,No tow/articulation,Did not leave carriageway,0,Going ahead other,1,Car,No,Nearside,2019
2009160C03810,B,1249,NA,0,Serious,None,28-03-2019,Tuesday,1,Data missing or out of range,Not at junction or within 20 metres,26.74626466,Daylight,508140,454740,94.20478039,E01012987,5,1,0,0,Wet or damp,Single carriageway,None,30,20:35:00,Rural,Raining no high winds,No,16 - 20,5,Urban area,4,1149,None,Other permanent object,Other/Not known (2005-10),Not at or within 20 metres of junction,,CLIO AUTHENTIQUE,Petrol,Male,None,No tow/articulation,Offside,0,Going ahead left-hand bend,1,Car,No,Front,2019
200901JI40098,Unclassified,0,Unclassified,0,Serious,None,01-03-2021,Saturday,1,Give way or uncontrolled,Crossroads,23.01752611,Daylight,543010,187470,72.53090462,E01003695,1,2,0,0,Wet or damp,Single carriageway,None,30,09:19:00,Urban,Raining no high winds,No,16 - 20,5,Urban area,3,249,None,None,Other/Not known (2005-10),Mid Junction - on roundabout or on main road,,CBF 250-4,Petrol,Male,None,No tow/articulation,Did not leave carriageway,0,Going ahead other,2,Motorcycle over 125cc and up to 500cc,No,Front,2019
200997QD02108,A,724,NA,0,Serious,None,04-08-2020,Sunday,1,Data missing or out of range,Not at junction or within 20 metres,28.72044662,Daylight,266030,659620,77.11495967,,2,2,0,0,Wet or damp,Single carriageway,None,30,16:20:00,Urban,Raining no high winds,Yes,16 - 20,5,Urban area,NA,1799,None,Lamp post,Other/Not known (2005-10),Not at or within 20 metres of junction,,LACETTI SX,Petrol,Male,Skidded,No tow/articulation,Offside and rebounded,0,Going ahead left-hand bend,1,Car,No,Front,2020
200920H034401,Unclassified,0,Unclassified,0,Serious,None,14-05-2020,Tuesday,1,Give way or uncontrolled,T or staggered junction,19.20933594,Daylight,401040,297920,72.88333605,E01010371,2,4,0,0,Wet or damp,Single carriageway,None,30,10:05:00,Urban,Raining no high winds,No,16 - 20,5,Urban area,2,645,None,None,Other/Not known (2005-10),Mid Junction - on roundabout or on main road,,SV 650 SK4,Petrol,Male,None,No tow/articulation,Did not leave carriageway,0,Going ahead other,2,Motorcycle over 500cc,No,Nearside,2021
200920D141702,Unclassified,0,Unclassified,0,Serious,None,25-03-2019,Wednesday,1,Give way or uncontrolled,T or staggered junction,14.70681975,Daylight,412010,297010,78.46973229,E01009424,1,2,0,0,Wet or damp,Single carriageway,None,30,18:21:00,Urban,Raining no high winds,No,16 - 20,5,Small town,6,124,None,None,Commuting to/from work,Cleared junction or waiting/parked at junction exit,,XR 125 L-4,Petrol,Male,None,No tow/articulation,Did not leave carriageway,0,Overtaking static vehicle - offside,1,Motorcycle 125cc and under,No,Front,2019
20093104B2874,A,60,Unclassified,0,Serious,None,06-05-2019,Thursday,1,Give way or uncontrolled,T or staggered junction,26.72690441,Daylight,458630,381730,94.20667207,E01028052,1,1,0,0,Wet or damp,Single carriageway,None,30,08:55:00,Urban,Raining no high winds,No,16 - 20,5,Small town,2,49,None,None,Other/Not known (2005-10),Approaching junction or waiting/parked at junction approach,,NRG,Petrol,Male,Skidded,No tow/articulation,Did not leave carriageway,0,Going ahead other,1,Motorcycle 50cc and under,No,Offside,2019
200997BE02201,Unclassified,0,NA,0,Serious,None,22-08-2021,Tuesday,1,Data missing or out of range,Not at junction or within 20 metres,23.04796195,Daylight,258460,668490,72.55170664,,1,5,0,0,Wet or damp,Dual carriageway,None,30,11:55:00,Urban,Raining no high winds,Yes,16 - 20,5,Urban area,NA,1242,None,None,Other/Not known (2005-10),Not at or within 20 metres of junction,,PUNTO ACTIVE SPORT 8V,Petrol,Female,None,No tow/articulation,Did not leave carriageway,0,Going ahead other,1,Car,No,Front,2019
200804CL08053,Unclassified,0,Unclassified,0,Serious,None,04-02-2019,Sunday,1,Give way or uncontrolled,T or staggered junction,18.53287203,Daylight,354020,422450,73.77534429,E01025422,1,2,0,0,Wet or damp,Single carriageway,None,30,14:00:00,Urban,Raining no high winds,No,16 - 20,5,Urban area,5,1242,None,None,Other/Not known (2005-10),Approaching junction or waiting/parked at junction approach,,PUNTO ACTIVE,Petrol,Female,None,No tow/articulation,Did not leave carriageway,0,Going ahead other,2,Car,No,Nearside,2021
201042I083203,B,173,Unclassified,0,Serious,None,09-08-2020,Saturday,1,Give way or uncontrolled,Crossroads,18.5688134,Daylight,543140,191890,73.94129397,E01021766,2,2,0,0,Wet or damp,Single carriageway,None,30,01:50:00,Urban,Raining no high winds,No,16 - 20,5,Urban area,8,1461,None,None,Other/Not known (2005-10),Entering main road,,MEGANE SL OASIS DCI 105 E4,Heavy oil,Female,None,No tow/articulation,Did not leave carriageway,0,Going ahead other,1,Car,No,Front,2021
201004EA10203,Unclassified,0,NA,0,Serious,None,07-08-2010,Saturday,1,Data missing or out of range,Not at junction or within 20 metres,53.74479,Daylight,368270,427710,-2.482603,E01012655,1,1,0,0,Wet or damp,Single carriageway,None,30,11:25:00,Urban,Raining no high winds,No,16 - 20,5,Urban area,8,49,None,None,Commuting to/from work,Not at or within 20 metres of junction,SYM,DD 50,Petrol,Female,Skidded,No tow/articulation,Did not leave carriageway,0,Slowing or stopping,1,Motorcycle 50cc and under,No,Did not impact,2010
200920E172602,A,441,Unclassified,0,Serious,None,19-12-2021,Monday,1,Give way or uncontrolled,T or staggered junction,27.10209362,Darkness - lights lit,405390,280210,93.62040409,E01008957,1,2,0,5,Dry,Single carriageway,None,30,19:10:00,Urban,Fine + high winds,No,21 - 25,5,Urban area,5,1753,None,None,Other/Not known (2005-10),Entering main road,,TRANSIT CONNECT L220 D,Heavy oil,Male,None,No tow/articulation,Did not leave carriageway,0,Turning right,1,Van / Goods 3.5 tonnes mgw or under,No,Offside,2019
2009160D05980,A,1079,Unclassified,0,Serious,None,17-05-2020,Thursday,1,Give way or uncontrolled,T or staggered junction,14.73812699,Darkness - lights lit,508630,431320,78.48257773,E01012869,1,2,0,0,Dry,Single carriageway,None,30,19:02:00,Urban,Fine no high winds,No,21 - 25,5,Urban area,9,1995,None,None,Other/Not known (2005-10),Cleared junction or waiting/parked at junction exit,,320 CD,Heavy oil,Male,None,No tow/articulation,Did not leave carriageway,0,Going ahead other,1,Car,No,Front,2019
200901KF60205,A,124,Unclassified,0,Serious,None,05-08-2021,Saturday,2,Give way or uncontrolled,T or staggered junction,27.09165294,Darkness - lights lit,542230,183460,93.61917182,E01003525,1,2,0,1,Dry,Single carriageway,None,30,22:15:00,Urban,Fine no high winds,No,21 - 25,5,Urban area,2,124,None,None,Other/Not known (2005-10),Mid Junction - on roundabout or on main road,,,Petrol,Male,None,No tow/articulation,Did not leave carriageway,0,Going ahead other,1,Motorcycle over 125cc and up to 500cc,No,Nearside,2019
200843P344118,B,4016,NA,0,Serious,None,07-08-2021,Friday,1,Data missing or out of range,Not at junction or within 20 metres,14.7311196,Darkness - no lighting,449060,194060,78.46717931,E01028754,3,2,0,0,Dry,Single carriageway,None,40,17:05:00,Rural,Fine no high winds,No,16 - 20,5,Rural,8,1390,None,None,Journey as part of work,Not at or within 20 metres of junction,,CLIO DYNAMIQUE+ 16V,Petrol,Male,Skidded,No tow/articulation,Did not leave carriageway,0,Going ahead other,1,Car,No,Front,2019
200930D000985,B,5008,NA,0,Serious,None,17-05-2021,Saturday,1,Data missing or out of range,Not at junction or within 20 metres,26.7400894,Darkness - no lighting,429780,327640,94.19538381,E01019869,10,3,0,0,Wet or damp,Single carriageway,None,40,22:00:00,Rural,Raining no high winds,No,16 - 20,5,Small town,8,1686,None,None,Other/Not known (2005-10),Not at or within 20 metres of junction,,ASTRA CLUB CDTI,Heavy oil,Female,None,No tow/articulation,Did not leave carriageway,0,Going ahead other,2,Car,No,Back,2019
200743R129127,Unclassified,7514,Unclassified,7514,Serious,None,24-05-2019,Monday,1,Give way or uncontrolled,T or staggered junction,26.7643518,Daylight,477720,169620,94.16807289,E01016703,1,2,0,0,Dry,Single carriageway,None,40,08:09:00,Urban,Fine no high winds,No,16 - 20,5,Urban area,8,1149,None,None,Commuting to/from work,Entering main road,,CLIO DYNAMIQUE 16V,Petrol,Male,None,No tow/articulation,Did not leave carriageway,0,Turning right,1,Car,No,Nearside,2019
2009400D00251,C,169,NA,0,Serious,None,23-10-2020,Wednesday,1,Data missing or out of range,Not at junction or within 20 metres,28.62495087,Daylight,519880,237430,77.11071951,E01017377,2,3,0,0,Frost or ice,Single carriageway,None,40,08:00:00,Rural,Fine no high winds,No,16 - 20,5,Small town,9,49,None,None,Commuting to/from work,Not at or within 20 metres of junction,,AY 50 WK3,Petrol,Male,Skidded,No tow/articulation,Did not leave carriageway,0,Going ahead other,1,Motorcycle 50cc and under,No,Nearside,2020
200901TE00100,A,4,Unclassified,0,Serious,None,28-04-2021,Friday,1,Auto traffic signal,Crossroads,18.58317662,Daylight,513820,176870,73.89672743,E01002630,2,2,0,0,Dry,Dual carriageway,None,40,13:23:00,Urban,Fine no high winds,No,16 - 20,5,Urban area,5,1998,Kerb,Lamp post,Other/Not known (2005-10),Mid Junction - on roundabout or on main road,,LAGUNA DYNAMIQUE 16V A,Petrol,Male,Skidded,No tow/articulation,Nearside,0,Going ahead other,1,Car,No,Front,2021
2007600WR3007,B,5373,Unclassified,0,Serious,None,08-04-2021,Friday,1,Give way or uncontrolled,T or staggered junction,18.50691788,Daylight,334080,355230,73.7402644,,1,2,0,0,Wet or damp,Single carriageway,None,40,11:35:00,Rural,Fine no high winds,No,16 - 20,5,Small town,NA,1870,None,None,Other/Not known (2005-10),Entering main road,,,Heavy oil,Male,None,No tow/articulation,Did not leave carriageway,0,Turning right,1,Car,No,Offside,2021
201004DR10038,A,6,NA,0,Serious,None,11-05-2010,Tuesday,1,Data missing or out of range,Not at junction or within 20 metres,53.804806,Daylight,352640,434520,-2.720631,E01025277,2,4,0,0,Dry,Single carriageway,None,40,17:30:00,Rural,Fine no high winds,No,16 - 20,5,Rural,8,1248,None,None,Other/Not known (2005-10),Not at or within 20 metres of junction,VAUXHALL,CORSA SXI CDTI,Heavy oil,Male,None,No tow/articulation,Did not leave carriageway,0,Going ahead other,4,Car,No,Back,2010
200906K021036,A,673,Unclassified,0,Serious,None,03-04-2020,Monday,1,Give way or uncontrolled,T or staggered junction,26.46265727,Daylight,365660,409760,74.61240408,E01004775,1,2,0,0,Dry,Single carriageway,None,40,17:25:00,Urban,Fine no high winds,No,16 - 20,5,Small town,9,1586,None,None,Other/Not known (2005-10),Mid Junction - on roundabout or on main road,,LIANA GLX AUTO,Petrol,Female,None,No tow/articulation,Did not leave carriageway,0,Turning right,1,Car,No,Nearside,2020
201043N172100,C,171,Unclassified,91,Serious,None,25-01-2020,Tuesday,1,Give way or uncontrolled,Roundabout,28.69054938,Daylight,480120,214000,77.28535646,E01017656,1,2,0,0,Dry,Single carriageway,None,40,08:40:00,Rural,Fine no high winds,No,16 - 20,5,Small town,8,1299,None,None,Other/Not known (2005-10),Leaving roundabout,,KA COLLECTION,Petrol,Female,None,No tow/articulation,Did not leave carriageway,0,Turning left,1,Car,No,Nearside,2020
200920K056302,A,4123,B,4169,Serious,None,01-06-2019,Wednesday,1,Auto traffic signal,Crossroads,19.13010207,Daylight,399030,287310,72.90289989,E01010006,1,2,0,5,Dry,Dual carriageway,None,40,20:30:00,Urban,Fine no high winds,No,16 - 20,5,Urban area,4,998,None,None,Other/Not known (2005-10),Cleared junction or waiting/parked at junction exit,,CORSA LIFE TWINPORT,Petrol,Female,None,No tow/articulation,Did not leave carriageway,0,Changing lane to right,1,Car,No,Back,2021
201006K037831,B,6226,NA,0,Serious,Other object on road,28-10-2010,Thursday,1,Data missing or out of range,Not at junction or within 20 metres,53.598041,Daylight,365810,411400,-2.518101,E01004884,1,1,0,0,Wet or damp,Single carriageway,Mud,40,16:04:00,Rural,Fine no high winds,No,16 - 20,5,Urban area,4,1299,None,None,Other/Not known (2005-10),Not at or within 20 metres of junction,TOYOTA,YARIS COLOUR COLLECTION,Petrol,Female,Skidded,No tow/articulation,Did not leave carriageway,9,Going ahead left-hand bend,1,Car,No,Nearside,2010
200954DE06409,B,4006,Unclassified,0,Serious,None,23-06-2019,Friday,1,Give way or uncontrolled,Mini-roundabout,14.78476528,Darkness - lights lit,417620,185660,78.58434051,E01015550,2,2,0,0,Dry,Roundabout,None,40,23:59:00,Urban,Fine no high winds,No,21 - 25,5,Urban area,9,1900,Kerb,None,Other/Not known (2005-10),Mid Junction - on roundabout or on main road,,GOLF TDI SE,Heavy oil,Male,Overturned,No tow/articulation,Did not leave carriageway,0,Turning right,1,Car,No,Offside,2019
200845EL33960,A,309,Unclassified,0,Serious,None,26-01-2019,Friday,1,Give way or uncontrolled,Roundabout,15.36031661,Darkness - lights lit,516350,165450,74.10804592,E01030319,1,1,0,0,Wet or damp,Dual carriageway,None,40,04:01:00,Urban,Fine no high winds,No,21 - 25,5,Data missing or out of range,NA,973,None,Lamp post,Other/Not known (2005-10),Entering roundabout,,CORSA ELEGANCE 12V,Petrol,Male,Overturned,No tow/articulation,Offside on to central reservation,0,Going ahead other,1,Car,No,Front,2019
200804CK08118,A,570,Unclassified,0,Serious,None,02-05-2021,Tuesday,1,Give way or uncontrolled,T or staggered junction,18.58610872,Darkness - lights lit,336380,414830,73.73549235,E01025514,4,1,0,0,Dry,Single carriageway,None,40,23:28:00,Urban,Fine no high winds,No,21 - 25,5,Urban area,4,2000,None,Other permanent object,Other/Not known (2005-10),Approaching junction or waiting/parked at junction approach,,,Petrol,Male,Skidded and overturned,No tow/articulation,Nearside,0,Going ahead other,1,Car,No,Back,2021
200806L007104,A,577,NA,0,Serious,None,14-01-2019,Saturday,1,Not at junction or within 20 metres,Not at junction or within 20 metres,18.49580927,Darkness - lights lit,352700,405130,73.84372352,E01006362,1,1,0,0,Wet or damp,Single carriageway,None,40,21:55:00,Urban,Fine no high winds,No,21 - 25,5,Urban area,2,1590,None,None,Other/Not known (2005-10),Not at or within 20 metres of junction,,GRAND VITARA 16V SPORT,Petrol,Male,None,No tow/articulation,Did not leave carriageway,0,Going ahead other,1,Car,No,Front,2021
200905DD30903,B,5205,NA,0,Serious,None,07-01-2021,Sunday,1,Data missing or out of range,Not at junction or within 20 metres,19.15392019,Darkness - lights lit,349120,400110,72.92427911,E01006885,1,1,0,0,Dry,Single carriageway,None,40,21:14:00,Rural,Fine no high winds,No,21 - 25,5,Urban area,4,1798,None,None,Other/Not known (2005-10),Not at or within 20 metres of junction,,MONDEO MISTRAL,Petrol,Male,Skidded and overturned,No tow/articulation,Did not leave carriageway,0,Overtaking moving vehicle - offside,1,Car,No,Offside,2021
201011SK08610,Unclassified,0,C,147,Serious,None,10-04-2010,Saturday,1,Give way or uncontrolled,Roundabout,54.617428,Darkness - lights lit,426050,524770,-1.598114,E01020816,1,1,0,0,Dry,Single carriageway,None,40,21:00:00,Rural,Fine no high winds,No,21 - 25,5,Urban area,3,1149,Kerb,None,Other/Not known (2005-10),Approaching junction or waiting/parked at junction approach,RENAULT,CLIO EXPRESSION 16V,Petrol,Male,Skidded and overturned,No tow/articulation,Did not leave carriageway,0,Going ahead right-hand bend,1,Car,No,Nearside,2010
200901JI40024,A,1400,C,0,Serious,None,05-08-2019,Wednesday,1,Auto traffic signal,T or staggered junction,26.45018095,Darkness - lights lit,542040,189900,80.31196098,E01003681,2,3,0,0,Wet or damp,Dual carriageway,None,40,22:40:00,Urban,Fine no high winds,No,21 - 25,5,Urban area,3,1781,None,None,Other/Not known (2005-10),Approaching junction or waiting/parked at junction approach,,TT ROADSTER (150 BHP),Petrol,Female,None,No tow/articulation,Did not leave carriageway,0,Going ahead other,1,Car,No,Front,2020
200997GA03510,A,739,NA,0,Serious,None,22-08-2019,Friday,1,Data missing or out of range,Not at junction or within 20 metres,14.72426091,Darkness - lights lit,254170,665830,78.57382423,,1,2,0,0,Wet or damp,Dual carriageway,None,40,19:56:00,Urban,Fine no high winds,Yes,21 - 25,5,Urban area,NA,1598,None,Central crash barrier,Commuting to/from work,Not at or within 20 metres of junction,,MINI COOPER S,Petrol,Female,Skidded,No tow/articulation,Did not leave carriageway,0,Going ahead left-hand bend,2,Car,No,Back,2019
2009160D04090,Unclassified,0,NA,0,Serious,None,17-01-2019,Saturday,1,Data missing or out of range,Not at junction or within 20 metres,27.09961854,Darkness - lights lit,505460,429610,93.61474324,E01012775,2,3,0,0,Wet or damp,Dual carriageway,None,40,02:00:00,Urban,Raining no high winds,No,21 - 25,5,Urban area,10,1360,None,Other permanent object,Other/Not known (2005-10),Not at or within 20 metres of junction,,C2 FURIO,Petrol,Male,Skidded,No tow/articulation,Nearside,9,Going ahead left-hand bend,1,Car,No,Front,2019
201004CL10090,A,49,NA,0,Serious,None,18-10-2010,Monday,1,Data missing or out of range,Not at junction or within 20 metres,53.693441,Darkness - lights lit,355590,422100,-2.67405,E01024958,1,1,0,0,Wet or damp,Single carriageway,None,40,23:31:00,Urban,Raining no high winds,No,21 - 25,5,Rural,9,1229,Kerb,Tree,Other/Not known (2005-10),Not at or within 20 metres of junction,VAUXHALL,CORSA SXI TWINPORT,Petrol,Female,Skidded and overturned,No tow/articulation,Offside and rebounded,0,Going ahead left-hand bend,1,Car,No,Front,2010
2007400D00226,B,530,NA,0,Serious,None,08-09-2020,Saturday,1,Data missing or out of range,Not at junction or within 20 metres,28.48773613,Darkness - no lighting,503350,238900,76.98210877,E01017374,1,2,0,0,Wet or damp,Single carriageway,None,40,03:46:00,Rural,Fine + high winds,No,21 - 25,5,Rural,9,1998,None,Tree,Other/Not known (2005-10),Not at or within 20 metres of junction,,CIVIC TYPE-R,Petrol,Male,Skidded and overturned,No tow/articulation,Nearside,0,Overtaking moving vehicle - offside,1,Car,No,Front,2019
200945RU37423,A,30,Unclassified,0,Serious,None,07-06-2020,Tuesday,1,Give way or uncontrolled,Roundabout,22.77032599,Daylight,500590,171310,75.82801231,E01030672,1,2,0,5,Dry,Roundabout,None,40,14:40:00,Urban,Fine + high winds,No,21 - 25,5,Urban area,4,1995,None,None,Other/Not known (2005-10),Mid Junction - on roundabout or on main road,,VECTRA LS DTI 16V,Heavy oil,Male,None,No tow/articulation,Did not leave carriageway,0,Going ahead other,1,Car,No,Nearside,2020
200914A104009,A,630,Unclassified,0,Serious,None,07-08-2020,Monday,1,Give way or uncontrolled,T or staggered junction,13.00830864,Daylight,458040,404260,77.56494404,E01007655,3,2,0,0,Dry,Dual carriageway,None,40,14:58:00,Urban,Fine no high winds,No,21 - 25,5,Urban area,5,2494,None,Road sign or traffic signal,Other/Not known (2005-10),Approaching junction or waiting/parked at junction approach,,X3 SE,Petrol,Male,None,No tow/articulation,Nearside,0,Turning left,1,Car,No,Front,2020
200754DC43207,A,4259,B,4006,Serious,None,17-07-2020,Thursday,2,Give way or uncontrolled,Roundabout,22.69064351,Daylight,417680,183030,75.82999923,E01015542,1,2,0,0,Dry,Roundabout,None,40,13:36:00,Rural,Fine no high winds,No,21 - 25,5,Urban area,2,5883,None,None,Journey as part of work,Mid Junction - on roundabout or on main road,,,Heavy oil,Male,None,No tow/articulation,Did not leave carriageway,0,Going ahead other,1,Bus or coach (17 or more pass seats),No,Did not impact,2020
200930A000161,Unclassified,0,Unclassified,0,Serious,None,14-10-2019,Friday,1,Give way or uncontrolled,T or staggered junction,22.75387613,Daylight,446500,342110,75.90152002,E01019661,1,1,0,0,Dry,Dual carriageway,None,40,14:00:00,Urban,Fine no high winds,No,21 - 25,5,Urban area,7,9000,None,None,Journey as part of work,Leaving main road,,,Heavy oil,Male,None,No tow/articulation,Did not leave carriageway,0,Turning left,1,Bus or coach (17 or more pass seats),No,Front,2020
2009400D00773,A,5,Unclassified,0,Serious,None,18-08-2020,Tuesday,1,Give way or uncontrolled,T or staggered junction,22.70199842,Daylight,503040,220650,75.88087592,E01017624,1,2,0,0,Dry,Single carriageway,None,40,07:23:00,Urban,Fine no high winds,No,21 - 25,5,Urban area,7,599,None,None,Commuting to/from work,Mid Junction - on roundabout or on main road,,CBF 600 SA-4,Petrol,Male,None,No tow/articulation,Did not leave carriageway,0,Going ahead other,2,Motorcycle over 500cc,No,Nearside,2020
200742I237306,B,1014,Unclassified,0,Serious,None,05-05-2020,Thursday,1,Give way or uncontrolled,Private drive or entrance,26.47831195,Daylight,578730,184670,80.29561748,E01021505,2,2,0,0,Dry,Single carriageway,None,40,18:41:00,Urban,Fine no high winds,No,21 - 25,5,Urban area,2,1781,None,None,Other/Not known (2005-10),Leaving main road,,GOLF GTI 180 BHP,Petrol,Male,None,No tow/articulation,Did not leave carriageway,0,Turning right,2,Taxi/Private hire car,No,Offside,2020
200897QA04802,B,783,NA,0,Serious,None,18-09-2019,Thursday,1,Data missing or out of range,Not at junction or within 20 metres,28.62071445,Daylight,263210,655200,77.15873361,,1,2,0,0,Wet or damp,Single carriageway,None,40,16:45:00,Urban,Fine no high winds,Yes,21 - 25,5,Urban area,NA,1390,None,None,Commuting to/from work,Not at or within 20 metres of junction,,MEGANE EXTREME 16V,Petrol,Male,Skidded,No tow/articulation,Nearside,0,Going ahead other,2,Car,No,Offside,2020
200743N113097,Unclassified,30,Unclassified,324,Serious,None,06-01-2020,Sunday,1,Give way or uncontrolled,T or staggered junction,28.6515525,Daylight,501400,184900,77.20951883,E01017834,1,2,0,0,Dry,Single carriageway,None,40,15:10:00,Rural,Fine no high winds,No,21 - 25,5,Urban area,8,645,None,None,Other/Not known (2005-10),Approaching junction or waiting/parked at junction approach,,SV 650S K2,Petrol,Male,Skidded,No tow/articulation,Did not leave carriageway,0,Going ahead left-hand bend,1,Motorcycle over 500cc,No,Front,2020
200822DE88492,B,4091,NA,0,Serious,None,29-08-2020,Sunday,1,Data missing or out of range,Not at junction or within 20 metres,28.63009959,Daylight,395700,273920,77.14280729,E01032127,1,2,0,0,Dry,Single carriageway,None,40,04:20:00,Urban,Fine no high winds,No,21 - 25,5,Urban area,6,1396,None,None,Other/Not known (2005-10),Not at or within 20 metres of junction,,45 SPIRIT S,Petrol,Male,None,No tow/articulation,Did not leave carriageway,0,Going ahead left-hand bend,1,Car,No,Offside,2021
20094100D0299,A,414,C,127,Serious,None,04-08-2020,Wednesday,1,Give way or uncontrolled,Roundabout,28.62491049,Daylight,506970,206780,77.23727216,E01023387,2,5,0,0,Dry,Dual carriageway,None,40,16:29:00,Urban,Fine no high winds,No,21 - 25,5,Urban area,2,1910,None,None,Other/Not known (2005-10),Leaving roundabout,,VECTRA SRI CDTI,Heavy oil,Male,None,No tow/articulation,Did not leave carriageway,0,Slowing or stopping,2,Car,No,Back,2021
200920K022501,A,4041,Unclassified,0,Serious,None,04-04-2019,Thursday,1,Give way or uncontrolled,T or staggered junction,28.69005993,Daylight,404920,294230,77.15603578,E01009975,2,2,0,0,Dry,Dual carriageway,None,40,16:35:00,Urban,Fine no high winds,No,21 - 25,5,Urban area,1,1390,None,None,Journey as part of work,Mid Junction - on roundabout or on main road,,POLO SE,Petrol,Male,None,No tow/articulation,Did not leave carriageway,0,Overtaking - nearside,2,Car,No,Front,2021
200942I318009,A,414,A,1019,Serious,None,28-09-2021,Tuesday,1,Give way or uncontrolled,Roundabout,18.51389464,Daylight,544510,211070,73.86060489,E01021853,1,1,0,0,Dry,Roundabout,None,40,08:30:00,Urban,Fine no high winds,No,21 - 25,5,Small town,5,2494,None,None,Journey as part of work,Leaving roundabout,,325 CI SPORT AUTO,Petrol,Male,None,No tow/articulation,Did not leave carriageway,0,Going ahead other,1,Car,No,Front,2021
200922G904268,A,442,NA,0,Serious,None,10-08-2020,Wednesday,1,Data missing or out of range,Not at junction or within 20 metres,18.58936917,Daylight,372020,302410,73.92345486,E01028847,1,1,0,0,Dry,Single carriageway,None,40,20:50:00,Rural,Fine no high winds,No,21 - 25,5,Urban area,2,599,Kerb,None,Other/Not known (2005-10),Not at or within 20 metres of junction,,CBR 600 RR-4,Petrol,Male,None,No tow/articulation,Nearside,0,Going ahead right-hand bend,1,Motorcycle over 500cc,No,Front,2021
201005EE02346,A,580,NA,0,Serious,None,23-03-2010,Tuesday,1,Data missing or out of range,Not at junction or within 20 metres,53.45816,Daylight,339570,396100,-2.911596,E01006660,1,3,0,0,Wet or damp,Dual carriageway,None,40,07:30:00,Urban,Fine no high winds,No,21 - 25,5,Urban area,1,1398,None,None,Commuting to/from work,Not at or within 20 metres of junction,PEUGEOT,206 ZEST 2 HDI,Heavy oil,Male,None,No tow/articulation,Did not leave carriageway,0,Slowing or stopping,3,Car,No,Back,2010
200804CK08069,A,57,B,5243,Serious,None,25-05-2019,Monday,1,Stop sign,T or staggered junction,26.76506864,Daylight,337890,413420,94.18931447,E01025514,2,2,0,0,Dry,Single carriageway,None,40,14:14:00,Rural,Fine no high winds,No,21 - 25,5,Data missing or out of range,NA,1399,None,None,Other/Not known (2005-10),Cleared junction or waiting/parked at junction exit,,FIESTA ZETEC TDCI,Heavy oil,Female,None,No tow/articulation,Did not leave carriageway,0,Turning right,1,Car,No,Offside,2019
200920D173202,A,452,Unclassified,0,Serious,None,30-06-2021,Wednesday,1,Give way or uncontrolled,Roundabout,22.06071221,Daylight,413810,290670,82.12113936,E01009101,2,2,0,0,Dry,Roundabout,None,40,11:04:00,Urban,Fine no high winds,No,21 - 25,5,Urban area,2,1199,None,None,Other/Not known (2005-10),Entering roundabout,,CORSA DESIGN 16V,Petrol,Female,None,No tow/articulation,Did not leave carriageway,0,Going ahead other,1,Car,No,Front,2019
200814A121008,A,60,NA,0,Serious,None,14-09-2020,Monday,1,Not at junction or within 20 metres,Not at junction or within 20 metres,15.36447383,Daylight,456560,399950,74.03827014,E01007502,1,1,0,0,Wet or damp,Single carriageway,None,40,08:05:00,Urban,Fine no high winds,No,21 - 25,5,Urban area,1,1242,None,None,Commuting to/from work,Not at or within 20 metres of junction,,PUNTO ACTIVE,Petrol,Female,Skidded,No tow/articulation,Did not leave carriageway,0,Going ahead other,1,Car,No,Front,2019