Accident_Index,1st_Road_Class,1st_Road_Number,2nd_Road_Class,2nd_Road_Number,Accident_Severity,Carriageway_Hazards,Date,Day_of_Week,Did_Police_Officer_Attend_Scene_of_Accident,Junction_Control,Junction_Detail,Latitude,Light_Conditions,Location_Easting_OSGR,Location_Northing_OSGR,Longitude,LSOA_of_Accident_Location,Number_of_Casualties,Number_of_Vehicles,Pedestrian_Crossing-Human_Control,Pedestrian_Crossing-Physical_Facilities,Road_Surface_Conditions,Road_Type,Special_Conditions_at_Site,Speed_limit,Time,Urban_or_Rural_Area,Weather_Conditions,InScotland,Age_Band_of_Driver,Age_of_Vehicle,Driver_Home_Area_Type,Driver_IMD_Decile,Engine_Capacity_.CC.,Hit_Object_in_Carriageway,Hit_Object_off_Carriageway,Journey_Purpose_of_Driver,Junction_Location,make,model,Propulsion_Code,Sex_of_Driver,Skidding_and_Overturning,Towing_and_Articulation,Vehicle_Leaving_Carriageway,Vehicle_Location.Restricted_Lane,Vehicle_Manoeuvre,Vehicle_Reference,Vehicle_Type,Was_Vehicle_Left_Hand_Drive,X1st_Point_of_Impact,Year
200743N264077,A,4010,NA,0,Serious,None,12-04-2019,Tuesday,1,Data missing or out of range,Not at junction or within 20 metres,14.77203159,Daylight,482230,197250,78.60874327,E01017842,2,2,0,0,Dry,Single carriageway,None,50,12:30:00,Rural,Fine no high winds,No,26 - 35,5,Small town,NA,2151,None,None,Journey as part of work,Not at or within 20 metres of junction,,VITO 112 CDI,Heavy oil,Male,None,No tow/articulation,Did not leave carriageway,0,Going ahead other,2,Goods over 3.5t. and under 7.5t,No,Front,2019
200837B040985,A,140,C,527,Serious,None,26-07-2019,Thursday,1,Give way or uncontrolled,T or staggered junction,28.680986,Daylight,612460,274280,77.33988064,E01030064,2,2,0,0,Dry,Single carriageway,None,50,12:28:00,Rural,Fine no high winds,No,26 - 35,5,Small town,6,11705,None,None,Journey as part of work,Entering main road,,,Heavy oil,Male,None,Articulated vehicle,Did not leave carriageway,0,Turning right,1,Goods 7.5 tonnes mgw and over,No,Offside,2021
200906F015667,A,580,NA,0,Serious,None,26-10-2020,Saturday,1,Not at junction or within 20 metres,Not at junction or within 20 metres,18.52566779,Daylight,379110,400750,73.91233656,E01005701,2,1,0,0,Dry,Dual carriageway,None,50,05:25:00,Urban,Fine no high winds,No,26 - 35,5,Urban area,1,1598,None,Central crash barrier,Other/Not known (2005-10),Not at or within 20 metres of junction,,ASTRA CLUB 8V,Petrol,Male,None,No tow/articulation,Offside on to centrl res + rebounded,0,Going ahead right-hand bend,1,Car,No,Front,2021
200901CW10838,A,40,NA,0,Serious,None,29-12-2020,Tuesday,1,Data missing or out of range,Not at junction or within 20 metres,23.11851614,Daylight,525260,181750,80.06052751,E01004758,1,2,0,0,Dry,Dual carriageway,None,50,09:00:00,Urban,Fine no high winds,No,26 - 35,5,Urban area,4,2461,None,None,Other/Not known (2005-10),Not at or within 20 metres of junction,,LT 35 TDI LWB,Heavy oil,Male,None,No tow/articulation,Did not leave carriageway,0,Going ahead other,2,Van / Goods 3.5 tonnes mgw or under,No,Nearside,2021
200801XD80418,A,40,NA,0,Serious,Previous accident,08-06-2021,Tuesday,1,Data missing or out of range,Not at junction or within 20 metres,14.74452186,Daylight,513780,183520,78.50869043,E01001265,4,7,0,0,Dry,Dual carriageway,None,50,19:01:00,Urban,Fine no high winds,No,26 - 35,5,Urban area,10,1686,Previous accident,None,Other/Not known (2005-10),Not at or within 20 metres of junction,,COMBO 1700 DI,Heavy oil,Male,None,No tow/articulation,Did not leave carriageway,0,Going ahead other,7,Van / Goods 3.5 tonnes mgw or under,No,Front,2019
201001TX20388,Motorway,4,NA,0,Serious,None,22-06-2010,Tuesday,1,Data missing or out of range,Not at junction or within 20 metres,51.492885,Daylight,518960,178500,-0.287827,E01002566,2,3,0,0,Dry,Dual carriageway,None,50,19:00:00,Urban,Fine no high winds,No,26 - 35,5,Urban area,1,2720,None,None,Other/Not known (2005-10),Not at or within 20 metres of junction,LAND ROVER,RANGEROVER SPRT TDV6 SE A,Heavy oil,Male,None,No tow/articulation,Did not leave carriageway,0,Going ahead right-hand bend,1,Car,No,Front,2010
201001TX20388,Motorway,4,NA,0,Serious,None,22-06-2010,Tuesday,1,Data missing or out of range,Not at junction or within 20 metres,51.492885,Daylight,518960,178500,-0.287827,E01002566,2,3,0,0,Dry,Dual carriageway,None,50,19:00:00,Urban,Fine no high winds,No,26 - 35,5,Urban area,9,2720,None,None,Other/Not known (2005-10),Not at or within 20 metres of junction,LAND ROVER,DISCOVERY 3 TDV6,Heavy oil,Male,None,No tow/articulation,Did not leave carriageway,0,Going ahead right-hand bend,3,Car,No,Back,2010
20093102B1874,A,1,B,6079,Serious,None,05-07-2020,Wednesday,1,Give way or uncontrolled,T or staggered junction,19.07200381,Daylight,464650,380300,72.87337649,E01028064,1,2,0,0,Dry,Single carriageway,None,50,17:20:00,Rural,Fine no high winds,No,26 - 35,5,Urban area,4,698,None,None,Other/Not known (2005-10),Leaving main road,,,Petrol,Female,None,No tow/articulation,Did not leave carriageway,0,Turning right,1,Car,No,Front,2021
201001SX21003,A,406,NA,0,Serious,None,26-09-2010,Sunday,1,Data missing or out of range,Not at junction or within 20 metres,51.59404,Daylight,525790,189920,-0.185415,E01000210,1,5,0,0,Dry,Dual carriageway,None,50,17:31:00,Urban,Fine no high winds,No,26 - 35,5,Urban area,6,1124,None,None,Other/Not known (2005-10),Not at or within 20 metres of junction,PEUGEOT,206 SPORT,Petrol,Female,None,No tow/articulation,Did not leave carriageway,0,Slowing or stopping,2,Car,No,Front,2010
201014A190310,C,72,NA,0,Serious,None,25-11-2010,Thursday,1,Not at junction or within 20 metres,Not at junction or within 20 metres,53.507558,Daylight,445830,401430,-1.310439,E01007583,3,2,0,0,Wet or damp,Single carriageway,None,50,07:30:00,Rural,Fine no high winds,No,26 - 35,5,Urban area,1,1896,None,None,Commuting to/from work,Not at or within 20 metres of junction,VOLKSWAGEN,BORA HIGHLINE TDI 130,Heavy oil,Female,None,No tow/articulation,Offside,0,Going ahead right-hand bend,1,Car,No,Front,2010
2010160C04101,A,1079,NA,0,Serious,None,18-07-2010,Sunday,1,Data missing or out of range,Not at junction or within 20 metres,53.946511,Daylight,473230,450620,-0.885738,E01013057,6,3,0,0,Dry,Single carriageway,None,50,17:58:00,Rural,Fine no high winds,No,26 - 35,5,Small town,10,1896,None,None,Other/Not known (2005-10),Not at or within 20 metres of junction,VOLKSWAGEN,PASSAT HIGHLINE TDI 130,Heavy oil,Female,None,No tow/articulation,Did not leave carriageway,0,Going ahead other,3,Car,No,Front,2010
2008170S23218,A,1185,NA,0,Serious,None,16-10-2020,Thursday,1,Data missing or out of range,Not at junction or within 20 metres,27.10091223,Daylight,445730,525910,93.63427392,E01012297,4,2,0,0,Wet or damp,Dual carriageway,None,50,16:39:00,Rural,Raining no high winds,No,26 - 35,5,Small town,2,1149,None,None,Commuting to/from work,Not at or within 20 metres of junction,,CLIO EXPRESSION 16V QS5,Petrol,Male,None,No tow/articulation,Nearside,0,Going ahead other,2,Car,No,Front,2019
201004EP10017,B,6243,Unclassified,0,Serious,None,18-07-2010,Sunday,1,Give way or uncontrolled,Private drive or entrance,53.814695,Daylight,360150,435550,-2.606735,E01025316,3,2,0,0,Wet or damp,Single carriageway,None,50,12:45:00,Rural,Raining no high winds,No,26 - 35,5,Small town,10,2497,None,None,Other/Not known (2005-10),Mid Junction - on roundabout or on main road,BMW,525D SE,Heavy oil,Male,None,No tow/articulation,Did not leave carriageway,0,Waiting to turn right,2,Car,No,Back,2010
200897GB70410,Motorway,77,NA,0,Serious,None,04-09-2019,Tuesday,1,Data missing or out of range,Not at junction or within 20 metres,28.43335764,Darkness - lights lit,253940,661800,77.07244236,,1,3,0,0,Dry,Dual carriageway,None,50,19:30:00,Urban,Fine no high winds,Yes,36 - 45,5,Small town,NA,1994,None,None,Other/Not known (2005-10),Not at or within 20 metres of junction,,VECTRA ELITE DTI 16V,Heavy oil,Male,None,No tow/articulation,Did not leave carriageway,0,Going ahead other,3,Car,No,Back,2019
201042I358211,A,127,NA,0,Serious,None,02-12-2019,Saturday,1,Not at junction or within 20 metres,Not at junction or within 20 metres,18.56353578,Darkness - lights lit,576910,190860,73.80670716,E01021312,2,2,0,0,Dry,Dual carriageway,None,50,22:20:00,Rural,Fine no high winds,No,36 - 45,5,Urban area,9,2993,None,None,Other/Not known (2005-10),Not at or within 20 metres of junction,,X3 D SE AUTO,Heavy oil,Male,None,No tow/articulation,Did not leave carriageway,0,Overtaking moving vehicle - offside,2,Car,No,Did not impact,2021
201001TC00048,A,406,NA,0,Serious,None,15-02-2010,Monday,1,Data missing or out of range,Not at junction or within 20 metres,51.596383,Darkness - lights lit,539150,190530,0.007579,E01004377,3,4,0,0,Wet or damp,Dual carriageway,None,50,19:00:00,Urban,Fine no high winds,No,36 - 45,5,Urban area,5,1364,None,Central crash barrier,Other/Not known (2005-10),Not at or within 20 metres of junction,VAUXHALL,CORSA SRI 16V TWINPORT,Petrol,Female,None,No tow/articulation,Offside on to central reservation,0,Slowing or stopping,1,Car,No,Back,2010
20104100A0129,A,414,NA,0,Serious,None,01-09-2019,Wednesday,1,Not at junction or within 20 metres,Not at junction or within 20 metres,18.5839316,Darkness - lights lit,541980,211550,73.91003007,E01023492,1,2,0,0,Wet or damp,Dual carriageway,None,50,18:25:00,Rural,Raining no high winds,No,36 - 45,5,Urban area,6,1995,None,None,Other/Not known (2005-10),Not at or within 20 metres of junction,,ZAFIRA DESIGN DTI 16V,Heavy oil,Female,None,No tow/articulation,Did not leave carriageway,0,Going ahead other,1,Car,No,Nearside,2021
2009559C01150,A,350,NA,0,Serious,None,29-05-2021,Sunday,1,Not at junction or within 20 metres,Not at junction or within 20 metres,28.58496858,Darkness - no lighting,399960,93040,77.34407303,E01015421,1,3,0,0,Dry,Dual carriageway,None,50,21:30:00,Rural,Fine no high winds,No,36 - 45,5,Urban area,10,1137,None,None,Journey as part of work,Not at or within 20 metres of junction,,CBR 1100 X-4,Petrol,Male,Skidded,No tow/articulation,Did not leave carriageway,0,Overtaking - nearside,2,Motorcycle over 500cc,No,Front,2020
200743P285027,A,420,Unclassified,0,Serious,None,11-08-2020,Monday,1,Give way or uncontrolled,T or staggered junction,19.19527138,Darkness - no lighting,433550,197490,72.87831829,E01028737,1,2,0,0,Dry,Single carriageway,None,50,18:27:00,Rural,Fine no high winds,No,36 - 45,5,Urban area,10,1998,None,None,Other/Not known (2005-10),Mid Junction - on roundabout or on main road,,MONDEO ZETEC TDCI,Heavy oil,Female,None,No tow/articulation,Did not leave carriageway,0,Turning right,1,Car,No,Offside,2021
200930B000069,A,623,NA,0,Serious,None,17-11-2020,Monday,1,Data missing or out of range,Not at junction or within 20 metres,18.57637379,Darkness - no lighting,409850,380250,73.79923969,E01019736,1,1,0,0,Wet or damp,Single carriageway,None,50,06:38:00,Rural,Fog or mist,No,36 - 45,5,Data missing or out of range,NA,NA,None,Other permanent object,Journey as part of work,Not at or within 20 metres of junction,,FTG XF95.430,Heavy oil,Male,Overturned,Articulated vehicle,Nearside,0,Going ahead right-hand bend,1,Goods 7.5 tonnes mgw and over,No,Nearside,2021
200930B000196,A,6,NA,0,Serious,None,20-09-2021,Friday,1,Data missing or out of range,Not at junction or within 20 metres,28.63321851,Darkness - no lighting,432630,355220,77.27344273,E01019634,2,2,0,0,Wet or damp,Single carriageway,None,50,21:54:00,Rural,Raining no high winds,No,36 - 45,5,Rural,6,1248,None,None,Other/Not known (2005-10),Not at or within 20 metres of junction,,DOBLO CARGO MULTIJET 16V,Heavy oil,Male,None,No tow/articulation,Did not leave carriageway,0,Going ahead other,1,Van / Goods 3.5 tonnes mgw or under,No,Front,2020
200843P375098,A,44,NA,0,Serious,None,23-08-2021,Friday,1,Data missing or out of range,Not at junction or within 20 metres,14.78065349,Daylight,427560,228670,78.53378157,E01028796,1,1,0,0,Dry,Single carriageway,None,50,14:22:00,Rural,Fine no high winds,No,36 - 45,5,Rural,8,1995,None,Other permanent object,Other/Not known (2005-10),Not at or within 20 metres of junction,,320 D SE TOURING,Heavy oil,Male,None,No tow/articulation,Offside,0,Going ahead right-hand bend,1,Car,No,Front,2019
200945RE45285,B,2037,NA,0,Serious,None,06-09-2020,Saturday,1,Data missing or out of range,Not at junction or within 20 metres,27.10039071,Daylight,531370,140700,93.62885865,E01030819,4,2,0,0,Wet or damp,Single carriageway,None,50,09:45:00,Rural,Fine no high winds,No,36 - 45,5,Rural,6,2497,Kerb,Tree,Other/Not known (2005-10),Not at or within 20 metres of junction,,SORENTO CRDI XE AUTO,Heavy oil,Male,Skidded,No tow/articulation,Offside and rebounded,0,Going ahead left-hand bend,1,Car,No,Front,2019
20084100B0604,A,1000,B,158,Serious,None,16-07-2019,Saturday,1,Give way or uncontrolled,T or staggered junction,25.7776,Daylight,525990,204300,87.46406148,E01023910,1,2,0,0,Dry,Single carriageway,None,50,15:35:00,Rural,Fine no high winds,No,36 - 45,5,Urban area,3,4172,None,None,Other/Not known (2005-10),Leaving main road,,A8 4-2 QUATTRO AUTO,Petrol,Male,None,No tow/articulation,Did not leave carriageway,0,Turning right,1,Car,No,Did not impact,2019
201043N232100,A,40,A,413,Serious,None,16-08-2020,Monday,1,Auto traffic signal,T or staggered junction,22.10736864,Daylight,502320,187010,82.15706046,E01017818,1,2,0,0,Dry,Dual carriageway,None,50,13:30:00,Rural,Fine no high winds,No,36 - 45,5,Urban area,10,2953,None,None,Journey as part of work,Mid Junction - on roundabout or on main road,,CABSTAR 34.10 SWB,Heavy oil,Male,None,No tow/articulation,Did not leave carriageway,0,Going ahead other,2,Van / Goods 3.5 tonnes mgw or under,No,Offside,2019
201043P093060,A,420,NA,0,Serious,None,19-02-2021,Tuesday,1,Data missing or out of range,Not at junction or within 20 metres,22.70635597,Daylight,421840,187470,75.86951434,E01028746,1,1,0,0,Wet or damp,Dual carriageway,None,50,19:38:00,Rural,Fine no high winds,No,36 - 45,5,Small town,10,1050,Kerb,Lamp post,Commuting to/from work,Not at or within 20 metres of junction,,SPRINT ST 1050,Petrol,Male,Skidded and overturned,No tow/articulation,Offside on to central reservation,0,Going ahead left-hand bend,1,Motorcycle over 500cc,No,Front,2020
200943N024019,A,40,NA,0,Serious,None,24-07-2019,Friday,1,Data missing or out of range,Not at junction or within 20 metres,22.7535996,Daylight,499160,188870,75.82635342,E01017821,2,2,0,0,Dry,Single carriageway,None,50,10:50:00,Rural,Fine no high winds,No,36 - 45,5,Small town,9,1998,None,None,Journey as part of work,Not at or within 20 metres of junction,,TRANSIT 300 SWB TD,Heavy oil,Male,None,No tow/articulation,Did not leave carriageway,0,Parked,2,Van / Goods 3.5 tonnes mgw or under,No,Back,2020
200801SX20059,A,41,C,0,Serious,None,04-08-2020,Saturday,1,Auto traffic signal,Crossroads,28.6865351,Daylight,522400,189680,77.13410559,E01000239,1,1,0,5,Wet or damp,Dual carriageway,None,50,05:38:00,Urban,Fine no high winds,No,36 - 45,5,Urban area,5,2402,None,None,Other/Not known (2005-10),Mid Junction - on roundabout or on main road,,TRANSIT 350 LWB TD,Heavy oil,Male,None,No tow/articulation,Did not leave carriageway,0,Going ahead other,1,Van / Goods 3.5 tonnes mgw or under,No,Front,2021
20074100F4319,A,414,C,174,Serious,None,08-01-2021,Friday,1,Give way or uncontrolled,Other junction,18.5894953,Daylight,519550,206270,73.92041375,E01023679,1,1,0,0,Dry,One way street,None,50,20:00:00,Rural,Fine no high winds,No,36 - 45,5,Urban area,3,954,Kerb,None,Other/Not known (2005-10),Entering roundabout,,CBR 900RR-2,Petrol,Male,None,No tow/articulation,Nearside,0,Going ahead other,1,Motorcycle over 500cc,No,Front,2021
200754CY03707,B,4040,NA,0,Serious,None,16-10-2019,Wednesday,1,Not at junction or within 20 metres,Not at junction or within 20 metres,18.61170474,Daylight,402370,190180,73.82943224,E01031886,1,2,0,0,Dry,Single carriageway,None,50,11:10:00,Rural,Fine no high winds,No,36 - 45,5,Urban area,8,8970,None,Tree,Journey as part of work,Not at or within 20 metres of junction,,,Heavy oil,Male,Skidded and overturned,No tow/articulation,Nearside,0,Going ahead right-hand bend,1,Goods 7.5 tonnes mgw and over,No,Nearside,2021
2009559D02815,A,338,NA,0,Serious,Vehicle load on road,22-07-2019,Monday,1,Not at junction or within 20 metres,Not at junction or within 20 metres,18.606599,Daylight,412660,94580,73.84932272,E01015319,1,2,0,0,Dry,Dual carriageway,None,50,18:13:00,Urban,Fine no high winds,No,36 - 45,5,Urban area,9,2188,Other object,None,Other/Not known (2005-10),Not at or within 20 metres of junction,,ESPACE PRIVILEGE DCI AUTO,Heavy oil,Male,None,No tow/articulation,Did not leave carriageway,0,Going ahead other,2,Car,No,Front,2021
2009170S20309,A,689,NA,0,Serious,None,24-01-2020,Friday,1,Data missing or out of range,Not at junction or within 20 metres,18.6160813,Daylight,445380,525960,73.83273366,E01012297,5,2,0,0,Dry,Dual carriageway,None,50,08:15:00,Rural,Fine no high winds,No,36 - 45,5,Data missing or out of range,NA,2798,None,None,Journey as part of work,Not at or within 20 metres of junction,,LT46 158 TDI MWB,Heavy oil,Male,None,No tow/articulation,Did not leave carriageway,0,Parked,2,Other vehicle,No,Back,2021
200954EU17409,A,354,NA,0,Serious,None,25-06-2020,Friday,1,Not at junction or within 20 metres,Not at junction or within 20 metres,18.63972779,Daylight,411190,126940,73.90129022,E01032000,3,3,0,0,Dry,Single carriageway,None,50,09:35:00,Rural,Fine no high winds,No,36 - 45,5,Urban area,7,1794,None,None,Other/Not known (2005-10),Not at or within 20 metres of junction,,AVENSIS T3-S SEMI-AUTO,Petrol,Male,None,No tow/articulation,Did not leave carriageway,0,Going ahead other,1,Car,No,Front,2021
200943P221109,A,415,NA,0,Serious,None,23-02-2021,Saturday,1,Data missing or out of range,Not at junction or within 20 metres,18.63906188,Daylight,440250,201040,73.947319,E01028736,1,2,0,0,Dry,Single carriageway,None,50,15:58:00,Rural,Fine no high winds,No,36 - 45,5,Urban area,9,1781,None,None,Other/Not known (2005-10),Not at or within 20 metres of junction,,A4 T (163) LTD EDTN CVT,Petrol,Male,None,No tow/articulation,Did not leave carriageway,0,Going ahead other,2,Car,No,Offside,2021
200904BC09249,A,586,NA,0,Serious,None,26-09-2020,Sunday,1,Data missing or out of range,Not at junction or within 20 metres,19.11934562,Daylight,343790,440280,72.83534189,E01025561,1,1,0,0,Dry,Single carriageway,None,50,10:05:00,Rural,Fine no high winds,No,36 - 45,5,Urban area,3,1298,None,Road sign or traffic signal,Other/Not known (2005-10),Not at or within 20 metres of junction,,,Petrol,Male,None,No tow/articulation,Offside,0,Going ahead left-hand bend,1,Motorcycle over 500cc,No,Front,2021
200943W090099,Unclassified,7162,Unclassified,7162,Serious,None,09-12-2021,Tuesday,1,Give way or uncontrolled,T or staggered junction,19.10523845,Daylight,467980,167160,72.92671418,E01016309,1,2,0,0,Dry,Single carriageway,None,50,17:05:00,Rural,Fine no high winds,No,36 - 45,5,Urban area,3,1870,None,None,Other/Not known (2005-10),Mid Junction - on roundabout or on main road,,LAGUNA EXTREME DCI 120BHP,Heavy oil,Male,None,No tow/articulation,Did not leave carriageway,0,Turning right,2,Car,No,Nearside,2021
2010160C06441,Unclassified,0,NA,0,Serious,None,29-10-2010,Friday,1,Data missing or out of range,Not at junction or within 20 metres,53.854948,Daylight,500130,440930,-0.479186,E01012919,4,2,0,0,Dry,Single carriageway,None,50,13:58:00,Rural,Fine no high winds,No,36 - 45,5,Small town,10,1997,None,Entered ditch,Other/Not known (2005-10),Not at or within 20 metres of junction,PEUGEOT,407 SW SE HDI,Heavy oil,Male,Skidded,No tow/articulation,Nearside,0,Going ahead other,2,Car,No,Front,2010
201042I194606,B,1383,Unclassified,0,Serious,None,17-02-2021,Tuesday,1,Give way or uncontrolled,T or staggered junction,26.75635695,Daylight,552040,238050,94.19974259,E01022071,3,2,0,0,Dry,Single carriageway,None,50,11:55:00,Rural,Fine no high winds,No,36 - 45,5,Rural,8,1229,None,None,Commuting to/from work,Entering main road,,CORSA BREEZE,Petrol,Female,None,No tow/articulation,Did not leave carriageway,0,Waiting to turn right,1,Car,No,Front,2019
201042I209607,A,133,NA,0,Serious,None,18-11-2019,Friday,1,Not at junction or within 20 metres,Not at junction or within 20 metres,8.878784372,Daylight,601420,225280,76.67931352,E01021706,1,2,0,0,Dry,Dual carriageway,None,50,08:06:00,Urban,Fine no high winds,No,36 - 45,5,Small town,8,1598,None,None,Journey as part of work,Not at or within 20 metres of junction,,MERIVA DESIGN 16V,Petrol,Female,None,No tow/articulation,Did not leave carriageway,0,Changing lane to right,1,Car,No,Back,2020
200742I357109,A,128,Unclassified,0,Serious,None,18-06-2019,Sunday,1,Give way or uncontrolled,Private drive or entrance,18.5997705,Daylight,565400,181810,73.75097651,E01015979,1,2,0,0,Dry,One way street,None,50,12:34:00,Rural,Fine no high winds,No,36 - 45,5,Small town,9,1997,None,None,Other/Not known (2005-10),Approaching junction or waiting/parked at junction approach,,307 SW SE HDI,Heavy oil,Female,None,No tow/articulation,Did not leave carriageway,8,Turning right,2,Car,No,Front,2021
200901TA00065,A,404,NA,0,Serious,None,30-10-2021,Friday,1,Data missing or out of range,Not at junction or within 20 metres,28.68655909,Daylight,526690,181710,77.27790606,E01004702,1,1,0,0,Wet or damp,Dual carriageway,None,50,17:29:00,Urban,Raining + high winds,No,36 - 45,5,Urban area,5,125,None,None,Commuting to/from work,Not at or within 20 metres of junction,,ANF 125-3,Petrol,Male,Skidded,No tow/articulation,Did not leave carriageway,0,Going ahead other,1,Motorcycle 125cc and under,No,Offside,2020
200743P350107,A,43,Motorway,40,Serious,None,28-03-2021,Tuesday,1,Give way or uncontrolled,Roundabout,25.78260105,Darkness - lights lit,454730,228420,87.49765238,E01028477,1,1,0,0,Dry,Roundabout,None,50,18:12:00,Rural,Fine no high winds,No,46 - 55,5,Urban area,2,11946,None,None,Journey as part of work,Leaving roundabout,,,Heavy oil,Male,Overturned,Articulated vehicle,Did not leave carriageway,0,Turning right,1,Goods 7.5 tonnes mgw and over,No,Nearside,2019
200797AC71104,Motorway,8,NA,0,Serious,None,27-04-2020,Monday,1,Data missing or out of range,Not at junction or within 20 metres,26.46057741,Darkness - lights lit,257940,665230,74.60547507,,1,1,0,0,Wet or damp,Dual carriageway,None,50,21:15:00,Urban,Fine no high winds,Yes,46 - 55,5,Urban area,NA,1590,Kerb,None,Journey as part of work,Not at or within 20 metres of junction,,GRAND VITARA 16V SPORT,Petrol,Male,Skidded and overturned,No tow/articulation,Did not leave carriageway,0,Going ahead left-hand bend,1,Car,No,Nearside,2020
200945SP46842,A,3044,NA,0,Serious,None,12-10-2020,Tuesday,1,Data missing or out of range,Not at junction or within 20 metres,27.09214294,Darkness - lights lit,504490,172320,93.61788249,E01030734,3,2,0,0,Wet or damp,Single carriageway,None,50,18:22:00,Rural,Raining no high winds,No,46 - 55,5,Urban area,5,1997,None,None,Journey as part of work,Not at or within 20 metres of junction,,ULYSSE DYNAMIC JTD 16V,Heavy oil,Female,None,No tow/articulation,Did not leave carriageway,0,Going ahead right-hand bend,2,Car,No,Front,2019
201042I310009,A,176,NA,0,Serious,None,23-03-2020,Thursday,1,Not at junction or within 20 metres,Not at junction or within 20 metres,27.10358395,Daylight,570230,187390,93.6315502,E01021297,1,2,0,0,Dry,Single carriageway,None,50,08:45:00,Urban,Fine no high winds,No,46 - 55,5,Rural,8,600,None,None,Journey as part of work,Not at or within 20 metres of junction,,FZ6,Petrol,Male,None,No tow/articulation,Did not leave carriageway,0,Overtaking moving vehicle - offside,2,Motorcycle over 500cc,No,Front,2019
2008558C03949,A,350,NA,0,Serious,None,11-10-2021,Thursday,1,Not at junction or within 20 metres,Not at junction or within 20 metres,22.75374414,Daylight,400200,92960,75.83694566,E01015421,1,2,0,0,Wet or damp,Dual carriageway,None,50,08:43:00,Rural,Fine no high winds,No,46 - 55,5,Urban area,9,636,None,Central crash barrier,Other/Not known (2005-10),Not at or within 20 metres of junction,,ZX636 B1H,Petrol,Male,None,No tow/articulation,Offside on to central reservation,0,Waiting to go - held up,2,Motorcycle over 500cc,No,Back,2020
200811SA05318,A,689,NA,0,Serious,None,11-08-2020,Wednesday,1,Not at junction or within 20 metres,Not at junction or within 20 metres,8.875498721,Darkness - lights lit,420580,530380,76.67997679,E01020869,2,2,0,0,Dry,Single carriageway,None,60,23:16:00,Rural,Fine no high winds,No,16 - 20,5,Urban area,2,1149,None,Near/Offside crash barrier,Other/Not known (2005-10),Not at or within 20 metres of junction,,CLIO DYNAMIQUE 16V,Petrol,Male,Skidded and overturned,No tow/articulation,Nearside,0,Going ahead other,1,Car,No,Offside,2020
200863AC47608,Unclassified,0,NA,0,Serious,None,21-06-2021,Wednesday,1,Data missing or out of range,Not at junction or within 20 metres,26.76750694,Darkness - no lighting,246620,202270,94.2244517,W01000634,4,1,0,0,Wet or damp,Single carriageway,None,60,01:30:00,Rural,Fine no high winds,No,16 - 20,5,Rural,NA,1396,None,Tree,Journey as part of work,Not at or within 20 metres of junction,,ZR ATOMIX,Petrol,Male,Skidded and overturned,No tow/articulation,Nearside and rebounded,0,Going ahead right-hand bend,1,Car,No,Front,2019
200804BA08047,A,683,NA,0,Serious,None,13-07-2019,Thursday,1,Data missing or out of range,Not at junction or within 20 metres,26.72877015,Darkness - no lighting,355450,465880,94.22366729,E01025132,1,1,0,0,Wet or damp,Single carriageway,None,60,23:33:00,Rural,Fine no high winds,No,16 - 20,5,Rural,7,1149,Kerb,Tree,Other/Not known (2005-10),Not at or within 20 metres of junction,,CLIO DYNAMIQUE 16V,Petrol,Male,Skidded,No tow/articulation,Offside,0,Going ahead right-hand bend,1,Car,No,Nearside,2019
200997NC01404,A,803,NA,0,Serious,None,05-01-2019,Saturday,1,Data missing or out of range,Not at junction or within 20 metres,23.08647029,Darkness - no lighting,269390,677360,72.59621039,,3,2,0,0,Dry,Single carriageway,None,60,01:00:00,Rural,Fine no high winds,Yes,16 - 20,5,Urban area,NA,1588,None,None,Other/Not known (2005-10),Not at or within 20 metres of junction,,ZS,Petrol,Male,Overturned,No tow/articulation,Offside,0,Going ahead left-hand bend,1,Car,No,Front,2019
200922G900345,Unclassified,0,NA,0,Serious,None,16-03-2021,Friday,2,Data missing or out of range,Not at junction or within 20 metres,26.46376371,Darkness - no lighting,373320,308940,74.61084377,E01028854,1,1,0,0,Dry,Single carriageway,None,60,22:20:00,Rural,Fine no high winds,No,16 - 20,5,Urban area,10,1598,None,None,Other/Not known (2005-10),Not at or within 20 metres of junction,,MINI COOPER,Petrol,Male,Overturned,No tow/articulation,Did not leave carriageway,0,Going ahead other,1,Car,No,Offside,2020
200745MO07619,A,29,NA,0,Serious,None,17-11-2020,Wednesday,1,Data missing or out of range,Not at junction or within 20 metres,26.44621811,Darkness - no lighting,515590,141590,80.28774245,E01030557,1,2,0,0,Dry,Single carriageway,None,60,22:05:00,Rural,Fine no high winds,No,16 - 20,5,Urban area,9,599,None,None,Other/Not known (2005-10),Not at or within 20 metres of junction,,CB 600 F-2,Petrol,Male,None,No tow/articulation,Did not leave carriageway,0,Going ahead other,1,Motorcycle over 125cc and up to 500cc,No,Front,2020
200891NE03750,A,832,NA,0,Serious,None,07-06-2021,Wednesday,1,Data missing or out of range,Not at junction or within 20 metres,28.69686373,Darkness - no lighting,254390,849550,77.26978341,,1,2,0,0,Dry,Single carriageway,None,60,18:15:00,Rural,Fine no high winds,Yes,16 - 20,5,Rural,NA,249,None,None,Other/Not known (2005-10),Not at or within 20 metres of junction,,TT 250 R,Petrol,Male,None,No tow/articulation,Did not leave carriageway,0,Overtaking moving vehicle - offside,1,Motorcycle over 125cc and up to 500cc,No,Offside,2021