Accident_Index,1st_Road_Class,1st_Road_Number,2nd_Road_Class,2nd_Road_Number,Accident_Severity,Carriageway_Hazards,Date,Day_of_Week,Did_Police_Officer_Attend_Scene_of_Accident,Junction_Control,Junction_Detail,Latitude,Light_Conditions,Location_Easting_OSGR,Location_Northing_OSGR,Longitude,LSOA_of_Accident_Location,Number_of_Casualties,Number_of_Vehicles,Pedestrian_Crossing-Human_Control,Pedestrian_Crossing-Physical_Facilities,Road_Surface_Conditions,Road_Type,Special_Conditions_at_Site,Speed_limit,Time,Urban_or_Rural_Area,Weather_Conditions,InScotland,Age_Band_of_Driver,Age_of_Vehicle,Driver_Home_Area_Type,Driver_IMD_Decile,Engine_Capacity_.CC.,Hit_Object_in_Carriageway,Hit_Object_off_Carriageway,Journey_Purpose_of_Driver,Junction_Location,make,model,Propulsion_Code,Sex_of_Driver,Skidding_and_Overturning,Towing_and_Articulation,Vehicle_Leaving_Carriageway,Vehicle_Location.Restricted_Lane,Vehicle_Manoeuvre,Vehicle_Reference,Vehicle_Type,Was_Vehicle_Left_Hand_Drive,X1st_Point_of_Impact,Year
20104100G0553,A,505,Unclassified,108,Serious,None,23-08-2020,Wednesday,1,Give way or uncontrolled,T or staggered junction,14.66168389,Daylight,516520,228400,78.49865164,E01023653,1,2,0,0,Dry,Dual carriageway,None,70,07:50:00,Rural,Fine no high winds,No,16 - 20,5,Urban area,5,125,None,None,Journey as part of work,Mid Junction - on roundabout or on main road,,CBR 125 RS-5,Petrol,Male,None,No tow/articulation,Did not leave carriageway,0,Going ahead other,2,Motorcycle 125cc and under,No,Offside,2019
200842I044002,A,130,NA,0,Serious,None,04-11-2020,Monday,1,Not at junction or within 20 metres,Not at junction or within 20 metres,14.70057471,Daylight,577300,193990,78.59886444,E01021340,1,3,0,0,Wet or damp,Dual carriageway,None,70,08:48:00,Rural,Fog or mist,No,16 - 20,5,Urban area,10,5900,None,None,Journey as part of work,Not at or within 20 metres of junction,,FA CF65.250,Heavy oil,Male,None,No tow/articulation,Did not leave carriageway,0,Slowing or stopping,3,Goods over 3.5t. and under 7.5t,No,Back,2019
200734WS65797,A,43,NA,0,Serious,None,17-07-2021,Tuesday,1,Data missing or out of range,Not at junction or within 20 metres,27.09878683,Daylight,465760,242860,93.62285147,E01027261,1,3,0,0,Wet or damp,Dual carriageway,None,70,10:00:00,Rural,Raining no high winds,No,16 - 20,5,Urban area,7,1390,None,None,Other/Not known (2005-10),Not at or within 20 metres of junction,,LEON S 16V,Petrol,Male,Skidded,No tow/articulation,Nearside,0,Going ahead other,2,Car,No,Front,2019
200904TA09191,Motorway,6,NA,0,Serious,None,23-05-2019,Tuesday,1,Data missing or out of range,Not at junction or within 20 metres,14.68301239,Daylight,356460,424570,78.57938744,E01024957,4,3,0,0,Wet or damp,Dual carriageway,None,70,08:07:00,Rural,Raining no high winds,No,16 - 20,5,Rural,6,995,None,None,Commuting to/from work,Not at or within 20 metres of junction,,MATIZ SE,Petrol,Female,Skidded,No tow/articulation,Did not leave carriageway,0,Going ahead other,3,Taxi/Private hire car,No,Front,2019
200804TA08108,Motorway,6,NA,0,Serious,None,17-07-2021,Saturday,1,Data missing or out of range,Not at junction or within 20 metres,26.76565427,Darkness - lights lit,354830,419970,94.21112496,E01024967,4,1,0,0,Dry,Dual carriageway,None,70,23:01:00,Rural,Fine no high winds,No,21 - 25,5,Urban area,5,1796,None,Near/Offside crash barrier,Other/Not known (2005-10),Not at or within 20 metres of junction,,ZR+,Petrol,Male,Overturned,No tow/articulation,Nearside and rebounded,0,Going ahead other,1,Car,No,Front,2019
200930A000400,A,38,NA,0,Serious,None,29-12-2019,Saturday,1,Data missing or out of range,Not at junction or within 20 metres,28.55569922,Darkness - lights lit,436930,342270,77.22059214,E01019670,1,1,0,0,Dry,Dual carriageway,None,70,01:35:00,Rural,Fine no high winds,No,21 - 25,5,Urban area,3,12580,None,Central crash barrier,Journey as part of work,Not at or within 20 metres of junction,,FTG XF95.430,Heavy oil,Male,Skidded and overturned,Articulated vehicle,Did not leave carriageway,0,Going ahead left-hand bend,1,Goods 7.5 tonnes mgw and over,No,Offside,2020
200743S101037,Motorway,1,NA,,Serious,None,15-01-2019,Sunday,1,Give way or uncontrolled,Slip road,18.56802326,Darkness - lights lit,488940,241020,73.83038403,E01016785,1,1,0,0,Dry,Dual carriageway,None,70,03:24:00,Rural,Fine no high winds,No,21 - 25,5,Rural,NA,1124,None,None,Other/Not known (2005-10),Cleared junction or waiting/parked at junction exit,,SAXO FORTE,Petrol,Male,Skidded and overturned,No tow/articulation,Offside on to centrl res + rebounded,0,Going ahead other,1,Car,No,Front,2021
200804TA08003,Motorway,6,NA,0,Serious,None,17-06-2019,Thursday,1,Data missing or out of range,Not at junction or within 20 metres,14.75913761,Darkness - lights lit,354150,410580,78.55940945,E01025538,2,1,0,0,Dry,Dual carriageway,None,70,00:01:00,Rural,Fine no high winds,No,21 - 25,5,Urban area,4,1998,Kerb,Near/Offside crash barrier,Journey as part of work,Not at or within 20 metres of junction,,TRANSIT MWB,Heavy oil,Male,Skidded,No tow/articulation,Nearside,0,Going ahead left-hand bend,1,Minibus (8 - 16 passenger seats),No,Front,2019
200805DD27756,Motorway,62,NA,0,Serious,Previous accident,06-05-2021,Sunday,1,Data missing or out of range,Not at junction or within 20 metres,22.08446539,Darkness - no lighting,350490,389880,82.15394322,E01006889,2,3,0,0,Wet or damp,Dual carriageway,None,70,03:58:00,Rural,Fine no high winds,No,21 - 25,5,Urban area,1,1388,Previous accident,None,Other/Not known (2005-10),Not at or within 20 metres of junction,,FIESTA BLACK,Petrol,Male,Skidded,No tow/articulation,Did not leave carriageway,0,Going ahead other,3,Car,No,Front,2019
200943P236039,Motorway,40,NA,0,Serious,None,08-06-2021,Saturday,1,Data missing or out of range,Not at junction or within 20 metres,22.09444635,Darkness - no lighting,448240,236870,82.13198671,E01028422,3,2,0,0,Dry,Dual carriageway,None,70,04:11:00,Rural,Fine no high winds,No,21 - 25,5,Urban area,10,1896,None,None,Other/Not known (2005-10),Not at or within 20 metres of junction,,ALHAMBRA SE TDI 130,Heavy oil,Male,None,No tow/articulation,Did not leave carriageway,0,Changing lane to left,1,Car,No,Front,2019
201004TA10129,Motorway,65,NA,0,Serious,None,23-07-2010,Friday,1,Data missing or out of range,Not at junction or within 20 metres,53.785407,Darkness - no lighting,380940,432160,-2.290768,E01024899,1,2,0,0,Dry,Dual carriageway,None,70,02:40:00,Rural,Fine no high winds,No,21 - 25,5,Urban area,5,1400,None,None,Other/Not known (2005-10),Not at or within 20 metres of junction,VOLKSWAGEN,POLO SE 75,Petrol,Male,None,No tow/articulation,Did not leave carriageway,0,Changing lane to right,2,Car,No,Nearside,2010
20094100T3024,Motorway,25,NA,0,Serious,None,15-07-2019,Friday,1,Not at junction or within 20 metres,Not at junction or within 20 metres,25.77701671,Darkness - no lighting,521650,201280,87.47372256,E01023584,5,8,0,0,Dry,Dual carriageway,None,70,19:33:00,Rural,Fine no high winds,No,21 - 25,5,Urban area,9,1796,None,None,Other/Not known (2005-10),Not at or within 20 metres of junction,,C180 KOMPRESSOR SE,Petrol,Female,None,No tow/articulation,Did not leave carriageway,0,Going ahead other,3,Car,No,Front,2019
200854MA01408,Motorway,4,NA,0,Serious,Previous accident,05-09-2019,Friday,1,Not at junction or within 20 metres,Not at junction or within 20 metres,28.66247093,Darkness - no lighting,401000,182230,77.18779003,E01031893,2,2,0,0,Dry,Dual carriageway,None,70,21:15:00,Rural,Fine no high winds,No,21 - 25,5,Urban area,7,998,Previous accident,None,Journey as part of work,Not at or within 20 metres of junction,,MICRA TEMPEST,Petrol,Female,None,No tow/articulation,Did not leave carriageway,0,Going ahead other,2,Car,No,Front,2021
201004TA10208,Motorway,55,NA,0,Serious,None,26-11-2010,Friday,1,Data missing or out of range,Not at junction or within 20 metres,53.806483,Darkness - no lighting,342540,434820,-2.874034,E01025012,1,2,0,0,Dry,Dual carriageway,None,70,16:38:00,Rural,Fine no high winds,No,21 - 25,5,Urban area,3,1240,None,None,Commuting to/from work,Not at or within 20 metres of junction,NISSAN,MICRA S,Petrol,Female,None,No tow/articulation,Did not leave carriageway,0,Going ahead other,1,Car,No,Front,2010
200742I433210,A,12,NA,0,Serious,None,16-03-2021,Thursday,1,Not at junction or within 20 metres,Not at junction or within 20 metres,14.76903097,Darkness - no lighting,564000,198880,78.55747894,E01021459,1,2,0,0,Wet or damp,Dual carriageway,None,70,22:00:00,Rural,Other,No,21 - 25,5,Urban area,NA,2498,None,None,Other/Not known (2005-10),Not at or within 20 metres of junction,,,Petrol,Male,None,No tow/articulation,Nearside,7,Changing lane to left,1,Car,No,Front,2019
200943N207089,Motorway,40,NA,0,Serious,None,29-11-2019,Thursday,1,Data missing or out of range,Not at junction or within 20 metres,14.80939953,Darkness - no lighting,488430,190970,74.12081879,E01017909,1,1,0,0,Wet or damp,Dual carriageway,None,70,05:53:00,Rural,Raining no high winds,No,21 - 25,5,Small town,5,1988,None,Tree,Journey as part of work,Not at or within 20 metres of junction,,IS200 SE,Petrol,Male,Skidded,No tow/articulation,Nearside,0,Going ahead other,1,Car,No,Nearside,2021
2009160A05450,A,180,NA,0,Serious,Previous accident,31-07-2019,Wednesday,1,Data missing or out of range,Not at junction or within 20 metres,26.4600102,Darkness - no lighting,515710,414100,74.61998372,E01013175,3,4,0,0,Frost or ice,Dual carriageway,None,70,20:25:00,Rural,Raining no high winds,No,21 - 25,5,Small town,9,1360,None,None,Other/Not known (2005-10),Not at or within 20 metres of junction,,C2 FURIO,Petrol,Female,None,No tow/articulation,Did not leave carriageway,0,Parked,3,Car,No,Offside,2020
200850JS2K013,A,38,NA,0,Serious,Previous accident,04-10-2020,Friday,1,Data missing or out of range,Not at junction or within 20 metres,28.69469561,Daylight,266480,56430,77.09094763,E01020160,5,5,0,0,Dry,Dual carriageway,None,70,17:48:00,Rural,Fine no high winds,No,21 - 25,5,Urban area,4,1149,None,None,Other/Not known (2005-10),Not at or within 20 metres of junction,,CLIO DYNAMIQUE 16V,Petrol,Male,None,No tow/articulation,Did not leave carriageway,0,Going ahead other,4,Car,No,Back,2021
200830D000723,A,38,NA,0,Serious,None,15-04-2021,Saturday,1,Data missing or out of range,Not at junction or within 20 metres,14.71071736,Daylight,434210,338200,78.54076142,E01013469,1,1,0,0,Dry,Dual carriageway,None,70,14:43:00,Urban,Fine no high winds,No,21 - 25,5,Urban area,8,487,None,Central crash barrier,Other/Not known (2005-10),Not at or within 20 metres of junction,,GS 500 K3,Petrol,Female,None,No tow/articulation,Did not leave carriageway,0,Going ahead other,1,Motorcycle over 500cc,No,Offside,2019
201042I242107,A,1089,NA,0,Serious,None,24-03-2021,Wednesday,1,Not at junction or within 20 metres,Not at junction or within 20 metres,28.6795067,Daylight,563760,179960,77.25141819,E01015965,2,3,0,0,Dry,Dual carriageway,None,70,07:20:00,Rural,Fine no high winds,No,21 - 25,5,Data missing or out of range,NA,1364,None,None,Commuting to/from work,Not at or within 20 metres of junction,,CORSA SRI 16V TWINPORT,Petrol,Female,None,No tow/articulation,Did not leave carriageway,0,Overtaking moving vehicle - offside,1,Car,No,Did not impact,2020
200934TK03939,A,14,NA,0,Serious,None,13-12-2021,Tuesday,1,Data missing or out of range,Not at junction or within 20 metres,28.70910363,Daylight,479780,279920,77.29816581,E01027124,2,5,0,0,Wet or damp,Dual carriageway,None,70,08:23:00,Rural,Fog or mist,No,21 - 25,5,Urban area,9,1599,None,None,Commuting to/from work,Not at or within 20 metres of junction,,SPORTKA SE,Petrol,Female,None,No tow/articulation,Did not leave carriageway,0,Waiting to go - held up,2,Car,No,Back,2020
201034TW53360,A,45,NA,0,Serious,None,15-10-2020,Wednesday,1,Data missing or out of range,Not at junction or within 20 metres,22.06703035,Daylight,490040,266390,82.12076398,E01027336,1,5,0,0,Snow,Dual carriageway,None,70,08:30:00,Rural,Snowing no high winds,No,21 - 25,5,Urban area,3,1248,None,None,Journey as part of work,Not at or within 20 metres of junction,,CORSA SXI CDTI,Heavy oil,Male,Skidded,No tow/articulation,Did not leave carriageway,0,Slowing or stopping,1,Car,No,Front,2019
200943N220119,Motorway,40,NA,0,Serious,None,25-08-2021,Monday,1,Data missing or out of range,Not at junction or within 20 metres,19.08023783,Daylight,504470,185770,72.89240497,E01017812,1,4,0,0,Wet or damp,Dual carriageway,None,70,08:26:00,Rural,Snowing no high winds,No,21 - 25,5,Urban area,7,1596,None,None,Commuting to/from work,Not at or within 20 metres of junction,,FOCUS ZETEC AUTO,Petrol,Female,None,No tow/articulation,Did not leave carriageway,0,Changing lane to right,1,Car,No,Offside,2021
200942I030001,Motorway,25,NA,0,Serious,Any animal in carriageway (except ridden horse),14-02-2020,Monday,1,Not at junction or within 20 metres,Not at junction or within 20 metres,18.63033413,Darkness - lights lit,557450,181580,73.94938449,E01015924,1,1,0,0,Wet or damp,Dual carriageway,None,70,01:00:00,Rural,Fine + high winds,No,26 - 35,5,Urban area,4,1998,None,None,Commuting to/from work,Not at or within 20 metres of junction,,CIVIC TYPE-R,Petrol,Male,Skidded and overturned,No tow/articulation,Nearside,0,Going ahead other,1,Car,No,Did not impact,2021
201042I193506,Motorway,11,NA,0,Serious,None,13-03-2019,Monday,1,Not at junction or within 20 metres,Not at junction or within 20 metres,14.70759869,Darkness - lights lit,547600,200860,78.56800026,E01021756,1,3,0,0,Dry,Dual carriageway,None,70,21:25:00,Rural,Fine no high winds,No,26 - 35,5,Small town,9,1598,None,Near/Offside crash barrier,Other/Not known (2005-10),Not at or within 20 metres of junction,,LACETTI SX,Petrol,Male,Skidded,No tow/articulation,Nearside,0,Going ahead other,2,Car,No,Back,2019
200942I431112,A,13,A,132,Serious,None,03-12-2020,Tuesday,1,Give way or uncontrolled,Slip road,13.01347126,Darkness - lights lit,573790,187880,77.63780484,E01021310,1,1,0,0,Dry,Dual carriageway,None,70,18:40:00,Urban,Fine no high winds,No,26 - 35,5,Urban area,10,1870,None,Lamp post,Commuting to/from work,Entering from slip road,,LAGUNA INITIALE DCI 120HP,Heavy oil,Male,Skidded,No tow/articulation,Nearside,9,Going ahead other,1,Car,No,Offside,2020
2008170S10308,A,19,NA,0,Serious,None,17-05-2020,Saturday,1,Data missing or out of range,Not at junction or within 20 metres,28.70679653,Darkness - lights lit,445870,520890,77.30822486,E01012258,1,2,0,0,Dry,Dual carriageway,None,70,17:49:00,Rural,Fine no high winds,No,26 - 35,5,Data missing or out of range,NA,2198,None,None,Other/Not known (2005-10),Not at or within 20 metres of junction,,VECTRA ELEGANCE 16V,Petrol,Male,None,No tow/articulation,Did not leave carriageway,0,Going ahead other,2,Car,No,Back,2020
201043N285100,Motorway,40,NA,0,Serious,None,02-05-2021,Saturday,1,Data missing or out of range,Not at junction or within 20 metres,19.14851274,Darkness - lights lit,501480,185750,72.84068387,E01017823,3,2,0,0,Dry,Dual carriageway,None,70,00:01:00,Rural,Fine no high winds,No,26 - 35,5,Urban area,3,1299,None,Central crash barrier,Other/Not known (2005-10),Not at or within 20 metres of junction,,KA STYLE,Petrol,Female,Skidded,No tow/articulation,Offside on to centrl res + rebounded,0,Going ahead other,2,Car,No,Back,2021
200997NA70101,A,8,NA,0,Serious,None,30-06-2019,Wednesday,1,Data missing or out of range,Not at junction or within 20 metres,23.07091981,Darkness - lights lit,269790,663830,72.62705587,,2,2,0,0,Wet or damp,Dual carriageway,None,70,17:05:00,Urban,Raining no high winds,Yes,26 - 35,5,Urban area,NA,1360,None,None,Commuting to/from work,Not at or within 20 metres of junction,,307 S 90,Petrol,Male,None,No tow/articulation,Did not leave carriageway,0,Slowing or stopping,2,Car,No,Back,2019
200930M010013,Motorway,1,NA,0,Serious,None,27-06-2021,Saturday,1,Data missing or out of range,Not at junction or within 20 metres,23.07885608,Darkness - no lighting,444900,361290,72.6234121,E01019521,6,4,0,0,Dry,Dual carriageway,None,70,21:55:00,Rural,Fine no high winds,No,26 - 35,5,Urban area,4,3189,None,None,Other/Not known (2005-10),Not at or within 20 metres of junction,,A3 SPORT QUATTRO AUTO,Petrol,Male,None,No tow/articulation,Did not leave carriageway,0,Going ahead other,3,Car,No,Offside,2019
2007600DE4144,A,55,NA,0,Serious,None,27-12-2020,Wednesday,1,Data missing or out of range,Not at junction or within 20 metres,8.891135834,Darkness - no lighting,308720,375920,76.63269492,,1,2,0,0,Dry,Dual carriageway,None,70,07:30:00,Rural,Fine no high winds,No,26 - 35,5,Urban area,NA,1686,None,None,Commuting to/from work,Not at or within 20 metres of junction,,ASTRA CLUB DTI,Heavy oil,Male,None,No tow/articulation,Did not leave carriageway,0,Going ahead other,1,Car,No,Front,2020
200854MA03008,Motorway,4,NA,0,Serious,None,24-02-2019,Tuesday,1,Not at junction or within 20 metres,Not at junction or within 20 metres,26.46252636,Darkness - no lighting,395990,179870,74.60716168,E01031891,4,2,0,0,Dry,Dual carriageway,None,70,04:00:00,Rural,Fine no high winds,No,26 - 35,5,Urban area,3,12130,None,None,Journey as part of work,Not at or within 20 metres of junction,,,Heavy oil,Male,None,Articulated vehicle,Did not leave carriageway,0,Going ahead other,2,Goods 7.5 tonnes mgw and over,No,Offside,2020
200743R012097,A,34,NA,0,Serious,None,17-06-2020,Monday,1,Data missing or out of range,Not at junction or within 20 metres,28.58278045,Darkness - no lighting,449090,178610,77.31719313,E01016288,2,1,0,0,Dry,Dual carriageway,None,70,05:30:00,Rural,Fine no high winds,No,26 - 35,5,Data missing or out of range,NA,2495,None,Near/Offside crash barrier,Other/Not known (2005-10),Not at or within 20 metres of junction,,,Heavy oil,Male,Skidded and overturned,No tow/articulation,Nearside and rebounded,0,Going ahead other,1,Car,No,Front,2020
200830M010024,Motorway,1,NA,0,Serious,None,20-05-2019,Friday,1,Data missing or out of range,Not at junction or within 20 metres,28.62591912,Darkness - no lighting,446330,374490,77.26032318,E01019564,1,3,0,0,Dry,Dual carriageway,None,70,00:44:00,Rural,Fine no high winds,No,26 - 35,5,Data missing or out of range,NA,1870,None,None,Other/Not known (2005-10),Not at or within 20 metres of junction,,MEGANE SCENIC RX4 FJ DCI,Heavy oil,Male,None,No tow/articulation,Did not leave carriageway,0,Going ahead other,2,Car,No,Back,2020
20074100T3135,Motorway,25,NA,0,Serious,None,16-04-2020,Saturday,1,Not at junction or within 20 metres,Not at junction or within 20 metres,19.07855192,Darkness - no lighting,502880,193810,72.9225013,E01023835,5,6,0,0,Dry,Dual carriageway,None,70,00:55:00,Rural,Fine no high winds,No,26 - 35,5,Urban area,3,1998,None,None,Other/Not known (2005-10),Not at or within 20 metres of junction,,MEGANE SCENIC 16V,Petrol,Male,Skidded,No tow/articulation,Did not leave carriageway,0,Going ahead other,5,Car,No,Front,2021
200830M010059,Motorway,1,NA,0,Serious,None,10-07-2021,Tuesday,1,Data missing or out of range,Not at junction or within 20 metres,18.60233986,Darkness - no lighting,444730,358430,73.86658285,E01019480,5,8,0,0,Wet or damp,Dual carriageway,None,70,04:12:00,Rural,Raining + high winds,No,26 - 35,5,Urban area,9,1796,None,None,Other/Not known (2005-10),Not at or within 20 metres of junction,,316TI ES COMPACT,Petrol,Male,None,No tow/articulation,Did not leave carriageway,0,Going ahead other,8,Car,No,Offside,2021
200745GU15025,A,331,NA,0,Serious,None,30-10-2021,Thursday,1,Data missing or out of range,Not at junction or within 20 metres,26.46239993,Darkness - no lighting,488390,153330,74.60246829,E01023140,8,5,0,0,Wet or damp,Dual carriageway,None,70,18:45:00,Urban,Raining no high winds,No,26 - 35,5,Urban area,7,1108,None,None,Other/Not known (2005-10),Not at or within 20 metres of junction,,SEICENTO SPORTING,Petrol,Male,None,No tow/articulation,Did not leave carriageway,6,Slowing or stopping,3,Car,No,Back,2020
200942I038102,Motorway,11,NA,0,Serious,None,29-01-2020,Monday,1,Not at junction or within 20 metres,Not at junction or within 20 metres,18.56018617,Darkness - no lighting,551110,218070,73.75019402,E01022060,2,1,0,0,Flood over 3cm. deep,Dual carriageway,None,70,23:05:00,Rural,Raining no high winds,No,26 - 35,5,Urban area,6,1896,None,Central crash barrier,Journey as part of work,Not at or within 20 metres of junction,,SHARAN SL TDI,Heavy oil,Male,Skidded,No tow/articulation,Offside on to central reservation,0,Going ahead right-hand bend,1,Car,No,Front,2021
200897LA00404,A,82,NA,0,Serious,None,28-09-2021,Saturday,1,Data missing or out of range,Not at junction or within 20 metres,28.66029799,Darkness - no lighting,238700,679880,77.25806401,,1,1,0,0,Wet or damp,Dual carriageway,None,70,03:30:00,Urban,Raining no high winds,Yes,26 - 35,5,Urban area,NA,998,None,None,Commuting to/from work,Not at or within 20 metres of junction,,YARIS VVTI COLOUR COLLECTIO,Petrol,Female,None,No tow/articulation,Did not leave carriageway,0,Going ahead other,1,Car,No,Nearside,2020
200943S055079,Motorway,1,NA,0,Serious,None,06-12-2019,Saturday,1,Data missing or out of range,Not at junction or within 20 metres,14.73864743,Daylight,485330,244320,78.48123514,E01016788,2,2,0,0,Dry,Dual carriageway,None,70,20:05:00,Rural,Fine no high winds,No,26 - 35,5,Small town,10,1997,None,None,Other/Not known (2005-10),Not at or within 20 metres of junction,,407 SE HDI,Heavy oil,Male,None,No tow/articulation,Did not leave carriageway,0,Going ahead other,2,Car,No,Offside,2019
201042I353511,A,282,NA,0,Serious,None,02-07-2020,Friday,1,Not at junction or within 20 metres,Not at junction or within 20 metres,26.76032497,Daylight,557490,178500,94.18863404,E01016012,1,2,0,0,Dry,Dual carriageway,None,70,07:13:00,Urban,Fine no high winds,No,26 - 35,5,Urban area,4,124,None,None,Commuting to/from work,Not at or within 20 metres of junction,,NXC 125 CYGNUS,Petrol,Male,None,No tow/articulation,Did not leave carriageway,0,Going ahead other,1,Motorcycle over 125cc and up to 500cc,No,Nearside,2019
200806X000041,Motorway,56,NA,0,Serious,None,29-09-2020,Tuesday,1,Not at junction or within 20 metres,Not at junction or within 20 metres,15.29454047,Daylight,382410,389000,74.03079054,E01005085,1,2,0,0,Wet or damp,Dual carriageway,None,70,11:10:00,Urban,Fine no high winds,No,26 - 35,5,Data missing or out of range,NA,3500,None,Central crash barrier,Other/Not known (2005-10),Not at or within 20 metres of junction,,,Petrol,Male,Skidded,No tow/articulation,Offside,0,Going ahead left-hand bend,1,Car,No,Offside,2019
200943W011089,A,34,NA,0,Serious,None,26-05-2021,Monday,1,Data missing or out of range,Not at junction or within 20 metres,22.96435167,Daylight,449060,183150,72.53020419,E01016288,1,3,0,0,Dry,Dual carriageway,None,70,13:20:00,Rural,Fine no high winds,No,26 - 35,5,Urban area,10,998,None,None,Commuting to/from work,Not at or within 20 metres of junction,,YARIS T2,Petrol,Male,None,No tow/articulation,Did not leave carriageway,0,Going ahead other,2,Car,No,Back,2019
200834TE37638,A,14,A,14,Serious,None,21-05-2021,Thursday,1,Give way or uncontrolled,T or staggered junction,28.46353916,Daylight,500910,278210,77.03746023,E01027077,1,2,0,0,Dry,Dual carriageway,None,70,06:44:00,Rural,Fine no high winds,No,26 - 35,5,Urban area,1,6370,None,None,Other/Not known (2005-10),Mid Junction - on roundabout or on main road,,,Heavy oil,Male,None,No tow/articulation,Did not leave carriageway,0,Going ahead other,2,Goods 7.5 tonnes mgw and over,No,Front,2019
200945TA43019,Motorway,25,NA,0,Serious,Vehicle load on road,14-08-2021,Friday,1,Data missing or out of range,Not at junction or within 20 metres,13.01332882,Daylight,535610,152850,77.65200883,E01030825,1,6,0,0,Dry,Dual carriageway,None,70,06:42:00,Rural,Fine no high winds,No,26 - 35,5,Urban area,9,1796,Other object,Central crash barrier,Other/Not known (2005-10),Not at or within 20 metres of junction,,316TI ES COMPACT,Petrol,Male,None,No tow/articulation,Offside on to central reservation,0,Going ahead other,3,Car,No,Front,2020
200904TA09150,Motorway,61,NA,0,Serious,None,17-05-2019,Sunday,1,Data missing or out of range,Not at junction or within 20 metres,18.64520534,Daylight,358460,422590,73.93219509,E01024947,1,1,0,0,Dry,Dual carriageway,None,70,08:30:00,Rural,Fine no high winds,No,26 - 35,5,Urban area,2,1686,None,Near/Offside crash barrier,Journey as part of work,Not at or within 20 metres of junction,,ASTRA ELITE CDTI 100,Heavy oil,Male,None,No tow/articulation,Nearside,0,Going ahead other,1,Car,No,Front,2021
200737B027871,A,11,A,11,Serious,None,16-04-2020,Friday,1,Give way or uncontrolled,Slip road,27.0975001,Daylight,571240,272680,93.63104903,E01029945,1,2,0,0,Dry,Dual carriageway,None,70,07:12:00,Rural,Fine no high winds,No,26 - 35,5,Urban area,6,954,None,None,Commuting to/from work,Approaching junction or waiting/parked at junction approach,,,Petrol,Male,None,No tow/articulation,Offside - crossed central reservation,0,Going ahead other,2,Motorcycle over 500cc,No,Front,2019
201004TA10054,Motorway,61,Motorway,61,Serious,None,01-04-2010,Thursday,1,Give way or uncontrolled,Slip road,53.671146,Daylight,358810,419590,-2.624954,E01024932,1,2,0,0,Dry,Dual carriageway,None,70,07:17:00,Rural,Fine no high winds,No,26 - 35,5,Urban area,6,1998,None,None,Journey as part of work,Leaving main road,FORD,TRANSIT 280 SWB,Heavy oil,Male,Skidded,No tow/articulation,Nearside,0,Going ahead other,2,Van / Goods 3.5 tonnes mgw or under,No,Offside,2010
200930D000574,A,38,NA,0,Serious,None,27-10-2020,Friday,1,Data missing or out of range,Not at junction or within 20 metres,23.01743271,Daylight,429410,330220,72.57068128,E01019839,1,4,0,0,Dry,Dual carriageway,None,70,14:30:00,Rural,Fine no high winds,No,26 - 35,5,Small town,10,1998,None,None,Commuting to/from work,Not at or within 20 metres of junction,,RAV4 VVT-1 GRANITE,Petrol,Female,None,No tow/articulation,Did not leave carriageway,0,Going ahead other,3,Car,No,Offside,2019
201037B044502,A,14,NA,0,Serious,None,17-02-2021,Monday,1,Data missing or out of range,Not at junction or within 20 metres,18.54856432,Daylight,581100,265540,73.79104839,E01030134,3,3,0,0,Dry,Dual carriageway,None,70,16:15:00,Rural,Fine no high winds,No,26 - 35,5,Urban area,6,1598,None,Central crash barrier,Journey as part of work,Not at or within 20 metres of junction,,MINI COOPER PARK LANE,Petrol,Female,None,No tow/articulation,Offside on to central reservation,0,Going ahead other,2,Car,No,Back,2021
20074100T1124,Motorway,1,NA,0,Serious,None,23-01-2021,Friday,1,Not at junction or within 20 metres,Not at junction or within 20 metres,18.59097172,Daylight,510300,206430,73.86824651,E01023722,7,8,0,0,Dry,Dual carriageway,Roadworks,70,11:45:00,Rural,Fine no high winds,No,26 - 35,5,Urban area,4,1870,None,None,Other/Not known (2005-10),Not at or within 20 metres of junction,,MEGANE SCENIC EXP+ DTI,Heavy oil,Female,None,No tow/articulation,Did not leave carriageway,0,Slowing or stopping,3,Car,No,Back,2021
20104100T1022,Motorway,1,NA,0,Serious,None,02-09-2019,Friday,1,Not at junction or within 20 metres,Not at junction or within 20 metres,18.57101828,Daylight,509320,213680,73.78933275,E01023725,6,5,0,0,Dry,Dual carriageway,None,70,11:25:00,Rural,Fine no high winds,No,26 - 35,5,Urban area,6,1794,None,None,Other/Not known (2005-10),Not at or within 20 metres of junction,,AVENSIS T4,Petrol,Female,None,No tow/articulation,Did not leave carriageway,0,Going ahead other,1,Car,No,Front,2021