Accident_Index,1st_Road_Class,1st_Road_Number,2nd_Road_Class,2nd_Road_Number,Accident_Severity,Carriageway_Hazards,Date,Day_of_Week,Did_Police_Officer_Attend_Scene_of_Accident,Junction_Control,Junction_Detail,Latitude,Light_Conditions,Location_Easting_OSGR,Location_Northing_OSGR,Longitude,LSOA_of_Accident_Location,Number_of_Casualties,Number_of_Vehicles,Pedestrian_Crossing-Human_Control,Pedestrian_Crossing-Physical_Facilities,Road_Surface_Conditions,Road_Type,Special_Conditions_at_Site,Speed_limit,Time,Urban_or_Rural_Area,Weather_Conditions,InScotland,Age_Band_of_Driver,Age_of_Vehicle,Driver_Home_Area_Type,Driver_IMD_Decile,Engine_Capacity_.CC.,Hit_Object_in_Carriageway,Hit_Object_off_Carriageway,Journey_Purpose_of_Driver,Junction_Location,make,model,Propulsion_Code,Sex_of_Driver,Skidding_and_Overturning,Towing_and_Articulation,Vehicle_Leaving_Carriageway,Vehicle_Location.Restricted_Lane,Vehicle_Manoeuvre,Vehicle_Reference,Vehicle_Type,Was_Vehicle_Left_Hand_Drive,X1st_Point_of_Impact,Year
200801KD75306,Unclassified,0,NA,0,Serious,None,20-03-2020,Thursday,1,Data missing or out of range,Not at junction or within 20 metres,12.99681831,Darkness - lights lit,551160,182930,77.56835564,E01002369,1,2,0,0,Dry,Single carriageway,None,30,17:53:00,Urban,Fine + high winds,No,21 - 25,4,Urban area,4,1796,None,None,Commuting to/from work,Not at or within 20 metres of junction,,,Petrol,Male,None,No tow/articulation,Did not leave carriageway,0,Turning right,1,Car,No,Nearside,2020
200904AL09093,B,5260,Unclassified,0,Serious,None,16-04-2019,Saturday,1,Give way or uncontrolled,Slip road,27.10034536,Darkness - lights lit,339680,431670,93.610013,E01025019,1,2,0,0,Dry,Dual carriageway,None,30,23:55:00,Rural,Fine no high winds,No,21 - 25,4,Rural,7,1242,None,Other permanent object,Other/Not known (2005-10),Cleared junction or waiting/parked at junction exit,,FIESTA ZETEC CLIMATE,Petrol,Male,None,No tow/articulation,Offside,0,Going ahead other,1,Car,No,Front,2019
200914A190109,A,6023,Unclassified,0,Serious,None,04-05-2020,Tuesday,1,Give way or uncontrolled,T or staggered junction,27.10631613,Darkness - lights lit,446280,400140,93.62217006,E01007574,2,2,0,0,Dry,Single carriageway,None,30,20:44:00,Urban,Fine no high winds,No,21 - 25,4,Urban area,1,1998,None,None,Other/Not known (2005-10),Cleared junction or waiting/parked at junction exit,,MEGANE DYNAMIQUE VVT,Petrol,Male,None,No tow/articulation,Did not leave carriageway,0,Turning right,1,Car,No,Offside,2019
200901CW10036,A,501,Unclassified,0,Serious,None,05-06-2019,Tuesday,1,Auto traffic signal,T or staggered junction,27.09429104,Darkness - lights lit,528420,182100,93.62654624,E01004716,2,2,0,5,Dry,Dual carriageway,None,30,00:30:00,Urban,Fine no high winds,No,21 - 25,4,Urban area,3,100,None,None,Commuting to/from work,Cleared junction or waiting/parked at junction exit,,SPEEDFIGHT 100,Petrol,Male,None,No tow/articulation,Did not leave carriageway,0,Going ahead other,2,Motorcycle 125cc and under,No,Front,2019
200901TB00182,Unclassified,0,Unclassified,0,Serious,None,01-01-2019,Saturday,1,Give way or uncontrolled,T or staggered junction,26.72047193,Darkness - lights lit,518280,188430,94.21015812,E01000537,1,1,0,0,Dry,Single carriageway,None,30,23:49:00,Urban,Fine no high winds,No,21 - 25,4,Urban area,6,1598,None,None,Other/Not known (2005-10),Mid Junction - on roundabout or on main road,,ASTRA SXI TWINPORT,Petrol,Male,None,No tow/articulation,Did not leave carriageway,0,Going ahead other,1,Car,No,Front,2019
200943R031049,B,3026,NA,0,Serious,None,29-09-2019,Saturday,1,Data missing or out of range,Not at junction or within 20 metres,18.51115798,Darkness - no lighting,497370,178170,73.82457139,E01016567,5,1,0,0,Dry,Single carriageway,None,40,02:00:00,Rural,Fine no high winds,No,16 - 20,4,Rural,8,1999,None,Tree,Other/Not known (2005-10),Not at or within 20 metres of junction,,FIESTA ST,Petrol,Male,None,No tow/articulation,Offside,0,Going ahead left-hand bend,1,Car,No,Offside,2021
200843W051108,B,4494,NA,0,Serious,None,27-11-2021,Thursday,1,Data missing or out of range,Not at junction or within 20 metres,16.79013853,Darkness - no lighting,446540,169690,88.18052629,E01016323,2,2,0,0,Dry,Single carriageway,None,40,18:51:00,Rural,Fine no high winds,No,16 - 20,4,Rural,9,1149,None,Tree,Other/Not known (2005-10),Not at or within 20 metres of junction,,CLIO DYNAMIQUE 16V,Petrol,Male,Overturned,No tow/articulation,Nearside,0,Going ahead right-hand bend,1,Car,No,Nearside,2021
2008170S22728,A,1046,NA,0,Serious,None,01-10-2020,Thursday,1,Data missing or out of range,Not at junction or within 20 metres,14.72991713,Daylight,448030,522210,78.56165094,E01012198,1,3,0,0,Dry,Single carriageway,None,40,15:58:00,Urban,Fine no high winds,No,16 - 20,4,Data missing or out of range,NA,1686,None,None,Other/Not known (2005-10),Not at or within 20 metres of junction,,CORSA SRI CDTI,Heavy oil,Male,None,No tow/articulation,Did not leave carriageway,0,Going ahead other,2,Car,No,Front,2019
2009160C04220,A,614,Unclassified,0,Serious,None,01-08-2019,Sunday,1,Give way or uncontrolled,Roundabout,25.76989773,Daylight,501270,456590,87.47165375,E01012983,1,1,0,8,Dry,Roundabout,None,40,12:55:00,Rural,Fine no high winds,No,16 - 20,4,Urban area,7,636,None,None,Other/Not known (2005-10),Mid Junction - on roundabout or on main road,,ZX 636 C1H,Petrol,Male,None,No tow/articulation,Did not leave carriageway,0,Going ahead other,1,Motorcycle over 500cc,No,Nearside,2019
200843P052078,Unclassified,120,A,4260,Serious,None,14-12-2021,Friday,1,Give way or uncontrolled,T or staggered junction,28.6714478,Daylight,445880,239020,77.2833462,E01028433,1,2,0,0,Dry,Single carriageway,None,40,16:49:00,Urban,Fine no high winds,No,16 - 20,4,Urban area,10,1399,None,None,Other/Not known (2005-10),Mid Junction - on roundabout or on main road,,FIESTA ZETEC TDCI,Heavy oil,Male,None,No tow/articulation,Did not leave carriageway,0,Moving off,2,Car,No,Nearside,2021
200814C142408,A,629,NA,0,Serious,None,19-10-2020,Monday,1,Not at junction or within 20 metres,Not at junction or within 20 metres,28.69772192,Daylight,439190,394410,77.07805647,E01007743,1,1,0,0,Dry,Single carriageway,None,40,04:30:00,Rural,Fine no high winds,No,16 - 20,4,Urban area,2,1590,None,Tree,Other/Not known (2005-10),Not at or within 20 metres of junction,,CIVIC SPORT,Petrol,Male,Overturned,No tow/articulation,Offside,0,Going ahead other,1,Car,No,Front,2021
200797NC05005,Unclassified,0,Unclassified,0,Serious,None,22-09-2020,Monday,1,Give way or uncontrolled,T or staggered junction,28.72089355,Daylight,278150,675290,77.3325349,,1,2,0,0,Wet or damp,Dual carriageway,None,40,16:30:00,Urban,Raining no high winds,Yes,16 - 20,4,Urban area,NA,600,None,None,Other/Not known (2005-10),Approaching junction or waiting/parked at junction approach,,GSF 600 SK3,Petrol,Male,None,No tow/articulation,Did not leave carriageway,0,Going ahead other,2,Motorcycle over 500cc,No,Nearside,2020
200905FF03073,A,561,Unclassified,0,Serious,None,22-08-2019,Saturday,1,Auto traffic signal,Crossroads,27.10269048,Darkness - lights lit,343530,383840,93.6322016,E01006741,4,2,0,5,Dry,Dual carriageway,None,40,17:23:00,Urban,Fine no high winds,No,21 - 25,4,Urban area,1,1968,None,Near/Offside crash barrier,Other/Not known (2005-10),Mid Junction - on roundabout or on main road,,A3 SPORT TDI AUTO,Heavy oil,Male,None,No tow/articulation,Nearside,0,Going ahead other,2,Car,No,Front,2019
200801JI76203,A,12,Unclassified,0,Serious,None,13-05-2020,Thursday,1,Give way or uncontrolled,Other junction,26.7357824,Darkness - lights lit,544980,188330,94.2190279,E01003641,1,1,0,0,Dry,Single carriageway,None,40,17:15:00,Urban,Fine no high winds,No,21 - 25,4,Urban area,4,2976,None,None,Other/Not known (2005-10),Cleared junction or waiting/parked at junction exit,,A4 SPORT CABRIO QUATTRO,Petrol,Male,None,No tow/articulation,Did not leave carriageway,0,Going ahead other,1,Car,No,Front,2019
200820J024002,A,4036,NA,0,Serious,None,24-03-2019,Friday,1,Data missing or out of range,Not at junction or within 20 metres,22.76459272,Darkness - lights lit,392100,284420,75.83414886,E01009837,9,1,0,0,Wet or damp,Single carriageway,None,40,23:35:00,Urban,Fine no high winds,No,21 - 25,4,Urban area,4,1781,Kerb,Other permanent object,Other/Not known (2005-10),Not at or within 20 metres of junction,,LEON CUPRA R,Petrol,Male,Skidded and overturned,No tow/articulation,Nearside,0,Going ahead other,1,Car,No,Front,2020
200754DE06207,B,4006,Unclassified,0,Serious,None,21-06-2020,Sunday,1,Give way or uncontrolled,Roundabout,28.58776445,Darkness - lights lit,417620,185660,77.10518209,E01015550,3,2,0,0,Dry,Roundabout,None,40,19:27:00,Urban,Fine no high winds,No,21 - 25,4,Urban area,8,1590,None,None,Other/Not known (2005-10),Mid Junction - on roundabout or on main road,,CIVIC VTEC SE SPORT,Petrol,Male,None,No tow/articulation,Did not leave carriageway,0,Going ahead other,2,Car,No,Front,2020
2008160D06950,Unclassified,0,NA,0,Serious,None,26-02-2019,Friday,2,Data missing or out of range,Not at junction or within 20 metres,28.54569626,Darkness - lights lit,510600,432480,77.37014694,E01012817,2,1,0,4,Dry,Single carriageway,None,40,16:30:00,Urban,Fine no high winds,No,21 - 25,4,Urban area,4,1198,None,None,Other/Not known (2005-10),Not at or within 20 metres of junction,,IBIZA SX,Petrol,Female,None,No tow/articulation,Did not leave carriageway,0,Going ahead other,1,Car,No,Front,2021
200911SJ31529,A,68,Unclassified,0,Serious,None,30-04-2021,Monday,1,Auto traffic signal,T or staggered junction,22.06915267,Darkness - lights lit,426890,517060,82.12389065,E01012320,1,1,0,5,Wet or damp,Single carriageway,None,40,00:12:00,Rural,Raining no high winds,No,21 - 25,4,Urban area,3,1364,None,None,Other/Not known (2005-10),Mid Junction - on roundabout or on main road,,CORSA SRI 16V TWINPORT,Petrol,Male,None,No tow/articulation,Did not leave carriageway,0,Going ahead other,1,Car,No,Front,2019
2008160C01540,A,1033,NA,0,Serious,None,16-07-2019,Thursday,1,Data missing or out of range,Not at junction or within 20 metres,26.76295486,Daylight,507670,434460,94.20522904,E01012953,1,2,0,0,Wet or damp,Dual carriageway,None,40,09:38:00,Rural,Fine no high winds,No,21 - 25,4,Small town,8,2463,None,None,Journey as part of work,Not at or within 20 metres of junction,,MASTER SL33 DCI 100 SWB,Heavy oil,Male,None,No tow/articulation,Did not leave carriageway,0,Going ahead other,2,Van / Goods 3.5 tonnes mgw or under,No,Front,2019
200942I411212,A,129,NA,0,Serious,None,28-04-2020,Sunday,1,Not at junction or within 20 metres,Not at junction or within 20 metres,26.4641193,Daylight,572350,192860,74.65031432,E01021264,1,2,0,0,Wet or damp,Single carriageway,None,40,12:30:00,Rural,Fine no high winds,No,21 - 25,4,Urban area,7,600,None,None,Other/Not known (2005-10),Not at or within 20 metres of junction,,,Petrol,Male,Skidded,No tow/articulation,Did not leave carriageway,0,Going ahead left-hand bend,1,Motorcycle over 500cc,No,Offside,2020
200937L016814,A,146,NA,0,Serious,None,04-04-2021,Tuesday,1,Data missing or out of range,Not at junction or within 20 metres,18.49185983,Daylight,651010,291070,73.90267405,E01030234,1,2,0,0,Dry,Single carriageway,None,40,17:37:00,Urban,Fine no high winds,No,21 - 25,4,Urban area,2,2148,None,None,Journey as part of work,Not at or within 20 metres of junction,,SPRINTER 308 CDI LWB,Heavy oil,Male,None,No tow/articulation,Nearside,0,Changing lane to right,1,Van / Goods 3.5 tonnes mgw or under,No,Offside,2021
200901YE80559,A,1005,NA,0,Serious,None,13-06-2020,Tuesday,1,Data missing or out of range,Not at junction or within 20 metres,19.08228905,Daylight,528990,199610,72.874124,E01001412,1,1,0,0,Dry,Single carriageway,None,40,09:48:00,Rural,Fine no high winds,No,21 - 25,4,Urban area,9,125,None,None,Other/Not known (2005-10),Not at or within 20 metres of junction,,CBR 125 RW-5,Petrol,Male,None,No tow/articulation,Did not leave carriageway,0,Going ahead other,1,Motorcycle over 125cc and up to 500cc,No,Front,2021
201042I124704,A,1168,Unclassified,0,Serious,None,07-08-2021,Thursday,1,Give way or uncontrolled,Slip road,19.06453132,Daylight,544280,195680,72.9255358,E01021771,1,2,0,0,Dry,Dual carriageway,None,40,08:50:00,Rural,Fine no high winds,No,21 - 25,4,Urban area,2,1242,None,None,Other/Not known (2005-10),Entering from slip road,,PUNTO DYNAMIC,Petrol,Male,None,No tow/articulation,Did not leave carriageway,0,Moving off,1,Car,No,Front,2021
200922E905023,A,480,Unclassified,0,Serious,None,06-08-2021,Sunday,1,Give way or uncontrolled,T or staggered junction,14.7992631,Daylight,346380,242710,78.56704157,E01014012,2,2,0,0,Dry,Single carriageway,None,40,14:00:00,Rural,Fine no high winds,No,21 - 25,4,Rural,6,599,None,None,Other/Not known (2005-10),Approaching junction or waiting/parked at junction approach,,CBR 600 RR-5,Petrol,Male,None,No tow/articulation,Did not leave carriageway,0,Going ahead other,1,Motorcycle over 500cc,No,Front,2019
201042I232307,A,127,NA,0,Serious,None,27-02-2021,Friday,1,Not at junction or within 20 metres,Not at junction or within 20 metres,14.67818415,Daylight,583140,188630,78.61733555,E01015837,1,3,0,0,Dry,Dual carriageway,None,40,13:15:00,Urban,Fine no high winds,No,21 - 25,4,Urban area,6,1229,None,None,Other/Not known (2005-10),Not at or within 20 metres of junction,,CORSA SXI+,Petrol,Male,None,No tow/articulation,Did not leave carriageway,0,Waiting to go - held up,2,Car,No,Back,2019
200854ET29908,A,361,NA,0,Serious,None,26-08-2021,Wednesday,1,Not at junction or within 20 metres,Not at junction or within 20 metres,28.58996547,Daylight,386080,157940,77.13790259,E01032101,2,1,0,0,Dry,Single carriageway,None,40,00:39:00,Urban,Fine no high winds,No,21 - 25,4,Small town,6,1997,None,Other permanent object,Other/Not known (2005-10),Not at or within 20 metres of junction,,,Petrol,Female,None,No tow/articulation,Nearside,0,Going ahead other,1,Car,No,Front,2020
20093102B0429,A,638,Unclassified,0,Serious,None,20-02-2021,Thursday,1,Give way or uncontrolled,T or staggered junction,18.63280511,Daylight,468990,382260,73.74927255,E01028016,3,4,0,0,Dry,Single carriageway,None,40,13:50:00,Rural,Fine no high winds,No,21 - 25,4,Urban area,6,1587,None,None,Other/Not known (2005-10),Mid Junction - on roundabout or on main road,,C3 EXCLUSIVE AUTO,Petrol,Female,Skidded,No tow/articulation,Offside,0,Going ahead other,2,Car,No,Front,2021
2007557E01684,A,350,C,117,Serious,None,30-10-2021,Wednesday,1,Give way or uncontrolled,Crossroads,18.49221095,Daylight,394670,99240,73.86826462,E01020409,2,2,0,0,Dry,Single carriageway,None,40,11:45:00,Rural,Fine no high winds,No,21 - 25,4,Rural,5,2401,None,None,Other/Not known (2005-10),Approaching junction or waiting/parked at junction approach,,V70 D5 SE,Heavy oil,Female,None,No tow/articulation,Did not leave carriageway,0,Going ahead other,2,Car,No,Front,2021
201042I220307,Unclassified,0,Unclassified,0,Serious,None,25-10-2020,Saturday,1,Give way or uncontrolled,T or staggered junction,19.18307623,Daylight,542320,207240,72.88360433,E01021741,1,3,0,0,Dry,Single carriageway,None,40,18:49:00,Rural,Fine no high winds,No,21 - 25,4,Urban area,5,1360,None,None,Other/Not known (2005-10),Entering main road,,206 SPORT,Petrol,Female,None,No tow/articulation,Did not leave carriageway,0,Turning right,1,Car,No,Offside,2021
200945WO40955,C,11,NA,0,Serious,None,02-05-2020,Friday,1,Data missing or out of range,Not at junction or within 20 metres,23.08382548,Daylight,496970,160810,72.58755003,E01030967,1,3,0,0,Dry,Dual carriageway,None,40,13:50:00,Rural,Unknown,No,21 - 25,4,Urban area,10,4163,None,None,Other/Not known (2005-10),Not at or within 20 metres of junction,,S4 QUATTRO CABRIOLET A,Petrol,Male,None,No tow/articulation,Did not leave carriageway,0,Parked,3,Car,No,Front,2019
200804BB08018,A,589,Unclassified,0,Serious,None,21-08-2020,Wednesday,1,Give way or uncontrolled,T or staggered junction,14.71537791,Darkness - lights lit,344830,464240,78.576435,E01025137,1,2,0,0,Dry,Single carriageway,None,40,07:20:00,Urban,Fine no high winds,No,26 - 35,4,Urban area,5,1598,None,None,Journey as part of work,Approaching junction or waiting/parked at junction approach,,MERIVA DESIGN 16V,Petrol,Male,None,No tow/articulation,Did not leave carriageway,0,Going ahead other,1,Car,No,Offside,2019
200806B001384,A,34,C,0,Serious,None,30-06-2020,Saturday,1,Auto traffic signal,Crossroads,25.77852578,Darkness - lights lit,386390,393350,87.47308477,E01005217,1,1,0,5,Dry,Dual carriageway,None,40,19:30:00,Urban,Fine no high winds,No,26 - 35,4,Urban area,3,1896,None,None,Other/Not known (2005-10),Mid Junction - on roundabout or on main road,,A4 TDI SPORT,Heavy oil,Male,None,No tow/articulation,Did not leave carriageway,0,Going ahead other,1,Car,No,Front,2019
200805BB27581,A,5036,B,5421,Serious,None,16-07-2021,Monday,1,Give way or uncontrolled,T or staggered junction,25.76408974,Darkness - lights lit,333220,397120,87.4933234,E01006952,1,3,0,7,Dry,Dual carriageway,None,40,23:50:00,Urban,Fine no high winds,No,26 - 35,4,Data missing or out of range,NA,1998,Parked vehicle,Central crash barrier,Other/Not known (2005-10),Cleared junction or waiting/parked at junction exit,,MONDEO MISTRAL TDCI,Heavy oil,Male,Skidded and overturned,No tow/articulation,Straight ahead at junction,0,Turning left,2,Car,No,Front,2019
200820G026901,A,41,Unclassified,0,Serious,None,08-01-2019,Thursday,1,Give way or uncontrolled,T or staggered junction,15.34754406,Darkness - lights lit,386990,300960,74.00680342,E01010546,1,2,0,0,Dry,Dual carriageway,None,40,21:45:00,Urban,Fine no high winds,No,26 - 35,4,Rural,10,1781,None,None,Other/Not known (2005-10),Entering main road,,TT AUTO,Petrol,Male,None,No tow/articulation,Did not leave carriageway,0,Turning right,1,Car,No,Offside,2019
200822GA86665,B,4373,NA,0,Serious,None,14-10-2020,Saturday,1,Data missing or out of range,Not at junction or within 20 metres,28.46025724,Darkness - lights lit,368140,303010,77.06930436,E01028838,2,2,0,0,Dry,Single carriageway,None,40,22:00:00,Rural,Fine no high winds,No,26 - 35,4,Urban area,10,2967,None,Road sign or traffic signal,Other/Not known (2005-10),Not at or within 20 metres of junction,,X-TYPE SE AWD AUTO,Petrol,Male,None,No tow/articulation,Nearside,0,Going ahead right-hand bend,2,Car,No,Offside,2019
200906G020777,A,560,Unclassified,0,Serious,None,05-03-2019,Thursday,1,Give way or uncontrolled,Crossroads,22.72092314,Darkness - lights lit,398190,394180,75.89238757,E01006027,2,2,0,0,Dry,Dual carriageway,None,40,20:15:00,Urban,Fine no high winds,No,26 - 35,4,Urban area,1,2231,None,None,Journey as part of work,Approaching junction or waiting/parked at junction approach,,AVENSIS T3 X D-4D,Heavy oil,Male,None,No tow/articulation,Did not leave carriageway,0,Moving off,1,Car,No,Nearside,2020
200842I357010,A,126,NA,0,Serious,None,11-11-2019,Saturday,1,Not at junction or within 20 metres,Not at junction or within 20 metres,28.6006477,Darkness - lights lit,558910,178100,77.07991632,E01016011,2,2,0,0,Dry,Single carriageway,None,40,05:40:00,Urban,Fine no high winds,No,26 - 35,4,Urban area,3,1199,Parked vehicle,Other permanent object,Other/Not known (2005-10),Not at or within 20 metres of junction,,CORSA ENERGY 16V,Petrol,Male,None,No tow/articulation,Offside,0,Going ahead other,1,Car,No,Front,2020
201042I413312,A,134,NA,0,Serious,None,07-03-2020,Friday,1,Not at junction or within 20 metres,Not at junction or within 20 metres,18.49504675,Darkness - lights lit,599070,225670,73.73925305,E01021646,6,4,0,0,Dry,Dual carriageway,None,40,06:55:00,Urban,Fine no high winds,No,26 - 35,4,Urban area,4,1968,None,None,Journey as part of work,Not at or within 20 metres of junction,,PASSAT SE TDI 140,Heavy oil,Male,None,No tow/articulation,Did not leave carriageway,0,Going ahead other,3,Car,No,Front,2021
200920M056502,A,4600,Unclassified,0,Serious,None,07-12-2020,Friday,1,Give way or uncontrolled,T or staggered junction,19.11852634,Darkness - lights lit,436940,280120,72.831324,E01009712,1,1,0,0,Dry,Dual carriageway,None,40,19:40:00,Urban,Fine no high winds,No,26 - 35,4,Urban area,4,1587,None,None,Other/Not known (2005-10),Cleared junction or waiting/parked at junction exit,,XSARA PICASSO DESIRE 2,Petrol,Male,None,No tow/articulation,Did not leave carriageway,0,Going ahead other,1,Car,No,Front,2021
200922G906673,Unclassified,0,NA,0,Serious,None,03-11-2021,Friday,1,Data missing or out of range,Not at junction or within 20 metres,17.16543557,Darkness - lights lit,371290,308920,77.47851344,E01014192,1,2,0,0,Dry,Single carriageway,None,40,18:20:00,Urban,Fine no high winds,No,26 - 35,4,Urban area,2,8970,None,None,Journey as part of work,Not at or within 20 metres of junction,,,Heavy oil,Male,None,No tow/articulation,Did not leave carriageway,0,Parked,2,Goods 7.5 tonnes mgw and over,No,Back,2021
201006P030884,B,6222,Unclassified,0,Serious,None,26-04-2010,Monday,1,Give way or uncontrolled,T or staggered junction,53.608063,Darkness - lights lit,386450,412410,-2.206271,E01005575,1,3,0,0,Dry,Single carriageway,None,40,01:29:00,Urban,Fine no high winds,No,26 - 35,4,Data missing or out of range,NA,1422,None,None,Other/Not known (2005-10),Approaching junction or waiting/parked at junction approach,SKODA,FABIA AMBIENTE TDI 80,Heavy oil,Male,None,No tow/articulation,Did not leave carriageway,0,Parked,2,Car,No,Back,2010
200942I419512,Unclassified,0,NA,0,Serious,None,10-08-2020,Tuesday,1,Not at junction or within 20 metres,Not at junction or within 20 metres,15.47433401,Darkness - lights lit,538470,200920,70.51294595,E01021812,1,1,0,0,Dry,Single carriageway,None,40,00:05:00,Urban,Fine no high winds,No,26 - 35,4,Urban area,2,1796,None,Tree,Other/Not known (2005-10),Not at or within 20 metres of junction,,ASTRA DESIGN AUTO,Petrol,Female,None,No tow/articulation,Offside,0,Going ahead other,1,Car,No,Front,2021
201043R206030,B,3022,Unclassified,7007,Serious,None,20-10-2020,Monday,1,Give way or uncontrolled,Private drive or entrance,28.62703118,Darkness - lights lit,491880,172250,77.09502257,E01016251,1,2,0,0,Wet or damp,Single carriageway,None,40,20:20:00,Rural,Raining + high winds,No,26 - 35,4,Urban area,2,5880,None,None,Journey as part of work,Approaching junction or waiting/parked at junction approach,,FA CF65.220,Heavy oil,Male,None,No tow/articulation,Did not leave carriageway,0,Turning left,2,Goods 7.5 tonnes mgw and over,No,Offside,2021
200914A231209,A,18,Unclassified,0,Serious,None,22-07-2019,Thursday,1,Give way or uncontrolled,Private drive or entrance,22.97372778,Darkness - lights lit,459250,402960,72.63607592,E01007644,1,2,0,0,Wet or damp,Single carriageway,None,40,16:20:00,Urban,Snowing no high winds,No,26 - 35,4,Urban area,1,600,None,None,Commuting to/from work,Mid Junction - on roundabout or on main road,,FZ 6,Petrol,Male,None,No tow/articulation,Did not leave carriageway,0,Going ahead other,2,Motorcycle over 500cc,No,Back,2019
200930A000612,A,517,Unclassified,0,Serious,None,08-02-2019,Thursday,1,Give way or uncontrolled,T or staggered junction,18.64093451,Darkness - lights lit,433110,347790,73.90453646,E01019414,1,2,0,0,Wet or damp,Single carriageway,None,40,23:56:00,Rural,Unknown,No,26 - 35,4,Data missing or out of range,NA,2148,None,None,Other/Not known (2005-10),Approaching junction or waiting/parked at junction approach,,E220 CDI AVANTGARDE AUTO,Heavy oil,Female,None,No tow/articulation,Did not leave carriageway,0,Waiting to turn right,2,Car,No,Back,2021
200842I212506,Unclassified,0,NA,0,Serious,None,30-11-2020,Sunday,1,Not at junction or within 20 metres,Not at junction or within 20 metres,19.07854291,Daylight,588610,189480,72.89310351,E01021917,1,2,0,0,Dry,Single carriageway,None,40,19:09:00,Rural,Fine + high winds,No,26 - 35,4,Rural,6,1399,None,None,Other/Not known (2005-10),Not at or within 20 metres of junction,,FIESTA LX TDCI,Heavy oil,Male,None,No tow/articulation,Did not leave carriageway,0,Reversing,2,Car,No,Offside,2021
20093102C0670,A,52,A,52,Serious,None,19-02-2021,Tuesday,1,Give way or uncontrolled,Slip road,14.72256362,Daylight,455230,338340,78.61824059,E01013928,1,2,0,0,Dry,Dual carriageway,None,40,10:50:00,Urban,Fine no high winds,No,26 - 35,4,Data missing or out of range,NA,12580,None,None,Journey as part of work,Cleared junction or waiting/parked at junction exit,,FADCF85.340,Heavy oil,Male,None,No tow/articulation,Did not leave carriageway,0,Changing lane to left,1,Goods 7.5 tonnes mgw and over,No,Front,2019
200742I216106,A,1019,A,1019,Serious,None,07-01-2020,Tuesday,1,Give way or uncontrolled,Roundabout,25.7775774,Daylight,544670,210350,87.48859598,E01021851,1,2,0,0,Dry,Single carriageway,None,40,16:30:00,Urban,Fine no high winds,No,26 - 35,4,Urban area,9,1998,None,None,Other/Not known (2005-10),Entering roundabout,,MONDEO ZETEC-S TDCI,Heavy oil,Male,None,No tow/articulation,Did not leave carriageway,0,Going ahead other,2,Car,No,Nearside,2019
201043R009040,A,4,A,355,Serious,None,17-08-2019,Saturday,1,Auto traffic signal,Crossroads,22.05760476,Daylight,496370,180210,82.18706326,E01016465,4,2,0,5,Wet or damp,Dual carriageway,None,40,08:22:00,Urban,Fine no high winds,No,26 - 35,4,Small town,7,1390,None,None,Other/Not known (2005-10),Mid Junction - on roundabout or on main road,,IBIZA SPORT 16V,Petrol,Male,None,No tow/articulation,Did not leave carriageway,0,Going ahead other,1,Car,No,Did not impact,2019
200737L014653,A,12,NA,0,Serious,None,18-07-2019,Wednesday,1,Data missing or out of range,Not at junction or within 20 metres,23.0271546,Daylight,653910,292240,72.62337718,E01030258,1,1,0,0,Dry,Single carriageway,None,40,13:35:00,Urban,Fine no high winds,No,26 - 35,4,Urban area,1,636,Kerb,Lamp post,Other/Not known (2005-10),Not at or within 20 metres of junction,,ZX636 B1H,Petrol,Male,None,No tow/articulation,Nearside,0,Going ahead other,1,Motorcycle over 500cc,No,Front,2019
200943W224119,A,329,Unclassified,7514,Serious,None,21-07-2019,Wednesday,1,Give way or uncontrolled,T or staggered junction,28.4779618,Daylight,478420,170330,77.08211066,E01016700,1,2,0,0,Wet or damp,Single carriageway,None,40,07:50:00,Urban,Fine no high winds,No,26 - 35,4,Urban area,10,599,None,None,Journey as part of work,Approaching junction or waiting/parked at junction approach,,YZF R6 04,Petrol,Male,Skidded,No tow/articulation,Did not leave carriageway,0,Going ahead other,2,Motorcycle over 500cc,No,Front,2019
20093102A1066,A,6009,C,226,Serious,None,20-12-2020,Tuesday,1,Auto traffic signal,T or staggered junction,28.44221529,Daylight,453720,360440,77.09272588,E01028268,1,2,0,5,Dry,Single carriageway,None,40,17:15:00,Urban,Fine no high winds,No,26 - 35,4,Urban area,2,124,None,None,Commuting to/from work,Mid Junction - on roundabout or on main road,,,Petrol,Male,None,No tow/articulation,Did not leave carriageway,0,Going ahead other,2,Motorcycle 125cc and under,No,Front,2019
200845RU20089,A,318,NA,0,Serious,None,26-05-2019,Wednesday,1,Data missing or out of range,Not at junction or within 20 metres,12.97396322,Daylight,504980,165490,77.59943593,E01030649,1,2,0,0,Wet or damp,Single carriageway,None,40,12:15:00,Rural,Fine no high winds,No,26 - 35,4,Urban area,10,1870,None,None,Journey as part of work,Not at or within 20 metres of junction,,PRIMASTAR SE 2900 LWB,Heavy oil,Male,None,No tow/articulation,Did not leave carriageway,0,Slowing or stopping,2,Van / Goods 3.5 tonnes mgw or under,No,Back,2019
200834WN21378,C,157,Unclassified,7721,Serious,None,16-06-2020,Tuesday,1,Give way or uncontrolled,T or staggered junction,13.00468188,Daylight,480010,264060,77.62906795,E01027247,1,3,0,0,Dry,Single carriageway,None,40,20:28:00,Urban,Fine no high winds,No,26 - 35,4,Urban area,4,1461,None,None,Other/Not known (2005-10),Mid Junction - on roundabout or on main road,,CLIO AUTHENTIQUE DCI 65,Heavy oil,Male,None,No tow/articulation,Did not leave carriageway,0,Turning right,1,Car,No,Front,2020