Accident_Index,1st_Road_Class,1st_Road_Number,2nd_Road_Class,2nd_Road_Number,Accident_Severity,Carriageway_Hazards,Date,Day_of_Week,Did_Police_Officer_Attend_Scene_of_Accident,Junction_Control,Junction_Detail,Latitude,Light_Conditions,Location_Easting_OSGR,Location_Northing_OSGR,Longitude,LSOA_of_Accident_Location,Number_of_Casualties,Number_of_Vehicles,Pedestrian_Crossing-Human_Control,Pedestrian_Crossing-Physical_Facilities,Road_Surface_Conditions,Road_Type,Special_Conditions_at_Site,Speed_limit,Time,Urban_or_Rural_Area,Weather_Conditions,InScotland,Age_Band_of_Driver,Age_of_Vehicle,Driver_Home_Area_Type,Driver_IMD_Decile,Engine_Capacity_.CC.,Hit_Object_in_Carriageway,Hit_Object_off_Carriageway,Journey_Purpose_of_Driver,Junction_Location,make,model,Propulsion_Code,Sex_of_Driver,Skidding_and_Overturning,Towing_and_Articulation,Vehicle_Leaving_Carriageway,Vehicle_Location.Restricted_Lane,Vehicle_Manoeuvre,Vehicle_Reference,Vehicle_Type,Was_Vehicle_Left_Hand_Drive,X1st_Point_of_Impact,Year
20084100E0480,A,602,A,602,Serious,None,22-04-2019,Sunday,1,Give way or uncontrolled,Roundabout,26.4598072,Daylight,524260,222880,74.58422862,E01023786,2,1,0,7,Dry,Dual carriageway,None,40,12:46:00,Urban,Fine no high winds,No,26 - 35,4,Urban area,10,2172,Central island of roundabout,Central crash barrier,Other/Not known (2005-10),Approaching junction or waiting/parked at junction approach,,VECTRA ELEGANCE DTI 16V AUT,Heavy oil,Male,None,No tow/articulation,Offside on to centrl res + rebounded,0,Going ahead other,1,Car,No,Front,2020
200797LA70303,A,82,Unclassified,0,Serious,None,03-10-2020,Thursday,1,Give way or uncontrolled,T or staggered junction,28.60333317,Daylight,242830,674330,77.24577492,,1,2,0,0,Wet or damp,Dual carriageway,None,40,08:20:00,Urban,Fine no high winds,Yes,26 - 35,4,Urban area,NA,1396,None,None,Other/Not known (2005-10),Approaching junction or waiting/parked at junction approach,,ZR+,Petrol,Male,None,No tow/articulation,Did not leave carriageway,0,Going ahead other,2,Car,No,Front,2020
200997UA04609,B,7080,Unclassified,0,Serious,None,04-12-2019,Saturday,2,Give way or uncontrolled,Roundabout,28.64559456,Daylight,234030,636870,77.29294612,,1,2,0,0,Dry,Roundabout,None,40,08:45:00,Rural,Fine no high winds,Yes,26 - 35,4,Urban area,NA,2402,None,None,Journey as part of work,Entering roundabout,,TRANSIT 350 MWB TD,Heavy oil,Male,None,No tow/articulation,Did not leave carriageway,0,Going ahead other,1,Van / Goods 3.5 tonnes mgw or under,No,Nearside,2020
200750F41I272,A,380,Unclassified,0,Serious,None,19-10-2020,Thursday,1,Give way or uncontrolled,T or staggered junction,28.57037766,Daylight,288050,68420,77.06849362,E01020249,1,2,0,0,Dry,Single carriageway,None,40,16:30:00,Rural,Fine no high winds,No,26 - 35,4,Urban area,2,125,None,None,Data missing or out of range,Approaching junction or waiting/parked at junction approach,,,Petrol,Male,None,No tow/articulation,Did not leave carriageway,0,Turning right,2,Motorcycle 125cc and under,No,Front,2021
200742I249406,B,1352,NA,0,Serious,None,08-06-2021,Monday,1,Not at junction or within 20 metres,Not at junction or within 20 metres,18.58409351,Daylight,615360,230640,73.89710712,E01021978,1,1,0,0,Dry,Single carriageway,None,40,17:17:00,Rural,Fine no high winds,No,26 - 35,4,Urban area,2,1596,None,Road sign or traffic signal,Commuting to/from work,Not at or within 20 metres of junction,,STILO 16V ACTIVE A/C,Petrol,Male,Skidded and overturned,No tow/articulation,Offside,0,Going ahead right-hand bend,1,Car,No,Nearside,2021
200842I295608,Unclassified,0,NA,0,Serious,None,31-07-2020,Tuesday,1,Not at junction or within 20 metres,Not at junction or within 20 metres,18.532145,Daylight,544330,198100,73.84820133,E01021774,1,1,0,0,Wet or damp,Single carriageway,None,40,11:25:00,Rural,Fine no high winds,No,26 - 35,4,Small town,9,998,None,Tree,Other/Not known (2005-10),Not at or within 20 metres of junction,,CBR 1000 RR-4,Petrol,Male,Skidded,No tow/articulation,Offside,0,Overtaking moving vehicle - offside,1,Motorcycle over 500cc,No,Front,2021
200914A058909,A,630,Unclassified,0,Serious,None,02-04-2019,Friday,1,Give way or uncontrolled,T or staggered junction,18.61200127,Daylight,450640,397920,73.75041032,E01007540,1,3,0,0,Dry,Single carriageway,None,40,16:58:00,Urban,Fine no high winds,No,26 - 35,4,Urban area,3,125,None,None,Other/Not known (2005-10),Mid Junction - on roundabout or on main road,,XL 125 V-5,Petrol,Male,None,No tow/articulation,Did not leave carriageway,0,Going ahead other,2,Motorcycle 125cc and under,No,Front,2021
200901CW11470,A,4202,Unclassified,0,Serious,None,22-11-2019,Thursday,1,Auto traffic signal,T or staggered junction,14.7581321,Daylight,528430,180030,78.56092411,E01004761,1,2,0,5,Dry,Single carriageway,None,40,17:55:00,Urban,Fine no high winds,No,26 - 35,4,Urban area,2,1896,None,None,Other/Not known (2005-10),Approaching junction or waiting/parked at junction approach,,A3 SE TDI,Heavy oil,Male,None,No tow/articulation,Did not leave carriageway,0,Changing lane to left,1,Car,No,Did not impact,2019
201004CA10036,B,5251,Unclassified,0,Serious,None,18-04-2010,Sunday,1,Give way or uncontrolled,T or staggered junction,53.636852,Daylight,357060,415790,-2.650915,E01024943,1,2,0,0,Dry,Single carriageway,None,40,11:05:00,Rural,Fine no high winds,No,26 - 35,4,Urban area,8,1998,None,None,Other/Not known (2005-10),Mid Junction - on roundabout or on main road,FORD,MONDEO T-IUM X TDCI130 E4,Heavy oil,Male,None,No tow/articulation,Did not leave carriageway,0,Turning right,1,Car,No,Front,2010
201006Q030502,A,663,A,6104,Serious,None,23-04-2010,Friday,1,Auto traffic signal,Crossroads,53.522376,Daylight,389150,402870,-2.165129,E01005345,4,2,0,5,Dry,Dual carriageway,None,40,19:30:00,Urban,Fine no high winds,No,26 - 35,4,Urban area,7,1984,None,None,Other/Not known (2005-10),Mid Junction - on roundabout or on main road,SKODA,OCTAVIA VRS,Petrol,Male,None,No tow/articulation,Did not leave carriageway,0,Going ahead other,2,Car,No,Front,2010
200804CC08043,A,6,Unclassified,0,Serious,None,22-11-2020,Thursday,1,Give way or uncontrolled,Roundabout,15.2577147,Daylight,357220,424600,74.01007653,E01025401,1,2,0,0,Dry,Single carriageway,None,40,07:37:00,Rural,Fine no high winds,No,26 - 35,4,Data missing or out of range,NA,1199,None,None,Journey as part of work,Approaching junction or waiting/parked at junction approach,,CORSA ENERGY 16V,Petrol,Female,None,No tow/articulation,Did not leave carriageway,0,Parked,2,Car,No,Offside,2019
200742I341608,Unclassified,0,Unclassified,0,Serious,None,21-10-2020,Saturday,1,Auto traffic signal,T or staggered junction,8.870929267,Daylight,546080,208800,76.63224452,E01021823,2,2,0,4,Dry,Single carriageway,None,40,18:32:00,Urban,Fine no high winds,No,26 - 35,4,Urban area,10,1149,None,None,Other/Not known (2005-10),Approaching junction or waiting/parked at junction approach,,CLIO EXTREME 2 16V,Petrol,Female,None,No tow/articulation,Did not leave carriageway,0,Turning right,1,Car,No,Front,2020
200845SU21746,A,30,Unclassified,3424,Serious,None,25-01-2021,Saturday,1,Give way or uncontrolled,T or staggered junction,18.57242956,Daylight,486260,160320,73.87087952,E01030793,1,3,0,0,Dry,Single carriageway,None,40,12:24:00,Urban,Fine no high winds,No,26 - 35,4,Rural,8,1796,None,None,Other/Not known (2005-10),Cleared junction or waiting/parked at junction exit,,ZR+,Petrol,Female,None,No tow/articulation,Did not leave carriageway,0,Going ahead other,3,Car,No,Did not impact,2021
200854DN03108,B,4534,Unclassified,0,Serious,None,10-10-2021,Wednesday,1,Auto traffic signal,Crossroads,18.53413776,Daylight,412920,189040,73.86976411,E01015470,4,2,0,5,Dry,Dual carriageway,None,40,12:55:00,Rural,Fine no high winds,No,26 - 35,4,Urban area,8,1686,None,None,Other/Not known (2005-10),Mid Junction - on roundabout or on main road,,ASTRA CLUB CDTI,Heavy oil,Female,None,No tow/articulation,Did not leave carriageway,0,Going ahead other,1,Car,No,Front,2021
200805BB26920,A,5036,A,5036,Serious,None,19-10-2021,Monday,1,Give way or uncontrolled,Roundabout,19.15069379,Daylight,333450,397260,72.86435116,E01006977,1,2,0,0,Dry,Roundabout,None,40,12:48:00,Urban,Fine no high winds,No,26 - 35,4,Urban area,7,1198,None,None,Other/Not known (2005-10),Mid Junction - on roundabout or on main road,,FABIA AMBIENTE 12V HTP,Petrol,Female,None,No tow/articulation,Did not leave carriageway,0,Going ahead right-hand bend,1,Car,No,Offside,2021
201005CC05822,A,580,A,5208,Serious,None,11-10-2010,Monday,1,Auto traffic signal,Crossroads,53.464349,Darkness - lights lit,341850,396760,-2.877384,E01006418,6,2,0,4,Dry,Dual carriageway,None,50,21:17:00,Rural,Fine no high winds,No,16 - 20,4,Urban area,7,1368,None,None,Other/Not known (2005-10),Cleared junction or waiting/parked at junction exit,FIAT,PUNTO DYNAMIC,Petrol,Male,Skidded,No tow/articulation,Did not leave carriageway,0,Turning right,1,Car,No,Nearside,2010
200901CW10777,A,40,NA,0,Serious,None,18-08-2019,Friday,1,Data missing or out of range,Not at junction or within 20 metres,26.73946101,Darkness - lights lit,526410,181690,94.20055324,E01004681,1,2,0,0,Dry,Dual carriageway,None,50,04:19:00,Urban,Fine no high winds,No,16 - 20,4,Urban area,7,998,None,None,Other/Not known (2005-10),Not at or within 20 metres of junction,,YARIS COLOUR COLLECTION,Petrol,Female,None,No tow/articulation,Did not leave carriageway,0,Going ahead other,2,Car,No,Front,2019
20093102D2956,A,60,NA,0,Serious,None,26-02-2020,Monday,2,Data missing or out of range,Not at junction or within 20 metres,23.03615927,Darkness - no lighting,457330,324010,72.55730767,E01028410,1,1,0,0,Wet or damp,Single carriageway,None,50,22:49:00,Rural,Fine no high winds,No,16 - 20,4,Small town,7,1399,None,Entered ditch,Commuting to/from work,Not at or within 20 metres of junction,,FIESTA ZETEC CLIMATE D,Heavy oil,Male,Overturned,No tow/articulation,Nearside,0,Going ahead right-hand bend,1,Car,No,Front,2019
200904BA09146,Unclassified,0,NA,0,Serious,None,19-08-2020,Sunday,1,Data missing or out of range,Not at junction or within 20 metres,12.98411123,Darkness - no lighting,359040,467270,77.65768925,E01025166,1,1,0,0,Dry,Single carriageway,None,50,00:16:00,Rural,Fine no high winds,No,16 - 20,4,Rural,7,1396,None,None,Other/Not known (2005-10),Not at or within 20 metres of junction,,ZR 105 TROPHY SE,Petrol,Male,Skidded and overturned,No tow/articulation,Did not leave carriageway,0,Going ahead other,1,Car,No,Front,2020
200904FL09009,B,6236,NA,0,Serious,None,07-11-2021,Sunday,1,Data missing or out of range,Not at junction or within 20 metres,19.16670449,Darkness - no lighting,377380,424970,72.85489413,E01025395,1,1,0,0,Wet or damp,Single carriageway,None,50,22:30:00,Rural,Fine no high winds,No,16 - 20,4,Urban area,5,1364,None,Other permanent object,Other/Not known (2005-10),Not at or within 20 metres of junction,,ASTRA SXI TWINPORT,Petrol,Male,Skidded,No tow/articulation,Offside and rebounded,0,Going ahead right-hand bend,1,Car,No,Front,2021
200736T070241,A,1101,C,15,Serious,None,23-12-2019,Wednesday,2,Give way or uncontrolled,Crossroads,28.58801401,Darkness - no lighting,548370,306400,77.29499441,E01026661,1,2,0,0,Wet or damp,Single carriageway,None,50,20:30:00,Rural,Raining no high winds,No,16 - 20,4,Urban area,5,1199,None,None,Commuting to/from work,Leaving main road,,CORSA ELEGANCE 16V,Petrol,Female,None,No tow/articulation,Did not leave carriageway,0,Turning right,2,Car,No,Offside,2020
200930B000084,A,624,Unclassified,0,Serious,None,08-06-2019,Friday,1,Give way or uncontrolled,T or staggered junction,22.05338591,Daylight,403280,389050,82.14570965,E01019755,3,3,0,0,Dry,Single carriageway,None,50,15:35:00,Rural,Fine no high winds,No,16 - 20,4,Urban area,9,1240,None,Other permanent object,Commuting to/from work,Approaching junction or waiting/parked at junction approach,,MICRA S AUTO,Petrol,Male,Skidded,No tow/articulation,Offside,0,Overtaking moving vehicle - offside,1,Car,No,Front,2019
200922E903579,A,4137,NA,0,Serious,None,21-07-2020,Sunday,1,Data missing or out of range,Not at junction or within 20 metres,22.72046976,Daylight,353880,224860,75.90841576,E01014059,1,1,0,0,Wet or damp,Single carriageway,None,50,07:35:00,Rural,Fine no high winds,No,16 - 20,4,Urban area,8,1461,None,Other permanent object,Other/Not known (2005-10),Not at or within 20 metres of junction,,CLIO DYNAMIQUE DCI 100,Heavy oil,Male,Overturned,No tow/articulation,Offside,0,Going ahead right-hand bend,1,Car,No,Front,2020
200743N151077,A,413,Unclassified,17,Serious,None,29-12-2019,Monday,1,Give way or uncontrolled,T or staggered junction,22.08758959,Daylight,491440,199250,82.13503252,E01017778,2,2,0,0,Dry,Single carriageway,None,50,13:52:00,Rural,Fine no high winds,No,16 - 20,4,Rural,7,2187,None,None,Journey as part of work,Mid Junction - on roundabout or on main road,,MOVANO DTI 3500 LWB,Heavy oil,Female,None,No tow/articulation,Offside,0,Going ahead other,2,Van / Goods 3.5 tonnes mgw or under,No,Front,2019
200943P063059,A,44,NA,0,Serious,None,05-03-2021,Sunday,1,Data missing or out of range,Not at junction or within 20 metres,14.72089194,Daylight,428240,228180,78.57637908,E01028796,1,1,0,0,Dry,Single carriageway,None,50,12:42:00,Rural,Fine no high winds,No,16 - 20,4,Rural,7,2996,None,Tree,Other/Not known (2005-10),Not at or within 20 metres of junction,,SLK280 AUTO,Petrol,Female,Skidded,No tow/articulation,Nearside,0,Going ahead right-hand bend,1,Car,No,Front,2019
200743P378067,A,4155,NA,0,Serious,None,19-03-2019,Tuesday,1,Data missing or out of range,Not at junction or within 20 metres,28.63983311,Daylight,474070,175910,77.34282398,E01028660,2,2,0,0,Wet or damp,Single carriageway,None,50,18:28:00,Rural,Raining no high winds,No,16 - 20,4,Rural,9,249,None,None,Other/Not known (2005-10),Not at or within 20 metres of junction,,XVS 250,Petrol,Male,None,No tow/articulation,Did not leave carriageway,0,Going ahead other,2,Motorcycle over 125cc and up to 500cc,No,Nearside,2021
20094100K0198,A,10,Unclassified,567,Serious,None,23-08-2021,Saturday,1,Give way or uncontrolled,T or staggered junction,23.02574007,Darkness - lights lit,535800,203560,72.66285701,E01023305,1,1,0,7,Dry,Dual carriageway,Roadworks,50,01:30:00,Urban,Fine no high winds,No,21 - 25,4,Small town,9,11021,Bridge (roof),None,Journey as part of work,Cleared junction or waiting/parked at junction exit,,,Heavy oil,Female,None,No tow/articulation,Did not leave carriageway,0,Going ahead other,1,Goods 7.5 tonnes mgw and over,No,Front,2019
201001RY10032,A,2,NA,0,Serious,None,18-01-2010,Monday,1,Data missing or out of range,Not at junction or within 20 metres,51.448517,Darkness - lights lit,547840,174320,0.126154,E01000349,4,6,0,0,Dry,Dual carriageway,None,50,18:19:00,Urban,Fine no high winds,No,21 - 25,4,Urban area,3,1596,None,None,Other/Not known (2005-10),Not at or within 20 metres of junction,VOLKSWAGEN,BEETLE,Petrol,Female,None,No tow/articulation,Did not leave carriageway,0,Waiting to go - held up,4,Car,No,Back,2010
200804EN08145,B,6246,NA,0,Serious,None,13-04-2021,Wednesday,1,Data missing or out of range,Not at junction or within 20 metres,23.07868504,Darkness - no lighting,372050,438290,72.6324259,E01025351,2,2,0,0,Wet or damp,Single carriageway,None,50,20:00:00,Rural,Fine no high winds,No,21 - 25,4,Urban area,9,1339,None,None,Other/Not known (2005-10),Not at or within 20 metres of junction,,JAZZ SE,Petrol,Female,Skidded,No tow/articulation,Did not leave carriageway,0,Going ahead left-hand bend,1,Car,No,Back,2019
200930A000108,A,608,A,609,Serious,None,17-10-2021,Sunday,1,Auto traffic signal,Crossroads,22.74552024,Daylight,440280,342920,75.89277835,E01019467,3,2,0,4,Wet or damp,Single carriageway,None,50,14:05:00,Rural,Fine + high winds,No,21 - 25,4,Rural,6,1968,None,None,Other/Not known (2005-10),Entering main road,,A6 TDI SE,Heavy oil,Male,None,No tow/articulation,Did not leave carriageway,0,Going ahead other,1,Car,No,Front,2020
200842I023201,A,176,B,148,Serious,None,08-02-2020,Wednesday,1,Give way or uncontrolled,Roundabout,15.18453788,Daylight,569380,189530,73.97821908,E01021279,1,2,0,4,Dry,Dual carriageway,None,50,15:35:00,Urban,Fine no high winds,No,21 - 25,4,Data missing or out of range,NA,1968,None,None,Other/Not known (2005-10),Leaving roundabout,,A3 SPORT TDI,Heavy oil,Male,None,No tow/articulation,Offside on to central reservation,0,Going ahead other,2,Car,No,Nearside,2019
2009160C03210,A,1079,Unclassified,0,Serious,None,09-12-2019,Thursday,1,Give way or uncontrolled,T or staggered junction,26.46712626,Daylight,476390,449140,74.63862416,E01013058,1,2,0,0,Wet or damp,Single carriageway,None,50,08:00:00,Rural,Fine no high winds,No,21 - 25,4,Rural,10,1870,None,None,Journey as part of work,Entering main road,,VIVARO 2900 DI SWB,Heavy oil,Male,None,No tow/articulation,Did not leave carriageway,0,Turning right,1,Van / Goods 3.5 tonnes mgw or under,No,Front,2020
200804EB08026,Unclassified,0,NA,0,Serious,None,07-08-2019,Tuesday,1,Data missing or out of range,Not at junction or within 20 metres,28.55888795,Daylight,370790,422460,77.15279175,E01012617,1,1,0,0,Dry,Single carriageway,None,50,18:15:00,Rural,Fine no high winds,No,21 - 25,4,Urban area,9,599,None,Other permanent object,Other/Not known (2005-10),Not at or within 20 metres of junction,,CBR 600 RR-4,Petrol,Male,None,No tow/articulation,Offside,0,Going ahead other,1,Motorcycle over 500cc,No,Front,2021
200830A000479,A,610,NA,0,Serious,None,14-02-2019,Sunday,1,Data missing or out of range,Not at junction or within 20 metres,18.58109065,Daylight,442690,349210,73.76540258,E01019420,1,1,0,0,Dry,Single carriageway,None,50,07:30:00,Rural,Fine no high winds,No,21 - 25,4,Urban area,4,1149,None,Other permanent object,Other/Not known (2005-10),Not at or within 20 metres of junction,,CLIO DYNAMIQUE 16V,Petrol,Male,Skidded and overturned,No tow/articulation,Nearside and rebounded,0,Going ahead left-hand bend,1,Car,No,Front,2021
201004FB10048,A,6068,NA,0,Serious,None,04-08-2010,Wednesday,1,Data missing or out of range,Not at junction or within 20 metres,53.802393,Daylight,378620,434060,-2.326112,E01024889,1,3,0,0,Dry,Single carriageway,None,50,18:24:00,Rural,Fine no high winds,No,21 - 25,4,Small town,10,1968,None,None,Other/Not known (2005-10),Not at or within 20 metres of junction,VOLKSWAGEN,GOLF GT TDI,Heavy oil,Male,None,No tow/articulation,Did not leave carriageway,0,Going ahead other,2,Car,No,Offside,2010
201043N068100,C,70,NA,0,Serious,None,30-09-2019,Monday,1,Data missing or out of range,Not at junction or within 20 metres,26.46265525,Daylight,478670,211240,74.61272011,E01017679,1,1,0,0,Dry,Single carriageway,None,50,17:25:00,Rural,Fine no high winds,No,21 - 25,4,Urban area,7,1086,None,Other permanent object,Other/Not known (2005-10),Not at or within 20 metres of junction,,GETZ GSI,Petrol,Female,Skidded and overturned,No tow/articulation,Nearside and rebounded,0,Going ahead right-hand bend,1,Car,No,Front,2020
200930C000262,A,61,NA,0,Serious,None,10-06-2020,Wednesday,1,Data missing or out of range,Not at junction or within 20 metres,18.60533847,Daylight,439040,366240,73.89258795,E01019830,1,1,0,8,Dry,Single carriageway,None,50,16:56:00,Urban,Fine no high winds,No,21 - 25,4,Urban area,3,1999,None,None,Other/Not known (2005-10),Not at or within 20 metres of junction,,FIESTA ST,Petrol,Female,None,No tow/articulation,Did not leave carriageway,0,Going ahead other,1,Car,No,Nearside,2021
200805FF28951,A,561,NA,0,Serious,Other object on road,30-01-2019,Wednesday,1,Data missing or out of range,Not at junction or within 20 metres,18.6344389,Daylight,344730,383610,73.81073202,E01006756,4,5,0,0,Wet or damp,Dual carriageway,None,50,14:29:00,Urban,Raining no high winds,No,21 - 25,4,Urban area,1,2521,None,Tree,Commuting to/from work,Not at or within 20 metres of junction,,S40 T5 SE AUTO,Petrol,Male,Overturned,No tow/articulation,Offside on to central reservation,0,Going ahead other,4,Car,No,Front,2021
200842I245307,B,1383,Unclassified,0,Serious,None,15-12-2021,Wednesday,1,Stop sign,T or staggered junction,27.10201015,Daylight,551400,226150,93.60915675,E01022084,1,2,0,0,Wet or damp,Single carriageway,None,50,09:20:00,Rural,Raining no high winds,No,21 - 25,4,Data missing or out of range,NA,124,None,None,Journey as part of work,Approaching junction or waiting/parked at junction approach,,XR 125 L-4,Petrol,Male,None,No tow/articulation,Did not leave carriageway,0,Going ahead other,2,Motorcycle over 125cc and up to 500cc,No,Front,2019
200843P238038,A,34,NA,0,Serious,None,17-07-2019,Friday,1,Data missing or out of range,Not at junction or within 20 metres,14.7515432,Daylight,449010,205700,78.55855233,E01028741,1,2,0,0,Wet or damp,Dual carriageway,None,50,18:00:00,Urban,Raining no high winds,No,21 - 25,4,Urban area,10,998,None,None,Other/Not known (2005-10),Not at or within 20 metres of junction,,YARIS T SPIRIT,Petrol,Female,None,No tow/articulation,Did not leave carriageway,0,Going ahead other,1,Car,No,Front,2019
200901TB00101,A,4,NA,0,Serious,None,05-05-2021,Monday,1,Data missing or out of range,Not at junction or within 20 metres,27.10584004,Darkness - lights lit,507640,176950,93.61807604,E01002447,1,1,0,0,Dry,Dual carriageway,None,50,00:01:00,Urban,Fine no high winds,No,26 - 35,4,Urban area,6,1396,None,Central crash barrier,Other/Not known (2005-10),Not at or within 20 metres of junction,,ZR+ 105,Petrol,Male,None,No tow/articulation,Offside on to centrl res + rebounded,0,Going ahead other,1,Car,No,Front,2019
200843R227038,A,308,NA,0,Serious,None,31-05-2021,Sunday,1,Data missing or out of range,Not at junction or within 20 metres,28.68259949,Darkness - lights lit,497090,175370,77.19327309,E01016596,4,2,0,0,Dry,Single carriageway,None,50,04:40:00,Rural,Fine no high winds,No,26 - 35,4,Urban area,3,1896,None,None,Journey as part of work,Not at or within 20 metres of junction,,ALHAMBRA TDI S,Heavy oil,Male,None,No tow/articulation,Did not leave carriageway,0,Going ahead other,2,Taxi/Private hire car,No,Front,2020
201001SX21144,A,41,Unclassified,0,Serious,None,26-10-2010,Tuesday,1,Give way or uncontrolled,T or staggered junction,51.580912,Darkness - lights lit,522970,188390,-0.226641,E01000314,1,2,0,0,Dry,Dual carriageway,None,50,04:00:00,Urban,Fine no high winds,No,26 - 35,4,Urban area,3,1896,None,None,Other/Not known (2005-10),Cleared junction or waiting/parked at junction exit,FORD,GALAXY ZETEC TDI AUTO,Heavy oil,Male,None,No tow/articulation,Did not leave carriageway,0,Going ahead other,1,Car,No,Back,2010
200801CW10295,A,40,NA,0,Serious,None,04-09-2021,Monday,1,Data missing or out of range,Not at junction or within 20 metres,18.56384286,Darkness - lights lit,526640,181700,73.83411039,E01004685,2,3,0,0,Wet or damp,Dual carriageway,None,50,06:30:00,Urban,Raining + high winds,No,26 - 35,4,Urban area,5,5880,None,None,Journey as part of work,Not at or within 20 metres of junction,,,Heavy oil,Male,None,No tow/articulation,Did not leave carriageway,0,Going ahead other,2,Van / Goods 3.5 tonnes mgw or under,No,Front,2021
201001SX21020,A,406,Unclassified,0,Serious,None,01-10-2010,Friday,1,Give way or uncontrolled,Slip road,51.605474,Darkness - lights lit,527700,191240,-0.157376,E01000184,1,4,0,0,Wet or damp,Single carriageway,None,50,19:00:00,Urban,Raining no high winds,No,26 - 35,4,Urban area,4,1951,None,None,Commuting to/from work,Mid Junction - on roundabout or on main road,LAND ROVER,FREELANDER FREESTYLE TD,Heavy oil,Male,None,No tow/articulation,Did not leave carriageway,0,Slowing or stopping,2,Car,No,Back,2010
2008600FL2008,A,541,NA,0,Serious,None,30-06-2019,Thursday,1,Data missing or out of range,Not at junction or within 20 metres,18.52516155,Darkness - no lighting,327420,360910,73.87765401,W01000309,1,1,0,0,Wet or damp,Single carriageway,None,50,20:25:00,Rural,Fine + high winds,No,26 - 35,4,Rural,NA,1248,None,Other permanent object,Commuting to/from work,Not at or within 20 metres of junction,,CORSA SXI CDTI,Heavy oil,Female,Skidded,No tow/articulation,Nearside,0,Going ahead left-hand bend,1,Car,No,Offside,2021
201043P255080,A,329,NA,0,Serious,None,06-12-2020,Tuesday,1,Data missing or out of range,Not at junction or within 20 metres,18.5891747,Daylight,465560,203540,73.89968195,E01028647,2,2,0,0,Dry,Single carriageway,None,50,13:33:00,Rural,Fine + high winds,No,26 - 35,4,Urban area,10,1986,None,None,Other/Not known (2005-10),Not at or within 20 metres of junction,,A4 SE TDI 140 AUTO,Heavy oil,Male,None,No tow/articulation,Nearside,0,Going ahead left-hand bend,2,Car,No,Offside,2021
200930A000108,A,608,A,609,Serious,None,25-01-2019,Sunday,1,Auto traffic signal,Crossroads,18.53328531,Daylight,440280,342920,73.91649209,E01019467,3,2,0,4,Wet or damp,Single carriageway,None,50,14:05:00,Rural,Fine + high winds,No,26 - 35,4,Urban area,9,1590,None,Other permanent object,Other/Not known (2005-10),Mid Junction - on roundabout or on main road,,CIVIC SPORT,Petrol,Female,None,No tow/articulation,Nearside,0,Going ahead other,2,Car,No,Front,2021
200897KB40203,Motorway,8,NA,0,Serious,None,24-07-2019,Sunday,1,Data missing or out of range,Not at junction or within 20 metres,14.69001445,Daylight,247800,665710,78.59751756,,2,3,0,0,Dry,Dual carriageway,None,50,08:50:00,Urban,Fine no high winds,Yes,26 - 35,4,Data missing or out of range,NA,1896,Parked vehicle,None,Other/Not known (2005-10),Not at or within 20 metres of junction,,OCTAVIA CLASIC TDI,Heavy oil,Male,None,No tow/articulation,Did not leave carriageway,0,Parked,2,Car,No,Back,2019
200845SP23524,A,3044,NA,0,Serious,None,12-06-2019,Thursday,1,Data missing or out of range,Not at junction or within 20 metres,27.10529904,Daylight,504390,172220,93.62459004,E01030734,4,2,0,0,Dry,Single carriageway,None,50,14:30:00,Rural,Fine no high winds,No,26 - 35,4,Urban area,9,2148,None,None,Journey as part of work,Not at or within 20 metres of junction,,VIANO CDI2.2 AMB XLONG A,Heavy oil,Male,Skidded,No tow/articulation,Did not leave carriageway,0,Going ahead other,2,Car,No,Front,2019
200943W005019,A,340,Unclassified,7153,Serious,Previous accident,18-05-2020,Friday,1,Give way or uncontrolled,Crossroads,26.76154796,Daylight,463190,171640,94.18231421,E01016328,6,4,0,0,Wet or damp,Single carriageway,None,50,21:53:00,Rural,Fine no high winds,No,26 - 35,4,Urban area,10,1997,None,None,Other/Not known (2005-10),Entering main road,,407 SW ZENITH HDI,Heavy oil,Male,None,No tow/articulation,Did not leave carriageway,0,Turning right,4,Car,No,Did not impact,2019
200842I254907,A,1235,Unclassified,0,Serious,None,26-10-2019,Tuesday,1,Auto traffic signal,Roundabout,22.74614695,Daylight,570820,189950,75.82612369,E01021268,1,1,0,4,Dry,Roundabout,None,50,21:20:00,Urban,Fine no high winds,No,26 - 35,4,Small town,4,1157,None,None,Other/Not known (2005-10),Mid Junction - on roundabout or on main road,,GSF 1200 SK4,Petrol,Male,Skidded,No tow/articulation,Did not leave carriageway,0,Turning left,1,Motorcycle over 500cc,No,Offside,2020
200943P262069,B,4477,NA,0,Serious,None,01-08-2020,Thursday,1,Data missing or out of range,Not at junction or within 20 metres,28.61762165,Daylight,430430,208750,77.15549658,E01028766,1,1,0,0,Dry,Single carriageway,None,50,15:25:00,Rural,Fine no high winds,No,26 - 35,4,Urban area,10,656,None,None,Other/Not known (2005-10),Not at or within 20 metres of junction,,GSF 650 SK5,Petrol,Male,None,No tow/articulation,Did not leave carriageway,0,Going ahead right-hand bend,1,Motorcycle over 500cc,No,Front,2021