Accident_Index,1st_Road_Class,1st_Road_Number,2nd_Road_Class,2nd_Road_Number,Accident_Severity,Carriageway_Hazards,Date,Day_of_Week,Did_Police_Officer_Attend_Scene_of_Accident,Junction_Control,Junction_Detail,Latitude,Light_Conditions,Location_Easting_OSGR,Location_Northing_OSGR,Longitude,LSOA_of_Accident_Location,Number_of_Casualties,Number_of_Vehicles,Pedestrian_Crossing-Human_Control,Pedestrian_Crossing-Physical_Facilities,Road_Surface_Conditions,Road_Type,Special_Conditions_at_Site,Speed_limit,Time,Urban_or_Rural_Area,Weather_Conditions,InScotland,Age_Band_of_Driver,Age_of_Vehicle,Driver_Home_Area_Type,Driver_IMD_Decile,Engine_Capacity_.CC.,Hit_Object_in_Carriageway,Hit_Object_off_Carriageway,Journey_Purpose_of_Driver,Junction_Location,make,model,Propulsion_Code,Sex_of_Driver,Skidding_and_Overturning,Towing_and_Articulation,Vehicle_Leaving_Carriageway,Vehicle_Location.Restricted_Lane,Vehicle_Manoeuvre,Vehicle_Reference,Vehicle_Type,Was_Vehicle_Left_Hand_Drive,X1st_Point_of_Impact,Year
200743N144107,C,57,Unclassified,259,Serious,None,25-05-2019,Tuesday,1,Give way or uncontrolled,Crossroads,25.55827585,Darkness - no lighting,476470,219030,80.83982285,E01017703,1,2,0,0,Flood over 3cm. deep,Single carriageway,None,60,17:32:00,Rural,Raining no high winds,No,16 - 20,4,Urban area,9,998,None,Entered ditch,Commuting to/from work,Mid Junction - on roundabout or on main road,,CORSA ACTIVE TWINPORT,Petrol,Male,None,No tow/articulation,Nearside,0,Going ahead other,2,Car,No,Offside,2021
200934NW07659,C,6,NA,0,Serious,None,09-05-2021,Friday,1,Data missing or out of range,Not at junction or within 20 metres,26.474327,Darkness - no lighting,484820,273470,80.32541701,E01027119,2,1,0,0,Snow,Single carriageway,None,60,18:30:00,Rural,Snowing no high winds,No,16 - 20,4,Urban area,3,1753,None,None,Other/Not known (2005-10),Not at or within 20 metres of junction,,FOCUS EDGE DIESEL,Heavy oil,Male,Skidded and overturned,No tow/articulation,Offside,0,Going ahead other,1,Car,No,Front,2020
200850A61A160,A,3059,NA,0,Serious,None,04-09-2020,Tuesday,1,Not at junction or within 20 metres,Not at junction or within 20 metres,26.75869512,Daylight,188180,63430,94.20384926,E01019064,1,1,0,0,Wet or damp,Single carriageway,None,60,15:10:00,Rural,Fine + high winds,No,16 - 20,4,Data missing or out of range,NA,600,None,Other permanent object,Data missing or out of range,Not at or within 20 metres of junction,,GSF 600 ZK4,Petrol,Male,None,No tow/articulation,Nearside,0,Going ahead right-hand bend,1,Motorcycle over 500cc,No,Front,2019
201034TW24730,A,510,Unclassified,0,Serious,None,12-11-2019,Friday,1,Give way or uncontrolled,T or staggered junction,14.67325555,Daylight,490890,269710,78.5032076,E01027326,1,3,0,0,Dry,Single carriageway,None,60,13:47:00,Rural,Fine no high winds,No,16 - 20,4,Small town,9,125,None,None,Other/Not known (2005-10),Mid Junction - on roundabout or on main road,,PES 125,Petrol,Male,None,No tow/articulation,Did not leave carriageway,0,Going ahead other,2,Motorcycle 125cc and under,No,Front,2019
201037B045205,Unclassified,5432,Unclassified,5431,Serious,None,01-01-2021,Saturday,1,Give way or uncontrolled,T or staggered junction,25.78417524,Daylight,610720,273190,87.4554699,E01030055,1,3,0,0,Dry,Single carriageway,None,60,14:40:00,Rural,Fine no high winds,No,16 - 20,4,Rural,7,49,None,None,Other/Not known (2005-10),Approaching junction or waiting/parked at junction approach,,SPEEDFIGHT,Petrol,Male,None,No tow/articulation,Did not leave carriageway,0,Going ahead left-hand bend,2,Motorcycle 50cc and under,No,Did not impact,2019
200863DP09808,A,470,NA,0,Serious,None,30-11-2021,Friday,1,Data missing or out of range,Not at junction or within 20 metres,25.7797559,Daylight,302440,254310,87.47581821,W01000438,1,1,0,0,Wet or damp,Single carriageway,None,60,10:58:00,Rural,Fine no high winds,No,16 - 20,4,Data missing or out of range,NA,1587,None,None,Other/Not known (2005-10),Not at or within 20 metres of junction,,C2 VTR AUTO,Petrol,Male,Skidded and overturned,No tow/articulation,Nearside,0,Going ahead left-hand bend,1,Car,No,Did not impact,2019
200991NM07587,B,970,NA,0,Serious,None,08-12-2019,Sunday,1,Data missing or out of range,Not at junction or within 20 metres,25.7651236,Daylight,293640,815470,87.46877553,,1,2,0,0,Dry,Single carriageway,None,60,11:40:00,Rural,Fine no high winds,Yes,16 - 20,4,Small town,NA,125,None,None,Other/Not known (2005-10),Not at or within 20 metres of junction,,CBR 125 R-5,Petrol,Male,None,No tow/articulation,Did not leave carriageway,0,Going ahead left-hand bend,1,Motorcycle 125cc and under,No,Offside,2019
200942I321910,A,120,Unclassified,0,Serious,None,02-11-2019,Friday,1,Give way or uncontrolled,T or staggered junction,25.77091787,Daylight,578350,223470,87.49286114,E01021380,1,4,0,0,Dry,Single carriageway,None,60,08:45:00,Rural,Fine no high winds,No,16 - 20,4,Urban area,8,124,None,None,Commuting to/from work,Approaching junction or waiting/parked at junction approach,,JL 125-11,Petrol,Male,None,No tow/articulation,Did not leave carriageway,0,Going ahead other,1,Motorcycle 125cc and under,No,Front,2019
200905CC33713,Unclassified,0,Unclassified,0,Serious,None,20-04-2021,Monday,1,Give way or uncontrolled,T or staggered junction,22.09951864,Daylight,344080,399580,82.11989693,E01006448,1,2,0,0,Dry,Single carriageway,None,60,20:30:00,Rural,Fine no high winds,No,16 - 20,4,Urban area,1,2401,None,None,Other/Not known (2005-10),Mid Junction - on roundabout or on main road,,S60 D5 S AUTO,Heavy oil,Male,Skidded,No tow/articulation,Did not leave carriageway,0,Going ahead other,1,Car,No,Front,2019
200904CM09172,A,59,B,5247,Serious,None,10-01-2019,Saturday,1,Give way or uncontrolled,Roundabout,8.883000872,Daylight,346210,421400,76.68824139,E01024974,1,1,0,0,Wet or damp,Roundabout,None,60,08:07:00,Rural,Fine no high winds,No,16 - 20,4,Urban area,5,49,None,None,Other/Not known (2005-10),Mid Junction - on roundabout or on main road,,,Petrol,Male,Skidded,No tow/articulation,Did not leave carriageway,0,Going ahead left-hand bend,1,Motorcycle 50cc and under,No,Offside,2020
200937G028044,B,1079,NA,0,Serious,None,12-02-2019,Friday,1,Data missing or out of range,Not at junction or within 20 metres,22.73789104,Daylight,622320,252210,75.84623965,E01030200,1,1,0,0,Dry,Single carriageway,None,60,13:20:00,Rural,Fine no high winds,No,16 - 20,4,Rural,7,124,None,Other permanent object,Other/Not known (2005-10),Not at or within 20 metres of junction,,GPR,Petrol,Male,Skidded,No tow/articulation,Offside,0,Going ahead left-hand bend,1,Motorcycle 125cc and under,No,Front,2020
200937G026761,Unclassified,3219,NA,0,Serious,None,10-03-2021,Sunday,1,Data missing or out of range,Not at junction or within 20 metres,22.72483237,Daylight,624780,239690,75.8810684,E01030197,1,1,0,0,Dry,Single carriageway,None,60,12:50:00,Rural,Fine no high winds,No,16 - 20,4,Urban area,8,599,None,None,Other/Not known (2005-10),Not at or within 20 metres of junction,,CBR 600 RR-5,Petrol,Male,None,No tow/articulation,Did not leave carriageway,0,Overtaking moving vehicle - offside,1,Motorcycle over 500cc,No,Front,2020
200763AC20107,A,484,NA,0,Serious,None,11-03-2021,Saturday,1,Data missing or out of range,Not at junction or within 20 metres,26.46036298,Daylight,246200,201310,74.59239422,,2,2,0,0,Dry,Single carriageway,None,60,18:50:00,Rural,Fine no high winds,No,16 - 20,4,Rural,NA,1998,None,None,Commuting to/from work,Not at or within 20 metres of junction,,AVENSIS T SPIRIT,Petrol,Male,Skidded,No tow/articulation,Did not leave carriageway,0,Going ahead other,2,Car,No,Back,2020
200904AL09128,C,0,Unclassified,0,Serious,None,10-02-2019,Wednesday,1,Give way or uncontrolled,T or staggered junction,28.67189027,Daylight,336090,430450,77.30888913,E01025031,2,1,0,0,Dry,Single carriageway,None,60,20:45:00,Rural,Fine no high winds,No,16 - 20,4,Urban area,6,1396,Bridge (side),Entered ditch,Other/Not known (2005-10),Mid Junction - on roundabout or on main road,,ZR 105,Petrol,Male,None,No tow/articulation,Straight ahead at junction,0,Going ahead other,1,Car,No,Front,2020
20093102B1266,A,616,NA,0,Serious,None,03-06-2019,Tuesday,1,Data missing or out of range,Not at junction or within 20 metres,28.69176447,Daylight,461110,370870,77.09940597,E01028339,2,2,0,0,Dry,Single carriageway,None,60,15:55:00,Rural,Fine no high winds,No,16 - 20,4,Urban area,9,1896,None,Tree,Other/Not known (2005-10),Not at or within 20 metres of junction,,IBIZA SPORT TDI,Heavy oil,Male,Skidded and overturned,No tow/articulation,Nearside,0,Going ahead other,2,Car,No,Front,2020
200906F018926,A,580,B,5232,Serious,None,30-12-2020,Tuesday,2,Auto traffic signal,Crossroads,28.72269996,Daylight,372940,401300,77.29130592,E01005717,1,2,0,0,Dry,Dual carriageway,None,60,18:23:00,Rural,Fine no high winds,No,16 - 20,4,Urban area,8,49,None,None,Other/Not known (2005-10),Approaching junction or waiting/parked at junction approach,,FLY 50,Petrol,Male,None,No tow/articulation,Did not leave carriageway,0,Turning right,2,Motorcycle 50cc and under,No,Front,2021
200854EW26808,B,3089,Unclassified,0,Serious,None,07-01-2019,Saturday,1,Give way or uncontrolled,Private drive or entrance,18.61652482,Daylight,403310,131400,73.85579024,E01032004,1,2,0,0,Dry,Single carriageway,None,60,16:15:00,Rural,Fine no high winds,No,16 - 20,4,Rural,5,NA,None,None,Journey as part of work,Leaving main road,,,Heavy oil,Male,None,No tow/articulation,Did not leave carriageway,0,Turning right,2,Agricultural vehicle,No,Offside,2021
200963DP22309,Unclassified,0,NA,0,Serious,None,31-07-2021,Sunday,1,Data missing or out of range,Not at junction or within 20 metres,18.59228982,Daylight,300050,286310,73.91114461,W01000453,1,2,0,0,Wet or damp,Single carriageway,None,60,12:45:00,Rural,Fine no high winds,No,16 - 20,4,Small town,NA,124,None,None,Journey as part of work,Not at or within 20 metres of junction,,RV 125 K4,Petrol,Male,Skidded,No tow/articulation,Did not leave carriageway,0,Going ahead other,1,Motorcycle over 125cc and up to 500cc,No,Front,2021
200950BU2L010,A,3072,NA,0,Serious,None,17-05-2020,Thursday,1,Not at junction or within 20 metres,Not at junction or within 20 metres,21.96586823,Daylight,223780,105600,83.15766876,E01018959,1,1,0,0,Wet or damp,Single carriageway,None,60,09:30:00,Rural,Fine no high winds,No,16 - 20,4,Small town,5,1870,None,Other permanent object,Journey as part of work,Not at or within 20 metres of junction,,VIVARO 2900 DI SWB,Heavy oil,Male,Skidded and overturned,No tow/articulation,Nearside and rebounded,0,Going ahead right-hand bend,1,Van / Goods 3.5 tonnes mgw or under,No,Offside,2021
200742I104003,Unclassified,0,NA,0,Serious,None,04-10-2021,Saturday,1,Not at junction or within 20 metres,Not at junction or within 20 metres,27.09265294,Daylight,552670,203010,93.61684149,E01021753,2,2,0,0,Dry,Single carriageway,None,60,17:40:00,Rural,Fine no high winds,No,16 - 20,4,Data missing or out of range,NA,1994,None,None,Other/Not known (2005-10),Not at or within 20 metres of junction,,ZR+ TD,Heavy oil,Male,None,No tow/articulation,Did not leave carriageway,0,Going ahead right-hand bend,1,Car,No,Front,2019
200950BU2E002,C,31,NA,0,Serious,None,23-12-2019,Thursday,1,Not at junction or within 20 metres,Not at junction or within 20 metres,27.0982355,Daylight,222760,102990,93.62397619,E01018951,1,2,0,0,Dry,Single carriageway,None,60,13:14:00,Rural,Fine no high winds,No,16 - 20,4,Rural,4,49,None,None,Other/Not known (2005-10),Not at or within 20 metres of junction,,DD 50,Petrol,Male,None,No tow/articulation,Did not leave carriageway,0,Going ahead other,2,Motorcycle 50cc and under,No,Front,2019
200734NC31557,C,29,NA,0,Serious,None,09-10-2020,Sunday,1,Data missing or out of range,Not at junction or within 20 metres,27.09588778,Daylight,490400,292330,93.62379446,E01026979,1,1,0,0,Dry,Single carriageway,None,60,05:30:00,Rural,Fine no high winds,No,16 - 20,4,Rural,7,125,None,Other permanent object,Other/Not known (2005-10),Not at or within 20 metres of junction,,SES 125-3,Petrol,Male,None,No tow/articulation,Nearside,0,Going ahead right-hand bend,1,Motorcycle 125cc and under,No,Front,2019
200843S070058,A,422,NA,0,Serious,None,10-03-2020,Saturday,1,Data missing or out of range,Not at junction or within 20 metres,26.72321368,Daylight,494300,247140,94.17371022,E01016803,1,1,0,0,Dry,Single carriageway,None,60,20:00:00,Rural,Fine no high winds,No,16 - 20,4,Urban area,6,1242,None,Tree,Other/Not known (2005-10),Not at or within 20 metres of junction,,PUNTO ACTIVE 8V,Petrol,Female,None,No tow/articulation,Did not leave carriageway,0,Going ahead right-hand bend,1,Car,No,Front,2019
200811ND17808,B,1198,Unclassified,0,Serious,None,03-09-2019,Sunday,1,Give way or uncontrolled,Crossroads,25.76485491,Daylight,430700,541270,87.46357526,E01020732,3,2,0,0,Dry,Dual carriageway,None,60,20:51:00,Rural,Fine no high winds,No,16 - 20,4,Small town,7,1686,None,Tree,Other/Not known (2005-10),Entering main road,,ASTRA LS DTI,Heavy oil,Female,None,No tow/articulation,Nearside,0,Turning right,1,Car,No,Front,2019
2008170L11938,A,171,A,173,Serious,None,02-11-2020,Wednesday,1,Give way or uncontrolled,Roundabout,25.78623106,Daylight,458350,515710,87.45352536,E01012119,1,2,0,0,Dry,Roundabout,None,60,13:05:00,Rural,Fine no high winds,No,16 - 20,4,Urban area,2,1124,None,None,Other/Not known (2005-10),Mid Junction - on roundabout or on main road,,206 INDEPENDENCE,Petrol,Female,None,No tow/articulation,Did not leave carriageway,0,Going ahead other,1,Car,No,Offside,2019
200932C222509,A,153,NA,0,Serious,None,23-09-2021,Tuesday,1,Data missing or out of range,Not at junction or within 20 metres,28.43522887,Daylight,526460,371340,76.97522829,E01026105,3,3,0,0,Dry,Single carriageway,None,60,09:00:00,Rural,Fine no high winds,No,16 - 20,4,Urban area,9,1198,None,None,Journey as part of work,Not at or within 20 metres of junction,,POLO E 55,Petrol,Female,Skidded,No tow/articulation,Did not leave carriageway,0,Going ahead other,1,Car,No,Front,2019
20093102A0572,A,60,B,6407,Serious,None,03-06-2021,Friday,1,Give way or uncontrolled,T or staggered junction,28.62388404,Daylight,455550,365860,77.10483781,E01028260,3,2,0,0,Dry,Single carriageway,None,60,07:14:00,Rural,Fine no high winds,No,16 - 20,4,Urban area,5,1396,None,None,Other/Not known (2005-10),Leaving main road,,ZR 105,Petrol,Female,None,No tow/articulation,Did not leave carriageway,0,Turning left,1,Car,No,Front,2021
20093102B1652,A,620,Unclassified,0,Serious,None,01-09-2020,Tuesday,1,Give way or uncontrolled,T or staggered junction,18.62453346,Daylight,474630,384800,73.76678247,E01028035,1,2,0,0,Dry,Single carriageway,None,60,18:40:00,Rural,Fine no high winds,No,16 - 20,4,Rural,6,1229,None,None,Other/Not known (2005-10),Entering main road,,CORSA DESIGN TWINPORT,Petrol,Female,None,No tow/articulation,Did not leave carriageway,0,Turning right,1,Car,No,Offside,2021
201034TK18680,A,6,NA,0,Serious,None,05-04-2019,Tuesday,1,Data missing or out of range,Not at junction or within 20 metres,19.06188578,Daylight,477340,285710,72.83144941,E01027129,2,3,0,0,Dry,Single carriageway,None,60,08:25:00,Rural,Fine no high winds,No,16 - 20,4,Urban area,8,1242,None,None,Commuting to/from work,Not at or within 20 metres of junction,,FIESTA STYLE CLIMATE,Petrol,Female,None,No tow/articulation,Did not leave carriageway,0,Going ahead other,3,Car,No,Front,2021
200963DP20609,A,40,NA,0,Serious,Other object on road,04-06-2020,Thursday,1,Data missing or out of range,Not at junction or within 20 metres,23.07841087,Daylight,283760,232440,72.65151303,W01000474,3,2,0,0,Wet or damp,Single carriageway,None,60,08:33:00,Rural,Raining + high winds,No,16 - 20,4,Rural,NA,1461,None,Tree,Commuting to/from work,Not at or within 20 metres of junction,,CLIO EXTREME DCI 65,Heavy oil,Male,None,No tow/articulation,Offside and rebounded,0,Going ahead right-hand bend,2,Car,No,Front,2019
200850BW3N006,B,3314,NA,0,Serious,None,03-01-2020,Thursday,1,Data missing or out of range,Not at junction or within 20 metres,22.97257487,Daylight,197600,78640,72.63588256,E01018963,1,2,0,0,Wet or damp,Single carriageway,None,60,00:12:00,Rural,Raining no high winds,No,16 - 20,4,Rural,4,102,None,None,Other/Not known (2005-10),Not at or within 20 metres of junction,,SCV100F-E,Petrol,Male,None,No tow/articulation,Did not leave carriageway,0,Going ahead other,1,Motorcycle 125cc and under,No,Front,2019
2009160B03840,A,161,NA,0,Serious,None,23-03-2020,Friday,1,Data missing or out of range,Not at junction or within 20 metres,26.46554789,Daylight,477260,400900,74.6000003,E01013251,1,1,0,0,Wet or damp,Single carriageway,None,60,11:12:00,Rural,Raining no high winds,No,16 - 20,4,Rural,7,998,Kerb,Other permanent object,Other/Not known (2005-10),Not at or within 20 metres of junction,,CORSA LIFE TWINPORT,Petrol,Male,Skidded and overturned,No tow/articulation,Nearside,0,Going ahead right-hand bend,1,Car,No,Nearside,2020
2007600AN3032,B,5111,Unclassified,0,Serious,None,17-10-2019,Wednesday,1,Give way or uncontrolled,T or staggered junction,28.54265904,Daylight,242260,385590,77.17575865,,1,2,0,0,Wet or damp,Single carriageway,None,60,15:20:00,Rural,Raining no high winds,No,16 - 20,4,Rural,NA,NA,None,None,Journey as part of work,Entering main road,,,Heavy oil,Male,None,No tow/articulation,Did not leave carriageway,0,Turning left,1,Agricultural vehicle,No,Front,2020
200804CM08022,A,582,NA,0,Serious,None,03-08-2020,Sunday,1,Data missing or out of range,Not at junction or within 20 metres,26.73652446,Darkness - lights lit,355530,425210,94.16966998,E01025417,1,1,0,0,Wet or damp,Single carriageway,None,60,03:00:00,Rural,Fine no high winds,No,21 - 25,4,Urban area,NA,1990,None,Lamp post,Other/Not known (2005-10),Not at or within 20 metres of junction,,,Petrol,Male,Skidded,No tow/articulation,Nearside,0,Going ahead left-hand bend,1,Car,No,Offside,2019
20094100B9460,B,653,C,91,Serious,None,03-08-2020,Thursday,1,Give way or uncontrolled,T or staggered junction,19.13595542,Darkness - lights lit,521750,211980,72.87034863,E01023928,1,2,0,0,Dry,Single carriageway,None,60,17:10:00,Rural,Fine no high winds,No,21 - 25,4,Small town,5,1242,None,None,Other/Not known (2005-10),Entering main road,,FIESTA ZETEC CLIMATE,Petrol,Female,None,No tow/articulation,Did not leave carriageway,0,Turning right,1,Car,No,Offside,2021
200932D014309,A,15,NA,0,Serious,None,03-04-2019,Monday,1,Data missing or out of range,Not at junction or within 20 metres,14.72230948,Darkness - no lighting,500060,364230,78.53487554,E01026190,2,2,0,0,Wet or damp,Single carriageway,None,60,18:20:00,Rural,Fine no high winds,No,21 - 25,4,Urban area,6,2698,None,None,Other/Not known (2005-10),Not at or within 20 metres of junction,,A6 TDI SE,Heavy oil,Male,None,No tow/articulation,Did not leave carriageway,0,Slowing or stopping,2,Car,No,Back,2019
2007557E04448,A,35,NA,0,Serious,None,14-07-2021,Wednesday,1,Not at junction or within 20 metres,Not at junction or within 20 metres,15.19220997,Darkness - no lighting,419250,94540,74.08467637,E01020372,2,1,0,0,Dry,Single carriageway,None,60,04:30:00,Rural,Fine no high winds,No,21 - 25,4,Urban area,5,1794,None,Tree,Other/Not known (2005-10),Not at or within 20 metres of junction,,MR2 ROADSTER VVTI,Petrol,Male,None,No tow/articulation,Offside,0,Going ahead other,1,Car,No,Back,2019
200863AC04008,B,4306,NA,0,Serious,Any animal in carriageway (except ridden horse),07-11-2019,Monday,1,Data missing or out of range,Not at junction or within 20 metres,15.35207634,Darkness - no lighting,256320,205970,73.9879659,W01000699,1,2,0,0,Wet or damp,Single carriageway,None,60,07:40:00,Rural,Fine no high winds,No,21 - 25,4,Rural,NA,2616,None,None,Journey as part of work,Not at or within 20 metres of junction,,RX-8 192 PS,Petrol,Male,None,No tow/articulation,Did not leave carriageway,0,Going ahead other,2,Car,No,Front,2019
200950KN3H013,A,3052,NA,0,Serious,None,18-04-2021,Wednesday,1,Not at junction or within 20 metres,Not at junction or within 20 metres,28.70731685,Darkness - no lighting,324040,91800,77.07361085,E01019949,4,1,0,0,Wet or damp,Single carriageway,None,60,23:35:00,Rural,Fine no high winds,No,21 - 25,4,Rural,8,1598,None,Tree,Other/Not known (2005-10),Not at or within 20 metres of junction,,MINI COOPER S,Petrol,Male,Skidded and overturned,No tow/articulation,Nearside,0,Going ahead right-hand bend,1,Car,No,Front,2020
200963DP00409,A,40,NA,0,Serious,None,28-07-2020,Tuesday,1,Data missing or out of range,Not at junction or within 20 metres,19.17055813,Darkness - no lighting,310660,225050,72.86612824,W01000495,1,1,0,0,Frost or ice,Single carriageway,None,60,20:35:00,Rural,Fine no high winds,No,21 - 25,4,Rural,NA,1086,None,Other permanent object,Other/Not known (2005-10),Not at or within 20 metres of junction,,PICANTO LX,Petrol,Male,Skidded and overturned,No tow/articulation,Nearside,0,Going ahead left-hand bend,1,Car,No,Front,2021
2007600CO2017,B,5106,NA,0,Serious,None,08-12-2019,Sunday,1,Data missing or out of range,Not at junction or within 20 metres,26.72509925,Darkness - no lighting,277620,366080,94.17252049,,1,1,0,0,Wet or damp,Single carriageway,None,60,21:18:00,Rural,Fine no high winds,No,21 - 25,4,Urban area,NA,1598,None,Tree,Commuting to/from work,Not at or within 20 metres of junction,,ASTRA ENVOY 8V AUTO,Petrol,Male,None,No tow/articulation,Offside,0,Going ahead right-hand bend,1,Car,No,Front,2019
200943N165039,A,413,NA,0,Serious,None,05-12-2021,Sunday,1,Data missing or out of range,Not at junction or within 20 metres,25.76313819,Darkness - no lighting,471650,231020,87.46574649,E01017735,2,3,0,0,Dry,Single carriageway,None,60,20:50:00,Rural,Fine no high winds,No,21 - 25,4,Urban area,8,1364,Kerb,Other permanent object,Other/Not known (2005-10),Not at or within 20 metres of junction,,CORSA SRI 16V TWINPORT,Petrol,Female,Skidded and overturned,No tow/articulation,Nearside,0,Going ahead left-hand bend,1,Car,No,Nearside,2019
200742I515212,A,12,NA,0,Serious,None,17-03-2019,Thursday,1,Not at junction or within 20 metres,Not at junction or within 20 metres,8.874649683,Darkness - lights lit,593070,224490,76.61240887,E01021654,2,4,0,0,Dry,Dual carriageway,None,70,07:00:00,Rural,Fine no high winds,No,16 - 20,4,Urban area,3,1461,None,None,Journey as part of work,Not at or within 20 metres of junction,,KANGOO SL17DCI 70,Heavy oil,Male,None,No tow/articulation,Did not leave carriageway,0,Going ahead other,2,Van / Goods 3.5 tonnes mgw or under,No,Front,2020
20093102B2460,A,1,A,1,Serious,None,18-09-2020,Sunday,2,Give way or uncontrolled,Slip road,19.16193106,Darkness - lights lit,481380,355810,72.8457971,E01028353,2,1,0,0,Dry,Dual carriageway,None,70,22:55:00,Rural,Fine no high winds,No,16 - 20,4,Rural,8,1398,Bollard or refuge,Road sign or traffic signal,Commuting to/from work,Leaving main road,,C2 SX HDI,Heavy oil,Female,Skidded,No tow/articulation,Nearside,0,Turning left,1,Car,No,Offside,2021
200942I326010,A,12,NA,0,Serious,None,13-04-2021,Thursday,1,Not at junction or within 20 metres,Not at junction or within 20 metres,28.25670813,Darkness - no lighting,600720,229240,84.72115976,E01021672,1,1,0,0,Dry,Dual carriageway,None,70,22:50:00,Rural,Fine no high winds,No,16 - 20,4,Rural,6,1598,None,Central crash barrier,Other/Not known (2005-10),Not at or within 20 metres of junction,,ASTRA DESIGN,Petrol,Male,Overturned,No tow/articulation,Offside on to central reservation,0,Overtaking - nearside,1,Car,No,Front,2021
201034TW15170,A,45,NA,0,Serious,None,03-04-2020,Wednesday,1,Data missing or out of range,Not at junction or within 20 metres,23.07672635,Darkness - no lighting,486400,263150,72.63507815,E01027324,3,2,0,0,Dry,Dual carriageway,None,70,23:10:00,Rural,Fine no high winds,No,16 - 20,4,Urban area,9,1229,None,None,Other/Not known (2005-10),Not at or within 20 metres of junction,,CORSA LIFE TWINPORT,Petrol,Female,Skidded and overturned,No tow/articulation,Did not leave carriageway,0,Going ahead other,1,Car,No,Front,2019
2009160B02570,A,15,NA,0,Serious,None,31-03-2021,Wednesday,1,Data missing or out of range,Not at junction or within 20 metres,28.58225583,Daylight,502490,418830,77.34260771,E01013257,3,2,0,0,Dry,Dual carriageway,None,70,15:34:00,Rural,Fine no high winds,No,16 - 20,4,Urban area,1,1900,None,None,Other/Not known (2005-10),Not at or within 20 metres of junction,,GOLF TDI SE,Heavy oil,Male,None,No tow/articulation,Did not leave carriageway,0,Parked,2,Car,No,Back,2020
201034TS14890,A,4500,Unclassified,0,Serious,None,09-06-2021,Sunday,1,Give way or uncontrolled,Mini-roundabout,27.08802039,Daylight,468630,259900,93.63144714,E01027286,2,3,0,0,Dry,Dual carriageway,None,70,15:17:00,Rural,Fine no high winds,No,16 - 20,4,Urban area,5,5702,None,None,Journey as part of work,Mid Junction - on roundabout or on main road,,,Heavy oil,Male,None,Single trailer,Did not leave carriageway,0,Turning left,3,Agricultural vehicle,No,Nearside,2019
200943S147109,Motorway,1,NA,0,Serious,None,26-02-2021,Thursday,1,Data missing or out of range,Not at junction or within 20 metres,27.09123793,Daylight,488320,241440,93.61196329,E01016769,3,5,0,0,Dry,Dual carriageway,None,70,15:12:00,Rural,Fine no high winds,No,16 - 20,4,Urban area,5,1995,None,None,Other/Not known (2005-10),Not at or within 20 metres of junction,,520D SE,Heavy oil,Male,None,No tow/articulation,Did not leave carriageway,0,Going ahead other,3,Car,No,Front,2019
20104100A0225,A,414,B,1197,Serious,None,16-03-2019,Monday,1,Give way or uncontrolled,Roundabout,18.62231604,Daylight,533720,212290,73.83241539,E01023476,3,1,0,0,Wet or damp,Roundabout,None,70,16:30:00,Rural,Raining no high winds,No,16 - 20,4,Urban area,9,1896,None,Lamp post,Other/Not known (2005-10),Mid Junction - on roundabout or on main road,,IBIZA FR TDI,Heavy oil,Male,None,No tow/articulation,Nearside,0,Going ahead other,1,Car,No,Front,2021
200943R227099,Motorway,4,NA,0,Serious,None,02-09-2019,Saturday,1,Data missing or out of range,Not at junction or within 20 metres,25.77095735,Darkness - lights lit,502330,178150,87.46213226,E01016481,5,6,0,0,Dry,Dual carriageway,Roadworks,70,23:30:00,Rural,Fine no high winds,No,21 - 25,4,Urban area,NA,1560,None,None,Other/Not known (2005-10),Not at or within 20 metres of junction,,307 SW SE HDI,Heavy oil,Male,None,No tow/articulation,Did not leave carriageway,0,Slowing or stopping,4,Car,No,Back,2019
201037G028879,A,12,Unclassified,3215,Serious,None,01-02-2021,Friday,1,Give way or uncontrolled,Roundabout,8.874348159,Darkness - lights lit,624540,245820,76.65713025,E01030191,1,2,0,0,Wet or damp,Roundabout,None,70,19:15:00,Urban,Fine no high winds,No,21 - 25,4,Small town,9,1753,None,None,Other/Not known (2005-10),Entering roundabout,,FOCUS C-MAX ZETEC TDCI E4,Heavy oil,Male,None,No tow/articulation,Did not leave carriageway,0,Going ahead other,2,Car,No,Nearside,2020
2010400D03375,Motorway,1,NA,0,Serious,None,30-07-2021,Sunday,1,Data missing or out of range,Not at junction or within 20 metres,28.61373588,Darkness - lights lit,496100,237290,77.18526524,E01017379,3,2,0,0,Wet or damp,Dual carriageway,Roadworks,70,17:23:00,Rural,Fine no high winds,No,21 - 25,4,Urban area,9,1968,None,Central crash barrier,Other/Not known (2005-10),Not at or within 20 metres of junction,,A6 S LINE TDI,Heavy oil,Male,None,No tow/articulation,Did not leave carriageway,0,Slowing or stopping,2,Car,No,Back,2020