Accident_Index,1st_Road_Class,1st_Road_Number,2nd_Road_Class,2nd_Road_Number,Accident_Severity,Carriageway_Hazards,Date,Day_of_Week,Did_Police_Officer_Attend_Scene_of_Accident,Junction_Control,Junction_Detail,Latitude,Light_Conditions,Location_Easting_OSGR,Location_Northing_OSGR,Longitude,LSOA_of_Accident_Location,Number_of_Casualties,Number_of_Vehicles,Pedestrian_Crossing-Human_Control,Pedestrian_Crossing-Physical_Facilities,Road_Surface_Conditions,Road_Type,Special_Conditions_at_Site,Speed_limit,Time,Urban_or_Rural_Area,Weather_Conditions,InScotland,Age_Band_of_Driver,Age_of_Vehicle,Driver_Home_Area_Type,Driver_IMD_Decile,Engine_Capacity_.CC.,Hit_Object_in_Carriageway,Hit_Object_off_Carriageway,Journey_Purpose_of_Driver,Junction_Location,make,model,Propulsion_Code,Sex_of_Driver,Skidding_and_Overturning,Towing_and_Articulation,Vehicle_Leaving_Carriageway,Vehicle_Location.Restricted_Lane,Vehicle_Manoeuvre,Vehicle_Reference,Vehicle_Type,Was_Vehicle_Left_Hand_Drive,X1st_Point_of_Impact,Year
201043P036120,A,361,B,4022,Serious,None,24-07-2021,Friday,1,Give way or uncontrolled,T or staggered junction,25.78199862,Daylight,438730,231130,87.49797091,E01028795,3,2,0,0,Dry,Single carriageway,None,60,07:10:00,Rural,Fine no high winds,No,46 - 55,4,Urban area,7,698,None,Tree,Commuting to/from work,Mid Junction - on roundabout or on main road,,FORTWO TRUESTYLE AUTO,Petrol,Male,None,No tow/articulation,Nearside,0,Going ahead other,2,Car,No,Front,2019
200901RG40559,Unclassified,0,Unclassified,0,Serious,None,29-10-2021,Tuesday,1,Give way or uncontrolled,Mini-roundabout,25.78239331,Daylight,540110,177480,87.49820522,E01001580,1,2,0,0,Dry,Single carriageway,None,30,18:13:00,Urban,Fine no high winds,No,46 - 55,4,Urban area,4,1390,None,None,Other/Not known (2005-10),Approaching junction or waiting/parked at junction approach,,A2 TDI 90BHP,Heavy oil,Male,None,No tow/articulation,Did not leave carriageway,0,Going ahead other,1,Car,No,Front,2019
200897KA70503,Unclassified,0,NA,0,Serious,None,19-09-2021,Friday,1,Data missing or out of range,Not at junction or within 20 metres,25.77506878,Daylight,248230,664390,87.45559689,,1,1,0,1,Dry,Single carriageway,None,30,16:00:00,Urban,Fine no high winds,Yes,46 - 55,4,Urban area,NA,1560,None,None,Journey as part of work,Not at or within 20 metres of junction,,307 SW S HDI,Heavy oil,Male,None,No tow/articulation,Did not leave carriageway,0,Going ahead other,1,Taxi/Private hire car,No,Front,2019
200920K063901,A,34,Unclassified,0,Serious,None,15-12-2020,Thursday,2,Auto traffic signal,T or staggered junction,25.77174207,Daylight,404440,294690,87.47451591,E01009974,1,1,0,4,Dry,Dual carriageway,None,30,10:00:00,Urban,Fine no high winds,No,46 - 55,4,Urban area,3,7300,None,None,Journey as part of work,Approaching junction or waiting/parked at junction approach,,,Heavy oil,Male,None,No tow/articulation,Did not leave carriageway,0,Going ahead other,1,Bus or coach (17 or more pass seats),No,Did not impact,2019
201043N185030,C,76,Unclassified,1441,Serious,None,15-04-2019,Wednesday,1,Give way or uncontrolled,T or staggered junction,25.77881369,Daylight,489360,219990,87.45474798,E01017734,1,1,0,0,Dry,Single carriageway,None,60,11:20:00,Rural,Fine no high winds,No,46 - 55,4,Rural,9,1584,None,None,Other/Not known (2005-10),Mid Junction - on roundabout or on main road,,FLSTC HERITAGE SOFTAIL CL,Petrol,Male,Skidded,No tow/articulation,Nearside,0,Going ahead right-hand bend,1,Motorcycle over 500cc,No,Offside,2019
200901SX20818,A,504,Unclassified,0,Serious,None,10-08-2019,Thursday,1,Give way or uncontrolled,Crossroads,22.05432944,Daylight,522790,189170,82.19770871,E01000237,1,2,0,0,Dry,Single carriageway,None,30,17:55:00,Urban,Fine no high winds,No,46 - 55,4,Urban area,6,1896,None,None,Other/Not known (2005-10),Entering main road,,SHARAN SE TDI 130,Heavy oil,Male,None,No tow/articulation,Did not leave carriageway,0,Turning right,2,Car,No,Front,2019
200930C000228,A,621,NA,0,Serious,None,09-04-2019,Sunday,1,Data missing or out of range,Not at junction or within 20 metres,22.05824139,Daylight,428530,376090,82.16995187,E01019770,1,1,0,0,Dry,Single carriageway,None,60,13:25:00,Rural,Fine no high winds,No,46 - 55,4,Urban area,5,1284,None,Other permanent object,Other/Not known (2005-10),Not at or within 20 metres of junction,,CB 1300 SA-5,Petrol,Male,None,No tow/articulation,Nearside,0,Going ahead right-hand bend,1,Motorcycle over 500cc,No,Front,2019
20074100T3093,Motorway,25,NA,0,Serious,None,29-01-2019,Friday,1,Not at junction or within 20 metres,Not at junction or within 20 metres,22.09438025,Daylight,521930,200780,82.19154866,E01023584,2,3,0,0,Dry,Dual carriageway,None,70,16:00:00,Rural,Fine no high winds,No,46 - 55,4,Urban area,10,11962,None,None,Journey as part of work,Not at or within 20 metres of junction,,,Heavy oil,Male,None,Articulated vehicle,Did not leave carriageway,0,Going ahead other,3,Goods 7.5 tonnes mgw and over,No,Front,2019
200737G023014,C,336,Unclassified,3802,Serious,None,11-03-2019,Sunday,1,Give way or uncontrolled,Crossroads,22.04990809,Daylight,639480,256100,82.17744327,E01030199,1,2,0,0,Dry,Single carriageway,None,60,18:33:00,Rural,Fine no high winds,No,46 - 55,4,Urban area,4,790,None,None,Other/Not known (2005-10),Mid Junction - on roundabout or on main road,,BONNEVILLE AMERICA,Petrol,Male,None,No tow/articulation,Did not leave carriageway,0,Slowing or stopping,1,Motorcycle over 500cc,No,Front,2019
201034WS36290,C,24,NA,0,Serious,None,18-06-2020,Thursday,1,Data missing or out of range,Not at junction or within 20 metres,22.10546845,Daylight,481780,260080,82.16205859,E01027273,1,3,0,0,Dry,Single carriageway,None,60,11:48:00,Rural,Fine no high winds,No,46 - 55,4,Rural,9,998,None,None,Other/Not known (2005-10),Not at or within 20 metres of junction,,CORSA LIFE TWINPORT,Petrol,Male,None,No tow/articulation,Did not leave carriageway,0,Going ahead other,3,Car,No,Did not impact,2019
200805BB29099,A,565,Unclassified,0,Serious,None,29-07-2021,Monday,1,Auto traffic signal,More than 4 arms (not roundabout),22.05443401,Daylight,332100,403480,82.18803762,E01007076,3,2,0,5,Wet or damp,Dual carriageway,Auto traffic signal - out,70,13:10:00,Rural,Fine no high winds,No,46 - 55,4,Urban area,4,2402,Kerb,None,Journey as part of work,Mid Junction - on roundabout or on main road,,TXII BRONZE,Heavy oil,Male,Skidded,No tow/articulation,Offside on to central reservation,0,Going ahead other,2,Taxi/Private hire car,No,Front,2019
200897LA00910,A,813,Unclassified,0,Serious,None,14-04-2021,Wednesday,1,Auto traffic signal,T or staggered junction,22.09345207,Daylight,239620,679860,82.15410857,,2,2,0,4,Wet or damp,Single carriageway,None,30,09:30:00,Urban,Fine no high winds,Yes,46 - 55,4,Urban area,NA,1794,None,None,Journey as part of work,Mid Junction - on roundabout or on main road,,AVENSIS T3-X,Petrol,Male,None,No tow/articulation,Did not leave carriageway,0,Going ahead other,1,Car,No,Nearside,2019
201034TS50770,A,508,NA,0,Serious,None,18-05-2020,Monday,1,Data missing or out of range,Not at junction or within 20 metres,22.07249178,Daylight,478050,242200,82.10732313,E01027276,2,3,0,0,Wet or damp,Single carriageway,None,60,11:15:00,Rural,Fine no high winds,No,46 - 55,4,Rural,9,9364,None,None,Journey as part of work,Not at or within 20 metres of junction,,,Heavy oil,Male,None,Articulated vehicle,Did not leave carriageway,0,Going ahead other,2,Goods 7.5 tonnes mgw and over,No,Front,2019
200945GU41764,A,248,NA,0,Serious,None,12-11-2019,Friday,1,Data missing or out of range,Not at junction or within 20 metres,22.09537186,Daylight,500250,146960,82.15385577,E01030479,1,3,0,0,Dry,Single carriageway,None,30,17:11:00,Rural,Fine no high winds,No,46 - 55,4,Urban area,10,1997,None,None,Other/Not known (2005-10),Not at or within 20 metres of junction,,S2000,Petrol,Male,None,No tow/articulation,Did not leave carriageway,0,Moving off,1,Car,No,Front,2019
200842I257007,Unclassified,0,Unclassified,0,Serious,None,30-07-2019,Friday,1,Give way or uncontrolled,Crossroads,15.30909117,Daylight,585420,206330,73.98654426,E01021889,1,1,0,0,Dry,Single carriageway,None,30,18:40:00,Urban,Fine no high winds,No,46 - 55,4,Small town,5,1686,None,None,Other/Not known (2005-10),Mid Junction - on roundabout or on main road,,ASTRA LS CDTI,Heavy oil,Male,None,No tow/articulation,Did not leave carriageway,0,Going ahead other,1,Car,No,Front,2019
20074100C0660,A,4125,Unclassified,103,Serious,None,13-09-2021,Sunday,1,Give way or uncontrolled,T or staggered junction,15.29498121,Daylight,511140,194940,74.05990189,E01023883,1,2,0,4,Dry,Single carriageway,None,30,13:27:00,Urban,Fine no high winds,No,46 - 55,4,Urban area,4,1896,None,None,Other/Not known (2005-10),Entering main road,,PASSAT TDI 4MOTION,Heavy oil,Male,None,No tow/articulation,Did not leave carriageway,0,Turning right,1,Car,No,Offside,2019
200905BB31785,Unclassified,0,Unclassified,0,Serious,None,18-05-2019,Saturday,1,Give way or uncontrolled,T or staggered junction,15.34825836,Daylight,336440,397690,74.12049946,E01007041,1,2,0,0,Dry,Single carriageway,None,30,12:53:00,Urban,Fine no high winds,No,46 - 55,4,Rural,7,1910,None,None,Other/Not known (2005-10),Approaching junction or waiting/parked at junction approach,,ASTRA DESIGN CDTI 120,Heavy oil,Male,None,No tow/articulation,Did not leave carriageway,0,Parked,2,Car,No,Offside,2019
200814A102908,A,638,Unclassified,0,Serious,None,22-01-2020,Tuesday,1,Auto traffic signal,T or staggered junction,15.36195265,Daylight,453370,407840,73.96112205,E01007467,1,1,0,5,Dry,Dual carriageway,None,40,10:04:00,Urban,Fine no high winds,No,46 - 55,4,Urban area,1,9000,None,None,Journey as part of work,Mid Junction - on roundabout or on main road,,,Heavy oil,Male,None,No tow/articulation,Did not leave carriageway,0,Going ahead other,1,Bus or coach (17 or more pass seats),No,Front,2019
200737L014189,A,12,NA,0,Serious,None,16-03-2019,Monday,1,Data missing or out of range,Not at junction or within 20 metres,15.1788493,Daylight,634580,259560,73.9678622,E01030176,2,3,0,0,Dry,Single carriageway,None,50,17:03:00,Rural,Fine no high winds,No,46 - 55,4,Urban area,3,1753,None,None,Commuting to/from work,Not at or within 20 metres of junction,,TRAN CONNECT L 220 TD SWB,Heavy oil,Male,None,No tow/articulation,Did not leave carriageway,0,Going ahead other,2,Van / Goods 3.5 tonnes mgw or under,No,Offside,2019
200943P182039,Unclassified,415,NA,0,Serious,None,14-06-2020,Thursday,1,Data missing or out of range,Not at junction or within 20 metres,15.19012257,Daylight,448250,200850,74.11315621,E01028751,5,2,0,0,Dry,Single carriageway,None,40,16:33:00,Rural,Fine no high winds,No,46 - 55,4,Urban area,4,1868,None,None,Journey as part of work,Not at or within 20 metres of junction,,DISPATCH 815 D ENTERPRISE,Heavy oil,Male,None,No tow/articulation,Did not leave carriageway,0,Going ahead right-hand bend,2,Van / Goods 3.5 tonnes mgw or under,No,Front,2019
200950FP2D022,Unclassified,0,Unclassified,0,Serious,None,11-10-2020,Sunday,1,Give way or uncontrolled,T or staggered junction,15.31410013,Daylight,289100,59120,74.04164074,E01015222,1,3,0,0,Dry,Single carriageway,None,30,14:54:00,Rural,Fine no high winds,No,46 - 55,4,Urban area,4,1229,None,None,Other/Not known (2005-10),Approaching junction or waiting/parked at junction approach,,CORSA SXI TWINPORT,Petrol,Male,None,No tow/articulation,Did not leave carriageway,0,Going ahead other,3,Car,No,Offside,2019
200904EP09003,C,0,Unclassified,0,Serious,None,17-02-2021,Thursday,1,Give way or uncontrolled,T or staggered junction,15.28902437,Daylight,360130,437800,73.96747344,E01025326,1,2,0,0,Dry,Single carriageway,None,30,10:20:00,Rural,Fine no high winds,No,46 - 55,4,Urban area,1,1910,None,None,Journey as part of work,Cleared junction or waiting/parked at junction exit,,VECTRA ENERGY CDTI,Heavy oil,Male,None,No tow/articulation,Did not leave carriageway,0,Moving off,1,Taxi/Private hire car,No,Front,2019
200804AL08222,A,583,Unclassified,0,Serious,None,02-06-2019,Friday,1,Auto traffic signal,Crossroads,15.34548286,Daylight,346140,430490,73.97256433,E01025014,1,2,0,0,Dry,Dual carriageway,None,50,14:10:00,Rural,Fine no high winds,No,46 - 55,4,Urban area,10,1896,None,None,Taking pupil to/from school,Mid Junction - on roundabout or on main road,,GALAXY GHIA TDDI,Heavy oil,Male,None,No tow/articulation,Did not leave carriageway,0,Turning right,2,Car,No,Front,2019
200745WA08591,A,283,C,31,Serious,None,12-02-2021,Saturday,1,Give way or uncontrolled,T or staggered junction,23.01843426,Daylight,495020,138400,72.63824181,E01030941,3,2,0,0,Dry,Single carriageway,None,40,14:26:00,Rural,Fine no high winds,No,46 - 55,4,Urban area,7,2188,None,None,Other/Not known (2005-10),Leaving main road,,ESPACE THE RACE DCI,Heavy oil,Male,None,No tow/articulation,Did not leave carriageway,0,Turning right,1,Car,No,Offside,2019
200750B51H888,A,30,Unclassified,0,Serious,None,25-11-2020,Saturday,1,Give way or uncontrolled,T or staggered junction,28.48878465,Daylight,216870,74630,77.04320296,E01018784,2,2,0,0,Wet or damp,Dual carriageway,None,70,17:20:00,Rural,Fine no high winds,No,46 - 55,4,Urban area,NA,1998,None,None,Data missing or out of range,Mid Junction - on roundabout or on main road,,MONDEO GHIA X TDCI,Heavy oil,Male,None,No tow/articulation,Did not leave carriageway,0,Turning right,1,Car,No,Front,2019
20094100C0992,A,4125,NA,0,Serious,None,15-02-2019,Thursday,1,Not at junction or within 20 metres,Not at junction or within 20 metres,28.49790397,Daylight,510830,194680,77.09724517,E01023883,3,6,0,4,Dry,Single carriageway,None,30,10:00:00,Urban,Fine no high winds,No,46 - 55,4,Data missing or out of range,NA,3498,None,None,Other/Not known (2005-10),Not at or within 20 metres of junction,,CLK350 SPORT AUTO,Petrol,Male,None,No tow/articulation,Did not leave carriageway,0,Parked,3,Car,No,Offside,2019
200904FG09067,C,0,Unclassified,0,Serious,None,25-04-2021,Friday,1,Give way or uncontrolled,Mini-roundabout,13.0354779,Daylight,386060,437620,77.59456421,E01025224,3,2,0,0,Dry,Single carriageway,None,30,07:20:00,Urban,Fine no high winds,No,46 - 55,4,Data missing or out of range,NA,2402,Bollard or refuge,Road sign or traffic signal,Journey as part of work,Entering roundabout,,TRANSIT 350 LWB,Heavy oil,Male,None,No tow/articulation,Nearside,0,Turning right,1,Van / Goods 3.5 tonnes mgw or under,No,Front,2019
200950DE2J014,Unclassified,0,Unclassified,0,Serious,None,11-08-2020,Friday,2,Give way or uncontrolled,T or staggered junction,13.01255101,Daylight,293000,92670,77.67638758,E01019995,1,2,0,0,Dry,Single carriageway,None,30,10:45:00,Urban,Fine no high winds,No,46 - 55,4,Urban area,8,1896,None,None,Other/Not known (2005-10),Mid Junction - on roundabout or on main road,,PASSAT HIGHLINE TDI 130,Heavy oil,Male,None,No tow/articulation,Did not leave carriageway,0,Slowing or stopping,1,Car,No,Back,2020
200934NK08579,A,14,A,509,Serious,None,27-05-2020,Thursday,1,Give way or uncontrolled,Roundabout,12.97338371,Daylight,487580,275730,77.59922431,E01027131,1,2,0,0,Wet or damp,Slip road,None,40,08:30:00,Rural,Fine no high winds,No,46 - 55,4,Urban area,8,1988,None,None,Commuting to/from work,Approaching junction or waiting/parked at junction approach,,IS200 SE,Petrol,Male,None,No tow/articulation,Did not leave carriageway,0,Going ahead other,1,Car,No,Front,2020
200797GE01506,Unclassified,0,NA,,Serious,None,05-11-2020,Thursday,1,Give way or uncontrolled,Other junction,13.01044356,Daylight,258020,664190,77.5499729,,2,2,0,0,Dry,Dual carriageway,None,30,07:40:00,Urban,Fine no high winds,Yes,46 - 55,4,Urban area,NA,1796,None,None,Other/Not known (2005-10),Approaching junction or waiting/parked at junction approach,,TF 135 COOL BLUE,Petrol,Male,None,No tow/articulation,Did not leave carriageway,0,Going ahead other,1,Car,No,Front,2020
201037L017922,B,1123,NA,0,Serious,None,16-06-2019,Thursday,1,Data missing or out of range,Not at junction or within 20 metres,13.03199786,Daylight,629240,280600,77.55584069,E01030053,1,1,0,0,Dry,Single carriageway,None,60,08:00:00,Rural,Fine no high winds,No,46 - 55,4,Small town,9,1998,None,Tree,Commuting to/from work,Not at or within 20 metres of junction,,TRANSIT 330 SWB,Heavy oil,Male,None,No tow/articulation,Offside,0,Going ahead left-hand bend,1,Van / Goods 3.5 tonnes mgw or under,No,Front,2020
2009400B02664,A,603,NA,0,Serious,None,26-02-2021,Friday,1,Data missing or out of range,Not at junction or within 20 metres,8.882284762,Daylight,514490,249170,76.69047218,E01017424,1,2,0,0,Dry,Single carriageway,None,40,07:19:00,Rural,Fine no high winds,No,46 - 55,4,Rural,8,1364,None,None,Commuting to/from work,Not at or within 20 metres of junction,,ASTRA BREEZE,Petrol,Male,None,No tow/articulation,Did not leave carriageway,0,Reversing,1,Car,No,Back,2020
200930B000084,A,624,Unclassified,0,Serious,None,14-10-2021,Friday,1,Give way or uncontrolled,T or staggered junction,8.879994808,Daylight,403280,389050,76.64458263,E01019755,3,3,0,0,Dry,Single carriageway,None,50,15:35:00,Rural,Fine no high winds,No,46 - 55,4,Urban area,10,1794,None,None,Other/Not known (2005-10),Approaching junction or waiting/parked at junction approach,,AVENSIS T3-S,Petrol,Male,None,No tow/articulation,Did not leave carriageway,0,Going ahead right-hand bend,2,Car,No,Front,2020
201043P257080,A,34,NA,0,Serious,None,22-02-2021,Friday,1,Data missing or out of range,Not at junction or within 20 metres,8.869890541,Daylight,448770,186150,76.62734113,E01028729,3,7,0,0,Dry,Dual carriageway,None,70,15:13:00,Rural,Fine no high winds,No,46 - 55,4,Urban area,10,12777,None,Central crash barrier,Journey as part of work,Not at or within 20 metres of junction,,,Heavy oil,Male,Skidded,Articulated vehicle,Offside on to central reservation,0,Going ahead other,1,Goods 7.5 tonnes mgw and over,No,Front,2020
200745RE98432,A,217,NA,0,Serious,None,21-07-2019,Thursday,1,Data missing or out of range,Not at junction or within 20 metres,8.890919392,Daylight,524820,160320,76.6257795,E01030604,1,2,0,0,Wet or damp,Dual carriageway,None,30,09:33:00,Rural,Fine no high winds,No,46 - 55,4,Urban area,5,NA,None,None,Journey as part of work,Not at or within 20 metres of junction,,,Heavy oil,Male,Skidded and overturned,Articulated vehicle,Did not leave carriageway,0,Going ahead other,2,Goods 7.5 tonnes mgw and over,No,Offside,2020
200834TW54368,A,509,C,189,Serious,None,08-03-2021,Tuesday,1,Give way or uncontrolled,T or staggered junction,8.889505695,Daylight,490200,257750,76.66383228,E01027348,1,2,0,0,Dry,Single carriageway,None,60,14:05:00,Rural,Fine no high winds,No,46 - 55,4,Urban area,8,4250,None,None,Journey as part of work,Mid Junction - on roundabout or on main road,,,Heavy oil,Male,None,No tow/articulation,Did not leave carriageway,0,Turning right,1,Goods 7.5 tonnes mgw and over,No,Nearside,2020
200801TX20513,A,4,A,4,Serious,None,12-06-2021,Tuesday,1,Give way or uncontrolled,Roundabout,8.86734644,Daylight,519310,178350,76.63760245,E01002566,1,2,0,0,Dry,Roundabout,None,30,10:20:00,Urban,Fine no high winds,No,46 - 55,4,Data missing or out of range,NA,1781,None,None,Other/Not known (2005-10),Mid Junction - on roundabout or on main road,,A4 T(190) SPORT CVT,Petrol,Male,None,No tow/articulation,Did not leave carriageway,0,Turning left,2,Car,No,Nearside,2020
200897NE70308,Unclassified,0,Unclassified,0,Serious,None,07-09-2020,Monday,1,Give way or uncontrolled,T or staggered junction,22.70948487,Darkness - lights lit,271640,658470,75.89428089,,1,2,0,0,Dry,Single carriageway,None,15,22:25:00,Urban,Fine no high winds,Yes,26 - 35,3,Urban area,NA,102,None,None,Journey as part of work,Approaching junction or waiting/parked at junction approach,,SCV 100 F-5,Petrol,Male,None,No tow/articulation,Did not leave carriageway,0,Going ahead other,2,Motorcycle 125cc and under,No,Front,2020
200850F41B942,Unclassified,0,NA,0,Serious,None,25-01-2021,Saturday,1,Data missing or out of range,Not at junction or within 20 metres,18.5031025,Daylight,287550,71340,73.81799747,E01020211,1,2,0,0,Dry,Single carriageway,None,20,18:01:00,Urban,Fine no high winds,No,16 - 20,3,Urban area,3,1364,None,None,Other/Not known (2005-10),Not at or within 20 metres of junction,,COROLLA CLR C'N D-4D S-A,Heavy oil,Male,None,No tow/articulation,Did not leave carriageway,0,Going ahead other,1,Car,No,Front,2021
200850F41B942,Unclassified,0,NA,0,Serious,None,20-07-2019,Saturday,1,Data missing or out of range,Not at junction or within 20 metres,22.98330283,Daylight,287550,71340,72.58568039,E01020211,1,2,0,0,Dry,Single carriageway,None,20,18:01:00,Urban,Fine no high winds,No,16 - 20,3,Data missing or out of range,NA,1364,None,None,Other/Not known (2005-10),Not at or within 20 metres of junction,,COROLLA CLR C'N D-4D S-A,Heavy oil,Female,None,No tow/articulation,Did not leave carriageway,0,Slowing or stopping,2,Car,No,Front,2019
200906Q014717,Unclassified,0,NA,0,Serious,None,07-02-2020,Wednesday,1,Not at junction or within 20 metres,Not at junction or within 20 metres,19.19240753,Darkness - lights lit,390970,404260,72.83483875,E01005460,1,1,0,0,Dry,One way street,None,20,21:00:00,Urban,Fine no high winds,No,21 - 25,3,Urban area,2,1796,None,None,Other/Not known (2005-10),Not at or within 20 metres of junction,,VECTRA SRI,Petrol,Male,None,No tow/articulation,Did not leave carriageway,0,Going ahead other,1,Car,No,Offside,2021
200943P165039,Unclassified,320,Unclassified,0,Serious,None,01-02-2020,Friday,2,Give way or uncontrolled,Crossroads,14.76629844,Daylight,451550,206500,78.60716807,E01028521,1,1,0,0,Dry,Single carriageway,None,20,09:40:00,Urban,Fine no high winds,No,26 - 35,3,Data missing or out of range,NA,1229,None,None,Other/Not known (2005-10),Mid Junction - on roundabout or on main road,,CORSA SXI,Petrol,Male,None,No tow/articulation,Did not leave carriageway,0,Going ahead other,1,Taxi/Private hire car,No,Front,2019
200820J071302,A,459,Unclassified,0,Serious,None,31-12-2019,Wednesday,1,Give way or uncontrolled,Roundabout,28.5920927,Daylight,396570,283280,77.32024957,E01009806,1,1,0,0,Dry,Dual carriageway,None,20,12:08:00,Urban,Fine no high winds,No,26 - 35,3,Urban area,NA,1997,None,None,Journey as part of work,Leaving roundabout,,BERLINGO M-SPACE DES HDI,Heavy oil,Male,None,No tow/articulation,Did not leave carriageway,0,Going ahead left-hand bend,1,Car,No,Nearside,2020
200806G006108,C,0,Unclassified,0,Serious,None,12-07-2021,Saturday,1,Give way or uncontrolled,Private drive or entrance,28.68391102,Daylight,393170,393640,77.07731448,E01005984,1,1,0,0,Dry,Single carriageway,None,20,12:17:00,Urban,Fine no high winds,No,26 - 35,3,Urban area,6,1248,None,None,Journey as part of work,Entering main road,,COMBO 1700 CDTI 16V,Heavy oil,Male,None,No tow/articulation,Did not leave carriageway,8,Turning left,1,Van / Goods 3.5 tonnes mgw or under,No,Front,2020
200854ES37708,A,36,Unclassified,0,Serious,None,21-01-2021,Thursday,1,Give way or uncontrolled,T or staggered junction,15.3410554,Daylight,414870,130320,74.07076532,E01032014,1,2,0,0,Dry,Single carriageway,None,20,13:55:00,Urban,Fine no high winds,No,36 - 45,3,Urban area,8,1299,None,None,Other/Not known (2005-10),Entering main road,,YARIS COLOUR COLLECTION,Petrol,Female,None,No tow/articulation,Did not leave carriageway,0,Turning right,2,Car,No,Offside,2019
2009160D00670,Unclassified,0,Unclassified,0,Serious,None,01-10-2019,Tuesday,2,Give way or uncontrolled,T or staggered junction,26.47866767,Daylight,515240,430500,80.32511277,E01012842,1,2,0,0,Dry,Single carriageway,None,20,11:20:00,Urban,Fine no high winds,No,46 - 55,3,Urban area,1,4233,None,None,Journey as part of work,Approaching junction or waiting/parked at junction approach,,,Heavy oil,Male,None,No tow/articulation,Did not leave carriageway,0,Parked,2,Agricultural vehicle,No,Back,2020
200997NC02508,Unclassified,0,NA,0,Serious,None,12-03-2020,Saturday,1,Data missing or out of range,Not at junction or within 20 metres,28.57489167,Darkness - lights lit,271380,672570,77.15070822,,1,2,0,0,Wet or damp,Single carriageway,None,30,21:20:00,Rural,Fine + high winds,Yes,16 - 20,3,Urban area,NA,1498,None,None,Commuting to/from work,Not at or within 20 metres of junction,,A150 CLASSIC SE CVT,Petrol,Male,None,No tow/articulation,Did not leave carriageway,0,Going ahead other,1,Car,No,Front,2021
200801ZD76192,Unclassified,0,Unclassified,0,Serious,None,18-05-2021,Saturday,1,Give way or uncontrolled,More than 4 arms (not roundabout),26.75249527,Darkness - lights lit,538130,162220,94.22040418,E01001078,1,2,0,0,Dry,Single carriageway,None,30,18:40:00,Urban,Fine no high winds,No,16 - 20,3,Urban area,2,1598,None,Lamp post,Other/Not known (2005-10),Approaching junction or waiting/parked at junction approach,,SCENIC PRIVILEGE 16V,Petrol,Male,None,No tow/articulation,Nearside,0,Going ahead other,1,Car,No,Front,2019
200906L013630,A,49,NA,0,Serious,None,20-11-2021,Friday,1,Not at junction or within 20 metres,Not at junction or within 20 metres,26.73731647,Darkness - lights lit,357600,408630,94.16901312,E01006233,1,2,0,0,Dry,Single carriageway,None,30,22:47:00,Urban,Fine no high winds,No,16 - 20,3,Data missing or out of range,NA,1229,Kerb,Other permanent object,Other/Not known (2005-10),Not at or within 20 metres of junction,,CORSA SXI TWINPORT,Petrol,Male,Skidded,No tow/articulation,Offside,0,Going ahead left-hand bend,1,Car,No,Nearside,2019
200805DD23487,B,5201,Unclassified,0,Serious,None,24-07-2020,Tuesday,1,Give way or uncontrolled,T or staggered junction,25.77669263,Darkness - lights lit,348740,395710,87.48989462,E01006822,2,2,0,0,Wet or damp,Single carriageway,None,30,20:45:00,Urban,Fine no high winds,No,16 - 20,3,Urban area,5,2204,None,None,Other/Not known (2005-10),Cleared junction or waiting/parked at junction exit,,CR-V I-CTDI EXECUTIVE,Heavy oil,Male,None,No tow/articulation,Did not leave carriageway,0,Turning right,1,Car,No,Front,2019
200820J012602,Unclassified,0,Unclassified,0,Serious,None,12-08-2021,Saturday,1,Give way or uncontrolled,T or staggered junction,22.06547689,Darkness - lights lit,395350,282980,82.15381194,E01009807,1,1,0,0,Dry,Single carriageway,None,30,20:20:00,Urban,Fine no high winds,No,16 - 20,3,Urban area,9,1229,None,None,Journey as part of work,Cleared junction or waiting/parked at junction exit,,CORSA SXI+,Petrol,Male,None,No tow/articulation,Did not leave carriageway,0,Reversing,1,Car,No,Back,2019
200837G024443,A,1071,Unclassified,3005,Serious,None,26-10-2020,Saturday,1,Give way or uncontrolled,T or staggered junction,22.98355648,Darkness - lights lit,616840,244670,72.66384596,E01030010,2,1,0,0,Dry,Single carriageway,None,30,20:47:00,Urban,Fine no high winds,No,16 - 20,3,Urban area,6,124,None,None,Other/Not known (2005-10),Approaching junction or waiting/parked at junction approach,,XR 125 L-5,Petrol,Male,None,No tow/articulation,Did not leave carriageway,0,Going ahead other,1,Motorcycle 125cc and under,No,Front,2019
200804FJ08055,Unclassified,0,Unclassified,0,Serious,None,17-02-2019,Saturday,1,Give way or uncontrolled,Crossroads,23.07026249,Darkness - lights lit,388340,417720,72.57255944,E01025376,5,1,0,0,Frost or ice,Single carriageway,None,30,02:30:00,Urban,Fine no high winds,No,16 - 20,3,Urban area,8,1229,Kerb,Road sign or traffic signal,Other/Not known (2005-10),Cleared junction or waiting/parked at junction exit,,CORSA SXI+ 16V S-A,Petrol,Male,Skidded,No tow/articulation,Nearside and rebounded,0,Going ahead other,1,Car,No,Did not impact,2019