Accident_Index,1st_Road_Class,1st_Road_Number,2nd_Road_Class,2nd_Road_Number,Accident_Severity,Carriageway_Hazards,Date,Day_of_Week,Did_Police_Officer_Attend_Scene_of_Accident,Junction_Control,Junction_Detail,Latitude,Light_Conditions,Location_Easting_OSGR,Location_Northing_OSGR,Longitude,LSOA_of_Accident_Location,Number_of_Casualties,Number_of_Vehicles,Pedestrian_Crossing-Human_Control,Pedestrian_Crossing-Physical_Facilities,Road_Surface_Conditions,Road_Type,Special_Conditions_at_Site,Speed_limit,Time,Urban_or_Rural_Area,Weather_Conditions,InScotland,Age_Band_of_Driver,Age_of_Vehicle,Driver_Home_Area_Type,Driver_IMD_Decile,Engine_Capacity_.CC.,Hit_Object_in_Carriageway,Hit_Object_off_Carriageway,Journey_Purpose_of_Driver,Junction_Location,make,model,Propulsion_Code,Sex_of_Driver,Skidding_and_Overturning,Towing_and_Articulation,Vehicle_Leaving_Carriageway,Vehicle_Location.Restricted_Lane,Vehicle_Manoeuvre,Vehicle_Reference,Vehicle_Type,Was_Vehicle_Left_Hand_Drive,X1st_Point_of_Impact,Year
200945SP46831,C,237,NA,0,Serious,None,19-12-2020,Sunday,1,Data missing or out of range,Not at junction or within 20 metres,26.76499335,Daylight,504410,174590,94.17567013,E01030747,1,2,0,0,Dry,Single carriageway,None,30,13:50:00,Rural,Fine no high winds,No,16 - 20,3,Rural,8,49,None,None,Other/Not known (2005-10),Not at or within 20 metres of junction,,NRG,Petrol,Male,None,No tow/articulation,Did not leave carriageway,0,Going ahead other,2,Motorcycle 50cc and under,No,Front,2019
200920J057802,A,4100,Unclassified,0,Serious,None,30-09-2020,Wednesday,2,Give way or uncontrolled,T or staggered junction,25.7813216,Daylight,393130,286010,87.478256,E01009866,1,2,0,0,Wet or damp,Single carriageway,None,30,08:40:00,Urban,Fine no high winds,No,16 - 20,3,Urban area,5,125,None,None,Commuting to/from work,Cleared junction or waiting/parked at junction exit,,RS 125 11 KW 06,Petrol,Male,None,No tow/articulation,Did not leave carriageway,0,Overtaking moving vehicle - offside,1,Motorcycle 125cc and under,No,Nearside,2019
200742I167905,Unclassified,0,NA,0,Serious,None,27-01-2021,Tuesday,1,Not at junction or within 20 metres,Not at junction or within 20 metres,22.09372229,Daylight,596280,223760,82.18096215,E01021690,1,1,0,8,Dry,Single carriageway,None,30,17:00:00,Urban,Fine no high winds,No,16 - 20,3,Data missing or out of range,NA,1364,None,None,Other/Not known (2005-10),Not at or within 20 metres of junction,,ONE D,Heavy oil,Male,Skidded,No tow/articulation,Did not leave carriageway,0,Going ahead other,1,Car,No,Front,2019
201043P192060,A,4183,Unclassified,0,Serious,None,21-06-2020,Monday,1,Give way or uncontrolled,Private drive or entrance,22.05633841,Daylight,449880,197400,82.13718357,E01028687,1,2,0,0,Dry,Single carriageway,None,30,19:40:00,Urban,Fine no high winds,No,16 - 20,3,Urban area,10,398,None,None,Other/Not known (2005-10),Mid Junction - on roundabout or on main road,,DRZ 400 SM K7,Petrol,Male,None,No tow/articulation,Did not leave carriageway,0,Overtaking static vehicle - offside,1,Motorcycle over 125cc and up to 500cc,No,Front,2019
20094100G0471,B,656,NA,0,Serious,None,23-08-2019,Monday,1,Not at junction or within 20 metres,Not at junction or within 20 metres,22.04954944,Daylight,519280,227280,82.18215081,E01023622,5,3,0,0,Dry,Single carriageway,None,30,14:53:00,Rural,Fine no high winds,No,16 - 20,3,Urban area,10,1598,None,None,Other/Not known (2005-10),Not at or within 20 metres of junction,,GOLF FSI S,Petrol,Male,None,No tow/articulation,Did not leave carriageway,0,Going ahead other,3,Car,No,Front,2019
200920E054101,A,4040,Unclassified,0,Serious,None,03-03-2021,Thursday,1,Give way or uncontrolled,T or staggered junction,15.34627022,Daylight,404420,281370,74.05138105,E01009281,2,2,0,4,Dry,Single carriageway,None,30,11:50:00,Urban,Fine no high winds,No,16 - 20,3,Urban area,10,1229,None,Tree,Other/Not known (2005-10),Cleared junction or waiting/parked at junction exit,,CORSA SXI,Petrol,Male,None,No tow/articulation,Offside,0,Going ahead left-hand bend,1,Car,No,Front,2019
200842I356510,B,1021,NA,0,Serious,None,26-06-2020,Sunday,1,Not at junction or within 20 metres,Not at junction or within 20 metres,23.03400249,Daylight,595900,199870,72.60463726,E01021905,1,2,0,0,Dry,Single carriageway,None,30,16:50:00,Rural,Fine no high winds,No,16 - 20,3,Small town,7,125,None,None,Other/Not known (2005-10),Not at or within 20 metres of junction,,CBR 125 R-5,Petrol,Male,None,No tow/articulation,Did not leave carriageway,0,Going ahead other,2,Motorcycle 125cc and under,No,Front,2019
20093102D1346,A,6007,Unclassified,0,Serious,None,05-11-2020,Monday,1,Give way or uncontrolled,T or staggered junction,28.45344992,Daylight,448890,338970,76.97606352,E01028141,2,2,0,0,Dry,Single carriageway,None,30,08:17:00,Urban,Fine no high winds,No,16 - 20,3,Urban area,6,998,None,None,Other/Not known (2005-10),Mid Junction - on roundabout or on main road,,YZF R1 2006,Petrol,Male,None,No tow/articulation,Did not leave carriageway,0,Going ahead other,1,Motorcycle over 500cc,No,Front,2019
2009400B00350,Unclassified,0,Unclassified,0,Serious,None,14-12-2019,Monday,1,Give way or uncontrolled,Private drive or entrance,12.98612447,Daylight,508090,250970,77.64194202,E01017490,1,2,0,0,Dry,Single carriageway,None,30,10:49:00,Urban,Fine no high winds,No,16 - 20,3,Urban area,3,998,None,None,Other/Not known (2005-10),Leaving main road,,CORSA LIFE TWINPORT S-A,Petrol,Male,None,No tow/articulation,Did not leave carriageway,0,Turning right,1,Car,No,Nearside,2020
200806B092576,A,6010,A,34,Serious,None,22-01-2019,Wednesday,1,Auto traffic signal,Crossroads,13.01974328,Daylight,386050,395260,77.51254222,E01005236,1,2,0,5,Dry,Single carriageway,None,30,18:00:00,Urban,Fine no high winds,No,16 - 20,3,Urban area,10,1198,None,None,Other/Not known (2005-10),Mid Junction - on roundabout or on main road,,POLO S 55,Petrol,Male,None,No tow/articulation,Did not leave carriageway,0,Turning right,1,Car,No,Front,2020
200820G056601,Unclassified,0,NA,0,Serious,None,15-01-2021,Saturday,1,Data missing or out of range,Not at junction or within 20 metres,12.99488026,Daylight,390610,299960,77.6165756,E01010525,1,1,0,0,Dry,Single carriageway,None,30,16:47:00,Urban,Fine no high winds,No,16 - 20,3,Urban area,2,1198,None,None,Other/Not known (2005-10),Not at or within 20 metres of junction,,IBIZA SX,Petrol,Male,None,No tow/articulation,Did not leave carriageway,0,Going ahead other,1,Car,No,Front,2020
200906N019728,A,58,B,6221,Serious,None,01-07-2020,Thursday,1,Auto traffic signal,Crossroads,13.01858337,Daylight,381890,410630,77.65247315,E01004959,1,1,0,0,Dry,Single carriageway,None,30,08:44:00,Urban,Fine no high winds,No,16 - 20,3,Urban area,6,645,Kerb,Near/Offside crash barrier,Other/Not known (2005-10),Leaving main road,,SV 650 K5,Petrol,Male,None,No tow/articulation,Did not leave carriageway,0,Turning right,1,Motorcycle over 125cc and up to 500cc,No,Front,2020
200754DN13407,A,4311,Unclassified,0,Serious,None,07-10-2020,Wednesday,1,Give way or uncontrolled,T or staggered junction,8.882733263,Daylight,415670,187640,76.64032707,E01015543,1,2,0,1,Dry,Single carriageway,None,30,07:35:00,Urban,Fine no high winds,No,16 - 20,3,Small town,10,101,None,None,Other/Not known (2005-10),Approaching junction or waiting/parked at junction approach,,JET 100 - EURO X,Petrol,Male,None,No tow/articulation,Did not leave carriageway,2,Going ahead other,2,Motorcycle 125cc and under,No,Front,2020
200837L015364,B,1117,NA,,Serious,None,02-06-2020,Wednesday,1,Give way or uncontrolled,Private drive or entrance,8.888818608,Daylight,625390,273450,76.63643877,E01030082,1,2,0,0,Dry,Single carriageway,None,30,14:50:00,Rural,Fine no high winds,No,16 - 20,3,Rural,7,125,None,None,Other/Not known (2005-10),Approaching junction or waiting/parked at junction approach,,,Heavy oil,Male,None,No tow/articulation,Offside,0,Overtaking static vehicle - offside,1,Motorcycle 125cc and under,No,Front,2020
200920G029601,Unclassified,0,NA,0,Serious,None,14-11-2021,Sunday,1,Data missing or out of range,Not at junction or within 20 metres,8.879983818,Daylight,390500,299570,76.62415848,E01010527,1,1,0,1,Wet or damp,Single carriageway,None,30,18:00:00,Urban,Fine no high winds,No,16 - 20,3,Urban area,4,1390,None,None,Other/Not known (2005-10),Not at or within 20 metres of junction,,CLIO DYNAMIQUE,Petrol,Male,None,No tow/articulation,Did not leave carriageway,0,Going ahead other,1,Car,No,Front,2020
20104100G0226,Unclassified,331,NA,0,Serious,None,02-01-2020,Thursday,2,Not at junction or within 20 metres,Not at junction or within 20 metres,8.872907413,Daylight,524320,233170,76.69407893,E01023591,1,2,0,0,Dry,Single carriageway,None,30,14:00:00,Urban,Fine no high winds,No,16 - 20,3,Urban area,4,49,None,None,Other/Not known (2005-10),Not at or within 20 metres of junction,,SM 50,Petrol,Male,None,No tow/articulation,Did not leave carriageway,0,Overtaking moving vehicle - offside,2,Motorcycle 50cc and under,No,Nearside,2020
200920K063302,B,4169,Unclassified,0,Serious,None,30-11-2020,Monday,1,Give way or uncontrolled,T or staggered junction,8.866690694,Daylight,398540,286970,76.61433575,E01010006,1,2,0,0,Dry,Single carriageway,None,30,18:00:00,Urban,Fine no high winds,No,16 - 20,3,Urban area,4,636,None,None,Other/Not known (2005-10),Mid Junction - on roundabout or on main road,,ZX 636 C6F,Petrol,Male,None,No tow/articulation,Did not leave carriageway,0,Going ahead other,2,Motorcycle 125cc and under,No,Front,2020
200797NC01706,Unclassified,0,Unclassified,0,Serious,None,03-10-2020,Monday,1,Give way or uncontrolled,T or staggered junction,22.69910773,Daylight,269260,669150,75.83539759,,2,2,0,0,Dry,Single carriageway,None,30,18:55:00,Rural,Fine no high winds,Yes,16 - 20,3,Small town,NA,1951,None,None,Other/Not known (2005-10),Approaching junction or waiting/parked at junction approach,,75 CONSEUR SE CDTI TOUR A,Heavy oil,Male,None,No tow/articulation,Did not leave carriageway,0,Going ahead other,1,Car,No,Front,2020
200963CP09009,Unclassified,0,NA,0,Serious,None,24-09-2019,Wednesday,1,Data missing or out of range,Not at junction or within 20 metres,26.46368444,Daylight,186180,218110,74.60327293,W01000556,1,2,0,0,Wet or damp,Single carriageway,Mud,30,19:07:00,Rural,Fine no high winds,No,16 - 20,3,Rural,NA,49,None,None,Other/Not known (2005-10),Not at or within 20 metres of junction,,LUDIX 10 BLASTER,Petrol,Male,Skidded,No tow/articulation,Did not leave carriageway,0,Going ahead right-hand bend,1,Motorcycle 50cc and under,No,Front,2020
200945WO42726,A,245,Unclassified,0,Serious,None,13-09-2020,Wednesday,1,Give way or uncontrolled,T or staggered junction,28.60075396,Daylight,506820,161240,77.15381665,E01030950,1,2,0,5,Dry,Single carriageway,None,30,11:37:00,Urban,Fine no high winds,No,16 - 20,3,Urban area,9,50,None,None,Other/Not known (2005-10),Approaching junction or waiting/parked at junction approach,,YB 50 QT-9,Petrol,Male,None,No tow/articulation,Did not leave carriageway,0,U-turn,1,Motorcycle 50cc and under,No,Front,2020
200804BC08172,Unclassified,0,NA,0,Serious,None,20-10-2019,Sunday,1,Data missing or out of range,Not at junction or within 20 metres,28.62964448,Daylight,331580,446850,77.09519606,E01025592,1,1,0,0,Dry,Single carriageway,None,30,19:25:00,Urban,Fine no high winds,No,16 - 20,3,Urban area,1,1364,None,None,Other/Not known (2005-10),Not at or within 20 metres of junction,,MERIVA LIFE TWINPORT,Petrol,Male,None,No tow/articulation,Did not leave carriageway,0,Going ahead other,1,Car,No,Front,2020
200897BA04912,A,74,Unclassified,0,Serious,None,01-09-2020,Monday,1,Auto traffic signal,Crossroads,28.6684614,Daylight,262490,663650,77.3701138,,1,1,0,4,Dry,Dual carriageway,None,30,08:05:00,Urban,Fine no high winds,Yes,16 - 20,3,Urban area,NA,1242,None,Central crash barrier,Commuting to/from work,Mid Junction - on roundabout or on main road,,FIESTA STYLE,Petrol,Male,None,No tow/articulation,Offside on to centrl res + rebounded,0,Going ahead other,1,Car,No,Front,2020
200805BB28188,Unclassified,0,NA,0,Serious,None,20-07-2021,Tuesday,2,Data missing or out of range,Not at junction or within 20 metres,28.69815158,Daylight,328500,405970,77.22851464,E01006993,1,2,0,0,Dry,Single carriageway,None,30,09:00:00,Urban,Fine no high winds,No,16 - 20,3,Small town,9,1229,None,None,Taking pupil to/from school,Not at or within 20 metres of junction,,CORSA ACTIVE 16V,Petrol,Male,None,No tow/articulation,Did not leave carriageway,0,Overtaking static vehicle - offside,1,Car,No,Front,2020
200905AA32103,A,554,Unclassified,0,Serious,None,04-05-2020,Sunday,1,Give way or uncontrolled,T or staggered junction,28.62604283,Daylight,332260,390810,77.34109362,E01007273,1,2,0,0,Dry,Single carriageway,None,30,11:25:00,Urban,Fine no high winds,No,16 - 20,3,Urban area,7,124,None,None,Other/Not known (2005-10),Mid Junction - on roundabout or on main road,,YBR 125,Petrol,Male,None,No tow/articulation,Did not leave carriageway,0,Going ahead other,2,Motorcycle 125cc and under,No,Front,2020
2009559C02277,C,0,Unclassified,0,Serious,None,15-06-2019,Wednesday,1,Give way or uncontrolled,Crossroads,28.61415389,Daylight,401770,92590,77.27173204,E01015445,1,2,0,0,Dry,Single carriageway,None,30,20:46:00,Urban,Fine no high winds,No,16 - 20,3,Urban area,7,49,None,None,Other/Not known (2005-10),Mid Junction - on roundabout or on main road,,NRG,Petrol,Male,None,No tow/articulation,Did not leave carriageway,0,Going ahead other,2,Motorcycle 50cc and under,No,Front,2020
20074100J2152,A,5135,NA,,Serious,None,19-09-2020,Saturday,1,Give way or uncontrolled,Private drive or entrance,28.60560883,Daylight,520620,197090,77.11488303,E01023545,1,2,0,0,Dry,Single carriageway,None,30,14:38:00,Urban,Fine no high winds,No,16 - 20,3,Urban area,5,1242,None,Lamp post,Other/Not known (2005-10),Mid Junction - on roundabout or on main road,,PUNTO ACTIVE SPORT 8V,Petrol,Male,Skidded,No tow/articulation,Nearside,0,Going ahead other,1,Car,No,Nearside,2021
200843N238118,Unclassified,7,Unclassified,864,Serious,None,20-09-2021,Monday,1,Give way or uncontrolled,T or staggered junction,28.68827078,Daylight,492770,181740,77.24775672,E01017809,1,2,0,0,Wet or damp,Single carriageway,None,30,10:00:00,Urban,Fine no high winds,No,16 - 20,3,Rural,7,1598,None,None,Other/Not known (2005-10),Mid Junction - on roundabout or on main road,,GOLF FSI S,Petrol,Male,None,No tow/articulation,Did not leave carriageway,0,U-turn,2,Car,No,Front,2021
201037G029918,Unclassified,2205,NA,0,Serious,None,16-09-2020,Sunday,1,Data missing or out of range,Not at junction or within 20 metres,18.50163942,Daylight,618260,243380,73.9576723,E01029995,1,2,0,0,Dry,Single carriageway,None,30,09:59:00,Urban,Fine no high winds,No,16 - 20,3,Urban area,3,125,None,None,Other/Not known (2005-10),Not at or within 20 metres of junction,,APACHE 125,Petrol,Male,None,No tow/articulation,Did not leave carriageway,0,Overtaking static vehicle - offside,1,Motorcycle 125cc and under,No,Front,2021
200801PL69089,A,205,Unclassified,0,Serious,None,23-09-2020,Sunday,1,Give way or uncontrolled,Private drive or entrance,18.63267746,Daylight,535980,173280,73.83523969,E01003316,1,2,0,0,Dry,Single carriageway,None,30,18:55:00,Urban,Fine no high winds,No,16 - 20,3,Rural,8,998,None,None,Other/Not known (2005-10),Leaving main road,,C1 VIBE,Petrol,Male,None,No tow/articulation,Did not leave carriageway,2,Turning right,2,Car,No,Nearside,2021
200804BB08065,Unclassified,0,Unclassified,0,Serious,None,04-01-2021,Monday,1,Give way or uncontrolled,Crossroads,19.13888562,Daylight,342870,463200,72.92636116,E01025113,1,2,0,0,Dry,Single carriageway,None,30,09:34:00,Urban,Fine no high winds,No,16 - 20,3,Urban area,1,49,None,None,Other/Not known (2005-10),Mid Junction - on roundabout or on main road,,202,Petrol,Male,None,No tow/articulation,Did not leave carriageway,0,Going ahead other,2,Motorcycle 50cc and under,No,Front,2021
200934WN17309,A,508,NA,0,Serious,None,07-08-2019,Monday,1,Data missing or out of range,Not at junction or within 20 metres,19.19404218,Daylight,475470,259510,72.82658902,E01027157,1,1,0,0,Dry,Single carriageway,None,30,15:10:00,Urban,Fine no high winds,No,16 - 20,3,Data missing or out of range,NA,1997,None,None,Other/Not known (2005-10),Not at or within 20 metres of junction,,GRAND VITARA TD,Heavy oil,Male,None,No tow/articulation,Did not leave carriageway,0,Going ahead other,1,Car,No,Front,2021
200820E167103,Unclassified,0,Unclassified,0,Serious,None,20-01-2021,Sunday,1,Give way or uncontrolled,T or staggered junction,19.10632923,Daylight,408720,283730,72.88228297,E01009382,2,2,0,4,Frost or ice,Single carriageway,None,30,09:30:00,Urban,Fine no high winds,No,16 - 20,3,Urban area,NA,1896,None,None,Other/Not known (2005-10),Mid Junction - on roundabout or on main road,,A3 SPORT TDI,Heavy oil,Male,None,No tow/articulation,Did not leave carriageway,0,Going ahead other,2,Car,No,Front,2021
200904AN09078,A,586,NA,0,Serious,None,15-12-2019,Wednesday,1,Data missing or out of range,Not at junction or within 20 metres,19.20637716,Daylight,333050,438070,72.88241049,E01012723,1,2,0,0,Dry,Single carriageway,None,30,08:20:00,Urban,Fine no high winds,No,16 - 20,3,Small town,7,1086,None,None,Other/Not known (2005-10),Not at or within 20 metres of junction,,GETZ CDX,Petrol,Male,None,No tow/articulation,Did not leave carriageway,0,Parked,2,Car,No,Back,2021
200901TC00117,C,0,A,13,Serious,None,09-07-2020,Sunday,1,Give way or uncontrolled,Roundabout,14.67591002,Daylight,551690,181550,78.6329349,E01002344,2,1,0,0,Dry,Roundabout,None,30,10:37:00,Rural,Fine no high winds,No,16 - 20,3,Urban area,6,1242,None,None,Other/Not known (2005-10),Mid Junction - on roundabout or on main road,,FIESTA STYLE,Petrol,Male,None,No tow/articulation,Did not leave carriageway,0,Turning left,1,Car,No,Front,2019
200901JI40083,A,118,Unclassified,0,Serious,None,08-11-2019,Friday,1,Give way or uncontrolled,T or staggered junction,14.65996559,Daylight,546290,187390,78.48988895,E01003769,1,1,0,0,Dry,Single carriageway,None,30,16:00:00,Urban,Fine no high winds,No,16 - 20,3,Urban area,5,1242,None,None,Commuting to/from work,Cleared junction or waiting/parked at junction exit,,FIESTA STYLE CLIMATE,Petrol,Male,None,No tow/articulation,Did not leave carriageway,0,Overtaking static vehicle - offside,1,Car,No,Front,2019
201042I226807,Unclassified,0,NA,0,Serious,None,11-04-2021,Wednesday,1,Not at junction or within 20 metres,Not at junction or within 20 metres,27.1048849,Daylight,562260,188090,93.63346786,E01021446,1,2,0,0,Wet or damp,Single carriageway,Auto traffic signal - out,30,17:56:00,Rural,Fine no high winds,No,16 - 20,3,Small town,8,49,None,None,Other/Not known (2005-10),Not at or within 20 metres of junction,,SPEEDFIGHT,Petrol,Male,Skidded,No tow/articulation,Did not leave carriageway,0,Going ahead left-hand bend,1,Motorcycle 50cc and under,No,Offside,2019
200904FA09089,A,682,Unclassified,0,Serious,None,02-04-2020,Saturday,1,Give way or uncontrolled,T or staggered junction,27.10556828,Daylight,384380,432820,93.63112551,E01024858,1,2,0,0,Dry,Single carriageway,None,30,13:57:00,Urban,Fine no high winds,No,16 - 20,3,Data missing or out of range,NA,1242,None,None,Journey as part of work,Approaching junction or waiting/parked at junction approach,,FIESTA STYLE CLIMATE,Petrol,Male,None,No tow/articulation,Did not leave carriageway,0,Turning right,1,Car,No,Nearside,2019
200901CW12532,B,511,Unclassified,0,Serious,None,10-06-2021,Thursday,1,Give way or uncontrolled,Crossroads,26.71991783,Daylight,526450,185510,94.19107784,E01000879,1,2,0,0,Dry,Single carriageway,None,30,09:07:00,Urban,Fine no high winds,No,16 - 20,3,Urban area,6,125,None,None,Journey as part of work,Mid Junction - on roundabout or on main road,,CBR 125 RW-5,Petrol,Male,None,No tow/articulation,Did not leave carriageway,0,Going ahead other,1,Motorcycle 125cc and under,No,Nearside,2019
201001MM70977,C,0,Unclassified,0,Serious,None,10-11-2010,Wednesday,1,Give way or uncontrolled,Roundabout,51.456834,Daylight,532760,174830,-0.090532,E01004070,1,2,0,8,Dry,Roundabout,None,30,09:19:00,Urban,Fine no high winds,No,16 - 20,3,Urban area,5,1390,None,None,Journey as part of work,Mid Junction - on roundabout or on main road,RENAULT,CLIO DYNAMIQUE,Petrol,Male,None,No tow/articulation,Did not leave carriageway,0,Turning right,1,Car,No,Front,2010
201001PY20125,Unclassified,0,Unclassified,0,Serious,None,05-03-2010,Friday,1,Give way or uncontrolled,T or staggered junction,51.368874,Daylight,539430,165220,0.001633,E01000761,1,2,0,0,Dry,Single carriageway,None,30,15:35:00,Urban,Fine no high winds,No,16 - 20,3,Urban area,9,50,None,None,Other/Not known (2005-10),Mid Junction - on roundabout or on main road,APRILIA,SX 50 MY06,Petrol,Male,None,No tow/articulation,Did not leave carriageway,0,Turning right,2,Motorcycle 50cc and under,No,Nearside,2010
201001RY10245,A,207,Unclassified,0,Serious,None,07-06-2010,Monday,1,Give way or uncontrolled,T or staggered junction,51.457685,Daylight,548520,175360,0.136369,E01000360,1,2,0,0,Dry,Single carriageway,None,30,15:00:00,Urban,Fine no high winds,No,16 - 20,3,Data missing or out of range,NA,49,None,None,Other/Not known (2005-10),Mid Junction - on roundabout or on main road,GILERA,DNA 50,Petrol,Male,None,No tow/articulation,Did not leave carriageway,0,Going ahead other,1,Motorcycle 50cc and under,No,Nearside,2010
201001TB00310,C,0,NA,0,Serious,None,28-06-2010,Monday,1,Data missing or out of range,Not at junction or within 20 metres,51.396804,Daylight,537290,168270,-0.027911,E01000770,1,2,0,0,Dry,Single carriageway,None,30,11:26:00,Urban,Fine no high winds,No,16 - 20,3,Urban area,7,124,None,None,Other/Not known (2005-10),Not at or within 20 metres of junction,PIAGGIO,FLY 125,Petrol,Male,None,No tow/articulation,Did not leave carriageway,0,Going ahead other,2,Motorcycle 125cc and under,No,Front,2010
201001TX20373,Unclassified,0,NA,0,Serious,None,16-06-2010,Wednesday,1,Data missing or out of range,Not at junction or within 20 metres,51.465122,Daylight,511400,175240,-0.397706,E01002589,2,2,0,0,Dry,Single carriageway,None,30,17:00:00,Urban,Fine no high winds,No,16 - 20,3,Urban area,10,1229,None,None,Other/Not known (2005-10),Not at or within 20 metres of junction,VAUXHALL,CORSA SXI A/C,Petrol,Male,Skidded,No tow/articulation,Did not leave carriageway,0,Going ahead other,1,Car,No,Front,2010
201001XH30339,Unclassified,0,Unclassified,0,Serious,None,15-05-2010,Saturday,1,Give way or uncontrolled,Private drive or entrance,51.546188,Daylight,505830,184140,-0.475191,E01002515,2,2,0,0,Dry,Single carriageway,None,30,14:02:00,Urban,Fine no high winds,No,16 - 20,3,Urban area,5,599,None,None,Other/Not known (2005-10),Mid Junction - on roundabout or on main road,SUZUKI,GSXR 600 K7 ISLE OF MAN,Petrol,Male,None,No tow/articulation,Did not leave carriageway,0,Going ahead other,2,Motorcycle over 500cc,No,Front,2010
201001ZD30430,A,213,Unclassified,0,Serious,None,25-05-2010,Tuesday,1,Give way or uncontrolled,T or staggered junction,51.391059,Daylight,533110,167520,-0.088242,E01001113,1,2,0,0,Dry,Single carriageway,None,30,19:45:00,Urban,Fine no high winds,No,16 - 20,3,Urban area,6,1364,None,None,Other/Not known (2005-10),Mid Junction - on roundabout or on main road,VAUXHALL,ASTRA SXI,Petrol,Male,None,No tow/articulation,Did not leave carriageway,0,Turning right,1,Car,No,Front,2010
201004EA10099,A,674,B,6447,Serious,None,03-05-2010,Monday,1,Auto traffic signal,Crossroads,53.740643,Daylight,366630,427260,-2.507421,E01012584,1,1,0,5,Dry,Single carriageway,None,30,17:58:00,Urban,Fine no high winds,No,16 - 20,3,Urban area,2,1587,None,Road sign or traffic signal,Other/Not known (2005-10),Cleared junction or waiting/parked at junction exit,PEUGEOT,307 S SEMI-AUTO,Petrol,Male,None,No tow/articulation,Nearside and rebounded,0,Turning right,1,Car,No,Front,2010
201004EL10112,B,6234,Unclassified,0,Serious,None,21-09-2010,Tuesday,1,Give way or uncontrolled,T or staggered junction,53.744714,Daylight,371610,427680,-2.431958,E01025080,1,2,0,0,Dry,Single carriageway,None,30,08:15:00,Urban,Fine no high winds,No,16 - 20,3,Urban area,4,124,None,None,Journey as part of work,Approaching junction or waiting/parked at junction approach,YAMAHA,YBR 125,Petrol,Male,Skidded,No tow/articulation,Did not leave carriageway,0,Going ahead other,2,Motorcycle 125cc and under,No,Front,2010
201004EM10023,Unclassified,0,NA,0,Serious,None,20-05-2010,Thursday,1,Data missing or out of range,Not at junction or within 20 metres,53.779022,Daylight,374580,431480,-2.387239,E01025048,1,3,0,0,Dry,Single carriageway,None,30,18:26:00,Urban,Fine no high winds,No,16 - 20,3,Rural,8,124,None,None,Other/Not known (2005-10),Not at or within 20 metres of junction,YAMAHA,YBR 125,Petrol,Male,None,No tow/articulation,Did not leave carriageway,0,Going ahead right-hand bend,1,Motorcycle 125cc and under,No,Front,2010
201006B031988,A,34,A,34,Serious,None,30-05-2010,Sunday,1,Auto traffic signal,Crossroads,53.470301,Daylight,384350,397090,-2.237239,E01005066,1,1,0,5,Wet or damp,Single carriageway,Roadworks,30,20:20:00,Urban,Fine no high winds,No,16 - 20,3,Urban area,5,2148,None,None,Journey as part of work,Approaching junction or waiting/parked at junction approach,MERCEDES,SPRINTER 311 CDI MWB,Heavy oil,Male,None,No tow/articulation,Did not leave carriageway,0,Reversing,1,Van / Goods 3.5 tonnes mgw or under,No,Back,2010
201006K038332,C,0,Unclassified,0,Serious,None,10-10-2010,Sunday,1,Give way or uncontrolled,T or staggered junction,53.545692,Daylight,372840,405530,-2.411366,E01004862,3,3,0,0,Dry,Single carriageway,None,30,16:15:00,Urban,Fine no high winds,No,16 - 20,3,Urban area,3,1753,None,None,Other/Not known (2005-10),Approaching junction or waiting/parked at junction approach,FORD,FOCUS STYLE DIESEL,Heavy oil,Male,None,No tow/articulation,Did not leave carriageway,0,Parked,3,Car,No,Offside,2010
201011NI08410,C,100,Unclassified,0,Serious,None,01-04-2010,Thursday,1,Give way or uncontrolled,T or staggered junction,54.853334,Daylight,411200,550960,-1.827074,E01020641,1,2,0,0,Dry,Single carriageway,None,30,17:19:00,Urban,Fine no high winds,No,16 - 20,3,Urban area,3,49,None,None,Other/Not known (2005-10),Mid Junction - on roundabout or on main road,PIAGGIO,NRG,Petrol,Male,Skidded,No tow/articulation,Did not leave carriageway,0,Overtaking moving vehicle - offside,1,Motorcycle 50cc and under,No,Front,2010
201037G029987,Unclassified,3210,NA,0,Serious,None,02-03-2021,Tuesday,1,Data missing or out of range,Not at junction or within 20 metres,27.10515207,Daylight,622540,245130,93.618577,E01030182,1,2,0,4,Dry,Single carriageway,None,30,08:30:00,Rural,Fine no high winds,No,16 - 20,3,Urban area,10,1490,None,None,Journey as part of work,Not at or within 20 metres of junction,,SWIFT VVTS GLX,Petrol,Female,None,No tow/articulation,Did not leave carriageway,0,Going ahead other,2,Car,No,Front,2019
200914B065309,Unclassified,0,Unclassified,0,Serious,None,18-08-2020,Tuesday,1,Give way or uncontrolled,T or staggered junction,22.07392138,Daylight,425480,402960,82.12851491,E01007430,1,2,0,0,Dry,Single carriageway,None,30,18:45:00,Rural,Fine no high winds,No,16 - 20,3,Small town,9,1229,None,None,Other/Not known (2005-10),Leaving main road,,CORSA CLUB,Petrol,Female,None,No tow/articulation,Did not leave carriageway,0,Turning right,1,Car,No,Front,2019