Accident_Index,1st_Road_Class,1st_Road_Number,2nd_Road_Class,2nd_Road_Number,Accident_Severity,Carriageway_Hazards,Date,Day_of_Week,Did_Police_Officer_Attend_Scene_of_Accident,Junction_Control,Junction_Detail,Latitude,Light_Conditions,Location_Easting_OSGR,Location_Northing_OSGR,Longitude,LSOA_of_Accident_Location,Number_of_Casualties,Number_of_Vehicles,Pedestrian_Crossing-Human_Control,Pedestrian_Crossing-Physical_Facilities,Road_Surface_Conditions,Road_Type,Special_Conditions_at_Site,Speed_limit,Time,Urban_or_Rural_Area,Weather_Conditions,InScotland,Age_Band_of_Driver,Age_of_Vehicle,Driver_Home_Area_Type,Driver_IMD_Decile,Engine_Capacity_.CC.,Hit_Object_in_Carriageway,Hit_Object_off_Carriageway,Journey_Purpose_of_Driver,Junction_Location,make,model,Propulsion_Code,Sex_of_Driver,Skidding_and_Overturning,Towing_and_Articulation,Vehicle_Leaving_Carriageway,Vehicle_Location.Restricted_Lane,Vehicle_Manoeuvre,Vehicle_Reference,Vehicle_Type,Was_Vehicle_Left_Hand_Drive,X1st_Point_of_Impact,Year
200920L110501,Unclassified,0,Unclassified,0,Serious,None,05-06-2021,Wednesday,1,Give way or uncontrolled,T or staggered junction,27.08896382,Daylight,410690,276140,93.63176324,E01010182,1,2,0,0,Dry,Single carriageway,None,40,15:40:00,Rural,Fine no high winds,No,21 - 25,3,Urban area,7,1992,None,None,Other/Not known (2005-10),Mid Junction - on roundabout or on main road,,B180 CDI SE CVT,Heavy oil,Male,None,No tow/articulation,Did not leave carriageway,0,Going ahead other,2,Car,No,Front,2019
200745RE12562,A,217,Unclassified,1182,Serious,None,06-08-2019,Saturday,1,Give way or uncontrolled,T or staggered junction,26.76531901,Daylight,526220,152370,94.18709636,E01030625,2,2,0,0,Dry,Single carriageway,None,40,08:25:00,Rural,Fine no high winds,No,21 - 25,3,Rural,6,1995,None,None,Other/Not known (2005-10),Approaching junction or waiting/parked at junction approach,,COROLLA T3 D4D,Heavy oil,Male,None,No tow/articulation,Did not leave carriageway,0,Turning right,2,Car,No,Front,2019
200901XH30795,A,40,NA,0,Serious,None,31-07-2020,Tuesday,1,Data missing or out of range,Not at junction or within 20 metres,22.96888298,Daylight,510920,184500,72.51538758,E01002499,1,2,0,0,Dry,Dual carriageway,None,40,08:40:00,Urban,Fine no high winds,No,21 - 25,3,Small town,7,2720,None,None,Journey as part of work,Not at or within 20 metres of junction,,DISCOVERY TDV6,Heavy oil,Male,None,No tow/articulation,Did not leave carriageway,0,Changing lane to left,1,Car,No,Nearside,2019
200742I049501,A,1160,NA,0,Serious,None,09-11-2020,Tuesday,1,Not at junction or within 20 metres,Not at junction or within 20 metres,22.76181918,Daylight,588510,185910,75.87516282,E01015895,1,1,0,0,Dry,Dual carriageway,None,40,11:07:00,Urban,Fine no high winds,No,21 - 25,3,Rural,6,487,Kerb,Central crash barrier,Other/Not known (2005-10),Not at or within 20 metres of junction,,GS 500 K3,Petrol,Male,Skidded,No tow/articulation,Offside on to centrl res + rebounded,0,Going ahead left-hand bend,1,Motorcycle over 125cc and up to 500cc,No,Offside,2020
200742I196905,A,130,Unclassified,0,Serious,None,19-05-2021,Thursday,1,Give way or uncontrolled,Roundabout,26.4779357,Daylight,577580,184130,80.2811316,E01021503,1,1,0,0,Dry,Dual carriageway,None,40,18:26:00,Rural,Fine no high winds,No,21 - 25,3,Urban area,6,599,None,Central crash barrier,Other/Not known (2005-10),Approaching junction or waiting/parked at junction approach,,,Petrol,Male,Skidded,No tow/articulation,Offside on to central reservation,0,Slowing or stopping,1,Motorcycle over 500cc,No,Front,2020
200914C068309,A,631,A,618,Serious,None,09-01-2019,Tuesday,1,Auto traffic signal,Crossroads,28.5981737,Daylight,444430,390200,77.16998567,E01007813,1,3,0,8,Dry,Dual carriageway,None,40,07:12:00,Urban,Fine no high winds,No,21 - 25,3,Urban area,3,1560,None,None,Journey as part of work,Approaching junction or waiting/parked at junction approach,,FOCUS STUDIO TDCI,Heavy oil,Male,None,No tow/articulation,Did not leave carriageway,0,Going ahead other,3,Car,No,Did not impact,2021
200897KA70404,Motorway,8,NA,0,Serious,None,24-07-2021,Wednesday,1,Data missing or out of range,Not at junction or within 20 metres,19.10563994,Daylight,248210,665950,72.93285771,,2,3,0,0,Dry,Dual carriageway,None,40,16:40:00,Urban,Fine no high winds,Yes,21 - 25,3,Urban area,NA,1686,None,Central crash barrier,Journey as part of work,Not at or within 20 metres of junction,,ASTRA LIFE CDTI,Heavy oil,Male,None,No tow/articulation,Did not leave carriageway,0,Going ahead other,3,Car,No,Nearside,2021
200901TC00080,A,13,NA,0,Serious,None,03-11-2019,Friday,1,Data missing or out of range,Not at junction or within 20 metres,27.09900034,Daylight,546670,183660,93.61360049,E01000096,2,4,0,0,Dry,Dual carriageway,None,40,08:30:00,Urban,Fine no high winds,No,21 - 25,3,Urban area,3,2461,None,None,Other/Not known (2005-10),Not at or within 20 metres of junction,,CRAFTER CR35 109 LWB,Heavy oil,Male,None,No tow/articulation,Did not leave carriageway,0,Going ahead other,3,Van / Goods 3.5 tonnes mgw or under,No,Front,2019
200842I421411,A,13,B,1017,Serious,None,30-09-2021,Tuesday,1,Give way or uncontrolled,Roundabout,15.20964117,Daylight,592700,186500,73.97887698,E01015914,1,1,0,0,Wet or damp,Single carriageway,None,40,15:50:00,Urban,Fine no high winds,No,21 - 25,3,Urban area,4,124,None,None,Other/Not known (2005-10),Entering roundabout,,,Petrol,Female,None,No tow/articulation,Did not leave carriageway,0,Going ahead other,1,Motorcycle 125cc and under,No,Nearside,2019
201004CJ10044,Unclassified,0,Unclassified,0,Serious,None,12-05-2010,Wednesday,1,Give way or uncontrolled,T or staggered junction,53.561026,Daylight,347540,407450,-2.793478,E01025522,3,2,0,0,Dry,Single carriageway,None,40,14:18:00,Rural,Fine no high winds,No,21 - 25,3,Urban area,3,1299,None,None,Other/Not known (2005-10),Entering main road,FORD,KA STYLE,Petrol,Female,Skidded,No tow/articulation,Did not leave carriageway,0,Turning right,1,Car,No,Front,2010
201005AA03731,A,552,NA,0,Serious,None,08-06-2010,Tuesday,1,Data missing or out of range,Not at junction or within 20 metres,53.369406,Daylight,327760,386390,-3.087204,E01007251,1,1,0,4,Dry,Dual carriageway,None,40,18:00:00,Rural,Fine no high winds,No,21 - 25,3,Urban area,10,1349,None,None,Commuting to/from work,Not at or within 20 metres of junction,MAZDA,2 TS2,Petrol,Female,None,No tow/articulation,Did not leave carriageway,0,Going ahead other,1,Car,No,Nearside,2010
201037B046369,A,143,C,541,Serious,None,23-11-2020,Monday,1,Give way or uncontrolled,Crossroads,14.66238945,Daylight,599250,274120,78.60565856,E01030096,2,3,0,0,Frost or ice,Single carriageway,None,40,10:55:00,Rural,Fog or mist,No,21 - 25,3,Rural,7,1598,None,None,Journey as part of work,Approaching junction or waiting/parked at junction approach,,ASTRA SXI,Petrol,Male,None,No tow/articulation,Did not leave carriageway,0,Waiting to go - held up,2,Car,No,Back,2019
20093102B2628,B,6034,Unclassified,0,Serious,None,24-04-2019,Thursday,1,Give way or uncontrolled,Private drive or entrance,28.55641595,Daylight,463900,365130,77.11773388,E01028295,1,2,0,0,Wet or damp,Single carriageway,None,40,16:40:00,Rural,Other,No,21 - 25,3,Small town,3,1360,None,None,Commuting to/from work,Cleared junction or waiting/parked at junction exit,,206 VERVE,Petrol,Male,None,No tow/articulation,Did not leave carriageway,0,Going ahead other,2,Car,No,Back,2020
200963DP25709,A,470,NA,0,Serious,None,11-04-2021,Thursday,1,Data missing or out of range,Not at junction or within 20 metres,26.7213976,Daylight,302520,288030,94.17074842,W01000453,1,2,0,0,Wet or damp,Single carriageway,None,40,15:50:00,Rural,Raining no high winds,No,21 - 25,3,Rural,NA,12130,None,Other permanent object,Other/Not known (2005-10),Not at or within 20 metres of junction,,,Heavy oil,Male,Skidded,No tow/articulation,Nearside,0,Going ahead left-hand bend,1,Goods 7.5 tonnes mgw and over,No,Offside,2019
200801JI76217,A,12,B,192,Serious,None,04-03-2020,Saturday,1,Auto traffic signal,Crossroads,28.41125165,Daylight,542880,188420,77.00086675,E01003696,1,1,0,4,Wet or damp,Dual carriageway,None,40,15:30:00,Urban,Raining no high winds,No,21 - 25,3,Urban area,5,1896,None,None,Other/Not known (2005-10),Approaching junction or waiting/parked at junction approach,,A3 SE TDI,Heavy oil,Male,None,No tow/articulation,Did not leave carriageway,0,Turning right,1,Car,No,Front,2019
20093104D0051,A,52,NA,0,Serious,None,12-10-2021,Sunday,1,Data missing or out of range,Not at junction or within 20 metres,28.668163,Darkness - lights lit,451250,338120,77.32625573,E01028091,4,1,0,0,Wet or damp,Dual carriageway,None,40,19:07:00,Urban,Fine no high winds,No,26 - 35,3,Urban area,5,1896,Kerb,Other permanent object,Other/Not known (2005-10),Not at or within 20 metres of junction,,PASSAT SE TDI 105,Heavy oil,Male,Skidded and overturned,No tow/articulation,Nearside,0,Overtaking moving vehicle - offside,1,Car,No,Offside,2020
2007400D03227,A,5,NA,,Serious,None,30-05-2020,Wednesday,1,Give way or uncontrolled,Other junction,18.54549761,Darkness - lights lit,498290,225730,73.75255365,E01017577,1,2,0,0,Dry,Single carriageway,None,40,20:41:00,Rural,Fine no high winds,No,26 - 35,3,Rural,8,1170,None,None,Other/Not known (2005-10),Approaching junction or waiting/parked at junction approach,,R 1200 GS 04,Petrol,Male,None,No tow/articulation,Did not leave carriageway,0,Going ahead other,2,Motorcycle over 500cc,No,Front,2021
200943N077039,A,412,A,4007,Serious,None,09-06-2019,Wednesday,1,Give way or uncontrolled,Roundabout,19.15572009,Darkness - lights lit,502120,182840,72.85341368,E01017825,1,2,0,0,Dry,Roundabout,None,40,17:40:00,Rural,Fine no high winds,No,26 - 35,3,Urban area,5,125,None,None,Commuting to/from work,Approaching junction or waiting/parked at junction approach,,LF 125-30,Petrol,Male,None,No tow/articulation,Did not leave carriageway,0,Slowing or stopping,2,Motorcycle 125cc and under,No,Did not impact,2021
200934WN11819,A,5076,NA,0,Serious,None,06-12-2021,Sunday,1,Data missing or out of range,Not at junction or within 20 metres,27.08919858,Darkness - lights lit,477060,265060,93.61269581,E01027218,1,1,0,1,Dry,Dual carriageway,Roadworks,40,21:22:00,Urban,Fine no high winds,No,26 - 35,3,Urban area,2,750,None,None,Other/Not known (2005-10),Not at or within 20 metres of junction,,GSXR 750 K6,Petrol,Male,None,No tow/articulation,Did not leave carriageway,0,Going ahead other,1,Motorcycle over 500cc,No,Front,2019
200904CL09072,Unclassified,0,Unclassified,0,Serious,None,28-03-2020,Wednesday,1,Give way or uncontrolled,T or staggered junction,8.873247308,Darkness - lights lit,356240,420430,76.68345549,E01024919,1,2,0,0,Dry,Single carriageway,None,40,22:25:00,Rural,Fine no high winds,No,26 - 35,3,Urban area,5,1596,None,None,Commuting to/from work,Entering main road,,FOCUS ZETEC CLIMATE 116,Petrol,Female,None,No tow/articulation,Did not leave carriageway,0,Turning right,1,Car,No,Offside,2020
200854DE41608,A,4259,Unclassified,0,Serious,None,14-03-2021,Sunday,1,Give way or uncontrolled,T or staggered junction,14.69406921,Darkness - lights lit,417190,183190,78.5762823,E01015535,2,2,0,0,Wet or damp,Dual carriageway,None,40,16:41:00,Urban,Fine no high winds,No,26 - 35,3,Urban area,3,1796,None,None,Other/Not known (2005-10),Entering main road,,ASTRA BERTONE EXCLUSIVE,Petrol,Female,None,No tow/articulation,Did not leave carriageway,0,Turning right,1,Car,No,Offside,2019
201014A016110,A,638,Unclassified,0,Serious,None,27-01-2010,Wednesday,1,Give way or uncontrolled,T or staggered junction,53.567349,Darkness - lights lit,453230,408160,-1.197729,E01007466,1,2,0,0,Dry,Dual carriageway,None,40,22:05:00,Urban,Fine no high winds,No,26 - 35,3,Urban area,7,1360,None,None,Other/Not known (2005-10),Cleared junction or waiting/parked at junction exit,PEUGEOT,207 S,Petrol,Female,None,No tow/articulation,Did not leave carriageway,0,Turning right,1,Car,No,Front,2010
200801HT76445,A,12,NA,0,Serious,None,02-07-2021,Monday,1,Data missing or out of range,Not at junction or within 20 metres,28.6777705,Darkness - lights lit,538300,181400,77.10350178,E01004249,2,2,0,0,Wet or damp,Dual carriageway,None,40,18:33:00,Urban,Other,No,26 - 35,3,Urban area,3,1910,None,None,Other/Not known (2005-10),Not at or within 20 metres of junction,,VECTRA SRI CDTI,Heavy oil,Male,Skidded,No tow/articulation,Did not leave carriageway,0,Going ahead other,1,Car,No,Front,2021
200905FF30618,A,561,NA,0,Serious,None,28-11-2019,Monday,1,Data missing or out of range,Not at junction or within 20 metres,27.75258949,Darkness - lights lit,340970,384260,82.25632464,E01006743,1,1,0,0,Snow,Dual carriageway,None,40,06:40:00,Urban,Snowing no high winds,No,26 - 35,3,Urban area,4,1490,None,Lamp post,Commuting to/from work,Not at or within 20 metres of junction,,SWIFT VVTS GLX,Petrol,Male,Skidded,No tow/articulation,Nearside,0,Going ahead left-hand bend,1,Car,No,Offside,2021
20083102D0119,C,4,NA,0,Serious,None,01-04-2020,Monday,1,Data missing or out of range,Not at junction or within 20 metres,18.63979563,Darkness - no lighting,454750,328420,73.84349041,E01028378,2,2,0,0,Dry,Single carriageway,None,40,21:14:00,Rural,Fine no high winds,No,26 - 35,3,Small town,7,2477,None,Tree,Other/Not known (2005-10),Not at or within 20 metres of junction,,L200 TROJAN,Heavy oil,Male,Overturned,No tow/articulation,Nearside,0,Going ahead other,1,Van / Goods 3.5 tonnes mgw or under,No,Front,2021
200863CP31008,A,40,Unclassified,0,Serious,None,06-04-2021,Sunday,1,Give way or uncontrolled,Private drive or entrance,28.66583342,Darkness - no lighting,196810,215930,77.14444145,W01000611,4,2,0,0,Wet or damp,Single carriageway,None,40,18:10:00,Rural,Fine no high winds,No,26 - 35,3,Urban area,NA,1598,None,None,Other/Not known (2005-10),Approaching junction or waiting/parked at junction approach,,MEGANE DYNAMIQUE VVT 115,Petrol,Female,None,No tow/articulation,Did not leave carriageway,0,Waiting to turn right,2,Car,No,Back,2020
20084100B0294,A,1000,Unclassified,655,Serious,None,20-06-2021,Friday,1,Give way or uncontrolled,T or staggered junction,14.74341726,Daylight,524870,213500,78.50361519,E01023912,1,2,0,0,Dry,One way street,None,40,16:40:00,Urban,Fine no high winds,No,26 - 35,3,Urban area,7,1332,None,None,Commuting to/from work,Entering main road,,COLT EQUIPPE SEMI-AUTO,Petrol,Male,None,No tow/articulation,Did not leave carriageway,0,Turning left,1,Car,No,Front,2019
200804CK08130,A,570,NA,0,Serious,None,22-08-2020,Sunday,1,Data missing or out of range,Not at junction or within 20 metres,27.10055226,Daylight,338950,411610,93.62680565,E01025515,3,3,0,0,Dry,Single carriageway,None,40,13:08:00,Rural,Fine no high winds,No,26 - 35,3,Urban area,1,649,None,None,Other/Not known (2005-10),Not at or within 20 metres of junction,,XVS650,Petrol,Male,None,No tow/articulation,Offside,0,Going ahead left-hand bend,1,Motorcycle over 500cc,No,Front,2019
200845RU23140,B,3121,Unclassified,3051,Serious,None,15-04-2021,Sunday,1,Give way or uncontrolled,T or staggered junction,22.07269842,Daylight,503010,163980,82.10827403,E01030678,4,2,0,0,Dry,Single carriageway,None,40,16:30:00,Urban,Fine no high winds,No,26 - 35,3,Urban area,8,2198,None,None,Other/Not known (2005-10),Cleared junction or waiting/parked at junction exit,,MONDEO ST TDCI,Heavy oil,Male,None,No tow/articulation,Did not leave carriageway,0,Going ahead other,2,Car,No,Front,2019
200842I462412,A,414,NA,0,Serious,None,02-10-2021,Friday,1,Not at junction or within 20 metres,Not at junction or within 20 metres,15.24430289,Daylight,576930,205310,74.05727583,E01021569,1,1,0,0,Wet or damp,Single carriageway,None,40,22:10:00,Rural,Fine no high winds,No,26 - 35,3,Urban area,6,1998,None,Telegraph or electricity pole,Journey as part of work,Not at or within 20 metres of junction,,MONDEO ZETEC TDCI 130,Heavy oil,Male,Skidded,No tow/articulation,Nearside,0,Going ahead right-hand bend,1,Taxi/Private hire car,No,Front,2019
20083102B2086,A,46,NA,0,Serious,None,22-10-2019,Sunday,1,Data missing or out of range,Not at junction or within 20 metres,8.873250234,Daylight,477640,352060,76.62730889,E01028324,3,4,0,0,Dry,Single carriageway,None,40,17:46:00,Rural,Fine no high winds,No,26 - 35,3,Urban area,6,1229,None,None,Other/Not known (2005-10),Not at or within 20 metres of junction,,CORSA DESIGN TWINPORT,Petrol,Male,None,No tow/articulation,Nearside,9,Parked,4,Car,No,Back,2020
200745SU12565,A,30,A,331,Serious,None,04-06-2019,Thursday,1,Auto traffic signal,Roundabout,22.75877978,Daylight,485500,159960,75.88404976,E01030793,1,2,0,0,Dry,Dual carriageway,None,40,09:00:00,Rural,Fine no high winds,No,26 - 35,3,Urban area,10,1595,None,None,Journey as part of work,Cleared junction or waiting/parked at junction exit,,A3 FSI,Petrol,Male,None,No tow/articulation,Did not leave carriageway,0,Moving off,2,Car,No,Front,2020
200801KF74587,A,13,NA,0,Serious,None,12-05-2019,Thursday,1,Data missing or out of range,Not at junction or within 20 metres,22.73247809,Daylight,540300,181760,75.87694511,E01003509,1,2,0,0,Dry,Dual carriageway,None,40,15:12:00,Urban,Fine no high winds,No,26 - 35,3,Urban area,2,649,Kerb,Road sign or traffic signal,Other/Not known (2005-10),Not at or within 20 metres of junction,,ER 650 A6S,Petrol,Male,Skidded,No tow/articulation,Did not leave carriageway,0,Going ahead other,1,Motorcycle over 500cc,No,Did not impact,2020
201042I018801,A,1013,NA,0,Serious,None,11-02-2020,Wednesday,1,Not at junction or within 20 metres,Not at junction or within 20 metres,26.45946301,Daylight,562600,179280,74.58576077,E01015970,1,2,0,4,Wet or damp,Dual carriageway,None,40,07:03:00,Urban,Fine no high winds,No,26 - 35,3,Urban area,8,1753,None,None,Journey as part of work,Not at or within 20 metres of junction,,FOCUS TITANIUM TDCI,Heavy oil,Male,None,No tow/articulation,Did not leave carriageway,0,Going ahead other,2,Car,No,Front,2020
200904CJ09057,C,0,A,577,Serious,None,18-08-2020,Tuesday,1,Give way or uncontrolled,Roundabout,26.47054404,Daylight,350320,404000,80.31334226,E01025535,1,2,0,0,Dry,Roundabout,None,40,16:55:00,Urban,Fine no high winds,No,26 - 35,3,Urban area,8,1968,None,None,Commuting to/from work,Entering roundabout,,A3 TDI S LINE QUATTRO,Heavy oil,Male,Skidded,No tow/articulation,Did not leave carriageway,0,Slowing or stopping,1,Car,No,Front,2020
200842I381310,A,134,NA,0,Serious,None,20-05-2021,Tuesday,1,Not at junction or within 20 metres,Not at junction or within 20 metres,26.45934297,Daylight,599140,225570,80.32643672,E01021646,1,2,0,0,Dry,Dual carriageway,None,40,09:00:00,Urban,Fine no high winds,No,26 - 35,3,Urban area,7,1999,None,None,Commuting to/from work,Not at or within 20 metres of junction,,FIESTA ST,Petrol,Male,None,No tow/articulation,Offside - crossed central reservation,0,Going ahead other,1,Car,No,Front,2020
200945TA39432,B,269,Unclassified,0,Serious,None,03-10-2020,Thursday,1,Give way or uncontrolled,T or staggered junction,28.60619489,Daylight,541220,152450,77.16944999,E01030831,1,2,0,0,Dry,Single carriageway,None,40,18:11:00,Rural,Fine no high winds,No,26 - 35,3,Data missing or out of range,NA,748,None,None,Other/Not known (2005-10),Approaching junction or waiting/parked at junction approach,,ZR 750 K6F,Petrol,Male,None,No tow/articulation,Did not leave carriageway,0,Going ahead other,1,Motorcycle over 500cc,No,Front,2020
200901TA00128,A,4202,NA,0,Serious,None,14-02-2021,Friday,1,Data missing or out of range,Not at junction or within 20 metres,28.56832989,Daylight,528420,180120,77.28215428,E01004689,2,1,0,0,Dry,Single carriageway,None,40,16:05:00,Urban,Fine no high winds,No,26 - 35,3,Urban area,5,942,None,None,Other/Not known (2005-10),Not at or within 20 metres of junction,,950 SUPERMOTO LC8,Petrol,Male,None,No tow/articulation,Did not leave carriageway,9,Going ahead other,1,Motorcycle over 500cc,No,Front,2020
200904DL09035,B,5411,Unclassified,0,Serious,None,03-07-2021,Wednesday,1,Give way or uncontrolled,Roundabout,19.05969385,Daylight,350790,432870,72.93786136,E01025263,1,2,0,0,Wet or damp,Roundabout,None,40,06:42:00,Urban,Fine no high winds,No,26 - 35,3,Small town,8,1900,None,None,Other/Not known (2005-10),Entering roundabout,,GOLF PLUS SE TDI,Heavy oil,Male,None,No tow/articulation,Did not leave carriageway,0,Going ahead other,1,Car,No,Front,2021
200897BD02403,A,74,B,765,Serious,None,06-04-2021,Saturday,2,Auto traffic signal,Other junction,23.8379523,Daylight,264800,662440,77.27333353,,3,2,0,5,Dry,Single carriageway,None,40,17:45:00,Urban,Fine no high winds,Yes,26 - 35,3,Urban area,NA,1587,None,Other permanent object,Other/Not known (2005-10),Mid Junction - on roundabout or on main road,,C4 VTR,Petrol,Male,None,No tow/articulation,Did not leave carriageway,0,Going ahead other,1,Car,No,Front,2021
200830B000192,A,6,NA,0,Serious,None,09-08-2021,Saturday,1,Data missing or out of range,Not at junction or within 20 metres,25.84465458,Daylight,429520,357040,84.91766463,E01019619,1,2,0,0,Dry,Single carriageway,None,40,20:38:00,Rural,Fine no high winds,No,26 - 35,3,Urban area,2,1781,None,None,Other/Not known (2005-10),Not at or within 20 metres of junction,,LEON CUPRA R,Petrol,Male,None,No tow/articulation,Did not leave carriageway,0,Waiting to go - held up,2,Car,No,Offside,2021
200845SU30202,A,30,Unclassified,3517,Serious,None,09-09-2021,Saturday,1,Give way or uncontrolled,T or staggered junction,27.09879672,Daylight,486820,160550,93.61482764,E01030795,3,2,0,0,Dry,Single carriageway,None,40,15:15:00,Urban,Fine no high winds,No,26 - 35,3,Urban area,10,1995,None,None,Journey as part of work,Approaching junction or waiting/parked at junction approach,,318D ES,Heavy oil,Male,None,No tow/articulation,Did not leave carriageway,2,Going ahead other,1,Car,No,Front,2019
20104100C0805,A,41,NA,0,Serious,None,10-11-2021,Tuesday,1,Not at junction or within 20 metres,Not at junction or within 20 metres,27.10049753,Daylight,511000,199340,93.61380987,E01023872,1,2,0,0,Dry,Single carriageway,None,40,07:50:00,Urban,Fine no high winds,No,26 - 35,3,Data missing or out of range,NA,1753,None,None,Journey as part of work,Not at or within 20 metres of junction,,TRANSIT CONN T230 L90,Heavy oil,Male,None,No tow/articulation,Did not leave carriageway,0,Changing lane to right,1,Van / Goods 3.5 tonnes mgw or under,No,Offside,2019
201004AL10116,A,585,A,585,Serious,None,13-07-2010,Tuesday,1,Auto traffic signal,Crossroads,53.847891,Daylight,337680,439490,-2.948772,E01025026,1,2,0,0,Dry,Single carriageway,None,40,08:05:00,Rural,Fine no high winds,No,26 - 35,3,Urban area,4,1399,None,None,Journey as part of work,Mid Junction - on roundabout or on main road,CHEVROLET,LACETTI SE,Petrol,Male,None,No tow/articulation,Did not leave carriageway,0,Turning right,1,Car,No,Front,2010
201004CK10125,A,5147,NA,0,Serious,None,10-07-2010,Saturday,1,Data missing or out of range,Not at junction or within 20 metres,53.577523,Daylight,336610,409420,-2.958869,E01025495,3,2,0,0,Dry,Single carriageway,None,40,11:03:00,Rural,Fine no high winds,No,26 - 35,3,Urban area,5,599,None,None,Other/Not known (2005-10),Not at or within 20 metres of junction,YAMAHA,YZF R6 R 07,Petrol,Male,None,No tow/articulation,Nearside,0,Overtaking moving vehicle - offside,1,Motorcycle over 500cc,No,Offside,2010
200901TE00096,A,4,Unclassified,0,Serious,None,02-12-2019,Tuesday,1,Give way or uncontrolled,T or staggered junction,22.09074062,Daylight,516400,177420,82.13114131,E01002678,1,2,0,0,Dry,Dual carriageway,None,40,09:00:00,Urban,Fine no high winds,No,26 - 35,3,Data missing or out of range,NA,750,None,None,Other/Not known (2005-10),Mid Junction - on roundabout or on main road,,GSXR 750 K6,Petrol,Female,None,No tow/articulation,Did not leave carriageway,0,Going ahead other,2,Motorcycle over 500cc,No,Front,2019
200906Q009042,A,663,C,0,Serious,None,14-03-2021,Wednesday,1,Give way or uncontrolled,Crossroads,15.21053999,Daylight,390330,405290,74.02049172,E01005327,1,2,0,4,Dry,Single carriageway,None,40,07:50:00,Urban,Fine no high winds,No,26 - 35,3,Urban area,2,998,None,None,Commuting to/from work,Leaving main road,,AYGO+ VVT-I,Petrol,Female,None,No tow/articulation,Did not leave carriageway,0,Turning right,1,Car,No,Nearside,2019
200945TA41582,C,67,NA,0,Serious,None,29-11-2021,Wednesday,1,Data missing or out of range,Not at junction or within 20 metres,28.44550017,Daylight,532000,141600,77.03750929,E01030819,1,2,0,0,Dry,Single carriageway,None,40,15:20:00,Rural,Fine no high winds,No,26 - 35,3,Urban area,9,124,None,None,Other/Not known (2005-10),Not at or within 20 metres of junction,,CG 125-4,Petrol,Female,None,No tow/articulation,Did not leave carriageway,0,Going ahead left-hand bend,1,Motorcycle 125cc and under,No,Offside,2019
200945RE38450,A,217,B,2219,Serious,None,06-04-2021,Friday,1,Auto traffic signal,T or staggered junction,13.02437835,Daylight,524740,159210,77.59248064,E01030559,3,4,0,5,Dry,Dual carriageway,None,40,10:40:00,Urban,Fine no high winds,No,26 - 35,3,Urban area,4,1390,None,None,Other/Not known (2005-10),Approaching junction or waiting/parked at junction approach,,POLO S 80,Petrol,Female,None,No tow/articulation,Did not leave carriageway,0,Slowing or stopping,2,Car,No,Back,2019
201043N250030,B,470,Unclassified,953,Serious,None,21-11-2019,Wednesday,1,Give way or uncontrolled,T or staggered junction,22.76548886,Daylight,502430,181030,75.84511569,E01017835,1,2,0,0,Wet or damp,Single carriageway,None,40,12:35:00,Rural,Fine no high winds,No,26 - 35,3,Urban area,9,1997,None,None,Other/Not known (2005-10),Approaching junction or waiting/parked at junction approach,,S-MAX TITANIUM TDCI 6G,Heavy oil,Female,None,No tow/articulation,Did not leave carriageway,0,Going ahead other,2,Car,No,Back,2020
200837L016153,A,12,B,1385,Serious,None,12-11-2019,Sunday,1,Give way or uncontrolled,T or staggered junction,26.45250505,Daylight,653270,296590,74.64168164,E01030281,1,3,0,0,Dry,Single carriageway,None,40,14:25:00,Rural,Fine no high winds,No,26 - 35,3,Rural,5,998,None,None,Other/Not known (2005-10),Approaching junction or waiting/parked at junction approach,,AYGO+ VVT-I,Petrol,Female,None,No tow/articulation,Did not leave carriageway,0,Going ahead other,1,Car,No,Front,2020
200806K001127,A,6,NA,0,Serious,None,22-06-2021,Wednesday,1,Not at junction or within 20 metres,Not at junction or within 20 metres,26.47191865,Daylight,363590,408520,80.32684154,E01004775,1,3,0,0,Dry,Single carriageway,None,40,09:15:00,Rural,Fine no high winds,No,26 - 35,3,Urban area,6,1560,None,None,Commuting to/from work,Not at or within 20 metres of junction,,307 S HDI,Heavy oil,Female,None,No tow/articulation,Did not leave carriageway,0,Overtaking moving vehicle - offside,2,Car,No,Offside,2020
200920J064501,A,459,A,461,Serious,None,17-10-2020,Saturday,1,Give way or uncontrolled,Roundabout,28.6727086,Daylight,393880,289140,77.35737417,E01009844,2,2,0,4,Dry,Roundabout,None,40,16:00:00,Urban,Fine no high winds,No,26 - 35,3,Urban area,2,1560,Kerb,Road sign or traffic signal,Other/Not known (2005-10),Leaving roundabout,,C4 VTR+ HDI,Heavy oil,Female,None,No tow/articulation,Nearside,0,Going ahead other,2,Car,No,Nearside,2021
200750F43P895,A,379,Unclassified,0,Serious,None,23-12-2021,Sunday,1,Give way or uncontrolled,T or staggered junction,18.55860422,Daylight,295810,75680,73.94660548,E01020233,1,2,0,0,Dry,Single carriageway,None,40,12:43:00,Urban,Fine no high winds,No,26 - 35,3,Urban area,4,124,None,None,Data missing or out of range,Approaching junction or waiting/parked at junction approach,,DIABLO ROYALE,Petrol,Female,None,No tow/articulation,Did not leave carriageway,0,Going ahead other,2,Motorcycle 125cc and under,No,Nearside,2021