Accident_Index,1st_Road_Class,1st_Road_Number,2nd_Road_Class,2nd_Road_Number,Accident_Severity,Carriageway_Hazards,Date,Day_of_Week,Did_Police_Officer_Attend_Scene_of_Accident,Junction_Control,Junction_Detail,Latitude,Light_Conditions,Location_Easting_OSGR,Location_Northing_OSGR,Longitude,LSOA_of_Accident_Location,Number_of_Casualties,Number_of_Vehicles,Pedestrian_Crossing-Human_Control,Pedestrian_Crossing-Physical_Facilities,Road_Surface_Conditions,Road_Type,Special_Conditions_at_Site,Speed_limit,Time,Urban_or_Rural_Area,Weather_Conditions,InScotland,Age_Band_of_Driver,Age_of_Vehicle,Driver_Home_Area_Type,Driver_IMD_Decile,Engine_Capacity_.CC.,Hit_Object_in_Carriageway,Hit_Object_off_Carriageway,Journey_Purpose_of_Driver,Junction_Location,make,model,Propulsion_Code,Sex_of_Driver,Skidding_and_Overturning,Towing_and_Articulation,Vehicle_Leaving_Carriageway,Vehicle_Location.Restricted_Lane,Vehicle_Manoeuvre,Vehicle_Reference,Vehicle_Type,Was_Vehicle_Left_Hand_Drive,X1st_Point_of_Impact,Year
200850JN2E022,A,380,Unclassified,0,Serious,None,26-03-2020,Thursday,1,Give way or uncontrolled,T or staggered junction,19.05408052,Daylight,288330,66890,72.83944939,E01020248,1,2,0,0,Dry,Single carriageway,None,40,08:50:00,Rural,Fine no high winds,No,26 - 35,3,Urban area,1,125,None,None,Other/Not known (2005-10),Mid Junction - on roundabout or on main road,,CBR 125 R-5,Petrol,Female,None,No tow/articulation,Did not leave carriageway,0,Overtaking moving vehicle - offside,2,Motorcycle 125cc and under,No,Front,2021
200934WN30699,A,5076,Unclassified,7762,Serious,None,15-07-2019,Thursday,1,Give way or uncontrolled,T or staggered junction,27.10101885,Daylight,481190,263690,93.61225553,E01027174,1,2,0,0,Dry,Single carriageway,None,40,19:30:00,Urban,Fine no high winds,No,26 - 35,3,Small town,8,1086,None,None,Other/Not known (2005-10),Mid Junction - on roundabout or on main road,,PICANTO LX,Petrol,Female,None,No tow/articulation,Did not leave carriageway,0,Turning right,1,Car,No,Offside,2019
200942I223007,A,128,A,1306,Serious,None,30-08-2021,Saturday,1,Give way or uncontrolled,Roundabout,26.44084523,Darkness - lights lit,565280,181190,80.29489349,E01015979,4,1,0,0,Dry,Roundabout,None,50,01:30:00,Rural,Fine no high winds,No,16 - 20,3,Urban area,5,1999,Central island of roundabout,Road sign or traffic signal,Other/Not known (2005-10),Entering roundabout,,FIESTA ST,Petrol,Male,Overturned,No tow/articulation,Straight ahead at junction,0,Turning left,1,Car,No,Front,2020
200997QA05110,A,726,B,762,Serious,None,09-06-2020,Sunday,1,Give way or uncontrolled,Roundabout,12.96929096,Darkness - lights lit,261470,654630,77.51975726,,1,2,0,0,Wet or damp,Roundabout,None,50,21:00:00,Urban,Other,Yes,16 - 20,3,Urban area,NA,1968,Kerb,None,Other/Not known (2005-10),Entering roundabout,,PASSAT S TDI 140 AUTO,Heavy oil,Male,None,No tow/articulation,Did not leave carriageway,0,Going ahead other,1,Car,No,Front,2020
20104100J0300,A,5183,NA,0,Serious,None,30-09-2019,Wednesday,1,Not at junction or within 20 metres,Not at junction or within 20 metres,26.7621671,Daylight,516970,198160,94.20019294,E01023524,1,1,0,0,Dry,Single carriageway,Roadworks,50,11:05:00,Rural,Fine no high winds,No,16 - 20,3,Small town,10,1198,Road works,None,Journey as part of work,Not at or within 20 metres of junction,,POLO E 70,Petrol,Male,None,No tow/articulation,Did not leave carriageway,0,Going ahead other,1,Car,No,Nearside,2019
200905CC33243,A,580,A,580,Serious,None,28-06-2020,Thursday,1,Auto traffic signal,Crossroads,22.71108288,Daylight,341850,396750,75.87263296,E01006418,2,2,0,5,Dry,Dual carriageway,None,50,15:23:00,Rural,Fine no high winds,No,16 - 20,3,Urban area,1,125,None,None,Other/Not known (2005-10),Approaching junction or waiting/parked at junction approach,,SH 125-6,Petrol,Male,None,No tow/articulation,Did not leave carriageway,0,Going ahead other,1,Motorcycle 125cc and under,No,Front,2020
2008170S23218,A,1185,NA,0,Serious,None,29-01-2019,Thursday,1,Data missing or out of range,Not at junction or within 20 metres,26.48033202,Daylight,445730,525910,80.3285627,E01012297,4,2,0,0,Wet or damp,Dual carriageway,None,50,16:39:00,Rural,Raining no high winds,No,16 - 20,3,Urban area,3,1229,None,None,Commuting to/from work,Not at or within 20 metres of junction,,CORSA SXI+ 16V,Petrol,Male,Skidded,No tow/articulation,Offside - crossed central reservation,0,Going ahead left-hand bend,1,Car,No,Front,2020
200804CC08134,A,674,B,6228,Serious,None,02-04-2021,Tuesday,1,Give way or uncontrolled,T or staggered junction,18.4984612,Darkness - lights lit,359350,420450,73.74206051,E01024977,4,3,0,0,Dry,Dual carriageway,Roadworks,50,18:14:00,Rural,Fine + high winds,No,21 - 25,3,Rural,9,1229,None,None,Other/Not known (2005-10),Approaching junction or waiting/parked at junction approach,,CORSA SXI TWINPORT,Petrol,Female,None,No tow/articulation,Did not leave carriageway,0,Going ahead other,2,Car,No,Front,2021
200801XH30170,A,4020,NA,0,Serious,None,02-01-2021,Friday,1,Data missing or out of range,Not at junction or within 20 metres,28.64199304,Darkness - lights lit,510190,181270,77.27608953,E01002397,1,3,0,0,Dry,Dual carriageway,None,50,01:20:00,Urban,Fine no high winds,No,21 - 25,3,Urban area,8,1332,None,None,Other/Not known (2005-10),Not at or within 20 metres of junction,,COLT EQUIPPE,Petrol,Male,None,No tow/articulation,Did not leave carriageway,0,Going ahead other,1,Car,No,Front,2021
200901GD10250,A,12,NA,0,Serious,None,18-08-2020,Wednesday,1,Data missing or out of range,Not at junction or within 20 metres,14.73895987,Darkness - lights lit,536490,184910,78.55300597,E01001849,1,1,0,0,Wet or damp,Dual carriageway,None,50,02:32:00,Urban,Fine no high winds,No,21 - 25,3,Urban area,7,3246,None,None,Other/Not known (2005-10),Not at or within 20 metres of junction,,M3,Petrol,Male,None,No tow/articulation,Did not leave carriageway,0,Going ahead other,1,Car,No,Nearside,2019
200897NC02604,A,8011,Unclassified,0,Serious,None,08-06-2019,Saturday,1,Give way or uncontrolled,Slip road,14.77699082,Darkness - lights lit,276230,674860,78.46882239,,2,1,0,0,Dry,Dual carriageway,None,50,02:40:00,Urban,Fine no high winds,Yes,21 - 25,3,Urban area,NA,1364,None,Central crash barrier,Other/Not known (2005-10),Cleared junction or waiting/parked at junction exit,,CORSA SXI+ 16V,Petrol,Male,Overturned,No tow/articulation,Did not leave carriageway,0,Going ahead other,1,Car,No,Nearside,2019
201001VK30326,A,3,Unclassified,0,Serious,None,22-10-2010,Friday,1,Give way or uncontrolled,Slip road,51.374355,Darkness - lights lit,518440,165300,-0.299724,E01003004,4,2,0,0,Dry,Dual carriageway,None,50,00:20:00,Urban,Fine no high winds,No,21 - 25,3,Urban area,9,2967,None,None,Other/Not known (2005-10),Mid Junction - on roundabout or on main road,AUDI,Q7 SE QUATTRO TDI,Heavy oil,Male,None,No tow/articulation,Did not leave carriageway,0,Going ahead other,1,Car,No,Front,2010
201004CM10209,A,577,NA,0,Serious,None,22-12-2010,Wednesday,1,Data missing or out of range,Not at junction or within 20 metres,53.767876,Darkness - lights lit,361430,430330,-2.586641,E01025456,2,2,0,0,Frost or ice,Single carriageway,None,50,05:50:00,Rural,Fine no high winds,No,21 - 25,3,Urban area,1,1360,None,None,Other/Not known (2005-10),Not at or within 20 metres of junction,PEUGEOT,207 S,Petrol,Male,Skidded,No tow/articulation,Did not leave carriageway,0,Going ahead left-hand bend,1,Car,No,Front,2010
201043P290110,A,34,NA,0,Serious,None,31-07-2019,Wednesday,1,Data missing or out of range,Not at junction or within 20 metres,26.44426816,Darkness - lights lit,448660,206170,80.29463422,E01028742,1,2,0,0,Dry,Dual carriageway,None,50,21:36:00,Rural,Fine no high winds,No,21 - 25,3,Urban area,9,1299,None,None,Other/Not known (2005-10),Not at or within 20 metres of junction,,KA ZETEC CLIMATE,Petrol,Female,Overturned,No tow/articulation,Did not leave carriageway,0,Going ahead other,2,Car,No,Back,2020
201001TC00048,A,406,NA,0,Serious,None,15-02-2010,Monday,1,Data missing or out of range,Not at junction or within 20 metres,51.596383,Darkness - lights lit,539150,190530,0.007579,E01004377,3,4,0,0,Wet or damp,Dual carriageway,None,50,19:00:00,Urban,Fine no high winds,No,21 - 25,3,Urban area,7,1149,None,None,Other/Not known (2005-10),Not at or within 20 metres of junction,RENAULT,CLIO EXTREME,Petrol,Female,None,No tow/articulation,Did not leave carriageway,0,Going ahead other,3,Car,No,Front,2010
200943W079089,B,3030,NA,0,Serious,None,28-03-2019,Saturday,1,Data missing or out of range,Not at junction or within 20 metres,28.55121752,Darkness - no lighting,476270,167760,77.26564219,E01016610,1,1,0,0,Dry,Single carriageway,None,50,23:15:00,Rural,Fine no high winds,No,21 - 25,3,Urban area,10,1229,None,Other permanent object,Other/Not known (2005-10),Not at or within 20 metres of junction,,CORSA SXI,Petrol,Male,Skidded and overturned,No tow/articulation,Offside and rebounded,0,Going ahead right-hand bend,1,Car,No,Front,2020
200943P280049,B,4035,NA,0,Serious,Any animal in carriageway (except ridden horse),02-03-2020,Monday,2,Not at junction or within 20 metres,Not at junction or within 20 metres,18.51060613,Darkness - no lighting,443210,239350,73.78804584,E01028503,1,1,0,0,Dry,Single carriageway,None,50,03:00:00,Rural,Fine no high winds,No,21 - 25,3,Urban area,9,1868,None,Entered ditch,Other/Not known (2005-10),Not at or within 20 metres of junction,,EXPERT 815D,Heavy oil,Male,Skidded,No tow/articulation,Offside,0,Going ahead right-hand bend,1,Van / Goods 3.5 tonnes mgw or under,No,Offside,2021
200943R227039,A,330,Unclassified,7415,Serious,None,14-02-2020,Tuesday,1,Give way or uncontrolled,T or staggered junction,8.867522209,Darkness - no lighting,487410,175850,76.69026334,E01016578,1,1,0,0,Dry,Single carriageway,None,50,23:21:00,Rural,Fine no high winds,No,21 - 25,3,Urban area,9,1229,None,Tree,Other/Not known (2005-10),Approaching junction or waiting/parked at junction approach,,CORSA SXI,Petrol,Female,None,No tow/articulation,Nearside,0,Going ahead other,1,Car,No,Offside,2020
20093102D1317,A,453,NA,0,Serious,None,26-01-2021,Friday,1,Data missing or out of range,Not at junction or within 20 metres,26.44386264,Daylight,453190,332860,80.29176364,E01028378,1,2,0,0,Dry,Single carriageway,None,50,14:19:00,Rural,Fine no high winds,No,21 - 25,3,Urban area,4,599,None,Entered ditch,Commuting to/from work,Not at or within 20 metres of junction,,YZF R6 05,Petrol,Male,None,No tow/articulation,Offside,0,Overtaking static vehicle - offside,2,Motorcycle over 500cc,No,Front,2020
200901SX20536,A,406,NA,0,Serious,None,28-02-2019,Thursday,1,Data missing or out of range,Not at junction or within 20 metres,28.66829247,Daylight,523240,187570,77.20031095,E01000307,1,2,0,0,Dry,Dual carriageway,None,50,08:46:00,Urban,Fine no high winds,No,21 - 25,3,Urban area,9,1595,None,None,Other/Not known (2005-10),Not at or within 20 metres of junction,,A3 SPECIAL EDITION A,Petrol,Male,None,No tow/articulation,Did not leave carriageway,0,Changing lane to left,1,Car,No,Nearside,2020
200805AA29292,A,41,NA,0,Serious,None,15-08-2021,Friday,1,Data missing or out of range,Not at junction or within 20 metres,18.64539759,Daylight,333180,386940,73.95216908,E01007290,2,5,0,0,Dry,Dual carriageway,None,50,11:22:00,Urban,Fine no high winds,No,21 - 25,3,Urban area,9,1229,None,None,Other/Not known (2005-10),Not at or within 20 metres of junction,,CORSA SXI TWINPORT,Petrol,Male,None,No tow/articulation,Did not leave carriageway,0,Parked,5,Car,No,Did not impact,2021
200745WA03723,A,287,NA,0,Serious,None,24-06-2019,Saturday,1,Data missing or out of range,Not at junction or within 20 metres,18.57187591,Daylight,484890,141100,73.76975581,E01030909,4,4,0,0,Dry,Single carriageway,None,50,14:16:00,Rural,Fine no high winds,No,21 - 25,3,Urban area,10,1998,None,None,Other/Not known (2005-10),Not at or within 20 metres of junction,,CIVIC TYPE-R,Petrol,Male,Overturned,No tow/articulation,Did not leave carriageway,0,Going ahead left-hand bend,1,Car,No,Front,2021
200742I043302,B,1383,NA,0,Serious,Other object on road,16-02-2020,Monday,1,Not at junction or within 20 metres,Not at junction or within 20 metres,16.69004708,Daylight,551500,227530,79.4613719,E01022083,1,1,0,0,Wet or damp,Single carriageway,None,50,14:56:00,Rural,Fine no high winds,No,21 - 25,3,Urban area,10,1968,None,None,Journey as part of work,Not at or within 20 metres of junction,,CADDY 69PS SDI,Heavy oil,Male,Skidded,No tow/articulation,Offside,0,Going ahead other,1,Van / Goods 3.5 tonnes mgw or under,No,Front,2021
201034WD27530,A,361,Unclassified,6106,Serious,None,25-05-2020,Sunday,1,Give way or uncontrolled,T or staggered junction,26.75580559,Daylight,454460,256970,94.22755248,E01027004,2,3,0,0,Dry,Single carriageway,None,50,15:25:00,Rural,Fine no high winds,No,21 - 25,3,Urban area,NA,1560,None,None,Other/Not known (2005-10),Mid Junction - on roundabout or on main road,,FOCUS STYLE DIESEL,Heavy oil,Female,None,No tow/articulation,Did not leave carriageway,0,Turning left,1,Car,No,Did not impact,2019
200797UC70706,A,71,NA,0,Serious,None,01-11-2019,Sunday,1,Data missing or out of range,Not at junction or within 20 metres,26.72996077,Daylight,242350,636390,94.20451747,,3,2,0,0,Dry,Dual carriageway,None,50,18:45:00,Urban,Fine no high winds,Yes,21 - 25,3,Data missing or out of range,NA,1149,None,None,Other/Not known (2005-10),Not at or within 20 metres of junction,,CLIO EXTREME 3 16V,Petrol,Female,None,No tow/articulation,Did not leave carriageway,0,Going ahead other,1,Car,No,Front,2019
200842I170005,A,128,A,128,Serious,None,23-09-2019,Sunday,1,Give way or uncontrolled,Other junction,27.08833939,Daylight,565400,181810,93.62133801,E01015979,1,2,0,0,Dry,Single carriageway,None,50,08:38:00,Rural,Fine no high winds,No,21 - 25,3,Urban area,6,998,None,None,Other/Not known (2005-10),Approaching junction or waiting/parked at junction approach,,107 URBAN,Petrol,Female,None,No tow/articulation,Did not leave carriageway,0,Waiting to go - held up,2,Car,No,Front,2019
200943N241019,Unclassified,30,NA,0,Serious,None,29-01-2021,Saturday,1,Data missing or out of range,Not at junction or within 20 metres,8.874158228,Daylight,502230,181580,76.64446994,E01017835,1,2,0,0,Frost or ice,Single carriageway,None,50,09:00:00,Rural,Fog or mist,No,21 - 25,3,Rural,9,2402,None,None,Journey as part of work,Not at or within 20 metres of junction,,TRANSIT 100 T350M RWD,Heavy oil,Male,None,No tow/articulation,Nearside,0,Going ahead other,2,Van / Goods 3.5 tonnes mgw or under,No,Front,2020
200743N127127,B,4011,NA,0,Serious,None,18-05-2020,Thursday,1,Data missing or out of range,Not at junction or within 20 metres,14.79299358,Daylight,463270,215400,78.52629725,E01028500,1,1,0,0,Frost or ice,Single carriageway,None,50,08:29:00,Rural,Other,No,21 - 25,3,Rural,8,1590,None,Entered ditch,Commuting to/from work,Not at or within 20 metres of junction,,CIVIC SPORT,Petrol,Female,Skidded and overturned,No tow/articulation,Nearside,0,Going ahead left-hand bend,1,Car,No,Front,2019
200997BF01105,A,810,Unclassified,0,Serious,None,30-10-2020,Saturday,1,Give way or uncontrolled,T or staggered junction,19.10658671,Daylight,252060,672860,72.88930195,,3,3,0,0,Wet or damp,Single carriageway,None,50,12:15:00,Rural,Raining no high winds,Yes,21 - 25,3,Urban area,NA,1995,None,None,Other/Not known (2005-10),Mid Junction - on roundabout or on main road,,Z4 SE,Petrol,Male,None,No tow/articulation,Did not leave carriageway,0,Going ahead other,2,Car,No,Nearside,2021
200845TA28079,Motorway,25,Motorway,25,Serious,None,12-01-2019,Saturday,1,Give way or uncontrolled,Other junction,27.09395865,Daylight,530860,153280,93.6133235,E01030815,1,1,0,0,Wet or damp,Dual carriageway,None,50,17:30:00,Rural,Raining no high winds,No,21 - 25,3,Small town,7,1086,None,Central crash barrier,Commuting to/from work,Entering from slip road,,PICANTO LX,Petrol,Female,Skidded and overturned,No tow/articulation,Offside on to centrl res + rebounded,0,Going ahead other,1,Car,No,Front,2019
200901XD80744,A,40,A,406,Serious,None,27-06-2020,Wednesday,2,Give way or uncontrolled,Roundabout,18.63725032,Darkness - lights lit,518410,182610,73.80858196,E01001277,1,1,0,0,Dry,Roundabout,None,50,01:00:00,Urban,Fine no high winds,No,26 - 35,3,Urban area,1,645,None,None,Other/Not known (2005-10),Mid Junction - on roundabout or on main road,,SV 650 SK6,Petrol,Male,Skidded,No tow/articulation,Did not leave carriageway,0,Turning right,1,Motorcycle over 500cc,No,Did not impact,2021
20083104C2753,A,52,NA,0,Serious,None,04-04-2019,Sunday,1,Data missing or out of range,Not at junction or within 20 metres,19.11586229,Darkness - lights lit,455950,337120,72.91823207,E01013928,2,2,0,0,Wet or damp,Dual carriageway,None,50,22:51:00,Rural,Fine no high winds,No,26 - 35,3,Urban area,1,1242,None,None,Other/Not known (2005-10),Not at or within 20 metres of junction,,FIESTA STYLE CLIMATE,Petrol,Male,None,No tow/articulation,Did not leave carriageway,0,Going ahead other,1,Car,No,Front,2021
201001TA00279,A,406,NA,0,Serious,None,10-10-2010,Sunday,1,Data missing or out of range,Not at junction or within 20 metres,51.616107,Darkness - lights lit,532630,192550,-0.085732,E01001560,2,6,0,0,Dry,Dual carriageway,None,50,19:11:00,Urban,Fine no high winds,No,26 - 35,3,Urban area,5,998,None,None,Other/Not known (2005-10),Not at or within 20 metres of junction,YAMAHA,YZF R1 07,Petrol,Male,None,No tow/articulation,Did not leave carriageway,0,Going ahead other,1,Motorcycle over 500cc,No,Front,2010
200906F013357,A,57,NA,0,Serious,None,08-11-2019,Sunday,1,Not at junction or within 20 metres,Not at junction or within 20 metres,13.03837173,Darkness - lights lit,372640,393750,77.55048154,E01005620,2,3,0,0,Dry,Dual carriageway,None,50,21:27:00,Rural,Fine no high winds,No,26 - 35,3,Urban area,5,998,None,None,Other/Not known (2005-10),Not at or within 20 metres of junction,,YARIS ION,Petrol,Female,None,No tow/articulation,Did not leave carriageway,0,Going ahead other,3,Car,No,Did not impact,2020
200743W165077,A,339,NA,0,Serious,None,21-12-2021,Sunday,1,Data missing or out of range,Not at junction or within 20 metres,25.77723768,Darkness - no lighting,448130,163970,87.49618229,E01016293,1,2,0,0,Dry,Single carriageway,None,50,03:49:00,Rural,Fine no high winds,No,26 - 35,3,Urban area,3,12130,None,None,Journey as part of work,Not at or within 20 metres of junction,,,Heavy oil,Male,None,Articulated vehicle,Did not leave carriageway,0,Going ahead other,1,Goods 7.5 tonnes mgw and over,No,Front,2019
201043P062020,A,338,Unclassified,0,Serious,None,17-12-2020,Friday,1,Give way or uncontrolled,Private drive or entrance,23.03232779,Darkness - no lighting,440390,189720,72.54526121,E01028722,1,2,0,0,Dry,Single carriageway,None,50,18:05:00,Urban,Fine no high winds,No,26 - 35,3,Urban area,8,1968,None,None,Commuting to/from work,Cleared junction or waiting/parked at junction exit,,PASSAT S TDI 140,Heavy oil,Male,None,No tow/articulation,Did not leave carriageway,0,U-turn,1,Car,No,Nearside,2019
200745RU97584,A,320,NA,0,Serious,None,19-04-2019,Monday,1,Data missing or out of range,Not at junction or within 20 metres,28.61808932,Darkness - no lighting,502980,164730,77.25795539,E01030678,5,9,0,0,Wet or damp,Dual carriageway,None,50,16:40:00,Rural,Fine no high winds,No,26 - 35,3,Rural,8,1984,None,None,Other/Not known (2005-10),Not at or within 20 metres of junction,,A4 FSI SPORT,Petrol,Male,None,No tow/articulation,Did not leave carriageway,0,Waiting to go - held up,7,Car,No,Front,2021
200943P117109,A,338,NA,0,Serious,None,07-09-2019,Thursday,1,Data missing or out of range,Not at junction or within 20 metres,15.17437082,Darkness - no lighting,442630,194240,74.08004365,E01028726,1,1,0,0,Dry,Single carriageway,None,50,21:18:00,Rural,Fine no high winds,No,26 - 35,3,Urban area,10,1995,None,None,Other/Not known (2005-10),Not at or within 20 metres of junction,,118D SPORT,Heavy oil,Female,Skidded and overturned,No tow/articulation,Nearside,0,Going ahead right-hand bend,1,Car,No,Nearside,2019
200930D000677,A,514,NA,0,Serious,None,19-03-2021,Sunday,1,Data missing or out of range,Not at junction or within 20 metres,28.45390879,Darkness - no lighting,437520,328940,77.06051286,E01019834,4,2,0,0,Wet or damp,Single carriageway,None,50,22:25:00,Rural,Raining no high winds,No,26 - 35,3,Urban area,7,1986,None,None,Other/Not known (2005-10),Not at or within 20 metres of junction,,A4 SE TDI 140 AUTO,Heavy oil,Female,None,No tow/articulation,Did not leave carriageway,0,Going ahead left-hand bend,1,Car,No,Front,2019
201004CC10016,A,675,NA,0,Serious,None,18-02-2010,Thursday,1,Data missing or out of range,Not at junction or within 20 metres,53.683055,Darkness - no lighting,365620,420860,-2.522021,E01024978,1,1,0,0,Snow,Single carriageway,None,50,22:55:00,Rural,Snowing no high winds,No,26 - 35,3,Urban area,7,2231,None,None,Other/Not known (2005-10),Not at or within 20 metres of junction,TOYOTA,RAV4 XTR D-4D,Heavy oil,Male,Overturned,No tow/articulation,Offside,0,Going ahead other,1,Car,No,Front,2010
20104100F0693,A,405,NA,0,Serious,None,22-11-2021,Thursday,1,Not at junction or within 20 metres,Not at junction or within 20 metres,26.74366451,Daylight,512160,202460,94.18322507,E01023732,1,1,0,7,Wet or damp,Dual carriageway,None,50,18:00:00,Rural,Fine no high winds,No,26 - 35,3,Urban area,2,2148,None,None,Journey as part of work,Not at or within 20 metres of junction,,SPRINTER 313 CDI MWB,Heavy oil,Male,None,No tow/articulation,Did not leave carriageway,6,Reversing,1,Van / Goods 3.5 tonnes mgw or under,No,Back,2019
200943R019089,A,330,NA,,Serious,None,11-10-2019,Saturday,1,Give way or uncontrolled,Private drive or entrance,22.09108514,Daylight,487390,175510,82.14937789,E01016543,2,2,0,0,Wet or damp,Single carriageway,None,50,09:50:00,Rural,Fine no high winds,No,26 - 35,3,Urban area,10,1896,None,None,Commuting to/from work,Approaching junction or waiting/parked at junction approach,,A4 S LINE TDI 115,Heavy oil,Male,None,No tow/articulation,Nearside,0,Going ahead other,2,Car,No,Front,2019
200806F091913,A,580,Unclassified,0,Serious,None,19-02-2020,Thursday,1,Give way or uncontrolled,T or staggered junction,12.99417294,Daylight,376200,401600,77.6685375,E01005687,1,2,0,0,Dry,Dual carriageway,None,50,06:00:00,Urban,Fine no high winds,No,26 - 35,3,Urban area,10,636,None,None,Commuting to/from work,Mid Junction - on roundabout or on main road,,ZX 636 C6F,Petrol,Male,None,No tow/articulation,Did not leave carriageway,0,Going ahead other,2,Motorcycle over 500cc,No,Front,2020
200943W090099,Unclassified,7162,Unclassified,7162,Serious,None,03-03-2021,Tuesday,1,Give way or uncontrolled,T or staggered junction,8.881600432,Daylight,467980,167160,76.68827882,E01016309,1,2,0,0,Dry,Single carriageway,None,50,17:05:00,Rural,Fine no high winds,No,26 - 35,3,Small town,9,998,None,None,Other/Not known (2005-10),Mid Junction - on roundabout or on main road,,ZX 1000 D6F,Petrol,Male,Skidded,No tow/articulation,Did not leave carriageway,0,Overtaking static vehicle - offside,1,Motorcycle over 500cc,No,Front,2020
200945RE45285,B,2037,NA,0,Serious,None,24-10-2019,Saturday,1,Data missing or out of range,Not at junction or within 20 metres,22.69448738,Daylight,531370,140700,75.86761691,E01030819,4,2,0,0,Wet or damp,Single carriageway,None,50,09:45:00,Rural,Fine no high winds,No,26 - 35,3,Urban area,4,2184,None,None,Journey as part of work,Not at or within 20 metres of junction,,X-TRAIL AVENTURA DCI,Heavy oil,Male,None,No tow/articulation,Did not leave carriageway,0,Going ahead right-hand bend,2,Car,No,Front,2020
200743P362117,A,338,Unclassified,0,Serious,None,17-12-2019,Thursday,1,Give way or uncontrolled,T or staggered junction,22.71782389,Daylight,440700,190500,75.89598958,E01028723,2,2,0,0,Dry,Single carriageway,None,50,09:12:00,Urban,Fine no high winds,No,26 - 35,3,Urban area,3,2402,None,None,Other/Not known (2005-10),Leaving main road,,TRANSIT 350 LWB TD,Heavy oil,Male,None,No tow/articulation,Did not leave carriageway,0,Turning right,1,Van / Goods 3.5 tonnes mgw or under,No,Front,2020
200942I075303,A,132,A,1321,Serious,None,02-07-2020,Monday,1,Give way or uncontrolled,Roundabout,26.46225071,Daylight,572880,188960,74.65518226,E01021306,1,2,0,0,Dry,Roundabout,None,50,07:50:00,Urban,Fine no high winds,No,26 - 35,3,Urban area,3,865,None,None,Commuting to/from work,Mid Junction - on roundabout or on main road,,BONNEVILLE SCRAMBLER,Petrol,Male,Overturned,No tow/articulation,Did not leave carriageway,0,Going ahead other,2,Motorcycle over 500cc,No,Front,2020
201037B045048,A,1120,NA,0,Serious,None,19-12-2019,Thursday,1,Data missing or out of range,Not at junction or within 20 metres,28.68735826,Daylight,606290,257780,77.19154588,E01030074,1,1,0,0,Dry,Dual carriageway,None,50,19:59:00,Rural,Fine no high winds,No,26 - 35,3,Urban area,9,599,Kerb,None,Other/Not known (2005-10),Not at or within 20 metres of junction,,CB 600 FA-7,Petrol,Male,None,No tow/articulation,Nearside,0,Overtaking moving vehicle - offside,1,Motorcycle over 500cc,No,Nearside,2020
200901YE80016,A,10,NA,0,Serious,None,04-02-2019,Tuesday,1,Data missing or out of range,Not at junction or within 20 metres,28.64946556,Daylight,532580,192670,77.32986842,E01001499,1,2,0,0,Dry,Dual carriageway,None,50,08:40:00,Urban,Fine no high winds,No,26 - 35,3,Urban area,3,125,None,None,Other/Not known (2005-10),Not at or within 20 metres of junction,,YBR 125,Petrol,Male,None,No tow/articulation,Did not leave carriageway,0,Going ahead other,2,Motorcycle over 125cc and up to 500cc,No,Offside,2021
200945RU33898,Unclassified,3167,Unclassified,0,Serious,None,26-08-2021,Thursday,2,Give way or uncontrolled,Other junction,18.49512898,Daylight,503070,168980,73.90948465,E01030685,1,1,0,0,Wet or damp,Single carriageway,Mud,50,15:15:00,Rural,Fine no high winds,No,26 - 35,3,Urban area,9,125,None,None,Commuting to/from work,Approaching junction or waiting/parked at junction approach,,PES 125,Petrol,Male,Skidded,No tow/articulation,Did not leave carriageway,0,Going ahead other,1,Motorcycle 125cc and under,No,Did not impact,2021
200801KD72749,A,12,Unclassified,0,Serious,None,02-12-2021,Tuesday,1,Give way or uncontrolled,Crossroads,18.51426045,Daylight,554690,191180,73.87069273,E01002299,4,2,0,0,Dry,Dual carriageway,None,50,20:25:00,Urban,Fine no high winds,No,26 - 35,3,Urban area,4,1870,None,None,Other/Not known (2005-10),Mid Junction - on roundabout or on main road,,GRND SCENIC DYNAMIQUE DCI,Heavy oil,Male,None,No tow/articulation,Did not leave carriageway,0,Turning right,2,Car,No,Front,2021
200745GU04474,A,322,Unclassified,0,Serious,Previous accident,07-12-2021,Friday,1,Give way or uncontrolled,T or staggered junction,19.09722729,Daylight,497590,153090,72.83610061,E01030499,2,4,0,0,Dry,Single carriageway,None,50,18:56:00,Rural,Fine no high winds,No,26 - 35,3,Urban area,8,1794,None,None,Journey as part of work,Approaching junction or waiting/parked at junction approach,,MR2 ROADSTER VVTI,Petrol,Male,None,No tow/articulation,Did not leave carriageway,0,Going ahead other,2,Car,No,Nearside,2021
201001RG40234,A,102,Unclassified,0,Serious,None,30-04-2010,Friday,1,Give way or uncontrolled,Slip road,51.490399,Daylight,539670,178750,0.01041,E01001667,2,2,0,0,Dry,Dual carriageway,None,50,17:58:00,Urban,Fine no high winds,No,26 - 35,3,Urban area,3,499,None,None,Other/Not known (2005-10),Mid Junction - on roundabout or on main road,HONDA,CBF 500 A-6,Petrol,Male,None,No tow/articulation,Did not leave carriageway,0,Going ahead other,1,Motorcycle over 500cc,No,Offside,2010