Accident_Index,1st_Road_Class,1st_Road_Number,2nd_Road_Class,2nd_Road_Number,Accident_Severity,Carriageway_Hazards,Date,Day_of_Week,Did_Police_Officer_Attend_Scene_of_Accident,Junction_Control,Junction_Detail,Latitude,Light_Conditions,Location_Easting_OSGR,Location_Northing_OSGR,Longitude,LSOA_of_Accident_Location,Number_of_Casualties,Number_of_Vehicles,Pedestrian_Crossing-Human_Control,Pedestrian_Crossing-Physical_Facilities,Road_Surface_Conditions,Road_Type,Special_Conditions_at_Site,Speed_limit,Time,Urban_or_Rural_Area,Weather_Conditions,InScotland,Age_Band_of_Driver,Age_of_Vehicle,Driver_Home_Area_Type,Driver_IMD_Decile,Engine_Capacity_.CC.,Hit_Object_in_Carriageway,Hit_Object_off_Carriageway,Journey_Purpose_of_Driver,Junction_Location,make,model,Propulsion_Code,Sex_of_Driver,Skidding_and_Overturning,Towing_and_Articulation,Vehicle_Leaving_Carriageway,Vehicle_Location.Restricted_Lane,Vehicle_Manoeuvre,Vehicle_Reference,Vehicle_Type,Was_Vehicle_Left_Hand_Drive,X1st_Point_of_Impact,Year
200763AC35807,A,476,NA,0,Serious,None,08-12-2019,Saturday,1,Data missing or out of range,Not at junction or within 20 metres,15.34181229,Darkness - no lighting,253210,205110,73.96549216,,1,1,0,0,Dry,Single carriageway,None,60,21:59:00,Rural,Fine no high winds,No,16 - 20,3,Rural,NA,1124,None,None,Other/Not known (2005-10),Not at or within 20 metres of junction,,206 ZEST,Petrol,Female,None,No tow/articulation,Did not leave carriageway,0,Going ahead other,1,Car,No,Front,2019
200943W203109,Unclassified,7516,NA,0,Serious,None,15-10-2021,Sunday,1,Data missing or out of range,Not at junction or within 20 metres,15.30340539,Darkness - no lighting,482920,167260,73.97960264,E01016705,4,1,0,0,Dry,Single carriageway,None,60,01:35:00,Rural,Fine no high winds,No,16 - 20,3,Urban area,10,1587,None,Tree,Other/Not known (2005-10),Not at or within 20 metres of junction,,207 SE 110,Petrol,Female,None,No tow/articulation,Nearside,0,Going ahead right-hand bend,1,Car,No,Front,2019
200914C024609,Unclassified,0,Unclassified,0,Serious,None,27-11-2020,Sunday,1,Give way or uncontrolled,Crossroads,23.02323126,Darkness - no lighting,448750,387520,72.53415586,E01007815,1,2,0,0,Dry,Single carriageway,None,60,18:54:00,Rural,Fine no high winds,No,16 - 20,3,Urban area,6,998,None,None,Other/Not known (2005-10),Approaching junction or waiting/parked at junction approach,,107 URBAN,Petrol,Female,None,No tow/articulation,Nearside,0,Going ahead other,2,Car,No,Front,2019
200834WD09018,A,361,NA,0,Serious,None,05-11-2021,Wednesday,1,Data missing or out of range,Not at junction or within 20 metres,8.882388976,Darkness - no lighting,456350,269290,76.62378503,E01026994,2,2,0,0,Frost or ice,Single carriageway,Oil or diesel,60,20:40:00,Rural,Fog or mist,No,16 - 20,3,Data missing or out of range,NA,1229,None,None,Other/Not known (2005-10),Not at or within 20 metres of junction,,CORSA SXI TWINPORT,Petrol,Male,Skidded,No tow/articulation,Did not leave carriageway,0,Going ahead left-hand bend,1,Car,No,Front,2020
200754ED15307,A,365,NA,0,Serious,None,11-05-2019,Thursday,1,Not at junction or within 20 metres,Not at junction or within 20 metres,19.14036131,Darkness - no lighting,392760,162050,72.84301246,E01032071,5,2,0,0,Wet or damp,Single carriageway,None,60,22:31:00,Rural,Other,No,16 - 20,3,Small town,7,1124,None,None,Other/Not known (2005-10),Not at or within 20 metres of junction,,206 ZEST,Petrol,Male,None,No tow/articulation,Nearside,0,Going ahead left-hand bend,1,Car,No,Front,2021
200763AC58507,Unclassified,0,NA,0,Serious,None,03-01-2020,Tuesday,1,Data missing or out of range,Not at junction or within 20 metres,14.66207149,Darkness - no lighting,223660,227950,78.51099805,,1,1,0,0,Frost or ice,Single carriageway,Mud,60,19:08:00,Rural,Other,No,16 - 20,3,Rural,NA,1461,None,Other permanent object,Other/Not known (2005-10),Not at or within 20 metres of junction,,CLIO DYNAMIQUE DCI 65,Heavy oil,Female,Skidded and overturned,No tow/articulation,Offside and rebounded,0,Going ahead other,1,Car,No,Offside,2019
200842I360410,B,1393,NA,0,Serious,None,22-05-2021,Tuesday,1,Not at junction or within 20 metres,Not at junction or within 20 metres,22.0753264,Darkness - no lighting,543440,200150,82.11877368,E01021806,1,1,0,0,Wet or damp,Single carriageway,None,60,21:30:00,Rural,Raining no high winds,No,16 - 20,3,Urban area,4,1149,None,Tree,Other/Not known (2005-10),Not at or within 20 metres of junction,,CLIO DYNAMIQUE 16V,Petrol,Male,Skidded and overturned,No tow/articulation,Offside,0,Going ahead other,1,Car,No,Offside,2019
20083102B2979,A,60,NA,0,Serious,None,31-08-2021,Saturday,1,Data missing or out of range,Not at junction or within 20 metres,28.66795669,Darkness - no lighting,458900,390280,77.25659612,E01028000,2,1,0,0,Wet or damp,Single carriageway,None,60,18:25:00,Rural,Raining no high winds,No,16 - 20,3,Small town,3,1999,None,Other permanent object,Other/Not known (2005-10),Not at or within 20 metres of junction,,FIESTA ST,Petrol,Male,Skidded,No tow/articulation,Nearside,0,Going ahead right-hand bend,1,Car,No,Front,2021
200897NE70503,A,71,NA,0,Serious,None,06-11-2019,Saturday,2,Data missing or out of range,Not at junction or within 20 metres,19.11425682,Darkness - no lighting,279790,651600,72.91811418,,3,2,0,0,Wet or damp,Single carriageway,None,60,23:50:00,Rural,Raining no high winds,Yes,16 - 20,3,Data missing or out of range,NA,1997,None,None,Other/Not known (2005-10),Not at or within 20 metres of junction,,RELAY HDI 1100 ENTERPRISE,Heavy oil,Male,None,No tow/articulation,Did not leave carriageway,0,Going ahead left-hand bend,1,Van / Goods 3.5 tonnes mgw or under,No,Front,2021
200963AC06909,Unclassified,0,NA,0,Serious,None,25-12-2019,Thursday,1,Data missing or out of range,Not at junction or within 20 metres,14.78233233,Darkness - no lighting,243130,219080,78.62242438,W01000694,1,1,0,0,Wet or damp,Single carriageway,None,60,23:57:00,Rural,Raining no high winds,No,16 - 20,3,Data missing or out of range,NA,1149,None,Tree,Other/Not known (2005-10),Not at or within 20 metres of junction,,CLIO CAMPUS I-MUSIC,Petrol,Male,Skidded,No tow/articulation,Nearside and rebounded,0,Going ahead other,1,Car,No,Front,2019
200943P233029,A,40,NA,0,Serious,None,10-07-2019,Wednesday,1,Data missing or out of range,Not at junction or within 20 metres,26.73435998,Darkness - no lighting,449110,210410,94.20596165,E01028595,1,2,0,0,Wet or damp,Single carriageway,Roadworks,60,17:56:00,Rural,Raining no high winds,No,16 - 20,3,Urban area,7,1998,None,None,Commuting to/from work,Not at or within 20 metres of junction,,SCENIC PRIVILEGE VVT A,Petrol,Male,None,No tow/articulation,Did not leave carriageway,0,U-turn,1,Car,No,Offside,2019
20094100F0106,C,97,NA,0,Serious,None,22-06-2021,Saturday,1,Not at junction or within 20 metres,Not at junction or within 20 metres,28.56711668,Darkness - no lighting,518180,204700,77.30607588,E01023704,5,1,0,0,Wet or damp,Single carriageway,None,60,20:55:00,Rural,Raining no high winds,No,16 - 20,3,Urban area,7,1390,None,Entered ditch,Other/Not known (2005-10),Not at or within 20 metres of junction,,CLIO DYNAMIQUE,Petrol,Female,Skidded,No tow/articulation,Nearside,0,Going ahead left-hand bend,1,Car,No,Nearside,2020
2009160C03940,A,614,NA,0,Serious,None,07-01-2020,Saturday,1,Not at junction or within 20 metres,Not at junction or within 20 metres,26.72432335,Daylight,515900,466410,94.2084855,E01012946,4,2,0,0,Dry,Single carriageway,None,60,20:26:00,Rural,Fine no high winds,No,16 - 20,3,Urban area,6,2198,None,None,Other/Not known (2005-10),Not at or within 20 metres of junction,,TRANSIT 85 T280S FWD,Heavy oil,Male,None,No tow/articulation,Did not leave carriageway,0,Going ahead left-hand bend,1,Van / Goods 3.5 tonnes mgw or under,No,Front,2019
200943N100109,C,62,NA,0,Serious,None,28-07-2021,Sunday,1,Data missing or out of range,Not at junction or within 20 metres,26.72291096,Daylight,486930,210630,94.21063,E01017728,5,1,0,0,Wet or damp,Single carriageway,None,60,12:45:00,Rural,Fine no high winds,No,16 - 20,3,Rural,9,1229,None,Other permanent object,Other/Not known (2005-10),Not at or within 20 metres of junction,,CORSA SXI,Petrol,Male,Skidded and overturned,No tow/articulation,Nearside,0,Going ahead right-hand bend,1,Car,No,Did not impact,2019
2009160B01160,A,1077,Unclassified,0,Serious,None,31-05-2020,Thursday,1,Give way or uncontrolled,Private drive or entrance,15.34500393,Daylight,503740,421750,74.06604466,E01013258,1,2,0,0,Dry,Single carriageway,None,60,15:40:00,Rural,Fine no high winds,No,16 - 20,3,Small town,8,1968,None,None,Other/Not known (2005-10),Approaching junction or waiting/parked at junction approach,,LEON SPORT TDI,Heavy oil,Male,Skidded,No tow/articulation,Did not leave carriageway,0,Overtaking moving vehicle - offside,1,Car,No,Front,2019
201042I227807,A,113,NA,0,Serious,None,26-09-2019,Tuesday,1,Not at junction or within 20 metres,Not at junction or within 20 metres,23.04824602,Daylight,555060,201700,72.561957,E01021754,1,2,0,0,Dry,Single carriageway,None,60,11:00:00,Rural,Fine no high winds,No,16 - 20,3,Rural,5,1149,None,None,Other/Not known (2005-10),Not at or within 20 metres of junction,,CLIO SX DYNAMIQUE 16V,Petrol,Male,None,No tow/articulation,Did not leave carriageway,0,Going ahead right-hand bend,2,Car,No,Front,2019
2009400B00667,C,185,NA,0,Serious,None,10-11-2020,Sunday,1,Data missing or out of range,Not at junction or within 20 metres,28.50223092,Daylight,521930,244000,77.01943949,E01017389,1,1,0,0,Dry,Single carriageway,None,60,12:18:00,Rural,Fine no high winds,No,16 - 20,3,Rural,8,49,None,Other permanent object,Other/Not known (2005-10),Not at or within 20 metres of junction,,LUDIX 10 BLASTER,Petrol,Male,None,No tow/articulation,Nearside,0,Going ahead other,1,Motorcycle 50cc and under,No,Front,2019
200734WS27557,A,422,NA,0,Serious,None,27-10-2020,Friday,1,Data missing or out of range,Not at junction or within 20 metres,13.01513088,Daylight,455340,238530,77.63989207,E01027296,1,3,0,0,Dry,Single carriageway,None,60,08:36:00,Rural,Fine no high winds,No,16 - 20,3,Urban area,8,750,None,None,Commuting to/from work,Not at or within 20 metres of junction,,,Petrol,Male,Skidded and overturned,No tow/articulation,Did not leave carriageway,0,Overtaking static vehicle - offside,1,Motorcycle over 125cc and up to 500cc,No,Front,2020
200914B123609,Unclassified,0,NA,0,Serious,None,14-10-2020,Friday,1,Not at junction or within 20 metres,Not at junction or within 20 metres,8.869675411,Daylight,426100,406800,76.63745173,E01007418,1,1,0,0,Dry,Single carriageway,None,60,15:45:00,Rural,Fine no high winds,No,16 - 20,3,Rural,8,1149,None,Tree,Taking pupil to/from school,Not at or within 20 metres of junction,,CLIO CAMPUS SPORT,Petrol,Male,Skidded,No tow/articulation,Nearside,0,Going ahead right-hand bend,1,Car,No,Front,2020
200822EA87458,B,4214,NA,0,Serious,None,13-02-2020,Thursday,1,Data missing or out of range,Not at junction or within 20 metres,26.47340674,Daylight,366960,245320,74.63712357,E01014014,3,1,0,0,Dry,Single carriageway,None,60,16:15:00,Rural,Fine no high winds,No,16 - 20,3,Small town,NA,2500,None,None,Journey as part of work,Not at or within 20 metres of junction,,MAXUS 2.8 CDI 95 SWB,Heavy oil,Male,Skidded and overturned,No tow/articulation,Nearside,0,Going ahead left-hand bend,1,Van / Goods 3.5 tonnes mgw or under,No,Front,2020
201037L018079,A,12,B,1437,Serious,None,18-12-2021,Wednesday,1,Give way or uncontrolled,Roundabout,26.4634993,Daylight,651930,286600,74.58595376,E01030252,1,2,0,0,Dry,Roundabout,None,60,12:50:00,Rural,Fine no high winds,No,16 - 20,3,Rural,8,124,None,None,Other/Not known (2005-10),Mid Junction - on roundabout or on main road,,JL 125-11,Petrol,Male,Skidded,No tow/articulation,Did not leave carriageway,0,Going ahead other,2,Motorcycle over 125cc and up to 500cc,No,Front,2020
200830B000190,A,6020,NA,0,Serious,None,18-04-2020,Monday,2,Data missing or out of range,Not at junction or within 20 metres,28.56978818,Daylight,422200,370510,77.23178138,E01019618,1,2,0,0,Dry,Single carriageway,None,60,13:20:00,Rural,Fine no high winds,No,16 - 20,3,Data missing or out of range,NA,49,None,None,Commuting to/from work,Not at or within 20 metres of junction,,YN 50 NEO'S,Petrol,Male,None,No tow/articulation,Did not leave carriageway,0,Going ahead other,1,Motorcycle 50cc and under,No,Front,2020
20104100G0402,C,24,NA,0,Serious,None,17-06-2019,Saturday,1,Not at junction or within 20 metres,Not at junction or within 20 metres,28.56481521,Daylight,512250,226040,77.09331223,E01023624,2,1,0,0,Dry,Slip road,None,60,21:00:00,Rural,Fine no high winds,No,16 - 20,3,Urban area,7,1753,None,Tree,Other/Not known (2005-10),Not at or within 20 metres of junction,,MONDEO ZETEC TDCI 125,Heavy oil,Male,Skidded,No tow/articulation,Offside,0,Changing lane to left,1,Car,No,Nearside,2021
200750B71F161,C,29,NA,0,Serious,None,14-07-2019,Tuesday,1,Not at junction or within 20 metres,Not at junction or within 20 metres,28.70702339,Daylight,220060,104080,77.11452426,E01018951,1,2,0,0,Dry,Single carriageway,None,60,17:02:00,Rural,Fine no high winds,No,16 - 20,3,Small town,4,125,None,None,Data missing or out of range,Not at or within 20 metres of junction,,SES 125-4,Petrol,Male,None,No tow/articulation,Did not leave carriageway,0,Overtaking moving vehicle - offside,2,Motorcycle 125cc and under,No,Front,2021
200954EU24509,C,336,C,336,Serious,None,26-05-2020,Sunday,1,Give way or uncontrolled,T or staggered junction,18.62304699,Daylight,417910,126940,73.82194097,E01031970,1,2,0,0,Dry,Single carriageway,None,60,11:17:00,Rural,Fine no high winds,No,16 - 20,3,Rural,10,1242,None,None,Other/Not known (2005-10),Mid Junction - on roundabout or on main road,,PUNTO ACTIVE 8V,Petrol,Male,None,No tow/articulation,Did not leave carriageway,0,Going ahead right-hand bend,2,Car,No,Front,2021
200943P192069,Unclassified,349,Unclassified,349,Serious,None,04-12-2020,Wednesday,1,Give way or uncontrolled,Private drive or entrance,18.58839044,Daylight,449740,228080,73.74906959,E01028506,1,2,0,0,Wet or damp,Single carriageway,None,60,17:57:00,Rural,Fine no high winds,No,16 - 20,3,Rural,7,599,None,None,Commuting to/from work,Approaching junction or waiting/parked at junction approach,,CBR 600 RR-6,Petrol,Male,None,No tow/articulation,Did not leave carriageway,0,Going ahead left-hand bend,1,Motorcycle over 500cc,No,Front,2021
20094100B9085,B,1000,Unclassified,77,Serious,None,29-01-2020,Wednesday,1,Give way or uncontrolled,T or staggered junction,18.4975195,Daylight,527370,213470,73.86010292,E01023486,2,2,0,0,Dry,Single carriageway,None,60,14:05:00,Rural,Fine no high winds,No,16 - 20,3,Rural,8,1086,None,None,Other/Not known (2005-10),Mid Junction - on roundabout or on main road,,PICANTO ZAPP A/C,Petrol,Male,None,No tow/articulation,Did not leave carriageway,0,Going ahead other,2,Car,No,Front,2021
200930C000490,Unclassified,0,NA,0,Serious,None,04-04-2020,Monday,1,Data missing or out of range,Not at junction or within 20 metres,18.53377544,Daylight,439990,368120,73.92330916,E01019798,1,2,0,0,Wet or damp,Single carriageway,None,60,16:50:00,Rural,Fine no high winds,No,16 - 20,3,Urban area,7,1896,None,None,Other/Not known (2005-10),Not at or within 20 metres of junction,,FABIA VRS TDI PD 130,Heavy oil,Male,None,No tow/articulation,Did not leave carriageway,0,Going ahead left-hand bend,1,Car,No,Did not impact,2021
201034WS36290,C,24,NA,0,Serious,None,09-12-2021,Thursday,1,Data missing or out of range,Not at junction or within 20 metres,18.5370003,Daylight,481780,260080,73.78000037,E01027273,1,3,0,0,Dry,Single carriageway,None,60,11:48:00,Rural,Fine no high winds,No,16 - 20,3,Small town,10,1050,None,None,Other/Not known (2005-10),Not at or within 20 metres of junction,,TIGER 1050 ABS,Petrol,Male,None,No tow/articulation,Did not leave carriageway,0,Going ahead other,1,Motorcycle over 500cc,No,Front,2021
200991NE06532,A,832,NA,0,Serious,None,17-01-2021,Thursday,1,Data missing or out of range,Not at junction or within 20 metres,19.15155933,Daylight,211980,882130,72.84226166,,1,1,0,0,Wet or damp,Single carriageway,None,60,18:34:00,Rural,Fine no high winds,Yes,16 - 20,3,Rural,NA,1246,None,Tree,Other/Not known (2005-10),Not at or within 20 metres of junction,,JAZZ S,Petrol,Male,None,No tow/articulation,Offside,0,Going ahead right-hand bend,1,Car,No,Nearside,2021
200937L016775,C,950,Unclassified,0,Serious,None,20-06-2020,Sunday,1,Give way or uncontrolled,Private drive or entrance,14.72989871,Daylight,632400,283440,78.59480538,E01030285,1,2,0,0,Dry,Single carriageway,None,60,12:33:00,Rural,Fine no high winds,No,16 - 20,3,Rural,6,398,None,None,Other/Not known (2005-10),Mid Junction - on roundabout or on main road,,DRZ 400 SM K5,Petrol,Male,Skidded,No tow/articulation,Did not leave carriageway,0,Going ahead left-hand bend,2,Motorcycle over 125cc and up to 500cc,No,Front,2019
200954EB16909,A,303,Unclassified,0,Serious,None,07-09-2021,Thursday,1,Give way or uncontrolled,Private drive or entrance,27.09840968,Daylight,392710,134480,93.60819647,E01032004,2,2,0,0,Dry,Single carriageway,None,60,14:42:00,Rural,Fine no high winds,No,16 - 20,3,Urban area,9,1753,None,None,Other/Not known (2005-10),Approaching junction or waiting/parked at junction approach,,TRAN CONNECT 200 D SWB,Heavy oil,Male,Skidded,No tow/articulation,Did not leave carriageway,0,Going ahead other,1,Van / Goods 3.5 tonnes mgw or under,No,Front,2019
2010160B00411,Unclassified,0,NA,0,Serious,None,01-02-2010,Monday,1,Data missing or out of range,Not at junction or within 20 metres,53.491673,Daylight,472780,400000,-0.904479,E01013251,1,1,0,0,Frost or ice,Single carriageway,None,60,08:59:00,Rural,Fine no high winds,No,16 - 20,3,Rural,7,1397,None,Tree,Other/Not known (2005-10),Not at or within 20 metres of junction,MINI,ONE,Petrol,Male,Skidded,No tow/articulation,Offside,0,Going ahead other,1,Car,No,Offside,2010
2010160B05171,A,1077,NA,0,Serious,None,08-09-2010,Wednesday,1,Data missing or out of range,Not at junction or within 20 metres,53.668024,Daylight,492000,419960,-0.608988,E01013291,1,1,0,0,Dry,Single carriageway,None,60,08:25:00,Rural,Fine no high winds,No,16 - 20,3,Rural,7,124,None,Tree,Other/Not known (2005-10),Not at or within 20 metres of junction,HONDA,XR 125 L-6,Petrol,Male,Skidded,No tow/articulation,Nearside,0,Going ahead other,1,Motorcycle over 125cc and up to 500cc,No,Front,2010
2010160C00951,Unclassified,0,NA,0,Serious,None,11-02-2010,Thursday,2,Data missing or out of range,Not at junction or within 20 metres,53.721724,Daylight,523140,426650,-0.135244,E01013033,1,2,0,0,Frost or ice,Single carriageway,None,60,08:45:00,Rural,Fine no high winds,No,16 - 20,3,Rural,7,49,None,Entered ditch,Other/Not known (2005-10),Not at or within 20 metres of junction,PEUGEOT,SPEEDFIGHT,Petrol,Male,Skidded,No tow/articulation,Nearside,0,Going ahead right-hand bend,1,Motorcycle 50cc and under,No,Offside,2010
201014A056710,A,19,C,334,Serious,None,12-04-2010,Monday,1,Give way or uncontrolled,Crossroads,53.628228,Daylight,456360,414970,-1.149244,E01007489,5,3,0,0,Dry,Single carriageway,None,60,14:42:00,Rural,Fine no high winds,No,16 - 20,3,Rural,6,999,None,None,Other/Not known (2005-10),Mid Junction - on roundabout or on main road,KIA,PICANTO GS,Petrol,Female,None,No tow/articulation,Nearside,0,Going ahead other,3,Car,No,Front,2010
201043P084100,A,4074,Unclassified,0,Serious,None,02-07-2021,Friday,1,Give way or uncontrolled,Private drive or entrance,14.78329525,Daylight,462080,188700,78.55788086,E01028620,3,2,0,0,Wet or damp,Single carriageway,None,60,10:42:00,Rural,Other,No,16 - 20,3,Urban area,9,1360,None,None,Commuting to/from work,Approaching junction or waiting/parked at junction approach,,C2 FURIO,Petrol,Female,None,No tow/articulation,Offside,0,Waiting to turn right,2,Car,No,Back,2019
200997QC00109,A,702,NA,0,Serious,None,03-07-2019,Tuesday,1,Data missing or out of range,Not at junction or within 20 metres,19.15706613,Daylight,309790,645850,72.8768794,,1,1,0,0,Wet or damp,Single carriageway,None,60,17:50:00,Rural,Raining + high winds,Yes,16 - 20,3,Small town,NA,1198,None,Tree,Other/Not known (2005-10),Not at or within 20 metres of junction,,POLO S 64,Petrol,Female,Skidded,No tow/articulation,Nearside,0,Going ahead right-hand bend,1,Taxi/Private hire car,No,Offside,2021
200991NP10738,A,87,NA,0,Serious,None,27-07-2019,Sunday,1,Data missing or out of range,Not at junction or within 20 metres,28.55988323,Daylight,193410,819150,77.28936303,,1,2,0,0,Wet or damp,Single carriageway,None,60,18:55:00,Rural,Raining no high winds,Yes,16 - 20,3,Rural,NA,124,None,None,Other/Not known (2005-10),Not at or within 20 metres of junction,,HD 125L,Petrol,Male,Skidded,No tow/articulation,Nearside,0,Going ahead left-hand bend,1,Motorcycle 125cc and under,No,Offside,2020
200791NN19411,B,9006,NA,0,Serious,None,08-07-2020,Wednesday,1,Data missing or out of range,Not at junction or within 20 metres,18.50132407,Daylight,274080,845200,73.94109567,,2,1,0,0,Wet or damp,Single carriageway,None,60,19:09:00,Rural,Raining no high winds,Yes,16 - 20,3,Rural,NA,1396,None,Tree,Other/Not known (2005-10),Not at or within 20 metres of junction,,STREETWISE SE 103,Petrol,Male,Overturned,No tow/articulation,Nearside,0,Going ahead right-hand bend,1,Car,No,Offside,2021
200863CP24908,B,4341,NA,0,Serious,None,06-03-2019,Saturday,1,Data missing or out of range,Not at junction or within 20 metres,19.06671365,Daylight,189360,214500,72.91774985,W01000622,3,2,0,0,Wet or damp,Single carriageway,None,60,13:10:00,Rural,Raining no high winds,No,16 - 20,3,Rural,NA,1461,None,None,Other/Not known (2005-10),Not at or within 20 metres of junction,,CLIO EXTREME DCI 65,Heavy oil,Male,None,No tow/articulation,Did not leave carriageway,0,Going ahead right-hand bend,1,Car,No,Front,2021
200804CK08137,A,570,NA,0,Serious,None,08-04-2020,Monday,1,Data missing or out of range,Not at junction or within 20 metres,14.71035457,Darkness - lights lit,339620,410410,78.63616374,E01025515,1,1,0,0,Dry,Single carriageway,None,60,23:05:00,Rural,Fine no high winds,No,21 - 25,3,Urban area,6,1149,None,Tree,Other/Not known (2005-10),Not at or within 20 metres of junction,,CLIO DYNAMIQUE 16V,Petrol,Male,Skidded,No tow/articulation,Offside,0,Going ahead left-hand bend,1,Car,No,Nearside,2019
200934NW50849,A,509,NA,0,Serious,None,15-02-2019,Monday,1,Data missing or out of range,Not at junction or within 20 metres,23.04699929,Darkness - lights lit,488200,269850,72.60421705,E01027338,2,5,0,0,Dry,Single carriageway,None,60,17:48:00,Rural,Fine no high winds,No,21 - 25,3,Small town,10,1388,None,None,Journey as part of work,Not at or within 20 metres of junction,,FIESTA ZETEC CLIMATE,Petrol,Male,None,No tow/articulation,Did not leave carriageway,0,Going ahead other,2,Car,No,Front,2019
200814B147808,A,635,Unclassified,0,Serious,None,16-01-2019,Wednesday,1,Give way or uncontrolled,T or staggered junction,28.60972644,Darkness - lights lit,447070,404740,77.18515919,E01007376,1,2,0,0,Dry,Dual carriageway,None,60,18:15:00,Rural,Fine no high winds,No,21 - 25,3,Urban area,2,124,None,None,Other/Not known (2005-10),Approaching junction or waiting/parked at junction approach,,,Petrol,Male,None,No tow/articulation,Did not leave carriageway,0,Going ahead other,2,Motorcycle over 125cc and up to 500cc,No,Front,2020
200843N242058,A,413,NA,0,Serious,None,07-05-2020,Sunday,1,Data missing or out of range,Not at junction or within 20 metres,28.50254309,Darkness - no lighting,470420,240270,77.10144277,E01017686,4,1,0,0,Dry,Single carriageway,None,60,01:15:00,Rural,Fine + high winds,No,21 - 25,3,Small town,10,1229,None,Other permanent object,Commuting to/from work,Not at or within 20 metres of junction,,CORSA SXI TWINPORT,Petrol,Male,Skidded and overturned,No tow/articulation,Offside,0,Going ahead left-hand bend,1,Car,No,Nearside,2019
20083108B0032,A,614,C,23,Serious,None,15-10-2021,Wednesday,1,Give way or uncontrolled,Crossroads,26.73936422,Darkness - no lighting,461140,353850,94.19071237,E01028327,3,3,0,0,Wet or damp,Single carriageway,None,60,06:50:00,Rural,Fine no high winds,No,21 - 25,3,Small town,3,1396,None,None,Commuting to/from work,Mid Junction - on roundabout or on main road,,ZR 105,Petrol,Male,None,No tow/articulation,Did not leave carriageway,0,Moving off,1,Car,No,Nearside,2019
200922D902205,Unclassified,0,NA,0,Serious,Other object on road,15-10-2021,Tuesday,1,Data missing or out of range,Not at junction or within 20 metres,22.0978304,Darkness - no lighting,385130,274220,82.17836045,E01032432,1,1,0,0,Dry,Single carriageway,None,60,21:40:00,Rural,Fine no high winds,No,21 - 25,3,Data missing or out of range,NA,124,Other object,None,Commuting to/from work,Not at or within 20 metres of junction,,GZ 125 K6,Petrol,Male,None,No tow/articulation,Did not leave carriageway,0,Going ahead other,1,Motorcycle 125cc and under,No,Front,2019
200850JS2L010,B,3372,NA,0,Serious,None,01-05-2021,Tuesday,1,Not at junction or within 20 metres,Not at junction or within 20 metres,26.46663656,Darkness - no lighting,272210,58830,80.29641978,E01020176,3,2,0,0,Wet or damp,Single carriageway,None,60,21:13:00,Rural,Fine no high winds,No,21 - 25,3,Urban area,7,2000,None,Tree,Other/Not known (2005-10),Not at or within 20 metres of junction,,,Petrol,Male,Skidded,No tow/articulation,Offside,0,Going ahead right-hand bend,1,Car,No,Nearside,2020
200734WS56677,A,428,NA,0,Serious,None,14-12-2021,Sunday,1,Data missing or out of range,Not at junction or within 20 metres,18.54196759,Darkness - no lighting,485000,257470,73.83877927,E01027308,1,1,0,0,Wet or damp,Single carriageway,None,60,01:40:00,Rural,Fine no high winds,No,21 - 25,3,Small town,10,1396,Any animal (except ridden horse),None,Other/Not known (2005-10),Not at or within 20 metres of junction,,ZR 105,Petrol,Male,Skidded and overturned,No tow/articulation,Did not leave carriageway,0,Going ahead other,1,Car,No,Nearside,2021
20093102D3116,C,4,NA,0,Serious,None,22-05-2021,Thursday,1,Data missing or out of range,Not at junction or within 20 metres,18.56601673,Darkness - no lighting,453910,332460,73.80420103,E01028378,1,2,0,0,Dry,Single carriageway,None,60,17:40:00,Rural,Fine no high winds,No,21 - 25,3,Urban area,10,1229,None,None,Commuting to/from work,Not at or within 20 metres of junction,,CORSA SXI+,Petrol,Male,None,No tow/articulation,Did not leave carriageway,0,Overtaking moving vehicle - offside,1,Car,No,Front,2021
200742I110703,A,133,NA,0,Serious,None,24-05-2019,Saturday,1,Not at junction or within 20 metres,Not at junction or within 20 metres,18.51046881,Darkness - no lighting,610820,223500,73.91424919,E01022019,5,2,0,0,Dry,Single carriageway,None,60,18:45:00,Rural,Fine no high winds,No,21 - 25,3,Urban area,7,1242,None,None,Other/Not known (2005-10),Not at or within 20 metres of junction,,PUNTO ACTIVE SPORT 8V,Petrol,Male,None,No tow/articulation,Did not leave carriageway,0,Going ahead other,1,Car,No,Offside,2021
201037B044938,A,11,NA,0,Serious,None,08-03-2019,Sunday,1,Data missing or out of range,Not at junction or within 20 metres,19.07456277,Darkness - no lighting,583350,280610,72.85884208,E01029928,6,3,0,0,Dry,Single carriageway,None,60,01:48:00,Rural,Fine no high winds,No,21 - 25,3,Urban area,9,1896,None,None,Journey as part of work,Not at or within 20 metres of junction,,PASSAT S TDI 105,Heavy oil,Male,None,No tow/articulation,Did not leave carriageway,0,Going ahead other,2,Taxi/Private hire car,No,Front,2021