Accident_Index,1st_Road_Class,1st_Road_Number,2nd_Road_Class,2nd_Road_Number,Accident_Severity,Carriageway_Hazards,Date,Day_of_Week,Did_Police_Officer_Attend_Scene_of_Accident,Junction_Control,Junction_Detail,Latitude,Light_Conditions,Location_Easting_OSGR,Location_Northing_OSGR,Longitude,LSOA_of_Accident_Location,Number_of_Casualties,Number_of_Vehicles,Pedestrian_Crossing-Human_Control,Pedestrian_Crossing-Physical_Facilities,Road_Surface_Conditions,Road_Type,Special_Conditions_at_Site,Speed_limit,Time,Urban_or_Rural_Area,Weather_Conditions,InScotland,Age_Band_of_Driver,Age_of_Vehicle,Driver_Home_Area_Type,Driver_IMD_Decile,Engine_Capacity_.CC.,Hit_Object_in_Carriageway,Hit_Object_off_Carriageway,Journey_Purpose_of_Driver,Junction_Location,make,model,Propulsion_Code,Sex_of_Driver,Skidding_and_Overturning,Towing_and_Articulation,Vehicle_Leaving_Carriageway,Vehicle_Location.Restricted_Lane,Vehicle_Manoeuvre,Vehicle_Reference,Vehicle_Type,Was_Vehicle_Left_Hand_Drive,X1st_Point_of_Impact,Year
200797LC01202,Unclassified,0,NA,0,Serious,None,20-04-2020,Friday,1,Data missing or out of range,Not at junction or within 20 metres,22.05352973,Daylight,249860,671230,82.12395381,,2,4,0,1,Dry,Single carriageway,None,30,15:30:00,Urban,Fine no high winds,Yes,46 - 55,3,Data missing or out of range,NA,1149,None,None,Other/Not known (2005-10),Not at or within 20 metres of junction,,CLIO EXTREME 3 16V,Petrol,Male,None,No tow/articulation,Did not leave carriageway,0,Parked,3,Car,No,Back,2019
200901TA00053,Unclassified,0,Unclassified,0,Serious,None,20-05-2021,Wednesday,1,Give way or uncontrolled,T or staggered junction,22.07936228,Daylight,530960,180920,82.14603418,E01004735,1,2,0,0,Dry,Single carriageway,None,30,08:00:00,Urban,Fine no high winds,No,46 - 55,3,Data missing or out of range,NA,2402,None,None,Journey as part of work,Mid Junction - on roundabout or on main road,,TRANSIT 350 LWB,Heavy oil,Male,None,No tow/articulation,Did not leave carriageway,0,U-turn,2,Van / Goods 3.5 tonnes mgw or under,No,Offside,2019
200850JA2C015,A,38,NA,0,Serious,None,29-04-2020,Thursday,1,Not at junction or within 20 metres,Not at junction or within 20 metres,22.10703269,Daylight,275680,69600,82.17721133,E01020197,4,3,0,0,Dry,Dual carriageway,None,70,11:11:00,Rural,Fine no high winds,No,46 - 55,3,Urban area,NA,11967,None,Central crash barrier,Journey as part of work,Not at or within 20 metres of junction,,,Heavy oil,Male,Jackknifed,Articulated vehicle,Offside on to central reservation,0,Overtaking moving vehicle - offside,2,Goods 7.5 tonnes mgw and over,No,Front,2019
2009170S21709,A,689,A,19,Serious,None,06-12-2021,Tuesday,1,Give way or uncontrolled,Roundabout,22.07683946,Daylight,444560,526110,82.11442021,E01012293,1,1,0,0,Dry,Dual carriageway,None,50,21:10:00,Rural,Fine no high winds,No,46 - 55,3,Data missing or out of range,NA,1170,None,None,Other/Not known (2005-10),Approaching junction or waiting/parked at junction approach,,R 1200 GS ADVENTURE,Petrol,Male,Skidded,No tow/articulation,Did not leave carriageway,0,Going ahead other,1,Motorcycle over 500cc,No,Offside,2019
200822CA88733,Unclassified,0,NA,0,Serious,None,19-09-2020,Sunday,2,Data missing or out of range,Not at junction or within 20 metres,15.20425265,Daylight,396610,256930,73.97290439,E01032416,1,2,0,0,Wet or damp,Single carriageway,None,30,10:30:00,Rural,Fine no high winds,No,46 - 55,3,Rural,6,3200,None,None,Other/Not known (2005-10),Not at or within 20 metres of junction,,SHOGUN WARRIOR DI-D AUTO,Heavy oil,Male,None,Single trailer,Did not leave carriageway,0,Overtaking moving vehicle - offside,1,Car,No,Nearside,2019
200997NA07002,A,89,NA,0,Serious,None,18-08-2020,Saturday,1,Data missing or out of range,Not at junction or within 20 metres,15.33617924,Daylight,274960,665070,74.07155571,,3,2,0,0,Wet or damp,Single carriageway,None,30,14:15:00,Urban,Fine no high winds,Yes,46 - 55,3,Rural,NA,7300,None,None,Journey as part of work,Not at or within 20 metres of junction,,,Heavy oil,Male,None,No tow/articulation,Did not leave carriageway,0,Parked,2,Bus or coach (17 or more pass seats),No,Back,2019
200811SJ15518,C,39,NA,0,Serious,None,30-10-2019,Friday,1,Data missing or out of range,Not at junction or within 20 metres,15.34153466,Daylight,424750,521960,74.13549689,E01012335,3,2,0,0,Dry,Single carriageway,None,60,15:55:00,Rural,Fine no high winds,No,46 - 55,3,Small town,9,1997,None,None,Other/Not known (2005-10),Not at or within 20 metres of junction,,407 SW X-LINE HDI,Heavy oil,Male,None,Caravan,Nearside,0,Going ahead other,2,Car,No,Front,2019
200863BC04708,A,485,Unclassified,0,Serious,None,12-04-2019,Thursday,1,Give way or uncontrolled,T or staggered junction,15.31086588,Daylight,265070,257120,74.09829465,W01000536,2,3,0,0,Dry,Single carriageway,None,60,07:26:00,Rural,Fine no high winds,No,46 - 55,3,Urban area,7,5880,None,None,Journey as part of work,Approaching junction or waiting/parked at junction approach,,FA CF65.250,Heavy oil,Male,None,No tow/articulation,Did not leave carriageway,0,Moving off,2,Goods 7.5 tonnes mgw and over,No,Offside,2019
200814B029708,A,616,NA,0,Serious,None,13-08-2020,Thursday,1,Not at junction or within 20 metres,Not at junction or within 20 metres,15.20287175,Daylight,431310,398720,73.978236,E01007421,5,5,0,0,Dry,Single carriageway,None,60,11:56:00,Rural,Fine no high winds,No,46 - 55,3,Rural,NA,1910,None,None,Journey as part of work,Not at or within 20 metres of junction,,ZAFIRA LIFE CDTI 120,Heavy oil,Male,None,No tow/articulation,Did not leave carriageway,0,Overtaking moving vehicle - offside,1,Car,No,Front,2019
200997QA01709,Unclassified,0,NA,0,Serious,None,22-06-2019,Saturday,1,Data missing or out of range,Not at junction or within 20 metres,15.28566408,Daylight,263490,636580,73.96887827,,2,2,0,0,Dry,Single carriageway,None,60,17:30:00,Rural,Fine no high winds,Yes,46 - 55,3,Small town,NA,1896,None,None,Other/Not known (2005-10),Not at or within 20 metres of junction,,OCTAVIA ELEGANCE TDI,Heavy oil,Male,None,No tow/articulation,Nearside,0,Going ahead other,2,Car,No,Front,2019
200797LB71404,A,85,NA,0,Serious,None,21-07-2021,Friday,1,Data missing or out of range,Not at junction or within 20 metres,15.20821784,Daylight,194360,733890,74.00137629,,1,1,0,0,Dry,Single carriageway,None,60,19:00:00,Rural,Fine no high winds,Yes,46 - 55,3,Urban area,8,1200,None,Road sign or traffic signal,Other/Not known (2005-10),Not at or within 20 metres of junction,,XL1200R SPORTSTER 1200,Petrol,Male,None,No tow/articulation,Nearside,0,Going ahead right-hand bend,1,Motorcycle over 500cc,No,Front,2019
200901WW50749,A,3220,Unclassified,0,Serious,None,11-05-2020,Friday,1,Give way or uncontrolled,Crossroads,15.29547341,Daylight,527270,176930,74.12140909,E01004582,1,2,0,4,Dry,Single carriageway,None,30,09:50:00,Urban,Fine no high winds,No,46 - 55,3,Urban area,2,1896,None,None,Other/Not known (2005-10),Mid Junction - on roundabout or on main road,,TR-PORTER T28 84 TDI SWB,Heavy oil,Male,None,No tow/articulation,Did not leave carriageway,0,Turning right,1,Van / Goods 3.5 tonnes mgw or under,No,Offside,2019
200897GE00503,Unclassified,0,Unclassified,0,Serious,None,31-12-2019,Tuesday,1,Give way or uncontrolled,Crossroads,15.29521484,Daylight,256260,662940,74.01069717,,2,2,0,0,Frost or ice,Single carriageway,None,30,08:50:00,Urban,Fine no high winds,Yes,46 - 55,3,Small town,NA,2204,None,Other permanent object,Journey as part of work,Mid Junction - on roundabout or on main road,,CR-V I-CTDI SPORT,Heavy oil,Male,Skidded,No tow/articulation,Nearside,0,Going ahead other,2,Car,No,Nearside,2019
200901JC30309,B,160,B,160,Serious,Other object on road,10-10-2019,Saturday,1,Give way or uncontrolled,T or staggered junction,15.19359743,Daylight,538540,191760,73.99749054,E01004381,1,2,0,0,Wet or damp,Single carriageway,None,30,18:21:00,Urban,Fine no high winds,No,46 - 55,3,Data missing or out of range,NA,1799,None,None,Other/Not known (2005-10),Mid Junction - on roundabout or on main road,,CIVIC EX I-VTEC S-A,Petrol,Male,None,No tow/articulation,Did not leave carriageway,0,Parked,2,Car,No,Back,2019
200820M018602,Unclassified,0,NA,0,Serious,None,17-03-2020,Wednesday,1,Data missing or out of range,Not at junction or within 20 metres,15.29648867,Daylight,429710,276570,73.98893939,E01009678,1,2,0,0,Dry,Single carriageway,None,40,17:25:00,Urban,Fine no high winds,No,46 - 55,3,Urban area,6,1995,None,None,Commuting to/from work,Not at or within 20 metres of junction,,520D SE,Heavy oil,Male,None,No tow/articulation,Did not leave carriageway,0,U-turn,1,Car,No,Offside,2019
200942I322710,A,120,Unclassified,0,Serious,None,13-04-2019,Thursday,1,Give way or uncontrolled,Crossroads,15.36379142,Daylight,610550,225290,74.01849466,E01022051,1,2,0,0,Dry,Dual carriageway,None,70,17:10:00,Rural,Fine no high winds,No,46 - 55,3,Urban area,5,1686,None,None,Journey as part of work,Entering main road,,COMBO 1700 CDTI 16V,Heavy oil,Male,None,No tow/articulation,Did not leave carriageway,0,Turning right,1,Van / Goods 3.5 tonnes mgw or under,No,Nearside,2019
200901WW50950,Unclassified,0,Unclassified,0,Serious,None,15-02-2020,Tuesday,1,Give way or uncontrolled,Mini-roundabout,23.00110025,Daylight,525470,173710,72.64827686,E01004593,1,2,0,0,Dry,Roundabout,None,30,07:37:00,Urban,Fine no high winds,No,46 - 55,3,Urban area,4,2231,None,None,Other/Not known (2005-10),Mid Junction - on roundabout or on main road,,AVENSIS T3 S D-4D,Heavy oil,Male,None,No tow/articulation,Did not leave carriageway,0,Going ahead other,1,Car,No,Offside,2019
200932D259209,A,15,NA,0,Serious,None,01-10-2021,Tuesday,1,Data missing or out of range,Not at junction or within 20 metres,23.02984787,Daylight,497990,370230,72.60598014,E01026178,3,5,0,0,Dry,Unknown,None,30,16:20:00,Urban,Fine no high winds,No,46 - 55,3,Rural,8,9364,None,None,Journey as part of work,Not at or within 20 metres of junction,,,Heavy oil,Male,None,No tow/articulation,Did not leave carriageway,0,Changing lane to left,1,Goods 7.5 tonnes mgw and over,No,Nearside,2019
201043P291110,A,415,NA,0,Serious,None,10-02-2019,Tuesday,1,Data missing or out of range,Not at junction or within 20 metres,23.02888712,Daylight,445680,196640,72.65557075,E01028739,1,2,0,0,Dry,Single carriageway,None,30,15:25:00,Rural,Fine no high winds,No,46 - 55,3,Data missing or out of range,NA,2993,None,None,Other/Not known (2005-10),Not at or within 20 metres of junction,,X3 D M SPORT A,Heavy oil,Male,None,No tow/articulation,Did not leave carriageway,0,Going ahead other,1,Car,No,Offside,2019
200897NC01308,A,80,NA,0,Serious,None,18-06-2020,Tuesday,1,Data missing or out of range,Not at junction or within 20 metres,23.05167069,Daylight,271560,671720,72.5622289,,1,4,0,0,Dry,Dual carriageway,None,60,08:15:00,Rural,Fine no high winds,Yes,46 - 55,3,Urban area,NA,1995,None,None,Other/Not known (2005-10),Not at or within 20 metres of junction,,120I SE,Petrol,Male,None,No tow/articulation,Did not leave carriageway,0,Going ahead other,2,Car,No,Nearside,2019
200943P221109,A,415,NA,0,Serious,None,09-03-2021,Saturday,1,Data missing or out of range,Not at junction or within 20 metres,23.03179847,Daylight,440250,201040,72.65536964,E01028736,1,2,0,0,Dry,Single carriageway,None,50,15:58:00,Rural,Fine no high winds,No,46 - 55,3,Urban area,5,500,None,None,Other/Not known (2005-10),Not at or within 20 metres of junction,,,Petrol,Male,None,No tow/articulation,Did not leave carriageway,0,Overtaking static vehicle - offside,1,Motorcycle over 125cc and up to 500cc,No,Offside,2019
200954DC41109,A,4361,NA,0,Serious,None,04-10-2019,Tuesday,1,Not at junction or within 20 metres,Not at junction or within 20 metres,23.00486731,Daylight,415050,182300,72.53202587,E01015536,2,3,0,0,Wet or damp,Dual carriageway,None,30,08:47:00,Rural,Fine no high winds,No,46 - 55,3,Small town,8,2698,None,None,Other/Not known (2005-10),Not at or within 20 metres of junction,,A6 TDI SE,Heavy oil,Male,None,No tow/articulation,Did not leave carriageway,0,Going ahead other,1,Car,No,Front,2019
200834NE26538,C,56,Unclassified,3749,Serious,None,20-05-2019,Thursday,1,Give way or uncontrolled,T or staggered junction,23.04231326,Daylight,495610,275150,72.54844724,E01027078,1,1,0,0,Dry,Single carriageway,None,30,10:26:00,Rural,Fine no high winds,No,46 - 55,3,Small town,6,1596,None,None,Other/Not known (2005-10),Cleared junction or waiting/parked at junction exit,,FOCUS ZETEC CLIMATE 116,Petrol,Male,None,No tow/articulation,Did not leave carriageway,0,Going ahead other,1,Car,No,Front,2019
200801RY10139,C,0,NA,0,Serious,None,23-05-2019,Monday,1,Data missing or out of range,Not at junction or within 20 metres,22.96995801,Daylight,549590,179030,72.61177431,E01000335,1,1,0,0,Dry,Single carriageway,None,30,07:05:00,Urban,Fine no high winds,No,46 - 55,3,Urban area,7,3498,None,None,Other/Not known (2005-10),Not at or within 20 metres of junction,,350Z,Petrol,Male,None,No tow/articulation,Did not leave carriageway,0,Overtaking static vehicle - offside,1,Car,No,Front,2019
200745SU10348,Motorway,3,NA,0,Serious,None,18-03-2019,Wednesday,1,Data missing or out of range,Not at junction or within 20 metres,23.05673349,Daylight,491520,162400,72.52259,E01030757,6,6,0,0,Dry,Dual carriageway,None,70,17:17:00,Rural,Fine no high winds,No,46 - 55,3,Urban area,10,1600,None,None,Other/Not known (2005-10),Not at or within 20 metres of junction,,GOLF FSI S,Petrol,Male,None,No tow/articulation,Did not leave carriageway,0,Going ahead other,6,Car,No,Did not impact,2019
200945MO40302,A,24,NA,0,Serious,None,07-01-2020,Friday,1,Data missing or out of range,Not at junction or within 20 metres,22.98804192,Daylight,518740,158170,72.52430013,E01030509,1,1,0,0,Dry,Single carriageway,None,30,09:35:00,Urban,Fine no high winds,No,46 - 55,3,Rural,8,2402,None,None,Other/Not known (2005-10),Not at or within 20 metres of junction,,TRANSIT 350 LWB,Heavy oil,Male,None,No tow/articulation,Did not leave carriageway,0,Going ahead other,1,Van / Goods 3.5 tonnes mgw or under,No,Front,2019
200734NW21027,B,573,C,87,Serious,None,11-09-2020,Monday,1,Give way or uncontrolled,Crossroads,22.99316088,Daylight,487290,264250,72.593463,E01027329,2,2,0,0,Dry,Single carriageway,None,60,11:50:00,Urban,Fine no high winds,No,46 - 55,3,Urban area,2,1997,None,None,Journey as part of work,Mid Junction - on roundabout or on main road,,807 S HDI,Heavy oil,Male,None,No tow/articulation,Did not leave carriageway,0,Going ahead other,2,Car,No,Front,2019
200897UC41703,Unclassified,0,NA,0,Serious,None,31-12-2020,Friday,1,Data missing or out of range,Not at junction or within 20 metres,23.00179792,Daylight,252910,625470,72.60837045,,1,1,0,0,Dry,Single carriageway,None,30,15:25:00,Rural,Fine no high winds,Yes,46 - 55,3,Rural,NA,1951,None,None,Other/Not known (2005-10),Not at or within 20 metres of junction,,FREELANDER TD4 S S/W,Heavy oil,Male,None,No tow/articulation,Did not leave carriageway,0,Going ahead other,1,Car,No,Offside,2019
200806Q087551,A,670,NA,0,Serious,None,05-09-2020,Wednesday,1,Not at junction or within 20 metres,Not at junction or within 20 metres,28.42452005,Daylight,399500,405330,76.972854,E01005407,2,2,0,0,Wet or damp,Single carriageway,None,30,08:57:00,Rural,Fine no high winds,No,46 - 55,3,Rural,8,2231,None,None,Other/Not known (2005-10),Not at or within 20 metres of junction,,AVENSIS T3 X D-4D,Heavy oil,Male,Skidded,No tow/articulation,Did not leave carriageway,0,Going ahead other,2,Car,No,Front,2019
200804BA08063,A,683,NA,0,Serious,None,26-04-2021,Wednesday,1,Data missing or out of range,Not at junction or within 20 metres,28.4344493,Daylight,360090,471690,77.01699011,E01025166,1,3,0,0,Dry,Dual carriageway,None,60,18:50:00,Rural,Fine no high winds,No,46 - 55,3,Small town,9,953,None,None,Other/Not known (2005-10),Not at or within 20 metres of junction,,ZR 1000 A2H,Petrol,Male,None,No tow/articulation,Did not leave carriageway,0,Going ahead other,1,Motorcycle over 500cc,No,Offside,2019
20094100T6126,Motorway,25,NA,0,Serious,None,30-12-2020,Saturday,2,Not at junction or within 20 metres,Not at junction or within 20 metres,28.4262961,Daylight,504250,197150,77.06731646,E01023813,1,3,0,0,Dry,Dual carriageway,None,70,11:15:00,Rural,Fine no high winds,No,46 - 55,3,Data missing or out of range,NA,12777,None,None,Other/Not known (2005-10),Not at or within 20 metres of junction,,,Heavy oil,Male,None,Articulated vehicle,Did not leave carriageway,0,Waiting to go - held up,1,Goods 7.5 tonnes mgw and over,No,Back,2019
200922D901084,A,38,Unclassified,0,Serious,None,11-08-2021,Sunday,1,Give way or uncontrolled,Other junction,28.4282549,Daylight,396870,272780,76.98716954,E01032153,1,1,0,0,Dry,Single carriageway,None,40,10:30:00,Urban,Fine no high winds,No,46 - 55,3,Small town,10,1157,None,None,Other/Not known (2005-10),Entering main road,,K 1200 S,Petrol,Male,Skidded,No tow/articulation,Did not leave carriageway,0,Turning right,1,Motorcycle over 500cc,No,Nearside,2019
200843N128098,Motorway,40,NA,0,Serious,None,10-04-2020,Friday,1,Data missing or out of range,Not at junction or within 20 metres,28.43014514,Daylight,483070,191280,77.06130057,E01017877,1,3,0,0,Dry,Dual carriageway,None,70,16:19:00,Rural,Fine no high winds,No,46 - 55,3,Rural,7,1299,None,None,Commuting to/from work,Not at or within 20 metres of junction,,GSX 1300 RK5,Petrol,Male,Skidded and overturned,No tow/articulation,Did not leave carriageway,0,Going ahead other,3,Motorcycle over 500cc,No,Nearside,2019
200906X021545,Motorway,66,NA,0,Serious,None,20-12-2021,Sunday,1,Not at junction or within 20 metres,Not at junction or within 20 metres,28.49810194,Daylight,379760,416080,77.0308775,E01005022,1,1,0,0,Dry,Dual carriageway,None,70,12:50:00,Rural,Fine no high winds,No,46 - 55,3,Rural,7,2148,None,Other permanent object,Other/Not known (2005-10),Not at or within 20 metres of junction,,C220 CDI SE AUTO,Heavy oil,Male,Skidded and overturned,No tow/articulation,Nearside,0,Going ahead other,1,Car,No,Front,2019
200801CW10367,A,41,C,0,Serious,None,27-02-2019,Monday,1,Auto traffic signal,Crossroads,28.41446959,Daylight,528220,181050,77.00567977,E01004762,1,1,0,5,Dry,Single carriageway,None,30,17:55:00,Urban,Fine no high winds,No,46 - 55,3,Urban area,2,2402,None,None,Journey as part of work,Approaching junction or waiting/parked at junction approach,,TXII BRONZE AUTO,Heavy oil,Male,None,No tow/articulation,Did not leave carriageway,0,Going ahead other,1,Taxi/Private hire car,No,Nearside,2019
200850C31D192,Unclassified,0,Unclassified,0,Serious,None,27-06-2019,Wednesday,1,Give way or uncontrolled,T or staggered junction,28.41728834,Daylight,252140,147320,77.09155116,E01020111,1,2,0,0,Dry,One way street,None,30,13:35:00,Urban,Fine no high winds,No,46 - 55,3,Data missing or out of range,NA,1229,None,None,Data missing or out of range,Approaching junction or waiting/parked at junction approach,,CORSA SXI+ 16V,Petrol,Male,None,No tow/articulation,Did not leave carriageway,0,Going ahead other,2,Car,No,Offside,2019
2009559D02525,Unclassified,0,NA,0,Serious,None,10-08-2020,Thursday,1,Not at junction or within 20 metres,Not at junction or within 20 metres,28.43916082,Daylight,363190,80780,77.01316474,E01020512,2,2,0,0,Dry,Single carriageway,None,30,09:05:00,Rural,Fine no high winds,No,46 - 55,3,Urban area,8,1598,None,None,Other/Not known (2005-10),Not at or within 20 metres of junction,,ZAFIRA EXPRESSION,Petrol,Male,None,No tow/articulation,Did not leave carriageway,0,Going ahead other,1,Car,No,Back,2019
200742I083603,Motorway,25,NA,0,Serious,None,06-10-2019,Thursday,1,Not at junction or within 20 metres,Not at junction or within 20 metres,28.4527636,Daylight,557490,180600,77.09871628,E01015926,2,2,0,0,Dry,Dual carriageway,None,70,07:40:00,Rural,Fine no high winds,No,46 - 55,3,Urban area,3,1686,None,None,Journey as part of work,Not at or within 20 metres of junction,,ASTRA LS DTI,Heavy oil,Male,Skidded,No tow/articulation,Did not leave carriageway,0,Going ahead other,1,Car,No,Front,2019
200904CK09130,A,565,NA,0,Serious,None,17-10-2020,Sunday,1,Data missing or out of range,Not at junction or within 20 metres,28.45649655,Daylight,344150,419650,76.99944352,E01025531,1,2,0,0,Dry,Single carriageway,None,50,11:34:00,Rural,Fine no high winds,No,46 - 55,3,Urban area,9,1560,None,None,Other/Not known (2005-10),Not at or within 20 metres of junction,,XSARA PICASSO EXCL 92,Heavy oil,Male,None,No tow/articulation,Did not leave carriageway,0,Turning right,2,Car,No,Did not impact,2019
200750B41I507,A,390,Unclassified,0,Serious,None,26-10-2020,Wednesday,1,Give way or uncontrolled,T or staggered junction,12.99791502,Daylight,209320,59170,77.61202414,E01019037,1,2,0,0,Dry,Dual carriageway,None,60,19:40:00,Rural,Fine no high winds,No,46 - 55,3,Urban area,5,1299,None,None,Data missing or out of range,Mid Junction - on roundabout or on main road,,GSX 1300 RZK3,Petrol,Male,Skidded,No tow/articulation,Did not leave carriageway,0,Going ahead right-hand bend,2,Motorcycle over 500cc,No,Front,2019
200945WO41207,Unclassified,3732,Unclassified,0,Serious,None,20-04-2021,Wednesday,1,Give way or uncontrolled,Other junction,12.98766029,Daylight,501910,159030,77.51193576,E01030989,1,1,0,0,Dry,Single carriageway,None,30,18:30:00,Urban,Fine no high winds,No,46 - 55,3,Urban area,9,1461,None,None,Other/Not known (2005-10),Approaching junction or waiting/parked at junction approach,,G-SCENIC DYN-7 DCI 106,Heavy oil,Male,None,No tow/articulation,Did not leave carriageway,0,Going ahead other,1,Car,No,Front,2020
200754EP18507,A,420,Unclassified,0,Serious,None,26-06-2019,Friday,1,Give way or uncontrolled,T or staggered junction,8.889014292,Daylight,391750,173660,76.65255227,E01031910,1,1,0,4,Dry,One way street,None,30,15:37:00,Urban,Fine no high winds,No,46 - 55,3,Urban area,10,1686,None,None,Journey as part of work,Mid Junction - on roundabout or on main road,,ASTRAVAN ENVOY CDTI,Heavy oil,Male,None,No tow/articulation,Did not leave carriageway,0,Changing lane to left,1,Van / Goods 3.5 tonnes mgw or under,No,Front,2020
20093102D2446,C,169,Unclassified,0,Serious,None,01-07-2021,Thursday,1,Give way or uncontrolled,T or staggered junction,8.884813861,Daylight,460800,341930,76.6947038,E01028211,1,2,0,0,Dry,Single carriageway,None,30,09:54:00,Urban,Fine no high winds,No,46 - 55,3,Urban area,3,459,None,None,Other/Not known (2005-10),Mid Junction - on roundabout or on main road,,X9 500,Petrol,Male,None,No tow/articulation,Did not leave carriageway,0,Going ahead other,1,Motorcycle over 125cc and up to 500cc,No,Front,2020
200901EO40544,Unclassified,0,NA,0,Serious,None,11-06-2020,Tuesday,1,Data missing or out of range,Not at junction or within 20 metres,8.874718609,Daylight,531890,185480,76.69240252,E01002745,2,2,0,0,Dry,Single carriageway,None,30,13:54:00,Urban,Fine no high winds,No,46 - 55,3,Data missing or out of range,NA,1999,None,None,Other/Not known (2005-10),Not at or within 20 metres of junction,,FOCUS C-MAX GHIA AUTO,Petrol,Male,None,No tow/articulation,Did not leave carriageway,0,Going ahead left-hand bend,2,Car,No,Front,2020
200901TD00143,A,2,NA,0,Serious,None,26-09-2019,Friday,1,Data missing or out of range,Not at junction or within 20 metres,8.893177814,Daylight,533440,178490,76.65435015,E01003966,2,1,0,0,Dry,Single carriageway,None,30,17:33:00,Urban,Fine no high winds,No,46 - 55,3,Urban area,4,125,None,None,Other/Not known (2005-10),Not at or within 20 metres of junction,,PES 125,Petrol,Male,None,No tow/articulation,Did not leave carriageway,0,Going ahead other,1,Motorcycle 125cc and under,No,Front,2020
200901TE00151,A,3220,A,40,Serious,None,12-10-2021,Wednesday,1,Give way or uncontrolled,Roundabout,8.883166693,Daylight,523600,181150,76.67305117,E01002877,2,2,0,0,Dry,Roundabout,None,30,08:00:00,Urban,Fine no high winds,No,46 - 55,3,Urban area,4,998,None,None,Other/Not known (2005-10),Mid Junction - on roundabout or on main road,,CBF 1000 A-6,Petrol,Male,None,No tow/articulation,Did not leave carriageway,0,Going ahead right-hand bend,1,Motorcycle 125cc and under,No,Offside,2020
2008160D02030,Unclassified,0,Unclassified,0,Serious,None,01-04-2021,Monday,1,Give way or uncontrolled,T or staggered junction,28.42937934,Darkness - lights lit,507510,433510,77.01164547,E01012875,2,1,0,0,Dry,Single carriageway,None,20,20:25:00,Urban,Fine no high winds,No,16 - 20,2,Urban area,1,125,None,None,Other/Not known (2005-10),Cleared junction or waiting/parked at junction exit,,XL 125 V-6,Petrol,Male,None,No tow/articulation,Did not leave carriageway,0,Going ahead other,1,Motorcycle 50cc and under,No,Front,2019
200754DN39607,Unclassified,0,NA,0,Serious,None,30-10-2021,Tuesday,1,Not at junction or within 20 metres,Not at junction or within 20 metres,28.59719928,Darkness - lights unlit,411790,189380,77.27442769,E01015470,1,2,0,0,Dry,Single carriageway,None,20,20:45:00,Rural,Fine no high winds,No,16 - 20,2,Urban area,1,49,None,None,Other/Not known (2005-10),Not at or within 20 metres of junction,,COMMUTER,Petrol,Male,Skidded,No tow/articulation,Did not leave carriageway,0,Going ahead right-hand bend,1,Motorcycle 50cc and under,No,Nearside,2020
200854ER27808,C,270,Unclassified,0,Serious,None,22-02-2021,Monday,1,Give way or uncontrolled,T or staggered junction,19.1646096,Darkness - no lighting,383910,143780,72.85185768,E01032051,1,1,0,0,Wet or damp,Single carriageway,None,20,23:11:00,Rural,Fine no high winds,No,16 - 20,2,Urban area,5,125,None,Other permanent object,Commuting to/from work,Leaving main road,,,Petrol,Male,None,No tow/articulation,Did not leave carriageway,0,Turning left,1,Motorcycle over 125cc and up to 500cc,No,Front,2021
2009160C05810,B,1240,Unclassified,0,Serious,None,26-12-2021,Thursday,1,Give way or uncontrolled,Private drive or entrance,28.39064657,Daylight,518950,429650,78.54942689,E01013094,1,2,0,0,Dry,Single carriageway,None,20,08:25:00,Rural,Fine no high winds,No,16 - 20,2,Rural,8,49,None,None,Pupil riding to/from school,Approaching junction or waiting/parked at junction approach,,FORMULA R 50,Petrol,Male,None,No tow/articulation,Did not leave carriageway,0,Overtaking moving vehicle - offside,1,Motorcycle 50cc and under,No,Nearside,2021
2010160C05891,B,1362,B,1240,Serious,None,03-09-2010,Friday,1,Give way or uncontrolled,Crossroads,53.741812,Daylight,519030,428780,-0.19668,E01013095,3,2,0,0,Dry,Single carriageway,Roadworks,20,12:50:00,Rural,Fine no high winds,No,16 - 20,2,Urban area,1,2287,None,None,Journey as part of work,Entering main road,FIAT,DUCATO 33 120 M-JET LWB,Heavy oil,Male,None,No tow/articulation,Did not leave carriageway,0,Going ahead other,1,Van / Goods 3.5 tonnes mgw or under,No,Front,2010
200954ES36109,Unclassified,0,Unclassified,0,Serious,None,29-06-2019,Friday,1,Auto traffic signal,Crossroads,13.01236782,Darkness - lights lit,414610,129950,77.53938368,E01032022,4,2,0,0,Dry,One way street,None,20,22:56:00,Urban,Fine no high winds,No,26 - 35,2,Urban area,7,2204,None,None,Journey as part of work,Mid Junction - on roundabout or on main road,,ACCORD GT SPORT I-CTDI,Heavy oil,Male,None,No tow/articulation,Did not leave carriageway,0,Going ahead other,1,Car,No,Front,2019
200906G024605,Unclassified,0,Unclassified,0,Serious,None,16-02-2020,Saturday,1,Give way or uncontrolled,Crossroads,18.50186479,Daylight,395880,396490,73.89447873,E01006034,1,2,0,0,Wet or damp,Single carriageway,None,20,13:14:00,Urban,Fine no high winds,No,26 - 35,2,Data missing or out of range,NA,125,None,None,Other/Not known (2005-10),Entering main road,,,Petrol,Male,Skidded,No tow/articulation,Did not leave carriageway,0,Going ahead other,1,Motorcycle 125cc and under,No,Offside,2021