Accident_Index,1st_Road_Class,1st_Road_Number,2nd_Road_Class,2nd_Road_Number,Accident_Severity,Carriageway_Hazards,Date,Day_of_Week,Did_Police_Officer_Attend_Scene_of_Accident,Junction_Control,Junction_Detail,Latitude,Light_Conditions,Location_Easting_OSGR,Location_Northing_OSGR,Longitude,LSOA_of_Accident_Location,Number_of_Casualties,Number_of_Vehicles,Pedestrian_Crossing-Human_Control,Pedestrian_Crossing-Physical_Facilities,Road_Surface_Conditions,Road_Type,Special_Conditions_at_Site,Speed_limit,Time,Urban_or_Rural_Area,Weather_Conditions,InScotland,Age_Band_of_Driver,Age_of_Vehicle,Driver_Home_Area_Type,Driver_IMD_Decile,Engine_Capacity_.CC.,Hit_Object_in_Carriageway,Hit_Object_off_Carriageway,Journey_Purpose_of_Driver,Junction_Location,make,model,Propulsion_Code,Sex_of_Driver,Skidding_and_Overturning,Towing_and_Articulation,Vehicle_Leaving_Carriageway,Vehicle_Location.Restricted_Lane,Vehicle_Manoeuvre,Vehicle_Reference,Vehicle_Type,Was_Vehicle_Left_Hand_Drive,X1st_Point_of_Impact,Year
200801ZD30989,B,275,Unclassified,0,Serious,None,19-11-2021,Sunday,1,Give way or uncontrolled,Crossroads,28.53292045,Darkness - lights lit,532220,164350,77.36751835,E01001170,1,3,0,0,Wet or damp,Single carriageway,None,30,17:39:00,Urban,Raining no high winds,No,16 - 20,2,Urban area,2,7300,None,None,Journey as part of work,Approaching junction or waiting/parked at junction approach,,,Heavy oil,Male,None,No tow/articulation,Did not leave carriageway,0,Going ahead other,1,Bus or coach (17 or more pass seats),No,Front,2020
20094100F0498,Unclassified,232,Unclassified,455,Serious,None,25-01-2019,Monday,1,Give way or uncontrolled,T or staggered junction,18.54029043,Darkness - lights lit,515000,206690,73.83520298,E01023740,1,2,0,0,Wet or damp,Single carriageway,None,30,19:00:00,Urban,Raining no high winds,No,16 - 20,2,Data missing or out of range,NA,125,None,None,Journey as part of work,Mid Junction - on roundabout or on main road,,ANF 126 T-6,Petrol,Male,Skidded,No tow/articulation,Did not leave carriageway,0,Going ahead other,2,Motorcycle 125cc and under,No,Front,2021
200743N001037,Unclassified,32,Unclassified,2073,Serious,None,02-04-2021,Friday,1,Give way or uncontrolled,T or staggered junction,18.63070521,Darkness - lights lit,484250,212820,73.86045061,E01017640,2,3,0,0,Wet or damp,Single carriageway,None,30,18:08:00,Urban,Raining no high winds,No,16 - 20,2,Rural,10,124,None,None,Journey as part of work,Approaching junction or waiting/parked at junction approach,,XT 125 R,Petrol,Male,None,No tow/articulation,Did not leave carriageway,0,Overtaking moving vehicle - offside,2,Motorcycle 125cc and under,No,Front,2021
200801TW60003,A,3003,Unclassified,0,Serious,None,19-11-2019,Friday,1,Give way or uncontrolled,T or staggered junction,18.63727329,Darkness - lights lit,521030,175990,73.92282263,E01003856,2,2,0,0,Wet or damp,Single carriageway,None,30,20:32:00,Urban,Raining no high winds,No,16 - 20,2,Urban area,6,125,None,None,Other/Not known (2005-10),Approaching junction or waiting/parked at junction approach,,ANF 126-6,Petrol,Male,None,No tow/articulation,Did not leave carriageway,0,Going ahead right-hand bend,2,Motorcycle 125cc and under,No,Front,2021
200901CW19018,A,41,NA,0,Serious,None,21-07-2021,Saturday,1,Data missing or out of range,Not at junction or within 20 metres,18.56106386,Darkness - lights lit,525980,185160,73.88016642,E01000880,1,2,0,0,Wet or damp,Single carriageway,None,30,16:45:00,Urban,Raining no high winds,No,16 - 20,2,Urban area,3,1598,None,None,Other/Not known (2005-10),Not at or within 20 metres of junction,,GOLF MATCH FSI 115 A,Petrol,Male,None,No tow/articulation,Did not leave carriageway,2,Going ahead other,1,Car,No,Front,2021
200801HT72869,B,108,A,1209,Serious,None,04-06-2019,Sunday,1,Auto traffic signal,Crossroads,19.08649785,Darkness - lights lit,534360,182610,72.8627421,E01004211,4,2,0,4,Wet or damp,Single carriageway,None,30,02:40:00,Urban,Raining no high winds,No,16 - 20,2,Urban area,1,1910,Kerb,Road sign or traffic signal,Other/Not known (2005-10),Mid Junction - on roundabout or on main road,,VECTRA LIFE CDTI 120,Heavy oil,Male,None,No tow/articulation,Did not leave carriageway,0,Going ahead other,1,Car,No,Front,2021
201001RY10237,C,0,Unclassified,0,Serious,None,27-05-2010,Thursday,1,Give way or uncontrolled,T or staggered junction,51.465646,Darkness - lights lit,547970,176230,0.128822,E01000356,1,1,0,0,Wet or damp,Single carriageway,None,30,00:50:00,Urban,Raining no high winds,No,16 - 20,2,Urban area,9,1149,Kerb,Lamp post,Other/Not known (2005-10),Approaching junction or waiting/parked at junction approach,RENAULT,TWINGO EXTREME 60,Petrol,Male,None,No tow/articulation,Nearside,0,Going ahead other,1,Car,No,Front,2010
200906Q024107,A,62,Unclassified,0,Serious,None,11-10-2020,Thursday,1,Give way or uncontrolled,Crossroads,14.78704766,Daylight,390110,402040,78.55643234,E01005368,1,2,0,4,Dry,Single carriageway,None,30,08:45:00,Urban,Fine + high winds,No,16 - 20,2,Urban area,7,49,None,None,Pupil riding to/from school,Approaching junction or waiting/parked at junction approach,,NRG,Petrol,Male,None,No tow/articulation,Did not leave carriageway,0,Going ahead other,1,Motorcycle 50cc and under,No,Front,2019
200845RE19586,A,217,NA,0,Serious,None,10-03-2021,Tuesday,1,Data missing or out of range,Not at junction or within 20 metres,14.73837346,Daylight,525350,150600,78.48547222,E01030620,1,2,0,1,Wet or damp,Single carriageway,None,30,11:14:00,Urban,Fine + high winds,No,16 - 20,2,Urban area,5,124,None,None,Other/Not known (2005-10),Not at or within 20 metres of junction,,XR 125 L-5,Petrol,Male,Skidded,No tow/articulation,Did not leave carriageway,0,Going ahead other,2,Motorcycle 50cc and under,No,Front,2019
200830A000390,A,6,Unclassified,0,Serious,None,07-07-2019,Wednesday,1,Give way or uncontrolled,T or staggered junction,14.71937654,Daylight,434710,351810,78.52307382,E01019430,1,2,0,0,Dry,Single carriageway,None,30,18:35:00,Rural,Fine no high winds,No,16 - 20,2,Urban area,10,125,None,None,Other/Not known (2005-10),Approaching junction or waiting/parked at junction approach,,XL 125 V-5,Petrol,Male,None,No tow/articulation,Did not leave carriageway,0,Going ahead other,1,Motorcycle 125cc and under,No,Front,2019
200904CM09116,A,675,B,6230,Serious,None,10-03-2021,Saturday,1,Give way or uncontrolled,Roundabout,27.09623832,Daylight,355790,428170,93.61919834,E01025457,1,2,0,0,Dry,Roundabout,None,30,19:34:00,Urban,Fine no high winds,No,16 - 20,2,Small town,7,49,None,None,Other/Not known (2005-10),Entering roundabout,,NRG,Petrol,Male,None,No tow/articulation,Did not leave carriageway,0,Turning right,2,Motorcycle 50cc and under,No,Did not impact,2019
200930C000175,Unclassified,0,A,619,Serious,None,22-11-2020,Wednesday,1,Give way or uncontrolled,T or staggered junction,26.72930423,Daylight,439570,373060,94.19085817,E01019536,1,2,0,8,Dry,Single carriageway,None,30,16:31:00,Urban,Fine no high winds,No,16 - 20,2,Urban area,3,124,None,None,Other/Not known (2005-10),Approaching junction or waiting/parked at junction approach,,XT 125 X,Petrol,Male,Overturned,No tow/articulation,Did not leave carriageway,0,Going ahead other,2,Motorcycle 125cc and under,No,Front,2019
200901YE80265,C,0,Unclassified,0,Serious,None,01-06-2021,Tuesday,1,Give way or uncontrolled,Private drive or entrance,26.75996737,Daylight,532910,197220,94.21569388,E01001542,1,2,0,0,Dry,Single carriageway,None,30,18:55:00,Urban,Fine no high winds,No,16 - 20,2,Urban area,9,125,None,None,Other/Not known (2005-10),Mid Junction - on roundabout or on main road,,CBR 125 RW-6,Petrol,Male,None,No tow/articulation,Did not leave carriageway,0,Overtaking moving vehicle - offside,2,Motorcycle 125cc and under,No,Front,2019
200932B356309,A,151,Unclassified,0,Serious,None,12-10-2021,Saturday,1,Give way or uncontrolled,T or staggered junction,25.77555588,Daylight,524760,323180,87.48781025,E01026261,1,2,0,0,Dry,Single carriageway,None,30,14:37:00,Urban,Fine no high winds,No,16 - 20,2,Rural,4,124,None,None,Other/Not known (2005-10),Approaching junction or waiting/parked at junction approach,,YBR 125,Petrol,Male,None,No tow/articulation,Did not leave carriageway,0,Overtaking moving vehicle - offside,2,Motorcycle over 125cc and up to 500cc,No,Front,2019
200806F094818,C,0,Unclassified,0,Serious,None,13-06-2021,Friday,1,Give way or uncontrolled,T or staggered junction,25.77080954,Daylight,378250,402670,87.49898908,E01005670,2,2,0,0,Dry,Single carriageway,None,30,12:09:00,Urban,Fine no high winds,No,16 - 20,2,Urban area,5,998,None,Near/Offside crash barrier,Other/Not known (2005-10),Approaching junction or waiting/parked at junction approach,,AYGO+ VVT-I,Petrol,Male,None,No tow/articulation,Offside,0,Turning right,1,Car,No,Did not impact,2019
200911NI15899,B,6278,NA,0,Serious,None,05-07-2021,Tuesday,1,Not at junction or within 20 metres,Not at junction or within 20 metres,22.06172313,Daylight,401800,550070,82.13489881,E01020891,1,2,0,0,Dry,Single carriageway,None,30,10:12:00,Rural,Fine no high winds,No,16 - 20,2,Urban area,7,1242,None,None,Other/Not known (2005-10),Not at or within 20 metres of junction,,PUNTO ACTIVE,Petrol,Male,None,No tow/articulation,Did not leave carriageway,0,Parked,2,Car,No,Back,2019
200920K051601,A,461,Unclassified,0,Serious,None,04-05-2019,Wednesday,1,Give way or uncontrolled,T or staggered junction,15.32739121,Daylight,397470,292360,74.11605748,E01009980,1,2,0,0,Dry,Single carriageway,None,30,17:50:00,Urban,Fine no high winds,No,16 - 20,2,Urban area,3,124,None,None,Journey as part of work,Mid Junction - on roundabout or on main road,,GZ 125 K6,Petrol,Male,None,No tow/articulation,Did not leave carriageway,0,Overtaking static vehicle - offside,2,Motorcycle 125cc and under,No,Front,2019
200842I141104,A,128,Unclassified,0,Serious,None,05-12-2020,Saturday,1,Give way or uncontrolled,T or staggered junction,15.17726056,Daylight,559900,193610,74.03259081,E01021436,2,2,0,1,Dry,Single carriageway,None,30,08:42:00,Urban,Fine no high winds,No,16 - 20,2,Urban area,6,1498,None,None,Other/Not known (2005-10),Approaching junction or waiting/parked at junction approach,,A150 ELEGANCE SE CVT,Petrol,Male,None,No tow/articulation,Did not leave carriageway,0,Going ahead other,1,Car,No,Offside,2019
200937B043275,A,131,NA,0,Serious,None,10-06-2021,Sunday,2,Data missing or out of range,Not at junction or within 20 metres,15.30035301,Daylight,587430,241300,74.10444704,E01029920,2,1,0,4,Dry,One way street,None,30,12:15:00,Urban,Fine no high winds,No,16 - 20,2,Rural,8,125,None,None,Other/Not known (2005-10),Not at or within 20 metres of junction,,RS 125 FP 06,Petrol,Male,None,No tow/articulation,Did not leave carriageway,0,Going ahead other,1,Motorcycle 125cc and under,No,Nearside,2019
201042I022301,Unclassified,0,NA,0,Serious,None,14-12-2019,Thursday,1,Not at junction or within 20 metres,Not at junction or within 20 metres,23.06246194,Daylight,581130,215160,72.62460093,E01021427,2,2,0,8,Dry,Single carriageway,None,30,12:19:00,Urban,Fine no high winds,No,16 - 20,2,Urban area,4,487,None,None,Other/Not known (2005-10),Not at or within 20 metres of junction,,GS 500 FK7,Petrol,Male,Skidded,No tow/articulation,Did not leave carriageway,0,Going ahead other,1,Motorcycle over 125cc and up to 500cc,No,Front,2019
201042I335310,A,133,Unclassified,0,Serious,None,24-07-2019,Thursday,1,Give way or uncontrolled,Roundabout,28.42616813,Daylight,601860,224700,76.98005045,E01021701,1,1,0,1,Dry,Single carriageway,None,30,14:18:00,Urban,Fine no high winds,No,16 - 20,2,Small town,7,1125,None,None,Other/Not known (2005-10),Cleared junction or waiting/parked at junction exit,,1125 R,Petrol,Male,Skidded,No tow/articulation,Did not leave carriageway,0,Going ahead right-hand bend,1,Motorcycle over 500cc,No,Nearside,2019
200920J050002,B,4183,Unclassified,0,Serious,None,08-06-2021,Thursday,1,Give way or uncontrolled,T or staggered junction,28.47005585,Daylight,395610,282760,77.05571577,E01009732,1,2,0,0,Dry,Single carriageway,None,30,08:40:00,Urban,Fine no high winds,No,16 - 20,2,Urban area,7,645,None,None,Other/Not known (2005-10),Approaching junction or waiting/parked at junction approach,,SV 650 SK6 S,Petrol,Male,None,No tow/articulation,Did not leave carriageway,0,Going ahead other,2,Motorcycle over 500cc,No,Nearside,2019
200954DE12609,B,4005,Unclassified,0,Serious,None,29-08-2019,Tuesday,1,Give way or uncontrolled,T or staggered junction,12.97493358,Daylight,413680,181200,77.65957148,E01015586,1,1,0,0,Dry,Single carriageway,None,30,18:55:00,Rural,Fine no high winds,No,16 - 20,2,Urban area,4,50,Kerb,Lamp post,Other/Not known (2005-10),Cleared junction or waiting/parked at junction exit,,MADASS,Petrol,Male,None,No tow/articulation,Nearside,0,Going ahead other,1,Motorcycle 50cc and under,No,Front,2019
200920F114201,A,441,Unclassified,0,Serious,None,04-08-2019,Thursday,1,Give way or uncontrolled,Crossroads,12.98103053,Daylight,407260,285870,77.66220608,E01009378,1,2,0,5,Dry,Single carriageway,None,30,17:20:00,Urban,Fine no high winds,No,16 - 20,2,Urban area,6,2993,None,None,Other/Not known (2005-10),Mid Junction - on roundabout or on main road,,335D M SPORT,Heavy oil,Male,None,No tow/articulation,Did not leave carriageway,0,Going ahead other,1,Car,No,Nearside,2019
200842I079703,Unclassified,0,Unclassified,0,Serious,None,17-11-2019,Saturday,1,Give way or uncontrolled,T or staggered junction,13.03949986,Daylight,579010,184510,77.63837364,E01021505,1,2,0,0,Dry,Single carriageway,None,30,16:38:00,Urban,Fine no high winds,No,16 - 20,2,Urban area,2,1360,None,None,Other/Not known (2005-10),Approaching junction or waiting/parked at junction approach,,C2 FURIO,Petrol,Male,None,No tow/articulation,Did not leave carriageway,0,Going ahead other,1,Car,No,Front,2020
200914K274309,A,621,Unclassified,0,Serious,None,22-11-2020,Wednesday,1,Auto traffic signal,T or staggered junction,22.72969944,Daylight,434000,383750,75.85931923,E01007929,1,2,0,4,Dry,Single carriageway,None,30,14:19:00,Urban,Fine no high winds,No,16 - 20,2,Urban area,6,2993,None,None,Other/Not known (2005-10),Mid Junction - on roundabout or on main road,,325D M SPORT A,Heavy oil,Male,None,No tow/articulation,Did not leave carriageway,0,Going ahead other,2,Car,No,Nearside,2020
200806J093496,A,627,C,0,Serious,None,26-02-2021,Monday,1,Give way or uncontrolled,Crossroads,22.75073861,Daylight,393370,390580,75.91474434,E01005902,1,2,0,0,Dry,Single carriageway,None,30,07:45:00,Urban,Fine no high winds,No,16 - 20,2,Urban area,4,124,None,None,Commuting to/from work,Mid Junction - on roundabout or on main road,,YBR 125,Petrol,Male,None,No tow/articulation,Did not leave carriageway,0,Going ahead other,2,Motorcycle 125cc and under,No,Nearside,2020
200901PY20728,A,212,NA,0,Serious,None,03-09-2019,Saturday,1,Data missing or out of range,Not at junction or within 20 metres,26.47460857,Daylight,533740,170890,74.63744989,E01003948,1,2,0,0,Dry,Single carriageway,None,30,16:14:00,Urban,Fine no high winds,No,16 - 20,2,Urban area,2,124,None,None,Other/Not known (2005-10),Not at or within 20 metres of junction,,SC 125,Petrol,Male,None,No tow/articulation,Did not leave carriageway,0,Going ahead other,2,Motorcycle 125cc and under,No,Front,2020
200830A000066,Unclassified,0,Unclassified,0,Serious,None,15-02-2020,Wednesday,1,Give way or uncontrolled,Private drive or entrance,26.47917146,Daylight,440650,354450,80.27654242,E01019473,1,2,0,0,Dry,Single carriageway,None,30,10:45:00,Urban,Fine no high winds,No,16 - 20,2,Urban area,5,124,None,None,Journey as part of work,Mid Junction - on roundabout or on main road,,,Petrol,Male,None,No tow/articulation,Did not leave carriageway,0,Going ahead other,2,Motorcycle 125cc and under,No,Front,2020
2008160C03220,A,1035,Unclassified,0,Serious,None,07-08-2019,Tuesday,1,Give way or uncontrolled,Private drive or entrance,26.46810246,Daylight,503750,440430,80.29491048,E01013069,1,2,0,0,Dry,Single carriageway,None,30,09:51:00,Urban,Fine no high winds,No,16 - 20,2,Rural,10,49,None,None,Other/Not known (2005-10),Approaching junction or waiting/parked at junction approach,,SR 50 R,Petrol,Male,None,No tow/articulation,Did not leave carriageway,0,Overtaking moving vehicle - offside,1,Motorcycle 50cc and under,No,Front,2020
200906Q018021,A,62,C,0,Serious,None,06-01-2019,Tuesday,1,Auto traffic signal,T or staggered junction,28.53559019,Daylight,390340,402300,77.14392671,E01005368,3,2,0,0,Dry,Single carriageway,None,30,19:20:00,Urban,Fine no high winds,No,16 - 20,2,Urban area,8,2500,None,None,Journey as part of work,Mid Junction - on roundabout or on main road,,MAXUS 3.5T 120 LWB,Heavy oil,Male,None,No tow/articulation,Offside,0,Going ahead other,1,Van / Goods 3.5 tonnes mgw or under,No,Front,2020
200920K078201,Unclassified,0,Unclassified,0,Serious,None,08-03-2021,Wednesday,1,Give way or uncontrolled,Mini-roundabout,28.61883762,Daylight,397180,293520,77.20026666,E01009983,1,1,0,0,Dry,Single carriageway,None,30,13:30:00,Urban,Fine no high winds,No,16 - 20,2,Urban area,2,125,None,Lamp post,Other/Not known (2005-10),Leaving roundabout,,SK 125-4 INSPECTOR,Petrol,Male,None,No tow/articulation,Offside,0,Going ahead other,1,Motorcycle 125cc and under,No,Offside,2020
200922E903458,A,465,Unclassified,0,Serious,None,06-04-2021,Wednesday,1,Give way or uncontrolled,T or staggered junction,28.61970865,Daylight,354990,243050,77.2450511,E01014023,1,3,0,0,Dry,Single carriageway,None,30,18:45:00,Rural,Fine no high winds,No,16 - 20,2,Rural,6,1986,None,None,Commuting to/from work,Entering main road,,A4 AVANT S LINE TDI 140,Heavy oil,Male,None,No tow/articulation,Did not leave carriageway,0,Turning right,1,Car,No,Front,2020
200805BB27848,A,5058,A,5038,Serious,None,04-11-2021,Monday,1,Auto traffic signal,Crossroads,28.63860866,Daylight,335210,394970,77.35852465,E01006962,4,4,0,5,Dry,Dual carriageway,None,30,14:49:00,Urban,Fine no high winds,No,16 - 20,2,Data missing or out of range,NA,1339,None,None,Other/Not known (2005-10),Approaching junction or waiting/parked at junction approach,,JAZZ SE,Petrol,Male,Skidded,No tow/articulation,Did not leave carriageway,0,Going ahead other,1,Car,No,Front,2020
200843R089118,A,4,NA,0,Serious,None,11-12-2021,Friday,1,Data missing or out of range,Not at junction or within 20 metres,28.66973898,Daylight,489640,181320,77.22620087,E01016590,1,1,0,4,Dry,Single carriageway,None,30,10:50:00,Urban,Fine no high winds,No,16 - 20,2,Rural,NA,1399,None,None,Other/Not known (2005-10),Not at or within 20 metres of junction,,KALOS SX,Petrol,Male,None,No tow/articulation,Did not leave carriageway,0,Going ahead other,1,Car,No,Front,2020
200845TA28722,B,2030,Unclassified,1426,Serious,None,06-04-2020,Wednesday,1,Give way or uncontrolled,T or staggered junction,28.61503317,Daylight,533430,155720,77.24802654,E01030847,1,3,0,0,Dry,Single carriageway,None,30,17:20:00,Urban,Fine no high winds,No,16 - 20,2,Urban area,8,124,None,None,Commuting to/from work,Cleared junction or waiting/parked at junction exit,,XR 125 L-6,Petrol,Male,None,No tow/articulation,Did not leave carriageway,0,Going ahead other,2,Motorcycle over 125cc and up to 500cc,No,Front,2021
200901VK30183,A,3,NA,0,Serious,None,05-10-2020,Wednesday,1,Data missing or out of range,Not at junction or within 20 metres,28.60790544,Daylight,519880,166050,77.16408776,E01002919,1,2,0,0,Dry,Single carriageway,None,30,17:52:00,Urban,Fine no high winds,No,16 - 20,2,Urban area,8,49,None,None,Other/Not known (2005-10),Not at or within 20 metres of junction,,NRG,Petrol,Male,None,No tow/articulation,Did not leave carriageway,0,Going ahead other,1,Motorcycle 50cc and under,No,Front,2021
2009559C03795,A,35,Unclassified,0,Serious,None,15-09-2020,Thursday,1,Give way or uncontrolled,T or staggered junction,28.55512283,Daylight,413020,92790,77.23259582,E01015318,2,3,0,4,Dry,Single carriageway,None,30,16:26:00,Urban,Fine no high winds,No,16 - 20,2,Data missing or out of range,NA,1242,None,None,Commuting to/from work,Mid Junction - on roundabout or on main road,,PUNTO ACTIVE,Petrol,Male,None,No tow/articulation,Did not leave carriageway,0,Turning right,1,Car,No,Offside,2021
200922C903778,B,4632,Unclassified,0,Serious,None,14-06-2021,Saturday,1,Give way or uncontrolled,Other junction,18.51237816,Daylight,408830,238190,73.73531201,E01032351,1,2,0,0,Dry,Single carriageway,None,30,14:55:00,Rural,Fine no high winds,No,16 - 20,2,Data missing or out of range,NA,599,None,None,Other/Not known (2005-10),Approaching junction or waiting/parked at junction approach,,GSXR 600 K7,Petrol,Male,None,No tow/articulation,Did not leave carriageway,0,Overtaking moving vehicle - offside,1,Motorcycle over 500cc,No,Front,2021
2009160B02260,Unclassified,0,Unclassified,0,Serious,None,28-05-2020,Tuesday,1,Give way or uncontrolled,Private drive or entrance,18.52499409,Daylight,488230,409430,73.89019139,E01013316,1,2,0,0,Dry,Single carriageway,None,30,11:10:00,Urban,Fine no high winds,No,16 - 20,2,Small town,4,1339,None,None,Other/Not known (2005-10),Approaching junction or waiting/parked at junction approach,,JAZZ SE,Petrol,Male,None,No tow/articulation,Did not leave carriageway,0,Waiting to turn right,1,Car,No,Front,2021
200991NJ14682,B,874,NA,0,Serious,None,16-07-2019,Monday,1,Data missing or out of range,Not at junction or within 20 metres,18.54554564,Daylight,311080,967770,73.93420243,,1,2,0,0,Wet or damp,Single carriageway,None,30,16:15:00,Rural,Fine no high winds,Yes,16 - 20,2,Small town,NA,1999,None,None,Commuting to/from work,Not at or within 20 metres of junction,,FIESTA ST,Petrol,Male,None,No tow/articulation,Did not leave carriageway,0,Going ahead other,1,Car,No,Front,2021
200804BC08044,Unclassified,0,Unclassified,0,Serious,None,31-01-2020,Tuesday,1,Give way or uncontrolled,T or staggered junction,18.54557565,Daylight,333660,441510,73.87145561,E01025576,1,2,0,0,Dry,Single carriageway,None,30,08:55:00,Urban,Fine no high winds,No,16 - 20,2,Data missing or out of range,NA,49,None,None,Pupil riding to/from school,Approaching junction or waiting/parked at junction approach,,SR 50 R,Petrol,Male,None,No tow/articulation,Did not leave carriageway,0,Overtaking static vehicle - offside,1,Motorcycle 50cc and under,No,Front,2021
2007557P03660,Unclassified,0,NA,0,Serious,None,03-06-2019,Monday,1,Not at junction or within 20 metres,Not at junction or within 20 metres,18.5772485,Daylight,404830,93400,73.7985666,E01015385,1,2,0,0,Dry,Single carriageway,None,30,18:20:00,Urban,Fine no high winds,No,16 - 20,2,Urban area,3,121,None,None,Other/Not known (2005-10),Not at or within 20 metres of junction,,CG 125-4,Petrol,Male,None,No tow/articulation,Did not leave carriageway,0,Going ahead other,2,Motorcycle over 125cc and up to 500cc,No,Front,2021
200801CW10388,A,41,C,0,Serious,None,10-05-2020,Monday,1,Auto traffic signal,Crossroads,18.5289365,Daylight,526720,183290,73.84121102,E01004647,1,2,0,5,Dry,Single carriageway,None,30,10:00:00,Urban,Fine no high winds,No,16 - 20,2,Urban area,4,125,None,None,Other/Not known (2005-10),Mid Junction - on roundabout or on main road,,CBR 125 RW-6,Petrol,Male,None,No tow/articulation,Did not leave carriageway,0,Going ahead other,2,Motorcycle 125cc and under,No,Front,2021
200914A121009,C,69,NA,0,Serious,None,09-10-2021,Monday,1,Not at junction or within 20 metres,Not at junction or within 20 metres,18.6206503,Daylight,465300,409980,73.73703721,E01007563,1,2,0,0,Dry,Single carriageway,None,30,06:45:00,Urban,Fine no high winds,No,16 - 20,2,Urban area,5,50,None,None,Journey as part of work,Not at or within 20 metres of junction,,,Petrol,Male,None,No tow/articulation,Did not leave carriageway,0,Going ahead other,2,Motorcycle 125cc and under,No,Front,2021
200906J009321,A,560,Unclassified,0,Serious,None,22-03-2019,Saturday,1,Give way or uncontrolled,T or staggered junction,18.49546932,Daylight,387810,389710,73.88300623,E01005821,1,2,0,0,Dry,Single carriageway,None,30,12:45:00,Urban,Fine no high winds,No,16 - 20,2,Urban area,4,600,None,None,Other/Not known (2005-10),Approaching junction or waiting/parked at junction approach,,ZX 600 P7F,Petrol,Male,Skidded,No tow/articulation,Did not leave carriageway,0,Going ahead other,2,Motorcycle over 500cc,No,Front,2021
2008160C03630,Unclassified,0,Unclassified,0,Serious,None,01-01-2020,Wednesday,2,Give way or uncontrolled,T or staggered junction,18.6204544,Daylight,498850,425750,73.79657289,E01013089,1,2,0,0,Dry,Single carriageway,None,30,16:30:00,Rural,Fine no high winds,No,16 - 20,2,Small town,10,1490,None,None,Other/Not known (2005-10),Approaching junction or waiting/parked at junction approach,,SWIFT VVTS GLX,Petrol,Male,None,No tow/articulation,Did not leave carriageway,0,Going ahead right-hand bend,2,Car,No,Offside,2021
201037B044703,C,732,Unclassified,8640,Serious,Any animal in carriageway (except ridden horse),24-12-2020,Sunday,1,Give way or uncontrolled,T or staggered junction,19.10934018,Daylight,589040,240270,72.91175029,E01029887,3,2,0,0,Dry,Single carriageway,None,30,16:00:00,Urban,Fine no high winds,No,16 - 20,2,Urban area,8,2488,None,None,Other/Not known (2005-10),Approaching junction or waiting/parked at junction approach,,NAVARA AVENTURA D/C DCI,Heavy oil,Male,None,No tow/articulation,Did not leave carriageway,0,Going ahead other,1,Van / Goods 3.5 tonnes mgw or under,No,Front,2021
200914K101509,C,428,Unclassified,0,Serious,None,13-04-2020,Monday,1,Give way or uncontrolled,Other junction,19.19035831,Daylight,433920,391590,72.90456956,E01008090,1,2,0,0,Dry,Single carriageway,None,30,15:30:00,Urban,Fine no high winds,No,16 - 20,2,Urban area,3,1229,None,None,Other/Not known (2005-10),Entering from slip road,,CORSA CLUB A/C S-A,Petrol,Male,None,No tow/articulation,Did not leave carriageway,0,Turning right,1,Car,No,Front,2021
2009170L21929,C,113,Unclassified,0,Serious,None,06-10-2019,Wednesday,1,Give way or uncontrolled,T or staggered junction,19.18836455,Daylight,454770,517980,72.8640228,E01012145,2,2,0,0,Dry,Single carriageway,None,30,11:20:00,Urban,Fine no high winds,No,16 - 20,2,Urban area,9,50,None,None,Other/Not known (2005-10),Mid Junction - on roundabout or on main road,,,Petrol,Male,None,No tow/articulation,Did not leave carriageway,0,Going ahead other,2,Motorcycle 50cc and under,No,Front,2021
201042I102404,Unclassified,0,Unclassified,0,Serious,None,30-05-2020,Sunday,1,Give way or uncontrolled,T or staggered junction,19.06643365,Daylight,617660,215570,72.93713992,E01022043,1,2,0,0,Dry,Single carriageway,Road surface defective,30,12:01:00,Urban,Fine no high winds,No,16 - 20,2,Urban area,4,49,None,None,Other/Not known (2005-10),Approaching junction or waiting/parked at junction approach,,SPEEDFIGHT,Petrol,Male,None,No tow/articulation,Did not leave carriageway,0,Going ahead other,2,Motorcycle 50cc and under,No,Front,2021
200914K180509,A,6109,A,6102,Serious,None,17-06-2019,Sunday,1,Auto traffic signal,Roundabout,19.11645946,Daylight,438090,389930,72.93613032,E01007876,1,1,0,0,Dry,Roundabout,None,30,04:09:00,Urban,Fine no high winds,No,16 - 20,2,Urban area,1,96,None,None,Other/Not known (2005-10),Mid Junction - on roundabout or on main road,,ZIP 100,Petrol,Male,None,No tow/articulation,Did not leave carriageway,0,Going ahead right-hand bend,1,Motorcycle 125cc and under,No,Did not impact,2021
200937B043282,B,1115,Unclassified,4539,Serious,None,28-03-2019,Sunday,1,Give way or uncontrolled,T or staggered junction,19.07139575,Daylight,604560,258680,72.9279552,E01030073,1,2,0,0,Dry,Single carriageway,None,30,13:00:00,Urban,Fine no high winds,No,16 - 20,2,Urban area,5,49,None,None,Other/Not known (2005-10),Mid Junction - on roundabout or on main road,,DD 50 E-2,Petrol,Male,Skidded,No tow/articulation,Did not leave carriageway,0,Going ahead other,2,Motorcycle 50cc and under,No,Nearside,2021