Accident_Index,1st_Road_Class,1st_Road_Number,2nd_Road_Class,2nd_Road_Number,Accident_Severity,Carriageway_Hazards,Date,Day_of_Week,Did_Police_Officer_Attend_Scene_of_Accident,Junction_Control,Junction_Detail,Latitude,Light_Conditions,Location_Easting_OSGR,Location_Northing_OSGR,Longitude,LSOA_of_Accident_Location,Number_of_Casualties,Number_of_Vehicles,Pedestrian_Crossing-Human_Control,Pedestrian_Crossing-Physical_Facilities,Road_Surface_Conditions,Road_Type,Special_Conditions_at_Site,Speed_limit,Time,Urban_or_Rural_Area,Weather_Conditions,InScotland,Age_Band_of_Driver,Age_of_Vehicle,Driver_Home_Area_Type,Driver_IMD_Decile,Engine_Capacity_.CC.,Hit_Object_in_Carriageway,Hit_Object_off_Carriageway,Journey_Purpose_of_Driver,Junction_Location,make,model,Propulsion_Code,Sex_of_Driver,Skidding_and_Overturning,Towing_and_Articulation,Vehicle_Leaving_Carriageway,Vehicle_Location.Restricted_Lane,Vehicle_Manoeuvre,Vehicle_Reference,Vehicle_Type,Was_Vehicle_Left_Hand_Drive,X1st_Point_of_Impact,Year
200905AA01198,B,5139,Unclassified,0,Serious,None,14-04-2019,Tuesday,1,Give way or uncontrolled,T or staggered junction,14.66729828,Daylight,326860,388110,78.61759438,E01007302,1,2,0,0,Dry,Single carriageway,None,30,19:55:00,Urban,Fine no high winds,No,16 - 20,2,Urban area,1,1596,None,None,Other/Not known (2005-10),Approaching junction or waiting/parked at junction approach,,FOCUS SPORT,Petrol,Male,None,No tow/articulation,Did not leave carriageway,0,Turning right,1,Car,No,Front,2019
200832D187708,Unclassified,0,Unclassified,0,Serious,None,19-08-2020,Monday,1,Give way or uncontrolled,T or staggered junction,27.10574975,Daylight,501850,380040,93.62338343,E01026413,1,1,0,0,Wet or damp,Single carriageway,None,30,18:38:00,Rural,Fine no high winds,No,16 - 20,2,Data missing or out of range,NA,49,None,None,Other/Not known (2005-10),Mid Junction - on roundabout or on main road,,CW 50 NG ORG,Petrol,Male,Skidded,No tow/articulation,Did not leave carriageway,0,Going ahead left-hand bend,1,Motorcycle 50cc and under,No,Nearside,2019
200843W208098,A,4,Unclassified,7201,Serious,None,06-11-2019,Thursday,1,Give way or uncontrolled,T or staggered junction,27.09173178,Daylight,472910,173210,93.63073388,E01016416,1,3,0,0,Dry,Single carriageway,None,30,16:25:00,Urban,Fine no high winds,No,16 - 20,2,Urban area,10,49,None,None,Pupil riding to/from school,Approaching junction or waiting/parked at junction approach,,LUDIX 10 BLASTER,Petrol,Male,None,No tow/articulation,Did not leave carriageway,2,Going ahead other,2,Motorcycle 50cc and under,No,Front,2019
20084100J2110,C,116,Unclassified,340,Serious,None,11-10-2019,Saturday,1,Give way or uncontrolled,T or staggered junction,27.10367306,Daylight,524650,200730,93.61572435,E01023576,2,2,0,0,Dry,Single carriageway,None,30,13:00:00,Urban,Fine no high winds,No,16 - 20,2,Data missing or out of range,NA,125,None,None,Commuting to/from work,Approaching junction or waiting/parked at junction approach,,CBR 125 RS-5,Petrol,Male,Skidded and overturned,No tow/articulation,Did not leave carriageway,0,Going ahead other,2,Motorcycle 125cc and under,No,Front,2019
201037B044441,A,1308,Unclassified,4553,Serious,None,10-04-2019,Saturday,1,Give way or uncontrolled,T or staggered junction,27.09756988,Daylight,604890,258870,93.62200878,E01030074,1,2,0,0,Wet or damp,Single carriageway,Roadworks,30,10:35:00,Urban,Fine no high winds,No,16 - 20,2,Small town,8,49,None,None,Other/Not known (2005-10),Approaching junction or waiting/parked at junction approach,,BT 49 QT-9D,Petrol,Male,Skidded,No tow/articulation,Did not leave carriageway,0,Going ahead other,2,Motorcycle 50cc and under,No,Front,2019
201001HT20413,A,1203,NA,0,Serious,None,19-06-2010,Saturday,1,Data missing or out of range,Not at junction or within 20 metres,51.509665,Daylight,535460,180780,-0.049413,E01004303,1,2,0,0,Dry,Single carriageway,None,30,07:20:00,Urban,Fine no high winds,No,16 - 20,2,Urban area,2,125,None,None,Other/Not known (2005-10),Not at or within 20 metres of junction,LIFAN,LF 125-14F,Petrol,Male,None,No tow/articulation,Did not leave carriageway,0,Overtaking moving vehicle - offside,2,Motorcycle 125cc and under,No,Nearside,2010
201001KD50460,A,125,NA,0,Serious,None,03-09-2010,Friday,1,Data missing or out of range,Not at junction or within 20 metres,51.522775,Daylight,552100,182710,0.191024,E01002370,1,2,0,0,Dry,Single carriageway,None,30,07:55:00,Urban,Fine no high winds,No,16 - 20,2,Small town,6,782,None,Bus stop or bus shelter,Other/Not known (2005-10),Not at or within 20 metres of junction,HONDA,VFR 800 A-8,Petrol,Male,None,No tow/articulation,Nearside,0,Going ahead other,2,Motorcycle 125cc and under,No,Offside,2010
201001PL60328,Unclassified,0,Unclassified,0,Serious,None,28-05-2010,Friday,1,Give way or uncontrolled,Mini-roundabout,51.463203,Daylight,536960,175650,-0.0298,E01003277,2,2,0,0,Dry,Roundabout,None,30,19:40:00,Urban,Fine no high winds,No,16 - 20,2,Urban area,3,1995,None,None,Journey as part of work,Mid Junction - on roundabout or on main road,BMW,120D SE AUTO,Heavy oil,Male,None,No tow/articulation,Did not leave carriageway,0,Going ahead other,2,Car,No,Front,2010
201005BB01795,Unclassified,0,NA,0,Serious,None,20-02-2010,Saturday,1,Data missing or out of range,Not at junction or within 20 metres,53.487337,Daylight,335520,399400,-2.973261,E01007088,1,1,0,0,Dry,Single carriageway,None,30,15:08:00,Urban,Fine no high winds,No,16 - 20,2,Urban area,5,1598,None,None,Other/Not known (2005-10),Not at or within 20 metres of junction,VAUXHALL,ASTRA SXI,Petrol,Male,None,No tow/articulation,Did not leave carriageway,0,Going ahead other,1,Car,No,Front,2010
201005EE05552,B,5188,Unclassified,0,Serious,None,27-09-2010,Monday,1,Give way or uncontrolled,T or staggered junction,53.416004,Daylight,337230,391440,-2.945903,E01006694,1,3,0,4,Dry,Single carriageway,None,30,10:55:00,Urban,Fine no high winds,No,16 - 20,2,Urban area,1,1910,None,None,Other/Not known (2005-10),Approaching junction or waiting/parked at junction approach,VAUXHALL,ASTRA SRI CDTI 8V,Heavy oil,Male,None,No tow/articulation,Did not leave carriageway,0,Overtaking moving vehicle - offside,2,Car,No,Nearside,2010
201011SJ11710,Unclassified,0,NA,0,Serious,None,06-04-2010,Tuesday,1,Not at junction or within 20 metres,Not at junction or within 20 metres,54.528777,Daylight,428500,514920,-1.561128,E01012355,1,2,0,0,Dry,Single carriageway,None,30,16:00:00,Urban,Fine no high winds,No,16 - 20,2,Urban area,3,124,None,None,Commuting to/from work,Not at or within 20 metres of junction,YAMAHA,YZF R125,Petrol,Male,Skidded,No tow/articulation,Did not leave carriageway,0,Overtaking static vehicle - offside,2,Motorcycle over 125cc and up to 500cc,No,Front,2010
201014K080210,A,61,NA,0,Serious,None,22-03-2010,Monday,1,Not at junction or within 20 metres,Not at junction or within 20 metres,53.38816,Daylight,435820,388060,-1.462882,E01007876,1,2,0,5,Dry,Dual carriageway,None,30,08:40:00,Urban,Fine no high winds,No,16 - 20,2,Urban area,2,645,Parked vehicle,None,Commuting to/from work,Not at or within 20 metres of junction,SUZUKI,SV 650 SK8 SPORT,Petrol,Male,None,No tow/articulation,Did not leave carriageway,0,Turning left,2,Motorcycle over 500cc,No,Front,2010
2010160B04241,A,161,Unclassified,0,Serious,None,06-11-2010,Saturday,1,Give way or uncontrolled,T or staggered junction,53.52057,Daylight,478080,403300,-0.823791,E01013244,1,2,0,0,Dry,Single carriageway,None,30,11:30:00,Rural,Fine no high winds,No,16 - 20,2,Rural,8,100,None,None,Other/Not known (2005-10),Mid Junction - on roundabout or on main road,PEUGEOT,SPEEDFIGHT,Petrol,Male,None,No tow/articulation,Did not leave carriageway,0,Going ahead other,2,Motorcycle 125cc and under,No,Front,2010
200763BC01707,A,487,Unclassified,0,Serious,None,26-09-2019,Thursday,1,Give way or uncontrolled,Private drive or entrance,14.75133694,Daylight,258780,280560,78.56630735,,1,2,0,0,Dry,Single carriageway,None,30,11:40:00,Urban,Fine no high winds,No,16 - 20,2,Rural,NA,124,None,Other permanent object,Other/Not known (2005-10),Approaching junction or waiting/parked at junction approach,,XR 125 L-4,Petrol,Female,None,No tow/articulation,Offside and rebounded,0,Overtaking moving vehicle - offside,2,Motorcycle over 125cc and up to 500cc,No,Front,2019
200904FJ09050,A,6066,Unclassified,0,Serious,Previous accident,06-03-2019,Saturday,1,Give way or uncontrolled,Other junction,25.77029768,Daylight,386900,421910,87.47630466,E01025370,1,3,0,0,Frost or ice,Single carriageway,None,30,09:05:00,Rural,Fine no high winds,No,16 - 20,2,Urban area,5,1150,Parked vehicle,None,Journey as part of work,Approaching junction or waiting/parked at junction approach,,KALOS S,Petrol,Female,Skidded,No tow/articulation,Did not leave carriageway,0,Going ahead other,1,Car,No,Nearside,2019
2008160D03540,Unclassified,0,Unclassified,0,Serious,None,03-01-2021,Saturday,1,Give way or uncontrolled,T or staggered junction,23.06233917,Daylight,509350,428610,72.66241048,E01012853,1,3,0,5,Dry,Single carriageway,None,30,17:28:00,Urban,Fine no high winds,No,16 - 20,2,Small town,10,1149,None,None,Other/Not known (2005-10),Mid Junction - on roundabout or on main road,,CLIO CAMPUS SPORT,Petrol,Female,None,No tow/articulation,Did not leave carriageway,0,Going ahead other,2,Car,No,Front,2019
200843N206048,B,416,NA,0,Serious,None,06-05-2020,Thursday,1,Data missing or out of range,Not at junction or within 20 metres,23.0798362,Daylight,500310,189100,72.60193512,E01017819,1,1,0,0,Dry,Single carriageway,None,30,16:03:00,Urban,Fine no high winds,No,16 - 20,2,Data missing or out of range,NA,1086,None,None,Other/Not known (2005-10),Not at or within 20 metres of junction,,PICANTO DATE,Petrol,Female,None,No tow/articulation,Did not leave carriageway,0,Going ahead other,1,Car,No,Offside,2019
200801LX50373,Unclassified,0,Unclassified,0,Serious,None,10-04-2020,Tuesday,1,Give way or uncontrolled,T or staggered junction,8.886945377,Daylight,531170,175200,76.6682105,E01003050,1,2,0,0,Dry,Single carriageway,None,30,19:15:00,Urban,Fine no high winds,No,16 - 20,2,Urban area,4,998,Parked vehicle,None,Other/Not known (2005-10),Cleared junction or waiting/parked at junction exit,,AYGO+ VVT-I,Petrol,Female,None,No tow/articulation,Did not leave carriageway,0,Turning right,1,Car,No,Front,2020
200997UD02603,Unclassified,0,Unclassified,0,Serious,None,22-03-2020,Saturday,1,Auto traffic signal,Crossroads,28.59823443,Daylight,236390,623410,77.21787678,,2,2,0,4,Dry,Dual carriageway,None,30,13:10:00,Urban,Fine no high winds,Yes,16 - 20,2,Urban area,NA,1364,None,None,Other/Not known (2005-10),Approaching junction or waiting/parked at junction approach,,ASTRA SXI TWINPORT,Petrol,Female,None,No tow/articulation,Did not leave carriageway,0,Turning right,2,Car,No,Front,2021
200806A002666,A,6010,C,0,Serious,None,15-05-2019,Thursday,1,Give way or uncontrolled,T or staggered junction,28.72152171,Daylight,385390,400640,77.12926981,E01005144,3,2,0,0,Wet or damp,Single carriageway,None,30,16:15:00,Urban,Fine no high winds,No,16 - 20,2,Data missing or out of range,NA,1388,None,None,Other/Not known (2005-10),Mid Junction - on roundabout or on main road,,FIESTA STYLE CLIMATE,Petrol,Female,None,No tow/articulation,Did not leave carriageway,0,Turning right,1,Car,No,Front,2021
200954DC33709,A,4289,NA,0,Serious,None,04-06-2021,Sunday,1,Not at junction or within 20 metres,Not at junction or within 20 metres,28.61492211,Daylight,414310,183960,77.14242338,E01015498,1,3,0,0,Dry,Single carriageway,None,30,16:30:00,Urban,Fine no high winds,No,16 - 20,2,Urban area,9,1248,None,None,Other/Not known (2005-10),Not at or within 20 metres of junction,,CORSA DESIGN CDTI,Heavy oil,Female,None,No tow/articulation,Did not leave carriageway,0,Going ahead other,3,Car,No,Front,2021
20093102C2246,A,6002,NA,0,Serious,None,14-06-2020,Monday,1,Data missing or out of range,Not at junction or within 20 metres,18.62026396,Daylight,453940,346100,73.96099835,E01013882,1,2,0,0,Dry,Single carriageway,None,30,17:35:00,Urban,Fine no high winds,No,16 - 20,2,Urban area,6,1399,None,None,Other/Not known (2005-10),Not at or within 20 metres of junction,,FIESTA ZETEC CLIMATE,Heavy oil,Female,None,No tow/articulation,Nearside,0,Going ahead other,2,Car,No,Front,2021
200920F179102,A,4040,A,4040,Serious,None,14-02-2019,Tuesday,1,Give way or uncontrolled,Private drive or entrance,19.19725135,Daylight,404190,288500,72.93540857,E01009361,3,3,0,1,Dry,Single carriageway,None,30,11:26:00,Urban,Fine no high winds,No,16 - 20,2,Urban area,1,1390,None,None,Other/Not known (2005-10),Entering main road,,IBIZA SPORT,Petrol,Female,None,No tow/articulation,Did not leave carriageway,9,Turning right,1,Car,No,Front,2021
200901YR90807,A,1201,Unclassified,0,Serious,None,09-02-2021,Sunday,1,Give way or uncontrolled,T or staggered junction,16.778976,Daylight,529670,188850,79.52034998,E01001989,1,1,0,1,Dry,Single carriageway,None,30,15:52:00,Urban,Fine no high winds,No,16 - 20,2,Urban area,4,4799,None,None,Other/Not known (2005-10),Cleared junction or waiting/parked at junction exit,,750I AUTO,Petrol,Female,None,No tow/articulation,Did not leave carriageway,0,Going ahead other,1,Car,No,Nearside,2021
200837G025717,C,25,NA,0,Serious,None,29-12-2020,Friday,1,Data missing or out of range,Not at junction or within 20 metres,14.67183822,Daylight,618290,244850,78.52114907,E01030002,2,2,0,0,Dry,Single carriageway,None,30,11:56:00,Urban,Fine no high winds,No,16 - 20,2,Urban area,2,1248,None,None,Other/Not known (2005-10),Not at or within 20 metres of junction,,ASTRA LIFE CDTI 90,Heavy oil,Female,None,No tow/articulation,Did not leave carriageway,0,Going ahead other,1,Car,No,Front,2019
200901TD00178,B,232,Unclassified,0,Serious,None,25-04-2021,Saturday,1,Give way or uncontrolled,T or staggered junction,14.72454532,Daylight,532200,171500,78.53541624,E01003086,4,3,0,0,Dry,Single carriageway,None,30,19:44:00,Urban,Fine no high winds,No,16 - 20,2,Data missing or out of range,NA,1597,None,Other permanent object,Other/Not known (2005-10),Mid Junction - on roundabout or on main road,,116I ES,Petrol,Female,None,No tow/articulation,Nearside,0,Slowing or stopping,2,Car,No,Front,2019
200801ZD30703,A,23,C,0,Serious,None,02-05-2020,Thursday,1,Give way or uncontrolled,T or staggered junction,27.0903966,Daylight,530690,169490,93.61277691,E01001089,1,1,0,4,Dry,Single carriageway,None,30,12:30:00,Urban,Fine no high winds,No,16 - 20,2,Urban area,9,1198,None,None,Other/Not known (2005-10),Mid Junction - on roundabout or on main road,,POLO S 55,Petrol,Female,None,No tow/articulation,Did not leave carriageway,0,Turning right,1,Car,No,Front,2019
200945TA36598,Unclassified,428,NA,0,Serious,None,14-02-2021,Sunday,1,Data missing or out of range,Not at junction or within 20 metres,26.73935793,Daylight,540140,151800,94.16913183,E01030841,1,1,0,0,Dry,Single carriageway,None,30,14:00:00,Urban,Fine no high winds,No,16 - 20,2,Rural,7,998,None,None,Other/Not known (2005-10),Not at or within 20 metres of junction,,CORSA CLASSIC,Petrol,Female,None,No tow/articulation,Did not leave carriageway,0,Going ahead other,1,Car,No,Front,2019
201001TB00066,Unclassified,0,Unclassified,0,Serious,None,03-04-2010,Saturday,1,Give way or uncontrolled,T or staggered junction,51.372844,Daylight,525890,165310,-0.192739,E01004149,1,2,0,0,Dry,Single carriageway,None,30,16:57:00,Urban,Fine no high winds,No,16 - 20,2,Urban area,6,1299,None,None,Commuting to/from work,Cleared junction or waiting/parked at junction exit,FORD,KA STYLE,Petrol,Female,None,No tow/articulation,Did not leave carriageway,0,Going ahead other,1,Car,No,Front,2010
2010160C03911,Unclassified,0,NA,0,Serious,None,12-07-2010,Monday,2,Data missing or out of range,Not at junction or within 20 metres,53.732132,Daylight,494290,427140,-0.572157,E01012972,1,2,0,0,Dry,Single carriageway,None,30,08:45:00,Rural,Fine no high winds,No,16 - 20,2,Rural,9,1596,None,None,Other/Not known (2005-10),Not at or within 20 metres of junction,VOLVO,C30 SPORT 16V,Petrol,Female,None,No tow/articulation,Did not leave carriageway,0,Moving off,1,Car,No,Offside,2010
200820M004701,Unclassified,0,Unclassified,0,Serious,None,01-02-2020,Sunday,2,Give way or uncontrolled,T or staggered junction,15.29472979,Daylight,432000,279820,74.11678921,E01009648,1,2,0,0,Wet or damp,Single carriageway,None,30,15:50:00,Urban,Other,No,16 - 20,2,Urban area,7,125,None,None,Other/Not known (2005-10),Cleared junction or waiting/parked at junction exit,,CBR 125 R-5,Petrol,Male,None,No tow/articulation,Did not leave carriageway,0,Going ahead other,2,Motorcycle 125cc and under,No,Front,2019
200914A129209,C,7,Unclassified,0,Serious,None,22-02-2020,Friday,1,Give way or uncontrolled,T or staggered junction,14.68982038,Daylight,455820,400040,78.52483346,E01007503,1,2,0,0,Wet or damp,Single carriageway,None,30,13:45:00,Urban,Raining no high winds,No,16 - 20,2,Urban area,6,125,None,None,Other/Not known (2005-10),Approaching junction or waiting/parked at junction approach,,CBR 125 RW-6,Petrol,Male,Skidded,No tow/articulation,Did not leave carriageway,0,Going ahead other,1,Motorcycle 125cc and under,No,Front,2019
2007557B03265,Unclassified,0,Unclassified,0,Serious,None,17-07-2020,Thursday,2,Give way or uncontrolled,T or staggered junction,26.73276162,Daylight,408230,93530,94.17682771,E01015348,1,2,0,0,Wet or damp,Single carriageway,None,30,17:55:00,Urban,Raining no high winds,No,16 - 20,2,Urban area,3,124,None,None,Other/Not known (2005-10),Approaching junction or waiting/parked at junction approach,,NXC 125 CYGNUS,Petrol,Male,None,No tow/articulation,Did not leave carriageway,0,Going ahead other,2,Motorcycle over 125cc and up to 500cc,No,Front,2019
20104100G0350,B,652,NA,0,Serious,None,03-12-2021,Tuesday,1,Not at junction or within 20 metres,Not at junction or within 20 metres,28.62259741,Daylight,517190,218290,77.24713648,E01023626,1,2,0,0,Wet or damp,Single carriageway,None,30,13:30:00,Rural,Raining no high winds,No,16 - 20,2,Urban area,10,49,None,None,Pupil riding to/from school,Not at or within 20 metres of junction,,AGILITY,Petrol,Male,Skidded,No tow/articulation,Did not leave carriageway,0,Overtaking static vehicle - offside,1,Motorcycle 50cc and under,No,Nearside,2020
200930C000213,A,61,Unclassified,0,Serious,None,12-06-2020,Tuesday,1,Give way or uncontrolled,T or staggered junction,28.64797501,Daylight,438280,369070,77.32210447,E01019548,1,2,0,0,Wet or damp,Single carriageway,None,30,08:43:00,Urban,Raining no high winds,No,16 - 20,2,Urban area,4,49,None,None,Journey as part of work,Mid Junction - on roundabout or on main road,,JET 50 BASIX,Petrol,Male,None,No tow/articulation,Did not leave carriageway,0,Going ahead other,1,Motorcycle 50cc and under,No,Front,2020
200906L022767,Unclassified,0,Unclassified,0,Serious,None,15-06-2019,Tuesday,2,Give way or uncontrolled,Crossroads,28.70095694,Daylight,365450,400450,77.3093848,E01006334,1,2,0,0,Wet or damp,Single carriageway,None,30,13:00:00,Urban,Raining no high winds,No,16 - 20,2,Urban area,2,124,None,None,Other/Not known (2005-10),Approaching junction or waiting/parked at junction approach,,DZ 125,Petrol,Male,None,No tow/articulation,Did not leave carriageway,0,Going ahead other,1,Motorcycle 125cc and under,No,Front,2021
200806F091460,C,0,Unclassified,0,Serious,None,25-12-2020,Wednesday,1,Give way or uncontrolled,T or staggered junction,18.5663999,Daylight,379960,400220,73.93935402,E01005623,3,2,0,0,Wet or damp,Single carriageway,None,30,15:15:00,Urban,Raining no high winds,No,16 - 20,2,Urban area,9,1242,None,None,Other/Not known (2005-10),Cleared junction or waiting/parked at junction exit,,PUNTO DYNAMIC,Petrol,Female,Skidded,No tow/articulation,Did not leave carriageway,0,Overtaking - nearside,1,Car,No,Front,2021
200745RE11950,B,2032,NA,0,Serious,None,04-03-2020,Friday,1,Data missing or out of range,Not at junction or within 20 metres,18.62195886,Daylight,525160,156400,73.7344565,E01030589,2,1,0,0,Wet or damp,Single carriageway,None,30,07:45:00,Urban,Raining no high winds,No,16 - 20,2,Rural,6,124,None,None,Other/Not known (2005-10),Not at or within 20 metres of junction,,CG 125-4,Petrol,Female,Skidded,No tow/articulation,Did not leave carriageway,0,Going ahead right-hand bend,1,Motorcycle 125cc and under,No,Did not impact,2021
200814A012208,C,445,NA,0,Serious,None,07-07-2019,Thursday,1,Not at junction or within 20 metres,Not at junction or within 20 metres,19.13571439,Daylight,458260,403610,72.90974523,E01007647,1,2,0,0,Wet or damp,Single carriageway,None,30,14:15:00,Urban,Raining no high winds,No,16 - 20,2,Urban area,3,102,None,None,Journey as part of work,Not at or within 20 metres of junction,,SCV 100 F-5,Petrol,Female,Skidded,No tow/articulation,Did not leave carriageway,0,Slowing or stopping,2,Motorcycle 125cc and under,No,Front,2021
201001PY20644,B,2158,NA,0,Serious,None,31-10-2010,Sunday,1,Data missing or out of range,Not at junction or within 20 metres,51.359425,Daylight,544520,164310,0.074335,E01000752,4,2,0,0,Wet or damp,Single carriageway,None,30,15:40:00,Urban,Raining no high winds,No,16 - 20,2,Urban area,10,998,None,None,Other/Not known (2005-10),Not at or within 20 metres of junction,PEUGEOT,107 URBAN SEMI-AUTO,Petrol,Female,Overturned,No tow/articulation,Did not leave carriageway,0,Going ahead other,1,Car,No,Nearside,2010
200945SP40050,A,308,NA,,Serious,None,04-04-2019,Friday,2,Give way or uncontrolled,Private drive or entrance,27.09676452,Daylight,511030,169690,93.62106159,E01030755,1,2,0,0,Dry,Single carriageway,None,30,08:45:00,Urban,Unknown,No,16 - 20,2,Data missing or out of range,NA,499,None,None,Other/Not known (2005-10),Approaching junction or waiting/parked at junction approach,,CBF 500 A-6,Petrol,Male,None,No tow/articulation,Did not leave carriageway,0,Going ahead other,1,Motorcycle over 125cc and up to 500cc,No,Front,2019
200934TD17679,C,24,Unclassified,0,Serious,None,20-04-2020,Sunday,1,Give way or uncontrolled,T or staggered junction,27.10423862,Darkness - lights lit,471960,265800,93.63078669,E01026998,2,1,0,0,Dry,Single carriageway,None,30,03:00:00,Rural,Fine no high winds,No,21 - 25,2,Data missing or out of range,NA,1360,None,Other permanent object,Other/Not known (2005-10),Mid Junction - on roundabout or on main road,,207 S,Petrol,Male,Skidded,No tow/articulation,Straight ahead at junction,0,Going ahead other,1,Car,No,Front,2019
200901XD80787,A,312,Unclassified,0,Serious,None,07-01-2020,Sunday,1,Give way or uncontrolled,T or staggered junction,26.74346327,Darkness - lights lit,512850,184070,94.20333509,E01001323,2,3,0,0,Dry,Single carriageway,None,30,19:10:00,Urban,Fine no high winds,No,21 - 25,2,Urban area,2,1229,None,None,Other/Not known (2005-10),Mid Junction - on roundabout or on main road,,CORSA CLUB A/C,Petrol,Male,None,No tow/articulation,Did not leave carriageway,0,Going ahead other,3,Car,No,Front,2019
200830A000171,A,6007,Unclassified,0,Serious,None,19-02-2020,Wednesday,1,Give way or uncontrolled,T or staggered junction,26.76488286,Darkness - lights lit,444030,345740,94.22303137,E01019436,3,3,0,5,Dry,Single carriageway,None,30,20:29:00,Urban,Fine no high winds,No,21 - 25,2,Rural,7,2521,None,None,Other/Not known (2005-10),Leaving main road,,FOCUS ST-3,Petrol,Male,None,No tow/articulation,Did not leave carriageway,0,Turning right,1,Car,No,Nearside,2019
200932C313409,Unclassified,0,NA,0,Serious,None,26-09-2019,Wednesday,2,Data missing or out of range,Not at junction or within 20 metres,22.0800995,Darkness - no lighting,527660,355430,82.12572643,E01026075,2,1,0,0,Wet or damp,Single carriageway,Road sign or marking defective or obscured,40,21:30:00,Rural,Fog or mist,No,16 - 20,2,Urban area,3,998,None,Entered ditch,Other/Not known (2005-10),Not at or within 20 metres of junction,,107 URBAN,Petrol,Male,None,No tow/articulation,Offside,0,Going ahead left-hand bend,1,Car,No,Front,2019
200922G900629,B,5062,Unclassified,0,Serious,None,14-01-2021,Sunday,2,Give way or uncontrolled,Crossroads,26.7680762,Darkness - no lighting,371430,320150,94.21678206,E01014131,2,2,0,0,Wet or damp,Single carriageway,None,40,17:25:00,Rural,Other,No,16 - 20,2,Data missing or out of range,NA,1910,None,None,Other/Not known (2005-10),Entering main road,,DOBLO DYNAMIC M-JET,Heavy oil,Male,None,No tow/articulation,Did not leave carriageway,0,Turning right,1,Car,No,Front,2019
201037G029624,A,1214,Unclassified,4211,Serious,None,27-01-2021,Thursday,1,Give way or uncontrolled,Roundabout,27.09807698,Daylight,612750,242540,93.6089164,E01029908,1,2,0,0,Dry,Dual carriageway,None,40,14:20:00,Rural,Fine no high winds,No,16 - 20,2,Rural,8,124,None,Other permanent object,Other/Not known (2005-10),Leaving roundabout,,YZF R125,Petrol,Male,Skidded,No tow/articulation,Offside on to central reservation,0,Overtaking - nearside,1,Motorcycle 125cc and under,No,Nearside,2019
200745RE11025,C,226,Unclassified,0,Serious,None,09-10-2020,Monday,1,Give way or uncontrolled,T or staggered junction,26.74833339,Daylight,526370,148700,94.18988001,E01030570,2,2,0,5,Dry,Single carriageway,None,40,17:51:00,Rural,Fine no high winds,No,16 - 20,2,Urban area,10,49,None,None,Other/Not known (2005-10),Approaching junction or waiting/parked at junction approach,,LUDIX 10 BLASTER,Petrol,Male,None,No tow/articulation,Did not leave carriageway,0,Overtaking moving vehicle - offside,1,Motorcycle 50cc and under,No,Front,2019
200930D000162,C,67,C,167,Serious,None,23-07-2021,Tuesday,1,Give way or uncontrolled,Roundabout,26.72188378,Daylight,436430,331980,94.16672531,E01013584,1,1,0,0,Wet or damp,Single carriageway,None,40,09:50:00,Rural,Fine no high winds,No,16 - 20,2,Urban area,5,125,None,None,Other/Not known (2005-10),Approaching junction or waiting/parked at junction approach,,HN 125-8,Petrol,Male,Overturned,No tow/articulation,Did not leave carriageway,0,Going ahead other,1,Motorcycle 125cc and under,No,Nearside,2019
200842I211006,B,1393,Unclassified,0,Serious,None,24-04-2019,Monday,1,Give way or uncontrolled,Private drive or entrance,25.77450465,Daylight,547020,204890,87.47836511,E01021761,1,2,0,0,Dry,Single carriageway,None,40,16:06:00,Rural,Fine no high winds,No,16 - 20,2,Urban area,3,1086,None,None,Other/Not known (2005-10),Approaching junction or waiting/parked at junction approach,,GETZ ATLANTIC,Petrol,Male,None,No tow/articulation,Did not leave carriageway,0,Waiting to turn right,2,Car,No,Offside,2019
2009160D03020,A,1079,Unclassified,0,Serious,None,04-11-2021,Tuesday,1,Auto traffic signal,T or staggered junction,25.79066263,Daylight,508000,433510,87.48917698,E01012881,1,2,0,0,Dry,Dual carriageway,None,40,16:01:00,Urban,Fine no high winds,No,16 - 20,2,Urban area,10,49,None,None,Other/Not known (2005-10),Mid Junction - on roundabout or on main road,,SR 50 FACTORY,Petrol,Male,None,No tow/articulation,Did not leave carriageway,0,Going ahead other,2,Motorcycle 50cc and under,No,Front,2019
200745RE98696,Unclassified,355,NA,0,Serious,None,27-05-2021,Saturday,1,Data missing or out of range,Not at junction or within 20 metres,23.03568076,Daylight,529170,147760,72.65360167,E01030571,6,2,0,0,Dry,Single carriageway,None,40,12:55:00,Urban,Fine no high winds,No,16 - 20,2,Urban area,5,1229,None,None,Other/Not known (2005-10),Not at or within 20 metres of junction,,CORSA SXI TWINPORT,Petrol,Male,None,No tow/articulation,Did not leave carriageway,0,Going ahead left-hand bend,1,Car,No,Front,2019