Accident_Index,1st_Road_Class,1st_Road_Number,2nd_Road_Class,2nd_Road_Number,Accident_Severity,Carriageway_Hazards,Date,Day_of_Week,Did_Police_Officer_Attend_Scene_of_Accident,Junction_Control,Junction_Detail,Latitude,Light_Conditions,Location_Easting_OSGR,Location_Northing_OSGR,Longitude,LSOA_of_Accident_Location,Number_of_Casualties,Number_of_Vehicles,Pedestrian_Crossing-Human_Control,Pedestrian_Crossing-Physical_Facilities,Road_Surface_Conditions,Road_Type,Special_Conditions_at_Site,Speed_limit,Time,Urban_or_Rural_Area,Weather_Conditions,InScotland,Age_Band_of_Driver,Age_of_Vehicle,Driver_Home_Area_Type,Driver_IMD_Decile,Engine_Capacity_.CC.,Hit_Object_in_Carriageway,Hit_Object_off_Carriageway,Journey_Purpose_of_Driver,Junction_Location,make,model,Propulsion_Code,Sex_of_Driver,Skidding_and_Overturning,Towing_and_Articulation,Vehicle_Leaving_Carriageway,Vehicle_Location.Restricted_Lane,Vehicle_Manoeuvre,Vehicle_Reference,Vehicle_Type,Was_Vehicle_Left_Hand_Drive,X1st_Point_of_Impact,Year
200750A22B746,A,393,NA,0,Serious,None,23-12-2021,Thursday,1,Not at junction or within 20 metres,Not at junction or within 20 metres,18.49534113,Daylight,173200,39810,73.73396658,E01018829,1,2,0,0,Flood over 3cm. deep,Single carriageway,None,50,08:03:00,Rural,Fine no high winds,No,26 - 35,2,Rural,5,1910,None,None,Data missing or out of range,Not at or within 20 metres of junction,,ASTRA SRI CDTI 150,Heavy oil,Male,None,No tow/articulation,Did not leave carriageway,0,Going ahead left-hand bend,2,Car,No,Did not impact,2021
200904AL09126,A,586,Unclassified,0,Serious,None,01-05-2021,Sunday,1,Give way or uncontrolled,T or staggered junction,18.54535785,Daylight,340830,440480,73.9506431,E01024993,1,2,0,0,Dry,Single carriageway,None,50,18:40:00,Rural,Fine no high winds,No,26 - 35,2,Urban area,6,599,None,None,Other/Not known (2005-10),Approaching junction or waiting/parked at junction approach,,GSXR 600 K7,Petrol,Male,Skidded,No tow/articulation,Did not leave carriageway,0,Going ahead other,1,Motorcycle over 500cc,No,Front,2021
20093102D3085,A,60,NA,0,Serious,None,18-06-2019,Friday,1,Data missing or out of range,Not at junction or within 20 metres,14.68695601,Daylight,455140,355450,78.62108525,E01028200,1,2,0,0,Wet or damp,Single carriageway,None,50,07:34:00,Rural,Fine no high winds,No,26 - 35,2,Urban area,9,1995,None,None,Commuting to/from work,Not at or within 20 metres of junction,,320D M SPORT,Heavy oil,Male,None,No tow/articulation,Did not leave carriageway,0,Going ahead other,1,Car,No,Offside,2019
20083102D0799,A,6096,Unclassified,0,Serious,None,11-01-2019,Sunday,1,Give way or uncontrolled,Private drive or entrance,22.71755866,Daylight,448360,344730,75.90955558,E01028115,2,3,0,8,Dry,Single carriageway,None,50,11:00:00,Rural,Fine no high winds,No,26 - 35,2,Urban area,7,3387,None,None,Other/Not known (2005-10),Entering main road,,CAYMAN S,Petrol,Female,None,No tow/articulation,Did not leave carriageway,0,Turning right,1,Car,No,Front,2020
2008558D02956,A,31,A,348,Serious,None,28-12-2021,Tuesday,1,Give way or uncontrolled,Roundabout,28.70231276,Daylight,409090,101470,77.06387361,E01020394,1,2,0,0,Dry,Roundabout,None,50,18:05:00,Rural,Fine no high winds,No,26 - 35,2,Rural,6,1596,None,None,Commuting to/from work,Mid Junction - on roundabout or on main road,,116 I SE,Petrol,Female,None,No tow/articulation,Did not leave carriageway,0,Going ahead other,2,Car,No,Offside,2021
200950KE5Q004,A,3052,Unclassified,0,Serious,None,07-02-2020,Tuesday,1,Give way or uncontrolled,T or staggered junction,18.54547116,Daylight,299680,90750,73.87118918,E01019898,1,3,0,0,Dry,Single carriageway,None,50,11:20:00,Rural,Fine no high winds,No,26 - 35,2,Urban area,6,1490,None,None,Other/Not known (2005-10),Approaching junction or waiting/parked at junction approach,,SWIFT VVTS GLX,Petrol,Female,None,No tow/articulation,Did not leave carriageway,0,Going ahead right-hand bend,3,Car,No,Front,2021
200806F003537,A,580,NA,0,Serious,None,14-12-2019,Thursday,1,Not at junction or within 20 metres,Not at junction or within 20 metres,27.09183096,Daylight,379590,400640,93.61258269,E01005675,1,3,0,0,Dry,Dual carriageway,None,50,08:50:00,Urban,Fine no high winds,No,26 - 35,2,Urban area,8,1242,None,None,Journey as part of work,Not at or within 20 metres of junction,,PUNTO ACTIVE,Petrol,Female,None,No tow/articulation,Did not leave carriageway,0,Going ahead other,3,Car,No,Back,2019
200801RG40479,A,102,Unclassified,0,Serious,None,08-01-2019,Monday,1,Give way or uncontrolled,T or staggered junction,18.59743824,Daylight,539070,179440,73.81889139,E01001667,1,3,0,0,Wet or damp,Dual carriageway,None,50,08:04:00,Urban,Raining no high winds,No,26 - 35,2,Urban area,9,124,None,None,Other/Not known (2005-10),Cleared junction or waiting/parked at junction exit,,VESPA LX 125,Petrol,Male,None,No tow/articulation,Did not leave carriageway,0,Going ahead other,2,Motorcycle 125cc and under,No,Front,2021
200742I431304,A,1014,A,1014,Serious,None,17-07-2021,Wednesday,1,Give way or uncontrolled,Roundabout,22.06042627,Darkness - lights lit,568070,182910,82.19572803,E01015989,1,2,0,0,Wet or damp,Roundabout,None,50,04:50:00,Rural,Fine no high winds,No,36 - 45,2,Urban area,6,124,None,None,Other/Not known (2005-10),Leaving roundabout,,CG 125-4,Petrol,Male,None,No tow/articulation,Did not leave carriageway,0,Going ahead right-hand bend,2,Motorcycle 125cc and under,No,Nearside,2019
200842I440212,A,414,Unclassified,0,Serious,None,03-02-2020,Wednesday,1,Give way or uncontrolled,T or staggered junction,28.55964624,Darkness - lights lit,547390,207890,77.36832769,E01021768,4,3,0,0,Dry,Dual carriageway,None,50,19:05:00,Rural,Fine no high winds,No,36 - 45,2,Urban area,3,1390,None,None,Other/Not known (2005-10),Approaching junction or waiting/parked at junction approach,,IBIZA STYLANCE,Petrol,Female,None,No tow/articulation,Did not leave carriageway,0,Slowing or stopping,3,Car,No,Front,2020
200804FG08004,A,6068,B,6249,Serious,None,21-08-2019,Tuesday,1,Give way or uncontrolled,T or staggered junction,19.1990453,Darkness - lights lit,384980,438400,72.84175503,E01025174,1,2,0,0,Wet or damp,Single carriageway,None,50,16:24:00,Urban,Fine no high winds,No,36 - 45,2,Rural,9,1798,None,None,Journey as part of work,Mid Junction - on roundabout or on main road,,5 TS,Petrol,Female,None,No tow/articulation,Did not leave carriageway,8,Turning right,1,Car,No,Nearside,2021
20094100K0648,A,10,A,10,Serious,None,12-10-2020,Sunday,1,Give way or uncontrolled,Roundabout,22.73147668,Darkness - lights lit,536080,204190,75.90130605,E01023344,1,1,0,0,Wet or damp,Roundabout,None,50,03:05:00,Urban,Raining no high winds,No,36 - 45,2,Urban area,6,1995,Central island of roundabout,Tree,Other/Not known (2005-10),Mid Junction - on roundabout or on main road,,318D M SPORT,Heavy oil,Male,None,No tow/articulation,Nearside,0,Going ahead other,1,Car,No,Front,2020
200950ED2C012,A,3064,NA,0,Serious,None,19-10-2021,Friday,1,Not at junction or within 20 metres,Not at junction or within 20 metres,18.60913853,Darkness - lights lit,245770,57980,73.79794516,E01015075,3,2,0,0,Wet or damp,Unknown,None,50,21:30:00,Urban,Raining no high winds,No,36 - 45,2,Urban area,2,995,None,None,Commuting to/from work,Not at or within 20 metres of junction,,MATIZ SE,Petrol,Female,None,No tow/articulation,Did not leave carriageway,0,Going ahead other,2,Car,No,Front,2021
200743R235017,A,330,NA,0,Serious,Any animal in carriageway (except ridden horse),02-01-2020,Thursday,1,Data missing or out of range,Not at junction or within 20 metres,8.887559233,Darkness - no lighting,487440,175930,76.69823182,E01016543,1,2,0,0,Dry,Single carriageway,None,50,18:25:00,Rural,Fine no high winds,No,36 - 45,2,Urban area,9,125,None,Other permanent object,Journey as part of work,Not at or within 20 metres of junction,,XL 125 V-5,Petrol,Male,None,No tow/articulation,Nearside,0,Going ahead right-hand bend,2,Motorcycle over 500cc,No,Front,2020
201043P281100,A,4074,NA,0,Serious,None,27-07-2019,Thursday,1,Data missing or out of range,Not at junction or within 20 metres,26.45545805,Darkness - no lighting,466180,180990,80.31487471,E01028686,8,5,0,0,Dry,Single carriageway,None,50,06:38:00,Rural,Fine no high winds,No,36 - 45,2,Small town,7,1910,None,None,Commuting to/from work,Not at or within 20 metres of junction,,9-3 LINEAR SE TID 150,Heavy oil,Male,None,No tow/articulation,Did not leave carriageway,0,Going ahead other,5,Car,No,Front,2020
201042I245508,A,176,Unclassified,0,Serious,None,04-03-2020,Saturday,1,Give way or uncontrolled,Roundabout,27.09924579,Daylight,569250,190030,93.62329097,E01021268,1,2,0,0,Dry,Roundabout,None,50,14:45:00,Urban,Fine no high winds,No,36 - 45,2,Urban area,10,1997,None,None,Other/Not known (2005-10),Leaving roundabout,,S-MAX LX TDCI 6G,Heavy oil,Male,None,No tow/articulation,Did not leave carriageway,0,Going ahead other,1,Car,No,Nearside,2019
200930B000351,B,6049,NA,0,Serious,None,19-01-2020,Friday,1,Data missing or out of range,Not at junction or within 20 metres,25.78492117,Daylight,416840,379000,87.46283916,E01019602,1,3,0,0,Dry,Single carriageway,None,50,17:00:00,Rural,Fine no high winds,No,36 - 45,2,Rural,8,2982,None,None,Other/Not known (2005-10),Not at or within 20 metres of junction,,HILUX HL3 D-4D 4X4 D/C,Heavy oil,Male,None,Single trailer,Did not leave carriageway,0,Going ahead other,1,Car,No,Did not impact,2019
200905CC30288,A,580,A,5208,Serious,None,12-10-2019,Monday,1,Auto traffic signal,Crossroads,15.32146074,Daylight,341850,396750,74.13668313,E01006418,1,1,0,5,Wet or damp,Dual carriageway,None,50,16:05:00,Rural,Fine no high winds,No,36 - 45,2,Urban area,1,2402,None,None,Journey as part of work,Approaching junction or waiting/parked at junction approach,,TRANSIT 115 T350EF RWD,Heavy oil,Male,None,No tow/articulation,Did not leave carriageway,0,Going ahead other,1,Van / Goods 3.5 tonnes mgw or under,No,Front,2019
200945GU40763,A,3,Unclassified,0,Serious,None,07-03-2021,Monday,1,Give way or uncontrolled,Slip road,23.0087631,Daylight,497750,149880,72.59149845,E01030470,1,1,0,0,Dry,Slip road,None,50,07:18:00,Rural,Fine no high winds,No,36 - 45,2,Urban area,10,998,None,None,Commuting to/from work,Entering main road,,ZX 1000 D7F,Petrol,Male,None,No tow/articulation,Did not leave carriageway,0,Going ahead left-hand bend,1,Motorcycle 50cc and under,No,Nearside,2019
200743W073127,Unclassified,7136,Unclassified,7136,Serious,None,25-08-2019,Friday,1,Give way or uncontrolled,Crossroads,8.891656724,Daylight,431320,176190,76.64816423,E01016304,2,2,0,0,Dry,Single carriageway,None,50,15:02:00,Rural,Fine no high winds,No,36 - 45,2,Rural,6,1997,None,Other permanent object,Commuting to/from work,Mid Junction - on roundabout or on main road,,407 SW SE HDI,Heavy oil,Male,None,No tow/articulation,Nearside,0,Going ahead other,2,Car,No,Front,2020
200930C000053,A,632,B,5057,Serious,None,06-05-2020,Wednesday,1,Give way or uncontrolled,T or staggered junction,22.76583658,Daylight,434200,367190,75.85494636,E01019772,1,2,0,0,Wet or damp,Single carriageway,None,50,07:47:00,Rural,Fine no high winds,No,36 - 45,2,Urban area,7,124,None,None,Journey as part of work,Approaching junction or waiting/parked at junction approach,,YBR 125,Petrol,Male,None,No tow/articulation,Did not leave carriageway,0,Going ahead other,1,Motorcycle over 125cc and up to 500cc,No,Did not impact,2020
2009160A02550,A,46,NA,0,Serious,None,15-12-2021,Friday,1,Data missing or out of range,Not at junction or within 20 metres,26.45514794,Daylight,523580,407490,74.64025904,E01013227,2,3,0,0,Dry,Dual carriageway,None,50,07:27:00,Urban,Fine no high winds,No,36 - 45,2,Urban area,4,2198,None,None,Other/Not known (2005-10),Not at or within 20 metres of junction,,TRANSIT 85 T280S FWD,Heavy oil,Male,Skidded,No tow/articulation,Did not leave carriageway,0,Changing lane to right,2,Van / Goods 3.5 tonnes mgw or under,No,Back,2020
200904BA09107,A,65,Unclassified,0,Serious,None,13-05-2019,Tuesday,1,Give way or uncontrolled,T or staggered junction,26.4583365,Daylight,365310,475070,74.62028412,E01025167,4,2,0,0,Dry,Single carriageway,None,50,18:19:00,Rural,Fine no high winds,No,36 - 45,2,Urban area,4,2198,None,Entered ditch,Other/Not known (2005-10),Mid Junction - on roundabout or on main road,,RELAY 35 HDI 120 LWB,Heavy oil,Male,Skidded,No tow/articulation,Offside,0,Going ahead other,1,Van / Goods 3.5 tonnes mgw or under,No,Front,2020
2009559D03671,A,31,NA,0,Serious,None,14-12-2021,Thursday,1,Not at junction or within 20 metres,Not at junction or within 20 metres,28.63337166,Daylight,410290,102290,77.15527397,E01020405,1,2,0,0,Wet or damp,Dual carriageway,Oil or diesel,50,08:14:00,Rural,Fine no high winds,No,36 - 45,2,Urban area,4,9200,None,None,Journey as part of work,Not at or within 20 metres of junction,,FAS CF75.310,Heavy oil,Male,None,No tow/articulation,Did not leave carriageway,0,Going ahead other,1,Goods 7.5 tonnes mgw and over,No,Did not impact,2020
200850BC2K001,B,3266,Unclassified,0,Serious,None,10-07-2021,Friday,1,Give way or uncontrolled,Crossroads,28.57711703,Daylight,209370,80890,77.15849181,E01018968,6,2,0,0,Dry,Single carriageway,None,50,19:14:00,Rural,Fine no high winds,No,36 - 45,2,Rural,4,1998,None,None,Other/Not known (2005-10),Mid Junction - on roundabout or on main road,,MONDEO T-NIUM TDCI 130 E4,Heavy oil,Male,None,No tow/articulation,Nearside,0,Going ahead other,2,Car,No,Front,2020
200745MO11778,A,25,Unclassified,0,Serious,None,16-03-2020,Sunday,1,Give way or uncontrolled,Private drive or entrance,18.55028623,Daylight,515540,149040,73.92775172,E01030535,1,2,0,0,Dry,Single carriageway,None,50,12:45:00,Rural,Fine no high winds,No,36 - 45,2,Urban area,6,1390,None,None,Other/Not known (2005-10),Approaching junction or waiting/parked at junction approach,,GOLF FSI S,Petrol,Male,None,No tow/articulation,Did not leave carriageway,0,Going ahead other,2,Car,No,Front,2021
200814C126808,A,57,Unclassified,0,Serious,None,30-11-2019,Sunday,2,Give way or uncontrolled,Private drive or entrance,19.15149585,Daylight,455320,382560,72.82902776,E01007664,1,2,0,0,Dry,Single carriageway,None,50,13:30:00,Rural,Fine no high winds,No,36 - 45,2,Urban area,9,1986,None,None,Other/Not known (2005-10),Approaching junction or waiting/parked at junction approach,,A4 AVANT SE TDI 140,Heavy oil,Male,None,No tow/articulation,Did not leave carriageway,0,Waiting to go - held up,1,Car,No,Back,2021
200754EK28407,B,4040,B,4696,Serious,None,31-08-2021,Thursday,1,Auto traffic signal,Crossroads,19.15256709,Daylight,405020,191290,72.8969273,E01031887,3,2,0,0,Dry,Single carriageway,None,50,10:30:00,Rural,Fine no high winds,No,36 - 45,2,Urban area,NA,12580,None,None,Journey as part of work,Mid Junction - on roundabout or on main road,,FT CF85.430,Heavy oil,Male,Skidded,Articulated vehicle,Did not leave carriageway,0,Turning right,1,Goods 7.5 tonnes mgw and over,No,Nearside,2021
200901XH30542,A,408,A,408,Serious,None,13-09-2019,Monday,1,Auto traffic signal,More than 4 arms (not roundabout),27.09504727,Daylight,507470,178780,93.62158332,E01002446,3,3,0,0,Dry,Dual carriageway,None,50,16:45:00,Urban,Fine no high winds,No,36 - 45,2,Urban area,7,2521,None,None,Other/Not known (2005-10),Approaching junction or waiting/parked at junction approach,,MONDEO TITANIUM X TURBO,Petrol,Male,None,No tow/articulation,Did not leave carriageway,0,Moving off,1,Car,No,Front,2019
201001TA00179,A,13,NA,0,Serious,None,22-07-2010,Thursday,1,Data missing or out of range,Not at junction or within 20 metres,51.531525,Daylight,547910,183560,0.13103,E01000095,4,2,0,0,Dry,Dual carriageway,None,50,20:45:00,Urban,Fine no high winds,No,36 - 45,2,Urban area,2,2967,Kerb,Near/Offside crash barrier,Other/Not known (2005-10),Not at or within 20 metres of junction,AUDI,Q7 S LINE QUATTRO TDI,Heavy oil,Male,Skidded,No tow/articulation,Nearside and rebounded,0,Going ahead other,1,Car,No,Front,2010
2008558D01554,C,96,Unclassified,0,Serious,None,06-08-2021,Monday,1,Give way or uncontrolled,Private drive or entrance,22.72371596,Daylight,346980,97810,75.89562776,E01020536,1,2,0,0,Dry,Single carriageway,None,50,16:40:00,Rural,Fine no high winds,No,36 - 45,2,Rural,5,1968,None,None,Other/Not known (2005-10),Mid Junction - on roundabout or on main road,,TOURAN SE TDI,Heavy oil,Female,None,No tow/articulation,Did not leave carriageway,0,Going ahead other,1,Car,No,Nearside,2020
200943P223049,B,4027,Unclassified,0,Serious,None,25-09-2020,Thursday,1,Give way or uncontrolled,Private drive or entrance,14.78233233,Daylight,454360,211910,78.62242438,E01028501,3,2,0,0,Wet or damp,Single carriageway,Oil or diesel,50,14:27:00,Rural,Raining no high winds,No,36 - 45,2,Small town,7,1995,None,None,Commuting to/from work,Approaching junction or waiting/parked at junction approach,,TRAFIC SL27+ DCI 115,Heavy oil,Male,None,No tow/articulation,Did not leave carriageway,0,Going ahead right-hand bend,2,Van / Goods 3.5 tonnes mgw or under,No,Front,2019
200854EK21608,B,4696,C,85,Serious,None,14-06-2019,Tuesday,1,Give way or uncontrolled,T or staggered junction,22.6952982,Daylight,404300,195070,75.86677787,E01031887,1,2,0,0,Wet or damp,Single carriageway,None,50,08:22:00,Rural,Raining no high winds,No,36 - 45,2,Urban area,10,600,None,None,Journey as part of work,Mid Junction - on roundabout or on main road,,GSR 600 K6,Petrol,Male,None,No tow/articulation,Did not leave carriageway,0,Going ahead other,2,Motorcycle over 500cc,No,Front,2020
200814C000208,A,57,NA,0,Serious,None,05-06-2020,Wednesday,1,Not at junction or within 20 metres,Not at junction or within 20 metres,28.61603722,Daylight,455370,382540,77.31449769,E01007664,2,3,0,0,Wet or damp,Single carriageway,None,50,07:15:00,Rural,Raining no high winds,No,36 - 45,2,Urban area,2,3920,None,None,Journey as part of work,Not at or within 20 metres of junction,,,Heavy oil,Male,None,No tow/articulation,Did not leave carriageway,0,Going ahead other,1,Goods over 3.5t. and under 7.5t,No,Front,2020
200930B000181,A,57,NA,0,Serious,None,13-12-2020,Tuesday,1,Data missing or out of range,Not at junction or within 20 metres,19.12300791,Daylight,410330,392510,72.89722977,E01019736,3,2,0,0,Wet or damp,Single carriageway,None,50,18:00:00,Rural,Raining no high winds,No,36 - 45,2,Urban area,8,2231,None,None,Other/Not known (2005-10),Not at or within 20 metres of junction,,AVENSIS D-4D T180,Heavy oil,Male,None,No tow/articulation,Did not leave carriageway,0,Going ahead right-hand bend,1,Car,No,Front,2021
200797EC70506,Motorway,8,NA,0,Serious,None,29-05-2021,Sunday,1,Data missing or out of range,Not at junction or within 20 metres,28.47212369,Daylight,260180,666100,76.99389825,,2,2,0,0,Wet or damp,Dual carriageway,None,50,20:05:00,Urban,Raining no high winds,Yes,36 - 45,2,Urban area,NA,1686,None,None,Other/Not known (2005-10),Not at or within 20 metres of junction,,MERIVA DESIGN CDTI,Heavy oil,Female,None,No tow/articulation,Did not leave carriageway,0,Going ahead right-hand bend,2,Car,No,Offside,2019
20083104C2753,A,52,NA,0,Serious,None,21-04-2019,Sunday,1,Data missing or out of range,Not at junction or within 20 metres,28.59263917,Darkness - lights lit,455950,337120,77.24408722,E01013928,2,2,0,0,Wet or damp,Dual carriageway,None,50,22:51:00,Rural,Fine no high winds,No,46 - 55,2,Small town,9,1598,None,None,Other/Not known (2005-10),Not at or within 20 metres of junction,,3 TS,Petrol,Male,None,No tow/articulation,Did not leave carriageway,0,Going ahead other,2,Car,No,Front,2020
200842I440212,A,414,Unclassified,0,Serious,None,21-10-2021,Wednesday,1,Give way or uncontrolled,T or staggered junction,28.72675441,Darkness - lights lit,547390,207890,77.06207205,E01021768,4,3,0,0,Dry,Dual carriageway,None,50,19:05:00,Rural,Fine no high winds,No,46 - 55,2,Small town,9,2198,None,None,Commuting to/from work,Cleared junction or waiting/parked at junction exit,,X-TYPE S D,Heavy oil,Male,None,No tow/articulation,Did not leave carriageway,0,Moving off,2,Car,No,Front,2021
200901JC30621,A,406,NA,0,Serious,None,21-08-2019,Tuesday,1,Data missing or out of range,Not at junction or within 20 metres,14.67804508,Darkness - lights lit,537450,190980,78.51340081,E01004403,2,4,0,0,Dry,Dual carriageway,None,50,20:10:00,Urban,Fine no high winds,No,46 - 55,2,Urban area,5,1999,None,None,Other/Not known (2005-10),Not at or within 20 metres of junction,,MONDEO ZETEC,Petrol,Female,Skidded,No tow/articulation,Did not leave carriageway,0,Slowing or stopping,3,Car,No,Front,2019
201004CM10209,A,577,NA,0,Serious,None,22-12-2010,Wednesday,1,Data missing or out of range,Not at junction or within 20 metres,53.767876,Darkness - lights lit,361430,430330,-2.586641,E01025456,2,2,0,0,Frost or ice,Single carriageway,None,50,05:50:00,Rural,Fine no high winds,No,46 - 55,2,Urban area,8,998,None,None,Other/Not known (2005-10),Not at or within 20 metres of junction,PEUGEOT,107 URBAN MOVE,Petrol,Female,None,No tow/articulation,Did not leave carriageway,0,Going ahead right-hand bend,2,Car,No,Front,2010
20094100K0690,A,10,B,198,Serious,Any animal in carriageway (except ridden horse),09-06-2019,Friday,1,Give way or uncontrolled,Roundabout,26.46726568,Darkness - lights lit,535170,201010,80.29795134,E01023293,6,3,0,0,Frost or ice,Roundabout,None,50,19:23:00,Rural,Other,No,46 - 55,2,Urban area,3,1910,None,None,Other/Not known (2005-10),Mid Junction - on roundabout or on main road,,MULTIPLA ELEGANZA JTD,Heavy oil,Male,Skidded,No tow/articulation,Did not leave carriageway,0,Going ahead right-hand bend,2,Car,No,Nearside,2020
20093102B0868,A,6097,C,119,Serious,None,14-12-2019,Saturday,1,Give way or uncontrolled,T or staggered junction,26.76778238,Darkness - lights lit,466560,347060,94.22184019,E01028331,1,1,0,0,Wet or damp,Dual carriageway,None,50,02:30:00,Rural,Raining no high winds,No,46 - 55,2,Urban area,2,1796,Kerb,Road sign or traffic signal,Commuting to/from work,Cleared junction or waiting/parked at junction exit,,VECTRA SRI,Petrol,Male,Skidded and overturned,No tow/articulation,Offside - crossed central reservation,0,Going ahead right-hand bend,1,Car,No,Nearside,2019
200901GD10840,A,106,B,112,Serious,None,18-03-2020,Friday,2,Give way or uncontrolled,T or staggered junction,28.6881001,Darkness - lights lit,537290,185480,77.28828652,E01001846,1,2,0,0,Wet or damp,Dual carriageway,None,50,20:00:00,Urban,Raining no high winds,No,46 - 55,2,Data missing or out of range,NA,499,None,None,Other/Not known (2005-10),Approaching junction or waiting/parked at junction approach,,CBF 500 A-6,Petrol,Male,None,No tow/articulation,Did not leave carriageway,0,Going ahead other,1,Motorcycle over 500cc,No,Offside,2021
200745RU97584,A,320,NA,0,Serious,None,31-10-2019,Monday,1,Data missing or out of range,Not at junction or within 20 metres,27.09795636,Darkness - no lighting,502980,164730,93.62555505,E01030678,5,9,0,0,Wet or damp,Dual carriageway,None,50,16:40:00,Rural,Fine no high winds,No,46 - 55,2,Urban area,8,1796,None,None,Other/Not known (2005-10),Not at or within 20 metres of junction,,ASTRA ELITE AUTO,Petrol,Male,None,No tow/articulation,Did not leave carriageway,0,Waiting to go - held up,6,Car,No,Back,2019
200745RU97584,A,320,NA,0,Serious,None,30-03-2019,Monday,1,Data missing or out of range,Not at junction or within 20 metres,18.53835768,Darkness - no lighting,502980,164730,73.85847983,E01030678,5,9,0,0,Wet or damp,Dual carriageway,None,50,16:40:00,Rural,Fine no high winds,No,46 - 55,2,Urban area,8,4293,None,None,Other/Not known (2005-10),Not at or within 20 metres of junction,,SC 430 AUTO,Petrol,Male,None,No tow/articulation,Did not leave carriageway,0,Waiting to go - held up,3,Car,No,Back,2021
200843W007048,A,338,B,4000,Serious,None,01-03-2020,Tuesday,1,Give way or uncontrolled,T or staggered junction,13.02100054,Darkness - no lighting,436280,173240,77.5300462,E01016303,3,1,0,0,Dry,Single carriageway,None,50,00:27:00,Rural,Fine no high winds,No,46 - 55,2,Urban area,6,1229,None,Tree,Other/Not known (2005-10),Entering main road,,CORSA DESIGN TWINPORT,Petrol,Female,None,No tow/articulation,Straight ahead at junction,0,Going ahead other,1,Car,No,Front,2020
200804EB08071,A,675,NA,0,Serious,None,06-10-2021,Tuesday,1,Data missing or out of range,Not at junction or within 20 metres,19.18629574,Darkness - no lighting,366780,417540,72.91740312,E01012628,1,2,0,0,Wet or damp,Single carriageway,None,50,18:20:00,Rural,Raining no high winds,No,46 - 55,2,Urban area,9,2720,None,None,Other/Not known (2005-10),Not at or within 20 metres of junction,,DISCOVERY 3 TDV6 SE AUTO,Heavy oil,Male,None,No tow/articulation,Did not leave carriageway,0,Going ahead other,2,Car,No,Front,2021
200842I109803,A,282,NA,0,Serious,None,06-02-2021,Monday,1,Not at junction or within 20 metres,Not at junction or within 20 metres,22.09696741,Daylight,557100,176570,82.17026385,E01016012,1,1,0,0,Dry,Dual carriageway,None,50,16:35:00,Rural,Fine no high winds,No,46 - 55,2,Urban area,7,680,None,Central crash barrier,Commuting to/from work,Not at or within 20 metres of junction,,NT 700 VA,Petrol,Male,None,No tow/articulation,Offside on to centrl res + rebounded,0,Going ahead other,1,Motorcycle over 500cc,No,Offside,2019
200897QB70412,B,7071,NA,0,Serious,None,01-06-2019,Tuesday,1,Data missing or out of range,Not at junction or within 20 metres,25.78981651,Darkness - lights lit,271070,657980,87.46108918,,3,3,0,0,Wet or damp,Dual carriageway,None,60,18:30:00,Urban,Fine no high winds,Yes,16 - 20,2,Urban area,NA,1997,Parked vehicle,None,Commuting to/from work,Not at or within 20 metres of junction,,,Petrol,Male,Skidded,No tow/articulation,Did not leave carriageway,0,Going ahead left-hand bend,1,Car,No,Offside,2019
200745RE08515,B,2218,NA,0,Serious,None,11-12-2021,Monday,1,Data missing or out of range,Not at junction or within 20 metres,25.76546906,Darkness - lights lit,525890,161500,87.48730137,E01030563,2,3,0,0,Dry,Single carriageway,None,60,22:32:00,Rural,Fine no high winds,No,16 - 20,2,Urban area,9,1198,None,None,Other/Not known (2005-10),Not at or within 20 metres of junction,,IBIZA REFERENCE,Petrol,Male,Skidded,No tow/articulation,Offside,0,Going ahead other,3,Car,No,Front,2019
200932D281809,A,1434,Unclassified,0,Serious,None,11-06-2019,Tuesday,1,Give way or uncontrolled,T or staggered junction,26.47245244,Darkness - lights lit,492250,365380,74.6453701,E01026181,4,2,0,0,Dry,Single carriageway,None,60,18:10:00,Urban,Fine no high winds,No,16 - 20,2,Urban area,8,1399,None,None,Other/Not known (2005-10),Approaching junction or waiting/parked at junction approach,,FIESTA ZETEC CLIMATE TDCI,Heavy oil,Male,None,No tow/articulation,Did not leave carriageway,0,Turning right,2,Car,No,Back,2020
20104100D0160,C,71,NA,0,Serious,None,14-08-2020,Tuesday,1,Not at junction or within 20 metres,Not at junction or within 20 metres,28.72723015,Darkness - lights lit,490920,214470,77.17104321,E01023424,6,2,0,0,Dry,Single carriageway,None,60,19:43:00,Rural,Fine no high winds,No,16 - 20,2,Urban area,9,1368,None,None,Other/Not known (2005-10),Not at or within 20 metres of junction,,GRANDE PUNTO DYNAMIC,Petrol,Male,None,No tow/articulation,Did not leave carriageway,0,Going ahead other,1,Car,No,Front,2020
201004FG10055,Unclassified,0,NA,0,Serious,None,28-06-2010,Monday,1,Data missing or out of range,Not at junction or within 20 metres,53.856279,Darkness - lights lit,382270,440040,-2.271039,E01025204,1,1,0,0,Dry,Single carriageway,None,60,04:00:00,Rural,Fine no high winds,No,16 - 20,2,Rural,8,124,None,Other permanent object,Other/Not known (2005-10),Not at or within 20 metres of junction,APRILIA,SPORT CITY CUBE 125,Petrol,Male,None,No tow/articulation,Nearside,0,Going ahead other,1,Motorcycle 125cc and under,No,Front,2010