Accident_Index,1st_Road_Class,1st_Road_Number,2nd_Road_Class,2nd_Road_Number,Accident_Severity,Carriageway_Hazards,Date,Day_of_Week,Did_Police_Officer_Attend_Scene_of_Accident,Junction_Control,Junction_Detail,Latitude,Light_Conditions,Location_Easting_OSGR,Location_Northing_OSGR,Longitude,LSOA_of_Accident_Location,Number_of_Casualties,Number_of_Vehicles,Pedestrian_Crossing-Human_Control,Pedestrian_Crossing-Physical_Facilities,Road_Surface_Conditions,Road_Type,Special_Conditions_at_Site,Speed_limit,Time,Urban_or_Rural_Area,Weather_Conditions,InScotland,Age_Band_of_Driver,Age_of_Vehicle,Driver_Home_Area_Type,Driver_IMD_Decile,Engine_Capacity_.CC.,Hit_Object_in_Carriageway,Hit_Object_off_Carriageway,Journey_Purpose_of_Driver,Junction_Location,make,model,Propulsion_Code,Sex_of_Driver,Skidding_and_Overturning,Towing_and_Articulation,Vehicle_Leaving_Carriageway,Vehicle_Location.Restricted_Lane,Vehicle_Manoeuvre,Vehicle_Reference,Vehicle_Type,Was_Vehicle_Left_Hand_Drive,X1st_Point_of_Impact,Year
200742I097403,A,1124,NA,0,Serious,None,23-04-2021,Tuesday,1,Not at junction or within 20 metres,Not at junction or within 20 metres,22.98854217,Darkness - no lighting,580920,231750,72.59144377,E01021390,3,3,0,0,Dry,Single carriageway,None,60,18:19:00,Rural,Fine no high winds,No,21 - 25,2,Rural,10,599,None,None,Commuting to/from work,Not at or within 20 metres of junction,,CBR 600 RR-5,Petrol,Male,None,No tow/articulation,Did not leave carriageway,0,Going ahead left-hand bend,1,Motorcycle over 500cc,No,Front,2019
200922D900753,A,456,Unclassified,0,Serious,None,16-05-2019,Saturday,1,Give way or uncontrolled,T or staggered junction,22.69770498,Darkness - no lighting,375310,274020,75.85446582,E01032472,1,2,0,0,Wet or damp,Single carriageway,None,60,18:22:00,Rural,Fine no high winds,No,21 - 25,2,Data missing or out of range,NA,124,None,None,Other/Not known (2005-10),Mid Junction - on roundabout or on main road,,CBR 125 RW-6,Petrol,Male,None,No tow/articulation,Did not leave carriageway,0,Going ahead other,2,Motorcycle 125cc and under,No,Front,2020
200943P248059,A,420,Unclassified,284,Serious,None,03-07-2020,Saturday,1,Give way or uncontrolled,T or staggered junction,26.46504574,Darkness - no lighting,430310,196060,80.28231776,E01028737,2,1,0,0,Dry,Single carriageway,None,60,22:35:00,Rural,Fine no high winds,No,21 - 25,2,Urban area,6,1198,None,Entered ditch,Other/Not known (2005-10),Approaching junction or waiting/parked at junction approach,,POLO S 55,Petrol,Male,None,No tow/articulation,Straight ahead at junction,0,Turning left,1,Car,No,Front,2020
200743S103097,A,509,NA,0,Serious,None,27-04-2021,Saturday,1,Data missing or out of range,Not at junction or within 20 metres,28.70067636,Darkness - no lighting,490010,255150,77.34102333,E01016800,1,1,0,0,Dry,Single carriageway,None,60,21:30:00,Rural,Fine no high winds,No,21 - 25,2,Urban area,2,599,Any animal (except ridden horse),Entered ditch,Other/Not known (2005-10),Not at or within 20 metres of junction,,DAYTONA 600,Petrol,Male,Skidded,No tow/articulation,Offside,0,Going ahead right-hand bend,1,Motorcycle over 500cc,No,Front,2020
200734WS54277,A,422,NA,0,Serious,None,21-07-2019,Monday,1,Data missing or out of range,Not at junction or within 20 metres,18.59825743,Darkness - no lighting,452360,240350,73.77323374,E01027291,1,1,0,0,Wet or damp,Single carriageway,None,60,05:30:00,Rural,Fine no high winds,No,21 - 25,2,Urban area,3,1360,None,Tree,Other/Not known (2005-10),Not at or within 20 metres of junction,,206 SPORT,Petrol,Male,None,No tow/articulation,Nearside and rebounded,0,Going ahead right-hand bend,1,Car,No,Front,2021
2008558E01016,A,30,C,123,Serious,None,24-10-2020,Thursday,1,Give way or uncontrolled,T or staggered junction,19.10107674,Darkness - no lighting,383710,123190,72.83695571,E01020451,2,4,0,0,Dry,Single carriageway,None,60,17:03:00,Rural,Fine no high winds,No,21 - 25,2,Urban area,9,750,None,None,Other/Not known (2005-10),Cleared junction or waiting/parked at junction exit,,GSXR 750 K6,Petrol,Male,Skidded,No tow/articulation,Did not leave carriageway,0,Slowing or stopping,3,Motorcycle over 125cc and up to 500cc,No,Back,2021
201042I252608,A,121,NA,0,Serious,None,18-04-2020,Friday,1,Not at junction or within 20 metres,Not at junction or within 20 metres,19.0718329,Darkness - no lighting,541560,199730,72.86093285,E01021806,2,1,0,0,Dry,Single carriageway,None,60,00:29:00,Rural,Fine no high winds,No,21 - 25,2,Urban area,3,2999,None,None,Other/Not known (2005-10),Not at or within 20 metres of junction,,NKR 77 TURBO ELECTRIC DI,Heavy oil,Male,None,No tow/articulation,Offside,0,Going ahead other,1,Van / Goods 3.5 tonnes mgw or under,No,Front,2021
201043P140100,A,44,NA,0,Serious,Any animal in carriageway (except ridden horse),09-02-2020,Tuesday,2,Data missing or out of range,Not at junction or within 20 metres,18.10566213,Darkness - no lighting,449000,211490,84.68889605,E01028511,1,3,0,0,Dry,Single carriageway,None,60,22:40:00,Rural,Fine no high winds,No,21 - 25,2,Small town,9,125,Any animal (except ridden horse),None,Other/Not known (2005-10),Not at or within 20 metres of junction,,SUPER 8 125,Petrol,Male,None,No tow/articulation,Did not leave carriageway,0,Going ahead other,1,Motorcycle 125cc and under,No,Front,2021
200904CC09097,B,5248,NA,0,Serious,None,14-05-2021,Friday,1,Data missing or out of range,Not at junction or within 20 metres,14.68080215,Darkness - no lighting,349450,421400,78.53373312,E01024974,4,1,0,0,Wet or damp,Single carriageway,None,60,21:37:00,Rural,Fine no high winds,No,21 - 25,2,Urban area,8,1753,None,Entered ditch,Other/Not known (2005-10),Not at or within 20 metres of junction,,FOCUS SPORT TDCI,Heavy oil,Male,Skidded and overturned,No tow/articulation,Nearside,0,Going ahead right-hand bend,1,Car,No,Nearside,2019
200922E905258,A,449,Unclassified,0,Serious,None,16-11-2019,Monday,1,Give way or uncontrolled,Other junction,27.08949892,Darkness - no lighting,374050,239950,93.62840293,E01014029,1,2,0,0,Dry,Single carriageway,None,60,20:00:00,Rural,Fine no high winds,No,21 - 25,2,Small town,4,NA,None,None,Journey as part of work,Leaving main road,,,Heavy oil,Male,None,Single trailer,Did not leave carriageway,0,Turning right,2,Agricultural vehicle,No,Offside,2019
200914A070409,Motorway,18,NA,0,Serious,None,08-10-2021,Sunday,1,Not at junction or within 20 metres,Not at junction or within 20 metres,12.96945554,Darkness - no lighting,454910,397180,77.55378199,E01007545,2,1,0,0,Dry,Dual carriageway,None,70,21:47:00,Rural,Fine no high winds,No,16 - 20,2,Urban area,2,1150,None,Entered ditch,Other/Not known (2005-10),Not at or within 20 metres of junction,,KALOS S,Petrol,Male,Overturned,No tow/articulation,Nearside,8,Going ahead other,1,Car,No,Front,2019
20074100D0116,A,41,NA,0,Serious,Pedestrian in carriageway - not injured,12-08-2019,Saturday,1,Not at junction or within 20 metres,Not at junction or within 20 metres,22.76169714,Darkness - no lighting,494140,211140,75.87211403,E01023352,1,2,0,0,Wet or damp,Dual carriageway,None,70,20:25:00,Rural,Fine no high winds,No,16 - 20,2,Data missing or out of range,NA,1968,None,None,Other/Not known (2005-10),Not at or within 20 metres of junction,,PASSAT SPORT TDI 140,Heavy oil,Male,None,No tow/articulation,Did not leave carriageway,0,Going ahead left-hand bend,1,Car,No,Offside,2020
200805DD27756,Motorway,62,NA,0,Serious,Previous accident,04-04-2019,Sunday,1,Data missing or out of range,Not at junction or within 20 metres,26.44226234,Darkness - no lighting,350490,389880,80.29001948,E01006889,2,3,0,0,Wet or damp,Dual carriageway,None,70,03:58:00,Rural,Fine no high winds,No,16 - 20,2,Urban area,4,1149,None,None,Other/Not known (2005-10),Not at or within 20 metres of junction,,CLIO CAMPUS SPORT,Petrol,Male,None,No tow/articulation,Did not leave carriageway,0,Going ahead other,1,Car,No,Back,2020
20074100T3196,Motorway,25,NA,0,Serious,Previous accident,01-10-2019,Friday,1,Not at junction or within 20 metres,Not at junction or within 20 metres,18.508417,Darkness - no lighting,521490,201610,73.85967416,E01023584,5,13,0,0,Wet or damp,Dual carriageway,None,70,17:10:00,Rural,Fine no high winds,No,16 - 20,2,Urban area,7,1590,None,None,Other/Not known (2005-10),Not at or within 20 metres of junction,,CIVIC SPORT,Petrol,Male,None,No tow/articulation,Did not leave carriageway,0,Slowing or stopping,12,Car,No,Back,2021
20093104B2123,A,1,NA,0,Serious,None,07-12-2020,Sunday,1,Data missing or out of range,Not at junction or within 20 metres,19.13158139,Darkness - no lighting,478720,365760,72.8786062,E01028349,3,3,0,0,Dry,Dual carriageway,None,70,23:45:00,Rural,Fine no high winds,No,16 - 20,2,Urban area,10,1229,None,Central crash barrier,Other/Not known (2005-10),Not at or within 20 metres of junction,,CORSA CLUB A/C,Petrol,Male,Skidded,No tow/articulation,Offside on to centrl res + rebounded,0,Overtaking moving vehicle - offside,1,Car,No,Front,2021
200842I467912,Motorway,25,NA,0,Serious,None,25-03-2021,Monday,1,Not at junction or within 20 metres,Not at junction or within 20 metres,19.10743411,Daylight,557520,180510,72.86405313,E01015926,2,4,0,0,Dry,Dual carriageway,None,70,13:30:00,Rural,Fine no high winds,No,16 - 20,2,Urban area,9,1998,None,None,Other/Not known (2005-10),Not at or within 20 metres of junction,,MONDEO ZETEC TDCI,Heavy oil,Male,None,No tow/articulation,Did not leave carriageway,0,Slowing or stopping,4,Car,No,Back,2021
200991NE02010,A,9,NA,0,Serious,Previous accident,26-12-2019,Tuesday,1,Data missing or out of range,Not at junction or within 20 metres,8.876913699,Daylight,261640,850310,76.64214456,,3,3,0,0,Wet or damp,Dual carriageway,None,70,08:30:00,Rural,Other,Yes,16 - 20,2,Rural,NA,1149,None,None,Commuting to/from work,Not at or within 20 metres of junction,,CLIO EXTREME,Petrol,Female,None,No tow/articulation,Did not leave carriageway,0,Waiting to go - held up,1,Car,No,Nearside,2020
2007557E01100,A,338,A,31,Serious,None,13-07-2021,Sunday,1,Give way or uncontrolled,Roundabout,18.6461692,Daylight,413260,104350,73.89483913,E01020403,3,2,0,0,Wet or damp,Roundabout,None,70,11:15:00,Rural,Raining no high winds,No,16 - 20,2,Urban area,7,1596,None,None,Other/Not known (2005-10),Entering roundabout,,FOCUS TITANIUM 116,Petrol,Male,None,No tow/articulation,Did not leave carriageway,0,Going ahead other,2,Car,No,Back,2021
200745TA14251,Motorway,23,NA,0,Serious,None,28-05-2020,Sunday,1,Data missing or out of range,Not at junction or within 20 metres,26.75964528,Darkness - lights lit,531000,145400,94.23189256,E01030817,4,2,0,0,Dry,Dual carriageway,None,70,04:50:00,Rural,Fine no high winds,No,21 - 25,2,Urban area,2,1242,None,None,Other/Not known (2005-10),Not at or within 20 metres of junction,,PUNTO ACTIVE SPORT 8V,Petrol,Male,Overturned,No tow/articulation,Did not leave carriageway,0,Going ahead other,1,Car,No,Front,2019
20084100T1161,Motorway,1,NA,0,Serious,None,21-04-2019,Tuesday,1,Not at junction or within 20 metres,Not at junction or within 20 metres,28.4811177,Darkness - lights lit,511240,204730,76.9876678,E01023732,4,3,0,0,Dry,Dual carriageway,Roadworks,70,00:27:00,Rural,Fine no high winds,No,21 - 25,2,Urban area,1,1870,None,None,Other/Not known (2005-10),Not at or within 20 metres of junction,,LL29 DCI 100,Heavy oil,Male,None,No tow/articulation,Did not leave carriageway,0,Slowing or stopping,1,Van / Goods 3.5 tonnes mgw or under,No,Front,2019
200742I051602,Motorway,25,NA,0,Serious,None,25-11-2019,Sunday,1,Not at junction or within 20 metres,Not at junction or within 20 metres,18.50333774,Darkness - lights lit,548460,199160,73.82718031,E01021800,1,1,0,0,Wet or damp,Dual carriageway,None,70,00:45:00,Rural,Raining no high winds,No,21 - 25,2,Urban area,9,1998,None,None,Other/Not known (2005-10),Not at or within 20 metres of junction,,CIVIC TYPE-R,Petrol,Male,None,No tow/articulation,Did not leave carriageway,0,Going ahead other,1,Car,No,Front,2021
20084100J2616,A,1,NA,0,Serious,None,09-04-2020,Tuesday,1,Not at junction or within 20 metres,Not at junction or within 20 metres,18.52943937,Darkness - lights lit,521200,196710,73.7372715,E01023584,1,2,0,0,Snow,Dual carriageway,None,70,19:50:00,Rural,Snowing + high winds,No,21 - 25,2,Urban area,3,1242,None,None,Other/Not known (2005-10),Not at or within 20 metres of junction,,FIESTA STYLE,Petrol,Female,Skidded,No tow/articulation,Nearside,0,Overtaking moving vehicle - offside,1,Car,No,Front,2021
200745EL99900,A,3,NA,0,Serious,Previous accident,22-05-2020,Saturday,1,Data missing or out of range,Not at junction or within 20 metres,19.05760136,Darkness - no lighting,511100,161500,72.87962616,E01030306,7,5,0,0,Dry,Dual carriageway,None,70,22:18:00,Rural,Fine no high winds,No,21 - 25,2,Data missing or out of range,NA,1796,Previous accident,None,Other/Not known (2005-10),Not at or within 20 metres of junction,,ASTRA SRI+,Petrol,Male,Overturned,No tow/articulation,Nearside,0,Going ahead other,2,Car,No,Front,2021
20074100T2058,A(M),1,NA,0,Serious,None,23-08-2019,Thursday,1,Not at junction or within 20 metres,Not at junction or within 20 metres,27.10606753,Darkness - no lighting,522750,227910,93.63116945,E01023600,2,1,0,0,Dry,Dual carriageway,None,70,21:37:00,Rural,Fine no high winds,No,21 - 25,2,Urban area,4,1998,None,Near/Offside crash barrier,Other/Not known (2005-10),Not at or within 20 metres of junction,,CLIO RENAULTSPORT 182 16V,Petrol,Male,Skidded and overturned,No tow/articulation,Nearside,0,Changing lane to right,1,Car,No,Front,2019
200954DE04709,A,419,NA,0,Serious,None,11-11-2021,Saturday,1,Not at junction or within 20 metres,Not at junction or within 20 metres,26.76665373,Darkness - no lighting,414670,190020,94.17759869,E01015472,5,3,0,0,Snow,Slip road,None,70,19:45:00,Rural,Other,No,21 - 25,2,Data missing or out of range,NA,1686,None,None,Other/Not known (2005-10),Not at or within 20 metres of junction,,ASTRA SXI CDTI 100,Heavy oil,Male,None,No tow/articulation,Did not leave carriageway,0,Going ahead other,3,Car,No,Did not impact,2019
2008558C04396,A,3049,NA,0,Serious,None,11-12-2020,Tuesday,1,Not at junction or within 20 metres,Not at junction or within 20 metres,28.49464985,Daylight,401880,93180,77.04546233,E01015407,5,2,0,0,Dry,Dual carriageway,None,70,15:15:00,Urban,Fine no high winds,No,21 - 25,2,Urban area,10,1870,None,None,Journey as part of work,Not at or within 20 metres of junction,,VIVARO 2700 SPORT DTI SWB,Heavy oil,Male,None,No tow/articulation,Did not leave carriageway,0,Waiting to go - held up,2,Van / Goods 3.5 tonnes mgw or under,No,Back,2019
200834TE37638,A,14,A,14,Serious,None,25-01-2021,Thursday,1,Give way or uncontrolled,T or staggered junction,26.46301331,Daylight,500910,278210,74.59560227,E01027077,1,2,0,0,Dry,Dual carriageway,None,70,06:44:00,Rural,Fine no high winds,No,21 - 25,2,Urban area,2,1753,None,Central crash barrier,Journey as part of work,Mid Junction - on roundabout or on main road,,TRAN CONNECT L 200 TD SWB,Heavy oil,Male,Overturned,No tow/articulation,Offside - crossed central reservation,0,Overtaking moving vehicle - offside,1,Van / Goods 3.5 tonnes mgw or under,No,Front,2020
20094100T6012,Motorway,25,NA,0,Serious,None,16-02-2019,Monday,1,Not at junction or within 20 metres,Not at junction or within 20 metres,26.46377799,Daylight,510540,202900,74.61978178,E01023732,1,2,0,0,Wet or damp,Dual carriageway,None,70,17:35:00,Rural,Fine no high winds,No,21 - 25,2,Data missing or out of range,NA,600,None,Other permanent object,Other/Not known (2005-10),Not at or within 20 metres of junction,,,Petrol,Male,None,No tow/articulation,Offside on to central reservation,0,Going ahead other,1,Motorcycle over 500cc,No,Back,2020
200822EA87500,A,40,A,49,Serious,None,06-04-2021,Tuesday,1,Give way or uncontrolled,Roundabout,28.58207045,Daylight,358730,224350,77.36232137,E01014049,1,1,0,0,Dry,Roundabout,None,70,05:45:00,Rural,Fine no high winds,No,21 - 25,2,Urban area,NA,1560,Central island of roundabout,None,Journey as part of work,Entering roundabout,,FOCUS LX TDCI 90,Heavy oil,Male,None,No tow/articulation,Did not leave carriageway,0,Going ahead other,1,Car,No,Front,2020
200945RE40558,Motorway,25,NA,0,Serious,None,13-11-2021,Friday,1,Data missing or out of range,Not at junction or within 20 metres,28.68578148,Daylight,523770,152600,77.33211827,E01030590,1,3,0,0,Dry,Dual carriageway,None,70,17:40:00,Rural,Fine no high winds,No,21 - 25,2,Urban area,4,1149,None,Near/Offside crash barrier,Other/Not known (2005-10),Not at or within 20 metres of junction,,CLIO EXTREME,Petrol,Male,Skidded,No tow/articulation,Nearside and rebounded,0,Going ahead other,2,Car,No,Back,2021
20074100T2105,A(M),1,NA,0,Serious,None,26-04-2019,Saturday,1,Not at junction or within 20 metres,Not at junction or within 20 metres,28.62975403,Daylight,521990,225540,77.26859637,E01023797,1,1,0,0,Dry,Dual carriageway,None,70,11:27:00,Rural,Fine no high winds,No,21 - 25,2,Urban area,9,1242,None,Central crash barrier,Other/Not known (2005-10),Not at or within 20 metres of junction,,PUNTO SUNROOF SPECIAL,Petrol,Male,Skidded and overturned,No tow/articulation,Offside on to centrl res + rebounded,0,Going ahead other,1,Car,No,Offside,2021
20084100G0597,A,505,C,167,Serious,None,10-02-2019,Wednesday,1,Give way or uncontrolled,Roundabout,18.63594711,Daylight,535200,242160,73.92857578,E01023661,1,2,0,0,Dry,Roundabout,None,70,18:20:00,Rural,Fine no high winds,No,21 - 25,2,Urban area,7,1461,None,Road sign or traffic signal,Other/Not known (2005-10),Mid Junction - on roundabout or on main road,,CLIO PRIVILEGE DCI 86,Heavy oil,Male,None,No tow/articulation,Nearside,0,Going ahead other,1,Car,No,Offside,2021
20094100T6012,Motorway,25,NA,0,Serious,None,19-10-2020,Monday,1,Not at junction or within 20 metres,Not at junction or within 20 metres,18.50616883,Daylight,510540,202900,73.945008,E01023732,1,2,0,0,Wet or damp,Dual carriageway,None,70,17:35:00,Rural,Fine no high winds,No,21 - 25,2,Rural,8,1000,None,None,Other/Not known (2005-10),Not at or within 20 metres of junction,,,Petrol,Male,None,No tow/articulation,Did not leave carriageway,0,Going ahead other,2,Motorcycle over 500cc,No,Front,2021
200897BD70111,A,8,NA,0,Serious,None,30-07-2020,Tuesday,1,Data missing or out of range,Not at junction or within 20 metres,19.10872818,Daylight,269600,663970,72.83297486,,1,5,0,0,Wet or damp,Dual carriageway,None,70,07:42:00,Rural,Fine no high winds,Yes,21 - 25,2,Urban area,NA,1149,None,None,Journey as part of work,Not at or within 20 metres of junction,,CLIO CAMPUS SPORT,Petrol,Male,None,No tow/articulation,Did not leave carriageway,0,Going ahead other,3,Car,No,Back,2021
200834TE28278,A,45,A,45,Serious,None,06-01-2019,Tuesday,1,Give way or uncontrolled,Roundabout,19.14854966,Daylight,495920,269950,72.86305641,E01027037,1,2,0,0,Dry,Dual carriageway,None,70,16:20:00,Rural,Fine no high winds,No,21 - 25,2,Urban area,NA,2148,None,None,Other/Not known (2005-10),Cleared junction or waiting/parked at junction exit,,VITO 111 CDI XLONG,Heavy oil,Male,None,No tow/articulation,Did not leave carriageway,0,Going ahead other,2,Van / Goods 3.5 tonnes mgw or under,No,Front,2021
200914A162009,A,1,NA,0,Serious,None,08-02-2019,Sunday,1,Not at junction or within 20 metres,Not at junction or within 20 metres,14.75084927,Daylight,452090,410530,78.49568104,E01007587,4,2,0,0,Dry,Dual carriageway,None,70,12:50:00,Rural,Fine no high winds,No,21 - 25,2,Rural,7,1910,None,None,Journey as part of work,Not at or within 20 metres of junction,,VECTRA DESIGN CDTI 150 A,Heavy oil,Male,None,No tow/articulation,Did not leave carriageway,0,Going ahead other,1,Car,No,Back,2019
200804TA08149,Motorway,6,NA,0,Serious,None,21-05-2021,Wednesday,1,Data missing or out of range,Not at junction or within 20 metres,27.10629459,Daylight,355720,433300,93.62517433,E01025253,1,2,0,0,Dry,Dual carriageway,None,70,11:15:00,Rural,Fine no high winds,No,21 - 25,2,Small town,7,1398,None,None,Commuting to/from work,Not at or within 20 metres of junction,,C2 FURIO HDI,Heavy oil,Male,None,No tow/articulation,Did not leave carriageway,0,Changing lane to right,1,Car,No,Did not impact,2019
2010400D02066,Motorway,1,NA,0,Serious,None,16-01-2020,Tuesday,1,Data missing or out of range,Not at junction or within 20 metres,14.67618602,Daylight,502390,229500,78.49898473,E01017620,3,5,0,0,Dry,Dual carriageway,Roadworks,70,20:15:00,Rural,Fine no high winds,No,21 - 25,2,Urban area,7,1229,None,None,Other/Not known (2005-10),Not at or within 20 metres of junction,,CORSA CLUB A/C,Petrol,Female,Skidded,No tow/articulation,Did not leave carriageway,0,Going ahead other,4,Car,No,Nearside,2019
200805CC27846,Motorway,57,NA,0,Serious,None,26-07-2021,Thursday,1,Data missing or out of range,Not at junction or within 20 metres,28.45310407,Daylight,340590,397440,76.98516718,E01006415,3,2,0,0,Dry,Dual carriageway,None,70,17:00:00,Rural,Fine no high winds,No,21 - 25,2,Urban area,9,1229,None,Other permanent object,Commuting to/from work,Not at or within 20 metres of junction,,CORSA SXI,Petrol,Female,Skidded,No tow/articulation,Nearside,0,Going ahead other,2,Car,No,Nearside,2019
200745RU10916,Motorway,25,NA,0,Serious,None,29-10-2021,Tuesday,1,Data missing or out of range,Not at junction or within 20 metres,28.57738205,Daylight,501520,170880,77.21938337,E01030667,1,3,0,0,Dry,Dual carriageway,None,70,14:55:00,Rural,Fine no high winds,No,21 - 25,2,Urban area,6,995,None,None,Other/Not known (2005-10),Not at or within 20 metres of junction,,MATIZ SE+,Petrol,Female,None,No tow/articulation,Did not leave carriageway,0,Going ahead other,2,Car,No,Front,2021
200843N029098,Motorway,40,NA,0,Serious,None,11-11-2020,Monday,1,Data missing or out of range,Not at junction or within 20 metres,14.74778931,Daylight,503160,185740,78.59945892,E01017812,5,7,0,0,Dry,Dual carriageway,None,70,08:13:00,Rural,Fine no high winds,No,21 - 25,2,Urban area,7,1968,None,None,Commuting to/from work,Not at or within 20 metres of junction,,A3 SE TDI,Heavy oil,Female,None,No tow/articulation,Did not leave carriageway,0,Going ahead other,4,Car,No,Back,2019
20084100D0596,A,41,NA,0,Serious,None,09-12-2020,Saturday,1,Not at junction or within 20 metres,Not at junction or within 20 metres,19.19083487,Daylight,503270,206200,72.88468775,E01023378,1,1,0,0,Wet or damp,Dual carriageway,None,70,17:37:00,Rural,Raining no high winds,No,21 - 25,2,Urban area,10,1124,None,Other permanent object,Other/Not known (2005-10),Not at or within 20 metres of junction,,COLT CZI,Petrol,Female,Skidded and overturned,No tow/articulation,Nearside,0,Going ahead right-hand bend,1,Car,No,Nearside,2021
2009400D00780,Motorway,1,Motorway,1,Serious,None,11-04-2019,Sunday,1,Give way or uncontrolled,Slip road,27.10447586,Darkness - lights lit,503080,228660,93.63436604,E01017620,1,1,0,0,Dry,Slip road,None,70,18:22:00,Rural,Fine no high winds,No,26 - 35,2,Urban area,9,12777,Kerb,None,Journey as part of work,Entering from slip road,,,Heavy oil,Male,Overturned,Articulated vehicle,Did not leave carriageway,0,Going ahead left-hand bend,1,Goods 7.5 tonnes mgw and over,No,Offside,2019
200743N181077,Motorway,25,NA,0,Serious,None,21-06-2019,Saturday,1,Data missing or out of range,Not at junction or within 20 metres,13.02377579,Darkness - lights lit,504230,179550,77.66597691,E01017827,1,2,0,0,Wet or damp,Dual carriageway,None,70,04:23:00,Rural,Fine no high winds,No,26 - 35,2,Rural,4,2800,None,Near/Offside crash barrier,Other/Not known (2005-10),Not at or within 20 metres of junction,,DUCATO 18 JTD LWB,Heavy oil,Male,Skidded and overturned,No tow/articulation,Nearside and rebounded,0,Changing lane to left,1,Van / Goods 3.5 tonnes mgw or under,No,Front,2020
200943W244069,Motorway,4,NA,0,Serious,None,14-05-2019,Sunday,1,Data missing or out of range,Not at junction or within 20 metres,28.60609754,Darkness - lights lit,466480,170410,77.12582047,E01016269,1,1,0,0,Dry,Roundabout,None,70,03:28:00,Rural,Fine no high winds,No,26 - 35,2,Urban area,3,4000,None,Tree,Other/Not known (2005-10),Not at or within 20 metres of junction,,,Petrol,Male,Skidded and overturned,No tow/articulation,Nearside,0,Going ahead other,1,Car,No,Front,2020
200743N048037,A,40,A,40,Serious,None,05-07-2019,Saturday,1,Auto traffic signal,Mini-roundabout,18.58441053,Darkness - lights lit,504540,185700,73.95860246,E01017812,1,3,0,0,Dry,Roundabout,None,70,01:31:00,Rural,Fine no high winds,No,26 - 35,2,Urban area,3,3920,None,None,Journey as part of work,Mid Junction - on roundabout or on main road,,FA LF45.130,Heavy oil,Male,None,No tow/articulation,Did not leave carriageway,0,Going ahead other,3,Goods 7.5 tonnes mgw and over,No,Offside,2021
200863AC04408,A,40,NA,0,Serious,None,11-12-2020,Sunday,1,Data missing or out of range,Not at junction or within 20 metres,19.19650307,Darkness - lights lit,234450,218930,72.87310378,W01000649,5,3,0,0,Wet or damp,Dual carriageway,None,70,21:15:00,Rural,Fine no high winds,No,26 - 35,2,Data missing or out of range,NA,2188,None,None,Other/Not known (2005-10),Not at or within 20 metres of junction,,ESPACE EXPRESSION DCI 150,Heavy oil,Male,None,No tow/articulation,Did not leave carriageway,0,Changing lane to left,1,Car,No,Front,2021
200745RU13711,Motorway,25,NA,0,Serious,None,09-02-2019,Friday,1,Data missing or out of range,Not at junction or within 20 metres,14.7937025,Darkness - lights lit,501650,170110,78.61987025,E01030687,2,2,0,0,Dry,Dual carriageway,None,70,16:26:00,Rural,Fine no high winds,No,26 - 35,2,Urban area,9,2204,None,None,Other/Not known (2005-10),Not at or within 20 metres of junction,,ACCORD I CTDI EXECUTIVE,Heavy oil,Male,None,No tow/articulation,Did not leave carriageway,0,Waiting to go - held up,2,Car,No,Back,2019
200804TA08274,Motorway,6,NA,0,Serious,None,24-10-2021,Saturday,1,Data missing or out of range,Not at junction or within 20 metres,27.10414348,Darkness - lights lit,354420,418500,93.61950634,E01024971,1,1,0,0,Wet or damp,Dual carriageway,None,70,02:54:00,Rural,Fine no high winds,No,26 - 35,2,Urban area,4,1364,None,Lamp post,Other/Not known (2005-10),Not at or within 20 metres of junction,,ASTRA SXI TWINPORT,Petrol,Male,Skidded,No tow/articulation,Nearside,0,Going ahead other,1,Car,No,Offside,2019
2010160A04441,A,180,NA,0,Serious,None,17-12-2010,Friday,1,Data missing or out of range,Not at junction or within 20 metres,53.573793,Darkness - lights lit,526790,410280,-0.086632,E01013221,1,2,0,0,Frost or ice,Dual carriageway,None,70,06:45:00,Urban,Fine no high winds,No,26 - 35,2,Urban area,1,4461,None,None,Journey as part of work,Not at or within 20 metres of junction,DAF TRUCKS,,Heavy oil,Male,None,No tow/articulation,Did not leave carriageway,0,Changing lane to right,1,Goods 7.5 tonnes mgw and over,No,Front,2010
200745RE14943,Motorway,25,A,217,Serious,None,06-10-2021,Wednesday,1,Auto traffic signal,Mini-roundabout,23.02676297,Darkness - lights lit,525910,152550,72.53669647,E01030598,7,4,0,0,Wet or damp,Dual carriageway,None,70,19:15:00,Rural,Fine no high winds,No,26 - 35,2,Urban area,5,1997,None,None,Other/Not known (2005-10),Approaching junction or waiting/parked at junction approach,,307 XSI HDI,Heavy oil,Female,None,No tow/articulation,Did not leave carriageway,0,Slowing or stopping,2,Car,No,Nearside,2019