Accident_Index,1st_Road_Class,1st_Road_Number,2nd_Road_Class,2nd_Road_Number,Accident_Severity,Carriageway_Hazards,Date,Day_of_Week,Did_Police_Officer_Attend_Scene_of_Accident,Junction_Control,Junction_Detail,Latitude,Light_Conditions,Location_Easting_OSGR,Location_Northing_OSGR,Longitude,LSOA_of_Accident_Location,Number_of_Casualties,Number_of_Vehicles,Pedestrian_Crossing-Human_Control,Pedestrian_Crossing-Physical_Facilities,Road_Surface_Conditions,Road_Type,Special_Conditions_at_Site,Speed_limit,Time,Urban_or_Rural_Area,Weather_Conditions,InScotland,Age_Band_of_Driver,Age_of_Vehicle,Driver_Home_Area_Type,Driver_IMD_Decile,Engine_Capacity_.CC.,Hit_Object_in_Carriageway,Hit_Object_off_Carriageway,Journey_Purpose_of_Driver,Junction_Location,make,model,Propulsion_Code,Sex_of_Driver,Skidding_and_Overturning,Towing_and_Articulation,Vehicle_Leaving_Carriageway,Vehicle_Location.Restricted_Lane,Vehicle_Manoeuvre,Vehicle_Reference,Vehicle_Type,Was_Vehicle_Left_Hand_Drive,X1st_Point_of_Impact,Year
2010160D02781,A,1079,NA,0,Serious,None,19-06-2010,Saturday,1,Data missing or out of range,Not at junction or within 20 metres,53.76355,Darkness - lights lit,508760,430950,-0.351562,E01012872,1,1,0,0,Dry,Single carriageway,None,30,00:25:00,Urban,Fine no high winds,No,46 - 55,2,Small town,7,2696,None,None,Other/Not known (2005-10),Not at or within 20 metres of junction,SSANGYONG,RODIUS 270 S,Heavy oil,Male,None,No tow/articulation,Did not leave carriageway,0,Going ahead other,1,Taxi/Private hire car,No,Front,2010
200743P173127,B,4009,Unclassified,0,Serious,None,10-07-2019,Friday,1,Give way or uncontrolled,T or staggered junction,27.10464865,Darkness - lights lit,475270,200660,93.61039614,E01028614,1,2,0,0,Dry,Single carriageway,None,30,18:00:00,Rural,Fine no high winds,No,46 - 55,2,Urban area,10,1596,None,None,Other/Not known (2005-10),Leaving main road,,FOCUS ZETEC CLIMATE 116,Petrol,Female,Skidded,No tow/articulation,Did not leave carriageway,0,Turning right,1,Car,No,Nearside,2019
200930B000466,A,6187,NA,0,Serious,None,09-11-2019,Saturday,1,Data missing or out of range,Not at junction or within 20 metres,27.10125068,Darkness - lights lit,415700,383400,93.63015048,E01019737,1,1,0,0,Dry,Single carriageway,None,40,22:12:00,Rural,Fine no high winds,No,46 - 55,2,Urban area,6,1490,None,None,Other/Not known (2005-10),Not at or within 20 metres of junction,,IGNIS VVT-S AUTO,Petrol,Female,None,No tow/articulation,Did not leave carriageway,0,Going ahead other,1,Car,No,Nearside,2019
200814A042508,C,280,NA,0,Serious,None,13-09-2021,Sunday,1,Not at junction or within 20 metres,Not at junction or within 20 metres,26.73301621,Darkness - lights lit,448570,408150,94.18415666,E01007587,1,2,0,0,Dry,Single carriageway,None,30,23:00:00,Rural,Fine no high winds,No,46 - 55,2,Urban area,6,1390,None,Other permanent object,Other/Not known (2005-10),Not at or within 20 metres of junction,,SCENIC DYNAMIQUE 16V,Petrol,Female,Skidded,No tow/articulation,Nearside,0,Going ahead other,1,Car,No,Front,2019
200901SX21043,A,5,Unclassified,0,Serious,None,30-06-2020,Friday,1,Give way or uncontrolled,T or staggered junction,25.77500978,Darkness - lights lit,521200,189150,87.45271451,E01000149,2,3,0,0,Dry,Single carriageway,None,30,17:48:00,Urban,Fine no high winds,No,46 - 55,2,Urban area,6,1997,None,None,Other/Not known (2005-10),Mid Junction - on roundabout or on main road,,407 SE HDI AUTO,Heavy oil,Female,None,No tow/articulation,Did not leave carriageway,0,Parked,2,Car,No,Offside,2019
200814B025808,A,628,Unclassified,0,Serious,None,01-01-2019,Saturday,1,Auto traffic signal,T or staggered junction,8.874482574,Darkness - lights lit,437260,406860,76.69337594,E01007405,1,2,0,0,Wet or damp,Single carriageway,None,30,19:25:00,Urban,Fine no high winds,No,46 - 55,2,Urban area,3,1896,None,None,Journey as part of work,Leaving main road,,OCTAVIA CLASSIC TDI,Heavy oil,Female,None,No tow/articulation,Did not leave carriageway,0,Turning right,1,Car,No,Front,2020
200814B144708,A,628,Unclassified,0,Serious,None,13-10-2021,Thursday,1,Give way or uncontrolled,More than 4 arms (not roundabout),22.73183173,Darkness - lights lit,434870,406340,75.84401839,E01007337,1,2,0,0,Dry,Dual carriageway,None,30,16:56:00,Urban,Fine no high winds,No,46 - 55,2,Urban area,6,2993,None,None,Other/Not known (2005-10),Mid Junction - on roundabout or on main road,,325D M SPORT,Heavy oil,Female,None,No tow/articulation,Did not leave carriageway,0,Going ahead other,1,Car,No,Front,2020
200901XH30700,B,466,B,466,Serious,None,08-11-2021,Sunday,1,Give way or uncontrolled,Roundabout,26.45895851,Darkness - lights lit,509820,187770,74.59169755,E01002435,4,2,0,0,Dry,Single carriageway,None,30,20:09:00,Urban,Fine no high winds,No,46 - 55,2,Urban area,6,1242,None,None,Other/Not known (2005-10),Mid Junction - on roundabout or on main road,,PUNTO ACTIVE,Petrol,Female,None,No tow/articulation,Did not leave carriageway,0,Going ahead other,2,Car,No,Front,2020
200943P063039,Unclassified,129,Unclassified,0,Serious,None,16-04-2019,Tuesday,1,Give way or uncontrolled,T or staggered junction,28.55487148,Darkness - lights lit,459250,223400,77.3560554,E01028457,1,2,0,0,Dry,Single carriageway,None,30,18:25:00,Urban,Fine no high winds,No,46 - 55,2,Rural,7,1422,None,None,Journey as part of work,Mid Junction - on roundabout or on main road,,FABIA 1 TDI 80,Heavy oil,Female,None,No tow/articulation,Did not leave carriageway,0,Turning right,1,Car,No,Front,2020
200801QA10452,A,5,Unclassified,0,Serious,None,28-01-2021,Thursday,1,Give way or uncontrolled,T or staggered junction,18.57914694,Darkness - lights lit,519150,191720,73.77205044,E01002118,1,2,0,0,Dry,Single carriageway,None,30,20:40:00,Urban,Fine no high winds,No,46 - 55,2,Data missing or out of range,NA,1796,None,None,Other/Not known (2005-10),Mid Junction - on roundabout or on main road,,C180 KOMP. CLASSIC SE A,Petrol,Female,None,No tow/articulation,Did not leave carriageway,0,Parked,2,Car,No,Back,2021
200945RU39605,A,318,C,127,Serious,None,01-01-2021,Friday,1,Give way or uncontrolled,Roundabout,19.19331463,Darkness - lights lit,504970,164930,72.91424325,E01030650,3,2,0,0,Dry,Roundabout,None,30,22:40:00,Urban,Fine no high winds,No,46 - 55,2,Urban area,4,1364,None,None,Other/Not known (2005-10),Entering roundabout,,MERIVA LIFE TWINPORT,Petrol,Female,None,No tow/articulation,Did not leave carriageway,0,Turning right,1,Car,No,Front,2021
200843P300118,Unclassified,320,Unclassified,0,Serious,None,21-04-2019,Thursday,1,Give way or uncontrolled,T or staggered junction,19.09106387,Darkness - lights lit,454710,203030,72.8557625,E01028567,7,2,0,0,Wet or damp,Single carriageway,None,30,18:00:00,Urban,Fine no high winds,No,46 - 55,2,Urban area,6,1242,None,None,Other/Not known (2005-10),Approaching junction or waiting/parked at junction approach,,FIESTA STYLE CLIMATE,Petrol,Female,None,No tow/articulation,Did not leave carriageway,0,Going ahead other,2,Car,No,Front,2021
200901JC30621,A,406,NA,0,Serious,None,21-08-2019,Tuesday,1,Data missing or out of range,Not at junction or within 20 metres,14.67804508,Darkness - lights lit,537450,190980,78.51340081,E01004403,2,4,0,0,Dry,Dual carriageway,None,50,20:10:00,Urban,Fine no high winds,No,46 - 55,2,Urban area,5,1999,None,None,Other/Not known (2005-10),Not at or within 20 metres of junction,,MONDEO ZETEC,Petrol,Female,Skidded,No tow/articulation,Did not leave carriageway,0,Slowing or stopping,3,Car,No,Front,2019
201004CM10209,A,577,NA,0,Serious,None,22-12-2010,Wednesday,1,Data missing or out of range,Not at junction or within 20 metres,53.767876,Darkness - lights lit,361430,430330,-2.586641,E01025456,2,2,0,0,Frost or ice,Single carriageway,None,50,05:50:00,Rural,Fine no high winds,No,46 - 55,2,Urban area,8,998,None,None,Other/Not known (2005-10),Not at or within 20 metres of junction,PEUGEOT,107 URBAN MOVE,Petrol,Female,None,No tow/articulation,Did not leave carriageway,0,Going ahead right-hand bend,2,Car,No,Front,2010
200997NC03001,Unclassified,0,Unclassified,0,Serious,None,07-04-2020,Tuesday,2,Give way or uncontrolled,Other junction,27.09722693,Darkness - lights lit,275620,673410,93.61794677,,1,1,0,0,Wet or damp,Single carriageway,None,30,21:30:00,Urban,Fog or mist,Yes,46 - 55,2,Urban area,NA,1796,None,None,Other/Not known (2005-10),Approaching junction or waiting/parked at junction approach,,ASTRA SRI XP,Petrol,Male,None,No tow/articulation,Did not leave carriageway,0,Going ahead other,1,Car,No,Nearside,2019
200804TA08081,Motorway,61,NA,0,Serious,None,14-02-2020,Wednesday,1,Data missing or out of range,Not at junction or within 20 metres,14.79235404,Darkness - lights lit,358860,421370,78.5322012,E01024949,7,8,0,0,Frost or ice,Dual carriageway,None,70,06:37:00,Rural,Other,No,46 - 55,2,Urban area,4,2148,None,Central crash barrier,Journey as part of work,Not at or within 20 metres of junction,,C200 CDI AVANTGARDE SE AUTO,Heavy oil,Male,None,No tow/articulation,Offside on to central reservation,0,Going ahead left-hand bend,4,Car,No,Did not impact,2019
20094100K0690,A,10,B,198,Serious,Any animal in carriageway (except ridden horse),09-06-2019,Friday,1,Give way or uncontrolled,Roundabout,26.46726568,Darkness - lights lit,535170,201010,80.29795134,E01023293,6,3,0,0,Frost or ice,Roundabout,None,50,19:23:00,Rural,Other,No,46 - 55,2,Urban area,3,1910,None,None,Other/Not known (2005-10),Mid Junction - on roundabout or on main road,,MULTIPLA ELEGANZA JTD,Heavy oil,Male,Skidded,No tow/articulation,Did not leave carriageway,0,Going ahead right-hand bend,2,Car,No,Nearside,2020
200832B373108,A,1188,B,1191,Serious,None,23-10-2021,Thursday,1,Stop sign,T or staggered junction,18.4996815,Darkness - lights lit,506750,357990,73.87745398,E01026179,2,2,0,0,Frost or ice,Single carriageway,None,40,07:25:00,Rural,Other,No,46 - 55,2,Small town,8,2488,None,Other permanent object,Other/Not known (2005-10),Mid Junction - on roundabout or on main road,,PATHFINDER S DCI 174,Heavy oil,Male,None,No tow/articulation,Did not leave carriageway,0,Going ahead other,2,Car,No,Offside,2021
200997BE70110,A,879,NA,0,Serious,Other object on road,25-12-2021,Saturday,1,Data missing or out of range,Not at junction or within 20 metres,25.77618239,Darkness - lights lit,258520,669270,87.46383157,,1,1,0,0,Wet or damp,Single carriageway,None,30,05:40:00,Urban,Raining + high winds,Yes,46 - 55,2,Urban area,NA,1598,Other object,None,Other/Not known (2005-10),Not at or within 20 metres of junction,,SCENIC DYN VVT A,Petrol,Male,None,No tow/articulation,Did not leave carriageway,2,Going ahead other,1,Car,No,Front,2019
200804AX08143,Unclassified,0,NA,0,Serious,None,01-08-2019,Tuesday,1,Data missing or out of range,Not at junction or within 20 metres,28.64228159,Darkness - lights lit,331760,435300,77.31753466,E01012739,1,2,0,0,Wet or damp,Single carriageway,None,30,16:20:00,Urban,Raining + high winds,No,46 - 55,2,Urban area,2,999,None,None,Commuting to/from work,Not at or within 20 metres of junction,,PICANTO ZAPP,Petrol,Female,None,No tow/articulation,Did not leave carriageway,0,Going ahead other,1,Car,No,Nearside,2021
200897AD04910,A,814,Unclassified,0,Serious,None,05-04-2020,Thursday,1,Give way or uncontrolled,T or staggered junction,18.56333596,Darkness - lights lit,253670,667300,73.81213216,,1,1,0,0,Wet or damp,Single carriageway,None,30,17:25:00,Urban,Raining + high winds,Yes,46 - 55,2,Urban area,10,1796,None,None,Other/Not known (2005-10),Approaching junction or waiting/parked at junction approach,,ASTRA SRI+,Petrol,Female,None,No tow/articulation,Did not leave carriageway,0,Turning right,1,Car,No,Offside,2021
20094100T1005,Motorway,1,Motorway,1,Serious,None,05-02-2020,Monday,1,Give way or uncontrolled,Slip road,14.67304314,Darkness - lights lit,511310,204450,78.58953697,E01023732,3,7,0,0,Wet or damp,Slip road,None,70,06:35:00,Rural,Raining no high winds,No,46 - 55,2,Urban area,4,5193,None,None,Journey as part of work,Mid Junction - on roundabout or on main road,,NQR 70,Heavy oil,Male,None,No tow/articulation,Did not leave carriageway,0,Waiting to go - held up,3,Goods over 3.5t. and under 7.5t,No,Nearside,2019
20093102B0868,A,6097,C,119,Serious,None,14-12-2019,Saturday,1,Give way or uncontrolled,T or staggered junction,26.76778238,Darkness - lights lit,466560,347060,94.22184019,E01028331,1,1,0,0,Wet or damp,Dual carriageway,None,50,02:30:00,Rural,Raining no high winds,No,46 - 55,2,Urban area,2,1796,Kerb,Road sign or traffic signal,Commuting to/from work,Cleared junction or waiting/parked at junction exit,,VECTRA SRI,Petrol,Male,Skidded and overturned,No tow/articulation,Offside - crossed central reservation,0,Going ahead right-hand bend,1,Car,No,Nearside,2019
200850AY2B016,B,3301,NA,0,Serious,None,31-01-2020,Saturday,1,Not at junction or within 20 metres,Not at junction or within 20 metres,26.75122194,Darkness - lights lit,155750,37570,94.18720991,E01018983,1,2,0,0,Wet or damp,Single carriageway,None,30,22:00:00,Rural,Raining no high winds,No,46 - 55,2,Small town,4,1398,None,None,Other/Not known (2005-10),Not at or within 20 metres of junction,,1007 SPORT HDI,Heavy oil,Male,None,No tow/articulation,Did not leave carriageway,0,Going ahead right-hand bend,2,Car,No,Nearside,2019
200801MM71222,A,205,NA,0,Serious,None,19-06-2021,Friday,1,Data missing or out of range,Not at junction or within 20 metres,25.78737056,Darkness - lights lit,532780,173070,87.49500424,E01003951,1,2,0,0,Wet or damp,Single carriageway,None,30,16:30:00,Urban,Raining no high winds,No,46 - 55,2,Urban area,7,1896,None,None,Other/Not known (2005-10),Not at or within 20 metres of junction,,SHARAN S TDI 115 AUTO,Heavy oil,Male,None,No tow/articulation,Did not leave carriageway,0,Changing lane to right,1,Car,No,Offside,2019
200797ND00112,B,7001,Unclassified,0,Serious,None,13-07-2019,Sunday,1,Give way or uncontrolled,T or staggered junction,8.876160524,Darkness - lights lit,271800,660770,76.63142714,,2,1,0,0,Wet or damp,Single carriageway,None,30,03:15:00,Urban,Raining no high winds,Yes,46 - 55,2,Urban area,NA,1896,None,None,Journey as part of work,Cleared junction or waiting/parked at junction exit,,OCTAVIA CLASIC TDI,Heavy oil,Male,None,No tow/articulation,Did not leave carriageway,0,Going ahead other,1,Taxi/Private hire car,No,Front,2020
200842I194406,A,13,A,13,Serious,None,04-11-2019,Saturday,1,Give way or uncontrolled,Slip road,28.60053936,Darkness - lights lit,557890,180050,77.09669895,E01016012,1,1,0,0,Wet or damp,Single carriageway,None,60,23:55:00,Rural,Raining no high winds,No,46 - 55,2,Urban area,2,11967,None,None,Journey as part of work,Approaching junction or waiting/parked at junction approach,,,Heavy oil,Male,Jackknifed and overturned,Articulated vehicle,Offside,0,Going ahead other,1,Goods 7.5 tonnes mgw and over,No,Front,2021
200901GD10840,A,106,B,112,Serious,None,18-03-2020,Friday,2,Give way or uncontrolled,T or staggered junction,28.6881001,Darkness - lights lit,537290,185480,77.28828652,E01001846,1,2,0,0,Wet or damp,Dual carriageway,None,50,20:00:00,Urban,Raining no high winds,No,46 - 55,2,Data missing or out of range,NA,499,None,None,Other/Not known (2005-10),Approaching junction or waiting/parked at junction approach,,CBF 500 A-6,Petrol,Male,None,No tow/articulation,Did not leave carriageway,0,Going ahead other,1,Motorcycle over 500cc,No,Offside,2021
20083102C0103,A,6002,Unclassified,0,Serious,None,18-05-2021,Monday,1,Give way or uncontrolled,T or staggered junction,18.49592527,Darkness - lights lit,450970,340540,73.77401325,E01013862,1,2,0,0,Wet or damp,Single carriageway,None,60,16:00:00,Urban,Raining no high winds,No,46 - 55,2,Urban area,2,1587,None,None,Commuting to/from work,Entering main road,,C4 VTR+,Petrol,Male,None,No tow/articulation,Did not leave carriageway,0,Turning right,1,Car,No,Offside,2021
200997UA01410,Unclassified,0,NA,0,Serious,None,10-04-2019,Sunday,1,Data missing or out of range,Not at junction or within 20 metres,18.51340425,Darkness - lights lit,232150,639920,73.84246932,,1,2,0,0,Wet or damp,Single carriageway,None,30,19:50:00,Urban,Raining no high winds,Yes,46 - 55,2,Rural,NA,4580,None,None,Journey as part of work,Not at or within 20 metres of junction,,,Heavy oil,Male,None,No tow/articulation,Did not leave carriageway,0,Going ahead other,2,Bus or coach (17 or more pass seats),No,Nearside,2021
200914K362409,C,719,NA,0,Serious,None,08-09-2020,Monday,1,Not at junction or within 20 metres,Not at junction or within 20 metres,19.14991833,Darkness - lights lit,436920,387560,72.82869855,E01007885,1,1,0,0,Wet or damp,Single carriageway,None,30,16:40:00,Urban,Raining no high winds,No,46 - 55,2,Urban area,4,1686,None,None,Journey as part of work,Not at or within 20 metres of junction,,ASTRA DESIGN CDTI 100,Heavy oil,Male,None,No tow/articulation,Did not leave carriageway,0,Going ahead other,1,Car,No,Offside,2021
200820M046203,Unclassified,0,Unclassified,0,Serious,None,22-08-2021,Monday,1,Give way or uncontrolled,T or staggered junction,27.10444075,Darkness - lights lit,435810,280640,93.63220739,E01009655,1,2,0,0,Wet or damp,Single carriageway,None,30,22:40:00,Urban,Raining no high winds,No,46 - 55,2,Urban area,5,2696,None,None,Other/Not known (2005-10),Cleared junction or waiting/parked at junction exit,,RODIUS 270 SX AUTO,Heavy oil,Male,None,No tow/articulation,Did not leave carriageway,0,Parked,2,Car,No,Offside,2019
200897BF05511,C,0,NA,0,Serious,None,11-11-2020,Thursday,1,Data missing or out of range,Not at junction or within 20 metres,27.10603254,Darkness - lights lit,261100,670410,93.61583834,,1,2,0,0,Wet or damp,Single carriageway,None,30,17:15:00,Urban,Raining no high winds,Yes,46 - 55,2,Urban area,NA,1999,None,None,Journey as part of work,Not at or within 20 metres of junction,,3 SPORT,Petrol,Male,None,No tow/articulation,Did not leave carriageway,0,Going ahead other,1,Car,No,Did not impact,2019
201001RG40098,Unclassified,0,Unclassified,0,Serious,None,16-02-2010,Tuesday,1,Auto traffic signal,T or staggered junction,51.487312,Darkness - lights lit,540160,178420,0.017332,E01001663,1,2,0,5,Wet or damp,Dual carriageway,None,30,22:27:00,Urban,Raining no high winds,No,46 - 55,2,Rural,7,1229,None,None,Other/Not known (2005-10),Approaching junction or waiting/parked at junction approach,VAUXHALL,CORSA LIFE A/C,Petrol,Male,None,No tow/articulation,Did not leave carriageway,0,Going ahead other,1,Car,No,Front,2010
201001TB00013,A,400,A,501,Serious,None,24-01-2010,Sunday,1,Auto traffic signal,T or staggered junction,51.525371,Darkness - lights lit,529410,182370,-0.13596,E01000852,1,1,0,5,Wet or damp,One way street,None,30,22:20:00,Urban,Raining no high winds,No,46 - 55,2,Urban area,10,1753,None,None,Other/Not known (2005-10),Approaching junction or waiting/parked at junction approach,FORD,TOURNEO CONN T230 90,Heavy oil,Male,None,No tow/articulation,Did not leave carriageway,0,Turning right,1,Van / Goods 3.5 tonnes mgw or under,No,Front,2010
201001TB00783,A,215,Unclassified,0,Serious,None,17-11-2010,Wednesday,1,Give way or uncontrolled,T or staggered junction,51.399933,Darkness - lights lit,533970,168530,-0.075508,E01001136,1,1,0,0,Wet or damp,Single carriageway,None,30,18:18:00,Urban,Raining no high winds,No,46 - 55,2,Urban area,2,1997,None,None,Other/Not known (2005-10),Cleared junction or waiting/parked at junction exit,FORD,GALAXY ZETEC TDCI A,Heavy oil,Male,None,No tow/articulation,Did not leave carriageway,0,Going ahead other,1,Car,No,Front,2010
201004DR10104,B,6241,Unclassified,0,Serious,None,01-11-2010,Monday,1,Give way or uncontrolled,T or staggered junction,53.795669,Darkness - lights lit,351990,433510,-2.730342,E01025257,1,2,0,0,Wet or damp,Single carriageway,None,40,20:00:00,Rural,Raining no high winds,No,46 - 55,2,Rural,8,1995,None,None,Other/Not known (2005-10),Mid Junction - on roundabout or on main road,BMW,520D SE,Heavy oil,Male,None,No tow/articulation,Did not leave carriageway,0,Going ahead other,2,Car,No,Front,2010
201006L039100,B,5376,Unclassified,0,Serious,None,18-11-2010,Thursday,1,Give way or uncontrolled,Crossroads,53.550835,Darkness - lights lit,358140,406210,-2.633293,E01006375,1,2,0,0,Wet or damp,Single carriageway,None,30,16:00:00,Urban,Raining no high winds,No,46 - 55,2,Urban area,8,1997,None,None,Commuting to/from work,Entering main road,FORD,GALAXY GHIA TDCI 143,Heavy oil,Male,None,No tow/articulation,Did not leave carriageway,0,Going ahead other,1,Car,No,Offside,2010
201006XP26465,A(M),627,NA,0,Serious,None,15-01-2010,Friday,1,Data missing or out of range,Not at junction or within 20 metres,53.559079,Darkness - lights lit,390680,406950,-2.142175,E01005339,13,19,0,0,Frost or ice,Dual carriageway,None,40,07:45:00,Rural,Raining no high winds,No,46 - 55,2,Urban area,6,1968,None,None,Commuting to/from work,Not at or within 20 metres of junction,VOLKSWAGEN,PASSAT HIGHLINE TDI 140,Heavy oil,Male,None,No tow/articulation,Did not leave carriageway,0,Going ahead left-hand bend,14,Car,No,Offside,2010
2010160B01731,Unclassified,0,Unclassified,0,Serious,None,01-05-2010,Saturday,1,Give way or uncontrolled,Crossroads,53.527605,Darkness - lights lit,488160,404260,-0.671526,E01013324,3,2,0,0,Wet or damp,Single carriageway,None,60,00:20:00,Rural,Raining no high winds,No,46 - 55,2,Rural,7,2402,None,Road sign or traffic signal,Other/Not known (2005-10),Mid Junction - on roundabout or on main road,LAND ROVER,DEFENDER 110 XS DC LWB,Heavy oil,Male,None,No tow/articulation,Nearside,0,Going ahead other,1,Car,No,Front,2010
200804DF08226,Unclassified,0,Unclassified,0,Serious,None,10-04-2019,Tuesday,1,Give way or uncontrolled,T or staggered junction,25.77348452,Darkness - lights lit,355630,431870,87.4845805,E01025237,1,2,0,0,Wet or damp,Single carriageway,None,30,18:40:00,Urban,Raining no high winds,No,46 - 55,2,Urban area,3,998,None,None,Other/Not known (2005-10),Entering main road,,107 URBAN,Petrol,Female,None,No tow/articulation,Did not leave carriageway,0,Turning right,1,Car,No,Front,2019
200914A227309,A,18,C,251,Serious,None,08-07-2020,Wednesday,1,Give way or uncontrolled,T or staggered junction,8.876969815,Darkness - lights lit,468360,409740,76.61678829,E01007559,1,2,0,0,Wet or damp,Single carriageway,None,40,23:05:00,Rural,Raining no high winds,No,46 - 55,2,Rural,8,1998,None,None,Other/Not known (2005-10),Approaching junction or waiting/parked at junction approach,,MONDEO LX TDCI 130,Heavy oil,Female,None,No tow/articulation,Did not leave carriageway,0,Turning right,1,Car,No,Offside,2020
200914A231209,A,18,Unclassified,0,Serious,None,25-09-2021,Thursday,1,Give way or uncontrolled,Private drive or entrance,8.872295095,Darkness - lights lit,459250,402960,76.69893217,E01007644,1,2,0,0,Wet or damp,Single carriageway,None,40,16:20:00,Urban,Snowing no high winds,No,46 - 55,2,Urban area,4,1240,None,None,Commuting to/from work,Mid Junction - on roundabout or on main road,,MICRA SPIRITA AUTO,Petrol,Female,None,No tow/articulation,Did not leave carriageway,0,Turning left,1,Car,No,Front,2020
200920Z026401,Motorway,5,NA,0,Serious,None,01-11-2021,Friday,1,Data missing or out of range,Not at junction or within 20 metres,27.10218868,Darkness - lights lit,398420,287510,93.60911243,E01010004,12,6,0,0,Wet or damp,Dual carriageway,None,70,21:04:00,Urban,Unknown,No,46 - 55,2,Urban area,6,11705,None,None,Other/Not known (2005-10),Not at or within 20 metres of junction,,,Heavy oil,Male,None,No tow/articulation,Did not leave carriageway,0,Going ahead other,2,Goods 7.5 tonnes mgw and over,No,Back,2019
200745GU03692,A,331,Unclassified,0,Serious,None,02-01-2021,Friday,2,Give way or uncontrolled,Slip road,26.45990472,Darkness - lights lit,488340,153940,80.30586713,E01023139,1,1,0,0,Dry,Slip road,None,70,23:55:00,Urban,Unknown,No,46 - 55,2,Urban area,4,1598,None,Other permanent object,Other/Not known (2005-10),Leaving main road,,ASTRA BREEZE,Petrol,Male,None,No tow/articulation,Nearside,0,Turning right,1,Car,No,Front,2020
200797LA70211,A,82,NA,0,Serious,None,30-04-2020,Sunday,1,Data missing or out of range,Not at junction or within 20 metres,14.74286212,Darkness - no lighting,232620,710920,78.57740803,,1,2,0,0,Wet or damp,Single carriageway,None,60,16:30:00,Rural,Fine no high winds,Yes,46 - 55,2,Urban area,NA,2477,None,None,Other/Not known (2005-10),Not at or within 20 metres of junction,,SHOGUN SPORT WARRIOR TD,Heavy oil,Male,None,No tow/articulation,Did not leave carriageway,0,Changing lane to right,1,Car,No,Offside,2019
200745RU97584,A,320,NA,0,Serious,None,31-10-2019,Monday,1,Data missing or out of range,Not at junction or within 20 metres,27.09795636,Darkness - no lighting,502980,164730,93.62555505,E01030678,5,9,0,0,Wet or damp,Dual carriageway,None,50,16:40:00,Rural,Fine no high winds,No,46 - 55,2,Urban area,8,1796,None,None,Other/Not known (2005-10),Not at or within 20 metres of junction,,ASTRA ELITE AUTO,Petrol,Male,None,No tow/articulation,Did not leave carriageway,0,Waiting to go - held up,6,Car,No,Back,2019
200745EL99900,A,3,NA,0,Serious,Previous accident,17-01-2021,Saturday,1,Data missing or out of range,Not at junction or within 20 metres,26.72700542,Darkness - no lighting,511100,161500,94.22241026,E01030306,7,5,0,0,Dry,Dual carriageway,None,70,22:18:00,Rural,Fine no high winds,No,46 - 55,2,Data missing or out of range,NA,1686,Previous accident,None,Other/Not known (2005-10),Not at or within 20 metres of junction,,ASTRA LIFE CDTI,Heavy oil,Male,None,No tow/articulation,Did not leave carriageway,0,Going ahead other,3,Car,No,Front,2019
200843P105068,A,40,NA,0,Serious,Any animal in carriageway (except ridden horse),30-11-2021,Tuesday,1,Data missing or out of range,Not at junction or within 20 metres,26.75922401,Darkness - no lighting,427480,210760,94.20121154,E01028766,1,2,0,0,Dry,Single carriageway,None,60,23:40:00,Rural,Fine no high winds,No,46 - 55,2,Urban area,9,1992,Any animal (except ridden horse),None,Commuting to/from work,Not at or within 20 metres of junction,,A200CDI AVANTGARDE SE CVT,Heavy oil,Male,None,No tow/articulation,Did not leave carriageway,0,Going ahead other,2,Car,No,Offside,2019
200922C902535,A,44,NA,0,Serious,Any animal in carriageway (except ridden horse),24-05-2020,Saturday,2,Data missing or out of range,Not at junction or within 20 metres,22.08479099,Darkness - no lighting,400610,247450,82.16489126,E01032383,1,2,0,0,Dry,Unknown,None,60,02:30:00,Rural,Fine no high winds,No,46 - 55,2,Urban area,7,10837,None,None,Journey as part of work,Not at or within 20 metres of junction,,,Heavy oil,Male,None,No tow/articulation,Did not leave carriageway,0,Going ahead other,2,Goods 7.5 tonnes mgw and over,No,Front,2019
200942I260308,A,137,Unclassified,0,Serious,None,21-01-2021,Monday,1,Give way or uncontrolled,T or staggered junction,28.43754455,Darkness - no lighting,607210,230760,76.98252122,E01022013,1,2,0,0,Dry,Single carriageway,None,40,22:49:00,Rural,Fine no high winds,No,46 - 55,2,Small town,5,124,None,None,Other/Not known (2005-10),Approaching junction or waiting/parked at junction approach,,DT 125 RE,Petrol,Male,None,No tow/articulation,Nearside,0,Going ahead right-hand bend,2,Motorcycle 125cc and under,No,Back,2019
201034NW49860,A,509,NA,0,Serious,None,07-01-2019,Wednesday,1,Data missing or out of range,Not at junction or within 20 metres,13.03482359,Darkness - no lighting,490380,265530,77.59327372,E01027335,2,4,0,0,Frost or ice,Single carriageway,None,60,06:22:00,Rural,Fine no high winds,No,46 - 55,2,Urban area,8,11967,None,None,Journey as part of work,Not at or within 20 metres of junction,,,Heavy oil,Male,None,Articulated vehicle,Did not leave carriageway,0,Going ahead other,2,Goods 7.5 tonnes mgw and over,No,Front,2019