Accident_Index,1st_Road_Class,1st_Road_Number,2nd_Road_Class,2nd_Road_Number,Accident_Severity,Carriageway_Hazards,Date,Day_of_Week,Did_Police_Officer_Attend_Scene_of_Accident,Junction_Control,Junction_Detail,Latitude,Light_Conditions,Location_Easting_OSGR,Location_Northing_OSGR,Longitude,LSOA_of_Accident_Location,Number_of_Casualties,Number_of_Vehicles,Pedestrian_Crossing-Human_Control,Pedestrian_Crossing-Physical_Facilities,Road_Surface_Conditions,Road_Type,Special_Conditions_at_Site,Speed_limit,Time,Urban_or_Rural_Area,Weather_Conditions,InScotland,Age_Band_of_Driver,Age_of_Vehicle,Driver_Home_Area_Type,Driver_IMD_Decile,Engine_Capacity_.CC.,Hit_Object_in_Carriageway,Hit_Object_off_Carriageway,Journey_Purpose_of_Driver,Junction_Location,make,model,Propulsion_Code,Sex_of_Driver,Skidding_and_Overturning,Towing_and_Articulation,Vehicle_Leaving_Carriageway,Vehicle_Location.Restricted_Lane,Vehicle_Manoeuvre,Vehicle_Reference,Vehicle_Type,Was_Vehicle_Left_Hand_Drive,X1st_Point_of_Impact,Year
201042I344910,B,1027,NA,0,Serious,None,27-03-2020,Tuesday,1,Not at junction or within 20 metres,Not at junction or within 20 metres,12.99636649,Darkness - no lighting,611720,217980,77.55198993,E01022047,1,2,0,0,Dry,Single carriageway,None,60,06:00:00,Rural,Fine no high winds,No,46 - 55,2,Urban area,2,12900,None,None,Journey as part of work,Not at or within 20 metres of junction,,,Heavy oil,Male,None,Articulated vehicle,Did not leave carriageway,8,Going ahead right-hand bend,2,Goods 7.5 tonnes mgw and over,No,Back,2020
2009170S32969,A,174,NA,0,Serious,None,08-09-2020,Wednesday,1,Data missing or out of range,Not at junction or within 20 metres,12.972821,Darkness - no lighting,445780,514990,77.56746654,E01012282,1,3,0,0,Wet or damp,Single carriageway,None,60,07:22:00,Rural,Fine no high winds,No,46 - 55,2,Urban area,2,9000,None,None,Journey as part of work,Not at or within 20 metres of junction,,,Heavy oil,Male,None,No tow/articulation,Did not leave carriageway,0,Overtaking moving vehicle - offside,2,Bus or coach (17 or more pass seats),No,Nearside,2020
2008160C00900,A,63,NA,0,Serious,Previous accident,29-11-2021,Sunday,1,Not at junction or within 20 metres,Not at junction or within 20 metres,26.46287948,Darkness - no lighting,489360,430770,74.63306736,E01013019,1,4,0,0,Frost or ice,Dual carriageway,None,70,20:05:00,Rural,Fine no high winds,No,46 - 55,2,Urban area,10,1598,None,None,Other/Not known (2005-10),Not at or within 20 metres of junction,,ZAFIRA ACTIVE,Petrol,Male,None,No tow/articulation,Did not leave carriageway,0,Waiting to go - held up,3,Car,No,Back,2020
20093102B0846,Unclassified,0,NA,0,Serious,None,29-08-2020,Sunday,1,Data missing or out of range,Not at junction or within 20 metres,26.47782906,Darkness - no lighting,466370,382890,80.34064397,E01028036,4,2,0,0,Dry,Single carriageway,None,60,18:55:00,Rural,Fine no high winds,No,46 - 55,2,Urban area,6,999,None,None,Journey as part of work,Not at or within 20 metres of junction,,PICANTO GS,Petrol,Male,None,No tow/articulation,Nearside,0,Going ahead other,2,Car,No,Front,2020
200943N266099,A,4146,NA,0,Serious,None,02-07-2021,Sunday,1,Data missing or out of range,Not at junction or within 20 metres,28.65386976,Darkness - no lighting,487980,228940,77.16355839,E01017670,5,3,0,0,Dry,Dual carriageway,None,70,21:05:00,Rural,Fine no high winds,No,46 - 55,2,Urban area,6,1997,None,Entered ditch,Other/Not known (2005-10),Not at or within 20 metres of junction,,407 SE HDI AUTO,Heavy oil,Male,Overturned,No tow/articulation,Nearside,0,Going ahead other,3,Car,No,Nearside,2020
20094100J0449,Unclassified,25,NA,,Serious,None,26-04-2020,Friday,1,Give way or uncontrolled,Private drive or entrance,28.63926612,Darkness - no lighting,515550,198560,77.15832211,E01023528,1,2,0,0,Frost or ice,Single carriageway,None,60,16:58:00,Rural,Fine no high winds,No,46 - 55,2,Data missing or out of range,NA,2720,None,None,Other/Not known (2005-10),Leaving main road,,DISCOVERY TDV6 SE A,Heavy oil,Male,None,No tow/articulation,Did not leave carriageway,0,Turning right,1,Car,No,Offside,2020
201043N145120,Motorway,40,NA,0,Serious,None,10-07-2019,Monday,1,Data missing or out of range,Not at junction or within 20 metres,28.64128518,Darkness - no lighting,486710,191350,77.33749931,E01017866,3,4,0,0,Wet or damp,Dual carriageway,None,70,18:09:00,Urban,Fine no high winds,No,46 - 55,2,Rural,9,2720,None,None,Commuting to/from work,Not at or within 20 metres of junction,,RANGE ROVER SP HSE TDV6 A,Heavy oil,Male,None,No tow/articulation,Did not leave carriageway,0,Waiting to go - held up,3,Car,No,Back,2020
200937B043659,B,1107,C,622,Serious,Other object on road,01-05-2021,Friday,1,Give way or uncontrolled,T or staggered junction,28.61471532,Darkness - no lighting,582370,286030,77.13955029,E01029928,1,2,0,0,Dry,Single carriageway,None,60,17:30:00,Rural,Fine no high winds,No,46 - 55,2,Small town,10,1560,None,None,Commuting to/from work,Cleared junction or waiting/parked at junction exit,,BERLINGO 600 XTR+ HDI 92,Heavy oil,Male,None,No tow/articulation,Did not leave carriageway,0,Slowing or stopping,1,Van / Goods 3.5 tonnes mgw or under,No,Did not impact,2021
200745RU97584,A,320,NA,0,Serious,None,30-03-2019,Monday,1,Data missing or out of range,Not at junction or within 20 metres,18.53835768,Darkness - no lighting,502980,164730,73.85847983,E01030678,5,9,0,0,Wet or damp,Dual carriageway,None,50,16:40:00,Rural,Fine no high winds,No,46 - 55,2,Urban area,8,4293,None,None,Other/Not known (2005-10),Not at or within 20 metres of junction,,SC 430 AUTO,Petrol,Male,None,No tow/articulation,Did not leave carriageway,0,Waiting to go - held up,3,Car,No,Back,2021
200843W100098,Motorway,4,NA,0,Serious,None,06-09-2019,Tuesday,1,Data missing or out of range,Not at junction or within 20 metres,18.5076263,Darkness - no lighting,481240,171920,73.8207933,E01016656,1,2,0,0,Dry,Dual carriageway,None,70,21:56:00,Rural,Fine no high winds,No,46 - 55,2,Data missing or out of range,NA,2204,None,None,Other/Not known (2005-10),Not at or within 20 metres of junction,,CR-V I-CTDI SPORT,Heavy oil,Male,None,No tow/articulation,Did not leave carriageway,0,Changing lane to left,1,Car,No,Nearside,2021
200843N188128,Unclassified,30,Unclassified,911,Serious,None,08-05-2021,Friday,2,Give way or uncontrolled,T or staggered junction,18.59899761,Darkness - no lighting,500620,184570,73.88450737,E01017823,1,1,0,0,Wet or damp,Single carriageway,None,40,20:07:00,Rural,Fine no high winds,No,46 - 55,2,Urban area,9,1598,None,Tree,Other/Not known (2005-10),Cleared junction or waiting/parked at junction exit,,COOPER S,Petrol,Male,Skidded,No tow/articulation,Nearside,0,Going ahead left-hand bend,1,Car,No,Front,2021
20084100A0005,A,414,NA,0,Serious,None,10-08-2019,Thursday,1,Not at junction or within 20 metres,Not at junction or within 20 metres,19.18584929,Darkness - no lighting,529230,211980,72.87338426,E01023486,1,1,0,0,Dry,Dual carriageway,None,70,21:20:00,Rural,Fine no high winds,No,46 - 55,2,Urban area,10,4196,None,None,Commuting to/from work,Not at or within 20 metres of junction,,XK AUTO,Petrol,Male,Skidded and overturned,No tow/articulation,Nearside,0,Going ahead other,1,Car,No,Did not impact,2021
200943P368119,Unclassified,123,NA,0,Serious,Any animal in carriageway (except ridden horse),18-02-2021,Wednesday,1,Data missing or out of range,Not at junction or within 20 metres,19.09678811,Darkness - no lighting,458360,211100,72.82879518,E01028638,1,1,0,0,Wet or damp,Single carriageway,None,60,19:43:00,Rural,Fine no high winds,No,46 - 55,2,Urban area,9,798,Any animal (except ridden horse),None,Journey as part of work,Not at or within 20 metres of junction,,F 800 ST,Petrol,Male,Skidded,No tow/articulation,Nearside,0,Going ahead other,1,Motorcycle over 500cc,No,Front,2021
201037B044261,B,1066,Unclassified,9999,Serious,None,05-06-2021,Sunday,1,Give way or uncontrolled,T or staggered junction,19.11723059,Darkness - no lighting,583350,252500,72.83218823,E01029881,2,2,0,0,Wet or damp,Single carriageway,None,30,17:59:00,Rural,Fine no high winds,No,46 - 55,2,Rural,7,1242,None,None,Other/Not known (2005-10),Cleared junction or waiting/parked at junction exit,,PANDA DYNAMIC,Petrol,Male,None,No tow/articulation,Did not leave carriageway,0,Going ahead left-hand bend,1,Car,No,Offside,2021
201042I084603,Unclassified,0,NA,0,Serious,None,02-09-2021,Sunday,1,Not at junction or within 20 metres,Not at junction or within 20 metres,14.77798103,Darkness - no lighting,588930,200890,78.63019093,E01021875,1,1,0,0,Dry,Single carriageway,None,60,23:30:00,Rural,Fine no high winds,No,46 - 55,2,Rural,5,124,None,None,Commuting to/from work,Not at or within 20 metres of junction,,JL 125-11,Petrol,Male,None,No tow/articulation,Nearside,0,Going ahead right-hand bend,1,Motorcycle 125cc and under,No,Did not impact,2019
200843W007048,A,338,B,4000,Serious,None,01-03-2020,Tuesday,1,Give way or uncontrolled,T or staggered junction,13.02100054,Darkness - no lighting,436280,173240,77.5300462,E01016303,3,1,0,0,Dry,Single carriageway,None,50,00:27:00,Rural,Fine no high winds,No,46 - 55,2,Urban area,6,1229,None,Tree,Other/Not known (2005-10),Entering main road,,CORSA DESIGN TWINPORT,Petrol,Female,None,No tow/articulation,Straight ahead at junction,0,Going ahead other,1,Car,No,Front,2020
200905CC03072,Motorway,57,NA,0,Serious,None,11-08-2019,Friday,1,Data missing or out of range,Not at junction or within 20 metres,22.73524946,Darkness - no lighting,338390,399150,75.87158252,E01007040,1,4,0,0,Wet or damp,Dual carriageway,None,70,19:20:00,Rural,Fine no high winds,No,46 - 55,2,Urban area,6,2720,None,None,Other/Not known (2005-10),Not at or within 20 metres of junction,,RANGE ROVER SP HSE TDV6 A,Heavy oil,Female,Skidded,No tow/articulation,Did not leave carriageway,0,Going ahead other,2,Car,No,Front,2020
20074100T3196,Motorway,25,NA,0,Serious,Previous accident,09-07-2019,Friday,1,Not at junction or within 20 metres,Not at junction or within 20 metres,28.64797254,Darkness - no lighting,521490,201610,77.19016088,E01023584,5,13,0,0,Wet or damp,Dual carriageway,None,70,17:10:00,Rural,Fine no high winds,No,46 - 55,2,Urban area,4,995,None,None,Other/Not known (2005-10),Not at or within 20 metres of junction,,MATIZ SE+,Petrol,Female,None,No tow/articulation,Did not leave carriageway,0,Going ahead other,10,Car,No,Back,2020
200742I067002,Unclassified,0,NA,0,Serious,None,01-11-2019,Thursday,2,Not at junction or within 20 metres,Not at junction or within 20 metres,18.5960016,Darkness - no lighting,577580,219370,73.82895699,E01021348,1,1,0,0,Frost or ice,Single carriageway,None,40,05:20:00,Rural,Fine no high winds,No,46 - 55,2,Small town,8,102,None,None,Commuting to/from work,Not at or within 20 metres of junction,,SCV100F-E,Petrol,Female,None,No tow/articulation,Did not leave carriageway,0,Going ahead right-hand bend,1,Motorcycle 125cc and under,No,Nearside,2021
201042I200506,A,414,NA,0,Serious,None,15-09-2020,Saturday,1,Not at junction or within 20 metres,Not at junction or within 20 metres,18.58678797,Darkness - no lighting,568750,203840,73.73823213,E01021634,1,1,0,0,Dry,Dual carriageway,Roadworks,60,23:30:00,Rural,Fine no high winds,No,46 - 55,2,Urban area,6,1399,None,None,Other/Not known (2005-10),Not at or within 20 metres of junction,,FUSION STYLE CLIMATE TDCI,Heavy oil,Female,None,No tow/articulation,Did not leave carriageway,0,Going ahead other,1,Car,No,Front,2021
200922E901759,B,4224,NA,0,Serious,None,03-04-2021,Monday,1,Data missing or out of range,Not at junction or within 20 metres,18.57371512,Darkness - no lighting,362470,229620,73.93309236,E01014053,2,3,0,0,Dry,Single carriageway,None,60,20:10:00,Rural,Fine no high winds,No,46 - 55,2,Data missing or out of range,NA,1910,None,None,Other/Not known (2005-10),Not at or within 20 metres of junction,,VECTRA DESIGN CDTI 150,Heavy oil,Female,None,No tow/articulation,Did not leave carriageway,0,Going ahead other,3,Car,No,Back,2021
200842I132504,Unclassified,0,NA,0,Serious,None,30-12-2020,Tuesday,1,Not at junction or within 20 metres,Not at junction or within 20 metres,14.73858923,Darkness - no lighting,604720,214360,78.57724695,E01021694,2,2,0,0,Dry,Single carriageway,None,60,21:50:00,Rural,Fine no high winds,No,46 - 55,2,Rural,7,1360,None,None,Other/Not known (2005-10),Not at or within 20 metres of junction,,C3 XTR S-A,Petrol,Female,None,No tow/articulation,Did not leave carriageway,0,Going ahead other,1,Car,No,Front,2019
2010160C02451,Motorway,18,NA,0,Serious,None,13-05-2010,Thursday,2,Data missing or out of range,Not at junction or within 20 metres,53.672797,Darkness - no lighting,468490,420090,-0.964727,E01013072,2,2,0,0,Dry,Dual carriageway,None,70,23:00:00,Rural,Fine no high winds,No,46 - 55,2,Urban area,7,1796,None,None,Other/Not known (2005-10),Not at or within 20 metres of junction,VAUXHALL,ASTRA DESIGN A,Petrol,Female,None,No tow/articulation,Did not leave carriageway,0,Going ahead other,2,Car,No,Back,2010
200963DP33709,A,489,NA,0,Serious,None,07-10-2020,Thursday,1,Data missing or out of range,Not at junction or within 20 metres,23.02819023,Darkness - no lighting,307280,290640,72.56696181,W01000453,1,1,0,0,Wet or damp,Single carriageway,None,60,06:20:00,Rural,Fog or mist,No,46 - 55,2,Small town,NA,1968,None,Other permanent object,Journey as part of work,Not at or within 20 metres of junction,,A3 S LINE TDI QUATTRO,Heavy oil,Male,Skidded and overturned,No tow/articulation,Nearside,0,Going ahead other,1,Car,No,Front,2019
201042I012001,A,137,NA,0,Serious,None,13-01-2019,Thursday,1,Data missing or out of range,Not at junction or within 20 metres,15.27398998,Darkness - no lighting,609630,232390,74.10443884,E01022013,1,1,0,0,Dry,Single carriageway,None,30,17:16:00,Rural,Other,No,46 - 55,2,Data missing or out of range,NA,1995,None,None,Commuting to/from work,Not at or within 20 metres of junction,,320D M SPORT,Heavy oil,Female,None,No tow/articulation,Did not leave carriageway,0,Going ahead other,1,Car,No,Nearside,2019
200743N274057,Unclassified,7,Unclassified,864,Serious,None,26-03-2021,Monday,1,Give way or uncontrolled,T or staggered junction,25.77154832,Darkness - no lighting,494230,187330,87.45320131,E01017803,1,1,0,0,Wet or damp,Single carriageway,None,60,04:40:00,Rural,Raining + high winds,No,46 - 55,2,Urban area,7,1124,None,None,Other/Not known (2005-10),Mid Junction - on roundabout or on main road,,COLT BLACK,Petrol,Male,None,No tow/articulation,Straight ahead at junction,0,Going ahead left-hand bend,1,Car,No,Front,2019
200922E902656,A,44,NA,0,Serious,None,26-04-2021,Thursday,1,Data missing or out of range,Not at junction or within 20 metres,25.76513496,Darkness - no lighting,359780,257080,87.48966593,E01014024,3,2,0,0,Wet or damp,Single carriageway,None,60,21:45:00,Rural,Raining no high winds,No,46 - 55,2,Rural,6,1984,None,None,Other/Not known (2005-10),Not at or within 20 metres of junction,,A4 T FSI,Petrol,Male,None,No tow/articulation,Did not leave carriageway,0,Going ahead other,1,Car,No,Front,2019
20083102D0181,A,6097,NA,0,Serious,None,29-12-2021,Monday,1,Data missing or out of range,Not at junction or within 20 metres,28.5620497,Darkness - no lighting,469100,342590,77.3601745,E01028415,2,5,0,0,Wet or damp,Single carriageway,None,60,16:50:00,Rural,Raining no high winds,No,46 - 55,2,Data missing or out of range,NA,2198,None,None,Journey as part of work,Not at or within 20 metres of junction,,TRANSIT 110 T260 FWD,Heavy oil,Male,None,No tow/articulation,Did not leave carriageway,0,Waiting to go - held up,3,Van / Goods 3.5 tonnes mgw or under,No,Back,2021
20093104B3180,A,1,NA,0,Serious,None,30-06-2019,Saturday,1,Data missing or out of range,Not at junction or within 20 metres,28.54958961,Darkness - no lighting,479800,360380,77.13766286,E01028337,4,2,0,0,Wet or damp,Dual carriageway,None,70,17:30:00,Rural,Raining no high winds,No,46 - 55,2,Rural,6,1796,None,None,Other/Not known (2005-10),Not at or within 20 metres of junction,,C200 ELEGANCE KOMPRESSOR,Petrol,Male,None,No tow/articulation,Did not leave carriageway,0,Going ahead other,1,Car,No,Front,2021
200804EB08071,A,675,NA,0,Serious,None,06-10-2021,Tuesday,1,Data missing or out of range,Not at junction or within 20 metres,19.18629574,Darkness - no lighting,366780,417540,72.91740312,E01012628,1,2,0,0,Wet or damp,Single carriageway,None,50,18:20:00,Rural,Raining no high winds,No,46 - 55,2,Urban area,9,2720,None,None,Other/Not known (2005-10),Not at or within 20 metres of junction,,DISCOVERY 3 TDV6 SE AUTO,Heavy oil,Male,None,No tow/articulation,Did not leave carriageway,0,Going ahead other,2,Car,No,Front,2021
200863BC18608,A,487,Unclassified,0,Serious,None,14-07-2021,Thursday,1,Give way or uncontrolled,Private drive or entrance,26.44185705,Darkness - no lighting,260230,282160,80.33350697,W01000526,3,3,0,0,Wet or damp,Single carriageway,None,60,22:30:00,Urban,Raining no high winds,No,46 - 55,2,Rural,NA,1328,None,None,Other/Not known (2005-10),Mid Junction - on roundabout or on main road,,IGNIS GL,Petrol,Female,None,No tow/articulation,Did not leave carriageway,0,Turning right,2,Car,No,Did not impact,2020
200822EA00664,A,449,B,4224,Serious,None,15-04-2021,Tuesday,1,Give way or uncontrolled,Crossroads,28.70888114,Darkness - no lighting,363180,228410,77.28940239,E01014053,2,2,0,0,Wet or damp,Single carriageway,None,60,18:00:00,Rural,Raining no high winds,No,46 - 55,2,Small town,6,1398,None,None,Other/Not known (2005-10),Entering main road,,206 VERVE HDI,Heavy oil,Female,None,No tow/articulation,Did not leave carriageway,0,Going ahead other,1,Car,No,Offside,2020
200897QC70608,Motorway,74,NA,0,Serious,None,20-12-2019,Wednesday,1,Data missing or out of range,Not at junction or within 20 metres,14.66658126,Darkness - no lighting,300220,614290,78.55642936,,1,2,0,0,Wet or damp,Dual carriageway,None,70,19:50:00,Rural,Raining no high winds,Yes,46 - 55,2,Data missing or out of range,NA,2204,None,None,Other/Not known (2005-10),Not at or within 20 metres of junction,,CR-V I-CTDI SE,Heavy oil,Female,None,No tow/articulation,Nearside,0,Going ahead other,2,Car,No,Back,2019
200745WA00963,C,21,NA,0,Serious,None,08-06-2019,Monday,1,Data missing or out of range,Not at junction or within 20 metres,12.97420114,Daylight,489810,147290,77.52952395,E01030471,1,2,0,0,Wet or damp,Single carriageway,None,40,16:20:00,Rural,Fine + high winds,No,46 - 55,2,Urban area,7,4250,None,None,Other/Not known (2005-10),Not at or within 20 metres of junction,,,Heavy oil,Male,None,No tow/articulation,Nearside,0,Going ahead right-hand bend,2,Goods over 3.5t. and under 7.5t,No,Offside,2019
20084100T1120,Motorway,1,NA,0,Serious,None,03-06-2019,Sunday,1,Not at junction or within 20 metres,Not at junction or within 20 metres,14.78181454,Daylight,509690,211130,78.61040104,E01023722,1,2,0,0,Wet or damp,Dual carriageway,None,70,15:18:00,Rural,Fine + high winds,No,46 - 55,2,Urban area,3,1769,None,None,Other/Not known (2005-10),Not at or within 20 metres of junction,,PRIMERA FLARE,Petrol,Female,None,No tow/articulation,Did not leave carriageway,0,Slowing or stopping,2,Car,No,Back,2019
200822DE89095,Unclassified,0,NA,0,Serious,None,12-09-2021,Wednesday,1,Data missing or out of range,Not at junction or within 20 metres,14.69909915,Daylight,397150,275300,78.60432551,E01032150,1,2,0,0,Wet or damp,Single carriageway,None,30,06:28:00,Rural,Fine no high winds,No,46 - 55,2,Urban area,9,1596,None,None,Journey as part of work,Not at or within 20 metres of junction,,FOCUS GHIA 115,Petrol,Male,None,No tow/articulation,Did not leave carriageway,0,Parked,2,Car,No,Back,2019
201042I201306,B,184,Unclassified,0,Serious,None,27-11-2019,Tuesday,1,Give way or uncontrolled,T or staggered junction,14.67517085,Daylight,555210,204230,78.57900679,E01021802,1,2,0,1,Dry,Single carriageway,None,30,12:48:00,Rural,Fine no high winds,No,46 - 55,2,Urban area,9,12900,None,None,Journey as part of work,Mid Junction - on roundabout or on main road,,,Heavy oil,Male,None,No tow/articulation,Did not leave carriageway,0,Going ahead other,2,Goods over 3.5t. and under 7.5t,No,Did not impact,2019
200930D000758,C,292,Unclassified,0,Serious,None,12-02-2019,Thursday,1,Give way or uncontrolled,T or staggered junction,14.71880254,Daylight,438050,330350,78.59125372,E01013515,1,2,0,0,Dry,Single carriageway,None,30,17:39:00,Urban,Fine no high winds,No,46 - 55,2,Rural,7,2148,None,None,Journey as part of work,Mid Junction - on roundabout or on main road,,C220 ELEGANCE CDI,Heavy oil,Male,None,No tow/articulation,Did not leave carriageway,0,Going ahead other,1,Car,No,Front,2019
20104100A0094,C,48,NA,0,Serious,None,28-09-2021,Saturday,1,Not at junction or within 20 metres,Not at junction or within 20 metres,14.80405137,Daylight,529150,215930,78.55728206,E01023485,2,2,0,0,Dry,Single carriageway,None,60,15:10:00,Rural,Fine no high winds,No,46 - 55,2,Small town,8,2402,None,None,Journey as part of work,Not at or within 20 metres of junction,,TRANSIT 100 T350L D/C RWD,Heavy oil,Male,None,Single trailer,Did not leave carriageway,0,Going ahead other,2,Van / Goods 3.5 tonnes mgw or under,No,Front,2019
201042I352110,A,1245,Unclassified,0,Serious,None,19-06-2021,Sunday,1,Give way or uncontrolled,Roundabout,14.70423813,Daylight,577970,190840,78.48356356,E01021963,1,2,0,0,Dry,Dual carriageway,None,70,10:40:00,Rural,Fine no high winds,No,46 - 55,2,Urban area,5,749,None,Near/Offside crash barrier,Other/Not known (2005-10),Leaving roundabout,,GSXR 750 K8,Petrol,Male,None,No tow/articulation,Did not leave carriageway,0,Going ahead other,2,Motorcycle over 125cc and up to 500cc,No,Front,2019
200854EP10108,A,420,Unclassified,0,Serious,None,26-01-2021,Wednesday,1,Give way or uncontrolled,Private drive or entrance,14.68509355,Daylight,388970,174620,78.61114089,E01031940,1,2,0,0,Dry,Single carriageway,None,60,17:02:00,Rural,Fine no high winds,No,46 - 55,2,Urban area,5,1560,None,None,Journey as part of work,Approaching junction or waiting/parked at junction approach,,407 SW SE HDI,Heavy oil,Male,None,No tow/articulation,Did not leave carriageway,0,Waiting to go - held up,2,Car,No,Back,2019
2009160D02300,Unclassified,0,NA,0,Serious,None,09-07-2021,Tuesday,1,Data missing or out of range,Not at junction or within 20 metres,14.77172565,Daylight,511150,434210,78.49490748,E01012783,1,1,0,0,Dry,Single carriageway,None,30,15:45:00,Urban,Fine no high winds,No,46 - 55,2,Urban area,4,1796,None,None,Journey as part of work,Not at or within 20 metres of junction,,VECTRA SRI,Petrol,Male,None,No tow/articulation,Did not leave carriageway,0,Going ahead other,1,Taxi/Private hire car,No,Nearside,2019
200901CP00156,C,0,C,0,Serious,None,19-12-2019,Monday,1,Auto traffic signal,Crossroads,14.73301796,Daylight,532580,180920,78.46930928,E01000004,1,2,0,5,Dry,Single carriageway,None,30,08:04:00,Urban,Fine no high winds,No,46 - 55,2,Urban area,8,1870,None,None,Journey as part of work,Mid Junction - on roundabout or on main road,,GRAND VITARA X-EC D,Heavy oil,Male,None,No tow/articulation,Did not leave carriageway,0,Turning right,2,Car,No,Nearside,2019
201043P291110,A,415,NA,0,Serious,None,11-12-2020,Tuesday,1,Data missing or out of range,Not at junction or within 20 metres,14.66748015,Daylight,445680,196640,78.53320055,E01028739,1,2,0,0,Dry,Single carriageway,None,30,15:25:00,Rural,Fine no high winds,No,46 - 55,2,Urban area,7,6692,None,None,Journey as part of work,Not at or within 20 metres of junction,,,Heavy oil,Male,None,No tow/articulation,Did not leave carriageway,0,Going ahead other,2,Goods over 3.5t. and under 7.5t,No,Offside,2019
2010400D02066,Motorway,1,NA,0,Serious,None,26-01-2021,Tuesday,1,Data missing or out of range,Not at junction or within 20 metres,14.73918301,Daylight,502390,229500,78.56273298,E01017620,3,5,0,0,Dry,Dual carriageway,Roadworks,70,20:15:00,Rural,Fine no high winds,No,46 - 55,2,Urban area,4,7146,None,Central crash barrier,Journey as part of work,Not at or within 20 metres of junction,,,Heavy oil,Male,Skidded,No tow/articulation,Offside - crossed central reservation,0,Going ahead other,1,Goods 7.5 tonnes mgw and over,No,Offside,2019
200842I366409,B,1010,NA,0,Serious,None,21-07-2020,Friday,2,Not at junction or within 20 metres,Not at junction or within 20 metres,14.68912071,Daylight,591740,198820,78.48810169,E01021875,1,2,0,0,Dry,Single carriageway,None,60,07:30:00,Rural,Fine no high winds,No,46 - 55,2,Rural,NA,645,None,None,Journey as part of work,Not at or within 20 metres of junction,,SV 650 SK6,Petrol,Male,Skidded,No tow/articulation,Did not leave carriageway,0,Overtaking moving vehicle - offside,2,Motorcycle over 500cc,No,Nearside,2019
200806L093981,B,5206,Unclassified,0,Serious,None,27-02-2020,Tuesday,1,Give way or uncontrolled,Private drive or entrance,14.6579642,Daylight,353800,406680,78.51677251,E01006396,3,2,0,0,Dry,Single carriageway,None,40,10:20:00,Rural,Fine no high winds,No,46 - 55,2,Urban area,5,1910,None,None,Other/Not known (2005-10),Leaving main road,,SIGNUM ELITE CDTI 150,Heavy oil,Male,None,No tow/articulation,Offside,0,Turning right,1,Car,No,Nearside,2019
200804DA08143,Unclassified,0,Unclassified,0,Serious,None,11-03-2021,Wednesday,1,Give way or uncontrolled,Other junction,14.67221278,Daylight,353600,429320,78.55296239,E01025306,1,1,0,0,Wet or damp,Single carriageway,None,30,07:00:00,Urban,Fine no high winds,No,46 - 55,2,Rural,5,1997,None,None,Other/Not known (2005-10),Approaching junction or waiting/parked at junction approach,,407 SPORT HDI,Heavy oil,Male,None,No tow/articulation,Did not leave carriageway,0,Going ahead other,1,Car,No,Nearside,2019
200854EL33408,A,338,NA,,Serious,None,05-11-2019,Sunday,1,Give way or uncontrolled,Private drive or entrance,27.08950967,Daylight,423780,152850,93.61622032,E01031849,3,2,0,0,Dry,Single carriageway,None,60,12:32:00,Rural,Fine no high winds,No,46 - 55,2,Urban area,10,1450,None,Tree,Other/Not known (2005-10),Mid Junction - on roundabout or on main road,,FLSTCI HERITAGE SOFTAIL CLA,Petrol,Male,Skidded,No tow/articulation,Offside,0,Going ahead other,1,Motorcycle over 500cc,No,Front,2019
200745GU05897,A,323,Unclassified,581,Serious,None,30-12-2020,Friday,1,Give way or uncontrolled,More than 4 arms (not roundabout),27.10578545,Daylight,496570,152530,93.62974945,E01030499,1,1,0,8,Wet or damp,Single carriageway,None,40,08:05:00,Rural,Fine no high winds,No,46 - 55,2,Urban area,10,1870,None,None,Journey as part of work,Mid Junction - on roundabout or on main road,,VIVARO 2700 DI SWB,Heavy oil,Male,None,No tow/articulation,Did not leave carriageway,0,Going ahead other,1,Van / Goods 3.5 tonnes mgw or under,No,Front,2019
200843N104058,C,71,NA,0,Serious,None,28-02-2019,Sunday,1,Data missing or out of range,Not at junction or within 20 metres,27.10627719,Daylight,486190,222510,93.611189,E01017732,1,2,0,0,Dry,Single carriageway,None,60,11:50:00,Rural,Fine no high winds,No,46 - 55,2,Rural,9,2999,None,None,Other/Not known (2005-10),Not at or within 20 metres of junction,,TOUAREG ALTITUDE V6 TDI A,Heavy oil,Male,None,No tow/articulation,Did not leave carriageway,0,Going ahead other,1,Car,No,Did not impact,2019
200937B042959,A,143,B,1106,Serious,None,11-11-2021,Sunday,1,Give way or uncontrolled,T or staggered junction,27.08990035,Daylight,589730,267390,93.62872059,E01030104,1,2,0,0,Dry,Single carriageway,None,40,17:18:00,Rural,Fine no high winds,No,46 - 55,2,Urban area,4,955,None,None,Other/Not known (2005-10),Approaching junction or waiting/parked at junction approach,,DAYTONA 955I SS,Petrol,Male,None,No tow/articulation,Did not leave carriageway,0,Moving off,1,Motorcycle over 500cc,No,Front,2019