Accident_Index,1st_Road_Class,1st_Road_Number,2nd_Road_Class,2nd_Road_Number,Accident_Severity,Carriageway_Hazards,Date,Day_of_Week,Did_Police_Officer_Attend_Scene_of_Accident,Junction_Control,Junction_Detail,Latitude,Light_Conditions,Location_Easting_OSGR,Location_Northing_OSGR,Longitude,LSOA_of_Accident_Location,Number_of_Casualties,Number_of_Vehicles,Pedestrian_Crossing-Human_Control,Pedestrian_Crossing-Physical_Facilities,Road_Surface_Conditions,Road_Type,Special_Conditions_at_Site,Speed_limit,Time,Urban_or_Rural_Area,Weather_Conditions,InScotland,Age_Band_of_Driver,Age_of_Vehicle,Driver_Home_Area_Type,Driver_IMD_Decile,Engine_Capacity_.CC.,Hit_Object_in_Carriageway,Hit_Object_off_Carriageway,Journey_Purpose_of_Driver,Junction_Location,make,model,Propulsion_Code,Sex_of_Driver,Skidding_and_Overturning,Towing_and_Articulation,Vehicle_Leaving_Carriageway,Vehicle_Location.Restricted_Lane,Vehicle_Manoeuvre,Vehicle_Reference,Vehicle_Type,Was_Vehicle_Left_Hand_Drive,X1st_Point_of_Impact,Year
200901HT20332,A,1209,NA,0,Serious,None,21-09-2019,Tuesday,1,Data missing or out of range,Not at junction or within 20 metres,27.09564823,Daylight,533740,182330,93.61692117,E01004317,1,2,0,1,Dry,Single carriageway,None,30,09:15:00,Urban,Fine no high winds,No,46 - 55,2,Urban area,2,1995,None,None,Journey as part of work,Not at or within 20 metres of junction,,VIVARO 2900 CDTI SWB,Heavy oil,Male,None,No tow/articulation,Did not leave carriageway,0,Parked,1,Van / Goods 3.5 tonnes mgw or under,No,Offside,2019
200943P316019,Unclassified,203,NA,0,Serious,Pedestrian in carriageway - not injured,01-02-2020,Tuesday,1,Data missing or out of range,Not at junction or within 20 metres,27.09916832,Daylight,434980,241470,93.61439402,E01028504,1,2,0,0,Wet or damp,Single carriageway,Mud,60,12:45:00,Rural,Fine no high winds,No,46 - 55,2,Data missing or out of range,NA,12777,None,None,Other/Not known (2005-10),Not at or within 20 metres of junction,,,Heavy oil,Male,None,No tow/articulation,Nearside,0,Parked,2,Goods 7.5 tonnes mgw and over,No,Did not impact,2019
20094100D0299,A,414,C,127,Serious,None,08-02-2020,Wednesday,1,Give way or uncontrolled,Roundabout,27.09418333,Daylight,506970,206780,93.62880753,E01023387,2,5,0,0,Dry,Dual carriageway,None,40,16:29:00,Urban,Fine no high winds,No,46 - 55,2,Urban area,10,1584,None,None,Other/Not known (2005-10),Leaving roundabout,,FLHT ELECTRAGLIDE STANDAR,Petrol,Male,Skidded,No tow/articulation,Did not leave carriageway,0,Moving off,5,Motorcycle over 500cc,No,Front,2019
200905BB01563,Unclassified,0,A,566,Serious,None,10-11-2021,Sunday,1,Give way or uncontrolled,T or staggered junction,27.08859214,Daylight,333870,396260,93.62749659,E01007006,2,2,0,0,Dry,Single carriageway,None,30,15:05:00,Urban,Fine no high winds,No,46 - 55,2,Urban area,1,1896,None,None,Other/Not known (2005-10),Approaching junction or waiting/parked at junction approach,,TOURAN S TDI 105,Heavy oil,Male,None,No tow/articulation,Did not leave carriageway,0,Going ahead other,1,Car,No,Front,2019
200942I066103,A,1023,NA,0,Serious,None,01-07-2020,Thursday,1,Not at junction or within 20 metres,Not at junction or within 20 metres,27.10398703,Daylight,557520,192750,93.62016801,E01021468,1,2,0,0,Dry,Single carriageway,None,30,06:30:00,Urban,Fine no high winds,No,46 - 55,2,Urban area,4,2982,None,None,Other/Not known (2005-10),Not at or within 20 metres of junction,,HILUX INVINCIBLE D-4D A,Heavy oil,Male,None,No tow/articulation,Did not leave carriageway,0,Changing lane to right,1,Car,No,Back,2019
200920D154102,B,4151,Unclassified,0,Serious,None,26-02-2021,Sunday,1,Give way or uncontrolled,T or staggered junction,27.10487315,Daylight,412780,298890,93.61630759,E01009426,1,2,0,0,Dry,Single carriageway,None,30,12:53:00,Urban,Fine no high winds,No,46 - 55,2,Small town,7,6700,None,None,Journey as part of work,Mid Junction - on roundabout or on main road,,,Heavy oil,Male,None,No tow/articulation,Did not leave carriageway,0,Going ahead other,2,Bus or coach (17 or more pass seats),No,Front,2019
200742I395710,A,13,Unclassified,0,Serious,None,31-07-2020,Tuesday,1,Give way or uncontrolled,T or staggered junction,27.09387296,Daylight,591060,186390,93.62809615,E01015888,1,2,0,0,Dry,Dual carriageway,None,30,17:00:00,Urban,Fine no high winds,No,46 - 55,2,Rural,6,1050,None,None,Other/Not known (2005-10),Approaching junction or waiting/parked at junction approach,,SPRINT ST 1050,Petrol,Male,None,No tow/articulation,Did not leave carriageway,0,Going ahead other,2,Motorcycle over 500cc,No,Nearside,2019
20094100T2002,A(M),1,NA,0,Serious,None,10-03-2019,Wednesday,1,Not at junction or within 20 metres,Not at junction or within 20 metres,27.09899683,Daylight,523540,216460,93.62379912,E01023968,5,7,0,0,Wet or damp,Dual carriageway,None,70,16:06:00,Urban,Fine no high winds,No,46 - 55,2,Rural,3,1896,None,None,Commuting to/from work,Not at or within 20 metres of junction,,GOLF MATCH TDI 105,Heavy oil,Male,None,No tow/articulation,Did not leave carriageway,0,Slowing or stopping,6,Car,No,Back,2019
200904CK09096,C,0,NA,0,Serious,None,05-01-2021,Saturday,1,Data missing or out of range,Not at junction or within 20 metres,26.73435998,Daylight,338970,414590,94.20596165,E01025514,1,1,0,0,Dry,Single carriageway,None,60,16:25:00,Rural,Fine no high winds,No,46 - 55,2,Data missing or out of range,NA,1798,None,Entered ditch,Other/Not known (2005-10),Not at or within 20 metres of junction,,5 TS2,Petrol,Male,Skidded,No tow/articulation,Offside,0,Going ahead left-hand bend,1,Car,No,Front,2019
200904TA09203,Motorway,6,NA,0,Serious,None,08-08-2019,Monday,1,Data missing or out of range,Not at junction or within 20 metres,26.74840263,Daylight,354160,434690,94.19850327,E01025277,1,3,0,0,Dry,Dual carriageway,None,70,07:30:00,Rural,Fine no high winds,No,46 - 55,2,Urban area,3,10518,None,None,Journey as part of work,Not at or within 20 metres of junction,,,Heavy oil,Male,None,Articulated vehicle,Did not leave carriageway,0,Going ahead other,3,Goods 7.5 tonnes mgw and over,No,Did not impact,2019
200963AC37509,Unclassified,0,Unclassified,0,Serious,None,16-05-2019,Monday,1,Give way or uncontrolled,T or staggered junction,26.76673407,Daylight,251020,200490,94.17701848,W01000703,2,2,0,0,Dry,Single carriageway,None,30,19:23:00,Urban,Fine no high winds,No,46 - 55,2,Urban area,NA,1910,None,None,Journey as part of work,Approaching junction or waiting/parked at junction approach,,ZAFIRA DESIGN CDTI 120 E4,Heavy oil,Male,None,No tow/articulation,Did not leave carriageway,0,Going ahead other,2,Car,No,Nearside,2019
200742I235006,B,172,NA,0,Serious,None,12-05-2019,Wednesday,1,Not at junction or within 20 metres,Not at junction or within 20 metres,26.76534109,Daylight,543900,199540,94.17432643,E01021804,2,4,0,0,Dry,Single carriageway,None,60,18:02:00,Rural,Fine no high winds,No,46 - 55,2,Small town,8,2720,None,None,Other/Not known (2005-10),Not at or within 20 metres of junction,,DISCOVERY 3 TDV6 S,Heavy oil,Male,None,No tow/articulation,Did not leave carriageway,0,Going ahead right-hand bend,2,Car,No,Offside,2019
200801LX50432,A,215,NA,0,Serious,None,11-05-2021,Thursday,1,Data missing or out of range,Not at junction or within 20 metres,26.71837973,Daylight,531840,172510,94.19702607,E01003079,1,1,0,0,Dry,Single carriageway,None,30,20:15:00,Urban,Fine no high winds,No,46 - 55,2,Urban area,2,7300,None,None,Journey as part of work,Not at or within 20 metres of junction,,,Heavy oil,Male,None,No tow/articulation,Did not leave carriageway,0,Moving off,1,Bus or coach (17 or more pass seats),No,Did not impact,2019
2008160D02210,Unclassified,0,Unclassified,0,Serious,None,13-04-2020,Wednesday,1,Give way or uncontrolled,T or staggered junction,26.74637367,Daylight,513250,430440,94.18694123,E01012895,1,2,1,0,Wet or damp,Single carriageway,None,30,08:40:00,Urban,Fine no high winds,No,46 - 55,2,Urban area,1,2463,None,None,Journey as part of work,Leaving main road,,,Heavy oil,Male,None,No tow/articulation,Did not leave carriageway,0,Turning right,1,Minibus (8 - 16 passenger seats),No,Did not impact,2019
200743N042117,C,17,NA,0,Serious,None,04-08-2020,Tuesday,1,Data missing or out of range,Not at junction or within 20 metres,26.75390521,Daylight,481440,230100,94.23046917,E01017696,2,2,0,0,Wet or damp,Single carriageway,None,60,08:35:00,Rural,Fine no high winds,No,46 - 55,2,Urban area,NA,1390,None,None,Commuting to/from work,Not at or within 20 metres of junction,,CLIO DYNAMIQUE S,Petrol,Male,None,No tow/articulation,Did not leave carriageway,0,Going ahead other,2,Car,No,Front,2019
200820E159203,B,4217,NA,0,Serious,None,12-06-2019,Tuesday,1,Data missing or out of range,Not at junction or within 20 metres,26.74099697,Daylight,406470,284150,94.21971848,E01008982,2,3,0,0,Dry,Dual carriageway,None,30,18:10:00,Urban,Fine no high winds,No,46 - 55,2,Urban area,NA,1998,None,None,Commuting to/from work,Not at or within 20 metres of junction,,MONDEO GHIA TDCI 130,Heavy oil,Male,None,No tow/articulation,Did not leave carriageway,0,Moving off,3,Car,No,Back,2019
200942I248108,A,137,NA,0,Serious,None,12-03-2019,Saturday,1,Not at junction or within 20 metres,Not at junction or within 20 metres,25.79022763,Daylight,602690,227320,87.48775307,E01021708,1,2,0,0,Dry,Single carriageway,None,40,20:45:00,Rural,Fine no high winds,No,46 - 55,2,Urban area,3,942,None,None,Other/Not known (2005-10),Not at or within 20 metres of junction,,950 SUPERMOTO LC8,Petrol,Male,Skidded,No tow/articulation,Offside,0,Going ahead other,1,Motorcycle over 500cc,No,Front,2019
200942I166806,A,12,NA,0,Serious,None,16-06-2020,Wednesday,1,Not at junction or within 20 metres,Not at junction or within 20 metres,25.77676629,Daylight,574620,204420,87.45221893,E01021571,1,2,0,0,Dry,Dual carriageway,None,70,05:05:00,Rural,Fine no high winds,No,46 - 55,2,Data missing or out of range,NA,2402,None,None,Journey as part of work,Not at or within 20 metres of junction,,DEFENDER 130 H-C D/C P-U,Heavy oil,Male,None,No tow/articulation,Nearside,0,Going ahead other,2,Car,No,Back,2019
200845RU23974,Motorway,25,Unclassified,0,Serious,None,18-05-2021,Saturday,1,Give way or uncontrolled,Slip road,25.77368296,Daylight,503500,165760,87.49855734,E01030655,1,5,0,0,Dry,Dual carriageway,None,70,20:09:00,Rural,Fine no high winds,No,46 - 55,2,Small town,8,1984,None,None,Other/Not known (2005-10),Mid Junction - on roundabout or on main road,,A4 SPORT FSI AUTO,Petrol,Male,None,No tow/articulation,Did not leave carriageway,0,Going ahead other,2,Car,No,Front,2019
200842I203006,Unclassified,0,Unclassified,0,Serious,None,16-10-2019,Wednesday,1,Give way or uncontrolled,T or staggered junction,25.78285741,Daylight,559050,182880,87.47374849,E01015971,2,3,0,0,Dry,Single carriageway,None,30,11:30:00,Urban,Fine no high winds,No,46 - 55,2,Data missing or out of range,NA,2402,None,None,Journey as part of work,Approaching junction or waiting/parked at junction approach,,TRANSIT 100 T350L D/C RWD,Heavy oil,Male,None,No tow/articulation,Did not leave carriageway,0,Waiting to turn left,3,Van / Goods 3.5 tonnes mgw or under,No,Offside,2019
200901CW11196,Unclassified,0,Unclassified,0,Serious,None,29-07-2021,Saturday,1,Give way or uncontrolled,Crossroads,25.77684551,Daylight,527320,181920,87.49065141,E01004673,2,2,0,0,Dry,Single carriageway,None,30,09:30:00,Urban,Fine no high winds,No,46 - 55,2,Urban area,2,1296,None,None,Other/Not known (2005-10),Mid Junction - on roundabout or on main road,,YARIS ZINC S-A,Petrol,Male,Skidded,No tow/articulation,Did not leave carriageway,0,Going ahead other,1,Car,No,Nearside,2019
200843R078018,B,3026,NA,0,Serious,None,18-07-2021,Saturday,1,Data missing or out of range,Not at junction or within 20 metres,25.77793234,Daylight,497380,178160,87.47184569,E01016567,3,2,0,0,Wet or damp,Single carriageway,None,40,15:25:00,Rural,Fine no high winds,No,46 - 55,2,Urban area,9,1794,None,None,Commuting to/from work,Not at or within 20 metres of junction,,AVENSIS T3-X,Petrol,Male,None,No tow/articulation,Did not leave carriageway,0,Going ahead right-hand bend,2,Car,No,Front,2019
200954EM25909,A,303,NA,0,Serious,None,28-05-2021,Saturday,1,Not at junction or within 20 metres,Not at junction or within 20 metres,25.77412324,Daylight,415280,142050,87.45528751,E01031979,5,2,0,0,Wet or damp,Dual carriageway,None,60,14:06:00,Rural,Fine no high winds,No,46 - 55,2,Urban area,9,1108,None,None,Other/Not known (2005-10),Not at or within 20 metres of junction,,PANDA ACTIVE,Petrol,Male,Skidded,No tow/articulation,Nearside,0,Slowing or stopping,1,Car,No,Front,2019
20084100E0713,Unclassified,300,Unclassified,183,Serious,None,26-12-2020,Wednesday,1,Give way or uncontrolled,Other junction,25.76484784,Daylight,523520,224770,87.46303307,E01023775,1,1,0,8,Dry,Single carriageway,None,30,10:41:00,Urban,Fine no high winds,No,46 - 55,2,Urban area,10,1997,None,None,Journey as part of work,Cleared junction or waiting/parked at junction exit,,407 SW X-LINE HDI,Heavy oil,Male,None,No tow/articulation,Did not leave carriageway,0,Going ahead right-hand bend,1,Taxi/Private hire car,No,Offside,2019
200942I074203,Unclassified,0,Unclassified,0,Serious,None,31-07-2021,Sunday,1,Give way or uncontrolled,T or staggered junction,25.79157591,Daylight,581150,187540,87.49535056,E01021530,1,2,0,0,Dry,Single carriageway,None,30,15:35:00,Urban,Fine no high winds,No,46 - 55,2,Urban area,6,2993,None,None,Journey as part of work,Entering main road,,525D SE A,Heavy oil,Male,None,No tow/articulation,Did not leave carriageway,0,Moving off,1,Car,No,Front,2019
200843P241038,A,321,NA,,Serious,None,21-04-2021,Monday,1,Give way or uncontrolled,Private drive or entrance,22.05357096,Daylight,476750,182330,82.1290104,E01016675,1,4,0,0,Dry,Single carriageway,None,40,17:56:00,Rural,Fine no high winds,No,46 - 55,2,Urban area,10,1598,None,None,Other/Not known (2005-10),Approaching junction or waiting/parked at junction approach,,BERLINGO M-S DESIRE 75,Heavy oil,Male,None,No tow/articulation,Did not leave carriageway,0,Going ahead other,3,Car,No,Offside,2019
2009559D02566,Unclassified,0,NA,0,Serious,None,14-09-2019,Sunday,1,Not at junction or within 20 metres,Not at junction or within 20 metres,22.08037005,Daylight,370110,89680,82.16717769,E01020520,3,2,0,0,Wet or damp,Single carriageway,None,30,14:12:00,Urban,Fine no high winds,No,46 - 55,2,Urban area,8,124,None,None,Journey as part of work,Not at or within 20 metres of junction,,,Petrol,Male,None,No tow/articulation,Did not leave carriageway,0,Going ahead right-hand bend,1,Motorcycle 125cc and under,No,Front,2019
200843N260038,B,489,Unclassified,1394,Serious,None,21-01-2020,Sunday,1,Give way or uncontrolled,T or staggered junction,22.04886092,Daylight,497690,217690,82.18711933,E01017657,3,2,0,0,Dry,Single carriageway,None,60,16:50:00,Rural,Fine no high winds,No,46 - 55,2,Rural,9,750,None,None,Other/Not known (2005-10),Mid Junction - on roundabout or on main road,,GSXR 750 K6,Petrol,Male,None,No tow/articulation,Did not leave carriageway,0,Going ahead other,2,Motorcycle 125cc and under,No,Front,2019
200850JA2C015,A,38,NA,0,Serious,None,30-01-2021,Thursday,1,Not at junction or within 20 metres,Not at junction or within 20 metres,22.06884426,Daylight,275680,69600,82.14552137,E01020197,4,3,0,0,Dry,Dual carriageway,None,70,11:11:00,Rural,Fine no high winds,No,46 - 55,2,Urban area,6,1560,None,None,Other/Not known (2005-10),Not at or within 20 metres of junction,,307 SW S HDI 110,Heavy oil,Male,None,Caravan,Did not leave carriageway,0,Going ahead other,3,Car,No,Front,2019
200842I109803,A,282,NA,0,Serious,None,06-02-2021,Monday,1,Not at junction or within 20 metres,Not at junction or within 20 metres,22.09696741,Daylight,557100,176570,82.17026385,E01016012,1,1,0,0,Dry,Dual carriageway,None,50,16:35:00,Rural,Fine no high winds,No,46 - 55,2,Urban area,7,680,None,Central crash barrier,Commuting to/from work,Not at or within 20 metres of junction,,NT 700 VA,Petrol,Male,None,No tow/articulation,Offside on to centrl res + rebounded,0,Going ahead other,1,Motorcycle over 500cc,No,Offside,2019
200750F31J701,Unclassified,0,NA,0,Serious,None,14-08-2021,Friday,1,Not at junction or within 20 metres,Not at junction or within 20 metres,22.1007143,Daylight,291110,63770,82.185025,E01015255,1,1,0,0,Dry,Single carriageway,None,30,16:43:00,Urban,Fine no high winds,No,46 - 55,2,Urban area,4,1910,None,None,Data missing or out of range,Not at or within 20 metres of junction,,9-3 LINEAR SPORT TID,Heavy oil,Male,None,No tow/articulation,Did not leave carriageway,0,Going ahead other,1,Car,No,Front,2019
2009160D04600,Unclassified,0,Unclassified,0,Serious,None,18-11-2021,Thursday,1,Give way or uncontrolled,T or staggered junction,22.08811502,Daylight,509350,433720,82.16057483,E01012829,1,1,0,0,Dry,Single carriageway,None,30,20:05:00,Urban,Fine no high winds,No,46 - 55,2,Urban area,5,1968,None,None,Other/Not known (2005-10),Cleared junction or waiting/parked at junction exit,,GOLF GT SPORT TDI 170,Heavy oil,Male,None,No tow/articulation,Did not leave carriageway,0,Going ahead other,1,Car,No,Nearside,2019
200920E085302,A,435,NA,0,Serious,None,18-10-2021,Thursday,1,Data missing or out of range,Not at junction or within 20 metres,22.08724766,Daylight,407710,278860,82.16225421,E01008947,2,1,0,0,Dry,Single carriageway,None,30,19:10:00,Urban,Fine no high winds,No,46 - 55,2,Urban area,5,649,None,None,Commuting to/from work,Not at or within 20 metres of junction,,KLE 650 A7F,Petrol,Male,Overturned,No tow/articulation,Did not leave carriageway,0,Overtaking static vehicle - offside,1,Motorcycle over 500cc,No,Nearside,2019
200801WW75142,B,306,Unclassified,0,Serious,None,09-06-2020,Monday,1,Auto traffic signal,More than 4 arms (not roundabout),22.09552993,Daylight,523710,175790,82.10709624,E01004606,3,2,0,4,Dry,Single carriageway,None,30,08:38:00,Urban,Fine no high winds,No,46 - 55,2,Urban area,7,124,None,None,Taking pupil to/from school,Approaching junction or waiting/parked at junction approach,,NXC 125 CYGNUS,Petrol,Male,Skidded,No tow/articulation,Did not leave carriageway,0,Overtaking moving vehicle - offside,1,Motorcycle 125cc and under,No,Front,2019
2008400D02426,A,5,C,193,Serious,None,26-08-2020,Wednesday,1,Give way or uncontrolled,T or staggered junction,22.09969626,Daylight,498070,225970,82.14667781,E01017577,1,2,0,0,Dry,Single carriageway,None,40,11:21:00,Rural,Fine no high winds,No,46 - 55,2,Urban area,9,9364,None,None,Journey as part of work,Mid Junction - on roundabout or on main road,,,Heavy oil,Male,None,No tow/articulation,Did not leave carriageway,0,Going ahead other,2,Goods 7.5 tonnes mgw and over,No,Front,2019
2007600WR2018,A,5152,Unclassified,0,Serious,None,11-07-2019,Friday,1,Give way or uncontrolled,T or staggered junction,22.0801715,Daylight,332030,348980,82.11295832,,1,2,0,0,Wet or damp,Single carriageway,None,30,07:45:00,Rural,Fine no high winds,No,46 - 55,2,Urban area,NA,125,None,None,Commuting to/from work,Approaching junction or waiting/parked at junction approach,,SES 125-4,Petrol,Male,None,No tow/articulation,Did not leave carriageway,0,Going ahead other,2,Motorcycle 125cc and under,No,Nearside,2019
200963CP24609,A,477,Unclassified,0,Serious,None,06-04-2020,Saturday,1,Give way or uncontrolled,Other junction,15.30569555,Daylight,199540,202930,74.11759122,W01000578,4,4,0,0,Dry,Single carriageway,None,60,12:05:00,Rural,Fine no high winds,No,46 - 55,2,Urban area,NA,11705,None,None,Journey as part of work,Cleared junction or waiting/parked at junction exit,,,Heavy oil,Male,None,Articulated vehicle,Did not leave carriageway,0,Going ahead left-hand bend,2,Goods 7.5 tonnes mgw and over,No,Offside,2019
200837B041155,A,14,NA,0,Serious,Other object on road,09-06-2019,Friday,1,Data missing or out of range,Not at junction or within 20 metres,15.31114051,Daylight,561180,263650,74.0920749,E01029937,1,2,0,0,Dry,Dual carriageway,None,70,07:06:00,Rural,Fine no high winds,No,46 - 55,2,Small town,8,10518,None,None,Journey as part of work,Not at or within 20 metres of junction,,,Heavy oil,Male,None,Articulated vehicle,Nearside,0,Parked,2,Goods 7.5 tonnes mgw and over,No,Back,2019
200814C126708,Unclassified,0,Unclassified,0,Serious,None,05-08-2019,Friday,1,Give way or uncontrolled,T or staggered junction,15.2648786,Daylight,443060,393220,74.02400112,E01007714,1,1,0,0,Dry,Single carriageway,None,30,12:06:00,Urban,Fine no high winds,No,46 - 55,2,Urban area,7,1910,None,None,Other/Not known (2005-10),Mid Junction - on roundabout or on main road,,VECTRA SRI CDTI,Heavy oil,Male,None,No tow/articulation,Did not leave carriageway,0,Going ahead other,1,Car,No,Nearside,2019
200920L171301,A,452,Unclassified,0,Serious,None,03-02-2019,Monday,1,Give way or uncontrolled,T or staggered junction,15.20721713,Daylight,423830,277300,74.14292337,E01010168,2,3,0,0,Dry,Single carriageway,None,40,15:53:00,Rural,Fine no high winds,No,46 - 55,2,Urban area,2,3000,None,None,Other/Not known (2005-10),Approaching junction or waiting/parked at junction approach,,TRIBECA B9 7 SEATS A,Petrol,Male,None,No tow/articulation,Did not leave carriageway,0,Going ahead other,3,Car,No,Back,2019
2007600CO3041,A,470,NA,0,Serious,None,16-01-2019,Sunday,1,Data missing or out of range,Not at junction or within 20 metres,15.31477395,Daylight,280160,373720,74.09402285,,1,2,0,0,Dry,Single carriageway,None,60,16:25:00,Rural,Fine no high winds,No,46 - 55,2,Small town,NA,124,None,None,Other/Not known (2005-10),Not at or within 20 metres of junction,,VL 125 K6,Petrol,Male,None,No tow/articulation,Did not leave carriageway,0,Changing lane to right,1,Motorcycle 125cc and under,No,Front,2019
20104100T3120,Motorway,25,NA,0,Serious,None,11-11-2021,Monday,1,Not at junction or within 20 metres,Not at junction or within 20 metres,15.24673733,Daylight,516170,202800,74.08822778,E01023720,2,2,0,0,Dry,Dual carriageway,None,70,13:13:00,Rural,Fine no high winds,No,46 - 55,2,Urban area,5,12777,None,None,Journey as part of work,Not at or within 20 metres of junction,,,Heavy oil,Male,None,Articulated vehicle,Did not leave carriageway,0,Going ahead other,2,Goods 7.5 tonnes mgw and over,No,Offside,2019
201043N176040,A,413,C,36,Serious,None,04-08-2019,Tuesday,1,Give way or uncontrolled,T or staggered junction,15.36217059,Daylight,479660,225010,74.14906648,E01017715,1,2,0,0,Dry,Single carriageway,None,60,08:45:00,Rural,Fine no high winds,No,46 - 55,2,Rural,7,1560,None,None,Journey as part of work,Approaching junction or waiting/parked at junction approach,,BERLINGO 750 LX HDI,Heavy oil,Male,None,No tow/articulation,Did not leave carriageway,0,Waiting to turn right,2,Van / Goods 3.5 tonnes mgw or under,No,Back,2019
200843N177048,A,413,Unclassified,1661,Serious,None,05-05-2019,Thursday,1,Give way or uncontrolled,Other junction,15.27287257,Daylight,476980,227590,74.01108675,E01017738,1,1,0,1,Dry,Single carriageway,None,30,09:30:00,Rural,Fine no high winds,No,46 - 55,2,Urban area,10,3600,None,None,Journey as part of work,Cleared junction or waiting/parked at junction exit,,GT 3,Petrol,Male,None,No tow/articulation,Did not leave carriageway,0,Going ahead other,1,Car,No,Nearside,2019
2009160D05570,Unclassified,0,Unclassified,0,Serious,None,16-06-2019,Monday,1,Give way or uncontrolled,Crossroads,15.2621831,Daylight,513930,430640,74.10274814,E01012895,1,2,0,0,Dry,Single carriageway,None,30,11:53:00,Urban,Fine no high winds,No,46 - 55,2,Data missing or out of range,NA,1753,None,None,Journey as part of work,Entering main road,,TRANSIT CONN T220 L90,Heavy oil,Male,None,No tow/articulation,Did not leave carriageway,0,Moving off,1,Van / Goods 3.5 tonnes mgw or under,No,Front,2019
200932D148709,A,46,NA,0,Serious,None,14-03-2021,Tuesday,1,Data missing or out of range,Not at junction or within 20 metres,15.35260354,Daylight,506830,386220,74.02397041,E01026414,2,2,0,0,Dry,Single carriageway,None,60,17:20:00,Rural,Fine no high winds,No,46 - 55,2,Data missing or out of range,NA,1396,None,None,Commuting to/from work,Not at or within 20 metres of junction,,CEE'D SR,Petrol,Male,None,No tow/articulation,Did not leave carriageway,0,Going ahead left-hand bend,1,Car,No,Front,2019
2009559D03438,Unclassified,0,NA,0,Serious,None,01-10-2021,Monday,1,Not at junction or within 20 metres,Not at junction or within 20 metres,15.25479375,Daylight,367400,83680,74.09574688,E01020571,1,1,0,0,Dry,Single carriageway,None,30,16:26:00,Urban,Fine no high winds,No,46 - 55,2,Small town,7,1910,None,None,Journey as part of work,Not at or within 20 metres of junction,,VECTRA EXCLUSIV CDTI 120,Heavy oil,Male,None,No tow/articulation,Did not leave carriageway,0,Going ahead other,1,Car,No,Offside,2019
200797AB01707,Unclassified,0,NA,0,Serious,None,13-10-2021,Friday,1,Data missing or out of range,Not at junction or within 20 metres,15.32606877,Daylight,259360,665220,74.0291158,,1,1,0,0,Dry,Dual carriageway,None,30,12:30:00,Urban,Fine no high winds,Yes,46 - 55,2,Urban area,NA,7300,None,None,Other/Not known (2005-10),Not at or within 20 metres of junction,,,Heavy oil,Male,None,No tow/articulation,Did not leave carriageway,0,Going ahead other,1,Bus or coach (17 or more pass seats),No,Did not impact,2019
200822C801138,B,4079,Unclassified,0,Serious,None,03-03-2020,Friday,2,Give way or uncontrolled,T or staggered junction,15.2550907,Daylight,393720,235390,73.98260338,E01032347,1,1,0,0,Wet or damp,Single carriageway,None,60,14:00:00,Rural,Fine no high winds,No,46 - 55,2,Data missing or out of range,NA,1998,None,None,Other/Not known (2005-10),Approaching junction or waiting/parked at junction approach,,V50 SE D (E4),Heavy oil,Male,None,No tow/articulation,Did not leave carriageway,0,Going ahead other,1,Car,No,Nearside,2019
200843R069098,A,330,A,3095,Serious,None,11-08-2019,Sunday,1,Give way or uncontrolled,T or staggered junction,15.29464571,Daylight,487560,174080,74.14644666,E01016543,1,2,0,0,Dry,Single carriageway,None,60,16:20:00,Rural,Fine no high winds,No,46 - 55,2,Urban area,9,3195,None,None,Other/Not known (2005-10),Cleared junction or waiting/parked at junction exit,,BRERA SV JTS V6 Q4,Petrol,Male,None,No tow/articulation,Did not leave carriageway,0,Going ahead right-hand bend,2,Car,Yes,Offside,2019
200832B291608,A,15,C,417,Serious,None,15-10-2020,Monday,1,Give way or uncontrolled,Crossroads,22.97613949,Daylight,509110,327600,72.53790432,E01026290,1,2,0,0,Wet or damp,Single carriageway,None,60,07:40:00,Rural,Fine no high winds,No,46 - 55,2,Rural,5,1998,None,None,Journey as part of work,Entering main road,,MONDEO GHIA TDCI 130,Heavy oil,Male,None,No tow/articulation,Did not leave carriageway,0,U-turn,1,Car,No,Front,2019
200832B129908,A,1073,NA,0,Serious,None,26-07-2021,Sunday,1,Data missing or out of range,Not at junction or within 20 metres,23.05782937,Daylight,524450,318950,72.52740426,E01026284,2,4,0,0,Dry,Single carriageway,None,60,16:02:00,Rural,Fine no high winds,No,46 - 55,2,Rural,3,1050,None,Lamp post,Other/Not known (2005-10),Not at or within 20 metres of junction,,SPRINT ST 1050,Petrol,Male,Skidded,No tow/articulation,Did not leave carriageway,0,Going ahead other,4,Motorcycle over 500cc,No,Front,2019
200930D000445,A,5132,NA,0,Serious,None,30-07-2020,Saturday,1,Data missing or out of range,Not at junction or within 20 metres,23.06143563,Daylight,426060,329580,72.51065318,E01019848,2,3,0,0,Dry,Single carriageway,None,40,14:23:00,Rural,Fine no high winds,No,46 - 55,2,Data missing or out of range,NA,1596,None,None,Other/Not known (2005-10),Not at or within 20 metres of junction,,FOCUS SPORT,Petrol,Male,None,No tow/articulation,Did not leave carriageway,0,Going ahead right-hand bend,2,Car,No,Front,2019