Accident_Index,1st_Road_Class,1st_Road_Number,2nd_Road_Class,2nd_Road_Number,Accident_Severity,Carriageway_Hazards,Date,Day_of_Week,Did_Police_Officer_Attend_Scene_of_Accident,Junction_Control,Junction_Detail,Latitude,Light_Conditions,Location_Easting_OSGR,Location_Northing_OSGR,Longitude,LSOA_of_Accident_Location,Number_of_Casualties,Number_of_Vehicles,Pedestrian_Crossing-Human_Control,Pedestrian_Crossing-Physical_Facilities,Road_Surface_Conditions,Road_Type,Special_Conditions_at_Site,Speed_limit,Time,Urban_or_Rural_Area,Weather_Conditions,InScotland,Age_Band_of_Driver,Age_of_Vehicle,Driver_Home_Area_Type,Driver_IMD_Decile,Engine_Capacity_.CC.,Hit_Object_in_Carriageway,Hit_Object_off_Carriageway,Journey_Purpose_of_Driver,Junction_Location,make,model,Propulsion_Code,Sex_of_Driver,Skidding_and_Overturning,Towing_and_Articulation,Vehicle_Leaving_Carriageway,Vehicle_Location.Restricted_Lane,Vehicle_Manoeuvre,Vehicle_Reference,Vehicle_Type,Was_Vehicle_Left_Hand_Drive,X1st_Point_of_Impact,Year
200763CP04707,Unclassified,0,A,487,Serious,None,26-08-2021,Wednesday,1,Give way or uncontrolled,T or staggered junction,22.09781264,Darkness - lights lit,194490,237970,82.17882664,,1,1,0,0,Dry,Single carriageway,None,30,02:25:00,Rural,Fine no high winds,No,16 - 20,1,Data missing or out of range,NA,1461,None,Other permanent object,Other/Not known (2005-10),Cleared junction or waiting/parked at junction exit,,KANGOO SL17 DCI 70,Heavy oil,Male,None,No tow/articulation,Offside,0,Going ahead left-hand bend,1,Van / Goods 3.5 tonnes mgw or under,No,Front,2019
200920J053902,B,4186,Unclassified,0,Serious,None,04-03-2020,Wednesday,1,Give way or uncontrolled,T or staggered junction,22.05200129,Darkness - lights lit,390410,283440,82.17476303,E01009850,1,2,0,0,Dry,Single carriageway,None,30,18:00:00,Urban,Fine no high winds,No,16 - 20,1,Urban area,4,124,None,None,Other/Not known (2005-10),Mid Junction - on roundabout or on main road,,125 EXC,Petrol,Male,None,No tow/articulation,Did not leave carriageway,0,Going ahead other,2,Motorcycle 125cc and under,No,Nearside,2019
200801GD69291,Unclassified,0,Unclassified,0,Serious,None,02-10-2020,Saturday,1,Give way or uncontrolled,T or staggered junction,22.05736922,Darkness - lights lit,535050,184000,82.14491081,E01001839,4,1,0,0,Dry,One way street,None,30,22:59:00,Urban,Fine no high winds,No,16 - 20,1,Urban area,2,1995,None,Road sign or traffic signal,Other/Not known (2005-10),Approaching junction or waiting/parked at junction approach,,320I M SPORT A,Petrol,Male,Skidded and overturned,No tow/articulation,Offside,0,Going ahead other,1,Car,No,Offside,2019
20074100F5208,A,1057,Unclassified,77,Serious,None,24-08-2019,Monday,1,Give way or uncontrolled,Roundabout,22.1000659,Darkness - lights lit,517020,207380,82.14513067,E01023665,1,2,0,1,Dry,Roundabout,None,30,21:03:00,Urban,Fine no high winds,No,16 - 20,1,Urban area,10,998,None,None,Other/Not known (2005-10),Leaving roundabout,,107 URBAN,Petrol,Male,None,No tow/articulation,Did not leave carriageway,0,Going ahead other,2,Car,No,Offside,2019
200804FL08027,A,682,Unclassified,0,Serious,None,24-01-2020,Thursday,1,Give way or uncontrolled,T or staggered junction,15.27726519,Darkness - lights lit,380900,424620,74.09730027,E01025355,2,2,0,0,Wet or damp,Single carriageway,None,30,20:30:00,Urban,Fine no high winds,No,16 - 20,1,Urban area,7,1968,Kerb,Tree,Other/Not known (2005-10),Mid Junction - on roundabout or on main road,,LEON FR TDI,Heavy oil,Male,None,No tow/articulation,Offside,0,Overtaking moving vehicle - offside,1,Car,No,Front,2019
200945RU42755,Unclassified,3151,Unclassified,3150,Serious,None,09-04-2021,Tuesday,1,Give way or uncontrolled,T or staggered junction,15.35148088,Darkness - lights lit,502250,171370,73.96606143,E01030665,1,2,0,0,Dry,Single carriageway,None,30,20:55:00,Urban,Fine no high winds,No,16 - 20,1,Urban area,10,599,Parked vehicle,None,Other/Not known (2005-10),Cleared junction or waiting/parked at junction exit,,ZX 600 P8F,Petrol,Male,Skidded,No tow/articulation,Did not leave carriageway,0,Going ahead right-hand bend,2,Motorcycle 50cc and under,No,Nearside,2019
200801PY20265,A,234,Unclassified,0,Serious,None,13-04-2020,Friday,1,Give way or uncontrolled,T or staggered junction,15.33514861,Darkness - lights lit,535090,170520,73.98230594,E01000806,1,2,0,0,Dry,Single carriageway,None,30,23:58:00,Urban,Fine no high winds,No,16 - 20,1,Data missing or out of range,NA,125,None,None,Journey as part of work,Leaving main road,,ANF 126 T-6,Petrol,Male,None,No tow/articulation,Did not leave carriageway,0,Turning right,2,Motorcycle 125cc and under,No,Nearside,2019
200797AB03111,Unclassified,0,A,8,Serious,None,18-03-2020,Saturday,1,Auto traffic signal,Crossroads,22.96555343,Darkness - lights lit,259910,665290,72.59997072,,1,2,0,4,Dry,Single carriageway,None,30,03:00:00,Urban,Fine no high winds,Yes,16 - 20,1,Data missing or out of range,NA,1984,None,None,Other/Not known (2005-10),Mid Junction - on roundabout or on main road,,EOS SPORT T FSI,Petrol,Male,None,No tow/articulation,Did not leave carriageway,0,Going ahead other,1,Car,No,Front,2019
200906N009593,A,58,Unclassified,0,Serious,None,12-06-2021,Monday,1,Give way or uncontrolled,T or staggered junction,23.06714327,Darkness - lights lit,378180,409750,72.60354997,E01004952,1,2,0,0,Dry,Single carriageway,None,30,22:00:00,Urban,Fine no high winds,No,16 - 20,1,Urban area,2,50,None,None,Other/Not known (2005-10),Approaching junction or waiting/parked at junction approach,,XT 50 GY,Petrol,Male,None,No tow/articulation,Did not leave carriageway,0,Going ahead other,2,Motorcycle 50cc and under,No,Front,2019
200934NE19589,A,5028,Unclassified,3580,Serious,None,06-06-2019,Friday,1,Give way or uncontrolled,T or staggered junction,23.04428943,Darkness - lights lit,495750,268050,72.53560117,E01027062,2,2,0,0,Dry,Single carriageway,None,30,21:45:00,Urban,Fine no high winds,No,16 - 20,1,Urban area,5,599,None,None,Other/Not known (2005-10),Mid Junction - on roundabout or on main road,,FZ6 S2,Petrol,Male,None,No tow/articulation,Did not leave carriageway,0,Going ahead other,1,Motorcycle over 500cc,No,Offside,2019
2007557E05216,C,26,C,63,Serious,None,21-06-2020,Thursday,1,Give way or uncontrolled,Crossroads,23.05084753,Darkness - lights lit,394690,95360,72.58150267,E01020469,1,3,0,0,Dry,Single carriageway,None,30,20:20:00,Rural,Fine no high winds,No,16 - 20,1,Urban area,5,49,None,None,Other/Not known (2005-10),Mid Junction - on roundabout or on main road,,JETFORCE 50 C-TECH,Petrol,Male,None,No tow/articulation,Did not leave carriageway,0,Going ahead other,2,Motorcycle 50cc and under,No,Front,2019
200904AM09017,Unclassified,0,NA,0,Serious,None,02-09-2019,Saturday,1,Data missing or out of range,Not at junction or within 20 metres,23.02992918,Darkness - lights lit,331760,432870,72.51113781,E01012701,2,3,0,0,Wet or damp,Single carriageway,None,30,05:15:00,Urban,Fine no high winds,No,16 - 20,1,Urban area,6,1242,Parked vehicle,None,Other/Not known (2005-10),Not at or within 20 metres of junction,,FIESTA STYLE,Petrol,Male,None,No tow/articulation,Did not leave carriageway,0,Going ahead other,1,Car,No,Front,2019
2009170S10549,A,139,Unclassified,0,Serious,None,17-08-2021,Saturday,1,Give way or uncontrolled,Private drive or entrance,23.0018023,Darkness - lights lit,444620,520880,72.51578834,E01012194,1,3,0,0,Dry,Single carriageway,None,30,20:16:00,Urban,Fine no high winds,No,16 - 20,1,Data missing or out of range,NA,125,None,None,Other/Not known (2005-10),Mid Junction - on roundabout or on main road,,,Petrol,Male,None,No tow/articulation,Did not leave carriageway,0,Going ahead other,1,Motorcycle 125cc and under,No,Front,2019
2009559D01028,B,3144,B,3147,Serious,None,26-08-2019,Sunday,1,Auto traffic signal,More than 4 arms (not roundabout),28.46200688,Darkness - lights lit,368940,90260,77.07107054,E01020522,1,2,0,5,Dry,Single carriageway,None,30,19:37:00,Urban,Fine no high winds,No,16 - 20,1,Urban area,10,49,None,None,Other/Not known (2005-10),Mid Junction - on roundabout or on main road,,NRG,Petrol,Male,None,No tow/articulation,Did not leave carriageway,0,Going ahead other,2,Motorcycle 50cc and under,No,Front,2019
200930A000033,A,6005,Unclassified,0,Serious,None,26-04-2021,Monday,1,Give way or uncontrolled,T or staggered junction,28.41148586,Darkness - lights lit,445850,333500,77.10614287,E01019643,1,2,0,0,Dry,Single carriageway,None,30,18:23:00,Urban,Fine no high winds,No,16 - 20,1,Urban area,6,124,None,None,Other/Not known (2005-10),Mid Junction - on roundabout or on main road,,CTM 125-C,Petrol,Male,Skidded,No tow/articulation,Did not leave carriageway,0,Going ahead other,2,Motorcycle 125cc and under,No,Front,2019
200905BB01171,Unclassified,0,A,5267,Serious,None,10-06-2021,Friday,1,Give way or uncontrolled,Crossroads,28.42439891,Darkness - lights lit,333680,415620,77.06772848,E01006934,1,2,0,0,Dry,Single carriageway,None,30,21:55:00,Urban,Fine no high winds,No,16 - 20,1,Urban area,3,49,None,None,Other/Not known (2005-10),Approaching junction or waiting/parked at junction approach,,DD 50 E-2,Petrol,Male,None,No tow/articulation,Did not leave carriageway,0,Going ahead other,2,Motorcycle 50cc and under,No,Front,2019
200830D000168,C,351,Unclassified,0,Serious,None,01-03-2020,Friday,1,Give way or uncontrolled,Private drive or entrance,13.01149537,Darkness - lights lit,437870,336410,77.62506107,E01013507,1,2,0,0,Wet or damp,Single carriageway,None,30,18:50:00,Urban,Fine no high winds,No,16 - 20,1,Data missing or out of range,NA,125,None,None,Other/Not known (2005-10),Mid Junction - on roundabout or on main road,,,Petrol,Male,None,No tow/articulation,Did not leave carriageway,0,Going ahead other,2,Motorcycle 125cc and under,No,Offside,2020
2009160A02460,B,1210,A,1173,Serious,None,13-04-2021,Tuesday,1,Give way or uncontrolled,Roundabout,13.0415066,Darkness - lights lit,519510,411370,77.53621652,E01013173,1,2,0,0,Dry,Roundabout,None,30,22:18:00,Rural,Fine no high winds,No,16 - 20,1,Rural,7,125,None,None,Other/Not known (2005-10),Mid Junction - on roundabout or on main road,,RS 125 11 KW 06,Petrol,Male,None,No tow/articulation,Did not leave carriageway,0,Going ahead other,1,Motorcycle over 125cc and up to 500cc,No,Front,2020
200801XD80236,A,40,NA,0,Serious,None,25-12-2021,Saturday,1,Data missing or out of range,Not at junction or within 20 metres,12.98449822,Darkness - lights lit,518410,182600,77.53941738,E01001277,1,2,0,0,Dry,Dual carriageway,None,30,21:38:00,Urban,Fine no high winds,No,16 - 20,1,Urban area,6,599,Parked vehicle,None,Other/Not known (2005-10),Not at or within 20 metres of junction,,CBR 600 RR-6,Petrol,Male,Skidded,No tow/articulation,Did not leave carriageway,0,Going ahead other,1,Motorcycle over 500cc,No,Front,2020
200822EA00248,B,4234,NA,0,Serious,Other object on road,04-06-2021,Friday,1,Data missing or out of range,Not at junction or within 20 metres,8.882335143,Darkness - lights lit,359780,223600,76.66591221,E01014066,1,1,0,0,Dry,Single carriageway,None,30,21:32:00,Urban,Fine no high winds,No,16 - 20,1,Rural,5,124,Other object,None,Other/Not known (2005-10),Not at or within 20 metres of junction,,YBR 125,Petrol,Male,None,No tow/articulation,Did not leave carriageway,0,Going ahead other,1,Motorcycle over 125cc and up to 500cc,No,Front,2020
200806F000195,B,5231,NA,0,Serious,None,07-06-2019,Friday,1,Not at junction or within 20 metres,Not at junction or within 20 metres,8.891131733,Darkness - lights lit,376260,399100,76.6890949,E01005632,3,1,0,0,Dry,Single carriageway,None,30,19:46:00,Urban,Fine no high winds,No,16 - 20,1,Urban area,4,1598,None,Other permanent object,Other/Not known (2005-10),Not at or within 20 metres of junction,,COOPER,Petrol,Male,None,No tow/articulation,Nearside,0,Going ahead other,1,Car,No,Front,2020
200820G016801,Unclassified,0,Unclassified,0,Serious,None,23-12-2021,Sunday,1,Give way or uncontrolled,T or staggered junction,22.68847498,Darkness - lights lit,389180,302080,75.81439601,E01010543,1,2,0,0,Dry,Single carriageway,None,30,23:25:00,Urban,Fine no high winds,No,16 - 20,1,Urban area,2,97,None,None,Other/Not known (2005-10),Mid Junction - on roundabout or on main road,,DD 125 E,Petrol,Male,None,No tow/articulation,Did not leave carriageway,0,Going ahead other,2,Motorcycle 125cc and under,No,Offside,2020
200905AA31426,A,540,B,5141,Serious,None,02-07-2019,Wednesday,1,Give way or uncontrolled,Roundabout,22.69620768,Darkness - lights lit,323740,385500,75.91354822,E01007283,1,1,0,0,Dry,Roundabout,None,30,01:15:00,Urban,Fine no high winds,No,16 - 20,1,Urban area,9,125,Central island of roundabout,None,Other/Not known (2005-10),Entering roundabout,,RS 125 FP 06,Petrol,Male,None,No tow/articulation,Straight ahead at junction,0,Going ahead other,1,Motorcycle 125cc and under,No,Front,2020
20074100J2057,Unclassified,562,Unclassified,481,Serious,None,07-03-2020,Tuesday,1,Give way or uncontrolled,T or staggered junction,26.47162179,Darkness - lights lit,518870,197900,74.63787689,E01023536,1,2,0,0,Dry,Single carriageway,None,30,17:24:00,Urban,Fine no high winds,No,16 - 20,1,Data missing or out of range,NA,124,None,None,Commuting to/from work,Mid Junction - on roundabout or on main road,,XR 125 L-5,Petrol,Male,Skidded,No tow/articulation,Did not leave carriageway,0,Overtaking moving vehicle - offside,1,Motorcycle 125cc and under,No,Nearside,2020
201042I342110,B,1352,NA,0,Serious,None,01-06-2019,Friday,1,Not at junction or within 20 metres,Not at junction or within 20 metres,26.46308563,Darkness - lights lit,611710,231850,74.618276,E01022020,2,2,0,0,Dry,Single carriageway,None,30,23:20:00,Rural,Fine no high winds,No,16 - 20,1,Rural,4,124,None,None,Other/Not known (2005-10),Not at or within 20 metres of junction,,XT 125 X,Petrol,Male,Overturned,No tow/articulation,Did not leave carriageway,0,Going ahead other,1,Motorcycle 125cc and under,No,Front,2020
201043P208090,A,415,Unclassified,0,Serious,None,27-06-2019,Saturday,1,Auto traffic signal,Crossroads,26.45506536,Darkness - lights lit,435080,208850,80.27318644,E01028818,1,2,0,0,Dry,Single carriageway,None,30,05:05:00,Urban,Fine no high winds,No,16 - 20,1,Small town,8,124,None,None,Other/Not known (2005-10),Mid Junction - on roundabout or on main road,,XC 125 E VITY,Petrol,Male,None,No tow/articulation,Did not leave carriageway,0,Going ahead other,1,Motorcycle 125cc and under,No,Front,2020
2009160C06920,Unclassified,0,NA,0,Serious,None,09-03-2020,Sunday,1,Data missing or out of range,Not at junction or within 20 metres,26.47694002,Darkness - lights lit,517520,466040,80.29332059,E01012950,1,2,0,0,Wet or damp,Single carriageway,None,30,04:55:00,Urban,Fine no high winds,No,16 - 20,1,Rural,3,1242,None,None,Journey as part of work,Not at or within 20 metres of junction,,FIESTA ZETEC BLUE 75,Petrol,Male,None,No tow/articulation,Did not leave carriageway,0,Going ahead other,1,Car,No,Front,2020
200942I308709,Unclassified,0,Unclassified,0,Serious,None,24-04-2020,Thursday,1,Give way or uncontrolled,T or staggered junction,26.44386632,Darkness - lights lit,560190,178980,80.32826417,E01015941,2,1,0,0,Dry,Single carriageway,None,30,00:01:00,Urban,Fine no high winds,No,16 - 20,1,Urban area,10,1242,None,Lamp post,Other/Not known (2005-10),Mid Junction - on roundabout or on main road,,FIESTA ZETEC CLIMATE,Petrol,Male,Skidded,No tow/articulation,Nearside,0,Going ahead right-hand bend,1,Car,No,Front,2020
20083102A0452,A,6191,B,6030,Serious,None,17-06-2019,Friday,1,Give way or uncontrolled,Private drive or entrance,26.44940312,Darkness - lights lit,454860,360660,80.2859238,E01028233,1,2,0,5,Dry,Single carriageway,None,30,17:32:00,Urban,Fine no high winds,No,16 - 20,1,Data missing or out of range,NA,124,None,None,Other/Not known (2005-10),Approaching junction or waiting/parked at junction approach,,CBR 125 RW-6,Petrol,Male,None,No tow/articulation,Did not leave carriageway,0,Turning right,2,Motorcycle 125cc and under,No,Front,2020
200805DD23487,B,5201,Unclassified,0,Serious,None,21-01-2021,Tuesday,1,Give way or uncontrolled,T or staggered junction,26.47486998,Darkness - lights lit,348740,395710,80.33013477,E01006822,2,2,0,0,Wet or damp,Single carriageway,None,30,20:45:00,Urban,Fine no high winds,No,16 - 20,1,Urban area,2,1339,None,None,Other/Not known (2005-10),Approaching junction or waiting/parked at junction approach,,JAZZ SE,Petrol,Male,None,No tow/articulation,Did not leave carriageway,0,Turning right,2,Car,No,Nearside,2020
20094100D0877,C,77,Unclassified,424,Serious,None,26-08-2019,Tuesday,1,Give way or uncontrolled,T or staggered junction,28.62308473,Darkness - lights lit,509030,205870,77.18781288,E01023415,1,3,0,0,Dry,Single carriageway,None,30,16:01:00,Rural,Fine no high winds,No,16 - 20,1,Urban area,4,124,None,None,Other/Not known (2005-10),Approaching junction or waiting/parked at junction approach,,FL 125 S DW K7 ADDRESS,Petrol,Male,None,No tow/articulation,Did not leave carriageway,0,Overtaking moving vehicle - offside,1,Motorcycle 125cc and under,No,Offside,2020
200906L024812,Unclassified,0,Unclassified,0,Serious,None,03-06-2019,Saturday,1,Give way or uncontrolled,Crossroads,28.70484363,Darkness - lights lit,358080,407300,77.3597945,E01006373,1,2,0,8,Wet or damp,Roundabout,None,30,18:15:00,Urban,Fine no high winds,No,16 - 20,1,Urban area,7,49,None,Other permanent object,Other/Not known (2005-10),Entering roundabout,,TRIGGER SM 50,Petrol,Male,None,No tow/articulation,Did not leave carriageway,0,Going ahead other,1,Motorcycle 50cc and under,No,Front,2020
200901QA10460,A,409,Unclassified,0,Serious,None,18-02-2020,Friday,1,Give way or uncontrolled,T or staggered junction,28.6547653,Darkness - lights lit,514810,192510,77.19151159,E01002144,2,1,0,0,Wet or damp,Single carriageway,None,30,23:20:00,Rural,Fine no high winds,No,16 - 20,1,Urban area,3,1587,Bollard or refuge,Bus stop or bus shelter,Other/Not known (2005-10),Approaching junction or waiting/parked at junction approach,,C2 CODE,Petrol,Male,Skidded,No tow/articulation,Offside and rebounded,0,Going ahead other,1,Car,No,Front,2020
200920H015602,B,4210,NA,0,Serious,None,05-06-2019,Wednesday,1,Data missing or out of range,Not at junction or within 20 metres,28.58834249,Darkness - lights lit,400730,300580,77.13422649,E01010271,1,1,0,0,Dry,Single carriageway,None,30,20:10:00,Urban,Fine no high winds,No,16 - 20,1,Urban area,1,49,Kerb,Telegraph or electricity pole,Other/Not known (2005-10),Not at or within 20 metres of junction,,ARAGON 50 GP,Petrol,Male,None,No tow/articulation,Nearside,0,Going ahead other,1,Motorcycle 50cc and under,No,Front,2020
201043N241020,Unclassified,814,Unclassified,3192,Serious,None,21-08-2019,Saturday,1,Give way or uncontrolled,T or staggered junction,28.672822,Darkness - lights lit,483480,191090,77.23445972,E01017843,1,2,0,0,Wet or damp,Single carriageway,None,30,19:07:00,Urban,Fine no high winds,No,16 - 20,1,Rural,10,124,None,None,Other/Not known (2005-10),Approaching junction or waiting/parked at junction approach,,YBR 125,Petrol,Male,Skidded,No tow/articulation,Did not leave carriageway,0,Going ahead other,2,Motorcycle 125cc and under,No,Front,2020
200806M007356,B,5163,Unclassified,0,Serious,None,11-07-2020,Tuesday,1,Give way or uncontrolled,T or staggered junction,28.59195823,Darkness - lights lit,376890,386930,77.21991496,E01006082,1,2,0,0,Wet or damp,Unknown,None,30,22:40:00,Urban,Fine no high winds,No,16 - 20,1,Urban area,6,1799,None,None,Other/Not known (2005-10),Approaching junction or waiting/parked at junction approach,,CIVIC TYPE-S GT I-VTEC SA,Petrol,Male,None,No tow/articulation,Did not leave carriageway,0,Going ahead other,2,Car,No,Offside,2020
200843N047028,Unclassified,1809,NA,0,Serious,None,05-02-2020,Thursday,1,Data missing or out of range,Not at junction or within 20 metres,28.58805952,Darkness - lights lit,488910,192600,77.13521526,E01017899,2,3,0,0,Dry,Single carriageway,None,30,17:53:00,Urban,Fine no high winds,No,16 - 20,1,Urban area,5,124,None,None,Other/Not known (2005-10),Not at or within 20 metres of junction,,YBR 125,Petrol,Male,Skidded,No tow/articulation,Did not leave carriageway,0,Overtaking static vehicle - offside,1,Motorcycle 125cc and under,No,Front,2021
200820D330602,B,4138,Unclassified,0,Serious,None,14-06-2019,Friday,1,Auto traffic signal,Crossroads,18.58576779,Darkness - lights lit,408220,296220,73.93144374,E01009465,1,2,0,5,Wet or damp,Single carriageway,Auto traffic signal - out,30,16:40:00,Urban,Fine no high winds,No,16 - 20,1,Urban area,10,49,None,None,Other/Not known (2005-10),Mid Junction - on roundabout or on main road,,LUDIX 10 BLASTER,Petrol,Male,None,No tow/articulation,Did not leave carriageway,0,Going ahead other,2,Motorcycle 50cc and under,No,Nearside,2021
200742I444411,A,1159,Unclassified,0,Serious,None,08-01-2020,Friday,1,Give way or uncontrolled,T or staggered junction,18.63310993,Darkness - lights lit,587480,188090,73.91304198,E01015866,1,2,0,0,Dry,Single carriageway,None,30,20:05:00,Urban,Fine no high winds,No,16 - 20,1,Urban area,3,124,None,None,Other/Not known (2005-10),Approaching junction or waiting/parked at junction approach,,GT 125 R,Petrol,Male,Skidded,No tow/articulation,Did not leave carriageway,0,Going ahead other,2,Motorcycle 125cc and under,No,Front,2021
200820D328503,A,4040,Unclassified,0,Serious,None,28-01-2019,Wednesday,1,Auto traffic signal,Crossroads,18.63167322,Darkness - lights lit,411690,289330,73.95353023,E01009086,1,2,0,5,Wet or damp,Dual carriageway,None,30,23:08:00,Urban,Fine no high winds,No,16 - 20,1,Urban area,3,124,None,None,Other/Not known (2005-10),Leaving main road,,YBR 125,Petrol,Male,None,No tow/articulation,Did not leave carriageway,0,Turning right,1,Motorcycle 125cc and under,No,Front,2021
200997KA01701,Unclassified,0,Unclassified,0,Serious,None,15-01-2021,Thursday,1,Give way or uncontrolled,Roundabout,18.51415855,Darkness - lights lit,245360,664100,73.89179813,,1,2,0,0,Wet or damp,Roundabout,None,30,17:20:00,Urban,Fine no high winds,Yes,16 - 20,1,Urban area,NA,125,None,None,Commuting to/from work,Leaving roundabout,,RX 125 11KW,Petrol,Male,Skidded,No tow/articulation,Did not leave carriageway,0,Going ahead other,2,Motorcycle 125cc and under,No,Back,2021
200911SJ14529,A,167,A,68,Serious,None,28-01-2020,Friday,1,Give way or uncontrolled,Roundabout,19.11561645,Darkness - lights lit,429020,514890,72.84598415,E01012308,4,3,0,0,Dry,Single carriageway,None,30,22:01:00,Urban,Fine no high winds,No,16 - 20,1,Urban area,1,1686,Parked vehicle,Other permanent object,Other/Not known (2005-10),Approaching junction or waiting/parked at junction approach,,ASTRA SRI CDTI 100,Heavy oil,Male,Overturned,No tow/articulation,Nearside,0,Going ahead other,1,Car,No,Front,2021
200901CW12167,A,315,NA,0,Serious,None,28-01-2020,Friday,1,Data missing or out of range,Not at junction or within 20 metres,19.11337943,Darkness - lights lit,527530,179670,72.84908887,E01004689,1,2,0,0,Dry,Single carriageway,None,30,23:00:00,Urban,Fine no high winds,No,16 - 20,1,Urban area,5,250,None,None,Other/Not known (2005-10),Not at or within 20 metres of junction,,EX 250 K8F,Petrol,Male,None,No tow/articulation,Did not leave carriageway,0,Going ahead other,2,Motorcycle over 125cc and up to 500cc,No,Offside,2021
201043R132060,A,4,Unclassified,7408,Serious,None,06-01-2020,Wednesday,1,Give way or uncontrolled,T or staggered junction,19.09310513,Darkness - lights lit,487910,181100,72.92991992,E01016536,1,2,0,0,Dry,Single carriageway,None,30,23:36:00,Urban,Fine no high winds,No,16 - 20,1,Rural,10,125,None,None,Other/Not known (2005-10),Approaching junction or waiting/parked at junction approach,,CBF 125 M-9,Petrol,Male,None,No tow/articulation,Did not leave carriageway,0,Going ahead other,2,Motorcycle 125cc and under,No,Front,2021
200904BB09006,A,589,Unclassified,0,Serious,None,11-05-2019,Thursday,1,Give way or uncontrolled,T or staggered junction,20.67182381,Darkness - lights lit,345410,463550,77.05278951,E01025164,1,2,0,0,Wet or damp,Single carriageway,None,30,21:45:00,Urban,Fine no high winds,No,16 - 20,1,Urban area,3,49,None,None,Other/Not known (2005-10),Approaching junction or waiting/parked at junction approach,,TRIGGER SM 50,Petrol,Male,Skidded and overturned,No tow/articulation,Offside,0,Going ahead other,2,Motorcycle 50cc and under,No,Front,2021
200814K228708,A,629,NA,0,Serious,None,23-10-2021,Friday,1,Not at junction or within 20 metres,Not at junction or within 20 metres,14.66076976,Darkness - lights lit,436060,395680,78.47488499,E01007891,1,1,0,0,Dry,Single carriageway,None,30,00:30:00,Urban,Fine no high winds,No,16 - 20,1,Urban area,2,49,None,None,Commuting to/from work,Not at or within 20 metres of junction,,202,Petrol,Male,None,No tow/articulation,Did not leave carriageway,0,Going ahead other,1,Motorcycle 50cc and under,No,Nearside,2019
200901XD80144,A,312,C,0,Serious,None,28-12-2020,Sunday,1,Give way or uncontrolled,Private drive or entrance,27.09572269,Darkness - lights lit,513090,184310,93.63376977,E01001323,1,2,0,5,Dry,Single carriageway,None,30,17:40:00,Urban,Fine no high winds,No,16 - 20,1,Urban area,6,125,None,None,Other/Not known (2005-10),Mid Junction - on roundabout or on main road,,XY 125 GY,Petrol,Male,None,No tow/articulation,Did not leave carriageway,0,Going ahead other,2,Motorcycle 125cc and under,No,Front,2019
201001CW12381,C,0,A,41,Serious,None,31-10-2010,Sunday,1,Auto traffic signal,Crossroads,51.53315,Darkness - lights lit,526810,183170,-0.173131,E01004647,1,2,0,5,Dry,Single carriageway,None,30,21:00:00,Urban,Fine no high winds,No,16 - 20,1,Urban area,5,49,None,None,Journey as part of work,Mid Junction - on roundabout or on main road,PEUGEOT,LUDIX 50 PRO,Petrol,Male,None,No tow/articulation,Did not leave carriageway,0,Overtaking moving vehicle - offside,1,Motorcycle 125cc and under,No,Nearside,2010
201001JC30416,Unclassified,0,Unclassified,0,Serious,None,16-08-2010,Monday,1,Give way or uncontrolled,T or staggered junction,51.608075,Darkness - lights lit,539470,191840,0.012716,E01004380,1,3,0,0,Dry,Single carriageway,None,30,23:24:00,Urban,Fine no high winds,No,16 - 20,1,Urban area,3,1364,Parked vehicle,Lamp post,Other/Not known (2005-10),Cleared junction or waiting/parked at junction exit,VAUXHALL,ASTRA SXI,Petrol,Male,None,No tow/articulation,Offside,0,Going ahead right-hand bend,1,Car,No,Front,2010
201001SX20247,B,551,NA,0,Serious,None,14-03-2010,Sunday,1,Data missing or out of range,Not at junction or within 20 metres,51.583109,Darkness - lights lit,523200,188640,-0.223236,E01000311,1,2,0,0,Dry,Single carriageway,None,30,00:15:00,Urban,Fine no high winds,No,16 - 20,1,Urban area,5,124,None,None,Other/Not known (2005-10),Not at or within 20 metres of junction,GILERA,RUNNER 200,Petrol,Male,None,No tow/articulation,Did not leave carriageway,0,Going ahead other,2,Motorcycle 125cc and under,No,Front,2010
201001TE00002,B,229,NA,0,Serious,None,13-01-2010,Wednesday,1,Data missing or out of range,Not at junction or within 20 metres,51.440383,Darkness - lights lit,526900,172850,-0.175541,E01004626,1,1,0,8,Dry,Single carriageway,None,30,00:40:00,Urban,Fine no high winds,No,16 - 20,1,Urban area,5,998,Kerb,Other permanent object,Other/Not known (2005-10),Not at or within 20 metres of junction,TOYOTA,YARIS TR VVT-I,Petrol,Male,None,No tow/articulation,Nearside,0,Going ahead other,1,Car,No,Front,2010