Accident_Index,1st_Road_Class,1st_Road_Number,2nd_Road_Class,2nd_Road_Number,Accident_Severity,Carriageway_Hazards,Date,Day_of_Week,Did_Police_Officer_Attend_Scene_of_Accident,Junction_Control,Junction_Detail,Latitude,Light_Conditions,Location_Easting_OSGR,Location_Northing_OSGR,Longitude,LSOA_of_Accident_Location,Number_of_Casualties,Number_of_Vehicles,Pedestrian_Crossing-Human_Control,Pedestrian_Crossing-Physical_Facilities,Road_Surface_Conditions,Road_Type,Special_Conditions_at_Site,Speed_limit,Time,Urban_or_Rural_Area,Weather_Conditions,InScotland,Age_Band_of_Driver,Age_of_Vehicle,Driver_Home_Area_Type,Driver_IMD_Decile,Engine_Capacity_.CC.,Hit_Object_in_Carriageway,Hit_Object_off_Carriageway,Journey_Purpose_of_Driver,Junction_Location,make,model,Propulsion_Code,Sex_of_Driver,Skidding_and_Overturning,Towing_and_Articulation,Vehicle_Leaving_Carriageway,Vehicle_Location.Restricted_Lane,Vehicle_Manoeuvre,Vehicle_Reference,Vehicle_Type,Was_Vehicle_Left_Hand_Drive,X1st_Point_of_Impact,Year
201014A089510,Unclassified,0,NA,0,Serious,None,12-06-2010,Saturday,1,Not at junction or within 20 metres,Not at junction or within 20 metres,53.610105,Darkness - lights lit,468890,413120,-0.960215,E01007639,1,1,0,0,Dry,Single carriageway,None,30,01:20:00,Urban,Fine no high winds,No,16 - 20,1,Urban area,4,1596,None,Other permanent object,Other/Not known (2005-10),Not at or within 20 metres of junction,FORD,FOCUS TITANIUM 100,Petrol,Male,None,No tow/articulation,Offside,0,Going ahead other,1,Car,No,Front,2010
201014K225310,A,6135,B,6086,Serious,None,29-08-2010,Sunday,1,Auto traffic signal,Other junction,53.419588,Darkness - lights lit,436280,391560,-1.455565,E01007948,1,2,0,0,Dry,Single carriageway,None,30,20:15:00,Urban,Fine no high winds,No,16 - 20,1,Urban area,9,1388,None,None,Other/Not known (2005-10),Approaching junction or waiting/parked at junction approach,FORD,FIESTA ZETEC 95,Petrol,Male,None,No tow/articulation,Did not leave carriageway,0,Going ahead other,2,Car,No,Front,2010
2010160A04421,A,46,NA,0,Serious,None,23-11-2010,Tuesday,1,Data missing or out of range,Not at junction or within 20 metres,53.550582,Darkness - lights lit,524300,407630,-0.125268,E01013227,1,2,0,4,Wet or damp,Dual carriageway,None,30,20:22:00,Urban,Fine no high winds,No,16 - 20,1,Small town,8,49,None,None,Other/Not known (2005-10),Not at or within 20 metres of junction,CPI,ARAGON 50 GP,Petrol,Male,Skidded,No tow/articulation,Did not leave carriageway,0,Going ahead other,1,Motorcycle 50cc and under,No,Front,2010
200745EP03483,B,2200,B,2200,Serious,None,07-01-2020,Wednesday,1,Give way or uncontrolled,Other junction,14.70631967,Darkness - lights lit,521710,162740,78.49949279,E01030390,5,2,0,1,Dry,Single carriageway,None,30,22:59:00,Urban,Fine no high winds,No,16 - 20,1,Urban area,8,1198,None,None,Other/Not known (2005-10),Cleared junction or waiting/parked at junction exit,,FABIA SPORT 12V,Petrol,Female,None,No tow/articulation,Did not leave carriageway,0,Going ahead other,2,Car,No,Front,2019
20074100B0887,B,6426,NA,0,Serious,None,01-03-2019,Tuesday,1,Not at junction or within 20 metres,Not at junction or within 20 metres,14.6979508,Darkness - lights lit,522560,208550,78.61001591,E01023924,1,1,0,4,Dry,Single carriageway,None,30,23:50:00,Urban,Fine no high winds,No,16 - 20,1,Urban area,9,1124,None,None,Other/Not known (2005-10),Not at or within 20 metres of junction,,COLT ATTIVO,Petrol,Female,None,No tow/articulation,Did not leave carriageway,0,Going ahead other,1,Car,No,Front,2019
200801ZT80196,Unclassified,0,NA,0,Serious,None,26-06-2019,Saturday,1,Data missing or out of range,Not at junction or within 20 metres,27.09912259,Darkness - lights lit,526190,164690,93.63263488,E01004141,1,3,0,0,Dry,Single carriageway,None,30,00:55:00,Urban,Fine no high winds,No,16 - 20,1,Urban area,3,1198,Parked vehicle,None,Other/Not known (2005-10),Not at or within 20 metres of junction,,POLO S 55,Petrol,Female,None,No tow/articulation,Did not leave carriageway,0,Going ahead other,1,Car,No,Front,2019
200901WW50761,A,219,B,306,Serious,None,25-12-2019,Tuesday,1,Auto traffic signal,More than 4 arms (not roundabout),28.5068176,Darkness - lights lit,524150,175600,77.0433976,E01004603,1,1,0,5,Dry,Single carriageway,Road surface defective,30,23:00:00,Urban,Fine no high winds,No,16 - 20,1,Urban area,3,49,None,None,Other/Not known (2005-10),Approaching junction or waiting/parked at junction approach,,VESPA LX 50,Petrol,Female,None,No tow/articulation,Did not leave carriageway,0,Going ahead other,1,Motorcycle 50cc and under,No,Nearside,2019
200905EE30168,Unclassified,0,Unclassified,0,Serious,None,25-01-2021,Monday,1,Give way or uncontrolled,Roundabout,28.46844271,Darkness - lights lit,339900,394350,77.06559288,E01006672,1,1,0,0,Wet or damp,Roundabout,None,30,18:05:00,Urban,Fine no high winds,No,16 - 20,1,Urban area,1,1796,None,None,Other/Not known (2005-10),Leaving roundabout,,ASTRA LIFE A,Petrol,Female,None,No tow/articulation,Did not leave carriageway,0,Going ahead left-hand bend,1,Car,No,Front,2019
200904CL09086,Unclassified,0,Unclassified,0,Serious,None,14-01-2021,Monday,1,Give way or uncontrolled,T or staggered junction,26.46710426,Darkness - lights lit,353450,422100,74.63862935,E01025423,1,2,0,0,Dry,Single carriageway,None,30,17:05:00,Urban,Fine no high winds,No,16 - 20,1,Urban area,6,108,None,None,Pupil riding to/from school,Mid Junction - on roundabout or on main road,,NHX 110 WH-8,Petrol,Female,None,No tow/articulation,Did not leave carriageway,0,Going ahead other,2,Motorcycle 50cc and under,No,Nearside,2020
200920H017602,Unclassified,0,Unclassified,0,Serious,None,16-04-2021,Sunday,1,Give way or uncontrolled,Crossroads,28.66191178,Darkness - lights lit,400370,302080,77.09580534,E01010288,1,2,0,0,Dry,Single carriageway,None,30,19:37:00,Urban,Fine no high winds,No,16 - 20,1,Urban area,1,50,None,None,Other/Not known (2005-10),Mid Junction - on roundabout or on main road,,V CLIC 50,Petrol,Female,None,No tow/articulation,Did not leave carriageway,0,Going ahead other,2,Motorcycle 50cc and under,No,Front,2020
2008160A00150,Unclassified,0,Unclassified,0,Serious,None,23-09-2020,Thursday,1,Give way or uncontrolled,Crossroads,28.72660228,Darkness - lights lit,527960,408690,77.21362531,E01013161,1,2,0,0,Wet or damp,Single carriageway,None,30,16:15:00,Urban,Fine no high winds,No,16 - 20,1,Urban area,9,1240,None,None,Other/Not known (2005-10),Mid Junction - on roundabout or on main road,,MICRA ACTIV,Petrol,Female,None,No tow/articulation,Did not leave carriageway,0,Going ahead other,2,Car,No,Front,2020
200901YE80605,C,0,C,0,Serious,None,05-08-2019,Sunday,2,Give way or uncontrolled,T or staggered junction,28.6310116,Darkness - lights lit,532440,197830,77.33111455,E01001540,1,1,0,1,Dry,Single carriageway,None,30,00:10:00,Urban,Fine no high winds,No,16 - 20,1,Data missing or out of range,NA,1242,None,None,Other/Not known (2005-10),Cleared junction or waiting/parked at junction exit,,FIESTA ZETEC BLUE 75,Petrol,Female,None,No tow/articulation,Did not leave carriageway,0,Going ahead other,1,Car,No,Front,2020
200901TD00152,A,212,C,0,Serious,None,12-08-2021,Sunday,1,Give way or uncontrolled,T or staggered junction,18.5193513,Darkness - lights lit,534540,164400,73.86112488,E01001064,4,4,0,0,Dry,Single carriageway,None,30,19:00:00,Urban,Fine no high winds,No,16 - 20,1,Urban area,8,1364,None,None,Other/Not known (2005-10),Mid Junction - on roundabout or on main road,,TIGRA EXCLUSIV,Petrol,Female,Skidded,No tow/articulation,Did not leave carriageway,0,Going ahead other,4,Car,No,Front,2021
200897AE00710,Unclassified,0,NA,0,Serious,None,31-07-2021,Thursday,1,Data missing or out of range,Not at junction or within 20 metres,14.70645714,Darkness - lights lit,252390,668280,78.53986175,,1,1,0,0,Dry,Single carriageway,None,30,07:00:00,Urban,Fine no high winds,Yes,16 - 20,1,Urban area,NA,1248,None,None,Commuting to/from work,Not at or within 20 metres of junction,,CORSA SXI A/C CDTI,Heavy oil,Female,None,No tow/articulation,Did not leave carriageway,0,Turning right,1,Car,No,Did not impact,2019
200820E026602,Unclassified,0,NA,0,Serious,None,17-05-2019,Saturday,1,Data missing or out of range,Not at junction or within 20 metres,26.75069976,Darkness - lights lit,408080,281360,94.19938698,E01009179,1,1,0,0,Wet or damp,Single carriageway,None,30,02:44:00,Urban,Fine no high winds,No,16 - 20,1,Urban area,3,1596,None,Other permanent object,Other/Not known (2005-10),Not at or within 20 metres of junction,,FIESTA STYLE CLIMATE AUTO,Petrol,Female,Skidded,No tow/articulation,Nearside,9,Going ahead other,1,Car,No,Front,2019
201001ZT80239,A,24,C,0,Serious,None,29-07-2010,Thursday,1,Auto traffic signal,Crossroads,51.378744,Darkness - lights lit,523990,165920,-0.219809,E01004194,2,1,0,5,Dry,Single carriageway,None,30,01:01:00,Urban,Fine no high winds,No,16 - 20,1,Data missing or out of range,NA,1360,None,Other permanent object,Other/Not known (2005-10),Entering main road,PEUGEOT,207 S,Petrol,Female,None,No tow/articulation,Nearside,0,Turning right,1,Car,No,Front,2010
2010160A04161,A,1243,Unclassified,0,Serious,None,15-11-2010,Monday,1,Auto traffic signal,T or staggered junction,53.541435,Darkness - lights lit,526490,406670,-0.092619,E01013185,1,1,0,5,Frost or ice,Single carriageway,None,30,21:10:00,Urban,Fine no high winds,No,16 - 20,1,Urban area,8,49,None,None,Other/Not known (2005-10),Approaching junction or waiting/parked at junction approach,PIAGGIO,VESPA LXV 50,Petrol,Female,None,No tow/articulation,Did not leave carriageway,0,Slowing or stopping,1,Motorcycle 50cc and under,No,Did not impact,2010
200930A000576,C,338,Unclassified,0,Serious,None,01-11-2019,Monday,1,Give way or uncontrolled,T or staggered junction,8.875305023,Darkness - lights lit,446520,343280,76.67632028,E01019644,1,2,0,0,Wet or damp,Single carriageway,None,30,22:20:00,Urban,Fog or mist,No,16 - 20,1,Urban area,1,1298,None,None,Journey as part of work,Entering main road,,SIRION SE AUTO,Petrol,Male,None,No tow/articulation,Did not leave carriageway,0,Turning right,2,Car,No,Offside,2020
2008160C00120,B,1230,Unclassified,0,Serious,None,25-12-2019,Monday,1,Auto traffic signal,Crossroads,14.72989871,Darkness - lights lit,500440,437410,78.59480538,E01012919,1,2,0,0,Wet or damp,Single carriageway,None,30,07:45:00,Rural,Raining + high winds,No,16 - 20,1,Small town,9,96,None,None,Commuting to/from work,Mid Junction - on roundabout or on main road,,ZIP 100,Petrol,Male,None,No tow/articulation,Did not leave carriageway,0,Moving off,1,Motorcycle 50cc and under,No,Front,2019
200806A087438,C,0,Unclassified,0,Serious,None,17-09-2020,Wednesday,1,Give way or uncontrolled,Crossroads,27.09265413,Darkness - lights lit,385840,398570,93.62324927,E01005095,1,3,0,0,Wet or damp,Single carriageway,None,30,06:15:00,Urban,Raining no high winds,No,16 - 20,1,Urban area,4,124,None,None,Commuting to/from work,Mid Junction - on roundabout or on main road,,304,Petrol,Male,Skidded and overturned,No tow/articulation,Did not leave carriageway,0,Going ahead other,2,Motorcycle 125cc and under,No,Nearside,2019
2008160D05240,Unclassified,0,Unclassified,0,Serious,None,20-10-2019,Wednesday,1,Give way or uncontrolled,Crossroads,15.28435699,Darkness - lights lit,506240,428150,73.99717344,E01012860,2,3,0,0,Wet or damp,Single carriageway,None,30,21:35:00,Urban,Raining no high winds,No,16 - 20,1,Data missing or out of range,NA,125,None,None,Other/Not known (2005-10),Mid Junction - on roundabout or on main road,,,Petrol,Male,None,No tow/articulation,Did not leave carriageway,0,Going ahead other,2,Motorcycle 125cc and under,No,Front,2019
200905AA33646,A,5207,Unclassified,0,Serious,None,30-05-2020,Friday,1,Auto traffic signal,T or staggered junction,8.873941731,Darkness - lights lit,326220,388480,76.63709965,E01007299,4,2,0,0,Wet or damp,Dual carriageway,None,30,21:44:00,Urban,Raining no high winds,No,16 - 20,1,Urban area,8,998,None,None,Other/Not known (2005-10),Mid Junction - on roundabout or on main road,,AYGO BLUE VVT-I,Petrol,Male,None,No tow/articulation,Did not leave carriageway,0,Going ahead other,2,Car,No,Offside,2020
200920D300703,Unclassified,0,NA,0,Serious,None,22-04-2019,Tuesday,1,Data missing or out of range,Not at junction or within 20 metres,26.47122557,Darkness - lights lit,415190,287330,74.645371,E01009300,1,1,0,0,Wet or damp,Single carriageway,None,30,16:15:00,Urban,Raining no high winds,No,16 - 20,1,Urban area,7,1598,None,None,Commuting to/from work,Not at or within 20 metres of junction,,ASTRA SXI,Petrol,Male,None,No tow/articulation,Did not leave carriageway,0,Going ahead other,1,Car,No,Front,2020
200806G005141,C,0,NA,0,Serious,None,15-06-2020,Saturday,1,Not at junction or within 20 metres,Not at junction or within 20 metres,28.70570335,Darkness - lights lit,395580,400680,77.35493192,E01005936,2,1,0,0,Wet or damp,Single carriageway,None,30,21:50:00,Urban,Raining no high winds,No,16 - 20,1,Urban area,8,1198,None,Lamp post,Other/Not known (2005-10),Not at or within 20 metres of junction,,IBIZA REFERENCE SPORT 12V,Petrol,Male,None,No tow/articulation,Nearside,0,Going ahead right-hand bend,1,Car,No,Front,2021
200837G025261,A,1022,Unclassified,1044,Serious,None,03-04-2019,Wednesday,1,Auto traffic signal,T or staggered junction,18.62077999,Darkness - lights lit,616160,244230,73.85497563,E01029959,1,2,0,4,Wet or damp,Single carriageway,None,30,22:20:00,Urban,Raining no high winds,No,16 - 20,1,Urban area,1,124,None,Other permanent object,Other/Not known (2005-10),Mid Junction - on roundabout or on main road,,WY 125-16C,Petrol,Male,None,No tow/articulation,Nearside,0,Going ahead other,1,Motorcycle 125cc and under,No,Front,2021
200806P090211,A,671,Unclassified,0,Serious,None,12-10-2020,Saturday,1,Give way or uncontrolled,T or staggered junction,18.64211019,Darkness - lights lit,389450,415020,73.75842237,E01005494,1,2,0,0,Wet or damp,Single carriageway,None,30,17:55:00,Urban,Raining no high winds,No,16 - 20,1,Urban area,9,124,None,None,Other/Not known (2005-10),Approaching junction or waiting/parked at junction approach,,YBR 125,Petrol,Male,None,No tow/articulation,Did not leave carriageway,0,Going ahead other,2,Motorcycle 125cc and under,No,Front,2021
200901PY20080,Unclassified,0,B,226,Serious,None,28-01-2021,Sunday,1,Give way or uncontrolled,Roundabout,19.11347186,Darkness - lights lit,541970,172940,72.85304402,E01000779,1,1,0,0,Snow,Single carriageway,None,30,23:58:00,Urban,Snowing no high winds,No,16 - 20,1,Urban area,4,1896,Kerb,Other permanent object,Other/Not known (2005-10),Approaching junction or waiting/parked at junction approach,,GOLF MATCH TDI 105,Heavy oil,Male,None,No tow/articulation,Nearside,0,Going ahead other,1,Car,No,Nearside,2021
200801ZD30206,A,23,NA,0,Serious,None,29-04-2020,Tuesday,2,Data missing or out of range,Not at junction or within 20 metres,26.44598339,Darkness - lights lit,531010,168680,80.32598616,E01001086,1,3,0,0,Wet or damp,Single carriageway,None,30,22:30:00,Urban,Unknown,No,16 - 20,1,Urban area,5,125,None,None,Other/Not known (2005-10),Not at or within 20 metres of junction,,PES 125,Petrol,Male,None,No tow/articulation,Did not leave carriageway,0,Going ahead other,1,Motorcycle 125cc and under,No,Did not impact,2020
200850GR2A002,C,76,NA,0,Serious,None,03-10-2021,Sunday,1,Not at junction or within 20 metres,Not at junction or within 20 metres,28.72037068,Darkness - no lighting,169200,47180,77.32139375,E01018825,2,1,0,0,Dry,Single carriageway,None,30,00:45:00,Rural,Fine no high winds,No,16 - 20,1,Rural,4,124,None,Submerged in water,Other/Not known (2005-10),Not at or within 20 metres of junction,,XT 125 R,Petrol,Male,Overturned,No tow/articulation,Nearside,0,Going ahead other,1,Motorcycle 125cc and under,No,Front,2020
200934WN43829,A,508,A,5095,Serious,None,13-01-2019,Tuesday,1,Give way or uncontrolled,T or staggered junction,26.74517099,Darkness - no lighting,475140,263050,94.16831482,E01027191,1,2,0,0,Dry,Single carriageway,None,30,06:50:00,Urban,Fine no high winds,No,16 - 20,1,Rural,8,125,None,Road sign or traffic signal,Commuting to/from work,Cleared junction or waiting/parked at junction exit,,YB 125,Petrol,Male,None,No tow/articulation,Nearside,0,Going ahead other,1,Motorcycle 125cc and under,No,Front,2019
201037B044939,A,134,C,695,Serious,Any animal in carriageway (except ridden horse),29-08-2021,Sunday,1,Give way or uncontrolled,T or staggered junction,26.45394077,Darkness - no lighting,587840,260450,80.3339979,E01030119,3,1,0,0,Wet or damp,Single carriageway,None,30,22:50:00,Rural,Other,No,16 - 20,1,Rural,9,1229,None,Other permanent object,Other/Not known (2005-10),Approaching junction or waiting/parked at junction approach,,CORSA SXI A/C,Petrol,Male,Overturned,No tow/articulation,Nearside,0,Going ahead other,1,Car,No,Front,2020
200904BA09237,Unclassified,0,Unclassified,0,Serious,None,01-10-2019,Sunday,1,Give way or uncontrolled,Other junction,18.54440181,Darkness - no lighting,344980,455600,73.73582506,E01025107,2,1,0,0,Wet or damp,Single carriageway,None,30,04:09:00,Rural,Raining no high winds,No,16 - 20,1,Rural,6,1242,None,Other permanent object,Other/Not known (2005-10),Cleared junction or waiting/parked at junction exit,,FIESTA ZETEC BLUE,Petrol,Male,Skidded and overturned,No tow/articulation,Offside,0,Going ahead left-hand bend,1,Car,No,Offside,2021
200805AA23584,Unclassified,0,Unclassified,0,Serious,None,03-11-2021,Tuesday,1,Give way or uncontrolled,Crossroads,28.7233825,Daylight,332270,389060,77.2812834,E01007126,1,2,0,0,Dry,Single carriageway,Road sign or marking defective or obscured,30,11:40:00,Urban,Fine + high winds,No,16 - 20,1,Urban area,1,124,None,None,Other/Not known (2005-10),Mid Junction - on roundabout or on main road,,YBR 125,Petrol,Male,None,No tow/articulation,Did not leave carriageway,0,Going ahead other,2,Motorcycle 125cc and under,No,Offside,2020
200830D000959,A,511,A,50,Serious,None,24-02-2019,Friday,1,Give way or uncontrolled,Slip road,14.75732563,Daylight,420070,331600,78.481781,E01019866,2,2,0,0,Wet or damp,Single carriageway,None,30,09:50:00,Rural,Fine no high winds,No,16 - 20,1,Urban area,7,1910,Bollard or refuge,None,Other/Not known (2005-10),Entering from slip road,,9-3 VECTOR SPORT TID,Heavy oil,Male,Skidded and overturned,No tow/articulation,Did not leave carriageway,0,Going ahead left-hand bend,1,Car,No,Front,2019
200904EM09030,Unclassified,0,Unclassified,0,Serious,None,01-02-2020,Tuesday,1,Give way or uncontrolled,T or staggered junction,14.69637336,Daylight,374010,432090,78.56464112,E01025061,1,2,0,0,Dry,Single carriageway,None,30,16:40:00,Urban,Fine no high winds,No,16 - 20,1,Urban area,2,124,None,None,Other/Not known (2005-10),Approaching junction or waiting/parked at junction approach,,GT 125 R,Petrol,Male,Skidded,No tow/articulation,Did not leave carriageway,0,Going ahead right-hand bend,1,Motorcycle 125cc and under,No,Did not impact,2019
2008558E00601,A,351,Unclassified,0,Serious,None,20-01-2019,Friday,1,Give way or uncontrolled,T or staggered junction,14.78670926,Daylight,396340,81440,78.60011039,E01020466,1,3,0,0,Dry,Single carriageway,None,30,16:25:00,Rural,Fine no high winds,No,16 - 20,1,Urban area,1,124,None,None,Commuting to/from work,Approaching junction or waiting/parked at junction approach,,RMX 125,Petrol,Male,None,No tow/articulation,Did not leave carriageway,0,Overtaking moving vehicle - offside,3,Motorcycle 125cc and under,No,Front,2019
2009170S11749,A,177,Unclassified,0,Serious,None,25-12-2019,Friday,1,Give way or uncontrolled,Private drive or entrance,14.70182116,Daylight,443090,520720,78.51396366,E01012248,1,2,0,0,Dry,Single carriageway,None,30,12:40:00,Urban,Fine no high winds,No,16 - 20,1,Data missing or out of range,NA,125,None,None,Other/Not known (2005-10),Approaching junction or waiting/parked at junction approach,,RS 125 11 KW 06,Petrol,Male,None,No tow/articulation,Did not leave carriageway,0,Going ahead other,2,Motorcycle 125cc and under,No,Front,2019
200922G907052,Unclassified,0,Unclassified,0,Serious,None,08-08-2019,Wednesday,1,Give way or uncontrolled,More than 4 arms (not roundabout),14.76944687,Daylight,366620,320010,78.5454575,E01014131,1,2,0,0,Wet or damp,Single carriageway,None,30,12:00:00,Rural,Fine no high winds,No,16 - 20,1,Data missing or out of range,NA,NA,None,None,Journey as part of work,Mid Junction - on roundabout or on main road,,,Heavy oil,Male,None,Single trailer,Did not leave carriageway,0,Going ahead right-hand bend,2,Agricultural vehicle,No,Offside,2019
20074100D0547,A,4147,Unclassified,563,Serious,None,28-12-2020,Monday,1,Give way or uncontrolled,T or staggered junction,26.73394357,Daylight,508490,206550,94.20921427,E01023410,2,3,0,0,Dry,Single carriageway,None,30,16:24:00,Urban,Fine no high winds,No,16 - 20,1,Urban area,10,1339,None,None,Other/Not known (2005-10),Approaching junction or waiting/parked at junction approach,,JAZZ SE CVT,Petrol,Male,Skidded and overturned,No tow/articulation,Did not leave carriageway,0,Going ahead other,1,Car,No,Front,2019
2008160C03630,Unclassified,0,Unclassified,0,Serious,None,14-07-2019,Wednesday,2,Give way or uncontrolled,T or staggered junction,25.78314858,Daylight,498850,425750,87.47223165,E01013089,1,2,0,0,Dry,Single carriageway,None,30,16:30:00,Rural,Fine no high winds,No,16 - 20,1,Urban area,8,125,None,None,Other/Not known (2005-10),Approaching junction or waiting/parked at junction approach,,,Petrol,Male,Skidded,No tow/articulation,Did not leave carriageway,0,Going ahead left-hand bend,1,Motorcycle 125cc and under,No,Front,2019
200801SX21007,C,0,C,0,Serious,None,01-06-2019,Saturday,1,Give way or uncontrolled,T or staggered junction,25.76558718,Daylight,521890,195770,87.45658847,E01000253,2,2,0,0,Dry,Single carriageway,None,30,11:00:00,Rural,Fine no high winds,No,16 - 20,1,Urban area,10,1490,None,None,Other/Not known (2005-10),Mid Junction - on roundabout or on main road,,SWIFT VVTS GLX,Petrol,Male,None,No tow/articulation,Did not leave carriageway,0,Going ahead other,1,Car,No,Nearside,2019
200920K052702,Unclassified,0,NA,0,Serious,None,18-11-2020,Friday,1,Data missing or out of range,Not at junction or within 20 metres,25.76462615,Daylight,400790,288990,87.46371432,E01010047,1,3,0,0,Dry,Single carriageway,None,30,19:35:00,Urban,Fine no high winds,No,16 - 20,1,Urban area,3,124,None,None,Other/Not known (2005-10),Not at or within 20 metres of junction,,CR3-125,Petrol,Male,None,No tow/articulation,Did not leave carriageway,0,Going ahead other,2,Motorcycle 125cc and under,No,Front,2019
200737G022564,C,730,NA,,Serious,None,09-06-2019,Saturday,1,Give way or uncontrolled,Private drive or entrance,22.06586969,Daylight,608110,242870,82.16212216,E01029877,1,2,0,0,Dry,Single carriageway,None,30,16:05:00,Rural,Fine no high winds,No,16 - 20,1,Rural,7,124,None,None,Other/Not known (2005-10),Mid Junction - on roundabout or on main road,,XR 125 L-5,Petrol,Male,None,No tow/articulation,Did not leave carriageway,0,Going ahead other,2,Motorcycle 125cc and under,No,Front,2019
200950KE2C023,Unclassified,0,NA,0,Serious,None,09-06-2021,Sunday,1,Not at junction or within 20 metres,Not at junction or within 20 metres,15.17678144,Daylight,301380,80720,74.0674944,E01019913,1,2,0,0,Dry,Single carriageway,None,30,14:22:00,Urban,Fine no high winds,No,16 - 20,1,Urban area,8,124,None,None,Other/Not known (2005-10),Not at or within 20 metres of junction,,KS 125-23,Petrol,Male,Skidded,No tow/articulation,Did not leave carriageway,0,Overtaking static vehicle - offside,1,Motorcycle 125cc and under,No,Front,2019
201043P250070,B,4507,NA,0,Serious,None,09-01-2020,Monday,1,Data missing or out of range,Not at junction or within 20 metres,15.33665927,Daylight,439040,187710,74.00213687,E01028756,1,2,0,0,Dry,Single carriageway,None,30,17:50:00,Rural,Fine no high winds,No,16 - 20,1,Rural,5,249,None,None,Other/Not known (2005-10),Not at or within 20 metres of junction,,KLX 250 S9F,Petrol,Male,Skidded,No tow/articulation,Did not leave carriageway,0,Going ahead left-hand bend,1,Motorcycle over 125cc and up to 500cc,No,Front,2019
200842I264707,A,1060,B,183,Serious,None,12-11-2021,Thursday,1,Give way or uncontrolled,T or staggered junction,15.17936797,Daylight,552480,214970,74.09749118,E01022070,2,2,0,0,Dry,Single carriageway,None,30,11:35:00,Rural,Fine no high winds,No,16 - 20,1,Rural,8,NA,None,None,Journey as part of work,Approaching junction or waiting/parked at junction approach,,,Heavy oil,Male,None,Other tow,Did not leave carriageway,0,Moving off,1,Agricultural vehicle,No,Offside,2019
201037B046542,B,1065,C,682,Serious,None,11-10-2020,Monday,1,Give way or uncontrolled,T or staggered junction,28.44760716,Daylight,582660,248120,77.0320966,E01029884,1,2,0,0,Dry,Single carriageway,None,30,16:30:00,Rural,Fine no high winds,No,16 - 20,1,Urban area,3,125,None,None,Other/Not known (2005-10),Cleared junction or waiting/parked at junction exit,,SY 125-11,Petrol,Male,Skidded,No tow/articulation,Did not leave carriageway,0,Going ahead right-hand bend,2,Motorcycle 125cc and under,No,Did not impact,2019
200801QA75927,A,4140,Unclassified,0,Serious,None,09-01-2020,Saturday,1,Give way or uncontrolled,T or staggered junction,28.47179056,Daylight,518890,189450,77.0551131,E01002169,2,2,0,0,Dry,Single carriageway,None,30,05:04:00,Urban,Fine no high winds,No,16 - 20,1,Urban area,3,102,None,None,Other/Not known (2005-10),Approaching junction or waiting/parked at junction approach,,SCV 100 F-5,Petrol,Male,Skidded,No tow/articulation,Did not leave carriageway,0,Going ahead other,2,Motorcycle 50cc and under,No,Nearside,2019
200822FA88603,Unclassified,0,Unclassified,0,Serious,Pedestrian in carriageway - not injured,29-03-2020,Tuesday,1,Give way or uncontrolled,T or staggered junction,28.42309485,Daylight,349280,312840,77.10391782,E01028946,2,1,0,0,Dry,One way street,None,30,12:40:00,Urban,Fine no high winds,No,16 - 20,1,Rural,4,124,None,None,Other/Not known (2005-10),Approaching junction or waiting/parked at junction approach,,VESPA LX 125,Petrol,Male,None,No tow/articulation,Did not leave carriageway,0,Going ahead other,1,Motorcycle 125cc and under,No,Front,2019
201042I187306,B,1022,NA,0,Serious,None,10-03-2020,Wednesday,1,Not at junction or within 20 metres,Not at junction or within 20 metres,13.03126543,Daylight,585950,208250,77.5632032,E01021888,1,2,0,0,Dry,Single carriageway,None,30,18:20:00,Urban,Fine no high winds,No,16 - 20,1,Urban area,4,1598,None,None,Other/Not known (2005-10),Not at or within 20 metres of junction,,ASTRA DESIGN,Petrol,Male,None,No tow/articulation,Nearside,0,Moving off,2,Car,No,Did not impact,2020
200820E045003,A,41,Unclassified,0,Serious,None,13-11-2021,Friday,1,Give way or uncontrolled,T or staggered junction,13.00638022,Daylight,408940,284420,77.52002947,E01009371,1,2,0,4,Dry,Single carriageway,None,30,18:00:00,Urban,Fine no high winds,No,16 - 20,1,Urban area,1,1986,None,None,Other/Not known (2005-10),Mid Junction - on roundabout or on main road,,A4 S LINE TDI 140 AUTO,Heavy oil,Male,None,No tow/articulation,Did not leave carriageway,0,Going ahead other,2,Car,No,Front,2020
20083102C1290,B,686,C,172,Serious,None,23-09-2021,Friday,2,Auto traffic signal,Crossroads,8.865853925,Daylight,458090,339950,76.67521555,E01013920,1,2,0,5,Dry,Single carriageway,None,30,10:35:00,Urban,Fine no high winds,No,16 - 20,1,Urban area,1,125,None,None,Other/Not known (2005-10),Mid Junction - on roundabout or on main road,,RS 125 FP 06,Petrol,Male,None,No tow/articulation,Did not leave carriageway,0,Going ahead other,1,Motorcycle 125cc and under,No,Front,2020