Accident_Index,1st_Road_Class,1st_Road_Number,2nd_Road_Class,2nd_Road_Number,Accident_Severity,Carriageway_Hazards,Date,Day_of_Week,Did_Police_Officer_Attend_Scene_of_Accident,Junction_Control,Junction_Detail,Latitude,Light_Conditions,Location_Easting_OSGR,Location_Northing_OSGR,Longitude,LSOA_of_Accident_Location,Number_of_Casualties,Number_of_Vehicles,Pedestrian_Crossing-Human_Control,Pedestrian_Crossing-Physical_Facilities,Road_Surface_Conditions,Road_Type,Special_Conditions_at_Site,Speed_limit,Time,Urban_or_Rural_Area,Weather_Conditions,InScotland,Age_Band_of_Driver,Age_of_Vehicle,Driver_Home_Area_Type,Driver_IMD_Decile,Engine_Capacity_.CC.,Hit_Object_in_Carriageway,Hit_Object_off_Carriageway,Journey_Purpose_of_Driver,Junction_Location,make,model,Propulsion_Code,Sex_of_Driver,Skidding_and_Overturning,Towing_and_Articulation,Vehicle_Leaving_Carriageway,Vehicle_Location.Restricted_Lane,Vehicle_Manoeuvre,Vehicle_Reference,Vehicle_Type,Was_Vehicle_Left_Hand_Drive,X1st_Point_of_Impact,Year
200801HT74095,C,0,Unclassified,0,Serious,None,21-10-2019,Tuesday,1,Give way or uncontrolled,T or staggered junction,8.881148641,Daylight,537860,181380,76.6667757,E01004246,1,3,0,0,Dry,Single carriageway,None,30,17:12:00,Urban,Fine no high winds,No,16 - 20,1,Urban area,3,124,None,None,Other/Not known (2005-10),Approaching junction or waiting/parked at junction approach,,GT 125 R,Petrol,Male,None,No tow/articulation,Did not leave carriageway,0,Going ahead other,2,Motorcycle 125cc and under,No,Front,2020
2009160C05910,Unclassified,0,Unclassified,0,Serious,None,20-12-2020,Thursday,1,Give way or uncontrolled,Crossroads,8.865379263,Daylight,501720,429400,76.63665524,E01013114,1,2,0,0,Dry,Single carriageway,None,30,15:11:00,Urban,Fine no high winds,No,16 - 20,1,Urban area,1,124,None,None,Other/Not known (2005-10),Mid Junction - on roundabout or on main road,,XT 125 X,Petrol,Male,None,No tow/articulation,Did not leave carriageway,0,Overtaking moving vehicle - offside,2,Motorcycle 125cc and under,No,Front,2020
200842I347707,Unclassified,0,NA,0,Serious,Pedestrian in carriageway - not injured,08-08-2019,Tuesday,2,Not at junction or within 20 metres,Not at junction or within 20 metres,22.71026995,Daylight,572410,189930,75.84159555,E01021267,1,2,0,1,Dry,Single carriageway,None,30,18:20:00,Urban,Fine no high winds,No,16 - 20,1,Urban area,2,102,None,None,Other/Not known (2005-10),Not at or within 20 metres of junction,,SCV 100 F-5,Petrol,Male,None,No tow/articulation,Did not leave carriageway,0,Waiting to go - held up,1,Motorcycle 125cc and under,No,Front,2020
2009160B02920,A,1077,Unclassified,0,Serious,None,21-03-2020,Saturday,1,Give way or uncontrolled,Private drive or entrance,22.73963496,Daylight,491770,418390,75.86348537,E01013291,1,2,0,0,Dry,Single carriageway,None,30,05:59:00,Rural,Fine no high winds,No,16 - 20,1,Urban area,1,124,None,None,Other/Not known (2005-10),Approaching junction or waiting/parked at junction approach,,YBR 125,Petrol,Male,None,No tow/articulation,Did not leave carriageway,0,Overtaking moving vehicle - offside,2,Motorcycle 50cc and under,No,Front,2020
200850FP2D012,A,379,NA,0,Serious,None,01-10-2021,Thursday,1,Not at junction or within 20 metres,Not at junction or within 20 metres,22.76543078,Daylight,289160,58710,75.87434141,E01015222,2,2,0,0,Dry,Single carriageway,None,30,21:15:00,Urban,Fine no high winds,No,16 - 20,1,Urban area,7,49,None,None,Other/Not known (2005-10),Not at or within 20 metres of junction,,SR 50 R,Petrol,Male,None,No tow/articulation,Did not leave carriageway,0,Waiting to turn right,2,Motorcycle 50cc and under,No,Nearside,2020
200920L055801,Unclassified,0,Unclassified,0,Serious,None,25-11-2021,Monday,1,Give way or uncontrolled,Private drive or entrance,26.46634952,Daylight,409060,278540,74.64859583,E01010218,1,2,0,0,Dry,Single carriageway,None,30,12:47:00,Urban,Fine no high winds,No,16 - 20,1,Urban area,4,125,None,None,Other/Not known (2005-10),Mid Junction - on roundabout or on main road,,RMR 125,Petrol,Male,None,No tow/articulation,Offside,0,Overtaking moving vehicle - offside,1,Motorcycle 125cc and under,No,Front,2020
200820D050902,Unclassified,0,Unclassified,0,Serious,None,14-01-2021,Sunday,1,Give way or uncontrolled,T or staggered junction,26.45907107,Daylight,414100,291970,74.5899116,E01009105,1,2,0,0,Dry,Single carriageway,None,30,14:45:00,Urban,Fine no high winds,No,16 - 20,1,Urban area,3,50,None,None,Other/Not known (2005-10),Cleared junction or waiting/parked at junction exit,,,Petrol,Male,None,No tow/articulation,Did not leave carriageway,0,Going ahead left-hand bend,2,Motorcycle 50cc and under,No,Offside,2020
200937B042076,C,486,NA,0,Serious,None,25-05-2020,Friday,2,Data missing or out of range,Not at junction or within 20 metres,26.48025642,Daylight,605500,258810,80.27888519,E01030074,1,1,0,0,Wet or damp,Single carriageway,Mud,30,12:25:00,Rural,Fine no high winds,No,16 - 20,1,Urban area,9,49,Kerb,Entered ditch,Other/Not known (2005-10),Not at or within 20 metres of junction,,SR 50 R,Petrol,Male,Skidded,No tow/articulation,Nearside,0,Going ahead right-hand bend,1,Motorcycle 50cc and under,No,Front,2020
200814A036208,Unclassified,0,Unclassified,0,Serious,None,22-11-2021,Monday,1,Give way or uncontrolled,T or staggered junction,26.44214674,Daylight,458240,404070,80.33552321,E01007646,1,2,0,0,Dry,Single carriageway,None,30,12:10:00,Urban,Fine no high winds,No,16 - 20,1,Urban area,1,124,None,None,Other/Not known (2005-10),Approaching junction or waiting/parked at junction approach,,YBR 125,Petrol,Male,None,No tow/articulation,Did not leave carriageway,0,Going ahead other,1,Motorcycle 125cc and under,No,Front,2020
200806K003270,A,58,Unclassified,0,Serious,None,02-10-2020,Wednesday,1,Give way or uncontrolled,T or staggered junction,28.57126792,Daylight,366520,405820,77.33882515,E01004893,1,2,0,0,Dry,Single carriageway,None,30,15:15:00,Urban,Fine no high winds,No,16 - 20,1,Urban area,2,124,None,None,Other/Not known (2005-10),Mid Junction - on roundabout or on main road,,HT 125-8,Petrol,Male,None,No tow/articulation,Did not leave carriageway,0,Going ahead other,2,Motorcycle 125cc and under,No,Front,2020
201037B045156,Unclassified,9999,Unclassified,0,Serious,None,14-09-2019,Wednesday,1,Give way or uncontrolled,Private drive or entrance,28.64814786,Daylight,584200,264850,77.15558476,E01030124,1,2,0,0,Dry,Single carriageway,None,30,08:49:00,Urban,Fine no high winds,No,16 - 20,1,Rural,8,49,None,None,Other/Not known (2005-10),Mid Junction - on roundabout or on main road,,TRIGGER SM 50,Petrol,Male,None,No tow/articulation,Did not leave carriageway,0,Going ahead other,2,Motorcycle 50cc and under,No,Front,2020
200863CP13308,Unclassified,0,NA,0,Serious,None,19-02-2020,Friday,1,Data missing or out of range,Not at junction or within 20 metres,28.54570732,Daylight,205360,203370,77.2252918,W01000557,1,1,0,0,Dry,Single carriageway,None,30,21:15:00,Rural,Fine no high winds,No,16 - 20,1,Rural,NA,124,None,None,Other/Not known (2005-10),Not at or within 20 metres of junction,,XR 125 L-6,Petrol,Male,None,No tow/articulation,Did not leave carriageway,9,Going ahead other,1,Motorcycle 125cc and under,No,Front,2020
2007557P04229,Unclassified,0,Unclassified,0,Serious,None,02-10-2020,Friday,1,Give way or uncontrolled,T or staggered junction,28.58159665,Daylight,399020,97130,77.36923975,E01020384,1,2,0,0,Dry,Single carriageway,None,30,19:00:00,Urban,Fine no high winds,No,16 - 20,1,Urban area,10,124,None,None,Other/Not known (2005-10),Mid Junction - on roundabout or on main road,,CBR 125 R-5,Petrol,Male,None,No tow/articulation,Did not leave carriageway,0,Going ahead other,2,Motorcycle 125cc and under,No,Front,2020
200820D158301,A,5127,Unclassified,0,Serious,None,01-01-2020,Saturday,1,Give way or uncontrolled,T or staggered junction,28.53671275,Daylight,408900,289660,77.23940844,E01008899,1,2,0,0,Dry,Dual carriageway,None,30,17:05:00,Urban,Fine no high winds,No,16 - 20,1,Urban area,1,1686,None,None,Other/Not known (2005-10),Mid Junction - on roundabout or on main road,,ASTRA DESIGN CDTI 100,Heavy oil,Male,Skidded,No tow/articulation,Did not leave carriageway,0,Going ahead other,1,Car,No,Nearside,2020
200737G023070,Unclassified,4023,Unclassified,4014,Serious,None,29-01-2021,Tuesday,1,Stop sign,Crossroads,28.61277829,Daylight,615800,245240,77.35531487,E01030025,2,3,0,0,Dry,Single carriageway,None,30,17:54:00,Urban,Fine no high winds,No,16 - 20,1,Urban area,5,49,None,None,Other/Not known (2005-10),Mid Junction - on roundabout or on main road,,YN 50 NEO'S,Petrol,Male,None,No tow/articulation,Did not leave carriageway,0,Turning right,2,Motorcycle 50cc and under,No,Back,2020
20093104D2447,A,60,Unclassified,0,Serious,None,22-04-2020,Thursday,1,Give way or uncontrolled,Crossroads,28.54551501,Daylight,457770,343760,77.09706791,E01028217,3,2,0,0,Dry,Single carriageway,None,30,16:26:00,Urban,Fine no high winds,No,16 - 20,1,Urban area,3,250,None,None,Other/Not known (2005-10),Mid Junction - on roundabout or on main road,,WR 250 R,Petrol,Male,None,No tow/articulation,Did not leave carriageway,0,Overtaking moving vehicle - offside,2,Motorcycle over 125cc and up to 500cc,No,Front,2020
2009559D00840,Unclassified,0,Unclassified,0,Serious,None,25-06-2019,Monday,1,Give way or uncontrolled,T or staggered junction,28.72845427,Daylight,397310,93120,77.2412985,E01020475,1,2,0,0,Dry,Single carriageway,None,30,13:15:00,Urban,Fine no high winds,No,16 - 20,1,Urban area,8,125,None,None,Other/Not known (2005-10),Mid Junction - on roundabout or on main road,,303 R HAWK 125,Petrol,Male,None,No tow/articulation,Did not leave carriageway,0,U-turn,2,Motorcycle 125cc and under,No,Offside,2020
200942I258808,A,129,NA,0,Serious,None,02-05-2021,Tuesday,2,Not at junction or within 20 metres,Not at junction or within 20 metres,28.58489155,Daylight,580510,190570,77.21926466,E01021962,1,2,0,0,Wet or damp,Single carriageway,Oil or diesel,30,13:43:00,Urban,Fine no high winds,No,16 - 20,1,Urban area,9,49,None,Road sign or traffic signal,Other/Not known (2005-10),Not at or within 20 metres of junction,,SR 50 R,Petrol,Male,Skidded,No tow/articulation,Did not leave carriageway,0,Slowing or stopping,2,Motorcycle 50cc and under,No,Did not impact,2021
200901QK50351,A,4003,A,4003,Serious,None,14-03-2020,Monday,1,Give way or uncontrolled,T or staggered junction,28.54813301,Daylight,524220,184280,77.23314411,E01000491,1,2,0,0,Dry,Single carriageway,None,30,10:10:00,Urban,Fine no high winds,No,16 - 20,1,Data missing or out of range,NA,124,None,None,Other/Not known (2005-10),Entering main road,,XR 125 L-6,Petrol,Male,None,No tow/articulation,Did not leave carriageway,0,Going ahead other,2,Motorcycle over 125cc and up to 500cc,No,Front,2021
200943N243059,C,162,Unclassified,1483,Serious,None,14-08-2020,Saturday,1,Give way or uncontrolled,T or staggered junction,18.50845097,Daylight,488270,229290,73.83488579,E01017670,1,2,0,0,Dry,Single carriageway,None,30,19:05:00,Rural,Fine no high winds,No,16 - 20,1,Rural,9,1198,None,None,Other/Not known (2005-10),Mid Junction - on roundabout or on main road,,POLO MATCH 60,Petrol,Male,None,No tow/articulation,Did not leave carriageway,0,Going ahead right-hand bend,2,Car,No,Nearside,2021
200806P099061,B,6222,B,6452,Serious,None,23-01-2021,Saturday,1,Auto traffic signal,Crossroads,18.60122769,Daylight,388050,412980,73.91017147,E01005577,2,2,0,0,Wet or damp,Single carriageway,None,30,16:50:00,Urban,Fine no high winds,No,16 - 20,1,Urban area,4,1995,None,None,Other/Not known (2005-10),Approaching junction or waiting/parked at junction approach,,318D ES,Heavy oil,Male,None,No tow/articulation,Did not leave carriageway,0,Turning right,1,Car,No,Front,2021
200934NW29699,A,510,A,510,Serious,None,26-12-2021,Monday,1,Give way or uncontrolled,Roundabout,18.59561506,Daylight,490390,269170,73.88050456,E01027330,2,2,0,0,Dry,Roundabout,None,30,20:50:00,Urban,Fine no high winds,No,16 - 20,1,Urban area,5,2204,None,None,Commuting to/from work,Mid Junction - on roundabout or on main road,,CIVIC SE I-CTDI,Heavy oil,Male,None,No tow/articulation,Did not leave carriageway,0,Turning right,2,Car,No,Front,2021
200814G027308,Unclassified,0,Unclassified,0,Serious,None,08-12-2019,Saturday,1,Give way or uncontrolled,T or staggered junction,18.5431939,Daylight,436610,387640,73.89457534,E01007885,1,2,0,0,Dry,Single carriageway,None,30,15:15:00,Urban,Fine no high winds,No,16 - 20,1,Urban area,2,50,None,None,Other/Not known (2005-10),Leaving main road,,V CLIC 50,Petrol,Male,None,No tow/articulation,Did not leave carriageway,0,Turning right,2,Motorcycle 50cc and under,No,Offside,2021
2009160B00980,Unclassified,0,Unclassified,0,Serious,None,01-11-2021,Sunday,2,Give way or uncontrolled,T or staggered junction,18.49822412,Daylight,489020,411300,73.82043719,E01013332,1,2,0,0,Dry,Single carriageway,None,30,18:30:00,Urban,Fine no high winds,No,16 - 20,1,Urban area,8,49,None,None,Other/Not known (2005-10),Approaching junction or waiting/parked at junction approach,,SUPER 9,Petrol,Male,None,No tow/articulation,Did not leave carriageway,0,Overtaking moving vehicle - offside,2,Motorcycle 50cc and under,No,Front,2021
200834NE17318,A,6,Unclassified,0,Serious,None,03-03-2021,Monday,1,Give way or uncontrolled,T or staggered junction,18.61472593,Daylight,495720,266460,73.90372083,E01027069,1,2,0,0,Dry,Single carriageway,None,30,17:41:00,Urban,Fine no high winds,No,16 - 20,1,Data missing or out of range,NA,125,None,None,Other/Not known (2005-10),Mid Junction - on roundabout or on main road,,CBR 125 RW-6,Petrol,Male,None,No tow/articulation,Did not leave carriageway,0,Going ahead other,2,Motorcycle 125cc and under,No,Offside,2021
200830B000376,A,6,Unclassified,0,Serious,None,27-06-2019,Sunday,1,Give way or uncontrolled,T or staggered junction,18.5576508,Daylight,427680,362710,73.88194434,E01019609,1,2,0,0,Dry,Single carriageway,None,30,17:22:00,Rural,Fine no high winds,No,16 - 20,1,Urban area,9,124,None,None,Other/Not known (2005-10),Mid Junction - on roundabout or on main road,,,Petrol,Male,None,No tow/articulation,Did not leave carriageway,0,Overtaking static vehicle - offside,1,Motorcycle 125cc and under,No,Nearside,2021
200905EE02733,A,562,Unclassified,0,Serious,None,08-01-2021,Tuesday,1,Auto traffic signal,Crossroads,18.56070938,Daylight,334950,389020,73.86967594,E01006517,2,2,0,5,Dry,Dual carriageway,None,30,16:39:00,Urban,Fine no high winds,No,16 - 20,1,Data missing or out of range,NA,2967,None,None,Other/Not known (2005-10),Mid Junction - on roundabout or on main road,,A5 SPORT TDI QUATTRO,Heavy oil,Male,Skidded,No tow/articulation,Did not leave carriageway,0,Going ahead other,1,Car,No,Front,2021
200745RE14094,Unclassified,1291,NA,0,Serious,None,08-01-2019,Thursday,1,Data missing or out of range,Not at junction or within 20 metres,18.55343189,Daylight,527710,147650,73.74168182,E01030570,4,2,0,0,Dry,Single carriageway,None,30,09:21:00,Urban,Fine no high winds,No,16 - 20,1,Urban area,6,1248,None,None,Other/Not known (2005-10),Not at or within 20 metres of junction,,CORSA CLUB A/C CDTI,Heavy oil,Male,None,No tow/articulation,Did not leave carriageway,0,Parked,2,Car,No,Back,2021
200963AC08109,Unclassified,0,NA,0,Serious,None,03-04-2019,Friday,1,Data missing or out of range,Not at junction or within 20 metres,18.52289522,Daylight,251420,201030,73.77351751,W01000705,2,1,0,0,Dry,Single carriageway,None,30,18:40:00,Urban,Fine no high winds,No,16 - 20,1,Urban area,NA,1798,None,None,Other/Not known (2005-10),Not at or within 20 metres of junction,,C4 PICASSO 7 VTR+,Petrol,Male,None,No tow/articulation,Did not leave carriageway,0,Going ahead other,1,Car,No,Front,2021
200801LX73913,A,2214,A,215,Serious,None,24-09-2020,Sunday,1,Auto traffic signal,Crossroads,18.60867858,Daylight,531990,174310,73.86619519,E01003074,1,3,0,5,Dry,Single carriageway,None,30,15:15:00,Urban,Fine no high winds,No,16 - 20,1,Urban area,4,1598,None,None,Other/Not known (2005-10),Approaching junction or waiting/parked at junction approach,,COOPER,Petrol,Male,None,No tow/articulation,Did not leave carriageway,0,Waiting to go - held up,1,Car,No,Front,2021
200934NE02909,B,645,B,663,Serious,None,29-12-2019,Tuesday,1,Give way or uncontrolled,T or staggered junction,19.18407884,Daylight,499150,269540,72.92153092,E01027035,1,2,0,0,Wet or damp,Single carriageway,None,30,13:20:00,Rural,Fine no high winds,No,16 - 20,1,Urban area,10,49,None,None,Other/Not known (2005-10),Mid Junction - on roundabout or on main road,,ARAGON 50,Petrol,Male,None,No tow/articulation,Did not leave carriageway,0,Going ahead other,1,Motorcycle 50cc and under,No,Front,2021
200842I399411,A,128,Unclassified,0,Serious,None,20-07-2019,Sunday,1,Auto traffic signal,Crossroads,19.20001888,Daylight,560000,193560,72.86871942,E01021435,1,2,0,5,Wet or damp,Single carriageway,None,30,15:04:00,Rural,Fine no high winds,No,16 - 20,1,Small town,8,1298,None,None,Other/Not known (2005-10),Mid Junction - on roundabout or on main road,,FJR 1300 A,Petrol,Male,None,No tow/articulation,Did not leave carriageway,0,Going ahead other,2,Motorcycle 125cc and under,No,Front,2021
200997BD02807,Unclassified,0,A,89,Serious,None,28-03-2020,Wednesday,1,Give way or uncontrolled,T or staggered junction,19.07132771,Daylight,267740,663920,72.91020981,,1,1,0,4,Dry,Single carriageway,None,30,12:40:00,Urban,Fine no high winds,Yes,16 - 20,1,Urban area,NA,1388,None,None,Commuting to/from work,Approaching junction or waiting/parked at junction approach,,FIESTA STYLE CLIMATE,Petrol,Male,None,No tow/articulation,Did not leave carriageway,0,Turning right,1,Car,No,Front,2021
200930A000162,A,6007,Unclassified,0,Serious,None,14-02-2020,Friday,1,Give way or uncontrolled,T or staggered junction,23.05984748,Daylight,442750,347200,72.74496716,E01019433,2,3,0,0,Dry,Single carriageway,None,30,14:58:00,Urban,Fine no high winds,No,16 - 20,1,Urban area,4,124,None,None,Other/Not known (2005-10),Approaching junction or waiting/parked at junction approach,,,Petrol,Male,None,No tow/articulation,Did not leave carriageway,0,Overtaking static vehicle - offside,1,Motorcycle 125cc and under,No,Front,2021
200801FH74050,A,4020,Unclassified,0,Serious,None,20-10-2021,Thursday,1,Give way or uncontrolled,T or staggered junction,20.70227836,Daylight,522740,180090,88.47847373,E01001942,1,2,0,8,Dry,Single carriageway,None,30,11:49:00,Urban,Fine no high winds,No,16 - 20,1,Urban area,5,125,None,None,Other/Not known (2005-10),Approaching junction or waiting/parked at junction approach,,PES 125,Petrol,Male,Skidded and overturned,No tow/articulation,Did not leave carriageway,0,Going ahead other,2,Motorcycle 125cc and under,No,Front,2021
2007400D02246,Unclassified,0,Unclassified,0,Serious,None,24-10-2019,Sunday,1,Give way or uncontrolled,Crossroads,26.73169496,Daylight,502430,221690,79.22152137,E01017592,1,2,0,0,Dry,Single carriageway,None,30,18:30:00,Urban,Fine no high winds,No,16 - 20,1,Urban area,4,125,None,None,Other/Not known (2005-10),Entering main road,,X-DIRT 125 MAX,Petrol,Male,None,No tow/articulation,Did not leave carriageway,0,Going ahead other,1,Motorcycle 125cc and under,No,Front,2021
200932B105509,B,1174,Unclassified,0,Serious,None,16-07-2020,Tuesday,1,Give way or uncontrolled,Other junction,14.76844712,Daylight,490200,337550,78.49005167,E01026324,1,2,0,0,Dry,Single carriageway,None,30,15:58:00,Urban,Fine no high winds,No,16 - 20,1,Rural,7,124,None,None,Journey as part of work,Approaching junction or waiting/parked at junction approach,,XT 125 X,Petrol,Male,None,No tow/articulation,Offside,0,Overtaking moving vehicle - offside,1,Motorcycle over 125cc and up to 500cc,No,Front,2019
200901KD50187,A,1306,Unclassified,0,Serious,None,22-11-2019,Friday,1,Give way or uncontrolled,Private drive or entrance,14.79800437,Daylight,551330,182710,78.57315562,E01002370,1,2,0,7,Dry,Dual carriageway,None,30,13:26:00,Urban,Fine no high winds,No,16 - 20,1,Urban area,1,599,None,None,Other/Not known (2005-10),Mid Junction - on roundabout or on main road,,ZX 600 P8F,Petrol,Male,None,No tow/articulation,Did not leave carriageway,2,Going ahead other,2,Motorcycle over 500cc,No,Front,2019
20094100D0757,A,4146,Unclassified,586,Serious,None,15-10-2019,Thursday,1,Give way or uncontrolled,T or staggered junction,14.77308449,Daylight,505350,206960,78.59328662,E01023398,1,2,0,0,Dry,Single carriageway,Road sign or marking defective or obscured,30,10:25:00,Urban,Fine no high winds,No,16 - 20,1,Urban area,5,599,None,None,Other/Not known (2005-10),Approaching junction or waiting/parked at junction approach,,ZX 600 P8F,Petrol,Male,Skidded,No tow/articulation,Did not leave carriageway,0,Overtaking moving vehicle - offside,2,Motorcycle over 125cc and up to 500cc,No,Nearside,2019
200920L055801,Unclassified,0,Unclassified,0,Serious,None,30-08-2020,Monday,1,Give way or uncontrolled,Private drive or entrance,14.78488789,Daylight,409060,278540,78.53775976,E01010218,1,2,0,0,Dry,Single carriageway,None,30,12:47:00,Urban,Fine no high winds,No,16 - 20,1,Urban area,10,1229,None,None,Commuting to/from work,Leaving main road,,CORSA CLUB A/C,Petrol,Male,None,No tow/articulation,Did not leave carriageway,0,Turning right,2,Car,No,Offside,2019
201043P152030,A,420,Unclassified,0,Serious,None,29-05-2019,Saturday,1,Give way or uncontrolled,T or staggered junction,27.09012695,Daylight,455310,207390,93.62322365,E01028516,1,2,0,4,Dry,Single carriageway,None,30,13:30:00,Urban,Fine no high winds,No,16 - 20,1,Urban area,6,49,None,None,Other/Not known (2005-10),Mid Junction - on roundabout or on main road,,FORMULA R 50,Petrol,Male,None,No tow/articulation,Did not leave carriageway,2,Overtaking static vehicle - offside,1,Motorcycle 50cc and under,No,Front,2019
200801ZD30474,A,235,Unclassified,0,Serious,None,02-02-2019,Saturday,1,Give way or uncontrolled,T or staggered junction,27.10624946,Daylight,532540,163670,93.62331813,E01001040,1,2,0,0,Dry,Single carriageway,None,30,20:00:00,Urban,Fine no high winds,No,16 - 20,1,Urban area,4,1242,None,None,Other/Not known (2005-10),Cleared junction or waiting/parked at junction exit,,PUNTO ACTIVE,Petrol,Male,None,No tow/articulation,Did not leave carriageway,0,Going ahead other,2,Car,No,Front,2019
2007557W05653,Unclassified,0,NA,0,Serious,None,09-12-2021,Tuesday,1,Not at junction or within 20 metres,Not at junction or within 20 metres,27.09534604,Daylight,367090,78870,93.61866787,E01020573,1,2,0,0,Wet or damp,Single carriageway,None,30,01:00:00,Urban,Fine no high winds,No,16 - 20,1,Urban area,5,49,Parked vehicle,None,Other/Not known (2005-10),Not at or within 20 metres of junction,,AGILITY,Petrol,Male,Skidded,No tow/articulation,Did not leave carriageway,0,Going ahead other,1,Motorcycle 50cc and under,No,Front,2019
2008400B01081,A,5141,Unclassified,0,Serious,None,14-08-2020,Friday,1,Stop sign,Crossroads,26.75312244,Daylight,503980,250590,94.19472404,E01017499,1,2,0,1,Dry,Single carriageway,None,30,18:37:00,Urban,Fine no high winds,No,16 - 20,1,Urban area,3,1360,None,Other permanent object,Other/Not known (2005-10),Mid Junction - on roundabout or on main road,,206 LOOK,Petrol,Male,None,No tow/articulation,Straight ahead at junction,0,Going ahead other,1,Car,No,Front,2019
200942I144105,B,194,Unclassified,0,Serious,None,18-05-2021,Saturday,1,Auto traffic signal,Crossroads,26.75580559,Daylight,539080,205990,94.22755248,E01021793,2,2,0,5,Dry,Single carriageway,None,30,20:44:00,Urban,Fine no high winds,No,16 - 20,1,Rural,7,1599,None,None,Other/Not known (2005-10),Mid Junction - on roundabout or on main road,,116I SE,Petrol,Male,None,No tow/articulation,Did not leave carriageway,0,Turning right,1,Car,No,Front,2019
201001KD50367,B,174,B,174,Serious,Any animal in carriageway (except ridden horse),06-07-2010,Tuesday,1,Give way or uncontrolled,T or staggered junction,51.588877,Daylight,550530,190020,0.171538,E01002338,1,1,0,0,Dry,Single carriageway,None,30,14:25:00,Urban,Fine no high winds,No,16 - 20,1,Urban area,7,125,None,None,Other/Not known (2005-10),Mid Junction - on roundabout or on main road,HONDA,CBR 125 RW-9,Petrol,Male,Skidded,No tow/articulation,Did not leave carriageway,0,Going ahead other,1,Motorcycle 125cc and under,No,Front,2010
201001MM70977,C,0,Unclassified,0,Serious,None,10-11-2010,Wednesday,1,Give way or uncontrolled,Roundabout,51.456834,Daylight,532760,174830,-0.090532,E01004070,1,2,0,8,Dry,Roundabout,None,30,09:19:00,Urban,Fine no high winds,No,16 - 20,1,Urban area,4,125,None,None,Journey as part of work,Mid Junction - on roundabout or on main road,HONDA,CBF 125 M-9,Petrol,Male,None,No tow/articulation,Did not leave carriageway,0,Going ahead other,2,Motorcycle 125cc and under,No,Nearside,2010
201001SX20817,Unclassified,0,Unclassified,0,Serious,None,01-08-2010,Sunday,1,Give way or uncontrolled,T or staggered junction,51.597823,Daylight,520400,190210,-0.26309,E01000128,1,2,0,0,Dry,Single carriageway,None,30,15:17:00,Urban,Fine no high winds,No,16 - 20,1,Urban area,6,996,None,None,Journey as part of work,Cleared junction or waiting/parked at junction exit,SUZUKI,ALTO SZ3,Petrol,Male,None,No tow/articulation,Did not leave carriageway,0,Going ahead other,1,Car,No,Nearside,2010
201001TA00033,B,150,Unclassified,0,Serious,None,05-04-2010,Monday,1,Give way or uncontrolled,T or staggered junction,51.575082,Daylight,531680,187960,-0.101167,E01002002,1,1,0,0,Dry,Single carriageway,None,30,19:15:00,Urban,Fine no high winds,No,16 - 20,1,Urban area,1,125,Kerb,Lamp post,Journey as part of work,Mid Junction - on roundabout or on main road,HONDA,ANF 125-7,Petrol,Male,Skidded,No tow/articulation,Nearside,0,Going ahead other,1,Motorcycle 125cc and under,No,Did not impact,2010
201004EM10023,Unclassified,0,NA,0,Serious,None,20-05-2010,Thursday,1,Data missing or out of range,Not at junction or within 20 metres,53.779022,Daylight,374580,431480,-2.387239,E01025048,1,3,0,0,Dry,Single carriageway,None,30,18:26:00,Urban,Fine no high winds,No,16 - 20,1,Urban area,5,124,None,None,Other/Not known (2005-10),Not at or within 20 metres of junction,YAMAHA,XT 125 X,Petrol,Male,None,No tow/articulation,Did not leave carriageway,0,Going ahead right-hand bend,2,Motorcycle 125cc and under,No,Did not impact,2010
201004FB10031,A,671,Unclassified,0,Serious,Pedestrian in carriageway - not injured,22-05-2010,Saturday,1,Auto traffic signal,Other junction,53.800899,Daylight,379440,433890,-2.31365,E01024885,1,1,0,5,Dry,Single carriageway,None,30,17:00:00,Urban,Fine no high winds,No,16 - 20,1,Urban area,2,125,None,None,Other/Not known (2005-10),Approaching junction or waiting/parked at junction approach,HONDA,CBF 125 M-9,Petrol,Male,None,No tow/articulation,Did not leave carriageway,0,Going ahead other,1,Motorcycle 125cc and under,No,Front,2010
201005EE03805,A,580,NA,0,Serious,None,15-06-2010,Tuesday,1,Data missing or out of range,Not at junction or within 20 metres,53.407692,Daylight,339940,390480,-2.904951,E01006566,1,3,0,0,Dry,Dual carriageway,None,30,17:00:00,Urban,Fine no high winds,No,16 - 20,1,Urban area,1,1242,None,None,Other/Not known (2005-10),Not at or within 20 metres of junction,FIAT,500 SPORT,Petrol,Male,None,No tow/articulation,Did not leave carriageway,0,Parked,2,Car,No,Back,2010