Accident_Index,1st_Road_Class,1st_Road_Number,2nd_Road_Class,2nd_Road_Number,Accident_Severity,Carriageway_Hazards,Date,Day_of_Week,Did_Police_Officer_Attend_Scene_of_Accident,Junction_Control,Junction_Detail,Latitude,Light_Conditions,Location_Easting_OSGR,Location_Northing_OSGR,Longitude,LSOA_of_Accident_Location,Number_of_Casualties,Number_of_Vehicles,Pedestrian_Crossing-Human_Control,Pedestrian_Crossing-Physical_Facilities,Road_Surface_Conditions,Road_Type,Special_Conditions_at_Site,Speed_limit,Time,Urban_or_Rural_Area,Weather_Conditions,InScotland,Age_Band_of_Driver,Age_of_Vehicle,Driver_Home_Area_Type,Driver_IMD_Decile,Engine_Capacity_.CC.,Hit_Object_in_Carriageway,Hit_Object_off_Carriageway,Journey_Purpose_of_Driver,Junction_Location,make,model,Propulsion_Code,Sex_of_Driver,Skidding_and_Overturning,Towing_and_Articulation,Vehicle_Leaving_Carriageway,Vehicle_Location.Restricted_Lane,Vehicle_Manoeuvre,Vehicle_Reference,Vehicle_Type,Was_Vehicle_Left_Hand_Drive,X1st_Point_of_Impact,Year
201042I277008,B,1051,NA,0,Slight,None,30-08-2010,Monday,1,Not at junction or within 20 metres,Not at junction or within 20 metres,51.919099,Daylight,554350,226890,0.242994,E01022062,1,1,0,0,Dry,Single carriageway,None,60,18:45:00,Rural,Fine no high winds,No,16 - 20,25,Data missing or out of range,NA,124,None,Road sign or traffic signal,Other/Not known (2005-10),Not at or within 20 metres of junction,HONDA,CG125BR,Petrol,Male,Skidded,No tow/articulation,Nearside,0,Going ahead right-hand bend,1,Motorcycle 125cc and under,No,Offside,2010
201032D032710,C,221,NA,0,Slight,None,03-02-2010,Wednesday,1,Data missing or out of range,Not at junction or within 20 metres,53.503819,Daylight,488530,401620,-0.666691,E01026402,1,1,0,0,Frost or ice,Single carriageway,None,30,08:52:00,Rural,Fine no high winds,No,16 - 20,25,Urban area,4,124,None,None,Journey as part of work,Not at or within 20 metres of junction,HONDA,,Petrol,Male,Skidded,No tow/articulation,Nearside,0,Going ahead right-hand bend,1,Motorcycle 125cc and under,No,Nearside,2010
201043R212100,A,4,NA,,Slight,None,09-01-2021,Saturday,2,Give way or uncontrolled,Private drive or entrance,22.06381066,Daylight,481800,178770,82.11134921,E01016677,1,2,0,0,Dry,Single carriageway,None,40,12:50:00,Rural,Fine no high winds,No,16 - 20,25,Small town,10,89,None,None,Other/Not known (2005-10),Entering main road,HONDA,C 90 E,Petrol,Female,None,No tow/articulation,Did not leave carriageway,0,Going ahead other,2,Motorcycle 125cc and under,No,Offside,2019
201043W175100,A,4,NA,,Slight,None,07-12-2021,Friday,1,Give way or uncontrolled,Private drive or entrance,23.08836854,Daylight,481730,178720,72.59742417,E01016677,1,2,0,0,Dry,Single carriageway,None,50,12:50:00,Rural,Fine no high winds,No,16 - 20,25,Small town,10,89,None,None,Pupil riding to/from school,Approaching junction or waiting/parked at junction approach,HONDA,C 90 E,Petrol,Female,None,No tow/articulation,Did not leave carriageway,0,Going ahead other,2,Motorcycle 125cc and under,No,Nearside,2019
201043R212100,A,4,NA,,Slight,None,23-10-2010,Saturday,2,Give way or uncontrolled,Private drive or entrance,51.501904,Daylight,481800,178770,-0.822893,E01016677,1,2,0,0,Dry,Single carriageway,None,40,12:50:00,Rural,Fine no high winds,No,16 - 20,25,Small town,10,89,None,None,Other/Not known (2005-10),Entering main road,HONDA,C 90 E,Petrol,Female,None,No tow/articulation,Did not leave carriageway,0,Going ahead other,2,Motorcycle 125cc and under,No,Offside,2010
201043W175100,A,4,NA,,Slight,None,22-10-2010,Friday,1,Give way or uncontrolled,Private drive or entrance,51.501465,Daylight,481730,178720,-0.823913,E01016677,1,2,0,0,Dry,Single carriageway,None,50,12:50:00,Rural,Fine no high winds,No,16 - 20,25,Small town,10,89,None,None,Pupil riding to/from school,Approaching junction or waiting/parked at junction approach,HONDA,C 90 E,Petrol,Female,None,No tow/articulation,Did not leave carriageway,0,Going ahead other,2,Motorcycle 125cc and under,No,Nearside,2010
201022D000435,A,449,Unclassified,0,Slight,None,22-01-2010,Friday,1,Give way or uncontrolled,T or staggered junction,52.381763,Daylight,383910,276000,-2.237826,E01032467,2,2,0,0,Wet or damp,Single carriageway,None,30,08:45:00,Urban,Raining no high winds,No,16 - 20,25,Urban area,6,1196,None,None,Other/Not known (2005-10),Approaching junction or waiting/parked at junction approach,VAUXHALL,NOVA,Petrol,Male,Skidded,No tow/articulation,Offside,0,Going ahead other,1,Car,No,Front,2010
201050JN2K014,Unclassified,0,NA,,Slight,None,18-07-2020,Tuesday,1,Give way or uncontrolled,Private drive or entrance,27.10210905,Darkness - lights lit,286920,74060,93.62001389,E01020254,1,2,0,0,Wet or damp,Single carriageway,None,30,23:05:00,Urban,Fine no high winds,No,16 - 20,24,Urban area,6,123,None,None,Other/Not known (2005-10),Approaching junction or waiting/parked at junction approach,VESPA (DOUGLAS),,Petrol,Male,None,No tow/articulation,Did not leave carriageway,0,Overtaking moving vehicle - offside,1,Motorcycle 125cc and under,No,Front,2019
201050JN2K014,Unclassified,0,NA,,Slight,None,13-07-2010,Tuesday,1,Give way or uncontrolled,Private drive or entrance,50.55526,Darkness - lights lit,286920,74060,-3.597718,E01020254,1,2,0,0,Wet or damp,Single carriageway,None,30,23:05:00,Urban,Fine no high winds,No,16 - 20,24,Urban area,6,123,None,None,Other/Not known (2005-10),Approaching junction or waiting/parked at junction approach,VESPA (DOUGLAS),,Petrol,Male,None,No tow/articulation,Did not leave carriageway,0,Overtaking moving vehicle - offside,1,Motorcycle 125cc and under,No,Front,2010
201045RE49397,A,24,Unclassified,0,Slight,None,18-04-2020,Monday,1,Give way or uncontrolled,T or staggered junction,19.05765729,Darkness - lights lit,517090,150070,72.90822602,E01030533,3,2,0,4,Dry,Dual carriageway,None,40,21:34:00,Urban,Unknown,No,16 - 20,24,Urban area,10,1043,None,None,Other/Not known (2005-10),Mid Junction - on roundabout or on main road,VOLKSWAGEN,POLO C,Petrol,Male,None,No tow/articulation,Did not leave carriageway,0,Going ahead other,1,Car,No,Offside,2021
201045RE49397,A,24,Unclassified,0,Slight,None,08-03-2010,Monday,1,Give way or uncontrolled,T or staggered junction,51.237747,Darkness - lights lit,517090,150070,-0.324106,E01030533,3,2,0,4,Dry,Dual carriageway,None,40,21:34:00,Urban,Unknown,No,16 - 20,24,Urban area,10,1043,None,None,Other/Not known (2005-10),Mid Junction - on roundabout or on main road,VOLKSWAGEN,POLO C,Petrol,Male,None,No tow/articulation,Did not leave carriageway,0,Going ahead other,1,Car,No,Offside,2010
20104100G0257,C,1,C,1,Slight,None,19-05-2021,Friday,1,Give way or uncontrolled,T or staggered junction,14.78595575,Daylight,534030,236610,78.56052044,E01023598,1,1,0,0,Dry,Single carriageway,None,30,17:44:00,Rural,Fine no high winds,No,16 - 20,24,Rural,8,2495,None,Other permanent object,Other/Not known (2005-10),Mid Junction - on roundabout or on main road,LAND ROVER,LR 90 4C REG,Heavy oil,Male,Overturned,No tow/articulation,Nearside and rebounded,0,Turning left,1,Car,No,Front,2019
201042I186306,B,1389,NA,0,Slight,None,08-10-2019,Thursday,2,Not at junction or within 20 metres,Not at junction or within 20 metres,28.43158701,Daylight,581340,213570,77.00989221,E01021423,1,4,0,0,Dry,Single carriageway,None,30,07:45:00,Urban,Fine no high winds,No,16 - 20,24,Urban area,3,124,None,None,Journey as part of work,Not at or within 20 metres of junction,HONDA,CG125BR,Petrol,Male,None,No tow/articulation,Did not leave carriageway,0,Overtaking static vehicle - offside,1,Motorcycle 125cc and under,No,Front,2019
20104100G0257,C,1,C,1,Slight,None,21-05-2010,Friday,1,Give way or uncontrolled,T or staggered junction,52.011699,Daylight,534030,236610,-0.04849,E01023598,1,1,0,0,Dry,Single carriageway,None,30,17:44:00,Rural,Fine no high winds,No,16 - 20,24,Rural,8,2495,None,Other permanent object,Other/Not known (2005-10),Mid Junction - on roundabout or on main road,LAND ROVER,LR 90 4C REG,Heavy oil,Male,Overturned,No tow/articulation,Nearside and rebounded,0,Turning left,1,Car,No,Front,2010
201042I186306,B,1389,NA,0,Slight,None,10-06-2010,Thursday,2,Not at junction or within 20 metres,Not at junction or within 20 metres,51.791336,Daylight,581340,213570,0.628061,E01021423,1,4,0,0,Dry,Single carriageway,None,30,07:45:00,Urban,Fine no high winds,No,16 - 20,24,Urban area,3,124,None,None,Journey as part of work,Not at or within 20 metres of junction,HONDA,CG125BR,Petrol,Male,None,No tow/articulation,Did not leave carriageway,0,Overtaking static vehicle - offside,1,Motorcycle 125cc and under,No,Front,2010
201020H003820,A,452,NA,0,Slight,None,18-05-2010,Tuesday,1,Data missing or out of range,Not at junction or within 20 metres,52.634234,Daylight,405860,304060,-1.914857,E01010251,1,2,0,0,Dry,Single carriageway,None,30,18:25:00,Urban,Fine no high winds,No,16 - 20,24,Urban area,4,397,None,None,Other/Not known (2005-10),Not at or within 20 metres of junction,YAMAHA,,Petrol,Male,None,No tow/articulation,Did not leave carriageway,0,Going ahead other,2,Motorcycle over 125cc and up to 500cc,No,Front,2010
201020M008100,B,4109,Unclassified,0,Slight,None,30-08-2010,Monday,1,Auto traffic signal,T or staggered junction,52.426584,Daylight,434600,281080,-1.492588,E01009571,1,2,0,5,Dry,Single carriageway,None,30,16:45:00,Urban,Fine no high winds,No,16 - 20,24,Urban area,1,1043,None,None,Other/Not known (2005-10),Mid Junction - on roundabout or on main road,VOLKSWAGEN,POLO C,Petrol,Male,None,No tow/articulation,Did not leave carriageway,0,Going ahead other,2,Car,No,Front,2010
201005DD06042,Unclassified,0,Unclassified,0,Slight,None,23-10-2010,Saturday,2,Auto traffic signal,Crossroads,53.452436,Daylight,350120,395340,-2.752601,E01006880,1,2,0,0,Wet or damp,Single carriageway,None,30,17:50:00,Urban,Fine no high winds,No,16 - 20,24,Urban area,6,1295,None,None,Other/Not known (2005-10),Approaching junction or waiting/parked at junction approach,TOYOTA,COROLLA GL,Petrol,Female,None,No tow/articulation,Did not leave carriageway,0,Waiting to turn right,2,Car,No,Front,2010
201001PY20509,C,0,NA,0,Slight,None,28-08-2010,Saturday,1,Data missing or out of range,Not at junction or within 20 metres,51.34876,Darkness - no lighting,542630,163070,0.046711,E01000747,1,1,0,0,Dry,Single carriageway,None,30,19:40:00,Rural,Fine no high winds,No,21 - 25,24,Urban area,8,1766,None,Other permanent object,Other/Not known (2005-10),Not at or within 20 metres of junction,BMW,318I AUTO,Petrol,Male,Overturned,No tow/articulation,Nearside and rebounded,0,Overtaking - nearside,1,Car,No,Nearside,2010
201001PY20509,C,0,NA,0,Slight,None,28-08-2010,Saturday,1,Data missing or out of range,Not at junction or within 20 metres,51.34876,Darkness - no lighting,542630,163070,0.046711,E01000747,1,1,0,0,Dry,Single carriageway,None,30,19:40:00,Rural,Fine no high winds,No,21 - 25,24,Urban area,8,1766,None,Other permanent object,Other/Not known (2005-10),Not at or within 20 metres of junction,BMW,318I AUTO,Petrol,Male,Overturned,No tow/articulation,Nearside and rebounded,0,Overtaking - nearside,1,Car,No,Nearside,2010
20104100D0291,A,4251,Unclassified,1983,Slight,None,07-10-2020,Wednesday,1,Give way or uncontrolled,T or staggered junction,18.52192315,Daylight,507390,202180,73.7337906,E01023406,1,3,0,0,Dry,Single carriageway,None,30,07:50:00,Rural,Fine no high winds,No,21 - 25,24,Small town,8,125,None,None,Journey as part of work,Mid Junction - on roundabout or on main road,HONDA,,Petrol,Male,Skidded,No tow/articulation,Did not leave carriageway,0,Overtaking static vehicle - offside,2,Motorcycle 125cc and under,No,Front,2021
20104100D0291,A,4251,Unclassified,1983,Slight,None,21-04-2010,Wednesday,1,Give way or uncontrolled,T or staggered junction,51.70804,Daylight,507390,202180,-0.447176,E01023406,1,3,0,0,Dry,Single carriageway,None,30,07:50:00,Rural,Fine no high winds,No,21 - 25,24,Small town,8,125,None,None,Journey as part of work,Mid Junction - on roundabout or on main road,HONDA,,Petrol,Male,Skidded,No tow/articulation,Did not leave carriageway,0,Overtaking static vehicle - offside,2,Motorcycle 125cc and under,No,Front,2010
201030D000824,B,6540,Unclassified,0,Slight,None,02-09-2010,Thursday,1,Give way or uncontrolled,T or staggered junction,52.886783,Darkness - lights lit,448290,332390,-1.283769,E01019705,1,2,0,0,Dry,Single carriageway,None,30,02:20:00,Urban,Fine no high winds,No,16 - 20,23,Urban area,5,1595,None,None,Other/Not known (2005-10),Entering main road,VOLKSWAGEN,GOLF CL 4+E,Petrol,Male,None,No tow/articulation,Did not leave carriageway,0,Turning left,2,Car,No,Offside,2010
20103102B2709,C,205,Unclassified,0,Slight,None,04-11-2010,Thursday,1,Give way or uncontrolled,T or staggered junction,53.30376,Daylight,458960,378900,-1.11669,E01028068,1,1,0,0,Wet or damp,Single carriageway,None,30,09:17:00,Urban,Fine + high winds,No,16 - 20,23,Urban area,2,98,None,None,Other/Not known (2005-10),Leaving main road,YAMAHA,,Petrol,Male,Skidded,No tow/articulation,Did not leave carriageway,0,Turning left,1,Motorcycle 125cc and under,No,Nearside,2010
201042I073203,A,12,B,1137,Slight,None,07-02-2019,Tuesday,1,Give way or uncontrolled,Other junction,23.02668997,Daylight,578120,211420,72.56477747,E01021396,2,2,0,0,Dry,Dual carriageway,None,60,23:10:00,Rural,Fine no high winds,No,16 - 20,23,Rural,6,769,None,None,Other/Not known (2005-10),Mid Junction - on roundabout or on main road,FIAT,PANDA 750 L,Petrol,Male,Skidded,No tow/articulation,Did not leave carriageway,0,Going ahead other,2,Car,No,Front,2019
201043S139030,C,144,Unclassified,1085,Slight,None,30-09-2019,Saturday,1,Give way or uncontrolled,T or staggered junction,26.45861843,Daylight,482360,238210,74.59213849,E01016815,1,3,0,0,Wet or damp,Single carriageway,None,30,09:45:00,Urban,Fine no high winds,No,16 - 20,23,Urban area,8,398,None,None,Other/Not known (2005-10),Approaching junction or waiting/parked at junction approach,KAWASAKI,,Petrol,Male,None,No tow/articulation,Did not leave carriageway,0,Going ahead other,1,Motorcycle over 125cc and up to 500cc,No,Front,2020
20104100B0459,Unclassified,64,Unclassified,756,Slight,None,21-11-2021,Saturday,1,Give way or uncontrolled,Roundabout,18.59499049,Daylight,522000,207480,73.958829,E01023935,1,2,0,0,Wet or damp,Roundabout,None,30,16:45:00,Urban,Fine no high winds,No,16 - 20,23,Urban area,2,79,None,None,Other/Not known (2005-10),Entering roundabout,YAMAHA,,Petrol,Male,Skidded,No tow/articulation,Did not leave carriageway,0,Going ahead other,2,Motorcycle 50cc and under,No,Nearside,2021
201001JI40359,A,12,NA,0,Slight,None,17-06-2010,Thursday,1,Data missing or out of range,Not at junction or within 20 metres,51.582176,Daylight,546980,189170,0.119975,E01003640,1,2,0,0,Dry,Dual carriageway,None,50,14:00:00,Urban,Fine no high winds,No,16 - 20,23,Small town,5,1117,None,None,Other/Not known (2005-10),Not at or within 20 metres of junction,FORD,FIESTA L,Petrol,Male,None,No tow/articulation,Did not leave carriageway,0,Changing lane to left,1,Car,No,Back,2010
20104100B0459,Unclassified,64,Unclassified,756,Slight,None,14-08-2010,Saturday,1,Give way or uncontrolled,Roundabout,51.752687,Daylight,522000,207480,-0.233973,E01023935,1,2,0,0,Wet or damp,Roundabout,None,30,16:45:00,Urban,Fine no high winds,No,16 - 20,23,Urban area,2,79,None,None,Other/Not known (2005-10),Entering roundabout,YAMAHA,,Petrol,Male,Skidded,No tow/articulation,Did not leave carriageway,0,Going ahead other,2,Motorcycle 50cc and under,No,Nearside,2010
201042I073203,A,12,B,1137,Slight,None,09-03-2010,Tuesday,1,Give way or uncontrolled,Other junction,51.773058,Daylight,578120,211420,0.580319,E01021396,2,2,0,0,Dry,Dual carriageway,None,60,23:10:00,Rural,Fine no high winds,No,16 - 20,23,Rural,6,769,None,None,Other/Not known (2005-10),Mid Junction - on roundabout or on main road,FIAT,PANDA 750 L,Petrol,Male,Skidded,No tow/articulation,Did not leave carriageway,0,Going ahead other,2,Car,No,Front,2010
201043S139030,C,144,Unclassified,1085,Slight,None,27-03-2010,Saturday,1,Give way or uncontrolled,T or staggered junction,52.036146,Daylight,482360,238210,-0.800748,E01016815,1,3,0,0,Wet or damp,Single carriageway,None,30,09:45:00,Urban,Fine no high winds,No,16 - 20,23,Urban area,8,398,None,None,Other/Not known (2005-10),Approaching junction or waiting/parked at junction approach,KAWASAKI,,Petrol,Male,None,No tow/articulation,Did not leave carriageway,0,Going ahead other,1,Motorcycle over 125cc and up to 500cc,No,Front,2010
201001JI40359,A,12,NA,0,Slight,None,17-06-2010,Thursday,1,Data missing or out of range,Not at junction or within 20 metres,51.582176,Daylight,546980,189170,0.119975,E01003640,1,2,0,0,Dry,Dual carriageway,None,50,14:00:00,Urban,Fine no high winds,No,16 - 20,23,Small town,5,1117,None,None,Other/Not known (2005-10),Not at or within 20 metres of junction,FORD,FIESTA L,Petrol,Male,None,No tow/articulation,Did not leave carriageway,0,Changing lane to left,1,Car,No,Back,2010
201001WW50242,C,0,Unclassified,0,Slight,None,07-04-2010,Wednesday,1,Give way or uncontrolled,T or staggered junction,51.442427,Daylight,524570,173020,-0.208988,E01004632,1,3,0,0,Dry,Single carriageway,None,30,09:51:00,Urban,Fine no high winds,No,16 - 20,23,Small town,8,123,None,None,Other/Not known (2005-10),Approaching junction or waiting/parked at junction approach,VESPA (DOUGLAS),,Petrol,Male,None,No tow/articulation,Did not leave carriageway,0,Going ahead other,2,Motorcycle 125cc and under,No,Front,2010
201022F004941,Unclassified,0,NA,0,Slight,None,03-10-2010,Sunday,2,Data missing or out of range,Not at junction or within 20 metres,52.898283,Daylight,340220,333800,-2.89014,E01028872,1,2,0,0,Wet or damp,Single carriageway,None,60,16:00:00,Rural,Other,No,16 - 20,23,Rural,7,348,None,None,Other/Not known (2005-10),Not at or within 20 metres of junction,HONDA,CB 350 S-G,Petrol,Male,Skidded,No tow/articulation,Did not leave carriageway,0,Going ahead other,1,Motorcycle over 125cc and up to 500cc,No,Front,2010
201045RE52610,C,69,Unclassified,388,Slight,None,15-10-2021,Wednesday,1,Give way or uncontrolled,T or staggered junction,27.86575321,Daylight,530990,152640,87.20709487,E01030815,1,2,0,0,Dry,Single carriageway,None,30,07:55:00,Rural,Fine no high winds,No,21 - 25,23,Rural,6,2494,None,None,Other/Not known (2005-10),Approaching junction or waiting/parked at junction approach,BMW,325I CABRIOLET,Petrol,Male,Skidded,No tow/articulation,Did not leave carriageway,0,Turning right,1,Car,No,Nearside,2021
201042I168705,Unclassified,0,NA,0,Slight,None,11-06-2021,Saturday,1,Not at junction or within 20 metres,Not at junction or within 20 metres,27.08847065,Daylight,590820,188530,93.6288661,E01021917,1,4,0,0,Dry,Single carriageway,None,60,13:25:00,Rural,Fine no high winds,No,21 - 25,23,Urban area,3,1000,None,Road sign or traffic signal,Other/Not known (2005-10),Not at or within 20 metres of junction,YAMAHA,,Petrol,Male,None,No tow/articulation,Did not leave carriageway,0,Going ahead left-hand bend,1,Motorcycle over 125cc and up to 500cc,No,Front,2019
201042I168705,Unclassified,0,NA,0,Slight,None,22-05-2010,Saturday,1,Not at junction or within 20 metres,Not at junction or within 20 metres,51.563302,Daylight,590820,188530,0.751683,E01021917,1,4,0,0,Dry,Single carriageway,None,60,13:25:00,Rural,Fine no high winds,No,21 - 25,23,Urban area,3,1000,None,Road sign or traffic signal,Other/Not known (2005-10),Not at or within 20 metres of junction,YAMAHA,,Petrol,Male,None,No tow/articulation,Did not leave carriageway,0,Going ahead left-hand bend,1,Motorcycle over 125cc and up to 500cc,No,Front,2010
201045RE52610,C,69,Unclassified,388,Slight,None,21-07-2010,Wednesday,1,Give way or uncontrolled,T or staggered junction,51.257824,Daylight,530990,152640,-0.124159,E01030815,1,2,0,0,Dry,Single carriageway,None,30,07:55:00,Rural,Fine no high winds,No,21 - 25,23,Rural,6,2494,None,None,Other/Not known (2005-10),Approaching junction or waiting/parked at junction approach,BMW,325I CABRIOLET,Petrol,Male,Skidded,No tow/articulation,Did not leave carriageway,0,Turning right,1,Car,No,Nearside,2010
2010550D36201,B,3073,Unclassified,0,Slight,None,15-08-2010,Sunday,1,Give way or uncontrolled,Private drive or entrance,50.781447,Daylight,408650,98000,-1.878691,E01020400,1,2,0,0,Dry,Single carriageway,None,40,17:14:00,Urban,Fine no high winds,No,21 - 25,23,Urban area,4,957,None,None,Other/Not known (2005-10),Approaching junction or waiting/parked at junction approach,FORD,FIESTA POPULAR,Petrol,Male,None,No tow/articulation,Did not leave carriageway,0,Going ahead other,2,Car,No,Front,2010
201001QK50691,B,4565,Unclassified,0,Slight,None,12-10-2010,Tuesday,1,Give way or uncontrolled,Private drive or entrance,51.555359,Darkness - lights lit,518910,185450,-0.286203,E01000616,1,2,0,0,Dry,Single carriageway,None,30,19:25:00,Urban,Fine no high winds,No,16 - 20,22,Data missing or out of range,NA,1993,None,None,Other/Not known (2005-10),Mid Junction - on roundabout or on main road,FORD,GRANADA GLI,Petrol,Male,None,No tow/articulation,Did not leave carriageway,0,Turning right,1,Car,No,Nearside,2010
201001QK50691,B,4565,Unclassified,0,Slight,None,12-10-2010,Tuesday,1,Give way or uncontrolled,Private drive or entrance,51.555359,Darkness - lights lit,518910,185450,-0.286203,E01000616,1,2,0,0,Dry,Single carriageway,None,30,19:25:00,Urban,Fine no high winds,No,16 - 20,22,Data missing or out of range,NA,1993,None,None,Other/Not known (2005-10),Mid Junction - on roundabout or on main road,FORD,GRANADA GLI,Petrol,Male,None,No tow/articulation,Did not leave carriageway,0,Turning right,1,Car,No,Nearside,2010
201011ND03770,A,181,Unclassified,0,Slight,None,09-02-2010,Tuesday,2,Give way or uncontrolled,T or staggered junction,54.777123,Darkness - lights lit,429260,542560,-1.546628,E01020724,1,2,0,0,Wet or damp,Single carriageway,None,30,17:30:00,Urban,Fine no high winds,No,16 - 20,22,Small town,4,957,None,None,Other/Not known (2005-10),Approaching junction or waiting/parked at junction approach,FORD,FIESTA POPULAR +,Petrol,Male,None,No tow/articulation,Did not leave carriageway,0,Going ahead other,1,Car,No,Front,2010
201043P217110,A,4142,Unclassified,0,Slight,None,22-08-2020,Thursday,1,Auto traffic signal,T or staggered junction,27.09395803,Darkness - lights lit,455490,204570,93.62833908,E01028557,1,2,0,5,Wet or damp,Dual carriageway,None,50,18:50:00,Urban,Fine no high winds,No,16 - 20,22,Urban area,4,124,None,None,Other/Not known (2005-10),Approaching junction or waiting/parked at junction approach,SUZUKI,,Petrol,Female,None,No tow/articulation,Did not leave carriageway,0,Going ahead other,2,Motorcycle 125cc and under,No,Back,2019
201043P217110,A,4142,Unclassified,0,Slight,None,18-11-2010,Thursday,1,Auto traffic signal,T or staggered junction,51.737053,Darkness - lights lit,455490,204570,-1.19782,E01028557,1,2,0,5,Wet or damp,Dual carriageway,None,50,18:50:00,Urban,Fine no high winds,No,16 - 20,22,Urban area,4,124,None,None,Other/Not known (2005-10),Approaching junction or waiting/parked at junction approach,SUZUKI,,Petrol,Female,None,No tow/articulation,Did not leave carriageway,0,Going ahead other,2,Motorcycle 125cc and under,No,Back,2010
201043P098060,B,480,Unclassified,0,Slight,None,01-02-2019,Saturday,1,Stop sign,T or staggered junction,14.79590786,Darkness - no lighting,457710,201410,78.56501288,E01028641,1,2,0,0,Dry,Single carriageway,None,50,22:08:00,Rural,Fine no high winds,No,16 - 20,22,Rural,8,2495,None,None,Other/Not known (2005-10),Entering main road,LAND ROVER,LR 90 4C REG,Heavy oil,Male,None,No tow/articulation,Did not leave carriageway,0,Turning left,1,Car,No,Back,2019
201043P098060,B,480,Unclassified,0,Slight,None,05-06-2010,Saturday,1,Stop sign,T or staggered junction,51.708419,Darkness - no lighting,457710,201410,-1.166197,E01028641,1,2,0,0,Dry,Single carriageway,None,50,22:08:00,Rural,Fine no high winds,No,16 - 20,22,Rural,8,2495,None,None,Other/Not known (2005-10),Entering main road,LAND ROVER,LR 90 4C REG,Heavy oil,Male,None,No tow/articulation,Did not leave carriageway,0,Turning left,1,Car,No,Back,2010
201014K210510,A,6187,A,6187,Slight,None,05-08-2010,Thursday,1,Give way or uncontrolled,T or staggered junction,53.318231,Darkness - no lighting,426640,380220,-1.601566,E01007956,4,2,0,0,Dry,Single carriageway,None,60,22:20:00,Rural,Fine no high winds,No,16 - 20,22,Rural,6,1117,None,None,Other/Not known (2005-10),Approaching junction or waiting/parked at junction approach,FORD,FIESTA L,Petrol,Male,None,No tow/articulation,Did not leave carriageway,0,Going ahead other,2,Car,No,Front,2010
201022C003629,A,449,NA,0,Slight,None,17-07-2010,Saturday,1,Data missing or out of range,Not at junction or within 20 metres,52.151605,Darkness - no lighting,380990,250410,-2.279276,E01032205,1,1,0,0,Dry,Single carriageway,None,60,23:00:00,Rural,Fine no high winds,No,16 - 20,22,Urban area,3,124,None,None,Other/Not known (2005-10),Not at or within 20 metres of junction,YAMAHA,,Petrol,Male,None,No tow/articulation,Did not leave carriageway,0,Going ahead other,1,Motorcycle 125cc and under,No,Nearside,2010
201043S086100,A,509,NA,0,Slight,None,21-08-2021,Monday,1,Data missing or out of range,Not at junction or within 20 metres,22.9666805,Daylight,488820,248690,72.63416492,E01016801,2,4,0,0,Dry,Single carriageway,None,30,15:30:00,Rural,Fine no high winds,No,16 - 20,22,Rural,9,399,None,None,Commuting to/from work,Not at or within 20 metres of junction,HONDA,,Petrol,Male,None,No tow/articulation,Nearside,0,Overtaking moving vehicle - offside,2,Motorcycle over 125cc and up to 500cc,No,Front,2019
201050EC2G004,Unclassified,0,Unclassified,0,Slight,None,26-08-2020,Tuesday,1,Give way or uncontrolled,T or staggered junction,19.05867182,Daylight,248300,56020,72.84918854,E01015100,1,2,0,4,Dry,Dual carriageway,None,30,07:52:00,Urban,Fine no high winds,No,16 - 20,22,Urban area,6,49,None,None,Commuting to/from work,Approaching junction or waiting/parked at junction approach,YAMAHA,,Petrol,Male,None,No tow/articulation,Did not leave carriageway,0,Going ahead other,2,Motorcycle 50cc and under,No,Front,2021
201042I067203,B,1053,NA,0,Slight,None,21-06-2019,Friday,1,Not at junction or within 20 metres,Not at junction or within 20 metres,19.14726599,Daylight,556070,238250,72.8338418,E01022057,1,1,0,0,Frost or ice,Single carriageway,None,60,09:57:00,Rural,Fine no high winds,No,16 - 20,22,Data missing or out of range,NA,2495,None,Other permanent object,Other/Not known (2005-10),Not at or within 20 metres of junction,LAND ROVER,LR 90 4C SW,Heavy oil,Male,Overturned,No tow/articulation,Did not leave carriageway,0,Going ahead right-hand bend,1,Car,No,Front,2021
201042I067203,B,1053,NA,0,Slight,None,05-03-2010,Friday,1,Not at junction or within 20 metres,Not at junction or within 20 metres,52.020677,Daylight,556070,238250,0.273144,E01022057,1,1,0,0,Frost or ice,Single carriageway,None,60,09:57:00,Rural,Fine no high winds,No,16 - 20,22,Data missing or out of range,NA,2495,None,Other permanent object,Other/Not known (2005-10),Not at or within 20 metres of junction,LAND ROVER,LR 90 4C SW,Heavy oil,Male,Overturned,No tow/articulation,Did not leave carriageway,0,Going ahead right-hand bend,1,Car,No,Front,2010
201043S086100,A,509,NA,0,Slight,None,18-10-2010,Monday,1,Data missing or out of range,Not at junction or within 20 metres,52.129349,Daylight,488820,248690,-0.70387,E01016801,2,4,0,0,Dry,Single carriageway,None,30,15:30:00,Rural,Fine no high winds,No,16 - 20,22,Rural,9,399,None,None,Commuting to/from work,Not at or within 20 metres of junction,HONDA,,Petrol,Male,None,No tow/articulation,Nearside,0,Overtaking moving vehicle - offside,2,Motorcycle over 125cc and up to 500cc,No,Front,2010