Accident_Index,1st_Road_Class,1st_Road_Number,2nd_Road_Class,2nd_Road_Number,Accident_Severity,Carriageway_Hazards,Date,Day_of_Week,Did_Police_Officer_Attend_Scene_of_Accident,Junction_Control,Junction_Detail,Latitude,Light_Conditions,Location_Easting_OSGR,Location_Northing_OSGR,Longitude,LSOA_of_Accident_Location,Number_of_Casualties,Number_of_Vehicles,Pedestrian_Crossing-Human_Control,Pedestrian_Crossing-Physical_Facilities,Road_Surface_Conditions,Road_Type,Special_Conditions_at_Site,Speed_limit,Time,Urban_or_Rural_Area,Weather_Conditions,InScotland,Age_Band_of_Driver,Age_of_Vehicle,Driver_Home_Area_Type,Driver_IMD_Decile,Engine_Capacity_.CC.,Hit_Object_in_Carriageway,Hit_Object_off_Carriageway,Journey_Purpose_of_Driver,Junction_Location,make,model,Propulsion_Code,Sex_of_Driver,Skidding_and_Overturning,Towing_and_Articulation,Vehicle_Leaving_Carriageway,Vehicle_Location.Restricted_Lane,Vehicle_Manoeuvre,Vehicle_Reference,Vehicle_Type,Was_Vehicle_Left_Hand_Drive,X1st_Point_of_Impact,Year
201050EC2G004,Unclassified,0,Unclassified,0,Slight,None,09-02-2010,Tuesday,1,Give way or uncontrolled,T or staggered junction,50.384382,Daylight,248300,56020,-4.135242,E01015100,1,2,0,4,Dry,Dual carriageway,None,30,07:52:00,Urban,Fine no high winds,No,16 - 20,22,Urban area,6,49,None,None,Commuting to/from work,Approaching junction or waiting/parked at junction approach,YAMAHA,,Petrol,Male,None,No tow/articulation,Did not leave carriageway,0,Going ahead other,2,Motorcycle 50cc and under,No,Front,2010
201014C059610,Unclassified,0,NA,0,Slight,None,15-05-2010,Saturday,1,Not at junction or within 20 metres,Not at junction or within 20 metres,53.433669,Daylight,443800,393190,-1.342192,E01007767,1,2,0,0,Dry,Single carriageway,None,30,15:57:00,Urban,Fine no high winds,No,16 - 20,22,Urban area,6,1796,None,None,Other/Not known (2005-10),Not at or within 20 metres of junction,NISSAN,BLUEBIRD GS,Petrol,Female,None,No tow/articulation,Did not leave carriageway,0,Going ahead other,2,Car,No,Front,2010
201045RE49116,Unclassified,1217,NA,0,Slight,None,25-05-2021,Tuesday,1,Data missing or out of range,Not at junction or within 20 metres,18.5054497,Daylight,526100,150400,73.94307505,E01030621,2,2,0,0,Wet or damp,Single carriageway,None,30,16:27:00,Urban,Other,No,16 - 20,22,Urban area,9,2494,None,None,Other/Not known (2005-10),Not at or within 20 metres of junction,LAND ROVER,90 4C SW DT DIESEL,Heavy oil,Male,None,No tow/articulation,Did not leave carriageway,0,Going ahead other,2,Car,No,Front,2021
201045RE49116,Unclassified,1217,NA,0,Slight,None,23-02-2010,Tuesday,1,Data missing or out of range,Not at junction or within 20 metres,51.238794,Daylight,526100,150400,-0.194989,E01030621,2,2,0,0,Wet or damp,Single carriageway,None,30,16:27:00,Urban,Other,No,16 - 20,22,Urban area,9,2494,None,None,Other/Not known (2005-10),Not at or within 20 metres of junction,LAND ROVER,90 4C SW DT DIESEL,Heavy oil,Male,None,No tow/articulation,Did not leave carriageway,0,Going ahead other,2,Car,No,Front,2010
2010160B03491,A,161,Motorway,180,Slight,None,19-09-2010,Sunday,1,Give way or uncontrolled,T or staggered junction,53.570133,Daylight,478370,408820,-0.818036,E01013242,1,3,0,0,Wet or damp,Single carriageway,None,60,15:30:00,Rural,Raining no high winds,No,16 - 20,22,Urban area,4,998,None,None,Other/Not known (2005-10),Approaching junction or waiting/parked at junction approach,AUSTIN,MINI 1000 CITY E,Petrol,Male,None,No tow/articulation,Did not leave carriageway,0,Going ahead other,1,Car,No,Front,2010
201045RU50239,B,3121,A,318,Slight,None,25-10-2020,Sunday,1,Auto traffic signal,Crossroads,28.65948286,Darkness - lights lit,505000,164590,77.117172,E01030649,2,2,0,0,Dry,Single carriageway,None,30,23:38:00,Urban,Fine no high winds,No,21 - 25,22,Data missing or out of range,NA,2316,None,None,Other/Not known (2005-10),Mid Junction - on roundabout or on main road,VOLVO,240 GLT,Petrol,Male,None,No tow/articulation,Did not leave carriageway,0,Turning right,1,Car,No,Offside,2020
201045RU50239,B,3121,A,318,Slight,None,04-04-2010,Sunday,1,Auto traffic signal,Crossroads,51.370616,Darkness - lights lit,505000,164590,-0.492956,E01030649,2,2,0,0,Dry,Single carriageway,None,30,23:38:00,Urban,Fine no high winds,No,21 - 25,22,Data missing or out of range,NA,2316,None,None,Other/Not known (2005-10),Mid Junction - on roundabout or on main road,VOLVO,240 GLT,Petrol,Male,None,No tow/articulation,Did not leave carriageway,0,Turning right,1,Car,No,Offside,2010
201045TA52777,B,2028,B,2037,Slight,None,02-03-2021,Friday,2,Give way or uncontrolled,Roundabout,22.10778978,Daylight,533630,140090,82.16891443,E01030823,1,2,0,0,Dry,Roundabout,None,30,07:17:00,Rural,Fine no high winds,No,21 - 25,22,Urban area,6,1998,None,None,Commuting to/from work,Mid Junction - on roundabout or on main road,TOYOTA,CELICA GT,Petrol,Male,None,No tow/articulation,Did not leave carriageway,0,Going ahead other,1,Car,No,Back,2019
201001FH10339,A,219,Unclassified,0,Slight,None,27-07-2010,Tuesday,1,Give way or uncontrolled,T or staggered junction,51.482872,Daylight,523740,177500,-0.219357,E01001887,2,2,0,0,Dry,Single carriageway,None,30,18:35:00,Urban,Fine no high winds,No,21 - 25,22,Urban area,10,648,None,None,Other/Not known (2005-10),Mid Junction - on roundabout or on main road,HONDA,,Petrol,Male,None,No tow/articulation,Did not leave carriageway,0,Turning right,1,Motorcycle over 500cc,No,Front,2010
201045TA52777,B,2028,B,2037,Slight,None,30-07-2010,Friday,2,Give way or uncontrolled,Roundabout,51.144424,Daylight,533630,140090,-0.091017,E01030823,1,2,0,0,Dry,Roundabout,None,30,07:17:00,Rural,Fine no high winds,No,21 - 25,22,Urban area,6,1998,None,None,Commuting to/from work,Mid Junction - on roundabout or on main road,TOYOTA,CELICA GT,Petrol,Male,None,No tow/articulation,Did not leave carriageway,0,Going ahead other,1,Car,No,Back,2010
201001FH10339,A,219,Unclassified,0,Slight,None,27-07-2010,Tuesday,1,Give way or uncontrolled,T or staggered junction,51.482872,Daylight,523740,177500,-0.219357,E01001887,2,2,0,0,Dry,Single carriageway,None,30,18:35:00,Urban,Fine no high winds,No,21 - 25,22,Urban area,10,648,None,None,Other/Not known (2005-10),Mid Junction - on roundabout or on main road,HONDA,,Petrol,Male,None,No tow/articulation,Did not leave carriageway,0,Turning right,1,Motorcycle over 500cc,No,Front,2010
201004AL10177,A,583,NA,0,Slight,None,11-10-2010,Monday,1,Data missing or out of range,Not at junction or within 20 metres,53.774704,Daylight,344520,431260,-2.843329,E01025014,3,3,0,0,Dry,Single carriageway,None,50,08:30:00,Rural,Fine no high winds,No,21 - 25,22,Small town,7,2494,None,None,Commuting to/from work,Not at or within 20 metres of junction,BMW,325I,Petrol,Male,None,No tow/articulation,Did not leave carriageway,0,Going ahead other,2,Car,No,Back,2010
201004AM10181,B,5261,Unclassified,0,Slight,None,21-10-2010,Thursday,1,Give way or uncontrolled,T or staggered junction,53.791233,Daylight,332320,433260,-3.02886,E01012729,2,2,0,0,Dry,Single carriageway,None,30,10:02:00,Urban,Fine no high winds,No,21 - 25,22,Urban area,6,1597,None,None,Other/Not known (2005-10),Mid Junction - on roundabout or on main road,FORD,ESCORT RS TURBO,Petrol,Male,None,No tow/articulation,Did not leave carriageway,0,Changing lane to right,2,Car,No,Front,2010
201005AA02595,A,551,Unclassified,0,Slight,None,08-04-2010,Thursday,1,Give way or uncontrolled,Roundabout,53.419535,Daylight,329610,391940,-3.060644,E01007312,1,2,0,0,Dry,Roundabout,None,30,13:50:00,Urban,Fine no high winds,No,21 - 25,22,Urban area,2,1580,None,None,Commuting to/from work,Mid Junction - on roundabout or on main road,PEUGEOT,205 GTI,Petrol,Male,None,No tow/articulation,Did not leave carriageway,0,Turning right,2,Car,No,Front,2010
201004CJ10097,Unclassified,0,Unclassified,0,Slight,None,22-10-2010,Friday,1,Give way or uncontrolled,T or staggered junction,53.555553,Darkness - lights lit,348540,406830,-2.77828,E01025481,1,2,0,0,Wet or damp,Single carriageway,None,30,18:20:00,Urban,Fine no high winds,No,16 - 20,21,Urban area,2,124,None,None,Other/Not known (2005-10),Mid Junction - on roundabout or on main road,YAMAHA,,Petrol,Male,None,No tow/articulation,Did not leave carriageway,0,Going ahead other,2,Motorcycle 125cc and under,No,Front,2010
201004CK10166,Unclassified,0,Unclassified,0,Slight,None,04-09-2010,Saturday,1,Give way or uncontrolled,T or staggered junction,53.588487,Darkness - lights lit,346250,410520,-2.813481,E01025506,1,2,0,0,Dry,Single carriageway,None,60,19:42:00,Rural,Fine no high winds,No,16 - 20,21,Urban area,2,123,None,None,Other/Not known (2005-10),Mid Junction - on roundabout or on main road,YAMAHA,,Petrol,Male,None,No tow/articulation,Did not leave carriageway,0,Going ahead left-hand bend,1,Motorcycle 125cc and under,No,Front,2010
201006G031998,A,635,A,6017,Slight,None,29-05-2010,Saturday,1,Auto traffic signal,Crossroads,53.484423,Darkness - lights lit,393210,398640,-2.103798,E01005952,5,2,0,5,Wet or damp,Single carriageway,None,40,23:20:00,Urban,Raining no high winds,No,16 - 20,21,Urban area,2,998,None,None,Other/Not known (2005-10),Mid Junction - on roundabout or on main road,AUSTIN,MINI THIRTY,Petrol,Male,None,No tow/articulation,Did not leave carriageway,0,Going ahead other,2,Car,No,Nearside,2010
201020K014830,Unclassified,0,Unclassified,0,Slight,None,03-11-2010,Wednesday,2,Give way or uncontrolled,T or staggered junction,52.47144,Darkness - lights lit,396150,285950,-2.058117,E01009933,1,2,0,0,Dry,Single carriageway,None,30,21:10:00,Urban,Unknown,No,16 - 20,21,Urban area,6,123,None,None,Other/Not known (2005-10),Mid Junction - on roundabout or on main road,VESPA (DOUGLAS),,Petrol,Male,None,No tow/articulation,Did not leave carriageway,0,Going ahead other,2,Motorcycle 125cc and under,No,Offside,2010
201050GR2C015,B,3285,C,101,Slight,None,03-05-2020,Saturday,1,Give way or uncontrolled,T or staggered junction,23.02474518,Darkness - no lighting,173860,50560,72.62381694,E01018852,3,2,0,0,Dry,Single carriageway,None,60,23:50:00,Rural,Fine no high winds,No,16 - 20,21,Rural,4,1297,None,None,Other/Not known (2005-10),Mid Junction - on roundabout or on main road,FORD,ESCORT BONUS,Petrol,Male,None,No tow/articulation,Did not leave carriageway,0,Going ahead left-hand bend,1,Car,No,Front,2019
201050GR2C015,B,3285,C,101,Slight,None,18-09-2010,Saturday,1,Give way or uncontrolled,T or staggered junction,50.311441,Darkness - no lighting,173860,50560,-5.177633,E01018852,3,2,0,0,Dry,Single carriageway,None,60,23:50:00,Rural,Fine no high winds,No,16 - 20,21,Rural,4,1297,None,None,Other/Not known (2005-10),Mid Junction - on roundabout or on main road,FORD,ESCORT BONUS,Petrol,Male,None,No tow/articulation,Did not leave carriageway,0,Going ahead left-hand bend,1,Car,No,Front,2010
201050EL2E005,Unclassified,0,Unclassified,0,Slight,None,27-01-2021,Friday,1,Give way or uncontrolled,T or staggered junction,22.06907566,Daylight,249520,58290,82.17024263,E01015065,1,2,0,0,Wet or damp,Single carriageway,None,30,08:11:00,Urban,Fine no high winds,No,16 - 20,21,Data missing or out of range,NA,124,None,None,Other/Not known (2005-10),Approaching junction or waiting/parked at junction approach,YAMAHA,,Petrol,Male,None,No tow/articulation,Did not leave carriageway,0,Going ahead other,2,Motorcycle over 125cc and up to 500cc,No,Front,2019
201042I373811,Unclassified,0,NA,0,Slight,None,01-12-2020,Tuesday,1,Not at junction or within 20 metres,Not at junction or within 20 metres,15.21340031,Daylight,569060,206010,74.04949007,E01021630,1,3,0,0,Dry,Single carriageway,None,30,16:30:00,Urban,Fine no high winds,No,16 - 20,21,Small town,9,97,None,None,Other/Not known (2005-10),Not at or within 20 metres of junction,YAMAHA,,Petrol,Male,None,No tow/articulation,Did not leave carriageway,0,Overtaking static vehicle - offside,2,Motorcycle 125cc and under,No,Front,2019
201037G029062,Unclassified,3125,Unclassified,3125,Slight,None,23-04-2019,Sunday,1,Give way or uncontrolled,T or staggered junction,23.0574969,Daylight,629690,233770,72.63743224,E01030163,3,3,0,0,Dry,Single carriageway,None,30,17:13:00,Urban,Fine no high winds,No,16 - 20,21,Urban area,3,85,None,None,Other/Not known (2005-10),Approaching junction or waiting/parked at junction approach,HONDA,C90,Petrol,Male,Skidded,No tow/articulation,Did not leave carriageway,0,Going ahead other,3,Motorcycle 50cc and under,No,Front,2019
201045GU51360,Unclassified,52,Unclassified,0,Slight,None,04-02-2019,Monday,1,Give way or uncontrolled,T or staggered junction,28.4313034,Daylight,499000,154030,77.048282,E01030501,2,3,0,0,Dry,Single carriageway,None,60,09:05:00,Rural,Fine no high winds,No,16 - 20,21,Urban area,8,1196,None,None,Other/Not known (2005-10),Approaching junction or waiting/parked at junction approach,VAUXHALL,NOVA L,Petrol,Male,None,No tow/articulation,Did not leave carriageway,0,Going ahead other,3,Car,No,Front,2019
201042I079303,B,1256,NA,0,Slight,None,25-06-2019,Tuesday,1,Not at junction or within 20 metres,Not at junction or within 20 metres,12.9715457,Daylight,554490,221260,77.52401328,E01022090,2,3,0,0,Dry,Single carriageway,None,30,08:20:00,Rural,Fine no high winds,No,16 - 20,21,Rural,8,954,None,None,Taking pupil to/from school,Not at or within 20 metres of junction,CITROEN,AX 10E SPLASH,Petrol,Male,Skidded,No tow/articulation,Did not leave carriageway,0,Going ahead other,1,Car,No,Front,2020
201050KT2Q003,Unclassified,0,NA,0,Slight,None,19-04-2020,Saturday,1,Not at junction or within 20 metres,Not at junction or within 20 metres,8.865684011,Daylight,291100,117570,76.63961178,E01020049,1,2,0,0,Dry,Single carriageway,None,30,08:43:00,Rural,Fine no high winds,No,16 - 20,21,Rural,8,1360,None,None,Commuting to/from work,Not at or within 20 metres of junction,PEUGEOT,205 GR,Petrol,Male,Skidded,No tow/articulation,Did not leave carriageway,0,Going ahead right-hand bend,1,Car,No,Front,2020
201045MO47753,B,2032,NA,0,Slight,None,28-09-2021,Monday,1,Data missing or out of range,Not at junction or within 20 metres,18.49698548,Daylight,521120,151860,73.86376825,E01030527,3,3,0,0,Dry,Single carriageway,None,40,13:53:00,Rural,Fine no high winds,No,16 - 20,21,Small town,6,1580,None,None,Other/Not known (2005-10),Not at or within 20 metres of junction,PEUGEOT,205 GTI,Petrol,Male,None,No tow/articulation,Did not leave carriageway,0,Going ahead left-hand bend,3,Car,No,Front,2021
201045EP50213,A,2022,Unclassified,0,Slight,None,14-06-2021,Thursday,1,Give way or uncontrolled,Private drive or entrance,19.15501691,Daylight,521570,160970,72.90594002,E01030382,1,3,0,0,Dry,Single carriageway,None,30,08:45:00,Urban,Fine no high winds,No,16 - 20,21,Urban area,10,400,None,None,Other/Not known (2005-10),Approaching junction or waiting/parked at junction approach,HONDA,,Petrol,Male,None,No tow/articulation,Did not leave carriageway,0,Waiting to go - held up,1,Motorcycle over 125cc and up to 500cc,No,Front,2021
201037G029062,Unclassified,3125,Unclassified,3125,Slight,None,28-03-2010,Sunday,1,Give way or uncontrolled,T or staggered junction,51.954903,Daylight,629690,233770,1.341429,E01030163,3,3,0,0,Dry,Single carriageway,None,30,17:13:00,Urban,Fine no high winds,No,16 - 20,21,Urban area,3,85,None,None,Other/Not known (2005-10),Approaching junction or waiting/parked at junction approach,HONDA,C90,Petrol,Male,Skidded,No tow/articulation,Did not leave carriageway,0,Going ahead other,3,Motorcycle 50cc and under,No,Front,2010
201042I079303,B,1256,NA,0,Slight,None,16-03-2010,Tuesday,1,Not at junction or within 20 metres,Not at junction or within 20 metres,51.86848,Daylight,554490,221260,0.242508,E01022090,2,3,0,0,Dry,Single carriageway,None,30,08:20:00,Rural,Fine no high winds,No,16 - 20,21,Rural,8,954,None,None,Taking pupil to/from school,Not at or within 20 metres of junction,CITROEN,AX 10E SPLASH,Petrol,Male,Skidded,No tow/articulation,Did not leave carriageway,0,Going ahead other,1,Car,No,Front,2010
201042I373811,Unclassified,0,NA,0,Slight,None,09-11-2010,Tuesday,1,Not at junction or within 20 metres,Not at junction or within 20 metres,51.727268,Daylight,569060,206010,0.446504,E01021630,1,3,0,0,Dry,Single carriageway,None,30,16:30:00,Urban,Fine no high winds,No,16 - 20,21,Small town,9,97,None,None,Other/Not known (2005-10),Not at or within 20 metres of junction,YAMAHA,,Petrol,Male,None,No tow/articulation,Did not leave carriageway,0,Overtaking static vehicle - offside,2,Motorcycle 125cc and under,No,Front,2010
201045EP50213,A,2022,Unclassified,0,Slight,None,01-04-2010,Thursday,1,Give way or uncontrolled,Private drive or entrance,51.334778,Daylight,521570,160970,-0.256255,E01030382,1,3,0,0,Dry,Single carriageway,None,30,08:45:00,Urban,Fine no high winds,No,16 - 20,21,Urban area,10,400,None,None,Other/Not known (2005-10),Approaching junction or waiting/parked at junction approach,HONDA,,Petrol,Male,None,No tow/articulation,Did not leave carriageway,0,Waiting to go - held up,1,Motorcycle over 125cc and up to 500cc,No,Front,2010
201045GU51360,Unclassified,52,Unclassified,0,Slight,None,14-06-2010,Monday,1,Give way or uncontrolled,T or staggered junction,51.276767,Daylight,499000,154030,-0.582055,E01030501,2,3,0,0,Dry,Single carriageway,None,60,09:05:00,Rural,Fine no high winds,No,16 - 20,21,Urban area,8,1196,None,None,Other/Not known (2005-10),Approaching junction or waiting/parked at junction approach,VAUXHALL,NOVA L,Petrol,Male,None,No tow/articulation,Did not leave carriageway,0,Going ahead other,3,Car,No,Front,2010
201045MO47753,B,2032,NA,0,Slight,None,04-01-2010,Monday,1,Data missing or out of range,Not at junction or within 20 metres,51.252994,Daylight,521120,151860,-0.2658,E01030527,3,3,0,0,Dry,Single carriageway,None,40,13:53:00,Rural,Fine no high winds,No,16 - 20,21,Small town,6,1580,None,None,Other/Not known (2005-10),Not at or within 20 metres of junction,PEUGEOT,205 GTI,Petrol,Male,None,No tow/articulation,Did not leave carriageway,0,Going ahead left-hand bend,3,Car,No,Front,2010
201050EL2E005,Unclassified,0,Unclassified,0,Slight,None,26-02-2010,Friday,1,Give way or uncontrolled,T or staggered junction,50.405097,Daylight,249520,58290,-4.119003,E01015065,1,2,0,0,Wet or damp,Single carriageway,None,30,08:11:00,Urban,Fine no high winds,No,16 - 20,21,Data missing or out of range,NA,124,None,None,Other/Not known (2005-10),Approaching junction or waiting/parked at junction approach,YAMAHA,,Petrol,Male,None,No tow/articulation,Did not leave carriageway,0,Going ahead other,2,Motorcycle over 125cc and up to 500cc,No,Front,2010
201050KT2Q003,Unclassified,0,NA,0,Slight,None,24-07-2010,Saturday,1,Not at junction or within 20 metres,Not at junction or within 20 metres,50.947189,Daylight,291100,117570,-3.551612,E01020049,1,2,0,0,Dry,Single carriageway,None,30,08:43:00,Rural,Fine no high winds,No,16 - 20,21,Rural,8,1360,None,None,Commuting to/from work,Not at or within 20 metres of junction,PEUGEOT,205 GR,Petrol,Male,Skidded,No tow/articulation,Did not leave carriageway,0,Going ahead right-hand bend,1,Car,No,Front,2010
201011ND26710,A,688,Unclassified,0,Slight,None,18-10-2010,Monday,2,Give way or uncontrolled,Private drive or entrance,54.705566,Daylight,428110,534590,-1.565274,E01020696,2,2,0,0,Dry,Single carriageway,None,60,14:15:00,Rural,Fine no high winds,No,16 - 20,21,Small town,3,399,None,None,Journey as part of work,Mid Junction - on roundabout or on main road,SUZUKI,,Petrol,Male,None,No tow/articulation,Did not leave carriageway,0,Going ahead other,2,Motorcycle over 125cc and up to 500cc,No,Nearside,2010
201030C000586,A,38,NA,0,Slight,None,02-09-2010,Thursday,1,Data missing or out of range,Not at junction or within 20 metres,53.09254,Daylight,442950,355230,-1.360099,E01019518,2,2,0,0,Dry,Dual carriageway,None,70,14:10:00,Rural,Fine no high winds,No,16 - 20,21,Rural,8,998,None,None,Other/Not known (2005-10),Not at or within 20 metres of junction,AUSTIN,MINI RACING FLAME,Petrol,Male,None,No tow/articulation,Did not leave carriageway,0,Going ahead other,2,Car,No,Front,2010
20103102B2760,Unclassified,0,NA,0,Slight,None,03-09-2010,Friday,1,Data missing or out of range,Not at junction or within 20 metres,53.060101,Daylight,479730,352090,-0.81175,E01028320,1,2,0,0,Dry,Single carriageway,None,30,17:25:00,Urban,Fine no high winds,No,16 - 20,21,Urban area,7,998,None,None,Other/Not known (2005-10),Not at or within 20 metres of junction,ROVER,METRO CLUBMAN,Petrol,Male,None,No tow/articulation,Did not leave carriageway,0,Overtaking static vehicle - offside,1,Car,No,Front,2010
201032C230910,Unclassified,0,Unclassified,0,Slight,None,14-08-2010,Saturday,1,Give way or uncontrolled,T or staggered junction,53.367681,Daylight,532760,387500,-0.006146,E01026086,2,3,0,0,Dry,One way street,None,30,19:03:00,Urban,Fine no high winds,No,16 - 20,21,Urban area,3,1997,Parked vehicle,Road sign or traffic signal,Other/Not known (2005-10),Approaching junction or waiting/parked at junction approach,MERCEDES,190E AUTO,Petrol,Male,Skidded,No tow/articulation,Did not leave carriageway,0,Going ahead left-hand bend,1,Car,No,Front,2010
201034WS28270,A,508,NA,0,Slight,None,11-10-2019,Wednesday,1,Data missing or out of range,Not at junction or within 20 metres,28.6021425,Daylight,475480,252110,77.32620747,E01027279,1,2,0,0,Dry,Single carriageway,None,30,08:10:00,Rural,Fine no high winds,No,16 - 20,21,Data missing or out of range,NA,998,None,None,Commuting to/from work,Not at or within 20 metres of junction,AUSTIN,MINI RACING FLAME,Petrol,Female,None,No tow/articulation,Did not leave carriageway,0,Going ahead right-hand bend,2,Car,No,Front,2021
201034WS28270,A,508,NA,0,Slight,None,14-07-2010,Wednesday,1,Data missing or out of range,Not at junction or within 20 metres,52.162072,Daylight,475480,252110,-0.897951,E01027279,1,2,0,0,Dry,Single carriageway,None,30,08:10:00,Rural,Fine no high winds,No,16 - 20,21,Data missing or out of range,NA,998,None,None,Commuting to/from work,Not at or within 20 metres of junction,AUSTIN,MINI RACING FLAME,Petrol,Female,None,No tow/articulation,Did not leave carriageway,0,Going ahead right-hand bend,2,Car,No,Front,2010
201022C003387,A,38,Unclassified,0,Slight,None,05-07-2010,Monday,1,Give way or uncontrolled,T or staggered junction,52.203953,Daylight,384590,256220,-2.226925,E01032280,2,3,0,0,Dry,Single carriageway,None,30,13:29:00,Urban,Fine no high winds,No,16 - 20,21,Urban area,8,998,None,None,Other/Not known (2005-10),Mid Junction - on roundabout or on main road,ROVER,MINI THIRTY,Petrol,Female,None,No tow/articulation,Did not leave carriageway,0,Slowing or stopping,2,Car,No,Back,2010
201001YR90531,C,0,Unclassified,0,Slight,None,04-08-2010,Wednesday,1,Give way or uncontrolled,T or staggered junction,51.58523,Daylight,530160,189050,-0.122685,E01002015,1,2,0,0,Wet or damp,Single carriageway,None,30,13:38:00,Urban,Other,No,16 - 20,21,Urban area,6,400,None,None,Other/Not known (2005-10),Mid Junction - on roundabout or on main road,HONDA,,Petrol,Male,None,No tow/articulation,Did not leave carriageway,0,Going ahead other,1,Motorcycle over 125cc and up to 500cc,No,Front,2010
201050FT2M024,Unclassified,0,NA,0,Slight,None,09-07-2020,Tuesday,1,Not at junction or within 20 metres,Not at junction or within 20 metres,28.6217727,Daylight,290450,66080,77.29670114,E01015258,1,2,0,0,Wet or damp,Single carriageway,None,30,07:45:00,Urban,Raining no high winds,No,16 - 20,21,Urban area,3,124,Parked vehicle,None,Commuting to/from work,Not at or within 20 metres of junction,KAWASAKI,,Petrol,Male,Skidded,No tow/articulation,Did not leave carriageway,0,Going ahead right-hand bend,1,Motorcycle 125cc and under,No,Front,2020
201050FT2M024,Unclassified,0,NA,0,Slight,None,21-09-2010,Tuesday,1,Not at junction or within 20 metres,Not at junction or within 20 metres,50.484193,Daylight,290450,66080,-3.54556,E01015258,1,2,0,0,Wet or damp,Single carriageway,None,30,07:45:00,Urban,Raining no high winds,No,16 - 20,21,Urban area,3,124,Parked vehicle,None,Commuting to/from work,Not at or within 20 metres of junction,KAWASAKI,,Petrol,Male,Skidded,No tow/articulation,Did not leave carriageway,0,Going ahead right-hand bend,1,Motorcycle 125cc and under,No,Front,2010
20104100F0626,A,414,A,414,Slight,None,06-03-2019,Wednesday,1,Give way or uncontrolled,Roundabout,18.61675606,Darkness - lights lit,514470,205070,73.84747879,E01023739,1,2,0,0,Dry,Roundabout,None,60,21:29:00,Rural,Fine no high winds,No,21 - 25,21,Urban area,4,1781,None,None,Other/Not known (2005-10),Leaving roundabout,VOLKSWAGEN,GOLF GTI 16V,Petrol,Male,None,No tow/articulation,Did not leave carriageway,0,Going ahead other,1,Car,No,Front,2021
201001SX20261,A,406,NA,0,Slight,Previous accident,09-03-2010,Tuesday,1,Data missing or out of range,Not at junction or within 20 metres,51.59307,Darkness - lights lit,525710,189810,-0.186609,E01000210,4,4,0,0,Dry,Dual carriageway,None,50,18:23:00,Urban,Fine no high winds,No,21 - 25,21,Urban area,4,1596,None,None,Commuting to/from work,Not at or within 20 metres of junction,BMW,316I,Petrol,Male,None,No tow/articulation,Did not leave carriageway,0,Parked,2,Car,No,Back,2010
20104100F0626,A,414,A,414,Slight,None,01-09-2010,Wednesday,1,Give way or uncontrolled,Roundabout,51.732615,Darkness - lights lit,514470,205070,-0.343804,E01023739,1,2,0,0,Dry,Roundabout,None,60,21:29:00,Rural,Fine no high winds,No,21 - 25,21,Urban area,4,1781,None,None,Other/Not known (2005-10),Leaving roundabout,VOLKSWAGEN,GOLF GTI 16V,Petrol,Male,None,No tow/articulation,Did not leave carriageway,0,Going ahead other,1,Car,No,Front,2010
201001SX20261,A,406,NA,0,Slight,Previous accident,09-03-2010,Tuesday,1,Data missing or out of range,Not at junction or within 20 metres,51.59307,Darkness - lights lit,525710,189810,-0.186609,E01000210,4,4,0,0,Dry,Dual carriageway,None,50,18:23:00,Urban,Fine no high winds,No,21 - 25,21,Urban area,4,1596,None,None,Commuting to/from work,Not at or within 20 metres of junction,BMW,316I,Petrol,Male,None,No tow/articulation,Did not leave carriageway,0,Parked,2,Car,No,Back,2010
201004AM10049,Unclassified,0,Unclassified,0,Slight,None,13-04-2010,Tuesday,1,Give way or uncontrolled,T or staggered junction,53.799677,Darkness - lights lit,333690,434180,-3.008265,E01012688,1,2,0,0,Dry,Single carriageway,None,30,23:00:00,Urban,Fine no high winds,No,21 - 25,21,Urban area,8,79,None,None,Commuting to/from work,Approaching junction or waiting/parked at junction approach,YAMAHA,,Petrol,Male,None,No tow/articulation,Did not leave carriageway,0,Going ahead other,2,Motorcycle 125cc and under,No,Front,2010
201001ZD39100,C,0,Unclassified,0,Slight,None,01-10-2010,Friday,1,Give way or uncontrolled,T or staggered junction,51.404085,Darkness - lights lit,531590,168930,-0.109553,E01000994,2,3,0,0,Wet or damp,Single carriageway,None,30,21:18:00,Urban,Raining no high winds,No,21 - 25,21,Urban area,6,1796,None,None,Other/Not known (2005-10),Mid Junction - on roundabout or on main road,BMW,318I,Petrol,Male,None,No tow/articulation,Did not leave carriageway,0,Going ahead other,2,Car,No,Front,2010
201043S100120,A,5,A,5,Slight,None,16-10-2020,Friday,1,Give way or uncontrolled,Slip road,22.10156564,Darkness - no lighting,486930,235560,82.11337251,E01016712,3,1,0,0,Frost or ice,Dual carriageway,None,70,06:15:00,Rural,Fine no high winds,No,21 - 25,21,Urban area,2,1796,None,None,Other/Not known (2005-10),Entering from slip road,BMW,318I TOURING,Petrol,Male,Overturned,No tow/articulation,Did not leave carriageway,0,Going ahead other,1,Car,No,Front,2019