Accident_Index,1st_Road_Class,1st_Road_Number,2nd_Road_Class,2nd_Road_Number,Accident_Severity,Carriageway_Hazards,Date,Day_of_Week,Did_Police_Officer_Attend_Scene_of_Accident,Junction_Control,Junction_Detail,Latitude,Light_Conditions,Location_Easting_OSGR,Location_Northing_OSGR,Longitude,LSOA_of_Accident_Location,Number_of_Casualties,Number_of_Vehicles,Pedestrian_Crossing-Human_Control,Pedestrian_Crossing-Physical_Facilities,Road_Surface_Conditions,Road_Type,Special_Conditions_at_Site,Speed_limit,Time,Urban_or_Rural_Area,Weather_Conditions,InScotland,Age_Band_of_Driver,Age_of_Vehicle,Driver_Home_Area_Type,Driver_IMD_Decile,Engine_Capacity_.CC.,Hit_Object_in_Carriageway,Hit_Object_off_Carriageway,Journey_Purpose_of_Driver,Junction_Location,make,model,Propulsion_Code,Sex_of_Driver,Skidding_and_Overturning,Towing_and_Articulation,Vehicle_Leaving_Carriageway,Vehicle_Location.Restricted_Lane,Vehicle_Manoeuvre,Vehicle_Reference,Vehicle_Type,Was_Vehicle_Left_Hand_Drive,X1st_Point_of_Impact,Year
201043S100120,A,5,A,5,Slight,None,17-12-2010,Friday,1,Give way or uncontrolled,Slip road,52.011629,Darkness - no lighting,486930,235560,-0.734814,E01016712,3,1,0,0,Frost or ice,Dual carriageway,None,70,06:15:00,Rural,Fine no high winds,No,21 - 25,21,Urban area,2,1796,None,None,Other/Not known (2005-10),Entering from slip road,BMW,318I TOURING,Petrol,Male,Overturned,No tow/articulation,Did not leave carriageway,0,Going ahead other,1,Car,No,Front,2010
201050JK2M001,A,381,Unclassified,0,Slight,None,05-11-2021,Sunday,1,Give way or uncontrolled,T or staggered junction,19.15053708,Darkness - no lighting,278020,52530,72.86640497,E01020142,1,2,0,4,Wet or damp,Single carriageway,None,30,19:20:00,Rural,Other,No,21 - 25,21,Small town,9,1580,None,None,Other/Not known (2005-10),Mid Junction - on roundabout or on main road,PEUGEOT,205 GTI,Petrol,Female,None,No tow/articulation,Did not leave carriageway,0,Turning right,1,Car,No,Nearside,2021
201050JK2M001,A,381,Unclassified,0,Slight,None,07-02-2010,Sunday,1,Give way or uncontrolled,T or staggered junction,50.359931,Darkness - no lighting,278020,52530,-3.716281,E01020142,1,2,0,4,Wet or damp,Single carriageway,None,30,19:20:00,Rural,Other,No,21 - 25,21,Small town,9,1580,None,None,Other/Not known (2005-10),Mid Junction - on roundabout or on main road,PEUGEOT,205 GTI,Petrol,Female,None,No tow/articulation,Did not leave carriageway,0,Turning right,1,Car,No,Nearside,2010
201043N207030,Unclassified,408,NA,0,Slight,None,04-07-2020,Thursday,1,Data missing or out of range,Not at junction or within 20 metres,8.88524714,Daylight,499150,197930,76.69552528,E01017775,3,2,0,0,Dry,Single carriageway,None,30,13:43:00,Urban,Fine no high winds,No,21 - 25,21,Data missing or out of range,NA,1043,None,None,Other/Not known (2005-10),Not at or within 20 metres of junction,VOLKSWAGEN,POLO C,Petrol,Male,Skidded,No tow/articulation,Did not leave carriageway,0,Going ahead other,1,Car,No,Front,2020
20104100D0362,C,76,Unclassified,1910,Slight,None,21-04-2021,Monday,1,Give way or uncontrolled,T or staggered junction,28.59267631,Daylight,507140,204430,77.31733279,E01023414,2,2,0,0,Dry,Single carriageway,None,30,16:15:00,Urban,Fine no high winds,No,21 - 25,21,Data missing or out of range,NA,599,None,None,Other/Not known (2005-10),Mid Junction - on roundabout or on main road,HONDA,CBR600F-J,Petrol,Male,None,No tow/articulation,Did not leave carriageway,0,Going ahead other,2,Motorcycle over 500cc,No,Front,2020
201045GU50881,B,3000,Unclassified,5409,Slight,None,25-06-2020,Friday,1,Give way or uncontrolled,T or staggered junction,19.18995533,Daylight,497970,146070,72.8896193,E01030478,1,1,0,0,Dry,Single carriageway,None,40,10:28:00,Rural,Fine no high winds,No,21 - 25,21,Urban area,10,1397,None,None,Commuting to/from work,Entering main road,RENAULT,5 AUTO,Petrol,Male,None,No tow/articulation,Nearside,0,Turning right,1,Car,No,Did not impact,2021
20104100D0362,C,76,Unclassified,1910,Slight,None,17-05-2010,Monday,1,Give way or uncontrolled,T or staggered junction,51.72831,Daylight,507140,204430,-0.450101,E01023414,2,2,0,0,Dry,Single carriageway,None,30,16:15:00,Urban,Fine no high winds,No,21 - 25,21,Data missing or out of range,NA,599,None,None,Other/Not known (2005-10),Mid Junction - on roundabout or on main road,HONDA,CBR600F-J,Petrol,Male,None,No tow/articulation,Did not leave carriageway,0,Going ahead other,2,Motorcycle over 500cc,No,Front,2010
201043N207030,Unclassified,408,NA,0,Slight,None,25-03-2010,Thursday,1,Data missing or out of range,Not at junction or within 20 metres,51.671354,Daylight,499150,197930,-0.567597,E01017775,3,2,0,0,Dry,Single carriageway,None,30,13:43:00,Urban,Fine no high winds,No,21 - 25,21,Data missing or out of range,NA,1043,None,None,Other/Not known (2005-10),Not at or within 20 metres of junction,VOLKSWAGEN,POLO C,Petrol,Male,Skidded,No tow/articulation,Did not leave carriageway,0,Going ahead other,1,Car,No,Front,2010
201045GU50881,B,3000,Unclassified,5409,Slight,None,30-04-2010,Friday,1,Give way or uncontrolled,T or staggered junction,51.20539,Daylight,497970,146070,-0.598992,E01030478,1,1,0,0,Dry,Single carriageway,None,40,10:28:00,Rural,Fine no high winds,No,21 - 25,21,Urban area,10,1397,None,None,Commuting to/from work,Entering main road,RENAULT,5 AUTO,Petrol,Male,None,No tow/articulation,Nearside,0,Turning right,1,Car,No,Did not impact,2010
2010550D44342,A,31,Unclassified,0,Slight,None,09-10-2010,Saturday,1,Give way or uncontrolled,Private drive or entrance,50.817847,Daylight,409990,102050,-1.859574,E01020405,1,2,0,0,Dry,Dual carriageway,None,70,08:05:00,Rural,Fine no high winds,No,21 - 25,21,Urban area,5,599,None,None,Commuting to/from work,Approaching junction or waiting/parked at junction approach,HONDA,CBR600F-K,Petrol,Male,None,No tow/articulation,Did not leave carriageway,0,Going ahead right-hand bend,1,Motorcycle over 500cc,No,Front,2010
201001WW50600,A,217,Unclassified,0,Slight,None,29-07-2010,Thursday,1,Give way or uncontrolled,T or staggered junction,51.436059,Daylight,526140,172350,-0.186648,E01004492,1,2,0,0,Dry,Single carriageway,None,30,17:35:00,Urban,Fine no high winds,No,21 - 25,21,Urban area,2,1002,None,None,Other/Not known (2005-10),Approaching junction or waiting/parked at junction approach,YAMAHA,,Petrol,Male,None,No tow/articulation,Did not leave carriageway,0,Overtaking static vehicle - offside,2,Motorcycle 125cc and under,No,Front,2010
201037B044440,A,134,Unclassified,0,Slight,None,20-09-2020,Saturday,1,Give way or uncontrolled,Private drive or entrance,13.00342908,Darkness - lights lit,588430,242240,77.60525937,E01029913,1,2,0,0,Dry,Single carriageway,None,40,21:45:00,Urban,Fine no high winds,No,16 - 20,20,Urban area,8,954,None,None,Other/Not known (2005-10),Mid Junction - on roundabout or on main road,PEUGEOT,205 XE,Petrol,Male,None,No tow/articulation,Did not leave carriageway,0,Turning right,1,Car,No,Front,2020
201037B044440,A,134,Unclassified,0,Slight,None,27-02-2010,Saturday,1,Give way or uncontrolled,Private drive or entrance,52.046472,Darkness - lights lit,588430,242240,0.746421,E01029913,1,2,0,0,Dry,Single carriageway,None,40,21:45:00,Urban,Fine no high winds,No,16 - 20,20,Urban area,8,954,None,None,Other/Not known (2005-10),Mid Junction - on roundabout or on main road,PEUGEOT,205 XE,Petrol,Male,None,No tow/articulation,Did not leave carriageway,0,Turning right,1,Car,No,Front,2010
201022D006368,A,451,NA,0,Slight,None,27-12-2010,Monday,1,Data missing or out of range,Not at junction or within 20 metres,52.35355,Darkness - lights lit,381600,272870,-2.271591,E01032459,2,1,0,0,Frost or ice,Dual carriageway,None,70,21:20:00,Rural,Other,No,16 - 20,20,Urban area,3,1595,None,Lamp post,Other/Not known (2005-10),Not at or within 20 metres of junction,HONDA,CIVIC CRX VTEC,Petrol,Male,None,No tow/articulation,Nearside,0,Going ahead other,1,Car,No,Front,2010
20103102B2534,A,6075,B,6387,Slight,None,19-09-2010,Sunday,1,Give way or uncontrolled,Mini-roundabout,53.204481,Darkness - lights lit,467010,367960,-0.998208,E01028302,1,1,0,0,Wet or damp,Roundabout,None,30,21:45:00,Rural,Raining no high winds,No,16 - 20,20,Small town,3,85,None,None,Other/Not known (2005-10),Leaving roundabout,HONDA,C90MG,Petrol,Male,Skidded,No tow/articulation,Did not leave carriageway,0,Going ahead other,1,Motorcycle 125cc and under,No,Offside,2010
201050CB2F005,B,3232,NA,0,Slight,None,03-05-2020,Wednesday,1,Not at junction or within 20 metres,Not at junction or within 20 metres,19.15663949,Darkness - no lighting,252640,126520,72.8967822,E01020119,2,1,0,0,Dry,Single carriageway,None,30,20:03:00,Rural,Fine no high winds,No,16 - 20,20,Urban area,5,1043,None,Other permanent object,Other/Not known (2005-10),Not at or within 20 metres of junction,VOLKSWAGEN,POLO COUPE PARADE,Petrol,Male,Skidded and overturned,No tow/articulation,Offside and rebounded,0,Going ahead other,1,Car,No,Front,2021
201050CB2F005,B,3232,NA,0,Slight,None,13-10-2010,Wednesday,1,Not at junction or within 20 metres,Not at junction or within 20 metres,51.019063,Darkness - no lighting,252640,126520,-4.10239,E01020119,2,1,0,0,Dry,Single carriageway,None,30,20:03:00,Rural,Fine no high winds,No,16 - 20,20,Urban area,5,1043,None,Other permanent object,Other/Not known (2005-10),Not at or within 20 metres of junction,VOLKSWAGEN,POLO COUPE PARADE,Petrol,Male,Skidded and overturned,No tow/articulation,Offside and rebounded,0,Going ahead other,1,Car,No,Front,2010
201001GD10269,A,104,NA,0,Slight,None,17-04-2010,Saturday,1,Data missing or out of range,Not at junction or within 20 metres,51.54615,Daylight,533570,184790,-0.075112,E01001743,1,2,0,0,Dry,Single carriageway,None,30,17:00:00,Urban,Fine no high winds,No,16 - 20,20,Data missing or out of range,NA,1272,None,None,Other/Not known (2005-10),Not at or within 20 metres of junction,VOLKSWAGEN,GOLF 4+E,Petrol,Male,None,No tow/articulation,Did not leave carriageway,0,Waiting to go - held up,1,Car,No,Back,2010
201001GD10269,A,104,NA,0,Slight,None,17-04-2010,Saturday,1,Data missing or out of range,Not at junction or within 20 metres,51.54615,Daylight,533570,184790,-0.075112,E01001743,1,2,0,0,Dry,Single carriageway,None,30,17:00:00,Urban,Fine no high winds,No,16 - 20,20,Data missing or out of range,NA,1272,None,None,Other/Not known (2005-10),Not at or within 20 metres of junction,VOLKSWAGEN,GOLF 4+E,Petrol,Male,None,No tow/articulation,Did not leave carriageway,0,Waiting to go - held up,1,Car,No,Back,2010
201006L031031,B,5207,Unclassified,0,Slight,None,24-04-2010,Saturday,1,Give way or uncontrolled,Private drive or entrance,53.471575,Daylight,361860,397360,-2.576068,E01006345,1,2,0,0,Dry,Single carriageway,None,30,18:50:00,Urban,Fine no high winds,No,16 - 20,20,Urban area,9,592,None,None,Other/Not known (2005-10),Mid Junction - on roundabout or on main road,KAWASAKI,,Petrol,Male,None,No tow/articulation,Did not leave carriageway,0,Going ahead other,2,Motorcycle over 500cc,No,Front,2010
201030C000174,B,6179,C,88,Slight,None,09-04-2010,Friday,1,Give way or uncontrolled,Crossroads,53.0197,Daylight,438640,347090,-1.42543,E01019448,1,2,0,0,Dry,Single carriageway,None,40,09:00:00,Rural,Fine no high winds,No,16 - 20,20,Urban area,6,124,None,None,Other/Not known (2005-10),Mid Junction - on roundabout or on main road,HONDA,CG125BR-J,Petrol,Male,None,No tow/articulation,Did not leave carriageway,0,Going ahead other,2,Motorcycle 125cc and under,No,Front,2010
201042I082303,Unclassified,0,NA,0,Slight,None,24-07-2020,Saturday,1,Not at junction or within 20 metres,Not at junction or within 20 metres,25.78355136,Daylight,604070,214220,87.472851,E01021694,1,1,0,0,Wet or damp,Single carriageway,None,40,16:00:00,Rural,Raining no high winds,No,16 - 20,20,Urban area,5,124,None,Road sign or traffic signal,Commuting to/from work,Not at or within 20 metres of junction,SUZUKI,,Petrol,Male,Skidded,No tow/articulation,Nearside,0,Going ahead right-hand bend,1,Motorcycle 125cc and under,No,Front,2019
201042I252208,Unclassified,0,NA,,Slight,None,28-07-2020,Saturday,1,Give way or uncontrolled,Other junction,22.08612423,Daylight,597460,220030,82.16020176,E01021645,1,2,0,0,Wet or damp,Single carriageway,None,30,18:45:00,Rural,Raining no high winds,No,16 - 20,20,Urban area,3,124,None,None,Other/Not known (2005-10),Mid Junction - on roundabout or on main road,HONDA,CG125BR-J,Petrol,Male,None,No tow/articulation,Did not leave carriageway,0,Going ahead left-hand bend,1,Motorcycle 125cc and under,No,Did not impact,2019
201042I082303,Unclassified,0,NA,0,Slight,None,20-03-2010,Saturday,1,Not at junction or within 20 metres,Not at junction or within 20 metres,51.789349,Daylight,604070,214220,0.957587,E01021694,1,1,0,0,Wet or damp,Single carriageway,None,40,16:00:00,Rural,Raining no high winds,No,16 - 20,20,Urban area,5,124,None,Road sign or traffic signal,Commuting to/from work,Not at or within 20 metres of junction,SUZUKI,,Petrol,Male,Skidded,No tow/articulation,Nearside,0,Going ahead right-hand bend,1,Motorcycle 125cc and under,No,Front,2010
201042I252208,Unclassified,0,NA,,Slight,None,07-08-2010,Saturday,1,Give way or uncontrolled,Other junction,51.843893,Daylight,597460,220030,0.865183,E01021645,1,2,0,0,Wet or damp,Single carriageway,None,30,18:45:00,Rural,Raining no high winds,No,16 - 20,20,Urban area,3,124,None,None,Other/Not known (2005-10),Mid Junction - on roundabout or on main road,HONDA,CG125BR-J,Petrol,Male,None,No tow/articulation,Did not leave carriageway,0,Going ahead left-hand bend,1,Motorcycle 125cc and under,No,Did not impact,2010
2010550D27963,C,15,NA,0,Slight,None,02-07-2010,Friday,1,Not at junction or within 20 metres,Not at junction or within 20 metres,50.952792,Daylight,376640,117100,-2.33396,E01020449,4,1,0,0,Wet or damp,Single carriageway,None,60,09:25:00,Rural,Raining no high winds,No,16 - 20,20,Rural,8,1769,None,None,Other/Not known (2005-10),Not at or within 20 metres of junction,PEUGEOT,205 XLD,Heavy oil,Female,Skidded and overturned,No tow/articulation,Did not leave carriageway,0,Going ahead right-hand bend,1,Car,No,Front,2010
2010400B01875,A,6,C,26,Slight,None,17-01-2020,Sunday,1,Give way or uncontrolled,Roundabout,18.53388684,Darkness - lights lit,501440,259100,73.79092383,E01017478,3,1,0,0,Dry,Roundabout,None,60,01:36:00,Rural,Fine no high winds,No,21 - 25,20,Rural,7,998,None,Lamp post,Other/Not known (2005-10),Entering roundabout,ROVER,MINI THIRTY,Petrol,Male,Skidded,No tow/articulation,Nearside,0,Going ahead other,1,Car,No,Front,2021
2010400B01875,A,6,C,26,Slight,None,20-06-2010,Sunday,1,Give way or uncontrolled,Roundabout,52.22074,Darkness - lights lit,501440,259100,-0.51646,E01017478,3,1,0,0,Dry,Roundabout,None,60,01:36:00,Rural,Fine no high winds,No,21 - 25,20,Rural,7,998,None,Lamp post,Other/Not known (2005-10),Entering roundabout,ROVER,MINI THIRTY,Petrol,Male,Skidded,No tow/articulation,Nearside,0,Going ahead other,1,Car,No,Front,2010
201005EE05225,A,5080,B,5179,Slight,None,11-09-2010,Saturday,1,Auto traffic signal,More than 4 arms (not roundabout),53.409759,Darkness - lights lit,339150,390720,-2.916879,E01006716,2,2,0,5,Dry,Dual carriageway,None,30,21:50:00,Urban,Fine no high winds,No,21 - 25,20,Urban area,5,1993,Kerb,None,Other/Not known (2005-10),Approaching junction or waiting/parked at junction approach,FORD,SIERRA SAPPHIRE COSWORTH,Petrol,Male,None,No tow/articulation,Did not leave carriageway,0,Going ahead other,1,Car,No,Offside,2010
201014K029610,Unclassified,0,NA,0,Slight,None,28-01-2010,Thursday,1,Not at junction or within 20 metres,Not at junction or within 20 metres,53.362042,Darkness - lights lit,433880,385140,-1.492363,E01008052,1,1,0,0,Dry,Single carriageway,None,30,02:00:00,Urban,Fine no high winds,No,21 - 25,20,Urban area,6,1998,None,Near/Offside crash barrier,Other/Not known (2005-10),Not at or within 20 metres of junction,TOYOTA,MR2 GT,Petrol,Male,None,No tow/articulation,Nearside,0,Going ahead other,1,Car,No,Offside,2010
20103102A3078,B,600,NA,0,Slight,None,21-11-2010,Sunday,1,Data missing or out of range,Not at junction or within 20 metres,53.070016,Darkness - lights lit,444690,352740,-1.334464,E01027960,1,4,0,0,Dry,Single carriageway,None,30,02:17:00,Rural,Fine no high winds,No,21 - 25,20,Urban area,7,2495,Parked vehicle,None,Other/Not known (2005-10),Not at or within 20 metres of junction,LAND ROVER,DISCOVERY TURBO DIESEL,Heavy oil,Male,Overturned,No tow/articulation,Did not leave carriageway,0,Going ahead left-hand bend,1,Car,No,Front,2010
20103104D2320,A,610,NA,0,Slight,None,21-09-2010,Tuesday,1,Data missing or out of range,Not at junction or within 20 metres,53.008848,Darkness - lights lit,446280,345950,-1.311707,E01028110,1,2,0,0,Wet or damp,Dual carriageway,None,70,22:30:00,Rural,Fine no high winds,No,21 - 25,20,Urban area,2,1598,None,Central crash barrier,Other/Not known (2005-10),Not at or within 20 metres of junction,HONDA,CIVIC CRX,Petrol,Male,None,No tow/articulation,Offside on to centrl res + rebounded,0,Going ahead other,2,Car,No,Offside,2010
201042I363311,Unclassified,0,Unclassified,0,Slight,None,01-02-2019,Thursday,1,Give way or uncontrolled,T or staggered junction,22.05452522,Darkness - lights lit,589370,186570,82.15986762,E01015870,1,2,0,0,Dry,One way street,None,30,16:10:00,Urban,Fine no high winds,No,21 - 25,20,Small town,9,1297,None,None,Other/Not known (2005-10),Approaching junction or waiting/parked at junction approach,FORD,ESCORT BONUS,Petrol,Female,None,No tow/articulation,Did not leave carriageway,0,Going ahead other,1,Car,No,Front,2019
201045SP48270,B,376,Unclassified,3292,Slight,None,01-06-2021,Monday,1,Give way or uncontrolled,T or staggered junction,8.8653945,Darkness - lights lit,504030,170610,76.66680205,E01030727,1,2,0,0,Wet or damp,Single carriageway,None,30,19:00:00,Urban,Fine no high winds,No,21 - 25,20,Urban area,10,1235,None,None,Commuting to/from work,Approaching junction or waiting/parked at junction approach,NISSAN,MICRA GS,Petrol,Female,None,No tow/articulation,Did not leave carriageway,0,Going ahead left-hand bend,1,Car,No,Front,2020
201042I363311,Unclassified,0,Unclassified,0,Slight,None,04-11-2010,Thursday,1,Give way or uncontrolled,T or staggered junction,51.546187,Darkness - lights lit,589370,186570,0.729733,E01015870,1,2,0,0,Dry,One way street,None,30,16:10:00,Urban,Fine no high winds,No,21 - 25,20,Small town,9,1297,None,None,Other/Not known (2005-10),Approaching junction or waiting/parked at junction approach,FORD,ESCORT BONUS,Petrol,Female,None,No tow/articulation,Did not leave carriageway,0,Going ahead other,1,Car,No,Front,2010
201045SP48270,B,376,Unclassified,3292,Slight,None,25-01-2010,Monday,1,Give way or uncontrolled,T or staggered junction,51.424906,Darkness - lights lit,504030,170610,-0.505123,E01030727,1,2,0,0,Wet or damp,Single carriageway,None,30,19:00:00,Urban,Fine no high winds,No,21 - 25,20,Urban area,10,1235,None,None,Commuting to/from work,Approaching junction or waiting/parked at junction approach,NISSAN,MICRA GS,Petrol,Female,None,No tow/articulation,Did not leave carriageway,0,Going ahead left-hand bend,1,Car,No,Front,2010
201001FH10016,B,317,Unclassified,0,Slight,None,03-01-2010,Sunday,1,Give way or uncontrolled,T or staggered junction,51.489597,Darkness - lights lit,524630,178270,-0.206275,E01001914,1,2,0,1,Dry,Single carriageway,None,30,20:35:00,Urban,Other,No,21 - 25,20,Urban area,4,85,None,None,Other/Not known (2005-10),Mid Junction - on roundabout or on main road,HONDA,C90,Petrol,Male,None,No tow/articulation,Did not leave carriageway,0,Going ahead other,1,Motorcycle 125cc and under,No,Offside,2010
201001FH10016,B,317,Unclassified,0,Slight,None,03-01-2010,Sunday,1,Give way or uncontrolled,T or staggered junction,51.489597,Darkness - lights lit,524630,178270,-0.206275,E01001914,1,2,0,1,Dry,Single carriageway,None,30,20:35:00,Urban,Other,No,21 - 25,20,Urban area,4,85,None,None,Other/Not known (2005-10),Mid Junction - on roundabout or on main road,HONDA,C90,Petrol,Male,None,No tow/articulation,Did not leave carriageway,0,Going ahead other,1,Motorcycle 125cc and under,No,Offside,2010
201045RU55128,B,375,Unclassified,0,Slight,None,25-09-2021,Tuesday,1,Give way or uncontrolled,Private drive or entrance,22.079473,Darkness - lights lit,504360,166880,82.14184868,E01030659,1,2,0,0,Wet or damp,Single carriageway,None,30,18:10:00,Urban,Raining no high winds,No,21 - 25,20,Urban area,5,498,None,None,Other/Not known (2005-10),Approaching junction or waiting/parked at junction approach,KAWASAKI,,Petrol,Male,Skidded,No tow/articulation,Did not leave carriageway,0,Overtaking static vehicle - offside,2,Motorcycle over 125cc and up to 500cc,No,Nearside,2019
201045EL55857,A,3050,Unclassified,0,Slight,None,09-12-2020,Friday,1,Give way or uncontrolled,T or staggered junction,19.20569414,Darkness - lights lit,510750,167170,72.89416387,E01030361,2,2,0,0,Wet or damp,Single carriageway,None,30,17:37:00,Urban,Raining no high winds,No,21 - 25,20,Urban area,8,970,None,None,Other/Not known (2005-10),Approaching junction or waiting/parked at junction approach,VAUXHALL,RASCAL,Petrol,Male,None,No tow/articulation,Did not leave carriageway,9,Moving off,1,Van / Goods 3.5 tonnes mgw or under,No,Offside,2021
201001QK50558,C,0,Unclassified,0,Slight,None,07-09-2010,Tuesday,1,Give way or uncontrolled,T or staggered junction,51.559915,Darkness - lights lit,521990,186030,-0.241596,E01000502,1,1,0,0,Wet or damp,Single carriageway,None,30,00:14:00,Urban,Raining no high winds,No,21 - 25,20,Data missing or out of range,NA,2000,None,None,Other/Not known (2005-10),Cleared junction or waiting/parked at junction exit,TOYOTA,MR2 GT,Petrol,Male,None,No tow/articulation,Did not leave carriageway,0,Going ahead right-hand bend,1,Car,No,Nearside,2010
201045EL55857,A,3050,Unclassified,0,Slight,None,12-11-2010,Friday,1,Give way or uncontrolled,T or staggered junction,51.392714,Darkness - lights lit,510750,167170,-0.40958,E01030361,2,2,0,0,Wet or damp,Single carriageway,None,30,17:37:00,Urban,Raining no high winds,No,21 - 25,20,Urban area,8,970,None,None,Other/Not known (2005-10),Approaching junction or waiting/parked at junction approach,VAUXHALL,RASCAL,Petrol,Male,None,No tow/articulation,Did not leave carriageway,9,Moving off,1,Van / Goods 3.5 tonnes mgw or under,No,Offside,2010
201045RU55128,B,375,Unclassified,0,Slight,None,26-10-2010,Tuesday,1,Give way or uncontrolled,Private drive or entrance,51.391318,Darkness - lights lit,504360,166880,-0.501475,E01030659,1,2,0,0,Wet or damp,Single carriageway,None,30,18:10:00,Urban,Raining no high winds,No,21 - 25,20,Urban area,5,498,None,None,Other/Not known (2005-10),Approaching junction or waiting/parked at junction approach,KAWASAKI,,Petrol,Male,Skidded,No tow/articulation,Did not leave carriageway,0,Overtaking static vehicle - offside,2,Motorcycle over 125cc and up to 500cc,No,Nearside,2010
201001QK50558,C,0,Unclassified,0,Slight,None,07-09-2010,Tuesday,1,Give way or uncontrolled,T or staggered junction,51.559915,Darkness - lights lit,521990,186030,-0.241596,E01000502,1,1,0,0,Wet or damp,Single carriageway,None,30,00:14:00,Urban,Raining no high winds,No,21 - 25,20,Data missing or out of range,NA,2000,None,None,Other/Not known (2005-10),Cleared junction or waiting/parked at junction exit,TOYOTA,MR2 GT,Petrol,Male,None,No tow/articulation,Did not leave carriageway,0,Going ahead right-hand bend,1,Car,No,Nearside,2010
201037G030016,C,26,Unclassified,0,Slight,None,14-12-2021,Friday,1,Give way or uncontrolled,Private drive or entrance,14.78187849,Daylight,618160,242290,78.6282314,E01029979,1,2,0,0,Dry,Single carriageway,None,30,16:50:00,Urban,Fine no high winds,No,21 - 25,20,Small town,5,599,None,None,Other/Not known (2005-10),Mid Junction - on roundabout or on main road,SUZUKI,,Petrol,Male,None,No tow/articulation,Nearside,0,Turning left,2,Motorcycle over 500cc,No,Offside,2019
201043R043040,Unclassified,7002,Unclassified,7002,Slight,None,25-09-2021,Saturday,1,Give way or uncontrolled,T or staggered junction,12.97275777,Daylight,486150,167130,77.51838794,E01016209,1,2,0,0,Dry,Single carriageway,None,30,11:29:00,Urban,Fine no high winds,No,21 - 25,20,Urban area,6,400,None,None,Other/Not known (2005-10),Approaching junction or waiting/parked at junction approach,HONDA,,Petrol,Male,None,No tow/articulation,Did not leave carriageway,0,Going ahead other,2,Motorcycle over 125cc and up to 500cc,No,Nearside,2020
201050CB2D007,Unclassified,0,Unclassified,0,Slight,None,20-11-2021,Monday,1,Auto traffic signal,Crossroads,28.65952629,Daylight,256170,133330,77.29497478,E01020094,1,1,0,8,Wet or damp,Single carriageway,None,30,06:31:00,Urban,Fine no high winds,No,21 - 25,20,Urban area,6,999,Bollard or refuge,None,Other/Not known (2005-10),Mid Junction - on roundabout or on main road,FIAT,UNO 45 FIRE,Petrol,Male,Overturned,No tow/articulation,Did not leave carriageway,0,Going ahead other,1,Car,No,Front,2020
201050BL2N006,A,395,NA,0,Slight,None,28-01-2019,Thursday,1,Not at junction or within 20 metres,Not at junction or within 20 metres,28.65032402,Daylight,228580,83090,77.15358088,E01018952,1,2,0,0,Wet or damp,Single carriageway,None,60,09:20:00,Rural,Fine no high winds,No,21 - 25,20,Small town,4,400,None,Other permanent object,Other/Not known (2005-10),Not at or within 20 metres of junction,KAWASAKI,,Petrol,Male,None,No tow/articulation,Did not leave carriageway,0,Overtaking moving vehicle - offside,1,Motorcycle over 125cc and up to 500cc,No,Front,2021
201054DN15610,A,361,NA,0,Slight,None,07-10-2021,Monday,1,Not at junction or within 20 metres,Not at junction or within 20 metres,18.54323133,Daylight,417960,188730,73.74465096,E01015552,1,3,0,0,Dry,Single carriageway,None,50,13:05:00,Rural,Fine no high winds,No,21 - 25,20,Small town,8,124,None,None,Other/Not known (2005-10),Not at or within 20 metres of junction,HONDA,NS125R-K,Petrol,Male,Skidded,No tow/articulation,Did not leave carriageway,0,Slowing or stopping,3,Motorcycle 125cc and under,No,Front,2021
201001BS70261,B,450,Unclassified,0,Slight,None,14-05-2010,Friday,1,Give way or uncontrolled,T or staggered junction,51.518804,Daylight,524230,181510,-0.210893,E01002878,1,2,0,0,Dry,Single carriageway,None,30,15:50:00,Urban,Fine no high winds,No,21 - 25,20,Urban area,5,998,None,None,Other/Not known (2005-10),Mid Junction - on roundabout or on main road,HONDA,,Petrol,Male,None,No tow/articulation,Did not leave carriageway,0,Going ahead other,1,Motorcycle over 500cc,No,Front,2010
201037G030016,C,26,Unclassified,0,Slight,None,10-09-2010,Friday,1,Give way or uncontrolled,Private drive or entrance,52.036027,Daylight,618160,242290,1.179329,E01029979,1,2,0,0,Dry,Single carriageway,None,30,16:50:00,Urban,Fine no high winds,No,21 - 25,20,Small town,5,599,None,None,Other/Not known (2005-10),Mid Junction - on roundabout or on main road,SUZUKI,,Petrol,Male,None,No tow/articulation,Nearside,0,Turning left,2,Motorcycle over 500cc,No,Offside,2010
201043R043040,Unclassified,7002,Unclassified,7002,Slight,None,10-04-2010,Saturday,1,Give way or uncontrolled,T or staggered junction,51.396619,Daylight,486150,167130,-0.763068,E01016209,1,2,0,0,Dry,Single carriageway,None,30,11:29:00,Urban,Fine no high winds,No,21 - 25,20,Urban area,6,400,None,None,Other/Not known (2005-10),Approaching junction or waiting/parked at junction approach,HONDA,,Petrol,Male,None,No tow/articulation,Did not leave carriageway,0,Going ahead other,2,Motorcycle over 125cc and up to 500cc,No,Nearside,2010