Accident_Index,1st_Road_Class,1st_Road_Number,2nd_Road_Class,2nd_Road_Number,Accident_Severity,Carriageway_Hazards,Date,Day_of_Week,Did_Police_Officer_Attend_Scene_of_Accident,Junction_Control,Junction_Detail,Latitude,Light_Conditions,Location_Easting_OSGR,Location_Northing_OSGR,Longitude,LSOA_of_Accident_Location,Number_of_Casualties,Number_of_Vehicles,Pedestrian_Crossing-Human_Control,Pedestrian_Crossing-Physical_Facilities,Road_Surface_Conditions,Road_Type,Special_Conditions_at_Site,Speed_limit,Time,Urban_or_Rural_Area,Weather_Conditions,InScotland,Age_Band_of_Driver,Age_of_Vehicle,Driver_Home_Area_Type,Driver_IMD_Decile,Engine_Capacity_.CC.,Hit_Object_in_Carriageway,Hit_Object_off_Carriageway,Journey_Purpose_of_Driver,Junction_Location,make,model,Propulsion_Code,Sex_of_Driver,Skidding_and_Overturning,Towing_and_Articulation,Vehicle_Leaving_Carriageway,Vehicle_Location.Restricted_Lane,Vehicle_Manoeuvre,Vehicle_Reference,Vehicle_Type,Was_Vehicle_Left_Hand_Drive,X1st_Point_of_Impact,Year
201022F000526,Unclassified,0,NA,0,Slight,None,30-01-2010,Saturday,1,Data missing or out of range,Not at junction or within 20 metres,52.938702,Darkness - lights lit,355650,338130,-2.66137,E01028893,1,1,0,0,Dry,Single carriageway,None,30,19:50:00,Rural,Fine no high winds,No,16 - 20,17,Small town,5,1195,None,None,Other/Not known (2005-10),Not at or within 20 metres of junction,VAUXHALL,NOVA LUXE PLUS,Petrol,Male,None,No tow/articulation,Did not leave carriageway,0,Moving off,1,Car,No,Front,2010
201043P171110,Unclassified,410,Unclassified,0,Slight,None,22-10-2019,Wednesday,1,Give way or uncontrolled,Private drive or entrance,18.60592251,Darkness - lights lit,435670,209960,73.88959812,E01028807,1,2,0,4,Wet or damp,Single carriageway,None,30,17:15:00,Urban,Raining no high winds,No,16 - 20,17,Urban area,10,400,None,None,Other/Not known (2005-10),Approaching junction or waiting/parked at junction approach,HONDA,,Petrol,Male,None,No tow/articulation,Did not leave carriageway,0,Overtaking static vehicle - offside,2,Motorcycle over 125cc and up to 500cc,No,Front,2021
201043P171110,Unclassified,410,Unclassified,0,Slight,None,17-11-2010,Wednesday,1,Give way or uncontrolled,Private drive or entrance,51.787122,Darkness - lights lit,435670,209960,-1.484282,E01028807,1,2,0,4,Wet or damp,Single carriageway,None,30,17:15:00,Urban,Raining no high winds,No,16 - 20,17,Urban area,10,400,None,None,Other/Not known (2005-10),Approaching junction or waiting/parked at junction approach,HONDA,,Petrol,Male,None,No tow/articulation,Did not leave carriageway,0,Overtaking static vehicle - offside,2,Motorcycle over 125cc and up to 500cc,No,Front,2010
201045SU56804,Unclassified,0,Unclassified,0,Slight,None,17-03-2021,Monday,2,Give way or uncontrolled,Mini-roundabout,27.09586149,Darkness - lights lit,487700,160550,93.61202595,E01030800,4,2,0,0,Snow,Roundabout,None,30,19:30:00,Urban,Snowing no high winds,No,16 - 20,17,Urban area,6,1043,None,None,Other/Not known (2005-10),Entering roundabout,VOLKSWAGEN,POLO GENESIS,Petrol,Male,None,No tow/articulation,Did not leave carriageway,0,Going ahead other,2,Car,No,Front,2019
201045SU56804,Unclassified,0,Unclassified,0,Slight,None,20-12-2010,Monday,2,Give way or uncontrolled,Mini-roundabout,51.33723,Darkness - lights lit,487700,160550,-0.742415,E01030800,4,2,0,0,Snow,Roundabout,None,30,19:30:00,Urban,Snowing no high winds,No,16 - 20,17,Urban area,6,1043,None,None,Other/Not known (2005-10),Entering roundabout,VOLKSWAGEN,POLO GENESIS,Petrol,Male,None,No tow/articulation,Did not leave carriageway,0,Going ahead other,2,Car,No,Front,2010
201050GN2C024,C,746,Unclassified,0,Slight,None,29-08-2020,Tuesday,1,Give way or uncontrolled,T or staggered junction,18.50177689,Darkness - lights unlit,181390,61570,73.86650398,E01019020,1,1,0,0,Dry,Single carriageway,None,30,15:20:00,Urban,Fine + high winds,No,16 - 20,17,Urban area,7,1124,None,None,Other/Not known (2005-10),Leaving roundabout,PEUGEOT,106 KEY WEST,Petrol,Female,None,No tow/articulation,Did not leave carriageway,0,Going ahead other,1,Car,No,Front,2021
201050GN2C024,C,746,Unclassified,0,Slight,None,09-11-2010,Tuesday,1,Give way or uncontrolled,T or staggered junction,50.413156,Darkness - lights unlit,181390,61570,-5.07843,E01019020,1,1,0,0,Dry,Single carriageway,None,30,15:20:00,Urban,Fine + high winds,No,16 - 20,17,Urban area,7,1124,None,None,Other/Not known (2005-10),Leaving roundabout,PEUGEOT,106 KEY WEST,Petrol,Female,None,No tow/articulation,Did not leave carriageway,0,Going ahead other,1,Car,No,Front,2010
201050AH2C004,A,394,NA,0,Slight,None,25-11-2020,Monday,1,Not at junction or within 20 metres,Not at junction or within 20 metres,14.68306318,Darkness - no lighting,160730,28410,78.54618772,E01018861,4,2,0,0,Dry,Single carriageway,None,40,23:43:00,Rural,Fine no high winds,No,16 - 20,17,Rural,4,1598,None,None,Other/Not known (2005-10),Not at or within 20 metres of junction,VAUXHALL,CAVALIER LS,Petrol,Male,Skidded,No tow/articulation,Did not leave carriageway,0,Going ahead other,2,Car,No,Offside,2019
201050GR2C007,B,3277,C,297,Slight,None,21-09-2020,Wednesday,1,Give way or uncontrolled,T or staggered junction,19.1047933,Darkness - no lighting,172030,50400,72.9289032,E01018851,2,2,0,0,Dry,Single carriageway,None,60,21:45:00,Rural,Fine no high winds,No,16 - 20,17,Urban area,4,1905,None,None,Other/Not known (2005-10),Cleared junction or waiting/parked at junction exit,PEUGEOT,306 XRD,Heavy oil,Male,Skidded,No tow/articulation,Did not leave carriageway,0,Going ahead left-hand bend,2,Car,No,Front,2021
201050AH2C004,A,394,NA,0,Slight,None,21-06-2010,Monday,1,Not at junction or within 20 metres,Not at junction or within 20 metres,50.10739,Darkness - no lighting,160730,28410,-5.347767,E01018861,4,2,0,0,Dry,Single carriageway,None,40,23:43:00,Rural,Fine no high winds,No,16 - 20,17,Rural,4,1598,None,None,Other/Not known (2005-10),Not at or within 20 metres of junction,VAUXHALL,CAVALIER LS,Petrol,Male,Skidded,No tow/articulation,Did not leave carriageway,0,Going ahead other,2,Car,No,Offside,2010
201050GR2C007,B,3277,C,297,Slight,None,21-07-2010,Wednesday,1,Give way or uncontrolled,T or staggered junction,50.309299,Darkness - no lighting,172030,50400,-5.203198,E01018851,2,2,0,0,Dry,Single carriageway,None,60,21:45:00,Rural,Fine no high winds,No,16 - 20,17,Urban area,4,1905,None,None,Other/Not known (2005-10),Cleared junction or waiting/parked at junction exit,PEUGEOT,306 XRD,Heavy oil,Male,Skidded,No tow/articulation,Did not leave carriageway,0,Going ahead left-hand bend,2,Car,No,Front,2010
201022C000738,A,443,NA,0,Slight,Any animal in carriageway (except ridden horse),06-02-2010,Saturday,1,Data missing or out of range,Not at junction or within 20 metres,52.302892,Darkness - no lighting,372090,267280,-2.410751,E01032193,1,3,0,0,Wet or damp,Single carriageway,None,60,21:15:00,Rural,Fine no high winds,No,16 - 20,17,Rural,9,2495,Any animal (except ridden horse),Other permanent object,Other/Not known (2005-10),Not at or within 20 metres of junction,LAND ROVER,90 DEFENDER TURBO DIES,Heavy oil,Male,Skidded,No tow/articulation,Offside,0,Going ahead left-hand bend,1,Car,No,Front,2010
2010400D00567,C,204,NA,0,Slight,None,23-05-2021,Friday,1,Data missing or out of range,Not at junction or within 20 metres,25.78688009,Darkness - no lighting,501730,227990,87.47411885,E01017620,3,1,0,0,Frost or ice,Single carriageway,None,60,22:30:00,Rural,Fine no high winds,No,16 - 20,17,Small town,7,1389,None,None,Other/Not known (2005-10),Not at or within 20 metres of junction,VAUXHALL,CORSA GLS,Petrol,Female,Skidded and overturned,No tow/articulation,Nearside,0,Going ahead right-hand bend,1,Car,No,Front,2019
2010400D00567,C,204,NA,0,Slight,None,19-02-2010,Friday,1,Data missing or out of range,Not at junction or within 20 metres,51.941078,Darkness - no lighting,501730,227990,-0.521485,E01017620,3,1,0,0,Frost or ice,Single carriageway,None,60,22:30:00,Rural,Fine no high winds,No,16 - 20,17,Small town,7,1389,None,None,Other/Not known (2005-10),Not at or within 20 metres of junction,VAUXHALL,CORSA GLS,Petrol,Female,Skidded and overturned,No tow/articulation,Nearside,0,Going ahead right-hand bend,1,Car,No,Front,2010
201022C001191,A,449,Unclassified,0,Slight,None,05-03-2010,Friday,1,Give way or uncontrolled,T or staggered junction,52.141852,Darkness - no lighting,379760,249330,-2.297189,E01032205,1,4,0,0,Dry,Single carriageway,None,60,20:33:00,Rural,Fine no high winds,No,16 - 20,17,Urban area,6,1389,None,None,Other/Not known (2005-10),Approaching junction or waiting/parked at junction approach,VAUXHALL,CORSA GLS,Petrol,Female,None,No tow/articulation,Did not leave carriageway,0,Going ahead other,4,Car,No,Front,2010
201043S129100,C,26,NA,0,Slight,None,30-07-2021,Sunday,1,Data missing or out of range,Not at junction or within 20 metres,27.10643139,Darkness - no lighting,492390,241960,93.62905882,E01016803,1,2,0,0,Wet or damp,Single carriageway,None,60,21:00:00,Rural,Raining no high winds,No,16 - 20,17,Rural,8,1991,None,None,Other/Not known (2005-10),Not at or within 20 metres of junction,BMW,320 I SE,Petrol,Male,None,No tow/articulation,Did not leave carriageway,0,Going ahead left-hand bend,2,Car,No,Offside,2019
201043S129100,C,26,NA,0,Slight,None,31-10-2010,Sunday,1,Data missing or out of range,Not at junction or within 20 metres,52.068274,Darkness - no lighting,492390,241960,-0.653555,E01016803,1,2,0,0,Wet or damp,Single carriageway,None,60,21:00:00,Rural,Raining no high winds,No,16 - 20,17,Rural,8,1991,None,None,Other/Not known (2005-10),Not at or within 20 metres of junction,BMW,320 I SE,Petrol,Male,None,No tow/articulation,Did not leave carriageway,0,Going ahead left-hand bend,2,Car,No,Offside,2010
201014A007510,C,771,Unclassified,0,Slight,None,17-01-2010,Sunday,1,Give way or uncontrolled,Crossroads,53.517561,Daylight,456650,402660,-1.147089,E01007529,2,2,0,0,Wet or damp,Single carriageway,None,30,11:32:00,Urban,Fine + high winds,No,16 - 20,17,Urban area,1,1975,None,None,Other/Not known (2005-10),Mid Junction - on roundabout or on main road,TOYOTA,COROLLA XLD,Heavy oil,Male,None,No tow/articulation,Nearside,0,Going ahead other,1,Car,No,Front,2010
2010400C01185,A,6,NA,0,Slight,None,19-02-2020,Tuesday,1,Data missing or out of range,Not at junction or within 20 metres,27.09965648,Daylight,508080,226300,93.63397963,E01015708,1,2,0,0,Dry,Single carriageway,None,40,15:10:00,Urban,Fine no high winds,No,16 - 20,17,Urban area,10,998,None,None,Other/Not known (2005-10),Not at or within 20 metres of junction,NISSAN,MICRA L AUTO,Petrol,Male,None,No tow/articulation,Did not leave carriageway,0,Going ahead other,1,Car,No,Front,2019
201043R020010,Unclassified,7002,Unclassified,7002,Slight,None,24-03-2021,Sunday,1,Give way or uncontrolled,T or staggered junction,25.76984133,Daylight,488260,167310,87.45997215,E01016203,1,2,0,0,Dry,Single carriageway,None,30,16:17:00,Urban,Fine no high winds,No,16 - 20,17,Urban area,6,1119,None,None,Other/Not known (2005-10),Approaching junction or waiting/parked at junction approach,FORD,FIESTA I,Petrol,Male,None,No tow/articulation,Did not leave carriageway,0,Turning right,1,Car,No,Nearside,2019
201054DN22210,A,419,NA,0,Slight,None,16-10-2021,Wednesday,1,Not at junction or within 20 metres,Not at junction or within 20 metres,15.20461532,Daylight,418450,186610,74.05792684,E01015551,2,3,0,0,Dry,Dual carriageway,None,70,16:55:00,Rural,Fine no high winds,No,16 - 20,17,Rural,8,1196,None,None,Other/Not known (2005-10),Not at or within 20 metres of junction,VAUXHALL,CORSA LS,Petrol,Male,None,No tow/articulation,Did not leave carriageway,0,Slowing or stopping,1,Car,No,Front,2019
201054ER23110,A,350,C,273,Slight,None,21-12-2019,Saturday,1,Give way or uncontrolled,T or staggered junction,28.48005178,Daylight,386620,142730,76.99490629,E01032081,1,4,0,0,Wet or damp,Single carriageway,None,50,10:29:00,Rural,Fine no high winds,No,16 - 20,17,Urban area,3,2495,None,None,Other/Not known (2005-10),Mid Junction - on roundabout or on main road,LAND ROVER,90 DEFENDER TURBO DIES,Heavy oil,Male,None,No tow/articulation,Did not leave carriageway,0,Going ahead other,1,Car,No,Front,2019
20104100D0475,A,4146,Unclassified,859,Slight,None,13-03-2020,Saturday,2,Auto traffic signal,T or staggered junction,22.69819014,Daylight,505360,206560,75.85947898,E01023398,2,2,0,5,Dry,Dual carriageway,None,30,20:54:00,Urban,Fine no high winds,No,16 - 20,17,Data missing or out of range,NA,1118,None,None,Other/Not known (2005-10),Approaching junction or waiting/parked at junction approach,ROVER,METRO,Petrol,Male,None,No tow/articulation,Did not leave carriageway,0,Going ahead other,1,Car,No,Front,2020
201042I262608,Unclassified,0,NA,0,Slight,None,19-10-2019,Thursday,1,Not at junction or within 20 metres,Not at junction or within 20 metres,26.44863207,Daylight,586920,187610,80.28593667,E01015859,1,2,0,0,Dry,Single carriageway,None,30,14:40:00,Urban,Fine no high winds,No,16 - 20,17,Data missing or out of range,NA,2156,None,None,Other/Not known (2005-10),Not at or within 20 metres of junction,HONDA,ACCORD AERODECK A,Petrol,Male,None,No tow/articulation,Did not leave carriageway,0,Going ahead other,2,Car,No,Offside,2020
201054EZ13810,C,50,NA,0,Slight,None,09-09-2021,Wednesday,1,Not at junction or within 20 metres,Not at junction or within 20 metres,26.46886328,Daylight,403560,165070,80.27914127,E01031844,1,2,0,0,Dry,Single carriageway,None,60,08:42:00,Rural,Fine no high winds,No,16 - 20,17,Urban area,5,1196,None,None,Other/Not known (2005-10),Not at or within 20 metres of junction,VAUXHALL,CORSA LS,Petrol,Male,None,No tow/articulation,Did not leave carriageway,0,Going ahead other,1,Car,No,Front,2020
201050DE2T004,Unclassified,0,NA,,Slight,None,22-05-2020,Monday,1,Give way or uncontrolled,Other junction,28.70555599,Daylight,292440,90480,77.14541929,E01019970,1,2,0,0,Dry,Single carriageway,None,30,12:45:00,Urban,Fine no high winds,No,16 - 20,17,Urban area,7,1490,None,None,Other/Not known (2005-10),Entering main road,HONDA,CRX,Petrol,Male,None,No tow/articulation,Did not leave carriageway,0,Turning right,1,Car,No,Did not impact,2020
201037B046195,B,1113,NA,0,Slight,None,02-05-2020,Saturday,1,Data missing or out of range,Not at junction or within 20 metres,28.66675167,Daylight,605880,270530,77.06355221,E01030039,2,2,0,0,Wet or damp,Single carriageway,None,60,10:50:00,Rural,Fine no high winds,No,16 - 20,17,Rural,8,2800,None,None,Other/Not known (2005-10),Not at or within 20 metres of junction,MITSUBISHI,,Heavy oil,Male,Skidded,No tow/articulation,Nearside,0,Going ahead left-hand bend,1,Car,No,Offside,2020
201045RE51389,Unclassified,1232,C,224,Slight,None,01-10-2020,Friday,1,Give way or uncontrolled,T or staggered junction,28.66159257,Daylight,527350,150690,77.35307647,E01030616,1,2,0,1,Dry,Single carriageway,None,30,15:24:00,Urban,Fine no high winds,No,16 - 20,17,Rural,8,1580,None,None,Other/Not known (2005-10),Cleared junction or waiting/parked at junction exit,PEUGEOT,405 GLI AUTO,Petrol,Male,None,No tow/articulation,Did not leave carriageway,0,Turning right,1,Car,No,Nearside,2020
2010550C31650,Unclassified,0,NA,0,Slight,None,07-02-2019,Friday,1,Not at junction or within 20 metres,Not at junction or within 20 metres,28.63408973,Daylight,403210,91540,77.2466409,E01015456,1,4,0,0,Dry,Single carriageway,None,30,15:25:00,Urban,Fine no high winds,No,16 - 20,17,Urban area,10,1124,None,None,Other/Not known (2005-10),Not at or within 20 metres of junction,CITROEN,AX ECHO PLUS,Petrol,Male,None,No tow/articulation,Did not leave carriageway,0,Going ahead other,1,Car,No,Front,2021
20104100K0341,C,137,NA,,Slight,None,09-04-2021,Wednesday,1,Give way or uncontrolled,Private drive or entrance,18.56299584,Daylight,537840,209020,73.95053286,E01023320,1,2,0,0,Dry,Single carriageway,None,30,19:10:00,Urban,Fine no high winds,No,16 - 20,17,Urban area,7,400,None,None,Commuting to/from work,Approaching junction or waiting/parked at junction approach,HONDA,,Petrol,Male,Overturned,No tow/articulation,Did not leave carriageway,0,Waiting to turn right,2,Motorcycle over 125cc and up to 500cc,No,Back,2021
201054EG17510,Unclassified,0,NA,0,Slight,None,08-01-2019,Saturday,1,Not at junction or within 20 metres,Not at junction or within 20 metres,19.10533071,Daylight,385450,152620,72.89189989,E01032116,1,1,0,0,Dry,Single carriageway,None,60,18:39:00,Rural,Fine no high winds,No,16 - 20,17,Urban area,4,954,None,Telegraph or electricity pole,Other/Not known (2005-10),Not at or within 20 metres of junction,PEUGEOT,106 KEY LARGO,Petrol,Male,None,No tow/articulation,Nearside,0,Going ahead other,1,Car,No,Front,2021
201037G028881,Unclassified,5084,NA,0,Slight,None,12-06-2021,Friday,1,Data missing or out of range,Not at junction or within 20 metres,19.07277857,Daylight,613140,242220,72.84297534,E01029909,1,2,0,0,Wet or damp,Single carriageway,None,30,02:20:00,Urban,Fine no high winds,No,16 - 20,17,Small town,4,899,None,Tree,Other/Not known (2005-10),Not at or within 20 metres of junction,FIAT,CINQUECENTO,Petrol,Male,Skidded,No tow/articulation,Nearside,0,Going ahead other,1,Car,No,Front,2021
201050GW3O014,Unclassified,0,NA,0,Slight,None,23-07-2021,Sunday,1,Data missing or out of range,Not at junction or within 20 metres,14.80031115,Daylight,206480,53430,78.58058655,E01019058,2,1,0,0,Dry,Single carriageway,None,30,17:00:00,Rural,Fine no high winds,No,16 - 20,17,Small town,4,124,None,None,Other/Not known (2005-10),Not at or within 20 metres of junction,HONDA,MTX125RW-L,Petrol,Male,None,No tow/articulation,Did not leave carriageway,0,Going ahead other,1,Motorcycle 125cc and under,No,Front,2019
201001QA10140,A,409,NA,0,Slight,None,29-04-2010,Thursday,1,Data missing or out of range,Not at junction or within 20 metres,51.592104,Daylight,515520,189460,-0.333761,E01002180,1,3,0,0,Dry,Single carriageway,None,30,17:16:00,Urban,Fine no high winds,No,16 - 20,17,Urban area,3,998,None,None,Other/Not known (2005-10),Not at or within 20 metres of junction,NISSAN,MICRA LX,Petrol,Male,None,No tow/articulation,Did not leave carriageway,0,Slowing or stopping,2,Car,No,Back,2010
201037B046195,B,1113,NA,0,Slight,None,13-11-2010,Saturday,1,Data missing or out of range,Not at junction or within 20 metres,52.294264,Daylight,605880,270530,1.01768,E01030039,2,2,0,0,Wet or damp,Single carriageway,None,60,10:50:00,Rural,Fine no high winds,No,16 - 20,17,Rural,8,2800,None,None,Other/Not known (2005-10),Not at or within 20 metres of junction,MITSUBISHI,,Heavy oil,Male,Skidded,No tow/articulation,Nearside,0,Going ahead left-hand bend,1,Car,No,Offside,2010
201037G028881,Unclassified,5084,NA,0,Slight,None,26-02-2010,Friday,1,Data missing or out of range,Not at junction or within 20 metres,52.037349,Daylight,613140,242220,1.106212,E01029909,1,2,0,0,Wet or damp,Single carriageway,None,30,02:20:00,Urban,Fine no high winds,No,16 - 20,17,Small town,4,899,None,Tree,Other/Not known (2005-10),Not at or within 20 metres of junction,FIAT,CINQUECENTO,Petrol,Male,Skidded,No tow/articulation,Nearside,0,Going ahead other,1,Car,No,Front,2010
2010400C01185,A,6,NA,0,Slight,None,20-04-2010,Tuesday,1,Data missing or out of range,Not at junction or within 20 metres,51.924693,Daylight,508080,226300,-0.429674,E01015708,1,2,0,0,Dry,Single carriageway,None,40,15:10:00,Urban,Fine no high winds,No,16 - 20,17,Urban area,10,998,None,None,Other/Not known (2005-10),Not at or within 20 metres of junction,NISSAN,MICRA L AUTO,Petrol,Male,None,No tow/articulation,Did not leave carriageway,0,Going ahead other,1,Car,No,Front,2010
20104100D0475,A,4146,Unclassified,859,Slight,None,03-07-2010,Saturday,2,Auto traffic signal,T or staggered junction,51.747792,Daylight,505360,206560,-0.47522,E01023398,2,2,0,5,Dry,Dual carriageway,None,30,20:54:00,Urban,Fine no high winds,No,16 - 20,17,Data missing or out of range,NA,1118,None,None,Other/Not known (2005-10),Approaching junction or waiting/parked at junction approach,ROVER,METRO,Petrol,Male,None,No tow/articulation,Did not leave carriageway,0,Going ahead other,1,Car,No,Front,2010
20104100K0341,C,137,NA,,Slight,None,14-07-2010,Wednesday,1,Give way or uncontrolled,Private drive or entrance,51.762854,Daylight,537840,209020,-0.004027,E01023320,1,2,0,0,Dry,Single carriageway,None,30,19:10:00,Urban,Fine no high winds,No,16 - 20,17,Urban area,7,400,None,None,Commuting to/from work,Approaching junction or waiting/parked at junction approach,HONDA,,Petrol,Male,Overturned,No tow/articulation,Did not leave carriageway,0,Waiting to turn right,2,Motorcycle over 125cc and up to 500cc,No,Back,2010
201042I262608,Unclassified,0,NA,0,Slight,None,12-08-2010,Thursday,1,Not at junction or within 20 metres,Not at junction or within 20 metres,51.556344,Daylight,586920,187610,0.694993,E01015859,1,2,0,0,Dry,Single carriageway,None,30,14:40:00,Urban,Fine no high winds,No,16 - 20,17,Data missing or out of range,NA,2156,None,None,Other/Not known (2005-10),Not at or within 20 metres of junction,HONDA,ACCORD AERODECK A,Petrol,Male,None,No tow/articulation,Did not leave carriageway,0,Going ahead other,2,Car,No,Offside,2010
201043R020010,Unclassified,7002,Unclassified,7002,Slight,None,03-01-2010,Sunday,1,Give way or uncontrolled,T or staggered junction,51.397913,Daylight,488260,167310,-0.732701,E01016203,1,2,0,0,Dry,Single carriageway,None,30,16:17:00,Urban,Fine no high winds,No,16 - 20,17,Urban area,6,1119,None,None,Other/Not known (2005-10),Approaching junction or waiting/parked at junction approach,FORD,FIESTA I,Petrol,Male,None,No tow/articulation,Did not leave carriageway,0,Turning right,1,Car,No,Nearside,2010
201045RE51389,Unclassified,1232,C,224,Slight,None,21-05-2010,Friday,1,Give way or uncontrolled,T or staggered junction,51.241123,Daylight,527350,150690,-0.17699,E01030616,1,2,0,1,Dry,Single carriageway,None,30,15:24:00,Urban,Fine no high winds,No,16 - 20,17,Rural,8,1580,None,None,Other/Not known (2005-10),Cleared junction or waiting/parked at junction exit,PEUGEOT,405 GLI AUTO,Petrol,Male,None,No tow/articulation,Did not leave carriageway,0,Turning right,1,Car,No,Nearside,2010
201050DE2T004,Unclassified,0,NA,,Slight,None,01-03-2010,Monday,1,Give way or uncontrolled,Other junction,50.703915,Daylight,292440,90480,-3.524591,E01019970,1,2,0,0,Dry,Single carriageway,None,30,12:45:00,Urban,Fine no high winds,No,16 - 20,17,Urban area,7,1490,None,None,Other/Not known (2005-10),Entering main road,HONDA,CRX,Petrol,Male,None,No tow/articulation,Did not leave carriageway,0,Turning right,1,Car,No,Did not impact,2010
201050GW3O014,Unclassified,0,NA,0,Slight,None,15-08-2010,Sunday,1,Data missing or out of range,Not at junction or within 20 metres,50.348837,Daylight,206480,53430,-4.721536,E01019058,2,1,0,0,Dry,Single carriageway,None,30,17:00:00,Rural,Fine no high winds,No,16 - 20,17,Small town,4,124,None,None,Other/Not known (2005-10),Not at or within 20 metres of junction,HONDA,MTX125RW-L,Petrol,Male,None,No tow/articulation,Did not leave carriageway,0,Going ahead other,1,Motorcycle 125cc and under,No,Front,2010
201054DN22210,A,419,NA,0,Slight,None,21-07-2010,Wednesday,1,Not at junction or within 20 metres,Not at junction or within 20 metres,51.578006,Daylight,418450,186610,-1.735157,E01015551,2,3,0,0,Dry,Dual carriageway,None,70,16:55:00,Rural,Fine no high winds,No,16 - 20,17,Rural,8,1196,None,None,Other/Not known (2005-10),Not at or within 20 metres of junction,VAUXHALL,CORSA LS,Petrol,Male,None,No tow/articulation,Did not leave carriageway,0,Slowing or stopping,1,Car,No,Front,2010
201054EG17510,Unclassified,0,NA,0,Slight,None,22-05-2010,Saturday,1,Not at junction or within 20 metres,Not at junction or within 20 metres,51.272486,Daylight,385450,152620,-2.209979,E01032116,1,1,0,0,Dry,Single carriageway,None,60,18:39:00,Rural,Fine no high winds,No,16 - 20,17,Urban area,4,954,None,Telegraph or electricity pole,Other/Not known (2005-10),Not at or within 20 metres of junction,PEUGEOT,106 KEY LARGO,Petrol,Male,None,No tow/articulation,Nearside,0,Going ahead other,1,Car,No,Front,2010
201054ER23110,A,350,C,273,Slight,None,29-05-2010,Saturday,1,Give way or uncontrolled,T or staggered junction,51.183584,Daylight,386620,142730,-2.192835,E01032081,1,4,0,0,Wet or damp,Single carriageway,None,50,10:29:00,Rural,Fine no high winds,No,16 - 20,17,Urban area,3,2495,None,None,Other/Not known (2005-10),Mid Junction - on roundabout or on main road,LAND ROVER,90 DEFENDER TURBO DIES,Heavy oil,Male,None,No tow/articulation,Did not leave carriageway,0,Going ahead other,1,Car,No,Front,2010
201054EZ13810,C,50,NA,0,Slight,None,05-05-2010,Wednesday,1,Not at junction or within 20 metres,Not at junction or within 20 metres,51.384613,Daylight,403560,165070,-1.950247,E01031844,1,2,0,0,Dry,Single carriageway,None,60,08:42:00,Rural,Fine no high winds,No,16 - 20,17,Urban area,5,1196,None,None,Other/Not known (2005-10),Not at or within 20 metres of junction,VAUXHALL,CORSA LS,Petrol,Male,None,No tow/articulation,Did not leave carriageway,0,Going ahead other,1,Car,No,Front,2010
2010550C31650,Unclassified,0,NA,0,Slight,None,23-07-2010,Friday,1,Not at junction or within 20 metres,Not at junction or within 20 metres,50.723409,Daylight,403210,91540,-1.955909,E01015456,1,4,0,0,Dry,Single carriageway,None,30,15:25:00,Urban,Fine no high winds,No,16 - 20,17,Urban area,10,1124,None,None,Other/Not known (2005-10),Not at or within 20 metres of junction,CITROEN,AX ECHO PLUS,Petrol,Male,None,No tow/articulation,Did not leave carriageway,0,Going ahead other,1,Car,No,Front,2010
2010550D30391,A,357,NA,0,Slight,None,11-07-2010,Sunday,1,Not at junction or within 20 metres,Not at junction or within 20 metres,50.921484,Daylight,374200,113630,-2.36845,E01020433,2,2,0,0,Dry,Single carriageway,None,60,15:20:00,Rural,Fine no high winds,No,16 - 20,17,Urban area,3,1769,None,Tree,Other/Not known (2005-10),Not at or within 20 metres of junction,FORD,SIERRA AZURA,Petrol,Male,Skidded,No tow/articulation,Offside,0,Going ahead other,1,Car,No,Offside,2010
201001QA10140,A,409,NA,0,Slight,None,29-04-2010,Thursday,1,Data missing or out of range,Not at junction or within 20 metres,51.592104,Daylight,515520,189460,-0.333761,E01002180,1,3,0,0,Dry,Single carriageway,None,30,17:16:00,Urban,Fine no high winds,No,16 - 20,17,Urban area,3,998,None,None,Other/Not known (2005-10),Not at or within 20 metres of junction,NISSAN,MICRA LX,Petrol,Male,None,No tow/articulation,Did not leave carriageway,0,Slowing or stopping,2,Car,No,Back,2010
201004AL10095,A,583,Unclassified,0,Slight,None,05-06-2010,Saturday,1,Auto traffic signal,Crossroads,53.7782,Daylight,342780,431670,-2.869804,E01025011,1,2,0,4,Dry,Dual carriageway,None,50,17:20:00,Rural,Fine no high winds,No,16 - 20,17,Data missing or out of range,NA,1367,None,None,Other/Not known (2005-10),Mid Junction - on roundabout or on main road,VAUXHALL,NOVA SRI,Petrol,Male,None,No tow/articulation,Did not leave carriageway,0,Going ahead other,2,Car,No,Front,2010
201004AM10171,A,583,Unclassified,0,Slight,Other object on road,12-10-2010,Tuesday,1,Give way or uncontrolled,T or staggered junction,53.803923,Daylight,333160,434660,-3.016415,E01012689,1,1,0,0,Dry,Dual carriageway,None,30,15:50:00,Urban,Fine no high winds,No,16 - 20,17,Urban area,2,123,Other object,None,Other/Not known (2005-10),Mid Junction - on roundabout or on main road,CZ,,Petrol,Male,None,No tow/articulation,Nearside,0,Going ahead other,1,Motorcycle 125cc and under,No,Front,2010
201004EA10158,Unclassified,0,A,666,Slight,None,10-06-2010,Thursday,1,Give way or uncontrolled,T or staggered junction,53.757507,Daylight,369000,429120,-2.471677,E01012578,1,2,0,0,Dry,Single carriageway,None,30,17:28:00,Urban,Fine no high winds,No,16 - 20,17,Urban area,1,1975,None,None,Other/Not known (2005-10),Cleared junction or waiting/parked at junction exit,TOYOTA,COROLLA XLD,Heavy oil,Male,None,No tow/articulation,Did not leave carriageway,0,Slowing or stopping,1,Car,No,Front,2010