Accident_Index,1st_Road_Class,1st_Road_Number,2nd_Road_Class,2nd_Road_Number,Accident_Severity,Carriageway_Hazards,Date,Day_of_Week,Did_Police_Officer_Attend_Scene_of_Accident,Junction_Control,Junction_Detail,Latitude,Light_Conditions,Location_Easting_OSGR,Location_Northing_OSGR,Longitude,LSOA_of_Accident_Location,Number_of_Casualties,Number_of_Vehicles,Pedestrian_Crossing-Human_Control,Pedestrian_Crossing-Physical_Facilities,Road_Surface_Conditions,Road_Type,Special_Conditions_at_Site,Speed_limit,Time,Urban_or_Rural_Area,Weather_Conditions,InScotland,Age_Band_of_Driver,Age_of_Vehicle,Driver_Home_Area_Type,Driver_IMD_Decile,Engine_Capacity_.CC.,Hit_Object_in_Carriageway,Hit_Object_off_Carriageway,Journey_Purpose_of_Driver,Junction_Location,make,model,Propulsion_Code,Sex_of_Driver,Skidding_and_Overturning,Towing_and_Articulation,Vehicle_Leaving_Carriageway,Vehicle_Location.Restricted_Lane,Vehicle_Manoeuvre,Vehicle_Reference,Vehicle_Type,Was_Vehicle_Left_Hand_Drive,X1st_Point_of_Impact,Year
201005BB01757,A,566,A,5038,Slight,None,17-02-2010,Wednesday,1,Give way or uncontrolled,Roundabout,53.462145,Daylight,335290,396600,-2.976149,E01007051,2,3,0,0,Dry,Single carriageway,None,30,10:55:00,Urban,Fine no high winds,No,16 - 20,17,Urban area,2,1120,None,None,Other/Not known (2005-10),Leaving roundabout,ROVER,METRO RIO,Petrol,Male,None,No tow/articulation,Did not leave carriageway,0,Overtaking - nearside,1,Car,No,Front,2010
201006K030743,Unclassified,0,Unclassified,0,Slight,None,16-04-2010,Friday,1,Give way or uncontrolled,Crossroads,53.542967,Daylight,374050,405220,-2.39308,E01004902,1,2,0,0,Dry,Single carriageway,None,30,16:05:00,Urban,Fine no high winds,No,16 - 20,17,Urban area,1,1991,None,Other permanent object,Other/Not known (2005-10),Mid Junction - on roundabout or on main road,BMW,320 I SE,Petrol,Male,None,No tow/articulation,Straight ahead at junction,0,Going ahead other,1,Car,No,Front,2010
201014K074510,Unclassified,0,NA,0,Slight,None,14-03-2010,Sunday,1,Not at junction or within 20 metres,Not at junction or within 20 metres,53.364819,Daylight,439220,385490,-1.412081,E01008009,1,1,0,0,Dry,Single carriageway,None,30,20:45:00,Urban,Fine no high winds,No,16 - 20,17,Urban area,6,89,None,None,Other/Not known (2005-10),Not at or within 20 metres of junction,HONDA,C90-N,Petrol,Male,None,No tow/articulation,Did not leave carriageway,0,Going ahead other,1,Motorcycle 125cc and under,No,Did not impact,2010
201020E030713,Unclassified,0,NA,0,Slight,None,03-03-2010,Wednesday,1,Data missing or out of range,Not at junction or within 20 metres,52.463916,Daylight,409280,285120,-1.864846,E01009369,7,3,0,0,Dry,Single carriageway,None,30,17:45:00,Urban,Fine no high winds,No,16 - 20,17,Urban area,2,1762,None,None,Other/Not known (2005-10),Not at or within 20 metres of junction,TOYOTA,COROLLA GXI,Petrol,Male,None,No tow/articulation,Did not leave carriageway,0,Overtaking moving vehicle - offside,1,Car,No,Front,2010
201032D157710,Unclassified,0,NA,0,Slight,None,01-06-2010,Tuesday,1,Data missing or out of range,Not at junction or within 20 metres,53.230078,Daylight,509380,371590,-0.36284,E01026373,1,1,0,0,Dry,Single carriageway,None,60,06:39:00,Rural,Fine no high winds,No,16 - 20,17,Rural,5,1686,None,Tree,Other/Not known (2005-10),Not at or within 20 metres of junction,VAUXHALL,COMBO LS DIESEL,Heavy oil,Male,Skidded,No tow/articulation,Offside,0,Going ahead right-hand bend,1,Van / Goods 3.5 tonnes mgw or under,No,Front,2010
201050ED2L012,Unclassified,0,Unclassified,0,Slight,None,05-01-2020,Tuesday,1,Give way or uncontrolled,Other junction,22.0594786,Daylight,245040,54930,82.15530585,E01015046,2,2,0,0,Dry,Single carriageway,None,30,15:10:00,Urban,Fine no high winds,No,16 - 20,17,Urban area,1,1396,None,None,Other/Not known (2005-10),Approaching junction or waiting/parked at junction approach,ROVER,METRO SI AUTO,Petrol,Female,None,No tow/articulation,Did not leave carriageway,0,Turning right,2,Car,No,Offside,2019
201050FT2L014,Unclassified,0,Unclassified,0,Slight,None,05-05-2020,Tuesday,1,Give way or uncontrolled,T or staggered junction,28.4072368,Daylight,290200,63290,76.97892804,E01015208,1,2,0,0,Wet or damp,Single carriageway,None,60,08:28:00,Urban,Fine no high winds,No,16 - 20,17,Urban area,3,998,None,None,Other/Not known (2005-10),Approaching junction or waiting/parked at junction approach,NISSAN,MICRA L SHAPE,Petrol,Female,Skidded,No tow/articulation,Did not leave carriageway,0,Going ahead left-hand bend,1,Car,No,Front,2019
201043R050080,Unclassified,7302,Unclassified,7302,Slight,None,24-02-2019,Saturday,1,Give way or uncontrolled,T or staggered junction,28.54363004,Daylight,496430,179390,77.35905731,E01016463,1,2,0,8,Dry,Single carriageway,None,30,15:15:00,Urban,Fine no high winds,No,16 - 20,17,Urban area,2,2494,None,None,Commuting to/from work,Mid Junction - on roundabout or on main road,BMW,525 I SE,Petrol,Female,None,No tow/articulation,Did not leave carriageway,0,Turning right,1,Car,No,Did not impact,2020
201043R130020,Unclassified,7006,NA,0,Slight,None,01-12-2020,Monday,2,Data missing or out of range,Not at junction or within 20 metres,18.52264037,Daylight,487400,170760,73.82190611,E01016247,1,2,0,0,Dry,Single carriageway,None,40,10:00:00,Rural,Fine no high winds,No,16 - 20,17,Urban area,10,1275,None,None,Other/Not known (2005-10),Not at or within 20 metres of junction,NISSAN,MICRA LX,Petrol,Female,None,No tow/articulation,Did not leave carriageway,0,Going ahead other,1,Car,No,Front,2021
201043S085020,B,526,Unclassified,0,Slight,None,31-05-2020,Wednesday,1,Give way or uncontrolled,T or staggered junction,19.2088558,Daylight,488490,243360,72.85323107,E01016793,1,2,0,0,Dry,Single carriageway,None,30,15:45:00,Urban,Fine no high winds,No,16 - 20,17,Rural,6,1488,None,None,Journey as part of work,Entering main road,VAUXHALL,CORSA LS TD,Heavy oil,Female,None,No tow/articulation,Did not leave carriageway,0,Turning left,1,Car,No,Front,2021
201001SX20833,Unclassified,0,Unclassified,0,Slight,None,06-08-2010,Friday,1,Give way or uncontrolled,T or staggered junction,51.651235,Daylight,527220,196320,-0.16246,E01000169,1,2,0,0,Dry,Single carriageway,None,30,11:05:00,Urban,Fine no high winds,No,16 - 20,17,Urban area,8,1171,None,None,Other/Not known (2005-10),Mid Junction - on roundabout or on main road,RENAULT,CLIO OASIS,Petrol,Female,None,No tow/articulation,Did not leave carriageway,0,Slowing or stopping,1,Car,No,Front,2010
201043R050080,Unclassified,7302,Unclassified,7302,Slight,None,07-08-2010,Saturday,1,Give way or uncontrolled,T or staggered junction,51.505173,Daylight,496430,179390,-0.612007,E01016463,1,2,0,8,Dry,Single carriageway,None,30,15:15:00,Urban,Fine no high winds,No,16 - 20,17,Urban area,2,2494,None,None,Commuting to/from work,Mid Junction - on roundabout or on main road,BMW,525 I SE,Petrol,Female,None,No tow/articulation,Did not leave carriageway,0,Turning right,1,Car,No,Did not impact,2010
201043R130020,Unclassified,7006,NA,0,Slight,None,15-02-2010,Monday,2,Data missing or out of range,Not at junction or within 20 metres,51.429061,Daylight,487400,170760,-0.744211,E01016247,1,2,0,0,Dry,Single carriageway,None,40,10:00:00,Rural,Fine no high winds,No,16 - 20,17,Urban area,10,1275,None,None,Other/Not known (2005-10),Not at or within 20 metres of junction,NISSAN,MICRA LX,Petrol,Female,None,No tow/articulation,Did not leave carriageway,0,Going ahead other,1,Car,No,Front,2010
201043S085020,B,526,Unclassified,0,Slight,None,24-02-2010,Wednesday,1,Give way or uncontrolled,T or staggered junction,52.081494,Daylight,488490,243360,-0.710073,E01016793,1,2,0,0,Dry,Single carriageway,None,30,15:45:00,Urban,Fine no high winds,No,16 - 20,17,Rural,6,1488,None,None,Journey as part of work,Entering main road,VAUXHALL,CORSA LS TD,Heavy oil,Female,None,No tow/articulation,Did not leave carriageway,0,Turning left,1,Car,No,Front,2010
201050ED2L012,Unclassified,0,Unclassified,0,Slight,None,04-05-2010,Tuesday,1,Give way or uncontrolled,Other junction,50.373736,Daylight,245040,54930,-4.180614,E01015046,2,2,0,0,Dry,Single carriageway,None,30,15:10:00,Urban,Fine no high winds,No,16 - 20,17,Urban area,1,1396,None,None,Other/Not known (2005-10),Approaching junction or waiting/parked at junction approach,ROVER,METRO SI AUTO,Petrol,Female,None,No tow/articulation,Did not leave carriageway,0,Turning right,2,Car,No,Offside,2010
201050FT2L014,Unclassified,0,Unclassified,0,Slight,None,07-09-2010,Tuesday,1,Give way or uncontrolled,T or staggered junction,50.459064,Daylight,290200,63290,-3.548263,E01015208,1,2,0,0,Wet or damp,Single carriageway,None,60,08:28:00,Urban,Fine no high winds,No,16 - 20,17,Urban area,3,998,None,None,Other/Not known (2005-10),Approaching junction or waiting/parked at junction approach,NISSAN,MICRA L SHAPE,Petrol,Female,Skidded,No tow/articulation,Did not leave carriageway,0,Going ahead left-hand bend,1,Car,No,Front,2010
201001SX20833,Unclassified,0,Unclassified,0,Slight,None,06-08-2010,Friday,1,Give way or uncontrolled,T or staggered junction,51.651235,Daylight,527220,196320,-0.16246,E01000169,1,2,0,0,Dry,Single carriageway,None,30,11:05:00,Urban,Fine no high winds,No,16 - 20,17,Urban area,8,1171,None,None,Other/Not known (2005-10),Mid Junction - on roundabout or on main road,RENAULT,CLIO OASIS,Petrol,Female,None,No tow/articulation,Did not leave carriageway,0,Slowing or stopping,1,Car,No,Front,2010
201006L035167,B,5375,Unclassified,0,Slight,None,02-08-2010,Monday,1,Give way or uncontrolled,T or staggered junction,53.561701,Daylight,355830,407440,-2.668331,E01006259,1,3,0,0,Dry,Single carriageway,None,30,11:25:00,Urban,Fine no high winds,No,16 - 20,17,Urban area,10,998,None,None,Other/Not known (2005-10),Approaching junction or waiting/parked at junction approach,NISSAN,MICRA L SHAPE,Petrol,Female,None,No tow/articulation,Did not leave carriageway,0,Waiting to turn right,2,Car,No,Offside,2010
201020F037211,Unclassified,0,Unclassified,0,Slight,None,27-02-2010,Saturday,1,Give way or uncontrolled,T or staggered junction,52.478943,Daylight,408390,286790,-1.877905,E01009200,1,3,0,0,Dry,Single carriageway,None,30,14:10:00,Urban,Fine no high winds,No,16 - 20,17,Urban area,2,1389,None,None,Other/Not known (2005-10),Mid Junction - on roundabout or on main road,VAUXHALL,CORSA LS,Petrol,Female,None,No tow/articulation,Did not leave carriageway,0,Going ahead other,3,Car,No,Front,2010
201022F002598,A,488,A,5,Slight,None,16-05-2010,Sunday,1,Give way or uncontrolled,Roundabout,52.690614,Daylight,345880,310630,-2.802167,E01028955,1,2,0,0,Dry,Roundabout,None,30,12:40:00,Rural,Fine no high winds,No,16 - 20,17,Rural,6,1196,None,None,Other/Not known (2005-10),Entering roundabout,VAUXHALL,CORSA LS,Petrol,Female,None,No tow/articulation,Did not leave carriageway,0,Moving off,1,Car,No,Front,2010
2010400C00348,A,5065,Unclassified,0,Slight,None,07-08-2019,Saturday,2,Give way or uncontrolled,Roundabout,18.58274604,Daylight,506320,222110,73.79057993,E01015728,1,2,0,0,Dry,Single carriageway,None,40,17:50:00,Urban,Other,No,16 - 20,17,Rural,6,1196,None,None,Other/Not known (2005-10),Approaching junction or waiting/parked at junction approach,VAUXHALL,CORSA LS,Petrol,Male,None,No tow/articulation,Did not leave carriageway,0,Going ahead other,1,Car,No,Front,2021
2010400C00348,A,5065,Unclassified,0,Slight,None,30-01-2010,Saturday,2,Give way or uncontrolled,Roundabout,51.887373,Daylight,506320,222110,-0.456551,E01015728,1,2,0,0,Dry,Single carriageway,None,40,17:50:00,Urban,Other,No,16 - 20,17,Rural,6,1196,None,None,Other/Not known (2005-10),Approaching junction or waiting/parked at junction approach,VAUXHALL,CORSA LS,Petrol,Male,None,No tow/articulation,Did not leave carriageway,0,Going ahead other,1,Car,No,Front,2010
201001XD80039,A,40,NA,0,Slight,None,06-01-2010,Wednesday,1,Data missing or out of range,Not at junction or within 20 metres,51.52424,Daylight,520290,182020,-0.267478,E01001247,3,3,0,0,Wet or damp,Dual carriageway,None,30,12:30:00,Urban,Other,No,16 - 20,17,Rural,6,2495,None,None,Other/Not known (2005-10),Not at or within 20 metres of junction,LAND ROVER,110 DEFENDER TURBO DIES,Heavy oil,Male,None,No tow/articulation,Did not leave carriageway,0,Going ahead other,2,Car,No,Front,2010
201014B123610,Unclassified,0,Unclassified,0,Slight,None,22-11-2010,Monday,2,Give way or uncontrolled,T or staggered junction,53.57584,Daylight,440680,408980,-1.387108,E01007332,1,2,0,0,Wet or damp,Single carriageway,None,30,12:30:00,Rural,Other,No,16 - 20,17,Urban area,3,2495,None,None,Other/Not known (2005-10),Approaching junction or waiting/parked at junction approach,LAND ROVER,90 DEFENDER TURBO DIES,Heavy oil,Male,None,No tow/articulation,Did not leave carriageway,0,Going ahead other,2,Car,No,Front,2010
201050EK2B026,Unclassified,0,Unclassified,0,Slight,None,06-01-2020,Thursday,1,Give way or uncontrolled,Other junction,14.75674129,Daylight,250770,53770,78.50920968,E01015135,1,2,0,0,Wet or damp,Single carriageway,None,30,16:38:00,Urban,Raining + high winds,No,16 - 20,17,Urban area,5,1389,None,None,Journey as part of work,Approaching junction or waiting/parked at junction approach,VAUXHALL,CORSA LS,Petrol,Male,None,No tow/articulation,Did not leave carriageway,0,Going ahead other,1,Car,No,Front,2019
201050EK2B026,Unclassified,0,Unclassified,0,Slight,None,01-07-2010,Thursday,1,Give way or uncontrolled,Other junction,50.364793,Daylight,250770,53770,-4.09963,E01015135,1,2,0,0,Wet or damp,Single carriageway,None,30,16:38:00,Urban,Raining + high winds,No,16 - 20,17,Urban area,5,1389,None,None,Journey as part of work,Approaching junction or waiting/parked at junction approach,VAUXHALL,CORSA LS,Petrol,Male,None,No tow/articulation,Did not leave carriageway,0,Going ahead other,1,Car,No,Front,2010
201050GP2D020,A,39,NA,0,Slight,None,23-01-2020,Monday,3,Data missing or out of range,Not at junction or within 20 metres,26.75967485,Daylight,176720,34630,94.16681443,E01018899,1,3,0,0,Wet or damp,Single carriageway,None,30,08:46:00,Rural,Raining no high winds,No,16 - 20,17,Rural,5,1119,None,None,Pupil riding to/from school,Not at or within 20 metres of junction,FORD,FIESTA I,Petrol,Male,None,No tow/articulation,Did not leave carriageway,0,Going ahead other,1,Car,No,Front,2019
201034WN07050,A,43,C,38,Slight,None,18-03-2020,Friday,1,Give way or uncontrolled,T or staggered junction,15.33873407,Daylight,479440,261700,74.05499711,E01027139,3,2,0,0,Wet or damp,Dual carriageway,None,50,12:10:00,Urban,Raining no high winds,No,16 - 20,17,Small town,10,1119,None,Road sign or traffic signal,Other/Not known (2005-10),Mid Junction - on roundabout or on main road,FORD,FIESTA SUMMER SVP,Petrol,Male,None,No tow/articulation,Nearside,0,Going ahead other,2,Car,No,Front,2019
201034WN07050,A,43,C,38,Slight,None,15-01-2010,Friday,1,Give way or uncontrolled,T or staggered junction,52.247719,Daylight,479440,261700,-0.837824,E01027139,3,2,0,0,Wet or damp,Dual carriageway,None,50,12:10:00,Urban,Raining no high winds,No,16 - 20,17,Small town,10,1119,None,Road sign or traffic signal,Other/Not known (2005-10),Mid Junction - on roundabout or on main road,FORD,FIESTA SUMMER SVP,Petrol,Male,None,No tow/articulation,Nearside,0,Going ahead other,2,Car,No,Front,2010
201050GP2D020,A,39,NA,0,Slight,None,06-09-2010,Monday,3,Data missing or out of range,Not at junction or within 20 metres,50.169477,Daylight,176720,34630,-5.128142,E01018899,1,3,0,0,Wet or damp,Single carriageway,None,30,08:46:00,Rural,Raining no high winds,No,16 - 20,17,Rural,5,1119,None,None,Pupil riding to/from school,Not at or within 20 metres of junction,FORD,FIESTA I,Petrol,Male,None,No tow/articulation,Did not leave carriageway,0,Going ahead other,1,Car,No,Front,2010
201060L211705,A,547,NA,0,Slight,None,14-11-2010,Sunday,1,Data missing or out of range,Not at junction or within 20 metres,53.290104,Daylight,289970,378290,-3.65214,W01000153,2,3,0,0,Wet or damp,Dual carriageway,None,50,15:30:00,Urban,Raining no high winds,No,16 - 20,17,Urban area,NA,1905,Parked vehicle,None,Other/Not known (2005-10),Not at or within 20 metres of junction,PEUGEOT,205 GTI,Petrol,Female,Skidded,No tow/articulation,Nearside,0,Going ahead other,1,Car,No,Front,2010
201022C001592,A,44,A,449,Slight,None,23-03-2010,Tuesday,2,Give way or uncontrolled,T or staggered junction,52.19182,Daylight,384720,254870,-2.224962,E01032291,1,2,0,5,Wet or damp,One way street,None,30,15:48:00,Urban,Raining no high winds,No,16 - 20,17,Urban area,4,1119,None,None,Other/Not known (2005-10),Cleared junction or waiting/parked at junction exit,FORD,FIESTA SUMMER SVP,Petrol,Female,None,No tow/articulation,Did not leave carriageway,0,Slowing or stopping,2,Car,No,Back,2010
201022F002497,B,4397,NA,0,Slight,None,05-05-2010,Wednesday,2,Data missing or out of range,Not at junction or within 20 metres,52.794477,Daylight,340320,322250,-2.886536,E01028919,1,2,0,0,Wet or damp,Single carriageway,None,30,17:00:00,Rural,Raining no high winds,No,16 - 20,17,Urban area,4,1120,None,None,Other/Not known (2005-10),Not at or within 20 metres of junction,ROVER,METRO RIO,Petrol,Female,Skidded,No tow/articulation,Did not leave carriageway,0,Going ahead other,2,Car,No,Front,2010
201042I420512,A,127,NA,0,Slight,None,13-03-2019,Saturday,1,Not at junction or within 20 metres,Not at junction or within 20 metres,25.77517191,Daylight,564880,189640,87.49892766,E01021446,5,13,0,0,Snow,Dual carriageway,None,70,13:10:00,Rural,Snowing no high winds,No,16 - 20,17,Urban area,7,1196,None,None,Other/Not known (2005-10),Not at or within 20 metres of junction,VAUXHALL,CORSA LS,Petrol,Male,None,No tow/articulation,Did not leave carriageway,0,Going ahead other,12,Car,No,Back,2019
201042I420512,A,127,NA,0,Slight,None,18-12-2010,Saturday,1,Not at junction or within 20 metres,Not at junction or within 20 metres,51.581449,Daylight,564880,189640,0.378323,E01021446,5,13,0,0,Snow,Dual carriageway,None,70,13:10:00,Rural,Snowing no high winds,No,16 - 20,17,Urban area,7,1196,None,None,Other/Not known (2005-10),Not at or within 20 metres of junction,VAUXHALL,CORSA LS,Petrol,Male,None,No tow/articulation,Did not leave carriageway,0,Going ahead other,12,Car,No,Back,2010
201050JT2B023,Unclassified,0,Unclassified,0,Slight,None,21-06-2021,Wednesday,1,Give way or uncontrolled,Roundabout,25.77091724,Darkness - lights lit,248140,74450,87.48953927,E01020332,1,2,0,0,Dry,Roundabout,None,30,17:16:00,Urban,Fine no high winds,No,21 - 25,17,Rural,5,498,None,None,Commuting to/from work,Leaving roundabout,KAWASAKI,EX500-A6,Petrol,Male,None,No tow/articulation,Did not leave carriageway,0,Turning right,1,Motorcycle over 125cc and up to 500cc,No,Front,2019
201037L018024,Unclassified,1432,NA,0,Slight,None,21-12-2021,Sunday,1,Data missing or out of range,Not at junction or within 20 metres,15.18223171,Darkness - lights lit,642230,290370,74.07713011,E01030225,1,1,0,0,Dry,One way street,None,30,01:34:00,Urban,Fine no high winds,No,21 - 25,17,Urban area,8,1991,None,Other permanent object,Other/Not known (2005-10),Not at or within 20 metres of junction,BMW,320 I,Petrol,Male,Skidded,No tow/articulation,Nearside,0,Going ahead other,1,Car,No,Offside,2019
20104100E0462,A,602,NA,0,Slight,None,21-09-2021,Monday,1,Not at junction or within 20 metres,Not at junction or within 20 metres,14.74473964,Darkness - lights lit,523750,222590,78.50717453,E01023786,1,3,0,0,Dry,Dual carriageway,None,40,18:10:00,Urban,Fine no high winds,No,21 - 25,17,Urban area,8,1990,None,None,Commuting to/from work,Not at or within 20 metres of junction,SUBARU,,Petrol,Male,None,No tow/articulation,Did not leave carriageway,0,Overtaking moving vehicle - offside,2,Car,No,Offside,2019
201037L018024,Unclassified,1432,NA,0,Slight,None,25-04-2010,Sunday,1,Data missing or out of range,Not at junction or within 20 metres,52.457479,Darkness - lights lit,642230,290370,1.564023,E01030225,1,1,0,0,Dry,One way street,None,30,01:34:00,Urban,Fine no high winds,No,21 - 25,17,Urban area,8,1991,None,Other permanent object,Other/Not known (2005-10),Not at or within 20 metres of junction,BMW,320 I,Petrol,Male,Skidded,No tow/articulation,Nearside,0,Going ahead other,1,Car,No,Offside,2010
20104100E0462,A,602,NA,0,Slight,None,25-10-2010,Monday,1,Not at junction or within 20 metres,Not at junction or within 20 metres,51.888093,Darkness - lights lit,523750,222590,-0.203239,E01023786,1,3,0,0,Dry,Dual carriageway,None,40,18:10:00,Urban,Fine no high winds,No,21 - 25,17,Urban area,8,1990,None,None,Commuting to/from work,Not at or within 20 metres of junction,SUBARU,,Petrol,Male,None,No tow/articulation,Did not leave carriageway,0,Overtaking moving vehicle - offside,2,Car,No,Offside,2010
201050JT2B023,Unclassified,0,Unclassified,0,Slight,None,03-11-2010,Wednesday,1,Give way or uncontrolled,Roundabout,50.549971,Darkness - lights lit,248140,74450,-4.144974,E01020332,1,2,0,0,Dry,Roundabout,None,30,17:16:00,Urban,Fine no high winds,No,21 - 25,17,Rural,5,498,None,None,Commuting to/from work,Leaving roundabout,KAWASAKI,EX500-A6,Petrol,Male,None,No tow/articulation,Did not leave carriageway,0,Turning right,1,Motorcycle over 125cc and up to 500cc,No,Front,2010
201001YE80631,A,406,C,0,Slight,None,10-09-2010,Friday,1,Auto traffic signal,Crossroads,51.612819,Darkness - lights lit,530160,192120,-0.121547,E01001393,1,2,0,5,Dry,Single carriageway,None,30,20:12:00,Urban,Fine no high winds,No,21 - 25,17,Urban area,1,2494,None,None,Other/Not known (2005-10),Mid Junction - on roundabout or on main road,BMW,325 I SE AUTO,Petrol,Male,None,No tow/articulation,Did not leave carriageway,0,Going ahead other,2,Car,No,Front,2010
201014A009810,A,19,Unclassified,0,Slight,None,17-01-2010,Sunday,1,Give way or uncontrolled,T or staggered junction,53.55199,Darkness - lights lit,456580,406490,-1.147454,E01007509,4,2,0,0,Wet or damp,Single carriageway,None,30,18:25:00,Urban,Fine no high winds,No,21 - 25,17,Small town,3,1587,None,None,Other/Not known (2005-10),Mid Junction - on roundabout or on main road,TOYOTA,CARINA E XLI,Petrol,Male,Skidded,No tow/articulation,Did not leave carriageway,0,Going ahead left-hand bend,2,Car,No,Front,2010
201020H001690,A,454,Motorway,6,Slight,None,04-04-2010,Sunday,1,Auto traffic signal,Roundabout,52.585808,Darkness - lights lit,399180,298670,-2.013546,E01010270,1,2,0,0,Wet or damp,Roundabout,None,30,01:55:00,Urban,Fine no high winds,No,21 - 25,17,Data missing or out of range,NA,997,Bollard or refuge,Near/Offside crash barrier,Other/Not known (2005-10),Approaching junction or waiting/parked at junction approach,KAWASAKI,ZG1000-A7,Petrol,Male,Overturned,No tow/articulation,Offside,0,Overtaking moving vehicle - offside,2,Motorcycle 125cc and under,No,Offside,2010
20103102C0362,A,611,Unclassified,0,Slight,None,02-03-2010,Tuesday,1,Give way or uncontrolled,T or staggered junction,53.011741,Darkness - lights lit,454700,346360,-1.186161,E01013879,1,2,0,4,Dry,Single carriageway,None,30,18:00:00,Rural,Fine no high winds,No,21 - 25,17,Urban area,1,1468,None,None,Other/Not known (2005-10),Entering main road,PROTON,GL EMERALD,Petrol,Male,None,No tow/articulation,Did not leave carriageway,0,Turning right,2,Car,No,Offside,2010
201037G028980,A,1214,A,1214,Slight,None,10-05-2021,Sunday,1,Auto traffic signal,Crossroads,28.56647163,Darkness - lights lit,615030,244580,77.10119386,E01030023,1,1,0,5,Dry,Single carriageway,None,30,00:50:00,Urban,Fine no high winds,No,21 - 25,17,Data missing or out of range,NA,998,None,None,Other/Not known (2005-10),Mid Junction - on roundabout or on main road,NISSAN,MICRA L SHAPE,Petrol,Female,None,No tow/articulation,Did not leave carriageway,0,Going ahead other,1,Car,No,Nearside,2021
2010400B00702,A,5134,Unclassified,0,Slight,None,31-05-2020,Sunday,1,Give way or uncontrolled,T or staggered junction,18.61669941,Darkness - lights lit,506610,247870,73.75158549,E01017521,2,2,0,0,Dry,Single carriageway,None,30,18:50:00,Urban,Fine no high winds,No,21 - 25,17,Urban area,5,998,None,None,Other/Not known (2005-10),Mid Junction - on roundabout or on main road,NISSAN,MICRA L AUTO,Petrol,Female,None,No tow/articulation,Did not leave carriageway,0,Going ahead other,2,Car,No,Front,2021
201037G028980,A,1214,A,1214,Slight,None,07-03-2010,Sunday,1,Auto traffic signal,Crossroads,52.057807,Darkness - lights lit,615030,244580,1.135208,E01030023,1,1,0,5,Dry,Single carriageway,None,30,00:50:00,Urban,Fine no high winds,No,21 - 25,17,Data missing or out of range,NA,998,None,None,Other/Not known (2005-10),Mid Junction - on roundabout or on main road,NISSAN,MICRA L SHAPE,Petrol,Female,None,No tow/articulation,Did not leave carriageway,0,Going ahead other,1,Car,No,Nearside,2010
2010400B00702,A,5134,Unclassified,0,Slight,None,07-03-2010,Sunday,1,Give way or uncontrolled,T or staggered junction,52.118837,Darkness - lights lit,506610,247870,-0.444331,E01017521,2,2,0,0,Dry,Single carriageway,None,30,18:50:00,Urban,Fine no high winds,No,21 - 25,17,Urban area,5,998,None,None,Other/Not known (2005-10),Mid Junction - on roundabout or on main road,NISSAN,MICRA L AUTO,Petrol,Female,None,No tow/articulation,Did not leave carriageway,0,Going ahead other,2,Car,No,Front,2010
201005DD06796,A,58,Unclassified,0,Slight,None,29-11-2010,Monday,1,Auto traffic signal,Crossroads,53.458547,Darkness - lights lit,353040,395990,-2.70873,E01006812,2,3,0,5,Frost or ice,Single carriageway,None,30,01:09:00,Urban,Other,No,21 - 25,17,Urban area,1,1300,None,Other permanent object,Other/Not known (2005-10),Approaching junction or waiting/parked at junction approach,TOYOTA,,Petrol,Male,Skidded,No tow/articulation,Offside,0,Going ahead other,2,Car,No,Front,2010
201043N164110,C,173,NA,,Slight,None,18-04-2020,Friday,1,Give way or uncontrolled,Private drive or entrance,28.64222251,Darkness - lights lit,481840,211900,77.23638493,E01017721,1,3,0,0,Wet or damp,Single carriageway,None,30,17:40:00,Urban,Raining no high winds,No,21 - 25,17,Urban area,5,1330,None,None,Other/Not known (2005-10),Approaching junction or waiting/parked at junction approach,TOYOTA,,Petrol,Male,None,No tow/articulation,Did not leave carriageway,0,Going ahead other,1,Car,No,Front,2020
201043N164110,C,173,NA,,Slight,None,05-11-2010,Friday,1,Give way or uncontrolled,Private drive or entrance,51.799721,Darkness - lights lit,481840,211900,-0.814573,E01017721,1,3,0,0,Wet or damp,Single carriageway,None,30,17:40:00,Urban,Raining no high winds,No,21 - 25,17,Urban area,5,1330,None,None,Other/Not known (2005-10),Approaching junction or waiting/parked at junction approach,TOYOTA,,Petrol,Male,None,No tow/articulation,Did not leave carriageway,0,Going ahead other,1,Car,No,Front,2010
2010170S20250,C,148,NA,0,Slight,None,09-02-2010,Tuesday,1,Data missing or out of range,Not at junction or within 20 metres,54.617301,Darkness - lights lit,447570,524930,-1.264862,E01012216,1,1,0,0,Wet or damp,Single carriageway,None,30,23:19:00,Rural,Raining no high winds,No,21 - 25,17,Urban area,3,1389,None,Tree,Other/Not known (2005-10),Not at or within 20 metres of junction,VAUXHALL,ASTRA CALIFORNIA,Petrol,Male,Skidded,No tow/articulation,Nearside,0,Going ahead other,1,Car,No,Front,2010