Accident_Index,1st_Road_Class,1st_Road_Number,2nd_Road_Class,2nd_Road_Number,Accident_Severity,Carriageway_Hazards,Date,Day_of_Week,Did_Police_Officer_Attend_Scene_of_Accident,Junction_Control,Junction_Detail,Latitude,Light_Conditions,Location_Easting_OSGR,Location_Northing_OSGR,Longitude,LSOA_of_Accident_Location,Number_of_Casualties,Number_of_Vehicles,Pedestrian_Crossing-Human_Control,Pedestrian_Crossing-Physical_Facilities,Road_Surface_Conditions,Road_Type,Special_Conditions_at_Site,Speed_limit,Time,Urban_or_Rural_Area,Weather_Conditions,InScotland,Age_Band_of_Driver,Age_of_Vehicle,Driver_Home_Area_Type,Driver_IMD_Decile,Engine_Capacity_.CC.,Hit_Object_in_Carriageway,Hit_Object_off_Carriageway,Journey_Purpose_of_Driver,Junction_Location,make,model,Propulsion_Code,Sex_of_Driver,Skidding_and_Overturning,Towing_and_Articulation,Vehicle_Leaving_Carriageway,Vehicle_Location.Restricted_Lane,Vehicle_Manoeuvre,Vehicle_Reference,Vehicle_Type,Was_Vehicle_Left_Hand_Drive,X1st_Point_of_Impact,Year
201050JT2N001,A,386,NA,0,Slight,None,14-06-2010,Monday,1,Not at junction or within 20 metres,Not at junction or within 20 metres,50.584989,Darkness - lights lit,250460,78280,-4.11379,E01020324,1,2,0,0,Dry,Single carriageway,Road surface defective,60,21:41:00,Rural,Fine no high winds,No,16 - 20,16,Rural,7,1389,None,Other permanent object,Other/Not known (2005-10),Not at or within 20 metres of junction,VAUXHALL,CORSA LS,Petrol,Male,Skidded and overturned,No tow/articulation,Offside and rebounded,0,Going ahead other,2,Car,No,Front,2010
2010550C15598,A,3049,Unclassified,0,Slight,None,19-04-2010,Monday,1,Give way or uncontrolled,Other junction,50.729422,Darkness - lights lit,411430,92220,-1.839436,E01015281,2,2,0,4,Dry,Single carriageway,None,30,21:25:00,Urban,Fine no high winds,No,16 - 20,16,Urban area,2,1870,None,None,Other/Not known (2005-10),Mid Junction - on roundabout or on main road,RENAULT,19 RL BE BOP DIESEL,Heavy oil,Male,None,No tow/articulation,Did not leave carriageway,0,Going ahead other,1,Car,No,Front,2010
201001TX20006,A,315,Unclassified,0,Slight,None,05-01-2010,Tuesday,1,Give way or uncontrolled,T or staggered junction,51.456205,Darkness - lights lit,510120,174220,-0.416442,E01002595,1,1,0,0,Dry,Single carriageway,None,30,17:10:00,Urban,Fine no high winds,No,16 - 20,16,Urban area,2,1389,None,None,Other/Not known (2005-10),Cleared junction or waiting/parked at junction exit,VAUXHALL,CORSA GLS,Petrol,Male,None,No tow/articulation,Did not leave carriageway,0,Going ahead other,1,Car,No,Nearside,2010
201001WW50721,Unclassified,0,Unclassified,0,Slight,None,20-09-2010,Monday,1,Give way or uncontrolled,Crossroads,51.449724,Darkness - lights lit,525310,173850,-0.198052,E01004593,1,3,0,0,Dry,Single carriageway,None,30,20:30:00,Urban,Fine no high winds,No,16 - 20,16,Urban area,4,1331,Parked vehicle,None,Other/Not known (2005-10),Mid Junction - on roundabout or on main road,TOYOTA,COROLLA XLI,Petrol,Male,Skidded,No tow/articulation,Did not leave carriageway,0,Going ahead other,2,Car,No,Offside,2010
201004DL10133,A,6,Unclassified,0,Slight,None,16-12-2010,Thursday,1,Give way or uncontrolled,T or staggered junction,53.777456,Darkness - lights lit,353320,431470,-2.709843,E01025276,1,3,0,0,Wet or damp,Dual carriageway,None,30,18:30:00,Urban,Fine no high winds,No,16 - 20,16,Rural,10,124,None,None,Other/Not known (2005-10),Mid Junction - on roundabout or on main road,HONDA,CG125BR-K,Petrol,Male,None,No tow/articulation,Did not leave carriageway,0,Waiting to go - held up,2,Motorcycle 125cc and under,No,Back,2010
201014C024010,A,6123,NA,0,Slight,None,24-02-2010,Wednesday,2,Not at junction or within 20 metres,Not at junction or within 20 metres,53.416833,Darkness - lights lit,445210,391330,-1.321237,E01007711,1,2,0,0,Wet or damp,Single carriageway,None,40,19:38:00,Urban,Fine no high winds,No,16 - 20,16,Urban area,1,1590,None,None,Other/Not known (2005-10),Not at or within 20 metres of junction,SUZUKI,VITARA JLX SE AUTO,Petrol,Male,None,No tow/articulation,Did not leave carriageway,0,Going ahead other,2,Car,No,Front,2010
201014C112010,A,57,NA,0,Slight,None,18-09-2010,Saturday,1,Not at junction or within 20 metres,Not at junction or within 20 metres,53.361322,Darkness - lights lit,448850,385190,-1.267422,E01007748,1,1,0,0,Wet or damp,Single carriageway,None,50,23:45:00,Rural,Fine no high winds,No,16 - 20,16,Small town,4,1275,Kerb,Lamp post,Other/Not known (2005-10),Not at or within 20 metres of junction,ROVER,MINI TAHITI,Petrol,Male,Skidded,No tow/articulation,Offside,9,Going ahead right-hand bend,1,Car,No,Front,2010
201032D169410,B,1308,Unclassified,0,Slight,None,13-06-2010,Sunday,1,Give way or uncontrolled,Crossroads,53.230643,Darkness - lights lit,498200,371410,-0.530319,E01026122,3,2,0,0,Dry,Single carriageway,None,30,00:05:00,Urban,Fine no high winds,No,16 - 20,16,Urban area,5,1781,None,None,Other/Not known (2005-10),Approaching junction or waiting/parked at junction approach,VOLKSWAGEN,GOLF GL AUTO,Petrol,Male,None,No tow/articulation,Did not leave carriageway,0,Slowing or stopping,1,Car,No,Front,2010
2010550C49605,A,35,Unclassified,0,Slight,None,11-11-2020,Tuesday,1,Auto traffic signal,Crossroads,22.98515979,Darkness - lights lit,402420,91750,72.59419768,E01015466,1,2,0,5,Dry,Single carriageway,None,30,16:58:00,Urban,Fine no high winds,No,16 - 20,16,Urban area,10,1196,None,None,Other/Not known (2005-10),Approaching junction or waiting/parked at junction approach,VAUXHALL,CORSA SWING,Petrol,Female,None,No tow/articulation,Did not leave carriageway,0,Moving off,2,Car,No,Front,2019
2010550C49605,A,35,Unclassified,0,Slight,None,09-11-2010,Tuesday,1,Auto traffic signal,Crossroads,50.725301,Darkness - lights lit,402420,91750,-1.9671,E01015466,1,2,0,5,Dry,Single carriageway,None,30,16:58:00,Urban,Fine no high winds,No,16 - 20,16,Urban area,10,1196,None,None,Other/Not known (2005-10),Approaching junction or waiting/parked at junction approach,VAUXHALL,CORSA SWING,Petrol,Female,None,No tow/articulation,Did not leave carriageway,0,Moving off,2,Car,No,Front,2010
201030D000911,B,5353,NA,0,Slight,None,21-09-2010,Tuesday,1,Data missing or out of range,Not at junction or within 20 metres,52.781067,Darkness - lights lit,427980,320470,-1.586622,E01019862,1,2,0,0,Dry,Single carriageway,None,40,19:59:00,Urban,Fine no high winds,No,16 - 20,16,Urban area,6,998,None,None,Other/Not known (2005-10),Not at or within 20 metres of junction,NISSAN,MICRA L,Petrol,Female,None,No tow/articulation,Did not leave carriageway,0,Going ahead other,2,Car,No,Back,2010
201020E006211,Unclassified,0,Unclassified,0,Slight,None,12-01-2010,Tuesday,1,Give way or uncontrolled,T or staggered junction,52.443398,Darkness - lights lit,402970,282830,-1.957743,E01009291,1,2,0,0,Frost or ice,Single carriageway,None,30,00:17:00,Urban,Other,No,16 - 20,16,Urban area,2,1389,None,Lamp post,Other/Not known (2005-10),Mid Junction - on roundabout or on main road,VAUXHALL,ASTRA MERIT I AUTO,Petrol,Male,Skidded,No tow/articulation,Offside,0,Turning right,1,Car,No,Nearside,2010
201045RU55637,A,30,NA,0,Slight,None,13-11-2019,Friday,1,Data missing or out of range,Not at junction or within 20 metres,27.10242759,Darkness - lights lit,498280,169020,93.62172062,E01030692,3,2,0,0,Wet or damp,Single carriageway,None,60,16:37:00,Rural,Raining no high winds,No,16 - 20,16,Urban area,8,1171,None,None,Other/Not known (2005-10),Not at or within 20 metres of junction,RENAULT,CLIO RL PRIMA,Petrol,Male,None,No tow/articulation,Did not leave carriageway,0,Slowing or stopping,1,Car,No,Front,2019
201045RE49462,A,23,Unclassified,1266,Slight,None,25-08-2019,Thursday,1,Give way or uncontrolled,T or staggered junction,18.51710415,Darkness - lights lit,527860,150170,73.94330569,E01030613,1,2,0,0,Wet or damp,Single carriageway,None,30,20:05:00,Urban,Raining no high winds,No,16 - 20,16,Urban area,9,49,None,None,Other/Not known (2005-10),Mid Junction - on roundabout or on main road,PIAGGIO,,Petrol,Male,None,No tow/articulation,Did not leave carriageway,0,Going ahead other,2,Motorcycle 50cc and under,No,Front,2021
201001KD50550,A,124,Unclassified,0,Slight,Any animal in carriageway (except ridden horse),15-10-2010,Friday,1,Give way or uncontrolled,Crossroads,51.5651,Darkness - lights lit,552080,187420,0.19277,E01002319,1,2,0,4,Wet or damp,Single carriageway,None,30,20:59:00,Urban,Raining no high winds,No,16 - 20,16,Urban area,2,1997,Bollard or refuge,None,Other/Not known (2005-10),Approaching junction or waiting/parked at junction approach,ROVER,620 SLI,Petrol,Male,None,No tow/articulation,Nearside,0,Going ahead other,1,Car,No,Front,2010
201045RE49462,A,23,Unclassified,1266,Slight,None,18-03-2010,Thursday,1,Give way or uncontrolled,T or staggered junction,51.236335,Darkness - lights lit,527860,150170,-0.169873,E01030613,1,2,0,0,Wet or damp,Single carriageway,None,30,20:05:00,Urban,Raining no high winds,No,16 - 20,16,Urban area,9,49,None,None,Other/Not known (2005-10),Mid Junction - on roundabout or on main road,PIAGGIO,,Petrol,Male,None,No tow/articulation,Did not leave carriageway,0,Going ahead other,2,Motorcycle 50cc and under,No,Front,2010
201045RU55637,A,30,NA,0,Slight,None,12-11-2010,Friday,1,Data missing or out of range,Not at junction or within 20 metres,51.411639,Darkness - lights lit,498280,169020,-0.588239,E01030692,3,2,0,0,Wet or damp,Single carriageway,None,60,16:37:00,Rural,Raining no high winds,No,16 - 20,16,Urban area,8,1171,None,None,Other/Not known (2005-10),Not at or within 20 metres of junction,RENAULT,CLIO RL PRIMA,Petrol,Male,None,No tow/articulation,Did not leave carriageway,0,Slowing or stopping,1,Car,No,Front,2010
201001KD50550,A,124,Unclassified,0,Slight,Any animal in carriageway (except ridden horse),15-10-2010,Friday,1,Give way or uncontrolled,Crossroads,51.5651,Darkness - lights lit,552080,187420,0.19277,E01002319,1,2,0,4,Wet or damp,Single carriageway,None,30,20:59:00,Urban,Raining no high winds,No,16 - 20,16,Urban area,2,1997,Bollard or refuge,None,Other/Not known (2005-10),Approaching junction or waiting/parked at junction approach,ROVER,620 SLI,Petrol,Male,None,No tow/articulation,Nearside,0,Going ahead other,1,Car,No,Front,2010
201014B116010,A,629,NA,0,Slight,None,03-11-2010,Wednesday,1,Not at junction or within 20 metres,Not at junction or within 20 metres,53.489779,Darkness - lights lit,430730,399330,-1.538316,E01007421,1,1,0,0,Wet or damp,Dual carriageway,None,30,22:01:00,Rural,Raining no high winds,No,16 - 20,16,Urban area,1,1390,None,Other permanent object,Other/Not known (2005-10),Not at or within 20 metres of junction,RENAULT,CLIO RT AUTO,Petrol,Male,None,No tow/articulation,Nearside,0,Going ahead right-hand bend,1,Car,No,Front,2010
2010170L30240,Unclassified,0,Unclassified,0,Slight,None,12-02-2010,Friday,1,Give way or uncontrolled,T or staggered junction,54.596987,Darkness - lights lit,460280,522820,-1.068498,E01012128,1,2,0,0,Wet or damp,Single carriageway,None,30,17:31:00,Urban,Raining no high winds,No,16 - 20,16,Urban area,5,2495,None,None,Other/Not known (2005-10),Mid Junction - on roundabout or on main road,LAND ROVER,DISCOVERY TDI AUTO,Heavy oil,Male,None,No tow/articulation,Did not leave carriageway,0,Turning right,2,Car,No,Offside,2010
20104100B0614,A,1001,A,1057,Slight,None,10-01-2019,Sunday,2,Auto traffic signal,Roundabout,18.61813424,Darkness - lights lit,521330,208340,73.89886732,E01023938,1,2,0,5,Wet or damp,Roundabout,None,30,19:30:00,Urban,Raining no high winds,No,16 - 20,16,Urban area,6,899,None,None,Other/Not known (2005-10),Leaving roundabout,FIAT,CINQUECENTO,Petrol,Female,None,No tow/articulation,Did not leave carriageway,0,Turning right,2,Car,No,Back,2021
20104100B0614,A,1001,A,1057,Slight,None,31-10-2010,Sunday,2,Auto traffic signal,Roundabout,51.760561,Darkness - lights lit,521330,208340,-0.243375,E01023938,1,2,0,5,Wet or damp,Roundabout,None,30,19:30:00,Urban,Raining no high winds,No,16 - 20,16,Urban area,6,899,None,None,Other/Not known (2005-10),Leaving roundabout,FIAT,CINQUECENTO,Petrol,Female,None,No tow/articulation,Did not leave carriageway,0,Turning right,2,Car,No,Back,2010
20104100G0703,A,505,B,197,Slight,None,28-12-2021,Thursday,1,Give way or uncontrolled,T or staggered junction,18.58628885,Darkness - lights lit,523770,230840,73.77622284,E01023639,3,2,0,0,Wet or damp,Dual carriageway,None,50,15:10:00,Rural,Snowing no high winds,No,16 - 20,16,Urban area,4,1196,None,None,Journey as part of work,Mid Junction - on roundabout or on main road,VAUXHALL,CORSA LS,Petrol,Female,None,No tow/articulation,Did not leave carriageway,0,Slowing or stopping,2,Car,No,Back,2021
20104100G0703,A,505,B,197,Slight,None,16-12-2010,Thursday,1,Give way or uncontrolled,T or staggered junction,51.962228,Darkness - lights lit,523770,230840,-0.199984,E01023639,3,2,0,0,Wet or damp,Dual carriageway,None,50,15:10:00,Rural,Snowing no high winds,No,16 - 20,16,Urban area,4,1196,None,None,Journey as part of work,Mid Junction - on roundabout or on main road,VAUXHALL,CORSA LS,Petrol,Female,None,No tow/articulation,Did not leave carriageway,0,Slowing or stopping,2,Car,No,Back,2010
2010160A01931,Unclassified,0,Unclassified,0,Slight,None,22-06-2010,Tuesday,1,Give way or uncontrolled,T or staggered junction,53.536198,Darkness - lights unlit,531360,406220,-0.019363,E01013157,2,3,0,4,Dry,Single carriageway,None,30,11:21:00,Urban,Fine no high winds,No,16 - 20,16,Urban area,2,1597,None,None,Other/Not known (2005-10),Mid Junction - on roundabout or on main road,NISSAN,PRIMERA CIRCUIT,Petrol,Male,None,No tow/articulation,Did not leave carriageway,0,Waiting to go - held up,3,Car,No,Back,2010
201042I024801,A,131,Unclassified,0,Slight,None,18-08-2019,Friday,2,Give way or uncontrolled,T or staggered junction,25.7799376,Darkness - no lighting,584980,238960,87.49342202,E01021406,1,2,0,0,Wet or damp,Dual carriageway,None,60,17:40:00,Rural,Fine no high winds,No,16 - 20,16,Small town,9,954,None,None,Other/Not known (2005-10),Approaching junction or waiting/parked at junction approach,CITROEN,AX CASCADE,Petrol,Male,Skidded,No tow/articulation,Did not leave carriageway,0,Slowing or stopping,1,Car,No,Front,2019
201054ED42710,C,212,NA,0,Slight,None,14-05-2021,Monday,1,Not at junction or within 20 metres,Not at junction or within 20 metres,18.49631492,Darkness - no lighting,388040,164030,73.90086644,E01032057,2,2,0,0,Wet or damp,Single carriageway,None,60,17:48:00,Rural,Fine no high winds,No,16 - 20,16,Urban area,9,1124,None,None,Other/Not known (2005-10),Not at or within 20 metres of junction,PEUGEOT,106 GRADUATE,Petrol,Male,None,No tow/articulation,Did not leave carriageway,0,Going ahead left-hand bend,1,Car,No,Front,2021
201042I024801,A,131,Unclassified,0,Slight,None,29-01-2010,Friday,2,Give way or uncontrolled,T or staggered junction,52.018176,Darkness - no lighting,584980,238960,0.694399,E01021406,1,2,0,0,Wet or damp,Dual carriageway,None,60,17:40:00,Rural,Fine no high winds,No,16 - 20,16,Small town,9,954,None,None,Other/Not known (2005-10),Approaching junction or waiting/parked at junction approach,CITROEN,AX CASCADE,Petrol,Male,Skidded,No tow/articulation,Did not leave carriageway,0,Slowing or stopping,1,Car,No,Front,2010
201054ED42710,C,212,NA,0,Slight,None,29-11-2010,Monday,1,Not at junction or within 20 metres,Not at junction or within 20 metres,51.375144,Darkness - no lighting,388040,164030,-2.173237,E01032057,2,2,0,0,Wet or damp,Single carriageway,None,60,17:48:00,Rural,Fine no high winds,No,16 - 20,16,Urban area,9,1124,None,None,Other/Not known (2005-10),Not at or within 20 metres of junction,PEUGEOT,106 GRADUATE,Petrol,Male,None,No tow/articulation,Did not leave carriageway,0,Going ahead left-hand bend,1,Car,No,Front,2010
201050KE2C018,Unclassified,0,NA,0,Slight,None,15-07-2020,Tuesday,1,Data missing or out of range,Not at junction or within 20 metres,26.74311458,Darkness - no lighting,302360,80570,94.17836381,E01019914,3,1,0,0,Wet or damp,Single carriageway,None,60,22:20:00,Rural,Fine no high winds,No,16 - 20,16,Small town,10,1392,None,None,Other/Not known (2005-10),Not at or within 20 metres of junction,NISSAN,SUNNY SPRAY,Petrol,Female,None,No tow/articulation,Did not leave carriageway,0,Going ahead other,1,Car,No,Front,2019
201037L018196,A,1120,A,1120,Slight,None,12-11-2020,Friday,1,Stop sign,T or staggered junction,28.72071015,Darkness - no lighting,622930,263100,77.23358593,E01030154,1,1,0,0,Dry,Single carriageway,None,30,23:50:00,Rural,Fine no high winds,No,16 - 20,16,Urban area,3,1389,None,Other permanent object,Other/Not known (2005-10),Cleared junction or waiting/parked at junction exit,VAUXHALL,CORSA LS,Petrol,Female,Skidded and overturned,No tow/articulation,Straight ahead at junction,0,Turning right,1,Car,No,Nearside,2020
201037L018196,A,1120,A,1120,Slight,None,25-06-2010,Friday,1,Stop sign,T or staggered junction,52.220925,Darkness - no lighting,622930,263100,1.262383,E01030154,1,1,0,0,Dry,Single carriageway,None,30,23:50:00,Rural,Fine no high winds,No,16 - 20,16,Urban area,3,1389,None,Other permanent object,Other/Not known (2005-10),Cleared junction or waiting/parked at junction exit,VAUXHALL,CORSA LS,Petrol,Female,Skidded and overturned,No tow/articulation,Straight ahead at junction,0,Turning right,1,Car,No,Nearside,2010
201050KE2C018,Unclassified,0,NA,0,Slight,None,14-09-2010,Tuesday,1,Data missing or out of range,Not at junction or within 20 metres,50.616573,Darkness - no lighting,302360,80570,-3.381538,E01019914,3,1,0,0,Wet or damp,Single carriageway,None,60,22:20:00,Rural,Fine no high winds,No,16 - 20,16,Small town,10,1392,None,None,Other/Not known (2005-10),Not at or within 20 metres of junction,NISSAN,SUNNY SPRAY,Petrol,Female,None,No tow/articulation,Did not leave carriageway,0,Going ahead other,1,Car,No,Front,2010
2010400D00413,Unclassified,244,Unclassified,243,Slight,None,18-04-2019,Wednesday,1,Give way or uncontrolled,T or staggered junction,14.77927435,Darkness - no lighting,494330,228470,78.49675245,E01017577,1,2,0,0,Wet or damp,Single carriageway,None,60,17:45:00,Rural,Raining no high winds,No,16 - 20,16,Rural,8,1598,None,None,Journey as part of work,Mid Junction - on roundabout or on main road,VAUXHALL,ASTRA GLS I AUTO,Petrol,Male,None,No tow/articulation,Did not leave carriageway,0,Going ahead other,2,Car,No,Front,2019
201054EM08810,A,345,NA,0,Slight,None,23-07-2021,Monday,1,Not at junction or within 20 metres,Not at junction or within 20 metres,26.46165097,Darkness - no lighting,415050,146980,74.63496315,E01031987,1,1,0,0,Wet or damp,Single carriageway,None,60,21:12:00,Rural,Raining no high winds,No,16 - 20,16,Small town,5,1124,Kerb,None,Other/Not known (2005-10),Not at or within 20 metres of junction,CITROEN,AX 11 ECHO,Petrol,Male,Overturned,No tow/articulation,Did not leave carriageway,0,Going ahead left-hand bend,1,Car,No,Offside,2020
2010400D00413,Unclassified,244,Unclassified,243,Slight,None,03-02-2010,Wednesday,1,Give way or uncontrolled,T or staggered junction,51.946695,Darkness - no lighting,494330,228470,-0.628972,E01017577,1,2,0,0,Wet or damp,Single carriageway,None,60,17:45:00,Rural,Raining no high winds,No,16 - 20,16,Rural,8,1598,None,None,Journey as part of work,Mid Junction - on roundabout or on main road,VAUXHALL,ASTRA GLS I AUTO,Petrol,Male,None,No tow/articulation,Did not leave carriageway,0,Going ahead other,2,Car,No,Front,2010
201054EM08810,A,345,NA,0,Slight,None,29-03-2010,Monday,1,Not at junction or within 20 metres,Not at junction or within 20 metres,51.221763,Darkness - no lighting,415050,146980,-1.785892,E01031987,1,1,0,0,Wet or damp,Single carriageway,None,60,21:12:00,Rural,Raining no high winds,No,16 - 20,16,Small town,5,1124,Kerb,None,Other/Not known (2005-10),Not at or within 20 metres of junction,CITROEN,AX 11 ECHO,Petrol,Male,Overturned,No tow/articulation,Did not leave carriageway,0,Going ahead left-hand bend,1,Car,No,Offside,2010
201037B044350,C,688,NA,0,Slight,None,19-01-2020,Thursday,1,Data missing or out of range,Not at junction or within 20 metres,14.70772985,Darkness - no lighting,582490,264040,78.58083531,E01030098,1,1,0,0,Frost or ice,Single carriageway,None,60,21:55:00,Rural,Snowing no high winds,No,16 - 20,16,Urban area,3,1196,None,Other permanent object,Other/Not known (2005-10),Not at or within 20 metres of junction,VAUXHALL,CORSA GLS,Petrol,Male,Skidded and overturned,No tow/articulation,Nearside,0,Going ahead left-hand bend,1,Car,No,Front,2019
201037B044350,C,688,NA,0,Slight,None,11-02-2010,Thursday,1,Data missing or out of range,Not at junction or within 20 metres,52.244242,Darkness - no lighting,582490,264040,0.671601,E01030098,1,1,0,0,Frost or ice,Single carriageway,None,60,21:55:00,Rural,Snowing no high winds,No,16 - 20,16,Urban area,3,1196,None,Other permanent object,Other/Not known (2005-10),Not at or within 20 metres of junction,VAUXHALL,CORSA GLS,Petrol,Male,Skidded and overturned,No tow/articulation,Nearside,0,Going ahead left-hand bend,1,Car,No,Front,2010
201045EL56711,A,307,NA,0,Slight,None,07-10-2021,Sunday,1,Data missing or out of range,Not at junction or within 20 metres,25.79238532,Daylight,513730,164480,87.47790704,E01030307,3,2,0,0,Dry,Single carriageway,None,30,15:34:00,Urban,Fine no high winds,No,16 - 20,16,Urban area,9,1272,None,None,Other/Not known (2005-10),Not at or within 20 metres of junction,VOLKSWAGEN,POLO CL COUPE,Petrol,Male,None,No tow/articulation,Did not leave carriageway,0,Going ahead other,2,Car,No,Front,2019
20104100J0136,Unclassified,550,NA,0,Slight,None,28-02-2021,Monday,2,Not at junction or within 20 metres,Not at junction or within 20 metres,22.10311167,Daylight,519920,196520,82.12473065,E01023541,1,3,0,0,Dry,Single carriageway,None,30,13:00:00,Urban,Fine no high winds,No,16 - 20,16,Urban area,3,1389,Parked vehicle,None,Other/Not known (2005-10),Not at or within 20 metres of junction,VAUXHALL,CORSA LS,Petrol,Male,Skidded,No tow/articulation,Did not leave carriageway,0,Going ahead other,2,Car,No,Front,2019
201045SU51964,Unclassified,46,NA,0,Slight,None,28-08-2020,Wednesday,1,Data missing or out of range,Not at junction or within 20 metres,22.09966708,Daylight,490440,154630,82.11899788,E01030466,2,1,0,0,Dry,Single carriageway,None,60,15:02:00,Rural,Fine no high winds,No,16 - 20,16,Urban area,10,1294,None,Road sign or traffic signal,Other/Not known (2005-10),Not at or within 20 metres of junction,PEUGEOT,106 RALLYE,Petrol,Male,Skidded and overturned,No tow/articulation,Offside and rebounded,0,Going ahead left-hand bend,1,Car,No,Front,2019
2010400C01441,Unclassified,0,Unclassified,0,Slight,None,29-08-2019,Saturday,1,Give way or uncontrolled,T or staggered junction,23.0096729,Daylight,505800,222240,72.5124678,E01015715,2,4,0,0,Dry,Single carriageway,None,30,13:49:00,Urban,Fine no high winds,No,16 - 20,16,Urban area,3,1991,Parked vehicle,None,Other/Not known (2005-10),Approaching junction or waiting/parked at junction approach,BMW,320 I AUTO,Petrol,Male,None,No tow/articulation,Did not leave carriageway,0,Going ahead other,1,Car,No,Front,2019
201043N046050,B,416,B,416,Slight,None,23-07-2019,Friday,1,Stop sign,T or staggered junction,12.97673324,Daylight,498180,182750,77.53395132,E01017832,1,2,0,0,Dry,Single carriageway,None,40,08:57:00,Urban,Fine no high winds,No,16 - 20,16,Urban area,3,1119,None,None,Commuting to/from work,Approaching junction or waiting/parked at junction approach,FORD,FIESTA I,Petrol,Male,None,No tow/articulation,Did not leave carriageway,0,Turning right,1,Car,No,Front,2020
201054EN29810,Unclassified,0,NA,0,Slight,None,04-02-2021,Wednesday,1,Not at junction or within 20 metres,Not at junction or within 20 metres,8.867181219,Daylight,402200,169350,76.67968887,E01031938,1,2,0,0,Dry,Single carriageway,None,30,14:30:00,Rural,Fine no high winds,No,16 - 20,16,Urban area,6,NA,None,None,Journey as part of work,Not at or within 20 metres of junction,FORD NEW HOLLAND,,Heavy oil,Male,None,Single trailer,Did not leave carriageway,0,Going ahead other,1,Agricultural vehicle,No,Did not impact,2020
20104100G0323,A,602,Unclassified,371,Slight,None,19-11-2020,Friday,1,Give way or uncontrolled,T or staggered junction,26.47484027,Daylight,518160,228690,74.63671168,E01023615,1,2,0,0,Dry,Single carriageway,None,50,18:45:00,Rural,Fine no high winds,No,16 - 20,16,Urban area,10,1360,None,Road sign or traffic signal,Other/Not known (2005-10),Leaving main road,PEUGEOT,306 XR,Petrol,Male,None,No tow/articulation,Nearside,0,Turning right,1,Car,No,Nearside,2020
201043P025010,Unclassified,194,NA,0,Slight,None,15-05-2020,Sunday,1,Data missing or out of range,Not at junction or within 20 metres,26.47053918,Daylight,434230,207890,80.2881919,E01028784,1,2,0,0,Snow,Single carriageway,None,60,12:59:00,Rural,Fine no high winds,No,16 - 20,16,Rural,9,2495,None,None,Other/Not known (2005-10),Not at or within 20 metres of junction,LAND ROVER,90 DEFENDER TDI,Heavy oil,Male,Skidded,No tow/articulation,Did not leave carriageway,0,Going ahead left-hand bend,1,Car,No,Front,2020
201050JS2F006,A,385,Unclassified,0,Slight,None,05-11-2021,Friday,1,Give way or uncontrolled,T or staggered junction,28.65940551,Daylight,282150,60620,77.11328684,E01020156,1,2,0,0,Dry,Single carriageway,None,40,08:47:00,Rural,Fine no high winds,No,16 - 20,16,Small town,6,1119,None,None,Other/Not known (2005-10),Cleared junction or waiting/parked at junction exit,FORD,FIESTA I,Petrol,Male,None,No tow/articulation,Did not leave carriageway,0,Going ahead right-hand bend,1,Car,No,Front,2020
201054EY43610,A,429,C,1,Slight,None,13-09-2020,Thursday,1,Give way or uncontrolled,T or staggered junction,28.5484108,Daylight,391320,182560,77.18481391,E01031960,1,2,0,0,Dry,Single carriageway,None,60,08:49:00,Rural,Fine no high winds,No,16 - 20,16,Rural,10,124,None,None,Commuting to/from work,Approaching junction or waiting/parked at junction approach,YAMAHA,,Petrol,Male,Skidded,No tow/articulation,Did not leave carriageway,0,Going ahead other,1,Motorcycle 125cc and under,No,Front,2020
201054EW24110,C,12,NA,0,Slight,None,27-03-2021,Sunday,1,Not at junction or within 20 metres,Not at junction or within 20 metres,28.66815315,Daylight,407590,126320,77.06370779,E01031990,1,2,0,0,Dry,Single carriageway,None,30,15:20:00,Rural,Fine no high winds,No,16 - 20,16,Rural,7,1389,Parked vehicle,Other permanent object,Other/Not known (2005-10),Not at or within 20 metres of junction,VAUXHALL,ASTRA CESARO,Petrol,Male,None,No tow/articulation,Offside,0,Going ahead other,1,Car,No,Offside,2020
201043N197100,A,4128,C,77,Slight,None,15-12-2019,Sunday,1,Give way or uncontrolled,Roundabout,28.69575399,Daylight,486460,196340,77.36888386,E01017870,2,2,0,0,Dry,Roundabout,None,50,14:28:00,Rural,Fine no high winds,No,16 - 20,16,Urban area,10,2494,Bollard or refuge,None,Other/Not known (2005-10),Mid Junction - on roundabout or on main road,BMW,325 I,Petrol,Male,Skidded,No tow/articulation,Did not leave carriageway,0,Going ahead other,1,Car,No,Nearside,2020
201050AC3D010,C,27,Unclassified,0,Slight,None,06-06-2019,Monday,1,Give way or uncontrolled,More than 4 arms (not roundabout),28.61246898,Daylight,166950,42540,77.28453564,E01018890,2,2,0,0,Dry,Single carriageway,None,30,10:08:00,Urban,Fine no high winds,No,16 - 20,16,Urban area,4,1120,None,None,Other/Not known (2005-10),Mid Junction - on roundabout or on main road,ROVER,METRO RIO,Petrol,Male,None,No tow/articulation,Did not leave carriageway,0,Going ahead right-hand bend,2,Car,No,Front,2021