Accident_Index,1st_Road_Class,1st_Road_Number,2nd_Road_Class,2nd_Road_Number,Accident_Severity,Carriageway_Hazards,Date,Day_of_Week,Did_Police_Officer_Attend_Scene_of_Accident,Junction_Control,Junction_Detail,Latitude,Light_Conditions,Location_Easting_OSGR,Location_Northing_OSGR,Longitude,LSOA_of_Accident_Location,Number_of_Casualties,Number_of_Vehicles,Pedestrian_Crossing-Human_Control,Pedestrian_Crossing-Physical_Facilities,Road_Surface_Conditions,Road_Type,Special_Conditions_at_Site,Speed_limit,Time,Urban_or_Rural_Area,Weather_Conditions,InScotland,Age_Band_of_Driver,Age_of_Vehicle,Driver_Home_Area_Type,Driver_IMD_Decile,Engine_Capacity_.CC.,Hit_Object_in_Carriageway,Hit_Object_off_Carriageway,Journey_Purpose_of_Driver,Junction_Location,make,model,Propulsion_Code,Sex_of_Driver,Skidding_and_Overturning,Towing_and_Articulation,Vehicle_Leaving_Carriageway,Vehicle_Location.Restricted_Lane,Vehicle_Manoeuvre,Vehicle_Reference,Vehicle_Type,Was_Vehicle_Left_Hand_Drive,X1st_Point_of_Impact,Year
201050CT2T003,A,377,NA,0,Slight,None,04-05-2019,Monday,1,Not at junction or within 20 metres,Not at junction or within 20 metres,28.56116343,Daylight,262240,120400,77.31736132,E01020308,1,2,0,0,Dry,Single carriageway,None,60,12:48:00,Rural,Fine no high winds,No,16 - 20,16,Rural,4,1587,None,None,Other/Not known (2005-10),Not at or within 20 metres of junction,PEUGEOT,306 XR,Petrol,Male,None,No tow/articulation,Did not leave carriageway,0,Going ahead left-hand bend,1,Car,No,Did not impact,2021
2010550C31459,A,3060,Unclassified,0,Slight,None,01-01-2019,Thursday,1,Auto traffic signal,T or staggered junction,18.61212076,Daylight,413000,93770,73.81880281,E01015319,1,2,0,5,Dry,Dual carriageway,None,30,19:25:00,Urban,Fine no high winds,No,16 - 20,16,Urban area,4,998,Kerb,Road sign or traffic signal,Other/Not known (2005-10),Approaching junction or waiting/parked at junction approach,NISSAN,MICRA WAVE,Petrol,Male,Skidded,No tow/articulation,Nearside and rebounded,0,Going ahead other,1,Car,No,Did not impact,2021
201043N235020,Unclassified,2216,Unclassified,2216,Slight,None,18-12-2021,Monday,2,Give way or uncontrolled,T or staggered junction,18.50360913,Daylight,481810,214050,73.86448759,E01017633,1,2,0,0,Dry,Single carriageway,None,30,13:00:00,Urban,Fine no high winds,No,16 - 20,16,Urban area,9,1124,None,None,Commuting to/from work,Approaching junction or waiting/parked at junction approach,PEUGEOT,106 MARDI GRAS,Petrol,Male,None,No tow/articulation,Did not leave carriageway,0,Turning right,2,Car,No,Offside,2021
201054EV42910,A,350,NA,0,Slight,None,25-03-2021,Thursday,1,Not at junction or within 20 metres,Not at junction or within 20 metres,18.62140548,Daylight,386760,125500,73.90421374,E01032010,1,1,0,0,Wet or damp,Single carriageway,None,50,10:28:00,Rural,Fine no high winds,No,16 - 20,16,Small town,8,NA,Kerb,Tree,Journey as part of work,Not at or within 20 metres of junction,FORD NEW HOLLAND,,Heavy oil,Male,Skidded and overturned,Single trailer,Offside,0,Going ahead right-hand bend,1,Agricultural vehicle,No,Nearside,2021
20104100D0225,Unclassified,190,Unclassified,208,Slight,None,14-07-2019,Saturday,1,Give way or uncontrolled,T or staggered junction,18.59476122,Daylight,492080,211370,73.86829659,E01023426,1,2,0,0,Dry,Single carriageway,None,30,08:39:00,Urban,Fine no high winds,No,16 - 20,16,Urban area,10,954,None,None,Other/Not known (2005-10),Approaching junction or waiting/parked at junction approach,PEUGEOT,106 MARDI GRAS,Petrol,Male,None,No tow/articulation,Did not leave carriageway,0,Parked,1,Car,No,Offside,2021
201050BU2L004,A,3072,NA,0,Slight,None,24-01-2020,Wednesday,1,Not at junction or within 20 metres,Not at junction or within 20 metres,19.09490405,Daylight,223760,105670,72.9098092,E01018959,2,2,0,0,Dry,Single carriageway,None,60,13:25:00,Rural,Fine no high winds,No,16 - 20,16,Small town,3,1171,None,None,Other/Not known (2005-10),Not at or within 20 metres of junction,RENAULT,CLIO RL PRIMA,Petrol,Male,Skidded,No tow/articulation,Did not leave carriageway,0,Overtaking moving vehicle - offside,1,Car,No,Front,2021
201043N035020,C,70,C,77,Slight,None,25-01-2019,Tuesday,1,Give way or uncontrolled,T or staggered junction,19.07979922,Daylight,479030,211620,72.86704851,E01017678,1,2,0,0,Dry,Single carriageway,None,40,14:47:00,Rural,Fine no high winds,No,16 - 20,16,Rural,9,2495,None,None,Other/Not known (2005-10),Approaching junction or waiting/parked at junction approach,LAND ROVER,110 DEFENDER TDI,Heavy oil,Male,None,No tow/articulation,Did not leave carriageway,0,Going ahead other,1,Car,No,Front,2021
2010400C01441,Unclassified,0,Unclassified,0,Slight,None,15-05-2010,Saturday,1,Give way or uncontrolled,T or staggered junction,51.88864,Daylight,505800,222240,-0.464064,E01015715,2,4,0,0,Dry,Single carriageway,None,30,13:49:00,Urban,Fine no high winds,No,16 - 20,16,Urban area,3,1991,Parked vehicle,None,Other/Not known (2005-10),Approaching junction or waiting/parked at junction approach,BMW,320 I AUTO,Petrol,Male,None,No tow/articulation,Did not leave carriageway,0,Going ahead other,1,Car,No,Front,2010
20104100D0225,Unclassified,190,Unclassified,208,Slight,None,27-03-2010,Saturday,1,Give way or uncontrolled,T or staggered junction,51.793366,Daylight,492080,211370,-0.666254,E01023426,1,2,0,0,Dry,Single carriageway,None,30,08:39:00,Urban,Fine no high winds,No,16 - 20,16,Urban area,10,954,None,None,Other/Not known (2005-10),Approaching junction or waiting/parked at junction approach,PEUGEOT,106 MARDI GRAS,Petrol,Male,None,No tow/articulation,Did not leave carriageway,0,Parked,1,Car,No,Offside,2010
20104100G0323,A,602,Unclassified,371,Slight,None,25-06-2010,Friday,1,Give way or uncontrolled,T or staggered junction,51.944126,Daylight,518160,228690,-0.282334,E01023615,1,2,0,0,Dry,Single carriageway,None,50,18:45:00,Rural,Fine no high winds,No,16 - 20,16,Urban area,10,1360,None,Road sign or traffic signal,Other/Not known (2005-10),Leaving main road,PEUGEOT,306 XR,Petrol,Male,None,No tow/articulation,Nearside,0,Turning right,1,Car,No,Nearside,2010
20104100J0136,Unclassified,550,NA,0,Slight,None,08-03-2010,Monday,2,Not at junction or within 20 metres,Not at junction or within 20 metres,51.654636,Daylight,519920,196520,-0.267858,E01023541,1,3,0,0,Dry,Single carriageway,None,30,13:00:00,Urban,Fine no high winds,No,16 - 20,16,Urban area,3,1389,Parked vehicle,None,Other/Not known (2005-10),Not at or within 20 metres of junction,VAUXHALL,CORSA LS,Petrol,Male,Skidded,No tow/articulation,Did not leave carriageway,0,Going ahead other,2,Car,No,Front,2010
201043N035020,C,70,C,77,Slight,None,02-02-2010,Tuesday,1,Give way or uncontrolled,T or staggered junction,51.797607,Daylight,479030,211620,-0.855378,E01017678,1,2,0,0,Dry,Single carriageway,None,40,14:47:00,Rural,Fine no high winds,No,16 - 20,16,Rural,9,2495,None,None,Other/Not known (2005-10),Approaching junction or waiting/parked at junction approach,LAND ROVER,110 DEFENDER TDI,Heavy oil,Male,None,No tow/articulation,Did not leave carriageway,0,Going ahead other,1,Car,No,Front,2010
201043N046050,B,416,B,416,Slight,None,07-05-2010,Friday,1,Stop sign,T or staggered junction,51.535075,Daylight,498180,182750,-0.585865,E01017832,1,2,0,0,Dry,Single carriageway,None,40,08:57:00,Urban,Fine no high winds,No,16 - 20,16,Urban area,3,1119,None,None,Commuting to/from work,Approaching junction or waiting/parked at junction approach,FORD,FIESTA I,Petrol,Male,None,No tow/articulation,Did not leave carriageway,0,Turning right,1,Car,No,Front,2010
201043N197100,A,4128,C,77,Slight,None,17-10-2010,Sunday,1,Give way or uncontrolled,Roundabout,51.659155,Daylight,486460,196340,-0.75145,E01017870,2,2,0,0,Dry,Roundabout,None,50,14:28:00,Rural,Fine no high winds,No,16 - 20,16,Urban area,10,2494,Bollard or refuge,None,Other/Not known (2005-10),Mid Junction - on roundabout or on main road,BMW,325 I,Petrol,Male,Skidded,No tow/articulation,Did not leave carriageway,0,Going ahead other,1,Car,No,Nearside,2010
201043N235020,Unclassified,2216,Unclassified,2216,Slight,None,08-02-2010,Monday,2,Give way or uncontrolled,T or staggered junction,51.819052,Daylight,481810,214050,-0.814501,E01017633,1,2,0,0,Dry,Single carriageway,None,30,13:00:00,Urban,Fine no high winds,No,16 - 20,16,Urban area,9,1124,None,None,Commuting to/from work,Approaching junction or waiting/parked at junction approach,PEUGEOT,106 MARDI GRAS,Petrol,Male,None,No tow/articulation,Did not leave carriageway,0,Turning right,2,Car,No,Offside,2010
201043P025010,Unclassified,194,NA,0,Slight,None,10-01-2010,Sunday,1,Data missing or out of range,Not at junction or within 20 metres,51.7686,Daylight,434230,207890,-1.505361,E01028784,1,2,0,0,Snow,Single carriageway,None,60,12:59:00,Rural,Fine no high winds,No,16 - 20,16,Rural,9,2495,None,None,Other/Not known (2005-10),Not at or within 20 metres of junction,LAND ROVER,90 DEFENDER TDI,Heavy oil,Male,Skidded,No tow/articulation,Did not leave carriageway,0,Going ahead left-hand bend,1,Car,No,Front,2010
201045EL56711,A,307,NA,0,Slight,None,28-11-2010,Sunday,1,Data missing or out of range,Not at junction or within 20 metres,51.367947,Daylight,513730,164480,-0.367627,E01030307,3,2,0,0,Dry,Single carriageway,None,30,15:34:00,Urban,Fine no high winds,No,16 - 20,16,Urban area,9,1272,None,None,Other/Not known (2005-10),Not at or within 20 metres of junction,VOLKSWAGEN,POLO CL COUPE,Petrol,Male,None,No tow/articulation,Did not leave carriageway,0,Going ahead other,2,Car,No,Front,2010
201045SU51964,Unclassified,46,NA,0,Slight,None,16-06-2010,Wednesday,1,Data missing or out of range,Not at junction or within 20 metres,51.283582,Daylight,490440,154630,-0.704591,E01030466,2,1,0,0,Dry,Single carriageway,None,60,15:02:00,Rural,Fine no high winds,No,16 - 20,16,Urban area,10,1294,None,Road sign or traffic signal,Other/Not known (2005-10),Not at or within 20 metres of junction,PEUGEOT,106 RALLYE,Petrol,Male,Skidded and overturned,No tow/articulation,Offside and rebounded,0,Going ahead left-hand bend,1,Car,No,Front,2010
201050AC3D010,C,27,Unclassified,0,Slight,None,21-06-2010,Monday,1,Give way or uncontrolled,More than 4 arms (not roundabout),50.236739,Daylight,166950,42540,-5.269582,E01018890,2,2,0,0,Dry,Single carriageway,None,30,10:08:00,Urban,Fine no high winds,No,16 - 20,16,Urban area,4,1120,None,None,Other/Not known (2005-10),Mid Junction - on roundabout or on main road,ROVER,METRO RIO,Petrol,Male,None,No tow/articulation,Did not leave carriageway,0,Going ahead right-hand bend,2,Car,No,Front,2010
201050BU2L004,A,3072,NA,0,Slight,None,05-05-2010,Wednesday,1,Not at junction or within 20 metres,Not at junction or within 20 metres,50.823619,Daylight,223760,105670,-4.503681,E01018959,2,2,0,0,Dry,Single carriageway,None,60,13:25:00,Rural,Fine no high winds,No,16 - 20,16,Small town,3,1171,None,None,Other/Not known (2005-10),Not at or within 20 metres of junction,RENAULT,CLIO RL PRIMA,Petrol,Male,Skidded,No tow/articulation,Did not leave carriageway,0,Overtaking moving vehicle - offside,1,Car,No,Front,2010
201050CT2T003,A,377,NA,0,Slight,None,25-10-2010,Monday,1,Not at junction or within 20 metres,Not at junction or within 20 metres,50.966444,Daylight,262240,120400,-3.963283,E01020308,1,2,0,0,Dry,Single carriageway,None,60,12:48:00,Rural,Fine no high winds,No,16 - 20,16,Rural,4,1587,None,None,Other/Not known (2005-10),Not at or within 20 metres of junction,PEUGEOT,306 XR,Petrol,Male,None,No tow/articulation,Did not leave carriageway,0,Going ahead left-hand bend,1,Car,No,Did not impact,2010
201050JS2F006,A,385,Unclassified,0,Slight,None,23-04-2010,Friday,1,Give way or uncontrolled,T or staggered junction,50.433499,Daylight,282150,60620,-3.660784,E01020156,1,2,0,0,Dry,Single carriageway,None,40,08:47:00,Rural,Fine no high winds,No,16 - 20,16,Small town,6,1119,None,None,Other/Not known (2005-10),Cleared junction or waiting/parked at junction exit,FORD,FIESTA I,Petrol,Male,None,No tow/articulation,Did not leave carriageway,0,Going ahead right-hand bend,1,Car,No,Front,2010
201054EN29810,Unclassified,0,NA,0,Slight,None,01-09-2010,Wednesday,1,Not at junction or within 20 metres,Not at junction or within 20 metres,51.423105,Daylight,402200,169350,-1.969765,E01031938,1,2,0,0,Dry,Single carriageway,None,30,14:30:00,Rural,Fine no high winds,No,16 - 20,16,Urban area,6,NA,None,None,Journey as part of work,Not at or within 20 metres of junction,FORD NEW HOLLAND,,Heavy oil,Male,None,Single trailer,Did not leave carriageway,0,Going ahead other,1,Agricultural vehicle,No,Did not impact,2010
201054EV42910,A,350,NA,0,Slight,None,18-11-2010,Thursday,1,Not at junction or within 20 metres,Not at junction or within 20 metres,51.028651,Daylight,386760,125500,-2.190195,E01032010,1,1,0,0,Wet or damp,Single carriageway,None,50,10:28:00,Rural,Fine no high winds,No,16 - 20,16,Small town,8,NA,Kerb,Tree,Journey as part of work,Not at or within 20 metres of junction,FORD NEW HOLLAND,,Heavy oil,Male,Skidded and overturned,Single trailer,Offside,0,Going ahead right-hand bend,1,Agricultural vehicle,No,Nearside,2010
201054EW24110,C,12,NA,0,Slight,None,01-08-2010,Sunday,1,Not at junction or within 20 metres,Not at junction or within 20 metres,51.036131,Daylight,407590,126320,-1.893145,E01031990,1,2,0,0,Dry,Single carriageway,None,30,15:20:00,Rural,Fine no high winds,No,16 - 20,16,Rural,7,1389,Parked vehicle,Other permanent object,Other/Not known (2005-10),Not at or within 20 metres of junction,VAUXHALL,ASTRA CESARO,Petrol,Male,None,No tow/articulation,Offside,0,Going ahead other,1,Car,No,Offside,2010
201054EY43610,A,429,C,1,Slight,None,14-10-2010,Thursday,1,Give way or uncontrolled,T or staggered junction,51.54182,Daylight,391320,182560,-2.126572,E01031960,1,2,0,0,Dry,Single carriageway,None,60,08:49:00,Rural,Fine no high winds,No,16 - 20,16,Rural,10,124,None,None,Commuting to/from work,Approaching junction or waiting/parked at junction approach,YAMAHA,,Petrol,Male,Skidded,No tow/articulation,Did not leave carriageway,0,Going ahead other,1,Motorcycle 125cc and under,No,Front,2010
2010550C31459,A,3060,Unclassified,0,Slight,None,22-07-2010,Thursday,1,Auto traffic signal,T or staggered junction,50.743328,Daylight,413000,93770,-1.817137,E01015319,1,2,0,5,Dry,Dual carriageway,None,30,19:25:00,Urban,Fine no high winds,No,16 - 20,16,Urban area,4,998,Kerb,Road sign or traffic signal,Other/Not known (2005-10),Approaching junction or waiting/parked at junction approach,NISSAN,MICRA WAVE,Petrol,Male,Skidded,No tow/articulation,Nearside and rebounded,0,Going ahead other,1,Car,No,Did not impact,2010
201060L015059,B,5070,Unclassified,0,Slight,None,27-01-2010,Wednesday,1,Give way or uncontrolled,Private drive or entrance,52.940504,Daylight,328970,338650,-3.058415,W01000361,1,2,0,4,Wet or damp,Single carriageway,None,30,09:20:00,Rural,Fine no high winds,No,16 - 20,16,Rural,NA,1124,None,None,Other/Not known (2005-10),Entering main road,PEUGEOT,106 MARDI GRAS,Petrol,Male,None,No tow/articulation,Did not leave carriageway,0,Turning left,1,Car,No,Offside,2010
201060L071309,Unclassified,0,Unclassified,0,Slight,None,25-04-2010,Sunday,1,Give way or uncontrolled,T or staggered junction,53.312013,Daylight,284010,380870,-3.742452,W01000156,2,2,0,0,Dry,Single carriageway,None,30,17:35:00,Urban,Fine no high winds,No,16 - 20,16,Small town,NA,350,None,None,Other/Not known (2005-10),Approaching junction or waiting/parked at junction approach,HARLEY-DAVIDSON,,Petrol,Male,None,No tow/articulation,Did not leave carriageway,0,Going ahead other,1,Motorcycle over 125cc and up to 500cc,No,Front,2010
201004AL10075,Unclassified,0,Unclassified,0,Slight,None,24-04-2010,Saturday,1,Give way or uncontrolled,Private drive or entrance,53.758844,Daylight,336300,429600,-2.967697,E01025031,2,2,0,0,Dry,Single carriageway,None,60,09:45:00,Rural,Fine no high winds,No,16 - 20,16,Urban area,5,2000,None,Entered ditch,Other/Not known (2005-10),Leaving main road,NISSAN,,Heavy oil,Male,None,No tow/articulation,Nearside,0,Turning right,2,Car,No,Back,2010
201004AN10106,A,587,Unclassified,0,Slight,None,21-09-2010,Tuesday,1,Give way or uncontrolled,T or staggered junction,53.844392,Daylight,332000,439180,-3.035027,E01012691,1,2,0,0,Dry,Single carriageway,None,30,08:38:00,Urban,Fine no high winds,No,16 - 20,16,Urban area,2,49,None,None,Other/Not known (2005-10),Approaching junction or waiting/parked at junction approach,YAMAHA,,Petrol,Male,None,No tow/articulation,Did not leave carriageway,0,Overtaking moving vehicle - offside,1,Motorcycle 50cc and under,No,Front,2010
201004CJ10020,A,5209,NA,0,Slight,None,28-03-2010,Sunday,1,Data missing or out of range,Not at junction or within 20 metres,53.590737,Daylight,350850,410720,-2.744027,E01025510,3,2,0,0,Dry,Single carriageway,None,60,14:43:00,Rural,Fine no high winds,No,16 - 20,16,Small town,7,124,None,None,Other/Not known (2005-10),Not at or within 20 metres of junction,SUZUKI,,Petrol,Male,Skidded and overturned,No tow/articulation,Did not leave carriageway,0,Going ahead other,1,Motorcycle 125cc and under,No,Front,2010
201004CL10088,B,5256,Motorway,6,Slight,None,16-10-2010,Saturday,1,Auto traffic signal,More than 4 arms (not roundabout),53.695839,Daylight,355250,422370,-2.679238,E01025433,2,2,0,0,Dry,Single carriageway,None,60,15:45:00,Rural,Fine no high winds,No,16 - 20,16,Rural,9,1108,None,None,Other/Not known (2005-10),Approaching junction or waiting/parked at junction approach,FIAT,PUNTO 55 S,Petrol,Male,None,No tow/articulation,Did not leave carriageway,0,Waiting to go - held up,1,Car,No,Front,2010
201005DD06758,B,5205,NA,0,Slight,None,24-11-2010,Wednesday,1,Data missing or out of range,Not at junction or within 20 metres,53.492837,Daylight,349660,399840,-2.76025,E01006885,1,1,0,0,Dry,Single carriageway,Mud,30,14:05:00,Rural,Fine no high winds,No,16 - 20,16,Urban area,1,1043,None,None,Other/Not known (2005-10),Not at or within 20 metres of junction,VOLKSWAGEN,POLO MATCHCOUPE,Petrol,Male,Skidded and overturned,No tow/articulation,Did not leave carriageway,0,Going ahead other,1,Car,No,Front,2010
2010160B01481,A,159,Unclassified,0,Slight,None,10-04-2010,Saturday,1,Auto traffic signal,Crossroads,53.552529,Daylight,489030,407050,-0.657613,E01013265,3,3,0,5,Dry,Single carriageway,None,30,13:38:00,Urban,Fine no high winds,No,16 - 20,16,Urban area,6,2494,None,None,Other/Not known (2005-10),Entering main road,BMW,325 I,Petrol,Male,None,No tow/articulation,Did not leave carriageway,0,Turning right,1,Car,No,Front,2010
201020E018812,B,4217,NA,0,Slight,Pedestrian in carriageway - not injured,28-03-2010,Sunday,1,Data missing or out of range,Not at junction or within 20 metres,52.44392,Daylight,411310,282900,-1.835041,E01009018,3,2,0,1,Dry,Single carriageway,None,30,11:55:00,Urban,Fine no high winds,No,16 - 20,16,Urban area,1,1108,None,None,Other/Not known (2005-10),Not at or within 20 metres of junction,FIAT,PUNTO 55 SX,Petrol,Male,Skidded,No tow/articulation,Did not leave carriageway,0,Going ahead other,1,Car,No,Front,2010
201020H009050,Unclassified,0,Unclassified,0,Slight,None,17-10-2010,Sunday,1,Give way or uncontrolled,T or staggered junction,52.575827,Daylight,401590,297560,-1.97798,E01010372,1,2,0,0,Dry,Single carriageway,None,30,17:04:00,Urban,Fine no high winds,No,16 - 20,16,Urban area,3,1493,None,None,Other/Not known (2005-10),Approaching junction or waiting/parked at junction approach,HONDA,CIVIC LSI,Petrol,Male,Skidded,No tow/articulation,Did not leave carriageway,0,Going ahead other,1,Car,No,Front,2010
201022C000811,Unclassified,0,Unclassified,0,Slight,None,14-02-2010,Sunday,1,Give way or uncontrolled,T or staggered junction,52.198248,Daylight,386430,255580,-2.199975,E01032313,1,2,0,0,Dry,Single carriageway,None,30,07:32:00,Urban,Fine no high winds,No,16 - 20,16,Urban area,1,998,None,None,Other/Not known (2005-10),Entering main road,NISSAN,MICRA TROPIC,Petrol,Male,None,No tow/articulation,Did not leave carriageway,0,Going ahead other,1,Car,No,Nearside,2010
201022E001629,B,4362,A,4110,Slight,None,27-03-2010,Saturday,2,Give way or uncontrolled,T or staggered junction,52.267682,Daylight,342480,263620,-2.844336,E01014052,2,3,0,0,Dry,Single carriageway,None,60,11:10:00,Rural,Fine no high winds,No,16 - 20,16,Rural,5,1289,None,None,Other/Not known (2005-10),Approaching junction or waiting/parked at junction approach,SKODA,FAVORIT LXIE,Petrol,Male,Skidded,No tow/articulation,Did not leave carriageway,0,Going ahead other,1,Car,No,Front,2010
20103102C1877,A,60,NA,0,Slight,None,04-08-2010,Wednesday,1,Data missing or out of range,Not at junction or within 20 metres,52.960337,Daylight,457190,340670,-1.150056,E01013961,1,2,0,0,Wet or damp,Single carriageway,None,30,16:15:00,Urban,Fine no high winds,No,16 - 20,16,Urban area,10,998,None,None,Other/Not known (2005-10),Not at or within 20 metres of junction,NISSAN,MICRA DOT,Petrol,Male,None,No tow/articulation,Did not leave carriageway,2,Slowing or stopping,1,Car,No,Did not impact,2010
201032C022810,A,17,B,1397,Slight,None,29-01-2010,Friday,1,Give way or uncontrolled,T or staggered junction,52.898238,Daylight,527360,335100,-0.108056,E01026017,1,1,0,0,Wet or damp,Single carriageway,None,60,10:30:00,Rural,Fine no high winds,No,16 - 20,16,Urban area,2,49,None,Entered ditch,Other/Not known (2005-10),Mid Junction - on roundabout or on main road,SUZUKI,,Petrol,Male,None,No tow/articulation,Nearside,0,Turning right,1,Motorcycle 50cc and under,No,Front,2010
201034NE31740,A,5028,Unclassified,3220,Slight,None,07-08-2010,Saturday,1,Give way or uncontrolled,T or staggered junction,52.314373,Daylight,496030,269410,-0.592698,E01027037,2,2,0,0,Dry,Single carriageway,None,30,13:40:00,Urban,Fine no high winds,No,16 - 20,16,Urban area,4,1389,None,None,Other/Not known (2005-10),Mid Junction - on roundabout or on main road,VAUXHALL,CORSA LS,Petrol,Male,None,No tow/articulation,Did not leave carriageway,0,Turning left,1,Car,No,Front,2010
201042I228007,A,129,A,127,Slight,None,10-10-2021,Monday,1,Auto traffic signal,Roundabout,15.36534937,Daylight,580190,189700,74.07013264,E01021966,1,2,0,5,Dry,Roundabout,None,30,19:12:00,Urban,Fine no high winds,No,16 - 20,16,Urban area,10,998,None,None,Journey as part of work,Entering roundabout,NISSAN,MICRA LX,Petrol,Female,None,No tow/articulation,Did not leave carriageway,0,Going ahead other,2,Car,No,Nearside,2019
201050EK2C007,Unclassified,0,NA,0,Slight,None,30-06-2019,Monday,3,Not at junction or within 20 metres,Not at junction or within 20 metres,23.05084046,Daylight,252230,53640,72.62740295,E01015132,1,1,0,0,Dry,Single carriageway,None,30,17:30:00,Urban,Fine no high winds,No,16 - 20,16,Urban area,6,1331,None,None,Journey as part of work,Not at or within 20 metres of junction,TOYOTA,COROLLA CHARISMA PLUS,Petrol,Female,None,No tow/articulation,Did not leave carriageway,0,Going ahead other,1,Car,No,Front,2019
201043P055070,B,4027,Unclassified,0,Slight,None,22-06-2021,Friday,1,Give way or uncontrolled,T or staggered junction,28.61498059,Daylight,451420,216960,77.1713393,E01028497,2,3,0,0,Dry,Single carriageway,None,60,13:10:00,Rural,Fine no high winds,No,16 - 20,16,Data missing or out of range,NA,998,None,None,Other/Not known (2005-10),Approaching junction or waiting/parked at junction approach,NISSAN,MICRA L,Petrol,Female,None,No tow/articulation,Did not leave carriageway,0,Slowing or stopping,2,Car,No,Back,2021
201050BT2C007,B,3247,NA,0,Slight,None,03-07-2021,Sunday,1,Not at junction or within 20 metres,Not at junction or within 20 metres,18.50979793,Daylight,239680,52950,73.90226892,E01018781,2,1,0,0,Dry,Single carriageway,None,60,07:45:00,Rural,Fine no high winds,No,16 - 20,16,Rural,5,899,None,Other permanent object,Taking pupil to/from school,Not at or within 20 metres of junction,FIAT,CINQUECENTO,Petrol,Female,Overturned,No tow/articulation,Nearside and rebounded,0,Going ahead other,1,Car,No,Offside,2021
201050AP2M009,C,745,Unclassified,0,Slight,None,21-11-2020,Saturday,1,Give way or uncontrolled,Roundabout,18.6023391,Daylight,150070,31380,73.86727417,E01018988,3,2,0,0,Dry,Roundabout,None,30,19:11:00,Urban,Fine no high winds,No,16 - 20,16,Rural,5,1905,None,None,Other/Not known (2005-10),Leaving roundabout,PEUGEOT,306 XRDT,Heavy oil,Female,Skidded,No tow/articulation,Did not leave carriageway,0,Going ahead other,1,Car,No,Did not impact,2021
201043P187020,A,34,NA,0,Slight,None,24-09-2019,Friday,1,Data missing or out of range,Not at junction or within 20 metres,19.13565969,Daylight,452070,215800,72.86485607,E01028502,1,5,0,0,Dry,Dual carriageway,None,70,13:40:00,Rural,Fine no high winds,No,16 - 20,16,Urban area,7,1389,None,None,Journey as part of work,Not at or within 20 metres of junction,VAUXHALL,CORSA LS,Petrol,Female,None,No tow/articulation,Did not leave carriageway,0,Waiting to go - held up,4,Car,No,Back,2021
2010550C25312,C,8,NA,0,Slight,None,03-09-2021,Thursday,1,Not at junction or within 20 metres,Not at junction or within 20 metres,19.07939794,Daylight,400620,95880,72.93073998,E01015399,1,2,0,0,Dry,Single carriageway,None,30,07:40:00,Urban,Fine no high winds,No,16 - 20,16,Urban area,9,998,None,None,Other/Not known (2005-10),Not at or within 20 metres of junction,NISSAN,MICRA BOSTON,Petrol,Female,None,No tow/articulation,Did not leave carriageway,0,Going ahead other,1,Car,No,Front,2021
201001SX21205,B,552,Unclassified,0,Slight,None,18-11-2010,Thursday,1,Give way or uncontrolled,T or staggered junction,51.618173,Daylight,522720,192530,-0.2288,E01000261,1,2,0,0,Wet or damp,Single carriageway,None,30,14:39:00,Urban,Fine no high winds,No,16 - 20,16,Urban area,10,1975,None,None,Pupil riding to/from school,Mid Junction - on roundabout or on main road,TOYOTA,COROLLA XLD,Heavy oil,Female,None,No tow/articulation,Did not leave carriageway,0,Turning right,2,Car,No,Front,2010
201042I228007,A,129,A,127,Slight,None,12-07-2010,Monday,1,Auto traffic signal,Roundabout,51.577305,Daylight,580190,189700,0.599091,E01021966,1,2,0,5,Dry,Roundabout,None,30,19:12:00,Urban,Fine no high winds,No,16 - 20,16,Urban area,10,998,None,None,Journey as part of work,Entering roundabout,NISSAN,MICRA LX,Petrol,Female,None,No tow/articulation,Did not leave carriageway,0,Going ahead other,2,Car,No,Nearside,2010
201043P055070,B,4027,Unclassified,0,Slight,None,09-07-2010,Friday,1,Give way or uncontrolled,T or staggered junction,51.848832,Daylight,451420,216960,-1.254922,E01028497,2,3,0,0,Dry,Single carriageway,None,60,13:10:00,Rural,Fine no high winds,No,16 - 20,16,Data missing or out of range,NA,998,None,None,Other/Not known (2005-10),Approaching junction or waiting/parked at junction approach,NISSAN,MICRA L,Petrol,Female,None,No tow/articulation,Did not leave carriageway,0,Slowing or stopping,2,Car,No,Back,2010
201043P187020,A,34,NA,0,Slight,None,05-02-2010,Friday,1,Data missing or out of range,Not at junction or within 20 metres,51.838343,Daylight,452070,215800,-1.245661,E01028502,1,5,0,0,Dry,Dual carriageway,None,70,13:40:00,Rural,Fine no high winds,No,16 - 20,16,Urban area,7,1389,None,None,Journey as part of work,Not at or within 20 metres of junction,VAUXHALL,CORSA LS,Petrol,Female,None,No tow/articulation,Did not leave carriageway,0,Waiting to go - held up,4,Car,No,Back,2010