Accident_Index,1st_Road_Class,1st_Road_Number,2nd_Road_Class,2nd_Road_Number,Accident_Severity,Carriageway_Hazards,Date,Day_of_Week,Did_Police_Officer_Attend_Scene_of_Accident,Junction_Control,Junction_Detail,Latitude,Light_Conditions,Location_Easting_OSGR,Location_Northing_OSGR,Longitude,LSOA_of_Accident_Location,Number_of_Casualties,Number_of_Vehicles,Pedestrian_Crossing-Human_Control,Pedestrian_Crossing-Physical_Facilities,Road_Surface_Conditions,Road_Type,Special_Conditions_at_Site,Speed_limit,Time,Urban_or_Rural_Area,Weather_Conditions,InScotland,Age_Band_of_Driver,Age_of_Vehicle,Driver_Home_Area_Type,Driver_IMD_Decile,Engine_Capacity_.CC.,Hit_Object_in_Carriageway,Hit_Object_off_Carriageway,Journey_Purpose_of_Driver,Junction_Location,make,model,Propulsion_Code,Sex_of_Driver,Skidding_and_Overturning,Towing_and_Articulation,Vehicle_Leaving_Carriageway,Vehicle_Location.Restricted_Lane,Vehicle_Manoeuvre,Vehicle_Reference,Vehicle_Type,Was_Vehicle_Left_Hand_Drive,X1st_Point_of_Impact,Year
2010160C01911,Unclassified,0,NA,0,Slight,None,18-04-2010,Sunday,1,Data missing or out of range,Not at junction or within 20 metres,53.703282,Darkness - lights lit,474900,423580,-0.866875,E01013000,1,4,0,0,Dry,Single carriageway,None,30,00:23:00,Urban,Fine no high winds,No,21 - 25,16,Small town,8,1998,None,None,Other/Not known (2005-10),Not at or within 20 metres of junction,VAUXHALL,FRONTERA SPORT,Petrol,Male,None,No tow/articulation,Did not leave carriageway,0,Going ahead other,1,Car,No,Front,2010
20103102C2174,Unclassified,0,NA,0,Slight,None,22-09-2010,Wednesday,1,Data missing or out of range,Not at junction or within 20 metres,52.943503,Darkness - lights lit,456580,338790,-1.159464,E01013870,1,1,0,5,Dry,Single carriageway,None,30,05:50:00,Urban,Fine no high winds,No,21 - 25,16,Urban area,7,1905,None,None,Commuting to/from work,Not at or within 20 metres of junction,CITROEN,ZX VOLCANE TD,Heavy oil,Male,None,No tow/articulation,Did not leave carriageway,0,Going ahead other,1,Car,No,Front,2010
201050KE2C020,B,3178,Unclassified,0,Slight,None,25-11-2019,Sunday,1,Give way or uncontrolled,T or staggered junction,22.07647408,Darkness - lights lit,300340,80600,82.11608117,E01019912,1,1,0,8,Dry,Single carriageway,None,30,20:31:00,Urban,Fine no high winds,No,21 - 25,16,Urban area,6,998,None,None,Journey as part of work,Cleared junction or waiting/parked at junction exit,NISSAN,MICRA LX,Petrol,Female,Skidded,No tow/articulation,Did not leave carriageway,0,Going ahead other,1,Car,No,Front,2019
201050KE2C020,B,3178,Unclassified,0,Slight,None,17-10-2010,Sunday,1,Give way or uncontrolled,T or staggered junction,50.616501,Darkness - lights lit,300340,80600,-3.41009,E01019912,1,1,0,8,Dry,Single carriageway,None,30,20:31:00,Urban,Fine no high winds,No,21 - 25,16,Urban area,6,998,None,None,Journey as part of work,Cleared junction or waiting/parked at junction exit,NISSAN,MICRA LX,Petrol,Female,Skidded,No tow/articulation,Did not leave carriageway,0,Going ahead other,1,Car,No,Front,2010
2010160D06241,B,1237,Unclassified,0,Slight,None,01-11-2010,Monday,2,Auto traffic signal,Crossroads,53.77566,Darkness - lights lit,510980,432350,-0.317397,E01012817,1,2,0,0,Dry,Single carriageway,None,30,18:45:00,Urban,Fine no high winds,No,21 - 25,16,Urban area,9,1697,None,None,Other/Not known (2005-10),Approaching junction or waiting/parked at junction approach,FIAT,UNO 60D START,Heavy oil,Female,None,No tow/articulation,Did not leave carriageway,0,Waiting to go - held up,2,Car,No,Back,2010
201020J011012,A,491,NA,0,Slight,None,19-02-2010,Friday,1,Data missing or out of range,Not at junction or within 20 metres,52.439554,Darkness - lights lit,391030,282410,-2.133395,E01009854,1,3,0,0,Wet or damp,Single carriageway,None,40,21:50:00,Urban,Fine no high winds,No,21 - 25,16,Small town,8,1597,None,None,Other/Not known (2005-10),Not at or within 20 metres of junction,FORD,ESCORT MISTRAL,Petrol,Female,None,No tow/articulation,Did not leave carriageway,0,Going ahead other,1,Car,No,Front,2010
201043R129120,Unclassified,7301,NA,0,Slight,None,30-09-2020,Wednesday,1,Data missing or out of range,Not at junction or within 20 metres,26.44130524,Darkness - lights lit,495590,182280,80.28492404,E01016450,1,1,0,0,Dry,Single carriageway,None,30,16:50:00,Urban,Other,No,21 - 25,16,Urban area,4,1597,None,None,Commuting to/from work,Not at or within 20 metres of junction,FORD,ESCORT LX I,Petrol,Male,None,No tow/articulation,Did not leave carriageway,0,Going ahead other,1,Car,No,Front,2020
201050ED2A012,Unclassified,0,Unclassified,0,Slight,None,31-07-2020,Thursday,1,Give way or uncontrolled,T or staggered junction,26.45363203,Darkness - lights lit,244370,57380,80.27566308,E01015145,1,2,0,0,Wet or damp,Single carriageway,None,30,20:20:00,Urban,Other,No,21 - 25,16,Urban area,1,98,None,None,Other/Not known (2005-10),Leaving main road,YAMAHA,,Petrol,Male,None,No tow/articulation,Did not leave carriageway,0,Going ahead right-hand bend,1,Motorcycle 125cc and under,No,Front,2020
201043R129120,Unclassified,7301,NA,0,Slight,None,08-12-2010,Wednesday,1,Data missing or out of range,Not at junction or within 20 metres,51.531294,Darkness - lights lit,495590,182280,-0.623323,E01016450,1,1,0,0,Dry,Single carriageway,None,30,16:50:00,Urban,Other,No,21 - 25,16,Urban area,4,1597,None,None,Commuting to/from work,Not at or within 20 metres of junction,FORD,ESCORT LX I,Petrol,Male,None,No tow/articulation,Did not leave carriageway,0,Going ahead other,1,Car,No,Front,2010
201050ED2A012,Unclassified,0,Unclassified,0,Slight,None,16-12-2010,Thursday,1,Give way or uncontrolled,T or staggered junction,50.395577,Darkness - lights lit,244370,57380,-4.191044,E01015145,1,2,0,0,Wet or damp,Single carriageway,None,30,20:20:00,Urban,Other,No,21 - 25,16,Urban area,1,98,None,None,Other/Not known (2005-10),Leaving main road,YAMAHA,,Petrol,Male,None,No tow/articulation,Did not leave carriageway,0,Going ahead right-hand bend,1,Motorcycle 125cc and under,No,Front,2010
20105500C0029,Unclassified,0,NA,0,Slight,None,28-01-2021,Sunday,1,Not at junction or within 20 metres,Not at junction or within 20 metres,27.09966798,Darkness - lights lit,407780,94340,93.63181296,E01015358,1,2,0,0,Frost or ice,Single carriageway,None,30,19:50:00,Urban,Other,No,21 - 25,16,Urban area,3,1389,None,None,Other/Not known (2005-10),Not at or within 20 metres of junction,VAUXHALL,CORSA LS,Petrol,Female,None,No tow/articulation,Did not leave carriageway,0,Going ahead other,1,Car,No,Offside,2019
20105500C0029,Unclassified,0,NA,0,Slight,None,03-01-2010,Sunday,1,Not at junction or within 20 metres,Not at junction or within 20 metres,50.748546,Darkness - lights lit,407780,94340,-1.891108,E01015358,1,2,0,0,Frost or ice,Single carriageway,None,30,19:50:00,Urban,Other,No,21 - 25,16,Urban area,3,1389,None,None,Other/Not known (2005-10),Not at or within 20 metres of junction,VAUXHALL,CORSA LS,Petrol,Female,None,No tow/articulation,Did not leave carriageway,0,Going ahead other,1,Car,No,Offside,2010
201042I025901,A,127,NA,0,Slight,None,30-01-2020,Wednesday,1,Not at junction or within 20 metres,Not at junction or within 20 metres,22.76320065,Darkness - lights lit,562030,189070,75.84178394,E01021446,2,4,0,0,Wet or damp,Dual carriageway,None,70,16:45:00,Rural,Raining no high winds,No,21 - 25,16,Data missing or out of range,NA,1984,None,None,Other/Not known (2005-10),Not at or within 20 metres of junction,VOLKSWAGEN,GOLF AVANTGARDE CABRIO,Petrol,Male,None,No tow/articulation,Did not leave carriageway,0,Going ahead other,4,Car,No,Front,2020
201001RY10024,Unclassified,0,Unclassified,0,Slight,None,22-01-2010,Friday,2,Give way or uncontrolled,T or staggered junction,51.478087,Darkness - lights lit,550200,177680,0.161518,E01000438,1,2,0,0,Wet or damp,Single carriageway,None,30,19:30:00,Urban,Raining no high winds,No,21 - 25,16,Urban area,4,1360,None,None,Other/Not known (2005-10),Approaching junction or waiting/parked at junction approach,PEUGEOT,106 ROLAND GARROS,Petrol,Male,None,No tow/articulation,Did not leave carriageway,0,Going ahead left-hand bend,1,Car,No,Front,2010
201042I025901,A,127,NA,0,Slight,None,27-01-2010,Wednesday,1,Not at junction or within 20 metres,Not at junction or within 20 metres,51.577155,Darkness - lights lit,562030,189070,0.336963,E01021446,2,4,0,0,Wet or damp,Dual carriageway,None,70,16:45:00,Rural,Raining no high winds,No,21 - 25,16,Data missing or out of range,NA,1984,None,None,Other/Not known (2005-10),Not at or within 20 metres of junction,VOLKSWAGEN,GOLF AVANTGARDE CABRIO,Petrol,Male,None,No tow/articulation,Did not leave carriageway,0,Going ahead other,4,Car,No,Front,2010
201001RY10024,Unclassified,0,Unclassified,0,Slight,None,22-01-2010,Friday,2,Give way or uncontrolled,T or staggered junction,51.478087,Darkness - lights lit,550200,177680,0.161518,E01000438,1,2,0,0,Wet or damp,Single carriageway,None,30,19:30:00,Urban,Raining no high winds,No,21 - 25,16,Urban area,4,1360,None,None,Other/Not known (2005-10),Approaching junction or waiting/parked at junction approach,PEUGEOT,106 ROLAND GARROS,Petrol,Male,None,No tow/articulation,Did not leave carriageway,0,Going ahead left-hand bend,1,Car,No,Front,2010
201014C065510,Unclassified,0,Unclassified,0,Slight,None,01-06-2010,Tuesday,1,Give way or uncontrolled,T or staggered junction,53.456188,Darkness - lights lit,440950,395670,-1.384766,E01007732,1,3,0,0,Wet or damp,Single carriageway,None,40,21:00:00,Urban,Raining no high winds,No,21 - 25,16,Urban area,1,1975,None,Other permanent object,Other/Not known (2005-10),Approaching junction or waiting/parked at junction approach,TOYOTA,COROLLA XLD,Heavy oil,Male,None,No tow/articulation,Offside,0,Turning right,1,Car,No,Offside,2010
201014K198010,A,57,C,412,Slight,None,15-07-2010,Thursday,1,Give way or uncontrolled,Roundabout,53.353527,Darkness - lights lit,443410,384270,-1.349286,E01008028,2,2,0,0,Wet or damp,Roundabout,None,70,22:30:00,Rural,Raining no high winds,No,21 - 25,16,Small town,8,1905,Central island of roundabout,None,Other/Not known (2005-10),Entering roundabout,PEUGEOT,306 XLD,Heavy oil,Male,Skidded,No tow/articulation,Did not leave carriageway,0,Going ahead other,1,Car,No,Front,2010
201034WN33160,A,4500,C,179,Slight,None,18-07-2020,Thursday,1,Auto traffic signal,Crossroads,13.00404376,Darkness - lights lit,475730,260860,77.59098477,E01027155,1,1,0,4,Wet or damp,Single carriageway,None,30,22:45:00,Urban,Raining no high winds,No,21 - 25,16,Urban area,1,899,None,None,Other/Not known (2005-10),Mid Junction - on roundabout or on main road,FIAT,CINQUECENTO,Petrol,Female,None,No tow/articulation,Did not leave carriageway,0,Going ahead other,1,Car,No,Front,2019
201001SX21393,Unclassified,0,Unclassified,0,Slight,None,16-12-2010,Thursday,2,Give way or uncontrolled,Crossroads,51.652837,Darkness - lights lit,525690,196460,-0.184513,E01000252,1,2,0,0,Wet or damp,Single carriageway,None,30,21:00:00,Urban,Raining no high winds,No,21 - 25,16,Urban area,8,1389,None,None,Other/Not known (2005-10),Mid Junction - on roundabout or on main road,VAUXHALL,CORSA MERIT AUTO,Petrol,Female,None,No tow/articulation,Did not leave carriageway,0,Going ahead other,1,Car,No,Front,2010
201034WN33160,A,4500,C,179,Slight,None,19-08-2010,Thursday,1,Auto traffic signal,Crossroads,52.240691,Darkness - lights lit,475730,260860,-0.892343,E01027155,1,1,0,4,Wet or damp,Single carriageway,None,30,22:45:00,Urban,Raining no high winds,No,21 - 25,16,Urban area,1,899,None,None,Other/Not known (2005-10),Mid Junction - on roundabout or on main road,FIAT,CINQUECENTO,Petrol,Female,None,No tow/articulation,Did not leave carriageway,0,Going ahead other,1,Car,No,Front,2010
201004EB10072,Unclassified,0,Unclassified,0,Slight,None,20-09-2010,Monday,1,Give way or uncontrolled,T or staggered junction,53.702052,Darkness - lights unlit,369010,422950,-2.470905,E01012648,1,2,0,0,Wet or damp,Single carriageway,None,30,18:00:00,Urban,Raining no high winds,No,21 - 25,16,Urban area,2,1043,None,None,Other/Not known (2005-10),Approaching junction or waiting/parked at junction approach,VOLKSWAGEN,POLO FOX,Petrol,Male,None,No tow/articulation,Did not leave carriageway,0,Turning right,2,Car,No,Front,2010
201042I240907,Unclassified,0,NA,0,Slight,None,22-04-2019,Thursday,1,Not at junction or within 20 metres,Not at junction or within 20 metres,26.47375415,Darkness - no lighting,566340,193420,80.28922634,E01021254,1,1,0,0,Dry,Single carriageway,None,60,22:34:00,Rural,Fine no high winds,No,21 - 25,16,Rural,9,1389,None,None,Other/Not known (2005-10),Not at or within 20 metres of junction,VAUXHALL,ASTRA CESARO,Petrol,Male,Skidded,No tow/articulation,Offside,0,Going ahead other,1,Car,No,Front,2020
201045SU50694,A,319,NA,0,Slight,None,19-11-2019,Monday,1,Data missing or out of range,Not at junction or within 20 metres,28.67298849,Darkness - no lighting,494580,161450,77.20617625,E01030807,1,1,0,0,Dry,Single carriageway,None,40,22:23:00,Urban,Fine no high winds,No,21 - 25,16,Urban area,8,1587,None,Tree,Other/Not known (2005-10),Not at or within 20 metres of junction,PEUGEOT,106 XSI,Petrol,Male,None,No tow/articulation,Nearside,0,Going ahead other,1,Car,No,Front,2020
201045MO51467,B,2033,Unclassified,0,Slight,None,05-05-2021,Wednesday,1,Give way or uncontrolled,Crossroads,28.61961575,Darkness - no lighting,518620,155160,77.24211121,E01030554,1,2,0,0,Dry,Single carriageway,None,30,21:12:00,Rural,Fine no high winds,No,21 - 25,16,Urban area,5,1590,None,None,Other/Not known (2005-10),Approaching junction or waiting/parked at junction approach,SUZUKI,VITARA VERDI,Petrol,Male,None,No tow/articulation,Did not leave carriageway,0,Going ahead other,2,Car,No,Nearside,2020
201042I240907,Unclassified,0,NA,0,Slight,None,29-07-2010,Thursday,1,Not at junction or within 20 metres,Not at junction or within 20 metres,51.614979,Darkness - no lighting,566340,193420,0.401167,E01021254,1,1,0,0,Dry,Single carriageway,None,60,22:34:00,Rural,Fine no high winds,No,21 - 25,16,Rural,9,1389,None,None,Other/Not known (2005-10),Not at or within 20 metres of junction,VAUXHALL,ASTRA CESARO,Petrol,Male,Skidded,No tow/articulation,Offside,0,Going ahead other,1,Car,No,Front,2010
201045MO51467,B,2033,Unclassified,0,Slight,None,26-05-2010,Wednesday,1,Give way or uncontrolled,Crossroads,51.28318,Darkness - no lighting,518620,155160,-0.300513,E01030554,1,2,0,0,Dry,Single carriageway,None,30,21:12:00,Rural,Fine no high winds,No,21 - 25,16,Urban area,5,1590,None,None,Other/Not known (2005-10),Approaching junction or waiting/parked at junction approach,SUZUKI,VITARA VERDI,Petrol,Male,None,No tow/articulation,Did not leave carriageway,0,Going ahead other,2,Car,No,Nearside,2010
201045SU50694,A,319,NA,0,Slight,None,26-04-2010,Monday,1,Data missing or out of range,Not at junction or within 20 metres,51.344219,Darkness - no lighting,494580,161450,-0.643438,E01030807,1,1,0,0,Dry,Single carriageway,None,40,22:23:00,Urban,Fine no high winds,No,21 - 25,16,Urban area,8,1587,None,Tree,Other/Not known (2005-10),Not at or within 20 metres of junction,PEUGEOT,106 XSI,Petrol,Male,None,No tow/articulation,Nearside,0,Going ahead other,1,Car,No,Front,2010
2010160B01321,Unclassified,0,NA,0,Slight,Any animal in carriageway (except ridden horse),11-04-2010,Sunday,1,Data missing or out of range,Not at junction or within 20 metres,53.553633,Darkness - no lighting,490460,407200,-0.635991,E01013324,2,1,0,0,Dry,Single carriageway,None,40,04:00:00,Rural,Fine no high winds,No,21 - 25,16,Small town,7,1590,Kerb,None,Other/Not known (2005-10),Not at or within 20 metres of junction,SUZUKI,VITARA JX,Petrol,Male,Skidded and overturned,No tow/articulation,Nearside and rebounded,0,Going ahead right-hand bend,1,Car,No,Nearside,2010
2010160C06611,B,1362,NA,0,Slight,None,29-10-2010,Friday,1,Data missing or out of range,Not at junction or within 20 metres,53.74112,Darkness - no lighting,522410,428790,-0.145455,E01013028,2,1,0,0,Wet or damp,Single carriageway,None,60,08:00:00,Rural,Fine no high winds,No,21 - 25,16,Small town,5,1360,None,Road sign or traffic signal,Other/Not known (2005-10),Not at or within 20 metres of junction,PEUGEOT,106 XSI,Petrol,Male,Skidded and overturned,No tow/articulation,Nearside,0,Going ahead other,1,Car,No,Front,2010
201022F002830,Unclassified,0,NA,0,Slight,None,31-05-2010,Monday,2,Data missing or out of range,Not at junction or within 20 metres,52.902084,Darkness - no lighting,363560,333990,-2.543212,E01028882,2,1,0,0,Dry,Single carriageway,Roadworks,60,02:00:00,Rural,Fine no high winds,No,21 - 25,16,Small town,5,1896,None,Tree,Other/Not known (2005-10),Not at or within 20 metres of junction,VOLKSWAGEN,GOLF GL TDI,Heavy oil,Male,Skidded,No tow/articulation,Nearside,0,Going ahead right-hand bend,1,Car,No,Offside,2010
201022F004628,Unclassified,0,Unclassified,0,Slight,None,29-08-2010,Sunday,1,Give way or uncontrolled,T or staggered junction,52.709099,Daylight,345560,312690,-2.807243,E01028943,2,2,0,0,Dry,Single carriageway,None,30,17:24:00,Rural,Fine + high winds,No,21 - 25,16,Small town,NA,1699,None,None,Other/Not known (2005-10),Approaching junction or waiting/parked at junction approach,VAUXHALL,,Heavy oil,Male,None,No tow/articulation,Did not leave carriageway,0,Going ahead other,2,Car,No,Front,2010
201050BE2H015,B,3253,Unclassified,0,Slight,None,13-02-2020,Thursday,1,Give way or uncontrolled,Other junction,27.09230949,Daylight,226130,55020,93.62519143,E01018774,1,2,0,0,Dry,Single carriageway,None,40,21:25:00,Rural,Fine no high winds,No,21 - 25,16,Small town,7,1998,None,None,Other/Not known (2005-10),Approaching junction or waiting/parked at junction approach,TOYOTA,CELICA GT,Petrol,Male,None,No tow/articulation,Did not leave carriageway,0,Moving off,1,Car,No,Offside,2019
201050ED2I009,Unclassified,0,Unclassified,0,Slight,None,05-11-2019,Sunday,1,Give way or uncontrolled,T or staggered junction,26.75136672,Daylight,246220,56220,94.18041091,E01015174,1,3,0,0,Dry,Single carriageway,None,30,11:29:00,Urban,Fine no high winds,No,21 - 25,16,Rural,8,1196,Parked vehicle,None,Other/Not known (2005-10),Mid Junction - on roundabout or on main road,VAUXHALL,CORSA LS,Petrol,Male,None,No tow/articulation,Did not leave carriageway,0,Going ahead other,2,Car,No,Back,2019
201042I067703,A,130,Unclassified,0,Slight,None,15-06-2020,Saturday,2,Auto traffic signal,Roundabout,15.22603479,Daylight,574100,203410,73.95689528,E01021555,1,2,0,0,Dry,Roundabout,None,30,11:00:00,Rural,Fine no high winds,No,21 - 25,16,Rural,8,1796,None,None,Other/Not known (2005-10),Mid Junction - on roundabout or on main road,FORD,FIESTA XR2 I,Petrol,Male,None,No tow/articulation,Did not leave carriageway,0,Going ahead other,2,Car,No,Back,2019
201054ES33510,A,30,NA,0,Slight,None,10-02-2020,Tuesday,1,Not at junction or within 20 metres,Not at junction or within 20 metres,28.49652358,Daylight,415830,131880,77.09834045,E01031985,2,5,0,4,Dry,Single carriageway,None,40,15:14:00,Urban,Fine no high winds,No,21 - 25,16,Urban area,6,1796,None,None,Other/Not known (2005-10),Not at or within 20 metres of junction,BMW,318 I S,Petrol,Male,None,No tow/articulation,Did not leave carriageway,0,Waiting to go - held up,4,Car,No,Back,2019
201050JN2A001,A,380,Unclassified,0,Slight,None,02-05-2020,Saturday,2,Give way or uncontrolled,Roundabout,28.50586542,Daylight,287060,70680,77.00062201,E01020227,1,1,0,0,Dry,Dual carriageway,None,40,12:10:00,Urban,Fine no high winds,No,21 - 25,16,Urban area,8,9600,None,None,Other/Not known (2005-10),Approaching junction or waiting/parked at junction approach,VOLVO,,Heavy oil,Male,None,No tow/articulation,Did not leave carriageway,0,Slowing or stopping,1,Bus or coach (17 or more pass seats),No,Did not impact,2019
20104100A0774,C,49,Unclassified,56,Slight,None,15-10-2019,Sunday,1,Give way or uncontrolled,Crossroads,28.48230265,Daylight,526260,216520,77.09177549,E01023467,1,2,0,0,Wet or damp,Single carriageway,None,30,14:12:00,Urban,Fine no high winds,No,21 - 25,16,Urban area,9,1493,None,None,Other/Not known (2005-10),Leaving main road,HONDA,CIVIC BEL AIR,Petrol,Male,None,No tow/articulation,Did not leave carriageway,0,Moving off,1,Car,No,Front,2019
201050JC3O004,A,38,NA,0,Slight,None,18-12-2021,Thursday,1,Data missing or out of range,Not at junction or within 20 metres,28.44629816,Daylight,281400,74060,76.99569281,E01020236,2,3,0,0,Dry,Dual carriageway,None,70,20:47:00,Rural,Fine no high winds,No,21 - 25,16,Small town,4,1389,None,None,Other/Not known (2005-10),Not at or within 20 metres of junction,VAUXHALL,CORSA LS,Petrol,Male,Skidded,No tow/articulation,Did not leave carriageway,0,Going ahead other,1,Car,No,Front,2019
20104100F0393,C,62,Unclassified,531,Slight,None,05-05-2020,Saturday,1,Give way or uncontrolled,Mini-roundabout,22.73818327,Daylight,514160,208500,75.8968297,E01023672,2,2,0,8,Dry,Roundabout,None,30,16:59:00,Rural,Fine no high winds,No,21 - 25,16,Urban area,8,1119,None,None,Other/Not known (2005-10),Entering roundabout,FORD,FIESTA I,Petrol,Male,None,No tow/articulation,Did not leave carriageway,0,Going ahead other,1,Car,No,Front,2020
20104100E0323,A,602,Unclassified,384,Slight,None,31-07-2020,Saturday,1,Give way or uncontrolled,T or staggered junction,28.5380005,Daylight,523260,225360,77.08930717,E01023776,1,1,0,1,Dry,One way street,Oil or diesel,40,06:33:00,Urban,Fine no high winds,No,21 - 25,16,Urban area,1,1343,None,Near/Offside crash barrier,Commuting to/from work,Cleared junction or waiting/parked at junction exit,HONDA,CIVIC BALI,Petrol,Male,Skidded,No tow/articulation,Nearside,0,Going ahead right-hand bend,1,Car,No,Front,2020
201043N270060,A,418,NA,0,Slight,None,28-04-2020,Saturday,1,Data missing or out of range,Not at junction or within 20 metres,28.64469612,Daylight,484120,215750,77.27149542,E01017641,3,4,0,0,Dry,Single carriageway,None,30,05:05:00,Urban,Fine no high winds,No,21 - 25,16,Urban area,3,1493,None,Other permanent object,Other/Not known (2005-10),Not at or within 20 metres of junction,HONDA,CIVIC BEL AIR AUTO,Petrol,Male,Skidded,No tow/articulation,Nearside,0,Going ahead right-hand bend,1,Car,No,Front,2020
20105500D1303,B,3067,C,5,Slight,None,10-11-2020,Wednesday,1,Give way or uncontrolled,T or staggered junction,18.49144109,Daylight,396670,93450,73.7990662,E01020474,1,2,0,0,Dry,Single carriageway,None,40,10:30:00,Rural,Fine no high winds,No,21 - 25,16,Rural,7,1905,None,None,Other/Not known (2005-10),Approaching junction or waiting/parked at junction approach,PEUGEOT,306 D TURBO,Heavy oil,Male,None,No tow/articulation,Did not leave carriageway,0,Going ahead right-hand bend,1,Car,No,Nearside,2021
201054EW01610,A,360,C,283,Slight,None,26-09-2021,Saturday,1,Give way or uncontrolled,Crossroads,18.6137183,Daylight,410150,136560,73.88236792,E01032013,5,2,0,0,Dry,Single carriageway,None,60,09:50:00,Rural,Fine no high winds,No,21 - 25,16,Data missing or out of range,NA,1830,None,Telegraph or electricity pole,Other/Not known (2005-10),Entering main road,MAZDA,MX-5,Petrol,Male,None,No tow/articulation,Offside,0,Going ahead other,1,Car,No,Nearside,2021
201043R216050,A,4,Unclassified,7302,Slight,None,02-01-2021,Friday,1,Auto traffic signal,T or staggered junction,19.1497406,Daylight,495750,180480,72.93375194,E01016486,1,2,0,0,Dry,Slip road,None,40,18:04:00,Urban,Fine no high winds,No,21 - 25,16,Urban area,2,999,None,None,Journey as part of work,Mid Junction - on roundabout or on main road,FIAT,UNO 1.0 IE START,Petrol,Male,None,No tow/articulation,Did not leave carriageway,0,Going ahead other,1,Car,No,Nearside,2021
201001CW11553,A,502,B,509,Slight,None,01-08-2010,Sunday,1,Auto traffic signal,T or staggered junction,51.544081,Daylight,528150,184420,-0.153368,E01000906,2,2,0,5,Dry,Single carriageway,None,30,15:15:00,Urban,Fine no high winds,No,21 - 25,16,Urban area,7,599,None,None,Other/Not known (2005-10),Mid Junction - on roundabout or on main road,HONDA,,Petrol,Male,None,No tow/articulation,Did not leave carriageway,2,Going ahead other,2,Motorcycle over 500cc,No,Front,2010
201001HT20545,A,107,Unclassified,0,Slight,None,04-08-2010,Wednesday,2,Give way or uncontrolled,T or staggered junction,51.525409,Daylight,535010,182520,-0.055228,E01004212,1,2,0,0,Wet or damp,Single carriageway,None,30,18:39:00,Urban,Fine no high winds,No,21 - 25,16,Urban area,2,998,None,None,Other/Not known (2005-10),Mid Junction - on roundabout or on main road,NISSAN,MICRA L AUTO,Petrol,Male,None,No tow/articulation,Did not leave carriageway,0,Waiting to go - held up,1,Car,No,Back,2010
201001PL60281,A,20,Unclassified,0,Slight,None,14-05-2010,Friday,1,Give way or uncontrolled,T or staggered junction,51.470478,Daylight,536980,176460,-0.029199,E01003210,1,2,0,0,Dry,Single carriageway,None,30,19:30:00,Urban,Fine no high winds,No,21 - 25,16,Urban area,3,998,None,None,Journey as part of work,Mid Junction - on roundabout or on main road,NISSAN,MICRA L,Petrol,Male,None,No tow/articulation,Did not leave carriageway,0,Turning right,1,Car,No,Offside,2010
201001RG40672,A,210,NA,0,Slight,None,15-11-2010,Monday,1,Data missing or out of range,Not at junction or within 20 metres,51.452692,Daylight,541700,174610,0.037971,E01001661,1,2,0,0,Dry,Dual carriageway,None,30,13:10:00,Urban,Fine no high winds,No,21 - 25,16,Urban area,7,1794,Kerb,None,Other/Not known (2005-10),Not at or within 20 metres of junction,RENAULT,CLIO RSI,Petrol,Male,None,No tow/articulation,Offside on to central reservation,0,Going ahead other,2,Car,No,Nearside,2010
201001RY10213,A,207,C,0,Slight,None,14-04-2010,Wednesday,2,Auto traffic signal,Crossroads,51.459408,Daylight,547770,175530,0.125653,E01000393,1,2,0,0,Dry,Single carriageway,None,30,14:10:00,Urban,Fine no high winds,No,21 - 25,16,Urban area,2,2496,None,None,Other/Not known (2005-10),Mid Junction - on roundabout or on main road,FORD,TRANSIT 190D LWB,Heavy oil,Male,None,No tow/articulation,Did not leave carriageway,0,Slowing or stopping,1,Van / Goods 3.5 tonnes mgw or under,No,Did not impact,2010
20104100A0774,C,49,Unclassified,56,Slight,None,28-11-2010,Sunday,1,Give way or uncontrolled,Crossroads,51.832983,Daylight,526260,216520,-0.169003,E01023467,1,2,0,0,Wet or damp,Single carriageway,None,30,14:12:00,Urban,Fine no high winds,No,21 - 25,16,Urban area,9,1493,None,None,Other/Not known (2005-10),Leaving main road,HONDA,CIVIC BEL AIR,Petrol,Male,None,No tow/articulation,Did not leave carriageway,0,Moving off,1,Car,No,Front,2010
20104100E0323,A,602,Unclassified,384,Slight,None,31-07-2010,Saturday,1,Give way or uncontrolled,T or staggered junction,51.913095,Daylight,523260,225360,-0.209366,E01023776,1,1,0,1,Dry,One way street,Oil or diesel,40,06:33:00,Urban,Fine no high winds,No,21 - 25,16,Urban area,1,1343,None,Near/Offside crash barrier,Commuting to/from work,Cleared junction or waiting/parked at junction exit,HONDA,CIVIC BALI,Petrol,Male,Skidded,No tow/articulation,Nearside,0,Going ahead right-hand bend,1,Car,No,Front,2010
20104100F0393,C,62,Unclassified,531,Slight,None,29-05-2010,Saturday,1,Give way or uncontrolled,Mini-roundabout,51.763506,Daylight,514160,208500,-0.347166,E01023672,2,2,0,8,Dry,Roundabout,None,30,16:59:00,Rural,Fine no high winds,No,21 - 25,16,Urban area,8,1119,None,None,Other/Not known (2005-10),Entering roundabout,FORD,FIESTA I,Petrol,Male,None,No tow/articulation,Did not leave carriageway,0,Going ahead other,1,Car,No,Front,2010