Accident_Index,1st_Road_Class,1st_Road_Number,2nd_Road_Class,2nd_Road_Number,Accident_Severity,Carriageway_Hazards,Date,Day_of_Week,Did_Police_Officer_Attend_Scene_of_Accident,Junction_Control,Junction_Detail,Latitude,Light_Conditions,Location_Easting_OSGR,Location_Northing_OSGR,Longitude,LSOA_of_Accident_Location,Number_of_Casualties,Number_of_Vehicles,Pedestrian_Crossing-Human_Control,Pedestrian_Crossing-Physical_Facilities,Road_Surface_Conditions,Road_Type,Special_Conditions_at_Site,Speed_limit,Time,Urban_or_Rural_Area,Weather_Conditions,InScotland,Age_Band_of_Driver,Age_of_Vehicle,Driver_Home_Area_Type,Driver_IMD_Decile,Engine_Capacity_.CC.,Hit_Object_in_Carriageway,Hit_Object_off_Carriageway,Journey_Purpose_of_Driver,Junction_Location,make,model,Propulsion_Code,Sex_of_Driver,Skidding_and_Overturning,Towing_and_Articulation,Vehicle_Leaving_Carriageway,Vehicle_Location.Restricted_Lane,Vehicle_Manoeuvre,Vehicle_Reference,Vehicle_Type,Was_Vehicle_Left_Hand_Drive,X1st_Point_of_Impact,Year
201042I067703,A,130,Unclassified,0,Slight,None,06-03-2010,Saturday,2,Auto traffic signal,Roundabout,51.702372,Daylight,574100,203410,0.518108,E01021555,1,2,0,0,Dry,Roundabout,None,30,11:00:00,Rural,Fine no high winds,No,21 - 25,16,Rural,8,1796,None,None,Other/Not known (2005-10),Mid Junction - on roundabout or on main road,FORD,FIESTA XR2 I,Petrol,Male,None,No tow/articulation,Did not leave carriageway,0,Going ahead other,2,Car,No,Back,2010
201043N270060,A,418,NA,0,Slight,None,26-06-2010,Saturday,1,Data missing or out of range,Not at junction or within 20 metres,51.833991,Daylight,484120,215750,-0.780582,E01017641,3,4,0,0,Dry,Single carriageway,None,30,05:05:00,Urban,Fine no high winds,No,21 - 25,16,Urban area,3,1493,None,Other permanent object,Other/Not known (2005-10),Not at or within 20 metres of junction,HONDA,CIVIC BEL AIR AUTO,Petrol,Male,Skidded,No tow/articulation,Nearside,0,Going ahead right-hand bend,1,Car,No,Front,2010
201043R216050,A,4,Unclassified,7302,Slight,None,28-05-2010,Friday,1,Auto traffic signal,T or staggered junction,51.515087,Daylight,495750,180480,-0.621506,E01016486,1,2,0,0,Dry,Slip road,None,40,18:04:00,Urban,Fine no high winds,No,21 - 25,16,Urban area,2,999,None,None,Journey as part of work,Mid Junction - on roundabout or on main road,FIAT,UNO 1.0 IE START,Petrol,Male,None,No tow/articulation,Did not leave carriageway,0,Going ahead other,1,Car,No,Nearside,2010
201050BE2H015,B,3253,Unclassified,0,Slight,None,27-05-2010,Thursday,1,Give way or uncontrolled,Other junction,50.369257,Daylight,226130,55020,-4.446348,E01018774,1,2,0,0,Dry,Single carriageway,None,40,21:25:00,Rural,Fine no high winds,No,21 - 25,16,Small town,7,1998,None,None,Other/Not known (2005-10),Approaching junction or waiting/parked at junction approach,TOYOTA,CELICA GT,Petrol,Male,None,No tow/articulation,Did not leave carriageway,0,Moving off,1,Car,No,Offside,2010
201050ED2I009,Unclassified,0,Unclassified,0,Slight,None,20-06-2010,Sunday,1,Give way or uncontrolled,T or staggered junction,50.385639,Daylight,246220,56220,-4.16456,E01015174,1,3,0,0,Dry,Single carriageway,None,30,11:29:00,Urban,Fine no high winds,No,21 - 25,16,Rural,8,1196,Parked vehicle,None,Other/Not known (2005-10),Mid Junction - on roundabout or on main road,VAUXHALL,CORSA LS,Petrol,Male,None,No tow/articulation,Did not leave carriageway,0,Going ahead other,2,Car,No,Back,2010
201050JC3O004,A,38,NA,0,Slight,None,27-05-2010,Thursday,1,Data missing or out of range,Not at junction or within 20 metres,50.554165,Daylight,281400,74060,-3.675609,E01020236,2,3,0,0,Dry,Dual carriageway,None,70,20:47:00,Rural,Fine no high winds,No,21 - 25,16,Small town,4,1389,None,None,Other/Not known (2005-10),Not at or within 20 metres of junction,VAUXHALL,CORSA LS,Petrol,Male,Skidded,No tow/articulation,Did not leave carriageway,0,Going ahead other,1,Car,No,Front,2010
201050JN2A001,A,380,Unclassified,0,Slight,None,02-01-2010,Saturday,2,Give way or uncontrolled,Roundabout,50.524902,Daylight,287060,70680,-3.594718,E01020227,1,1,0,0,Dry,Dual carriageway,None,40,12:10:00,Urban,Fine no high winds,No,21 - 25,16,Urban area,8,9600,None,None,Other/Not known (2005-10),Approaching junction or waiting/parked at junction approach,VOLVO,,Heavy oil,Male,None,No tow/articulation,Did not leave carriageway,0,Slowing or stopping,1,Bus or coach (17 or more pass seats),No,Did not impact,2010
201054ES33510,A,30,NA,0,Slight,None,21-09-2010,Tuesday,1,Not at junction or within 20 metres,Not at junction or within 20 metres,51.085962,Daylight,415830,131880,-1.775384,E01031985,2,5,0,4,Dry,Single carriageway,None,40,15:14:00,Urban,Fine no high winds,No,21 - 25,16,Urban area,6,1796,None,None,Other/Not known (2005-10),Not at or within 20 metres of junction,BMW,318 I S,Petrol,Male,None,No tow/articulation,Did not leave carriageway,0,Waiting to go - held up,4,Car,No,Back,2010
201054EW01610,A,360,C,283,Slight,None,23-01-2010,Saturday,1,Give way or uncontrolled,Crossroads,51.128173,Daylight,410150,136560,-1.856349,E01032013,5,2,0,0,Dry,Single carriageway,None,60,09:50:00,Rural,Fine no high winds,No,21 - 25,16,Data missing or out of range,NA,1830,None,Telegraph or electricity pole,Other/Not known (2005-10),Entering main road,MAZDA,MX-5,Petrol,Male,None,No tow/articulation,Offside,0,Going ahead other,1,Car,No,Nearside,2010
20105500D1303,B,3067,C,5,Slight,None,07-04-2010,Wednesday,1,Give way or uncontrolled,T or staggered junction,50.740583,Daylight,396670,93450,-2.048579,E01020474,1,2,0,0,Dry,Single carriageway,None,40,10:30:00,Rural,Fine no high winds,No,21 - 25,16,Rural,7,1905,None,None,Other/Not known (2005-10),Approaching junction or waiting/parked at junction approach,PEUGEOT,306 D TURBO,Heavy oil,Male,None,No tow/articulation,Did not leave carriageway,0,Going ahead right-hand bend,1,Car,No,Nearside,2010
201060L054976,A,5119,A,55,Slight,None,01-04-2010,Thursday,1,Give way or uncontrolled,Roundabout,53.213385,Daylight,324520,369080,-3.13177,W01000323,1,2,0,0,Dry,Single carriageway,None,60,17:30:00,Rural,Fine no high winds,No,21 - 25,16,Rural,NA,1796,None,None,Other/Not known (2005-10),Entering roundabout,VAUXHALL,CAVALIER CLUB,Petrol,Male,None,No tow/articulation,Did not leave carriageway,0,Going ahead other,1,Car,No,Front,2010
201001HT20545,A,107,Unclassified,0,Slight,None,04-08-2010,Wednesday,2,Give way or uncontrolled,T or staggered junction,51.525409,Daylight,535010,182520,-0.055228,E01004212,1,2,0,0,Wet or damp,Single carriageway,None,30,18:39:00,Urban,Fine no high winds,No,21 - 25,16,Urban area,2,998,None,None,Other/Not known (2005-10),Mid Junction - on roundabout or on main road,NISSAN,MICRA L AUTO,Petrol,Male,None,No tow/articulation,Did not leave carriageway,0,Waiting to go - held up,1,Car,No,Back,2010
201001PL60281,A,20,Unclassified,0,Slight,None,14-05-2010,Friday,1,Give way or uncontrolled,T or staggered junction,51.470478,Daylight,536980,176460,-0.029199,E01003210,1,2,0,0,Dry,Single carriageway,None,30,19:30:00,Urban,Fine no high winds,No,21 - 25,16,Urban area,3,998,None,None,Journey as part of work,Mid Junction - on roundabout or on main road,NISSAN,MICRA L,Petrol,Male,None,No tow/articulation,Did not leave carriageway,0,Turning right,1,Car,No,Offside,2010
201001RG40672,A,210,NA,0,Slight,None,15-11-2010,Monday,1,Data missing or out of range,Not at junction or within 20 metres,51.452692,Daylight,541700,174610,0.037971,E01001661,1,2,0,0,Dry,Dual carriageway,None,30,13:10:00,Urban,Fine no high winds,No,21 - 25,16,Urban area,7,1794,Kerb,None,Other/Not known (2005-10),Not at or within 20 metres of junction,RENAULT,CLIO RSI,Petrol,Male,None,No tow/articulation,Offside on to central reservation,0,Going ahead other,2,Car,No,Nearside,2010
201001RY10213,A,207,C,0,Slight,None,14-04-2010,Wednesday,2,Auto traffic signal,Crossroads,51.459408,Daylight,547770,175530,0.125653,E01000393,1,2,0,0,Dry,Single carriageway,None,30,14:10:00,Urban,Fine no high winds,No,21 - 25,16,Urban area,2,2496,None,None,Other/Not known (2005-10),Mid Junction - on roundabout or on main road,FORD,TRANSIT 190D LWB,Heavy oil,Male,None,No tow/articulation,Did not leave carriageway,0,Slowing or stopping,1,Van / Goods 3.5 tonnes mgw or under,No,Did not impact,2010
201001TW60266,C,0,Unclassified,0,Slight,None,26-08-2010,Thursday,1,Give way or uncontrolled,T or staggered junction,51.414498,Daylight,513770,169660,-0.365394,E01003827,1,2,0,0,Dry,Single carriageway,None,30,18:15:00,Urban,Fine no high winds,No,21 - 25,16,Urban area,2,1389,None,None,Other/Not known (2005-10),Mid Junction - on roundabout or on main road,VAUXHALL,CORSA LS,Petrol,Male,None,No tow/articulation,Did not leave carriageway,0,Waiting to go - held up,2,Car,No,Back,2010
201001XD80304,A,406,Unclassified,0,Slight,None,14-04-2010,Wednesday,1,Auto traffic signal,Crossroads,51.514349,Daylight,518610,180880,-0.292066,E01001235,1,3,0,5,Dry,Single carriageway,None,30,17:10:00,Urban,Fine no high winds,No,21 - 25,16,Urban area,NA,3239,None,None,Other/Not known (2005-10),Approaching junction or waiting/parked at junction approach,JAGUAR,XJ6 AUTO,Petrol,Male,None,No tow/articulation,Did not leave carriageway,0,Going ahead other,2,Car,No,Front,2010
201001XH30386,B,466,Unclassified,0,Slight,None,06-06-2010,Sunday,1,Give way or uncontrolled,Crossroads,51.556261,Daylight,507700,185300,-0.447879,E01002463,2,2,0,0,Dry,Dual carriageway,None,30,14:26:00,Urban,Fine no high winds,No,21 - 25,16,Urban area,8,1998,None,None,Other/Not known (2005-10),Mid Junction - on roundabout or on main road,TOYOTA,MR2 GT,Petrol,Male,Skidded,No tow/articulation,Did not leave carriageway,0,Going ahead other,1,Car,No,Nearside,2010
201001XH30657,C,0,Unclassified,0,Slight,None,21-09-2010,Tuesday,1,Give way or uncontrolled,Roundabout,51.530232,Daylight,509840,182450,-0.417912,E01002424,2,2,0,0,Dry,Roundabout,None,30,08:27:00,Urban,Fine no high winds,No,21 - 25,16,Urban area,2,1870,Bollard or refuge,None,Other/Not known (2005-10),Mid Junction - on roundabout or on main road,RENAULT,CLIO RL CAMPUS DIESEL,Heavy oil,Male,None,No tow/articulation,Offside,0,Going ahead other,1,Car,No,Nearside,2010
201001YR90394,A,1201,C,0,Slight,None,12-06-2010,Saturday,1,Give way or uncontrolled,Crossroads,51.581605,Daylight,529900,188640,-0.126587,E01001989,1,2,0,0,Dry,Single carriageway,None,30,19:40:00,Urban,Fine no high winds,No,21 - 25,16,Urban area,1,79,None,None,Commuting to/from work,Mid Junction - on roundabout or on main road,YAMAHA,,Petrol,Male,None,No tow/articulation,Did not leave carriageway,0,Moving off,2,Motorcycle 125cc and under,No,Front,2010
201004CM10035,A,675,Unclassified,0,Slight,None,13-03-2010,Saturday,1,Give way or uncontrolled,Other junction,53.749441,Daylight,355670,428330,-2.673733,E01025457,1,2,0,0,Dry,Single carriageway,None,30,15:45:00,Urban,Fine no high winds,No,21 - 25,16,Rural,7,250,Kerb,None,Other/Not known (2005-10),Approaching junction or waiting/parked at junction approach,SUZUKI,,Petrol,Male,Overturned,No tow/articulation,Offside,0,Slowing or stopping,1,Motorcycle over 500cc,No,Front,2010
2010550D23337,C,13,Unclassified,0,Slight,None,22-05-2021,Saturday,1,Give way or uncontrolled,T or staggered junction,14.66782534,Darkness - lights lit,388750,106850,78.56903779,E01020439,1,2,0,0,Dry,Single carriageway,None,30,22:15:00,Rural,Fine no high winds,No,16 - 20,15,Data missing or out of range,NA,1389,None,None,Other/Not known (2005-10),Approaching junction or waiting/parked at junction approach,VAUXHALL,CORSA GLS AUTO,Petrol,Male,None,No tow/articulation,Did not leave carriageway,0,Turning right,1,Car,No,Back,2019
201050FT2L016,A,3022,NA,0,Slight,None,05-06-2021,Sunday,1,Not at junction or within 20 metres,Not at junction or within 20 metres,26.73591862,Darkness - lights lit,289810,62430,94.16729296,E01015208,4,2,0,0,Wet or damp,Single carriageway,None,30,01:30:00,Rural,Fine no high winds,No,16 - 20,15,Urban area,3,1589,None,None,Other/Not known (2005-10),Not at or within 20 metres of junction,ROVER,416 SLI,Petrol,Male,None,No tow/articulation,Did not leave carriageway,0,Going ahead right-hand bend,1,Car,No,Front,2019
201050JO2J005,Unclassified,0,NA,0,Slight,None,27-09-2020,Wednesday,1,Data missing or out of range,Not at junction or within 20 metres,13.04107369,Darkness - lights lit,259000,94490,77.53998151,E01020329,1,2,0,0,Dry,Single carriageway,None,30,23:23:00,Rural,Fine no high winds,No,16 - 20,15,Small town,5,49,Parked vehicle,None,Journey as part of work,Not at or within 20 metres of junction,HONDA,,Petrol,Male,None,No tow/articulation,Did not leave carriageway,0,Going ahead other,1,Motorcycle 50cc and under,No,Offside,2020
201045WO54145,A,322,Unclassified,0,Slight,None,15-06-2021,Saturday,1,Give way or uncontrolled,More than 4 arms (not roundabout),8.8890939,Darkness - lights lit,494470,161060,76.63431102,E01030806,2,3,0,0,Dry,Single carriageway,None,40,02:28:00,Urban,Fine no high winds,No,16 - 20,15,Urban area,5,1171,None,None,Other/Not known (2005-10),Cleared junction or waiting/parked at junction exit,RENAULT,CLIO RL PRIMA,Petrol,Male,Overturned,No tow/articulation,Did not leave carriageway,0,Going ahead other,2,Car,No,Back,2020
201042I194906,Unclassified,0,NA,0,Slight,None,25-01-2021,Saturday,1,Not at junction or within 20 metres,Not at junction or within 20 metres,28.62842993,Darkness - lights lit,581170,190720,77.22154069,E01021962,1,4,0,0,Dry,Single carriageway,None,30,22:12:00,Urban,Fine no high winds,No,16 - 20,15,Urban area,8,124,None,None,Other/Not known (2005-10),Not at or within 20 metres of junction,PIAGGIO,T5 125,Petrol,Male,Skidded,No tow/articulation,Did not leave carriageway,0,Going ahead other,1,Motorcycle 125cc and under,No,Offside,2020
20104100C0153,Unclassified,174,Unclassified,441,Slight,None,18-09-2021,Wednesday,1,Give way or uncontrolled,T or staggered junction,18.48968595,Darkness - lights lit,509230,196430,73.82665797,E01023886,1,2,0,0,Dry,Single carriageway,None,30,20:39:00,Urban,Fine no high winds,No,16 - 20,15,Urban area,10,1597,None,None,Other/Not known (2005-10),Mid Junction - on roundabout or on main road,FORD,ESCORT MISTRAL,Petrol,Male,None,No tow/articulation,Did not leave carriageway,0,Going ahead other,1,Car,No,Front,2021
201042I331110,B,1408,Unclassified,0,Slight,None,13-06-2019,Monday,1,Give way or uncontrolled,Roundabout,19.19912949,Darkness - lights lit,595070,224740,72.89050213,E01021718,2,2,0,0,Dry,Roundabout,None,40,22:40:00,Urban,Fine no high winds,No,16 - 20,15,Small town,8,954,None,None,Other/Not known (2005-10),Mid Junction - on roundabout or on main road,PEUGEOT,106 INCA,Petrol,Male,None,No tow/articulation,Did not leave carriageway,0,Going ahead other,1,Car,No,Nearside,2021
20104100J0327,Unclassified,266,Unclassified,266,Slight,None,11-09-2019,Thursday,1,Give way or uncontrolled,T or staggered junction,27.08996035,Darkness - lights lit,524180,202400,93.61964151,E01023570,1,2,0,0,Dry,Single carriageway,None,30,22:38:00,Urban,Fine no high winds,No,16 - 20,15,Urban area,10,1391,Parked vehicle,None,Other/Not known (2005-10),Cleared junction or waiting/parked at junction exit,FORD,FIESTA SI,Petrol,Male,Skidded,No tow/articulation,Did not leave carriageway,0,Going ahead left-hand bend,1,Car,No,Front,2019
201043N216030,Unclassified,3118,NA,0,Slight,None,18-08-2019,Tuesday,1,Not at junction or within 20 metres,Not at junction or within 20 metres,27.10395447,Darkness - lights lit,488470,191490,93.63000053,E01017908,2,1,0,0,Dry,Roundabout,None,60,00:20:00,Rural,Fine no high winds,No,16 - 20,15,Urban area,5,1597,None,Tree,Commuting to/from work,Not at or within 20 metres of junction,FORD,FIESTA SI,Petrol,Male,Skidded and overturned,No tow/articulation,Offside,0,Going ahead other,1,Car,No,Front,2019
201001TB00282,A,232,A,237,Slight,None,15-06-2010,Tuesday,1,Auto traffic signal,Crossroads,51.367291,Darkness - lights lit,528610,164760,-0.153881,E01004172,3,2,0,5,Dry,Dual carriageway,None,30,22:44:00,Urban,Fine no high winds,No,16 - 20,15,Urban area,4,1196,None,None,Other/Not known (2005-10),Mid Junction - on roundabout or on main road,VAUXHALL,CORSA MONTANA,Petrol,Male,None,No tow/articulation,Did not leave carriageway,0,Slowing or stopping,1,Car,No,Front,2010
20104100C0153,Unclassified,174,Unclassified,441,Slight,None,17-02-2010,Wednesday,1,Give way or uncontrolled,T or staggered junction,51.656004,Darkness - lights lit,509230,196430,-0.422354,E01023886,1,2,0,0,Dry,Single carriageway,None,30,20:39:00,Urban,Fine no high winds,No,16 - 20,15,Urban area,10,1597,None,None,Other/Not known (2005-10),Mid Junction - on roundabout or on main road,FORD,ESCORT MISTRAL,Petrol,Male,None,No tow/articulation,Did not leave carriageway,0,Going ahead other,1,Car,No,Front,2010
20104100J0327,Unclassified,266,Unclassified,266,Slight,None,17-06-2010,Thursday,1,Give way or uncontrolled,T or staggered junction,51.706555,Darkness - lights lit,524180,202400,-0.204218,E01023570,1,2,0,0,Dry,Single carriageway,None,30,22:38:00,Urban,Fine no high winds,No,16 - 20,15,Urban area,10,1391,Parked vehicle,None,Other/Not known (2005-10),Cleared junction or waiting/parked at junction exit,FORD,FIESTA SI,Petrol,Male,Skidded,No tow/articulation,Did not leave carriageway,0,Going ahead left-hand bend,1,Car,No,Front,2010
201042I194906,Unclassified,0,NA,0,Slight,None,19-06-2010,Saturday,1,Not at junction or within 20 metres,Not at junction or within 20 metres,51.586153,Darkness - lights lit,581170,190720,0.613744,E01021962,1,4,0,0,Dry,Single carriageway,None,30,22:12:00,Urban,Fine no high winds,No,16 - 20,15,Urban area,8,124,None,None,Other/Not known (2005-10),Not at or within 20 metres of junction,PIAGGIO,T5 125,Petrol,Male,Skidded,No tow/articulation,Did not leave carriageway,0,Going ahead other,1,Motorcycle 125cc and under,No,Offside,2010
201042I331110,B,1408,Unclassified,0,Slight,None,11-10-2010,Monday,1,Give way or uncontrolled,Roundabout,51.887028,Darkness - lights lit,595070,224740,0.833191,E01021718,2,2,0,0,Dry,Roundabout,None,40,22:40:00,Urban,Fine no high winds,No,16 - 20,15,Small town,8,954,None,None,Other/Not known (2005-10),Mid Junction - on roundabout or on main road,PEUGEOT,106 INCA,Petrol,Male,None,No tow/articulation,Did not leave carriageway,0,Going ahead other,1,Car,No,Nearside,2010
201043N216030,Unclassified,3118,NA,0,Slight,None,16-03-2010,Tuesday,1,Not at junction or within 20 metres,Not at junction or within 20 metres,51.615245,Darkness - lights lit,488470,191490,-0.723624,E01017908,2,1,0,0,Dry,Roundabout,None,60,00:20:00,Rural,Fine no high winds,No,16 - 20,15,Urban area,5,1597,None,Tree,Commuting to/from work,Not at or within 20 metres of junction,FORD,FIESTA SI,Petrol,Male,Skidded and overturned,No tow/articulation,Offside,0,Going ahead other,1,Car,No,Front,2010
201045WO54145,A,322,Unclassified,0,Slight,None,11-09-2010,Saturday,1,Give way or uncontrolled,More than 4 arms (not roundabout),51.340731,Darkness - lights lit,494470,161060,-0.64512,E01030806,2,3,0,0,Dry,Single carriageway,None,40,02:28:00,Urban,Fine no high winds,No,16 - 20,15,Urban area,5,1171,None,None,Other/Not known (2005-10),Cleared junction or waiting/parked at junction exit,RENAULT,CLIO RL PRIMA,Petrol,Male,Overturned,No tow/articulation,Did not leave carriageway,0,Going ahead other,2,Car,No,Back,2010
201050FT2L016,A,3022,NA,0,Slight,None,03-10-2010,Sunday,1,Not at junction or within 20 metres,Not at junction or within 20 metres,50.45126,Darkness - lights lit,289810,62430,-3.553502,E01015208,4,2,0,0,Wet or damp,Single carriageway,None,30,01:30:00,Rural,Fine no high winds,No,16 - 20,15,Urban area,3,1589,None,None,Other/Not known (2005-10),Not at or within 20 metres of junction,ROVER,416 SLI,Petrol,Male,None,No tow/articulation,Did not leave carriageway,0,Going ahead right-hand bend,1,Car,No,Front,2010
201050JO2J005,Unclassified,0,NA,0,Slight,None,28-04-2010,Wednesday,1,Data missing or out of range,Not at junction or within 20 metres,50.732802,Darkness - lights lit,259000,94490,-3.999412,E01020329,1,2,0,0,Dry,Single carriageway,None,30,23:23:00,Rural,Fine no high winds,No,16 - 20,15,Small town,5,49,Parked vehicle,None,Journey as part of work,Not at or within 20 metres of junction,HONDA,,Petrol,Male,None,No tow/articulation,Did not leave carriageway,0,Going ahead other,1,Motorcycle 50cc and under,No,Offside,2010
2010550D23337,C,13,Unclassified,0,Slight,None,05-06-2010,Saturday,1,Give way or uncontrolled,T or staggered junction,50.860985,Darkness - lights lit,388750,106850,-2.161237,E01020439,1,2,0,0,Dry,Single carriageway,None,30,22:15:00,Rural,Fine no high winds,No,16 - 20,15,Data missing or out of range,NA,1389,None,None,Other/Not known (2005-10),Approaching junction or waiting/parked at junction approach,VAUXHALL,CORSA GLS AUTO,Petrol,Male,None,No tow/articulation,Did not leave carriageway,0,Turning right,1,Car,No,Back,2010
201001TB00282,A,232,A,237,Slight,None,15-06-2010,Tuesday,1,Auto traffic signal,Crossroads,51.367291,Darkness - lights lit,528610,164760,-0.153881,E01004172,3,2,0,5,Dry,Dual carriageway,None,30,22:44:00,Urban,Fine no high winds,No,16 - 20,15,Urban area,4,1196,None,None,Other/Not known (2005-10),Mid Junction - on roundabout or on main road,VAUXHALL,CORSA MONTANA,Petrol,Male,None,No tow/articulation,Did not leave carriageway,0,Slowing or stopping,1,Car,No,Front,2010
201001ZD30222,Unclassified,0,NA,0,Slight,None,28-03-2010,Sunday,2,Data missing or out of range,Not at junction or within 20 metres,51.322006,Darkness - lights lit,530540,159770,-0.128,E01001016,1,2,0,0,Dry,Single carriageway,None,30,02:00:00,Urban,Fine no high winds,No,16 - 20,15,Urban area,6,1389,None,None,Other/Not known (2005-10),Not at or within 20 metres of junction,VAUXHALL,CORSA GLS,Petrol,Male,None,No tow/articulation,Did not leave carriageway,0,U-turn,1,Car,No,Offside,2010
201004BB10032,Unclassified,0,Unclassified,0,Slight,None,17-03-2010,Wednesday,1,Give way or uncontrolled,Crossroads,54.064897,Darkness - lights lit,342910,463570,-2.873798,E01025113,3,2,0,0,Dry,Single carriageway,None,30,19:26:00,Urban,Fine no high winds,No,16 - 20,15,Urban area,4,1196,None,None,Other/Not known (2005-10),Cleared junction or waiting/parked at junction exit,VAUXHALL,CORSA LS,Petrol,Male,None,No tow/articulation,Did not leave carriageway,0,Parked,2,Car,No,Back,2010
201004CK10034,A,59,NA,0,Slight,None,13-03-2010,Saturday,1,Data missing or out of range,Not at junction or within 20 metres,53.612195,Darkness - lights lit,345200,413170,-2.829808,E01025484,1,1,0,0,Dry,Single carriageway,None,50,01:28:00,Rural,Fine no high winds,No,16 - 20,15,Small town,8,1171,None,None,Journey as part of work,Not at or within 20 metres of junction,RENAULT,CLIO OASIS,Petrol,Male,Overturned,No tow/articulation,Nearside,0,Going ahead right-hand bend,1,Car,No,Front,2010
2010160B01431,B,1501,B,1450,Slight,None,16-04-2010,Friday,2,Auto traffic signal,T or staggered junction,53.566628,Darkness - lights lit,490660,408650,-0.632553,E01013238,1,2,0,5,Dry,Single carriageway,None,30,23:50:00,Urban,Fine no high winds,No,16 - 20,15,Rural,3,1493,None,None,Other/Not known (2005-10),Approaching junction or waiting/parked at junction approach,HONDA,CIVIC VEI,Petrol,Male,None,No tow/articulation,Did not leave carriageway,0,Waiting to go - held up,2,Car,No,Back,2010
201022C003563,A,449,Unclassified,0,Slight,None,16-07-2010,Friday,2,Give way or uncontrolled,T or staggered junction,52.215912,Darkness - lights lit,384640,257550,-2.226254,E01032300,2,1,0,0,Wet or damp,Single carriageway,None,30,03:10:00,Urban,Fine no high winds,No,16 - 20,15,Urban area,8,1196,Kerb,Other permanent object,Other/Not known (2005-10),Approaching junction or waiting/parked at junction approach,VAUXHALL,CORSA ARIZONA,Petrol,Male,Skidded,No tow/articulation,Offside and rebounded,0,Going ahead right-hand bend,1,Car,No,Nearside,2010
201022F002426,A,49,A,456,Slight,None,07-05-2010,Friday,1,Give way or uncontrolled,T or staggered junction,52.312112,Darkness - lights lit,352050,268460,-2.7048,E01028996,1,2,0,0,Wet or damp,Single carriageway,None,60,22:43:00,Rural,Fine no high winds,No,16 - 20,15,Small town,5,954,None,None,Other/Not known (2005-10),Entering main road,PEUGEOT,106 INCA,Petrol,Male,None,No tow/articulation,Did not leave carriageway,0,Turning right,1,Car,No,Back,2010
201022G005131,B,4373,Unclassified,0,Slight,None,12-10-2010,Tuesday,1,Give way or uncontrolled,T or staggered junction,52.707264,Darkness - lights lit,370540,312270,-2.437479,E01014184,1,2,0,0,Dry,Single carriageway,None,40,21:40:00,Rural,Fine no high winds,No,16 - 20,15,Urban area,4,2000,None,None,Commuting to/from work,Mid Junction - on roundabout or on main road,SUBARU,,Petrol,Male,Skidded,No tow/articulation,Did not leave carriageway,0,Going ahead other,1,Car,No,Offside,2010
201030D000209,A,516,NA,0,Slight,None,10-03-2010,Wednesday,1,Data missing or out of range,Not at junction or within 20 metres,52.891827,Darkness - lights lit,427770,332790,-1.588691,E01019839,1,2,0,0,Dry,Single carriageway,None,60,19:18:00,Rural,Fine no high winds,No,16 - 20,15,Urban area,10,1196,None,None,Other/Not known (2005-10),Not at or within 20 metres of junction,VAUXHALL,CORSA ARIZONA,Petrol,Male,None,No tow/articulation,Did not leave carriageway,0,Slowing or stopping,2,Car,No,Front,2010
2010400D03078,C,249,NA,0,Slight,None,19-04-2020,Tuesday,1,Data missing or out of range,Not at junction or within 20 metres,22.99102954,Darkness - lights lit,498640,221500,72.52925523,E01017588,1,2,0,0,Dry,Single carriageway,None,30,19:50:00,Rural,Fine no high winds,No,16 - 20,15,Rural,5,1389,None,None,Other/Not known (2005-10),Not at or within 20 metres of junction,VAUXHALL,CORSA LS,Petrol,Female,None,No tow/articulation,Did not leave carriageway,0,Parked,2,Car,No,Front,2019
201042I319309,Unclassified,0,Unclassified,0,Slight,None,29-07-2021,Sunday,1,Give way or uncontrolled,T or staggered junction,28.5785173,Darkness - lights lit,581840,230910,77.1057274,E01021388,1,2,0,0,Dry,Single carriageway,None,30,21:28:00,Urban,Fine no high winds,No,16 - 20,15,Urban area,6,998,None,None,Other/Not known (2005-10),Mid Junction - on roundabout or on main road,NISSAN,MICRA LX,Petrol,Female,None,No tow/articulation,Did not leave carriageway,0,Moving off,1,Car,No,Front,2020
201045GU54128,A,25,NA,0,Slight,None,23-01-2019,Saturday,1,Data missing or out of range,Not at junction or within 20 metres,28.68214948,Darkness - lights lit,500100,150800,77.11276121,E01030438,2,2,0,0,Dry,Single carriageway,None,40,23:10:00,Rural,Fine no high winds,No,16 - 20,15,Urban area,9,1108,None,None,Other/Not known (2005-10),Not at or within 20 metres of junction,FIAT,CINQUECENTO SPORTING,Petrol,Female,None,No tow/articulation,Did not leave carriageway,0,Going ahead other,2,Car,No,Front,2021
201050ED2E005,Unclassified,0,NA,0,Slight,None,06-11-2020,Thursday,2,Not at junction or within 20 metres,Not at junction or within 20 metres,27.10602215,Darkness - lights lit,248240,56030,93.62660642,E01015032,1,1,0,0,Wet or damp,Single carriageway,None,30,18:45:00,Urban,Fine no high winds,No,16 - 20,15,Urban area,8,487,None,None,Other/Not known (2005-10),Not at or within 20 metres of junction,SUZUKI,,Petrol,Female,None,No tow/articulation,Did not leave carriageway,0,Going ahead other,1,Motorcycle over 125cc and up to 500cc,No,Front,2019