Accident_Index,1st_Road_Class,1st_Road_Number,2nd_Road_Class,2nd_Road_Number,Accident_Severity,Carriageway_Hazards,Date,Day_of_Week,Did_Police_Officer_Attend_Scene_of_Accident,Junction_Control,Junction_Detail,Latitude,Light_Conditions,Location_Easting_OSGR,Location_Northing_OSGR,Longitude,LSOA_of_Accident_Location,Number_of_Casualties,Number_of_Vehicles,Pedestrian_Crossing-Human_Control,Pedestrian_Crossing-Physical_Facilities,Road_Surface_Conditions,Road_Type,Special_Conditions_at_Site,Speed_limit,Time,Urban_or_Rural_Area,Weather_Conditions,InScotland,Age_Band_of_Driver,Age_of_Vehicle,Driver_Home_Area_Type,Driver_IMD_Decile,Engine_Capacity_.CC.,Hit_Object_in_Carriageway,Hit_Object_off_Carriageway,Journey_Purpose_of_Driver,Junction_Location,make,model,Propulsion_Code,Sex_of_Driver,Skidding_and_Overturning,Towing_and_Articulation,Vehicle_Leaving_Carriageway,Vehicle_Location.Restricted_Lane,Vehicle_Manoeuvre,Vehicle_Reference,Vehicle_Type,Was_Vehicle_Left_Hand_Drive,X1st_Point_of_Impact,Year
2010400D03078,C,249,NA,0,Slight,None,19-10-2010,Tuesday,1,Data missing or out of range,Not at junction or within 20 metres,51.883301,Darkness - lights lit,498640,221500,-0.568279,E01017588,1,2,0,0,Dry,Single carriageway,None,30,19:50:00,Rural,Fine no high winds,No,16 - 20,15,Rural,5,1389,None,None,Other/Not known (2005-10),Not at or within 20 metres of junction,VAUXHALL,CORSA LS,Petrol,Female,None,No tow/articulation,Did not leave carriageway,0,Parked,2,Car,No,Front,2010
201042I319309,Unclassified,0,Unclassified,0,Slight,None,26-09-2010,Sunday,1,Give way or uncontrolled,T or staggered junction,51.946913,Darkness - lights lit,581840,230910,0.644427,E01021388,1,2,0,0,Dry,Single carriageway,None,30,21:28:00,Urban,Fine no high winds,No,16 - 20,15,Urban area,6,998,None,None,Other/Not known (2005-10),Mid Junction - on roundabout or on main road,NISSAN,MICRA LX,Petrol,Female,None,No tow/articulation,Did not leave carriageway,0,Moving off,1,Car,No,Front,2010
201045GU54128,A,25,NA,0,Slight,None,11-09-2010,Saturday,1,Data missing or out of range,Not at junction or within 20 metres,51.24754,Darkness - lights lit,500100,150800,-0.567192,E01030438,2,2,0,0,Dry,Single carriageway,None,40,23:10:00,Rural,Fine no high winds,No,16 - 20,15,Urban area,9,1108,None,None,Other/Not known (2005-10),Not at or within 20 metres of junction,FIAT,CINQUECENTO SPORTING,Petrol,Female,None,No tow/articulation,Did not leave carriageway,0,Going ahead other,2,Car,No,Front,2010
201050ED2E005,Unclassified,0,NA,0,Slight,None,18-02-2010,Thursday,2,Not at junction or within 20 metres,Not at junction or within 20 metres,50.384457,Darkness - lights lit,248240,56030,-4.136089,E01015032,1,1,0,0,Wet or damp,Single carriageway,None,30,18:45:00,Urban,Fine no high winds,No,16 - 20,15,Urban area,8,487,None,None,Other/Not known (2005-10),Not at or within 20 metres of junction,SUZUKI,,Petrol,Female,None,No tow/articulation,Did not leave carriageway,0,Going ahead other,1,Motorcycle over 125cc and up to 500cc,No,Front,2010
201001VK30285,A,307,C,0,Slight,None,09-09-2010,Thursday,1,Auto traffic signal,T or staggered junction,51.407934,Darkness - lights lit,518180,169030,-0.302217,E01002968,2,2,0,5,Dry,Dual carriageway,None,30,00:41:00,Urban,Fine no high winds,No,16 - 20,15,Urban area,8,1108,None,None,Other/Not known (2005-10),Mid Junction - on roundabout or on main road,FIAT,PUNTO 55 SX,Petrol,Female,None,No tow/articulation,Did not leave carriageway,0,Going ahead other,2,Car,No,Front,2010
201001VK30386,A,243,B,280,Slight,None,09-12-2010,Thursday,1,Auto traffic signal,Crossroads,51.341169,Darkness - lights lit,517240,161580,-0.318182,E01002948,3,2,0,0,Frost or ice,Single carriageway,None,30,21:42:00,Rural,Fine no high winds,No,16 - 20,15,Data missing or out of range,NA,1196,None,None,Other/Not known (2005-10),Mid Junction - on roundabout or on main road,VAUXHALL,CORSA SPIN,Petrol,Female,None,No tow/articulation,Did not leave carriageway,0,Turning right,1,Car,No,Front,2010
201005AA01580,Unclassified,0,NA,0,Slight,None,02-02-2010,Tuesday,2,Data missing or out of range,Not at junction or within 20 metres,53.317561,Darkness - lights lit,335490,380510,-2.969845,E01007167,1,2,0,0,Wet or damp,Single carriageway,None,30,13:10:00,Urban,Fine no high winds,No,16 - 20,15,Urban area,7,1108,None,None,Other/Not known (2005-10),Not at or within 20 metres of junction,FIAT,PUNTO 55 S,Petrol,Female,None,No tow/articulation,Did not leave carriageway,0,Slowing or stopping,2,Car,No,Back,2010
201006J029218,Unclassified,0,Unclassified,0,Slight,None,11-03-2010,Thursday,1,Give way or uncontrolled,Crossroads,53.414668,Darkness - lights lit,392980,390880,-2.107089,E01005902,1,4,0,0,Dry,Unknown,None,30,22:30:00,Urban,Fine no high winds,No,16 - 20,15,Urban area,4,1998,None,Other permanent object,Other/Not known (2005-10),Cleared junction or waiting/parked at junction exit,VAUXHALL,CAVALIER GLS 16V,Petrol,Female,None,No tow/articulation,Offside,0,Going ahead other,1,Car,No,Front,2010
201014A032810,A,18,NA,,Slight,None,01-02-2010,Monday,1,Give way or uncontrolled,Other junction,53.532933,Darkness - lights lit,460650,404420,-1.08643,E01007566,2,3,0,0,Dry,Single carriageway,None,40,19:45:00,Urban,Fine no high winds,No,16 - 20,15,Urban area,6,1196,None,None,Other/Not known (2005-10),Approaching junction or waiting/parked at junction approach,VAUXHALL,CORSA LS,Petrol,Female,None,No tow/articulation,Did not leave carriageway,0,Going ahead other,2,Car,No,Front,2010
20103102A0787,B,6028,Unclassified,0,Slight,None,12-04-2010,Monday,1,Give way or uncontrolled,T or staggered junction,53.140972,Darkness - lights lit,448400,360670,-1.277904,E01027983,2,2,0,0,Dry,Single carriageway,None,30,20:02:00,Urban,Fine no high winds,No,16 - 20,15,Small town,5,1196,None,None,Other/Not known (2005-10),Mid Junction - on roundabout or on main road,VAUXHALL,CORSA ARIZONA,Petrol,Female,None,No tow/articulation,Did not leave carriageway,0,Going ahead other,1,Car,No,Back,2010
201004DL10006,A,583,Unclassified,0,Slight,None,22-01-2010,Friday,1,Give way or uncontrolled,T or staggered junction,53.76678,Darkness - lights lit,349670,430320,-2.765038,E01025271,1,2,0,0,Wet or damp,Dual carriageway,None,30,18:40:00,Urban,Fog or mist,No,16 - 20,15,Urban area,1,1389,None,None,Other/Not known (2005-10),Entering main road,VAUXHALL,CORSA GLS AUTO,Petrol,Female,None,No tow/articulation,Did not leave carriageway,0,Turning right,1,Car,No,Front,2010
201020J010060,Unclassified,0,Unclassified,0,Slight,None,18-09-2010,Saturday,2,Give way or uncontrolled,T or staggered junction,52.495926,Darkness - lights lit,391240,288680,-2.130473,E01009752,1,2,0,0,Wet or damp,Single carriageway,None,30,21:00:00,Urban,Other,No,16 - 20,15,Urban area,1,998,None,None,Other/Not known (2005-10),Mid Junction - on roundabout or on main road,NISSAN,MICRA L,Petrol,Female,Skidded,No tow/articulation,Did not leave carriageway,0,Slowing or stopping,2,Car,No,Front,2010
201037G030209,A,137,NA,0,Slight,None,18-07-2020,Tuesday,1,Data missing or out of range,Not at junction or within 20 metres,28.4558669,Darkness - lights lit,615690,244070,77.06003975,E01029985,1,2,0,0,Wet or damp,One way street,None,30,22:00:00,Urban,Raining no high winds,No,16 - 20,15,Urban area,10,1391,None,None,Other/Not known (2005-10),Not at or within 20 metres of junction,VOLKSWAGEN,POLO 1.4 CL,Petrol,Male,None,No tow/articulation,Did not leave carriageway,0,Slowing or stopping,2,Car,No,Back,2019
201042I090703,Unclassified,0,NA,0,Slight,None,14-06-2021,Sunday,1,Not at junction or within 20 metres,Not at junction or within 20 metres,18.63733421,Darkness - lights lit,599800,224490,73.80802221,E01021683,2,2,0,0,Wet or damp,Single carriageway,None,30,02:20:00,Urban,Raining no high winds,No,16 - 20,15,Urban area,5,1171,None,Tree,Other/Not known (2005-10),Not at or within 20 metres of junction,RENAULT,CLIO OASIS,Petrol,Male,None,No tow/articulation,Did not leave carriageway,0,Going ahead other,1,Car,No,Front,2021
201001PL60052,Unclassified,0,NA,0,Slight,None,25-01-2010,Monday,1,Data missing or out of range,Not at junction or within 20 metres,51.425375,Darkness - lights lit,536570,171430,-0.037038,E01003190,1,1,0,0,Wet or damp,Single carriageway,None,30,18:50:00,Urban,Raining no high winds,No,16 - 20,15,Urban area,3,1598,Kerb,Lamp post,Other/Not known (2005-10),Not at or within 20 metres of junction,VOLKSWAGEN,POLO GL,Petrol,Male,None,No tow/articulation,Nearside,0,Going ahead right-hand bend,1,Car,No,Front,2010
201037G030209,A,137,NA,0,Slight,None,12-10-2010,Tuesday,1,Data missing or out of range,Not at junction or within 20 metres,52.052972,Darkness - lights lit,615690,244070,1.144498,E01029985,1,2,0,0,Wet or damp,One way street,None,30,22:00:00,Urban,Raining no high winds,No,16 - 20,15,Urban area,10,1391,None,None,Other/Not known (2005-10),Not at or within 20 metres of junction,VOLKSWAGEN,POLO 1.4 CL,Petrol,Male,None,No tow/articulation,Did not leave carriageway,0,Slowing or stopping,2,Car,No,Back,2010
201042I090703,Unclassified,0,NA,0,Slight,None,21-03-2010,Sunday,1,Not at junction or within 20 metres,Not at junction or within 20 metres,51.88311,Darkness - lights lit,599800,224490,0.901685,E01021683,2,2,0,0,Wet or damp,Single carriageway,None,30,02:20:00,Urban,Raining no high winds,No,16 - 20,15,Urban area,5,1171,None,Tree,Other/Not known (2005-10),Not at or within 20 metres of junction,RENAULT,CLIO OASIS,Petrol,Male,None,No tow/articulation,Did not leave carriageway,0,Going ahead other,1,Car,No,Front,2010
201001PL60052,Unclassified,0,NA,0,Slight,None,25-01-2010,Monday,1,Data missing or out of range,Not at junction or within 20 metres,51.425375,Darkness - lights lit,536570,171430,-0.037038,E01003190,1,1,0,0,Wet or damp,Single carriageway,None,30,18:50:00,Urban,Raining no high winds,No,16 - 20,15,Urban area,3,1598,Kerb,Lamp post,Other/Not known (2005-10),Not at or within 20 metres of junction,VOLKSWAGEN,POLO GL,Petrol,Male,None,No tow/articulation,Nearside,0,Going ahead right-hand bend,1,Car,No,Front,2010
201001XD80222,A,4020,A,3002,Slight,None,02-04-2010,Friday,1,Auto traffic signal,T or staggered junction,51.508716,Darkness - lights lit,515430,180180,-0.338102,E01001252,1,2,0,5,Wet or damp,Single carriageway,None,30,20:45:00,Urban,Raining no high winds,No,16 - 20,15,Urban area,3,1390,None,None,Other/Not known (2005-10),Mid Junction - on roundabout or on main road,RENAULT,CLIO RT AUTO,Petrol,Male,None,No tow/articulation,Did not leave carriageway,0,Turning right,1,Car,No,Nearside,2010
201020H007240,Unclassified,0,NA,0,Slight,None,25-08-2010,Wednesday,1,Data missing or out of range,Not at junction or within 20 metres,52.593711,Darkness - lights lit,396970,299550,-2.046174,E01010376,1,2,0,0,Wet or damp,Single carriageway,None,30,20:55:00,Urban,Raining no high winds,No,16 - 20,15,Urban area,1,1587,None,None,Other/Not known (2005-10),Not at or within 20 metres of junction,TOYOTA,COROLLA CD,Petrol,Male,Skidded,No tow/articulation,Did not leave carriageway,0,Going ahead left-hand bend,1,Car,No,Front,2010
201034NC30230,A,6003,A,427,Slight,None,26-07-2010,Monday,1,Give way or uncontrolled,Roundabout,52.494316,Darkness - lights lit,486260,289250,-0.730874,E01026980,1,1,0,0,Wet or damp,Roundabout,None,60,03:46:00,Rural,Raining no high winds,No,16 - 20,15,Rural,10,1391,Kerb,None,Other/Not known (2005-10),Mid Junction - on roundabout or on main road,FORD,ESCORT ENCORE,Petrol,Male,None,No tow/articulation,Did not leave carriageway,0,Going ahead other,1,Car,No,Front,2010
201045WA49830,B,2130,NA,0,Slight,None,08-01-2019,Sunday,1,Data missing or out of range,Not at junction or within 20 metres,18.58872177,Darkness - no lighting,503340,138830,73.86290317,E01030862,1,1,0,0,Frost or ice,Single carriageway,None,40,00:40:00,Rural,Fine no high winds,No,16 - 20,15,Urban area,10,1124,None,Road sign or traffic signal,Other/Not known (2005-10),Not at or within 20 metres of junction,PEUGEOT,106 GRADUATE,Petrol,Male,Skidded and overturned,No tow/articulation,Nearside and rebounded,0,Going ahead left-hand bend,1,Car,No,Front,2021
201050BL2K044,A,30,NA,0,Slight,Pedestrian in carriageway - not injured,16-09-2020,Thursday,1,Data missing or out of range,Not at junction or within 20 metres,19.06454618,Darkness - no lighting,234980,84090,72.90774036,E01018947,1,2,0,0,Frost or ice,Dual carriageway,None,70,21:27:00,Rural,Fine no high winds,No,16 - 20,15,Rural,4,954,None,None,Other/Not known (2005-10),Not at or within 20 metres of junction,PEUGEOT,106 INCA,Petrol,Male,Skidded,No tow/articulation,Did not leave carriageway,0,Slowing or stopping,1,Car,No,Front,2021
201043P286120,A,40,A,418,Slight,None,26-07-2020,Tuesday,1,Give way or uncontrolled,T or staggered junction,19.17894283,Darkness - no lighting,461990,205070,72.88694526,E01028646,1,2,0,0,Wet or damp,Slip road,None,60,16:03:00,Rural,Fine no high winds,No,16 - 20,15,Urban area,2,1990,None,None,Other/Not known (2005-10),Entering from slip road,MITSUBISHI,,Petrol,Male,None,No tow/articulation,Did not leave carriageway,0,Going ahead other,2,Car,No,Back,2021
20104100A0087,A,10,NA,0,Slight,None,18-09-2019,Sunday,1,Not at junction or within 20 metres,Not at junction or within 20 metres,27.08917832,Darkness - no lighting,536500,210120,93.62539918,E01023319,1,2,0,0,Wet or damp,Dual carriageway,None,70,18:05:00,Rural,Fine no high winds,No,16 - 20,15,Urban area,7,1108,None,Road sign or traffic signal,Other/Not known (2005-10),Not at or within 20 metres of junction,FIAT,PUNTO 55 S,Petrol,Male,None,No tow/articulation,Nearside,0,Going ahead other,1,Car,No,Front,2019
20104100A0087,A,10,NA,0,Slight,None,31-01-2010,Sunday,1,Not at junction or within 20 metres,Not at junction or within 20 metres,51.773067,Darkness - no lighting,536500,210120,-0.023,E01023319,1,2,0,0,Wet or damp,Dual carriageway,None,70,18:05:00,Rural,Fine no high winds,No,16 - 20,15,Urban area,7,1108,None,Road sign or traffic signal,Other/Not known (2005-10),Not at or within 20 metres of junction,FIAT,PUNTO 55 S,Petrol,Male,None,No tow/articulation,Nearside,0,Going ahead other,1,Car,No,Front,2010
201043P286120,A,40,A,418,Slight,None,28-12-2010,Tuesday,1,Give way or uncontrolled,T or staggered junction,51.740867,Darkness - no lighting,461990,205070,-1.103611,E01028646,1,2,0,0,Wet or damp,Slip road,None,60,16:03:00,Rural,Fine no high winds,No,16 - 20,15,Urban area,2,1990,None,None,Other/Not known (2005-10),Entering from slip road,MITSUBISHI,,Petrol,Male,None,No tow/articulation,Did not leave carriageway,0,Going ahead other,2,Car,No,Back,2010
201045WA49830,B,2130,NA,0,Slight,None,07-03-2010,Sunday,1,Data missing or out of range,Not at junction or within 20 metres,51.139363,Darkness - no lighting,503340,138830,-0.524229,E01030862,1,1,0,0,Frost or ice,Single carriageway,None,40,00:40:00,Rural,Fine no high winds,No,16 - 20,15,Urban area,10,1124,None,Road sign or traffic signal,Other/Not known (2005-10),Not at or within 20 metres of junction,PEUGEOT,106 GRADUATE,Petrol,Male,Skidded and overturned,No tow/articulation,Nearside and rebounded,0,Going ahead left-hand bend,1,Car,No,Front,2010
201050BL2K044,A,30,NA,0,Slight,Pedestrian in carriageway - not injured,09-12-2010,Thursday,1,Data missing or out of range,Not at junction or within 20 metres,50.633024,Darkness - no lighting,234980,84090,-4.334861,E01018947,1,2,0,0,Frost or ice,Dual carriageway,None,70,21:27:00,Rural,Fine no high winds,No,16 - 20,15,Rural,4,954,None,None,Other/Not known (2005-10),Not at or within 20 metres of junction,PEUGEOT,106 INCA,Petrol,Male,Skidded,No tow/articulation,Did not leave carriageway,0,Slowing or stopping,1,Car,No,Front,2010
201022F004807,B,4386,NA,0,Slight,None,27-09-2010,Monday,1,Data missing or out of range,Not at junction or within 20 metres,52.699932,Darkness - no lighting,344690,311680,-2.819948,E01028970,1,3,0,0,Wet or damp,Single carriageway,None,60,22:56:00,Rural,Fine no high winds,No,16 - 20,15,Rural,6,1493,None,None,Other/Not known (2005-10),Not at or within 20 metres of junction,HONDA,CIVIC COUPE SPECIAL,Petrol,Male,Skidded and overturned,No tow/articulation,Did not leave carriageway,0,Going ahead right-hand bend,1,Car,No,Front,2010
20103102B2617,C,81,NA,0,Slight,None,23-10-2010,Saturday,1,Data missing or out of range,Not at junction or within 20 metres,53.231148,Darkness - no lighting,484820,371210,-0.730762,E01028317,1,1,0,0,Dry,Single carriageway,None,60,01:00:00,Rural,Fine no high winds,No,16 - 20,15,Rural,5,1896,None,Road sign or traffic signal,Other/Not known (2005-10),Not at or within 20 metres of junction,VOLKSWAGEN,GOLF CL DIESEL,Heavy oil,Male,Skidded and overturned,No tow/articulation,Offside and rebounded,0,Going ahead right-hand bend,1,Car,No,Front,2010
201045TA56378,A,22,C,72,Slight,None,01-03-2021,Monday,1,Give way or uncontrolled,Private drive or entrance,23.08354396,Darkness - no lighting,535780,152280,72.5835926,E01030825,2,2,0,0,Frost or ice,Single carriageway,None,50,16:55:00,Rural,Other,No,16 - 20,15,Small town,8,998,None,None,Other/Not known (2005-10),Approaching junction or waiting/parked at junction approach,NISSAN,MICRA 1.0 L,Petrol,Female,None,No tow/articulation,Did not leave carriageway,0,Waiting to turn right,1,Car,No,Back,2019
201045TA56378,A,22,C,72,Slight,None,29-11-2010,Monday,1,Give way or uncontrolled,Private drive or entrance,51.253469,Darkness - no lighting,535780,152280,-0.055691,E01030825,2,2,0,0,Frost or ice,Single carriageway,None,50,16:55:00,Rural,Other,No,16 - 20,15,Small town,8,998,None,None,Other/Not known (2005-10),Approaching junction or waiting/parked at junction approach,NISSAN,MICRA 1.0 L,Petrol,Female,None,No tow/articulation,Did not leave carriageway,0,Waiting to turn right,1,Car,No,Back,2010
201054DE13210,Unclassified,0,NA,0,Slight,None,11-05-2019,Friday,1,Not at junction or within 20 metres,Not at junction or within 20 metres,25.76544437,Darkness - no lighting,419350,181130,87.49854306,E01015547,3,1,0,0,Wet or damp,Single carriageway,None,30,22:05:00,Rural,Raining no high winds,No,16 - 20,15,Urban area,2,1171,None,Other permanent object,Other/Not known (2005-10),Not at or within 20 metres of junction,RENAULT,CLIO LES ROUTIERS,Petrol,Female,Overturned,No tow/articulation,Nearside and rebounded,0,Going ahead right-hand bend,1,Car,No,Front,2019
201054DE13210,Unclassified,0,NA,0,Slight,None,07-05-2010,Friday,1,Not at junction or within 20 metres,Not at junction or within 20 metres,51.528702,Darkness - no lighting,419350,181130,-1.722469,E01015547,3,1,0,0,Wet or damp,Single carriageway,None,30,22:05:00,Rural,Raining no high winds,No,16 - 20,15,Urban area,2,1171,None,Other permanent object,Other/Not known (2005-10),Not at or within 20 metres of junction,RENAULT,CLIO LES ROUTIERS,Petrol,Female,Overturned,No tow/articulation,Nearside and rebounded,0,Going ahead right-hand bend,1,Car,No,Front,2010
201006M030070,Unclassified,0,A,56,Slight,None,01-04-2010,Thursday,1,Give way or uncontrolled,Crossroads,53.421452,Daylight,378170,391680,-2.329962,E01006150,1,3,0,0,Dry,Dual carriageway,None,30,10:15:00,Urban,Fine + high winds,No,16 - 20,15,Urban area,10,1120,None,None,Journey as part of work,Approaching junction or waiting/parked at junction approach,ROVER,111I,Petrol,Male,None,No tow/articulation,Did not leave carriageway,0,Slowing or stopping,3,Car,No,Offside,2010
2010400D01325,Motorway,1,NA,0,Slight,None,28-10-2019,Wednesday,1,Data missing or out of range,Not at junction or within 20 metres,27.09124715,Daylight,495150,237670,93.63048181,E01017379,1,2,0,0,Dry,Dual carriageway,None,70,12:40:00,Rural,Fine no high winds,No,16 - 20,15,Urban area,6,1108,None,None,Other/Not known (2005-10),Not at or within 20 metres of junction,FIAT,PUNTO 55 SX,Petrol,Male,None,No tow/articulation,Did not leave carriageway,0,Going ahead other,1,Car,No,Front,2019
20105500C0922,A,3049,NA,0,Slight,None,25-11-2019,Tuesday,1,Not at junction or within 20 metres,Not at junction or within 20 metres,25.78803248,Daylight,406980,93930,87.46069496,E01015387,1,3,0,0,Dry,Single carriageway,None,30,13:05:00,Urban,Fine no high winds,No,16 - 20,15,Urban area,3,998,None,None,Commuting to/from work,Not at or within 20 metres of junction,NISSAN,MICRA L,Petrol,Male,None,No tow/articulation,Did not leave carriageway,0,Slowing or stopping,2,Car,No,Back,2019
201050JS2K014,Unclassified,0,NA,0,Slight,None,06-12-2020,Saturday,1,Not at junction or within 20 metres,Not at junction or within 20 metres,15.3287491,Daylight,268110,58160,74.07678681,E01020160,2,2,0,0,Dry,Single carriageway,None,60,15:18:00,Rural,Fine no high winds,No,16 - 20,15,Small town,5,1580,None,None,Other/Not known (2005-10),Not at or within 20 metres of junction,PEUGEOT,205 AUTO,Petrol,Male,None,No tow/articulation,Did not leave carriageway,0,Going ahead left-hand bend,1,Car,No,Front,2019
201042I272008,Motorway,11,NA,0,Slight,None,28-11-2021,Saturday,1,Not at junction or within 20 metres,Not at junction or within 20 metres,28.4406313,Daylight,547600,206970,76.99904025,E01021768,4,2,0,0,Dry,Slip road,None,70,14:00:00,Rural,Fine no high winds,No,16 - 20,15,Rural,5,998,None,None,Other/Not known (2005-10),Not at or within 20 metres of junction,NISSAN,MICRA L,Petrol,Male,None,No tow/articulation,Did not leave carriageway,0,Going ahead other,1,Car,No,Front,2019
201045EP50552,A,24,Unclassified,0,Slight,None,14-12-2020,Monday,1,Give way or uncontrolled,Private drive or entrance,13.02084276,Daylight,522700,163840,77.51958431,E01030398,2,2,0,0,Dry,Single carriageway,None,40,12:55:00,Urban,Fine no high winds,No,16 - 20,15,Urban area,4,1299,None,None,Other/Not known (2005-10),Approaching junction or waiting/parked at junction approach,FORD,FIESTA AZURA AUTO,Petrol,Male,None,No tow/articulation,Did not leave carriageway,0,Going ahead other,1,Car,No,Front,2020
2010400B03080,A,6,Unclassified,16,Slight,None,07-04-2020,Sunday,1,Give way or uncontrolled,T or staggered junction,22.76319668,Daylight,499450,261860,75.83759066,E01017545,1,2,0,0,Dry,Single carriageway,None,60,14:29:00,Rural,Fine no high winds,No,16 - 20,15,Urban area,3,1119,None,None,Other/Not known (2005-10),Approaching junction or waiting/parked at junction approach,FORD,FIESTA SAPPHIRE,Petrol,Male,Skidded,No tow/articulation,Did not leave carriageway,0,Going ahead other,1,Car,No,Front,2020
201037L018010,A,146,Unclassified,0,Slight,None,12-04-2019,Friday,1,Give way or uncontrolled,Private drive or entrance,22.73514489,Daylight,648700,290590,75.89169147,E01030293,7,4,0,0,Dry,Single carriageway,None,50,15:00:00,Rural,Fine no high winds,No,16 - 20,15,Urban area,3,1108,None,None,Other/Not known (2005-10),Approaching junction or waiting/parked at junction approach,FIAT,PUNTO 55 S,Petrol,Male,None,No tow/articulation,Did not leave carriageway,0,Waiting to go - held up,3,Car,No,Back,2020
20104100B0355,C,158,Unclassified,655,Slight,None,27-12-2019,Tuesday,2,Give way or uncontrolled,Mini-roundabout,22.69720198,Daylight,524530,212920,75.84992847,E01023954,1,2,0,0,Dry,Roundabout,None,30,14:10:00,Urban,Fine no high winds,No,16 - 20,15,Urban area,5,124,None,None,Commuting to/from work,Mid Junction - on roundabout or on main road,YAMAHA,,Petrol,Male,None,No tow/articulation,Did not leave carriageway,0,Going ahead other,2,Motorcycle 125cc and under,No,Nearside,2020
201050AP2E004,C,157,NA,0,Slight,None,31-07-2019,Saturday,1,Data missing or out of range,Not at junction or within 20 metres,26.47167188,Daylight,139050,28210,74.64125037,E01019005,2,2,0,0,Wet or damp,Single carriageway,None,60,10:27:00,Rural,Fine no high winds,No,16 - 20,15,Rural,3,1119,None,None,Other/Not known (2005-10),Not at or within 20 metres of junction,FORD,FIESTA I,Petrol,Male,None,No tow/articulation,Did not leave carriageway,0,Going ahead right-hand bend,1,Car,No,Front,2020
201050AC3C015,C,103,Unclassified,0,Slight,None,01-04-2020,Saturday,1,Give way or uncontrolled,Roundabout,26.45939483,Daylight,166990,41140,74.59099222,E01018897,2,2,0,8,Dry,Roundabout,None,30,17:00:00,Urban,Fine no high winds,No,16 - 20,15,Urban area,1,1389,None,None,Other/Not known (2005-10),Leaving roundabout,VAUXHALL,CORSA LS,Petrol,Male,None,No tow/articulation,Did not leave carriageway,0,Going ahead other,1,Car,No,Front,2020
20104100F0531,A,1081,NA,0,Slight,None,18-05-2020,Thursday,1,Not at junction or within 20 metres,Not at junction or within 20 metres,26.48131132,Daylight,516360,205840,80.31805734,E01023683,1,2,0,0,Dry,Single carriageway,None,40,17:52:00,Urban,Fine no high winds,No,16 - 20,15,Urban area,10,1991,None,None,Other/Not known (2005-10),Not at or within 20 metres of junction,BMW,320 I SE,Petrol,Male,None,No tow/articulation,Did not leave carriageway,0,Waiting to go - held up,2,Car,No,Back,2020
201050EK2D001,Unclassified,0,NA,0,Slight,None,27-12-2019,Friday,1,Not at junction or within 20 metres,Not at junction or within 20 metres,28.68538349,Daylight,252010,52230,77.10488002,E01015129,1,2,0,0,Dry,Single carriageway,None,30,20:45:00,Urban,Fine no high winds,No,16 - 20,15,Urban area,5,1294,Parked vehicle,None,Other/Not known (2005-10),Not at or within 20 metres of junction,PEUGEOT,106 RALLYE,Petrol,Male,None,No tow/articulation,Did not leave carriageway,0,Going ahead right-hand bend,1,Car,No,Front,2021
201043R049080,Motorway,4,NA,0,Slight,None,21-07-2019,Wednesday,1,Data missing or out of range,Not at junction or within 20 metres,28.68635138,Daylight,501060,177900,77.32267918,E01016479,2,2,0,0,Wet or damp,Dual carriageway,None,70,15:32:00,Rural,Fine no high winds,No,16 - 20,15,Urban area,10,1905,None,None,Other/Not known (2005-10),Not at or within 20 metres of junction,PEUGEOT,405 STYLE DT,Heavy oil,Male,None,No tow/articulation,Did not leave carriageway,0,Slowing or stopping,1,Car,No,Front,2021
2010400D03649,A,505,NA,0,Slight,None,28-01-2021,Saturday,1,Data missing or out of range,Not at junction or within 20 metres,18.58022494,Daylight,499710,224020,73.93084307,E01017615,1,1,0,0,Wet or damp,Single carriageway,None,60,11:27:00,Rural,Fine no high winds,No,16 - 20,15,Rural,9,243,None,None,Other/Not known (2005-10),Not at or within 20 metres of junction,MZ,,Petrol,Male,Skidded,No tow/articulation,Nearside,0,Going ahead other,1,Motorcycle over 125cc and up to 500cc,No,Offside,2021
201050JN2J004,Unclassified,0,Unclassified,0,Slight,None,03-04-2021,Tuesday,2,Give way or uncontrolled,T or staggered junction,18.5513701,Daylight,286880,69790,73.92688291,E01020227,1,2,0,0,Dry,Single carriageway,None,30,18:34:00,Urban,Fine no high winds,No,16 - 20,15,Urban area,5,124,None,None,Other/Not known (2005-10),Approaching junction or waiting/parked at junction approach,YAMAHA,,Petrol,Male,None,No tow/articulation,Did not leave carriageway,0,Going ahead other,2,Motorcycle 125cc and under,No,Offside,2021
201054DE13010,B,4141,NA,0,Slight,None,20-03-2019,Thursday,1,Not at junction or within 20 metres,Not at junction or within 20 metres,14.75545827,Daylight,417070,188580,78.51859919,E01015557,1,1,0,0,Dry,Single carriageway,None,40,05:48:00,Rural,Fine no high winds,No,16 - 20,15,Urban area,3,1242,Kerb,Bus stop or bus shelter,Commuting to/from work,Not at or within 20 metres of junction,FORD,FIESTA SI,Petrol,Male,None,No tow/articulation,Offside,0,Going ahead other,1,Car,No,Front,2019
201001SX20516,A,1000,Unclassified,0,Slight,None,13-05-2010,Thursday,1,Give way or uncontrolled,Slip road,51.604401,Daylight,526480,191090,-0.175038,E01000316,1,2,0,4,Dry,Dual carriageway,None,30,16:51:00,Urban,Fine no high winds,No,16 - 20,15,Urban area,3,1995,None,None,Other/Not known (2005-10),Approaching junction or waiting/parked at junction approach,RENAULT,21 SAVANNA RT SEVEN,Petrol,Male,None,No tow/articulation,Did not leave carriageway,0,Slowing or stopping,1,Car,No,Back,2010