Accident_Index,1st_Road_Class,1st_Road_Number,2nd_Road_Class,2nd_Road_Number,Accident_Severity,Carriageway_Hazards,Date,Day_of_Week,Did_Police_Officer_Attend_Scene_of_Accident,Junction_Control,Junction_Detail,Latitude,Light_Conditions,Location_Easting_OSGR,Location_Northing_OSGR,Longitude,LSOA_of_Accident_Location,Number_of_Casualties,Number_of_Vehicles,Pedestrian_Crossing-Human_Control,Pedestrian_Crossing-Physical_Facilities,Road_Surface_Conditions,Road_Type,Special_Conditions_at_Site,Speed_limit,Time,Urban_or_Rural_Area,Weather_Conditions,InScotland,Age_Band_of_Driver,Age_of_Vehicle,Driver_Home_Area_Type,Driver_IMD_Decile,Engine_Capacity_.CC.,Hit_Object_in_Carriageway,Hit_Object_off_Carriageway,Journey_Purpose_of_Driver,Junction_Location,make,model,Propulsion_Code,Sex_of_Driver,Skidding_and_Overturning,Towing_and_Articulation,Vehicle_Leaving_Carriageway,Vehicle_Location.Restricted_Lane,Vehicle_Manoeuvre,Vehicle_Reference,Vehicle_Type,Was_Vehicle_Left_Hand_Drive,X1st_Point_of_Impact,Year
201037L018010,A,146,Unclassified,0,Slight,None,16-04-2010,Friday,1,Give way or uncontrolled,Private drive or entrance,52.456548,Daylight,648700,290590,1.659213,E01030293,7,4,0,0,Dry,Single carriageway,None,50,15:00:00,Rural,Fine no high winds,No,16 - 20,15,Urban area,3,1108,None,None,Other/Not known (2005-10),Approaching junction or waiting/parked at junction approach,FIAT,PUNTO 55 S,Petrol,Male,None,No tow/articulation,Did not leave carriageway,0,Waiting to go - held up,3,Car,No,Back,2010
2010400B03080,A,6,Unclassified,16,Slight,None,17-10-2010,Sunday,1,Give way or uncontrolled,T or staggered junction,52.245909,Daylight,499450,261860,-0.54477,E01017545,1,2,0,0,Dry,Single carriageway,None,60,14:29:00,Rural,Fine no high winds,No,16 - 20,15,Urban area,3,1119,None,None,Other/Not known (2005-10),Approaching junction or waiting/parked at junction approach,FORD,FIESTA SAPPHIRE,Petrol,Male,Skidded,No tow/articulation,Did not leave carriageway,0,Going ahead other,1,Car,No,Front,2010
2010400D01325,Motorway,1,NA,0,Slight,None,17-02-2010,Wednesday,1,Data missing or out of range,Not at junction or within 20 metres,52.029248,Daylight,495150,237670,-0.614495,E01017379,1,2,0,0,Dry,Dual carriageway,None,70,12:40:00,Rural,Fine no high winds,No,16 - 20,15,Urban area,6,1108,None,None,Other/Not known (2005-10),Not at or within 20 metres of junction,FIAT,PUNTO 55 SX,Petrol,Male,None,No tow/articulation,Did not leave carriageway,0,Going ahead other,1,Car,No,Front,2010
2010400D03649,A,505,NA,0,Slight,None,11-12-2010,Saturday,1,Data missing or out of range,Not at junction or within 20 metres,51.905761,Daylight,499710,224020,-0.55201,E01017615,1,1,0,0,Wet or damp,Single carriageway,None,60,11:27:00,Rural,Fine no high winds,No,16 - 20,15,Rural,9,243,None,None,Other/Not known (2005-10),Not at or within 20 metres of junction,MZ,,Petrol,Male,Skidded,No tow/articulation,Nearside,0,Going ahead other,1,Motorcycle over 125cc and up to 500cc,No,Offside,2010
20104100B0355,C,158,Unclassified,655,Slight,None,22-06-2010,Tuesday,2,Give way or uncontrolled,Mini-roundabout,51.801019,Daylight,524530,212920,-0.19539,E01023954,1,2,0,0,Dry,Roundabout,None,30,14:10:00,Urban,Fine no high winds,No,16 - 20,15,Urban area,5,124,None,None,Commuting to/from work,Mid Junction - on roundabout or on main road,YAMAHA,,Petrol,Male,None,No tow/articulation,Did not leave carriageway,0,Going ahead other,2,Motorcycle 125cc and under,No,Nearside,2010
20104100F0531,A,1081,NA,0,Slight,None,22-07-2010,Thursday,1,Not at junction or within 20 metres,Not at junction or within 20 metres,51.739147,Daylight,516360,205840,-0.316191,E01023683,1,2,0,0,Dry,Single carriageway,None,40,17:52:00,Urban,Fine no high winds,No,16 - 20,15,Urban area,10,1991,None,None,Other/Not known (2005-10),Not at or within 20 metres of junction,BMW,320 I SE,Petrol,Male,None,No tow/articulation,Did not leave carriageway,0,Waiting to go - held up,2,Car,No,Back,2010
201042I272008,Motorway,11,NA,0,Slight,None,28-08-2010,Saturday,1,Not at junction or within 20 metres,Not at junction or within 20 metres,51.74195,Daylight,547600,206970,0.136429,E01021768,4,2,0,0,Dry,Slip road,None,70,14:00:00,Rural,Fine no high winds,No,16 - 20,15,Rural,5,998,None,None,Other/Not known (2005-10),Not at or within 20 metres of junction,NISSAN,MICRA L,Petrol,Male,None,No tow/articulation,Did not leave carriageway,0,Going ahead other,1,Car,No,Front,2010
201043R049080,Motorway,4,NA,0,Slight,None,04-08-2010,Wednesday,1,Data missing or out of range,Not at junction or within 20 metres,51.490972,Daylight,501060,177900,-0.545745,E01016479,2,2,0,0,Wet or damp,Dual carriageway,None,70,15:32:00,Rural,Fine no high winds,No,16 - 20,15,Urban area,10,1905,None,None,Other/Not known (2005-10),Not at or within 20 metres of junction,PEUGEOT,405 STYLE DT,Heavy oil,Male,None,No tow/articulation,Did not leave carriageway,0,Slowing or stopping,1,Car,No,Front,2010
201045EP50552,A,24,Unclassified,0,Slight,None,17-05-2010,Monday,1,Give way or uncontrolled,Private drive or entrance,51.36033,Daylight,522700,163840,-0.239053,E01030398,2,2,0,0,Dry,Single carriageway,None,40,12:55:00,Urban,Fine no high winds,No,16 - 20,15,Urban area,4,1299,None,None,Other/Not known (2005-10),Approaching junction or waiting/parked at junction approach,FORD,FIESTA AZURA AUTO,Petrol,Male,None,No tow/articulation,Did not leave carriageway,0,Going ahead other,1,Car,No,Front,2010
201050AC3C015,C,103,Unclassified,0,Slight,None,13-03-2010,Saturday,1,Give way or uncontrolled,Roundabout,50.224184,Daylight,166990,41140,-5.268162,E01018897,2,2,0,8,Dry,Roundabout,None,30,17:00:00,Urban,Fine no high winds,No,16 - 20,15,Urban area,1,1389,None,None,Other/Not known (2005-10),Leaving roundabout,VAUXHALL,CORSA LS,Petrol,Male,None,No tow/articulation,Did not leave carriageway,0,Going ahead other,1,Car,No,Front,2010
201050AP2E004,C,157,NA,0,Slight,None,23-10-2010,Saturday,1,Data missing or out of range,Not at junction or within 20 metres,50.096465,Daylight,139050,28210,-5.650219,E01019005,2,2,0,0,Wet or damp,Single carriageway,None,60,10:27:00,Rural,Fine no high winds,No,16 - 20,15,Rural,3,1119,None,None,Other/Not known (2005-10),Not at or within 20 metres of junction,FORD,FIESTA I,Petrol,Male,None,No tow/articulation,Did not leave carriageway,0,Going ahead right-hand bend,1,Car,No,Front,2010
201050EK2D001,Unclassified,0,NA,0,Slight,None,12-02-2010,Friday,1,Not at junction or within 20 metres,Not at junction or within 20 metres,50.351266,Daylight,252010,52230,-4.081602,E01015129,1,2,0,0,Dry,Single carriageway,None,30,20:45:00,Urban,Fine no high winds,No,16 - 20,15,Urban area,5,1294,Parked vehicle,None,Other/Not known (2005-10),Not at or within 20 metres of junction,PEUGEOT,106 RALLYE,Petrol,Male,None,No tow/articulation,Did not leave carriageway,0,Going ahead right-hand bend,1,Car,No,Front,2010
201050JN2J004,Unclassified,0,Unclassified,0,Slight,None,16-03-2010,Tuesday,2,Give way or uncontrolled,T or staggered junction,50.516866,Daylight,286880,69790,-3.596986,E01020227,1,2,0,0,Dry,Single carriageway,None,30,18:34:00,Urban,Fine no high winds,No,16 - 20,15,Urban area,5,124,None,None,Other/Not known (2005-10),Approaching junction or waiting/parked at junction approach,YAMAHA,,Petrol,Male,None,No tow/articulation,Did not leave carriageway,0,Going ahead other,2,Motorcycle 125cc and under,No,Offside,2010
201050JS2K014,Unclassified,0,NA,0,Slight,None,17-07-2010,Saturday,1,Not at junction or within 20 metres,Not at junction or within 20 metres,50.408398,Daylight,268110,58160,-3.857507,E01020160,2,2,0,0,Dry,Single carriageway,None,60,15:18:00,Rural,Fine no high winds,No,16 - 20,15,Small town,5,1580,None,None,Other/Not known (2005-10),Not at or within 20 metres of junction,PEUGEOT,205 AUTO,Petrol,Male,None,No tow/articulation,Did not leave carriageway,0,Going ahead left-hand bend,1,Car,No,Front,2010
201054DE13010,B,4141,NA,0,Slight,None,06-05-2010,Thursday,1,Not at junction or within 20 metres,Not at junction or within 20 metres,51.595762,Daylight,417070,188580,-1.754976,E01015557,1,1,0,0,Dry,Single carriageway,None,40,05:48:00,Rural,Fine no high winds,No,16 - 20,15,Urban area,3,1242,Kerb,Bus stop or bus shelter,Commuting to/from work,Not at or within 20 metres of junction,FORD,FIESTA SI,Petrol,Male,None,No tow/articulation,Offside,0,Going ahead other,1,Car,No,Front,2010
20105500C0922,A,3049,NA,0,Slight,None,09-03-2010,Tuesday,1,Not at junction or within 20 metres,Not at junction or within 20 metres,50.744869,Daylight,406980,93930,-1.902455,E01015387,1,3,0,0,Dry,Single carriageway,None,30,13:05:00,Urban,Fine no high winds,No,16 - 20,15,Urban area,3,998,None,None,Commuting to/from work,Not at or within 20 metres of junction,NISSAN,MICRA L,Petrol,Male,None,No tow/articulation,Did not leave carriageway,0,Slowing or stopping,2,Car,No,Back,2010
2010550D38555,C,156,NA,0,Slight,None,03-09-2010,Friday,1,Not at junction or within 20 metres,Not at junction or within 20 metres,50.83477,Daylight,413570,103940,-1.808685,E01020403,2,1,0,0,Dry,Single carriageway,None,30,14:26:00,Rural,Fine no high winds,No,16 - 20,15,Small town,9,1991,Kerb,Other permanent object,Other/Not known (2005-10),Not at or within 20 metres of junction,BMW,320 I,Petrol,Male,Skidded and overturned,No tow/articulation,Offside,0,Going ahead right-hand bend,1,Car,No,Offside,2010
201060L042677,Unclassified,0,Unclassified,0,Slight,None,13-03-2010,Saturday,1,Give way or uncontrolled,T or staggered junction,53.210903,Daylight,329340,368730,-3.059527,W01000283,2,1,0,0,Wet or damp,Single carriageway,None,30,07:45:00,Urban,Fine no high winds,No,16 - 20,15,Urban area,NA,1108,None,None,Other/Not known (2005-10),Mid Junction - on roundabout or on main road,FIAT,PUNTO 55 S,Petrol,Male,None,No tow/articulation,Did not leave carriageway,0,Going ahead right-hand bend,1,Car,No,Nearside,2010
201001SX20516,A,1000,Unclassified,0,Slight,None,13-05-2010,Thursday,1,Give way or uncontrolled,Slip road,51.604401,Daylight,526480,191090,-0.175038,E01000316,1,2,0,4,Dry,Dual carriageway,None,30,16:51:00,Urban,Fine no high winds,No,16 - 20,15,Urban area,3,1995,None,None,Other/Not known (2005-10),Approaching junction or waiting/parked at junction approach,RENAULT,21 SAVANNA RT SEVEN,Petrol,Male,None,No tow/articulation,Did not leave carriageway,0,Slowing or stopping,1,Car,No,Back,2010
201001TX20227,A,244,NA,0,Slight,None,09-04-2010,Friday,1,Data missing or out of range,Not at junction or within 20 metres,51.447559,Daylight,510670,173270,-0.408826,E01002612,3,2,0,1,Dry,Single carriageway,None,30,18:30:00,Urban,Fine no high winds,No,16 - 20,15,Data missing or out of range,NA,1597,None,None,Other/Not known (2005-10),Not at or within 20 metres of junction,FORD,FIESTA SI,Petrol,Male,None,No tow/articulation,Did not leave carriageway,0,Slowing or stopping,2,Car,No,Front,2010
201001XD80445,A,4020,Unclassified,0,Slight,None,27-06-2010,Sunday,1,Give way or uncontrolled,T or staggered junction,51.509798,Daylight,516290,180320,-0.32567,E01001389,1,3,0,0,Dry,Single carriageway,None,30,08:58:00,Urban,Fine no high winds,No,16 - 20,15,Urban area,3,398,None,None,Other/Not known (2005-10),Mid Junction - on roundabout or on main road,HONDA,,Petrol,Male,None,No tow/articulation,Did not leave carriageway,0,Overtaking moving vehicle - offside,1,Motorcycle over 125cc and up to 500cc,No,Offside,2010
201001XD80651,A,4020,NA,0,Slight,None,05-09-2010,Sunday,1,Data missing or out of range,Not at junction or within 20 metres,51.508744,Daylight,515730,180190,-0.333778,E01001250,1,4,0,0,Dry,Single carriageway,None,30,13:00:00,Urban,Fine no high winds,No,16 - 20,15,Urban area,3,1196,None,None,Other/Not known (2005-10),Not at or within 20 metres of junction,VAUXHALL,CORSA BREEZE,Petrol,Male,None,No tow/articulation,Did not leave carriageway,0,Going ahead other,1,Car,No,Offside,2010
201001YR90742,A,109,Unclassified,0,Slight,None,14-10-2010,Thursday,2,Give way or uncontrolled,T or staggered junction,51.607584,Daylight,529870,191530,-0.125951,E01001973,1,3,0,0,Dry,Single carriageway,None,30,07:30:00,Urban,Fine no high winds,No,16 - 20,15,Urban area,2,998,None,None,Other/Not known (2005-10),Approaching junction or waiting/parked at junction approach,NISSAN,MICRA LX,Petrol,Male,None,No tow/articulation,Did not leave carriageway,0,Slowing or stopping,1,Car,No,Back,2010
201004BB10046,A,6,Unclassified,0,Slight,None,12-04-2010,Monday,1,Give way or uncontrolled,T or staggered junction,54.095731,Daylight,348080,466940,-2.795391,E01025160,2,2,0,0,Dry,Single carriageway,None,30,15:10:00,Rural,Fine no high winds,No,16 - 20,15,Small town,8,2793,None,None,Other/Not known (2005-10),Mid Junction - on roundabout or on main road,BMW,328I,Petrol,Male,None,No tow/articulation,Did not leave carriageway,0,Going ahead other,1,Car,No,Front,2010
201004BB10195,B,5275,NA,0,Slight,None,04-11-2010,Thursday,1,Data missing or out of range,Not at junction or within 20 metres,54.07038,Daylight,345400,464150,-2.835862,E01025162,1,2,0,0,Wet or damp,Single carriageway,None,30,12:15:00,Urban,Fine no high winds,No,16 - 20,15,Small town,8,3000,None,None,Other/Not known (2005-10),Not at or within 20 metres of junction,TOYOTA,,Petrol,Male,Skidded,No tow/articulation,Nearside and rebounded,0,Going ahead other,1,Car,No,Back,2010
201004FE10023,Unclassified,0,Unclassified,0,Slight,None,21-04-2010,Wednesday,1,Give way or uncontrolled,T or staggered junction,53.917831,Daylight,387920,446870,-2.185413,E01025196,1,2,0,0,Dry,Single carriageway,None,30,10:00:00,Urban,Fine no high winds,No,16 - 20,15,Urban area,5,954,None,None,Journey as part of work,Approaching junction or waiting/parked at junction approach,PEUGEOT,106 INCA,Petrol,Male,None,No tow/articulation,Did not leave carriageway,0,Going ahead other,2,Car,No,Front,2010
201005AA03004,Unclassified,0,NA,0,Slight,None,24-04-2010,Saturday,1,Data missing or out of range,Not at junction or within 20 metres,53.378405,Daylight,322770,387470,-3.162449,E01007263,1,2,0,0,Dry,Single carriageway,None,30,09:35:00,Urban,Fine no high winds,No,16 - 20,15,Urban area,2,124,None,Other permanent object,Other/Not known (2005-10),Not at or within 20 metres of junction,YAMAHA,,Petrol,Male,None,No tow/articulation,Nearside,0,Going ahead right-hand bend,2,Motorcycle 125cc and under,No,Did not impact,2010
201005AA05181,Unclassified,0,Unclassified,0,Slight,None,08-09-2010,Wednesday,1,Give way or uncontrolled,T or staggered junction,53.390779,Daylight,321970,388860,-3.174816,E01007202,1,2,0,0,Dry,Single carriageway,None,30,13:00:00,Urban,Fine no high winds,No,16 - 20,15,Data missing or out of range,NA,124,None,None,Other/Not known (2005-10),Entering main road,YAMAHA,,Petrol,Male,Skidded,No tow/articulation,Did not leave carriageway,0,Going ahead other,1,Motorcycle over 125cc and up to 500cc,No,Front,2010
201006L030988,A,577,Unclassified,0,Slight,None,02-05-2010,Sunday,1,Give way or uncontrolled,Crossroads,53.544361,Daylight,359240,405480,-2.616596,E01006306,2,3,0,0,Dry,Single carriageway,None,30,12:46:00,Urban,Fine no high winds,No,16 - 20,15,Urban area,1,49,None,None,Other/Not known (2005-10),Approaching junction or waiting/parked at junction approach,SUZUKI,,Petrol,Male,None,No tow/articulation,Did not leave carriageway,0,Going ahead other,1,Motorcycle 50cc and under,No,Front,2010
201006L034048,A,49,C,0,Slight,None,18-07-2010,Sunday,2,Auto traffic signal,Crossroads,53.549078,Daylight,358650,406010,-2.625569,E01006386,1,2,0,5,Dry,Dual carriageway,None,30,17:50:00,Urban,Fine no high winds,No,16 - 20,15,Urban area,3,1196,None,None,Other/Not known (2005-10),Approaching junction or waiting/parked at junction approach,VAUXHALL,CORSA GLS,Petrol,Male,None,No tow/articulation,Did not leave carriageway,0,Waiting to go - held up,1,Car,No,Back,2010
201011SB17060,Unclassified,0,Unclassified,0,Slight,None,25-07-2010,Sunday,1,Give way or uncontrolled,T or staggered junction,54.706498,Daylight,419840,534650,-1.693611,E01020902,1,3,0,0,Dry,Single carriageway,None,30,05:18:00,Rural,Fine no high winds,No,16 - 20,15,Rural,5,1753,Parked vehicle,None,Other/Not known (2005-10),Cleared junction or waiting/parked at junction exit,FORD,ESCORT LX D,Heavy oil,Male,Skidded,No tow/articulation,Did not leave carriageway,0,Turning left,1,Car,No,Front,2010
201014B081010,Unclassified,0,Unclassified,0,Slight,None,01-08-2010,Sunday,1,Give way or uncontrolled,T or staggered junction,53.522684,Daylight,438790,403050,-1.416384,E01007452,1,2,0,0,Dry,Single carriageway,None,30,15:50:00,Urban,Fine no high winds,No,16 - 20,15,Urban area,1,1171,None,None,Other/Not known (2005-10),Mid Junction - on roundabout or on main road,RENAULT,CLIO RL PRIMA,Petrol,Male,None,No tow/articulation,Did not leave carriageway,0,Going ahead other,2,Car,No,Did not impact,2010
201014K200410,Unclassified,0,NA,0,Slight,None,25-07-2010,Sunday,1,Not at junction or within 20 metres,Not at junction or within 20 metres,53.335192,Daylight,428880,382120,-1.567769,E01007956,3,2,0,0,Dry,Single carriageway,None,60,16:25:00,Rural,Fine no high winds,No,16 - 20,15,Urban area,8,1119,None,Other permanent object,Other/Not known (2005-10),Not at or within 20 metres of junction,FORD,FIESTA QUARTZ,Petrol,Male,Skidded,No tow/articulation,Offside,0,Going ahead left-hand bend,1,Car,No,Front,2010
201020H006610,A,4148,A,4148,Slight,None,17-08-2010,Tuesday,1,Give way or uncontrolled,Roundabout,52.573397,Daylight,402590,297290,-1.963226,E01010330,1,2,0,0,Dry,Dual carriageway,None,30,14:30:00,Urban,Fine no high winds,No,16 - 20,15,Urban area,1,998,None,None,Other/Not known (2005-10),Approaching junction or waiting/parked at junction approach,NISSAN,MICRA HOLLYWOOD,Petrol,Male,None,No tow/articulation,Did not leave carriageway,0,Going ahead other,1,Car,No,Front,2010
201020H006620,A,4148,B,4151,Slight,None,17-08-2010,Tuesday,2,Give way or uncontrolled,Roundabout,52.57843,Daylight,402760,297850,-1.960713,E01010326,1,2,0,0,Dry,Single carriageway,None,30,14:30:00,Urban,Fine no high winds,No,16 - 20,15,Urban area,1,998,None,None,Journey as part of work,Leaving roundabout,NISSAN,MICRA HOLLYWOOD,Petrol,Male,Skidded,No tow/articulation,Did not leave carriageway,0,Going ahead other,1,Car,No,Front,2010
201022D003510,Unclassified,0,A,4536,Slight,None,13-07-2010,Tuesday,2,Give way or uncontrolled,Mini-roundabout,52.389976,Daylight,382060,276920,-2.265055,E01032454,1,2,0,0,Wet or damp,Single carriageway,None,30,19:00:00,Urban,Fine no high winds,No,16 - 20,15,Urban area,7,2835,None,None,Other/Not known (2005-10),Entering roundabout,MITSUBISHI,,Heavy oil,Male,None,No tow/articulation,Did not leave carriageway,0,Turning right,1,Car,No,Front,2010
201022F000790,Unclassified,0,Unclassified,0,Slight,None,10-02-2010,Wednesday,1,Give way or uncontrolled,T or staggered junction,52.373663,Daylight,351730,275310,-2.71048,E01029006,1,2,0,0,Dry,Single carriageway,None,30,08:47:00,Rural,Fine no high winds,No,16 - 20,15,Small town,4,1196,Parked vehicle,None,Other/Not known (2005-10),Approaching junction or waiting/parked at junction approach,VAUXHALL,CORSA LS,Petrol,Male,None,No tow/articulation,Did not leave carriageway,0,Going ahead other,1,Car,No,Offside,2010
201030B000137,C,68,NA,0,Slight,None,10-05-2010,Monday,1,Data missing or out of range,Not at junction or within 20 metres,53.243371,Daylight,404450,371820,-1.934781,E01019714,1,1,0,0,Dry,Single carriageway,None,30,12:13:00,Rural,Fine no high winds,No,16 - 20,15,Urban area,2,998,None,Other permanent object,Other/Not known (2005-10),Not at or within 20 metres of junction,NISSAN,MICRA L,Petrol,Male,Skidded and overturned,No tow/articulation,Offside and rebounded,0,Going ahead left-hand bend,1,Car,No,Front,2010
201030C000579,Unclassified,0,Unclassified,0,Slight,None,04-09-2010,Saturday,1,Give way or uncontrolled,More than 4 arms (not roundabout),53.251562,Daylight,438020,372880,-1.431621,E01019570,1,2,0,0,Dry,Single carriageway,None,30,13:52:00,Urban,Fine no high winds,No,16 - 20,15,Rural,8,1493,None,None,Other/Not known (2005-10),Mid Junction - on roundabout or on main road,HONDA,CIVIC VEI,Petrol,Male,Skidded,No tow/articulation,Did not leave carriageway,0,Going ahead other,1,Car,No,Front,2010
201030D000365,Unclassified,0,NA,0,Slight,None,14-04-2010,Wednesday,1,Data missing or out of range,Not at junction or within 20 metres,52.890644,Daylight,448340,332820,-1.282963,E01019709,1,2,0,0,Dry,Single carriageway,None,30,16:02:00,Urban,Fine no high winds,No,16 - 20,15,Urban area,7,98,None,None,Other/Not known (2005-10),Not at or within 20 metres of junction,YAMAHA,,Petrol,Male,None,No tow/articulation,Did not leave carriageway,0,Going ahead left-hand bend,2,Motorcycle 125cc and under,No,Front,2010
20103102A1177,B,6018,Unclassified,0,Slight,None,14-05-2010,Friday,1,Give way or uncontrolled,T or staggered junction,53.111602,Daylight,449140,357410,-1.267341,E01027959,2,1,0,0,Dry,Single carriageway,None,30,14:40:00,Urban,Fine no high winds,No,16 - 20,15,Urban area,8,98,None,None,Other/Not known (2005-10),Approaching junction or waiting/parked at junction approach,YAMAHA,,Petrol,Male,None,No tow/articulation,Did not leave carriageway,0,Overtaking static vehicle - offside,1,Motorcycle 125cc and under,No,Front,2010
20103102B2490,Unclassified,0,Unclassified,0,Slight,None,17-10-2010,Sunday,1,Give way or uncontrolled,T or staggered junction,53.320648,Daylight,459040,380780,-1.11514,E01028053,1,2,0,0,Dry,Single carriageway,None,30,19:07:00,Urban,Fine no high winds,No,16 - 20,15,Urban area,5,954,Parked vehicle,None,Other/Not known (2005-10),Entering main road,PEUGEOT,106 ESCAPADE,Petrol,Male,None,No tow/articulation,Did not leave carriageway,0,Turning right,1,Car,No,Front,2010
201032C167910,Unclassified,0,NA,0,Slight,None,12-06-2010,Saturday,1,Data missing or out of range,Not at junction or within 20 metres,53.061894,Daylight,545810,353840,0.174468,E01026111,2,1,0,0,Dry,Single carriageway,None,60,18:35:00,Rural,Fine no high winds,No,16 - 20,15,Rural,2,1120,Bridge (roof),Entered ditch,Other/Not known (2005-10),Not at or within 20 metres of junction,ROVER,111 GSI,Petrol,Male,Skidded and overturned,No tow/articulation,Offside,0,Going ahead other,1,Car,No,Front,2010
201032C217010,A,631,NA,0,Slight,None,25-07-2010,Sunday,1,Data missing or out of range,Not at junction or within 20 metres,53.37468,Daylight,529900,388200,-0.048816,E01026070,3,3,0,0,Dry,Single carriageway,None,60,14:59:00,Rural,Fine no high winds,No,16 - 20,15,Data missing or out of range,NA,1590,None,None,Other/Not known (2005-10),Not at or within 20 metres of junction,SUZUKI,BALENO GS,Petrol,Male,None,No tow/articulation,Did not leave carriageway,0,Overtaking moving vehicle - offside,1,Car,No,Did not impact,2010
201054ER06910,A,36,C,235,Slight,None,02-10-2020,Friday,1,Give way or uncontrolled,T or staggered junction,25.77583368,Daylight,385190,147240,87.45704367,E01032054,1,3,0,0,Dry,Single carriageway,None,60,13:50:00,Rural,Fine no high winds,No,16 - 20,15,Small town,5,1389,None,None,Other/Not known (2005-10),Approaching junction or waiting/parked at junction approach,VAUXHALL,CORSA LS,Petrol,Female,None,No tow/articulation,Did not leave carriageway,0,Slowing or stopping,2,Car,No,Back,2019
201050GE4M001,A,3058,Unclassified,0,Slight,None,20-10-2019,Friday,1,Give way or uncontrolled,Other junction,22.0713094,Daylight,191040,54400,82.13684076,E01018847,2,2,0,0,Dry,Single carriageway,None,60,08:07:00,Rural,Fine no high winds,No,16 - 20,15,Rural,5,1275,None,None,Commuting to/from work,Approaching junction or waiting/parked at junction approach,NISSAN,MICRA LX,Petrol,Female,None,No tow/articulation,Did not leave carriageway,0,Moving off,1,Car,No,Offside,2019
201045GU55068,A,246,NA,0,Slight,None,03-12-2021,Monday,1,Data missing or out of range,Not at junction or within 20 metres,15.18208573,Daylight,507930,152350,74.10666466,E01030441,2,2,0,0,Wet or damp,Single carriageway,None,30,17:30:00,Rural,Fine no high winds,No,16 - 20,15,Rural,6,1389,None,None,Other/Not known (2005-10),Not at or within 20 metres of junction,VAUXHALL,CORSA GLS,Petrol,Female,None,No tow/articulation,Did not leave carriageway,0,Going ahead other,1,Car,No,Front,2019
201050GR2B007,B,3285,NA,0,Slight,None,07-04-2019,Friday,1,Not at junction or within 20 metres,Not at junction or within 20 metres,28.44021537,Daylight,175280,53950,77.00292133,E01018842,2,2,0,0,Dry,Single carriageway,None,30,16:46:00,Rural,Fine no high winds,No,16 - 20,15,Small town,6,1171,None,None,Other/Not known (2005-10),Not at or within 20 metres of junction,RENAULT,CLIO OASIS,Petrol,Female,None,No tow/articulation,Did not leave carriageway,0,Going ahead other,2,Car,No,Offside,2019
2010400D00261,A,5120,A,507,Slight,None,05-11-2020,Thursday,1,Give way or uncontrolled,Roundabout,26.45891978,Daylight,502930,236430,74.6162308,E01017373,2,2,0,0,Wet or damp,Roundabout,None,30,14:18:00,Rural,Fine no high winds,No,16 - 20,15,Small town,7,954,None,None,Other/Not known (2005-10),Mid Junction - on roundabout or on main road,CITROEN,AX SPREE,Petrol,Female,None,No tow/articulation,Did not leave carriageway,0,Going ahead other,2,Car,No,Nearside,2020
201045WO53106,A,245,Unclassified,3761,Slight,None,26-07-2021,Wednesday,1,Authorised person,T or staggered junction,28.64627825,Daylight,505810,161190,77.06141076,E01030949,2,3,0,0,Dry,Single carriageway,None,40,17:34:00,Urban,Fine no high winds,No,16 - 20,15,Urban area,8,1905,None,None,Commuting to/from work,Approaching junction or waiting/parked at junction approach,PEUGEOT,306 XRD,Heavy oil,Female,Skidded,No tow/articulation,Did not leave carriageway,0,Going ahead other,2,Car,No,Front,2020
201050GR2C013,Unclassified,0,NA,0,Slight,None,07-12-2019,Sunday,1,Not at junction or within 20 metres,Not at junction or within 20 metres,18.62395937,Daylight,173900,50930,73.92234459,E01018852,1,1,0,0,Dry,Single carriageway,None,50,02:00:00,Rural,Fine no high winds,No,16 - 20,15,Data missing or out of range,NA,954,None,None,Other/Not known (2005-10),Not at or within 20 metres of junction,CITROEN,AX ELATION,Petrol,Female,None,No tow/articulation,Did not leave carriageway,0,Going ahead other,1,Car,No,Front,2021
20104100G0472,C,29,NA,0,Slight,None,06-02-2021,Thursday,1,Not at junction or within 20 metres,Not at junction or within 20 metres,18.60254159,Daylight,525930,220560,73.90128281,E01023629,2,2,0,0,Dry,Single carriageway,None,60,18:13:00,Rural,Fine no high winds,No,16 - 20,15,Urban area,6,998,None,None,Other/Not known (2005-10),Not at or within 20 metres of junction,NISSAN,MICRA L,Petrol,Female,None,No tow/articulation,Did not leave carriageway,0,Going ahead right-hand bend,1,Car,No,Offside,2021
201045GU54717,C,147,A,3,Slight,None,01-03-2020,Thursday,1,Give way or uncontrolled,Slip road,18.56995588,Daylight,496370,148440,73.79930013,E01030478,2,2,0,0,Dry,Single carriageway,None,60,16:36:00,Rural,Fine no high winds,No,16 - 20,15,Urban area,10,998,None,None,Other/Not known (2005-10),Entering from slip road,NISSAN,MICRA MAURITIUS,Petrol,Female,Skidded,No tow/articulation,Did not leave carriageway,0,Going ahead left-hand bend,2,Car,No,Front,2021
201050JN2I009,A,381,NA,0,Slight,None,18-11-2020,Tuesday,1,Data missing or out of range,Not at junction or within 20 metres,19.10471962,Daylight,283370,64430,72.9358355,E01020239,1,2,0,0,Dry,Single carriageway,None,60,18:03:00,Rural,Fine no high winds,No,16 - 20,15,Small town,10,1171,Parked vehicle,None,Commuting to/from work,Not at or within 20 metres of junction,RENAULT,CLIO RL PRIMA,Petrol,Female,Skidded,No tow/articulation,Did not leave carriageway,0,Going ahead left-hand bend,2,Car,No,Did not impact,2021