Accident_Index,1st_Road_Class,1st_Road_Number,2nd_Road_Class,2nd_Road_Number,Accident_Severity,Carriageway_Hazards,Date,Day_of_Week,Did_Police_Officer_Attend_Scene_of_Accident,Junction_Control,Junction_Detail,Latitude,Light_Conditions,Location_Easting_OSGR,Location_Northing_OSGR,Longitude,LSOA_of_Accident_Location,Number_of_Casualties,Number_of_Vehicles,Pedestrian_Crossing-Human_Control,Pedestrian_Crossing-Physical_Facilities,Road_Surface_Conditions,Road_Type,Special_Conditions_at_Site,Speed_limit,Time,Urban_or_Rural_Area,Weather_Conditions,InScotland,Age_Band_of_Driver,Age_of_Vehicle,Driver_Home_Area_Type,Driver_IMD_Decile,Engine_Capacity_.CC.,Hit_Object_in_Carriageway,Hit_Object_off_Carriageway,Journey_Purpose_of_Driver,Junction_Location,make,model,Propulsion_Code,Sex_of_Driver,Skidding_and_Overturning,Towing_and_Articulation,Vehicle_Leaving_Carriageway,Vehicle_Location.Restricted_Lane,Vehicle_Manoeuvre,Vehicle_Reference,Vehicle_Type,Was_Vehicle_Left_Hand_Drive,X1st_Point_of_Impact,Year
201043P088060,B,4100,A,41,Slight,None,31-03-2019,Tuesday,2,Give way or uncontrolled,Roundabout,27.10496199,Daylight,459140,221250,93.61169309,E01028464,2,2,0,0,Wet or damp,Roundabout,None,60,20:00:00,Rural,Fine no high winds,No,16 - 20,15,Urban area,10,1391,None,None,Other/Not known (2005-10),Entering roundabout,SEAT,IBIZA CLS,Petrol,Female,None,No tow/articulation,Did not leave carriageway,0,Waiting to turn left,2,Car,No,Back,2019
201042I094903,Unclassified,0,NA,0,Slight,None,23-02-2019,Tuesday,1,Not at junction or within 20 metres,Not at junction or within 20 metres,27.10213549,Daylight,573760,204650,93.62785624,E01021571,2,2,0,0,Wet or damp,Single carriageway,None,30,17:32:00,Rural,Fine no high winds,No,16 - 20,15,Urban area,4,1196,None,None,Other/Not known (2005-10),Not at or within 20 metres of junction,VAUXHALL,CORSA ARIZONA,Petrol,Female,None,No tow/articulation,Did not leave carriageway,0,Going ahead other,2,Car,No,Back,2019
201045GU49675,A,324,NA,0,Slight,None,03-03-2021,Tuesday,1,Data missing or out of range,Not at junction or within 20 metres,26.75330553,Daylight,494520,155730,94.1676126,E01030473,1,1,0,0,Frost or ice,Single carriageway,None,30,08:05:00,Urban,Fine no high winds,No,16 - 20,15,Urban area,8,1590,None,Tree,Commuting to/from work,Not at or within 20 metres of junction,SUZUKI,VITARA JLX,Petrol,Female,Skidded,No tow/articulation,Offside and rebounded,0,Going ahead other,1,Car,No,Back,2019
201001LX50831,A,205,C,0,Slight,None,13-09-2010,Monday,1,Give way or uncontrolled,T or staggered junction,51.439418,Daylight,532300,172880,-0.097878,E01003166,1,2,0,1,Dry,Single carriageway,None,30,15:38:00,Urban,Fine no high winds,No,16 - 20,15,Urban area,5,1781,None,None,Other/Not known (2005-10),Entering main road,AUDI,A4 1.8T SPORT,Petrol,Female,None,No tow/articulation,Did not leave carriageway,0,Turning right,2,Car,No,Front,2010
201001RG40089,A,210,NA,0,Slight,None,27-02-2010,Saturday,1,Data missing or out of range,Not at junction or within 20 metres,51.452704,Daylight,541650,174610,0.037252,E01001661,1,3,0,4,Dry,Dual carriageway,None,30,13:50:00,Urban,Fine no high winds,No,16 - 20,15,Urban area,3,1391,None,None,Other/Not known (2005-10),Not at or within 20 metres of junction,VOLKSWAGEN,POLO 1.4 CL,Petrol,Female,None,No tow/articulation,Did not leave carriageway,0,Waiting to go - held up,2,Car,No,Back,2010
2010400D00261,A,5120,A,507,Slight,None,14-01-2010,Thursday,1,Give way or uncontrolled,Roundabout,52.016715,Daylight,502930,236430,-0.501505,E01017373,2,2,0,0,Wet or damp,Roundabout,None,30,14:18:00,Rural,Fine no high winds,No,16 - 20,15,Small town,7,954,None,None,Other/Not known (2005-10),Mid Junction - on roundabout or on main road,CITROEN,AX SPREE,Petrol,Female,None,No tow/articulation,Did not leave carriageway,0,Going ahead other,2,Car,No,Nearside,2010
20104100G0472,C,29,NA,0,Slight,None,02-09-2010,Thursday,1,Not at junction or within 20 metres,Not at junction or within 20 metres,51.869363,Daylight,525930,220560,-0.172319,E01023629,2,2,0,0,Dry,Single carriageway,None,60,18:13:00,Rural,Fine no high winds,No,16 - 20,15,Urban area,6,998,None,None,Other/Not known (2005-10),Not at or within 20 metres of junction,NISSAN,MICRA L,Petrol,Female,None,No tow/articulation,Did not leave carriageway,0,Going ahead right-hand bend,1,Car,No,Offside,2010
201042I094903,Unclassified,0,NA,0,Slight,None,30-03-2010,Tuesday,1,Not at junction or within 20 metres,Not at junction or within 20 metres,51.713615,Daylight,573760,204650,0.513811,E01021571,2,2,0,0,Wet or damp,Single carriageway,None,30,17:32:00,Rural,Fine no high winds,No,16 - 20,15,Urban area,4,1196,None,None,Other/Not known (2005-10),Not at or within 20 metres of junction,VAUXHALL,CORSA ARIZONA,Petrol,Female,None,No tow/articulation,Did not leave carriageway,0,Going ahead other,2,Car,No,Back,2010
201043P088060,B,4100,A,41,Slight,None,08-06-2010,Tuesday,2,Give way or uncontrolled,Roundabout,51.886636,Daylight,459140,221250,-1.142125,E01028464,2,2,0,0,Wet or damp,Roundabout,None,60,20:00:00,Rural,Fine no high winds,No,16 - 20,15,Urban area,10,1391,None,None,Other/Not known (2005-10),Entering roundabout,SEAT,IBIZA CLS,Petrol,Female,None,No tow/articulation,Did not leave carriageway,0,Waiting to turn left,2,Car,No,Back,2010
201045GU49675,A,324,NA,0,Slight,None,02-03-2010,Tuesday,1,Data missing or out of range,Not at junction or within 20 metres,51.292809,Daylight,494520,155730,-0.645814,E01030473,1,1,0,0,Frost or ice,Single carriageway,None,30,08:05:00,Urban,Fine no high winds,No,16 - 20,15,Urban area,8,1590,None,Tree,Commuting to/from work,Not at or within 20 metres of junction,SUZUKI,VITARA JLX,Petrol,Female,Skidded,No tow/articulation,Offside and rebounded,0,Going ahead other,1,Car,No,Back,2010
201045GU54717,C,147,A,3,Slight,None,14-10-2010,Thursday,1,Give way or uncontrolled,Slip road,51.226967,Daylight,496370,148440,-0.621252,E01030478,2,2,0,0,Dry,Single carriageway,None,60,16:36:00,Rural,Fine no high winds,No,16 - 20,15,Urban area,10,998,None,None,Other/Not known (2005-10),Entering from slip road,NISSAN,MICRA MAURITIUS,Petrol,Female,Skidded,No tow/articulation,Did not leave carriageway,0,Going ahead left-hand bend,2,Car,No,Front,2010
201045GU55068,A,246,NA,0,Slight,None,04-10-2010,Monday,1,Data missing or out of range,Not at junction or within 20 metres,51.260046,Daylight,507930,152350,-0.454581,E01030441,2,2,0,0,Wet or damp,Single carriageway,None,30,17:30:00,Rural,Fine no high winds,No,16 - 20,15,Rural,6,1389,None,None,Other/Not known (2005-10),Not at or within 20 metres of junction,VAUXHALL,CORSA GLS,Petrol,Female,None,No tow/articulation,Did not leave carriageway,0,Going ahead other,1,Car,No,Front,2010
201045WO53106,A,245,Unclassified,3761,Slight,None,11-08-2010,Wednesday,1,Authorised person,T or staggered junction,51.339904,Daylight,505810,161190,-0.482334,E01030949,2,3,0,0,Dry,Single carriageway,None,40,17:34:00,Urban,Fine no high winds,No,16 - 20,15,Urban area,8,1905,None,None,Commuting to/from work,Approaching junction or waiting/parked at junction approach,PEUGEOT,306 XRD,Heavy oil,Female,Skidded,No tow/articulation,Did not leave carriageway,0,Going ahead other,2,Car,No,Front,2010
201050GE4M001,A,3058,Unclassified,0,Slight,None,28-05-2010,Friday,1,Give way or uncontrolled,Other junction,50.352271,Daylight,191040,54400,-4.93881,E01018847,2,2,0,0,Dry,Single carriageway,None,60,08:07:00,Rural,Fine no high winds,No,16 - 20,15,Rural,5,1275,None,None,Commuting to/from work,Approaching junction or waiting/parked at junction approach,NISSAN,MICRA LX,Petrol,Female,None,No tow/articulation,Did not leave carriageway,0,Moving off,1,Car,No,Offside,2010
201050GR2B007,B,3285,NA,0,Slight,None,05-03-2010,Friday,1,Not at junction or within 20 metres,Not at junction or within 20 metres,50.342425,Daylight,175280,53950,-5.159741,E01018842,2,2,0,0,Dry,Single carriageway,None,30,16:46:00,Rural,Fine no high winds,No,16 - 20,15,Small town,6,1171,None,None,Other/Not known (2005-10),Not at or within 20 metres of junction,RENAULT,CLIO OASIS,Petrol,Female,None,No tow/articulation,Did not leave carriageway,0,Going ahead other,2,Car,No,Offside,2010
201050GR2C013,Unclassified,0,NA,0,Slight,None,18-07-2010,Sunday,1,Not at junction or within 20 metres,Not at junction or within 20 metres,50.314778,Daylight,173900,50930,-5.177294,E01018852,1,1,0,0,Dry,Single carriageway,None,50,02:00:00,Rural,Fine no high winds,No,16 - 20,15,Data missing or out of range,NA,954,None,None,Other/Not known (2005-10),Not at or within 20 metres of junction,CITROEN,AX ELATION,Petrol,Female,None,No tow/articulation,Did not leave carriageway,0,Going ahead other,1,Car,No,Front,2010
201050JN2I009,A,381,NA,0,Slight,None,05-10-2010,Tuesday,1,Data missing or out of range,Not at junction or within 20 metres,50.467993,Daylight,283370,64430,-3.6448,E01020239,1,2,0,0,Dry,Single carriageway,None,60,18:03:00,Rural,Fine no high winds,No,16 - 20,15,Small town,10,1171,Parked vehicle,None,Commuting to/from work,Not at or within 20 metres of junction,RENAULT,CLIO RL PRIMA,Petrol,Female,Skidded,No tow/articulation,Did not leave carriageway,0,Going ahead left-hand bend,2,Car,No,Did not impact,2010
201054ER06910,A,36,C,235,Slight,None,12-03-2010,Friday,1,Give way or uncontrolled,T or staggered junction,51.224103,Daylight,385190,147240,-2.213482,E01032054,1,3,0,0,Dry,Single carriageway,None,60,13:50:00,Rural,Fine no high winds,No,16 - 20,15,Small town,5,1389,None,None,Other/Not known (2005-10),Approaching junction or waiting/parked at junction approach,VAUXHALL,CORSA LS,Petrol,Female,None,No tow/articulation,Did not leave carriageway,0,Slowing or stopping,2,Car,No,Back,2010
201060L108130,A,548,B,5113,Slight,None,16-06-2010,Wednesday,2,Give way or uncontrolled,Crossroads,53.293137,Daylight,285210,378740,-3.723678,W01000144,1,2,0,4,Dry,Single carriageway,Auto traffic signal - out,30,11:45:00,Urban,Fine no high winds,No,16 - 20,15,Rural,NA,2477,None,None,Other/Not known (2005-10),Approaching junction or waiting/parked at junction approach,MITSUBISHI,SHOGUN GLS SWB,Heavy oil,Female,None,No tow/articulation,Did not leave carriageway,0,Waiting to go - held up,1,Car,No,Front,2010
201001LX50831,A,205,C,0,Slight,None,13-09-2010,Monday,1,Give way or uncontrolled,T or staggered junction,51.439418,Daylight,532300,172880,-0.097878,E01003166,1,2,0,1,Dry,Single carriageway,None,30,15:38:00,Urban,Fine no high winds,No,16 - 20,15,Urban area,5,1781,None,None,Other/Not known (2005-10),Entering main road,AUDI,A4 1.8T SPORT,Petrol,Female,None,No tow/articulation,Did not leave carriageway,0,Turning right,2,Car,No,Front,2010
201001RG40089,A,210,NA,0,Slight,None,27-02-2010,Saturday,1,Data missing or out of range,Not at junction or within 20 metres,51.452704,Daylight,541650,174610,0.037252,E01001661,1,3,0,4,Dry,Dual carriageway,None,30,13:50:00,Urban,Fine no high winds,No,16 - 20,15,Urban area,3,1391,None,None,Other/Not known (2005-10),Not at or within 20 metres of junction,VOLKSWAGEN,POLO 1.4 CL,Petrol,Female,None,No tow/articulation,Did not leave carriageway,0,Waiting to go - held up,2,Car,No,Back,2010
201001VW40391,A,219,C,0,Slight,None,30-10-2010,Saturday,2,Give way or uncontrolled,T or staggered junction,51.419189,Daylight,525210,170450,-0.200691,E01003358,1,2,0,0,Dry,Single carriageway,None,30,18:55:00,Urban,Fine no high winds,No,16 - 20,15,Urban area,9,954,None,None,Other/Not known (2005-10),Cleared junction or waiting/parked at junction exit,CITROEN,AX ELATION,Petrol,Female,None,No tow/articulation,Did not leave carriageway,0,Waiting to go - held up,1,Car,No,Back,2010
201001XH30235,C,0,C,0,Slight,None,30-03-2010,Tuesday,1,Give way or uncontrolled,T or staggered junction,51.603438,Daylight,505380,190500,-0.479772,E01002441,1,2,0,0,Dry,Single carriageway,None,30,15:25:00,Rural,Fine no high winds,No,16 - 20,15,Urban area,7,1998,None,None,Other/Not known (2005-10),Mid Junction - on roundabout or on main road,PEUGEOT,306 ROLAND GARROS AUTO,Petrol,Female,None,No tow/articulation,Did not leave carriageway,0,Turning right,1,Car,No,Offside,2010
201004TA10099,Motorway,61,NA,0,Slight,None,05-06-2010,Saturday,1,Data missing or out of range,Not at junction or within 20 metres,53.706254,Daylight,358380,423500,-2.631989,E01024954,4,4,0,0,Dry,Dual carriageway,None,70,11:28:00,Rural,Fine no high winds,No,16 - 20,15,Urban area,1,1124,None,None,Other/Not known (2005-10),Not at or within 20 metres of junction,PEUGEOT,106 SKI,Petrol,Female,Skidded,No tow/articulation,Did not leave carriageway,0,Going ahead other,1,Car,No,Front,2010
201014C063010,B,6092,B,6090,Slight,None,16-04-2010,Friday,1,Give way or uncontrolled,T or staggered junction,53.477118,Daylight,443360,398020,-1.34815,E01007778,2,2,0,0,Dry,Single carriageway,None,60,15:30:00,Rural,Fine no high winds,No,16 - 20,15,Urban area,3,1998,None,None,Other/Not known (2005-10),Mid Junction - on roundabout or on main road,VOLVO,480 CELEBRATION,Petrol,Female,None,No tow/articulation,Did not leave carriageway,0,Turning right,2,Car,No,Front,2010
2010160C03851,A,1079,Unclassified,0,Slight,None,10-07-2010,Saturday,1,Give way or uncontrolled,T or staggered junction,53.880162,Daylight,484660,443430,-0.71362,E01013120,3,2,0,0,Dry,Single carriageway,None,30,12:00:00,Rural,Fine no high winds,No,16 - 20,15,Small town,9,998,None,None,Other/Not known (2005-10),Approaching junction or waiting/parked at junction approach,NISSAN,MICRA L,Petrol,Female,None,No tow/articulation,Did not leave carriageway,0,Going ahead other,1,Car,No,Front,2010
201020H715311,Unclassified,0,A,4148,Slight,None,14-03-2010,Sunday,1,Auto traffic signal,Crossroads,52.588683,Daylight,401480,298990,-1.979597,E01010318,1,2,0,0,Dry,Single carriageway,None,30,12:19:00,Urban,Fine no high winds,No,16 - 20,15,Urban area,3,1108,None,None,Other/Not known (2005-10),Mid Junction - on roundabout or on main road,FIAT,PUNTO 55 SX,Petrol,Female,None,No tow/articulation,Did not leave carriageway,0,Slowing or stopping,2,Car,No,Front,2010
201022D004390,Unclassified,0,Unclassified,0,Slight,None,30-08-2010,Monday,2,Give way or uncontrolled,T or staggered junction,52.329317,Daylight,398920,270140,-2.017283,E01032167,1,2,0,0,Dry,Single carriageway,None,60,13:15:00,Rural,Fine no high winds,No,16 - 20,15,Rural,7,1527,None,None,Other/Not known (2005-10),Cleared junction or waiting/parked at junction exit,PEUGEOT,106 XRD,Heavy oil,Female,Skidded,No tow/articulation,Did not leave carriageway,0,Going ahead left-hand bend,1,Car,No,Front,2010
201030B000337,A,6,NA,0,Slight,None,05-10-2010,Tuesday,2,Data missing or out of range,Not at junction or within 20 metres,53.26115,Daylight,406390,373800,-1.905671,E01019710,1,2,0,0,Dry,Single carriageway,None,30,12:30:00,Urban,Fine no high winds,No,16 - 20,15,Urban area,7,1796,None,None,Other/Not known (2005-10),Not at or within 20 metres of junction,VAUXHALL,CAVALIER EXPRESSION,Petrol,Female,None,No tow/articulation,Did not leave carriageway,0,Slowing or stopping,1,Car,No,Back,2010
20103102B1146,B,6024,B,6040,Slight,None,15-05-2010,Saturday,1,Auto traffic signal,Crossroads,53.304156,Daylight,458630,378940,-1.121634,E01028062,1,2,0,5,Dry,Single carriageway,None,30,12:16:00,Urban,Fine no high winds,No,16 - 20,15,Urban area,2,1108,None,None,Other/Not known (2005-10),Cleared junction or waiting/parked at junction exit,FIAT,PUNTO 55 S,Petrol,Female,None,No tow/articulation,Did not leave carriageway,0,Waiting to go - held up,1,Car,No,Back,2010
201032B105710,B,1515,Unclassified,0,Slight,None,14-04-2010,Wednesday,1,Give way or uncontrolled,T or staggered junction,52.804071,Daylight,534790,324820,-0.001916,E01026251,1,2,0,0,Dry,Single carriageway,None,60,12:56:00,Rural,Fine no high winds,No,16 - 20,15,Data missing or out of range,NA,1108,None,None,Other/Not known (2005-10),Mid Junction - on roundabout or on main road,FIAT,PUNTO 55 S,Petrol,Female,None,No tow/articulation,Did not leave carriageway,0,Turning right,2,Car,No,Offside,2010
201032B285310,C,469,NA,0,Slight,None,22-09-2010,Wednesday,1,Data missing or out of range,Not at junction or within 20 metres,52.683321,Daylight,513610,310840,-0.320785,E01026336,1,2,0,0,Dry,Single carriageway,None,30,11:45:00,Urban,Fine no high winds,No,16 - 20,15,Rural,10,1389,Parked vehicle,None,Other/Not known (2005-10),Not at or within 20 metres of junction,VAUXHALL,CORSA GLS AUTO,Petrol,Female,Skidded,No tow/articulation,Did not leave carriageway,0,Going ahead other,1,Car,No,Front,2010
201050EC2J053,Unclassified,0,Unclassified,0,Slight,None,05-07-2020,Monday,1,Give way or uncontrolled,T or staggered junction,19.05562061,Daylight,249180,54400,72.8619807,E01015181,1,4,0,0,Wet or damp,Single carriageway,None,30,07:30:00,Urban,Other,No,16 - 20,15,Urban area,2,1896,Parked vehicle,None,Other/Not known (2005-10),Approaching junction or waiting/parked at junction approach,AUDI,A4 1.9 TDI SE,Heavy oil,Male,Skidded,No tow/articulation,Did not leave carriageway,0,Reversing,1,Car,No,Back,2021
201050EC2J053,Unclassified,0,Unclassified,0,Slight,None,23-08-2010,Monday,1,Give way or uncontrolled,T or staggered junction,50.370049,Daylight,249180,54400,-4.122223,E01015181,1,4,0,0,Wet or damp,Single carriageway,None,30,07:30:00,Urban,Other,No,16 - 20,15,Urban area,2,1896,Parked vehicle,None,Other/Not known (2005-10),Approaching junction or waiting/parked at junction approach,AUDI,A4 1.9 TDI SE,Heavy oil,Male,Skidded,No tow/articulation,Did not leave carriageway,0,Reversing,1,Car,No,Back,2010
201030C000919,B,5057,Unclassified,0,Slight,None,22-11-2010,Monday,1,Give way or uncontrolled,T or staggered junction,53.186417,Daylight,430700,365580,-1.542029,E01019769,1,2,0,0,Wet or damp,Single carriageway,None,60,08:34:00,Rural,Other,No,16 - 20,15,Urban area,10,1299,None,None,Commuting to/from work,Mid Junction - on roundabout or on main road,FORD,FIESTA FRASCATI,Petrol,Male,None,No tow/articulation,Did not leave carriageway,0,Overtaking moving vehicle - offside,1,Car,No,Front,2010
201050CS2C006,A,399,NA,0,Slight,None,09-10-2019,Saturday,1,Not at junction or within 20 metres,Not at junction or within 20 metres,18.63932682,Daylight,269540,131430,73.80162483,E01020131,1,1,0,0,Wet or damp,Single carriageway,None,60,14:39:00,Rural,Raining + high winds,No,16 - 20,15,Data missing or out of range,NA,998,None,None,Other/Not known (2005-10),Not at or within 20 metres of junction,NISSAN,MICRA MAURITIUS,Petrol,Male,None,No tow/articulation,Did not leave carriageway,0,Going ahead right-hand bend,1,Car,No,Front,2021
201050CS2C006,A,399,NA,0,Slight,None,29-05-2010,Saturday,1,Not at junction or within 20 metres,Not at junction or within 20 metres,51.067278,Daylight,269540,131430,-3.863352,E01020131,1,1,0,0,Wet or damp,Single carriageway,None,60,14:39:00,Rural,Raining + high winds,No,16 - 20,15,Data missing or out of range,NA,998,None,None,Other/Not known (2005-10),Not at or within 20 metres of junction,NISSAN,MICRA MAURITIUS,Petrol,Male,None,No tow/articulation,Did not leave carriageway,0,Going ahead right-hand bend,1,Car,No,Front,2010
201050CI2R009,A,361,NA,0,Slight,None,15-01-2021,Tuesday,1,Not at junction or within 20 metres,Not at junction or within 20 metres,14.66843284,Daylight,251740,145490,78.6077469,E01020117,2,1,0,0,Dry,Single carriageway,None,40,01:55:00,Rural,Raining no high winds,No,16 - 20,15,Small town,4,899,None,None,Other/Not known (2005-10),Not at or within 20 metres of junction,FIAT,CINQUECENTO,Petrol,Male,None,No tow/articulation,Did not leave carriageway,0,Going ahead left-hand bend,1,Car,No,Front,2019
201043S073070,B,565,NA,0,Slight,None,25-08-2020,Thursday,1,Data missing or out of range,Not at junction or within 20 metres,23.04819682,Daylight,489570,252700,72.53795515,E01016798,3,1,0,0,Wet or damp,Single carriageway,None,60,16:25:00,Rural,Raining no high winds,No,16 - 20,15,Small town,9,1389,None,None,Other/Not known (2005-10),Not at or within 20 metres of junction,VAUXHALL,CORSA LS,Petrol,Male,Skidded and overturned,No tow/articulation,Nearside,0,Going ahead right-hand bend,1,Car,No,Front,2019
201037L017882,A,1095,NA,0,Slight,None,30-05-2019,Sunday,1,Data missing or out of range,Not at junction or within 20 metres,19.18313103,Daylight,647150,277080,72.90948419,E01030229,1,1,0,0,Wet or damp,Single carriageway,None,60,17:15:00,Rural,Raining no high winds,No,16 - 20,15,Rural,6,1171,None,None,Commuting to/from work,Not at or within 20 metres of junction,RENAULT,CLIO RL PRIMA,Petrol,Male,Skidded and overturned,No tow/articulation,Nearside,0,Going ahead left-hand bend,1,Car,No,Front,2021
201037L017882,A,1095,NA,0,Slight,None,28-02-2010,Sunday,1,Data missing or out of range,Not at junction or within 20 metres,52.336037,Daylight,647150,277080,1.626485,E01030229,1,1,0,0,Wet or damp,Single carriageway,None,60,17:15:00,Rural,Raining no high winds,No,16 - 20,15,Rural,6,1171,None,None,Commuting to/from work,Not at or within 20 metres of junction,RENAULT,CLIO RL PRIMA,Petrol,Male,Skidded and overturned,No tow/articulation,Nearside,0,Going ahead left-hand bend,1,Car,No,Front,2010
201043S073070,B,565,NA,0,Slight,None,15-07-2010,Thursday,1,Data missing or out of range,Not at junction or within 20 metres,52.165271,Daylight,489570,252700,-0.691861,E01016798,3,1,0,0,Wet or damp,Single carriageway,None,60,16:25:00,Rural,Raining no high winds,No,16 - 20,15,Small town,9,1389,None,None,Other/Not known (2005-10),Not at or within 20 metres of junction,VAUXHALL,CORSA LS,Petrol,Male,Skidded and overturned,No tow/articulation,Nearside,0,Going ahead right-hand bend,1,Car,No,Front,2010
201050CI2R009,A,361,NA,0,Slight,None,01-06-2010,Tuesday,1,Not at junction or within 20 metres,Not at junction or within 20 metres,51.189298,Daylight,251740,145490,-4.12301,E01020117,2,1,0,0,Dry,Single carriageway,None,40,01:55:00,Rural,Raining no high winds,No,16 - 20,15,Small town,4,899,None,None,Other/Not known (2005-10),Not at or within 20 metres of junction,FIAT,CINQUECENTO,Petrol,Male,None,No tow/articulation,Did not leave carriageway,0,Going ahead left-hand bend,1,Car,No,Front,2010
201001TX20265,A,315,Unclassified,0,Slight,None,02-05-2010,Sunday,1,Give way or uncontrolled,T or staggered junction,51.467574,Daylight,513540,175560,-0.366809,E01002648,1,1,0,0,Wet or damp,Single carriageway,None,30,10:02:00,Urban,Raining no high winds,No,16 - 20,15,Urban area,4,1171,None,None,Other/Not known (2005-10),Mid Junction - on roundabout or on main road,RENAULT,CLIO RL PRIMA,Petrol,Male,None,No tow/articulation,Did not leave carriageway,0,Going ahead right-hand bend,1,Car,No,Front,2010
201004AL10191,A,583,NA,0,Slight,None,22-10-2010,Friday,1,Data missing or out of range,Not at junction or within 20 metres,53.779875,Daylight,341680,431870,-2.886533,E01025010,2,2,0,0,Wet or damp,Dual carriageway,None,30,17:23:00,Rural,Raining no high winds,No,16 - 20,15,Data missing or out of range,NA,1124,None,None,Other/Not known (2005-10),Not at or within 20 metres of junction,PEUGEOT,106 SKI,Petrol,Male,None,No tow/articulation,Did not leave carriageway,0,U-turn,1,Car,No,Offside,2010
201020G003920,A,4150,NA,0,Slight,None,29-05-2010,Saturday,1,Data missing or out of range,Not at junction or within 20 metres,52.582059,Daylight,391780,298260,-2.122759,E01010530,3,2,0,4,Wet or damp,Dual carriageway,None,40,13:45:00,Urban,Raining no high winds,No,16 - 20,15,Data missing or out of range,NA,1391,None,None,Other/Not known (2005-10),Not at or within 20 metres of junction,FORD,ESCORT ENCORE,Petrol,Male,Skidded,No tow/articulation,Did not leave carriageway,0,Slowing or stopping,1,Car,No,Front,2010
201030D000910,A,5111,Unclassified,0,Slight,None,15-09-2010,Wednesday,1,Give way or uncontrolled,T or staggered junction,52.912374,Daylight,433210,335110,-1.507599,E01013455,2,2,0,0,Wet or damp,Single carriageway,None,40,18:30:00,Urban,Raining no high winds,No,16 - 20,15,Data missing or out of range,NA,1597,None,None,Other/Not known (2005-10),Mid Junction - on roundabout or on main road,FORD,FIESTA SI,Petrol,Male,None,No tow/articulation,Did not leave carriageway,0,Going ahead left-hand bend,2,Car,No,Front,2010
201043W052110,B,481,A,4155,Slight,None,16-07-2020,Monday,1,Auto traffic signal,T or staggered junction,14.70893498,Daylight,471640,175020,78.61672984,E01016427,1,2,0,0,Wet or damp,Single carriageway,None,30,10:50:00,Urban,Raining no high winds,No,16 - 20,15,Small town,10,599,None,None,Other/Not known (2005-10),Approaching junction or waiting/parked at junction approach,SUZUKI,,Petrol,Female,Skidded,No tow/articulation,Did not leave carriageway,0,Slowing or stopping,1,Motorcycle over 500cc,No,Did not impact,2019
201045SP50035,A,308,A,244,Slight,None,25-09-2020,Monday,1,Auto traffic signal,Crossroads,26.73344415,Daylight,509300,170230,94.23175828,E01030752,2,3,0,5,Wet or damp,Dual carriageway,None,50,17:40:00,Urban,Raining no high winds,No,16 - 20,15,Urban area,10,1171,None,None,Other/Not known (2005-10),Approaching junction or waiting/parked at junction approach,RENAULT,CLIO OASIS,Petrol,Female,None,No tow/articulation,Did not leave carriageway,0,Waiting to go - held up,2,Car,No,Offside,2019
201045WO53116,Unclassified,3744,Unclassified,3754,Slight,None,14-10-2021,Thursday,1,Give way or uncontrolled,T or staggered junction,22.0957957,Daylight,504420,160120,82.1597082,E01031003,2,2,0,0,Wet or damp,Single carriageway,Oil or diesel,30,17:54:00,Urban,Raining no high winds,No,16 - 20,15,Urban area,10,1905,None,None,Other/Not known (2005-10),Approaching junction or waiting/parked at junction approach,PEUGEOT,306 D TURBO,Heavy oil,Female,None,No tow/articulation,Did not leave carriageway,0,Going ahead other,2,Car,No,Front,2019
201054DN07310,A,361,Unclassified,0,Slight,None,24-01-2020,Friday,1,Give way or uncontrolled,T or staggered junction,18.59136027,Daylight,418290,189500,73.8806283,E01015473,1,2,0,0,Wet or damp,Single carriageway,None,50,17:10:00,Rural,Raining no high winds,No,16 - 20,15,Rural,9,1769,None,None,Other/Not known (2005-10),Mid Junction - on roundabout or on main road,PEUGEOT,205 INCA D,Heavy oil,Female,None,No tow/articulation,Did not leave carriageway,0,Waiting to turn right,2,Car,No,Back,2021
201001JC30259,B,161,Unclassified,0,Slight,None,16-05-2010,Sunday,2,Give way or uncontrolled,Roundabout,51.560226,Daylight,538920,186500,0.002668,E01004341,1,2,0,0,Wet or damp,Roundabout,None,30,18:30:00,Urban,Raining no high winds,No,16 - 20,15,Urban area,4,899,None,None,Other/Not known (2005-10),Mid Junction - on roundabout or on main road,FIAT,CINQUECENTO,Petrol,Female,None,No tow/articulation,Did not leave carriageway,0,Going ahead other,1,Car,No,Nearside,2010
201043W052110,B,481,A,4155,Slight,None,08-11-2010,Monday,1,Auto traffic signal,T or staggered junction,51.469568,Daylight,471640,175020,-0.970004,E01016427,1,2,0,0,Wet or damp,Single carriageway,None,30,10:50:00,Urban,Raining no high winds,No,16 - 20,15,Small town,10,599,None,None,Other/Not known (2005-10),Approaching junction or waiting/parked at junction approach,SUZUKI,,Petrol,Female,Skidded,No tow/articulation,Did not leave carriageway,0,Slowing or stopping,1,Motorcycle over 500cc,No,Did not impact,2010