Accident_Index,1st_Road_Class,1st_Road_Number,2nd_Road_Class,2nd_Road_Number,Accident_Severity,Carriageway_Hazards,Date,Day_of_Week,Did_Police_Officer_Attend_Scene_of_Accident,Junction_Control,Junction_Detail,Latitude,Light_Conditions,Location_Easting_OSGR,Location_Northing_OSGR,Longitude,LSOA_of_Accident_Location,Number_of_Casualties,Number_of_Vehicles,Pedestrian_Crossing-Human_Control,Pedestrian_Crossing-Physical_Facilities,Road_Surface_Conditions,Road_Type,Special_Conditions_at_Site,Speed_limit,Time,Urban_or_Rural_Area,Weather_Conditions,InScotland,Age_Band_of_Driver,Age_of_Vehicle,Driver_Home_Area_Type,Driver_IMD_Decile,Engine_Capacity_.CC.,Hit_Object_in_Carriageway,Hit_Object_off_Carriageway,Journey_Purpose_of_Driver,Junction_Location,make,model,Propulsion_Code,Sex_of_Driver,Skidding_and_Overturning,Towing_and_Articulation,Vehicle_Leaving_Carriageway,Vehicle_Location.Restricted_Lane,Vehicle_Manoeuvre,Vehicle_Reference,Vehicle_Type,Was_Vehicle_Left_Hand_Drive,X1st_Point_of_Impact,Year
2010400D00462,B,658,Unclassified,153,Slight,None,29-12-2019,Thursday,1,Give way or uncontrolled,Crossroads,27.0983766,Daylight,515950,241050,93.62406473,E01017412,1,3,0,0,Dry,Single carriageway,None,40,16:43:00,Rural,Fine no high winds,No,16 - 20,14,Data missing or out of range,NA,1598,None,Entered ditch,Other/Not known (2005-10),Mid Junction - on roundabout or on main road,VOLKSWAGEN,POLO 1.6 CL,Petrol,Female,Skidded,No tow/articulation,Nearside,0,Going ahead other,2,Car,No,Offside,2019
201037B045813,A,134,NA,0,Slight,None,05-04-2021,Thursday,1,Data missing or out of range,Not at junction or within 20 metres,25.76913339,Daylight,594000,238720,87.46010655,E01029899,2,2,0,0,Wet or damp,Single carriageway,None,60,16:20:00,Rural,Fine no high winds,No,16 - 20,14,Urban area,5,1299,None,None,Journey as part of work,Not at or within 20 metres of junction,FORD,KA,Petrol,Female,Skidded,No tow/articulation,Did not leave carriageway,0,Going ahead right-hand bend,1,Car,No,Offside,2019
20105500D0914,C,60,Unclassified,0,Slight,None,08-12-2020,Tuesday,1,Give way or uncontrolled,Private drive or entrance,23.03780726,Daylight,387940,97330,72.63268783,E01020432,1,2,0,0,Frost or ice,Single carriageway,None,30,07:45:00,Rural,Fine no high winds,No,16 - 20,14,Rural,6,999,None,None,Commuting to/from work,Approaching junction or waiting/parked at junction approach,VOLKSWAGEN,,Petrol,Female,Skidded,No tow/articulation,Did not leave carriageway,0,Slowing or stopping,1,Car,No,Offside,2019
2010550D26324,C,47,Unclassified,0,Slight,None,17-12-2020,Wednesday,1,Give way or uncontrolled,T or staggered junction,28.44335147,Daylight,390580,109300,76.9961927,E01020442,1,2,0,0,Dry,Single carriageway,None,30,08:10:00,Rural,Fine no high winds,No,16 - 20,14,Urban area,8,1598,None,None,Journey as part of work,Approaching junction or waiting/parked at junction approach,VOLKSWAGEN,POLO 1.6 GLX,Petrol,Female,None,No tow/articulation,Did not leave carriageway,0,Going ahead other,2,Car,No,Offside,2019
201050BW3T007,A,39,Unclassified,0,Slight,None,05-07-2019,Friday,1,Give way or uncontrolled,Crossroads,22.75570545,Daylight,201640,74090,75.90301107,E01018962,1,2,0,0,Dry,Single carriageway,None,60,16:37:00,Rural,Fine no high winds,No,16 - 20,14,Rural,5,1527,None,None,Other/Not known (2005-10),Approaching junction or waiting/parked at junction approach,PEUGEOT,106 XLD,Heavy oil,Female,None,No tow/articulation,Did not leave carriageway,0,Going ahead other,1,Car,No,Front,2020
2010400D01692,A,4012,NA,0,Slight,None,10-03-2019,Saturday,1,Data missing or out of range,Not at junction or within 20 metres,22.75017595,Daylight,492430,225180,75.90980935,E01017555,1,2,0,0,Dry,Single carriageway,None,30,10:49:00,Urban,Fine no high winds,No,16 - 20,14,Rural,7,1905,None,None,Other/Not known (2005-10),Not at or within 20 metres of junction,PEUGEOT,406 GLX DT,Heavy oil,Female,None,No tow/articulation,Did not leave carriageway,0,Slowing or stopping,1,Car,No,Front,2020
201045SU53049,A,322,NA,0,Slight,Other object on road,27-11-2021,Monday,1,Data missing or out of range,Not at junction or within 20 metres,26.46483718,Daylight,492940,162420,74.61890288,E01030781,1,1,0,8,Dry,Dual carriageway,Roadworks,70,19:21:00,Rural,Fine no high winds,No,16 - 20,14,Urban area,10,1391,Other object,None,Other/Not known (2005-10),Not at or within 20 metres of junction,VOLKSWAGEN,POLO 1.4 L,Petrol,Female,Skidded and overturned,No tow/articulation,Offside - crossed central reservation,0,Going ahead other,1,Car,No,Front,2020
201050GR2B027,Unclassified,0,NA,0,Slight,None,21-07-2021,Wednesday,2,Not at junction or within 20 metres,Not at junction or within 20 metres,28.60183103,Daylight,175500,54100,77.3526227,E01018844,1,2,0,0,Dry,Single carriageway,None,30,08:45:00,Rural,Fine no high winds,No,16 - 20,14,Small town,5,998,None,None,Commuting to/from work,Not at or within 20 metres of junction,NISSAN,MICRA SHAPE,Petrol,Female,None,No tow/articulation,Did not leave carriageway,0,Reversing,1,Car,No,Back,2020
201037B044987,B,1508,C,734,Slight,None,05-08-2020,Monday,2,Give way or uncontrolled,T or staggered junction,28.70294188,Daylight,590690,234050,77.13967683,E01029880,1,2,0,0,Dry,Single carriageway,None,30,15:30:00,Rural,Fine no high winds,No,16 - 20,14,Rural,7,1905,None,None,Other/Not known (2005-10),Approaching junction or waiting/parked at junction approach,PEUGEOT,306 XTDT,Heavy oil,Female,None,No tow/articulation,Did not leave carriageway,0,Waiting to go - held up,2,Car,No,Back,2020
201050EC2J042,Unclassified,0,Unclassified,0,Slight,None,13-12-2019,Monday,1,Give way or uncontrolled,T or staggered junction,28.60322222,Daylight,249600,53690,77.20393617,E01015182,2,2,0,0,Dry,Single carriageway,None,30,09:00:00,Urban,Fine no high winds,No,16 - 20,14,Urban area,8,1149,None,None,Other/Not known (2005-10),Approaching junction or waiting/parked at junction approach,RENAULT,CLIO RL OASIS 1.2,Petrol,Female,None,No tow/articulation,Did not leave carriageway,0,Going ahead other,2,Car,No,Front,2020
201043P159070,Unclassified,379,NA,0,Slight,None,13-01-2019,Saturday,2,Data missing or out of range,Not at junction or within 20 metres,28.70321681,Daylight,447830,220480,77.18200942,E01028805,1,2,0,0,Dry,Single carriageway,None,30,13:40:00,Rural,Fine no high winds,No,16 - 20,14,Rural,10,1299,None,None,Other/Not known (2005-10),Not at or within 20 metres of junction,FORD,ESCORT ENCORE,Petrol,Female,None,No tow/articulation,Did not leave carriageway,0,Going ahead left-hand bend,2,Car,No,Did not impact,2020
201050CD2C017,B,3236,Unclassified,0,Slight,None,18-11-2021,Thursday,1,Give way or uncontrolled,More than 4 arms (not roundabout),28.56624002,Daylight,244870,128740,77.36163645,E01020298,1,2,0,0,Wet or damp,Single carriageway,None,30,11:23:00,Urban,Fine no high winds,No,16 - 20,14,Urban area,4,1149,None,None,Other/Not known (2005-10),Mid Junction - on roundabout or on main road,RENAULT,CLIO RL PARIS,Petrol,Female,None,No tow/articulation,Did not leave carriageway,0,Going ahead other,2,Car,No,Front,2021
2010400B00465,A,6001,NA,0,Slight,None,05-01-2020,Saturday,1,Data missing or out of range,Not at junction or within 20 metres,28.7043933,Daylight,518870,244610,77.08845958,E01017385,3,2,0,0,Wet or damp,Single carriageway,None,30,12:28:00,Urban,Fine no high winds,No,16 - 20,14,Urban area,6,1587,None,None,Other/Not known (2005-10),Not at or within 20 metres of junction,PEUGEOT,306 SPINNAKER,Petrol,Female,None,No tow/articulation,Did not leave carriageway,0,Going ahead other,2,Car,No,Back,2021
201050ED2F021,Unclassified,0,Unclassified,0,Slight,None,12-07-2021,Sunday,1,Give way or uncontrolled,T or staggered junction,28.59779092,Daylight,246420,56520,77.30471248,E01015072,1,1,0,0,Dry,Single carriageway,None,30,13:43:00,Urban,Fine no high winds,No,16 - 20,14,Urban area,8,998,None,None,Other/Not known (2005-10),Approaching junction or waiting/parked at junction approach,NISSAN,MICRA SHAPE AUTO,Petrol,Female,None,No tow/articulation,Did not leave carriageway,0,Going ahead other,1,Car,No,Front,2021
201042I406111,Unclassified,0,NA,0,Slight,None,14-11-2020,Saturday,1,Not at junction or within 20 metres,Not at junction or within 20 metres,18.62300308,Daylight,558730,242090,73.8996994,E01022057,1,2,0,0,Wet or damp,Single carriageway,None,30,09:50:00,Rural,Fine no high winds,No,16 - 20,14,Rural,8,954,None,None,Other/Not known (2005-10),Not at or within 20 metres of junction,CITROEN,AX DIMENSION,Petrol,Female,None,No tow/articulation,Did not leave carriageway,0,Slowing or stopping,1,Car,No,Front,2021
201043P169020,A,418,Unclassified,0,Slight,None,09-04-2019,Sunday,1,Give way or uncontrolled,Other junction,18.52817598,Daylight,465980,205310,73.90512832,E01028647,2,4,0,0,Dry,Single carriageway,None,60,13:43:00,Rural,Fine no high winds,No,16 - 20,14,Small town,10,998,None,None,Other/Not known (2005-10),Approaching junction or waiting/parked at junction approach,NISSAN,MICRA SHAPE,Petrol,Female,None,No tow/articulation,Nearside,0,Going ahead other,1,Car,No,Front,2021
201043P091050,A,40,A,40,Slight,None,14-05-2020,Monday,1,Give way or uncontrolled,Slip road,18.49607899,Daylight,461780,204990,73.74414397,E01028646,3,2,0,0,Dry,Dual carriageway,None,70,13:19:00,Rural,Fine no high winds,No,16 - 20,14,Urban area,5,1392,None,Near/Offside crash barrier,Other/Not known (2005-10),Approaching junction or waiting/parked at junction approach,NISSAN,ALMERA 1.4 GX,Petrol,Female,None,No tow/articulation,Nearside,0,Overtaking - nearside,1,Car,No,Offside,2021
201054DE15110,B,4006,Unclassified,0,Slight,None,15-01-2020,Thursday,1,Give way or uncontrolled,Roundabout,18.51535313,Daylight,418640,183980,73.73409872,E01015491,1,2,0,0,Dry,Single carriageway,None,40,14:33:00,Rural,Fine no high winds,No,16 - 20,14,Urban area,9,1905,None,None,Other/Not known (2005-10),Entering roundabout,PEUGEOT,306 XRD,Heavy oil,Female,None,No tow/articulation,Did not leave carriageway,0,Slowing or stopping,2,Car,No,Front,2021
201042I253708,B,1137,Unclassified,0,Slight,None,07-02-2021,Tuesday,1,Auto traffic signal,T or staggered junction,19.07308759,Daylight,571670,207220,72.90806063,E01021627,2,2,0,4,Dry,Single carriageway,None,30,12:10:00,Urban,Fine no high winds,No,16 - 20,14,Data missing or out of range,NA,1389,None,None,Other/Not known (2005-10),Mid Junction - on roundabout or on main road,VAUXHALL,CORSA CDX,Petrol,Female,None,No tow/articulation,Did not leave carriageway,0,Turning right,1,Car,No,Front,2021
201037G030324,C,41,Unclassified,4023,Slight,None,23-01-2019,Tuesday,2,Give way or uncontrolled,T or staggered junction,14.72219681,Daylight,616110,245140,78.61996151,E01030025,1,2,0,0,Dry,Single carriageway,None,30,10:25:00,Urban,Fine no high winds,No,16 - 20,14,Urban area,3,1581,None,None,Other/Not known (2005-10),Entering main road,FIAT,BRAVA 1.6 SX,Petrol,Female,None,No tow/articulation,Did not leave carriageway,0,Turning right,1,Car,No,Front,2019
201042I055902,B,1137,NA,0,Slight,None,27-08-2021,Friday,1,Not at junction or within 20 metres,Not at junction or within 20 metres,27.09300426,Daylight,571550,207100,93.61126153,E01021627,1,4,0,0,Dry,Single carriageway,None,30,15:00:00,Urban,Fine no high winds,No,16 - 20,14,Urban area,6,1753,None,None,Other/Not known (2005-10),Not at or within 20 metres of junction,FORD,FIESTA CLASSIC QUARTZ D,Heavy oil,Female,None,No tow/articulation,Did not leave carriageway,0,Moving off,2,Car,No,Back,2019
201037B046220,Unclassified,9999,Unclassified,4538,Slight,None,22-03-2020,Saturday,2,Stop sign,T or staggered junction,27.09924531,Daylight,604830,257430,93.6138594,E01030079,2,2,0,0,Dry,Single carriageway,None,30,16:35:00,Urban,Fine no high winds,No,16 - 20,14,Urban area,3,1108,None,None,Other/Not known (2005-10),Approaching junction or waiting/parked at junction approach,FIAT,PUNTO 55 S,Petrol,Female,None,No tow/articulation,Did not leave carriageway,0,Going ahead right-hand bend,2,Car,No,Nearside,2019
201001JI40543,A,12,Unclassified,0,Slight,None,19-08-2010,Thursday,1,Give way or uncontrolled,T or staggered junction,51.581844,Daylight,546180,189110,0.108412,E01003640,4,2,0,0,Dry,Dual carriageway,None,40,15:13:00,Urban,Fine no high winds,No,16 - 20,14,Data missing or out of range,NA,1392,None,None,Other/Not known (2005-10),Mid Junction - on roundabout or on main road,NISSAN,ALMERA EQUATION,Petrol,Female,None,No tow/articulation,Did not leave carriageway,0,Going ahead other,2,Car,No,Front,2010
201037B044987,B,1508,C,734,Slight,None,24-05-2010,Monday,2,Give way or uncontrolled,T or staggered junction,51.972151,Daylight,590690,234050,0.774781,E01029880,1,2,0,0,Dry,Single carriageway,None,30,15:30:00,Rural,Fine no high winds,No,16 - 20,14,Rural,7,1905,None,None,Other/Not known (2005-10),Approaching junction or waiting/parked at junction approach,PEUGEOT,306 XTDT,Heavy oil,Female,None,No tow/articulation,Did not leave carriageway,0,Waiting to go - held up,2,Car,No,Back,2010
201037B045813,A,134,NA,0,Slight,None,23-09-2010,Thursday,1,Data missing or out of range,Not at junction or within 20 metres,52.012942,Daylight,594000,238720,0.825548,E01029899,2,2,0,0,Wet or damp,Single carriageway,None,60,16:20:00,Rural,Fine no high winds,No,16 - 20,14,Urban area,5,1299,None,None,Journey as part of work,Not at or within 20 metres of junction,FORD,KA,Petrol,Female,Skidded,No tow/articulation,Did not leave carriageway,0,Going ahead right-hand bend,1,Car,No,Offside,2010
201037B046220,Unclassified,9999,Unclassified,4538,Slight,None,16-10-2010,Saturday,2,Stop sign,T or staggered junction,52.177042,Daylight,604830,257430,0.994373,E01030079,2,2,0,0,Dry,Single carriageway,None,30,16:35:00,Urban,Fine no high winds,No,16 - 20,14,Urban area,3,1108,None,None,Other/Not known (2005-10),Approaching junction or waiting/parked at junction approach,FIAT,PUNTO 55 S,Petrol,Female,None,No tow/articulation,Did not leave carriageway,0,Going ahead right-hand bend,2,Car,No,Nearside,2010
201037G030324,C,41,Unclassified,4023,Slight,None,02-11-2010,Tuesday,2,Give way or uncontrolled,T or staggered junction,52.062414,Daylight,616110,245140,1.15129,E01030025,1,2,0,0,Dry,Single carriageway,None,30,10:25:00,Urban,Fine no high winds,No,16 - 20,14,Urban area,3,1581,None,None,Other/Not known (2005-10),Entering main road,FIAT,BRAVA 1.6 SX,Petrol,Female,None,No tow/articulation,Did not leave carriageway,0,Turning right,1,Car,No,Front,2010
2010400B00465,A,6001,NA,0,Slight,None,06-02-2010,Saturday,1,Data missing or out of range,Not at junction or within 20 metres,52.087043,Daylight,518870,244610,-0.266488,E01017385,3,2,0,0,Wet or damp,Single carriageway,None,30,12:28:00,Urban,Fine no high winds,No,16 - 20,14,Urban area,6,1587,None,None,Other/Not known (2005-10),Not at or within 20 metres of junction,PEUGEOT,306 SPINNAKER,Petrol,Female,None,No tow/articulation,Did not leave carriageway,0,Going ahead other,2,Car,No,Back,2010
2010400D00462,B,658,Unclassified,153,Slight,None,04-02-2010,Thursday,1,Give way or uncontrolled,Crossroads,52.055669,Daylight,515950,241050,-0.310294,E01017412,1,3,0,0,Dry,Single carriageway,None,40,16:43:00,Rural,Fine no high winds,No,16 - 20,14,Data missing or out of range,NA,1598,None,Entered ditch,Other/Not known (2005-10),Mid Junction - on roundabout or on main road,VOLKSWAGEN,POLO 1.6 CL,Petrol,Female,Skidded,No tow/articulation,Nearside,0,Going ahead other,2,Car,No,Offside,2010
2010400D01692,A,4012,NA,0,Slight,None,05-06-2010,Saturday,1,Data missing or out of range,Not at junction or within 20 metres,51.917441,Daylight,492430,225180,-0.657491,E01017555,1,2,0,0,Dry,Single carriageway,None,30,10:49:00,Urban,Fine no high winds,No,16 - 20,14,Rural,7,1905,None,None,Other/Not known (2005-10),Not at or within 20 metres of junction,PEUGEOT,406 GLX DT,Heavy oil,Female,None,No tow/articulation,Did not leave carriageway,0,Slowing or stopping,1,Car,No,Front,2010
201042I055902,B,1137,NA,0,Slight,None,26-02-2010,Friday,1,Not at junction or within 20 metres,Not at junction or within 20 metres,51.736303,Daylight,571550,207100,0.483059,E01021627,1,4,0,0,Dry,Single carriageway,None,30,15:00:00,Urban,Fine no high winds,No,16 - 20,14,Urban area,6,1753,None,None,Other/Not known (2005-10),Not at or within 20 metres of junction,FORD,FIESTA CLASSIC QUARTZ D,Heavy oil,Female,None,No tow/articulation,Did not leave carriageway,0,Moving off,2,Car,No,Back,2010
201042I253708,B,1137,Unclassified,0,Slight,None,10-08-2010,Tuesday,1,Auto traffic signal,T or staggered junction,51.737344,Daylight,571670,207220,0.484854,E01021627,2,2,0,4,Dry,Single carriageway,None,30,12:10:00,Urban,Fine no high winds,No,16 - 20,14,Data missing or out of range,NA,1389,None,None,Other/Not known (2005-10),Mid Junction - on roundabout or on main road,VAUXHALL,CORSA CDX,Petrol,Female,None,No tow/articulation,Did not leave carriageway,0,Turning right,1,Car,No,Front,2010
201042I406111,Unclassified,0,NA,0,Slight,None,20-11-2010,Saturday,1,Not at junction or within 20 metres,Not at junction or within 20 metres,52.054419,Daylight,558730,242090,0.313659,E01022057,1,2,0,0,Wet or damp,Single carriageway,None,30,09:50:00,Rural,Fine no high winds,No,16 - 20,14,Rural,8,954,None,None,Other/Not known (2005-10),Not at or within 20 metres of junction,CITROEN,AX DIMENSION,Petrol,Female,None,No tow/articulation,Did not leave carriageway,0,Slowing or stopping,1,Car,No,Front,2010
201043P091050,A,40,A,40,Slight,None,10-05-2010,Monday,1,Give way or uncontrolled,Slip road,51.740171,Daylight,461780,204990,-1.106666,E01028646,3,2,0,0,Dry,Dual carriageway,None,70,13:19:00,Rural,Fine no high winds,No,16 - 20,14,Urban area,5,1392,None,Near/Offside crash barrier,Other/Not known (2005-10),Approaching junction or waiting/parked at junction approach,NISSAN,ALMERA 1.4 GX,Petrol,Female,None,No tow/articulation,Nearside,0,Overtaking - nearside,1,Car,No,Offside,2010
201043P159070,Unclassified,379,NA,0,Slight,None,17-07-2010,Saturday,2,Data missing or out of range,Not at junction or within 20 metres,51.880796,Daylight,447830,220480,-1.30655,E01028805,1,2,0,0,Dry,Single carriageway,None,30,13:40:00,Rural,Fine no high winds,No,16 - 20,14,Rural,10,1299,None,None,Other/Not known (2005-10),Not at or within 20 metres of junction,FORD,ESCORT ENCORE,Petrol,Female,None,No tow/articulation,Did not leave carriageway,0,Going ahead left-hand bend,2,Car,No,Did not impact,2010
201043P169020,A,418,Unclassified,0,Slight,None,14-02-2010,Sunday,1,Give way or uncontrolled,Other junction,51.74257,Daylight,465980,205310,-1.045787,E01028647,2,4,0,0,Dry,Single carriageway,None,60,13:43:00,Rural,Fine no high winds,No,16 - 20,14,Small town,10,998,None,None,Other/Not known (2005-10),Approaching junction or waiting/parked at junction approach,NISSAN,MICRA SHAPE,Petrol,Female,None,No tow/articulation,Nearside,0,Going ahead other,1,Car,No,Front,2010
201045SU53049,A,322,NA,0,Slight,Other object on road,09-08-2010,Monday,1,Data missing or out of range,Not at junction or within 20 metres,51.353209,Daylight,492940,162420,-0.666725,E01030781,1,1,0,8,Dry,Dual carriageway,Roadworks,70,19:21:00,Rural,Fine no high winds,No,16 - 20,14,Urban area,10,1391,Other object,None,Other/Not known (2005-10),Not at or within 20 metres of junction,VOLKSWAGEN,POLO 1.4 L,Petrol,Female,Skidded and overturned,No tow/articulation,Offside - crossed central reservation,0,Going ahead other,1,Car,No,Front,2010
201050BW3T007,A,39,Unclassified,0,Slight,None,24-09-2010,Friday,1,Give way or uncontrolled,Crossroads,50.532806,Daylight,201640,74090,-4.800421,E01018962,1,2,0,0,Dry,Single carriageway,None,60,16:37:00,Rural,Fine no high winds,No,16 - 20,14,Rural,5,1527,None,None,Other/Not known (2005-10),Approaching junction or waiting/parked at junction approach,PEUGEOT,106 XLD,Heavy oil,Female,None,No tow/articulation,Did not leave carriageway,0,Going ahead other,1,Car,No,Front,2010
201050CD2C017,B,3236,Unclassified,0,Slight,None,09-12-2010,Thursday,1,Give way or uncontrolled,More than 4 arms (not roundabout),51.036967,Daylight,244870,128740,-4.214035,E01020298,1,2,0,0,Wet or damp,Single carriageway,None,30,11:23:00,Urban,Fine no high winds,No,16 - 20,14,Urban area,4,1149,None,None,Other/Not known (2005-10),Mid Junction - on roundabout or on main road,RENAULT,CLIO RL PARIS,Petrol,Female,None,No tow/articulation,Did not leave carriageway,0,Going ahead other,2,Car,No,Front,2010
201050EC2J042,Unclassified,0,Unclassified,0,Slight,None,19-07-2010,Monday,1,Give way or uncontrolled,T or staggered junction,50.363776,Daylight,249600,53690,-4.116037,E01015182,2,2,0,0,Dry,Single carriageway,None,30,09:00:00,Urban,Fine no high winds,No,16 - 20,14,Urban area,8,1149,None,None,Other/Not known (2005-10),Approaching junction or waiting/parked at junction approach,RENAULT,CLIO RL OASIS 1.2,Petrol,Female,None,No tow/articulation,Did not leave carriageway,0,Going ahead other,2,Car,No,Front,2010
201050ED2F021,Unclassified,0,Unclassified,0,Slight,None,12-09-2010,Sunday,1,Give way or uncontrolled,T or staggered junction,50.388387,Daylight,246420,56520,-4.161871,E01015072,1,1,0,0,Dry,Single carriageway,None,30,13:43:00,Urban,Fine no high winds,No,16 - 20,14,Urban area,8,998,None,None,Other/Not known (2005-10),Approaching junction or waiting/parked at junction approach,NISSAN,MICRA SHAPE AUTO,Petrol,Female,None,No tow/articulation,Did not leave carriageway,0,Going ahead other,1,Car,No,Front,2010
201050GR2B027,Unclassified,0,NA,0,Slight,None,01-09-2010,Wednesday,2,Not at junction or within 20 metres,Not at junction or within 20 metres,50.343856,Daylight,175500,54100,-5.156743,E01018844,1,2,0,0,Dry,Single carriageway,None,30,08:45:00,Rural,Fine no high winds,No,16 - 20,14,Small town,5,998,None,None,Commuting to/from work,Not at or within 20 metres of junction,NISSAN,MICRA SHAPE,Petrol,Female,None,No tow/articulation,Did not leave carriageway,0,Reversing,1,Car,No,Back,2010
201054DE15110,B,4006,Unclassified,0,Slight,None,27-05-2010,Thursday,1,Give way or uncontrolled,Roundabout,51.554352,Daylight,418640,183980,-1.732554,E01015491,1,2,0,0,Dry,Single carriageway,None,40,14:33:00,Rural,Fine no high winds,No,16 - 20,14,Urban area,9,1905,None,None,Other/Not known (2005-10),Entering roundabout,PEUGEOT,306 XRD,Heavy oil,Female,None,No tow/articulation,Did not leave carriageway,0,Slowing or stopping,2,Car,No,Front,2010
20105500D0914,C,60,Unclassified,0,Slight,None,09-03-2010,Tuesday,1,Give way or uncontrolled,Private drive or entrance,50.775358,Daylight,387940,97330,-2.17243,E01020432,1,2,0,0,Frost or ice,Single carriageway,None,30,07:45:00,Rural,Fine no high winds,No,16 - 20,14,Rural,6,999,None,None,Commuting to/from work,Approaching junction or waiting/parked at junction approach,VOLKSWAGEN,,Petrol,Female,Skidded,No tow/articulation,Did not leave carriageway,0,Slowing or stopping,1,Car,No,Offside,2010
2010550D26324,C,47,Unclassified,0,Slight,None,23-06-2010,Wednesday,1,Give way or uncontrolled,T or staggered junction,50.883049,Daylight,390580,109300,-2.135299,E01020442,1,2,0,0,Dry,Single carriageway,None,30,08:10:00,Rural,Fine no high winds,No,16 - 20,14,Urban area,8,1598,None,None,Journey as part of work,Approaching junction or waiting/parked at junction approach,VOLKSWAGEN,POLO 1.6 GLX,Petrol,Female,None,No tow/articulation,Did not leave carriageway,0,Going ahead other,2,Car,No,Offside,2010
201060L039473,A,5152,B,5425,Slight,None,08-03-2010,Monday,1,Give way or uncontrolled,Roundabout,53.050273,Daylight,333370,350800,-2.995461,W01000372,1,2,0,0,Dry,Roundabout,None,30,11:13:00,Urban,Fine no high winds,No,16 - 20,14,Rural,NA,1299,None,None,Other/Not known (2005-10),Approaching junction or waiting/parked at junction approach,FORD,FIESTA CLASSIC CABARET,Petrol,Female,None,No tow/articulation,Did not leave carriageway,0,Going ahead other,2,Car,No,Front,2010
201001JI40543,A,12,Unclassified,0,Slight,None,19-08-2010,Thursday,1,Give way or uncontrolled,T or staggered junction,51.581844,Daylight,546180,189110,0.108412,E01003640,4,2,0,0,Dry,Dual carriageway,None,40,15:13:00,Urban,Fine no high winds,No,16 - 20,14,Data missing or out of range,NA,1392,None,None,Other/Not known (2005-10),Mid Junction - on roundabout or on main road,NISSAN,ALMERA EQUATION,Petrol,Female,None,No tow/articulation,Did not leave carriageway,0,Going ahead other,2,Car,No,Front,2010
201001TW60251,A,307,NA,0,Slight,None,12-08-2010,Thursday,1,Data missing or out of range,Not at junction or within 20 metres,51.463418,Daylight,518040,175200,-0.302174,E01003876,1,1,0,4,Dry,Dual carriageway,None,30,14:10:00,Urban,Fine no high winds,No,16 - 20,14,Urban area,4,1389,None,None,Other/Not known (2005-10),Not at or within 20 metres of junction,VAUXHALL,CORSA LS AUTO,Petrol,Female,None,No tow/articulation,Did not leave carriageway,0,Going ahead right-hand bend,1,Car,No,Front,2010
201001XH30429,C,0,Unclassified,0,Slight,None,25-06-2010,Friday,1,Auto traffic signal,T or staggered junction,51.504271,Daylight,506470,179490,-0.467369,E01002525,1,3,0,5,Dry,Single carriageway,None,30,19:30:00,Urban,Fine no high winds,No,16 - 20,14,Urban area,6,1196,None,None,Other/Not known (2005-10),Approaching junction or waiting/parked at junction approach,VAUXHALL,CORSA LS,Petrol,Female,None,No tow/articulation,Did not leave carriageway,0,Going ahead right-hand bend,3,Car,No,Front,2010
201004EN10037,A,666,B,6245,Slight,None,03-04-2010,Saturday,1,Auto traffic signal,Crossroads,53.786614,Daylight,368770,432360,-2.475494,E01025353,2,2,0,0,Dry,Single carriageway,None,30,16:49:00,Urban,Fine no high winds,No,16 - 20,14,Urban area,10,1275,None,None,Other/Not known (2005-10),Mid Junction - on roundabout or on main road,ROVER,MINI COOPER 35 ANNIV,Petrol,Female,None,No tow/articulation,Did not leave carriageway,0,Turning right,1,Car,No,Nearside,2010
201004FL10037,A,681,NA,0,Slight,None,03-04-2010,Saturday,1,Data missing or out of range,Not at junction or within 20 metres,53.698814,Daylight,379960,422530,-2.305015,E01025387,1,1,0,0,Wet or damp,Single carriageway,None,30,10:10:00,Urban,Fine no high winds,No,16 - 20,14,Urban area,8,1108,Kerb,Other permanent object,Commuting to/from work,Not at or within 20 metres of junction,FIAT,PUNTO 55 S,Petrol,Female,Skidded,No tow/articulation,Nearside and rebounded,0,Going ahead left-hand bend,1,Car,No,Nearside,2010
201006J030548,A,5102,Unclassified,0,Slight,None,17-04-2010,Saturday,1,Give way or uncontrolled,Crossroads,53.376854,Daylight,389350,386680,-2.16156,E01005812,3,3,0,0,Dry,Single carriageway,None,30,16:50:00,Urban,Fine no high winds,No,16 - 20,14,Urban area,4,1108,None,None,Other/Not known (2005-10),Approaching junction or waiting/parked at junction approach,FIAT,PUNTO 55 S,Petrol,Female,None,No tow/articulation,Did not leave carriageway,0,Going ahead other,2,Car,No,Front,2010
201011NG20710,A,167,C,91,Slight,None,02-09-2010,Thursday,1,Give way or uncontrolled,Roundabout,54.85214,Daylight,428020,550900,-1.565101,E01020595,1,2,0,8,Dry,Roundabout,None,50,14:00:00,Rural,Fine no high winds,No,16 - 20,14,Small town,6,1598,None,None,Commuting to/from work,Mid Junction - on roundabout or on main road,RENAULT,MEGANE RT 1.6,Petrol,Female,None,No tow/articulation,Did not leave carriageway,0,Going ahead other,2,Car,No,Offside,2010
201014A058710,A,19,NA,0,Slight,None,18-04-2010,Sunday,2,Not at junction or within 20 metres,Not at junction or within 20 metres,53.546409,Daylight,456660,405870,-1.146358,E01007510,1,1,0,0,Dry,Single carriageway,None,30,19:50:00,Urban,Fine no high winds,No,16 - 20,14,Urban area,1,1297,None,None,Other/Not known (2005-10),Not at or within 20 metres of junction,MAZDA,121 GXI,Petrol,Female,None,No tow/articulation,Did not leave carriageway,0,Going ahead other,1,Car,No,Nearside,2010