Accident_Index,1st_Road_Class,1st_Road_Number,2nd_Road_Class,2nd_Road_Number,Accident_Severity,Carriageway_Hazards,Date,Day_of_Week,Did_Police_Officer_Attend_Scene_of_Accident,Junction_Control,Junction_Detail,Latitude,Light_Conditions,Location_Easting_OSGR,Location_Northing_OSGR,Longitude,LSOA_of_Accident_Location,Number_of_Casualties,Number_of_Vehicles,Pedestrian_Crossing-Human_Control,Pedestrian_Crossing-Physical_Facilities,Road_Surface_Conditions,Road_Type,Special_Conditions_at_Site,Speed_limit,Time,Urban_or_Rural_Area,Weather_Conditions,InScotland,Age_Band_of_Driver,Age_of_Vehicle,Driver_Home_Area_Type,Driver_IMD_Decile,Engine_Capacity_.CC.,Hit_Object_in_Carriageway,Hit_Object_off_Carriageway,Journey_Purpose_of_Driver,Junction_Location,make,model,Propulsion_Code,Sex_of_Driver,Skidding_and_Overturning,Towing_and_Articulation,Vehicle_Leaving_Carriageway,Vehicle_Location.Restricted_Lane,Vehicle_Manoeuvre,Vehicle_Reference,Vehicle_Type,Was_Vehicle_Left_Hand_Drive,X1st_Point_of_Impact,Year
2010160C02461,A,161,NA,0,Slight,None,13-05-2010,Thursday,1,Data missing or out of range,Not at junction or within 20 metres,53.689213,Daylight,475250,422020,-0.861952,E01013000,2,1,0,0,Dry,Single carriageway,None,60,13:08:00,Rural,Fine no high winds,No,16 - 20,14,Rural,4,1196,Kerb,None,Other/Not known (2005-10),Not at or within 20 metres of junction,VAUXHALL,CORSA PREMIER,Petrol,Female,None,No tow/articulation,Did not leave carriageway,0,Going ahead right-hand bend,1,Car,No,Front,2010
201020T050510,B,4146,Unclassified,0,Slight,None,20-11-2010,Saturday,1,Stop sign,Crossroads,52.454437,Daylight,411370,284070,-1.834119,E01008889,3,2,0,0,Wet or damp,Single carriageway,None,30,12:40:00,Urban,Fine no high winds,No,16 - 20,14,Urban area,1,998,None,None,Commuting to/from work,Mid Junction - on roundabout or on main road,NISSAN,MICRA SHAPE,Petrol,Female,None,No tow/articulation,Nearside,0,Turning right,2,Car,No,Front,2010
201020W015490,B,4498,Unclassified,0,Slight,None,10-06-2010,Thursday,1,Give way or uncontrolled,Crossroads,52.489482,Daylight,406940,287960,-1.899231,E01008914,1,3,0,0,Dry,Single carriageway,None,30,16:05:00,Urban,Fine no high winds,No,16 - 20,14,Data missing or out of range,NA,954,None,None,Other/Not known (2005-10),Leaving main road,CITROEN,AX SPREE,Petrol,Female,None,No tow/articulation,Did not leave carriageway,0,Turning right,1,Car,No,Front,2010
201022D001089,B,4497,Unclassified,0,Slight,None,26-02-2010,Friday,1,Give way or uncontrolled,T or staggered junction,52.318858,Daylight,405970,268980,-1.913849,E01032227,2,2,0,0,Dry,Single carriageway,None,40,16:40:00,Urban,Fine no high winds,No,16 - 20,14,Urban area,2,1149,None,None,Other/Not known (2005-10),Mid Junction - on roundabout or on main road,RENAULT,CLIO RL OASIS 1.2,Petrol,Female,None,No tow/articulation,Did not leave carriageway,0,Going ahead other,1,Car,No,Front,2010
201022E003974,A,417,NA,0,Slight,None,06-08-2010,Friday,1,Data missing or out of range,Not at junction or within 20 metres,52.02749,Daylight,371570,236650,-2.415803,E01014036,2,4,0,0,Dry,Single carriageway,None,60,15:00:00,Rural,Fine no high winds,No,16 - 20,14,Rural,5,2835,None,None,Other/Not known (2005-10),Not at or within 20 metres of junction,MITSUBISHI,SHOGUN GLS LWB AUTO,Heavy oil,Female,None,No tow/articulation,Did not leave carriageway,0,Going ahead other,3,Car,No,Front,2010
201022G003409,Unclassified,0,NA,0,Slight,None,05-07-2010,Monday,1,Data missing or out of range,Not at junction or within 20 metres,52.615092,Daylight,370030,302020,-2.444093,E01028839,1,1,0,0,Dry,Single carriageway,None,60,13:05:00,Rural,Fine no high winds,No,16 - 20,14,Urban area,8,1753,None,Tree,Commuting to/from work,Not at or within 20 metres of junction,FORD,FIESTA LX DIESEL,Heavy oil,Female,Skidded,No tow/articulation,Offside and rebounded,0,Going ahead left-hand bend,1,Car,No,Front,2010
201030B000112,Unclassified,0,Unclassified,0,Slight,None,15-04-2010,Thursday,1,Give way or uncontrolled,Mini-roundabout,53.138287,Daylight,429820,360220,-1.555696,E01019623,1,2,2,4,Dry,Roundabout,None,30,17:25:00,Urban,Fine no high winds,No,16 - 20,14,Rural,8,1396,None,None,Other/Not known (2005-10),Entering roundabout,ROVER,214 SI,Petrol,Female,None,No tow/articulation,Did not leave carriageway,0,Turning right,1,Car,No,Front,2010
201030D000595,C,66,Unclassified,0,Slight,None,01-07-2010,Thursday,1,Give way or uncontrolled,Other junction,52.899997,Daylight,436930,333760,-1.452436,E01013472,1,3,0,0,Dry,Single carriageway,None,30,16:43:00,Urban,Fine no high winds,No,16 - 20,14,Data missing or out of range,NA,1196,None,None,Other/Not known (2005-10),Mid Junction - on roundabout or on main road,VAUXHALL,CORSA SPIN,Petrol,Female,None,No tow/articulation,Did not leave carriageway,0,Waiting to go - held up,1,Car,No,Back,2010
201030D000734,A,52,NA,0,Slight,None,09-08-2010,Monday,1,Data missing or out of range,Not at junction or within 20 metres,52.915892,Daylight,438430,335540,-1.429928,E01013512,1,2,0,0,Dry,Dual carriageway,None,70,09:58:00,Rural,Fine no high winds,No,16 - 20,14,Urban area,3,1587,None,Central crash barrier,Commuting to/from work,Not at or within 20 metres of junction,TOYOTA,CARINA E S,Petrol,Female,None,No tow/articulation,Offside on to centrl res + rebounded,0,Changing lane to right,1,Car,No,Offside,2010
20103102B0519,B,6040,Unclassified,0,Slight,None,01-03-2010,Monday,1,Give way or uncontrolled,T or staggered junction,53.324287,Daylight,457830,381170,-1.133232,E01028049,1,2,0,0,Dry,Single carriageway,None,30,09:00:00,Urban,Fine no high winds,No,16 - 20,14,Small town,1,1108,None,None,Other/Not known (2005-10),Mid Junction - on roundabout or on main road,FIAT,CINQUECENTO SPORTING,Petrol,Female,None,No tow/articulation,Did not leave carriageway,0,Going ahead other,2,Car,No,Front,2010
20103102D2226,C,26,NA,0,Slight,None,19-07-2010,Monday,1,Data missing or out of range,Not at junction or within 20 metres,52.830662,Daylight,454290,326210,-1.195635,E01028390,1,1,0,0,Dry,Single carriageway,None,30,13:45:00,Rural,Fine no high winds,No,16 - 20,14,Small town,4,1998,Kerb,Other permanent object,Other/Not known (2005-10),Not at or within 20 metres of junction,VAUXHALL,CALIBRA 16V,Petrol,Female,Skidded,No tow/articulation,Offside,0,Going ahead right-hand bend,1,Car,No,Front,2010
201032D194310,B,1003,Unclassified,0,Slight,None,05-07-2010,Monday,1,Auto traffic signal,T or staggered junction,53.204609,Daylight,495090,368450,-0.577776,E01026169,1,2,0,5,Dry,Single carriageway,None,40,13:05:00,Urban,Fine no high winds,No,16 - 20,14,Urban area,7,1108,None,None,Taking pupil to/from school,Leaving main road,FIAT,PUNTO 55 SX,Petrol,Female,None,No tow/articulation,Did not leave carriageway,0,Turning right,2,Car,No,Front,2010
201032D223610,A,1173,C,242,Slight,None,06-08-2010,Friday,1,Give way or uncontrolled,Crossroads,53.529282,Daylight,516490,405060,-0.244047,E01026367,1,2,0,0,Dry,Single carriageway,None,60,18:55:00,Rural,Fine no high winds,No,16 - 20,14,Urban area,2,998,None,None,Other/Not known (2005-10),Approaching junction or waiting/parked at junction approach,NISSAN,MICRA SHAPE AUTO,Petrol,Female,None,No tow/articulation,Did not leave carriageway,0,Waiting to turn right,2,Car,No,Did not impact,2010
201054EY38210,Unclassified,0,NA,0,Slight,None,19-07-2021,Wednesday,1,Not at junction or within 20 metres,Not at junction or within 20 metres,28.61679166,Daylight,396730,185610,77.08663688,E01031894,1,2,0,0,Wet or damp,Single carriageway,Mud,60,13:35:00,Rural,Other,No,16 - 20,14,Rural,8,1149,None,None,Other/Not known (2005-10),Not at or within 20 metres of junction,RENAULT,CLIO RL OASIS 1.2,Petrol,Male,Skidded,No tow/articulation,Did not leave carriageway,0,Going ahead other,2,Car,No,Front,2020
201054EY38210,Unclassified,0,NA,0,Slight,None,27-10-2010,Wednesday,1,Not at junction or within 20 metres,Not at junction or within 20 metres,51.569303,Daylight,396730,185610,-2.048591,E01031894,1,2,0,0,Wet or damp,Single carriageway,Mud,60,13:35:00,Rural,Other,No,16 - 20,14,Rural,8,1149,None,None,Other/Not known (2005-10),Not at or within 20 metres of junction,RENAULT,CLIO RL OASIS 1.2,Petrol,Male,Skidded,No tow/articulation,Did not leave carriageway,0,Going ahead other,2,Car,No,Front,2010
201006N026921,C,0,C,0,Slight,None,14-01-2010,Thursday,1,Give way or uncontrolled,Crossroads,53.55109,Daylight,381110,406090,-2.286594,E01004988,1,2,0,0,Wet or damp,Roundabout,None,30,16:15:00,Urban,Other,No,16 - 20,14,Urban area,3,1998,None,None,Other/Not known (2005-10),Entering roundabout,FORD,SCORPIO EXECUTIVE 16V,Petrol,Male,None,No tow/articulation,Did not leave carriageway,0,Turning right,1,Car,No,Did not impact,2010
201014K178810,B,6054,NA,0,Slight,None,27-06-2010,Sunday,1,Not at junction or within 20 metres,Not at junction or within 20 metres,53.324882,Daylight,434460,381010,-1.484096,E01007916,1,2,0,0,Dry,Single carriageway,None,40,19:25:00,Urban,Other,No,16 - 20,14,Urban area,1,1488,None,None,Other/Not known (2005-10),Not at or within 20 metres of junction,VAUXHALL,CORSA GLS TD,Heavy oil,Male,None,No tow/articulation,Did not leave carriageway,0,Going ahead other,1,Car,No,Front,2010
201032D276010,C,201,NA,0,Slight,None,19-09-2010,Sunday,1,Data missing or out of range,Not at junction or within 20 metres,53.392862,Daylight,483980,389190,-0.738588,E01026382,3,1,0,0,Wet or damp,Single carriageway,None,60,16:40:00,Rural,Other,No,16 - 20,14,Rural,5,1196,None,Entered ditch,Other/Not known (2005-10),Not at or within 20 metres of junction,VAUXHALL,CORSA PREMIER,Petrol,Female,Skidded,No tow/articulation,Nearside,0,Going ahead right-hand bend,1,Car,No,Front,2010
201043P158080,B,4100,NA,0,Slight,None,31-07-2021,Thursday,1,Data missing or out of range,Not at junction or within 20 metres,14.73314903,Daylight,455770,228400,78.49273459,E01028477,3,1,0,0,Wet or damp,Single carriageway,None,60,19:30:00,Rural,Raining no high winds,No,16 - 20,14,Rural,7,1196,None,None,Other/Not known (2005-10),Not at or within 20 metres of junction,VAUXHALL,CORSA LS,Petrol,Male,Skidded,No tow/articulation,Nearside,0,Going ahead right-hand bend,1,Car,No,Front,2019
201043S028050,A,421,Unclassified,438,Slight,None,18-06-2021,Saturday,1,Give way or uncontrolled,Slip road,28.55154645,Daylight,485660,235410,77.27320131,E01016739,1,2,0,0,Wet or damp,Single carriageway,None,30,16:25:00,Urban,Raining no high winds,No,16 - 20,14,Urban area,4,1149,None,None,Other/Not known (2005-10),Cleared junction or waiting/parked at junction exit,RENAULT,CLIO RL OASIS 1.2,Petrol,Male,None,No tow/articulation,Did not leave carriageway,0,Going ahead left-hand bend,1,Car,No,Front,2020
201045TA54655,Unclassified,369,NA,0,Slight,None,08-02-2019,Friday,1,Data missing or out of range,Not at junction or within 20 metres,28.64405644,Daylight,532850,142370,77.10210167,E01030819,1,2,0,0,Wet or damp,Single carriageway,None,30,13:30:00,Rural,Raining no high winds,No,16 - 20,14,Rural,6,1171,None,None,Other/Not known (2005-10),Not at or within 20 metres of junction,RENAULT,CLIO RL 1.2 VERSAILLES,Petrol,Male,None,No tow/articulation,Did not leave carriageway,0,Going ahead other,1,Car,No,Front,2021
201050AY2H004,A,30,B,3301,Slight,None,27-11-2021,Thursday,1,Give way or uncontrolled,Roundabout,18.64328441,Daylight,157510,38520,73.88112898,E01018978,1,2,0,0,Wet or damp,Roundabout,None,60,12:15:00,Rural,Raining no high winds,No,16 - 20,14,Urban area,6,2290,None,None,Other/Not known (2005-10),Entering roundabout,SAAB,900 S,Petrol,Male,None,No tow/articulation,Did not leave carriageway,0,Turning left,1,Car,No,Back,2021
201043P213080,Unclassified,292,Unclassified,0,Slight,None,20-12-2019,Wednesday,1,Give way or uncontrolled,Crossroads,23.8289889,Daylight,468490,177710,76.45392004,E01028659,2,2,0,0,Wet or damp,Single carriageway,None,60,16:37:00,Rural,Raining no high winds,No,16 - 20,14,Rural,9,954,None,None,Other/Not known (2005-10),Mid Junction - on roundabout or on main road,CITROEN,AX DIMENSION,Petrol,Male,None,No tow/articulation,Did not leave carriageway,0,Turning right,1,Car,No,Nearside,2021
201043P158080,B,4100,NA,0,Slight,None,19-08-2010,Thursday,1,Data missing or out of range,Not at junction or within 20 metres,51.951262,Daylight,455770,228400,-1.189929,E01028477,3,1,0,0,Wet or damp,Single carriageway,None,60,19:30:00,Rural,Raining no high winds,No,16 - 20,14,Rural,7,1196,None,None,Other/Not known (2005-10),Not at or within 20 metres of junction,VAUXHALL,CORSA LS,Petrol,Male,Skidded,No tow/articulation,Nearside,0,Going ahead right-hand bend,1,Car,No,Front,2010
201043P213080,Unclassified,292,Unclassified,0,Slight,None,25-08-2010,Wednesday,1,Give way or uncontrolled,Crossroads,51.494142,Daylight,468490,177710,-1.014826,E01028659,2,2,0,0,Wet or damp,Single carriageway,None,60,16:37:00,Rural,Raining no high winds,No,16 - 20,14,Rural,9,954,None,None,Other/Not known (2005-10),Mid Junction - on roundabout or on main road,CITROEN,AX DIMENSION,Petrol,Male,None,No tow/articulation,Did not leave carriageway,0,Turning right,1,Car,No,Nearside,2010
201043S028050,A,421,Unclassified,438,Slight,None,08-05-2010,Saturday,1,Give way or uncontrolled,Slip road,52.010478,Daylight,485660,235410,-0.753352,E01016739,1,2,0,0,Wet or damp,Single carriageway,None,30,16:25:00,Urban,Raining no high winds,No,16 - 20,14,Urban area,4,1149,None,None,Other/Not known (2005-10),Cleared junction or waiting/parked at junction exit,RENAULT,CLIO RL OASIS 1.2,Petrol,Male,None,No tow/articulation,Did not leave carriageway,0,Going ahead left-hand bend,1,Car,No,Front,2010
201045TA54655,Unclassified,369,NA,0,Slight,None,24-09-2010,Friday,1,Data missing or out of range,Not at junction or within 20 metres,51.165096,Daylight,532850,142370,-0.10132,E01030819,1,2,0,0,Wet or damp,Single carriageway,None,30,13:30:00,Rural,Raining no high winds,No,16 - 20,14,Rural,6,1171,None,None,Other/Not known (2005-10),Not at or within 20 metres of junction,RENAULT,CLIO RL 1.2 VERSAILLES,Petrol,Male,None,No tow/articulation,Did not leave carriageway,0,Going ahead other,1,Car,No,Front,2010
201050AY2H004,A,30,B,3301,Slight,None,01-07-2010,Thursday,1,Give way or uncontrolled,Roundabout,50.196851,Daylight,157510,38520,-5.399154,E01018978,1,2,0,0,Wet or damp,Roundabout,None,60,12:15:00,Rural,Raining no high winds,No,16 - 20,14,Urban area,6,2290,None,None,Other/Not known (2005-10),Entering roundabout,SAAB,900 S,Petrol,Male,None,No tow/articulation,Did not leave carriageway,0,Turning left,1,Car,No,Back,2010
201060L094434,A,496,NA,0,Slight,None,29-05-2010,Saturday,1,Data missing or out of range,Not at junction or within 20 metres,52.751318,Daylight,267890,318880,-3.958854,W01000057,3,3,0,0,Wet or damp,Single carriageway,None,60,12:00:00,Rural,Raining no high winds,No,16 - 20,14,Data missing or out of range,NA,1171,None,Other permanent object,Other/Not known (2005-10),Not at or within 20 metres of junction,RENAULT,CLIO RL 1.2 PARIS,Petrol,Male,Skidded,No tow/articulation,Offside,0,Going ahead right-hand bend,1,Car,No,Nearside,2010
201060L132108,A,55,NA,0,Slight,None,20-07-2010,Tuesday,1,Data missing or out of range,Not at junction or within 20 metres,53.287737,Daylight,281900,378220,-3.773119,W01000167,4,3,0,0,Wet or damp,Dual carriageway,None,70,12:25:00,Rural,Raining no high winds,No,16 - 20,14,Rural,NA,2446,None,Near/Offside crash barrier,Journey as part of work,Not at or within 20 metres of junction,TOYOTA,HI-LUX 4X4 DIESEL,Heavy oil,Male,Overturned,No tow/articulation,Nearside,0,Going ahead other,3,Van / Goods 3.5 tonnes mgw or under,No,Front,2010
201060L132733,Unclassified,0,NA,,Slight,None,21-07-2010,Wednesday,1,Give way or uncontrolled,Private drive or entrance,52.756183,Daylight,275510,319220,-3.846147,W01000057,2,2,0,0,Wet or damp,Single carriageway,None,60,12:40:00,Rural,Raining no high winds,No,16 - 20,14,Rural,NA,1905,None,None,Commuting to/from work,Cleared junction or waiting/parked at junction exit,PEUGEOT,306 1.9D TURBO S,Heavy oil,Male,Skidded,No tow/articulation,Did not leave carriageway,0,Going ahead right-hand bend,1,Car,No,Front,2010
201060L171397,B,5420,Unclassified,0,Slight,None,13-09-2010,Monday,1,Give way or uncontrolled,Private drive or entrance,53.255016,Daylight,246410,375590,-4.303827,W01000012,2,2,0,0,Wet or damp,Single carriageway,None,30,08:20:00,Rural,Raining no high winds,No,16 - 20,14,Rural,NA,1905,None,None,Commuting to/from work,Approaching junction or waiting/parked at junction approach,PEUGEOT,306 D TURBO,Heavy oil,Male,None,No tow/articulation,Did not leave carriageway,0,Turning right,2,Car,No,Back,2010
201004EA10132,A,6078,Unclassified,0,Slight,None,29-05-2010,Saturday,1,Give way or uncontrolled,T or staggered junction,53.746622,Daylight,368830,427910,-2.474133,E01012572,2,2,0,0,Wet or damp,Single carriageway,None,30,14:10:00,Urban,Raining no high winds,No,16 - 20,14,Urban area,2,1905,None,None,Other/Not known (2005-10),Approaching junction or waiting/parked at junction approach,PEUGEOT,306 1.9D SLALOM,Heavy oil,Male,None,No tow/articulation,Did not leave carriageway,0,Turning right,2,Car,No,Front,2010
201006X029897,Motorway,67,NA,0,Slight,None,29-03-2010,Monday,1,Data missing or out of range,Not at junction or within 20 metres,53.454427,Daylight,395540,395300,-2.068637,E01006035,1,2,0,0,Wet or damp,Dual carriageway,None,70,14:00:00,Urban,Raining no high winds,No,16 - 20,14,Urban area,1,1124,Bollard or refuge,Central crash barrier,Other/Not known (2005-10),Not at or within 20 metres of junction,CITROEN,SAXO SX,Petrol,Male,None,No tow/articulation,Offside on to centrl res + rebounded,0,Going ahead other,2,Car,No,Front,2010
201011SA16850,C,42,NA,0,Slight,None,20-07-2010,Tuesday,1,Data missing or out of range,Not at junction or within 20 metres,54.629057,Daylight,416640,526020,-1.743761,E01020859,2,2,0,0,Wet or damp,Single carriageway,None,60,17:45:00,Rural,Raining no high winds,No,16 - 20,14,Urban area,4,1391,None,None,Other/Not known (2005-10),Not at or within 20 metres of junction,SEAT,IBIZA CLS,Petrol,Male,Skidded,No tow/articulation,Did not leave carriageway,0,Going ahead left-hand bend,1,Car,No,Offside,2010
201022F002322,B,4386,NA,0,Slight,None,06-05-2010,Thursday,1,Data missing or out of range,Not at junction or within 20 metres,52.707102,Daylight,347180,312450,-2.783228,E01028953,2,2,0,0,Wet or damp,Single carriageway,None,30,14:55:00,Urban,Raining no high winds,No,16 - 20,14,Urban area,NA,1597,None,None,Other/Not known (2005-10),Not at or within 20 metres of junction,NISSAN,PRIMERA LX,Petrol,Male,Skidded,No tow/articulation,Nearside,0,Going ahead other,1,Car,No,Front,2010
201022F005514,B,5067,Unclassified,0,Slight,None,04-11-2010,Thursday,1,Give way or uncontrolled,Private drive or entrance,52.780177,Daylight,343580,320620,-2.837913,E01028860,1,2,0,0,Wet or damp,Single carriageway,None,30,07:51:00,Rural,Raining no high winds,No,16 - 20,14,Data missing or out of range,NA,1527,None,None,Other/Not known (2005-10),Approaching junction or waiting/parked at junction approach,PEUGEOT,106 ESCAPADE DIESEL,Heavy oil,Male,Skidded,No tow/articulation,Did not leave carriageway,0,Going ahead other,1,Car,No,Front,2010
201030D000242,Unclassified,0,NA,0,Slight,None,20-03-2010,Saturday,1,Data missing or out of range,Not at junction or within 20 metres,52.901209,Daylight,430480,333850,-1.548313,E01013562,1,1,0,0,Wet or damp,Single carriageway,None,30,13:20:00,Rural,Raining no high winds,No,16 - 20,14,Urban area,3,1124,None,Lamp post,Other/Not known (2005-10),Not at or within 20 metres of junction,CITROEN,SAXO SX,Petrol,Male,None,No tow/articulation,Nearside,0,Going ahead left-hand bend,1,Car,No,Front,2010
2010400D02295,Unclassified,0,Unclassified,0,Slight,None,07-09-2021,Tuesday,2,Give way or uncontrolled,T or staggered junction,15.21246478,Daylight,502410,222550,74.0692494,E01017584,1,2,0,0,Wet or damp,Single carriageway,None,30,16:15:00,Urban,Raining no high winds,No,16 - 20,14,Urban area,6,1196,None,None,Journey as part of work,Approaching junction or waiting/parked at junction approach,VAUXHALL,CORSA SPIN,Petrol,Female,None,No tow/articulation,Did not leave carriageway,0,Moving off,1,Car,No,Nearside,2019
2010550C50996,Unclassified,0,NA,0,Slight,None,26-04-2019,Thursday,1,Not at junction or within 20 metres,Not at junction or within 20 metres,18.56965803,Daylight,403670,93910,73.7693898,E01015439,1,2,0,0,Wet or damp,Single carriageway,None,30,16:05:00,Urban,Raining no high winds,No,16 - 20,14,Urban area,3,1389,None,None,Other/Not known (2005-10),Not at or within 20 metres of junction,VAUXHALL,CORSA MERIT AUTO,Petrol,Female,None,No tow/articulation,Did not leave carriageway,0,Going ahead other,2,Car,No,Front,2021
201050GW3N003,A,390,Unclassified,0,Slight,None,08-10-2020,Thursday,1,Give way or uncontrolled,T or staggered junction,18.50226262,Daylight,210640,60140,73.85029071,E01019035,4,3,0,0,Wet or damp,Single carriageway,None,40,15:09:00,Rural,Raining no high winds,No,16 - 20,14,Urban area,4,1108,None,None,Other/Not known (2005-10),Approaching junction or waiting/parked at junction approach,FIAT,PUNTO 55 S,Petrol,Female,Skidded,No tow/articulation,Did not leave carriageway,0,Slowing or stopping,1,Car,No,Front,2021
201042I101404,B,1026,Unclassified,0,Slight,None,25-03-2020,Wednesday,1,Give way or uncontrolled,T or staggered junction,18.60693601,Daylight,599270,224700,73.93901273,E01021651,1,2,0,0,Wet or damp,Dual carriageway,None,30,15:08:00,Urban,Raining no high winds,No,16 - 20,14,Urban area,8,954,None,None,Other/Not known (2005-10),Cleared junction or waiting/parked at junction exit,CITROEN,AX DIMENSION,Petrol,Female,None,No tow/articulation,Did not leave carriageway,0,Going ahead other,2,Car,No,Nearside,2021
201042I320509,Unclassified,0,Unclassified,0,Slight,None,23-12-2019,Wednesday,1,Give way or uncontrolled,T or staggered junction,19.07853267,Daylight,578550,183950,72.84610734,E01021507,2,3,0,0,Wet or damp,Single carriageway,None,30,08:13:00,Urban,Raining no high winds,No,16 - 20,14,Urban area,2,1124,None,None,Other/Not known (2005-10),Entering main road,PEUGEOT,106 ESCAPADE,Petrol,Female,None,No tow/articulation,Did not leave carriageway,0,Turning right,1,Car,No,Nearside,2021
2010400D02295,Unclassified,0,Unclassified,0,Slight,None,10-08-2010,Tuesday,2,Give way or uncontrolled,T or staggered junction,51.892059,Daylight,502410,222550,-0.513213,E01017584,1,2,0,0,Wet or damp,Single carriageway,None,30,16:15:00,Urban,Raining no high winds,No,16 - 20,14,Urban area,6,1196,None,None,Journey as part of work,Approaching junction or waiting/parked at junction approach,VAUXHALL,CORSA SPIN,Petrol,Female,None,No tow/articulation,Did not leave carriageway,0,Moving off,1,Car,No,Nearside,2010
201042I101404,B,1026,Unclassified,0,Slight,None,07-04-2010,Wednesday,1,Give way or uncontrolled,T or staggered junction,51.885185,Daylight,599270,224700,0.894116,E01021651,1,2,0,0,Wet or damp,Dual carriageway,None,30,15:08:00,Urban,Raining no high winds,No,16 - 20,14,Urban area,8,954,None,None,Other/Not known (2005-10),Cleared junction or waiting/parked at junction exit,CITROEN,AX DIMENSION,Petrol,Female,None,No tow/articulation,Did not leave carriageway,0,Going ahead other,2,Car,No,Nearside,2010
201042I320509,Unclassified,0,Unclassified,0,Slight,None,29-09-2010,Wednesday,1,Give way or uncontrolled,T or staggered junction,51.526177,Daylight,578550,183950,0.572531,E01021507,2,3,0,0,Wet or damp,Single carriageway,None,30,08:13:00,Urban,Raining no high winds,No,16 - 20,14,Urban area,2,1124,None,None,Other/Not known (2005-10),Entering main road,PEUGEOT,106 ESCAPADE,Petrol,Female,None,No tow/articulation,Did not leave carriageway,0,Turning right,1,Car,No,Nearside,2010
201050GW3N003,A,390,Unclassified,0,Slight,None,29-04-2010,Thursday,1,Give way or uncontrolled,T or staggered junction,50.410471,Daylight,210640,60140,-4.666509,E01019035,4,3,0,0,Wet or damp,Single carriageway,None,40,15:09:00,Rural,Raining no high winds,No,16 - 20,14,Urban area,4,1108,None,None,Other/Not known (2005-10),Approaching junction or waiting/parked at junction approach,FIAT,PUNTO 55 S,Petrol,Female,Skidded,No tow/articulation,Did not leave carriageway,0,Slowing or stopping,1,Car,No,Front,2010
2010550C50996,Unclassified,0,NA,0,Slight,None,18-11-2010,Thursday,1,Not at junction or within 20 metres,Not at junction or within 20 metres,50.744719,Daylight,403670,93910,-1.949369,E01015439,1,2,0,0,Wet or damp,Single carriageway,None,30,16:05:00,Urban,Raining no high winds,No,16 - 20,14,Urban area,3,1389,None,None,Other/Not known (2005-10),Not at or within 20 metres of junction,VAUXHALL,CORSA MERIT AUTO,Petrol,Female,None,No tow/articulation,Did not leave carriageway,0,Going ahead other,2,Car,No,Front,2010
201004CK10136,B,5240,NA,0,Slight,None,20-07-2010,Tuesday,1,Data missing or out of range,Not at junction or within 20 metres,53.543959,Daylight,345000,405580,-2.831492,E01025479,1,1,0,0,Wet or damp,Single carriageway,None,60,20:00:00,Rural,Raining no high winds,No,16 - 20,14,Rural,5,1389,Kerb,None,Other/Not known (2005-10),Not at or within 20 metres of junction,VAUXHALL,CORSA LS AUTO,Petrol,Female,Skidded and overturned,No tow/articulation,Did not leave carriageway,0,Going ahead left-hand bend,1,Car,No,Nearside,2010
201006J033485,A,560,A,560,Slight,None,28-06-2010,Monday,2,Auto traffic signal,Crossroads,53.40732,Daylight,389040,390070,-2.166338,E01005822,1,1,0,5,Wet or damp,Single carriageway,None,30,20:40:00,Urban,Raining no high winds,No,16 - 20,14,Urban area,5,1390,None,None,Other/Not known (2005-10),Approaching junction or waiting/parked at junction approach,VOLKSWAGEN,POLO 1.4 CL,Petrol,Female,None,No tow/articulation,Did not leave carriageway,0,Moving off,1,Car,No,Front,2010
20103102B2537,B,6030,B,6034,Slight,None,24-09-2010,Friday,1,Auto traffic signal,Crossroads,53.183368,Daylight,463260,365560,-1.054818,E01028322,3,3,0,0,Wet or damp,Single carriageway,None,60,08:50:00,Rural,Raining no high winds,No,16 - 20,14,Urban area,4,1108,None,None,Other/Not known (2005-10),Approaching junction or waiting/parked at junction approach,FIAT,PUNTO 55 SX,Petrol,Female,Skidded,No tow/articulation,Did not leave carriageway,0,Going ahead other,3,Car,No,Front,2010
201030C000769,A,619,Unclassified,0,Slight,None,04-11-2010,Thursday,2,Give way or uncontrolled,T or staggered junction,53.266082,Daylight,443270,374540,-1.352714,E01019566,1,3,0,0,Wet or damp,Single carriageway,None,30,16:05:00,Urban,Snowing + high winds,No,16 - 20,14,Urban area,2,599,None,None,Other/Not known (2005-10),Mid Junction - on roundabout or on main road,SUZUKI,,Petrol,Male,Overturned,No tow/articulation,Did not leave carriageway,0,Overtaking static vehicle - offside,2,Motorcycle over 500cc,No,Front,2010
201042I400411,A,133,Unclassified,0,Slight,None,05-05-2019,Monday,1,Give way or uncontrolled,Roundabout,28.65471959,Daylight,601970,224760,77.18233439,E01021701,1,1,0,0,Wet or damp,Single carriageway,None,30,19:25:00,Urban,Snowing no high winds,No,16 - 20,14,Data missing or out of range,NA,1124,None,None,Journey as part of work,Approaching junction or waiting/parked at junction approach,CITROEN,AX MEMPHIS,Petrol,Male,None,No tow/articulation,Did not leave carriageway,0,Going ahead other,1,Car,No,Front,2020