Accident_Index,1st_Road_Class,1st_Road_Number,2nd_Road_Class,2nd_Road_Number,Accident_Severity,Carriageway_Hazards,Date,Day_of_Week,Did_Police_Officer_Attend_Scene_of_Accident,Junction_Control,Junction_Detail,Latitude,Light_Conditions,Location_Easting_OSGR,Location_Northing_OSGR,Longitude,LSOA_of_Accident_Location,Number_of_Casualties,Number_of_Vehicles,Pedestrian_Crossing-Human_Control,Pedestrian_Crossing-Physical_Facilities,Road_Surface_Conditions,Road_Type,Special_Conditions_at_Site,Speed_limit,Time,Urban_or_Rural_Area,Weather_Conditions,InScotland,Age_Band_of_Driver,Age_of_Vehicle,Driver_Home_Area_Type,Driver_IMD_Decile,Engine_Capacity_.CC.,Hit_Object_in_Carriageway,Hit_Object_off_Carriageway,Journey_Purpose_of_Driver,Junction_Location,make,model,Propulsion_Code,Sex_of_Driver,Skidding_and_Overturning,Towing_and_Articulation,Vehicle_Leaving_Carriageway,Vehicle_Location.Restricted_Lane,Vehicle_Manoeuvre,Vehicle_Reference,Vehicle_Type,Was_Vehicle_Left_Hand_Drive,X1st_Point_of_Impact,Year
201050JH2D005,A,3122,NA,0,Slight,None,04-10-2019,Monday,1,Not at junction or within 20 metres,Not at junction or within 20 metres,26.76693895,Daylight,281050,52500,94.19930998,E01020188,1,1,0,0,Dry,Single carriageway,None,30,18:33:00,Rural,Fine no high winds,No,21 - 25,14,Small town,5,1590,None,Other permanent object,Journey as part of work,Not at or within 20 metres of junction,HONDA,CIVIC COUPE 1.6I LS AUTO,Petrol,Male,Overturned,No tow/articulation,Nearside and rebounded,0,Going ahead right-hand bend,1,Car,No,Nearside,2019
20104100G0349,B,655,NA,0,Slight,None,05-01-2020,Friday,1,Not at junction or within 20 metres,Not at junction or within 20 metres,25.76735228,Daylight,515100,229800,87.48709645,E01023653,1,1,0,0,Dry,Single carriageway,None,60,05:10:00,Rural,Fine no high winds,No,21 - 25,14,Small town,9,2290,None,Tree,Commuting to/from work,Not at or within 20 metres of junction,SAAB,9000 AERO,Petrol,Male,Skidded and overturned,No tow/articulation,Nearside,0,Going ahead right-hand bend,1,Car,No,Front,2019
201042I341010,A,138,NA,0,Slight,None,15-10-2020,Wednesday,1,Not at junction or within 20 metres,Not at junction or within 20 metres,15.35701388,Daylight,574100,209600,74.14570747,E01021537,1,1,0,0,Wet or damp,Dual carriageway,None,70,07:23:00,Rural,Fine no high winds,No,21 - 25,14,Small town,7,749,None,None,Commuting to/from work,Not at or within 20 metres of junction,SUZUKI,,Petrol,Male,Skidded,No tow/articulation,Did not leave carriageway,0,Going ahead other,1,Motorcycle over 500cc,No,Did not impact,2019
2010550C49903,Unclassified,0,Unclassified,0,Slight,None,14-02-2020,Thursday,1,Give way or uncontrolled,T or staggered junction,23.04035247,Daylight,402530,93470,72.55778545,E01015408,2,2,0,0,Wet or damp,Single carriageway,None,30,15:10:00,Urban,Fine no high winds,No,21 - 25,14,Urban area,8,1870,None,None,Other/Not known (2005-10),Mid Junction - on roundabout or on main road,RENAULT,CLIO RL 1.9D,Heavy oil,Male,None,No tow/articulation,Did not leave carriageway,0,Turning left,1,Car,No,Front,2019
201037B046256,A,134,Unclassified,8203,Slight,None,04-01-2021,Thursday,1,Give way or uncontrolled,T or staggered junction,23.06288959,Daylight,588340,251240,72.64755145,E01029900,2,3,0,0,Wet or damp,Single carriageway,None,30,07:14:00,Rural,Fine no high winds,No,21 - 25,14,Urban area,9,954,None,None,Commuting to/from work,Entering main road,CITROEN,AX 1.0I ELATION,Petrol,Male,None,No tow/articulation,Did not leave carriageway,0,Turning right,1,Car,No,Did not impact,2019
201043S069070,A,509,C,156,Slight,None,21-07-2020,Saturday,1,Auto traffic signal,Roundabout,23.07200126,Daylight,484080,238660,72.6503893,E01016724,1,2,0,0,Dry,Roundabout,None,40,19:10:00,Urban,Fine no high winds,No,21 - 25,14,Urban area,3,1119,None,None,Other/Not known (2005-10),Mid Junction - on roundabout or on main road,FORD,FIESTA CLASSIC,Petrol,Male,None,No tow/articulation,Did not leave carriageway,0,Changing lane to right,1,Car,No,Offside,2019
201043R173080,Unclassified,7302,Unclassified,7302,Slight,None,25-04-2021,Thursday,1,Give way or uncontrolled,T or staggered junction,28.48152616,Daylight,500700,178040,77.04686103,E01016489,1,2,0,0,Wet or damp,Single carriageway,None,30,09:05:00,Rural,Fine no high winds,No,21 - 25,14,Urban area,3,1905,None,None,Other/Not known (2005-10),Entering main road,CITROEN,XANTIA SX TD,Heavy oil,Male,None,No tow/articulation,Did not leave carriageway,0,Going ahead other,2,Car,No,Front,2019
201050ED2I011,Unclassified,0,Unclassified,0,Slight,None,16-01-2019,Saturday,2,Auto traffic signal,T or staggered junction,12.97213558,Daylight,246090,56590,77.52560053,E01015168,1,2,0,0,Dry,Dual carriageway,None,30,10:35:00,Urban,Fine no high winds,No,21 - 25,14,Small town,5,5900,None,None,Other/Not known (2005-10),Approaching junction or waiting/parked at junction approach,DENNIS,,Heavy oil,Male,None,No tow/articulation,Did not leave carriageway,0,Going ahead other,2,Bus or coach (17 or more pass seats),No,Did not impact,2019
201037B044683,B,1106,NA,0,Slight,None,14-05-2021,Wednesday,1,Data missing or out of range,Not at junction or within 20 metres,26.4711043,Daylight,582140,276080,74.64130418,E01030135,1,1,0,0,Dry,Single carriageway,None,60,19:20:00,Rural,Fine no high winds,No,21 - 25,14,Rural,6,1587,None,Tree,Other/Not known (2005-10),Not at or within 20 metres of junction,PEUGEOT,306 XR,Petrol,Male,Skidded and overturned,No tow/articulation,Offside,0,Going ahead other,1,Car,No,Front,2020
201043P069020,B,4495,B,480,Slight,None,03-06-2020,Friday,1,Auto traffic signal,T or staggered junction,26.4617139,Daylight,454490,204230,74.59333251,E01028528,1,2,0,0,Dry,Single carriageway,None,30,08:16:00,Urban,Fine no high winds,No,21 - 25,14,Urban area,5,1299,None,None,Journey as part of work,Entering main road,FORD,FIESTA CLASSIC CABARET,Petrol,Male,None,No tow/articulation,Did not leave carriageway,0,Turning left,1,Car,No,Front,2020
201054ES42610,A,36,Unclassified,0,Slight,None,18-10-2020,Wednesday,1,Give way or uncontrolled,Crossroads,26.46241683,Daylight,412720,130630,74.58607323,E01032001,1,2,0,0,Frost or ice,Single carriageway,None,30,07:30:00,Urban,Fine no high winds,No,21 - 25,14,Rural,8,1587,None,None,Commuting to/from work,Leaving main road,PEUGEOT,306 XR,Petrol,Male,None,No tow/articulation,Did not leave carriageway,0,Turning right,2,Car,No,Front,2020
201034NK50060,A,43,Unclassified,7112,Slight,None,18-12-2019,Sunday,1,Give way or uncontrolled,T or staggered junction,26.46657961,Daylight,483780,276540,80.30470664,E01027118,2,2,0,0,Wet or damp,Single carriageway,None,60,11:20:00,Rural,Fine no high winds,No,21 - 25,14,Data missing or out of range,NA,1597,None,None,Other/Not known (2005-10),Mid Junction - on roundabout or on main road,FORD,ESCORT CABARET,Petrol,Male,None,No tow/articulation,Did not leave carriageway,0,Going ahead other,2,Car,No,Front,2020
201042I245207,A,126,Unclassified,0,Slight,None,12-10-2019,Thursday,1,Give way or uncontrolled,Roundabout,26.43827957,Daylight,558980,177760,80.3187002,E01016011,4,3,0,1,Dry,Roundabout,None,30,18:30:00,Urban,Fine no high winds,No,21 - 25,14,Urban area,8,1597,None,None,Other/Not known (2005-10),Leaving roundabout,FORD,ESCORT CABARET,Petrol,Male,None,No tow/articulation,Did not leave carriageway,0,Waiting to go - held up,1,Car,No,Back,2020
201042I154205,Motorway,11,NA,0,Slight,Other object on road,02-05-2021,Thursday,1,Not at junction or within 20 metres,Not at junction or within 20 metres,28.64361911,Daylight,543100,194070,77.1175888,E01021750,1,3,0,0,Dry,Dual carriageway,None,70,16:09:00,Rural,Fine no high winds,No,21 - 25,14,Data missing or out of range,NA,1998,None,None,Other/Not known (2005-10),Not at or within 20 metres of junction,TOYOTA,MR2 GT,Petrol,Male,None,No tow/articulation,Did not leave carriageway,0,Going ahead other,3,Car,No,Front,2020
201045EP52852,B,290,B,290,Slight,None,09-04-2019,Saturday,2,Give way or uncontrolled,Roundabout,28.60474511,Daylight,521830,158630,77.25353394,E01030380,1,2,0,8,Dry,Single carriageway,None,30,10:50:00,Rural,Fine no high winds,No,21 - 25,14,Urban area,4,348,None,None,Commuting to/from work,Approaching junction or waiting/parked at junction approach,HARLEY-DAVIDSON,,Petrol,Male,Skidded,No tow/articulation,Did not leave carriageway,0,Going ahead other,1,Motorcycle over 125cc and up to 500cc,No,Offside,2020
201042I035802,A,1060,NA,0,Slight,None,26-01-2021,Tuesday,1,Not at junction or within 20 metres,Not at junction or within 20 metres,28.63391453,Daylight,558920,213190,77.14068136,E01022096,2,2,0,0,Dry,Single carriageway,None,40,14:30:00,Rural,Fine no high winds,No,21 - 25,14,Rural,7,1196,None,None,Other/Not known (2005-10),Not at or within 20 metres of junction,VAUXHALL,CORSA VEGAS,Petrol,Male,None,No tow/articulation,Did not leave carriageway,0,Turning right,1,Car,No,Front,2020
201043W138020,A,329,Unclassified,7515,Slight,None,29-01-2020,Thursday,1,Give way or uncontrolled,T or staggered junction,28.67565098,Daylight,479750,169510,77.2094945,E01016627,1,2,0,5,Dry,Single carriageway,None,40,14:30:00,Urban,Fine no high winds,No,21 - 25,14,Urban area,10,1468,None,None,Commuting to/from work,Cleared junction or waiting/parked at junction exit,HYUNDAI,LANTRA JURA,Petrol,Male,None,No tow/articulation,Did not leave carriageway,0,Going ahead other,1,Car,No,Front,2021
201037L017780,A,145,Unclassified,1313,Slight,None,20-10-2019,Saturday,1,Give way or uncontrolled,Crossroads,28.58269778,Daylight,644470,278740,77.27432503,E01030229,1,2,0,0,Frost or ice,Single carriageway,None,60,08:40:00,Rural,Fine no high winds,No,21 - 25,14,Small town,6,1390,None,None,Journey as part of work,Approaching junction or waiting/parked at junction approach,VOLKSWAGEN,POLO 1.4 CL,Petrol,Male,Skidded,No tow/articulation,Did not leave carriageway,0,Going ahead right-hand bend,1,Car,No,Offside,2021
201037L018197,C,542,Unclassified,5633,Slight,None,09-09-2019,Friday,1,Give way or uncontrolled,T or staggered junction,18.51888059,Daylight,621380,268870,73.74519674,E01030090,2,2,0,0,Dry,Single carriageway,None,30,15:40:00,Rural,Fine no high winds,No,21 - 25,14,Rural,7,1974,None,None,Commuting to/from work,Mid Junction - on roundabout or on main road,NISSAN,PRIMERA LX,Heavy oil,Male,None,No tow/articulation,Did not leave carriageway,0,Going ahead left-hand bend,2,Car,No,Front,2021
201050CD3F003,A,39,NA,0,Slight,None,22-04-2020,Saturday,1,Not at junction or within 20 metres,Not at junction or within 20 metres,18.49030824,Daylight,245690,127870,73.92505106,E01020300,3,3,0,0,Dry,Single carriageway,None,40,13:02:00,Rural,Fine no high winds,No,21 - 25,14,Urban area,6,2000,None,None,Other/Not known (2005-10),Not at or within 20 metres of junction,SUBARU,LEGACY,Petrol,Male,None,No tow/articulation,Did not leave carriageway,0,Slowing or stopping,3,Car,No,Back,2021
201050GA2A005,B,3274,Unclassified,0,Slight,None,13-05-2020,Sunday,1,Give way or uncontrolled,Private drive or entrance,18.57068594,Daylight,198820,60380,73.85754765,E01019052,1,2,0,0,Dry,Single carriageway,None,30,21:40:00,Rural,Fine no high winds,No,21 - 25,14,Rural,3,2460,None,Other permanent object,Other/Not known (2005-10),Leaving main road,AUDI,A6 2.5 TDI SE,Heavy oil,Male,Skidded,No tow/articulation,Offside,0,Turning right,1,Car,No,Front,2021
201037B044673,A,1308,Unclassified,0,Slight,None,24-05-2020,Wednesday,1,Give way or uncontrolled,Private drive or entrance,18.53573086,Daylight,605500,258060,73.78687749,E01030071,1,2,0,0,Dry,Single carriageway,None,40,06:25:00,Urban,Fine no high winds,No,21 - 25,14,Small town,6,1389,None,None,Commuting to/from work,Mid Junction - on roundabout or on main road,VAUXHALL,ASTRA MONTANA,Petrol,Male,None,No tow/articulation,Did not leave carriageway,0,Turning right,1,Car,No,Nearside,2021
201043R169110,A,4,Unclassified,7302,Slight,None,22-11-2019,Thursday,1,Auto traffic signal,Crossroads,18.63516152,Daylight,493730,181000,73.75987691,E01016495,1,2,0,4,Dry,Single carriageway,None,40,14:35:00,Urban,Fine no high winds,No,21 - 25,14,Urban area,3,1590,None,None,Commuting to/from work,Mid Junction - on roundabout or on main road,HONDA,CIVIC COUPE 1.6I LS,Petrol,Male,None,No tow/articulation,Did not leave carriageway,0,Going ahead other,2,Car,No,Front,2021
201054ET46110,C,49,Unclassified,0,Slight,None,15-03-2021,Friday,1,Give way or uncontrolled,Private drive or entrance,18.63455388,Daylight,386520,157540,73.9491735,E01032102,2,2,0,0,Dry,Single carriageway,None,30,14:05:00,Urban,Fine no high winds,No,21 - 25,14,Rural,9,2498,None,None,Other/Not known (2005-10),Approaching junction or waiting/parked at junction approach,VAUXHALL,VECTRA SRI V6 24V,Petrol,Male,None,No tow/articulation,Did not leave carriageway,0,Waiting to turn right,2,Car,No,Back,2021
201043P336090,A,4260,B,4027,Slight,None,21-09-2020,Friday,1,Give way or uncontrolled,T or staggered junction,18.59056335,Daylight,446680,218440,73.78778845,E01028805,1,2,0,0,Dry,Single carriageway,None,60,14:40:00,Rural,Fine no high winds,No,21 - 25,14,Small town,9,1396,None,None,Other/Not known (2005-10),Entering main road,ROVER,214 SI,Petrol,Male,None,No tow/articulation,Did not leave carriageway,0,Turning right,1,Car,No,Front,2021
201043P081030,A,4442,A,4158,Slight,None,08-12-2019,Friday,1,Give way or uncontrolled,Roundabout,19.19783146,Daylight,453640,203120,72.90102645,E01028576,1,1,0,0,Dry,Dual carriageway,None,50,07:47:00,Urban,Fine no high winds,No,21 - 25,14,Rural,6,1391,Parked vehicle,Central crash barrier,Other/Not known (2005-10),Entering roundabout,VOLKSWAGEN,POLO 1.4 L,Petrol,Male,None,No tow/articulation,Offside on to central reservation,0,Going ahead other,1,Car,No,Offside,2021
201037B045361,Unclassified,9999,Unclassified,32,Slight,None,14-12-2019,Tuesday,1,Give way or uncontrolled,T or staggered junction,14.78953444,Daylight,566670,245520,78.51062646,E01030110,1,2,0,0,Dry,Single carriageway,None,30,12:30:00,Urban,Fine no high winds,No,21 - 25,14,Urban area,5,1595,None,None,Commuting to/from work,Cleared junction or waiting/parked at junction exit,HONDA,CIVIC 1.6 VTI VTEC,Petrol,Male,Skidded,No tow/articulation,Nearside,0,Going ahead left-hand bend,1,Car,No,Back,2019
201050BW3K002,Unclassified,0,NA,0,Slight,None,21-06-2021,Thursday,1,Data missing or out of range,Not at junction or within 20 metres,14.75619772,Daylight,186370,74440,78.47301704,E01018955,1,2,0,0,Dry,Single carriageway,None,30,16:25:00,Rural,Fine no high winds,No,21 - 25,14,Urban area,5,1896,None,None,Other/Not known (2005-10),Not at or within 20 metres of junction,VOLKSWAGEN,PASSAT CL TDI,Heavy oil,Male,Skidded,No tow/articulation,Did not leave carriageway,0,Moving off,1,Car,No,Front,2019
201050GT3W036,Unclassified,0,Unclassified,0,Slight,None,07-07-2021,Sunday,1,Give way or uncontrolled,T or staggered junction,27.10434296,Daylight,181850,44630,93.62422127,E01018810,1,2,0,0,Dry,Single carriageway,None,30,16:54:00,Urban,Fine no high winds,No,21 - 25,14,Urban area,6,2494,None,None,Other/Not known (2005-10),Approaching junction or waiting/parked at junction approach,BMW,323I,Petrol,Male,None,No tow/articulation,Did not leave carriageway,0,Going ahead other,1,Car,No,Front,2019
201045WA48619,A,325,NA,0,Slight,Other object on road,02-09-2020,Wednesday,1,Data missing or out of range,Not at junction or within 20 metres,26.76533311,Daylight,484800,147330,94.21402474,E01030895,2,1,0,0,Wet or damp,Single carriageway,None,30,12:15:00,Urban,Fine no high winds,No,21 - 25,14,Urban area,8,1783,None,Other permanent object,Commuting to/from work,Not at or within 20 metres of junction,RENAULT,CLIO RSI 1.8,Petrol,Male,None,No tow/articulation,Nearside,0,Going ahead other,1,Car,No,Front,2019
201001JI40046,A,406,NA,0,Slight,None,27-01-2010,Wednesday,1,Data missing or out of range,Not at junction or within 20 metres,51.577888,Daylight,541610,188540,0.042269,E01003795,1,2,0,0,Dry,Slip road,None,30,07:45:00,Urban,Fine no high winds,No,21 - 25,14,Urban area,6,1596,Parked vehicle,None,Journey as part of work,Not at or within 20 metres of junction,BMW,316I,Petrol,Male,None,No tow/articulation,Did not leave carriageway,0,Going ahead other,1,Car,No,Front,2010
201001JI40637,Unclassified,0,Unclassified,0,Slight,None,03-10-2010,Sunday,1,Give way or uncontrolled,Crossroads,51.571785,Daylight,545120,187960,0.092649,E01003754,3,3,0,0,Wet or damp,Single carriageway,None,30,17:30:00,Urban,Fine no high winds,No,21 - 25,14,Urban area,6,1596,Kerb,Other permanent object,Other/Not known (2005-10),Mid Junction - on roundabout or on main road,BMW,316I,Petrol,Male,None,No tow/articulation,Offside,0,Going ahead other,2,Car,No,Offside,2010
201001KD50237,Motorway,25,A,127,Slight,None,01-05-2010,Saturday,1,Give way or uncontrolled,Roundabout,51.571781,Daylight,558490,188360,0.285599,E01002252,1,2,0,0,Dry,Roundabout,None,30,13:45:00,Rural,Fine no high winds,No,21 - 25,14,Data missing or out of range,NA,599,None,None,Other/Not known (2005-10),Mid Junction - on roundabout or on main road,KAWASAKI,ZX600-F2,Petrol,Male,None,No tow/articulation,Did not leave carriageway,0,Going ahead other,1,Motorcycle over 500cc,No,Front,2010
201001MM70200,A,202,Unclassified,0,Slight,None,22-03-2010,Monday,1,Give way or uncontrolled,T or staggered junction,51.474251,Daylight,532450,176760,-0.094269,E01003921,1,2,0,0,Dry,Single carriageway,None,30,06:45:00,Urban,Fine no high winds,No,21 - 25,14,Urban area,2,1389,None,None,Other/Not known (2005-10),Mid Junction - on roundabout or on main road,VAUXHALL,CORSA LS AUTO,Petrol,Male,None,No tow/articulation,Did not leave carriageway,0,Turning right,1,Car,No,Nearside,2010
201001PL60429,A,2212,Unclassified,0,Slight,None,02-07-2010,Friday,1,Give way or uncontrolled,T or staggered junction,51.434742,Daylight,540530,172580,0.020338,E01003263,1,1,0,0,Dry,Single carriageway,None,30,07:45:00,Urban,Fine no high winds,No,21 - 25,14,Urban area,9,1389,None,None,Other/Not known (2005-10),Approaching junction or waiting/parked at junction approach,VAUXHALL,CORSA MERIT AUTO,Petrol,Male,None,No tow/articulation,Did not leave carriageway,0,Going ahead other,1,Car,No,Front,2010
201001QA10230,A,4006,C,0,Slight,None,09-07-2010,Friday,1,Give way or uncontrolled,Crossroads,51.585375,Daylight,518920,188790,-0.284929,E01000543,4,2,0,4,Dry,Single carriageway,None,20,20:15:00,Urban,Fine no high winds,No,21 - 25,14,Urban area,5,1997,None,None,Other/Not known (2005-10),Mid Junction - on roundabout or on main road,HONDA,,Petrol,Male,None,No tow/articulation,Did not leave carriageway,0,Waiting to turn right,2,Car,No,Front,2010
201034NK50060,A,43,Unclassified,7112,Slight,None,05-12-2010,Sunday,1,Give way or uncontrolled,T or staggered junction,52.380463,Daylight,483780,276540,-0.770578,E01027118,2,2,0,0,Wet or damp,Single carriageway,None,60,11:20:00,Rural,Fine no high winds,No,21 - 25,14,Data missing or out of range,NA,1597,None,None,Other/Not known (2005-10),Mid Junction - on roundabout or on main road,FORD,ESCORT CABARET,Petrol,Male,None,No tow/articulation,Did not leave carriageway,0,Going ahead other,2,Car,No,Front,2010
201037B044673,A,1308,Unclassified,0,Slight,None,07-04-2010,Wednesday,1,Give way or uncontrolled,Private drive or entrance,52.182449,Daylight,605500,258060,1.004539,E01030071,1,2,0,0,Dry,Single carriageway,None,40,06:25:00,Urban,Fine no high winds,No,21 - 25,14,Small town,6,1389,None,None,Commuting to/from work,Mid Junction - on roundabout or on main road,VAUXHALL,ASTRA MONTANA,Petrol,Male,None,No tow/articulation,Did not leave carriageway,0,Turning right,1,Car,No,Nearside,2010
201037B044683,B,1106,NA,0,Slight,None,07-04-2010,Wednesday,1,Data missing or out of range,Not at junction or within 20 metres,52.352485,Daylight,582140,276080,0.672987,E01030135,1,1,0,0,Dry,Single carriageway,None,60,19:20:00,Rural,Fine no high winds,No,21 - 25,14,Rural,6,1587,None,Tree,Other/Not known (2005-10),Not at or within 20 metres of junction,PEUGEOT,306 XR,Petrol,Male,Skidded and overturned,No tow/articulation,Offside,0,Going ahead other,1,Car,No,Front,2010
201037B045361,Unclassified,9999,Unclassified,32,Slight,None,20-07-2010,Tuesday,1,Give way or uncontrolled,T or staggered junction,52.082901,Daylight,566670,245520,0.431027,E01030110,1,2,0,0,Dry,Single carriageway,None,30,12:30:00,Urban,Fine no high winds,No,21 - 25,14,Urban area,5,1595,None,None,Commuting to/from work,Cleared junction or waiting/parked at junction exit,HONDA,CIVIC 1.6 VTI VTEC,Petrol,Male,Skidded,No tow/articulation,Nearside,0,Going ahead left-hand bend,1,Car,No,Back,2010
201037B046256,A,134,Unclassified,8203,Slight,None,18-11-2010,Thursday,1,Give way or uncontrolled,T or staggered junction,52.127326,Daylight,588340,251240,0.750078,E01029900,2,3,0,0,Wet or damp,Single carriageway,None,30,07:14:00,Rural,Fine no high winds,No,21 - 25,14,Urban area,9,954,None,None,Commuting to/from work,Entering main road,CITROEN,AX 1.0I ELATION,Petrol,Male,None,No tow/articulation,Did not leave carriageway,0,Turning right,1,Car,No,Did not impact,2010
201037L017780,A,145,Unclassified,1313,Slight,None,30-01-2010,Saturday,1,Give way or uncontrolled,Crossroads,52.352131,Daylight,644470,278740,1.588437,E01030229,1,2,0,0,Frost or ice,Single carriageway,None,60,08:40:00,Rural,Fine no high winds,No,21 - 25,14,Small town,6,1390,None,None,Journey as part of work,Approaching junction or waiting/parked at junction approach,VOLKSWAGEN,POLO 1.4 CL,Petrol,Male,Skidded,No tow/articulation,Did not leave carriageway,0,Going ahead right-hand bend,1,Car,No,Offside,2010
201037L018197,C,542,Unclassified,5633,Slight,None,25-06-2010,Friday,1,Give way or uncontrolled,T or staggered junction,52.273342,Daylight,621380,268870,1.243508,E01030090,2,2,0,0,Dry,Single carriageway,None,30,15:40:00,Rural,Fine no high winds,No,21 - 25,14,Rural,7,1974,None,None,Commuting to/from work,Mid Junction - on roundabout or on main road,NISSAN,PRIMERA LX,Heavy oil,Male,None,No tow/articulation,Did not leave carriageway,0,Going ahead left-hand bend,2,Car,No,Front,2010
20104100G0349,B,655,NA,0,Slight,None,09-07-2010,Friday,1,Not at junction or within 20 metres,Not at junction or within 20 metres,51.954742,Daylight,515100,229800,-0.326462,E01023653,1,1,0,0,Dry,Single carriageway,None,60,05:10:00,Rural,Fine no high winds,No,21 - 25,14,Small town,9,2290,None,Tree,Commuting to/from work,Not at or within 20 metres of junction,SAAB,9000 AERO,Petrol,Male,Skidded and overturned,No tow/articulation,Nearside,0,Going ahead right-hand bend,1,Car,No,Front,2010
201042I035802,A,1060,NA,0,Slight,None,09-02-2010,Tuesday,1,Not at junction or within 20 metres,Not at junction or within 20 metres,51.794736,Daylight,558920,213190,0.303094,E01022096,2,2,0,0,Dry,Single carriageway,None,40,14:30:00,Rural,Fine no high winds,No,21 - 25,14,Rural,7,1196,None,None,Other/Not known (2005-10),Not at or within 20 metres of junction,VAUXHALL,CORSA VEGAS,Petrol,Male,None,No tow/articulation,Did not leave carriageway,0,Turning right,1,Car,No,Front,2010
201042I154205,Motorway,11,NA,0,Slight,Other object on road,20-05-2010,Thursday,1,Not at junction or within 20 metres,Not at junction or within 20 metres,51.627203,Daylight,543100,194070,0.066012,E01021750,1,3,0,0,Dry,Dual carriageway,None,70,16:09:00,Rural,Fine no high winds,No,21 - 25,14,Data missing or out of range,NA,1998,None,None,Other/Not known (2005-10),Not at or within 20 metres of junction,TOYOTA,MR2 GT,Petrol,Male,None,No tow/articulation,Did not leave carriageway,0,Going ahead other,3,Car,No,Front,2010
201042I245207,A,126,Unclassified,0,Slight,None,29-07-2010,Thursday,1,Give way or uncontrolled,Roundabout,51.476409,Daylight,558980,177760,0.287883,E01016011,4,3,0,1,Dry,Roundabout,None,30,18:30:00,Urban,Fine no high winds,No,21 - 25,14,Urban area,8,1597,None,None,Other/Not known (2005-10),Leaving roundabout,FORD,ESCORT CABARET,Petrol,Male,None,No tow/articulation,Did not leave carriageway,0,Waiting to go - held up,1,Car,No,Back,2010
201042I341010,A,138,NA,0,Slight,None,20-10-2010,Wednesday,1,Not at junction or within 20 metres,Not at junction or within 20 metres,51.757974,Daylight,574100,209600,0.521202,E01021537,1,1,0,0,Wet or damp,Dual carriageway,None,70,07:23:00,Rural,Fine no high winds,No,21 - 25,14,Small town,7,749,None,None,Commuting to/from work,Not at or within 20 metres of junction,SUZUKI,,Petrol,Male,Skidded,No tow/articulation,Did not leave carriageway,0,Going ahead other,1,Motorcycle over 500cc,No,Did not impact,2010
201043P017120,Unclassified,390,Unclassified,0,Slight,None,02-12-2010,Thursday,1,Give way or uncontrolled,Crossroads,51.597166,Daylight,460670,189070,-1.125501,E01028617,1,2,0,0,Frost or ice,Single carriageway,None,30,16:00:00,Rural,Fine no high winds,No,21 - 25,14,Small town,7,124,None,None,Other/Not known (2005-10),Mid Junction - on roundabout or on main road,HONDA,,Petrol,Male,Skidded,No tow/articulation,Did not leave carriageway,0,Going ahead other,2,Motorcycle 125cc and under,No,Front,2010
201043P069020,B,4495,B,480,Slight,None,05-02-2010,Friday,1,Auto traffic signal,T or staggered junction,51.734094,Daylight,454490,204230,-1.212353,E01028528,1,2,0,0,Dry,Single carriageway,None,30,08:16:00,Urban,Fine no high winds,No,21 - 25,14,Urban area,5,1299,None,None,Journey as part of work,Entering main road,FORD,FIESTA CLASSIC CABARET,Petrol,Male,None,No tow/articulation,Did not leave carriageway,0,Turning left,1,Car,No,Front,2010
201043P081030,A,4442,A,4158,Slight,None,05-03-2010,Friday,1,Give way or uncontrolled,Roundabout,51.724196,Daylight,453640,203120,-1.224832,E01028576,1,1,0,0,Dry,Dual carriageway,None,50,07:47:00,Urban,Fine no high winds,No,21 - 25,14,Rural,6,1391,Parked vehicle,Central crash barrier,Other/Not known (2005-10),Entering roundabout,VOLKSWAGEN,POLO 1.4 L,Petrol,Male,None,No tow/articulation,Offside on to central reservation,0,Going ahead other,1,Car,No,Offside,2010
201043P336090,A,4260,B,4027,Slight,None,17-09-2010,Friday,1,Give way or uncontrolled,T or staggered junction,51.862553,Daylight,446680,218440,-1.323531,E01028805,1,2,0,0,Dry,Single carriageway,None,60,14:40:00,Rural,Fine no high winds,No,21 - 25,14,Small town,9,1396,None,None,Other/Not known (2005-10),Entering main road,ROVER,214 SI,Petrol,Male,None,No tow/articulation,Did not leave carriageway,0,Turning right,1,Car,No,Front,2010
201043R169110,A,4,Unclassified,7302,Slight,None,18-11-2010,Thursday,1,Auto traffic signal,Crossroads,51.520099,Daylight,493730,181000,-0.65047,E01016495,1,2,0,4,Dry,Single carriageway,None,40,14:35:00,Urban,Fine no high winds,No,21 - 25,14,Urban area,3,1590,None,None,Commuting to/from work,Mid Junction - on roundabout or on main road,HONDA,CIVIC COUPE 1.6I LS,Petrol,Male,None,No tow/articulation,Did not leave carriageway,0,Going ahead other,2,Car,No,Front,2010
201043R173080,Unclassified,7302,Unclassified,7302,Slight,None,26-08-2010,Thursday,1,Give way or uncontrolled,T or staggered junction,51.492294,Daylight,500700,178040,-0.550889,E01016489,1,2,0,0,Wet or damp,Single carriageway,None,30,09:05:00,Rural,Fine no high winds,No,21 - 25,14,Urban area,3,1905,None,None,Other/Not known (2005-10),Entering main road,CITROEN,XANTIA SX TD,Heavy oil,Male,None,No tow/articulation,Did not leave carriageway,0,Going ahead other,2,Car,No,Front,2010