Accident_Index,1st_Road_Class,1st_Road_Number,2nd_Road_Class,2nd_Road_Number,Accident_Severity,Carriageway_Hazards,Date,Day_of_Week,Did_Police_Officer_Attend_Scene_of_Accident,Junction_Control,Junction_Detail,Latitude,Light_Conditions,Location_Easting_OSGR,Location_Northing_OSGR,Longitude,LSOA_of_Accident_Location,Number_of_Casualties,Number_of_Vehicles,Pedestrian_Crossing-Human_Control,Pedestrian_Crossing-Physical_Facilities,Road_Surface_Conditions,Road_Type,Special_Conditions_at_Site,Speed_limit,Time,Urban_or_Rural_Area,Weather_Conditions,InScotland,Age_Band_of_Driver,Age_of_Vehicle,Driver_Home_Area_Type,Driver_IMD_Decile,Engine_Capacity_.CC.,Hit_Object_in_Carriageway,Hit_Object_off_Carriageway,Journey_Purpose_of_Driver,Junction_Location,make,model,Propulsion_Code,Sex_of_Driver,Skidding_and_Overturning,Towing_and_Articulation,Vehicle_Leaving_Carriageway,Vehicle_Location.Restricted_Lane,Vehicle_Manoeuvre,Vehicle_Reference,Vehicle_Type,Was_Vehicle_Left_Hand_Drive,X1st_Point_of_Impact,Year
201043S024080,C,146,C,157,Slight,None,01-08-2010,Sunday,1,Give way or uncontrolled,Roundabout,52.036573,Daylight,485480,238310,-0.75525,E01016729,1,2,0,0,Dry,Roundabout,None,70,08:25:00,Urban,Fine no high winds,No,21 - 25,14,Urban area,5,1598,None,None,Other/Not known (2005-10),Mid Junction - on roundabout or on main road,VOLKSWAGEN,POLO 1.6 GL,Petrol,Male,Overturned,No tow/articulation,Did not leave carriageway,0,U-turn,1,Car,No,Nearside,2010
201043S069070,A,509,C,156,Slight,None,17-07-2010,Saturday,1,Auto traffic signal,Roundabout,52.039933,Daylight,484080,238660,-0.775569,E01016724,1,2,0,0,Dry,Roundabout,None,40,19:10:00,Urban,Fine no high winds,No,21 - 25,14,Urban area,3,1119,None,None,Other/Not known (2005-10),Mid Junction - on roundabout or on main road,FORD,FIESTA CLASSIC,Petrol,Male,None,No tow/articulation,Did not leave carriageway,0,Changing lane to right,1,Car,No,Offside,2010
201043W138020,A,329,Unclassified,7515,Slight,None,11-02-2010,Thursday,1,Give way or uncontrolled,T or staggered junction,51.41895,Daylight,479750,169510,-0.854508,E01016627,1,2,0,5,Dry,Single carriageway,None,40,14:30:00,Urban,Fine no high winds,No,21 - 25,14,Urban area,10,1468,None,None,Commuting to/from work,Cleared junction or waiting/parked at junction exit,HYUNDAI,LANTRA JURA,Petrol,Male,None,No tow/articulation,Did not leave carriageway,0,Going ahead other,1,Car,No,Front,2010
201043W145100,Unclassified,7515,Unclassified,7515,Slight,None,19-10-2010,Tuesday,1,Give way or uncontrolled,T or staggered junction,51.406202,Daylight,482770,168140,-0.811406,E01016698,1,2,0,0,Dry,Roundabout,None,30,18:12:00,Urban,Fine no high winds,No,21 - 25,14,Urban area,7,1597,None,None,Commuting to/from work,Approaching junction or waiting/parked at junction approach,NISSAN,PRIMERA LX,Petrol,Male,None,No tow/articulation,Did not leave carriageway,0,Waiting to turn right,1,Car,No,Offside,2010
201045EP52852,B,290,B,290,Slight,None,17-07-2010,Saturday,2,Give way or uncontrolled,Roundabout,51.313691,Daylight,521830,158630,-0.253324,E01030380,1,2,0,8,Dry,Single carriageway,None,30,10:50:00,Rural,Fine no high winds,No,21 - 25,14,Urban area,4,348,None,None,Commuting to/from work,Approaching junction or waiting/parked at junction approach,HARLEY-DAVIDSON,,Petrol,Male,Skidded,No tow/articulation,Did not leave carriageway,0,Going ahead other,1,Motorcycle over 125cc and up to 500cc,No,Offside,2010
201045MO52045,Unclassified,2536,Unclassified,265,Slight,None,05-07-2010,Monday,1,Give way or uncontrolled,Roundabout,51.279101,Daylight,513490,154590,-0.37422,E01030521,2,2,0,0,Dry,Roundabout,None,30,17:25:00,Urban,Fine no high winds,No,21 - 25,14,Urban area,4,1686,None,None,Other/Not known (2005-10),Leaving roundabout,VAUXHALL,VECTRA CDX TD,Heavy oil,Male,None,No tow/articulation,Did not leave carriageway,0,Slowing or stopping,2,Car,No,Back,2010
201045WA48619,A,325,NA,0,Slight,Other object on road,03-02-2010,Wednesday,1,Data missing or out of range,Not at junction or within 20 metres,51.218822,Daylight,484800,147330,-0.78717,E01030895,2,1,0,0,Wet or damp,Single carriageway,None,30,12:15:00,Urban,Fine no high winds,No,21 - 25,14,Urban area,8,1783,None,Other permanent object,Commuting to/from work,Not at or within 20 metres of junction,RENAULT,CLIO RSI 1.8,Petrol,Male,None,No tow/articulation,Nearside,0,Going ahead other,1,Car,No,Front,2010
201050BW3K002,Unclassified,0,NA,0,Slight,None,27-05-2010,Thursday,1,Data missing or out of range,Not at junction or within 20 metres,50.530572,Daylight,186370,74440,-5.015788,E01018955,1,2,0,0,Dry,Single carriageway,None,30,16:25:00,Rural,Fine no high winds,No,21 - 25,14,Urban area,5,1896,None,None,Other/Not known (2005-10),Not at or within 20 metres of junction,VOLKSWAGEN,PASSAT CL TDI,Heavy oil,Male,Skidded,No tow/articulation,Did not leave carriageway,0,Moving off,1,Car,No,Front,2010
201050CD3F003,A,39,NA,0,Slight,None,31-07-2010,Saturday,1,Not at junction or within 20 metres,Not at junction or within 20 metres,51.02937,Daylight,245690,127870,-4.201978,E01020300,3,3,0,0,Dry,Single carriageway,None,40,13:02:00,Rural,Fine no high winds,No,21 - 25,14,Urban area,6,2000,None,None,Other/Not known (2005-10),Not at or within 20 metres of junction,SUBARU,LEGACY,Petrol,Male,None,No tow/articulation,Did not leave carriageway,0,Slowing or stopping,3,Car,No,Back,2010
201050ED2I011,Unclassified,0,Unclassified,0,Slight,None,24-07-2010,Saturday,2,Auto traffic signal,T or staggered junction,50.38893,Daylight,246090,56590,-4.166539,E01015168,1,2,0,0,Dry,Dual carriageway,None,30,10:35:00,Urban,Fine no high winds,No,21 - 25,14,Small town,5,5900,None,None,Other/Not known (2005-10),Approaching junction or waiting/parked at junction approach,DENNIS,,Heavy oil,Male,None,No tow/articulation,Did not leave carriageway,0,Going ahead other,2,Bus or coach (17 or more pass seats),No,Did not impact,2010
201050GA2A005,B,3274,Unclassified,0,Slight,None,14-03-2010,Sunday,1,Give way or uncontrolled,Private drive or entrance,50.408697,Daylight,198820,60380,-4.832788,E01019052,1,2,0,0,Dry,Single carriageway,None,30,21:40:00,Rural,Fine no high winds,No,21 - 25,14,Rural,3,2460,None,Other permanent object,Other/Not known (2005-10),Leaving main road,AUDI,A6 2.5 TDI SE,Heavy oil,Male,Skidded,No tow/articulation,Offside,0,Turning right,1,Car,No,Front,2010
201050GT3W036,Unclassified,0,Unclassified,0,Slight,None,20-06-2010,Sunday,1,Give way or uncontrolled,T or staggered junction,50.261196,Daylight,181850,44630,-5.062161,E01018810,1,2,0,0,Dry,Single carriageway,None,30,16:54:00,Urban,Fine no high winds,No,21 - 25,14,Urban area,6,2494,None,None,Other/Not known (2005-10),Approaching junction or waiting/parked at junction approach,BMW,323I,Petrol,Male,None,No tow/articulation,Did not leave carriageway,0,Going ahead other,1,Car,No,Front,2010
201050JH2D005,A,3122,NA,0,Slight,None,04-10-2010,Monday,1,Not at junction or within 20 metres,Not at junction or within 20 metres,50.360282,Daylight,281050,52500,-3.673693,E01020188,1,1,0,0,Dry,Single carriageway,None,30,18:33:00,Rural,Fine no high winds,No,21 - 25,14,Small town,5,1590,None,Other permanent object,Journey as part of work,Not at or within 20 metres of junction,HONDA,CIVIC COUPE 1.6I LS AUTO,Petrol,Male,Overturned,No tow/articulation,Nearside and rebounded,0,Going ahead right-hand bend,1,Car,No,Nearside,2010
201054ES42610,A,36,Unclassified,0,Slight,None,01-12-2010,Wednesday,1,Give way or uncontrolled,Crossroads,51.074798,Daylight,412720,130630,-1.81983,E01032001,1,2,0,0,Frost or ice,Single carriageway,None,30,07:30:00,Urban,Fine no high winds,No,21 - 25,14,Rural,8,1587,None,None,Commuting to/from work,Leaving main road,PEUGEOT,306 XR,Petrol,Male,None,No tow/articulation,Did not leave carriageway,0,Turning right,2,Car,No,Front,2010
201054ET46110,C,49,Unclassified,0,Slight,None,31-12-2010,Friday,1,Give way or uncontrolled,Private drive or entrance,51.316753,Daylight,386520,157540,-2.194827,E01032102,2,2,0,0,Dry,Single carriageway,None,30,14:05:00,Urban,Fine no high winds,No,21 - 25,14,Rural,9,2498,None,None,Other/Not known (2005-10),Approaching junction or waiting/parked at junction approach,VAUXHALL,VECTRA SRI V6 24V,Petrol,Male,None,No tow/articulation,Did not leave carriageway,0,Waiting to turn right,2,Car,No,Back,2010
2010550C49903,Unclassified,0,Unclassified,0,Slight,None,11-11-2010,Thursday,1,Give way or uncontrolled,T or staggered junction,50.740768,Daylight,402530,93470,-1.96553,E01015408,2,2,0,0,Wet or damp,Single carriageway,None,30,15:10:00,Urban,Fine no high winds,No,21 - 25,14,Urban area,8,1870,None,None,Other/Not known (2005-10),Mid Junction - on roundabout or on main road,RENAULT,CLIO RL 1.9D,Heavy oil,Male,None,No tow/articulation,Did not leave carriageway,0,Turning left,1,Car,No,Front,2010
201060L212699,A,548,Unclassified,0,Slight,None,16-11-2010,Tuesday,1,Auto traffic signal,Crossroads,53.318853,Daylight,300860,381250,-3.489758,W01000240,1,1,0,0,Dry,Single carriageway,None,30,12:00:00,Urban,Fine no high winds,No,21 - 25,14,Urban area,NA,1998,None,None,Other/Not known (2005-10),Mid Junction - on roundabout or on main road,FORD,TRANSIT 80 SWB,Petrol,Male,None,No tow/articulation,Did not leave carriageway,0,Reversing,1,Van / Goods 3.5 tonnes mgw or under,No,Back,2010
201001JI40046,A,406,NA,0,Slight,None,27-01-2010,Wednesday,1,Data missing or out of range,Not at junction or within 20 metres,51.577888,Daylight,541610,188540,0.042269,E01003795,1,2,0,0,Dry,Slip road,None,30,07:45:00,Urban,Fine no high winds,No,21 - 25,14,Urban area,6,1596,Parked vehicle,None,Journey as part of work,Not at or within 20 metres of junction,BMW,316I,Petrol,Male,None,No tow/articulation,Did not leave carriageway,0,Going ahead other,1,Car,No,Front,2010
201001JI40637,Unclassified,0,Unclassified,0,Slight,None,03-10-2010,Sunday,1,Give way or uncontrolled,Crossroads,51.571785,Daylight,545120,187960,0.092649,E01003754,3,3,0,0,Wet or damp,Single carriageway,None,30,17:30:00,Urban,Fine no high winds,No,21 - 25,14,Urban area,6,1596,Kerb,Other permanent object,Other/Not known (2005-10),Mid Junction - on roundabout or on main road,BMW,316I,Petrol,Male,None,No tow/articulation,Offside,0,Going ahead other,2,Car,No,Offside,2010
201001KD50237,Motorway,25,A,127,Slight,None,01-05-2010,Saturday,1,Give way or uncontrolled,Roundabout,51.571781,Daylight,558490,188360,0.285599,E01002252,1,2,0,0,Dry,Roundabout,None,30,13:45:00,Rural,Fine no high winds,No,21 - 25,14,Data missing or out of range,NA,599,None,None,Other/Not known (2005-10),Mid Junction - on roundabout or on main road,KAWASAKI,ZX600-F2,Petrol,Male,None,No tow/articulation,Did not leave carriageway,0,Going ahead other,1,Motorcycle over 500cc,No,Front,2010
201001MM70200,A,202,Unclassified,0,Slight,None,22-03-2010,Monday,1,Give way or uncontrolled,T or staggered junction,51.474251,Daylight,532450,176760,-0.094269,E01003921,1,2,0,0,Dry,Single carriageway,None,30,06:45:00,Urban,Fine no high winds,No,21 - 25,14,Urban area,2,1389,None,None,Other/Not known (2005-10),Mid Junction - on roundabout or on main road,VAUXHALL,CORSA LS AUTO,Petrol,Male,None,No tow/articulation,Did not leave carriageway,0,Turning right,1,Car,No,Nearside,2010
201001PL60429,A,2212,Unclassified,0,Slight,None,02-07-2010,Friday,1,Give way or uncontrolled,T or staggered junction,51.434742,Daylight,540530,172580,0.020338,E01003263,1,1,0,0,Dry,Single carriageway,None,30,07:45:00,Urban,Fine no high winds,No,21 - 25,14,Urban area,9,1389,None,None,Other/Not known (2005-10),Approaching junction or waiting/parked at junction approach,VAUXHALL,CORSA MERIT AUTO,Petrol,Male,None,No tow/articulation,Did not leave carriageway,0,Going ahead other,1,Car,No,Front,2010
201001QA10230,A,4006,C,0,Slight,None,09-07-2010,Friday,1,Give way or uncontrolled,Crossroads,51.585375,Daylight,518920,188790,-0.284929,E01000543,4,2,0,4,Dry,Single carriageway,None,20,20:15:00,Urban,Fine no high winds,No,21 - 25,14,Urban area,5,1997,None,None,Other/Not known (2005-10),Mid Junction - on roundabout or on main road,HONDA,,Petrol,Male,None,No tow/articulation,Did not leave carriageway,0,Waiting to turn right,2,Car,No,Front,2010
201001TX20810,Unclassified,0,NA,0,Slight,None,03-12-2010,Friday,1,Data missing or out of range,Not at junction or within 20 metres,51.465171,Daylight,512520,175270,-0.38158,E01002665,1,1,0,0,Frost or ice,Single carriageway,None,30,07:50:00,Urban,Fine no high winds,No,21 - 25,14,Urban area,4,1493,Kerb,None,Commuting to/from work,Not at or within 20 metres of junction,HONDA,CIVIC VTEC-E 1.5I,Petrol,Male,Skidded,No tow/articulation,Nearside,0,Going ahead other,1,Car,No,Nearside,2010
201001VK30222,A,243,A,3,Slight,None,27-06-2010,Sunday,1,Give way or uncontrolled,T or staggered junction,51.375314,Daylight,518150,165400,-0.303856,E01003002,1,2,0,0,Dry,Single carriageway,None,30,13:05:00,Urban,Fine no high winds,No,21 - 25,14,Urban area,8,1990,None,None,Other/Not known (2005-10),Mid Junction - on roundabout or on main road,MITSUBISHI,LANCER EVO IV,Petrol,Male,None,No tow/articulation,Did not leave carriageway,0,Overtaking static vehicle - offside,1,Car,No,Nearside,2010
201001XD80166,B,4492,Unclassified,0,Slight,None,15-02-2010,Monday,2,Give way or uncontrolled,T or staggered junction,51.526658,Daylight,520330,182290,-0.266809,E01001247,1,3,0,0,Dry,Single carriageway,None,30,06:05:00,Urban,Fine no high winds,No,21 - 25,14,Urban area,5,1896,None,None,Other/Not known (2005-10),Mid Junction - on roundabout or on main road,VOLKSWAGEN,POLO L DIESEL,Heavy oil,Male,None,No tow/articulation,Did not leave carriageway,0,Going ahead other,1,Car,No,Front,2010
201001ZD30322,A,212,Unclassified,0,Slight,None,28-04-2010,Wednesday,1,Give way or uncontrolled,T or staggered junction,51.407266,Daylight,532980,169320,-0.089435,E01001149,1,2,0,0,Dry,Single carriageway,None,30,07:20:00,Urban,Fine no high winds,No,21 - 25,14,Urban area,1,1597,None,None,Other/Not known (2005-10),Mid Junction - on roundabout or on main road,NISSAN,ALMERA 1.6 GX AUTO,Petrol,Male,None,No tow/articulation,Did not leave carriageway,0,Turning right,2,Car,No,Front,2010
201001ZD30594,A,235,B,266,Slight,None,27-07-2010,Tuesday,1,Give way or uncontrolled,T or staggered junction,51.393188,Daylight,531300,167710,-0.114171,E01001183,1,2,0,0,Dry,Single carriageway,None,30,08:25:00,Urban,Fine no high winds,No,21 - 25,14,Urban area,3,1388,None,None,Other/Not known (2005-10),Approaching junction or waiting/parked at junction approach,FORD,FIESTA SI,Petrol,Male,None,No tow/articulation,Did not leave carriageway,0,Going ahead other,1,Car,No,Front,2010
201004AN10098,Unclassified,0,NA,0,Slight,None,10-09-2010,Friday,1,Data missing or out of range,Not at junction or within 20 metres,53.830691,Daylight,332370,437650,-3.029067,E01012707,4,2,0,0,Dry,Single carriageway,None,30,15:50:00,Urban,Fine no high winds,No,21 - 25,14,Urban area,1,1753,None,None,Other/Not known (2005-10),Not at or within 20 metres of junction,FORD,FIESTA LX DIESEL,Heavy oil,Male,None,No tow/articulation,Did not leave carriageway,0,Going ahead right-hand bend,2,Car,No,Front,2010
201004AX10036,A,586,Unclassified,0,Slight,None,05-05-2010,Wednesday,1,Give way or uncontrolled,Private drive or entrance,53.82621,Daylight,331780,437160,-3.037921,E01012680,1,2,0,0,Wet or damp,Single carriageway,None,30,10:33:00,Urban,Fine no high winds,No,21 - 25,14,Urban area,4,1396,None,None,Journey as part of work,Mid Junction - on roundabout or on main road,ROVER,214 SLI,Petrol,Male,None,No tow/articulation,Did not leave carriageway,0,Turning left,1,Car,No,Offside,2010
201004CM10099,A,6,Motorway,65,Slight,None,08-07-2010,Thursday,1,Give way or uncontrolled,Roundabout,53.718513,Daylight,355540,424890,-2.675209,E01025417,1,2,0,0,Dry,Roundabout,None,40,17:45:00,Rural,Fine no high winds,No,21 - 25,14,Urban area,7,1590,None,None,Other/Not known (2005-10),Leaving roundabout,SUZUKI,VITARA JLX,Petrol,Male,None,No tow/articulation,Did not leave carriageway,0,Waiting to go - held up,2,Car,No,Back,2010
201004CM10107,A,6,B,6230,Slight,None,22-07-2010,Thursday,1,Give way or uncontrolled,Roundabout,53.743002,Daylight,355000,427620,-2.683789,E01025464,1,2,0,0,Dry,Roundabout,None,30,18:20:00,Rural,Fine no high winds,No,21 - 25,14,Urban area,8,1196,None,None,Other/Not known (2005-10),Mid Junction - on roundabout or on main road,VAUXHALL,CORSA MONTANA,Petrol,Male,None,No tow/articulation,Did not leave carriageway,0,Going ahead other,2,Car,No,Nearside,2010
201004EA10028,A,6078,Unclassified,0,Slight,None,10-02-2010,Wednesday,1,Give way or uncontrolled,T or staggered junction,53.746621,Daylight,368820,427910,-2.474284,E01012572,1,2,0,0,Wet or damp,Single carriageway,None,30,15:20:00,Urban,Fine no high winds,No,21 - 25,14,Urban area,1,1896,None,Road sign or traffic signal,Other/Not known (2005-10),Approaching junction or waiting/parked at junction approach,VOLKSWAGEN,GOLF DIESEL,Heavy oil,Male,None,No tow/articulation,Did not leave carriageway,0,Going ahead other,2,Car,No,Offside,2010
201004EA10129,A,677,Unclassified,0,Slight,None,28-05-2010,Friday,1,Auto traffic signal,Crossroads,53.748438,Daylight,369150,428110,-2.469301,E01012575,3,2,0,5,Dry,Single carriageway,None,30,16:30:00,Urban,Fine no high winds,No,21 - 25,14,Urban area,1,1332,None,None,Journey as part of work,Mid Junction - on roundabout or on main road,TOYOTA,COROLLA GS,Petrol,Male,None,No tow/articulation,Did not leave carriageway,2,Turning right,1,Car,No,Nearside,2010
201004EN10015,A,677,Unclassified,0,Slight,None,31-01-2010,Sunday,1,Give way or uncontrolled,Private drive or entrance,53.770067,Daylight,363140,430560,-2.560727,E01025456,1,2,0,0,Wet or damp,Single carriageway,None,60,15:49:00,Rural,Fine no high winds,No,21 - 25,14,Urban area,6,1108,None,None,Other/Not known (2005-10),Mid Junction - on roundabout or on main road,FIAT,PUNTO 55 SX,Petrol,Male,None,No tow/articulation,Offside,0,Waiting to turn right,2,Car,No,Back,2010
201004FA10044,Unclassified,0,Unclassified,0,Slight,None,26-04-2010,Monday,1,Give way or uncontrolled,T or staggered junction,53.793416,Daylight,383890,433040,-2.246041,E01024877,2,2,0,0,Dry,Single carriageway,None,30,09:06:00,Urban,Fine no high winds,No,21 - 25,14,Urban area,5,1527,None,None,Commuting to/from work,Approaching junction or waiting/parked at junction approach,PEUGEOT,106 ESCAPADE DIESEL,Heavy oil,Male,None,No tow/articulation,Did not leave carriageway,0,Going ahead other,2,Car,No,Front,2010
201004FA10047,Unclassified,0,NA,0,Slight,None,29-04-2010,Thursday,1,Data missing or out of range,Not at junction or within 20 metres,53.790906,Daylight,384080,432760,-2.243143,E01024877,2,2,0,0,Dry,One way street,None,30,15:00:00,Urban,Fine no high winds,No,21 - 25,14,Urban area,9,1196,None,None,Other/Not known (2005-10),Not at or within 20 metres of junction,VAUXHALL,CORSA VEGAS,Petrol,Male,None,No tow/articulation,Did not leave carriageway,0,Parked,2,Car,No,Back,2010
201004FA10092,A,646,Unclassified,0,Slight,None,21-08-2010,Saturday,1,Give way or uncontrolled,T or staggered junction,53.77363,Daylight,383490,430840,-2.251995,E01024903,1,2,0,0,Dry,Single carriageway,None,40,11:12:00,Urban,Fine no high winds,No,21 - 25,14,Urban area,5,1390,None,None,Other/Not known (2005-10),Leaving main road,VOLKSWAGEN,POLO 1.4 L,Petrol,Male,None,No tow/articulation,Did not leave carriageway,0,Turning right,2,Car,No,Back,2010
201043W214010,A,4,B,4494,Slight,None,04-01-2021,Friday,2,Auto traffic signal,Roundabout,27.10223663,Darkness - lights lit,446730,167830,93.62764838,E01016310,1,2,0,4,Dry,Roundabout,None,40,22:31:00,Urban,Fine no high winds,No,16 - 20,13,Urban area,5,1587,None,None,Pupil riding to/from school,Approaching junction or waiting/parked at junction approach,PEUGEOT,306 XS,Petrol,Male,None,No tow/articulation,Did not leave carriageway,0,Going ahead other,1,Car,No,Front,2019
201045TA50788,A,22,NA,0,Slight,None,26-01-2020,Saturday,1,Data missing or out of range,Not at junction or within 20 metres,27.0909803,Darkness - lights lit,534160,157850,93.62524825,E01030859,2,2,0,0,Wet or damp,Single carriageway,None,30,04:22:00,Urban,Fine no high winds,No,16 - 20,13,Urban area,7,1396,None,None,Other/Not known (2005-10),Not at or within 20 metres of junction,ROVER,214 SI,Petrol,Male,None,No tow/articulation,Did not leave carriageway,0,Going ahead other,1,Car,No,Front,2019
201050JN2N036,A,381,Unclassified,0,Slight,None,09-07-2019,Monday,1,Give way or uncontrolled,Other junction,26.76887987,Darkness - lights lit,285660,71140,94.19862481,E01020225,1,2,0,0,Dry,Single carriageway,None,30,17:23:00,Urban,Fine no high winds,No,16 - 20,13,Urban area,3,49,None,None,Other/Not known (2005-10),Mid Junction - on roundabout or on main road,SUZUKI,,Petrol,Male,None,No tow/articulation,Did not leave carriageway,0,Going ahead other,2,Motorcycle 50cc and under,No,Front,2019
201042I158005,A,132,Unclassified,0,Slight,None,13-08-2019,Saturday,1,Give way or uncontrolled,Roundabout,26.75999501,Darkness - lights lit,573690,187940,94.17394698,E01021316,1,1,0,0,Dry,Roundabout,None,30,22:36:00,Urban,Fine no high winds,No,16 - 20,13,Urban area,2,1242,None,Near/Offside crash barrier,Other/Not known (2005-10),Leaving roundabout,FORD,FIESTA FUSION,Petrol,Male,Skidded,No tow/articulation,Did not leave carriageway,0,Going ahead right-hand bend,1,Car,No,Front,2019
20104100C1201,Unclassified,458,NA,0,Slight,None,16-05-2019,Monday,1,Not at junction or within 20 metres,Not at junction or within 20 metres,22.10023944,Darkness - lights lit,504380,194050,82.14049256,E01023836,1,2,0,0,Wet or damp,Single carriageway,None,30,19:42:00,Urban,Fine no high winds,No,16 - 20,13,Data missing or out of range,NA,583,None,None,Other/Not known (2005-10),Not at or within 20 metres of junction,DUCATI,,Petrol,Male,Skidded,No tow/articulation,Did not leave carriageway,0,Slowing or stopping,1,Motorcycle over 500cc,No,Front,2019
201045RE50840,A,25,Unclassified,0,Slight,None,10-04-2021,Friday,1,Auto traffic signal,Other junction,22.06239365,Darkness - lights lit,526190,150240,82.13085279,E01030621,1,1,0,5,Wet or damp,Single carriageway,None,30,01:59:00,Urban,Fine no high winds,No,16 - 20,13,Urban area,10,1124,None,Road sign or traffic signal,Other/Not known (2005-10),Cleared junction or waiting/parked at junction exit,CITROEN,SAXO X,Petrol,Male,None,No tow/articulation,Nearside,0,Going ahead other,1,Car,No,Front,2019
201045RU55943,Motorway,25,NA,0,Slight,None,30-07-2019,Sunday,1,Data missing or out of range,Not at junction or within 20 metres,15.34255122,Darkness - lights lit,501560,170700,74.06467552,E01030687,2,2,0,0,Dry,Dual carriageway,None,70,21:46:00,Rural,Fine no high winds,No,16 - 20,13,Urban area,3,1390,None,None,Other/Not known (2005-10),Not at or within 20 metres of junction,VOLKSWAGEN,POLO 1.4 CL,Petrol,Male,Skidded and overturned,No tow/articulation,Did not leave carriageway,0,Going ahead other,2,Car,No,Did not impact,2019
20104100J0513,Unclassified,850,B,5378,Slight,None,16-08-2019,Sunday,1,Give way or uncontrolled,Roundabout,22.98992248,Darkness - lights lit,519120,196410,72.51787958,E01023539,2,2,0,8,Dry,Single carriageway,None,30,22:03:00,Urban,Fine no high winds,No,16 - 20,13,Urban area,7,2295,None,None,Other/Not known (2005-10),Leaving roundabout,MERCEDES,E230 ELEGANCE A,Petrol,Male,None,No tow/articulation,Did not leave carriageway,0,Turning left,2,Car,No,Front,2019
201054EP38110,A,350,B,4158,Slight,None,17-04-2020,Friday,1,Give way or uncontrolled,Roundabout,23.04638815,Darkness - lights lit,391170,175530,72.52665044,E01031891,1,2,0,0,Dry,Single carriageway,None,50,23:16:00,Urban,Fine no high winds,No,16 - 20,13,Rural,9,1896,None,None,Other/Not known (2005-10),Leaving roundabout,VOLKSWAGEN,GOLF CL TDI,Heavy oil,Male,Skidded,No tow/articulation,Did not leave carriageway,0,Going ahead other,1,Car,No,Front,2019
201050EL2T006,B,3413,Unclassified,0,Slight,None,03-02-2021,Monday,1,Give way or uncontrolled,T or staggered junction,22.98129409,Darkness - lights lit,250710,58020,72.65267066,E01015068,2,2,0,0,Dry,Single carriageway,None,40,19:05:00,Rural,Fine no high winds,No,16 - 20,13,Data missing or out of range,NA,1298,None,None,Other/Not known (2005-10),Approaching junction or waiting/parked at junction approach,MITSUBISHI,COLT GLX,Petrol,Male,None,No tow/articulation,Did not leave carriageway,0,Going ahead other,2,Car,No,Front,2019
201042I198906,B,1016,NA,0,Slight,None,30-03-2020,Tuesday,1,Not at junction or within 20 metres,Not at junction or within 20 metres,28.47023429,Darkness - lights lit,591380,184660,77.03465902,E01015893,1,2,0,0,Dry,Single carriageway,None,30,21:45:00,Urban,Fine no high winds,No,16 - 20,13,Data missing or out of range,NA,1242,None,None,Other/Not known (2005-10),Not at or within 20 metres of junction,FORD,FIESTA CHICANE,Petrol,Male,None,No tow/articulation,Did not leave carriageway,0,Turning right,2,Taxi/Private hire car,No,Offside,2019
201050FB2D025,Unclassified,0,Unclassified,0,Slight,None,13-04-2020,Monday,1,Give way or uncontrolled,T or staggered junction,8.892182754,Darkness - lights lit,292430,55700,76.62870188,E01015186,2,2,0,0,Dry,Single carriageway,None,30,18:07:00,Urban,Fine no high winds,No,16 - 20,13,Urban area,3,996,None,None,Other/Not known (2005-10),Approaching junction or waiting/parked at junction approach,HONDA,,Petrol,Male,Skidded,No tow/articulation,Did not leave carriageway,0,Going ahead other,1,Motorcycle over 500cc,No,Front,2020
201034TE09710,Unclassified,3980,Unclassified,3287,Slight,None,19-12-2019,Thursday,1,Give way or uncontrolled,T or staggered junction,22.73515501,Darkness - lights lit,494270,270510,75.89896104,E01027039,1,1,0,0,Dry,Single carriageway,None,30,22:20:00,Rural,Fine no high winds,No,16 - 20,13,Small town,6,49,None,None,Other/Not known (2005-10),Cleared junction or waiting/parked at junction exit,SUZUKI,AP 50,Petrol,Male,None,No tow/articulation,Did not leave carriageway,0,Going ahead other,1,Motorcycle 50cc and under,No,Front,2020
201037G028708,A,1156,A,1214,Slight,None,20-05-2020,Friday,1,Give way or uncontrolled,Mini-roundabout,26.46884358,Darkness - lights lit,615320,245400,80.30575357,E01030022,1,2,0,0,Frost or ice,Roundabout,None,30,23:38:00,Urban,Fine no high winds,No,16 - 20,13,Rural,8,1196,None,None,Other/Not known (2005-10),Entering roundabout,VAUXHALL,CORSA LS,Petrol,Male,None,No tow/articulation,Did not leave carriageway,0,Moving off,2,Car,No,Front,2020
201042I031101,Unclassified,0,NA,0,Slight,None,10-01-2021,Tuesday,1,Not at junction or within 20 metres,Not at junction or within 20 metres,18.59238092,Darkness - lights lit,541890,196250,73.9029687,E01021781,1,2,0,0,Dry,Unknown,None,30,22:56:00,Urban,Fine no high winds,No,16 - 20,13,Urban area,5,1299,None,None,Other/Not known (2005-10),Not at or within 20 metres of junction,FORD,KA3,Petrol,Male,None,No tow/articulation,Did not leave carriageway,0,Going ahead other,1,Car,No,Front,2021
201050JN2K014,Unclassified,0,NA,,Slight,None,08-11-2019,Tuesday,1,Give way or uncontrolled,Private drive or entrance,18.54902514,Darkness - lights lit,286920,74060,73.76867058,E01020254,1,2,0,0,Wet or damp,Single carriageway,None,30,23:05:00,Urban,Fine no high winds,No,16 - 20,13,Data missing or out of range,NA,1396,None,None,Other/Not known (2005-10),Approaching junction or waiting/parked at junction approach,ROVER,214 SI,Petrol,Male,None,No tow/articulation,Did not leave carriageway,0,Turning right,2,Car,No,Offside,2021