Accident_Index,1st_Road_Class,1st_Road_Number,2nd_Road_Class,2nd_Road_Number,Accident_Severity,Carriageway_Hazards,Date,Day_of_Week,Did_Police_Officer_Attend_Scene_of_Accident,Junction_Control,Junction_Detail,Latitude,Light_Conditions,Location_Easting_OSGR,Location_Northing_OSGR,Longitude,LSOA_of_Accident_Location,Number_of_Casualties,Number_of_Vehicles,Pedestrian_Crossing-Human_Control,Pedestrian_Crossing-Physical_Facilities,Road_Surface_Conditions,Road_Type,Special_Conditions_at_Site,Speed_limit,Time,Urban_or_Rural_Area,Weather_Conditions,InScotland,Age_Band_of_Driver,Age_of_Vehicle,Driver_Home_Area_Type,Driver_IMD_Decile,Engine_Capacity_.CC.,Hit_Object_in_Carriageway,Hit_Object_off_Carriageway,Journey_Purpose_of_Driver,Junction_Location,make,model,Propulsion_Code,Sex_of_Driver,Skidding_and_Overturning,Towing_and_Articulation,Vehicle_Leaving_Carriageway,Vehicle_Location.Restricted_Lane,Vehicle_Manoeuvre,Vehicle_Reference,Vehicle_Type,Was_Vehicle_Left_Hand_Drive,X1st_Point_of_Impact,Year
201001PL60445,Unclassified,0,NA,0,Slight,None,10-07-2010,Saturday,1,Data missing or out of range,Not at junction or within 20 metres,51.426203,Darkness - lights lit,535740,171500,-0.048942,E01003327,1,1,0,0,Dry,Single carriageway,None,30,03:20:00,Urban,Fine no high winds,No,16 - 20,13,Urban area,2,1390,Kerb,Other permanent object,Other/Not known (2005-10),Not at or within 20 metres of junction,VOLKSWAGEN,POLO 1.4 CL,Petrol,Male,None,No tow/articulation,Offside,0,Going ahead other,1,Car,No,Front,2010
201034TE09710,Unclassified,3980,Unclassified,3287,Slight,None,04-03-2010,Thursday,1,Give way or uncontrolled,T or staggered junction,52.324564,Darkness - lights lit,494270,270510,-0.618201,E01027039,1,1,0,0,Dry,Single carriageway,None,30,22:20:00,Rural,Fine no high winds,No,16 - 20,13,Small town,6,49,None,None,Other/Not known (2005-10),Cleared junction or waiting/parked at junction exit,SUZUKI,AP 50,Petrol,Male,None,No tow/articulation,Did not leave carriageway,0,Going ahead other,1,Motorcycle 50cc and under,No,Front,2010
201037G028708,A,1156,A,1214,Slight,None,29-01-2010,Friday,1,Give way or uncontrolled,Mini-roundabout,52.065056,Darkness - lights lit,615320,245400,1.139948,E01030022,1,2,0,0,Frost or ice,Roundabout,None,30,23:38:00,Urban,Fine no high winds,No,16 - 20,13,Rural,8,1196,None,None,Other/Not known (2005-10),Entering roundabout,VAUXHALL,CORSA LS,Petrol,Male,None,No tow/articulation,Did not leave carriageway,0,Moving off,2,Car,No,Front,2010
20104100C1201,Unclassified,458,NA,0,Slight,None,13-12-2010,Monday,1,Not at junction or within 20 metres,Not at junction or within 20 metres,51.635533,Darkness - lights lit,504380,194050,-0.49315,E01023836,1,2,0,0,Wet or damp,Single carriageway,None,30,19:42:00,Urban,Fine no high winds,No,16 - 20,13,Data missing or out of range,NA,583,None,None,Other/Not known (2005-10),Not at or within 20 metres of junction,DUCATI,,Petrol,Male,Skidded,No tow/articulation,Did not leave carriageway,0,Slowing or stopping,1,Motorcycle over 500cc,No,Front,2010
20104100J0513,Unclassified,850,B,5378,Slight,None,05-09-2010,Sunday,1,Give way or uncontrolled,Roundabout,51.653817,Darkness - lights lit,519120,196410,-0.279455,E01023539,2,2,0,8,Dry,Single carriageway,None,30,22:03:00,Urban,Fine no high winds,No,16 - 20,13,Urban area,7,2295,None,None,Other/Not known (2005-10),Leaving roundabout,MERCEDES,E230 ELEGANCE A,Petrol,Male,None,No tow/articulation,Did not leave carriageway,0,Turning left,2,Car,No,Front,2010
201042I031101,Unclassified,0,NA,0,Slight,None,19-01-2010,Tuesday,1,Not at junction or within 20 metres,Not at junction or within 20 metres,51.647098,Darkness - lights lit,541890,196250,0.049426,E01021781,1,2,0,0,Dry,Unknown,None,30,22:56:00,Urban,Fine no high winds,No,16 - 20,13,Urban area,5,1299,None,None,Other/Not known (2005-10),Not at or within 20 metres of junction,FORD,KA3,Petrol,Male,None,No tow/articulation,Did not leave carriageway,0,Going ahead other,1,Car,No,Front,2010
201042I158005,A,132,Unclassified,0,Slight,None,22-05-2010,Saturday,1,Give way or uncontrolled,Roundabout,51.563534,Darkness - lights lit,573690,187940,0.504511,E01021316,1,1,0,0,Dry,Roundabout,None,30,22:36:00,Urban,Fine no high winds,No,16 - 20,13,Urban area,2,1242,None,Near/Offside crash barrier,Other/Not known (2005-10),Leaving roundabout,FORD,FIESTA FUSION,Petrol,Male,Skidded,No tow/articulation,Did not leave carriageway,0,Going ahead right-hand bend,1,Car,No,Front,2010
201042I198906,B,1016,NA,0,Slight,None,22-06-2010,Tuesday,1,Not at junction or within 20 metres,Not at junction or within 20 metres,51.528355,Darkness - lights lit,591380,184660,0.757649,E01015893,1,2,0,0,Dry,Single carriageway,None,30,21:45:00,Urban,Fine no high winds,No,16 - 20,13,Data missing or out of range,NA,1242,None,None,Other/Not known (2005-10),Not at or within 20 metres of junction,FORD,FIESTA CHICANE,Petrol,Male,None,No tow/articulation,Did not leave carriageway,0,Turning right,2,Taxi/Private hire car,No,Offside,2010
201043W214010,A,4,B,4494,Slight,None,29-01-2010,Friday,2,Auto traffic signal,Roundabout,51.407524,Darkness - lights lit,446730,167830,-1.329548,E01016310,1,2,0,4,Dry,Roundabout,None,40,22:31:00,Urban,Fine no high winds,No,16 - 20,13,Urban area,5,1587,None,None,Pupil riding to/from school,Approaching junction or waiting/parked at junction approach,PEUGEOT,306 XS,Petrol,Male,None,No tow/articulation,Did not leave carriageway,0,Going ahead other,1,Car,No,Front,2010
201045RE50840,A,25,Unclassified,0,Slight,None,30-04-2010,Friday,1,Auto traffic signal,Other junction,51.237336,Darkness - lights lit,526190,150240,-0.193757,E01030621,1,1,0,5,Wet or damp,Single carriageway,None,30,01:59:00,Urban,Fine no high winds,No,16 - 20,13,Urban area,10,1124,None,Road sign or traffic signal,Other/Not known (2005-10),Cleared junction or waiting/parked at junction exit,CITROEN,SAXO X,Petrol,Male,None,No tow/articulation,Nearside,0,Going ahead other,1,Car,No,Front,2010
201045RU55943,Motorway,25,NA,0,Slight,None,07-11-2010,Sunday,1,Data missing or out of range,Not at junction or within 20 metres,51.426163,Darkness - lights lit,501560,170700,-0.540611,E01030687,2,2,0,0,Dry,Dual carriageway,None,70,21:46:00,Rural,Fine no high winds,No,16 - 20,13,Urban area,3,1390,None,None,Other/Not known (2005-10),Not at or within 20 metres of junction,VOLKSWAGEN,POLO 1.4 CL,Petrol,Male,Skidded and overturned,No tow/articulation,Did not leave carriageway,0,Going ahead other,2,Car,No,Did not impact,2010
201045TA50788,A,22,NA,0,Slight,None,08-05-2010,Saturday,1,Data missing or out of range,Not at junction or within 20 metres,51.30391,Darkness - lights lit,534160,157850,-0.076802,E01030859,2,2,0,0,Wet or damp,Single carriageway,None,30,04:22:00,Urban,Fine no high winds,No,16 - 20,13,Urban area,7,1396,None,None,Other/Not known (2005-10),Not at or within 20 metres of junction,ROVER,214 SI,Petrol,Male,None,No tow/articulation,Did not leave carriageway,0,Going ahead other,1,Car,No,Front,2010
201050EL2T006,B,3413,Unclassified,0,Slight,None,22-02-2010,Monday,1,Give way or uncontrolled,T or staggered junction,50.402974,Darkness - lights lit,250710,58020,-4.102162,E01015068,2,2,0,0,Dry,Single carriageway,None,40,19:05:00,Rural,Fine no high winds,No,16 - 20,13,Data missing or out of range,NA,1298,None,None,Other/Not known (2005-10),Approaching junction or waiting/parked at junction approach,MITSUBISHI,COLT GLX,Petrol,Male,None,No tow/articulation,Did not leave carriageway,0,Going ahead other,2,Car,No,Front,2010
201050FB2D025,Unclassified,0,Unclassified,0,Slight,None,01-11-2010,Monday,1,Give way or uncontrolled,T or staggered junction,50.391243,Darkness - lights lit,292430,55700,-3.51468,E01015186,2,2,0,0,Dry,Single carriageway,None,30,18:07:00,Urban,Fine no high winds,No,16 - 20,13,Urban area,3,996,None,None,Other/Not known (2005-10),Approaching junction or waiting/parked at junction approach,HONDA,,Petrol,Male,Skidded,No tow/articulation,Did not leave carriageway,0,Going ahead other,1,Motorcycle over 500cc,No,Front,2010
201050JN2K014,Unclassified,0,NA,,Slight,None,13-07-2010,Tuesday,1,Give way or uncontrolled,Private drive or entrance,50.55526,Darkness - lights lit,286920,74060,-3.597718,E01020254,1,2,0,0,Wet or damp,Single carriageway,None,30,23:05:00,Urban,Fine no high winds,No,16 - 20,13,Data missing or out of range,NA,1396,None,None,Other/Not known (2005-10),Approaching junction or waiting/parked at junction approach,ROVER,214 SI,Petrol,Male,None,No tow/articulation,Did not leave carriageway,0,Turning right,2,Car,No,Offside,2010
201050JN2N036,A,381,Unclassified,0,Slight,None,15-11-2010,Monday,1,Give way or uncontrolled,Other junction,50.528765,Darkness - lights lit,285660,71140,-3.614601,E01020225,1,2,0,0,Dry,Single carriageway,None,30,17:23:00,Urban,Fine no high winds,No,16 - 20,13,Urban area,3,49,None,None,Other/Not known (2005-10),Mid Junction - on roundabout or on main road,SUZUKI,,Petrol,Male,None,No tow/articulation,Did not leave carriageway,0,Going ahead other,2,Motorcycle 50cc and under,No,Front,2010
201054EP38110,A,350,B,4158,Slight,None,22-10-2010,Friday,1,Give way or uncontrolled,Roundabout,51.478607,Darkness - lights lit,391170,175530,-2.128557,E01031891,1,2,0,0,Dry,Single carriageway,None,50,23:16:00,Urban,Fine no high winds,No,16 - 20,13,Rural,9,1896,None,None,Other/Not known (2005-10),Leaving roundabout,VOLKSWAGEN,GOLF CL TDI,Heavy oil,Male,Skidded,No tow/articulation,Did not leave carriageway,0,Going ahead other,1,Car,No,Front,2010
2010550D27617,Unclassified,0,A,352,Slight,None,30-06-2010,Wednesday,1,Auto traffic signal,Crossroads,50.943373,Darkness - lights lit,363300,116130,-2.523772,E01020545,2,2,0,0,Dry,Single carriageway,None,30,00:15:00,Rural,Fine no high winds,No,16 - 20,13,Rural,6,1587,None,Other permanent object,Other/Not known (2005-10),Mid Junction - on roundabout or on main road,CITROEN,SAXO VTR,Petrol,Male,None,No tow/articulation,Straight ahead at junction,0,Going ahead other,1,Car,No,Did not impact,2010
2010550D37511,Unclassified,0,NA,0,Slight,None,28-08-2010,Saturday,1,Not at junction or within 20 metres,Not at junction or within 20 metres,50.626754,Darkness - lights lit,382710,80820,-2.245827,E01020489,1,1,0,0,Dry,Single carriageway,None,30,01:00:00,Rural,Fine no high winds,No,16 - 20,13,Rural,5,1390,None,None,Other/Not known (2005-10),Not at or within 20 metres of junction,VOLKSWAGEN,POLO 1.4 CL,Petrol,Male,None,No tow/articulation,Did not leave carriageway,0,Moving off,1,Car,No,Nearside,2010
2010550D56022,Unclassified,0,Unclassified,0,Slight,None,23-12-2010,Thursday,1,Give way or uncontrolled,T or staggered junction,50.61086,Darkness - lights lit,366720,79130,-2.471735,E01020577,1,2,0,0,Wet or damp,Single carriageway,None,30,18:30:00,Urban,Fine no high winds,No,16 - 20,13,Small town,3,125,None,None,Other/Not known (2005-10),Approaching junction or waiting/parked at junction approach,APRILIA,,Petrol,Male,None,No tow/articulation,Did not leave carriageway,0,Going ahead other,2,Motorcycle 125cc and under,No,Front,2010
201060L037168,B,5425,Unclassified,0,Slight,None,04-03-2010,Thursday,1,Give way or uncontrolled,T or staggered junction,53.05805,Darkness - lights lit,333030,351670,-3.000713,W01000422,2,3,0,0,Dry,Single carriageway,None,30,20:20:00,Urban,Fine no high winds,No,16 - 20,13,Urban area,NA,1598,None,None,Other/Not known (2005-10),Approaching junction or waiting/parked at junction approach,VOLKSWAGEN,POLO 1.6 CL,Petrol,Male,None,No tow/articulation,Did not leave carriageway,0,Going ahead other,2,Car,No,Front,2010
201060L080445,A,5119,NA,0,Slight,None,09-05-2010,Sunday,1,Data missing or out of range,Not at junction or within 20 metres,53.176052,Darkness - lights lit,324270,364930,-3.134528,W01000315,1,1,0,0,Dry,Single carriageway,None,40,04:03:00,Rural,Fine no high winds,No,16 - 20,13,Urban area,NA,1389,None,Other permanent object,Other/Not known (2005-10),Not at or within 20 metres of junction,VAUXHALL,CORSA SPORT 1.4I,Petrol,Male,Skidded and overturned,No tow/articulation,Offside,0,Going ahead right-hand bend,1,Car,No,Front,2010
201001PL60445,Unclassified,0,NA,0,Slight,None,10-07-2010,Saturday,1,Data missing or out of range,Not at junction or within 20 metres,51.426203,Darkness - lights lit,535740,171500,-0.048942,E01003327,1,1,0,0,Dry,Single carriageway,None,30,03:20:00,Urban,Fine no high winds,No,16 - 20,13,Urban area,2,1390,Kerb,Other permanent object,Other/Not known (2005-10),Not at or within 20 metres of junction,VOLKSWAGEN,POLO 1.4 CL,Petrol,Male,None,No tow/articulation,Offside,0,Going ahead other,1,Car,No,Front,2010
201001TW60356,A,316,A,316,Slight,None,27-10-2010,Wednesday,1,Auto traffic signal,T or staggered junction,51.469329,Darkness - lights lit,519850,175900,-0.275894,E01003850,2,2,0,5,Dry,Dual carriageway,None,30,19:11:00,Urban,Fine no high winds,No,16 - 20,13,Urban area,7,1196,None,None,Other/Not known (2005-10),Cleared junction or waiting/parked at junction exit,VAUXHALL,CORSA LS,Petrol,Male,None,No tow/articulation,Did not leave carriageway,0,Slowing or stopping,1,Car,No,Front,2010
201001TX20186,A,4,Unclassified,0,Slight,None,21-03-2010,Sunday,1,Give way or uncontrolled,T or staggered junction,51.481137,Darkness - lights lit,509940,176990,-0.418171,E01002443,1,1,0,0,Dry,Dual carriageway,None,40,20:54:00,Urban,Fine no high winds,No,16 - 20,13,Urban area,3,999,None,Central crash barrier,Other/Not known (2005-10),Approaching junction or waiting/parked at junction approach,VOLKSWAGEN,POLO 1.0 L,Petrol,Male,None,No tow/articulation,Offside on to central reservation,0,Going ahead other,1,Car,No,Front,2010
201001XH30244,A,4020,C,0,Slight,None,13-04-2010,Tuesday,1,Auto traffic signal,T or staggered junction,51.530185,Darkness - lights lit,507750,182400,-0.448045,E01002410,2,2,0,5,Dry,Dual carriageway,Auto signal part defective,40,00:02:00,Urban,Fine no high winds,No,16 - 20,13,Urban area,2,1360,None,None,Other/Not known (2005-10),Mid Junction - on roundabout or on main road,CITROEN,SAXO SX,Petrol,Male,None,No tow/articulation,Did not leave carriageway,0,Turning right,2,Car,No,Front,2010
201001YE80709,A,1010,Unclassified,0,Slight,None,11-10-2010,Monday,1,Give way or uncontrolled,T or staggered junction,51.669868,Darkness - lights lit,535550,198610,-0.041236,E01001547,1,2,0,0,Dry,Single carriageway,None,30,01:15:00,Urban,Fine no high winds,No,16 - 20,13,Urban area,1,1493,None,None,Other/Not known (2005-10),Mid Junction - on roundabout or on main road,HONDA,CIVIC 1.5I LS,Petrol,Male,None,No tow/articulation,Did not leave carriageway,0,Going ahead other,2,Car,No,Nearside,2010
201004AM10186,A,584,Unclassified,0,Slight,None,29-10-2010,Friday,1,Auto traffic signal,T or staggered junction,53.795399,Darkness - lights lit,330520,433750,-3.056289,E01012752,1,1,0,5,Wet or damp,Single carriageway,None,30,21:50:00,Urban,Fine no high winds,No,16 - 20,13,Urban area,1,49,None,None,Other/Not known (2005-10),Approaching junction or waiting/parked at junction approach,PEUGEOT,SPEEDFIGHT,Petrol,Male,None,No tow/articulation,Did not leave carriageway,0,Going ahead other,1,Motorcycle 50cc and under,No,Did not impact,2010
201004EA10315,A,666,Unclassified,0,Slight,None,29-12-2010,Wednesday,1,Give way or uncontrolled,T or staggered junction,53.759219,Darkness - lights lit,369070,429310,-2.470634,E01012578,3,2,0,0,Wet or damp,Single carriageway,None,30,22:40:00,Urban,Fine no high winds,No,16 - 20,13,Urban area,5,1195,None,None,Other/Not known (2005-10),Mid Junction - on roundabout or on main road,VAUXHALL,CORSA GLS 1.2I,Petrol,Male,None,No tow/articulation,Did not leave carriageway,0,Turning right,1,Car,No,Did not impact,2010
201005AA03540,Unclassified,0,Unclassified,0,Slight,None,02-06-2010,Wednesday,1,Give way or uncontrolled,T or staggered junction,53.404048,Darkness - lights lit,323590,390310,-3.150813,E01007199,1,1,0,0,Dry,Single carriageway,None,30,00:20:00,Urban,Fine no high winds,No,16 - 20,13,Urban area,9,1389,Kerb,None,Other/Not known (2005-10),Mid Junction - on roundabout or on main road,VAUXHALL,CORSA SPORT 1.4I,Petrol,Male,Skidded,No tow/articulation,Offside,0,Going ahead left-hand bend,1,Car,No,Offside,2010
201006G028267,B,6194,Unclassified,0,Slight,None,17-02-2010,Wednesday,1,Give way or uncontrolled,Private drive or entrance,53.501521,Darkness - lights lit,394920,400540,-2.07806,E01005938,1,2,0,0,Dry,Single carriageway,None,30,17:07:00,Urban,Fine no high winds,No,16 - 20,13,Urban area,1,998,None,None,Other/Not known (2005-10),Mid Junction - on roundabout or on main road,NISSAN,MICRA SHAPE,Petrol,Male,Skidded,No tow/articulation,Did not leave carriageway,0,Going ahead other,2,Car,No,Nearside,2010
201006K028252,A,579,Unclassified,0,Slight,None,19-02-2010,Friday,1,Give way or uncontrolled,T or staggered junction,53.566969,Darkness - lights lit,370710,407910,-2.443734,E01004851,1,3,0,0,Frost or ice,Single carriageway,None,30,20:10:00,Urban,Fine no high winds,No,16 - 20,13,Urban area,2,1997,None,None,Other/Not known (2005-10),Approaching junction or waiting/parked at junction approach,HONDA,PRELUDE 2.0I AUTO,Petrol,Male,Skidded,No tow/articulation,Did not leave carriageway,2,Overtaking - nearside,2,Car,No,Front,2010
201006P035657,Unclassified,0,NA,0,Slight,None,04-09-2010,Saturday,1,Data missing or out of range,Not at junction or within 20 metres,53.554581,Darkness - lights lit,386420,406460,-2.206464,E01005529,2,3,0,0,Dry,Single carriageway,None,30,23:19:00,Urban,Fine no high winds,No,16 - 20,13,Data missing or out of range,NA,1998,Parked vehicle,None,Other/Not known (2005-10),Not at or within 20 metres of junction,PEUGEOT,306 XSI,Petrol,Male,Skidded,No tow/articulation,Did not leave carriageway,0,Going ahead left-hand bend,1,Car,No,Front,2010
201006P038220,A,58,Unclassified,0,Slight,None,19-10-2010,Tuesday,1,Give way or uncontrolled,T or staggered junction,53.591131,Darkness - lights lit,382320,410540,-2.268584,E01005514,2,3,0,0,Wet or damp,Single carriageway,None,30,19:05:00,Urban,Fine no high winds,No,16 - 20,13,Urban area,6,1196,None,None,Other/Not known (2005-10),Approaching junction or waiting/parked at junction approach,VAUXHALL,CORSA BREEZE,Petrol,Male,None,No tow/articulation,Did not leave carriageway,0,Waiting to go - held up,2,Car,No,Back,2010
201006X029497,Motorway,60,NA,0,Slight,None,24-03-2010,Wednesday,1,Data missing or out of range,Not at junction or within 20 metres,53.495537,Darkness - lights lit,374630,399940,-2.383898,E01005738,6,2,0,0,Wet or damp,Dual carriageway,None,70,18:27:00,Urban,Fine no high winds,No,16 - 20,13,Data missing or out of range,NA,1124,None,None,Other/Not known (2005-10),Not at or within 20 metres of junction,PEUGEOT,106 XL INDEPENDENCE,Petrol,Male,None,No tow/articulation,Did not leave carriageway,0,Going ahead other,2,Car,No,Front,2010
201014A168810,Unclassified,0,NA,0,Slight,None,25-10-2010,Monday,1,Not at junction or within 20 metres,Not at junction or within 20 metres,53.547634,Darkness - lights lit,456140,406000,-1.154182,E01007510,2,1,0,0,Dry,Single carriageway,None,30,00:10:00,Urban,Fine no high winds,No,16 - 20,13,Small town,6,1599,None,Other permanent object,Other/Not known (2005-10),Not at or within 20 metres of junction,HYUNDAI,LANTRA 1.6 LSI,Petrol,Male,None,No tow/articulation,Nearside,0,Going ahead other,1,Car,No,Front,2010
2010160D00301,Unclassified,0,NA,0,Slight,None,02-02-2010,Tuesday,1,Data missing or out of range,Not at junction or within 20 metres,53.75493,Darkness - lights lit,511710,430060,-0.307152,E01012805,2,2,0,0,Wet or damp,Single carriageway,None,20,18:32:00,Urban,Fine no high winds,No,16 - 20,13,Urban area,1,1120,None,None,Other/Not known (2005-10),Not at or within 20 metres of junction,ROVER,100 ASCOT,Petrol,Male,None,No tow/articulation,Did not leave carriageway,0,Reversing,1,Car,No,Back,2010
201020J007540,A,4100,A,461,Slight,None,16-08-2010,Monday,1,Auto traffic signal,Crossroads,52.480024,Darkness - lights lit,391920,286910,-2.120413,E01009741,1,2,0,5,Dry,Single carriageway,None,30,00:50:00,Urban,Fine no high winds,No,16 - 20,13,Urban area,3,125,None,None,Other/Not known (2005-10),Approaching junction or waiting/parked at junction approach,APRILIA,,Petrol,Male,None,No tow/articulation,Did not leave carriageway,0,Waiting to turn left,2,Motorcycle 125cc and under,No,Back,2010
201022D000934,Unclassified,0,NA,0,Slight,None,21-02-2010,Sunday,2,Data missing or out of range,Not at junction or within 20 metres,52.324268,Darkness - lights lit,395840,269580,-2.062473,E01032130,1,2,0,0,Frost or ice,Single carriageway,None,30,00:05:00,Urban,Fine no high winds,No,16 - 20,13,Urban area,3,1975,Parked vehicle,None,Other/Not known (2005-10),Not at or within 20 metres of junction,HYUNDAI,COUPE,Petrol,Male,None,No tow/articulation,Did not leave carriageway,0,Overtaking moving vehicle - offside,1,Car,No,Offside,2010
201030C000310,Unclassified,0,NA,0,Slight,None,31-05-2010,Monday,1,Data missing or out of range,Not at junction or within 20 metres,53.254002,Darkness - lights lit,437840,373150,-1.434286,E01019569,3,2,0,0,Dry,Single carriageway,None,30,21:50:00,Urban,Fine no high winds,No,16 - 20,13,Urban area,8,998,None,None,Journey as part of work,Not at or within 20 metres of junction,NISSAN,MICRA SHAPE,Petrol,Male,None,No tow/articulation,Did not leave carriageway,0,Moving off,2,Car,No,Back,2010
201030M010060,Motorway,1,NA,0,Slight,Other object on road,16-07-2010,Friday,1,Data missing or out of range,Not at junction or within 20 metres,53.094326,Darkness - lights lit,446320,355460,-1.309747,E01019500,1,4,0,0,Dry,Dual carriageway,None,70,23:45:00,Rural,Fine no high winds,No,16 - 20,13,Urban area,6,1985,None,Near/Offside crash barrier,Other/Not known (2005-10),Not at or within 20 metres of junction,SAAB,900 S,Petrol,Male,None,No tow/articulation,Nearside,0,Going ahead other,1,Car,No,Front,2010
20103102A0622,B,6139,NA,0,Slight,None,25-02-2010,Thursday,1,Data missing or out of range,Not at junction or within 20 metres,53.117358,Darkness - lights lit,451950,358080,-1.225257,E01027973,4,3,0,0,Wet or damp,Single carriageway,None,60,19:30:00,Rural,Fine no high winds,No,16 - 20,13,Urban area,2,1391,None,None,Other/Not known (2005-10),Not at or within 20 metres of junction,FORD,ESCORT ENCORE,Petrol,Male,None,No tow/articulation,Did not leave carriageway,0,Overtaking moving vehicle - offside,1,Car,No,Front,2010
20103102C1659,A,610,C,183,Slight,None,25-07-2010,Sunday,2,Auto traffic signal,Crossroads,52.961471,Darkness - lights lit,455810,340780,-1.170579,E01013814,1,2,0,5,Dry,Single carriageway,None,30,21:00:00,Urban,Fine no high winds,No,16 - 20,13,Urban area,6,1360,None,None,Other/Not known (2005-10),Approaching junction or waiting/parked at junction approach,PEUGEOT,306 XL,Petrol,Male,None,No tow/articulation,Did not leave carriageway,0,Going ahead other,2,Car,No,Front,2010
20103102C2259,A,60,A,6008,Slight,None,18-09-2010,Saturday,1,Give way or uncontrolled,T or staggered junction,52.955066,Darkness - lights lit,457730,340090,-1.142121,E01013869,3,2,0,4,Dry,Single carriageway,Roadworks,30,21:35:00,Urban,Fine no high winds,No,16 - 20,13,Urban area,1,1587,None,None,Other/Not known (2005-10),Cleared junction or waiting/parked at junction exit,PEUGEOT,106 XS,Petrol,Male,Skidded,No tow/articulation,Did not leave carriageway,0,Going ahead other,2,Car,No,Front,2010
201043N099110,A,412,A,4007,Slight,None,04-06-2020,Monday,1,Give way or uncontrolled,Roundabout,26.46173555,Darkness - lights lit,502090,182880,74.65514082,E01017825,1,2,0,0,Wet or damp,Roundabout,None,30,06:40:00,Rural,Fine no high winds,No,16 - 20,13,Small town,6,1299,None,None,Journey as part of work,Entering roundabout,FORD,KA,Petrol,Female,None,No tow/articulation,Did not leave carriageway,0,Moving off,1,Car,No,Front,2020
201043N196100,A,4094,NA,0,Slight,None,13-11-2020,Wednesday,1,Data missing or out of range,Not at junction or within 20 metres,28.70495723,Darkness - lights lit,490510,190460,77.08039285,E01017939,1,2,0,0,Dry,Single carriageway,None,40,19:52:00,Urban,Fine no high winds,No,16 - 20,13,Urban area,10,1388,None,None,Other/Not known (2005-10),Not at or within 20 metres of junction,FORD,FIESTA SI,Petrol,Female,None,No tow/articulation,Did not leave carriageway,0,Going ahead left-hand bend,2,Car,No,Front,2020
201043W065020,A,339,NA,0,Slight,None,04-09-2019,Tuesday,1,Data missing or out of range,Not at junction or within 20 metres,28.56707262,Darkness - lights lit,447440,166170,77.26822715,E01016320,1,2,0,0,Dry,Dual carriageway,None,50,22:10:00,Urban,Fine no high winds,No,16 - 20,13,Urban area,7,1299,None,None,Other/Not known (2005-10),Not at or within 20 metres of junction,FORD,KA 2,Petrol,Female,Skidded,No tow/articulation,Nearside,0,Going ahead other,2,Car,No,Front,2020
201042I083603,Unclassified,0,NA,0,Slight,None,09-12-2020,Sunday,1,Not at junction or within 20 metres,Not at junction or within 20 metres,25.25494561,Darkness - lights lit,582930,188560,72.14731989,E01015816,1,2,0,0,Dry,Single carriageway,None,30,18:25:00,Urban,Fine no high winds,No,16 - 20,13,Data missing or out of range,NA,1242,None,None,Other/Not known (2005-10),Not at or within 20 metres of junction,FORD,FIESTA GHIA 16V,Petrol,Female,None,No tow/articulation,Did not leave carriageway,0,Going ahead other,1,Car,No,Front,2021
201045RE49798,Unclassified,1270,Unclassified,1270,Slight,None,03-03-2020,Sunday,1,Give way or uncontrolled,Private drive or entrance,27.10064572,Darkness - lights lit,527740,149200,93.61143911,E01030574,1,2,0,0,Dry,Single carriageway,None,30,18:54:00,Urban,Fine no high winds,No,16 - 20,13,Urban area,9,1389,None,None,Other/Not known (2005-10),Approaching junction or waiting/parked at junction approach,VAUXHALL,CORSA BREEZE HI-TORQ,Petrol,Female,None,No tow/articulation,Did not leave carriageway,0,Going ahead other,2,Car,No,Back,2019
201043N058100,Motorway,40,NA,0,Slight,None,04-08-2019,Sunday,1,Data missing or out of range,Not at junction or within 20 metres,27.09467488,Darkness - lights lit,482670,191580,93.6196764,E01017843,1,2,0,0,Dry,Dual carriageway,None,70,00:18:00,Rural,Fine no high winds,No,16 - 20,13,Urban area,7,3960,None,None,Other/Not known (2005-10),Not at or within 20 metres of junction,JEEP,CHEROKEE SPORT AUTO,Petrol,Female,None,No tow/articulation,Did not leave carriageway,0,Going ahead other,2,Car,No,Front,2019
201001FH10189,A,217,C,0,Slight,None,20-03-2010,Saturday,2,Auto traffic signal,Crossroads,51.46659,Darkness - lights lit,525850,175740,-0.189613,E01001938,1,2,0,5,Dry,Single carriageway,None,30,01:45:00,Urban,Fine no high winds,No,16 - 20,13,Urban area,7,2793,None,None,Other/Not known (2005-10),Mid Junction - on roundabout or on main road,BMW,328I SE AUTO,Petrol,Female,None,No tow/articulation,Did not leave carriageway,0,Waiting to go - held up,1,Car,No,Front,2010
201001KF60078,A,124,Unclassified,0,Slight,None,14-02-2010,Sunday,1,Give way or uncontrolled,T or staggered junction,51.53061,Darkness - lights lit,541660,183280,0.040873,E01003493,1,2,0,1,Dry,Single carriageway,None,30,18:04:00,Urban,Fine no high winds,No,16 - 20,13,Urban area,2,1242,None,None,Other/Not known (2005-10),Mid Junction - on roundabout or on main road,FIAT,PUNTO SX 75,Petrol,Female,None,No tow/articulation,Did not leave carriageway,2,Going ahead other,1,Car,No,Nearside,2010
201001PL60430,A,21,A,2218,Slight,None,05-07-2010,Monday,1,Auto traffic signal,Crossroads,51.42848,Darkness - lights lit,538220,171820,-0.013168,E01003352,1,2,0,5,Dry,Dual carriageway,None,30,00:43:00,Urban,Fine no high winds,No,16 - 20,13,Urban area,8,1389,None,None,Other/Not known (2005-10),Mid Junction - on roundabout or on main road,VAUXHALL,CORSA BREEZE HI-TORQ,Petrol,Female,None,No tow/articulation,Did not leave carriageway,0,Going ahead other,1,Car,No,Front,2010