Accident_Index,1st_Road_Class,1st_Road_Number,2nd_Road_Class,2nd_Road_Number,Accident_Severity,Carriageway_Hazards,Date,Day_of_Week,Did_Police_Officer_Attend_Scene_of_Accident,Junction_Control,Junction_Detail,Latitude,Light_Conditions,Location_Easting_OSGR,Location_Northing_OSGR,Longitude,LSOA_of_Accident_Location,Number_of_Casualties,Number_of_Vehicles,Pedestrian_Crossing-Human_Control,Pedestrian_Crossing-Physical_Facilities,Road_Surface_Conditions,Road_Type,Special_Conditions_at_Site,Speed_limit,Time,Urban_or_Rural_Area,Weather_Conditions,InScotland,Age_Band_of_Driver,Age_of_Vehicle,Driver_Home_Area_Type,Driver_IMD_Decile,Engine_Capacity_.CC.,Hit_Object_in_Carriageway,Hit_Object_off_Carriageway,Journey_Purpose_of_Driver,Junction_Location,make,model,Propulsion_Code,Sex_of_Driver,Skidding_and_Overturning,Towing_and_Articulation,Vehicle_Leaving_Carriageway,Vehicle_Location.Restricted_Lane,Vehicle_Manoeuvre,Vehicle_Reference,Vehicle_Type,Was_Vehicle_Left_Hand_Drive,X1st_Point_of_Impact,Year
201042I083603,Unclassified,0,NA,0,Slight,None,21-03-2010,Sunday,1,Not at junction or within 20 metres,Not at junction or within 20 metres,51.566184,Darkness - lights lit,582930,188560,0.637996,E01015816,1,2,0,0,Dry,Single carriageway,None,30,18:25:00,Urban,Fine no high winds,No,16 - 20,13,Data missing or out of range,NA,1242,None,None,Other/Not known (2005-10),Not at or within 20 metres of junction,FORD,FIESTA GHIA 16V,Petrol,Female,None,No tow/articulation,Did not leave carriageway,0,Going ahead other,1,Car,No,Front,2010
201043N058100,Motorway,40,NA,0,Slight,None,10-10-2010,Sunday,1,Data missing or out of range,Not at junction or within 20 metres,51.616935,Darkness - lights lit,482670,191580,-0.807353,E01017843,1,2,0,0,Dry,Dual carriageway,None,70,00:18:00,Rural,Fine no high winds,No,16 - 20,13,Urban area,7,3960,None,None,Other/Not known (2005-10),Not at or within 20 metres of junction,JEEP,CHEROKEE SPORT AUTO,Petrol,Female,None,No tow/articulation,Did not leave carriageway,0,Going ahead other,2,Car,No,Front,2010
201043N099110,A,412,A,4007,Slight,None,15-11-2010,Monday,1,Give way or uncontrolled,Roundabout,51.53555,Darkness - lights lit,502090,182880,-0.529473,E01017825,1,2,0,0,Wet or damp,Roundabout,None,30,06:40:00,Rural,Fine no high winds,No,16 - 20,13,Small town,6,1299,None,None,Journey as part of work,Entering roundabout,FORD,KA,Petrol,Female,None,No tow/articulation,Did not leave carriageway,0,Moving off,1,Car,No,Front,2010
201043N196100,A,4094,NA,0,Slight,None,20-10-2010,Wednesday,1,Data missing or out of range,Not at junction or within 20 metres,51.605662,Darkness - lights lit,490510,190460,-0.694434,E01017939,1,2,0,0,Dry,Single carriageway,None,40,19:52:00,Urban,Fine no high winds,No,16 - 20,13,Urban area,10,1388,None,None,Other/Not known (2005-10),Not at or within 20 metres of junction,FORD,FIESTA SI,Petrol,Female,None,No tow/articulation,Did not leave carriageway,0,Going ahead left-hand bend,2,Car,No,Front,2010
201043W065020,A,339,NA,0,Slight,None,09-02-2010,Tuesday,1,Data missing or out of range,Not at junction or within 20 metres,51.392539,Darkness - lights lit,447440,166170,-1.319562,E01016320,1,2,0,0,Dry,Dual carriageway,None,50,22:10:00,Urban,Fine no high winds,No,16 - 20,13,Urban area,7,1299,None,None,Other/Not known (2005-10),Not at or within 20 metres of junction,FORD,KA 2,Petrol,Female,Skidded,No tow/articulation,Nearside,0,Going ahead other,2,Car,No,Front,2010
201045RE49798,Unclassified,1270,Unclassified,1270,Slight,None,07-03-2010,Sunday,1,Give way or uncontrolled,Private drive or entrance,51.227644,Darkness - lights lit,527740,149200,-0.171936,E01030574,1,2,0,0,Dry,Single carriageway,None,30,18:54:00,Urban,Fine no high winds,No,16 - 20,13,Urban area,9,1389,None,None,Other/Not known (2005-10),Approaching junction or waiting/parked at junction approach,VAUXHALL,CORSA BREEZE HI-TORQ,Petrol,Female,None,No tow/articulation,Did not leave carriageway,0,Going ahead other,2,Car,No,Back,2010
201001FH10189,A,217,C,0,Slight,None,20-03-2010,Saturday,2,Auto traffic signal,Crossroads,51.46659,Darkness - lights lit,525850,175740,-0.189613,E01001938,1,2,0,5,Dry,Single carriageway,None,30,01:45:00,Urban,Fine no high winds,No,16 - 20,13,Urban area,7,2793,None,None,Other/Not known (2005-10),Mid Junction - on roundabout or on main road,BMW,328I SE AUTO,Petrol,Female,None,No tow/articulation,Did not leave carriageway,0,Waiting to go - held up,1,Car,No,Front,2010
201001KF60078,A,124,Unclassified,0,Slight,None,14-02-2010,Sunday,1,Give way or uncontrolled,T or staggered junction,51.53061,Darkness - lights lit,541660,183280,0.040873,E01003493,1,2,0,1,Dry,Single carriageway,None,30,18:04:00,Urban,Fine no high winds,No,16 - 20,13,Urban area,2,1242,None,None,Other/Not known (2005-10),Mid Junction - on roundabout or on main road,FIAT,PUNTO SX 75,Petrol,Female,None,No tow/articulation,Did not leave carriageway,2,Going ahead other,1,Car,No,Nearside,2010
201001PL60430,A,21,A,2218,Slight,None,05-07-2010,Monday,1,Auto traffic signal,Crossroads,51.42848,Darkness - lights lit,538220,171820,-0.013168,E01003352,1,2,0,5,Dry,Dual carriageway,None,30,00:43:00,Urban,Fine no high winds,No,16 - 20,13,Urban area,8,1389,None,None,Other/Not known (2005-10),Mid Junction - on roundabout or on main road,VAUXHALL,CORSA BREEZE HI-TORQ,Petrol,Female,None,No tow/articulation,Did not leave carriageway,0,Going ahead other,1,Car,No,Front,2010
201005AA01423,B,5136,B,5172,Slight,None,29-01-2010,Friday,1,Auto traffic signal,Crossroads,53.372804,Darkness - lights lit,333080,386690,-3.007324,E01007290,3,2,0,5,Wet or damp,Single carriageway,None,30,17:58:00,Urban,Fine no high winds,No,16 - 20,13,Data missing or out of range,NA,1108,None,None,Other/Not known (2005-10),Mid Junction - on roundabout or on main road,FIAT,PUNTO 55 S,Petrol,Female,None,No tow/articulation,Did not leave carriageway,0,Turning right,1,Car,No,Front,2010
201006F029408,A,6041,A,6042,Slight,None,22-03-2010,Monday,1,Auto traffic signal,Crossroads,53.486717,Darkness - lights lit,383280,398920,-2.253456,E01005606,4,2,0,5,Wet or damp,Dual carriageway,None,30,23:45:00,Urban,Fine no high winds,No,16 - 20,13,Urban area,2,1390,None,None,Other/Not known (2005-10),Mid Junction - on roundabout or on main road,VOLKSWAGEN,POLO 1.4 CL,Petrol,Female,None,No tow/articulation,Did not leave carriageway,0,Going ahead other,2,Car,No,Front,2010
201006F038665,A,666,A,6,Slight,None,02-11-2010,Tuesday,2,Give way or uncontrolled,Roundabout,53.502942,Darkness - lights lit,379520,400740,-2.310241,E01005675,2,2,0,0,Dry,Single carriageway,None,30,19:40:00,Urban,Fine no high winds,No,16 - 20,13,Urban area,5,999,None,None,Other/Not known (2005-10),Entering roundabout,VOLKSWAGEN,POLO 1.0 L,Petrol,Female,None,No tow/articulation,Did not leave carriageway,0,Waiting to go - held up,2,Car,No,Front,2010
201006FA29277,A,665,Unclassified,0,Slight,None,14-03-2010,Sunday,1,Give way or uncontrolled,T or staggered junction,53.516741,Darkness - lights lit,383380,402260,-2.252127,E01005646,2,2,0,0,Dry,Single carriageway,None,30,22:33:00,Urban,Fine no high winds,No,16 - 20,13,Urban area,4,1597,None,None,Other/Not known (2005-10),Leaving main road,NISSAN,ALMERA 1.6 SLX AUTO,Petrol,Female,None,No tow/articulation,Did not leave carriageway,2,Going ahead other,1,Car,No,Offside,2010
201006L039048,A,49,A,49,Slight,None,18-11-2010,Thursday,1,Auto traffic signal,T or staggered junction,53.54132,Darkness - lights lit,358290,405150,-2.630887,E01006349,1,2,0,5,Wet or damp,Dual carriageway,None,30,18:00:00,Urban,Fine no high winds,No,16 - 20,13,Urban area,2,1299,None,None,Other/Not known (2005-10),Mid Junction - on roundabout or on main road,FORD,KA,Petrol,Female,None,No tow/articulation,Did not leave carriageway,0,Going ahead other,1,Car,No,Front,2010
201011NI17920,Unclassified,0,Unclassified,0,Slight,None,23-07-2010,Friday,1,Give way or uncontrolled,Crossroads,54.861285,Darkness - lights lit,409080,551840,-1.860067,E01020630,2,2,0,0,Dry,Single carriageway,None,30,23:45:00,Urban,Fine no high winds,No,16 - 20,13,Small town,6,1390,None,None,Other/Not known (2005-10),Mid Junction - on roundabout or on main road,VOLKSWAGEN,POLO 1.4 CL,Petrol,Female,Skidded,No tow/articulation,Did not leave carriageway,0,Turning left,1,Car,No,Front,2010
2010170S13220,A,66,Unclassified,0,Slight,None,15-12-2010,Wednesday,1,Give way or uncontrolled,Slip road,54.560682,Darkness - lights lit,446670,518620,-1.279799,E01012289,1,2,0,0,Wet or damp,Slip road,None,50,16:15:00,Urban,Fine no high winds,No,16 - 20,13,Urban area,8,1299,None,None,Other/Not known (2005-10),Approaching junction or waiting/parked at junction approach,FORD,KA,Petrol,Female,None,No tow/articulation,Did not leave carriageway,0,Going ahead other,2,Car,No,Front,2010
201030D000190,Unclassified,0,NA,0,Slight,None,05-03-2010,Friday,1,Data missing or out of range,Not at junction or within 20 metres,52.867755,Darkness - lights lit,429110,330120,-1.569012,E01019839,1,2,0,0,Frost or ice,Dual carriageway,None,30,23:30:00,Rural,Fine no high winds,No,16 - 20,13,Urban area,1,1299,None,None,Other/Not known (2005-10),Not at or within 20 metres of junction,FORD,KA3,Petrol,Female,None,No tow/articulation,Did not leave carriageway,0,Going ahead other,2,Car,No,Nearside,2010
2010400C00941,Unclassified,0,Unclassified,0,Slight,None,17-04-2020,Friday,1,Give way or uncontrolled,Private drive or entrance,28.42665096,Darkness - lights lit,503740,223100,77.1046272,E01015761,2,2,0,0,Wet or damp,Single carriageway,None,30,19:30:00,Urban,Other,No,16 - 20,13,Urban area,3,1242,None,None,Other/Not known (2005-10),Approaching junction or waiting/parked at junction approach,FORD,FIESTA SI,Petrol,Male,None,No tow/articulation,Did not leave carriageway,0,Waiting to turn right,2,Car,No,Back,2019
201054ES01410,A,36,NA,0,Slight,None,19-12-2020,Monday,1,Not at junction or within 20 metres,Not at junction or within 20 metres,28.6816736,Darkness - lights lit,411710,131080,77.10002186,E01032001,1,2,0,0,Frost or ice,Single carriageway,None,50,19:55:00,Urban,Other,No,16 - 20,13,Data missing or out of range,NA,1360,None,Other permanent object,Other/Not known (2005-10),Not at or within 20 metres of junction,CITROEN,SAXO SX,Petrol,Male,Skidded,No tow/articulation,Nearside and rebounded,0,Going ahead other,2,Car,No,Front,2021
2010400C00941,Unclassified,0,Unclassified,0,Slight,None,26-03-2010,Friday,1,Give way or uncontrolled,Private drive or entrance,51.896757,Darkness - lights lit,503740,223100,-0.493727,E01015761,2,2,0,0,Wet or damp,Single carriageway,None,30,19:30:00,Urban,Other,No,16 - 20,13,Urban area,3,1242,None,None,Other/Not known (2005-10),Approaching junction or waiting/parked at junction approach,FORD,FIESTA SI,Petrol,Male,None,No tow/articulation,Did not leave carriageway,0,Waiting to turn right,2,Car,No,Back,2010
201054ES01410,A,36,NA,0,Slight,None,11-01-2010,Monday,1,Not at junction or within 20 metres,Not at junction or within 20 metres,51.078866,Darkness - lights lit,411710,131080,-1.834232,E01032001,1,2,0,0,Frost or ice,Single carriageway,None,50,19:55:00,Urban,Other,No,16 - 20,13,Data missing or out of range,NA,1360,None,Other permanent object,Other/Not known (2005-10),Not at or within 20 metres of junction,CITROEN,SAXO SX,Petrol,Male,Skidded,No tow/articulation,Nearside and rebounded,0,Going ahead other,2,Car,No,Front,2010
201060L211761,A,5152,Unclassified,0,Slight,None,14-11-2010,Sunday,1,Give way or uncontrolled,Roundabout,53.04412,Darkness - lights lit,333760,350110,-2.989501,W01000421,2,2,0,0,Wet or damp,Roundabout,None,30,17:10:00,Urban,Other,No,16 - 20,13,Rural,6,1396,None,None,Other/Not known (2005-10),Entering roundabout,HONDA,CIVIC 1.4I TORNADO,Petrol,Male,Skidded,No tow/articulation,Did not leave carriageway,0,Going ahead other,1,Car,No,Front,2010
201020L011460,Unclassified,0,Unclassified,0,Slight,None,22-11-2010,Monday,1,Give way or uncontrolled,Roundabout,52.480959,Darkness - lights lit,418040,287040,-1.735805,E01010125,1,2,0,0,Wet or damp,Dual carriageway,None,30,17:02:00,Urban,Other,No,16 - 20,13,Urban area,4,499,None,None,Other/Not known (2005-10),Entering roundabout,HONDA,CB 500,Petrol,Male,Skidded,No tow/articulation,Did not leave carriageway,0,Slowing or stopping,1,Motorcycle over 125cc and up to 500cc,No,Front,2010
2010170M12900,A,66,NA,0,Slight,None,11-11-2010,Thursday,1,Data missing or out of range,Not at junction or within 20 metres,54.56223,Darkness - lights lit,447420,518800,-1.268173,E01012013,1,1,0,0,Wet or damp,Slip road,None,50,22:33:00,Urban,Raining + high winds,No,16 - 20,13,Small town,5,1527,Kerb,Near/Offside crash barrier,Other/Not known (2005-10),Not at or within 20 metres of junction,PEUGEOT,106 XLD,Heavy oil,Male,Skidded,No tow/articulation,Nearside,0,Going ahead right-hand bend,1,Car,No,Nearside,2010
201060L201197,A,547,Unclassified,0,Slight,None,29-10-2010,Friday,1,Give way or uncontrolled,T or staggered junction,53.284409,Darkness - lights lit,279490,377910,-3.809135,W01000176,1,3,0,0,Wet or damp,Single carriageway,None,30,19:30:00,Rural,Raining + high winds,No,16 - 20,13,Small town,NA,1196,None,None,Other/Not known (2005-10),Approaching junction or waiting/parked at junction approach,VAUXHALL,CORSA GLS 1.2I,Petrol,Female,Skidded,No tow/articulation,Did not leave carriageway,0,Slowing or stopping,1,Car,No,Front,2010
201060L196650,Unclassified,0,Unclassified,0,Slight,None,22-10-2010,Friday,1,Give way or uncontrolled,T or staggered junction,53.215904,Darkness - lights lit,256540,370920,-4.149993,W01000072,2,2,0,0,Wet or damp,Single carriageway,None,30,20:05:00,Urban,Raining no high winds,No,16 - 20,13,Urban area,NA,1905,None,None,Other/Not known (2005-10),Mid Junction - on roundabout or on main road,PEUGEOT,306 D TURBO,Heavy oil,Male,Skidded,No tow/articulation,Did not leave carriageway,0,Going ahead other,1,Car,No,Front,2010
201005FF06593,Unclassified,0,Unclassified,0,Slight,None,15-11-2010,Monday,1,Give way or uncontrolled,T or staggered junction,53.391524,Darkness - lights lit,338460,388700,-2.926863,E01006557,2,3,0,0,Wet or damp,Single carriageway,None,30,22:55:00,Urban,Raining no high winds,No,16 - 20,13,Urban area,2,1196,None,None,Journey as part of work,Approaching junction or waiting/parked at junction approach,VAUXHALL,CORSA LS,Petrol,Male,None,No tow/articulation,Did not leave carriageway,0,Turning right,1,Car,No,Nearside,2010
201014K049210,A,629,NA,0,Slight,None,17-02-2010,Wednesday,1,Not at junction or within 20 metres,Not at junction or within 20 metres,53.458993,Darkness - lights lit,435750,395940,-1.463043,E01007894,2,1,0,0,Wet or damp,Single carriageway,None,30,22:30:00,Rural,Raining no high winds,No,16 - 20,13,Urban area,8,1396,None,Lamp post,Other/Not known (2005-10),Not at or within 20 metres of junction,ROVER,214 SI,Petrol,Male,None,No tow/articulation,Did not leave carriageway,0,Going ahead other,1,Car,No,Front,2010
201020L011030,A,34,Unclassified,0,Slight,None,17-11-2010,Wednesday,1,Give way or uncontrolled,Private drive or entrance,52.407134,Darkness - lights lit,412040,278810,-1.824448,E01010200,1,2,0,0,Wet or damp,Single carriageway,None,30,20:10:00,Urban,Raining no high winds,No,16 - 20,13,Urban area,1,125,None,None,Other/Not known (2005-10),Mid Junction - on roundabout or on main road,APRILIA,,Petrol,Male,Skidded,No tow/articulation,Did not leave carriageway,0,Going ahead other,2,Motorcycle 125cc and under,No,Front,2010
201020T044450,Unclassified,0,NA,0,Slight,None,30-10-2010,Saturday,1,Data missing or out of range,Not at junction or within 20 metres,52.45838,Darkness - lights lit,411950,284510,-1.825568,E01008887,2,2,0,0,Wet or damp,Single carriageway,None,30,22:27:00,Urban,Raining no high winds,No,16 - 20,13,Urban area,2,1493,None,None,Other/Not known (2005-10),Not at or within 20 metres of junction,HONDA,CIVIC 1.5I VTEC-2,Petrol,Male,None,No tow/articulation,Did not leave carriageway,0,U-turn,1,Car,No,Front,2010
201032D037110,Unclassified,0,Unclassified,0,Slight,None,09-02-2010,Tuesday,1,Give way or uncontrolled,T or staggered junction,53.240625,Darkness - lights lit,499610,372550,-0.508848,E01026123,4,2,0,5,Wet or damp,Single carriageway,None,30,20:56:00,Urban,Raining no high winds,No,16 - 20,13,Rural,6,1195,None,None,Other/Not known (2005-10),Entering main road,VAUXHALL,CORSA LS 1.2I,Petrol,Male,None,No tow/articulation,Did not leave carriageway,0,Turning right,2,Car,No,Back,2010
201042I055302,A,1060,NA,0,Slight,None,05-07-2020,Wednesday,2,Not at junction or within 20 metres,Not at junction or within 20 metres,27.09667032,Darkness - lights lit,567170,207640,93.60911286,E01021634,1,1,0,0,Wet or damp,Single carriageway,None,60,18:45:00,Rural,Raining no high winds,No,16 - 20,13,Data missing or out of range,NA,1299,None,Road sign or traffic signal,Other/Not known (2005-10),Not at or within 20 metres of junction,FORD,KA,Petrol,Female,None,No tow/articulation,Nearside,0,Going ahead left-hand bend,1,Car,No,Nearside,2019
201034WN38680,A,428,C,151,Slight,None,12-03-2020,Wednesday,1,Give way or uncontrolled,Roundabout,25.76633397,Darkness - lights lit,473490,261600,87.48730099,E01027216,4,2,0,0,Wet or damp,Roundabout,None,40,00:30:00,Urban,Raining no high winds,No,16 - 20,13,Urban area,8,1299,None,None,Other/Not known (2005-10),Mid Junction - on roundabout or on main road,FORD,KA,Petrol,Female,None,No tow/articulation,Did not leave carriageway,0,Going ahead other,2,Car,No,Back,2019
201034WN38680,A,428,C,151,Slight,None,29-09-2010,Wednesday,1,Give way or uncontrolled,Roundabout,52.247646,Darkness - lights lit,473490,261600,-0.924982,E01027216,4,2,0,0,Wet or damp,Roundabout,None,40,00:30:00,Urban,Raining no high winds,No,16 - 20,13,Urban area,8,1299,None,None,Other/Not known (2005-10),Mid Junction - on roundabout or on main road,FORD,KA,Petrol,Female,None,No tow/articulation,Did not leave carriageway,0,Going ahead other,2,Car,No,Back,2010
201042I055302,A,1060,NA,0,Slight,None,24-02-2010,Wednesday,2,Not at junction or within 20 metres,Not at junction or within 20 metres,51.742477,Darkness - lights lit,567170,207640,0.419947,E01021634,1,1,0,0,Wet or damp,Single carriageway,None,60,18:45:00,Rural,Raining no high winds,No,16 - 20,13,Data missing or out of range,NA,1299,None,Road sign or traffic signal,Other/Not known (2005-10),Not at or within 20 metres of junction,FORD,KA,Petrol,Female,None,No tow/articulation,Nearside,0,Going ahead left-hand bend,1,Car,No,Nearside,2010
201014A021610,C,72,Unclassified,0,Slight,None,04-02-2010,Thursday,1,Give way or uncontrolled,T or staggered junction,53.499405,Darkness - lights lit,447570,400540,-1.28434,E01007571,1,2,0,0,Wet or damp,Single carriageway,None,30,23:20:00,Urban,Raining no high winds,No,16 - 20,13,Urban area,3,999,None,None,Other/Not known (2005-10),Mid Junction - on roundabout or on main road,VOLKSWAGEN,POLO 1.0 L,Petrol,Female,None,No tow/articulation,Did not leave carriageway,0,Going ahead other,1,Car,No,Front,2010
201045GU53703,C,93,C,93,Slight,None,04-09-2019,Sunday,1,Auto traffic signal,Other junction,18.58032522,Darkness - lights lit,499550,149700,73.93737408,E01030451,2,2,0,5,Dry,Single carriageway,None,30,20:55:00,Urban,Unknown,No,16 - 20,13,Small town,10,1587,None,None,Other/Not known (2005-10),Mid Junction - on roundabout or on main road,PEUGEOT,306 XS,Petrol,Male,None,No tow/articulation,Did not leave carriageway,0,Going ahead other,2,Car,No,Front,2021
201045GU53703,C,93,C,93,Slight,None,12-09-2010,Sunday,1,Auto traffic signal,Other junction,51.237748,Darkness - lights lit,499550,149700,-0.575376,E01030451,2,2,0,5,Dry,Single carriageway,None,30,20:55:00,Urban,Unknown,No,16 - 20,13,Small town,10,1587,None,None,Other/Not known (2005-10),Mid Junction - on roundabout or on main road,PEUGEOT,306 XS,Petrol,Male,None,No tow/articulation,Did not leave carriageway,0,Going ahead other,2,Car,No,Front,2010
201037L017791,A,146,NA,0,Slight,None,03-02-2019,Thursday,1,Data missing or out of range,Not at junction or within 20 metres,18.50408398,Darkness - lights lit,651740,292020,73.83414174,E01030235,1,2,0,0,Wet or damp,Single carriageway,None,30,16:40:00,Urban,Unknown,No,16 - 20,13,Data missing or out of range,NA,1299,None,None,Other/Not known (2005-10),Not at or within 20 metres of junction,FORD,KA,Petrol,Female,None,No tow/articulation,Nearside,0,Parked,2,Car,No,Offside,2021
201037L017791,A,146,NA,0,Slight,None,28-01-2010,Thursday,1,Data missing or out of range,Not at junction or within 20 metres,52.467986,Darkness - lights lit,651740,292020,1.704937,E01030235,1,2,0,0,Wet or damp,Single carriageway,None,30,16:40:00,Urban,Unknown,No,16 - 20,13,Data missing or out of range,NA,1299,None,None,Other/Not known (2005-10),Not at or within 20 metres of junction,FORD,KA,Petrol,Female,None,No tow/articulation,Nearside,0,Parked,2,Car,No,Offside,2010
201006G034614,A,627,B,6169,Slight,None,31-07-2010,Saturday,1,Auto traffic signal,Crossroads,53.479129,Darkness - lights unlit,393890,398050,-2.093539,E01006016,1,1,0,0,Wet or damp,Single carriageway,None,30,04:00:00,Urban,Fine no high winds,No,16 - 20,13,Urban area,2,250,None,None,Other/Not known (2005-10),Approaching junction or waiting/parked at junction approach,KAWASAKI,,Petrol,Male,Skidded,No tow/articulation,Did not leave carriageway,0,Going ahead other,1,Motorcycle over 125cc and up to 500cc,No,Nearside,2010
201030D000015,A,38,NA,0,Slight,Other object on road,07-01-2010,Thursday,1,Data missing or out of range,Not at junction or within 20 metres,52.859063,Darkness - lights unlit,428580,329150,-1.57697,E01019841,1,1,0,0,Wet or damp,Dual carriageway,None,70,14:52:00,Rural,Fine no high winds,No,16 - 20,13,Urban area,9,1391,None,Entered ditch,Other/Not known (2005-10),Not at or within 20 metres of junction,SEAT,IBIZA 1.4 SE,Petrol,Male,Skidded,No tow/articulation,Nearside,0,Going ahead other,1,Car,No,Offside,2010
201043P202110,B,4035,NA,0,Slight,None,18-03-2019,Saturday,1,Data missing or out of range,Not at junction or within 20 metres,26.46633284,Darkness - no lighting,440960,237350,74.64668595,E01028503,1,1,0,0,Frost or ice,Single carriageway,None,60,19:30:00,Rural,Fine + high winds,No,16 - 20,13,Rural,7,1196,None,Tree,Other/Not known (2005-10),Not at or within 20 metres of junction,VAUXHALL,CORSA LS,Petrol,Female,Skidded and overturned,No tow/articulation,Offside,0,Going ahead left-hand bend,1,Car,No,Front,2020
201043P202110,B,4035,NA,0,Slight,None,20-11-2010,Saturday,1,Data missing or out of range,Not at junction or within 20 metres,52.033011,Darkness - no lighting,440960,237350,-1.404344,E01028503,1,1,0,0,Frost or ice,Single carriageway,None,60,19:30:00,Rural,Fine + high winds,No,16 - 20,13,Rural,7,1196,None,Tree,Other/Not known (2005-10),Not at or within 20 metres of junction,VAUXHALL,CORSA LS,Petrol,Female,Skidded and overturned,No tow/articulation,Offside,0,Going ahead left-hand bend,1,Car,No,Front,2010
201004BC10253,Unclassified,0,NA,0,Slight,None,12-11-2010,Friday,1,Data missing or out of range,Not at junction or within 20 metres,53.888339,Darkness - no lighting,350190,443840,-2.759344,E01025549,2,2,0,0,Dry,Single carriageway,None,60,17:20:00,Rural,Fine + high winds,No,16 - 20,13,Rural,8,1299,None,None,Other/Not known (2005-10),Not at or within 20 metres of junction,FORD,KA,Petrol,Female,Skidded and overturned,No tow/articulation,Did not leave carriageway,0,Going ahead other,1,Car,No,Offside,2010
201054EP10210,B,4039,C,153,Slight,None,15-03-2019,Thursday,1,Give way or uncontrolled,Crossroads,26.76208708,Darkness - no lighting,387770,175320,94.21283807,E01031940,1,2,0,0,Dry,Single carriageway,None,40,21:40:00,Rural,Fine no high winds,No,16 - 20,13,Rural,9,1905,None,Entered ditch,Commuting to/from work,Mid Junction - on roundabout or on main road,PEUGEOT,306 L D,Heavy oil,Male,Skidded and overturned,No tow/articulation,Offside,0,Going ahead other,1,Car,No,Front,2019
201045WA51716,A,287,NA,0,Slight,None,04-10-2021,Tuesday,1,Data missing or out of range,Not at junction or within 20 metres,25.76918678,Darkness - no lighting,486310,136730,87.46831886,E01030935,1,1,0,0,Dry,Single carriageway,None,30,01:05:00,Rural,Fine no high winds,No,16 - 20,13,Urban area,9,2793,None,Tree,Other/Not known (2005-10),Not at or within 20 metres of junction,BMW,528I SE AUTO,Petrol,Male,Skidded,No tow/articulation,Offside,0,Going ahead other,1,Car,No,Front,2019
201037G030436,B,1456,NA,0,Slight,None,05-05-2019,Saturday,1,Data missing or out of range,Not at junction or within 20 metres,22.05877556,Darkness - no lighting,619860,237290,82.11386227,E01029873,1,1,0,0,Wet or damp,Single carriageway,None,60,22:40:00,Rural,Fine no high winds,No,16 - 20,13,Urban area,7,1800,None,Tree,Other/Not known (2005-10),Not at or within 20 metres of junction,HONDA,,Petrol,Male,Skidded,No tow/articulation,Offside,0,Going ahead left-hand bend,1,Car,No,Offside,2019
201045WA53222,A,3,NA,0,Slight,None,11-08-2020,Tuesday,1,Data missing or out of range,Not at junction or within 20 metres,23.08735958,Darkness - no lighting,489740,136110,72.61604686,E01030879,1,1,0,0,Dry,Single carriageway,None,50,00:01:00,Rural,Fine no high winds,No,16 - 20,13,Small town,10,1124,Kerb,None,Other/Not known (2005-10),Not at or within 20 metres of junction,PEUGEOT,106 XN INDEPENDENCE,Petrol,Male,Overturned,No tow/articulation,Nearside,0,Going ahead other,1,Car,No,Nearside,2019
201042I204506,Unclassified,0,NA,0,Slight,None,21-10-2021,Saturday,1,Not at junction or within 20 metres,Not at junction or within 20 metres,22.7652655,Darkness - no lighting,616980,225010,75.85001988,E01021974,4,4,0,0,Dry,Single carriageway,None,40,02:35:00,Rural,Fine no high winds,No,16 - 20,13,Urban area,4,1389,None,None,Other/Not known (2005-10),Not at or within 20 metres of junction,VAUXHALL,CORSA GLS,Petrol,Male,None,No tow/articulation,Did not leave carriageway,0,Going ahead other,4,Car,No,Front,2020
201037L018692,B,1127,NA,0,Slight,None,28-04-2019,Monday,1,Data missing or out of range,Not at junction or within 20 metres,28.63819159,Darkness - no lighting,648890,285200,77.26689995,E01030295,1,1,0,0,Frost or ice,Single carriageway,None,60,22:07:00,Rural,Fine no high winds,No,16 - 20,13,Urban area,9,1905,None,Tree,Other/Not known (2005-10),Not at or within 20 metres of junction,PEUGEOT,306 D TURBO,Heavy oil,Male,None,No tow/articulation,Offside and rebounded,0,Going ahead other,1,Car,No,Offside,2020
20104100B0608,B,197,C,158,Slight,None,31-07-2020,Tuesday,1,Give way or uncontrolled,T or staggered junction,14.75235597,Darkness - no lighting,522250,213500,78.55732153,E01023919,1,4,0,0,Dry,Single carriageway,None,60,22:40:00,Rural,Fine no high winds,No,16 - 20,13,Data missing or out of range,NA,1149,None,None,Commuting to/from work,Approaching junction or waiting/parked at junction approach,RENAULT,CLIO RL 1.2 VERSAILLES,Petrol,Male,None,No tow/articulation,Did not leave carriageway,0,Parked,3,Car,No,Back,2019
201043W020100,Motorway,4,NA,0,Slight,None,20-11-2019,Tuesday,1,Data missing or out of range,Not at junction or within 20 metres,14.69346451,Darkness - no lighting,444320,173240,78.49329067,E01016326,2,3,0,0,Dry,Dual carriageway,None,70,01:38:00,Rural,Fine no high winds,No,16 - 20,13,Urban area,1,1493,None,Central crash barrier,Other/Not known (2005-10),Not at or within 20 metres of junction,HONDA,CIVIC 1.5I LS,Petrol,Male,Skidded,No tow/articulation,Offside on to centrl res + rebounded,0,Parked,1,Car,No,Offside,2019