Accident_Index,1st_Road_Class,1st_Road_Number,2nd_Road_Class,2nd_Road_Number,Accident_Severity,Carriageway_Hazards,Date,Day_of_Week,Did_Police_Officer_Attend_Scene_of_Accident,Junction_Control,Junction_Detail,Latitude,Light_Conditions,Location_Easting_OSGR,Location_Northing_OSGR,Longitude,LSOA_of_Accident_Location,Number_of_Casualties,Number_of_Vehicles,Pedestrian_Crossing-Human_Control,Pedestrian_Crossing-Physical_Facilities,Road_Surface_Conditions,Road_Type,Special_Conditions_at_Site,Speed_limit,Time,Urban_or_Rural_Area,Weather_Conditions,InScotland,Age_Band_of_Driver,Age_of_Vehicle,Driver_Home_Area_Type,Driver_IMD_Decile,Engine_Capacity_.CC.,Hit_Object_in_Carriageway,Hit_Object_off_Carriageway,Journey_Purpose_of_Driver,Junction_Location,make,model,Propulsion_Code,Sex_of_Driver,Skidding_and_Overturning,Towing_and_Articulation,Vehicle_Leaving_Carriageway,Vehicle_Location.Restricted_Lane,Vehicle_Manoeuvre,Vehicle_Reference,Vehicle_Type,Was_Vehicle_Left_Hand_Drive,X1st_Point_of_Impact,Year
201050CS2G001,A,361,NA,0,Slight,None,06-04-2020,Sunday,1,Not at junction or within 20 metres,Not at junction or within 20 metres,8.871299098,Daylight,264480,129670,76.68882827,E01020131,1,2,0,0,Dry,Dual carriageway,None,60,17:14:00,Rural,Fine no high winds,No,16 - 20,13,Data missing or out of range,NA,599,None,None,Other/Not known (2005-10),Not at or within 20 metres of junction,SUZUKI,GSF 600 V,Petrol,Male,None,No tow/articulation,Did not leave carriageway,0,Going ahead other,1,Motorcycle over 500cc,No,Front,2020
201045TA54610,Motorway,23,NA,0,Slight,None,31-01-2021,Monday,1,Data missing or out of range,Not at junction or within 20 metres,8.881836122,Daylight,530920,142740,76.69431531,E01030583,1,3,0,0,Wet or damp,Dual carriageway,None,50,07:20:00,Rural,Fine no high winds,No,16 - 20,13,Urban area,6,1149,None,None,Other/Not known (2005-10),Not at or within 20 metres of junction,RENAULT,CLIO RL PARIS,Petrol,Male,Skidded,No tow/articulation,Did not leave carriageway,0,Going ahead other,3,Car,No,Front,2020
201043P213090,A,338,NA,0,Slight,None,15-11-2019,Wednesday,2,Data missing or out of range,Not at junction or within 20 metres,8.891999454,Daylight,440270,189590,76.61668874,E01028722,2,2,0,0,Dry,Single carriageway,None,50,12:55:00,Urban,Fine no high winds,No,16 - 20,13,Urban area,6,1299,None,None,Other/Not known (2005-10),Not at or within 20 metres of junction,FORD,KA,Petrol,Male,None,No tow/articulation,Did not leave carriageway,0,Going ahead other,1,Car,No,Front,2020
201043R064090,B,478,NA,0,Slight,None,03-02-2019,Wednesday,1,Data missing or out of range,Not at junction or within 20 metres,8.872149907,Daylight,474660,176240,76.69149876,E01028660,2,2,0,0,Dry,Single carriageway,None,30,18:43:00,Rural,Fine no high winds,No,16 - 20,13,Urban area,10,1360,None,None,Other/Not known (2005-10),Not at or within 20 metres of junction,PEUGEOT,306 MIAMI,Petrol,Male,None,No tow/articulation,Did not leave carriageway,0,Going ahead left-hand bend,2,Car,No,Offside,2020
201045SP51800,Unclassified,3319,NA,0,Slight,None,21-10-2020,Wednesday,1,Data missing or out of range,Not at junction or within 20 metres,8.880276007,Daylight,503610,171460,76.68673135,E01030736,1,1,0,0,Dry,One way street,None,30,16:20:00,Urban,Fine no high winds,No,16 - 20,13,Urban area,3,954,None,None,Other/Not known (2005-10),Not at or within 20 metres of junction,CITROEN,SAXO 1.0I MISCHIEF,Petrol,Male,None,No tow/articulation,Did not leave carriageway,0,Going ahead other,1,Car,No,Front,2020
20105500D0137,C,33,Unclassified,0,Slight,None,06-02-2021,Monday,1,Give way or uncontrolled,T or staggered junction,26.45972644,Daylight,380430,89320,74.65365431,E01020490,1,2,0,0,Frost or ice,Single carriageway,None,30,09:25:00,Rural,Fine no high winds,No,16 - 20,13,Rural,6,1390,None,None,Journey as part of work,Approaching junction or waiting/parked at junction approach,VOLKSWAGEN,POLO 1.4 CL,Petrol,Male,Skidded,No tow/articulation,Did not leave carriageway,0,Going ahead left-hand bend,1,Car,No,Front,2020
201045GU55008,A,3100,A,3100,Slight,None,30-03-2021,Monday,1,Auto traffic signal,Roundabout,26.46496728,Daylight,499370,149350,74.6215178,E01030449,1,2,0,4,Dry,One way street,None,30,10:49:00,Urban,Fine no high winds,No,16 - 20,13,Rural,10,1905,None,None,Journey as part of work,Leaving roundabout,PEUGEOT,306 XRD,Heavy oil,Male,None,No tow/articulation,Did not leave carriageway,0,Going ahead other,1,Car,No,Front,2020
201042I376509,Unclassified,0,Unclassified,0,Slight,None,25-03-2020,Tuesday,2,Give way or uncontrolled,Roundabout,26.46121226,Daylight,599480,226410,74.60781496,E01021679,1,2,0,0,Dry,Roundabout,None,30,11:50:00,Urban,Fine no high winds,No,16 - 20,13,Urban area,9,1124,None,None,Other/Not known (2005-10),Mid Junction - on roundabout or on main road,PEUGEOT,106 XL INDEPENDENCE,Petrol,Male,None,No tow/articulation,Did not leave carriageway,0,U-turn,2,Car,No,Nearside,2020
201043R122060,Unclassified,7417,Unclassified,7417,Slight,None,05-01-2019,Friday,1,Give way or uncontrolled,Roundabout,28.6250124,Daylight,487620,179270,77.29183731,E01016562,2,2,0,0,Dry,Single carriageway,None,30,19:07:00,Rural,Fine no high winds,No,16 - 20,13,Urban area,6,1360,None,None,Other/Not known (2005-10),Entering roundabout,CITROEN,SAXO SX,Petrol,Male,Skidded,No tow/articulation,Did not leave carriageway,0,Slowing or stopping,2,Car,No,Back,2020
201042I247908,Unclassified,0,NA,0,Slight,None,25-05-2020,Tuesday,1,Not at junction or within 20 metres,Not at junction or within 20 metres,28.6189631,Daylight,575890,211660,77.25656425,E01021537,2,1,0,0,Dry,Single carriageway,None,60,16:30:00,Rural,Fine no high winds,No,16 - 20,13,Data missing or out of range,NA,999,None,None,Other/Not known (2005-10),Not at or within 20 metres of junction,VOLKSWAGEN,POLO 1.0 L,Petrol,Male,Skidded,No tow/articulation,Nearside,0,Going ahead left-hand bend,1,Car,No,Nearside,2020
201050BN2B008,Unclassified,0,NA,0,Slight,None,26-11-2019,Saturday,1,Not at junction or within 20 metres,Not at junction or within 20 metres,28.59858098,Daylight,238380,71540,77.33573858,E01018967,1,2,0,0,Dry,Single carriageway,None,30,22:20:00,Rural,Fine no high winds,No,16 - 20,13,Rural,4,1124,None,None,Other/Not known (2005-10),Not at or within 20 metres of junction,PEUGEOT,106 XN INDEPENDENCE,Petrol,Male,Skidded,No tow/articulation,Did not leave carriageway,0,Turning right,1,Car,No,Back,2020
20104100A0288,C,39,NA,0,Slight,None,20-09-2019,Saturday,2,Not at junction or within 20 metres,Not at junction or within 20 metres,28.54565204,Daylight,534240,221420,77.14287903,E01023495,1,2,0,0,Dry,Single carriageway,None,60,15:20:00,Rural,Fine no high winds,No,16 - 20,13,Rural,7,1896,None,None,Journey as part of work,Not at or within 20 metres of junction,VOLKSWAGEN,GOLF GL TDI,Heavy oil,Male,Skidded,No tow/articulation,Did not leave carriageway,0,Going ahead left-hand bend,1,Car,No,Front,2021
201050JS2R006,A,381,A,385,Slight,None,04-03-2021,Monday,1,Give way or uncontrolled,T or staggered junction,28.6942457,Daylight,279950,60860,77.3614077,E01020180,1,2,0,0,Dry,Single carriageway,None,30,17:49:00,Rural,Fine no high winds,No,16 - 20,13,Small town,4,1149,None,None,Other/Not known (2005-10),Approaching junction or waiting/parked at junction approach,RENAULT,CLIO RL 1.2 VERSAILLES,Petrol,Male,None,No tow/articulation,Did not leave carriageway,0,Waiting to turn right,2,Car,No,Back,2021
201042I123704,B,1007,Unclassified,0,Slight,None,21-07-2019,Wednesday,1,Give way or uncontrolled,Roundabout,18.5995552,Daylight,568420,196900,73.79522061,E01021238,1,2,0,0,Dry,Roundabout,None,40,18:45:00,Urban,Fine no high winds,No,16 - 20,13,Urban area,10,1390,None,Other permanent object,Other/Not known (2005-10),Leaving roundabout,VOLKSWAGEN,POLO 1.4 CL,Petrol,Male,Skidded,No tow/articulation,Nearside,0,Going ahead other,2,Car,No,Nearside,2021
20104100K0341,C,137,NA,,Slight,None,06-09-2020,Wednesday,1,Give way or uncontrolled,Private drive or entrance,18.50370411,Daylight,537840,209020,73.84990961,E01023320,1,2,0,0,Dry,Single carriageway,None,30,19:10:00,Urban,Fine no high winds,No,16 - 20,13,Urban area,10,1390,None,None,Commuting to/from work,Approaching junction or waiting/parked at junction approach,VOLKSWAGEN,POLO 1.4 CL AUTO,Petrol,Male,Skidded,No tow/articulation,Did not leave carriageway,0,Going ahead other,1,Car,No,Front,2021
20104100A0777,A,120,NA,0,Slight,None,25-08-2021,Tuesday,1,Not at junction or within 20 metres,Not at junction or within 20 metres,18.57459123,Daylight,547770,222860,73.79075365,E01023453,3,4,0,0,Dry,Single carriageway,None,60,06:15:00,Rural,Fine no high winds,No,16 - 20,13,Data missing or out of range,NA,1781,None,Other permanent object,Commuting to/from work,Not at or within 20 metres of junction,AUDI,A4 1.8T SPORT,Petrol,Male,Skidded,No tow/articulation,Offside,0,Overtaking moving vehicle - offside,1,Car,No,Front,2021
201050BE2G004,A,387,NA,0,Slight,None,15-02-2021,Saturday,1,Not at junction or within 20 metres,Not at junction or within 20 metres,18.50281458,Daylight,220650,51680,73.76952368,E01018762,1,1,0,0,Dry,Single carriageway,None,40,03:00:00,Rural,Fine no high winds,No,16 - 20,13,Small town,5,1299,Kerb,Tree,Other/Not known (2005-10),Not at or within 20 metres of junction,FORD,KA,Petrol,Male,None,No tow/articulation,Nearside,0,Going ahead right-hand bend,1,Car,No,Front,2021
201042I311609,Unclassified,0,Unclassified,0,Slight,None,18-05-2021,Friday,1,Give way or uncontrolled,T or staggered junction,18.51021724,Daylight,586240,185290,73.90589827,E01015827,1,2,0,8,Dry,Single carriageway,Roadworks,30,23:20:00,Urban,Fine no high winds,No,16 - 20,13,Urban area,9,124,None,None,Other/Not known (2005-10),Mid Junction - on roundabout or on main road,HONDA,CA 125,Petrol,Male,None,No tow/articulation,Did not leave carriageway,0,Going ahead other,1,Motorcycle 125cc and under,No,Front,2021
201037L018626,Unclassified,6156,Unclassified,6091,Slight,None,14-09-2020,Sunday,2,Give way or uncontrolled,T or staggered junction,19.05710337,Daylight,654140,293180,72.89519092,E01030265,3,2,0,0,Dry,Single carriageway,None,30,19:45:00,Urban,Fine no high winds,No,16 - 20,13,Urban area,1,1388,None,None,Other/Not known (2005-10),Approaching junction or waiting/parked at junction approach,FORD,FIESTA SI,Petrol,Male,None,No tow/articulation,Did not leave carriageway,0,Going ahead other,1,Car,No,Front,2021
201050EC2D021,Unclassified,0,Unclassified,0,Slight,None,30-01-2021,Friday,1,Give way or uncontrolled,T or staggered junction,19.15331534,Daylight,247560,55140,72.8386555,E01015152,2,2,0,0,Dry,Single carriageway,None,30,16:36:00,Urban,Fine no high winds,No,16 - 20,13,Data missing or out of range,NA,1527,None,None,Other/Not known (2005-10),Approaching junction or waiting/parked at junction approach,PEUGEOT,106 XL INDEPENDENCE,Heavy oil,Male,None,No tow/articulation,Did not leave carriageway,0,Going ahead other,2,Car,No,Front,2021
201045WO53737,Unclassified,3731,B,382,Slight,None,31-10-2019,Monday,1,Give way or uncontrolled,T or staggered junction,19.09978842,Daylight,502510,158890,72.87500927,E01030989,1,3,0,0,Dry,Single carriageway,None,30,18:30:00,Urban,Fine no high winds,No,16 - 20,13,Urban area,5,1597,None,None,Other/Not known (2005-10),Approaching junction or waiting/parked at junction approach,MITSUBISHI,CARISMA GLXI,Petrol,Male,None,No tow/articulation,Did not leave carriageway,0,Slowing or stopping,3,Car,No,Back,2021
201050BB2K020,Unclassified,0,Unclassified,0,Slight,None,17-09-2020,Thursday,1,Give way or uncontrolled,Roundabout,19.0629881,Daylight,208200,67280,72.88517564,E01018932,2,2,0,8,Dry,Roundabout,None,30,16:27:00,Rural,Fine no high winds,No,16 - 20,13,Urban area,7,2793,None,None,Other/Not known (2005-10),Mid Junction - on roundabout or on main road,BMW,528I SE AUTO,Petrol,Male,None,No tow/articulation,Did not leave carriageway,0,Turning right,1,Car,No,Front,2021
201045GU51073,Unclassified,0,Unclassified,0,Slight,None,18-02-2021,Sunday,1,Give way or uncontrolled,T or staggered junction,19.11799459,Daylight,506950,158030,72.91074713,E01030458,1,1,0,0,Dry,Dual carriageway,None,60,10:03:00,Rural,Fine no high winds,No,16 - 20,13,Urban area,10,1598,None,Tree,Other/Not known (2005-10),Leaving main road,VAUXHALL,ASTRA ARCTIC 16V,Petrol,Male,Skidded,No tow/articulation,Straight ahead at junction,0,Turning left,1,Car,No,Front,2021
2010400D00535,A,507,NA,0,Slight,Any animal in carriageway (except ridden horse),12-03-2021,Saturday,2,Data missing or out of range,Not at junction or within 20 metres,19.16964101,Daylight,498990,237390,72.875666,E01017416,1,3,0,0,Dry,Single carriageway,None,60,11:55:00,Rural,Fine no high winds,No,16 - 20,13,Urban area,10,1149,None,None,Other/Not known (2005-10),Not at or within 20 metres of junction,RENAULT,CLIO BIARRITZ,Petrol,Male,None,No tow/articulation,Did not leave carriageway,0,Going ahead other,1,Car,No,Front,2021
201042I312109,Unclassified,0,NA,0,Slight,None,27-02-2019,Friday,1,Not at junction or within 20 metres,Not at junction or within 20 metres,19.20819589,Daylight,579210,198610,72.91217939,E01021614,1,3,0,0,Dry,Single carriageway,Mud,60,07:45:00,Rural,Fine no high winds,No,16 - 20,13,Urban area,6,973,None,Other permanent object,Commuting to/from work,Not at or within 20 metres of junction,VAUXHALL,CORSA MERIT 12V,Petrol,Male,Overturned,No tow/articulation,Nearside,0,Going ahead other,3,Car,No,Did not impact,2021
20104100G0458,A,505,NA,0,Slight,None,19-03-2019,Tuesday,1,Not at junction or within 20 metres,Not at junction or within 20 metres,14.68895786,Daylight,530880,238870,78.51000785,E01023598,2,2,0,0,Dry,Dual carriageway,None,70,15:25:00,Rural,Fine no high winds,No,16 - 20,13,Urban area,8,1597,None,Other permanent object,Other/Not known (2005-10),Not at or within 20 metres of junction,FORD,ESCORT SERENADE 16V,Petrol,Male,Skidded,No tow/articulation,Nearside,8,Going ahead other,1,Car,No,Back,2019
201037B044461,B,1077,NA,0,Slight,None,03-05-2020,Friday,1,Data missing or out of range,Not at junction or within 20 metres,14.65667189,Daylight,613270,277690,78.55372972,E01030064,1,1,0,0,Wet or damp,Single carriageway,None,60,15:40:00,Rural,Fine no high winds,No,16 - 20,13,Small town,4,1598,None,Tree,Other/Not known (2005-10),Not at or within 20 metres of junction,VAUXHALL,CORSA SPORT 1.6I,Petrol,Male,Skidded,No tow/articulation,Nearside,0,Going ahead right-hand bend,1,Car,No,Front,2019
201034NW23770,B,569,Unclassified,9303,Slight,None,21-05-2020,Friday,1,Give way or uncontrolled,T or staggered junction,27.09208502,Daylight,492470,265600,93.61950358,E01027336,1,1,0,0,Dry,Single carriageway,None,30,15:25:00,Rural,Fine no high winds,No,16 - 20,13,Urban area,3,999,None,None,Other/Not known (2005-10),Cleared junction or waiting/parked at junction exit,VOLKSWAGEN,POLO 1.0 L,Petrol,Male,None,No tow/articulation,Did not leave carriageway,0,Going ahead other,1,Car,No,Front,2019
201045RU55693,Motorway,25,NA,0,Slight,None,17-03-2020,Wednesday,1,Data missing or out of range,Not at junction or within 20 metres,27.10006803,Daylight,504750,163370,93.6147576,E01030660,2,2,0,0,Dry,Dual carriageway,None,70,11:07:00,Rural,Fine no high winds,No,16 - 20,13,Urban area,6,1296,None,None,Other/Not known (2005-10),Not at or within 20 metres of junction,DAIHATSU,CHARADE R LTD,Petrol,Male,None,No tow/articulation,Did not leave carriageway,0,Going ahead other,2,Car,No,Back,2019
201043W154060,Motorway,4,NA,0,Slight,Previous accident,25-06-2020,Friday,1,Data missing or out of range,Not at junction or within 20 metres,27.09838746,Daylight,471480,168640,93.62075142,E01016682,2,5,0,0,Dry,Slip road,Roadworks,50,16:10:00,Rural,Fine no high winds,No,16 - 20,13,Small town,8,1396,None,None,Other/Not known (2005-10),Not at or within 20 metres of junction,ROVER,214 I,Petrol,Male,None,No tow/articulation,Did not leave carriageway,0,Going ahead other,4,Car,No,Back,2019
201001BS70721,A,402,Unclassified,0,Slight,None,04-12-2010,Saturday,1,Give way or uncontrolled,T or staggered junction,51.508488,Daylight,524960,180380,-0.200778,E01002883,2,2,0,1,Dry,Single carriageway,None,30,14:34:00,Urban,Fine no high winds,No,16 - 20,13,Urban area,2,1493,None,None,Other/Not known (2005-10),Mid Junction - on roundabout or on main road,HONDA,CIVIC 1.5I LS,Petrol,Male,None,No tow/articulation,Did not leave carriageway,0,Going ahead right-hand bend,1,Car,No,Front,2010
201001FH10300,A,4020,Unclassified,0,Slight,None,31-05-2010,Monday,1,Give way or uncontrolled,T or staggered junction,51.504685,Daylight,523450,179920,-0.222686,E01001943,1,2,0,0,Dry,One way street,Roadworks,30,15:57:00,Urban,Fine no high winds,No,16 - 20,13,Urban area,3,1242,None,None,Other/Not known (2005-10),Cleared junction or waiting/parked at junction exit,FIAT,PUNTO S 60,Petrol,Male,None,No tow/articulation,Did not leave carriageway,0,Slowing or stopping,2,Car,No,Front,2010
201001JC30445,A,112,A,112,Slight,None,07-09-2010,Tuesday,1,Auto traffic signal,T or staggered junction,51.607773,Daylight,537410,191750,-0.017048,E01004455,1,2,0,5,Dry,Single carriageway,None,30,08:57:00,Urban,Fine no high winds,No,16 - 20,13,Data missing or out of range,NA,1124,None,None,Other/Not known (2005-10),Cleared junction or waiting/parked at junction exit,CITROEN,SAXO X,Petrol,Male,None,No tow/articulation,Did not leave carriageway,0,Moving off,1,Car,No,Back,2010
201001LX50386,B,272,Unclassified,0,Slight,None,14-05-2010,Friday,1,Give way or uncontrolled,T or staggered junction,51.416853,Daylight,529610,170300,-0.137503,E01003139,2,2,0,0,Dry,Single carriageway,None,30,17:20:00,Urban,Fine no high winds,No,16 - 20,13,Urban area,3,999,None,None,Other/Not known (2005-10),Approaching junction or waiting/parked at junction approach,VOLKSWAGEN,POLO 1.0 L,Petrol,Male,None,No tow/articulation,Did not leave carriageway,0,Waiting to go - held up,2,Car,No,Back,2010
201001PL60713,A,205,Unclassified,0,Slight,None,21-10-2010,Thursday,1,Give way or uncontrolled,T or staggered junction,51.44499,Daylight,538690,173670,-0.005688,E01003224,1,2,0,1,Dry,Single carriageway,None,30,17:28:00,Urban,Fine no high winds,No,16 - 20,13,Urban area,2,233,None,None,Other/Not known (2005-10),Mid Junction - on roundabout or on main road,HONDA,CB250,Petrol,Male,None,No tow/articulation,Did not leave carriageway,0,Overtaking static vehicle - offside,1,Motorcycle over 125cc and up to 500cc,No,Front,2010
201001PY20066,Unclassified,0,NA,0,Slight,None,09-02-2010,Tuesday,1,Data missing or out of range,Not at junction or within 20 metres,51.312293,Daylight,541480,158980,0.028586,E01000659,1,1,0,0,Dry,Single carriageway,None,30,15:48:00,Urban,Fine no high winds,No,16 - 20,13,Urban area,8,954,None,None,Other/Not known (2005-10),Not at or within 20 metres of junction,CITROEN,SAXO 1.0I MISCHIEF,Petrol,Male,None,No tow/articulation,Did not leave carriageway,0,Going ahead other,1,Car,No,Front,2010
201001QK50091,A,5,Unclassified,0,Slight,None,15-02-2010,Monday,1,Give way or uncontrolled,T or staggered junction,51.560941,Daylight,523470,186180,-0.220205,E01000553,2,3,0,4,Dry,Single carriageway,None,30,16:29:00,Urban,Fine no high winds,No,16 - 20,13,Data missing or out of range,NA,1389,None,None,Other/Not known (2005-10),Mid Junction - on roundabout or on main road,VAUXHALL,CORSA GLS,Petrol,Male,None,No tow/articulation,Did not leave carriageway,0,Slowing or stopping,3,Car,No,Back,2010
201034NW23770,B,569,Unclassified,9303,Slight,None,11-06-2010,Friday,1,Give way or uncontrolled,T or staggered junction,52.280739,Daylight,492470,265600,-0.645951,E01027336,1,1,0,0,Dry,Single carriageway,None,30,15:25:00,Rural,Fine no high winds,No,16 - 20,13,Urban area,3,999,None,None,Other/Not known (2005-10),Cleared junction or waiting/parked at junction exit,VOLKSWAGEN,POLO 1.0 L,Petrol,Male,None,No tow/articulation,Did not leave carriageway,0,Going ahead other,1,Car,No,Front,2010
201037B044461,B,1077,NA,0,Slight,None,26-02-2010,Friday,1,Data missing or out of range,Not at junction or within 20 metres,52.355722,Daylight,613270,277690,1.130416,E01030064,1,1,0,0,Wet or damp,Single carriageway,None,60,15:40:00,Rural,Fine no high winds,No,16 - 20,13,Small town,4,1598,None,Tree,Other/Not known (2005-10),Not at or within 20 metres of junction,VAUXHALL,CORSA SPORT 1.6I,Petrol,Male,Skidded,No tow/articulation,Nearside,0,Going ahead right-hand bend,1,Car,No,Front,2010
201037L018626,Unclassified,6156,Unclassified,6091,Slight,None,31-10-2010,Sunday,2,Give way or uncontrolled,T or staggered junction,52.477281,Daylight,654140,293180,1.741074,E01030265,3,2,0,0,Dry,Single carriageway,None,30,19:45:00,Urban,Fine no high winds,No,16 - 20,13,Urban area,1,1388,None,None,Other/Not known (2005-10),Approaching junction or waiting/parked at junction approach,FORD,FIESTA SI,Petrol,Male,None,No tow/articulation,Did not leave carriageway,0,Going ahead other,1,Car,No,Front,2010
2010400D00535,A,507,NA,0,Slight,Any animal in carriageway (except ridden horse),13-02-2010,Saturday,2,Data missing or out of range,Not at junction or within 20 metres,52.02606,Daylight,498990,237390,-0.558622,E01017416,1,3,0,0,Dry,Single carriageway,None,60,11:55:00,Rural,Fine no high winds,No,16 - 20,13,Urban area,10,1149,None,None,Other/Not known (2005-10),Not at or within 20 metres of junction,RENAULT,CLIO BIARRITZ,Petrol,Male,None,No tow/articulation,Did not leave carriageway,0,Going ahead other,1,Car,No,Front,2010
20104100A0288,C,39,NA,0,Slight,None,08-05-2010,Saturday,2,Not at junction or within 20 metres,Not at junction or within 20 metres,51.875154,Daylight,534240,221420,-0.051358,E01023495,1,2,0,0,Dry,Single carriageway,None,60,15:20:00,Rural,Fine no high winds,No,16 - 20,13,Rural,7,1896,None,None,Journey as part of work,Not at or within 20 metres of junction,VOLKSWAGEN,GOLF GL TDI,Heavy oil,Male,Skidded,No tow/articulation,Did not leave carriageway,0,Going ahead left-hand bend,1,Car,No,Front,2010
20104100A0777,A,120,NA,0,Slight,None,23-11-2010,Tuesday,1,Not at junction or within 20 metres,Not at junction or within 20 metres,51.884675,Daylight,547770,222860,0.145662,E01023453,3,4,0,0,Dry,Single carriageway,None,60,06:15:00,Rural,Fine no high winds,No,16 - 20,13,Data missing or out of range,NA,1781,None,Other permanent object,Commuting to/from work,Not at or within 20 metres of junction,AUDI,A4 1.8T SPORT,Petrol,Male,Skidded,No tow/articulation,Offside,0,Overtaking moving vehicle - offside,1,Car,No,Front,2010
20104100E0334,A,1155,NA,,Slight,None,06-08-2010,Friday,1,Give way or uncontrolled,Private drive or entrance,51.904415,Daylight,523900,224410,-0.200407,E01023758,1,2,0,0,Dry,Dual carriageway,None,30,12:08:00,Urban,Fine no high winds,No,16 - 20,13,Urban area,6,1598,None,None,Other/Not known (2005-10),Entering main road,VAUXHALL,CORSA SPORT 1.6I,Petrol,Male,None,No tow/articulation,Did not leave carriageway,0,Turning left,1,Car,No,Offside,2010
20104100G0458,A,505,NA,0,Slight,None,11-05-2010,Tuesday,1,Not at junction or within 20 metres,Not at junction or within 20 metres,52.032758,Daylight,530880,238870,-0.093497,E01023598,2,2,0,0,Dry,Dual carriageway,None,70,15:25:00,Rural,Fine no high winds,No,16 - 20,13,Urban area,8,1597,None,Other permanent object,Other/Not known (2005-10),Not at or within 20 metres of junction,FORD,ESCORT SERENADE 16V,Petrol,Male,Skidded,No tow/articulation,Nearside,8,Going ahead other,1,Car,No,Back,2010
20104100K0341,C,137,NA,,Slight,None,14-07-2010,Wednesday,1,Give way or uncontrolled,Private drive or entrance,51.762854,Daylight,537840,209020,-0.004027,E01023320,1,2,0,0,Dry,Single carriageway,None,30,19:10:00,Urban,Fine no high winds,No,16 - 20,13,Urban area,10,1390,None,None,Commuting to/from work,Approaching junction or waiting/parked at junction approach,VOLKSWAGEN,POLO 1.4 CL AUTO,Petrol,Male,Skidded,No tow/articulation,Did not leave carriageway,0,Going ahead other,1,Car,No,Front,2010
201042I123704,B,1007,Unclassified,0,Slight,None,21-04-2010,Wednesday,1,Give way or uncontrolled,Roundabout,51.645623,Daylight,568420,196900,0.432853,E01021238,1,2,0,0,Dry,Roundabout,None,40,18:45:00,Urban,Fine no high winds,No,16 - 20,13,Urban area,10,1390,None,Other permanent object,Other/Not known (2005-10),Leaving roundabout,VOLKSWAGEN,POLO 1.4 CL,Petrol,Male,Skidded,No tow/articulation,Nearside,0,Going ahead other,2,Car,No,Nearside,2010
201042I154405,B,1018,NA,0,Slight,None,12-05-2010,Wednesday,1,Not at junction or within 20 metres,Not at junction or within 20 metres,51.876174,Daylight,576700,222850,0.565589,E01021363,1,2,0,0,Dry,Single carriageway,None,30,07:59:00,Urban,Fine no high winds,No,16 - 20,13,Urban area,6,1389,None,None,Other/Not known (2005-10),Not at or within 20 metres of junction,VAUXHALL,CORSA BREEZE HI-TORQ,Petrol,Male,None,No tow/articulation,Did not leave carriageway,0,Going ahead other,1,Car,No,Front,2010
201042I247908,Unclassified,0,NA,0,Slight,None,03-08-2010,Tuesday,1,Not at junction or within 20 metres,Not at junction or within 20 metres,51.775919,Daylight,575890,211660,0.548153,E01021537,2,1,0,0,Dry,Single carriageway,None,60,16:30:00,Rural,Fine no high winds,No,16 - 20,13,Data missing or out of range,NA,999,None,None,Other/Not known (2005-10),Not at or within 20 metres of junction,VOLKSWAGEN,POLO 1.0 L,Petrol,Male,Skidded,No tow/articulation,Nearside,0,Going ahead left-hand bend,1,Car,No,Nearside,2010
201042I311609,Unclassified,0,Unclassified,0,Slight,None,17-09-2010,Friday,1,Give way or uncontrolled,T or staggered junction,51.535731,Daylight,586240,185290,0.683969,E01015827,1,2,0,8,Dry,Single carriageway,Roadworks,30,23:20:00,Urban,Fine no high winds,No,16 - 20,13,Urban area,9,124,None,None,Other/Not known (2005-10),Mid Junction - on roundabout or on main road,HONDA,CA 125,Petrol,Male,None,No tow/articulation,Did not leave carriageway,0,Going ahead other,1,Motorcycle 125cc and under,No,Front,2010
201042I312109,Unclassified,0,NA,0,Slight,None,24-09-2010,Friday,1,Not at junction or within 20 metres,Not at junction or within 20 metres,51.65765,Daylight,579210,198610,0.589516,E01021614,1,3,0,0,Dry,Single carriageway,Mud,60,07:45:00,Rural,Fine no high winds,No,16 - 20,13,Urban area,6,973,None,Other permanent object,Commuting to/from work,Not at or within 20 metres of junction,VAUXHALL,CORSA MERIT 12V,Petrol,Male,Overturned,No tow/articulation,Nearside,0,Going ahead other,3,Car,No,Did not impact,2010
201042I376509,Unclassified,0,Unclassified,0,Slight,None,21-09-2010,Tuesday,2,Give way or uncontrolled,Roundabout,51.900465,Daylight,599480,226410,0.898152,E01021679,1,2,0,0,Dry,Roundabout,None,30,11:50:00,Urban,Fine no high winds,No,16 - 20,13,Urban area,9,1124,None,None,Other/Not known (2005-10),Mid Junction - on roundabout or on main road,PEUGEOT,106 XL INDEPENDENCE,Petrol,Male,None,No tow/articulation,Did not leave carriageway,0,U-turn,2,Car,No,Nearside,2010
201043P120040,Unclassified,165,NA,0,Slight,None,14-04-2010,Wednesday,1,Data missing or out of range,Not at junction or within 20 metres,51.702799,Daylight,474870,201010,-0.917974,E01028616,1,5,0,0,Dry,Single carriageway,None,30,17:59:00,Rural,Fine no high winds,No,16 - 20,13,Small town,9,1195,None,None,Other/Not known (2005-10),Not at or within 20 metres of junction,VAUXHALL,CORSA VEGAS,Petrol,Male,None,No tow/articulation,Did not leave carriageway,0,Going ahead other,1,Car,No,Did not impact,2010