Accident_Index,1st_Road_Class,1st_Road_Number,2nd_Road_Class,2nd_Road_Number,Accident_Severity,Carriageway_Hazards,Date,Day_of_Week,Did_Police_Officer_Attend_Scene_of_Accident,Junction_Control,Junction_Detail,Latitude,Light_Conditions,Location_Easting_OSGR,Location_Northing_OSGR,Longitude,LSOA_of_Accident_Location,Number_of_Casualties,Number_of_Vehicles,Pedestrian_Crossing-Human_Control,Pedestrian_Crossing-Physical_Facilities,Road_Surface_Conditions,Road_Type,Special_Conditions_at_Site,Speed_limit,Time,Urban_or_Rural_Area,Weather_Conditions,InScotland,Age_Band_of_Driver,Age_of_Vehicle,Driver_Home_Area_Type,Driver_IMD_Decile,Engine_Capacity_.CC.,Hit_Object_in_Carriageway,Hit_Object_off_Carriageway,Journey_Purpose_of_Driver,Junction_Location,make,model,Propulsion_Code,Sex_of_Driver,Skidding_and_Overturning,Towing_and_Articulation,Vehicle_Leaving_Carriageway,Vehicle_Location.Restricted_Lane,Vehicle_Manoeuvre,Vehicle_Reference,Vehicle_Type,Was_Vehicle_Left_Hand_Drive,X1st_Point_of_Impact,Year
201043P213090,A,338,NA,0,Slight,None,22-09-2010,Wednesday,2,Data missing or out of range,Not at junction or within 20 metres,51.603666,Daylight,440270,189590,-1.419942,E01028722,2,2,0,0,Dry,Single carriageway,None,50,12:55:00,Urban,Fine no high winds,No,16 - 20,13,Urban area,6,1299,None,None,Other/Not known (2005-10),Not at or within 20 metres of junction,FORD,KA,Petrol,Male,None,No tow/articulation,Did not leave carriageway,0,Going ahead other,1,Car,No,Front,2010
201043R064090,B,478,NA,0,Slight,None,01-09-2010,Wednesday,1,Data missing or out of range,Not at junction or within 20 metres,51.480146,Daylight,474660,176240,-0.926275,E01028660,2,2,0,0,Dry,Single carriageway,None,30,18:43:00,Rural,Fine no high winds,No,16 - 20,13,Urban area,10,1360,None,None,Other/Not known (2005-10),Not at or within 20 metres of junction,PEUGEOT,306 MIAMI,Petrol,Male,None,No tow/articulation,Did not leave carriageway,0,Going ahead left-hand bend,2,Car,No,Offside,2010
201043R122060,Unclassified,7417,Unclassified,7417,Slight,None,18-06-2010,Friday,1,Give way or uncontrolled,Roundabout,51.505528,Daylight,487620,179270,-0.73894,E01016562,2,2,0,0,Dry,Single carriageway,None,30,19:07:00,Rural,Fine no high winds,No,16 - 20,13,Urban area,6,1360,None,None,Other/Not known (2005-10),Entering roundabout,CITROEN,SAXO SX,Petrol,Male,Skidded,No tow/articulation,Did not leave carriageway,0,Slowing or stopping,2,Car,No,Back,2010
201043W154060,Motorway,4,NA,0,Slight,Previous accident,18-06-2010,Friday,1,Data missing or out of range,Not at junction or within 20 metres,51.41223,Daylight,471480,168640,-0.973593,E01016682,2,5,0,0,Dry,Slip road,Roadworks,50,16:10:00,Rural,Fine no high winds,No,16 - 20,13,Small town,8,1396,None,None,Other/Not known (2005-10),Not at or within 20 metres of junction,ROVER,214 I,Petrol,Male,None,No tow/articulation,Did not leave carriageway,0,Going ahead other,4,Car,No,Back,2010
201045GU51073,Unclassified,0,Unclassified,0,Slight,None,09-05-2010,Sunday,1,Give way or uncontrolled,T or staggered junction,51.311286,Daylight,506950,158030,-0.466922,E01030458,1,1,0,0,Dry,Dual carriageway,None,60,10:03:00,Rural,Fine no high winds,No,16 - 20,13,Urban area,10,1598,None,Tree,Other/Not known (2005-10),Leaving main road,VAUXHALL,ASTRA ARCTIC 16V,Petrol,Male,Skidded,No tow/articulation,Straight ahead at junction,0,Turning left,1,Car,No,Front,2010
201045GU55008,A,3100,A,3100,Slight,None,25-10-2010,Monday,1,Auto traffic signal,Roundabout,51.234633,Daylight,499370,149350,-0.57805,E01030449,1,2,0,4,Dry,One way street,None,30,10:49:00,Urban,Fine no high winds,No,16 - 20,13,Rural,10,1905,None,None,Journey as part of work,Leaving roundabout,PEUGEOT,306 XRD,Heavy oil,Male,None,No tow/articulation,Did not leave carriageway,0,Going ahead other,1,Car,No,Front,2010
201045RE51880,A,217,Unclassified,0,Slight,None,27-06-2010,Sunday,1,Auto traffic signal,Roundabout,51.292185,Daylight,524030,156290,-0.222586,E01030589,1,2,0,0,Dry,Roundabout,None,40,14:06:00,Rural,Fine no high winds,No,16 - 20,13,Urban area,10,973,None,None,Other/Not known (2005-10),Leaving roundabout,VAUXHALL,CORSA STING,Petrol,Male,None,No tow/articulation,Did not leave carriageway,0,Moving off,1,Car,No,Front,2010
201045RE53010,Unclassified,336,Unclassified,336,Slight,None,07-08-2010,Saturday,1,Give way or uncontrolled,Other junction,51.178794,Daylight,527550,143760,-0.176588,E01030586,1,2,0,0,Dry,One way street,None,30,12:00:00,Urban,Fine no high winds,No,16 - 20,13,Urban area,8,499,None,None,Other/Not known (2005-10),Mid Junction - on roundabout or on main road,HONDA,CB 500,Petrol,Male,None,No tow/articulation,Did not leave carriageway,0,Going ahead other,1,Motorcycle over 125cc and up to 500cc,No,Front,2010
201045RU55693,Motorway,25,NA,0,Slight,None,27-10-2010,Wednesday,1,Data missing or out of range,Not at junction or within 20 metres,51.359696,Daylight,504750,163370,-0.496905,E01030660,2,2,0,0,Dry,Dual carriageway,None,70,11:07:00,Rural,Fine no high winds,No,16 - 20,13,Urban area,6,1296,None,None,Other/Not known (2005-10),Not at or within 20 metres of junction,DAIHATSU,CHARADE R LTD,Petrol,Male,None,No tow/articulation,Did not leave carriageway,0,Going ahead other,2,Car,No,Back,2010
201045SP51800,Unclassified,3319,NA,0,Slight,None,23-06-2010,Wednesday,1,Data missing or out of range,Not at junction or within 20 metres,51.432624,Daylight,503610,171460,-0.510913,E01030736,1,1,0,0,Dry,One way street,None,30,16:20:00,Urban,Fine no high winds,No,16 - 20,13,Urban area,3,954,None,None,Other/Not known (2005-10),Not at or within 20 metres of junction,CITROEN,SAXO 1.0I MISCHIEF,Petrol,Male,None,No tow/articulation,Did not leave carriageway,0,Going ahead other,1,Car,No,Front,2010
201045TA54610,Motorway,23,NA,0,Slight,None,20-09-2010,Monday,1,Data missing or out of range,Not at junction or within 20 metres,51.168866,Daylight,530920,142740,-0.128773,E01030583,1,3,0,0,Wet or damp,Dual carriageway,None,50,07:20:00,Rural,Fine no high winds,No,16 - 20,13,Urban area,6,1149,None,None,Other/Not known (2005-10),Not at or within 20 metres of junction,RENAULT,CLIO RL PARIS,Petrol,Male,Skidded,No tow/articulation,Did not leave carriageway,0,Going ahead other,3,Car,No,Front,2010
201045WO53737,Unclassified,3731,B,382,Slight,None,13-09-2010,Monday,1,Give way or uncontrolled,T or staggered junction,51.319833,Daylight,502510,158890,-0.530355,E01030989,1,3,0,0,Dry,Single carriageway,None,30,18:30:00,Urban,Fine no high winds,No,16 - 20,13,Urban area,5,1597,None,None,Other/Not known (2005-10),Approaching junction or waiting/parked at junction approach,MITSUBISHI,CARISMA GLXI,Petrol,Male,None,No tow/articulation,Did not leave carriageway,0,Slowing or stopping,3,Car,No,Back,2010
201050AY2D011,Unclassified,0,NA,0,Slight,None,28-10-2010,Thursday,1,Not at junction or within 20 metres,Not at junction or within 20 metres,50.196218,Daylight,160810,38300,-5.35286,E01018980,1,1,0,0,Wet or damp,Single carriageway,None,60,03:45:00,Rural,Fine no high winds,No,16 - 20,13,Data missing or out of range,NA,1998,None,Tree,Other/Not known (2005-10),Not at or within 20 metres of junction,VAUXHALL,CALIBRA 16V,Petrol,Male,Skidded and overturned,No tow/articulation,Offside,0,Going ahead other,1,Car,No,Front,2010
201050BB2K020,Unclassified,0,Unclassified,0,Slight,None,27-05-2010,Thursday,1,Give way or uncontrolled,Roundabout,50.47382,Daylight,208200,67280,-4.704466,E01018932,2,2,0,8,Dry,Roundabout,None,30,16:27:00,Rural,Fine no high winds,No,16 - 20,13,Urban area,7,2793,None,None,Other/Not known (2005-10),Mid Junction - on roundabout or on main road,BMW,528I SE AUTO,Petrol,Male,None,No tow/articulation,Did not leave carriageway,0,Turning right,1,Car,No,Front,2010
201050BE2G004,A,387,NA,0,Slight,None,10-07-2010,Saturday,1,Not at junction or within 20 metres,Not at junction or within 20 metres,50.337603,Daylight,220650,51680,-4.521739,E01018762,1,1,0,0,Dry,Single carriageway,None,40,03:00:00,Rural,Fine no high winds,No,16 - 20,13,Small town,5,1299,Kerb,Tree,Other/Not known (2005-10),Not at or within 20 metres of junction,FORD,KA,Petrol,Male,None,No tow/articulation,Nearside,0,Going ahead right-hand bend,1,Car,No,Front,2010
201050BN2B008,Unclassified,0,NA,0,Slight,None,22-05-2010,Saturday,1,Not at junction or within 20 metres,Not at junction or within 20 metres,50.521203,Daylight,238380,71540,-4.281367,E01018967,1,2,0,0,Dry,Single carriageway,None,30,22:20:00,Rural,Fine no high winds,No,16 - 20,13,Rural,4,1124,None,None,Other/Not known (2005-10),Not at or within 20 metres of junction,PEUGEOT,106 XN INDEPENDENCE,Petrol,Male,Skidded,No tow/articulation,Did not leave carriageway,0,Turning right,1,Car,No,Back,2010
201050CS2G001,A,361,NA,0,Slight,None,07-03-2010,Sunday,1,Not at junction or within 20 metres,Not at junction or within 20 metres,51.050288,Daylight,264480,129670,-3.934866,E01020131,1,2,0,0,Dry,Dual carriageway,None,60,17:14:00,Rural,Fine no high winds,No,16 - 20,13,Data missing or out of range,NA,599,None,None,Other/Not known (2005-10),Not at or within 20 metres of junction,SUZUKI,GSF 600 V,Petrol,Male,None,No tow/articulation,Did not leave carriageway,0,Going ahead other,1,Motorcycle over 500cc,No,Front,2010
201050EC2D021,Unclassified,0,Unclassified,0,Slight,None,30-04-2010,Friday,1,Give way or uncontrolled,T or staggered junction,50.376282,Daylight,247560,55140,-4.145287,E01015152,2,2,0,0,Dry,Single carriageway,None,30,16:36:00,Urban,Fine no high winds,No,16 - 20,13,Data missing or out of range,NA,1527,None,None,Other/Not known (2005-10),Approaching junction or waiting/parked at junction approach,PEUGEOT,106 XL INDEPENDENCE,Heavy oil,Male,None,No tow/articulation,Did not leave carriageway,0,Going ahead other,2,Car,No,Front,2010
201050ED2C012,Unclassified,0,Unclassified,0,Slight,None,30-07-2010,Friday,1,Give way or uncontrolled,T or staggered junction,50.397255,Daylight,247340,57480,-4.149329,E01015077,2,2,0,0,Wet or damp,Single carriageway,None,30,23:30:00,Urban,Fine no high winds,No,16 - 20,13,Urban area,2,1196,None,None,Other/Not known (2005-10),Approaching junction or waiting/parked at junction approach,VAUXHALL,CORSA LS 1.2I,Petrol,Male,None,No tow/articulation,Did not leave carriageway,0,Waiting to turn right,1,Car,No,Front,2010
201050ED2N064,A,3064,B,3996,Slight,None,17-11-2010,Wednesday,1,Auto traffic signal,More than 4 arms (not roundabout),50.385315,Daylight,246700,56170,-4.157793,E01015174,2,2,0,4,Dry,Dual carriageway,None,30,22:09:00,Urban,Fine no high winds,No,16 - 20,13,Urban area,5,998,None,None,Other/Not known (2005-10),Mid Junction - on roundabout or on main road,NISSAN,MICRA VIBE,Petrol,Male,None,No tow/articulation,Did not leave carriageway,0,Going ahead other,1,Car,No,Nearside,2010
201050EP2G003,Unclassified,0,B,3416,Slight,None,08-04-2010,Thursday,1,Give way or uncontrolled,Roundabout,50.386473,Daylight,256260,56030,-4.023354,E01015111,1,2,0,0,Dry,Roundabout,None,30,07:40:00,Urban,Fine no high winds,No,16 - 20,13,Urban area,6,1388,None,None,Other/Not known (2005-10),Approaching junction or waiting/parked at junction approach,FORD,FIESTA CHICANE,Petrol,Male,None,No tow/articulation,Did not leave carriageway,0,Going ahead other,1,Car,No,Back,2010
201050FT2H030,Unclassified,0,NA,0,Slight,None,05-12-2010,Sunday,1,Not at junction or within 20 metres,Not at junction or within 20 metres,50.484747,Daylight,289570,66160,-3.557983,E01015254,1,1,0,0,Dry,Single carriageway,None,30,11:10:00,Urban,Fine no high winds,No,16 - 20,13,Urban area,5,1242,Kerb,Entered ditch,Other/Not known (2005-10),Not at or within 20 metres of junction,FORD,FIESTA GHIA 16V,Petrol,Male,Skidded and overturned,No tow/articulation,Nearside,0,Going ahead right-hand bend,1,Car,No,Front,2010
201050JI4M014,Unclassified,0,NA,0,Slight,None,16-08-2010,Monday,1,Data missing or out of range,Not at junction or within 20 metres,50.380696,Daylight,256160,55390,-4.024515,E01020149,1,3,0,0,Dry,Single carriageway,None,40,12:57:00,Rural,Fine no high winds,No,16 - 20,13,Data missing or out of range,NA,49,None,None,Journey as part of work,Not at or within 20 metres of junction,APRILIA,,Petrol,Male,None,No tow/articulation,Did not leave carriageway,0,Slowing or stopping,1,Motorcycle 50cc and under,No,Front,2010
201050JS2R006,A,381,A,385,Slight,None,11-10-2010,Monday,1,Give way or uncontrolled,T or staggered junction,50.43521,Daylight,279950,60860,-3.691824,E01020180,1,2,0,0,Dry,Single carriageway,None,30,17:49:00,Rural,Fine no high winds,No,16 - 20,13,Small town,4,1149,None,None,Other/Not known (2005-10),Approaching junction or waiting/parked at junction approach,RENAULT,CLIO RL 1.2 VERSAILLES,Petrol,Male,None,No tow/articulation,Did not leave carriageway,0,Waiting to turn right,2,Car,No,Back,2010
201054EA11610,B,3107,NA,0,Slight,None,12-04-2010,Monday,1,Not at junction or within 20 metres,Not at junction or within 20 metres,51.362462,Daylight,387860,162620,-2.175774,E01032057,2,3,0,0,Dry,Single carriageway,None,60,14:10:00,Rural,Fine no high winds,No,16 - 20,13,Urban area,6,1196,None,None,Other/Not known (2005-10),Not at or within 20 metres of junction,VAUXHALL,CORSA BREEZE,Petrol,Male,None,No tow/articulation,Did not leave carriageway,0,Overtaking moving vehicle - offside,1,Car,No,Front,2010
20105500D0137,C,33,Unclassified,0,Slight,None,11-01-2010,Monday,1,Give way or uncontrolled,T or staggered junction,50.70312,Daylight,380430,89320,-2.278513,E01020490,1,2,0,0,Frost or ice,Single carriageway,None,30,09:25:00,Rural,Fine no high winds,No,16 - 20,13,Rural,6,1390,None,None,Journey as part of work,Approaching junction or waiting/parked at junction approach,VOLKSWAGEN,POLO 1.4 CL,Petrol,Male,Skidded,No tow/articulation,Did not leave carriageway,0,Going ahead left-hand bend,1,Car,No,Front,2010
2010550D25976,B,3081,Unclassified,0,Slight,None,20-06-2010,Sunday,1,Give way or uncontrolled,T or staggered junction,50.917825,Daylight,404090,113160,-1.943207,E01020389,1,1,0,0,Dry,Single carriageway,None,60,20:10:00,Rural,Fine no high winds,No,16 - 20,13,Rural,6,1598,None,Other permanent object,Other/Not known (2005-10),Cleared junction or waiting/parked at junction exit,VOLKSWAGEN,POLO 1.6 GL,Petrol,Male,Skidded and overturned,No tow/articulation,Nearside and rebounded,0,Going ahead right-hand bend,1,Car,No,Nearside,2010
2010550D49576,A,30,Unclassified,0,Slight,None,06-11-2010,Saturday,2,Give way or uncontrolled,Private drive or entrance,51.004236,Daylight,379170,122810,-2.29827,E01020462,1,3,0,0,Dry,Single carriageway,None,60,11:30:00,Rural,Fine no high winds,No,16 - 20,13,Small town,5,1396,None,None,Other/Not known (2005-10),Approaching junction or waiting/parked at junction approach,ROVER,214 SI,Petrol,Male,None,No tow/articulation,Did not leave carriageway,0,Slowing or stopping,1,Car,No,Front,2010
201060L074142,Unclassified,0,NA,0,Slight,None,30-04-2010,Friday,1,Data missing or out of range,Not at junction or within 20 metres,53.318869,Daylight,304860,381170,-3.429707,W01000201,1,2,0,0,Dry,Single carriageway,None,60,09:07:00,Rural,Fine no high winds,No,16 - 20,13,Urban area,NA,1590,None,None,Pupil riding to/from school,Not at or within 20 metres of junction,SUZUKI,VITARA JX H/TOP,Petrol,Male,Skidded,No tow/articulation,Did not leave carriageway,0,Going ahead left-hand bend,1,Car,No,Front,2010
201060L113669,A,5152,Unclassified,0,Slight,None,25-06-2010,Friday,1,Give way or uncontrolled,T or staggered junction,53.062993,Daylight,333750,352210,-2.990083,W01000368,1,2,0,0,Dry,Single carriageway,None,30,12:18:00,Urban,Fine no high winds,No,16 - 20,13,Urban area,NA,1587,None,None,Other/Not known (2005-10),Approaching junction or waiting/parked at junction approach,PEUGEOT,106 XL AUTO,Petrol,Male,None,No tow/articulation,Did not leave carriageway,0,Going ahead other,1,Car,No,Front,2010
201060L114936,A,470,NA,0,Slight,None,26-06-2010,Saturday,1,Data missing or out of range,Not at junction or within 20 metres,53.125313,Daylight,280780,360170,-3.783165,W01000134,1,2,0,0,Dry,Single carriageway,None,60,20:15:00,Rural,Fine no high winds,No,16 - 20,13,Small town,NA,1390,None,None,Other/Not known (2005-10),Not at or within 20 metres of junction,VOLKSWAGEN,POLO 1.4 16V,Petrol,Male,Skidded,No tow/articulation,Did not leave carriageway,0,Going ahead other,2,Car,No,Nearside,2010
201060L135763,A,5104,NA,0,Slight,None,25-07-2010,Sunday,1,Data missing or out of range,Not at junction or within 20 metres,53.179241,Daylight,338530,365080,-2.921233,W01000330,5,2,0,0,Dry,Single carriageway,None,30,10:35:00,Urban,Fine no high winds,No,16 - 20,13,Urban area,1,1390,None,None,Other/Not known (2005-10),Not at or within 20 metres of junction,VOLKSWAGEN,POLO 1.4 CL,Petrol,Male,None,No tow/articulation,Did not leave carriageway,0,Going ahead other,1,Car,No,Front,2010
201060L210224,Unclassified,0,NA,0,Slight,None,12-11-2010,Friday,1,Data missing or out of range,Not at junction or within 20 metres,53.201805,Daylight,327190,367750,-3.091491,W01000325,1,2,0,0,Wet or damp,Single carriageway,None,30,10:53:00,Rural,Fine no high winds,No,16 - 20,13,Urban area,NA,1390,None,None,Other/Not known (2005-10),Not at or within 20 metres of junction,RENAULT,MEGANE RN PARIS,Petrol,Male,None,No tow/articulation,Did not leave carriageway,0,Going ahead other,1,Car,No,Front,2010
201001FH10300,A,4020,Unclassified,0,Slight,None,31-05-2010,Monday,1,Give way or uncontrolled,T or staggered junction,51.504685,Daylight,523450,179920,-0.222686,E01001943,1,2,0,0,Dry,One way street,Roadworks,30,15:57:00,Urban,Fine no high winds,No,16 - 20,13,Urban area,3,1242,None,None,Other/Not known (2005-10),Cleared junction or waiting/parked at junction exit,FIAT,PUNTO S 60,Petrol,Male,None,No tow/articulation,Did not leave carriageway,0,Slowing or stopping,2,Car,No,Front,2010
201001JC30445,A,112,A,112,Slight,None,07-09-2010,Tuesday,1,Auto traffic signal,T or staggered junction,51.607773,Daylight,537410,191750,-0.017048,E01004455,1,2,0,5,Dry,Single carriageway,None,30,08:57:00,Urban,Fine no high winds,No,16 - 20,13,Data missing or out of range,NA,1124,None,None,Other/Not known (2005-10),Cleared junction or waiting/parked at junction exit,CITROEN,SAXO X,Petrol,Male,None,No tow/articulation,Did not leave carriageway,0,Moving off,1,Car,No,Back,2010
201001LX50386,B,272,Unclassified,0,Slight,None,14-05-2010,Friday,1,Give way or uncontrolled,T or staggered junction,51.416853,Daylight,529610,170300,-0.137503,E01003139,2,2,0,0,Dry,Single carriageway,None,30,17:20:00,Urban,Fine no high winds,No,16 - 20,13,Urban area,3,999,None,None,Other/Not known (2005-10),Approaching junction or waiting/parked at junction approach,VOLKSWAGEN,POLO 1.0 L,Petrol,Male,None,No tow/articulation,Did not leave carriageway,0,Waiting to go - held up,2,Car,No,Back,2010
201001PL60713,A,205,Unclassified,0,Slight,None,21-10-2010,Thursday,1,Give way or uncontrolled,T or staggered junction,51.44499,Daylight,538690,173670,-0.005688,E01003224,1,2,0,1,Dry,Single carriageway,None,30,17:28:00,Urban,Fine no high winds,No,16 - 20,13,Urban area,2,233,None,None,Other/Not known (2005-10),Mid Junction - on roundabout or on main road,HONDA,CB250,Petrol,Male,None,No tow/articulation,Did not leave carriageway,0,Overtaking static vehicle - offside,1,Motorcycle over 125cc and up to 500cc,No,Front,2010
201001PY20066,Unclassified,0,NA,0,Slight,None,09-02-2010,Tuesday,1,Data missing or out of range,Not at junction or within 20 metres,51.312293,Daylight,541480,158980,0.028586,E01000659,1,1,0,0,Dry,Single carriageway,None,30,15:48:00,Urban,Fine no high winds,No,16 - 20,13,Urban area,8,954,None,None,Other/Not known (2005-10),Not at or within 20 metres of junction,CITROEN,SAXO 1.0I MISCHIEF,Petrol,Male,None,No tow/articulation,Did not leave carriageway,0,Going ahead other,1,Car,No,Front,2010
201001QK50091,A,5,Unclassified,0,Slight,None,15-02-2010,Monday,1,Give way or uncontrolled,T or staggered junction,51.560941,Daylight,523470,186180,-0.220205,E01000553,2,3,0,4,Dry,Single carriageway,None,30,16:29:00,Urban,Fine no high winds,No,16 - 20,13,Data missing or out of range,NA,1389,None,None,Other/Not known (2005-10),Mid Junction - on roundabout or on main road,VAUXHALL,CORSA GLS,Petrol,Male,None,No tow/articulation,Did not leave carriageway,0,Slowing or stopping,3,Car,No,Back,2010
201001TW60206,A,313,Unclassified,0,Slight,None,06-07-2010,Tuesday,1,Give way or uncontrolled,T or staggered junction,51.427069,Daylight,516050,171110,-0.332148,E01003886,1,2,0,0,Dry,Single carriageway,None,30,16:40:00,Urban,Fine no high winds,No,16 - 20,13,Urban area,5,124,None,None,Other/Not known (2005-10),Approaching junction or waiting/parked at junction approach,YAMAHA,DT 125 R,Petrol,Male,None,No tow/articulation,Did not leave carriageway,0,Going ahead other,2,Motorcycle 125cc and under,No,Front,2010
201001TX20500,A,4,A,3002,Slight,None,29-07-2010,Thursday,1,Auto traffic signal,Crossroads,51.488133,Daylight,517180,177930,-0.313644,E01002565,1,2,0,5,Dry,Dual carriageway,None,40,19:20:00,Urban,Fine no high winds,No,16 - 20,13,Data missing or out of range,NA,1332,None,None,Other/Not known (2005-10),Approaching junction or waiting/parked at junction approach,TOYOTA,COROLLA KUDOS,Petrol,Male,None,No tow/articulation,Did not leave carriageway,0,Slowing or stopping,2,Car,No,Front,2010
201001TX20822,A,315,Unclassified,0,Slight,None,08-12-2010,Wednesday,1,Auto traffic signal,T or staggered junction,51.460333,Daylight,511530,174710,-0.396002,E01002589,1,2,0,0,Wet or damp,Single carriageway,None,30,10:30:00,Urban,Fine no high winds,No,16 - 20,13,Urban area,8,1124,None,None,Other/Not known (2005-10),Mid Junction - on roundabout or on main road,PEUGEOT,106 XL INDEPENDENCE,Petrol,Male,None,No tow/articulation,Did not leave carriageway,0,Turning left,1,Car,No,Front,2010
201001VW40182,A,217,Unclassified,0,Slight,None,25-05-2010,Tuesday,1,Give way or uncontrolled,T or staggered junction,51.399565,Daylight,527370,168320,-0.170408,E01003374,1,2,0,0,Dry,Dual carriageway,None,30,07:50:00,Urban,Fine no high winds,No,16 - 20,13,Urban area,3,1195,None,None,Other/Not known (2005-10),Mid Junction - on roundabout or on main road,VAUXHALL,CORSA GLS,Petrol,Male,None,No tow/articulation,Did not leave carriageway,0,Going ahead other,2,Car,No,Front,2010
201001WW50086,A,217,C,0,Slight,None,09-02-2010,Tuesday,1,Give way or uncontrolled,Mini-roundabout,51.432822,Daylight,526550,172000,-0.180877,E01004492,1,2,0,1,Dry,Roundabout,None,30,13:25:00,Urban,Fine no high winds,No,16 - 20,13,Urban area,3,1396,None,None,Other/Not known (2005-10),Mid Junction - on roundabout or on main road,ROVER,214,Petrol,Male,None,No tow/articulation,Did not leave carriageway,0,Going ahead other,1,Car,No,Nearside,2010
201001WW50467,A,3216,NA,0,Slight,None,02-07-2010,Friday,1,Data missing or out of range,Not at junction or within 20 metres,51.479174,Daylight,528640,177210,-0.148934,E01004561,1,2,0,0,Dry,Single carriageway,None,30,15:15:00,Urban,Fine no high winds,No,16 - 20,13,Urban area,3,2792,None,None,Commuting to/from work,Not at or within 20 metres of junction,VOLKSWAGEN,GOLF VR6,Petrol,Male,None,No tow/articulation,Did not leave carriageway,0,Slowing or stopping,1,Car,No,Front,2010
201001WW50791,A,3,Unclassified,0,Slight,None,13-10-2010,Wednesday,1,Give way or uncontrolled,T or staggered junction,51.457446,Daylight,526150,174730,-0.185656,E01004510,1,2,0,0,Dry,Single carriageway,None,30,17:30:00,Urban,Fine no high winds,No,16 - 20,13,Urban area,3,999,None,None,Other/Not known (2005-10),Mid Junction - on roundabout or on main road,VOLKSWAGEN,POLO 1.0 L,Petrol,Male,None,No tow/articulation,Did not leave carriageway,2,Turning left,1,Car,No,Nearside,2010
201001XH30168,A,40,NA,0,Slight,None,02-03-2010,Tuesday,1,Data missing or out of range,Not at junction or within 20 metres,51.547929,Daylight,510350,184430,-0.409942,E01002499,4,5,0,0,Dry,Dual carriageway,None,70,14:50:00,Urban,Fine no high winds,No,16 - 20,13,Urban area,6,1389,None,None,Other/Not known (2005-10),Not at or within 20 metres of junction,VAUXHALL,ASTRA GLS,Petrol,Male,None,No tow/articulation,Did not leave carriageway,0,Going ahead other,4,Car,No,Front,2010
201001YE80468,C,0,NA,0,Slight,None,22-06-2010,Tuesday,1,Data missing or out of range,Not at junction or within 20 metres,51.632904,Daylight,534180,194460,-0.062626,E01001480,2,2,0,0,Dry,Single carriageway,None,30,17:54:00,Urban,Fine no high winds,No,16 - 20,13,Urban area,2,1390,None,None,Other/Not known (2005-10),Not at or within 20 metres of junction,VOLKSWAGEN,POLO 1.4 CL,Petrol,Male,None,No tow/articulation,Did not leave carriageway,0,Going ahead other,2,Car,No,Front,2010
201001ZD30486,A,215,Unclassified,0,Slight,None,15-06-2010,Tuesday,1,Give way or uncontrolled,T or staggered junction,51.398455,Daylight,534140,168370,-0.073126,E01001191,1,2,0,1,Dry,Single carriageway,None,30,08:15:00,Urban,Fine no high winds,No,16 - 20,13,Urban area,3,1489,None,None,Other/Not known (2005-10),Mid Junction - on roundabout or on main road,MAZDA,323 ESTORIL,Petrol,Male,None,No tow/articulation,Did not leave carriageway,0,Turning right,2,Car,No,Front,2010
201004BA10047,A,588,NA,0,Slight,None,13-04-2010,Tuesday,1,Data missing or out of range,Not at junction or within 20 metres,53.9556,Daylight,344390,451390,-2.848956,E01025107,2,3,0,0,Dry,Single carriageway,None,50,17:33:00,Rural,Fine no high winds,No,16 - 20,13,Small town,7,999,None,None,Other/Not known (2005-10),Not at or within 20 metres of junction,VOLKSWAGEN,POLO 1.0 L,Petrol,Male,None,No tow/articulation,Did not leave carriageway,0,Slowing or stopping,3,Car,No,Front,2010
201004DL10125,Unclassified,0,Unclassified,0,Slight,None,09-12-2010,Thursday,1,Stop sign,Crossroads,53.77142,Daylight,353160,430800,-2.712169,E01025274,1,2,0,0,Wet or damp,Single carriageway,None,30,10:15:00,Urban,Fine no high winds,No,16 - 20,13,Urban area,6,1242,None,None,Other/Not known (2005-10),Approaching junction or waiting/parked at junction approach,FORD,FIESTA FUSION,Petrol,Male,Skidded,No tow/articulation,Did not leave carriageway,0,Slowing or stopping,1,Car,No,Front,2010
201004EA10013,A,666,A,6177,Slight,None,23-01-2010,Saturday,1,Auto traffic signal,More than 4 arms (not roundabout),53.743622,Daylight,368270,427580,-2.48259,E01012629,2,2,0,0,Dry,Single carriageway,None,30,10:53:00,Urban,Fine no high winds,No,16 - 20,13,Urban area,1,1149,None,None,Other/Not known (2005-10),Approaching junction or waiting/parked at junction approach,RENAULT,CLIO RL 1.2 VERSAILLES,Petrol,Male,None,No tow/articulation,Did not leave carriageway,0,Slowing or stopping,1,Car,No,Front,2010
201005AA01901,A,540,NA,0,Slight,None,22-02-2010,Monday,1,Data missing or out of range,Not at junction or within 20 metres,53.320382,Daylight,328100,380930,-3.080853,E01007191,1,2,0,8,Dry,Dual carriageway,None,40,17:05:00,Urban,Fine no high winds,No,16 - 20,13,Data missing or out of range,NA,1195,None,None,Commuting to/from work,Not at or within 20 metres of junction,VAUXHALL,CORSA MERIT 1.2,Petrol,Male,None,No tow/articulation,Offside on to central reservation,0,Going ahead other,1,Car,No,Nearside,2010
201005AA03482,B,5151,Unclassified,0,Slight,None,23-05-2010,Sunday,1,Give way or uncontrolled,T or staggered junction,53.340765,Daylight,332040,383140,-3.02219,E01007110,2,2,0,0,Dry,Dual carriageway,None,60,11:54:00,Rural,Fine no high winds,No,16 - 20,13,Urban area,9,1124,None,None,Other/Not known (2005-10),Mid Junction - on roundabout or on main road,CITROEN,SAXO SX,Petrol,Male,None,No tow/articulation,Did not leave carriageway,0,Going ahead other,2,Car,No,Front,2010