Accident_Index,1st_Road_Class,1st_Road_Number,2nd_Road_Class,2nd_Road_Number,Accident_Severity,Carriageway_Hazards,Date,Day_of_Week,Did_Police_Officer_Attend_Scene_of_Accident,Junction_Control,Junction_Detail,Latitude,Light_Conditions,Location_Easting_OSGR,Location_Northing_OSGR,Longitude,LSOA_of_Accident_Location,Number_of_Casualties,Number_of_Vehicles,Pedestrian_Crossing-Human_Control,Pedestrian_Crossing-Physical_Facilities,Road_Surface_Conditions,Road_Type,Special_Conditions_at_Site,Speed_limit,Time,Urban_or_Rural_Area,Weather_Conditions,InScotland,Age_Band_of_Driver,Age_of_Vehicle,Driver_Home_Area_Type,Driver_IMD_Decile,Engine_Capacity_.CC.,Hit_Object_in_Carriageway,Hit_Object_off_Carriageway,Journey_Purpose_of_Driver,Junction_Location,make,model,Propulsion_Code,Sex_of_Driver,Skidding_and_Overturning,Towing_and_Articulation,Vehicle_Leaving_Carriageway,Vehicle_Location.Restricted_Lane,Vehicle_Manoeuvre,Vehicle_Reference,Vehicle_Type,Was_Vehicle_Left_Hand_Drive,X1st_Point_of_Impact,Year
201006A034660,Unclassified,0,Unclassified,0,Slight,None,01-08-2010,Sunday,1,Give way or uncontrolled,Crossroads,53.477584,Daylight,384430,397900,-2.236074,E01005134,1,1,0,0,Dry,One way street,None,30,19:52:00,Urban,Fine no high winds,No,16 - 20,13,Urban area,1,49,None,None,Other/Not known (2005-10),Mid Junction - on roundabout or on main road,PEUGEOT,SPEEDFIGHT,Petrol,Male,None,No tow/articulation,Did not leave carriageway,0,Slowing or stopping,1,Motorcycle 50cc and under,No,Front,2010
201006K032022,C,0,Unclassified,0,Slight,None,27-05-2010,Thursday,1,Give way or uncontrolled,T or staggered junction,53.578922,Daylight,374080,409220,-2.39296,E01004801,1,2,1,0,Dry,Single carriageway,None,20,15:29:00,Urban,Fine no high winds,No,16 - 20,13,Urban area,1,1196,None,None,Other/Not known (2005-10),Approaching junction or waiting/parked at junction approach,VAUXHALL,CORSA LS 1.2I,Petrol,Male,None,No tow/articulation,Did not leave carriageway,0,Waiting to go - held up,1,Car,No,Front,2010
201006L033460,C,0,Unclassified,0,Slight,None,02-07-2010,Friday,1,Give way or uncontrolled,T or staggered junction,53.497168,Daylight,364080,400190,-2.54295,E01006325,1,3,0,0,Dry,Single carriageway,None,30,16:30:00,Urban,Fine no high winds,No,16 - 20,13,Urban area,2,1195,None,None,Other/Not known (2005-10),Mid Junction - on roundabout or on main road,VAUXHALL,CORSA BREEZE,Petrol,Male,None,No tow/articulation,Did not leave carriageway,0,Turning right,1,Car,No,Front,2010
201011NG11740,C,5,NA,0,Slight,None,14-05-2010,Friday,1,Not at junction or within 20 metres,Not at junction or within 20 metres,54.871812,Daylight,424750,553070,-1.615846,E01020617,1,1,0,0,Dry,Single carriageway,None,30,20:09:00,Urban,Fine no high winds,No,16 - 20,13,Urban area,5,1149,None,Other permanent object,Other/Not known (2005-10),Not at or within 20 metres of junction,RENAULT,CLIO BIARRITZ,Petrol,Male,None,No tow/articulation,Offside,0,Going ahead right-hand bend,1,Car,No,Front,2010
201014B049510,Unclassified,0,NA,0,Slight,None,19-04-2010,Monday,1,Not at junction or within 20 metres,Not at junction or within 20 metres,53.529653,Daylight,444960,403880,-1.323206,E01007371,4,2,0,0,Dry,Single carriageway,None,30,18:00:00,Rural,Fine no high winds,No,16 - 20,13,Urban area,5,1905,None,None,Other/Not known (2005-10),Not at or within 20 metres of junction,PEUGEOT,306 D TURBO,Heavy oil,Male,Skidded,No tow/articulation,Did not leave carriageway,0,Going ahead right-hand bend,1,Car,No,Front,2010
201014C130010,A,618,NA,0,Slight,None,28-10-2010,Thursday,1,Not at junction or within 20 metres,Not at junction or within 20 metres,53.405379,Daylight,444610,390050,-1.330444,E01007813,1,2,0,0,Dry,Single carriageway,None,40,08:44:00,Urban,Fine no high winds,No,16 - 20,13,Small town,4,1396,None,None,Pupil riding to/from school,Not at or within 20 metres of junction,ROVER,214 SI,Petrol,Male,None,No tow/articulation,Did not leave carriageway,0,Going ahead other,1,Car,No,Front,2010
201014K044210,Unclassified,0,Unclassified,0,Slight,None,12-02-2010,Friday,2,Give way or uncontrolled,T or staggered junction,53.416619,Daylight,434990,391220,-1.475012,E01007945,1,2,0,0,Dry,Single carriageway,None,30,08:20:00,Urban,Fine no high winds,No,16 - 20,13,Urban area,1,999,None,None,Journey as part of work,Approaching junction or waiting/parked at junction approach,VOLKSWAGEN,POLO 1.0 L,Petrol,Male,None,No tow/articulation,Did not leave carriageway,0,Going ahead other,1,Car,No,Nearside,2010
201014K052210,Unclassified,0,NA,0,Slight,None,11-02-2010,Thursday,1,Not at junction or within 20 metres,Not at junction or within 20 metres,53.370568,Daylight,439270,386130,-1.41125,E01008017,1,1,0,0,Dry,Single carriageway,None,30,16:53:00,Urban,Fine no high winds,No,16 - 20,13,Small town,6,1124,None,None,Other/Not known (2005-10),Not at or within 20 metres of junction,CITROEN,SAXO SX,Petrol,Male,None,No tow/articulation,Did not leave carriageway,0,Going ahead other,1,Car,No,Front,2010
2010160A00981,B,1210,NA,0,Slight,None,08-04-2010,Thursday,1,Data missing or out of range,Not at junction or within 20 metres,53.572296,Daylight,522500,410000,-0.151493,E01013223,3,4,0,0,Dry,Single carriageway,None,60,16:49:00,Rural,Fine no high winds,No,16 - 20,13,Rural,5,1124,None,None,Other/Not known (2005-10),Not at or within 20 metres of junction,CITROEN,SAXO X,Petrol,Male,Skidded,No tow/articulation,Did not leave carriageway,0,Going ahead other,1,Car,No,Front,2010
2010160C00671,A,614,Unclassified,0,Slight,None,14-02-2010,Sunday,1,Give way or uncontrolled,T or staggered junction,54.082714,Daylight,516370,466660,-0.222595,E01012946,1,3,0,0,Wet or damp,Single carriageway,None,40,12:30:00,Rural,Fine no high winds,No,16 - 20,13,Urban area,5,1195,None,None,Other/Not known (2005-10),Approaching junction or waiting/parked at junction approach,VAUXHALL,CORSA LS 1.2I,Petrol,Male,None,No tow/articulation,Did not leave carriageway,0,Going ahead other,2,Car,No,Back,2010
2010160C01271,A,1105,NA,0,Slight,None,27-02-2010,Saturday,1,Data missing or out of range,Not at junction or within 20 metres,53.724523,Daylight,501800,426450,-0.458584,E01013005,1,2,0,0,Wet or damp,Dual carriageway,None,60,12:32:00,Rural,Fine no high winds,No,16 - 20,13,Rural,7,998,None,None,Other/Not known (2005-10),Not at or within 20 metres of junction,NISSAN,MICRA PASSION,Petrol,Male,None,No tow/articulation,Did not leave carriageway,0,Going ahead other,2,Car,No,Front,2010
2010160C02551,A,63,NA,0,Slight,Vehicle load on road,20-05-2010,Thursday,1,Data missing or out of range,Not at junction or within 20 metres,53.725783,Daylight,498510,426520,-0.508407,E01013088,2,4,0,0,Dry,Dual carriageway,None,70,14:55:00,Rural,Fine no high winds,No,16 - 20,13,Small town,7,1196,None,None,Other/Not known (2005-10),Not at or within 20 metres of junction,VAUXHALL,CORSA BREEZE,Petrol,Male,None,No tow/articulation,Offside on to central reservation,0,Going ahead other,4,Car,No,Front,2010
2010160C04301,A,1105,Unclassified,0,Slight,None,31-07-2010,Saturday,1,Give way or uncontrolled,T or staggered junction,53.734017,Daylight,504230,427560,-0.421396,E01013010,1,2,0,0,Dry,Dual carriageway,None,40,18:33:00,Urban,Fine no high winds,No,16 - 20,13,Urban area,7,1196,None,None,Other/Not known (2005-10),Leaving main road,VAUXHALL,CORSA LS,Petrol,Male,Overturned,No tow/articulation,Did not leave carriageway,0,Turning right,1,Car,No,Front,2010
2010160D03301,Unclassified,0,NA,0,Slight,None,26-06-2010,Saturday,1,Data missing or out of range,Not at junction or within 20 metres,53.75847,Daylight,507260,430350,-0.374515,E01012756,1,2,0,0,Dry,Single carriageway,None,30,12:50:00,Urban,Fine no high winds,No,16 - 20,13,Urban area,1,1149,None,None,Other/Not known (2005-10),Not at or within 20 metres of junction,RENAULT,CLIO RL OASIS 1.2,Petrol,Male,None,No tow/articulation,Did not leave carriageway,0,Going ahead other,1,Car,No,Front,2010
2010160D07771,Unclassified,0,A,1105,Slight,None,28-10-2010,Thursday,2,Give way or uncontrolled,T or staggered junction,53.743301,Daylight,508060,428680,-0.36297,E01012855,1,2,0,0,Dry,Single carriageway,None,30,14:55:00,Urban,Fine no high winds,No,16 - 20,13,Urban area,1,1493,None,None,Other/Not known (2005-10),Mid Junction - on roundabout or on main road,HONDA,CIVIC 1.5I LS,Petrol,Male,None,No tow/articulation,Did not leave carriageway,0,Reversing,1,Car,No,Back,2010
2010170L40690,A,174,NA,0,Slight,None,12-04-2010,Monday,1,Data missing or out of range,Not at junction or within 20 metres,54.581667,Daylight,463580,521160,-1.017788,E01012138,2,2,0,0,Dry,Single carriageway,None,60,15:46:00,Rural,Fine no high winds,No,16 - 20,13,Small town,2,1242,None,None,Other/Not known (2005-10),Not at or within 20 metres of junction,FIAT,PUNTO ELX 85 16V,Petrol,Male,None,No tow/articulation,Did not leave carriageway,0,Going ahead other,2,Car,No,Front,2010
2010170M32240,A,19,NA,0,Slight,None,20-09-2010,Monday,1,Data missing or out of range,Not at junction or within 20 metres,54.53255,Daylight,446720,515490,-1.279521,E01012022,2,2,0,0,Dry,Slip road,None,70,17:30:00,Rural,Fine no high winds,No,16 - 20,13,Rural,7,1124,None,None,Commuting to/from work,Not at or within 20 metres of junction,CITROEN,SAXO X,Petrol,Male,None,No tow/articulation,Did not leave carriageway,0,Waiting to go - held up,1,Car,No,Back,2010
201020D066413,B,4128,Unclassified,0,Slight,None,15-03-2010,Monday,1,Give way or uncontrolled,T or staggered junction,52.473454,Daylight,408760,286180,-1.872473,E01009200,1,1,0,8,Dry,Single carriageway,None,30,08:30:00,Urban,Fine no high winds,No,16 - 20,13,Urban area,1,2771,None,None,Other/Not known (2005-10),Approaching junction or waiting/parked at junction approach,AUDI,A4 2.8 QUATTRO,Petrol,Male,None,No tow/articulation,Did not leave carriageway,0,Going ahead other,1,Car,No,Front,2010
201020N025810,Unclassified,0,Unclassified,0,Slight,None,05-07-2010,Monday,1,Give way or uncontrolled,Private drive or entrance,52.561173,Daylight,414190,295950,-1.792117,E01009452,1,3,0,0,Dry,Single carriageway,None,30,18:28:00,Urban,Fine no high winds,No,16 - 20,13,Urban area,3,1396,None,None,Other/Not known (2005-10),Leaving main road,ROVER,214 SI,Petrol,Male,None,No tow/articulation,Did not leave carriageway,0,Turning right,2,Car,No,Back,2010
201020S008980,Unclassified,0,Unclassified,0,Slight,None,07-05-2010,Friday,2,Give way or uncontrolled,Private drive or entrance,52.414945,Daylight,407610,279670,-1.88955,E01008974,1,2,0,0,Dry,Single carriageway,None,30,16:49:00,Urban,Fine no high winds,No,16 - 20,13,Urban area,5,1120,None,None,Other/Not known (2005-10),Mid Junction - on roundabout or on main road,ROVER,100 ASCOT,Petrol,Male,None,No tow/articulation,Did not leave carriageway,0,Going ahead other,1,Car,No,Front,2010
201020S017790,A,4123,B,4121,Slight,None,19-06-2010,Saturday,1,Give way or uncontrolled,Roundabout,52.460575,Daylight,401290,284740,-1.982453,E01009254,1,2,0,1,Dry,Dual carriageway,None,30,17:40:00,Urban,Fine no high winds,No,16 - 20,13,Urban area,6,1299,Kerb,Road sign or traffic signal,Other/Not known (2005-10),Approaching junction or waiting/parked at junction approach,FORD,KA,Petrol,Male,Skidded,No tow/articulation,Nearside,0,Changing lane to left,2,Car,No,Nearside,2010
201022C005305,Unclassified,0,NA,0,Slight,None,14-09-2010,Tuesday,2,Data missing or out of range,Not at junction or within 20 metres,52.132109,Daylight,378900,248250,-2.309688,E01032194,1,2,0,0,Dry,Single carriageway,None,20,13:34:00,Urban,Fine no high winds,No,16 - 20,13,Urban area,4,124,None,None,Other/Not known (2005-10),Not at or within 20 metres of junction,YAMAHA,,Petrol,Male,Skidded,No tow/articulation,Did not leave carriageway,0,Going ahead other,2,Motorcycle 125cc and under,No,Front,2010
201022D005831,Unclassified,0,NA,0,Slight,None,29-10-2010,Friday,2,Data missing or out of range,Not at junction or within 20 metres,52.326109,Daylight,391780,269790,-2.122049,E01032354,1,2,0,0,Wet or damp,Single carriageway,None,60,15:45:00,Rural,Fine no high winds,No,16 - 20,13,Rural,6,2495,None,None,Other/Not known (2005-10),Not at or within 20 metres of junction,LAND ROVER,90 DEFENDER TDI,Heavy oil,Male,None,No tow/articulation,Did not leave carriageway,0,Going ahead left-hand bend,1,Car,No,Offside,2010
201022E003244,A,4103,Unclassified,0,Slight,None,17-06-2010,Thursday,2,Give way or uncontrolled,T or staggered junction,52.082207,Daylight,355970,242850,-2.643966,E01014023,1,2,0,0,Dry,Single carriageway,None,40,11:31:00,Rural,Fine no high winds,No,16 - 20,13,Urban area,3,599,None,None,Other/Not known (2005-10),Mid Junction - on roundabout or on main road,KAWASAKI,ZX 600-F3,Petrol,Male,Skidded,No tow/articulation,Did not leave carriageway,0,Overtaking static vehicle - offside,1,Motorcycle over 500cc,No,Front,2010
201022E004396,A,465,Unclassified,0,Slight,None,31-08-2010,Tuesday,1,Give way or uncontrolled,T or staggered junction,52.060463,Daylight,351800,240470,-2.704478,E01013988,1,2,0,0,Dry,Single carriageway,None,30,17:49:00,Urban,Fine no high winds,No,16 - 20,13,Urban area,3,1196,None,None,Commuting to/from work,Mid Junction - on roundabout or on main road,VAUXHALL,CORSA BREEZE,Petrol,Male,None,No tow/articulation,Did not leave carriageway,0,Waiting to turn right,1,Car,No,Front,2010
201022E006286,A,4172,Unclassified,0,Slight,None,16-12-2010,Thursday,1,Give way or uncontrolled,Other junction,52.032702,Daylight,366700,237260,-2.486842,E01014014,1,2,0,0,Frost or ice,Single carriageway,None,60,11:30:00,Rural,Fine no high winds,No,16 - 20,13,Rural,6,1396,None,None,Other/Not known (2005-10),Approaching junction or waiting/parked at junction approach,ROVER,214 SI,Petrol,Male,None,No tow/articulation,Did not leave carriageway,0,Going ahead other,1,Car,No,Front,2010
201022F003007,A,495,Unclassified,0,Slight,None,14-06-2010,Monday,2,Give way or uncontrolled,T or staggered junction,52.897537,Daylight,337610,333750,-2.928925,E01028872,3,2,0,0,Dry,Single carriageway,None,60,20:20:00,Rural,Fine no high winds,No,16 - 20,13,Small town,9,1149,None,None,Other/Not known (2005-10),Entering main road,RENAULT,CLIO RL PARIS,Petrol,Male,None,No tow/articulation,Did not leave carriageway,0,Turning left,1,Car,No,Front,2010
201022F003376,A,5,B,5009,Slight,None,04-07-2010,Sunday,1,Give way or uncontrolled,T or staggered junction,52.9018,Daylight,329910,334330,-3.043496,E01028911,1,2,0,0,Dry,Single carriageway,None,60,18:15:00,Rural,Fine no high winds,No,16 - 20,13,Small town,3,1360,None,None,Other/Not known (2005-10),Entering main road,CITROEN,SAXO SX,Petrol,Male,None,No tow/articulation,Did not leave carriageway,0,Turning left,1,Car,No,Offside,2010
201022F003792,A,483,NA,0,Slight,None,26-07-2010,Monday,1,Data missing or out of range,Not at junction or within 20 metres,52.823825,Daylight,328860,325670,-3.05721,E01028922,1,1,0,0,Wet or damp,Single carriageway,None,60,06:00:00,Rural,Fine no high winds,No,16 - 20,13,Rural,NA,1195,None,Other permanent object,Commuting to/from work,Not at or within 20 metres of junction,VAUXHALL,CORSA MERIT 1.2,Petrol,Male,Skidded and overturned,No tow/articulation,Nearside,0,Going ahead other,1,Car,No,Front,2010
201030C000467,Unclassified,0,NA,0,Slight,None,24-07-2010,Saturday,1,Data missing or out of range,Not at junction or within 20 metres,53.253732,Daylight,437850,373120,-1.43414,E01019569,1,3,0,0,Dry,Single carriageway,None,30,11:00:00,Urban,Fine no high winds,No,16 - 20,13,Urban area,10,1390,None,None,Other/Not known (2005-10),Not at or within 20 metres of junction,VOLKSWAGEN,POLO 1.4 L,Petrol,Male,None,No tow/articulation,Did not leave carriageway,0,Going ahead other,1,Car,No,Front,2010
201030C000503,C,104,Unclassified,0,Slight,None,11-08-2010,Wednesday,1,Give way or uncontrolled,T or staggered junction,53.225593,Daylight,440360,370010,-1.396914,E01019821,1,2,0,0,Dry,Single carriageway,None,30,19:00:00,Urban,Fine no high winds,No,16 - 20,13,Small town,5,1905,None,None,Other/Not known (2005-10),Mid Junction - on roundabout or on main road,PEUGEOT,306 D TURBO,Heavy oil,Male,None,No tow/articulation,Did not leave carriageway,0,Going ahead other,2,Car,No,Front,2010
201030D000456,C,34,NA,0,Slight,None,23-05-2010,Sunday,1,Data missing or out of range,Not at junction or within 20 metres,52.785446,Daylight,436020,321010,-1.467368,E01019843,2,2,0,0,Dry,Single carriageway,None,60,13:21:00,Rural,Fine no high winds,No,16 - 20,13,Urban area,5,2499,None,Other permanent object,Other/Not known (2005-10),Not at or within 20 metres of junction,VAUXHALL,FRONTERA TDS,Heavy oil,Male,None,No tow/articulation,Offside,0,Going ahead right-hand bend,2,Car,No,Offside,2010
20103102A1234,Unclassified,0,NA,0,Slight,None,06-06-2010,Sunday,1,Data missing or out of range,Not at junction or within 20 metres,53.138772,Daylight,454440,360490,-1.187648,E01028269,1,1,0,0,Wet or damp,Single carriageway,None,30,12:05:00,Urban,Fine no high winds,No,16 - 20,13,Urban area,1,1994,None,None,Other/Not known (2005-10),Not at or within 20 metres of junction,ROVER,220 SDI,Heavy oil,Male,None,No tow/articulation,Did not leave carriageway,0,Moving off,1,Car,No,Did not impact,2010
20103102B1306,A,614,A,638,Slight,None,12-06-2010,Saturday,2,Give way or uncontrolled,Roundabout,53.42134,Daylight,464920,392060,-1.024568,E01028027,1,1,0,0,Dry,Roundabout,None,60,12:45:00,Rural,Fine no high winds,No,16 - 20,13,Rural,6,1299,None,None,Other/Not known (2005-10),Leaving roundabout,FORD,KA,Petrol,Male,Skidded,No tow/articulation,Nearside,0,Going ahead right-hand bend,1,Car,No,Front,2010
20103102C2145,A,610,A,6514,Slight,None,19-09-2010,Sunday,2,Auto traffic signal,Crossroads,52.972544,Daylight,454770,342000,-1.185855,E01013934,1,2,0,5,Dry,Dual carriageway,None,40,17:30:00,Urban,Fine no high winds,No,16 - 20,13,Urban area,3,999,None,None,Other/Not known (2005-10),Approaching junction or waiting/parked at junction approach,VOLKSWAGEN,POLO 1.0 L,Petrol,Male,None,No tow/articulation,Did not leave carriageway,0,Changing lane to right,2,Car,No,Front,2010
20103102C3051,Unclassified,0,Unclassified,0,Slight,None,06-12-2010,Monday,1,Give way or uncontrolled,Crossroads,52.993481,Daylight,453940,344320,-1.197827,E01013876,1,2,0,0,Wet or damp,Single carriageway,None,30,13:25:00,Urban,Fine no high winds,No,16 - 20,13,Urban area,4,1149,None,None,Other/Not known (2005-10),Approaching junction or waiting/parked at junction approach,RENAULT,CLIO RL 1.2 VERSAILLES,Petrol,Male,None,No tow/articulation,Did not leave carriageway,0,Going ahead other,1,Car,No,Front,2010
20103102D1211,B,6464,Unclassified,0,Slight,None,16-04-2010,Friday,1,Give way or uncontrolled,Private drive or entrance,52.925974,Daylight,453070,336800,-1.212017,E01028073,2,2,0,0,Dry,Single carriageway,None,30,15:30:00,Urban,Fine no high winds,No,16 - 20,13,Urban area,7,599,None,None,Other/Not known (2005-10),Mid Junction - on roundabout or on main road,SUZUKI,GSF 600 V,Petrol,Male,Skidded,No tow/articulation,Did not leave carriageway,0,Going ahead other,2,Motorcycle over 500cc,No,Front,2010
201032B213110,C,808,C,809,Slight,None,28-07-2010,Wednesday,1,Give way or uncontrolled,Crossroads,52.765629,Daylight,526570,320320,-0.125521,E01026268,1,2,0,0,Dry,Single carriageway,None,60,16:10:00,Rural,Fine no high winds,No,16 - 20,13,Urban area,5,1590,None,None,Other/Not known (2005-10),Approaching junction or waiting/parked at junction approach,SUZUKI,VITARA JX SPORT,Petrol,Male,Skidded,No tow/articulation,Did not leave carriageway,0,Going ahead other,1,Car,No,Front,2010
201032B313210,A,151,Unclassified,0,Slight,None,19-10-2010,Tuesday,1,Give way or uncontrolled,Other junction,52.803252,Daylight,534110,324710,-0.012042,E01026286,2,2,0,0,Wet or damp,Single carriageway,None,60,09:20:00,Rural,Fine no high winds,No,16 - 20,13,Small town,5,2874,None,None,Journey as part of work,Approaching junction or waiting/parked at junction approach,MERCEDES,312D LWB,Heavy oil,Male,None,No tow/articulation,Did not leave carriageway,0,Going ahead other,1,Van / Goods 3.5 tonnes mgw or under,No,Back,2010
201032C181410,B,1183,C,885,Slight,None,29-06-2010,Tuesday,1,Give way or uncontrolled,Crossroads,52.998967,Daylight,532860,346460,-0.02169,E01026022,2,2,0,0,Dry,Single carriageway,None,50,05:35:00,Rural,Fine no high winds,No,16 - 20,13,Data missing or out of range,NA,1388,None,None,Commuting to/from work,Approaching junction or waiting/parked at junction approach,FORD,FIESTA CHICANE,Petrol,Male,None,No tow/articulation,Did not leave carriageway,0,Going ahead other,1,Car,No,Front,2010
201032D128610,A,46,NA,0,Slight,None,10-05-2010,Monday,1,Data missing or out of range,Not at junction or within 20 metres,53.274495,Daylight,500120,376330,-0.50002,E01026394,3,3,0,0,Dry,Single carriageway,None,50,16:30:00,Rural,Fine no high winds,No,16 - 20,13,Small town,7,1195,None,None,Other/Not known (2005-10),Not at or within 20 metres of junction,VAUXHALL,CORSA LS 1.2I,Petrol,Male,None,No tow/articulation,Did not leave carriageway,0,Slowing or stopping,2,Car,No,Back,2010
201032D383610,C,201,A,156,Slight,None,09-12-2010,Thursday,2,Give way or uncontrolled,T or staggered junction,53.387256,Daylight,481910,388530,-0.769879,E01026382,2,2,0,4,Wet or damp,Single carriageway,None,30,14:00:00,Urban,Fine no high winds,No,16 - 20,13,Urban area,2,1242,None,None,Other/Not known (2005-10),Approaching junction or waiting/parked at junction approach,FORD,FIESTA BASE,Petrol,Male,None,No tow/articulation,Did not leave carriageway,0,Going ahead other,1,Car,No,Front,2010
201045WA54779,A,283,Unclassified,143,Slight,None,01-11-2019,Wednesday,1,Authorised person,T or staggered junction,25.77425548,Daylight,494630,140580,87.4705116,E01030942,1,2,0,1,Dry,One way street,None,30,11:45:00,Rural,Fine no high winds,No,16 - 20,13,Urban area,8,1390,None,None,Other/Not known (2005-10),Approaching junction or waiting/parked at junction approach,VOLKSWAGEN,POLO 1.4 CL,Petrol,Female,None,No tow/articulation,Did not leave carriageway,0,Slowing or stopping,2,Car,No,Offside,2019
201054EC44610,A,338,NA,0,Slight,None,01-11-2019,Thursday,1,Not at junction or within 20 metres,Not at junction or within 20 metres,22.09099618,Daylight,432270,164520,82.1568518,E01031877,1,1,0,0,Frost or ice,Single carriageway,None,60,07:00:00,Rural,Fine no high winds,No,16 - 20,13,Small town,5,1149,None,None,Commuting to/from work,Not at or within 20 metres of junction,RENAULT,CLIO RL 1.2 VERSAILLES,Petrol,Female,Skidded and overturned,No tow/articulation,Did not leave carriageway,0,Going ahead other,1,Car,No,Front,2019
201050AH2R021,A,394,B,3304,Slight,None,22-04-2021,Thursday,1,Give way or uncontrolled,Mini-roundabout,15.26486507,Daylight,165680,27260,74.13989934,E01018887,1,2,0,0,Dry,Roundabout,None,30,16:00:00,Urban,Fine no high winds,No,16 - 20,13,Small town,3,1299,None,None,Other/Not known (2005-10),Mid Junction - on roundabout or on main road,FORD,KA,Petrol,Female,None,No tow/articulation,Did not leave carriageway,0,Turning right,1,Car,No,Offside,2019
201050GP2D011,A,39,C,7,Slight,None,19-03-2020,Friday,1,Give way or uncontrolled,Roundabout,23.01469835,Daylight,176860,34060,72.55480029,E01018899,1,2,0,0,Dry,Single carriageway,None,60,09:06:00,Rural,Fine no high winds,No,16 - 20,13,Urban area,2,1242,None,None,Other/Not known (2005-10),Approaching junction or waiting/parked at junction approach,FIAT,PUNTO SX 60,Petrol,Female,None,No tow/articulation,Did not leave carriageway,0,Slowing or stopping,2,Car,No,Back,2019
201037L018537,C,909,Unclassified,6110,Slight,None,30-01-2020,Thursday,1,Give way or uncontrolled,T or staggered junction,22.97756393,Daylight,653950,293380,72.57251494,E01030261,1,2,0,0,Dry,Single carriageway,None,30,21:15:00,Urban,Fine no high winds,No,16 - 20,13,Urban area,3,1596,Parked vehicle,None,Other/Not known (2005-10),Approaching junction or waiting/parked at junction approach,BMW,316I,Petrol,Female,None,No tow/articulation,Did not leave carriageway,0,Going ahead other,1,Car,No,Front,2019
201045WO52413,Unclassified,3665,NA,0,Slight,None,12-12-2019,Sunday,1,Data missing or out of range,Not at junction or within 20 metres,23.04923921,Daylight,501170,159360,72.55593989,E01030983,1,4,0,0,Dry,Single carriageway,None,30,11:16:00,Urban,Fine no high winds,No,16 - 20,13,Urban area,4,1390,None,None,Other/Not known (2005-10),Not at or within 20 metres of junction,VOLKSWAGEN,POLO 1.4 CL,Petrol,Female,None,No tow/articulation,Did not leave carriageway,0,Going ahead other,1,Car,No,Front,2019
201042I075503,B,149,NA,0,Slight,None,16-02-2020,Monday,1,Not at junction or within 20 metres,Not at junction or within 20 metres,23.05830985,Daylight,563310,178770,72.53213498,E01015967,3,2,0,0,Dry,Single carriageway,None,30,11:11:00,Rural,Fine no high winds,No,16 - 20,13,Urban area,10,1299,None,None,Journey as part of work,Not at or within 20 metres of junction,FORD,KA 2,Petrol,Female,None,No tow/articulation,Did not leave carriageway,0,U-turn,1,Car,No,Offside,2019
201043N030080,B,4443,Unclassified,2117,Slight,None,11-11-2020,Friday,1,Auto traffic signal,Other junction,28.47944452,Daylight,482190,212900,77.01372091,E01017688,1,1,0,1,Dry,Single carriageway,None,30,16:18:00,Urban,Fine no high winds,No,16 - 20,13,Urban area,9,1390,None,None,Other/Not known (2005-10),Mid Junction - on roundabout or on main road,VOLKSWAGEN,POLO 1.4 CL,Petrol,Female,None,No tow/articulation,Did not leave carriageway,0,Going ahead other,1,Car,No,Offside,2019
201045RU54396,A,318,C,127,Slight,None,16-12-2021,Thursday,1,Give way or uncontrolled,Roundabout,28.41544276,Daylight,504970,164930,77.067712,E01030650,1,2,0,0,Dry,Roundabout,None,30,16:00:00,Urban,Fine no high winds,No,16 - 20,13,Urban area,4,1299,None,None,Other/Not known (2005-10),Entering roundabout,FORD,KA,Petrol,Female,None,No tow/articulation,Did not leave carriageway,0,Going ahead other,1,Car,No,Front,2019
201042I255807,A,176,NA,0,Slight,None,29-03-2020,Friday,1,Not at junction or within 20 metres,Not at junction or within 20 metres,22.76392918,Daylight,570060,188050,75.90798559,E01021297,2,4,0,0,Dry,Single carriageway,None,40,18:20:00,Urban,Fine no high winds,No,16 - 20,13,Urban area,4,1242,None,None,Other/Not known (2005-10),Not at or within 20 metres of junction,FORD,FIESTA CHICANE,Petrol,Female,None,No tow/articulation,Did not leave carriageway,0,Slowing or stopping,2,Car,No,Back,2020
201037B045994,A,14,NA,0,Slight,None,13-04-2021,Wednesday,1,Data missing or out of range,Not at junction or within 20 metres,26.44214695,Daylight,607130,258360,80.32924628,E01030081,1,2,0,0,Dry,Dual carriageway,None,70,07:40:00,Rural,Fine no high winds,No,16 - 20,13,Rural,9,1390,None,Central crash barrier,Commuting to/from work,Not at or within 20 metres of junction,VOLKSWAGEN,POLO 1.4 CL,Petrol,Female,None,No tow/articulation,Offside on to central reservation,0,Changing lane to right,1,Car,No,Offside,2020
201050BT2A006,A,374,A,387,Slight,None,17-07-2021,Friday,1,Give way or uncontrolled,T or staggered junction,26.44174814,Daylight,233560,57250,80.32239741,E01018785,2,2,0,0,Dry,Single carriageway,None,60,15:33:00,Rural,Fine no high winds,No,16 - 20,13,Urban area,7,1389,None,None,Other/Not known (2005-10),Approaching junction or waiting/parked at junction approach,VAUXHALL,TIGRA BLUE,Petrol,Female,None,No tow/articulation,Did not leave carriageway,0,Changing lane to left,1,Car,No,Front,2020
20104100C1001,Unclassified,661,NA,0,Slight,None,24-05-2019,Tuesday,2,Not at junction or within 20 metres,Not at junction or within 20 metres,28.56993594,Daylight,510060,200460,77.12807162,E01023907,2,1,0,4,Dry,Single carriageway,None,20,15:15:00,Urban,Fine no high winds,No,16 - 20,13,Urban area,6,998,None,None,Other/Not known (2005-10),Not at or within 20 metres of junction,NISSAN,MICRA PASSION,Petrol,Female,None,No tow/articulation,Did not leave carriageway,0,Going ahead other,1,Car,No,Nearside,2020