Accident_Index,1st_Road_Class,1st_Road_Number,2nd_Road_Class,2nd_Road_Number,Accident_Severity,Carriageway_Hazards,Date,Day_of_Week,Did_Police_Officer_Attend_Scene_of_Accident,Junction_Control,Junction_Detail,Latitude,Light_Conditions,Location_Easting_OSGR,Location_Northing_OSGR,Longitude,LSOA_of_Accident_Location,Number_of_Casualties,Number_of_Vehicles,Pedestrian_Crossing-Human_Control,Pedestrian_Crossing-Physical_Facilities,Road_Surface_Conditions,Road_Type,Special_Conditions_at_Site,Speed_limit,Time,Urban_or_Rural_Area,Weather_Conditions,InScotland,Age_Band_of_Driver,Age_of_Vehicle,Driver_Home_Area_Type,Driver_IMD_Decile,Engine_Capacity_.CC.,Hit_Object_in_Carriageway,Hit_Object_off_Carriageway,Journey_Purpose_of_Driver,Junction_Location,make,model,Propulsion_Code,Sex_of_Driver,Skidding_and_Overturning,Towing_and_Articulation,Vehicle_Leaving_Carriageway,Vehicle_Location.Restricted_Lane,Vehicle_Manoeuvre,Vehicle_Reference,Vehicle_Type,Was_Vehicle_Left_Hand_Drive,X1st_Point_of_Impact,Year
201014K228810,B,6200,A,6102,Slight,None,02-09-2010,Thursday,2,Auto traffic signal,Crossroads,53.38503,Daylight,439390,387740,-1.409247,E01007907,2,2,0,5,Dry,Single carriageway,None,30,14:30:00,Urban,Fine no high winds,No,16 - 20,13,Urban area,2,1299,None,None,Other/Not known (2005-10),Approaching junction or waiting/parked at junction approach,FORD,KA,Petrol,Female,None,No tow/articulation,Did not leave carriageway,0,Waiting to go - held up,1,Car,No,Back,2010
2010160B02411,Unclassified,0,NA,0,Slight,None,25-06-2010,Friday,2,Data missing or out of range,Not at junction or within 20 metres,53.586649,Daylight,489190,410850,-0.654114,E01013332,1,3,0,0,Dry,Single carriageway,None,30,14:40:00,Urban,Fine no high winds,No,16 - 20,13,Rural,7,998,None,None,Taking pupil to/from school,Not at or within 20 metres of junction,NISSAN,MICRA VIBE,Petrol,Female,None,No tow/articulation,Did not leave carriageway,0,Waiting to go - held up,2,Car,No,Back,2010
2010160C08101,B,1249,NA,0,Slight,None,16-11-2010,Tuesday,1,Data missing or out of range,Not at junction or within 20 metres,53.977198,Daylight,516590,454920,-0.223736,E01012986,1,1,0,0,Frost or ice,Single carriageway,Mud,60,14:50:00,Rural,Fine no high winds,No,16 - 20,13,Rural,7,999,Kerb,Other permanent object,Other/Not known (2005-10),Not at or within 20 metres of junction,VOLKSWAGEN,POLO 1.0 L,Petrol,Female,Skidded,No tow/articulation,Offside,0,Going ahead left-hand bend,1,Car,No,Front,2010
2010160D04221,Unclassified,0,NA,0,Slight,None,28-05-2010,Friday,2,Data missing or out of range,Not at junction or within 20 metres,53.777983,Daylight,510620,432600,-0.322767,E01012906,1,3,0,0,Dry,Single carriageway,None,30,12:45:00,Urban,Fine no high winds,No,16 - 20,13,Urban area,4,1124,None,None,Commuting to/from work,Not at or within 20 metres of junction,CITROEN,SAXO X,Petrol,Female,None,No tow/articulation,Did not leave carriageway,0,Going ahead right-hand bend,1,Car,No,Offside,2010
201020H002590,A,4124,Unclassified,0,Slight,None,23-04-2010,Friday,1,Give way or uncontrolled,T or staggered junction,52.631385,Daylight,401880,303740,-1.973667,E01010347,1,2,0,4,Dry,Single carriageway,None,30,18:00:00,Urban,Fine no high winds,No,16 - 20,13,Urban area,7,1196,None,None,Other/Not known (2005-10),Mid Junction - on roundabout or on main road,VAUXHALL,CORSA BREEZE,Petrol,Female,None,No tow/articulation,Did not leave carriageway,0,Going ahead other,2,Car,No,Front,2010
201020H005760,A,461,Unclassified,0,Slight,None,19-07-2010,Monday,1,Give way or uncontrolled,T or staggered junction,52.611332,Daylight,403020,301510,-1.956843,E01010321,1,2,0,0,Dry,Single carriageway,None,30,12:10:00,Urban,Fine no high winds,No,16 - 20,13,Urban area,3,1299,None,None,Other/Not known (2005-10),Entering main road,FORD,KA 2,Petrol,Female,None,No tow/articulation,Did not leave carriageway,0,Turning left,1,Car,No,Offside,2010
201020H010811,A,461,NA,0,Slight,None,01-03-2010,Monday,2,Data missing or out of range,Not at junction or within 20 metres,52.605311,Daylight,402580,300840,-1.963346,E01010324,1,2,0,0,Dry,Single carriageway,None,30,09:30:00,Urban,Fine no high winds,No,16 - 20,13,Rural,3,2496,None,None,Other/Not known (2005-10),Not at or within 20 metres of junction,FORD,TRANSIT 80 SWB,Heavy oil,Female,None,No tow/articulation,Did not leave carriageway,0,Going ahead other,2,Van / Goods 3.5 tonnes mgw or under,No,Nearside,2010
201022D003467,A,4023,Unclassified,0,Slight,None,03-07-2010,Saturday,1,Give way or uncontrolled,Roundabout,52.311913,Daylight,407830,268210,-1.886579,E01032241,1,2,0,0,Dry,Single carriageway,None,40,10:10:00,Urban,Fine no high winds,No,16 - 20,13,Urban area,5,1124,None,None,Other/Not known (2005-10),Leaving roundabout,PEUGEOT,106 XL INDEPENDENCE,Petrol,Female,None,No tow/articulation,Did not leave carriageway,0,Turning left,1,Car,No,Nearside,2010
201022E004486,B,4352,NA,0,Slight,None,09-09-2010,Thursday,2,Data missing or out of range,Not at junction or within 20 metres,52.040128,Daylight,343100,238300,-2.831003,E01014079,2,2,0,0,Dry,Single carriageway,None,60,17:50:00,Rural,Fine no high winds,No,16 - 20,13,Rural,5,1124,Parked vehicle,None,Other/Not known (2005-10),Not at or within 20 metres of junction,PEUGEOT,106 EXTRA TIME,Petrol,Female,Skidded,No tow/articulation,Did not leave carriageway,0,Going ahead left-hand bend,1,Car,No,Front,2010
201030C000352,B,6052,Unclassified,0,Slight,None,16-06-2010,Wednesday,1,Give way or uncontrolled,T or staggered junction,53.305462,Daylight,442020,378910,-1.370877,E01019792,1,2,0,0,Dry,Single carriageway,None,30,19:45:00,Rural,Fine no high winds,No,16 - 20,13,Urban area,4,1299,None,None,Journey as part of work,Approaching junction or waiting/parked at junction approach,FORD,KA,Petrol,Female,None,No tow/articulation,Did not leave carriageway,0,Going ahead other,1,Car,No,Front,2010
201030D000736,A,514,A,5111,Slight,None,09-08-2010,Monday,1,Auto traffic signal,Roundabout,52.891548,Daylight,436910,332820,-1.45284,E01013497,2,2,0,0,Dry,Roundabout,None,30,18:35:00,Urban,Fine no high winds,No,16 - 20,13,Urban area,5,1299,None,None,Other/Not known (2005-10),Mid Junction - on roundabout or on main road,FORD,KA,Petrol,Female,None,No tow/articulation,Did not leave carriageway,0,Going ahead other,2,Car,No,Front,2010
20103102A2472,B,6021,Unclassified,0,Slight,None,14-09-2010,Tuesday,1,Give way or uncontrolled,Mini-roundabout,53.106352,Daylight,450500,356840,-1.247114,E01027952,1,2,0,0,Wet or damp,Roundabout,None,30,17:19:00,Urban,Fine no high winds,No,16 - 20,13,Urban area,3,1120,None,None,Other/Not known (2005-10),Approaching junction or waiting/parked at junction approach,ROVER,100 ASCOT SE,Petrol,Female,None,No tow/articulation,Did not leave carriageway,0,Slowing or stopping,1,Car,No,Front,2010
20103102B1155,B,6044,Unclassified,0,Slight,None,27-05-2010,Thursday,1,Give way or uncontrolled,T or staggered junction,53.318102,Daylight,470340,380650,-0.945559,E01028020,1,2,0,0,Dry,Single carriageway,None,30,17:44:00,Urban,Fine no high winds,No,16 - 20,13,Urban area,4,999,None,None,Other/Not known (2005-10),Entering main road,VOLKSWAGEN,POLO 1.0 L,Petrol,Female,None,No tow/articulation,Did not leave carriageway,0,Turning left,1,Car,No,Front,2010
201032D127510,A,607,NA,0,Slight,None,30-04-2010,Friday,1,Data missing or out of range,Not at junction or within 20 metres,53.090252,Daylight,497860,355780,-0.540185,E01026196,2,2,0,0,Wet or damp,Single carriageway,None,60,15:25:00,Rural,Fine no high winds,No,16 - 20,13,Rural,6,1905,None,None,Other/Not known (2005-10),Not at or within 20 metres of junction,PEUGEOT,306 LX DT,Heavy oil,Female,None,No tow/articulation,Nearside,0,Going ahead other,2,Car,No,Offside,2010
201050GA2D030,B,3274,Unclassified,0,Slight,None,31-01-2021,Wednesday,1,Give way or uncontrolled,T or staggered junction,8.875311321,Daylight,201070,56830,76.67048029,E01019076,1,2,0,0,Wet or damp,Single carriageway,None,30,13:19:00,Rural,Fog or mist,No,16 - 20,13,Urban area,3,1149,None,None,Other/Not known (2005-10),Approaching junction or waiting/parked at junction approach,RENAULT,CLIO BIARRITZ,Petrol,Male,None,No tow/articulation,Did not leave carriageway,0,Going ahead other,1,Car,No,Front,2020
201050GA2D030,B,3274,Unclassified,0,Slight,None,29-12-2010,Wednesday,1,Give way or uncontrolled,T or staggered junction,50.377575,Daylight,201070,56830,-4.799282,E01019076,1,2,0,0,Wet or damp,Single carriageway,None,30,13:19:00,Rural,Fog or mist,No,16 - 20,13,Urban area,3,1149,None,None,Other/Not known (2005-10),Approaching junction or waiting/parked at junction approach,RENAULT,CLIO BIARRITZ,Petrol,Male,None,No tow/articulation,Did not leave carriageway,0,Going ahead other,1,Car,No,Front,2010
2010400C03518,Unclassified,0,Unclassified,0,Slight,None,23-09-2019,Tuesday,2,Give way or uncontrolled,T or staggered junction,22.06613792,Daylight,505630,225320,82.11360227,E01015804,2,2,0,0,Frost or ice,Single carriageway,None,30,18:04:00,Urban,Other,No,16 - 20,13,Urban area,4,1195,None,None,Other/Not known (2005-10),Approaching junction or waiting/parked at junction approach,VAUXHALL,CORSA VEGAS,Petrol,Female,None,No tow/articulation,Did not leave carriageway,0,Going ahead other,2,Car,No,Front,2019
201043P099070,Unclassified,141,Unclassified,0,Slight,None,17-04-2019,Thursday,1,Give way or uncontrolled,T or staggered junction,22.10495768,Daylight,456860,191750,82.1409074,E01028607,2,2,0,0,Wet or damp,Single carriageway,None,60,18:46:00,Rural,Other,No,16 - 20,13,Urban area,8,1124,None,None,Other/Not known (2005-10),Approaching junction or waiting/parked at junction approach,CITROEN,SAXO X,Petrol,Female,None,No tow/articulation,Did not leave carriageway,0,Going ahead other,1,Car,No,Front,2019
201045WO53013,A,322,Unclassified,0,Slight,None,08-07-2019,Saturday,1,Give way or uncontrolled,Private drive or entrance,19.15392379,Daylight,496310,155830,72.84859822,E01030944,1,1,0,0,Wet or damp,Single carriageway,None,40,07:10:00,Urban,Other,No,16 - 20,13,Urban area,10,1781,None,None,Other/Not known (2005-10),Entering from slip road,AUDI,A3 1.8,Petrol,Female,None,No tow/articulation,Did not leave carriageway,0,Going ahead other,1,Car,No,Did not impact,2021
2010400C03518,Unclassified,0,Unclassified,0,Slight,None,30-11-2010,Tuesday,2,Give way or uncontrolled,T or staggered junction,51.916355,Daylight,505630,225320,-0.46559,E01015804,2,2,0,0,Frost or ice,Single carriageway,None,30,18:04:00,Urban,Other,No,16 - 20,13,Urban area,4,1195,None,None,Other/Not known (2005-10),Approaching junction or waiting/parked at junction approach,VAUXHALL,CORSA VEGAS,Petrol,Female,None,No tow/articulation,Did not leave carriageway,0,Going ahead other,2,Car,No,Front,2010
201043P099070,Unclassified,141,Unclassified,0,Slight,None,15-07-2010,Thursday,1,Give way or uncontrolled,T or staggered junction,51.621658,Daylight,456860,191750,-1.180066,E01028607,2,2,0,0,Wet or damp,Single carriageway,None,60,18:46:00,Rural,Other,No,16 - 20,13,Urban area,8,1124,None,None,Other/Not known (2005-10),Approaching junction or waiting/parked at junction approach,CITROEN,SAXO X,Petrol,Female,None,No tow/articulation,Did not leave carriageway,0,Going ahead other,1,Car,No,Front,2010
201045WO53013,A,322,Unclassified,0,Slight,None,07-08-2010,Saturday,1,Give way or uncontrolled,Private drive or entrance,51.293408,Daylight,496310,155830,-0.620124,E01030944,1,1,0,0,Wet or damp,Single carriageway,None,40,07:10:00,Urban,Other,No,16 - 20,13,Urban area,10,1781,None,None,Other/Not known (2005-10),Entering from slip road,AUDI,A3 1.8,Petrol,Female,None,No tow/articulation,Did not leave carriageway,0,Going ahead other,1,Car,No,Did not impact,2010
201050CI2A008,B,3343,NA,0,Slight,None,14-11-2021,Saturday,1,Not at junction or within 20 metres,Not at junction or within 20 metres,22.08708213,Daylight,247710,143470,82.1475291,E01020108,1,2,0,0,Wet or damp,Single carriageway,None,40,16:23:00,Rural,Raining + high winds,No,16 - 20,13,Small town,6,1195,None,None,Other/Not known (2005-10),Not at or within 20 metres of junction,VAUXHALL,CORSA MERIT 1.2,Petrol,Male,None,No tow/articulation,Did not leave carriageway,0,Waiting to turn right,2,Car,No,Back,2019
201050CI2A008,B,3343,NA,0,Slight,None,29-05-2010,Saturday,1,Not at junction or within 20 metres,Not at junction or within 20 metres,51.170087,Daylight,247710,143470,-4.179779,E01020108,1,2,0,0,Wet or damp,Single carriageway,None,40,16:23:00,Rural,Raining + high winds,No,16 - 20,13,Small town,6,1195,None,None,Other/Not known (2005-10),Not at or within 20 metres of junction,VAUXHALL,CORSA MERIT 1.2,Petrol,Male,None,No tow/articulation,Did not leave carriageway,0,Waiting to turn right,2,Car,No,Back,2010
201032C131310,B,1391,NA,0,Slight,None,08-05-2010,Saturday,1,Data missing or out of range,Not at junction or within 20 metres,52.949495,Daylight,530540,340890,-0.058483,E01026018,1,1,0,0,Wet or damp,Single carriageway,None,40,14:35:00,Rural,Raining + high winds,No,16 - 20,13,Rural,5,1242,None,Telegraph or electricity pole,Commuting to/from work,Not at or within 20 metres of junction,MAZDA,121 GSI 16V,Petrol,Male,Skidded and overturned,No tow/articulation,Nearside,0,Going ahead right-hand bend,1,Car,No,Front,2010
201050BE2A003,A,390,NA,0,Slight,None,09-09-2021,Sunday,1,Not at junction or within 20 metres,Not at junction or within 20 metres,28.46935858,Daylight,212220,60950,77.06070224,E01019037,1,2,0,0,Wet or damp,Single carriageway,None,60,14:25:00,Rural,Raining no high winds,No,16 - 20,13,Data missing or out of range,NA,1396,None,None,Other/Not known (2005-10),Not at or within 20 metres of junction,ROVER,214,Petrol,Male,None,No tow/articulation,Did not leave carriageway,0,Slowing or stopping,1,Car,No,Front,2019
201050GA2B006,B,3279,NA,0,Slight,None,10-04-2021,Wednesday,1,Not at junction or within 20 metres,Not at junction or within 20 metres,22.73935126,Daylight,194890,57940,75.8611499,E01019055,2,1,0,0,Wet or damp,Single carriageway,None,60,13:00:00,Rural,Raining no high winds,No,16 - 20,13,Urban area,5,1493,None,None,Other/Not known (2005-10),Not at or within 20 metres of junction,HONDA,CIVIC 1.5I VTEC-2,Petrol,Male,None,No tow/articulation,Did not leave carriageway,0,Going ahead right-hand bend,1,Car,No,Front,2020
2010400B03310,C,26,NA,0,Slight,None,09-11-2019,Sunday,1,Data missing or out of range,Not at junction or within 20 metres,26.46051873,Daylight,498900,258690,74.58859423,E01017545,2,2,0,0,Wet or damp,Single carriageway,None,60,15:10:00,Rural,Raining no high winds,No,16 - 20,13,Data missing or out of range,NA,1242,None,Entered ditch,Other/Not known (2005-10),Not at or within 20 metres of junction,FORD,FIESTA GHIA 16V,Petrol,Male,Skidded,No tow/articulation,Offside,0,Going ahead right-hand bend,1,Car,No,Front,2020
201037B044636,B,1106,NA,0,Slight,None,11-06-2020,Tuesday,1,Data missing or out of range,Not at junction or within 20 metres,28.54699491,Daylight,582130,276170,77.25632089,E01030135,1,1,0,0,Wet or damp,Single carriageway,None,60,08:30:00,Rural,Raining no high winds,No,16 - 20,13,Rural,7,2319,None,Tree,Journey as part of work,Not at or within 20 metres of junction,VOLVO,V70 CD T5 AUTO,Petrol,Male,Skidded,No tow/articulation,Nearside and rebounded,0,Going ahead right-hand bend,1,Car,No,Front,2021
201045SU49987,Unclassified,3484,Unclassified,3486,Slight,None,10-07-2020,Thursday,1,Give way or uncontrolled,T or staggered junction,28.68031725,Daylight,488700,158500,77.1850126,E01030769,1,2,0,0,Wet or damp,Single carriageway,None,30,17:18:00,Urban,Raining no high winds,No,16 - 20,13,Urban area,10,1389,None,None,Other/Not known (2005-10),Approaching junction or waiting/parked at junction approach,VAUXHALL,CORSA VEGAS,Petrol,Male,None,No tow/articulation,Did not leave carriageway,0,Waiting to turn right,1,Car,No,Offside,2021
201050BW3N003,Unclassified,0,NA,0,Slight,None,02-05-2021,Monday,2,Not at junction or within 20 metres,Not at junction or within 20 metres,18.59520004,Daylight,195590,77830,73.91024729,E01018963,1,2,0,0,Wet or damp,Single carriageway,None,30,17:15:00,Rural,Raining no high winds,No,16 - 20,13,Rural,7,1124,None,None,Other/Not known (2005-10),Not at or within 20 metres of junction,PEUGEOT,106 XL INDEPENDENCE,Petrol,Male,Skidded,No tow/articulation,Did not leave carriageway,0,Going ahead other,1,Car,No,Offside,2021
201050GA2R013,Unclassified,0,Unclassified,0,Slight,None,03-09-2019,Friday,1,Give way or uncontrolled,T or staggered junction,27.10212405,Daylight,203140,53510,93.6316346,E01019016,1,2,0,0,Wet or damp,Single carriageway,None,30,16:53:00,Urban,Raining no high winds,No,16 - 20,13,Small town,4,1596,None,None,Other/Not known (2005-10),Approaching junction or waiting/parked at junction approach,BMW,316I,Petrol,Male,None,No tow/articulation,Did not leave carriageway,0,Moving off,1,Car,No,Did not impact,2019
201042I351310,Unclassified,0,Unclassified,0,Slight,None,12-10-2020,Tuesday,1,Give way or uncontrolled,T or staggered junction,27.09425538,Daylight,544070,209920,93.62901422,E01021842,2,2,2,4,Wet or damp,Single carriageway,None,40,15:00:00,Urban,Raining no high winds,No,16 - 20,13,Urban area,8,1998,None,None,Journey as part of work,Approaching junction or waiting/parked at junction approach,NISSAN,ALMERA 2.0 GTI,Petrol,Male,None,No tow/articulation,Did not leave carriageway,0,Going ahead other,1,Car,No,Front,2019
201001GD10081,A,12,NA,0,Slight,None,02-02-2010,Tuesday,1,Data missing or out of range,Not at junction or within 20 metres,51.543419,Daylight,536720,184570,-0.029798,E01001849,1,4,0,0,Wet or damp,Dual carriageway,None,40,16:23:00,Urban,Raining no high winds,No,16 - 20,13,Urban area,1,2496,None,None,Other/Not known (2005-10),Not at or within 20 metres of junction,FORD,TRANSIT 80 SWB,Heavy oil,Male,None,No tow/articulation,Did not leave carriageway,0,Going ahead other,3,Van / Goods 3.5 tonnes mgw or under,No,Front,2010
201001MM70108,B,216,C,0,Slight,None,13-02-2010,Saturday,1,Auto traffic signal,Crossroads,51.478148,Daylight,534220,177240,-0.068616,E01003983,1,2,0,5,Wet or damp,Single carriageway,None,30,17:38:00,Urban,Raining no high winds,No,16 - 20,13,Data missing or out of range,NA,1390,None,None,Other/Not known (2005-10),Mid Junction - on roundabout or on main road,VOLKSWAGEN,POLO 1.4 CL,Petrol,Male,None,No tow/articulation,Did not leave carriageway,0,Going ahead other,2,Car,No,Offside,2010
201037B044636,B,1106,NA,0,Slight,None,30-03-2010,Tuesday,1,Data missing or out of range,Not at junction or within 20 metres,52.353296,Daylight,582130,276170,0.67289,E01030135,1,1,0,0,Wet or damp,Single carriageway,None,60,08:30:00,Rural,Raining no high winds,No,16 - 20,13,Rural,7,2319,None,Tree,Journey as part of work,Not at or within 20 metres of junction,VOLVO,V70 CD T5 AUTO,Petrol,Male,Skidded,No tow/articulation,Nearside and rebounded,0,Going ahead right-hand bend,1,Car,No,Front,2010
2010400B03310,C,26,NA,0,Slight,None,07-11-2010,Sunday,1,Data missing or out of range,Not at junction or within 20 metres,52.217517,Daylight,498900,258690,-0.553749,E01017545,2,2,0,0,Wet or damp,Single carriageway,None,60,15:10:00,Rural,Raining no high winds,No,16 - 20,13,Data missing or out of range,NA,1242,None,Entered ditch,Other/Not known (2005-10),Not at or within 20 metres of junction,FORD,FIESTA GHIA 16V,Petrol,Male,Skidded,No tow/articulation,Offside,0,Going ahead right-hand bend,1,Car,No,Front,2010
201042I351310,Unclassified,0,Unclassified,0,Slight,None,26-10-2010,Tuesday,1,Give way or uncontrolled,T or staggered junction,51.769374,Daylight,544070,209920,0.086559,E01021842,2,2,2,4,Wet or damp,Single carriageway,None,40,15:00:00,Urban,Raining no high winds,No,16 - 20,13,Urban area,8,1998,None,None,Journey as part of work,Approaching junction or waiting/parked at junction approach,NISSAN,ALMERA 2.0 GTI,Petrol,Male,None,No tow/articulation,Did not leave carriageway,0,Going ahead other,1,Car,No,Front,2010
201045SU49987,Unclassified,3484,Unclassified,3486,Slight,None,25-03-2010,Thursday,1,Give way or uncontrolled,T or staggered junction,51.318646,Daylight,488700,158500,-0.728573,E01030769,1,2,0,0,Wet or damp,Single carriageway,None,30,17:18:00,Urban,Raining no high winds,No,16 - 20,13,Urban area,10,1389,None,None,Other/Not known (2005-10),Approaching junction or waiting/parked at junction approach,VAUXHALL,CORSA VEGAS,Petrol,Male,None,No tow/articulation,Did not leave carriageway,0,Waiting to turn right,1,Car,No,Offside,2010
201050BE2A003,A,390,NA,0,Slight,None,04-07-2010,Sunday,1,Not at junction or within 20 metres,Not at junction or within 20 metres,50.418255,Daylight,212220,60950,-4.644702,E01019037,1,2,0,0,Wet or damp,Single carriageway,None,60,14:25:00,Rural,Raining no high winds,No,16 - 20,13,Data missing or out of range,NA,1396,None,None,Other/Not known (2005-10),Not at or within 20 metres of junction,ROVER,214,Petrol,Male,None,No tow/articulation,Did not leave carriageway,0,Slowing or stopping,1,Car,No,Front,2010
201050BW3N003,Unclassified,0,NA,0,Slight,None,07-06-2010,Monday,2,Not at junction or within 20 metres,Not at junction or within 20 metres,50.564315,Daylight,195590,77830,-4.887731,E01018963,1,2,0,0,Wet or damp,Single carriageway,None,30,17:15:00,Rural,Raining no high winds,No,16 - 20,13,Rural,7,1124,None,None,Other/Not known (2005-10),Not at or within 20 metres of junction,PEUGEOT,106 XL INDEPENDENCE,Petrol,Male,Skidded,No tow/articulation,Did not leave carriageway,0,Going ahead other,1,Car,No,Offside,2010
201050GA2B006,B,3279,NA,0,Slight,None,19-05-2010,Wednesday,1,Not at junction or within 20 metres,Not at junction or within 20 metres,50.385422,Daylight,194890,57940,-4.886693,E01019055,2,1,0,0,Wet or damp,Single carriageway,None,60,13:00:00,Rural,Raining no high winds,No,16 - 20,13,Urban area,5,1493,None,None,Other/Not known (2005-10),Not at or within 20 metres of junction,HONDA,CIVIC 1.5I VTEC-2,Petrol,Male,None,No tow/articulation,Did not leave carriageway,0,Going ahead right-hand bend,1,Car,No,Front,2010
201050GA2R013,Unclassified,0,Unclassified,0,Slight,None,20-08-2010,Friday,1,Give way or uncontrolled,T or staggered junction,50.348448,Daylight,203140,53510,-4.768468,E01019016,1,2,0,0,Wet or damp,Single carriageway,None,30,16:53:00,Urban,Raining no high winds,No,16 - 20,13,Small town,4,1596,None,None,Other/Not known (2005-10),Approaching junction or waiting/parked at junction approach,BMW,316I,Petrol,Male,None,No tow/articulation,Did not leave carriageway,0,Moving off,1,Car,No,Did not impact,2010
201060L094344,A,541,NA,0,Slight,None,29-05-2010,Saturday,1,Data missing or out of range,Not at junction or within 20 metres,53.199718,Daylight,320170,367630,-3.196532,W01000272,1,1,0,0,Wet or damp,Single carriageway,None,60,09:00:00,Rural,Raining no high winds,No,16 - 20,13,Rural,NA,1124,None,Tree,Other/Not known (2005-10),Not at or within 20 metres of junction,CITROEN,SAXO X,Petrol,Male,Skidded,No tow/articulation,Offside and rebounded,0,Going ahead left-hand bend,1,Car,No,Front,2010
201001GD10081,A,12,NA,0,Slight,None,02-02-2010,Tuesday,1,Data missing or out of range,Not at junction or within 20 metres,51.543419,Daylight,536720,184570,-0.029798,E01001849,1,4,0,0,Wet or damp,Dual carriageway,None,40,16:23:00,Urban,Raining no high winds,No,16 - 20,13,Urban area,1,2496,None,None,Other/Not known (2005-10),Not at or within 20 metres of junction,FORD,TRANSIT 80 SWB,Heavy oil,Male,None,No tow/articulation,Did not leave carriageway,0,Going ahead other,3,Van / Goods 3.5 tonnes mgw or under,No,Front,2010
201001MM70108,B,216,C,0,Slight,None,13-02-2010,Saturday,1,Auto traffic signal,Crossroads,51.478148,Daylight,534220,177240,-0.068616,E01003983,1,2,0,5,Wet or damp,Single carriageway,None,30,17:38:00,Urban,Raining no high winds,No,16 - 20,13,Data missing or out of range,NA,1390,None,None,Other/Not known (2005-10),Mid Junction - on roundabout or on main road,VOLKSWAGEN,POLO 1.4 CL,Petrol,Male,None,No tow/articulation,Did not leave carriageway,0,Going ahead other,2,Car,No,Offside,2010
201001XH30219,B,467,Unclassified,0,Slight,None,19-03-2010,Friday,1,Give way or uncontrolled,Other junction,51.565794,Daylight,507670,186360,-0.447987,E01002458,1,1,0,0,Wet or damp,Dual carriageway,None,30,17:00:00,Urban,Raining no high winds,No,16 - 20,13,Data missing or out of range,NA,1581,Kerb,Tree,Commuting to/from work,Cleared junction or waiting/parked at junction exit,FIAT,PUNTO 90 ELX,Petrol,Male,Skidded,No tow/articulation,Offside on to centrl res + rebounded,0,Going ahead right-hand bend,1,Car,No,Front,2010
201004EA10100,A,677,NA,0,Slight,None,06-05-2010,Thursday,1,Data missing or out of range,Not at junction or within 20 metres,53.760456,Daylight,365850,429470,-2.519491,E01012584,1,2,0,0,Wet or damp,Single carriageway,None,30,12:10:00,Urban,Raining no high winds,No,16 - 20,13,Small town,9,1905,None,None,Other/Not known (2005-10),Not at or within 20 metres of junction,PEUGEOT,306 D TURBO,Heavy oil,Male,None,No tow/articulation,Did not leave carriageway,0,Slowing or stopping,2,Car,No,Back,2010
201011SJ04570,A,167,Unclassified,0,Slight,None,25-02-2010,Thursday,1,Give way or uncontrolled,T or staggered junction,54.538898,Daylight,429100,516050,-1.551746,E01012349,1,2,0,0,Wet or damp,Single carriageway,None,30,15:02:00,Urban,Raining no high winds,No,16 - 20,13,Rural,2,125,None,None,Other/Not known (2005-10),Approaching junction or waiting/parked at junction approach,APRILIA,,Petrol,Male,None,No tow/articulation,Did not leave carriageway,0,Going ahead other,1,Motorcycle 125cc and under,No,Front,2010
201014A071510,A,630,NA,0,Slight,None,29-04-2010,Thursday,1,Not at junction or within 20 metres,Not at junction or within 20 metres,53.547131,Daylight,462960,406030,-1.05126,E01007479,3,3,0,0,Wet or damp,Single carriageway,None,40,17:45:00,Rural,Raining no high winds,No,16 - 20,13,Urban area,2,1905,None,None,Other/Not known (2005-10),Not at or within 20 metres of junction,PEUGEOT,306 D TURBO,Heavy oil,Male,Skidded,No tow/articulation,Did not leave carriageway,0,Going ahead other,2,Car,No,Front,2010
2010160A03371,Unclassified,0,Unclassified,0,Slight,None,29-09-2010,Wednesday,1,Give way or uncontrolled,T or staggered junction,53.567374,Daylight,529170,409630,-0.050979,E01013196,1,1,0,0,Wet or damp,Single carriageway,None,30,09:45:00,Urban,Raining no high winds,No,16 - 20,13,Small town,9,124,None,None,Pupil riding to/from school,Approaching junction or waiting/parked at junction approach,HONDA,CG125,Petrol,Male,Skidded,No tow/articulation,Did not leave carriageway,0,Turning right,1,Motorcycle over 125cc and up to 500cc,No,Nearside,2010
2010160B03641,A,15,Motorway,180,Slight,None,26-09-2010,Sunday,1,Give way or uncontrolled,Roundabout,53.544906,Daylight,495600,406330,-0.558695,E01013274,2,1,0,0,Wet or damp,Roundabout,None,30,14:56:00,Rural,Raining no high winds,No,16 - 20,13,Urban area,1,973,None,Near/Offside crash barrier,Other/Not known (2005-10),Entering roundabout,VAUXHALL,CORSA STING,Petrol,Male,None,No tow/articulation,Nearside and rebounded,0,Turning left,1,Car,No,Nearside,2010
201022F003879,A,5,NA,0,Slight,None,04-08-2010,Wednesday,1,Data missing or out of range,Not at junction or within 20 metres,52.702832,Daylight,352500,311920,-2.704418,E01028959,2,4,0,0,Wet or damp,Dual carriageway,None,70,07:45:00,Rural,Raining no high winds,No,16 - 20,13,Urban area,2,1124,None,None,Other/Not known (2005-10),Not at or within 20 metres of junction,PEUGEOT,106 XL INDEPENDENCE,Petrol,Male,Skidded,No tow/articulation,Did not leave carriageway,0,Going ahead other,1,Car,No,Front,2010