Accident_Index,1st_Road_Class,1st_Road_Number,2nd_Road_Class,2nd_Road_Number,Accident_Severity,Carriageway_Hazards,Date,Day_of_Week,Did_Police_Officer_Attend_Scene_of_Accident,Junction_Control,Junction_Detail,Latitude,Light_Conditions,Location_Easting_OSGR,Location_Northing_OSGR,Longitude,LSOA_of_Accident_Location,Number_of_Casualties,Number_of_Vehicles,Pedestrian_Crossing-Human_Control,Pedestrian_Crossing-Physical_Facilities,Road_Surface_Conditions,Road_Type,Special_Conditions_at_Site,Speed_limit,Time,Urban_or_Rural_Area,Weather_Conditions,InScotland,Age_Band_of_Driver,Age_of_Vehicle,Driver_Home_Area_Type,Driver_IMD_Decile,Engine_Capacity_.CC.,Hit_Object_in_Carriageway,Hit_Object_off_Carriageway,Journey_Purpose_of_Driver,Junction_Location,make,model,Propulsion_Code,Sex_of_Driver,Skidding_and_Overturning,Towing_and_Articulation,Vehicle_Leaving_Carriageway,Vehicle_Location.Restricted_Lane,Vehicle_Manoeuvre,Vehicle_Reference,Vehicle_Type,Was_Vehicle_Left_Hand_Drive,X1st_Point_of_Impact,Year
201054DC08610,C,403,C,407,Slight,None,05-01-2021,Saturday,1,Auto traffic signal,Crossroads,22.09530325,Daylight,414650,184720,82.19392627,E01015476,4,2,0,1,Wet or damp,Single carriageway,None,30,12:07:00,Urban,Raining no high winds,No,16 - 20,13,Urban area,8,1120,None,None,Other/Not known (2005-10),Mid Junction - on roundabout or on main road,ROVER,100 ASCOT SE,Petrol,Female,None,No tow/articulation,Did not leave carriageway,0,Moving off,2,Car,No,Front,2019
201050JN2A011,Unclassified,0,Unclassified,0,Slight,None,03-09-2021,Tuesday,1,Give way or uncontrolled,T or staggered junction,8.882696655,Daylight,287290,70720,76.6260887,E01020211,1,2,0,0,Wet or damp,Single carriageway,None,30,14:30:00,Urban,Raining no high winds,No,16 - 20,13,Data missing or out of range,NA,1391,None,None,Other/Not known (2005-10),Approaching junction or waiting/parked at junction approach,FORD,ESCORT CL,Petrol,Female,None,No tow/articulation,Did not leave carriageway,0,Slowing or stopping,2,Car,No,Front,2020
201037B044598,C,730,Unclassified,8908,Slight,None,27-04-2019,Thursday,1,Give way or uncontrolled,T or staggered junction,26.46968345,Daylight,603590,242120,80.27231289,E01029895,1,1,0,0,Wet or damp,Single carriageway,None,30,16:40:00,Rural,Raining no high winds,No,16 - 20,13,Small town,5,1299,None,Tree,Commuting to/from work,Mid Junction - on roundabout or on main road,FORD,KA 2,Petrol,Female,Skidded,No tow/articulation,Nearside,0,Going ahead right-hand bend,1,Car,No,Nearside,2020
201050KS2B006,A,3052,NA,0,Slight,None,13-12-2019,Friday,1,Not at junction or within 20 metres,Not at junction or within 20 metres,14.73608382,Daylight,307270,89540,78.55162249,E01019937,1,4,0,0,Wet or damp,Single carriageway,None,30,15:54:00,Rural,Raining no high winds,No,16 - 20,13,Rural,5,1242,None,None,Other/Not known (2005-10),Not at or within 20 metres of junction,FORD,FIESTA SI,Petrol,Female,None,No tow/articulation,Did not leave carriageway,0,Waiting to go - held up,3,Car,No,Front,2019
201037B044598,C,730,Unclassified,8908,Slight,None,25-03-2010,Thursday,1,Give way or uncontrolled,T or staggered junction,52.040038,Daylight,603590,242120,0.967118,E01029895,1,1,0,0,Wet or damp,Single carriageway,None,30,16:40:00,Rural,Raining no high winds,No,16 - 20,13,Small town,5,1299,None,Tree,Commuting to/from work,Mid Junction - on roundabout or on main road,FORD,KA 2,Petrol,Female,Skidded,No tow/articulation,Nearside,0,Going ahead right-hand bend,1,Car,No,Nearside,2010
201050JN2A011,Unclassified,0,Unclassified,0,Slight,None,23-03-2010,Tuesday,1,Give way or uncontrolled,T or staggered junction,50.525306,Daylight,287290,70720,-3.591486,E01020211,1,2,0,0,Wet or damp,Single carriageway,None,30,14:30:00,Urban,Raining no high winds,No,16 - 20,13,Data missing or out of range,NA,1391,None,None,Other/Not known (2005-10),Approaching junction or waiting/parked at junction approach,FORD,ESCORT CL,Petrol,Female,None,No tow/articulation,Did not leave carriageway,0,Slowing or stopping,2,Car,No,Front,2010
201050KS2B006,A,3052,NA,0,Slight,None,01-10-2010,Friday,1,Not at junction or within 20 metres,Not at junction or within 20 metres,50.698021,Daylight,307270,89540,-3.314404,E01019937,1,4,0,0,Wet or damp,Single carriageway,None,30,15:54:00,Rural,Raining no high winds,No,16 - 20,13,Rural,5,1242,None,None,Other/Not known (2005-10),Not at or within 20 metres of junction,FORD,FIESTA SI,Petrol,Female,None,No tow/articulation,Did not leave carriageway,0,Waiting to go - held up,3,Car,No,Front,2010
201054DC08610,C,403,C,407,Slight,None,27-03-2010,Saturday,1,Auto traffic signal,Crossroads,51.561123,Daylight,414650,184720,-1.790073,E01015476,4,2,0,1,Wet or damp,Single carriageway,None,30,12:07:00,Urban,Raining no high winds,No,16 - 20,13,Urban area,8,1120,None,None,Other/Not known (2005-10),Mid Junction - on roundabout or on main road,ROVER,100 ASCOT SE,Petrol,Female,None,No tow/articulation,Did not leave carriageway,0,Moving off,2,Car,No,Front,2010
201014C038410,B,6093,NA,0,Slight,None,31-03-2010,Wednesday,1,Not at junction or within 20 metres,Not at junction or within 20 metres,53.435119,Daylight,448790,393400,-1.267056,E01007692,2,4,0,0,Wet or damp,Single carriageway,None,40,08:54:00,Urban,Raining no high winds,No,16 - 20,13,Urban area,4,1195,None,None,Journey as part of work,Not at or within 20 metres of junction,VAUXHALL,CORSA MERIT 1.2,Petrol,Female,None,No tow/articulation,Did not leave carriageway,0,Slowing or stopping,2,Car,No,Back,2010
201020W029120,A,4040,Unclassified,0,Slight,None,13-08-2010,Friday,1,Give way or uncontrolled,T or staggered junction,52.510097,Daylight,404160,290250,-1.940145,E01009273,1,2,0,0,Wet or damp,Single carriageway,None,30,17:30:00,Urban,Raining no high winds,No,16 - 20,13,Urban area,1,1242,None,None,Other/Not known (2005-10),Approaching junction or waiting/parked at junction approach,FORD,FIESTA FUSION,Petrol,Female,None,No tow/articulation,Did not leave carriageway,0,Waiting to go - held up,2,Car,No,Back,2010
201022D005634,Unclassified,0,Unclassified,0,Slight,None,11-11-2010,Thursday,1,Give way or uncontrolled,T or staggered junction,52.374796,Daylight,396150,275200,-2.05799,E01032176,1,2,0,0,Wet or damp,Single carriageway,None,60,08:39:00,Rural,Raining no high winds,No,16 - 20,13,Urban area,6,1120,None,None,Journey as part of work,Mid Junction - on roundabout or on main road,ROVER,100 KNIGHTSBRIDGE SE,Petrol,Female,None,No tow/articulation,Did not leave carriageway,0,Going ahead right-hand bend,1,Car,No,Front,2010
201043N312100,Unclassified,1690,NA,0,Slight,None,07-10-2021,Sunday,1,Data missing or out of range,Not at junction or within 20 metres,27.10512543,Daylight,479530,202080,93.61857545,E01017842,1,2,0,0,Dry,Single carriageway,None,40,17:30:00,Rural,Unknown,No,16 - 20,13,Small town,8,1679,None,None,Other/Not known (2005-10),Not at or within 20 metres of junction,FORD,PUMA 1.7 16V,Petrol,Male,None,No tow/articulation,Nearside,0,Going ahead right-hand bend,1,Car,No,Front,2019
201043N312100,Unclassified,1690,NA,0,Slight,None,24-10-2010,Sunday,1,Data missing or out of range,Not at junction or within 20 metres,51.711777,Daylight,479530,202080,-0.850309,E01017842,1,2,0,0,Dry,Single carriageway,None,40,17:30:00,Rural,Unknown,No,16 - 20,13,Small town,8,1679,None,None,Other/Not known (2005-10),Not at or within 20 metres of junction,FORD,PUMA 1.7 16V,Petrol,Male,None,No tow/articulation,Nearside,0,Going ahead right-hand bend,1,Car,No,Front,2010
201032B159710,A,17,NA,0,Slight,None,04-06-2010,Friday,1,Data missing or out of range,Not at junction or within 20 metres,52.800639,Daylight,540500,324600,0.082633,E01026246,1,2,0,0,Data missing or out of range,Single carriageway,None,60,19:26:00,Rural,Unknown,No,16 - 20,13,Small town,4,1242,None,None,Other/Not known (2005-10),Not at or within 20 metres of junction,FORD,FIESTA GHIA 16V,Petrol,Male,None,No tow/articulation,Did not leave carriageway,0,Going ahead other,1,Car,No,Front,2010
201043P016120,Unclassified,320,Unclassified,0,Slight,None,16-08-2020,Wednesday,1,Give way or uncontrolled,Crossroads,25.7789181,Darkness - lights lit,450570,206780,87.48534504,E01028551,2,2,0,0,Dry,Single carriageway,None,20,18:56:00,Urban,Fine no high winds,No,21 - 25,13,Urban area,5,1493,None,None,Other/Not known (2005-10),Entering main road,HONDA,CIVIC 1.5I LS,Petrol,Male,None,No tow/articulation,Did not leave carriageway,0,Moving off,1,Car,No,Offside,2019
2010400B00442,A,428,NA,0,Slight,None,18-07-2021,Friday,1,Data missing or out of range,Not at junction or within 20 metres,15.28687364,Darkness - lights lit,496050,252190,74.03849072,E01017546,1,4,0,0,Wet or damp,Single carriageway,None,30,18:35:00,Rural,Fine no high winds,No,21 - 25,13,Rural,10,1289,None,None,Commuting to/from work,Not at or within 20 metres of junction,SKODA,FELICIA GLI,Petrol,Male,None,No tow/articulation,Did not leave carriageway,0,Waiting to go - held up,2,Car,No,Back,2019
201042I373211,B,148,NA,0,Slight,None,01-11-2019,Monday,1,Not at junction or within 20 metres,Not at junction or within 20 metres,15.21992904,Darkness - lights lit,567860,189110,74.10834911,E01021275,3,2,0,0,Dry,Single carriageway,None,50,15:52:00,Urban,Fine no high winds,No,21 - 25,13,Urban area,1,1596,None,Near/Offside crash barrier,Commuting to/from work,Not at or within 20 metres of junction,BMW,316I,Petrol,Male,Skidded,No tow/articulation,Offside and rebounded,0,Going ahead left-hand bend,1,Car,No,Front,2019
2010400D02188,Unclassified,0,NA,0,Slight,None,01-02-2020,Friday,1,Data missing or out of range,Not at junction or within 20 metres,15.33324319,Darkness - lights lit,502140,223920,74.13776078,E01017581,1,1,0,1,Dry,Single carriageway,None,30,03:07:00,Urban,Fine no high winds,No,21 - 25,13,Urban area,5,1195,None,Other permanent object,Other/Not known (2005-10),Not at or within 20 metres of junction,VAUXHALL,CORSA MERIT 1.2,Petrol,Male,Skidded and overturned,No tow/articulation,Nearside,0,Going ahead right-hand bend,1,Car,No,Front,2019
201050ED2N037,Unclassified,0,NA,0,Slight,None,12-06-2019,Saturday,1,Data missing or out of range,Not at junction or within 20 metres,15.18198782,Darkness - lights lit,245950,55520,74.09581568,E01015171,1,2,0,0,Dry,Single carriageway,None,30,23:35:00,Urban,Fine no high winds,No,21 - 25,13,Urban area,7,1196,Parked vehicle,None,Other/Not known (2005-10),Not at or within 20 metres of junction,VAUXHALL,CORSA LS,Petrol,Male,None,No tow/articulation,Did not leave carriageway,0,Going ahead other,1,Car,No,Front,2019
20105500D0236,C,340,NA,0,Slight,Any animal in carriageway (except ridden horse),19-05-2020,Monday,1,Not at junction or within 20 metres,Not at junction or within 20 metres,13.02429959,Darkness - lights lit,422260,94680,77.63720106,E01020357,2,1,0,0,Wet or damp,Single carriageway,None,30,23:47:00,Urban,Fine no high winds,No,21 - 25,13,Urban area,6,2494,None,Other permanent object,Other/Not known (2005-10),Not at or within 20 metres of junction,BMW,323I,Petrol,Male,Skidded,No tow/articulation,Offside,0,Going ahead left-hand bend,1,Car,No,Front,2020
201034WN36010,A,4500,Unclassified,8023,Slight,None,13-08-2020,Wednesday,1,Give way or uncontrolled,T or staggered junction,22.73219993,Darkness - lights lit,477640,261900,75.82360909,E01027169,1,2,0,0,Dry,Single carriageway,None,30,23:26:00,Urban,Fine no high winds,No,21 - 25,13,Urban area,10,1489,None,None,Other/Not known (2005-10),Mid Junction - on roundabout or on main road,MAZDA,323 GXI,Petrol,Male,None,No tow/articulation,Did not leave carriageway,0,Going ahead other,2,Car,No,Front,2020
201054EZ28710,A,361,Unclassified,0,Slight,None,30-04-2019,Thursday,1,Give way or uncontrolled,Mini-roundabout,26.4570962,Darkness - lights lit,400940,161480,74.65571911,E01031850,4,3,0,4,Dry,Single carriageway,None,30,20:17:00,Urban,Fine no high winds,No,21 - 25,13,Urban area,9,1390,Parked vehicle,None,Other/Not known (2005-10),Cleared junction or waiting/parked at junction exit,RENAULT,CLIO RT 1.4 AUTO,Petrol,Male,None,No tow/articulation,Did not leave carriageway,0,Going ahead other,2,Car,No,Back,2020
201042I151605,B,1032,NA,0,Slight,Any animal in carriageway (except ridden horse),22-04-2019,Sunday,1,Not at junction or within 20 metres,Not at junction or within 20 metres,26.763101,Darkness - lights lit,619780,216570,94.20976071,E01022035,2,1,0,0,Dry,Single carriageway,None,30,23:09:00,Urban,Fine no high winds,No,21 - 25,13,Urban area,4,2793,None,Lamp post,Other/Not known (2005-10),Not at or within 20 metres of junction,BMW,328I SPORT,Petrol,Male,Skidded,No tow/articulation,Offside,0,Going ahead other,1,Car,No,Front,2019
201001HT20928,A,1205,Unclassified,0,Slight,None,28-12-2010,Tuesday,1,Give way or uncontrolled,T or staggered junction,51.523081,Darkness - lights lit,536470,182300,-0.03428,E01004270,1,2,0,1,Wet or damp,Single carriageway,None,30,19:30:00,Urban,Fine no high winds,No,21 - 25,13,Urban area,2,1391,None,None,Other/Not known (2005-10),Mid Junction - on roundabout or on main road,FORD,ESCORT CL,Petrol,Male,None,No tow/articulation,Did not leave carriageway,0,Going ahead other,1,Car,No,Front,2010
201001JC30428,A,104,A,112,Slight,None,21-08-2010,Saturday,1,Auto traffic signal,Crossroads,51.57524,Darkness - lights lit,537790,188140,-0.01298,E01004420,2,2,0,5,Dry,Single carriageway,None,30,22:32:00,Urban,Fine no high winds,No,21 - 25,13,Urban area,1,998,None,None,Other/Not known (2005-10),Mid Junction - on roundabout or on main road,NISSAN,MICRA SHAPE,Petrol,Male,None,No tow/articulation,Did not leave carriageway,0,Going ahead other,1,Car,No,Nearside,2010
201001KD50513,C,0,C,0,Slight,None,30-09-2010,Thursday,1,Auto traffic signal,Crossroads,51.571736,Darkness - lights lit,551460,188140,0.184142,E01002350,4,2,0,5,Dry,Single carriageway,None,30,21:30:00,Urban,Fine no high winds,No,21 - 25,13,Data missing or out of range,NA,999,None,None,Other/Not known (2005-10),Mid Junction - on roundabout or on main road,VOLKSWAGEN,POLO 1.0 L,Petrol,Male,None,No tow/articulation,Did not leave carriageway,0,Turning right,2,Car,No,Front,2010
201001LX50025,A,205,Unclassified,0,Slight,None,19-01-2010,Tuesday,1,Give way or uncontrolled,T or staggered junction,51.450443,Darkness - lights lit,529310,174030,-0.140454,E01003161,1,2,0,0,Dry,Single carriageway,None,30,21:28:00,Urban,Fine no high winds,No,21 - 25,13,Data missing or out of range,NA,1299,None,None,Other/Not known (2005-10),Mid Junction - on roundabout or on main road,FORD,KA 2,Petrol,Male,None,No tow/articulation,Did not leave carriageway,0,Turning right,1,Car,No,Offside,2010
201001LX50598,A,203,NA,0,Slight,None,03-07-2010,Saturday,1,Data missing or out of range,Not at junction or within 20 metres,51.484166,Darkness - lights lit,530390,177810,-0.123526,E01003103,2,1,0,5,Dry,One way street,None,30,03:00:00,Urban,Fine no high winds,No,21 - 25,13,Urban area,3,2793,Kerb,Other permanent object,Other/Not known (2005-10),Not at or within 20 metres of junction,BMW,328I SPORT,Petrol,Male,Skidded,No tow/articulation,Nearside and rebounded,0,Turning right,1,Car,No,Front,2010
201001LX51030,A,215,Unclassified,0,Slight,None,09-11-2010,Tuesday,1,Give way or uncontrolled,T or staggered junction,51.434119,Darkness - lights lit,531900,172280,-0.103853,E01003079,1,2,0,4,Dry,Single carriageway,None,30,18:34:00,Urban,Fine no high winds,No,21 - 25,13,Urban area,10,3301,None,None,Other/Not known (2005-10),Mid Junction - on roundabout or on main road,CHRYSLER,,Petrol,Male,None,No tow/articulation,Did not leave carriageway,0,Turning left,1,Car,No,Offside,2010
201001PL60218,A,205,C,0,Slight,None,17-04-2010,Saturday,1,Auto traffic signal,T or staggered junction,51.440489,Darkness - lights lit,535000,173070,-0.058982,E01003255,1,2,0,5,Dry,Single carriageway,None,30,20:53:00,Urban,Fine no high winds,No,21 - 25,13,Data missing or out of range,NA,805,None,None,Other/Not known (2005-10),Mid Junction - on roundabout or on main road,SUZUKI,,Petrol,Male,None,No tow/articulation,Did not leave carriageway,0,Going ahead other,2,Motorcycle over 500cc,No,Front,2010
201001PL60677,Unclassified,0,Unclassified,0,Slight,None,08-10-2010,Friday,1,Give way or uncontrolled,Private drive or entrance,51.428527,Darkness - lights lit,541670,171920,0.036464,E01003267,1,2,0,0,Dry,Single carriageway,None,20,19:50:00,Urban,Fine no high winds,No,21 - 25,13,Urban area,2,1332,None,None,Other/Not known (2005-10),Mid Junction - on roundabout or on main road,TOYOTA,STARLET CD AUTO,Petrol,Male,None,No tow/articulation,Did not leave carriageway,0,Going ahead other,2,Car,No,Front,2010
201001PY20281,A,208,A,208,Slight,None,26-05-2010,Wednesday,1,Auto traffic signal,Crossroads,51.427487,Darkness - lights lit,542950,171840,0.054831,E01001603,4,2,0,5,Dry,Single carriageway,None,30,20:12:00,Urban,Fine no high winds,No,21 - 25,13,Rural,6,1527,None,None,Other/Not known (2005-10),Mid Junction - on roundabout or on main road,PEUGEOT,106 XND,Heavy oil,Male,None,No tow/articulation,Did not leave carriageway,0,Turning right,1,Car,No,Nearside,2010
201034WN36010,A,4500,Unclassified,8023,Slight,None,08-09-2010,Wednesday,1,Give way or uncontrolled,T or staggered junction,52.249773,Darkness - lights lit,477640,261900,-0.864138,E01027169,1,2,0,0,Dry,Single carriageway,None,30,23:26:00,Urban,Fine no high winds,No,21 - 25,13,Urban area,10,1489,None,None,Other/Not known (2005-10),Mid Junction - on roundabout or on main road,MAZDA,323 GXI,Petrol,Male,None,No tow/articulation,Did not leave carriageway,0,Going ahead other,2,Car,No,Front,2010
2010400B00442,A,428,NA,0,Slight,None,05-02-2010,Friday,1,Data missing or out of range,Not at junction or within 20 metres,52.159599,Darkness - lights lit,496050,252190,-0.597293,E01017546,1,4,0,0,Wet or damp,Single carriageway,None,30,18:35:00,Rural,Fine no high winds,No,21 - 25,13,Rural,10,1289,None,None,Commuting to/from work,Not at or within 20 metres of junction,SKODA,FELICIA GLI,Petrol,Male,None,No tow/articulation,Did not leave carriageway,0,Waiting to go - held up,2,Car,No,Back,2010
2010400D02188,Unclassified,0,NA,0,Slight,None,30-07-2010,Friday,1,Data missing or out of range,Not at junction or within 20 metres,51.904422,Darkness - lights lit,502140,223920,-0.516729,E01017581,1,1,0,1,Dry,Single carriageway,None,30,03:07:00,Urban,Fine no high winds,No,21 - 25,13,Urban area,5,1195,None,Other permanent object,Other/Not known (2005-10),Not at or within 20 metres of junction,VAUXHALL,CORSA MERIT 1.2,Petrol,Male,Skidded and overturned,No tow/articulation,Nearside,0,Going ahead right-hand bend,1,Car,No,Front,2010
201042I151605,B,1032,NA,0,Slight,Any animal in carriageway (except ridden horse),23-05-2010,Sunday,1,Not at junction or within 20 metres,Not at junction or within 20 metres,51.804499,Darkness - lights lit,619780,216570,1.186503,E01022035,2,1,0,0,Dry,Single carriageway,None,30,23:09:00,Urban,Fine no high winds,No,21 - 25,13,Urban area,4,2793,None,Lamp post,Other/Not known (2005-10),Not at or within 20 metres of junction,BMW,328I SPORT,Petrol,Male,Skidded,No tow/articulation,Offside,0,Going ahead other,1,Car,No,Front,2010
201042I373211,B,148,NA,0,Slight,None,15-11-2010,Monday,1,Not at junction or within 20 metres,Not at junction or within 20 metres,51.575809,Darkness - lights lit,567860,189110,0.421039,E01021275,3,2,0,0,Dry,Single carriageway,None,50,15:52:00,Urban,Fine no high winds,No,21 - 25,13,Urban area,1,1596,None,Near/Offside crash barrier,Commuting to/from work,Not at or within 20 metres of junction,BMW,316I,Petrol,Male,Skidded,No tow/articulation,Offside and rebounded,0,Going ahead left-hand bend,1,Car,No,Front,2010
201043P016120,Unclassified,320,Unclassified,0,Slight,None,01-12-2010,Wednesday,1,Give way or uncontrolled,Crossroads,51.757386,Darkness - lights lit,450570,206780,-1.268743,E01028551,2,2,0,0,Dry,Single carriageway,None,20,18:56:00,Urban,Fine no high winds,No,21 - 25,13,Urban area,5,1493,None,None,Other/Not known (2005-10),Entering main road,HONDA,CIVIC 1.5I LS,Petrol,Male,None,No tow/articulation,Did not leave carriageway,0,Moving off,1,Car,No,Offside,2010
201050ED2N037,Unclassified,0,NA,0,Slight,None,28-08-2010,Saturday,1,Data missing or out of range,Not at junction or within 20 metres,50.379278,Darkness - lights lit,245950,55520,-4.168068,E01015171,1,2,0,0,Dry,Single carriageway,None,30,23:35:00,Urban,Fine no high winds,No,21 - 25,13,Urban area,7,1196,Parked vehicle,None,Other/Not known (2005-10),Not at or within 20 metres of junction,VAUXHALL,CORSA LS,Petrol,Male,None,No tow/articulation,Did not leave carriageway,0,Going ahead other,1,Car,No,Front,2010
201054EZ28710,A,361,Unclassified,0,Slight,None,02-09-2010,Thursday,1,Give way or uncontrolled,Mini-roundabout,51.352342,Darkness - lights lit,400940,161480,-1.987906,E01031850,4,3,0,4,Dry,Single carriageway,None,30,20:17:00,Urban,Fine no high winds,No,21 - 25,13,Urban area,9,1390,Parked vehicle,None,Other/Not known (2005-10),Cleared junction or waiting/parked at junction exit,RENAULT,CLIO RT 1.4 AUTO,Petrol,Male,None,No tow/articulation,Did not leave carriageway,0,Going ahead other,2,Car,No,Back,2010
20105500D0236,C,340,NA,0,Slight,Any animal in carriageway (except ridden horse),18-01-2010,Monday,1,Not at junction or within 20 metres,Not at junction or within 20 metres,50.751231,Darkness - lights lit,422260,94680,-1.685841,E01020357,2,1,0,0,Wet or damp,Single carriageway,None,30,23:47:00,Urban,Fine no high winds,No,21 - 25,13,Urban area,6,2494,None,Other permanent object,Other/Not known (2005-10),Not at or within 20 metres of junction,BMW,323I,Petrol,Male,Skidded,No tow/articulation,Offside,0,Going ahead left-hand bend,1,Car,No,Front,2010
2010550D51004,A,353,NA,0,Slight,None,18-11-2010,Thursday,1,Not at junction or within 20 metres,Not at junction or within 20 metres,50.618587,Darkness - lights lit,368210,79980,-2.45075,E01020556,1,2,0,0,Dry,One way street,None,30,17:20:00,Urban,Fine no high winds,No,21 - 25,13,Urban area,4,1527,None,None,Other/Not known (2005-10),Not at or within 20 metres of junction,PEUGEOT,106 XND,Heavy oil,Male,None,No tow/articulation,Did not leave carriageway,0,Slowing or stopping,2,Car,No,Front,2010
201001HT20928,A,1205,Unclassified,0,Slight,None,28-12-2010,Tuesday,1,Give way or uncontrolled,T or staggered junction,51.523081,Darkness - lights lit,536470,182300,-0.03428,E01004270,1,2,0,1,Wet or damp,Single carriageway,None,30,19:30:00,Urban,Fine no high winds,No,21 - 25,13,Urban area,2,1391,None,None,Other/Not known (2005-10),Mid Junction - on roundabout or on main road,FORD,ESCORT CL,Petrol,Male,None,No tow/articulation,Did not leave carriageway,0,Going ahead other,1,Car,No,Front,2010
201001JC30428,A,104,A,112,Slight,None,21-08-2010,Saturday,1,Auto traffic signal,Crossroads,51.57524,Darkness - lights lit,537790,188140,-0.01298,E01004420,2,2,0,5,Dry,Single carriageway,None,30,22:32:00,Urban,Fine no high winds,No,21 - 25,13,Urban area,1,998,None,None,Other/Not known (2005-10),Mid Junction - on roundabout or on main road,NISSAN,MICRA SHAPE,Petrol,Male,None,No tow/articulation,Did not leave carriageway,0,Going ahead other,1,Car,No,Nearside,2010
201001KD50513,C,0,C,0,Slight,None,30-09-2010,Thursday,1,Auto traffic signal,Crossroads,51.571736,Darkness - lights lit,551460,188140,0.184142,E01002350,4,2,0,5,Dry,Single carriageway,None,30,21:30:00,Urban,Fine no high winds,No,21 - 25,13,Data missing or out of range,NA,999,None,None,Other/Not known (2005-10),Mid Junction - on roundabout or on main road,VOLKSWAGEN,POLO 1.0 L,Petrol,Male,None,No tow/articulation,Did not leave carriageway,0,Turning right,2,Car,No,Front,2010
201001LX50025,A,205,Unclassified,0,Slight,None,19-01-2010,Tuesday,1,Give way or uncontrolled,T or staggered junction,51.450443,Darkness - lights lit,529310,174030,-0.140454,E01003161,1,2,0,0,Dry,Single carriageway,None,30,21:28:00,Urban,Fine no high winds,No,21 - 25,13,Data missing or out of range,NA,1299,None,None,Other/Not known (2005-10),Mid Junction - on roundabout or on main road,FORD,KA 2,Petrol,Male,None,No tow/articulation,Did not leave carriageway,0,Turning right,1,Car,No,Offside,2010
201001LX50598,A,203,NA,0,Slight,None,03-07-2010,Saturday,1,Data missing or out of range,Not at junction or within 20 metres,51.484166,Darkness - lights lit,530390,177810,-0.123526,E01003103,2,1,0,5,Dry,One way street,None,30,03:00:00,Urban,Fine no high winds,No,21 - 25,13,Urban area,3,2793,Kerb,Other permanent object,Other/Not known (2005-10),Not at or within 20 metres of junction,BMW,328I SPORT,Petrol,Male,Skidded,No tow/articulation,Nearside and rebounded,0,Turning right,1,Car,No,Front,2010
201001LX51030,A,215,Unclassified,0,Slight,None,09-11-2010,Tuesday,1,Give way or uncontrolled,T or staggered junction,51.434119,Darkness - lights lit,531900,172280,-0.103853,E01003079,1,2,0,4,Dry,Single carriageway,None,30,18:34:00,Urban,Fine no high winds,No,21 - 25,13,Urban area,10,3301,None,None,Other/Not known (2005-10),Mid Junction - on roundabout or on main road,CHRYSLER,,Petrol,Male,None,No tow/articulation,Did not leave carriageway,0,Turning left,1,Car,No,Offside,2010
201001PL60218,A,205,C,0,Slight,None,17-04-2010,Saturday,1,Auto traffic signal,T or staggered junction,51.440489,Darkness - lights lit,535000,173070,-0.058982,E01003255,1,2,0,5,Dry,Single carriageway,None,30,20:53:00,Urban,Fine no high winds,No,21 - 25,13,Data missing or out of range,NA,805,None,None,Other/Not known (2005-10),Mid Junction - on roundabout or on main road,SUZUKI,,Petrol,Male,None,No tow/articulation,Did not leave carriageway,0,Going ahead other,2,Motorcycle over 500cc,No,Front,2010
201001PL60677,Unclassified,0,Unclassified,0,Slight,None,08-10-2010,Friday,1,Give way or uncontrolled,Private drive or entrance,51.428527,Darkness - lights lit,541670,171920,0.036464,E01003267,1,2,0,0,Dry,Single carriageway,None,20,19:50:00,Urban,Fine no high winds,No,21 - 25,13,Urban area,2,1332,None,None,Other/Not known (2005-10),Mid Junction - on roundabout or on main road,TOYOTA,STARLET CD AUTO,Petrol,Male,None,No tow/articulation,Did not leave carriageway,0,Going ahead other,2,Car,No,Front,2010
201001PY20281,A,208,A,208,Slight,None,26-05-2010,Wednesday,1,Auto traffic signal,Crossroads,51.427487,Darkness - lights lit,542950,171840,0.054831,E01001603,4,2,0,5,Dry,Single carriageway,None,30,20:12:00,Urban,Fine no high winds,No,21 - 25,13,Rural,6,1527,None,None,Other/Not known (2005-10),Mid Junction - on roundabout or on main road,PEUGEOT,106 XND,Heavy oil,Male,None,No tow/articulation,Did not leave carriageway,0,Turning right,1,Car,No,Nearside,2010
201001VK30037,A,3,NA,0,Slight,None,28-01-2010,Thursday,1,Data missing or out of range,Not at junction or within 20 metres,51.383097,Darkness - lights lit,520040,166310,-0.276407,E01002915,2,2,0,0,Dry,Dual carriageway,None,30,17:13:00,Urban,Fine no high winds,No,21 - 25,13,Urban area,3,1845,None,None,Other/Not known (2005-10),Not at or within 20 metres of junction,MAZDA,MX-3,Petrol,Male,None,No tow/articulation,Did not leave carriageway,0,Going ahead other,2,Car,No,Back,2010
201001VK30077,A,308,Unclassified,0,Slight,None,10-03-2010,Wednesday,1,Give way or uncontrolled,T or staggered junction,51.425066,Darkness - lights lit,520060,170980,-0.27454,E01002956,1,2,0,1,Dry,Single carriageway,None,30,18:45:00,Urban,Fine no high winds,No,21 - 25,13,Urban area,7,1988,None,None,Other/Not known (2005-10),Mid Junction - on roundabout or on main road,FORD,MONDEO GHIA X,Petrol,Male,None,No tow/articulation,Did not leave carriageway,0,Turning right,2,Car,No,Offside,2010