Accident_Index,1st_Road_Class,1st_Road_Number,2nd_Road_Class,2nd_Road_Number,Accident_Severity,Carriageway_Hazards,Date,Day_of_Week,Did_Police_Officer_Attend_Scene_of_Accident,Junction_Control,Junction_Detail,Latitude,Light_Conditions,Location_Easting_OSGR,Location_Northing_OSGR,Longitude,LSOA_of_Accident_Location,Number_of_Casualties,Number_of_Vehicles,Pedestrian_Crossing-Human_Control,Pedestrian_Crossing-Physical_Facilities,Road_Surface_Conditions,Road_Type,Special_Conditions_at_Site,Speed_limit,Time,Urban_or_Rural_Area,Weather_Conditions,InScotland,Age_Band_of_Driver,Age_of_Vehicle,Driver_Home_Area_Type,Driver_IMD_Decile,Engine_Capacity_.CC.,Hit_Object_in_Carriageway,Hit_Object_off_Carriageway,Journey_Purpose_of_Driver,Junction_Location,make,model,Propulsion_Code,Sex_of_Driver,Skidding_and_Overturning,Towing_and_Articulation,Vehicle_Leaving_Carriageway,Vehicle_Location.Restricted_Lane,Vehicle_Manoeuvre,Vehicle_Reference,Vehicle_Type,Was_Vehicle_Left_Hand_Drive,X1st_Point_of_Impact,Year
201001VW40231,A,218,C,0,Slight,None,03-07-2010,Saturday,1,Give way or uncontrolled,T or staggered junction,51.424946,Darkness - lights lit,526000,171110,-0.189102,E01003454,1,1,0,0,Dry,Single carriageway,None,30,19:55:00,Urban,Fine no high winds,No,21 - 25,13,Urban area,3,500,None,None,Other/Not known (2005-10),Mid Junction - on roundabout or on main road,KAWASAKI,,Petrol,Male,None,No tow/articulation,Did not leave carriageway,0,Overtaking moving vehicle - offside,1,Motorcycle over 500cc,No,Front,2010
201004BC10248,A,587,Unclassified,0,Slight,None,06-11-2010,Saturday,1,Give way or uncontrolled,T or staggered junction,53.922337,Darkness - lights lit,333630,447830,-3.012132,E01025582,1,1,0,0,Wet or damp,Single carriageway,None,30,19:10:00,Urban,Fine no high winds,No,21 - 25,13,Urban area,6,1905,None,None,Other/Not known (2005-10),Cleared junction or waiting/parked at junction exit,PEUGEOT,306 L D,Heavy oil,Male,Skidded,No tow/articulation,Did not leave carriageway,0,Going ahead other,1,Car,No,Front,2010
201004EB10069,A,666,Unclassified,0,Slight,None,10-08-2010,Tuesday,1,Give way or uncontrolled,T or staggered junction,53.683306,Darkness - lights lit,369660,420860,-2.460854,E01012661,1,4,0,0,Dry,Single carriageway,None,30,01:50:00,Urban,Fine no high winds,No,21 - 25,13,Urban area,1,1975,None,Road sign or traffic signal,Other/Not known (2005-10),Approaching junction or waiting/parked at junction approach,HYUNDAI,COUPE SPECIAL EQUIPMENT,Petrol,Male,Skidded,No tow/articulation,Nearside,0,Going ahead other,1,Car,No,Front,2010
201004EN10008,Unclassified,0,Unclassified,0,Slight,None,25-01-2010,Monday,1,Give way or uncontrolled,T or staggered junction,53.892193,Darkness - lights lit,376770,444060,-2.354961,E01025321,2,2,0,0,Wet or damp,Single carriageway,None,30,18:50:00,Rural,Fine no high winds,No,21 - 25,13,Rural,8,1527,None,None,Other/Not known (2005-10),Mid Junction - on roundabout or on main road,ROVER,100 KNIGHTSBRIDGE SE,Heavy oil,Male,Skidded,No tow/articulation,Did not leave carriageway,0,Going ahead other,2,Car,No,Front,2010
201004EN10011,B,6246,Unclassified,0,Slight,None,10-01-2010,Sunday,1,Give way or uncontrolled,T or staggered junction,53.820585,Darkness - lights lit,373550,436110,-2.403269,E01025351,1,2,0,0,Frost or ice,Single carriageway,None,30,01:32:00,Rural,Fine no high winds,No,21 - 25,13,Urban area,6,1781,None,None,Other/Not known (2005-10),Approaching junction or waiting/parked at junction approach,AUDI,A3 1.8T SPORT,Petrol,Male,Skidded,No tow/articulation,Did not leave carriageway,0,Going ahead other,1,Car,No,Front,2010
201006F027364,A,6,A,5066,Slight,None,07-02-2010,Sunday,1,Auto traffic signal,Crossroads,53.483276,Darkness - lights lit,382510,398540,-2.265039,E01005608,1,3,0,0,Dry,Single carriageway,None,30,20:50:00,Urban,Fine no high winds,No,21 - 25,13,Urban area,4,1468,None,None,Other/Not known (2005-10),Approaching junction or waiting/parked at junction approach,PROTON,PERSONA COMPACT GLSI,Petrol,Male,None,No tow/articulation,Did not leave carriageway,0,Waiting to turn right,3,Car,No,Back,2010
201006N028643,A,665,Unclassified,0,Slight,None,05-03-2010,Friday,1,Give way or uncontrolled,T or staggered junction,53.533427,Darkness - lights lit,382370,404120,-2.267465,E01004975,1,2,0,0,Dry,Single carriageway,None,30,18:40:00,Urban,Fine no high winds,No,21 - 25,13,Urban area,2,1391,None,None,Other/Not known (2005-10),Mid Junction - on roundabout or on main road,SEAT,CORDOBA SE,Petrol,Male,None,No tow/articulation,Did not leave carriageway,0,Going ahead other,2,Car,No,Front,2010
201011ND28010,A,690,Unclassified,0,Slight,None,15-11-2010,Monday,1,Give way or uncontrolled,T or staggered junction,54.749614,Darkness - lights lit,424390,539470,-1.622596,E01020684,1,2,0,0,Dry,Single carriageway,None,30,17:55:00,Rural,Fine no high winds,No,21 - 25,13,Small town,6,599,None,None,Other/Not known (2005-10),Mid Junction - on roundabout or on main road,KAWASAKI,ZX 600-F3,Petrol,Male,None,No tow/articulation,Did not leave carriageway,0,Going ahead other,2,Motorcycle over 500cc,No,Front,2010
201011NG26130,Unclassified,0,NA,0,Slight,None,30-10-2010,Saturday,2,Not at junction or within 20 metres,Not at junction or within 20 metres,54.825658,Darkness - lights lit,425810,547940,-1.599785,E01020607,1,3,0,0,Dry,Single carriageway,None,30,19:54:00,Rural,Fine no high winds,No,21 - 25,13,Urban area,5,1587,Parked vehicle,None,Other/Not known (2005-10),Not at or within 20 metres of junction,PEUGEOT,306 LX,Petrol,Male,None,No tow/articulation,Did not leave carriageway,0,Going ahead other,1,Car,No,Front,2010
201014K113710,A,61,A,57,Slight,None,25-04-2010,Sunday,2,Auto traffic signal,Crossroads,53.3825,Darkness - lights lit,434420,387420,-1.484001,E01008071,3,2,0,0,Dry,Dual carriageway,None,40,01:15:00,Urban,Fine no high winds,No,21 - 25,13,Urban area,1,1870,None,None,Other/Not known (2005-10),Approaching junction or waiting/parked at junction approach,RENAULT,MEGANE RT 1.9 TURBO-D,Heavy oil,Male,None,No tow/articulation,Did not leave carriageway,0,Going ahead other,1,Car,No,Front,2010
2010160A00421,A,1136,A,16,Slight,None,05-02-2010,Friday,1,Auto traffic signal,Crossroads,53.567231,Darkness - lights lit,527180,409560,-0.081038,E01013221,2,2,0,5,Wet or damp,Dual carriageway,Roadworks,30,23:16:00,Urban,Fine no high winds,No,21 - 25,13,Urban area,4,1997,None,None,Other/Not known (2005-10),Mid Junction - on roundabout or on main road,HONDA,ACCORD 2.0I LS,Petrol,Male,None,No tow/articulation,Did not leave carriageway,0,Slowing or stopping,1,Car,No,Front,2010
2010160A00561,A,16,A,1243,Slight,None,09-02-2010,Tuesday,2,Give way or uncontrolled,Roundabout,53.525266,Darkness - lights lit,527600,404900,-0.0766,E01013171,1,2,0,0,Wet or damp,Roundabout,None,40,20:30:00,Rural,Fine no high winds,No,21 - 25,13,Urban area,9,1124,None,None,Journey as part of work,Approaching junction or waiting/parked at junction approach,CITROEN,SAXO X,Petrol,Male,None,No tow/articulation,Did not leave carriageway,0,Moving off,2,Car,No,Front,2010
2010160A00691,Unclassified,0,NA,0,Slight,None,03-03-2010,Wednesday,1,Data missing or out of range,Not at junction or within 20 metres,53.612639,Darkness - lights lit,517770,414370,-0.221238,E01013180,1,2,0,0,Dry,Single carriageway,None,30,22:15:00,Urban,Fine no high winds,No,21 - 25,13,Urban area,1,1796,None,Lamp post,Other/Not known (2005-10),Not at or within 20 metres of junction,ROVER,218 VVC COUPE,Petrol,Male,None,No tow/articulation,Nearside,0,Going ahead other,1,Car,No,Front,2010
2010160A02261,A,180,NA,0,Slight,None,12-06-2010,Saturday,1,Data missing or out of range,Not at junction or within 20 metres,53.574432,Darkness - lights lit,527120,410360,-0.081618,E01013221,1,1,0,0,Dry,Dual carriageway,None,70,23:43:00,Urban,Fine no high winds,No,21 - 25,13,Urban area,2,1998,None,Central crash barrier,Other/Not known (2005-10),Not at or within 20 metres of junction,RENAULT,MEGANE 2.0 CABRIOLET,Petrol,Male,Skidded,No tow/articulation,Offside on to centrl res + rebounded,0,Going ahead left-hand bend,1,Car,No,Front,2010
2010170H10150,A,179,B,1277,Slight,None,16-01-2010,Saturday,1,Give way or uncontrolled,Roundabout,54.699264,Darkness - lights lit,450250,534080,-1.221795,E01011952,1,2,0,0,Wet or damp,Roundabout,None,30,00:40:00,Urban,Fine no high winds,No,21 - 25,13,Urban area,1,1598,None,Other permanent object,Other/Not known (2005-10),Leaving roundabout,RENAULT,MEGANE 1.6E FIDJI,Petrol,Male,Skidded,No tow/articulation,Nearside,0,Going ahead other,1,Car,No,Nearside,2010
2010170L40460,A,1085,NA,0,Slight,None,07-03-2010,Sunday,1,Data missing or out of range,Not at junction or within 20 metres,54.597323,Darkness - lights lit,463410,522900,-1.020042,E01012141,1,2,0,0,Dry,Single carriageway,None,30,00:50:00,Rural,Fine no high winds,No,21 - 25,13,Small town,4,2498,None,None,Other/Not known (2005-10),Not at or within 20 metres of junction,VAUXHALL,VECTRA SRI V6 24V,Petrol,Male,Skidded,No tow/articulation,Did not leave carriageway,0,Going ahead left-hand bend,2,Car,No,Offside,2010
201020W027860,B,4130,Unclassified,0,Slight,None,01-08-2010,Sunday,1,Stop sign,Crossroads,52.471668,Darkness - lights lit,407950,285980,-1.884402,E01009378,1,2,0,0,Dry,Single carriageway,None,30,20:15:00,Urban,Fine no high winds,No,21 - 25,13,Urban area,1,1388,None,None,Other/Not known (2005-10),Mid Junction - on roundabout or on main road,FORD,FIESTA SI,Petrol,Male,None,No tow/articulation,Did not leave carriageway,0,Going ahead other,2,Car,No,Front,2010
201022D005769,B,4188,NA,0,Slight,None,18-11-2010,Thursday,1,Data missing or out of range,Not at junction or within 20 metres,52.390488,Darkness - lights lit,392370,276950,-2.113557,E01032137,2,1,0,0,Wet or damp,Single carriageway,None,30,21:36:00,Rural,Fine no high winds,No,21 - 25,13,Rural,9,2494,None,Other permanent object,Other/Not known (2005-10),Not at or within 20 metres of junction,BMW,323I TOURING,Petrol,Male,Skidded,No tow/articulation,Offside and rebounded,0,Going ahead other,1,Car,No,Front,2010
201022F004755,B,4361,NA,0,Slight,None,24-09-2010,Friday,1,Data missing or out of range,Not at junction or within 20 metres,52.362018,Darkness - lights lit,351180,274020,-2.71837,E01029012,1,1,0,0,Wet or damp,Single carriageway,None,30,02:00:00,Rural,Fine no high winds,No,21 - 25,13,Small town,4,1796,None,Other permanent object,Other/Not known (2005-10),Not at or within 20 metres of junction,ROVER,218 VVC COUPE,Petrol,Male,Skidded,No tow/articulation,Offside,0,Going ahead right-hand bend,1,Car,No,Front,2010
201030C000571,B,6417,B,6418,Slight,None,28-08-2010,Saturday,1,Give way or uncontrolled,Roundabout,53.275718,Darkness - lights lit,449250,375670,-1.262888,E01019494,1,2,0,0,Dry,Roundabout,None,30,22:49:00,Rural,Fine no high winds,No,21 - 25,13,Small town,7,1392,None,None,Other/Not known (2005-10),Leaving roundabout,NISSAN,ALMERA EQUATION,Petrol,Male,None,No tow/articulation,Did not leave carriageway,0,Going ahead other,2,Car,No,Front,2010
20103102D3066,C,132,Unclassified,0,Slight,None,26-10-2010,Tuesday,1,Give way or uncontrolled,T or staggered junction,52.998741,Darkness - lights lit,449730,344860,-1.260461,E01028103,1,1,0,0,Dry,Single carriageway,None,30,23:08:00,Urban,Fine no high winds,No,21 - 25,13,Urban area,7,1388,Kerb,None,Other/Not known (2005-10),Cleared junction or waiting/parked at junction exit,FORD,FIESTA CHICANE,Petrol,Male,Skidded,No tow/articulation,Did not leave carriageway,0,Going ahead left-hand bend,1,Car,No,Nearside,2010
20103104C0864,Unclassified,0,Unclassified,0,Slight,None,25-01-2010,Monday,1,Give way or uncontrolled,Crossroads,52.978159,Darkness - lights lit,453460,342610,-1.20526,E01013821,1,3,0,0,Dry,Single carriageway,None,30,04:58:00,Urban,Fine no high winds,No,21 - 25,13,Urban area,3,1242,None,Telegraph or electricity pole,Other/Not known (2005-10),Approaching junction or waiting/parked at junction approach,FIAT,PUNTO S 60,Petrol,Male,Skidded,No tow/articulation,Offside,0,Going ahead other,1,Car,No,Front,2010
201032B301710,A,17,B,1168,Slight,None,09-10-2010,Saturday,1,Give way or uncontrolled,Roundabout,52.811068,Darkness - lights lit,535550,325620,0.009681,E01026248,2,1,0,0,Dry,Roundabout,None,60,21:35:00,Rural,Fine no high winds,No,21 - 25,13,Urban area,3,1988,Central island of roundabout,Road sign or traffic signal,Pupil riding to/from school,Entering roundabout,FORD,MONDEO GHIA X,Petrol,Male,Skidded and overturned,No tow/articulation,Did not leave carriageway,0,Going ahead other,1,Car,No,Offside,2010
201032D044410,A,46,C,6,Slight,None,20-02-2010,Saturday,1,Give way or uncontrolled,T or staggered junction,53.486546,Darkness - lights lit,510940,400170,-0.329466,E01026416,2,3,0,0,Wet or damp,Single carriageway,None,50,22:40:00,Rural,Fine no high winds,No,21 - 25,13,Rural,5,1589,None,Lamp post,Other/Not known (2005-10),Approaching junction or waiting/parked at junction approach,ROVER,416S,Petrol,Male,Skidded,No tow/articulation,Offside,0,Going ahead left-hand bend,1,Car,No,Nearside,2010
201043S017120,Unclassified,1098,Unclassified,0,Slight,None,26-02-2019,Friday,2,Give way or uncontrolled,Other junction,25.78969407,Darkness - lights lit,485050,238620,87.490453,E01016730,1,1,0,0,Dry,Single carriageway,None,30,17:45:00,Urban,Fine no high winds,No,21 - 25,13,Rural,8,1124,None,None,Other/Not known (2005-10),Approaching junction or waiting/parked at junction approach,PEUGEOT,106 XL INDEPENDENCE,Petrol,Female,None,No tow/articulation,Did not leave carriageway,5,Slowing or stopping,1,Car,No,Front,2019
201045GU49131,B,3411,Unclassified,0,Slight,None,02-08-2021,Wednesday,1,Give way or uncontrolled,Roundabout,22.73292097,Darkness - lights lit,489210,151820,75.81792246,E01030430,3,3,0,0,Wet or damp,Roundabout,None,30,18:10:00,Urban,Fine no high winds,No,21 - 25,13,Urban area,7,1299,None,None,Other/Not known (2005-10),Mid Junction - on roundabout or on main road,FORD,KA 2,Petrol,Female,None,No tow/articulation,Did not leave carriageway,0,Turning right,1,Car,No,Nearside,2020
201001LX51099,A,203,Unclassified,0,Slight,None,01-10-2010,Friday,1,Give way or uncontrolled,Crossroads,51.477149,Darkness - lights lit,530420,177030,-0.123382,E01003124,1,2,0,1,Dry,Single carriageway,None,30,22:50:00,Urban,Fine no high winds,No,21 - 25,13,Urban area,6,1299,None,None,Other/Not known (2005-10),Leaving main road,FORD,KA 2,Petrol,Female,None,No tow/articulation,Did not leave carriageway,0,Turning right,2,Car,No,Front,2010
201043S017120,Unclassified,1098,Unclassified,0,Slight,None,03-12-2010,Friday,2,Give way or uncontrolled,Other junction,52.039426,Darkness - lights lit,485050,238620,-0.76144,E01016730,1,1,0,0,Dry,Single carriageway,None,30,17:45:00,Urban,Fine no high winds,No,21 - 25,13,Rural,8,1124,None,None,Other/Not known (2005-10),Approaching junction or waiting/parked at junction approach,PEUGEOT,106 XL INDEPENDENCE,Petrol,Female,None,No tow/articulation,Did not leave carriageway,5,Slowing or stopping,1,Car,No,Front,2010
201045GU49131,B,3411,Unclassified,0,Slight,None,24-02-2010,Wednesday,1,Give way or uncontrolled,Roundabout,51.258515,Darkness - lights lit,489210,151820,-0.722924,E01030430,3,3,0,0,Wet or damp,Roundabout,None,30,18:10:00,Urban,Fine no high winds,No,21 - 25,13,Urban area,7,1299,None,None,Other/Not known (2005-10),Mid Junction - on roundabout or on main road,FORD,KA 2,Petrol,Female,None,No tow/articulation,Did not leave carriageway,0,Turning right,1,Car,No,Nearside,2010
201001LX51099,A,203,Unclassified,0,Slight,None,01-10-2010,Friday,1,Give way or uncontrolled,Crossroads,51.477149,Darkness - lights lit,530420,177030,-0.123382,E01003124,1,2,0,1,Dry,Single carriageway,None,30,22:50:00,Urban,Fine no high winds,No,21 - 25,13,Urban area,6,1299,None,None,Other/Not known (2005-10),Leaving main road,FORD,KA 2,Petrol,Female,None,No tow/articulation,Did not leave carriageway,0,Turning right,2,Car,No,Front,2010
201001TX20055,A,312,A,314,Slight,None,31-01-2010,Sunday,1,Auto traffic signal,Crossroads,51.440722,Darkness - lights lit,512070,172540,-0.388919,E01002607,1,2,0,5,Dry,Single carriageway,None,30,22:04:00,Urban,Fine no high winds,No,21 - 25,13,Urban area,8,2088,None,None,Other/Not known (2005-10),Mid Junction - on roundabout or on main road,PEUGEOT,406 EXECUTIVE DT,Heavy oil,Female,None,No tow/articulation,Did not leave carriageway,0,Turning right,2,Car,No,Front,2010
201004DL10020,A,583,NA,0,Slight,None,23-02-2010,Tuesday,1,Data missing or out of range,Not at junction or within 20 metres,53.761484,Darkness - lights lit,347910,429750,-2.79164,E01025270,1,2,0,0,Dry,Single carriageway,None,40,17:55:00,Rural,Fine no high winds,No,21 - 25,13,Urban area,2,1396,None,None,Commuting to/from work,Not at or within 20 metres of junction,ROVER,214 I,Petrol,Female,None,No tow/articulation,Did not leave carriageway,0,Moving off,1,Car,No,Front,2010
201014K292510,Unclassified,0,Unclassified,0,Slight,None,06-11-2010,Saturday,1,Give way or uncontrolled,T or staggered junction,53.394914,Darkness - lights lit,431370,388780,-1.529718,E01007998,2,3,0,0,Dry,Single carriageway,None,30,21:20:00,Urban,Fine no high winds,No,21 - 25,13,Urban area,2,1299,None,None,Other/Not known (2005-10),Approaching junction or waiting/parked at junction approach,FORD,KA 2,Petrol,Female,None,No tow/articulation,Did not leave carriageway,0,Moving off,1,Car,No,Front,2010
201020E032511,Unclassified,0,NA,0,Slight,None,06-03-2010,Saturday,1,Data missing or out of range,Not at junction or within 20 metres,52.443565,Darkness - lights lit,404760,282850,-1.931408,E01009287,4,4,0,0,Dry,Single carriageway,None,30,21:15:00,Urban,Fine no high winds,No,21 - 25,13,Urban area,6,1753,None,None,Other/Not known (2005-10),Not at or within 20 metres of junction,FORD,FIESTA LX DIESEL,Heavy oil,Female,None,No tow/articulation,Did not leave carriageway,0,Parked,2,Car,No,Front,2010
201020J010911,A,461,A,4101,Slight,None,12-02-2010,Friday,1,Give way or uncontrolled,Roundabout,52.502513,Darkness - lights lit,392930,289410,-2.105595,E01009839,1,2,0,4,Dry,Roundabout,None,40,20:26:00,Urban,Fine no high winds,No,21 - 25,13,Urban area,6,1299,None,None,Other/Not known (2005-10),Entering roundabout,FORD,KA,Petrol,Female,None,No tow/articulation,Did not leave carriageway,0,Going ahead other,1,Car,No,Front,2010
201020M005212,A,4600,Unclassified,0,Slight,None,22-01-2010,Friday,1,Give way or uncontrolled,T or staggered junction,52.417711,Darkness - lights lit,436940,280110,-1.458283,E01009714,1,2,0,0,Wet or damp,Dual carriageway,None,40,18:30:00,Urban,Fine no high winds,No,21 - 25,13,Urban area,6,1389,None,None,Other/Not known (2005-10),Mid Junction - on roundabout or on main road,VAUXHALL,CORSA VEGAS,Petrol,Female,None,No tow/articulation,Did not leave carriageway,0,Going ahead other,2,Car,No,Front,2010
20103102A0275,B,6014,B,6028,Slight,None,02-02-2010,Tuesday,1,Give way or uncontrolled,Roundabout,53.141519,Darkness - lights lit,448310,360730,-1.27924,E01027983,1,1,0,0,Frost or ice,Roundabout,None,30,21:50:00,Urban,Fine no high winds,No,21 - 25,13,Rural,4,750,None,None,Commuting to/from work,Leaving roundabout,YAMAHA,,Petrol,Female,None,No tow/articulation,Did not leave carriageway,0,Going ahead left-hand bend,1,Motorcycle over 500cc,No,Offside,2010
20103102D3065,A,606,C,74,Slight,None,24-10-2010,Sunday,1,Auto traffic signal,Crossroads,52.892785,Darkness - lights lit,461700,333210,-1.08434,E01028421,2,2,0,0,Dry,Single carriageway,None,60,21:36:00,Rural,Fine no high winds,No,21 - 25,13,Small town,10,998,None,None,Other/Not known (2005-10),Leaving main road,NISSAN,MICRA SHAPE,Petrol,Female,None,No tow/articulation,Did not leave carriageway,0,Turning right,1,Car,No,Front,2010
201050FT2A001,Unclassified,0,NA,0,Slight,None,02-03-2021,Saturday,1,Not at junction or within 20 metres,Not at junction or within 20 metres,19.07029651,Darkness - lights lit,291440,67560,72.83704802,E01015265,1,3,0,0,Frost or ice,Single carriageway,None,30,23:35:00,Urban,Other,No,21 - 25,13,Urban area,6,1587,None,None,Other/Not known (2005-10),Not at or within 20 metres of junction,CITROEN,SAXO VTS,Petrol,Male,None,No tow/articulation,Did not leave carriageway,0,Going ahead other,1,Car,No,Front,2021
201050FT2A001,Unclassified,0,NA,0,Slight,None,30-01-2010,Saturday,1,Not at junction or within 20 metres,Not at junction or within 20 metres,50.497683,Darkness - lights lit,291440,67560,-3.532041,E01015265,1,3,0,0,Frost or ice,Single carriageway,None,30,23:35:00,Urban,Other,No,21 - 25,13,Urban area,6,1587,None,None,Other/Not known (2005-10),Not at or within 20 metres of junction,CITROEN,SAXO VTS,Petrol,Male,None,No tow/articulation,Did not leave carriageway,0,Going ahead other,1,Car,No,Front,2010
201020E009113,A,4540,B,4100,Slight,None,13-01-2010,Wednesday,1,Give way or uncontrolled,Roundabout,52.468427,Darkness - lights lit,408280,285620,-1.879553,E01009364,1,2,0,0,Wet or damp,Dual carriageway,None,40,18:20:00,Urban,Other,No,21 - 25,13,Urban area,1,1596,None,None,Other/Not known (2005-10),Entering roundabout,BMW,316I,Petrol,Female,None,No tow/articulation,Did not leave carriageway,0,Waiting to go - held up,2,Car,No,Back,2010
201050EC2J043,Unclassified,0,Unclassified,0,Slight,None,27-09-2021,Saturday,1,Give way or uncontrolled,T or staggered junction,13.00075042,Darkness - lights lit,249310,54590,77.60115185,E01015181,1,2,0,0,Wet or damp,Single carriageway,None,30,21:24:00,Urban,Raining no high winds,No,21 - 25,13,Urban area,1,1905,None,None,Other/Not known (2005-10),Entering main road,PEUGEOT,306 D TURBO,Heavy oil,Male,None,No tow/articulation,Did not leave carriageway,0,Turning right,2,Car,No,Front,2020
201042I345010,A,13,NA,0,Slight,None,05-04-2020,Saturday,1,Not at junction or within 20 metres,Not at junction or within 20 metres,18.5977575,Darkness - lights lit,565860,181540,73.92294249,E01015979,1,3,0,0,Wet or damp,Dual carriageway,None,70,06:55:00,Rural,Raining no high winds,No,21 - 25,13,Rural,5,1587,None,None,Commuting to/from work,Not at or within 20 metres of junction,PEUGEOT,106 XL AUTO,Petrol,Male,None,No tow/articulation,Did not leave carriageway,0,Changing lane to right,1,Car,No,Offside,2021
201050FT2M015,A,3022,Unclassified,0,Slight,None,13-02-2020,Tuesday,1,Give way or uncontrolled,Other junction,19.07517105,Darkness - lights lit,290120,66010,72.89405262,E01015252,2,2,0,0,Wet or damp,Dual carriageway,None,30,00:30:00,Urban,Raining no high winds,No,21 - 25,13,Urban area,1,1195,None,None,Other/Not known (2005-10),Approaching junction or waiting/parked at junction approach,VAUXHALL,CORSA VEGAS,Petrol,Male,None,No tow/articulation,Did not leave carriageway,0,Turning right,1,Car,No,Nearside,2021
201001MM71087,A,212,Unclassified,0,Slight,None,19-11-2010,Friday,1,Give way or uncontrolled,Private drive or entrance,51.424666,Darkness - lights lit,533890,171280,-0.075619,E01003948,1,2,0,0,Wet or damp,Single carriageway,None,30,22:32:00,Urban,Raining no high winds,No,21 - 25,13,Urban area,5,1597,None,None,Other/Not known (2005-10),Leaving main road,PROTON,PERSONA XLI,Petrol,Male,None,No tow/articulation,Did not leave carriageway,0,Turning left,2,Car,No,Nearside,2010
201001SX20300,A,406,Unclassified,0,Slight,Previous accident,20-03-2010,Saturday,1,Give way or uncontrolled,T or staggered junction,51.586675,Darkness - lights lit,524150,189060,-0.209383,E01000236,2,2,0,0,Wet or damp,Dual carriageway,None,40,22:20:00,Urban,Raining no high winds,No,21 - 25,13,Urban area,7,998,None,None,Other/Not known (2005-10),Mid Junction - on roundabout or on main road,NISSAN,MICRA GX AUTO,Petrol,Male,Skidded,No tow/articulation,Did not leave carriageway,0,Going ahead other,1,Car,No,Did not impact,2010
201042I345010,A,13,NA,0,Slight,None,23-10-2010,Saturday,1,Not at junction or within 20 metres,Not at junction or within 20 metres,51.508394,Darkness - lights lit,565860,181540,0.388639,E01015979,1,3,0,0,Wet or damp,Dual carriageway,None,70,06:55:00,Rural,Raining no high winds,No,21 - 25,13,Rural,5,1587,None,None,Commuting to/from work,Not at or within 20 metres of junction,PEUGEOT,106 XL AUTO,Petrol,Male,None,No tow/articulation,Did not leave carriageway,0,Changing lane to right,1,Car,No,Offside,2010
201050EC2J043,Unclassified,0,Unclassified,0,Slight,None,24-07-2010,Saturday,1,Give way or uncontrolled,T or staggered junction,50.37179,Darkness - lights lit,249310,54590,-4.120472,E01015181,1,2,0,0,Wet or damp,Single carriageway,None,30,21:24:00,Urban,Raining no high winds,No,21 - 25,13,Urban area,1,1905,None,None,Other/Not known (2005-10),Entering main road,PEUGEOT,306 D TURBO,Heavy oil,Male,None,No tow/articulation,Did not leave carriageway,0,Turning right,2,Car,No,Front,2010
201050FT2M015,A,3022,Unclassified,0,Slight,None,13-07-2010,Tuesday,1,Give way or uncontrolled,Other junction,50.483502,Darkness - lights lit,290120,66010,-3.550189,E01015252,2,2,0,0,Wet or damp,Dual carriageway,None,30,00:30:00,Urban,Raining no high winds,No,21 - 25,13,Urban area,1,1195,None,None,Other/Not known (2005-10),Approaching junction or waiting/parked at junction approach,VAUXHALL,CORSA VEGAS,Petrol,Male,None,No tow/articulation,Did not leave carriageway,0,Turning right,1,Car,No,Nearside,2010
201001MM71087,A,212,Unclassified,0,Slight,None,19-11-2010,Friday,1,Give way or uncontrolled,Private drive or entrance,51.424666,Darkness - lights lit,533890,171280,-0.075619,E01003948,1,2,0,0,Wet or damp,Single carriageway,None,30,22:32:00,Urban,Raining no high winds,No,21 - 25,13,Urban area,5,1597,None,None,Other/Not known (2005-10),Leaving main road,PROTON,PERSONA XLI,Petrol,Male,None,No tow/articulation,Did not leave carriageway,0,Turning left,2,Car,No,Nearside,2010
201001SX20300,A,406,Unclassified,0,Slight,Previous accident,20-03-2010,Saturday,1,Give way or uncontrolled,T or staggered junction,51.586675,Darkness - lights lit,524150,189060,-0.209383,E01000236,2,2,0,0,Wet or damp,Dual carriageway,None,40,22:20:00,Urban,Raining no high winds,No,21 - 25,13,Urban area,7,998,None,None,Other/Not known (2005-10),Mid Junction - on roundabout or on main road,NISSAN,MICRA GX AUTO,Petrol,Male,Skidded,No tow/articulation,Did not leave carriageway,0,Going ahead other,1,Car,No,Did not impact,2010
201001XH30084,A,4020,NA,0,Slight,None,11-02-2010,Thursday,1,Data missing or out of range,Not at junction or within 20 metres,51.526926,Darkness - lights lit,508340,182050,-0.43965,E01002455,1,3,0,0,Wet or damp,Dual carriageway,None,40,23:30:00,Urban,Raining no high winds,No,21 - 25,13,Urban area,3,1390,None,None,Other/Not known (2005-10),Not at or within 20 metres of junction,VOLKSWAGEN,POLO 1.4 16V,Petrol,Male,None,No tow/articulation,Did not leave carriageway,0,Slowing or stopping,1,Car,No,Back,2010
201005AA01396,Unclassified,0,Unclassified,0,Slight,None,24-01-2010,Sunday,1,Give way or uncontrolled,Crossroads,53.38545,Darkness - lights lit,330110,388140,-3.052279,E01007240,3,2,0,0,Wet or damp,Single carriageway,None,30,18:18:00,Urban,Raining no high winds,No,21 - 25,13,Urban area,7,998,None,None,Other/Not known (2005-10),Approaching junction or waiting/parked at junction approach,NISSAN,MICRA SHAPE,Petrol,Male,None,No tow/articulation,Did not leave carriageway,0,Going ahead other,2,Car,No,Front,2010
201006Q038103,A,62,A,627,Slight,None,01-11-2010,Monday,1,Auto traffic signal,Roundabout,53.538163,Darkness - lights lit,392370,404620,-2.116604,E01005459,3,2,0,0,Wet or damp,Roundabout,None,30,05:57:00,Urban,Raining no high winds,No,21 - 25,13,Urban area,1,1196,None,None,Other/Not known (2005-10),Entering roundabout,VAUXHALL,CORSA LS 1.2I,Petrol,Male,Skidded,No tow/articulation,Did not leave carriageway,0,Slowing or stopping,1,Car,No,Front,2010