Accident_Index,1st_Road_Class,1st_Road_Number,2nd_Road_Class,2nd_Road_Number,Accident_Severity,Carriageway_Hazards,Date,Day_of_Week,Did_Police_Officer_Attend_Scene_of_Accident,Junction_Control,Junction_Detail,Latitude,Light_Conditions,Location_Easting_OSGR,Location_Northing_OSGR,Longitude,LSOA_of_Accident_Location,Number_of_Casualties,Number_of_Vehicles,Pedestrian_Crossing-Human_Control,Pedestrian_Crossing-Physical_Facilities,Road_Surface_Conditions,Road_Type,Special_Conditions_at_Site,Speed_limit,Time,Urban_or_Rural_Area,Weather_Conditions,InScotland,Age_Band_of_Driver,Age_of_Vehicle,Driver_Home_Area_Type,Driver_IMD_Decile,Engine_Capacity_.CC.,Hit_Object_in_Carriageway,Hit_Object_off_Carriageway,Journey_Purpose_of_Driver,Junction_Location,make,model,Propulsion_Code,Sex_of_Driver,Skidding_and_Overturning,Towing_and_Articulation,Vehicle_Leaving_Carriageway,Vehicle_Location.Restricted_Lane,Vehicle_Manoeuvre,Vehicle_Reference,Vehicle_Type,Was_Vehicle_Left_Hand_Drive,X1st_Point_of_Impact,Year
201020G007450,Unclassified,0,Unclassified,0,Slight,None,10-09-2010,Friday,1,Auto traffic signal,T or staggered junction,52.584387,Darkness - lights lit,391170,298520,-2.131768,E01010521,1,1,0,5,Wet or damp,Single carriageway,None,30,21:34:00,Urban,Raining no high winds,No,21 - 25,13,Urban area,4,1360,None,None,Other/Not known (2005-10),Cleared junction or waiting/parked at junction exit,PEUGEOT,306 MIAMI,Petrol,Male,None,No tow/articulation,Did not leave carriageway,0,Turning right,1,Car,No,Front,2010
201032B018210,B,1356,NA,0,Slight,None,24-01-2010,Sunday,1,Data missing or out of range,Not at junction or within 20 metres,52.838489,Darkness - lights lit,525060,328390,-0.144804,E01026276,2,2,0,0,Wet or damp,Single carriageway,None,40,21:45:00,Rural,Raining no high winds,No,21 - 25,13,Rural,6,1589,None,None,Other/Not known (2005-10),Not at or within 20 metres of junction,ROVER,216 SI,Petrol,Male,None,No tow/articulation,Did not leave carriageway,0,Turning left,2,Car,No,Nearside,2010
201045RE49899,A,23,C,225,Slight,None,16-04-2020,Friday,1,Auto traffic signal,More than 4 arms (not roundabout),22.72198486,Darkness - lights lit,528610,152470,75.89166913,E01030610,2,2,0,0,Wet or damp,Single carriageway,None,30,19:45:00,Rural,Raining no high winds,No,21 - 25,13,Rural,5,1834,None,None,Other/Not known (2005-10),Approaching junction or waiting/parked at junction approach,MITSUBISHI,CARISMA GLXI,Petrol,Female,Skidded,No tow/articulation,Did not leave carriageway,0,Going ahead right-hand bend,2,Car,No,Front,2020
201034WN30790,Unclassified,8123,Unclassified,8471,Slight,None,21-04-2021,Friday,1,Give way or uncontrolled,T or staggered junction,22.75880289,Darkness - lights lit,471950,262360,75.81958281,E01027210,2,2,0,0,Wet or damp,Single carriageway,None,30,21:45:00,Urban,Raining no high winds,No,21 - 25,13,Urban area,2,1489,None,None,Other/Not known (2005-10),Mid Junction - on roundabout or on main road,MAZDA,323 GXI,Petrol,Female,None,No tow/articulation,Did not leave carriageway,0,Going ahead other,1,Car,No,Front,2020
201034WN30790,Unclassified,8123,Unclassified,8471,Slight,None,30-07-2010,Friday,1,Give way or uncontrolled,T or staggered junction,52.254681,Darkness - lights lit,471950,262360,-0.947373,E01027210,2,2,0,0,Wet or damp,Single carriageway,None,30,21:45:00,Urban,Raining no high winds,No,21 - 25,13,Urban area,2,1489,None,None,Other/Not known (2005-10),Mid Junction - on roundabout or on main road,MAZDA,323 GXI,Petrol,Female,None,No tow/articulation,Did not leave carriageway,0,Going ahead other,1,Car,No,Front,2010
201011SB28540,A,690,C,95,Slight,None,24-11-2010,Wednesday,1,Give way or uncontrolled,T or staggered junction,54.730398,Darkness - lights lit,422110,537320,-1.65818,E01020903,3,3,0,0,Snow,Single carriageway,None,40,16:43:00,Rural,Snowing no high winds,No,21 - 25,13,Small town,1,1275,None,None,Other/Not known (2005-10),Leaving main road,NISSAN,MICRA SR,Petrol,Female,None,No tow/articulation,Did not leave carriageway,0,Turning right,2,Car,No,Offside,2010
201006K040048,A,676,B,6472,Slight,None,09-12-2010,Thursday,2,Auto traffic signal,T or staggered junction,53.603418,Darkness - lights lit,373250,411950,-2.405731,E01004790,2,2,0,0,Dry,Unknown,None,30,18:30:00,Urban,Unknown,No,21 - 25,13,Urban area,5,1581,None,None,Commuting to/from work,Approaching junction or waiting/parked at junction approach,FIAT,BRAVA 1.6 ELX,Petrol,Female,None,No tow/articulation,Did not leave carriageway,0,Waiting to go - held up,2,Car,No,Back,2010
201043N130050,A,4010,Unclassified,3192,Slight,None,01-01-2021,Thursday,1,Give way or uncontrolled,T or staggered junction,28.62830784,Darkness - lights unlit,484290,191850,77.34642411,E01017844,4,2,0,0,Dry,Single carriageway,None,30,22:08:00,Urban,Fine no high winds,No,21 - 25,13,Urban area,5,1984,None,None,Other/Not known (2005-10),Approaching junction or waiting/parked at junction approach,VOLKSWAGEN,GOLF GTI 16V,Petrol,Male,Skidded,No tow/articulation,Did not leave carriageway,0,Going ahead other,1,Car,No,Front,2020
201043N130050,A,4010,Unclassified,3192,Slight,None,06-05-2010,Thursday,1,Give way or uncontrolled,T or staggered junction,51.619122,Darkness - lights unlit,484290,191850,-0.783895,E01017844,4,2,0,0,Dry,Single carriageway,None,30,22:08:00,Urban,Fine no high winds,No,21 - 25,13,Urban area,5,1984,None,None,Other/Not known (2005-10),Approaching junction or waiting/parked at junction approach,VOLKSWAGEN,GOLF GTI 16V,Petrol,Male,Skidded,No tow/articulation,Did not leave carriageway,0,Going ahead other,1,Car,No,Front,2010
201004FL10078,A,682,NA,0,Slight,None,30-07-2010,Friday,1,Data missing or out of range,Not at junction or within 20 metres,53.704884,Darkness - lights unlit,381230,423200,-2.28582,E01025356,1,2,0,0,Wet or damp,Single carriageway,None,30,19:20:00,Urban,Raining no high winds,No,21 - 25,13,Urban area,1,1396,None,None,Other/Not known (2005-10),Not at or within 20 metres of junction,ROVER,214 SI,Petrol,Male,None,No tow/articulation,Did not leave carriageway,0,Going ahead other,2,Car,No,Front,2010
201054EL03910,A,338,NA,0,Slight,None,27-09-2021,Tuesday,1,Not at junction or within 20 metres,Not at junction or within 20 metres,14.77242569,Darkness - no lighting,424220,154710,78.58646298,E01031849,2,3,0,0,Wet or damp,Single carriageway,None,40,19:47:00,Rural,Fine no high winds,No,21 - 25,13,Rural,7,999,None,Other permanent object,Other/Not known (2005-10),Not at or within 20 metres of junction,VOLKSWAGEN,POLO 1.0 L,Petrol,Male,None,No tow/articulation,Offside,0,Going ahead other,2,Car,No,Front,2019
2010400B03371,A,6,NA,0,Slight,None,21-07-2020,Tuesday,1,Data missing or out of range,Not at junction or within 20 metres,25.76733665,Darkness - no lighting,501550,253970,87.45914165,E01017528,2,1,0,0,Wet or damp,Slip road,None,70,22:10:00,Rural,Fine no high winds,No,21 - 25,13,Urban area,1,1795,Kerb,Road sign or traffic signal,Other/Not known (2005-10),Not at or within 20 metres of junction,HYUNDAI,LANTRA 1.8 SI AUTO,Petrol,Male,Skidded,No tow/articulation,Straight ahead at junction,0,Going ahead left-hand bend,1,Car,No,Front,2019
201045TA56387,Motorway,23,NA,0,Slight,None,10-12-2020,Thursday,1,Data missing or out of range,Not at junction or within 20 metres,15.22970848,Darkness - no lighting,531300,148510,74.08990094,E01030814,3,5,0,0,Dry,Dual carriageway,None,70,19:04:00,Rural,Fine no high winds,No,21 - 25,13,Urban area,9,1493,None,None,Other/Not known (2005-10),Not at or within 20 metres of junction,HONDA,CIVIC VTEC-E 1.5I,Petrol,Male,None,No tow/articulation,Did not leave carriageway,0,Going ahead other,4,Car,No,Back,2019
20104100A0081,C,48,Unclassified,263,Slight,None,20-12-2020,Sunday,1,Give way or uncontrolled,T or staggered junction,8.89488763,Darkness - no lighting,528040,216630,76.68890768,E01023485,4,1,0,0,Frost or ice,Single carriageway,None,60,22:40:00,Rural,Fine no high winds,No,21 - 25,13,Urban area,6,1124,None,Tree,Other/Not known (2005-10),Cleared junction or waiting/parked at junction exit,CITROEN,SAXO SX,Petrol,Male,Skidded,No tow/articulation,Nearside,0,Going ahead other,1,Car,No,Front,2020
201045WA51013,B,2128,NA,0,Slight,Previous accident,18-03-2020,Sunday,1,Data missing or out of range,Not at junction or within 20 metres,22.71204246,Darkness - no lighting,504750,140350,75.86860301,E01030874,1,3,0,0,Dry,Single carriageway,None,40,22:45:00,Rural,Fine no high winds,No,21 - 25,13,Data missing or out of range,NA,1896,None,None,Other/Not known (2005-10),Not at or within 20 metres of junction,VOLKSWAGEN,PASSAT S TDI,Heavy oil,Male,Skidded,No tow/articulation,Did not leave carriageway,0,Going ahead right-hand bend,3,Car,No,Front,2020
201043W103010,A,34,NA,0,Slight,None,14-12-2019,Sunday,1,Data missing or out of range,Not at junction or within 20 metres,28.57360873,Darkness - no lighting,444420,164900,77.21780605,E01016302,1,2,0,0,Wet or damp,Dual carriageway,Roadworks,70,20:20:00,Rural,Fine no high winds,No,21 - 25,13,Rural,8,1781,None,None,Other/Not known (2005-10),Not at or within 20 metres of junction,AUDI,A3 1.8,Petrol,Male,None,No tow/articulation,Did not leave carriageway,0,Going ahead other,1,Car,No,Front,2021
201043N107030,Unclassified,966,Unclassified,966,Slight,None,26-05-2020,Monday,1,Give way or uncontrolled,T or staggered junction,19.11809676,Darkness - no lighting,497700,184440,72.87794596,E01017831,1,2,0,0,Dry,Single carriageway,None,30,21:32:00,Urban,Fine no high winds,No,21 - 25,13,Urban area,3,1731,None,None,Other/Not known (2005-10),Entering main road,VOLVO,S40 1.8I,Petrol,Male,None,No tow/articulation,Did not leave carriageway,0,Turning right,1,Car,No,Front,2021
2010400B03371,A,6,NA,0,Slight,None,16-11-2010,Tuesday,1,Data missing or out of range,Not at junction or within 20 metres,52.174614,Darkness - no lighting,501550,253970,-0.516386,E01017528,2,1,0,0,Wet or damp,Slip road,None,70,22:10:00,Rural,Fine no high winds,No,21 - 25,13,Urban area,1,1795,Kerb,Road sign or traffic signal,Other/Not known (2005-10),Not at or within 20 metres of junction,HYUNDAI,LANTRA 1.8 SI AUTO,Petrol,Male,Skidded,No tow/articulation,Straight ahead at junction,0,Going ahead left-hand bend,1,Car,No,Front,2010
20104100A0081,C,48,Unclassified,263,Slight,None,31-01-2010,Sunday,1,Give way or uncontrolled,T or staggered junction,51.833566,Darkness - no lighting,528040,216630,-0.143144,E01023485,4,1,0,0,Frost or ice,Single carriageway,None,60,22:40:00,Rural,Fine no high winds,No,21 - 25,13,Urban area,6,1124,None,Tree,Other/Not known (2005-10),Cleared junction or waiting/parked at junction exit,CITROEN,SAXO SX,Petrol,Male,Skidded,No tow/articulation,Nearside,0,Going ahead other,1,Car,No,Front,2010
201043N107030,Unclassified,966,Unclassified,966,Slight,None,08-03-2010,Monday,1,Give way or uncontrolled,T or staggered junction,51.550349,Darkness - no lighting,497700,184440,-0.592315,E01017831,1,2,0,0,Dry,Single carriageway,None,30,21:32:00,Urban,Fine no high winds,No,21 - 25,13,Urban area,3,1731,None,None,Other/Not known (2005-10),Entering main road,VOLVO,S40 1.8I,Petrol,Male,None,No tow/articulation,Did not leave carriageway,0,Turning right,1,Car,No,Front,2010
201043W103010,A,34,NA,0,Slight,None,17-01-2010,Sunday,1,Data missing or out of range,Not at junction or within 20 metres,51.381364,Darkness - no lighting,444420,164900,-1.363123,E01016302,1,2,0,0,Wet or damp,Dual carriageway,Roadworks,70,20:20:00,Rural,Fine no high winds,No,21 - 25,13,Rural,8,1781,None,None,Other/Not known (2005-10),Not at or within 20 metres of junction,AUDI,A3 1.8,Petrol,Male,None,No tow/articulation,Did not leave carriageway,0,Going ahead other,1,Car,No,Front,2010
201045TA56387,Motorway,23,NA,0,Slight,None,25-11-2010,Thursday,1,Data missing or out of range,Not at junction or within 20 metres,51.220636,Darkness - no lighting,531300,148510,-0.121232,E01030814,3,5,0,0,Dry,Dual carriageway,None,70,19:04:00,Rural,Fine no high winds,No,21 - 25,13,Urban area,9,1493,None,None,Other/Not known (2005-10),Not at or within 20 metres of junction,HONDA,CIVIC VTEC-E 1.5I,Petrol,Male,None,No tow/articulation,Did not leave carriageway,0,Going ahead other,4,Car,No,Back,2010
201045WA51013,B,2128,NA,0,Slight,Previous accident,30-05-2010,Sunday,1,Data missing or out of range,Not at junction or within 20 metres,51.15277,Darkness - no lighting,504750,140350,-0.503639,E01030874,1,3,0,0,Dry,Single carriageway,None,40,22:45:00,Rural,Fine no high winds,No,21 - 25,13,Data missing or out of range,NA,1896,None,None,Other/Not known (2005-10),Not at or within 20 metres of junction,VOLKSWAGEN,PASSAT S TDI,Heavy oil,Male,Skidded,No tow/articulation,Did not leave carriageway,0,Going ahead right-hand bend,3,Car,No,Front,2010
201054EL03910,A,338,NA,0,Slight,None,16-02-2010,Tuesday,1,Not at junction or within 20 metres,Not at junction or within 20 metres,51.290957,Darkness - no lighting,424220,154710,-1.654064,E01031849,2,3,0,0,Wet or damp,Single carriageway,None,40,19:47:00,Rural,Fine no high winds,No,21 - 25,13,Rural,7,999,None,Other permanent object,Other/Not known (2005-10),Not at or within 20 metres of junction,VOLKSWAGEN,POLO 1.0 L,Petrol,Male,None,No tow/articulation,Offside,0,Going ahead other,2,Car,No,Front,2010
201060L125720,B,5102,NA,0,Slight,None,11-07-2010,Sunday,2,Data missing or out of range,Not at junction or within 20 metres,53.085143,Darkness - no lighting,329160,354740,-3.059124,W01000347,1,2,0,0,Dry,Single carriageway,None,60,04:00:00,Rural,Fine no high winds,No,21 - 25,13,Urban area,NA,1493,None,Tree,Other/Not known (2005-10),Not at or within 20 metres of junction,HONDA,CIVIC 1.5I VTEC-2,Petrol,Male,Skidded,No tow/articulation,Did not leave carriageway,0,Going ahead left-hand bend,2,Car,No,Front,2010
201004DR10049,Unclassified,0,NA,0,Slight,None,18-06-2010,Friday,1,Data missing or out of range,Not at junction or within 20 metres,53.822729,Darkness - no lighting,347430,436570,-2.800086,E01025280,2,1,0,0,Dry,Single carriageway,None,60,23:38:00,Rural,Fine no high winds,No,21 - 25,13,Rural,7,2290,None,Tree,Other/Not known (2005-10),Not at or within 20 metres of junction,SAAB,9000 CSE ANNIVERSARY AUTO,Petrol,Male,Overturned,No tow/articulation,Nearside,0,Going ahead right-hand bend,1,Taxi/Private hire car,No,Nearside,2010
201011NH27790,Unclassified,0,NA,0,Slight,None,11-11-2010,Thursday,1,Data missing or out of range,Not at junction or within 20 metres,54.887268,Darkness - no lighting,420790,554770,-1.677431,E01020663,1,1,0,0,Frost or ice,Single carriageway,None,40,03:30:00,Rural,Fine no high winds,No,21 - 25,13,Small town,2,1124,None,Tree,Other/Not known (2005-10),Not at or within 20 metres of junction,PEUGEOT,106 XN INDEPENDENCE,Petrol,Male,Skidded,No tow/articulation,Nearside,0,Going ahead right-hand bend,1,Car,No,Nearside,2010
201030B000101,A,57,NA,0,Slight,None,08-04-2010,Thursday,1,Data missing or out of range,Not at junction or within 20 metres,53.377898,Darkness - no lighting,421010,386830,-1.685641,E01019736,1,1,0,0,Dry,Single carriageway,None,50,04:25:00,Rural,Fine no high winds,No,21 - 25,13,Urban area,2,2793,None,Tree,Other/Not known (2005-10),Not at or within 20 metres of junction,BMW,328I TOURING AUTO,Petrol,Male,Skidded and overturned,No tow/articulation,Nearside and rebounded,0,Going ahead right-hand bend,1,Car,No,Front,2010
201050JG3H009,A,379,NA,0,Slight,None,16-11-2021,Thursday,1,Not at junction or within 20 metres,Not at junction or within 20 metres,15.19213694,Darkness - no lighting,293350,70880,74.02717365,E01020261,1,2,0,0,Frost or ice,Single carriageway,None,60,22:21:00,Rural,Fine no high winds,No,21 - 25,13,Urban area,6,1905,None,None,Other/Not known (2005-10),Not at or within 20 metres of junction,PEUGEOT,306 MERIDIAN DT,Heavy oil,Female,None,No tow/articulation,Did not leave carriageway,0,Going ahead other,2,Car,No,Front,2019
201045EL50174,A,3,NA,0,Slight,None,05-03-2021,Wednesday,1,Data missing or out of range,Not at junction or within 20 metres,8.878251338,Darkness - no lighting,515680,162450,76.65458171,E01030299,1,1,0,0,Wet or damp,Dual carriageway,None,70,23:43:00,Rural,Fine no high winds,No,21 - 25,13,Urban area,4,1390,None,Central crash barrier,Journey as part of work,Not at or within 20 metres of junction,VOLKSWAGEN,POLO 1.4 CL AUTO,Petrol,Female,Skidded,No tow/articulation,Offside,0,Going ahead other,1,Car,No,Front,2020
201043N067010,Motorway,25,NA,0,Slight,None,13-09-2021,Saturday,2,Data missing or out of range,Not at junction or within 20 metres,28.59411524,Darkness - no lighting,502230,184860,77.2543036,E01017824,1,2,0,0,Dry,Dual carriageway,None,70,18:30:00,Rural,Fine no high winds,No,21 - 25,13,Urban area,9,954,None,None,Other/Not known (2005-10),Not at or within 20 metres of junction,CITROEN,SAXO 1.0I MISCHIEF,Petrol,Female,None,No tow/articulation,Did not leave carriageway,0,Going ahead other,2,Car,No,Front,2020
201042I061703,B,1027,NA,0,Slight,None,25-11-2021,Tuesday,1,Not at junction or within 20 metres,Not at junction or within 20 metres,19.15064702,Darkness - no lighting,607460,221300,72.88306028,E01021967,2,2,0,0,Wet or damp,One way street,None,60,20:55:00,Rural,Fine no high winds,No,21 - 25,13,Urban area,1,1360,None,None,Journey as part of work,Not at or within 20 metres of junction,CITROEN,SAXO SX,Petrol,Female,Skidded,No tow/articulation,Did not leave carriageway,0,Turning left,1,Car,No,Front,2021
201042I061703,B,1027,NA,0,Slight,None,02-03-2010,Tuesday,1,Not at junction or within 20 metres,Not at junction or within 20 metres,51.851672,Darkness - no lighting,607460,221300,1.010908,E01021967,2,2,0,0,Wet or damp,One way street,None,60,20:55:00,Rural,Fine no high winds,No,21 - 25,13,Urban area,1,1360,None,None,Journey as part of work,Not at or within 20 metres of junction,CITROEN,SAXO SX,Petrol,Female,Skidded,No tow/articulation,Did not leave carriageway,0,Turning left,1,Car,No,Front,2010
201043N067010,Motorway,25,NA,0,Slight,None,02-01-2010,Saturday,2,Data missing or out of range,Not at junction or within 20 metres,51.553323,Darkness - no lighting,502230,184860,-0.526881,E01017824,1,2,0,0,Dry,Dual carriageway,None,70,18:30:00,Rural,Fine no high winds,No,21 - 25,13,Urban area,9,954,None,None,Other/Not known (2005-10),Not at or within 20 metres of junction,CITROEN,SAXO 1.0I MISCHIEF,Petrol,Female,None,No tow/articulation,Did not leave carriageway,0,Going ahead other,2,Car,No,Front,2010
201045EL50174,A,3,NA,0,Slight,None,31-03-2010,Wednesday,1,Data missing or out of range,Not at junction or within 20 metres,51.349308,Darkness - no lighting,515680,162450,-0.340287,E01030299,1,1,0,0,Wet or damp,Dual carriageway,None,70,23:43:00,Rural,Fine no high winds,No,21 - 25,13,Urban area,4,1390,None,Central crash barrier,Journey as part of work,Not at or within 20 metres of junction,VOLKSWAGEN,POLO 1.4 CL AUTO,Petrol,Female,Skidded,No tow/articulation,Offside,0,Going ahead other,1,Car,No,Front,2010
201050JG3H009,A,379,NA,0,Slight,None,23-12-2010,Thursday,1,Not at junction or within 20 metres,Not at junction or within 20 metres,50.527881,Darkness - no lighting,293350,70880,-3.50607,E01020261,1,2,0,0,Frost or ice,Single carriageway,None,60,22:21:00,Rural,Fine no high winds,No,21 - 25,13,Urban area,6,1905,None,None,Other/Not known (2005-10),Not at or within 20 metres of junction,PEUGEOT,306 MERIDIAN DT,Heavy oil,Female,None,No tow/articulation,Did not leave carriageway,0,Going ahead other,2,Car,No,Front,2010
2010550D50731,C,2,NA,0,Slight,None,16-11-2010,Tuesday,1,Not at junction or within 20 metres,Not at junction or within 20 metres,50.840639,Darkness - no lighting,412510,104590,-1.823716,E01020404,1,3,0,0,Dry,Single carriageway,None,40,17:39:00,Rural,Fine no high winds,No,21 - 25,13,Urban area,3,1598,None,None,Other/Not known (2005-10),Not at or within 20 metres of junction,RENAULT,MEGANE 1.6E FIDJI,Petrol,Female,None,No tow/articulation,Did not leave carriageway,0,Overtaking static vehicle - offside,1,Car,No,Front,2010
201022G001258,A,41,NA,0,Slight,None,05-03-2010,Friday,1,Data missing or out of range,Not at junction or within 20 metres,52.730159,Darkness - no lighting,377410,314780,-2.335973,E01028857,2,2,0,0,Dry,Single carriageway,None,60,17:40:00,Rural,Fine no high winds,No,21 - 25,13,Rural,9,1527,None,None,Other/Not known (2005-10),Not at or within 20 metres of junction,CITROEN,SAXO XD,Heavy oil,Female,None,No tow/articulation,Did not leave carriageway,0,Overtaking moving vehicle - offside,1,Car,No,Front,2010
201043P107020,B,4100,NA,0,Slight,None,06-10-2020,Wednesday,1,Data missing or out of range,Not at junction or within 20 metres,27.09776849,Darkness - no lighting,448540,235190,93.62364653,E01028422,1,2,0,0,Frost or ice,Single carriageway,None,60,18:16:00,Rural,Other,No,21 - 25,13,Urban area,10,1587,None,None,Commuting to/from work,Not at or within 20 metres of junction,CITROEN,SAXO VTR,Petrol,Male,None,No tow/articulation,Did not leave carriageway,0,Going ahead other,1,Car,No,Front,2019
201043P107020,B,4100,NA,0,Slight,None,10-02-2010,Wednesday,1,Data missing or out of range,Not at junction or within 20 metres,52.012982,Darkness - no lighting,448540,235190,-1.294163,E01028422,1,2,0,0,Frost or ice,Single carriageway,None,60,18:16:00,Rural,Other,No,21 - 25,13,Urban area,10,1587,None,None,Commuting to/from work,Not at or within 20 metres of junction,CITROEN,SAXO VTR,Petrol,Male,None,No tow/articulation,Did not leave carriageway,0,Going ahead other,1,Car,No,Front,2010
201032C106110,A,16,NA,0,Slight,None,18-04-2010,Sunday,1,Data missing or out of range,Not at junction or within 20 metres,52.883191,Darkness - no lighting,528670,333460,-0.089241,E01026017,3,2,0,0,Dry,Single carriageway,None,60,02:38:00,Rural,Other,No,21 - 25,13,Urban area,1,1998,None,Tree,Commuting to/from work,Not at or within 20 metres of junction,VAUXHALL,OMEGA GLS AUTO,Petrol,Female,Skidded and overturned,No tow/articulation,Nearside,0,Going ahead other,2,Car,No,Front,2010
2010160B03121,A,1077,NA,0,Slight,None,21-08-2010,Saturday,1,Data missing or out of range,Not at junction or within 20 metres,53.632558,Darkness - no lighting,491330,416000,-0.620288,E01013274,1,1,0,0,Wet or damp,Single carriageway,None,60,02:38:00,Rural,Raining + high winds,No,21 - 25,13,Urban area,8,1596,Any animal (except ridden horse),Other permanent object,Journey as part of work,Not at or within 20 metres of junction,BMW,316I,Petrol,Male,None,No tow/articulation,Offside,0,Going ahead right-hand bend,1,Car,No,Front,2010
201037L018100,B,1062,NA,0,Slight,Any animal in carriageway (except ridden horse),10-05-2019,Thursday,1,Data missing or out of range,Not at junction or within 20 metres,28.55630542,Darkness - no lighting,633340,288390,77.25001454,E01030232,3,2,0,0,Wet or damp,Single carriageway,None,30,01:50:00,Rural,Raining no high winds,No,21 - 25,13,Urban area,1,1896,Parked vehicle,Other permanent object,Commuting to/from work,Not at or within 20 metres of junction,AUDI,A4 1.9 TDI SE,Heavy oil,Male,Skidded,No tow/articulation,Offside and rebounded,0,Going ahead other,1,Car,No,Back,2020
201037L018100,B,1062,NA,0,Slight,Any animal in carriageway (except ridden horse),27-05-2010,Thursday,1,Data missing or out of range,Not at junction or within 20 metres,52.443578,Darkness - no lighting,633340,288390,1.432045,E01030232,3,2,0,0,Wet or damp,Single carriageway,None,30,01:50:00,Rural,Raining no high winds,No,21 - 25,13,Urban area,1,1896,Parked vehicle,Other permanent object,Commuting to/from work,Not at or within 20 metres of junction,AUDI,A4 1.9 TDI SE,Heavy oil,Male,Skidded,No tow/articulation,Offside and rebounded,0,Going ahead other,1,Car,No,Back,2010
201022E004772,B,4224,NA,0,Slight,None,23-09-2010,Thursday,2,Data missing or out of range,Not at junction or within 20 metres,51.985572,Darkness - no lighting,360900,232060,-2.570789,E01014054,1,2,0,0,Wet or damp,Single carriageway,None,50,19:30:00,Rural,Raining no high winds,No,21 - 25,13,Rural,6,2946,None,Tree,Other/Not known (2005-10),Not at or within 20 metres of junction,PEUGEOT,406 SE 3.0 V6 COUPE,Petrol,Male,Skidded and overturned,No tow/articulation,Offside,0,Going ahead left-hand bend,1,Car,No,Front,2010
201030B000248,C,54,NA,0,Slight,None,31-07-2010,Saturday,1,Data missing or out of range,Not at junction or within 20 metres,53.267437,Darkness - no lighting,424940,374560,-1.627527,E01019604,1,1,0,0,Wet or damp,Single carriageway,None,30,01:50:00,Rural,Raining no high winds,No,21 - 25,13,Urban area,7,1390,None,Other permanent object,Other/Not known (2005-10),Not at or within 20 metres of junction,VOLKSWAGEN,POLO 1.4 16V,Petrol,Male,Overturned,No tow/articulation,Offside and rebounded,0,Going ahead left-hand bend,1,Car,No,Front,2010
20103104B2290,A,1,NA,0,Slight,None,24-09-2010,Friday,1,Data missing or out of range,Not at junction or within 20 metres,53.280613,Darkness - no lighting,467660,376440,-0.986679,E01028040,1,1,0,0,Wet or damp,Dual carriageway,None,70,04:00:00,Rural,Raining no high winds,No,21 - 25,13,Urban area,7,2450,None,Entered ditch,Other/Not known (2005-10),Not at or within 20 metres of junction,LAND ROVER,,Heavy oil,Male,Overturned,Single trailer,Nearside,0,Going ahead other,1,Car,No,Nearside,2010
201032C310810,A,52,NA,0,Slight,None,17-10-2010,Sunday,1,Data missing or out of range,Not at junction or within 20 metres,53.240961,Darkness - no lighting,551750,373960,0.272563,E01026113,3,1,1,0,Wet or damp,Single carriageway,None,60,00:32:00,Rural,Raining no high winds,No,21 - 25,13,Rural,4,1360,None,Road sign or traffic signal,Other/Not known (2005-10),Not at or within 20 metres of junction,PEUGEOT,306 MIAMI,Petrol,Female,None,No tow/articulation,Nearside,0,Going ahead other,1,Car,No,Front,2010
201032D123410,A,17,NA,0,Slight,None,29-04-2010,Thursday,1,Data missing or out of range,Not at junction or within 20 metres,53.076355,Darkness - no lighting,487290,354030,-0.698447,E01026192,1,1,0,0,Wet or damp,Single carriageway,None,60,20:07:00,Rural,Raining no high winds,No,21 - 25,13,Data missing or out of range,NA,1587,Bollard or refuge,Near/Offside crash barrier,Other/Not known (2005-10),Not at or within 20 metres of junction,CITROEN,SAXO VTR,Petrol,Female,Skidded,No tow/articulation,Offside,0,Going ahead other,1,Car,No,Front,2010
201054EU00610,A,30,NA,0,Slight,None,21-08-2019,Tuesday,1,Not at junction or within 20 metres,Not at junction or within 20 metres,18.5250347,Darkness - no lighting,417010,132480,73.93423026,E01032011,2,2,0,0,Frost or ice,Single carriageway,Roadworks,60,20:36:00,Rural,Snowing + high winds,No,21 - 25,13,Urban area,10,1389,Parked vehicle,None,Other/Not known (2005-10),Not at or within 20 metres of junction,VAUXHALL,CORSA GLS 1.4I AUTO,Petrol,Female,None,No tow/articulation,Did not leave carriageway,0,Going ahead other,1,Car,No,Front,2021
201054EU00610,A,30,NA,0,Slight,None,12-01-2010,Tuesday,1,Not at junction or within 20 metres,Not at junction or within 20 metres,51.091323,Darkness - no lighting,417010,132480,-1.758508,E01032011,2,2,0,0,Frost or ice,Single carriageway,Roadworks,60,20:36:00,Rural,Snowing + high winds,No,21 - 25,13,Urban area,10,1389,Parked vehicle,None,Other/Not known (2005-10),Not at or within 20 metres of junction,VAUXHALL,CORSA GLS 1.4I AUTO,Petrol,Female,None,No tow/articulation,Did not leave carriageway,0,Going ahead other,1,Car,No,Front,2010