Accident_Index,1st_Road_Class,1st_Road_Number,2nd_Road_Class,2nd_Road_Number,Accident_Severity,Carriageway_Hazards,Date,Day_of_Week,Did_Police_Officer_Attend_Scene_of_Accident,Junction_Control,Junction_Detail,Latitude,Light_Conditions,Location_Easting_OSGR,Location_Northing_OSGR,Longitude,LSOA_of_Accident_Location,Number_of_Casualties,Number_of_Vehicles,Pedestrian_Crossing-Human_Control,Pedestrian_Crossing-Physical_Facilities,Road_Surface_Conditions,Road_Type,Special_Conditions_at_Site,Speed_limit,Time,Urban_or_Rural_Area,Weather_Conditions,InScotland,Age_Band_of_Driver,Age_of_Vehicle,Driver_Home_Area_Type,Driver_IMD_Decile,Engine_Capacity_.CC.,Hit_Object_in_Carriageway,Hit_Object_off_Carriageway,Journey_Purpose_of_Driver,Junction_Location,make,model,Propulsion_Code,Sex_of_Driver,Skidding_and_Overturning,Towing_and_Articulation,Vehicle_Leaving_Carriageway,Vehicle_Location.Restricted_Lane,Vehicle_Manoeuvre,Vehicle_Reference,Vehicle_Type,Was_Vehicle_Left_Hand_Drive,X1st_Point_of_Impact,Year
201022E006274,A,480,A,44,Slight,None,17-12-2010,Friday,1,Give way or uncontrolled,T or staggered junction,52.199573,Darkness - no lighting,333210,256160,-2.978684,E01014056,1,1,0,0,Snow,Single carriageway,None,40,19:29:00,Rural,Snowing no high winds,No,21 - 25,13,Rural,5,1870,None,Road sign or traffic signal,Other/Not known (2005-10),Cleared junction or waiting/parked at junction exit,RENAULT,MEGANE RT 1.9 TURBO-D,Heavy oil,Male,Overturned,No tow/articulation,Nearside and rebounded,0,Turning right,1,Car,No,Front,2010
201054EU00310,C,321,NA,0,Slight,None,08-08-2021,Tuesday,2,Not at junction or within 20 metres,Not at junction or within 20 metres,22.70531919,Daylight,421270,131190,75.83133767,E01032041,1,2,0,0,Frost or ice,Single carriageway,None,30,11:55:00,Rural,Fine + high winds,No,21 - 25,13,Rural,8,1124,None,None,Other/Not known (2005-10),Not at or within 20 metres of junction,PEUGEOT,,Petrol,Male,None,No tow/articulation,Did not leave carriageway,0,Going ahead other,2,Car,No,Front,2020
201054EU00310,C,321,NA,0,Slight,None,12-01-2010,Tuesday,2,Not at junction or within 20 metres,Not at junction or within 20 metres,51.079582,Daylight,421270,131190,-1.697756,E01032041,1,2,0,0,Frost or ice,Single carriageway,None,30,11:55:00,Rural,Fine + high winds,No,21 - 25,13,Rural,8,1124,None,None,Other/Not known (2005-10),Not at or within 20 metres of junction,PEUGEOT,,Petrol,Male,None,No tow/articulation,Did not leave carriageway,0,Going ahead other,2,Car,No,Front,2010
20104100A0251,A,1250,NA,0,Slight,None,21-02-2019,Sunday,1,Not at junction or within 20 metres,Not at junction or within 20 metres,28.65516778,Daylight,550030,221140,77.11593294,E01023438,1,2,0,4,Frost or ice,Single carriageway,None,30,06:55:00,Urban,Fine + high winds,No,21 - 25,13,Urban area,7,1299,None,Other permanent object,Commuting to/from work,Not at or within 20 metres of junction,FORD,KA,Petrol,Female,Skidded,No tow/articulation,Nearside,0,Going ahead left-hand bend,1,Car,No,Nearside,2021
20104100A0251,A,1250,NA,0,Slight,None,07-03-2010,Sunday,1,Not at junction or within 20 metres,Not at junction or within 20 metres,51.868618,Daylight,550030,221140,0.177727,E01023438,1,2,0,4,Frost or ice,Single carriageway,None,30,06:55:00,Urban,Fine + high winds,No,21 - 25,13,Urban area,7,1299,None,Other permanent object,Commuting to/from work,Not at or within 20 metres of junction,FORD,KA,Petrol,Female,Skidded,No tow/articulation,Nearside,0,Going ahead left-hand bend,1,Car,No,Nearside,2010
201043W190080,Unclassified,7152,Unclassified,7152,Slight,None,01-04-2020,Saturday,1,Give way or uncontrolled,Mini-roundabout,14.69490085,Daylight,452270,167070,78.54305103,E01016337,1,2,0,0,Dry,Roundabout,None,20,17:49:00,Urban,Fine no high winds,No,21 - 25,13,Urban area,10,1587,None,None,Other/Not known (2005-10),Entering roundabout,CITROEN,SAXO VTR,Petrol,Male,None,No tow/articulation,Did not leave carriageway,0,Slowing or stopping,2,Car,No,Back,2019
2010400D02547,A,5,NA,,Slight,None,06-08-2019,Saturday,1,Give way or uncontrolled,Other junction,14.66939931,Daylight,497650,226410,78.51215555,E01017577,2,2,0,0,Dry,Single carriageway,None,60,10:32:00,Rural,Fine no high winds,No,21 - 25,13,Urban area,8,1195,None,None,Other/Not known (2005-10),Approaching junction or waiting/parked at junction approach,VAUXHALL,CORSA MERIT 1.2,Petrol,Male,None,No tow/articulation,Did not leave carriageway,0,Going ahead other,2,Car,No,Nearside,2019
201037B044442,C,711,C,710,Slight,None,07-03-2020,Saturday,1,Give way or uncontrolled,T or staggered junction,27.09687464,Daylight,588140,246040,93.62783966,E01029922,2,1,0,0,Wet or damp,Single carriageway,None,60,07:25:00,Rural,Fine no high winds,No,21 - 25,13,Small town,8,1905,None,Telegraph or electricity pole,Other/Not known (2005-10),Cleared junction or waiting/parked at junction exit,PEUGEOT,306 XLDT,Heavy oil,Male,Skidded,No tow/articulation,Offside,0,Going ahead left-hand bend,1,Car,No,Offside,2019
201043N116060,Motorway,25,NA,0,Slight,None,23-11-2019,Sunday,1,Data missing or out of range,Not at junction or within 20 metres,27.10579553,Daylight,501590,187910,93.61888132,E01017818,7,3,0,0,Dry,Dual carriageway,None,70,10:15:00,Rural,Fine no high winds,No,21 - 25,13,Urban area,9,1360,None,None,Other/Not known (2005-10),Not at or within 20 metres of junction,PEUGEOT,306 LX,Petrol,Male,None,No tow/articulation,Did not leave carriageway,0,Going ahead other,2,Car,No,Front,2019
201037G028855,A,14,NA,0,Slight,None,01-09-2021,Saturday,1,Data missing or out of range,Not at junction or within 20 metres,26.73808814,Daylight,613060,244870,94.21874243,E01029878,1,2,0,0,Dry,Dual carriageway,Roadworks,70,13:10:00,Rural,Fine no high winds,No,21 - 25,13,Urban area,2,1149,None,None,Other/Not known (2005-10),Not at or within 20 metres of junction,RENAULT,CLIO RN PROVENCE 1.2,Petrol,Male,None,No tow/articulation,Did not leave carriageway,0,Going ahead other,1,Car,No,Front,2019
201050KE3M003,B,3179,NA,,Slight,None,03-09-2019,Monday,1,Give way or uncontrolled,Private drive or entrance,26.72633275,Daylight,301040,86850,94.17570208,E01019963,1,2,0,0,Dry,Single carriageway,None,30,18:30:00,Rural,Fine no high winds,No,21 - 25,13,Urban area,9,1896,None,None,Other/Not known (2005-10),Approaching junction or waiting/parked at junction approach,VOLKSWAGEN,VENTO CL TDI,Heavy oil,Male,Skidded,No tow/articulation,Did not leave carriageway,0,Going ahead left-hand bend,2,Car,No,Front,2019
201045MO50246,A,25,Unclassified,2862,Slight,None,26-06-2019,Tuesday,1,Give way or uncontrolled,T or staggered junction,26.72404225,Daylight,515740,149210,94.22096789,E01030534,2,3,0,8,Dry,Single carriageway,None,30,09:10:00,Urban,Fine no high winds,No,21 - 25,13,Urban area,9,1595,None,None,Commuting to/from work,Approaching junction or waiting/parked at junction approach,VOLKSWAGEN,,Petrol,Male,None,No tow/articulation,Did not leave carriageway,0,Waiting to go - held up,2,Car,No,Back,2019
2010550D23495,C,14,Unclassified,0,Slight,None,01-03-2019,Monday,1,Give way or uncontrolled,Crossroads,26.72900157,Daylight,380650,118530,94.21694102,E01020449,2,2,0,0,Dry,Single carriageway,None,60,07:56:00,Rural,Fine no high winds,No,21 - 25,13,Urban area,3,1997,None,None,Other/Not known (2005-10),Cleared junction or waiting/parked at junction exit,MITSUBISHI,GALANT GLS AUTO,Petrol,Male,None,No tow/articulation,Did not leave carriageway,0,Turning right,1,Car,No,Offside,2019
201045SU55469,A,322,C,5,Slight,None,24-11-2020,Thursday,1,Stop sign,T or staggered junction,25.77653532,Daylight,493860,161630,87.45803811,E01030806,1,2,0,0,Dry,Dual carriageway,None,60,14:50:00,Rural,Fine no high winds,No,21 - 25,13,Urban area,3,NA,None,None,Journey as part of work,Cleared junction or waiting/parked at junction exit,DENNIS,,Heavy oil,Male,None,No tow/articulation,Did not leave carriageway,0,Moving off,1,Bus or coach (17 or more pass seats),No,Offside,2019
20104100B0422,Unclassified,756,NA,0,Slight,None,21-11-2020,Monday,1,Not at junction or within 20 metres,Not at junction or within 20 metres,22.09989583,Daylight,522560,208200,82.14585656,E01023923,1,2,0,0,Dry,Single carriageway,None,30,15:08:00,Urban,Fine no high winds,No,21 - 25,13,Urban area,2,1975,None,None,Other/Not known (2005-10),Not at or within 20 metres of junction,TOYOTA,CARINA E GS TD,Heavy oil,Male,None,No tow/articulation,Did not leave carriageway,0,Going ahead other,1,Car,No,Front,2019
201037L017749,Unclassified,6157,Unclassified,6163,Slight,None,21-02-2021,Monday,1,Give way or uncontrolled,T or staggered junction,15.27693932,Daylight,654900,293490,74.03759024,E01030249,2,2,0,0,Wet or damp,Single carriageway,None,30,15:05:00,Urban,Fine no high winds,No,21 - 25,13,Urban area,2,996,None,None,Other/Not known (2005-10),Approaching junction or waiting/parked at junction approach,SUZUKI,TL 1000 SV,Petrol,Male,Skidded,No tow/articulation,Did not leave carriageway,0,Going ahead other,2,Motorcycle over 500cc,No,Offside,2019
201054MA00410,Motorway,4,NA,0,Slight,None,25-04-2021,Saturday,1,Not at junction or within 20 metres,Not at junction or within 20 metres,15.32102529,Daylight,401210,182350,74.08374161,E01031893,2,2,0,0,Dry,Dual carriageway,None,70,14:24:00,Rural,Fine no high winds,No,21 - 25,13,Urban area,3,2793,None,Entered ditch,Other/Not known (2005-10),Not at or within 20 metres of junction,BMW,328I COUPE AUTO,Petrol,Male,Skidded and overturned,No tow/articulation,Nearside,0,Going ahead other,1,Car,No,Front,2019
201042I323209,A,133,A,133,Slight,None,13-02-2021,Thursday,1,Authorised person,Roundabout,15.30185074,Daylight,613630,222480,73.98230072,E01022018,1,3,0,8,Wet or damp,Single carriageway,None,60,19:03:00,Rural,Fine no high winds,No,21 - 25,13,Data missing or out of range,NA,2495,None,None,Other/Not known (2005-10),Leaving roundabout,LAND ROVER,DISCOVERY TDI AUTO,Heavy oil,Male,None,No tow/articulation,Did not leave carriageway,0,Going ahead other,1,Car,No,Front,2019
201045EP51300,A,24,NA,0,Slight,None,01-08-2019,Friday,1,Data missing or out of range,Not at junction or within 20 metres,28.42322641,Daylight,519980,159840,77.01629485,E01030420,1,1,0,4,Dry,Single carriageway,None,30,14:24:00,Urban,Fine no high winds,No,21 - 25,13,Urban area,7,1799,Kerb,Near/Offside crash barrier,Journey as part of work,Not at or within 20 metres of junction,MERCEDES,C180 ELEGANCE AUTO,Petrol,Male,Skidded,No tow/articulation,Nearside,0,Going ahead other,1,Car,No,Front,2019
201045SU49659,B,3012,NA,0,Slight,None,04-09-2019,Thursday,1,Data missing or out of range,Not at junction or within 20 metres,28.44130743,Daylight,489990,156380,77.00819527,E01030784,1,1,0,0,Dry,Single carriageway,None,60,13:50:00,Rural,Fine no high winds,No,21 - 25,13,Urban area,9,1493,None,Tree,Other/Not known (2005-10),Not at or within 20 metres of junction,HONDA,CIVIC 1.5I LS,Petrol,Male,Skidded and overturned,No tow/articulation,Offside and rebounded,0,Going ahead right-hand bend,1,Car,No,Front,2019
201037B045597,C,492,C,455,Slight,None,17-11-2019,Friday,1,Give way or uncontrolled,T or staggered junction,28.44285932,Daylight,612630,251350,77.07955481,E01030046,3,2,0,0,Dry,Single carriageway,None,40,14:10:00,Rural,Fine no high winds,No,21 - 25,13,Rural,7,1124,None,Other permanent object,Other/Not known (2005-10),Approaching junction or waiting/parked at junction approach,PEUGEOT,106 XL INDEPENDENCE,Petrol,Male,None,No tow/articulation,Offside,0,Going ahead other,2,Car,No,Front,2019
201045WO57058,A,320,Unclassified,0,Slight,None,03-11-2020,Tuesday,1,Give way or uncontrolled,T or staggered junction,28.5025177,Daylight,501160,159750,77.07783592,E01030964,1,3,0,0,Wet or damp,Single carriageway,None,50,15:39:00,Rural,Fine no high winds,No,21 - 25,13,Urban area,9,1389,None,None,Other/Not known (2005-10),Approaching junction or waiting/parked at junction approach,VAUXHALL,CORSA BREEZE HI-TORQ,Petrol,Male,Skidded,No tow/articulation,Did not leave carriageway,0,Going ahead other,1,Car,No,Front,2019
201037G030377,A,1214,Unclassified,4621,Slight,None,13-02-2021,Wednesday,1,Auto traffic signal,T or staggered junction,8.87500892,Daylight,614620,244290,76.62626062,E01029985,1,2,0,0,Dry,Single carriageway,None,30,15:45:00,Urban,Fine no high winds,No,21 - 25,13,Urban area,8,599,None,None,Commuting to/from work,Approaching junction or waiting/parked at junction approach,SUZUKI,GSF 600 V,Petrol,Male,Skidded,No tow/articulation,Did not leave carriageway,0,Going ahead other,2,Motorcycle over 500cc,No,Front,2020
201050DE2B002,A,396,NA,0,Slight,Vehicle load on road,04-11-2020,Tuesday,1,Not at junction or within 20 metres,Not at junction or within 20 metres,8.89086909,Daylight,291620,95860,76.65263836,E01019979,1,4,0,0,Dry,Single carriageway,None,30,09:20:00,Rural,Fine no high winds,No,21 - 25,13,Urban area,6,1731,None,None,Other/Not known (2005-10),Not at or within 20 metres of junction,VOLVO,V40 SE 1.8I,Petrol,Male,None,No tow/articulation,Did not leave carriageway,0,Going ahead other,2,Car,No,Did not impact,2020
201054ET22110,A,363,Unclassified,0,Slight,None,02-11-2020,Saturday,1,Give way or uncontrolled,Mini-roundabout,8.886645825,Daylight,385260,156420,76.6846897,E01032092,1,2,0,8,Dry,Roundabout,None,30,18:13:00,Urban,Fine no high winds,No,21 - 25,13,Small town,8,2497,None,None,Other/Not known (2005-10),Mid Junction - on roundabout or on main road,LAND ROVER,RANGEROVER 2.5 DT,Heavy oil,Male,None,No tow/articulation,Did not leave carriageway,0,Going ahead other,2,Car,No,Front,2020
201054ER35610,A,303,NA,0,Slight,None,19-03-2020,Sunday,1,Not at junction or within 20 metres,Not at junction or within 20 metres,8.87831606,Daylight,398270,135820,76.69919508,E01032076,2,4,0,0,Dry,Single carriageway,None,60,16:30:00,Rural,Fine no high winds,No,21 - 25,13,Urban area,2,1587,None,None,Other/Not known (2005-10),Not at or within 20 metres of junction,PEUGEOT,106 XT AUTO,Petrol,Male,None,No tow/articulation,Did not leave carriageway,0,Waiting to go - held up,3,Car,No,Back,2020
201037B044987,B,1508,C,734,Slight,None,03-09-2020,Monday,2,Give way or uncontrolled,T or staggered junction,22.74040939,Daylight,590690,234050,75.9138436,E01029880,1,2,0,0,Dry,Single carriageway,None,30,15:30:00,Rural,Fine no high winds,No,21 - 25,13,Data missing or out of range,NA,1998,None,None,Other/Not known (2005-10),Approaching junction or waiting/parked at junction approach,VAUXHALL,VECTRA SRI 16V,Petrol,Male,Skidded,No tow/articulation,Did not leave carriageway,0,Going ahead other,1,Car,No,Front,2020
201042I026801,B,1393,Unclassified,0,Slight,None,01-09-2019,Thursday,1,Give way or uncontrolled,T or staggered junction,22.70451033,Daylight,547120,204640,75.86599081,E01021761,2,2,0,0,Wet or damp,Single carriageway,None,30,08:05:00,Rural,Fine no high winds,No,21 - 25,13,Urban area,3,NA,None,None,Other/Not known (2005-10),Approaching junction or waiting/parked at junction approach,DENNIS,,Heavy oil,Male,None,No tow/articulation,Did not leave carriageway,0,Going ahead other,1,Bus or coach (17 or more pass seats),No,Front,2020
201042I019301,B,1010,Unclassified,0,Slight,None,21-02-2019,Wednesday,1,Give way or uncontrolled,T or staggered junction,22.74063639,Daylight,593590,197520,75.85539354,E01021877,2,2,0,0,Dry,Single carriageway,None,40,12:45:00,Rural,Fine no high winds,No,21 - 25,13,Small town,6,1196,None,None,Other/Not known (2005-10),Entering main road,VAUXHALL,CORSA LS 1.2I,Petrol,Male,None,No tow/articulation,Did not leave carriageway,0,Moving off,1,Car,No,Front,2020
201050EC2D021,Unclassified,0,Unclassified,0,Slight,None,17-09-2020,Friday,1,Give way or uncontrolled,T or staggered junction,22.72889597,Daylight,247560,55140,75.86430408,E01015152,2,2,0,0,Dry,Single carriageway,None,30,16:36:00,Urban,Fine no high winds,No,21 - 25,13,Urban area,7,1300,None,Other permanent object,Other/Not known (2005-10),Approaching junction or waiting/parked at junction approach,TOYOTA,,Petrol,Male,None,No tow/articulation,Offside and rebounded,0,Going ahead left-hand bend,1,Car,No,Front,2020
201042I415812,Unclassified,0,NA,0,Slight,None,23-10-2019,Friday,1,Not at junction or within 20 metres,Not at junction or within 20 metres,26.47242486,Daylight,602000,224490,74.65253465,E01021701,1,2,0,0,Dry,Single carriageway,None,30,12:15:00,Urban,Fine no high winds,No,21 - 25,13,Urban area,1,1124,None,None,Other/Not known (2005-10),Not at or within 20 metres of junction,PEUGEOT,106 XL INDEPENDENCE,Petrol,Male,None,No tow/articulation,Did not leave carriageway,9,Turning left,1,Car,No,Nearside,2020
201045EL49099,A,244,Unclassified,3830,Slight,None,15-10-2020,Friday,1,Give way or uncontrolled,T or staggered junction,28.69957963,Daylight,510790,165340,77.0706548,E01030366,3,2,0,8,Wet or damp,Single carriageway,None,40,08:01:00,Urban,Fine no high winds,No,21 - 25,13,Urban area,4,998,None,None,Commuting to/from work,Mid Junction - on roundabout or on main road,NISSAN,MICRA SHAPE,Petrol,Male,None,No tow/articulation,Did not leave carriageway,0,Going ahead other,1,Car,No,Front,2020
201037G029289,Unclassified,4404,NA,0,Slight,None,24-09-2020,Tuesday,2,Data missing or out of range,Not at junction or within 20 metres,28.55247476,Daylight,614140,246030,77.29681801,E01030027,1,1,0,0,Dry,Single carriageway,None,30,08:20:00,Urban,Fine no high winds,No,21 - 25,13,Urban area,5,1332,None,None,Commuting to/from work,Not at or within 20 metres of junction,TOYOTA,STARLET SPORTIF AUTO,Petrol,Male,Skidded,No tow/articulation,Did not leave carriageway,0,Going ahead other,1,Car,No,Did not impact,2020
201034TM28220,Motorway,1,NA,0,Slight,None,25-12-2020,Monday,1,Data missing or out of range,Not at junction or within 20 metres,28.6658786,Daylight,459000,269440,77.14712756,E01027016,1,3,0,0,Dry,Dual carriageway,None,70,16:03:00,Rural,Fine no high winds,No,21 - 25,13,Urban area,9,1120,None,None,Other/Not known (2005-10),Not at or within 20 metres of junction,ROVER,100 ASCOT SE,Petrol,Male,None,No tow/articulation,Did not leave carriageway,0,Going ahead other,2,Car,No,Offside,2020
201050BD2G003,A,390,NA,0,Slight,None,09-08-2020,Friday,1,Not at junction or within 20 metres,Not at junction or within 20 metres,28.66546798,Daylight,219010,64190,77.31728632,E01018758,2,1,0,0,Wet or damp,Single carriageway,Oil or diesel,60,18:01:00,Rural,Fine no high winds,No,21 - 25,13,Rural,4,1596,None,Other permanent object,Other/Not known (2005-10),Not at or within 20 metres of junction,BMW,316I,Petrol,Male,Skidded and overturned,No tow/articulation,Nearside and rebounded,0,Going ahead right-hand bend,1,Car,No,Did not impact,2020
201043R111060,Unclassified,7302,NA,0,Slight,None,19-05-2021,Friday,1,Data missing or out of range,Not at junction or within 20 metres,28.63599085,Daylight,496860,179550,77.1980183,E01016464,1,2,0,0,Dry,Single carriageway,None,30,13:10:00,Urban,Fine no high winds,No,21 - 25,13,Urban area,2,600,None,None,Other/Not known (2005-10),Not at or within 20 metres of junction,HONDA,,Petrol,Male,None,No tow/articulation,Did not leave carriageway,0,Overtaking static vehicle - offside,2,Motorcycle over 500cc,No,Front,2020
201043N144040,Motorway,40,NA,0,Slight,None,18-09-2021,Sunday,1,Data missing or out of range,Not at junction or within 20 metres,28.66864894,Daylight,483420,191080,77.08047699,E01017843,1,5,0,0,Dry,Dual carriageway,None,70,18:38:00,Rural,Fine no high winds,No,21 - 25,13,Data missing or out of range,NA,1108,None,None,Other/Not known (2005-10),Not at or within 20 metres of junction,FIAT,PUNTO 55 S,Petrol,Male,None,No tow/articulation,Did not leave carriageway,0,Going ahead other,4,Car,No,Back,2021
201050AC2D012,A,3047,C,750,Slight,None,14-11-2021,Friday,1,Give way or uncontrolled,Roundabout,28.59560718,Daylight,163350,40380,77.16411754,E01018876,1,2,0,0,Dry,Roundabout,None,60,18:18:00,Rural,Fine no high winds,No,21 - 25,13,Rural,3,2544,None,None,Other/Not known (2005-10),Entering roundabout,FORD,MONDEO ST24 V6,Petrol,Male,None,No tow/articulation,Did not leave carriageway,0,Going ahead other,1,Car,No,Offside,2021
201043R078050,A(M),329,A,329,Slight,None,27-12-2019,Tuesday,1,Give way or uncontrolled,Roundabout,28.70648944,Daylight,483600,168860,77.10347314,E01016698,1,2,0,0,Dry,Roundabout,None,40,13:49:00,Rural,Fine no high winds,No,21 - 25,13,Urban area,8,1242,None,None,Other/Not known (2005-10),Leaving roundabout,FORD,FIESTA CHICANE,Petrol,Male,None,No tow/articulation,Did not leave carriageway,0,Turning left,1,Car,No,Did not impact,2021
201043W048120,B,3031,NA,0,Slight,None,17-07-2020,Sunday,1,Data missing or out of range,Not at junction or within 20 metres,28.59479167,Daylight,471800,170750,77.20620769,E01016442,3,4,0,0,Dry,Single carriageway,None,30,14:51:00,Urban,Fine no high winds,No,21 - 25,13,Urban area,3,1242,None,None,Other/Not known (2005-10),Not at or within 20 metres of junction,FORD,FIESTA CHICANE,Petrol,Male,None,No tow/articulation,Offside,0,Turning right,2,Car,No,Back,2021
201054DN25810,Unclassified,0,NA,0,Slight,None,02-08-2021,Saturday,1,Not at junction or within 20 metres,Not at junction or within 20 metres,18.64286911,Daylight,416020,187380,73.93432232,E01015560,1,2,0,0,Dry,Single carriageway,None,30,10:07:00,Urban,Fine no high winds,No,21 - 25,13,Urban area,2,1242,None,None,Other/Not known (2005-10),Not at or within 20 metres of junction,FIAT,PUNTO SX 60,Petrol,Male,None,No tow/articulation,Did not leave carriageway,0,Going ahead other,1,Car,No,Offside,2021
201043N068070,Unclassified,2191,A,41,Slight,None,08-10-2020,Saturday,1,Give way or uncontrolled,Roundabout,18.53764026,Daylight,482050,213560,73.77894375,E01017633,5,2,0,0,Dry,Single carriageway,None,20,16:05:00,Urban,Fine no high winds,No,21 - 25,13,Urban area,8,2496,None,None,Other/Not known (2005-10),Approaching junction or waiting/parked at junction approach,FORD,TRANSIT 80 SWB,Heavy oil,Male,None,No tow/articulation,Did not leave carriageway,0,Going ahead other,1,Van / Goods 3.5 tonnes mgw or under,No,Front,2021
201043W069080,A,329,Unclassified,7201,Slight,None,07-12-2019,Wednesday,1,Auto traffic signal,Roundabout,18.5215645,Daylight,471540,172990,73.74899217,E01016378,1,2,0,0,Dry,Roundabout,None,30,18:32:00,Urban,Fine no high winds,No,21 - 25,13,Urban area,5,1590,None,None,Other/Not known (2005-10),Leaving roundabout,HONDA,CIVIC COUPE 1.6I LS,Petrol,Male,None,No tow/articulation,Did not leave carriageway,0,Turning left,2,Car,No,Nearside,2021
201042I177206,B,186,NA,0,Slight,None,19-05-2021,Wednesday,1,Not at junction or within 20 metres,Not at junction or within 20 metres,19.16535945,Daylight,559590,193550,72.85679527,E01021436,1,1,0,0,Dry,Single carriageway,None,30,15:45:00,Urban,Fine no high winds,No,21 - 25,13,Urban area,8,999,None,None,Commuting to/from work,Not at or within 20 metres of junction,VOLKSWAGEN,POLO 1.0 L,Petrol,Male,Skidded,No tow/articulation,Did not leave carriageway,0,Going ahead other,1,Car,No,Offside,2021
201043R103070,A,330,Unclassified,7007,Slight,None,03-09-2019,Monday,1,Give way or uncontrolled,T or staggered junction,19.07826335,Daylight,490750,172180,72.87248853,E01016251,1,2,0,0,Dry,Single carriageway,None,60,09:35:00,Rural,Fine no high winds,No,21 - 25,13,Urban area,9,1124,None,None,Other/Not known (2005-10),Approaching junction or waiting/parked at junction approach,CITROEN,SAXO X,Petrol,Male,None,No tow/articulation,Did not leave carriageway,0,Going ahead other,2,Car,No,Front,2021
201037G029410,A,12,Unclassified,3415,Slight,None,03-03-2021,Wednesday,1,Give way or uncontrolled,T or staggered junction,19.08337541,Daylight,627870,252360,72.86044379,E01030193,2,2,0,0,Dry,Single carriageway,None,60,17:25:00,Rural,Fine no high winds,No,21 - 25,13,Small town,7,1590,None,None,Other/Not known (2005-10),Mid Junction - on roundabout or on main road,ROVER,216 COUPE SE,Petrol,Male,None,No tow/articulation,Did not leave carriageway,0,Going ahead right-hand bend,2,Car,No,Front,2021
20104100G0132,B,197,NA,,Slight,None,11-06-2019,Wednesday,1,Give way or uncontrolled,Private drive or entrance,14.77754824,Daylight,522810,227120,78.57017117,E01023800,1,4,0,0,Dry,Single carriageway,None,40,12:45:00,Rural,Fine no high winds,No,21 - 25,13,Urban area,4,2946,None,None,Other/Not known (2005-10),Approaching junction or waiting/parked at junction approach,PEUGEOT,406 SE 3.0 V6 COUPE,Petrol,Male,None,No tow/articulation,Did not leave carriageway,0,Going ahead other,4,Car,No,Front,2019
201054EH34310,C,6,Unclassified,0,Slight,None,25-11-2019,Wednesday,1,Give way or uncontrolled,T or staggered junction,14.69976965,Daylight,419660,169580,78.5013302,E01031868,1,2,0,0,Wet or damp,Single carriageway,None,60,10:54:00,Rural,Fine no high winds,No,21 - 25,13,Rural,10,124,None,None,Other/Not known (2005-10),Mid Junction - on roundabout or on main road,SUZUKI,,Petrol,Male,None,No tow/articulation,Did not leave carriageway,0,Going ahead other,2,Motorcycle 125cc and under,No,Front,2019
201043P228090,Unclassified,120,Unclassified,0,Slight,None,06-12-2021,Thursday,1,Give way or uncontrolled,T or staggered junction,14.66241728,Daylight,446080,239980,78.56933784,E01028429,1,2,0,0,Dry,Single carriageway,None,30,17:30:00,Urban,Fine no high winds,No,21 - 25,13,Urban area,2,1994,None,None,Other/Not known (2005-10),Approaching junction or waiting/parked at junction approach,ROVER,220 SDI,Heavy oil,Male,None,No tow/articulation,Did not leave carriageway,0,Going ahead other,1,Car,No,Front,2019
2010550C34756,A,338,NA,0,Slight,None,08-12-2020,Wednesday,1,Not at junction or within 20 metres,Not at junction or within 20 metres,27.09810645,Daylight,407400,91470,93.61120898,E01015372,1,3,0,0,Dry,Single carriageway,None,40,08:32:00,Urban,Fine no high winds,No,21 - 25,13,Urban area,6,1595,None,None,Other/Not known (2005-10),Not at or within 20 metres of junction,AUDI,A3 1.6 SE,Petrol,Male,None,No tow/articulation,Did not leave carriageway,0,Waiting to go - held up,1,Car,No,Back,2019
20104100T3268,Motorway,25,NA,0,Slight,None,09-11-2021,Friday,1,Not at junction or within 20 metres,Not at junction or within 20 metres,27.10215241,Daylight,522490,200120,93.62303194,E01023584,2,2,0,0,Dry,Dual carriageway,None,70,12:30:00,Rural,Fine no high winds,No,21 - 25,13,Urban area,1,1390,None,None,Other/Not known (2005-10),Not at or within 20 metres of junction,RENAULT,MEGANE RN PARIS,Petrol,Male,None,No tow/articulation,Did not leave carriageway,0,Changing lane to right,1,Car,No,Front,2019
201043P234070,A,4095,B,4020,Slight,None,16-12-2019,Saturday,1,Give way or uncontrolled,T or staggered junction,27.09955671,Daylight,428500,202020,93.61173332,E01028765,1,2,0,0,Dry,Single carriageway,None,30,13:31:00,Rural,Fine no high winds,No,21 - 25,13,Rural,8,1596,None,None,Other/Not known (2005-10),Approaching junction or waiting/parked at junction approach,BMW,316I,Petrol,Male,None,No tow/articulation,Did not leave carriageway,0,Slowing or stopping,1,Car,No,Front,2019
201001CW11630,B,413,C,0,Slight,None,08-08-2010,Sunday,1,Give way or uncontrolled,Mini-roundabout,51.523162,Daylight,526060,182040,-0.184342,E01004703,2,2,0,1,Dry,Single carriageway,None,30,21:50:00,Urban,Fine no high winds,No,21 - 25,13,Urban area,3,2180,None,None,Other/Not known (2005-10),Mid Junction - on roundabout or on main road,TOYOTA,,Heavy oil,Male,None,No tow/articulation,Did not leave carriageway,0,Turning right,1,Car,No,Nearside,2010
201001HT20352,A,11,C,0,Slight,None,31-05-2010,Monday,1,Give way or uncontrolled,T or staggered junction,51.5224,Daylight,535940,182210,-0.04195,E01004261,1,2,0,4,Dry,Single carriageway,None,30,19:13:00,Urban,Fine no high winds,No,21 - 25,13,Data missing or out of range,NA,1493,None,None,Other/Not known (2005-10),Leaving main road,HONDA,CIVIC VTEC-E 1.5I,Petrol,Male,None,No tow/articulation,Did not leave carriageway,0,Overtaking static vehicle - offside,1,Car,No,Front,2010