Accident_Index,1st_Road_Class,1st_Road_Number,2nd_Road_Class,2nd_Road_Number,Accident_Severity,Carriageway_Hazards,Date,Day_of_Week,Did_Police_Officer_Attend_Scene_of_Accident,Junction_Control,Junction_Detail,Latitude,Light_Conditions,Location_Easting_OSGR,Location_Northing_OSGR,Longitude,LSOA_of_Accident_Location,Number_of_Casualties,Number_of_Vehicles,Pedestrian_Crossing-Human_Control,Pedestrian_Crossing-Physical_Facilities,Road_Surface_Conditions,Road_Type,Special_Conditions_at_Site,Speed_limit,Time,Urban_or_Rural_Area,Weather_Conditions,InScotland,Age_Band_of_Driver,Age_of_Vehicle,Driver_Home_Area_Type,Driver_IMD_Decile,Engine_Capacity_.CC.,Hit_Object_in_Carriageway,Hit_Object_off_Carriageway,Journey_Purpose_of_Driver,Junction_Location,make,model,Propulsion_Code,Sex_of_Driver,Skidding_and_Overturning,Towing_and_Articulation,Vehicle_Leaving_Carriageway,Vehicle_Location.Restricted_Lane,Vehicle_Manoeuvre,Vehicle_Reference,Vehicle_Type,Was_Vehicle_Left_Hand_Drive,X1st_Point_of_Impact,Year
2010550C34756,A,338,NA,0,Slight,None,11-08-2010,Wednesday,1,Not at junction or within 20 metres,Not at junction or within 20 metres,50.722742,Daylight,407400,91470,-1.896551,E01015372,1,3,0,0,Dry,Single carriageway,None,40,08:32:00,Urban,Fine no high winds,No,21 - 25,13,Urban area,6,1595,None,None,Other/Not known (2005-10),Not at or within 20 metres of junction,AUDI,A3 1.6 SE,Petrol,Male,None,No tow/articulation,Did not leave carriageway,0,Waiting to go - held up,1,Car,No,Back,2010
2010550D23495,C,14,Unclassified,0,Slight,None,07-06-2010,Monday,1,Give way or uncontrolled,Crossroads,50.965801,Daylight,380650,118530,-2.276948,E01020449,2,2,0,0,Dry,Single carriageway,None,60,07:56:00,Rural,Fine no high winds,No,21 - 25,13,Urban area,3,1997,None,None,Other/Not known (2005-10),Cleared junction or waiting/parked at junction exit,MITSUBISHI,GALANT GLS AUTO,Petrol,Male,None,No tow/articulation,Did not leave carriageway,0,Turning right,1,Car,No,Offside,2010
201060L104868,A,545,B,5420,Slight,None,12-06-2010,Saturday,1,Give way or uncontrolled,T or staggered junction,53.22583,Daylight,255710,372050,-4.162925,W01000011,1,2,0,0,Dry,Single carriageway,None,30,17:36:00,Rural,Fine no high winds,No,21 - 25,13,Rural,NA,999,None,None,Other/Not known (2005-10),Entering main road,VOLKSWAGEN,POLO 1.0 L,Petrol,Male,None,No tow/articulation,Did not leave carriageway,0,Turning right,1,Car,No,Front,2010
201060L123078,A,458,NA,0,Slight,None,07-07-2010,Wednesday,1,Data missing or out of range,Not at junction or within 20 metres,52.706311,Daylight,291780,313280,-3.603208,W01000452,1,3,0,0,Dry,Single carriageway,Oil or diesel,60,18:15:00,Rural,Fine no high winds,No,21 - 25,13,Urban area,9,2498,None,None,Other/Not known (2005-10),Not at or within 20 metres of junction,VAUXHALL,OMEGA ELITE V6 AUTO,Petrol,Male,None,No tow/articulation,Did not leave carriageway,0,Going ahead other,1,Car,No,Front,2010
201060L197744,A,548,Unclassified,0,Slight,None,24-10-2010,Sunday,1,Give way or uncontrolled,Private drive or entrance,53.294226,Daylight,318760,378170,-3.220327,W01000296,3,2,0,0,Dry,Single carriageway,None,60,10:45:00,Rural,Fine no high winds,No,21 - 25,13,Urban area,NA,1997,None,None,Journey as part of work,Approaching junction or waiting/parked at junction approach,ROVER,620 SLDI,Heavy oil,Male,None,No tow/articulation,Did not leave carriageway,0,Turning right,1,Car,No,Front,2010
201060L210212,A,547,Unclassified,0,Slight,None,12-11-2010,Friday,1,Give way or uncontrolled,Crossroads,53.283512,Daylight,279890,377800,-3.803097,W01000176,1,2,0,4,Dry,Single carriageway,None,30,10:34:00,Rural,Fine no high winds,No,21 - 25,13,Urban area,NA,1124,None,None,Other/Not known (2005-10),Approaching junction or waiting/parked at junction approach,CITROEN,SAXO X,Petrol,Male,None,No tow/articulation,Did not leave carriageway,0,Going ahead other,2,Car,No,Offside,2010
201001HT20352,A,11,C,0,Slight,None,31-05-2010,Monday,1,Give way or uncontrolled,T or staggered junction,51.5224,Daylight,535940,182210,-0.04195,E01004261,1,2,0,4,Dry,Single carriageway,None,30,19:13:00,Urban,Fine no high winds,No,21 - 25,13,Data missing or out of range,NA,1493,None,None,Other/Not known (2005-10),Leaving main road,HONDA,CIVIC VTEC-E 1.5I,Petrol,Male,None,No tow/articulation,Did not leave carriageway,0,Overtaking static vehicle - offside,1,Car,No,Front,2010
201001HT20392,A,1206,Unclassified,0,Slight,None,12-06-2010,Saturday,1,Give way or uncontrolled,T or staggered junction,51.49061,Daylight,537340,178710,-0.023145,E01004282,1,1,0,1,Dry,Single carriageway,None,30,21:09:00,Urban,Fine no high winds,No,21 - 25,13,Data missing or out of range,NA,1489,None,None,Other/Not known (2005-10),Cleared junction or waiting/parked at junction exit,MAZDA,323 GXI,Petrol,Male,None,No tow/articulation,Did not leave carriageway,0,Overtaking static vehicle - offside,1,Car,No,Front,2010
201001JI40063,A,406,NA,0,Slight,None,02-02-2010,Tuesday,1,Data missing or out of range,Not at junction or within 20 metres,51.595337,Daylight,540830,190460,0.03179,E01003765,1,2,0,0,Wet or damp,Dual carriageway,None,50,07:36:00,Urban,Fine no high winds,No,21 - 25,13,Data missing or out of range,NA,1686,None,None,Commuting to/from work,Not at or within 20 metres of junction,VAUXHALL,CORSA MERIT 1.7D,Heavy oil,Male,None,No tow/articulation,Did not leave carriageway,0,Going ahead other,2,Car,No,Back,2010
201001JI40153,C,0,Unclassified,0,Slight,None,16-03-2010,Tuesday,1,Give way or uncontrolled,T or staggered junction,51.576476,Daylight,547130,188540,0.121875,E01003667,2,2,0,0,Dry,Single carriageway,None,30,17:20:00,Urban,Fine no high winds,No,21 - 25,13,Urban area,5,1124,None,None,Other/Not known (2005-10),Cleared junction or waiting/parked at junction exit,CITROEN,SAXO SX,Petrol,Male,None,No tow/articulation,Did not leave carriageway,0,Overtaking static vehicle - offside,2,Car,No,Front,2010
201001KD50262,Unclassified,0,NA,0,Slight,None,22-05-2010,Saturday,1,Data missing or out of range,Not at junction or within 20 metres,51.561992,Daylight,556870,187220,0.261733,E01002254,1,2,0,0,Dry,Single carriageway,None,30,17:00:00,Urban,Fine no high winds,No,21 - 25,13,Urban area,6,1120,Parked vehicle,None,Other/Not known (2005-10),Not at or within 20 metres of junction,ROVER,100 ASCOT SE,Petrol,Male,None,No tow/articulation,Did not leave carriageway,0,Going ahead other,1,Car,No,Nearside,2010
201001KF60266,A,13,A,406,Slight,None,23-04-2010,Friday,1,Give way or uncontrolled,Roundabout,51.524396,Daylight,543850,182650,0.072167,E01003482,1,2,0,0,Dry,Single carriageway,None,30,17:41:00,Urban,Fine no high winds,No,21 - 25,13,Urban area,2,1998,None,None,Other/Not known (2005-10),Approaching junction or waiting/parked at junction approach,VAUXHALL,FRONTERA SPORT S,Petrol,Male,None,No tow/articulation,Did not leave carriageway,0,Changing lane to left,2,Car,No,Nearside,2010
201001KG70250,A,118,Unclassified,0,Slight,None,03-07-2010,Saturday,2,Give way or uncontrolled,T or staggered junction,51.572938,Daylight,548970,188200,0.148264,E01000110,1,2,0,0,Dry,Single carriageway,None,30,19:40:00,Urban,Fine no high winds,No,21 - 25,13,Urban area,10,1598,None,None,Other/Not known (2005-10),Mid Junction - on roundabout or on main road,VAUXHALL,ASTRA ARCTIC 8V,Petrol,Male,None,No tow/articulation,Did not leave carriageway,0,Going ahead other,1,Car,No,Back,2010
201001RY10284,Unclassified,0,Unclassified,0,Slight,None,04-07-2010,Sunday,1,Give way or uncontrolled,T or staggered junction,51.479074,Daylight,548160,177730,0.132184,E01000419,1,2,0,0,Dry,Single carriageway,None,30,13:15:00,Urban,Fine no high winds,No,21 - 25,13,Urban area,5,1390,None,None,Other/Not known (2005-10),Mid Junction - on roundabout or on main road,VOLKSWAGEN,POLO 1.4 CL,Petrol,Male,None,No tow/articulation,Did not leave carriageway,0,Going ahead other,1,Car,No,Front,2010
201001SX20364,C,0,NA,0,Slight,None,04-04-2010,Sunday,1,Data missing or out of range,Not at junction or within 20 metres,51.637675,Daylight,522310,194690,-0.233965,E01000290,1,1,0,0,Dry,Single carriageway,None,30,04:20:00,Rural,Fine no high winds,No,21 - 25,13,Urban area,9,1970,None,Other permanent object,Other/Not known (2005-10),Not at or within 20 metres of junction,ALFA ROMEO,SPIDER T SPARK 16 V,Petrol,Male,None,No tow/articulation,Nearside and rebounded,0,Going ahead other,1,Car,No,Front,2010
201001YE80040,Unclassified,0,Unclassified,0,Slight,None,14-01-2010,Thursday,1,Give way or uncontrolled,More than 4 arms (not roundabout),51.633649,Daylight,531400,194470,-0.102767,E01001569,1,3,0,0,Wet or damp,Single carriageway,None,30,15:30:00,Urban,Fine no high winds,No,21 - 25,13,Urban area,8,1895,None,None,Other/Not known (2005-10),Mid Junction - on roundabout or on main road,BMW,Z3 AUTO,Petrol,Male,None,No tow/articulation,Did not leave carriageway,0,Going ahead other,2,Car,No,Offside,2010
201001YR90513,A,10,C,0,Slight,None,03-08-2010,Tuesday,1,Auto traffic signal,Crossroads,51.605409,Daylight,532650,191360,-0.085893,E01002093,1,2,0,5,Dry,Single carriageway,None,40,16:00:00,Urban,Fine no high winds,No,21 - 25,13,Data missing or out of range,NA,1731,None,None,Other/Not known (2005-10),Leaving main road,VOLVO,S40 1.8I AUTO,Petrol,Male,None,No tow/articulation,Did not leave carriageway,0,Turning right,2,Car,No,Offside,2010
201001ZD30015,A,212,B,243,Slight,None,15-01-2010,Friday,1,Give way or uncontrolled,Mini-roundabout,51.365903,Daylight,533080,164720,-0.089721,E01001035,1,2,0,0,Wet or damp,Roundabout,None,30,14:13:00,Urban,Fine no high winds,No,21 - 25,13,Urban area,2,1796,None,None,Other/Not known (2005-10),Mid Junction - on roundabout or on main road,FORD,PUMA 1.7 16V,Petrol,Male,None,No tow/articulation,Did not leave carriageway,0,Going ahead other,2,Car,No,Front,2010
201001ZD30506,A,212,B,243,Slight,None,28-06-2010,Monday,1,Give way or uncontrolled,Mini-roundabout,51.365905,Daylight,533070,164720,-0.089864,E01001035,1,2,0,0,Dry,Single carriageway,None,30,06:55:00,Urban,Fine no high winds,No,21 - 25,13,Urban area,5,1389,None,None,Other/Not known (2005-10),Mid Junction - on roundabout or on main road,VAUXHALL,CORSA GLS AUTO,Petrol,Male,None,No tow/articulation,Did not leave carriageway,0,Turning right,1,Car,No,Offside,2010
201001ZD30633,Unclassified,0,NA,0,Slight,None,06-08-2010,Friday,1,Data missing or out of range,Not at junction or within 20 metres,51.379134,Daylight,531060,166140,-0.118198,E01001010,1,2,0,0,Dry,Single carriageway,None,30,07:48:00,Urban,Fine no high winds,No,21 - 25,13,Urban area,5,599,None,None,Commuting to/from work,Not at or within 20 metres of junction,SUZUKI,GSF 600 V,Petrol,Male,Skidded,No tow/articulation,Did not leave carriageway,0,Slowing or stopping,2,Motorcycle over 500cc,No,Front,2010
201004AN10081,A,586,Unclassified,0,Slight,None,11-05-2010,Tuesday,1,Give way or uncontrolled,T or staggered junction,53.833695,Daylight,332670,437980,-3.024582,E01012724,1,3,0,4,Dry,Single carriageway,None,30,18:43:00,Urban,Fine no high winds,No,21 - 25,13,Urban area,5,1799,None,None,Other/Not known (2005-10),Cleared junction or waiting/parked at junction exit,VAUXHALL,VECTRA LS 16V AUTO,Petrol,Male,None,No tow/articulation,Did not leave carriageway,0,Going ahead other,1,Car,No,Front,2010
201004AN10095,Unclassified,0,Unclassified,0,Slight,None,01-09-2010,Wednesday,1,Give way or uncontrolled,T or staggered junction,53.828716,Daylight,332390,437430,-3.028714,E01012709,2,2,0,0,Dry,Single carriageway,None,30,17:50:00,Urban,Fine no high winds,No,21 - 25,13,Data missing or out of range,NA,998,None,None,Commuting to/from work,Approaching junction or waiting/parked at junction approach,NISSAN,MICRA SHAPE,Petrol,Male,None,No tow/articulation,Did not leave carriageway,0,Going ahead other,2,Car,No,Nearside,2010
201011NI27020,B,6308,NA,0,Slight,None,21-10-2010,Thursday,1,Not at junction or within 20 metres,Not at junction or within 20 metres,54.865648,Darkness - lights lit,411100,552330,-1.828579,E01020657,2,2,0,0,Dry,Single carriageway,None,60,22:15:00,Urban,Fine + high winds,No,16 - 20,12,Urban area,1,1975,None,None,Other/Not known (2005-10),Not at or within 20 metres of junction,HYUNDAI,COUPE SPECIAL EQUIPMENT,Petrol,Male,None,No tow/articulation,Offside,0,Going ahead right-hand bend,1,Car,No,Offside,2010
201004CM10183,A,674,NA,0,Slight,None,11-11-2010,Thursday,1,Data missing or out of range,Not at junction or within 20 metres,53.744624,Darkness - lights lit,357180,427780,-2.65076,E01025457,1,3,0,0,Dry,Single carriageway,None,40,19:09:00,Rural,Fine + high winds,No,16 - 20,12,Small town,7,1299,Parked vehicle,None,Other/Not known (2005-10),Not at or within 20 metres of junction,FORD,KA,Petrol,Female,Overturned,No tow/articulation,Did not leave carriageway,0,Going ahead other,1,Car,No,Offside,2010
201037B045940,C,755,Unclassified,0,Slight,None,12-08-2019,Friday,1,Give way or uncontrolled,Private drive or entrance,14.7622116,Darkness - lights lit,587550,241220,78.51682898,E01029918,1,2,0,0,Dry,Single carriageway,None,30,20:05:00,Urban,Fine no high winds,No,16 - 20,12,Small town,7,50,None,None,Other/Not known (2005-10),Approaching junction or waiting/parked at junction approach,APRILIA,,Petrol,Male,None,No tow/articulation,Did not leave carriageway,0,Going ahead other,2,Motorcycle 50cc and under,No,Front,2019
201045EP56124,C,254,Unclassified,2292,Slight,None,04-03-2021,Thursday,1,Give way or uncontrolled,T or staggered junction,26.74308018,Darkness - lights lit,521890,162940,94.19874454,E01030390,1,2,0,0,Dry,Single carriageway,None,30,22:40:00,Urban,Fine no high winds,No,16 - 20,12,Urban area,10,973,None,None,Other/Not known (2005-10),Approaching junction or waiting/parked at junction approach,VAUXHALL,CORSA MERIT 12V,Petrol,Male,None,No tow/articulation,Did not leave carriageway,0,Going ahead other,1,Car,No,Front,2019
201050DE2D012,Unclassified,0,Unclassified,0,Slight,None,03-03-2021,Friday,1,Give way or uncontrolled,Roundabout,26.73357105,Darkness - lights lit,294330,94240,94.20225409,E01019991,1,2,0,0,Dry,Roundabout,None,30,21:38:00,Urban,Fine no high winds,No,16 - 20,12,Urban area,4,1389,None,None,Other/Not known (2005-10),Entering roundabout,VAUXHALL,CORSA BREEZE HI-TORQ,Petrol,Male,None,No tow/articulation,Did not leave carriageway,0,Going ahead other,1,Car,No,Front,2019
201042I387511,A,120,NA,0,Slight,None,16-03-2019,Monday,1,Data missing or out of range,Not at junction or within 20 metres,22.07308847,Darkness - lights lit,590670,223530,82.11258239,E01021678,1,1,0,7,Wet or damp,Dual carriageway,None,70,20:18:00,Rural,Fine no high winds,No,16 - 20,12,Small town,8,1124,None,None,Other/Not known (2005-10),Not at or within 20 metres of junction,CITROEN,SAXO X,Petrol,Male,None,No tow/articulation,Did not leave carriageway,0,Going ahead other,1,Car,No,Front,2019
201043N015060,A,40,B,4010,Slight,None,20-05-2019,Thursday,1,Give way or uncontrolled,Roundabout,22.05672712,Darkness - lights lit,483400,194650,82.15911908,E01017853,2,1,0,0,Dry,Roundabout,None,30,01:45:00,Urban,Fine no high winds,No,16 - 20,12,Small town,5,1124,None,None,Other/Not known (2005-10),Leaving roundabout,PEUGEOT,106 LOOK+,Petrol,Male,Skidded and overturned,No tow/articulation,Did not leave carriageway,0,Turning left,1,Car,No,Nearside,2019
20104100G0663,Unclassified,724,Unclassified,682,Slight,None,19-08-2019,Sunday,1,Give way or uncontrolled,Crossroads,23.00194334,Darkness - lights lit,522640,232590,72.57518529,E01023631,4,2,0,0,Dry,Single carriageway,None,30,19:00:00,Urban,Fine no high winds,No,16 - 20,12,Urban area,2,1124,None,None,Other/Not known (2005-10),Entering main road,PEUGEOT,106 LOOK2,Petrol,Male,None,No tow/articulation,Nearside,0,Going ahead other,2,Car,No,Front,2019
20104100D0952,Unclassified,494,Unclassified,759,Slight,None,18-01-2021,Saturday,1,Give way or uncontrolled,T or staggered junction,22.99365333,Darkness - lights lit,507150,206100,72.58233312,E01023358,1,2,0,0,Wet or damp,Single carriageway,None,30,00:42:00,Urban,Fine no high winds,No,16 - 20,12,Urban area,6,1199,None,None,Other/Not known (2005-10),Approaching junction or waiting/parked at junction approach,VAUXHALL,CORSA LS 16V,Petrol,Male,None,No tow/articulation,Did not leave carriageway,0,Going ahead other,2,Car,No,Front,2019
20104100G0695,A,600,NA,0,Slight,None,12-04-2020,Monday,1,Not at junction or within 20 metres,Not at junction or within 20 metres,12.98689678,Darkness - lights lit,517940,229840,77.53287889,E01023612,4,3,0,0,Dry,Single carriageway,None,30,16:47:00,Urban,Fine no high winds,No,16 - 20,12,Urban area,5,1124,None,None,Other/Not known (2005-10),Not at or within 20 metres of junction,PEUGEOT,106 LOOK2,Petrol,Male,None,No tow/articulation,Did not leave carriageway,0,Going ahead other,1,Car,No,Front,2020
201043R142030,A,4,Unclassified,7302,Slight,None,15-06-2019,Monday,1,Auto traffic signal,Crossroads,26.46602933,Darkness - lights lit,494090,180960,74.63861908,E01016469,1,2,0,0,Dry,Single carriageway,None,30,21:12:00,Urban,Fine no high winds,No,16 - 20,12,Data missing or out of range,NA,1590,None,None,Other/Not known (2005-10),Entering main road,HONDA,CIVIC 1.6I ES,Petrol,Male,None,No tow/articulation,Did not leave carriageway,0,Waiting to go - held up,2,Car,No,Back,2020
2010400B03230,Unclassified,0,NA,0,Slight,None,18-10-2020,Sunday,1,Data missing or out of range,Not at junction or within 20 metres,26.45952605,Darkness - lights lit,503950,249350,74.59690854,E01017538,1,1,0,0,Wet or damp,Single carriageway,None,30,22:54:00,Urban,Fine no high winds,No,16 - 20,12,Urban area,3,998,None,None,Other/Not known (2005-10),Not at or within 20 metres of junction,SEAT,AROSA 1.0 MPI,Petrol,Male,None,No tow/articulation,Did not leave carriageway,0,Reversing,1,Car,No,Back,2020
20104100K0416,Unclassified,672,Unclassified,52,Slight,None,31-05-2019,Sunday,1,Give way or uncontrolled,T or staggered junction,26.44665217,Darkness - lights lit,533870,203710,80.34051382,E01023324,1,1,0,0,Dry,Single carriageway,None,30,22:50:00,Urban,Fine no high winds,No,16 - 20,12,Urban area,2,1149,Kerb,None,Other/Not known (2005-10),Approaching junction or waiting/parked at junction approach,RENAULT,CLIO 1.2 RN ZOOM,Petrol,Male,Skidded and overturned,No tow/articulation,Nearside,0,Going ahead right-hand bend,1,Car,No,Front,2020
201043R134010,A,308,Unclassified,7408,Slight,None,22-04-2019,Friday,1,Auto traffic signal,T or staggered junction,26.45354366,Darkness - lights lit,488760,180820,80.26424383,E01016536,1,1,0,4,Wet or damp,Dual carriageway,None,30,22:29:00,Urban,Fine no high winds,No,16 - 20,12,Urban area,5,1199,None,Other permanent object,Other/Not known (2005-10),Mid Junction - on roundabout or on main road,VAUXHALL,CORSA BREEZE 16V,Petrol,Male,Skidded,No tow/articulation,Offside on to central reservation,0,Going ahead left-hand bend,1,Car,No,Front,2020
20104100F0099,C,62,Unclassified,365,Slight,None,27-12-2020,Sunday,1,Give way or uncontrolled,T or staggered junction,28.54878874,Darkness - lights lit,513930,208220,77.2998206,E01023669,3,2,0,0,Dry,Single carriageway,None,30,03:05:00,Urban,Fine no high winds,No,16 - 20,12,Small town,10,973,None,None,Other/Not known (2005-10),Approaching junction or waiting/parked at junction approach,VAUXHALL,CORSA MERIT 12V,Petrol,Male,Skidded,No tow/articulation,Did not leave carriageway,0,Going ahead other,1,Car,No,Front,2020
201042I013401,B,1018,Unclassified,0,Slight,None,30-01-2021,Monday,1,Give way or uncontrolled,T or staggered junction,28.56026307,Darkness - lights lit,576420,222990,77.29081055,E01021363,1,2,0,0,Wet or damp,Single carriageway,None,30,17:38:00,Urban,Fine no high winds,No,16 - 20,12,Small town,7,1124,None,None,Other/Not known (2005-10),Mid Junction - on roundabout or on main road,CITROEN,SAXO X,Petrol,Male,None,No tow/articulation,Did not leave carriageway,0,Waiting to turn right,2,Car,No,Front,2020
201045WA50267,B,2129,Unclassified,210,Slight,None,23-06-2019,Saturday,1,Give way or uncontrolled,Crossroads,28.67456567,Darkness - lights lit,501100,145140,77.07713098,E01030866,4,2,0,0,Dry,Single carriageway,None,30,00:45:00,Rural,Fine no high winds,No,16 - 20,12,Rural,7,1124,None,None,Other/Not known (2005-10),Entering main road,CITROEN,SAXO X,Petrol,Male,None,No tow/articulation,Did not leave carriageway,0,Moving off,2,Car,No,Front,2020
201034WN48290,A,508,C,153,Slight,None,04-01-2020,Friday,1,Auto traffic signal,T or staggered junction,28.67385023,Darkness - lights lit,475330,261690,77.18238228,E01027153,1,2,0,0,Frost or ice,Single carriageway,None,30,19:50:00,Urban,Fine no high winds,No,16 - 20,12,Urban area,2,1590,None,None,Other/Not known (2005-10),Mid Junction - on roundabout or on main road,HONDA,CIVIC 1.6I ES,Petrol,Male,None,No tow/articulation,Did not leave carriageway,0,Turning right,1,Car,No,Front,2021
201042I132105,B,1256,Unclassified,0,Slight,None,24-05-2021,Saturday,1,Give way or uncontrolled,T or staggered junction,28.70589454,Darkness - lights lit,573930,222850,77.14958039,E01021364,2,1,0,0,Wet or damp,Single carriageway,None,40,00:45:00,Urban,Fine no high winds,No,16 - 20,12,Urban area,4,1124,None,None,Other/Not known (2005-10),Approaching junction or waiting/parked at junction approach,PEUGEOT,106 XN ZEST 2,Petrol,Male,Skidded and overturned,No tow/articulation,Did not leave carriageway,0,Going ahead other,1,Car,No,Did not impact,2021
201042I343910,A,1090,NA,0,Slight,None,27-03-2019,Sunday,2,Not at junction or within 20 metres,Not at junction or within 20 metres,18.54270783,Darkness - lights lit,557970,177290,73.94708492,E01016012,1,3,0,0,Dry,Single carriageway,None,50,00:50:00,Urban,Fine no high winds,No,16 - 20,12,Urban area,2,1587,None,None,Other/Not known (2005-10),Not at or within 20 metres of junction,CITROEN,SAXO VTR,Petrol,Male,Skidded,No tow/articulation,Did not leave carriageway,0,Waiting to turn right,1,Car,No,Back,2021
20105500C0386,C,0,Unclassified,0,Slight,None,26-10-2021,Friday,1,Give way or uncontrolled,T or staggered junction,19.11597074,Darkness - lights lit,401580,90610,72.85589753,E01015467,1,3,0,0,Dry,Single carriageway,None,30,17:33:00,Urban,Fine no high winds,No,16 - 20,12,Urban area,3,1998,None,None,Other/Not known (2005-10),Entering main road,VAUXHALL,OMEGA 2.0 16V CDX,Petrol,Male,None,No tow/articulation,Did not leave carriageway,0,Turning right,1,Car,No,Offside,2021
201001GD10082,A,10,C,0,Slight,None,03-02-2010,Wednesday,1,Auto traffic signal,T or staggered junction,51.541856,Darkness - lights lit,533490,184310,-0.076447,E01001750,1,2,0,0,Dry,Single carriageway,None,30,20:05:00,Urban,Fine no high winds,No,16 - 20,12,Urban area,1,1994,None,None,Other/Not known (2005-10),Mid Junction - on roundabout or on main road,SUBARU,,Petrol,Male,None,No tow/articulation,Did not leave carriageway,0,U-turn,2,Car,No,Offside,2010
201001JC30570,A,112,Unclassified,0,Slight,None,22-10-2010,Friday,1,Give way or uncontrolled,T or staggered junction,51.554697,Darkness - lights lit,538380,185870,-0.005364,E01004336,3,2,0,0,Wet or damp,Single carriageway,None,30,21:06:00,Urban,Fine no high winds,No,16 - 20,12,Urban area,3,85,None,None,Other/Not known (2005-10),Approaching junction or waiting/parked at junction approach,HONDA,C90,Petrol,Male,None,No tow/articulation,Did not leave carriageway,0,Overtaking static vehicle - offside,1,Motorcycle 125cc and under,No,Nearside,2010
201001QK50193,A,404,Unclassified,0,Slight,None,04-04-2010,Sunday,1,Give way or uncontrolled,T or staggered junction,51.563144,Darkness - lights lit,516490,186260,-0.320825,E01000563,1,2,0,0,Dry,Single carriageway,None,30,23:25:00,Urban,Fine no high winds,No,16 - 20,12,Urban area,1,1679,None,None,Other/Not known (2005-10),Mid Junction - on roundabout or on main road,FORD,PUMA 1.7 16V,Petrol,Male,None,No tow/articulation,Did not leave carriageway,0,Turning right,1,Car,No,Offside,2010
201001RG40262,A,208,A,210,Slight,None,05-05-2010,Wednesday,1,Auto traffic signal,Crossroads,51.450736,Darkness - lights lit,542690,174420,0.052133,E01001609,3,2,0,5,Dry,Single carriageway,None,30,21:06:00,Urban,Fine no high winds,No,16 - 20,12,Urban area,1,1124,None,None,Other/Not known (2005-10),Mid Junction - on roundabout or on main road,PEUGEOT,106 XN ZEST 2,Petrol,Male,None,No tow/articulation,Did not leave carriageway,0,Turning right,2,Car,No,Offside,2010
201034WN48290,A,508,C,153,Slight,None,26-11-2010,Friday,1,Auto traffic signal,T or staggered junction,52.248206,Darkness - lights lit,475330,261690,-0.898015,E01027153,1,2,0,0,Frost or ice,Single carriageway,None,30,19:50:00,Urban,Fine no high winds,No,16 - 20,12,Urban area,2,1590,None,None,Other/Not known (2005-10),Mid Junction - on roundabout or on main road,HONDA,CIVIC 1.6I ES,Petrol,Male,None,No tow/articulation,Did not leave carriageway,0,Turning right,1,Car,No,Front,2010
201037B045940,C,755,Unclassified,0,Slight,None,08-10-2010,Friday,1,Give way or uncontrolled,Private drive or entrance,52.03761,Darkness - lights lit,587550,241220,0.733045,E01029918,1,2,0,0,Dry,Single carriageway,None,30,20:05:00,Urban,Fine no high winds,No,16 - 20,12,Small town,7,50,None,None,Other/Not known (2005-10),Approaching junction or waiting/parked at junction approach,APRILIA,,Petrol,Male,None,No tow/articulation,Did not leave carriageway,0,Going ahead other,2,Motorcycle 50cc and under,No,Front,2010
2010400B03230,Unclassified,0,NA,0,Slight,None,31-10-2010,Sunday,1,Data missing or out of range,Not at junction or within 20 metres,52.132645,Darkness - lights lit,503950,249350,-0.482715,E01017538,1,1,0,0,Wet or damp,Single carriageway,None,30,22:54:00,Urban,Fine no high winds,No,16 - 20,12,Urban area,3,998,None,None,Other/Not known (2005-10),Not at or within 20 metres of junction,SEAT,AROSA 1.0 MPI,Petrol,Male,None,No tow/articulation,Did not leave carriageway,0,Reversing,1,Car,No,Back,2010
20104100D0952,Unclassified,494,Unclassified,759,Slight,None,11-12-2010,Saturday,1,Give way or uncontrolled,T or staggered junction,51.743319,Darkness - lights lit,507150,206100,-0.449443,E01023358,1,2,0,0,Wet or damp,Single carriageway,None,30,00:42:00,Urban,Fine no high winds,No,16 - 20,12,Urban area,6,1199,None,None,Other/Not known (2005-10),Approaching junction or waiting/parked at junction approach,VAUXHALL,CORSA LS 16V,Petrol,Male,None,No tow/articulation,Did not leave carriageway,0,Going ahead other,2,Car,No,Front,2010
20104100F0099,C,62,Unclassified,365,Slight,None,07-02-2010,Sunday,1,Give way or uncontrolled,T or staggered junction,51.761036,Darkness - lights lit,513930,208220,-0.350589,E01023669,3,2,0,0,Dry,Single carriageway,None,30,03:05:00,Urban,Fine no high winds,No,16 - 20,12,Small town,10,973,None,None,Other/Not known (2005-10),Approaching junction or waiting/parked at junction approach,VAUXHALL,CORSA MERIT 12V,Petrol,Male,Skidded,No tow/articulation,Did not leave carriageway,0,Going ahead other,1,Car,No,Front,2010
20104100G0663,Unclassified,724,Unclassified,682,Slight,None,21-11-2010,Sunday,1,Give way or uncontrolled,Crossroads,51.978205,Darkness - lights lit,522640,232590,-0.215798,E01023631,4,2,0,0,Dry,Single carriageway,None,30,19:00:00,Urban,Fine no high winds,No,16 - 20,12,Urban area,2,1124,None,None,Other/Not known (2005-10),Entering main road,PEUGEOT,106 LOOK2,Petrol,Male,None,No tow/articulation,Nearside,0,Going ahead other,2,Car,No,Front,2010
20104100G0695,A,600,NA,0,Slight,None,13-12-2010,Monday,1,Not at junction or within 20 metres,Not at junction or within 20 metres,51.954507,Darkness - lights lit,517940,229840,-0.285139,E01023612,4,3,0,0,Dry,Single carriageway,None,30,16:47:00,Urban,Fine no high winds,No,16 - 20,12,Urban area,5,1124,None,None,Other/Not known (2005-10),Not at or within 20 metres of junction,PEUGEOT,106 LOOK2,Petrol,Male,None,No tow/articulation,Did not leave carriageway,0,Going ahead other,1,Car,No,Front,2010