Accident_Index,1st_Road_Class,1st_Road_Number,2nd_Road_Class,2nd_Road_Number,Accident_Severity,Carriageway_Hazards,Date,Day_of_Week,Did_Police_Officer_Attend_Scene_of_Accident,Junction_Control,Junction_Detail,Latitude,Light_Conditions,Location_Easting_OSGR,Location_Northing_OSGR,Longitude,LSOA_of_Accident_Location,Number_of_Casualties,Number_of_Vehicles,Pedestrian_Crossing-Human_Control,Pedestrian_Crossing-Physical_Facilities,Road_Surface_Conditions,Road_Type,Special_Conditions_at_Site,Speed_limit,Time,Urban_or_Rural_Area,Weather_Conditions,InScotland,Age_Band_of_Driver,Age_of_Vehicle,Driver_Home_Area_Type,Driver_IMD_Decile,Engine_Capacity_.CC.,Hit_Object_in_Carriageway,Hit_Object_off_Carriageway,Journey_Purpose_of_Driver,Junction_Location,make,model,Propulsion_Code,Sex_of_Driver,Skidding_and_Overturning,Towing_and_Articulation,Vehicle_Leaving_Carriageway,Vehicle_Location.Restricted_Lane,Vehicle_Manoeuvre,Vehicle_Reference,Vehicle_Type,Was_Vehicle_Left_Hand_Drive,X1st_Point_of_Impact,Year
20104100K0416,Unclassified,672,Unclassified,52,Slight,None,08-08-2010,Sunday,1,Give way or uncontrolled,T or staggered junction,51.716101,Darkness - lights lit,533870,203710,-0.06356,E01023324,1,1,0,0,Dry,Single carriageway,None,30,22:50:00,Urban,Fine no high winds,No,16 - 20,12,Urban area,2,1149,Kerb,None,Other/Not known (2005-10),Approaching junction or waiting/parked at junction approach,RENAULT,CLIO 1.2 RN ZOOM,Petrol,Male,Skidded and overturned,No tow/articulation,Nearside,0,Going ahead right-hand bend,1,Car,No,Front,2010
201042I013401,B,1018,Unclassified,0,Slight,None,18-01-2010,Monday,1,Give way or uncontrolled,T or staggered junction,51.87752,Darkness - lights lit,576420,222990,0.561597,E01021363,1,2,0,0,Wet or damp,Single carriageway,None,30,17:38:00,Urban,Fine no high winds,No,16 - 20,12,Small town,7,1124,None,None,Other/Not known (2005-10),Mid Junction - on roundabout or on main road,CITROEN,SAXO X,Petrol,Male,None,No tow/articulation,Did not leave carriageway,0,Waiting to turn right,2,Car,No,Front,2010
201042I132105,B,1256,Unclassified,0,Slight,None,01-05-2010,Saturday,1,Give way or uncontrolled,T or staggered junction,51.877044,Darkness - lights lit,573930,222850,0.52539,E01021364,2,1,0,0,Wet or damp,Single carriageway,None,40,00:45:00,Urban,Fine no high winds,No,16 - 20,12,Urban area,4,1124,None,None,Other/Not known (2005-10),Approaching junction or waiting/parked at junction approach,PEUGEOT,106 XN ZEST 2,Petrol,Male,Skidded and overturned,No tow/articulation,Did not leave carriageway,0,Going ahead other,1,Car,No,Did not impact,2010
201042I343910,A,1090,NA,0,Slight,None,10-10-2010,Sunday,2,Not at junction or within 20 metres,Not at junction or within 20 metres,51.472469,Darkness - lights lit,557970,177290,0.273142,E01016012,1,3,0,0,Dry,Single carriageway,None,50,00:50:00,Urban,Fine no high winds,No,16 - 20,12,Urban area,2,1587,None,None,Other/Not known (2005-10),Not at or within 20 metres of junction,CITROEN,SAXO VTR,Petrol,Male,Skidded,No tow/articulation,Did not leave carriageway,0,Waiting to turn right,1,Car,No,Back,2010
201042I387511,A,120,NA,0,Slight,None,22-11-2010,Monday,1,Data missing or out of range,Not at junction or within 20 metres,51.877683,Darkness - lights lit,590670,223530,0.768667,E01021678,1,1,0,7,Wet or damp,Dual carriageway,None,70,20:18:00,Rural,Fine no high winds,No,16 - 20,12,Small town,8,1124,None,None,Other/Not known (2005-10),Not at or within 20 metres of junction,CITROEN,SAXO X,Petrol,Male,None,No tow/articulation,Did not leave carriageway,0,Going ahead other,1,Car,No,Front,2010
201043N015060,A,40,B,4010,Slight,None,03-06-2010,Thursday,1,Give way or uncontrolled,Roundabout,51.644425,Darkness - lights lit,483400,194650,-0.796081,E01017853,2,1,0,0,Dry,Roundabout,None,30,01:45:00,Urban,Fine no high winds,No,16 - 20,12,Small town,5,1124,None,None,Other/Not known (2005-10),Leaving roundabout,PEUGEOT,106 LOOK+,Petrol,Male,Skidded and overturned,No tow/articulation,Did not leave carriageway,0,Turning left,1,Car,No,Nearside,2010
201043R134010,A,308,Unclassified,7408,Slight,None,15-01-2010,Friday,1,Auto traffic signal,T or staggered junction,51.519283,Darkness - lights lit,488760,180820,-0.722129,E01016536,1,1,0,4,Wet or damp,Dual carriageway,None,30,22:29:00,Urban,Fine no high winds,No,16 - 20,12,Urban area,5,1199,None,Other permanent object,Other/Not known (2005-10),Mid Junction - on roundabout or on main road,VAUXHALL,CORSA BREEZE 16V,Petrol,Male,Skidded,No tow/articulation,Offside on to central reservation,0,Going ahead left-hand bend,1,Car,No,Front,2010
201043R142030,A,4,Unclassified,7302,Slight,None,22-03-2010,Monday,1,Auto traffic signal,Crossroads,51.51968,Darkness - lights lit,494090,180960,-0.645294,E01016469,1,2,0,0,Dry,Single carriageway,None,30,21:12:00,Urban,Fine no high winds,No,16 - 20,12,Data missing or out of range,NA,1590,None,None,Other/Not known (2005-10),Entering main road,HONDA,CIVIC 1.6I ES,Petrol,Male,None,No tow/articulation,Did not leave carriageway,0,Waiting to go - held up,2,Car,No,Back,2010
201045EP56124,C,254,Unclassified,2292,Slight,None,25-11-2010,Thursday,1,Give way or uncontrolled,T or staggered junction,51.352415,Darkness - lights lit,521890,162940,-0.25099,E01030390,1,2,0,0,Dry,Single carriageway,None,30,22:40:00,Urban,Fine no high winds,No,16 - 20,12,Urban area,10,973,None,None,Other/Not known (2005-10),Approaching junction or waiting/parked at junction approach,VAUXHALL,CORSA MERIT 12V,Petrol,Male,None,No tow/articulation,Did not leave carriageway,0,Going ahead other,1,Car,No,Front,2010
201045WA50267,B,2129,Unclassified,210,Slight,None,03-04-2010,Saturday,1,Give way or uncontrolled,Crossroads,51.196485,Darkness - lights lit,501100,145140,-0.554464,E01030866,4,2,0,0,Dry,Single carriageway,None,30,00:45:00,Rural,Fine no high winds,No,16 - 20,12,Rural,7,1124,None,None,Other/Not known (2005-10),Entering main road,CITROEN,SAXO X,Petrol,Male,None,No tow/articulation,Did not leave carriageway,0,Moving off,2,Car,No,Front,2010
201050DE2D012,Unclassified,0,Unclassified,0,Slight,None,03-09-2010,Friday,1,Give way or uncontrolled,Roundabout,50.738064,Darkness - lights lit,294330,94240,-3.498914,E01019991,1,2,0,0,Dry,Roundabout,None,30,21:38:00,Urban,Fine no high winds,No,16 - 20,12,Urban area,4,1389,None,None,Other/Not known (2005-10),Entering roundabout,VAUXHALL,CORSA BREEZE HI-TORQ,Petrol,Male,None,No tow/articulation,Did not leave carriageway,0,Going ahead other,1,Car,No,Front,2010
20105500C0386,C,0,Unclassified,0,Slight,None,29-01-2010,Friday,1,Give way or uncontrolled,T or staggered junction,50.715052,Darkness - lights lit,401580,90610,-1.979005,E01015467,1,3,0,0,Dry,Single carriageway,None,30,17:33:00,Urban,Fine no high winds,No,16 - 20,12,Urban area,3,1998,None,None,Other/Not known (2005-10),Entering main road,VAUXHALL,OMEGA 2.0 16V CDX,Petrol,Male,None,No tow/articulation,Did not leave carriageway,0,Turning right,1,Car,No,Offside,2010
201001GD10082,A,10,C,0,Slight,None,03-02-2010,Wednesday,1,Auto traffic signal,T or staggered junction,51.541856,Darkness - lights lit,533490,184310,-0.076447,E01001750,1,2,0,0,Dry,Single carriageway,None,30,20:05:00,Urban,Fine no high winds,No,16 - 20,12,Urban area,1,1994,None,None,Other/Not known (2005-10),Mid Junction - on roundabout or on main road,SUBARU,,Petrol,Male,None,No tow/articulation,Did not leave carriageway,0,U-turn,2,Car,No,Offside,2010
201001JC30570,A,112,Unclassified,0,Slight,None,22-10-2010,Friday,1,Give way or uncontrolled,T or staggered junction,51.554697,Darkness - lights lit,538380,185870,-0.005364,E01004336,3,2,0,0,Wet or damp,Single carriageway,None,30,21:06:00,Urban,Fine no high winds,No,16 - 20,12,Urban area,3,85,None,None,Other/Not known (2005-10),Approaching junction or waiting/parked at junction approach,HONDA,C90,Petrol,Male,None,No tow/articulation,Did not leave carriageway,0,Overtaking static vehicle - offside,1,Motorcycle 125cc and under,No,Nearside,2010
201001QK50193,A,404,Unclassified,0,Slight,None,04-04-2010,Sunday,1,Give way or uncontrolled,T or staggered junction,51.563144,Darkness - lights lit,516490,186260,-0.320825,E01000563,1,2,0,0,Dry,Single carriageway,None,30,23:25:00,Urban,Fine no high winds,No,16 - 20,12,Urban area,1,1679,None,None,Other/Not known (2005-10),Mid Junction - on roundabout or on main road,FORD,PUMA 1.7 16V,Petrol,Male,None,No tow/articulation,Did not leave carriageway,0,Turning right,1,Car,No,Offside,2010
201001RG40262,A,208,A,210,Slight,None,05-05-2010,Wednesday,1,Auto traffic signal,Crossroads,51.450736,Darkness - lights lit,542690,174420,0.052133,E01001609,3,2,0,5,Dry,Single carriageway,None,30,21:06:00,Urban,Fine no high winds,No,16 - 20,12,Urban area,1,1124,None,None,Other/Not known (2005-10),Mid Junction - on roundabout or on main road,PEUGEOT,106 XN ZEST 2,Petrol,Male,None,No tow/articulation,Did not leave carriageway,0,Turning right,2,Car,No,Offside,2010
201001TX20151,A,244,Unclassified,0,Slight,None,16-03-2010,Tuesday,1,Give way or uncontrolled,T or staggered junction,51.439922,Darkness - lights lit,510190,172410,-0.415998,E01002614,1,2,0,1,Dry,Single carriageway,None,30,20:45:00,Urban,Fine no high winds,No,16 - 20,12,Urban area,5,973,None,None,Other/Not known (2005-10),Approaching junction or waiting/parked at junction approach,VAUXHALL,CORSA LS 12V,Petrol,Male,None,No tow/articulation,Did not leave carriageway,0,Moving off,1,Car,No,Front,2010
201001VK30108,A,307,Unclassified,0,Slight,None,04-04-2010,Sunday,1,Give way or uncontrolled,T or staggered junction,51.419802,Darkness - lights lit,518160,170350,-0.302065,E01003010,1,2,0,0,Dry,Single carriageway,None,30,22:45:00,Urban,Fine no high winds,No,16 - 20,12,Urban area,9,1390,None,None,Other/Not known (2005-10),Mid Junction - on roundabout or on main road,RENAULT,MEGANE 1.4E LIBERTE,Petrol,Male,None,No tow/articulation,Did not leave carriageway,0,Going ahead other,1,Car,No,Front,2010
201001WW50170,Unclassified,0,Unclassified,0,Slight,None,07-03-2010,Sunday,1,Give way or uncontrolled,Roundabout,51.443453,Darkness - lights lit,523990,173120,-0.217294,E01004635,1,2,0,0,Dry,Roundabout,None,30,16:30:00,Urban,Fine no high winds,No,16 - 20,12,Data missing or out of range,NA,998,None,None,Other/Not known (2005-10),Mid Junction - on roundabout or on main road,NISSAN,MICRA TWISTER,Petrol,Male,None,No tow/articulation,Did not leave carriageway,0,Going ahead right-hand bend,2,Car,No,Nearside,2010
201001WW50221,A,205,Unclassified,0,Slight,None,05-04-2010,Monday,1,Give way or uncontrolled,T or staggered junction,51.464429,Darkness - lights lit,522590,175420,-0.236632,E01004639,1,2,0,0,Dry,Single carriageway,None,30,20:54:00,Urban,Fine no high winds,No,16 - 20,12,Urban area,7,1400,None,None,Other/Not known (2005-10),Mid Junction - on roundabout or on main road,VOLKSWAGEN,GOLF E,Petrol,Male,None,No tow/articulation,Did not leave carriageway,0,Going ahead other,1,Car,No,Front,2010
201001XD80619,A,4020,NA,0,Slight,None,29-08-2010,Sunday,1,Data missing or out of range,Not at junction or within 20 metres,51.509625,Darkness - lights lit,514050,180250,-0.357956,E01001338,1,2,0,0,Dry,Dual carriageway,None,30,00:10:00,Urban,Fine no high winds,No,16 - 20,12,Rural,9,125,None,None,Other/Not known (2005-10),Not at or within 20 metres of junction,APRILIA,,Petrol,Male,None,No tow/articulation,Did not leave carriageway,0,Going ahead other,1,Motorcycle 125cc and under,No,Offside,2010
201001YE80622,A,110,A,105,Slight,None,30-08-2010,Monday,1,Auto traffic signal,T or staggered junction,51.650731,Darkness - lights lit,532900,196410,-0.08037,E01001450,2,2,0,5,Dry,Single carriageway,None,30,22:42:00,Urban,Fine no high winds,No,16 - 20,12,Urban area,5,1390,None,None,Other/Not known (2005-10),Mid Junction - on roundabout or on main road,VOLKSWAGEN,POLO 1.4 CL,Petrol,Male,None,No tow/articulation,Did not leave carriageway,0,Going ahead other,2,Car,No,Nearside,2010
201001YR90064,A,109,Unclassified,0,Slight,None,06-02-2010,Saturday,1,Auto traffic signal,T or staggered junction,51.598003,Darkness - lights lit,532040,190520,-0.095012,E01002028,1,2,0,0,Dry,Single carriageway,Auto signal part defective,30,01:35:00,Urban,Fine no high winds,No,16 - 20,12,Urban area,1,1665,None,None,Journey as part of work,Mid Junction - on roundabout or on main road,BMW,318 TDS TOURING,Heavy oil,Male,None,No tow/articulation,Did not leave carriageway,0,Going ahead other,2,Car,No,Front,2010
201004CC10117,B,6228,A,674,Slight,None,02-11-2010,Tuesday,1,Auto traffic signal,T or staggered junction,53.678741,Darkness - lights lit,359380,420430,-2.616437,E01024977,1,1,0,0,Wet or damp,Single carriageway,None,40,00:04:00,Rural,Fine no high winds,No,16 - 20,12,Urban area,1,1124,None,Lamp post,Other/Not known (2005-10),Approaching junction or waiting/parked at junction approach,PEUGEOT,106 XN ZEST,Petrol,Male,Skidded,No tow/articulation,Offside,0,Going ahead left-hand bend,1,Car,No,Front,2010
201004EA10116,Unclassified,0,NA,0,Slight,None,22-05-2010,Saturday,1,Data missing or out of range,Not at junction or within 20 metres,53.717135,Darkness - lights lit,367270,424640,-2.49744,E01012598,4,1,0,0,Dry,Single carriageway,None,60,03:25:00,Rural,Fine no high winds,No,16 - 20,12,Small town,3,1390,Kerb,Other permanent object,Other/Not known (2005-10),Not at or within 20 metres of junction,RENAULT,CLIO SPORT,Petrol,Male,Skidded,No tow/articulation,Offside,0,Going ahead right-hand bend,1,Car,No,Front,2010
201004EB10097,Unclassified,0,Unclassified,0,Slight,None,28-11-2010,Sunday,1,Give way or uncontrolled,T or staggered junction,53.697132,Darkness - lights lit,369400,422400,-2.464943,E01012649,1,1,0,0,Dry,Single carriageway,None,30,01:35:00,Urban,Fine no high winds,No,16 - 20,12,Urban area,1,1896,None,Other permanent object,Other/Not known (2005-10),Cleared junction or waiting/parked at junction exit,VOLKSWAGEN,GOLF CL TD UMWELT,Heavy oil,Male,None,No tow/articulation,Nearside,0,Going ahead other,1,Car,No,Front,2010
201005EE04418,B,5188,A,57,Slight,None,24-07-2010,Saturday,2,Auto traffic signal,Crossroads,53.41224,Darkness - lights lit,337320,391020,-2.944465,E01006697,1,2,0,5,Dry,Single carriageway,None,30,22:00:00,Urban,Fine no high winds,No,16 - 20,12,Urban area,9,1124,None,None,Other/Not known (2005-10),Mid Junction - on roundabout or on main road,CITROEN,SAXO X,Petrol,Male,None,No tow/articulation,Did not leave carriageway,0,Going ahead other,2,Car,No,Nearside,2010
201006C027560,B,5166,Unclassified,0,Slight,None,06-02-2010,Saturday,1,Give way or uncontrolled,T or staggered junction,53.403035,Darkness - lights lit,383360,389610,-2.251755,E01005263,3,2,0,0,Wet or damp,Single carriageway,None,30,19:40:00,Urban,Fine no high winds,No,16 - 20,12,Urban area,4,1598,None,None,Other/Not known (2005-10),Cleared junction or waiting/parked at junction exit,DAEWOO,LANOS SX,Petrol,Male,Skidded,No tow/articulation,Did not leave carriageway,0,Going ahead right-hand bend,1,Car,No,Front,2010
201006C028029,Unclassified,0,Unclassified,0,Slight,None,19-02-2010,Friday,1,Give way or uncontrolled,Crossroads,53.38503,Darkness - lights lit,382500,387610,-2.264579,E01005091,1,2,0,0,Dry,Single carriageway,None,30,22:23:00,Urban,Fine no high winds,No,16 - 20,12,Urban area,1,1390,None,None,Other/Not known (2005-10),Mid Junction - on roundabout or on main road,SEAT,AROSA 1.4 MPI,Petrol,Male,None,No tow/articulation,Did not leave carriageway,0,Going ahead other,2,Car,No,Front,2010
201006F034518,A,6,Unclassified,0,Slight,None,23-07-2010,Friday,1,Give way or uncontrolled,T or staggered junction,53.483181,Darkness - lights lit,382370,398530,-2.267148,E01005608,2,2,0,0,Dry,Dual carriageway,None,40,22:15:00,Urban,Fine no high winds,No,16 - 20,12,Urban area,1,1396,None,None,Other/Not known (2005-10),Approaching junction or waiting/parked at junction approach,HONDA,CIVIC 1.4I SE,Petrol,Male,None,No tow/articulation,Did not leave carriageway,0,Going ahead other,1,Car,No,Front,2010
201006G037701,C,0,NA,0,Slight,None,20-10-2010,Wednesday,1,Data missing or out of range,Not at junction or within 20 metres,53.500352,Darkness - lights lit,394840,400410,-2.079264,E01005935,1,5,0,0,Dry,Single carriageway,None,30,03:56:00,Urban,Fine no high winds,No,16 - 20,12,Data missing or out of range,NA,1900,None,None,Other/Not known (2005-10),Not at or within 20 metres of junction,VOLKSWAGEN,GOLF GT TDI,Heavy oil,Male,Skidded,No tow/articulation,Did not leave carriageway,0,Going ahead other,1,Car,No,Front,2010
201006L031623,A,58,C,0,Slight,None,16-05-2010,Sunday,1,Give way or uncontrolled,Mini-roundabout,53.536921,Darkness - lights lit,361900,404630,-2.576352,E01006272,3,2,0,0,Dry,Single carriageway,None,30,20:41:00,Urban,Fine no high winds,No,16 - 20,12,Urban area,4,1242,None,None,Other/Not known (2005-10),Entering roundabout,FIAT,PUNTO 60 TEAM,Petrol,Male,None,No tow/articulation,Did not leave carriageway,0,Going ahead other,1,Car,No,Front,2010
201006L037382,A,49,NA,0,Slight,None,10-10-2010,Sunday,1,Data missing or out of range,Not at junction or within 20 metres,53.569061,Darkness - lights lit,357890,408240,-2.63734,E01006372,2,1,0,0,Dry,Single carriageway,None,30,22:30:00,Urban,Fine no high winds,No,16 - 20,12,Small town,2,1587,None,Lamp post,Other/Not known (2005-10),Not at or within 20 metres of junction,CITROEN,SAXO VTR,Petrol,Male,Skidded,No tow/articulation,Offside,0,Going ahead right-hand bend,1,Car,No,Offside,2010
201006P028044,A,6046,Unclassified,0,Slight,None,22-02-2010,Monday,1,Give way or uncontrolled,Private drive or entrance,53.581184,Darkness - lights lit,386330,409420,-2.207953,E01005508,1,2,0,0,Frost or ice,Single carriageway,None,30,23:10:00,Urban,Fine no high winds,No,16 - 20,12,Urban area,8,973,None,None,Other/Not known (2005-10),Mid Junction - on roundabout or on main road,VAUXHALL,CORSA BREEZE 12V,Petrol,Male,None,No tow/articulation,Did not leave carriageway,0,Going ahead other,2,Car,No,Front,2010
201006P030664,A,664,A,640,Slight,None,19-04-2010,Monday,1,Auto traffic signal,Crossroads,53.61626,Darkness - lights lit,391540,413310,-2.129366,E01005566,1,2,0,0,Dry,Single carriageway,None,30,21:20:00,Urban,Fine no high winds,No,16 - 20,12,Urban area,4,1242,None,None,Other/Not known (2005-10),Mid Junction - on roundabout or on main road,FIAT,PUNTO S 60,Petrol,Male,None,No tow/articulation,Did not leave carriageway,0,Turning right,1,Car,No,Front,2010
201006Q026961,A,627,Unclassified,0,Slight,None,17-01-2010,Sunday,1,Give way or uncontrolled,Private drive or entrance,53.514352,Darkness - lights lit,392950,401970,-2.107792,E01005440,1,2,0,0,Dry,Single carriageway,None,30,17:45:00,Urban,Fine no high winds,No,16 - 20,12,Urban area,7,250,None,None,Other/Not known (2005-10),Mid Junction - on roundabout or on main road,KAWASAKI,,Petrol,Male,None,No tow/articulation,Did not leave carriageway,0,Going ahead other,1,Motorcycle over 125cc and up to 500cc,No,Front,2010
201011NF24670,Unclassified,0,NA,0,Slight,None,02-10-2010,Saturday,1,Not at junction or within 20 metres,Not at junction or within 20 metres,54.798044,Darkness - lights lit,438810,544960,-1.397846,E01020755,1,4,0,0,Dry,Single carriageway,None,30,03:00:00,Urban,Fine no high winds,No,16 - 20,12,Rural,3,1299,Parked vehicle,None,Other/Not known (2005-10),Not at or within 20 metres of junction,FORD,KA,Petrol,Male,None,No tow/articulation,Did not leave carriageway,0,Going ahead other,1,Car,No,Front,2010
201014A005810,C,176,Unclassified,0,Slight,None,12-01-2010,Tuesday,2,Give way or uncontrolled,T or staggered junction,53.477784,Darkness - lights lit,461900,398300,-1.06878,E01007598,2,2,0,0,Wet or damp,Single carriageway,None,30,22:30:00,Urban,Fine no high winds,No,16 - 20,12,Urban area,1,1396,None,None,Other/Not known (2005-10),Approaching junction or waiting/parked at junction approach,ROVER,214 I,Petrol,Male,Skidded,No tow/articulation,Did not leave carriageway,0,Overtaking moving vehicle - offside,1,Car,No,Offside,2010
201014A016410,Unclassified,0,Unclassified,0,Slight,None,26-01-2010,Tuesday,1,Give way or uncontrolled,T or staggered junction,53.547654,Darkness - lights lit,455100,405990,-1.169878,E01007518,3,2,0,0,Dry,Single carriageway,None,30,21:25:00,Urban,Fine no high winds,No,16 - 20,12,Urban area,3,1527,None,None,Other/Not known (2005-10),Approaching junction or waiting/parked at junction approach,PEUGEOT,106 XLD ZEST 3,Heavy oil,Male,None,No tow/articulation,Did not leave carriageway,0,Turning right,2,Car,No,Front,2010
201014A126910,A,614,Unclassified,0,Slight,None,06-08-2010,Friday,1,Give way or uncontrolled,T or staggered junction,53.604209,Darkness - lights lit,468620,412460,-0.96444,E01007640,1,2,0,0,Dry,Single carriageway,None,40,21:37:00,Urban,Fine no high winds,No,16 - 20,12,Urban area,5,1905,None,None,Other/Not known (2005-10),Leaving main road,PEUGEOT,306 D TURBO S,Heavy oil,Male,None,No tow/articulation,Did not leave carriageway,0,Turning right,2,Car,No,Front,2010
201014C032110,C,98,NA,0,Slight,None,13-03-2010,Saturday,1,Not at junction or within 20 metres,Not at junction or within 20 metres,53.438429,Darkness - lights lit,448960,393770,-1.26444,E01007691,1,2,0,0,Dry,Single carriageway,None,40,22:20:00,Urban,Fine no high winds,No,16 - 20,12,Urban area,1,973,Parked vehicle,None,Other/Not known (2005-10),Not at or within 20 metres of junction,VAUXHALL,CORSA TRIP 12V,Petrol,Male,None,No tow/articulation,Did not leave carriageway,0,Going ahead other,1,Car,No,Front,2010
201014C066510,A,618,Unclassified,0,Slight,None,02-06-2010,Wednesday,1,Give way or uncontrolled,T or staggered junction,53.416959,Darkness - lights lit,443710,391330,-1.343804,E01007678,2,2,0,0,Dry,Single carriageway,None,40,00:54:00,Urban,Fine no high winds,No,16 - 20,12,Urban area,4,1905,None,None,Other/Not known (2005-10),Leaving main road,PEUGEOT,306 D TURBO,Heavy oil,Male,None,No tow/articulation,Did not leave carriageway,0,Moving off,2,Car,No,Nearside,2010
2010160A00741,Unclassified,0,NA,0,Slight,None,08-03-2010,Monday,1,Data missing or out of range,Not at junction or within 20 metres,53.566187,Darkness - lights lit,530340,409530,-0.033365,E01013198,5,2,0,0,Dry,Single carriageway,None,30,21:50:00,Urban,Fine no high winds,No,16 - 20,12,Small town,7,1289,None,None,Other/Not known (2005-10),Not at or within 20 metres of junction,SKODA,FELICIA GLI,Petrol,Male,Skidded,No tow/articulation,Did not leave carriageway,0,Overtaking moving vehicle - offside,1,Car,No,Nearside,2010
2010160A01621,B,1219,Unclassified,0,Slight,None,23-05-2010,Sunday,1,Give way or uncontrolled,Private drive or entrance,53.52738,Darkness - lights lit,530700,405220,-0.029732,E01013168,2,2,0,0,Dry,Single carriageway,None,30,01:20:00,Urban,Fine no high winds,No,16 - 20,12,Urban area,7,1124,None,None,Other/Not known (2005-10),Mid Junction - on roundabout or on main road,CITROEN,SAXO X,Petrol,Male,Skidded and overturned,No tow/articulation,Did not leave carriageway,0,U-turn,2,Car,No,Offside,2010
2010160C03271,A,63,NA,0,Slight,None,26-06-2010,Saturday,1,Data missing or out of range,Not at junction or within 20 metres,53.730513,Darkness - lights lit,495780,426990,-0.549624,E01013092,1,1,0,0,Dry,Dual carriageway,None,70,01:15:00,Rural,Fine no high winds,No,16 - 20,12,Urban area,1,1390,Kerb,None,Other/Not known (2005-10),Not at or within 20 metres of junction,VOLKSWAGEN,POLO 1.4 CL,Petrol,Male,Skidded and overturned,No tow/articulation,Did not leave carriageway,0,Going ahead other,1,Car,No,Front,2010
2010170S13320,Unclassified,0,NA,0,Slight,None,22-12-2010,Wednesday,1,Data missing or out of range,Not at junction or within 20 metres,54.589219,Darkness - lights lit,443050,521760,-1.335316,E01012273,2,1,0,0,Frost or ice,Single carriageway,None,30,00:18:00,Urban,Fine no high winds,No,16 - 20,12,Urban area,1,1124,Kerb,Other permanent object,Other/Not known (2005-10),Not at or within 20 metres of junction,CITROEN,SAXO X,Petrol,Male,Skidded,No tow/articulation,Nearside,0,Going ahead other,1,Car,No,Front,2010
201020G006211,A,41,Unclassified,0,Slight,None,25-01-2010,Monday,1,Give way or uncontrolled,Crossroads,52.587966,Darkness - lights lit,390210,298920,-2.145949,E01010506,1,2,0,0,Dry,Single carriageway,None,30,16:34:00,Urban,Fine no high winds,No,16 - 20,12,Urban area,5,1598,None,None,Commuting to/from work,Mid Junction - on roundabout or on main road,VAUXHALL,ASTRA LS 8V AUTO,Petrol,Male,None,No tow/articulation,Did not leave carriageway,0,Turning right,1,Car,No,Nearside,2010
201020K003812,A,457,Unclassified,0,Slight,None,06-01-2010,Wednesday,1,Give way or uncontrolled,Crossroads,52.50202,Darkness - lights lit,399180,289350,-2.01352,E01010017,3,2,0,0,Frost or ice,Dual carriageway,None,30,06:14:00,Urban,Fine no high winds,No,16 - 20,12,Urban area,2,1905,None,None,Other/Not known (2005-10),Mid Junction - on roundabout or on main road,PEUGEOT,306 D TURBO,Heavy oil,Male,None,No tow/articulation,Did not leave carriageway,0,Going ahead other,1,Car,No,Nearside,2010
201020M007830,Unclassified,0,Unclassified,0,Slight,None,31-08-2010,Tuesday,1,Give way or uncontrolled,T or staggered junction,52.40583,Darkness - lights lit,434390,278770,-1.495913,E01009635,3,2,0,0,Dry,Single carriageway,None,30,21:32:00,Urban,Fine no high winds,No,16 - 20,12,Urban area,4,1242,None,None,Journey as part of work,Mid Junction - on roundabout or on main road,FIAT,PUNTO SX 60,Petrol,Male,None,No tow/articulation,Did not leave carriageway,0,Going ahead other,2,Car,No,Front,2010
201020W003440,B,4124,B,4144,Slight,None,14-04-2010,Wednesday,1,Auto traffic signal,Crossroads,52.502083,Darkness - lights lit,405610,289360,-1.918795,E01009355,2,2,0,0,Dry,Single carriageway,None,30,22:15:00,Urban,Fine no high winds,No,16 - 20,12,Urban area,3,1242,None,None,Other/Not known (2005-10),Mid Junction - on roundabout or on main road,FIAT,,Petrol,Male,None,No tow/articulation,Did not leave carriageway,0,Going ahead other,1,Car,No,Front,2010
201020Z003950,Motorway,42,NA,0,Slight,None,12-11-2010,Friday,1,Data missing or out of range,Not at junction or within 20 metres,52.442604,Darkness - lights lit,419710,282780,-1.711466,E01010109,2,5,0,0,Dry,Dual carriageway,None,70,17:15:00,Rural,Fine no high winds,No,16 - 20,12,Urban area,10,1124,None,None,Journey as part of work,Not at or within 20 metres of junction,PEUGEOT,106 LOOK+,Petrol,Male,None,No tow/articulation,Did not leave carriageway,0,Going ahead other,1,Car,No,Front,2010
201022C001230,Unclassified,0,Unclassified,0,Slight,None,05-03-2010,Friday,1,Give way or uncontrolled,Mini-roundabout,52.209231,Darkness - lights lit,387020,256800,-2.19139,E01032333,6,2,0,0,Dry,Single carriageway,None,30,22:45:00,Urban,Fine no high winds,No,16 - 20,12,Urban area,9,1396,None,None,Other/Not known (2005-10),Approaching junction or waiting/parked at junction approach,HONDA,CIVIC ILLUSION,Petrol,Male,Skidded,No tow/articulation,Did not leave carriageway,0,Going ahead other,2,Car,No,Front,2010
201022G004037,B,4373,Unclassified,0,Slight,None,13-08-2010,Friday,1,Give way or uncontrolled,T or staggered junction,52.633961,Darkness - lights lit,368290,304130,-2.469994,E01014161,3,2,0,0,Wet or damp,Single carriageway,None,30,20:41:00,Urban,Fine no high winds,No,16 - 20,12,Urban area,3,1527,None,None,Other/Not known (2005-10),Approaching junction or waiting/parked at junction approach,CITROEN,SAXO XD,Heavy oil,Male,None,No tow/articulation,Did not leave carriageway,0,Going ahead other,2,Car,No,Front,2010