Accident_Index,1st_Road_Class,1st_Road_Number,2nd_Road_Class,2nd_Road_Number,Accident_Severity,Carriageway_Hazards,Date,Day_of_Week,Did_Police_Officer_Attend_Scene_of_Accident,Junction_Control,Junction_Detail,Latitude,Light_Conditions,Location_Easting_OSGR,Location_Northing_OSGR,Longitude,LSOA_of_Accident_Location,Number_of_Casualties,Number_of_Vehicles,Pedestrian_Crossing-Human_Control,Pedestrian_Crossing-Physical_Facilities,Road_Surface_Conditions,Road_Type,Special_Conditions_at_Site,Speed_limit,Time,Urban_or_Rural_Area,Weather_Conditions,InScotland,Age_Band_of_Driver,Age_of_Vehicle,Driver_Home_Area_Type,Driver_IMD_Decile,Engine_Capacity_.CC.,Hit_Object_in_Carriageway,Hit_Object_off_Carriageway,Journey_Purpose_of_Driver,Junction_Location,make,model,Propulsion_Code,Sex_of_Driver,Skidding_and_Overturning,Towing_and_Articulation,Vehicle_Leaving_Carriageway,Vehicle_Location.Restricted_Lane,Vehicle_Manoeuvre,Vehicle_Reference,Vehicle_Type,Was_Vehicle_Left_Hand_Drive,X1st_Point_of_Impact,Year
201030C000688,A,61,Unclassified,0,Slight,None,15-10-2010,Friday,1,Give way or uncontrolled,T or staggered junction,53.20098,Darkness - lights lit,438950,367260,-1.418368,E01019830,1,2,0,0,Dry,Single carriageway,None,50,06:37:00,Rural,Fine no high winds,No,16 - 20,12,Urban area,4,1587,None,None,Journey as part of work,Entering main road,CITROEN,SAXO VTR,Petrol,Male,None,No tow/articulation,Did not leave carriageway,0,Turning right,2,Car,No,Front,2010
20103102B0627,A,638,C,7,Slight,None,10-03-2010,Wednesday,1,Auto traffic signal,Crossroads,53.32398,Darkness - lights lit,470740,381310,-0.939408,E01028011,1,2,0,5,Dry,Single carriageway,None,30,21:58:00,Urban,Fine no high winds,No,16 - 20,12,Urban area,5,1149,None,None,Other/Not known (2005-10),Mid Junction - on roundabout or on main road,RENAULT,CLIO BIARRITZ,Petrol,Male,None,No tow/articulation,Did not leave carriageway,0,Going ahead other,1,Car,No,Front,2010
201032B252610,Unclassified,0,NA,0,Slight,None,29-08-2010,Sunday,1,Data missing or out of range,Not at junction or within 20 metres,52.804116,Darkness - lights lit,524890,324560,-0.14879,E01026258,3,2,0,0,Dry,Dual carriageway,None,60,22:53:00,Urban,Fine no high winds,No,16 - 20,12,Urban area,9,1587,Kerb,Tree,Other/Not known (2005-10),Not at or within 20 metres of junction,CITROEN,SAXO VTS,Petrol,Male,Overturned,No tow/articulation,Nearside,0,Going ahead other,1,Car,No,Front,2010
201032D308810,B,1308,Unclassified,0,Slight,None,13-10-2010,Wednesday,1,Auto traffic signal,Crossroads,53.23423,Darkness - lights lit,499690,371840,-0.507871,E01026123,3,2,0,5,Dry,Single carriageway,None,30,18:50:00,Urban,Fine no high winds,No,16 - 20,12,Rural,8,1900,None,None,Other/Not known (2005-10),Mid Junction - on roundabout or on main road,VOLKSWAGEN,,Heavy oil,Male,None,No tow/articulation,Did not leave carriageway,0,Turning right,1,Car,No,Nearside,2010
201034NE27800,A,5001,NA,0,Slight,None,11-07-2010,Sunday,1,Data missing or out of range,Not at junction or within 20 metres,52.289206,Darkness - lights lit,495520,266600,-0.600974,E01027073,2,1,0,0,Dry,Single carriageway,None,30,21:20:00,Urban,Fine no high winds,No,16 - 20,12,Urban area,5,1360,None,Lamp post,Other/Not known (2005-10),Not at or within 20 metres of junction,PEUGEOT,106 XL ZEST 3 AUTO,Petrol,Male,None,No tow/articulation,Did not leave carriageway,0,Going ahead other,1,Car,No,Front,2010
201034NE47190,A,5028,Unclassified,3515,Slight,None,20-11-2010,Saturday,1,Give way or uncontrolled,Crossroads,52.291764,Darkness - lights lit,495800,266890,-0.596787,E01027060,1,1,0,0,Wet or damp,Single carriageway,None,30,22:00:00,Urban,Fine no high winds,No,16 - 20,12,Urban area,8,1598,None,Lamp post,Other/Not known (2005-10),Cleared junction or waiting/parked at junction exit,RENAULT,MEGANE SPORT 1.6E,Petrol,Male,None,No tow/articulation,Nearside,0,Going ahead other,1,Car,No,Front,2010
201042I248908,Unclassified,0,Unclassified,0,Slight,None,05-09-2021,Monday,1,Stop sign,T or staggered junction,25.77698335,Darkness - lights lit,617770,214800,87.49354327,E01022025,2,2,0,0,Dry,One way street,None,30,22:46:00,Urban,Fine no high winds,No,16 - 20,12,Urban area,3,1124,None,None,Other/Not known (2005-10),Cleared junction or waiting/parked at junction exit,PEUGEOT,106 XN ZEST 2,Petrol,Female,None,No tow/articulation,Did not leave carriageway,0,Turning right,1,Car,No,Front,2019
201043N239050,A,413,Unclassified,14,Slight,None,05-08-2021,Sunday,1,Give way or uncontrolled,Roundabout,28.6815604,Darkness - lights lit,500100,190900,77.27760377,E01017755,1,2,0,0,Dry,Roundabout,None,30,01:00:00,Urban,Fine no high winds,No,16 - 20,12,Urban area,10,1289,None,None,Other/Not known (2005-10),Approaching junction or waiting/parked at junction approach,SKODA,FELICIA GLI,Petrol,Female,None,No tow/articulation,Did not leave carriageway,0,Overtaking - nearside,2,Car,No,Front,2020
201043S048110,C,147,Unclassified,1069,Slight,None,22-03-2019,Tuesday,1,Give way or uncontrolled,T or staggered junction,18.53312021,Darkness - lights lit,485500,237280,73.80377059,E01016847,2,3,0,0,Dry,Single carriageway,None,60,17:23:00,Urban,Fine no high winds,No,16 - 20,12,Urban area,1,1149,None,None,Other/Not known (2005-10),Mid Junction - on roundabout or on main road,RENAULT,CLIO BIARRITZ,Petrol,Female,None,No tow/articulation,Did not leave carriageway,0,Going ahead other,3,Car,No,Front,2021
201042I197506,A,13,NA,0,Slight,None,10-11-2020,Monday,1,Not at junction or within 20 metres,Not at junction or within 20 metres,27.09498873,Darkness - lights lit,580400,187390,93.61828358,E01021520,1,1,0,0,Dry,Dual carriageway,None,30,23:15:00,Urban,Fine no high winds,No,16 - 20,12,Small town,9,125,None,None,Other/Not known (2005-10),Not at or within 20 metres of junction,APRILIA,,Petrol,Female,None,No tow/articulation,Offside - crossed central reservation,0,Going ahead left-hand bend,1,Motorcycle 125cc and under,No,Offside,2019
201001QA10275,A,4005,A,4127,Slight,None,27-07-2010,Tuesday,1,Auto traffic signal,Slip road,51.56159,Darkness - lights lit,515740,186070,-0.331703,E01002135,2,2,0,5,Dry,Single carriageway,None,30,21:20:00,Urban,Fine no high winds,No,16 - 20,12,Urban area,8,1299,None,None,Other/Not known (2005-10),Mid Junction - on roundabout or on main road,FORD,KA 2,Petrol,Female,None,No tow/articulation,Did not leave carriageway,0,Turning right,1,Car,No,Offside,2010
201042I197506,A,13,NA,0,Slight,None,21-06-2010,Monday,1,Not at junction or within 20 metres,Not at junction or within 20 metres,51.556489,Darkness - lights lit,580400,187390,0.600933,E01021520,1,1,0,0,Dry,Dual carriageway,None,30,23:15:00,Urban,Fine no high winds,No,16 - 20,12,Small town,9,125,None,None,Other/Not known (2005-10),Not at or within 20 metres of junction,APRILIA,,Petrol,Female,None,No tow/articulation,Offside - crossed central reservation,0,Going ahead left-hand bend,1,Motorcycle 125cc and under,No,Offside,2010
201042I248908,Unclassified,0,Unclassified,0,Slight,None,02-08-2010,Monday,1,Stop sign,T or staggered junction,51.789395,Darkness - lights lit,617770,214800,1.156285,E01022025,2,2,0,0,Dry,One way street,None,30,22:46:00,Urban,Fine no high winds,No,16 - 20,12,Urban area,3,1124,None,None,Other/Not known (2005-10),Cleared junction or waiting/parked at junction exit,PEUGEOT,106 XN ZEST 2,Petrol,Female,None,No tow/articulation,Did not leave carriageway,0,Turning right,1,Car,No,Front,2010
201043N239050,A,413,Unclassified,14,Slight,None,23-05-2010,Sunday,1,Give way or uncontrolled,Roundabout,51.607996,Darkness - lights lit,500100,190900,-0.555872,E01017755,1,2,0,0,Dry,Roundabout,None,30,01:00:00,Urban,Fine no high winds,No,16 - 20,12,Urban area,10,1289,None,None,Other/Not known (2005-10),Approaching junction or waiting/parked at junction approach,SKODA,FELICIA GLI,Petrol,Female,None,No tow/articulation,Did not leave carriageway,0,Overtaking - nearside,2,Car,No,Front,2010
201043S048110,C,147,Unclassified,1069,Slight,None,09-11-2010,Tuesday,1,Give way or uncontrolled,T or staggered junction,52.027312,Darkness - lights lit,485500,237280,-0.755216,E01016847,2,3,0,0,Dry,Single carriageway,None,60,17:23:00,Urban,Fine no high winds,No,16 - 20,12,Urban area,1,1149,None,None,Other/Not known (2005-10),Mid Junction - on roundabout or on main road,RENAULT,CLIO BIARRITZ,Petrol,Female,None,No tow/articulation,Did not leave carriageway,0,Going ahead other,3,Car,No,Front,2010
201001QA10275,A,4005,A,4127,Slight,None,27-07-2010,Tuesday,1,Auto traffic signal,Slip road,51.56159,Darkness - lights lit,515740,186070,-0.331703,E01002135,2,2,0,5,Dry,Single carriageway,None,30,21:20:00,Urban,Fine no high winds,No,16 - 20,12,Urban area,8,1299,None,None,Other/Not known (2005-10),Mid Junction - on roundabout or on main road,FORD,KA 2,Petrol,Female,None,No tow/articulation,Did not leave carriageway,0,Turning right,1,Car,No,Offside,2010
201001XH30746,Motorway,25,A,3113,Slight,None,21-10-2010,Thursday,1,Give way or uncontrolled,Roundabout,51.468364,Darkness - lights lit,503800,175440,-0.507015,E01002444,2,1,0,0,Dry,Dual carriageway,None,50,22:35:00,Rural,Fine no high winds,No,16 - 20,12,Urban area,2,1299,None,None,Other/Not known (2005-10),Approaching junction or waiting/parked at junction approach,FORD,KA,Petrol,Female,None,No tow/articulation,Did not leave carriageway,0,Going ahead other,1,Car,No,Front,2010
201004AX10090,Unclassified,0,Unclassified,0,Slight,None,20-08-2010,Friday,1,Give way or uncontrolled,T or staggered junction,53.82868,Darkness - lights lit,330750,437450,-3.053632,E01012681,3,2,0,0,Dry,Single carriageway,None,30,21:50:00,Urban,Fine no high winds,No,16 - 20,12,Urban area,1,973,None,None,Other/Not known (2005-10),Approaching junction or waiting/parked at junction approach,VAUXHALL,CORSA BREEZE 12V,Petrol,Female,None,No tow/articulation,Did not leave carriageway,0,Slowing or stopping,2,Car,No,Nearside,2010
201005AA06580,A,551,Unclassified,0,Slight,None,16-11-2010,Tuesday,1,Give way or uncontrolled,T or staggered junction,53.419391,Darkness - lights lit,329880,391920,-3.056577,E01007211,2,2,0,0,Wet or damp,Single carriageway,None,30,20:18:00,Urban,Fine no high winds,No,16 - 20,12,Urban area,7,1124,None,None,Other/Not known (2005-10),Cleared junction or waiting/parked at junction exit,CITROEN,SAXO X,Petrol,Female,None,No tow/articulation,Did not leave carriageway,0,Going ahead other,2,Car,No,Nearside,2010
201005CC06434,A,5080,Unclassified,0,Slight,None,10-11-2010,Wednesday,1,Give way or uncontrolled,Crossroads,53.408521,Darkness - lights lit,342540,390540,-2.865855,E01006473,1,2,0,0,Dry,Dual carriageway,None,30,16:45:00,Rural,Fine no high winds,No,16 - 20,12,Urban area,5,1389,None,None,Other/Not known (2005-10),Mid Junction - on roundabout or on main road,VAUXHALL,CORSA BREEZE HI-TORQ,Petrol,Female,None,No tow/articulation,Did not leave carriageway,0,Going ahead other,2,Car,No,Front,2010
201006J027656,A,626,NA,0,Slight,None,03-02-2010,Wednesday,1,Data missing or out of range,Not at junction or within 20 metres,53.407518,Darkness - lights lit,397370,390080,-2.041033,E01005880,2,2,0,0,Frost or ice,Single carriageway,None,30,07:25:00,Rural,Fine no high winds,No,16 - 20,12,Urban area,5,1299,None,None,Other/Not known (2005-10),Not at or within 20 metres of junction,FORD,KA,Petrol,Female,Skidded,No tow/articulation,Did not leave carriageway,0,Going ahead right-hand bend,2,Car,No,Offside,2010
201006K026913,Unclassified,0,Unclassified,0,Slight,None,21-01-2010,Thursday,1,Give way or uncontrolled,Crossroads,53.569548,Darkness - lights lit,371830,408190,-2.426849,E01004848,2,3,0,0,Dry,Single carriageway,None,30,16:35:00,Urban,Fine no high winds,No,16 - 20,12,Urban area,2,998,None,None,Other/Not known (2005-10),Approaching junction or waiting/parked at junction approach,NISSAN,MICRA EQUATION,Petrol,Female,None,No tow/articulation,Did not leave carriageway,0,Going ahead other,1,Car,No,Nearside,2010
201006N034945,A,56,Unclassified,0,Slight,None,10-08-2010,Tuesday,1,Give way or uncontrolled,T or staggered junction,53.578749,Darkness - lights lit,380430,409170,-2.297051,E01005059,2,1,0,0,Dry,Single carriageway,None,30,00:30:00,Urban,Fine no high winds,No,16 - 20,12,Urban area,8,1341,None,Bus stop or bus shelter,Other/Not known (2005-10),Approaching junction or waiting/parked at junction approach,HYUNDAI,ACCENT LS,Petrol,Female,Skidded,No tow/articulation,Offside and rebounded,0,Going ahead other,1,Car,No,Front,2010
201014B075210,Unclassified,0,Unclassified,0,Slight,None,15-07-2010,Thursday,2,Auto traffic signal,Roundabout,53.544274,Darkness - lights lit,437290,405440,-1.438724,E01007319,3,2,0,4,Wet or damp,Roundabout,None,30,22:15:00,Rural,Fine no high winds,No,16 - 20,12,Urban area,2,1195,None,None,Other/Not known (2005-10),Mid Junction - on roundabout or on main road,VAUXHALL,CORSA MERIT 1.2,Petrol,Female,None,No tow/articulation,Did not leave carriageway,0,Going ahead other,1,Car,No,Nearside,2010
2010170S20170,A,19,A,689,Slight,None,02-02-2010,Tuesday,1,Give way or uncontrolled,Slip road,54.625041,Darkness - lights lit,444480,525760,-1.312583,E01012293,1,2,0,0,Frost or ice,Dual carriageway,None,70,19:06:00,Rural,Fine no high winds,No,16 - 20,12,Urban area,1,1299,None,Near/Offside crash barrier,Other/Not known (2005-10),Approaching junction or waiting/parked at junction approach,FORD,KA,Petrol,Female,Skidded,No tow/articulation,Nearside and rebounded,0,Going ahead other,1,Car,No,Nearside,2010
201020H004411,A,4148,A,4148,Slight,None,25-01-2010,Monday,1,Auto traffic signal,Crossroads,52.569626,Darkness - lights lit,399990,296870,-2.00159,E01010361,2,2,0,5,Dry,Single carriageway,None,30,20:33:00,Urban,Fine no high winds,No,16 - 20,12,Urban area,8,1299,None,None,Other/Not known (2005-10),Mid Junction - on roundabout or on main road,FORD,KA,Petrol,Female,None,No tow/articulation,Did not leave carriageway,0,Going ahead other,1,Car,No,Front,2010
201020J012990,Unclassified,0,NA,0,Slight,None,15-12-2010,Wednesday,1,Data missing or out of range,Not at junction or within 20 metres,52.489981,Darkness - lights lit,390580,288020,-2.140175,E01009913,1,3,0,0,Wet or damp,Single carriageway,None,30,21:45:00,Urban,Fine no high winds,No,16 - 20,12,Urban area,2,1580,Bridge (side),None,Other/Not known (2005-10),Not at or within 20 metres of junction,CITROEN,SAXO VTR,Petrol,Female,None,No tow/articulation,Did not leave carriageway,0,Going ahead other,2,Car,No,Front,2010
201022C004153,A,449,Unclassified,0,Slight,None,15-08-2010,Sunday,1,Auto traffic signal,Crossroads,52.1276,Darkness - lights lit,378530,247750,-2.315062,E01032196,1,2,0,5,Dry,Single carriageway,None,30,23:00:00,Urban,Fine no high winds,No,16 - 20,12,Data missing or out of range,NA,1299,None,None,Other/Not known (2005-10),Mid Junction - on roundabout or on main road,FORD,KA,Petrol,Female,None,No tow/articulation,Did not leave carriageway,0,Turning right,1,Car,No,Front,2010
201032D066510,A,159,Unclassified,0,Slight,None,23-02-2010,Tuesday,2,Give way or uncontrolled,T or staggered junction,53.393849,Darkness - lights lit,481700,389260,-0.772847,E01026383,1,2,0,0,Dry,Single carriageway,None,30,18:00:00,Urban,Fine no high winds,No,16 - 20,12,Urban area,4,1195,None,None,Commuting to/from work,Cleared junction or waiting/parked at junction exit,VAUXHALL,CORSA LS 1.2I,Petrol,Female,None,No tow/articulation,Did not leave carriageway,0,Waiting to go - held up,1,Car,No,Front,2010
2010160B05241,Unclassified,0,NA,0,Slight,None,18-12-2010,Saturday,1,Data missing or out of range,Not at junction or within 20 metres,53.563686,Darkness - lights lit,495600,408420,-0.558056,E01013275,1,3,0,0,Frost or ice,Single carriageway,None,30,17:20:00,Rural,Fog or mist,No,16 - 20,12,Data missing or out of range,NA,1242,None,None,Other/Not known (2005-10),Not at or within 20 metres of junction,FIAT,PUNTO 60 TEAM,Petrol,Male,None,No tow/articulation,Did not leave carriageway,0,Parked,3,Car,No,Back,2010
201020J012540,A,491,Unclassified,0,Slight,None,05-12-2010,Sunday,2,Give way or uncontrolled,T or staggered junction,52.490309,Darkness - lights lit,388900,288060,-2.164919,E01009830,2,2,0,0,Frost or ice,Single carriageway,None,30,20:26:00,Urban,Fog or mist,No,16 - 20,12,Small town,6,1598,None,None,Other/Not known (2005-10),Leaving main road,RENAULT,MEGANE SPORT 1.6E,Petrol,Male,Skidded,No tow/articulation,Did not leave carriageway,0,Turning right,2,Car,No,Offside,2010
201032D403810,Unclassified,0,NA,0,Slight,None,29-12-2010,Wednesday,1,Data missing or out of range,Not at junction or within 20 metres,53.043642,Darkness - lights lit,507540,350800,-0.397362,E01026223,3,1,0,0,Wet or damp,Single carriageway,None,30,22:33:00,Rural,Fog or mist,No,16 - 20,12,Data missing or out of range,NA,1587,None,Other permanent object,Other/Not known (2005-10),Not at or within 20 metres of junction,CITROEN,SAXO VTS,Petrol,Male,Skidded,No tow/articulation,Nearside,0,Going ahead right-hand bend,1,Car,No,Front,2010
201001TX20773,A,4,B,454,Slight,None,16-11-2010,Tuesday,1,Auto traffic signal,Crossroads,51.483386,Darkness - lights lit,516230,177380,-0.327502,E01002678,1,2,0,5,Wet or damp,Single carriageway,None,30,17:40:00,Urban,Fog or mist,No,16 - 20,12,Urban area,3,1299,Kerb,None,Other/Not known (2005-10),Cleared junction or waiting/parked at junction exit,FORD,KA,Petrol,Female,None,No tow/articulation,Did not leave carriageway,0,Going ahead other,1,Car,No,Offside,2010
201054ES39110,A,36,NA,0,Slight,None,07-10-2019,Monday,1,Not at junction or within 20 metres,Not at junction or within 20 metres,22.7415462,Darkness - lights lit,414170,130700,75.82465923,E01032024,2,2,0,0,Wet or damp,Dual carriageway,None,40,18:00:00,Urban,Other,No,16 - 20,12,Small town,5,1998,None,Central crash barrier,Commuting to/from work,Not at or within 20 metres of junction,PEUGEOT,306 GTI 6,Petrol,Male,None,No tow/articulation,Offside on to central reservation,0,Changing lane to right,1,Car,No,Offside,2020
201037B044629,A,1088,C,401,Slight,None,30-09-2019,Sunday,2,Give way or uncontrolled,Roundabout,18.56988617,Darkness - lights lit,597820,263350,73.8880273,E01030049,2,1,0,0,Wet or damp,Roundabout,None,60,02:00:00,Rural,Other,No,16 - 20,12,Urban area,6,1242,None,Road sign or traffic signal,Other/Not known (2005-10),Approaching junction or waiting/parked at junction approach,FIAT,PUNTO SX 60,Petrol,Male,Skidded,No tow/articulation,Straight ahead at junction,0,Slowing or stopping,1,Car,No,Front,2021
201043N216120,A,41,Unclassified,322,Slight,None,28-11-2019,Wednesday,1,Give way or uncontrolled,T or staggered junction,19.20249266,Darkness - lights lit,473920,216980,72.89371935,E01017720,1,6,0,0,Frost or ice,Single carriageway,None,30,21:17:00,Rural,Other,No,16 - 20,12,Rural,7,1905,None,None,Other/Not known (2005-10),Approaching junction or waiting/parked at junction approach,PEUGEOT,306 L D,Heavy oil,Male,Skidded,No tow/articulation,Did not leave carriageway,0,Going ahead other,3,Car,No,Front,2021
201054ES44410,A,36,Unclassified,0,Slight,None,09-03-2019,Friday,1,Give way or uncontrolled,T or staggered junction,26.73544335,Darkness - lights lit,412410,130700,94.17557802,E01032001,1,3,0,0,Wet or damp,Single carriageway,None,50,17:39:00,Urban,Other,No,16 - 20,12,Rural,7,49,None,None,Journey as part of work,Mid Junction - on roundabout or on main road,APRILIA,,Petrol,Male,None,No tow/articulation,Did not leave carriageway,0,Overtaking moving vehicle - offside,1,Motorcycle 50cc and under,No,Offside,2019
201037B044629,A,1088,C,401,Slight,None,21-03-2010,Sunday,2,Give way or uncontrolled,Roundabout,52.232754,Darkness - lights lit,597820,263350,0.895446,E01030049,2,1,0,0,Wet or damp,Roundabout,None,60,02:00:00,Rural,Other,No,16 - 20,12,Urban area,6,1242,None,Road sign or traffic signal,Other/Not known (2005-10),Approaching junction or waiting/parked at junction approach,FIAT,PUNTO SX 60,Petrol,Male,Skidded,No tow/articulation,Straight ahead at junction,0,Slowing or stopping,1,Car,No,Front,2010
201043N216120,A,41,Unclassified,322,Slight,None,22-12-2010,Wednesday,1,Give way or uncontrolled,T or staggered junction,51.846489,Darkness - lights lit,473920,216980,-0.928323,E01017720,1,6,0,0,Frost or ice,Single carriageway,None,30,21:17:00,Rural,Other,No,16 - 20,12,Rural,7,1905,None,None,Other/Not known (2005-10),Approaching junction or waiting/parked at junction approach,PEUGEOT,306 L D,Heavy oil,Male,Skidded,No tow/articulation,Did not leave carriageway,0,Going ahead other,3,Car,No,Front,2010
201054ES39110,A,36,NA,0,Slight,None,08-11-2010,Monday,1,Not at junction or within 20 metres,Not at junction or within 20 metres,51.075394,Darkness - lights lit,414170,130700,-1.79913,E01032024,2,2,0,0,Wet or damp,Dual carriageway,None,40,18:00:00,Urban,Other,No,16 - 20,12,Small town,5,1998,None,Central crash barrier,Commuting to/from work,Not at or within 20 metres of junction,PEUGEOT,306 GTI 6,Petrol,Male,None,No tow/articulation,Offside on to central reservation,0,Changing lane to right,1,Car,No,Offside,2010
201054ES44410,A,36,Unclassified,0,Slight,None,10-12-2010,Friday,1,Give way or uncontrolled,T or staggered junction,51.075434,Darkness - lights lit,412410,130700,-1.824252,E01032001,1,3,0,0,Wet or damp,Single carriageway,None,50,17:39:00,Urban,Other,No,16 - 20,12,Rural,7,49,None,None,Journey as part of work,Mid Junction - on roundabout or on main road,APRILIA,,Petrol,Male,None,No tow/articulation,Did not leave carriageway,0,Overtaking moving vehicle - offside,1,Motorcycle 50cc and under,No,Offside,2010
201030A000013,B,6179,NA,0,Slight,None,07-01-2010,Thursday,1,Data missing or out of range,Not at junction or within 20 metres,53.053222,Darkness - lights lit,439950,350830,-1.40544,E01019455,1,1,0,0,Frost or ice,Single carriageway,None,30,23:44:00,Urban,Other,No,16 - 20,12,Urban area,8,954,None,Other permanent object,Other/Not known (2005-10),Not at or within 20 metres of junction,CITROEN,SAXO SCANDAL,Petrol,Male,Skidded,No tow/articulation,Offside,0,Going ahead left-hand bend,1,Car,No,Front,2010
201030C000004,B,6418,NA,0,Slight,None,01-01-2010,Friday,2,Data missing or out of range,Not at junction or within 20 metres,53.26347,Darkness - lights lit,447540,374290,-1.288735,E01019484,1,1,0,0,Frost or ice,Single carriageway,None,30,02:35:00,Rural,Other,No,16 - 20,12,Urban area,2,1598,None,Road sign or traffic signal,Other/Not known (2005-10),Not at or within 20 metres of junction,DAEWOO,LANOS SX,Petrol,Male,Skidded and overturned,No tow/articulation,Nearside,0,Going ahead other,1,Car,No,Front,2010
201030D001185,A,52,NA,0,Slight,Other object on road,28-11-2010,Sunday,1,Data missing or out of range,Not at junction or within 20 metres,52.918116,Darkness - lights lit,447710,335870,-1.291879,E01019695,1,2,0,0,Wet or damp,Dual carriageway,None,70,20:09:00,Rural,Other,No,16 - 20,12,Rural,9,999,Parked vehicle,None,Other/Not known (2005-10),Not at or within 20 metres of junction,HYUNDAI,ATOZ+,Petrol,Female,None,No tow/articulation,Did not leave carriageway,0,Going ahead other,1,Car,No,Front,2010
201045SP55688,C,230,Unclassified,0,Slight,None,08-02-2020,Thursday,1,Authorised person,T or staggered junction,28.66822504,Darkness - lights lit,509960,170880,77.12372362,E01030748,3,2,0,0,Wet or damp,Single carriageway,None,30,05:50:00,Urban,Raining + high winds,No,16 - 20,12,Urban area,10,1527,None,None,Commuting to/from work,Cleared junction or waiting/parked at junction exit,PEUGEOT,106 XND ZEST 2,Heavy oil,Male,None,No tow/articulation,Did not leave carriageway,0,Going ahead other,2,Car,No,Front,2021
201045SP55688,C,230,Unclassified,0,Slight,None,11-11-2010,Thursday,1,Authorised person,T or staggered junction,51.426215,Darkness - lights lit,509960,170880,-0.419781,E01030748,3,2,0,0,Wet or damp,Single carriageway,None,30,05:50:00,Urban,Raining + high winds,No,16 - 20,12,Urban area,10,1527,None,None,Commuting to/from work,Cleared junction or waiting/parked at junction exit,PEUGEOT,106 XND ZEST 2,Heavy oil,Male,None,No tow/articulation,Did not leave carriageway,0,Going ahead other,2,Car,No,Front,2010
201006N038710,B,6222,Unclassified,0,Slight,None,08-11-2010,Monday,1,Give way or uncontrolled,T or staggered junction,53.599675,Darkness - lights lit,382480,411490,-2.266221,E01004955,2,2,0,0,Wet or damp,Single carriageway,None,30,23:11:00,Urban,Raining + high winds,No,16 - 20,12,Urban area,2,1489,None,None,Other/Not known (2005-10),Entering main road,MAZDA,323 IMOLA,Petrol,Male,None,No tow/articulation,Did not leave carriageway,0,Turning right,1,Car,No,Nearside,2010
2010160B04221,Unclassified,0,Unclassified,0,Slight,None,04-11-2010,Thursday,1,Give way or uncontrolled,T or staggered junction,53.590061,Darkness - lights lit,488140,411210,-0.66987,E01013334,2,2,0,0,Wet or damp,Single carriageway,None,40,19:30:00,Urban,Raining + high winds,No,16 - 20,12,Urban area,6,1396,None,None,Other/Not known (2005-10),Approaching junction or waiting/parked at junction approach,ROVER,214,Petrol,Male,Skidded,No tow/articulation,Did not leave carriageway,0,Going ahead other,1,Car,No,Front,2010
20103102C2669,B,682,B,682,Slight,None,11-11-2010,Thursday,2,Auto traffic signal,T or staggered junction,52.99896,Darkness - lights lit,453980,344930,-1.197129,E01013885,2,2,0,5,Wet or damp,Single carriageway,None,30,19:15:00,Urban,Raining + high winds,No,16 - 20,12,Urban area,2,1389,None,None,Other/Not known (2005-10),Leaving main road,VAUXHALL,CORSA BREEZE HI-TORQ,Petrol,Female,None,No tow/articulation,Did not leave carriageway,0,Turning right,2,Car,No,Front,2010
201043R077020,A,322,A,329,Slight,None,12-04-2019,Sunday,1,Give way or uncontrolled,Roundabout,14.6669061,Darkness - lights lit,486310,169090,78.58152203,E01016242,1,1,0,0,Wet or damp,Roundabout,None,40,19:02:00,Urban,Raining no high winds,No,16 - 20,12,Urban area,6,1905,Kerb,Near/Offside crash barrier,Other/Not known (2005-10),Mid Junction - on roundabout or on main road,PEUGEOT,406 GLX DT,Heavy oil,Male,Overturned,No tow/articulation,Nearside,0,Going ahead other,1,Car,No,Front,2019
201050GT3F035,C,724,C,723,Slight,None,08-07-2020,Monday,1,Give way or uncontrolled,Roundabout,18.59267476,Darkness - lights lit,177780,45050,73.77822255,E01018819,2,2,0,0,Wet or damp,Single carriageway,None,30,21:15:00,Urban,Raining no high winds,No,16 - 20,12,Rural,4,1124,None,None,Other/Not known (2005-10),Mid Junction - on roundabout or on main road,PEUGEOT,106 XN ZEST 2,Petrol,Male,Skidded,No tow/articulation,Did not leave carriageway,0,Going ahead other,1,Car,No,Front,2021
201045WA48376,A,325,NA,0,Slight,None,18-10-2020,Wednesday,1,Data missing or out of range,Not at junction or within 20 metres,26.75560938,Darkness - lights lit,483010,146250,94.22978948,E01030886,1,2,0,0,Wet or damp,Single carriageway,None,30,16:48:00,Urban,Raining no high winds,No,16 - 20,12,Small town,7,124,None,None,Other/Not known (2005-10),Not at or within 20 metres of junction,HONDA,CG125,Petrol,Male,None,No tow/articulation,Did not leave carriageway,0,Going ahead other,1,Motorcycle 125cc and under,No,Front,2019
201001JC30605,A,11,B,161,Slight,None,26-09-2010,Sunday,1,Auto traffic signal,T or staggered junction,51.557998,Darkness - lights lit,539210,186260,0.006753,E01004341,1,1,0,0,Wet or damp,Single carriageway,None,30,20:32:00,Urban,Raining no high winds,No,16 - 20,12,Urban area,3,2396,None,Lamp post,Other/Not known (2005-10),Cleared junction or waiting/parked at junction exit,MERCEDES,,Petrol,Male,None,No tow/articulation,Nearside,0,Turning left,1,Car,No,Front,2010