Accident_Index,1st_Road_Class,1st_Road_Number,2nd_Road_Class,2nd_Road_Number,Accident_Severity,Carriageway_Hazards,Date,Day_of_Week,Did_Police_Officer_Attend_Scene_of_Accident,Junction_Control,Junction_Detail,Latitude,Light_Conditions,Location_Easting_OSGR,Location_Northing_OSGR,Longitude,LSOA_of_Accident_Location,Number_of_Casualties,Number_of_Vehicles,Pedestrian_Crossing-Human_Control,Pedestrian_Crossing-Physical_Facilities,Road_Surface_Conditions,Road_Type,Special_Conditions_at_Site,Speed_limit,Time,Urban_or_Rural_Area,Weather_Conditions,InScotland,Age_Band_of_Driver,Age_of_Vehicle,Driver_Home_Area_Type,Driver_IMD_Decile,Engine_Capacity_.CC.,Hit_Object_in_Carriageway,Hit_Object_off_Carriageway,Journey_Purpose_of_Driver,Junction_Location,make,model,Propulsion_Code,Sex_of_Driver,Skidding_and_Overturning,Towing_and_Articulation,Vehicle_Leaving_Carriageway,Vehicle_Location.Restricted_Lane,Vehicle_Manoeuvre,Vehicle_Reference,Vehicle_Type,Was_Vehicle_Left_Hand_Drive,X1st_Point_of_Impact,Year
2010550D29310,C,122,NA,0,Slight,None,10-07-2010,Saturday,1,Not at junction or within 20 metres,Not at junction or within 20 metres,50.670501,Darkness - no lighting,364040,85780,-2.510257,E01020512,1,2,0,0,Dry,Single carriageway,None,60,00:15:00,Rural,Fine no high winds,No,16 - 20,12,Rural,7,1905,None,None,Other/Not known (2005-10),Not at or within 20 metres of junction,PEUGEOT,306 D TURBO,Heavy oil,Male,None,No tow/articulation,Did not leave carriageway,0,Slowing or stopping,1,Car,No,Back,2010
2010550D50123,B,3162,NA,0,Slight,None,12-11-2010,Friday,1,Not at junction or within 20 metres,Not at junction or within 20 metres,50.81049,Darkness - no lighting,344430,101520,-2.790116,E01020506,2,2,0,0,Dry,Single carriageway,None,60,23:53:00,Rural,Fine no high winds,No,16 - 20,12,Rural,7,1124,None,None,Other/Not known (2005-10),Not at or within 20 metres of junction,PEUGEOT,106 XN ZEST,Petrol,Male,None,No tow/articulation,Did not leave carriageway,0,Going ahead other,1,Car,No,Front,2010
201004AL10216,Unclassified,0,NA,0,Slight,None,26-11-2010,Friday,1,Data missing or out of range,Not at junction or within 20 metres,53.786256,Darkness - no lighting,335590,432660,-2.979104,E01025031,2,1,0,0,Wet or damp,Single carriageway,None,60,20:40:00,Rural,Fine no high winds,No,16 - 20,12,Urban area,9,1124,Kerb,Other permanent object,Other/Not known (2005-10),Not at or within 20 metres of junction,PEUGEOT,106 LOOK2,Petrol,Male,Skidded and overturned,No tow/articulation,Nearside and rebounded,0,Going ahead left-hand bend,1,Car,No,Nearside,2010
201004BB10028,Unclassified,0,NA,0,Slight,None,21-02-2010,Sunday,1,Data missing or out of range,Not at junction or within 20 metres,54.110552,Darkness - no lighting,350750,468560,-2.754833,E01025130,1,1,0,0,Dry,Single carriageway,None,60,02:00:00,Rural,Fine no high winds,No,16 - 20,12,Small town,10,1389,None,Entered ditch,Other/Not known (2005-10),Not at or within 20 metres of junction,VAUXHALL,CORSA BREEZE HI-TORQ,Petrol,Male,Skidded and overturned,No tow/articulation,Nearside,0,Going ahead right-hand bend,1,Car,No,Nearside,2010
201004TA10159,Motorway,55,NA,0,Slight,None,12-09-2010,Sunday,1,Data missing or out of range,Not at junction or within 20 metres,53.804284,Darkness - no lighting,345480,434540,-2.829345,E01025014,3,3,0,0,Dry,Dual carriageway,None,70,22:36:00,Rural,Fine no high winds,No,16 - 20,12,Urban area,4,1527,None,None,Other/Not known (2005-10),Not at or within 20 metres of junction,PEUGEOT,106 LOOK + DIESEL,Heavy oil,Male,Skidded,No tow/articulation,Did not leave carriageway,0,Going ahead other,2,Car,No,Back,2010
201004TA10159,Motorway,55,NA,0,Slight,None,12-09-2010,Sunday,1,Data missing or out of range,Not at junction or within 20 metres,53.804284,Darkness - no lighting,345480,434540,-2.829345,E01025014,3,3,0,0,Dry,Dual carriageway,None,70,22:36:00,Rural,Fine no high winds,No,16 - 20,12,Urban area,5,1242,None,Tree,Other/Not known (2005-10),Not at or within 20 metres of junction,FIAT,PUNTO 60 TEAM,Petrol,Male,Skidded,No tow/articulation,Nearside,0,Going ahead other,3,Car,No,Back,2010
201011SB15140,A,68,NA,0,Slight,None,27-06-2010,Sunday,1,Data missing or out of range,Not at junction or within 20 metres,54.716419,Darkness - no lighting,413240,535730,-1.79599,E01020894,1,1,0,0,Dry,Single carriageway,None,60,23:45:00,Rural,Fine no high winds,No,16 - 20,12,Small town,6,1389,None,Tree,Other/Not known (2005-10),Not at or within 20 metres of junction,VAUXHALL,CORSA BREEZE HI-TORQ,Petrol,Male,Overturned,No tow/articulation,Nearside,0,Going ahead other,1,Car,No,Front,2010
2010170S10780,C,146,NA,0,Slight,None,07-04-2010,Wednesday,1,Data missing or out of range,Not at junction or within 20 metres,54.613338,Darkness - no lighting,438130,524400,-1.411106,E01012295,2,1,0,0,Wet or damp,Single carriageway,None,60,23:05:00,Rural,Fine no high winds,No,16 - 20,12,Urban area,2,1242,None,None,Other/Not known (2005-10),Not at or within 20 metres of junction,FIAT,PUNTO ELX 16V BERTONE,Petrol,Male,Skidded and overturned,No tow/articulation,Offside,0,Going ahead other,1,Car,No,Offside,2010
201022E005809,B,4529,NA,0,Slight,None,20-11-2010,Saturday,1,Data missing or out of range,Not at junction or within 20 metres,52.229025,Darkness - no lighting,344200,259300,-2.818419,E01013999,1,1,0,0,Wet or damp,Single carriageway,None,60,18:40:00,Rural,Fine no high winds,No,16 - 20,12,Rural,5,1398,None,Entered ditch,Commuting to/from work,Not at or within 20 metres of junction,VAUXHALL,CORSA 1.4I LS,Petrol,Male,Skidded and overturned,No tow/articulation,Offside,0,Going ahead left-hand bend,1,Car,No,Front,2010
201032C086710,C,654,NA,0,Slight,None,26-03-2010,Friday,1,Data missing or out of range,Not at junction or within 20 metres,53.4398,Darkness - no lighting,541800,395790,0.133343,E01026079,2,2,0,0,Dry,Single carriageway,Mud,60,19:44:00,Rural,Fine no high winds,No,16 - 20,12,Rural,5,1242,None,None,Other/Not known (2005-10),Not at or within 20 metres of junction,FIAT,PUNTO SX 60,Petrol,Male,None,No tow/articulation,Did not leave carriageway,0,Going ahead other,1,Car,No,Offside,2010
201032C404110,A,1031,NA,0,Slight,None,31-12-2010,Friday,1,Data missing or out of range,Not at junction or within 20 metres,53.4377,Darkness - no lighting,543590,395610,0.160189,E01026079,1,1,0,0,Wet or damp,Single carriageway,None,60,17:59:00,Rural,Fine no high winds,No,16 - 20,12,Rural,3,973,None,None,Other/Not known (2005-10),Not at or within 20 metres of junction,VAUXHALL,CORSA BREEZE 12V,Petrol,Male,Overturned,No tow/articulation,Offside,0,Going ahead left-hand bend,1,Car,No,Did not impact,2010
201050CH2M003,A,388,NA,0,Slight,None,27-07-2019,Thursday,1,Data missing or out of range,Not at junction or within 20 metres,14.78761276,Darkness - no lighting,235300,105820,78.63862654,E01020293,3,1,0,0,Dry,Single carriageway,None,60,21:03:00,Rural,Fine no high winds,No,16 - 20,12,Urban area,3,1299,None,Other permanent object,Other/Not known (2005-10),Not at or within 20 metres of junction,FORD,KA 2,Petrol,Female,Skidded and overturned,No tow/articulation,Nearside and rebounded,0,Going ahead right-hand bend,1,Car,No,Front,2019
201045TA52900,B,2024,C,79,Slight,None,21-10-2019,Friday,1,Give way or uncontrolled,T or staggered junction,25.7881945,Darkness - no lighting,542860,155740,87.49244715,E01030849,1,1,0,0,Dry,Single carriageway,None,60,01:56:00,Rural,Fine no high winds,No,16 - 20,12,Data missing or out of range,NA,599,None,Tree,Other/Not known (2005-10),Cleared junction or waiting/parked at junction exit,HONDA,CBR 600 F,Petrol,Female,None,No tow/articulation,Nearside and rebounded,0,Going ahead right-hand bend,1,Motorcycle over 500cc,No,Nearside,2019
20104100D0753,A,4251,Unclassified,1675,Slight,None,22-12-2020,Thursday,1,Give way or uncontrolled,Crossroads,22.73692445,Darkness - no lighting,505510,205660,75.9093561,E01023354,1,2,0,0,Dry,Single carriageway,None,30,10:17:00,Urban,Fine no high winds,No,16 - 20,12,Urban area,8,1242,None,None,Taking pupil to/from school,Leaving main road,FIAT,PUNTO SX 60,Petrol,Female,None,No tow/articulation,Did not leave carriageway,0,Turning right,1,Car,No,Front,2020
201045WA52521,B,2128,NA,0,Slight,None,01-04-2019,Tuesday,1,Data missing or out of range,Not at junction or within 20 metres,16.72748373,Darkness - no lighting,504690,140050,74.32017912,E01030874,1,2,0,0,Dry,Single carriageway,None,40,23:43:00,Rural,Fine no high winds,No,16 - 20,12,Rural,9,1590,None,None,Other/Not known (2005-10),Not at or within 20 metres of junction,SUZUKI,VITARA JX 4 U SOFT-TOP,Petrol,Female,None,No tow/articulation,Did not leave carriageway,0,Going ahead left-hand bend,1,Car,No,Front,2021
201043N192100,Unclassified,2,NA,0,Slight,None,29-08-2020,Tuesday,1,Data missing or out of range,Not at junction or within 20 metres,28.96552302,Darkness - no lighting,490270,205260,77.63805548,E01017766,1,2,0,0,Wet or damp,Single carriageway,None,30,19:20:00,Rural,Fine no high winds,No,16 - 20,12,Small town,7,973,None,None,Other/Not known (2005-10),Not at or within 20 metres of junction,VAUXHALL,CORSA LS 12V,Petrol,Female,Skidded,No tow/articulation,Did not leave carriageway,0,Going ahead other,1,Car,No,Front,2021
201045RE51942,C,134,B,2219,Slight,None,02-09-2021,Tuesday,1,Give way or uncontrolled,T or staggered junction,14.73436045,Darkness - no lighting,527360,158330,78.55804645,E01030592,1,4,0,0,Dry,Single carriageway,None,60,22:03:00,Rural,Fine no high winds,No,16 - 20,12,Urban area,5,1389,None,None,Other/Not known (2005-10),Approaching junction or waiting/parked at junction approach,VAUXHALL,CORSA BREEZE HI-TORQ,Petrol,Female,Skidded and overturned,No tow/articulation,Nearside,0,Going ahead other,1,Car,No,Front,2019
20104100D0753,A,4251,Unclassified,1675,Slight,None,30-09-2010,Thursday,1,Give way or uncontrolled,Crossroads,51.739675,Darkness - no lighting,505510,205660,-0.473321,E01023354,1,2,0,0,Dry,Single carriageway,None,30,10:17:00,Urban,Fine no high winds,No,16 - 20,12,Urban area,8,1242,None,None,Taking pupil to/from school,Leaving main road,FIAT,PUNTO SX 60,Petrol,Female,None,No tow/articulation,Did not leave carriageway,0,Turning right,1,Car,No,Front,2010
201043N192100,Unclassified,2,NA,0,Slight,None,19-10-2010,Tuesday,1,Data missing or out of range,Not at junction or within 20 metres,51.738739,Darkness - no lighting,490270,205260,-0.694078,E01017766,1,2,0,0,Wet or damp,Single carriageway,None,30,19:20:00,Rural,Fine no high winds,No,16 - 20,12,Small town,7,973,None,None,Other/Not known (2005-10),Not at or within 20 metres of junction,VAUXHALL,CORSA LS 12V,Petrol,Female,Skidded,No tow/articulation,Did not leave carriageway,0,Going ahead other,1,Car,No,Front,2010
201045RE51942,C,134,B,2219,Slight,None,29-06-2010,Tuesday,1,Give way or uncontrolled,T or staggered junction,51.309784,Darkness - no lighting,527360,158330,-0.174126,E01030592,1,4,0,0,Dry,Single carriageway,None,60,22:03:00,Rural,Fine no high winds,No,16 - 20,12,Urban area,5,1389,None,None,Other/Not known (2005-10),Approaching junction or waiting/parked at junction approach,VAUXHALL,CORSA BREEZE HI-TORQ,Petrol,Female,Skidded and overturned,No tow/articulation,Nearside,0,Going ahead other,1,Car,No,Front,2010
201045TA52900,B,2024,C,79,Slight,None,06-08-2010,Friday,1,Give way or uncontrolled,T or staggered junction,51.282833,Darkness - no lighting,542860,155740,0.047077,E01030849,1,1,0,0,Dry,Single carriageway,None,60,01:56:00,Rural,Fine no high winds,No,16 - 20,12,Data missing or out of range,NA,599,None,Tree,Other/Not known (2005-10),Cleared junction or waiting/parked at junction exit,HONDA,CBR 600 F,Petrol,Female,None,No tow/articulation,Nearside and rebounded,0,Going ahead right-hand bend,1,Motorcycle over 500cc,No,Nearside,2010
201045WA52521,B,2128,NA,0,Slight,None,20-07-2010,Tuesday,1,Data missing or out of range,Not at junction or within 20 metres,51.150084,Darkness - no lighting,504690,140050,-0.504584,E01030874,1,2,0,0,Dry,Single carriageway,None,40,23:43:00,Rural,Fine no high winds,No,16 - 20,12,Rural,9,1590,None,None,Other/Not known (2005-10),Not at or within 20 metres of junction,SUZUKI,VITARA JX 4 U SOFT-TOP,Petrol,Female,None,No tow/articulation,Did not leave carriageway,0,Going ahead left-hand bend,1,Car,No,Front,2010
201050CH2M003,A,388,NA,0,Slight,None,26-08-2010,Thursday,1,Data missing or out of range,Not at junction or within 20 metres,50.828366,Darkness - no lighting,235300,105820,-4.340052,E01020293,3,1,0,0,Dry,Single carriageway,None,60,21:03:00,Rural,Fine no high winds,No,16 - 20,12,Urban area,3,1299,None,Other permanent object,Other/Not known (2005-10),Not at or within 20 metres of junction,FORD,KA 2,Petrol,Female,Skidded and overturned,No tow/articulation,Nearside and rebounded,0,Going ahead right-hand bend,1,Car,No,Front,2010
2010550D29310,C,122,NA,0,Slight,None,10-07-2010,Saturday,1,Not at junction or within 20 metres,Not at junction or within 20 metres,50.670501,Darkness - no lighting,364040,85780,-2.510257,E01020512,1,2,0,0,Dry,Single carriageway,None,60,00:15:00,Rural,Fine no high winds,No,16 - 20,12,Urban area,6,954,None,None,Other/Not known (2005-10),Not at or within 20 metres of junction,CITROEN,SAXO SCANDAL,Petrol,Female,None,No tow/articulation,Did not leave carriageway,0,Slowing or stopping,2,Car,No,Front,2010
201022C004355,B,4193,Unclassified,0,Slight,None,24-08-2010,Tuesday,1,Give way or uncontrolled,T or staggered junction,52.336708,Darkness - no lighting,383450,270990,-2.244336,E01032386,1,1,0,0,Wet or damp,Single carriageway,None,40,05:00:00,Rural,Fine no high winds,No,16 - 20,12,Urban area,8,1299,Kerb,Near/Offside crash barrier,Other/Not known (2005-10),Approaching junction or waiting/parked at junction approach,FORD,KA,Petrol,Female,Skidded,No tow/articulation,Nearside,0,Going ahead right-hand bend,1,Car,No,Front,2010
201022C005276,Unclassified,0,NA,0,Slight,None,17-10-2010,Sunday,1,Data missing or out of range,Not at junction or within 20 metres,52.133954,Darkness - no lighting,400330,248410,-1.996607,E01032410,1,1,0,0,Dry,Single carriageway,None,60,02:00:00,Rural,Fine no high winds,No,16 - 20,12,Rural,9,1905,None,Entered ditch,Other/Not known (2005-10),Not at or within 20 metres of junction,PEUGEOT,306 L D,Heavy oil,Female,None,No tow/articulation,Nearside,0,Going ahead other,1,Car,No,Front,2010
201022G004852,Unclassified,0,NA,0,Slight,None,26-09-2010,Sunday,1,Data missing or out of range,Not at junction or within 20 metres,52.536228,Darkness - no lighting,362410,293300,-2.555641,E01028850,1,1,0,0,Dry,Single carriageway,None,60,21:25:00,Rural,Fine no high winds,No,16 - 20,12,Urban area,2,1299,None,None,Commuting to/from work,Not at or within 20 metres of junction,FORD,KA,Petrol,Female,Overturned,No tow/articulation,Nearside and rebounded,0,Going ahead left-hand bend,1,Car,No,Front,2010
201043P261110,Unclassified,373,NA,0,Slight,None,07-05-2020,Tuesday,1,Data missing or out of range,Not at junction or within 20 metres,18.49621257,Darkness - no lighting,450910,194780,73.92336179,E01028754,1,1,0,0,Wet or damp,Single carriageway,None,30,22:50:00,Rural,Other,No,16 - 20,12,Urban area,2,1390,None,Entered ditch,Other/Not known (2005-10),Not at or within 20 metres of junction,VOLKSWAGEN,POLO 1.4 CL,Petrol,Male,Skidded and overturned,No tow/articulation,Nearside,0,Going ahead left-hand bend,1,Car,No,Front,2021
201043P261110,Unclassified,373,NA,0,Slight,None,23-11-2010,Tuesday,1,Data missing or out of range,Not at junction or within 20 metres,51.649468,Darkness - no lighting,450910,194780,-1.265567,E01028754,1,1,0,0,Wet or damp,Single carriageway,None,30,22:50:00,Rural,Other,No,16 - 20,12,Urban area,2,1390,None,Entered ditch,Other/Not known (2005-10),Not at or within 20 metres of junction,VOLKSWAGEN,POLO 1.4 CL,Petrol,Male,Skidded and overturned,No tow/articulation,Nearside,0,Going ahead left-hand bend,1,Car,No,Front,2010
201032B023510,C,418,NA,0,Slight,None,27-01-2010,Wednesday,1,Data missing or out of range,Not at junction or within 20 metres,52.894815,Darkness - no lighting,511180,334320,-0.348746,E01026361,1,1,0,0,Wet or damp,Single carriageway,None,40,22:49:00,Rural,Other,No,16 - 20,12,Rural,6,1299,None,Entered ditch,Commuting to/from work,Not at or within 20 metres of junction,FORD,KA,Petrol,Male,Skidded and overturned,No tow/articulation,Nearside,0,Going ahead left-hand bend,1,Car,No,Front,2010
201043N157120,C,70,C,77,Slight,None,02-12-2019,Monday,1,Give way or uncontrolled,T or staggered junction,26.45729626,Darkness - no lighting,479020,211630,80.31241548,E01017679,1,2,0,0,Snow,Single carriageway,None,40,07:30:00,Rural,Other,No,16 - 20,12,Urban area,3,1242,None,None,Commuting to/from work,Approaching junction or waiting/parked at junction approach,FIAT,PUNTO S 60,Petrol,Female,None,No tow/articulation,Did not leave carriageway,0,Waiting to go - held up,2,Car,No,Offside,2020
2010400D00590,A,5120,Unclassified,197,Slight,None,14-02-2020,Monday,1,Give way or uncontrolled,T or staggered junction,28.67606431,Darkness - no lighting,501100,224990,77.24057005,E01017579,1,2,0,0,Frost or ice,Single carriageway,None,40,23:42:00,Rural,Other,No,16 - 20,12,Small town,9,1299,None,Entered ditch,Other/Not known (2005-10),Mid Junction - on roundabout or on main road,FORD,KA 2,Petrol,Female,Skidded,No tow/articulation,Nearside,0,Going ahead right-hand bend,1,Car,No,Front,2020
2010400D00590,A,5120,Unclassified,197,Slight,None,22-02-2010,Monday,1,Give way or uncontrolled,T or staggered junction,51.914229,Darkness - no lighting,501100,224990,-0.531528,E01017579,1,2,0,0,Frost or ice,Single carriageway,None,40,23:42:00,Rural,Other,No,16 - 20,12,Small town,9,1299,None,Entered ditch,Other/Not known (2005-10),Mid Junction - on roundabout or on main road,FORD,KA 2,Petrol,Female,Skidded,No tow/articulation,Nearside,0,Going ahead right-hand bend,1,Car,No,Front,2010
201043N157120,C,70,C,77,Slight,None,20-12-2010,Monday,1,Give way or uncontrolled,T or staggered junction,51.797699,Darkness - no lighting,479020,211630,-0.855521,E01017679,1,2,0,0,Snow,Single carriageway,None,40,07:30:00,Rural,Other,No,16 - 20,12,Urban area,3,1242,None,None,Commuting to/from work,Approaching junction or waiting/parked at junction approach,FIAT,PUNTO S 60,Petrol,Female,None,No tow/articulation,Did not leave carriageway,0,Waiting to go - held up,2,Car,No,Offside,2010
201034WD44190,C,24,Unclassified,0,Slight,None,19-06-2020,Wednesday,1,Give way or uncontrolled,T or staggered junction,13.04636824,Darkness - no lighting,477320,267030,77.57421962,E01027019,1,3,0,0,Wet or damp,Single carriageway,None,60,17:10:00,Rural,Raining no high winds,No,16 - 20,12,Urban area,5,599,None,None,Other/Not known (2005-10),Mid Junction - on roundabout or on main road,HONDA,CB600 HORNET,Petrol,Male,None,No tow/articulation,Did not leave carriageway,0,Going ahead other,3,Motorcycle over 500cc,No,Did not impact,2020
201037B046118,C,409,NA,0,Slight,None,12-04-2019,Friday,1,Data missing or out of range,Not at junction or within 20 metres,26.45357356,Darkness - no lighting,611140,261960,74.64544469,E01030083,3,3,0,0,Wet or damp,Single carriageway,None,60,17:50:00,Rural,Raining no high winds,No,16 - 20,12,Small town,9,49,None,None,Commuting to/from work,Not at or within 20 metres of junction,SUZUKI,TR 50 SW,Petrol,Male,None,No tow/articulation,Did not leave carriageway,0,Going ahead left-hand bend,3,Motorcycle 50cc and under,No,Did not impact,2020
201043P156080,B,4437,NA,0,Slight,Any animal in carriageway (except ridden horse),27-08-2021,Thursday,1,Data missing or out of range,Not at junction or within 20 metres,28.56036183,Darkness - no lighting,437810,218800,77.31961825,E01028779,1,1,0,0,Wet or damp,Single carriageway,None,50,20:25:00,Rural,Raining no high winds,No,16 - 20,12,Urban area,4,1850,Any animal (except ridden horse),Tree,Other/Not known (2005-10),Not at or within 20 metres of junction,HONDA,ACCORD LS AUTO,Petrol,Male,None,No tow/articulation,Offside,0,Going ahead left-hand bend,1,Car,No,Back,2020
201043P066060,Unclassified,121,NA,0,Slight,None,17-07-2021,Monday,1,Data missing or out of range,Not at junction or within 20 metres,18.61648813,Darkness - no lighting,443790,233310,73.7937754,E01028482,2,2,0,0,Wet or damp,Single carriageway,None,30,21:38:00,Rural,Raining no high winds,No,16 - 20,12,Rural,9,1587,None,None,Other/Not known (2005-10),Not at or within 20 metres of junction,CITROEN,SAXO VTS,Petrol,Male,None,No tow/articulation,Did not leave carriageway,0,Overtaking moving vehicle - offside,1,Car,No,Nearside,2021
201050EL2O006,Unclassified,0,Unclassified,0,Slight,None,25-03-2019,Saturday,1,Give way or uncontrolled,Other junction,19.11122505,Darkness - no lighting,248560,63930,72.86557513,E01020145,4,1,0,0,Wet or damp,Single carriageway,None,60,20:45:00,Rural,Raining no high winds,No,16 - 20,12,Urban area,3,973,None,Other permanent object,Other/Not known (2005-10),Approaching junction or waiting/parked at junction approach,VAUXHALL,CORSA BREEZE 12V,Petrol,Male,Skidded,No tow/articulation,Offside and rebounded,0,Going ahead left-hand bend,1,Car,No,Front,2021
201034WD44190,C,24,Unclassified,0,Slight,None,03-11-2010,Wednesday,1,Give way or uncontrolled,T or staggered junction,52.29593,Darkness - no lighting,477320,267030,-0.86765,E01027019,1,3,0,0,Wet or damp,Single carriageway,None,60,17:10:00,Rural,Raining no high winds,No,16 - 20,12,Urban area,5,599,None,None,Other/Not known (2005-10),Mid Junction - on roundabout or on main road,HONDA,CB600 HORNET,Petrol,Male,None,No tow/articulation,Did not leave carriageway,0,Going ahead other,3,Motorcycle over 500cc,No,Did not impact,2010
201037B046118,C,409,NA,0,Slight,None,05-11-2010,Friday,1,Data missing or out of range,Not at junction or within 20 metres,52.215333,Darkness - no lighting,611140,261960,1.08934,E01030083,3,3,0,0,Wet or damp,Single carriageway,None,60,17:50:00,Rural,Raining no high winds,No,16 - 20,12,Small town,9,49,None,None,Commuting to/from work,Not at or within 20 metres of junction,SUZUKI,TR 50 SW,Petrol,Male,None,No tow/articulation,Did not leave carriageway,0,Going ahead left-hand bend,3,Motorcycle 50cc and under,No,Did not impact,2010
201043P066060,Unclassified,121,NA,0,Slight,None,07-06-2010,Monday,1,Data missing or out of range,Not at junction or within 20 metres,51.996475,Darkness - no lighting,443790,233310,-1.363608,E01028482,2,2,0,0,Wet or damp,Single carriageway,None,30,21:38:00,Rural,Raining no high winds,No,16 - 20,12,Rural,9,1587,None,None,Other/Not known (2005-10),Not at or within 20 metres of junction,CITROEN,SAXO VTS,Petrol,Male,None,No tow/articulation,Did not leave carriageway,0,Overtaking moving vehicle - offside,1,Car,No,Nearside,2010
201043P156080,B,4437,NA,0,Slight,Any animal in carriageway (except ridden horse),19-08-2010,Thursday,1,Data missing or out of range,Not at junction or within 20 metres,51.86646,Darkness - no lighting,437810,218800,-1.452295,E01028779,1,1,0,0,Wet or damp,Single carriageway,None,50,20:25:00,Rural,Raining no high winds,No,16 - 20,12,Urban area,4,1850,Any animal (except ridden horse),Tree,Other/Not known (2005-10),Not at or within 20 metres of junction,HONDA,ACCORD LS AUTO,Petrol,Male,None,No tow/articulation,Offside,0,Going ahead left-hand bend,1,Car,No,Back,2010
201050EL2O006,Unclassified,0,Unclassified,0,Slight,None,23-10-2010,Saturday,1,Give way or uncontrolled,Other junction,50.455537,Darkness - no lighting,248560,63930,-4.134782,E01020145,4,1,0,0,Wet or damp,Single carriageway,None,60,20:45:00,Rural,Raining no high winds,No,16 - 20,12,Urban area,3,973,None,Other permanent object,Other/Not known (2005-10),Approaching junction or waiting/parked at junction approach,VAUXHALL,CORSA BREEZE 12V,Petrol,Male,Skidded,No tow/articulation,Offside and rebounded,0,Going ahead left-hand bend,1,Car,No,Front,2010
2010160C07241,Motorway,62,NA,0,Slight,None,13-11-2010,Saturday,1,Data missing or out of range,Not at junction or within 20 metres,53.683694,Darkness - no lighting,461040,421200,-1.077265,E01013075,2,2,0,0,Wet or damp,Dual carriageway,None,70,04:30:00,Rural,Raining no high winds,No,16 - 20,12,Urban area,7,1360,None,None,Other/Not known (2005-10),Not at or within 20 metres of junction,PEUGEOT,206 GLX,Petrol,Male,None,No tow/articulation,Did not leave carriageway,0,Going ahead other,1,Car,No,Front,2010
201022F003624,Unclassified,0,NA,0,Slight,None,19-07-2010,Monday,1,Data missing or out of range,Not at junction or within 20 metres,52.357066,Darkness - no lighting,335480,273650,-2.948827,E01028994,1,1,0,0,Wet or damp,Single carriageway,None,40,21:50:00,Rural,Raining no high winds,No,16 - 20,12,Rural,5,1124,Kerb,None,Other/Not known (2005-10),Not at or within 20 metres of junction,CITROEN,SAXO SPREE,Petrol,Male,Skidded,No tow/articulation,Did not leave carriageway,0,Going ahead left-hand bend,1,Car,No,Front,2010
201054EU44010,A,36,NA,0,Slight,None,03-11-2019,Friday,1,Not at junction or within 20 metres,Not at junction or within 20 metres,18.55531434,Darkness - no lighting,421630,124440,73.78030096,E01031972,2,1,0,0,Frost or ice,Single carriageway,None,60,12:18:00,Rural,Raining no high winds,No,16 - 20,12,Urban area,3,1299,Kerb,Entered ditch,Other/Not known (2005-10),Not at or within 20 metres of junction,FORD,KA,Petrol,Female,Skidded and overturned,No tow/articulation,Nearside,0,Going ahead other,1,Car,No,Nearside,2021
201054EU44010,A,36,NA,0,Slight,None,03-12-2010,Friday,1,Not at junction or within 20 metres,Not at junction or within 20 metres,51.018871,Darkness - no lighting,421630,124440,-1.693018,E01031972,2,1,0,0,Frost or ice,Single carriageway,None,60,12:18:00,Rural,Raining no high winds,No,16 - 20,12,Urban area,3,1299,Kerb,Entered ditch,Other/Not known (2005-10),Not at or within 20 metres of junction,FORD,KA,Petrol,Female,Skidded and overturned,No tow/articulation,Nearside,0,Going ahead other,1,Car,No,Nearside,2010
201060L116631,Unclassified,0,NA,0,Slight,None,28-06-2010,Monday,1,Data missing or out of range,Not at junction or within 20 metres,53.181622,Darkness - no lighting,310390,365790,-3.342382,W01000206,3,1,0,0,Wet or damp,Single carriageway,None,60,22:00:00,Rural,Raining no high winds,No,16 - 20,12,Small town,NA,1124,None,None,Other/Not known (2005-10),Not at or within 20 metres of junction,CITROEN,SAXO X,Petrol,Female,Overturned,No tow/articulation,Did not leave carriageway,0,Going ahead left-hand bend,1,Car,No,Did not impact,2010
201030B000010,A,517,NA,0,Slight,None,12-01-2010,Tuesday,1,Data missing or out of range,Not at junction or within 20 metres,53.01978,Darkness - no lighting,423190,347000,-1.655752,E01019607,1,2,0,0,Frost or ice,Single carriageway,None,50,20:18:00,Rural,Snowing no high winds,No,16 - 20,12,Rural,7,1905,None,None,Other/Not known (2005-10),Not at or within 20 metres of junction,PEUGEOT,306 D TURBO,Heavy oil,Male,Skidded,No tow/articulation,Did not leave carriageway,0,Going ahead other,1,Car,No,Nearside,2010
201030C000014,A,616,NA,0,Slight,None,08-01-2010,Friday,1,Data missing or out of range,Not at junction or within 20 metres,53.271517,Darkness - no lighting,451840,375230,-1.224122,E01019525,2,2,0,0,Snow,Single carriageway,None,60,20:40:00,Rural,Snowing no high winds,No,16 - 20,12,Rural,3,1389,None,None,Other/Not known (2005-10),Not at or within 20 metres of junction,VAUXHALL,CORSA SPORT 1.4I,Petrol,Male,Skidded,No tow/articulation,Did not leave carriageway,0,Going ahead other,1,Car,No,Nearside,2010