Accident_Index,1st_Road_Class,1st_Road_Number,2nd_Road_Class,2nd_Road_Number,Accident_Severity,Carriageway_Hazards,Date,Day_of_Week,Did_Police_Officer_Attend_Scene_of_Accident,Junction_Control,Junction_Detail,Latitude,Light_Conditions,Location_Easting_OSGR,Location_Northing_OSGR,Longitude,LSOA_of_Accident_Location,Number_of_Casualties,Number_of_Vehicles,Pedestrian_Crossing-Human_Control,Pedestrian_Crossing-Physical_Facilities,Road_Surface_Conditions,Road_Type,Special_Conditions_at_Site,Speed_limit,Time,Urban_or_Rural_Area,Weather_Conditions,InScotland,Age_Band_of_Driver,Age_of_Vehicle,Driver_Home_Area_Type,Driver_IMD_Decile,Engine_Capacity_.CC.,Hit_Object_in_Carriageway,Hit_Object_off_Carriageway,Journey_Purpose_of_Driver,Junction_Location,make,model,Propulsion_Code,Sex_of_Driver,Skidding_and_Overturning,Towing_and_Articulation,Vehicle_Leaving_Carriageway,Vehicle_Location.Restricted_Lane,Vehicle_Manoeuvre,Vehicle_Reference,Vehicle_Type,Was_Vehicle_Left_Hand_Drive,X1st_Point_of_Impact,Year
201036T100165,A,1064,NA,0,Slight,None,20-07-2020,Friday,1,Data missing or out of range,Not at junction or within 20 metres,28.6613022,Darkness - no lighting,641880,312190,77.24426324,E01026609,1,2,0,0,Snow,Single carriageway,None,60,17:08:00,Rural,Snowing no high winds,No,16 - 20,12,Rural,8,1905,None,Entered ditch,Other/Not known (2005-10),Not at or within 20 metres of junction,PEUGEOT,306 D TURBO,Heavy oil,Female,Skidded,No tow/articulation,Offside,0,Going ahead other,1,Car,No,Front,2021
201036T100165,A,1064,NA,0,Slight,None,17-12-2010,Friday,1,Data missing or out of range,Not at junction or within 20 metres,52.653416,Darkness - no lighting,641880,312190,1.574779,E01026609,1,2,0,0,Snow,Single carriageway,None,60,17:08:00,Rural,Snowing no high winds,No,16 - 20,12,Rural,8,1905,None,Entered ditch,Other/Not known (2005-10),Not at or within 20 metres of junction,PEUGEOT,306 D TURBO,Heavy oil,Female,Skidded,No tow/articulation,Offside,0,Going ahead other,1,Car,No,Front,2010
201022C004881,B,4092,NA,0,Slight,Other object on road,27-09-2010,Monday,1,Data missing or out of range,Not at junction or within 20 metres,52.249379,Daylight,404130,261250,-1.940936,E01032392,1,1,0,0,Dry,Single carriageway,None,60,17:15:00,Urban,Fine + high winds,No,16 - 20,12,Urban area,1,49,Other object,None,Other/Not known (2005-10),Not at or within 20 metres of junction,PEUGEOT,SPEEDFIGHT,Petrol,Male,None,No tow/articulation,Did not leave carriageway,0,Going ahead other,1,Motorcycle 50cc and under,No,Nearside,2010
201022D005542,A,442,NA,0,Slight,Other object on road,02-11-2010,Tuesday,2,Data missing or out of range,Not at junction or within 20 metres,52.338785,Daylight,387140,271210,-2.190187,E01032431,1,2,0,0,Dry,Single carriageway,None,60,13:15:00,Rural,Fine + high winds,No,16 - 20,12,Rural,7,998,None,None,Commuting to/from work,Not at or within 20 metres of junction,NISSAN,MICRA TWISTER,Petrol,Male,None,No tow/articulation,Did not leave carriageway,0,Going ahead other,1,Car,No,Front,2010
201011NI22160,B,6308,Unclassified,0,Slight,None,15-09-2010,Wednesday,1,Give way or uncontrolled,T or staggered junction,54.857655,Daylight,410880,551440,-1.83204,E01020641,1,4,0,0,Dry,Single carriageway,None,30,10:00:00,Urban,Fine + high winds,No,16 - 20,12,Urban area,5,1124,None,None,Other/Not known (2005-10),Mid Junction - on roundabout or on main road,PEUGEOT,106 LOOK2,Petrol,Female,None,No tow/articulation,Did not leave carriageway,0,Moving off,1,Car,No,Front,2010
201045RU50773,Unclassified,3120,NA,0,Slight,None,17-05-2021,Friday,1,Data missing or out of range,Not at junction or within 20 metres,14.80006429,Daylight,498800,171000,78.53216105,E01030674,1,2,0,0,Dry,Single carriageway,None,40,07:50:00,Urban,Fine no high winds,No,16 - 20,12,Urban area,10,1587,None,None,Other/Not known (2005-10),Not at or within 20 metres of junction,CITROEN,SAXO VTR,Petrol,Male,None,No tow/articulation,Did not leave carriageway,0,Going ahead other,2,Car,No,Offside,2019
201037G029996,B,1078,NA,0,Slight,None,01-05-2021,Tuesday,1,Data missing or out of range,Not at junction or within 20 metres,14.66617238,Daylight,636830,254970,78.48244219,E01030199,1,2,0,0,Wet or damp,Single carriageway,Mud,60,10:00:00,Rural,Fine no high winds,No,16 - 20,12,Rural,6,1242,None,None,Other/Not known (2005-10),Not at or within 20 metres of junction,FIAT,PUNTO 60 TEAM,Petrol,Male,Skidded and overturned,No tow/articulation,Nearside,0,Going ahead right-hand bend,2,Car,No,Front,2019
2010550C19333,A,348,NA,0,Slight,None,01-03-2019,Thursday,1,Not at junction or within 20 metres,Not at junction or within 20 metres,14.79477894,Daylight,405450,96020,78.49282589,E01015312,1,2,0,0,Dry,Dual carriageway,None,40,08:00:00,Urban,Fine no high winds,No,16 - 20,12,Urban area,5,1100,None,None,Commuting to/from work,Not at or within 20 metres of junction,HONDA,,Petrol,Male,None,No tow/articulation,Did not leave carriageway,0,Overtaking moving vehicle - offside,2,Motorcycle over 500cc,No,Front,2019
2010550C16361,A,35,NA,0,Slight,None,10-04-2021,Friday,2,Not at junction or within 20 metres,Not at junction or within 20 metres,27.08924629,Daylight,403570,91610,93.62981659,E01015453,1,1,0,5,Dry,Single carriageway,None,30,15:15:00,Urban,Fine no high winds,No,16 - 20,12,Urban area,9,49,None,None,Other/Not known (2005-10),Not at or within 20 metres of junction,PEUGEOT,SPEEDFIGHT,Petrol,Male,None,No tow/articulation,Did not leave carriageway,0,Going ahead other,1,Motorcycle 50cc and under,No,Front,2019
201043N188010,A,404,NA,,Slight,None,19-11-2019,Tuesday,2,Data missing or out of range,Private drive or entrance,26.7440394,Daylight,497120,197210,94.20408069,E01017744,2,2,0,0,Dry,Single carriageway,None,30,13:00:00,Urban,Fine no high winds,No,16 - 20,12,Urban area,10,1242,None,None,Other/Not known (2005-10),Approaching junction or waiting/parked at junction approach,FORD,FIESTA SI,Petrol,Male,None,No tow/articulation,Did not leave carriageway,0,Overtaking moving vehicle - offside,2,Car,No,Offside,2019
201050JH2B002,Unclassified,0,NA,0,Slight,None,02-01-2020,Friday,1,Not at junction or within 20 metres,Not at junction or within 20 metres,26.75558022,Daylight,284910,53070,94.19317243,E01020188,3,2,0,0,Dry,Single carriageway,None,60,17:10:00,Rural,Fine no high winds,No,16 - 20,12,Small town,6,1360,None,None,Journey as part of work,Not at or within 20 metres of junction,CITROEN,SAXO WEST COAST,Petrol,Male,None,No tow/articulation,Did not leave carriageway,0,Going ahead other,1,Car,No,Front,2019
201045SP50632,C,248,Unclassified,0,Slight,Other object on road,15-04-2021,Monday,1,Give way or uncontrolled,T or staggered junction,25.77470152,Daylight,503990,171700,87.4894453,E01030736,1,2,0,0,Dry,Single carriageway,Auto signal part defective,30,10:05:00,Urban,Fine no high winds,No,16 - 20,12,Urban area,6,1995,None,None,Other/Not known (2005-10),Approaching junction or waiting/parked at junction approach,VAUXHALL,ASTRA CD DI 16V,Heavy oil,Male,None,No tow/articulation,Did not leave carriageway,0,Overtaking moving vehicle - offside,2,Car,No,Did not impact,2019
201045SP51927,Unclassified,6283,NA,0,Slight,None,18-10-2019,Sunday,1,Data missing or out of range,Not at junction or within 20 metres,25.78747381,Daylight,507670,166720,87.49263782,E01030730,1,1,0,0,Dry,Single carriageway,None,30,19:50:00,Rural,Fine no high winds,No,16 - 20,12,Urban area,9,1799,None,Other permanent object,Other/Not known (2005-10),Not at or within 20 metres of junction,VAUXHALL,VECTRA ARCTIC 16V,Petrol,Male,None,No tow/articulation,Offside,0,Going ahead left-hand bend,1,Car,No,Front,2019
201050FP2I003,Unclassified,0,Unclassified,0,Slight,None,26-06-2021,Tuesday,1,Give way or uncontrolled,T or staggered junction,25.77895382,Daylight,288800,57960,87.46761302,E01015198,1,2,0,0,Dry,Single carriageway,None,30,12:40:00,Urban,Fine no high winds,No,16 - 20,12,Urban area,6,1392,None,None,Other/Not known (2005-10),Approaching junction or waiting/parked at junction approach,NISSAN,ALMERA 1.4 GX,Petrol,Male,None,No tow/articulation,Did not leave carriageway,0,Going ahead other,1,Car,No,Front,2019
2010550C26291,A,349,A,349,Slight,None,18-04-2019,Tuesday,1,Give way or uncontrolled,Roundabout,25.78665563,Daylight,400750,92520,87.46950943,E01015450,2,2,0,8,Dry,Single carriageway,None,50,19:45:00,Rural,Fine no high winds,No,16 - 20,12,Urban area,9,1349,None,None,Other/Not known (2005-10),Entering roundabout,DAEWOO,LANOS S,Petrol,Male,None,No tow/articulation,Did not leave carriageway,0,Moving off,1,Car,No,Front,2019
201042I339410,A,186,A,127,Slight,None,26-04-2021,Friday,1,Give way or uncontrolled,T or staggered junction,22.05651796,Daylight,559490,188760,82.14103954,E01021473,1,3,0,0,Dry,Single carriageway,None,60,14:28:00,Rural,Fine no high winds,No,16 - 20,12,Urban area,4,1595,None,Near/Offside crash barrier,Journey as part of work,Approaching junction or waiting/parked at junction approach,AUDI,A3 1.6 SE,Petrol,Male,None,No tow/articulation,Nearside,0,Turning right,1,Car,No,Nearside,2019
201042I240107,B,1141,Unclassified,0,Slight,None,31-08-2020,Saturday,1,Give way or uncontrolled,T or staggered junction,22.10557973,Daylight,616090,219920,82.15915766,E01022017,1,2,0,0,Dry,Single carriageway,None,30,20:00:00,Urban,Fine no high winds,No,16 - 20,12,Urban area,4,1242,None,None,Other/Not known (2005-10),Approaching junction or waiting/parked at junction approach,FIAT,PUNTO S 60,Petrol,Male,None,No tow/articulation,Did not leave carriageway,0,Turning right,1,Car,No,Offside,2019
201043R205080,Unclassified,7002,NA,0,Slight,None,13-01-2019,Sunday,1,Data missing or out of range,Not at junction or within 20 metres,22.06464949,Daylight,484160,168050,82.13171091,E01016211,3,1,0,0,Dry,Single carriageway,None,60,18:11:00,Rural,Fine no high winds,No,16 - 20,12,Data missing or out of range,NA,1360,None,Entered ditch,Other/Not known (2005-10),Not at or within 20 metres of junction,CITROEN,SAXO SX,Petrol,Male,Skidded and overturned,No tow/articulation,Offside,0,Going ahead right-hand bend,1,Car,No,Front,2019
20104100C0909,C,76,NA,,Slight,None,17-09-2019,Saturday,1,Give way or uncontrolled,Private drive or entrance,22.06513893,Daylight,508440,199920,82.13888772,E01023831,1,2,0,0,Dry,Single carriageway,None,30,11:16:00,Rural,Fine no high winds,No,16 - 20,12,Urban area,8,1124,None,None,Other/Not known (2005-10),Entering main road,PEUGEOT,106 LOOK2,Petrol,Male,None,No tow/articulation,Did not leave carriageway,0,Turning right,1,Car,No,Front,2019
201045EL53539,A,317,Unclassified,3910,Slight,None,17-03-2020,Monday,1,Give way or uncontrolled,T or staggered junction,15.240573,Daylight,508630,164130,73.95405853,E01030349,3,3,0,0,Dry,Single carriageway,None,30,15:14:00,Urban,Fine no high winds,No,16 - 20,12,Urban area,9,1781,None,None,Other/Not known (2005-10),Cleared junction or waiting/parked at junction exit,AUDI,A3 1.8T SPORT,Petrol,Male,None,No tow/articulation,Did not leave carriageway,0,Waiting to go - held up,2,Car,No,Back,2019
201054EY40710,C,68,NA,0,Slight,None,23-11-2020,Saturday,1,Not at junction or within 20 metres,Not at junction or within 20 metres,15.18148072,Daylight,393100,187510,74.04647265,E01031949,1,1,0,0,Wet or damp,Single carriageway,None,30,12:59:00,Rural,Fine no high winds,No,16 - 20,12,Rural,9,1124,None,Other permanent object,Other/Not known (2005-10),Not at or within 20 metres of junction,PEUGEOT,106 LOOK+,Petrol,Male,None,No tow/articulation,Nearside and rebounded,0,Going ahead right-hand bend,1,Car,No,Front,2019
201050KH2G001,Unclassified,0,Unclassified,0,Slight,None,12-06-2021,Wednesday,2,Give way or uncontrolled,T or staggered junction,15.18314884,Daylight,314420,104490,74.08390478,E01019902,2,2,0,0,Dry,Single carriageway,None,30,21:06:00,Rural,Fine no high winds,No,16 - 20,12,Data missing or out of range,NA,1124,None,None,Other/Not known (2005-10),Approaching junction or waiting/parked at junction approach,CITROEN,SAXO X,Petrol,Male,None,No tow/articulation,Did not leave carriageway,0,Going ahead right-hand bend,2,Car,No,Front,2019
201050KU2I004,Unclassified,0,NA,0,Slight,None,01-08-2020,Monday,1,Not at junction or within 20 metres,Not at junction or within 20 metres,22.996148,Daylight,303460,111250,72.65811828,E01020064,1,2,0,0,Dry,Single carriageway,None,30,08:31:00,Rural,Fine no high winds,No,16 - 20,12,Data missing or out of range,NA,1796,None,None,Other/Not known (2005-10),Not at or within 20 metres of junction,VAUXHALL,ASTRA CDX 16V,Petrol,Male,None,No tow/articulation,Did not leave carriageway,0,Parked,2,Car,No,Front,2019
201037B046126,A,1092,NA,0,Slight,None,04-10-2020,Saturday,1,Data missing or out of range,Not at junction or within 20 metres,28.46438938,Daylight,579780,245830,77.00593432,E01030099,1,1,0,0,Dry,Single carriageway,None,60,08:49:00,Rural,Fine no high winds,No,16 - 20,12,Urban area,8,1598,None,Other permanent object,Other/Not known (2005-10),Not at or within 20 metres of junction,VAUXHALL,ASTRA CLUB 16V,Petrol,Male,Skidded and overturned,No tow/articulation,Offside and rebounded,0,Going ahead right-hand bend,1,Car,No,Front,2019
201036T100066,A,47,C,434,Slight,None,11-11-2020,Saturday,1,Give way or uncontrolled,T or staggered junction,28.43828207,Daylight,643850,308980,77.06583128,E01026539,1,2,0,0,Dry,Single carriageway,None,60,10:50:00,Rural,Fine no high winds,No,16 - 20,12,Data missing or out of range,NA,1796,None,None,Other/Not known (2005-10),Approaching junction or waiting/parked at junction approach,ROVER,218 VVC COUPE,Petrol,Male,None,No tow/articulation,Did not leave carriageway,0,Going ahead other,1,Car,No,Front,2019
201050GR2D007,B,3285,NA,0,Slight,None,27-07-2021,Friday,1,Not at junction or within 20 metres,Not at junction or within 20 metres,13.02859079,Daylight,177290,54650,77.64441441,E01018833,1,2,0,0,Dry,Single carriageway,None,30,17:30:00,Rural,Fine no high winds,No,16 - 20,12,Urban area,8,1124,None,None,Other/Not known (2005-10),Not at or within 20 metres of junction,PEUGEOT,106 XN ZEST 2,Petrol,Male,Skidded,No tow/articulation,Did not leave carriageway,0,Going ahead other,1,Car,No,Front,2020
201042I112504,Unclassified,0,NA,0,Slight,None,27-02-2021,Thursday,1,Not at junction or within 20 metres,Not at junction or within 20 metres,13.03310044,Daylight,539730,204310,77.61094739,E01021793,2,2,0,0,Dry,Single carriageway,None,60,19:29:00,Rural,Fine no high winds,No,16 - 20,12,Urban area,5,1299,None,None,Other/Not known (2005-10),Not at or within 20 metres of junction,FORD,KA3,Petrol,Male,None,No tow/articulation,Did not leave carriageway,0,Going ahead left-hand bend,1,Car,No,Front,2020
201050GA2L003,C,65,NA,0,Slight,None,30-03-2019,Thursday,1,Not at junction or within 20 metres,Not at junction or within 20 metres,13.02093587,Daylight,197400,57940,77.62190304,E01019054,1,2,0,0,Dry,Single carriageway,None,30,16:02:00,Rural,Fine no high winds,No,16 - 20,12,Rural,4,1124,None,None,Other/Not known (2005-10),Not at or within 20 metres of junction,CITROEN,SAXO X,Petrol,Male,None,No tow/articulation,Did not leave carriageway,0,Overtaking - nearside,1,Car,No,Front,2020
20104100D0757,Unclassified,479,Unclassified,878,Slight,None,09-11-2021,Thursday,1,Give way or uncontrolled,Mini-roundabout,8.880954544,Daylight,507130,205330,76.68360808,E01023415,1,2,0,8,Wet or damp,Single carriageway,Mud,30,13:35:00,Urban,Fine no high winds,No,16 - 20,12,Urban area,6,100,None,None,Other/Not known (2005-10),Approaching junction or waiting/parked at junction approach,PEUGEOT,SPEEDFIGHT 100,Petrol,Male,Skidded,No tow/articulation,Did not leave carriageway,0,Overtaking moving vehicle - offside,1,Motorcycle 125cc and under,No,Did not impact,2020
2010400C00365,B,579,Unclassified,0,Slight,None,26-10-2021,Friday,1,Give way or uncontrolled,Private drive or entrance,8.870775019,Daylight,507510,222970,76.67090745,E01015786,3,3,0,0,Wet or damp,Single carriageway,None,30,12:24:00,Urban,Fine no high winds,No,16 - 20,12,Small town,7,1360,None,None,Other/Not known (2005-10),Approaching junction or waiting/parked at junction approach,PEUGEOT,306 MIAMI,Petrol,Male,None,No tow/articulation,Did not leave carriageway,0,Slowing or stopping,1,Car,No,Front,2020
201050FT2J028,Unclassified,0,NA,0,Slight,None,30-11-2019,Tuesday,1,Not at junction or within 20 metres,Not at junction or within 20 metres,8.881697936,Daylight,291350,64430,76.65219651,E01015255,1,2,0,0,Dry,One way street,None,30,07:05:00,Urban,Fine no high winds,No,16 - 20,12,Urban area,1,1781,None,None,Other/Not known (2005-10),Not at or within 20 metres of junction,SKODA,OCTAVIA SLX,Petrol,Male,None,No tow/articulation,Did not leave carriageway,0,Going ahead other,1,Car,No,Front,2020
201045GU54903,A,3,NA,0,Slight,None,06-11-2019,Thursday,1,Data missing or out of range,Not at junction or within 20 metres,8.884574629,Daylight,498010,150170,76.68399081,E01030470,2,2,0,0,Dry,Dual carriageway,None,50,17:46:00,Urban,Fine no high winds,No,16 - 20,12,Urban area,8,1124,None,None,Other/Not known (2005-10),Not at or within 20 metres of junction,PEUGEOT,106 XN ZEST 2,Petrol,Male,None,No tow/articulation,Did not leave carriageway,0,Changing lane to right,1,Car,No,Front,2020
201037B045238,A,11,NA,0,Slight,None,23-12-2019,Friday,1,Data missing or out of range,Not at junction or within 20 metres,22.73021352,Daylight,578830,277620,75.89796657,E01029928,1,4,0,0,Dry,Single carriageway,None,60,11:17:00,Rural,Fine no high winds,No,16 - 20,12,Urban area,9,973,None,None,Other/Not known (2005-10),Not at or within 20 metres of junction,VAUXHALL,CORSA MERIT 12V,Petrol,Male,None,No tow/articulation,Did not leave carriageway,0,Going ahead other,2,Car,No,Front,2020
201054EP27410,A,420,C,180,Slight,None,22-03-2021,Wednesday,1,Give way or uncontrolled,Crossroads,22.77015241,Daylight,389600,174570,75.90477865,E01031940,1,1,0,0,Dry,Single carriageway,Oil or diesel,60,18:45:00,Rural,Fine no high winds,No,16 - 20,12,Rural,10,1124,Kerb,Other permanent object,Other/Not known (2005-10),Mid Junction - on roundabout or on main road,PEUGEOT,106 LOOK2,Petrol,Male,Skidded and overturned,No tow/articulation,Nearside,0,Going ahead left-hand bend,1,Car,No,Front,2020
201054EW10010,Unclassified,0,Unclassified,0,Slight,None,05-12-2020,Tuesday,2,Give way or uncontrolled,T or staggered junction,26.46580771,Daylight,411400,131020,74.63757795,E01032040,1,2,0,0,Dry,Single carriageway,None,30,11:15:00,Rural,Fine no high winds,No,16 - 20,12,Rural,7,1390,None,None,Other/Not known (2005-10),Cleared junction or waiting/parked at junction exit,VOLKSWAGEN,POLO 1.4 16V,Petrol,Male,None,No tow/articulation,Did not leave carriageway,0,Waiting to go - held up,1,Car,No,Back,2020
201037B044937,A,11,A,1101,Slight,None,30-04-2019,Sunday,1,Give way or uncontrolled,Roundabout,26.45894081,Daylight,572770,274090,74.60340501,E01029945,1,2,0,0,Dry,Dual carriageway,None,50,17:20:00,Rural,Fine no high winds,No,16 - 20,12,Small town,2,1597,None,None,Other/Not known (2005-10),Approaching junction or waiting/parked at junction approach,NISSAN,PRIMERA SI,Petrol,Male,None,No tow/articulation,Did not leave carriageway,0,Going ahead other,1,Car,No,Front,2020
201050EC2D043,A,394,Unclassified,0,Slight,None,28-04-2019,Wednesday,1,Give way or uncontrolled,Slip road,26.46479702,Daylight,246600,54420,74.61100441,E01015155,1,1,0,4,Dry,Single carriageway,None,30,08:45:00,Urban,Fine no high winds,No,16 - 20,12,Urban area,1,1124,None,None,Journey as part of work,Entering from slip road,CITROEN,SAXO SX,Petrol,Male,None,No tow/articulation,Did not leave carriageway,0,Turning right,1,Car,No,Nearside,2020
201045MO53543,C,54,C,58,Slight,None,10-07-2021,Wednesday,1,Give way or uncontrolled,T or staggered junction,26.46623066,Daylight,520510,146750,80.29606538,E01030530,1,2,0,0,Dry,Single carriageway,None,40,16:07:00,Rural,Fine no high winds,No,16 - 20,12,Rural,10,1597,None,Telegraph or electricity pole,Commuting to/from work,Approaching junction or waiting/parked at junction approach,FORD,ESCORT CHICANE,Petrol,Male,Skidded,No tow/articulation,Nearside,0,Going ahead other,2,Car,No,Offside,2020
201034TN47880,A,45,NA,0,Slight,None,04-05-2021,Thursday,1,Data missing or out of range,Not at junction or within 20 metres,28.62584966,Daylight,478270,260250,77.3524332,E01027258,2,2,0,0,Dry,Dual carriageway,None,70,15:25:00,Rural,Fine no high winds,No,16 - 20,12,Urban area,2,1994,None,None,Other/Not known (2005-10),Not at or within 20 metres of junction,ROVER,420 GSI,Petrol,Male,None,No tow/articulation,Did not leave carriageway,0,Changing lane to right,1,Car,No,Offside,2020
201042I151704,Unclassified,0,Unclassified,0,Slight,None,23-04-2019,Saturday,1,Give way or uncontrolled,T or staggered junction,28.67868022,Daylight,617490,214450,77.25330873,E01022025,1,2,0,5,Dry,Single carriageway,None,30,12:46:00,Urban,Fine no high winds,No,16 - 20,12,Small town,3,1195,None,None,Other/Not known (2005-10),Approaching junction or waiting/parked at junction approach,VAUXHALL,CORSA BREEZE,Petrol,Male,None,No tow/articulation,Did not leave carriageway,0,Going ahead other,2,Car,No,Front,2020
201050JT2D001,B,3362,NA,0,Slight,None,15-06-2020,Thursday,1,Not at junction or within 20 metres,Not at junction or within 20 metres,28.59901185,Daylight,244370,73600,77.18296693,E01020331,1,1,0,0,Frost or ice,Single carriageway,None,30,08:26:00,Rural,Fine no high winds,No,16 - 20,12,Rural,4,1149,None,None,Other/Not known (2005-10),Not at or within 20 metres of junction,RENAULT,,Petrol,Male,None,No tow/articulation,Did not leave carriageway,0,Going ahead other,1,Car,No,Nearside,2020
201034WN17560,A,5076,A,4500,Slight,None,16-02-2021,Sunday,1,Give way or uncontrolled,Roundabout,28.55373485,Daylight,481250,263330,77.25579282,E01027175,1,1,0,0,Wet or damp,Roundabout,None,30,09:45:00,Urban,Fine no high winds,No,16 - 20,12,Urban area,2,1242,Kerb,None,Journey as part of work,Leaving roundabout,FIAT,PUNTO S 60,Petrol,Male,Skidded and overturned,No tow/articulation,Nearside,0,Going ahead other,1,Car,No,Front,2020
201050CD3D018,Unclassified,0,Unclassified,0,Slight,None,04-05-2020,Saturday,2,Give way or uncontrolled,Roundabout,28.6030856,Daylight,245480,126720,77.36555838,E01020282,1,3,0,1,Dry,Single carriageway,None,20,20:35:00,Urban,Fine no high winds,No,16 - 20,12,Small town,7,1390,None,None,Other/Not known (2005-10),Approaching junction or waiting/parked at junction approach,VOLKSWAGEN,POLO 1.4 CL,Petrol,Male,None,No tow/articulation,Did not leave carriageway,0,Waiting to go - held up,2,Car,No,Back,2021
201037L017782,B,1112,NA,0,Slight,Other object on road,11-04-2019,Wednesday,1,Data missing or out of range,Not at junction or within 20 metres,28.61020968,Daylight,644490,263600,77.16921309,E01030189,1,1,0,0,Wet or damp,Single carriageway,None,30,09:35:00,Rural,Fine no high winds,No,16 - 20,12,Small town,5,1598,None,Telegraph or electricity pole,Other/Not known (2005-10),Not at or within 20 metres of junction,VAUXHALL,ASTRA LS 8V,Petrol,Male,None,No tow/articulation,Nearside,0,Going ahead left-hand bend,1,Car,No,Front,2021
2010400B00465,A,6001,NA,0,Slight,None,27-01-2021,Saturday,1,Data missing or out of range,Not at junction or within 20 metres,28.55547525,Daylight,518870,244610,77.08865724,E01017385,3,2,0,0,Wet or damp,Single carriageway,None,30,12:28:00,Urban,Fine no high winds,No,16 - 20,12,Urban area,10,1389,None,None,Other/Not known (2005-10),Not at or within 20 metres of junction,VAUXHALL,CORSA BREEZE HI-TORQ,Petrol,Male,None,No tow/articulation,Did not leave carriageway,0,Going ahead other,1,Car,No,Front,2021
201042I231507,Unclassified,0,Unclassified,0,Slight,None,03-04-2020,Wednesday,1,Give way or uncontrolled,T or staggered junction,18.60951974,Daylight,585890,206070,73.74102002,E01021889,1,2,0,1,Dry,Single carriageway,None,30,17:15:00,Urban,Fine no high winds,No,16 - 20,12,Urban area,4,1799,None,None,Other/Not known (2005-10),Mid Junction - on roundabout or on main road,MERCEDES,C180 SPORT,Petrol,Male,None,No tow/articulation,Did not leave carriageway,0,Going ahead other,1,Car,No,Front,2021
201050GA2A027,B,3274,C,298,Slight,None,08-12-2020,Saturday,2,Give way or uncontrolled,T or staggered junction,18.55563878,Daylight,199230,58590,73.76288604,E01019053,2,2,0,0,Wet or damp,Single carriageway,None,30,11:40:00,Rural,Fine no high winds,No,16 - 20,12,Rural,4,1998,None,None,Other/Not known (2005-10),Approaching junction or waiting/parked at junction approach,PEUGEOT,306 XSI,Petrol,Male,None,No tow/articulation,Did not leave carriageway,0,Waiting to go - held up,1,Car,No,Offside,2021
201043R001080,A,329,B,3430,Slight,None,29-09-2021,Sunday,1,Give way or uncontrolled,Roundabout,18.55579393,Daylight,489150,168930,73.93372652,E01016222,2,2,0,0,Dry,Roundabout,None,40,19:31:00,Urban,Fine no high winds,No,16 - 20,12,Urban area,10,1970,None,None,Other/Not known (2005-10),Entering roundabout,ALFA ROMEO,145 CLOVERLEAF,Petrol,Male,None,No tow/articulation,Did not leave carriageway,0,Moving off,1,Car,No,Front,2021
201037B045077,Unclassified,8351,Unclassified,8348,Slight,None,29-06-2020,Sunday,2,Give way or uncontrolled,T or staggered junction,18.57671058,Daylight,590770,243390,73.93544977,E01029922,4,2,0,0,Dry,Single carriageway,None,30,13:30:00,Rural,Fine no high winds,No,16 - 20,12,Rural,7,1396,None,None,Other/Not known (2005-10),Approaching junction or waiting/parked at junction approach,HONDA,CIVIC ILLUSION,Petrol,Male,None,No tow/articulation,Did not leave carriageway,0,Waiting to go - held up,1,Car,No,Front,2021
201045WA53505,Unclassified,5317,Unclassified,5317,Slight,None,06-03-2019,Saturday,1,Give way or uncontrolled,T or staggered junction,18.56567077,Daylight,483430,145490,73.74027938,E01030889,1,1,0,0,Dry,Single carriageway,None,30,13:14:00,Urban,Fine no high winds,No,16 - 20,12,Urban area,6,1124,None,None,Other/Not known (2005-10),Cleared junction or waiting/parked at junction exit,CITROEN,SAXO X,Petrol,Male,None,No tow/articulation,Did not leave carriageway,0,Going ahead other,1,Car,No,Front,2021
201050EC2A034,Unclassified,0,Unclassified,0,Slight,None,12-06-2019,Sunday,1,Give way or uncontrolled,T or staggered junction,18.58339552,Daylight,248960,54940,73.94829065,E01015178,1,3,0,0,Wet or damp,Single carriageway,None,30,15:47:00,Urban,Fine no high winds,No,16 - 20,12,Data missing or out of range,NA,1389,None,None,Other/Not known (2005-10),Mid Junction - on roundabout or on main road,VAUXHALL,CORSA LS 1.4I,Petrol,Male,None,No tow/articulation,Did not leave carriageway,0,Moving off,1,Car,No,Front,2021
201043R138090,B,3024,Unclassified,7409,Slight,None,02-11-2020,Friday,1,Give way or uncontrolled,T or staggered junction,18.49677048,Daylight,494440,176310,73.83622082,E01016555,1,2,0,0,Dry,Single carriageway,None,30,18:00:00,Urban,Fine no high winds,No,16 - 20,12,Urban area,7,124,None,None,Other/Not known (2005-10),Mid Junction - on roundabout or on main road,SUZUKI,GZ 125 W,Petrol,Male,None,No tow/articulation,Did not leave carriageway,0,Going ahead other,2,Motorcycle over 125cc and up to 500cc,No,Did not impact,2021
201045EL49407,A,307,NA,0,Slight,None,12-06-2021,Wednesday,2,Data missing or out of range,Not at junction or within 20 metres,18.58372006,Daylight,513480,164000,73.84437199,E01030309,2,2,0,0,Dry,Single carriageway,None,50,16:00:00,Urban,Fine no high winds,No,16 - 20,12,Urban area,10,1195,None,None,Other/Not known (2005-10),Not at or within 20 metres of junction,VAUXHALL,CORSA LS 1.2I,Petrol,Male,None,No tow/articulation,Did not leave carriageway,0,Going ahead other,2,Car,No,Front,2021