Accident_Index,1st_Road_Class,1st_Road_Number,2nd_Road_Class,2nd_Road_Number,Accident_Severity,Carriageway_Hazards,Date,Day_of_Week,Did_Police_Officer_Attend_Scene_of_Accident,Junction_Control,Junction_Detail,Latitude,Light_Conditions,Location_Easting_OSGR,Location_Northing_OSGR,Longitude,LSOA_of_Accident_Location,Number_of_Casualties,Number_of_Vehicles,Pedestrian_Crossing-Human_Control,Pedestrian_Crossing-Physical_Facilities,Road_Surface_Conditions,Road_Type,Special_Conditions_at_Site,Speed_limit,Time,Urban_or_Rural_Area,Weather_Conditions,InScotland,Age_Band_of_Driver,Age_of_Vehicle,Driver_Home_Area_Type,Driver_IMD_Decile,Engine_Capacity_.CC.,Hit_Object_in_Carriageway,Hit_Object_off_Carriageway,Journey_Purpose_of_Driver,Junction_Location,make,model,Propulsion_Code,Sex_of_Driver,Skidding_and_Overturning,Towing_and_Articulation,Vehicle_Leaving_Carriageway,Vehicle_Location.Restricted_Lane,Vehicle_Manoeuvre,Vehicle_Reference,Vehicle_Type,Was_Vehicle_Left_Hand_Drive,X1st_Point_of_Impact,Year
201050EC2D043,A,394,Unclassified,0,Slight,None,20-10-2010,Wednesday,1,Give way or uncontrolled,Slip road,50.369562,Daylight,246600,54420,-4.158484,E01015155,1,1,0,4,Dry,Single carriageway,None,30,08:45:00,Urban,Fine no high winds,No,16 - 20,12,Urban area,1,1124,None,None,Journey as part of work,Entering from slip road,CITROEN,SAXO SX,Petrol,Male,None,No tow/articulation,Did not leave carriageway,0,Turning right,1,Car,No,Nearside,2010
201050FP2I003,Unclassified,0,Unclassified,0,Slight,None,11-05-2010,Tuesday,1,Give way or uncontrolled,T or staggered junction,50.410884,Daylight,288800,57960,-3.566397,E01015198,1,2,0,0,Dry,Single carriageway,None,30,12:40:00,Urban,Fine no high winds,No,16 - 20,12,Urban area,6,1392,None,None,Other/Not known (2005-10),Approaching junction or waiting/parked at junction approach,NISSAN,ALMERA 1.4 GX,Petrol,Male,None,No tow/articulation,Did not leave carriageway,0,Going ahead other,1,Car,No,Front,2010
201050FT2C034,Unclassified,0,NA,0,Slight,None,15-12-2010,Wednesday,1,Data missing or out of range,Not at junction or within 20 metres,50.475511,Daylight,292110,65080,-3.521881,E01015218,1,2,0,0,Wet or damp,Single carriageway,None,30,08:10:00,Urban,Fine no high winds,No,16 - 20,12,Urban area,4,1199,None,None,Journey as part of work,Not at or within 20 metres of junction,VAUXHALL,CORSA BREEZE 16V,Petrol,Male,None,No tow/articulation,Did not leave carriageway,0,Going ahead left-hand bend,1,Car,No,Front,2010
201050FT2J028,Unclassified,0,NA,0,Slight,None,22-06-2010,Tuesday,1,Not at junction or within 20 metres,Not at junction or within 20 metres,50.469527,Daylight,291350,64430,-3.532399,E01015255,1,2,0,0,Dry,One way street,None,30,07:05:00,Urban,Fine no high winds,No,16 - 20,12,Urban area,1,1781,None,None,Other/Not known (2005-10),Not at or within 20 metres of junction,SKODA,OCTAVIA SLX,Petrol,Male,None,No tow/articulation,Did not leave carriageway,0,Going ahead other,1,Car,No,Front,2010
201050GA2A027,B,3274,C,298,Slight,None,20-11-2010,Saturday,2,Give way or uncontrolled,T or staggered junction,50.392759,Daylight,199230,58590,-4.826068,E01019053,2,2,0,0,Wet or damp,Single carriageway,None,30,11:40:00,Rural,Fine no high winds,No,16 - 20,12,Rural,4,1998,None,None,Other/Not known (2005-10),Approaching junction or waiting/parked at junction approach,PEUGEOT,306 XSI,Petrol,Male,None,No tow/articulation,Did not leave carriageway,0,Waiting to go - held up,1,Car,No,Offside,2010
201050GA2L003,C,65,NA,0,Slight,None,21-10-2010,Thursday,1,Not at junction or within 20 metres,Not at junction or within 20 metres,50.386292,Daylight,197400,57940,-4.851431,E01019054,1,2,0,0,Dry,Single carriageway,None,30,16:02:00,Rural,Fine no high winds,No,16 - 20,12,Rural,4,1124,None,None,Other/Not known (2005-10),Not at or within 20 metres of junction,CITROEN,SAXO X,Petrol,Male,None,No tow/articulation,Did not leave carriageway,0,Overtaking - nearside,1,Car,No,Front,2010
201050GR2D007,B,3285,NA,0,Slight,None,06-08-2010,Friday,1,Not at junction or within 20 metres,Not at junction or within 20 metres,50.349475,Daylight,177290,54650,-5.13195,E01018833,1,2,0,0,Dry,Single carriageway,None,30,17:30:00,Rural,Fine no high winds,No,16 - 20,12,Urban area,8,1124,None,None,Other/Not known (2005-10),Not at or within 20 metres of junction,PEUGEOT,106 XN ZEST 2,Petrol,Male,Skidded,No tow/articulation,Did not leave carriageway,0,Going ahead other,1,Car,No,Front,2010
201050JH2B002,Unclassified,0,NA,0,Slight,None,23-07-2010,Friday,1,Not at junction or within 20 metres,Not at junction or within 20 metres,50.366174,Daylight,284910,53070,-3.619623,E01020188,3,2,0,0,Dry,Single carriageway,None,60,17:10:00,Rural,Fine no high winds,No,16 - 20,12,Small town,6,1360,None,None,Journey as part of work,Not at or within 20 metres of junction,CITROEN,SAXO WEST COAST,Petrol,Male,None,No tow/articulation,Did not leave carriageway,0,Going ahead other,1,Car,No,Front,2010
201050JT2D001,B,3362,NA,0,Slight,None,01-04-2010,Thursday,1,Not at junction or within 20 metres,Not at junction or within 20 metres,50.54134,Daylight,244370,73600,-4.197794,E01020331,1,1,0,0,Frost or ice,Single carriageway,None,30,08:26:00,Rural,Fine no high winds,No,16 - 20,12,Rural,4,1149,None,None,Other/Not known (2005-10),Not at or within 20 metres of junction,RENAULT,,Petrol,Male,None,No tow/articulation,Did not leave carriageway,0,Going ahead other,1,Car,No,Nearside,2010
201050KH2G001,Unclassified,0,Unclassified,0,Slight,None,19-05-2010,Wednesday,2,Give way or uncontrolled,T or staggered junction,50.83353,Daylight,314420,104490,-3.216669,E01019902,2,2,0,0,Dry,Single carriageway,None,30,21:06:00,Rural,Fine no high winds,No,16 - 20,12,Data missing or out of range,NA,1124,None,None,Other/Not known (2005-10),Approaching junction or waiting/parked at junction approach,CITROEN,SAXO X,Petrol,Male,None,No tow/articulation,Did not leave carriageway,0,Going ahead right-hand bend,2,Car,No,Front,2010
201050KU2I004,Unclassified,0,NA,0,Slight,None,24-05-2010,Monday,1,Not at junction or within 20 metres,Not at junction or within 20 metres,50.892577,Daylight,303460,111250,-3.374047,E01020064,1,2,0,0,Dry,Single carriageway,None,30,08:31:00,Rural,Fine no high winds,No,16 - 20,12,Data missing or out of range,NA,1796,None,None,Other/Not known (2005-10),Not at or within 20 metres of junction,VAUXHALL,ASTRA CDX 16V,Petrol,Male,None,No tow/articulation,Did not leave carriageway,0,Parked,2,Car,No,Front,2010
201050KU2S002,Unclassified,0,NA,0,Slight,None,20-02-2010,Saturday,1,Not at junction or within 20 metres,Not at junction or within 20 metres,50.876693,Daylight,302560,109500,-3.386373,E01020059,1,2,0,0,Frost or ice,Single carriageway,None,60,01:33:00,Rural,Fine no high winds,No,16 - 20,12,Small town,6,124,None,None,Other/Not known (2005-10),Not at or within 20 metres of junction,SUZUKI,GN 125 W,Petrol,Male,Skidded and overturned,No tow/articulation,Did not leave carriageway,0,Going ahead right-hand bend,1,Motorcycle over 125cc and up to 500cc,No,Nearside,2010
201054EP27410,A,420,C,180,Slight,None,18-08-2010,Wednesday,1,Give way or uncontrolled,Crossroads,51.469948,Daylight,389600,174570,-2.151136,E01031940,1,1,0,0,Dry,Single carriageway,Oil or diesel,60,18:45:00,Rural,Fine no high winds,No,16 - 20,12,Rural,10,1124,Kerb,Other permanent object,Other/Not known (2005-10),Mid Junction - on roundabout or on main road,PEUGEOT,106 LOOK2,Petrol,Male,Skidded and overturned,No tow/articulation,Nearside,0,Going ahead left-hand bend,1,Car,No,Front,2010
201054EV02710,A,350,NA,0,Slight,None,01-02-2010,Monday,1,Not at junction or within 20 metres,Not at junction or within 20 metres,51.084531,Daylight,388480,131710,-2.165867,E01032010,1,2,0,0,Frost or ice,Single carriageway,None,60,07:04:00,Rural,Fine no high winds,No,16 - 20,12,Urban area,7,1598,None,None,Journey as part of work,Not at or within 20 metres of junction,RENAULT,MEGANE RT 1.6,Petrol,Male,Skidded,No tow/articulation,Did not leave carriageway,0,Going ahead left-hand bend,1,Car,No,Nearside,2010
201054EW10010,Unclassified,0,Unclassified,0,Slight,None,13-04-2010,Tuesday,2,Give way or uncontrolled,T or staggered junction,51.078333,Daylight,411400,131020,-1.838659,E01032040,1,2,0,0,Dry,Single carriageway,None,30,11:15:00,Rural,Fine no high winds,No,16 - 20,12,Rural,7,1390,None,None,Other/Not known (2005-10),Cleared junction or waiting/parked at junction exit,VOLKSWAGEN,POLO 1.4 16V,Petrol,Male,None,No tow/articulation,Did not leave carriageway,0,Waiting to go - held up,1,Car,No,Back,2010
201054EY40710,C,68,NA,0,Slight,None,13-11-2010,Saturday,1,Not at junction or within 20 metres,Not at junction or within 20 metres,51.586353,Daylight,393100,187510,-2.101004,E01031949,1,1,0,0,Wet or damp,Single carriageway,None,30,12:59:00,Rural,Fine no high winds,No,16 - 20,12,Rural,9,1124,None,Other permanent object,Other/Not known (2005-10),Not at or within 20 metres of junction,PEUGEOT,106 LOOK+,Petrol,Male,None,No tow/articulation,Nearside and rebounded,0,Going ahead right-hand bend,1,Car,No,Front,2010
201054EZ19810,A,342,C,60,Slight,None,24-06-2010,Thursday,1,Give way or uncontrolled,T or staggered junction,51.333177,Daylight,403920,159350,-1.945135,E01031883,1,2,0,0,Dry,Single carriageway,None,60,08:15:00,Rural,Fine no high winds,No,16 - 20,12,Rural,7,1360,None,None,Other/Not known (2005-10),Approaching junction or waiting/parked at junction approach,PEUGEOT,306 VERVE,Petrol,Male,None,No tow/articulation,Did not leave carriageway,0,Going ahead other,1,Car,No,Front,2010
2010550C16361,A,35,NA,0,Slight,None,23-04-2010,Friday,2,Not at junction or within 20 metres,Not at junction or within 20 metres,50.724036,Daylight,403570,91610,-1.950808,E01015453,1,1,0,5,Dry,Single carriageway,None,30,15:15:00,Urban,Fine no high winds,No,16 - 20,12,Urban area,9,49,None,None,Other/Not known (2005-10),Not at or within 20 metres of junction,PEUGEOT,SPEEDFIGHT,Petrol,Male,None,No tow/articulation,Did not leave carriageway,0,Going ahead other,1,Motorcycle 50cc and under,No,Front,2010
2010550C19333,A,348,NA,0,Slight,None,13-05-2010,Thursday,1,Not at junction or within 20 metres,Not at junction or within 20 metres,50.76368,Daylight,405450,96020,-1.92411,E01015312,1,2,0,0,Dry,Dual carriageway,None,40,08:00:00,Urban,Fine no high winds,No,16 - 20,12,Urban area,5,1100,None,None,Commuting to/from work,Not at or within 20 metres of junction,HONDA,,Petrol,Male,None,No tow/articulation,Did not leave carriageway,0,Overtaking moving vehicle - offside,2,Motorcycle over 500cc,No,Front,2010
2010550C26291,A,349,A,349,Slight,None,22-06-2010,Tuesday,1,Give way or uncontrolled,Roundabout,50.73223,Daylight,400750,92520,-1.990758,E01015450,2,2,0,8,Dry,Single carriageway,None,50,19:45:00,Rural,Fine no high winds,No,16 - 20,12,Urban area,9,1349,None,None,Other/Not known (2005-10),Entering roundabout,DAEWOO,LANOS S,Petrol,Male,None,No tow/articulation,Did not leave carriageway,0,Moving off,1,Car,No,Front,2010
201060L030273,Unclassified,0,NA,0,Slight,None,21-02-2010,Sunday,1,Data missing or out of range,Not at junction or within 20 metres,53.242856,Daylight,257220,373900,-4.141152,W01000013,2,2,0,0,Dry,Single carriageway,None,60,15:27:00,Rural,Fine no high winds,No,16 - 20,12,Small town,NA,1199,None,None,Other/Not known (2005-10),Not at or within 20 metres of junction,VAUXHALL,CORSA LS 16V,Petrol,Male,Skidded,No tow/articulation,Did not leave carriageway,0,Going ahead other,1,Car,No,Front,2010
201060L054879,Unclassified,0,NA,0,Slight,None,01-04-2010,Thursday,2,Data missing or out of range,Not at junction or within 20 metres,53.334452,Daylight,306580,382870,-3.404396,W01000213,1,2,0,4,Wet or damp,Single carriageway,None,30,12:15:00,Urban,Fine no high winds,No,16 - 20,12,Urban area,NA,1242,None,None,Other/Not known (2005-10),Not at or within 20 metres of junction,FIAT,PUNTO SX 60,Petrol,Male,None,No tow/articulation,Did not leave carriageway,0,Waiting to go - held up,2,Car,No,Back,2010
201060L072867,A,5151,NA,0,Slight,None,28-04-2010,Wednesday,1,Data missing or out of range,Not at junction or within 20 metres,53.307272,Daylight,307880,379820,-3.383993,W01000338,1,1,0,0,Dry,Single carriageway,None,60,07:15:00,Rural,Fine no high winds,No,16 - 20,12,Urban area,NA,1124,None,Other permanent object,Other/Not known (2005-10),Not at or within 20 metres of junction,CITROEN,SAXO X,Petrol,Male,Skidded and overturned,No tow/articulation,Nearside,0,Going ahead left-hand bend,1,Car,No,Front,2010
201001JC30280,A,112,A,1009,Slight,None,01-05-2010,Saturday,1,Auto traffic signal,Crossroads,51.616953,Daylight,537350,192770,-0.017514,E01004417,1,2,0,5,Dry,Single carriageway,None,30,14:21:00,Urban,Fine no high winds,No,16 - 20,12,Urban area,2,124,None,None,Other/Not known (2005-10),Mid Junction - on roundabout or on main road,PIAGGIO,TYPHOON 125,Petrol,Male,None,No tow/articulation,Did not leave carriageway,0,Waiting to go - held up,1,Motorcycle over 125cc and up to 500cc,No,Back,2010
201001JI40444,C,0,NA,0,Slight,None,09-07-2010,Friday,1,Data missing or out of range,Not at junction or within 20 metres,51.59842,Daylight,545670,190940,0.101816,E01003640,1,2,0,0,Dry,Single carriageway,None,30,20:39:00,Rural,Fine no high winds,No,16 - 20,12,Urban area,5,1753,None,None,Other/Not known (2005-10),Not at or within 20 metres of junction,FORD,FIESTA LX DIESEL,Heavy oil,Male,None,No tow/articulation,Did not leave carriageway,0,Turning left,1,Car,No,Front,2010
201001LX50309,A,204,NA,0,Slight,None,18-04-2010,Sunday,1,Data missing or out of range,Not at junction or within 20 metres,51.442394,Daylight,531480,173190,-0.109554,E01003174,1,2,0,0,Dry,Single carriageway,None,30,12:30:00,Urban,Fine no high winds,No,16 - 20,12,Urban area,4,1390,None,None,Other/Not known (2005-10),Not at or within 20 metres of junction,VOLKSWAGEN,POLO 1.4 L,Petrol,Male,None,No tow/articulation,Did not leave carriageway,0,Going ahead other,2,Car,No,Front,2010
201001LX50770,Unclassified,0,B,272,Slight,Pedestrian in carriageway - not injured,05-09-2010,Sunday,1,Auto traffic signal,Crossroads,51.417376,Daylight,529680,170360,-0.136475,E01003146,1,1,0,5,Dry,Single carriageway,None,30,10:45:00,Urban,Fine no high winds,No,16 - 20,12,Urban area,4,1998,None,None,Other/Not known (2005-10),Leaving main road,TOYOTA,RAV 4 VX AUTO,Petrol,Male,None,No tow/articulation,Did not leave carriageway,0,Turning left,1,Car,No,Front,2010
201001MM70943,A,202,Unclassified,0,Slight,None,22-10-2010,Friday,1,Give way or uncontrolled,T or staggered junction,51.474341,Daylight,532450,176770,-0.094265,E01003921,1,1,0,0,Dry,Single carriageway,None,30,15:35:00,Urban,Fine no high winds,No,16 - 20,12,Urban area,2,100,None,None,Commuting to/from work,Cleared junction or waiting/parked at junction exit,PEUGEOT,SPEEDFIGHT 100,Petrol,Male,None,No tow/articulation,Did not leave carriageway,0,Going ahead other,1,Motorcycle 125cc and under,No,Front,2010
201001PL60649,B,218,Unclassified,0,Slight,None,27-09-2010,Monday,1,Give way or uncontrolled,T or staggered junction,51.450162,Daylight,536260,174180,-0.040437,E01003226,1,2,0,0,Wet or damp,Single carriageway,None,30,18:35:00,Urban,Fine no high winds,No,16 - 20,12,Urban area,4,1598,None,None,Other/Not known (2005-10),Entering main road,RENAULT,MEGANE RT 1.6,Petrol,Male,None,No tow/articulation,Did not leave carriageway,0,Turning right,1,Car,No,Front,2010
201001PY20225,A,223,Unclassified,0,Slight,None,10-04-2010,Saturday,1,Give way or uncontrolled,T or staggered junction,51.37881,Daylight,546370,166520,0.101797,E01000790,1,1,0,1,Dry,Single carriageway,None,30,18:42:00,Urban,Fine no high winds,No,16 - 20,12,Urban area,7,973,None,None,Other/Not known (2005-10),Cleared junction or waiting/parked at junction exit,VAUXHALL,CORSA BREEZE 12V,Petrol,Male,None,No tow/articulation,Did not leave carriageway,0,Turning right,1,Car,No,Front,2010
201001QA10209,C,0,NA,0,Slight,None,15-06-2010,Tuesday,1,Data missing or out of range,Not at junction or within 20 metres,51.595597,Daylight,518180,189910,-0.295228,E01002202,1,3,0,1,Dry,Single carriageway,None,30,19:00:00,Urban,Fine no high winds,No,16 - 20,12,Urban area,4,2496,None,None,Other/Not known (2005-10),Not at or within 20 metres of junction,FORD,TRANSIT 80 SWB,Heavy oil,Male,None,No tow/articulation,Did not leave carriageway,0,Waiting to go - held up,1,Van / Goods 3.5 tonnes mgw or under,No,Back,2010
201001SX20925,A,41,Unclassified,0,Slight,None,08-09-2010,Wednesday,1,Give way or uncontrolled,T or staggered junction,51.621467,Daylight,520790,192850,-0.256553,E01000231,2,2,0,0,Dry,Dual carriageway,None,50,15:45:00,Urban,Fine no high winds,No,16 - 20,12,Urban area,3,1597,None,None,Other/Not known (2005-10),Mid Junction - on roundabout or on main road,MITSUBISHI,COLT GLX,Petrol,Male,None,No tow/articulation,Did not leave carriageway,0,Turning left,1,Car,No,Offside,2010
201001XD80440,B,455,NA,0,Slight,None,13-06-2010,Sunday,1,Data missing or out of range,Not at junction or within 20 metres,51.529197,Daylight,513710,182420,-0.362154,E01001259,1,3,0,0,Dry,Single carriageway,None,30,07:00:00,Urban,Fine no high winds,No,16 - 20,12,Urban area,5,1124,Parked vehicle,Other permanent object,Other/Not known (2005-10),Not at or within 20 metres of junction,PEUGEOT,106 XN ZEST 2,Petrol,Male,Skidded,No tow/articulation,Offside,0,Going ahead left-hand bend,1,Car,No,Front,2010
201001XD80671,C,0,NA,0,Slight,None,14-07-2010,Wednesday,1,Data missing or out of range,Not at junction or within 20 metres,51.550057,Daylight,508180,184620,-0.441167,E01002452,1,2,0,0,Dry,Single carriageway,None,40,18:00:00,Urban,Fine no high winds,No,16 - 20,12,Urban area,5,1299,None,None,Other/Not known (2005-10),Not at or within 20 metres of junction,FORD,KA,Petrol,Male,None,No tow/articulation,Did not leave carriageway,0,Slowing or stopping,2,Car,No,Front,2010
201001ZT80132,A,232,Unclassified,0,Slight,None,10-05-2010,Monday,1,Give way or uncontrolled,T or staggered junction,51.362717,Daylight,526570,164200,-0.183369,E01004139,1,2,0,0,Dry,Single carriageway,None,30,08:18:00,Urban,Fine no high winds,No,16 - 20,12,Urban area,8,1896,None,None,Other/Not known (2005-10),Mid Junction - on roundabout or on main road,VOLKSWAGEN,POLO CL DIESEL,Heavy oil,Male,None,No tow/articulation,Did not leave carriageway,0,Turning right,1,Car,No,Offside,2010
201001ZT80227,A,232,A,217,Slight,None,10-07-2010,Saturday,1,Auto traffic signal,Crossroads,51.358676,Daylight,524520,163700,-0.212975,E01004157,1,2,0,5,Dry,Single carriageway,None,30,18:40:00,Urban,Fine no high winds,No,16 - 20,12,Urban area,8,1896,None,None,Other/Not known (2005-10),Mid Junction - on roundabout or on main road,VOLKSWAGEN,POLO CL DIESEL,Heavy oil,Male,Skidded and overturned,No tow/articulation,Did not leave carriageway,0,Turning right,1,Car,No,Nearside,2010
201004AL10044,B,5260,NA,0,Slight,None,27-02-2010,Saturday,1,Data missing or out of range,Not at junction or within 20 metres,53.808206,Daylight,338740,435060,-2.931778,E01025027,1,2,0,0,Dry,Single carriageway,None,60,12:40:00,Rural,Fine no high winds,No,16 - 20,12,Small town,10,1124,None,None,Other/Not known (2005-10),Not at or within 20 metres of junction,CITROEN,SAXO X,Petrol,Male,None,No tow/articulation,Did not leave carriageway,0,Going ahead left-hand bend,1,Car,No,Offside,2010
201004BA10047,A,588,NA,0,Slight,None,13-04-2010,Tuesday,1,Data missing or out of range,Not at junction or within 20 metres,53.9556,Daylight,344390,451390,-2.848956,E01025107,2,3,0,0,Dry,Single carriageway,None,50,17:33:00,Rural,Fine no high winds,No,16 - 20,12,Rural,7,1900,None,None,Journey as part of work,Not at or within 20 metres of junction,VOLKSWAGEN,GOLF GT TDI,Heavy oil,Male,None,No tow/articulation,Did not leave carriageway,0,Slowing or stopping,2,Car,No,Back,2010
201004BA10205,A,6,A,6,Slight,None,08-12-2010,Wednesday,1,Give way or uncontrolled,T or staggered junction,54.051032,Daylight,347740,461970,-2.799731,E01025093,1,2,0,1,Frost or ice,One way street,None,30,17:30:00,Urban,Fine no high winds,No,16 - 20,12,Data missing or out of range,NA,1761,None,None,Commuting to/from work,Approaching junction or waiting/parked at junction approach,PEUGEOT,406 SX,Petrol,Male,None,No tow/articulation,Did not leave carriageway,0,Moving off,2,Car,No,Back,2010
201004BA10207,A,6,Unclassified,0,Slight,None,15-12-2010,Wednesday,1,Give way or uncontrolled,Other junction,54.012325,Daylight,348010,457660,-2.794868,E01025105,1,1,0,0,Wet or damp,Dual carriageway,None,50,07:37:00,Rural,Fine no high winds,No,16 - 20,12,Urban area,9,1124,None,Lamp post,Journey as part of work,Mid Junction - on roundabout or on main road,PEUGEOT,106 LOOK2,Petrol,Male,Skidded,No tow/articulation,Nearside,0,Going ahead other,1,Car,No,Offside,2010
201004BB10009,B,5321,Unclassified,0,Slight,None,19-01-2010,Tuesday,1,Give way or uncontrolled,Mini-roundabout,54.066639,Daylight,345720,463730,-2.830897,E01025164,1,2,0,8,Dry,Single carriageway,None,30,13:00:00,Urban,Fine no high winds,No,16 - 20,12,Urban area,5,1587,None,None,Other/Not known (2005-10),Mid Junction - on roundabout or on main road,CITROEN,SAXO VTR,Petrol,Male,None,No tow/articulation,Nearside,0,Going ahead other,1,Car,No,Front,2010
201004BB10061,Unclassified,0,Unclassified,0,Slight,Pedestrian in carriageway - not injured,29-04-2010,Thursday,1,Give way or uncontrolled,Other junction,54.070149,Daylight,344090,464140,-2.855876,E01025138,1,1,0,0,Dry,Single carriageway,None,30,20:10:00,Urban,Fine no high winds,No,16 - 20,12,Urban area,8,998,None,Lamp post,Other/Not known (2005-10),Approaching junction or waiting/parked at junction approach,NISSAN,MICRA PASSION,Petrol,Male,None,No tow/articulation,Offside,0,Going ahead other,1,Car,No,Front,2010
201004BB10203,Unclassified,0,Unclassified,0,Slight,None,18-11-2010,Thursday,1,Give way or uncontrolled,Crossroads,54.061568,Daylight,342870,463200,-2.87434,E01025113,2,2,0,0,Wet or damp,Single carriageway,None,30,13:14:00,Urban,Fine no high winds,No,16 - 20,12,Urban area,6,1389,None,None,Other/Not known (2005-10),Mid Junction - on roundabout or on main road,VAUXHALL,CORSA BREEZE HI-TORQ,Petrol,Male,Skidded,No tow/articulation,Did not leave carriageway,0,Slowing or stopping,1,Car,No,Front,2010
201004BC10048,B,5268,Unclassified,0,Slight,None,04-03-2010,Thursday,1,Auto traffic signal,More than 4 arms (not roundabout),53.904644,Daylight,332320,445880,-3.031645,E01025580,1,2,1,0,Dry,Single carriageway,None,30,08:15:00,Urban,Fine no high winds,No,16 - 20,12,Data missing or out of range,NA,49,None,None,Pupil riding to/from school,Approaching junction or waiting/parked at junction approach,HONDA,X8R,Petrol,Male,None,No tow/articulation,Did not leave carriageway,0,Going ahead other,1,Motorcycle 50cc and under,No,Front,2010
201004CK10081,A,59,NA,0,Slight,None,17-05-2010,Monday,1,Data missing or out of range,Not at junction or within 20 metres,53.580512,Daylight,342250,409680,-2.873746,E01025517,1,2,0,0,Dry,Single carriageway,None,60,13:05:00,Rural,Fine no high winds,No,16 - 20,12,Rural,8,2499,None,None,Journey as part of work,Not at or within 20 metres of junction,JEEP,CHEROKEE TD SPORT,Heavy oil,Male,None,No tow/articulation,Did not leave carriageway,0,Turning right,2,Car,No,Offside,2010
201004CM10133,A,582,NA,0,Slight,None,29-08-2010,Sunday,1,Data missing or out of range,Not at junction or within 20 metres,53.740421,Daylight,352250,427360,-2.725442,E01025408,1,2,0,0,Dry,Dual carriageway,None,70,11:36:00,Rural,Fine no high winds,No,16 - 20,12,Urban area,8,1905,Bollard or refuge,Lamp post,Other/Not known (2005-10),Not at or within 20 metres of junction,PEUGEOT,306 LX DT,Heavy oil,Male,Overturned,No tow/articulation,Offside - crossed central reservation,0,Going ahead other,2,Car,No,Front,2010
201004FG10005,Unclassified,0,Unclassified,0,Slight,None,13-01-2010,Wednesday,1,Give way or uncontrolled,T or staggered junction,53.83501,Daylight,386290,437660,-2.209816,E01025188,2,2,0,0,Frost or ice,Single carriageway,None,30,13:00:00,Urban,Fine no high winds,No,16 - 20,12,Urban area,1,1242,None,None,Other/Not known (2005-10),Approaching junction or waiting/parked at junction approach,FIAT,PUNTO ELX 85 16V,Petrol,Male,Skidded,No tow/articulation,Did not leave carriageway,0,Moving off,1,Car,No,Nearside,2010
201005AA05039,Unclassified,0,Unclassified,0,Slight,None,31-08-2010,Tuesday,1,Give way or uncontrolled,T or staggered junction,53.401704,Daylight,330010,389950,-3.054184,E01007122,1,2,0,0,Dry,Single carriageway,None,40,19:47:00,Urban,Fine no high winds,No,16 - 20,12,Data missing or out of range,NA,1870,None,None,Other/Not known (2005-10),Approaching junction or waiting/parked at junction approach,RENAULT,MEGANE SCENIC MONACO DTI,Heavy oil,Male,None,No tow/articulation,Did not leave carriageway,0,Going ahead other,1,Car,No,Offside,2010
201005BB04412,A,5267,Unclassified,0,Slight,None,24-07-2010,Saturday,1,Give way or uncontrolled,Private drive or entrance,53.623102,Daylight,333120,414540,-3.01267,E01006928,1,2,0,0,Dry,Single carriageway,None,30,12:30:00,Urban,Fine no high winds,No,16 - 20,12,Urban area,5,1124,None,None,Other/Not known (2005-10),Mid Junction - on roundabout or on main road,CITROEN,SAXO X,Petrol,Male,None,No tow/articulation,Did not leave carriageway,0,Going ahead other,1,Car,No,Front,2010
201005BB06802,B,5244,NA,0,Slight,None,28-11-2010,Sunday,1,Data missing or out of range,Not at junction or within 20 metres,53.66194,Daylight,336840,418810,-2.957303,E01007031,2,1,0,0,Wet or damp,Single carriageway,None,30,09:30:00,Urban,Fine no high winds,No,16 - 20,12,Urban area,5,1389,None,Other permanent object,Other/Not known (2005-10),Not at or within 20 metres of junction,VAUXHALL,CORSA BREEZE HI-TORQ,Petrol,Male,Skidded and overturned,No tow/articulation,Nearside,0,Overtaking moving vehicle - offside,1,Car,No,Did not impact,2010
201005DD04769,Motorway,6,NA,0,Slight,None,15-08-2010,Sunday,1,Data missing or out of range,Not at junction or within 20 metres,53.447491,Daylight,360710,394690,-2.593058,E01006859,1,2,0,0,Dry,Dual carriageway,None,30,10:30:00,Rural,Fine no high winds,No,16 - 20,12,Data missing or out of range,NA,1598,None,None,Journey as part of work,Not at or within 20 metres of junction,VAUXHALL,ASTRA LS 8V,Petrol,Male,Skidded,No tow/articulation,Did not leave carriageway,0,Going ahead other,1,Car,No,Front,2010
201006B028962,A(M),57,NA,0,Slight,None,12-03-2010,Friday,1,Data missing or out of range,Not at junction or within 20 metres,53.473006,Daylight,384660,397390,-2.232584,E01005066,3,3,0,0,Dry,Dual carriageway,None,50,13:20:00,Urban,Fine no high winds,No,16 - 20,12,Urban area,1,1390,None,None,Other/Not known (2005-10),Not at or within 20 metres of junction,VOLKSWAGEN,POLO 1.4 CL,Petrol,Male,None,No tow/articulation,Did not leave carriageway,0,Slowing or stopping,2,Car,No,Back,2010
201006B037072,A,57,A,6010,Slight,None,09-09-2010,Thursday,1,Auto traffic signal,Crossroads,53.465341,Daylight,387070,396530,-2.196239,E01005067,4,2,0,5,Dry,Dual carriageway,None,30,15:40:00,Urban,Fine no high winds,No,16 - 20,12,Urban area,2,1390,None,None,Other/Not known (2005-10),Mid Junction - on roundabout or on main road,VOLKSWAGEN,POLO 1.4 L,Petrol,Male,Skidded,No tow/articulation,Nearside,0,Going ahead other,2,Car,No,Front,2010
201006K037165,C,0,Unclassified,0,Slight,None,06-10-2010,Wednesday,1,Give way or uncontrolled,T or staggered junction,53.595979,Daylight,371940,411130,-2.425453,E01004824,2,2,0,0,Dry,Dual carriageway,None,30,15:10:00,Rural,Fine no high winds,No,16 - 20,12,Urban area,1,1396,None,None,Other/Not known (2005-10),Approaching junction or waiting/parked at junction approach,HONDA,CIVIC 1.4I SE,Petrol,Male,None,No tow/articulation,Did not leave carriageway,0,Turning right,1,Car,No,Offside,2010