Accident_Index,1st_Road_Class,1st_Road_Number,2nd_Road_Class,2nd_Road_Number,Accident_Severity,Carriageway_Hazards,Date,Day_of_Week,Did_Police_Officer_Attend_Scene_of_Accident,Junction_Control,Junction_Detail,Latitude,Light_Conditions,Location_Easting_OSGR,Location_Northing_OSGR,Longitude,LSOA_of_Accident_Location,Number_of_Casualties,Number_of_Vehicles,Pedestrian_Crossing-Human_Control,Pedestrian_Crossing-Physical_Facilities,Road_Surface_Conditions,Road_Type,Special_Conditions_at_Site,Speed_limit,Time,Urban_or_Rural_Area,Weather_Conditions,InScotland,Age_Band_of_Driver,Age_of_Vehicle,Driver_Home_Area_Type,Driver_IMD_Decile,Engine_Capacity_.CC.,Hit_Object_in_Carriageway,Hit_Object_off_Carriageway,Journey_Purpose_of_Driver,Junction_Location,make,model,Propulsion_Code,Sex_of_Driver,Skidding_and_Overturning,Towing_and_Articulation,Vehicle_Leaving_Carriageway,Vehicle_Location.Restricted_Lane,Vehicle_Manoeuvre,Vehicle_Reference,Vehicle_Type,Was_Vehicle_Left_Hand_Drive,X1st_Point_of_Impact,Year
201006L030988,A,577,Unclassified,0,Slight,None,02-05-2010,Sunday,1,Give way or uncontrolled,Crossroads,53.544361,Daylight,359240,405480,-2.616596,E01006306,2,3,0,0,Dry,Single carriageway,None,30,12:46:00,Urban,Fine no high winds,No,16 - 20,12,Urban area,1,49,None,None,Other/Not known (2005-10),Approaching junction or waiting/parked at junction approach,SUZUKI,AY 50 WV,Petrol,Male,None,No tow/articulation,Did not leave carriageway,0,Going ahead other,2,Motorcycle 50cc and under,No,Front,2010
201006M030823,B,5158,Unclassified,0,Slight,None,24-04-2010,Saturday,1,Give way or uncontrolled,T or staggered junction,53.442952,Daylight,374560,394090,-2.384478,E01006132,1,2,0,0,Dry,Single carriageway,None,30,07:30:00,Urban,Fine no high winds,No,16 - 20,12,Urban area,4,1120,None,None,Other/Not known (2005-10),Approaching junction or waiting/parked at junction approach,ROVER,211I,Petrol,Male,Skidded,No tow/articulation,Did not leave carriageway,0,Going ahead other,1,Car,No,Front,2010
201006M039836,C,0,NA,0,Slight,None,29-11-2010,Monday,1,Data missing or out of range,Not at junction or within 20 metres,53.450747,Daylight,374060,394960,-2.392077,E01006130,2,2,0,0,Dry,Single carriageway,None,30,12:30:00,Urban,Fine no high winds,No,16 - 20,12,Urban area,9,973,None,None,Journey as part of work,Not at or within 20 metres of junction,VAUXHALL,CORSA BREEZE 12V,Petrol,Male,None,No tow/articulation,Did not leave carriageway,0,Waiting to go - held up,1,Car,No,Front,2010
201011SJ07600,C,55,NA,0,Slight,None,22-03-2010,Monday,2,Data missing or out of range,Not at junction or within 20 metres,54.537498,Daylight,426770,515880,-1.587772,E01012313,1,1,0,0,Wet or damp,Single carriageway,None,30,16:10:00,Urban,Fine no high winds,No,16 - 20,12,Urban area,8,1389,None,Tree,Other/Not known (2005-10),Not at or within 20 metres of junction,VAUXHALL,CORSA BREEZE HI-TORQ,Petrol,Male,Skidded,No tow/articulation,Nearside,0,Going ahead other,1,Car,No,Front,2010
201014A098210,Unclassified,0,NA,0,Slight,None,22-06-2010,Tuesday,1,Not at junction or within 20 metres,Not at junction or within 20 metres,53.48015,Daylight,454300,398470,-1.183251,E01007548,1,1,0,0,Dry,Single carriageway,None,30,15:45:00,Urban,Fine no high winds,No,16 - 20,12,Urban area,2,1242,None,None,Other/Not known (2005-10),Not at or within 20 metres of junction,FIAT,PUNTO 60 TEAM,Petrol,Male,Skidded,No tow/articulation,Did not leave carriageway,0,Going ahead other,1,Car,No,Front,2010
201014A183010,A,18,A,18,Slight,None,13-11-2010,Saturday,1,Give way or uncontrolled,Roundabout,53.543545,Daylight,460590,405600,-1.087107,E01007656,3,2,0,0,Dry,Roundabout,None,40,14:13:00,Urban,Fine no high winds,No,16 - 20,12,Small town,2,1390,None,None,Other/Not known (2005-10),Leaving roundabout,VOLKSWAGEN,POLO 1.4 CL,Petrol,Male,None,No tow/articulation,Offside and rebounded,0,Turning right,2,Car,No,Nearside,2010
201014B054010,C,561,Unclassified,0,Slight,None,21-05-2010,Friday,1,Give way or uncontrolled,T or staggered junction,53.568661,Daylight,439350,408170,-1.407295,E01007347,2,2,0,0,Dry,Single carriageway,None,30,12:00:00,Urban,Fine no high winds,No,16 - 20,12,Urban area,5,125,None,None,Other/Not known (2005-10),Cleared junction or waiting/parked at junction exit,APRILIA,,Petrol,Male,None,No tow/articulation,Did not leave carriageway,0,Going ahead other,2,Motorcycle 125cc and under,No,Offside,2010
201014C021010,A,618,Unclassified,0,Slight,None,19-02-2010,Friday,1,Give way or uncontrolled,T or staggered junction,53.404378,Daylight,444750,389940,-1.328354,E01007814,2,2,0,0,Dry,Single carriageway,None,40,14:40:00,Urban,Fine no high winds,No,16 - 20,12,Urban area,1,1390,None,None,Other/Not known (2005-10),Entering main road,VOLKSWAGEN,POLO 1.4 CL,Petrol,Male,None,No tow/articulation,Did not leave carriageway,0,Turning right,1,Car,No,Offside,2010
201014C042610,Unclassified,0,Unclassified,0,Slight,None,14-04-2010,Wednesday,1,Give way or uncontrolled,T or staggered junction,53.450533,Daylight,442000,395050,-1.369036,E01007729,1,1,0,0,Dry,Single carriageway,None,30,19:01:00,Urban,Fine no high winds,No,16 - 20,12,Urban area,2,1795,None,None,Other/Not known (2005-10),Mid Junction - on roundabout or on main road,LAND ROVER,FREELANDER XEI S-WAGON,Petrol,Male,None,No tow/articulation,Did not leave carriageway,0,Going ahead other,1,Car,No,Front,2010
201014K164510,Unclassified,0,Unclassified,0,Slight,None,16-04-2010,Friday,1,Give way or uncontrolled,T or staggered junction,53.350162,Daylight,440500,383870,-1.393054,E01007838,1,2,0,0,Dry,Single carriageway,None,30,19:00:00,Urban,Fine no high winds,No,16 - 20,12,Small town,6,1124,None,None,Other/Not known (2005-10),Approaching junction or waiting/parked at junction approach,PEUGEOT,106 LOOK2,Petrol,Male,None,No tow/articulation,Did not leave carriageway,0,Moving off,2,Car,No,Front,2010
201014K166810,A,6101,NA,0,Slight,None,17-06-2010,Thursday,1,Not at junction or within 20 metres,Not at junction or within 20 metres,53.388069,Daylight,431610,388020,-1.526185,E01007961,1,2,0,0,Dry,Single carriageway,None,40,16:54:00,Rural,Fine no high winds,No,16 - 20,12,Urban area,6,1299,None,None,Other/Not known (2005-10),Not at or within 20 metres of junction,FORD,ESCORT ENCORE,Petrol,Male,None,No tow/articulation,Did not leave carriageway,0,Going ahead other,1,Car,No,Front,2010
2010160B02331,Motorway,180,NA,0,Slight,Other object on road,28-06-2010,Monday,1,Data missing or out of range,Not at junction or within 20 metres,53.548868,Daylight,497510,406810,-0.52973,E01013326,2,2,0,0,Dry,Dual carriageway,None,70,07:50:00,Rural,Fine no high winds,No,16 - 20,12,Rural,5,1289,None,None,Other/Not known (2005-10),Not at or within 20 metres of junction,SKODA,FELICIA GLI,Petrol,Male,Skidded,No tow/articulation,Did not leave carriageway,0,Going ahead other,1,Car,No,Front,2010
2010160C03971,Unclassified,0,NA,0,Slight,None,11-07-2010,Sunday,1,Data missing or out of range,Not at junction or within 20 metres,54.093461,Daylight,516910,467870,-0.213878,E01012928,1,1,0,0,Dry,Single carriageway,None,30,15:40:00,Urban,Fine no high winds,No,16 - 20,12,Urban area,2,2496,None,None,Other/Not known (2005-10),Not at or within 20 metres of junction,FORD,TRANSIT 120 SWB,Heavy oil,Male,None,No tow/articulation,Did not leave carriageway,0,Going ahead other,1,Van / Goods 3.5 tonnes mgw or under,No,Nearside,2010
2010170L30330,Unclassified,0,Unclassified,0,Slight,None,22-02-2010,Monday,1,Give way or uncontrolled,T or staggered junction,54.614505,Daylight,460310,524770,-1.067634,E01012102,2,2,0,0,Dry,Single carriageway,None,30,12:00:00,Urban,Fine no high winds,No,16 - 20,12,Urban area,7,1242,None,None,Other/Not known (2005-10),Mid Junction - on roundabout or on main road,FIAT,PUNTO S 60,Petrol,Male,None,No tow/articulation,Did not leave carriageway,0,Going ahead other,2,Car,No,Front,2010
2010170L32320,Unclassified,0,Unclassified,0,Slight,None,20-12-2010,Monday,1,Give way or uncontrolled,Crossroads,54.612646,Daylight,460830,524570,-1.059624,E01012178,1,2,0,0,Snow,Single carriageway,None,30,13:30:00,Urban,Fine no high winds,No,16 - 20,12,Urban area,6,1587,None,Lamp post,Other/Not known (2005-10),Mid Junction - on roundabout or on main road,CITROEN,SAXO VTS,Petrol,Male,None,No tow/articulation,Nearside and rebounded,0,Going ahead other,1,Car,No,Front,2010
2010170M13110,B,1272,C,120,Slight,None,06-12-2010,Monday,1,Auto traffic signal,Crossroads,54.573009,Daylight,449350,520020,-1.238124,E01012068,1,1,0,5,Frost or ice,Single carriageway,None,30,09:35:00,Urban,Fine no high winds,No,16 - 20,12,Urban area,9,999,None,None,Other/Not known (2005-10),Approaching junction or waiting/parked at junction approach,VOLKSWAGEN,POLO 1.0 L,Petrol,Male,None,No tow/articulation,Did not leave carriageway,0,Going ahead other,1,Car,No,Front,2010
2010170S21670,B,1275,NA,0,Slight,None,23-06-2010,Wednesday,2,Data missing or out of range,Not at junction or within 20 metres,54.59399,Daylight,446030,522320,-1.289117,E01012281,2,2,0,1,Dry,Single carriageway,None,30,08:15:00,Urban,Fine no high winds,No,16 - 20,12,Urban area,2,1598,None,None,Commuting to/from work,Not at or within 20 metres of junction,VAUXHALL,ASTRA ENVOY 8V,Petrol,Male,None,No tow/articulation,Did not leave carriageway,0,Going ahead other,1,Car,No,Front,2010
201020H005660,Unclassified,0,NA,0,Slight,None,19-07-2010,Monday,1,Data missing or out of range,Not at junction or within 20 metres,52.647373,Daylight,404370,305520,-1.936854,E01010306,2,2,0,0,Dry,Single carriageway,None,30,15:45:00,Urban,Fine no high winds,No,16 - 20,12,Data missing or out of range,NA,1998,None,None,Other/Not known (2005-10),Not at or within 20 metres of junction,VAUXHALL,VECTRA 2.0 TDI CDX,Heavy oil,Male,Skidded,No tow/articulation,Did not leave carriageway,0,Going ahead left-hand bend,1,Car,No,Front,2010
201020J007910,B,4175,NA,0,Slight,None,28-08-2010,Saturday,1,Data missing or out of range,Not at junction or within 20 metres,52.511921,Daylight,390820,290460,-2.136709,E01009785,2,1,0,0,Dry,Single carriageway,None,30,18:15:00,Urban,Fine no high winds,No,16 - 20,12,Urban area,3,1124,Kerb,Other permanent object,Other/Not known (2005-10),Not at or within 20 metres of junction,PEUGEOT,106 LOOK2,Petrol,Male,None,No tow/articulation,Nearside,0,Overtaking moving vehicle - offside,1,Car,No,Nearside,2010
201020K006680,A,4196,NA,0,Slight,None,19-06-2010,Saturday,1,Data missing or out of range,Not at junction or within 20 metres,52.542835,Daylight,399080,293890,-2.015007,E01010100,2,1,0,8,Dry,Single carriageway,None,30,08:30:00,Urban,Fine no high winds,No,16 - 20,12,Urban area,3,2793,Kerb,Bus stop or bus shelter,Other/Not known (2005-10),Not at or within 20 metres of junction,BMW,528I SE AUTO,Petrol,Male,None,No tow/articulation,Nearside,0,Going ahead left-hand bend,1,Car,No,Nearside,2010
201020T007510,Unclassified,0,NA,0,Slight,None,26-04-2010,Monday,1,Data missing or out of range,Not at junction or within 20 metres,52.460777,Daylight,408820,284770,-1.871626,E01009368,1,1,0,0,Dry,Single carriageway,None,30,17:40:00,Urban,Fine no high winds,No,16 - 20,12,Urban area,1,998,None,None,Other/Not known (2005-10),Not at or within 20 metres of junction,NISSAN,MICRA TWISTER,Petrol,Male,None,No tow/articulation,Did not leave carriageway,0,Going ahead other,1,Car,No,Front,2010
201020Z001960,Motorway,6,NA,0,Slight,None,13-05-2010,Thursday,1,Data missing or out of range,Not at junction or within 20 metres,52.578526,Daylight,399150,297860,-2.013987,E01010367,1,3,0,0,Dry,Dual carriageway,Roadworks,70,17:23:00,Urban,Fine no high winds,No,16 - 20,12,Urban area,2,1799,None,None,Journey as part of work,Not at or within 20 metres of junction,MERCEDES,C180 ELEGANCE AUTO,Petrol,Male,None,No tow/articulation,Did not leave carriageway,0,Slowing or stopping,2,Car,No,Back,2010
201022C004894,B,4636,NA,0,Slight,None,30-09-2010,Thursday,1,Data missing or out of range,Not at junction or within 20 metres,52.19395,Daylight,387160,255100,-2.189276,E01032307,1,2,0,4,Wet or damp,Single carriageway,None,30,07:57:00,Urban,Fine no high winds,No,16 - 20,12,Urban area,5,1389,None,None,Journey as part of work,Not at or within 20 metres of junction,VAUXHALL,CORSA BREEZE HI-TORQ,Petrol,Male,None,No tow/articulation,Did not leave carriageway,0,Going ahead other,1,Car,No,Front,2010
201022D001894,B,4195,NA,0,Slight,None,12-04-2010,Monday,1,Data missing or out of range,Not at junction or within 20 metres,52.362106,Daylight,379500,273830,-2.302482,E01032480,2,1,0,0,Dry,Single carriageway,None,60,16:10:00,Rural,Fine no high winds,No,16 - 20,12,Urban area,3,1124,None,Telegraph or electricity pole,Other/Not known (2005-10),Not at or within 20 metres of junction,PEUGEOT,106 XN ZEST 2,Petrol,Male,Overturned,No tow/articulation,Nearside,0,Going ahead right-hand bend,1,Car,No,Nearside,2010
201022D003570,A,448,Unclassified,0,Slight,None,17-07-2010,Saturday,1,Give way or uncontrolled,T or staggered junction,52.334792,Daylight,396670,270750,-2.050306,E01032158,2,2,0,0,Dry,Single carriageway,None,30,15:02:00,Urban,Fine no high winds,No,16 - 20,12,Small town,6,1242,None,None,Other/Not known (2005-10),Approaching junction or waiting/parked at junction approach,FORD,FIESTA CHICANE,Petrol,Male,None,No tow/articulation,Did not leave carriageway,0,Going ahead other,2,Car,No,Front,2010
201022E000492,A,4110,Unclassified,0,Slight,None,26-01-2010,Tuesday,1,Give way or uncontrolled,T or staggered junction,52.116288,Daylight,347810,246720,-2.76363,E01014006,2,2,0,0,Dry,Single carriageway,None,50,16:28:00,Rural,Fine no high winds,No,16 - 20,12,Urban area,8,998,None,None,Journey as part of work,Mid Junction - on roundabout or on main road,NISSAN,MICRA ALLY,Petrol,Male,Skidded,No tow/articulation,Did not leave carriageway,0,Going ahead other,1,Car,No,Front,2010
201022E002154,A,40,NA,0,Slight,None,25-04-2010,Sunday,1,Data missing or out of range,Not at junction or within 20 metres,51.867476,Daylight,356580,218960,-2.632036,E01014031,4,2,0,0,Dry,Dual carriageway,None,70,17:05:00,Rural,Fine no high winds,No,16 - 20,12,Urban area,1,1124,None,None,Other/Not known (2005-10),Not at or within 20 metres of junction,CITROEN,SAXO X,Petrol,Male,Skidded,No tow/articulation,Did not leave carriageway,0,Going ahead other,1,Car,No,Offside,2010
201022E004601,Unclassified,0,NA,0,Slight,None,11-09-2010,Saturday,2,Data missing or out of range,Not at junction or within 20 metres,52.262534,Daylight,341400,263060,-2.860064,E01014055,3,2,0,0,Wet or damp,Single carriageway,None,60,10:50:00,Rural,Fine no high winds,No,16 - 20,12,Rural,5,1905,None,None,Other/Not known (2005-10),Not at or within 20 metres of junction,PEUGEOT,306 L D,Heavy oil,Male,Skidded,No tow/articulation,Did not leave carriageway,0,Going ahead other,1,Car,No,Nearside,2010
201022F002824,B,5067,NA,0,Slight,None,01-06-2010,Tuesday,2,Data missing or out of range,Not at junction or within 20 metres,52.759131,Daylight,347010,318240,-2.78668,E01028971,1,1,0,0,Wet or damp,Single carriageway,None,60,14:50:00,Rural,Fine no high winds,No,16 - 20,12,Rural,9,1124,None,Tree,Other/Not known (2005-10),Not at or within 20 metres of junction,CITROEN,SAXO X,Petrol,Male,Skidded and overturned,No tow/articulation,Nearside and rebounded,0,Going ahead left-hand bend,1,Car,No,Nearside,2010
201022F002907,B,4380,B,4394,Slight,None,29-05-2010,Saturday,2,Give way or uncontrolled,T or staggered junction,52.675305,Daylight,356530,308820,-2.64437,E01028980,1,2,0,0,Wet or damp,Single carriageway,None,60,13:28:00,Rural,Fine no high winds,No,16 - 20,12,Urban area,6,1341,None,None,Other/Not known (2005-10),Entering main road,HYUNDAI,ACCENT LS,Petrol,Male,None,No tow/articulation,Nearside,0,Moving off,1,Car,No,Front,2010
201022G002351,Unclassified,0,Unclassified,0,Slight,None,07-05-2010,Friday,2,Give way or uncontrolled,T or staggered junction,52.609773,Daylight,368190,301440,-2.471212,E01028839,2,2,0,0,Wet or damp,Single carriageway,None,30,09:10:00,Urban,Fine no high winds,No,16 - 20,12,Urban area,9,1905,None,None,Other/Not known (2005-10),Approaching junction or waiting/parked at junction approach,PEUGEOT,306 D TURBO,Heavy oil,Male,None,No tow/articulation,Did not leave carriageway,0,Going ahead other,1,Car,No,Nearside,2010
201030B000140,Unclassified,0,NA,0,Slight,None,11-05-2010,Tuesday,1,Data missing or out of range,Not at junction or within 20 metres,53.430162,Daylight,404090,392600,-1.939914,E01019768,1,2,0,0,Dry,Single carriageway,None,30,16:00:00,Rural,Fine no high winds,No,16 - 20,12,Urban area,10,1124,None,None,Other/Not known (2005-10),Not at or within 20 metres of junction,CITROEN,SAXO X,Petrol,Male,Skidded,No tow/articulation,Did not leave carriageway,0,Going ahead left-hand bend,2,Car,No,Front,2010
201030B000183,A,53,C,68,Slight,None,30-05-2010,Sunday,1,Give way or uncontrolled,T or staggered junction,53.242925,Daylight,404080,371770,-1.940327,E01019714,2,2,0,0,Dry,Single carriageway,None,30,10:18:00,Rural,Fine no high winds,No,16 - 20,12,Urban area,10,973,None,None,Other/Not known (2005-10),Leaving main road,VAUXHALL,CORSA BREEZE 12V,Petrol,Male,None,No tow/articulation,Did not leave carriageway,0,Turning right,2,Car,No,Front,2010
201030C000175,B,6052,NA,0,Slight,None,08-04-2010,Thursday,1,Data missing or out of range,Not at junction or within 20 metres,53.297443,Daylight,441110,378010,-1.384649,E01019827,2,1,0,0,Dry,Single carriageway,None,50,17:48:00,Rural,Fine no high winds,No,16 - 20,12,Data missing or out of range,NA,1595,None,None,Other/Not known (2005-10),Not at or within 20 metres of junction,AUDI,A3 1.6 SE,Petrol,Male,Skidded and overturned,No tow/articulation,Offside,0,Going ahead right-hand bend,1,Car,No,Front,2010
201030C000200,A,52,NA,0,Slight,None,19-04-2010,Monday,1,Data missing or out of range,Not at junction or within 20 metres,52.944138,Daylight,429570,338620,-1.561408,E01019472,1,3,0,0,Dry,Single carriageway,None,50,16:00:00,Rural,Fine no high winds,No,16 - 20,12,Small town,9,1587,None,None,Other/Not known (2005-10),Not at or within 20 metres of junction,CITROEN,SAXO VTR,Petrol,Male,Skidded,No tow/articulation,Did not leave carriageway,0,Going ahead other,3,Car,No,Front,2010
201030C000322,A,619,Unclassified,0,Slight,None,04-06-2010,Friday,1,Give way or uncontrolled,T or staggered junction,53.260548,Daylight,441660,373910,-1.376933,E01019552,1,3,0,0,Dry,Single carriageway,None,30,17:33:00,Rural,Fine no high winds,No,16 - 20,12,Urban area,4,1242,None,None,Other/Not known (2005-10),Approaching junction or waiting/parked at junction approach,FORD,FIESTA SI,Petrol,Male,None,No tow/articulation,Did not leave carriageway,0,Waiting to turn right,2,Car,No,Offside,2010
201030D000723,A,61,NA,0,Slight,None,07-08-2010,Saturday,1,Data missing or out of range,Not at junction or within 20 metres,52.933585,Daylight,436050,337490,-1.465105,E01013536,2,2,0,8,Dry,Single carriageway,None,60,14:10:00,Urban,Fine no high winds,No,16 - 20,12,Data missing or out of range,NA,1389,None,None,Other/Not known (2005-10),Not at or within 20 metres of junction,VAUXHALL,CORSA BREEZE HI-TORQ,Petrol,Male,None,No tow/articulation,Did not leave carriageway,0,Going ahead other,2,Car,No,Front,2010
20103102A1108,A,38,A,617,Slight,None,19-05-2010,Wednesday,1,Give way or uncontrolled,T or staggered junction,53.127854,Daylight,451230,359240,-1.235829,E01027972,3,3,0,5,Dry,Single carriageway,None,60,12:14:00,Rural,Fine no high winds,No,16 - 20,12,Urban area,7,1905,None,None,Other/Not known (2005-10),Approaching junction or waiting/parked at junction approach,PEUGEOT,306 D TURBO,Heavy oil,Male,None,No tow/articulation,Did not leave carriageway,0,Slowing or stopping,2,Car,No,Back,2010
20103102B1276,B,1403,NA,0,Slight,None,01-06-2010,Tuesday,1,Data missing or out of range,Not at junction or within 20 metres,53.359889,Daylight,472370,385330,-0.914023,E01028005,1,2,0,0,Dry,Single carriageway,None,60,15:13:00,Rural,Fine no high winds,No,16 - 20,12,Urban area,5,1716,None,None,Commuting to/from work,Not at or within 20 metres of junction,SEAT,AROSA 1.7 SDI,Heavy oil,Male,Skidded,No tow/articulation,Did not leave carriageway,0,Going ahead left-hand bend,1,Car,No,Front,2010
20103102C0761,A,6005,NA,0,Slight,None,08-04-2010,Thursday,1,Data missing or out of range,Not at junction or within 20 metres,52.947628,Daylight,456670,339250,-1.158045,E01013952,1,2,0,0,Dry,Single carriageway,None,30,17:51:00,Urban,Fine no high winds,No,16 - 20,12,Urban area,3,1905,None,None,Other/Not known (2005-10),Not at or within 20 metres of junction,PEUGEOT,306 L D,Heavy oil,Male,None,No tow/articulation,Did not leave carriageway,0,Going ahead other,1,Car,No,Front,2010
20103102D0361,A,46,A,52,Slight,None,28-02-2010,Sunday,1,Give way or uncontrolled,Roundabout,52.949719,Daylight,468790,339640,-0.977611,E01028360,1,2,0,0,Dry,Roundabout,None,40,16:45:00,Rural,Fine no high winds,No,16 - 20,12,Rural,7,1242,None,None,Other/Not known (2005-10),Leaving roundabout,FIAT,PUNTO S 60,Petrol,Male,None,No tow/articulation,Did not leave carriageway,0,Going ahead other,1,Car,No,Nearside,2010
20103102D0588,A,60,Unclassified,0,Slight,None,21-03-2010,Sunday,1,Give way or uncontrolled,Private drive or entrance,52.994504,Daylight,457920,344480,-1.138509,E01013963,1,2,0,0,Dry,Single carriageway,None,30,13:00:00,Urban,Fine no high winds,No,16 - 20,12,Urban area,3,1195,None,None,Other/Not known (2005-10),Entering main road,VAUXHALL,CORSA LS 1.2I,Petrol,Male,None,No tow/articulation,Did not leave carriageway,0,Turning right,1,Car,No,Did not impact,2010
201032B062710,Unclassified,0,NA,0,Slight,None,05-03-2010,Friday,1,Data missing or out of range,Not at junction or within 20 metres,53.0141,Daylight,489860,347150,-0.662011,E01026333,1,1,0,0,Wet or damp,Single carriageway,None,60,07:55:00,Rural,Fine no high winds,No,16 - 20,12,Urban area,5,1390,None,Other permanent object,Other/Not known (2005-10),Not at or within 20 metres of junction,VOLKSWAGEN,POLO 1.4 CL,Petrol,Male,None,No tow/articulation,Offside,0,Going ahead left-hand bend,1,Car,No,Front,2010
201032B149310,A,151,NA,0,Slight,None,21-05-2010,Friday,1,Data missing or out of range,Not at junction or within 20 metres,52.810061,Daylight,500260,324650,-0.513981,E01026316,1,2,0,0,Dry,Single carriageway,None,60,14:41:00,Rural,Fine no high winds,No,16 - 20,12,Urban area,9,600,None,None,Other/Not known (2005-10),Not at or within 20 metres of junction,KAWASAKI,,Petrol,Male,None,No tow/articulation,Did not leave carriageway,0,Overtaking moving vehicle - offside,1,Motorcycle over 125cc and up to 500cc,No,Did not impact,2010
201032C040910,A,52,NA,0,Slight,None,13-02-2010,Saturday,1,Data missing or out of range,Not at junction or within 20 metres,53.05338,Daylight,546070,352900,0.177919,E01026111,1,1,0,0,Wet or damp,Single carriageway,None,50,21:15:00,Rural,Fine no high winds,No,16 - 20,12,Rural,4,1400,None,Entered ditch,Other/Not known (2005-10),Not at or within 20 metres of junction,VOLKSWAGEN,GOLF E,Petrol,Male,Skidded,No tow/articulation,Offside,0,Going ahead other,1,Car,No,Front,2010
201032C303110,A,16,Unclassified,0,Slight,None,09-10-2010,Saturday,1,Give way or uncontrolled,Crossroads,52.957739,Daylight,532460,341860,-0.029528,E01026040,2,2,0,8,Dry,Single carriageway,None,60,15:41:00,Urban,Fine no high winds,No,16 - 20,12,Rural,3,973,None,None,Commuting to/from work,Mid Junction - on roundabout or on main road,VAUXHALL,CORSA MERIT 12V,Petrol,Male,None,No tow/articulation,Did not leave carriageway,0,Going ahead other,2,Car,No,Front,2010
201034NE00270,C,56,Unclassified,3785,Slight,None,03-01-2010,Sunday,1,Give way or uncontrolled,T or staggered junction,52.362606,Daylight,497730,274810,-0.566199,E01027057,2,1,0,0,Frost or ice,Single carriageway,None,60,14:24:00,Rural,Fine no high winds,No,16 - 20,12,Small town,9,973,None,None,Other/Not known (2005-10),Mid Junction - on roundabout or on main road,VAUXHALL,CORSA BREEZE 12V,Petrol,Male,Skidded and overturned,No tow/articulation,Nearside,0,Going ahead left-hand bend,1,Car,No,Front,2010
201034NK09020,Unclassified,2686,Unclassified,2782,Slight,None,24-02-2010,Wednesday,1,Give way or uncontrolled,T or staggered junction,52.38537,Daylight,487470,277150,-0.716221,E01027130,1,2,0,0,Dry,Single carriageway,None,30,13:24:00,Urban,Fine no high winds,No,16 - 20,12,Urban area,1,50,None,None,Other/Not known (2005-10),Mid Junction - on roundabout or on main road,HONDA,,Petrol,Male,None,No tow/articulation,Did not leave carriageway,0,Turning right,1,Motorcycle 50cc and under,No,Front,2010
201050KN3H003,A,3052,NA,0,Slight,None,27-11-2019,Friday,1,Not at junction or within 20 metres,Not at junction or within 20 metres,14.71766602,Daylight,323460,91480,78.61109126,E01019949,1,2,0,0,Wet or damp,Single carriageway,None,40,10:00:00,Rural,Fine no high winds,No,16 - 20,12,Small town,7,1124,None,None,Other/Not known (2005-10),Not at or within 20 metres of junction,PEUGEOT,106 XN ZEST 2,Petrol,Female,Skidded,No tow/articulation,Did not leave carriageway,0,Going ahead left-hand bend,1,Car,No,Back,2019
201042I078303,A,1114,A,1114,Slight,None,21-06-2019,Wednesday,1,Give way or uncontrolled,Roundabout,14.66162056,Daylight,571520,206010,78.5060009,E01021577,1,2,0,0,Dry,Roundabout,None,40,13:12:00,Urban,Fine no high winds,No,16 - 20,12,Urban area,10,1299,None,None,Commuting to/from work,Leaving roundabout,FORD,KA3,Petrol,Female,None,No tow/articulation,Did not leave carriageway,0,Overtaking moving vehicle - offside,1,Car,No,Nearside,2019
2010550C46667,A,3060,Unclassified,0,Slight,None,16-07-2020,Saturday,2,Auto traffic signal,T or staggered junction,27.10437625,Daylight,411170,94620,93.61536973,E01015339,1,2,0,5,Dry,Single carriageway,None,30,14:15:00,Urban,Fine no high winds,No,16 - 20,12,Rural,6,1686,None,None,Commuting to/from work,Cleared junction or waiting/parked at junction exit,VAUXHALL,CORSA BREEZE DIESEL,Heavy oil,Female,None,No tow/articulation,Did not leave carriageway,0,Moving off,1,Car,No,Back,2019
201050CS2H002,A,377,NA,0,Slight,None,28-07-2019,Friday,1,Not at junction or within 20 metres,Not at junction or within 20 metres,27.0948834,Daylight,260520,122730,93.61202385,E01020097,1,1,0,0,Wet or damp,Single carriageway,None,40,13:06:00,Rural,Fine no high winds,No,16 - 20,12,Rural,7,1896,None,Tree,Other/Not known (2005-10),Not at or within 20 metres of junction,AUDI,A4 1.9 TDI SE,Heavy oil,Female,Skidded,No tow/articulation,Nearside,0,Going ahead left-hand bend,1,Car,No,Offside,2019
201054EM08910,A,344,NA,0,Slight,None,09-07-2021,Sunday,1,Not at junction or within 20 metres,Not at junction or within 20 metres,27.09516985,Daylight,412450,142190,93.60957216,E01031979,1,2,0,0,Dry,Single carriageway,None,60,11:20:00,Rural,Fine no high winds,No,16 - 20,12,Small town,4,1527,None,None,Other/Not known (2005-10),Not at or within 20 metres of junction,PEUGEOT,106 XND,Heavy oil,Female,Skidded,No tow/articulation,Did not leave carriageway,0,Going ahead other,1,Car,No,Front,2019
201050BD2B004,A,38,Unclassified,0,Slight,None,01-08-2020,Sunday,1,Give way or uncontrolled,T or staggered junction,26.72022782,Daylight,217560,64900,94.21017355,E01018784,3,4,0,0,Dry,Single carriageway,None,50,15:40:00,Rural,Fine no high winds,No,16 - 20,12,Urban area,8,973,None,None,Other/Not known (2005-10),Mid Junction - on roundabout or on main road,VAUXHALL,CORSA BREEZE 12V,Petrol,Female,None,No tow/articulation,Did not leave carriageway,0,Slowing or stopping,4,Car,No,Front,2019