Accident_Index,1st_Road_Class,1st_Road_Number,2nd_Road_Class,2nd_Road_Number,Accident_Severity,Carriageway_Hazards,Date,Day_of_Week,Did_Police_Officer_Attend_Scene_of_Accident,Junction_Control,Junction_Detail,Latitude,Light_Conditions,Location_Easting_OSGR,Location_Northing_OSGR,Longitude,LSOA_of_Accident_Location,Number_of_Casualties,Number_of_Vehicles,Pedestrian_Crossing-Human_Control,Pedestrian_Crossing-Physical_Facilities,Road_Surface_Conditions,Road_Type,Special_Conditions_at_Site,Speed_limit,Time,Urban_or_Rural_Area,Weather_Conditions,InScotland,Age_Band_of_Driver,Age_of_Vehicle,Driver_Home_Area_Type,Driver_IMD_Decile,Engine_Capacity_.CC.,Hit_Object_in_Carriageway,Hit_Object_off_Carriageway,Journey_Purpose_of_Driver,Junction_Location,make,model,Propulsion_Code,Sex_of_Driver,Skidding_and_Overturning,Towing_and_Articulation,Vehicle_Leaving_Carriageway,Vehicle_Location.Restricted_Lane,Vehicle_Manoeuvre,Vehicle_Reference,Vehicle_Type,Was_Vehicle_Left_Hand_Drive,X1st_Point_of_Impact,Year
201043W156080,A,3290,NA,0,Slight,None,26-08-2010,Thursday,1,Data missing or out of range,Not at junction or within 20 metres,51.45399,Daylight,473940,173320,-0.937252,E01016613,4,2,0,0,Wet or damp,Dual carriageway,None,70,07:30:00,Urban,Fine no high winds,No,16 - 20,12,Urban area,9,1124,None,None,Other/Not known (2005-10),Not at or within 20 metres of junction,CITROEN,SAXO EXPOSE,Petrol,Female,Skidded,No tow/articulation,Did not leave carriageway,0,Going ahead other,1,Car,No,Front,2010
201043W247090,A,327,NA,0,Slight,None,24-09-2010,Friday,1,Data missing or out of range,Not at junction or within 20 metres,51.422155,Daylight,473320,169770,-0.946907,E01016679,1,2,0,0,Wet or damp,Single carriageway,None,40,10:40:00,Urban,Fine no high winds,No,16 - 20,12,Urban area,7,1905,None,None,Commuting to/from work,Not at or within 20 metres of junction,PEUGEOT,306 LX D,Heavy oil,Female,None,No tow/articulation,Did not leave carriageway,0,Turning right,2,Car,No,Back,2010
201045RE54040,A,23,Unclassified,0,Slight,None,08-09-2010,Wednesday,2,Give way or uncontrolled,Roundabout,51.242865,Daylight,528000,150900,-0.167608,E01030612,2,2,0,5,Wet or damp,Single carriageway,None,40,15:40:00,Urban,Fine no high winds,No,16 - 20,12,Urban area,7,1994,None,None,Pupil riding to/from school,Approaching junction or waiting/parked at junction approach,ROVER,420 TD,Heavy oil,Female,None,No tow/articulation,Did not leave carriageway,0,Waiting to go - held up,1,Car,No,Front,2010
201045SP52291,B,377,Unclassified,0,Slight,None,08-07-2010,Thursday,1,Give way or uncontrolled,Other junction,51.419997,Daylight,505790,170100,-0.47997,E01030721,2,2,0,0,Dry,Single carriageway,Auto traffic signal - out,40,11:03:00,Urban,Fine no high winds,No,16 - 20,12,Urban area,7,1299,Bollard or refuge,Near/Offside crash barrier,Other/Not known (2005-10),Approaching junction or waiting/parked at junction approach,FORD,KA,Petrol,Female,None,No tow/articulation,Nearside,0,Waiting to turn right,2,Car,No,Back,2010
201045SP54551,B,377,A,308,Slight,None,17-10-2010,Sunday,2,Give way or uncontrolled,Roundabout,51.426377,Daylight,506280,170820,-0.47271,E01030739,1,2,0,0,Dry,Roundabout,None,30,16:00:00,Rural,Fine no high winds,No,16 - 20,12,Urban area,10,899,None,None,Other/Not known (2005-10),Approaching junction or waiting/parked at junction approach,FIAT,CINQUECENTO SX,Petrol,Female,None,No tow/articulation,Did not leave carriageway,0,Moving off,2,Car,No,Front,2010
201045SU52219,B,3029,Unclassified,11,Slight,None,02-07-2010,Friday,1,Give way or uncontrolled,T or staggered junction,51.361416,Daylight,491110,163300,-0.692772,E01030759,1,2,0,0,Dry,Single carriageway,None,30,16:05:00,Rural,Fine no high winds,No,16 - 20,12,Small town,10,1495,None,None,Other/Not known (2005-10),Approaching junction or waiting/parked at junction approach,HYUNDAI,ACCENT MVI,Petrol,Female,None,No tow/articulation,Did not leave carriageway,0,Moving off,1,Car,No,Front,2010
201050BD2B004,A,38,Unclassified,0,Slight,None,18-04-2010,Sunday,1,Give way or uncontrolled,T or staggered junction,50.455426,Daylight,217560,64900,-4.571538,E01018784,3,4,0,0,Dry,Single carriageway,None,50,15:40:00,Rural,Fine no high winds,No,16 - 20,12,Urban area,8,973,None,None,Other/Not known (2005-10),Mid Junction - on roundabout or on main road,VAUXHALL,CORSA BREEZE 12V,Petrol,Female,None,No tow/articulation,Did not leave carriageway,0,Slowing or stopping,4,Car,No,Front,2010
201050CB3D001,B,3233,Unclassified,0,Slight,None,08-10-2010,Friday,1,Give way or uncontrolled,T or staggered junction,51.072999,Daylight,252360,132530,-4.108831,E01020086,4,2,0,0,Dry,Single carriageway,None,40,17:11:00,Rural,Fine no high winds,No,16 - 20,12,Small town,8,1124,None,None,Other/Not known (2005-10),Approaching junction or waiting/parked at junction approach,PEUGEOT,106 LOOK2,Petrol,Female,None,No tow/articulation,Did not leave carriageway,0,Waiting to turn right,1,Car,No,Back,2010
201050CS2H002,A,377,NA,0,Slight,None,14-05-2010,Friday,1,Not at junction or within 20 metres,Not at junction or within 20 metres,50.98697,Daylight,260520,122730,-3.988657,E01020097,1,1,0,0,Wet or damp,Single carriageway,None,40,13:06:00,Rural,Fine no high winds,No,16 - 20,12,Rural,7,1896,None,Tree,Other/Not known (2005-10),Not at or within 20 metres of junction,AUDI,A4 1.9 TDI SE,Heavy oil,Female,Skidded,No tow/articulation,Nearside,0,Going ahead left-hand bend,1,Car,No,Offside,2010
201050DE2H011,Unclassified,0,NA,0,Slight,None,08-06-2010,Tuesday,1,Not at junction or within 20 metres,Not at junction or within 20 metres,50.726666,Daylight,295430,92950,-3.482964,E01020038,1,1,0,4,Dry,Single carriageway,None,30,17:17:00,Urban,Fine no high winds,No,16 - 20,12,Urban area,2,1388,None,None,Other/Not known (2005-10),Not at or within 20 metres of junction,FORD,PUMA 1.4 16V,Petrol,Female,None,No tow/articulation,Did not leave carriageway,0,Going ahead other,1,Car,No,Front,2010
201050EL2L019,Unclassified,0,Unclassified,0,Slight,None,27-09-2010,Monday,1,Give way or uncontrolled,T or staggered junction,50.410955,Daylight,246460,59030,-4.162336,E01015088,2,6,0,0,Dry,Single carriageway,None,30,08:47:00,Urban,Fine no high winds,No,16 - 20,12,Urban area,5,1389,None,None,Taking pupil to/from school,Approaching junction or waiting/parked at junction approach,VAUXHALL,CORSA BREEZE HI-TORQ,Petrol,Female,None,No tow/articulation,Did not leave carriageway,0,Turning left,1,Car,No,Front,2010
201050GA2D018,C,483,NA,0,Slight,None,09-06-2010,Wednesday,2,Not at junction or within 20 metres,Not at junction or within 20 metres,50.371219,Daylight,202200,56080,-4.783014,E01019075,1,2,0,0,Dry,Single carriageway,None,30,17:40:00,Rural,Fine no high winds,No,16 - 20,12,Small town,4,1390,None,None,Other/Not known (2005-10),Not at or within 20 metres of junction,VOLKSWAGEN,POLO 1.4 CL,Petrol,Female,None,No tow/articulation,Did not leave carriageway,0,Going ahead other,1,Car,No,Front,2010
201050GA2Q030,C,282,NA,0,Slight,None,05-07-2010,Monday,2,Data missing or out of range,Not at junction or within 20 metres,50.339502,Daylight,201910,52560,-4.785235,E01019041,1,3,0,0,Dry,Single carriageway,None,30,17:35:00,Urban,Fine no high winds,No,16 - 20,12,Urban area,5,1527,None,None,Other/Not known (2005-10),Not at or within 20 metres of junction,PEUGEOT,106 XLD ZEST 3,Heavy oil,Female,None,No tow/articulation,Did not leave carriageway,0,Slowing or stopping,2,Car,No,Back,2010
201050GC2J001,A,3059,NA,0,Slight,None,27-01-2010,Wednesday,1,Not at junction or within 20 metres,Not at junction or within 20 metres,50.429813,Daylight,190120,63070,-4.956567,E01019064,1,1,0,0,Dry,Single carriageway,None,60,12:42:00,Rural,Fine no high winds,No,16 - 20,12,Rural,5,1299,None,Road sign or traffic signal,Journey as part of work,Not at or within 20 metres of junction,FORD,KA,Petrol,Female,None,No tow/articulation,Nearside,0,Going ahead right-hand bend,1,Car,No,Nearside,2010
201050JK2B005,Unclassified,0,A,379,Slight,None,12-08-2010,Thursday,1,Give way or uncontrolled,T or staggered junction,50.340407,Daylight,266750,50630,-3.873966,E01020158,1,2,0,0,Dry,Single carriageway,None,60,18:38:00,Rural,Fine no high winds,No,16 - 20,12,Urban area,1,1527,None,None,Other/Not known (2005-10),Approaching junction or waiting/parked at junction approach,PEUGEOT,106 XND ZEST 2,Heavy oil,Female,None,No tow/articulation,Did not leave carriageway,0,Going ahead right-hand bend,1,Car,No,Front,2010
201050KN3H003,A,3052,NA,0,Slight,None,02-07-2010,Friday,1,Not at junction or within 20 metres,Not at junction or within 20 metres,50.717823,Daylight,323460,91480,-3.085611,E01019949,1,2,0,0,Wet or damp,Single carriageway,None,40,10:00:00,Rural,Fine no high winds,No,16 - 20,12,Small town,7,1124,None,None,Other/Not known (2005-10),Not at or within 20 metres of junction,PEUGEOT,106 XN ZEST 2,Petrol,Female,Skidded,No tow/articulation,Did not leave carriageway,0,Going ahead left-hand bend,1,Car,No,Back,2010
201050KU2E005,A,38,NA,,Slight,None,08-04-2010,Thursday,1,Give way or uncontrolled,Private drive or entrance,50.916377,Daylight,305490,113860,-3.345869,E01020045,2,2,0,0,Dry,Single carriageway,None,60,13:06:00,Rural,Fine no high winds,No,16 - 20,12,Small town,10,1360,None,None,Other/Not known (2005-10),Approaching junction or waiting/parked at junction approach,PEUGEOT,306 VERVE,Petrol,Female,Skidded,No tow/articulation,Did not leave carriageway,0,Going ahead other,1,Car,No,Front,2010
201054DN10410,B,4006,Unclassified,0,Slight,None,29-03-2010,Monday,1,Give way or uncontrolled,Mini-roundabout,51.590117,Daylight,416400,187950,-1.764678,E01015559,1,2,0,0,Wet or damp,Roundabout,None,30,08:30:00,Urban,Fine no high winds,No,16 - 20,12,Urban area,7,1124,None,None,Commuting to/from work,Entering roundabout,CITROEN,SAXO X,Petrol,Female,None,No tow/articulation,Did not leave carriageway,0,Going ahead other,1,Car,No,Did not impact,2010
201054EM08910,A,344,NA,0,Slight,None,04-04-2010,Sunday,1,Not at junction or within 20 metres,Not at junction or within 20 metres,51.178754,Daylight,412450,142190,-1.823288,E01031979,1,2,0,0,Dry,Single carriageway,None,60,11:20:00,Rural,Fine no high winds,No,16 - 20,12,Small town,4,1527,None,None,Other/Not known (2005-10),Not at or within 20 metres of junction,PEUGEOT,106 XND,Heavy oil,Female,Skidded,No tow/articulation,Did not leave carriageway,0,Going ahead other,1,Car,No,Front,2010
201054EY27910,B,4040,C,76,Slight,None,24-08-2010,Tuesday,1,Give way or uncontrolled,Crossroads,51.611836,Daylight,402940,190340,-1.958953,E01031886,2,2,0,0,Dry,Single carriageway,None,30,12:23:00,Rural,Fine no high winds,No,16 - 20,12,Urban area,4,1299,None,Entered ditch,Other/Not known (2005-10),Entering main road,FORD,KA3,Petrol,Female,Skidded,No tow/articulation,Nearside,0,Turning left,1,Car,No,Front,2010
20105500C0289,Unclassified,0,C,321,Slight,None,22-01-2010,Friday,2,Give way or uncontrolled,T or staggered junction,50.745926,Daylight,408670,94050,-1.878499,E01015374,1,2,0,0,Dry,Single carriageway,None,30,07:30:00,Urban,Fine no high winds,No,16 - 20,12,Urban area,3,1299,None,None,Other/Not known (2005-10),Approaching junction or waiting/parked at junction approach,FORD,KA,Petrol,Female,None,No tow/articulation,Did not leave carriageway,0,Slowing or stopping,1,Car,No,Front,2010
20105500C0294,Unclassified,0,NA,0,Slight,None,23-01-2010,Saturday,1,Not at junction or within 20 metres,Not at junction or within 20 metres,50.728638,Daylight,414360,92140,-1.797924,E01015300,2,2,0,0,Dry,Single carriageway,None,30,14:10:00,Urban,Fine no high winds,No,16 - 20,12,Urban area,6,1242,Parked vehicle,None,Other/Not known (2005-10),Not at or within 20 metres of junction,FIAT,PUNTO S 60,Petrol,Female,Overturned,No tow/articulation,Did not leave carriageway,0,Going ahead other,1,Car,No,Front,2010
20105500C0637,A,347,Unclassified,0,Slight,None,17-02-2010,Wednesday,2,Give way or uncontrolled,T or staggered junction,50.733604,Daylight,408810,92680,-1.876547,E01015345,3,3,0,0,Dry,Single carriageway,None,30,13:59:00,Urban,Fine no high winds,No,16 - 20,12,Urban area,3,1332,None,None,Other/Not known (2005-10),Approaching junction or waiting/parked at junction approach,TOYOTA,STARLET S,Petrol,Female,None,No tow/articulation,Did not leave carriageway,0,Going ahead other,3,Car,No,Front,2010
20105500C1103,Unclassified,0,Unclassified,0,Slight,None,23-03-2010,Tuesday,1,Give way or uncontrolled,Private drive or entrance,50.752847,Daylight,408880,94820,-1.875504,E01015320,1,2,0,0,Wet or damp,Single carriageway,None,30,17:19:00,Urban,Fine no high winds,No,16 - 20,12,Urban area,3,973,None,None,Other/Not known (2005-10),Entering main road,VAUXHALL,CORSA BREEZE 12V,Petrol,Female,None,No tow/articulation,Did not leave carriageway,0,Waiting to turn left,2,Car,No,Front,2010
2010550C30635,Unclassified,0,Unclassified,0,Slight,None,17-07-2010,Saturday,2,Give way or uncontrolled,T or staggered junction,50.711816,Daylight,400350,90250,-1.996428,E01015423,1,2,0,0,Dry,Single carriageway,None,30,15:00:00,Urban,Fine no high winds,No,16 - 20,12,Urban area,1,1299,None,None,Other/Not known (2005-10),Mid Junction - on roundabout or on main road,FORD,KA3,Petrol,Female,None,No tow/articulation,Did not leave carriageway,0,Turning right,1,Car,No,Offside,2010
2010550C46667,A,3060,Unclassified,0,Slight,None,23-10-2010,Saturday,2,Auto traffic signal,T or staggered junction,50.751009,Daylight,411170,94620,-1.843047,E01015339,1,2,0,5,Dry,Single carriageway,None,30,14:15:00,Urban,Fine no high winds,No,16 - 20,12,Rural,6,1686,None,None,Commuting to/from work,Cleared junction or waiting/parked at junction exit,VAUXHALL,CORSA BREEZE DIESEL,Heavy oil,Female,None,No tow/articulation,Did not leave carriageway,0,Moving off,1,Car,No,Back,2010
2010550D36635,B,3162,NA,0,Slight,None,22-08-2010,Sunday,1,Not at junction or within 20 metres,Not at junction or within 20 metres,50.762576,Daylight,345510,96180,-2.773995,E01020536,2,2,0,0,Wet or damp,Single carriageway,Road surface defective,30,16:20:00,Rural,Fine no high winds,No,16 - 20,12,Small town,6,1527,None,Other permanent object,Other/Not known (2005-10),Not at or within 20 metres of junction,PEUGEOT,106 XND,Heavy oil,Female,None,No tow/articulation,Nearside,0,Slowing or stopping,1,Car,No,Front,2010
2010550D50709,A,3030,NA,0,Slight,None,16-11-2010,Tuesday,1,Not at junction or within 20 metres,Not at junction or within 20 metres,50.912863,Daylight,370690,112690,-2.41831,E01020541,1,2,0,0,Wet or damp,Single carriageway,None,50,14:20:00,Rural,Fine no high winds,No,16 - 20,12,Rural,6,1124,None,None,Other/Not known (2005-10),Not at or within 20 metres of junction,CITROEN,SAXO X,Petrol,Female,Skidded,No tow/articulation,Did not leave carriageway,0,Going ahead other,1,Car,No,Front,2010
2010550D53271,Unclassified,0,NA,0,Slight,None,04-12-2010,Saturday,1,Not at junction or within 20 metres,Not at junction or within 20 metres,50.878016,Daylight,409450,108740,-1.867069,E01020418,1,1,0,0,Frost or ice,Single carriageway,None,30,08:44:00,Urban,Fine no high winds,No,16 - 20,12,Urban area,5,599,None,None,Journey as part of work,Not at or within 20 metres of junction,KAWASAKI,ZX 600-E6,Petrol,Female,Skidded,No tow/articulation,Did not leave carriageway,0,Going ahead other,1,Motorcycle over 500cc,No,Nearside,2010
2010550D54737,B,3157,NA,0,Slight,None,14-12-2010,Tuesday,1,Not at junction or within 20 metres,Not at junction or within 20 metres,50.692984,Daylight,351680,88380,-2.685494,E01020507,1,1,0,0,Frost or ice,Single carriageway,None,50,08:15:00,Rural,Fine no high winds,No,16 - 20,12,Urban area,5,973,None,None,Commuting to/from work,Not at or within 20 metres of junction,VAUXHALL,CORSA BREEZE 12V,Petrol,Female,Skidded,No tow/articulation,Nearside,0,Going ahead left-hand bend,1,Car,No,Front,2010
201060L135169,A,528,NA,0,Slight,None,24-07-2010,Saturday,1,Data missing or out of range,Not at junction or within 20 metres,52.995269,Daylight,335590,344650,-2.961118,W01000394,1,1,0,0,Dry,Single carriageway,None,60,17:19:00,Rural,Fine no high winds,No,16 - 20,12,Rural,NA,973,None,None,Other/Not known (2005-10),Not at or within 20 metres of junction,VAUXHALL,CORSA BREEZE 12V,Petrol,Female,Skidded,No tow/articulation,Nearside,0,Going ahead right-hand bend,1,Car,No,Back,2010
201001LX50380,A,23,Unclassified,0,Slight,None,15-05-2010,Saturday,1,Give way or uncontrolled,T or staggered junction,51.432901,Daylight,530170,172100,-0.128793,E01003118,1,2,0,0,Dry,Dual carriageway,None,30,09:10:00,Urban,Fine no high winds,No,16 - 20,12,Urban area,3,1796,None,None,Other/Not known (2005-10),Cleared junction or waiting/parked at junction exit,FORD,ESCORT GHIA X,Petrol,Female,None,No tow/articulation,Did not leave carriageway,0,Parked,1,Car,No,Offside,2010
201001PL60473,A,200,Unclassified,0,Slight,None,25-07-2010,Sunday,1,Give way or uncontrolled,Mini-roundabout,51.483277,Daylight,536820,177880,-0.030952,E01003252,1,2,0,0,Dry,Roundabout,None,30,12:43:00,Urban,Fine no high winds,No,16 - 20,12,Urban area,2,999,None,None,Other/Not known (2005-10),Mid Junction - on roundabout or on main road,VOLKSWAGEN,POLO 1.0 L,Petrol,Female,None,No tow/articulation,Did not leave carriageway,0,Turning right,2,Car,No,Offside,2010
201001PY20243,A,224,NA,0,Slight,None,22-04-2010,Thursday,1,Data missing or out of range,Not at junction or within 20 metres,51.393028,Daylight,546990,168120,0.111361,E01000722,1,2,0,4,Dry,Single carriageway,None,30,15:10:00,Urban,Fine no high winds,No,16 - 20,12,Small town,7,1390,None,None,Other/Not known (2005-10),Not at or within 20 metres of junction,VOLKSWAGEN,POLO 1.4 16V,Petrol,Female,None,No tow/articulation,Did not leave carriageway,0,Going ahead other,2,Car,No,Front,2010
201001QK50525,Unclassified,0,NA,0,Slight,None,17-08-2010,Tuesday,1,Data missing or out of range,Not at junction or within 20 metres,51.562438,Daylight,515990,186170,-0.328065,E01000562,1,2,0,0,Dry,Single carriageway,None,30,16:30:00,Urban,Fine no high winds,No,16 - 20,12,Urban area,1,1299,None,None,Other/Not known (2005-10),Not at or within 20 metres of junction,FORD,KA 2,Petrol,Female,None,No tow/articulation,Did not leave carriageway,0,Going ahead other,1,Car,No,Front,2010
201001XD80327,A,4020,Unclassified,0,Slight,None,12-05-2010,Wednesday,1,Auto traffic signal,T or staggered junction,51.507595,Daylight,519950,180160,-0.273009,E01001351,2,3,0,5,Dry,Single carriageway,None,30,15:54:00,Urban,Fine no high winds,No,16 - 20,12,Data missing or out of range,NA,1124,None,None,Other/Not known (2005-10),Approaching junction or waiting/parked at junction approach,CITROEN,SAXO SX,Petrol,Female,None,No tow/articulation,Did not leave carriageway,0,Waiting to go - held up,3,Car,No,Back,2010
201001XH30770,Unclassified,0,Unclassified,0,Slight,None,26-10-2010,Tuesday,1,Give way or uncontrolled,T or staggered junction,51.51167,Daylight,506320,180310,-0.469283,E01002548,1,4,0,0,Wet or damp,Dual carriageway,None,30,12:05:00,Urban,Fine no high winds,No,16 - 20,12,Rural,10,1299,None,None,Other/Not known (2005-10),Cleared junction or waiting/parked at junction exit,FORD,KA 2,Petrol,Female,None,No tow/articulation,Did not leave carriageway,0,Parked,2,Car,No,Back,2010
201001ZD30154,A,236,NA,0,Slight,None,01-03-2010,Monday,1,Data missing or out of range,Not at junction or within 20 metres,51.369572,Daylight,531990,165100,-0.105228,E01001166,2,2,0,0,Dry,Dual carriageway,None,30,16:00:00,Urban,Fine no high winds,No,16 - 20,12,Urban area,7,1299,None,None,Other/Not known (2005-10),Not at or within 20 metres of junction,FORD,KA 2,Petrol,Female,None,No tow/articulation,Did not leave carriageway,0,Changing lane to right,2,Car,No,Offside,2010
201001ZT80375,A,24,Unclassified,0,Slight,None,09-11-2010,Tuesday,2,Give way or uncontrolled,Private drive or entrance,51.374668,Daylight,523720,165460,-0.223847,E01004119,2,3,0,0,Dry,Single carriageway,None,30,17:00:00,Urban,Fine no high winds,No,16 - 20,12,Urban area,10,1389,None,None,Other/Not known (2005-10),Approaching junction or waiting/parked at junction approach,VAUXHALL,CORSA GLS 1.4I AUTO,Petrol,Female,None,No tow/articulation,Did not leave carriageway,0,Slowing or stopping,1,Car,No,Front,2010
201001ZT80380,B,271,Unclassified,0,Slight,None,28-11-2010,Sunday,1,Give way or uncontrolled,T or staggered junction,51.362282,Daylight,527710,164180,-0.167011,E01004102,1,2,0,0,Dry,Single carriageway,None,30,11:30:00,Urban,Fine no high winds,No,16 - 20,12,Data missing or out of range,NA,1242,None,None,Other/Not known (2005-10),Mid Junction - on roundabout or on main road,FORD,FIESTA GHIA 16V AUTO,Petrol,Female,None,No tow/articulation,Did not leave carriageway,0,Going ahead other,2,Car,No,Front,2010
201004BC10131,A,6,NA,0,Slight,None,26-06-2010,Saturday,1,Data missing or out of range,Not at junction or within 20 metres,53.944318,Daylight,349160,450080,-2.776053,E01025609,1,3,0,0,Dry,Single carriageway,None,60,16:54:00,Rural,Fine no high winds,No,16 - 20,12,Urban area,5,1389,None,None,Other/Not known (2005-10),Not at or within 20 metres of junction,VAUXHALL,CORSA LS 1.4I,Petrol,Female,None,No tow/articulation,Did not leave carriageway,0,Going ahead other,1,Car,No,Front,2010
201004CA10027,Unclassified,0,NA,0,Slight,None,29-03-2010,Monday,1,Data missing or out of range,Not at junction or within 20 metres,53.649137,Daylight,358940,417140,-2.622662,E01024925,1,2,0,0,Dry,Single carriageway,None,30,08:30:00,Urban,Fine no high winds,No,16 - 20,12,Small town,2,1390,None,None,Other/Not known (2005-10),Not at or within 20 metres of junction,VOLKSWAGEN,POLO 1.4 L,Petrol,Female,None,No tow/articulation,Did not leave carriageway,0,Waiting to go - held up,2,Car,No,Front,2010
201004CK10142,B,5241,Unclassified,0,Slight,None,17-07-2010,Saturday,1,Give way or uncontrolled,More than 4 arms (not roundabout),53.597821,Daylight,344400,411580,-2.841615,E01025483,4,2,0,0,Dry,Single carriageway,None,30,12:50:00,Rural,Fine no high winds,No,16 - 20,12,Data missing or out of range,NA,1299,None,None,Other/Not known (2005-10),Approaching junction or waiting/parked at junction approach,FORD,KA 2,Petrol,Female,None,No tow/articulation,Did not leave carriageway,0,Waiting to go - held up,2,Car,No,Back,2010
201004EL10007,A,679,Unclassified,0,Slight,None,16-01-2010,Saturday,1,Give way or uncontrolled,T or staggered junction,53.753759,Daylight,374440,428670,-2.38913,E01025046,3,2,0,0,Wet or damp,Single carriageway,None,30,17:05:00,Urban,Fine no high winds,No,16 - 20,12,Urban area,4,1389,None,None,Other/Not known (2005-10),Cleared junction or waiting/parked at junction exit,VAUXHALL,CORSA BREEZE HI-TORQ,Petrol,Female,None,No tow/articulation,Did not leave carriageway,0,Slowing or stopping,1,Car,No,Front,2010
201004FE10015,B,6250,Unclassified,0,Slight,None,13-01-2010,Wednesday,1,Give way or uncontrolled,T or staggered junction,53.853447,Daylight,390860,439700,-2.140434,E01025180,1,1,0,0,Frost or ice,Single carriageway,None,30,09:30:00,Rural,Fine no high winds,No,16 - 20,12,Small town,8,1275,Kerb,None,Other/Not known (2005-10),Mid Junction - on roundabout or on main road,NISSAN,MICRA GX AUTO,Petrol,Female,Skidded,No tow/articulation,Did not leave carriageway,0,Going ahead other,1,Car,No,Nearside,2010
201005AA04049,B,5148,Unclassified,0,Slight,None,01-07-2010,Thursday,1,Auto traffic signal,Crossroads,53.364642,Daylight,332510,385790,-3.015698,E01007111,1,2,0,8,Dry,Single carriageway,None,30,15:03:00,Urban,Fine no high winds,No,16 - 20,12,Urban area,1,1124,None,None,Other/Not known (2005-10),Mid Junction - on roundabout or on main road,CITROEN,SAXO X,Petrol,Female,None,No tow/articulation,Did not leave carriageway,0,Turning right,1,Car,No,Nearside,2010
201006A038699,A,665,NA,0,Slight,None,07-11-2010,Sunday,1,Data missing or out of range,Not at junction or within 20 metres,53.508044,Daylight,384080,401290,-2.241521,E01005145,3,2,0,0,Dry,Single carriageway,None,30,15:57:00,Urban,Fine no high winds,No,16 - 20,12,Data missing or out of range,NA,1120,None,None,Other/Not known (2005-10),Not at or within 20 metres of junction,ROVER,211I,Petrol,Female,None,No tow/articulation,Did not leave carriageway,0,Moving off,1,Car,No,Front,2010
201006K033861,A,676,Unclassified,0,Slight,None,16-06-2010,Wednesday,2,Give way or uncontrolled,Crossroads,53.586578,Daylight,372630,410080,-2.414935,E01004927,1,2,0,0,Dry,Single carriageway,None,30,12:40:00,Urban,Fine no high winds,No,16 - 20,12,Urban area,10,1299,None,None,Other/Not known (2005-10),Mid Junction - on roundabout or on main road,FORD,KA 2,Petrol,Female,None,No tow/articulation,Did not leave carriageway,0,Going ahead other,1,Car,No,Back,2010
201006L032534,Unclassified,0,Unclassified,0,Slight,None,11-06-2010,Friday,2,Give way or uncontrolled,More than 4 arms (not roundabout),53.54117,Daylight,355380,405160,-2.674798,E01006357,1,1,0,0,Dry,Single carriageway,None,30,18:20:00,Urban,Fine no high winds,No,16 - 20,12,Urban area,3,973,None,None,Other/Not known (2005-10),Cleared junction or waiting/parked at junction exit,VAUXHALL,CORSA BREEZE 12V,Petrol,Female,None,No tow/articulation,Did not leave carriageway,0,Going ahead other,1,Car,No,Front,2010
201006L032716,A,577,C,0,Slight,None,22-05-2010,Saturday,1,Give way or uncontrolled,T or staggered junction,53.522666,Daylight,367790,403000,-2.487315,E01006244,1,2,0,0,Dry,Single carriageway,None,30,14:20:00,Urban,Fine no high winds,No,16 - 20,12,Urban area,1,1299,None,None,Other/Not known (2005-10),Approaching junction or waiting/parked at junction approach,FORD,KA,Petrol,Female,None,No tow/articulation,Did not leave carriageway,0,Waiting to turn right,2,Car,No,Back,2010
201006L035221,Unclassified,0,NA,0,Slight,None,28-07-2010,Wednesday,1,Data missing or out of range,Not at junction or within 20 metres,53.540879,Daylight,359540,405090,-2.612018,E01006309,1,2,0,0,Dry,Single carriageway,None,30,19:00:00,Urban,Fine no high winds,No,16 - 20,12,Urban area,2,1389,None,None,Other/Not known (2005-10),Not at or within 20 metres of junction,VAUXHALL,CORSA BREEZE HI-TORQ,Petrol,Female,None,No tow/articulation,Did not leave carriageway,0,Going ahead other,1,Car,No,Offside,2010
201006P029766,B,6225,B,6225,Slight,None,30-03-2010,Tuesday,1,Give way or uncontrolled,Mini-roundabout,53.611153,Daylight,392630,412740,-2.112875,E01005556,1,2,0,0,Wet or damp,Roundabout,None,30,08:42:00,Urban,Fine no high winds,No,16 - 20,12,Urban area,3,1299,None,None,Other/Not known (2005-10),Entering roundabout,FORD,KA,Petrol,Female,None,No tow/articulation,Did not leave carriageway,0,Turning right,1,Car,No,Front,2010
201006Q039079,A,671,C,0,Slight,None,16-11-2010,Tuesday,1,Give way or uncontrolled,Crossroads,53.581199,Daylight,391140,409410,-2.135301,E01005394,1,2,0,0,Wet or damp,Single carriageway,None,30,09:40:00,Urban,Fine no high winds,No,16 - 20,12,Urban area,8,1108,None,None,Commuting to/from work,Entering main road,FIAT,SEICENTO SPORTING,Petrol,Female,None,No tow/articulation,Did not leave carriageway,0,Turning right,1,Car,No,Front,2010
201006Q039475,A,6052,NA,0,Slight,None,19-11-2010,Friday,1,Data missing or out of range,Not at junction or within 20 metres,53.571561,Daylight,397570,408330,-2.038172,E01005414,3,2,0,0,Dry,Single carriageway,None,40,12:35:00,Rural,Fine no high winds,No,16 - 20,12,Small town,10,998,None,Other permanent object,Other/Not known (2005-10),Not at or within 20 metres of junction,NISSAN,MICRA EQUATION,Petrol,Female,None,No tow/articulation,Offside and rebounded,0,Going ahead left-hand bend,1,Car,No,Front,2010
201014A016510,B,1396,Unclassified,0,Slight,None,25-01-2010,Monday,1,Give way or uncontrolled,Private drive or entrance,53.508908,Daylight,462430,401770,-1.060106,E01007603,1,2,0,1,Wet or damp,Single carriageway,None,40,08:45:00,Urban,Fine no high winds,No,16 - 20,12,Urban area,2,1299,None,None,Commuting to/from work,Cleared junction or waiting/parked at junction exit,FORD,KA,Petrol,Female,None,No tow/articulation,Did not leave carriageway,0,Waiting to turn right,2,Car,No,Back,2010