Accident_Index,1st_Road_Class,1st_Road_Number,2nd_Road_Class,2nd_Road_Number,Accident_Severity,Carriageway_Hazards,Date,Day_of_Week,Did_Police_Officer_Attend_Scene_of_Accident,Junction_Control,Junction_Detail,Latitude,Light_Conditions,Location_Easting_OSGR,Location_Northing_OSGR,Longitude,LSOA_of_Accident_Location,Number_of_Casualties,Number_of_Vehicles,Pedestrian_Crossing-Human_Control,Pedestrian_Crossing-Physical_Facilities,Road_Surface_Conditions,Road_Type,Special_Conditions_at_Site,Speed_limit,Time,Urban_or_Rural_Area,Weather_Conditions,InScotland,Age_Band_of_Driver,Age_of_Vehicle,Driver_Home_Area_Type,Driver_IMD_Decile,Engine_Capacity_.CC.,Hit_Object_in_Carriageway,Hit_Object_off_Carriageway,Journey_Purpose_of_Driver,Junction_Location,make,model,Propulsion_Code,Sex_of_Driver,Skidding_and_Overturning,Towing_and_Articulation,Vehicle_Leaving_Carriageway,Vehicle_Location.Restricted_Lane,Vehicle_Manoeuvre,Vehicle_Reference,Vehicle_Type,Was_Vehicle_Left_Hand_Drive,X1st_Point_of_Impact,Year
201014A058810,Unclassified,0,Unclassified,0,Slight,None,14-04-2010,Wednesday,1,Give way or uncontrolled,T or staggered junction,53.528921,Daylight,457970,403940,-1.126947,E01007655,2,2,0,0,Dry,Single carriageway,None,30,16:30:00,Urban,Fine no high winds,No,16 - 20,12,Urban area,5,1242,None,None,Other/Not known (2005-10),Cleared junction or waiting/parked at junction exit,FIAT,PUNTO SX 60,Petrol,Female,None,No tow/articulation,Did not leave carriageway,0,Going ahead other,2,Car,No,Front,2010
201014B066610,A,628,NA,0,Slight,None,20-06-2010,Sunday,1,Not at junction or within 20 metres,Not at junction or within 20 metres,53.549809,Daylight,432430,406020,-1.512004,E01007442,1,2,0,4,Dry,Single carriageway,None,30,13:07:00,Urban,Fine no high winds,No,16 - 20,12,Urban area,1,1390,None,None,Other/Not known (2005-10),Not at or within 20 metres of junction,VOLKSWAGEN,POLO 1.4 CL,Petrol,Female,None,No tow/articulation,Did not leave carriageway,0,Waiting to go - held up,1,Car,No,Back,2010
201014C121010,Motorway,1,NA,0,Slight,None,30-09-2010,Thursday,1,Not at junction or within 20 metres,Not at junction or within 20 metres,53.398695,Daylight,443920,389300,-1.340927,E01007701,2,3,0,0,Dry,Dual carriageway,None,70,14:19:00,Rural,Fine no high winds,No,16 - 20,12,Urban area,8,998,None,Near/Offside crash barrier,Other/Not known (2005-10),Not at or within 20 metres of junction,NISSAN,MICRA EQUATION,Petrol,Female,Skidded,No tow/articulation,Did not leave carriageway,0,Going ahead other,1,Car,No,Front,2010
201014K200810,A,6178,NA,0,Slight,None,26-07-2010,Monday,1,Not at junction or within 20 metres,Not at junction or within 20 metres,53.410099,Daylight,439500,390530,-1.407245,E01007913,3,3,0,0,Wet or damp,Dual carriageway,None,30,16:10:00,Urban,Fine no high winds,No,16 - 20,12,Urban area,3,1124,None,None,Other/Not known (2005-10),Not at or within 20 metres of junction,CITROEN,SAXO X,Petrol,Female,None,No tow/articulation,Did not leave carriageway,0,Slowing or stopping,3,Car,No,Front,2010
2010160A00361,B,1210,NA,0,Slight,None,03-02-2010,Wednesday,1,Data missing or out of range,Not at junction or within 20 metres,53.59698,Daylight,518290,412640,-0.214038,E01013173,1,1,0,0,Frost or ice,Single carriageway,None,60,08:30:00,Rural,Fine no high winds,No,16 - 20,12,Urban area,5,1299,None,Other permanent object,Commuting to/from work,Not at or within 20 metres of junction,FORD,KA3,Petrol,Female,Skidded and overturned,No tow/articulation,Offside,0,Going ahead other,1,Car,No,Offside,2010
2010160C00841,A,1033,Unclassified,0,Slight,None,27-02-2010,Saturday,1,Give way or uncontrolled,More than 4 arms (not roundabout),53.713041,Daylight,523010,425680,-0.137599,E01013100,3,2,0,0,Dry,Single carriageway,None,40,16:05:00,Rural,Fine no high winds,No,16 - 20,12,Urban area,2,1299,None,None,Other/Not known (2005-10),Entering main road,FORD,KA 2,Petrol,Female,None,No tow/articulation,Did not leave carriageway,0,Turning right,2,Car,No,Front,2010
2010160C01031,A,1033,NA,0,Slight,None,02-03-2010,Tuesday,2,Data missing or out of range,Not at junction or within 20 metres,53.721437,Daylight,520520,426550,-0.174968,E01013100,4,2,0,0,Dry,Single carriageway,None,30,08:45:00,Rural,Fine no high winds,No,16 - 20,12,Small town,8,1590,None,None,Commuting to/from work,Not at or within 20 metres of junction,SUZUKI,BALENO GS,Petrol,Female,None,No tow/articulation,Did not leave carriageway,0,Going ahead other,1,Car,No,Front,2010
2010160C02031,A,1174,NA,0,Slight,None,18-03-2010,Thursday,1,Data missing or out of range,Not at junction or within 20 metres,53.821301,Daylight,506240,437320,-0.38758,E01013039,2,5,0,0,Wet or damp,Single carriageway,None,30,17:44:00,Rural,Fine no high winds,No,16 - 20,12,Urban area,1,1389,None,None,Commuting to/from work,Not at or within 20 metres of junction,VAUXHALL,CORSA BREEZE HI-TORQ,Petrol,Female,None,No tow/articulation,Did not leave carriageway,0,Slowing or stopping,2,Car,No,Back,2010
2010160C03671,Unclassified,0,Unclassified,0,Slight,None,29-06-2010,Tuesday,1,Give way or uncontrolled,Crossroads,53.838952,Daylight,503360,439220,-0.430674,E01013063,3,3,0,0,Dry,Dual carriageway,None,30,14:59:00,Urban,Fine no high winds,No,16 - 20,12,Urban area,10,1120,None,None,Other/Not known (2005-10),Mid Junction - on roundabout or on main road,ROVER,211I,Petrol,Female,None,No tow/articulation,Did not leave carriageway,0,Going ahead other,1,Car,No,Front,2010
2010160C04411,Unclassified,0,Unclassified,0,Slight,None,03-08-2010,Tuesday,1,Give way or uncontrolled,T or staggered junction,53.787794,Daylight,515910,433820,-0.242071,E01013032,1,1,0,0,Dry,Single carriageway,None,60,19:45:00,Rural,Fine no high winds,No,16 - 20,12,Small town,10,1299,None,Entered ditch,Other/Not known (2005-10),Cleared junction or waiting/parked at junction exit,FORD,KA 2,Petrol,Female,Overturned,No tow/articulation,Offside,0,Going ahead other,1,Car,No,Front,2010
2010160C06721,B,1239,NA,0,Slight,None,03-11-2010,Wednesday,1,Data missing or out of range,Not at junction or within 20 metres,53.770916,Daylight,517860,431990,-0.213186,E01013094,1,3,0,0,Wet or damp,Single carriageway,Roadworks,60,08:20:00,Rural,Fine no high winds,No,16 - 20,12,Small town,5,1299,None,None,Commuting to/from work,Not at or within 20 metres of junction,FORD,KA,Petrol,Female,Skidded,No tow/articulation,Did not leave carriageway,0,Going ahead left-hand bend,1,Car,No,Front,2010
2010160D01081,Unclassified,0,Unclassified,0,Slight,None,15-03-2010,Monday,1,Give way or uncontrolled,T or staggered junction,53.77347,Daylight,514460,432190,-0.264674,E01012836,1,1,0,0,Dry,Single carriageway,None,30,13:27:00,Urban,Fine no high winds,No,16 - 20,12,Urban area,1,973,None,None,Taking pupil to/from school,Cleared junction or waiting/parked at junction exit,VAUXHALL,CORSA GLS 12V,Petrol,Female,Skidded,No tow/articulation,Did not leave carriageway,0,Going ahead other,1,Car,No,Front,2010
2010160D02871,A,1105,Unclassified,0,Slight,None,16-06-2010,Wednesday,1,Auto traffic signal,Crossroads,53.743163,Daylight,508290,428670,-0.359487,E01012855,4,2,0,5,Dry,Single carriageway,None,30,13:05:00,Urban,Fine no high winds,No,16 - 20,12,Urban area,3,1242,None,None,Other/Not known (2005-10),Leaving main road,FIAT,PUNTO S 60,Petrol,Female,None,No tow/articulation,Did not leave carriageway,0,Turning right,1,Car,No,Offside,2010
201020D057013,A,452,A,452,Slight,None,20-02-2010,Saturday,2,Give way or uncontrolled,Roundabout,52.50715,Daylight,413940,289940,-1.796056,E01009080,1,2,0,0,Dry,Roundabout,None,30,13:30:00,Rural,Fine no high winds,No,16 - 20,12,Urban area,7,1299,None,None,Other/Not known (2005-10),Approaching junction or waiting/parked at junction approach,FORD,KA,Petrol,Female,None,No tow/articulation,Did not leave carriageway,0,Going ahead other,1,Car,No,Front,2010
201020H005110,B,4153,Unclassified,0,Slight,None,09-06-2010,Wednesday,2,Give way or uncontrolled,T or staggered junction,52.633165,Daylight,404780,303940,-1.930816,E01010252,1,2,0,0,Dry,Single carriageway,None,30,14:00:00,Urban,Fine no high winds,No,16 - 20,12,Urban area,6,1124,None,None,Other/Not known (2005-10),Cleared junction or waiting/parked at junction exit,PEUGEOT,106 LOOK+,Petrol,Female,None,No tow/articulation,Did not leave carriageway,0,Going ahead other,1,Car,No,Front,2010
201020K001611,B,4166,Unclassified,0,Slight,None,03-01-2010,Sunday,1,Give way or uncontrolled,T or staggered junction,52.527638,Daylight,397880,292200,-2.032691,E01009979,2,2,0,0,Frost or ice,Single carriageway,None,30,10:25:00,Urban,Fine no high winds,No,16 - 20,12,Urban area,2,1360,None,None,Other/Not known (2005-10),Cleared junction or waiting/parked at junction exit,PEUGEOT,306 VERVE,Petrol,Female,None,No tow/articulation,Did not leave carriageway,0,Turning right,1,Car,No,Front,2010
201020L005700,Unclassified,0,Unclassified,0,Slight,None,18-04-2010,Sunday,1,Give way or uncontrolled,T or staggered junction,52.4697,Daylight,418680,285790,-1.726451,E01010110,2,1,0,0,Dry,Single carriageway,None,30,13:01:00,Urban,Fine no high winds,No,16 - 20,12,Urban area,5,1124,Kerb,Other permanent object,Other/Not known (2005-10),Leaving main road,CITROEN,SAXO SX,Petrol,Female,None,No tow/articulation,Nearside,0,Turning right,1,Car,No,Nearside,2010
201020M013711,Unclassified,0,A,429,Slight,None,12-03-2010,Friday,2,Give way or uncontrolled,Roundabout,52.402669,Daylight,433180,278410,-1.513735,E01009548,2,2,0,0,Wet or damp,Roundabout,None,30,15:30:00,Urban,Fine no high winds,No,16 - 20,12,Urban area,2,998,None,None,Other/Not known (2005-10),Approaching junction or waiting/parked at junction approach,NISSAN,MICRA ALLY,Petrol,Female,None,No tow/articulation,Did not leave carriageway,0,Waiting to go - held up,2,Car,No,Back,2010
201020N016150,Unclassified,0,Unclassified,0,Slight,None,13-05-2010,Thursday,2,Give way or uncontrolled,Mini-roundabout,52.524573,Daylight,414620,291880,-1.785952,E01009096,2,2,0,0,Dry,Roundabout,None,30,16:40:00,Urban,Fine no high winds,No,16 - 20,12,Urban area,2,998,None,None,Other/Not known (2005-10),Mid Junction - on roundabout or on main road,NISSAN,MICRA GX AUTO,Petrol,Female,None,No tow/articulation,Did not leave carriageway,0,Going ahead other,2,Car,No,Front,2010
201022C003333,B,4637,NA,0,Slight,None,01-07-2010,Thursday,2,Data missing or out of range,Not at junction or within 20 metres,52.197705,Daylight,386280,255520,-2.202167,E01032313,1,2,0,0,Dry,Single carriageway,None,30,16:40:00,Urban,Fine no high winds,No,16 - 20,12,Urban area,8,998,Parked vehicle,None,Other/Not known (2005-10),Not at or within 20 metres of junction,NISSAN,MICRA EQUATION,Petrol,Female,None,No tow/articulation,Did not leave carriageway,0,Going ahead other,1,Car,No,Front,2010
201022C003511,A,44,Unclassified,0,Slight,None,12-07-2010,Monday,2,Give way or uncontrolled,Other junction,52.191733,Daylight,384840,254860,-2.223206,E01032291,2,2,0,4,Wet or damp,Dual carriageway,None,30,10:15:00,Urban,Fine no high winds,No,16 - 20,12,Urban area,2,1389,None,None,Other/Not known (2005-10),Approaching junction or waiting/parked at junction approach,VAUXHALL,CORSA BREEZE HI-TORQ,Petrol,Female,None,No tow/articulation,Did not leave carriageway,0,Going ahead other,2,Car,No,Front,2010
201022C005746,A,4440,A,4440,Slight,None,18-11-2010,Thursday,2,Give way or uncontrolled,Roundabout,52.176963,Daylight,387360,253210,-2.186279,E01032403,1,2,0,0,Dry,Single carriageway,None,30,09:30:00,Rural,Fine no high winds,No,16 - 20,12,Rural,7,1905,None,None,Other/Not known (2005-10),Entering roundabout,CITROEN,ZX 1.9 D LEADER,Heavy oil,Female,None,No tow/articulation,Did not leave carriageway,0,Turning right,1,Car,No,Front,2010
201022E003974,A,417,NA,0,Slight,None,06-08-2010,Friday,1,Data missing or out of range,Not at junction or within 20 metres,52.02749,Daylight,371570,236650,-2.415803,E01014036,2,4,0,0,Dry,Single carriageway,None,60,15:00:00,Rural,Fine no high winds,No,16 - 20,12,Rural,6,1299,None,None,Other/Not known (2005-10),Not at or within 20 metres of junction,FORD,KA,Petrol,Female,None,No tow/articulation,Did not leave carriageway,0,Going ahead other,4,Car,No,Front,2010
201022F000716,B,5062,NA,0,Slight,None,09-02-2010,Tuesday,1,Data missing or out of range,Not at junction or within 20 metres,52.727687,Daylight,353020,314680,-2.697118,E01028959,1,3,0,0,Dry,Single carriageway,None,60,08:30:00,Rural,Fine no high winds,No,16 - 20,12,Urban area,9,1905,None,None,Journey as part of work,Not at or within 20 metres of junction,PEUGEOT,306 L D,Heavy oil,Female,None,No tow/articulation,Did not leave carriageway,0,Overtaking moving vehicle - offside,1,Car,No,Offside,2010
201022F000790,Unclassified,0,Unclassified,0,Slight,None,10-02-2010,Wednesday,1,Give way or uncontrolled,T or staggered junction,52.373663,Daylight,351730,275310,-2.71048,E01029006,1,2,0,0,Dry,Single carriageway,None,30,08:47:00,Rural,Fine no high winds,No,16 - 20,12,Small town,3,1242,None,None,Taking pupil to/from school,Cleared junction or waiting/parked at junction exit,FIAT,PUNTO SX 75,Petrol,Female,None,No tow/articulation,Did not leave carriageway,0,Parked,2,Car,No,Nearside,2010
201022F002726,Unclassified,0,NA,0,Slight,None,26-05-2010,Wednesday,1,Data missing or out of range,Not at junction or within 20 metres,52.372884,Daylight,352070,275220,-2.705473,E01029007,1,1,0,0,Dry,Single carriageway,None,30,15:00:00,Rural,Fine no high winds,No,16 - 20,12,Rural,4,1390,None,None,Other/Not known (2005-10),Not at or within 20 metres of junction,VOLKSWAGEN,POLO 1.4 CL,Petrol,Female,Skidded,No tow/articulation,Did not leave carriageway,0,Going ahead other,1,Car,No,Nearside,2010
201030C000406,B,6051,Unclassified,0,Slight,None,03-07-2010,Saturday,1,Give way or uncontrolled,Private drive or entrance,53.250283,Daylight,437050,372730,-1.446176,E01019537,1,2,0,0,Dry,Single carriageway,None,30,12:25:00,Urban,Fine no high winds,No,16 - 20,12,Urban area,5,998,None,None,Other/Not known (2005-10),Entering main road,NISSAN,MICRA TWISTER,Petrol,Female,None,No tow/articulation,Did not leave carriageway,0,Turning right,2,Car,No,Front,2010
201030C000758,Unclassified,0,NA,0,Slight,None,01-11-2010,Monday,1,Data missing or out of range,Not at junction or within 20 metres,53.01499,Daylight,442660,346600,-1.36557,E01019438,1,2,0,0,Wet or damp,Single carriageway,None,30,15:20:00,Urban,Fine no high winds,No,16 - 20,12,Urban area,4,1299,None,None,Journey as part of work,Not at or within 20 metres of junction,FORD,KA 2,Petrol,Female,None,No tow/articulation,Did not leave carriageway,0,Going ahead other,1,Car,No,Front,2010
201030D000539,C,1,NA,0,Slight,None,17-06-2010,Thursday,1,Data missing or out of range,Not at junction or within 20 metres,52.948957,Daylight,433250,339180,-1.506589,E01019472,2,4,0,0,Dry,Single carriageway,None,40,17:40:00,Rural,Fine no high winds,No,16 - 20,12,Urban area,3,1389,None,None,Other/Not known (2005-10),Not at or within 20 metres of junction,VAUXHALL,CORSA BREEZE HI-TORQ,Petrol,Female,Skidded,No tow/articulation,Did not leave carriageway,0,Going ahead other,3,Car,No,Front,2010
201030D001064,C,370,NA,0,Slight,None,30-10-2010,Saturday,1,Data missing or out of range,Not at junction or within 20 metres,52.763613,Daylight,429920,318540,-1.558037,E01019837,2,2,0,0,Dry,Single carriageway,None,30,17:09:00,Urban,Fine no high winds,No,16 - 20,12,Urban area,6,1124,None,None,Other/Not known (2005-10),Not at or within 20 metres of junction,CITROEN,SAXO X,Petrol,Female,None,No tow/articulation,Did not leave carriageway,0,Going ahead other,2,Car,No,Offside,2010
20103102C1503,A,453,Unclassified,0,Slight,None,22-06-2010,Tuesday,2,Auto traffic signal,Crossroads,52.938745,Daylight,456530,338260,-1.1603,E01013870,1,2,0,0,Dry,Single carriageway,None,40,09:20:00,Urban,Fine no high winds,No,16 - 20,12,Urban area,9,1299,None,None,Commuting to/from work,Approaching junction or waiting/parked at junction approach,FORD,KA,Petrol,Female,None,No tow/articulation,Did not leave carriageway,0,Waiting to go - held up,2,Car,No,Back,2010
20103102D1096,A,46,A,52,Slight,None,14-04-2010,Wednesday,2,Give way or uncontrolled,Roundabout,52.949719,Daylight,468790,339640,-0.977611,E01028360,1,2,0,0,Dry,Roundabout,None,60,17:15:00,Rural,Fine no high winds,No,16 - 20,12,Urban area,9,1390,None,None,Commuting to/from work,Approaching junction or waiting/parked at junction approach,VOLKSWAGEN,POLO 1.4 CL,Petrol,Female,None,No tow/articulation,Did not leave carriageway,0,Waiting to go - held up,2,Car,No,Back,2010
20103102D1162,C,160,NA,0,Slight,None,13-05-2010,Thursday,1,Data missing or out of range,Not at junction or within 20 metres,52.914441,Daylight,451500,335500,-1.235575,E01028099,1,2,0,0,Dry,Single carriageway,None,30,07:39:00,Urban,Fine no high winds,No,16 - 20,12,Urban area,10,1124,Parked vehicle,None,Journey as part of work,Not at or within 20 metres of junction,PEUGEOT,106 XN ZEST 2,Petrol,Female,None,No tow/articulation,Did not leave carriageway,0,Going ahead right-hand bend,1,Car,No,Front,2010
201032C048210,A,52,C,541,Slight,None,20-02-2010,Saturday,1,Give way or uncontrolled,T or staggered junction,53.161171,Daylight,556820,365240,0.344191,E01026116,3,2,0,0,Dry,Single carriageway,None,30,09:56:00,Urban,Fine no high winds,No,16 - 20,12,Urban area,1,1124,None,None,Other/Not known (2005-10),Approaching junction or waiting/parked at junction approach,CITROEN,SAXO SX,Petrol,Female,None,No tow/articulation,Did not leave carriageway,0,Going ahead other,2,Car,No,Front,2010
201032C147310,A,16,A,18,Slight,None,24-05-2010,Monday,1,Give way or uncontrolled,More than 4 arms (not roundabout),53.4338,Daylight,530230,394790,-0.04114,E01026080,1,2,0,4,Dry,Single carriageway,None,60,13:10:00,Rural,Fine no high winds,No,16 - 20,12,Urban area,5,973,None,None,Other/Not known (2005-10),Approaching junction or waiting/parked at junction approach,VAUXHALL,CORSA BREEZE 12V,Petrol,Female,None,No tow/articulation,Did not leave carriageway,0,Going ahead other,2,Car,No,Front,2010
201032C207210,A,16,NA,0,Slight,None,20-07-2010,Tuesday,1,Data missing or out of range,Not at junction or within 20 metres,52.891973,Daylight,529140,334450,-0.081868,E01026017,1,2,0,0,Dry,Single carriageway,None,60,09:40:00,Rural,Fine no high winds,No,16 - 20,12,Rural,3,1124,None,Other permanent object,Other/Not known (2005-10),Not at or within 20 metres of junction,PEUGEOT,106 LOOK2,Petrol,Female,Skidded,No tow/articulation,Offside,0,Going ahead other,2,Car,No,Offside,2010
201032D171610,Unclassified,0,NA,0,Slight,None,16-06-2010,Wednesday,1,Data missing or out of range,Not at junction or within 20 metres,53.384398,Daylight,511320,388810,-0.327754,E01026389,1,1,0,0,Dry,Single carriageway,None,30,09:56:00,Rural,Fine no high winds,No,16 - 20,12,Rural,6,49,None,None,Pupil riding to/from school,Not at or within 20 metres of junction,SUZUKI,AP 50,Petrol,Female,None,No tow/articulation,Did not leave carriageway,0,Turning right,1,Motorcycle 50cc and under,No,Did not impact,2010
201034NC40540,C,29,NA,0,Slight,None,06-10-2010,Wednesday,1,Data missing or out of range,Not at junction or within 20 metres,52.51885,Daylight,491250,292070,-0.656622,E01027043,2,2,0,0,Dry,Single carriageway,None,60,13:10:00,Rural,Fine no high winds,No,16 - 20,12,Urban area,2,998,None,None,Other/Not known (2005-10),Not at or within 20 metres of junction,NISSAN,MICRA TWISTER,Petrol,Female,None,No tow/articulation,Did not leave carriageway,0,Going ahead left-hand bend,2,Car,No,Offside,2010
201034NK11890,A,6098,Unclassified,0,Slight,None,17-03-2010,Wednesday,2,Give way or uncontrolled,T or staggered junction,52.388899,Daylight,487880,277550,-0.710094,E01027099,1,2,0,0,Dry,Single carriageway,None,30,15:15:00,Urban,Fine no high winds,No,16 - 20,12,Urban area,2,49,None,None,Pupil riding to/from school,Mid Junction - on roundabout or on main road,PEUGEOT,ZENITH SPORT,Petrol,Female,None,No tow/articulation,Did not leave carriageway,0,Going ahead other,2,Motorcycle 50cc and under,No,Front,2010
201034NK14610,A,43,A,6900,Slight,None,07-04-2010,Wednesday,2,Auto traffic signal,Roundabout,52.420471,Daylight,486600,281040,-0.727996,E01027089,1,2,0,0,Dry,Roundabout,None,30,16:45:00,Rural,Fine no high winds,No,16 - 20,12,Data missing or out of range,NA,1598,None,None,Other/Not known (2005-10),Mid Junction - on roundabout or on main road,MERCEDES,A160 AVANTGARDE,Petrol,Female,None,No tow/articulation,Did not leave carriageway,0,Turning right,1,Car,No,Front,2010
201050AH3U004,C,84,NA,0,Slight,None,14-06-2021,Saturday,1,Data missing or out of range,Not at junction or within 20 metres,13.03390987,Daylight,171650,32230,77.53011395,E01018880,2,2,0,0,Frost or ice,Single carriageway,None,60,12:34:00,Rural,Fog or mist,No,16 - 20,12,Rural,5,1905,None,None,Other/Not known (2005-10),Not at or within 20 metres of junction,PEUGEOT,306 LX D,Heavy oil,Female,None,No tow/articulation,Did not leave carriageway,0,Going ahead other,2,Car,No,Offside,2020
201050AH3U004,C,84,NA,0,Slight,None,18-12-2010,Saturday,1,Data missing or out of range,Not at junction or within 20 metres,50.145993,Daylight,171650,32230,-5.197586,E01018880,2,2,0,0,Frost or ice,Single carriageway,None,60,12:34:00,Rural,Fog or mist,No,16 - 20,12,Rural,5,1905,None,None,Other/Not known (2005-10),Not at or within 20 metres of junction,PEUGEOT,306 LX D,Heavy oil,Female,None,No tow/articulation,Did not leave carriageway,0,Going ahead other,2,Car,No,Offside,2010
201022F100056,A,417,NA,0,Slight,None,30-12-2010,Thursday,1,Data missing or out of range,Not at junction or within 20 metres,52.382256,Daylight,354440,276240,-2.670802,E01028993,2,2,0,0,Wet or damp,Single carriageway,None,60,07:00:00,Rural,Fog or mist,No,16 - 20,12,Rural,NA,1868,None,None,Other/Not known (2005-10),Not at or within 20 metres of junction,PEUGEOT,206 L D,Heavy oil,Female,None,No tow/articulation,Did not leave carriageway,0,Going ahead right-hand bend,1,Car,No,Front,2010
201042I340110,Unclassified,0,NA,0,Slight,None,26-06-2021,Tuesday,1,Not at junction or within 20 metres,Not at junction or within 20 metres,14.6829527,Daylight,561150,177980,78.48119567,E01015953,1,1,0,8,Wet or damp,Single carriageway,None,30,06:15:00,Urban,Other,No,16 - 20,12,Urban area,3,1242,Bollard or refuge,Other permanent object,Journey as part of work,Not at or within 20 metres of junction,FIAT,PUNTO S 60,Petrol,Male,Overturned,No tow/articulation,Nearside,0,Going ahead right-hand bend,1,Car,No,Front,2019
201037L017681,B,1126,NA,0,Slight,None,28-11-2019,Friday,1,Data missing or out of range,Not at junction or within 20 metres,23.03063724,Daylight,647350,278590,72.53301405,E01030229,1,1,0,0,Frost or ice,Single carriageway,None,60,15:34:00,Rural,Other,No,16 - 20,12,Rural,6,1994,None,Other permanent object,Other/Not known (2005-10),Not at or within 20 metres of junction,ROVER,420 SDI TURBO,Heavy oil,Male,Skidded,No tow/articulation,Nearside,0,Going ahead right-hand bend,1,Car,No,Front,2019
20104100D0492,A,414,C,76,Slight,None,02-06-2019,Thursday,2,Give way or uncontrolled,Roundabout,18.64474701,Daylight,505520,206350,73.90500545,E01023388,3,2,0,0,Wet or damp,Roundabout,None,30,14:40:00,Urban,Other,No,16 - 20,12,Urban area,5,973,None,None,Other/Not known (2005-10),Mid Junction - on roundabout or on main road,VAUXHALL,CORSA BREEZE 12V,Petrol,Male,None,No tow/articulation,Did not leave carriageway,0,Turning right,2,Car,No,Nearside,2021
201045RU47296,Unclassified,7007,NA,0,Slight,Other object on road,27-02-2020,Friday,2,Data missing or out of range,Not at junction or within 20 metres,18.52851061,Daylight,500040,171070,73.7627488,E01030672,1,2,0,0,Snow,Single carriageway,Road surface defective,30,14:20:00,Urban,Other,No,16 - 20,12,Urban area,6,1995,None,None,Other/Not known (2005-10),Not at or within 20 metres of junction,VAUXHALL,ASTRA CD DI 16V,Heavy oil,Male,None,No tow/articulation,Did not leave carriageway,0,Going ahead other,2,Car,No,Front,2021
201050CS2F017,B,3226,NA,0,Slight,None,12-07-2020,Saturday,1,Not at junction or within 20 metres,Not at junction or within 20 metres,14.74141002,Daylight,269940,124920,78.46843266,E01020136,1,1,0,0,Wet or damp,Single carriageway,None,60,06:14:00,Rural,Other,No,16 - 20,12,Small town,6,1289,None,Telegraph or electricity pole,Other/Not known (2005-10),Not at or within 20 metres of junction,SKODA,FELICIA L,Petrol,Male,Skidded and overturned,No tow/articulation,Nearside,0,Going ahead other,1,Car,No,Offside,2019
201037L017681,B,1126,NA,0,Slight,None,01-01-2010,Friday,1,Data missing or out of range,Not at junction or within 20 metres,52.349495,Daylight,647350,278590,1.630525,E01030229,1,1,0,0,Frost or ice,Single carriageway,None,60,15:34:00,Rural,Other,No,16 - 20,12,Rural,6,1994,None,Other permanent object,Other/Not known (2005-10),Not at or within 20 metres of junction,ROVER,420 SDI TURBO,Heavy oil,Male,Skidded,No tow/articulation,Nearside,0,Going ahead right-hand bend,1,Car,No,Front,2010
20104100D0492,A,414,C,76,Slight,None,15-07-2010,Thursday,2,Give way or uncontrolled,Roundabout,51.745875,Daylight,505520,206350,-0.472967,E01023388,3,2,0,0,Wet or damp,Roundabout,None,30,14:40:00,Urban,Other,No,16 - 20,12,Urban area,5,973,None,None,Other/Not known (2005-10),Mid Junction - on roundabout or on main road,VAUXHALL,CORSA BREEZE 12V,Petrol,Male,None,No tow/articulation,Did not leave carriageway,0,Turning right,2,Car,No,Nearside,2010
201042I340110,Unclassified,0,NA,0,Slight,None,19-10-2010,Tuesday,1,Not at junction or within 20 metres,Not at junction or within 20 metres,51.477772,Daylight,561150,177980,0.319204,E01015953,1,1,0,8,Wet or damp,Single carriageway,None,30,06:15:00,Urban,Other,No,16 - 20,12,Urban area,3,1242,Bollard or refuge,Other permanent object,Journey as part of work,Not at or within 20 metres of junction,FIAT,PUNTO S 60,Petrol,Male,Overturned,No tow/articulation,Nearside,0,Going ahead right-hand bend,1,Car,No,Front,2010
201045RU47296,Unclassified,7007,NA,0,Slight,Other object on road,08-01-2010,Friday,2,Data missing or out of range,Not at junction or within 20 metres,51.429759,Daylight,500040,171070,-0.562362,E01030672,1,2,0,0,Snow,Single carriageway,Road surface defective,30,14:20:00,Urban,Other,No,16 - 20,12,Urban area,6,1995,None,None,Other/Not known (2005-10),Not at or within 20 metres of junction,VAUXHALL,ASTRA CD DI 16V,Heavy oil,Male,None,No tow/articulation,Did not leave carriageway,0,Going ahead other,2,Car,No,Front,2010
201050CS2F017,B,3226,NA,0,Slight,None,31-07-2010,Saturday,1,Not at junction or within 20 metres,Not at junction or within 20 metres,51.00886,Daylight,269940,124920,-3.855307,E01020136,1,1,0,0,Wet or damp,Single carriageway,None,60,06:14:00,Rural,Other,No,16 - 20,12,Small town,6,1289,None,Telegraph or electricity pole,Other/Not known (2005-10),Not at or within 20 metres of junction,SKODA,FELICIA L,Petrol,Male,Skidded and overturned,No tow/articulation,Nearside,0,Going ahead other,1,Car,No,Offside,2010
201006P040312,C,0,Unclassified,0,Slight,None,09-12-2010,Thursday,2,Give way or uncontrolled,T or staggered junction,53.552876,Daylight,386530,406270,-2.204795,E01005553,1,2,0,0,Dry,Single carriageway,None,30,08:40:00,Urban,Other,No,16 - 20,12,Urban area,1,1527,Kerb,None,Pupil riding to/from school,Approaching junction or waiting/parked at junction approach,PEUGEOT,106 XRD,Heavy oil,Male,Skidded,No tow/articulation,Did not leave carriageway,0,Slowing or stopping,1,Car,No,Back,2010