Accident_Index,1st_Road_Class,1st_Road_Number,2nd_Road_Class,2nd_Road_Number,Accident_Severity,Carriageway_Hazards,Date,Day_of_Week,Did_Police_Officer_Attend_Scene_of_Accident,Junction_Control,Junction_Detail,Latitude,Light_Conditions,Location_Easting_OSGR,Location_Northing_OSGR,Longitude,LSOA_of_Accident_Location,Number_of_Casualties,Number_of_Vehicles,Pedestrian_Crossing-Human_Control,Pedestrian_Crossing-Physical_Facilities,Road_Surface_Conditions,Road_Type,Special_Conditions_at_Site,Speed_limit,Time,Urban_or_Rural_Area,Weather_Conditions,InScotland,Age_Band_of_Driver,Age_of_Vehicle,Driver_Home_Area_Type,Driver_IMD_Decile,Engine_Capacity_.CC.,Hit_Object_in_Carriageway,Hit_Object_off_Carriageway,Journey_Purpose_of_Driver,Junction_Location,make,model,Propulsion_Code,Sex_of_Driver,Skidding_and_Overturning,Towing_and_Articulation,Vehicle_Leaving_Carriageway,Vehicle_Location.Restricted_Lane,Vehicle_Manoeuvre,Vehicle_Reference,Vehicle_Type,Was_Vehicle_Left_Hand_Drive,X1st_Point_of_Impact,Year
201020N051730,A,38,Unclassified,0,Slight,None,15-10-2010,Friday,1,Auto traffic signal,T or staggered junction,52.513044,Daylight,411750,290590,-1.828299,E01009102,2,2,0,0,Wet or damp,Dual carriageway,None,40,17:36:00,Urban,Other,No,16 - 20,12,Urban area,4,1242,None,None,Other/Not known (2005-10),Mid Junction - on roundabout or on main road,FORD,FIESTA GHIA 16V,Petrol,Male,None,No tow/articulation,Did not leave carriageway,0,Going ahead other,2,Car,No,Offside,2010
201030D000743,Unclassified,0,Unclassified,0,Slight,None,12-08-2010,Thursday,1,Give way or uncontrolled,T or staggered junction,52.935321,Daylight,438250,337700,-1.432351,E01013513,1,2,0,0,Wet or damp,Single carriageway,None,30,18:05:00,Urban,Other,No,16 - 20,12,Urban area,6,1242,None,None,Other/Not known (2005-10),Mid Junction - on roundabout or on main road,FIAT,PUNTO S 60,Petrol,Male,None,No tow/articulation,Did not leave carriageway,0,Going ahead left-hand bend,1,Car,No,Front,2010
201043P024050,Unclassified,390,Unclassified,0,Slight,None,25-09-2021,Monday,1,Auto traffic signal,Crossroads,25.79071095,Daylight,460730,189480,87.48204465,E01028677,1,1,0,5,Wet or damp,Single carriageway,None,30,14:26:00,Rural,Other,No,16 - 20,12,Small town,9,1124,None,Other permanent object,Other/Not known (2005-10),Mid Junction - on roundabout or on main road,CITROEN,SAXO SX,Petrol,Female,None,No tow/articulation,Nearside,0,Turning left,1,Car,No,Offside,2019
201043P024050,Unclassified,390,Unclassified,0,Slight,None,03-05-2010,Monday,1,Auto traffic signal,Crossroads,51.600846,Daylight,460730,189480,-1.124564,E01028677,1,1,0,5,Wet or damp,Single carriageway,None,30,14:26:00,Rural,Other,No,16 - 20,12,Small town,9,1124,None,Other permanent object,Other/Not known (2005-10),Mid Junction - on roundabout or on main road,CITROEN,SAXO SX,Petrol,Female,None,No tow/articulation,Nearside,0,Turning left,1,Car,No,Offside,2010
201060L224790,B,5111,NA,0,Slight,None,06-12-2010,Monday,1,Data missing or out of range,Not at junction or within 20 metres,53.27211,Daylight,245890,377510,-4.312546,W01000014,1,2,0,0,Dry,Single carriageway,None,30,14:40:00,Rural,Other,No,16 - 20,12,Rural,NA,1242,None,Other permanent object,Other/Not known (2005-10),Not at or within 20 metres of junction,FIAT,PUNTO SX 60,Petrol,Female,None,No tow/articulation,Nearside and rebounded,0,Going ahead right-hand bend,1,Car,No,Nearside,2010
201006L026457,B,5239,C,0,Slight,None,09-01-2010,Saturday,1,Give way or uncontrolled,T or staggered junction,53.563361,Daylight,362100,407570,-2.573691,E01006236,2,1,0,0,Frost or ice,Roundabout,None,30,13:55:00,Rural,Other,No,16 - 20,12,Urban area,3,954,None,Road sign or traffic signal,Other/Not known (2005-10),Leaving roundabout,CITROEN,SAXO OPEN SCANDAL,Petrol,Female,Skidded,No tow/articulation,Did not leave carriageway,0,Turning right,1,Car,No,Front,2010
201050CD2J002,Unclassified,0,Unclassified,0,Slight,None,01-11-2020,Wednesday,1,Give way or uncontrolled,Crossroads,28.59929575,Daylight,234940,121900,77.31325468,E01020288,5,2,0,0,Wet or damp,Single carriageway,Road sign or marking defective or obscured,60,15:34:00,Rural,Raining + high winds,No,16 - 20,12,Rural,5,1905,None,None,Other/Not known (2005-10),Mid Junction - on roundabout or on main road,PEUGEOT,306 D TURBO,Heavy oil,Male,Skidded,No tow/articulation,Nearside,0,Going ahead other,2,Car,No,Front,2020
201050CD2J002,Unclassified,0,Unclassified,0,Slight,None,03-11-2010,Wednesday,1,Give way or uncontrolled,Crossroads,50.972743,Daylight,234940,121900,-4.352432,E01020288,5,2,0,0,Wet or damp,Single carriageway,Road sign or marking defective or obscured,60,15:34:00,Rural,Raining + high winds,No,16 - 20,12,Rural,5,1905,None,None,Other/Not known (2005-10),Mid Junction - on roundabout or on main road,PEUGEOT,306 D TURBO,Heavy oil,Male,Skidded,No tow/articulation,Nearside,0,Going ahead other,2,Car,No,Front,2010
201004EA10247,Unclassified,0,Unclassified,0,Slight,None,12-08-2010,Thursday,1,Give way or uncontrolled,T or staggered junction,53.731715,Daylight,370600,426240,-2.447135,E01012632,1,2,0,0,Wet or damp,Single carriageway,None,30,17:15:00,Urban,Raining + high winds,No,16 - 20,12,Urban area,3,1242,None,None,Other/Not known (2005-10),Entering main road,FIAT,PUNTO 60 TEAM,Petrol,Female,None,No tow/articulation,Did not leave carriageway,0,Moving off,1,Car,No,Front,2010
2010160D05491,Unclassified,0,Unclassified,0,Slight,None,01-10-2010,Friday,1,Give way or uncontrolled,Crossroads,53.743299,Daylight,509360,428710,-0.343256,E01012853,1,2,0,0,Wet or damp,Single carriageway,None,30,17:30:00,Urban,Raining + high winds,No,16 - 20,12,Urban area,1,1299,None,None,Other/Not known (2005-10),Leaving main road,FORD,KA,Petrol,Female,None,No tow/articulation,Did not leave carriageway,0,Turning right,1,Car,No,Nearside,2010
201034NW29300,C,4,NA,0,Slight,None,27-05-2020,Thursday,1,Data missing or out of range,Not at junction or within 20 metres,14.68546456,Daylight,483860,268120,78.52420144,E01027353,1,1,0,0,Wet or damp,Single carriageway,None,60,08:45:00,Rural,Raining no high winds,No,16 - 20,12,Urban area,7,1396,None,None,Commuting to/from work,Not at or within 20 metres of junction,HONDA,CIVIC ILLUSION,Petrol,Male,None,No tow/articulation,Offside,0,Going ahead left-hand bend,1,Car,No,Front,2019
201050GT4A015,A,390,Unclassified,0,Slight,None,24-02-2020,Wednesday,1,Auto traffic signal,Roundabout,22.70077006,Daylight,178940,45060,75.84437442,E01018855,1,3,0,1,Wet or damp,Dual carriageway,None,40,12:19:00,Urban,Raining no high winds,No,16 - 20,12,Urban area,8,973,None,None,Other/Not known (2005-10),Approaching junction or waiting/parked at junction approach,VAUXHALL,CORSA BREEZE 12V,Petrol,Male,Skidded,No tow/articulation,Did not leave carriageway,0,Slowing or stopping,1,Car,No,Front,2020
201050EK2B013,Unclassified,0,NA,0,Slight,None,17-03-2020,Thursday,1,Not at junction or within 20 metres,Not at junction or within 20 metres,18.59745134,Daylight,250740,53130,73.86200734,E01015136,1,2,0,0,Wet or damp,Single carriageway,None,30,17:03:00,Urban,Raining no high winds,No,16 - 20,12,Urban area,5,49,None,None,Other/Not known (2005-10),Not at or within 20 metres of junction,APRILIA,,Petrol,Male,Overturned,No tow/articulation,Did not leave carriageway,0,Going ahead right-hand bend,1,Motorcycle 50cc and under,No,Front,2021
201045RE48456,A,217,NA,0,Slight,None,27-03-2019,Friday,1,Data missing or out of range,Not at junction or within 20 metres,18.57593777,Daylight,524790,159680,73.91586691,E01030560,2,4,0,0,Wet or damp,Dual carriageway,None,40,08:19:00,Rural,Raining no high winds,No,16 - 20,12,Urban area,10,1598,None,None,Other/Not known (2005-10),Not at or within 20 metres of junction,VAUXHALL,CORSA SPORT 1.6I,Petrol,Male,None,No tow/articulation,Did not leave carriageway,0,Slowing or stopping,1,Car,No,Front,2021
201045RE49487,Unclassified,1151,NA,0,Slight,None,31-10-2019,Wednesday,1,Data missing or out of range,Not at junction or within 20 metres,18.54089041,Daylight,527280,157100,73.78925048,E01030567,1,1,0,0,Wet or damp,One way street,Mud,30,15:38:00,Rural,Raining no high winds,No,16 - 20,12,Data missing or out of range,NA,973,None,None,Other/Not known (2005-10),Not at or within 20 metres of junction,VAUXHALL,CORSA BREEZE 12V,Petrol,Male,Skidded and overturned,No tow/articulation,Did not leave carriageway,0,Going ahead left-hand bend,1,Car,No,Offside,2021
201050FT2D026,Unclassified,0,NA,0,Slight,None,27-08-2020,Friday,1,Not at junction or within 20 metres,Not at junction or within 20 metres,19.17435355,Daylight,292510,65260,72.85521401,E01015243,1,1,0,0,Wet or damp,Single carriageway,None,30,10:20:00,Urban,Raining no high winds,No,16 - 20,12,Urban area,3,1389,None,None,Other/Not known (2005-10),Not at or within 20 metres of junction,VAUXHALL,CORSA BREEZE HI-TORQ,Petrol,Male,Skidded,No tow/articulation,Did not leave carriageway,0,Going ahead other,1,Car,No,Front,2021
20105500D1031,Unclassified,0,Unclassified,0,Slight,None,26-06-2021,Thursday,1,Give way or uncontrolled,T or staggered junction,17.22776573,Daylight,405810,101020,78.34053319,E01020408,1,2,0,0,Wet or damp,Single carriageway,None,30,16:30:00,Urban,Raining no high winds,No,16 - 20,12,Urban area,1,100,None,None,Commuting to/from work,Approaching junction or waiting/parked at junction approach,PEUGEOT,SPEEDFIGHT 100,Petrol,Male,None,No tow/articulation,Did not leave carriageway,0,Overtaking static vehicle - offside,2,Motorcycle 125cc and under,No,Front,2021
201001JC30055,B,160,A,104,Slight,None,08-02-2010,Monday,1,Give way or uncontrolled,Crossroads,51.581584,Daylight,538670,188870,-0.000001,E01004467,1,2,0,1,Wet or damp,Single carriageway,None,30,13:45:00,Urban,Raining no high winds,No,16 - 20,12,Urban area,2,998,None,None,Other/Not known (2005-10),Cleared junction or waiting/parked at junction exit,NISSAN,MICRA EQUATION,Petrol,Male,None,No tow/articulation,Did not leave carriageway,0,Going ahead other,1,Car,No,Nearside,2010
201034NW29300,C,4,NA,0,Slight,None,15-07-2010,Thursday,1,Data missing or out of range,Not at junction or within 20 metres,52.304769,Daylight,483860,268120,-0.771502,E01027353,1,1,0,0,Wet or damp,Single carriageway,None,60,08:45:00,Rural,Raining no high winds,No,16 - 20,12,Urban area,7,1396,None,None,Commuting to/from work,Not at or within 20 metres of junction,HONDA,CIVIC ILLUSION,Petrol,Male,None,No tow/articulation,Offside,0,Going ahead left-hand bend,1,Car,No,Front,2010
201045RE48456,A,217,NA,0,Slight,None,29-01-2010,Friday,1,Data missing or out of range,Not at junction or within 20 metres,51.322487,Daylight,524790,159680,-0.210507,E01030560,2,4,0,0,Wet or damp,Dual carriageway,None,40,08:19:00,Rural,Raining no high winds,No,16 - 20,12,Urban area,10,1598,None,None,Other/Not known (2005-10),Not at or within 20 metres of junction,VAUXHALL,CORSA SPORT 1.6I,Petrol,Male,None,No tow/articulation,Did not leave carriageway,0,Slowing or stopping,1,Car,No,Front,2010
201045RE49487,Unclassified,1151,NA,0,Slight,None,24-02-2010,Wednesday,1,Data missing or out of range,Not at junction or within 20 metres,51.298748,Daylight,527280,157100,-0.175711,E01030567,1,1,0,0,Wet or damp,One way street,Mud,30,15:38:00,Rural,Raining no high winds,No,16 - 20,12,Data missing or out of range,NA,973,None,None,Other/Not known (2005-10),Not at or within 20 metres of junction,VAUXHALL,CORSA BREEZE 12V,Petrol,Male,Skidded and overturned,No tow/articulation,Did not leave carriageway,0,Going ahead left-hand bend,1,Car,No,Offside,2010
201050EK2B013,Unclassified,0,NA,0,Slight,None,29-04-2010,Thursday,1,Not at junction or within 20 metres,Not at junction or within 20 metres,50.359034,Daylight,250740,53130,-4.099798,E01015136,1,2,0,0,Wet or damp,Single carriageway,None,30,17:03:00,Urban,Raining no high winds,No,16 - 20,12,Urban area,5,49,None,None,Other/Not known (2005-10),Not at or within 20 metres of junction,APRILIA,,Petrol,Male,Overturned,No tow/articulation,Did not leave carriageway,0,Going ahead right-hand bend,1,Motorcycle 50cc and under,No,Front,2010
201050FT2D026,Unclassified,0,NA,0,Slight,None,12-11-2010,Friday,1,Not at junction or within 20 metres,Not at junction or within 20 metres,50.477203,Daylight,292510,65260,-3.516298,E01015243,1,1,0,0,Wet or damp,Single carriageway,None,30,10:20:00,Urban,Raining no high winds,No,16 - 20,12,Urban area,3,1389,None,None,Other/Not known (2005-10),Not at or within 20 metres of junction,VAUXHALL,CORSA BREEZE HI-TORQ,Petrol,Male,Skidded,No tow/articulation,Did not leave carriageway,0,Going ahead other,1,Car,No,Front,2010
201050GT4A015,A,390,Unclassified,0,Slight,None,03-11-2010,Wednesday,1,Auto traffic signal,Roundabout,50.263976,Daylight,178940,45060,-5.103178,E01018855,1,3,0,1,Wet or damp,Dual carriageway,None,40,12:19:00,Urban,Raining no high winds,No,16 - 20,12,Urban area,8,973,None,None,Other/Not known (2005-10),Approaching junction or waiting/parked at junction approach,VAUXHALL,CORSA BREEZE 12V,Petrol,Male,Skidded,No tow/articulation,Did not leave carriageway,0,Slowing or stopping,1,Car,No,Front,2010
20105500D1031,Unclassified,0,Unclassified,0,Slight,None,18-03-2010,Thursday,1,Give way or uncontrolled,T or staggered junction,50.80864,Daylight,405810,101020,-1.918928,E01020408,1,2,0,0,Wet or damp,Single carriageway,None,30,16:30:00,Urban,Raining no high winds,No,16 - 20,12,Urban area,1,100,None,None,Commuting to/from work,Approaching junction or waiting/parked at junction approach,PEUGEOT,SPEEDFIGHT 100,Petrol,Male,None,No tow/articulation,Did not leave carriageway,0,Overtaking static vehicle - offside,2,Motorcycle 125cc and under,No,Front,2010
2010550D37083,A,31,NA,0,Slight,None,25-08-2010,Wednesday,1,Not at junction or within 20 metres,Not at junction or within 20 metres,50.813456,Daylight,408990,101560,-1.873782,E01020390,2,2,0,0,Wet or damp,Dual carriageway,None,50,11:30:00,Rural,Raining no high winds,No,16 - 20,12,Rural,6,1587,None,None,Other/Not known (2005-10),Not at or within 20 metres of junction,CITROEN,SAXO VTR,Petrol,Male,None,No tow/articulation,Did not leave carriageway,0,Slowing or stopping,2,Car,No,Back,2010
201001JC30055,B,160,A,104,Slight,None,08-02-2010,Monday,1,Give way or uncontrolled,Crossroads,51.581584,Daylight,538670,188870,-0.000001,E01004467,1,2,0,1,Wet or damp,Single carriageway,None,30,13:45:00,Urban,Raining no high winds,No,16 - 20,12,Urban area,2,998,None,None,Other/Not known (2005-10),Cleared junction or waiting/parked at junction exit,NISSAN,MICRA EQUATION,Petrol,Male,None,No tow/articulation,Did not leave carriageway,0,Going ahead other,1,Car,No,Nearside,2010
201004CJ10049,Unclassified,0,Unclassified,0,Slight,None,29-05-2010,Saturday,1,Give way or uncontrolled,T or staggered junction,53.535549,Daylight,349870,404590,-2.757846,E01025504,1,1,0,0,Wet or damp,Dual carriageway,None,40,13:18:00,Urban,Raining no high winds,No,16 - 20,12,Urban area,1,124,None,None,Other/Not known (2005-10),Approaching junction or waiting/parked at junction approach,SUZUKI,GZ 125 W,Petrol,Male,Skidded,No tow/articulation,Did not leave carriageway,0,Slowing or stopping,1,Motorcycle over 125cc and up to 500cc,No,Did not impact,2010
201006P029995,Unclassified,0,Unclassified,0,Slight,None,05-04-2010,Monday,1,Give way or uncontrolled,Crossroads,53.607566,Daylight,393230,412340,-2.103798,E01005558,1,2,0,0,Wet or damp,Single carriageway,None,30,06:50:00,Urban,Raining no high winds,No,16 - 20,12,Urban area,6,1124,Parked vehicle,None,Other/Not known (2005-10),Approaching junction or waiting/parked at junction approach,CITROEN,SAXO X,Petrol,Male,Overturned,No tow/articulation,Did not leave carriageway,0,Going ahead other,1,Car,No,Front,2010
201011NE10450,A,1086,NA,0,Slight,None,30-04-2010,Friday,1,Not at junction or within 20 metres,Not at junction or within 20 metres,54.75948,Daylight,444410,540720,-1.311395,E01020768,3,3,0,0,Wet or damp,Single carriageway,None,60,13:35:00,Urban,Raining no high winds,No,16 - 20,12,Urban area,2,1597,None,None,Other/Not known (2005-10),Not at or within 20 metres of junction,FORD,ESCORT CL,Petrol,Male,None,No tow/articulation,Did not leave carriageway,0,Waiting to go - held up,3,Car,No,Back,2010
201020T013920,Unclassified,0,Unclassified,0,Slight,None,02-06-2010,Wednesday,1,Give way or uncontrolled,Roundabout,52.486786,Daylight,412070,287670,-1.823689,E01009477,1,2,0,0,Wet or damp,Roundabout,None,30,17:25:00,Urban,Raining no high winds,No,16 - 20,12,Urban area,1,998,None,None,Other/Not known (2005-10),Mid Junction - on roundabout or on main road,NISSAN,MICRA TWISTER,Petrol,Male,Skidded,No tow/articulation,Did not leave carriageway,0,Turning right,1,Car,No,Nearside,2010
201020W015150,Unclassified,0,Unclassified,0,Slight,None,08-06-2010,Tuesday,1,Give way or uncontrolled,Private drive or entrance,52.512316,Daylight,406980,290500,-1.898589,E01009055,2,2,0,0,Wet or damp,Single carriageway,None,30,19:40:00,Urban,Raining no high winds,No,16 - 20,12,Urban area,1,1598,None,None,Journey as part of work,Mid Junction - on roundabout or on main road,VAUXHALL,ASTRA LS 8V,Petrol,Male,Skidded,No tow/articulation,Did not leave carriageway,0,Going ahead other,1,Car,No,Front,2010
201022C004120,B,4208,Unclassified,0,Slight,None,22-07-2010,Thursday,1,Give way or uncontrolled,T or staggered junction,52.033821,Daylight,378370,237320,-2.316735,E01032200,1,2,0,0,Wet or damp,Single carriageway,None,60,17:40:00,Rural,Raining no high winds,No,16 - 20,12,Rural,7,2495,None,None,Other/Not known (2005-10),Approaching junction or waiting/parked at junction approach,LAND ROVER,DISCOVERY TDI AUTO,Heavy oil,Male,Skidded,No tow/articulation,Did not leave carriageway,0,Going ahead other,2,Car,No,Front,2010
201022D002272,A,451,B,4194,Slight,None,30-04-2010,Friday,1,Give way or uncontrolled,Crossroads,52.330016,Daylight,379650,270260,-2.300062,E01032425,3,3,0,0,Wet or damp,Slip road,None,60,14:05:00,Rural,Raining no high winds,No,16 - 20,12,Small town,9,1390,None,None,Other/Not known (2005-10),Mid Junction - on roundabout or on main road,SEAT,AROSA 1.4 MP1 AUTO,Petrol,Male,None,No tow/articulation,Did not leave carriageway,0,Moving off,1,Car,No,Nearside,2010
201030C000766,Unclassified,0,NA,0,Slight,None,03-11-2010,Wednesday,2,Data missing or out of range,Not at junction or within 20 metres,53.232318,Daylight,447120,370820,-1.295544,E01019483,2,2,0,0,Wet or damp,Single carriageway,None,30,15:40:00,Urban,Raining no high winds,No,16 - 20,12,Urban area,2,1390,None,None,Journey as part of work,Not at or within 20 metres of junction,VOLKSWAGEN,POLO 1.4 CL,Petrol,Male,Skidded,No tow/articulation,Did not leave carriageway,0,Going ahead other,1,Car,No,Front,2010
201042I275308,B,1052,NA,0,Slight,None,24-10-2019,Friday,1,Not at junction or within 20 metres,Not at junction or within 20 metres,27.09794243,Daylight,554090,240110,93.62537242,E01022077,2,2,0,0,Wet or damp,Single carriageway,None,60,14:25:00,Rural,Raining no high winds,No,16 - 20,12,Rural,9,1390,None,None,Other/Not known (2005-10),Not at or within 20 metres of junction,VOLKSWAGEN,POLO 1.4 CL,Petrol,Female,Skidded,No tow/articulation,Did not leave carriageway,0,Going ahead left-hand bend,2,Car,No,Front,2019
20104100C0076,C,102,NA,0,Slight,None,10-10-2019,Friday,1,Not at junction or within 20 metres,Not at junction or within 20 metres,26.45830479,Daylight,510230,197730,74.64413294,E01023879,1,1,0,0,Wet or damp,Single carriageway,None,30,08:45:00,Urban,Raining no high winds,No,16 - 20,12,Urban area,5,1124,None,None,Taking pupil to/from school,Not at or within 20 metres of junction,CITROEN,SAXO X,Petrol,Female,None,No tow/articulation,Did not leave carriageway,0,Going ahead other,1,Car,No,Front,2020
201042I223807,B,1010,NA,0,Slight,None,04-01-2021,Monday,1,Not at junction or within 20 metres,Not at junction or within 20 metres,28.69995305,Daylight,592430,198190,77.22630149,E01021875,2,2,0,0,Wet or damp,Single carriageway,None,60,08:29:00,Rural,Raining no high winds,No,16 - 20,12,Small town,8,1299,None,None,Journey as part of work,Not at or within 20 metres of junction,FORD,KA,Petrol,Female,None,No tow/articulation,Did not leave carriageway,0,Going ahead right-hand bend,1,Car,No,Nearside,2020
201050BB2F008,A,30,NA,0,Slight,None,28-12-2020,Sunday,1,Not at junction or within 20 metres,Not at junction or within 20 metres,18.51097936,Daylight,210790,70790,73.79293029,E01018926,1,2,0,0,Wet or damp,Dual carriageway,None,70,13:50:00,Rural,Raining no high winds,No,16 - 20,12,Rural,9,1199,None,None,Other/Not known (2005-10),Not at or within 20 metres of junction,VAUXHALL,CORSA BREEZE 16V,Petrol,Female,Skidded,No tow/articulation,Did not leave carriageway,0,Slowing or stopping,1,Car,No,Front,2021
201050ED2N014,Unclassified,0,Unclassified,0,Slight,Pedestrian in carriageway - not injured,13-01-2019,Sunday,1,Auto traffic signal,More than 4 arms (not roundabout),19.12541236,Daylight,246710,56190,72.84469338,E01015174,3,2,0,0,Wet or damp,Single carriageway,None,30,16:11:00,Urban,Raining no high winds,No,16 - 20,12,Urban area,2,999,None,None,Other/Not known (2005-10),Approaching junction or waiting/parked at junction approach,VOLKSWAGEN,POLO 1.0 L,Petrol,Female,None,No tow/articulation,Did not leave carriageway,0,Going ahead other,1,Car,No,Did not impact,2021
20104100C0076,C,102,NA,0,Slight,None,29-01-2010,Friday,1,Not at junction or within 20 metres,Not at junction or within 20 metres,51.667493,Daylight,510230,197730,-0.407494,E01023879,1,1,0,0,Wet or damp,Single carriageway,None,30,08:45:00,Urban,Raining no high winds,No,16 - 20,12,Urban area,5,1124,None,None,Taking pupil to/from school,Not at or within 20 metres of junction,CITROEN,SAXO X,Petrol,Female,None,No tow/articulation,Did not leave carriageway,0,Going ahead other,1,Car,No,Front,2010
201042I223807,B,1010,NA,0,Slight,None,12-07-2010,Monday,1,Not at junction or within 20 metres,Not at junction or within 20 metres,51.649511,Daylight,592430,198190,0.78018,E01021875,2,2,0,0,Wet or damp,Single carriageway,None,60,08:29:00,Rural,Raining no high winds,No,16 - 20,12,Small town,8,1299,None,None,Journey as part of work,Not at or within 20 metres of junction,FORD,KA,Petrol,Female,None,No tow/articulation,Did not leave carriageway,0,Going ahead right-hand bend,1,Car,No,Nearside,2010
201042I275308,B,1052,NA,0,Slight,None,13-08-2010,Friday,1,Not at junction or within 20 metres,Not at junction or within 20 metres,52.03794,Daylight,554090,240110,0.245149,E01022077,2,2,0,0,Wet or damp,Single carriageway,None,60,14:25:00,Rural,Raining no high winds,No,16 - 20,12,Rural,9,1390,None,None,Other/Not known (2005-10),Not at or within 20 metres of junction,VOLKSWAGEN,POLO 1.4 CL,Petrol,Female,Skidded,No tow/articulation,Did not leave carriageway,0,Going ahead left-hand bend,2,Car,No,Front,2010
201050BB2F008,A,30,NA,0,Slight,None,01-08-2010,Sunday,1,Not at junction or within 20 metres,Not at junction or within 20 metres,50.506193,Daylight,210790,70790,-4.669785,E01018926,1,2,0,0,Wet or damp,Dual carriageway,None,70,13:50:00,Rural,Raining no high winds,No,16 - 20,12,Rural,9,1199,None,None,Other/Not known (2005-10),Not at or within 20 metres of junction,VAUXHALL,CORSA BREEZE 16V,Petrol,Female,Skidded,No tow/articulation,Did not leave carriageway,0,Slowing or stopping,1,Car,No,Front,2010
201050ED2N014,Unclassified,0,Unclassified,0,Slight,Pedestrian in carriageway - not injured,28-03-2010,Sunday,1,Auto traffic signal,More than 4 arms (not roundabout),50.385498,Daylight,246710,56190,-4.15766,E01015174,3,2,0,0,Wet or damp,Single carriageway,None,30,16:11:00,Urban,Raining no high winds,No,16 - 20,12,Urban area,2,999,None,None,Other/Not known (2005-10),Approaching junction or waiting/parked at junction approach,VOLKSWAGEN,POLO 1.0 L,Petrol,Female,None,No tow/articulation,Did not leave carriageway,0,Going ahead other,1,Car,No,Did not impact,2010
201001TW60220,A,312,C,0,Slight,None,15-07-2010,Thursday,1,Give way or uncontrolled,Roundabout,51.422633,Daylight,513990,170570,-0.361939,E01003822,1,1,0,0,Wet or damp,Single carriageway,None,30,13:04:00,Urban,Raining no high winds,No,16 - 20,12,Urban area,7,49,None,None,Other/Not known (2005-10),Mid Junction - on roundabout or on main road,PEUGEOT,TREKKER OFF ROAD,Petrol,Female,Skidded,No tow/articulation,Did not leave carriageway,0,Slowing or stopping,1,Motorcycle 50cc and under,No,Offside,2010
201006G034928,A,627,C,0,Slight,None,11-08-2010,Wednesday,1,Auto traffic signal,Crossroads,53.498626,Daylight,393240,400220,-2.103381,E01005957,3,2,0,5,Wet or damp,Single carriageway,None,30,11:05:00,Urban,Raining no high winds,No,16 - 20,12,Urban area,1,998,None,None,Other/Not known (2005-10),Mid Junction - on roundabout or on main road,NISSAN,MICRA PASSION,Petrol,Female,None,No tow/articulation,Did not leave carriageway,0,Going ahead other,1,Car,No,Front,2010
201014A088810,B,1220,B,1220,Slight,None,08-06-2010,Tuesday,1,Auto traffic signal,Crossroads,53.581058,Daylight,454520,409700,-1.177985,E01007473,1,2,0,5,Wet or damp,Single carriageway,None,30,08:45:00,Rural,Raining no high winds,No,16 - 20,12,Urban area,7,1299,None,None,Other/Not known (2005-10),Mid Junction - on roundabout or on main road,FORD,KA,Petrol,Female,None,No tow/articulation,Did not leave carriageway,0,Turning right,2,Car,No,Front,2010
201020M003260,Unclassified,0,A,4053,Slight,None,29-05-2010,Saturday,1,Give way or uncontrolled,Slip road,52.402832,Daylight,433450,278430,-1.509764,E01009548,1,1,0,0,Wet or damp,Slip road,None,40,11:44:00,Urban,Raining no high winds,No,16 - 20,12,Urban area,6,998,None,Near/Offside crash barrier,Commuting to/from work,Entering from slip road,NISSAN,MICRA EQUATION,Petrol,Female,Skidded,No tow/articulation,Offside and rebounded,0,Going ahead other,1,Car,No,Front,2010
201020M005512,Unclassified,0,A,428,Slight,None,23-01-2010,Saturday,2,Auto traffic signal,Crossroads,52.404864,Daylight,436820,278680,-1.460204,E01009708,3,2,0,5,Wet or damp,Dual carriageway,None,30,15:00:00,Urban,Raining no high winds,No,16 - 20,12,Rural,7,1998,None,None,Other/Not known (2005-10),Approaching junction or waiting/parked at junction approach,TOYOTA,RAV-4 GX,Petrol,Female,None,No tow/articulation,Did not leave carriageway,0,Waiting to go - held up,2,Car,No,Back,2010
201022E002360,A,465,Unclassified,0,Slight,None,08-05-2010,Saturday,1,Auto traffic signal,Roundabout,52.049134,Daylight,350770,239220,-2.71932,E01014074,1,2,0,0,Wet or damp,Dual carriageway,None,30,07:30:00,Urban,Raining no high winds,No,16 - 20,12,Urban area,5,1195,None,None,Commuting to/from work,Entering main road,VAUXHALL,CORSA LS 1.2I,Petrol,Female,None,No tow/articulation,Did not leave carriageway,0,Turning right,1,Car,No,Nearside,2010
201022G005002,B,4364,NA,0,Slight,None,03-10-2010,Sunday,1,Data missing or out of range,Not at junction or within 20 metres,52.487573,Daylight,363420,287880,-2.540153,E01028843,1,1,0,0,Wet or damp,Single carriageway,Roadworks,60,11:00:00,Rural,Raining no high winds,No,16 - 20,12,Small town,3,1753,None,Road sign or traffic signal,Other/Not known (2005-10),Not at or within 20 metres of junction,FORD,FIESTA LX DIESEL,Heavy oil,Female,Skidded,No tow/articulation,Nearside,0,Going ahead right-hand bend,1,Car,No,Front,2010