Accident_Index,1st_Road_Class,1st_Road_Number,2nd_Road_Class,2nd_Road_Number,Accident_Severity,Carriageway_Hazards,Date,Day_of_Week,Did_Police_Officer_Attend_Scene_of_Accident,Junction_Control,Junction_Detail,Latitude,Light_Conditions,Location_Easting_OSGR,Location_Northing_OSGR,Longitude,LSOA_of_Accident_Location,Number_of_Casualties,Number_of_Vehicles,Pedestrian_Crossing-Human_Control,Pedestrian_Crossing-Physical_Facilities,Road_Surface_Conditions,Road_Type,Special_Conditions_at_Site,Speed_limit,Time,Urban_or_Rural_Area,Weather_Conditions,InScotland,Age_Band_of_Driver,Age_of_Vehicle,Driver_Home_Area_Type,Driver_IMD_Decile,Engine_Capacity_.CC.,Hit_Object_in_Carriageway,Hit_Object_off_Carriageway,Journey_Purpose_of_Driver,Junction_Location,make,model,Propulsion_Code,Sex_of_Driver,Skidding_and_Overturning,Towing_and_Articulation,Vehicle_Leaving_Carriageway,Vehicle_Location.Restricted_Lane,Vehicle_Manoeuvre,Vehicle_Reference,Vehicle_Type,Was_Vehicle_Left_Hand_Drive,X1st_Point_of_Impact,Year
201032C127410,C,577,NA,0,Slight,None,30-04-2010,Friday,1,Data missing or out of range,Not at junction or within 20 metres,53.201884,Daylight,534400,369090,0.010703,E01026105,1,2,0,0,Wet or damp,Single carriageway,None,60,16:22:00,Rural,Raining no high winds,No,16 - 20,12,Rural,5,973,None,None,Other/Not known (2005-10),Not at or within 20 metres of junction,VAUXHALL,CORSA GLS 12V,Petrol,Female,Skidded,No tow/articulation,Did not leave carriageway,0,Going ahead right-hand bend,1,Car,No,Front,2010
201034NE32610,C,12,C,94,Slight,None,13-08-2010,Friday,1,Give way or uncontrolled,Crossroads,52.505247,Daylight,503990,290810,-0.469326,E01027044,2,2,0,0,Wet or damp,Single carriageway,None,60,15:01:00,Rural,Raining no high winds,No,16 - 20,12,Rural,7,1527,None,None,Other/Not known (2005-10),Mid Junction - on roundabout or on main road,PEUGEOT,106 XND ZEST 2,Heavy oil,Female,None,No tow/articulation,Did not leave carriageway,0,Going ahead other,2,Car,No,Front,2010
20104100A0071,A,119,NA,0,Slight,None,29-05-2019,Friday,1,Not at junction or within 20 metres,Not at junction or within 20 metres,26.46218156,Daylight,535040,213630,74.6412301,E01023510,1,2,0,0,Frost or ice,Single carriageway,None,40,07:58:00,Rural,Snowing no high winds,No,16 - 20,12,Urban area,7,1389,None,None,Commuting to/from work,Not at or within 20 metres of junction,VAUXHALL,CORSA BREEZE HI-TORQ,Petrol,Male,Skidded,No tow/articulation,Did not leave carriageway,0,Going ahead other,1,Car,No,Nearside,2020
20104100A0071,A,119,NA,0,Slight,None,08-01-2010,Friday,1,Not at junction or within 20 metres,Not at junction or within 20 metres,51.804961,Daylight,535040,213630,-0.042782,E01023510,1,2,0,0,Frost or ice,Single carriageway,None,40,07:58:00,Rural,Snowing no high winds,No,16 - 20,12,Urban area,7,1389,None,None,Commuting to/from work,Not at or within 20 metres of junction,VAUXHALL,CORSA BREEZE HI-TORQ,Petrol,Male,Skidded,No tow/articulation,Did not leave carriageway,0,Going ahead other,1,Car,No,Nearside,2010
201037G030516,A,140,B,1078,Slight,None,08-10-2021,Monday,1,Give way or uncontrolled,T or staggered junction,27.09729296,Daylight,611170,254800,93.62124921,E01030057,3,2,0,0,Snow,Single carriageway,None,50,09:45:00,Rural,Snowing no high winds,No,16 - 20,12,Urban area,1,1299,None,Road sign or traffic signal,Other/Not known (2005-10),Mid Junction - on roundabout or on main road,FORD,KA 2,Petrol,Female,None,No tow/articulation,Nearside,0,Going ahead other,2,Car,No,Front,2019
201045RE56384,A,23,NA,0,Slight,None,01-04-2021,Tuesday,1,Data missing or out of range,Not at junction or within 20 metres,14.51745485,Daylight,527780,149950,86.90748514,E01030613,1,3,0,0,Snow,Single carriageway,None,30,12:40:00,Urban,Snowing no high winds,No,16 - 20,12,Urban area,9,1299,Parked vehicle,None,Other/Not known (2005-10),Not at or within 20 metres of junction,FORD,KA,Petrol,Female,Skidded,No tow/articulation,Did not leave carriageway,0,Parked,1,Car,No,Front,2021
201037G030516,A,140,B,1078,Slight,None,29-11-2010,Monday,1,Give way or uncontrolled,T or staggered junction,52.151042,Daylight,611170,254800,1.085322,E01030057,3,2,0,0,Snow,Single carriageway,None,50,09:45:00,Rural,Snowing no high winds,No,16 - 20,12,Urban area,1,1299,None,Road sign or traffic signal,Other/Not known (2005-10),Mid Junction - on roundabout or on main road,FORD,KA 2,Petrol,Female,None,No tow/articulation,Nearside,0,Going ahead other,2,Car,No,Front,2010
201045RE56384,A,23,NA,0,Slight,None,30-11-2010,Tuesday,1,Data missing or out of range,Not at junction or within 20 metres,51.234376,Daylight,527780,149950,-0.171097,E01030613,1,3,0,0,Snow,Single carriageway,None,30,12:40:00,Urban,Snowing no high winds,No,16 - 20,12,Urban area,9,1299,Parked vehicle,None,Other/Not known (2005-10),Not at or within 20 metres of junction,FORD,KA,Petrol,Female,Skidded,No tow/articulation,Did not leave carriageway,0,Parked,1,Car,No,Front,2010
201032D370010,B,1188,B,1190,Slight,None,29-11-2010,Monday,1,Auto traffic signal,T or staggered junction,53.217525,Daylight,498190,369950,-0.530918,E01026178,1,2,0,0,Snow,Single carriageway,None,30,12:41:00,Urban,Snowing no high winds,No,16 - 20,12,Small town,6,1242,None,None,Other/Not known (2005-10),Mid Junction - on roundabout or on main road,FIAT,PUNTO SX 60,Petrol,Female,None,No tow/articulation,Did not leave carriageway,0,Moving off,2,Car,No,Front,2010
201042I160905,Unclassified,0,NA,,Slight,None,18-05-2020,Thursday,2,Give way or uncontrolled,Other junction,22.98566781,Daylight,540010,200270,72.62958112,E01021810,1,2,0,0,Dry,Single carriageway,Oil or diesel,30,10:20:00,Urban,Unknown,No,16 - 20,12,Urban area,4,1796,None,Tree,Commuting to/from work,Approaching junction or waiting/parked at junction approach,MG,MGF 1.8I VVC,Petrol,Male,None,No tow/articulation,Nearside,0,Going ahead left-hand bend,2,Car,No,Front,2019
201042I160905,Unclassified,0,NA,,Slight,None,27-05-2010,Thursday,2,Give way or uncontrolled,Other junction,51.683692,Daylight,540010,200270,0.023881,E01021810,1,2,0,0,Dry,Single carriageway,Oil or diesel,30,10:20:00,Urban,Unknown,No,16 - 20,12,Urban area,4,1796,None,Tree,Commuting to/from work,Approaching junction or waiting/parked at junction approach,MG,MGF 1.8I VVC,Petrol,Male,None,No tow/articulation,Nearside,0,Going ahead left-hand bend,2,Car,No,Front,2010
201020L011980,Unclassified,0,NA,0,Slight,None,15-11-2010,Monday,2,Data missing or out of range,Not at junction or within 20 metres,52.448242,Daylight,414800,283390,-1.783674,E01010133,2,2,0,0,Dry,Single carriageway,None,30,08:30:00,Urban,Unknown,No,16 - 20,12,Urban area,2,124,None,None,Commuting to/from work,Not at or within 20 metres of junction,SUZUKI,,Petrol,Male,None,No tow/articulation,Did not leave carriageway,0,Going ahead other,1,Motorcycle 125cc and under,No,Front,2010
201030D000535,Unclassified,0,Unclassified,0,Slight,None,16-06-2010,Wednesday,1,Give way or uncontrolled,T or staggered junction,52.908401,Daylight,434910,334680,-1.482367,E01013566,1,2,0,0,Dry,Single carriageway,None,30,16:00:00,Urban,Unknown,No,16 - 20,12,Urban area,1,1396,None,None,Other/Not known (2005-10),Approaching junction or waiting/parked at junction approach,HONDA,,Petrol,Male,None,No tow/articulation,Did not leave carriageway,0,Waiting to go - held up,1,Car,No,Front,2010
20103102B3195,A,46,Unclassified,0,Slight,None,09-04-2010,Friday,3,Give way or uncontrolled,T or staggered junction,53.019228,Daylight,473950,347450,-0.899043,E01028325,1,2,0,0,Data missing or out of range,Single carriageway,Roadworks,60,07:15:00,Rural,Unknown,No,16 - 20,12,Urban area,4,1905,None,None,Journey as part of work,Approaching junction or waiting/parked at junction approach,PEUGEOT,306 VIVANT DT,Heavy oil,Male,None,No tow/articulation,Did not leave carriageway,0,Slowing or stopping,2,Car,No,Back,2010
201032B159710,A,17,NA,0,Slight,None,04-06-2010,Friday,1,Data missing or out of range,Not at junction or within 20 metres,52.800639,Daylight,540500,324600,0.082633,E01026246,1,2,0,0,Data missing or out of range,Single carriageway,None,60,19:26:00,Rural,Unknown,No,16 - 20,12,Small town,7,1124,None,None,Other/Not known (2005-10),Not at or within 20 metres of junction,CITROEN,SAXO X,Petrol,Male,None,No tow/articulation,Did not leave carriageway,0,Slowing or stopping,2,Car,No,Back,2010
201032C268910,A,16,Unclassified,0,Slight,None,13-09-2010,Monday,2,Give way or uncontrolled,T or staggered junction,53.497954,Daylight,528350,401880,-0.066529,E01026062,1,2,0,0,Data missing or out of range,Single carriageway,None,60,17:30:00,Rural,Unknown,No,16 - 20,12,Urban area,1,1120,None,None,Other/Not known (2005-10),Approaching junction or waiting/parked at junction approach,ROVER,211I,Petrol,Male,None,No tow/articulation,Did not leave carriageway,0,Going ahead other,1,Car,No,Front,2010
201045WO49977,A,245,Unclassified,3782,Slight,None,26-05-2021,Saturday,1,Give way or uncontrolled,T or staggered junction,13.04789468,Daylight,502170,160780,77.5572169,E01030965,1,2,0,0,Dry,Single carriageway,None,30,17:11:00,Urban,Unknown,No,16 - 20,12,Urban area,9,1360,None,None,Other/Not known (2005-10),Approaching junction or waiting/parked at junction approach,PEUGEOT,206 GLX,Petrol,Female,None,No tow/articulation,Nearside,0,Going ahead other,1,Car,No,Front,2020
201050JN2J013,Unclassified,0,Unclassified,0,Slight,None,26-03-2021,Sunday,1,Give way or uncontrolled,Mini-roundabout,26.45831363,Daylight,286990,70590,74.58930126,E01020227,1,2,0,0,Dry,Roundabout,None,30,18:57:00,Urban,Unknown,No,16 - 20,12,Small town,5,1124,None,None,Other/Not known (2005-10),Mid Junction - on roundabout or on main road,PEUGEOT,106 XN ZEST,Petrol,Female,None,No tow/articulation,Did not leave carriageway,0,Going ahead other,1,Car,No,Front,2020
201045WO49977,A,245,Unclassified,3782,Slight,None,20-03-2010,Saturday,1,Give way or uncontrolled,T or staggered junction,51.336884,Daylight,502170,160780,-0.534691,E01030965,1,2,0,0,Dry,Single carriageway,None,30,17:11:00,Urban,Unknown,No,16 - 20,12,Urban area,9,1360,None,None,Other/Not known (2005-10),Approaching junction or waiting/parked at junction approach,PEUGEOT,206 GLX,Petrol,Female,None,No tow/articulation,Nearside,0,Going ahead other,1,Car,No,Front,2010
201050JN2J013,Unclassified,0,Unclassified,0,Slight,None,04-07-2010,Sunday,1,Give way or uncontrolled,Mini-roundabout,50.524079,Daylight,286990,70590,-3.595677,E01020227,1,2,0,0,Dry,Roundabout,None,30,18:57:00,Urban,Unknown,No,16 - 20,12,Small town,5,1124,None,None,Other/Not known (2005-10),Mid Junction - on roundabout or on main road,PEUGEOT,106 XN ZEST,Petrol,Female,None,No tow/articulation,Did not leave carriageway,0,Going ahead other,1,Car,No,Front,2010
201030D000347,C,171,C,173,Slight,None,21-04-2010,Wednesday,2,Give way or uncontrolled,T or staggered junction,52.896384,Daylight,433040,333330,-1.510308,E01013489,1,1,0,4,Dry,Single carriageway,None,30,15:30:00,Urban,Unknown,No,16 - 20,12,Urban area,1,1389,None,None,Other/Not known (2005-10),Mid Junction - on roundabout or on main road,VAUXHALL,CORSA BREEZE HI-TORQ,Petrol,Female,None,No tow/articulation,Did not leave carriageway,0,Going ahead other,1,Car,No,Nearside,2010
201005AA01223,Unclassified,0,NA,,Slight,None,16-01-2010,Saturday,2,Give way or uncontrolled,Other junction,53.38524,Darkness - lights lit,332640,388080,-3.014233,E01007291,3,2,0,0,Wet or damp,One way street,None,30,00:30:00,Urban,Fine + high winds,No,21 - 25,12,Data missing or out of range,NA,1589,None,None,Other/Not known (2005-10),Approaching junction or waiting/parked at junction approach,ROVER,416S,Petrol,Male,None,No tow/articulation,Did not leave carriageway,0,Turning left,2,Car,No,Front,2010
201037L018039,B,1127,NA,0,Slight,None,18-02-2019,Wednesday,1,Data missing or out of range,Not at junction or within 20 metres,14.69414695,Darkness - lights lit,649890,282460,78.61866175,E01030295,1,4,0,0,Dry,Single carriageway,None,30,23:25:00,Rural,Fine no high winds,No,21 - 25,12,Data missing or out of range,NA,1998,Parked vehicle,Telegraph or electricity pole,Other/Not known (2005-10),Not at or within 20 metres of junction,FIAT,BRAVO 2.0 HGT,Petrol,Male,Overturned,No tow/articulation,Nearside,0,Going ahead other,1,Car,No,Front,2019
2010400C00584,Unclassified,0,NA,0,Slight,None,23-04-2021,Monday,1,Data missing or out of range,Not at junction or within 20 metres,14.72280191,Darkness - lights lit,509900,222180,78.5218901,E01015742,2,3,0,0,Wet or damp,Single carriageway,None,30,22:00:00,Urban,Fine no high winds,No,21 - 25,12,Urban area,6,1396,Parked vehicle,None,Other/Not known (2005-10),Not at or within 20 metres of junction,ROVER,214,Petrol,Male,None,No tow/articulation,Did not leave carriageway,0,Going ahead other,1,Car,No,Front,2019
201043R031070,Motorway,4,NA,0,Slight,Any animal in carriageway (except ridden horse),03-12-2021,Monday,1,Data missing or out of range,Not at junction or within 20 metres,13.03802544,Darkness - lights lit,501520,178060,77.64490424,E01016479,1,1,0,0,Dry,Dual carriageway,None,70,02:51:00,Rural,Fine no high winds,No,21 - 25,12,Urban area,3,2393,None,Near/Offside crash barrier,Other/Not known (2005-10),Not at or within 20 metres of junction,AUDI,A6 2.4,Petrol,Male,Skidded,No tow/articulation,Nearside and rebounded,0,Going ahead other,1,Car,No,Offside,2020
201042I211706,Unclassified,0,Unclassified,0,Slight,None,16-11-2020,Wednesday,1,Give way or uncontrolled,Roundabout,12.98859815,Darkness - lights lit,545760,210760,77.55559836,E01021850,1,2,0,0,Dry,Roundabout,None,40,23:55:00,Urban,Fine no high winds,No,21 - 25,12,Urban area,3,1124,Bollard or refuge,Road sign or traffic signal,Other/Not known (2005-10),Leaving roundabout,CITROEN,SAXO SX,Petrol,Male,None,No tow/articulation,Offside,0,Going ahead other,2,Car,No,Nearside,2020
201050ED2N010,Unclassified,0,NA,,Slight,None,19-05-2020,Tuesday,1,Give way or uncontrolled,Other junction,12.97168876,Darkness - lights lit,247260,55320,77.6550817,E01015169,1,2,0,0,Dry,Single carriageway,None,30,21:43:00,Urban,Fine no high winds,No,21 - 25,12,Urban area,5,1390,None,None,Other/Not known (2005-10),Approaching junction or waiting/parked at junction approach,VOLKSWAGEN,POLO 1.4 CL,Petrol,Male,None,No tow/articulation,Did not leave carriageway,0,Reversing,1,Car,No,Nearside,2020
2010400C01065,A,6,NA,0,Slight,None,21-09-2021,Tuesday,1,Data missing or out of range,Not at junction or within 20 metres,13.04047435,Darkness - lights lit,508410,224850,77.62319196,E01015744,1,2,0,0,Dry,Single carriageway,None,40,19:41:00,Urban,Fine no high winds,No,21 - 25,12,Urban area,10,1595,Kerb,None,Other/Not known (2005-10),Not at or within 20 metres of junction,VOLKSWAGEN,GOLF GL AUTO,Petrol,Male,None,No tow/articulation,Did not leave carriageway,0,Going ahead other,2,Car,No,Front,2020
201050JN2L001,C,91,Unclassified,0,Slight,None,28-01-2020,Tuesday,1,Give way or uncontrolled,T or staggered junction,26.45888836,Darkness - lights lit,287780,70450,74.60920287,E01020213,1,1,0,0,Dry,Single carriageway,None,40,01:30:00,Urban,Fine no high winds,No,21 - 25,12,Urban area,3,1994,None,Lamp post,Other/Not known (2005-10),Approaching junction or waiting/parked at junction approach,ROVER,220 DI TURBO,Heavy oil,Male,None,No tow/articulation,Offside,0,Going ahead left-hand bend,1,Car,No,Front,2020
20104100C1144,C,124,C,102,Slight,None,09-06-2019,Sunday,1,Give way or uncontrolled,T or staggered junction,26.43916202,Darkness - lights lit,510970,197270,80.33162749,E01023861,2,2,0,1,Dry,Single carriageway,None,30,18:35:00,Urban,Fine no high winds,No,21 - 25,12,Urban area,8,1896,None,None,Other/Not known (2005-10),Mid Junction - on roundabout or on main road,AUDI,A3 1.9 TDI SPORT,Heavy oil,Male,None,No tow/articulation,Did not leave carriageway,0,Going ahead other,2,Car,No,Front,2020
201043R111010,Unclassified,7002,Unclassified,7002,Slight,None,07-02-2020,Tuesday,2,Give way or uncontrolled,T or staggered junction,18.53851314,Darkness - lights lit,487290,166380,73.82074118,E01016221,1,3,0,0,Wet or damp,Single carriageway,None,30,17:30:00,Urban,Fine no high winds,No,21 - 25,12,Urban area,7,900,None,None,Commuting to/from work,Mid Junction - on roundabout or on main road,KAWASAKI,,Petrol,Male,None,No tow/articulation,Did not leave carriageway,0,Overtaking moving vehicle - offside,1,Motorcycle over 500cc,No,Front,2021
2010400D02403,Unclassified,0,NA,0,Slight,None,07-02-2020,Saturday,1,Data missing or out of range,Not at junction or within 20 metres,18.54909059,Darkness - lights lit,501840,222060,73.94113585,E01017568,1,2,0,0,Dry,Single carriageway,None,30,20:45:00,Urban,Fine no high winds,No,21 - 25,12,Urban area,4,599,None,None,Other/Not known (2005-10),Not at or within 20 metres of junction,YAMAHA,FZS 600,Petrol,Male,Skidded,No tow/articulation,Did not leave carriageway,0,Going ahead left-hand bend,1,Motorcycle over 500cc,No,Front,2021
201045RU50613,Motorway,3,NA,0,Slight,None,29-05-2019,Thursday,1,Data missing or out of range,Not at junction or within 20 metres,19.07815548,Darkness - lights lit,501760,167840,72.91772758,E01030677,1,1,0,0,Dry,Dual carriageway,None,70,03:01:00,Rural,Fine no high winds,No,21 - 25,12,Urban area,7,1389,None,Entered ditch,Other/Not known (2005-10),Not at or within 20 metres of junction,VAUXHALL,CORSA BREEZE HI-TORQ,Petrol,Male,Skidded,No tow/articulation,Nearside,0,Going ahead other,1,Car,No,Back,2021
201043W097110,A,329,Unclassified,7201,Slight,Previous accident,15-05-2020,Sunday,1,Auto traffic signal,Crossroads,19.83053459,Darkness - lights lit,471780,173210,72.22061074,E01016351,2,2,0,5,Wet or damp,Dual carriageway,Auto traffic signal - out,30,23:53:00,Urban,Fine no high winds,No,21 - 25,12,Urban area,5,1396,None,None,Other/Not known (2005-10),Mid Junction - on roundabout or on main road,HONDA,CIVIC 1.4I LE,Petrol,Male,None,No tow/articulation,Did not leave carriageway,0,Going ahead other,1,Car,No,Front,2021
201001FH10150,A,219,Unclassified,0,Slight,None,25-03-2010,Thursday,1,Give way or uncontrolled,Private drive or entrance,51.512094,Darkness - lights lit,523270,180740,-0.224992,E01001874,1,2,0,1,Wet or damp,Single carriageway,None,30,01:45:00,Urban,Fine no high winds,No,21 - 25,12,Data missing or out of range,NA,1124,None,None,Other/Not known (2005-10),Mid Junction - on roundabout or on main road,CITROEN,SAXO X,Petrol,Male,None,No tow/articulation,Did not leave carriageway,0,Going ahead other,1,Car,No,Front,2010
201001JI40039,Unclassified,0,Unclassified,0,Slight,None,27-01-2010,Wednesday,1,Give way or uncontrolled,T or staggered junction,51.556234,Darkness - lights lit,544090,186200,0.077076,E01003688,1,2,0,0,Dry,Single carriageway,None,30,20:20:00,Urban,Fine no high winds,No,21 - 25,12,Data missing or out of range,NA,85,None,None,Journey as part of work,Mid Junction - on roundabout or on main road,HONDA,,Petrol,Male,None,No tow/articulation,Did not leave carriageway,0,Going ahead other,2,Motorcycle 125cc and under,No,Front,2010
201001KF60029,A,112,B,165,Slight,None,11-01-2010,Monday,2,Auto traffic signal,T or staggered junction,51.536601,Darkness - lights lit,539250,183880,0.006389,E01003636,1,2,0,0,Frost or ice,Single carriageway,None,30,16:00:00,Urban,Fine no high winds,No,21 - 25,12,Urban area,2,1762,None,None,Other/Not known (2005-10),Approaching junction or waiting/parked at junction approach,TOYOTA,AVENSIS CDX,Petrol,Male,None,No tow/articulation,Did not leave carriageway,0,Overtaking moving vehicle - offside,1,Car,No,Offside,2010
201001MM70919,A,101,A,200,Slight,None,31-10-2010,Sunday,2,Give way or uncontrolled,Roundabout,51.498875,Darkness - lights lit,535110,179570,-0.054917,E01004033,1,2,0,1,Dry,Single carriageway,None,30,01:27:00,Urban,Fine no high winds,No,21 - 25,12,Urban area,3,998,None,None,Other/Not known (2005-10),Approaching junction or waiting/parked at junction approach,NISSAN,MICRA EQUATION,Petrol,Male,None,No tow/articulation,Did not leave carriageway,0,Slowing or stopping,1,Car,No,Back,2010
201001MM70950,A,205,NA,0,Slight,None,10-11-2010,Wednesday,1,Data missing or out of range,Not at junction or within 20 metres,51.441771,Darkness - lights lit,534520,173200,-0.065835,E01003945,1,3,0,0,Dry,Single carriageway,None,30,19:00:00,Urban,Fine no high winds,No,21 - 25,12,Urban area,2,1598,None,None,Other/Not known (2005-10),Not at or within 20 metres of junction,RENAULT,MEGANE RT ALIZE,Petrol,Male,None,No tow/articulation,Did not leave carriageway,0,Slowing or stopping,3,Car,No,Front,2010
201001QA10493,A,312,C,0,Slight,None,23-12-2010,Thursday,1,Give way or uncontrolled,Mini-roundabout,51.568915,Darkness - lights lit,514640,186860,-0.347307,E01002132,2,2,0,0,Dry,Single carriageway,None,30,21:59:00,Urban,Fine no high winds,No,21 - 25,12,Urban area,8,1598,None,None,Other/Not known (2005-10),Mid Junction - on roundabout or on main road,RENAULT,MEGANE RT SPORT 1.6E,Petrol,Male,None,No tow/articulation,Did not leave carriageway,0,Going ahead other,2,Car,No,Offside,2010
201001QK50629,A,4140,A,4006,Slight,None,04-10-2010,Monday,1,Give way or uncontrolled,T or staggered junction,51.584334,Darkness - lights lit,519170,188680,-0.281359,E01000543,1,2,0,1,Dry,Single carriageway,None,30,23:15:00,Urban,Fine no high winds,No,21 - 25,12,Urban area,5,1800,None,None,Other/Not known (2005-10),Cleared junction or waiting/parked at junction exit,VOLKSWAGEN,PASSAT SE 20V TURBO,Petrol,Male,None,No tow/articulation,Did not leave carriageway,0,Slowing or stopping,2,Car,No,Front,2010
201001RY10472,A,206,NA,0,Slight,None,16-11-2010,Tuesday,1,Data missing or out of range,Not at junction or within 20 metres,51.471256,Darkness - lights lit,551560,176960,0.180778,E01000367,4,3,0,0,Dry,Dual carriageway,None,30,17:41:00,Urban,Fine no high winds,No,21 - 25,12,Urban area,8,1598,None,None,Other/Not known (2005-10),Not at or within 20 metres of junction,DAEWOO,LANOS SX AUTO,Petrol,Male,None,No tow/articulation,Did not leave carriageway,0,Waiting to go - held up,2,Car,No,Back,2010
201001SX21067,A,1,C,0,Slight,None,15-10-2010,Friday,1,Auto traffic signal,Crossroads,51.585703,Darkness - lights lit,526100,189000,-0.181272,E01000207,1,3,0,5,Dry,Dual carriageway,None,30,22:25:00,Urban,Fine no high winds,No,21 - 25,12,Urban area,8,1527,None,None,Other/Not known (2005-10),Approaching junction or waiting/parked at junction approach,PEUGEOT,106 XND ZEST 2,Heavy oil,Male,None,No tow/articulation,Did not leave carriageway,0,Slowing or stopping,3,Car,No,Back,2010
201037L018039,B,1127,NA,0,Slight,None,28-04-2010,Wednesday,1,Data missing or out of range,Not at junction or within 20 metres,52.383065,Darkness - lights lit,649890,282460,1.670619,E01030295,1,4,0,0,Dry,Single carriageway,None,30,23:25:00,Rural,Fine no high winds,No,21 - 25,12,Data missing or out of range,NA,1998,Parked vehicle,Telegraph or electricity pole,Other/Not known (2005-10),Not at or within 20 metres of junction,FIAT,BRAVO 2.0 HGT,Petrol,Male,Overturned,No tow/articulation,Nearside,0,Going ahead other,1,Car,No,Front,2010
2010400C00584,Unclassified,0,NA,0,Slight,None,22-02-2010,Monday,1,Data missing or out of range,Not at junction or within 20 metres,51.887308,Darkness - lights lit,509900,222180,-0.404531,E01015742,2,3,0,0,Wet or damp,Single carriageway,None,30,22:00:00,Urban,Fine no high winds,No,21 - 25,12,Urban area,6,1396,Parked vehicle,None,Other/Not known (2005-10),Not at or within 20 metres of junction,ROVER,214,Petrol,Male,None,No tow/articulation,Did not leave carriageway,0,Going ahead other,1,Car,No,Front,2010
2010400C01065,A,6,NA,0,Slight,None,13-04-2010,Tuesday,1,Data missing or out of range,Not at junction or within 20 metres,51.911597,Darkness - lights lit,508410,224850,-0.425333,E01015744,1,2,0,0,Dry,Single carriageway,None,40,19:41:00,Urban,Fine no high winds,No,21 - 25,12,Urban area,10,1595,Kerb,None,Other/Not known (2005-10),Not at or within 20 metres of junction,VOLKSWAGEN,GOLF GL AUTO,Petrol,Male,None,No tow/articulation,Did not leave carriageway,0,Going ahead other,2,Car,No,Front,2010
2010400D02403,Unclassified,0,NA,0,Slight,None,21-08-2010,Saturday,1,Data missing or out of range,Not at junction or within 20 metres,51.887759,Darkness - lights lit,501840,222060,-0.521637,E01017568,1,2,0,0,Dry,Single carriageway,None,30,20:45:00,Urban,Fine no high winds,No,21 - 25,12,Urban area,4,599,None,None,Other/Not known (2005-10),Not at or within 20 metres of junction,YAMAHA,FZS 600,Petrol,Male,Skidded,No tow/articulation,Did not leave carriageway,0,Going ahead left-hand bend,1,Motorcycle over 500cc,No,Front,2010
20104100C1144,C,124,C,102,Slight,None,21-11-2010,Sunday,1,Give way or uncontrolled,T or staggered junction,51.663213,Darkness - lights lit,510970,197270,-0.396944,E01023861,2,2,0,1,Dry,Single carriageway,None,30,18:35:00,Urban,Fine no high winds,No,21 - 25,12,Urban area,8,1896,None,None,Other/Not known (2005-10),Mid Junction - on roundabout or on main road,AUDI,A3 1.9 TDI SPORT,Heavy oil,Male,None,No tow/articulation,Did not leave carriageway,0,Going ahead other,2,Car,No,Front,2010
201042I211706,Unclassified,0,Unclassified,0,Slight,None,30-06-2010,Wednesday,1,Give way or uncontrolled,Roundabout,51.776485,Darkness - lights lit,545760,210760,0.111386,E01021850,1,2,0,0,Dry,Roundabout,None,40,23:55:00,Urban,Fine no high winds,No,21 - 25,12,Urban area,3,1124,Bollard or refuge,Road sign or traffic signal,Other/Not known (2005-10),Leaving roundabout,CITROEN,SAXO SX,Petrol,Male,None,No tow/articulation,Offside,0,Going ahead other,2,Car,No,Nearside,2010
201043R031070,Motorway,4,NA,0,Slight,Any animal in carriageway (except ridden horse),05-07-2010,Monday,1,Data missing or out of range,Not at junction or within 20 metres,51.492328,Darkness - lights lit,501520,178060,-0.539075,E01016479,1,1,0,0,Dry,Dual carriageway,None,70,02:51:00,Rural,Fine no high winds,No,21 - 25,12,Urban area,3,2393,None,Near/Offside crash barrier,Other/Not known (2005-10),Not at or within 20 metres of junction,AUDI,A6 2.4,Petrol,Male,Skidded,No tow/articulation,Nearside and rebounded,0,Going ahead other,1,Car,No,Offside,2010
201043R111010,Unclassified,7002,Unclassified,7002,Slight,None,19-01-2010,Tuesday,2,Give way or uncontrolled,T or staggered junction,51.389703,Darkness - lights lit,487290,166380,-0.74687,E01016221,1,3,0,0,Wet or damp,Single carriageway,None,30,17:30:00,Urban,Fine no high winds,No,21 - 25,12,Urban area,7,900,None,None,Commuting to/from work,Mid Junction - on roundabout or on main road,KAWASAKI,,Petrol,Male,None,No tow/articulation,Did not leave carriageway,0,Overtaking moving vehicle - offside,1,Motorcycle over 500cc,No,Front,2010
201043W097110,A,329,Unclassified,7201,Slight,Previous accident,14-11-2010,Sunday,1,Auto traffic signal,Crossroads,51.453278,Darkness - lights lit,471780,173210,-0.968355,E01016351,2,2,0,5,Wet or damp,Dual carriageway,Auto traffic signal - out,30,23:53:00,Urban,Fine no high winds,No,21 - 25,12,Urban area,5,1396,None,None,Other/Not known (2005-10),Mid Junction - on roundabout or on main road,HONDA,CIVIC 1.4I LE,Petrol,Male,None,No tow/articulation,Did not leave carriageway,0,Going ahead other,1,Car,No,Front,2010
201045RU50613,Motorway,3,NA,0,Slight,None,22-04-2010,Thursday,1,Data missing or out of range,Not at junction or within 20 metres,51.400419,Darkness - lights lit,501760,167840,-0.538556,E01030677,1,1,0,0,Dry,Dual carriageway,None,70,03:01:00,Rural,Fine no high winds,No,21 - 25,12,Urban area,7,1389,None,Entered ditch,Other/Not known (2005-10),Not at or within 20 metres of junction,VAUXHALL,CORSA BREEZE HI-TORQ,Petrol,Male,Skidded,No tow/articulation,Nearside,0,Going ahead other,1,Car,No,Back,2010