Accident_Index,1st_Road_Class,1st_Road_Number,2nd_Road_Class,2nd_Road_Number,Accident_Severity,Carriageway_Hazards,Date,Day_of_Week,Did_Police_Officer_Attend_Scene_of_Accident,Junction_Control,Junction_Detail,Latitude,Light_Conditions,Location_Easting_OSGR,Location_Northing_OSGR,Longitude,LSOA_of_Accident_Location,Number_of_Casualties,Number_of_Vehicles,Pedestrian_Crossing-Human_Control,Pedestrian_Crossing-Physical_Facilities,Road_Surface_Conditions,Road_Type,Special_Conditions_at_Site,Speed_limit,Time,Urban_or_Rural_Area,Weather_Conditions,InScotland,Age_Band_of_Driver,Age_of_Vehicle,Driver_Home_Area_Type,Driver_IMD_Decile,Engine_Capacity_.CC.,Hit_Object_in_Carriageway,Hit_Object_off_Carriageway,Journey_Purpose_of_Driver,Junction_Location,make,model,Propulsion_Code,Sex_of_Driver,Skidding_and_Overturning,Towing_and_Articulation,Vehicle_Leaving_Carriageway,Vehicle_Location.Restricted_Lane,Vehicle_Manoeuvre,Vehicle_Reference,Vehicle_Type,Was_Vehicle_Left_Hand_Drive,X1st_Point_of_Impact,Year
201045MO50341,A,24,A,2003,Slight,None,07-05-2010,Friday,1,Auto traffic signal,More than 4 arms (not roundabout),51.240288,Darkness - lights lit,516970,150350,-0.325733,E01030533,2,2,0,0,Dry,Dual carriageway,Roadworks,40,21:45:00,Urban,Fine no high winds,No,21 - 25,12,Urban area,10,1598,None,None,Other/Not known (2005-10),Approaching junction or waiting/parked at junction approach,RENAULT,MEGANE 1.6E CABRIOLET,Petrol,Female,None,No tow/articulation,Did not leave carriageway,0,Going ahead other,2,Car,No,Front,2010
201045RU56194,B,3407,C,10,Slight,None,27-11-2010,Saturday,1,Auto traffic signal,T or staggered junction,51.430662,Darkness - lights lit,501030,171190,-0.548092,E01030667,2,2,0,5,Dry,Single carriageway,None,30,18:30:00,Urban,Fine no high winds,No,21 - 25,12,Urban area,9,1390,None,None,Other/Not known (2005-10),Mid Junction - on roundabout or on main road,RENAULT,CLIO RT 1.4 AUTO,Petrol,Female,None,No tow/articulation,Did not leave carriageway,0,Turning right,2,Car,No,Front,2010
201045WO49008,Unclassified,3662,Unclassified,3662,Slight,None,12-03-2010,Friday,1,Give way or uncontrolled,T or staggered junction,51.319707,Darkness - lights lit,500700,158840,-0.556334,E01030954,1,1,0,0,Dry,One way street,None,30,03:52:00,Urban,Fine no high winds,No,21 - 25,12,Data missing or out of range,NA,1389,None,None,Other/Not known (2005-10),Approaching junction or waiting/parked at junction approach,VAUXHALL,CORSA BREEZE HI-TORQ,Petrol,Female,None,No tow/articulation,Did not leave carriageway,0,Overtaking static vehicle - offside,1,Car,No,Nearside,2010
201054DN06810,B,4534,Unclassified,0,Slight,None,14-03-2010,Sunday,1,Auto traffic signal,Crossroads,51.600008,Darkness - lights lit,412920,189040,-1.814872,E01015470,1,2,0,5,Dry,Dual carriageway,None,40,00:17:00,Rural,Fine no high winds,No,21 - 25,12,Urban area,9,1597,None,None,Other/Not known (2005-10),Mid Junction - on roundabout or on main road,PROTON,PERSONA XLI AUTO,Petrol,Female,None,No tow/articulation,Did not leave carriageway,0,Moving off,2,Car,No,Front,2010
2010550C30062,Unclassified,0,Unclassified,0,Slight,None,13-06-2010,Sunday,2,Give way or uncontrolled,Crossroads,50.735738,Darkness - lights lit,410280,92920,-1.85571,E01015329,2,2,0,0,Dry,Single carriageway,None,30,00:05:00,Urban,Fine no high winds,No,21 - 25,12,Urban area,4,1299,None,None,Other/Not known (2005-10),Mid Junction - on roundabout or on main road,FORD,KA,Petrol,Female,None,No tow/articulation,Did not leave carriageway,0,Going ahead other,2,Car,No,Front,2010
201001GD10189,Unclassified,0,A,106,Slight,None,27-03-2010,Saturday,1,Give way or uncontrolled,Crossroads,51.537267,Darkness - lights lit,535400,183850,-0.049098,E01001836,1,2,0,1,Dry,Single carriageway,None,30,20:30:00,Urban,Fine no high winds,No,21 - 25,12,Urban area,1,1597,None,None,Other/Not known (2005-10),Cleared junction or waiting/parked at junction exit,FORD,ESCORT CL,Petrol,Female,None,No tow/articulation,Did not leave carriageway,0,Slowing or stopping,1,Car,No,Front,2010
201001SX20509,A,406,A,598,Slight,None,09-05-2010,Sunday,1,Auto traffic signal,Crossroads,51.589767,Darkness - lights lit,524800,189420,-0.199878,E01000203,2,2,0,5,Dry,Dual carriageway,None,40,00:40:00,Urban,Fine no high winds,No,21 - 25,12,Urban area,3,1124,None,None,Other/Not known (2005-10),Mid Junction - on roundabout or on main road,PEUGEOT,206 L,Petrol,Female,None,No tow/articulation,Did not leave carriageway,0,Going ahead other,2,Car,No,Front,2010
201001VW40070,A,236,NA,0,Slight,None,01-02-2010,Monday,1,Data missing or out of range,Not at junction or within 20 metres,51.412181,Darkness - lights lit,526820,169710,-0.177814,E01003407,1,2,0,0,Dry,Single carriageway,None,30,00:15:00,Urban,Fine no high winds,No,21 - 25,12,Urban area,4,1998,None,None,Other/Not known (2005-10),Not at or within 20 metres of junction,RENAULT,MEGANE COUPE 2.0,Petrol,Female,None,No tow/articulation,Did not leave carriageway,0,Parked,2,Car,No,Back,2010
201001ZD30317,A,23,Unclassified,0,Slight,None,02-01-2010,Saturday,1,Give way or uncontrolled,T or staggered junction,51.408422,Darkness - lights lit,530710,169390,-0.122028,E01001087,1,2,0,4,Dry,Single carriageway,None,30,23:25:00,Urban,Fine no high winds,No,21 - 25,12,Urban area,4,1997,Kerb,Tree,Other/Not known (2005-10),Approaching junction or waiting/parked at junction approach,HONDA,ACCORD 2.0I ES AUTO,Petrol,Female,None,No tow/articulation,Nearside,0,Parked,1,Car,No,Offside,2010
201001ZT80242,A,237,Unclassified,0,Slight,None,25-07-2010,Sunday,1,Auto traffic signal,T or staggered junction,51.359315,Darkness - lights lit,528910,163880,-0.149893,E01004178,4,2,0,5,Dry,Single carriageway,Auto signal part defective,30,00:20:00,Urban,Fine no high winds,No,21 - 25,12,Data missing or out of range,NA,1468,None,None,Other/Not known (2005-10),Mid Junction - on roundabout or on main road,PROTON,PERSONA GLSI,Petrol,Female,Skidded,No tow/articulation,Did not leave carriageway,0,Going ahead other,1,Car,No,Front,2010
201004EL10003,Unclassified,0,Unclassified,0,Slight,None,11-01-2010,Monday,1,Auto traffic signal,More than 4 arms (not roundabout),53.75318,Darkness - lights lit,375490,428600,-2.373201,E01025041,1,3,0,0,Wet or damp,Single carriageway,None,30,17:45:00,Urban,Fine no high winds,No,21 - 25,12,Urban area,2,1390,None,None,Other/Not known (2005-10),Approaching junction or waiting/parked at junction approach,RENAULT,MEGANE RN 1.4,Petrol,Female,None,No tow/articulation,Did not leave carriageway,0,Slowing or stopping,1,Car,No,Front,2010
201004TA10026,Motorway,61,Unclassified,0,Slight,None,19-02-2010,Friday,1,Give way or uncontrolled,Slip road,53.711294,Darkness - lights lit,358460,424060,-2.630852,E01024921,2,2,0,0,Wet or damp,Dual carriageway,None,70,18:59:00,Rural,Fine no high winds,No,21 - 25,12,Small town,1,1275,None,None,Other/Not known (2005-10),Cleared junction or waiting/parked at junction exit,NISSAN,MICRA GX AUTO,Petrol,Female,Overturned,No tow/articulation,Nearside,0,Going ahead other,2,Car,No,Nearside,2010
201005AA06083,A,553,NA,0,Slight,None,09-10-2010,Saturday,1,Data missing or out of range,Not at junction or within 20 metres,53.407429,Darkness - lights lit,328470,390610,-3.077492,E01007120,2,1,0,0,Wet or damp,Dual carriageway,None,40,23:18:00,Rural,Fine no high winds,No,21 - 25,12,Data missing or out of range,NA,1124,Kerb,Lamp post,Other/Not known (2005-10),Not at or within 20 metres of junction,PEUGEOT,106 XN ZEST,Petrol,Female,None,No tow/articulation,Nearside,0,Going ahead other,1,Car,No,Front,2010
2010160D00071,Unclassified,0,Unclassified,0,Slight,None,12-01-2010,Tuesday,2,Give way or uncontrolled,T or staggered junction,53.750694,Darkness - lights lit,507060,429480,-0.377849,E01012862,2,2,0,0,Wet or damp,Dual carriageway,None,30,17:30:00,Urban,Fine no high winds,No,21 - 25,12,Urban area,1,1299,None,None,Commuting to/from work,Approaching junction or waiting/parked at junction approach,FORD,KA 2,Petrol,Female,None,No tow/articulation,Did not leave carriageway,0,Waiting to go - held up,2,Car,No,Back,2010
201020T030610,A,4040,NA,0,Slight,None,26-08-2010,Thursday,1,Data missing or out of range,Not at junction or within 20 metres,52.454518,Darkness - lights lit,411790,284080,-1.827938,E01008889,1,2,0,0,Wet or damp,Single carriageway,None,30,22:18:00,Urban,Fine no high winds,No,21 - 25,12,Urban area,7,2370,None,None,Other/Not known (2005-10),Not at or within 20 metres of junction,VOLKSWAGEN,1100 SYNCRO D SWB,Heavy oil,Female,None,No tow/articulation,Did not leave carriageway,0,Going ahead other,1,Van / Goods 3.5 tonnes mgw or under,No,Front,2010
201030C000353,Unclassified,0,NA,0,Slight,None,18-06-2010,Friday,1,Data missing or out of range,Not at junction or within 20 metres,53.099841,Darkness - lights lit,441550,356030,-1.380901,E01019403,1,2,0,0,Dry,Single carriageway,None,30,00:15:00,Urban,Fine no high winds,No,21 - 25,12,Urban area,2,1124,None,None,Other/Not known (2005-10),Not at or within 20 metres of junction,CITROEN,SAXO X,Petrol,Female,None,No tow/articulation,Did not leave carriageway,0,Going ahead other,1,Car,No,Front,2010
20103102A0903,A,38,B,6018,Slight,None,20-01-2010,Wednesday,1,Auto traffic signal,Crossroads,53.113491,Darkness - lights lit,449120,357620,-1.267607,E01027974,1,2,0,5,Dry,Dual carriageway,None,30,21:36:00,Urban,Fine no high winds,No,21 - 25,12,Urban area,4,1242,None,None,Other/Not known (2005-10),Mid Junction - on roundabout or on main road,FIAT,PUNTO SX 85,Petrol,Female,None,No tow/articulation,Did not leave carriageway,0,Going ahead other,2,Car,No,Front,2010
20103102C0445,A,611,Unclassified,0,Slight,None,09-03-2010,Tuesday,2,Give way or uncontrolled,T or staggered junction,52.995869,Darkness - lights lit,455210,344600,-1.17886,E01013834,1,2,0,4,Dry,Single carriageway,None,30,18:46:00,Urban,Fine no high winds,No,21 - 25,12,Urban area,2,1299,None,None,Other/Not known (2005-10),Approaching junction or waiting/parked at junction approach,FORD,KA,Petrol,Female,None,No tow/articulation,Did not leave carriageway,0,Waiting to go - held up,2,Car,No,Back,2010
201032B009010,A,17,Unclassified,0,Slight,None,08-01-2010,Friday,1,Give way or uncontrolled,Crossroads,52.798743,Darkness - lights lit,540880,324400,0.08818,E01026246,1,1,0,0,Snow,Dual carriageway,None,60,05:21:00,Rural,Fine no high winds,No,21 - 25,12,Urban area,1,2793,None,Lamp post,Journey as part of work,Approaching junction or waiting/parked at junction approach,BMW,528I SE,Petrol,Female,Skidded,No tow/articulation,Nearside,0,Overtaking moving vehicle - offside,1,Car,No,Front,2010
2010400C00448,A,5228,Unclassified,0,Slight,None,08-06-2020,Friday,1,Give way or uncontrolled,T or staggered junction,12.97240062,Darkness - lights lit,506590,222870,77.6406233,E01015711,1,2,0,8,Dry,Single carriageway,None,30,20:00:00,Urban,Fog or mist,No,21 - 25,12,Urban area,3,4172,None,None,Other/Not known (2005-10),Mid Junction - on roundabout or on main road,AUDI,A8 4.2 QUATTRO AUTO,Petrol,Male,None,No tow/articulation,Did not leave carriageway,0,Going ahead other,2,Car,No,Front,2020
2010400C00448,A,5228,Unclassified,0,Slight,None,05-02-2010,Friday,1,Give way or uncontrolled,T or staggered junction,51.894152,Darkness - lights lit,506590,222870,-0.452394,E01015711,1,2,0,8,Dry,Single carriageway,None,30,20:00:00,Urban,Fog or mist,No,21 - 25,12,Urban area,3,4172,None,None,Other/Not known (2005-10),Mid Junction - on roundabout or on main road,AUDI,A8 4.2 QUATTRO AUTO,Petrol,Male,None,No tow/articulation,Did not leave carriageway,0,Going ahead other,2,Car,No,Front,2010
20104100T3320,Motorway,25,NA,0,Slight,None,03-05-2019,Tuesday,1,Not at junction or within 20 metres,Not at junction or within 20 metres,27.10493465,Darkness - lights lit,519610,203220,93.6104984,E01023583,3,2,0,0,Wet or damp,Dual carriageway,None,70,16:17:00,Rural,Fog or mist,No,21 - 25,12,Urban area,8,1390,None,None,Other/Not known (2005-10),Not at or within 20 metres of junction,VOLKSWAGEN,POLO 1.4 CL,Petrol,Female,None,No tow/articulation,Did not leave carriageway,0,Going ahead other,1,Car,No,Front,2019
20104100T3320,Motorway,25,NA,0,Slight,None,28-12-2010,Tuesday,1,Not at junction or within 20 metres,Not at junction or within 20 metres,51.714917,Darkness - lights lit,519610,203220,-0.270043,E01023583,3,2,0,0,Wet or damp,Dual carriageway,None,70,16:17:00,Rural,Fog or mist,No,21 - 25,12,Urban area,8,1390,None,None,Other/Not known (2005-10),Not at or within 20 metres of junction,VOLKSWAGEN,POLO 1.4 CL,Petrol,Female,None,No tow/articulation,Did not leave carriageway,0,Going ahead other,1,Car,No,Front,2010
201060L008624,A,5152,NA,0,Slight,None,15-01-2010,Friday,1,Data missing or out of range,Not at junction or within 20 metres,53.048146,Darkness - lights lit,333610,350560,-2.991831,W01000372,1,1,0,1,Wet or damp,Single carriageway,None,30,17:20:00,Urban,Fog or mist,No,21 - 25,12,Small town,NA,998,None,None,Other/Not known (2005-10),Not at or within 20 metres of junction,SEAT,IBIZA 1.0 MPI,Petrol,Female,None,No tow/articulation,Did not leave carriageway,0,Slowing or stopping,1,Car,No,Front,2010
201001GD10002,B,113,Unclassified,0,Slight,None,06-01-2010,Wednesday,1,Give way or uncontrolled,T or staggered junction,51.545087,Darkness - lights lit,536140,184740,-0.038091,E01001850,1,2,0,0,Frost or ice,Single carriageway,None,30,21:30:00,Urban,Other,No,21 - 25,12,Urban area,1,1900,None,None,Other/Not known (2005-10),Mid Junction - on roundabout or on main road,VOLKSWAGEN,GOLF GT TDI,Heavy oil,Male,Skidded,No tow/articulation,Did not leave carriageway,0,Slowing or stopping,1,Car,No,Front,2010
201001KF60487,B,167,Unclassified,0,Slight,None,08-08-2010,Sunday,1,Give way or uncontrolled,T or staggered junction,51.529159,Darkness - lights lit,542070,183130,0.046719,E01003493,2,2,0,0,Wet or damp,Single carriageway,None,30,00:48:00,Urban,Other,No,21 - 25,12,Urban area,2,1998,Parked vehicle,None,Other/Not known (2005-10),Approaching junction or waiting/parked at junction approach,TOYOTA,AVENSIS CDX AUTO,Petrol,Male,None,No tow/articulation,Did not leave carriageway,0,Going ahead other,1,Car,No,Front,2010
201001GD10002,B,113,Unclassified,0,Slight,None,06-01-2010,Wednesday,1,Give way or uncontrolled,T or staggered junction,51.545087,Darkness - lights lit,536140,184740,-0.038091,E01001850,1,2,0,0,Frost or ice,Single carriageway,None,30,21:30:00,Urban,Other,No,21 - 25,12,Urban area,1,1900,None,None,Other/Not known (2005-10),Mid Junction - on roundabout or on main road,VOLKSWAGEN,GOLF GT TDI,Heavy oil,Male,Skidded,No tow/articulation,Did not leave carriageway,0,Slowing or stopping,1,Car,No,Front,2010
201001KF60487,B,167,Unclassified,0,Slight,None,08-08-2010,Sunday,1,Give way or uncontrolled,T or staggered junction,51.529159,Darkness - lights lit,542070,183130,0.046719,E01003493,2,2,0,0,Wet or damp,Single carriageway,None,30,00:48:00,Urban,Other,No,21 - 25,12,Urban area,2,1998,Parked vehicle,None,Other/Not known (2005-10),Approaching junction or waiting/parked at junction approach,TOYOTA,AVENSIS CDX AUTO,Petrol,Male,None,No tow/articulation,Did not leave carriageway,0,Going ahead other,1,Car,No,Front,2010
201001YE80043,A,406,A,109,Slight,None,13-01-2010,Wednesday,1,Auto traffic signal,Crossroads,51.611067,Darkness - lights lit,529180,191900,-0.135773,E01001528,2,2,0,0,Wet or damp,Dual carriageway,None,30,18:44:00,Urban,Other,No,21 - 25,12,Urban area,1,2793,None,None,Commuting to/from work,Mid Junction - on roundabout or on main road,BMW,328I SPORT AUTO,Petrol,Male,None,No tow/articulation,Offside - crossed central reservation,0,Going ahead other,2,Car,No,Front,2010
201014C003010,B,6089,Unclassified,0,Slight,None,06-01-2010,Wednesday,2,Give way or uncontrolled,Roundabout,53.453677,Darkness - lights lit,442030,395400,-1.368538,E01007731,1,2,0,0,Wet or damp,Roundabout,None,30,17:00:00,Urban,Other,No,21 - 25,12,Urban area,3,1360,None,None,Other/Not known (2005-10),Approaching junction or waiting/parked at junction approach,PEUGEOT,106 XL AUTO,Petrol,Male,None,No tow/articulation,Did not leave carriageway,0,Waiting to go - held up,1,Car,No,Did not impact,2010
201020T500300,Unclassified,0,Unclassified,0,Slight,None,22-12-2010,Wednesday,1,Give way or uncontrolled,More than 4 arms (not roundabout),52.487637,Darkness - lights lit,414120,287770,-1.793495,E01009311,1,1,0,1,Frost or ice,Single carriageway,None,30,21:20:00,Urban,Other,No,21 - 25,12,Urban area,1,1124,Kerb,Near/Offside crash barrier,Other/Not known (2005-10),Entering main road,CITROEN,SAXO X,Petrol,Male,Skidded,No tow/articulation,Nearside,0,Turning right,1,Car,No,Front,2010
201030C000644,Unclassified,0,NA,0,Slight,None,24-09-2010,Friday,1,Data missing or out of range,Not at junction or within 20 metres,53.036693,Darkness - lights lit,439810,348990,-1.407755,E01019460,1,4,0,0,Wet or damp,Single carriageway,None,30,21:05:00,Urban,Other,No,21 - 25,12,Data missing or out of range,NA,1597,Parked vehicle,None,Other/Not known (2005-10),Not at or within 20 metres of junction,MITSUBISHI,COLT GLX,Petrol,Male,None,No tow/articulation,Did not leave carriageway,0,Slowing or stopping,1,Car,No,Front,2010
201042I402312,A,127,NA,0,Slight,None,15-10-2019,Friday,1,Not at junction or within 20 metres,Not at junction or within 20 metres,26.75250563,Darkness - lights lit,564860,189640,94.21958042,E01021446,1,2,0,0,Frost or ice,Dual carriageway,None,70,18:10:00,Rural,Other,No,21 - 25,12,Urban area,7,1391,None,None,Commuting to/from work,Not at or within 20 metres of junction,SEAT,IBIZA 1.4 SXE,Petrol,Female,Skidded,No tow/articulation,Nearside,0,Changing lane to left,1,Car,No,Front,2019
201042I402312,A,127,NA,0,Slight,None,03-12-2010,Friday,1,Not at junction or within 20 metres,Not at junction or within 20 metres,51.581455,Darkness - lights lit,564860,189640,0.378034,E01021446,1,2,0,0,Frost or ice,Dual carriageway,None,70,18:10:00,Rural,Other,No,21 - 25,12,Urban area,7,1391,None,None,Commuting to/from work,Not at or within 20 metres of junction,SEAT,IBIZA 1.4 SXE,Petrol,Female,Skidded,No tow/articulation,Nearside,0,Changing lane to left,1,Car,No,Front,2010
201001JI40760,A,406,NA,0,Slight,None,11-11-2010,Thursday,1,Data missing or out of range,Not at junction or within 20 metres,51.588552,Darkness - lights lit,541370,189720,0.039283,E01003764,1,5,0,0,Wet or damp,Dual carriageway,None,50,17:10:00,Urban,Raining + high winds,No,21 - 25,12,Urban area,3,2793,None,None,Commuting to/from work,Not at or within 20 metres of junction,BMW,528 I SE,Petrol,Male,None,No tow/articulation,Did not leave carriageway,0,Slowing or stopping,4,Car,No,Front,2010
201001JI40760,A,406,NA,0,Slight,None,11-11-2010,Thursday,1,Data missing or out of range,Not at junction or within 20 metres,51.588552,Darkness - lights lit,541370,189720,0.039283,E01003764,1,5,0,0,Wet or damp,Dual carriageway,None,50,17:10:00,Urban,Raining + high winds,No,21 - 25,12,Urban area,3,2793,None,None,Commuting to/from work,Not at or within 20 metres of junction,BMW,528 I SE,Petrol,Male,None,No tow/articulation,Did not leave carriageway,0,Slowing or stopping,4,Car,No,Front,2010
201001WW50632,A,217,Unclassified,0,Slight,None,20-08-2010,Friday,1,Give way or uncontrolled,T or staggered junction,51.429459,Darkness - lights lit,527120,171640,-0.172811,E01004614,1,1,0,0,Wet or damp,Single carriageway,None,30,01:50:00,Urban,Raining + high winds,No,21 - 25,12,Urban area,3,1997,Kerb,Other permanent object,Journey as part of work,Approaching junction or waiting/parked at junction approach,MITSUBISHI,GALANT GLS AUTO,Petrol,Male,Skidded,No tow/articulation,Nearside,0,Going ahead other,1,Car,No,Offside,2010
20104100J0655,C,84,NA,0,Slight,None,25-06-2021,Wednesday,2,Not at junction or within 20 metres,Not at junction or within 20 metres,27.09132294,Darkness - lights lit,516540,199770,93.62279327,E01023523,1,2,0,0,Wet or damp,Single carriageway,None,30,20:55:00,Rural,Raining no high winds,No,21 - 25,12,Urban area,4,1998,None,None,Other/Not known (2005-10),Not at or within 20 metres of junction,TOYOTA,AVENSIS GLS AUTO,Petrol,Male,None,No tow/articulation,Did not leave carriageway,0,Going ahead other,1,Car,No,Front,2019
201045RU49947,B,3121,Unclassified,3094,Slight,None,09-12-2021,Monday,1,Give way or uncontrolled,T or staggered junction,27.10431164,Darkness - lights lit,505800,165040,93.63019023,E01030646,1,1,0,8,Wet or damp,Single carriageway,None,30,18:45:00,Urban,Raining no high winds,No,21 - 25,12,Urban area,10,1905,None,None,Other/Not known (2005-10),Leaving main road,CITROEN,BERLINGO 1.9D 600,Heavy oil,Male,None,No tow/articulation,Did not leave carriageway,0,Turning right,1,Van / Goods 3.5 tonnes mgw or under,No,Front,2019
201037B046112,A,1088,C,401,Slight,None,02-12-2019,Sunday,1,Give way or uncontrolled,Roundabout,26.75752898,Darkness - lights lit,597840,263300,94.18163348,E01030049,1,2,0,0,Wet or damp,Roundabout,None,60,19:48:00,Rural,Raining no high winds,No,21 - 25,12,Rural,8,1389,None,None,Other/Not known (2005-10),Mid Junction - on roundabout or on main road,VAUXHALL,CORSA BREEZE HI-TORQ,Petrol,Male,None,No tow/articulation,Did not leave carriageway,0,Turning right,2,Car,No,Nearside,2019
201045SU54972,Unclassified,3514,Unclassified,3514,Slight,None,27-07-2019,Sunday,1,Give way or uncontrolled,Roundabout,26.75829873,Darkness - lights lit,487520,160460,94.16768056,E01030800,1,1,0,0,Wet or damp,Single carriageway,None,30,00:50:00,Urban,Raining no high winds,No,21 - 25,12,Urban area,9,1390,None,None,Other/Not known (2005-10),Approaching junction or waiting/parked at junction approach,VOLKSWAGEN,POLO 1.4 CL,Petrol,Male,None,No tow/articulation,Did not leave carriageway,0,Going ahead other,1,Car,No,Front,2019
201050FT2M015,A,3022,Unclassified,0,Slight,None,17-09-2019,Tuesday,1,Give way or uncontrolled,Other junction,25.76633493,Darkness - lights lit,290120,66010,87.49274971,E01015252,2,2,0,0,Wet or damp,Dual carriageway,None,30,00:30:00,Urban,Raining no high winds,No,21 - 25,12,Data missing or out of range,NA,1396,None,None,Other/Not known (2005-10),Approaching junction or waiting/parked at junction approach,ROVER,214 SI,Petrol,Male,None,No tow/articulation,Did not leave carriageway,0,Moving off,2,Car,No,Offside,2019
201054DN19110,B,4534,B,4534,Slight,None,27-08-2019,Friday,2,Auto traffic signal,T or staggered junction,22.98673699,Darkness - lights lit,412190,187450,72.6084069,E01015470,2,2,0,5,Wet or damp,Dual carriageway,None,40,22:00:00,Rural,Raining no high winds,No,21 - 25,12,Urban area,8,1998,None,None,Other/Not known (2005-10),Approaching junction or waiting/parked at junction approach,RENAULT,MEGANE COUPE 2.0,Petrol,Male,None,No tow/articulation,Did not leave carriageway,0,Waiting to go - held up,1,Car,No,Back,2019
201001KD50598,Unclassified,0,Unclassified,0,Slight,None,16-11-2010,Tuesday,1,Give way or uncontrolled,Mini-roundabout,51.548512,Darkness - lights lit,552620,185590,0.199761,E01002261,2,3,0,0,Wet or damp,Roundabout,None,30,17:08:00,Urban,Raining no high winds,No,21 - 25,12,Urban area,4,1493,None,None,Other/Not known (2005-10),Approaching junction or waiting/parked at junction approach,HONDA,CIVIC 1.5I LS AUTO,Petrol,Male,None,No tow/articulation,Did not leave carriageway,0,Slowing or stopping,1,Car,No,Back,2010
201001PY20463,C,0,NA,0,Slight,None,07-08-2010,Saturday,1,Data missing or out of range,Not at junction or within 20 metres,51.413782,Darkness - lights lit,542060,170290,0.041417,E01000653,1,1,0,8,Wet or damp,Single carriageway,None,30,20:00:00,Urban,Raining no high winds,No,21 - 25,12,Urban area,6,1599,Bollard or refuge,None,Other/Not known (2005-10),Not at or within 20 metres of junction,HYUNDAI,,Petrol,Male,Skidded,No tow/articulation,Did not leave carriageway,0,Going ahead right-hand bend,1,Car,No,Nearside,2010
201037B046112,A,1088,C,401,Slight,None,31-10-2010,Sunday,1,Give way or uncontrolled,Roundabout,52.232298,Darkness - lights lit,597840,263300,0.895709,E01030049,1,2,0,0,Wet or damp,Roundabout,None,60,19:48:00,Rural,Raining no high winds,No,21 - 25,12,Rural,8,1389,None,None,Other/Not known (2005-10),Mid Junction - on roundabout or on main road,VAUXHALL,CORSA BREEZE HI-TORQ,Petrol,Male,None,No tow/articulation,Did not leave carriageway,0,Turning right,2,Car,No,Nearside,2010
20104100J0655,C,84,NA,0,Slight,None,17-11-2010,Wednesday,2,Not at junction or within 20 metres,Not at junction or within 20 metres,51.684556,Darkness - lights lit,516540,199770,-0.315613,E01023523,1,2,0,0,Wet or damp,Single carriageway,None,30,20:55:00,Rural,Raining no high winds,No,21 - 25,12,Urban area,4,1998,None,None,Other/Not known (2005-10),Not at or within 20 metres of junction,TOYOTA,AVENSIS GLS AUTO,Petrol,Male,None,No tow/articulation,Did not leave carriageway,0,Going ahead other,1,Car,No,Front,2010
201045RU49947,B,3121,Unclassified,3094,Slight,None,22-03-2010,Monday,1,Give way or uncontrolled,T or staggered junction,51.374512,Darkness - lights lit,505800,165040,-0.481334,E01030646,1,1,0,8,Wet or damp,Single carriageway,None,30,18:45:00,Urban,Raining no high winds,No,21 - 25,12,Urban area,10,1905,None,None,Other/Not known (2005-10),Leaving main road,CITROEN,BERLINGO 1.9D 600,Heavy oil,Male,None,No tow/articulation,Did not leave carriageway,0,Turning right,1,Van / Goods 3.5 tonnes mgw or under,No,Front,2010
201045SU54972,Unclassified,3514,Unclassified,3514,Slight,None,26-09-2010,Sunday,1,Give way or uncontrolled,Roundabout,51.336449,Darkness - lights lit,487520,160460,-0.745021,E01030800,1,1,0,0,Wet or damp,Single carriageway,None,30,00:50:00,Urban,Raining no high winds,No,21 - 25,12,Urban area,9,1390,None,None,Other/Not known (2005-10),Approaching junction or waiting/parked at junction approach,VOLKSWAGEN,POLO 1.4 CL,Petrol,Male,None,No tow/articulation,Did not leave carriageway,0,Going ahead other,1,Car,No,Front,2010
201050FT2M015,A,3022,Unclassified,0,Slight,None,13-07-2010,Tuesday,1,Give way or uncontrolled,Other junction,50.483502,Darkness - lights lit,290120,66010,-3.550189,E01015252,2,2,0,0,Wet or damp,Dual carriageway,None,30,00:30:00,Urban,Raining no high winds,No,21 - 25,12,Data missing or out of range,NA,1396,None,None,Other/Not known (2005-10),Approaching junction or waiting/parked at junction approach,ROVER,214 SI,Petrol,Male,None,No tow/articulation,Did not leave carriageway,0,Moving off,2,Car,No,Offside,2010
201054DN19110,B,4534,B,4534,Slight,None,02-07-2010,Friday,2,Auto traffic signal,T or staggered junction,51.585728,Darkness - lights lit,412190,187450,-1.825466,E01015470,2,2,0,5,Wet or damp,Dual carriageway,None,40,22:00:00,Rural,Raining no high winds,No,21 - 25,12,Urban area,8,1998,None,None,Other/Not known (2005-10),Approaching junction or waiting/parked at junction approach,RENAULT,MEGANE COUPE 2.0,Petrol,Male,None,No tow/articulation,Did not leave carriageway,0,Waiting to go - held up,1,Car,No,Back,2010
201001KD50598,Unclassified,0,Unclassified,0,Slight,None,16-11-2010,Tuesday,1,Give way or uncontrolled,Mini-roundabout,51.548512,Darkness - lights lit,552620,185590,0.199761,E01002261,2,3,0,0,Wet or damp,Roundabout,None,30,17:08:00,Urban,Raining no high winds,No,21 - 25,12,Urban area,4,1493,None,None,Other/Not known (2005-10),Approaching junction or waiting/parked at junction approach,HONDA,CIVIC 1.5I LS AUTO,Petrol,Male,None,No tow/articulation,Did not leave carriageway,0,Slowing or stopping,1,Car,No,Back,2010
201001PY20463,C,0,NA,0,Slight,None,07-08-2010,Saturday,1,Data missing or out of range,Not at junction or within 20 metres,51.413782,Darkness - lights lit,542060,170290,0.041417,E01000653,1,1,0,8,Wet or damp,Single carriageway,None,30,20:00:00,Urban,Raining no high winds,No,21 - 25,12,Urban area,6,1599,Bollard or refuge,None,Other/Not known (2005-10),Not at or within 20 metres of junction,HYUNDAI,,Petrol,Male,Skidded,No tow/articulation,Did not leave carriageway,0,Going ahead right-hand bend,1,Car,No,Nearside,2010