Accident_Index,1st_Road_Class,1st_Road_Number,2nd_Road_Class,2nd_Road_Number,Accident_Severity,Carriageway_Hazards,Date,Day_of_Week,Did_Police_Officer_Attend_Scene_of_Accident,Junction_Control,Junction_Detail,Latitude,Light_Conditions,Location_Easting_OSGR,Location_Northing_OSGR,Longitude,LSOA_of_Accident_Location,Number_of_Casualties,Number_of_Vehicles,Pedestrian_Crossing-Human_Control,Pedestrian_Crossing-Physical_Facilities,Road_Surface_Conditions,Road_Type,Special_Conditions_at_Site,Speed_limit,Time,Urban_or_Rural_Area,Weather_Conditions,InScotland,Age_Band_of_Driver,Age_of_Vehicle,Driver_Home_Area_Type,Driver_IMD_Decile,Engine_Capacity_.CC.,Hit_Object_in_Carriageway,Hit_Object_off_Carriageway,Journey_Purpose_of_Driver,Junction_Location,make,model,Propulsion_Code,Sex_of_Driver,Skidding_and_Overturning,Towing_and_Articulation,Vehicle_Leaving_Carriageway,Vehicle_Location.Restricted_Lane,Vehicle_Manoeuvre,Vehicle_Reference,Vehicle_Type,Was_Vehicle_Left_Hand_Drive,X1st_Point_of_Impact,Year
201045GU48928,A,3,NA,0,Slight,None,15-02-2010,Monday,1,Data missing or out of range,Not at junction or within 20 metres,51.243399,Darkness - no lighting,498060,150300,-0.596548,E01030470,1,3,0,0,Wet or damp,Dual carriageway,None,50,19:38:00,Urban,Fine no high winds,No,21 - 25,12,Urban area,10,1390,None,None,Other/Not known (2005-10),Not at or within 20 metres of junction,VOLKSWAGEN,POLO 1.4 CL AUTO,Petrol,Female,None,No tow/articulation,Did not leave carriageway,0,Changing lane to right,2,Car,No,Front,2010
201060L206022,A,5,NA,0,Slight,None,05-11-2010,Friday,1,Data missing or out of range,Not at junction or within 20 metres,53.244092,Darkness - no lighting,244060,374450,-4.338464,W01000007,1,2,0,0,Wet or damp,Single carriageway,None,60,19:28:00,Rural,Fine no high winds,No,21 - 25,12,Rural,NA,1527,None,Other permanent object,Other/Not known (2005-10),Not at or within 20 metres of junction,PEUGEOT,106 XLD ZEST 3,Heavy oil,Female,Skidded and overturned,No tow/articulation,Did not leave carriageway,0,Going ahead left-hand bend,1,Car,No,Front,2010
201060L217608,A,55,NA,0,Slight,None,24-11-2010,Wednesday,1,Data missing or out of range,Not at junction or within 20 metres,53.255067,Darkness - no lighting,267590,374960,-3.986296,W01000123,1,2,0,0,Wet or damp,Dual carriageway,None,70,17:16:00,Rural,Fine no high winds,No,21 - 25,12,Rural,NA,1900,None,None,Journey as part of work,Not at or within 20 metres of junction,VOLKSWAGEN,GOLF E,Heavy oil,Female,None,No tow/articulation,Did not leave carriageway,0,Going ahead other,2,Car,No,Back,2010
201030C000363,B,6014,NA,0,Slight,None,20-06-2010,Sunday,1,Data missing or out of range,Not at junction or within 20 metres,53.145169,Darkness - no lighting,437580,361040,-1.439605,E01019814,1,2,0,0,Dry,Single carriageway,None,60,23:08:00,Rural,Fine no high winds,No,21 - 25,12,Small town,4,1389,Parked vehicle,None,Other/Not known (2005-10),Not at or within 20 metres of junction,VAUXHALL,CORSA BREEZE HI-TORQ,Petrol,Female,Skidded,No tow/articulation,Did not leave carriageway,0,Going ahead right-hand bend,2,Car,No,Front,2010
201037G030430,A,12,NA,0,Slight,None,11-03-2019,Monday,1,Data missing or out of range,Not at junction or within 20 metres,22.74893104,Darkness - no lighting,624110,247160,75.85788387,E01030190,1,4,0,0,Wet or damp,Dual carriageway,None,70,20:10:00,Rural,Fog or mist,No,21 - 25,12,Urban area,10,1389,None,None,Other/Not known (2005-10),Not at or within 20 metres of junction,VAUXHALL,CORSA 1.4 CAPITAL,Petrol,Male,None,No tow/articulation,Did not leave carriageway,0,Going ahead left-hand bend,1,Car,No,Front,2020
201037G030430,A,12,NA,0,Slight,None,15-11-2010,Monday,1,Data missing or out of range,Not at junction or within 20 metres,52.07737,Darkness - no lighting,624110,247160,1.269122,E01030190,1,4,0,0,Wet or damp,Dual carriageway,None,70,20:10:00,Rural,Fog or mist,No,21 - 25,12,Urban area,10,1389,None,None,Other/Not known (2005-10),Not at or within 20 metres of junction,VAUXHALL,CORSA 1.4 CAPITAL,Petrol,Male,None,No tow/articulation,Did not leave carriageway,0,Going ahead left-hand bend,1,Car,No,Front,2010
201022F000286,A,5,Unclassified,0,Slight,None,14-01-2010,Thursday,1,Give way or uncontrolled,Other junction,52.729698,Darkness - no lighting,343090,315010,-2.844201,E01028970,1,2,0,0,Wet or damp,Single carriageway,None,60,21:36:00,Rural,Fog or mist,No,21 - 25,12,Urban area,3,1896,None,None,Other/Not known (2005-10),Approaching junction or waiting/parked at junction approach,VOLKSWAGEN,POLO CL DIESEL,Heavy oil,Male,None,No tow/articulation,Did not leave carriageway,0,Going ahead other,2,Car,No,Front,2010
201036T100167,A,146,NA,0,Slight,None,01-03-2021,Wednesday,1,Data missing or out of range,Not at junction or within 20 metres,12.97718461,Darkness - no lighting,638970,294230,77.59045353,E01026899,1,1,0,0,Frost or ice,Single carriageway,None,60,01:14:00,Rural,Other,No,21 - 25,12,Urban area,3,1388,None,Tree,Commuting to/from work,Not at or within 20 metres of junction,FORD,FIESTA SI,Petrol,Male,Skidded,No tow/articulation,Offside,0,Going ahead other,1,Car,No,Front,2020
201036T100167,A,146,NA,0,Slight,None,08-12-2010,Wednesday,1,Data missing or out of range,Not at junction or within 20 metres,52.493551,Darkness - no lighting,638970,294230,1.518902,E01026899,1,1,0,0,Frost or ice,Single carriageway,None,60,01:14:00,Rural,Other,No,21 - 25,12,Urban area,3,1388,None,Tree,Commuting to/from work,Not at or within 20 metres of junction,FORD,FIESTA SI,Petrol,Male,Skidded,No tow/articulation,Offside,0,Going ahead other,1,Car,No,Front,2010
201037G028916,B,1127,NA,0,Slight,Any animal in carriageway (except ridden horse),19-01-2019,Thursday,1,Data missing or out of range,Not at junction or within 20 metres,18.60236164,Darkness - no lighting,648560,286300,73.90202461,E01030295,1,1,0,0,Frost or ice,Single carriageway,None,60,22:30:00,Rural,Other,No,21 - 25,12,Small town,5,1679,None,None,Commuting to/from work,Not at or within 20 metres of junction,FORD,PUMA 1.7 16V,Petrol,Female,None,No tow/articulation,Offside,0,Going ahead other,1,Car,No,Front,2021
201037G028916,B,1127,NA,0,Slight,Any animal in carriageway (except ridden horse),04-03-2010,Thursday,1,Data missing or out of range,Not at junction or within 20 metres,52.418122,Darkness - no lighting,648560,286300,1.653967,E01030295,1,1,0,0,Frost or ice,Single carriageway,None,60,22:30:00,Rural,Other,No,21 - 25,12,Small town,5,1679,None,None,Commuting to/from work,Not at or within 20 metres of junction,FORD,PUMA 1.7 16V,Petrol,Female,None,No tow/articulation,Offside,0,Going ahead other,1,Car,No,Front,2010
201042I050402,Unclassified,0,NA,0,Slight,None,22-06-2021,Thursday,1,Not at junction or within 20 metres,Not at junction or within 20 metres,15.22342815,Darkness - no lighting,555880,223370,74.13657859,E01022090,1,2,0,0,Wet or damp,Single carriageway,None,60,17:11:00,Rural,Raining no high winds,No,21 - 25,12,Urban area,5,2498,None,None,Commuting to/from work,Not at or within 20 metres of junction,VAUXHALL,VECTRA SUPERTOURING 24V,Petrol,Male,Skidded,No tow/articulation,Did not leave carriageway,0,Going ahead other,1,Car,No,Nearside,2019
201050CT2E002,A,386,NA,0,Slight,None,19-02-2020,Friday,1,Not at junction or within 20 metres,Not at junction or within 20 metres,28.48749232,Darkness - no lighting,247440,121720,77.04128168,E01020296,3,1,0,0,Wet or damp,Single carriageway,None,60,00:17:00,Rural,Raining no high winds,No,21 - 25,12,Rural,6,1527,None,Other permanent object,Other/Not known (2005-10),Not at or within 20 metres of junction,CITROEN,SAXO XD,Heavy oil,Male,Skidded and overturned,No tow/articulation,Offside and rebounded,0,Going ahead right-hand bend,1,Car,No,Front,2019
201042I244408,Unclassified,0,NA,0,Slight,None,13-11-2020,Wednesday,1,Not at junction or within 20 metres,Not at junction or within 20 metres,26.75629462,Darkness - no lighting,585030,210900,94.2038632,E01021883,2,2,0,0,Wet or damp,Single carriageway,None,60,20:00:00,Rural,Raining no high winds,No,21 - 25,12,Small town,9,1994,None,None,Other/Not known (2005-10),Not at or within 20 metres of junction,ROVER,420DI,Heavy oil,Male,None,No tow/articulation,Did not leave carriageway,0,Going ahead right-hand bend,2,Car,No,Front,2019
201042I050402,Unclassified,0,NA,0,Slight,None,18-02-2010,Thursday,1,Not at junction or within 20 metres,Not at junction or within 20 metres,51.88705,Darkness - no lighting,555880,223370,0.263633,E01022090,1,2,0,0,Wet or damp,Single carriageway,None,60,17:11:00,Rural,Raining no high winds,No,21 - 25,12,Urban area,5,2498,None,None,Commuting to/from work,Not at or within 20 metres of junction,VAUXHALL,VECTRA SUPERTOURING 24V,Petrol,Male,Skidded,No tow/articulation,Did not leave carriageway,0,Going ahead other,1,Car,No,Nearside,2010
201042I244408,Unclassified,0,NA,0,Slight,None,04-08-2010,Wednesday,1,Not at junction or within 20 metres,Not at junction or within 20 metres,51.766148,Darkness - no lighting,585030,210900,0.680082,E01021883,2,2,0,0,Wet or damp,Single carriageway,None,60,20:00:00,Rural,Raining no high winds,No,21 - 25,12,Small town,9,1994,None,None,Other/Not known (2005-10),Not at or within 20 metres of junction,ROVER,420DI,Heavy oil,Male,None,No tow/articulation,Did not leave carriageway,0,Going ahead right-hand bend,2,Car,No,Front,2010
201050CT2E002,A,386,NA,0,Slight,None,26-03-2010,Friday,1,Not at junction or within 20 metres,Not at junction or within 20 metres,50.974574,Darkness - no lighting,247440,121720,-4.174455,E01020296,3,1,0,0,Wet or damp,Single carriageway,None,60,00:17:00,Rural,Raining no high winds,No,21 - 25,12,Rural,6,1527,None,Other permanent object,Other/Not known (2005-10),Not at or within 20 metres of junction,CITROEN,SAXO XD,Heavy oil,Male,Skidded and overturned,No tow/articulation,Offside and rebounded,0,Going ahead right-hand bend,1,Car,No,Front,2010
201011NI25370,C,58,NA,0,Slight,None,23-10-2010,Saturday,1,Not at junction or within 20 metres,Not at junction or within 20 metres,54.815339,Darkness - no lighting,414070,546740,-1.782576,E01020664,1,1,0,0,Wet or damp,Single carriageway,None,60,22:23:00,Rural,Raining no high winds,No,21 - 25,12,Urban area,3,998,None,Tree,Other/Not known (2005-10),Not at or within 20 metres of junction,NISSAN,MICRA PASSION,Petrol,Male,Overturned,No tow/articulation,Nearside,0,Going ahead right-hand bend,1,Car,No,Front,2010
201032B282610,B,1040,NA,0,Slight,None,23-09-2010,Thursday,1,Data missing or out of range,Not at junction or within 20 metres,52.661279,Darkness - no lighting,525170,308670,-0.150692,E01026239,1,1,0,0,Wet or damp,Single carriageway,None,60,21:15:00,Rural,Raining no high winds,No,21 - 25,12,Rural,6,1149,None,Near/Offside crash barrier,Other/Not known (2005-10),Not at or within 20 metres of junction,RENAULT,CLIO BIARRITZ,Petrol,Male,None,No tow/articulation,Nearside and rebounded,0,Going ahead right-hand bend,1,Car,No,Nearside,2010
201037B046223,A,1141,NA,0,Slight,Any animal in carriageway (except ridden horse),14-03-2020,Thursday,1,Data missing or out of range,Not at junction or within 20 metres,26.71887634,Darkness - no lighting,601090,244570,94.20039332,E01029911,1,1,0,0,Wet or damp,Single carriageway,None,60,23:39:00,Rural,Raining no high winds,No,21 - 25,12,Urban area,6,1299,None,None,Journey as part of work,Not at or within 20 metres of junction,FORD,KA,Petrol,Female,Skidded and overturned,No tow/articulation,Did not leave carriageway,0,Going ahead other,1,Car,No,Front,2019
201037B046223,A,1141,NA,0,Slight,Any animal in carriageway (except ridden horse),18-11-2010,Thursday,1,Data missing or out of range,Not at junction or within 20 metres,52.062948,Darkness - no lighting,601090,244570,0.932158,E01029911,1,1,0,0,Wet or damp,Single carriageway,None,60,23:39:00,Rural,Raining no high winds,No,21 - 25,12,Urban area,6,1299,None,None,Journey as part of work,Not at or within 20 metres of junction,FORD,KA,Petrol,Female,Skidded and overturned,No tow/articulation,Did not leave carriageway,0,Going ahead other,1,Car,No,Front,2010
201032B077010,A,1073,NA,0,Slight,None,20-03-2010,Saturday,1,Data missing or out of range,Not at junction or within 20 metres,52.681099,Darkness - no lighting,524940,310870,-0.153257,E01026239,1,1,0,0,Wet or damp,Single carriageway,None,50,22:57:00,Rural,Raining no high winds,No,21 - 25,12,Rural,5,1360,None,Entered ditch,Other/Not known (2005-10),Not at or within 20 metres of junction,PEUGEOT,306 MIAMI,Petrol,Female,Skidded and overturned,No tow/articulation,Nearside,0,Going ahead other,1,Car,No,Front,2010
201037B044456,A,14,A,1088,Slight,None,04-03-2020,Tuesday,1,Give way or uncontrolled,Slip road,26.743481,Darkness - no lighting,597770,263160,94.20258173,E01030049,1,1,0,0,Snow,Single carriageway,None,60,16:59:00,Rural,Snowing no high winds,No,21 - 25,12,Small town,8,1587,None,Tree,Other/Not known (2005-10),Leaving main road,CITROEN,SAXO VTR,Petrol,Male,Skidded,No tow/articulation,Offside,0,Going ahead left-hand bend,1,Car,No,Front,2019
201037B044456,A,14,A,1088,Slight,None,23-02-2010,Tuesday,1,Give way or uncontrolled,Slip road,52.231066,Darkness - no lighting,597770,263160,0.894604,E01030049,1,1,0,0,Snow,Single carriageway,None,60,16:59:00,Rural,Snowing no high winds,No,21 - 25,12,Small town,8,1587,None,Tree,Other/Not known (2005-10),Leaving main road,CITROEN,SAXO VTR,Petrol,Male,Skidded,No tow/articulation,Offside,0,Going ahead left-hand bend,1,Car,No,Front,2010
2010170S13290,Unclassified,0,NA,0,Slight,None,19-12-2010,Sunday,1,Data missing or out of range,Not at junction or within 20 metres,54.600887,Darkness - no lighting,442160,523050,-1.348903,E01012293,1,1,0,0,Snow,Single carriageway,None,60,01:55:00,Rural,Snowing no high winds,No,21 - 25,12,Urban area,1,1198,None,None,Other/Not known (2005-10),Not at or within 20 metres of junction,VAUXHALL,CORSA BREEZE 16V,Petrol,Male,Skidded,No tow/articulation,Nearside,0,Going ahead right-hand bend,1,Car,No,Nearside,2010
201050DE2J049,B,3183,NA,0,Slight,None,08-06-2019,Wednesday,1,Not at junction or within 20 metres,Not at junction or within 20 metres,27.0948748,Daylight,293420,92490,93.60997533,E01019996,1,3,0,0,Dry,Single carriageway,None,30,17:30:00,Urban,Fine + high winds,No,21 - 25,12,Data missing or out of range,NA,1895,None,None,Other/Not known (2005-10),Not at or within 20 metres of junction,BMW,318 TI AUTO,Petrol,Male,None,No tow/articulation,Did not leave carriageway,0,Going ahead other,1,Car,No,Front,2019
201050JO3B002,A,3079,NA,0,Slight,None,17-11-2019,Friday,1,Not at junction or within 20 metres,Not at junction or within 20 metres,18.58449402,Daylight,247980,95960,73.76490126,E01020314,2,2,0,0,Dry,Single carriageway,None,60,17:07:00,Rural,Fine + high winds,No,21 - 25,12,Small town,5,2496,None,None,Other/Not known (2005-10),Not at or within 20 metres of junction,FORD,TRANSIT 120 SWB,Heavy oil,Male,None,No tow/articulation,Did not leave carriageway,0,Going ahead other,2,Van / Goods 3.5 tonnes mgw or under,No,Front,2021
201001KF60430,B,167,Unclassified,0,Slight,None,16-07-2010,Friday,1,Give way or uncontrolled,T or staggered junction,51.543982,Daylight,541010,184750,0.032097,E01003571,1,2,0,0,Wet or damp,Single carriageway,None,30,09:10:00,Urban,Fine + high winds,No,21 - 25,12,Urban area,2,1998,None,None,Other/Not known (2005-10),Mid Junction - on roundabout or on main road,TOYOTA,AVENSIS GLS AUTO,Petrol,Male,None,No tow/articulation,Did not leave carriageway,0,Going ahead other,1,Car,No,Nearside,2010
201050DE2J049,B,3183,NA,0,Slight,None,01-12-2010,Wednesday,1,Not at junction or within 20 metres,Not at junction or within 20 metres,50.722165,Daylight,293420,92490,-3.511299,E01019996,1,3,0,0,Dry,Single carriageway,None,30,17:30:00,Urban,Fine + high winds,No,21 - 25,12,Data missing or out of range,NA,1895,None,None,Other/Not known (2005-10),Not at or within 20 metres of junction,BMW,318 TI AUTO,Petrol,Male,None,No tow/articulation,Did not leave carriageway,0,Going ahead other,1,Car,No,Front,2010
201050JO3B002,A,3079,NA,0,Slight,None,08-10-2010,Friday,1,Not at junction or within 20 metres,Not at junction or within 20 metres,50.743231,Daylight,247980,95960,-4.156063,E01020314,2,2,0,0,Dry,Single carriageway,None,60,17:07:00,Rural,Fine + high winds,No,21 - 25,12,Small town,5,2496,None,None,Other/Not known (2005-10),Not at or within 20 metres of junction,FORD,TRANSIT 120 SWB,Heavy oil,Male,None,No tow/articulation,Did not leave carriageway,0,Going ahead other,2,Van / Goods 3.5 tonnes mgw or under,No,Front,2010
201001KF60430,B,167,Unclassified,0,Slight,None,16-07-2010,Friday,1,Give way or uncontrolled,T or staggered junction,51.543982,Daylight,541010,184750,0.032097,E01003571,1,2,0,0,Wet or damp,Single carriageway,None,30,09:10:00,Urban,Fine + high winds,No,21 - 25,12,Urban area,2,1998,None,None,Other/Not known (2005-10),Mid Junction - on roundabout or on main road,TOYOTA,AVENSIS GLS AUTO,Petrol,Male,None,No tow/articulation,Did not leave carriageway,0,Going ahead other,1,Car,No,Nearside,2010
201032D156010,A,158,NA,0,Slight,None,29-05-2010,Saturday,1,Data missing or out of range,Not at junction or within 20 metres,53.278822,Daylight,515120,377150,-0.274881,E01026121,1,1,0,0,Wet or damp,Single carriageway,None,60,14:20:00,Rural,Fine + high winds,No,21 - 25,12,Rural,9,498,None,None,Other/Not known (2005-10),Not at or within 20 metres of junction,KAWASAKI,ER 500-A2,Petrol,Male,Skidded,No tow/articulation,Offside,0,Going ahead left-hand bend,1,Motorcycle over 125cc and up to 500cc,No,Did not impact,2010
201043P309030,Motorway,40,NA,0,Slight,None,08-02-2020,Wednesday,1,Data missing or out of range,Not at junction or within 20 metres,14.75478546,Daylight,454910,227320,78.5062249,E01028477,1,2,0,0,Wet or damp,Dual carriageway,None,70,16:10:00,Rural,Fine + high winds,No,21 - 25,12,Urban area,7,1598,None,None,Other/Not known (2005-10),Not at or within 20 metres of junction,RENAULT,MEGANE RT SPORT 1.6E,Petrol,Female,None,No tow/articulation,Did not leave carriageway,0,Going ahead other,1,Car,No,Front,2019
201043P309030,Motorway,40,NA,0,Slight,None,31-03-2010,Wednesday,1,Data missing or out of range,Not at junction or within 20 metres,51.941638,Daylight,454910,227320,-1.202614,E01028477,1,2,0,0,Wet or damp,Dual carriageway,None,70,16:10:00,Rural,Fine + high winds,No,21 - 25,12,Urban area,7,1598,None,None,Other/Not known (2005-10),Not at or within 20 metres of junction,RENAULT,MEGANE RT SPORT 1.6E,Petrol,Female,None,No tow/articulation,Did not leave carriageway,0,Going ahead other,1,Car,No,Front,2010
201043N053080,Unclassified,526,NA,0,Slight,None,14-03-2021,Monday,1,Data missing or out of range,Not at junction or within 20 metres,14.70674451,Daylight,493920,194700,78.61906218,E01017783,2,2,0,0,Dry,Single carriageway,None,60,16:40:00,Rural,Fine no high winds,No,21 - 25,12,Urban area,4,1299,None,None,Other/Not known (2005-10),Not at or within 20 metres of junction,FORD,KA 2,Petrol,Male,None,No tow/articulation,Did not leave carriageway,0,Going ahead right-hand bend,1,Car,No,Front,2019
201050EC2H040,B,3250,Unclassified,0,Slight,None,07-12-2020,Wednesday,2,Give way or uncontrolled,T or staggered junction,14.74428505,Daylight,248300,55380,78.48370879,E01015050,1,2,0,0,Dry,Single carriageway,None,30,15:25:00,Urban,Fine no high winds,No,21 - 25,12,Urban area,1,1388,None,None,Other/Not known (2005-10),Mid Junction - on roundabout or on main road,FORD,FIESTA SI,Petrol,Male,None,No tow/articulation,Did not leave carriageway,0,Going ahead other,2,Car,No,Front,2019
201037G029726,B,1067,Unclassified,0,Slight,None,20-11-2020,Friday,1,Give way or uncontrolled,Private drive or entrance,14.72444229,Daylight,615490,245030,78.58025456,E01030024,1,2,0,0,Dry,Single carriageway,None,30,15:50:00,Urban,Fine no high winds,No,21 - 25,12,Urban area,3,1124,None,None,Journey as part of work,Mid Junction - on roundabout or on main road,CITROEN,SAXO EXPOSE,Petrol,Male,None,No tow/articulation,Did not leave carriageway,0,Turning right,1,Car,No,Offside,2019
201045RU50807,A,317,C,229,Slight,None,18-01-2019,Monday,1,Auto traffic signal,T or staggered junction,27.09752152,Daylight,506250,164900,93.61974281,E01030647,2,2,0,5,Dry,Dual carriageway,Auto traffic signal - out,50,10:00:00,Rural,Fine no high winds,No,21 - 25,12,Urban area,7,1360,None,None,Other/Not known (2005-10),Approaching junction or waiting/parked at junction approach,PEUGEOT,306 LX,Petrol,Male,None,No tow/articulation,Did not leave carriageway,0,Going ahead other,2,Car,No,Front,2019
201043N279100,A,412,Unclassified,982,Slight,None,24-01-2020,Wednesday,1,Give way or uncontrolled,T or staggered junction,27.09753136,Daylight,501580,182710,93.61537845,E01017834,1,2,0,0,Dry,Dual carriageway,None,60,12:37:00,Rural,Fine no high winds,No,21 - 25,12,Urban area,4,1124,None,Entered ditch,Other/Not known (2005-10),Approaching junction or waiting/parked at junction approach,CITROEN,SAXO X,Petrol,Male,Skidded and overturned,No tow/articulation,Offside on to central reservation,0,Going ahead other,2,Car,No,Back,2019
201050EL2E021,A,386,NA,0,Slight,None,27-03-2020,Monday,1,Data missing or out of range,Not at junction or within 20 metres,26.72485808,Daylight,248470,58550,94.1796771,E01015071,4,3,0,0,Dry,Dual carriageway,None,40,10:50:00,Urban,Fine no high winds,No,21 - 25,12,Urban area,7,1360,None,None,Other/Not known (2005-10),Not at or within 20 metres of junction,PEUGEOT,106 XL AUTO,Petrol,Male,None,No tow/articulation,Did not leave carriageway,0,Changing lane to right,1,Car,No,Front,2019
201042I221207,Unclassified,0,NA,0,Slight,None,28-04-2021,Monday,1,Not at junction or within 20 metres,Not at junction or within 20 metres,26.76560978,Daylight,545820,208260,94.23167051,E01021861,1,2,0,0,Dry,Single carriageway,None,30,05:55:00,Urban,Fine no high winds,No,21 - 25,12,Urban area,2,1596,None,None,Commuting to/from work,Not at or within 20 metres of junction,BMW,316I,Petrol,Male,None,No tow/articulation,Did not leave carriageway,0,Going ahead other,1,Car,No,Front,2019
20104100J0663,A,5183,NA,,Slight,None,24-06-2021,Monday,1,Give way or uncontrolled,Private drive or entrance,26.74386525,Daylight,516080,200570,94.19201435,E01023526,1,2,0,0,Wet or damp,Single carriageway,None,60,12:50:00,Rural,Fine no high winds,No,21 - 25,12,Data missing or out of range,NA,49,None,None,Commuting to/from work,Mid Junction - on roundabout or on main road,PIAGGIO,NRG,Petrol,Male,None,No tow/articulation,Did not leave carriageway,0,Going ahead other,2,Motorcycle 50cc and under,No,Nearside,2019
201045GU54211,B,3166,Unclassified,4040,Slight,None,07-02-2019,Friday,1,Give way or uncontrolled,T or staggered junction,26.74785179,Daylight,489070,153440,94.22669858,E01030429,1,2,0,0,Dry,Single carriageway,None,30,10:43:00,Urban,Fine no high winds,No,21 - 25,12,Urban area,10,599,None,None,Other/Not known (2005-10),Approaching junction or waiting/parked at junction approach,KAWASAKI,ZX 600-G1,Petrol,Male,None,No tow/articulation,Did not leave carriageway,0,Going ahead other,1,Motorcycle over 500cc,No,Front,2019
201037G030403,A,14,NA,0,Slight,None,06-04-2020,Monday,1,Data missing or out of range,Not at junction or within 20 metres,26.75351386,Daylight,612410,243190,94.22147092,E01029879,2,3,0,0,Dry,Dual carriageway,None,70,09:02:00,Rural,Fine no high winds,No,21 - 25,12,Urban area,10,1900,None,None,Commuting to/from work,Not at or within 20 metres of junction,VOLKSWAGEN,GOLF S TDI,Heavy oil,Male,None,No tow/articulation,Did not leave carriageway,0,Waiting to go - held up,3,Car,No,Back,2019
201050AP2M014,A,30,A,3074,Slight,None,08-11-2021,Tuesday,1,Give way or uncontrolled,Roundabout,26.72749244,Daylight,154360,36110,94.20812696,E01018987,2,2,0,0,Dry,Single carriageway,None,60,18:20:00,Rural,Fine no high winds,No,21 - 25,12,Urban area,8,1124,None,None,Other/Not known (2005-10),Approaching junction or waiting/parked at junction approach,CITROEN,SAXO SX,Petrol,Male,None,No tow/articulation,Did not leave carriageway,0,Waiting to go - held up,2,Car,No,Back,2019
2010400D01268,Unclassified,0,Unclassified,0,Slight,None,17-07-2019,Wednesday,1,Give way or uncontrolled,T or staggered junction,25.78267485,Daylight,493740,225400,87.45212695,E01017605,1,2,0,0,Dry,Single carriageway,None,30,08:30:00,Urban,Fine no high winds,No,21 - 25,12,Urban area,4,1396,None,None,Other/Not known (2005-10),Mid Junction - on roundabout or on main road,ROVER,214 I,Petrol,Male,None,No tow/articulation,Did not leave carriageway,0,Going ahead other,2,Car,No,Nearside,2019
201050ED2B006,Unclassified,0,Unclassified,0,Slight,None,08-05-2021,Saturday,2,Give way or uncontrolled,Mini-roundabout,25.763339,Daylight,245340,58190,87.48382505,E01015143,1,2,0,0,Dry,Single carriageway,None,30,10:00:00,Urban,Fine no high winds,No,21 - 25,12,Urban area,2,5900,None,None,Other/Not known (2005-10),Entering roundabout,DENNIS,,Heavy oil,Male,None,No tow/articulation,Did not leave carriageway,0,Going ahead other,2,Bus or coach (17 or more pass seats),No,Did not impact,2019
201043R035020,Unclassified,7001,Unclassified,7001,Slight,None,07-09-2021,Monday,2,Give way or uncontrolled,T or staggered junction,22.05372736,Daylight,484360,170480,82.17933691,E01016184,1,2,0,0,Frost or ice,Single carriageway,None,30,07:58:00,Urban,Fine no high winds,No,21 - 25,12,Urban area,10,1289,None,None,Commuting to/from work,Mid Junction - on roundabout or on main road,SKODA,FELICIA GLI,Petrol,Male,None,No tow/articulation,Did not leave carriageway,0,Turning right,1,Car,No,Front,2019
201054MA01710,Motorway,4,A,419,Slight,None,27-01-2019,Sunday,1,Auto traffic signal,Roundabout,22.08875476,Daylight,419250,180850,82.15162648,E01015547,3,5,0,0,Dry,Slip road,None,70,17:50:00,Rural,Fine no high winds,No,21 - 25,12,Urban area,6,1998,None,None,Other/Not known (2005-10),Approaching junction or waiting/parked at junction approach,PEUGEOT,406 2.0 COUPE,Petrol,Male,None,No tow/articulation,Did not leave carriageway,0,Slowing or stopping,5,Car,No,Front,2019
201050CT2E006,A,388,NA,0,Slight,None,17-09-2021,Monday,1,Not at junction or within 20 metres,Not at junction or within 20 metres,22.05476966,Daylight,245350,122430,82.1883464,E01020296,1,2,0,0,Dry,Single carriageway,None,30,20:10:00,Rural,Fine no high winds,No,21 - 25,12,Urban area,2,1595,None,None,Other/Not known (2005-10),Not at or within 20 metres of junction,AUDI,A3 1.6 SE,Petrol,Male,None,No tow/articulation,Did not leave carriageway,0,Slowing or stopping,2,Car,No,Back,2019
201050EL2L008,Unclassified,0,Unclassified,0,Slight,None,11-01-2021,Friday,1,Give way or uncontrolled,More than 4 arms (not roundabout),15.1834825,Daylight,246080,59220,74.00460361,E01015085,1,1,0,0,Dry,Single carriageway,None,30,17:50:00,Urban,Fine no high winds,No,21 - 25,12,Urban area,3,1587,None,None,Other/Not known (2005-10),Cleared junction or waiting/parked at junction exit,CITROEN,SAXO VTR,Petrol,Male,None,No tow/articulation,Did not leave carriageway,0,Moving off,1,Car,No,Front,2019
201042I038802,A,12,NA,0,Slight,None,21-07-2020,Wednesday,1,Not at junction or within 20 metres,Not at junction or within 20 metres,15.26788538,Daylight,562710,196850,74.15075587,E01021460,1,2,0,0,Dry,Dual carriageway,None,70,08:13:00,Rural,Fine no high winds,No,21 - 25,12,Urban area,5,1242,None,None,Other/Not known (2005-10),Not at or within 20 metres of junction,FORD,FIESTA GHIA 16V,Petrol,Male,None,No tow/articulation,Did not leave carriageway,0,Slowing or stopping,1,Car,No,Front,2019