Accident_Index,1st_Road_Class,1st_Road_Number,2nd_Road_Class,2nd_Road_Number,Accident_Severity,Carriageway_Hazards,Date,Day_of_Week,Did_Police_Officer_Attend_Scene_of_Accident,Junction_Control,Junction_Detail,Latitude,Light_Conditions,Location_Easting_OSGR,Location_Northing_OSGR,Longitude,LSOA_of_Accident_Location,Number_of_Casualties,Number_of_Vehicles,Pedestrian_Crossing-Human_Control,Pedestrian_Crossing-Physical_Facilities,Road_Surface_Conditions,Road_Type,Special_Conditions_at_Site,Speed_limit,Time,Urban_or_Rural_Area,Weather_Conditions,InScotland,Age_Band_of_Driver,Age_of_Vehicle,Driver_Home_Area_Type,Driver_IMD_Decile,Engine_Capacity_.CC.,Hit_Object_in_Carriageway,Hit_Object_off_Carriageway,Journey_Purpose_of_Driver,Junction_Location,make,model,Propulsion_Code,Sex_of_Driver,Skidding_and_Overturning,Towing_and_Articulation,Vehicle_Leaving_Carriageway,Vehicle_Location.Restricted_Lane,Vehicle_Manoeuvre,Vehicle_Reference,Vehicle_Type,Was_Vehicle_Left_Hand_Drive,X1st_Point_of_Impact,Year
2010400B02405,Unclassified,0,NA,0,Slight,None,15-09-2020,Sunday,1,Data missing or out of range,Not at junction or within 20 metres,26.44589372,Darkness - lights lit,503280,252370,80.34040397,E01017479,4,1,0,0,Wet or damp,Single carriageway,None,30,04:42:00,Rural,Fine no high winds,No,16 - 20,11,Rural,7,1242,None,Other permanent object,Other/Not known (2005-10),Not at or within 20 metres of junction,FIAT,PUNTO S 60,Petrol,Female,Skidded and overturned,No tow/articulation,Nearside,0,Going ahead other,1,Car,No,Offside,2020
201034TN50480,A,45,A,45,Slight,None,20-11-2020,Sunday,1,Give way or uncontrolled,Slip road,28.71665495,Darkness - lights lit,477630,259910,77.33815501,E01027202,2,1,0,0,Wet or damp,Dual carriageway,None,70,18:11:00,Rural,Fine no high winds,No,16 - 20,11,Urban area,5,1299,None,Tree,Other/Not known (2005-10),Mid Junction - on roundabout or on main road,FORD,KA,Petrol,Female,None,No tow/articulation,Nearside,0,Changing lane to right,1,Car,No,Front,2020
201037B045940,C,755,Unclassified,0,Slight,None,19-05-2019,Friday,1,Give way or uncontrolled,Private drive or entrance,18.61233303,Darkness - lights lit,587550,241220,73.85961811,E01029918,1,2,0,0,Dry,Single carriageway,None,30,20:05:00,Urban,Fine no high winds,No,16 - 20,11,Small town,7,1124,None,None,Commuting to/from work,Mid Junction - on roundabout or on main road,PEUGEOT,106 XN ZEST,Petrol,Female,None,No tow/articulation,Did not leave carriageway,0,Turning right,1,Car,No,Offside,2021
201043N258120,A,404,A,4010,Slight,None,09-05-2019,Wednesday,1,Auto traffic signal,Roundabout,18.51224102,Darkness - lights lit,485280,191220,73.94373943,E01017845,1,2,0,5,Wet or damp,Roundabout,None,60,19:13:00,Urban,Fine no high winds,No,16 - 20,11,Urban area,4,1589,None,None,Other/Not known (2005-10),Mid Junction - on roundabout or on main road,ROVER,416 I,Petrol,Female,None,No tow/articulation,Did not leave carriageway,0,Going ahead other,2,Car,No,Offside,2021
201045GU54320,A,323,A,323,Slight,None,26-06-2020,Thursday,1,Give way or uncontrolled,T or staggered junction,18.5158803,Darkness - lights lit,489510,150630,73.77376781,E01030433,2,3,0,0,Dry,Single carriageway,None,30,22:15:00,Urban,Fine no high winds,No,16 - 20,11,Urban area,5,1242,None,None,Other/Not known (2005-10),Cleared junction or waiting/parked at junction exit,FIAT,PUNTO 60 TEAM,Petrol,Female,None,No tow/articulation,Did not leave carriageway,0,Going ahead other,3,Car,No,Front,2021
201045TA56713,Unclassified,0,A,22,Slight,None,06-07-2020,Tuesday,1,Give way or uncontrolled,Roundabout,19.09921529,Darkness - lights lit,534560,157150,72.90508215,E01030859,1,2,0,0,Dry,Roundabout,None,30,19:50:00,Urban,Fine no high winds,No,16 - 20,11,Urban area,7,1299,None,None,Other/Not known (2005-10),Entering roundabout,FORD,KA 2,Petrol,Female,None,No tow/articulation,Did not leave carriageway,0,Moving off,2,Car,No,Front,2021
201043W225100,A,339,Unclassified,7139,Slight,None,19-04-2021,Tuesday,1,Auto traffic signal,Roundabout,19.15604719,Darkness - lights lit,447570,167690,72.86832825,E01016346,1,2,0,7,Wet or damp,Dual carriageway,None,40,19:56:00,Urban,Fine no high winds,No,16 - 20,11,Rural,8,1587,None,None,Commuting to/from work,Approaching junction or waiting/parked at junction approach,PEUGEOT,206 GLX,Petrol,Female,Skidded,No tow/articulation,Did not leave carriageway,0,Going ahead other,1,Car,No,Front,2021
201050EL2D007,B,3214,Unclassified,0,Slight,None,26-12-2019,Monday,1,Auto traffic signal,Crossroads,14.78327551,Darkness - lights lit,249030,55710,78.46822145,E01015061,1,2,0,0,Dry,Single carriageway,None,30,21:25:00,Urban,Fine no high winds,No,16 - 20,11,Urban area,8,1360,None,None,Other/Not known (2005-10),Approaching junction or waiting/parked at junction approach,PEUGEOT,206 GLX,Petrol,Female,None,No tow/articulation,Did not leave carriageway,0,Waiting to go - held up,2,Car,No,Front,2019
201050CD3D016,Unclassified,0,Unclassified,0,Slight,None,15-04-2019,Thursday,1,Give way or uncontrolled,T or staggered junction,14.77230043,Darkness - lights lit,245510,126800,78.60847611,E01020282,2,2,0,8,Dry,Single carriageway,None,30,21:03:00,Urban,Fine no high winds,No,16 - 20,11,Urban area,3,1242,None,Lamp post,Other/Not known (2005-10),Mid Junction - on roundabout or on main road,FIAT,PUNTO 60 TEAM,Petrol,Female,None,No tow/articulation,Did not leave carriageway,0,Turning right,1,Car,No,Front,2019
201001KD50116,A,125,Unclassified,0,Slight,None,02-01-2010,Saturday,1,Give way or uncontrolled,T or staggered junction,51.545169,Darkness - lights lit,552020,185200,0.190946,E01002260,1,2,0,0,Frost or ice,Single carriageway,None,30,21:32:00,Urban,Fine no high winds,No,16 - 20,11,Urban area,7,1124,None,None,Other/Not known (2005-10),Mid Junction - on roundabout or on main road,PEUGEOT,206 L,Petrol,Female,Skidded,No tow/articulation,Did not leave carriageway,0,Going ahead left-hand bend,2,Car,No,Front,2010
201001QA10282,A,409,C,0,Slight,None,31-07-2010,Saturday,1,Auto traffic signal,Slip road,51.620556,Darkness - lights lit,514830,192610,-0.342687,E01002144,1,2,0,5,Dry,Single carriageway,None,30,21:14:00,Rural,Fine no high winds,No,16 - 20,11,Urban area,9,1850,Bollard or refuge,Tree,Other/Not known (2005-10),Mid Junction - on roundabout or on main road,HONDA,ACCORD VTEC S,Petrol,Female,Overturned,No tow/articulation,Offside,0,Overtaking moving vehicle - offside,1,Car,No,Front,2010
201001QK50663,A,4005,C,0,Slight,None,26-10-2010,Tuesday,1,Give way or uncontrolled,Roundabout,51.54057,Darkness - lights lit,517860,183780,-0.3019,E01000475,1,2,0,0,Wet or damp,Roundabout,None,30,19:51:00,Urban,Fine no high winds,No,16 - 20,11,Urban area,4,1390,None,None,Other/Not known (2005-10),Mid Junction - on roundabout or on main road,VOLKSWAGEN,POLO 1.4 L,Petrol,Female,None,No tow/articulation,Did not leave carriageway,0,Going ahead other,1,Car,No,Front,2010
201001RY10265,Unclassified,0,NA,0,Slight,None,14-06-2010,Monday,2,Data missing or out of range,Not at junction or within 20 metres,51.452131,Darkness - lights lit,546380,174680,0.105308,E01000391,1,2,0,0,Dry,Single carriageway,None,30,21:06:00,Urban,Fine no high winds,No,16 - 20,11,Urban area,6,1299,None,None,Other/Not known (2005-10),Not at or within 20 metres of junction,FORD,KA,Petrol,Female,None,No tow/articulation,Did not leave carriageway,0,Waiting to go - held up,1,Car,No,Offside,2010
201034TN50480,A,45,A,45,Slight,None,12-12-2010,Sunday,1,Give way or uncontrolled,Slip road,52.231887,Darkness - lights lit,477630,259910,-0.864741,E01027202,2,1,0,0,Wet or damp,Dual carriageway,None,70,18:11:00,Rural,Fine no high winds,No,16 - 20,11,Urban area,5,1299,None,Tree,Other/Not known (2005-10),Mid Junction - on roundabout or on main road,FORD,KA,Petrol,Female,None,No tow/articulation,Nearside,0,Changing lane to right,1,Car,No,Front,2010
201037B045940,C,755,Unclassified,0,Slight,None,08-10-2010,Friday,1,Give way or uncontrolled,Private drive or entrance,52.03761,Darkness - lights lit,587550,241220,0.733045,E01029918,1,2,0,0,Dry,Single carriageway,None,30,20:05:00,Urban,Fine no high winds,No,16 - 20,11,Small town,7,1124,None,None,Commuting to/from work,Mid Junction - on roundabout or on main road,PEUGEOT,106 XN ZEST,Petrol,Female,None,No tow/articulation,Did not leave carriageway,0,Turning right,1,Car,No,Offside,2010
2010400B02405,Unclassified,0,NA,0,Slight,None,15-08-2010,Sunday,1,Data missing or out of range,Not at junction or within 20 metres,52.159913,Darkness - lights lit,503280,252370,-0.491583,E01017479,4,1,0,0,Wet or damp,Single carriageway,None,30,04:42:00,Rural,Fine no high winds,No,16 - 20,11,Rural,7,1242,None,Other permanent object,Other/Not known (2005-10),Not at or within 20 metres of junction,FIAT,PUNTO S 60,Petrol,Female,Skidded and overturned,No tow/articulation,Nearside,0,Going ahead other,1,Car,No,Offside,2010
2010400D00799,Unclassified,113,Unclassified,0,Slight,None,13-03-2010,Saturday,1,Give way or uncontrolled,T or staggered junction,51.993724,Darkness - lights lit,506180,233940,-0.454935,E01017398,1,2,0,0,Dry,Single carriageway,None,30,20:25:00,Rural,Fine no high winds,No,16 - 20,11,Urban area,10,973,None,None,Other/Not known (2005-10),Mid Junction - on roundabout or on main road,VAUXHALL,CORSA CLUB 12V,Petrol,Female,None,No tow/articulation,Did not leave carriageway,0,Going ahead right-hand bend,2,Car,No,Back,2010
20104100T2098,A(M),1,NA,0,Slight,None,02-09-2010,Thursday,1,Not at junction or within 20 metres,Not at junction or within 20 metres,52.009118,Darkness - lights lit,523450,236050,-0.202766,E01023585,3,3,0,0,Dry,Slip road,Roadworks,70,22:15:00,Rural,Fine no high winds,No,16 - 20,11,Small town,10,998,None,None,Other/Not known (2005-10),Not at or within 20 metres of junction,NISSAN,MICRA ALLY,Petrol,Female,Skidded,No tow/articulation,Did not leave carriageway,0,Slowing or stopping,1,Car,No,Front,2010
201043N258120,A,404,A,4010,Slight,None,15-12-2010,Wednesday,1,Auto traffic signal,Roundabout,51.61331,Darkness - lights lit,485280,191220,-0.769752,E01017845,1,2,0,5,Wet or damp,Roundabout,None,60,19:13:00,Urban,Fine no high winds,No,16 - 20,11,Urban area,4,1589,None,None,Other/Not known (2005-10),Mid Junction - on roundabout or on main road,ROVER,416 I,Petrol,Female,None,No tow/articulation,Did not leave carriageway,0,Going ahead other,2,Car,No,Offside,2010
201043R165040,A,4,A,4094,Slight,None,28-04-2010,Wednesday,1,Give way or uncontrolled,Roundabout,51.523849,Darkness - lights lit,490020,181350,-0.703838,E01016585,4,1,0,0,Dry,Roundabout,None,30,03:28:00,Urban,Fine no high winds,No,16 - 20,11,Urban area,10,1299,Central island of roundabout,Road sign or traffic signal,Other/Not known (2005-10),Entering roundabout,FORD,KA,Petrol,Female,Skidded and overturned,No tow/articulation,Nearside,0,Going ahead other,1,Car,No,Front,2010
201043S062070,C,146,Unclassified,0,Slight,None,12-07-2010,Monday,2,Give way or uncontrolled,Other junction,52.040445,Darkness - lights lit,486020,238750,-0.747269,E01016730,1,2,0,0,Dry,Dual carriageway,None,70,22:30:00,Urban,Fine no high winds,No,16 - 20,11,Urban area,2,1299,None,None,Other/Not known (2005-10),Cleared junction or waiting/parked at junction exit,FORD,KA,Petrol,Female,None,No tow/articulation,Did not leave carriageway,0,Going ahead other,2,Car,No,Back,2010
201043W225100,A,339,Unclassified,7139,Slight,None,26-10-2010,Tuesday,1,Auto traffic signal,Roundabout,51.406195,Darkness - lights lit,447570,167690,-1.31749,E01016346,1,2,0,7,Wet or damp,Dual carriageway,None,40,19:56:00,Urban,Fine no high winds,No,16 - 20,11,Rural,8,1587,None,None,Commuting to/from work,Approaching junction or waiting/parked at junction approach,PEUGEOT,206 GLX,Petrol,Female,Skidded,No tow/articulation,Did not leave carriageway,0,Going ahead other,1,Car,No,Front,2010
201045GU54320,A,323,A,323,Slight,None,09-09-2010,Thursday,1,Give way or uncontrolled,T or staggered junction,51.24777,Darkness - lights lit,489510,150630,-0.718923,E01030433,2,3,0,0,Dry,Single carriageway,None,30,22:15:00,Urban,Fine no high winds,No,16 - 20,11,Urban area,5,1242,None,None,Other/Not known (2005-10),Cleared junction or waiting/parked at junction exit,FIAT,PUNTO 60 TEAM,Petrol,Female,None,No tow/articulation,Did not leave carriageway,0,Going ahead other,3,Car,No,Front,2010
201045TA56713,Unclassified,0,A,22,Slight,None,14-12-2010,Tuesday,1,Give way or uncontrolled,Roundabout,51.297524,Darkness - lights lit,534560,157150,-0.071331,E01030859,1,2,0,0,Dry,Roundabout,None,30,19:50:00,Urban,Fine no high winds,No,16 - 20,11,Urban area,7,1299,None,None,Other/Not known (2005-10),Entering roundabout,FORD,KA 2,Petrol,Female,None,No tow/articulation,Did not leave carriageway,0,Moving off,2,Car,No,Front,2010
201050CD3D016,Unclassified,0,Unclassified,0,Slight,None,01-04-2010,Thursday,1,Give way or uncontrolled,T or staggered junction,51.019707,Darkness - lights lit,245510,126800,-4.204087,E01020282,2,2,0,8,Dry,Single carriageway,None,30,21:03:00,Urban,Fine no high winds,No,16 - 20,11,Urban area,3,1242,None,Lamp post,Other/Not known (2005-10),Mid Junction - on roundabout or on main road,FIAT,PUNTO 60 TEAM,Petrol,Female,None,No tow/articulation,Did not leave carriageway,0,Turning right,1,Car,No,Front,2010
201050EL2D007,B,3214,Unclassified,0,Slight,None,22-03-2010,Monday,1,Auto traffic signal,Crossroads,50.381784,Darkness - lights lit,249030,55710,-4.124857,E01015061,1,2,0,0,Dry,Single carriageway,None,30,21:25:00,Urban,Fine no high winds,No,16 - 20,11,Urban area,8,1360,None,None,Other/Not known (2005-10),Approaching junction or waiting/parked at junction approach,PEUGEOT,206 GLX,Petrol,Female,None,No tow/articulation,Did not leave carriageway,0,Waiting to go - held up,2,Car,No,Front,2010
201001KD50116,A,125,Unclassified,0,Slight,None,02-01-2010,Saturday,1,Give way or uncontrolled,T or staggered junction,51.545169,Darkness - lights lit,552020,185200,0.190946,E01002260,1,2,0,0,Frost or ice,Single carriageway,None,30,21:32:00,Urban,Fine no high winds,No,16 - 20,11,Urban area,7,1124,None,None,Other/Not known (2005-10),Mid Junction - on roundabout or on main road,PEUGEOT,206 L,Petrol,Female,Skidded,No tow/articulation,Did not leave carriageway,0,Going ahead left-hand bend,2,Car,No,Front,2010
201001QA10282,A,409,C,0,Slight,None,31-07-2010,Saturday,1,Auto traffic signal,Slip road,51.620556,Darkness - lights lit,514830,192610,-0.342687,E01002144,1,2,0,5,Dry,Single carriageway,None,30,21:14:00,Rural,Fine no high winds,No,16 - 20,11,Urban area,9,1850,Bollard or refuge,Tree,Other/Not known (2005-10),Mid Junction - on roundabout or on main road,HONDA,ACCORD VTEC S,Petrol,Female,Overturned,No tow/articulation,Offside,0,Overtaking moving vehicle - offside,1,Car,No,Front,2010
201001QK50663,A,4005,C,0,Slight,None,26-10-2010,Tuesday,1,Give way or uncontrolled,Roundabout,51.54057,Darkness - lights lit,517860,183780,-0.3019,E01000475,1,2,0,0,Wet or damp,Roundabout,None,30,19:51:00,Urban,Fine no high winds,No,16 - 20,11,Urban area,4,1390,None,None,Other/Not known (2005-10),Mid Junction - on roundabout or on main road,VOLKSWAGEN,POLO 1.4 L,Petrol,Female,None,No tow/articulation,Did not leave carriageway,0,Going ahead other,1,Car,No,Front,2010
201001RY10265,Unclassified,0,NA,0,Slight,None,14-06-2010,Monday,2,Data missing or out of range,Not at junction or within 20 metres,51.452131,Darkness - lights lit,546380,174680,0.105308,E01000391,1,2,0,0,Dry,Single carriageway,None,30,21:06:00,Urban,Fine no high winds,No,16 - 20,11,Urban area,6,1299,None,None,Other/Not known (2005-10),Not at or within 20 metres of junction,FORD,KA,Petrol,Female,None,No tow/articulation,Did not leave carriageway,0,Waiting to go - held up,1,Car,No,Offside,2010
201004CL10003,A,49,Unclassified,0,Slight,None,24-01-2010,Sunday,1,Auto traffic signal,Crossroads,53.687678,Darkness - lights lit,355460,421460,-2.675927,E01025432,1,2,0,0,Dry,Dual carriageway,None,50,18:00:00,Rural,Fine no high winds,No,16 - 20,11,Urban area,7,1124,None,None,Other/Not known (2005-10),Approaching junction or waiting/parked at junction approach,PEUGEOT,106 XN ZEST 2,Petrol,Female,None,No tow/articulation,Did not leave carriageway,0,Turning right,1,Car,No,Nearside,2010
201004CM10029,B,6258,Unclassified,0,Slight,None,22-02-2010,Monday,1,Give way or uncontrolled,Other junction,53.730275,Darkness - lights lit,356470,426190,-2.6613,E01025399,1,2,0,0,Frost or ice,Single carriageway,None,30,22:20:00,Urban,Fine no high winds,No,16 - 20,11,Urban area,3,1242,Kerb,None,Commuting to/from work,Approaching junction or waiting/parked at junction approach,FIAT,PUNTO S 60,Petrol,Female,Skidded,No tow/articulation,Did not leave carriageway,0,Turning right,1,Car,No,Nearside,2010
201011SL11200,Unclassified,0,Unclassified,0,Slight,None,09-05-2010,Sunday,1,Give way or uncontrolled,T or staggered junction,54.69653,Darkness - lights lit,425670,533570,-1.603229,E01020835,1,2,0,0,Dry,Single carriageway,None,30,23:57:00,Urban,Fine no high winds,No,16 - 20,11,Urban area,4,1587,None,None,Other/Not known (2005-10),Approaching junction or waiting/parked at junction approach,CITROEN,SAXO VTR,Petrol,Female,None,No tow/articulation,Did not leave carriageway,0,Going ahead other,1,Car,No,Nearside,2010
201014B017010,B,6411,Unclassified,0,Slight,None,07-02-2010,Sunday,1,Give way or uncontrolled,Other junction,53.545223,Darkness - lights lit,445760,405620,-1.310884,E01007375,2,2,0,0,Wet or damp,Single carriageway,None,30,19:50:00,Rural,Fine no high winds,No,16 - 20,11,Small town,3,1587,None,None,Other/Not known (2005-10),Mid Junction - on roundabout or on main road,CITROEN,SAXO VTR,Petrol,Female,None,No tow/articulation,Did not leave carriageway,0,Waiting to turn right,2,Car,No,Back,2010
201014K135210,Unclassified,0,NA,0,Slight,None,14-05-2010,Friday,2,Not at junction or within 20 metres,Not at junction or within 20 metres,53.431928,Darkness - lights lit,434550,392920,-1.481446,E01008117,1,2,0,0,Dry,Single carriageway,None,30,22:50:00,Urban,Fine no high winds,No,16 - 20,11,Urban area,3,1242,None,None,Other/Not known (2005-10),Not at or within 20 metres of junction,FIAT,PUNTO 60 TEAM,Petrol,Female,None,No tow/articulation,Did not leave carriageway,0,Turning left,2,Car,No,Front,2010
2010160B01581,Unclassified,0,NA,0,Slight,None,09-05-2010,Sunday,1,Data missing or out of range,Not at junction or within 20 metres,53.526092,Darkness - lights lit,477810,403910,-0.827711,E01013244,1,1,0,0,Dry,Single carriageway,None,30,02:40:00,Rural,Fine no high winds,No,16 - 20,11,Small town,5,1900,None,None,Other/Not known (2005-10),Not at or within 20 metres of junction,VOLKSWAGEN,GOLF E SDI,Heavy oil,Female,None,No tow/articulation,Did not leave carriageway,0,Reversing,1,Car,No,Back,2010
201020J007240,A,463,B,4563,Slight,None,07-08-2010,Saturday,1,Give way or uncontrolled,T or staggered junction,52.539984,Darkness - lights lit,391670,293580,-2.124263,E01009895,1,2,0,0,Dry,Single carriageway,None,30,22:57:00,Urban,Fine no high winds,No,16 - 20,11,Urban area,4,1299,None,None,Other/Not known (2005-10),Mid Junction - on roundabout or on main road,FORD,KA,Petrol,Female,None,No tow/articulation,Did not leave carriageway,0,Going ahead right-hand bend,2,Car,No,Front,2010
201020J007540,A,4100,A,461,Slight,None,16-08-2010,Monday,1,Auto traffic signal,Crossroads,52.480024,Darkness - lights lit,391920,286910,-2.120413,E01009741,1,2,0,5,Dry,Single carriageway,None,30,00:50:00,Urban,Fine no high winds,No,16 - 20,11,Urban area,6,1796,None,None,Other/Not known (2005-10),Approaching junction or waiting/parked at junction approach,VAUXHALL,VECTRA SRI 120,Petrol,Female,None,No tow/articulation,Did not leave carriageway,0,Turning left,1,Car,No,Front,2010
201022D004136,Unclassified,0,Unclassified,0,Slight,None,13-08-2010,Friday,1,Give way or uncontrolled,T or staggered junction,52.312005,Darkness - lights lit,407680,268220,-1.888779,E01032241,2,2,0,0,Dry,Single carriageway,None,30,22:20:00,Urban,Fine no high winds,No,16 - 20,11,Urban area,2,1587,None,None,Other/Not known (2005-10),Entering main road,CITROEN,SAXO VTR,Petrol,Female,None,No tow/articulation,Did not leave carriageway,0,Turning right,1,Car,No,Offside,2010
201022F005820,Unclassified,0,Unclassified,0,Slight,None,22-11-2010,Monday,2,Give way or uncontrolled,Private drive or entrance,52.732447,Darkness - lights lit,349970,315240,-2.742363,E01028956,1,2,0,0,Wet or damp,Dual carriageway,None,30,21:30:00,Urban,Fine no high winds,No,16 - 20,11,Urban area,4,1299,None,None,Other/Not known (2005-10),Mid Junction - on roundabout or on main road,FORD,KA3,Petrol,Female,None,No tow/articulation,Did not leave carriageway,0,Overtaking moving vehicle - offside,1,Car,No,Nearside,2010
201022G000185,A,442,NA,0,Slight,None,11-01-2010,Monday,1,Data missing or out of range,Not at junction or within 20 metres,52.649123,Darkness - lights lit,370950,305800,-2.430839,E01014109,3,3,0,0,Frost or ice,Dual carriageway,None,60,17:22:00,Rural,Fine no high winds,No,16 - 20,11,Data missing or out of range,NA,1396,None,None,Other/Not known (2005-10),Not at or within 20 metres of junction,ROVER,214I SE,Petrol,Female,Skidded,No tow/articulation,Did not leave carriageway,0,Slowing or stopping,2,Car,No,Front,2010
201014A031110,Unclassified,0,Unclassified,0,Slight,None,24-02-2010,Wednesday,1,Give way or uncontrolled,T or staggered junction,53.547657,Darkness - lights lit,455070,405990,-1.170331,E01007518,1,2,0,0,Wet or damp,Single carriageway,None,30,22:06:00,Urban,Fog or mist,No,16 - 20,11,Rural,7,49,None,None,Other/Not known (2005-10),Approaching junction or waiting/parked at junction approach,APRILIA,,Petrol,Male,None,No tow/articulation,Did not leave carriageway,0,Going ahead other,1,Motorcycle 50cc and under,No,Front,2010
201037B046543,B,1508,Unclassified,8644,Slight,None,14-07-2021,Thursday,1,Give way or uncontrolled,T or staggered junction,28.66617838,Darkness - lights lit,587800,241120,77.07753465,E01029918,2,1,0,0,Wet or damp,Single carriageway,None,30,21:00:00,Urban,Other,No,16 - 20,11,Urban area,3,1124,None,Other permanent object,Other/Not known (2005-10),Mid Junction - on roundabout or on main road,CITROEN,SAXO FORTE,Petrol,Male,Skidded,No tow/articulation,Straight ahead at junction,0,Slowing or stopping,1,Car,No,Front,2020
201037B046543,B,1508,Unclassified,8644,Slight,None,30-12-2010,Thursday,1,Give way or uncontrolled,T or staggered junction,52.036627,Darkness - lights lit,587800,241120,0.736631,E01029918,2,1,0,0,Wet or damp,Single carriageway,None,30,21:00:00,Urban,Other,No,16 - 20,11,Urban area,3,1124,None,Other permanent object,Other/Not known (2005-10),Mid Junction - on roundabout or on main road,CITROEN,SAXO FORTE,Petrol,Male,Skidded,No tow/articulation,Straight ahead at junction,0,Slowing or stopping,1,Car,No,Front,2010
201032D066910,C,351,B,1517,Slight,None,09-03-2010,Tuesday,1,Give way or uncontrolled,Other junction,52.996591,Darkness - lights lit,506920,345550,-0.408344,E01026232,2,2,0,0,Wet or damp,Single carriageway,None,30,20:48:00,Urban,Other,No,16 - 20,11,Data missing or out of range,NA,1299,None,None,Other/Not known (2005-10),Approaching junction or waiting/parked at junction approach,FORD,KA,Petrol,Male,None,No tow/articulation,Did not leave carriageway,0,Going ahead other,2,Car,No,Front,2010
2010400B00075,A,1,NA,0,Slight,None,17-04-2021,Monday,1,Data missing or out of range,Not at junction or within 20 metres,28.70170671,Darkness - lights lit,516330,251420,77.34042015,E01017430,1,1,0,0,Frost or ice,Dual carriageway,None,70,06:43:00,Rural,Other,No,16 - 20,11,Urban area,10,1598,None,Entered ditch,Commuting to/from work,Not at or within 20 metres of junction,VAUXHALL,ASTRA LS 8V,Petrol,Female,Skidded and overturned,No tow/articulation,Nearside,0,Going ahead other,1,Car,No,Front,2020
201043R242110,Unclassified,7302,NA,,Slight,None,23-05-2021,Friday,1,Give way or uncontrolled,Private drive or entrance,28.7260829,Darkness - lights lit,498800,182450,77.26122313,E01016519,1,3,0,0,Wet or damp,Single carriageway,None,40,17:37:00,Rural,Other,No,16 - 20,11,Urban area,4,1390,None,None,Other/Not known (2005-10),Cleared junction or waiting/parked at junction exit,VOLKSWAGEN,POLO 1.4 L,Petrol,Female,Skidded,No tow/articulation,Did not leave carriageway,0,Slowing or stopping,1,Car,No,Front,2021
2010400B00075,A,1,NA,0,Slight,None,20-12-2010,Monday,1,Data missing or out of range,Not at junction or within 20 metres,52.148782,Darkness - lights lit,516330,251420,-0.301216,E01017430,1,1,0,0,Frost or ice,Dual carriageway,None,70,06:43:00,Rural,Other,No,16 - 20,11,Urban area,10,1598,None,Entered ditch,Commuting to/from work,Not at or within 20 metres of junction,VAUXHALL,ASTRA LS 8V,Petrol,Female,Skidded and overturned,No tow/articulation,Nearside,0,Going ahead other,1,Car,No,Front,2010
201043R242110,Unclassified,7302,NA,,Slight,None,05-11-2010,Friday,1,Give way or uncontrolled,Private drive or entrance,51.53227,Darkness - lights lit,498800,182450,-0.577013,E01016519,1,3,0,0,Wet or damp,Single carriageway,None,40,17:37:00,Rural,Other,No,16 - 20,11,Urban area,4,1390,None,None,Other/Not known (2005-10),Cleared junction or waiting/parked at junction exit,VOLKSWAGEN,POLO 1.4 L,Petrol,Female,Skidded,No tow/articulation,Did not leave carriageway,0,Slowing or stopping,1,Car,No,Front,2010
201020M013440,Unclassified,0,B,4544,Slight,None,30-11-2010,Tuesday,1,Auto traffic signal,Crossroads,52.406674,Darkness - lights lit,433830,278860,-1.504135,E01009635,2,1,0,0,Wet or damp,Single carriageway,None,30,17:08:00,Urban,Other,No,16 - 20,11,Urban area,1,954,None,None,Other/Not known (2005-10),Leaving main road,CITROEN,SAXO EAST COAST,Petrol,Female,Skidded,No tow/articulation,Did not leave carriageway,0,Moving off,1,Car,No,Front,2010
201045RU50893,A,320,Unclassified,0,Slight,None,26-01-2019,Saturday,1,Give way or uncontrolled,Roundabout,26.76910112,Darkness - lights lit,503960,168730,94.22263933,E01030685,1,2,0,0,Wet or damp,Roundabout,None,40,00:05:00,Rural,Raining no high winds,No,16 - 20,11,Small town,8,1200,None,None,Other/Not known (2005-10),Approaching junction or waiting/parked at junction approach,FIAT,PUNTO 1.2,Petrol,Male,None,No tow/articulation,Did not leave carriageway,0,Waiting to go - held up,1,Car,No,Front,2019
201042I350110,A,127,A,1158,Slight,None,09-04-2020,Tuesday,1,Auto traffic signal,Slip road,28.59012148,Darkness - lights lit,586260,187940,77.11001888,E01015859,1,2,0,0,Wet or damp,Dual carriageway,None,40,21:50:00,Urban,Raining no high winds,No,16 - 20,11,Data missing or out of range,NA,1242,None,None,Other/Not known (2005-10),Approaching junction or waiting/parked at junction approach,FIAT,PUNTO SX 85,Petrol,Male,None,No tow/articulation,Did not leave carriageway,0,Slowing or stopping,1,Car,No,Front,2020
201042I085103,Unclassified,0,Unclassified,0,Slight,None,12-02-2019,Friday,1,Give way or uncontrolled,T or staggered junction,28.54918696,Darkness - lights lit,569460,198780,77.20849819,E01021603,3,3,0,0,Wet or damp,Single carriageway,None,30,20:35:00,Rural,Raining no high winds,No,16 - 20,11,Urban area,10,1199,None,None,Other/Not known (2005-10),Approaching junction or waiting/parked at junction approach,VAUXHALL,CORSA CLUB 16V,Petrol,Male,Skidded,No tow/articulation,Did not leave carriageway,0,Waiting to go - held up,2,Car,No,Front,2020