Accident_Index,1st_Road_Class,1st_Road_Number,2nd_Road_Class,2nd_Road_Number,Accident_Severity,Carriageway_Hazards,Date,Day_of_Week,Did_Police_Officer_Attend_Scene_of_Accident,Junction_Control,Junction_Detail,Latitude,Light_Conditions,Location_Easting_OSGR,Location_Northing_OSGR,Longitude,LSOA_of_Accident_Location,Number_of_Casualties,Number_of_Vehicles,Pedestrian_Crossing-Human_Control,Pedestrian_Crossing-Physical_Facilities,Road_Surface_Conditions,Road_Type,Special_Conditions_at_Site,Speed_limit,Time,Urban_or_Rural_Area,Weather_Conditions,InScotland,Age_Band_of_Driver,Age_of_Vehicle,Driver_Home_Area_Type,Driver_IMD_Decile,Engine_Capacity_.CC.,Hit_Object_in_Carriageway,Hit_Object_off_Carriageway,Journey_Purpose_of_Driver,Junction_Location,make,model,Propulsion_Code,Sex_of_Driver,Skidding_and_Overturning,Towing_and_Articulation,Vehicle_Leaving_Carriageway,Vehicle_Location.Restricted_Lane,Vehicle_Manoeuvre,Vehicle_Reference,Vehicle_Type,Was_Vehicle_Left_Hand_Drive,X1st_Point_of_Impact,Year
201050ED2N056,Unclassified,0,Unclassified,0,Slight,None,27-08-2021,Tuesday,1,Give way or uncontrolled,Roundabout,18.55759854,Darkness - lights lit,247360,55270,73.86317505,E01015169,1,2,0,0,Wet or damp,Roundabout,None,30,22:40:00,Urban,Raining no high winds,No,16 - 20,11,Urban area,9,1199,None,None,Commuting to/from work,Entering roundabout,VAUXHALL,CORSA CLUB 16V,Petrol,Male,None,No tow/articulation,Did not leave carriageway,0,Going ahead other,1,Car,No,Front,2021
201043S099020,C,9,Unclassified,0,Slight,None,11-03-2019,Thursday,2,Give way or uncontrolled,T or staggered junction,27.10140305,Darkness - lights lit,483770,235820,93.62947064,E01016752,1,2,0,0,Wet or damp,Single carriageway,None,60,18:15:00,Rural,Raining no high winds,No,16 - 20,11,Urban area,8,1390,None,None,Other/Not known (2005-10),Mid Junction - on roundabout or on main road,VOLKSWAGEN,POLO 1.4 CL,Petrol,Male,None,No tow/articulation,Did not leave carriageway,0,Going ahead other,2,Car,No,Front,2019
201001CW10489,A,400,Unclassified,0,Slight,None,19-03-2010,Friday,1,Give way or uncontrolled,T or staggered junction,51.510594,Darkness - lights lit,529970,180740,-0.128493,E01004734,1,2,0,1,Wet or damp,Single carriageway,None,30,20:40:00,Urban,Raining no high winds,No,16 - 20,11,Urban area,3,599,None,None,Other/Not known (2005-10),Approaching junction or waiting/parked at junction approach,HONDA,CB600 HORNET,Petrol,Male,None,No tow/articulation,Did not leave carriageway,0,Overtaking moving vehicle - offside,1,Motorcycle over 500cc,No,Nearside,2010
201042I085103,Unclassified,0,Unclassified,0,Slight,None,19-03-2010,Friday,1,Give way or uncontrolled,T or staggered junction,51.662199,Darkness - lights lit,569460,198780,0.448781,E01021603,3,3,0,0,Wet or damp,Single carriageway,None,30,20:35:00,Rural,Raining no high winds,No,16 - 20,11,Urban area,10,1199,None,None,Other/Not known (2005-10),Approaching junction or waiting/parked at junction approach,VAUXHALL,CORSA CLUB 16V,Petrol,Male,Skidded,No tow/articulation,Did not leave carriageway,0,Waiting to go - held up,2,Car,No,Front,2010
201042I350110,A,127,A,1158,Slight,None,26-10-2010,Tuesday,1,Auto traffic signal,Slip road,51.559526,Darkness - lights lit,586260,187940,0.685659,E01015859,1,2,0,0,Wet or damp,Dual carriageway,None,40,21:50:00,Urban,Raining no high winds,No,16 - 20,11,Data missing or out of range,NA,1242,None,None,Other/Not known (2005-10),Approaching junction or waiting/parked at junction approach,FIAT,PUNTO SX 85,Petrol,Male,None,No tow/articulation,Did not leave carriageway,0,Slowing or stopping,1,Car,No,Front,2010
201043S099020,C,9,Unclassified,0,Slight,None,25-02-2010,Thursday,2,Give way or uncontrolled,T or staggered junction,52.014452,Darkness - lights lit,483770,235820,-0.780782,E01016752,1,2,0,0,Wet or damp,Single carriageway,None,60,18:15:00,Rural,Raining no high winds,No,16 - 20,11,Urban area,8,1390,None,None,Other/Not known (2005-10),Mid Junction - on roundabout or on main road,VOLKSWAGEN,POLO 1.4 CL,Petrol,Male,None,No tow/articulation,Did not leave carriageway,0,Going ahead other,2,Car,No,Front,2010
201045RU50893,A,320,Unclassified,0,Slight,None,01-05-2010,Saturday,1,Give way or uncontrolled,Roundabout,51.40802,Darkness - lights lit,503960,168730,-0.50668,E01030685,1,2,0,0,Wet or damp,Roundabout,None,40,00:05:00,Rural,Raining no high winds,No,16 - 20,11,Small town,8,1200,None,None,Other/Not known (2005-10),Approaching junction or waiting/parked at junction approach,FIAT,PUNTO 1.2,Petrol,Male,None,No tow/articulation,Did not leave carriageway,0,Waiting to go - held up,1,Car,No,Front,2010
201050ED2N056,Unclassified,0,Unclassified,0,Slight,None,02-11-2010,Tuesday,1,Give way or uncontrolled,Roundabout,50.377399,Darkness - lights lit,247360,55270,-4.14815,E01015169,1,2,0,0,Wet or damp,Roundabout,None,30,22:40:00,Urban,Raining no high winds,No,16 - 20,11,Urban area,9,1199,None,None,Commuting to/from work,Entering roundabout,VAUXHALL,CORSA CLUB 16V,Petrol,Male,None,No tow/articulation,Did not leave carriageway,0,Going ahead other,1,Car,No,Front,2010
201001YE80240,A,110,Unclassified,0,Slight,None,26-03-2010,Friday,1,Give way or uncontrolled,T or staggered junction,51.651265,Darkness - lights lit,533680,196490,-0.069072,E01001518,1,2,0,0,Wet or damp,Single carriageway,None,30,21:50:00,Urban,Raining no high winds,No,16 - 20,11,Urban area,8,973,None,None,Other/Not known (2005-10),Mid Junction - on roundabout or on main road,VAUXHALL,CORSA GLS 12V,Petrol,Male,None,No tow/articulation,Did not leave carriageway,0,Moving off,2,Car,No,Nearside,2010
201004BC10249,B,5412,NA,0,Slight,None,03-11-2010,Wednesday,1,Data missing or out of range,Not at junction or within 20 metres,53.876379,Darkness - lights lit,331960,442740,-3.036425,E01025604,1,2,0,0,Wet or damp,Single carriageway,None,30,16:50:00,Urban,Raining no high winds,No,16 - 20,11,Urban area,9,124,None,None,Other/Not known (2005-10),Not at or within 20 metres of junction,HONDA,PANTHEON FES 125,Petrol,Male,Skidded,No tow/articulation,Did not leave carriageway,0,Going ahead other,2,Motorcycle 125cc and under,No,Offside,2010
201004EA10243,A,679,Unclassified,0,Slight,None,02-10-2010,Saturday,1,Give way or uncontrolled,Roundabout,53.746146,Darkness - lights lit,369900,427850,-2.457902,E01012571,1,2,0,0,Wet or damp,Single carriageway,Roadworks,30,22:29:00,Urban,Raining no high winds,No,16 - 20,11,Urban area,1,1332,None,None,Other/Not known (2005-10),Entering roundabout,TOYOTA,STARLET SOLIDA,Petrol,Male,None,No tow/articulation,Did not leave carriageway,0,Going ahead other,2,Car,No,Front,2010
201005EE06516,A,57,NA,0,Slight,None,14-11-2010,Sunday,1,Data missing or out of range,Not at junction or within 20 metres,53.410498,Darkness - lights lit,334810,390860,-2.982188,E01006648,1,1,0,0,Wet or damp,Dual carriageway,None,30,19:40:00,Urban,Raining no high winds,No,16 - 20,11,Urban area,1,1598,Kerb,Other permanent object,Other/Not known (2005-10),Not at or within 20 metres of junction,DAEWOO,NUBIRA SE,Petrol,Male,Skidded,No tow/articulation,Nearside and rebounded,0,Going ahead left-hand bend,1,Car,No,Front,2010
201006G027132,C,0,Unclassified,0,Slight,None,29-01-2010,Friday,1,Give way or uncontrolled,T or staggered junction,53.443972,Darkness - lights lit,393010,394140,-2.106711,E01005980,2,2,0,0,Wet or damp,Single carriageway,None,30,23:10:00,Urban,Raining no high winds,No,16 - 20,11,Urban area,6,1389,None,None,Other/Not known (2005-10),Approaching junction or waiting/parked at junction approach,VAUXHALL,CORSA SPORT 1.4I,Petrol,Male,Skidded,No tow/articulation,Nearside,0,Going ahead left-hand bend,1,Car,No,Front,2010
201006P038343,C,0,Unclassified,0,Slight,None,05-11-2010,Friday,1,Give way or uncontrolled,Private drive or entrance,53.580857,Darkness - lights lit,384270,409390,-2.239066,E01005508,1,2,0,0,Wet or damp,Single carriageway,None,40,16:40:00,Rural,Raining no high winds,No,16 - 20,11,Urban area,5,49,None,None,Commuting to/from work,Entering main road,HONDA,X8R,Petrol,Male,None,No tow/articulation,Did not leave carriageway,0,Going ahead other,2,Motorcycle 50cc and under,No,Back,2010
201020H009710,Unclassified,0,Unclassified,0,Slight,None,26-10-2010,Tuesday,1,Give way or uncontrolled,T or staggered junction,52.61952,Darkness - lights lit,400990,302420,-1.986821,E01010286,1,2,0,0,Wet or damp,Dual carriageway,None,30,21:30:00,Urban,Raining no high winds,No,16 - 20,11,Urban area,5,49,None,None,Other/Not known (2005-10),Mid Junction - on roundabout or on main road,PEUGEOT,SPEEDFIGHT,Petrol,Male,Skidded,No tow/articulation,Did not leave carriageway,0,Going ahead other,2,Motorcycle 50cc and under,No,Front,2010
201030C000141,B,6057,Unclassified,0,Slight,None,19-03-2010,Friday,1,Give way or uncontrolled,Mini-roundabout,53.245332,Darkness - lights lit,438410,372190,-1.425859,E01019581,3,2,0,0,Wet or damp,Single carriageway,None,30,22:40:00,Urban,Raining no high winds,No,16 - 20,11,Urban area,1,1900,None,None,Other/Not known (2005-10),Approaching junction or waiting/parked at junction approach,VOLKSWAGEN,GOLF GT TDI,Heavy oil,Male,None,No tow/articulation,Did not leave carriageway,0,Slowing or stopping,1,Car,No,Back,2010
201030C000600,A,61,A,38,Slight,None,11-09-2010,Saturday,1,Give way or uncontrolled,Roundabout,53.089046,Darkness - lights lit,440500,354820,-1.396734,E01019473,2,1,0,0,Wet or damp,Roundabout,None,40,02:00:00,Rural,Raining no high winds,No,16 - 20,11,Rural,3,954,None,Lamp post,Other/Not known (2005-10),Mid Junction - on roundabout or on main road,CITROEN,SAXO EAST COAST,Petrol,Male,None,No tow/articulation,Nearside,9,Going ahead right-hand bend,1,Car,No,Front,2010
20103102D2246,A,52,NA,0,Slight,None,23-09-2010,Thursday,1,Data missing or out of range,Not at junction or within 20 metres,52.933223,Darkness - lights lit,461000,337700,-1.093902,E01028376,1,3,0,0,Wet or damp,Dual carriageway,None,70,19:25:00,Rural,Raining no high winds,No,16 - 20,11,Small town,9,1390,Kerb,Other permanent object,Other/Not known (2005-10),Not at or within 20 metres of junction,VOLKSWAGEN,POLO 1.4 CL,Petrol,Male,Skidded,No tow/articulation,Nearside,0,Going ahead other,3,Car,No,Nearside,2010
201034WN39680,A,4500,Unclassified,8476,Slight,None,10-01-2021,Friday,1,Auto traffic signal,Crossroads,27.09758611,Darkness - lights lit,479620,262460,93.62686336,E01027259,2,2,0,0,Wet or damp,Single carriageway,None,30,18:00:00,Urban,Raining no high winds,No,16 - 20,11,Urban area,1,1299,None,None,Other/Not known (2005-10),Mid Junction - on roundabout or on main road,FORD,KA,Petrol,Female,None,No tow/articulation,Did not leave carriageway,0,Going ahead other,1,Car,No,Front,2019
201043N164030,A,4128,Unclassified,3809,Slight,None,27-07-2021,Thursday,2,Give way or uncontrolled,Roundabout,26.73382402,Darkness - lights lit,486520,193910,94.17440805,E01017921,2,2,0,1,Wet or damp,Roundabout,None,30,18:30:00,Urban,Raining no high winds,No,16 - 20,11,Urban area,4,1850,None,None,Other/Not known (2005-10),Mid Junction - on roundabout or on main road,HONDA,ACCORD VTEC S AUTO,Petrol,Female,None,No tow/articulation,Did not leave carriageway,0,Turning right,2,Car,No,Nearside,2019
201001PL60171,B,218,Unclassified,0,Slight,None,18-03-2010,Thursday,1,Give way or uncontrolled,T or staggered junction,51.451765,Darkness - lights lit,536320,174360,-0.039505,E01003232,1,2,0,0,Wet or damp,Single carriageway,None,30,20:00:00,Urban,Raining no high winds,No,16 - 20,11,Urban area,2,973,Parked vehicle,None,Other/Not known (2005-10),Cleared junction or waiting/parked at junction exit,VAUXHALL,CORSA GLS 12V,Petrol,Female,None,No tow/articulation,Did not leave carriageway,0,Going ahead other,1,Car,No,Front,2010
201034WN39680,A,4500,Unclassified,8476,Slight,None,01-10-2010,Friday,1,Auto traffic signal,Crossroads,52.254524,Darkness - lights lit,479620,262460,-0.835009,E01027259,2,2,0,0,Wet or damp,Single carriageway,None,30,18:00:00,Urban,Raining no high winds,No,16 - 20,11,Urban area,1,1299,None,None,Other/Not known (2005-10),Mid Junction - on roundabout or on main road,FORD,KA,Petrol,Female,None,No tow/articulation,Did not leave carriageway,0,Going ahead other,1,Car,No,Front,2010
201043N164030,A,4128,Unclassified,3809,Slight,None,18-03-2010,Thursday,2,Give way or uncontrolled,Roundabout,51.637302,Darkness - lights lit,486520,193910,-0.751184,E01017921,2,2,0,1,Wet or damp,Roundabout,None,30,18:30:00,Urban,Raining no high winds,No,16 - 20,11,Urban area,4,1850,None,None,Other/Not known (2005-10),Mid Junction - on roundabout or on main road,HONDA,ACCORD VTEC S AUTO,Petrol,Female,None,No tow/articulation,Did not leave carriageway,0,Turning right,2,Car,No,Nearside,2010
201001PL60171,B,218,Unclassified,0,Slight,None,18-03-2010,Thursday,1,Give way or uncontrolled,T or staggered junction,51.451765,Darkness - lights lit,536320,174360,-0.039505,E01003232,1,2,0,0,Wet or damp,Single carriageway,None,30,20:00:00,Urban,Raining no high winds,No,16 - 20,11,Urban area,2,973,Parked vehicle,None,Other/Not known (2005-10),Cleared junction or waiting/parked at junction exit,VAUXHALL,CORSA GLS 12V,Petrol,Female,None,No tow/articulation,Did not leave carriageway,0,Going ahead other,1,Car,No,Front,2010
201020J003460,B,4179,Unclassified,0,Slight,None,29-04-2010,Thursday,1,Give way or uncontrolled,T or staggered junction,52.494665,Darkness - lights lit,391090,288540,-2.132678,E01009752,2,2,0,0,Wet or damp,Single carriageway,None,30,21:45:00,Urban,Raining no high winds,No,16 - 20,11,Urban area,8,1299,None,None,Other/Not known (2005-10),Mid Junction - on roundabout or on main road,FORD,KA,Petrol,Female,None,No tow/articulation,Did not leave carriageway,0,Going ahead other,1,Car,No,Front,2010
201020M009612,A,45,B,4101,Slight,None,14-02-2010,Sunday,1,Auto traffic signal,T or staggered junction,52.402036,Darkness - lights lit,430120,278320,-1.558719,E01009686,2,3,0,5,Wet or damp,Dual carriageway,None,40,00:05:00,Urban,Raining no high winds,No,16 - 20,11,Small town,9,1396,None,None,Other/Not known (2005-10),Mid Junction - on roundabout or on main road,ROVER,214 IS,Petrol,Female,None,No tow/articulation,Did not leave carriageway,0,Turning left,3,Car,No,Nearside,2010
20103102A0370,B,6018,Unclassified,0,Slight,None,03-02-2010,Wednesday,1,Give way or uncontrolled,T or staggered junction,53.106221,Darkness - lights lit,449010,356810,-1.269374,E01027957,1,2,0,0,Wet or damp,Single carriageway,None,30,19:15:00,Urban,Raining no high winds,No,16 - 20,11,Urban area,5,973,None,None,Other/Not known (2005-10),Approaching junction or waiting/parked at junction approach,VAUXHALL,CORSA CLUB 12V,Petrol,Female,None,No tow/articulation,Did not leave carriageway,0,Going ahead other,1,Car,No,Front,2010
201001KD59067,C,0,NA,0,Slight,None,07-12-2010,Tuesday,1,Data missing or out of range,Not at junction or within 20 metres,51.582265,Darkness - lights lit,552730,189350,0.202979,E01002355,1,1,0,0,Frost or ice,Single carriageway,None,30,19:30:00,Urban,Snowing + high winds,No,16 - 20,11,Urban area,7,1998,Kerb,Other permanent object,Other/Not known (2005-10),Not at or within 20 metres of junction,NISSAN,200 SX,Petrol,Male,None,No tow/articulation,Nearside,0,Going ahead other,1,Car,No,Front,2010
201001KD59067,C,0,NA,0,Slight,None,07-12-2010,Tuesday,1,Data missing or out of range,Not at junction or within 20 metres,51.582265,Darkness - lights lit,552730,189350,0.202979,E01002355,1,1,0,0,Frost or ice,Single carriageway,None,30,19:30:00,Urban,Snowing + high winds,No,16 - 20,11,Urban area,7,1998,Kerb,Other permanent object,Other/Not known (2005-10),Not at or within 20 metres of junction,NISSAN,200 SX,Petrol,Male,None,No tow/articulation,Nearside,0,Going ahead other,1,Car,No,Front,2010
2010160B00071,Unclassified,0,Unclassified,0,Slight,None,07-01-2010,Thursday,1,Give way or uncontrolled,T or staggered junction,53.560941,Darkness - lights lit,490810,408020,-0.630471,E01013235,1,2,0,0,Snow,Single carriageway,None,30,18:48:00,Urban,Snowing + high winds,No,16 - 20,11,Urban area,1,1124,None,None,Other/Not known (2005-10),Mid Junction - on roundabout or on main road,PEUGEOT,106 XN ZEST 2,Petrol,Male,Skidded,No tow/articulation,Did not leave carriageway,0,Going ahead other,1,Car,No,Nearside,2010
20103102D0052,A,6211,B,684,Slight,None,08-01-2010,Friday,1,Auto traffic signal,Crossroads,52.99186,Darkness - lights lit,459900,344210,-1.109063,E01028218,2,2,0,5,Snow,Single carriageway,None,40,18:11:00,Urban,Snowing + high winds,No,16 - 20,11,Urban area,3,1124,None,None,Commuting to/from work,Entering main road,PEUGEOT,206 L,Petrol,Female,None,No tow/articulation,Did not leave carriageway,0,Turning right,2,Car,No,Front,2010
2010170S10220,A,1305,NA,0,Slight,None,30-01-2010,Saturday,1,Data missing or out of range,Not at junction or within 20 metres,54.56556,Darkness - lights lit,444380,519140,-1.315131,E01012267,1,1,0,0,Snow,Single carriageway,None,30,01:06:00,Urban,Snowing no high winds,No,16 - 20,11,Urban area,1,1595,None,Other permanent object,Journey as part of work,Not at or within 20 metres of junction,VOLKSWAGEN,BORA SE,Petrol,Male,Skidded,No tow/articulation,Nearside,0,Going ahead right-hand bend,1,Taxi/Private hire car,No,Front,2010
201054DW39710,B,4289,C,404,Slight,None,24-01-2020,Saturday,1,Give way or uncontrolled,Roundabout,22.09360145,Darkness - lights lit,415200,185470,82.17927718,E01015510,2,2,0,4,Snow,Dual carriageway,None,40,17:47:00,Urban,Snowing no high winds,No,16 - 20,11,Urban area,2,1299,None,None,Other/Not known (2005-10),Cleared junction or waiting/parked at junction exit,FORD,KA,Petrol,Female,None,No tow/articulation,Did not leave carriageway,0,Waiting to go - held up,1,Car,No,Back,2019
201054DW39710,B,4289,C,404,Slight,None,18-12-2010,Saturday,1,Give way or uncontrolled,Roundabout,51.567852,Darkness - lights lit,415200,185470,-1.782107,E01015510,2,2,0,4,Snow,Dual carriageway,None,40,17:47:00,Urban,Snowing no high winds,No,16 - 20,11,Urban area,2,1299,None,None,Other/Not known (2005-10),Cleared junction or waiting/parked at junction exit,FORD,KA,Petrol,Female,None,No tow/articulation,Did not leave carriageway,0,Waiting to go - held up,1,Car,No,Back,2010
201014K313110,A,6135,NA,0,Slight,None,18-11-2010,Thursday,2,Not at junction or within 20 metres,Not at junction or within 20 metres,53.359395,Darkness - lights lit,438420,384880,-1.424177,E01008000,1,2,0,0,Dry,Single carriageway,None,30,18:30:00,Urban,Unknown,No,16 - 20,11,Urban area,3,1124,None,None,Other/Not known (2005-10),Not at or within 20 metres of junction,PEUGEOT,106 XN ZEST,Petrol,Male,None,No tow/articulation,Did not leave carriageway,0,Going ahead other,1,Car,No,Back,2010
201030C000161,A,38,Motorway,1,Slight,None,23-03-2010,Tuesday,2,Auto traffic signal,Roundabout,53.100251,Darkness - lights lit,445360,356110,-1.32399,E01019501,1,2,0,0,Dry,Roundabout,None,60,20:40:00,Rural,Unknown,No,16 - 20,11,Urban area,9,1124,None,None,Other/Not known (2005-10),Mid Junction - on roundabout or on main road,CITROEN,SAXO X,Petrol,Male,None,No tow/articulation,Did not leave carriageway,0,Going ahead other,1,Car,No,Front,2010
201043N301120,Unclassified,814,NA,0,Slight,None,08-07-2019,Monday,1,Data missing or out of range,Not at junction or within 20 metres,13.00026798,Darkness - lights lit,484510,191530,77.61946258,E01017840,1,2,0,0,Dry,Single carriageway,None,30,21:00:00,Urban,Unknown,No,16 - 20,11,Urban area,8,1299,None,None,Other/Not known (2005-10),Not at or within 20 metres of junction,FORD,KA,Petrol,Female,None,No tow/articulation,Did not leave carriageway,0,Going ahead other,2,Car,No,Front,2019
201042I240307,Unclassified,0,NA,,Slight,None,19-09-2020,Friday,2,Give way or uncontrolled,Other junction,28.55447932,Darkness - lights lit,581480,216330,77.35259833,E01021418,2,2,0,0,Dry,Single carriageway,None,30,23:00:00,Urban,Unknown,No,16 - 20,11,Urban area,5,1868,None,None,Other/Not known (2005-10),Approaching junction or waiting/parked at junction approach,PEUGEOT,306 L D,Heavy oil,Female,None,No tow/articulation,Did not leave carriageway,0,Slowing or stopping,2,Car,No,Nearside,2020
201042I240307,Unclassified,0,NA,,Slight,None,23-07-2010,Friday,2,Give way or uncontrolled,Other junction,51.81608,Darkness - lights lit,581480,216330,0.631533,E01021418,2,2,0,0,Dry,Single carriageway,None,30,23:00:00,Urban,Unknown,No,16 - 20,11,Urban area,5,1868,None,None,Other/Not known (2005-10),Approaching junction or waiting/parked at junction approach,PEUGEOT,306 L D,Heavy oil,Female,None,No tow/articulation,Did not leave carriageway,0,Slowing or stopping,2,Car,No,Nearside,2010
201043N301120,Unclassified,814,NA,0,Slight,None,13-12-2010,Monday,1,Data missing or out of range,Not at junction or within 20 metres,51.616212,Darkness - lights lit,484510,191530,-0.780795,E01017840,1,2,0,0,Dry,Single carriageway,None,30,21:00:00,Urban,Unknown,No,16 - 20,11,Urban area,8,1299,None,None,Other/Not known (2005-10),Not at or within 20 metres of junction,FORD,KA,Petrol,Female,None,No tow/articulation,Did not leave carriageway,0,Going ahead other,2,Car,No,Front,2010
20103102A3190,B,6033,Unclassified,0,Slight,None,12-11-2010,Friday,3,Give way or uncontrolled,Mini-roundabout,53.148789,Darkness - lights lit,454930,361610,-1.180133,E01028276,1,2,0,8,Data missing or out of range,Roundabout,None,30,19:20:00,Urban,Unknown,No,16 - 20,11,Urban area,5,973,None,None,Commuting to/from work,Entering roundabout,VAUXHALL,CORSA TRIP 12V,Petrol,Female,None,No tow/articulation,Did not leave carriageway,0,Going ahead other,1,Car,No,Front,2010
201032C325610,Unclassified,0,B,1457,Slight,None,29-10-2010,Friday,2,Give way or uncontrolled,T or staggered junction,53.147872,Darkness - lights lit,556840,363760,0.343765,E01026114,1,2,0,0,Wet or damp,Single carriageway,None,30,19:50:00,Urban,Unknown,No,16 - 20,11,Small town,5,1124,None,None,Other/Not known (2005-10),Approaching junction or waiting/parked at junction approach,CITROEN,SAXO EAST COAST,Petrol,Female,None,No tow/articulation,Did not leave carriageway,0,Waiting to go - held up,2,Car,No,Back,2010
201004FA10059,Unclassified,0,NA,0,Slight,None,06-06-2010,Sunday,1,Data missing or out of range,Not at junction or within 20 metres,53.802143,Darkness - lights unlit,384160,434010,-2.241993,E01024875,1,1,0,0,Dry,Single carriageway,None,30,21:31:00,Urban,Fine no high winds,No,16 - 20,11,Urban area,1,1396,None,None,Other/Not known (2005-10),Not at or within 20 metres of junction,ROVER,214 IS,Petrol,Male,None,No tow/articulation,Did not leave carriageway,0,Going ahead other,1,Car,No,Front,2010
20103102C0527,A,6008,Unclassified,0,Slight,None,16-01-2010,Saturday,1,Give way or uncontrolled,Crossroads,52.95527,Darkness - lights unlit,457500,340110,-1.145541,E01013955,3,2,0,5,Wet or damp,Single carriageway,None,30,04:10:00,Urban,Unknown,No,16 - 20,11,Urban area,1,796,None,None,Other/Not known (2005-10),Entering main road,DAEWOO,MATIZ SE,Petrol,Female,None,No tow/articulation,Did not leave carriageway,0,Turning left,2,Car,No,Nearside,2010
20105500D0593,B,3092,NA,0,Slight,None,17-07-2020,Saturday,1,Not at junction or within 20 metres,Not at junction or within 20 metres,27.08976563,Darkness - no lighting,384290,124170,93.63393012,E01020451,3,2,0,0,Wet or damp,Single carriageway,None,60,22:28:00,Rural,Fine no high winds,No,16 - 20,11,Small town,9,1360,None,None,Other/Not known (2005-10),Not at or within 20 metres of junction,CITROEN,SAXO WEST COAST,Petrol,Male,None,No tow/articulation,Did not leave carriageway,0,Going ahead right-hand bend,2,Car,No,Front,2019
201037B044089,A,143,C,691,Slight,None,07-06-2019,Saturday,1,Give way or uncontrolled,Crossroads,22.9830784,Darkness - no lighting,590250,267520,72.63022845,E01030104,2,2,0,0,Wet or damp,Single carriageway,None,40,18:05:00,Rural,Fine no high winds,No,16 - 20,11,Rural,6,1124,None,Road sign or traffic signal,Commuting to/from work,Approaching junction or waiting/parked at junction approach,PEUGEOT,106 XN ZEST 2,Petrol,Male,Skidded,No tow/articulation,Offside,0,Overtaking moving vehicle - offside,1,Car,No,Front,2019
201043W152120,B,3016,NA,0,Slight,None,04-08-2021,Wednesday,1,Data missing or out of range,Not at junction or within 20 metres,28.47672425,Darkness - no lighting,479720,163350,77.00445476,E01016640,2,2,0,0,Wet or damp,Single carriageway,None,40,23:16:00,Rural,Fine no high winds,No,16 - 20,11,Rural,10,1360,None,None,Other/Not known (2005-10),Not at or within 20 metres of junction,PEUGEOT,206 GLX,Petrol,Male,Skidded,No tow/articulation,Did not leave carriageway,0,Going ahead right-hand bend,1,Car,No,Front,2019
201043P111080,Unclassified,278,NA,0,Slight,None,30-12-2019,Tuesday,1,Data missing or out of range,Not at junction or within 20 metres,26.45602071,Darkness - no lighting,427650,193660,80.33055766,E01028715,3,1,0,0,Wet or damp,Single carriageway,None,60,23:05:00,Rural,Fine no high winds,No,16 - 20,11,Small town,6,1360,None,Entered ditch,Other/Not known (2005-10),Not at or within 20 metres of junction,CITROEN,SAXO WEST COAST,Petrol,Male,Skidded,No tow/articulation,Offside,0,Going ahead right-hand bend,1,Car,No,Front,2020
201042I105204,A,12,Unclassified,0,Slight,None,10-04-2019,Wednesday,1,Give way or uncontrolled,Slip road,18.53616594,Darkness - no lighting,591830,223790,73.81017254,E01021678,1,1,0,0,Dry,Dual carriageway,None,70,23:10:00,Rural,Fine no high winds,No,16 - 20,11,Small town,4,1242,None,Tree,Other/Not known (2005-10),Leaving main road,FIAT,BRAVO 80 SX,Petrol,Male,Skidded and overturned,No tow/articulation,Offside on to central reservation,0,Changing lane to right,1,Car,No,Front,2021
201036T100082,C,244,NA,0,Slight,None,28-08-2021,Wednesday,1,Data missing or out of range,Not at junction or within 20 metres,18.50892148,Darkness - no lighting,583370,331960,73.84767598,E01026695,1,1,0,0,Dry,Single carriageway,None,60,23:15:00,Rural,Fine no high winds,No,16 - 20,11,Rural,4,973,None,None,Other/Not known (2005-10),Not at or within 20 metres of junction,VAUXHALL,CORSA CLUB 12V,Petrol,Male,Skidded and overturned,No tow/articulation,Offside,0,Going ahead left-hand bend,1,Car,No,Nearside,2021
201050CT4A001,Unclassified,0,NA,0,Slight,None,15-06-2019,Wednesday,1,Not at junction or within 20 metres,Not at junction or within 20 metres,18.60992867,Darkness - no lighting,244800,108610,73.80772105,E01020301,1,2,0,0,Wet or damp,Single carriageway,None,60,20:03:00,Rural,Fine no high winds,No,16 - 20,11,Data missing or out of range,NA,1124,None,Other permanent object,Other/Not known (2005-10),Not at or within 20 metres of junction,CITROEN,SAXO X,Petrol,Male,None,No tow/articulation,Nearside and rebounded,0,Going ahead other,1,Car,No,Front,2021
201037B044324,C,688,NA,0,Slight,None,06-03-2019,Thursday,1,Data missing or out of range,Not at junction or within 20 metres,19.09201111,Darkness - no lighting,582320,265120,72.87076133,E01030098,2,1,0,0,Frost or ice,Single carriageway,None,60,19:30:00,Rural,Fine no high winds,No,16 - 20,11,Urban area,5,1390,None,None,Other/Not known (2005-10),Not at or within 20 metres of junction,VOLKSWAGEN,POLO 1.4 CL,Petrol,Male,Skidded and overturned,No tow/articulation,Nearside,0,Going ahead left-hand bend,1,Car,No,Nearside,2021
201043P204110,A,420,NA,0,Slight,None,18-04-2020,Tuesday,1,Data missing or out of range,Not at junction or within 20 metres,27.09465936,Darkness - no lighting,427170,192420,93.61750336,E01028715,1,1,0,0,Wet or damp,Single carriageway,None,50,21:42:00,Rural,Fine no high winds,No,16 - 20,11,Small town,10,1587,Kerb,Entered ditch,Other/Not known (2005-10),Not at or within 20 metres of junction,PEUGEOT,206 GLX,Petrol,Male,Skidded and overturned,No tow/articulation,Nearside,0,Going ahead left-hand bend,1,Car,No,Nearside,2019