Accident_Index,1st_Road_Class,1st_Road_Number,2nd_Road_Class,2nd_Road_Number,Accident_Severity,Carriageway_Hazards,Date,Day_of_Week,Did_Police_Officer_Attend_Scene_of_Accident,Junction_Control,Junction_Detail,Latitude,Light_Conditions,Location_Easting_OSGR,Location_Northing_OSGR,Longitude,LSOA_of_Accident_Location,Number_of_Casualties,Number_of_Vehicles,Pedestrian_Crossing-Human_Control,Pedestrian_Crossing-Physical_Facilities,Road_Surface_Conditions,Road_Type,Special_Conditions_at_Site,Speed_limit,Time,Urban_or_Rural_Area,Weather_Conditions,InScotland,Age_Band_of_Driver,Age_of_Vehicle,Driver_Home_Area_Type,Driver_IMD_Decile,Engine_Capacity_.CC.,Hit_Object_in_Carriageway,Hit_Object_off_Carriageway,Journey_Purpose_of_Driver,Junction_Location,make,model,Propulsion_Code,Sex_of_Driver,Skidding_and_Overturning,Towing_and_Articulation,Vehicle_Leaving_Carriageway,Vehicle_Location.Restricted_Lane,Vehicle_Manoeuvre,Vehicle_Reference,Vehicle_Type,Was_Vehicle_Left_Hand_Drive,X1st_Point_of_Impact,Year
201043R187070,A,322,A,3095,Slight,None,20-12-2021,Saturday,1,Auto traffic signal,Roundabout,19.20165633,Daylight,486300,168900,72.86226522,E01016249,1,1,0,0,Dry,Dual carriageway,None,60,18:00:00,Urban,Fine no high winds,No,16 - 20,11,Urban area,6,1199,None,Central crash barrier,Commuting to/from work,Leaving roundabout,VAUXHALL,CORSA CLUB 16V,Petrol,Male,Skidded,No tow/articulation,Offside on to centrl res + rebounded,0,Turning right,1,Car,No,Front,2021
201050KE3M010,B,3197,B,3180,Slight,None,13-02-2021,Saturday,1,Stop sign,Crossroads,19.16405523,Daylight,303110,86390,72.93247657,E01019964,1,2,0,0,Dry,Single carriageway,Mud,60,11:10:00,Rural,Fine no high winds,No,16 - 20,11,Urban area,10,599,None,None,Other/Not known (2005-10),Approaching junction or waiting/parked at junction approach,SUZUKI,GSF 600 X,Petrol,Male,Skidded,No tow/articulation,Did not leave carriageway,0,Slowing or stopping,1,Motorcycle over 500cc,No,Front,2021
201045RU50914,Unclassified,3008,Unclassified,0,Slight,None,04-08-2020,Tuesday,2,Give way or uncontrolled,Crossroads,19.15176826,Daylight,503460,166610,72.90798293,E01030657,2,2,0,0,Dry,One way street,None,30,19:00:00,Urban,Fine no high winds,No,16 - 20,11,Urban area,4,999,None,None,Other/Not known (2005-10),Approaching junction or waiting/parked at junction approach,HYUNDAI,ATOZ+,Petrol,Male,None,No tow/articulation,Did not leave carriageway,0,Slowing or stopping,1,Car,No,Did not impact,2021
201042I214407,Unclassified,0,NA,0,Slight,None,06-11-2020,Monday,1,Not at junction or within 20 metres,Not at junction or within 20 metres,14.77730052,Daylight,569050,206370,78.49699971,E01021631,1,2,0,0,Dry,Single carriageway,None,30,18:41:00,Urban,Fine no high winds,No,16 - 20,11,Urban area,10,1299,None,None,Other/Not known (2005-10),Not at or within 20 metres of junction,FORD,KA 2,Petrol,Male,None,No tow/articulation,Did not leave carriageway,0,Going ahead other,2,Car,No,Did not impact,2019
201045EL54143,A,245,B,366,Slight,None,25-09-2019,Tuesday,2,Give way or uncontrolled,T or staggered junction,14.77672477,Daylight,507920,161130,78.53788808,E01030346,2,2,0,0,Dry,Single carriageway,None,60,08:30:00,Rural,Fine no high winds,No,16 - 20,11,Urban area,9,1390,None,None,Taking pupil to/from school,Approaching junction or waiting/parked at junction approach,VOLKSWAGEN,LUPO S,Petrol,Male,None,No tow/articulation,Offside,0,Going ahead other,1,Car,No,Did not impact,2019
201043R122090,A,4,Unclassified,7302,Slight,None,17-07-2020,Tuesday,1,Give way or uncontrolled,T or staggered junction,27.10555834,Daylight,497340,179980,93.63225193,E01016466,1,2,0,1,Dry,Dual carriageway,None,40,14:30:00,Urban,Fine no high winds,No,16 - 20,11,Urban area,10,1905,None,None,Other/Not known (2005-10),Approaching junction or waiting/parked at junction approach,PEUGEOT,306 L DT,Heavy oil,Male,None,No tow/articulation,Did not leave carriageway,0,Slowing or stopping,1,Car,No,Front,2019
201001KF60269,A,117,A,13,Slight,None,09-05-2010,Sunday,1,Auto traffic signal,Crossroads,51.520042,Daylight,542950,182140,0.058996,E01003482,1,2,0,5,Dry,Single carriageway,None,30,16:05:00,Urban,Fine no high winds,No,16 - 20,11,Urban area,1,899,None,None,Other/Not known (2005-10),Approaching junction or waiting/parked at junction approach,KAWASAKI,,Petrol,Male,None,No tow/articulation,Did not leave carriageway,0,Going ahead other,1,Motorcycle over 125cc and up to 500cc,No,Front,2010
201001KF60559,A,117,B,167,Slight,None,03-09-2010,Friday,1,Give way or uncontrolled,Slip road,51.527735,Daylight,542730,182990,0.056171,E01003527,1,1,0,0,Dry,Single carriageway,None,30,14:35:00,Urban,Fine no high winds,No,16 - 20,11,Urban area,2,1988,None,None,Other/Not known (2005-10),Cleared junction or waiting/parked at junction exit,LEXUS,IS200 SPORT,Petrol,Male,None,No tow/articulation,Did not leave carriageway,0,Turning right,1,Car,No,Front,2010
201001KF60582,A,13,A,406,Slight,None,09-09-2010,Thursday,1,Give way or uncontrolled,Slip road,51.525122,Daylight,543820,182730,0.071767,E01003535,5,2,0,0,Dry,Slip road,None,30,19:00:00,Urban,Fine no high winds,No,16 - 20,11,Small town,3,1390,None,None,Other/Not known (2005-10),Approaching junction or waiting/parked at junction approach,VOLKSWAGEN,LUPO E,Petrol,Male,None,No tow/articulation,Did not leave carriageway,0,Going ahead left-hand bend,2,Car,No,Front,2010
201001QA10418,Unclassified,0,A,409,Slight,None,18-10-2010,Monday,1,Give way or uncontrolled,T or staggered junction,51.597907,Daylight,515270,190100,-0.337158,E01002233,1,2,0,1,Dry,Single carriageway,None,30,16:55:00,Urban,Fine no high winds,No,16 - 20,11,Data missing or out of range,NA,1497,None,None,Other/Not known (2005-10),Cleared junction or waiting/parked at junction exit,NISSAN,,Petrol,Male,None,No tow/articulation,Did not leave carriageway,0,Slowing or stopping,1,Car,No,Front,2010
201001QK50247,C,0,Unclassified,0,Slight,None,07-05-2010,Friday,2,Give way or uncontrolled,T or staggered junction,51.532853,Daylight,523690,183060,-0.218128,E01000582,1,2,0,0,Dry,Single carriageway,None,30,08:20:00,Urban,Fine no high winds,No,16 - 20,11,Urban area,3,124,None,None,Other/Not known (2005-10),Mid Junction - on roundabout or on main road,PIAGGIO,VESPA ET4,Petrol,Male,None,No tow/articulation,Did not leave carriageway,0,Going ahead other,1,Motorcycle 50cc and under,No,Offside,2010
201001RG40084,A,205,Unclassified,0,Slight,None,12-02-2010,Friday,1,Give way or uncontrolled,T or staggered junction,51.455448,Daylight,541820,174920,0.039821,E01001620,1,2,0,0,Dry,Dual carriageway,None,30,16:44:00,Urban,Fine no high winds,No,16 - 20,11,Urban area,3,899,None,None,Other/Not known (2005-10),Approaching junction or waiting/parked at junction approach,KAWASAKI,ZX900-C2,Petrol,Male,None,No tow/articulation,Did not leave carriageway,0,Going ahead other,1,Motorcycle 125cc and under,No,Nearside,2010
201001RY10327,A,223,A,224,Slight,None,06-07-2010,Tuesday,1,Give way or uncontrolled,Roundabout,51.413404,Daylight,547070,170390,0.113451,E01000386,1,1,0,0,Dry,Roundabout,None,30,11:40:00,Rural,Fine no high winds,No,16 - 20,11,Urban area,2,1360,Kerb,None,Other/Not known (2005-10),Mid Junction - on roundabout or on main road,CITROEN,SAXO WEST COAST,Petrol,Male,None,No tow/articulation,Nearside,0,Going ahead right-hand bend,1,Car,No,Nearside,2010
201001RY10402,B,2214,NA,0,Slight,None,01-10-2010,Friday,1,Data missing or out of range,Not at junction or within 20 metres,51.437724,Daylight,545800,173060,0.096299,E01000463,1,2,0,0,Dry,Single carriageway,None,30,08:30:00,Urban,Fine no high winds,No,16 - 20,11,Data missing or out of range,NA,124,None,None,Commuting to/from work,Not at or within 20 metres of junction,SUZUKI,GN 125 X,Petrol,Male,None,No tow/articulation,Did not leave carriageway,0,Overtaking static vehicle - offside,2,Motorcycle 125cc and under,No,Nearside,2010
201001SX20226,A,5,NA,0,Slight,None,07-03-2010,Sunday,1,Data missing or out of range,Not at junction or within 20 metres,51.618711,Daylight,518530,192490,-0.289306,E01002112,1,2,0,1,Dry,Single carriageway,None,30,10:00:00,Urban,Fine no high winds,No,16 - 20,11,Urban area,2,1898,None,None,Other/Not known (2005-10),Not at or within 20 metres of junction,VOLKSWAGEN,PASSAT S TDI,Heavy oil,Male,None,No tow/articulation,Did not leave carriageway,0,Going ahead other,2,Car,No,Front,2010
201001SX20727,A,502,Unclassified,0,Slight,None,28-06-2010,Monday,1,Give way or uncontrolled,T or staggered junction,51.578744,Daylight,524250,188180,-0.208251,E01000218,2,2,0,0,Dry,Single carriageway,None,30,13:23:00,Urban,Fine no high winds,No,16 - 20,11,Urban area,3,2793,None,None,Other/Not known (2005-10),Mid Junction - on roundabout or on main road,BMW,328I CABRIO,Petrol,Male,None,No tow/articulation,Did not leave carriageway,0,Going ahead other,1,Car,No,Front,2010
201001SX20750,C,0,Unclassified,0,Slight,None,09-07-2010,Friday,1,Give way or uncontrolled,Crossroads,51.580169,Daylight,525930,188380,-0.183947,E01000207,1,2,0,0,Dry,Single carriageway,None,30,17:50:00,Urban,Fine no high winds,No,16 - 20,11,Urban area,8,899,None,None,Journey as part of work,Mid Junction - on roundabout or on main road,FIAT,SEICENTO SX,Petrol,Male,None,No tow/articulation,Did not leave carriageway,0,Going ahead other,2,Car,No,Front,2010
201001SX21293,A,1,NA,0,Slight,None,28-11-2010,Sunday,2,Data missing or out of range,Not at junction or within 20 metres,51.61523,Daylight,521790,192180,-0.242348,E01000258,1,2,0,0,Dry,Dual carriageway,None,40,13:50:00,Urban,Fine no high winds,No,16 - 20,11,Data missing or out of range,NA,973,None,None,Other/Not known (2005-10),Not at or within 20 metres of junction,VAUXHALL,CORSA CLUB 12V,Petrol,Male,None,No tow/articulation,Did not leave carriageway,0,Going ahead other,1,Car,No,Back,2010
201001SX21306,A,5,C,0,Slight,None,13-12-2010,Monday,1,Auto traffic signal,T or staggered junction,51.600676,Daylight,520090,190520,-0.267458,E01000129,2,1,0,5,Wet or damp,Single carriageway,None,30,16:20:00,Urban,Fine no high winds,No,16 - 20,11,Urban area,4,1597,None,None,Other/Not known (2005-10),Approaching junction or waiting/parked at junction approach,MITSUBISHI,COLT GLX AUTO,Petrol,Male,None,No tow/articulation,Did not leave carriageway,0,Going ahead other,1,Car,No,Front,2010
201034WN10940,C,156,NA,0,Slight,None,12-03-2010,Friday,1,Data missing or out of range,Not at junction or within 20 metres,52.265203,Daylight,478490,263630,-0.851288,E01027171,2,2,0,1,Wet or damp,Single carriageway,None,30,08:40:00,Urban,Fine no high winds,No,16 - 20,11,Urban area,2,973,None,None,Commuting to/from work,Not at or within 20 metres of junction,VAUXHALL,CORSA TRIP 12V,Petrol,Male,None,No tow/articulation,Did not leave carriageway,0,Going ahead other,1,Car,No,Front,2010
201036T100042,B,1144,NA,0,Slight,None,04-03-2010,Thursday,2,Data missing or out of range,Not at junction or within 20 metres,52.752542,Daylight,562730,319940,0.409768,E01026667,1,3,0,0,Dry,Single carriageway,None,30,16:15:00,Urban,Fine no high winds,No,16 - 20,11,Rural,6,1796,None,None,Other/Not known (2005-10),Not at or within 20 metres of junction,MG,MGF 1.8I VVC,Petrol,Male,None,No tow/articulation,Did not leave carriageway,0,Waiting to go - held up,1,Car,No,Back,2010
201037B044538,Unclassified,5001,Unclassified,9999,Slight,None,02-03-2010,Tuesday,1,Give way or uncontrolled,T or staggered junction,52.078587,Daylight,567570,245070,0.443929,E01030113,1,1,0,0,Dry,Single carriageway,None,30,16:16:00,Urban,Fine no high winds,No,16 - 20,11,Small town,8,1124,None,Other permanent object,Commuting to/from work,Approaching junction or waiting/parked at junction approach,CITROEN,SAXO SX,Petrol,Male,None,No tow/articulation,Nearside,0,Going ahead other,1,Car,No,Front,2010
201037G029453,A,1156,Unclassified,2426,Slight,None,02-06-2010,Wednesday,1,Give way or uncontrolled,T or staggered junction,52.048685,Daylight,617930,243690,1.176873,E01029992,1,2,0,0,Dry,Single carriageway,None,30,18:00:00,Urban,Fine no high winds,No,16 - 20,11,Rural,6,599,None,None,Other/Not known (2005-10),Approaching junction or waiting/parked at junction approach,KAWASAKI,ZX600-G2,Petrol,Male,None,No tow/articulation,Did not leave carriageway,0,Overtaking static vehicle - offside,1,Motorcycle over 500cc,No,Front,2010
201037G029726,B,1067,Unclassified,0,Slight,None,23-07-2010,Friday,1,Give way or uncontrolled,Private drive or entrance,52.061668,Daylight,615490,245030,1.142191,E01030024,1,2,0,0,Dry,Single carriageway,None,30,15:50:00,Urban,Fine no high winds,No,16 - 20,11,Urban area,5,50,None,Lamp post,Journey as part of work,Approaching junction or waiting/parked at junction approach,APRILIA,,Petrol,Male,None,No tow/articulation,Offside,0,Overtaking moving vehicle - offside,2,Motorcycle 50cc and under,No,Front,2010
201037G030448,A,14,B,1113,Slight,None,19-11-2010,Friday,2,Give way or uncontrolled,Roundabout,52.102615,Daylight,612910,249480,1.107389,E01030045,1,2,0,0,Dry,Slip road,None,60,08:35:00,Rural,Fine no high winds,No,16 - 20,11,Urban area,10,1990,None,None,Commuting to/from work,Approaching junction or waiting/parked at junction approach,TOYOTA,ALTEZZA,Petrol,Male,None,No tow/articulation,Did not leave carriageway,0,Slowing or stopping,1,Car,No,Front,2010
2010400B03670,A,600,NA,0,Slight,None,13-12-2010,Monday,1,Data missing or out of range,Not at junction or within 20 metres,52.138116,Daylight,504490,249970,-0.474638,E01017471,1,2,0,0,Dry,Single carriageway,None,30,12:20:00,Urban,Fine no high winds,No,16 - 20,11,Urban area,9,1598,None,None,Other/Not known (2005-10),Not at or within 20 metres of junction,VOLKSWAGEN,POLO 1.6 GL,Petrol,Male,None,No tow/articulation,Did not leave carriageway,0,U-turn,1,Car,No,Offside,2010
2010400C02130,B,579,Unclassified,0,Slight,None,21-07-2010,Wednesday,2,Auto traffic signal,Crossroads,51.905851,Daylight,506040,224160,-0.459988,E01015755,2,2,0,4,Dry,Single carriageway,None,30,18:00:00,Urban,Fine no high winds,No,16 - 20,11,Urban area,4,973,None,None,Other/Not known (2005-10),Mid Junction - on roundabout or on main road,VAUXHALL,CORSA BREEZE 12V,Petrol,Male,None,No tow/articulation,Did not leave carriageway,0,Turning right,1,Car,No,Front,2010
2010400C02782,A,505,NA,0,Slight,None,25-07-2010,Sunday,1,Data missing or out of range,Not at junction or within 20 metres,51.88895,Daylight,507470,222310,-0.439785,E01015726,1,1,0,4,Dry,Single carriageway,None,30,16:46:00,Urban,Fine no high winds,No,16 - 20,11,Urban area,3,973,None,None,Other/Not known (2005-10),Not at or within 20 metres of junction,VAUXHALL,CORSA BREEZE 12V,Petrol,Male,None,No tow/articulation,Did not leave carriageway,0,Going ahead other,1,Car,No,Front,2010
2010400D02143,A,5120,NA,0,Slight,None,23-07-2010,Friday,1,Data missing or out of range,Not at junction or within 20 metres,51.895862,Daylight,501270,222950,-0.529656,E01017599,1,2,0,0,Dry,Single carriageway,None,30,18:01:00,Urban,Fine no high winds,No,16 - 20,11,Urban area,7,125,None,None,Other/Not known (2005-10),Not at or within 20 metres of junction,APRILIA,,Petrol,Male,None,No tow/articulation,Did not leave carriageway,0,Overtaking moving vehicle - offside,2,Motorcycle 125cc and under,No,Nearside,2010
20104100A0214,A,414,A,414,Slight,Pedestrian in carriageway - not injured,26-03-2010,Friday,2,Give way or uncontrolled,Roundabout,51.794941,Daylight,530690,212400,-0.106301,E01023489,1,2,0,0,Dry,Dual carriageway,None,70,08:00:00,Rural,Fine no high winds,No,16 - 20,11,Rural,7,124,None,None,Pupil riding to/from school,Leaving roundabout,YAMAHA,XV125,Petrol,Male,Skidded,No tow/articulation,Did not leave carriageway,0,Moving off,1,Motorcycle 125cc and under,No,Front,2010
20104100A0535,Unclassified,1112,Unclassified,1794,Slight,None,27-08-2010,Friday,2,Give way or uncontrolled,T or staggered junction,51.80015,Daylight,534870,213090,-0.045456,E01023484,1,2,0,0,Dry,Single carriageway,None,30,15:20:00,Urban,Fine no high winds,No,16 - 20,11,Urban area,10,1988,None,None,Other/Not known (2005-10),Cleared junction or waiting/parked at junction exit,LEXUS,IS200 SPORT,Petrol,Male,None,No tow/articulation,Did not leave carriageway,0,Reversing,1,Car,No,Back,2010
20104100B0488,Unclassified,564,NA,,Slight,None,06-08-2010,Friday,1,Give way or uncontrolled,Private drive or entrance,51.799099,Daylight,525480,212730,-0.181689,E01023912,3,3,0,8,Dry,Single carriageway,None,40,20:45:00,Urban,Fine no high winds,No,16 - 20,11,Urban area,5,973,None,None,Other/Not known (2005-10),Approaching junction or waiting/parked at junction approach,VAUXHALL,CORSA CLUB 12V,Petrol,Male,None,No tow/articulation,Did not leave carriageway,0,Going ahead other,1,Car,No,Front,2010
20104100D0597,A,4147,C,79,Slight,None,10-08-2010,Tuesday,1,Give way or uncontrolled,Crossroads,51.741898,Daylight,510760,206020,-0.397202,E01023722,1,3,0,0,Wet or damp,Single carriageway,None,60,20:06:00,Rural,Fine no high winds,No,16 - 20,11,Urban area,8,1762,None,None,Other/Not known (2005-10),Mid Junction - on roundabout or on main road,TOYOTA,AVENSIS SE AUTO,Petrol,Male,None,No tow/articulation,Did not leave carriageway,0,Going ahead other,3,Car,No,Back,2010
20104100F0297,A,405,A,405,Slight,None,17-04-2010,Saturday,1,Give way or uncontrolled,Roundabout,51.715362,Daylight,512680,203110,-0.370347,E01023732,1,2,0,0,Dry,Dual carriageway,None,70,15:55:00,Rural,Fine no high winds,No,16 - 20,11,Urban area,10,1400,None,None,Other/Not known (2005-10),Approaching junction or waiting/parked at junction approach,VOLKSWAGEN,LUPO S,Petrol,Male,None,No tow/articulation,Did not leave carriageway,0,Slowing or stopping,1,Car,No,Front,2010
20104100F0671,A,1057,Unclassified,77,Slight,None,20-09-2010,Monday,1,Give way or uncontrolled,Mini-roundabout,51.75294,Daylight,517020,207390,-0.306115,E01023664,2,2,0,0,Dry,Roundabout,None,30,16:30:00,Urban,Fine no high winds,No,16 - 20,11,Urban area,8,1108,Bollard or refuge,None,Other/Not known (2005-10),Mid Junction - on roundabout or on main road,FIAT,SEICENTO SPORTING,Petrol,Male,None,No tow/articulation,Did not leave carriageway,0,Going ahead right-hand bend,1,Car,No,Nearside,2010
20104100J0198,B,556,NA,,Slight,None,19-04-2010,Monday,2,Give way or uncontrolled,Private drive or entrance,51.696735,Daylight,522240,201260,-0.23268,E01023584,1,2,0,0,Dry,Single carriageway,None,30,16:00:00,Rural,Fine no high winds,No,16 - 20,11,Urban area,2,1905,None,None,Other/Not known (2005-10),Approaching junction or waiting/parked at junction approach,FIAT,DUCATO 10 D SWB,Heavy oil,Male,None,No tow/articulation,Did not leave carriageway,0,Turning right,1,Van / Goods 3.5 tonnes mgw or under,No,Front,2010
20104100T3112,Motorway,25,Motorway,25,Slight,None,15-05-2010,Saturday,1,Give way or uncontrolled,Slip road,51.715109,Daylight,519550,203240,-0.270905,E01023583,2,2,0,0,Dry,Dual carriageway,None,70,12:30:00,Rural,Fine no high winds,No,16 - 20,11,Urban area,5,1598,None,None,Other/Not known (2005-10),Approaching junction or waiting/parked at junction approach,VAUXHALL,ASTRA CLUB 16V,Petrol,Male,None,No tow/articulation,Did not leave carriageway,0,Going ahead other,1,Car,No,Front,2010
201042I111104,A,1016,Unclassified,0,Slight,None,15-04-2010,Thursday,2,Auto traffic signal,Crossroads,51.726698,Daylight,569460,205960,0.452266,E01021631,1,2,0,4,Dry,Single carriageway,None,30,12:30:00,Urban,Fine no high winds,No,16 - 20,11,Urban area,9,1997,None,None,Commuting to/from work,Approaching junction or waiting/parked at junction approach,PEUGEOT,306 MERIDIAN HDI (90),Heavy oil,Male,None,No tow/articulation,Did not leave carriageway,0,Waiting to go - held up,2,Car,No,Back,2010
201042I214007,A,1114,NA,0,Slight,None,06-07-2010,Tuesday,1,Not at junction or within 20 metres,Not at junction or within 20 metres,51.707851,Daylight,573810,204010,0.514215,E01021561,1,2,0,0,Dry,Dual carriageway,Auto traffic signal - out,70,13:00:00,Rural,Fine no high winds,No,16 - 20,11,Urban area,3,1598,Bollard or refuge,Central crash barrier,Journey as part of work,Not at or within 20 metres of junction,VAUXHALL,TIGRA CHEQUERS,Petrol,Male,Skidded,No tow/articulation,Did not leave carriageway,0,Going ahead other,1,Car,No,Offside,2010
201042I214407,Unclassified,0,NA,0,Slight,None,05-07-2010,Monday,1,Not at junction or within 20 metres,Not at junction or within 20 metres,51.730505,Daylight,569050,206370,0.446534,E01021631,1,2,0,0,Dry,Single carriageway,None,30,18:41:00,Urban,Fine no high winds,No,16 - 20,11,Urban area,10,1299,None,None,Other/Not known (2005-10),Not at or within 20 metres of junction,FORD,KA 2,Petrol,Male,None,No tow/articulation,Did not leave carriageway,0,Going ahead other,2,Car,No,Did not impact,2010
201042I229007,Unclassified,0,NA,0,Slight,None,16-07-2010,Friday,1,Not at junction or within 20 metres,Not at junction or within 20 metres,51.543493,Daylight,594650,186470,0.805731,E01021921,1,2,0,0,Dry,Single carriageway,None,60,11:40:00,Rural,Fine no high winds,No,16 - 20,11,Urban area,6,1587,Parked vehicle,None,Other/Not known (2005-10),Not at or within 20 metres of junction,CITROEN,SAXO VTR,Petrol,Male,Skidded,No tow/articulation,Nearside,0,Going ahead other,1,Car,No,Offside,2010
201042I382111,Unclassified,0,NA,0,Slight,None,21-11-2010,Sunday,1,Not at junction or within 20 metres,Not at junction or within 20 metres,51.603658,Daylight,559190,191930,0.297309,E01021472,1,2,0,0,Dry,Single carriageway,None,30,09:52:00,Urban,Fine no high winds,No,16 - 20,11,Urban area,10,1199,None,None,Other/Not known (2005-10),Not at or within 20 metres of junction,VAUXHALL,CORSA CLUB 16V,Petrol,Male,None,No tow/articulation,Did not leave carriageway,0,Turning right,1,Car,No,Offside,2010
201042I387711,A,127,NA,0,Slight,None,16-11-2010,Tuesday,1,Not at junction or within 20 metres,Not at junction or within 20 metres,51.57667,Daylight,580490,189640,0.603384,E01021965,3,4,0,0,Wet or damp,Dual carriageway,None,50,08:25:00,Urban,Fine no high winds,No,16 - 20,11,Urban area,1,1390,None,None,Other/Not known (2005-10),Not at or within 20 metres of junction,RENAULT,CLIO ALIZE,Petrol,Male,None,No tow/articulation,Did not leave carriageway,0,Going ahead other,2,Car,No,Did not impact,2010
201043N019070,Unclassified,63,Unclassified,408,Slight,None,01-07-2010,Thursday,3,Give way or uncontrolled,T or staggered junction,51.67795,Daylight,499460,198670,-0.562905,E01017740,1,2,0,0,Dry,Dual carriageway,None,50,18:15:00,Rural,Fine no high winds,No,16 - 20,11,Urban area,4,1396,None,None,Other/Not known (2005-10),Entering main road,HONDA,CIVIC 1.4I SPORT,Petrol,Male,None,No tow/articulation,Did not leave carriageway,0,Moving off,2,Car,No,Offside,2010
201043N060060,Unclassified,4809,Unclassified,3121,Slight,None,10-06-2010,Thursday,1,Give way or uncontrolled,T or staggered junction,51.631098,Daylight,485940,193210,-0.759734,E01017837,2,2,0,1,Dry,Single carriageway,None,30,16:47:00,Urban,Fine no high winds,No,16 - 20,11,Urban area,3,1242,None,None,Other/Not known (2005-10),Leaving main road,FIAT,PUNTO SX 60,Petrol,Male,None,No tow/articulation,Did not leave carriageway,0,Turning right,1,Car,No,Front,2010
201043N207030,Unclassified,408,NA,0,Slight,None,25-03-2010,Thursday,1,Data missing or out of range,Not at junction or within 20 metres,51.671354,Daylight,499150,197930,-0.567597,E01017775,3,2,0,0,Dry,Single carriageway,None,30,13:43:00,Urban,Fine no high winds,No,16 - 20,11,Data missing or out of range,NA,1332,None,None,Other/Not known (2005-10),Not at or within 20 metres of junction,TOYOTA,COROLLA G6,Petrol,Male,None,No tow/articulation,Did not leave carriageway,0,Going ahead other,2,Car,No,Front,2010
201043P284070,A,361,A,3400,Slight,None,28-07-2010,Wednesday,1,Give way or uncontrolled,Roundabout,51.951742,Daylight,432730,228250,-1.525175,E01028795,1,2,0,0,Dry,Roundabout,None,60,06:45:00,Rural,Fine no high winds,No,16 - 20,11,Small town,10,1360,Central island of roundabout,Road sign or traffic signal,Commuting to/from work,Entering roundabout,PEUGEOT,306 LX,Petrol,Male,None,No tow/articulation,Straight ahead at junction,0,Slowing or stopping,1,Car,No,Offside,2010
201043R024090,Unclassified,7417,NA,0,Slight,Other object on road,02-09-2010,Thursday,1,Data missing or out of range,Not at junction or within 20 metres,51.507779,Daylight,487010,179510,-0.747668,E01016559,2,2,0,0,Dry,Single carriageway,None,30,08:06:00,Urban,Fine no high winds,No,16 - 20,11,Urban area,10,1124,None,None,Other/Not known (2005-10),Not at or within 20 metres of junction,PEUGEOT,106 XN ZEST 2,Petrol,Male,None,No tow/articulation,Did not leave carriageway,0,Overtaking static vehicle - offside,1,Car,No,Front,2010
201043R069040,Unclassified,7408,NA,0,Slight,None,10-04-2010,Saturday,1,Data missing or out of range,Not at junction or within 20 metres,51.512694,Daylight,488360,180080,-0.728078,E01016592,1,2,0,0,Dry,Single carriageway,None,30,08:48:00,Urban,Fine no high winds,No,16 - 20,11,Urban area,10,49,None,None,Journey as part of work,Not at or within 20 metres of junction,APRILIA,,Petrol,Male,None,No tow/articulation,Did not leave carriageway,0,Overtaking static vehicle - offside,1,Motorcycle 50cc and under,No,Nearside,2010
201043R121090,Unclassified,7301,Unclassified,7301,Slight,None,15-09-2010,Wednesday,1,Give way or uncontrolled,T or staggered junction,51.535486,Daylight,494720,182730,-0.635741,E01016454,1,2,0,0,Dry,Single carriageway,None,30,07:53:00,Urban,Fine no high winds,No,16 - 20,11,Urban area,4,1360,None,None,Journey as part of work,Approaching junction or waiting/parked at junction approach,CITROEN,SAXO WEST COAST,Petrol,Male,Skidded,No tow/articulation,Did not leave carriageway,0,Turning right,1,Car,No,Front,2010
201043R122090,A,4,Unclassified,7302,Slight,None,14-09-2010,Tuesday,1,Give way or uncontrolled,T or staggered junction,51.510321,Daylight,497340,179980,-0.598737,E01016466,1,2,0,1,Dry,Dual carriageway,None,40,14:30:00,Urban,Fine no high winds,No,16 - 20,11,Urban area,10,1905,None,None,Other/Not known (2005-10),Approaching junction or waiting/parked at junction approach,PEUGEOT,306 L DT,Heavy oil,Male,None,No tow/articulation,Did not leave carriageway,0,Slowing or stopping,1,Car,No,Front,2010
201043R187070,A,322,A,3095,Slight,None,31-07-2010,Saturday,1,Auto traffic signal,Roundabout,51.412508,Daylight,486300,168900,-0.760482,E01016249,1,1,0,0,Dry,Dual carriageway,None,60,18:00:00,Urban,Fine no high winds,No,16 - 20,11,Urban area,6,1199,None,Central crash barrier,Commuting to/from work,Leaving roundabout,VAUXHALL,CORSA CLUB 16V,Petrol,Male,Skidded,No tow/articulation,Offside on to centrl res + rebounded,0,Turning right,1,Car,No,Front,2010
201043R215100,A,3095,B,3430,Slight,None,27-10-2010,Wednesday,1,Give way or uncontrolled,Roundabout,51.38691,Daylight,485560,166040,-0.771809,E01016207,2,2,0,0,Dry,Roundabout,None,70,14:20:00,Rural,Fine no high winds,No,16 - 20,11,Urban area,10,1360,None,None,Other/Not known (2005-10),Mid Junction - on roundabout or on main road,CITROEN,SAXO WEST COAST,Petrol,Male,None,No tow/articulation,Did not leave carriageway,0,Turning left,1,Car,No,Nearside,2010
201043R235110,Unclassified,7303,NA,0,Slight,None,24-11-2010,Wednesday,1,Data missing or out of range,Not at junction or within 20 metres,51.518029,Daylight,499020,180870,-0.574286,E01016517,1,2,0,0,Dry,Single carriageway,None,30,13:05:00,Urban,Fine no high winds,No,16 - 20,11,Data missing or out of range,NA,1900,None,None,Other/Not known (2005-10),Not at or within 20 metres of junction,VOLKSWAGEN,GOLF GT TDI,Heavy oil,Male,Skidded,No tow/articulation,Did not leave carriageway,0,Slowing or stopping,1,Car,No,Front,2010