Accident_Index,1st_Road_Class,1st_Road_Number,2nd_Road_Class,2nd_Road_Number,Accident_Severity,Carriageway_Hazards,Date,Day_of_Week,Did_Police_Officer_Attend_Scene_of_Accident,Junction_Control,Junction_Detail,Latitude,Light_Conditions,Location_Easting_OSGR,Location_Northing_OSGR,Longitude,LSOA_of_Accident_Location,Number_of_Casualties,Number_of_Vehicles,Pedestrian_Crossing-Human_Control,Pedestrian_Crossing-Physical_Facilities,Road_Surface_Conditions,Road_Type,Special_Conditions_at_Site,Speed_limit,Time,Urban_or_Rural_Area,Weather_Conditions,InScotland,Age_Band_of_Driver,Age_of_Vehicle,Driver_Home_Area_Type,Driver_IMD_Decile,Engine_Capacity_.CC.,Hit_Object_in_Carriageway,Hit_Object_off_Carriageway,Journey_Purpose_of_Driver,Junction_Location,make,model,Propulsion_Code,Sex_of_Driver,Skidding_and_Overturning,Towing_and_Articulation,Vehicle_Leaving_Carriageway,Vehicle_Location.Restricted_Lane,Vehicle_Manoeuvre,Vehicle_Reference,Vehicle_Type,Was_Vehicle_Left_Hand_Drive,X1st_Point_of_Impact,Year
201043S048030,C,157,C,8206,Slight,None,14-03-2010,Sunday,1,Auto traffic signal,Crossroads,52.040666,Daylight,485170,238760,-0.759656,E01016730,1,1,0,0,Dry,Dual carriageway,None,30,16:15:00,Urban,Fine no high winds,No,16 - 20,11,Rural,7,498,None,None,Other/Not known (2005-10),Approaching junction or waiting/parked at junction approach,KAWASAKI,ER500-A3,Petrol,Male,None,No tow/articulation,Did not leave carriageway,0,Turning left,1,Motorcycle over 125cc and up to 500cc,No,Did not impact,2010
201043S100050,Unclassified,1069,NA,0,Slight,None,24-05-2010,Monday,1,Data missing or out of range,Not at junction or within 20 metres,52.035299,Daylight,488450,238220,-0.711987,E01016782,1,2,0,0,Dry,Single carriageway,None,30,15:53:00,Rural,Fine no high winds,No,16 - 20,11,Data missing or out of range,NA,1299,None,Road sign or traffic signal,Other/Not known (2005-10),Not at or within 20 metres of junction,FORD,KA,Petrol,Male,Skidded,No tow/articulation,Nearside,9,Going ahead other,1,Car,No,Front,2010
201043S104010,Motorway,1,NA,0,Slight,None,28-01-2010,Thursday,1,Data missing or out of range,Not at junction or within 20 metres,52.051573,Daylight,490650,240070,-0.679434,E01016785,1,1,0,0,Dry,Dual carriageway,None,70,13:30:00,Rural,Fine no high winds,No,16 - 20,11,Urban area,1,998,None,Entered ditch,Other/Not known (2005-10),Not at or within 20 metres of junction,TOYOTA,YARIS GS,Petrol,Male,Skidded and overturned,No tow/articulation,Nearside,0,Going ahead other,1,Car,No,Front,2010
201043W022030,Unclassified,7201,Unclassified,7201,Slight,None,02-03-2010,Tuesday,2,Give way or uncontrolled,Mini-roundabout,51.458697,Daylight,470150,173790,-0.991695,E01016359,1,2,0,0,Wet or damp,Single carriageway,None,30,07:50:00,Urban,Fine no high winds,No,16 - 20,11,Urban area,2,2793,None,Other permanent object,Commuting to/from work,Entering roundabout,BMW,328I CABRIO AUTO,Petrol,Male,None,No tow/articulation,Did not leave carriageway,2,Turning left,1,Car,No,Front,2010
201043W183030,A,4,NA,0,Slight,None,15-03-2010,Monday,1,Data missing or out of range,Not at junction or within 20 metres,51.411031,Daylight,443320,168190,-1.378528,E01016326,1,1,0,0,Dry,Single carriageway,Mud,60,14:40:00,Rural,Fine no high winds,No,16 - 20,11,Urban area,9,645,None,None,Other/Not known (2005-10),Not at or within 20 metres of junction,SUZUKI,SV 650 SX,Petrol,Male,Skidded,No tow/articulation,Nearside,9,Going ahead other,1,Motorcycle over 500cc,No,Did not impact,2010
201045EL54143,A,245,B,366,Slight,None,07-09-2010,Tuesday,2,Give way or uncontrolled,T or staggered junction,51.338968,Daylight,507920,161130,-0.452072,E01030346,2,2,0,0,Dry,Single carriageway,None,60,08:30:00,Rural,Fine no high winds,No,16 - 20,11,Urban area,9,1390,None,None,Taking pupil to/from school,Approaching junction or waiting/parked at junction approach,VOLKSWAGEN,LUPO S,Petrol,Male,None,No tow/articulation,Offside,0,Going ahead other,1,Car,No,Did not impact,2010
201045EP50352,B,2200,Unclassified,0,Slight,None,12-05-2010,Wednesday,1,Give way or uncontrolled,Roundabout,51.349881,Daylight,521130,162640,-0.262,E01030415,1,2,0,0,Dry,Roundabout,None,30,19:16:00,Urban,Fine no high winds,No,16 - 20,11,Urban area,6,1242,None,None,Other/Not known (2005-10),Entering roundabout,FIAT,PUNTO SX 85,Petrol,Male,None,No tow/articulation,Did not leave carriageway,0,Moving off,1,Car,No,Front,2010
201045GU51787,Unclassified,4004,Unclassified,0,Slight,None,21-06-2010,Monday,1,Give way or uncontrolled,Other junction,51.236313,Daylight,499530,149540,-0.575706,E01030452,1,1,0,0,Dry,One way street,None,20,12:45:00,Urban,Fine no high winds,No,16 - 20,11,Rural,6,1397,None,None,Other/Not known (2005-10),Approaching junction or waiting/parked at junction approach,MERCEDES,A140 CLASSIC,Petrol,Male,None,No tow/articulation,Did not leave carriageway,0,Reversing,1,Car,No,Offside,2010
201045GU55916,A,3,NA,0,Slight,None,08-11-2010,Monday,1,Data missing or out of range,Not at junction or within 20 metres,51.264987,Daylight,501580,152770,-0.545436,E01030434,4,2,0,0,Wet or damp,Dual carriageway,None,70,15:11:00,Urban,Fine no high winds,No,16 - 20,11,Urban area,6,1598,None,None,Other/Not known (2005-10),Not at or within 20 metres of junction,RENAULT,MEGANE RT AUTO,Petrol,Male,None,No tow/articulation,Did not leave carriageway,0,Going ahead other,2,Car,No,Front,2010
201045RE52319,C,226,Unclassified,1192,Slight,None,11-07-2010,Sunday,1,Give way or uncontrolled,T or staggered junction,51.226704,Daylight,527120,149080,-0.180854,E01030593,1,2,0,0,Wet or damp,Single carriageway,None,30,09:10:00,Rural,Fine no high winds,No,16 - 20,11,Urban area,7,1360,None,None,Other/Not known (2005-10),Cleared junction or waiting/parked at junction exit,CITROEN,SAXO WEST COAST,Petrol,Male,None,No tow/articulation,Did not leave carriageway,0,Turning right,1,Car,No,Offside,2010
201045RU50914,Unclassified,3008,Unclassified,0,Slight,None,04-05-2010,Tuesday,2,Give way or uncontrolled,Crossroads,51.389056,Daylight,503460,166610,-0.514484,E01030657,2,2,0,0,Dry,One way street,None,30,19:00:00,Urban,Fine no high winds,No,16 - 20,11,Urban area,4,999,None,None,Other/Not known (2005-10),Approaching junction or waiting/parked at junction approach,HYUNDAI,ATOZ+,Petrol,Male,None,No tow/articulation,Did not leave carriageway,0,Slowing or stopping,1,Car,No,Did not impact,2010
201050AH3T006,C,742,Unclassified,0,Slight,None,22-06-2010,Tuesday,1,Give way or uncontrolled,T or staggered junction,50.157954,Daylight,178320,33280,-5.104985,E01018900,2,2,0,0,Dry,Single carriageway,None,30,21:14:00,Rural,Fine no high winds,No,16 - 20,11,Urban area,10,1124,None,None,Other/Not known (2005-10),Approaching junction or waiting/parked at junction approach,CITROEN,SAXO EAST COAST,Petrol,Male,None,No tow/articulation,Did not leave carriageway,0,Reversing,1,Car,No,Back,2010
201050CB2E007,Unclassified,0,NA,0,Slight,None,08-07-2010,Thursday,2,Not at junction or within 20 metres,Not at junction or within 20 metres,51.03124,Daylight,253870,127840,-4.085398,E01020122,2,1,0,0,Dry,Single carriageway,None,30,21:30:00,Rural,Fine no high winds,No,16 - 20,11,Urban area,8,1124,None,None,Other/Not known (2005-10),Not at or within 20 metres of junction,PEUGEOT,106 XN ZEST 2,Petrol,Male,Skidded and overturned,No tow/articulation,Did not leave carriageway,0,Going ahead other,1,Car,No,Did not impact,2010
201050GN2D004,A,3058,A,3059,Slight,None,18-04-2010,Sunday,1,Give way or uncontrolled,T or staggered junction,50.416521,Daylight,183930,61840,-5.042887,E01019049,3,2,0,0,Dry,Single carriageway,None,30,18:34:00,Urban,Fine no high winds,No,16 - 20,11,Data missing or out of range,NA,1332,None,None,Other/Not known (2005-10),Approaching junction or waiting/parked at junction approach,TOYOTA,COROLLA S,Petrol,Male,None,No tow/articulation,Did not leave carriageway,0,Going ahead other,2,Car,No,Nearside,2010
201050JS2J001,B,3253,NA,0,Slight,None,07-02-2010,Sunday,1,Not at junction or within 20 metres,Not at junction or within 20 metres,50.390923,Daylight,228000,57370,-4.421152,E01018759,1,1,0,0,Wet or damp,Single carriageway,None,50,21:05:00,Rural,Fine no high winds,No,16 - 20,11,Rural,4,1124,None,None,Other/Not known (2005-10),Not at or within 20 metres of junction,PEUGEOT,206 L,Petrol,Male,None,No tow/articulation,Did not leave carriageway,0,Going ahead right-hand bend,1,Car,No,Front,2010
201050KC2R006,A,377,Unclassified,0,Slight,None,09-06-2010,Wednesday,2,Give way or uncontrolled,T or staggered junction,50.799005,Daylight,280420,101320,-3.698259,E01020083,4,2,0,0,Dry,Single carriageway,None,60,08:02:00,Rural,Fine no high winds,No,16 - 20,11,Data missing or out of range,NA,1997,None,None,Other/Not known (2005-10),Leaving main road,PEUGEOT,306 GLX HDI,Heavy oil,Male,None,No tow/articulation,Did not leave carriageway,0,Going ahead other,1,Car,No,Front,2010
201050KE3M010,B,3197,B,3180,Slight,None,16-10-2010,Saturday,1,Stop sign,Crossroads,50.669023,Daylight,303110,86390,-3.372463,E01019964,1,2,0,0,Dry,Single carriageway,Mud,60,11:10:00,Rural,Fine no high winds,No,16 - 20,11,Urban area,10,599,None,None,Other/Not known (2005-10),Approaching junction or waiting/parked at junction approach,SUZUKI,GSF 600 X,Petrol,Male,Skidded,No tow/articulation,Did not leave carriageway,0,Slowing or stopping,1,Motorcycle over 500cc,No,Front,2010
201054DN18010,Unclassified,0,NA,0,Slight,None,22-06-2010,Tuesday,1,Not at junction or within 20 metres,Not at junction or within 20 metres,51.602901,Daylight,412210,189360,-1.825112,E01015470,1,2,0,0,Dry,Single carriageway,None,30,18:59:00,Rural,Fine no high winds,No,16 - 20,11,Small town,10,49,None,None,Other/Not known (2005-10),Not at or within 20 metres of junction,APRILIA,,Petrol,Male,Skidded,No tow/articulation,Did not leave carriageway,0,Going ahead other,1,Motorcycle 50cc and under,No,Front,2010
201054EO18510,A,3102,Motorway,4,Slight,None,24-06-2010,Thursday,1,Give way or uncontrolled,Roundabout,51.544227,Daylight,410160,182830,-1.854898,E01031961,1,2,0,0,Dry,Roundabout,None,40,12:10:00,Rural,Fine no high winds,No,16 - 20,11,Small town,6,600,None,None,Other/Not known (2005-10),Leaving roundabout,SUZUKI,GSX R600X,Petrol,Male,None,No tow/articulation,Did not leave carriageway,0,Changing lane to left,1,Motorcycle over 500cc,No,Nearside,2010
201054EY34610,B,4040,NA,0,Slight,None,02-10-2010,Saturday,1,Not at junction or within 20 metres,Not at junction or within 20 metres,51.588118,Daylight,390770,187710,-2.13464,E01031948,1,1,0,0,Dry,Single carriageway,None,60,14:58:00,Rural,Fine no high winds,No,16 - 20,11,Rural,9,1994,None,Other permanent object,Commuting to/from work,Not at or within 20 metres of junction,SUBARU,LEGACY GL CLASSIC AWD,Petrol,Male,Skidded and overturned,No tow/articulation,Offside,0,Going ahead other,1,Car,No,Nearside,2010
20105500D0855,C,85,NA,0,Slight,None,05-03-2010,Friday,1,Not at junction or within 20 metres,Not at junction or within 20 metres,50.802643,Daylight,400390,100350,-1.995853,E01020428,3,2,0,0,Frost or ice,Single carriageway,Road sign or marking defective or obscured,60,10:29:00,Urban,Fine no high winds,No,16 - 20,11,Urban area,4,1870,None,None,Journey as part of work,Not at or within 20 metres of junction,RENAULT,KANGOO 865 1.9D,Heavy oil,Male,Skidded,No tow/articulation,Did not leave carriageway,0,Going ahead left-hand bend,1,Van / Goods 3.5 tonnes mgw or under,No,Front,2010
2010550C51301,A,347,C,312,Slight,None,20-11-2010,Saturday,1,Auto traffic signal,T or staggered junction,50.749981,Daylight,408090,94500,-1.88671,E01015358,1,2,0,0,Wet or damp,Single carriageway,None,30,11:30:00,Urban,Fine no high winds,No,16 - 20,11,Urban area,7,1390,None,None,Other/Not known (2005-10),Mid Junction - on roundabout or on main road,VOLKSWAGEN,POLO 1.4 CL,Petrol,Male,None,No tow/articulation,Did not leave carriageway,0,Turning right,2,Car,No,Front,2010
2010550C52264,C,318,Unclassified,0,Slight,None,26-11-2010,Friday,1,Give way or uncontrolled,T or staggered junction,50.751964,Daylight,407710,94720,-1.892092,E01015358,1,2,0,4,Dry,Single carriageway,None,30,09:30:00,Urban,Fine no high winds,No,16 - 20,11,Urban area,3,49,None,None,Pupil riding to/from school,Approaching junction or waiting/parked at junction approach,PEUGEOT,VIVACITY 50,Petrol,Male,None,No tow/articulation,Did not leave carriageway,0,Overtaking static vehicle - offside,1,Motorcycle 50cc and under,No,Front,2010
2010550D14700,Unclassified,0,NA,0,Slight,None,12-03-2010,Friday,1,Not at junction or within 20 metres,Not at junction or within 20 metres,50.731711,Daylight,333260,92890,-2.947067,E01020532,1,2,0,0,Dry,Single carriageway,None,30,15:45:00,Rural,Fine no high winds,No,16 - 20,11,Small town,6,1360,None,None,Other/Not known (2005-10),Not at or within 20 metres of junction,PEUGEOT,306 LX,Petrol,Male,Skidded,No tow/articulation,Did not leave carriageway,0,Going ahead left-hand bend,2,Car,No,Offside,2010
2010550D26686,A,35,NA,0,Slight,None,24-06-2010,Thursday,1,Not at junction or within 20 metres,Not at junction or within 20 metres,50.74227,Daylight,388220,93650,-2.16834,E01020465,4,2,0,0,Dry,Single carriageway,None,60,21:00:00,Rural,Fine no high winds,No,16 - 20,11,Small town,5,1275,None,None,Other/Not known (2005-10),Not at or within 20 metres of junction,NISSAN,MICRA ALLY,Petrol,Male,Skidded,No tow/articulation,Did not leave carriageway,0,Going ahead left-hand bend,1,Car,No,Front,2010
2010550D43568,Unclassified,0,Unclassified,0,Slight,None,04-10-2010,Monday,1,Give way or uncontrolled,Private drive or entrance,50.614657,Daylight,365530,79560,-2.488593,E01020514,2,2,0,0,Dry,Single carriageway,None,30,12:27:00,Urban,Fine no high winds,No,16 - 20,11,Small town,8,1587,None,None,Other/Not known (2005-10),Approaching junction or waiting/parked at junction approach,CITROEN,SAXO VTR,Petrol,Male,None,No tow/articulation,Did not leave carriageway,0,Going ahead other,2,Car,No,Front,2010
201060L033613,Unclassified,0,Unclassified,0,Slight,None,27-02-2010,Saturday,1,Give way or uncontrolled,T or staggered junction,53.291761,Daylight,287590,378530,-3.687913,W01000128,2,2,0,0,Dry,Single carriageway,None,30,08:48:00,Urban,Fine no high winds,No,16 - 20,11,Urban area,NA,1389,None,None,Pupil riding to/from school,Approaching junction or waiting/parked at junction approach,VAUXHALL,CORSA SPORT 1.4I,Petrol,Male,None,No tow/articulation,Did not leave carriageway,0,Turning right,1,Car,No,Front,2010
201060L160602,A,496,Unclassified,0,Slight,None,28-08-2010,Saturday,1,Give way or uncontrolled,Private drive or entrance,52.825158,Daylight,258300,327370,-4.104522,W01000079,2,2,0,0,Wet or damp,Single carriageway,None,30,17:10:00,Rural,Fine no high winds,No,16 - 20,11,Rural,NA,999,None,None,Commuting to/from work,Approaching junction or waiting/parked at junction approach,VOLKSWAGEN,POLO 1.0 L,Petrol,Male,None,No tow/articulation,Did not leave carriageway,0,Going ahead left-hand bend,1,Car,No,Front,2010
201060L173249,A,499,Unclassified,0,Slight,None,16-09-2010,Thursday,1,Give way or uncontrolled,T or staggered junction,53.080842,Daylight,245730,356220,-4.304666,W01000073,1,1,0,0,Dry,Single carriageway,None,60,08:50:00,Rural,Fine no high winds,No,16 - 20,11,Small town,NA,954,None,Other permanent object,Other/Not known (2005-10),Approaching junction or waiting/parked at junction approach,CITROEN,SAXO SPREE IV,Petrol,Male,None,No tow/articulation,Did not leave carriageway,0,Turning left,1,Car,No,Front,2010
201060L191482,Unclassified,0,NA,0,Slight,None,14-10-2010,Thursday,2,Data missing or out of range,Not at junction or within 20 metres,53.035932,Daylight,335150,349180,-2.968584,W01000423,1,2,0,0,Dry,Single carriageway,None,30,16:15:00,Urban,Fine no high winds,No,16 - 20,11,Urban area,NA,125,None,None,Other/Not known (2005-10),Not at or within 20 metres of junction,SUZUKI,,Petrol,Male,Skidded,No tow/articulation,Did not leave carriageway,0,Going ahead other,2,Motorcycle 125cc and under,No,Front,2010
201001KF60269,A,117,A,13,Slight,None,09-05-2010,Sunday,1,Auto traffic signal,Crossroads,51.520042,Daylight,542950,182140,0.058996,E01003482,1,2,0,5,Dry,Single carriageway,None,30,16:05:00,Urban,Fine no high winds,No,16 - 20,11,Urban area,1,899,None,None,Other/Not known (2005-10),Approaching junction or waiting/parked at junction approach,KAWASAKI,,Petrol,Male,None,No tow/articulation,Did not leave carriageway,0,Going ahead other,1,Motorcycle over 125cc and up to 500cc,No,Front,2010
201001KF60559,A,117,B,167,Slight,None,03-09-2010,Friday,1,Give way or uncontrolled,Slip road,51.527735,Daylight,542730,182990,0.056171,E01003527,1,1,0,0,Dry,Single carriageway,None,30,14:35:00,Urban,Fine no high winds,No,16 - 20,11,Urban area,2,1988,None,None,Other/Not known (2005-10),Cleared junction or waiting/parked at junction exit,LEXUS,IS200 SPORT,Petrol,Male,None,No tow/articulation,Did not leave carriageway,0,Turning right,1,Car,No,Front,2010
201001KF60582,A,13,A,406,Slight,None,09-09-2010,Thursday,1,Give way or uncontrolled,Slip road,51.525122,Daylight,543820,182730,0.071767,E01003535,5,2,0,0,Dry,Slip road,None,30,19:00:00,Urban,Fine no high winds,No,16 - 20,11,Small town,3,1390,None,None,Other/Not known (2005-10),Approaching junction or waiting/parked at junction approach,VOLKSWAGEN,LUPO E,Petrol,Male,None,No tow/articulation,Did not leave carriageway,0,Going ahead left-hand bend,2,Car,No,Front,2010
201001QA10418,Unclassified,0,A,409,Slight,None,18-10-2010,Monday,1,Give way or uncontrolled,T or staggered junction,51.597907,Daylight,515270,190100,-0.337158,E01002233,1,2,0,1,Dry,Single carriageway,None,30,16:55:00,Urban,Fine no high winds,No,16 - 20,11,Data missing or out of range,NA,1497,None,None,Other/Not known (2005-10),Cleared junction or waiting/parked at junction exit,NISSAN,,Petrol,Male,None,No tow/articulation,Did not leave carriageway,0,Slowing or stopping,1,Car,No,Front,2010
201001QK50247,C,0,Unclassified,0,Slight,None,07-05-2010,Friday,2,Give way or uncontrolled,T or staggered junction,51.532853,Daylight,523690,183060,-0.218128,E01000582,1,2,0,0,Dry,Single carriageway,None,30,08:20:00,Urban,Fine no high winds,No,16 - 20,11,Urban area,3,124,None,None,Other/Not known (2005-10),Mid Junction - on roundabout or on main road,PIAGGIO,VESPA ET4,Petrol,Male,None,No tow/articulation,Did not leave carriageway,0,Going ahead other,1,Motorcycle 50cc and under,No,Offside,2010
201001RG40084,A,205,Unclassified,0,Slight,None,12-02-2010,Friday,1,Give way or uncontrolled,T or staggered junction,51.455448,Daylight,541820,174920,0.039821,E01001620,1,2,0,0,Dry,Dual carriageway,None,30,16:44:00,Urban,Fine no high winds,No,16 - 20,11,Urban area,3,899,None,None,Other/Not known (2005-10),Approaching junction or waiting/parked at junction approach,KAWASAKI,ZX900-C2,Petrol,Male,None,No tow/articulation,Did not leave carriageway,0,Going ahead other,1,Motorcycle 125cc and under,No,Nearside,2010
201001RY10327,A,223,A,224,Slight,None,06-07-2010,Tuesday,1,Give way or uncontrolled,Roundabout,51.413404,Daylight,547070,170390,0.113451,E01000386,1,1,0,0,Dry,Roundabout,None,30,11:40:00,Rural,Fine no high winds,No,16 - 20,11,Urban area,2,1360,Kerb,None,Other/Not known (2005-10),Mid Junction - on roundabout or on main road,CITROEN,SAXO WEST COAST,Petrol,Male,None,No tow/articulation,Nearside,0,Going ahead right-hand bend,1,Car,No,Nearside,2010
201001RY10402,B,2214,NA,0,Slight,None,01-10-2010,Friday,1,Data missing or out of range,Not at junction or within 20 metres,51.437724,Daylight,545800,173060,0.096299,E01000463,1,2,0,0,Dry,Single carriageway,None,30,08:30:00,Urban,Fine no high winds,No,16 - 20,11,Data missing or out of range,NA,124,None,None,Commuting to/from work,Not at or within 20 metres of junction,SUZUKI,GN 125 X,Petrol,Male,None,No tow/articulation,Did not leave carriageway,0,Overtaking static vehicle - offside,2,Motorcycle 125cc and under,No,Nearside,2010
201001SX20226,A,5,NA,0,Slight,None,07-03-2010,Sunday,1,Data missing or out of range,Not at junction or within 20 metres,51.618711,Daylight,518530,192490,-0.289306,E01002112,1,2,0,1,Dry,Single carriageway,None,30,10:00:00,Urban,Fine no high winds,No,16 - 20,11,Urban area,2,1898,None,None,Other/Not known (2005-10),Not at or within 20 metres of junction,VOLKSWAGEN,PASSAT S TDI,Heavy oil,Male,None,No tow/articulation,Did not leave carriageway,0,Going ahead other,2,Car,No,Front,2010
201001SX20727,A,502,Unclassified,0,Slight,None,28-06-2010,Monday,1,Give way or uncontrolled,T or staggered junction,51.578744,Daylight,524250,188180,-0.208251,E01000218,2,2,0,0,Dry,Single carriageway,None,30,13:23:00,Urban,Fine no high winds,No,16 - 20,11,Urban area,3,2793,None,None,Other/Not known (2005-10),Mid Junction - on roundabout or on main road,BMW,328I CABRIO,Petrol,Male,None,No tow/articulation,Did not leave carriageway,0,Going ahead other,1,Car,No,Front,2010
201001SX20750,C,0,Unclassified,0,Slight,None,09-07-2010,Friday,1,Give way or uncontrolled,Crossroads,51.580169,Daylight,525930,188380,-0.183947,E01000207,1,2,0,0,Dry,Single carriageway,None,30,17:50:00,Urban,Fine no high winds,No,16 - 20,11,Urban area,8,899,None,None,Journey as part of work,Mid Junction - on roundabout or on main road,FIAT,SEICENTO SX,Petrol,Male,None,No tow/articulation,Did not leave carriageway,0,Going ahead other,2,Car,No,Front,2010
201001SX21293,A,1,NA,0,Slight,None,28-11-2010,Sunday,2,Data missing or out of range,Not at junction or within 20 metres,51.61523,Daylight,521790,192180,-0.242348,E01000258,1,2,0,0,Dry,Dual carriageway,None,40,13:50:00,Urban,Fine no high winds,No,16 - 20,11,Data missing or out of range,NA,973,None,None,Other/Not known (2005-10),Not at or within 20 metres of junction,VAUXHALL,CORSA CLUB 12V,Petrol,Male,None,No tow/articulation,Did not leave carriageway,0,Going ahead other,1,Car,No,Back,2010
201001SX21306,A,5,C,0,Slight,None,13-12-2010,Monday,1,Auto traffic signal,T or staggered junction,51.600676,Daylight,520090,190520,-0.267458,E01000129,2,1,0,5,Wet or damp,Single carriageway,None,30,16:20:00,Urban,Fine no high winds,No,16 - 20,11,Urban area,4,1597,None,None,Other/Not known (2005-10),Approaching junction or waiting/parked at junction approach,MITSUBISHI,COLT GLX AUTO,Petrol,Male,None,No tow/articulation,Did not leave carriageway,0,Going ahead other,1,Car,No,Front,2010
201001TX20293,A,312,Unclassified,0,Slight,None,17-05-2010,Monday,1,Give way or uncontrolled,T or staggered junction,51.443511,Daylight,511600,172840,-0.395584,E01002611,1,3,0,0,Dry,Single carriageway,None,30,08:00:00,Urban,Fine no high winds,No,16 - 20,11,Urban area,9,1390,None,None,Other/Not known (2005-10),Mid Junction - on roundabout or on main road,VOLKSWAGEN,POLO 1.4 CL,Petrol,Male,None,No tow/articulation,Did not leave carriageway,0,Waiting to go - held up,1,Car,No,Back,2010
201001XH30188,A,4020,Unclassified,0,Slight,None,15-03-2010,Monday,1,Give way or uncontrolled,Private drive or entrance,51.518055,Daylight,510520,181110,-0.408533,E01002508,1,2,0,0,Dry,Dual carriageway,None,40,09:04:00,Urban,Fine no high winds,No,16 - 20,11,Urban area,1,1868,None,None,Journey as part of work,Approaching junction or waiting/parked at junction approach,PEUGEOT,306 L D,Heavy oil,Male,None,No tow/articulation,Did not leave carriageway,0,Turning left,1,Car,No,Nearside,2010
201001XH30257,Unclassified,0,Unclassified,0,Slight,None,20-04-2010,Tuesday,1,Give way or uncontrolled,T or staggered junction,51.605484,Daylight,510650,190840,-0.4036,E01002483,1,2,0,0,Dry,Single carriageway,None,30,08:23:00,Urban,Fine no high winds,No,16 - 20,11,Urban area,5,973,None,None,Taking pupil to/from school,Mid Junction - on roundabout or on main road,VAUXHALL,CORSA GLS 12V,Petrol,Male,None,No tow/articulation,Did not leave carriageway,0,Turning right,1,Car,No,Nearside,2010
201001XH30713,Unclassified,0,Unclassified,0,Slight,None,19-10-2010,Tuesday,1,Auto traffic signal,T or staggered junction,51.546188,Daylight,505830,184140,-0.475191,E01002515,1,2,0,0,Dry,Single carriageway,None,30,10:00:00,Urban,Fine no high winds,No,16 - 20,11,Small town,9,1199,None,None,Other/Not known (2005-10),Mid Junction - on roundabout or on main road,VAUXHALL,CORSA CLUB 16V,Petrol,Male,None,No tow/articulation,Did not leave carriageway,0,Turning right,1,Car,No,Nearside,2010
201001YE80197,A,111,Unclassified,0,Slight,None,10-03-2010,Wednesday,1,Give way or uncontrolled,T or staggered junction,51.628107,Daylight,530500,193830,-0.116002,E01001531,1,2,0,0,Dry,Single carriageway,None,30,13:43:00,Urban,Fine no high winds,No,16 - 20,11,Data missing or out of range,NA,124,None,None,Other/Not known (2005-10),Mid Junction - on roundabout or on main road,HONDA,CG125,Petrol,Male,None,No tow/articulation,Did not leave carriageway,0,Overtaking - nearside,2,Motorcycle 125cc and under,No,Offside,2010
201001ZD30484,Unclassified,0,Unclassified,0,Slight,None,18-06-2010,Friday,1,Give way or uncontrolled,T or staggered junction,51.378476,Daylight,531960,166090,-0.105292,E01001013,2,2,0,0,Dry,Single carriageway,None,30,17:15:00,Urban,Fine no high winds,No,16 - 20,11,Urban area,3,1994,None,None,Other/Not known (2005-10),Mid Junction - on roundabout or on main road,ROVER,220 DI TURBO,Heavy oil,Male,None,No tow/articulation,Did not leave carriageway,0,Turning right,2,Car,No,Front,2010
201001ZD30876,Unclassified,0,NA,0,Slight,None,17-10-2010,Sunday,1,Data missing or out of range,Not at junction or within 20 metres,51.323352,Daylight,531330,159940,-0.116607,E01001067,1,2,0,0,Dry,Single carriageway,None,30,17:48:00,Urban,Fine no high winds,No,16 - 20,11,Urban area,2,973,None,None,Other/Not known (2005-10),Not at or within 20 metres of junction,VAUXHALL,CORSA CLUB 12V,Petrol,Male,None,No tow/articulation,Did not leave carriageway,0,Going ahead other,1,Car,No,Front,2010
201004AM10013,Unclassified,0,NA,0,Slight,None,16-02-2010,Tuesday,1,Data missing or out of range,Not at junction or within 20 metres,53.791698,Daylight,331070,433330,-3.047847,E01012753,1,2,0,0,Dry,Single carriageway,None,30,17:00:00,Urban,Fine no high winds,No,16 - 20,11,Urban area,1,1124,None,None,Other/Not known (2005-10),Not at or within 20 metres of junction,CITROEN,SAXO STATESIDE,Petrol,Male,None,No tow/articulation,Did not leave carriageway,0,Moving off,1,Car,No,Front,2010
201004AM10030,A,5230,NA,0,Slight,None,17-03-2010,Wednesday,1,Data missing or out of range,Not at junction or within 20 metres,53.784538,Daylight,333370,432500,-3.012759,E01012730,1,2,0,0,Dry,Dual carriageway,None,30,15:55:00,Urban,Fine no high winds,No,16 - 20,11,Urban area,1,1242,None,None,Commuting to/from work,Not at or within 20 metres of junction,FIAT,PUNTO S 60,Petrol,Male,None,No tow/articulation,Did not leave carriageway,0,Going ahead other,1,Car,No,Front,2010
201004CC10051,A,674,NA,0,Slight,None,18-06-2010,Friday,1,Data missing or out of range,Not at junction or within 20 metres,53.694569,Daylight,360670,422180,-2.597131,E01024979,1,1,0,0,Dry,Single carriageway,None,30,15:40:00,Rural,Fine no high winds,No,16 - 20,11,Urban area,1,49,None,None,Commuting to/from work,Not at or within 20 metres of junction,PIAGGIO,TYPHOON 50,Petrol,Male,None,No tow/articulation,Did not leave carriageway,0,Going ahead other,1,Motorcycle 50cc and under,No,Did not impact,2010