Accident_Index,1st_Road_Class,1st_Road_Number,2nd_Road_Class,2nd_Road_Number,Accident_Severity,Carriageway_Hazards,Date,Day_of_Week,Did_Police_Officer_Attend_Scene_of_Accident,Junction_Control,Junction_Detail,Latitude,Light_Conditions,Location_Easting_OSGR,Location_Northing_OSGR,Longitude,LSOA_of_Accident_Location,Number_of_Casualties,Number_of_Vehicles,Pedestrian_Crossing-Human_Control,Pedestrian_Crossing-Physical_Facilities,Road_Surface_Conditions,Road_Type,Special_Conditions_at_Site,Speed_limit,Time,Urban_or_Rural_Area,Weather_Conditions,InScotland,Age_Band_of_Driver,Age_of_Vehicle,Driver_Home_Area_Type,Driver_IMD_Decile,Engine_Capacity_.CC.,Hit_Object_in_Carriageway,Hit_Object_off_Carriageway,Journey_Purpose_of_Driver,Junction_Location,make,model,Propulsion_Code,Sex_of_Driver,Skidding_and_Overturning,Towing_and_Articulation,Vehicle_Leaving_Carriageway,Vehicle_Location.Restricted_Lane,Vehicle_Manoeuvre,Vehicle_Reference,Vehicle_Type,Was_Vehicle_Left_Hand_Drive,X1st_Point_of_Impact,Year
201004CC10114,A,675,Motorway,65,Slight,None,20-10-2010,Wednesday,1,Give way or uncontrolled,Roundabout,53.716576,Daylight,362950,424610,-2.562894,E01024921,1,2,0,0,Dry,Roundabout,None,30,15:30:00,Rural,Fine no high winds,No,16 - 20,11,Data missing or out of range,NA,2874,None,None,Other/Not known (2005-10),Approaching junction or waiting/parked at junction approach,MERCEDES,412D,Heavy oil,Male,None,No tow/articulation,Did not leave carriageway,0,Going ahead other,1,Minibus (8 - 16 passenger seats),No,Front,2010
201004DL10007,C,335,Unclassified,0,Slight,None,24-01-2010,Sunday,1,Give way or uncontrolled,Crossroads,53.76766,Daylight,353320,430380,-2.709678,E01025292,2,2,0,0,Wet or damp,Single carriageway,None,20,09:48:00,Urban,Fine no high winds,No,16 - 20,11,Urban area,9,1360,None,Other permanent object,Other/Not known (2005-10),Mid Junction - on roundabout or on main road,CITROEN,XSARA WEST COAST,Petrol,Male,None,No tow/articulation,Nearside,0,Going ahead other,2,Car,No,Offside,2010
201004EL10014,Unclassified,0,Unclassified,0,Slight,None,05-02-2010,Friday,1,Give way or uncontrolled,T or staggered junction,53.789847,Daylight,377380,432670,-2.344837,E01025033,1,2,0,0,Wet or damp,Single carriageway,None,30,16:00:00,Rural,Fine no high winds,No,16 - 20,11,Urban area,5,1896,None,None,Other/Not known (2005-10),Leaving main road,VOLKSWAGEN,BORA SPORT TDI,Heavy oil,Male,None,No tow/articulation,Did not leave carriageway,0,Turning right,1,Car,No,Back,2010
201004FA10066,Unclassified,0,Unclassified,0,Slight,None,19-06-2010,Saturday,1,Give way or uncontrolled,T or staggered junction,53.800189,Daylight,384920,433790,-2.230443,E01024856,3,2,0,0,Dry,Single carriageway,None,30,18:50:00,Urban,Fine no high winds,No,16 - 20,11,Urban area,3,1124,None,None,Other/Not known (2005-10),Entering main road,CITROEN,SAXO X,Petrol,Male,None,No tow/articulation,Did not leave carriageway,0,Turning left,1,Car,No,Front,2010
201004FG10015,Unclassified,0,Unclassified,0,Slight,None,13-02-2010,Saturday,1,Give way or uncontrolled,Crossroads,53.832495,Daylight,386330,437380,-2.209196,E01025189,1,2,0,0,Dry,Single carriageway,None,30,08:57:00,Urban,Fine no high winds,No,16 - 20,11,Urban area,1,1396,None,None,Other/Not known (2005-10),Mid Junction - on roundabout or on main road,HONDA,CIVIC 1.4I S,Petrol,Male,None,No tow/articulation,Did not leave carriageway,0,Turning left,1,Car,No,Front,2010
201005AA07155,Unclassified,0,Unclassified,0,Slight,None,12-10-2010,Tuesday,1,Give way or uncontrolled,T or staggered junction,53.34708,Daylight,333640,383820,-2.998305,E01007152,4,2,0,0,Dry,Single carriageway,None,30,17:30:00,Urban,Fine no high winds,No,16 - 20,11,Urban area,4,1299,None,None,Other/Not known (2005-10),Entering main road,FORD,KA,Petrol,Male,None,No tow/articulation,Did not leave carriageway,0,Going ahead other,1,Car,No,Back,2010
201005DD04200,Unclassified,0,Unclassified,0,Slight,None,07-07-2010,Wednesday,2,Give way or uncontrolled,T or staggered junction,53.477433,Daylight,356300,398060,-2.659924,E01006840,2,2,0,0,Dry,Single carriageway,None,30,15:05:00,Urban,Fine no high winds,No,16 - 20,11,Data missing or out of range,NA,1124,None,None,Journey as part of work,Mid Junction - on roundabout or on main road,CITROEN,SAXO X,Petrol,Male,None,No tow/articulation,Did not leave carriageway,0,Turning right,2,Car,No,Front,2010
201005DD04887,A,571,Unclassified,0,Slight,None,19-08-2010,Thursday,1,Give way or uncontrolled,T or staggered junction,53.475564,Daylight,352370,397890,-2.719109,E01006850,2,2,0,0,Wet or damp,Single carriageway,None,30,16:43:00,Rural,Fine no high winds,No,16 - 20,11,Urban area,4,1199,None,None,Other/Not known (2005-10),Approaching junction or waiting/parked at junction approach,VAUXHALL,CORSA CLUB 16V,Petrol,Male,None,No tow/articulation,Did not leave carriageway,0,Turning right,1,Car,No,Front,2010
201006C032740,A,5145,NA,0,Slight,None,13-06-2010,Sunday,1,Data missing or out of range,Not at junction or within 20 metres,53.432209,Daylight,382160,392860,-2.269989,E01005082,1,2,0,0,Dry,Single carriageway,None,30,14:39:00,Urban,Fine no high winds,No,16 - 20,11,Urban area,3,100,None,None,Other/Not known (2005-10),Not at or within 20 metres of junction,PEUGEOT,TREKKER 100,Petrol,Male,None,No tow/articulation,Did not leave carriageway,0,Going ahead other,2,Motorcycle 50cc and under,No,Nearside,2010
201006G035105,A,627,NA,0,Slight,None,15-08-2010,Sunday,1,Data missing or out of range,Not at junction or within 20 metres,53.476343,Daylight,393970,397740,-2.092327,E01006010,1,3,0,1,Dry,Single carriageway,None,30,16:25:00,Urban,Fine no high winds,No,16 - 20,11,Urban area,1,1124,None,None,Other/Not known (2005-10),Not at or within 20 metres of junction,CITROEN,SAXO EAST COAST,Petrol,Male,None,No tow/articulation,Did not leave carriageway,0,Going ahead other,2,Car,No,Back,2010
201006J028332,A,5145,NA,0,Slight,None,05-02-2010,Friday,1,Data missing or out of range,Not at junction or within 20 metres,53.412589,Daylight,387510,390660,-2.189377,E01005853,1,2,0,0,Dry,Single carriageway,None,30,11:15:00,Urban,Fine no high winds,No,16 - 20,11,Urban area,10,954,None,None,Other/Not known (2005-10),Not at or within 20 metres of junction,CITROEN,SAXO SPREE IV,Petrol,Male,None,No tow/articulation,Did not leave carriageway,0,Going ahead other,1,Car,No,Front,2010
201011SJ13990,A,167,Unclassified,0,Slight,None,18-06-2010,Friday,1,Give way or uncontrolled,T or staggered junction,54.530005,Daylight,429040,515060,-1.55277,E01012354,1,2,0,0,Dry,Single carriageway,None,30,19:59:00,Urban,Fine no high winds,No,16 - 20,11,Urban area,1,124,None,None,Other/Not known (2005-10),Mid Junction - on roundabout or on main road,SUZUKI,VL 125 Y,Petrol,Male,None,No tow/articulation,Did not leave carriageway,0,Overtaking moving vehicle - offside,1,Motorcycle 125cc and under,No,Nearside,2010
201014A026510,C,444,Unclassified,0,Slight,None,13-02-2010,Saturday,1,Give way or uncontrolled,T or staggered junction,53.521642,Daylight,457960,403130,-1.127248,E01007645,6,2,0,0,Dry,Single carriageway,None,30,01:12:00,Urban,Fine no high winds,No,16 - 20,11,Urban area,2,1360,None,None,Other/Not known (2005-10),Leaving main road,CITROEN,SAXO WEST COAST,Petrol,Male,None,No tow/articulation,Did not leave carriageway,0,Turning right,1,Car,No,Back,2010
201014A077510,Unclassified,0,NA,0,Slight,None,12-05-2010,Wednesday,1,Not at junction or within 20 metres,Not at junction or within 20 metres,53.493496,Daylight,456440,399980,-1.150738,E01007502,1,2,0,0,Dry,Single carriageway,None,30,20:20:00,Urban,Fine no high winds,No,16 - 20,11,Urban area,2,1124,None,None,Other/Not known (2005-10),Not at or within 20 metres of junction,CITROEN,SAXO EAST COAST,Petrol,Male,None,No tow/articulation,Did not leave carriageway,0,Going ahead right-hand bend,2,Car,No,Front,2010
201014B130210,Unclassified,0,NA,0,Slight,None,06-12-2010,Monday,1,Not at junction or within 20 metres,Not at junction or within 20 metres,53.485559,Daylight,432160,398870,-1.516811,E01007421,1,2,0,0,Snow,Single carriageway,None,60,11:30:00,Rural,Fine no high winds,No,16 - 20,11,Rural,7,954,None,None,Other/Not known (2005-10),Not at or within 20 metres of junction,CITROEN,SAXO SPREE IV,Petrol,Male,Skidded,No tow/articulation,Did not leave carriageway,0,Going ahead other,1,Car,No,Front,2010
201014C074510,B,6463,Unclassified,0,Slight,None,15-06-2010,Tuesday,1,Give way or uncontrolled,T or staggered junction,53.372416,Daylight,451300,386450,-1.230406,E01007789,3,2,0,0,Dry,Single carriageway,None,40,19:05:00,Urban,Fine no high winds,No,16 - 20,11,Urban area,2,1527,None,None,Other/Not known (2005-10),Approaching junction or waiting/parked at junction approach,PEUGEOT,106 XND ZEST 2,Heavy oil,Male,None,No tow/articulation,Did not leave carriageway,0,Waiting to turn right,1,Car,No,Front,2010
201014K058510,Unclassified,0,NA,0,Slight,None,24-02-2010,Wednesday,2,Not at junction or within 20 metres,Not at junction or within 20 metres,53.342336,Daylight,435570,382960,-1.467213,E01007827,1,2,0,0,Dry,Single carriageway,None,30,11:10:00,Urban,Fine no high winds,No,16 - 20,11,Urban area,2,2496,None,None,Other/Not known (2005-10),Not at or within 20 metres of junction,FORD,TRANSIT 190 DIESEL,Heavy oil,Male,None,No tow/articulation,Did not leave carriageway,0,Reversing,2,Van / Goods 3.5 tonnes mgw or under,No,Back,2010
201014K121310,C,410,Unclassified,0,Slight,None,01-05-2010,Saturday,1,Give way or uncontrolled,T or staggered junction,53.358468,Daylight,437560,384770,-1.437111,E01008102,1,2,0,4,Dry,Single carriageway,None,30,13:20:00,Urban,Fine no high winds,No,16 - 20,11,Urban area,6,1242,None,None,Other/Not known (2005-10),Cleared junction or waiting/parked at junction exit,FIAT,PUNTO SX 60,Petrol,Male,None,No tow/articulation,Did not leave carriageway,0,Slowing or stopping,1,Car,No,Front,2010
201014K126810,A,621,Unclassified,0,Slight,None,26-04-2010,Monday,1,Give way or uncontrolled,T or staggered junction,53.341322,Daylight,433190,382830,-1.502973,E01007932,1,3,0,0,Dry,Dual carriageway,None,30,20:30:00,Urban,Fine no high winds,No,16 - 20,11,Urban area,4,1590,None,None,Other/Not known (2005-10),Approaching junction or waiting/parked at junction approach,HONDA,CIVIC SE,Petrol,Male,None,No tow/articulation,Did not leave carriageway,0,Going ahead other,3,Car,No,Did not impact,2010
201014K148310,Unclassified,0,NA,0,Slight,None,24-05-2010,Monday,1,Not at junction or within 20 metres,Not at junction or within 20 metres,53.361589,Daylight,440340,385140,-1.395296,E01007967,1,1,0,0,Dry,Single carriageway,None,30,12:14:00,Urban,Fine no high winds,No,16 - 20,11,Urban area,2,1389,None,Tree,Other/Not known (2005-10),Not at or within 20 metres of junction,OPEL,,Petrol,Male,None,No tow/articulation,Offside,0,Going ahead other,1,Car,No,Front,2010
2010160C00861,A,164,NA,0,Slight,None,22-02-2010,Monday,2,Data missing or out of range,Not at junction or within 20 metres,53.84022,Daylight,503310,439360,-0.431387,E01013062,1,1,0,0,Wet or damp,Single carriageway,None,30,14:40:00,Urban,Fine no high winds,No,16 - 20,11,Urban area,8,899,None,None,Other/Not known (2005-10),Not at or within 20 metres of junction,FIAT,SEICENTO SX,Petrol,Male,None,No tow/articulation,Did not leave carriageway,0,Going ahead other,1,Car,No,Front,2010
2010160C02321,B,1248,Unclassified,0,Slight,None,06-05-2010,Thursday,1,Give way or uncontrolled,T or staggered junction,53.883586,Daylight,498850,444090,-0.497621,E01012925,1,2,0,0,Dry,Single carriageway,None,60,14:00:00,Rural,Fine no high winds,No,16 - 20,11,Rural,6,1360,None,None,Commuting to/from work,Approaching junction or waiting/parked at junction approach,PEUGEOT,,Petrol,Male,None,No tow/articulation,Did not leave carriageway,0,Going ahead other,1,Car,No,Front,2010
2010160C03361,Unclassified,0,NA,0,Slight,None,16-04-2010,Friday,1,Data missing or out of range,Not at junction or within 20 metres,53.744696,Daylight,523630,429220,-0.126796,E01013028,1,2,0,0,Dry,Single carriageway,None,60,16:55:00,Rural,Fine no high winds,No,16 - 20,11,Rural,5,1124,None,None,Other/Not known (2005-10),Not at or within 20 metres of junction,PEUGEOT,106 XN ZEST,Petrol,Male,None,No tow/articulation,Did not leave carriageway,0,Going ahead other,1,Car,No,Front,2010
2010160C05491,B,1233,NA,0,Slight,None,10-09-2010,Friday,2,Data missing or out of range,Not at junction or within 20 metres,53.784826,Daylight,503550,433200,-0.429811,E01012954,1,2,0,1,Wet or damp,Single carriageway,None,30,13:20:00,Urban,Fine no high winds,No,16 - 20,11,Urban area,10,999,None,None,Other/Not known (2005-10),Not at or within 20 metres of junction,VOLKSWAGEN,POLO 1.0 L,Petrol,Male,None,No tow/articulation,Did not leave carriageway,0,Going ahead other,2,Car,No,Front,2010
2010170L10140,Unclassified,0,Unclassified,0,Slight,None,19-01-2010,Tuesday,1,Give way or uncontrolled,T or staggered junction,54.539785,Daylight,461460,516470,-1.051562,E01012119,3,2,0,0,Frost or ice,Single carriageway,None,30,08:45:00,Urban,Fine no high winds,No,16 - 20,11,Urban area,5,1124,None,None,Other/Not known (2005-10),Mid Junction - on roundabout or on main road,CITROEN,SAXO EAST COAST,Petrol,Male,None,No tow/articulation,Did not leave carriageway,0,Turning right,2,Car,No,Front,2010
2010170S11080,C,170,Unclassified,0,Slight,None,04-05-2010,Tuesday,1,Give way or uncontrolled,T or staggered junction,54.573434,Daylight,443740,520010,-1.324899,E01012251,1,2,0,0,Dry,Single carriageway,None,30,12:33:00,Urban,Fine no high winds,No,16 - 20,11,Urban area,3,100,None,None,Other/Not known (2005-10),Mid Junction - on roundabout or on main road,PEUGEOT,ELYSEO 100,Petrol,Male,None,No tow/articulation,Did not leave carriageway,0,Overtaking - nearside,2,Motorcycle 125cc and under,No,Front,2010
2010170S11560,C,144,Unclassified,0,Slight,None,21-05-2010,Friday,1,Give way or uncontrolled,T or staggered junction,54.589864,Daylight,441790,521820,-1.354804,E01012250,1,2,0,0,Dry,Single carriageway,None,30,11:35:00,Urban,Fine no high winds,No,16 - 20,11,Urban area,4,49,None,None,Other/Not known (2005-10),Mid Junction - on roundabout or on main road,PEUGEOT,VIVACITY 50,Petrol,Male,None,No tow/articulation,Did not leave carriageway,0,Going ahead other,2,Motorcycle 50cc and under,No,Nearside,2010
201020G006550,A,41,Unclassified,0,Slight,None,11-08-2010,Wednesday,2,Give way or uncontrolled,T or staggered junction,52.585098,Daylight,390710,298600,-2.13856,E01010508,1,2,0,0,Dry,Single carriageway,None,30,14:45:00,Urban,Fine no high winds,No,16 - 20,11,Urban area,2,973,None,None,Other/Not known (2005-10),Mid Junction - on roundabout or on main road,VAUXHALL,CORSA CLUB 12V,Petrol,Male,None,No tow/articulation,Did not leave carriageway,0,Going ahead other,2,Car,No,Nearside,2010
201020H004100,A,461,NA,0,Slight,None,01-06-2010,Tuesday,1,Data missing or out of range,Not at junction or within 20 metres,52.622561,Daylight,404280,302760,-1.938219,E01010249,1,2,0,0,Dry,Single carriageway,None,30,23:22:00,Urban,Fine no high winds,No,16 - 20,11,Urban area,5,2799,None,None,Other/Not known (2005-10),Not at or within 20 metres of junction,MERCEDES,SL280 AUTO,Petrol,Male,None,No tow/articulation,Did not leave carriageway,0,Slowing or stopping,2,Car,No,Back,2010
201020H008210,Unclassified,0,Unclassified,0,Slight,None,27-09-2010,Monday,1,Give way or uncontrolled,T or staggered junction,52.614643,Daylight,405070,301880,-1.926563,E01010241,1,1,0,0,Wet or damp,Single carriageway,None,30,16:23:00,Urban,Fine no high winds,No,16 - 20,11,Urban area,4,1299,None,None,Other/Not known (2005-10),Cleared junction or waiting/parked at junction exit,FORD,KA 2,Petrol,Male,Skidded and overturned,No tow/articulation,Nearside,0,Going ahead right-hand bend,1,Car,No,Nearside,2010
201020J003940,A,4036,Unclassified,0,Slight,None,12-05-2010,Wednesday,1,Auto traffic signal,More than 4 arms (not roundabout),52.484981,Daylight,392800,287460,-2.107467,E01009874,1,2,0,5,Dry,Dual carriageway,Auto traffic signal - out,40,18:20:00,Urban,Fine no high winds,No,16 - 20,11,Urban area,4,1991,None,None,Other/Not known (2005-10),Mid Junction - on roundabout or on main road,MAZDA,626 GXI,Petrol,Male,None,No tow/articulation,Did not leave carriageway,0,Going ahead other,1,Car,No,Front,2010
201020J007712,Unclassified,0,NA,0,Slight,None,06-02-2010,Saturday,1,Data missing or out of range,Not at junction or within 20 metres,52.448588,Daylight,388570,283420,-2.169619,E01009849,1,2,0,0,Dry,Single carriageway,None,30,12:39:00,Urban,Fine no high winds,No,16 - 20,11,Urban area,8,1598,Kerb,None,Other/Not known (2005-10),Not at or within 20 metres of junction,VAUXHALL,ASTRA LS 8V,Petrol,Male,Skidded,No tow/articulation,Did not leave carriageway,0,Going ahead right-hand bend,1,Car,No,Front,2010
201020K003580,A,4123,Unclassified,0,Slight,None,14-04-2010,Wednesday,1,Give way or uncontrolled,T or staggered junction,52.486827,Daylight,398890,287660,-2.017786,E01010002,3,2,0,0,Dry,Dual carriageway,None,40,14:53:00,Urban,Fine no high winds,No,16 - 20,11,Urban area,2,1124,None,None,Journey as part of work,Approaching junction or waiting/parked at junction approach,CITROEN,SAXO EAST COAST,Petrol,Male,Skidded,No tow/articulation,Did not leave carriageway,0,Changing lane to right,2,Car,No,Front,2010
201020K021412,Unclassified,0,NA,0,Slight,None,12-03-2010,Friday,1,Data missing or out of range,Not at junction or within 20 metres,52.476218,Daylight,401240,286480,-1.983183,E01009922,1,2,0,0,Dry,Single carriageway,None,30,17:25:00,Urban,Fine no high winds,No,16 - 20,11,Urban area,4,1598,Parked vehicle,None,Other/Not known (2005-10),Not at or within 20 metres of junction,RENAULT,MEGANE MONACO,Petrol,Male,None,No tow/articulation,Did not leave carriageway,0,Reversing,1,Car,No,Back,2010
201020K023911,A,457,A,4037,Slight,None,25-03-2010,Thursday,1,Auto traffic signal,Crossroads,52.529506,Daylight,394880,292410,-2.076915,E01010070,2,2,0,0,Dry,Single carriageway,Auto traffic signal - out,30,16:58:00,Urban,Fine no high winds,No,16 - 20,11,Urban area,2,1360,None,None,Other/Not known (2005-10),Mid Junction - on roundabout or on main road,CITROEN,SAXO WEST COAST,Petrol,Male,None,No tow/articulation,Did not leave carriageway,0,Going ahead other,1,Car,No,Front,2010
201020L005410,B,425,Unclassified,0,Slight,None,24-04-2010,Saturday,1,Give way or uncontrolled,T or staggered junction,52.444108,Daylight,414750,282930,-1.78443,E01010133,1,3,0,4,Dry,Single carriageway,None,30,12:15:00,Urban,Fine no high winds,No,16 - 20,11,Urban area,10,1242,None,None,Other/Not known (2005-10),Approaching junction or waiting/parked at junction approach,FIAT,PUNTO S 60,Petrol,Male,None,No tow/articulation,Did not leave carriageway,0,Waiting to go - held up,3,Car,No,Back,2010
201020M008320,A,45,NA,0,Slight,None,03-09-2010,Friday,1,Data missing or out of range,Not at junction or within 20 metres,52.379569,Daylight,433110,275840,-1.515017,E01009672,2,3,0,0,Dry,Dual carriageway,None,40,14:15:00,Urban,Fine no high winds,No,16 - 20,11,Rural,9,1868,None,None,Other/Not known (2005-10),Not at or within 20 metres of junction,PEUGEOT,206 L D,Heavy oil,Male,Skidded,No tow/articulation,Did not leave carriageway,0,Going ahead other,1,Car,No,Front,2010
201020N047500,A,5127,B,4151,Slight,None,12-11-2010,Friday,2,Give way or uncontrolled,Private drive or entrance,52.587125,Daylight,411610,298830,-1.830076,E01009425,1,2,0,1,Dry,Single carriageway,None,30,19:13:00,Urban,Fine no high winds,No,16 - 20,11,Urban area,6,1299,Kerb,None,Other/Not known (2005-10),Mid Junction - on roundabout or on main road,FORD,KA,Petrol,Male,None,No tow/articulation,Did not leave carriageway,0,Going ahead other,2,Car,No,Nearside,2010
201022C004032,B,4204,NA,0,Slight,None,14-08-2010,Saturday,1,Data missing or out of range,Not at junction or within 20 metres,52.220596,Daylight,379430,258090,-2.302545,E01032199,2,1,0,0,Wet or damp,Single carriageway,None,60,11:45:00,Rural,Fine no high winds,No,16 - 20,11,Urban area,8,1349,None,Other permanent object,Other/Not known (2005-10),Not at or within 20 metres of junction,DAEWOO,LANOS SE,Petrol,Male,Skidded and overturned,No tow/articulation,Nearside,0,Going ahead left-hand bend,1,Car,No,Nearside,2010
201022D000276,Unclassified,0,NA,0,Slight,None,12-01-2010,Tuesday,2,Data missing or out of range,Not at junction or within 20 metres,52.394271,Daylight,407360,277370,-1.893275,E01032134,1,2,0,0,Snow,Single carriageway,None,60,16:15:00,Rural,Fine no high winds,No,16 - 20,11,Rural,6,973,None,None,Other/Not known (2005-10),Not at or within 20 metres of junction,VAUXHALL,CORSA CLUB 12V,Petrol,Male,None,No tow/articulation,Did not leave carriageway,0,Slowing or stopping,2,Car,No,Front,2010
201022D004612,A,451,B,4194,Slight,None,12-09-2010,Sunday,2,Give way or uncontrolled,T or staggered junction,52.330106,Daylight,379650,270270,-2.300063,E01032425,2,2,0,0,Dry,Single carriageway,None,30,15:50:00,Rural,Fine no high winds,No,16 - 20,11,Urban area,3,1587,None,None,Other/Not known (2005-10),Leaving main road,CITROEN,SAXO VTR,Petrol,Male,None,No tow/articulation,Did not leave carriageway,0,Turning right,1,Car,No,Offside,2010
201022F003069,A,458,NA,0,Slight,None,19-06-2010,Saturday,1,Data missing or out of range,Not at junction or within 20 metres,52.704753,Daylight,349880,312160,-2.743225,E01028984,2,3,0,0,Dry,Single carriageway,None,40,11:25:00,Urban,Fine no high winds,No,16 - 20,11,Rural,8,1341,None,None,Other/Not known (2005-10),Not at or within 20 metres of junction,HYUNDAI,ACCENT COUPE SI,Petrol,Male,None,No tow/articulation,Did not leave carriageway,0,Going ahead other,1,Car,No,Front,2010
201022G001647,Motorway,54,NA,0,Slight,None,27-03-2010,Saturday,1,Data missing or out of range,Not at junction or within 20 metres,52.688176,Daylight,366910,310170,-2.490992,E01014202,3,1,0,0,Dry,Slip road,None,70,07:00:00,Rural,Fine no high winds,No,16 - 20,11,Rural,8,998,None,Near/Offside crash barrier,Other/Not known (2005-10),Not at or within 20 metres of junction,NISSAN,MICRA ALLY,Petrol,Male,Skidded and overturned,No tow/articulation,Offside and rebounded,0,Going ahead left-hand bend,1,Car,No,Offside,2010
201030A000112,Unclassified,0,Unclassified,0,Slight,None,18-03-2010,Thursday,2,Give way or uncontrolled,Private drive or entrance,52.882353,Daylight,447570,331890,-1.294542,E01019700,1,2,0,0,Dry,Single carriageway,None,30,08:15:00,Urban,Fine no high winds,No,16 - 20,11,Urban area,7,1124,None,None,Journey as part of work,Mid Junction - on roundabout or on main road,PEUGEOT,106 XN ZEST,Petrol,Male,None,No tow/articulation,Did not leave carriageway,0,Going ahead other,1,Car,No,Back,2010
201030C000244,A,61,Unclassified,0,Slight,None,04-05-2010,Tuesday,1,Give way or uncontrolled,T or staggered junction,53.1642,Daylight,439170,363170,-1.415574,E01019774,1,2,0,0,Dry,Single carriageway,None,30,17:00:00,Urban,Fine no high winds,No,16 - 20,11,Urban area,4,1390,None,None,Other/Not known (2005-10),Leaving main road,VOLKSWAGEN,POLO 1.4 CL,Petrol,Male,None,No tow/articulation,Did not leave carriageway,0,Turning right,2,Car,No,Offside,2010
201030D000418,C,165,NA,0,Slight,None,12-05-2010,Wednesday,1,Data missing or out of range,Not at junction or within 20 metres,52.892536,Daylight,446250,333010,-1.313997,E01019643,1,1,0,0,Dry,Single carriageway,None,60,18:10:00,Rural,Fine no high winds,No,16 - 20,11,Urban area,7,1124,None,Telegraph or electricity pole,Other/Not known (2005-10),Not at or within 20 metres of junction,PEUGEOT,106 XN ZEST,Petrol,Male,None,No tow/articulation,Nearside,0,Going ahead left-hand bend,1,Car,No,Front,2010
201030D000830,Unclassified,0,Unclassified,0,Slight,None,03-09-2010,Friday,1,Give way or uncontrolled,T or staggered junction,52.886785,Daylight,438180,332300,-1.434025,E01013499,1,2,0,0,Dry,Single carriageway,None,30,17:57:00,Urban,Fine no high winds,No,16 - 20,11,Urban area,3,599,None,None,Other/Not known (2005-10),Mid Junction - on roundabout or on main road,HONDA,CBR 600 F,Petrol,Male,Skidded,No tow/articulation,Did not leave carriageway,0,Going ahead other,2,Motorcycle over 500cc,No,Front,2010
201030D000864,A,6096,NA,0,Slight,None,10-09-2010,Friday,1,Data missing or out of range,Not at junction or within 20 metres,52.976942,Daylight,447260,342410,-1.297619,E01019661,1,3,0,0,Wet or damp,Single carriageway,None,30,17:45:00,Urban,Fine no high winds,No,16 - 20,11,Urban area,2,998,Parked vehicle,None,Other/Not known (2005-10),Not at or within 20 metres of junction,TOYOTA,YARIS GS,Petrol,Male,None,No tow/articulation,Did not leave carriageway,0,Going ahead other,1,Car,No,Front,2010
201030D001010,C,47,NA,0,Slight,None,15-10-2010,Friday,1,Data missing or out of range,Not at junction or within 20 metres,52.778796,Daylight,424760,320200,-1.634381,E01019850,1,1,0,0,Dry,Single carriageway,None,60,16:35:00,Rural,Fine no high winds,No,16 - 20,11,Urban area,4,1297,None,Other permanent object,Other/Not known (2005-10),Not at or within 20 metres of junction,MAZDA,121 GXI,Petrol,Male,None,No tow/articulation,Offside,0,Going ahead other,1,Car,No,Front,2010
201030D001294,B,6002,Unclassified,0,Slight,None,11-12-2010,Saturday,1,Give way or uncontrolled,Roundabout,52.894922,Daylight,447750,333290,-1.291662,E01019708,1,2,0,0,Frost or ice,Roundabout,None,30,15:00:00,Urban,Fine no high winds,No,16 - 20,11,Urban area,8,1242,None,None,Other/Not known (2005-10),Mid Junction - on roundabout or on main road,FIAT,PUNTO S 60,Petrol,Male,None,No tow/articulation,Did not leave carriageway,0,Turning right,2,Car,No,Nearside,2010
20103102A2293,A,6009,Unclassified,0,Slight,None,28-09-2010,Tuesday,2,Give way or uncontrolled,Private drive or entrance,53.14635,Daylight,453270,361320,-1.204999,E01028247,1,2,0,0,Wet or damp,Single carriageway,None,40,10:30:00,Urban,Fine no high winds,No,16 - 20,11,Urban area,2,49,None,None,Other/Not known (2005-10),Leaving main road,PEUGEOT,SPEEDFIGHT,Petrol,Male,None,No tow/articulation,Did not leave carriageway,0,Turning left,1,Motorcycle 50cc and under,No,Back,2010
20103102B0161,B,6040,Unclassified,0,Slight,None,19-01-2010,Tuesday,2,Give way or uncontrolled,Mini-roundabout,53.30966,Daylight,458440,379550,-1.124373,E01028055,2,2,0,4,Dry,Roundabout,None,30,12:40:00,Urban,Fine no high winds,No,16 - 20,11,Urban area,9,1598,None,None,Other/Not known (2005-10),Approaching junction or waiting/parked at junction approach,VAUXHALL,ASTRA LS 8V,Petrol,Male,None,No tow/articulation,Did not leave carriageway,0,Going ahead other,2,Car,No,Front,2010
20103102B0936,A,638,Unclassified,0,Slight,None,28-04-2010,Wednesday,1,Give way or uncontrolled,T or staggered junction,53.329746,Daylight,469270,381930,-0.961339,E01028016,3,2,0,4,Dry,Single carriageway,None,30,12:43:00,Urban,Fine no high winds,No,16 - 20,11,Data missing or out of range,NA,1360,None,None,Other/Not known (2005-10),Approaching junction or waiting/parked at junction approach,PEUGEOT,206 GLX,Petrol,Male,None,No tow/articulation,Did not leave carriageway,0,Going ahead other,1,Car,No,Front,2010
20103102C0132,Unclassified,0,Unclassified,0,Slight,None,16-01-2010,Saturday,1,Give way or uncontrolled,T or staggered junction,52.955932,Daylight,458030,340190,-1.137638,E01013956,1,2,0,0,Dry,Single carriageway,None,30,15:36:00,Urban,Fine no high winds,No,16 - 20,11,Urban area,3,1988,None,None,Other/Not known (2005-10),Mid Junction - on roundabout or on main road,FORD,COUGAR,Petrol,Male,Skidded,No tow/articulation,Did not leave carriageway,0,Going ahead other,1,Car,No,Front,2010
20103102C0585,A,52,NA,0,Slight,None,17-03-2010,Wednesday,1,Data missing or out of range,Not at junction or within 20 metres,52.920607,Daylight,456350,336240,-1.163329,E01013902,4,1,0,0,Dry,Slip road,None,50,14:28:00,Urban,Fine no high winds,No,16 - 20,11,Urban area,4,973,None,Lamp post,Other/Not known (2005-10),Not at or within 20 metres of junction,VAUXHALL,CORSA GLS 12V,Petrol,Male,Skidded,No tow/articulation,Offside,0,Going ahead left-hand bend,1,Car,No,Front,2010