Accident_Index,1st_Road_Class,1st_Road_Number,2nd_Road_Class,2nd_Road_Number,Accident_Severity,Carriageway_Hazards,Date,Day_of_Week,Did_Police_Officer_Attend_Scene_of_Accident,Junction_Control,Junction_Detail,Latitude,Light_Conditions,Location_Easting_OSGR,Location_Northing_OSGR,Longitude,LSOA_of_Accident_Location,Number_of_Casualties,Number_of_Vehicles,Pedestrian_Crossing-Human_Control,Pedestrian_Crossing-Physical_Facilities,Road_Surface_Conditions,Road_Type,Special_Conditions_at_Site,Speed_limit,Time,Urban_or_Rural_Area,Weather_Conditions,InScotland,Age_Band_of_Driver,Age_of_Vehicle,Driver_Home_Area_Type,Driver_IMD_Decile,Engine_Capacity_.CC.,Hit_Object_in_Carriageway,Hit_Object_off_Carriageway,Journey_Purpose_of_Driver,Junction_Location,make,model,Propulsion_Code,Sex_of_Driver,Skidding_and_Overturning,Towing_and_Articulation,Vehicle_Leaving_Carriageway,Vehicle_Location.Restricted_Lane,Vehicle_Manoeuvre,Vehicle_Reference,Vehicle_Type,Was_Vehicle_Left_Hand_Drive,X1st_Point_of_Impact,Year
201045WA51312,C,31,NA,0,Slight,None,19-08-2021,Saturday,2,Data missing or out of range,Not at junction or within 20 metres,23.02205418,Daylight,494410,138150,72.53636545,E01030941,1,1,0,0,Dry,Single carriageway,None,30,13:30:00,Rural,Other,No,16 - 20,11,Rural,10,1390,None,None,Other/Not known (2005-10),Not at or within 20 metres of junction,VOLKSWAGEN,POLO 1.4 L,Petrol,Female,None,No tow/articulation,Did not leave carriageway,0,Going ahead other,1,Car,No,Front,2019
201045WA51312,C,31,NA,0,Slight,None,22-05-2010,Saturday,2,Data missing or out of range,Not at junction or within 20 metres,51.13479,Daylight,494410,138150,-0.652015,E01030941,1,1,0,0,Dry,Single carriageway,None,30,13:30:00,Rural,Other,No,16 - 20,11,Rural,10,1390,None,None,Other/Not known (2005-10),Not at or within 20 metres of junction,VOLKSWAGEN,POLO 1.4 L,Petrol,Female,None,No tow/articulation,Did not leave carriageway,0,Going ahead other,1,Car,No,Front,2010
201006A028466,A,56,NA,0,Slight,None,16-02-2010,Tuesday,2,Data missing or out of range,Not at junction or within 20 metres,53.492209,Daylight,383580,399530,-2.248967,E01005148,1,3,0,4,Wet or damp,Single carriageway,None,30,12:10:00,Urban,Other,No,16 - 20,11,Urban area,7,1598,None,None,Other/Not known (2005-10),Not at or within 20 metres of junction,VAUXHALL,ASTRA LS 8V,Petrol,Female,None,No tow/articulation,Did not leave carriageway,0,Waiting to go - held up,1,Car,No,Back,2010
201020S047170,Unclassified,0,NA,0,Slight,None,02-11-2010,Tuesday,1,Data missing or out of range,Not at junction or within 20 metres,52.43882,Daylight,399710,282320,-2.005704,E01008917,1,1,0,0,Wet or damp,Single carriageway,None,30,16:40:00,Urban,Other,No,16 - 20,11,Urban area,5,1324,None,None,Journey as part of work,Not at or within 20 metres of junction,KIA,PRIDE SX,Petrol,Female,None,No tow/articulation,Did not leave carriageway,0,Going ahead other,1,Car,No,Front,2010
201032D407210,B,1188,NA,0,Slight,None,23-08-2010,Monday,1,Data missing or out of range,Not at junction or within 20 metres,53.087101,Daylight,507700,355640,-0.393358,E01026180,2,1,0,0,Wet or damp,Single carriageway,None,60,10:00:00,Rural,Other,No,16 - 20,11,Small town,5,993,None,Entered ditch,Commuting to/from work,Not at or within 20 metres of junction,SUZUKI,ALTO GL,Petrol,Female,Skidded,No tow/articulation,Offside,0,Going ahead right-hand bend,1,Car,No,Did not impact,2010
201050AC3J041,Unclassified,0,Unclassified,0,Slight,None,20-07-2019,Monday,1,Give way or uncontrolled,T or staggered junction,18.50665443,Daylight,169980,42880,73.95035302,E01018909,1,2,0,0,Wet or damp,Single carriageway,None,30,15:20:00,Urban,Raining + high winds,No,16 - 20,11,Urban area,4,1124,None,None,Other/Not known (2005-10),Approaching junction or waiting/parked at junction approach,CITROEN,SAXO SX,Petrol,Male,None,No tow/articulation,Did not leave carriageway,0,Turning left,1,Car,No,Did not impact,2021
201050AC3J041,Unclassified,0,Unclassified,0,Slight,None,27-12-2010,Monday,1,Give way or uncontrolled,T or staggered junction,50.240979,Daylight,169980,42880,-5.227369,E01018909,1,2,0,0,Wet or damp,Single carriageway,None,30,15:20:00,Urban,Raining + high winds,No,16 - 20,11,Urban area,4,1124,None,None,Other/Not known (2005-10),Approaching junction or waiting/parked at junction approach,CITROEN,SAXO SX,Petrol,Male,None,No tow/articulation,Did not leave carriageway,0,Turning left,1,Car,No,Did not impact,2010
2010160C06811,A,161,NA,0,Slight,None,11-11-2010,Thursday,1,Data missing or out of range,Not at junction or within 20 metres,53.689031,Daylight,475260,422000,-0.861806,E01013000,3,2,0,0,Wet or damp,Single carriageway,None,30,12:23:00,Rural,Raining + high winds,No,16 - 20,11,Rural,6,1242,None,None,Other/Not known (2005-10),Not at or within 20 metres of junction,FIAT,PUNTO 60 TEAM,Petrol,Male,None,No tow/articulation,Did not leave carriageway,0,Going ahead left-hand bend,1,Car,No,Offside,2010
201060L054053,Unclassified,0,Unclassified,0,Slight,None,31-03-2010,Wednesday,2,Give way or uncontrolled,T or staggered junction,53.152312,Daylight,332160,362170,-3.015914,W01000303,1,2,0,0,Wet or damp,Single carriageway,None,60,08:25:00,Rural,Raining + high winds,No,16 - 20,11,Urban area,4,1120,None,None,Other/Not known (2005-10),Mid Junction - on roundabout or on main road,ROVER,211 SE 8V,Petrol,Female,Skidded,No tow/articulation,Did not leave carriageway,0,Going ahead other,1,Car,No,Front,2010
2010160B04271,B,1392,NA,0,Slight,None,08-11-2010,Monday,1,Data missing or out of range,Not at junction or within 20 metres,53.63394,Daylight,481880,415980,-0.763168,E01013246,1,1,0,0,Wet or damp,Single carriageway,None,60,12:05:00,Rural,Raining + high winds,No,16 - 20,11,Rural,4,1299,None,Tree,Other/Not known (2005-10),Not at or within 20 metres of junction,FORD,KA 2,Petrol,Female,Skidded,No tow/articulation,Nearside,0,Going ahead right-hand bend,1,Car,No,Front,2010
201042I378411,A,1306,NA,0,Slight,None,08-06-2020,Sunday,1,Not at junction or within 20 metres,Not at junction or within 20 metres,27.10032279,Daylight,559210,179520,93.62807942,E01015942,2,3,0,0,Wet or damp,Single carriageway,None,50,15:00:00,Urban,Raining no high winds,No,16 - 20,11,Urban area,8,1124,None,None,Other/Not known (2005-10),Not at or within 20 metres of junction,PEUGEOT,106 XN ZEST 2,Petrol,Male,Skidded,No tow/articulation,Did not leave carriageway,0,Going ahead other,3,Car,No,Front,2019
201042I286409,A,13,Unclassified,0,Slight,None,31-05-2019,Tuesday,1,Auto traffic signal,T or staggered junction,25.78996622,Daylight,579290,187870,87.49585198,E01021511,1,2,0,0,Wet or damp,Single carriageway,None,30,15:00:00,Urban,Raining no high winds,No,16 - 20,11,Urban area,9,973,None,None,Other/Not known (2005-10),Mid Junction - on roundabout or on main road,VAUXHALL,CORSA CLUB 12V,Petrol,Male,None,No tow/articulation,Did not leave carriageway,0,Turning right,2,Car,No,Nearside,2019
201037G030166,Unclassified,5667,Unclassified,5708,Slight,None,21-03-2019,Tuesday,1,Give way or uncontrolled,T or staggered junction,22.04863839,Daylight,615000,241680,82.14429753,E01030021,1,2,0,0,Wet or damp,Single carriageway,None,30,17:31:00,Urban,Raining no high winds,No,16 - 20,11,Urban area,7,954,None,None,Journey as part of work,Approaching junction or waiting/parked at junction approach,CITROEN,SAXO SPREE IV,Petrol,Male,None,No tow/articulation,Did not leave carriageway,0,Going ahead right-hand bend,1,Car,No,Did not impact,2019
20104100F0869,B,691,Unclassified,1813,Slight,None,09-07-2019,Thursday,1,Auto traffic signal,Crossroads,23.03580493,Daylight,515610,207010,72.5440988,E01023729,1,1,0,5,Wet or damp,Single carriageway,None,30,08:20:00,Urban,Raining no high winds,No,16 - 20,11,Urban area,8,973,None,None,Commuting to/from work,Cleared junction or waiting/parked at junction exit,VAUXHALL,CORSA GLS 12V,Petrol,Male,None,No tow/articulation,Did not leave carriageway,0,Turning right,1,Car,No,Front,2019
2010400C01910,Unclassified,0,Unclassified,0,Slight,None,11-09-2019,Friday,2,Give way or uncontrolled,Roundabout,13.01411898,Daylight,510850,222240,77.57150194,E01015779,1,2,0,0,Wet or damp,Roundabout,None,30,16:30:00,Urban,Raining no high winds,No,16 - 20,11,Urban area,4,1598,None,None,Other/Not known (2005-10),Leaving roundabout,VAUXHALL,ASTRA LS 8V,Petrol,Male,None,No tow/articulation,Did not leave carriageway,0,Going ahead other,1,Car,No,Offside,2020
201050AI3J010,C,324,NA,0,Slight,None,08-03-2020,Tuesday,1,Data missing or out of range,Not at junction or within 20 metres,26.46754724,Daylight,153220,37930,74.65012193,E01018985,1,2,0,0,Wet or damp,Single carriageway,None,60,18:00:00,Rural,Raining no high winds,No,16 - 20,11,Rural,6,1390,None,None,Other/Not known (2005-10),Not at or within 20 metres of junction,VOLKSWAGEN,POLO 1.4 CL,Petrol,Male,None,No tow/articulation,Did not leave carriageway,0,Going ahead left-hand bend,1,Car,No,Front,2020
201050CD2C014,Unclassified,0,NA,0,Slight,None,23-11-2020,Monday,1,Data missing or out of range,Not at junction or within 20 metres,18.52286709,Daylight,244630,129180,73.94458573,E01020299,3,2,0,0,Dry,Single carriageway,None,30,08:11:00,Urban,Raining no high winds,No,16 - 20,11,Urban area,6,1299,None,None,Other/Not known (2005-10),Not at or within 20 metres of junction,FORD,KA3,Petrol,Male,None,No tow/articulation,Did not leave carriageway,0,Going ahead other,1,Car,No,Front,2021
201045EL53362,C,153,Unclassified,1386,Slight,None,21-09-2020,Saturday,1,Auto traffic signal,T or staggered junction,19.1559682,Daylight,511810,164700,72.85068778,E01030312,2,2,0,0,Wet or damp,Single carriageway,Roadworks,30,19:00:00,Urban,Raining no high winds,No,16 - 20,11,Data missing or out of range,NA,954,None,None,Other/Not known (2005-10),Approaching junction or waiting/parked at junction approach,CITROEN,SAXO EAST COAST,Petrol,Male,None,No tow/articulation,Did not leave carriageway,0,Waiting to go - held up,2,Car,No,Back,2021
201001FH10127,A,219,C,0,Slight,None,19-03-2010,Friday,1,Auto traffic signal,T or staggered junction,51.516894,Daylight,523100,181270,-0.227255,E01001874,1,1,0,0,Wet or damp,Single carriageway,None,30,10:32:00,Urban,Raining no high winds,No,16 - 20,11,Urban area,3,1896,None,None,Other/Not known (2005-10),Mid Junction - on roundabout or on main road,VOLKSWAGEN,,Heavy oil,Male,None,No tow/articulation,Did not leave carriageway,0,Turning left,1,Car,No,Offside,2010
201037G030166,Unclassified,5667,Unclassified,5708,Slight,None,05-10-2010,Tuesday,1,Give way or uncontrolled,T or staggered junction,52.031784,Daylight,615000,241680,1.132948,E01030021,1,2,0,0,Wet or damp,Single carriageway,None,30,17:31:00,Urban,Raining no high winds,No,16 - 20,11,Urban area,7,954,None,None,Journey as part of work,Approaching junction or waiting/parked at junction approach,CITROEN,SAXO SPREE IV,Petrol,Male,None,No tow/articulation,Did not leave carriageway,0,Going ahead right-hand bend,1,Car,No,Did not impact,2010
2010400C01910,Unclassified,0,Unclassified,0,Slight,None,18-06-2010,Friday,2,Give way or uncontrolled,Roundabout,51.88766,Daylight,510850,222240,-0.390714,E01015779,1,2,0,0,Wet or damp,Roundabout,None,30,16:30:00,Urban,Raining no high winds,No,16 - 20,11,Urban area,4,1598,None,None,Other/Not known (2005-10),Leaving roundabout,VAUXHALL,ASTRA LS 8V,Petrol,Male,None,No tow/articulation,Did not leave carriageway,0,Going ahead other,1,Car,No,Offside,2010
20104100F0869,B,691,Unclassified,1813,Slight,None,11-11-2010,Thursday,1,Auto traffic signal,Crossroads,51.749817,Daylight,515610,207010,-0.326659,E01023729,1,1,0,5,Wet or damp,Single carriageway,None,30,08:20:00,Urban,Raining no high winds,No,16 - 20,11,Urban area,8,973,None,None,Commuting to/from work,Cleared junction or waiting/parked at junction exit,VAUXHALL,CORSA GLS 12V,Petrol,Male,None,No tow/articulation,Did not leave carriageway,0,Turning right,1,Car,No,Front,2010
201042I286409,A,13,Unclassified,0,Slight,None,07-09-2010,Tuesday,1,Auto traffic signal,T or staggered junction,51.561154,Daylight,579290,187870,0.585183,E01021511,1,2,0,0,Wet or damp,Single carriageway,None,30,15:00:00,Urban,Raining no high winds,No,16 - 20,11,Urban area,9,973,None,None,Other/Not known (2005-10),Mid Junction - on roundabout or on main road,VAUXHALL,CORSA CLUB 12V,Petrol,Male,None,No tow/articulation,Did not leave carriageway,0,Turning right,2,Car,No,Nearside,2010
201042I378411,A,1306,NA,0,Slight,None,14-11-2010,Sunday,1,Not at junction or within 20 metres,Not at junction or within 20 metres,51.492157,Daylight,559210,179520,0.291985,E01015942,2,3,0,0,Wet or damp,Single carriageway,None,50,15:00:00,Urban,Raining no high winds,No,16 - 20,11,Urban area,8,1124,None,None,Other/Not known (2005-10),Not at or within 20 metres of junction,PEUGEOT,106 XN ZEST 2,Petrol,Male,Skidded,No tow/articulation,Did not leave carriageway,0,Going ahead other,3,Car,No,Front,2010
201045EL53362,C,153,Unclassified,1386,Slight,None,14-08-2010,Saturday,1,Auto traffic signal,T or staggered junction,51.370306,Daylight,511810,164700,-0.395128,E01030312,2,2,0,0,Wet or damp,Single carriageway,Roadworks,30,19:00:00,Urban,Raining no high winds,No,16 - 20,11,Data missing or out of range,NA,954,None,None,Other/Not known (2005-10),Approaching junction or waiting/parked at junction approach,CITROEN,SAXO EAST COAST,Petrol,Male,None,No tow/articulation,Did not leave carriageway,0,Waiting to go - held up,2,Car,No,Back,2010
201050AI3J010,C,324,NA,0,Slight,None,20-07-2010,Tuesday,1,Data missing or out of range,Not at junction or within 20 metres,50.189781,Daylight,153220,37930,-5.458768,E01018985,1,2,0,0,Wet or damp,Single carriageway,None,60,18:00:00,Rural,Raining no high winds,No,16 - 20,11,Rural,6,1390,None,None,Other/Not known (2005-10),Not at or within 20 metres of junction,VOLKSWAGEN,POLO 1.4 CL,Petrol,Male,None,No tow/articulation,Did not leave carriageway,0,Going ahead left-hand bend,1,Car,No,Front,2010
201050CD2C014,Unclassified,0,NA,0,Slight,None,15-11-2010,Monday,1,Data missing or out of range,Not at junction or within 20 metres,51.040855,Daylight,244630,129180,-4.217645,E01020299,3,2,0,0,Dry,Single carriageway,None,30,08:11:00,Urban,Raining no high winds,No,16 - 20,11,Urban area,6,1299,None,None,Other/Not known (2005-10),Not at or within 20 metres of junction,FORD,KA3,Petrol,Male,None,No tow/articulation,Did not leave carriageway,0,Going ahead other,1,Car,No,Front,2010
201060L049315,A,487,A,496,Slight,None,23-03-2010,Tuesday,1,Give way or uncontrolled,T or staggered junction,52.947957,Daylight,266690,340800,-3.98559,W01000114,1,2,0,0,Wet or damp,Single carriageway,None,60,16:18:00,Rural,Raining no high winds,No,16 - 20,11,Small town,NA,1995,None,None,Commuting to/from work,Approaching junction or waiting/parked at junction approach,VAUXHALL,ASTRA CLUB DI 16V,Heavy oil,Male,None,No tow/articulation,Did not leave carriageway,0,Waiting to turn right,1,Car,No,Front,2010
201060L184326,B,5119,NA,0,Slight,None,03-10-2010,Sunday,1,Data missing or out of range,Not at junction or within 20 metres,53.316498,Daylight,304170,380920,-3.439986,W01000223,1,2,0,0,Wet or damp,Single carriageway,None,60,12:44:00,Rural,Raining no high winds,No,16 - 20,11,Urban area,NA,999,None,None,Other/Not known (2005-10),Not at or within 20 metres of junction,VOLKSWAGEN,POLO 1.0 L,Petrol,Male,Skidded,No tow/articulation,Did not leave carriageway,0,Going ahead left-hand bend,1,Car,No,Front,2010
201001FH10127,A,219,C,0,Slight,None,19-03-2010,Friday,1,Auto traffic signal,T or staggered junction,51.516894,Daylight,523100,181270,-0.227255,E01001874,1,1,0,0,Wet or damp,Single carriageway,None,30,10:32:00,Urban,Raining no high winds,No,16 - 20,11,Urban area,3,1896,None,None,Other/Not known (2005-10),Mid Junction - on roundabout or on main road,VOLKSWAGEN,,Heavy oil,Male,None,No tow/articulation,Did not leave carriageway,0,Turning left,1,Car,No,Offside,2010
201004CK10019,Unclassified,0,NA,0,Slight,None,18-02-2010,Thursday,1,Data missing or out of range,Not at junction or within 20 metres,53.538915,Daylight,343210,405040,-2.858403,E01025479,2,3,0,0,Wet or damp,Single carriageway,None,60,13:32:00,Rural,Raining no high winds,No,16 - 20,11,Urban area,4,1896,None,None,Commuting to/from work,Not at or within 20 metres of junction,VOLKSWAGEN,GOLF DIESEL,Heavy oil,Male,Skidded,No tow/articulation,Nearside,0,Going ahead other,1,Car,No,Front,2010
201006Q032901,A,627,NA,0,Slight,None,13-06-2010,Sunday,1,Data missing or out of range,Not at junction or within 20 metres,53.517767,Daylight,392900,402350,-2.108555,E01005323,3,3,0,0,Wet or damp,Single carriageway,None,30,15:50:00,Urban,Raining no high winds,No,16 - 20,11,Urban area,2,998,None,None,Other/Not known (2005-10),Not at or within 20 metres of junction,TOYOTA,YARIS GLS,Petrol,Male,None,No tow/articulation,Did not leave carriageway,0,Going ahead other,1,Car,No,Front,2010
201006X036050,Motorway,62,NA,0,Slight,None,07-09-2010,Tuesday,1,Data missing or out of range,Not at junction or within 20 metres,53.590355,Daylight,390460,410430,-2.145603,E01005467,1,3,0,0,Wet or damp,Dual carriageway,None,70,16:45:00,Rural,Raining no high winds,No,16 - 20,11,Urban area,2,1124,None,None,Other/Not known (2005-10),Not at or within 20 metres of junction,CITROEN,SAXO X,Petrol,Male,None,No tow/articulation,Did not leave carriageway,0,Going ahead other,1,Car,No,Front,2010
201006X036050,Motorway,62,NA,0,Slight,None,07-09-2010,Tuesday,1,Data missing or out of range,Not at junction or within 20 metres,53.590355,Daylight,390460,410430,-2.145603,E01005467,1,3,0,0,Wet or damp,Dual carriageway,None,70,16:45:00,Rural,Raining no high winds,No,16 - 20,11,Small town,9,1598,None,None,Other/Not known (2005-10),Not at or within 20 metres of junction,RENAULT,CLIO SI,Petrol,Male,None,No tow/articulation,Did not leave carriageway,0,Going ahead other,2,Car,No,Back,2010
2010160B00871,B,1206,Unclassified,0,Slight,None,16-02-2010,Tuesday,1,Give way or uncontrolled,Private drive or entrance,53.544982,Daylight,498110,406390,-0.520809,E01013326,1,2,0,0,Wet or damp,Single carriageway,None,60,09:40:00,Rural,Raining no high winds,No,16 - 20,11,Small town,9,973,None,None,Other/Not known (2005-10),Approaching junction or waiting/parked at junction approach,VAUXHALL,CORSA BREEZE 12V,Petrol,Male,Skidded,No tow/articulation,Did not leave carriageway,0,Going ahead other,1,Car,No,Front,2010
2010160D07511,A,1079,NA,0,Slight,None,28-12-2010,Tuesday,1,Data missing or out of range,Not at junction or within 20 metres,53.752894,Daylight,509020,429770,-0.348036,E01012851,3,2,0,0,Wet or damp,Single carriageway,None,30,12:33:00,Urban,Raining no high winds,No,16 - 20,11,Urban area,7,1390,None,None,Other/Not known (2005-10),Not at or within 20 metres of junction,RENAULT,MEGANE LIBERTE 1.4E,Petrol,Male,None,No tow/articulation,Did not leave carriageway,0,Going ahead other,1,Car,No,Front,2010
201020E710412,A,34,NA,0,Slight,None,29-03-2010,Monday,1,Data missing or out of range,Not at junction or within 20 metres,52.438813,Daylight,410430,282330,-1.848006,E01009045,5,2,0,0,Wet or damp,Single carriageway,Oil or diesel,30,11:33:00,Urban,Raining no high winds,No,16 - 20,11,Urban area,5,1299,None,None,Other/Not known (2005-10),Not at or within 20 metres of junction,TOYOTA,YARIS CDX AUTO,Petrol,Male,Skidded,No tow/articulation,Did not leave carriageway,0,Going ahead other,1,Car,No,Front,2010
201020K010000,A,457,A,4033,Slight,None,20-07-2010,Tuesday,1,Give way or uncontrolled,Private drive or entrance,52.513792,Daylight,397430,290660,-2.039311,E01010073,2,2,0,0,Wet or damp,Single carriageway,None,30,12:45:00,Urban,Raining no high winds,No,16 - 20,11,Urban area,2,1896,None,None,Other/Not known (2005-10),Entering main road,SEAT,ALHAMBRA TDI,Heavy oil,Male,None,No tow/articulation,Did not leave carriageway,0,Turning right,1,Car,No,Front,2010
201020T038520,Unclassified,0,NA,0,Slight,None,01-10-2010,Friday,1,Data missing or out of range,Not at junction or within 20 metres,52.471271,Daylight,414280,285950,-1.791216,E01009517,1,3,0,0,Wet or damp,Single carriageway,None,30,12:47:00,Urban,Raining no high winds,No,16 - 20,11,Urban area,2,1598,None,None,Other/Not known (2005-10),Not at or within 20 metres of junction,RENAULT,,Petrol,Male,None,No tow/articulation,Did not leave carriageway,0,Going ahead other,2,Car,No,Front,2010
20103102A1556,A,38,NA,0,Slight,None,12-07-2010,Monday,1,Data missing or out of range,Not at junction or within 20 metres,53.02103,Daylight,446770,347310,-1.304209,E01028107,1,2,0,0,Wet or damp,Dual carriageway,None,70,17:25:00,Urban,Raining no high winds,No,16 - 20,11,Urban area,5,1587,None,None,Other/Not known (2005-10),Not at or within 20 metres of junction,CITROEN,SAXO VTR,Petrol,Male,None,No tow/articulation,Did not leave carriageway,0,Going ahead other,1,Car,No,Front,2010
20103102B2537,B,6030,B,6034,Slight,None,24-09-2010,Friday,1,Auto traffic signal,Crossroads,53.183368,Daylight,463260,365560,-1.054818,E01028322,3,3,0,0,Wet or damp,Single carriageway,None,60,08:50:00,Rural,Raining no high winds,No,16 - 20,11,Urban area,2,973,None,None,Other/Not known (2005-10),Approaching junction or waiting/parked at junction approach,VAUXHALL,CORSA GLS 12V,Petrol,Male,None,No tow/articulation,Did not leave carriageway,0,Waiting to go - held up,1,Car,No,Back,2010
20103102C2580,A,60,Unclassified,0,Slight,None,31-10-2010,Sunday,1,Give way or uncontrolled,T or staggered junction,52.954618,Daylight,457720,340040,-1.142279,E01013869,1,1,0,0,Wet or damp,One way street,None,30,15:05:00,Urban,Raining no high winds,No,16 - 20,11,Urban area,3,1332,None,None,Other/Not known (2005-10),Mid Junction - on roundabout or on main road,TOYOTA,COROLLA G6,Petrol,Male,None,No tow/articulation,Did not leave carriageway,0,Overtaking static vehicle - offside,1,Car,No,Front,2010
201032D134010,B,1003,NA,0,Slight,None,08-05-2010,Saturday,1,Data missing or out of range,Not at junction or within 20 metres,53.226179,Daylight,497060,370890,-0.54755,E01026132,1,1,0,4,Wet or damp,Dual carriageway,None,30,11:06:00,Urban,Raining no high winds,No,16 - 20,11,Urban area,5,1598,None,None,Other/Not known (2005-10),Not at or within 20 metres of junction,VAUXHALL,ASTRA CLUB 16V,Petrol,Male,None,No tow/articulation,Did not leave carriageway,0,Going ahead other,1,Car,No,Front,2010
201043R144120,Unclassified,7302,NA,0,Slight,None,07-08-2019,Wednesday,1,Data missing or out of range,Not at junction or within 20 metres,14.79135592,Daylight,498790,180560,78.64165765,E01016516,1,2,0,0,Wet or damp,Single carriageway,None,30,15:13:00,Urban,Raining no high winds,No,16 - 20,11,Urban area,3,998,None,None,Other/Not known (2005-10),Not at or within 20 metres of junction,TOYOTA,YARIS GS,Petrol,Female,None,No tow/articulation,Did not leave carriageway,0,Going ahead other,2,Car,No,Nearside,2019
201050AC3F019,B,3297,NA,0,Slight,None,12-03-2020,Wednesday,1,Data missing or out of range,Not at junction or within 20 metres,23.01929485,Daylight,170230,41160,72.62461945,E01018914,1,2,0,0,Wet or damp,Single carriageway,None,30,17:00:00,Urban,Raining no high winds,No,16 - 20,11,Rural,4,1124,None,None,Other/Not known (2005-10),Not at or within 20 metres of junction,PEUGEOT,106 XN ZEST,Petrol,Female,Skidded,No tow/articulation,Did not leave carriageway,0,Slowing or stopping,2,Car,No,Offside,2019
201054DC15210,C,409,Unclassified,0,Slight,Pedestrian in carriageway - not injured,23-09-2021,Saturday,1,Give way or uncontrolled,Crossroads,23.04779409,Daylight,415030,185170,72.53362665,E01015476,2,3,0,5,Wet or damp,Single carriageway,None,30,16:00:00,Urban,Raining no high winds,No,16 - 20,11,Urban area,5,1360,None,None,Other/Not known (2005-10),Cleared junction or waiting/parked at junction exit,CITROEN,SAXO WEST COAST,Petrol,Female,Skidded,No tow/articulation,Did not leave carriageway,0,Slowing or stopping,1,Car,No,Front,2019
201050GN2L017,A,392,NA,0,Slight,None,26-12-2020,Friday,1,Not at junction or within 20 metres,Not at junction or within 20 metres,26.46695331,Daylight,185490,60120,74.65443243,E01019050,1,3,0,0,Wet or damp,Single carriageway,None,60,12:29:00,Rural,Raining no high winds,No,16 - 20,11,Data missing or out of range,NA,1299,Parked vehicle,None,Commuting to/from work,Not at or within 20 metres of junction,FORD,KA 2,Petrol,Female,Skidded,No tow/articulation,Did not leave carriageway,0,Slowing or stopping,2,Car,No,Did not impact,2020
20104100K0107,B,198,A,10,Slight,None,13-02-2020,Monday,1,Give way or uncontrolled,Roundabout,24.01305701,Daylight,535160,201000,88.29833379,E01023293,1,3,0,0,Wet or damp,Dual carriageway,None,50,15:30:00,Rural,Raining no high winds,No,16 - 20,11,Data missing or out of range,NA,973,None,None,Other/Not known (2005-10),Approaching junction or waiting/parked at junction approach,VAUXHALL,CORSA BREEZE 12V,Petrol,Female,None,No tow/articulation,Did not leave carriageway,0,Slowing or stopping,2,Car,No,Back,2021
201001RG40661,A,206,Unclassified,0,Slight,None,18-11-2010,Thursday,1,Auto traffic signal,Crossroads,51.483477,Daylight,538950,177960,-0.000264,E01001664,1,2,0,5,Wet or damp,Single carriageway,None,30,08:14:00,Urban,Raining no high winds,No,16 - 20,11,Urban area,3,1397,None,None,Other/Not known (2005-10),Mid Junction - on roundabout or on main road,MERCEDES,A140 AVANTGARDE S-A,Petrol,Female,None,No tow/articulation,Did not leave carriageway,0,Waiting to go - held up,2,Car,No,Back,2010
20104100K0107,B,198,A,10,Slight,None,22-02-2010,Monday,1,Give way or uncontrolled,Roundabout,51.691439,Daylight,535160,201000,-0.045948,E01023293,1,3,0,0,Wet or damp,Dual carriageway,None,50,15:30:00,Rural,Raining no high winds,No,16 - 20,11,Data missing or out of range,NA,973,None,None,Other/Not known (2005-10),Approaching junction or waiting/parked at junction approach,VAUXHALL,CORSA BREEZE 12V,Petrol,Female,None,No tow/articulation,Did not leave carriageway,0,Slowing or stopping,2,Car,No,Back,2010
201043R144120,Unclassified,7302,NA,0,Slight,None,15-12-2010,Wednesday,1,Data missing or out of range,Not at junction or within 20 metres,51.515283,Daylight,498790,180560,-0.577687,E01016516,1,2,0,0,Wet or damp,Single carriageway,None,30,15:13:00,Urban,Raining no high winds,No,16 - 20,11,Urban area,3,998,None,None,Other/Not known (2005-10),Not at or within 20 metres of junction,TOYOTA,YARIS GS,Petrol,Female,None,No tow/articulation,Did not leave carriageway,0,Going ahead other,2,Car,No,Nearside,2010
201050AC3F019,B,3297,NA,0,Slight,None,25-08-2010,Wednesday,1,Data missing or out of range,Not at junction or within 20 metres,50.225631,Daylight,170230,41160,-5.222826,E01018914,1,2,0,0,Wet or damp,Single carriageway,None,30,17:00:00,Urban,Raining no high winds,No,16 - 20,11,Rural,4,1124,None,None,Other/Not known (2005-10),Not at or within 20 metres of junction,PEUGEOT,106 XN ZEST,Petrol,Female,Skidded,No tow/articulation,Did not leave carriageway,0,Slowing or stopping,2,Car,No,Offside,2010
201050GN2L017,A,392,NA,0,Slight,None,06-08-2010,Friday,1,Not at junction or within 20 metres,Not at junction or within 20 metres,50.401646,Daylight,185490,60120,-5.019978,E01019050,1,3,0,0,Wet or damp,Single carriageway,None,60,12:29:00,Rural,Raining no high winds,No,16 - 20,11,Data missing or out of range,NA,1299,Parked vehicle,None,Commuting to/from work,Not at or within 20 metres of junction,FORD,KA 2,Petrol,Female,Skidded,No tow/articulation,Did not leave carriageway,0,Slowing or stopping,2,Car,No,Did not impact,2010