Accident_Index,1st_Road_Class,1st_Road_Number,2nd_Road_Class,2nd_Road_Number,Accident_Severity,Carriageway_Hazards,Date,Day_of_Week,Did_Police_Officer_Attend_Scene_of_Accident,Junction_Control,Junction_Detail,Latitude,Light_Conditions,Location_Easting_OSGR,Location_Northing_OSGR,Longitude,LSOA_of_Accident_Location,Number_of_Casualties,Number_of_Vehicles,Pedestrian_Crossing-Human_Control,Pedestrian_Crossing-Physical_Facilities,Road_Surface_Conditions,Road_Type,Special_Conditions_at_Site,Speed_limit,Time,Urban_or_Rural_Area,Weather_Conditions,InScotland,Age_Band_of_Driver,Age_of_Vehicle,Driver_Home_Area_Type,Driver_IMD_Decile,Engine_Capacity_.CC.,Hit_Object_in_Carriageway,Hit_Object_off_Carriageway,Journey_Purpose_of_Driver,Junction_Location,make,model,Propulsion_Code,Sex_of_Driver,Skidding_and_Overturning,Towing_and_Articulation,Vehicle_Leaving_Carriageway,Vehicle_Location.Restricted_Lane,Vehicle_Manoeuvre,Vehicle_Reference,Vehicle_Type,Was_Vehicle_Left_Hand_Drive,X1st_Point_of_Impact,Year
201001JI40642,A,118,Unclassified,0,Slight,None,06-09-2010,Monday,1,Auto traffic signal,T or staggered junction,51.561223,Darkness - lights lit,544610,186770,0.084806,E01003687,1,2,0,5,Dry,Single carriageway,None,30,00:40:00,Urban,Fine no high winds,No,21 - 25,11,Urban area,5,2435,None,None,Other/Not known (2005-10),Mid Junction - on roundabout or on main road,VOLVO,V70 TURBO AUTO,Petrol,Male,None,No tow/articulation,Did not leave carriageway,0,Going ahead other,1,Car,No,Front,2010
201001JI40642,A,118,Unclassified,0,Slight,None,06-09-2010,Monday,1,Auto traffic signal,T or staggered junction,51.561223,Darkness - lights lit,544610,186770,0.084806,E01003687,1,2,0,5,Dry,Single carriageway,None,30,00:40:00,Urban,Fine no high winds,No,21 - 25,11,Urban area,2,1360,None,None,Other/Not known (2005-10),Mid Junction - on roundabout or on main road,PEUGEOT,206 GLX,Petrol,Male,Skidded,No tow/articulation,Did not leave carriageway,0,Turning right,2,Car,No,Front,2010
201001JI40834,A,113,C,0,Slight,None,27-12-2010,Monday,1,Auto traffic signal,T or staggered junction,51.604673,Darkness - lights lit,541940,191530,0.048237,E01003656,1,2,0,0,Wet or damp,Dual carriageway,None,30,20:15:00,Rural,Fine no high winds,No,21 - 25,11,Urban area,3,993,None,None,Other/Not known (2005-10),Mid Junction - on roundabout or on main road,SUZUKI,SWIFT GLS,Petrol,Male,None,No tow/articulation,Did not leave carriageway,0,Turning right,2,Car,No,Nearside,2010
201001MM70291,C,0,Unclassified,0,Slight,None,16-04-2010,Friday,1,Give way or uncontrolled,T or staggered junction,51.456455,Darkness - lights lit,535500,174860,-0.051107,E01004016,1,2,0,0,Dry,Single carriageway,None,30,20:34:00,Urban,Fine no high winds,No,21 - 25,11,Urban area,1,1900,None,None,Journey as part of work,Mid Junction - on roundabout or on main road,VOLKSWAGEN,PASSAT S TDI,Heavy oil,Male,None,No tow/articulation,Did not leave carriageway,0,Turning right,1,Car,No,Offside,2010
201001MM70314,B,205,A,2201,Slight,None,29-04-2010,Thursday,1,Give way or uncontrolled,T or staggered junction,51.502286,Darkness - lights lit,535500,179960,-0.049152,E01004029,1,2,0,0,Dry,Single carriageway,None,30,21:15:00,Urban,Fine no high winds,No,21 - 25,11,Urban area,3,85,None,None,Journey as part of work,Mid Junction - on roundabout or on main road,HONDA,C90,Petrol,Male,None,No tow/articulation,Did not leave carriageway,0,Going ahead other,1,Motorcycle 125cc and under,No,Front,2010
201001MM70953,A,202,Unclassified,0,Slight,None,09-11-2010,Tuesday,1,Give way or uncontrolled,T or staggered junction,51.474132,Darkness - lights lit,533720,176780,-0.075986,E01004066,4,2,0,0,Wet or damp,Single carriageway,None,30,17:40:00,Urban,Fine no high winds,No,21 - 25,11,Urban area,4,1587,None,None,Commuting to/from work,Mid Junction - on roundabout or on main road,CITROEN,SAXO VTR,Petrol,Male,Skidded,No tow/articulation,Did not leave carriageway,0,Going ahead other,1,Car,No,Front,2010
201001PL60662,A,205,Unclassified,0,Slight,None,11-10-2010,Monday,1,Give way or uncontrolled,T or staggered junction,51.447424,Darkness - lights lit,540480,173990,0.020179,E01003269,1,2,0,0,Dry,Dual carriageway,None,40,20:24:00,Urban,Fine no high winds,No,21 - 25,11,Data missing or out of range,NA,1975,None,None,Other/Not known (2005-10),Mid Junction - on roundabout or on main road,HYUNDAI,COUPE SPECIAL EQUIPMENT,Petrol,Male,None,No tow/articulation,Did not leave carriageway,0,Going ahead other,2,Car,No,Front,2010
201001PL60850,A,20,Unclassified,0,Slight,None,14-12-2010,Tuesday,1,Give way or uncontrolled,Crossroads,51.470939,Darkness - lights lit,536930,176510,-0.029899,E01003210,1,1,0,4,Dry,Single carriageway,None,30,21:43:00,Urban,Fine no high winds,No,21 - 25,11,Urban area,3,1587,Kerb,Road sign or traffic signal,Journey as part of work,Cleared junction or waiting/parked at junction exit,PEUGEOT,206 XS,Petrol,Male,None,No tow/articulation,Nearside,0,Going ahead other,1,Car,No,Front,2010
201001RG40141,A,206,A,206,Slight,None,11-03-2010,Thursday,1,Auto traffic signal,T or staggered junction,51.480663,Darkness - lights lit,538330,177630,-0.009317,E01001641,1,3,0,5,Dry,Single carriageway,None,30,22:25:00,Urban,Fine no high winds,No,21 - 25,11,Urban area,5,1598,None,None,Other/Not known (2005-10),Approaching junction or waiting/parked at junction approach,RENAULT,MEGANE SPORT 1.6E,Petrol,Male,None,No tow/articulation,Did not leave carriageway,0,Waiting to go - held up,2,Car,No,Back,2010
201001RY10095,A,20,Unclassified,0,Slight,None,19-02-2010,Friday,1,Give way or uncontrolled,Slip road,51.416019,Darkness - lights lit,546340,170660,0.103072,E01000428,2,2,0,0,Dry,Dual carriageway,None,50,23:19:00,Rural,Fine no high winds,No,21 - 25,11,Urban area,4,2494,Kerb,Other permanent object,Other/Not known (2005-10),Approaching junction or waiting/parked at junction approach,BMW,323I,Petrol,Male,None,No tow/articulation,Nearside,0,Overtaking - nearside,2,Car,No,Offside,2010
201034WS32500,Unclassified,4215,Unclassified,4216,Slight,None,13-08-2010,Friday,1,Give way or uncontrolled,T or staggered junction,52.025241,Darkness - lights lit,450200,236570,-1.269775,E01027288,2,2,0,0,Wet or damp,Single carriageway,None,30,20:32:00,Rural,Fine no high winds,No,21 - 25,11,Small town,9,1360,None,None,Commuting to/from work,Mid Junction - on roundabout or on main road,PEUGEOT,206 GLX,Petrol,Male,None,No tow/articulation,Did not leave carriageway,0,Turning left,1,Car,No,Front,2010
201036T100121,C,816,NA,0,Slight,None,18-09-2010,Saturday,1,Data missing or out of range,Not at junction or within 20 metres,52.642482,Darkness - lights lit,624510,310140,1.317054,E01026802,1,1,0,0,Dry,Single carriageway,None,30,02:25:00,Urban,Fine no high winds,No,21 - 25,11,Urban area,9,1400,None,Tree,Other/Not known (2005-10),Not at or within 20 metres of junction,VOLKSWAGEN,GOLF E,Petrol,Male,Skidded,No tow/articulation,Nearside,0,Going ahead left-hand bend,1,Car,No,Nearside,2010
201037G030328,B,1067,A,1214,Slight,None,02-11-2010,Tuesday,1,Auto traffic signal,Crossroads,52.06335,Darkness - lights lit,615090,245200,1.136472,E01030023,1,2,0,0,Wet or damp,Single carriageway,None,30,06:38:00,Urban,Fine no high winds,No,21 - 25,11,Urban area,4,1598,None,None,Commuting to/from work,Mid Junction - on roundabout or on main road,VAUXHALL,ASTRA CLUB 16V,Petrol,Male,None,No tow/articulation,Did not leave carriageway,0,Turning right,1,Car,No,Front,2010
20104100F0095,A,414,NA,0,Slight,None,06-02-2010,Saturday,1,Not at junction or within 20 metres,Not at junction or within 20 metres,51.748886,Darkness - lights lit,509960,206780,-0.408544,E01023722,1,1,0,0,Wet or damp,Dual carriageway,None,70,19:50:00,Rural,Fine no high winds,No,21 - 25,11,Urban area,7,1587,None,Near/Offside crash barrier,Other/Not known (2005-10),Not at or within 20 metres of junction,PEUGEOT,206 GLX,Petrol,Male,Skidded,No tow/articulation,Nearside and rebounded,0,Changing lane to right,1,Car,No,Back,2010
20104100F0489,A,1057,NA,,Slight,None,11-07-2010,Sunday,1,Give way or uncontrolled,Private drive or entrance,51.752091,Darkness - lights lit,517640,207310,-0.297165,E01023664,4,2,0,0,Dry,Single carriageway,None,30,23:10:00,Urban,Fine no high winds,No,21 - 25,11,Data missing or out of range,NA,1796,None,None,Other/Not known (2005-10),Mid Junction - on roundabout or on main road,FORD,MONDEO ZETEC,Petrol,Male,None,No tow/articulation,Did not leave carriageway,0,Going ahead right-hand bend,1,Car,No,Front,2010
20104100F0558,A,405,B,4630,Slight,None,04-08-2010,Wednesday,1,Give way or uncontrolled,Roundabout,51.720502,Darkness - lights lit,513040,203690,-0.36495,E01023732,2,2,0,0,Wet or damp,Roundabout,None,60,22:55:00,Urban,Fine no high winds,No,21 - 25,11,Urban area,9,1396,None,None,Other/Not known (2005-10),Entering roundabout,ROVER,214 SI,Petrol,Male,Skidded,No tow/articulation,Did not leave carriageway,0,Going ahead other,1,Car,No,Front,2010
20104100K0484,A,121,NA,,Slight,None,04-10-2010,Monday,1,Give way or uncontrolled,Private drive or entrance,51.686558,Darkness - lights lit,537500,200520,-0.012304,E01023338,1,2,0,5,Dry,Single carriageway,None,40,22:20:00,Rural,Fine no high winds,No,21 - 25,11,Urban area,1,85,None,None,Journey as part of work,Mid Junction - on roundabout or on main road,HONDA,C90,Petrol,Male,None,No tow/articulation,Nearside,0,Going ahead other,2,Motorcycle 125cc and under,No,Offside,2010
201042I248908,Unclassified,0,Unclassified,0,Slight,None,02-08-2010,Monday,1,Stop sign,T or staggered junction,51.789395,Darkness - lights lit,617770,214800,1.156285,E01022025,2,2,0,0,Dry,One way street,None,30,22:46:00,Urban,Fine no high winds,No,21 - 25,11,Urban area,2,1686,None,None,Other/Not known (2005-10),Approaching junction or waiting/parked at junction approach,VAUXHALL,CORSA BREEZE D,Heavy oil,Male,None,No tow/articulation,Did not leave carriageway,0,Going ahead other,2,Car,No,Offside,2010
201043R214010,A,321,Unclassified,7005,Slight,None,30-01-2010,Saturday,2,Auto traffic signal,Roundabout,51.332808,Darkness - lights lit,485450,160020,-0.774834,E01016196,3,2,0,0,Dry,Dual carriageway,None,70,20:30:00,Rural,Fine no high winds,No,21 - 25,11,Data missing or out of range,NA,1900,None,None,Other/Not known (2005-10),Leaving roundabout,VOLKSWAGEN,GOLF SE TDI AUTO,Heavy oil,Male,None,No tow/articulation,Did not leave carriageway,0,Moving off,2,Car,No,Back,2010
201043S086120,C,9002,NA,0,Slight,None,18-12-2010,Saturday,1,Data missing or out of range,Not at junction or within 20 metres,52.010687,Darkness - lights lit,482500,235380,-0.799389,E01016779,2,2,0,7,Frost or ice,Single carriageway,None,60,00:10:00,Rural,Fine no high winds,No,21 - 25,11,Urban area,8,1587,None,Near/Offside crash barrier,Other/Not known (2005-10),Not at or within 20 metres of junction,CITROEN,SAXO VTR,Petrol,Male,Skidded,No tow/articulation,Nearside,0,Going ahead other,2,Car,No,Front,2010
201043S116120,A,4146,Unclassified,0,Slight,None,30-12-2010,Thursday,1,Give way or uncontrolled,T or staggered junction,52.046704,Darkness - lights lit,489080,239500,-0.702472,E01016785,1,2,0,0,Wet or damp,Dual carriageway,None,70,16:50:00,Rural,Fine no high winds,No,21 - 25,11,Urban area,6,2494,None,Tree,Other/Not known (2005-10),Mid Junction - on roundabout or on main road,BMW,323 CI SE AUTO,Petrol,Male,None,No tow/articulation,Did not leave carriageway,0,Changing lane to right,2,Car,No,Back,2010
201045EL49307,B,373,Unclassified,0,Slight,None,26-02-2010,Friday,2,Give way or uncontrolled,Other junction,51.367489,Darkness - lights lit,507780,164300,-0.453121,E01030376,1,2,0,0,Dry,Unknown,None,30,19:00:00,Urban,Fine no high winds,No,21 - 25,11,Urban area,9,1124,None,None,Other/Not known (2005-10),Approaching junction or waiting/parked at junction approach,CITROEN,SAXO EAST COAST,Petrol,Male,Skidded,No tow/articulation,Did not leave carriageway,0,Going ahead other,1,Car,No,Front,2010
201045GU55722,Unclassified,0,NA,0,Slight,None,31-10-2010,Sunday,2,Data missing or out of range,Not at junction or within 20 metres,51.253179,Darkness - lights lit,498690,151400,-0.587223,E01030487,1,1,0,0,Dry,Single carriageway,None,30,19:20:00,Urban,Fine no high winds,No,21 - 25,11,Urban area,4,1299,None,None,Journey as part of work,Not at or within 20 metres of junction,FORD,KA 2,Petrol,Male,None,No tow/articulation,Did not leave carriageway,0,Moving off,1,Car,No,Front,2010
201045WO48823,A,324,NA,0,Slight,None,10-02-2010,Wednesday,1,Data missing or out of range,Not at junction or within 20 metres,51.319016,Darkness - lights lit,500030,158750,-0.565971,E01030968,1,2,0,0,Dry,Single carriageway,None,40,00:01:00,Urban,Fine no high winds,No,21 - 25,11,Urban area,6,1988,None,None,Other/Not known (2005-10),Not at or within 20 metres of junction,LEXUS,IS200 SE,Petrol,Male,None,No tow/articulation,Did not leave carriageway,0,Turning right,2,Car,No,Front,2010
201050BT2D005,A,374,C,128,Slight,None,01-05-2010,Saturday,1,Give way or uncontrolled,Other junction,50.377079,Darkness - lights lit,243410,55350,-4.203694,E01018799,1,1,0,0,Wet or damp,Single carriageway,None,30,22:41:00,Rural,Fine no high winds,No,21 - 25,11,Small town,2,100,Kerb,None,Other/Not known (2005-10),Approaching junction or waiting/parked at junction approach,PEUGEOT,SPEEDFIGHT 100,Petrol,Male,None,No tow/articulation,Nearside,0,Going ahead right-hand bend,1,Motorcycle 125cc and under,No,Nearside,2010
201050FT2F013,A,379,NA,0,Slight,None,05-06-2010,Saturday,1,Not at junction or within 20 metres,Not at junction or within 20 metres,50.470126,Darkness - lights lit,293140,64460,-3.507194,E01015269,1,1,0,0,Dry,Single carriageway,None,30,22:20:00,Urban,Fine no high winds,No,21 - 25,11,Urban area,5,2494,None,Other permanent object,Other/Not known (2005-10),Not at or within 20 metres of junction,BMW,323I SE AUTO,Petrol,Male,Skidded,No tow/articulation,Nearside,0,Going ahead other,1,Car,No,Nearside,2010
201060L032035,A,5152,A,525,Slight,None,24-02-2010,Wednesday,1,Give way or uncontrolled,T or staggered junction,53.041716,Darkness - lights lit,333220,349850,-2.997501,W01000402,2,2,0,0,Dry,Single carriageway,None,30,18:20:00,Urban,Fine no high winds,No,21 - 25,11,Data missing or out of range,NA,1360,None,Other permanent object,Other/Not known (2005-10),Mid Junction - on roundabout or on main road,CITROEN,SAXO WEST COAST,Petrol,Male,None,No tow/articulation,Nearside,0,Going ahead other,2,Car,No,Nearside,2010
201060L097543,Unclassified,0,NA,0,Slight,None,29-04-2010,Thursday,2,Data missing or out of range,Not at junction or within 20 metres,53.047744,Darkness - lights lit,333270,350520,-2.996894,W01000372,1,2,0,0,Dry,Single carriageway,None,30,22:30:00,Urban,Fine no high winds,No,21 - 25,11,Urban area,NA,1598,None,None,Other/Not known (2005-10),Not at or within 20 metres of junction,RENAULT,CLIO RT AUTO,Petrol,Male,None,No tow/articulation,Did not leave carriageway,0,Parked,2,Car,No,Front,2010
201060L214136,Unclassified,0,A,470,Slight,None,18-11-2010,Thursday,2,Give way or uncontrolled,Roundabout,53.310951,Darkness - lights lit,279260,380870,-3.81371,W01000188,1,2,0,0,Wet or damp,Roundabout,None,40,17:40:00,Urban,Fine no high winds,No,21 - 25,11,Urban area,NA,1997,None,None,Other/Not known (2005-10),Approaching junction or waiting/parked at junction approach,CITROEN,XANTIA SX HDI,Heavy oil,Male,None,No tow/articulation,Did not leave carriageway,0,Going ahead other,1,Car,No,Front,2010
201001EO40697,C,0,Unclassified,0,Slight,None,02-11-2010,Tuesday,1,Give way or uncontrolled,T or staggered junction,51.538923,Darkness - lights lit,531820,183940,-0.100653,E01002793,1,2,0,0,Dry,Single carriageway,Roadworks,30,19:50:00,Urban,Fine no high winds,No,21 - 25,11,Urban area,2,85,None,None,Journey as part of work,Approaching junction or waiting/parked at junction approach,HONDA,C90,Petrol,Male,None,No tow/articulation,Did not leave carriageway,0,Waiting to go - held up,2,Motorcycle over 125cc and up to 500cc,No,Front,2010
201001HT20356,A,11,NA,0,Slight,None,31-05-2010,Monday,1,Data missing or out of range,Not at junction or within 20 metres,51.524375,Darkness - lights lit,536320,182440,-0.036387,E01004270,1,3,0,0,Dry,Single carriageway,None,30,20:23:00,Urban,Fine no high winds,No,21 - 25,11,Urban area,5,2494,None,None,Other/Not known (2005-10),Not at or within 20 metres of junction,BMW,323I SE,Petrol,Male,None,No tow/articulation,Did not leave carriageway,0,Going ahead other,3,Car,No,Front,2010
201001JC30010,A,406,NA,0,Slight,None,05-01-2010,Tuesday,1,Data missing or out of range,Not at junction or within 20 metres,51.59996,Darkness - lights lit,538490,190910,-0.001793,E01004377,1,3,0,0,Dry,Dual carriageway,None,50,18:03:00,Urban,Fine no high winds,No,21 - 25,11,Urban area,3,1390,None,None,Other/Not known (2005-10),Not at or within 20 metres of junction,VOLKSWAGEN,POLO 1.4 CL,Petrol,Male,None,No tow/articulation,Did not leave carriageway,0,Slowing or stopping,2,Car,No,Front,2010
201001JI40642,A,118,Unclassified,0,Slight,None,06-09-2010,Monday,1,Auto traffic signal,T or staggered junction,51.561223,Darkness - lights lit,544610,186770,0.084806,E01003687,1,2,0,5,Dry,Single carriageway,None,30,00:40:00,Urban,Fine no high winds,No,21 - 25,11,Urban area,5,2435,None,None,Other/Not known (2005-10),Mid Junction - on roundabout or on main road,VOLVO,V70 TURBO AUTO,Petrol,Male,None,No tow/articulation,Did not leave carriageway,0,Going ahead other,1,Car,No,Front,2010
201001JI40642,A,118,Unclassified,0,Slight,None,06-09-2010,Monday,1,Auto traffic signal,T or staggered junction,51.561223,Darkness - lights lit,544610,186770,0.084806,E01003687,1,2,0,5,Dry,Single carriageway,None,30,00:40:00,Urban,Fine no high winds,No,21 - 25,11,Urban area,2,1360,None,None,Other/Not known (2005-10),Mid Junction - on roundabout or on main road,PEUGEOT,206 GLX,Petrol,Male,Skidded,No tow/articulation,Did not leave carriageway,0,Turning right,2,Car,No,Front,2010
201001JI40834,A,113,C,0,Slight,None,27-12-2010,Monday,1,Auto traffic signal,T or staggered junction,51.604673,Darkness - lights lit,541940,191530,0.048237,E01003656,1,2,0,0,Wet or damp,Dual carriageway,None,30,20:15:00,Rural,Fine no high winds,No,21 - 25,11,Urban area,3,993,None,None,Other/Not known (2005-10),Mid Junction - on roundabout or on main road,SUZUKI,SWIFT GLS,Petrol,Male,None,No tow/articulation,Did not leave carriageway,0,Turning right,2,Car,No,Nearside,2010
201001MM70291,C,0,Unclassified,0,Slight,None,16-04-2010,Friday,1,Give way or uncontrolled,T or staggered junction,51.456455,Darkness - lights lit,535500,174860,-0.051107,E01004016,1,2,0,0,Dry,Single carriageway,None,30,20:34:00,Urban,Fine no high winds,No,21 - 25,11,Urban area,1,1900,None,None,Journey as part of work,Mid Junction - on roundabout or on main road,VOLKSWAGEN,PASSAT S TDI,Heavy oil,Male,None,No tow/articulation,Did not leave carriageway,0,Turning right,1,Car,No,Offside,2010
201001MM70314,B,205,A,2201,Slight,None,29-04-2010,Thursday,1,Give way or uncontrolled,T or staggered junction,51.502286,Darkness - lights lit,535500,179960,-0.049152,E01004029,1,2,0,0,Dry,Single carriageway,None,30,21:15:00,Urban,Fine no high winds,No,21 - 25,11,Urban area,3,85,None,None,Journey as part of work,Mid Junction - on roundabout or on main road,HONDA,C90,Petrol,Male,None,No tow/articulation,Did not leave carriageway,0,Going ahead other,1,Motorcycle 125cc and under,No,Front,2010
201001MM70953,A,202,Unclassified,0,Slight,None,09-11-2010,Tuesday,1,Give way or uncontrolled,T or staggered junction,51.474132,Darkness - lights lit,533720,176780,-0.075986,E01004066,4,2,0,0,Wet or damp,Single carriageway,None,30,17:40:00,Urban,Fine no high winds,No,21 - 25,11,Urban area,4,1587,None,None,Commuting to/from work,Mid Junction - on roundabout or on main road,CITROEN,SAXO VTR,Petrol,Male,Skidded,No tow/articulation,Did not leave carriageway,0,Going ahead other,1,Car,No,Front,2010
201001PL60662,A,205,Unclassified,0,Slight,None,11-10-2010,Monday,1,Give way or uncontrolled,T or staggered junction,51.447424,Darkness - lights lit,540480,173990,0.020179,E01003269,1,2,0,0,Dry,Dual carriageway,None,40,20:24:00,Urban,Fine no high winds,No,21 - 25,11,Data missing or out of range,NA,1975,None,None,Other/Not known (2005-10),Mid Junction - on roundabout or on main road,HYUNDAI,COUPE SPECIAL EQUIPMENT,Petrol,Male,None,No tow/articulation,Did not leave carriageway,0,Going ahead other,2,Car,No,Front,2010
201001PL60850,A,20,Unclassified,0,Slight,None,14-12-2010,Tuesday,1,Give way or uncontrolled,Crossroads,51.470939,Darkness - lights lit,536930,176510,-0.029899,E01003210,1,1,0,4,Dry,Single carriageway,None,30,21:43:00,Urban,Fine no high winds,No,21 - 25,11,Urban area,3,1587,Kerb,Road sign or traffic signal,Journey as part of work,Cleared junction or waiting/parked at junction exit,PEUGEOT,206 XS,Petrol,Male,None,No tow/articulation,Nearside,0,Going ahead other,1,Car,No,Front,2010
201001RG40141,A,206,A,206,Slight,None,11-03-2010,Thursday,1,Auto traffic signal,T or staggered junction,51.480663,Darkness - lights lit,538330,177630,-0.009317,E01001641,1,3,0,5,Dry,Single carriageway,None,30,22:25:00,Urban,Fine no high winds,No,21 - 25,11,Urban area,5,1598,None,None,Other/Not known (2005-10),Approaching junction or waiting/parked at junction approach,RENAULT,MEGANE SPORT 1.6E,Petrol,Male,None,No tow/articulation,Did not leave carriageway,0,Waiting to go - held up,2,Car,No,Back,2010
201001RY10095,A,20,Unclassified,0,Slight,None,19-02-2010,Friday,1,Give way or uncontrolled,Slip road,51.416019,Darkness - lights lit,546340,170660,0.103072,E01000428,2,2,0,0,Dry,Dual carriageway,None,50,23:19:00,Rural,Fine no high winds,No,21 - 25,11,Urban area,4,2494,Kerb,Other permanent object,Other/Not known (2005-10),Approaching junction or waiting/parked at junction approach,BMW,323I,Petrol,Male,None,No tow/articulation,Nearside,0,Overtaking - nearside,2,Car,No,Offside,2010
201001VK30076,Unclassified,0,NA,0,Slight,None,10-03-2010,Wednesday,1,Data missing or out of range,Not at junction or within 20 metres,51.36839,Darkness - lights lit,518600,164640,-0.297647,E01002939,1,2,0,0,Dry,Single carriageway,None,30,20:10:00,Urban,Fine no high winds,No,21 - 25,11,Urban area,7,1341,None,None,Other/Not known (2005-10),Not at or within 20 metres of junction,HYUNDAI,ACCENT COUPE SI,Petrol,Male,None,No tow/articulation,Did not leave carriageway,0,Going ahead other,1,Car,No,Front,2010
201001VW40445,C,0,NA,0,Slight,None,10-12-2010,Friday,1,Data missing or out of range,Not at junction or within 20 metres,51.401659,Darkness - lights lit,528450,168580,-0.154798,E01003435,1,2,0,5,Wet or damp,Single carriageway,None,30,17:56:00,Urban,Fine no high winds,No,21 - 25,11,Urban area,6,1997,None,None,Other/Not known (2005-10),Not at or within 20 metres of junction,PEUGEOT,206 GTI,Petrol,Male,None,No tow/articulation,Did not leave carriageway,0,Going ahead other,2,Car,No,Front,2010
201001WW50909,A,3220,C,0,Slight,None,20-11-2010,Saturday,1,Give way or uncontrolled,T or staggered junction,51.478794,Darkness - lights lit,527140,177130,-0.170552,E01004583,1,2,0,1,Dry,Single carriageway,None,30,19:10:00,Urban,Fine no high winds,No,21 - 25,11,Urban area,1,2496,None,None,Journey as part of work,Approaching junction or waiting/parked at junction approach,FORD,TRANSIT 120 SWB,Heavy oil,Male,None,No tow/articulation,Did not leave carriageway,0,Going ahead other,2,Van / Goods 3.5 tonnes mgw or under,No,Nearside,2010
201001WW50998,A,3205,NA,0,Slight,None,07-12-2010,Tuesday,1,Data missing or out of range,Not at junction or within 20 metres,51.474836,Darkness - lights lit,528350,176720,-0.153286,E01004563,1,2,0,0,Dry,Dual carriageway,None,30,17:20:00,Urban,Fine no high winds,No,21 - 25,11,Urban area,4,125,None,None,Other/Not known (2005-10),Not at or within 20 metres of junction,GILERA,RUNNER 180,Petrol,Male,None,No tow/articulation,Did not leave carriageway,2,Going ahead other,1,Motorcycle 125cc and under,No,Offside,2010
201001XH30855,A,40,NA,0,Slight,None,09-12-2010,Thursday,1,Data missing or out of range,Not at junction or within 20 metres,51.547914,Darkness - lights lit,510430,184430,-0.408789,E01002499,1,2,0,0,Frost or ice,Dual carriageway,None,50,00:05:00,Urban,Fine no high winds,No,21 - 25,11,Small town,8,1997,None,None,Other/Not known (2005-10),Not at or within 20 metres of junction,PEUGEOT,306 D TURBO HDI,Heavy oil,Male,None,No tow/articulation,Did not leave carriageway,0,Parked,1,Car,No,Back,2010
201001XH30919,A,4180,A,40,Slight,None,17-12-2010,Friday,1,Give way or uncontrolled,Roundabout,51.548501,Darkness - lights lit,511100,184510,-0.399105,E01002499,1,2,0,0,Wet or damp,Single carriageway,None,30,00:06:00,Urban,Fine no high winds,No,21 - 25,11,Data missing or out of range,NA,1598,None,None,Other/Not known (2005-10),Mid Junction - on roundabout or on main road,RENAULT,CLIO RXE,Petrol,Male,None,No tow/articulation,Did not leave carriageway,0,Going ahead right-hand bend,1,Car,No,Front,2010
201001ZD30577,Unclassified,0,Unclassified,0,Slight,None,12-07-2010,Monday,1,Give way or uncontrolled,Crossroads,51.396015,Darkness - lights lit,534200,168100,-0.072366,E01001191,1,2,0,0,Dry,Single carriageway,None,30,22:55:00,Urban,Fine no high winds,No,21 - 25,11,Urban area,2,1598,None,None,Other/Not known (2005-10),Entering main road,RENAULT,CLIO RXE,Petrol,Male,None,No tow/articulation,Did not leave carriageway,0,Moving off,2,Car,No,Offside,2010
201004AN10010,A,587,Unclassified,0,Slight,None,27-01-2010,Wednesday,1,Give way or uncontrolled,Roundabout,53.848501,Darkness - lights lit,331810,439640,-3.038016,E01012705,3,2,0,0,Dry,Roundabout,None,30,18:45:00,Urban,Fine no high winds,No,21 - 25,11,Urban area,3,1349,None,None,Other/Not known (2005-10),Mid Junction - on roundabout or on main road,DAEWOO,LANOS SE,Petrol,Male,None,No tow/articulation,Did not leave carriageway,0,Turning right,2,Car,No,Nearside,2010
201004CA10129,A,6,NA,0,Slight,None,09-11-2010,Tuesday,1,Data missing or out of range,Not at junction or within 20 metres,53.652528,Darkness - lights lit,358640,417520,-2.627251,E01024940,1,2,0,0,Wet or damp,Dual carriageway,None,30,17:15:00,Urban,Fine no high winds,No,21 - 25,11,Data missing or out of range,NA,599,None,None,Other/Not known (2005-10),Not at or within 20 metres of junction,SUZUKI,GSF 600 SX,Petrol,Male,None,No tow/articulation,Did not leave carriageway,0,Going ahead other,2,Motorcycle over 500cc,No,Front,2010
201004CJ10084,A,570,NA,0,Slight,None,25-09-2010,Saturday,1,Data missing or out of range,Not at junction or within 20 metres,53.627811,Darkness - lights lit,336280,415020,-2.964998,E01025514,1,1,0,0,Dry,Single carriageway,None,40,23:30:00,Urban,Fine no high winds,No,21 - 25,11,Urban area,2,100,Kerb,None,Other/Not known (2005-10),Not at or within 20 metres of junction,PEUGEOT,ELYSEO 100,Petrol,Male,None,No tow/articulation,Did not leave carriageway,0,Going ahead other,1,Motorcycle 50cc and under,No,Nearside,2010
201004EA10012,A,677,Unclassified,0,Slight,None,20-01-2010,Wednesday,1,Give way or uncontrolled,Private drive or entrance,53.762755,Darkness - lights lit,365280,429730,-2.528166,E01025337,2,2,0,0,Wet or damp,Single carriageway,None,50,16:48:00,Rural,Fine no high winds,No,21 - 25,11,Urban area,3,1587,None,None,Other/Not known (2005-10),Mid Junction - on roundabout or on main road,PEUGEOT,206 GLX,Petrol,Male,None,No tow/articulation,Did not leave carriageway,0,Going ahead other,1,Car,No,Front,2010
201004EA10073,Unclassified,0,Unclassified,0,Slight,None,13-03-2010,Saturday,1,Auto traffic signal,Other junction,53.749428,Darkness - lights lit,367680,428230,-2.491604,E01012656,1,1,0,0,Dry,Dual carriageway,None,30,20:22:00,Urban,Fine no high winds,No,21 - 25,11,Urban area,5,1997,None,None,Other/Not known (2005-10),Cleared junction or waiting/parked at junction exit,LAND ROVER,FREELANDER XEDI S-WAGON,Heavy oil,Male,None,No tow/articulation,Did not leave carriageway,0,Going ahead other,1,Car,No,Front,2010