Accident_Index,1st_Road_Class,1st_Road_Number,2nd_Road_Class,2nd_Road_Number,Accident_Severity,Carriageway_Hazards,Date,Day_of_Week,Did_Police_Officer_Attend_Scene_of_Accident,Junction_Control,Junction_Detail,Latitude,Light_Conditions,Location_Easting_OSGR,Location_Northing_OSGR,Longitude,LSOA_of_Accident_Location,Number_of_Casualties,Number_of_Vehicles,Pedestrian_Crossing-Human_Control,Pedestrian_Crossing-Physical_Facilities,Road_Surface_Conditions,Road_Type,Special_Conditions_at_Site,Speed_limit,Time,Urban_or_Rural_Area,Weather_Conditions,InScotland,Age_Band_of_Driver,Age_of_Vehicle,Driver_Home_Area_Type,Driver_IMD_Decile,Engine_Capacity_.CC.,Hit_Object_in_Carriageway,Hit_Object_off_Carriageway,Journey_Purpose_of_Driver,Junction_Location,make,model,Propulsion_Code,Sex_of_Driver,Skidding_and_Overturning,Towing_and_Articulation,Vehicle_Leaving_Carriageway,Vehicle_Location.Restricted_Lane,Vehicle_Manoeuvre,Vehicle_Reference,Vehicle_Type,Was_Vehicle_Left_Hand_Drive,X1st_Point_of_Impact,Year
201004EA10193,A,677,NA,0,Slight,None,28-07-2010,Wednesday,1,Data missing or out of range,Not at junction or within 20 metres,53.751392,Darkness - lights lit,367470,428450,-2.494811,E01012586,3,2,0,0,Dry,Single carriageway,None,30,00:48:00,Urban,Fine no high winds,No,21 - 25,11,Urban area,1,1997,None,None,Other/Not known (2005-10),Not at or within 20 metres of junction,PEUGEOT,406 EXECUTIVE HDI(110),Heavy oil,Male,None,No tow/articulation,Did not leave carriageway,0,Going ahead other,2,Car,No,Front,2010
201004EA10289,Unclassified,0,Unclassified,0,Slight,None,19-11-2010,Friday,1,Give way or uncontrolled,T or staggered junction,53.751322,Darkness - lights lit,366380,428450,-2.511341,E01012584,1,2,0,0,Wet or damp,Single carriageway,None,30,21:35:00,Urban,Fine no high winds,No,21 - 25,11,Urban area,7,1984,None,None,Other/Not known (2005-10),Entering main road,VOLKSWAGEN,BORA SE,Petrol,Male,None,No tow/articulation,Did not leave carriageway,0,Turning right,1,Car,No,Front,2010
201004EM10058,A,678,NA,0,Slight,None,24-12-2010,Friday,1,Data missing or out of range,Not at junction or within 20 metres,53.764416,Darkness - lights lit,371960,429870,-2.426851,E01025074,1,2,0,0,Frost or ice,Single carriageway,None,30,05:40:00,Rural,Fine no high winds,No,21 - 25,11,Urban area,7,1360,None,None,Commuting to/from work,Not at or within 20 metres of junction,CITROEN,SAXO WEST COAST,Petrol,Male,Skidded,No tow/articulation,Offside,0,Overtaking moving vehicle - offside,1,Car,No,Front,2010
201004FL10060,A,681,Unclassified,0,Slight,None,19-06-2010,Saturday,1,Give way or uncontrolled,Crossroads,53.699126,Darkness - lights lit,383720,422550,-2.248066,E01025374,1,2,0,0,Dry,Single carriageway,None,30,22:20:00,Urban,Fine no high winds,No,21 - 25,11,Urban area,4,1360,None,None,Other/Not known (2005-10),Mid Junction - on roundabout or on main road,CITROEN,XSARA WEST COAST,Petrol,Male,Skidded,No tow/articulation,Did not leave carriageway,0,Going ahead right-hand bend,2,Car,No,Front,2010
201006F027909,A,56,B,6186,Slight,None,15-02-2010,Monday,1,Give way or uncontrolled,T or staggered junction,53.500014,Darkness - lights lit,383100,400400,-2.256249,E01005611,2,2,0,0,Dry,Single carriageway,None,30,20:32:00,Urban,Fine no high winds,No,21 - 25,11,Urban area,3,999,None,None,Other/Not known (2005-10),Approaching junction or waiting/parked at junction approach,VOLKSWAGEN,POLO 1.0 L,Petrol,Male,Skidded,No tow/articulation,Did not leave carriageway,0,Going ahead other,2,Car,No,Front,2010
201006G032129,A,627,C,0,Slight,None,04-04-2010,Sunday,1,Auto traffic signal,Crossroads,53.487932,Darkness - lights lit,393470,399030,-2.099888,E01005952,3,2,0,0,Dry,Single carriageway,None,30,22:55:00,Urban,Fine no high winds,No,21 - 25,11,Urban area,7,1998,None,None,Other/Not known (2005-10),Mid Junction - on roundabout or on main road,PEUGEOT,306 XSI,Petrol,Male,None,No tow/articulation,Did not leave carriageway,0,Going ahead other,1,Car,No,Nearside,2010
201006N036577,A,56,Unclassified,0,Slight,None,22-09-2010,Wednesday,1,Give way or uncontrolled,T or staggered junction,53.602494,Darkness - lights lit,380840,411810,-2.291022,E01004979,1,2,0,0,Dry,Single carriageway,None,30,19:30:00,Urban,Fine no high winds,No,21 - 25,11,Urban area,1,1900,None,None,Pupil riding to/from school,Entering main road,VOLKSWAGEN,GOLF SE TDI,Heavy oil,Male,None,No tow/articulation,Did not leave carriageway,0,Turning right,1,Car,No,Offside,2010
201006Q036816,A,627,A,627,Slight,None,28-09-2010,Tuesday,1,Give way or uncontrolled,T or staggered junction,53.541213,Darkness - lights lit,391920,404960,-2.123403,E01005353,1,2,0,0,Dry,Slip road,None,50,21:30:00,Urban,Fine no high winds,No,21 - 25,11,Urban area,1,1392,None,None,Other/Not known (2005-10),Entering main road,NISSAN,ALMERA ESTEEM,Petrol,Male,None,No tow/articulation,Did not leave carriageway,0,Going ahead other,1,Car,No,Back,2010
201006X028156,Motorway,62,NA,0,Slight,None,14-02-2010,Sunday,1,Data missing or out of range,Not at junction or within 20 metres,53.585281,Darkness - lights lit,388490,409870,-2.175344,E01005479,4,1,0,0,Wet or damp,Dual carriageway,Roadworks,70,00:55:00,Urban,Fine no high winds,No,21 - 25,11,Urban area,1,1360,None,Near/Offside crash barrier,Other/Not known (2005-10),Not at or within 20 metres of junction,PEUGEOT,306 LX,Petrol,Male,Skidded,No tow/articulation,Nearside and rebounded,0,Going ahead left-hand bend,1,Car,No,Front,2010
201011SL13910,Unclassified,0,Unclassified,0,Slight,None,13-06-2010,Sunday,1,Give way or uncontrolled,T or staggered junction,54.701105,Darkness - lights lit,425830,534080,-1.600701,E01020819,1,1,0,8,Wet or damp,Single carriageway,None,30,22:00:00,Urban,Fine no high winds,No,21 - 25,11,Urban area,1,1994,None,Near/Offside crash barrier,Other/Not known (2005-10),Approaching junction or waiting/parked at junction approach,ROVER,220  SE TD,Heavy oil,Male,Skidded,No tow/articulation,Offside,0,Going ahead right-hand bend,1,Car,No,Offside,2010
201014A032810,A,18,NA,,Slight,None,01-02-2010,Monday,1,Give way or uncontrolled,Other junction,53.532933,Darkness - lights lit,460650,404420,-1.08643,E01007566,2,3,0,0,Dry,Single carriageway,None,40,19:45:00,Urban,Fine no high winds,No,21 - 25,11,Urban area,3,1997,None,None,Other/Not known (2005-10),Approaching junction or waiting/parked at junction approach,PEUGEOT,306 D TURBO HDI,Heavy oil,Male,None,No tow/articulation,Did not leave carriageway,0,Waiting to go - held up,1,Car,No,Back,2010
201014A202210,Motorway,18,A,614,Slight,None,18-12-2010,Saturday,2,Give way or uncontrolled,Roundabout,53.618536,Darkness - lights lit,467640,414040,-0.978906,E01007640,1,2,0,0,Dry,Roundabout,None,40,18:30:00,Rural,Fine no high winds,No,21 - 25,11,Urban area,2,1389,None,None,Other/Not known (2005-10),Entering roundabout,OPEL,,Petrol,Male,None,No tow/articulation,Did not leave carriageway,0,Waiting to go - held up,1,Car,No,Back,2010
201014B016810,A,633,NA,0,Slight,None,05-02-2010,Friday,1,Not at junction or within 20 metres,Not at junction or within 20 metres,53.544001,Darkness - lights lit,437330,405410,-1.438124,E01007319,4,2,0,0,Wet or damp,Single carriageway,None,30,19:00:00,Rural,Fine no high winds,No,21 - 25,11,Urban area,3,1994,None,None,Other/Not known (2005-10),Not at or within 20 metres of junction,SUBARU,IMPREZA GL AWD,Petrol,Male,None,No tow/articulation,Did not leave carriageway,0,Going ahead other,2,Car,No,Nearside,2010
201014B016910,A,61,Unclassified,0,Slight,None,06-02-2010,Saturday,1,Give way or uncontrolled,Roundabout,53.550109,Darkness - lights lit,434760,406070,-1.476833,E01007338,5,2,0,0,Wet or damp,Roundabout,None,30,17:45:00,Urban,Fine no high winds,No,21 - 25,11,Urban area,2,1589,None,None,Other/Not known (2005-10),Leaving roundabout,ROVER,416I L,Petrol,Male,None,No tow/articulation,Did not leave carriageway,0,Slowing or stopping,2,Car,No,Front,2010
201014B086310,Unclassified,0,Unclassified,0,Slight,None,18-08-2010,Wednesday,1,Give way or uncontrolled,Other junction,53.572217,Darkness - lights lit,436140,408540,-1.45572,E01007327,1,2,0,0,Dry,Single carriageway,None,30,20:34:00,Urban,Fine no high winds,No,21 - 25,11,Urban area,4,1598,None,None,Other/Not known (2005-10),Approaching junction or waiting/parked at junction approach,VAUXHALL,CORSA SPORT 1.6I,Petrol,Male,None,No tow/articulation,Did not leave carriageway,0,Waiting to go - held up,1,Car,No,Front,2010
201014B141110,A,633,A,633,Slight,Other object on road,12-12-2010,Sunday,1,Give way or uncontrolled,Roundabout,53.517221,Darkness - lights lit,440900,402460,-1.384636,E01007454,1,1,0,0,Wet or damp,Roundabout,Roadworks,50,02:31:00,Urban,Fine no high winds,No,21 - 25,11,Urban area,2,1587,Road works,Lamp post,Other/Not known (2005-10),Approaching junction or waiting/parked at junction approach,PEUGEOT,206 XS,Petrol,Male,Overturned,No tow/articulation,Did not leave carriageway,0,Going ahead right-hand bend,1,Car,No,Front,2010
201014K046710,A,6109,Unclassified,0,Slight,None,12-02-2010,Friday,1,Give way or uncontrolled,T or staggered junction,53.39348,Darkness - lights lit,436880,388660,-1.446875,E01007876,5,2,0,0,Dry,Single carriageway,None,30,20:10:00,Urban,Fine no high winds,No,21 - 25,11,Urban area,2,1598,None,None,Other/Not known (2005-10),Approaching junction or waiting/parked at junction approach,VAUXHALL,ASTRA LS 8V AUTO,Petrol,Male,None,No tow/articulation,Did not leave carriageway,0,Turning left,2,Car,No,Front,2010
201014K113710,A,61,A,57,Slight,None,25-04-2010,Sunday,2,Auto traffic signal,Crossroads,53.3825,Darkness - lights lit,434420,387420,-1.484001,E01008071,3,2,0,0,Dry,Dual carriageway,None,40,01:15:00,Urban,Fine no high winds,No,21 - 25,11,Urban area,1,1341,None,None,Other/Not known (2005-10),Approaching junction or waiting/parked at junction approach,HYUNDAI,ACCENT SIENA,Petrol,Male,None,No tow/articulation,Did not leave carriageway,0,U-turn,2,Car,No,Offside,2010
201014K221610,Unclassified,0,NA,0,Slight,None,22-08-2010,Sunday,1,Not at junction or within 20 metres,Not at junction or within 20 metres,53.424211,Darkness - lights lit,437020,392080,-1.444369,E01007849,2,4,0,0,Dry,Single carriageway,None,30,04:30:00,Urban,Fine no high winds,No,21 - 25,11,Urban area,1,1396,None,None,Other/Not known (2005-10),Not at or within 20 metres of junction,ROVER,214I L,Petrol,Male,None,No tow/articulation,Offside and rebounded,0,Going ahead other,1,Car,No,Front,2010
201014K345710,Unclassified,0,NA,0,Slight,None,06-12-2010,Monday,1,Not at junction or within 20 metres,Not at junction or within 20 metres,53.384813,Darkness - lights lit,434800,387680,-1.47826,E01008070,1,2,0,0,Snow,Single carriageway,None,30,17:00:00,Urban,Fine no high winds,No,21 - 25,11,Urban area,4,1124,None,None,Other/Not known (2005-10),Not at or within 20 metres of junction,CITROEN,SAXO X,Petrol,Male,Skidded,No tow/articulation,Did not leave carriageway,0,Going ahead other,1,Car,No,Front,2010
2010160D03381,B,1237,Unclassified,0,Slight,None,19-06-2010,Saturday,1,Give way or uncontrolled,T or staggered junction,53.78042,Darkness - lights lit,511410,432890,-0.31068,E01012907,2,2,0,0,Dry,Roundabout,None,30,01:30:00,Urban,Fine no high winds,No,21 - 25,11,Urban area,7,1895,None,None,Other/Not known (2005-10),Entering roundabout,BMW,318 CI,Petrol,Male,None,No tow/articulation,Did not leave carriageway,0,Going ahead other,2,Car,No,Front,2010
2010160D06431,Unclassified,0,A,165,Slight,None,01-11-2010,Monday,2,Auto traffic signal,Crossroads,53.748468,Darkness - lights lit,509560,429290,-0.34002,E01012853,1,2,0,5,Dry,Single carriageway,None,30,16:23:00,Urban,Fine no high winds,No,21 - 25,11,Urban area,1,973,None,None,Other/Not known (2005-10),Approaching junction or waiting/parked at junction approach,VAUXHALL,CORSA BREEZE 12V,Petrol,Male,None,No tow/articulation,Did not leave carriageway,0,Waiting to turn right,1,Car,No,Back,2010
201020D049813,Unclassified,0,Unclassified,0,Slight,None,22-02-2010,Monday,2,Give way or uncontrolled,Mini-roundabout,52.467027,Darkness - lights lit,411180,285470,-1.836869,E01009326,2,2,0,0,Dry,Roundabout,None,30,02:16:00,Urban,Fine no high winds,No,21 - 25,11,Urban area,1,1587,None,None,Commuting to/from work,Entering roundabout,PEUGEOT,206 XS,Petrol,Male,None,No tow/articulation,Did not leave carriageway,0,Going ahead other,2,Car,No,Front,2010
201020K013770,Unclassified,0,NA,0,Slight,None,02-11-2010,Tuesday,1,Data missing or out of range,Not at junction or within 20 metres,52.537523,Darkness - lights lit,396930,293300,-2.046704,E01009983,1,3,0,0,Wet or damp,Single carriageway,None,30,01:20:00,Urban,Fine no high winds,No,21 - 25,11,Urban area,1,1396,Parked vehicle,Road sign or traffic signal,Other/Not known (2005-10),Not at or within 20 metres of junction,ROVER,414 I,Petrol,Male,Skidded,No tow/articulation,Offside and rebounded,0,Going ahead other,1,Car,No,Front,2010
201020T011440,A,45,NA,0,Slight,None,12-05-2010,Wednesday,1,Data missing or out of range,Not at junction or within 20 metres,52.463167,Darkness - lights lit,410870,285040,-1.841446,E01009335,2,4,0,0,Dry,Dual carriageway,None,40,23:30:00,Urban,Fine no high winds,No,21 - 25,11,Urban area,2,1797,Parked vehicle,Road sign or traffic signal,Other/Not known (2005-10),Not at or within 20 metres of junction,HONDA,CIVIC VTI-S,Petrol,Male,None,No tow/articulation,Offside on to centrl res + rebounded,0,Going ahead other,2,Car,No,Front,2010
201022E004771,Unclassified,0,Unclassified,0,Slight,None,19-09-2010,Sunday,1,Give way or uncontrolled,Other junction,52.035826,Darkness - lights lit,349740,237750,-2.734122,E01013993,2,3,0,0,Dry,Single carriageway,None,30,00:20:00,Urban,Fine no high winds,No,21 - 25,11,Urban area,2,1997,Parked vehicle,None,Other/Not known (2005-10),Mid Junction - on roundabout or on main road,PEUGEOT,306 L HDI,Heavy oil,Male,None,No tow/articulation,Did not leave carriageway,0,Going ahead other,1,Car,No,Front,2010
201022E005667,Unclassified,0,Unclassified,0,Slight,None,12-11-2010,Friday,2,Give way or uncontrolled,T or staggered junction,52.059879,Darkness - lights lit,352320,240400,-2.696884,E01013988,1,2,0,0,Wet or damp,Single carriageway,None,30,19:15:00,Urban,Fine no high winds,No,21 - 25,11,Rural,5,1994,None,None,Other/Not known (2005-10),Entering main road,ROVER,420I E DIESEL,Heavy oil,Male,None,No tow/articulation,Did not leave carriageway,0,Moving off,2,Car,No,Offside,2010
201030A000041,C,87,Unclassified,0,Slight,None,30-01-2010,Saturday,1,Give way or uncontrolled,Private drive or entrance,53.02221,Darkness - lights lit,441140,347390,-1.388125,E01019448,1,2,0,0,Dry,Single carriageway,None,30,18:00:00,Rural,Fine no high winds,No,21 - 25,11,Urban area,6,973,None,None,Other/Not known (2005-10),Leaving main road,VAUXHALL,CORSA BREEZE 12V,Petrol,Male,None,No tow/articulation,Did not leave carriageway,0,Turning right,2,Car,No,Offside,2010
201030D001059,A,514,Unclassified,0,Slight,None,28-10-2010,Thursday,2,Give way or uncontrolled,Private drive or entrance,52.892901,Darkness - lights lit,436840,332970,-1.453863,E01013583,1,2,0,0,Wet or damp,Single carriageway,None,30,18:14:00,Urban,Fine no high winds,No,21 - 25,11,Urban area,1,1761,None,None,Other/Not known (2005-10),Entering main road,CITROEN,XSARA 1.8I VTR,Petrol,Male,None,No tow/articulation,Did not leave carriageway,0,Turning right,1,Car,No,Offside,2010
20103102A3086,B,6023,Unclassified,0,Slight,Other object on road,17-12-2010,Friday,1,Auto traffic signal,Crossroads,53.131459,Darkness - lights lit,451130,359640,-1.237259,E01027985,1,2,0,5,Wet or damp,Single carriageway,None,40,18:03:00,Rural,Fine no high winds,No,21 - 25,11,Urban area,1,1984,Other object,None,Other/Not known (2005-10),Mid Junction - on roundabout or on main road,VOLVO,V70 TORSLANDA 10V,Petrol,Male,None,No tow/articulation,Did not leave carriageway,0,Going ahead other,1,Car,No,Front,2010
20103102D0904,Unclassified,0,Unclassified,0,Slight,None,27-01-2010,Wednesday,2,Give way or uncontrolled,T or staggered junction,52.964661,Darkness - lights lit,461970,341210,-1.078802,E01028186,1,2,0,1,Dry,Single carriageway,None,30,18:30:00,Urban,Fine no high winds,No,21 - 25,11,Data missing or out of range,NA,1124,None,None,Other/Not known (2005-10),Approaching junction or waiting/parked at junction approach,CITROEN,SAXO X,Petrol,Male,None,No tow/articulation,Did not leave carriageway,0,Waiting to go - held up,2,Car,No,Back,2010
20103104C2097,Unclassified,0,Unclassified,0,Slight,None,15-05-2010,Saturday,1,Give way or uncontrolled,T or staggered junction,53.015998,Darkness - lights lit,454380,346830,-1.190851,E01013879,2,2,0,0,Dry,Single carriageway,None,30,22:10:00,Urban,Fine no high winds,No,21 - 25,11,Urban area,2,973,None,None,Other/Not known (2005-10),Approaching junction or waiting/parked at junction approach,VAUXHALL,CORSA BREEZE 12V,Petrol,Male,None,No tow/articulation,Did not leave carriageway,0,Reversing,1,Car,No,Back,2010
201032D359510,B,1003,Unclassified,0,Slight,None,20-11-2010,Saturday,2,Give way or uncontrolled,T or staggered junction,53.229669,Darkness - lights lit,497630,371290,-0.538892,E01026122,1,2,0,0,Wet or damp,One way street,None,30,00:20:00,Urban,Fine no high winds,No,21 - 25,11,Urban area,2,1598,None,None,Journey as part of work,Approaching junction or waiting/parked at junction approach,VAUXHALL,ASTRA LS 8V,Petrol,Male,None,No tow/articulation,Did not leave carriageway,0,Parked,2,Taxi/Private hire car,No,Front,2010
201037B044306,B,1103,Unclassified,6500,Slight,None,10-02-2021,Friday,1,Give way or uncontrolled,T or staggered junction,12.98327674,Darkness - lights lit,564170,263490,77.54908632,E01029950,1,2,0,0,Dry,Single carriageway,None,30,17:11:00,Urban,Fine no high winds,No,21 - 25,11,Urban area,5,1242,None,None,Other/Not known (2005-10),Approaching junction or waiting/parked at junction approach,FIAT,PUNTO 60 TEAM,Petrol,Female,None,No tow/articulation,Did not leave carriageway,0,Going ahead other,2,Car,No,Front,2020
201050EL2C019,Unclassified,0,Unclassified,0,Slight,None,27-01-2021,Friday,1,Give way or uncontrolled,T or staggered junction,8.883497578,Darkness - lights lit,249770,56580,76.65811407,E01015058,1,2,0,0,Dry,Single carriageway,None,30,22:58:00,Urban,Fine no high winds,No,21 - 25,11,Urban area,5,1998,None,None,Other/Not known (2005-10),Approaching junction or waiting/parked at junction approach,PEUGEOT,306 XSI,Petrol,Female,None,No tow/articulation,Did not leave carriageway,0,Moving off,1,Car,No,Offside,2020
201045EL47936,A,307,Unclassified,0,Slight,None,04-01-2020,Friday,1,Give way or uncontrolled,T or staggered junction,18.5989627,Darkness - lights lit,511620,161400,73.88675997,E01030306,1,2,0,0,Wet or damp,Single carriageway,None,40,17:32:00,Rural,Fine no high winds,No,21 - 25,11,Urban area,10,1390,None,None,Journey as part of work,Mid Junction - on roundabout or on main road,RENAULT,CLIO ALIZE,Petrol,Female,None,No tow/articulation,Did not leave carriageway,0,Turning right,1,Car,No,Offside,2021
201043P269120,A,423,Unclassified,0,Slight,None,17-04-2021,Wednesday,1,Give way or uncontrolled,Crossroads,18.62399772,Darkness - lights lit,444640,241220,73.84901915,E01028446,2,4,0,0,Wet or damp,Dual carriageway,None,30,18:25:00,Urban,Fine no high winds,No,21 - 25,11,Urban area,5,1360,Parked vehicle,None,Other/Not known (2005-10),Approaching junction or waiting/parked at junction approach,PEUGEOT,306 LX,Petrol,Female,None,No tow/articulation,Did not leave carriageway,0,Reversing,3,Car,No,Back,2021
201001HT20005,A,11,A,11,Slight,None,01-01-2010,Friday,1,Auto traffic signal,Crossroads,51.519674,Darkness - lights lit,534940,181880,-0.056481,E01004322,1,2,0,5,Frost or ice,Single carriageway,None,30,06:30:00,Urban,Fine no high winds,No,21 - 25,11,Rural,8,1124,None,None,Other/Not known (2005-10),Mid Junction - on roundabout or on main road,PEUGEOT,106 XN ZEST 2,Petrol,Female,None,No tow/articulation,Did not leave carriageway,0,Moving off,1,Car,No,Nearside,2010
201001KF60546,A,124,C,0,Slight,None,30-08-2010,Monday,1,Auto traffic signal,T or staggered junction,51.517864,Darkness - lights lit,539800,181810,0.013493,E01003502,2,1,0,5,Dry,Single carriageway,None,30,22:45:00,Urban,Fine no high winds,No,21 - 25,11,Data missing or out of range,NA,1600,None,None,Other/Not known (2005-10),Approaching junction or waiting/parked at junction approach,MERCEDES,A160 ELEGANCE,Petrol/Gas (LPG),Female,None,No tow/articulation,Did not leave carriageway,0,Going ahead other,1,Car,No,Front,2010
201001KF60696,A,112,A,124,Slight,None,31-10-2010,Sunday,2,Auto traffic signal,Crossroads,51.525683,Darkness - lights lit,540880,182710,0.029408,E01003602,1,2,0,0,Dry,Single carriageway,None,30,00:30:00,Urban,Fine no high winds,No,21 - 25,11,Urban area,2,999,None,None,Other/Not known (2005-10),Cleared junction or waiting/parked at junction exit,VOLKSWAGEN,POLO 1.0 L,Petrol,Female,None,No tow/articulation,Did not leave carriageway,0,Going ahead other,1,Car,No,Nearside,2010
201001KG70044,A,1240,Unclassified,0,Slight,None,21-02-2010,Sunday,1,Give way or uncontrolled,Crossroads,51.535348,Darkness - lights lit,549090,184020,0.148224,E01000087,1,2,0,1,Wet or damp,Single carriageway,None,30,17:50:00,Urban,Fine no high winds,No,21 - 25,11,Data missing or out of range,NA,1199,None,None,Other/Not known (2005-10),Mid Junction - on roundabout or on main road,VAUXHALL,CORSA CLUB 16V,Petrol,Female,None,No tow/articulation,Did not leave carriageway,0,Going ahead other,1,Car,No,Offside,2010
201001KG70116,Unclassified,0,A,124,Slight,None,09-04-2010,Friday,2,Give way or uncontrolled,T or staggered junction,51.540779,Darkness - lights lit,544090,184480,0.076372,E01000007,1,2,0,0,Dry,Single carriageway,None,30,19:20:00,Urban,Fine no high winds,No,21 - 25,11,Urban area,3,1332,None,None,Other/Not known (2005-10),Cleared junction or waiting/parked at junction exit,TOYOTA,STARLET SOLIDA,Petrol,Female,None,No tow/articulation,Did not leave carriageway,0,Going ahead other,1,Car,No,Back,2010
201001PY20290,A,214,C,0,Slight,None,24-05-2010,Monday,1,Auto traffic signal,Crossroads,51.379764,Darkness - lights lit,538260,166400,-0.014704,E01000835,1,2,0,0,Dry,Single carriageway,None,30,21:10:00,Urban,Fine no high winds,No,21 - 25,11,Data missing or out of range,NA,1124,None,None,Other/Not known (2005-10),Mid Junction - on roundabout or on main road,PEUGEOT,106 XN ZEST 2,Petrol,Female,None,No tow/articulation,Did not leave carriageway,0,Turning right,2,Car,No,Nearside,2010
201037B044306,B,1103,Unclassified,6500,Slight,None,12-02-2010,Friday,1,Give way or uncontrolled,T or staggered junction,52.245067,Darkness - lights lit,564170,263490,0.403261,E01029950,1,2,0,0,Dry,Single carriageway,None,30,17:11:00,Urban,Fine no high winds,No,21 - 25,11,Urban area,5,1242,None,None,Other/Not known (2005-10),Approaching junction or waiting/parked at junction approach,FIAT,PUNTO 60 TEAM,Petrol,Female,None,No tow/articulation,Did not leave carriageway,0,Going ahead other,2,Car,No,Front,2010
201043P269120,A,423,Unclassified,0,Slight,None,29-12-2010,Wednesday,1,Give way or uncontrolled,Crossroads,52.06752,Darkness - lights lit,444640,241220,-1.350199,E01028446,2,4,0,0,Wet or damp,Dual carriageway,None,30,18:25:00,Urban,Fine no high winds,No,21 - 25,11,Urban area,5,1360,Parked vehicle,None,Other/Not known (2005-10),Approaching junction or waiting/parked at junction approach,PEUGEOT,306 LX,Petrol,Female,None,No tow/articulation,Did not leave carriageway,0,Reversing,3,Car,No,Back,2010
201045EL47936,A,307,Unclassified,0,Slight,None,15-01-2010,Friday,1,Give way or uncontrolled,T or staggered junction,51.340681,Darkness - lights lit,511620,161400,-0.398891,E01030306,1,2,0,0,Wet or damp,Single carriageway,None,40,17:32:00,Rural,Fine no high winds,No,21 - 25,11,Urban area,10,1390,None,None,Journey as part of work,Mid Junction - on roundabout or on main road,RENAULT,CLIO ALIZE,Petrol,Female,None,No tow/articulation,Did not leave carriageway,0,Turning right,1,Car,No,Offside,2010
201050EL2C019,Unclassified,0,Unclassified,0,Slight,None,23-04-2010,Friday,1,Give way or uncontrolled,T or staggered junction,50.389793,Darkness - lights lit,249770,56580,-4.114803,E01015058,1,2,0,0,Dry,Single carriageway,None,30,22:58:00,Urban,Fine no high winds,No,21 - 25,11,Urban area,5,1998,None,None,Other/Not known (2005-10),Approaching junction or waiting/parked at junction approach,PEUGEOT,306 XSI,Petrol,Female,None,No tow/articulation,Did not leave carriageway,0,Moving off,1,Car,No,Offside,2010
201001HT20005,A,11,A,11,Slight,None,01-01-2010,Friday,1,Auto traffic signal,Crossroads,51.519674,Darkness - lights lit,534940,181880,-0.056481,E01004322,1,2,0,5,Frost or ice,Single carriageway,None,30,06:30:00,Urban,Fine no high winds,No,21 - 25,11,Rural,8,1124,None,None,Other/Not known (2005-10),Mid Junction - on roundabout or on main road,PEUGEOT,106 XN ZEST 2,Petrol,Female,None,No tow/articulation,Did not leave carriageway,0,Moving off,1,Car,No,Nearside,2010
201001KF60546,A,124,C,0,Slight,None,30-08-2010,Monday,1,Auto traffic signal,T or staggered junction,51.517864,Darkness - lights lit,539800,181810,0.013493,E01003502,2,1,0,5,Dry,Single carriageway,None,30,22:45:00,Urban,Fine no high winds,No,21 - 25,11,Data missing or out of range,NA,1600,None,None,Other/Not known (2005-10),Approaching junction or waiting/parked at junction approach,MERCEDES,A160 ELEGANCE,Petrol/Gas (LPG),Female,None,No tow/articulation,Did not leave carriageway,0,Going ahead other,1,Car,No,Front,2010
201001KF60696,A,112,A,124,Slight,None,31-10-2010,Sunday,2,Auto traffic signal,Crossroads,51.525683,Darkness - lights lit,540880,182710,0.029408,E01003602,1,2,0,0,Dry,Single carriageway,None,30,00:30:00,Urban,Fine no high winds,No,21 - 25,11,Urban area,2,999,None,None,Other/Not known (2005-10),Cleared junction or waiting/parked at junction exit,VOLKSWAGEN,POLO 1.0 L,Petrol,Female,None,No tow/articulation,Did not leave carriageway,0,Going ahead other,1,Car,No,Nearside,2010
201001KG70044,A,1240,Unclassified,0,Slight,None,21-02-2010,Sunday,1,Give way or uncontrolled,Crossroads,51.535348,Darkness - lights lit,549090,184020,0.148224,E01000087,1,2,0,1,Wet or damp,Single carriageway,None,30,17:50:00,Urban,Fine no high winds,No,21 - 25,11,Data missing or out of range,NA,1199,None,None,Other/Not known (2005-10),Mid Junction - on roundabout or on main road,VAUXHALL,CORSA CLUB 16V,Petrol,Female,None,No tow/articulation,Did not leave carriageway,0,Going ahead other,1,Car,No,Offside,2010
201001KG70116,Unclassified,0,A,124,Slight,None,09-04-2010,Friday,2,Give way or uncontrolled,T or staggered junction,51.540779,Darkness - lights lit,544090,184480,0.076372,E01000007,1,2,0,0,Dry,Single carriageway,None,30,19:20:00,Urban,Fine no high winds,No,21 - 25,11,Urban area,3,1332,None,None,Other/Not known (2005-10),Cleared junction or waiting/parked at junction exit,TOYOTA,STARLET SOLIDA,Petrol,Female,None,No tow/articulation,Did not leave carriageway,0,Going ahead other,1,Car,No,Back,2010
201001PY20290,A,214,C,0,Slight,None,24-05-2010,Monday,1,Auto traffic signal,Crossroads,51.379764,Darkness - lights lit,538260,166400,-0.014704,E01000835,1,2,0,0,Dry,Single carriageway,None,30,21:10:00,Urban,Fine no high winds,No,21 - 25,11,Data missing or out of range,NA,1124,None,None,Other/Not known (2005-10),Mid Junction - on roundabout or on main road,PEUGEOT,106 XN ZEST 2,Petrol,Female,None,No tow/articulation,Did not leave carriageway,0,Turning right,2,Car,No,Nearside,2010