Accident_Index,1st_Road_Class,1st_Road_Number,2nd_Road_Class,2nd_Road_Number,Accident_Severity,Carriageway_Hazards,Date,Day_of_Week,Did_Police_Officer_Attend_Scene_of_Accident,Junction_Control,Junction_Detail,Latitude,Light_Conditions,Location_Easting_OSGR,Location_Northing_OSGR,Longitude,LSOA_of_Accident_Location,Number_of_Casualties,Number_of_Vehicles,Pedestrian_Crossing-Human_Control,Pedestrian_Crossing-Physical_Facilities,Road_Surface_Conditions,Road_Type,Special_Conditions_at_Site,Speed_limit,Time,Urban_or_Rural_Area,Weather_Conditions,InScotland,Age_Band_of_Driver,Age_of_Vehicle,Driver_Home_Area_Type,Driver_IMD_Decile,Engine_Capacity_.CC.,Hit_Object_in_Carriageway,Hit_Object_off_Carriageway,Journey_Purpose_of_Driver,Junction_Location,make,model,Propulsion_Code,Sex_of_Driver,Skidding_and_Overturning,Towing_and_Articulation,Vehicle_Leaving_Carriageway,Vehicle_Location.Restricted_Lane,Vehicle_Manoeuvre,Vehicle_Reference,Vehicle_Type,Was_Vehicle_Left_Hand_Drive,X1st_Point_of_Impact,Year
201001XH30871,A,4180,Unclassified,0,Slight,None,26-11-2010,Friday,2,Give way or uncontrolled,T or staggered junction,51.611982,Darkness - lights lit,508200,191510,-0.438757,E01002475,1,2,0,8,Dry,Single carriageway,None,30,17:20:00,Urban,Fine no high winds,No,21 - 25,11,Urban area,9,1298,None,None,Other/Not known (2005-10),Approaching junction or waiting/parked at junction approach,SUZUKI,JIMNY JLX,Petrol,Female,Skidded,No tow/articulation,Did not leave carriageway,0,Going ahead other,1,Car,No,Nearside,2010
201001YR90807,B,550,A,504,Slight,None,21-11-2010,Sunday,1,Give way or uncontrolled,Roundabout,51.591123,Darkness - lights lit,528760,189670,-0.142654,E01001997,1,1,0,0,Dry,Single carriageway,None,30,01:10:00,Urban,Fine no high winds,No,21 - 25,11,Urban area,8,1299,None,None,Other/Not known (2005-10),Cleared junction or waiting/parked at junction exit,FORD,KA 2,Petrol,Female,None,No tow/articulation,Did not leave carriageway,0,Going ahead other,1,Car,No,Front,2010
201001ZD30574,A,23,Unclassified,0,Slight,None,17-07-2010,Saturday,1,Give way or uncontrolled,T or staggered junction,51.408604,Darkness - lights lit,530700,169410,-0.122164,E01001087,2,4,0,4,Dry,Single carriageway,None,30,22:03:00,Urban,Fine no high winds,No,21 - 25,11,Urban area,2,1598,None,None,Other/Not known (2005-10),Cleared junction or waiting/parked at junction exit,MERCEDES,A160 CLASSIC S-A,Petrol,Female,None,No tow/articulation,Did not leave carriageway,0,Waiting to go - held up,2,Car,No,Back,2010
201004AN10152,Unclassified,0,Unclassified,0,Slight,None,13-12-2010,Monday,1,Give way or uncontrolled,Roundabout,53.858582,Darkness - lights lit,332620,440750,-3.02595,E01012704,1,2,0,0,Dry,Roundabout,None,30,17:11:00,Urban,Fine no high winds,No,21 - 25,11,Urban area,5,1360,None,None,Other/Not known (2005-10),Entering roundabout,PEUGEOT,206 GLX,Petrol,Female,None,No tow/articulation,Did not leave carriageway,0,Going ahead other,2,Car,No,Back,2010
201004CC10015,A,6,A,5106,Slight,None,13-02-2010,Saturday,1,Auto traffic signal,T or staggered junction,53.633365,Darkness - lights lit,359540,415380,-2.613356,E01024939,2,2,0,0,Dry,Single carriageway,None,40,20:42:00,Rural,Fine no high winds,No,21 - 25,11,Data missing or out of range,NA,973,None,None,Commuting to/from work,Mid Junction - on roundabout or on main road,VAUXHALL,CORSA GLS 12V,Petrol,Female,None,No tow/articulation,Did not leave carriageway,0,Turning right,1,Car,No,Front,2010
201004CL10017,Unclassified,0,Unclassified,0,Slight,None,20-02-2010,Saturday,1,Give way or uncontrolled,Other junction,53.699066,Darkness - lights lit,354120,422740,-2.696406,E01025421,1,2,0,0,Dry,Single carriageway,None,30,20:00:00,Urban,Fine no high winds,No,21 - 25,11,Urban area,2,1242,None,None,Other/Not known (2005-10),Leaving main road,FIAT,PUNTO 60 TEAM,Petrol,Female,None,No tow/articulation,Did not leave carriageway,0,Turning left,1,Car,No,Back,2010
201004FA10013,A,646,Unclassified,0,Slight,None,14-02-2010,Sunday,1,Give way or uncontrolled,Other junction,53.766074,Darkness - lights lit,386380,429990,-2.208107,E01024870,1,2,0,0,Wet or damp,Single carriageway,None,30,20:40:00,Rural,Fine no high winds,No,21 - 25,11,Data missing or out of range,NA,1242,None,None,Other/Not known (2005-10),Mid Junction - on roundabout or on main road,FIAT,PUNTO SX 60,Petrol,Female,Skidded,No tow/articulation,Did not leave carriageway,0,Going ahead other,2,Car,No,Front,2010
201006B028069,C,0,NA,0,Slight,None,22-02-2010,Monday,1,Data missing or out of range,Not at junction or within 20 metres,53.446882,Darkness - lights lit,385810,394480,-2.215126,E01005281,3,1,0,0,Dry,Single carriageway,None,30,21:45:00,Urban,Fine no high winds,No,21 - 25,11,Data missing or out of range,NA,1390,Bollard or refuge,None,Other/Not known (2005-10),Not at or within 20 metres of junction,VOLKSWAGEN,POLO 1.4 CL,Petrol,Female,None,No tow/articulation,Did not leave carriageway,0,Going ahead other,1,Car,No,Front,2010
201006X038631,Motorway,67,NA,0,Slight,None,05-11-2010,Friday,1,Data missing or out of range,Not at junction or within 20 metres,53.454863,Darkness - lights lit,394220,395350,-2.088516,E01006040,1,3,0,0,Wet or damp,Dual carriageway,None,70,17:59:00,Urban,Fine no high winds,No,21 - 25,11,Urban area,1,1341,None,None,Other/Not known (2005-10),Not at or within 20 metres of junction,HYUNDAI,ACCENT COUPE E,Petrol,Female,None,No tow/articulation,Did not leave carriageway,0,Going ahead other,3,Car,No,Front,2010
201020K015612,Unclassified,0,NA,0,Slight,None,21-02-2010,Sunday,1,Data missing or out of range,Not at junction or within 20 metres,52.47441,Darkness - lights lit,396590,286280,-2.051643,E01009931,1,2,0,0,Dry,Single carriageway,None,30,21:20:00,Urban,Fine no high winds,No,21 - 25,11,Urban area,2,1199,Parked vehicle,None,Other/Not known (2005-10),Not at or within 20 metres of junction,VAUXHALL,CORSA CLUB 16V,Petrol,Female,Skidded,No tow/articulation,Nearside,0,Going ahead right-hand bend,1,Car,No,Front,2010
20103102B0464,C,2,NA,0,Slight,None,15-02-2010,Monday,1,Data missing or out of range,Not at junction or within 20 metres,53.348213,Darkness - lights lit,478620,384130,-0.820428,E01028035,1,2,0,0,Wet or damp,Single carriageway,None,30,18:19:00,Rural,Fine no high winds,No,21 - 25,11,Rural,7,954,Parked vehicle,None,Other/Not known (2005-10),Not at or within 20 metres of junction,CITROEN,SAXO SPREE IV,Petrol,Female,None,No tow/articulation,Offside,0,Overtaking static vehicle - offside,1,Car,No,Nearside,2010
20103102B0742,A,614,NA,0,Slight,None,26-02-2010,Friday,2,Data missing or out of range,Not at junction or within 20 metres,53.179662,Darkness - lights lit,464190,365160,-1.040983,E01028295,1,3,0,0,Dry,Single carriageway,None,60,16:24:00,Rural,Fine no high winds,No,21 - 25,11,Small town,3,1998,None,None,Commuting to/from work,Not at or within 20 metres of junction,KIA,SPORTAGE SX,Petrol,Female,None,No tow/articulation,Did not leave carriageway,0,Going ahead other,1,Car,No,Front,2010
201032C397810,Unclassified,1,C,764,Slight,None,26-12-2010,Sunday,1,Give way or uncontrolled,T or staggered junction,52.970019,Darkness - lights lit,533660,343260,-0.011098,E01026027,1,2,0,0,Frost or ice,Single carriageway,None,30,20:23:00,Urban,Fine no high winds,No,21 - 25,11,Urban area,3,973,None,None,Other/Not known (2005-10),Mid Junction - on roundabout or on main road,VAUXHALL,CORSA GLS 12V,Petrol,Female,None,No tow/articulation,Did not leave carriageway,0,Going ahead other,2,Car,No,Front,2010
201005BB01300,Unclassified,0,NA,0,Slight,None,23-01-2010,Saturday,1,Data missing or out of range,Not at junction or within 20 metres,53.475598,Darkness - lights lit,332220,398140,-3.022715,E01006956,1,2,0,0,Wet or damp,Dual carriageway,None,60,17:40:00,Urban,Fog or mist,No,21 - 25,11,Urban area,NA,1998,None,None,Commuting to/from work,Not at or within 20 metres of junction,PEUGEOT,306 XSI,Petrol,Male,None,No tow/articulation,Did not leave carriageway,0,Turning right,1,Car,No,Offside,2010
201011NH05270,A,692,B,6168,Slight,None,24-02-2010,Wednesday,1,Give way or uncontrolled,T or staggered junction,54.888055,Darkness - lights lit,416520,554840,-1.743991,E01020654,1,2,0,0,Wet or damp,Single carriageway,None,60,18:36:00,Rural,Fog or mist,No,21 - 25,11,Urban area,4,1587,None,Lamp post,Commuting to/from work,Approaching junction or waiting/parked at junction approach,CITROEN,SAXO VTR,Petrol,Male,None,No tow/articulation,Nearside and rebounded,0,Going ahead other,2,Car,No,Front,2010
201004FL10135,A,56,A,680,Slight,None,19-12-2010,Sunday,1,Give way or uncontrolled,Slip road,53.6943,Darkness - lights lit,379430,422030,-2.313009,E01025365,1,3,0,0,Snow,Dual carriageway,None,50,18:00:00,Rural,Fog or mist,No,21 - 25,11,Urban area,8,1299,None,None,Other/Not known (2005-10),Approaching junction or waiting/parked at junction approach,FORD,KA,Petrol,Female,Skidded,No tow/articulation,Did not leave carriageway,0,Going ahead other,2,Car,No,Offside,2010
201020F052812,A,456,A,4540,Slight,None,21-03-2010,Sunday,1,Give way or uncontrolled,Roundabout,52.472596,Darkness - lights lit,405590,286080,-1.919144,E01008994,2,1,0,0,Wet or damp,Dual carriageway,None,30,03:50:00,Urban,Other,No,21 - 25,11,Urban area,3,2793,None,Tree,Other/Not known (2005-10),Leaving roundabout,BMW,328 CI SE,Petrol,Male,Skidded,No tow/articulation,Nearside,0,Going ahead left-hand bend,1,Car,No,Front,2010
20103102D2981,Unclassified,0,Unclassified,0,Slight,None,11-12-2010,Saturday,1,Give way or uncontrolled,T or staggered junction,52.999835,Darkness - lights lit,458500,345080,-1.12976,E01028176,2,2,0,0,Wet or damp,Single carriageway,None,30,18:28:00,Urban,Other,No,21 - 25,11,Data missing or out of range,NA,1783,None,None,Other/Not known (2005-10),Mid Junction - on roundabout or on main road,VOLVO,S40 I,Petrol,Male,None,No tow/articulation,Did not leave carriageway,0,Going ahead other,1,Car,No,Front,2010
201001KF60765,C,0,C,0,Slight,None,22-11-2010,Monday,1,Give way or uncontrolled,T or staggered junction,51.524438,Darkness - lights lit,541550,182590,0.039011,E01003603,2,2,0,0,Wet or damp,Single carriageway,Oil or diesel,30,21:59:00,Urban,Other,No,21 - 25,11,Data missing or out of range,NA,1199,None,None,Other/Not known (2005-10),Cleared junction or waiting/parked at junction exit,VAUXHALL,CORSA CDX 16V AUTO,Petrol,Female,None,No tow/articulation,Did not leave carriageway,0,Going ahead right-hand bend,1,Car,No,Back,2010
201001KF60765,C,0,C,0,Slight,None,22-11-2010,Monday,1,Give way or uncontrolled,T or staggered junction,51.524438,Darkness - lights lit,541550,182590,0.039011,E01003603,2,2,0,0,Wet or damp,Single carriageway,Oil or diesel,30,21:59:00,Urban,Other,No,21 - 25,11,Data missing or out of range,NA,1199,None,None,Other/Not known (2005-10),Cleared junction or waiting/parked at junction exit,VAUXHALL,CORSA CDX 16V AUTO,Petrol,Female,None,No tow/articulation,Did not leave carriageway,0,Going ahead right-hand bend,1,Car,No,Back,2010
201020S507120,Unclassified,0,B,4121,Slight,None,19-10-2010,Tuesday,2,Give way or uncontrolled,T or staggered junction,52.421105,Darkness - lights lit,402300,280350,-1.967617,E01009496,1,2,0,0,Frost or ice,Single carriageway,None,30,22:23:00,Urban,Other,No,21 - 25,11,Data missing or out of range,NA,1299,Parked vehicle,None,Other/Not known (2005-10),Approaching junction or waiting/parked at junction approach,FORD,KA 2,Petrol,Female,Skidded,No tow/articulation,Did not leave carriageway,0,Going ahead other,1,Car,No,Front,2010
201001JI40725,A,121,Unclassified,0,Slight,None,05-11-2010,Friday,1,Give way or uncontrolled,T or staggered junction,51.623327,Darkness - lights lit,540650,193570,0.03044,E01003744,3,2,0,0,Wet or damp,Single carriageway,None,30,23:00:00,Urban,Raining + high winds,No,21 - 25,11,Urban area,2,1796,None,None,Other/Not known (2005-10),Mid Junction - on roundabout or on main road,FORD,MONDEO VERONA,Petrol,Male,Skidded,No tow/articulation,Did not leave carriageway,0,Going ahead other,2,Car,No,Front,2010
201001JI40725,A,121,Unclassified,0,Slight,None,05-11-2010,Friday,1,Give way or uncontrolled,T or staggered junction,51.623327,Darkness - lights lit,540650,193570,0.03044,E01003744,3,2,0,0,Wet or damp,Single carriageway,None,30,23:00:00,Urban,Raining + high winds,No,21 - 25,11,Urban area,2,1796,None,None,Other/Not known (2005-10),Mid Junction - on roundabout or on main road,FORD,MONDEO VERONA,Petrol,Male,Skidded,No tow/articulation,Did not leave carriageway,0,Going ahead other,2,Car,No,Front,2010
201014B081710,Unclassified,0,Unclassified,0,Slight,None,30-07-2010,Friday,1,Give way or uncontrolled,T or staggered junction,53.542746,Darkness - lights lit,428680,405210,-1.568675,E01007420,1,1,0,0,Wet or damp,Single carriageway,None,40,23:40:00,Rural,Raining + high winds,No,21 - 25,11,Urban area,6,1997,None,Lamp post,Other/Not known (2005-10),Cleared junction or waiting/parked at junction exit,HONDA,ACCORD ES AUTO,Petrol,Male,Skidded,No tow/articulation,Offside,0,Going ahead left-hand bend,1,Car,No,Back,2010
201004CA10125,Unclassified,0,Unclassified,0,Slight,None,26-10-2010,Tuesday,1,Give way or uncontrolled,T or staggered junction,53.648363,Darkness - lights lit,358250,417060,-2.633089,E01024940,2,2,0,0,Wet or damp,Single carriageway,None,30,20:55:00,Urban,Raining + high winds,No,21 - 25,11,Urban area,5,1868,None,None,Other/Not known (2005-10),Approaching junction or waiting/parked at junction approach,CITROEN,XSARA LX D,Heavy oil,Female,None,No tow/articulation,Did not leave carriageway,6,Parked,2,Car,No,Back,2010
201045WA49127,B,2131,Unclassified,5517,Slight,None,02-04-2020,Wednesday,1,Give way or uncontrolled,T or staggered junction,26.43855419,Darkness - lights lit,490070,132970,80.26572068,E01030931,1,2,0,0,Wet or damp,Single carriageway,None,30,18:30:00,Urban,Raining no high winds,No,21 - 25,11,Small town,9,999,None,None,Other/Not known (2005-10),Cleared junction or waiting/parked at junction exit,VOLKSWAGEN,POLO 1.0 L,Petrol,Male,None,No tow/articulation,Did not leave carriageway,0,Moving off,1,Car,No,Front,2020
201050BL2K034,Unclassified,0,Unclassified,0,Slight,None,21-01-2020,Thursday,2,Give way or uncontrolled,T or staggered junction,26.74060921,Darkness - lights lit,233160,84570,94.20859312,E01018950,1,1,0,1,Wet or damp,Single carriageway,None,30,20:30:00,Rural,Raining no high winds,No,21 - 25,11,Small town,3,1396,None,None,Other/Not known (2005-10),Mid Junction - on roundabout or on main road,ROVER,214 SE 8V,Petrol,Male,None,No tow/articulation,Did not leave carriageway,0,Reversing,1,Car,No,Back,2019
201001CW12338,B,324,Unclassified,0,Slight,None,26-10-2010,Tuesday,1,Give way or uncontrolled,T or staggered junction,51.494712,Darkness - lights lit,529470,178960,-0.136347,E01004744,1,3,0,0,Wet or damp,Single carriageway,None,30,23:30:00,Urban,Raining no high winds,No,21 - 25,11,Urban area,2,125,None,None,Other/Not known (2005-10),Mid Junction - on roundabout or on main road,APRILIA,,Petrol,Male,None,No tow/articulation,Did not leave carriageway,0,Going ahead other,2,Motorcycle 125cc and under,No,Front,2010
201001EO40285,A,104,B,144,Slight,None,29-05-2010,Saturday,1,Auto traffic signal,T or staggered junction,51.537303,Darkness - lights lit,531830,183760,-0.100577,E01002794,1,2,0,5,Wet or damp,Single carriageway,None,30,21:20:00,Urban,Raining no high winds,No,21 - 25,11,Urban area,3,2664,None,None,Journey as part of work,Mid Junction - on roundabout or on main road,LONDON TAXIS INT,TX1 SILVER AUTO,Heavy oil,Male,Skidded,No tow/articulation,Did not leave carriageway,0,U-turn,2,Taxi/Private hire car,No,Offside,2010
201001JC30577,Unclassified,0,Unclassified,0,Slight,None,26-10-2010,Tuesday,1,Give way or uncontrolled,T or staggered junction,51.582634,Darkness - lights lit,538420,188980,-0.003563,E01004467,2,2,0,0,Wet or damp,Single carriageway,None,30,19:50:00,Urban,Raining no high winds,No,21 - 25,11,Urban area,3,1895,None,None,Other/Not known (2005-10),Mid Junction - on roundabout or on main road,BMW,316I SE,Petrol,Male,None,No tow/articulation,Did not leave carriageway,0,Turning left,1,Car,No,Front,2010
201001SX20512,A,5,Unclassified,0,Slight,None,08-05-2010,Saturday,1,Auto traffic signal,T or staggered junction,51.594729,Darkness - lights lit,520580,189870,-0.26061,E01000588,1,2,0,5,Wet or damp,Dual carriageway,None,30,00:11:00,Urban,Raining no high winds,No,21 - 25,11,Urban area,8,1299,None,None,Other/Not known (2005-10),Mid Junction - on roundabout or on main road,FORD,KA,Petrol,Male,None,No tow/articulation,Did not leave carriageway,0,Turning right,1,Car,No,Front,2010
201045WA49127,B,2131,Unclassified,5517,Slight,None,24-02-2010,Wednesday,1,Give way or uncontrolled,T or staggered junction,51.088921,Darkness - lights lit,490070,132970,-0.71532,E01030931,1,2,0,0,Wet or damp,Single carriageway,None,30,18:30:00,Urban,Raining no high winds,No,21 - 25,11,Small town,9,999,None,None,Other/Not known (2005-10),Cleared junction or waiting/parked at junction exit,VOLKSWAGEN,POLO 1.0 L,Petrol,Male,None,No tow/articulation,Did not leave carriageway,0,Moving off,1,Car,No,Front,2010
201050BL2K034,Unclassified,0,Unclassified,0,Slight,None,30-09-2010,Thursday,2,Give way or uncontrolled,T or staggered junction,50.636818,Darkness - lights lit,233160,84570,-4.36079,E01018950,1,1,0,1,Wet or damp,Single carriageway,None,30,20:30:00,Rural,Raining no high winds,No,21 - 25,11,Small town,3,1396,None,None,Other/Not known (2005-10),Mid Junction - on roundabout or on main road,ROVER,214 SE 8V,Petrol,Male,None,No tow/articulation,Did not leave carriageway,0,Reversing,1,Car,No,Back,2010
201001EO40285,A,104,B,144,Slight,None,29-05-2010,Saturday,1,Auto traffic signal,T or staggered junction,51.537303,Darkness - lights lit,531830,183760,-0.100577,E01002794,1,2,0,5,Wet or damp,Single carriageway,None,30,21:20:00,Urban,Raining no high winds,No,21 - 25,11,Urban area,3,2664,None,None,Journey as part of work,Mid Junction - on roundabout or on main road,LONDON TAXIS INT,TX1 SILVER AUTO,Heavy oil,Male,Skidded,No tow/articulation,Did not leave carriageway,0,U-turn,2,Taxi/Private hire car,No,Offside,2010
201001JC30577,Unclassified,0,Unclassified,0,Slight,None,26-10-2010,Tuesday,1,Give way or uncontrolled,T or staggered junction,51.582634,Darkness - lights lit,538420,188980,-0.003563,E01004467,2,2,0,0,Wet or damp,Single carriageway,None,30,19:50:00,Urban,Raining no high winds,No,21 - 25,11,Urban area,3,1895,None,None,Other/Not known (2005-10),Mid Junction - on roundabout or on main road,BMW,316I SE,Petrol,Male,None,No tow/articulation,Did not leave carriageway,0,Turning left,1,Car,No,Front,2010
201001SX20512,A,5,Unclassified,0,Slight,None,08-05-2010,Saturday,1,Auto traffic signal,T or staggered junction,51.594729,Darkness - lights lit,520580,189870,-0.26061,E01000588,1,2,0,5,Wet or damp,Dual carriageway,None,30,00:11:00,Urban,Raining no high winds,No,21 - 25,11,Urban area,8,1299,None,None,Other/Not known (2005-10),Mid Junction - on roundabout or on main road,FORD,KA,Petrol,Male,None,No tow/articulation,Did not leave carriageway,0,Turning right,1,Car,No,Front,2010
201001TX20725,A,315,Unclassified,0,Slight,None,30-10-2010,Saturday,1,Auto traffic signal,T or staggered junction,51.482768,Darkness - lights lit,517480,177340,-0.309521,E01002684,1,2,0,5,Wet or damp,Single carriageway,None,30,19:55:00,Urban,Raining no high winds,No,21 - 25,11,Urban area,8,125,None,None,Other/Not known (2005-10),Mid Junction - on roundabout or on main road,GILERA,RUNNER 180,Petrol,Male,None,No tow/articulation,Did not leave carriageway,0,Going ahead other,1,Motorcycle 125cc and under,No,Front,2010
201001WW50190,A,217,NA,0,Slight,None,19-03-2010,Friday,1,Data missing or out of range,Not at junction or within 20 metres,51.456027,Darkness - lights lit,525660,174560,-0.192766,E01004600,1,1,0,1,Wet or damp,Single carriageway,None,30,18:20:00,Urban,Raining no high winds,No,21 - 25,11,Urban area,3,124,None,None,Other/Not known (2005-10),Not at or within 20 metres of junction,HONDA,CA 125,Petrol,Male,Skidded,No tow/articulation,Did not leave carriageway,0,Going ahead other,1,Motorcycle 125cc and under,No,Nearside,2010
201001ZD30252,Unclassified,0,Unclassified,0,Slight,None,30-03-2010,Tuesday,1,Give way or uncontrolled,Crossroads,51.360657,Darkness - lights lit,531680,164100,-0.110049,E01001169,3,2,0,0,Wet or damp,Single carriageway,None,30,21:20:00,Urban,Raining no high winds,No,21 - 25,11,Urban area,5,1997,None,None,Other/Not known (2005-10),Mid Junction - on roundabout or on main road,HONDA,ACCORD LS,Petrol,Male,None,No tow/articulation,Did not leave carriageway,0,Going ahead other,2,Car,No,Front,2010
201006M041313,C,0,Unclassified,0,Slight,None,28-12-2010,Tuesday,1,Stop sign,Crossroads,53.455945,Darkness - lights lit,382350,395500,-2.267279,E01006110,1,2,0,0,Wet or damp,Single carriageway,None,30,17:15:00,Urban,Raining no high winds,No,21 - 25,11,Urban area,1,124,None,None,Other/Not known (2005-10),Approaching junction or waiting/parked at junction approach,SUZUKI,UC 125 X,Petrol,Male,None,No tow/articulation,Did not leave carriageway,0,Going ahead other,2,Motorcycle 125cc and under,No,Front,2010
201011NE27330,Unclassified,0,NA,0,Slight,None,04-11-2010,Thursday,1,Not at junction or within 20 metres,Not at junction or within 20 metres,54.770324,Darkness - lights lit,441590,541900,-1.355045,E01020734,1,3,0,0,Wet or damp,Single carriageway,None,30,17:15:00,Rural,Raining no high winds,No,21 - 25,11,Urban area,3,1298,None,None,Commuting to/from work,Not at or within 20 metres of junction,SUZUKI,JIMNY JLX,Petrol,Male,Skidded,No tow/articulation,Did not leave carriageway,0,Slowing or stopping,1,Car,No,Front,2010
201014B084110,C,435,NA,0,Slight,None,13-08-2010,Friday,1,Not at junction or within 20 metres,Not at junction or within 20 metres,53.564369,Darkness - lights lit,436550,407670,-1.449631,E01007404,1,1,0,0,Wet or damp,Single carriageway,None,30,23:49:00,Urban,Raining no high winds,No,21 - 25,11,Urban area,2,1761,None,None,Other/Not known (2005-10),Not at or within 20 metres of junction,PEUGEOT,306 XS,Petrol,Male,None,No tow/articulation,Did not leave carriageway,0,Going ahead left-hand bend,1,Car,No,Front,2010
201042I345010,A,13,NA,0,Slight,None,21-07-2019,Saturday,1,Not at junction or within 20 metres,Not at junction or within 20 metres,8.89062064,Darkness - lights lit,565860,181540,76.64297,E01015979,1,3,0,0,Wet or damp,Dual carriageway,None,70,06:55:00,Rural,Raining no high winds,No,21 - 25,11,Urban area,9,1120,None,None,Commuting to/from work,Not at or within 20 metres of junction,ROVER,211 SE 8V,Petrol,Female,None,No tow/articulation,Did not leave carriageway,0,Going ahead other,3,Car,No,Back,2020
20104100F0748,A,5183,Unclassified,488,Slight,None,01-04-2021,Monday,1,Give way or uncontrolled,T or staggered junction,26.45995915,Darkness - lights lit,514630,206900,74.63991262,E01023743,1,2,0,0,Wet or damp,Single carriageway,None,30,21:46:00,Urban,Raining no high winds,No,21 - 25,11,Urban area,9,1332,None,None,Other/Not known (2005-10),Mid Junction - on roundabout or on main road,TOYOTA,COROLLA SE 16V,Petrol,Female,None,No tow/articulation,Did not leave carriageway,0,Going ahead other,1,Car,No,Front,2020
201042I166605,Unclassified,0,Unclassified,0,Slight,None,06-06-2021,Thursday,1,Give way or uncontrolled,T or staggered junction,14.72774735,Darkness - lights lit,569320,208420,78.56507233,E01021596,1,2,0,0,Wet or damp,Single carriageway,None,30,01:15:00,Urban,Raining no high winds,No,21 - 25,11,Urban area,6,1389,None,None,Other/Not known (2005-10),Approaching junction or waiting/parked at junction approach,VAUXHALL,TIGRA CHEQUERS,Petrol,Female,None,No tow/articulation,Offside,0,Turning right,1,Car,No,Front,2019
201001JI40638,Unclassified,0,NA,0,Slight,None,01-10-2010,Friday,1,Data missing or out of range,Not at junction or within 20 metres,51.591083,Darkness - lights lit,540590,189980,0.028135,E01003764,1,1,0,0,Wet or damp,Dual carriageway,None,30,22:51:00,Urban,Raining no high winds,No,21 - 25,11,Small town,5,1299,None,None,Other/Not known (2005-10),Not at or within 20 metres of junction,FORD,KA 2,Petrol,Female,None,No tow/articulation,Did not leave carriageway,0,Moving off,1,Car,No,Front,2010
20104100F0748,A,5183,Unclassified,488,Slight,None,27-09-2010,Monday,1,Give way or uncontrolled,T or staggered junction,51.74903,Darkness - lights lit,514630,206900,-0.340885,E01023743,1,2,0,0,Wet or damp,Single carriageway,None,30,21:46:00,Urban,Raining no high winds,No,21 - 25,11,Urban area,9,1332,None,None,Other/Not known (2005-10),Mid Junction - on roundabout or on main road,TOYOTA,COROLLA SE 16V,Petrol,Female,None,No tow/articulation,Did not leave carriageway,0,Going ahead other,1,Car,No,Front,2010
201030M010131,Motorway,1,NA,0,Slight,None,21-11-2010,Sunday,1,Data missing or out of range,Not at junction or within 20 metres,52.892371,Darkness - lights lit,447110,333000,-1.301217,E01019707,1,1,0,0,Wet or damp,Dual carriageway,None,70,16:20:00,Rural,Snowing no high winds,No,21 - 25,11,Urban area,8,1299,None,Near/Offside crash barrier,Other/Not known (2005-10),Not at or within 20 metres of junction,FORD,KA 2,Petrol,Female,Skidded,No tow/articulation,Nearside,0,Changing lane to right,1,Car,No,Front,2010
201001JI40623,Unclassified,0,Unclassified,0,Slight,None,01-10-2010,Friday,2,Give way or uncontrolled,Crossroads,51.560088,Darkness - lights lit,546570,186700,0.113032,E01003716,1,2,0,0,Dry,Single carriageway,None,30,04:17:00,Urban,Unknown,No,21 - 25,11,Urban area,5,2157,None,None,Other/Not known (2005-10),Mid Junction - on roundabout or on main road,HONDA,,Petrol,Male,None,No tow/articulation,Did not leave carriageway,0,Going ahead other,1,Car,No,Nearside,2010
201001JI40623,Unclassified,0,Unclassified,0,Slight,None,01-10-2010,Friday,2,Give way or uncontrolled,Crossroads,51.560088,Darkness - lights lit,546570,186700,0.113032,E01003716,1,2,0,0,Dry,Single carriageway,None,30,04:17:00,Urban,Unknown,No,21 - 25,11,Urban area,5,2157,None,None,Other/Not known (2005-10),Mid Junction - on roundabout or on main road,HONDA,,Petrol,Male,None,No tow/articulation,Did not leave carriageway,0,Going ahead other,1,Car,No,Nearside,2010
201030D001052,A,5132,NA,0,Slight,None,26-10-2010,Tuesday,2,Data missing or out of range,Not at junction or within 20 metres,52.852773,Darkness - lights lit,428530,328450,-1.577774,E01019880,1,2,0,0,Dry,Single carriageway,None,60,23:40:00,Rural,Unknown,No,21 - 25,11,Small town,6,1895,Kerb,None,Other/Not known (2005-10),Not at or within 20 metres of junction,BMW,316I SE COMPACT,Petrol,Male,None,No tow/articulation,Did not leave carriageway,0,Going ahead other,2,Car,No,Offside,2010
201020E701611,A,38,Unclassified,0,Slight,None,04-03-2010,Thursday,2,Auto traffic signal,Crossroads,52.40124,Darkness - lights lit,401280,278140,-1.982623,E01009162,1,2,0,0,Dry,Dual carriageway,None,40,21:20:00,Urban,Unknown,No,21 - 25,11,Urban area,6,998,None,None,Other/Not known (2005-10),Mid Junction - on roundabout or on main road,NISSAN,MICRA EQUATION,Petrol,Female,None,No tow/articulation,Did not leave carriageway,0,Going ahead other,1,Car,No,Front,2010