Accident_Index,1st_Road_Class,1st_Road_Number,2nd_Road_Class,2nd_Road_Number,Accident_Severity,Carriageway_Hazards,Date,Day_of_Week,Did_Police_Officer_Attend_Scene_of_Accident,Junction_Control,Junction_Detail,Latitude,Light_Conditions,Location_Easting_OSGR,Location_Northing_OSGR,Longitude,LSOA_of_Accident_Location,Number_of_Casualties,Number_of_Vehicles,Pedestrian_Crossing-Human_Control,Pedestrian_Crossing-Physical_Facilities,Road_Surface_Conditions,Road_Type,Special_Conditions_at_Site,Speed_limit,Time,Urban_or_Rural_Area,Weather_Conditions,InScotland,Age_Band_of_Driver,Age_of_Vehicle,Driver_Home_Area_Type,Driver_IMD_Decile,Engine_Capacity_.CC.,Hit_Object_in_Carriageway,Hit_Object_off_Carriageway,Journey_Purpose_of_Driver,Junction_Location,make,model,Propulsion_Code,Sex_of_Driver,Skidding_and_Overturning,Towing_and_Articulation,Vehicle_Leaving_Carriageway,Vehicle_Location.Restricted_Lane,Vehicle_Manoeuvre,Vehicle_Reference,Vehicle_Type,Was_Vehicle_Left_Hand_Drive,X1st_Point_of_Impact,Year
2010400D00413,Unclassified,244,Unclassified,243,Slight,None,03-02-2010,Wednesday,1,Give way or uncontrolled,T or staggered junction,51.946695,Darkness - no lighting,494330,228470,-0.628972,E01017577,1,2,0,0,Wet or damp,Single carriageway,None,60,17:45:00,Rural,Raining no high winds,No,21 - 25,11,Urban area,4,973,None,None,Other/Not known (2005-10),Entering main road,VAUXHALL,CORSA TRIP 12V,Petrol,Male,None,No tow/articulation,Did not leave carriageway,0,Turning right,1,Car,No,Offside,2010
201045RE54831,Unclassified,429,NA,0,Slight,None,02-10-2010,Saturday,1,Data missing or out of range,Not at junction or within 20 metres,51.24986,Darkness - no lighting,540300,152000,0.008927,E01030831,2,2,0,0,Wet or damp,Dual carriageway,None,30,18:36:00,Rural,Raining no high winds,No,21 - 25,11,Small town,6,1299,None,None,Other/Not known (2005-10),Not at or within 20 metres of junction,FORD,KA 2,Petrol,Male,Skidded,No tow/articulation,Did not leave carriageway,0,Going ahead left-hand bend,1,Car,No,Front,2010
201050KE3M008,B,3180,NA,0,Slight,None,28-09-2010,Tuesday,1,Not at junction or within 20 metres,Not at junction or within 20 metres,50.683239,Darkness - no lighting,303720,87960,-3.364243,E01019964,1,1,0,0,Wet or damp,Single carriageway,Mud,30,19:19:00,Rural,Raining no high winds,No,21 - 25,11,Urban area,8,1895,None,Entered ditch,Journey as part of work,Not at or within 20 metres of junction,BMW,318 CI,Petrol,Male,Skidded,No tow/articulation,Offside,0,Going ahead left-hand bend,1,Car,No,Front,2010
201054EM40410,A,345,Unclassified,0,Slight,None,12-11-2010,Friday,1,Give way or uncontrolled,Crossroads,51.212493,Darkness - no lighting,415360,145950,-1.781497,E01031987,2,2,0,0,Wet or damp,Single carriageway,Mud,60,22:00:00,Rural,Raining no high winds,No,21 - 25,11,Rural,9,1905,None,None,Other/Not known (2005-10),Entering main road,PEUGEOT,306 L DT,Heavy oil,Male,Skidded,No tow/articulation,Offside,0,Slowing or stopping,1,Car,No,Nearside,2010
20105500D0722,A,35,C,26,Slight,None,23-02-2010,Tuesday,1,Give way or uncontrolled,T or staggered junction,50.737232,Darkness - no lighting,393840,93080,-2.08868,E01020474,1,2,0,0,Wet or damp,Single carriageway,None,50,16:45:00,Rural,Raining no high winds,No,21 - 25,11,Urban area,4,2496,None,None,Other/Not known (2005-10),Entering main road,FORD,TRANSIT 80 SWB,Heavy oil,Male,None,No tow/articulation,Did not leave carriageway,0,Turning right,2,Van / Goods 3.5 tonnes mgw or under,No,Offside,2010
201030B000080,B,6012,NA,0,Slight,None,18-03-2010,Thursday,1,Data missing or out of range,Not at junction or within 20 metres,53.212828,Darkness - no lighting,425930,368490,-1.613176,E01019606,1,1,0,0,Wet or damp,Single carriageway,None,60,21:53:00,Rural,Raining no high winds,No,21 - 25,11,Urban area,10,1905,None,Other permanent object,Other/Not known (2005-10),Not at or within 20 metres of junction,PEUGEOT,306 MERIDIAN TURBO DIESEL,Heavy oil,Male,Skidded and overturned,No tow/articulation,Offside,0,Going ahead right-hand bend,1,Car,No,Front,2010
201043P117110,Unclassified,201,NA,,Slight,None,11-08-2021,Friday,1,Give way or uncontrolled,Private drive or entrance,19.20017765,Darkness - no lighting,452940,210570,72.90952805,E01028638,1,1,0,0,Wet or damp,Single carriageway,None,60,17:23:00,Rural,Raining no high winds,No,21 - 25,11,Urban area,4,1396,None,Entered ditch,Journey as part of work,Approaching junction or waiting/parked at junction approach,ROVER,214I L,Petrol,Female,Skidded,No tow/articulation,Nearside,0,Going ahead other,1,Car,No,Nearside,2021
201043P117110,Unclassified,201,NA,,Slight,None,12-11-2010,Friday,1,Give way or uncontrolled,Private drive or entrance,51.791241,Darkness - no lighting,452940,210570,-1.233832,E01028638,1,1,0,0,Wet or damp,Single carriageway,None,60,17:23:00,Rural,Raining no high winds,No,21 - 25,11,Urban area,4,1396,None,Entered ditch,Journey as part of work,Approaching junction or waiting/parked at junction approach,ROVER,214I L,Petrol,Female,Skidded,No tow/articulation,Nearside,0,Going ahead other,1,Car,No,Nearside,2010
20103102B2264,A,614,C,66,Slight,None,03-10-2010,Sunday,1,Stop sign,Crossroads,53.404126,Darkness - no lighting,463090,390120,-1.052489,E01028000,2,2,0,0,Wet or damp,Single carriageway,None,60,06:47:00,Rural,Raining no high winds,No,21 - 25,11,Small town,2,1900,None,None,Other/Not known (2005-10),Mid Junction - on roundabout or on main road,VOLKSWAGEN,GOLF E SDI,Heavy oil,Female,None,No tow/articulation,Nearside,0,Going ahead other,1,Car,No,Offside,2010
201045RE57374,Motorway,25,NA,0,Slight,None,20-06-2021,Thursday,1,Data missing or out of range,Not at junction or within 20 metres,27.08829213,Darkness - no lighting,529480,153450,93.60911264,E01030599,1,2,0,0,Snow,Dual carriageway,None,70,17:40:00,Rural,Snowing no high winds,No,21 - 25,11,Rural,6,1997,None,None,Commuting to/from work,Not at or within 20 metres of junction,CITROEN,XSARA SX HDI,Heavy oil,Male,None,No tow/articulation,Did not leave carriageway,0,Slowing or stopping,2,Car,No,Back,2019
201045RE57374,Motorway,25,NA,0,Slight,None,16-12-2010,Thursday,1,Data missing or out of range,Not at junction or within 20 metres,51.265449,Darkness - no lighting,529480,153450,-0.145494,E01030599,1,2,0,0,Snow,Dual carriageway,None,70,17:40:00,Rural,Snowing no high winds,No,21 - 25,11,Rural,6,1997,None,None,Commuting to/from work,Not at or within 20 metres of junction,CITROEN,XSARA SX HDI,Heavy oil,Male,None,No tow/articulation,Did not leave carriageway,0,Slowing or stopping,2,Car,No,Back,2010
201032D377510,Unclassified,0,NA,0,Slight,None,07-12-2010,Tuesday,2,Data missing or out of range,Not at junction or within 20 metres,53.125621,Darkness - no lighting,489890,359560,-0.658101,E01026193,1,2,0,0,Frost or ice,Single carriageway,None,60,22:00:00,Rural,Unknown,No,21 - 25,11,Rural,9,2495,None,Entered ditch,Other/Not known (2005-10),Not at or within 20 metres of junction,LAND ROVER,DISCOVERY TD5 GS,Heavy oil,Male,Skidded and overturned,No tow/articulation,Offside,0,Going ahead other,2,Car,No,Front,2010
2010170S32370,A,1130,NA,0,Slight,None,24-09-2010,Friday,1,Data missing or out of range,Not at junction or within 20 metres,54.556671,Daylight,445320,518160,-1.300744,E01012287,1,2,0,4,Wet or damp,One way street,None,30,13:36:00,Urban,Fine + high winds,No,21 - 25,11,Urban area,2,1598,None,None,Other/Not known (2005-10),Not at or within 20 metres of junction,VAUXHALL,ASTRA CLUB 16V,Petrol,Male,None,No tow/articulation,Did not leave carriageway,0,Going ahead other,2,Car,No,Offside,2010
20103102B1561,B,6166,Unclassified,0,Slight,None,15-07-2010,Thursday,2,Auto traffic signal,Crossroads,53.085505,Daylight,480530,354930,-0.799106,E01028306,1,1,0,8,Dry,Single carriageway,None,40,12:30:00,Urban,Fine + high winds,No,21 - 25,11,Rural,7,1396,None,None,Other/Not known (2005-10),Approaching junction or waiting/parked at junction approach,HONDA,CIVIC 1.4I S,Petrol,Female,None,No tow/articulation,Did not leave carriageway,0,Going ahead other,1,Car,No,Front,2010
2010550C48876,C,321,NA,0,Slight,None,21-12-2021,Friday,1,Not at junction or within 20 metres,Not at junction or within 20 metres,27.09851344,Daylight,408610,93460,93.62023026,E01015375,1,1,0,0,Dry,Single carriageway,None,30,14:20:00,Urban,Fine no high winds,No,21 - 25,11,Urban area,4,2494,None,None,Other/Not known (2005-10),Not at or within 20 metres of junction,BMW,323 CI SE AUTO,Petrol,Male,None,No tow/articulation,Did not leave carriageway,0,Reversing,1,Car,No,Back,2019
20105500C0011,Unclassified,0,A,350,Slight,None,23-06-2021,Saturday,1,Auto traffic signal,T or staggered junction,26.7639894,Daylight,401180,91050,94.2012367,E01015469,3,3,0,5,Frost or ice,Single carriageway,None,30,14:14:00,Urban,Fine no high winds,No,21 - 25,11,Urban area,1,1597,None,None,Commuting to/from work,Approaching junction or waiting/parked at junction approach,PROTON,PERSONA XLI,Petrol,Male,None,No tow/articulation,Did not leave carriageway,0,Going ahead other,3,Car,No,Front,2019
201050FB2D003,Unclassified,0,Unclassified,0,Slight,None,06-04-2020,Tuesday,1,Give way or uncontrolled,Crossroads,26.76203022,Daylight,293110,55960,94.22781715,E01015187,1,2,0,0,Dry,Single carriageway,None,30,08:25:00,Urban,Fine no high winds,No,21 - 25,11,Urban area,7,1589,None,None,Other/Not known (2005-10),Entering main road,ROVER,216 SLI,Petrol,Male,None,No tow/articulation,Did not leave carriageway,0,Moving off,1,Car,No,Did not impact,2019
201050ED20006,Unclassified,0,Unclassified,0,Slight,None,22-05-2021,Monday,2,Give way or uncontrolled,T or staggered junction,26.76292699,Daylight,247430,57470,94.19539762,E01015077,1,2,0,0,Dry,Dual carriageway,None,40,09:42:00,Urban,Fine no high winds,No,21 - 25,11,Urban area,3,2496,None,None,Journey as part of work,Mid Junction - on roundabout or on main road,METROCAB,MANUAL,Heavy oil,Male,None,No tow/articulation,Did not leave carriageway,0,U-turn,2,Taxi/Private hire car,No,Nearside,2019
201037L018369,A,12,C,921,Slight,None,29-03-2021,Sunday,1,Give way or uncontrolled,T or staggered junction,26.72194922,Daylight,650310,285240,94.16740276,E01030295,1,4,0,0,Dry,Single carriageway,None,60,12:22:00,Rural,Fine no high winds,No,21 - 25,11,Small town,6,1598,None,None,Other/Not known (2005-10),Approaching junction or waiting/parked at junction approach,RENAULT,MEGANE RT ALIZE,Petrol,Male,Skidded,No tow/articulation,Did not leave carriageway,0,Slowing or stopping,1,Car,No,Front,2019
201043P231030,Unclassified,263,Unclassified,0,Slight,None,17-06-2021,Thursday,1,Give way or uncontrolled,Private drive or entrance,26.76575287,Daylight,450470,202790,94.21197782,E01028733,3,2,0,0,Dry,Single carriageway,None,40,16:27:00,Rural,Fine no high winds,No,21 - 25,11,Urban area,9,1396,None,Entered ditch,Other/Not known (2005-10),Approaching junction or waiting/parked at junction approach,ROVER,214 SI,Petrol,Male,None,No tow/articulation,Nearside,0,Going ahead other,2,Car,No,Front,2019
20105500D0318,A,352,A,35,Slight,None,27-01-2021,Monday,2,Give way or uncontrolled,T or staggered junction,26.7252952,Daylight,370240,89710,94.2119307,E01020549,1,2,0,0,Dry,Single carriageway,None,30,09:15:00,Urban,Fine no high winds,No,21 - 25,11,Urban area,4,1396,None,None,Other/Not known (2005-10),Cleared junction or waiting/parked at junction exit,HONDA,CIVIC INITIAL,Petrol,Male,None,No tow/articulation,Did not leave carriageway,0,Changing lane to left,2,Car,No,Back,2019
20104100T3324,Motorway,25,NA,0,Slight,None,07-03-2021,Sunday,1,Not at junction or within 20 metres,Not at junction or within 20 metres,25.7797016,Daylight,507420,199680,87.48409988,E01023831,2,3,0,0,Wet or damp,Dual carriageway,Roadworks,70,14:50:00,Rural,Fine no high winds,No,21 - 25,11,Urban area,5,1396,None,None,Other/Not known (2005-10),Not at or within 20 metres of junction,ROVER,214 I,Petrol,Male,None,No tow/articulation,Did not leave carriageway,0,Slowing or stopping,3,Car,No,Back,2019
20104100F0341,B,653,Unclassified,1691,Slight,None,26-01-2020,Saturday,1,Give way or uncontrolled,T or staggered junction,25.77135022,Daylight,517880,214390,87.49721436,E01023747,2,4,0,0,Dry,Single carriageway,None,30,10:38:00,Rural,Fine no high winds,No,21 - 25,11,Urban area,3,1289,None,None,Other/Not known (2005-10),Approaching junction or waiting/parked at junction approach,SKODA,FELICIA L,Petrol,Male,None,No tow/articulation,Did not leave carriageway,0,Going ahead other,1,Car,No,Front,2019
2010400C01890,Unclassified,0,Unclassified,0,Slight,None,11-11-2021,Thursday,1,Give way or uncontrolled,T or staggered junction,22.06490396,Daylight,509090,223390,82.12831928,E01015693,4,3,0,0,Dry,Single carriageway,None,30,19:31:00,Urban,Fine no high winds,No,21 - 25,11,Urban area,6,1995,None,None,Other/Not known (2005-10),Cleared junction or waiting/parked at junction exit,VAUXHALL,ZAFIRA COMFORT DI 16V,Heavy oil,Male,Skidded,No tow/articulation,Did not leave carriageway,0,Going ahead other,1,Car,No,Front,2019
201043P308050,Unclassified,143,NA,0,Slight,None,29-09-2021,Saturday,1,Not at junction or within 20 metres,Not at junction or within 20 metres,22.06683914,Daylight,430150,208140,82.1153641,E01028766,3,2,0,0,Dry,Single carriageway,None,60,16:27:00,Rural,Fine no high winds,No,21 - 25,11,Rural,9,1587,None,None,Journey as part of work,Not at or within 20 metres of junction,CITROEN,SAXO VTS,Petrol,Male,None,No tow/articulation,Did not leave carriageway,0,Going ahead right-hand bend,1,Car,No,Front,2019
201042I141605,Unclassified,0,Unclassified,0,Slight,None,02-05-2021,Monday,1,Auto traffic signal,T or staggered junction,15.24935814,Daylight,584180,187250,74.10903473,E01015814,3,3,0,5,Dry,Dual carriageway,None,30,07:45:00,Urban,Fine no high winds,No,21 - 25,11,Urban area,4,1299,None,None,Commuting to/from work,Approaching junction or waiting/parked at junction approach,FORD,KA,Petrol,Male,None,No tow/articulation,Did not leave carriageway,0,Slowing or stopping,1,Car,No,Front,2019
2010400D03435,C,112,NA,0,Slight,None,22-12-2019,Tuesday,1,Data missing or out of range,Not at junction or within 20 metres,15.31720491,Daylight,504860,234530,74.09945404,E01017398,1,4,0,0,Wet or damp,Single carriageway,None,30,08:26:00,Rural,Fine no high winds,No,21 - 25,11,Rural,7,1390,None,None,Commuting to/from work,Not at or within 20 metres of junction,VOLKSWAGEN,POLO 1.4 L,Petrol,Male,Skidded,No tow/articulation,Did not leave carriageway,0,Going ahead other,1,Car,No,Front,2019
201043R170060,Unclassified,7302,Unclassified,7302,Slight,None,16-09-2020,Friday,2,Give way or uncontrolled,T or staggered junction,15.2886485,Daylight,498360,179940,74.04818513,E01016456,5,2,0,0,Dry,Single carriageway,None,20,19:31:00,Urban,Fine no high winds,No,21 - 25,11,Urban area,2,1998,None,None,Other/Not known (2005-10),Leaving main road,TOYOTA,AVENSIS CDX,Petrol,Male,None,No tow/articulation,Did not leave carriageway,0,Turning right,2,Car,No,Front,2019
201043W115080,A,339,NA,0,Slight,None,05-04-2020,Tuesday,1,Data missing or out of range,Not at junction or within 20 metres,15.18768023,Daylight,447940,172580,73.99836987,E01016277,1,2,0,0,Dry,Dual carriageway,None,40,17:40:00,Rural,Fine no high winds,No,21 - 25,11,Urban area,4,599,None,None,Commuting to/from work,Not at or within 20 metres of junction,KAWASAKI,,Petrol,Male,Skidded and overturned,No tow/articulation,Did not leave carriageway,0,Going ahead left-hand bend,1,Motorcycle over 500cc,No,Offside,2019
201037G029413,Unclassified,5041,Unclassified,0,Slight,None,16-03-2020,Monday,1,Give way or uncontrolled,Private drive or entrance,22.99926758,Daylight,614900,243520,72.5803119,E01029986,1,2,0,0,Dry,Single carriageway,None,30,17:54:00,Urban,Fine no high winds,No,21 - 25,11,Urban area,2,2494,None,None,Other/Not known (2005-10),Mid Junction - on roundabout or on main road,BMW,323 CI SE,Petrol,Male,Skidded,No tow/articulation,Did not leave carriageway,0,Going ahead other,1,Car,No,Front,2019
20105500D0759,Unclassified,0,NA,0,Slight,None,26-09-2019,Friday,1,Not at junction or within 20 metres,Not at junction or within 20 metres,23.09074051,Daylight,395570,96740,72.57820919,E01020470,1,2,0,0,Wet or damp,Single carriageway,None,60,08:50:00,Rural,Fine no high winds,No,21 - 25,11,Small town,10,999,None,None,Other/Not known (2005-10),Not at or within 20 metres of junction,VOLKSWAGEN,POLO 1.0 L,Petrol,Male,None,No tow/articulation,Did not leave carriageway,0,Going ahead left-hand bend,1,Car,No,Front,2019
201043W083080,Unclassified,7201,NA,0,Slight,None,20-03-2020,Saturday,1,Data missing or out of range,Not at junction or within 20 metres,22.9824791,Daylight,468470,172480,72.65470081,E01016421,1,2,0,1,Wet or damp,Single carriageway,None,30,13:50:00,Urban,Fine no high winds,No,21 - 25,11,Urban area,9,1984,None,None,Other/Not known (2005-10),Not at or within 20 metres of junction,VOLKSWAGEN,BORA SPORT,Petrol,Male,None,No tow/articulation,Did not leave carriageway,0,Waiting to go - held up,2,Car,No,Back,2019
201043N226090,A,4,Unclassified,864,Slight,None,25-05-2021,Sunday,1,Give way or uncontrolled,T or staggered junction,23.01488926,Daylight,491970,181140,72.6283585,E01017814,1,2,0,0,Dry,Single carriageway,None,50,11:16:00,Urban,Fine no high winds,No,21 - 25,11,Small town,7,1997,None,None,Other/Not known (2005-10),Cleared junction or waiting/parked at junction exit,PEUGEOT,406 RAPIER HDI (90),Heavy oil,Male,None,No tow/articulation,Did not leave carriageway,0,Slowing or stopping,2,Car,No,Back,2019
201042I118304,Unclassified,0,Unclassified,0,Slight,None,12-11-2019,Thursday,1,Give way or uncontrolled,T or staggered junction,22.97121008,Daylight,616620,216180,72.56065691,E01022022,2,2,0,0,Dry,Single carriageway,None,30,15:45:00,Urban,Fine no high winds,No,21 - 25,11,Urban area,4,1753,None,None,Other/Not known (2005-10),Mid Junction - on roundabout or on main road,FORD,FIESTA LX DIESEL,Heavy oil,Male,None,No tow/articulation,Did not leave carriageway,0,Going ahead other,2,Car,No,Front,2019
201043W160010,A,33,Unclassified,7201,Slight,None,20-09-2020,Thursday,1,Auto traffic signal,Roundabout,28.49485022,Daylight,471590,168770,77.06187279,E01016441,1,2,0,0,Dry,Dual carriageway,Roadworks,40,08:00:00,Rural,Fine no high winds,No,21 - 25,11,Urban area,3,748,None,None,Journey as part of work,Approaching junction or waiting/parked at junction approach,DUCATI,748 BIPOSTO,Petrol,Male,None,No tow/articulation,Did not leave carriageway,0,Slowing or stopping,2,Motorcycle over 500cc,No,Front,2019
201050CD2J001,Unclassified,0,NA,0,Slight,None,19-05-2019,Thursday,2,Not at junction or within 20 metres,Not at junction or within 20 metres,28.42565752,Daylight,235580,119520,77.09697597,E01020288,1,2,0,0,Dry,Single carriageway,None,60,13:00:00,Rural,Fine no high winds,No,21 - 25,11,Small town,4,1998,None,None,Commuting to/from work,Not at or within 20 metres of junction,VAUXHALL,VECTRA SRI 140,Petrol,Male,None,No tow/articulation,Did not leave carriageway,0,Waiting to go - held up,2,Car,No,Did not impact,2019
201050JH2F001,Unclassified,0,NA,0,Slight,None,20-12-2019,Thursday,1,Data missing or out of range,Not at junction or within 20 metres,28.45574241,Daylight,284040,46910,77.0165839,E01020175,1,2,0,0,Dry,Single carriageway,None,30,09:20:00,Rural,Fine no high winds,No,21 - 25,11,Small town,6,124,None,None,Other/Not known (2005-10),Not at or within 20 metres of junction,PIAGGIO,VESPA ET4,Petrol,Male,Skidded,No tow/articulation,Did not leave carriageway,0,Going ahead other,1,Motorcycle 125cc and under,No,Nearside,2019
20104100B0231,Unclassified,184,Unclassified,54,Slight,None,24-04-2019,Monday,1,Give way or uncontrolled,T or staggered junction,12.98128859,Daylight,525470,211720,77.64649556,E01023946,1,2,0,0,Dry,Single carriageway,None,30,10:39:00,Urban,Fine no high winds,No,21 - 25,11,Urban area,7,2299,None,None,Journey as part of work,Approaching junction or waiting/parked at junction approach,MERCEDES,208D LWB,Heavy oil,Male,Skidded,No tow/articulation,Did not leave carriageway,0,Going ahead other,1,Van / Goods 3.5 tonnes mgw or under,No,Front,2019
201043N037110,Unclassified,3150,Unclassified,3150,Slight,None,05-10-2021,Monday,1,Give way or uncontrolled,Crossroads,12.97947732,Daylight,485340,194120,77.60290855,E01017857,1,2,0,0,Wet or damp,Single carriageway,None,30,08:35:00,Urban,Fine no high winds,No,21 - 25,11,Data missing or out of range,NA,1587,None,None,Other/Not known (2005-10),Approaching junction or waiting/parked at junction approach,PEUGEOT,206 XS,Petrol,Male,None,No tow/articulation,Did not leave carriageway,0,Going ahead other,1,Car,No,Offside,2020
2010400B01870,Unclassified,0,NA,0,Slight,None,20-05-2019,Wednesday,1,Data missing or out of range,Not at junction or within 20 metres,13.02992799,Daylight,510080,262560,77.6126021,E01017543,1,2,0,0,Dry,Single carriageway,None,60,12:28:00,Rural,Fine no high winds,No,21 - 25,11,Rural,7,1299,None,None,Commuting to/from work,Not at or within 20 metres of junction,FORD,KA,Petrol,Male,None,No tow/articulation,Did not leave carriageway,0,Going ahead right-hand bend,2,Car,No,Did not impact,2020
201043R121120,Motorway,4,NA,0,Slight,None,13-11-2020,Wednesday,1,Data missing or out of range,Not at junction or within 20 metres,12.99313846,Daylight,502820,178180,77.5941697,E01016481,2,2,0,0,Wet or damp,Dual carriageway,None,70,07:30:00,Rural,Fine no high winds,No,21 - 25,11,Small town,7,1997,None,None,Commuting to/from work,Not at or within 20 metres of junction,PEUGEOT,406 RAPIER HDI (90),Heavy oil,Male,None,No tow/articulation,Did not leave carriageway,0,Slowing or stopping,2,Car,No,Back,2020
201045RU49952,A,317,Unclassified,0,Slight,None,08-10-2021,Tuesday,1,Give way or uncontrolled,Roundabout,8.885599441,Daylight,504120,166380,76.62588313,E01030653,1,2,0,0,Dry,Roundabout,None,30,15:40:00,Urban,Fine no high winds,No,21 - 25,11,Urban area,9,1796,None,None,Other/Not known (2005-10),Entering roundabout,VAUXHALL,ASTRA CDX 16V,Petrol,Male,None,No tow/articulation,Did not leave carriageway,0,Going ahead other,1,Car,No,Front,2020
201037G028942,C,320,Unclassified,2259,Slight,None,05-05-2021,Thursday,1,Give way or uncontrolled,T or staggered junction,8.894165102,Daylight,619290,242110,76.67720468,E01029993,2,2,0,0,Dry,Single carriageway,None,30,08:05:00,Urban,Fine no high winds,No,21 - 25,11,Urban area,1,124,None,None,Commuting to/from work,Mid Junction - on roundabout or on main road,SUZUKI,UC 125 X,Petrol,Male,None,No tow/articulation,Did not leave carriageway,0,Going ahead other,1,Motorcycle 50cc and under,No,Front,2020
201050GT3F011,A,390,NA,0,Slight,None,27-09-2019,Saturday,1,Data missing or out of range,Not at junction or within 20 metres,8.890442502,Daylight,176140,46030,76.64158548,E01018820,5,2,0,0,Dry,Single carriageway,None,30,12:50:00,Rural,Fine no high winds,No,21 - 25,11,Urban area,8,1587,None,None,Other/Not known (2005-10),Not at or within 20 metres of junction,PEUGEOT,206 XS,Petrol,Male,None,No tow/articulation,Did not leave carriageway,0,Waiting to turn right,2,Car,No,Back,2020
201042I071503,A,1159,NA,0,Slight,None,17-09-2020,Wednesday,2,Not at junction or within 20 metres,Not at junction or within 20 metres,22.69741126,Daylight,591080,186530,75.82107302,E01015888,2,2,0,0,Dry,Dual carriageway,None,50,12:45:00,Urban,Fine no high winds,No,21 - 25,11,Small town,9,1988,None,None,Journey as part of work,Not at or within 20 metres of junction,LEXUS,IS200 SPORT,Petrol,Male,None,No tow/articulation,Did not leave carriageway,0,Going ahead other,1,Car,No,Nearside,2020
201045WA52677,A,283,NA,0,Slight,None,13-02-2019,Tuesday,1,Data missing or out of range,Not at junction or within 20 metres,22.72763897,Daylight,496400,136600,75.82011891,E01030867,1,4,0,0,Dry,Single carriageway,None,30,17:42:00,Rural,Fine no high winds,No,21 - 25,11,Rural,7,1798,None,Road sign or traffic signal,Other/Not known (2005-10),Not at or within 20 metres of junction,VOLKSWAGEN,PASSAT SPORT 20V TURBO AU,Petrol,Male,Overturned,No tow/articulation,Nearside,0,Going ahead other,2,Car,No,Nearside,2020
201043P305070,A,44,A,34,Slight,None,10-01-2021,Friday,2,Give way or uncontrolled,Roundabout,26.46317987,Daylight,449390,210820,74.61861286,E01028511,1,2,0,0,Dry,Roundabout,None,60,19:15:00,Rural,Fine no high winds,No,21 - 25,11,Data missing or out of range,NA,998,None,None,Other/Not known (2005-10),Entering roundabout,NISSAN,MICRA ALLY,Petrol,Male,None,No tow/articulation,Did not leave carriageway,0,Waiting to go - held up,2,Car,No,Back,2020
201037B044567,C,602,NA,0,Slight,None,26-10-2019,Saturday,1,Data missing or out of range,Not at junction or within 20 metres,28.53256711,Daylight,571290,277970,77.11825313,E01029933,1,2,0,0,Wet or damp,Single carriageway,None,60,06:05:00,Rural,Fine no high winds,No,21 - 25,11,Rural,8,2500,None,Tree,Commuting to/from work,Not at or within 20 metres of junction,BMW,323I,Petrol,Male,None,No tow/articulation,Nearside,0,Going ahead other,2,Car,No,Offside,2020
20104100J0349,A,1,NA,0,Slight,None,13-11-2020,Sunday,1,Not at junction or within 20 metres,Not at junction or within 20 metres,28.60720897,Daylight,521430,197700,77.12337673,E01023544,1,1,0,0,Dry,Dual carriageway,None,70,17:45:00,Rural,Fine no high winds,No,21 - 25,11,Urban area,2,1598,None,Tree,Other/Not known (2005-10),Not at or within 20 metres of junction,VAUXHALL,CORSA SPORT 1.6I,Petrol,Male,None,No tow/articulation,Nearside,0,Going ahead other,1,Car,No,Front,2020
201034NK36980,A,6098,Unclassified,7049,Slight,None,23-12-2020,Wednesday,2,Give way or uncontrolled,Crossroads,28.68031385,Daylight,487710,278930,77.32032261,E01027127,1,2,0,0,Dry,Single carriageway,None,30,14:00:00,Urban,Fine no high winds,No,21 - 25,11,Urban area,8,1598,None,None,Other/Not known (2005-10),Mid Junction - on roundabout or on main road,VAUXHALL,CORSA SPORT 1.6I,Petrol,Male,None,No tow/articulation,Did not leave carriageway,0,Going ahead other,2,Car,No,Front,2020
201037B045468,A,11,B,1112,Slight,None,25-04-2021,Thursday,1,Give way or uncontrolled,T or staggered junction,28.59280206,Daylight,575320,275790,77.18554432,E01029941,1,2,0,0,Dry,Single carriageway,None,60,14:25:00,Rural,Fine no high winds,No,21 - 25,11,Urban area,4,1157,None,None,Commuting to/from work,Approaching junction or waiting/parked at junction approach,SUZUKI,GSF 1200 X,Petrol,Male,None,No tow/articulation,Did not leave carriageway,0,Going ahead other,2,Motorcycle over 500cc,No,Nearside,2021
20104100K0259,A,121,A,10,Slight,None,15-05-2021,Wednesday,1,Give way or uncontrolled,Roundabout,28.54240284,Daylight,535260,200930,77.3634224,E01023339,1,2,0,0,Dry,Dual carriageway,None,40,18:00:00,Rural,Fine no high winds,No,21 - 25,11,Urban area,2,1390,None,None,Other/Not known (2005-10),Approaching junction or waiting/parked at junction approach,VOLKSWAGEN,POLO 1.4 CL,Petrol,Male,None,No tow/articulation,Did not leave carriageway,0,Moving off,1,Car,No,Front,2021
201050FP2B017,Unclassified,0,NA,0,Slight,None,10-06-2019,Monday,2,Not at junction or within 20 metres,Not at junction or within 20 metres,28.64250198,Daylight,286860,60790,77.08824807,E01015194,1,2,0,0,Dry,Single carriageway,None,60,16:50:00,Rural,Fine no high winds,No,21 - 25,11,Urban area,6,124,None,None,Other/Not known (2005-10),Not at or within 20 metres of junction,HONDA,,Petrol,Male,None,No tow/articulation,Did not leave carriageway,0,Going ahead other,2,Motorcycle 125cc and under,No,Offside,2021
201042I226407,B,1464,NA,0,Slight,None,15-05-2020,Saturday,2,Not at junction or within 20 metres,Not at junction or within 20 metres,18.57425506,Daylight,574960,188250,73.90466162,E01021312,1,2,0,0,Dry,Dual carriageway,None,30,12:22:00,Urban,Fine no high winds,No,21 - 25,11,Urban area,7,1679,None,None,Other/Not known (2005-10),Not at or within 20 metres of junction,FORD,PUMA 1.7 16V,Petrol,Male,None,No tow/articulation,Did not leave carriageway,0,Going ahead other,1,Car,No,Front,2021