Accident_Index,1st_Road_Class,1st_Road_Number,2nd_Road_Class,2nd_Road_Number,Accident_Severity,Carriageway_Hazards,Date,Day_of_Week,Did_Police_Officer_Attend_Scene_of_Accident,Junction_Control,Junction_Detail,Latitude,Light_Conditions,Location_Easting_OSGR,Location_Northing_OSGR,Longitude,LSOA_of_Accident_Location,Number_of_Casualties,Number_of_Vehicles,Pedestrian_Crossing-Human_Control,Pedestrian_Crossing-Physical_Facilities,Road_Surface_Conditions,Road_Type,Special_Conditions_at_Site,Speed_limit,Time,Urban_or_Rural_Area,Weather_Conditions,InScotland,Age_Band_of_Driver,Age_of_Vehicle,Driver_Home_Area_Type,Driver_IMD_Decile,Engine_Capacity_.CC.,Hit_Object_in_Carriageway,Hit_Object_off_Carriageway,Journey_Purpose_of_Driver,Junction_Location,make,model,Propulsion_Code,Sex_of_Driver,Skidding_and_Overturning,Towing_and_Articulation,Vehicle_Leaving_Carriageway,Vehicle_Location.Restricted_Lane,Vehicle_Manoeuvre,Vehicle_Reference,Vehicle_Type,Was_Vehicle_Left_Hand_Drive,X1st_Point_of_Impact,Year
201050ED2E027,Unclassified,0,Unclassified,0,Slight,None,24-11-2020,Saturday,1,Give way or uncontrolled,Other junction,18.51279896,Daylight,248010,56330,73.74276591,E01015098,1,2,0,0,Dry,Single carriageway,None,30,14:50:00,Urban,Fine no high winds,No,21 - 25,11,Urban area,2,2435,None,None,Other/Not known (2005-10),Entering main road,VOLVO,S80 2.4 SE,Petrol,Male,None,No tow/articulation,Did not leave carriageway,0,Turning right,1,Car,No,Did not impact,2021
201045SP51530,A,308,C,248,Slight,None,11-05-2020,Thursday,1,Auto traffic signal,Crossroads,18.50896385,Daylight,503940,171740,73.87124032,E01030736,1,2,0,0,Dry,Unknown,None,30,06:38:00,Urban,Fine no high winds,No,21 - 25,11,Urban area,8,1396,None,None,Journey as part of work,Entering main road,ROVER,214 SI,Petrol,Male,None,No tow/articulation,Did not leave carriageway,0,Going ahead other,1,Car,No,Front,2021
201050AH3T003,A,39,Unclassified,0,Slight,None,21-05-2020,Wednesday,1,Give way or uncontrolled,Private drive or entrance,18.55597083,Daylight,177770,33550,73.93568471,E01018900,1,2,0,0,Dry,Single carriageway,None,60,14:40:00,Rural,Fine no high winds,No,21 - 25,11,Rural,5,1900,None,None,Other/Not known (2005-10),Mid Junction - on roundabout or on main road,VOLKSWAGEN,GOLF SE TDI,Heavy oil,Male,None,No tow/articulation,Did not leave carriageway,0,Going ahead other,1,Car,No,Front,2021
201043N104020,Motorway,40,NA,0,Slight,None,08-09-2020,Monday,2,Data missing or out of range,Not at junction or within 20 metres,18.56603963,Daylight,499910,186310,73.77620059,E01017823,2,2,0,0,Wet or damp,Dual carriageway,None,70,09:40:00,Rural,Fine no high winds,No,21 - 25,11,Urban area,3,1994,None,None,Commuting to/from work,Not at or within 20 metres of junction,ROVER,220 DI TURBO,Heavy oil,Male,Skidded,No tow/articulation,Did not leave carriageway,0,Going ahead other,1,Car,No,Nearside,2021
201045WO53568,C,144,Unclassified,3725,Slight,None,01-04-2021,Tuesday,1,Give way or uncontrolled,T or staggered junction,18.56928776,Daylight,501720,159280,73.79493925,E01030988,1,1,0,0,Dry,Single carriageway,None,30,19:20:00,Urban,Fine no high winds,No,21 - 25,11,Urban area,6,1390,None,None,Other/Not known (2005-10),Cleared junction or waiting/parked at junction exit,VOLKSWAGEN,POLO 1.4 L,Petrol,Male,None,No tow/articulation,Did not leave carriageway,0,Going ahead other,1,Car,No,Front,2021
20105500C1322,A,3049,Unclassified,0,Slight,None,23-07-2021,Friday,1,Give way or uncontrolled,Private drive or entrance,18.50299457,Daylight,410330,93010,73.79950481,E01015331,1,2,0,5,Dry,Single carriageway,None,30,07:02:00,Urban,Fine no high winds,No,21 - 25,11,Urban area,4,1598,None,None,Commuting to/from work,Entering main road,MERCEDES,A160 ELEGANCE AUTO,Petrol,Male,None,No tow/articulation,Did not leave carriageway,0,Turning right,2,Car,No,Front,2021
201054EG20910,A,350,C,390,Slight,None,10-10-2019,Monday,1,Give way or uncontrolled,Roundabout,19.20942099,Daylight,387510,151980,72.86373672,E01032121,2,3,0,0,Wet or damp,Single carriageway,None,30,07:38:00,Rural,Fine no high winds,No,21 - 25,11,Urban area,9,1896,None,None,Journey as part of work,Approaching junction or waiting/parked at junction approach,VOLKSWAGEN,GOLF CL TDI,Heavy oil,Male,Skidded,No tow/articulation,Did not leave carriageway,0,Going ahead other,1,Car,No,Front,2021
201045EP56208,A,24,Unclassified,0,Slight,None,01-06-2020,Friday,1,Give way or uncontrolled,Private drive or entrance,19.14608313,Daylight,522040,162060,72.87694139,E01030392,1,2,0,0,Dry,Single carriageway,None,30,12:24:00,Urban,Fine no high winds,No,21 - 25,11,Rural,8,1396,None,None,Other/Not known (2005-10),Approaching junction or waiting/parked at junction approach,ROVER,214 SI,Petrol,Male,None,No tow/articulation,Did not leave carriageway,0,Waiting to turn right,1,Car,No,Nearside,2021
201042I069503,Unclassified,0,Unclassified,0,Slight,None,27-01-2021,Thursday,1,Give way or uncontrolled,Private drive or entrance,19.16374449,Daylight,593190,230110,72.88815814,E01021660,1,2,0,0,Dry,Single carriageway,None,60,14:55:00,Rural,Fine no high winds,No,21 - 25,11,Urban area,2,1998,None,None,Journey as part of work,Approaching junction or waiting/parked at junction approach,FORD,MONDEO ZETEC,Petrol,Male,None,No tow/articulation,Did not leave carriageway,0,Turning right,1,Car,No,Front,2021
201037G029437,B,1070,NA,0,Slight,None,01-04-2020,Wednesday,1,Data missing or out of range,Not at junction or within 20 metres,19.16600617,Daylight,609740,233260,72.89357837,E01029872,1,2,0,0,Dry,Single carriageway,None,60,16:00:00,Rural,Fine no high winds,No,21 - 25,11,Urban area,4,2499,None,None,Journey as part of work,Not at or within 20 metres of junction,VAUXHALL,MOVANO D 3500 LWB,Heavy oil,Male,Skidded,No tow/articulation,Did not leave carriageway,0,Going ahead left-hand bend,1,Van / Goods 3.5 tonnes mgw or under,No,Front,2021
201037G029631,B,1075,B,1075,Slight,None,28-07-2020,Saturday,1,Auto traffic signal,T or staggered junction,19.12379439,Daylight,616220,244430,72.84418398,E01029959,1,1,0,5,Dry,Single carriageway,None,30,00:25:00,Urban,Fine no high winds,No,21 - 25,11,Urban area,3,1781,None,None,Other/Not known (2005-10),Mid Junction - on roundabout or on main road,AUDI,A3 1.8T SPORT,Petrol,Male,None,No tow/articulation,Did not leave carriageway,0,Going ahead other,1,Car,No,Front,2021
201045GU50527,A,3,NA,0,Slight,None,27-08-2021,Wednesday,1,Data missing or out of range,Not at junction or within 20 metres,19.20791361,Daylight,508300,159700,72.869277,E01030458,6,9,0,0,Dry,Dual carriageway,None,70,07:35:00,Rural,Fine no high winds,No,21 - 25,11,Urban area,8,2496,None,None,Other/Not known (2005-10),Not at or within 20 metres of junction,FORD,TRANSIT 120 SWB,Heavy oil,Male,None,No tow/articulation,Did not leave carriageway,0,Going ahead other,6,Van / Goods 3.5 tonnes mgw or under,No,Front,2021
2010400C02662,Unclassified,0,NA,0,Slight,None,16-08-2021,Saturday,1,Data missing or out of range,Not at junction or within 20 metres,14.65706308,Daylight,508670,221740,78.52601813,E01015699,1,1,0,0,Dry,Single carriageway,None,30,19:03:00,Urban,Fine no high winds,No,21 - 25,11,Urban area,2,998,None,None,Other/Not known (2005-10),Not at or within 20 metres of junction,TOYOTA,YARIS GS,Petrol,Male,None,No tow/articulation,Did not leave carriageway,0,Overtaking static vehicle - offside,1,Car,No,Front,2019
2010400D02057,Unclassified,0,NA,0,Slight,None,10-08-2021,Tuesday,1,Data missing or out of range,Not at junction or within 20 metres,14.74911423,Daylight,500720,222990,78.53138516,E01017599,1,1,0,0,Wet or damp,Single carriageway,None,30,19:10:00,Urban,Fine no high winds,No,21 - 25,11,Urban area,1,1332,None,None,Journey as part of work,Not at or within 20 metres of junction,TOYOTA,COROLLA SE 16V,Petrol,Male,None,No tow/articulation,Did not leave carriageway,0,Going ahead other,1,Car,No,Nearside,2019
201043R033020,Unclassified,7002,NA,0,Slight,None,04-05-2019,Friday,1,Data missing or out of range,Not at junction or within 20 metres,14.66525862,Daylight,486450,168000,78.50196216,E01016248,1,1,0,0,Wet or damp,Single carriageway,None,30,18:15:00,Urban,Fine no high winds,No,21 - 25,11,Urban area,6,1598,None,None,Other/Not known (2005-10),Not at or within 20 metres of junction,VAUXHALL,ASTRA LS 8V AUTO,Petrol,Male,None,No tow/articulation,Did not leave carriageway,0,Going ahead other,1,Car,No,Front,2019
201050EP2F026,Unclassified,0,Unclassified,0,Slight,None,25-11-2019,Tuesday,1,Give way or uncontrolled,T or staggered junction,14.77904732,Daylight,252740,55990,78.54259054,E01015113,2,2,0,0,Dry,Single carriageway,None,30,17:16:00,Urban,Fine no high winds,No,21 - 25,11,Urban area,2,1997,None,None,Journey as part of work,Mid Junction - on roundabout or on main road,PEUGEOT,306 MERIDIAN HDI (90),Heavy oil,Male,None,No tow/articulation,Did not leave carriageway,0,Waiting to go - held up,2,Car,No,Front,2019
201037B045335,B,1113,Unclassified,0,Slight,None,16-08-2021,Monday,1,Give way or uncontrolled,T or staggered junction,27.09165738,Daylight,609800,254060,93.62436478,E01030041,3,2,0,0,Wet or damp,Single carriageway,None,60,16:40:00,Rural,Fine no high winds,No,21 - 25,11,Urban area,7,1587,None,None,Other/Not known (2005-10),Approaching junction or waiting/parked at junction approach,CITROEN,SAXO VTR,Petrol,Male,Skidded,No tow/articulation,Did not leave carriageway,0,Going ahead other,1,Car,No,Front,2019
201054ET12410,Unclassified,0,Unclassified,0,Slight,None,10-03-2021,Sunday,2,Give way or uncontrolled,T or staggered junction,27.1030878,Daylight,385370,158440,93.60827251,E01032086,1,2,0,1,Dry,Single carriageway,None,30,13:37:00,Urban,Fine no high winds,No,21 - 25,11,Urban area,10,1390,None,None,Other/Not known (2005-10),Cleared junction or waiting/parked at junction exit,VOLKSWAGEN,POLO 1.4 CL,Petrol,Male,None,No tow/articulation,Did not leave carriageway,0,Going ahead other,1,Car,No,Back,2019
201054ET24010,A,361,Unclassified,0,Slight,None,20-01-2019,Wednesday,1,Give way or uncontrolled,T or staggered junction,26.72752114,Daylight,384370,156510,94.17324617,E01032091,1,2,0,0,Dry,Single carriageway,None,30,17:57:00,Urban,Fine no high winds,No,21 - 25,11,Urban area,8,1298,None,None,Other/Not known (2005-10),Entering main road,SUZUKI,JIMNY JLX,Petrol,Male,None,No tow/articulation,Did not leave carriageway,0,Turning right,2,Car,No,Offside,2019
20104100T2045,A(M),1,NA,0,Slight,None,24-07-2020,Friday,1,Not at junction or within 20 metres,Not at junction or within 20 metres,26.76122047,Daylight,522900,201790,94.18437145,E01023584,2,3,0,0,Dry,Dual carriageway,None,70,19:05:00,Rural,Fine no high winds,No,21 - 25,11,Urban area,3,599,None,None,Other/Not known (2005-10),Not at or within 20 metres of junction,YAMAHA,FZS 600,Petrol,Male,Skidded,No tow/articulation,Did not leave carriageway,0,Slowing or stopping,2,Motorcycle over 500cc,No,Back,2019
201001BS70324,A,40,NA,0,Slight,None,18-06-2010,Friday,1,Data missing or out of range,Not at junction or within 20 metres,51.517625,Daylight,524280,181380,-0.210219,E01002878,1,2,0,0,Dry,Dual carriageway,None,50,08:32:00,Urban,Fine no high winds,No,21 - 25,11,Urban area,4,1689,None,None,Other/Not known (2005-10),Not at or within 20 metres of junction,MERCEDES,A170 CDI ELEGANCE,Heavy oil,Male,None,No tow/articulation,Did not leave carriageway,0,Going ahead other,2,Car,No,Nearside,2010
201001BS70465,A,4,NA,0,Slight,None,13-08-2010,Friday,1,Data missing or out of range,Not at junction or within 20 metres,51.494693,Daylight,525970,178870,-0.186771,E01002839,1,1,0,0,Dry,Single carriageway,None,30,11:22:00,Urban,Fine no high winds,No,21 - 25,11,Urban area,3,4300,None,None,Other/Not known (2005-10),Not at or within 20 metres of junction,MERCEDES,,Petrol,Male,None,No tow/articulation,Did not leave carriageway,0,Going ahead other,1,Car,No,Front,2010
201001CW11324,A,5,Unclassified,0,Slight,None,02-07-2010,Friday,1,Give way or uncontrolled,T or staggered junction,51.52301,Daylight,526740,182040,-0.174546,E01004702,1,2,0,1,Dry,Single carriageway,None,30,19:30:00,Urban,Fine no high winds,No,21 - 25,11,Urban area,6,1496,None,None,Other/Not known (2005-10),Mid Junction - on roundabout or on main road,TOYOTA,PRIUS HYBRID,Petrol,Male,None,No tow/articulation,Did not leave carriageway,0,Waiting to turn right,1,Car,No,Back,2010
201001CW11928,C,0,C,0,Slight,None,06-09-2010,Monday,1,Give way or uncontrolled,Roundabout,51.528553,Daylight,524850,182610,-0.201573,E01004718,1,2,0,1,Dry,Roundabout,None,30,14:39:00,Urban,Fine no high winds,No,21 - 25,11,Urban area,1,999,None,None,Other/Not known (2005-10),Leaving roundabout,VOLKSWAGEN,POLO 1.0 L,Petrol,Male,None,No tow/articulation,Did not leave carriageway,0,Slowing or stopping,2,Car,No,Back,2010
201001EO40087,A,1,B,515,Slight,None,26-02-2010,Friday,1,Give way or uncontrolled,T or staggered junction,51.550856,Daylight,531130,185250,-0.110109,E01002761,1,2,0,1,Dry,Single carriageway,None,30,08:40:00,Urban,Fine no high winds,No,21 - 25,11,Urban area,3,124,None,None,Other/Not known (2005-10),Mid Junction - on roundabout or on main road,PIAGGIO,T5 125,Petrol,Male,None,No tow/articulation,Did not leave carriageway,2,Overtaking - nearside,1,Motorcycle 125cc and under,No,Front,2010
201001EO40325,A,103,A,503,Slight,None,08-06-2010,Tuesday,1,Auto traffic signal,Crossroads,51.560108,Daylight,530760,186270,-0.115063,E01002730,1,2,0,5,Dry,Single carriageway,None,30,13:05:00,Urban,Fine no high winds,No,21 - 25,11,Urban area,9,998,None,None,Other/Not known (2005-10),Mid Junction - on roundabout or on main road,TOYOTA,YARIS GS,Petrol,Male,None,No tow/articulation,Did not leave carriageway,0,Turning right,1,Car,No,Front,2010
201001EO40505,A,1,A,503,Slight,None,01-09-2010,Wednesday,1,Auto traffic signal,More than 4 arms (not roundabout),51.555915,Daylight,530630,185800,-0.117112,E01002767,2,2,0,5,Dry,Dual carriageway,None,30,18:30:00,Urban,Fine no high winds,No,21 - 25,11,Urban area,1,1400,None,None,Other/Not known (2005-10),Approaching junction or waiting/parked at junction approach,VOLKSWAGEN,GOLF E,Petrol,Male,None,No tow/articulation,Did not leave carriageway,0,Waiting to go - held up,2,Car,No,Back,2010
201001JI40237,A,123,Unclassified,0,Slight,None,27-04-2010,Tuesday,1,Give way or uncontrolled,T or staggered junction,51.569862,Daylight,543150,187690,0.064132,E01003692,1,2,0,0,Dry,Single carriageway,None,30,17:50:00,Urban,Fine no high winds,No,21 - 25,11,Data missing or out of range,NA,1998,None,None,Other/Not known (2005-10),Mid Junction - on roundabout or on main road,NISSAN,PRIMERA SPORT,Petrol,Male,None,No tow/articulation,Did not leave carriageway,0,Going ahead other,1,Car,No,Front,2010
201001JI40508,A,12,Unclassified,0,Slight,None,09-08-2010,Monday,1,Give way or uncontrolled,T or staggered junction,51.574277,Daylight,544160,188210,0.078909,E01003752,1,2,0,0,Dry,Dual carriageway,None,40,16:20:00,Urban,Fine no high winds,No,21 - 25,11,Urban area,3,599,None,None,Other/Not known (2005-10),Mid Junction - on roundabout or on main road,HONDA,CB600 HORNET,Petrol,Male,Skidded,No tow/articulation,Did not leave carriageway,0,Turning left,1,Motorcycle over 500cc,No,Did not impact,2010
201001KD50188,A,125,B,174,Slight,None,13-04-2010,Tuesday,1,Auto traffic signal,Crossroads,51.586424,Daylight,550630,189750,0.172865,E01002338,1,3,0,5,Dry,Dual carriageway,None,40,12:30:00,Urban,Fine no high winds,No,21 - 25,11,Urban area,4,1242,None,None,Other/Not known (2005-10),Mid Junction - on roundabout or on main road,FORD,FIESTA GHIA 16V,Petrol,Male,None,No tow/articulation,Did not leave carriageway,0,Turning right,2,Car,No,Front,2010
201001KD50206,C,0,NA,0,Slight,None,26-04-2010,Monday,1,Data missing or out of range,Not at junction or within 20 metres,51.578366,Daylight,551530,188880,0.18547,E01002357,1,1,0,4,Dry,Single carriageway,None,30,16:15:00,Urban,Fine no high winds,No,21 - 25,11,Small town,7,1598,None,None,Other/Not known (2005-10),Not at or within 20 metres of junction,RENAULT,CLIO RXE,Petrol,Male,None,No tow/articulation,Did not leave carriageway,0,Going ahead other,1,Car,No,Front,2010
201001LX50267,A,204,Unclassified,0,Slight,None,08-04-2010,Thursday,1,Give way or uncontrolled,T or staggered junction,51.442579,Daylight,531460,173210,-0.109834,E01003174,2,3,0,1,Dry,Single carriageway,None,30,18:30:00,Urban,Fine no high winds,No,21 - 25,11,Urban area,3,1870,None,None,Journey as part of work,Approaching junction or waiting/parked at junction approach,RENAULT,KANGOO 655 1.9D,Heavy oil,Male,None,No tow/articulation,Did not leave carriageway,0,Going ahead other,3,Van / Goods 3.5 tonnes mgw or under,No,Front,2010
201001LX50756,A,23,Unclassified,0,Slight,None,26-08-2010,Thursday,1,Give way or uncontrolled,T or staggered junction,51.422301,Daylight,530150,170920,-0.129514,E01003115,1,2,0,0,Wet or damp,Dual carriageway,None,30,08:30:00,Urban,Fine no high winds,No,21 - 25,11,Urban area,2,599,None,None,Commuting to/from work,Mid Junction - on roundabout or on main road,YAMAHA,FZS 600,Petrol,Male,Skidded,No tow/articulation,Did not leave carriageway,0,Going ahead other,2,Motorcycle over 500cc,No,Front,2010
201001MM70247,C,0,Unclassified,0,Slight,None,07-04-2010,Wednesday,1,Give way or uncontrolled,T or staggered junction,51.493827,Daylight,534420,178990,-0.065072,E01004042,1,2,0,0,Dry,Single carriageway,None,30,13:00:00,Urban,Fine no high winds,No,21 - 25,11,Urban area,3,124,None,None,Commuting to/from work,Approaching junction or waiting/parked at junction approach,YAMAHA,YP1 25R,Petrol,Male,None,No tow/articulation,Did not leave carriageway,0,Overtaking moving vehicle - offside,1,Motorcycle 125cc and under,No,Front,2010
201001MM70365,A,202,B,215,Slight,None,27-04-2010,Tuesday,1,Auto traffic signal,T or staggered junction,51.473827,Daylight,534250,176760,-0.068367,E01004067,1,2,0,5,Dry,Single carriageway,None,30,11:35:00,Urban,Fine no high winds,No,21 - 25,11,Urban area,2,1598,None,None,Other/Not known (2005-10),Approaching junction or waiting/parked at junction approach,VAUXHALL,ASTRA ENVOY 8V AUTO,Petrol,Male,None,No tow/articulation,Did not leave carriageway,0,Going ahead other,1,Car,No,Back,2010
201001MM70856,Unclassified,0,A,2214,Slight,None,10-10-2010,Sunday,1,Give way or uncontrolled,Crossroads,51.467561,Daylight,535280,176090,-0.053801,E01004000,1,1,0,0,Dry,Single carriageway,None,30,11:50:00,Urban,Fine no high winds,No,21 - 25,11,Urban area,5,998,None,None,Other/Not known (2005-10),Approaching junction or waiting/parked at junction approach,NISSAN,MICRA EQUATION,Petrol,Male,None,No tow/articulation,Did not leave carriageway,0,Going ahead other,1,Car,No,Nearside,2010
201001MM70931,A,2214,C,0,Slight,None,01-11-2010,Monday,1,Auto traffic signal,Crossroads,51.462707,Daylight,534530,175530,-0.064805,E01004064,1,2,0,5,Dry,Single carriageway,None,30,07:31:00,Urban,Fine no high winds,No,21 - 25,11,Urban area,4,781,None,None,Other/Not known (2005-10),Mid Junction - on roundabout or on main road,HONDA,,Petrol,Male,None,No tow/articulation,Did not leave carriageway,0,Going ahead other,1,Motorcycle over 125cc and up to 500cc,No,Front,2010
201001PL60381,A,21,A,2218,Slight,None,19-06-2010,Saturday,1,Auto traffic signal,Crossroads,51.42848,Daylight,538220,171820,-0.013168,E01003352,2,2,0,5,Dry,Single carriageway,None,30,17:46:00,Urban,Fine no high winds,No,21 - 25,11,Urban area,2,999,None,None,Other/Not known (2005-10),Mid Junction - on roundabout or on main road,VOLKSWAGEN,POLO 1.0 L,Petrol,Male,None,No tow/articulation,Did not leave carriageway,0,Going ahead other,1,Car,No,Front,2010
201001PL60444,Unclassified,0,Unclassified,0,Slight,None,09-07-2010,Friday,1,Give way or uncontrolled,T or staggered junction,51.452898,Daylight,539420,174570,0.005163,E01003287,1,3,0,0,Dry,Single carriageway,None,30,06:27:00,Urban,Fine no high winds,No,21 - 25,11,Urban area,5,1388,Parked vehicle,None,Other/Not known (2005-10),Cleared junction or waiting/parked at junction exit,FORD,PUMA 1.4 16V,Petrol,Male,None,No tow/articulation,Did not leave carriageway,0,Turning right,1,Car,No,Nearside,2010
201001QA10018,A,404,Unclassified,0,Slight,None,19-01-2010,Tuesday,1,Give way or uncontrolled,T or staggered junction,51.583703,Daylight,513960,188490,-0.356586,E01002161,2,3,0,0,Dry,Single carriageway,None,30,14:37:00,Urban,Fine no high winds,No,21 - 25,11,Urban area,3,2000,None,None,Other/Not known (2005-10),Mid Junction - on roundabout or on main road,VOLKSWAGEN,GOLF GTI (115 BHP),Petrol,Male,None,No tow/articulation,Did not leave carriageway,0,Going ahead other,1,Car,No,Offside,2010
201001QA10460,C,0,NA,0,Slight,None,24-11-2010,Wednesday,1,Data missing or out of range,Not at junction or within 20 metres,51.606516,Daylight,517540,191110,-0.304062,E01002110,1,1,0,0,Dry,Single carriageway,None,30,15:45:00,Urban,Fine no high winds,No,21 - 25,11,Urban area,7,1199,None,None,Other/Not known (2005-10),Not at or within 20 metres of junction,VAUXHALL,CORSA CLUB 16V,Petrol,Male,None,No tow/articulation,Did not leave carriageway,0,Slowing or stopping,1,Car,No,Front,2010
201001RG40377,A,206,NA,0,Slight,None,19-06-2010,Saturday,1,Data missing or out of range,Not at junction or within 20 metres,51.486244,Daylight,540120,178300,0.016709,E01001665,1,2,0,1,Dry,Single carriageway,None,30,18:10:00,Urban,Fine no high winds,No,21 - 25,11,Urban area,2,1998,None,None,Other/Not known (2005-10),Not at or within 20 metres of junction,RENAULT,MEGANE SCENIC MONACO,Petrol,Male,None,No tow/articulation,Did not leave carriageway,0,U-turn,1,Car,No,Offside,2010
201001SX20594,A,598,NA,0,Slight,None,04-06-2010,Friday,1,Data missing or out of range,Not at junction or within 20 metres,51.608833,Daylight,525950,191570,-0.182514,E01000317,1,2,0,0,Dry,Single carriageway,None,30,18:36:00,Urban,Fine no high winds,No,21 - 25,11,Urban area,6,1396,None,None,Other/Not known (2005-10),Not at or within 20 metres of junction,HONDA,CIVIC 1.4I S,Petrol,Male,None,No tow/articulation,Did not leave carriageway,0,Moving off,2,Car,No,Offside,2010
201034NK36980,A,6098,Unclassified,7049,Slight,None,15-09-2010,Wednesday,2,Give way or uncontrolled,Crossroads,52.40133,Daylight,487710,278930,-0.71223,E01027127,1,2,0,0,Dry,Single carriageway,None,30,14:00:00,Urban,Fine no high winds,No,21 - 25,11,Urban area,8,1598,None,None,Other/Not known (2005-10),Mid Junction - on roundabout or on main road,VAUXHALL,CORSA SPORT 1.6I,Petrol,Male,None,No tow/articulation,Did not leave carriageway,0,Going ahead other,2,Car,No,Front,2010
201037B044567,C,602,NA,0,Slight,None,20-03-2010,Saturday,1,Data missing or out of range,Not at junction or within 20 metres,52.372955,Daylight,571290,277970,0.514809,E01029933,1,2,0,0,Wet or damp,Single carriageway,None,60,06:05:00,Rural,Fine no high winds,No,21 - 25,11,Rural,8,2500,None,Tree,Commuting to/from work,Not at or within 20 metres of junction,BMW,323I,Petrol,Male,None,No tow/articulation,Nearside,0,Going ahead other,2,Car,No,Offside,2010
201037B045335,B,1113,Unclassified,0,Slight,None,12-07-2010,Monday,1,Give way or uncontrolled,T or staggered junction,52.144921,Daylight,609800,254060,1.064871,E01030041,3,2,0,0,Wet or damp,Single carriageway,None,60,16:40:00,Rural,Fine no high winds,No,21 - 25,11,Urban area,7,1587,None,None,Other/Not known (2005-10),Approaching junction or waiting/parked at junction approach,CITROEN,SAXO VTR,Petrol,Male,Skidded,No tow/articulation,Did not leave carriageway,0,Going ahead other,1,Car,No,Front,2010
201037B045468,A,11,B,1112,Slight,None,05-08-2010,Thursday,1,Give way or uncontrolled,T or staggered junction,52.352102,Daylight,575320,275790,0.572807,E01029941,1,2,0,0,Dry,Single carriageway,None,60,14:25:00,Rural,Fine no high winds,No,21 - 25,11,Urban area,4,1157,None,None,Commuting to/from work,Approaching junction or waiting/parked at junction approach,SUZUKI,GSF 1200 X,Petrol,Male,None,No tow/articulation,Did not leave carriageway,0,Going ahead other,2,Motorcycle over 500cc,No,Nearside,2010
201037G028942,C,320,Unclassified,2259,Slight,None,04-03-2010,Thursday,1,Give way or uncontrolled,T or staggered junction,52.033966,Daylight,619290,242110,1.195661,E01029993,2,2,0,0,Dry,Single carriageway,None,30,08:05:00,Urban,Fine no high winds,No,21 - 25,11,Urban area,1,124,None,None,Commuting to/from work,Mid Junction - on roundabout or on main road,SUZUKI,UC 125 X,Petrol,Male,None,No tow/articulation,Did not leave carriageway,0,Going ahead other,1,Motorcycle 50cc and under,No,Front,2010
201037G029413,Unclassified,5041,Unclassified,0,Slight,None,24-05-2010,Monday,1,Give way or uncontrolled,Private drive or entrance,52.048341,Daylight,614900,243520,1.132648,E01029986,1,2,0,0,Dry,Single carriageway,None,30,17:54:00,Urban,Fine no high winds,No,21 - 25,11,Urban area,2,2494,None,None,Other/Not known (2005-10),Mid Junction - on roundabout or on main road,BMW,323 CI SE,Petrol,Male,Skidded,No tow/articulation,Did not leave carriageway,0,Going ahead other,1,Car,No,Front,2010
201037G029437,B,1070,NA,0,Slight,None,02-06-2010,Wednesday,1,Data missing or out of range,Not at junction or within 20 metres,51.958201,Daylight,609740,233260,1.051237,E01029872,1,2,0,0,Dry,Single carriageway,None,60,16:00:00,Rural,Fine no high winds,No,21 - 25,11,Urban area,4,2499,None,None,Journey as part of work,Not at or within 20 metres of junction,VAUXHALL,MOVANO D 3500 LWB,Heavy oil,Male,Skidded,No tow/articulation,Did not leave carriageway,0,Going ahead left-hand bend,1,Van / Goods 3.5 tonnes mgw or under,No,Front,2010
201037G029631,B,1075,B,1075,Slight,None,10-07-2010,Saturday,1,Auto traffic signal,T or staggered junction,52.055998,Daylight,616220,244430,1.152443,E01029959,1,1,0,5,Dry,Single carriageway,None,30,00:25:00,Urban,Fine no high winds,No,21 - 25,11,Urban area,3,1781,None,None,Other/Not known (2005-10),Mid Junction - on roundabout or on main road,AUDI,A3 1.8T SPORT,Petrol,Male,None,No tow/articulation,Did not leave carriageway,0,Going ahead other,1,Car,No,Front,2010
201037L018369,A,12,C,921,Slight,None,15-08-2010,Sunday,1,Give way or uncontrolled,T or staggered junction,52.407815,Daylight,650310,285240,1.678854,E01030295,1,4,0,0,Dry,Single carriageway,None,60,12:22:00,Rural,Fine no high winds,No,21 - 25,11,Small town,6,1598,None,None,Other/Not known (2005-10),Approaching junction or waiting/parked at junction approach,RENAULT,MEGANE RT ALIZE,Petrol,Male,Skidded,No tow/articulation,Did not leave carriageway,0,Slowing or stopping,1,Car,No,Front,2010
2010400B01870,Unclassified,0,NA,0,Slight,None,23-06-2010,Wednesday,1,Data missing or out of range,Not at junction or within 20 metres,52.250178,Daylight,510080,262560,-0.388906,E01017543,1,2,0,0,Dry,Single carriageway,None,60,12:28:00,Rural,Fine no high winds,No,21 - 25,11,Rural,7,1299,None,None,Commuting to/from work,Not at or within 20 metres of junction,FORD,KA,Petrol,Male,None,No tow/articulation,Did not leave carriageway,0,Going ahead right-hand bend,2,Car,No,Did not impact,2010
2010400C01890,Unclassified,0,Unclassified,0,Slight,None,24-06-2010,Thursday,1,Give way or uncontrolled,T or staggered junction,51.898342,Daylight,509090,223390,-0.415913,E01015693,4,3,0,0,Dry,Single carriageway,None,30,19:31:00,Urban,Fine no high winds,No,21 - 25,11,Urban area,6,1995,None,None,Other/Not known (2005-10),Cleared junction or waiting/parked at junction exit,VAUXHALL,ZAFIRA COMFORT DI 16V,Heavy oil,Male,Skidded,No tow/articulation,Did not leave carriageway,0,Going ahead other,1,Car,No,Front,2010