Accident_Index,1st_Road_Class,1st_Road_Number,2nd_Road_Class,2nd_Road_Number,Accident_Severity,Carriageway_Hazards,Date,Day_of_Week,Did_Police_Officer_Attend_Scene_of_Accident,Junction_Control,Junction_Detail,Latitude,Light_Conditions,Location_Easting_OSGR,Location_Northing_OSGR,Longitude,LSOA_of_Accident_Location,Number_of_Casualties,Number_of_Vehicles,Pedestrian_Crossing-Human_Control,Pedestrian_Crossing-Physical_Facilities,Road_Surface_Conditions,Road_Type,Special_Conditions_at_Site,Speed_limit,Time,Urban_or_Rural_Area,Weather_Conditions,InScotland,Age_Band_of_Driver,Age_of_Vehicle,Driver_Home_Area_Type,Driver_IMD_Decile,Engine_Capacity_.CC.,Hit_Object_in_Carriageway,Hit_Object_off_Carriageway,Journey_Purpose_of_Driver,Junction_Location,make,model,Propulsion_Code,Sex_of_Driver,Skidding_and_Overturning,Towing_and_Articulation,Vehicle_Leaving_Carriageway,Vehicle_Location.Restricted_Lane,Vehicle_Manoeuvre,Vehicle_Reference,Vehicle_Type,Was_Vehicle_Left_Hand_Drive,X1st_Point_of_Impact,Year
2010400C02662,Unclassified,0,NA,0,Slight,None,11-09-2010,Saturday,1,Data missing or out of range,Not at junction or within 20 metres,51.883595,Daylight,508670,221740,-0.422534,E01015699,1,1,0,0,Dry,Single carriageway,None,30,19:03:00,Urban,Fine no high winds,No,21 - 25,11,Urban area,2,998,None,None,Other/Not known (2005-10),Not at or within 20 metres of junction,TOYOTA,YARIS GS,Petrol,Male,None,No tow/articulation,Did not leave carriageway,0,Overtaking static vehicle - offside,1,Car,No,Front,2010
2010400D02057,Unclassified,0,NA,0,Slight,None,13-07-2010,Tuesday,1,Data missing or out of range,Not at junction or within 20 metres,51.896321,Daylight,500720,222990,-0.537635,E01017599,1,1,0,0,Wet or damp,Single carriageway,None,30,19:10:00,Urban,Fine no high winds,No,21 - 25,11,Urban area,1,1332,None,None,Journey as part of work,Not at or within 20 metres of junction,TOYOTA,COROLLA SE 16V,Petrol,Male,None,No tow/articulation,Did not leave carriageway,0,Going ahead other,1,Car,No,Nearside,2010
2010400D03435,C,112,NA,0,Slight,None,23-11-2010,Tuesday,1,Data missing or out of range,Not at junction or within 20 metres,51.999277,Daylight,504860,234530,-0.473973,E01017398,1,4,0,0,Wet or damp,Single carriageway,None,30,08:26:00,Rural,Fine no high winds,No,21 - 25,11,Rural,7,1390,None,None,Commuting to/from work,Not at or within 20 metres of junction,VOLKSWAGEN,POLO 1.4 L,Petrol,Male,Skidded,No tow/articulation,Did not leave carriageway,0,Going ahead other,1,Car,No,Front,2010
20104100B0231,Unclassified,184,Unclassified,54,Slight,None,26-04-2010,Monday,1,Give way or uncontrolled,T or staggered junction,51.790025,Daylight,525470,211720,-0.182199,E01023946,1,2,0,0,Dry,Single carriageway,None,30,10:39:00,Urban,Fine no high winds,No,21 - 25,11,Urban area,7,2299,None,None,Journey as part of work,Approaching junction or waiting/parked at junction approach,MERCEDES,208D LWB,Heavy oil,Male,Skidded,No tow/articulation,Did not leave carriageway,0,Going ahead other,1,Van / Goods 3.5 tonnes mgw or under,No,Front,2010
20104100F0341,B,653,Unclassified,1691,Slight,None,01-05-2010,Saturday,1,Give way or uncontrolled,T or staggered junction,51.81567,Daylight,517880,214390,-0.291286,E01023747,2,4,0,0,Dry,Single carriageway,None,30,10:38:00,Rural,Fine no high winds,No,21 - 25,11,Urban area,3,1289,None,None,Other/Not known (2005-10),Approaching junction or waiting/parked at junction approach,SKODA,FELICIA L,Petrol,Male,None,No tow/articulation,Did not leave carriageway,0,Going ahead other,1,Car,No,Front,2010
20104100J0349,A,1,NA,0,Slight,None,27-06-2010,Sunday,1,Not at junction or within 20 metres,Not at junction or within 20 metres,51.664917,Daylight,521430,197700,-0.245631,E01023544,1,1,0,0,Dry,Dual carriageway,None,70,17:45:00,Rural,Fine no high winds,No,21 - 25,11,Urban area,2,1598,None,Tree,Other/Not known (2005-10),Not at or within 20 metres of junction,VAUXHALL,CORSA SPORT 1.6I,Petrol,Male,None,No tow/articulation,Nearside,0,Going ahead other,1,Car,No,Front,2010
20104100K0259,A,121,A,10,Slight,None,02-06-2010,Wednesday,1,Give way or uncontrolled,Roundabout,51.690786,Daylight,535260,200930,-0.044529,E01023339,1,2,0,0,Dry,Dual carriageway,None,40,18:00:00,Rural,Fine no high winds,No,21 - 25,11,Urban area,2,1390,None,None,Other/Not known (2005-10),Approaching junction or waiting/parked at junction approach,VOLKSWAGEN,POLO 1.4 CL,Petrol,Male,None,No tow/articulation,Did not leave carriageway,0,Moving off,1,Car,No,Front,2010
20104100T2045,A(M),1,NA,0,Slight,None,16-04-2010,Friday,1,Not at junction or within 20 metres,Not at junction or within 20 metres,51.701355,Daylight,522900,201790,-0.222948,E01023584,2,3,0,0,Dry,Dual carriageway,None,70,19:05:00,Rural,Fine no high winds,No,21 - 25,11,Urban area,3,599,None,None,Other/Not known (2005-10),Not at or within 20 metres of junction,YAMAHA,FZS 600,Petrol,Male,Skidded,No tow/articulation,Did not leave carriageway,0,Slowing or stopping,2,Motorcycle over 500cc,No,Back,2010
20104100T3324,Motorway,25,NA,0,Slight,None,26-12-2010,Sunday,1,Not at junction or within 20 metres,Not at junction or within 20 metres,51.685564,Daylight,507420,199680,-0.447511,E01023831,2,3,0,0,Wet or damp,Dual carriageway,Roadworks,70,14:50:00,Rural,Fine no high winds,No,21 - 25,11,Urban area,5,1396,None,None,Other/Not known (2005-10),Not at or within 20 metres of junction,ROVER,214 I,Petrol,Male,None,No tow/articulation,Did not leave carriageway,0,Slowing or stopping,3,Car,No,Back,2010
201042I069503,Unclassified,0,Unclassified,0,Slight,None,04-03-2010,Thursday,1,Give way or uncontrolled,Private drive or entrance,51.935906,Daylight,593190,230110,0.808917,E01021660,1,2,0,0,Dry,Single carriageway,None,60,14:55:00,Rural,Fine no high winds,No,21 - 25,11,Urban area,2,1998,None,None,Journey as part of work,Approaching junction or waiting/parked at junction approach,FORD,MONDEO ZETEC,Petrol,Male,None,No tow/articulation,Did not leave carriageway,0,Turning right,1,Car,No,Front,2010
201042I071503,A,1159,NA,0,Slight,None,03-03-2010,Wednesday,2,Not at junction or within 20 metres,Not at junction or within 20 metres,51.545251,Daylight,591080,186530,0.754343,E01015888,2,2,0,0,Dry,Dual carriageway,None,50,12:45:00,Urban,Fine no high winds,No,21 - 25,11,Small town,9,1988,None,None,Journey as part of work,Not at or within 20 metres of junction,LEXUS,IS200 SPORT,Petrol,Male,None,No tow/articulation,Did not leave carriageway,0,Going ahead other,1,Car,No,Nearside,2010
201042I118304,Unclassified,0,Unclassified,0,Slight,None,08-04-2010,Thursday,1,Give way or uncontrolled,T or staggered junction,51.80223,Daylight,616620,216180,1.140499,E01022022,2,2,0,0,Dry,Single carriageway,None,30,15:45:00,Urban,Fine no high winds,No,21 - 25,11,Urban area,4,1753,None,None,Other/Not known (2005-10),Mid Junction - on roundabout or on main road,FORD,FIESTA LX DIESEL,Heavy oil,Male,None,No tow/articulation,Did not leave carriageway,0,Going ahead other,2,Car,No,Front,2010
201042I141605,Unclassified,0,Unclassified,0,Slight,None,10-05-2010,Monday,1,Auto traffic signal,T or staggered junction,51.554011,Daylight,584180,187250,0.655325,E01015814,3,3,0,5,Dry,Dual carriageway,None,30,07:45:00,Urban,Fine no high winds,No,21 - 25,11,Urban area,4,1299,None,None,Commuting to/from work,Approaching junction or waiting/parked at junction approach,FORD,KA,Petrol,Male,None,No tow/articulation,Did not leave carriageway,0,Slowing or stopping,1,Car,No,Front,2010
201042I226407,B,1464,NA,0,Slight,None,17-07-2010,Saturday,2,Not at junction or within 20 metres,Not at junction or within 20 metres,51.565927,Daylight,574960,188250,0.52297,E01021312,1,2,0,0,Dry,Dual carriageway,None,30,12:22:00,Urban,Fine no high winds,No,21 - 25,11,Urban area,7,1679,None,None,Other/Not known (2005-10),Not at or within 20 metres of junction,FORD,PUMA 1.7 16V,Petrol,Male,None,No tow/articulation,Did not leave carriageway,0,Going ahead other,1,Car,No,Front,2010
201043N037110,Unclassified,3150,Unclassified,3150,Slight,None,08-11-2010,Monday,1,Give way or uncontrolled,Crossroads,51.63937,Daylight,485340,194120,-0.768179,E01017857,1,2,0,0,Wet or damp,Single carriageway,None,30,08:35:00,Urban,Fine no high winds,No,21 - 25,11,Data missing or out of range,NA,1587,None,None,Other/Not known (2005-10),Approaching junction or waiting/parked at junction approach,PEUGEOT,206 XS,Petrol,Male,None,No tow/articulation,Did not leave carriageway,0,Going ahead other,1,Car,No,Offside,2010
201043N104020,Motorway,40,NA,0,Slight,None,01-02-2010,Monday,2,Data missing or out of range,Not at junction or within 20 metres,51.566771,Daylight,499910,186310,-0.55992,E01017823,2,2,0,0,Wet or damp,Dual carriageway,None,70,09:40:00,Rural,Fine no high winds,No,21 - 25,11,Urban area,3,1994,None,None,Commuting to/from work,Not at or within 20 metres of junction,ROVER,220 DI TURBO,Heavy oil,Male,Skidded,No tow/articulation,Did not leave carriageway,0,Going ahead other,1,Car,No,Nearside,2010
201043N226090,A,4,Unclassified,864,Slight,None,26-09-2010,Sunday,1,Give way or uncontrolled,T or staggered junction,51.521647,Daylight,491970,181140,-0.675793,E01017814,1,2,0,0,Dry,Single carriageway,None,50,11:16:00,Urban,Fine no high winds,No,21 - 25,11,Small town,7,1997,None,None,Other/Not known (2005-10),Cleared junction or waiting/parked at junction exit,PEUGEOT,406 RAPIER HDI (90),Heavy oil,Male,None,No tow/articulation,Did not leave carriageway,0,Slowing or stopping,2,Car,No,Back,2010
201043P231030,Unclassified,263,Unclassified,0,Slight,None,25-03-2010,Thursday,1,Give way or uncontrolled,Private drive or entrance,51.721523,Daylight,450470,202790,-1.27077,E01028733,3,2,0,0,Dry,Single carriageway,None,40,16:27:00,Rural,Fine no high winds,No,21 - 25,11,Urban area,9,1396,None,Entered ditch,Other/Not known (2005-10),Approaching junction or waiting/parked at junction approach,ROVER,214 SI,Petrol,Male,None,No tow/articulation,Nearside,0,Going ahead other,2,Car,No,Front,2010
201043P305070,A,44,A,34,Slight,None,30-07-2010,Friday,2,Give way or uncontrolled,Roundabout,51.793813,Daylight,449390,210820,-1.285264,E01028511,1,2,0,0,Dry,Roundabout,None,60,19:15:00,Rural,Fine no high winds,No,21 - 25,11,Data missing or out of range,NA,998,None,None,Other/Not known (2005-10),Entering roundabout,NISSAN,MICRA ALLY,Petrol,Male,None,No tow/articulation,Did not leave carriageway,0,Waiting to go - held up,2,Car,No,Back,2010
201043P308050,Unclassified,143,NA,0,Slight,None,29-05-2010,Saturday,1,Not at junction or within 20 metres,Not at junction or within 20 metres,51.771082,Daylight,430150,208140,-1.564464,E01028766,3,2,0,0,Dry,Single carriageway,None,60,16:27:00,Rural,Fine no high winds,No,21 - 25,11,Rural,9,1587,None,None,Journey as part of work,Not at or within 20 metres of junction,CITROEN,SAXO VTS,Petrol,Male,None,No tow/articulation,Did not leave carriageway,0,Going ahead right-hand bend,1,Car,No,Front,2010
201043R033020,Unclassified,7002,NA,0,Slight,None,05-02-2010,Friday,1,Data missing or out of range,Not at junction or within 20 metres,51.404395,Daylight,486450,168000,-0.758545,E01016248,1,1,0,0,Wet or damp,Single carriageway,None,30,18:15:00,Urban,Fine no high winds,No,21 - 25,11,Urban area,6,1598,None,None,Other/Not known (2005-10),Not at or within 20 metres of junction,VAUXHALL,ASTRA LS 8V AUTO,Petrol,Male,None,No tow/articulation,Did not leave carriageway,0,Going ahead other,1,Car,No,Front,2010
201043R121120,Motorway,4,NA,0,Slight,None,15-12-2010,Wednesday,1,Data missing or out of range,Not at junction or within 20 metres,51.493172,Daylight,502820,178180,-0.520321,E01016481,2,2,0,0,Wet or damp,Dual carriageway,None,70,07:30:00,Rural,Fine no high winds,No,21 - 25,11,Small town,7,1997,None,None,Commuting to/from work,Not at or within 20 metres of junction,PEUGEOT,406 RAPIER HDI (90),Heavy oil,Male,None,No tow/articulation,Did not leave carriageway,0,Slowing or stopping,2,Car,No,Back,2010
201043R170060,Unclassified,7302,Unclassified,7302,Slight,None,25-06-2010,Friday,2,Give way or uncontrolled,T or staggered junction,51.509785,Daylight,498360,179940,-0.584054,E01016456,5,2,0,0,Dry,Single carriageway,None,20,19:31:00,Urban,Fine no high winds,No,21 - 25,11,Urban area,2,1998,None,None,Other/Not known (2005-10),Leaving main road,TOYOTA,AVENSIS CDX,Petrol,Male,None,No tow/articulation,Did not leave carriageway,0,Turning right,2,Car,No,Front,2010
201043W083080,Unclassified,7201,NA,0,Slight,None,07-08-2010,Saturday,1,Data missing or out of range,Not at junction or within 20 metres,51.447125,Daylight,468470,172480,-1.016126,E01016421,1,2,0,1,Wet or damp,Single carriageway,None,30,13:50:00,Urban,Fine no high winds,No,21 - 25,11,Urban area,9,1984,None,None,Other/Not known (2005-10),Not at or within 20 metres of junction,VOLKSWAGEN,BORA SPORT,Petrol,Male,None,No tow/articulation,Did not leave carriageway,0,Waiting to go - held up,2,Car,No,Back,2010
201043W115080,A,339,NA,0,Slight,None,17-08-2010,Tuesday,1,Data missing or out of range,Not at junction or within 20 metres,51.450131,Daylight,447940,172580,-1.311511,E01016277,1,2,0,0,Dry,Dual carriageway,None,40,17:40:00,Rural,Fine no high winds,No,21 - 25,11,Urban area,4,599,None,None,Commuting to/from work,Not at or within 20 metres of junction,KAWASAKI,,Petrol,Male,Skidded and overturned,No tow/articulation,Did not leave carriageway,0,Going ahead left-hand bend,1,Motorcycle over 500cc,No,Offside,2010
201043W160010,A,33,Unclassified,7201,Slight,None,21-01-2010,Thursday,1,Auto traffic signal,Roundabout,51.413385,Daylight,471590,168770,-0.971986,E01016441,1,2,0,0,Dry,Dual carriageway,Roadworks,40,08:00:00,Rural,Fine no high winds,No,21 - 25,11,Urban area,3,748,None,None,Journey as part of work,Approaching junction or waiting/parked at junction approach,DUCATI,748 BIPOSTO,Petrol,Male,None,No tow/articulation,Did not leave carriageway,0,Slowing or stopping,2,Motorcycle over 500cc,No,Front,2010
201045EP56208,A,24,Unclassified,0,Slight,None,19-11-2010,Friday,1,Give way or uncontrolled,Private drive or entrance,51.344474,Daylight,522040,162060,-0.249138,E01030392,1,2,0,0,Dry,Single carriageway,None,30,12:24:00,Urban,Fine no high winds,No,21 - 25,11,Rural,8,1396,None,None,Other/Not known (2005-10),Approaching junction or waiting/parked at junction approach,ROVER,214 SI,Petrol,Male,None,No tow/articulation,Did not leave carriageway,0,Waiting to turn right,1,Car,No,Nearside,2010
201045GU50527,A,3,NA,0,Slight,None,21-04-2010,Wednesday,1,Data missing or out of range,Not at junction or within 20 metres,51.326042,Daylight,508300,159700,-0.447053,E01030458,6,9,0,0,Dry,Dual carriageway,None,70,07:35:00,Rural,Fine no high winds,No,21 - 25,11,Urban area,8,2496,None,None,Other/Not known (2005-10),Not at or within 20 metres of junction,FORD,TRANSIT 120 SWB,Heavy oil,Male,None,No tow/articulation,Did not leave carriageway,0,Going ahead other,6,Van / Goods 3.5 tonnes mgw or under,No,Front,2010
201045RU49952,A,317,Unclassified,0,Slight,None,16-03-2010,Tuesday,1,Give way or uncontrolled,Roundabout,51.386868,Daylight,504120,166380,-0.50507,E01030653,1,2,0,0,Dry,Roundabout,None,30,15:40:00,Urban,Fine no high winds,No,21 - 25,11,Urban area,9,1796,None,None,Other/Not known (2005-10),Entering roundabout,VAUXHALL,ASTRA CDX 16V,Petrol,Male,None,No tow/articulation,Did not leave carriageway,0,Going ahead other,1,Car,No,Front,2010
201045SP51530,A,308,C,248,Slight,None,17-06-2010,Thursday,1,Auto traffic signal,Crossroads,51.43508,Daylight,503940,171740,-0.506086,E01030736,1,2,0,0,Dry,Unknown,None,30,06:38:00,Urban,Fine no high winds,No,21 - 25,11,Urban area,8,1396,None,None,Journey as part of work,Entering main road,ROVER,214 SI,Petrol,Male,None,No tow/articulation,Did not leave carriageway,0,Going ahead other,1,Car,No,Front,2010
201045WA52677,A,283,NA,0,Slight,None,27-07-2010,Tuesday,1,Data missing or out of range,Not at junction or within 20 metres,51.120525,Daylight,496400,136600,-0.623995,E01030867,1,4,0,0,Dry,Single carriageway,None,30,17:42:00,Rural,Fine no high winds,No,21 - 25,11,Rural,7,1798,None,Road sign or traffic signal,Other/Not known (2005-10),Not at or within 20 metres of junction,VOLKSWAGEN,PASSAT SPORT 20V TURBO AU,Petrol,Male,Overturned,No tow/articulation,Nearside,0,Going ahead other,2,Car,No,Nearside,2010
201045WO53568,C,144,Unclassified,3725,Slight,None,24-08-2010,Tuesday,1,Give way or uncontrolled,T or staggered junction,51.323481,Daylight,501720,159280,-0.541577,E01030988,1,1,0,0,Dry,Single carriageway,None,30,19:20:00,Urban,Fine no high winds,No,21 - 25,11,Urban area,6,1390,None,None,Other/Not known (2005-10),Cleared junction or waiting/parked at junction exit,VOLKSWAGEN,POLO 1.4 L,Petrol,Male,None,No tow/articulation,Did not leave carriageway,0,Going ahead other,1,Car,No,Front,2010
201050AH3T003,A,39,Unclassified,0,Slight,None,28-04-2010,Wednesday,1,Give way or uncontrolled,Private drive or entrance,50.160173,Daylight,177770,33550,-5.112831,E01018900,1,2,0,0,Dry,Single carriageway,None,60,14:40:00,Rural,Fine no high winds,No,21 - 25,11,Rural,5,1900,None,None,Other/Not known (2005-10),Mid Junction - on roundabout or on main road,VOLKSWAGEN,GOLF SE TDI,Heavy oil,Male,None,No tow/articulation,Did not leave carriageway,0,Going ahead other,1,Car,No,Front,2010
201050CD2J001,Unclassified,0,NA,0,Slight,None,16-09-2010,Thursday,2,Not at junction or within 20 metres,Not at junction or within 20 metres,50.951542,Daylight,235580,119520,-4.342248,E01020288,1,2,0,0,Dry,Single carriageway,None,60,13:00:00,Rural,Fine no high winds,No,21 - 25,11,Small town,4,1998,None,None,Commuting to/from work,Not at or within 20 metres of junction,VAUXHALL,VECTRA SRI 140,Petrol,Male,None,No tow/articulation,Did not leave carriageway,0,Waiting to go - held up,2,Car,No,Did not impact,2010
201050ED20006,Unclassified,0,Unclassified,0,Slight,None,15-03-2010,Monday,2,Give way or uncontrolled,T or staggered junction,50.397188,Daylight,247430,57470,-4.14806,E01015077,1,2,0,0,Dry,Dual carriageway,None,40,09:42:00,Urban,Fine no high winds,No,21 - 25,11,Urban area,3,2496,None,None,Journey as part of work,Mid Junction - on roundabout or on main road,METROCAB,MANUAL,Heavy oil,Male,None,No tow/articulation,Did not leave carriageway,0,U-turn,2,Taxi/Private hire car,No,Nearside,2010
201050ED2E027,Unclassified,0,Unclassified,0,Slight,None,18-09-2010,Saturday,1,Give way or uncontrolled,Other junction,50.387093,Daylight,248010,56330,-4.139444,E01015098,1,2,0,0,Dry,Single carriageway,None,30,14:50:00,Urban,Fine no high winds,No,21 - 25,11,Urban area,2,2435,None,None,Other/Not known (2005-10),Entering main road,VOLVO,S80 2.4 SE,Petrol,Male,None,No tow/articulation,Did not leave carriageway,0,Turning right,1,Car,No,Did not impact,2010
201050EP2F026,Unclassified,0,Unclassified,0,Slight,None,31-08-2010,Tuesday,1,Give way or uncontrolled,T or staggered junction,50.385242,Daylight,252740,55990,-4.07282,E01015113,2,2,0,0,Dry,Single carriageway,None,30,17:16:00,Urban,Fine no high winds,No,21 - 25,11,Urban area,2,1997,None,None,Journey as part of work,Mid Junction - on roundabout or on main road,PEUGEOT,306 MERIDIAN HDI (90),Heavy oil,Male,None,No tow/articulation,Did not leave carriageway,0,Waiting to go - held up,2,Car,No,Front,2010
201050FB2D003,Unclassified,0,Unclassified,0,Slight,None,09-02-2010,Tuesday,1,Give way or uncontrolled,Crossroads,50.393704,Daylight,293110,55960,-3.505191,E01015187,1,2,0,0,Dry,Single carriageway,None,30,08:25:00,Urban,Fine no high winds,No,21 - 25,11,Urban area,7,1589,None,None,Other/Not known (2005-10),Entering main road,ROVER,216 SLI,Petrol,Male,None,No tow/articulation,Did not leave carriageway,0,Moving off,1,Car,No,Did not impact,2010
201050FP2B017,Unclassified,0,NA,0,Slight,None,31-05-2010,Monday,2,Not at junction or within 20 metres,Not at junction or within 20 metres,50.435955,Daylight,286860,60790,-3.594543,E01015194,1,2,0,0,Dry,Single carriageway,None,60,16:50:00,Rural,Fine no high winds,No,21 - 25,11,Urban area,6,124,None,None,Other/Not known (2005-10),Not at or within 20 metres of junction,HONDA,,Petrol,Male,None,No tow/articulation,Did not leave carriageway,0,Going ahead other,2,Motorcycle 125cc and under,No,Offside,2010
201050GT3F011,A,390,NA,0,Slight,None,01-05-2010,Saturday,1,Data missing or out of range,Not at junction or within 20 metres,50.271632,Daylight,176140,46030,-5.142977,E01018820,5,2,0,0,Dry,Single carriageway,None,30,12:50:00,Rural,Fine no high winds,No,21 - 25,11,Urban area,8,1587,None,None,Other/Not known (2005-10),Not at or within 20 metres of junction,PEUGEOT,206 XS,Petrol,Male,None,No tow/articulation,Did not leave carriageway,0,Waiting to turn right,2,Car,No,Back,2010
201050JH2F001,Unclassified,0,NA,0,Slight,None,14-10-2010,Thursday,1,Data missing or out of range,Not at junction or within 20 metres,50.310626,Daylight,284040,46910,-3.629954,E01020175,1,2,0,0,Dry,Single carriageway,None,30,09:20:00,Rural,Fine no high winds,No,21 - 25,11,Small town,6,124,None,None,Other/Not known (2005-10),Not at or within 20 metres of junction,PIAGGIO,VESPA ET4,Petrol,Male,Skidded,No tow/articulation,Did not leave carriageway,0,Going ahead other,1,Motorcycle 125cc and under,No,Nearside,2010
201054EG20910,A,350,C,390,Slight,None,14-06-2010,Monday,1,Give way or uncontrolled,Roundabout,51.26678,Daylight,387510,151980,-2.180426,E01032121,2,3,0,0,Wet or damp,Single carriageway,None,30,07:38:00,Rural,Fine no high winds,No,21 - 25,11,Urban area,9,1896,None,None,Journey as part of work,Approaching junction or waiting/parked at junction approach,VOLKSWAGEN,GOLF CL TDI,Heavy oil,Male,Skidded,No tow/articulation,Did not leave carriageway,0,Going ahead other,1,Car,No,Front,2010
201054ET12410,Unclassified,0,Unclassified,0,Slight,None,18-04-2010,Sunday,2,Give way or uncontrolled,T or staggered junction,51.324817,Daylight,385370,158440,-2.211366,E01032086,1,2,0,1,Dry,Single carriageway,None,30,13:37:00,Urban,Fine no high winds,No,21 - 25,11,Urban area,10,1390,None,None,Other/Not known (2005-10),Cleared junction or waiting/parked at junction exit,VOLKSWAGEN,POLO 1.4 CL,Petrol,Male,None,No tow/articulation,Did not leave carriageway,0,Going ahead other,1,Car,No,Back,2010
201054ET24010,A,361,Unclassified,0,Slight,None,14-07-2010,Wednesday,1,Give way or uncontrolled,T or staggered junction,51.307436,Daylight,384370,156510,-2.225632,E01032091,1,2,0,0,Dry,Single carriageway,None,30,17:57:00,Urban,Fine no high winds,No,21 - 25,11,Urban area,8,1298,None,None,Other/Not known (2005-10),Entering main road,SUZUKI,JIMNY JLX,Petrol,Male,None,No tow/articulation,Did not leave carriageway,0,Turning right,2,Car,No,Offside,2010
20105500C0011,Unclassified,0,A,350,Slight,None,02-01-2010,Saturday,1,Auto traffic signal,T or staggered junction,50.71901,Daylight,401180,91050,-1.984669,E01015469,3,3,0,5,Frost or ice,Single carriageway,None,30,14:14:00,Urban,Fine no high winds,No,21 - 25,11,Urban area,1,1597,None,None,Commuting to/from work,Approaching junction or waiting/parked at junction approach,PROTON,PERSONA XLI,Petrol,Male,None,No tow/articulation,Did not leave carriageway,0,Going ahead other,3,Car,No,Front,2010
20105500C1322,A,3049,Unclassified,0,Slight,None,09-04-2010,Friday,1,Give way or uncontrolled,Private drive or entrance,50.736546,Daylight,410330,93010,-1.854999,E01015331,1,2,0,5,Dry,Single carriageway,None,30,07:02:00,Urban,Fine no high winds,No,21 - 25,11,Urban area,4,1598,None,None,Commuting to/from work,Entering main road,MERCEDES,A160 ELEGANCE AUTO,Petrol,Male,None,No tow/articulation,Did not leave carriageway,0,Turning right,2,Car,No,Front,2010
20105500D0318,A,352,A,35,Slight,None,25-01-2010,Monday,2,Give way or uncontrolled,T or staggered junction,50.706193,Daylight,370240,89710,-2.422841,E01020549,1,2,0,0,Dry,Single carriageway,None,30,09:15:00,Urban,Fine no high winds,No,21 - 25,11,Urban area,4,1396,None,None,Other/Not known (2005-10),Cleared junction or waiting/parked at junction exit,HONDA,CIVIC INITIAL,Petrol,Male,None,No tow/articulation,Did not leave carriageway,0,Changing lane to left,2,Car,No,Back,2010
20105500D0759,Unclassified,0,NA,0,Slight,None,26-02-2010,Friday,1,Not at junction or within 20 metres,Not at junction or within 20 metres,50.770162,Daylight,395570,96740,-2.064209,E01020470,1,2,0,0,Wet or damp,Single carriageway,None,60,08:50:00,Rural,Fine no high winds,No,21 - 25,11,Small town,10,999,None,None,Other/Not known (2005-10),Not at or within 20 metres of junction,VOLKSWAGEN,POLO 1.0 L,Petrol,Male,None,No tow/articulation,Did not leave carriageway,0,Going ahead left-hand bend,1,Car,No,Front,2010
2010550C48876,C,321,NA,0,Slight,None,05-11-2010,Friday,1,Not at junction or within 20 metres,Not at junction or within 20 metres,50.740621,Daylight,408610,93460,-1.879363,E01015375,1,1,0,0,Dry,Single carriageway,None,30,14:20:00,Urban,Fine no high winds,No,21 - 25,11,Urban area,4,2494,None,None,Other/Not known (2005-10),Not at or within 20 metres of junction,BMW,323 CI SE AUTO,Petrol,Male,None,No tow/articulation,Did not leave carriageway,0,Reversing,1,Car,No,Back,2010
2010550D32148,A,3049,NA,0,Slight,None,26-07-2010,Monday,1,Not at junction or within 20 metres,Not at junction or within 20 metres,50.738521,Daylight,402150,93220,-1.970917,E01015407,2,2,0,0,Dry,Dual carriageway,None,70,18:09:00,Urban,Fine no high winds,No,21 - 25,11,Urban area,3,1389,None,None,Other/Not known (2005-10),Not at or within 20 metres of junction,VAUXHALL,CORSA CDX 16V,Petrol,Male,None,No tow/articulation,Did not leave carriageway,0,Slowing or stopping,2,Car,No,Front,2010
2010550D41578,A,31,A,31,Slight,None,21-09-2010,Tuesday,2,Give way or uncontrolled,Roundabout,50.802718,Daylight,404370,100360,-1.939373,E01020408,1,2,0,0,Dry,Roundabout,None,40,19:05:00,Urban,Fine no high winds,No,21 - 25,11,Urban area,6,49,None,None,Other/Not known (2005-10),Leaving roundabout,PEUGEOT,SPEEDFIGHT,Petrol,Male,None,No tow/articulation,Nearside,0,Going ahead other,1,Motorcycle 50cc and under,No,Back,2010
201060L068089,Unclassified,0,NA,0,Slight,None,21-04-2010,Wednesday,1,Data missing or out of range,Not at junction or within 20 metres,53.307652,Daylight,281360,380450,-3.78205,W01000173,1,1,0,0,Dry,Single carriageway,None,60,09:00:00,Rural,Fine no high winds,No,21 - 25,11,Small town,NA,1124,None,Tree,Journey as part of work,Not at or within 20 metres of junction,PEUGEOT,106 XN ZEST 2,Petrol,Male,None,No tow/articulation,Nearside,0,Going ahead other,1,Car,No,Front,2010
201001EO40325,A,103,A,503,Slight,None,08-06-2010,Tuesday,1,Auto traffic signal,Crossroads,51.560108,Daylight,530760,186270,-0.115063,E01002730,1,2,0,5,Dry,Single carriageway,None,30,13:05:00,Urban,Fine no high winds,No,21 - 25,11,Urban area,9,998,None,None,Other/Not known (2005-10),Mid Junction - on roundabout or on main road,TOYOTA,YARIS GS,Petrol,Male,None,No tow/articulation,Did not leave carriageway,0,Turning right,1,Car,No,Front,2010
201001EO40505,A,1,A,503,Slight,None,01-09-2010,Wednesday,1,Auto traffic signal,More than 4 arms (not roundabout),51.555915,Daylight,530630,185800,-0.117112,E01002767,2,2,0,5,Dry,Dual carriageway,None,30,18:30:00,Urban,Fine no high winds,No,21 - 25,11,Urban area,1,1400,None,None,Other/Not known (2005-10),Approaching junction or waiting/parked at junction approach,VOLKSWAGEN,GOLF E,Petrol,Male,None,No tow/articulation,Did not leave carriageway,0,Waiting to go - held up,2,Car,No,Back,2010