Accident_Index,1st_Road_Class,1st_Road_Number,2nd_Road_Class,2nd_Road_Number,Accident_Severity,Carriageway_Hazards,Date,Day_of_Week,Did_Police_Officer_Attend_Scene_of_Accident,Junction_Control,Junction_Detail,Latitude,Light_Conditions,Location_Easting_OSGR,Location_Northing_OSGR,Longitude,LSOA_of_Accident_Location,Number_of_Casualties,Number_of_Vehicles,Pedestrian_Crossing-Human_Control,Pedestrian_Crossing-Physical_Facilities,Road_Surface_Conditions,Road_Type,Special_Conditions_at_Site,Speed_limit,Time,Urban_or_Rural_Area,Weather_Conditions,InScotland,Age_Band_of_Driver,Age_of_Vehicle,Driver_Home_Area_Type,Driver_IMD_Decile,Engine_Capacity_.CC.,Hit_Object_in_Carriageway,Hit_Object_off_Carriageway,Journey_Purpose_of_Driver,Junction_Location,make,model,Propulsion_Code,Sex_of_Driver,Skidding_and_Overturning,Towing_and_Articulation,Vehicle_Leaving_Carriageway,Vehicle_Location.Restricted_Lane,Vehicle_Manoeuvre,Vehicle_Reference,Vehicle_Type,Was_Vehicle_Left_Hand_Drive,X1st_Point_of_Impact,Year
201001JI40237,A,123,Unclassified,0,Slight,None,27-04-2010,Tuesday,1,Give way or uncontrolled,T or staggered junction,51.569862,Daylight,543150,187690,0.064132,E01003692,1,2,0,0,Dry,Single carriageway,None,30,17:50:00,Urban,Fine no high winds,No,21 - 25,11,Data missing or out of range,NA,1998,None,None,Other/Not known (2005-10),Mid Junction - on roundabout or on main road,NISSAN,PRIMERA SPORT,Petrol,Male,None,No tow/articulation,Did not leave carriageway,0,Going ahead other,1,Car,No,Front,2010
201001JI40508,A,12,Unclassified,0,Slight,None,09-08-2010,Monday,1,Give way or uncontrolled,T or staggered junction,51.574277,Daylight,544160,188210,0.078909,E01003752,1,2,0,0,Dry,Dual carriageway,None,40,16:20:00,Urban,Fine no high winds,No,21 - 25,11,Urban area,3,599,None,None,Other/Not known (2005-10),Mid Junction - on roundabout or on main road,HONDA,CB600 HORNET,Petrol,Male,Skidded,No tow/articulation,Did not leave carriageway,0,Turning left,1,Motorcycle over 500cc,No,Did not impact,2010
201001KD50188,A,125,B,174,Slight,None,13-04-2010,Tuesday,1,Auto traffic signal,Crossroads,51.586424,Daylight,550630,189750,0.172865,E01002338,1,3,0,5,Dry,Dual carriageway,None,40,12:30:00,Urban,Fine no high winds,No,21 - 25,11,Urban area,4,1242,None,None,Other/Not known (2005-10),Mid Junction - on roundabout or on main road,FORD,FIESTA GHIA 16V,Petrol,Male,None,No tow/articulation,Did not leave carriageway,0,Turning right,2,Car,No,Front,2010
201001KD50206,C,0,NA,0,Slight,None,26-04-2010,Monday,1,Data missing or out of range,Not at junction or within 20 metres,51.578366,Daylight,551530,188880,0.18547,E01002357,1,1,0,4,Dry,Single carriageway,None,30,16:15:00,Urban,Fine no high winds,No,21 - 25,11,Small town,7,1598,None,None,Other/Not known (2005-10),Not at or within 20 metres of junction,RENAULT,CLIO RXE,Petrol,Male,None,No tow/articulation,Did not leave carriageway,0,Going ahead other,1,Car,No,Front,2010
201001LX50267,A,204,Unclassified,0,Slight,None,08-04-2010,Thursday,1,Give way or uncontrolled,T or staggered junction,51.442579,Daylight,531460,173210,-0.109834,E01003174,2,3,0,1,Dry,Single carriageway,None,30,18:30:00,Urban,Fine no high winds,No,21 - 25,11,Urban area,3,1870,None,None,Journey as part of work,Approaching junction or waiting/parked at junction approach,RENAULT,KANGOO 655 1.9D,Heavy oil,Male,None,No tow/articulation,Did not leave carriageway,0,Going ahead other,3,Van / Goods 3.5 tonnes mgw or under,No,Front,2010
201001LX50756,A,23,Unclassified,0,Slight,None,26-08-2010,Thursday,1,Give way or uncontrolled,T or staggered junction,51.422301,Daylight,530150,170920,-0.129514,E01003115,1,2,0,0,Wet or damp,Dual carriageway,None,30,08:30:00,Urban,Fine no high winds,No,21 - 25,11,Urban area,2,599,None,None,Commuting to/from work,Mid Junction - on roundabout or on main road,YAMAHA,FZS 600,Petrol,Male,Skidded,No tow/articulation,Did not leave carriageway,0,Going ahead other,2,Motorcycle over 500cc,No,Front,2010
201001MM70247,C,0,Unclassified,0,Slight,None,07-04-2010,Wednesday,1,Give way or uncontrolled,T or staggered junction,51.493827,Daylight,534420,178990,-0.065072,E01004042,1,2,0,0,Dry,Single carriageway,None,30,13:00:00,Urban,Fine no high winds,No,21 - 25,11,Urban area,3,124,None,None,Commuting to/from work,Approaching junction or waiting/parked at junction approach,YAMAHA,YP1 25R,Petrol,Male,None,No tow/articulation,Did not leave carriageway,0,Overtaking moving vehicle - offside,1,Motorcycle 125cc and under,No,Front,2010
201001MM70365,A,202,B,215,Slight,None,27-04-2010,Tuesday,1,Auto traffic signal,T or staggered junction,51.473827,Daylight,534250,176760,-0.068367,E01004067,1,2,0,5,Dry,Single carriageway,None,30,11:35:00,Urban,Fine no high winds,No,21 - 25,11,Urban area,2,1598,None,None,Other/Not known (2005-10),Approaching junction or waiting/parked at junction approach,VAUXHALL,ASTRA ENVOY 8V AUTO,Petrol,Male,None,No tow/articulation,Did not leave carriageway,0,Going ahead other,1,Car,No,Back,2010
201001MM70856,Unclassified,0,A,2214,Slight,None,10-10-2010,Sunday,1,Give way or uncontrolled,Crossroads,51.467561,Daylight,535280,176090,-0.053801,E01004000,1,1,0,0,Dry,Single carriageway,None,30,11:50:00,Urban,Fine no high winds,No,21 - 25,11,Urban area,5,998,None,None,Other/Not known (2005-10),Approaching junction or waiting/parked at junction approach,NISSAN,MICRA EQUATION,Petrol,Male,None,No tow/articulation,Did not leave carriageway,0,Going ahead other,1,Car,No,Nearside,2010
201001MM70931,A,2214,C,0,Slight,None,01-11-2010,Monday,1,Auto traffic signal,Crossroads,51.462707,Daylight,534530,175530,-0.064805,E01004064,1,2,0,5,Dry,Single carriageway,None,30,07:31:00,Urban,Fine no high winds,No,21 - 25,11,Urban area,4,781,None,None,Other/Not known (2005-10),Mid Junction - on roundabout or on main road,HONDA,,Petrol,Male,None,No tow/articulation,Did not leave carriageway,0,Going ahead other,1,Motorcycle over 125cc and up to 500cc,No,Front,2010
201001PL60381,A,21,A,2218,Slight,None,19-06-2010,Saturday,1,Auto traffic signal,Crossroads,51.42848,Daylight,538220,171820,-0.013168,E01003352,2,2,0,5,Dry,Single carriageway,None,30,17:46:00,Urban,Fine no high winds,No,21 - 25,11,Urban area,2,999,None,None,Other/Not known (2005-10),Mid Junction - on roundabout or on main road,VOLKSWAGEN,POLO 1.0 L,Petrol,Male,None,No tow/articulation,Did not leave carriageway,0,Going ahead other,1,Car,No,Front,2010
201001PL60444,Unclassified,0,Unclassified,0,Slight,None,09-07-2010,Friday,1,Give way or uncontrolled,T or staggered junction,51.452898,Daylight,539420,174570,0.005163,E01003287,1,3,0,0,Dry,Single carriageway,None,30,06:27:00,Urban,Fine no high winds,No,21 - 25,11,Urban area,5,1388,Parked vehicle,None,Other/Not known (2005-10),Cleared junction or waiting/parked at junction exit,FORD,PUMA 1.4 16V,Petrol,Male,None,No tow/articulation,Did not leave carriageway,0,Turning right,1,Car,No,Nearside,2010
201001QA10018,A,404,Unclassified,0,Slight,None,19-01-2010,Tuesday,1,Give way or uncontrolled,T or staggered junction,51.583703,Daylight,513960,188490,-0.356586,E01002161,2,3,0,0,Dry,Single carriageway,None,30,14:37:00,Urban,Fine no high winds,No,21 - 25,11,Urban area,3,2000,None,None,Other/Not known (2005-10),Mid Junction - on roundabout or on main road,VOLKSWAGEN,GOLF GTI (115 BHP),Petrol,Male,None,No tow/articulation,Did not leave carriageway,0,Going ahead other,1,Car,No,Offside,2010
201001QA10460,C,0,NA,0,Slight,None,24-11-2010,Wednesday,1,Data missing or out of range,Not at junction or within 20 metres,51.606516,Daylight,517540,191110,-0.304062,E01002110,1,1,0,0,Dry,Single carriageway,None,30,15:45:00,Urban,Fine no high winds,No,21 - 25,11,Urban area,7,1199,None,None,Other/Not known (2005-10),Not at or within 20 metres of junction,VAUXHALL,CORSA CLUB 16V,Petrol,Male,None,No tow/articulation,Did not leave carriageway,0,Slowing or stopping,1,Car,No,Front,2010
201001RG40377,A,206,NA,0,Slight,None,19-06-2010,Saturday,1,Data missing or out of range,Not at junction or within 20 metres,51.486244,Daylight,540120,178300,0.016709,E01001665,1,2,0,1,Dry,Single carriageway,None,30,18:10:00,Urban,Fine no high winds,No,21 - 25,11,Urban area,2,1998,None,None,Other/Not known (2005-10),Not at or within 20 metres of junction,RENAULT,MEGANE SCENIC MONACO,Petrol,Male,None,No tow/articulation,Did not leave carriageway,0,U-turn,1,Car,No,Offside,2010
201001SX20594,A,598,NA,0,Slight,None,04-06-2010,Friday,1,Data missing or out of range,Not at junction or within 20 metres,51.608833,Daylight,525950,191570,-0.182514,E01000317,1,2,0,0,Dry,Single carriageway,None,30,18:36:00,Urban,Fine no high winds,No,21 - 25,11,Urban area,6,1396,None,None,Other/Not known (2005-10),Not at or within 20 metres of junction,HONDA,CIVIC 1.4I S,Petrol,Male,None,No tow/articulation,Did not leave carriageway,0,Moving off,2,Car,No,Offside,2010
201001TX20171,A,315,Unclassified,0,Slight,None,26-03-2010,Friday,1,Stop sign,T or staggered junction,51.475152,Daylight,515620,176450,-0.336587,E01002677,1,2,0,1,Dry,Single carriageway,None,30,08:58:00,Urban,Fine no high winds,No,21 - 25,11,Urban area,3,796,None,None,Other/Not known (2005-10),Approaching junction or waiting/parked at junction approach,DAEWOO,MATIZ SE,Petrol,Male,None,No tow/articulation,Did not leave carriageway,0,Going ahead other,1,Car,No,Nearside,2010
201001TX20218,A,4,A,3005,Slight,None,18-04-2010,Sunday,1,Auto traffic signal,Crossroads,51.478872,Daylight,513670,176820,-0.364534,E01002629,3,2,0,5,Dry,Dual carriageway,Auto traffic signal - out,40,10:15:00,Urban,Fine no high winds,No,21 - 25,11,Urban area,3,1389,Kerb,Road sign or traffic signal,Other/Not known (2005-10),Mid Junction - on roundabout or on main road,VAUXHALL,CORSA CDX 16V,Petrol,Male,Skidded,No tow/articulation,Nearside,0,Going ahead other,1,Car,No,Offside,2010
201001TX20229,A,4,Unclassified,0,Slight,None,22-04-2010,Thursday,1,Give way or uncontrolled,T or staggered junction,51.487297,Daylight,521150,177930,-0.256491,E01002569,1,2,0,0,Dry,Dual carriageway,None,40,08:40:00,Urban,Fine no high winds,No,21 - 25,11,Urban area,5,599,None,None,Commuting to/from work,Approaching junction or waiting/parked at junction approach,HONDA,CBR 600 F,Petrol,Male,Skidded,No tow/articulation,Did not leave carriageway,0,Slowing or stopping,2,Motorcycle over 500cc,No,Front,2010
201001WW50704,A,3,C,0,Slight,None,22-09-2010,Wednesday,1,Auto traffic signal,Crossroads,51.460754,Daylight,527430,175130,-0.167098,E01004552,1,2,0,5,Dry,Single carriageway,None,30,08:03:00,Urban,Fine no high winds,No,21 - 25,11,Urban area,9,1120,None,None,Commuting to/from work,Mid Junction - on roundabout or on main road,ROVER,200 SE,Petrol,Male,None,No tow/articulation,Did not leave carriageway,0,Changing lane to left,1,Car,No,Nearside,2010
201001XD80252,C,0,Unclassified,0,Slight,None,06-04-2010,Tuesday,1,Give way or uncontrolled,Crossroads,51.515001,Daylight,515460,180880,-0.337441,E01001290,1,2,0,0,Dry,Single carriageway,None,30,14:06:00,Urban,Fine no high winds,No,21 - 25,11,Urban area,5,124,None,None,Other/Not known (2005-10),Mid Junction - on roundabout or on main road,YAMAHA,XV125,Petrol,Male,None,No tow/articulation,Did not leave carriageway,0,Overtaking moving vehicle - offside,2,Motorcycle 125cc and under,No,Nearside,2010
201001XH30246,A,408,Unclassified,0,Slight,None,15-04-2010,Thursday,1,Give way or uncontrolled,T or staggered junction,51.542135,Daylight,505390,183680,-0.481672,E01002521,1,1,0,0,Dry,Single carriageway,None,30,15:49:00,Urban,Fine no high winds,No,21 - 25,11,Urban area,5,1124,None,None,Other/Not known (2005-10),Cleared junction or waiting/parked at junction exit,CITROEN,SAXO X,Petrol,Male,None,No tow/articulation,Did not leave carriageway,0,Going ahead other,1,Car,No,Front,2010
201001XH30357,A,4020,A,4020,Slight,None,04-06-2010,Friday,1,Auto traffic signal,Crossroads,51.515012,Daylight,511370,180790,-0.396388,E01002546,1,2,0,5,Dry,Dual carriageway,None,30,14:35:00,Urban,Fine no high winds,No,21 - 25,11,Data missing or out of range,NA,999,None,None,Other/Not known (2005-10),Approaching junction or waiting/parked at junction approach,VOLKSWAGEN,POLO 1.0 L,Petrol,Male,None,No tow/articulation,Did not leave carriageway,0,Waiting to go - held up,1,Car,No,Back,2010
201004BB10013,B,5273,NA,0,Slight,None,31-01-2010,Sunday,1,Data missing or out of range,Not at junction or within 20 metres,54.055098,Daylight,344520,462460,-2.848998,E01025172,1,1,0,0,Dry,Single carriageway,None,30,15:14:00,Rural,Fine no high winds,No,21 - 25,11,Urban area,2,1850,None,Other permanent object,Other/Not known (2005-10),Not at or within 20 metres of junction,HONDA,ACCORD VTEC S,Petrol,Male,Skidded,No tow/articulation,Offside,0,Going ahead right-hand bend,1,Car,No,Front,2010
201004BB10091,B,5273,NA,0,Slight,None,12-06-2010,Saturday,1,Data missing or out of range,Not at junction or within 20 metres,54.056314,Daylight,344130,462600,-2.854981,E01025172,3,2,0,0,Dry,Single carriageway,None,40,08:20:00,Urban,Fine no high winds,No,21 - 25,11,Urban area,1,1679,None,Tree,Commuting to/from work,Not at or within 20 metres of junction,FORD,PUMA 1.7 16V,Petrol,Male,None,No tow/articulation,Nearside,0,Going ahead left-hand bend,1,Car,No,Front,2010
201004CM10052,A,59,Motorway,6,Slight,None,15-04-2010,Thursday,1,Give way or uncontrolled,Roundabout,53.764943,Daylight,358370,430030,-2.633021,E01025456,2,2,0,0,Dry,Roundabout,Roadworks,40,16:00:00,Rural,Fine no high winds,No,21 - 25,11,Small town,5,1587,None,None,Other/Not known (2005-10),Entering roundabout,CITROEN,SAXO VTS,Petrol,Male,None,No tow/articulation,Did not leave carriageway,0,Slowing or stopping,1,Car,No,Front,2010
201004DL10044,Unclassified,0,NA,0,Slight,None,18-04-2010,Sunday,1,Data missing or out of range,Not at junction or within 20 metres,53.765559,Daylight,350050,430180,-2.759251,E01025271,2,1,0,0,Dry,Single carriageway,None,30,10:25:00,Urban,Fine no high winds,No,21 - 25,11,Urban area,5,1400,None,Lamp post,Other/Not known (2005-10),Not at or within 20 metres of junction,VOLKSWAGEN,GOLF E,Petrol,Male,None,No tow/articulation,Offside,0,Going ahead other,1,Car,No,Front,2010
201004DL10103,Unclassified,0,Unclassified,0,Slight,None,23-09-2010,Thursday,1,Give way or uncontrolled,T or staggered junction,53.771028,Daylight,349920,430790,-2.761322,E01025270,1,2,0,0,Dry,Single carriageway,None,30,08:10:00,Urban,Fine no high winds,No,21 - 25,11,Urban area,6,1589,None,None,Other/Not known (2005-10),Mid Junction - on roundabout or on main road,ROVER,216I E 16V,Petrol,Male,None,No tow/articulation,Did not leave carriageway,0,Going ahead other,1,Car,No,Front,2010
201004FG10006,Unclassified,0,Unclassified,0,Slight,None,21-01-2010,Thursday,1,Give way or uncontrolled,T or staggered junction,53.823827,Daylight,384900,436420,-2.230876,E01025185,1,2,0,0,Dry,Single carriageway,None,30,08:29:00,Urban,Fine no high winds,No,21 - 25,11,Urban area,2,954,None,None,Other/Not known (2005-10),Mid Junction - on roundabout or on main road,CITROEN,SAXO SPREE IV,Petrol,Male,None,No tow/articulation,Did not leave carriageway,0,Turning right,1,Car,No,Offside,2010
201004FG10089,Unclassified,0,Unclassified,0,Slight,None,14-11-2010,Sunday,1,Give way or uncontrolled,T or staggered junction,53.836361,Daylight,386370,437810,-2.208607,E01025218,1,2,0,0,Dry,Single carriageway,None,30,13:44:00,Urban,Fine no high winds,No,21 - 25,11,Urban area,1,1998,None,None,Other/Not known (2005-10),Mid Junction - on roundabout or on main road,LEXUS,IS200 SPORT,Petrol,Male,None,No tow/articulation,Did not leave carriageway,0,Going ahead other,2,Car,No,Front,2010
201004FJ10043,A,681,Unclassified,0,Slight,None,01-10-2010,Friday,1,Give way or uncontrolled,T or staggered junction,53.698135,Daylight,386820,422430,-2.201107,E01025369,3,2,0,0,Dry,Single carriageway,None,30,18:27:00,Urban,Fine no high winds,No,21 - 25,11,Urban area,2,1598,None,None,Other/Not known (2005-10),Leaving main road,RENAULT,MEGANE SPORT,Petrol,Male,Skidded,No tow/articulation,Did not leave carriageway,0,Turning left,1,Car,No,Front,2010
201004FL10131,A,56,Unclassified,0,Slight,None,12-12-2010,Sunday,1,Give way or uncontrolled,Slip road,53.711157,Daylight,378440,423910,-2.328133,E01025395,2,2,0,0,Frost or ice,Dual carriageway,None,70,09:40:00,Rural,Fine no high winds,No,21 - 25,11,Urban area,5,1597,None,None,Other/Not known (2005-10),Mid Junction - on roundabout or on main road,NISSAN,PRIMERA SI,Petrol,Male,None,No tow/articulation,Did not leave carriageway,0,Slowing or stopping,2,Car,No,Back,2010
201004FL10138,Unclassified,0,Unclassified,0,Slight,None,23-12-2010,Thursday,1,Give way or uncontrolled,T or staggered junction,53.692448,Daylight,380360,421820,-2.298911,E01025384,1,3,0,0,Snow,Single carriageway,None,40,08:30:00,Urban,Fine no high winds,No,21 - 25,11,Urban area,4,1595,Parked vehicle,None,Commuting to/from work,Cleared junction or waiting/parked at junction exit,AUDI,A3 1.6 SE,Petrol,Male,Skidded,No tow/articulation,Did not leave carriageway,0,Going ahead other,1,Car,No,Nearside,2010
201005AA03788,A,552,Unclassified,0,Slight,None,14-06-2010,Monday,1,Give way or uncontrolled,Other junction,53.372777,Daylight,330100,386730,-3.052117,E01007250,1,2,0,0,Dry,Dual carriageway,None,30,13:50:00,Urban,Fine no high winds,No,21 - 25,11,Urban area,1,1781,None,None,Other/Not known (2005-10),Mid Junction - on roundabout or on main road,AUDI,A3 1.8T SPORT,Petrol,Male,None,No tow/articulation,Did not leave carriageway,0,Going ahead other,1,Car,No,Front,2010
201014C149410,A,630,A,6178,Slight,None,09-12-2010,Thursday,2,Give way or uncontrolled,Roundabout,53.424529,Darkness - lights lit,442360,392160,-1.364004,E01007676,1,2,0,0,Wet or damp,Roundabout,None,40,19:55:00,Urban,Fine + high winds,No,16 - 20,10,Urban area,9,2324,None,None,Other/Not known (2005-10),Entering roundabout,VOLKSWAGEN,BORA V5,Petrol,Male,None,No tow/articulation,Did not leave carriageway,0,Waiting to go - held up,2,Car,No,Front,2010
201050AH2R027,A,3083,NA,0,Slight,None,06-04-2020,Saturday,1,Not at junction or within 20 metres,Not at junction or within 20 metres,18.5442131,Darkness - lights lit,166380,26190,73.78669433,E01018886,1,1,0,0,Flood over 3cm. deep,Single carriageway,None,60,01:15:00,Rural,Fine + high winds,No,16 - 20,10,Small town,6,1124,None,None,Other/Not known (2005-10),Not at or within 20 metres of junction,PEUGEOT,106 XN ZEST,Petrol,Female,None,No tow/articulation,Did not leave carriageway,0,Going ahead other,1,Car,No,Front,2021
201050AH2R027,A,3083,NA,0,Slight,None,23-10-2010,Saturday,1,Not at junction or within 20 metres,Not at junction or within 20 metres,50.089706,Darkness - lights lit,166380,26190,-5.267527,E01018886,1,1,0,0,Flood over 3cm. deep,Single carriageway,None,60,01:15:00,Rural,Fine + high winds,No,16 - 20,10,Small town,6,1124,None,None,Other/Not known (2005-10),Not at or within 20 metres of junction,PEUGEOT,106 XN ZEST,Petrol,Female,None,No tow/articulation,Did not leave carriageway,0,Going ahead other,1,Car,No,Front,2010
201037L017923,A,1144,Unclassified,6001,Slight,None,01-04-2021,Saturday,1,Give way or uncontrolled,T or staggered junction,14.71539391,Darkness - lights lit,654570,293810,78.55848504,E01030246,1,2,0,0,Dry,Single carriageway,None,30,21:10:00,Urban,Fine no high winds,No,16 - 20,10,Small town,4,1997,None,None,Other/Not known (2005-10),Mid Junction - on roundabout or on main road,PEUGEOT,206 DTURBO HDI (90),Heavy oil,Male,None,No tow/articulation,Did not leave carriageway,0,Going ahead other,2,Car,No,Nearside,2019
20104100A0608,A,1184,NA,0,Slight,None,09-02-2021,Saturday,1,Not at junction or within 20 metres,Not at junction or within 20 metres,26.74127989,Darkness - lights lit,548570,216680,94.21308274,E01023499,3,2,0,0,Dry,Single carriageway,None,40,01:53:00,Rural,Fine no high winds,No,16 - 20,10,Data missing or out of range,NA,1761,Kerb,Tree,Other/Not known (2005-10),Not at or within 20 metres of junction,PEUGEOT,306 XS,Petrol,Male,Overturned,No tow/articulation,Offside,0,Going ahead right-hand bend,1,Car,No,Offside,2019
2010400C02432,Unclassified,0,Unclassified,0,Slight,None,16-09-2021,Wednesday,1,Auto traffic signal,T or staggered junction,22.06231949,Darkness - lights lit,508960,224480,82.16540597,E01015694,2,2,0,4,Dry,Single carriageway,None,30,23:44:00,Urban,Fine no high winds,No,16 - 20,10,Urban area,2,1242,None,None,Other/Not known (2005-10),Mid Junction - on roundabout or on main road,FORD,FIESTA GHIA 16V,Petrol,Male,None,No tow/articulation,Did not leave carriageway,0,Going ahead other,2,Car,No,Front,2019
201043S102070,C,8006,C,15,Slight,None,12-03-2019,Saturday,1,Give way or uncontrolled,Roundabout,22.09097966,Darkness - lights lit,485840,238620,82.15577856,E01016730,1,3,0,0,Dry,Roundabout,None,70,02:48:00,Urban,Fine no high winds,No,16 - 20,10,Small town,8,1298,None,None,Other/Not known (2005-10),Entering roundabout,SUZUKI,SWIFT GLX AUTO,Petrol,Male,None,No tow/articulation,Did not leave carriageway,0,Turning right,2,Car,No,Front,2019
201050KE2C019,Unclassified,0,NA,0,Slight,None,19-01-2019,Sunday,1,Not at junction or within 20 metres,Not at junction or within 20 metres,22.06550784,Darkness - lights lit,300320,80220,82.1255233,E01019913,1,2,0,0,Dry,Single carriageway,None,30,21:27:00,Urban,Fine no high winds,No,16 - 20,10,Urban area,6,1587,None,None,Other/Not known (2005-10),Not at or within 20 metres of junction,CITROEN,SAXO VTR,Petrol,Male,None,No tow/articulation,Did not leave carriageway,0,Going ahead other,1,Car,No,Did not impact,2019
201050BB2G003,A,389,Unclassified,0,Slight,None,01-02-2020,Wednesday,1,Give way or uncontrolled,T or staggered junction,12.9716326,Darkness - lights lit,206620,67160,77.58901464,E01018928,1,1,0,0,Dry,Single carriageway,None,30,22:05:00,Urban,Fine no high winds,No,16 - 20,10,Data missing or out of range,NA,1120,None,None,Other/Not known (2005-10),Approaching junction or waiting/parked at junction approach,ROVER,211I E 8V,Petrol,Male,None,No tow/articulation,Did not leave carriageway,0,Going ahead right-hand bend,1,Car,No,Front,2020
201054DE06110,Unclassified,0,A,4312,Slight,None,13-05-2021,Tuesday,1,Auto traffic signal,T or staggered junction,22.71334296,Darkness - lights lit,416930,185330,75.84881787,E01015575,1,3,0,0,Dry,Single carriageway,None,30,17:39:00,Urban,Fine no high winds,No,16 - 20,10,Urban area,1,1360,None,None,Commuting to/from work,Approaching junction or waiting/parked at junction approach,PEUGEOT,206 GLX,Petrol,Male,None,No tow/articulation,Did not leave carriageway,0,Waiting to turn left,1,Car,No,Front,2020
201043W214090,B,3349,Unclassified,7502,Slight,None,27-05-2021,Saturday,1,Give way or uncontrolled,Mini-roundabout,26.44697842,Darkness - lights lit,478480,167220,80.30991985,E01016612,3,2,0,0,Dry,Roundabout,None,40,02:22:00,Urban,Fine no high winds,No,16 - 20,10,Urban area,10,1360,None,Road sign or traffic signal,Other/Not known (2005-10),Leaving roundabout,PEUGEOT,206 GLX,Petrol,Male,None,No tow/articulation,Offside,0,Slowing or stopping,2,Car,No,Front,2020
201043R156010,A,329,NA,0,Slight,None,14-02-2021,Saturday,1,Data missing or out of range,Not at junction or within 20 metres,28.61402956,Darkness - lights lit,487330,169490,77.06528851,E01016249,1,1,0,0,Dry,Dual carriageway,None,40,23:43:00,Urban,Fine no high winds,No,16 - 20,10,Urban area,10,1360,Kerb,Lamp post,Other/Not known (2005-10),Not at or within 20 metres of junction,CITROEN,XSARA FORTE,Petrol,Male,Skidded,No tow/articulation,Offside on to centrl res + rebounded,0,Turning left,1,Car,No,Front,2020
201050EP2G001,Unclassified,0,Unclassified,0,Slight,None,08-10-2020,Thursday,2,Give way or uncontrolled,T or staggered junction,28.68172882,Darkness - lights lit,255660,56140,77.16092992,E01015107,1,2,0,0,Dry,Single carriageway,None,30,18:40:00,Urban,Fine no high winds,No,16 - 20,10,Urban area,9,124,None,None,Other/Not known (2005-10),Approaching junction or waiting/parked at junction approach,PIAGGIO,TYPHOON 125,Petrol,Male,Skidded,No tow/articulation,Did not leave carriageway,0,Going ahead other,2,Motorcycle 125cc and under,No,Front,2020
201042I257008,Motorway,25,NA,0,Slight,None,27-06-2019,Sunday,1,Not at junction or within 20 metres,Not at junction or within 20 metres,28.66918641,Darkness - lights lit,551650,197220,77.28155499,E01021800,1,2,0,0,Dry,Dual carriageway,Roadworks,70,22:45:00,Rural,Fine no high winds,No,16 - 20,10,Small town,9,993,None,None,Other/Not known (2005-10),Not at or within 20 metres of junction,SUZUKI,SWIFT CIRRUS,Petrol,Male,Skidded,No tow/articulation,Did not leave carriageway,0,Going ahead other,1,Car,No,Front,2020
201054DN40910,B,4006,NA,0,Slight,None,06-02-2020,Saturday,1,Not at junction or within 20 metres,Not at junction or within 20 metres,28.54234193,Darkness - lights lit,414710,187180,77.31412725,E01015527,2,1,0,0,Wet or damp,Single carriageway,None,30,17:31:00,Urban,Fine no high winds,No,16 - 20,10,Urban area,9,1679,None,Tree,Other/Not known (2005-10),Not at or within 20 metres of junction,FORD,PUMA 1.7 16V,Petrol,Male,None,No tow/articulation,Nearside and rebounded,0,Going ahead other,1,Car,No,Offside,2020
201045SP47996,A,308,NA,0,Slight,None,06-12-2019,Sunday,1,Data missing or out of range,Not at junction or within 20 metres,28.63006717,Darkness - lights lit,507130,170560,77.1309722,E01030721,1,1,0,0,Flood over 3cm. deep,Dual carriageway,None,30,00:01:00,Rural,Fine no high winds,No,16 - 20,10,Urban area,4,1124,None,Other permanent object,Other/Not known (2005-10),Not at or within 20 metres of junction,CITROEN,SAXO FORTE,Petrol,Male,Skidded,No tow/articulation,Nearside and rebounded,0,Going ahead other,1,Car,No,Front,2021
201043R027110,A,30,Unclassified,7412,Slight,None,24-06-2020,Friday,1,Auto traffic signal,T or staggered junction,18.59007984,Darkness - lights lit,495440,166830,73.76606888,E01016603,1,3,0,5,Wet or damp,Single carriageway,None,30,17:13:00,Urban,Fine no high winds,No,16 - 20,10,Urban area,6,1199,None,None,Commuting to/from work,Approaching junction or waiting/parked at junction approach,VAUXHALL,CORSA CLUB 16V,Petrol,Male,None,No tow/articulation,Did not leave carriageway,0,Going ahead other,1,Car,No,Front,2021
2010550C24542,Unclassified,0,Unclassified,0,Slight,None,13-04-2019,Saturday,1,Give way or uncontrolled,T or staggered junction,18.58652488,Darkness - lights lit,405230,95710,73.83763036,E01015308,3,2,0,0,Dry,Single carriageway,None,30,21:55:00,Urban,Fine no high winds,No,16 - 20,10,Urban area,3,1400,None,None,Other/Not known (2005-10),Entering main road,VOLKSWAGEN,POLO 16V,Petrol,Male,None,No tow/articulation,Did not leave carriageway,0,Turning right,2,Car,No,Offside,2021
2010550C40724,Unclassified,0,NA,0,Slight,None,16-08-2021,Thursday,1,Not at junction or within 20 metres,Not at junction or within 20 metres,28.33248884,Darkness - lights lit,411810,95340,84.61845654,E01015341,1,2,0,0,Dry,Single carriageway,None,30,23:50:00,Rural,Fine no high winds,No,16 - 20,10,Urban area,2,49,None,None,Other/Not known (2005-10),Not at or within 20 metres of junction,SUZUKI,UF 50,Petrol,Male,None,No tow/articulation,Did not leave carriageway,0,Going ahead other,1,Motorcycle 50cc and under,No,Nearside,2021
2010550C53708,B,3067,Unclassified,0,Slight,None,17-04-2021,Sunday,1,Give way or uncontrolled,T or staggered junction,14.65788553,Darkness - lights lit,399060,93240,78.53335531,E01020471,1,2,0,0,Frost or ice,Single carriageway,None,30,17:00:00,Rural,Fine no high winds,No,16 - 20,10,Urban area,5,1391,None,None,Other/Not known (2005-10),Approaching junction or waiting/parked at junction approach,SEAT,IBIZA.COOL/S,Petrol,Male,Skidded,No tow/articulation,Did not leave carriageway,0,Going ahead left-hand bend,1,Car,No,Front,2019