Accident_Index,1st_Road_Class,1st_Road_Number,2nd_Road_Class,2nd_Road_Number,Accident_Severity,Carriageway_Hazards,Date,Day_of_Week,Did_Police_Officer_Attend_Scene_of_Accident,Junction_Control,Junction_Detail,Latitude,Light_Conditions,Location_Easting_OSGR,Location_Northing_OSGR,Longitude,LSOA_of_Accident_Location,Number_of_Casualties,Number_of_Vehicles,Pedestrian_Crossing-Human_Control,Pedestrian_Crossing-Physical_Facilities,Road_Surface_Conditions,Road_Type,Special_Conditions_at_Site,Speed_limit,Time,Urban_or_Rural_Area,Weather_Conditions,InScotland,Age_Band_of_Driver,Age_of_Vehicle,Driver_Home_Area_Type,Driver_IMD_Decile,Engine_Capacity_.CC.,Hit_Object_in_Carriageway,Hit_Object_off_Carriageway,Journey_Purpose_of_Driver,Junction_Location,make,model,Propulsion_Code,Sex_of_Driver,Skidding_and_Overturning,Towing_and_Articulation,Vehicle_Leaving_Carriageway,Vehicle_Location.Restricted_Lane,Vehicle_Manoeuvre,Vehicle_Reference,Vehicle_Type,Was_Vehicle_Left_Hand_Drive,X1st_Point_of_Impact,Year
201050ED2K014,B,3396,Unclassified,0,Slight,None,19-02-2020,Tuesday,1,Auto traffic signal,Other junction,27.10290492,Darkness - lights lit,245060,56010,93.62659353,E01015045,2,3,0,4,Dry,Single carriageway,None,30,20:19:00,Urban,Fine no high winds,No,16 - 20,10,Urban area,2,49,None,None,Other/Not known (2005-10),Approaching junction or waiting/parked at junction approach,PEUGEOT,SPEEDFIGHT,Petrol,Male,None,No tow/articulation,Did not leave carriageway,0,Slowing or stopping,1,Motorcycle 50cc and under,No,Front,2019
201043N161020,B,482,NA,0,Slight,None,11-08-2019,Tuesday,1,Data missing or out of range,Not at junction or within 20 metres,26.76789125,Darkness - lights lit,484420,187570,94.20993195,E01017890,1,2,0,0,Dry,Unknown,None,30,18:27:00,Urban,Fine no high winds,No,16 - 20,10,Small town,8,1124,None,None,Other/Not known (2005-10),Not at or within 20 metres of junction,CITROEN,SAXO FORTE,Petrol,Male,None,No tow/articulation,Did not leave carriageway,0,Going ahead other,1,Car,No,Front,2019
201001JC30139,A,1037,Unclassified,0,Slight,None,14-03-2010,Sunday,1,Give way or uncontrolled,T or staggered junction,51.62397,Darkness - lights lit,536950,193540,-0.022987,E01004361,3,2,0,0,Dry,Dual carriageway,None,40,00:30:00,Urban,Fine no high winds,No,16 - 20,10,Urban area,3,1242,None,None,Other/Not known (2005-10),Mid Junction - on roundabout or on main road,FIAT,PUNTO ELX 8V,Petrol,Male,None,No tow/articulation,Did not leave carriageway,0,Going ahead other,2,Car,No,Front,2010
201001KD50155,A,125,Unclassified,0,Slight,None,26-03-2010,Friday,1,Give way or uncontrolled,T or staggered junction,51.533555,Darkness - lights lit,551440,183890,0.182025,E01002375,2,2,0,4,Dry,Single carriageway,None,30,19:12:00,Urban,Fine no high winds,No,16 - 20,10,Urban area,2,973,None,None,Other/Not known (2005-10),Mid Junction - on roundabout or on main road,VAUXHALL,CORSA GLS 12V,Petrol,Male,None,No tow/articulation,Did not leave carriageway,0,Turning right,1,Car,No,Nearside,2010
201001KD50593,Unclassified,0,NA,0,Slight,None,03-11-2010,Wednesday,1,Data missing or out of range,Not at junction or within 20 metres,51.516199,Darkness - lights lit,551830,181970,0.186817,E01002344,2,2,0,0,Dry,Single carriageway,None,30,20:30:00,Urban,Fine no high winds,No,16 - 20,10,Urban area,7,1299,None,None,Other/Not known (2005-10),Not at or within 20 metres of junction,FORD,KA 2,Petrol,Male,None,No tow/articulation,Did not leave carriageway,0,Going ahead left-hand bend,2,Car,No,Front,2010
201001KF60834,B,109,NA,0,Slight,None,26-12-2010,Sunday,1,Data missing or out of range,Not at junction or within 20 metres,51.538695,Darkness - lights lit,541670,184180,0.041379,E01003565,1,3,0,0,Dry,Single carriageway,None,30,22:27:00,Urban,Fine no high winds,No,16 - 20,10,Urban area,2,998,Parked vehicle,None,Other/Not known (2005-10),Not at or within 20 metres of junction,TOYOTA,YARIS GS,Petrol,Male,None,No tow/articulation,Did not leave carriageway,0,Going ahead other,1,Car,No,Front,2010
201001PY20086,Unclassified,0,Unclassified,0,Slight,None,20-02-2010,Saturday,1,Give way or uncontrolled,Mini-roundabout,51.408628,Darkness - lights lit,546430,169840,0.104027,E01000737,1,2,0,0,Dry,Single carriageway,None,30,20:14:00,Urban,Fine no high winds,No,16 - 20,10,Data missing or out of range,NA,2926,None,None,Other/Not known (2005-10),Mid Junction - on roundabout or on main road,BMW,330 D SE,Heavy oil,Male,None,No tow/articulation,Did not leave carriageway,0,Going ahead other,1,Car,No,Front,2010
201001SX21097,B,550,Unclassified,0,Slight,None,07-10-2010,Thursday,1,Give way or uncontrolled,T or staggered junction,51.616024,Darkness - lights lit,527540,192410,-0.15926,E01000159,1,2,0,0,Dry,Single carriageway,None,30,23:38:00,Urban,Fine no high winds,No,16 - 20,10,Urban area,8,124,None,None,Other/Not known (2005-10),Mid Junction - on roundabout or on main road,PIAGGIO,TYPHOON 125,Petrol,Male,None,No tow/articulation,Did not leave carriageway,0,Turning right,2,Motorcycle 50cc and under,No,Back,2010
201037L017923,A,1144,Unclassified,6001,Slight,None,13-03-2010,Saturday,1,Give way or uncontrolled,T or staggered junction,52.482733,Darkness - lights lit,654570,293810,1.747872,E01030246,1,2,0,0,Dry,Single carriageway,None,30,21:10:00,Urban,Fine no high winds,No,16 - 20,10,Small town,4,1997,None,None,Other/Not known (2005-10),Mid Junction - on roundabout or on main road,PEUGEOT,206 DTURBO HDI (90),Heavy oil,Male,None,No tow/articulation,Did not leave carriageway,0,Going ahead other,2,Car,No,Nearside,2010
2010400C02432,Unclassified,0,Unclassified,0,Slight,None,18-08-2010,Wednesday,1,Auto traffic signal,T or staggered junction,51.908164,Darkness - lights lit,508960,224480,-0.417458,E01015694,2,2,0,4,Dry,Single carriageway,None,30,23:44:00,Urban,Fine no high winds,No,16 - 20,10,Urban area,2,1242,None,None,Other/Not known (2005-10),Mid Junction - on roundabout or on main road,FORD,FIESTA GHIA 16V,Petrol,Male,None,No tow/articulation,Did not leave carriageway,0,Going ahead other,2,Car,No,Front,2010
20104100A0608,A,1184,NA,0,Slight,None,18-09-2010,Saturday,1,Not at junction or within 20 metres,Not at junction or within 20 metres,51.828936,Darkness - lights lit,548570,216680,0.154622,E01023499,3,2,0,0,Dry,Single carriageway,None,40,01:53:00,Rural,Fine no high winds,No,16 - 20,10,Data missing or out of range,NA,1761,Kerb,Tree,Other/Not known (2005-10),Not at or within 20 metres of junction,PEUGEOT,306 XS,Petrol,Male,Overturned,No tow/articulation,Offside,0,Going ahead right-hand bend,1,Car,No,Offside,2010
201042I257008,Motorway,25,NA,0,Slight,None,15-08-2010,Sunday,1,Not at junction or within 20 metres,Not at junction or within 20 metres,51.653268,Darkness - lights lit,551650,197220,0.190807,E01021800,1,2,0,0,Dry,Dual carriageway,Roadworks,70,22:45:00,Rural,Fine no high winds,No,16 - 20,10,Small town,9,993,None,None,Other/Not known (2005-10),Not at or within 20 metres of junction,SUZUKI,SWIFT CIRRUS,Petrol,Male,Skidded,No tow/articulation,Did not leave carriageway,0,Going ahead other,1,Car,No,Front,2010
201043N161020,B,482,NA,0,Slight,None,09-02-2010,Tuesday,1,Data missing or out of range,Not at junction or within 20 metres,51.580627,Darkness - lights lit,484420,187570,-0.783047,E01017890,1,2,0,0,Dry,Unknown,None,30,18:27:00,Urban,Fine no high winds,No,16 - 20,10,Small town,8,1124,None,None,Other/Not known (2005-10),Not at or within 20 metres of junction,CITROEN,SAXO FORTE,Petrol,Male,None,No tow/articulation,Did not leave carriageway,0,Going ahead other,1,Car,No,Front,2010
201043R027110,A,30,Unclassified,7412,Slight,None,05-11-2010,Friday,1,Auto traffic signal,T or staggered junction,51.392437,Darkness - lights lit,495440,166830,-0.629651,E01016603,1,3,0,5,Wet or damp,Single carriageway,None,30,17:13:00,Urban,Fine no high winds,No,16 - 20,10,Urban area,6,1199,None,None,Commuting to/from work,Approaching junction or waiting/parked at junction approach,VAUXHALL,CORSA CLUB 16V,Petrol,Male,None,No tow/articulation,Did not leave carriageway,0,Going ahead other,1,Car,No,Front,2010
201043R156010,A,329,NA,0,Slight,None,23-01-2010,Saturday,1,Data missing or out of range,Not at junction or within 20 metres,51.417655,Darkness - lights lit,487330,169490,-0.74553,E01016249,1,1,0,0,Dry,Dual carriageway,None,40,23:43:00,Urban,Fine no high winds,No,16 - 20,10,Urban area,10,1360,Kerb,Lamp post,Other/Not known (2005-10),Not at or within 20 metres of junction,CITROEN,XSARA FORTE,Petrol,Male,Skidded,No tow/articulation,Offside on to centrl res + rebounded,0,Turning left,1,Car,No,Front,2010
201043S102070,C,8006,C,15,Slight,None,24-07-2010,Saturday,1,Give way or uncontrolled,Roundabout,52.039304,Darkness - lights lit,485840,238620,-0.749925,E01016730,1,3,0,0,Dry,Roundabout,None,70,02:48:00,Urban,Fine no high winds,No,16 - 20,10,Small town,8,1298,None,None,Other/Not known (2005-10),Entering roundabout,SUZUKI,SWIFT GLX AUTO,Petrol,Male,None,No tow/articulation,Did not leave carriageway,0,Turning right,2,Car,No,Front,2010
201043W214090,B,3349,Unclassified,7502,Slight,None,25-09-2010,Saturday,1,Give way or uncontrolled,Mini-roundabout,51.39854,Darkness - lights lit,478480,167220,-0.873274,E01016612,3,2,0,0,Dry,Roundabout,None,40,02:22:00,Urban,Fine no high winds,No,16 - 20,10,Urban area,10,1360,None,Road sign or traffic signal,Other/Not known (2005-10),Leaving roundabout,PEUGEOT,206 GLX,Petrol,Male,None,No tow/articulation,Offside,0,Slowing or stopping,2,Car,No,Front,2010
201045SP47996,A,308,NA,0,Slight,None,17-01-2010,Sunday,1,Data missing or out of range,Not at junction or within 20 metres,51.42388,Darkness - lights lit,507130,170560,-0.460567,E01030721,1,1,0,0,Flood over 3cm. deep,Dual carriageway,None,30,00:01:00,Rural,Fine no high winds,No,16 - 20,10,Urban area,4,1124,None,Other permanent object,Other/Not known (2005-10),Not at or within 20 metres of junction,CITROEN,SAXO FORTE,Petrol,Male,Skidded,No tow/articulation,Nearside and rebounded,0,Going ahead other,1,Car,No,Front,2010
201050BB2G003,A,389,Unclassified,0,Slight,None,17-03-2010,Wednesday,1,Give way or uncontrolled,T or staggered junction,50.472222,Darkness - lights lit,206620,67160,-4.726645,E01018928,1,1,0,0,Dry,Single carriageway,None,30,22:05:00,Urban,Fine no high winds,No,16 - 20,10,Data missing or out of range,NA,1120,None,None,Other/Not known (2005-10),Approaching junction or waiting/parked at junction approach,ROVER,211I E 8V,Petrol,Male,None,No tow/articulation,Did not leave carriageway,0,Going ahead right-hand bend,1,Car,No,Front,2010
201050ED2K014,B,3396,Unclassified,0,Slight,None,23-11-2010,Tuesday,1,Auto traffic signal,Other junction,50.383447,Darkness - lights lit,245060,56010,-4.180778,E01015045,2,3,0,4,Dry,Single carriageway,None,30,20:19:00,Urban,Fine no high winds,No,16 - 20,10,Urban area,2,49,None,None,Other/Not known (2005-10),Approaching junction or waiting/parked at junction approach,PEUGEOT,SPEEDFIGHT,Petrol,Male,None,No tow/articulation,Did not leave carriageway,0,Slowing or stopping,1,Motorcycle 50cc and under,No,Front,2010
201050EP2G001,Unclassified,0,Unclassified,0,Slight,None,04-02-2010,Thursday,2,Give way or uncontrolled,T or staggered junction,50.387315,Darkness - lights lit,255660,56140,-4.031831,E01015107,1,2,0,0,Dry,Single carriageway,None,30,18:40:00,Urban,Fine no high winds,No,16 - 20,10,Urban area,9,124,None,None,Other/Not known (2005-10),Approaching junction or waiting/parked at junction approach,PIAGGIO,TYPHOON 125,Petrol,Male,Skidded,No tow/articulation,Did not leave carriageway,0,Going ahead other,2,Motorcycle 125cc and under,No,Front,2010
201050KE2C019,Unclassified,0,NA,0,Slight,None,03-10-2010,Sunday,1,Not at junction or within 20 metres,Not at junction or within 20 metres,50.613081,Darkness - lights lit,300320,80220,-3.41027,E01019913,1,2,0,0,Dry,Single carriageway,None,30,21:27:00,Urban,Fine no high winds,No,16 - 20,10,Urban area,6,1587,None,None,Other/Not known (2005-10),Not at or within 20 metres of junction,CITROEN,SAXO VTR,Petrol,Male,None,No tow/articulation,Did not leave carriageway,0,Going ahead other,1,Car,No,Did not impact,2010
201054DE06110,Unclassified,0,A,4312,Slight,None,02-03-2010,Tuesday,1,Auto traffic signal,T or staggered junction,51.566544,Darkness - lights lit,416930,185330,-1.757153,E01015575,1,3,0,0,Dry,Single carriageway,None,30,17:39:00,Urban,Fine no high winds,No,16 - 20,10,Urban area,1,1360,None,None,Commuting to/from work,Approaching junction or waiting/parked at junction approach,PEUGEOT,206 GLX,Petrol,Male,None,No tow/articulation,Did not leave carriageway,0,Waiting to turn left,1,Car,No,Front,2010
201054DN40910,B,4006,NA,0,Slight,None,11-12-2010,Saturday,1,Not at junction or within 20 metres,Not at junction or within 20 metres,51.58324,Darkness - lights lit,414710,187180,-1.789105,E01015527,2,1,0,0,Wet or damp,Single carriageway,None,30,17:31:00,Urban,Fine no high winds,No,16 - 20,10,Urban area,9,1679,None,Tree,Other/Not known (2005-10),Not at or within 20 metres of junction,FORD,PUMA 1.7 16V,Petrol,Male,None,No tow/articulation,Nearside and rebounded,0,Going ahead other,1,Car,No,Offside,2010
2010550C24542,Unclassified,0,Unclassified,0,Slight,None,12-06-2010,Saturday,1,Give way or uncontrolled,T or staggered junction,50.760894,Darkness - lights lit,405230,95710,-1.927234,E01015308,3,2,0,0,Dry,Single carriageway,None,30,21:55:00,Urban,Fine no high winds,No,16 - 20,10,Urban area,3,1400,None,None,Other/Not known (2005-10),Entering main road,VOLKSWAGEN,POLO 16V,Petrol,Male,None,No tow/articulation,Did not leave carriageway,0,Turning right,2,Car,No,Offside,2010
2010550C40724,Unclassified,0,NA,0,Slight,None,16-09-2010,Thursday,1,Not at junction or within 20 metres,Not at junction or within 20 metres,50.757472,Darkness - lights lit,411810,95340,-1.833952,E01015341,1,2,0,0,Dry,Single carriageway,None,30,23:50:00,Rural,Fine no high winds,No,16 - 20,10,Urban area,2,49,None,None,Other/Not known (2005-10),Not at or within 20 metres of junction,SUZUKI,UF 50,Petrol,Male,None,No tow/articulation,Did not leave carriageway,0,Going ahead other,1,Motorcycle 50cc and under,No,Nearside,2010
2010550C53708,B,3067,Unclassified,0,Slight,None,05-12-2010,Sunday,1,Give way or uncontrolled,T or staggered junction,50.738704,Darkness - lights lit,399060,93240,-2.014707,E01020471,1,2,0,0,Frost or ice,Single carriageway,None,30,17:00:00,Rural,Fine no high winds,No,16 - 20,10,Urban area,5,1391,None,None,Other/Not known (2005-10),Approaching junction or waiting/parked at junction approach,SEAT,IBIZA.COOL/S,Petrol,Male,Skidded,No tow/articulation,Did not leave carriageway,0,Going ahead left-hand bend,1,Car,No,Front,2010
201060L043755,Unclassified,0,NA,0,Slight,None,14-03-2010,Sunday,1,Data missing or out of range,Not at junction or within 20 metres,53.052296,Darkness - lights lit,334460,351010,-2.979245,W01000393,1,3,0,0,Dry,Single carriageway,None,30,19:20:00,Urban,Fine no high winds,No,16 - 20,10,Urban area,NA,1360,None,None,Other/Not known (2005-10),Not at or within 20 metres of junction,PEUGEOT,206 GLX,Petrol,Male,None,No tow/articulation,Did not leave carriageway,0,Going ahead other,1,Car,No,Front,2010
201060L081651,B,4545,NA,0,Slight,None,11-05-2010,Tuesday,1,Data missing or out of range,Not at junction or within 20 metres,53.288251,Darkness - lights lit,225260,380020,-4.622966,W01000040,1,1,0,0,Dry,Single carriageway,None,30,04:15:00,Rural,Fine no high winds,No,16 - 20,10,Urban area,NA,1390,Kerb,Other permanent object,Other/Not known (2005-10),Not at or within 20 metres of junction,RENAULT,CLIO ALIZE,Petrol,Male,Skidded,No tow/articulation,Offside and rebounded,0,Going ahead other,1,Car,No,Front,2010
201001JC30139,A,1037,Unclassified,0,Slight,None,14-03-2010,Sunday,1,Give way or uncontrolled,T or staggered junction,51.62397,Darkness - lights lit,536950,193540,-0.022987,E01004361,3,2,0,0,Dry,Dual carriageway,None,40,00:30:00,Urban,Fine no high winds,No,16 - 20,10,Urban area,3,1242,None,None,Other/Not known (2005-10),Mid Junction - on roundabout or on main road,FIAT,PUNTO ELX 8V,Petrol,Male,None,No tow/articulation,Did not leave carriageway,0,Going ahead other,2,Car,No,Front,2010
201001KD50155,A,125,Unclassified,0,Slight,None,26-03-2010,Friday,1,Give way or uncontrolled,T or staggered junction,51.533555,Darkness - lights lit,551440,183890,0.182025,E01002375,2,2,0,4,Dry,Single carriageway,None,30,19:12:00,Urban,Fine no high winds,No,16 - 20,10,Urban area,2,973,None,None,Other/Not known (2005-10),Mid Junction - on roundabout or on main road,VAUXHALL,CORSA GLS 12V,Petrol,Male,None,No tow/articulation,Did not leave carriageway,0,Turning right,1,Car,No,Nearside,2010
201001KD50593,Unclassified,0,NA,0,Slight,None,03-11-2010,Wednesday,1,Data missing or out of range,Not at junction or within 20 metres,51.516199,Darkness - lights lit,551830,181970,0.186817,E01002344,2,2,0,0,Dry,Single carriageway,None,30,20:30:00,Urban,Fine no high winds,No,16 - 20,10,Urban area,7,1299,None,None,Other/Not known (2005-10),Not at or within 20 metres of junction,FORD,KA 2,Petrol,Male,None,No tow/articulation,Did not leave carriageway,0,Going ahead left-hand bend,2,Car,No,Front,2010
201001KF60834,B,109,NA,0,Slight,None,26-12-2010,Sunday,1,Data missing or out of range,Not at junction or within 20 metres,51.538695,Darkness - lights lit,541670,184180,0.041379,E01003565,1,3,0,0,Dry,Single carriageway,None,30,22:27:00,Urban,Fine no high winds,No,16 - 20,10,Urban area,2,998,Parked vehicle,None,Other/Not known (2005-10),Not at or within 20 metres of junction,TOYOTA,YARIS GS,Petrol,Male,None,No tow/articulation,Did not leave carriageway,0,Going ahead other,1,Car,No,Front,2010
201001PY20086,Unclassified,0,Unclassified,0,Slight,None,20-02-2010,Saturday,1,Give way or uncontrolled,Mini-roundabout,51.408628,Darkness - lights lit,546430,169840,0.104027,E01000737,1,2,0,0,Dry,Single carriageway,None,30,20:14:00,Urban,Fine no high winds,No,16 - 20,10,Data missing or out of range,NA,2926,None,None,Other/Not known (2005-10),Mid Junction - on roundabout or on main road,BMW,330 D SE,Heavy oil,Male,None,No tow/articulation,Did not leave carriageway,0,Going ahead other,1,Car,No,Front,2010
201001SX21097,B,550,Unclassified,0,Slight,None,07-10-2010,Thursday,1,Give way or uncontrolled,T or staggered junction,51.616024,Darkness - lights lit,527540,192410,-0.15926,E01000159,1,2,0,0,Dry,Single carriageway,None,30,23:38:00,Urban,Fine no high winds,No,16 - 20,10,Urban area,8,124,None,None,Other/Not known (2005-10),Mid Junction - on roundabout or on main road,PIAGGIO,TYPHOON 125,Petrol,Male,None,No tow/articulation,Did not leave carriageway,0,Turning right,2,Motorcycle 50cc and under,No,Back,2010
201001VW40058,A,239,Unclassified,0,Slight,None,23-02-2010,Tuesday,1,Give way or uncontrolled,T or staggered junction,51.399399,Darkness - lights lit,527710,168310,-0.165527,E01003375,1,2,0,0,Wet or damp,Single carriageway,None,30,17:50:00,Urban,Fine no high winds,No,16 - 20,10,Urban area,6,1360,None,None,Other/Not known (2005-10),Mid Junction - on roundabout or on main road,PEUGEOT,206 GLX,Petrol,Male,None,No tow/articulation,Did not leave carriageway,0,Slowing or stopping,2,Car,No,Front,2010
201001VW40297,Unclassified,0,Unclassified,0,Slight,None,30-07-2010,Friday,1,Give way or uncontrolled,Mini-roundabout,51.428372,Darkness - lights lit,524320,171450,-0.213134,E01003465,1,1,0,0,Dry,Single carriageway,None,30,22:27:00,Urban,Fine no high winds,No,16 - 20,10,Urban area,5,124,Kerb,Road sign or traffic signal,Other/Not known (2005-10),Mid Junction - on roundabout or on main road,HONDA,,Petrol,Male,None,No tow/articulation,Nearside,0,Going ahead other,1,Motorcycle 125cc and under,No,Front,2010
201001YE80132,A,105,Unclassified,0,Slight,None,20-02-2010,Saturday,1,Give way or uncontrolled,T or staggered junction,51.625773,Darkness - lights lit,531650,193600,-0.099484,E01001563,1,1,0,0,Dry,Single carriageway,None,30,23:45:00,Urban,Fine no high winds,No,16 - 20,10,Urban area,5,1400,None,None,Other/Not known (2005-10),Approaching junction or waiting/parked at junction approach,VOLKSWAGEN,POLO S,Petrol,Male,None,No tow/articulation,Did not leave carriageway,0,Going ahead other,1,Car,No,Front,2010
201001YE80740,A,10,Unclassified,0,Slight,None,24-10-2010,Sunday,1,Give way or uncontrolled,T or staggered junction,51.608823,Darkness - lights lit,532650,191740,-0.085749,E01001553,1,1,0,4,Dry,Dual carriageway,None,40,03:06:00,Urban,Fine no high winds,No,16 - 20,10,Urban area,3,973,None,None,Other/Not known (2005-10),Cleared junction or waiting/parked at junction exit,VAUXHALL,CORSA GLS 12V,Petrol,Male,None,No tow/articulation,Did not leave carriageway,0,Going ahead other,1,Car,No,Front,2010
201001YE80848,A,10,A,105,Slight,None,23-11-2010,Tuesday,1,Auto traffic signal,Crossroads,51.679836,Darkness - lights lit,534830,199700,-0.051221,E01001412,1,2,0,5,Dry,Dual carriageway,None,50,16:40:00,Urban,Fine no high winds,No,16 - 20,10,Urban area,10,1400,None,None,Other/Not known (2005-10),Approaching junction or waiting/parked at junction approach,VOLKSWAGEN,POLO S,Petrol,Male,None,No tow/articulation,Did not leave carriageway,0,Turning right,1,Car,No,Front,2010
201001YR90867,A,1080,A,105,Slight,None,12-12-2010,Sunday,1,Auto traffic signal,Crossroads,51.590403,Darkness - lights lit,531490,189660,-0.103271,E01002085,1,3,0,0,Dry,Single carriageway,None,30,16:58:00,Urban,Fine no high winds,No,16 - 20,10,Urban area,3,1895,None,None,Commuting to/from work,Approaching junction or waiting/parked at junction approach,BMW,316I SE COMPACT,Petrol,Male,None,No tow/articulation,Did not leave carriageway,0,Slowing or stopping,2,Car,No,Back,2010
201004BC10177,A,588,NA,0,Slight,None,15-08-2010,Sunday,1,Data missing or out of range,Not at junction or within 20 metres,53.897862,Darkness - lights lit,337710,445050,-2.949447,E01025565,1,3,0,0,Dry,Single carriageway,None,30,20:30:00,Rural,Fine no high winds,No,16 - 20,10,Rural,7,1124,None,None,Commuting to/from work,Not at or within 20 metres of junction,CITROEN,SAXO FORTE,Petrol,Male,None,No tow/articulation,Did not leave carriageway,0,Going ahead other,1,Car,No,Front,2010
201004CA10073,Unclassified,0,Unclassified,0,Slight,None,22-07-2010,Thursday,1,Give way or uncontrolled,Roundabout,53.633335,Darkness - lights lit,358030,415390,-2.636191,E01024944,3,2,0,0,Dry,Single carriageway,None,30,22:27:00,Urban,Fine no high winds,No,16 - 20,10,Urban area,8,1896,None,Tree,Other/Not known (2005-10),Mid Junction - on roundabout or on main road,VOLKSWAGEN,BORA SE TDI,Heavy oil,Male,None,No tow/articulation,Nearside,0,Turning right,2,Car,No,Front,2010
201004CM10021,Unclassified,0,Unclassified,0,Slight,None,30-01-2010,Saturday,1,Give way or uncontrolled,Other junction,53.74229,Darkness - lights lit,352060,427570,-2.728355,E01025408,3,2,0,0,Wet or damp,Single carriageway,None,30,18:55:00,Urban,Fine no high winds,No,16 - 20,10,Urban area,9,1686,None,None,Other/Not known (2005-10),Cleared junction or waiting/parked at junction exit,VAUXHALL,ASTRA ENVOY DTI,Heavy oil,Male,Skidded,No tow/articulation,Offside,0,Overtaking moving vehicle - offside,2,Car,No,Front,2010
201004EM10010,B,6535,Unclassified,0,Slight,None,27-03-2010,Saturday,1,Give way or uncontrolled,T or staggered junction,53.782632,Darkness - lights lit,373100,431890,-2.409734,E01025060,1,2,0,0,Dry,Single carriageway,None,30,22:29:00,Urban,Fine no high winds,No,16 - 20,10,Small town,2,899,None,None,Other/Not known (2005-10),Entering main road,FIAT,SEICENTO SX,Petrol,Male,None,No tow/articulation,Did not leave carriageway,0,Turning left,1,Car,No,Front,2010
201004EN10019,A,680,A,671,Slight,None,15-02-2010,Monday,1,Auto traffic signal,Other junction,53.812098,Darkness - lights lit,374590,435160,-2.387392,E01025350,3,1,0,0,Wet or damp,Single carriageway,None,60,04:20:00,Rural,Fine no high winds,No,16 - 20,10,Rural,8,1149,Kerb,Other permanent object,Other/Not known (2005-10),Approaching junction or waiting/parked at junction approach,RENAULT,CLIO MTV,Petrol,Male,Skidded and overturned,No tow/articulation,Nearside,0,Going ahead other,1,Car,No,Front,2010
201004FA10013,A,646,Unclassified,0,Slight,None,14-02-2010,Sunday,1,Give way or uncontrolled,Other junction,53.766074,Darkness - lights lit,386380,429990,-2.208107,E01024870,1,2,0,0,Wet or damp,Single carriageway,None,30,20:40:00,Rural,Fine no high winds,No,16 - 20,10,Data missing or out of range,NA,973,None,Other permanent object,Other/Not known (2005-10),Leaving main road,VAUXHALL,CORSA CLUB 12V,Petrol,Male,None,No tow/articulation,Nearside,0,Turning right,1,Car,No,Offside,2010
201004TA10026,Motorway,61,Unclassified,0,Slight,None,19-02-2010,Friday,1,Give way or uncontrolled,Slip road,53.711294,Darkness - lights lit,358460,424060,-2.630852,E01024921,2,2,0,0,Wet or damp,Dual carriageway,None,70,18:59:00,Rural,Fine no high winds,No,16 - 20,10,Rural,5,1896,None,None,Other/Not known (2005-10),Entering from slip road,VOLKSWAGEN,BORA SE TDI,Heavy oil,Male,None,No tow/articulation,Did not leave carriageway,0,Changing lane to right,1,Car,No,Did not impact,2010
201005FF06263,Unclassified,0,NA,0,Slight,None,31-10-2010,Sunday,1,Data missing or out of range,Not at junction or within 20 metres,53.339355,Darkness - lights lit,343740,382830,-2.84643,E01006753,1,1,0,0,Wet or damp,Single carriageway,None,30,18:40:00,Urban,Fine no high winds,No,16 - 20,10,Urban area,1,1587,None,None,Other/Not known (2005-10),Not at or within 20 metres of junction,CITROEN,XSARA FORTE,Petrol,Male,None,No tow/articulation,Did not leave carriageway,0,Going ahead other,1,Car,No,Front,2010
201006B033829,A,6,C,0,Slight,None,11-07-2010,Sunday,1,Auto traffic signal,T or staggered junction,53.473013,Darkness - lights lit,384880,397390,-2.229269,E01005065,2,2,0,5,Dry,Dual carriageway,None,30,22:25:00,Urban,Fine no high winds,No,16 - 20,10,Urban area,4,1124,Kerb,None,Other/Not known (2005-10),Approaching junction or waiting/parked at junction approach,PEUGEOT,106 INDEPENDENCE,Petrol,Male,None,No tow/articulation,Offside - crossed central reservation,0,Turning left,1,Car,No,Front,2010
201006C026994,A,34,NA,0,Slight,None,25-01-2010,Monday,1,Data missing or out of range,Not at junction or within 20 metres,53.438449,Darkness - lights lit,386430,393540,-2.20575,E01005217,1,2,0,0,Wet or damp,Dual carriageway,None,40,00:10:00,Urban,Fine no high winds,No,16 - 20,10,Urban area,1,1242,None,None,Other/Not known (2005-10),Not at or within 20 metres of junction,FIAT,PUNTO 1.2,Petrol,Male,None,No tow/articulation,Did not leave carriageway,0,Changing lane to right,1,Car,No,Did not impact,2010
201006G039540,C,0,Unclassified,0,Slight,None,21-11-2010,Sunday,1,Give way or uncontrolled,Crossroads,53.475468,Darkness - lights lit,389770,397650,-2.155606,E01005999,1,3,0,0,Dry,Single carriageway,None,30,17:45:00,Urban,Fine no high winds,No,16 - 20,10,Urban area,1,125,None,None,Other/Not known (2005-10),Approaching junction or waiting/parked at junction approach,APRILIA,,Petrol,Male,Skidded,No tow/articulation,Did not leave carriageway,0,Going ahead other,1,Motorcycle over 500cc,No,Front,2010
201006Q029193,C,0,NA,0,Slight,None,17-03-2010,Wednesday,1,Data missing or out of range,Not at junction or within 20 metres,53.560947,Darkness - lights lit,396260,407150,-2.057939,E01005416,2,3,0,0,Dry,Single carriageway,None,30,21:50:00,Rural,Fine no high winds,No,16 - 20,10,Urban area,1,1242,None,Other permanent object,Other/Not known (2005-10),Not at or within 20 metres of junction,FIAT,PUNTO ELX 8V,Petrol,Male,Overturned,No tow/articulation,Offside and rebounded,0,Going ahead left-hand bend,1,Car,No,Front,2010