Accident_Index,1st_Road_Class,1st_Road_Number,2nd_Road_Class,2nd_Road_Number,Accident_Severity,Carriageway_Hazards,Date,Day_of_Week,Did_Police_Officer_Attend_Scene_of_Accident,Junction_Control,Junction_Detail,Latitude,Light_Conditions,Location_Easting_OSGR,Location_Northing_OSGR,Longitude,LSOA_of_Accident_Location,Number_of_Casualties,Number_of_Vehicles,Pedestrian_Crossing-Human_Control,Pedestrian_Crossing-Physical_Facilities,Road_Surface_Conditions,Road_Type,Special_Conditions_at_Site,Speed_limit,Time,Urban_or_Rural_Area,Weather_Conditions,InScotland,Age_Band_of_Driver,Age_of_Vehicle,Driver_Home_Area_Type,Driver_IMD_Decile,Engine_Capacity_.CC.,Hit_Object_in_Carriageway,Hit_Object_off_Carriageway,Journey_Purpose_of_Driver,Junction_Location,make,model,Propulsion_Code,Sex_of_Driver,Skidding_and_Overturning,Towing_and_Articulation,Vehicle_Leaving_Carriageway,Vehicle_Location.Restricted_Lane,Vehicle_Manoeuvre,Vehicle_Reference,Vehicle_Type,Was_Vehicle_Left_Hand_Drive,X1st_Point_of_Impact,Year
201001KF60758,Unclassified,0,NA,0,Slight,None,22-11-2010,Monday,1,Data missing or out of range,Not at junction or within 20 metres,51.533951,Daylight,542310,183670,0.050395,E01003525,2,1,0,0,Dry,Single carriageway,None,30,12:03:00,Urban,Fine no high winds,No,16 - 20,10,Urban area,2,1360,None,None,Other/Not known (2005-10),Not at or within 20 metres of junction,CITROEN,SAXO FURIO,Petrol,Male,None,No tow/articulation,Did not leave carriageway,0,Reversing,1,Car,No,Back,2010
201001LX50062,Unclassified,0,Unclassified,0,Slight,None,02-02-2010,Tuesday,1,Give way or uncontrolled,Private drive or entrance,51.42599,Daylight,530130,171330,-0.129651,E01003150,1,2,0,0,Wet or damp,Single carriageway,None,30,14:40:00,Urban,Fine no high winds,No,16 - 20,10,Urban area,3,49,None,None,Other/Not known (2005-10),Mid Junction - on roundabout or on main road,PIAGGIO,ZIP,Petrol,Male,None,No tow/articulation,Did not leave carriageway,0,Going ahead other,1,Motorcycle 50cc and under,No,Nearside,2010
201001LX50957,Unclassified,0,NA,0,Slight,None,17-10-2010,Sunday,1,Data missing or out of range,Not at junction or within 20 metres,51.423183,Daylight,529830,171010,-0.134081,E01003114,1,1,0,0,Dry,Single carriageway,None,30,15:00:00,Urban,Fine no high winds,No,16 - 20,10,Urban area,3,124,None,None,Other/Not known (2005-10),Not at or within 20 metres of junction,PIAGGIO,TYPHOON 125,Petrol,Male,None,No tow/articulation,Did not leave carriageway,0,Moving off,1,Motorcycle 125cc and under,No,Did not impact,2010
201001PY20510,Unclassified,0,NA,0,Slight,None,29-08-2010,Sunday,1,Data missing or out of range,Not at junction or within 20 metres,51.414434,Daylight,536850,170220,-0.03348,E01000711,3,1,0,0,Dry,Single carriageway,None,30,11:20:00,Urban,Fine no high winds,No,16 - 20,10,Urban area,8,1794,Kerb,Other permanent object,Other/Not known (2005-10),Not at or within 20 metres of junction,TOYOTA,MR2 ROADSTER VVTI,Petrol,Male,Skidded,No tow/articulation,Nearside,0,Going ahead other,1,Car,No,Front,2010
201001RY10066,A,2,NA,0,Slight,None,12-01-2010,Tuesday,1,Data missing or out of range,Not at junction or within 20 metres,51.446433,Daylight,549960,174150,0.156568,E01000331,1,1,0,0,Frost or ice,Dual carriageway,None,50,11:58:00,Rural,Fine no high winds,No,16 - 20,10,Urban area,9,796,Kerb,Central crash barrier,Other/Not known (2005-10),Not at or within 20 metres of junction,DAEWOO,MATIZ SE,Petrol,Male,None,No tow/articulation,Offside on to centrl res + rebounded,0,Going ahead other,1,Car,No,Front,2010
201001SX20492,B,550,Unclassified,0,Slight,None,13-05-2010,Thursday,1,Give way or uncontrolled,Private drive or entrance,51.611295,Daylight,527790,191890,-0.15584,E01000162,1,3,0,0,Dry,Single carriageway,None,30,18:50:00,Urban,Fine no high winds,No,16 - 20,10,Urban area,7,100,None,None,Other/Not known (2005-10),Mid Junction - on roundabout or on main road,PEUGEOT,SPEEDFIGHT 100,Petrol,Male,None,No tow/articulation,Did not leave carriageway,0,Going ahead other,2,Motorcycle 125cc and under,No,Front,2010
201034WN12590,A,4500,Unclassified,7005,Slight,None,13-03-2010,Saturday,1,Give way or uncontrolled,T or staggered junction,52.240767,Daylight,473840,260840,-0.920022,E01027237,1,2,0,4,Dry,Single carriageway,None,30,16:00:00,Urban,Fine no high winds,No,16 - 20,10,Urban area,9,1149,None,None,Other/Not known (2005-10),Cleared junction or waiting/parked at junction exit,RENAULT,CLIO MTV,Petrol,Male,None,No tow/articulation,Did not leave carriageway,0,Going ahead other,1,Car,No,Front,2010
201036T100118,Unclassified,0,Unclassified,0,Slight,None,11-09-2010,Saturday,1,Give way or uncontrolled,Roundabout,52.653644,Daylight,615570,310980,1.185687,E01026923,1,2,0,0,Dry,Roundabout,None,30,15:54:00,Rural,Fine no high winds,No,16 - 20,10,Data missing or out of range,NA,49,None,None,Other/Not known (2005-10),Entering roundabout,PIAGGIO,ZIP,Petrol,Male,None,No tow/articulation,Did not leave carriageway,0,Turning right,2,Motorcycle 50cc and under,No,Front,2010
201037B044655,C,550,NA,0,Slight,None,03-04-2010,Saturday,1,Data missing or out of range,Not at junction or within 20 metres,52.365299,Daylight,607020,278490,1.03927,E01030054,1,2,0,0,Wet or damp,Single carriageway,None,60,12:52:00,Rural,Fine no high winds,No,16 - 20,10,Rural,7,1400,None,None,Other/Not known (2005-10),Not at or within 20 metres of junction,VOLKSWAGEN,PICK-UP,Heavy oil,Male,None,No tow/articulation,Nearside,0,Going ahead other,2,Car,No,Offside,2010
201037B044810,B,1061,NA,0,Slight,None,26-04-2010,Monday,1,Data missing or out of range,Not at junction or within 20 metres,52.086848,Daylight,570230,246080,0.483211,E01030122,1,1,0,0,Wet or damp,Single carriageway,None,60,09:30:00,Rural,Fine no high winds,No,16 - 20,10,Rural,6,1149,None,Entered ditch,Commuting to/from work,Not at or within 20 metres of junction,RENAULT,CLIO LIBERTE,Petrol,Male,Skidded and overturned,No tow/articulation,Nearside,0,Going ahead left-hand bend,1,Car,No,Back,2010
201037B046502,A,1120,Unclassified,0,Slight,None,22-12-2010,Wednesday,1,Give way or uncontrolled,Private drive or entrance,52.181298,Daylight,606420,257970,1.017922,E01030074,1,1,0,0,Frost or ice,Dual carriageway,None,50,12:25:00,Rural,Fine no high winds,No,16 - 20,10,Urban area,1,1360,None,Lamp post,Other/Not known (2005-10),Approaching junction or waiting/parked at junction approach,PEUGEOT,206 GLX AUTO,Petrol,Male,Skidded,No tow/articulation,Nearside,0,Going ahead other,1,Car,No,Offside,2010
201037G028666,Unclassified,3023,NA,0,Slight,None,15-01-2010,Friday,1,Data missing or out of range,Not at junction or within 20 metres,52.066746,Daylight,617430,245680,1.170859,E01030007,1,2,0,0,Wet or damp,Single carriageway,None,30,08:20:00,Urban,Fine no high winds,No,16 - 20,10,Urban area,9,1124,None,None,Commuting to/from work,Not at or within 20 metres of junction,CITROEN,SAXO FORTE,Petrol,Male,None,No tow/articulation,Did not leave carriageway,0,Going ahead left-hand bend,1,Car,No,Front,2010
201037G029101,B,1059,Unclassified,2632,Slight,None,03-04-2010,Saturday,1,Give way or uncontrolled,T or staggered junction,52.052846,Daylight,617850,244150,1.176001,E01029990,2,3,0,0,Wet or damp,Single carriageway,Roadworks,30,13:15:00,Urban,Fine no high winds,No,16 - 20,10,Urban area,9,49,None,None,Other/Not known (2005-10),Approaching junction or waiting/parked at junction approach,SYM,CITY HOPPER,Petrol,Male,None,No tow/articulation,Nearside,0,Waiting to go - held up,3,Motorcycle 50cc and under,No,Back,2010
201037G029888,A,12,C,372,Slight,None,23-08-2010,Monday,2,Give way or uncontrolled,Roundabout,52.060436,Daylight,624700,245300,1.276493,E01030191,1,2,0,0,Dry,Dual carriageway,None,70,08:30:00,Urban,Fine no high winds,No,16 - 20,10,Rural,9,1587,None,None,Other/Not known (2005-10),Approaching junction or waiting/parked at junction approach,CITROEN,SAXO VTR,Petrol,Male,None,No tow/articulation,Did not leave carriageway,0,Slowing or stopping,1,Car,No,Front,2010
201037G029904,A,12,A,12,Slight,None,17-08-2010,Tuesday,2,Give way or uncontrolled,Slip road,51.986835,Daylight,606640,236320,1.008026,E01029882,1,2,0,0,Dry,Dual carriageway,None,70,12:00:00,Rural,Fine no high winds,No,16 - 20,10,Rural,7,999,None,None,Other/Not known (2005-10),Entering from slip road,HYUNDAI,AMICA SI,Petrol,Male,None,No tow/articulation,Did not leave carriageway,0,Going ahead other,1,Car,No,Front,2010
201037G030329,Unclassified,3085,NA,0,Slight,None,02-11-2010,Tuesday,1,Data missing or out of range,Not at junction or within 20 metres,52.062161,Daylight,619270,245250,1.197383,E01029963,1,2,0,0,Wet or damp,Single carriageway,None,30,08:53:00,Urban,Fine no high winds,No,16 - 20,10,Urban area,3,49,None,None,Taking pupil to/from school,Not at or within 20 metres of junction,PIAGGIO,TYPHOON 50,Petrol,Male,Skidded,No tow/articulation,Did not leave carriageway,0,Going ahead left-hand bend,2,Motorcycle 50cc and under,No,Front,2010
201037L017885,Unclassified,6159,NA,0,Slight,None,25-02-2010,Thursday,1,Data missing or out of range,Not at junction or within 20 metres,52.480602,Daylight,654330,293560,1.744155,E01030261,1,2,0,0,Dry,Single carriageway,None,30,12:30:00,Urban,Fine no high winds,No,16 - 20,10,Urban area,1,50,None,None,Commuting to/from work,Not at or within 20 metres of junction,APRILIA,,Petrol,Male,None,No tow/articulation,Did not leave carriageway,0,Slowing or stopping,1,Motorcycle 50cc and under,No,Front,2010
2010400B02289,A,603,Unclassified,0,Slight,None,07-08-2010,Saturday,1,Give way or uncontrolled,T or staggered junction,52.125209,Daylight,506660,248580,-0.443379,E01017519,2,3,0,0,Dry,Single carriageway,None,30,14:53:00,Urban,Fine no high winds,No,16 - 20,10,Urban area,1,1587,None,None,Other/Not known (2005-10),Approaching junction or waiting/parked at junction approach,PEUGEOT,306 GLX AUTO,Petrol,Male,None,No tow/articulation,Did not leave carriageway,0,Going ahead other,1,Car,No,Front,2010
2010400C00638,A,6,Unclassified,0,Slight,None,01-03-2010,Monday,1,Give way or uncontrolled,T or staggered junction,51.887713,Daylight,508750,222200,-0.421228,E01015698,1,2,0,0,Dry,Single carriageway,None,30,21:42:00,Urban,Fine no high winds,No,16 - 20,10,Urban area,3,998,None,None,Other/Not known (2005-10),Mid Junction - on roundabout or on main road,TOYOTA,YARIS GS,Petrol,Male,None,No tow/articulation,Did not leave carriageway,0,Going ahead other,2,Car,No,Front,2010
2010400C01979,Motorway,1,Motorway,1,Slight,None,04-07-2010,Sunday,1,Give way or uncontrolled,Roundabout,51.854457,Daylight,508760,218500,-0.422247,E01015732,2,1,0,0,Dry,Roundabout,None,70,15:37:00,Rural,Fine no high winds,No,16 - 20,10,Urban area,8,973,Kerb,None,Other/Not known (2005-10),Entering roundabout,VAUXHALL,CORSA CLUB 12V,Petrol,Male,Skidded and overturned,No tow/articulation,Did not leave carriageway,0,Turning left,1,Car,No,Did not impact,2010
2010400D01418,B,659,NA,0,Slight,None,12-05-2010,Wednesday,2,Data missing or out of range,Not at junction or within 20 metres,52.062198,Daylight,518650,241840,-0.270659,E01017414,1,2,0,0,Dry,Single carriageway,None,30,17:30:00,Rural,Fine no high winds,No,16 - 20,10,Small town,9,49,None,None,Other/Not known (2005-10),Not at or within 20 metres of junction,SUZUKI,AP 50,Petrol,Male,None,No tow/articulation,Did not leave carriageway,0,Going ahead other,2,Motorcycle 50cc and under,No,Front,2010
2010400D01667,A,421,NA,0,Slight,None,05-06-2010,Saturday,1,Data missing or out of range,Not at junction or within 20 metres,52.040739,Daylight,496790,238980,-0.590228,E01017396,3,2,0,0,Dry,Single carriageway,Roadworks,60,16:48:00,Rural,Fine no high winds,No,16 - 20,10,Urban area,1,973,None,None,Commuting to/from work,Not at or within 20 metres of junction,VAUXHALL,CORSA GLS 12V,Petrol,Male,None,No tow/articulation,Did not leave carriageway,0,Going ahead other,1,Car,No,Front,2010
2010400D01731,Unclassified,243,NA,0,Slight,None,09-06-2010,Wednesday,1,Data missing or out of range,Not at junction or within 20 metres,51.920987,Daylight,492730,225580,-0.653022,E01017608,1,3,0,0,Wet or damp,Single carriageway,None,30,17:00:00,Urban,Fine no high winds,No,16 - 20,10,Urban area,9,1400,None,None,Commuting to/from work,Not at or within 20 metres of junction,VOLKSWAGEN,POLO 16V,Petrol,Male,Skidded,No tow/articulation,Nearside,0,Overtaking static vehicle - offside,1,Car,No,Front,2010
2010400D01830,C,94,NA,0,Slight,None,15-06-2010,Tuesday,1,Data missing or out of range,Not at junction or within 20 metres,52.012052,Daylight,493730,235730,-0.635718,E01017380,1,2,0,0,Dry,Single carriageway,None,30,13:33:00,Rural,Fine no high winds,No,16 - 20,10,Rural,8,124,None,None,Journey as part of work,Not at or within 20 metres of junction,YAMAHA,DT 125 R,Petrol,Male,None,No tow/articulation,Did not leave carriageway,0,Going ahead other,2,Motorcycle 125cc and under,No,Front,2010
2010400D02261,B,4032,Unclassified,0,Slight,None,16-07-2010,Friday,1,Give way or uncontrolled,T or staggered junction,51.919388,Daylight,490980,225370,-0.678518,E01017613,1,2,0,4,Wet or damp,Single carriageway,None,30,20:46:00,Urban,Fine no high winds,No,16 - 20,10,Urban area,8,49,None,None,Other/Not known (2005-10),Cleared junction or waiting/parked at junction exit,PEUGEOT,SPEEDFIGHT,Petrol,Male,Skidded,No tow/articulation,Did not leave carriageway,0,Going ahead other,1,Motorcycle 50cc and under,No,Front,2010
2010400D03077,A,5120,NA,0,Slight,None,18-10-2010,Monday,2,Data missing or out of range,Not at junction or within 20 metres,51.980613,Daylight,503260,232420,-0.497905,E01017450,1,2,0,0,Dry,Single carriageway,None,30,07:55:00,Rural,Fine no high winds,No,16 - 20,10,Small town,7,1242,None,None,Other/Not known (2005-10),Not at or within 20 metres of junction,FIAT,PUNTO ELX 8V,Petrol,Male,None,No tow/articulation,Did not leave carriageway,0,Slowing or stopping,1,Car,No,Front,2010
20104100F0542,B,651,Unclassified,45,Slight,None,16-07-2010,Friday,1,Give way or uncontrolled,T or staggered junction,51.799655,Daylight,517540,212600,-0.296823,E01023749,1,2,0,0,Dry,Single carriageway,None,60,19:56:00,Rural,Fine no high winds,No,16 - 20,10,Data missing or out of range,NA,1299,None,None,Other/Not known (2005-10),Leaving main road,FORD,KA 2,Petrol,Male,None,No tow/articulation,Did not leave carriageway,0,Turning right,1,Car,No,Front,2010
20104100J0305,Unclassified,366,Unclassified,327,Slight,None,04-06-2010,Friday,1,Give way or uncontrolled,T or staggered junction,51.694655,Daylight,523940,201070,-0.208162,E01023569,2,2,0,0,Dry,Single carriageway,None,30,16:28:00,Urban,Fine no high winds,No,16 - 20,10,Small town,10,998,None,None,Other/Not known (2005-10),Mid Junction - on roundabout or on main road,NISSAN,MICRA S,Petrol,Male,Skidded,No tow/articulation,Did not leave carriageway,0,Going ahead other,2,Car,No,Front,2010
20104100K0345,Unclassified,85,NA,,Slight,None,16-07-2010,Friday,1,Give way or uncontrolled,Private drive or entrance,51.705483,Daylight,536540,202600,-0.025369,E01023299,1,2,0,0,Dry,Single carriageway,None,30,10:20:00,Urban,Fine no high winds,No,16 - 20,10,Urban area,2,100,None,None,Other/Not known (2005-10),Mid Junction - on roundabout or on main road,PEUGEOT,SPEEDFIGHT 100,Petrol,Male,Skidded,No tow/articulation,Did not leave carriageway,0,Overtaking moving vehicle - offside,1,Motorcycle 50cc and under,No,Nearside,2010
20104100T1123,Motorway,1,NA,0,Slight,None,30-08-2010,Monday,1,Not at junction or within 20 metres,Not at junction or within 20 metres,51.842572,Daylight,508870,217180,-0.421066,E01023430,3,2,0,0,Dry,Dual carriageway,None,70,15:40:00,Rural,Fine no high winds,No,16 - 20,10,Rural,9,1299,None,None,Other/Not known (2005-10),Not at or within 20 metres of junction,FORD,KA3,Petrol,Male,None,No tow/articulation,Did not leave carriageway,0,Going ahead other,1,Car,No,Front,2010
201042I008401,A,1124,Unclassified,0,Slight,None,13-01-2010,Wednesday,2,Give way or uncontrolled,T or staggered junction,51.89984,Daylight,593610,226110,0.812772,E01021730,1,2,0,0,Wet or damp,Single carriageway,None,30,13:30:00,Urban,Fine no high winds,No,16 - 20,10,Urban area,6,49,None,None,Other/Not known (2005-10),Mid Junction - on roundabout or on main road,YAMAHA,EW50 (SLIDER),Petrol,Male,None,No tow/articulation,Did not leave carriageway,0,Moving off,1,Motorcycle 50cc and under,No,Front,2010
201042I024401,A,133,Unclassified,0,Slight,None,30-01-2010,Saturday,2,Give way or uncontrolled,T or staggered junction,51.89707,Daylight,599180,226020,0.893572,E01021650,1,3,0,0,Dry,Single carriageway,None,40,14:25:00,Urban,Fine no high winds,No,16 - 20,10,Urban area,8,1124,None,None,Other/Not known (2005-10),Approaching junction or waiting/parked at junction approach,PEUGEOT,106 INDEPENDENCE,Petrol,Male,None,No tow/articulation,Did not leave carriageway,0,Waiting to go - held up,2,Car,No,Back,2010
201042I060503,Unclassified,0,NA,0,Slight,None,02-03-2010,Tuesday,1,Not at junction or within 20 metres,Not at junction or within 20 metres,51.73205,Daylight,584390,207080,0.668794,E01021892,1,4,0,0,Dry,Single carriageway,None,30,08:55:00,Urban,Fine no high winds,No,16 - 20,10,Urban area,7,1581,Parked vehicle,None,Other/Not known (2005-10),Not at or within 20 metres of junction,FIAT,BRAVO 100 16V TROFEO,Petrol,Male,Skidded,No tow/articulation,Did not leave carriageway,0,Overtaking - nearside,1,Car,No,Nearside,2010
201042I154705,Unclassified,0,Unclassified,0,Slight,None,22-05-2010,Saturday,1,Give way or uncontrolled,T or staggered junction,51.85561,Daylight,579220,220650,0.601017,E01021380,1,1,0,0,Dry,Single carriageway,None,30,15:30:00,Rural,Fine no high winds,No,16 - 20,10,Small town,7,1397,None,Road sign or traffic signal,Other/Not known (2005-10),Leaving main road,MERCEDES,A140 CLASSIC,Petrol,Male,Skidded,No tow/articulation,Offside,0,Going ahead left-hand bend,1,Car,No,Offside,2010
201042I162305,A,1124,NA,0,Slight,None,25-05-2010,Tuesday,1,Not at junction or within 20 metres,Not at junction or within 20 metres,51.954947,Daylight,580890,231770,0.631072,E01021390,1,2,0,0,Dry,Single carriageway,None,60,10:49:00,Rural,Fine no high winds,No,16 - 20,10,Small town,6,1124,None,None,Other/Not known (2005-10),Not at or within 20 metres of junction,PEUGEOT,106 INDEPENDENCE,Petrol,Male,Skidded,No tow/articulation,Nearside,0,Going ahead other,1,Car,No,Back,2010
201042I213407,A,414,NA,0,Slight,None,05-07-2010,Monday,1,Not at junction or within 20 metres,Not at junction or within 20 metres,51.717615,Daylight,577910,205240,0.57412,E01021569,1,2,0,0,Dry,Single carriageway,None,30,15:55:00,Rural,Fine no high winds,No,16 - 20,10,Urban area,7,1581,None,None,Other/Not known (2005-10),Not at or within 20 metres of junction,FIAT,BRAVO 100 16V TROFEO,Petrol,Male,None,No tow/articulation,Did not leave carriageway,0,Going ahead other,1,Car,No,Front,2010
201042I226107,Unclassified,0,Unclassified,0,Slight,None,12-07-2010,Monday,1,Give way or uncontrolled,T or staggered junction,51.582168,Daylight,587590,190510,0.706194,E01021955,1,1,0,0,Dry,Unknown,None,30,12:45:00,Urban,Fine no high winds,No,16 - 20,10,Data missing or out of range,NA,1753,None,None,Journey as part of work,Approaching junction or waiting/parked at junction approach,FORD,FIESTA COURIER 50 TD,Heavy oil,Male,None,No tow/articulation,Did not leave carriageway,0,Reversing,1,Van / Goods 3.5 tonnes mgw or under,No,Nearside,2010
201042I232407,A,1013,Unclassified,0,Slight,None,21-07-2010,Wednesday,1,Give way or uncontrolled,T or staggered junction,51.511161,Daylight,567140,181890,0.407232,E01015992,1,2,0,0,Dry,Single carriageway,None,60,18:49:00,Rural,Fine no high winds,No,16 - 20,10,Rural,7,2495,None,None,Journey as part of work,Approaching junction or waiting/parked at junction approach,LAND ROVER,DEFENDER 110 TD5,Heavy oil,Male,None,No tow/articulation,Did not leave carriageway,0,Waiting to turn right,1,Car,No,Nearside,2010
201042I363911,B,1021,NA,0,Slight,None,05-11-2010,Friday,1,Not at junction or within 20 metres,Not at junction or within 20 metres,51.711122,Daylight,599370,205320,0.884432,E01021907,1,2,0,0,Wet or damp,Single carriageway,None,60,14:00:00,Rural,Fine no high winds,No,16 - 20,10,Rural,6,125,None,Entered ditch,Other/Not known (2005-10),Not at or within 20 metres of junction,APRILIA,,Petrol,Male,None,No tow/articulation,Offside,0,Going ahead other,2,Motorcycle 125cc and under,No,Front,2010
201042I376011,Unclassified,0,NA,0,Slight,None,16-11-2010,Tuesday,1,Not at junction or within 20 metres,Not at junction or within 20 metres,51.860236,Daylight,566900,220740,0.422342,E01022065,1,2,0,0,Wet or damp,Single carriageway,None,40,07:34:00,Rural,Fine no high winds,No,16 - 20,10,Rural,8,1124,None,None,Other/Not known (2005-10),Not at or within 20 metres of junction,PEUGEOT,206 L,Petrol,Male,Skidded,No tow/articulation,Offside,0,Going ahead left-hand bend,1,Car,No,Nearside,2010
201043N092050,A,41,NA,0,Slight,None,13-05-2010,Thursday,1,Data missing or out of range,Not at junction or within 20 metres,51.80929,Daylight,485180,213020,-0.765873,E01017632,4,4,0,0,Dry,Single carriageway,None,40,08:30:00,Rural,Fine no high winds,No,16 - 20,10,Urban area,3,1242,None,None,Taking pupil to/from school,Not at or within 20 metres of junction,FORD,FIESTA GHIA 16V,Petrol,Male,Skidded,No tow/articulation,Did not leave carriageway,0,Going ahead other,2,Car,No,Back,2010
201043N264030,Unclassified,2117,Unclassified,2117,Slight,None,31-03-2010,Wednesday,1,Give way or uncontrolled,Crossroads,51.810348,Daylight,481700,213080,-0.816325,E01017709,1,2,0,0,Dry,Single carriageway,None,30,15:38:00,Urban,Fine no high winds,No,16 - 20,10,Urban area,6,1587,None,None,Other/Not known (2005-10),Entering main road,CITROEN,SAXO VTR,Petrol,Male,None,No tow/articulation,Did not leave carriageway,0,Going ahead other,1,Car,No,Front,2010
201043P082050,B,4035,Unclassified,0,Slight,None,09-05-2010,Sunday,1,Give way or uncontrolled,Private drive or entrance,52.053128,Daylight,443610,239610,-1.365429,E01028434,2,4,0,0,Dry,Single carriageway,None,50,09:50:00,Rural,Fine no high winds,No,16 - 20,10,Rural,9,599,None,None,Other/Not known (2005-10),Approaching junction or waiting/parked at junction approach,HONDA,CB600 HORNET,Petrol,Male,Skidded,No tow/articulation,Did not leave carriageway,0,Going ahead other,2,Motorcycle over 500cc,No,Front,2010
201043P089100,A,44,NA,0,Slight,None,08-10-2010,Friday,1,Data missing or out of range,Not at junction or within 20 metres,51.954532,Daylight,427700,228530,-1.598341,E01028796,1,1,0,0,Wet or damp,Single carriageway,None,50,08:40:00,Rural,Fine no high winds,No,16 - 20,10,Small town,8,1390,None,Tree,Journey as part of work,Not at or within 20 metres of junction,RENAULT,MEGANE LIBERTE 16V,Petrol,Male,Skidded and overturned,No tow/articulation,Offside and rebounded,0,Going ahead left-hand bend,1,Car,No,Front,2010
201043P111070,B,4477,Unclassified,0,Slight,None,07-07-2010,Wednesday,1,Give way or uncontrolled,Roundabout,51.765046,Daylight,428660,207460,-1.586114,E01028769,1,1,0,0,Dry,Roundabout,None,30,16:25:00,Rural,Fine no high winds,No,16 - 20,10,Rural,9,125,None,None,Other/Not known (2005-10),Leaving roundabout,APRILIA,,Petrol,Male,None,No tow/articulation,Did not leave carriageway,0,Turning right,1,Motorcycle 125cc and under,No,Nearside,2010
201043P216050,A,417,NA,0,Slight,None,24-05-2010,Monday,1,Data missing or out of range,Not at junction or within 20 metres,51.56505,Daylight,454710,185430,-1.212104,E01028649,1,3,0,0,Dry,Single carriageway,None,60,17:22:00,Rural,Fine no high winds,No,16 - 20,10,Small town,9,1242,None,None,Other/Not known (2005-10),Not at or within 20 metres of junction,FIAT,PUNTO 1.2,Petrol,Male,None,No tow/articulation,Did not leave carriageway,0,Going ahead left-hand bend,2,Car,No,Front,2010
201043P251010,B,4017,NA,0,Slight,None,28-01-2010,Thursday,1,Data missing or out of range,Not at junction or within 20 metres,51.725627,Daylight,446680,203210,-1.325576,E01028711,1,1,0,0,Dry,Single carriageway,None,60,13:20:00,Rural,Fine no high winds,No,16 - 20,10,Urban area,10,1124,Kerb,None,Other/Not known (2005-10),Not at or within 20 metres of junction,CITROEN,SAXO SX,Petrol,Male,Skidded,No tow/articulation,Offside,0,Going ahead left-hand bend,1,Car,No,Offside,2010
201043R083050,A,340,A,4,Slight,None,14-05-2010,Friday,1,Give way or uncontrolled,Roundabout,51.432178,Daylight,463240,170750,-1.091684,E01016345,1,2,0,0,Dry,Roundabout,None,60,14:58:00,Rural,Fine no high winds,No,16 - 20,10,Urban area,8,385,None,None,Commuting to/from work,Mid Junction - on roundabout or on main road,SUZUKI,AN 400 X,Petrol,Male,None,No tow/articulation,Did not leave carriageway,0,Going ahead other,2,Motorcycle 125cc and under,No,Front,2010
201043R145060,B,3348,NA,,Slight,None,22-06-2010,Tuesday,1,Give way or uncontrolled,Private drive or entrance,51.376769,Daylight,484840,164900,-0.782426,E01016207,2,2,0,0,Dry,Single carriageway,None,60,19:51:00,Rural,Fine no high winds,No,16 - 20,10,Urban area,4,1590,None,Tree,Other/Not known (2005-10),Mid Junction - on roundabout or on main road,HONDA,CIVIC VTEC SE,Petrol,Male,None,No tow/articulation,Nearside,0,Going ahead other,2,Car,No,Offside,2010
201043S018110,C,140,Unclassified,0,Slight,None,03-11-2010,Wednesday,1,Data missing or out of range,Other junction,52.080077,Daylight,486070,243160,-0.74543,E01016767,1,2,0,0,Dry,Single carriageway,None,40,11:04:00,Rural,Fine no high winds,No,16 - 20,10,Data missing or out of range,NA,49,None,None,Other/Not known (2005-10),Cleared junction or waiting/parked at junction exit,SUZUKI,AY50W,Petrol,Male,None,No tow/articulation,Did not leave carriageway,0,Going ahead other,1,Motorcycle 50cc and under,No,Front,2010
201043W083020,Unclassified,7515,A,329,Slight,None,12-02-2010,Friday,2,Give way or uncontrolled,Roundabout,51.417672,Daylight,479890,169370,-0.852526,E01016625,1,2,0,7,Dry,Roundabout,None,40,17:00:00,Urban,Fine no high winds,No,16 - 20,10,Urban area,10,49,None,None,Other/Not known (2005-10),Leaving roundabout,SYM,RED DEVIL,Petrol,Male,None,No tow/articulation,Did not leave carriageway,0,Turning right,1,Motorcycle 50cc and under,No,Front,2010
201043W113060,Unclassified,7201,Unclassified,7201,Slight,None,19-06-2010,Saturday,1,Give way or uncontrolled,T or staggered junction,51.42587,Daylight,473090,170180,-0.95013,E01016369,1,2,0,0,Dry,Single carriageway,None,30,17:00:00,Urban,Fine no high winds,No,16 - 20,10,Urban area,3,49,None,None,Commuting to/from work,Cleared junction or waiting/parked at junction exit,PEUGEOT,SPEEDFIGHT,Petrol,Male,None,No tow/articulation,Did not leave carriageway,0,Going ahead other,1,Motorcycle 50cc and under,No,Did not impact,2010
201043W195120,B,3031,Unclassified,7201,Slight,None,27-12-2010,Monday,1,Give way or uncontrolled,T or staggered junction,51.430173,Daylight,471780,170640,-0.968876,E01016442,1,2,0,0,Dry,Single carriageway,None,30,07:28:00,Urban,Fine no high winds,No,16 - 20,10,Urban area,3,1199,None,None,Journey as part of work,Entering main road,VAUXHALL,CORSA CLUB 16V,Petrol,Male,None,No tow/articulation,Did not leave carriageway,0,Turning right,1,Car,No,Offside,2010
201043W235050,A,332,B,383,Slight,None,30-05-2010,Sunday,1,Give way or uncontrolled,Roundabout,51.437937,Daylight,493740,171860,-0.652749,E01016252,1,2,0,0,Dry,Roundabout,None,60,17:15:00,Rural,Fine no high winds,No,16 - 20,10,Urban area,10,398,None,Entered ditch,Other/Not known (2005-10),Mid Junction - on roundabout or on main road,KAWASAKI,,Petrol,Male,None,No tow/articulation,Nearside,0,Going ahead other,2,Motorcycle over 125cc and up to 500cc,No,Front,2010