Accident_Index,1st_Road_Class,1st_Road_Number,2nd_Road_Class,2nd_Road_Number,Accident_Severity,Carriageway_Hazards,Date,Day_of_Week,Did_Police_Officer_Attend_Scene_of_Accident,Junction_Control,Junction_Detail,Latitude,Light_Conditions,Location_Easting_OSGR,Location_Northing_OSGR,Longitude,LSOA_of_Accident_Location,Number_of_Casualties,Number_of_Vehicles,Pedestrian_Crossing-Human_Control,Pedestrian_Crossing-Physical_Facilities,Road_Surface_Conditions,Road_Type,Special_Conditions_at_Site,Speed_limit,Time,Urban_or_Rural_Area,Weather_Conditions,InScotland,Age_Band_of_Driver,Age_of_Vehicle,Driver_Home_Area_Type,Driver_IMD_Decile,Engine_Capacity_.CC.,Hit_Object_in_Carriageway,Hit_Object_off_Carriageway,Journey_Purpose_of_Driver,Junction_Location,make,model,Propulsion_Code,Sex_of_Driver,Skidding_and_Overturning,Towing_and_Articulation,Vehicle_Leaving_Carriageway,Vehicle_Location.Restricted_Lane,Vehicle_Manoeuvre,Vehicle_Reference,Vehicle_Type,Was_Vehicle_Left_Hand_Drive,X1st_Point_of_Impact,Year
201043W255050,Unclassified,7147,NA,0,Slight,None,31-05-2010,Monday,1,Data missing or out of range,Not at junction or within 20 metres,51.371737,Daylight,467360,164080,-1.03369,E01016308,1,1,0,0,Dry,Single carriageway,None,30,12:21:00,Rural,Fine no high winds,No,16 - 20,10,Rural,10,1390,None,Telegraph or electricity pole,Other/Not known (2005-10),Not at or within 20 metres of junction,RENAULT,,Petrol,Male,None,No tow/articulation,Nearside,0,Going ahead other,1,Car,No,Front,2010
201045EL53274,Motorway,25,NA,0,Slight,None,11-08-2010,Wednesday,1,Data missing or out of range,Not at junction or within 20 metres,51.317117,Daylight,508910,158720,-0.438601,E01030302,5,3,0,0,Dry,Dual carriageway,None,70,09:30:00,Rural,Fine no high winds,No,16 - 20,10,Urban area,7,1242,None,None,Other/Not known (2005-10),Not at or within 20 metres of junction,FIAT,PUNTO 1.2,Petrol,Male,None,No tow/articulation,Did not leave carriageway,0,Slowing or stopping,3,Car,No,Front,2010
201045EP53236,A,240,C,193,Slight,None,16-08-2010,Monday,1,Give way or uncontrolled,Other junction,51.335644,Daylight,522560,161090,-0.242009,E01030396,2,3,0,0,Dry,Single carriageway,None,40,14:27:00,Urban,Fine no high winds,No,16 - 20,10,Urban area,3,1783,None,None,Other/Not known (2005-10),Approaching junction or waiting/parked at junction approach,RENAULT,LAGUNA ALIZE,Petrol,Male,None,No tow/articulation,Did not leave carriageway,0,Slowing or stopping,1,Car,No,Back,2010
201045SU48606,A,325,NA,0,Slight,None,02-03-2010,Tuesday,2,Data missing or out of range,Not at junction or within 20 metres,51.316278,Daylight,487740,158220,-0.742414,E01030768,2,2,0,0,Dry,Single carriageway,None,30,08:30:00,Urban,Fine no high winds,No,16 - 20,10,Urban area,10,1000,None,None,Other/Not known (2005-10),Not at or within 20 metres of junction,VOLKSWAGEN,POLO E,Petrol,Male,None,No tow/articulation,Did not leave carriageway,0,Waiting to go - held up,1,Car,No,Back,2010
201045SU54449,A,325,A,331,Slight,None,17-09-2010,Friday,1,Give way or uncontrolled,Roundabout,51.310208,Daylight,487460,157540,-0.746597,E01023103,1,2,0,0,Dry,Roundabout,None,40,15:53:00,Rural,Fine no high winds,No,16 - 20,10,Urban area,4,1896,None,None,Other/Not known (2005-10),Entering roundabout,VOLKSWAGEN,BORA SE TDI,Heavy oil,Male,Skidded,No tow/articulation,Did not leave carriageway,0,Going ahead other,2,Car,No,Back,2010
201045TA50679,Unclassified,423,NA,0,Slight,None,27-04-2010,Tuesday,1,Data missing or out of range,Not at junction or within 20 metres,51.244664,Daylight,539500,151400,-0.002761,E01030841,1,1,0,0,Dry,Single carriageway,None,30,14:00:00,Rural,Fine no high winds,No,16 - 20,10,Rural,10,1895,None,Telegraph or electricity pole,Other/Not known (2005-10),Not at or within 20 metres of junction,BMW,318TI SPORT,Petrol,Male,None,No tow/articulation,Offside,0,Turning left,1,Car,No,Nearside,2010
201050AC2B005,Unclassified,0,NA,0,Slight,None,25-03-2010,Thursday,1,Not at junction or within 20 metres,Not at junction or within 20 metres,50.214831,Daylight,166270,40130,-5.277616,E01018869,1,2,0,0,Dry,Single carriageway,None,60,08:25:00,Rural,Fine no high winds,No,16 - 20,10,Data missing or out of range,NA,1997,None,Entered ditch,Other/Not known (2005-10),Not at or within 20 metres of junction,PEUGEOT,406 LX HDI(110),Heavy oil,Male,Skidded,No tow/articulation,Nearside and rebounded,0,Going ahead other,1,Car,No,Front,2010
201050AH2G004,B,3293,NA,0,Slight,None,30-06-2010,Wednesday,1,Not at junction or within 20 metres,Not at junction or within 20 metres,50.072472,Daylight,170080,24110,-5.214635,E01018903,1,2,0,0,Dry,Single carriageway,None,60,11:30:00,Rural,Fine no high winds,No,16 - 20,10,Small town,6,1391,None,None,Other/Not known (2005-10),Not at or within 20 metres of junction,SEAT,IBIZA.COOL,Petrol,Male,None,No tow/articulation,Did not leave carriageway,0,Going ahead other,1,Car,No,Back,2010
201050BU2G003,C,16,NA,0,Slight,None,14-12-2010,Tuesday,1,Data missing or out of range,Not at junction or within 20 metres,50.730687,Daylight,218110,95520,-4.578793,E01018969,2,2,0,0,Wet or damp,Single carriageway,None,60,18:30:00,Rural,Fine no high winds,No,16 - 20,10,Small town,4,1124,None,None,Other/Not known (2005-10),Not at or within 20 metres of junction,CITROEN,SAXO FORTE,Petrol,Male,Skidded,No tow/articulation,Did not leave carriageway,0,Going ahead other,1,Car,No,Front,2010
201050CB2W017,B,3233,NA,0,Slight,None,07-12-2010,Tuesday,1,Not at junction or within 20 metres,Not at junction or within 20 metres,51.07169,Daylight,254270,132330,-4.081506,E01020125,1,4,0,8,Frost or ice,Single carriageway,None,30,13:16:00,Urban,Fine no high winds,No,16 - 20,10,Urban area,2,1587,None,None,Other/Not known (2005-10),Not at or within 20 metres of junction,CITROEN,SAXO VTS,Petrol,Male,None,No tow/articulation,Did not leave carriageway,0,Slowing or stopping,3,Car,No,Back,2010
201050CI2R011,A,3123,A,361,Slight,None,28-07-2010,Wednesday,1,Give way or uncontrolled,Roundabout,51.17944,Daylight,251150,144410,-4.130999,E01020117,1,3,0,0,Dry,Roundabout,None,60,17:20:00,Rural,Fine no high winds,No,16 - 20,10,Rural,7,1985,None,None,Other/Not known (2005-10),Leaving roundabout,SAAB,9-3 S ECO,Petrol,Male,None,No tow/articulation,Did not leave carriageway,0,Going ahead other,1,Car,No,Offside,2010
201050DE2Q005,A,3015,Motorway,5,Slight,None,26-03-2010,Friday,1,Auto traffic signal,Crossroads,50.707811,Daylight,295560,90850,-3.480528,E01020028,3,2,0,0,Wet or damp,Dual carriageway,None,40,08:40:00,Rural,Fine no high winds,No,16 - 20,10,Rural,4,1997,None,None,Other/Not known (2005-10),Mid Junction - on roundabout or on main road,PEUGEOT,206 DTURBO HDI (90),Heavy oil,Male,None,No tow/articulation,Did not leave carriageway,0,Turning right,1,Car,No,Front,2010
201050EC2E027,Unclassified,0,NA,0,Slight,None,30-03-2010,Tuesday,2,Not at junction or within 20 metres,Not at junction or within 20 metres,50.374113,Daylight,247860,54890,-4.140969,E01015152,1,2,0,0,Wet or damp,Dual carriageway,None,30,14:50:00,Urban,Fine no high winds,No,16 - 20,10,Urban area,5,124,None,None,Other/Not known (2005-10),Not at or within 20 metres of junction,CAGIVA,PLANET 125,Petrol,Male,None,No tow/articulation,Did not leave carriageway,0,Going ahead other,1,Motorcycle 125cc and under,No,Offside,2010
201050EC2J038,Unclassified,0,Unclassified,0,Slight,None,12-07-2010,Monday,1,Give way or uncontrolled,Roundabout,50.365614,Daylight,249760,53890,-4.113869,E01015182,2,2,0,0,Dry,Roundabout,None,30,13:50:00,Urban,Fine no high winds,No,16 - 20,10,Urban area,10,1896,None,None,Other/Not known (2005-10),Entering roundabout,VOLKSWAGEN,GOLF GT TDI,Heavy oil,Male,None,No tow/articulation,Nearside,0,Going ahead other,2,Car,No,Back,2010
201050EL2S020,Unclassified,0,Unclassified,0,Slight,None,11-08-2010,Wednesday,1,Give way or uncontrolled,T or staggered junction,50.408443,Daylight,251010,58620,-4.098181,E01015094,1,2,0,0,Dry,Single carriageway,None,30,18:00:00,Urban,Fine no high winds,No,16 - 20,10,Urban area,5,124,None,None,Other/Not known (2005-10),Mid Junction - on roundabout or on main road,CAGIVA,PLANET 125,Petrol,Male,Skidded and overturned,No tow/articulation,Did not leave carriageway,0,Going ahead other,2,Motorcycle 125cc and under,No,Front,2010
201050FB2D008,Unclassified,0,NA,0,Slight,None,28-04-2010,Wednesday,1,Not at junction or within 20 metres,Not at junction or within 20 metres,50.399573,Daylight,293250,56610,-3.503407,E01015187,1,2,0,0,Dry,Single carriageway,None,60,12:36:00,Urban,Fine no high winds,No,16 - 20,10,Urban area,7,999,None,None,Other/Not known (2005-10),Not at or within 20 metres of junction,VOLKSWAGEN,POLO E,Petrol,Male,None,No tow/articulation,Did not leave carriageway,0,Going ahead other,1,Car,No,Front,2010
201050FT2D013,Unclassified,0,NA,0,Slight,None,10-07-2010,Saturday,2,Data missing or out of range,Not at junction or within 20 metres,50.47779,Daylight,291790,65340,-3.526465,E01015242,2,3,0,0,Dry,Single carriageway,None,30,18:40:00,Urban,Fine no high winds,No,16 - 20,10,Small town,6,1124,None,None,Other/Not known (2005-10),Not at or within 20 metres of junction,CITROEN,SAXO FORTE,Petrol,Male,None,No tow/articulation,Did not leave carriageway,0,Slowing or stopping,1,Car,No,Did not impact,2010
201050GA2A006,B,3274,NA,0,Slight,None,17-03-2010,Wednesday,1,Not at junction or within 20 metres,Not at junction or within 20 metres,50.400454,Daylight,198880,59460,-4.831452,E01019052,1,3,0,0,Dry,Single carriageway,None,30,20:34:00,Rural,Fine no high winds,No,16 - 20,10,Rural,4,1124,Parked vehicle,Telegraph or electricity pole,Journey as part of work,Not at or within 20 metres of junction,PEUGEOT,106 XN ZEST 2,Petrol,Male,None,No tow/articulation,Offside,0,Going ahead other,1,Car,No,Front,2010
201050JA2D010,Unclassified,0,Unclassified,0,Slight,None,22-09-2010,Wednesday,2,Give way or uncontrolled,T or staggered junction,50.481184,Daylight,273720,66120,-3.781281,E01020199,1,2,0,0,Wet or damp,Single carriageway,None,30,15:50:00,Rural,Fine no high winds,No,16 - 20,10,Small town,4,49,None,None,Other/Not known (2005-10),Approaching junction or waiting/parked at junction approach,PIAGGIO,ZIP,Petrol,Male,None,No tow/articulation,Did not leave carriageway,0,Going ahead other,2,Motorcycle 50cc and under,No,Front,2010
201050JN2B021,Unclassified,0,Unclassified,0,Slight,None,29-08-2010,Sunday,1,Give way or uncontrolled,T or staggered junction,50.546313,Daylight,287140,73060,-3.594311,E01020250,1,2,0,0,Dry,Single carriageway,None,30,17:49:00,Urban,Fine no high winds,No,16 - 20,10,Urban area,3,1396,None,None,Other/Not known (2005-10),Entering main road,ROVER,25 I 16V,Petrol,Male,None,No tow/articulation,Did not leave carriageway,0,Turning left,1,Car,No,Nearside,2010
201050JN2I010,Unclassified,0,NA,0,Slight,None,01-11-2010,Monday,1,Not at junction or within 20 metres,Not at junction or within 20 metres,50.484907,Daylight,285260,66270,-3.618745,E01020239,1,2,0,0,Wet or damp,Single carriageway,None,60,13:16:00,Rural,Fine no high winds,No,16 - 20,10,Urban area,7,124,None,None,Other/Not known (2005-10),Not at or within 20 metres of junction,YAMAHA,,Petrol,Male,Skidded,No tow/articulation,Did not leave carriageway,0,Going ahead left-hand bend,1,Motorcycle 125cc and under,No,Offside,2010
201050KN3H004,A,3052,NA,0,Slight,None,17-07-2010,Saturday,1,Not at junction or within 20 metres,Not at junction or within 20 metres,50.717915,Daylight,323470,91490,-3.085472,E01019949,1,2,0,0,Wet or damp,Single carriageway,None,60,01:34:00,Rural,Fine no high winds,No,16 - 20,10,Small town,9,1587,None,None,Other/Not known (2005-10),Not at or within 20 metres of junction,PEUGEOT,206 GLX,Petrol,Male,None,No tow/articulation,Did not leave carriageway,0,Going ahead left-hand bend,1,Car,No,Front,2010
201050KT3C003,Unclassified,0,NA,,Slight,None,25-02-2010,Thursday,1,Give way or uncontrolled,Private drive or entrance,50.907006,Daylight,295470,113010,-3.488118,E01020048,2,2,0,0,Dry,Single carriageway,None,30,12:31:00,Urban,Fine no high winds,No,16 - 20,10,Urban area,8,1590,None,None,Journey as part of work,Approaching junction or waiting/parked at junction approach,SUZUKI,VITARA JX 4 U HARD-TOP,Petrol,Male,None,No tow/articulation,Did not leave carriageway,8,Going ahead other,2,Car,No,Front,2010
201054DN06410,Unclassified,0,NA,0,Slight,None,11-03-2010,Thursday,1,Not at junction or within 20 metres,Not at junction or within 20 metres,51.581944,Daylight,418990,187050,-1.727341,E01015473,1,2,0,0,Dry,Single carriageway,None,60,12:50:00,Rural,Fine no high winds,No,16 - 20,10,Rural,9,1360,None,Tree,Other/Not known (2005-10),Not at or within 20 metres of junction,CITROEN,SAXO SX,Petrol,Male,Skidded and overturned,No tow/articulation,Nearside,0,Going ahead right-hand bend,1,Car,No,Nearside,2010
201054DN13610,C,16,Unclassified,0,Slight,None,10-05-2010,Monday,1,Give way or uncontrolled,T or staggered junction,51.584001,Daylight,413030,187260,-1.813349,E01015528,1,2,0,0,Dry,Single carriageway,None,30,08:12:00,Urban,Fine no high winds,No,16 - 20,10,Urban area,1,645,None,None,Other/Not known (2005-10),Approaching junction or waiting/parked at junction approach,SUZUKI,SV 650 SY,Petrol,Male,Skidded,No tow/articulation,Did not leave carriageway,0,Slowing or stopping,2,Motorcycle over 500cc,No,Back,2010
201054DN32310,B,4006,Unclassified,0,Slight,None,09-10-2010,Saturday,1,Give way or uncontrolled,Mini-roundabout,51.583769,Daylight,415100,187240,-1.783474,E01015506,1,2,0,0,Dry,Roundabout,None,30,15:40:00,Urban,Fine no high winds,No,16 - 20,10,Small town,9,1747,None,None,Other/Not known (2005-10),Mid Junction - on roundabout or on main road,ALFA ROMEO,156 T.SPARK,Petrol,Male,None,No tow/articulation,Did not leave carriageway,0,Going ahead other,1,Car,No,Nearside,2010
201054DW16310,C,404,NA,,Slight,None,08-06-2010,Tuesday,1,Give way or uncontrolled,Private drive or entrance,51.574784,Daylight,414870,186240,-1.786835,E01015508,1,2,0,0,Dry,Single carriageway,None,30,09:58:00,Urban,Fine no high winds,No,16 - 20,10,Urban area,8,100,None,None,Other/Not known (2005-10),Approaching junction or waiting/parked at junction approach,PEUGEOT,SPEEDFIGHT 100,Petrol,Male,Skidded,No tow/articulation,Did not leave carriageway,0,Going ahead other,1,Motorcycle 125cc and under,No,Did not impact,2010
201054EG17610,B,3099,Unclassified,0,Slight,Any animal in carriageway (except ridden horse),22-05-2010,Saturday,1,Give way or uncontrolled,T or staggered junction,51.249242,Daylight,383790,150040,-2.233657,E01032052,1,1,0,0,Dry,Single carriageway,None,60,09:00:00,Rural,Fine no high winds,No,16 - 20,10,Urban area,9,1360,None,Telegraph or electricity pole,Other/Not known (2005-10),Cleared junction or waiting/parked at junction exit,PEUGEOT,306 LX,Petrol,Male,Skidded and overturned,No tow/articulation,Nearside,0,Going ahead other,1,Car,No,Offside,2010
20105500C1301,Unclassified,0,Unclassified,0,Slight,None,07-04-2010,Wednesday,1,Give way or uncontrolled,Crossroads,50.727451,Daylight,411020,92000,-1.845251,E01015282,1,2,0,0,Dry,Single carriageway,Roadworks,30,07:15:00,Urban,Fine no high winds,No,16 - 20,10,Urban area,4,124,None,Entered ditch,Commuting to/from work,Mid Junction - on roundabout or on main road,CAGIVA,MITO EVOLUTION,Petrol,Male,None,No tow/articulation,Nearside,0,Going ahead other,2,Motorcycle 125cc and under,No,Offside,2010
2010550C25588,A,347,A,347,Slight,None,18-06-2010,Friday,1,Give way or uncontrolled,Roundabout,50.736216,Daylight,408510,92970,-1.880791,E01015348,1,2,0,8,Dry,Roundabout,None,30,16:00:00,Urban,Fine no high winds,No,16 - 20,10,Urban area,3,49,None,None,Commuting to/from work,Leaving roundabout,PIAGGIO,ZIP,Petrol,Male,None,No tow/articulation,Did not leave carriageway,0,Overtaking moving vehicle - offside,2,Motorcycle 50cc and under,No,Back,2010
2010550C46531,Unclassified,0,A,338,Slight,None,22-10-2010,Friday,1,Give way or uncontrolled,Other junction,50.736623,Daylight,411050,93020,-1.844796,E01015329,1,1,0,0,Dry,Single carriageway,None,30,17:55:00,Urban,Fine no high winds,No,16 - 20,10,Urban area,5,49,None,None,Other/Not known (2005-10),Cleared junction or waiting/parked at junction exit,PEUGEOT,SPEEDFIGHT,Petrol,Male,None,No tow/articulation,Did not leave carriageway,0,Going ahead other,1,Motorcycle 50cc and under,No,Nearside,2010
2010550D32181,C,166,Unclassified,0,Slight,None,24-07-2010,Saturday,1,Give way or uncontrolled,Private drive or entrance,50.714587,Daylight,369100,90650,-2.439064,E01020522,2,1,0,0,Dry,Single carriageway,None,30,19:00:00,Urban,Fine no high winds,No,16 - 20,10,Urban area,7,1124,None,None,Other/Not known (2005-10),Approaching junction or waiting/parked at junction approach,CITROEN,SAXO SX,Petrol,Male,None,No tow/articulation,Did not leave carriageway,0,Going ahead other,1,Car,No,Front,2010
201060L082045,Unclassified,0,NA,0,Slight,None,11-05-2010,Tuesday,1,Data missing or out of range,Not at junction or within 20 metres,53.115657,Daylight,328830,358140,-3.064804,W01000307,1,2,0,0,Wet or damp,Single carriageway,None,60,18:30:00,Rural,Fine no high winds,No,16 - 20,10,Urban area,NA,1199,None,None,Other/Not known (2005-10),Not at or within 20 metres of junction,VAUXHALL,CORSA.COM,Petrol,Male,Skidded,No tow/articulation,Did not leave carriageway,0,Going ahead other,1,Car,No,Front,2010
201060L082618,A,5104,NA,0,Slight,None,12-05-2010,Wednesday,1,Data missing or out of range,Not at junction or within 20 metres,53.010815,Daylight,312750,346740,-3.301899,W01000207,2,2,0,0,Dry,Single carriageway,None,60,18:00:00,Rural,Fine no high winds,No,16 - 20,10,Rural,NA,1360,None,None,Journey as part of work,Not at or within 20 metres of junction,PEUGEOT,306 LX,Petrol,Male,Skidded and overturned,No tow/articulation,Nearside,0,Going ahead left-hand bend,1,Car,No,Offside,2010
201060L085747,A,496,Unclassified,0,Slight,None,17-05-2010,Monday,1,Give way or uncontrolled,Other junction,52.749276,Daylight,259790,318880,-4.078783,W01000048,1,3,0,0,Dry,Single carriageway,None,60,08:54:00,Rural,Fine no high winds,No,16 - 20,10,Rural,NA,1597,None,None,Other/Not known (2005-10),Approaching junction or waiting/parked at junction approach,MITSUBISHI,COLT GLX,Petrol,Male,None,No tow/articulation,Did not leave carriageway,0,Slowing or stopping,2,Car,No,Did not impact,2010
201060L101688,Unclassified,0,Unclassified,0,Slight,None,08-06-2010,Tuesday,1,Give way or uncontrolled,Other junction,52.728654,Daylight,260990,316550,-4.060029,W01000048,1,2,0,0,Wet or damp,Single carriageway,None,30,07:50:00,Rural,Fine no high winds,No,16 - 20,10,Small town,NA,1396,None,None,Journey as part of work,Approaching junction or waiting/parked at junction approach,ROVER,25 I 16V,Petrol,Male,None,No tow/articulation,Did not leave carriageway,0,Going ahead other,2,Car,No,Offside,2010
201060L102081,A,498,NA,0,Slight,None,08-06-2010,Tuesday,1,Data missing or out of range,Not at junction or within 20 metres,52.945124,Daylight,258100,340730,-4.113318,W01000107,2,1,0,0,Dry,Single carriageway,None,60,18:50:00,Rural,Fine no high winds,No,16 - 20,10,Rural,NA,1396,None,Near/Offside crash barrier,Other/Not known (2005-10),Not at or within 20 metres of junction,ROVER,25 IL 16V,Petrol,Male,None,No tow/articulation,Did not leave carriageway,0,Going ahead right-hand bend,1,Car,No,Back,2010
201001JC30470,A,1009,Unclassified,0,Slight,None,03-09-2010,Friday,1,Give way or uncontrolled,T or staggered junction,51.607599,Daylight,539940,191800,0.019483,E01003750,1,2,0,0,Dry,Single carriageway,None,30,15:45:00,Urban,Fine no high winds,No,16 - 20,10,Urban area,9,1400,None,None,Other/Not known (2005-10),Leaving main road,VOLKSWAGEN,,Petrol,Male,None,No tow/articulation,Did not leave carriageway,0,Waiting to turn right,2,Car,No,Did not impact,2010
201001KD50130,A,13,NA,0,Slight,None,13-03-2010,Saturday,1,Data missing or out of range,Not at junction or within 20 metres,51.517502,Daylight,550990,182090,0.174771,E01002370,1,2,0,0,Dry,Dual carriageway,None,70,13:15:00,Rural,Fine no high winds,No,16 - 20,10,Small town,8,2000,None,None,Other/Not known (2005-10),Not at or within 20 metres of junction,VOLKSWAGEN,GOLF GTI (115 BHP),Petrol,Male,None,No tow/articulation,Did not leave carriageway,0,Going ahead other,2,Car,No,Did not impact,2010
201001KD50240,Unclassified,0,Unclassified,0,Slight,None,07-05-2010,Friday,1,Give way or uncontrolled,T or staggered junction,51.599903,Daylight,553950,191350,0.22145,E01002316,1,2,0,0,Dry,Single carriageway,None,30,17:10:00,Urban,Fine no high winds,No,16 - 20,10,Urban area,7,1390,None,None,Other/Not known (2005-10),Approaching junction or waiting/parked at junction approach,RENAULT,CLIO ALIZE,Petrol,Male,None,No tow/articulation,Did not leave carriageway,0,Going ahead other,1,Car,No,Nearside,2010
201001KF60186,Unclassified,0,A,11,Slight,None,31-03-2010,Wednesday,1,Auto traffic signal,T or staggered junction,51.547766,Daylight,539160,185120,0.005582,E01003616,1,4,0,0,Wet or damp,Single carriageway,None,30,16:10:00,Urban,Fine no high winds,No,16 - 20,10,Urban area,2,1400,None,None,Other/Not known (2005-10),Mid Junction - on roundabout or on main road,VOLKSWAGEN,POLO S,Petrol,Male,None,No tow/articulation,Did not leave carriageway,0,Going ahead other,1,Car,No,Front,2010
201001KF60758,Unclassified,0,NA,0,Slight,None,22-11-2010,Monday,1,Data missing or out of range,Not at junction or within 20 metres,51.533951,Daylight,542310,183670,0.050395,E01003525,2,1,0,0,Dry,Single carriageway,None,30,12:03:00,Urban,Fine no high winds,No,16 - 20,10,Urban area,2,1360,None,None,Other/Not known (2005-10),Not at or within 20 metres of junction,CITROEN,SAXO FURIO,Petrol,Male,None,No tow/articulation,Did not leave carriageway,0,Reversing,1,Car,No,Back,2010
201001LX50062,Unclassified,0,Unclassified,0,Slight,None,02-02-2010,Tuesday,1,Give way or uncontrolled,Private drive or entrance,51.42599,Daylight,530130,171330,-0.129651,E01003150,1,2,0,0,Wet or damp,Single carriageway,None,30,14:40:00,Urban,Fine no high winds,No,16 - 20,10,Urban area,3,49,None,None,Other/Not known (2005-10),Mid Junction - on roundabout or on main road,PIAGGIO,ZIP,Petrol,Male,None,No tow/articulation,Did not leave carriageway,0,Going ahead other,1,Motorcycle 50cc and under,No,Nearside,2010
201001LX50957,Unclassified,0,NA,0,Slight,None,17-10-2010,Sunday,1,Data missing or out of range,Not at junction or within 20 metres,51.423183,Daylight,529830,171010,-0.134081,E01003114,1,1,0,0,Dry,Single carriageway,None,30,15:00:00,Urban,Fine no high winds,No,16 - 20,10,Urban area,3,124,None,None,Other/Not known (2005-10),Not at or within 20 metres of junction,PIAGGIO,TYPHOON 125,Petrol,Male,None,No tow/articulation,Did not leave carriageway,0,Moving off,1,Motorcycle 125cc and under,No,Did not impact,2010
201001PY20510,Unclassified,0,NA,0,Slight,None,29-08-2010,Sunday,1,Data missing or out of range,Not at junction or within 20 metres,51.414434,Daylight,536850,170220,-0.03348,E01000711,3,1,0,0,Dry,Single carriageway,None,30,11:20:00,Urban,Fine no high winds,No,16 - 20,10,Urban area,8,1794,Kerb,Other permanent object,Other/Not known (2005-10),Not at or within 20 metres of junction,TOYOTA,MR2 ROADSTER VVTI,Petrol,Male,Skidded,No tow/articulation,Nearside,0,Going ahead other,1,Car,No,Front,2010
201001RY10066,A,2,NA,0,Slight,None,12-01-2010,Tuesday,1,Data missing or out of range,Not at junction or within 20 metres,51.446433,Daylight,549960,174150,0.156568,E01000331,1,1,0,0,Frost or ice,Dual carriageway,None,50,11:58:00,Rural,Fine no high winds,No,16 - 20,10,Urban area,9,796,Kerb,Central crash barrier,Other/Not known (2005-10),Not at or within 20 metres of junction,DAEWOO,MATIZ SE,Petrol,Male,None,No tow/articulation,Offside on to centrl res + rebounded,0,Going ahead other,1,Car,No,Front,2010
201001SX20492,B,550,Unclassified,0,Slight,None,13-05-2010,Thursday,1,Give way or uncontrolled,Private drive or entrance,51.611295,Daylight,527790,191890,-0.15584,E01000162,1,3,0,0,Dry,Single carriageway,None,30,18:50:00,Urban,Fine no high winds,No,16 - 20,10,Urban area,7,100,None,None,Other/Not known (2005-10),Mid Junction - on roundabout or on main road,PEUGEOT,SPEEDFIGHT 100,Petrol,Male,None,No tow/articulation,Did not leave carriageway,0,Going ahead other,2,Motorcycle 125cc and under,No,Front,2010
201001TD00013,A,23,C,0,Slight,None,17-01-2010,Sunday,1,Auto traffic signal,T or staggered junction,51.427186,Daylight,530010,171460,-0.131328,E01003120,1,2,0,5,Dry,Single carriageway,None,30,15:10:00,Urban,Fine no high winds,No,16 - 20,10,Urban area,3,1988,None,None,Other/Not known (2005-10),Approaching junction or waiting/parked at junction approach,LEXUS,IS200 SE AUTO,Petrol,Male,None,No tow/articulation,Did not leave carriageway,0,Going ahead other,2,Car,No,Front,2010
201001TX20196,Unclassified,0,Unclassified,0,Slight,None,01-04-2010,Thursday,1,Give way or uncontrolled,T or staggered junction,51.480747,Daylight,514180,177040,-0.357122,E01002676,1,2,0,0,Dry,Dual carriageway,None,30,11:50:00,Urban,Fine no high winds,No,16 - 20,10,Urban area,9,1149,None,None,Other/Not known (2005-10),Mid Junction - on roundabout or on main road,RENAULT,CLIO MTV,Petrol,Male,None,No tow/articulation,Did not leave carriageway,0,Parked,1,Car,No,Offside,2010
201001VK30220,A,243,NA,0,Slight,None,01-07-2010,Thursday,1,Data missing or out of range,Not at junction or within 20 metres,51.364048,Daylight,517870,164140,-0.308294,E01002940,2,3,0,0,Dry,Dual carriageway,None,30,12:30:00,Urban,Fine no high winds,No,16 - 20,10,Urban area,8,1360,Parked vehicle,None,Other/Not known (2005-10),Not at or within 20 metres of junction,CITROEN,SAXO FURIO,Petrol,Male,Skidded,No tow/articulation,Did not leave carriageway,0,Overtaking - nearside,2,Car,No,Front,2010
201001XH30709,C,0,NA,0,Slight,None,16-10-2010,Saturday,1,Data missing or out of range,Not at junction or within 20 metres,51.575172,Daylight,511220,187480,-0.396436,E01002419,2,4,0,0,Dry,Single carriageway,None,30,14:00:00,Urban,Fine no high winds,No,16 - 20,10,Urban area,9,1199,None,None,Other/Not known (2005-10),Not at or within 20 metres of junction,VAUXHALL,CORSA CLUB 16V,Petrol,Male,None,No tow/articulation,Did not leave carriageway,0,Waiting to go - held up,3,Car,No,Back,2010
201001YE80498,A,111,C,0,Slight,None,08-07-2010,Thursday,1,Give way or uncontrolled,T or staggered junction,51.667072,Daylight,527530,198090,-0.157336,E01001417,1,2,0,0,Wet or damp,Single carriageway,None,30,08:33:00,Urban,Fine no high winds,No,16 - 20,10,Urban area,8,1199,None,None,Other/Not known (2005-10),Mid Junction - on roundabout or on main road,VAUXHALL,CORSA CLUB 16V,Petrol,Male,None,No tow/articulation,Did not leave carriageway,0,Turning right,1,Car,No,Offside,2010
201001YE80746,A,406,NA,0,Slight,None,25-10-2010,Monday,1,Data missing or out of range,Not at junction or within 20 metres,51.614121,Daylight,533430,192350,-0.07426,E01001561,1,1,0,0,Dry,Dual carriageway,None,50,07:11:00,Urban,Fine no high winds,No,16 - 20,10,Data missing or out of range,NA,1600,None,None,Other/Not known (2005-10),Not at or within 20 metres of junction,VOLKSWAGEN,POLO GTI,Petrol,Male,None,No tow/articulation,Did not leave carriageway,0,Going ahead other,1,Car,No,Front,2010