Accident_Index,1st_Road_Class,1st_Road_Number,2nd_Road_Class,2nd_Road_Number,Accident_Severity,Carriageway_Hazards,Date,Day_of_Week,Did_Police_Officer_Attend_Scene_of_Accident,Junction_Control,Junction_Detail,Latitude,Light_Conditions,Location_Easting_OSGR,Location_Northing_OSGR,Longitude,LSOA_of_Accident_Location,Number_of_Casualties,Number_of_Vehicles,Pedestrian_Crossing-Human_Control,Pedestrian_Crossing-Physical_Facilities,Road_Surface_Conditions,Road_Type,Special_Conditions_at_Site,Speed_limit,Time,Urban_or_Rural_Area,Weather_Conditions,InScotland,Age_Band_of_Driver,Age_of_Vehicle,Driver_Home_Area_Type,Driver_IMD_Decile,Engine_Capacity_.CC.,Hit_Object_in_Carriageway,Hit_Object_off_Carriageway,Journey_Purpose_of_Driver,Junction_Location,make,model,Propulsion_Code,Sex_of_Driver,Skidding_and_Overturning,Towing_and_Articulation,Vehicle_Leaving_Carriageway,Vehicle_Location.Restricted_Lane,Vehicle_Manoeuvre,Vehicle_Reference,Vehicle_Type,Was_Vehicle_Left_Hand_Drive,X1st_Point_of_Impact,Year
2010160A00501,Unclassified,0,Unclassified,0,Slight,None,01-02-2010,Monday,1,Give way or uncontrolled,T or staggered junction,53.555997,Daylight,526080,408280,-0.098154,E01013204,2,3,0,0,Dry,Single carriageway,None,30,10:35:00,Urban,Fine no high winds,No,16 - 20,10,Urban area,8,1497,None,None,Commuting to/from work,Approaching junction or waiting/parked at junction approach,NISSAN,ALMERA E,Petrol,Male,None,No tow/articulation,Did not leave carriageway,0,Going ahead other,3,Car,No,Offside,2010
2010160A01511,Unclassified,0,NA,0,Slight,None,11-05-2010,Tuesday,1,Data missing or out of range,Not at junction or within 20 metres,53.591418,Daylight,518650,412030,-0.208833,E01013173,2,4,0,0,Dry,Single carriageway,None,60,08:02:00,Rural,Fine no high winds,No,16 - 20,10,Small town,9,973,None,None,Other/Not known (2005-10),Not at or within 20 metres of junction,VAUXHALL,CORSA GLS 12V,Petrol,Male,None,No tow/articulation,Did not leave carriageway,0,Going ahead other,1,Car,No,Front,2010
2010160A01661,A,46,Unclassified,0,Slight,None,04-05-2010,Tuesday,2,Give way or uncontrolled,T or staggered junction,53.553768,Daylight,527130,408060,-0.082403,E01013183,2,2,0,0,Dry,Single carriageway,None,30,16:30:00,Urban,Fine no high winds,No,16 - 20,10,Urban area,8,1396,None,None,Other/Not known (2005-10),Approaching junction or waiting/parked at junction approach,ROVER,25 IE 16V,Petrol,Male,None,No tow/articulation,Did not leave carriageway,0,Going ahead other,2,Car,No,Front,2010
2010160A02501,Unclassified,0,Unclassified,0,Slight,None,31-07-2010,Saturday,1,Give way or uncontrolled,T or staggered junction,53.535704,Daylight,531180,406160,-0.022102,E01013157,2,2,0,0,Dry,Single carriageway,None,30,14:30:00,Urban,Fine no high winds,No,16 - 20,10,Urban area,7,1360,None,None,Other/Not known (2005-10),Approaching junction or waiting/parked at junction approach,PEUGEOT,206 GLX,Petrol,Male,None,No tow/articulation,Did not leave carriageway,0,Going ahead other,1,Car,No,Offside,2010
2010160B02151,A,18,Unclassified,0,Slight,None,15-06-2010,Tuesday,1,Give way or uncontrolled,Private drive or entrance,53.549888,Daylight,499260,406960,-0.503279,E01013325,1,3,0,0,Dry,Single carriageway,None,30,15:35:00,Rural,Fine no high winds,No,16 - 20,10,Rural,4,1900,None,None,Other/Not known (2005-10),Approaching junction or waiting/parked at junction approach,VOLKSWAGEN,GOLF GT TDI,Heavy oil,Male,None,No tow/articulation,Did not leave carriageway,0,Waiting to go - held up,3,Car,No,Back,2010
2010160B02561,A,18,A,15,Slight,None,14-05-2010,Friday,2,Give way or uncontrolled,Roundabout,53.548494,Daylight,495630,406730,-0.55812,E01013274,1,2,0,0,Dry,Roundabout,None,60,07:30:00,Rural,Fine no high winds,No,16 - 20,10,Urban area,5,1389,None,None,Other/Not known (2005-10),Entering roundabout,VAUXHALL,CORSA SPORT 1.4I,Petrol,Male,None,No tow/articulation,Did not leave carriageway,0,Moving off,1,Car,No,Front,2010
2010160B05181,Unclassified,0,Unclassified,0,Slight,None,18-10-2010,Monday,1,Give way or uncontrolled,T or staggered junction,53.554709,Daylight,489950,407310,-0.643655,E01013262,1,2,0,0,Dry,Single carriageway,None,30,17:02:00,Urban,Fine no high winds,No,16 - 20,10,Urban area,1,1527,None,None,Other/Not known (2005-10),Entering main road,CITROEN,SAXO LX DIESEL,Heavy oil,Male,None,No tow/articulation,Did not leave carriageway,0,Turning right,1,Car,No,Front,2010
2010160C01481,B,1255,Unclassified,0,Slight,None,28-03-2010,Sunday,1,Give way or uncontrolled,T or staggered junction,54.112642,Daylight,521370,470120,-0.144819,E01012942,1,2,0,0,Dry,Single carriageway,None,40,17:02:00,Rural,Fine no high winds,No,16 - 20,10,Urban area,6,1124,None,None,Other/Not known (2005-10),Approaching junction or waiting/parked at junction approach,CITROEN,SAXO FORTE,Petrol,Male,Skidded,No tow/articulation,Did not leave carriageway,0,Going ahead other,1,Car,No,Front,2010
2010160C06881,A,1174,A,1033,Slight,None,28-10-2010,Thursday,1,Give way or uncontrolled,Roundabout,53.795704,Daylight,507510,434500,-0.36928,E01012953,2,2,0,0,Dry,Roundabout,None,30,17:15:00,Rural,Fine no high winds,No,16 - 20,10,Urban area,9,973,None,None,Other/Not known (2005-10),Approaching junction or waiting/parked at junction approach,VAUXHALL,CORSA GLS 12V,Petrol,Male,None,No tow/articulation,Did not leave carriageway,0,Going ahead other,1,Car,No,Front,2010
2010160D07071,B,1237,NA,0,Slight,None,09-12-2010,Thursday,1,Data missing or out of range,Not at junction or within 20 metres,53.782016,Daylight,511510,433070,-0.309098,E01012907,1,1,0,0,Wet or damp,Single carriageway,None,30,13:36:00,Urban,Fine no high winds,No,16 - 20,10,Urban area,9,1242,None,None,Other/Not known (2005-10),Not at or within 20 metres of junction,FIAT,BRAVO 80 SX,Petrol,Male,None,No tow/articulation,Did not leave carriageway,0,Moving off,1,Car,No,Front,2010
2010170H11110,Unclassified,0,Unclassified,0,Slight,None,19-06-2010,Saturday,1,Give way or uncontrolled,Private drive or entrance,54.663151,Daylight,449230,530050,-1.238299,E01011979,1,2,0,0,Dry,Single carriageway,None,30,20:00:00,Urban,Fine no high winds,No,16 - 20,10,Urban area,9,1587,None,None,Other/Not known (2005-10),Mid Junction - on roundabout or on main road,CITROEN,XSARA PICASSO LX,Petrol,Male,None,No tow/articulation,Did not leave carriageway,0,Turning right,1,Car,No,Nearside,2010
2010170H11170,A,1049,Unclassified,0,Slight,None,14-09-2010,Tuesday,1,Give way or uncontrolled,T or staggered junction,54.700957,Daylight,452160,534290,-1.192123,E01011993,1,2,0,0,Dry,Single carriageway,None,30,17:00:00,Urban,Fine no high winds,No,16 - 20,10,Urban area,1,1686,None,None,Other/Not known (2005-10),Mid Junction - on roundabout or on main road,VAUXHALL,ASTRA LS DTI,Heavy oil,Male,None,No tow/articulation,Did not leave carriageway,0,Turning right,1,Car,No,Offside,2010
2010170M12130,Unclassified,0,Unclassified,0,Slight,None,07-09-2010,Tuesday,1,Give way or uncontrolled,Crossroads,54.567136,Daylight,448750,519360,-1.247514,E01012040,2,2,0,0,Dry,Single carriageway,None,20,16:40:00,Urban,Fine no high winds,No,16 - 20,10,Urban area,1,1679,None,None,Other/Not known (2005-10),Mid Junction - on roundabout or on main road,FORD,PUMA 1.7 16V,Petrol,Male,None,No tow/articulation,Did not leave carriageway,0,Going ahead other,2,Car,No,Offside,2010
2010170M12310,Unclassified,0,Unclassified,0,Slight,None,17-09-2010,Friday,2,Give way or uncontrolled,T or staggered junction,54.560055,Daylight,449490,518580,-1.236201,E01012080,2,2,0,0,Dry,Single carriageway,None,30,17:50:00,Urban,Fine no high winds,No,16 - 20,10,Urban area,2,1360,None,None,Other/Not known (2005-10),Cleared junction or waiting/parked at junction exit,PEUGEOT,206 GLX,Petrol,Male,None,No tow/articulation,Did not leave carriageway,0,Turning right,1,Car,No,Back,2010
2010170M21170,Unclassified,0,Unclassified,0,Slight,None,30-05-2010,Sunday,1,Give way or uncontrolled,Crossroads,54.56555,Daylight,451170,519210,-1.210115,E01012077,1,2,0,0,Dry,Single carriageway,None,30,18:07:00,Urban,Fine no high winds,No,16 - 20,10,Urban area,1,100,None,None,Other/Not known (2005-10),Mid Junction - on roundabout or on main road,PEUGEOT,TREKKER 100,Petrol,Male,None,No tow/articulation,Did not leave carriageway,0,Going ahead other,2,Motorcycle 50cc and under,No,Nearside,2010
2010170S11710,A,139,Unclassified,0,Slight,None,01-07-2010,Thursday,1,Give way or uncontrolled,T or staggered junction,54.575328,Daylight,444690,520230,-1.310171,E01012268,1,2,0,0,Dry,Single carriageway,None,30,14:14:00,Urban,Fine no high winds,No,16 - 20,10,Urban area,1,1124,None,None,Other/Not known (2005-10),Approaching junction or waiting/parked at junction approach,CITROEN,SAXO FORTE,Petrol,Male,None,No tow/articulation,Did not leave carriageway,0,Waiting to turn right,1,Car,No,Nearside,2010
201020G002430,Unclassified,0,Unclassified,0,Slight,None,23-04-2010,Friday,1,Give way or uncontrolled,T or staggered junction,52.601977,Daylight,396230,300470,-2.057109,E01010561,2,2,0,0,Dry,Single carriageway,None,30,17:15:00,Urban,Fine no high winds,No,16 - 20,10,Urban area,4,1242,None,None,Other/Not known (2005-10),Entering main road,FIAT,PUNTO HLX 16V,Petrol,Male,None,No tow/articulation,Did not leave carriageway,0,Turning right,1,Car,No,Offside,2010
201020H007290,B,4210,Unclassified,0,Slight,None,27-08-2010,Friday,1,Give way or uncontrolled,T or staggered junction,52.593629,Daylight,401040,299540,-1.98609,E01010375,1,4,0,0,Dry,Single carriageway,None,30,19:17:00,Urban,Fine no high winds,No,16 - 20,10,Urban area,1,1242,None,None,Other/Not known (2005-10),Mid Junction - on roundabout or on main road,FIAT,PUNTO 1.2,Petrol,Male,None,No tow/articulation,Did not leave carriageway,0,Turning right,1,Car,No,Front,2010
201020K014270,Unclassified,0,NA,0,Slight,None,01-11-2010,Monday,1,Data missing or out of range,Not at junction or within 20 metres,52.481238,Daylight,395950,287040,-2.061075,E01010039,1,2,0,0,Wet or damp,Single carriageway,None,30,07:30:00,Urban,Fine no high winds,No,16 - 20,10,Urban area,1,1124,None,None,Commuting to/from work,Not at or within 20 metres of junction,PEUGEOT,106 INDEPENDENCE,Petrol,Male,Skidded,No tow/articulation,Did not leave carriageway,0,Overtaking static vehicle - offside,1,Car,No,Front,2010
201020L007460,Unclassified,0,Unclassified,0,Slight,None,08-07-2010,Thursday,1,Give way or uncontrolled,T or staggered junction,52.444208,Daylight,414360,282940,-1.790167,E01010160,3,2,0,0,Dry,Single carriageway,None,30,11:42:00,Urban,Fine no high winds,No,16 - 20,10,Urban area,1,973,None,None,Other/Not known (2005-10),Mid Junction - on roundabout or on main road,VAUXHALL,CORSA CLUB 12V,Petrol,Male,None,No tow/articulation,Did not leave carriageway,0,Going ahead other,2,Car,No,Front,2010
201020S025790,Unclassified,0,B,4182,Slight,None,03-06-2010,Thursday,1,Give way or uncontrolled,T or staggered junction,52.476575,Daylight,402260,286520,-1.968165,E01009139,1,2,0,0,Dry,Single carriageway,None,30,15:38:00,Urban,Fine no high winds,No,16 - 20,10,Urban area,5,1598,None,None,Other/Not known (2005-10),Cleared junction or waiting/parked at junction exit,VAUXHALL,ASTRA ENVOY 8V,Petrol,Male,None,No tow/articulation,Did not leave carriageway,0,Turning right,1,Car,No,Front,2010
201020T016070,Unclassified,0,Unclassified,0,Slight,None,13-05-2010,Thursday,1,Give way or uncontrolled,Mini-roundabout,52.446895,Daylight,410890,283230,-1.84121,E01009026,1,2,0,0,Dry,Roundabout,None,30,21:05:00,Urban,Fine no high winds,No,16 - 20,10,Urban area,2,1124,None,None,Other/Not known (2005-10),Mid Junction - on roundabout or on main road,CITROEN,SAXO FORTE,Petrol,Male,None,No tow/articulation,Did not leave carriageway,0,Going ahead other,2,Car,No,Back,2010
201020W039040,B,4144,Unclassified,0,Slight,None,04-10-2010,Monday,1,Give way or uncontrolled,Crossroads,52.502975,Daylight,406290,289460,-1.908776,E01009047,2,2,0,4,Dry,Single carriageway,None,30,16:24:00,Urban,Fine no high winds,No,16 - 20,10,Urban area,1,1360,None,None,Other/Not known (2005-10),Mid Junction - on roundabout or on main road,PEUGEOT,206 GLX,Petrol,Male,None,No tow/articulation,Did not leave carriageway,0,Moving off,1,Car,No,Front,2010
201022D002929,Motorway,42,Motorway,42,Slight,None,02-06-2010,Wednesday,1,Give way or uncontrolled,Slip road,52.35453,Daylight,407600,272950,-1.889847,E01032123,1,5,0,0,Dry,Dual carriageway,None,70,18:25:00,Rural,Fine no high winds,No,16 - 20,10,Urban area,1,1598,None,Central crash barrier,Other/Not known (2005-10),Mid Junction - on roundabout or on main road,RENAULT,MEGANE SPORT ALIZE,Petrol,Male,Skidded,No tow/articulation,Offside - crossed central reservation,0,Going ahead other,1,Car,No,Front,2010
201022D004148,Unclassified,0,Unclassified,0,Slight,None,17-08-2010,Tuesday,1,Give way or uncontrolled,Private drive or entrance,52.305795,Daylight,408120,267530,-1.882342,E01032273,1,1,0,0,Dry,Single carriageway,None,30,11:50:00,Urban,Fine no high winds,No,16 - 20,10,Urban area,2,1587,None,None,Other/Not known (2005-10),Approaching junction or waiting/parked at junction approach,PEUGEOT,206 XS,Petrol,Male,None,No tow/articulation,Did not leave carriageway,0,Going ahead other,1,Car,No,Front,2010
201022D005242,B,4185,Unclassified,0,Slight,None,19-10-2010,Tuesday,1,Give way or uncontrolled,T or staggered junction,52.36473,Daylight,396670,274080,-2.05034,E01032128,1,2,0,0,Dry,Single carriageway,None,30,08:10:00,Urban,Fine no high winds,No,16 - 20,10,Urban area,10,1242,None,None,Commuting to/from work,Entering main road,FIAT,PUNTO ELX 8V,Petrol,Male,None,No tow/articulation,Did not leave carriageway,0,Turning right,1,Car,No,Offside,2010
201022E003153,A,49,Unclassified,0,Slight,None,23-06-2010,Wednesday,1,Give way or uncontrolled,T or staggered junction,52.171781,Daylight,351030,252860,-2.717495,E01014025,2,1,0,1,Dry,Single carriageway,None,50,17:35:00,Rural,Fine no high winds,No,16 - 20,10,Small town,5,1598,None,Near/Offside crash barrier,Commuting to/from work,Mid Junction - on roundabout or on main road,VAUXHALL,ASTRA LS 8V AUTO,Petrol,Male,Skidded,No tow/articulation,Offside,0,Going ahead other,1,Car,No,Nearside,2010
201022E004588,Unclassified,0,NA,0,Slight,None,06-08-2010,Friday,1,Data missing or out of range,Not at junction or within 20 metres,52.141824,Daylight,331430,249760,-3.003429,E01014008,2,1,0,0,Dry,Single carriageway,None,30,17:00:00,Rural,Fine no high winds,No,16 - 20,10,Rural,NA,1587,None,Other permanent object,Other/Not known (2005-10),Not at or within 20 metres of junction,CITROEN,SAXO VTR,Petrol,Male,Skidded,No tow/articulation,Offside,0,Going ahead right-hand bend,1,Car,No,Front,2010
201022F003703,A,4169,NA,0,Slight,None,26-07-2010,Monday,1,Data missing or out of range,Not at junction or within 20 metres,52.630093,Daylight,363930,303730,-2.534371,E01028980,1,1,0,0,Wet or damp,Single carriageway,None,60,07:40:00,Rural,Fine no high winds,No,16 - 20,10,Rural,7,1895,None,Other permanent object,Commuting to/from work,Not at or within 20 metres of junction,BMW,318 CI,Petrol,Male,Skidded and overturned,No tow/articulation,Nearside and rebounded,0,Going ahead left-hand bend,1,Car,No,Nearside,2010
201022F004308,A,458,NA,0,Slight,None,30-08-2010,Monday,1,Data missing or out of range,Not at junction or within 20 metres,52.708409,Daylight,339900,312680,-2.891007,E01028979,1,2,0,0,Dry,Single carriageway,None,60,18:45:00,Rural,Fine no high winds,No,16 - 20,10,Urban area,2,749,None,None,Other/Not known (2005-10),Not at or within 20 metres of junction,SUZUKI,GSXR 750 X,Petrol,Male,None,No tow/articulation,Did not leave carriageway,0,Overtaking static vehicle - offside,2,Motorcycle over 500cc,No,Front,2010
201022G003714,B,4555,Unclassified,0,Slight,None,21-07-2010,Wednesday,1,Give way or uncontrolled,Other junction,52.484139,Daylight,372250,287440,-2.410081,E01028846,1,2,0,0,Wet or damp,Single carriageway,None,40,17:20:00,Rural,Fine no high winds,No,16 - 20,10,Urban area,7,49,None,None,Other/Not known (2005-10),Approaching junction or waiting/parked at junction approach,PEUGEOT,SPEEDFIGHT,Petrol,Male,None,No tow/articulation,Did not leave carriageway,0,Overtaking static vehicle - offside,1,Motorcycle 50cc and under,No,Front,2010
201030C000068,B,6057,NA,0,Slight,None,15-02-2010,Monday,1,Data missing or out of range,Not at junction or within 20 metres,53.276769,Daylight,437470,375680,-1.439535,E01019573,1,2,0,0,Dry,Single carriageway,None,40,11:30:00,Urban,Fine no high winds,No,16 - 20,10,Urban area,4,1199,None,None,Other/Not known (2005-10),Not at or within 20 metres of junction,VAUXHALL,CORSA CLUB 16V,Petrol,Male,None,No tow/articulation,Did not leave carriageway,0,Going ahead other,2,Car,No,Front,2010
201030C000148,A,619,Unclassified,0,Slight,None,23-03-2010,Tuesday,1,Give way or uncontrolled,T or staggered junction,53.235332,Daylight,437470,371070,-1.440076,E01019556,2,2,0,4,Dry,One way street,None,30,14:30:00,Urban,Fine no high winds,No,16 - 20,10,Urban area,9,1360,None,None,Other/Not known (2005-10),Approaching junction or waiting/parked at junction approach,CITROEN,SAXO FURIO,Petrol,Male,None,No tow/articulation,Did not leave carriageway,0,Going ahead other,2,Car,No,Front,2010
201030C000755,A,617,NA,0,Slight,None,01-11-2010,Monday,1,Data missing or out of range,Not at junction or within 20 metres,53.225817,Daylight,438550,370020,-1.424023,E01019584,3,3,0,0,Dry,Dual carriageway,None,70,08:35:00,Urban,Fine no high winds,No,16 - 20,10,Rural,6,1242,None,None,Commuting to/from work,Not at or within 20 metres of junction,FIAT,PUNTO 1.2,Petrol,Male,Skidded,No tow/articulation,Did not leave carriageway,0,Changing lane to left,3,Car,No,Front,2010
201030D000243,A,514,Unclassified,0,Slight,None,21-03-2010,Sunday,1,Auto traffic signal,T or staggered junction,52.894165,Daylight,436770,333110,-1.454888,E01013583,1,2,0,5,Dry,Single carriageway,None,30,10:00:00,Urban,Fine no high winds,No,16 - 20,10,Urban area,1,1242,None,None,Commuting to/from work,Leaving main road,FIAT,PUNTO 1.2,Petrol,Male,None,No tow/articulation,Did not leave carriageway,0,Turning right,1,Car,No,Front,2010
201030D000382,Unclassified,0,Unclassified,0,Slight,None,04-05-2010,Tuesday,1,Give way or uncontrolled,Crossroads,52.889348,Daylight,438800,332590,-1.424777,E01013500,3,2,0,0,Dry,Single carriageway,None,30,08:40:00,Urban,Fine no high winds,No,16 - 20,10,Data missing or out of range,NA,1124,None,None,Journey as part of work,Leaving main road,CITROEN,SAXO FORTE,Petrol,Male,None,No tow/articulation,Nearside,0,Turning right,1,Car,No,Nearside,2010
20103102A1008,Unclassified,0,Unclassified,0,Slight,None,07-04-2010,Wednesday,1,Give way or uncontrolled,Private drive or entrance,53.134771,Daylight,456610,360070,-1.155287,E01028263,1,2,0,8,Dry,Single carriageway,None,30,11:50:00,Urban,Fine no high winds,No,16 - 20,10,Urban area,1,1587,None,None,Other/Not known (2005-10),Mid Junction - on roundabout or on main road,CITROEN,SAXO VTR,Petrol,Male,None,No tow/articulation,Nearside,0,Going ahead other,2,Car,No,Nearside,2010
20103102A2541,C,147,Unclassified,0,Slight,None,02-10-2010,Saturday,1,Give way or uncontrolled,Crossroads,53.128536,Daylight,446740,359270,-1.302922,E01027986,1,2,0,0,Dry,Single carriageway,None,30,12:47:00,Urban,Fine no high winds,No,16 - 20,10,Urban area,1,1360,None,None,Other/Not known (2005-10),Entering main road,CITROEN,SAXO FURIO,Petrol,Male,None,No tow/articulation,Did not leave carriageway,0,Turning right,1,Car,No,Nearside,2010
20103102B1059,A,6075,Unclassified,0,Slight,None,12-05-2010,Wednesday,1,Give way or uncontrolled,Crossroads,53.204281,Daylight,466450,367930,-1.006597,E01028341,1,2,0,4,Dry,Single carriageway,None,30,20:30:00,Rural,Fine no high winds,No,16 - 20,10,Small town,8,973,None,None,Other/Not known (2005-10),Mid Junction - on roundabout or on main road,VAUXHALL,CORSA TRIP 12V,Petrol,Male,None,No tow/articulation,Did not leave carriageway,0,Going ahead other,1,Car,No,Nearside,2010
20103102B1828,A,17,Unclassified,0,Slight,None,01-08-2010,Sunday,1,Give way or uncontrolled,Roundabout,53.094208,Daylight,481810,355920,-0.779748,E01028353,1,1,0,0,Dry,Roundabout,None,60,16:23:00,Rural,Fine no high winds,No,16 - 20,10,Data missing or out of range,NA,12130,None,None,Journey as part of work,Leaving roundabout,VOLVO,,Heavy oil,Male,Overturned,Articulated vehicle,Did not leave carriageway,0,Going ahead other,1,Goods 7.5 tonnes mgw and over,No,Nearside,2010
20103102B2076,B,6045,Unclassified,0,Slight,None,17-08-2010,Tuesday,1,Give way or uncontrolled,T or staggered junction,53.346365,Daylight,461310,383670,-1.080509,E01028004,2,2,0,0,Dry,Single carriageway,None,60,18:50:00,Rural,Fine no high winds,No,16 - 20,10,Small town,1,954,None,Telegraph or electricity pole,Other/Not known (2005-10),Leaving main road,CITROEN,SAXO FIRST,Petrol,Male,None,No tow/articulation,Offside,0,Turning right,2,Car,No,Offside,2010
20103102D0958,C,132,Unclassified,0,Slight,None,15-04-2010,Thursday,1,Stop sign,Mini-roundabout,52.996909,Daylight,450100,344660,-1.254979,E01028106,1,2,0,0,Dry,Roundabout,None,30,10:20:00,Urban,Fine no high winds,No,16 - 20,10,Urban area,8,125,None,None,Other/Not known (2005-10),Approaching junction or waiting/parked at junction approach,PIAGGIO,PX 200 E,Petrol,Male,None,No tow/articulation,Did not leave carriageway,0,Waiting to go - held up,2,Motorcycle 125cc and under,No,Front,2010
201032B215610,A,52,B,1174,Slight,None,29-07-2010,Thursday,1,Auto traffic signal,More than 4 arms (not roundabout),52.904127,Daylight,491830,334950,-0.63611,E01026318,1,2,0,5,Dry,Single carriageway,None,30,06:59:00,Urban,Fine no high winds,No,16 - 20,10,Urban area,10,999,None,None,Pupil riding to/from school,Cleared junction or waiting/parked at junction exit,VOLKSWAGEN,POLO E,Petrol,Male,None,No tow/articulation,Did not leave carriageway,0,Turning right,2,Car,No,Front,2010
201032B232210,A,16,Unclassified,0,Slight,None,11-08-2010,Wednesday,1,Give way or uncontrolled,More than 4 arms (not roundabout),52.684648,Daylight,526300,311300,-0.132986,E01026239,3,2,0,0,Dry,Single carriageway,None,60,13:53:00,Rural,Fine no high winds,No,16 - 20,10,Rural,5,1360,None,None,Other/Not known (2005-10),Entering from slip road,CITROEN,SAXO FURIO,Petrol,Male,None,No tow/articulation,Did not leave carriageway,0,Going ahead other,2,Car,No,Back,2010
201032C121010,Unclassified,552,Unclassified,550,Slight,None,28-04-2010,Wednesday,1,Give way or uncontrolled,T or staggered junction,53.147545,Daylight,556120,363700,0.332979,E01026092,1,2,0,0,Dry,Single carriageway,None,30,08:45:00,Urban,Fine no high winds,No,16 - 20,10,Urban area,1,49,Parked vehicle,None,Commuting to/from work,Approaching junction or waiting/parked at junction approach,PEUGEOT,SPEEDFIGHT,Petrol,Male,Skidded,No tow/articulation,Did not leave carriageway,0,Going ahead other,2,Motorcycle 50cc and under,No,Back,2010
201032C155510,B,1191,NA,0,Slight,None,31-05-2010,Monday,1,Data missing or out of range,Not at junction or within 20 metres,53.165473,Daylight,522200,364710,-0.173515,E01026082,1,1,0,0,Wet or damp,Unknown,None,50,06:00:00,Rural,Fine no high winds,No,16 - 20,10,Small town,6,1242,Bollard or refuge,Telegraph or electricity pole,Journey as part of work,Not at or within 20 metres of junction,FORD,FIESTA GHIA 16V,Petrol,Male,Skidded,No tow/articulation,Offside,0,Going ahead other,1,Car,No,Front,2010
201032C218710,A,16,Unclassified,0,Slight,None,30-07-2010,Friday,1,Give way or uncontrolled,T or staggered junction,53.397155,Daylight,531290,390740,-0.02688,E01026045,1,2,0,0,Dry,Single carriageway,None,60,08:12:00,Rural,Fine no high winds,No,16 - 20,10,Rural,5,1686,None,None,Other/Not known (2005-10),Approaching junction or waiting/parked at junction approach,VAUXHALL,ASTRA ENVOY DTI,Heavy oil,Male,None,No tow/articulation,Did not leave carriageway,0,Waiting to turn right,2,Van / Goods 3.5 tonnes mgw or under,No,Back,2010
201032D134610,A,607,NA,0,Slight,None,06-05-2010,Thursday,1,Data missing or out of range,Not at junction or within 20 metres,53.136265,Daylight,497840,360900,-0.538925,E01026195,1,1,0,0,Dry,Single carriageway,None,50,17:24:00,Rural,Fine no high winds,No,16 - 20,10,Data missing or out of range,NA,1390,None,Lamp post,Commuting to/from work,Not at or within 20 metres of junction,SEAT,LEON S,Petrol,Male,Skidded and overturned,No tow/articulation,Nearside,0,Going ahead other,1,Car,No,Offside,2010
201032D272410,A,15,Unclassified,0,Slight,None,15-09-2010,Wednesday,1,Give way or uncontrolled,Other junction,53.216379,Daylight,497580,369810,-0.540094,E01026178,1,2,0,0,Dry,Single carriageway,None,30,08:50:00,Urban,Fine no high winds,No,16 - 20,10,Urban area,3,125,None,None,Other/Not known (2005-10),Approaching junction or waiting/parked at junction approach,APRILIA,,Petrol,Male,None,No tow/articulation,Did not leave carriageway,0,Going ahead other,1,Motorcycle 125cc and under,No,Front,2010
201032D330710,C,315,NA,0,Slight,None,01-11-2010,Monday,1,Data missing or out of range,Not at junction or within 20 metres,52.952432,Daylight,503910,340570,-0.454772,E01026221,2,1,0,0,Wet or damp,Single carriageway,None,60,08:34:00,Rural,Fine no high winds,No,16 - 20,10,Rural,6,1396,None,Tree,Commuting to/from work,Not at or within 20 metres of junction,ROVER,25 IE 16V,Petrol,Male,Skidded and overturned,No tow/articulation,Offside,0,Going ahead other,1,Car,No,Front,2010
201032D341610,B,1003,NA,0,Slight,None,07-11-2010,Sunday,1,Data missing or out of range,Not at junction or within 20 metres,53.218061,Daylight,496240,369970,-0.560106,E01026133,3,3,0,0,Dry,Dual carriageway,None,40,13:50:00,Urban,Fine no high winds,No,16 - 20,10,Data missing or out of range,NA,1242,None,None,Other/Not known (2005-10),Not at or within 20 metres of junction,FIAT,PUNTO 1.2,Petrol,Male,None,No tow/articulation,Did not leave carriageway,0,Slowing or stopping,1,Car,No,Front,2010
201034NC16740,C,194,NA,0,Slight,None,22-04-2010,Thursday,1,Data missing or out of range,Not at junction or within 20 metres,52.496723,Daylight,489180,289570,-0.68779,E01026958,2,3,0,0,Dry,Single carriageway,None,20,17:10:00,Urban,Fine no high winds,No,16 - 20,10,Urban area,4,1242,None,None,Commuting to/from work,Not at or within 20 metres of junction,FIAT,PUNTO ELX 8V,Petrol,Male,None,No tow/articulation,Did not leave carriageway,0,Going ahead other,1,Car,No,Front,2010
201054ES22310,A,338,A,3094,Slight,None,28-08-2019,Tuesday,2,Auto traffic signal,Roundabout,14.78181454,Daylight,414450,128760,78.61040104,E01032005,1,3,0,5,Dry,Roundabout,None,30,12:10:00,Urban,Fine no high winds,No,16 - 20,10,Urban area,5,899,None,None,Other/Not known (2005-10),Leaving roundabout,FIAT,SEICENTO MIA,Petrol,Female,None,No tow/articulation,Did not leave carriageway,0,Going ahead other,1,Car,No,Back,2019
201043S076080,C,156,Unclassified,1014,Slight,None,18-09-2020,Tuesday,1,Auto traffic signal,T or staggered junction,14.80232533,Daylight,486780,235230,78.63703375,E01016712,2,2,0,1,Dry,Single carriageway,None,40,12:17:00,Urban,Fine no high winds,No,16 - 20,10,Rural,9,1324,Bollard or refuge,Near/Offside crash barrier,Other/Not known (2005-10),Cleared junction or waiting/parked at junction exit,MAZDA,323F LXI,Petrol,Female,None,No tow/articulation,Did not leave carriageway,0,Turning right,1,Car,No,Nearside,2019