Accident_Index,1st_Road_Class,1st_Road_Number,2nd_Road_Class,2nd_Road_Number,Accident_Severity,Carriageway_Hazards,Date,Day_of_Week,Did_Police_Officer_Attend_Scene_of_Accident,Junction_Control,Junction_Detail,Latitude,Light_Conditions,Location_Easting_OSGR,Location_Northing_OSGR,Longitude,LSOA_of_Accident_Location,Number_of_Casualties,Number_of_Vehicles,Pedestrian_Crossing-Human_Control,Pedestrian_Crossing-Physical_Facilities,Road_Surface_Conditions,Road_Type,Special_Conditions_at_Site,Speed_limit,Time,Urban_or_Rural_Area,Weather_Conditions,InScotland,Age_Band_of_Driver,Age_of_Vehicle,Driver_Home_Area_Type,Driver_IMD_Decile,Engine_Capacity_.CC.,Hit_Object_in_Carriageway,Hit_Object_off_Carriageway,Journey_Purpose_of_Driver,Junction_Location,make,model,Propulsion_Code,Sex_of_Driver,Skidding_and_Overturning,Towing_and_Articulation,Vehicle_Leaving_Carriageway,Vehicle_Location.Restricted_Lane,Vehicle_Manoeuvre,Vehicle_Reference,Vehicle_Type,Was_Vehicle_Left_Hand_Drive,X1st_Point_of_Impact,Year
201045WO50068,A,322,Unclassified,0,Slight,None,01-08-2020,Monday,1,Auto traffic signal,Other junction,27.10273762,Daylight,494470,161060,93.61803196,E01030806,1,2,0,5,Dry,Single carriageway,None,40,13:50:00,Urban,Fine no high winds,No,16 - 20,10,Urban area,10,1396,None,None,Other/Not known (2005-10),Mid Junction - on roundabout or on main road,ROVER,45 IE 16V,Petrol,Female,None,No tow/articulation,Did not leave carriageway,0,Going ahead other,2,Car,No,Back,2019
201050BL2K041,C,151,Unclassified,0,Slight,None,05-12-2020,Monday,1,Auto traffic signal,Crossroads,27.08839532,Daylight,233150,83390,93.61931187,E01018947,1,2,0,0,Wet or damp,Single carriageway,None,30,10:16:00,Rural,Fine no high winds,No,16 - 20,10,Small town,7,1242,None,None,Other/Not known (2005-10),Approaching junction or waiting/parked at junction approach,FIAT,PUNTO 1.2,Petrol,Female,None,No tow/articulation,Did not leave carriageway,0,Going ahead other,1,Car,No,Front,2019
201042I378611,Unclassified,0,NA,0,Slight,None,11-08-2021,Tuesday,1,Not at junction or within 20 metres,Not at junction or within 20 metres,27.08790263,Daylight,559960,196470,93.63438507,E01021462,1,1,0,0,Dry,Single carriageway,None,60,12:00:00,Rural,Fine no high winds,No,16 - 20,10,Rural,10,1299,None,Other permanent object,Other/Not known (2005-10),Not at or within 20 metres of junction,FORD,KA MILLENIUM,Petrol,Female,Skidded and overturned,No tow/articulation,Nearside,0,Going ahead left-hand bend,1,Car,No,Front,2019
201043S056050,B,4034,NA,0,Slight,None,16-12-2019,Monday,1,Data missing or out of range,Not at junction or within 20 metres,27.09018474,Daylight,486470,238670,93.61161566,E01016733,3,2,0,0,Dry,Dual carriageway,None,70,15:34:00,Urban,Fine no high winds,No,16 - 20,10,Urban area,9,1242,None,None,Other/Not known (2005-10),Not at or within 20 metres of junction,FIAT,PUNTO ELX 8V,Petrol,Female,None,No tow/articulation,Did not leave carriageway,0,Changing lane to right,2,Car,No,Nearside,2019
2010550C18743,C,0,Unclassified,0,Slight,None,16-07-2019,Sunday,1,Give way or uncontrolled,T or staggered junction,27.09704964,Daylight,404390,91780,93.63441077,E01015460,2,2,0,0,Dry,Single carriageway,None,30,13:00:00,Urban,Fine no high winds,No,16 - 20,10,Rural,8,1108,None,None,Other/Not known (2005-10),Entering main road,FIAT,SEICENTO SPORTING,Petrol,Female,None,No tow/articulation,Did not leave carriageway,0,Turning left,1,Car,No,Offside,2019
201034WD11390,A,14,NA,0,Slight,None,03-11-2021,Sunday,1,Data missing or out of range,Not at junction or within 20 metres,26.73710931,Daylight,465610,277900,94.19822602,E01027030,4,7,0,0,Dry,Dual carriageway,None,70,12:15:00,Rural,Fine no high winds,No,16 - 20,10,Data missing or out of range,NA,2997,None,None,Other/Not known (2005-10),Not at or within 20 metres of junction,LEXUS,GS300 SE AUTO,Petrol,Female,Skidded,No tow/articulation,Did not leave carriageway,0,Going ahead other,4,Car,No,Front,2019
201037L018379,A,146,NA,0,Slight,None,28-10-2019,Monday,1,Data missing or out of range,Not at junction or within 20 metres,26.73230352,Daylight,648240,290160,94.19990727,E01030293,1,1,0,0,Wet or damp,Single carriageway,None,50,09:35:00,Rural,Fine no high winds,No,16 - 20,10,Urban area,8,973,None,Tree,Other/Not known (2005-10),Not at or within 20 metres of junction,VAUXHALL,CORSA CLUB 12V,Petrol,Female,Overturned,No tow/articulation,Nearside,0,Going ahead right-hand bend,1,Car,No,Nearside,2019
2010550D18148,A,35,Unclassified,0,Slight,None,10-12-2021,Wednesday,1,Give way or uncontrolled,T or staggered junction,26.7257588,Daylight,353660,92070,94.20424708,E01020512,1,4,0,0,Dry,Single carriageway,None,60,17:56:00,Rural,Fine no high winds,No,16 - 20,10,Small town,5,1299,None,None,Other/Not known (2005-10),Approaching junction or waiting/parked at junction approach,FORD,KA,Petrol,Female,None,No tow/articulation,Did not leave carriageway,0,Going ahead other,1,Car,No,Front,2019
201050GT3W054,A,39,A,390,Slight,None,28-05-2019,Friday,1,Give way or uncontrolled,Mini-roundabout,25.78752495,Daylight,182220,43900,87.49626036,E01018807,2,2,0,0,Dry,Roundabout,None,60,13:09:00,Urban,Fine no high winds,No,16 - 20,10,Rural,4,1242,None,None,Commuting to/from work,Entering roundabout,FIAT,PUNTO 1.2,Petrol,Female,None,No tow/articulation,Did not leave carriageway,0,Waiting to go - held up,2,Car,No,Offside,2019
20104100F0311,A,405,A,405,Slight,None,07-11-2020,Saturday,1,Give way or uncontrolled,Roundabout,25.78338537,Daylight,513110,203690,87.46355559,E01023731,1,2,0,0,Dry,Dual carriageway,None,70,13:15:00,Urban,Fine no high winds,No,16 - 20,10,Urban area,9,1242,None,None,Other/Not known (2005-10),Approaching junction or waiting/parked at junction approach,FIAT,PUNTO ELX 16V,Petrol,Female,None,No tow/articulation,Did not leave carriageway,0,Waiting to go - held up,2,Car,No,Back,2019
201042I342810,A,138,Unclassified,0,Slight,None,27-10-2019,Thursday,2,Give way or uncontrolled,Roundabout,25.76675679,Daylight,571450,206050,87.46697169,E01021581,3,2,0,4,Dry,Roundabout,None,40,10:05:00,Urban,Fine no high winds,No,16 - 20,10,Urban area,7,1149,None,None,Journey as part of work,Leaving roundabout,RENAULT,CLIO MTV,Petrol,Female,None,No tow/articulation,Did not leave carriageway,0,Going ahead right-hand bend,2,Car,No,Back,2019
20104100D0411,Unclassified,29,NA,0,Slight,None,18-07-2019,Thursday,1,Not at junction or within 20 metres,Not at junction or within 20 metres,25.79093358,Daylight,505150,203360,87.46069388,E01023375,1,2,0,0,Wet or damp,Single carriageway,None,60,19:35:00,Rural,Fine no high winds,No,16 - 20,10,Rural,10,1299,None,Other permanent object,Other/Not known (2005-10),Not at or within 20 metres of junction,FORD,KA3,Petrol,Female,Skidded,No tow/articulation,Nearside,0,Going ahead other,2,Car,No,Front,2019
2010400C00696,Unclassified,0,NA,0,Slight,None,12-02-2020,Sunday,2,Data missing or out of range,Not at junction or within 20 metres,22.10658651,Daylight,508870,221470,82.13550418,E01015794,1,2,0,0,Dry,One way street,None,30,12:25:00,Urban,Fine no high winds,No,16 - 20,10,Data missing or out of range,NA,1242,None,None,Other/Not known (2005-10),Not at or within 20 metres of junction,FIAT,PUNTO HLX 16V,Petrol,Female,None,No tow/articulation,Did not leave carriageway,0,Moving off,1,Car,No,Nearside,2019
201050CB2H003,Unclassified,0,NA,0,Slight,None,15-05-2019,Wednesday,1,Not at junction or within 20 metres,Not at junction or within 20 metres,22.10367668,Daylight,260080,134860,82.18542285,E01020088,2,2,0,0,Dry,Single carriageway,None,60,11:54:00,Rural,Fine no high winds,No,16 - 20,10,Rural,5,1108,None,None,Other/Not known (2005-10),Not at or within 20 metres of junction,FIAT,SEICENTO SPORTING,Petrol,Female,Skidded,No tow/articulation,Did not leave carriageway,0,Going ahead right-hand bend,2,Car,No,Front,2019
20104100T2069,A,1001,A(M),1,Slight,None,17-08-2021,Saturday,1,Auto traffic signal,Roundabout,15.25452605,Daylight,521170,207460,74.08971254,E01023938,3,2,0,0,Dry,Roundabout,None,60,19:16:00,Rural,Fine no high winds,No,16 - 20,10,Urban area,6,1124,None,Road sign or traffic signal,Other/Not known (2005-10),Mid Junction - on roundabout or on main road,PEUGEOT,106 XN ZEST 2,Petrol,Female,Skidded and overturned,No tow/articulation,Nearside,0,Going ahead other,2,Car,No,Offside,2019
20104100D0347,C,146,NA,0,Slight,None,24-07-2021,Sunday,1,Not at junction or within 20 metres,Not at junction or within 20 metres,23.07842274,Daylight,499390,208240,72.66074329,E01023362,1,1,0,0,Dry,Single carriageway,None,30,19:10:00,Urban,Fine no high winds,No,16 - 20,10,Rural,10,1242,None,Lamp post,Other/Not known (2005-10),Not at or within 20 metres of junction,FIAT,PUNTO 1.2,Petrol,Female,None,No tow/articulation,Nearside,0,Going ahead other,1,Car,No,Front,2019
201054EC04010,C,74,NA,0,Slight,None,16-07-2021,Thursday,1,Not at junction or within 20 metres,Not at junction or within 20 metres,23.01907617,Daylight,427290,164780,72.66008467,E01031843,1,1,0,0,Wet or damp,Single carriageway,None,60,11:40:00,Rural,Fine no high winds,No,16 - 20,10,Rural,10,1124,None,Other permanent object,Other/Not known (2005-10),Not at or within 20 metres of junction,PEUGEOT,106 XN ZEST 2,Petrol,Female,None,No tow/articulation,Nearside and rebounded,0,Going ahead other,1,Car,No,Front,2019
201042I355210,A,120,Unclassified,0,Slight,None,07-06-2019,Tuesday,1,Give way or uncontrolled,Slip road,23.01542669,Daylight,575240,221720,72.61391069,E01021371,1,2,0,0,Dry,Dual carriageway,None,70,20:05:00,Rural,Fine no high winds,No,16 - 20,10,Urban area,10,1000,Bollard or refuge,Near/Offside crash barrier,Other/Not known (2005-10),Entering from slip road,VOLKSWAGEN,POLO E,Petrol,Female,Skidded,No tow/articulation,Did not leave carriageway,0,Going ahead other,2,Car,No,Front,2019
201043N221070,A,40,Unclassified,1718,Slight,None,10-01-2019,Friday,1,Give way or uncontrolled,T or staggered junction,23.00343418,Daylight,490310,190710,72.52259093,E01017939,2,3,0,0,Dry,Single carriageway,None,30,16:45:00,Urban,Fine no high winds,No,16 - 20,10,Urban area,9,1199,None,None,Other/Not known (2005-10),Approaching junction or waiting/parked at junction approach,VAUXHALL,CORSA CLUB 16V,Petrol,Female,None,No tow/articulation,Did not leave carriageway,0,Waiting to turn right,1,Car,No,Back,2019
201042I103504,B,1441,NA,0,Slight,None,23-06-2020,Sunday,2,Data missing or out of range,Not at junction or within 20 metres,23.03958485,Daylight,616610,218570,72.65061789,E01022016,1,2,0,0,Dry,Single carriageway,None,30,16:20:00,Urban,Fine no high winds,No,16 - 20,10,Urban area,4,1299,None,None,Other/Not known (2005-10),Not at or within 20 metres of junction,FORD,KA SILVER,Petrol,Female,None,No tow/articulation,Did not leave carriageway,0,Turning right,2,Car,No,Front,2019
201045RU51955,Motorway,25,NA,0,Slight,None,06-12-2019,Wednesday,1,Data missing or out of range,Not at junction or within 20 metres,28.46746018,Daylight,503280,165960,76.98731173,E01030655,1,2,0,0,Dry,Dual carriageway,None,70,05:54:00,Rural,Fine no high winds,No,16 - 20,10,Urban area,8,1242,None,None,Other/Not known (2005-10),Not at or within 20 metres of junction,FIAT,PUNTO ELX 16V,Petrol,Female,None,No tow/articulation,Did not leave carriageway,0,Changing lane to left,2,Car,No,Nearside,2019
201042I078402,A,12,Unclassified,0,Slight,None,24-05-2019,Thursday,2,Give way or uncontrolled,Slip road,28.49966616,Daylight,597110,225500,77.08602877,E01021676,1,2,0,0,Dry,Dual carriageway,None,70,08:20:00,Rural,Fine no high winds,No,16 - 20,10,Rural,8,1360,None,None,Other/Not known (2005-10),Approaching junction or waiting/parked at junction approach,PEUGEOT,206 GLX,Petrol,Female,None,No tow/articulation,Did not leave carriageway,0,Going ahead other,1,Car,No,Front,2019
201050KU2R006,Unclassified,0,NA,0,Slight,None,08-07-2021,Tuesday,2,Not at junction or within 20 metres,Not at junction or within 20 metres,28.48903196,Daylight,302320,107600,77.05887263,E01020055,1,2,0,0,Dry,Single carriageway,None,30,20:00:00,Rural,Fine no high winds,No,16 - 20,10,Small town,8,1299,None,None,Other/Not known (2005-10),Not at or within 20 metres of junction,FORD,KA 2,Petrol,Female,None,No tow/articulation,Did not leave carriageway,0,Waiting to go - held up,2,Car,No,Back,2019
201042I075503,B,149,NA,0,Slight,None,08-12-2021,Monday,1,Not at junction or within 20 metres,Not at junction or within 20 metres,13.0387684,Daylight,563310,178770,77.61853929,E01015967,3,2,0,0,Dry,Single carriageway,None,30,11:11:00,Rural,Fine no high winds,No,16 - 20,10,Data missing or out of range,NA,1299,None,None,Journey as part of work,Not at or within 20 metres of junction,FORD,KA,Petrol,Female,None,No tow/articulation,Did not leave carriageway,0,Going ahead other,2,Car,No,Front,2019
20104100A0452,C,39,Unclassified,19,Slight,None,08-05-2020,Saturday,1,Give way or uncontrolled,T or staggered junction,13.04024942,Daylight,539730,218760,77.57707233,E01023507,1,2,0,0,Dry,Single carriageway,None,60,15:15:00,Rural,Fine no high winds,No,16 - 20,10,Rural,9,1299,None,None,Other/Not known (2005-10),Entering main road,FORD,KA 2,Petrol,Female,Skidded,No tow/articulation,Did not leave carriageway,0,Turning right,1,Car,No,Offside,2020
201042I344610,A,1019,NA,,Slight,None,02-06-2020,Tuesday,1,Auto traffic signal,Other junction,8.887844104,Daylight,544790,209960,76.68675629,E01021872,1,1,0,4,Dry,Dual carriageway,None,40,13:25:00,Urban,Fine no high winds,No,16 - 20,10,Urban area,8,NA,None,None,Journey as part of work,Mid Junction - on roundabout or on main road,DENNIS,,Heavy oil,Female,None,No tow/articulation,Did not leave carriageway,0,Going ahead other,1,Bus or coach (17 or more pass seats),No,Front,2020
2010400C03120,Unclassified,0,Unclassified,0,Slight,None,29-09-2020,Saturday,1,Give way or uncontrolled,T or staggered junction,8.891454905,Daylight,509450,221210,76.6980577,E01015789,1,1,0,1,Dry,Single carriageway,None,30,16:30:00,Urban,Fine no high winds,No,16 - 20,10,Urban area,2,1299,None,None,Other/Not known (2005-10),Cleared junction or waiting/parked at junction exit,FORD,KA,Petrol,Female,None,No tow/articulation,Did not leave carriageway,0,Slowing or stopping,1,Car,No,Nearside,2020
201050GE4N006,C,765,NA,0,Slight,None,16-10-2019,Wednesday,1,Not at junction or within 20 metres,Not at junction or within 20 metres,8.879268893,Daylight,188520,47600,76.63402162,E01018845,3,2,0,0,Dry,Single carriageway,None,60,22:02:00,Rural,Fine no high winds,No,16 - 20,10,Rural,5,1527,None,None,Other/Not known (2005-10),Not at or within 20 metres of junction,PEUGEOT,106 ZEST 2 DIESEL,Heavy oil,Female,None,No tow/articulation,Did not leave carriageway,0,Going ahead other,2,Car,No,Front,2020
2010550C21768,A,35,Unclassified,0,Slight,None,25-08-2020,Thursday,1,Give way or uncontrolled,Private drive or entrance,22.74349064,Daylight,406100,91790,75.91480242,E01015402,2,3,0,0,Dry,Single carriageway,None,30,20:23:00,Urban,Fine no high winds,No,16 - 20,10,Urban area,2,1598,None,None,Other/Not known (2005-10),Approaching junction or waiting/parked at junction approach,RENAULT,MEGANE COUPE 1.6,Petrol,Female,None,No tow/articulation,Did not leave carriageway,0,Going ahead other,1,Car,No,Front,2020
201050AY2B007,B,3301,B,3302,Slight,None,20-04-2019,Friday,1,Give way or uncontrolled,Roundabout,22.74254783,Daylight,155850,37170,75.89228574,E01018983,2,2,0,0,Dry,Roundabout,None,30,12:54:00,Rural,Fine no high winds,No,16 - 20,10,Rural,3,1124,None,None,Other/Not known (2005-10),Entering roundabout,PEUGEOT,206 L,Petrol,Female,None,No tow/articulation,Did not leave carriageway,0,Going ahead other,1,Car,No,Front,2020
201043W013080,A,33,NA,0,Slight,None,09-05-2021,Tuesday,2,Data missing or out of range,Not at junction or within 20 metres,26.46513341,Daylight,471920,172750,74.64288601,E01016378,1,2,0,0,Dry,One way street,None,30,20:15:00,Urban,Fine no high winds,No,16 - 20,10,Urban area,9,1299,None,None,Other/Not known (2005-10),Not at or within 20 metres of junction,FORD,KA MILLENIUM,Petrol,Female,None,No tow/articulation,Did not leave carriageway,0,Waiting to go - held up,1,Car,No,Back,2020
201043P030100,B,430,A,4095,Slight,None,14-01-2020,Tuesday,1,Give way or uncontrolled,T or staggered junction,26.47302388,Daylight,453340,222050,74.64668121,E01028424,1,2,0,0,Wet or damp,Single carriageway,None,60,15:15:00,Rural,Fine no high winds,No,16 - 20,10,Urban area,7,973,None,None,Other/Not known (2005-10),Mid Junction - on roundabout or on main road,VAUXHALL,CORSA CLUB 12V,Petrol,Female,None,No tow/articulation,Did not leave carriageway,0,Going ahead other,2,Car,No,Front,2020
201050GA2A010,A,30,NA,0,Slight,None,29-06-2020,Saturday,1,Data missing or out of range,Not at junction or within 20 metres,26.46808731,Daylight,198960,61940,74.64900691,E01018945,1,1,0,0,Dry,Dual carriageway,None,70,08:17:00,Rural,Fine no high winds,No,16 - 20,10,Data missing or out of range,NA,1199,None,Other permanent object,Other/Not known (2005-10),Not at or within 20 metres of junction,VAUXHALL,CORSA CLUB 16V,Petrol,Female,None,No tow/articulation,Nearside,0,Going ahead other,1,Car,No,Front,2020
201042I275708,B,1014,Unclassified,0,Slight,None,29-05-2021,Thursday,1,Give way or uncontrolled,Mini-roundabout,26.46021932,Daylight,581190,183190,74.6323479,E01021490,2,2,0,0,Dry,Roundabout,None,30,14:05:00,Urban,Fine no high winds,No,16 - 20,10,Urban area,6,1299,None,None,Other/Not known (2005-10),Mid Junction - on roundabout or on main road,FORD,KA 2,Petrol,Female,Skidded,No tow/articulation,Did not leave carriageway,0,Going ahead other,2,Car,No,Front,2020
20104100C1149,A,411,NA,0,Slight,None,13-02-2021,Thursday,1,Not at junction or within 20 metres,Not at junction or within 20 metres,26.47611454,Daylight,509580,198230,80.28958368,E01023887,2,3,0,8,Wet or damp,Single carriageway,None,30,08:50:00,Urban,Fine no high winds,No,16 - 20,10,Urban area,7,1299,None,None,Other/Not known (2005-10),Not at or within 20 metres of junction,FORD,KA,Petrol,Female,None,No tow/articulation,Did not leave carriageway,0,Going ahead other,2,Car,No,Back,2020
201043N163090,C,125,Unclassified,3061,Slight,None,17-04-2020,Wednesday,1,Give way or uncontrolled,T or staggered junction,26.46579285,Daylight,488510,194310,80.27876441,E01017920,1,2,0,0,Dry,Single carriageway,None,30,18:49:00,Urban,Fine no high winds,No,16 - 20,10,Urban area,10,1390,None,None,Commuting to/from work,Mid Junction - on roundabout or on main road,VOLKSWAGEN,POLO 1.4 CL,Petrol,Female,None,No tow/articulation,Did not leave carriageway,0,Waiting to go - held up,2,Car,No,Back,2020
201050BL2L005,A,30,NA,0,Slight,None,04-12-2019,Friday,1,Not at junction or within 20 metres,Not at junction or within 20 metres,26.45568184,Daylight,219920,78220,80.32865469,E01018925,1,1,0,0,Wet or damp,Dual carriageway,None,70,14:14:00,Rural,Fine no high winds,No,16 - 20,10,Urban area,5,1124,Kerb,Other permanent object,Other/Not known (2005-10),Not at or within 20 metres of junction,CITROEN,SAXO FORTE,Petrol,Female,Overturned,No tow/articulation,Nearside,0,Going ahead other,1,Car,No,Front,2020
201037G029626,B,1438,Unclassified,3629,Slight,None,29-11-2019,Thursday,1,Give way or uncontrolled,T or staggered junction,28.63733991,Daylight,627720,249180,77.12219282,E01030211,1,2,0,0,Dry,Single carriageway,None,30,12:15:00,Urban,Fine no high winds,No,16 - 20,10,Rural,7,954,None,None,Other/Not known (2005-10),Cleared junction or waiting/parked at junction exit,CITROEN,SAXO FIRST,Petrol,Female,None,No tow/articulation,Did not leave carriageway,0,Slowing or stopping,1,Car,No,Front,2020
20104100J0464,A,41,Motorway,1,Slight,None,01-04-2019,Monday,1,Auto traffic signal,Roundabout,28.60346807,Daylight,512970,198240,77.25575143,E01023528,1,2,0,0,Dry,Roundabout,None,60,17:40:00,Rural,Fine no high winds,No,16 - 20,10,Urban area,7,1299,None,None,Other/Not known (2005-10),Leaving roundabout,TOYOTA,YARIS SR,Petrol,Female,None,No tow/articulation,Did not leave carriageway,0,Turning left,1,Car,No,Offside,2020
201050BT2A008,A,374,NA,0,Slight,None,02-06-2020,Monday,3,Data missing or out of range,Not at junction or within 20 metres,28.69000035,Daylight,231020,57380,77.21554293,E01018757,1,1,0,0,Wet or damp,Single carriageway,None,60,22:43:00,Rural,Fine no high winds,No,16 - 20,10,Rural,6,1299,None,Tree,Commuting to/from work,Not at or within 20 metres of junction,FORD,KA,Petrol,Female,Skidded and overturned,No tow/articulation,Offside,0,Going ahead left-hand bend,1,Car,No,Front,2020
201050GC2J007,A,39,NA,0,Slight,None,05-07-2021,Monday,2,Data missing or out of range,Not at junction or within 20 metres,28.61388841,Daylight,192680,66210,77.18227867,E01019060,2,1,0,0,Dry,Single carriageway,None,60,11:41:00,Rural,Fine no high winds,No,16 - 20,10,Rural,5,993,None,Telegraph or electricity pole,Other/Not known (2005-10),Not at or within 20 metres of junction,SUZUKI,SWIFT CIRRUS,Petrol,Female,None,No tow/articulation,Nearside,0,Going ahead other,1,Car,No,Nearside,2020
201050GP2D007,A,39,NA,0,Slight,None,14-07-2021,Friday,1,Not at junction or within 20 metres,Not at junction or within 20 metres,28.7167121,Daylight,176730,34580,77.34732053,E01018899,1,2,0,0,Wet or damp,Dual carriageway,None,70,12:59:00,Rural,Fine no high winds,No,16 - 20,10,Urban area,8,1527,None,None,Other/Not known (2005-10),Not at or within 20 metres of junction,PEUGEOT,106 XND ZEST 2,Heavy oil,Female,None,No tow/articulation,Did not leave carriageway,0,Slowing or stopping,1,Car,No,Front,2021
201042I282508,B,1010,B,1018,Slight,None,11-08-2020,Tuesday,1,Give way or uncontrolled,Mini-roundabout,28.57742552,Daylight,586030,200250,77.25759686,E01021902,1,3,0,0,Dry,Roundabout,None,40,08:15:00,Rural,Fine no high winds,No,16 - 20,10,Urban area,5,1299,None,None,Journey as part of work,Entering roundabout,FORD,KA SILVER,Petrol,Female,None,No tow/articulation,Did not leave carriageway,0,Going ahead other,2,Car,No,Front,2021
201042I079403,Unclassified,0,NA,0,Slight,None,21-08-2019,Friday,2,Not at junction or within 20 metres,Not at junction or within 20 metres,28.65572547,Daylight,574720,193610,77.27605503,E01021334,1,3,0,0,Dry,Single carriageway,None,30,11:30:00,Urban,Fine no high winds,No,16 - 20,10,Rural,8,1299,None,None,Other/Not known (2005-10),Not at or within 20 metres of junction,FORD,KA 2,Petrol,Female,None,No tow/articulation,Did not leave carriageway,0,Going ahead other,1,Car,No,Front,2021
201036T100172,C,802,NA,,Slight,None,06-08-2019,Thursday,2,Give way or uncontrolled,Other junction,18.58301998,Daylight,620920,308970,73.91532239,E01026863,1,2,0,0,Wet or damp,Single carriageway,None,30,09:05:00,Urban,Fine no high winds,No,16 - 20,10,Urban area,8,1199,None,None,Other/Not known (2005-10),Approaching junction or waiting/parked at junction approach,VAUXHALL,CORSA CLUB 16V,Petrol,Female,None,No tow/articulation,Did not leave carriageway,0,Going ahead other,1,Car,No,Front,2021
201050JN2N022,Unclassified,0,NA,0,Slight,None,12-12-2020,Friday,1,Not at junction or within 20 metres,Not at junction or within 20 metres,18.5513224,Daylight,286690,71240,73.80343921,E01020217,1,1,0,4,Dry,Single carriageway,None,30,19:37:00,Urban,Fine no high winds,No,16 - 20,10,Urban area,4,1391,None,None,Other/Not known (2005-10),Not at or within 20 metres of junction,SEAT,IBIZA.COOL/S,Petrol,Female,None,No tow/articulation,Did not leave carriageway,0,Going ahead other,1,Car,No,Front,2021
201034WN21370,A,5123,A,43,Slight,None,11-11-2019,Tuesday,1,Give way or uncontrolled,Roundabout,18.62753547,Daylight,478780,264840,73.77862038,E01027221,1,2,0,0,Dry,Single carriageway,None,30,16:05:00,Urban,Fine no high winds,No,16 - 20,10,Urban area,9,1299,None,None,Other/Not known (2005-10),Approaching junction or waiting/parked at junction approach,FORD,KA,Petrol,Female,None,No tow/articulation,Did not leave carriageway,0,Waiting to go - held up,2,Car,No,Back,2021
20104100D0698,A,41,A,41,Slight,None,02-03-2021,Saturday,2,Give way or uncontrolled,Roundabout,18.51436275,Daylight,504950,205220,73.82356058,E01023378,1,2,0,0,Dry,Slip road,None,60,02:25:00,Rural,Fine no high winds,No,16 - 20,10,Urban area,7,998,None,None,Other/Not known (2005-10),Approaching junction or waiting/parked at junction approach,TOYOTA,YARIS GS,Petrol,Female,None,No tow/articulation,Did not leave carriageway,0,Waiting to go - held up,2,Car,No,Back,2021
201036T100153,Unclassified,0,NA,0,Slight,None,24-04-2020,Friday,1,Data missing or out of range,Not at junction or within 20 metres,18.60362471,Daylight,640640,323920,73.85808256,E01026785,1,1,0,0,Dry,Single carriageway,None,60,08:48:00,Rural,Fine no high winds,No,16 - 20,10,Rural,4,998,None,Entered ditch,Other/Not known (2005-10),Not at or within 20 metres of junction,NISSAN,MICRA SE 16V,Petrol,Female,Skidded and overturned,No tow/articulation,Offside,0,Going ahead right-hand bend,1,Car,No,Front,2021
201042I196806,Unclassified,0,Unclassified,0,Slight,Other object on road,08-01-2019,Thursday,1,Stop sign,Crossroads,19.09507098,Daylight,612300,215640,72.86958301,E01022047,1,2,0,0,Dry,Single carriageway,None,30,06:45:00,Rural,Fine no high winds,No,16 - 20,10,Rural,4,1360,None,None,Journey as part of work,Mid Junction - on roundabout or on main road,PEUGEOT,206 GLX,Petrol,Female,None,No tow/articulation,Did not leave carriageway,0,Going ahead other,2,Car,No,Offside,2021
201043S045060,C,132,Unclassified,1038,Slight,None,11-12-2019,Thursday,1,Give way or uncontrolled,T or staggered junction,19.13224473,Daylight,487650,242970,72.91928803,E01016791,2,2,0,0,Dry,Single carriageway,None,30,18:30:00,Urban,Fine no high winds,No,16 - 20,10,Urban area,9,973,None,None,Other/Not known (2005-10),Mid Junction - on roundabout or on main road,VAUXHALL,CORSA GLS 12V,Petrol,Female,None,No tow/articulation,Did not leave carriageway,0,Turning right,1,Car,No,Front,2021
201050BS2K003,C,230,NA,0,Slight,None,15-12-2019,Tuesday,1,Not at junction or within 20 metres,Not at junction or within 20 metres,19.0798841,Daylight,239980,67340,72.85735726,E01018765,1,1,0,0,Wet or damp,Single carriageway,None,60,08:42:00,Rural,Fine no high winds,No,16 - 20,10,Data missing or out of range,NA,1124,None,None,Other/Not known (2005-10),Not at or within 20 metres of junction,PEUGEOT,206 STYLE,Petrol,Female,None,No tow/articulation,Did not leave carriageway,0,Going ahead left-hand bend,1,Car,No,Front,2021
201050JO3C009,A,3079,NA,0,Slight,None,02-04-2020,Tuesday,1,Not at junction or within 20 metres,Not at junction or within 20 metres,19.15045204,Daylight,254580,94280,72.87919563,E01020314,2,1,0,0,Wet or damp,Single carriageway,None,60,20:04:00,Rural,Fine no high winds,No,16 - 20,10,Urban area,9,1360,None,Other permanent object,Other/Not known (2005-10),Not at or within 20 metres of junction,PEUGEOT,206 GLX,Petrol,Female,None,No tow/articulation,Offside and rebounded,0,Going ahead left-hand bend,1,Car,No,Front,2021
201045SU48905,Unclassified,0,Unclassified,0,Slight,None,28-05-2020,Monday,1,Give way or uncontrolled,Roundabout,19.1297132,Daylight,487970,155890,72.88169477,E01023112,2,2,0,0,Dry,Roundabout,None,40,14:40:00,Rural,Fine no high winds,No,16 - 20,10,Urban area,8,1299,None,None,Other/Not known (2005-10),Leaving roundabout,FORD,KA,Petrol,Female,None,No tow/articulation,Did not leave carriageway,0,Turning right,2,Car,No,Nearside,2021
201045WA52190,A,287,Unclassified,5507,Slight,None,12-08-2021,Friday,1,Give way or uncontrolled,T or staggered junction,16.36525065,Daylight,488270,133750,76.75857987,E01030929,1,2,0,0,Dry,Single carriageway,None,50,18:54:00,Rural,Fine no high winds,No,16 - 20,10,Urban area,10,1299,None,None,Other/Not known (2005-10),Approaching junction or waiting/parked at junction approach,FORD,KA 2,Petrol,Female,None,No tow/articulation,Did not leave carriageway,0,Going ahead other,1,Car,No,Front,2021