Accident_Index,1st_Road_Class,1st_Road_Number,2nd_Road_Class,2nd_Road_Number,Accident_Severity,Carriageway_Hazards,Date,Day_of_Week,Did_Police_Officer_Attend_Scene_of_Accident,Junction_Control,Junction_Detail,Latitude,Light_Conditions,Location_Easting_OSGR,Location_Northing_OSGR,Longitude,LSOA_of_Accident_Location,Number_of_Casualties,Number_of_Vehicles,Pedestrian_Crossing-Human_Control,Pedestrian_Crossing-Physical_Facilities,Road_Surface_Conditions,Road_Type,Special_Conditions_at_Site,Speed_limit,Time,Urban_or_Rural_Area,Weather_Conditions,InScotland,Age_Band_of_Driver,Age_of_Vehicle,Driver_Home_Area_Type,Driver_IMD_Decile,Engine_Capacity_.CC.,Hit_Object_in_Carriageway,Hit_Object_off_Carriageway,Journey_Purpose_of_Driver,Junction_Location,make,model,Propulsion_Code,Sex_of_Driver,Skidding_and_Overturning,Towing_and_Articulation,Vehicle_Leaving_Carriageway,Vehicle_Location.Restricted_Lane,Vehicle_Manoeuvre,Vehicle_Reference,Vehicle_Type,Was_Vehicle_Left_Hand_Drive,X1st_Point_of_Impact,Year
201043W041010,A,33,NA,0,Slight,None,23-01-2019,Monday,1,Data missing or out of range,Not at junction or within 20 metres,27.10495692,Daylight,470470,165500,93.61413466,E01016690,1,1,0,0,Frost or ice,Dual carriageway,None,60,07:57:00,Rural,Fine no high winds,No,16 - 20,10,Urban area,10,1299,None,Tree,Other/Not known (2005-10),Not at or within 20 metres of junction,FORD,KA STYLE,Petrol,Female,Skidded and overturned,No tow/articulation,Nearside,0,Going ahead other,1,Car,No,Back,2019
201050EC2E036,Unclassified,0,Unclassified,0,Slight,None,24-12-2019,Friday,1,Give way or uncontrolled,T or staggered junction,27.09808166,Daylight,248080,54240,93.61079929,E01015156,1,2,0,0,Dry,One way street,None,30,21:19:00,Urban,Fine no high winds,No,16 - 20,10,Urban area,10,1124,None,None,Other/Not known (2005-10),Mid Junction - on roundabout or on main road,PEUGEOT,106 INDEPENDENCE,Petrol,Female,None,No tow/articulation,Did not leave carriageway,0,Turning right,1,Car,No,Front,2019
201042I301609,B,1393,B,182,Slight,None,01-04-2019,Friday,1,Give way or uncontrolled,Mini-roundabout,26.74407205,Daylight,545240,201470,94.21900573,E01021763,1,2,0,0,Dry,Roundabout,None,30,17:00:00,Rural,Fine no high winds,No,16 - 20,10,Urban area,5,1299,None,None,Other/Not known (2005-10),Entering roundabout,FORD,KA 2,Petrol,Female,None,No tow/articulation,Did not leave carriageway,0,Turning right,1,Car,No,Front,2019
20104100J0243,Unclassified,487,NA,0,Slight,None,30-06-2020,Wednesday,1,Not at junction or within 20 metres,Not at junction or within 20 metres,26.73171737,Daylight,518680,198000,94.20556321,E01023536,1,1,0,0,Dry,Single carriageway,None,30,16:19:00,Urban,Fine no high winds,No,16 - 20,10,Urban area,10,1388,None,None,Other/Not known (2005-10),Not at or within 20 metres of junction,FORD,PUMA 1.4 16V,Petrol,Female,None,No tow/articulation,Did not leave carriageway,0,Going ahead other,1,Car,No,Front,2019
201001KD50523,C,0,Unclassified,0,Slight,None,07-10-2010,Thursday,1,Give way or uncontrolled,T or staggered junction,51.569992,Daylight,553920,188020,0.219559,E01002274,2,2,0,0,Dry,Single carriageway,None,30,11:58:00,Urban,Fine no high winds,No,16 - 20,10,Urban area,9,1299,None,None,Other/Not known (2005-10),Approaching junction or waiting/parked at junction approach,FORD,KA,Petrol,Female,Overturned,No tow/articulation,Did not leave carriageway,0,Going ahead other,1,Car,No,Front,2010
201001SX20402,Unclassified,0,Unclassified,0,Slight,None,16-04-2010,Friday,1,Give way or uncontrolled,Crossroads,51.587699,Daylight,521510,189110,-0.247453,E01000149,1,2,0,0,Dry,Single carriageway,None,30,18:25:00,Urban,Fine no high winds,No,16 - 20,10,Urban area,8,1994,None,None,Other/Not known (2005-10),Mid Junction - on roundabout or on main road,ROVER,45 IL TURBO DIESEL,Heavy oil,Female,None,No tow/articulation,Did not leave carriageway,0,Waiting to turn right,2,Car,No,Nearside,2010
201034WD11390,A,14,NA,0,Slight,None,14-03-2010,Sunday,1,Data missing or out of range,Not at junction or within 20 metres,52.395163,Daylight,465610,277900,-1.037211,E01027030,4,7,0,0,Dry,Dual carriageway,None,70,12:15:00,Rural,Fine no high winds,No,16 - 20,10,Data missing or out of range,NA,2997,None,None,Other/Not known (2005-10),Not at or within 20 metres of junction,LEXUS,GS300 SE AUTO,Petrol,Female,Skidded,No tow/articulation,Did not leave carriageway,0,Going ahead other,4,Car,No,Front,2010
201034WN21370,A,5123,A,43,Slight,None,25-05-2010,Tuesday,1,Give way or uncontrolled,Roundabout,52.276038,Daylight,478780,264840,-0.846757,E01027221,1,2,0,0,Dry,Single carriageway,None,30,16:05:00,Urban,Fine no high winds,No,16 - 20,10,Urban area,9,1299,None,None,Other/Not known (2005-10),Approaching junction or waiting/parked at junction approach,FORD,KA,Petrol,Female,None,No tow/articulation,Did not leave carriageway,0,Waiting to go - held up,2,Car,No,Back,2010
201036T100153,Unclassified,0,NA,0,Slight,None,12-11-2010,Friday,1,Data missing or out of range,Not at junction or within 20 metres,52.759214,Daylight,640640,323920,1.565062,E01026785,1,1,0,0,Dry,Single carriageway,None,60,08:48:00,Rural,Fine no high winds,No,16 - 20,10,Rural,4,998,None,Entered ditch,Other/Not known (2005-10),Not at or within 20 metres of junction,NISSAN,MICRA SE 16V,Petrol,Female,Skidded and overturned,No tow/articulation,Offside,0,Going ahead right-hand bend,1,Car,No,Front,2010
201036T100172,C,802,NA,,Slight,None,16-12-2010,Thursday,2,Give way or uncontrolled,Other junction,52.633453,Daylight,620920,308970,1.263302,E01026863,1,2,0,0,Wet or damp,Single carriageway,None,30,09:05:00,Urban,Fine no high winds,No,16 - 20,10,Urban area,8,1199,None,None,Other/Not known (2005-10),Approaching junction or waiting/parked at junction approach,VAUXHALL,CORSA CLUB 16V,Petrol,Female,None,No tow/articulation,Did not leave carriageway,0,Going ahead other,1,Car,No,Front,2010
201037G029626,B,1438,Unclassified,3629,Slight,None,08-07-2010,Thursday,1,Give way or uncontrolled,T or staggered junction,52.094029,Daylight,627720,249180,1.323057,E01030211,1,2,0,0,Dry,Single carriageway,None,30,12:15:00,Urban,Fine no high winds,No,16 - 20,10,Rural,7,954,None,None,Other/Not known (2005-10),Cleared junction or waiting/parked at junction exit,CITROEN,SAXO FIRST,Petrol,Female,None,No tow/articulation,Did not leave carriageway,0,Slowing or stopping,1,Car,No,Front,2010
201037L018379,A,146,NA,0,Slight,None,23-08-2010,Monday,1,Data missing or out of range,Not at junction or within 20 metres,52.452899,Daylight,648240,290160,1.652137,E01030293,1,1,0,0,Wet or damp,Single carriageway,None,50,09:35:00,Rural,Fine no high winds,No,16 - 20,10,Urban area,8,973,None,Tree,Other/Not known (2005-10),Not at or within 20 metres of junction,VAUXHALL,CORSA CLUB 12V,Petrol,Female,Overturned,No tow/articulation,Nearside,0,Going ahead right-hand bend,1,Car,No,Nearside,2010
2010400C00696,Unclassified,0,NA,0,Slight,None,07-03-2010,Sunday,2,Data missing or out of range,Not at junction or within 20 metres,51.881129,Daylight,508870,221470,-0.419715,E01015794,1,2,0,0,Dry,One way street,None,30,12:25:00,Urban,Fine no high winds,No,16 - 20,10,Data missing or out of range,NA,1242,None,None,Other/Not known (2005-10),Not at or within 20 metres of junction,FIAT,PUNTO HLX 16V,Petrol,Female,None,No tow/articulation,Did not leave carriageway,0,Moving off,1,Car,No,Nearside,2010
2010400C03120,Unclassified,0,Unclassified,0,Slight,None,23-10-2010,Saturday,1,Give way or uncontrolled,T or staggered junction,51.878679,Daylight,509450,221210,-0.411374,E01015789,1,1,0,1,Dry,Single carriageway,None,30,16:30:00,Urban,Fine no high winds,No,16 - 20,10,Urban area,2,1299,None,None,Other/Not known (2005-10),Cleared junction or waiting/parked at junction exit,FORD,KA,Petrol,Female,None,No tow/articulation,Did not leave carriageway,0,Slowing or stopping,1,Car,No,Nearside,2010
20104100A0452,C,39,Unclassified,19,Slight,None,17-07-2010,Saturday,1,Give way or uncontrolled,T or staggered junction,51.849906,Daylight,539730,218760,0.027265,E01023507,1,2,0,0,Dry,Single carriageway,None,60,15:15:00,Rural,Fine no high winds,No,16 - 20,10,Rural,9,1299,None,None,Other/Not known (2005-10),Entering main road,FORD,KA 2,Petrol,Female,Skidded,No tow/articulation,Did not leave carriageway,0,Turning right,1,Car,No,Offside,2010
20104100C1149,A,411,NA,0,Slight,None,25-11-2010,Thursday,1,Not at junction or within 20 metres,Not at junction or within 20 metres,51.672114,Daylight,509580,198230,-0.416733,E01023887,2,3,0,8,Wet or damp,Single carriageway,None,30,08:50:00,Urban,Fine no high winds,No,16 - 20,10,Urban area,7,1299,None,None,Other/Not known (2005-10),Not at or within 20 metres of junction,FORD,KA,Petrol,Female,None,No tow/articulation,Did not leave carriageway,0,Going ahead other,2,Car,No,Back,2010
20104100D0347,C,146,NA,0,Slight,None,23-05-2010,Sunday,1,Not at junction or within 20 metres,Not at junction or within 20 metres,51.763983,Daylight,499390,208240,-0.561189,E01023362,1,1,0,0,Dry,Single carriageway,None,30,19:10:00,Urban,Fine no high winds,No,16 - 20,10,Rural,10,1242,None,Lamp post,Other/Not known (2005-10),Not at or within 20 metres of junction,FIAT,PUNTO 1.2,Petrol,Female,None,No tow/articulation,Nearside,0,Going ahead other,1,Car,No,Front,2010
20104100D0411,Unclassified,29,NA,0,Slight,None,10-06-2010,Thursday,1,Not at junction or within 20 metres,Not at junction or within 20 metres,51.71907,Daylight,505150,203360,-0.479227,E01023375,1,2,0,0,Wet or damp,Single carriageway,None,60,19:35:00,Rural,Fine no high winds,No,16 - 20,10,Rural,10,1299,None,Other permanent object,Other/Not known (2005-10),Not at or within 20 metres of junction,FORD,KA3,Petrol,Female,Skidded,No tow/articulation,Nearside,0,Going ahead other,2,Car,No,Front,2010
20104100D0698,A,41,A,41,Slight,None,18-09-2010,Saturday,2,Give way or uncontrolled,Roundabout,51.735825,Daylight,504950,205220,-0.481561,E01023378,1,2,0,0,Dry,Slip road,None,60,02:25:00,Rural,Fine no high winds,No,16 - 20,10,Urban area,7,998,None,None,Other/Not known (2005-10),Approaching junction or waiting/parked at junction approach,TOYOTA,YARIS GS,Petrol,Female,None,No tow/articulation,Did not leave carriageway,0,Waiting to go - held up,2,Car,No,Back,2010
20104100F0311,A,405,A,405,Slight,None,24-04-2010,Saturday,1,Give way or uncontrolled,Roundabout,51.720488,Daylight,513110,203690,-0.363937,E01023731,1,2,0,0,Dry,Dual carriageway,None,70,13:15:00,Urban,Fine no high winds,No,16 - 20,10,Urban area,9,1242,None,None,Other/Not known (2005-10),Approaching junction or waiting/parked at junction approach,FIAT,PUNTO ELX 16V,Petrol,Female,None,No tow/articulation,Did not leave carriageway,0,Waiting to go - held up,2,Car,No,Back,2010
20104100J0243,Unclassified,487,NA,0,Slight,None,05-05-2010,Wednesday,1,Not at junction or within 20 metres,Not at junction or within 20 metres,51.6682,Daylight,518680,198000,-0.285273,E01023536,1,1,0,0,Dry,Single carriageway,None,30,16:19:00,Urban,Fine no high winds,No,16 - 20,10,Urban area,10,1388,None,None,Other/Not known (2005-10),Not at or within 20 metres of junction,FORD,PUMA 1.4 16V,Petrol,Female,None,No tow/articulation,Did not leave carriageway,0,Going ahead other,1,Car,No,Front,2010
20104100J0464,A,41,Motorway,1,Slight,None,23-08-2010,Monday,1,Auto traffic signal,Roundabout,51.671533,Daylight,512970,198240,-0.367726,E01023528,1,2,0,0,Dry,Roundabout,None,60,17:40:00,Rural,Fine no high winds,No,16 - 20,10,Urban area,7,1299,None,None,Other/Not known (2005-10),Leaving roundabout,TOYOTA,YARIS SR,Petrol,Female,None,No tow/articulation,Did not leave carriageway,0,Turning left,1,Car,No,Offside,2010
20104100T2069,A,1001,A(M),1,Slight,None,19-06-2010,Saturday,1,Auto traffic signal,Roundabout,51.752687,Daylight,521170,207460,-0.245999,E01023938,3,2,0,0,Dry,Roundabout,None,60,19:16:00,Rural,Fine no high winds,No,16 - 20,10,Urban area,6,1124,None,Road sign or traffic signal,Other/Not known (2005-10),Mid Junction - on roundabout or on main road,PEUGEOT,106 XN ZEST 2,Petrol,Female,Skidded and overturned,No tow/articulation,Nearside,0,Going ahead other,2,Car,No,Offside,2010
201042I075503,B,149,NA,0,Slight,None,08-03-2010,Monday,1,Not at junction or within 20 metres,Not at junction or within 20 metres,51.48425,Daylight,563310,178770,0.350646,E01015967,3,2,0,0,Dry,Single carriageway,None,30,11:11:00,Rural,Fine no high winds,No,16 - 20,10,Data missing or out of range,NA,1299,None,None,Journey as part of work,Not at or within 20 metres of junction,FORD,KA,Petrol,Female,None,No tow/articulation,Did not leave carriageway,0,Going ahead other,2,Car,No,Front,2010
201042I078402,A,12,Unclassified,0,Slight,None,25-02-2010,Thursday,2,Give way or uncontrolled,Slip road,51.893136,Daylight,597110,225500,0.863229,E01021676,1,2,0,0,Dry,Dual carriageway,None,70,08:20:00,Rural,Fine no high winds,No,16 - 20,10,Rural,8,1360,None,None,Other/Not known (2005-10),Approaching junction or waiting/parked at junction approach,PEUGEOT,206 GLX,Petrol,Female,None,No tow/articulation,Did not leave carriageway,0,Going ahead other,1,Car,No,Front,2010
201042I079403,Unclassified,0,NA,0,Slight,None,12-03-2010,Friday,2,Not at junction or within 20 metres,Not at junction or within 20 metres,51.614149,Daylight,574720,193610,0.522177,E01021334,1,3,0,0,Dry,Single carriageway,None,30,11:30:00,Urban,Fine no high winds,No,16 - 20,10,Rural,8,1299,None,None,Other/Not known (2005-10),Not at or within 20 metres of junction,FORD,KA 2,Petrol,Female,None,No tow/articulation,Did not leave carriageway,0,Going ahead other,1,Car,No,Front,2010
201042I103504,B,1441,NA,0,Slight,None,04-04-2010,Sunday,2,Data missing or out of range,Not at junction or within 20 metres,51.82369,Daylight,616610,218570,1.141847,E01022016,1,2,0,0,Dry,Single carriageway,None,30,16:20:00,Urban,Fine no high winds,No,16 - 20,10,Urban area,4,1299,None,None,Other/Not known (2005-10),Not at or within 20 metres of junction,FORD,KA SILVER,Petrol,Female,None,No tow/articulation,Did not leave carriageway,0,Turning right,2,Car,No,Front,2010
201042I196806,Unclassified,0,Unclassified,0,Slight,Other object on road,24-06-2010,Thursday,1,Stop sign,Crossroads,51.799037,Daylight,612300,215640,1.077608,E01022047,1,2,0,0,Dry,Single carriageway,None,30,06:45:00,Rural,Fine no high winds,No,16 - 20,10,Rural,4,1360,None,None,Journey as part of work,Mid Junction - on roundabout or on main road,PEUGEOT,206 GLX,Petrol,Female,None,No tow/articulation,Did not leave carriageway,0,Going ahead other,2,Car,No,Offside,2010
201042I275708,B,1014,Unclassified,0,Slight,None,26-08-2010,Thursday,1,Give way or uncontrolled,Mini-roundabout,51.518511,Daylight,581190,183190,0.610156,E01021490,2,2,0,0,Dry,Roundabout,None,30,14:05:00,Urban,Fine no high winds,No,16 - 20,10,Urban area,6,1299,None,None,Other/Not known (2005-10),Mid Junction - on roundabout or on main road,FORD,KA 2,Petrol,Female,Skidded,No tow/articulation,Did not leave carriageway,0,Going ahead other,2,Car,No,Front,2010
201042I282508,B,1010,B,1018,Slight,None,31-08-2010,Tuesday,1,Give way or uncontrolled,Mini-roundabout,51.670165,Daylight,586030,200250,0.688874,E01021902,1,3,0,0,Dry,Roundabout,None,40,08:15:00,Rural,Fine no high winds,No,16 - 20,10,Urban area,5,1299,None,None,Journey as part of work,Entering roundabout,FORD,KA SILVER,Petrol,Female,None,No tow/articulation,Did not leave carriageway,0,Going ahead other,2,Car,No,Front,2010
201042I301609,B,1393,B,182,Slight,None,17-09-2010,Friday,1,Give way or uncontrolled,Mini-roundabout,51.693147,Daylight,545240,201470,0.09998,E01021763,1,2,0,0,Dry,Roundabout,None,30,17:00:00,Rural,Fine no high winds,No,16 - 20,10,Urban area,5,1299,None,None,Other/Not known (2005-10),Entering roundabout,FORD,KA 2,Petrol,Female,None,No tow/articulation,Did not leave carriageway,0,Turning right,1,Car,No,Front,2010
201042I342810,A,138,Unclassified,0,Slight,None,21-10-2010,Thursday,2,Give way or uncontrolled,Roundabout,51.726902,Daylight,571450,206050,0.481096,E01021581,3,2,0,4,Dry,Roundabout,None,40,10:05:00,Urban,Fine no high winds,No,16 - 20,10,Urban area,7,1149,None,None,Journey as part of work,Leaving roundabout,RENAULT,CLIO MTV,Petrol,Female,None,No tow/articulation,Did not leave carriageway,0,Going ahead right-hand bend,2,Car,No,Back,2010
201042I344610,A,1019,NA,,Slight,None,19-10-2010,Tuesday,1,Auto traffic signal,Other junction,51.769548,Daylight,544790,209960,0.097003,E01021872,1,1,0,4,Dry,Dual carriageway,None,40,13:25:00,Urban,Fine no high winds,No,16 - 20,10,Urban area,8,NA,None,None,Journey as part of work,Mid Junction - on roundabout or on main road,DENNIS,,Heavy oil,Female,None,No tow/articulation,Did not leave carriageway,0,Going ahead other,1,Bus or coach (17 or more pass seats),No,Front,2010
201042I355210,A,120,Unclassified,0,Slight,None,26-10-2010,Tuesday,1,Give way or uncontrolled,Slip road,51.866484,Daylight,575240,221720,0.543828,E01021371,1,2,0,0,Dry,Dual carriageway,None,70,20:05:00,Rural,Fine no high winds,No,16 - 20,10,Urban area,10,1000,Bollard or refuge,Near/Offside crash barrier,Other/Not known (2005-10),Entering from slip road,VOLKSWAGEN,POLO E,Petrol,Female,Skidded,No tow/articulation,Did not leave carriageway,0,Going ahead other,2,Car,No,Front,2010
201042I378611,Unclassified,0,NA,0,Slight,None,09-11-2010,Tuesday,1,Not at junction or within 20 metres,Not at junction or within 20 metres,51.644228,Daylight,559960,196470,0.31049,E01021462,1,1,0,0,Dry,Single carriageway,None,60,12:00:00,Rural,Fine no high winds,No,16 - 20,10,Rural,10,1299,None,Other permanent object,Other/Not known (2005-10),Not at or within 20 metres of junction,FORD,KA MILLENIUM,Petrol,Female,Skidded and overturned,No tow/articulation,Nearside,0,Going ahead left-hand bend,1,Car,No,Front,2010
201043N163090,C,125,Unclassified,3061,Slight,None,08-09-2010,Wednesday,1,Give way or uncontrolled,T or staggered junction,51.640588,Daylight,488510,194310,-0.722334,E01017920,1,2,0,0,Dry,Single carriageway,None,30,18:49:00,Urban,Fine no high winds,No,16 - 20,10,Urban area,10,1390,None,None,Commuting to/from work,Mid Junction - on roundabout or on main road,VOLKSWAGEN,POLO 1.4 CL,Petrol,Female,None,No tow/articulation,Did not leave carriageway,0,Waiting to go - held up,2,Car,No,Back,2010
201043N221070,A,40,Unclassified,1718,Slight,None,30-07-2010,Friday,1,Give way or uncontrolled,T or staggered junction,51.607941,Daylight,490310,190710,-0.697257,E01017939,2,3,0,0,Dry,Single carriageway,None,30,16:45:00,Urban,Fine no high winds,No,16 - 20,10,Urban area,9,1199,None,None,Other/Not known (2005-10),Approaching junction or waiting/parked at junction approach,VAUXHALL,CORSA CLUB 16V,Petrol,Female,None,No tow/articulation,Did not leave carriageway,0,Waiting to turn right,1,Car,No,Back,2010
201043P030100,B,430,A,4095,Slight,None,05-10-2010,Tuesday,1,Give way or uncontrolled,T or staggered junction,51.894412,Daylight,453340,222050,-1.226266,E01028424,1,2,0,0,Wet or damp,Single carriageway,None,60,15:15:00,Rural,Fine no high winds,No,16 - 20,10,Urban area,7,973,None,None,Other/Not known (2005-10),Mid Junction - on roundabout or on main road,VAUXHALL,CORSA CLUB 12V,Petrol,Female,None,No tow/articulation,Did not leave carriageway,0,Going ahead other,2,Car,No,Front,2010
201043S045060,C,132,Unclassified,1038,Slight,None,03-06-2010,Thursday,1,Give way or uncontrolled,T or staggered junction,52.078122,Daylight,487650,242970,-0.722428,E01016791,2,2,0,0,Dry,Single carriageway,None,30,18:30:00,Urban,Fine no high winds,No,16 - 20,10,Urban area,9,973,None,None,Other/Not known (2005-10),Mid Junction - on roundabout or on main road,VAUXHALL,CORSA GLS 12V,Petrol,Female,None,No tow/articulation,Did not leave carriageway,0,Turning right,1,Car,No,Front,2010
201043S056050,B,4034,NA,0,Slight,None,10-05-2010,Monday,1,Data missing or out of range,Not at junction or within 20 metres,52.039656,Daylight,486470,238670,-0.74073,E01016733,3,2,0,0,Dry,Dual carriageway,None,70,15:34:00,Urban,Fine no high winds,No,16 - 20,10,Urban area,9,1242,None,None,Other/Not known (2005-10),Not at or within 20 metres of junction,FIAT,PUNTO ELX 8V,Petrol,Female,None,No tow/articulation,Did not leave carriageway,0,Changing lane to right,2,Car,No,Nearside,2010
201043S076080,C,156,Unclassified,1014,Slight,None,24-08-2010,Tuesday,1,Auto traffic signal,T or staggered junction,52.008687,Daylight,486780,235230,-0.737083,E01016712,2,2,0,1,Dry,Single carriageway,None,40,12:17:00,Urban,Fine no high winds,No,16 - 20,10,Rural,9,1324,Bollard or refuge,Near/Offside crash barrier,Other/Not known (2005-10),Cleared junction or waiting/parked at junction exit,MAZDA,323F LXI,Petrol,Female,None,No tow/articulation,Did not leave carriageway,0,Turning right,1,Car,No,Nearside,2010
201043W013080,A,33,NA,0,Slight,None,03-08-2010,Tuesday,2,Data missing or out of range,Not at junction or within 20 metres,51.449125,Daylight,471920,172750,-0.966434,E01016378,1,2,0,0,Dry,One way street,None,30,20:15:00,Urban,Fine no high winds,No,16 - 20,10,Urban area,9,1299,None,None,Other/Not known (2005-10),Not at or within 20 metres of junction,FORD,KA MILLENIUM,Petrol,Female,None,No tow/articulation,Did not leave carriageway,0,Waiting to go - held up,1,Car,No,Back,2010
201043W041010,A,33,NA,0,Slight,None,04-01-2010,Monday,1,Data missing or out of range,Not at junction or within 20 metres,51.384127,Daylight,470470,165500,-0.988737,E01016690,1,1,0,0,Frost or ice,Dual carriageway,None,60,07:57:00,Rural,Fine no high winds,No,16 - 20,10,Urban area,10,1299,None,Tree,Other/Not known (2005-10),Not at or within 20 metres of junction,FORD,KA STYLE,Petrol,Female,Skidded and overturned,No tow/articulation,Nearside,0,Going ahead other,1,Car,No,Back,2010
201045RU51955,Motorway,25,NA,0,Slight,None,30-06-2010,Wednesday,1,Data missing or out of range,Not at junction or within 20 metres,51.383246,Daylight,503280,165960,-0.517259,E01030655,1,2,0,0,Dry,Dual carriageway,None,70,05:54:00,Rural,Fine no high winds,No,16 - 20,10,Urban area,8,1242,None,None,Other/Not known (2005-10),Not at or within 20 metres of junction,FIAT,PUNTO ELX 16V,Petrol,Female,None,No tow/articulation,Did not leave carriageway,0,Changing lane to left,2,Car,No,Nearside,2010
201045SU48905,Unclassified,0,Unclassified,0,Slight,None,15-02-2010,Monday,1,Give way or uncontrolled,Roundabout,51.295296,Daylight,487970,155890,-0.739689,E01023112,2,2,0,0,Dry,Roundabout,None,40,14:40:00,Rural,Fine no high winds,No,16 - 20,10,Urban area,8,1299,None,None,Other/Not known (2005-10),Leaving roundabout,FORD,KA,Petrol,Female,None,No tow/articulation,Did not leave carriageway,0,Turning right,2,Car,No,Nearside,2010
201045WA52190,A,287,Unclassified,5507,Slight,None,02-07-2010,Friday,1,Give way or uncontrolled,T or staggered junction,51.096212,Daylight,488270,133750,-0.740825,E01030929,1,2,0,0,Dry,Single carriageway,None,50,18:54:00,Rural,Fine no high winds,No,16 - 20,10,Urban area,10,1299,None,None,Other/Not known (2005-10),Approaching junction or waiting/parked at junction approach,FORD,KA 2,Petrol,Female,None,No tow/articulation,Did not leave carriageway,0,Going ahead other,1,Car,No,Front,2010
201045WO50068,A,322,Unclassified,0,Slight,None,01-02-2010,Monday,1,Auto traffic signal,Other junction,51.340731,Daylight,494470,161060,-0.64512,E01030806,1,2,0,5,Dry,Single carriageway,None,40,13:50:00,Urban,Fine no high winds,No,16 - 20,10,Urban area,10,1396,None,None,Other/Not known (2005-10),Mid Junction - on roundabout or on main road,ROVER,45 IE 16V,Petrol,Female,None,No tow/articulation,Did not leave carriageway,0,Going ahead other,2,Car,No,Back,2010
201050AY2B007,B,3301,B,3302,Slight,None,04-06-2010,Friday,1,Give way or uncontrolled,Roundabout,50.184049,Daylight,155850,37170,-5.421503,E01018983,2,2,0,0,Dry,Roundabout,None,30,12:54:00,Rural,Fine no high winds,No,16 - 20,10,Rural,3,1124,None,None,Other/Not known (2005-10),Entering roundabout,PEUGEOT,206 L,Petrol,Female,None,No tow/articulation,Did not leave carriageway,0,Going ahead other,1,Car,No,Front,2010
201050BL2K041,C,151,Unclassified,0,Slight,None,18-10-2010,Monday,1,Auto traffic signal,Crossroads,50.626213,Daylight,233150,83390,-4.3604,E01018947,1,2,0,0,Wet or damp,Single carriageway,None,30,10:16:00,Rural,Fine no high winds,No,16 - 20,10,Small town,7,1242,None,None,Other/Not known (2005-10),Approaching junction or waiting/parked at junction approach,FIAT,PUNTO 1.2,Petrol,Female,None,No tow/articulation,Did not leave carriageway,0,Going ahead other,1,Car,No,Front,2010
201050BL2L005,A,30,NA,0,Slight,None,30-04-2010,Friday,1,Not at junction or within 20 metres,Not at junction or within 20 metres,50.575827,Daylight,219920,78220,-4.544755,E01018925,1,1,0,0,Wet or damp,Dual carriageway,None,70,14:14:00,Rural,Fine no high winds,No,16 - 20,10,Urban area,5,1124,Kerb,Other permanent object,Other/Not known (2005-10),Not at or within 20 metres of junction,CITROEN,SAXO FORTE,Petrol,Female,Overturned,No tow/articulation,Nearside,0,Going ahead other,1,Car,No,Front,2010
201050BS2K003,C,230,NA,0,Slight,None,05-10-2010,Tuesday,1,Not at junction or within 20 metres,Not at junction or within 20 metres,50.483901,Daylight,239980,67340,-4.257014,E01018765,1,1,0,0,Wet or damp,Single carriageway,None,60,08:42:00,Rural,Fine no high winds,No,16 - 20,10,Data missing or out of range,NA,1124,None,None,Other/Not known (2005-10),Not at or within 20 metres of junction,PEUGEOT,206 STYLE,Petrol,Female,None,No tow/articulation,Did not leave carriageway,0,Going ahead left-hand bend,1,Car,No,Front,2010
201050BT2A008,A,374,NA,0,Slight,None,15-11-2010,Monday,3,Data missing or out of range,Not at junction or within 20 metres,50.391889,Daylight,231020,57380,-4.378709,E01018757,1,1,0,0,Wet or damp,Single carriageway,None,60,22:43:00,Rural,Fine no high winds,No,16 - 20,10,Rural,6,1299,None,Tree,Commuting to/from work,Not at or within 20 metres of junction,FORD,KA,Petrol,Female,Skidded and overturned,No tow/articulation,Offside,0,Going ahead left-hand bend,1,Car,No,Front,2010
201050CB2H003,Unclassified,0,NA,0,Slight,None,01-09-2010,Wednesday,1,Not at junction or within 20 metres,Not at junction or within 20 metres,51.095874,Daylight,260080,134860,-3.999611,E01020088,2,2,0,0,Dry,Single carriageway,None,60,11:54:00,Rural,Fine no high winds,No,16 - 20,10,Rural,5,1108,None,None,Other/Not known (2005-10),Not at or within 20 metres of junction,FIAT,SEICENTO SPORTING,Petrol,Female,Skidded,No tow/articulation,Did not leave carriageway,0,Going ahead right-hand bend,2,Car,No,Front,2010
201050EC2E036,Unclassified,0,Unclassified,0,Slight,None,16-04-2010,Friday,1,Give way or uncontrolled,T or staggered junction,50.368328,Daylight,248080,54240,-4.137615,E01015156,1,2,0,0,Dry,One way street,None,30,21:19:00,Urban,Fine no high winds,No,16 - 20,10,Urban area,10,1124,None,None,Other/Not known (2005-10),Mid Junction - on roundabout or on main road,PEUGEOT,106 INDEPENDENCE,Petrol,Female,None,No tow/articulation,Did not leave carriageway,0,Turning right,1,Car,No,Front,2010
201050GA2A010,A,30,NA,0,Slight,None,10-04-2010,Saturday,1,Data missing or out of range,Not at junction or within 20 metres,50.422757,Daylight,198960,61940,-4.831656,E01018945,1,1,0,0,Dry,Dual carriageway,None,70,08:17:00,Rural,Fine no high winds,No,16 - 20,10,Data missing or out of range,NA,1199,None,Other permanent object,Other/Not known (2005-10),Not at or within 20 metres of junction,VAUXHALL,CORSA CLUB 16V,Petrol,Female,None,No tow/articulation,Nearside,0,Going ahead other,1,Car,No,Front,2010