Accident_Index,1st_Road_Class,1st_Road_Number,2nd_Road_Class,2nd_Road_Number,Accident_Severity,Carriageway_Hazards,Date,Day_of_Week,Did_Police_Officer_Attend_Scene_of_Accident,Junction_Control,Junction_Detail,Latitude,Light_Conditions,Location_Easting_OSGR,Location_Northing_OSGR,Longitude,LSOA_of_Accident_Location,Number_of_Casualties,Number_of_Vehicles,Pedestrian_Crossing-Human_Control,Pedestrian_Crossing-Physical_Facilities,Road_Surface_Conditions,Road_Type,Special_Conditions_at_Site,Speed_limit,Time,Urban_or_Rural_Area,Weather_Conditions,InScotland,Age_Band_of_Driver,Age_of_Vehicle,Driver_Home_Area_Type,Driver_IMD_Decile,Engine_Capacity_.CC.,Hit_Object_in_Carriageway,Hit_Object_off_Carriageway,Journey_Purpose_of_Driver,Junction_Location,make,model,Propulsion_Code,Sex_of_Driver,Skidding_and_Overturning,Towing_and_Articulation,Vehicle_Leaving_Carriageway,Vehicle_Location.Restricted_Lane,Vehicle_Manoeuvre,Vehicle_Reference,Vehicle_Type,Was_Vehicle_Left_Hand_Drive,X1st_Point_of_Impact,Year
201050GC2J007,A,39,NA,0,Slight,None,31-05-2010,Monday,2,Data missing or out of range,Not at junction or within 20 metres,50.458925,Daylight,192680,66210,-4.922309,E01019060,2,1,0,0,Dry,Single carriageway,None,60,11:41:00,Rural,Fine no high winds,No,16 - 20,10,Rural,5,993,None,Telegraph or electricity pole,Other/Not known (2005-10),Not at or within 20 metres of junction,SUZUKI,SWIFT CIRRUS,Petrol,Female,None,No tow/articulation,Nearside,0,Going ahead other,1,Car,No,Nearside,2010
201050GE4N006,C,765,NA,0,Slight,None,04-08-2010,Wednesday,1,Not at junction or within 20 metres,Not at junction or within 20 metres,50.290298,Daylight,188520,47600,-4.970372,E01018845,3,2,0,0,Dry,Single carriageway,None,60,22:02:00,Rural,Fine no high winds,No,16 - 20,10,Rural,5,1527,None,None,Other/Not known (2005-10),Not at or within 20 metres of junction,PEUGEOT,106 ZEST 2 DIESEL,Heavy oil,Female,None,No tow/articulation,Did not leave carriageway,0,Going ahead other,2,Car,No,Front,2010
201050GP2D007,A,39,NA,0,Slight,None,26-03-2010,Friday,1,Not at junction or within 20 metres,Not at junction or within 20 metres,50.169032,Daylight,176730,34580,-5.127973,E01018899,1,2,0,0,Wet or damp,Dual carriageway,None,70,12:59:00,Rural,Fine no high winds,No,16 - 20,10,Urban area,8,1527,None,None,Other/Not known (2005-10),Not at or within 20 metres of junction,PEUGEOT,106 XND ZEST 2,Heavy oil,Female,None,No tow/articulation,Did not leave carriageway,0,Slowing or stopping,1,Car,No,Front,2010
201050GT3W054,A,39,A,390,Slight,None,20-08-2010,Friday,1,Give way or uncontrolled,Mini-roundabout,50.254777,Daylight,182220,43900,-5.056557,E01018807,2,2,0,0,Dry,Roundabout,None,60,13:09:00,Urban,Fine no high winds,No,16 - 20,10,Rural,4,1242,None,None,Commuting to/from work,Entering roundabout,FIAT,PUNTO 1.2,Petrol,Female,None,No tow/articulation,Did not leave carriageway,0,Waiting to go - held up,2,Car,No,Offside,2010
201050JN2N022,Unclassified,0,NA,0,Slight,None,04-06-2010,Friday,1,Not at junction or within 20 metres,Not at junction or within 20 metres,50.529864,Daylight,286690,71240,-3.600106,E01020217,1,1,0,4,Dry,Single carriageway,None,30,19:37:00,Urban,Fine no high winds,No,16 - 20,10,Urban area,4,1391,None,None,Other/Not known (2005-10),Not at or within 20 metres of junction,SEAT,IBIZA.COOL/S,Petrol,Female,None,No tow/articulation,Did not leave carriageway,0,Going ahead other,1,Car,No,Front,2010
201050JO3C009,A,3079,NA,0,Slight,None,01-06-2010,Tuesday,1,Not at junction or within 20 metres,Not at junction or within 20 metres,50.729825,Daylight,254580,94280,-4.06192,E01020314,2,1,0,0,Wet or damp,Single carriageway,None,60,20:04:00,Rural,Fine no high winds,No,16 - 20,10,Urban area,9,1360,None,Other permanent object,Other/Not known (2005-10),Not at or within 20 metres of junction,PEUGEOT,206 GLX,Petrol,Female,None,No tow/articulation,Offside and rebounded,0,Going ahead left-hand bend,1,Car,No,Front,2010
201050KU2R006,Unclassified,0,NA,0,Slight,None,20-04-2010,Tuesday,2,Not at junction or within 20 metres,Not at junction or within 20 metres,50.859572,Daylight,302320,107600,-3.389275,E01020055,1,2,0,0,Dry,Single carriageway,None,30,20:00:00,Rural,Fine no high winds,No,16 - 20,10,Small town,8,1299,None,None,Other/Not known (2005-10),Not at or within 20 metres of junction,FORD,KA 2,Petrol,Female,None,No tow/articulation,Did not leave carriageway,0,Waiting to go - held up,2,Car,No,Back,2010
201054EC04010,C,74,NA,0,Slight,None,18-02-2010,Thursday,1,Not at junction or within 20 metres,Not at junction or within 20 metres,51.381365,Daylight,427290,164780,-1.609269,E01031843,1,1,0,0,Wet or damp,Single carriageway,None,60,11:40:00,Rural,Fine no high winds,No,16 - 20,10,Rural,10,1124,None,Other permanent object,Other/Not known (2005-10),Not at or within 20 metres of junction,PEUGEOT,106 XN ZEST 2,Petrol,Female,None,No tow/articulation,Nearside and rebounded,0,Going ahead other,1,Car,No,Front,2010
201054ES22310,A,338,A,3094,Slight,None,20-07-2010,Tuesday,2,Auto traffic signal,Roundabout,51.057942,Daylight,414450,128760,-1.79521,E01032005,1,3,0,5,Dry,Roundabout,None,30,12:10:00,Urban,Fine no high winds,No,16 - 20,10,Urban area,5,899,None,None,Other/Not known (2005-10),Leaving roundabout,FIAT,SEICENTO MIA,Petrol,Female,None,No tow/articulation,Did not leave carriageway,0,Going ahead other,1,Car,No,Back,2010
2010550C18743,C,0,Unclassified,0,Slight,None,09-05-2010,Sunday,1,Give way or uncontrolled,T or staggered junction,50.725559,Daylight,404390,91780,-1.939189,E01015460,2,2,0,0,Dry,Single carriageway,None,30,13:00:00,Urban,Fine no high winds,No,16 - 20,10,Rural,8,1108,None,None,Other/Not known (2005-10),Entering main road,FIAT,SEICENTO SPORTING,Petrol,Female,None,No tow/articulation,Did not leave carriageway,0,Turning left,1,Car,No,Offside,2010
2010550C21768,A,35,Unclassified,0,Slight,None,27-05-2010,Thursday,1,Give way or uncontrolled,Private drive or entrance,50.725634,Daylight,406100,91790,-1.914962,E01015402,2,3,0,0,Dry,Single carriageway,None,30,20:23:00,Urban,Fine no high winds,No,16 - 20,10,Urban area,2,1598,None,None,Other/Not known (2005-10),Approaching junction or waiting/parked at junction approach,RENAULT,MEGANE COUPE 1.6,Petrol,Female,None,No tow/articulation,Did not leave carriageway,0,Going ahead other,1,Car,No,Front,2010
2010550D18148,A,35,Unclassified,0,Slight,None,05-05-2010,Wednesday,1,Give way or uncontrolled,T or staggered junction,50.726327,Daylight,353660,92070,-2.657928,E01020512,1,4,0,0,Dry,Single carriageway,None,60,17:56:00,Rural,Fine no high winds,No,16 - 20,10,Small town,5,1299,None,None,Other/Not known (2005-10),Approaching junction or waiting/parked at junction approach,FORD,KA,Petrol,Female,None,No tow/articulation,Did not leave carriageway,0,Going ahead other,1,Car,No,Front,2010
2010550D48817,C,19,NA,0,Slight,None,05-11-2010,Friday,1,Not at junction or within 20 metres,Not at junction or within 20 metres,50.784792,Daylight,359890,98520,-2.570371,E01020534,1,1,0,0,Wet or damp,Single carriageway,None,60,09:06:00,Rural,Fine no high winds,No,16 - 20,10,Rural,6,1299,None,None,Other/Not known (2005-10),Not at or within 20 metres of junction,FORD,KA 2,Petrol,Female,Skidded and overturned,No tow/articulation,Offside and rebounded,0,Going ahead left-hand bend,1,Car,No,Offside,2010
201060L090886,Unclassified,0,Unclassified,0,Slight,None,22-05-2010,Saturday,2,Give way or uncontrolled,T or staggered junction,53.202655,Daylight,330860,367790,-3.036567,W01000335,1,2,0,0,Dry,Single carriageway,None,30,20:20:00,Urban,Fine no high winds,No,16 - 20,10,Urban area,NA,973,None,None,Other/Not known (2005-10),Approaching junction or waiting/parked at junction approach,VAUXHALL,CORSA CLUB 12V,Petrol,Female,None,No tow/articulation,Did not leave carriageway,0,Turning right,2,Car,No,Offside,2010
201060L128746,B,5420,NA,0,Slight,None,15-07-2010,Thursday,2,Data missing or out of range,Not at junction or within 20 metres,53.228853,Daylight,254940,372410,-4.174615,W01000011,1,2,0,4,Dry,Single carriageway,None,30,08:55:00,Rural,Fine no high winds,No,16 - 20,10,Data missing or out of range,NA,1242,None,None,Other/Not known (2005-10),Not at or within 20 metres of junction,FORD,FIESTA GHIA 16V,Petrol,Female,Skidded,No tow/articulation,Did not leave carriageway,0,Going ahead other,1,Car,No,Front,2010
201001KD50523,C,0,Unclassified,0,Slight,None,07-10-2010,Thursday,1,Give way or uncontrolled,T or staggered junction,51.569992,Daylight,553920,188020,0.219559,E01002274,2,2,0,0,Dry,Single carriageway,None,30,11:58:00,Urban,Fine no high winds,No,16 - 20,10,Urban area,9,1299,None,None,Other/Not known (2005-10),Approaching junction or waiting/parked at junction approach,FORD,KA,Petrol,Female,Overturned,No tow/articulation,Did not leave carriageway,0,Going ahead other,1,Car,No,Front,2010
201001SX20402,Unclassified,0,Unclassified,0,Slight,None,16-04-2010,Friday,1,Give way or uncontrolled,Crossroads,51.587699,Daylight,521510,189110,-0.247453,E01000149,1,2,0,0,Dry,Single carriageway,None,30,18:25:00,Urban,Fine no high winds,No,16 - 20,10,Urban area,8,1994,None,None,Other/Not known (2005-10),Mid Junction - on roundabout or on main road,ROVER,45 IL TURBO DIESEL,Heavy oil,Female,None,No tow/articulation,Did not leave carriageway,0,Waiting to turn right,2,Car,No,Nearside,2010
201001TX20405,C,0,NA,0,Slight,None,30-06-2010,Wednesday,1,Data missing or out of range,Not at junction or within 20 metres,51.430489,Daylight,512000,171400,-0.390286,E01002608,1,1,0,0,Dry,Single carriageway,None,30,15:40:00,Urban,Fine no high winds,No,16 - 20,10,Urban area,8,1299,None,None,Other/Not known (2005-10),Not at or within 20 metres of junction,FORD,KA 2,Petrol,Female,None,No tow/articulation,Did not leave carriageway,0,Going ahead other,1,Car,No,Front,2010
201001VW40366,C,0,Unclassified,0,Slight,None,06-10-2010,Wednesday,2,Give way or uncontrolled,Crossroads,51.389478,Daylight,526260,167170,-0.186765,E01003438,2,2,1,0,Dry,Single carriageway,None,30,15:00:00,Urban,Fine no high winds,No,16 - 20,10,Urban area,10,1299,None,None,Other/Not known (2005-10),Approaching junction or waiting/parked at junction approach,FORD,KA,Petrol,Female,None,No tow/articulation,Did not leave carriageway,0,Going ahead other,1,Car,No,Front,2010
201001YE80122,Unclassified,0,Unclassified,0,Slight,None,06-02-2010,Saturday,1,Give way or uncontrolled,T or staggered junction,51.679909,Daylight,534150,199690,-0.061054,E01001412,2,2,0,0,Dry,Single carriageway,None,30,15:00:00,Rural,Fine no high winds,No,16 - 20,10,Urban area,6,1149,None,None,Other/Not known (2005-10),Mid Junction - on roundabout or on main road,RENAULT,CLIO MTV,Petrol,Female,None,No tow/articulation,Did not leave carriageway,0,Going ahead right-hand bend,1,Car,No,Offside,2010
201004AL10088,Unclassified,0,Unclassified,0,Slight,None,23-05-2010,Sunday,1,Auto traffic signal,More than 4 arms (not roundabout),53.753495,Daylight,332370,429060,-3.027179,E01024987,1,2,0,5,Dry,Single carriageway,None,30,15:30:00,Urban,Fine no high winds,No,16 - 20,10,Urban area,10,1589,None,None,Journey as part of work,Approaching junction or waiting/parked at junction approach,ROVER,25 IL 16V,Petrol,Female,None,No tow/articulation,Did not leave carriageway,0,Turning right,2,Car,No,Front,2010
201004AN10017,A,586,NA,0,Slight,None,13-02-2010,Saturday,1,Data missing or out of range,Not at junction or within 20 metres,53.829059,Daylight,332260,437470,-3.030698,E01012707,1,2,0,0,Dry,Single carriageway,None,30,13:29:00,Urban,Fine no high winds,No,16 - 20,10,Urban area,1,1124,None,None,Other/Not known (2005-10),Not at or within 20 metres of junction,CITROEN,SAXO FORTE,Petrol,Female,None,No tow/articulation,Did not leave carriageway,0,Going ahead other,1,Car,No,Front,2010
201004AX10104,B,5266,Unclassified,0,Slight,None,30-09-2010,Thursday,1,Give way or uncontrolled,Private drive or entrance,53.819718,Daylight,332300,436430,-3.029861,E01012677,2,2,0,0,Dry,Single carriageway,None,30,17:50:00,Urban,Fine no high winds,No,16 - 20,10,Urban area,10,1242,None,None,Other/Not known (2005-10),Mid Junction - on roundabout or on main road,FIAT,PUNTO 1.2,Petrol,Female,None,No tow/articulation,Did not leave carriageway,0,Going ahead other,1,Car,No,Front,2010
201004BC10162,A,585,NA,0,Slight,None,29-07-2010,Thursday,1,Data missing or out of range,Not at junction or within 20 metres,53.912009,Daylight,332980,446690,-3.021778,E01025575,2,3,0,0,Dry,Single carriageway,None,60,11:00:00,Urban,Fine no high winds,No,16 - 20,10,Urban area,3,1242,None,None,Commuting to/from work,Not at or within 20 metres of junction,FIAT,PUNTO ELX 8V,Petrol,Female,None,No tow/articulation,Did not leave carriageway,0,Going ahead other,1,Car,No,Front,2010
201004BC10252,C,428,NA,0,Slight,None,29-10-2010,Friday,1,Data missing or out of range,Not at junction or within 20 metres,53.929183,Daylight,353540,448350,-2.709065,E01025549,1,1,0,0,Dry,Single carriageway,None,60,07:30:00,Rural,Fine no high winds,No,16 - 20,10,Rural,8,1360,None,None,Other/Not known (2005-10),Not at or within 20 metres of junction,PEUGEOT,206 GLX,Petrol,Female,None,No tow/articulation,Nearside,0,Going ahead other,1,Car,No,Front,2010
201004CK10016,A,59,NA,0,Slight,None,16-02-2010,Tuesday,1,Data missing or out of range,Not at junction or within 20 metres,53.598963,Daylight,344160,411710,-2.845265,E01025487,2,3,0,0,Dry,Single carriageway,None,30,14:26:00,Rural,Fine no high winds,No,16 - 20,10,Urban area,9,1299,None,None,Other/Not known (2005-10),Not at or within 20 metres of junction,FORD,KA,Petrol,Female,None,No tow/articulation,Did not leave carriageway,0,Slowing or stopping,3,Car,No,Offside,2010
201004DA10070,Unclassified,0,Unclassified,0,Slight,None,16-08-2010,Monday,1,Give way or uncontrolled,T or staggered junction,53.760186,Daylight,354170,429540,-2.696658,E01025307,6,2,0,0,Dry,Single carriageway,None,30,13:47:00,Urban,Fine no high winds,No,16 - 20,10,Small town,8,1242,None,None,Other/Not known (2005-10),Mid Junction - on roundabout or on main road,FIAT,PUNTO 1.2,Petrol,Female,None,No tow/articulation,Did not leave carriageway,0,Going ahead other,1,Car,No,Front,2010
201004DL10013,B,5411,Unclassified,0,Slight,None,14-02-2010,Sunday,1,Give way or uncontrolled,Private drive or entrance,53.788996,Daylight,350790,432780,-2.748441,E01025263,1,2,0,0,Dry,Single carriageway,None,30,11:50:00,Urban,Fine no high winds,No,16 - 20,10,Urban area,9,1396,None,None,Other/Not known (2005-10),Leaving main road,ROVER,25 IE 16V,Petrol,Female,None,No tow/articulation,Did not leave carriageway,0,Turning left,1,Car,No,Nearside,2010
201004DR10054,B,6241,Unclassified,0,Slight,None,02-07-2010,Friday,1,Give way or uncontrolled,Roundabout,53.791156,Daylight,354770,432980,-2.688064,E01025303,1,2,0,0,Dry,Single carriageway,None,40,08:40:00,Rural,Fine no high winds,No,16 - 20,10,Urban area,8,973,None,None,Journey as part of work,Approaching junction or waiting/parked at junction approach,VAUXHALL,CORSA CLUB 12V,Petrol,Female,None,No tow/articulation,Did not leave carriageway,0,Waiting to go - held up,2,Car,No,Back,2010
201004EB10027,Unclassified,0,NA,0,Slight,None,06-04-2010,Tuesday,1,Data missing or out of range,Not at junction or within 20 metres,53.717673,Daylight,367240,424700,-2.497901,E01012598,1,1,0,0,Dry,Single carriageway,None,60,19:00:00,Rural,Fine no high winds,No,16 - 20,10,Urban area,9,1124,None,None,Other/Not known (2005-10),Not at or within 20 metres of junction,CITROEN,SAXO FORTE,Petrol,Female,Skidded and overturned,No tow/articulation,Did not leave carriageway,0,Going ahead right-hand bend,1,Car,No,Offside,2010
201004EN10123,Unclassified,0,NA,0,Slight,None,23-11-2010,Tuesday,1,Data missing or out of range,Not at junction or within 20 metres,53.979123,Daylight,379310,453720,-2.31697,E01025331,1,2,0,0,Wet or damp,Single carriageway,None,60,08:25:00,Rural,Fine no high winds,No,16 - 20,10,Rural,6,1527,None,Other permanent object,Other/Not known (2005-10),Not at or within 20 metres of junction,PEUGEOT,106 ZEST 2 DIESEL,Heavy oil,Female,Overturned,No tow/articulation,Nearside,0,Going ahead right-hand bend,2,Car,No,Front,2010
201004FE10081,A,56,Unclassified,0,Slight,None,05-12-2010,Sunday,1,Give way or uncontrolled,T or staggered junction,53.862587,Daylight,389370,440720,-2.163121,E01025206,4,3,0,0,Frost or ice,Single carriageway,None,30,10:01:00,Urban,Fine no high winds,No,16 - 20,10,Small town,4,1360,Parked vehicle,None,Other/Not known (2005-10),Cleared junction or waiting/parked at junction exit,PEUGEOT,206 GLX,Petrol,Female,None,No tow/articulation,Did not leave carriageway,0,Going ahead right-hand bend,1,Car,No,Front,2010
201004FL10028,Unclassified,0,Unclassified,0,Slight,None,04-03-2010,Thursday,1,Give way or uncontrolled,T or staggered junction,53.703817,Daylight,379180,423090,-2.316867,E01025398,1,2,0,0,Dry,Single carriageway,None,30,14:28:00,Urban,Fine no high winds,No,16 - 20,10,Urban area,3,1390,None,None,Other/Not known (2005-10),Mid Junction - on roundabout or on main road,VOLKSWAGEN,GOLF E,Petrol,Female,None,No tow/articulation,Did not leave carriageway,0,Parked,2,Car,No,Front,2010
201004TA10069,Motorway,6,NA,0,Slight,None,23-04-2010,Friday,1,Data missing or out of range,Not at junction or within 20 metres,53.769772,Daylight,358070,430570,-2.637646,E01025286,1,1,0,0,Dry,Dual carriageway,None,70,19:37:00,Rural,Fine no high winds,No,16 - 20,10,Rural,8,1299,Kerb,Near/Offside crash barrier,Other/Not known (2005-10),Not at or within 20 metres of junction,FORD,KA,Petrol,Female,Skidded,No tow/articulation,Did not leave carriageway,0,Changing lane to left,1,Car,No,Front,2010
201005AA01064,A,41,A,41,Slight,None,08-01-2010,Friday,2,Auto traffic signal,Roundabout,53.305144,Daylight,336120,379120,-2.960109,E01007168,1,2,0,0,Wet or damp,Dual carriageway,None,40,08:25:00,Rural,Fine no high winds,No,16 - 20,10,Urban area,9,973,None,None,Journey as part of work,Approaching junction or waiting/parked at junction approach,VAUXHALL,CORSA CLUB 12V,Petrol,Female,None,No tow/articulation,Did not leave carriageway,0,Waiting to go - held up,1,Car,No,Back,2010
201005AA05400,A,551,NA,0,Slight,None,16-08-2010,Monday,1,Data missing or out of range,Not at junction or within 20 metres,53.396706,Daylight,326310,389450,-3.109707,E01007225,1,4,0,0,Dry,Single carriageway,None,30,17:20:00,Urban,Fine no high winds,No,16 - 20,10,Urban area,2,1124,None,None,Other/Not known (2005-10),Not at or within 20 metres of junction,CITROEN,SAXO SX,Petrol,Female,None,No tow/articulation,Did not leave carriageway,0,Going ahead other,4,Car,No,Did not impact,2010
201005BB02626,Unclassified,0,Unclassified,0,Slight,None,05-04-2010,Monday,1,Give way or uncontrolled,Crossroads,53.643555,Daylight,333530,416810,-3.006958,E01006970,2,2,0,0,Dry,Single carriageway,None,30,12:01:00,Urban,Fine no high winds,No,16 - 20,10,Urban area,5,1988,None,None,Other/Not known (2005-10),Mid Junction - on roundabout or on main road,FORD,MONDEO ZETEC,Petrol,Female,Skidded,No tow/articulation,Did not leave carriageway,0,Going ahead other,1,Car,No,Front,2010
201005EE01954,A,562,A,561,Slight,None,25-02-2010,Thursday,1,Auto traffic signal,Crossroads,53.394548,Daylight,335200,389080,-2.975955,E01006515,2,5,0,0,Dry,Single carriageway,None,30,15:28:00,Urban,Fine no high winds,No,16 - 20,10,Urban area,1,1120,None,None,Other/Not known (2005-10),Approaching junction or waiting/parked at junction approach,ROVER,211 SE 8V,Petrol,Female,None,No tow/articulation,Did not leave carriageway,0,Waiting to go - held up,5,Car,No,Offside,2010
201006K029505,A,6027,A,6027,Slight,None,21-03-2010,Sunday,2,Give way or uncontrolled,Roundabout,53.574733,Daylight,364050,408820,-2.544396,E01004775,2,2,0,0,Dry,Roundabout,None,30,13:30:00,Rural,Fine no high winds,No,16 - 20,10,Urban area,1,1242,None,None,Other/Not known (2005-10),Approaching junction or waiting/parked at junction approach,FIAT,PUNTO 1.2,Petrol,Female,None,No tow/articulation,Did not leave carriageway,0,Waiting to go - held up,1,Car,No,Back,2010
201006Q032597,C,0,Unclassified,0,Slight,None,08-06-2010,Tuesday,1,Give way or uncontrolled,T or staggered junction,53.576205,Daylight,393870,408850,-2.094055,E01005447,1,2,0,0,Dry,Single carriageway,None,30,19:00:00,Urban,Fine no high winds,No,16 - 20,10,Urban area,2,1299,None,None,Other/Not known (2005-10),Entering main road,FORD,KA,Petrol,Female,None,No tow/articulation,Did not leave carriageway,0,Moving off,1,Car,No,Front,2010
201006Q034723,A,671,NA,0,Slight,None,31-07-2010,Saturday,1,Data missing or out of range,Not at junction or within 20 metres,53.5538,Daylight,392120,406360,-2.120421,E01005354,3,3,0,4,Wet or damp,Single carriageway,None,30,16:10:00,Urban,Fine no high winds,No,16 - 20,10,Urban area,8,1299,Parked vehicle,None,Other/Not known (2005-10),Not at or within 20 metres of junction,FORD,KA3,Petrol,Female,None,No tow/articulation,Did not leave carriageway,0,Going ahead other,1,Car,No,Front,2010
201006X028842,Motorway,60,NA,0,Slight,None,04-03-2010,Thursday,1,Data missing or out of range,Not at junction or within 20 metres,53.507701,Daylight,375250,401290,-2.37466,E01005740,2,4,0,0,Dry,Dual carriageway,None,70,16:28:00,Rural,Fine no high winds,No,16 - 20,10,Urban area,2,998,None,None,Commuting to/from work,Not at or within 20 metres of junction,TOYOTA,YARIS GS,Petrol,Female,None,No tow/articulation,Did not leave carriageway,0,Waiting to go - held up,3,Car,No,Back,2010
201011ND16100,A,181,NA,0,Slight,None,02-07-2010,Friday,1,Not at junction or within 20 metres,Not at junction or within 20 metres,54.778527,Daylight,428280,542710,-1.561849,E01020723,1,2,0,0,Dry,Single carriageway,None,30,15:58:00,Urban,Fine no high winds,No,16 - 20,10,Urban area,3,1242,None,None,Commuting to/from work,Not at or within 20 metres of junction,FIAT,PUNTO 1.2,Petrol,Female,None,No tow/articulation,Did not leave carriageway,0,Waiting to go - held up,2,Car,No,Back,2010
201011SA26900,C,130,Unclassified,0,Slight,None,05-11-2010,Friday,2,Give way or uncontrolled,T or staggered junction,54.66304,Daylight,421130,529820,-1.673939,E01020868,1,2,0,0,Dry,Single carriageway,None,30,08:00:00,Urban,Fine no high winds,No,16 - 20,10,Urban area,1,1390,None,None,Other/Not known (2005-10),Approaching junction or waiting/parked at junction approach,RENAULT,CLIO ALIZE,Petrol,Female,None,No tow/articulation,Did not leave carriageway,0,Going ahead other,1,Car,No,Front,2010
201011SJ26400,B,6275,NA,0,Slight,None,01-11-2010,Monday,1,Data missing or out of range,Not at junction or within 20 metres,54.595476,Daylight,420730,522300,-1.68067,E01020862,2,3,0,0,Wet or damp,Single carriageway,None,60,10:14:00,Rural,Fine no high winds,No,16 - 20,10,Small town,4,998,None,None,Commuting to/from work,Not at or within 20 metres of junction,NISSAN,MICRA SE 16V,Petrol,Female,Skidded,No tow/articulation,Did not leave carriageway,0,Going ahead other,1,Car,No,Front,2010
201014A064110,Unclassified,0,Unclassified,0,Slight,None,26-04-2010,Monday,1,Give way or uncontrolled,T or staggered junction,53.47856,Daylight,462940,398400,-1.053091,E01007596,1,2,0,0,Dry,Single carriageway,None,30,17:07:00,Urban,Fine no high winds,No,16 - 20,10,Urban area,2,1868,None,None,Other/Not known (2005-10),Cleared junction or waiting/parked at junction exit,PEUGEOT,306 L DIESEL,Heavy oil,Female,None,No tow/articulation,Did not leave carriageway,0,Turning right,1,Car,No,Offside,2010
201014A066510,C,7,Unclassified,0,Slight,None,24-04-2010,Saturday,1,Give way or uncontrolled,T or staggered junction,53.480822,Daylight,453880,398540,-1.189568,E01007548,1,3,0,0,Dry,Single carriageway,None,30,11:37:00,Urban,Fine no high winds,No,16 - 20,10,Urban area,5,49,None,None,Other/Not known (2005-10),Cleared junction or waiting/parked at junction exit,PIAGGIO,ZIP,Petrol,Female,None,No tow/articulation,Did not leave carriageway,0,Turning right,3,Motorcycle 50cc and under,No,Offside,2010
201014A153810,Unclassified,0,Unclassified,0,Slight,None,28-09-2010,Tuesday,1,Give way or uncontrolled,T or staggered junction,53.507216,Daylight,459980,401550,-1.097085,E01007527,1,1,0,1,Dry,Single carriageway,None,30,15:21:00,Urban,Fine no high winds,No,16 - 20,10,Urban area,2,998,None,None,Commuting to/from work,Approaching junction or waiting/parked at junction approach,NISSAN,MICRA S,Petrol,Female,None,No tow/articulation,Did not leave carriageway,0,Going ahead other,1,Car,No,Front,2010
201014B117710,C,595,C,783,Slight,None,07-11-2010,Sunday,1,Give way or uncontrolled,Roundabout,53.535184,Daylight,434840,404410,-1.47581,E01007460,1,1,0,0,Dry,Roundabout,None,30,10:40:00,Urban,Fine no high winds,No,16 - 20,10,Urban area,1,1975,None,Other permanent object,Other/Not known (2005-10),Entering roundabout,HYUNDAI,LANTRA CDX,Petrol,Female,None,No tow/articulation,Nearside,0,Going ahead other,1,Car,No,Front,2010
201014C020810,A,6123,Unclassified,0,Slight,None,10-02-2010,Wednesday,1,Give way or uncontrolled,T or staggered junction,53.440208,Daylight,445140,393930,-1.321918,E01007738,1,2,0,0,Wet or damp,Single carriageway,None,40,14:25:00,Urban,Fine no high winds,No,16 - 20,10,Urban area,3,1587,None,None,Other/Not known (2005-10),Entering main road,PEUGEOT,206 XS,Petrol,Female,None,No tow/articulation,Did not leave carriageway,0,Moving off,1,Car,No,Front,2010
2010160A02111,Unclassified,0,NA,0,Slight,None,04-07-2010,Sunday,1,Data missing or out of range,Not at junction or within 20 metres,53.568189,Daylight,529510,409730,-0.045807,E01013195,2,2,0,0,Dry,Single carriageway,None,30,17:00:00,Urban,Fine no high winds,No,16 - 20,10,Urban area,2,1149,None,None,Other/Not known (2005-10),Not at or within 20 metres of junction,RENAULT,CLIO MTV,Petrol,Female,None,No tow/articulation,Did not leave carriageway,0,Waiting to go - held up,2,Car,No,Back,2010
2010160B00241,Unclassified,0,NA,0,Slight,None,23-01-2010,Saturday,2,Data missing or out of range,Not at junction or within 20 metres,53.599114,Daylight,489340,412240,-0.651451,E01013300,2,2,0,0,Dry,Dual carriageway,None,30,15:15:00,Urban,Fine no high winds,No,16 - 20,10,Urban area,3,1199,None,None,Other/Not known (2005-10),Not at or within 20 metres of junction,VAUXHALL,AGILA,Petrol,Female,None,No tow/articulation,Did not leave carriageway,0,Slowing or stopping,2,Car,No,Back,2010
2010160B02681,Unclassified,0,B,1430,Slight,None,13-07-2010,Tuesday,2,Give way or uncontrolled,Roundabout,53.598659,Daylight,489370,412190,-0.651012,E01013300,2,2,0,0,Dry,Roundabout,None,30,17:30:00,Urban,Fine no high winds,No,16 - 20,10,Data missing or out of range,NA,1199,None,None,Journey as part of work,Entering roundabout,VAUXHALL,CORSA CLUB 16V,Petrol,Female,Skidded,No tow/articulation,Did not leave carriageway,0,Going ahead left-hand bend,1,Car,No,Nearside,2010
2010160B04941,B,1392,NA,0,Slight,None,21-12-2010,Tuesday,1,Data missing or out of range,Not at junction or within 20 metres,53.610246,Daylight,484520,413390,-0.723955,E01013246,2,2,0,0,Frost or ice,Single carriageway,None,60,13:13:00,Rural,Fine no high winds,No,16 - 20,10,Rural,4,1299,None,Other permanent object,Other/Not known (2005-10),Not at or within 20 metres of junction,FORD,KA 2,Petrol,Female,Skidded,No tow/articulation,Offside,0,Going ahead left-hand bend,1,Car,No,Front,2010