Accident_Index,1st_Road_Class,1st_Road_Number,2nd_Road_Class,2nd_Road_Number,Accident_Severity,Carriageway_Hazards,Date,Day_of_Week,Did_Police_Officer_Attend_Scene_of_Accident,Junction_Control,Junction_Detail,Latitude,Light_Conditions,Location_Easting_OSGR,Location_Northing_OSGR,Longitude,LSOA_of_Accident_Location,Number_of_Casualties,Number_of_Vehicles,Pedestrian_Crossing-Human_Control,Pedestrian_Crossing-Physical_Facilities,Road_Surface_Conditions,Road_Type,Special_Conditions_at_Site,Speed_limit,Time,Urban_or_Rural_Area,Weather_Conditions,InScotland,Age_Band_of_Driver,Age_of_Vehicle,Driver_Home_Area_Type,Driver_IMD_Decile,Engine_Capacity_.CC.,Hit_Object_in_Carriageway,Hit_Object_off_Carriageway,Journey_Purpose_of_Driver,Junction_Location,make,model,Propulsion_Code,Sex_of_Driver,Skidding_and_Overturning,Towing_and_Articulation,Vehicle_Leaving_Carriageway,Vehicle_Location.Restricted_Lane,Vehicle_Manoeuvre,Vehicle_Reference,Vehicle_Type,Was_Vehicle_Left_Hand_Drive,X1st_Point_of_Impact,Year
2010160C05701,Unclassified,0,Unclassified,0,Slight,None,22-09-2010,Wednesday,1,Give way or uncontrolled,T or staggered junction,53.733615,Daylight,497470,427370,-0.523896,E01013092,1,2,0,0,Dry,Single carriageway,None,60,08:59:00,Rural,Fine no high winds,No,16 - 20,10,Urban area,4,998,None,None,Commuting to/from work,Approaching junction or waiting/parked at junction approach,TOYOTA,YARIS GLS,Petrol,Female,None,No tow/articulation,Did not leave carriageway,0,Going ahead other,1,Car,No,Front,2010
2010160C06911,B,1240,NA,0,Slight,None,04-11-2010,Thursday,2,Data missing or out of range,Not at junction or within 20 metres,53.736869,Daylight,519040,428230,-0.19674,E01013098,1,2,0,0,Dry,Single carriageway,None,30,08:35:00,Rural,Fine no high winds,No,16 - 20,10,Small town,8,1000,None,None,Other/Not known (2005-10),Not at or within 20 metres of junction,VOLKSWAGEN,POLO E,Petrol,Female,None,No tow/articulation,Did not leave carriageway,0,Going ahead other,2,Car,No,Front,2010
2010160D01191,A,63,NA,0,Slight,None,27-02-2010,Saturday,1,Data missing or out of range,Not at junction or within 20 metres,53.739825,Daylight,509220,428320,-0.345516,E01012854,2,3,0,4,Wet or damp,Dual carriageway,None,40,12:00:00,Urban,Fine no high winds,No,16 - 20,10,Urban area,4,899,None,None,Other/Not known (2005-10),Not at or within 20 metres of junction,FIAT,SEICENTO MIA,Petrol,Female,None,No tow/articulation,Did not leave carriageway,0,Waiting to go - held up,3,Car,No,Back,2010
2010170L11470,A,171,C,113,Slight,None,17-08-2010,Tuesday,1,Give way or uncontrolled,T or staggered junction,54.533392,Daylight,455330,515680,-1.146446,E01012119,1,2,0,0,Dry,Single carriageway,None,50,16:54:00,Rural,Fine no high winds,No,16 - 20,10,Urban area,8,1299,None,None,Other/Not known (2005-10),Mid Junction - on roundabout or on main road,FORD,KA NOW,Petrol,Female,None,No tow/articulation,Did not leave carriageway,0,Turning right,2,Car,No,Offside,2010
2010170S41480,A,67,Unclassified,0,Slight,None,06-06-2010,Sunday,1,Give way or uncontrolled,T or staggered junction,54.501574,Daylight,442310,512000,-1.348166,E01012299,1,2,0,0,Wet or damp,Single carriageway,None,30,17:29:00,Urban,Fine no high winds,No,16 - 20,10,Urban area,4,1984,None,None,Other/Not known (2005-10),Mid Junction - on roundabout or on main road,VOLKSWAGEN,BEETLE,Petrol,Female,None,No tow/articulation,Did not leave carriageway,0,Turning right,2,Car,No,Offside,2010
201020H005090,B,4484,Unclassified,0,Slight,None,04-07-2010,Sunday,1,Give way or uncontrolled,T or staggered junction,52.579952,Daylight,396420,298020,-2.054276,E01010404,1,3,0,0,Dry,Single carriageway,None,30,12:22:00,Urban,Fine no high winds,No,16 - 20,10,Urban area,8,1242,None,None,Other/Not known (2005-10),Approaching junction or waiting/parked at junction approach,FIAT,PUNTO 1.2,Petrol,Female,None,No tow/articulation,Did not leave carriageway,0,Waiting to turn right,3,Car,No,Offside,2010
201020J018011,Unclassified,0,Unclassified,0,Slight,None,06-03-2010,Saturday,2,Give way or uncontrolled,Private drive or entrance,52.483987,Daylight,392400,287350,-2.113355,E01009741,1,2,0,0,Dry,Single carriageway,None,20,14:15:00,Urban,Fine no high winds,No,16 - 20,10,Urban area,5,1396,None,None,Other/Not known (2005-10),Mid Junction - on roundabout or on main road,ROVER,25 IS 16V,Petrol,Female,None,No tow/articulation,Did not leave carriageway,0,Turning right,1,Car,No,Nearside,2010
201020L011860,B,4102,Unclassified,0,Slight,None,23-08-2010,Monday,1,Give way or uncontrolled,T or staggered junction,52.409962,Daylight,414120,279130,-1.793858,E01010192,1,2,0,0,Dry,Single carriageway,None,30,16:33:00,Urban,Fine no high winds,No,16 - 20,10,Urban area,9,1497,None,None,Other/Not known (2005-10),Entering main road,NISSAN,ALMERA E,Petrol,Female,None,No tow/articulation,Did not leave carriageway,0,Moving off,1,Car,No,Front,2010
201020N019740,Unclassified,0,Unclassified,0,Slight,None,03-06-2010,Thursday,1,Give way or uncontrolled,T or staggered junction,52.537981,Daylight,410030,293360,-1.853561,E01009403,1,2,0,0,Dry,Single carriageway,None,30,18:24:00,Urban,Fine no high winds,No,16 - 20,10,Urban area,3,1396,None,None,Other/Not known (2005-10),Mid Junction - on roundabout or on main road,ROVER,25 IS 16V,Petrol,Female,None,No tow/articulation,Did not leave carriageway,0,Going ahead other,2,Car,No,Front,2010
201020W023950,A,4400,B,4127,Slight,None,25-06-2010,Friday,2,Auto traffic signal,Roundabout,52.47474,Daylight,406830,286320,-1.900884,E01009142,2,2,0,5,Dry,Roundabout,None,30,17:30:00,Urban,Fine no high winds,No,16 - 20,10,Urban area,3,1242,None,None,Commuting to/from work,Leaving roundabout,FIAT,PUNTO ELX 8V,Petrol,Female,None,No tow/articulation,Did not leave carriageway,0,Going ahead other,2,Car,No,Nearside,2010
201022C002064,B,4638,B,4636,Slight,None,24-04-2010,Saturday,1,Give way or uncontrolled,Roundabout,52.19289,Daylight,387970,254980,-2.177422,E01032339,3,1,0,0,Dry,Single carriageway,None,30,06:05:00,Urban,Fine no high winds,No,16 - 20,10,Urban area,7,973,Kerb,Other permanent object,Other/Not known (2005-10),Leaving roundabout,VAUXHALL,CORSA GLS 12V,Petrol,Female,Skidded and overturned,No tow/articulation,Offside,0,Turning right,1,Car,No,Nearside,2010
201022C003512,B,4637,NA,0,Slight,None,12-07-2010,Monday,1,Data missing or out of range,Not at junction or within 20 metres,52.195983,Daylight,385750,255330,-2.209913,E01032292,1,2,0,0,Wet or damp,Single carriageway,None,30,07:15:00,Urban,Fine no high winds,No,16 - 20,10,Urban area,8,49,None,None,Other/Not known (2005-10),Not at or within 20 metres of junction,PIAGGIO,ET2,Petrol,Female,Skidded,No tow/articulation,Did not leave carriageway,0,Going ahead right-hand bend,1,Motorcycle 50cc and under,No,Front,2010
201022D004670,A,38,NA,0,Slight,None,15-09-2010,Wednesday,1,Data missing or out of range,Not at junction or within 20 metres,52.361675,Daylight,396960,273740,-2.046078,E01032152,1,2,0,0,Dry,Single carriageway,None,40,10:45:00,Urban,Fine no high winds,No,16 - 20,10,Urban area,9,973,None,None,Other/Not known (2005-10),Not at or within 20 metres of junction,VAUXHALL,CORSA GLS 12V,Petrol,Female,Skidded,No tow/articulation,Did not leave carriageway,0,Going ahead other,1,Car,No,Front,2010
201022F000812,A,4113,NA,0,Slight,None,12-02-2010,Friday,1,Data missing or out of range,Not at junction or within 20 metres,52.388321,Daylight,347870,276980,-2.767434,E01029004,1,1,0,0,Wet or damp,Single carriageway,None,30,08:45:00,Rural,Fine no high winds,No,16 - 20,10,Small town,NA,998,None,Other permanent object,Commuting to/from work,Not at or within 20 metres of junction,NISSAN,MICRA S,Petrol,Female,Skidded and overturned,No tow/articulation,Nearside and rebounded,0,Going ahead right-hand bend,1,Car,No,Offside,2010
201022G001886,Unclassified,0,Unclassified,0,Slight,None,02-04-2010,Friday,2,Give way or uncontrolled,T or staggered junction,52.664259,Daylight,368340,307500,-2.46958,E01014120,1,1,0,0,Dry,Single carriageway,None,30,18:30:00,Urban,Fine no high winds,No,16 - 20,10,Urban area,4,1149,None,None,Other/Not known (2005-10),Approaching junction or waiting/parked at junction approach,RENAULT,CLIO MTV,Petrol,Female,None,No tow/articulation,Did not leave carriageway,0,Reversing,1,Car,No,Back,2010
201022G004313,Unclassified,0,Unclassified,0,Slight,None,25-08-2010,Wednesday,2,Give way or uncontrolled,T or staggered junction,52.633567,Daylight,369240,304080,-2.455953,E01014159,1,2,0,0,Dry,Single carriageway,None,30,09:15:00,Urban,Fine no high winds,No,16 - 20,10,Urban area,3,1299,Parked vehicle,None,Journey as part of work,Mid Junction - on roundabout or on main road,FORD,KA,Petrol,Female,None,No tow/articulation,Did not leave carriageway,0,Going ahead other,2,Car,No,Front,2010
201022G004877,A,41,Unclassified,0,Slight,None,27-09-2010,Monday,1,Give way or uncontrolled,Crossroads,52.643633,Daylight,380880,305140,-2.284025,E01028844,4,2,0,0,Dry,Single carriageway,None,60,23:20:00,Rural,Fine no high winds,No,16 - 20,10,Urban area,6,1242,None,None,Other/Not known (2005-10),Entering main road,FIAT,PUNTO MIA,Petrol,Female,None,No tow/articulation,Did not leave carriageway,0,Turning left,1,Car,No,Front,2010
201030C000205,A,61,B,6025,Slight,None,20-04-2010,Tuesday,1,Give way or uncontrolled,T or staggered junction,53.106195,Daylight,440750,356730,-1.392759,E01019819,3,2,0,0,Dry,Single carriageway,None,60,18:40:00,Rural,Fine no high winds,No,16 - 20,10,Urban area,5,1124,None,None,Other/Not known (2005-10),Mid Junction - on roundabout or on main road,CITROEN,SAXO FORTE,Petrol,Female,Skidded,No tow/articulation,Did not leave carriageway,0,U-turn,1,Car,No,Offside,2010
201030C000351,C,259,A,6135,Slight,None,14-06-2010,Monday,2,Give way or uncontrolled,T or staggered junction,53.299975,Daylight,444280,378320,-1.337046,E01019815,2,1,0,0,Dry,Single carriageway,None,30,18:30:00,Rural,Fine no high winds,No,16 - 20,10,Urban area,6,1124,Kerb,Tree,Other/Not known (2005-10),Leaving main road,CITROEN,SAXO FORTE,Petrol,Female,None,No tow/articulation,Offside,0,Turning left,1,Car,No,Front,2010
201030C000487,C,226,NA,0,Slight,None,04-08-2010,Wednesday,1,Data missing or out of range,Not at junction or within 20 metres,53.168108,Daylight,438580,363600,-1.424347,E01019774,1,2,0,0,Dry,Single carriageway,None,30,19:28:00,Urban,Fine no high winds,No,16 - 20,10,Small town,4,1124,Parked vehicle,None,Other/Not known (2005-10),Not at or within 20 metres of junction,PEUGEOT,206 L,Petrol,Female,None,No tow/articulation,Did not leave carriageway,0,Going ahead other,1,Car,No,Front,2010
201030D000127,A,6,A,6,Slight,None,12-02-2010,Friday,1,Give way or uncontrolled,Roundabout,52.949564,Daylight,435020,339260,-1.480238,E01013526,1,1,0,0,Dry,Dual carriageway,None,30,10:40:00,Urban,Fine no high winds,No,16 - 20,10,Urban area,4,1299,None,Central crash barrier,Other/Not known (2005-10),Approaching junction or waiting/parked at junction approach,FORD,KA 2,Petrol,Female,Skidded,No tow/articulation,Offside on to centrl res + rebounded,0,Going ahead left-hand bend,1,Car,No,Offside,2010
201030D000392,B,5010,B,5010,Slight,None,03-05-2010,Monday,1,Give way or uncontrolled,T or staggered junction,52.88038,Daylight,440950,331610,-1.392947,E01019835,3,2,0,0,Dry,Single carriageway,None,60,15:58:00,Rural,Fine no high winds,No,16 - 20,10,Urban area,3,1598,None,None,Other/Not known (2005-10),Mid Junction - on roundabout or on main road,VAUXHALL,ASTRA LS 8V,Petrol,Female,None,No tow/articulation,Did not leave carriageway,0,Going ahead other,2,Car,No,Front,2010
201030D000397,C,359,Unclassified,0,Slight,None,04-05-2010,Tuesday,1,Give way or uncontrolled,Roundabout,52.897658,Daylight,449300,333610,-1.268576,E01019682,1,2,0,4,Dry,Roundabout,None,30,14:45:00,Urban,Fine no high winds,No,16 - 20,10,Urban area,7,1390,None,None,Other/Not known (2005-10),Mid Junction - on roundabout or on main road,RENAULT,CLIO ALIZE,Petrol,Female,None,No tow/articulation,Did not leave carriageway,0,Going ahead other,1,Car,No,Front,2010
201030D000890,C,167,NA,0,Slight,None,16-09-2010,Thursday,1,Data missing or out of range,Not at junction or within 20 metres,52.895119,Daylight,438550,333230,-1.428417,E01013502,1,2,0,0,Dry,Single carriageway,None,30,15:36:00,Urban,Fine no high winds,No,16 - 20,10,Small town,9,1598,None,None,Other/Not known (2005-10),Not at or within 20 metres of junction,RENAULT,MEGANE RT SPORT ALIZE,Petrol,Female,None,No tow/articulation,Did not leave carriageway,0,Going ahead right-hand bend,2,Car,No,Front,2010
20103102A2204,B,6014,Unclassified,0,Slight,None,23-09-2010,Thursday,2,Give way or uncontrolled,T or staggered junction,53.143655,Daylight,449530,360980,-1.260964,E01027979,2,2,0,0,Dry,Single carriageway,None,30,15:45:00,Urban,Fine no high winds,No,16 - 20,10,Urban area,4,1124,None,None,Taking pupil to/from school,Mid Junction - on roundabout or on main road,PEUGEOT,106 INDEPENDENCE,Petrol,Female,None,No tow/articulation,Did not leave carriageway,0,Waiting to turn right,2,Car,No,Back,2010
20103102B0772,B,6030,NA,0,Slight,None,09-03-2010,Tuesday,1,Data missing or out of range,Not at junction or within 20 metres,53.175049,Daylight,461390,364610,-1.082979,E01028313,1,3,0,0,Dry,Single carriageway,None,60,08:48:00,Rural,Fine no high winds,No,16 - 20,10,Urban area,9,1349,None,Entered ditch,Other/Not known (2005-10),Not at or within 20 metres of junction,DAEWOO,LANOS S,Petrol,Female,Skidded,No tow/articulation,Offside and rebounded,0,Going ahead left-hand bend,1,Car,No,Offside,2010
20103102B1190,B,6040,Unclassified,0,Slight,None,31-03-2010,Wednesday,2,Give way or uncontrolled,T or staggered junction,53.308486,Daylight,458490,379420,-1.123647,E01028057,2,2,0,0,Dry,Single carriageway,None,30,15:30:00,Urban,Fine no high winds,No,16 - 20,10,Urban area,1,1124,None,None,Other/Not known (2005-10),Mid Junction - on roundabout or on main road,CITROEN,SAXO FORTE,Petrol,Female,None,No tow/articulation,Did not leave carriageway,0,Going ahead other,2,Car,No,Front,2010
20103102B2482,Unclassified,0,NA,0,Slight,None,05-10-2010,Tuesday,1,Data missing or out of range,Not at junction or within 20 metres,53.319435,Daylight,469770,380790,-0.954083,E01028021,1,2,0,1,Dry,Single carriageway,None,30,08:12:00,Urban,Fine no high winds,No,16 - 20,10,Data missing or out of range,NA,1390,None,None,Journey as part of work,Not at or within 20 metres of junction,RENAULT,MEGANE SCENIC 16V,Petrol,Female,None,No tow/articulation,Did not leave carriageway,0,Going ahead other,1,Car,No,Offside,2010
20103102C0596,A,60,C,187,Slight,None,26-03-2010,Friday,1,Auto traffic signal,T or staggered junction,52.980182,Daylight,457370,342880,-1.146986,E01013971,1,2,0,5,Dry,Single carriageway,None,30,15:47:00,Urban,Fine no high winds,No,16 - 20,10,Rural,8,1000,None,None,Other/Not known (2005-10),Approaching junction or waiting/parked at junction approach,VOLKSWAGEN,POLO E,Petrol,Female,None,No tow/articulation,Did not leave carriageway,0,Going ahead other,1,Car,No,Front,2010
20103102C2258,Unclassified,0,Unclassified,0,Slight,None,17-09-2010,Friday,1,Give way or uncontrolled,Crossroads,52.969372,Daylight,455890,341660,-1.169237,E01013846,1,1,0,0,Dry,Single carriageway,None,30,13:00:00,Urban,Fine no high winds,No,16 - 20,10,Urban area,2,1595,None,None,Other/Not known (2005-10),Mid Junction - on roundabout or on main road,SEAT,LEON S,Petrol,Female,None,No tow/articulation,Did not leave carriageway,0,Reversing,1,Car,No,Back,2010
20103102C2380,C,179,Unclassified,0,Slight,None,12-10-2010,Tuesday,1,Give way or uncontrolled,T or staggered junction,52.991178,Daylight,457090,344100,-1.150941,E01013964,2,2,0,0,Dry,Single carriageway,None,30,08:22:00,Urban,Fine no high winds,No,16 - 20,10,Urban area,2,1360,None,None,Journey as part of work,Mid Junction - on roundabout or on main road,PEUGEOT,206 GLX,Petrol,Female,Skidded,No tow/articulation,Did not leave carriageway,0,Going ahead other,2,Car,No,Front,2010
20103102D0005,A,46,NA,0,Slight,None,01-01-2010,Friday,1,Data missing or out of range,Not at junction or within 20 metres,52.999029,Daylight,472460,345180,-0.921759,E01028403,1,1,0,0,Frost or ice,Single carriageway,None,60,09:36:00,Rural,Fine no high winds,No,16 - 20,10,Urban area,7,973,None,Lamp post,Other/Not known (2005-10),Not at or within 20 metres of junction,VAUXHALL,CORSA GLS 12V,Petrol,Female,Skidded,No tow/articulation,Nearside,0,Going ahead other,1,Car,No,Front,2010
20103102D1247,A,52,B,6003,Slight,None,15-05-2010,Saturday,1,Auto traffic signal,Roundabout,52.920293,Daylight,449490,336130,-1.265368,E01028131,2,3,0,0,Dry,Roundabout,None,40,13:05:00,Rural,Fine no high winds,No,16 - 20,10,Urban area,9,1587,None,None,Commuting to/from work,Mid Junction - on roundabout or on main road,PEUGEOT,206 XS,Petrol,Female,None,No tow/articulation,Did not leave carriageway,0,Changing lane to left,1,Car,No,Front,2010
20103102D2055,C,26,C,47,Slight,None,28-08-2010,Saturday,2,Give way or uncontrolled,Crossroads,52.835187,Daylight,450260,326670,-1.255375,E01028408,1,2,0,0,Dry,Single carriageway,None,60,18:30:00,Rural,Fine no high winds,No,16 - 20,10,Rural,9,998,None,Road sign or traffic signal,Other/Not known (2005-10),Approaching junction or waiting/parked at junction approach,TOYOTA,YARIS GS,Petrol,Female,None,No tow/articulation,Nearside,0,Going ahead other,2,Car,No,Front,2010
20103104A0871,A,60,A,6009,Slight,None,14-04-2010,Wednesday,1,Auto traffic signal,Crossroads,53.146729,Daylight,453980,361370,-1.194376,E01028284,2,3,0,5,Dry,Single carriageway,None,30,18:09:00,Urban,Fine no high winds,No,16 - 20,10,Urban area,3,1299,None,None,Other/Not known (2005-10),Approaching junction or waiting/parked at junction approach,FORD,KA,Petrol,Female,None,No tow/articulation,Did not leave carriageway,0,Waiting to turn left,2,Car,No,Back,2010
20103104D1622,Unclassified,0,Unclassified,0,Slight,None,18-06-2010,Friday,1,Give way or uncontrolled,Private drive or entrance,52.996287,Daylight,450030,344590,-1.256033,E01028102,4,2,0,0,Dry,Single carriageway,None,30,13:01:00,Urban,Fine no high winds,No,16 - 20,10,Urban area,6,1299,None,None,Other/Not known (2005-10),Mid Junction - on roundabout or on main road,FORD,KA 2,Petrol,Female,Skidded,No tow/articulation,Did not leave carriageway,0,Going ahead other,2,Car,No,Front,2010
201032C085410,A,157,NA,0,Slight,None,28-03-2010,Sunday,1,Data missing or out of range,Not at junction or within 20 metres,53.364033,Daylight,527130,386940,-0.090935,E01026070,2,1,0,0,Dry,Single carriageway,None,60,16:20:00,Rural,Fine no high winds,No,16 - 20,10,Data missing or out of range,NA,1299,None,None,Other/Not known (2005-10),Not at or within 20 metres of junction,FORD,KA,Petrol,Female,Skidded and overturned,No tow/articulation,Offside,0,Going ahead right-hand bend,1,Car,No,Nearside,2010
201032C135410,C,652,C,653,Slight,None,15-05-2010,Saturday,1,Give way or uncontrolled,T or staggered junction,53.39187,Daylight,539980,390400,0.103572,E01026058,2,2,0,0,Dry,Single carriageway,None,60,11:53:00,Rural,Fine no high winds,No,16 - 20,10,Rural,3,1289,None,None,Other/Not known (2005-10),Cleared junction or waiting/parked at junction exit,SKODA,FELICIA CLASSIC,Petrol,Female,None,No tow/articulation,Did not leave carriageway,0,Turning right,2,Car,No,Back,2010
201032C367010,A,158,NA,,Slight,None,28-11-2010,Sunday,1,Give way or uncontrolled,Private drive or entrance,53.206442,Daylight,534490,369600,0.012264,E01026105,4,2,0,0,Wet or damp,Single carriageway,None,40,09:21:00,Rural,Fine no high winds,No,16 - 20,10,Urban area,4,1299,None,None,Other/Not known (2005-10),Approaching junction or waiting/parked at junction approach,FORD,KA 2,Petrol,Female,None,No tow/articulation,Nearside,0,Turning right,1,Car,No,Front,2010
201032D136910,A,46,NA,0,Slight,None,12-05-2010,Wednesday,1,Data missing or out of range,Not at junction or within 20 metres,53.1587,Daylight,489310,363230,-0.665745,E01026181,1,2,0,0,Dry,Dual carriageway,None,70,19:16:00,Rural,Fine no high winds,No,16 - 20,10,Small town,10,1299,Bollard or refuge,Central crash barrier,Journey as part of work,Not at or within 20 metres of junction,FORD,KA,Petrol,Female,Skidded,No tow/articulation,Did not leave carriageway,0,Overtaking moving vehicle - offside,1,Car,No,Front,2010
201034NE48730,A,14,NA,0,Slight,None,19-09-2010,Sunday,1,Data missing or out of range,Not at junction or within 20 metres,52.389558,Daylight,501740,277890,-0.506397,E01027077,2,1,0,0,Dry,Dual carriageway,None,70,14:13:00,Rural,Fine no high winds,No,16 - 20,10,Urban area,4,1299,None,Tree,Other/Not known (2005-10),Not at or within 20 metres of junction,FORD,KA 2,Petrol,Female,None,No tow/articulation,Nearside,0,Going ahead other,1,Car,No,Front,2010
201034NK24510,C,45,C,6,Slight,None,19-06-2010,Saturday,1,Give way or uncontrolled,T or staggered junction,52.39917,Daylight,481920,278590,-0.797397,E01027118,2,2,0,0,Dry,Single carriageway,None,30,10:20:00,Rural,Fine no high winds,No,16 - 20,10,Rural,9,1299,None,None,Commuting to/from work,Mid Junction - on roundabout or on main road,FORD,KA NOW,Petrol,Female,None,No tow/articulation,Did not leave carriageway,0,Turning right,1,Car,No,Front,2010
201022D005737,Unclassified,0,Unclassified,0,Slight,None,19-11-2010,Friday,1,Give way or uncontrolled,T or staggered junction,52.30679,Daylight,407670,267640,-1.888939,E01032275,1,2,0,0,Wet or damp,Single carriageway,None,30,08:15:00,Urban,Fog or mist,No,16 - 20,10,Urban area,3,1299,None,None,Commuting to/from work,Mid Junction - on roundabout or on main road,FORD,KA,Petrol,Female,None,No tow/articulation,Did not leave carriageway,0,Going ahead other,1,Car,No,Front,2010
201045EP54282,A,240,A,24,Slight,None,29-04-2019,Wednesday,1,Give way or uncontrolled,Roundabout,26.73099514,Daylight,522090,162090,94.23124449,E01030392,1,2,0,0,Wet or damp,Roundabout,None,40,10:36:00,Urban,Other,No,16 - 20,10,Urban area,10,1242,None,None,Commuting to/from work,Entering roundabout,FIAT,PUNTO 1.2,Petrol,Male,None,No tow/articulation,Did not leave carriageway,0,Turning left,1,Car,No,Front,2019
201050AY2E010,C,163,NA,0,Slight,None,05-11-2020,Friday,1,Not at junction or within 20 metres,Not at junction or within 20 metres,8.871704621,Daylight,157700,33230,76.66887191,E01019007,1,2,0,0,Wet or damp,Single carriageway,None,60,14:15:00,Rural,Other,No,16 - 20,10,Rural,4,1598,None,None,Other/Not known (2005-10),Not at or within 20 metres of junction,DAEWOO,LANOS SX,Petrol,Male,Skidded,No tow/articulation,Did not leave carriageway,0,Going ahead left-hand bend,1,Car,No,Front,2020
201050BE2G005,A,387,NA,0,Slight,None,06-08-2020,Wednesday,1,Data missing or out of range,Not at junction or within 20 metres,22.74720544,Daylight,221360,52810,75.88978456,E01018762,2,2,0,0,Frost or ice,Single carriageway,None,60,08:25:00,Rural,Other,No,16 - 20,10,Small town,7,973,None,None,Commuting to/from work,Not at or within 20 metres of junction,VAUXHALL,CORSA CLUB 12V,Petrol,Male,Skidded and overturned,No tow/articulation,Did not leave carriageway,0,Going ahead right-hand bend,1,Car,No,Offside,2020
20104100E0559,B,197,Unclassified,796,Slight,None,18-01-2019,Monday,2,Auto traffic signal,T or staggered junction,28.57330656,Daylight,524480,222230,77.19284827,E01023786,1,2,0,0,Frost or ice,Single carriageway,None,30,17:30:00,Urban,Other,No,16 - 20,10,Small town,10,1124,None,None,Other/Not known (2005-10),Approaching junction or waiting/parked at junction approach,PEUGEOT,106 INDEPENDENCE,Petrol,Male,None,No tow/articulation,Did not leave carriageway,0,Slowing or stopping,2,Car,No,Back,2020
20104100E0559,B,197,Unclassified,796,Slight,None,13-12-2010,Monday,2,Auto traffic signal,T or staggered junction,51.884696,Daylight,524480,222230,-0.192767,E01023786,1,2,0,0,Frost or ice,Single carriageway,None,30,17:30:00,Urban,Other,No,16 - 20,10,Small town,10,1124,None,None,Other/Not known (2005-10),Approaching junction or waiting/parked at junction approach,PEUGEOT,106 INDEPENDENCE,Petrol,Male,None,No tow/articulation,Did not leave carriageway,0,Slowing or stopping,2,Car,No,Back,2010
201045EP54282,A,240,A,24,Slight,None,29-09-2010,Wednesday,1,Give way or uncontrolled,Roundabout,51.344732,Daylight,522090,162090,-0.24841,E01030392,1,2,0,0,Wet or damp,Roundabout,None,40,10:36:00,Urban,Other,No,16 - 20,10,Urban area,10,1242,None,None,Commuting to/from work,Entering roundabout,FIAT,PUNTO 1.2,Petrol,Male,None,No tow/articulation,Did not leave carriageway,0,Turning left,1,Car,No,Front,2010
201050AY2E010,C,163,NA,0,Slight,None,01-10-2010,Friday,1,Not at junction or within 20 metres,Not at junction or within 20 metres,50.149436,Daylight,157700,33230,-5.393128,E01019007,1,2,0,0,Wet or damp,Single carriageway,None,60,14:15:00,Rural,Other,No,16 - 20,10,Rural,4,1598,None,None,Other/Not known (2005-10),Not at or within 20 metres of junction,DAEWOO,LANOS SX,Petrol,Male,Skidded,No tow/articulation,Did not leave carriageway,0,Going ahead left-hand bend,1,Car,No,Front,2010
201050BE2G005,A,387,NA,0,Slight,None,08-12-2010,Wednesday,1,Data missing or out of range,Not at junction or within 20 metres,50.347972,Daylight,221360,52810,-4.512307,E01018762,2,2,0,0,Frost or ice,Single carriageway,None,60,08:25:00,Rural,Other,No,16 - 20,10,Small town,7,973,None,None,Commuting to/from work,Not at or within 20 metres of junction,VAUXHALL,CORSA CLUB 12V,Petrol,Male,Skidded and overturned,No tow/articulation,Did not leave carriageway,0,Going ahead right-hand bend,1,Car,No,Offside,2010
201006J038826,A,5149,Unclassified,0,Slight,None,09-11-2010,Tuesday,1,Give way or uncontrolled,T or staggered junction,53.385947,Daylight,386090,387700,-2.210609,E01005774,2,1,0,0,Wet or damp,Single carriageway,None,30,15:27:00,Urban,Other,No,16 - 20,10,Urban area,7,1000,None,Lamp post,Other/Not known (2005-10),Approaching junction or waiting/parked at junction approach,VOLKSWAGEN,POLO E,Petrol,Male,Skidded and overturned,No tow/articulation,Nearside and rebounded,0,Going ahead other,1,Car,No,Front,2010
201020G000612,Unclassified,0,NA,0,Slight,None,03-01-2010,Sunday,1,Data missing or out of range,Not at junction or within 20 metres,52.590977,Daylight,393090,299250,-2.103446,E01010445,4,2,0,0,Frost or ice,Single carriageway,Road surface defective,30,11:36:00,Urban,Other,No,16 - 20,10,Urban area,5,3301,None,None,Other/Not known (2005-10),Not at or within 20 metres of junction,CHRYSLER,GRAND VOYAGER LX AUTO,Petrol,Male,Skidded,No tow/articulation,Did not leave carriageway,0,Going ahead left-hand bend,1,Car,No,Offside,2010
201020G002311,Unclassified,0,NA,0,Slight,None,08-01-2010,Friday,1,Data missing or out of range,Not at junction or within 20 metres,52.6009,Daylight,389600,300360,-2.154999,E01010539,1,1,0,0,Frost or ice,Single carriageway,None,30,10:00:00,Urban,Other,No,16 - 20,10,Urban area,9,1124,Kerb,Entered ditch,Commuting to/from work,Not at or within 20 metres of junction,CITROEN,SAXO FORTE,Petrol,Male,Skidded and overturned,No tow/articulation,Nearside,0,Going ahead right-hand bend,1,Car,No,Nearside,2010
201045WA54899,Unclassified,664,Unclassified,0,Slight,None,15-10-2019,Wednesday,1,Give way or uncontrolled,Other junction,27.09231089,Daylight,505900,139300,93.62385508,E01030875,1,2,0,0,Wet or damp,Single carriageway,None,30,09:31:00,Rural,Other,No,16 - 20,10,Urban area,9,1299,None,None,Other/Not known (2005-10),Approaching junction or waiting/parked at junction approach,FORD,KA,Petrol,Female,None,No tow/articulation,Did not leave carriageway,0,Going ahead left-hand bend,1,Car,No,Offside,2019