Accident_Index,1st_Road_Class,1st_Road_Number,2nd_Road_Class,2nd_Road_Number,Accident_Severity,Carriageway_Hazards,Date,Day_of_Week,Did_Police_Officer_Attend_Scene_of_Accident,Junction_Control,Junction_Detail,Latitude,Light_Conditions,Location_Easting_OSGR,Location_Northing_OSGR,Longitude,LSOA_of_Accident_Location,Number_of_Casualties,Number_of_Vehicles,Pedestrian_Crossing-Human_Control,Pedestrian_Crossing-Physical_Facilities,Road_Surface_Conditions,Road_Type,Special_Conditions_at_Site,Speed_limit,Time,Urban_or_Rural_Area,Weather_Conditions,InScotland,Age_Band_of_Driver,Age_of_Vehicle,Driver_Home_Area_Type,Driver_IMD_Decile,Engine_Capacity_.CC.,Hit_Object_in_Carriageway,Hit_Object_off_Carriageway,Journey_Purpose_of_Driver,Junction_Location,make,model,Propulsion_Code,Sex_of_Driver,Skidding_and_Overturning,Towing_and_Articulation,Vehicle_Leaving_Carriageway,Vehicle_Location.Restricted_Lane,Vehicle_Manoeuvre,Vehicle_Reference,Vehicle_Type,Was_Vehicle_Left_Hand_Drive,X1st_Point_of_Impact,Year
201020W034500,Unclassified,0,Unclassified,0,Slight,None,13-09-2010,Monday,2,Give way or uncontrolled,Crossroads,52.516432,Daylight,408410,290960,-1.877506,E01008915,2,2,0,0,Wet or damp,Single carriageway,None,30,15:45:00,Urban,Raining no high winds,No,16 - 20,10,Urban area,6,1000,None,None,Other/Not known (2005-10),Mid Junction - on roundabout or on main road,VOLKSWAGEN,POLO E,Petrol,Male,None,No tow/articulation,Did not leave carriageway,0,Moving off,1,Car,No,Front,2010
201022D004109,Unclassified,0,NA,0,Slight,None,14-08-2010,Saturday,1,Data missing or out of range,Not at junction or within 20 metres,52.42021,Daylight,399190,280250,-2.013348,E01032169,2,2,0,0,Wet or damp,Single carriageway,None,60,15:20:00,Rural,Raining no high winds,No,16 - 20,10,Urban area,6,1868,None,None,Other/Not known (2005-10),Not at or within 20 metres of junction,CITROEN,BERLINGO DIESEL,Heavy oil,Male,Skidded,No tow/articulation,Did not leave carriageway,0,Slowing or stopping,1,Van / Goods 3.5 tonnes mgw or under,No,Front,2010
201022E004442,B,4362,NA,0,Slight,None,05-09-2010,Sunday,1,Data missing or out of range,Not at junction or within 20 metres,52.283946,Daylight,347800,265370,-2.766656,E01013999,1,1,0,0,Wet or damp,Single carriageway,None,60,11:20:00,Rural,Raining no high winds,No,16 - 20,10,Rural,5,1360,None,Entered ditch,Other/Not known (2005-10),Not at or within 20 metres of junction,CITROEN,SAXO FURIO,Petrol,Male,Skidded,No tow/articulation,Offside,0,Going ahead right-hand bend,1,Car,No,Front,2010
20103102B0611,A,60,Unclassified,0,Slight,None,30-03-2010,Tuesday,1,Give way or uncontrolled,T or staggered junction,53.320691,Daylight,458660,380780,-1.120844,E01028050,1,2,0,0,Wet or damp,Single carriageway,None,30,17:30:00,Urban,Raining no high winds,No,16 - 20,10,Urban area,7,1360,None,None,Other/Not known (2005-10),Approaching junction or waiting/parked at junction approach,CITROEN,SAXO FURIO,Petrol,Male,Skidded,No tow/articulation,Did not leave carriageway,0,Going ahead other,1,Car,No,Front,2010
201032D267110,B,1398,NA,0,Slight,None,11-09-2010,Saturday,1,Data missing or out of range,Not at junction or within 20 metres,53.405299,Daylight,493410,390750,-0.596363,E01026386,1,1,0,0,Wet or damp,Single carriageway,None,60,07:00:00,Rural,Raining no high winds,No,16 - 20,10,Urban area,6,1867,None,None,Journey as part of work,Not at or within 20 metres of junction,FIAT,SCUDO EL 1.9D,Heavy oil,Male,Skidded and overturned,No tow/articulation,Nearside,0,Going ahead left-hand bend,1,Van / Goods 3.5 tonnes mgw or under,No,Did not impact,2010
201050AP2M007,A,30,Unclassified,0,Slight,None,30-12-2020,Saturday,1,Give way or uncontrolled,T or staggered junction,22.06437641,Daylight,151590,33170,82.16370858,E01018988,1,3,0,4,Wet or damp,Single carriageway,None,40,17:35:00,Rural,Raining no high winds,No,16 - 20,10,Urban area,2,1975,None,None,Other/Not known (2005-10),Approaching junction or waiting/parked at junction approach,HYUNDAI,COUPE F2 EVO,Petrol,Female,None,No tow/articulation,Did not leave carriageway,0,Waiting to go - held up,3,Car,No,Back,2019
201050KS2B006,A,3052,NA,0,Slight,None,27-02-2019,Friday,1,Not at junction or within 20 metres,Not at junction or within 20 metres,15.29368332,Daylight,307270,89540,73.97790547,E01019937,1,4,0,0,Wet or damp,Single carriageway,None,30,15:54:00,Rural,Raining no high winds,No,16 - 20,10,Small town,7,1242,None,None,Other/Not known (2005-10),Not at or within 20 metres of junction,FORD,FIESTA GHIA 16V,Petrol,Female,None,No tow/articulation,Did not leave carriageway,0,Going ahead other,1,Car,No,Front,2019
201043N195050,Unclassified,2087,NA,0,Slight,None,04-05-2020,Saturday,1,Data missing or out of range,Not at junction or within 20 metres,22.99725035,Daylight,488770,196550,72.58474598,E01017880,1,2,0,0,Wet or damp,Single carriageway,None,30,20:40:00,Urban,Raining no high winds,No,16 - 20,10,Urban area,9,1299,Bollard or refuge,None,Other/Not known (2005-10),Not at or within 20 metres of junction,FORD,KA 2,Petrol,Female,Skidded,No tow/articulation,Did not leave carriageway,0,Going ahead other,2,Car,No,Front,2019
201050KH2C005,A,35,Unclassified,0,Slight,None,28-06-2020,Thursday,1,Give way or uncontrolled,Crossroads,8.879918135,Daylight,321130,99910,76.6495752,E01019901,1,2,0,0,Wet or damp,Single carriageway,None,60,17:37:00,Rural,Raining no high winds,No,16 - 20,10,Rural,8,1242,None,None,Other/Not known (2005-10),Approaching junction or waiting/parked at junction approach,FIAT,PUNTO ELX 8V,Petrol,Female,None,No tow/articulation,Did not leave carriageway,0,Waiting to turn right,2,Car,No,Offside,2020
20104100K0014,A,10,NA,0,Slight,None,04-03-2020,Thursday,1,Not at junction or within 20 metres,Not at junction or within 20 metres,26.45847431,Daylight,535210,200900,74.58479339,E01023293,1,2,0,0,Wet or damp,Dual carriageway,None,50,09:15:00,Rural,Raining no high winds,No,16 - 20,10,Urban area,9,1397,None,None,Journey as part of work,Not at or within 20 metres of junction,SKODA,FABIA COMFORT 8V,Petrol,Female,None,No tow/articulation,Did not leave carriageway,0,Slowing or stopping,1,Car,No,Front,2020
2010400B00780,B,660,Unclassified,0,Slight,None,02-12-2020,Friday,1,Give way or uncontrolled,T or staggered junction,26.45841813,Daylight,505870,252100,80.33890533,E01017454,2,2,0,0,Wet or damp,Single carriageway,None,30,15:47:00,Urban,Raining no high winds,No,16 - 20,10,Urban area,9,1400,None,None,Other/Not known (2005-10),Approaching junction or waiting/parked at junction approach,VOLKSWAGEN,GOLF E,Petrol,Female,None,No tow/articulation,Did not leave carriageway,0,Going ahead other,1,Car,No,Front,2020
20104100J0292,C,85,NA,0,Slight,None,29-01-2019,Tuesday,2,Not at junction or within 20 metres,Not at junction or within 20 metres,28.57197788,Daylight,518670,197320,77.19717799,E01023531,1,2,0,4,Wet or damp,Single carriageway,None,30,15:20:00,Urban,Raining no high winds,No,16 - 20,10,Urban area,6,1124,None,None,Commuting to/from work,Not at or within 20 metres of junction,CITROEN,SAXO FORTE,Petrol,Female,None,No tow/articulation,Did not leave carriageway,0,Waiting to go - held up,2,Car,No,Back,2020
201050JC2B009,A,38,B,3344,Slight,None,03-07-2020,Friday,1,Give way or uncontrolled,T or staggered junction,18.51212334,Daylight,288060,81170,73.82901753,E01020221,3,2,0,0,Wet or damp,Single carriageway,None,50,15:20:00,Rural,Raining no high winds,No,16 - 20,10,Rural,7,999,None,None,Other/Not known (2005-10),Mid Junction - on roundabout or on main road,HYUNDAI,AMICA GSI,Petrol,Female,None,No tow/articulation,Did not leave carriageway,0,Going ahead other,2,Car,No,Nearside,2021
201045TA51884,C,88,NA,0,Slight,None,17-04-2019,Tuesday,1,Data missing or out of range,Not at junction or within 20 metres,19.19568803,Daylight,538710,143050,72.86481376,E01030833,1,1,0,0,Wet or damp,Single carriageway,None,30,08:20:00,Rural,Raining no high winds,No,16 - 20,10,Urban area,7,1242,None,Other permanent object,Other/Not known (2005-10),Not at or within 20 metres of junction,FIAT,PUNTO ELX 8V,Petrol,Female,Skidded,No tow/articulation,Nearside,0,Going ahead right-hand bend,1,Car,No,Nearside,2021
201054EZ33410,B,3098,NA,0,Slight,None,14-11-2021,Friday,1,Not at junction or within 20 metres,Not at junction or within 20 metres,19.14573763,Daylight,395970,153660,72.91236957,E01031848,1,2,0,0,Wet or damp,Single carriageway,None,30,15:40:00,Rural,Raining no high winds,No,16 - 20,10,Small town,8,1199,None,None,Other/Not known (2005-10),Not at or within 20 metres of junction,VAUXHALL,CORSA CLUB 16V,Petrol,Female,Skidded,No tow/articulation,Did not leave carriageway,0,Going ahead left-hand bend,1,Car,No,Front,2021
201050JO2S001,A,30,Unclassified,0,Slight,None,23-02-2020,Thursday,1,Give way or uncontrolled,Slip road,23.45728732,Daylight,261800,95150,83.23602647,E01020322,1,2,0,0,Wet or damp,Dual carriageway,None,70,09:04:00,Rural,Raining no high winds,No,16 - 20,10,Rural,5,1360,None,Central crash barrier,Other/Not known (2005-10),Entering from slip road,CITROEN,SAXO FURIO,Petrol,Female,Skidded,No tow/articulation,Did not leave carriageway,0,Changing lane to right,1,Car,No,Did not impact,2021
201050AC3F028,B,3297,Unclassified,0,Slight,None,25-06-2019,Friday,1,Give way or uncontrolled,T or staggered junction,27.09301476,Daylight,169920,40230,93.61971368,E01018914,2,2,0,0,Wet or damp,Single carriageway,None,30,08:12:00,Rural,Raining no high winds,No,16 - 20,10,Small town,4,1581,None,None,Other/Not known (2005-10),Mid Junction - on roundabout or on main road,FIAT,BRAVO 100 HLX,Petrol,Female,None,No tow/articulation,Did not leave carriageway,0,Going ahead other,2,Car,No,Front,2019
201043S035110,C,146,Unclassified,1069,Slight,None,23-01-2021,Monday,2,Give way or uncontrolled,Roundabout,27.10233852,Daylight,485140,238080,93.62468208,E01016728,1,2,0,0,Wet or damp,Roundabout,None,70,15:30:00,Urban,Raining no high winds,No,16 - 20,10,Urban area,8,1299,None,None,Other/Not known (2005-10),Approaching junction or waiting/parked at junction approach,FORD,KA,Petrol,Female,None,No tow/articulation,Did not leave carriageway,0,Slowing or stopping,2,Car,No,Front,2019
20104100D0606,Unclassified,699,NA,0,Slight,None,08-05-2021,Wednesday,2,Not at junction or within 20 metres,Not at junction or within 20 metres,26.74265668,Daylight,506760,207730,94.17139225,E01023347,1,2,0,0,Wet or damp,Single carriageway,None,30,12:50:00,Urban,Raining no high winds,No,16 - 20,10,Data missing or out of range,NA,1149,None,None,Other/Not known (2005-10),Not at or within 20 metres of junction,RENAULT,CLIO MTV,Petrol,Female,None,No tow/articulation,Did not leave carriageway,0,Going ahead other,1,Car,No,Front,2019
2010400B00780,B,660,Unclassified,0,Slight,None,12-03-2010,Friday,1,Give way or uncontrolled,T or staggered junction,52.156996,Daylight,505870,252100,-0.453819,E01017454,2,2,0,0,Wet or damp,Single carriageway,None,30,15:47:00,Urban,Raining no high winds,No,16 - 20,10,Urban area,9,1400,None,None,Other/Not known (2005-10),Approaching junction or waiting/parked at junction approach,VOLKSWAGEN,GOLF E,Petrol,Female,None,No tow/articulation,Did not leave carriageway,0,Going ahead other,1,Car,No,Front,2010
20104100D0606,Unclassified,699,NA,0,Slight,None,25-08-2010,Wednesday,2,Not at junction or within 20 metres,Not at junction or within 20 metres,51.758043,Daylight,506760,207730,-0.454589,E01023347,1,2,0,0,Wet or damp,Single carriageway,None,30,12:50:00,Urban,Raining no high winds,No,16 - 20,10,Data missing or out of range,NA,1149,None,None,Other/Not known (2005-10),Not at or within 20 metres of junction,RENAULT,CLIO MTV,Petrol,Female,None,No tow/articulation,Did not leave carriageway,0,Going ahead other,1,Car,No,Front,2010
20104100J0292,C,85,NA,0,Slight,None,01-06-2010,Tuesday,2,Not at junction or within 20 metres,Not at junction or within 20 metres,51.662091,Daylight,518670,197320,-0.285648,E01023531,1,2,0,4,Wet or damp,Single carriageway,None,30,15:20:00,Urban,Raining no high winds,No,16 - 20,10,Urban area,6,1124,None,None,Commuting to/from work,Not at or within 20 metres of junction,CITROEN,SAXO FORTE,Petrol,Female,None,No tow/articulation,Did not leave carriageway,0,Waiting to go - held up,2,Car,No,Back,2010
20104100K0014,A,10,NA,0,Slight,None,14-01-2010,Thursday,1,Not at junction or within 20 metres,Not at junction or within 20 metres,51.690528,Daylight,535210,200900,-0.045264,E01023293,1,2,0,0,Wet or damp,Dual carriageway,None,50,09:15:00,Rural,Raining no high winds,No,16 - 20,10,Urban area,9,1397,None,None,Journey as part of work,Not at or within 20 metres of junction,SKODA,FABIA COMFORT 8V,Petrol,Female,None,No tow/articulation,Did not leave carriageway,0,Slowing or stopping,1,Car,No,Front,2010
201043N195050,Unclassified,2087,NA,0,Slight,None,29-05-2010,Saturday,1,Data missing or out of range,Not at junction or within 20 metres,51.660683,Daylight,488770,196550,-0.71801,E01017880,1,2,0,0,Wet or damp,Single carriageway,None,30,20:40:00,Urban,Raining no high winds,No,16 - 20,10,Urban area,9,1299,Bollard or refuge,None,Other/Not known (2005-10),Not at or within 20 metres of junction,FORD,KA 2,Petrol,Female,Skidded,No tow/articulation,Did not leave carriageway,0,Going ahead other,2,Car,No,Front,2010
201043S035110,C,146,Unclassified,1069,Slight,None,08-11-2010,Monday,2,Give way or uncontrolled,Roundabout,52.034558,Daylight,485140,238080,-0.760263,E01016728,1,2,0,0,Wet or damp,Roundabout,None,70,15:30:00,Urban,Raining no high winds,No,16 - 20,10,Urban area,8,1299,None,None,Other/Not known (2005-10),Approaching junction or waiting/parked at junction approach,FORD,KA,Petrol,Female,None,No tow/articulation,Did not leave carriageway,0,Slowing or stopping,2,Car,No,Front,2010
201045TA51884,C,88,NA,0,Slight,None,29-06-2010,Tuesday,1,Data missing or out of range,Not at junction or within 20 metres,51.169817,Daylight,538710,143050,-0.017298,E01030833,1,1,0,0,Wet or damp,Single carriageway,None,30,08:20:00,Rural,Raining no high winds,No,16 - 20,10,Urban area,7,1242,None,Other permanent object,Other/Not known (2005-10),Not at or within 20 metres of junction,FIAT,PUNTO ELX 8V,Petrol,Female,Skidded,No tow/articulation,Nearside,0,Going ahead right-hand bend,1,Car,No,Nearside,2010
201050AC3F028,B,3297,Unclassified,0,Slight,None,12-11-2010,Friday,1,Give way or uncontrolled,T or staggered junction,50.21716,Daylight,169920,40230,-5.226601,E01018914,2,2,0,0,Wet or damp,Single carriageway,None,30,08:12:00,Rural,Raining no high winds,No,16 - 20,10,Small town,4,1581,None,None,Other/Not known (2005-10),Mid Junction - on roundabout or on main road,FIAT,BRAVO 100 HLX,Petrol,Female,None,No tow/articulation,Did not leave carriageway,0,Going ahead other,2,Car,No,Front,2010
201050AP2M007,A,30,Unclassified,0,Slight,None,27-03-2010,Saturday,1,Give way or uncontrolled,T or staggered junction,50.146369,Daylight,151590,33170,-5.478453,E01018988,1,3,0,4,Wet or damp,Single carriageway,None,40,17:35:00,Rural,Raining no high winds,No,16 - 20,10,Urban area,2,1975,None,None,Other/Not known (2005-10),Approaching junction or waiting/parked at junction approach,HYUNDAI,COUPE F2 EVO,Petrol,Female,None,No tow/articulation,Did not leave carriageway,0,Waiting to go - held up,3,Car,No,Back,2010
201050JC2B009,A,38,B,3344,Slight,None,30-04-2010,Friday,1,Give way or uncontrolled,T or staggered junction,50.619396,Daylight,288060,81170,-3.583775,E01020221,3,2,0,0,Wet or damp,Single carriageway,None,50,15:20:00,Rural,Raining no high winds,No,16 - 20,10,Rural,7,999,None,None,Other/Not known (2005-10),Mid Junction - on roundabout or on main road,HYUNDAI,AMICA GSI,Petrol,Female,None,No tow/articulation,Did not leave carriageway,0,Going ahead other,2,Car,No,Nearside,2010
201050JO2S001,A,30,Unclassified,0,Slight,None,18-02-2010,Thursday,1,Give way or uncontrolled,Slip road,50.739408,Daylight,261800,95150,-3.960008,E01020322,1,2,0,0,Wet or damp,Dual carriageway,None,70,09:04:00,Rural,Raining no high winds,No,16 - 20,10,Rural,5,1360,None,Central crash barrier,Other/Not known (2005-10),Entering from slip road,CITROEN,SAXO FURIO,Petrol,Female,Skidded,No tow/articulation,Did not leave carriageway,0,Changing lane to right,1,Car,No,Did not impact,2010
201050KH2C005,A,35,Unclassified,0,Slight,None,30-09-2010,Thursday,1,Give way or uncontrolled,Crossroads,50.793306,Daylight,321130,99910,-3.120418,E01019901,1,2,0,0,Wet or damp,Single carriageway,None,60,17:37:00,Rural,Raining no high winds,No,16 - 20,10,Rural,8,1242,None,None,Other/Not known (2005-10),Approaching junction or waiting/parked at junction approach,FIAT,PUNTO ELX 8V,Petrol,Female,None,No tow/articulation,Did not leave carriageway,0,Waiting to turn right,2,Car,No,Offside,2010
201050KS2B006,A,3052,NA,0,Slight,None,01-10-2010,Friday,1,Not at junction or within 20 metres,Not at junction or within 20 metres,50.698021,Daylight,307270,89540,-3.314404,E01019937,1,4,0,0,Wet or damp,Single carriageway,None,30,15:54:00,Rural,Raining no high winds,No,16 - 20,10,Small town,7,1242,None,None,Other/Not known (2005-10),Not at or within 20 metres of junction,FORD,FIESTA GHIA 16V,Petrol,Female,None,No tow/articulation,Did not leave carriageway,0,Going ahead other,1,Car,No,Front,2010
201054EZ33410,B,3098,NA,0,Slight,None,01-10-2010,Friday,1,Not at junction or within 20 metres,Not at junction or within 20 metres,51.282011,Daylight,395970,153660,-2.059185,E01031848,1,2,0,0,Wet or damp,Single carriageway,None,30,15:40:00,Rural,Raining no high winds,No,16 - 20,10,Small town,8,1199,None,None,Other/Not known (2005-10),Not at or within 20 metres of junction,VAUXHALL,CORSA CLUB 16V,Petrol,Female,Skidded,No tow/articulation,Did not leave carriageway,0,Going ahead left-hand bend,1,Car,No,Front,2010
201060L175844,A,470,NA,0,Slight,None,20-09-2010,Monday,1,Data missing or out of range,Not at junction or within 20 metres,53.067999,Daylight,275700,353920,-3.856621,W01000121,2,2,0,0,Wet or damp,Single carriageway,Oil or diesel,60,08:30:00,Rural,Raining no high winds,No,16 - 20,10,Small town,NA,1299,None,None,Other/Not known (2005-10),Not at or within 20 metres of junction,FORD,KA 2,Petrol,Female,Skidded,No tow/articulation,Did not leave carriageway,0,Going ahead other,1,Car,No,Front,2010
201060L201660,A,525,Unclassified,0,Slight,None,30-10-2010,Saturday,1,Give way or uncontrolled,T or staggered junction,53.314549,Daylight,301870,380750,-3.474446,W01000230,1,1,0,4,Wet or damp,Single carriageway,None,30,10:50:00,Urban,Raining no high winds,No,16 - 20,10,Data missing or out of range,NA,1299,None,Road sign or traffic signal,Other/Not known (2005-10),Cleared junction or waiting/parked at junction exit,FORD,KA,Petrol,Female,None,No tow/articulation,Nearside,0,Going ahead other,1,Car,No,Front,2010
201001ZT80049,B,283,A,232,Slight,None,22-01-2010,Friday,1,Auto traffic signal,Crossroads,51.35756,Daylight,524280,163570,-0.216465,E01004110,2,2,0,5,Wet or damp,Single carriageway,None,30,16:23:00,Urban,Raining no high winds,No,16 - 20,10,Data missing or out of range,NA,1242,None,None,Other/Not known (2005-10),Mid Junction - on roundabout or on main road,FIAT,PUNTO 1.2,Petrol,Female,None,No tow/articulation,Did not leave carriageway,0,Turning right,2,Car,No,Nearside,2010
201004EA10123,A,674,Unclassified,0,Slight,None,29-05-2010,Saturday,1,Auto traffic signal,T or staggered junction,53.745845,Daylight,367880,427830,-2.488529,E01012655,2,2,0,5,Wet or damp,Single carriageway,None,30,15:55:00,Urban,Raining no high winds,No,16 - 20,10,Urban area,3,1299,None,None,Other/Not known (2005-10),Approaching junction or waiting/parked at junction approach,FORD,KA 2,Petrol,Female,None,No tow/articulation,Did not leave carriageway,0,Waiting to turn right,2,Car,No,Offside,2010
201006P027441,A,58,NA,0,Slight,None,02-02-2010,Tuesday,1,Data missing or out of range,Not at junction or within 20 metres,53.592507,Daylight,383160,410690,-2.255902,E01005511,2,2,0,0,Wet or damp,Single carriageway,None,40,11:10:00,Urban,Raining no high winds,No,16 - 20,10,Urban area,2,998,None,None,Other/Not known (2005-10),Not at or within 20 metres of junction,TOYOTA,YARIS GLS,Petrol,Female,None,No tow/articulation,Did not leave carriageway,0,Going ahead other,1,Car,No,Back,2010
201006Q035803,A,627,NA,0,Slight,None,07-09-2010,Tuesday,1,Data missing or out of range,Not at junction or within 20 metres,53.547053,Daylight,391780,405610,-2.125533,E01005349,1,3,0,0,Wet or damp,Dual carriageway,None,50,16:40:00,Urban,Raining no high winds,No,16 - 20,10,Data missing or out of range,NA,1299,None,None,Other/Not known (2005-10),Not at or within 20 metres of junction,TOYOTA,YARIS VERSO,Petrol,Female,Skidded,No tow/articulation,Did not leave carriageway,0,Slowing or stopping,1,Car,No,Front,2010
201014K256910,A,6102,C,739,Slight,None,27-09-2010,Monday,1,Give way or uncontrolled,T or staggered junction,53.414253,Daylight,434050,390950,-1.489184,E01008092,2,2,0,0,Wet or damp,Single carriageway,None,40,08:34:00,Urban,Raining no high winds,No,16 - 20,10,Urban area,4,1299,None,None,Commuting to/from work,Cleared junction or waiting/parked at junction exit,FORD,KA3,Petrol,Female,None,No tow/articulation,Did not leave carriageway,0,Waiting to turn right,2,Car,No,Offside,2010
201020G010330,A,41,Unclassified,0,Slight,None,20-11-2010,Saturday,1,Auto traffic signal,Crossroads,52.572375,Daylight,393630,297180,-2.095434,E01010442,2,2,0,0,Wet or damp,Single carriageway,None,30,10:35:00,Urban,Raining no high winds,No,16 - 20,10,Urban area,3,1124,None,None,Other/Not known (2005-10),Mid Junction - on roundabout or on main road,PEUGEOT,206 L,Petrol,Female,None,No tow/articulation,Did not leave carriageway,0,Turning right,1,Car,No,Front,2010
201020Z007311,A(M),38,NA,0,Slight,None,17-02-2010,Wednesday,1,Data missing or out of range,Not at junction or within 20 metres,52.510038,Daylight,409090,290250,-1.867505,E01008899,2,2,0,0,Wet or damp,Dual carriageway,None,70,15:28:00,Urban,Raining no high winds,No,16 - 20,10,Urban area,1,1397,None,None,Other/Not known (2005-10),Not at or within 20 metres of junction,SKODA,FABIA CLASSIC 8V,Petrol,Female,Skidded,No tow/articulation,Did not leave carriageway,0,Going ahead left-hand bend,1,Car,No,Front,2010
201022G002282,A,5223,Unclassified,0,Slight,None,30-04-2010,Friday,1,Give way or uncontrolled,Slip road,52.69294,Daylight,366910,310700,-2.491046,E01014104,2,2,0,0,Wet or damp,Slip road,None,40,13:09:00,Rural,Raining no high winds,No,16 - 20,10,Rural,5,1299,None,None,Other/Not known (2005-10),Approaching junction or waiting/parked at junction approach,FORD,KA,Petrol,Female,None,No tow/articulation,Did not leave carriageway,0,Moving off,2,Car,No,Front,2010
201030D001097,Unclassified,0,Unclassified,0,Slight,None,05-11-2010,Friday,1,Give way or uncontrolled,Private drive or entrance,52.952981,Daylight,433590,339630,-1.501482,E01013465,2,2,0,0,Wet or damp,Single carriageway,None,30,15:30:00,Urban,Raining no high winds,No,16 - 20,10,Urban area,10,998,None,None,Commuting to/from work,Mid Junction - on roundabout or on main road,NISSAN,MICRA S,Petrol,Female,Skidded,No tow/articulation,Did not leave carriageway,0,Going ahead other,2,Car,No,Front,2010
20103102B1926,A,60,Unclassified,0,Slight,None,26-08-2010,Thursday,1,Give way or uncontrolled,T or staggered junction,53.311714,Daylight,457740,379770,-1.134838,E01028055,1,2,0,0,Wet or damp,Single carriageway,None,30,08:55:00,Urban,Raining no high winds,No,16 - 20,10,Small town,2,1242,None,None,Journey as part of work,Approaching junction or waiting/parked at junction approach,FIAT,PUNTO 1.2,Petrol,Female,None,No tow/articulation,Did not leave carriageway,0,Waiting to turn right,2,Car,No,Back,2010
20103102D3203,A,6011,Unclassified,0,Slight,None,24-09-2010,Friday,1,Stop sign,T or staggered junction,52.931207,Daylight,459740,337460,-1.112689,E01028354,1,3,0,8,Wet or damp,Single carriageway,None,40,08:52:00,Urban,Raining no high winds,No,16 - 20,10,Urban area,3,1299,None,None,Journey as part of work,Approaching junction or waiting/parked at junction approach,FORD,KA 2,Petrol,Female,Skidded,No tow/articulation,Did not leave carriageway,0,Going ahead left-hand bend,1,Car,No,Front,2010
201032D092910,A,15,NA,0,Slight,None,27-03-2010,Saturday,2,Data missing or out of range,Not at junction or within 20 metres,53.19917,Daylight,497830,367900,-0.536936,E01026186,1,3,0,0,Wet or damp,Single carriageway,None,30,14:30:00,Rural,Raining no high winds,No,16 - 20,10,Urban area,8,1299,None,None,Other/Not known (2005-10),Not at or within 20 metres of junction,FORD,KA 2,Petrol,Female,None,No tow/articulation,Did not leave carriageway,0,Waiting to go - held up,2,Car,No,Back,2010
2010400B01385,Unclassified,21,NA,0,Slight,None,29-10-2019,Saturday,1,Data missing or out of range,Not at junction or within 20 metres,14.76250178,Daylight,505310,261800,78.62830519,E01017540,1,1,0,0,Wet or damp,Single carriageway,None,60,17:35:00,Rural,Snowing no high winds,No,16 - 20,10,Rural,7,998,None,Entered ditch,Other/Not known (2005-10),Not at or within 20 metres of junction,NISSAN,MICRA S,Petrol,Male,Skidded and overturned,No tow/articulation,Offside,0,Going ahead right-hand bend,1,Car,No,Offside,2019
2010400B01385,Unclassified,21,NA,0,Slight,None,08-05-2010,Saturday,1,Data missing or out of range,Not at junction or within 20 metres,52.24428,Daylight,505310,261800,-0.458989,E01017540,1,1,0,0,Wet or damp,Single carriageway,None,60,17:35:00,Rural,Snowing no high winds,No,16 - 20,10,Rural,7,998,None,Entered ditch,Other/Not known (2005-10),Not at or within 20 metres of junction,NISSAN,MICRA S,Petrol,Male,Skidded and overturned,No tow/articulation,Offside,0,Going ahead right-hand bend,1,Car,No,Offside,2010
201060L007143,B,5425,NA,0,Slight,None,13-01-2010,Wednesday,1,Data missing or out of range,Not at junction or within 20 metres,53.093469,Daylight,333080,355610,-3.000788,W01000391,1,3,0,0,Snow,Single carriageway,None,30,07:50:00,Rural,Snowing no high winds,No,16 - 20,10,Small town,NA,1389,None,None,Commuting to/from work,Not at or within 20 metres of junction,VAUXHALL,CORSA ELEGANCE 16V,Petrol,Male,None,No tow/articulation,Did not leave carriageway,0,Going ahead other,3,Car,No,Front,2010
201004AX10007,Unclassified,0,NA,0,Slight,None,03-02-2010,Wednesday,1,Data missing or out of range,Not at junction or within 20 metres,53.825094,Daylight,330820,437050,-3.052478,E01012681,1,1,0,0,Frost or ice,Single carriageway,None,30,16:20:00,Urban,Snowing no high winds,No,16 - 20,10,Urban area,5,1242,None,None,Commuting to/from work,Not at or within 20 metres of junction,FIAT,PUNTO ELX 8V,Petrol,Male,Skidded,No tow/articulation,Did not leave carriageway,0,Going ahead other,1,Car,No,Offside,2010
201014B128310,Unclassified,0,NA,0,Slight,None,03-12-2010,Friday,2,Not at junction or within 20 metres,Not at junction or within 20 metres,53.581218,Daylight,438490,409560,-1.420109,E01007343,2,2,0,0,Snow,Single carriageway,None,40,13:44:00,Rural,Snowing no high winds,No,16 - 20,10,Urban area,3,1299,None,None,Other/Not known (2005-10),Not at or within 20 metres of junction,FORD,KA,Petrol,Female,None,No tow/articulation,Did not leave carriageway,0,Going ahead other,1,Car,No,Back,2010
2010170S23170,A,19,NA,0,Slight,None,07-12-2010,Tuesday,1,Data missing or out of range,Not at junction or within 20 metres,54.6271,Daylight,444570,525990,-1.311154,E01012293,1,3,0,0,Frost or ice,Slip road,None,70,08:44:00,Rural,Snowing no high winds,No,16 - 20,10,Urban area,8,1242,None,None,Commuting to/from work,Not at or within 20 metres of junction,FIAT,PUNTO ELX 8V,Petrol,Female,None,No tow/articulation,Did not leave carriageway,0,Slowing or stopping,3,Car,No,Back,2010