Accident_Index,1st_Road_Class,1st_Road_Number,2nd_Road_Class,2nd_Road_Number,Accident_Severity,Carriageway_Hazards,Date,Day_of_Week,Did_Police_Officer_Attend_Scene_of_Accident,Junction_Control,Junction_Detail,Latitude,Light_Conditions,Location_Easting_OSGR,Location_Northing_OSGR,Longitude,LSOA_of_Accident_Location,Number_of_Casualties,Number_of_Vehicles,Pedestrian_Crossing-Human_Control,Pedestrian_Crossing-Physical_Facilities,Road_Surface_Conditions,Road_Type,Special_Conditions_at_Site,Speed_limit,Time,Urban_or_Rural_Area,Weather_Conditions,InScotland,Age_Band_of_Driver,Age_of_Vehicle,Driver_Home_Area_Type,Driver_IMD_Decile,Engine_Capacity_.CC.,Hit_Object_in_Carriageway,Hit_Object_off_Carriageway,Journey_Purpose_of_Driver,Junction_Location,make,model,Propulsion_Code,Sex_of_Driver,Skidding_and_Overturning,Towing_and_Articulation,Vehicle_Leaving_Carriageway,Vehicle_Location.Restricted_Lane,Vehicle_Manoeuvre,Vehicle_Reference,Vehicle_Type,Was_Vehicle_Left_Hand_Drive,X1st_Point_of_Impact,Year
201022D006362,A,451,NA,0,Slight,None,24-12-2010,Friday,1,Data missing or out of range,Not at junction or within 20 metres,52.354721,Daylight,381650,273000,-2.270864,E01032456,1,1,0,0,Snow,Dual carriageway,None,70,08:30:00,Rural,Snowing no high winds,No,16 - 20,10,Urban area,6,1149,None,Road sign or traffic signal,Journey as part of work,Not at or within 20 metres of junction,RENAULT,CLIO MTV,Petrol,Female,Skidded and overturned,No tow/articulation,Offside,0,Overtaking moving vehicle - offside,1,Car,No,Offside,2010
201037L017953,Unclassified,6098,Unclassified,6098,Slight,None,06-11-2020,Saturday,2,Give way or uncontrolled,T or staggered junction,28.70545435,Daylight,654440,293100,77.12644686,E01030265,1,2,0,0,Dry,Single carriageway,None,30,13:15:00,Urban,Unknown,No,16 - 20,10,Urban area,7,954,None,None,Other/Not known (2005-10),Mid Junction - on roundabout or on main road,CITROEN,SAXO FIRST,Petrol,Male,None,No tow/articulation,Did not leave carriageway,0,Moving off,2,Car,No,Front,2020
201037L017953,Unclassified,6098,Unclassified,6098,Slight,None,27-03-2010,Saturday,2,Give way or uncontrolled,T or staggered junction,52.476424,Daylight,654440,293100,1.745421,E01030265,1,2,0,0,Dry,Single carriageway,None,30,13:15:00,Urban,Unknown,No,16 - 20,10,Urban area,7,954,None,None,Other/Not known (2005-10),Mid Junction - on roundabout or on main road,CITROEN,SAXO FIRST,Petrol,Male,None,No tow/articulation,Did not leave carriageway,0,Moving off,2,Car,No,Front,2010
201006F037575,A,57,A,57,Slight,None,10-10-2010,Sunday,1,Give way or uncontrolled,Roundabout,53.417836,Daylight,370410,391320,-2.446694,E01005619,1,2,0,0,Dry,Roundabout,None,50,16:35:00,Rural,Unknown,No,16 - 20,10,Urban area,5,124,None,None,Other/Not known (2005-10),Mid Junction - on roundabout or on main road,SUZUKI,GN 125 Y,Petrol,Male,None,No tow/articulation,Did not leave carriageway,0,Going ahead other,1,Motorcycle 125cc and under,No,Nearside,2010
201006F039811,Unclassified,0,Unclassified,0,Slight,None,30-11-2010,Tuesday,2,Give way or uncontrolled,T or staggered junction,53.509136,Daylight,377160,401440,-2.345872,E01005690,1,1,0,0,Dry,Unknown,None,30,15:20:00,Urban,Unknown,No,16 - 20,10,Urban area,8,1400,Kerb,None,Other/Not known (2005-10),Approaching junction or waiting/parked at junction approach,VOLKSWAGEN,POLO E,Petrol,Male,Skidded,No tow/articulation,Did not leave carriageway,0,Moving off,1,Car,No,Front,2010
201006L029359,A,577,NA,0,Slight,None,16-02-2010,Tuesday,2,Data missing or out of range,Not at junction or within 20 metres,53.545273,Daylight,359410,405580,-2.614043,E01006307,1,2,0,0,Dry,Single carriageway,None,30,15:25:00,Urban,Unknown,No,16 - 20,10,Urban area,2,100,None,None,Other/Not known (2005-10),Not at or within 20 metres of junction,PEUGEOT,SPEEDFIGHT 100,Petrol,Male,None,No tow/articulation,Did not leave carriageway,0,Going ahead other,1,Motorcycle 125cc and under,No,Nearside,2010
201020M009080,Unclassified,0,Unclassified,0,Slight,None,18-09-2010,Saturday,2,Auto traffic signal,Crossroads,52.435339,Daylight,432560,282040,-1.522495,E01009623,1,2,0,0,Dry,Single carriageway,None,30,14:45:00,Urban,Unknown,No,16 - 20,10,Data missing or out of range,NA,1397,None,None,Other/Not known (2005-10),Mid Junction - on roundabout or on main road,SKODA,FABIA COMFORT 8V,Petrol,Male,None,No tow/articulation,Did not leave carriageway,0,Going ahead other,2,Car,No,Offside,2010
201006F038026,C,0,Unclassified,0,Slight,None,26-10-2010,Tuesday,1,Give way or uncontrolled,T or staggered junction,53.521328,Daylight,378510,402790,-2.325609,E01005670,2,4,0,0,Dry,Single carriageway,None,30,15:55:00,Urban,Unknown,No,16 - 20,10,Urban area,5,1124,None,None,Other/Not known (2005-10),Mid Junction - on roundabout or on main road,CITROEN,SAXO FORTE,Petrol,Female,None,No tow/articulation,Did not leave carriageway,0,Waiting to turn right,3,Car,No,Offside,2010
201006G039966,Unclassified,0,Unclassified,0,Slight,None,03-12-2010,Friday,2,Give way or uncontrolled,T or staggered junction,53.468521,Daylight,393800,396870,-2.094871,E01006008,1,3,0,0,Dry,Unknown,None,30,13:45:00,Urban,Unknown,No,16 - 20,10,Urban area,2,1590,None,None,Other/Not known (2005-10),Cleared junction or waiting/parked at junction exit,SUZUKI,VITARA JX H/TOP,Petrol,Female,None,No tow/articulation,Did not leave carriageway,0,Going ahead other,1,Car,No,Offside,2010
201030C000109,Unclassified,0,NA,0,Slight,None,08-03-2010,Monday,2,Data missing or out of range,Not at junction or within 20 metres,53.21323,Daylight,452290,368750,-1.218437,E01019508,1,2,0,0,Dry,Single carriageway,None,30,08:40:00,Urban,Unknown,No,16 - 20,10,Urban area,2,954,None,None,Other/Not known (2005-10),Not at or within 20 metres of junction,CITROEN,SAXO FIRST,Petrol,Female,None,No tow/articulation,Did not leave carriageway,0,Going ahead other,2,Car,No,Front,2010
201004CM10187,A,582,B,5257,Slight,None,11-11-2010,Thursday,1,Auto traffic signal,Crossroads,53.723044,Darkness - lights lit,352900,425420,-2.715292,E01025419,3,2,0,0,Wet or damp,Single carriageway,None,60,17:55:00,Urban,Fine + high winds,No,21 - 25,10,Urban area,3,1896,None,None,Other/Not known (2005-10),Mid Junction - on roundabout or on main road,FORD,GALAXY ZETEC TD,Heavy oil,Female,None,No tow/articulation,Did not leave carriageway,0,Going ahead other,2,Car,No,Front,2010
201037B044214,Unclassified,517,A,1032,Slight,None,07-11-2019,Sunday,1,Give way or uncontrolled,Roundabout,26.7238975,Darkness - lights lit,585270,264920,94.19409643,E01030137,2,1,0,0,Wet or damp,Roundabout,None,30,02:31:00,Urban,Fine no high winds,No,21 - 25,10,Rural,10,1063,None,None,Other/Not known (2005-10),Approaching junction or waiting/parked at junction approach,YAMAHA,XVS 1100 A,Petrol,Male,Skidded,No tow/articulation,Did not leave carriageway,0,Going ahead other,1,Motorcycle over 500cc,No,Nearside,2019
20104100D0894,Unclassified,876,Unclassified,801,Slight,None,22-11-2019,Sunday,1,Give way or uncontrolled,Mini-roundabout,26.72672572,Darkness - lights lit,503880,206590,94.17089955,E01023384,3,2,0,4,Dry,Roundabout,None,30,18:55:00,Urban,Fine no high winds,No,21 - 25,10,Urban area,10,1299,None,None,Other/Not known (2005-10),Entering roundabout,TOYOTA,YARIS CDX AUTO,Petrol,Male,None,No tow/articulation,Did not leave carriageway,0,Turning right,1,Car,No,Offside,2019
20104100J0228,A,41,A,41,Slight,None,21-11-2020,Wednesday,1,Give way or uncontrolled,Slip road,22.96873985,Darkness - lights lit,513010,197930,72.50773505,E01023555,2,4,0,0,Dry,Slip road,None,60,20:41:00,Rural,Fine no high winds,No,21 - 25,10,Urban area,6,1587,None,None,Other/Not known (2005-10),Approaching junction or waiting/parked at junction approach,CITROEN,SAXO VTS,Petrol,Male,None,No tow/articulation,Did not leave carriageway,0,Changing lane to right,3,Car,No,Front,2019
2010400C03418,A,505,NA,0,Slight,None,23-08-2019,Wednesday,2,Data missing or out of range,Not at junction or within 20 metres,28.50761906,Darkness - lights lit,508870,221180,77.0097497,E01015794,1,2,0,0,Dry,Dual carriageway,None,30,17:50:00,Urban,Fine no high winds,No,21 - 25,10,Urban area,4,1596,None,None,Other/Not known (2005-10),Not at or within 20 metres of junction,FORD,FOCUS ZETEC AUTO,Petrol,Male,None,No tow/articulation,Did not leave carriageway,0,Going ahead other,1,Car,No,Front,2019
201037L018203,Unclassified,4048,NA,0,Slight,None,11-06-2019,Sunday,1,Data missing or out of range,Not at junction or within 20 metres,12.98786087,Darkness - lights lit,653550,295160,77.62007624,E01030281,2,2,0,0,Dry,Single carriageway,None,30,22:05:00,Urban,Fine no high winds,No,21 - 25,10,Urban area,7,1895,None,None,Other/Not known (2005-10),Not at or within 20 metres of junction,BMW,318 CI,Petrol,Male,None,No tow/articulation,Offside,0,Parked,2,Car,No,Back,2020
201043R172020,Unclassified,7408,Unclassified,7408,Slight,None,26-06-2019,Saturday,1,Give way or uncontrolled,T or staggered junction,8.8888933,Darkness - lights lit,487840,182810,76.67201812,E01016573,1,2,0,0,Frost or ice,Single carriageway,None,30,21:30:00,Urban,Fine no high winds,No,21 - 25,10,Urban area,5,1800,None,None,Other/Not known (2005-10),Cleared junction or waiting/parked at junction exit,VOLKSWAGEN,PASSAT SE 20V TURBO,Petrol,Male,None,No tow/articulation,Did not leave carriageway,0,Overtaking static vehicle - offside,1,Car,No,Nearside,2020
2010400C03799,Unclassified,0,A,505,Slight,None,25-05-2021,Thursday,1,Auto traffic signal,Roundabout,22.71572845,Darkness - lights lit,506410,222590,75.86995911,E01015712,1,2,0,5,Wet or damp,Dual carriageway,None,30,20:40:00,Urban,Fine no high winds,No,21 - 25,10,Urban area,3,1242,None,None,Other/Not known (2005-10),Entering roundabout,FIAT,PUNTO 1.2,Petrol,Male,None,No tow/articulation,Did not leave carriageway,0,Going ahead other,2,Car,No,Front,2020
201043S009060,Motorway,1,NA,0,Slight,None,19-06-2020,Thursday,1,Data missing or out of range,Not at junction or within 20 metres,26.4562296,Darkness - lights lit,488340,241440,74.63128127,E01016803,3,4,0,0,Dry,Dual carriageway,None,70,03:45:00,Rural,Fine no high winds,No,21 - 25,10,Urban area,7,2000,None,Central crash barrier,Other/Not known (2005-10),Not at or within 20 metres of junction,VOLKSWAGEN,GOLF GTI (115 BHP),Petrol,Male,Skidded,No tow/articulation,Did not leave carriageway,0,Going ahead other,2,Car,No,Front,2020
201042I422608,A,127,NA,0,Slight,None,26-04-2021,Thursday,1,Not at junction or within 20 metres,Not at junction or within 20 metres,26.46363769,Darkness - lights lit,581720,189320,74.61204616,E01021965,1,2,0,0,Dry,Dual carriageway,Roadworks,50,22:05:00,Urban,Fine no high winds,No,21 - 25,10,Urban area,3,599,None,None,Commuting to/from work,Not at or within 20 metres of junction,KAWASAKI,ZX600-J1,Petrol,Male,Skidded,No tow/articulation,Did not leave carriageway,0,Changing lane to right,1,Motorcycle over 500cc,No,Did not impact,2020
20105500C0581,A,348,Unclassified,0,Slight,None,21-12-2020,Friday,1,Give way or uncontrolled,Roundabout,26.47860642,Darkness - lights lit,405340,95530,80.31472657,E01015308,3,2,0,0,Dry,Dual carriageway,None,40,19:59:00,Urban,Fine no high winds,No,21 - 25,10,Urban area,7,1796,None,None,Other/Not known (2005-10),Entering roundabout,FORD,MONDEO VERONA,Petrol,Male,None,No tow/articulation,Did not leave carriageway,0,Going ahead other,1,Car,No,Offside,2020
2010400B00730,Unclassified,0,Unclassified,0,Slight,None,02-01-2021,Friday,1,Give way or uncontrolled,T or staggered junction,26.44087648,Darkness - lights lit,503120,247110,80.26916739,E01017514,1,3,0,0,Dry,Single carriageway,None,30,18:15:00,Urban,Fine no high winds,No,21 - 25,10,Urban area,8,1400,None,None,Other/Not known (2005-10),Entering main road,VOLKSWAGEN,POLO S,Petrol,Male,None,No tow/articulation,Did not leave carriageway,0,Turning right,1,Car,No,Front,2020
201042I117204,A,121,Unclassified,0,Slight,None,10-06-2019,Thursday,1,Auto traffic signal,T or staggered junction,28.59326399,Darkness - lights lit,537700,200550,77.34791744,E01021817,1,2,0,1,Dry,Dual carriageway,None,40,00:07:00,Urban,Fine no high winds,No,21 - 25,10,Urban area,7,4008,None,None,Other/Not known (2005-10),Approaching junction or waiting/parked at junction approach,FORD,EXPLORER 4.0 V6 AUTO,Petrol,Male,None,No tow/articulation,Did not leave carriageway,0,Going ahead other,1,Car,No,Front,2021
201034TD14010,A,43,NA,0,Slight,None,30-04-2020,Monday,1,Data missing or out of range,Not at junction or within 20 metres,18.60411247,Darkness - lights lit,479590,266890,73.95340688,E01027018,1,3,0,0,Wet or damp,Single carriageway,None,60,18:15:00,Rural,Fine no high winds,No,21 - 25,10,Urban area,4,1870,None,None,Commuting to/from work,Not at or within 20 metres of junction,RENAULT,CLIO GRANDE DIESEL,Heavy oil,Male,None,No tow/articulation,Did not leave carriageway,0,Waiting to go - held up,3,Car,No,Back,2021
201045RE50101,A,2022,NA,0,Slight,None,10-11-2019,Thursday,1,Data missing or out of range,Not at junction or within 20 metres,19.20446216,Darkness - lights lit,525130,160290,72.86292413,E01030564,1,1,0,8,Wet or damp,Single carriageway,None,40,22:30:00,Urban,Fine no high winds,No,21 - 25,10,Urban area,10,1527,None,None,Other/Not known (2005-10),Not at or within 20 metres of junction,CITROEN,SAXO SX DIESEL,Heavy oil,Male,None,No tow/articulation,Did not leave carriageway,0,Going ahead other,1,Car,No,Front,2021
201045SU55960,Motorway,3,Unclassified,0,Slight,None,09-09-2019,Saturday,2,Give way or uncontrolled,Slip road,19.08150043,Darkness - lights lit,486930,157990,72.83467568,E01030766,1,1,0,0,Wet or damp,Dual carriageway,None,70,04:00:00,Rural,Fine no high winds,No,21 - 25,10,Small town,10,1895,None,Other permanent object,Other/Not known (2005-10),Entering from slip road,BMW,318TI SE COMPACT,Petrol,Male,Skidded,No tow/articulation,Nearside,0,Going ahead left-hand bend,1,Car,No,Offside,2021
201054EH29210,A,346,C,6,Slight,None,11-06-2020,Saturday,1,Give way or uncontrolled,Crossroads,14.77213535,Darkness - lights lit,418990,169310,78.60801991,E01031863,1,2,0,0,Dry,Single carriageway,None,30,20:00:00,Rural,Fine no high winds,No,21 - 25,10,Rural,7,749,None,None,Other/Not known (2005-10),Mid Junction - on roundabout or on main road,KAWASAKI,ZX750-P5,Petrol,Male,None,No tow/articulation,Did not leave carriageway,0,Going ahead other,2,Motorcycle over 500cc,No,Front,2019
2010550C43195,B,3063,A,3049,Slight,None,06-12-2020,Friday,1,Auto traffic signal,More than 4 arms (not roundabout),14.76808878,Darkness - lights lit,409640,93040,78.60926932,E01015331,1,2,0,5,Dry,Single carriageway,None,30,23:55:00,Urban,Fine no high winds,No,21 - 25,10,Urban area,6,1242,None,None,Other/Not known (2005-10),Mid Junction - on roundabout or on main road,FIAT,BRAVO 80 SX,Petrol,Male,None,No tow/articulation,Did not leave carriageway,0,Turning right,2,Car,No,Nearside,2019
201043W025070,A,339,NA,0,Slight,None,26-12-2021,Saturday,1,Data missing or out of range,Not at junction or within 20 metres,27.10610017,Darkness - lights lit,447400,165720,93.6340991,E01016321,1,1,0,0,Dry,Dual carriageway,None,50,23:13:00,Urban,Fine no high winds,No,21 - 25,10,Urban area,4,1390,None,Other permanent object,Other/Not known (2005-10),Not at or within 20 metres of junction,RENAULT,CLIO ALIZE,Petrol,Male,Skidded and overturned,No tow/articulation,Nearside and rebounded,0,Going ahead other,1,Car,No,Front,2019
201001CW12255,A,40,C,0,Slight,None,17-10-2010,Sunday,1,Auto traffic signal,Crossroads,51.517108,Darkness - lights lit,530170,181470,-0.125344,E01000918,1,2,0,5,Dry,Single carriageway,None,30,19:33:00,Urban,Fine no high winds,No,21 - 25,10,Urban area,2,1242,None,None,Other/Not known (2005-10),Mid Junction - on roundabout or on main road,FIAT,PUNTO ELX 16V,Petrol,Male,None,No tow/articulation,Did not leave carriageway,0,Overtaking moving vehicle - offside,1,Car,No,Nearside,2010
201001EO40316,A,503,Unclassified,0,Slight,None,29-05-2010,Saturday,1,Give way or uncontrolled,T or staggered junction,51.558537,Darkness - lights lit,530560,186090,-0.118014,E01002731,1,2,0,4,Wet or damp,Single carriageway,None,30,21:50:00,Urban,Fine no high winds,No,21 - 25,10,Urban area,3,1995,None,None,Other/Not known (2005-10),Cleared junction or waiting/parked at junction exit,VAUXHALL,VECTRA LS DTI,Heavy oil,Male,None,No tow/articulation,Did not leave carriageway,0,Turning right,2,Car,No,Offside,2010
201001GD10223,A,10,Unclassified,0,Slight,None,10-04-2010,Saturday,1,Give way or uncontrolled,T or staggered junction,51.555586,Darkness - lights lit,533570,185840,-0.074714,E01001830,1,1,0,0,Dry,Single carriageway,None,30,22:45:00,Urban,Fine no high winds,No,21 - 25,10,Urban area,1,1895,None,None,Other/Not known (2005-10),Cleared junction or waiting/parked at junction exit,BMW,318 CI,Petrol,Male,None,No tow/articulation,Did not leave carriageway,0,Going ahead other,1,Car,No,Front,2010
201001JI40059,C,0,NA,0,Slight,None,07-02-2010,Sunday,1,Data missing or out of range,Not at junction or within 20 metres,51.580622,Darkness - lights lit,542530,188870,0.055671,E01003646,1,2,0,0,Wet or damp,Single carriageway,None,30,19:30:00,Urban,Fine no high winds,No,21 - 25,10,Data missing or out of range,NA,85,None,None,Journey as part of work,Not at or within 20 metres of junction,HONDA,C90,Petrol,Male,None,No tow/articulation,Did not leave carriageway,0,Going ahead other,1,Motorcycle 125cc and under,No,Front,2010
201001JI40257,A,123,B,192,Slight,None,06-05-2010,Thursday,1,Auto traffic signal,Crossroads,51.572191,Darkness - lights lit,543180,187950,0.064671,E01003690,2,2,0,5,Dry,Single carriageway,None,30,05:23:00,Urban,Fine no high winds,No,21 - 25,10,Urban area,6,1587,None,None,Other/Not known (2005-10),Approaching junction or waiting/parked at junction approach,PEUGEOT,206 GLX,Petrol,Male,None,No tow/articulation,Did not leave carriageway,0,Going ahead other,1,Car,No,Front,2010
201001KD50545,A,1306,A,1306,Slight,None,28-09-2010,Tuesday,1,Auto traffic signal,Crossroads,51.522778,Darkness - lights lit,551420,182690,0.181221,E01002370,1,2,0,5,Dry,Single carriageway,None,30,18:27:00,Urban,Fine no high winds,No,21 - 25,10,Urban area,3,1761,None,None,Other/Not known (2005-10),Leaving main road,PEUGEOT,406 RAPIER,Petrol,Male,None,No tow/articulation,Did not leave carriageway,0,Turning right,2,Car,No,Front,2010
201001KG70397,A,1112,NA,0,Slight,None,07-10-2010,Thursday,1,Data missing or out of range,Not at junction or within 20 metres,51.581341,Darkness - lights lit,548450,189120,0.141155,E01000030,1,2,0,5,Dry,Single carriageway,None,30,22:50:00,Urban,Fine no high winds,No,21 - 25,10,Urban area,3,49,None,None,Other/Not known (2005-10),Not at or within 20 metres of junction,RIEJU,RS 1,Petrol,Male,None,No tow/articulation,Did not leave carriageway,0,U-turn,1,Motorcycle 50cc and under,No,Offside,2010
201001LX50116,A,3036,B,224,Slight,None,17-02-2010,Wednesday,1,Auto traffic signal,Crossroads,51.468043,Darkness - lights lit,528980,175980,-0.144489,E01003038,5,6,0,5,Dry,Single carriageway,None,30,17:26:00,Urban,Fine no high winds,No,21 - 25,10,Urban area,4,1299,None,None,Other/Not known (2005-10),Approaching junction or waiting/parked at junction approach,FORD,KA3,Petrol,Male,None,No tow/articulation,Did not leave carriageway,0,Waiting to go - held up,6,Car,No,Back,2010
201001LX51051,A,215,Unclassified,0,Slight,None,09-11-2010,Tuesday,1,Give way or uncontrolled,T or staggered junction,51.436928,Darkness - lights lit,531800,172590,-0.105176,E01003166,1,2,0,0,Dry,Single carriageway,None,30,22:37:00,Urban,Fine no high winds,No,21 - 25,10,Urban area,8,1391,None,None,Other/Not known (2005-10),Mid Junction - on roundabout or on main road,SEAT,IBIZA.COOL/S,Petrol,Male,None,No tow/articulation,Did not leave carriageway,0,Slowing or stopping,1,Car,No,Back,2010
201001QK50736,A,406,C,0,Slight,None,19-11-2010,Friday,1,Auto traffic signal,Slip road,51.539237,Darkness - lights lit,519500,183670,-0.2783,E01000600,1,2,0,5,Dry,Dual carriageway,None,30,17:00:00,Urban,Fine no high winds,No,21 - 25,10,Urban area,3,1360,None,None,Other/Not known (2005-10),Approaching junction or waiting/parked at junction approach,PEUGEOT,306 LX,Petrol,Male,None,No tow/articulation,Did not leave carriageway,0,Slowing or stopping,1,Car,No,Front,2010
201001RG40173,A,20,NA,0,Slight,None,21-02-2010,Sunday,1,Data missing or out of range,Not at junction or within 20 metres,51.433149,Darkness - lights lit,544010,172500,0.070336,E01001601,2,3,0,0,Dry,Dual carriageway,None,40,00:01:00,Urban,Fine no high winds,No,21 - 25,10,Urban area,3,973,None,None,Other/Not known (2005-10),Not at or within 20 metres of junction,VAUXHALL,CORSA GLS 12V,Petrol,Male,None,No tow/articulation,Did not leave carriageway,0,Going ahead other,1,Car,No,Front,2010
201001RG40262,A,208,A,210,Slight,None,05-05-2010,Wednesday,1,Auto traffic signal,Crossroads,51.450736,Darkness - lights lit,542690,174420,0.052133,E01001609,3,2,0,5,Dry,Single carriageway,None,30,21:06:00,Urban,Fine no high winds,No,21 - 25,10,Rural,10,1587,None,None,Other/Not known (2005-10),Approaching junction or waiting/parked at junction approach,PEUGEOT,206 XS,Petrol,Male,None,No tow/articulation,Did not leave carriageway,0,Going ahead other,1,Car,No,Front,2010
201001TB00700,Unclassified,0,A,205,Slight,None,27-10-2010,Wednesday,1,Give way or uncontrolled,T or staggered junction,51.452825,Darkness - lights lit,529110,174290,-0.143235,E01003030,2,3,0,0,Dry,Single carriageway,None,30,19:10:00,Urban,Fine no high winds,No,21 - 25,10,Urban area,6,1686,None,None,Other/Not known (2005-10),Approaching junction or waiting/parked at junction approach,VAUXHALL,ASTRA LS DTI,Heavy oil,Male,None,No tow/articulation,Did not leave carriageway,0,Slowing or stopping,3,Van / Goods 3.5 tonnes mgw or under,No,Back,2010
201034TD14010,A,43,NA,0,Slight,None,29-03-2010,Monday,1,Data missing or out of range,Not at junction or within 20 metres,52.294348,Darkness - lights lit,479590,266890,-0.834404,E01027018,1,3,0,0,Wet or damp,Single carriageway,None,60,18:15:00,Rural,Fine no high winds,No,21 - 25,10,Urban area,4,1870,None,None,Commuting to/from work,Not at or within 20 metres of junction,RENAULT,CLIO GRANDE DIESEL,Heavy oil,Male,None,No tow/articulation,Did not leave carriageway,0,Waiting to go - held up,3,Car,No,Back,2010
201037B044214,Unclassified,517,A,1032,Slight,None,24-01-2010,Sunday,1,Give way or uncontrolled,Roundabout,52.251216,Darkness - lights lit,585270,264920,0.712755,E01030137,2,1,0,0,Wet or damp,Roundabout,None,30,02:31:00,Urban,Fine no high winds,No,21 - 25,10,Rural,10,1063,None,None,Other/Not known (2005-10),Approaching junction or waiting/parked at junction approach,YAMAHA,XVS 1100 A,Petrol,Male,Skidded,No tow/articulation,Did not leave carriageway,0,Going ahead other,1,Motorcycle over 500cc,No,Nearside,2010
201037L018203,Unclassified,4048,NA,0,Slight,None,27-06-2010,Sunday,1,Data missing or out of range,Not at junction or within 20 metres,52.495318,Darkness - lights lit,653550,295160,1.733911,E01030281,2,2,0,0,Dry,Single carriageway,None,30,22:05:00,Urban,Fine no high winds,No,21 - 25,10,Urban area,7,1895,None,None,Other/Not known (2005-10),Not at or within 20 metres of junction,BMW,318 CI,Petrol,Male,None,No tow/articulation,Offside,0,Parked,2,Car,No,Back,2010
2010400B00730,Unclassified,0,Unclassified,0,Slight,None,26-02-2010,Friday,1,Give way or uncontrolled,T or staggered junction,52.112668,Darkness - lights lit,503120,247110,-0.495515,E01017514,1,3,0,0,Dry,Single carriageway,None,30,18:15:00,Urban,Fine no high winds,No,21 - 25,10,Urban area,8,1400,None,None,Other/Not known (2005-10),Entering main road,VOLKSWAGEN,POLO S,Petrol,Male,None,No tow/articulation,Did not leave carriageway,0,Turning right,1,Car,No,Front,2010
2010400C03418,A,505,NA,0,Slight,None,17-11-2010,Wednesday,2,Data missing or out of range,Not at junction or within 20 metres,51.878523,Darkness - lights lit,508870,221180,-0.419806,E01015794,1,2,0,0,Dry,Dual carriageway,None,30,17:50:00,Urban,Fine no high winds,No,21 - 25,10,Urban area,4,1596,None,None,Other/Not known (2005-10),Not at or within 20 metres of junction,FORD,FOCUS ZETEC AUTO,Petrol,Male,None,No tow/articulation,Did not leave carriageway,0,Going ahead other,1,Car,No,Front,2010
2010400C03799,Unclassified,0,A,505,Slight,None,23-12-2010,Thursday,1,Auto traffic signal,Roundabout,51.89167,Darkness - lights lit,506410,222590,-0.455095,E01015712,1,2,0,5,Wet or damp,Dual carriageway,None,30,20:40:00,Urban,Fine no high winds,No,21 - 25,10,Urban area,3,1242,None,None,Other/Not known (2005-10),Entering roundabout,FIAT,PUNTO 1.2,Petrol,Male,None,No tow/articulation,Did not leave carriageway,0,Going ahead other,2,Car,No,Front,2010
20104100D0894,Unclassified,876,Unclassified,801,Slight,None,07-11-2010,Sunday,1,Give way or uncontrolled,Mini-roundabout,51.748338,Darkness - lights lit,503880,206590,-0.496642,E01023384,3,2,0,4,Dry,Roundabout,None,30,18:55:00,Urban,Fine no high winds,No,21 - 25,10,Urban area,10,1299,None,None,Other/Not known (2005-10),Entering roundabout,TOYOTA,YARIS CDX AUTO,Petrol,Male,None,No tow/articulation,Did not leave carriageway,0,Turning right,1,Car,No,Offside,2010
20104100J0228,A,41,A,41,Slight,None,28-04-2010,Wednesday,1,Give way or uncontrolled,Slip road,51.668739,Darkness - lights lit,513010,197930,-0.367248,E01023555,2,4,0,0,Dry,Slip road,None,60,20:41:00,Rural,Fine no high winds,No,21 - 25,10,Urban area,6,1587,None,None,Other/Not known (2005-10),Approaching junction or waiting/parked at junction approach,CITROEN,SAXO VTS,Petrol,Male,None,No tow/articulation,Did not leave carriageway,0,Changing lane to right,3,Car,No,Front,2010
201042I117204,A,121,Unclassified,0,Slight,None,22-04-2010,Thursday,1,Auto traffic signal,T or staggered junction,51.686779,Darkness - lights lit,537700,200550,-0.009401,E01021817,1,2,0,1,Dry,Dual carriageway,None,40,00:07:00,Urban,Fine no high winds,No,21 - 25,10,Urban area,7,4008,None,None,Other/Not known (2005-10),Approaching junction or waiting/parked at junction approach,FORD,EXPLORER 4.0 V6 AUTO,Petrol,Male,None,No tow/articulation,Did not leave carriageway,0,Going ahead other,1,Car,No,Front,2010
201042I422608,A,127,NA,0,Slight,None,19-08-2010,Thursday,1,Not at junction or within 20 metres,Not at junction or within 20 metres,51.573401,Darkness - lights lit,581720,189320,0.62095,E01021965,1,2,0,0,Dry,Dual carriageway,Roadworks,50,22:05:00,Urban,Fine no high winds,No,21 - 25,10,Urban area,3,599,None,None,Commuting to/from work,Not at or within 20 metres of junction,KAWASAKI,ZX600-J1,Petrol,Male,Skidded,No tow/articulation,Did not leave carriageway,0,Changing lane to right,1,Motorcycle over 500cc,No,Did not impact,2010
201043R172020,Unclassified,7408,Unclassified,7408,Slight,None,20-02-2010,Saturday,1,Give way or uncontrolled,T or staggered junction,51.537316,Darkness - lights lit,487840,182810,-0.734889,E01016573,1,2,0,0,Frost or ice,Single carriageway,None,30,21:30:00,Urban,Fine no high winds,No,21 - 25,10,Urban area,5,1800,None,None,Other/Not known (2005-10),Cleared junction or waiting/parked at junction exit,VOLKSWAGEN,PASSAT SE 20V TURBO,Petrol,Male,None,No tow/articulation,Did not leave carriageway,0,Overtaking static vehicle - offside,1,Car,No,Nearside,2010
201043S009060,Motorway,1,NA,0,Slight,None,03-06-2010,Thursday,1,Data missing or out of range,Not at junction or within 20 metres,52.06426,Darkness - lights lit,488340,241440,-0.712758,E01016803,3,4,0,0,Dry,Dual carriageway,None,70,03:45:00,Rural,Fine no high winds,No,21 - 25,10,Urban area,7,2000,None,Central crash barrier,Other/Not known (2005-10),Not at or within 20 metres of junction,VOLKSWAGEN,GOLF GTI (115 BHP),Petrol,Male,Skidded,No tow/articulation,Did not leave carriageway,0,Going ahead other,2,Car,No,Front,2010