Accident_Index,1st_Road_Class,1st_Road_Number,2nd_Road_Class,2nd_Road_Number,Accident_Severity,Carriageway_Hazards,Date,Day_of_Week,Did_Police_Officer_Attend_Scene_of_Accident,Junction_Control,Junction_Detail,Latitude,Light_Conditions,Location_Easting_OSGR,Location_Northing_OSGR,Longitude,LSOA_of_Accident_Location,Number_of_Casualties,Number_of_Vehicles,Pedestrian_Crossing-Human_Control,Pedestrian_Crossing-Physical_Facilities,Road_Surface_Conditions,Road_Type,Special_Conditions_at_Site,Speed_limit,Time,Urban_or_Rural_Area,Weather_Conditions,InScotland,Age_Band_of_Driver,Age_of_Vehicle,Driver_Home_Area_Type,Driver_IMD_Decile,Engine_Capacity_.CC.,Hit_Object_in_Carriageway,Hit_Object_off_Carriageway,Journey_Purpose_of_Driver,Junction_Location,make,model,Propulsion_Code,Sex_of_Driver,Skidding_and_Overturning,Towing_and_Articulation,Vehicle_Leaving_Carriageway,Vehicle_Location.Restricted_Lane,Vehicle_Manoeuvre,Vehicle_Reference,Vehicle_Type,Was_Vehicle_Left_Hand_Drive,X1st_Point_of_Impact,Year
201006L038804,A,49,NA,0,Slight,None,09-11-2010,Tuesday,1,Data missing or out of range,Not at junction or within 20 metres,53.529415,Darkness - lights lit,356680,403840,-2.654999,E01006404,1,2,0,0,Dry,Dual carriageway,None,30,18:00:00,Urban,Fine no high winds,No,21 - 25,10,Urban area,7,1299,None,None,Commuting to/from work,Not at or within 20 metres of junction,FORD,KA NOW,Petrol,Female,None,No tow/articulation,Did not leave carriageway,0,Going ahead other,1,Car,No,Front,2010
201006Q027445,C,0,C,0,Slight,None,04-02-2010,Thursday,1,Give way or uncontrolled,T or staggered junction,53.55127,Darkness - lights lit,391340,406080,-2.132187,E01005337,1,2,0,0,Wet or damp,Single carriageway,None,30,18:35:00,Urban,Fine no high winds,No,21 - 25,10,Urban area,1,1199,None,None,Other/Not known (2005-10),Mid Junction - on roundabout or on main road,VAUXHALL,CORSA COMFORT 16V,Petrol,Female,None,No tow/articulation,Did not leave carriageway,0,Waiting to go - held up,2,Car,No,Front,2010
201006XN40732,Motorway,66,NA,0,Slight,None,08-12-2010,Wednesday,1,Data missing or out of range,Not at junction or within 20 metres,53.586447,Darkness - lights lit,382030,410020,-2.272935,E01005514,2,3,0,0,Wet or damp,Dual carriageway,None,70,16:40:00,Rural,Fine no high winds,No,21 - 25,10,Urban area,2,1396,None,None,Commuting to/from work,Not at or within 20 metres of junction,HONDA,CIVIC 1.4I SPORT,Petrol,Female,Skidded,No tow/articulation,Did not leave carriageway,0,Going ahead other,2,Car,No,Back,2010
201020F013812,A,456,B,4182,Slight,None,22-01-2010,Friday,1,Give way or uncontrolled,Private drive or entrance,52.473245,Darkness - lights lit,403010,286150,-1.957126,E01009147,1,2,0,0,Wet or damp,Dual carriageway,None,30,16:48:00,Urban,Fine no high winds,No,21 - 25,10,Urban area,3,1781,None,None,Other/Not known (2005-10),Mid Junction - on roundabout or on main road,AUDI,A3 1.8T QUATTRO,Petrol,Female,None,No tow/articulation,Did not leave carriageway,0,Going ahead other,2,Car,No,Nearside,2010
201020J003650,Unclassified,0,Unclassified,0,Slight,None,26-04-2010,Monday,2,Give way or uncontrolled,Private drive or entrance,52.505209,Darkness - lights lit,392830,289710,-2.107075,E01009886,1,2,0,0,Dry,Single carriageway,None,30,21:02:00,Urban,Fine no high winds,No,21 - 25,10,Urban area,3,2393,None,None,Other/Not known (2005-10),Mid Junction - on roundabout or on main road,AUDI,A4 2.4 SE,Petrol,Female,None,No tow/articulation,Did not leave carriageway,0,Overtaking static vehicle - offside,2,Car,No,Nearside,2010
201020M008812,A,428,B,4082,Slight,None,08-02-2010,Monday,1,Auto traffic signal,More than 4 arms (not roundabout),52.402374,Darkness - lights lit,437740,278410,-1.446712,E01009536,1,2,0,0,Dry,Single carriageway,None,30,18:50:00,Urban,Fine no high winds,No,21 - 25,10,Urban area,7,1299,None,None,Other/Not known (2005-10),Mid Junction - on roundabout or on main road,FORD,KA,Petrol,Female,None,No tow/articulation,Did not leave carriageway,0,Turning right,1,Car,No,Front,2010
201020M009230,B,4110,Unclassified,0,Slight,None,23-09-2010,Thursday,1,Give way or uncontrolled,T or staggered junction,52.415527,Darkness - lights lit,434590,279850,-1.492862,E01009640,1,2,0,0,Dry,Single carriageway,None,30,21:07:00,Urban,Fine no high winds,No,21 - 25,10,Urban area,5,1299,None,None,Other/Not known (2005-10),Cleared junction or waiting/parked at junction exit,FORD,KA 2,Petrol,Female,None,No tow/articulation,Did not leave carriageway,0,Going ahead other,2,Car,No,Front,2010
201020S050690,B,4217,Unclassified,0,Slight,None,26-11-2010,Friday,1,Give way or uncontrolled,T or staggered junction,52.46963,Darkness - lights lit,405510,285750,-1.920327,E01008990,1,2,0,0,Dry,One way street,None,30,20:35:00,Urban,Fine no high winds,No,21 - 25,10,Urban area,1,1299,None,None,Other/Not known (2005-10),Mid Junction - on roundabout or on main road,FORD,KA,Petrol,Female,None,No tow/articulation,Did not leave carriageway,0,Going ahead other,2,Car,No,Front,2010
201020W011920,Unclassified,0,A,38,Slight,None,27-05-2010,Thursday,2,Give way or uncontrolled,T or staggered junction,52.472041,Darkness - lights lit,406930,286020,-1.899418,E01009142,1,2,0,0,Dry,Single carriageway,None,30,22:12:00,Urban,Fine no high winds,No,21 - 25,10,Small town,9,1299,None,None,Other/Not known (2005-10),Approaching junction or waiting/parked at junction approach,FORD,KA,Petrol,Female,None,No tow/articulation,Did not leave carriageway,0,Waiting to turn left,2,Car,No,Back,2010
201020W506520,A,41,NA,0,Slight,None,27-12-2010,Monday,1,Data missing or out of range,Not at junction or within 20 metres,52.503532,Darkness - lights lit,404460,289520,-1.935734,E01009356,1,1,0,4,Dry,Single carriageway,None,30,20:51:00,Urban,Fine no high winds,No,21 - 25,10,Urban area,1,1686,None,None,Other/Not known (2005-10),Not at or within 20 metres of junction,VAUXHALL,CORSA CLUB D,Heavy oil,Female,None,No tow/articulation,Did not leave carriageway,0,Going ahead other,1,Car,No,Offside,2010
201022E002571,A,438,NA,0,Slight,None,21-05-2010,Friday,2,Data missing or out of range,Not at junction or within 20 metres,52.058507,Darkness - lights lit,353100,240240,-2.685486,E01014094,2,1,0,0,Dry,Single carriageway,None,30,02:25:00,Urban,Fine no high winds,No,21 - 25,10,Urban area,8,1390,None,Lamp post,Other/Not known (2005-10),Not at or within 20 metres of junction,VOLKSWAGEN,POLO 1.4 CL,Petrol,Female,None,No tow/articulation,Nearside,0,Going ahead other,1,Car,No,Front,2010
201022F001071,B,5398,NA,0,Slight,None,24-02-2010,Wednesday,1,Data missing or out of range,Not at junction or within 20 metres,52.96657,Darkness - lights lit,353560,341250,-2.692915,E01028896,1,3,0,0,Wet or damp,Single carriageway,None,30,20:10:00,Rural,Fine no high winds,No,21 - 25,10,Small town,5,1199,Parked vehicle,None,Other/Not known (2005-10),Not at or within 20 metres of junction,VAUXHALL,CORSA CLUB 16V,Petrol,Female,None,No tow/articulation,Did not leave carriageway,0,Slowing or stopping,1,Car,No,Front,2010
201030D001116,A,514,Unclassified,0,Slight,None,06-11-2010,Saturday,1,Give way or uncontrolled,T or staggered junction,52.896602,Darkness - lights lit,436620,333380,-1.457087,E01013583,3,2,0,0,Dry,Single carriageway,None,30,20:50:00,Urban,Fine no high winds,No,21 - 25,10,Urban area,1,1242,None,None,Other/Not known (2005-10),Entering main road,FIAT,PUNTO 1.2,Petrol,Female,None,No tow/articulation,Did not leave carriageway,0,Turning right,2,Car,No,Front,2010
20103102C3123,A,453,Unclassified,0,Slight,None,27-10-2010,Wednesday,1,Auto traffic signal,Crossroads,52.915398,Darkness - lights lit,455440,335650,-1.176963,E01013903,2,2,0,5,Wet or damp,Dual carriageway,None,40,21:47:00,Urban,Fine no high winds,No,21 - 25,10,Urban area,2,1360,None,None,Other/Not known (2005-10),Leaving main road,PEUGEOT,206 GLX,Petrol,Female,None,No tow/articulation,Did not leave carriageway,0,Turning right,2,Car,No,Front,2010
201043S118110,A,4146,Unclassified,1103,Slight,None,04-03-2021,Saturday,1,Give way or uncontrolled,T or staggered junction,18.50447268,Darkness - lights lit,489400,239260,73.77155797,E01016785,2,2,0,0,Wet or damp,Dual carriageway,None,70,18:30:00,Urban,Fog or mist,No,21 - 25,10,Urban area,6,1753,None,None,Other/Not known (2005-10),Approaching junction or waiting/parked at junction approach,FORD,FOCUS ZETEC TD DI,Heavy oil,Male,Skidded,No tow/articulation,Did not leave carriageway,0,Changing lane to right,2,Car,No,Front,2021
201043S118110,A,4146,Unclassified,1103,Slight,None,20-11-2010,Saturday,1,Give way or uncontrolled,T or staggered junction,52.044495,Darkness - lights lit,489400,239260,-0.697869,E01016785,2,2,0,0,Wet or damp,Dual carriageway,None,70,18:30:00,Urban,Fog or mist,No,21 - 25,10,Urban area,6,1753,None,None,Other/Not known (2005-10),Approaching junction or waiting/parked at junction approach,FORD,FOCUS ZETEC TD DI,Heavy oil,Male,Skidded,No tow/articulation,Did not leave carriageway,0,Changing lane to right,2,Car,No,Front,2010
201020G011440,B,4156,Unclassified,0,Slight,None,19-12-2010,Sunday,1,Give way or uncontrolled,T or staggered junction,52.61499,Darkness - lights lit,393840,301920,-2.092425,E01010458,3,2,0,0,Snow,Single carriageway,None,30,23:03:00,Urban,Fog or mist,No,21 - 25,10,Urban area,3,1396,None,None,Other/Not known (2005-10),Cleared junction or waiting/parked at junction exit,ROVER,25 IE 16V,Petrol,Male,None,No tow/articulation,Did not leave carriageway,0,Parked,2,Car,No,Front,2010
201045MO48054,C,253,Unclassified,2838,Slight,None,06-12-2020,Wednesday,1,Give way or uncontrolled,Other junction,14.72673429,Darkness - lights lit,516880,149840,78.54948535,E01030532,1,2,0,0,Frost or ice,Single carriageway,None,30,19:36:00,Urban,Other,No,21 - 25,10,Data missing or out of range,NA,1298,None,None,Other/Not known (2005-10),Approaching junction or waiting/parked at junction approach,SUZUKI,SJ 413QB JA SAMURAI,Petrol,Male,Skidded and overturned,No tow/articulation,Did not leave carriageway,0,Going ahead other,1,Car,No,Offside,2019
201043R174020,A,4,C,7302,Slight,None,13-08-2021,Wednesday,1,Auto traffic signal,T or staggered junction,15.29269061,Darkness - lights lit,497970,179930,74.0720137,E01016512,2,2,0,5,Wet or damp,Dual carriageway,None,40,01:48:00,Urban,Other,No,21 - 25,10,Small town,6,2290,Bollard or refuge,None,Other/Not known (2005-10),Mid Junction - on roundabout or on main road,SAAB,9-5 AERO AUTO,Petrol,Male,None,No tow/articulation,Did not leave carriageway,0,Moving off,2,Car,No,Offside,2019
201054DC00310,C,403,C,401,Slight,None,11-08-2019,Tuesday,1,Auto traffic signal,T or staggered junction,28.68862793,Darkness - lights lit,414600,184680,77.26660129,E01015476,1,2,0,0,Wet or damp,Dual carriageway,None,30,20:45:00,Urban,Other,No,21 - 25,10,Urban area,9,1390,None,None,Other/Not known (2005-10),Entering main road,RENAULT,CLIO SI,Petrol,Male,None,No tow/articulation,Did not leave carriageway,0,Turning right,2,Car,No,Offside,2020
201043R174020,A,4,C,7302,Slight,None,24-02-2010,Wednesday,1,Auto traffic signal,T or staggered junction,51.509763,Darkness - lights lit,497970,179930,-0.589675,E01016512,2,2,0,5,Wet or damp,Dual carriageway,None,40,01:48:00,Urban,Other,No,21 - 25,10,Small town,6,2290,Bollard or refuge,None,Other/Not known (2005-10),Mid Junction - on roundabout or on main road,SAAB,9-5 AERO AUTO,Petrol,Male,None,No tow/articulation,Did not leave carriageway,0,Moving off,2,Car,No,Offside,2010
201045MO48054,C,253,Unclassified,2838,Slight,None,13-01-2010,Wednesday,1,Give way or uncontrolled,Other junction,51.235722,Darkness - lights lit,516880,149840,-0.327188,E01030532,1,2,0,0,Frost or ice,Single carriageway,None,30,19:36:00,Urban,Other,No,21 - 25,10,Data missing or out of range,NA,1298,None,None,Other/Not known (2005-10),Approaching junction or waiting/parked at junction approach,SUZUKI,SJ 413QB JA SAMURAI,Petrol,Male,Skidded and overturned,No tow/articulation,Did not leave carriageway,0,Going ahead other,1,Car,No,Offside,2010
201054DC00310,C,403,C,401,Slight,None,05-01-2010,Tuesday,1,Auto traffic signal,T or staggered junction,51.560764,Darkness - lights lit,414600,184680,-1.790796,E01015476,1,2,0,0,Wet or damp,Dual carriageway,None,30,20:45:00,Urban,Other,No,21 - 25,10,Urban area,9,1390,None,None,Other/Not known (2005-10),Entering main road,RENAULT,CLIO SI,Petrol,Male,None,No tow/articulation,Did not leave carriageway,0,Turning right,2,Car,No,Offside,2010
201001XH30570,A,437,A,437,Slight,None,14-08-2010,Saturday,1,Give way or uncontrolled,Roundabout,51.50252,Darkness - lights lit,509060,179350,-0.43011,E01002489,3,2,0,0,Wet or damp,Roundabout,None,30,20:30:00,Urban,Other,No,21 - 25,10,Urban area,1,1895,None,None,Other/Not known (2005-10),Leaving roundabout,BMW,318 CI,Petrol,Male,None,No tow/articulation,Did not leave carriageway,0,Going ahead left-hand bend,1,Car,No,Front,2010
201001ZD30103,C,0,C,0,Slight,None,15-02-2010,Monday,1,Give way or uncontrolled,T or staggered junction,51.35261,Darkness - lights lit,537580,163360,-0.025645,E01001065,2,2,0,5,Wet or damp,Single carriageway,None,30,01:30:00,Rural,Other,No,21 - 25,10,Urban area,3,1360,None,None,Other/Not known (2005-10),Cleared junction or waiting/parked at junction exit,PEUGEOT,206 GLX,Petrol,Male,None,No tow/articulation,Did not leave carriageway,0,Going ahead other,1,Car,No,Front,2010
201004FA10144,Unclassified,0,A,682,Slight,None,17-11-2010,Wednesday,1,Give way or uncontrolled,T or staggered junction,53.805754,Darkness - lights lit,384690,434410,-2.233966,E01024895,2,2,0,0,Wet or damp,Single carriageway,None,30,20:00:00,Urban,Other,No,21 - 25,10,Urban area,3,1360,None,None,Other/Not known (2005-10),Approaching junction or waiting/parked at junction approach,PEUGEOT,206 GLX,Petrol,Male,None,No tow/articulation,Did not leave carriageway,0,Waiting to turn right,2,Car,No,Back,2010
201006M027557,Unclassified,0,Unclassified,0,Slight,None,15-01-2010,Friday,2,Give way or uncontrolled,Private drive or entrance,53.396462,Darkness - lights lit,378130,388900,-2.33037,E01006191,1,2,0,0,Wet or damp,Single carriageway,None,30,19:00:00,Urban,Other,No,21 - 25,10,Urban area,1,1390,Kerb,None,Other/Not known (2005-10),Mid Junction - on roundabout or on main road,RENAULT,MEGANE RT ALIZE,Petrol,Male,None,No tow/articulation,Nearside,0,Going ahead other,1,Car,No,Offside,2010
201014K010710,A,6102,NA,0,Slight,None,13-01-2010,Wednesday,1,Not at junction or within 20 metres,Not at junction or within 20 metres,53.346547,Darkness - lights lit,438340,383450,-1.425551,E01008006,1,2,0,0,Frost or ice,Dual carriageway,None,40,06:01:00,Urban,Other,No,21 - 25,10,Urban area,4,1997,None,Lamp post,Commuting to/from work,Not at or within 20 metres of junction,PEUGEOT,306 MERIDIAN HDI (90),Heavy oil,Male,Skidded,No tow/articulation,Nearside,0,Going ahead other,2,Car,No,Front,2010
201043P222120,A,422,NA,0,Slight,None,12-04-2020,Saturday,1,Data missing or out of range,Not at junction or within 20 metres,28.48634559,Darkness - lights lit,445390,241800,77.09375518,E01028446,2,2,0,4,Frost or ice,Single carriageway,None,30,18:50:00,Urban,Other,No,21 - 25,10,Urban area,7,1587,None,None,Other/Not known (2005-10),Not at or within 20 metres of junction,CITROEN,SAXO VTR,Petrol,Female,None,No tow/articulation,Did not leave carriageway,0,Going ahead other,1,Car,No,Front,2019
201043P222120,A,422,NA,0,Slight,None,25-12-2010,Saturday,1,Data missing or out of range,Not at junction or within 20 metres,52.072674,Darkness - lights lit,445390,241800,-1.339181,E01028446,2,2,0,4,Frost or ice,Single carriageway,None,30,18:50:00,Urban,Other,No,21 - 25,10,Urban area,7,1587,None,None,Other/Not known (2005-10),Not at or within 20 metres of junction,CITROEN,SAXO VTR,Petrol,Female,None,No tow/articulation,Did not leave carriageway,0,Going ahead other,1,Car,No,Front,2010
201004FE10002,B,6252,NA,0,Slight,None,08-01-2010,Friday,1,Data missing or out of range,Not at junction or within 20 metres,53.922148,Darkness - lights lit,388080,447350,-2.182996,E01025192,2,2,0,0,Frost or ice,Single carriageway,None,30,18:06:00,Urban,Other,No,21 - 25,10,Urban area,3,1998,None,None,Journey as part of work,Not at or within 20 metres of junction,PEUGEOT,306 XSI,Petrol,Female,Skidded,No tow/articulation,Did not leave carriageway,0,Going ahead other,1,Car,No,Front,2010
201006C035934,A,6010,Unclassified,0,Slight,None,06-09-2010,Monday,1,Auto traffic signal,Crossroads,53.442445,Darkness - lights lit,381840,394000,-2.274872,E01005150,1,2,0,5,Wet or damp,Single carriageway,None,30,19:45:00,Urban,Raining + high winds,No,21 - 25,10,Rural,6,993,None,None,Other/Not known (2005-10),Entering main road,SUZUKI,ALTO GL,Petrol,Female,None,No tow/articulation,Did not leave carriageway,0,Turning right,1,Car,No,Front,2010
201050JN2M015,Unclassified,0,Unclassified,0,Slight,None,29-01-2020,Thursday,1,Give way or uncontrolled,T or staggered junction,18.54344642,Darkness - lights lit,286210,71600,73.73994808,E01020219,1,1,0,0,Wet or damp,Single carriageway,None,30,23:20:00,Urban,Raining no high winds,No,21 - 25,10,Small town,6,1587,None,None,Other/Not known (2005-10),Cleared junction or waiting/parked at junction exit,PEUGEOT,206 XS,Petrol,Male,Skidded,No tow/articulation,Did not leave carriageway,0,Going ahead other,1,Car,No,Did not impact,2021
201001JC30160,B,179,Unclassified,0,Slight,None,25-02-2010,Thursday,1,Give way or uncontrolled,T or staggered junction,51.597389,Darkness - lights lit,535760,190550,-0.041325,E01004398,2,2,0,0,Wet or damp,Single carriageway,None,30,20:09:00,Urban,Raining no high winds,No,21 - 25,10,Urban area,2,1988,None,None,Other/Not known (2005-10),Approaching junction or waiting/parked at junction approach,LEXUS,IS200 SE AUTO,Petrol,Male,None,No tow/articulation,Did not leave carriageway,0,Slowing or stopping,1,Car,No,Back,2010
201001JI40741,C,0,NA,0,Slight,None,05-11-2010,Friday,1,Data missing or out of range,Not at junction or within 20 metres,51.576164,Darkness - lights lit,540600,188320,0.027615,E01003778,1,2,0,4,Wet or damp,Single carriageway,None,30,22:22:00,Urban,Raining no high winds,No,21 - 25,10,Urban area,5,85,None,None,Journey as part of work,Not at or within 20 metres of junction,HONDA,C90,Petrol,Male,None,No tow/articulation,Did not leave carriageway,0,Moving off,2,Motorcycle 125cc and under,No,Back,2010
201001MM71013,C,0,NA,0,Slight,None,26-10-2010,Tuesday,1,Data missing or out of range,Not at junction or within 20 metres,51.489159,Darkness - lights lit,534400,178470,-0.065558,E01004038,1,2,0,0,Wet or damp,Single carriageway,None,30,18:13:00,Urban,Raining no high winds,No,21 - 25,10,Data missing or out of range,NA,1997,None,None,Other/Not known (2005-10),Not at or within 20 metres of junction,HONDA,ACCORD VTEC SE EXEC,Petrol,Male,None,No tow/articulation,Did not leave carriageway,0,Going ahead other,2,Car,No,Back,2010
201001TB00059,A,406,A,4000,Slight,None,20-03-2010,Saturday,1,Auto traffic signal,Crossroads,51.501032,Darkness - lights lit,519110,179410,-0.28536,E01001231,1,3,0,5,Wet or damp,Dual carriageway,None,40,21:55:00,Urban,Raining no high winds,No,21 - 25,10,Urban area,4,1497,None,None,Other/Not known (2005-10),Approaching junction or waiting/parked at junction approach,NISSAN,ALMERA E,Petrol,Male,None,No tow/articulation,Did not leave carriageway,0,Going ahead other,2,Car,No,Front,2010
201050JN2M015,Unclassified,0,Unclassified,0,Slight,None,30-09-2010,Thursday,1,Give way or uncontrolled,T or staggered junction,50.533007,Darkness - lights lit,286210,71600,-3.606985,E01020219,1,1,0,0,Wet or damp,Single carriageway,None,30,23:20:00,Urban,Raining no high winds,No,21 - 25,10,Small town,6,1587,None,None,Other/Not known (2005-10),Cleared junction or waiting/parked at junction exit,PEUGEOT,206 XS,Petrol,Male,Skidded,No tow/articulation,Did not leave carriageway,0,Going ahead other,1,Car,No,Did not impact,2010
2010550D45927,A,347,Unclassified,0,Slight,None,19-10-2010,Tuesday,1,Give way or uncontrolled,Roundabout,50.808696,Darkness - lights lit,408610,101030,-1.879188,E01020394,1,1,0,0,Wet or damp,Single carriageway,None,50,02:27:00,Urban,Raining no high winds,No,21 - 25,10,Data missing or out of range,NA,1597,Kerb,None,Other/Not known (2005-10),Leaving roundabout,MITSUBISHI,CARISMA 1.6I,Petrol,Male,Skidded and overturned,No tow/articulation,Did not leave carriageway,0,Going ahead other,1,Car,No,Nearside,2010
201001JC30160,B,179,Unclassified,0,Slight,None,25-02-2010,Thursday,1,Give way or uncontrolled,T or staggered junction,51.597389,Darkness - lights lit,535760,190550,-0.041325,E01004398,2,2,0,0,Wet or damp,Single carriageway,None,30,20:09:00,Urban,Raining no high winds,No,21 - 25,10,Urban area,2,1988,None,None,Other/Not known (2005-10),Approaching junction or waiting/parked at junction approach,LEXUS,IS200 SE AUTO,Petrol,Male,None,No tow/articulation,Did not leave carriageway,0,Slowing or stopping,1,Car,No,Back,2010
201001JI40741,C,0,NA,0,Slight,None,05-11-2010,Friday,1,Data missing or out of range,Not at junction or within 20 metres,51.576164,Darkness - lights lit,540600,188320,0.027615,E01003778,1,2,0,4,Wet or damp,Single carriageway,None,30,22:22:00,Urban,Raining no high winds,No,21 - 25,10,Urban area,5,85,None,None,Journey as part of work,Not at or within 20 metres of junction,HONDA,C90,Petrol,Male,None,No tow/articulation,Did not leave carriageway,0,Moving off,2,Motorcycle 125cc and under,No,Back,2010
201001MM71013,C,0,NA,0,Slight,None,26-10-2010,Tuesday,1,Data missing or out of range,Not at junction or within 20 metres,51.489159,Darkness - lights lit,534400,178470,-0.065558,E01004038,1,2,0,0,Wet or damp,Single carriageway,None,30,18:13:00,Urban,Raining no high winds,No,21 - 25,10,Data missing or out of range,NA,1997,None,None,Other/Not known (2005-10),Not at or within 20 metres of junction,HONDA,ACCORD VTEC SE EXEC,Petrol,Male,None,No tow/articulation,Did not leave carriageway,0,Going ahead other,2,Car,No,Back,2010
201001TB00059,A,406,A,4000,Slight,None,20-03-2010,Saturday,1,Auto traffic signal,Crossroads,51.501032,Darkness - lights lit,519110,179410,-0.28536,E01001231,1,3,0,5,Wet or damp,Dual carriageway,None,40,21:55:00,Urban,Raining no high winds,No,21 - 25,10,Urban area,4,1497,None,None,Other/Not known (2005-10),Approaching junction or waiting/parked at junction approach,NISSAN,ALMERA E,Petrol,Male,None,No tow/articulation,Did not leave carriageway,0,Going ahead other,2,Car,No,Front,2010
201001TX20648,Unclassified,0,A,244,Slight,None,01-10-2010,Friday,1,Auto traffic signal,Crossroads,51.443993,Darkness - lights lit,510520,172870,-0.411109,E01002614,1,1,0,5,Wet or damp,Single carriageway,None,30,18:30:00,Urban,Raining no high winds,No,21 - 25,10,Urban area,4,1995,None,None,Commuting to/from work,Cleared junction or waiting/parked at junction exit,VAUXHALL,ASTRA LS DI 16V,Heavy oil,Male,None,No tow/articulation,Did not leave carriageway,0,Going ahead other,1,Car,No,Front,2010
201001XH30800,A,437,Unclassified,0,Slight,None,17-11-2010,Wednesday,1,Give way or uncontrolled,Private drive or entrance,51.509122,Darkness - lights lit,508850,180080,-0.43291,E01002406,1,2,0,0,Wet or damp,Single carriageway,None,30,17:10:00,Urban,Raining no high winds,No,21 - 25,10,Urban area,5,1951,None,None,Other/Not known (2005-10),Mid Junction - on roundabout or on main road,LAND ROVER,FREELANDER TD4 GS,Heavy oil,Male,None,No tow/articulation,Did not leave carriageway,0,Turning right,2,Car,No,Nearside,2010
201001YE80156,A,110,NA,0,Slight,None,24-02-2010,Wednesday,1,Data missing or out of range,Not at junction or within 20 metres,51.641689,Darkness - lights lit,536510,195500,-0.028576,E01001506,2,2,0,0,Wet or damp,Dual carriageway,None,30,17:50:00,Rural,Raining no high winds,No,21 - 25,10,Urban area,3,1242,None,None,Other/Not known (2005-10),Not at or within 20 metres of junction,FIAT,PUNTO 1.2,Petrol,Male,None,No tow/articulation,Did not leave carriageway,0,Overtaking static vehicle - offside,1,Car,No,Front,2010
201004CA10132,Unclassified,0,NA,0,Slight,None,15-11-2010,Monday,1,Data missing or out of range,Not at junction or within 20 metres,53.66855,Darkness - lights lit,354600,419340,-2.688638,E01024967,1,1,0,0,Wet or damp,Single carriageway,None,60,19:20:00,Rural,Raining no high winds,No,21 - 25,10,Urban area,10,1997,Bridge (side),Near/Offside crash barrier,Other/Not known (2005-10),Not at or within 20 metres of junction,PEUGEOT,206 GTI,Petrol,Male,Skidded,No tow/articulation,Nearside,0,Going ahead left-hand bend,1,Car,No,Front,2010
201004EA10226,Unclassified,0,Unclassified,0,Slight,None,18-09-2010,Saturday,1,Stop sign,Crossroads,53.750768,Darkness - lights lit,367550,428380,-2.493591,E01012656,1,2,0,8,Wet or damp,Single carriageway,None,30,21:20:00,Urban,Raining no high winds,No,21 - 25,10,Urban area,1,1199,None,None,Other/Not known (2005-10),Mid Junction - on roundabout or on main road,VAUXHALL,CORSA CLUB 16V,Petrol,Male,None,No tow/articulation,Did not leave carriageway,0,Turning right,1,Car,No,Offside,2010
201004EB10084,Unclassified,0,NA,0,Slight,None,28-10-2010,Thursday,1,Data missing or out of range,Not at junction or within 20 metres,53.63943,Darkness - lights lit,374440,415950,-2.388077,E01012626,1,1,0,0,Wet or damp,Single carriageway,None,30,03:10:00,Rural,Raining no high winds,No,21 - 25,10,Urban area,3,1360,None,Telegraph or electricity pole,Other/Not known (2005-10),Not at or within 20 metres of junction,PEUGEOT,206 LX AUTO,Petrol,Male,Skidded,No tow/articulation,Offside and rebounded,0,Going ahead left-hand bend,1,Car,No,Front,2010
201005FF07582,A,5036,Unclassified,0,Slight,None,12-11-2010,Friday,1,Give way or uncontrolled,Roundabout,53.386964,Darkness - lights lit,334920,388240,-2.979992,E01006634,2,3,0,0,Wet or damp,Roundabout,None,30,21:00:00,Urban,Raining no high winds,No,21 - 25,10,Urban area,5,1948,None,None,Other/Not known (2005-10),Entering roundabout,VOLVO,V40 SE AUTO,Petrol,Male,None,No tow/articulation,Did not leave carriageway,0,Slowing or stopping,3,Car,No,Offside,2010
201006K038662,B,6199,Unclassified,0,Slight,None,06-11-2010,Saturday,1,Give way or uncontrolled,Crossroads,53.548871,Darkness - lights lit,371760,405890,-2.427697,E01004875,1,2,0,0,Wet or damp,Single carriageway,None,30,19:40:00,Urban,Raining no high winds,No,21 - 25,10,Urban area,2,1998,None,None,Journey as part of work,Mid Junction - on roundabout or on main road,TOYOTA,AVENSIS SR,Petrol/Gas (LPG),Male,None,No tow/articulation,Did not leave carriageway,0,Turning right,1,Car,No,Nearside,2010
201006N027653,B,6219,Unclassified,0,Slight,None,02-02-2010,Tuesday,1,Give way or uncontrolled,Crossroads,53.59163,Darkness - lights lit,381170,410600,-2.285962,E01005026,2,2,0,0,Wet or damp,Single carriageway,None,30,06:55:00,Urban,Raining no high winds,No,21 - 25,10,Data missing or out of range,NA,1298,None,None,Commuting to/from work,Approaching junction or waiting/parked at junction approach,MITSUBISHI,COLT GLX,Petrol,Male,None,No tow/articulation,Did not leave carriageway,0,Going ahead other,1,Car,No,Offside,2010
201011NG27450,C,91,Unclassified,0,Slight,None,09-11-2010,Tuesday,1,Give way or uncontrolled,Roundabout,54.849099,Darkness - lights lit,426080,550550,-1.595348,E01020605,2,2,0,8,Wet or damp,Roundabout,None,30,16:54:00,Urban,Raining no high winds,No,21 - 25,10,Small town,3,1905,None,None,Commuting to/from work,Mid Junction - on roundabout or on main road,FIAT,DUCATO 10 D SWB,Heavy oil,Male,None,No tow/articulation,Did not leave carriageway,0,Going ahead other,2,Van / Goods 3.5 tonnes mgw or under,No,Front,2010