Accident_Index,1st_Road_Class,1st_Road_Number,2nd_Road_Class,2nd_Road_Number,Accident_Severity,Carriageway_Hazards,Date,Day_of_Week,Did_Police_Officer_Attend_Scene_of_Accident,Junction_Control,Junction_Detail,Latitude,Light_Conditions,Location_Easting_OSGR,Location_Northing_OSGR,Longitude,LSOA_of_Accident_Location,Number_of_Casualties,Number_of_Vehicles,Pedestrian_Crossing-Human_Control,Pedestrian_Crossing-Physical_Facilities,Road_Surface_Conditions,Road_Type,Special_Conditions_at_Site,Speed_limit,Time,Urban_or_Rural_Area,Weather_Conditions,InScotland,Age_Band_of_Driver,Age_of_Vehicle,Driver_Home_Area_Type,Driver_IMD_Decile,Engine_Capacity_.CC.,Hit_Object_in_Carriageway,Hit_Object_off_Carriageway,Journey_Purpose_of_Driver,Junction_Location,make,model,Propulsion_Code,Sex_of_Driver,Skidding_and_Overturning,Towing_and_Articulation,Vehicle_Leaving_Carriageway,Vehicle_Location.Restricted_Lane,Vehicle_Manoeuvre,Vehicle_Reference,Vehicle_Type,Was_Vehicle_Left_Hand_Drive,X1st_Point_of_Impact,Year
201014K296110,C,743,C,723,Slight,None,05-11-2010,Friday,1,Auto traffic signal,Crossroads,53.367384,Darkness - lights lit,434670,385740,-1.480427,E01008105,1,2,0,5,Wet or damp,Single carriageway,None,30,23:00:00,Urban,Raining no high winds,No,21 - 25,10,Urban area,2,1794,None,None,Other/Not known (2005-10),Mid Junction - on roundabout or on main road,TOYOTA,CELICA VVTI,Petrol,Male,None,No tow/articulation,Did not leave carriageway,0,Turning right,1,Car,No,Nearside,2010
201020D733013,Unclassified,0,Unclassified,0,Slight,None,20-03-2010,Saturday,2,Give way or uncontrolled,T or staggered junction,52.473791,Darkness - lights lit,410070,286220,-1.853186,E01009344,1,2,0,0,Wet or damp,Single carriageway,Roadworks,30,20:38:00,Urban,Raining no high winds,No,21 - 25,10,Urban area,1,2926,None,None,Other/Not known (2005-10),Mid Junction - on roundabout or on main road,BMW,530D SE AUTO,Heavy oil,Male,None,No tow/articulation,Did not leave carriageway,0,Going ahead other,1,Car,No,Front,2010
201020L011240,A,452,Unclassified,0,Slight,None,18-11-2010,Thursday,1,Give way or uncontrolled,Roundabout,52.491566,Darkness - lights lit,418080,288220,-1.735153,E01010139,1,2,0,0,Wet or damp,Roundabout,None,40,21:49:00,Rural,Raining no high winds,No,21 - 25,10,Urban area,1,1396,None,Road sign or traffic signal,Other/Not known (2005-10),Entering roundabout,ROVER,25 IE 16V,Petrol,Male,Skidded,No tow/articulation,Straight ahead at junction,0,Slowing or stopping,1,Car,No,Offside,2010
201032D088810,C,130,Unclassified,964,Slight,None,29-03-2010,Monday,1,Give way or uncontrolled,T or staggered junction,53.198944,Darkness - lights lit,496110,367840,-0.562693,E01026141,2,2,0,0,Wet or damp,Single carriageway,None,30,21:29:00,Urban,Raining no high winds,No,21 - 25,10,Urban area,8,1587,Parked vehicle,None,Other/Not known (2005-10),Cleared junction or waiting/parked at junction exit,CITROEN,SAXO VTS,Petrol,Male,None,No tow/articulation,Did not leave carriageway,0,Going ahead other,1,Car,No,Front,2010
201054DN41410,A,4311,Unclassified,0,Slight,None,29-11-2020,Friday,1,Give way or uncontrolled,Mini-roundabout,26.76037592,Darkness - lights lit,415670,187150,94.1747387,E01015506,1,3,0,0,Wet or damp,Roundabout,None,30,22:45:00,Urban,Raining no high winds,No,21 - 25,10,Rural,8,954,None,None,Other/Not known (2005-10),Entering roundabout,CITROEN,SAXO FIRST,Petrol,Female,None,No tow/articulation,Did not leave carriageway,0,Going ahead other,2,Car,No,Front,2019
201043R095020,B,416,Unclassified,7302,Slight,None,25-07-2019,Tuesday,1,Auto traffic signal,Crossroads,25.788626,Darkness - lights lit,497860,180600,87.4681273,E01016461,1,2,0,5,Wet or damp,Single carriageway,None,30,19:15:00,Urban,Raining no high winds,No,21 - 25,10,Urban area,5,1796,None,None,Other/Not known (2005-10),Entering main road,FORD,MONDEO VERONA,Petrol,Female,None,No tow/articulation,Did not leave carriageway,0,Turning right,2,Car,No,Front,2019
201054ES09010,Unclassified,0,Unclassified,0,Slight,None,18-02-2019,Tuesday,1,Stop sign,Crossroads,28.72385589,Darkness - lights lit,414690,130040,77.10748962,E01032014,1,2,0,0,Wet or damp,Single carriageway,None,20,22:50:00,Urban,Raining no high winds,No,21 - 25,10,Urban area,2,1997,None,None,Other/Not known (2005-10),Entering main road,PEUGEOT,306 MERIDIAN HDI (90),Heavy oil,Female,None,No tow/articulation,Did not leave carriageway,0,Going ahead other,1,Car,No,Front,2020
201043R243080,Motorway,4,NA,0,Slight,None,31-07-2019,Sunday,1,Data missing or out of range,Not at junction or within 20 metres,26.7584278,Darkness - lights lit,502930,178180,94.19207053,E01016481,2,2,0,0,Wet or damp,Dual carriageway,None,70,20:58:00,Rural,Raining no high winds,No,21 - 25,10,Data missing or out of range,NA,1390,None,None,Other/Not known (2005-10),Not at or within 20 metres of junction,RENAULT,MEGANE RN 1.4E,Petrol,Female,None,No tow/articulation,Did not leave carriageway,0,Going ahead other,1,Car,No,Front,2019
2010160C07891,B,1255,Unclassified,0,Slight,None,05-12-2010,Sunday,1,Give way or uncontrolled,T or staggered junction,54.096707,Darkness - lights lit,517650,468250,-0.202421,E01012931,2,2,0,0,Frost or ice,Single carriageway,None,30,17:50:00,Urban,Snowing no high winds,No,21 - 25,10,Rural,3,1299,None,None,Other/Not known (2005-10),Approaching junction or waiting/parked at junction approach,FORD,KA 2,Petrol,Female,Skidded,No tow/articulation,Did not leave carriageway,0,Slowing or stopping,1,Car,No,Back,2010
201045TA49587,A,22,NA,0,Slight,None,17-10-2020,Saturday,1,Data missing or out of range,Not at junction or within 20 metres,18.5486733,Darkness - lights lit,536380,141950,73.80684298,E01030823,1,2,0,0,Wet or damp,Unknown,None,50,20:40:00,Rural,Unknown,No,21 - 25,10,Rural,10,1396,None,Tree,Other/Not known (2005-10),Not at or within 20 metres of junction,ROVER,45 IS 16V,Petrol,Male,None,No tow/articulation,Nearside,0,Going ahead other,1,Car,No,Front,2021
201045TA49587,A,22,NA,0,Slight,None,27-02-2010,Saturday,1,Data missing or out of range,Not at junction or within 20 metres,51.160492,Darkness - lights lit,536380,141950,-0.051022,E01030823,1,2,0,0,Wet or damp,Unknown,None,50,20:40:00,Rural,Unknown,No,21 - 25,10,Rural,10,1396,None,Tree,Other/Not known (2005-10),Not at or within 20 metres of junction,ROVER,45 IS 16V,Petrol,Male,None,No tow/articulation,Nearside,0,Going ahead other,1,Car,No,Front,2010
201020D063712,Unclassified,0,NA,0,Slight,None,20-02-2010,Saturday,1,Data missing or out of range,Not at junction or within 20 metres,52.549242,Darkness - lights lit,408650,294610,-1.873875,E01009128,1,3,0,0,Dry,Single carriageway,None,30,03:35:00,Urban,Unknown,No,21 - 25,10,Urban area,1,1299,Parked vehicle,None,Other/Not known (2005-10),Not at or within 20 metres of junction,FORD,KA 2,Petrol,Female,None,No tow/articulation,Did not leave carriageway,0,Going ahead other,1,Car,No,Front,2010
201005AA04768,A,553,Unclassified,0,Slight,None,16-03-2010,Tuesday,1,Auto traffic signal,Crossroads,53.393647,Darkness - lights unlit,331620,389030,-3.029773,E01007127,2,3,0,0,Dry,Single carriageway,None,30,09:02:00,Urban,Fine no high winds,No,21 - 25,10,Urban area,1,1124,None,None,Taking pupil to/from school,Approaching junction or waiting/parked at junction approach,PEUGEOT,206 L,Petrol,Male,None,No tow/articulation,Did not leave carriageway,0,Overtaking moving vehicle - offside,1,Car,No,Offside,2010
201045WA49299,B,2130,NA,0,Slight,None,06-01-2020,Friday,1,Data missing or out of range,Not at junction or within 20 metres,28.71274337,Darkness - no lighting,501810,137880,77.17802463,E01030864,1,1,0,0,Wet or damp,Dual carriageway,None,40,20:59:00,Rural,Fine + high winds,No,21 - 25,10,Rural,8,1400,None,Tree,Other/Not known (2005-10),Not at or within 20 metres of junction,VOLKSWAGEN,POLO S,Petrol,Female,Skidded,No tow/articulation,Nearside,0,Going ahead other,1,Car,No,Did not impact,2021
201045WA49299,B,2130,NA,0,Slight,None,26-02-2010,Friday,1,Data missing or out of range,Not at junction or within 20 metres,51.131097,Darkness - no lighting,501810,137880,-0.54636,E01030864,1,1,0,0,Wet or damp,Dual carriageway,None,40,20:59:00,Rural,Fine + high winds,No,21 - 25,10,Rural,8,1400,None,Tree,Other/Not known (2005-10),Not at or within 20 metres of junction,VOLKSWAGEN,POLO S,Petrol,Female,Skidded,No tow/articulation,Nearside,0,Going ahead other,1,Car,No,Did not impact,2010
201045GU56684,A,248,NA,0,Slight,None,09-10-2021,Saturday,1,Data missing or out of range,Not at junction or within 20 metres,26.46469214,Darkness - no lighting,501300,146670,74.61441462,E01030480,1,1,0,0,Wet or damp,Single carriageway,None,40,01:50:00,Rural,Fine no high winds,No,21 - 25,10,Urban area,7,2498,None,Entered ditch,Other/Not known (2005-10),Not at or within 20 metres of junction,VAUXHALL,OMEGA GLS V6,Petrol,Male,None,No tow/articulation,Nearside,0,Going ahead left-hand bend,1,Car,No,Did not impact,2020
201050KE2C016,Unclassified,0,NA,0,Slight,None,02-04-2021,Sunday,1,Not at junction or within 20 metres,Not at junction or within 20 metres,28.6531471,Darkness - no lighting,302940,81240,77.28553127,E01019914,2,1,0,0,Dry,Single carriageway,None,30,03:27:00,Urban,Fine no high winds,No,21 - 25,10,Urban area,8,1587,None,None,Other/Not known (2005-10),Not at or within 20 metres of junction,PEUGEOT,306 LX,Petrol,Male,Skidded and overturned,No tow/articulation,Did not leave carriageway,0,Going ahead other,1,Car,No,Did not impact,2020
201054EM30010,A,345,Unclassified,0,Slight,None,08-01-2021,Friday,1,Give way or uncontrolled,Private drive or entrance,28.64278608,Darkness - no lighting,414550,134310,77.33781573,E01032013,3,2,0,0,Dry,Single carriageway,None,60,22:28:00,Rural,Fine no high winds,No,21 - 25,10,Urban area,1,1587,None,None,Other/Not known (2005-10),Mid Junction - on roundabout or on main road,CITROEN,SAXO VTR,Petrol,Male,Skidded and overturned,No tow/articulation,Did not leave carriageway,0,Overtaking moving vehicle - offside,1,Car,No,Front,2021
201050JC3K005,A,382,NA,0,Slight,None,22-10-2019,Saturday,1,Not at junction or within 20 metres,Not at junction or within 20 metres,18.63666028,Darkness - no lighting,276020,85660,73.93018897,E01020258,1,2,0,0,Dry,Single carriageway,None,50,23:40:00,Rural,Fine no high winds,No,21 - 25,10,Data missing or out of range,NA,125,None,None,Other/Not known (2005-10),Not at or within 20 metres of junction,PIAGGIO,,Petrol,Male,None,No tow/articulation,Did not leave carriageway,0,Going ahead other,1,Motorcycle 125cc and under,No,Front,2021
201037G029114,B,1456,NA,0,Slight,None,04-10-2019,Saturday,1,Data missing or out of range,Not at junction or within 20 metres,18.64137265,Darkness - no lighting,616620,241340,73.85800369,E01029879,1,1,0,0,Dry,Single carriageway,None,60,21:09:00,Rural,Fine no high winds,No,21 - 25,10,Urban area,3,1998,None,None,Other/Not known (2005-10),Not at or within 20 metres of junction,RENAULT,,Petrol,Male,None,No tow/articulation,Nearside,0,Going ahead left-hand bend,1,Car,No,Front,2021
201054EA03610,B,3109,NA,0,Slight,None,23-01-2021,Tuesday,1,Not at junction or within 20 metres,Not at junction or within 20 metres,19.12163005,Darkness - no lighting,382160,156490,72.89455161,E01032083,2,3,0,0,Dry,Single carriageway,None,60,17:35:00,Rural,Fine no high winds,No,21 - 25,10,Small town,10,1299,None,Entered ditch,Commuting to/from work,Not at or within 20 metres of junction,PROTON,SATRIA LI,Petrol,Male,None,No tow/articulation,Offside,0,Slowing or stopping,1,Car,No,Front,2021
201050GW3N007,A,390,NA,0,Slight,None,29-10-2019,Friday,1,Not at junction or within 20 metres,Not at junction or within 20 metres,27.08753981,Darkness - no lighting,210580,60120,79.33344741,E01019035,1,1,0,0,Dry,Single carriageway,None,30,22:59:00,Rural,Fine no high winds,No,21 - 25,10,Rural,5,1360,None,None,Commuting to/from work,Not at or within 20 metres of junction,CITROEN,XSARA FORTE,Petrol,Male,Skidded,No tow/articulation,Did not leave carriageway,0,Going ahead other,1,Car,No,Front,2021
201037G029114,B,1456,NA,0,Slight,None,03-04-2010,Saturday,1,Data missing or out of range,Not at junction or within 20 metres,52.028102,Darkness - no lighting,616620,241340,1.156312,E01029879,1,1,0,0,Dry,Single carriageway,None,60,21:09:00,Rural,Fine no high winds,No,21 - 25,10,Urban area,3,1998,None,None,Other/Not known (2005-10),Not at or within 20 metres of junction,RENAULT,,Petrol,Male,None,No tow/articulation,Nearside,0,Going ahead left-hand bend,1,Car,No,Front,2010
201045GU56684,A,248,NA,0,Slight,None,11-12-2010,Saturday,1,Data missing or out of range,Not at junction or within 20 metres,51.210203,Darkness - no lighting,501300,146670,-0.551171,E01030480,1,1,0,0,Wet or damp,Single carriageway,None,40,01:50:00,Rural,Fine no high winds,No,21 - 25,10,Urban area,7,2498,None,Entered ditch,Other/Not known (2005-10),Not at or within 20 metres of junction,VAUXHALL,OMEGA GLS V6,Petrol,Male,None,No tow/articulation,Nearside,0,Going ahead left-hand bend,1,Car,No,Did not impact,2010
201050GW3N007,A,390,NA,0,Slight,None,24-09-2010,Friday,1,Not at junction or within 20 metres,Not at junction or within 20 metres,50.410272,Darkness - no lighting,210580,60120,-4.667343,E01019035,1,1,0,0,Dry,Single carriageway,None,30,22:59:00,Rural,Fine no high winds,No,21 - 25,10,Rural,5,1360,None,None,Commuting to/from work,Not at or within 20 metres of junction,CITROEN,XSARA FORTE,Petrol,Male,Skidded,No tow/articulation,Did not leave carriageway,0,Going ahead other,1,Car,No,Front,2010
201050JC3K005,A,382,NA,0,Slight,None,03-07-2010,Saturday,1,Not at junction or within 20 metres,Not at junction or within 20 metres,50.657318,Darkness - no lighting,276020,85660,-3.755396,E01020258,1,2,0,0,Dry,Single carriageway,None,50,23:40:00,Rural,Fine no high winds,No,21 - 25,10,Data missing or out of range,NA,125,None,None,Other/Not known (2005-10),Not at or within 20 metres of junction,PIAGGIO,,Petrol,Male,None,No tow/articulation,Did not leave carriageway,0,Going ahead other,1,Motorcycle 125cc and under,No,Front,2010
201050KE2C016,Unclassified,0,NA,0,Slight,None,15-08-2010,Sunday,1,Not at junction or within 20 metres,Not at junction or within 20 metres,50.622694,Darkness - no lighting,302940,81240,-3.373518,E01019914,2,1,0,0,Dry,Single carriageway,None,30,03:27:00,Urban,Fine no high winds,No,21 - 25,10,Urban area,8,1587,None,None,Other/Not known (2005-10),Not at or within 20 metres of junction,PEUGEOT,306 LX,Petrol,Male,Skidded and overturned,No tow/articulation,Did not leave carriageway,0,Going ahead other,1,Car,No,Did not impact,2010
201054EA03610,B,3109,NA,0,Slight,None,09-02-2010,Tuesday,1,Not at junction or within 20 metres,Not at junction or within 20 metres,51.307191,Darkness - no lighting,382160,156490,-2.257335,E01032083,2,3,0,0,Dry,Single carriageway,None,60,17:35:00,Rural,Fine no high winds,No,21 - 25,10,Small town,10,1299,None,Entered ditch,Commuting to/from work,Not at or within 20 metres of junction,PROTON,SATRIA LI,Petrol,Male,None,No tow/articulation,Offside,0,Slowing or stopping,1,Car,No,Front,2010
201054EM30010,A,345,Unclassified,0,Slight,None,10-09-2010,Friday,1,Give way or uncontrolled,Private drive or entrance,51.107846,Darkness - no lighting,414550,134310,-1.793561,E01032013,3,2,0,0,Dry,Single carriageway,None,60,22:28:00,Rural,Fine no high winds,No,21 - 25,10,Urban area,1,1587,None,None,Other/Not known (2005-10),Mid Junction - on roundabout or on main road,CITROEN,SAXO VTR,Petrol,Male,Skidded and overturned,No tow/articulation,Did not leave carriageway,0,Overtaking moving vehicle - offside,1,Car,No,Front,2010
201060L147172,B,4416,NA,0,Slight,None,09-08-2010,Monday,1,Data missing or out of range,Not at junction or within 20 metres,52.760786,Darkness - no lighting,277170,319690,-3.821739,W01000057,3,1,0,0,Dry,Single carriageway,None,60,22:59:00,Rural,Fine no high winds,No,21 - 25,10,Small town,NA,973,None,Tree,Other/Not known (2005-10),Not at or within 20 metres of junction,VAUXHALL,CORSA COMFORT 12V,Petrol,Male,Skidded,No tow/articulation,Nearside,0,Going ahead right-hand bend,1,Car,No,Front,2010
201060L215823,Unclassified,0,NA,0,Slight,None,20-11-2010,Saturday,1,Data missing or out of range,Not at junction or within 20 metres,53.091774,Darkness - no lighting,250690,357280,-4.23117,W01000088,1,1,0,0,Dry,Single carriageway,None,30,19:35:00,Rural,Fine no high winds,No,21 - 25,10,Small town,NA,998,None,None,Other/Not known (2005-10),Not at or within 20 metres of junction,NISSAN,MICRA S,Petrol,Male,None,No tow/articulation,Did not leave carriageway,0,Going ahead other,1,Car,No,Nearside,2010
201014K343610,Motorway,1,NA,0,Slight,None,15-12-2010,Wednesday,1,Not at junction or within 20 metres,Not at junction or within 20 metres,53.452348,Darkness - no lighting,436960,395210,-1.444906,E01008135,2,2,0,0,Dry,Dual carriageway,None,70,18:15:00,Rural,Fine no high winds,No,21 - 25,10,Urban area,1,1390,None,None,Other/Not known (2005-10),Not at or within 20 metres of junction,RENAULT,MEGANE RT SPORT ALIZE,Petrol,Male,None,No tow/articulation,Did not leave carriageway,0,Waiting to go - held up,2,Car,No,Back,2010
201022E000667,A,49,NA,0,Slight,None,05-02-2010,Friday,1,Data missing or out of range,Not at junction or within 20 metres,52.111548,Darkness - no lighting,350020,246170,-2.731277,E01014082,1,3,0,0,Dry,Single carriageway,None,60,23:23:00,Rural,Fine no high winds,No,21 - 25,10,Rural,4,1396,None,None,Other/Not known (2005-10),Not at or within 20 metres of junction,ROVER,214I E 16V,Petrol,Male,None,No tow/articulation,Nearside,0,Going ahead right-hand bend,1,Car,No,Front,2010
201050KA2G001,A,35,NA,0,Slight,None,12-02-2020,Friday,1,Not at junction or within 20 metres,Not at junction or within 20 metres,12.9987086,Darkness - no lighting,325320,99100,77.52476696,E01019935,1,1,0,0,Dry,Single carriageway,None,60,23:02:00,Rural,Fine no high winds,No,21 - 25,10,Urban area,3,1348,None,Tree,Other/Not known (2005-10),Not at or within 20 metres of junction,NISSAN,MICRA SE 16V,Petrol,Female,None,No tow/articulation,Nearside,0,Going ahead other,1,Car,No,Front,2020
201042I010101,A,1016,A,130,Slight,None,29-11-2020,Monday,2,Give way or uncontrolled,Roundabout,18.59682757,Darkness - no lighting,571950,209670,73.81062848,E01021616,1,2,0,0,Wet or damp,Roundabout,Roadworks,60,18:00:00,Urban,Fine no high winds,No,21 - 25,10,Small town,9,1360,None,None,Commuting to/from work,Approaching junction or waiting/parked at junction approach,PEUGEOT,306 LX,Petrol,Female,None,No tow/articulation,Did not leave carriageway,0,Waiting to turn left,2,Car,No,Back,2021
201037G028638,A,12,NA,0,Slight,None,08-03-2019,Friday,1,Data missing or out of range,Not at junction or within 20 metres,18.58063978,Darkness - no lighting,606790,236380,73.85700689,E01029883,2,2,0,0,Dry,Dual carriageway,Roadworks,70,20:10:00,Rural,Fine no high winds,No,21 - 25,10,Urban area,7,1400,Road works,None,Commuting to/from work,Not at or within 20 metres of junction,VOLKSWAGEN,GOLF E,Petrol,Female,None,No tow/articulation,Did not leave carriageway,0,Going ahead other,1,Car,No,Front,2021
201037G028638,A,12,NA,0,Slight,None,15-01-2010,Friday,1,Data missing or out of range,Not at junction or within 20 metres,51.987318,Darkness - no lighting,606790,236380,1.010244,E01029883,2,2,0,0,Dry,Dual carriageway,Roadworks,70,20:10:00,Rural,Fine no high winds,No,21 - 25,10,Urban area,7,1400,Road works,None,Commuting to/from work,Not at or within 20 metres of junction,VOLKSWAGEN,GOLF E,Petrol,Female,None,No tow/articulation,Did not leave carriageway,0,Going ahead other,1,Car,No,Front,2010
201042I010101,A,1016,A,130,Slight,None,18-01-2010,Monday,2,Give way or uncontrolled,Roundabout,51.759266,Darkness - no lighting,571950,209670,0.490116,E01021616,1,2,0,0,Wet or damp,Roundabout,Roadworks,60,18:00:00,Urban,Fine no high winds,No,21 - 25,10,Small town,9,1360,None,None,Commuting to/from work,Approaching junction or waiting/parked at junction approach,PEUGEOT,306 LX,Petrol,Female,None,No tow/articulation,Did not leave carriageway,0,Waiting to turn left,2,Car,No,Back,2010
201050KA2G001,A,35,NA,0,Slight,None,15-10-2010,Friday,1,Not at junction or within 20 metres,Not at junction or within 20 metres,50.786579,Darkness - no lighting,325320,99100,-3.060816,E01019935,1,1,0,0,Dry,Single carriageway,None,60,23:02:00,Rural,Fine no high winds,No,21 - 25,10,Urban area,3,1348,None,Tree,Other/Not known (2005-10),Not at or within 20 metres of junction,NISSAN,MICRA SE 16V,Petrol,Female,None,No tow/articulation,Nearside,0,Going ahead other,1,Car,No,Front,2010
201060L175209,B,4405,NA,0,Slight,None,19-09-2010,Sunday,1,Data missing or out of range,Not at junction or within 20 metres,52.610235,Darkness - no lighting,261660,303350,-4.044569,W01000058,2,1,0,0,Wet or damp,Single carriageway,None,60,02:00:00,Rural,Fine no high winds,No,21 - 25,10,Rural,NA,1396,None,Other permanent object,Other/Not known (2005-10),Not at or within 20 metres of junction,ROVER,25 IL 16V,Petrol,Female,None,No tow/articulation,Offside,0,Going ahead other,1,Car,No,Front,2010
201022F000307,A,495,Unclassified,0,Slight,None,15-01-2010,Friday,1,Give way or uncontrolled,T or staggered junction,52.889674,Darkness - no lighting,335720,332900,-2.956848,E01028872,1,2,0,0,Wet or damp,Single carriageway,None,60,17:15:00,Rural,Fog or mist,No,21 - 25,10,Rural,7,1242,None,None,Commuting to/from work,Approaching junction or waiting/parked at junction approach,FIAT,PUNTO 1.2,Petrol,Male,Skidded,No tow/articulation,Did not leave carriageway,0,Overtaking moving vehicle - offside,1,Car,No,Front,2010
201045TA53041,Motorway,25,NA,0,Slight,None,27-11-2020,Friday,1,Data missing or out of range,Not at junction or within 20 metres,18.54697204,Darkness - no lighting,537460,153320,73.84485699,E01030837,1,2,0,0,Wet or damp,Dual carriageway,None,70,20:04:00,Rural,Raining no high winds,No,21 - 25,10,Urban area,3,1998,None,None,Other/Not known (2005-10),Not at or within 20 metres of junction,FORD,MONDEO LX TDDI,Heavy oil,Male,None,No tow/articulation,Did not leave carriageway,0,Going ahead other,2,Car,No,Nearside,2021
201045TA53041,Motorway,25,NA,0,Slight,None,06-08-2010,Friday,1,Data missing or out of range,Not at junction or within 20 metres,51.262413,Darkness - no lighting,537460,153320,-0.031233,E01030837,1,2,0,0,Wet or damp,Dual carriageway,None,70,20:04:00,Rural,Raining no high winds,No,21 - 25,10,Urban area,3,1998,None,None,Other/Not known (2005-10),Not at or within 20 metres of junction,FORD,MONDEO LX TDDI,Heavy oil,Male,None,No tow/articulation,Did not leave carriageway,0,Going ahead other,2,Car,No,Nearside,2010
201037G030146,A,14,NA,0,Slight,None,26-02-2020,Friday,1,Data missing or out of range,Not at junction or within 20 metres,27.09663477,Darkness - no lighting,614920,240960,93.62442903,E01029879,1,2,0,0,Wet or damp,Dual carriageway,Roadworks,70,22:05:00,Rural,Raining no high winds,No,21 - 25,10,Small town,10,1299,None,None,Other/Not known (2005-10),Not at or within 20 metres of junction,FORD,KA,Petrol,Female,None,No tow/articulation,Did not leave carriageway,0,Going ahead other,1,Car,No,Front,2019
201037G030146,A,14,NA,0,Slight,None,01-10-2010,Friday,1,Data missing or out of range,Not at junction or within 20 metres,52.025351,Darkness - no lighting,614920,240960,1.131332,E01029879,1,2,0,0,Wet or damp,Dual carriageway,Roadworks,70,22:05:00,Rural,Raining no high winds,No,21 - 25,10,Small town,10,1299,None,None,Other/Not known (2005-10),Not at or within 20 metres of junction,FORD,KA,Petrol,Female,None,No tow/articulation,Did not leave carriageway,0,Going ahead other,1,Car,No,Front,2010
201011NF31000,A,182,NA,0,Slight,None,01-12-2010,Wednesday,1,Data missing or out of range,Not at junction or within 20 metres,54.793882,Darkness - no lighting,439170,544500,-1.392309,E01020755,3,3,0,0,Snow,Single carriageway,None,60,17:15:00,Rural,Snowing + high winds,No,21 - 25,10,Urban area,2,973,None,None,Other/Not known (2005-10),Not at or within 20 metres of junction,VAUXHALL,CORSA CLUB 12V,Petrol,Male,Skidded,No tow/articulation,Offside,0,Going ahead other,2,Car,No,Front,2010
201054ED46210,A,365,NA,0,Slight,None,14-04-2021,Wednesday,1,Not at junction or within 20 metres,Not at junction or within 20 metres,19.17189589,Darkness - no lighting,393150,162100,72.87543478,E01031876,2,2,0,0,Frost or ice,Single carriageway,None,60,20:01:00,Rural,Snowing no high winds,No,21 - 25,10,Rural,6,1794,None,Entered ditch,Other/Not known (2005-10),Not at or within 20 metres of junction,TOYOTA,CELICA VVTI,Petrol,Male,Skidded,No tow/articulation,Offside and rebounded,0,Overtaking moving vehicle - offside,1,Car,No,Front,2021
201054ED46210,A,365,NA,0,Slight,None,22-12-2010,Wednesday,1,Not at junction or within 20 metres,Not at junction or within 20 metres,51.357875,Darkness - no lighting,393150,162100,-2.099783,E01031876,2,2,0,0,Frost or ice,Single carriageway,None,60,20:01:00,Rural,Snowing no high winds,No,21 - 25,10,Rural,6,1794,None,Entered ditch,Other/Not known (2005-10),Not at or within 20 metres of junction,TOYOTA,CELICA VVTI,Petrol,Male,Skidded,No tow/articulation,Offside and rebounded,0,Overtaking moving vehicle - offside,1,Car,No,Front,2010
201054MA05510,Motorway,4,NA,0,Slight,None,15-09-2019,Friday,1,Not at junction or within 20 metres,Not at junction or within 20 metres,22.75064597,Darkness - no lighting,382770,179780,75.8468634,E01031950,1,4,0,0,Frost or ice,Dual carriageway,None,70,21:47:00,Rural,Snowing no high winds,No,21 - 25,10,Urban area,8,998,None,Central crash barrier,Other/Not known (2005-10),Not at or within 20 metres of junction,TOYOTA,YARIS GS,Petrol,Female,Skidded,No tow/articulation,Offside on to centrl res + rebounded,0,Going ahead other,1,Car,No,Front,2020
201054MA05510,Motorway,4,NA,0,Slight,None,03-12-2010,Friday,1,Not at junction or within 20 metres,Not at junction or within 20 metres,51.516626,Darkness - no lighting,382770,179780,-2.249723,E01031950,1,4,0,0,Frost or ice,Dual carriageway,None,70,21:47:00,Rural,Snowing no high winds,No,21 - 25,10,Urban area,8,998,None,Central crash barrier,Other/Not known (2005-10),Not at or within 20 metres of junction,TOYOTA,YARIS GS,Petrol,Female,Skidded,No tow/articulation,Offside on to centrl res + rebounded,0,Going ahead other,1,Car,No,Front,2010
201050EP2A014,Unclassified,0,NA,0,Slight,None,19-04-2021,Thursday,2,Not at junction or within 20 metres,Not at junction or within 20 metres,28.63040802,Daylight,253580,56860,77.34325756,E01015120,1,2,0,0,Wet or damp,Single carriageway,None,40,16:41:00,Urban,Fine + high winds,No,21 - 25,10,Urban area,2,3000,None,None,Other/Not known (2005-10),Not at or within 20 metres of junction,BMW,330 D SE AUTO,Heavy oil,Male,None,No tow/articulation,Did not leave carriageway,0,Going ahead other,2,Car,No,Offside,2020
201050EP2A014,Unclassified,0,NA,0,Slight,None,04-11-2010,Thursday,2,Not at junction or within 20 metres,Not at junction or within 20 metres,50.393271,Daylight,253580,56860,-4.061351,E01015120,1,2,0,0,Wet or damp,Single carriageway,None,40,16:41:00,Urban,Fine + high winds,No,21 - 25,10,Urban area,2,3000,None,None,Other/Not known (2005-10),Not at or within 20 metres of junction,BMW,330 D SE AUTO,Heavy oil,Male,None,No tow/articulation,Did not leave carriageway,0,Going ahead other,2,Car,No,Offside,2010
201022C004976,B,4035,Unclassified,0,Slight,None,28-09-2010,Tuesday,2,Give way or uncontrolled,T or staggered junction,52.091026,Daylight,406980,243640,-1.899547,E01032340,1,2,0,0,Dry,Unknown,None,30,16:15:00,Rural,Fine + high winds,No,21 - 25,10,Small town,6,1400,None,None,Taking pupil to/from school,Mid Junction - on roundabout or on main road,VOLKSWAGEN,GOLF E,Petrol,Female,None,No tow/articulation,Did not leave carriageway,0,Waiting to turn right,1,Car,No,Back,2010