Accident_Index,1st_Road_Class,1st_Road_Number,2nd_Road_Class,2nd_Road_Number,Accident_Severity,Carriageway_Hazards,Date,Day_of_Week,Did_Police_Officer_Attend_Scene_of_Accident,Junction_Control,Junction_Detail,Latitude,Light_Conditions,Location_Easting_OSGR,Location_Northing_OSGR,Longitude,LSOA_of_Accident_Location,Number_of_Casualties,Number_of_Vehicles,Pedestrian_Crossing-Human_Control,Pedestrian_Crossing-Physical_Facilities,Road_Surface_Conditions,Road_Type,Special_Conditions_at_Site,Speed_limit,Time,Urban_or_Rural_Area,Weather_Conditions,InScotland,Age_Band_of_Driver,Age_of_Vehicle,Driver_Home_Area_Type,Driver_IMD_Decile,Engine_Capacity_.CC.,Hit_Object_in_Carriageway,Hit_Object_off_Carriageway,Journey_Purpose_of_Driver,Junction_Location,make,model,Propulsion_Code,Sex_of_Driver,Skidding_and_Overturning,Towing_and_Articulation,Vehicle_Leaving_Carriageway,Vehicle_Location.Restricted_Lane,Vehicle_Manoeuvre,Vehicle_Reference,Vehicle_Type,Was_Vehicle_Left_Hand_Drive,X1st_Point_of_Impact,Year
201045RU49865,A,30,Unclassified,0,Slight,None,20-10-2020,Monday,1,Give way or uncontrolled,Roundabout,18.6283844,Daylight,500590,171310,73.78308287,E01030672,1,2,0,0,Dry,Roundabout,None,40,14:25:00,Urban,Fine no high winds,No,21 - 25,10,Urban area,9,799,None,None,Other/Not known (2005-10),Entering roundabout,MCC,,Heavy oil,Male,None,No tow/articulation,Did not leave carriageway,0,Going ahead other,2,Car,No,Back,2021
201042I198106,Unclassified,0,NA,,Slight,None,01-03-2020,Saturday,1,Give way or uncontrolled,Private drive or entrance,19.16549814,Daylight,545430,210670,72.92617224,E01021853,2,2,0,0,Dry,One way street,None,40,16:58:00,Urban,Fine no high winds,No,21 - 25,10,Urban area,7,1589,None,None,Commuting to/from work,Approaching junction or waiting/parked at junction approach,ROVER,216I E 16V AUTO,Petrol,Male,Skidded,No tow/articulation,Did not leave carriageway,0,Going ahead other,1,Car,No,Front,2021
2010550C51742,A,35,Unclassified,0,Slight,None,09-12-2020,Tuesday,1,Give way or uncontrolled,T or staggered junction,19.19612758,Daylight,412380,92330,72.85710002,E01015273,1,1,0,4,Dry,Single carriageway,None,30,08:15:00,Urban,Fine no high winds,No,21 - 25,10,Urban area,7,1498,None,None,Commuting to/from work,Approaching junction or waiting/parked at junction approach,MAZDA,DEMIO GSI A,Petrol,Male,None,No tow/articulation,Did not leave carriageway,0,Going ahead other,1,Car,No,Nearside,2021
201037G030059,A,12,NA,0,Slight,None,07-05-2021,Saturday,1,Data missing or out of range,Not at junction or within 20 metres,21.62546272,Daylight,612450,241690,78.11657979,E01029879,3,2,0,0,Dry,Dual carriageway,None,70,12:05:00,Rural,Fine no high winds,No,21 - 25,10,Urban area,2,1299,None,None,Other/Not known (2005-10),Not at or within 20 metres of junction,FORD,KA,Petrol,Male,Skidded,No tow/articulation,Did not leave carriageway,0,Going ahead other,1,Car,No,Front,2021
201045SU52896,A,30,A,30,Slight,None,03-06-2021,Thursday,1,Give way or uncontrolled,Roundabout,27.09375652,Daylight,485540,159990,93.6135789,E01030793,2,2,0,5,Dry,Roundabout,None,30,11:53:00,Rural,Fine no high winds,No,21 - 25,10,Urban area,10,1895,None,None,Commuting to/from work,Mid Junction - on roundabout or on main road,BMW,,Petrol,Male,None,No tow/articulation,Did not leave carriageway,0,Moving off,1,Car,No,Back,2019
201042I065302,A,12,NA,0,Slight,None,31-10-2021,Thursday,1,Not at junction or within 20 metres,Not at junction or within 20 metres,27.10233755,Daylight,592420,224190,93.60995612,E01021654,1,2,0,0,Dry,Dual carriageway,None,70,13:25:00,Rural,Fine no high winds,No,21 - 25,10,Data missing or out of range,NA,1124,None,Central crash barrier,Other/Not known (2005-10),Not at or within 20 metres of junction,CITROEN,SAXO FORTE,Petrol,Male,None,No tow/articulation,Offside on to centrl res + rebounded,0,Going ahead other,2,Car,No,Nearside,2019
2010550C15743,A,338,NA,0,Slight,None,05-06-2021,Tuesday,1,Not at junction or within 20 metres,Not at junction or within 20 metres,27.09966798,Daylight,408050,91490,93.63181296,E01015284,1,2,0,0,Dry,Dual carriageway,None,40,19:19:00,Urban,Fine no high winds,No,21 - 25,10,Urban area,3,1242,None,None,Other/Not known (2005-10),Not at or within 20 metres of junction,FORD,FIESTA GHIA 16V,Petrol,Male,None,No tow/articulation,Did not leave carriageway,0,Changing lane to right,1,Car,No,Back,2019
201054DW38110,B,4553,NA,0,Slight,None,20-06-2019,Sunday,1,Not at junction or within 20 metres,Not at junction or within 20 metres,26.72488653,Daylight,412900,184040,94.20933213,E01015568,3,2,0,0,Wet or damp,Single carriageway,None,40,12:02:00,Urban,Fine no high winds,No,21 - 25,10,Urban area,5,2494,None,None,Other/Not known (2005-10),Not at or within 20 metres of junction,BMW,323 CI SE,Petrol,Male,Skidded,No tow/articulation,Did not leave carriageway,0,Overtaking moving vehicle - offside,1,Car,No,Nearside,2019
201043W191100,A,321,Unclassified,7512,Slight,None,12-02-2021,Thursday,1,Give way or uncontrolled,T or staggered junction,26.75681599,Daylight,479100,175890,94.2078342,E01016692,2,5,0,0,Dry,Single carriageway,None,30,08:02:00,Rural,Fine no high winds,No,21 - 25,10,Rural,9,1900,None,None,Journey as part of work,Mid Junction - on roundabout or on main road,VOLKSWAGEN,POLO E SDI,Heavy oil,Male,None,No tow/articulation,Did not leave carriageway,0,Turning right,1,Car,No,Front,2019
201001EO40446,A,1,Unclassified,0,Slight,None,18-08-2010,Wednesday,1,Give way or uncontrolled,T or staggered junction,51.558855,Daylight,530350,186120,-0.12103,E01002731,1,2,0,5,Dry,Dual carriageway,None,30,13:10:00,Urban,Fine no high winds,No,21 - 25,10,Urban area,2,599,None,None,Other/Not known (2005-10),Mid Junction - on roundabout or on main road,TRIUMPH,TT 600,Petrol,Male,None,No tow/articulation,Did not leave carriageway,0,Going ahead other,1,Motorcycle over 500cc,No,Front,2010
201001HT20467,A,13,Unclassified,0,Slight,None,01-07-2010,Thursday,1,Give way or uncontrolled,T or staggered junction,51.514602,Daylight,534730,181310,-0.059724,E01004304,1,2,0,0,Dry,Single carriageway,None,30,18:00:00,Urban,Fine no high winds,No,21 - 25,10,Urban area,4,1388,None,None,Other/Not known (2005-10),Approaching junction or waiting/parked at junction approach,FORD,PUMA 1.4 16V,Petrol,Male,None,No tow/articulation,Did not leave carriageway,0,Going ahead other,2,Car,No,Front,2010
201001KD50012,A,13,NA,0,Slight,Other object on road,03-01-2010,Sunday,1,Data missing or out of range,Not at junction or within 20 metres,51.500343,Daylight,554310,180280,0.221792,E01002344,2,1,0,0,Dry,Dual carriageway,None,70,14:50:00,Rural,Fine no high winds,No,21 - 25,10,Urban area,6,1794,None,Central crash barrier,Other/Not known (2005-10),Not at or within 20 metres of junction,TOYOTA,MR2 ROADSTER VVTI,Petrol,Male,Skidded,No tow/articulation,Offside on to central reservation,0,Changing lane to right,1,Car,No,Front,2010
201001KF60058,A,117,A,13,Slight,None,26-01-2010,Tuesday,2,Auto traffic signal,Slip road,51.520047,Daylight,542930,182140,0.058708,E01003482,1,2,0,0,Dry,Dual carriageway,None,40,08:50:00,Urban,Fine no high winds,No,21 - 25,10,Urban area,2,1679,None,None,Other/Not known (2005-10),Cleared junction or waiting/parked at junction exit,FORD,PUMA 1.7 16V,Petrol,Male,None,No tow/articulation,Did not leave carriageway,0,Turning left,1,Car,No,Back,2010
201001KF60431,A,11,Unclassified,0,Slight,None,16-06-2010,Wednesday,1,Give way or uncontrolled,T or staggered junction,51.539765,Daylight,538810,184220,0.000183,E01003619,1,3,0,0,Dry,Single carriageway,None,30,14:23:00,Urban,Fine no high winds,No,21 - 25,10,Urban area,5,1794,None,None,Other/Not known (2005-10),Mid Junction - on roundabout or on main road,TOYOTA,CELICA VVTI,Petrol,Male,None,No tow/articulation,Did not leave carriageway,0,Slowing or stopping,3,Car,No,Back,2010
201001KF60821,A,406,Unclassified,0,Slight,None,20-12-2010,Monday,1,Give way or uncontrolled,Roundabout,51.508684,Daylight,543800,180900,0.070733,E01003482,4,3,0,0,Frost or ice,Single carriageway,None,30,13:11:00,Urban,Fine no high winds,No,21 - 25,10,Urban area,3,1396,None,None,Other/Not known (2005-10),Approaching junction or waiting/parked at junction approach,HONDA,CIVIC SPORT,Petrol,Male,Skidded,No tow/articulation,Did not leave carriageway,0,Going ahead other,3,Car,No,Front,2010
201001KG70154,A,12,NA,0,Slight,None,05-05-2010,Wednesday,2,Data missing or out of range,Not at junction or within 20 metres,51.580945,Daylight,548250,189070,0.138249,E01000030,1,2,0,0,Dry,Dual carriageway,None,50,12:30:00,Urban,Fine no high winds,No,21 - 25,10,Urban area,1,1242,None,None,Other/Not known (2005-10),Not at or within 20 metres of junction,FIAT,PUNTO ELX 8V,Petrol,Male,None,No tow/articulation,Did not leave carriageway,0,Slowing or stopping,1,Car,No,Back,2010
201001LX50108,Unclassified,0,Unclassified,0,Slight,None,12-02-2010,Friday,1,Give way or uncontrolled,T or staggered junction,51.497673,Daylight,531050,179330,-0.113463,E01003014,1,2,0,0,Wet or damp,Single carriageway,None,30,14:15:00,Urban,Fine no high winds,No,21 - 25,10,Urban area,3,1398,None,None,Other/Not known (2005-10),Mid Junction - on roundabout or on main road,TOYOTA,COROLLA VIDA VVTI,Petrol,Male,None,No tow/articulation,Did not leave carriageway,0,Turning right,2,Car,No,Offside,2010
201001LX50825,Unclassified,0,NA,0,Slight,None,09-09-2010,Thursday,1,Data missing or out of range,Not at junction or within 20 metres,51.448746,Daylight,530050,173860,-0.129872,E01003162,1,2,0,0,Dry,Single carriageway,None,30,18:30:00,Urban,Fine no high winds,No,21 - 25,10,Urban area,3,796,None,None,Other/Not known (2005-10),Not at or within 20 metres of junction,DAEWOO,MATIZ SE,Petrol,Male,None,No tow/articulation,Did not leave carriageway,0,Going ahead left-hand bend,2,Car,No,Nearside,2010
201001LX50856,A,3,NA,0,Slight,None,22-09-2010,Wednesday,1,Data missing or out of range,Not at junction or within 20 metres,51.461082,Daylight,529160,175210,-0.14218,E01003032,2,2,0,0,Dry,Single carriageway,None,30,13:41:00,Urban,Fine no high winds,No,21 - 25,10,Data missing or out of range,NA,599,None,None,Other/Not known (2005-10),Not at or within 20 metres of junction,KAWASAKI,ZX600-E7,Petrol,Male,None,No tow/articulation,Did not leave carriageway,0,Slowing or stopping,1,Motorcycle over 500cc,No,Offside,2010
201001PL60350,A,205,Unclassified,0,Slight,None,30-05-2010,Sunday,1,Give way or uncontrolled,Crossroads,51.444999,Daylight,539020,173680,-0.000939,E01003220,1,2,0,0,Dry,Single carriageway,None,30,14:30:00,Urban,Fine no high winds,No,21 - 25,10,Urban area,3,600,None,None,Other/Not known (2005-10),Approaching junction or waiting/parked at junction approach,SUZUKI,GSXR600 Y,Petrol,Male,None,No tow/articulation,Did not leave carriageway,0,Going ahead other,1,Motorcycle over 500cc,No,Front,2010
201001PL60603,A,20,A,20,Slight,None,20-09-2010,Monday,1,Give way or uncontrolled,T or staggered junction,51.465538,Daylight,537710,175930,-0.018902,E01003278,1,2,0,0,Dry,Single carriageway,None,30,16:20:00,Urban,Fine no high winds,No,21 - 25,10,Urban area,6,600,None,None,Commuting to/from work,Mid Junction - on roundabout or on main road,SUZUKI,GSXR600 Y,Petrol,Male,None,No tow/articulation,Did not leave carriageway,0,Going ahead other,2,Motorcycle over 500cc,No,Front,2010
201001PY20247,A,21,NA,0,Slight,None,07-05-2010,Friday,1,Data missing or out of range,Not at junction or within 20 metres,51.407635,Daylight,540400,169560,0.017274,E01000675,2,2,0,0,Dry,Single carriageway,None,30,06:20:00,Urban,Fine no high winds,No,21 - 25,10,Urban area,9,1997,None,None,Other/Not known (2005-10),Not at or within 20 metres of junction,MITSUBISHI,GALANT GLS AUTO,Petrol,Male,None,No tow/articulation,Did not leave carriageway,0,U-turn,1,Car,No,Nearside,2010
201001PY20284,A,214,NA,0,Slight,None,23-05-2010,Sunday,1,Data missing or out of range,Not at junction or within 20 metres,51.41304,Daylight,534410,170000,-0.06863,E01000740,1,2,0,0,Dry,Single carriageway,None,30,13:13:00,Urban,Fine no high winds,No,21 - 25,10,Urban area,3,1298,None,None,Other/Not known (2005-10),Not at or within 20 metres of junction,SUZUKI,SWIFT SKY,Petrol,Male,None,No tow/articulation,Did not leave carriageway,0,Turning right,1,Car,No,Nearside,2010
201001PY20495,Unclassified,0,NA,0,Slight,None,17-08-2010,Tuesday,1,Data missing or out of range,Not at junction or within 20 metres,51.405271,Daylight,539420,169270,0.003079,E01000677,1,1,0,0,Dry,Single carriageway,None,30,17:15:00,Urban,Fine no high winds,No,21 - 25,10,Urban area,4,998,Kerb,Lamp post,Commuting to/from work,Not at or within 20 metres of junction,YAMAHA,,Petrol,Male,Skidded,No tow/articulation,Nearside,9,Going ahead other,1,Motorcycle over 500cc,No,Front,2010
201001RY10419,Unclassified,0,Unclassified,0,Slight,None,11-10-2010,Monday,1,Give way or uncontrolled,T or staggered junction,51.464753,Daylight,551350,176230,0.177445,E01000435,1,2,0,0,Dry,Single carriageway,None,30,09:00:00,Urban,Fine no high winds,No,21 - 25,10,Urban area,3,973,None,None,Commuting to/from work,Mid Junction - on roundabout or on main road,VAUXHALL,CORSA COMFORT 12V,Petrol,Male,None,No tow/articulation,Did not leave carriageway,0,Turning right,2,Car,No,Front,2010
201001SX20528,B,1453,B,1453,Slight,None,15-05-2010,Saturday,1,Give way or uncontrolled,Mini-roundabout,51.630714,Daylight,528150,194060,-0.149851,E01000118,2,1,0,0,Dry,Single carriageway,None,30,16:50:00,Urban,Fine no high winds,No,21 - 25,10,Urban area,5,2494,None,None,Other/Not known (2005-10),Cleared junction or waiting/parked at junction exit,BMW,323 CI,Petrol,Male,Skidded,No tow/articulation,Did not leave carriageway,0,Turning right,1,Car,No,Front,2010
201034WN33270,A,5095,Unclassified,8026,Slight,None,17-08-2010,Tuesday,1,Give way or uncontrolled,T or staggered junction,52.248789,Daylight,476970,261780,-0.873978,E01027136,1,1,0,4,Wet or damp,Single carriageway,None,30,18:45:00,Urban,Fine no high winds,No,21 - 25,10,Urban area,10,1400,None,None,Other/Not known (2005-10),Cleared junction or waiting/parked at junction exit,VOLKSWAGEN,POLO S,Petrol,Male,None,No tow/articulation,Did not leave carriageway,0,Going ahead other,1,Car,No,Offside,2010
201036T100173,A,1101,C,15,Slight,None,28-11-2010,Sunday,1,Give way or uncontrolled,Crossroads,52.63495,Daylight,548370,306390,0.191064,E01026661,1,2,0,0,Wet or damp,Single carriageway,None,60,10:40:00,Rural,Fine no high winds,No,21 - 25,10,Urban area,5,1587,None,None,Other/Not known (2005-10),Entering main road,CITROEN,SAXO VTR,Petrol,Male,None,No tow/articulation,Did not leave carriageway,0,Going ahead other,1,Car,No,Front,2010
201037B044759,C,765,Unclassified,0,Slight,None,17-04-2010,Saturday,2,Stop sign,Private drive or entrance,52.25174,Daylight,586910,265040,0.736817,E01030102,1,2,0,0,Dry,Single carriageway,None,30,18:20:00,Urban,Fine no high winds,No,21 - 25,10,Rural,8,1753,None,None,Other/Not known (2005-10),Mid Junction - on roundabout or on main road,FORD,FIESTA ENCORE DIESEL,Heavy oil,Male,None,No tow/articulation,Did not leave carriageway,0,Going ahead other,2,Car,No,Nearside,2010
201037B046275,Unclassified,520,Unclassified,516,Slight,None,29-09-2010,Wednesday,1,Give way or uncontrolled,T or staggered junction,52.249334,Daylight,585260,264710,0.712493,E01030136,3,2,0,0,Dry,One way street,None,30,16:15:00,Urban,Fine no high winds,No,21 - 25,10,Small town,7,1895,None,None,Other/Not known (2005-10),Mid Junction - on roundabout or on main road,BMW,318 CI,Petrol,Male,None,No tow/articulation,Did not leave carriageway,0,Turning right,1,Car,No,Offside,2010
201037G030059,A,12,NA,0,Slight,None,18-09-2010,Saturday,1,Data missing or out of range,Not at junction or within 20 metres,52.032856,Daylight,612450,241690,1.095838,E01029879,3,2,0,0,Dry,Dual carriageway,None,70,12:05:00,Rural,Fine no high winds,No,21 - 25,10,Urban area,2,1299,None,None,Other/Not known (2005-10),Not at or within 20 metres of junction,FORD,KA,Petrol,Male,Skidded,No tow/articulation,Did not leave carriageway,0,Going ahead other,1,Car,No,Front,2010
201037L018037,B,1062,Unclassified,0,Slight,None,25-04-2010,Sunday,1,Give way or uncontrolled,Private drive or entrance,52.454898,Daylight,638510,289900,1.509044,E01030286,2,3,0,0,Dry,Single carriageway,None,60,11:40:00,Rural,Fine no high winds,No,21 - 25,10,Small town,5,1794,None,None,Other/Not known (2005-10),Approaching junction or waiting/parked at junction approach,TOYOTA,CELICA VVTI,Petrol,Male,None,No tow/articulation,Did not leave carriageway,0,Going ahead other,3,Car,No,Did not impact,2010
2010400C02054,Unclassified,0,A,505,Slight,None,12-07-2010,Monday,1,Auto traffic signal,Crossroads,51.879716,Daylight,508740,221310,-0.421653,E01015794,1,2,0,4,Dry,One way street,None,30,14:20:00,Urban,Fine no high winds,No,21 - 25,10,Urban area,3,998,None,None,Other/Not known (2005-10),Cleared junction or waiting/parked at junction exit,NISSAN,MICRA S,Petrol,Male,None,No tow/articulation,Did not leave carriageway,0,Turning left,2,Car,No,Offside,2010
2010400C03089,Unclassified,0,Unclassified,0,Slight,None,21-10-2010,Thursday,1,Give way or uncontrolled,T or staggered junction,51.903274,Daylight,510970,223980,-0.388411,E01015798,3,2,0,8,Dry,Single carriageway,None,30,08:17:00,Urban,Fine no high winds,No,21 - 25,10,Urban area,7,1199,None,None,Commuting to/from work,Approaching junction or waiting/parked at junction approach,VAUXHALL,CORSA CLUB 16V,Petrol,Male,None,No tow/articulation,Did not leave carriageway,0,Going ahead other,2,Car,No,Front,2010
2010400D03012,A,505,C,228,Slight,None,17-10-2010,Sunday,1,Give way or uncontrolled,T or staggered junction,51.895679,Daylight,497250,222850,-0.588087,E01017588,1,2,0,0,Dry,Single carriageway,None,50,12:25:00,Rural,Fine no high winds,No,21 - 25,10,Urban area,9,1796,None,None,Other/Not known (2005-10),Approaching junction or waiting/parked at junction approach,FORD,MONDEO VERONA,Petrol,Male,None,No tow/articulation,Did not leave carriageway,0,Going ahead other,1,Car,No,Front,2010
20104100C0863,A,41,NA,0,Slight,None,14-09-2010,Tuesday,1,Not at junction or within 20 metres,Not at junction or within 20 metres,51.681212,Daylight,511310,199280,-0.39139,E01023875,5,2,0,0,Dry,Single carriageway,None,50,07:20:00,Urban,Fine no high winds,No,21 - 25,10,Urban area,5,1896,None,None,Commuting to/from work,Not at or within 20 metres of junction,VOLKSWAGEN,BORA S TDI,Heavy oil,Male,None,No tow/articulation,Did not leave carriageway,0,Going ahead other,1,Car,No,Front,2010
20104100E0427,Unclassified,296,Unclassified,246,Slight,None,22-09-2010,Wednesday,1,Give way or uncontrolled,T or staggered junction,51.898427,Daylight,525760,223790,-0.173611,E01023792,1,2,0,0,Dry,Single carriageway,None,30,16:40:00,Urban,Fine no high winds,No,21 - 25,10,Rural,7,1124,None,None,Other/Not known (2005-10),Approaching junction or waiting/parked at junction approach,CITROEN,SAXO FORTE,Petrol,Male,None,No tow/articulation,Did not leave carriageway,0,Going ahead other,2,Car,No,Front,2010
201042I065302,A,12,NA,0,Slight,None,25-02-2010,Thursday,1,Not at junction or within 20 metres,Not at junction or within 20 metres,51.883009,Daylight,592420,224190,0.794426,E01021654,1,2,0,0,Dry,Dual carriageway,None,70,13:25:00,Rural,Fine no high winds,No,21 - 25,10,Data missing or out of range,NA,1124,None,Central crash barrier,Other/Not known (2005-10),Not at or within 20 metres of junction,CITROEN,SAXO FORTE,Petrol,Male,None,No tow/articulation,Offside on to centrl res + rebounded,0,Going ahead other,2,Car,No,Nearside,2010
201042I088403,A,1114,NA,0,Slight,None,22-03-2010,Monday,1,Not at junction or within 20 metres,Not at junction or within 20 metres,51.724592,Daylight,572830,205840,0.500953,E01021560,1,2,0,0,Dry,Dual carriageway,None,70,07:15:00,Rural,Fine no high winds,No,21 - 25,10,Urban area,8,1679,None,Entered ditch,Commuting to/from work,Not at or within 20 metres of junction,FORD,PUMA BLACK,Petrol,Male,None,No tow/articulation,Nearside,0,Overtaking - nearside,1,Car,No,Offside,2010
201042I156005,Unclassified,0,Unclassified,0,Slight,None,21-05-2010,Friday,1,Give way or uncontrolled,T or staggered junction,51.787262,Daylight,617250,214540,1.148595,E01022037,1,1,0,0,Dry,Single carriageway,None,30,15:00:00,Urban,Fine no high winds,No,21 - 25,10,Urban area,1,1595,None,None,Other/Not known (2005-10),Approaching junction or waiting/parked at junction approach,VOLKSWAGEN,BORA SE,Petrol,Male,None,No tow/articulation,Did not leave carriageway,0,Going ahead other,1,Car,No,Nearside,2010
201042I189206,A,129,Unclassified,0,Slight,None,15-06-2010,Tuesday,2,Give way or uncontrolled,Roundabout,51.631401,Daylight,562400,195120,0.345098,E01021447,2,2,0,0,Dry,Roundabout,None,30,17:15:00,Urban,Fine no high winds,No,21 - 25,10,Urban area,2,1497,None,None,Other/Not known (2005-10),Entering roundabout,NISSAN,ALMERA S,Petrol,Male,None,No tow/articulation,Did not leave carriageway,0,Slowing or stopping,1,Car,No,Front,2010
201042I198106,Unclassified,0,NA,,Slight,None,26-06-2010,Saturday,1,Give way or uncontrolled,Private drive or entrance,51.775762,Daylight,545430,210670,0.106569,E01021853,2,2,0,0,Dry,One way street,None,40,16:58:00,Urban,Fine no high winds,No,21 - 25,10,Urban area,7,1589,None,None,Commuting to/from work,Approaching junction or waiting/parked at junction approach,ROVER,216I E 16V AUTO,Petrol,Male,Skidded,No tow/articulation,Did not leave carriageway,0,Going ahead other,1,Car,No,Front,2010
201043N046040,A,404,A,404,Slight,None,09-04-2010,Friday,2,Auto traffic signal,Roundabout,51.611492,Daylight,485410,191020,-0.767923,E01017866,2,2,0,0,Dry,Roundabout,None,70,17:30:00,Rural,Fine no high winds,No,21 - 25,10,Data missing or out of range,NA,1124,None,None,Other/Not known (2005-10),Approaching junction or waiting/parked at junction approach,CITROEN,SAXO FORTE,Petrol,Male,None,No tow/articulation,Did not leave carriageway,0,Slowing or stopping,1,Car,No,Front,2010
201043N071040,Motorway,40,NA,0,Slight,None,05-04-2010,Monday,1,Data missing or out of range,Not at junction or within 20 metres,51.560582,Daylight,502840,185680,-0.517846,E01017812,4,4,0,0,Dry,Dual carriageway,None,70,18:00:00,Rural,Fine no high winds,No,21 - 25,10,Urban area,6,2979,None,None,Other/Not known (2005-10),Not at or within 20 metres of junction,BMW,330 CI SE AUTO,Petrol,Male,None,No tow/articulation,Did not leave carriageway,0,Going ahead other,4,Car,No,Back,2010
201043N145090,Motorway,40,NA,0,Slight,None,16-09-2010,Thursday,1,Data missing or out of range,Not at junction or within 20 metres,51.601328,Daylight,491190,189990,-0.684739,E01017934,1,2,0,0,Dry,Dual carriageway,Roadworks,70,17:53:00,Urban,Fine no high winds,No,21 - 25,10,Urban area,5,1396,None,None,Other/Not known (2005-10),Not at or within 20 metres of junction,HONDA,CIVIC TROPICA AUTO,Petrol,Male,None,No tow/articulation,Did not leave carriageway,0,Going ahead other,1,Car,No,Front,2010
201043P232010,B,4022,Unclassified,0,Slight,None,23-01-2010,Saturday,1,Give way or uncontrolled,T or staggered junction,51.815216,Daylight,434990,213080,-1.493826,E01028792,2,3,0,0,Wet or damp,Single carriageway,None,30,11:02:00,Rural,Fine no high winds,No,21 - 25,10,Rural,9,1396,None,None,Other/Not known (2005-10),Approaching junction or waiting/parked at junction approach,ROVER,25 IL 16V,Petrol,Male,Skidded,No tow/articulation,Did not leave carriageway,0,Going ahead other,2,Car,No,Front,2010
201043P285040,B,4044,Unclassified,0,Slight,None,18-04-2010,Sunday,1,Give way or uncontrolled,T or staggered junction,51.753606,Daylight,446460,206320,-1.328347,E01028708,2,2,0,0,Dry,Single carriageway,None,50,13:55:00,Rural,Fine no high winds,No,21 - 25,10,Urban area,10,1997,None,None,Other/Not known (2005-10),Approaching junction or waiting/parked at junction approach,PEUGEOT,306 D TURBO HDI,Heavy oil,Male,None,No tow/articulation,Did not leave carriageway,0,Going ahead other,1,Car,No,Front,2010
201043R033040,B,376,Unclassified,7302,Slight,None,09-04-2010,Friday,1,Give way or uncontrolled,Roundabout,51.502734,Daylight,498070,179150,-0.588451,E01016514,1,2,0,8,Dry,Single carriageway,None,30,13:07:00,Rural,Fine no high winds,No,21 - 25,10,Urban area,3,1796,None,None,Other/Not known (2005-10),Approaching junction or waiting/parked at junction approach,FORD,MONDEO VERONA,Petrol,Male,None,No tow/articulation,Did not leave carriageway,0,Slowing or stopping,2,Car,No,Back,2010
201043R159030,B,3018,Unclassified,7002,Slight,None,16-03-2010,Tuesday,1,Give way or uncontrolled,T or staggered junction,51.424042,Daylight,486120,170180,-0.762759,E01016239,1,2,0,0,Dry,Single carriageway,None,30,07:00:00,Urban,Fine no high winds,No,21 - 25,10,Urban area,8,1598,None,None,Journey as part of work,Leaving main road,RENAULT,LAGUNA ALIZE,Petrol,Male,None,No tow/articulation,Did not leave carriageway,0,Turning right,1,Car,No,Offside,2010
201043R187050,Unclassified,7404,NA,0,Slight,None,18-05-2010,Tuesday,2,Data missing or out of range,Not at junction or within 20 metres,51.486036,Daylight,499490,177320,-0.568515,E01016564,1,2,0,0,Dry,Single carriageway,None,30,17:00:00,Rural,Fine no high winds,No,21 - 25,10,Small town,6,1988,None,None,Other/Not known (2005-10),Not at or within 20 metres of junction,FORD,MONDEO LX AUTO,Petrol,Male,None,No tow/articulation,Did not leave carriageway,0,Going ahead right-hand bend,1,Car,No,Front,2010
201043R188030,Motorway,4,NA,0,Slight,None,26-03-2010,Friday,1,Data missing or out of range,Not at junction or within 20 metres,51.505253,Daylight,495430,179380,-0.626413,E01016477,1,1,0,0,Dry,Dual carriageway,None,70,09:02:00,Rural,Fine no high winds,No,21 - 25,10,Urban area,6,1781,None,Near/Offside crash barrier,Other/Not known (2005-10),Not at or within 20 metres of junction,AUDI,A4 1.8T QUATTRO SPORT,Petrol,Male,None,No tow/articulation,Nearside,0,Going ahead other,1,Car,No,Front,2010
201043S096060,C,140,C,24,Slight,None,25-06-2010,Friday,1,Give way or uncontrolled,Mini-roundabout,52.061611,Daylight,480340,241010,-0.829532,E01016840,2,2,0,0,Dry,Roundabout,None,40,18:00:00,Rural,Fine no high winds,No,21 - 25,10,Urban area,4,1149,None,None,Other/Not known (2005-10),Entering roundabout,RENAULT,CLIO LIBERTE,Petrol,Male,None,No tow/articulation,Did not leave carriageway,0,Going ahead other,1,Car,No,Front,2010
201043S113060,C,8005,Unclassified,1056,Slight,None,30-06-2010,Wednesday,1,Give way or uncontrolled,T or staggered junction,52.024704,Daylight,482540,236940,-0.798431,E01016780,5,2,0,0,Dry,Single carriageway,None,60,11:45:00,Urban,Fine no high winds,No,21 - 25,10,Urban area,2,1997,None,None,Other/Not known (2005-10),Leaving main road,PEUGEOT,206 DTURBO HDI (90),Heavy oil,Male,None,No tow/articulation,Did not leave carriageway,0,Turning right,1,Car,No,Nearside,2010
201043W049080,A,327,A,329,Slight,None,08-08-2010,Sunday,1,Auto traffic signal,Roundabout,51.451329,Daylight,471550,172990,-0.971709,E01016378,1,2,0,4,Dry,Roundabout,None,30,11:26:00,Urban,Fine no high winds,No,21 - 25,10,Urban area,3,599,None,None,Other/Not known (2005-10),Entering roundabout,HONDA,CBR 600 F,Petrol,Male,None,No tow/articulation,Did not leave carriageway,0,Moving off,2,Motorcycle over 500cc,No,Nearside,2010
201043W191100,A,321,Unclassified,7512,Slight,None,21-10-2010,Thursday,1,Give way or uncontrolled,T or staggered junction,51.476397,Daylight,479100,175890,-0.862429,E01016692,2,5,0,0,Dry,Single carriageway,None,30,08:02:00,Rural,Fine no high winds,No,21 - 25,10,Rural,9,1900,None,None,Journey as part of work,Mid Junction - on roundabout or on main road,VOLKSWAGEN,POLO E SDI,Heavy oil,Male,None,No tow/articulation,Did not leave carriageway,0,Turning right,1,Car,No,Front,2010