Accident_Index,1st_Road_Class,1st_Road_Number,2nd_Road_Class,2nd_Road_Number,Accident_Severity,Carriageway_Hazards,Date,Day_of_Week,Did_Police_Officer_Attend_Scene_of_Accident,Junction_Control,Junction_Detail,Latitude,Light_Conditions,Location_Easting_OSGR,Location_Northing_OSGR,Longitude,LSOA_of_Accident_Location,Number_of_Casualties,Number_of_Vehicles,Pedestrian_Crossing-Human_Control,Pedestrian_Crossing-Physical_Facilities,Road_Surface_Conditions,Road_Type,Special_Conditions_at_Site,Speed_limit,Time,Urban_or_Rural_Area,Weather_Conditions,InScotland,Age_Band_of_Driver,Age_of_Vehicle,Driver_Home_Area_Type,Driver_IMD_Decile,Engine_Capacity_.CC.,Hit_Object_in_Carriageway,Hit_Object_off_Carriageway,Journey_Purpose_of_Driver,Junction_Location,make,model,Propulsion_Code,Sex_of_Driver,Skidding_and_Overturning,Towing_and_Articulation,Vehicle_Leaving_Carriageway,Vehicle_Location.Restricted_Lane,Vehicle_Manoeuvre,Vehicle_Reference,Vehicle_Type,Was_Vehicle_Left_Hand_Drive,X1st_Point_of_Impact,Year
201001TX20062,A,406,NA,0,Slight,None,27-01-2010,Wednesday,2,Data missing or out of range,Not at junction or within 20 metres,51.492805,Daylight,519340,178500,-0.282355,E01002692,1,2,0,0,Dry,Single carriageway,None,30,11:30:00,Urban,Fine no high winds,No,21 - 25,10,Urban area,6,998,None,None,Other/Not known (2005-10),Not at or within 20 metres of junction,TOYOTA,YARIS GLS,Petrol,Male,None,No tow/articulation,Did not leave carriageway,0,Going ahead other,1,Car,No,Back,2010
201001TX20492,A,4,A,316,Slight,None,03-08-2010,Tuesday,1,Auto traffic signal,Roundabout,51.486797,Daylight,521390,177880,-0.253053,E01002569,1,2,0,0,Dry,Dual carriageway,None,40,18:01:00,Urban,Fine no high winds,No,21 - 25,10,Urban area,7,599,None,None,Commuting to/from work,Cleared junction or waiting/parked at junction exit,HONDA,CB600 F2-Y,Petrol,Male,None,No tow/articulation,Did not leave carriageway,0,Going ahead other,2,Motorcycle over 500cc,No,Nearside,2010
201001VK30176,A,3,NA,0,Slight,None,26-05-2010,Wednesday,1,Data missing or out of range,Not at junction or within 20 metres,51.37982,Daylight,519810,165940,-0.279835,E01002919,1,3,0,0,Dry,Dual carriageway,None,30,07:55:00,Urban,Fine no high winds,No,21 - 25,10,Urban area,4,1598,None,None,Other/Not known (2005-10),Not at or within 20 metres of junction,VAUXHALL,ASTRA CLUB AUTO,Petrol,Male,None,No tow/articulation,Did not leave carriageway,0,Going ahead other,2,Car,No,Front,2010
201001VK30270,A,2043,Unclassified,0,Slight,None,21-08-2010,Saturday,1,Give way or uncontrolled,T or staggered junction,51.387435,Daylight,521620,166830,-0.253535,E01002980,2,3,0,0,Dry,Single carriageway,None,30,17:30:00,Urban,Fine no high winds,No,21 - 25,10,Urban area,9,1973,None,None,Other/Not known (2005-10),Mid Junction - on roundabout or on main road,HONDA,CR-V ES AUTO,Petrol,Male,None,No tow/articulation,Did not leave carriageway,0,Waiting to go - held up,2,Car,No,Back,2010
201001VK30312,C,0,Unclassified,0,Slight,None,12-10-2010,Tuesday,1,Give way or uncontrolled,T or staggered junction,51.403415,Daylight,518730,168540,-0.294477,E01002966,3,3,0,1,Dry,Single carriageway,None,30,15:17:00,Urban,Fine no high winds,No,21 - 25,10,Urban area,6,1679,None,None,Other/Not known (2005-10),Approaching junction or waiting/parked at junction approach,FORD,,Petrol,Male,None,No tow/articulation,Did not leave carriageway,0,Going ahead other,3,Car,No,Front,2010
201001VW40016,A,3,NA,0,Slight,None,15-01-2010,Friday,1,Data missing or out of range,Not at junction or within 20 metres,51.397575,Daylight,522110,167970,-0.246105,E01003469,2,2,0,0,Dry,Dual carriageway,None,30,12:20:00,Urban,Fine no high winds,No,21 - 25,10,Urban area,4,1781,None,None,Other/Not known (2005-10),Not at or within 20 metres of junction,AUDI,S3 QUATTRO,Petrol,Male,None,No tow/articulation,Did not leave carriageway,0,Going ahead other,2,Car,No,Front,2010
201001VW40324,A,219,Unclassified,0,Slight,None,08-09-2010,Wednesday,1,Give way or uncontrolled,T or staggered junction,51.434029,Daylight,523520,172060,-0.224423,E01003460,1,2,0,0,Dry,Single carriageway,None,30,17:40:00,Urban,Fine no high winds,No,21 - 25,10,Urban area,7,100,None,None,Other/Not known (2005-10),Mid Junction - on roundabout or on main road,PEUGEOT,VIVACITY 100,Petrol,Male,None,No tow/articulation,Did not leave carriageway,0,Going ahead other,2,Motorcycle 125cc and under,No,Front,2010
201001WW50519,A,3216,Unclassified,0,Slight,None,07-07-2010,Wednesday,1,Auto traffic signal,Crossroads,51.4718,Daylight,528660,176390,-0.148945,E01004564,1,2,0,5,Dry,Single carriageway,None,30,15:55:00,Urban,Fine no high winds,No,21 - 25,10,Urban area,4,4250,None,None,Journey as part of work,Approaching junction or waiting/parked at junction approach,MERCEDES,,Heavy oil,Male,None,No tow/articulation,Did not leave carriageway,0,Going ahead other,1,Goods over 3.5t. and under 7.5t,No,Offside,2010
201001XD80029,A,312,Unclassified,0,Slight,None,21-01-2010,Thursday,1,Give way or uncontrolled,T or staggered junction,51.548691,Daylight,513310,184580,-0.367223,E01001322,1,1,0,0,Dry,Single carriageway,None,30,07:25:00,Urban,Fine no high winds,No,21 - 25,10,Urban area,1,9600,None,None,Journey as part of work,Mid Junction - on roundabout or on main road,VOLVO,,Heavy oil,Male,None,No tow/articulation,Did not leave carriageway,0,Going ahead other,1,Bus or coach (17 or more pass seats),No,Front,2010
201001XD80436,B,4023,Unclassified,0,Slight,None,23-06-2010,Wednesday,1,Give way or uncontrolled,T or staggered junction,51.520376,Daylight,520710,181600,-0.26157,E01001239,2,1,0,0,Dry,Single carriageway,None,30,15:30:00,Urban,Fine no high winds,No,21 - 25,10,Data missing or out of range,NA,1895,Kerb,Lamp post,Other/Not known (2005-10),Approaching junction or waiting/parked at junction approach,BMW,318TI SPORT,Petrol,Male,Skidded and overturned,No tow/articulation,Nearside,0,Going ahead other,1,Car,No,Nearside,2010
201001XD80473,A,4020,NA,0,Slight,None,03-07-2010,Saturday,1,Data missing or out of range,Not at junction or within 20 metres,51.506344,Daylight,520760,180040,-0.261384,E01001381,1,2,0,0,Dry,Single carriageway,None,30,11:40:00,Urban,Fine no high winds,No,21 - 25,10,Urban area,4,49,None,None,Other/Not known (2005-10),Not at or within 20 metres of junction,PIAGGIO,TYPHOON 50,Petrol,Male,None,No tow/articulation,Did not leave carriageway,0,Going ahead other,1,Motorcycle 50cc and under,No,Front,2010
201001XH30673,Unclassified,0,Unclassified,0,Slight,None,07-10-2010,Thursday,1,Give way or uncontrolled,T or staggered junction,51.52347,Daylight,509950,181700,-0.41656,E01002397,1,2,0,0,Dry,Single carriageway,None,30,07:40:00,Urban,Fine no high winds,No,21 - 25,10,Urban area,4,1000,Kerb,None,Other/Not known (2005-10),Mid Junction - on roundabout or on main road,VOLKSWAGEN,POLO E,Petrol,Male,None,No tow/articulation,Did not leave carriageway,0,Going ahead other,1,Car,No,Front,2010
201001YE80198,Unclassified,0,NA,0,Slight,None,13-03-2010,Saturday,1,Data missing or out of range,Not at junction or within 20 metres,51.67924,Daylight,535070,199640,-0.047775,E01001551,1,2,0,0,Wet or damp,Single carriageway,None,30,06:30:00,Urban,Fine no high winds,No,21 - 25,10,Urban area,1,49,None,None,Commuting to/from work,Not at or within 20 metres of junction,PIAGGIO,ZIP,Petrol,Male,Skidded,No tow/articulation,Did not leave carriageway,0,Slowing or stopping,2,Motorcycle 50cc and under,No,Front,2010
201001YE80298,A,1010,Unclassified,0,Slight,None,12-04-2010,Monday,1,Give way or uncontrolled,T or staggered junction,51.668343,Daylight,535540,198440,-0.041447,E01001549,1,1,0,0,Dry,Single carriageway,None,30,18:00:00,Urban,Fine no high winds,No,21 - 25,10,Urban area,7,1988,None,None,Other/Not known (2005-10),Mid Junction - on roundabout or on main road,FORD,MONDEO ZETEC,Petrol,Male,None,No tow/articulation,Did not leave carriageway,0,Moving off,1,Car,No,Front,2010
201001YE80307,A,1010,Unclassified,0,Slight,None,21-04-2010,Wednesday,1,Give way or uncontrolled,T or staggered junction,51.618164,Daylight,534190,192820,-0.06311,E01001425,1,2,0,0,Dry,Single carriageway,None,30,16:00:00,Urban,Fine no high winds,No,21 - 25,10,Data missing or out of range,NA,1781,None,None,Other/Not known (2005-10),Mid Junction - on roundabout or on main road,AUDI,TT QUATTRO (180 BHP),Petrol,Male,None,No tow/articulation,Did not leave carriageway,0,Turning left,1,Car,No,Front,2010
201001YE80706,A,10,A,105,Slight,None,10-10-2010,Sunday,1,Auto traffic signal,Crossroads,51.680018,Daylight,534820,199720,-0.051358,E01001412,1,2,0,5,Dry,Single carriageway,None,30,14:00:00,Urban,Fine no high winds,No,21 - 25,10,Urban area,3,1679,None,None,Other/Not known (2005-10),Mid Junction - on roundabout or on main road,FORD,PUMA 1.7 16V,Petrol,Male,None,No tow/articulation,Did not leave carriageway,0,Slowing or stopping,1,Car,No,Back,2010
201001YE80721,A,400,B,519,Slight,None,12-10-2010,Tuesday,1,Auto traffic signal,Roundabout,51.565553,Daylight,529360,186840,-0.135039,E01002770,1,1,0,5,Dry,Roundabout,None,30,16:25:00,Urban,Fine no high winds,No,21 - 25,10,Data missing or out of range,NA,NA,None,None,Journey as part of work,Cleared junction or waiting/parked at junction exit,DAF,,Heavy oil,Male,None,No tow/articulation,Did not leave carriageway,0,Waiting to go - held up,1,Bus or coach (17 or more pass seats),No,Did not impact,2010
201001YR90329,A,105,C,0,Slight,None,12-05-2010,Wednesday,1,Give way or uncontrolled,T or staggered junction,51.60043,Daylight,530880,190760,-0.111661,E01002105,1,2,0,0,Dry,Dual carriageway,None,30,07:45:00,Urban,Fine no high winds,No,21 - 25,10,Data missing or out of range,NA,599,None,None,Other/Not known (2005-10),Mid Junction - on roundabout or on main road,SUZUKI,GSF 600 S,Petrol,Male,None,No tow/articulation,Did not leave carriageway,0,Overtaking moving vehicle - offside,2,Motorcycle over 500cc,No,Front,2010
201001YR90497,A,503,Unclassified,0,Slight,None,21-07-2010,Wednesday,1,Give way or uncontrolled,T or staggered junction,51.580637,Daylight,533280,188620,-0.077841,E01002073,1,2,0,0,Dry,Single carriageway,None,30,17:20:00,Urban,Fine no high winds,No,21 - 25,10,Data missing or out of range,NA,49,None,None,Other/Not known (2005-10),Approaching junction or waiting/parked at junction approach,GILERA,DNA 50,Petrol,Male,None,No tow/articulation,Did not leave carriageway,0,Overtaking moving vehicle - offside,2,Motorcycle 50cc and under,No,Front,2010
201001YR90815,A,105,Unclassified,0,Slight,None,19-11-2010,Friday,1,Give way or uncontrolled,T or staggered junction,51.60206,Daylight,530830,190940,-0.112316,E01001971,1,2,0,1,Wet or damp,Single carriageway,None,30,13:32:00,Urban,Fine no high winds,No,21 - 25,10,Urban area,3,600,None,None,Other/Not known (2005-10),Approaching junction or waiting/parked at junction approach,SUZUKI,GSF 600 Y,Petrol,Male,None,No tow/articulation,Did not leave carriageway,0,Slowing or stopping,1,Motorcycle over 500cc,No,Front,2010
201001ZD30619,C,0,NA,0,Slight,None,31-07-2010,Saturday,1,Data missing or out of range,Not at junction or within 20 metres,51.347891,Daylight,538140,162850,-0.017806,E01001053,1,1,0,0,Dry,Single carriageway,None,30,20:44:00,Urban,Fine no high winds,No,21 - 25,10,Urban area,2,1998,None,None,Other/Not known (2005-10),Not at or within 20 metres of junction,VAUXHALL,VECTRA GLS,Petrol,Male,None,No tow/articulation,Did not leave carriageway,0,Going ahead other,1,Car,No,Front,2010
201001ZD30792,A,236,NA,0,Slight,Any animal in carriageway (except ridden horse),25-09-2010,Saturday,1,Data missing or out of range,Not at junction or within 20 metres,51.38754,Daylight,530460,167060,-0.126476,E01001007,1,4,0,4,Dry,Single carriageway,None,30,05:39:00,Urban,Fine no high winds,No,21 - 25,10,Data missing or out of range,NA,1199,Parked vehicle,None,Other/Not known (2005-10),Not at or within 20 metres of junction,VAUXHALL,AGILA,Petrol,Male,None,No tow/articulation,Did not leave carriageway,0,Going ahead other,1,Car,No,Front,2010
201001ZD30864,A,22,Unclassified,0,Slight,None,13-10-2010,Wednesday,1,Give way or uncontrolled,T or staggered junction,51.334984,Daylight,531550,161240,-0.112972,E01001097,1,2,0,0,Dry,Single carriageway,None,30,07:00:00,Urban,Fine no high winds,No,21 - 25,10,Small town,5,1000,None,None,Commuting to/from work,Approaching junction or waiting/parked at junction approach,VOLKSWAGEN,POLO E,Petrol,Male,None,No tow/articulation,Did not leave carriageway,0,Moving off,1,Car,No,Offside,2010
201004AL10068,A,585,B,5192,Slight,None,11-04-2010,Sunday,1,Give way or uncontrolled,Roundabout,53.795042,Daylight,341490,433560,-2.889737,E01025012,2,2,0,0,Dry,Roundabout,None,50,12:35:00,Rural,Fine no high winds,No,21 - 25,10,Data missing or out of range,NA,1794,None,None,Other/Not known (2005-10),Entering roundabout,TOYOTA,MR2 ROADSTER VVTI,Petrol,Male,None,No tow/articulation,Did not leave carriageway,0,Going ahead other,2,Car,No,Back,2010
201004AM10019,A,5099,Unclassified,0,Slight,None,18-02-2010,Thursday,1,Give way or uncontrolled,Crossroads,53.802692,Daylight,331300,434550,-3.044628,E01012674,1,5,0,0,Dry,Single carriageway,None,30,16:30:00,Urban,Fine no high winds,No,21 - 25,10,Data missing or out of range,NA,973,Parked vehicle,None,Other/Not known (2005-10),Cleared junction or waiting/parked at junction exit,VAUXHALL,CORSA EXPRESSION 12V,Petrol,Male,None,No tow/articulation,Did not leave carriageway,0,Parked,3,Car,No,Back,2010
201004AM10175,Unclassified,0,Unclassified,0,Slight,None,12-10-2010,Tuesday,1,Give way or uncontrolled,Crossroads,53.80827,Daylight,331350,435170,-3.044008,E01012743,1,2,0,0,Dry,One way street,Roadworks,30,17:45:00,Urban,Fine no high winds,No,21 - 25,10,Urban area,1,1796,None,None,Other/Not known (2005-10),Approaching junction or waiting/parked at junction approach,FORD,FOCUS ZETEC COLLECTION,Petrol,Male,None,No tow/articulation,Did not leave carriageway,0,Going ahead other,1,Car,No,Back,2010
201004BC10193,A,588,NA,0,Slight,None,30-08-2010,Monday,1,Data missing or out of range,Not at junction or within 20 metres,53.936061,Daylight,341610,449250,-2.890907,E01025585,1,1,0,0,Dry,Single carriageway,None,60,16:57:00,Rural,Fine no high winds,No,21 - 25,10,Urban area,2,1895,Kerb,None,Other/Not known (2005-10),Not at or within 20 metres of junction,BMW,318 CI,Petrol,Male,Overturned,No tow/articulation,Offside and rebounded,0,Going ahead left-hand bend,1,Car,No,Offside,2010
201004CC10103,A,6,NA,0,Slight,None,02-10-2010,Saturday,1,Data missing or out of range,Not at junction or within 20 metres,53.616321,Daylight,355530,413520,-2.673728,E01024922,2,2,0,0,Dry,Single carriageway,None,30,04:00:00,Rural,Fine no high winds,No,21 - 25,10,Urban area,3,1396,None,None,Other/Not known (2005-10),Not at or within 20 metres of junction,HONDA,CIVIC SPORT,Petrol,Male,None,No tow/articulation,Did not leave carriageway,0,Going ahead other,1,Car,No,Front,2010
201004CJ10053,Unclassified,0,Unclassified,0,Slight,None,18-06-2010,Friday,1,Give way or uncontrolled,T or staggered junction,53.55101,Daylight,349890,406310,-2.75782,E01025529,1,1,0,0,Dry,Single carriageway,None,30,04:20:00,Urban,Fine no high winds,No,21 - 25,10,Rural,8,1497,Kerb,Tree,Other/Not known (2005-10),Leaving main road,NISSAN,ALMERA E,Petrol,Male,Skidded,No tow/articulation,Nearside,0,Turning left,1,Car,No,Front,2010
201004CJ10077,Unclassified,0,Unclassified,0,Slight,None,05-09-2010,Sunday,1,Give way or uncontrolled,Mini-roundabout,53.545041,Daylight,346780,405680,-2.804649,E01025523,2,2,0,0,Dry,Roundabout,None,30,14:40:00,Rural,Fine no high winds,No,21 - 25,10,Urban area,5,1679,None,None,Commuting to/from work,Leaving roundabout,FORD,PUMA 1.7 16V,Petrol,Male,None,No tow/articulation,Offside,0,Going ahead other,1,Car,No,Nearside,2010
201004CM10121,Unclassified,0,Unclassified,0,Slight,None,12-08-2010,Thursday,1,Give way or uncontrolled,Roundabout,53.749435,Daylight,352550,428360,-2.721048,E01025408,1,2,0,0,Dry,Roundabout,None,40,19:20:00,Rural,Fine no high winds,No,21 - 25,10,Urban area,5,1700,None,None,Other/Not known (2005-10),Entering roundabout,OPEL,,Heavy oil,Male,None,No tow/articulation,Did not leave carriageway,0,Going ahead other,2,Van / Goods 3.5 tonnes mgw or under,No,Nearside,2010
201004EA10140,A,677,B,6447,Slight,None,07-06-2010,Monday,1,Give way or uncontrolled,Roundabout,53.750982,Daylight,366670,428410,-2.506939,E01012585,1,2,0,1,Dry,Single carriageway,None,30,07:40:00,Urban,Fine no high winds,No,21 - 25,10,Urban area,2,1900,None,None,Journey as part of work,Mid Junction - on roundabout or on main road,VOLKSWAGEN,GOLF SE TDI,Heavy oil,Male,None,No tow/articulation,Did not leave carriageway,0,Going ahead other,1,Car,No,Front,2010
201004FB10039,A,679,Unclassified,0,Slight,None,08-07-2010,Thursday,1,Give way or uncontrolled,T or staggered junction,53.783515,Daylight,380820,431950,-2.292577,E01024888,4,3,0,0,Dry,Single carriageway,None,40,17:40:00,Urban,Fine no high winds,No,21 - 25,10,Small town,4,1994,None,None,Other/Not known (2005-10),Cleared junction or waiting/parked at junction exit,ROVER,25 IS TURBO DIESEL,Heavy oil,Male,None,No tow/articulation,Did not leave carriageway,0,Going ahead other,1,Car,No,Front,2010
201004FE10008,B,6252,Unclassified,0,Slight,None,31-01-2010,Sunday,1,Give way or uncontrolled,T or staggered junction,53.920527,Daylight,387910,447170,-2.185577,E01025192,2,2,0,0,Dry,Single carriageway,None,30,15:10:00,Urban,Fine no high winds,No,21 - 25,10,Data missing or out of range,NA,1598,None,None,Other/Not known (2005-10),Leaving main road,VAUXHALL,ASTRA EXPRESSION,Petrol,Male,None,No tow/articulation,Did not leave carriageway,0,Turning right,1,Car,No,Front,2010
201004FJ10007,Unclassified,0,NA,0,Slight,None,30-01-2010,Saturday,1,Data missing or out of range,Not at junction or within 20 metres,53.692838,Daylight,387050,421840,-2.197599,E01025370,1,2,0,0,Frost or ice,Single carriageway,None,30,11:05:00,Urban,Fine no high winds,No,21 - 25,10,Urban area,1,999,None,None,Other/Not known (2005-10),Not at or within 20 metres of junction,HYUNDAI,ATOZ+ AUTO,Petrol,Male,Skidded,No tow/articulation,Did not leave carriageway,0,Going ahead right-hand bend,2,Car,No,Front,2010
201032B092210,A,52,NA,0,Slight,None,05-04-2010,Monday,1,Data missing or out of range,Not at junction or within 20 metres,52.896371,Darkness - lights lit,494580,334140,-0.595471,E01026293,2,1,0,0,Dry,Single carriageway,None,60,21:35:00,Rural,Fine + high winds,No,16 - 20,9,Urban area,4,1124,None,Tree,Other/Not known (2005-10),Not at or within 20 metres of junction,CITROEN,SAXO FORTE,Petrol,Male,None,No tow/articulation,Nearside,0,Going ahead other,1,Car,No,Front,2010
201043S057120,A,422,Unclassified,1132,Slight,None,05-01-2020,Wednesday,2,Give way or uncontrolled,T or staggered junction,14.7826852,Darkness - lights lit,483850,240420,78.53136818,E01016717,1,2,0,0,Wet or damp,Dual carriageway,None,70,17:05:00,Urban,Fine no high winds,No,16 - 20,9,Urban area,5,1397,None,None,Other/Not known (2005-10),Mid Junction - on roundabout or on main road,SKODA,FABIA CLASSIC 8V,Petrol,Male,None,No tow/articulation,Did not leave carriageway,0,Going ahead other,1,Car,No,Front,2019
20104100B0039,A,1000,NA,0,Slight,None,17-05-2019,Sunday,1,Not at junction or within 20 metres,Not at junction or within 20 metres,14.68019214,Darkness - lights lit,524210,205780,78.47773303,E01023964,2,2,0,0,Dry,Single carriageway,None,40,19:25:00,Rural,Fine no high winds,No,16 - 20,9,Urban area,6,1242,None,None,Other/Not known (2005-10),Not at or within 20 metres of junction,FORD,FIESTA BLACK,Petrol,Male,Skidded,No tow/articulation,Did not leave carriageway,0,Going ahead other,1,Car,No,Front,2019
201050GA2Q036,C,282,NA,0,Slight,None,22-08-2020,Wednesday,1,Not at junction or within 20 metres,Not at junction or within 20 metres,14.7216215,Darkness - lights lit,202400,52740,78.46740142,E01019042,2,2,0,0,Dry,Single carriageway,None,60,22:49:00,Urban,Fine no high winds,No,16 - 20,9,Urban area,6,973,None,None,Other/Not known (2005-10),Not at or within 20 metres of junction,VAUXHALL,CORSA CLUB 12V,Petrol,Male,None,No tow/articulation,Did not leave carriageway,0,Waiting to turn right,1,Car,No,Front,2019
2010550C23987,A,350,NA,0,Slight,None,06-02-2019,Wednesday,1,Not at junction or within 20 metres,Not at junction or within 20 metres,26.73641772,Darkness - lights lit,400620,91710,94.18979241,E01015465,4,1,0,0,Dry,Dual carriageway,None,50,21:35:00,Rural,Fine no high winds,No,16 - 20,9,Urban area,3,1149,Kerb,Central crash barrier,Other/Not known (2005-10),Not at or within 20 metres of junction,RENAULT,CLIO EXPRESSION 16V,Petrol,Male,Skidded and overturned,No tow/articulation,Offside on to centrl res + rebounded,0,Changing lane to left,1,Car,No,Front,2019
20104100K0599,A,121,A,121,Slight,None,04-01-2020,Monday,1,Give way or uncontrolled,Roundabout,26.76948958,Darkness - lights lit,536290,200420,94.2120609,E01023337,1,2,0,0,Wet or damp,Dual carriageway,None,40,17:40:00,Urban,Fine no high winds,No,16 - 20,9,Urban area,4,1242,None,None,Other/Not known (2005-10),Cleared junction or waiting/parked at junction exit,FORD,FIESTA BLACK,Petrol,Male,Skidded,No tow/articulation,Did not leave carriageway,0,Going ahead left-hand bend,1,Car,No,Front,2019
201045GU49724,A,322,A,323,Slight,None,01-10-2020,Thursday,1,Auto traffic signal,Crossroads,25.77457774,Darkness - lights lit,498620,151000,87.45965347,E01030495,1,2,0,1,Dry,Unknown,None,30,19:50:00,Urban,Fine no high winds,No,16 - 20,9,Urban area,7,1390,None,None,Other/Not known (2005-10),Mid Junction - on roundabout or on main road,VOLKSWAGEN,POLO S,Petrol,Male,None,No tow/articulation,Did not leave carriageway,0,Turning right,1,Car,No,Front,2019
20104100K0220,Unclassified,248,Unclassified,796,Slight,None,21-02-2020,Monday,1,Give way or uncontrolled,Roundabout,25.79023043,Darkness - lights lit,534050,202950,87.46483759,E01023314,2,1,0,0,Dry,Roundabout,None,30,20:48:00,Urban,Fine no high winds,No,16 - 20,9,Urban area,6,1598,Bollard or refuge,Tree,Other/Not known (2005-10),Leaving roundabout,VOLKSWAGEN,LUPO GTI,Petrol,Male,Skidded,No tow/articulation,Offside,0,Going ahead other,1,Car,No,Offside,2019
201045RE56276,Motorway,25,NA,0,Slight,None,02-07-2019,Thursday,1,Data missing or out of range,Not at junction or within 20 metres,15.3600099,Darkness - lights lit,530160,153380,74.01929874,E01030601,4,3,0,0,Dry,Dual carriageway,None,70,17:16:00,Rural,Fine no high winds,No,16 - 20,9,Small town,8,1199,None,None,Other/Not known (2005-10),Not at or within 20 metres of junction,VAUXHALL,CORSA COMFORT 16V,Petrol,Male,None,No tow/articulation,Did not leave carriageway,0,Going ahead other,3,Car,No,Front,2019
2010400C03033,Unclassified,0,Unclassified,0,Slight,None,17-03-2019,Thursday,1,Give way or uncontrolled,T or staggered junction,15.21744922,Darkness - lights lit,510970,223300,74.11395212,E01015813,4,2,0,0,Dry,Single carriageway,None,30,21:29:00,Urban,Fine no high winds,No,16 - 20,9,Urban area,5,973,None,None,Other/Not known (2005-10),Mid Junction - on roundabout or on main road,VAUXHALL,CORSA COMFORT 12V,Petrol,Male,None,No tow/articulation,Did not leave carriageway,0,Turning right,2,Car,No,Nearside,2019
20105500C1080,Unclassified,0,Unclassified,0,Slight,None,09-02-2021,Sunday,1,Give way or uncontrolled,T or staggered junction,22.99870318,Darkness - lights lit,398440,91770,72.59715971,E01015430,1,2,0,0,Dry,Single carriageway,None,30,19:45:00,Urban,Fine no high winds,No,16 - 20,9,Urban area,6,1396,None,None,Other/Not known (2005-10),Mid Junction - on roundabout or on main road,ROVER,45 IMPRESSION,Petrol,Male,None,No tow/articulation,Did not leave carriageway,0,Turning right,1,Car,No,Front,2019
201050EL2G017,A,386,A,386,Slight,None,14-07-2019,Wednesday,1,Auto traffic signal,Roundabout,23.04667464,Darkness - lights lit,249380,59770,72.57431616,E01015092,1,2,0,0,Dry,Dual carriageway,None,40,22:27:00,Urban,Fine no high winds,No,16 - 20,9,Urban area,8,1396,None,None,Journey as part of work,Entering roundabout,ROVER,25 IL 16V,Petrol,Male,None,No tow/articulation,Did not leave carriageway,0,Reversing,1,Car,No,Back,2019
201050DE2V001,Unclassified,0,Unclassified,0,Slight,None,27-03-2021,Monday,1,Auto traffic signal,T or staggered junction,28.49598339,Darkness - lights lit,294710,90140,77.00027706,E01020035,1,2,0,0,Wet or damp,Dual carriageway,None,40,18:06:00,Urban,Fine no high winds,No,16 - 20,9,Urban area,7,1124,None,None,Commuting to/from work,Entering main road,PEUGEOT,106 INDEPENDENCE,Petrol,Male,None,No tow/articulation,Did not leave carriageway,0,Moving off,1,Car,No,Front,2019
201037G029022,A,1189,NA,0,Slight,None,09-04-2020,Wednesday,2,Data missing or out of range,Not at junction or within 20 metres,28.4925702,Darkness - lights lit,619530,243390,76.97206644,E01029966,1,2,0,0,Dry,Single carriageway,None,40,21:45:00,Urban,Fine no high winds,No,16 - 20,9,Urban area,5,49,None,None,Other/Not known (2005-10),Not at or within 20 metres of junction,DERBI,GPR 50,Petrol,Male,None,No tow/articulation,Did not leave carriageway,0,Slowing or stopping,2,Motorcycle 50cc and under,No,Back,2019
201043P106050,A,4260,Unclassified,0,Slight,None,08-12-2020,Saturday,1,Give way or uncontrolled,T or staggered junction,28.41528222,Darkness - lights lit,449620,213260,77.0381395,E01028492,1,2,0,0,Dry,Single carriageway,None,30,02:10:00,Urban,Fine no high winds,No,16 - 20,9,Rural,8,1396,None,None,Other/Not known (2005-10),Approaching junction or waiting/parked at junction approach,ROVER,25 IL 16V,Petrol,Male,None,No tow/articulation,Did not leave carriageway,0,Going ahead other,2,Car,No,Front,2019
2010401C00533,Unclassified,0,NA,0,Slight,None,19-07-2021,Tuesday,1,Data missing or out of range,Not at junction or within 20 metres,12.97007059,Darkness - lights lit,509900,221680,77.63263321,E01015720,1,1,0,0,Dry,Single carriageway,None,30,22:41:00,Urban,Fine no high winds,No,16 - 20,9,Urban area,5,1124,None,None,Other/Not known (2005-10),Not at or within 20 metres of junction,PEUGEOT,106 XN ZEST 2,Petrol,Male,None,No tow/articulation,Did not leave carriageway,0,Moving off,1,Car,No,Did not impact,2020
20104100J0675,A,5183,Unclassified,810,Slight,None,26-02-2021,Friday,1,Give way or uncontrolled,T or staggered junction,12.96997193,Darkness - lights lit,517880,195480,77.67007299,E01023564,1,3,0,0,Wet or damp,Single carriageway,None,30,20:30:00,Rural,Fine no high winds,No,16 - 20,9,Urban area,8,1242,Parked vehicle,None,Other/Not known (2005-10),Cleared junction or waiting/parked at junction exit,FORD,FIESTA FREESTYLE,Petrol,Male,Skidded,No tow/articulation,Did not leave carriageway,0,Going ahead other,2,Car,No,Front,2020
20105500D1123,B,3159,NA,0,Slight,None,14-09-2020,Thursday,1,Not at junction or within 20 metres,Not at junction or within 20 metres,8.879897751,Darkness - lights lit,366250,85100,76.69731531,E01020570,3,2,0,0,Dry,Single carriageway,None,30,01:05:00,Rural,Fine no high winds,No,16 - 20,9,Urban area,4,1124,None,None,Other/Not known (2005-10),Not at or within 20 metres of junction,PEUGEOT,106 XN ZEST 2,Petrol,Male,None,No tow/articulation,Did not leave carriageway,0,Parked,2,Car,No,Offside,2020
201050KC2W002,Unclassified,0,Unclassified,0,Slight,None,26-05-2019,Sunday,2,Give way or uncontrolled,More than 4 arms (not roundabout),22.7438861,Darkness - lights lit,282760,100630,75.83003755,E01020061,1,2,0,0,Dry,Single carriageway,None,30,02:40:00,Rural,Fine no high winds,No,16 - 20,9,Rural,5,1769,None,None,Other/Not known (2005-10),Mid Junction - on roundabout or on main road,NISSAN,ALMERA TINO S,Petrol,Male,None,No tow/articulation,Did not leave carriageway,0,Going ahead other,1,Car,No,Nearside,2020