Accident_Index,1st_Road_Class,1st_Road_Number,2nd_Road_Class,2nd_Road_Number,Accident_Severity,Carriageway_Hazards,Date,Day_of_Week,Did_Police_Officer_Attend_Scene_of_Accident,Junction_Control,Junction_Detail,Latitude,Light_Conditions,Location_Easting_OSGR,Location_Northing_OSGR,Longitude,LSOA_of_Accident_Location,Number_of_Casualties,Number_of_Vehicles,Pedestrian_Crossing-Human_Control,Pedestrian_Crossing-Physical_Facilities,Road_Surface_Conditions,Road_Type,Special_Conditions_at_Site,Speed_limit,Time,Urban_or_Rural_Area,Weather_Conditions,InScotland,Age_Band_of_Driver,Age_of_Vehicle,Driver_Home_Area_Type,Driver_IMD_Decile,Engine_Capacity_.CC.,Hit_Object_in_Carriageway,Hit_Object_off_Carriageway,Journey_Purpose_of_Driver,Junction_Location,make,model,Propulsion_Code,Sex_of_Driver,Skidding_and_Overturning,Towing_and_Articulation,Vehicle_Leaving_Carriageway,Vehicle_Location.Restricted_Lane,Vehicle_Manoeuvre,Vehicle_Reference,Vehicle_Type,Was_Vehicle_Left_Hand_Drive,X1st_Point_of_Impact,Year
201043P218040,Unclassified,354,Unclassified,0,Slight,None,29-06-2019,Wednesday,1,Give way or uncontrolled,T or staggered junction,22.70712996,Darkness - lights lit,455740,188450,75.90799036,E01028649,1,1,0,0,Dry,Single carriageway,None,30,21:51:00,Rural,Fine no high winds,No,16 - 20,9,Urban area,5,1870,None,Tree,Other/Not known (2005-10),Mid Junction - on roundabout or on main road,RENAULT,KANGOO 865 1.9D,Heavy oil,Male,Skidded and overturned,No tow/articulation,Nearside,0,Turning left,1,Van / Goods 3.5 tonnes mgw or under,No,Offside,2020
201042I432112,Unclassified,0,NA,0,Slight,None,06-06-2020,Monday,1,Not at junction or within 20 metres,Not at junction or within 20 metres,22.72847169,Darkness - lights lit,617520,214690,75.8727597,E01022025,1,1,0,0,Dry,One way street,None,30,18:30:00,Urban,Fine no high winds,No,16 - 20,9,Rural,3,1896,None,None,Other/Not known (2005-10),Not at or within 20 metres of junction,AUDI,A4 TDI SPORT,Heavy oil,Male,None,No tow/articulation,Did not leave carriageway,0,Going ahead other,1,Car,No,Front,2020
201034WN52570,A,508,Unclassified,8390,Slight,None,12-02-2021,Thursday,1,Auto traffic signal,Crossroads,26.44854088,Darkness - lights lit,475200,260780,80.32892624,E01027150,1,2,0,0,Wet or damp,Single carriageway,None,30,21:10:00,Urban,Fine no high winds,No,16 - 20,9,Urban area,8,1242,None,None,Commuting to/from work,Mid Junction - on roundabout or on main road,FIAT,PUNTO GO,Petrol,Male,None,No tow/articulation,Did not leave carriageway,0,Going ahead other,2,Car,No,Front,2020
20104100K0298,B,156,C,54,Slight,None,08-01-2021,Sunday,1,Give way or uncontrolled,Roundabout,28.65029738,Darkness - lights lit,534880,202990,77.31713002,E01023295,1,2,0,4,Dry,Roundabout,None,30,01:05:00,Urban,Fine no high winds,No,16 - 20,9,Urban area,6,1242,None,Other permanent object,Commuting to/from work,Mid Junction - on roundabout or on main road,FIAT,PUNTO ELX 8V,Petrol,Male,None,No tow/articulation,Nearside and rebounded,0,Going ahead other,1,Car,No,Front,2020
201050ED2N032,Unclassified,0,Unclassified,0,Slight,None,21-05-2021,Thursday,1,Give way or uncontrolled,T or staggered junction,28.66012994,Darkness - lights lit,246480,55210,77.32518639,E01015173,1,1,0,0,Dry,Single carriageway,None,30,03:07:00,Urban,Fine no high winds,No,16 - 20,9,Data missing or out of range,NA,1360,None,Tree,Other/Not known (2005-10),Approaching junction or waiting/parked at junction approach,PEUGEOT,206 QUICKSILVER,Petrol,Male,None,No tow/articulation,Nearside,0,Going ahead other,1,Car,No,Front,2020
201050FT2E003,B,3199,NA,0,Slight,None,14-06-2019,Friday,2,Not at junction or within 20 metres,Not at junction or within 20 metres,28.655375,Darkness - lights lit,291840,63560,77.34178351,E01015256,1,1,0,0,Dry,Single carriageway,None,30,01:33:00,Urban,Fine no high winds,No,16 - 20,9,Data missing or out of range,NA,999,None,None,Other/Not known (2005-10),Not at or within 20 metres of junction,VOLKSWAGEN,POLO E,Petrol,Male,None,No tow/articulation,Did not leave carriageway,0,Going ahead other,1,Car,No,Front,2020
201037B044116,B,1078,Unclassified,4404,Slight,None,16-04-2020,Tuesday,1,Give way or uncontrolled,T or staggered junction,28.61519479,Darkness - lights lit,608990,254280,77.07049577,E01030062,1,2,0,0,Dry,Single carriageway,None,30,18:40:00,Rural,Fine no high winds,No,16 - 20,9,Rural,10,1149,None,None,Other/Not known (2005-10),Approaching junction or waiting/parked at junction approach,RENAULT,CLIO SPORT 16V,Petrol,Male,None,No tow/articulation,Did not leave carriageway,0,Moving off,1,Car,No,Front,2021
201050KE2E001,Unclassified,0,Unclassified,0,Slight,None,18-03-2019,Monday,1,Give way or uncontrolled,Private drive or entrance,28.61333419,Darkness - lights lit,301220,82720,77.35101949,E01019923,2,2,0,0,Wet or damp,Single carriageway,None,30,18:45:00,Urban,Fine no high winds,No,16 - 20,9,Urban area,4,1242,None,None,Other/Not known (2005-10),Approaching junction or waiting/parked at junction approach,FIAT,PUNTO 60,Petrol,Male,None,No tow/articulation,Did not leave carriageway,0,Going ahead other,1,Car,No,Front,2021
20104100J0297,Unclassified,47,Unclassified,750,Slight,None,25-05-2021,Saturday,1,Give way or uncontrolled,T or staggered junction,18.62142981,Darkness - lights lit,515300,194710,73.92743303,E01023548,1,2,0,0,Wet or damp,Single carriageway,None,30,01:04:00,Urban,Fine no high winds,No,16 - 20,9,Urban area,2,1199,None,None,Other/Not known (2005-10),Mid Junction - on roundabout or on main road,VAUXHALL,CORSA SXI 16V SEMI-AUTO,Petrol,Male,None,No tow/articulation,Did not leave carriageway,0,Going ahead other,1,Car,No,Front,2021
201045GU54518,A,25,A,3100,Slight,None,22-08-2021,Sunday,1,Give way or uncontrolled,Roundabout,18.54401054,Darkness - lights lit,501040,150960,73.81753074,E01030438,1,1,0,0,Dry,Roundabout,None,30,22:20:00,Urban,Fine no high winds,No,16 - 20,9,Urban area,10,1396,Kerb,None,Other/Not known (2005-10),Leaving roundabout,ROVER,25 IL 16V,Petrol,Male,Skidded,No tow/articulation,Did not leave carriageway,0,Turning right,1,Car,No,Nearside,2021
201043W135090,Unclassified,7113,NA,0,Slight,None,14-01-2019,Thursday,1,Not at junction or within 20 metres,Not at junction or within 20 metres,18.61292189,Darkness - lights lit,465060,166510,73.86143238,E01016267,1,2,0,0,Dry,Single carriageway,None,30,20:12:00,Rural,Fine no high winds,No,16 - 20,9,Urban area,5,1587,None,None,Other/Not known (2005-10),Not at or within 20 metres of junction,PEUGEOT,206 ROLAND GARROS,Petrol,Male,None,No tow/articulation,Did not leave carriageway,0,Going ahead other,1,Car,No,Front,2021
201045EL52221,A,307,NA,0,Slight,None,03-09-2020,Tuesday,1,Data missing or out of range,Not at junction or within 20 metres,18.6370399,Darkness - lights lit,516430,166760,73.85517105,E01030350,3,2,0,0,Dry,Single carriageway,None,30,01:31:00,Urban,Fine no high winds,No,16 - 20,9,Urban area,10,973,None,None,Other/Not known (2005-10),Not at or within 20 metres of junction,VAUXHALL,CORSA EXPRESSION 12V,Petrol,Male,Skidded,No tow/articulation,Did not leave carriageway,0,Going ahead other,1,Car,No,Front,2021
201042I089703,A,123,NA,0,Slight,None,27-12-2020,Friday,2,Not at junction or within 20 metres,Not at junction or within 20 metres,18.63262161,Darkness - lights lit,544220,192340,73.76916777,E01021767,1,4,0,0,Wet or damp,Single carriageway,None,30,22:45:00,Urban,Fine no high winds,No,16 - 20,9,Urban area,6,1124,None,None,Other/Not known (2005-10),Not at or within 20 metres of junction,PEUGEOT,206 LOOK,Petrol,Male,None,No tow/articulation,Did not leave carriageway,0,Slowing or stopping,2,Car,No,Front,2021
201043P332060,A,423,A,34,Slight,None,21-12-2021,Friday,1,Auto traffic signal,Roundabout,19.15639292,Darkness - lights lit,451190,203470,72.87188631,E01028733,1,2,0,0,Dry,Roundabout,None,60,23:45:00,Rural,Fine no high winds,No,16 - 20,9,Urban area,9,1984,None,None,Other/Not known (2005-10),Mid Junction - on roundabout or on main road,VOLKSWAGEN,GOLF GTI (115 BHP),Petrol,Male,None,No tow/articulation,Did not leave carriageway,0,Turning right,1,Car,No,Offside,2021
2010400C00584,Unclassified,0,NA,0,Slight,None,22-12-2021,Monday,1,Data missing or out of range,Not at junction or within 20 metres,19.19742833,Darkness - lights lit,509900,222180,72.84744573,E01015742,2,3,0,0,Wet or damp,Single carriageway,None,30,22:00:00,Urban,Fine no high winds,No,16 - 20,9,Urban area,10,1242,None,None,Other/Not known (2005-10),Not at or within 20 metres of junction,FORD,FIESTA FREESTYLE,Petrol,Male,None,No tow/articulation,Did not leave carriageway,0,Going ahead other,2,Car,No,Front,2021
201034WS32500,Unclassified,4215,Unclassified,4216,Slight,None,12-09-2020,Friday,1,Give way or uncontrolled,T or staggered junction,14.76738636,Darkness - lights lit,450200,236570,78.51303258,E01027288,2,2,0,0,Wet or damp,Single carriageway,None,30,20:32:00,Rural,Fine no high winds,No,16 - 20,9,Small town,9,1149,None,None,Other/Not known (2005-10),Mid Junction - on roundabout or on main road,RENAULT,CLIO EXPRESSION+ 16V,Petrol,Male,None,No tow/articulation,Did not leave carriageway,0,Going ahead other,2,Car,No,Front,2019
201042I033402,A,132,Unclassified,0,Slight,None,29-06-2019,Sunday,1,Give way or uncontrolled,Roundabout,27.08892673,Darkness - lights lit,573680,187930,93.62098094,E01021310,2,1,0,0,Wet or damp,Roundabout,None,50,23:30:00,Urban,Fine no high winds,No,16 - 20,9,Urban area,9,1199,Kerb,Tree,Other/Not known (2005-10),Mid Junction - on roundabout or on main road,VAUXHALL,CORSA CLUB 16V,Petrol,Male,Skidded,No tow/articulation,Nearside,0,Going ahead right-hand bend,1,Car,No,Front,2019
201001CW12138,A,3212,A,4,Slight,None,06-10-2010,Wednesday,1,Auto traffic signal,T or staggered junction,51.507252,Darkness - lights lit,530040,180370,-0.127622,E01004736,1,2,0,5,Dry,Single carriageway,None,30,18:30:00,Urban,Fine no high winds,No,16 - 20,9,Data missing or out of range,NA,498,None,None,Other/Not known (2005-10),Mid Junction - on roundabout or on main road,KAWASAKI,EX500-D7,Petrol,Male,None,No tow/articulation,Did not leave carriageway,0,Waiting to go - held up,2,Motorcycle over 500cc,No,Front,2010
201001FH10664,A,4,A,306,Slight,None,18-09-2010,Saturday,1,Auto traffic signal,Roundabout,51.491186,Darkness - lights lit,523120,178410,-0.227965,E01001894,1,2,0,5,Dry,Slip road,None,30,20:30:00,Urban,Fine no high winds,No,16 - 20,9,Data missing or out of range,NA,599,None,None,Other/Not known (2005-10),Approaching junction or waiting/parked at junction approach,MCC,SMART PULSE SEMI-AUTO,Petrol,Male,None,No tow/articulation,Did not leave carriageway,0,Going ahead left-hand bend,1,Car,No,Front,2010
201001JC30159,A,112,Unclassified,0,Slight,None,03-04-2010,Saturday,2,Give way or uncontrolled,T or staggered junction,51.615957,Darkness - lights lit,537380,192660,-0.017124,E01004417,1,2,0,0,Dry,Single carriageway,None,30,21:30:00,Urban,Fine no high winds,No,16 - 20,9,Urban area,3,1242,None,None,Other/Not known (2005-10),Mid Junction - on roundabout or on main road,FIAT,PUNTO ELX 8V,Petrol,Male,None,No tow/articulation,Did not leave carriageway,0,Overtaking moving vehicle - offside,1,Car,No,Nearside,2010
201001JC30466,A,1069,Unclassified,0,Slight,None,13-09-2010,Monday,1,Give way or uncontrolled,T or staggered junction,51.630917,Darkness - lights lit,538670,194360,0.002168,E01004354,2,2,0,1,Dry,Single carriageway,None,30,21:00:00,Urban,Fine no high winds,No,16 - 20,9,Urban area,4,1299,None,None,Other/Not known (2005-10),Mid Junction - on roundabout or on main road,FORD,KA COLLECTION,Petrol,Male,None,No tow/articulation,Did not leave carriageway,0,Turning right,2,Car,No,Nearside,2010
201001KD50578,A,125,NA,0,Slight,None,20-10-2010,Wednesday,1,Data missing or out of range,Not at junction or within 20 metres,51.541441,Darkness - lights lit,551850,184780,0.188315,E01002266,2,2,0,0,Dry,Single carriageway,None,30,19:05:00,Urban,Fine no high winds,No,16 - 20,9,Urban area,1,1242,None,None,Other/Not known (2005-10),Not at or within 20 metres of junction,FIAT,PUNTO ELX 16V,Petrol,Male,None,No tow/articulation,Did not leave carriageway,0,Going ahead other,2,Car,No,Front,2010
201001KD50594,C,0,A,118,Slight,None,04-11-2010,Thursday,1,Give way or uncontrolled,Roundabout,51.592334,Darkness - lights lit,553370,190490,0.212707,E01002383,1,2,0,0,Dry,Roundabout,None,30,05:46:00,Urban,Fine no high winds,No,16 - 20,9,Urban area,3,124,None,None,Other/Not known (2005-10),Mid Junction - on roundabout or on main road,PIAGGIO,ZIP 125,Petrol,Male,None,No tow/articulation,Did not leave carriageway,0,Going ahead right-hand bend,1,Motorcycle 125cc and under,No,Offside,2010
201001MM70073,A,3200,Unclassified,0,Slight,None,03-02-2010,Wednesday,1,Give way or uncontrolled,T or staggered junction,51.504624,Darkness - lights lit,532460,180140,-0.092858,E01003929,1,2,0,0,Wet or damp,Single carriageway,None,30,23:30:00,Urban,Fine no high winds,No,16 - 20,9,Urban area,3,124,None,None,Other/Not known (2005-10),Approaching junction or waiting/parked at junction approach,GILERA,COGUAR,Petrol,Male,None,No tow/articulation,Did not leave carriageway,0,Going ahead other,2,Motorcycle 125cc and under,No,Front,2010
201001MM70773,A,100,NA,0,Slight,None,12-09-2010,Sunday,1,Data missing or out of range,Not at junction or within 20 metres,51.496357,Darkness - lights lit,533220,179240,-0.082254,E01003979,1,1,0,0,Dry,Single carriageway,None,30,19:42:00,Urban,Fine no high winds,No,16 - 20,9,Urban area,5,1390,None,None,Other/Not known (2005-10),Not at or within 20 metres of junction,RENAULT,MEGANE DYNAMIQUE COUPE,Petrol,Male,None,No tow/articulation,Did not leave carriageway,0,Going ahead other,1,Car,No,Front,2010
201001PL60406,B,218,Unclassified,0,Slight,None,27-06-2010,Sunday,1,Give way or uncontrolled,T or staggered junction,51.457709,Darkness - lights lit,536640,175030,-0.034643,E01003231,1,2,0,0,Dry,Single carriageway,None,30,23:19:00,Urban,Fine no high winds,No,16 - 20,9,Urban area,4,125,None,None,Other/Not known (2005-10),Mid Junction - on roundabout or on main road,HONDA,SH125,Petrol,Male,None,No tow/articulation,Did not leave carriageway,0,Overtaking moving vehicle - offside,1,Motorcycle 125cc and under,No,Nearside,2010
201001PY20582,Unclassified,0,Unclassified,0,Slight,None,02-10-2010,Saturday,1,Give way or uncontrolled,Crossroads,51.388492,Darkness - lights lit,546460,167600,0.103535,E01000733,2,2,0,0,Dry,Single carriageway,None,30,20:52:00,Urban,Fine no high winds,No,16 - 20,9,Urban area,9,1324,None,None,Other/Not known (2005-10),Mid Junction - on roundabout or on main road,MAZDA,323F LXI,Petrol,Male,None,No tow/articulation,Did not leave carriageway,0,Turning right,1,Car,No,Offside,2010
201001QK50189,C,0,C,0,Slight,None,13-04-2010,Tuesday,1,Give way or uncontrolled,T or staggered junction,51.573554,Darkness - lights lit,518290,187460,-0.294465,E01000487,1,2,0,0,Dry,Single carriageway,None,30,23:05:00,Urban,Fine no high winds,No,16 - 20,9,Urban area,3,124,None,None,Other/Not known (2005-10),Mid Junction - on roundabout or on main road,PIAGGIO,NEW SKIPPER,Petrol,Male,None,No tow/articulation,Did not leave carriageway,0,Overtaking moving vehicle - offside,2,Motorcycle 125cc and under,No,Front,2010
201001RY10454,Unclassified,0,NA,0,Slight,None,30-10-2010,Saturday,1,Data missing or out of range,Not at junction or within 20 metres,51.470719,Darkness - lights lit,552220,176920,0.190257,E01000432,1,1,0,0,Dry,Single carriageway,None,30,18:30:00,Urban,Fine no high winds,No,16 - 20,9,Urban area,2,1997,Kerb,Telegraph or electricity pole,Other/Not known (2005-10),Not at or within 20 metres of junction,PEUGEOT,206 LX HDI,Heavy oil,Male,None,No tow/articulation,Offside,0,Going ahead other,1,Car,No,Offside,2010
201001SX20848,A,1000,NA,0,Slight,None,12-08-2010,Thursday,1,Data missing or out of range,Not at junction or within 20 metres,51.603497,Darkness - lights lit,526500,190990,-0.174785,E01000316,2,2,0,0,Dry,Single carriageway,None,30,20:30:00,Urban,Fine no high winds,No,16 - 20,9,Urban area,3,999,None,None,Other/Not known (2005-10),Not at or within 20 metres of junction,VOLKSWAGEN,POLO E,Petrol,Male,None,No tow/articulation,Did not leave carriageway,0,Going ahead other,2,Car,No,Nearside,2010
201001SX21256,Unclassified,0,Unclassified,0,Slight,None,22-11-2010,Monday,1,Give way or uncontrolled,T or staggered junction,51.563286,Darkness - lights lit,525470,186490,-0.191257,E01000136,1,1,0,0,Wet or damp,Single carriageway,None,30,18:50:00,Urban,Fine no high winds,No,16 - 20,9,Urban area,6,1598,None,Other permanent object,Other/Not known (2005-10),Cleared junction or waiting/parked at junction exit,MINI,MINI ONE,Petrol,Male,None,No tow/articulation,Nearside,0,Overtaking - nearside,1,Car,No,Front,2010
201034WN52570,A,508,Unclassified,8390,Slight,None,23-12-2010,Thursday,1,Auto traffic signal,Crossroads,52.240044,Darkness - lights lit,475200,260780,-0.900122,E01027150,1,2,0,0,Wet or damp,Single carriageway,None,30,21:10:00,Urban,Fine no high winds,No,16 - 20,9,Urban area,8,1242,None,None,Commuting to/from work,Mid Junction - on roundabout or on main road,FIAT,PUNTO GO,Petrol,Male,None,No tow/articulation,Did not leave carriageway,0,Going ahead other,2,Car,No,Front,2010
201034WS32500,Unclassified,4215,Unclassified,4216,Slight,None,13-08-2010,Friday,1,Give way or uncontrolled,T or staggered junction,52.025241,Darkness - lights lit,450200,236570,-1.269775,E01027288,2,2,0,0,Wet or damp,Single carriageway,None,30,20:32:00,Rural,Fine no high winds,No,16 - 20,9,Small town,9,1149,None,None,Other/Not known (2005-10),Mid Junction - on roundabout or on main road,RENAULT,CLIO EXPRESSION+ 16V,Petrol,Male,None,No tow/articulation,Did not leave carriageway,0,Going ahead other,2,Car,No,Front,2010
201037B044116,B,1078,Unclassified,4404,Slight,None,19-01-2010,Tuesday,1,Give way or uncontrolled,T or staggered junction,52.147203,Darkness - lights lit,608990,254280,1.053186,E01030062,1,2,0,0,Dry,Single carriageway,None,30,18:40:00,Rural,Fine no high winds,No,16 - 20,9,Rural,10,1149,None,None,Other/Not known (2005-10),Approaching junction or waiting/parked at junction approach,RENAULT,CLIO SPORT 16V,Petrol,Male,None,No tow/articulation,Did not leave carriageway,0,Moving off,1,Car,No,Front,2010
201037G029022,A,1189,NA,0,Slight,None,10-03-2010,Wednesday,2,Data missing or out of range,Not at junction or within 20 metres,52.045361,Darkness - lights lit,619530,243390,1.199976,E01029966,1,2,0,0,Dry,Single carriageway,None,40,21:45:00,Urban,Fine no high winds,No,16 - 20,9,Urban area,5,49,None,None,Other/Not known (2005-10),Not at or within 20 metres of junction,DERBI,GPR 50,Petrol,Male,None,No tow/articulation,Did not leave carriageway,0,Slowing or stopping,2,Motorcycle 50cc and under,No,Back,2010
2010400C00584,Unclassified,0,NA,0,Slight,None,22-02-2010,Monday,1,Data missing or out of range,Not at junction or within 20 metres,51.887308,Darkness - lights lit,509900,222180,-0.404531,E01015742,2,3,0,0,Wet or damp,Single carriageway,None,30,22:00:00,Urban,Fine no high winds,No,16 - 20,9,Urban area,10,1242,None,None,Other/Not known (2005-10),Not at or within 20 metres of junction,FORD,FIESTA FREESTYLE,Petrol,Male,None,No tow/articulation,Did not leave carriageway,0,Going ahead other,2,Car,No,Front,2010
2010400C03033,Unclassified,0,Unclassified,0,Slight,None,16-09-2010,Thursday,1,Give way or uncontrolled,T or staggered junction,51.897163,Darkness - lights lit,510970,223300,-0.38863,E01015813,4,2,0,0,Dry,Single carriageway,None,30,21:29:00,Urban,Fine no high winds,No,16 - 20,9,Urban area,5,973,None,None,Other/Not known (2005-10),Mid Junction - on roundabout or on main road,VAUXHALL,CORSA COMFORT 12V,Petrol,Male,None,No tow/articulation,Did not leave carriageway,0,Turning right,2,Car,No,Nearside,2010
2010401C00533,Unclassified,0,NA,0,Slight,None,02-11-2010,Tuesday,1,Data missing or out of range,Not at junction or within 20 metres,51.882815,Darkness - lights lit,509900,221680,-0.40469,E01015720,1,1,0,0,Dry,Single carriageway,None,30,22:41:00,Urban,Fine no high winds,No,16 - 20,9,Urban area,5,1124,None,None,Other/Not known (2005-10),Not at or within 20 metres of junction,PEUGEOT,106 XN ZEST 2,Petrol,Male,None,No tow/articulation,Did not leave carriageway,0,Moving off,1,Car,No,Did not impact,2010
20104100B0039,A,1000,NA,0,Slight,None,17-01-2010,Sunday,1,Not at junction or within 20 metres,Not at junction or within 20 metres,51.736924,Darkness - lights lit,524210,205780,-0.20258,E01023964,2,2,0,0,Dry,Single carriageway,None,40,19:25:00,Rural,Fine no high winds,No,16 - 20,9,Urban area,6,1242,None,None,Other/Not known (2005-10),Not at or within 20 metres of junction,FORD,FIESTA BLACK,Petrol,Male,Skidded,No tow/articulation,Did not leave carriageway,0,Going ahead other,1,Car,No,Front,2010
20104100J0297,Unclassified,47,Unclassified,750,Slight,None,08-05-2010,Saturday,1,Give way or uncontrolled,T or staggered junction,51.639334,Darkness - lights lit,515300,194710,-0.33521,E01023548,1,2,0,0,Wet or damp,Single carriageway,None,30,01:04:00,Urban,Fine no high winds,No,16 - 20,9,Urban area,2,1199,None,None,Other/Not known (2005-10),Mid Junction - on roundabout or on main road,VAUXHALL,CORSA SXI 16V SEMI-AUTO,Petrol,Male,None,No tow/articulation,Did not leave carriageway,0,Going ahead other,1,Car,No,Front,2010
20104100J0675,A,5183,Unclassified,810,Slight,None,26-11-2010,Friday,1,Give way or uncontrolled,T or staggered junction,51.64572,Darkness - lights lit,517880,195480,-0.297684,E01023564,1,3,0,0,Wet or damp,Single carriageway,None,30,20:30:00,Rural,Fine no high winds,No,16 - 20,9,Urban area,8,1242,Parked vehicle,None,Other/Not known (2005-10),Cleared junction or waiting/parked at junction exit,FORD,FIESTA FREESTYLE,Petrol,Male,Skidded,No tow/articulation,Did not leave carriageway,0,Going ahead other,2,Car,No,Front,2010
20104100K0220,Unclassified,248,Unclassified,796,Slight,None,22-03-2010,Monday,1,Give way or uncontrolled,Roundabout,51.709228,Darkness - lights lit,534050,202950,-0.061248,E01023314,2,1,0,0,Dry,Roundabout,None,30,20:48:00,Urban,Fine no high winds,No,16 - 20,9,Urban area,6,1598,Bollard or refuge,Tree,Other/Not known (2005-10),Leaving roundabout,VOLKSWAGEN,LUPO GTI,Petrol,Male,Skidded,No tow/articulation,Offside,0,Going ahead other,1,Car,No,Offside,2010
20104100K0298,B,156,C,54,Slight,None,20-06-2010,Sunday,1,Give way or uncontrolled,Roundabout,51.709389,Darkness - lights lit,534880,202990,-0.049227,E01023295,1,2,0,4,Dry,Roundabout,None,30,01:05:00,Urban,Fine no high winds,No,16 - 20,9,Urban area,6,1242,None,Other permanent object,Commuting to/from work,Mid Junction - on roundabout or on main road,FIAT,PUNTO ELX 8V,Petrol,Male,None,No tow/articulation,Nearside and rebounded,0,Going ahead other,1,Car,No,Front,2010
20104100K0599,A,121,A,121,Slight,None,06-12-2010,Monday,1,Give way or uncontrolled,Roundabout,51.685954,Darkness - lights lit,536290,200420,-0.029836,E01023337,1,2,0,0,Wet or damp,Dual carriageway,None,40,17:40:00,Urban,Fine no high winds,No,16 - 20,9,Urban area,4,1242,None,None,Other/Not known (2005-10),Cleared junction or waiting/parked at junction exit,FORD,FIESTA BLACK,Petrol,Male,Skidded,No tow/articulation,Did not leave carriageway,0,Going ahead left-hand bend,1,Car,No,Front,2010
201042I033402,A,132,Unclassified,0,Slight,None,07-02-2010,Sunday,1,Give way or uncontrolled,Roundabout,51.563448,Darkness - lights lit,573680,187930,0.504362,E01021310,2,1,0,0,Wet or damp,Roundabout,None,50,23:30:00,Urban,Fine no high winds,No,16 - 20,9,Urban area,9,1199,Kerb,Tree,Other/Not known (2005-10),Mid Junction - on roundabout or on main road,VAUXHALL,CORSA CLUB 16V,Petrol,Male,Skidded,No tow/articulation,Nearside,0,Going ahead right-hand bend,1,Car,No,Front,2010
201042I089703,A,123,NA,0,Slight,None,26-03-2010,Friday,2,Not at junction or within 20 metres,Not at junction or within 20 metres,51.611372,Darkness - lights lit,544220,192340,0.08147,E01021767,1,4,0,0,Wet or damp,Single carriageway,None,30,22:45:00,Urban,Fine no high winds,No,16 - 20,9,Urban area,6,1124,None,None,Other/Not known (2005-10),Not at or within 20 metres of junction,PEUGEOT,206 LOOK,Petrol,Male,None,No tow/articulation,Did not leave carriageway,0,Slowing or stopping,2,Car,No,Front,2010
201042I432112,Unclassified,0,NA,0,Slight,None,27-12-2010,Monday,1,Not at junction or within 20 metres,Not at junction or within 20 metres,51.788504,Darkness - lights lit,617520,214690,1.152597,E01022025,1,1,0,0,Dry,One way street,None,30,18:30:00,Urban,Fine no high winds,No,16 - 20,9,Rural,3,1896,None,None,Other/Not known (2005-10),Not at or within 20 metres of junction,AUDI,A4 TDI SPORT,Heavy oil,Male,None,No tow/articulation,Did not leave carriageway,0,Going ahead other,1,Car,No,Front,2010
201043P106050,A,4260,Unclassified,0,Slight,None,01-05-2010,Saturday,1,Give way or uncontrolled,T or staggered junction,51.81573,Darkness - lights lit,449620,213260,-1.281581,E01028492,1,2,0,0,Dry,Single carriageway,None,30,02:10:00,Urban,Fine no high winds,No,16 - 20,9,Rural,8,1396,None,None,Other/Not known (2005-10),Approaching junction or waiting/parked at junction approach,ROVER,25 IL 16V,Petrol,Male,None,No tow/articulation,Did not leave carriageway,0,Going ahead other,2,Car,No,Front,2010
201043P218040,Unclassified,354,Unclassified,0,Slight,None,21-04-2010,Wednesday,1,Give way or uncontrolled,T or staggered junction,51.592101,Darkness - lights lit,455740,188450,-1.196767,E01028649,1,1,0,0,Dry,Single carriageway,None,30,21:51:00,Rural,Fine no high winds,No,16 - 20,9,Urban area,5,1870,None,Tree,Other/Not known (2005-10),Mid Junction - on roundabout or on main road,RENAULT,KANGOO 865 1.9D,Heavy oil,Male,Skidded and overturned,No tow/articulation,Nearside,0,Turning left,1,Van / Goods 3.5 tonnes mgw or under,No,Offside,2010
201043P332060,A,423,A,34,Slight,None,25-06-2010,Friday,1,Auto traffic signal,Roundabout,51.727571,Darkness - lights lit,451190,203470,-1.260247,E01028733,1,2,0,0,Dry,Roundabout,None,60,23:45:00,Rural,Fine no high winds,No,16 - 20,9,Urban area,9,1984,None,None,Other/Not known (2005-10),Mid Junction - on roundabout or on main road,VOLKSWAGEN,GOLF GTI (115 BHP),Petrol,Male,None,No tow/articulation,Did not leave carriageway,0,Turning right,1,Car,No,Offside,2010
201043S057120,A,422,Unclassified,1132,Slight,None,08-12-2010,Wednesday,2,Give way or uncontrolled,T or staggered junction,52.055788,Darkness - lights lit,483850,240420,-0.77849,E01016717,1,2,0,0,Wet or damp,Dual carriageway,None,70,17:05:00,Urban,Fine no high winds,No,16 - 20,9,Urban area,5,1397,None,None,Other/Not known (2005-10),Mid Junction - on roundabout or on main road,SKODA,FABIA CLASSIC 8V,Petrol,Male,None,No tow/articulation,Did not leave carriageway,0,Going ahead other,1,Car,No,Front,2010
201043W135090,Unclassified,7113,NA,0,Slight,None,16-09-2010,Thursday,1,Not at junction or within 20 metres,Not at junction or within 20 metres,51.393852,Darkness - lights lit,465060,166510,-1.066283,E01016267,1,2,0,0,Dry,Single carriageway,None,30,20:12:00,Rural,Fine no high winds,No,16 - 20,9,Urban area,5,1587,None,None,Other/Not known (2005-10),Not at or within 20 metres of junction,PEUGEOT,206 ROLAND GARROS,Petrol,Male,None,No tow/articulation,Did not leave carriageway,0,Going ahead other,1,Car,No,Front,2010