Accident_Index,1st_Road_Class,1st_Road_Number,2nd_Road_Class,2nd_Road_Number,Accident_Severity,Carriageway_Hazards,Date,Day_of_Week,Did_Police_Officer_Attend_Scene_of_Accident,Junction_Control,Junction_Detail,Latitude,Light_Conditions,Location_Easting_OSGR,Location_Northing_OSGR,Longitude,LSOA_of_Accident_Location,Number_of_Casualties,Number_of_Vehicles,Pedestrian_Crossing-Human_Control,Pedestrian_Crossing-Physical_Facilities,Road_Surface_Conditions,Road_Type,Special_Conditions_at_Site,Speed_limit,Time,Urban_or_Rural_Area,Weather_Conditions,InScotland,Age_Band_of_Driver,Age_of_Vehicle,Driver_Home_Area_Type,Driver_IMD_Decile,Engine_Capacity_.CC.,Hit_Object_in_Carriageway,Hit_Object_off_Carriageway,Journey_Purpose_of_Driver,Junction_Location,make,model,Propulsion_Code,Sex_of_Driver,Skidding_and_Overturning,Towing_and_Articulation,Vehicle_Leaving_Carriageway,Vehicle_Location.Restricted_Lane,Vehicle_Manoeuvre,Vehicle_Reference,Vehicle_Type,Was_Vehicle_Left_Hand_Drive,X1st_Point_of_Impact,Year
201045EL52221,A,307,NA,0,Slight,None,06-07-2010,Tuesday,1,Data missing or out of range,Not at junction or within 20 metres,51.387893,Darkness - lights lit,516430,166760,-0.328111,E01030350,3,2,0,0,Dry,Single carriageway,None,30,01:31:00,Urban,Fine no high winds,No,16 - 20,9,Urban area,10,973,None,None,Other/Not known (2005-10),Not at or within 20 metres of junction,VAUXHALL,CORSA EXPRESSION 12V,Petrol,Male,Skidded,No tow/articulation,Did not leave carriageway,0,Going ahead other,1,Car,No,Front,2010
201045GU49724,A,322,A,323,Slight,None,04-03-2010,Thursday,1,Auto traffic signal,Crossroads,51.249595,Darkness - lights lit,498620,151000,-0.588336,E01030495,1,2,0,1,Dry,Unknown,None,30,19:50:00,Urban,Fine no high winds,No,16 - 20,9,Urban area,7,1390,None,None,Other/Not known (2005-10),Mid Junction - on roundabout or on main road,VOLKSWAGEN,POLO S,Petrol,Male,None,No tow/articulation,Did not leave carriageway,0,Turning right,1,Car,No,Front,2010
201045GU54518,A,25,A,3100,Slight,None,19-09-2010,Sunday,1,Give way or uncontrolled,Roundabout,51.248812,Darkness - lights lit,501040,150960,-0.553684,E01030438,1,1,0,0,Dry,Roundabout,None,30,22:20:00,Urban,Fine no high winds,No,16 - 20,9,Urban area,10,1396,Kerb,None,Other/Not known (2005-10),Leaving roundabout,ROVER,25 IL 16V,Petrol,Male,Skidded,No tow/articulation,Did not leave carriageway,0,Turning right,1,Car,No,Nearside,2010
201045RE56276,Motorway,25,NA,0,Slight,None,25-11-2010,Thursday,1,Data missing or out of range,Not at junction or within 20 metres,51.264665,Darkness - lights lit,530160,153380,-0.135778,E01030601,4,3,0,0,Dry,Dual carriageway,None,70,17:16:00,Rural,Fine no high winds,No,16 - 20,9,Small town,8,1199,None,None,Other/Not known (2005-10),Not at or within 20 metres of junction,VAUXHALL,CORSA COMFORT 16V,Petrol,Male,None,No tow/articulation,Did not leave carriageway,0,Going ahead other,3,Car,No,Front,2010
201050DE2V001,Unclassified,0,Unclassified,0,Slight,None,04-01-2010,Monday,1,Auto traffic signal,T or staggered junction,50.701275,Darkness - lights lit,294710,90140,-3.492359,E01020035,1,2,0,0,Wet or damp,Dual carriageway,None,40,18:06:00,Urban,Fine no high winds,No,16 - 20,9,Urban area,7,1124,None,None,Commuting to/from work,Entering main road,PEUGEOT,106 INDEPENDENCE,Petrol,Male,None,No tow/articulation,Did not leave carriageway,0,Moving off,1,Car,No,Front,2010
201050ED2N032,Unclassified,0,Unclassified,0,Slight,None,15-07-2010,Thursday,1,Give way or uncontrolled,T or staggered junction,50.37663,Darkness - lights lit,246480,55210,-4.160493,E01015173,1,1,0,0,Dry,Single carriageway,None,30,03:07:00,Urban,Fine no high winds,No,16 - 20,9,Data missing or out of range,NA,1360,None,Tree,Other/Not known (2005-10),Approaching junction or waiting/parked at junction approach,PEUGEOT,206 QUICKSILVER,Petrol,Male,None,No tow/articulation,Nearside,0,Going ahead other,1,Car,No,Front,2010
201050EL2G017,A,386,A,386,Slight,None,14-07-2010,Wednesday,1,Auto traffic signal,Roundabout,50.418362,Darkness - lights lit,249380,59770,-4.121566,E01015092,1,2,0,0,Dry,Dual carriageway,None,40,22:27:00,Urban,Fine no high winds,No,16 - 20,9,Urban area,8,1396,None,None,Journey as part of work,Entering roundabout,ROVER,25 IL 16V,Petrol,Male,None,No tow/articulation,Did not leave carriageway,0,Reversing,1,Car,No,Back,2010
201050FT2E003,B,3199,NA,0,Slight,None,19-02-2010,Friday,2,Not at junction or within 20 metres,Not at junction or within 20 metres,50.461797,Darkness - lights lit,291840,63560,-3.525245,E01015256,1,1,0,0,Dry,Single carriageway,None,30,01:33:00,Urban,Fine no high winds,No,16 - 20,9,Data missing or out of range,NA,999,None,None,Other/Not known (2005-10),Not at or within 20 metres of junction,VOLKSWAGEN,POLO E,Petrol,Male,None,No tow/articulation,Did not leave carriageway,0,Going ahead other,1,Car,No,Front,2010
201050GA2Q036,C,282,NA,0,Slight,None,01-09-2010,Wednesday,1,Not at junction or within 20 metres,Not at junction or within 20 metres,50.341284,Darkness - lights lit,202400,52740,-4.778452,E01019042,2,2,0,0,Dry,Single carriageway,None,60,22:49:00,Urban,Fine no high winds,No,16 - 20,9,Urban area,6,973,None,None,Other/Not known (2005-10),Not at or within 20 metres of junction,VAUXHALL,CORSA CLUB 12V,Petrol,Male,None,No tow/articulation,Did not leave carriageway,0,Waiting to turn right,1,Car,No,Front,2010
201050KC2W002,Unclassified,0,Unclassified,0,Slight,None,27-06-2010,Sunday,2,Give way or uncontrolled,More than 4 arms (not roundabout),50.793281,Darkness - lights lit,282760,100630,-3.664848,E01020061,1,2,0,0,Dry,Single carriageway,None,30,02:40:00,Rural,Fine no high winds,No,16 - 20,9,Rural,5,1769,None,None,Other/Not known (2005-10),Mid Junction - on roundabout or on main road,NISSAN,ALMERA TINO S,Petrol,Male,None,No tow/articulation,Did not leave carriageway,0,Going ahead other,1,Car,No,Nearside,2010
201050KE2E001,Unclassified,0,Unclassified,0,Slight,None,01-03-2010,Monday,1,Give way or uncontrolled,Private drive or entrance,50.63571,Darkness - lights lit,301220,82720,-3.39822,E01019923,2,2,0,0,Wet or damp,Single carriageway,None,30,18:45:00,Urban,Fine no high winds,No,16 - 20,9,Urban area,4,1242,None,None,Other/Not known (2005-10),Approaching junction or waiting/parked at junction approach,FIAT,PUNTO 60,Petrol,Male,None,No tow/articulation,Did not leave carriageway,0,Going ahead other,1,Car,No,Front,2010
20105500C1080,Unclassified,0,Unclassified,0,Slight,None,21-03-2010,Sunday,1,Give way or uncontrolled,T or staggered junction,50.725483,Darkness - lights lit,398440,91770,-2.023487,E01015430,1,2,0,0,Dry,Single carriageway,None,30,19:45:00,Urban,Fine no high winds,No,16 - 20,9,Urban area,6,1396,None,None,Other/Not known (2005-10),Mid Junction - on roundabout or on main road,ROVER,45 IMPRESSION,Petrol,Male,None,No tow/articulation,Did not leave carriageway,0,Turning right,1,Car,No,Front,2010
20105500D1123,B,3159,NA,0,Slight,None,25-03-2010,Thursday,1,Not at junction or within 20 metres,Not at junction or within 20 metres,50.664519,Darkness - lights lit,366250,85100,-2.478922,E01020570,3,2,0,0,Dry,Single carriageway,None,30,01:05:00,Rural,Fine no high winds,No,16 - 20,9,Urban area,4,1124,None,None,Other/Not known (2005-10),Not at or within 20 metres of junction,PEUGEOT,106 XN ZEST 2,Petrol,Male,None,No tow/articulation,Did not leave carriageway,0,Parked,2,Car,No,Offside,2010
2010550C23987,A,350,NA,0,Slight,None,09-06-2010,Wednesday,1,Not at junction or within 20 metres,Not at junction or within 20 metres,50.724946,Darkness - lights lit,400620,91710,-1.992601,E01015465,4,1,0,0,Dry,Dual carriageway,None,50,21:35:00,Rural,Fine no high winds,No,16 - 20,9,Urban area,3,1149,Kerb,Central crash barrier,Other/Not known (2005-10),Not at or within 20 metres of junction,RENAULT,CLIO EXPRESSION 16V,Petrol,Male,Skidded and overturned,No tow/articulation,Offside on to centrl res + rebounded,0,Changing lane to left,1,Car,No,Front,2010
2010550D43664,C,50,B,3072,Slight,None,04-10-2010,Monday,1,Auto traffic signal,Crossroads,50.808439,Darkness - lights lit,407690,101000,-1.892246,E01020391,2,2,0,5,Dry,Single carriageway,None,30,21:20:00,Urban,Fine no high winds,No,16 - 20,9,Urban area,10,1461,None,None,Other/Not known (2005-10),Mid Junction - on roundabout or on main road,RENAULT,CLIO EXPRESSION DCI 65,Heavy oil,Male,None,No tow/articulation,Did not leave carriageway,0,Turning right,2,Car,No,Front,2010
2010550D52039,C,901,Unclassified,0,Slight,None,24-11-2010,Wednesday,1,Give way or uncontrolled,T or staggered junction,50.608328,Darkness - lights lit,366480,78850,-2.475101,E01020577,1,2,0,0,Dry,Single carriageway,None,30,18:38:00,Urban,Fine no high winds,No,16 - 20,9,Urban area,8,1242,None,None,Other/Not known (2005-10),Approaching junction or waiting/parked at junction approach,FORD,FIESTA FREESTYLE,Petrol,Male,None,No tow/articulation,Did not leave carriageway,0,Going ahead other,2,Car,No,Front,2010
201060L020676,A,499,Unclassified,0,Slight,None,05-02-2010,Friday,1,Give way or uncontrolled,T or staggered junction,52.859748,Darkness - lights lit,233240,332020,-4.478482,W01000080,2,2,0,0,Dry,Single carriageway,None,40,18:54:00,Rural,Fine no high winds,No,16 - 20,9,Rural,NA,1461,None,None,Other/Not known (2005-10),Approaching junction or waiting/parked at junction approach,RENAULT,CLIO EXPRESSION DCI 65,Heavy oil,Male,None,No tow/articulation,Did not leave carriageway,0,Going ahead other,2,Car,No,Front,2010
201001FH10664,A,4,A,306,Slight,None,18-09-2010,Saturday,1,Auto traffic signal,Roundabout,51.491186,Darkness - lights lit,523120,178410,-0.227965,E01001894,1,2,0,5,Dry,Slip road,None,30,20:30:00,Urban,Fine no high winds,No,16 - 20,9,Data missing or out of range,NA,599,None,None,Other/Not known (2005-10),Approaching junction or waiting/parked at junction approach,MCC,SMART PULSE SEMI-AUTO,Petrol,Male,None,No tow/articulation,Did not leave carriageway,0,Going ahead left-hand bend,1,Car,No,Front,2010
201001JC30159,A,112,Unclassified,0,Slight,None,03-04-2010,Saturday,2,Give way or uncontrolled,T or staggered junction,51.615957,Darkness - lights lit,537380,192660,-0.017124,E01004417,1,2,0,0,Dry,Single carriageway,None,30,21:30:00,Urban,Fine no high winds,No,16 - 20,9,Urban area,3,1242,None,None,Other/Not known (2005-10),Mid Junction - on roundabout or on main road,FIAT,PUNTO ELX 8V,Petrol,Male,None,No tow/articulation,Did not leave carriageway,0,Overtaking moving vehicle - offside,1,Car,No,Nearside,2010
201001JC30466,A,1069,Unclassified,0,Slight,None,13-09-2010,Monday,1,Give way or uncontrolled,T or staggered junction,51.630917,Darkness - lights lit,538670,194360,0.002168,E01004354,2,2,0,1,Dry,Single carriageway,None,30,21:00:00,Urban,Fine no high winds,No,16 - 20,9,Urban area,4,1299,None,None,Other/Not known (2005-10),Mid Junction - on roundabout or on main road,FORD,KA COLLECTION,Petrol,Male,None,No tow/articulation,Did not leave carriageway,0,Turning right,2,Car,No,Nearside,2010
201001KD50578,A,125,NA,0,Slight,None,20-10-2010,Wednesday,1,Data missing or out of range,Not at junction or within 20 metres,51.541441,Darkness - lights lit,551850,184780,0.188315,E01002266,2,2,0,0,Dry,Single carriageway,None,30,19:05:00,Urban,Fine no high winds,No,16 - 20,9,Urban area,1,1242,None,None,Other/Not known (2005-10),Not at or within 20 metres of junction,FIAT,PUNTO ELX 16V,Petrol,Male,None,No tow/articulation,Did not leave carriageway,0,Going ahead other,2,Car,No,Front,2010
201001KD50594,C,0,A,118,Slight,None,04-11-2010,Thursday,1,Give way or uncontrolled,Roundabout,51.592334,Darkness - lights lit,553370,190490,0.212707,E01002383,1,2,0,0,Dry,Roundabout,None,30,05:46:00,Urban,Fine no high winds,No,16 - 20,9,Urban area,3,124,None,None,Other/Not known (2005-10),Mid Junction - on roundabout or on main road,PIAGGIO,ZIP 125,Petrol,Male,None,No tow/articulation,Did not leave carriageway,0,Going ahead right-hand bend,1,Motorcycle 125cc and under,No,Offside,2010
201001MM70073,A,3200,Unclassified,0,Slight,None,03-02-2010,Wednesday,1,Give way or uncontrolled,T or staggered junction,51.504624,Darkness - lights lit,532460,180140,-0.092858,E01003929,1,2,0,0,Wet or damp,Single carriageway,None,30,23:30:00,Urban,Fine no high winds,No,16 - 20,9,Urban area,3,124,None,None,Other/Not known (2005-10),Approaching junction or waiting/parked at junction approach,GILERA,COGUAR,Petrol,Male,None,No tow/articulation,Did not leave carriageway,0,Going ahead other,2,Motorcycle 125cc and under,No,Front,2010
201001MM70773,A,100,NA,0,Slight,None,12-09-2010,Sunday,1,Data missing or out of range,Not at junction or within 20 metres,51.496357,Darkness - lights lit,533220,179240,-0.082254,E01003979,1,1,0,0,Dry,Single carriageway,None,30,19:42:00,Urban,Fine no high winds,No,16 - 20,9,Urban area,5,1390,None,None,Other/Not known (2005-10),Not at or within 20 metres of junction,RENAULT,MEGANE DYNAMIQUE COUPE,Petrol,Male,None,No tow/articulation,Did not leave carriageway,0,Going ahead other,1,Car,No,Front,2010
201001PL60406,B,218,Unclassified,0,Slight,None,27-06-2010,Sunday,1,Give way or uncontrolled,T or staggered junction,51.457709,Darkness - lights lit,536640,175030,-0.034643,E01003231,1,2,0,0,Dry,Single carriageway,None,30,23:19:00,Urban,Fine no high winds,No,16 - 20,9,Urban area,4,125,None,None,Other/Not known (2005-10),Mid Junction - on roundabout or on main road,HONDA,SH125,Petrol,Male,None,No tow/articulation,Did not leave carriageway,0,Overtaking moving vehicle - offside,1,Motorcycle 125cc and under,No,Nearside,2010
201001PY20582,Unclassified,0,Unclassified,0,Slight,None,02-10-2010,Saturday,1,Give way or uncontrolled,Crossroads,51.388492,Darkness - lights lit,546460,167600,0.103535,E01000733,2,2,0,0,Dry,Single carriageway,None,30,20:52:00,Urban,Fine no high winds,No,16 - 20,9,Urban area,9,1324,None,None,Other/Not known (2005-10),Mid Junction - on roundabout or on main road,MAZDA,323F LXI,Petrol,Male,None,No tow/articulation,Did not leave carriageway,0,Turning right,1,Car,No,Offside,2010
201001QK50189,C,0,C,0,Slight,None,13-04-2010,Tuesday,1,Give way or uncontrolled,T or staggered junction,51.573554,Darkness - lights lit,518290,187460,-0.294465,E01000487,1,2,0,0,Dry,Single carriageway,None,30,23:05:00,Urban,Fine no high winds,No,16 - 20,9,Urban area,3,124,None,None,Other/Not known (2005-10),Mid Junction - on roundabout or on main road,PIAGGIO,NEW SKIPPER,Petrol,Male,None,No tow/articulation,Did not leave carriageway,0,Overtaking moving vehicle - offside,2,Motorcycle 125cc and under,No,Front,2010
201001RY10454,Unclassified,0,NA,0,Slight,None,30-10-2010,Saturday,1,Data missing or out of range,Not at junction or within 20 metres,51.470719,Darkness - lights lit,552220,176920,0.190257,E01000432,1,1,0,0,Dry,Single carriageway,None,30,18:30:00,Urban,Fine no high winds,No,16 - 20,9,Urban area,2,1997,Kerb,Telegraph or electricity pole,Other/Not known (2005-10),Not at or within 20 metres of junction,PEUGEOT,206 LX HDI,Heavy oil,Male,None,No tow/articulation,Offside,0,Going ahead other,1,Car,No,Offside,2010
201001SX20848,A,1000,NA,0,Slight,None,12-08-2010,Thursday,1,Data missing or out of range,Not at junction or within 20 metres,51.603497,Darkness - lights lit,526500,190990,-0.174785,E01000316,2,2,0,0,Dry,Single carriageway,None,30,20:30:00,Urban,Fine no high winds,No,16 - 20,9,Urban area,3,999,None,None,Other/Not known (2005-10),Not at or within 20 metres of junction,VOLKSWAGEN,POLO E,Petrol,Male,None,No tow/articulation,Did not leave carriageway,0,Going ahead other,2,Car,No,Nearside,2010
201001SX21256,Unclassified,0,Unclassified,0,Slight,None,22-11-2010,Monday,1,Give way or uncontrolled,T or staggered junction,51.563286,Darkness - lights lit,525470,186490,-0.191257,E01000136,1,1,0,0,Wet or damp,Single carriageway,None,30,18:50:00,Urban,Fine no high winds,No,16 - 20,9,Urban area,6,1598,None,Other permanent object,Other/Not known (2005-10),Cleared junction or waiting/parked at junction exit,MINI,MINI ONE,Petrol,Male,None,No tow/articulation,Nearside,0,Overtaking - nearside,1,Car,No,Front,2010
201001TX20113,A,4,A,4,Slight,None,26-02-2010,Friday,1,Auto traffic signal,T or staggered junction,51.48262,Darkness - lights lit,515580,177280,-0.336891,E01002675,4,2,0,5,Dry,Single carriageway,None,30,21:52:00,Urban,Fine no high winds,No,16 - 20,9,Data missing or out of range,NA,1896,None,None,Other/Not known (2005-10),Entering main road,AUDI,A4 TDI SE,Heavy oil,Male,None,No tow/articulation,Did not leave carriageway,0,Going ahead other,2,Car,No,Front,2010
201001TX20518,C,0,Unclassified,0,Slight,None,09-08-2010,Monday,1,Give way or uncontrolled,T or staggered junction,51.430126,Darkness - lights lit,512020,171360,-0.390011,E01002610,1,2,0,0,Dry,Single carriageway,None,30,22:02:00,Urban,Fine no high winds,No,16 - 20,9,Urban area,7,49,None,None,Other/Not known (2005-10),Mid Junction - on roundabout or on main road,PIAGGIO,ET2,Petrol,Male,None,No tow/articulation,Did not leave carriageway,0,Turning right,1,Motorcycle 50cc and under,No,Front,2010
201001TX20621,C,0,NA,0,Slight,None,23-09-2010,Thursday,1,Data missing or out of range,Not at junction or within 20 metres,51.467512,Darkness - lights lit,513400,175550,-0.368827,E01002664,1,2,0,0,Dry,One way street,None,30,21:11:00,Urban,Fine no high winds,No,16 - 20,9,Urban area,4,1590,None,None,Other/Not known (2005-10),Not at or within 20 metres of junction,HONDA,CIVIC SE,Petrol,Male,None,No tow/articulation,Did not leave carriageway,0,Slowing or stopping,2,Car,No,Front,2010
201001XD80046,Unclassified,0,Unclassified,0,Slight,None,17-01-2010,Sunday,1,Give way or uncontrolled,T or staggered junction,51.512957,Darkness - lights lit,521360,180790,-0.252485,E01001241,1,1,0,0,Dry,Single carriageway,None,30,21:30:00,Urban,Fine no high winds,No,16 - 20,9,Urban area,4,1242,None,None,Other/Not known (2005-10),Entering main road,FORD,FIESTA BLACK,Petrol,Male,None,No tow/articulation,Did not leave carriageway,0,Reversing,1,Car,No,Back,2010
201001YE80540,A,111,Unclassified,0,Slight,None,19-06-2010,Saturday,1,Give way or uncontrolled,Roundabout,51.633868,Darkness - lights lit,529290,194440,-0.133249,E01001519,1,2,0,0,Dry,Roundabout,None,30,02:31:00,Urban,Fine no high winds,No,16 - 20,9,Urban area,8,999,None,None,Other/Not known (2005-10),Mid Junction - on roundabout or on main road,VOLKSWAGEN,POLO E,Petrol,Male,None,No tow/articulation,Did not leave carriageway,0,Going ahead other,1,Car,No,Nearside,2010
201001YE80658,A,105,A,1004,Slight,None,25-09-2010,Saturday,1,Auto traffic signal,T or staggered junction,51.617477,Darkness - lights lit,531000,192660,-0.10922,E01001498,1,1,0,5,Dry,Single carriageway,None,30,00:40:00,Urban,Fine no high winds,No,16 - 20,9,Urban area,10,998,None,None,Other/Not known (2005-10),Approaching junction or waiting/parked at junction approach,TOYOTA,YARIS GLS,Petrol,Male,None,No tow/articulation,Did not leave carriageway,0,Going ahead other,1,Car,No,Nearside,2010
201001YR90908,C,0,NA,0,Slight,None,29-01-2010,Friday,1,Data missing or out of range,Not at junction or within 20 metres,51.606583,Darkness - lights lit,532240,191480,-0.091765,E01002093,1,2,0,0,Wet or damp,Single carriageway,None,30,17:53:00,Urban,Fine no high winds,No,16 - 20,9,Urban area,1,1397,None,None,Other/Not known (2005-10),Not at or within 20 metres of junction,MERCEDES,A140 CLASSIC AUTO,Petrol,Male,None,No tow/articulation,Did not leave carriageway,0,Going ahead other,2,Car,No,Front,2010
201001ZT80257,A,24,NA,0,Slight,None,31-07-2010,Saturday,1,Data missing or out of range,Not at junction or within 20 metres,51.370599,Darkness - lights lit,523420,165000,-0.228315,E01004118,4,2,0,5,Dry,Single carriageway,None,30,23:24:00,Urban,Fine no high winds,No,16 - 20,9,Data missing or out of range,NA,1242,None,None,Other/Not known (2005-10),Not at or within 20 metres of junction,FORD,FIESTA BLACK,Petrol,Male,None,No tow/articulation,Did not leave carriageway,0,Going ahead other,1,Car,No,Front,2010
201004AN10124,A,587,Unclassified,0,Slight,None,29-10-2010,Friday,1,Auto traffic signal,T or staggered junction,53.871651,Darkness - lights lit,331540,442220,-3.042696,E01012663,2,2,0,5,Dry,Dual carriageway,None,30,22:12:00,Urban,Fine no high winds,No,16 - 20,9,Urban area,5,1360,None,None,Other/Not known (2005-10),Approaching junction or waiting/parked at junction approach,CITROEN,SAXO FURIO,Petrol,Male,None,No tow/articulation,Did not leave carriageway,0,Going ahead other,1,Car,No,Front,2010
201004BB10064,Unclassified,0,Unclassified,0,Slight,None,02-05-2010,Sunday,1,Give way or uncontrolled,Crossroads,54.064986,Darkness - lights lit,342900,463580,-2.873953,E01025113,1,2,0,0,Dry,Single carriageway,None,30,00:14:00,Urban,Fine no high winds,No,16 - 20,9,Urban area,9,1124,None,None,Other/Not known (2005-10),Entering main road,CITROEN,SAXO FORTE,Petrol,Male,None,No tow/articulation,Offside,0,Going ahead other,1,Car,No,Offside,2010
201004BC10117,A,587,Unclassified,0,Slight,None,05-06-2010,Saturday,1,Give way or uncontrolled,T or staggered junction,53.879499,Darkness - lights lit,331770,443090,-3.039392,E01025604,1,2,0,0,Dry,Single carriageway,None,30,21:10:00,Urban,Fine no high winds,No,16 - 20,9,Urban area,1,85,None,Other permanent object,Journey as part of work,Mid Junction - on roundabout or on main road,HONDA,C90M,Petrol,Male,None,No tow/articulation,Offside,0,Going ahead other,1,Motorcycle 125cc and under,No,Nearside,2010
201004BC10245,Unclassified,0,B,5412,Slight,None,05-11-2010,Friday,1,Give way or uncontrolled,T or staggered junction,53.876719,Darkness - lights lit,331810,442780,-3.038715,E01025604,1,2,0,0,Wet or damp,Single carriageway,None,30,17:45:00,Urban,Fine no high winds,No,16 - 20,9,Urban area,5,1527,None,None,Other/Not known (2005-10),Entering main road,CITROEN,SAXO DESIRE,Heavy oil,Male,None,No tow/articulation,Did not leave carriageway,0,Turning right,1,Car,No,Offside,2010
201004CC10105,B,6227,Unclassified,0,Slight,None,07-10-2010,Thursday,1,Give way or uncontrolled,T or staggered junction,53.615001,Darkness - lights lit,360340,413330,-2.600996,E01024916,1,2,0,0,Dry,Single carriageway,None,30,19:10:00,Rural,Fine no high winds,No,16 - 20,9,Small town,7,49,None,None,Other/Not known (2005-10),Mid Junction - on roundabout or on main road,APRILIA,,Petrol,Male,None,No tow/articulation,Did not leave carriageway,0,Going ahead other,2,Motorcycle 50cc and under,No,Front,2010
201004DA10120,A,59,NA,0,Slight,None,05-11-2010,Friday,1,Data missing or out of range,Not at junction or within 20 metres,53.759656,Darkness - lights lit,353260,429490,-2.710453,E01025289,1,2,0,0,Wet or damp,Dual carriageway,None,30,22:18:00,Urban,Fine no high winds,No,16 - 20,9,Small town,10,1686,None,Telegraph or electricity pole,Other/Not known (2005-10),Not at or within 20 metres of junction,VAUXHALL,CORSA COMFORT DI,Heavy oil,Male,None,No tow/articulation,Did not leave carriageway,0,Going ahead left-hand bend,2,Car,No,Offside,2010
201004DF10069,Unclassified,0,NA,0,Slight,None,23-08-2010,Monday,1,Data missing or out of range,Not at junction or within 20 metres,53.769044,Darkness - lights lit,354740,430520,-2.688157,E01025244,1,1,0,0,Dry,Single carriageway,None,20,23:20:00,Urban,Fine no high winds,No,16 - 20,9,Urban area,2,1149,None,None,Other/Not known (2005-10),Not at or within 20 metres of junction,RENAULT,CLIO AUTHENTIQUE,Petrol,Male,None,No tow/articulation,Did not leave carriageway,0,Going ahead other,1,Car,No,Front,2010
201004EA10090,Unclassified,0,Unclassified,0,Slight,None,22-04-2010,Thursday,1,Give way or uncontrolled,T or staggered junction,53.734,Darkness - lights lit,366750,426520,-2.505522,E01012625,1,2,0,0,Dry,Single carriageway,None,30,20:54:00,Urban,Fine no high winds,No,16 - 20,9,Urban area,4,49,None,None,Other/Not known (2005-10),Mid Junction - on roundabout or on main road,APRILIA,,Petrol,Male,None,No tow/articulation,Did not leave carriageway,0,Going ahead other,2,Motorcycle 50cc and under,No,Front,2010
201005BB01589,Unclassified,0,Unclassified,0,Slight,None,08-02-2010,Monday,1,Give way or uncontrolled,T or staggered junction,53.553009,Darkness - lights lit,329060,406800,-3.072281,E01006992,1,3,0,0,Dry,Single carriageway,None,30,22:45:00,Urban,Fine no high winds,No,16 - 20,9,Small town,9,1149,None,None,Other/Not known (2005-10),Approaching junction or waiting/parked at junction approach,RENAULT,CLIO AUTHENTIQUE,Petrol,Male,None,No tow/articulation,Did not leave carriageway,0,Going ahead other,1,Car,No,Front,2010
201005DD06794,Motorway,6,NA,0,Slight,None,25-11-2010,Thursday,1,Data missing or out of range,Not at junction or within 20 metres,53.4754,Darkness - lights lit,357820,397820,-2.636991,E01006836,2,3,0,0,Wet or damp,Slip road,None,70,17:40:00,Rural,Fine no high winds,No,16 - 20,9,Urban area,7,1242,None,None,Commuting to/from work,Not at or within 20 metres of junction,FIAT,PUNTO MIA,Petrol,Male,Skidded,No tow/articulation,Did not leave carriageway,7,Changing lane to left,1,Car,No,Front,2010
201006B028058,A,57,Unclassified,0,Slight,None,21-02-2010,Sunday,1,Give way or uncontrolled,T or staggered junction,53.458741,Darkness - lights lit,389360,395790,-2.16172,E01005192,2,2,0,0,Wet or damp,Dual carriageway,None,30,20:32:00,Urban,Fine no high winds,No,16 - 20,9,Urban area,2,1598,None,None,Other/Not known (2005-10),Approaching junction or waiting/parked at junction approach,SEAT,LEON S 16V,Petrol,Male,Skidded,No tow/articulation,Did not leave carriageway,0,Overtaking moving vehicle - offside,1,Car,No,Front,2010
201006F040089,C,0,Unclassified,0,Slight,None,11-12-2010,Saturday,1,Give way or uncontrolled,Private drive or entrance,53.424428,Darkness - lights lit,370950,392050,-2.438637,E01005619,1,2,0,0,Wet or damp,Single carriageway,None,30,20:13:00,Urban,Fine no high winds,No,16 - 20,9,Data missing or out of range,NA,124,None,None,Other/Not known (2005-10),Cleared junction or waiting/parked at junction exit,HONDA,CG125,Petrol,Male,None,No tow/articulation,Did not leave carriageway,0,Going ahead other,2,Motorcycle 125cc and under,No,Front,2010
201006M039612,A,538,Unclassified,0,Slight,None,27-11-2010,Saturday,1,Give way or uncontrolled,T or staggered junction,53.379897,Darkness - lights lit,377520,387060,-2.339412,E01006088,1,2,0,0,Frost or ice,Single carriageway,None,30,21:09:00,Urban,Fine no high winds,No,16 - 20,9,Urban area,9,1997,None,None,Other/Not known (2005-10),Mid Junction - on roundabout or on main road,PEUGEOT,307 GLX 16V,Petrol,Male,Skidded,No tow/articulation,Did not leave carriageway,0,Going ahead other,1,Car,No,Front,2010
201006Q027225,C,0,NA,0,Slight,None,26-01-2010,Tuesday,1,Data missing or out of range,Not at junction or within 20 metres,53.53335,Darkness - lights lit,395890,404080,-2.063484,E01005389,1,2,0,0,Dry,Single carriageway,None,30,17:05:00,Urban,Fine no high winds,No,16 - 20,9,Urban area,4,1124,None,None,Other/Not known (2005-10),Not at or within 20 metres of junction,CITROEN,SAXO FORTE,Petrol,Male,None,No tow/articulation,Did not leave carriageway,0,Going ahead right-hand bend,1,Car,No,Front,2010
201011NG06390,B,6312,NA,0,Slight,None,10-03-2010,Wednesday,1,Data missing or out of range,Not at junction or within 20 metres,54.823078,Darkness - lights lit,425300,547650,-1.607748,E01020607,2,2,0,0,Dry,Single carriageway,None,30,22:40:00,Rural,Fine no high winds,No,16 - 20,9,Small town,4,1686,None,None,Other/Not known (2005-10),Not at or within 20 metres of junction,VAUXHALL,CORSA ELEGANCE DTI,Heavy oil,Male,Skidded,No tow/articulation,Did not leave carriageway,0,Going ahead left-hand bend,1,Car,No,Offside,2010