Accident_Index,1st_Road_Class,1st_Road_Number,2nd_Road_Class,2nd_Road_Number,Accident_Severity,Carriageway_Hazards,Date,Day_of_Week,Did_Police_Officer_Attend_Scene_of_Accident,Junction_Control,Junction_Detail,Latitude,Light_Conditions,Location_Easting_OSGR,Location_Northing_OSGR,Longitude,LSOA_of_Accident_Location,Number_of_Casualties,Number_of_Vehicles,Pedestrian_Crossing-Human_Control,Pedestrian_Crossing-Physical_Facilities,Road_Surface_Conditions,Road_Type,Special_Conditions_at_Site,Speed_limit,Time,Urban_or_Rural_Area,Weather_Conditions,InScotland,Age_Band_of_Driver,Age_of_Vehicle,Driver_Home_Area_Type,Driver_IMD_Decile,Engine_Capacity_.CC.,Hit_Object_in_Carriageway,Hit_Object_off_Carriageway,Journey_Purpose_of_Driver,Junction_Location,make,model,Propulsion_Code,Sex_of_Driver,Skidding_and_Overturning,Towing_and_Articulation,Vehicle_Leaving_Carriageway,Vehicle_Location.Restricted_Lane,Vehicle_Manoeuvre,Vehicle_Reference,Vehicle_Type,Was_Vehicle_Left_Hand_Drive,X1st_Point_of_Impact,Year
201014A161810,A,18,A,630,Slight,None,06-10-2010,Wednesday,1,Give way or uncontrolled,Roundabout,53.547242,Darkness - lights lit,461260,406020,-1.076915,E01007478,2,2,0,0,Dry,Roundabout,None,40,22:41:00,Rural,Fine no high winds,No,16 - 20,9,Urban area,7,973,None,None,Other/Not known (2005-10),Entering roundabout,VAUXHALL,CORSA CLUB 12V,Petrol,Male,None,No tow/articulation,Did not leave carriageway,0,Going ahead other,1,Car,No,Front,2010
201014B098110,Unclassified,0,NA,0,Slight,None,19-09-2010,Sunday,1,Not at junction or within 20 metres,Not at junction or within 20 metres,53.529452,Darkness - lights lit,445210,403860,-1.319437,E01007371,1,2,0,0,Dry,Single carriageway,None,30,21:59:00,Urban,Fine no high winds,No,16 - 20,9,Small town,1,1149,None,None,Other/Not known (2005-10),Not at or within 20 metres of junction,RENAULT,CLIO AUTHENTIQUE,Petrol,Male,None,No tow/articulation,Did not leave carriageway,0,Overtaking moving vehicle - offside,2,Car,No,Front,2010
201014C035910,A,630,A,6123,Slight,None,18-03-2010,Thursday,1,Give way or uncontrolled,Roundabout,53.442189,Darkness - lights lit,445090,394150,-1.322639,E01007736,2,2,0,0,Dry,Roundabout,None,40,18:16:00,Urban,Fine no high winds,No,16 - 20,9,Urban area,3,1149,None,None,Other/Not known (2005-10),Entering roundabout,RENAULT,CLIO DYNAMIQUE 16V,Petrol,Male,None,No tow/articulation,Did not leave carriageway,0,Moving off,1,Car,No,Front,2010
201014K012810,A,6102,A,6102,Slight,None,16-01-2010,Saturday,1,Give way or uncontrolled,T or staggered junction,53.432776,Darkness - lights lit,431010,392990,-1.534719,E01008140,1,3,0,0,Wet or damp,Single carriageway,None,30,01:41:00,Rural,Fine no high winds,No,16 - 20,9,Small town,6,1124,Parked vehicle,None,Other/Not known (2005-10),Approaching junction or waiting/parked at junction approach,PEUGEOT,106 INDEPENDENCE,Petrol,Male,None,No tow/articulation,Did not leave carriageway,0,Going ahead other,1,Car,No,Front,2010
2010160D07421,Unclassified,0,Unclassified,0,Slight,None,23-12-2010,Thursday,1,Give way or uncontrolled,T or staggered junction,53.7536,Darkness - lights lit,508220,429830,-0.360142,E01012757,3,2,0,1,Wet or damp,Single carriageway,None,30,18:25:00,Urban,Fine no high winds,No,16 - 20,9,Urban area,2,998,None,None,Other/Not known (2005-10),Approaching junction or waiting/parked at junction approach,TOYOTA,YARIS GS,Petrol,Male,None,No tow/articulation,Did not leave carriageway,0,Going ahead other,1,Car,No,Front,2010
201020E023212,A,34,B,4025,Slight,None,02-02-2010,Tuesday,1,Auto traffic signal,Roundabout,52.422346,Darkness - lights lit,411160,280500,-1.837328,E01009036,3,2,0,5,Wet or damp,Roundabout,None,30,22:10:00,Urban,Fine no high winds,No,16 - 20,9,Urban area,5,1242,None,None,Other/Not known (2005-10),Mid Junction - on roundabout or on main road,FIAT,PUNTO 1.2,Petrol,Male,None,No tow/articulation,Did not leave carriageway,0,Slowing or stopping,2,Car,No,Back,2010
201020F007611,B,4127,Unclassified,0,Slight,None,01-01-2010,Friday,1,Give way or uncontrolled,T or staggered junction,52.474201,Darkness - lights lit,406750,286260,-1.902063,E01009142,1,2,0,0,Dry,Single carriageway,None,30,03:25:00,Urban,Fine no high winds,No,16 - 20,9,Urban area,10,973,None,None,Other/Not known (2005-10),Mid Junction - on roundabout or on main road,VAUXHALL,CORSA COMFORT 12V,Petrol,Male,None,No tow/articulation,Did not leave carriageway,0,U-turn,1,Car,No,Offside,2010
201020S039340,Unclassified,0,Unclassified,0,Slight,None,21-09-2010,Tuesday,1,Give way or uncontrolled,Mini-roundabout,52.419515,Darkness - lights lit,408600,280180,-1.874981,E01008939,1,2,0,0,Dry,Roundabout,None,30,22:20:00,Urban,Fine no high winds,No,16 - 20,9,Urban area,5,1998,None,None,Other/Not known (2005-10),Mid Junction - on roundabout or on main road,FORD,MONDEO ZETEC TDDI,Heavy oil,Male,None,No tow/articulation,Did not leave carriageway,0,Moving off,1,Car,No,Front,2010
201020W030290,A,4040,B,4124,Slight,None,12-08-2010,Thursday,1,Give way or uncontrolled,Roundabout,52.512963,Darkness - lights lit,405400,290570,-1.921869,E01009056,1,2,0,0,Dry,Roundabout,None,30,04:35:00,Urban,Fine no high winds,No,16 - 20,9,Urban area,2,125,None,None,Journey as part of work,Mid Junction - on roundabout or on main road,APRILIA,,Petrol,Male,None,No tow/articulation,Did not leave carriageway,0,Moving off,2,Motorcycle over 125cc and up to 500cc,No,Front,2010
201022F001745,A,458,A,458,Slight,None,28-03-2010,Sunday,1,Give way or uncontrolled,T or staggered junction,52.707074,Darkness - lights lit,349710,312420,-2.745781,E01028938,1,1,0,4,Dry,Single carriageway,None,30,02:59:00,Urban,Fine no high winds,No,16 - 20,9,Rural,6,1587,None,None,Commuting to/from work,Cleared junction or waiting/parked at junction exit,PEUGEOT,206 XSI,Petrol,Male,None,No tow/articulation,Did not leave carriageway,9,Reversing,1,Car,No,Back,2010
201022G001388,A,5223,NA,0,Slight,None,18-03-2010,Thursday,1,Data missing or out of range,Not at junction or within 20 metres,52.686834,Darkness - lights lit,367030,310020,-2.489202,E01014202,1,2,0,0,Dry,Dual carriageway,None,40,22:50:00,Rural,Fine no high winds,No,16 - 20,9,Urban area,1,1242,None,None,Other/Not known (2005-10),Not at or within 20 metres of junction,FIAT,PUNTO 1.2,Petrol,Male,None,No tow/articulation,Did not leave carriageway,0,Overtaking moving vehicle - offside,1,Car,No,Nearside,2010
201030D000355,A,609,Unclassified,0,Slight,None,23-04-2010,Friday,1,Give way or uncontrolled,Private drive or entrance,52.961199,Darkness - lights lit,447410,340660,-1.295641,E01019657,1,2,0,4,Dry,Single carriageway,None,30,20:34:00,Urban,Fine no high winds,No,16 - 20,9,Urban area,10,1242,None,None,Other/Not known (2005-10),Leaving main road,FIAT,PUNTO ELX 8V,Petrol,Male,None,No tow/articulation,Did not leave carriageway,0,Turning right,1,Car,No,Nearside,2010
201030D000893,Unclassified,0,NA,0,Slight,None,16-09-2010,Thursday,1,Data missing or out of range,Not at junction or within 20 metres,52.918068,Darkness - lights lit,438170,335780,-1.433766,E01013512,2,1,0,0,Dry,One way street,None,30,20:18:00,Rural,Fine no high winds,No,16 - 20,9,Urban area,3,973,None,Lamp post,Other/Not known (2005-10),Not at or within 20 metres of junction,VAUXHALL,CORSA COMFORT 12V,Petrol,Male,Skidded and overturned,No tow/articulation,Nearside,0,Going ahead other,1,Car,No,Offside,2010
201030D001113,A,50,A,50,Slight,None,05-11-2010,Friday,2,Give way or uncontrolled,Roundabout,52.866949,Darkness - lights lit,429040,330030,-1.57006,E01019839,1,2,0,0,Dry,Slip road,None,40,18:30:00,Rural,Fine no high winds,No,16 - 20,9,Urban area,2,1587,None,None,Other/Not known (2005-10),Approaching junction or waiting/parked at junction approach,CITROEN,SAXO VTR,Petrol,Male,None,No tow/articulation,Did not leave carriageway,0,Going ahead other,2,Car,No,Front,2010
201030D001228,A,38,NA,0,Slight,None,09-12-2010,Thursday,1,Data missing or out of range,Not at junction or within 20 metres,52.940087,Darkness - lights lit,434220,338200,-1.492256,E01013529,2,4,0,0,Wet or damp,Dual carriageway,None,70,18:08:00,Urban,Fine no high winds,No,16 - 20,9,Urban area,10,1242,None,None,Other/Not known (2005-10),Not at or within 20 metres of junction,FIAT,PUNTO ELX 16V,Petrol,Male,None,No tow/articulation,Did not leave carriageway,0,Going ahead other,1,Car,No,Front,2010
20103102A3246,B,6014,Unclassified,0,Slight,None,25-11-2010,Thursday,1,Give way or uncontrolled,Private drive or entrance,53.142794,Darkness - lights lit,449120,360880,-1.267109,E01027979,1,2,0,0,Dry,Single carriageway,None,30,20:47:00,Urban,Fine no high winds,No,16 - 20,9,Urban area,2,1686,None,None,Other/Not known (2005-10),Mid Junction - on roundabout or on main road,VAUXHALL,CORSA GLS DI,Heavy oil,Male,None,No tow/articulation,Did not leave carriageway,0,Overtaking static vehicle - offside,1,Car,No,Front,2010
20103102B1183,B,6024,Unclassified,0,Slight,None,26-03-2010,Friday,2,Give way or uncontrolled,T or staggered junction,53.304095,Darkness - lights lit,458370,378930,-1.125537,E01028062,1,2,0,0,Dry,Single carriageway,None,30,19:25:00,Urban,Fine no high winds,No,16 - 20,9,Urban area,1,1124,None,None,Commuting to/from work,Approaching junction or waiting/parked at junction approach,CITROEN,SAXO FIRST,Petrol,Male,None,No tow/articulation,Did not leave carriageway,0,Overtaking moving vehicle - offside,1,Car,No,Front,2010
2010400B01869,Unclassified,0,NA,0,Slight,None,03-09-2019,Wednesday,1,Data missing or out of range,Not at junction or within 20 metres,26.76765368,Darkness - lights lit,519400,244630,94.23100814,E01017383,1,2,0,0,Dry,Single carriageway,None,30,22:03:00,Urban,Fine no high winds,No,16 - 20,9,Rural,8,973,None,None,Other/Not known (2005-10),Not at or within 20 metres of junction,VAUXHALL,CORSA CLUB 12V,Petrol,Female,None,No tow/articulation,Did not leave carriageway,0,Moving off,1,Car,No,Front,2019
201042I265208,A,13,B,1014,Slight,None,10-04-2019,Friday,1,Give way or uncontrolled,Roundabout,22.05175594,Darkness - lights lit,580330,187460,82.15565889,E01021520,1,2,0,0,Wet or damp,Roundabout,None,30,22:25:00,Urban,Fine no high winds,No,16 - 20,9,Urban area,9,1299,None,None,Other/Not known (2005-10),Mid Junction - on roundabout or on main road,FORD,KA COLLECTION,Petrol,Female,None,No tow/articulation,Did not leave carriageway,0,Going ahead right-hand bend,2,Car,No,Nearside,2019
201050EL2Q014,Unclassified,0,Unclassified,0,Slight,None,16-08-2019,Wednesday,1,Auto traffic signal,T or staggered junction,15.26492761,Darkness - lights lit,249110,59480,74.04925614,E01015027,1,2,0,5,Dry,Single carriageway,None,40,18:20:00,Urban,Fine no high winds,No,16 - 20,9,Data missing or out of range,NA,1598,None,None,Other/Not known (2005-10),Cleared junction or waiting/parked at junction exit,RENAULT,CLIO INITIALE,Petrol,Female,None,No tow/articulation,Did not leave carriageway,0,Waiting to go - held up,2,Car,No,Back,2019
201045RE54587,A,23,C,222,Slight,None,08-09-2021,Thursday,1,Give way or uncontrolled,T or staggered junction,23.01542724,Darkness - lights lit,527700,149740,72.54594438,E01030613,1,3,0,0,Dry,Single carriageway,None,30,19:50:00,Urban,Fine no high winds,No,16 - 20,9,Small town,6,998,None,None,Other/Not known (2005-10),Cleared junction or waiting/parked at junction exit,TOYOTA,YARIS GS,Petrol,Female,None,No tow/articulation,Did not leave carriageway,0,Waiting to go - held up,2,Car,No,Front,2019
201037L018584,Unclassified,9999,NA,0,Slight,None,28-09-2020,Saturday,1,Data missing or out of range,Not at junction or within 20 metres,28.43062639,Darkness - lights lit,652150,293030,77.00876915,E01030270,1,2,0,0,Wet or damp,Single carriageway,Road surface defective,30,00:30:00,Urban,Fine no high winds,No,16 - 20,9,Urban area,1,1242,Kerb,None,Other/Not known (2005-10),Not at or within 20 metres of junction,FIAT,PUNTO MIA,Petrol,Female,Skidded,No tow/articulation,Nearside,0,Going ahead other,1,Car,No,Front,2019
2010550C19787,A,3060,Unclassified,0,Slight,None,01-07-2021,Saturday,1,Auto traffic signal,Roundabout,28.49312441,Darkness - lights lit,411290,94640,76.98488294,E01015339,2,2,0,5,Dry,Roundabout,None,30,22:04:00,Urban,Fine no high winds,No,16 - 20,9,Urban area,1,1299,None,None,Other/Not known (2005-10),Approaching junction or waiting/parked at junction approach,FORD,KA 2,Petrol,Female,None,No tow/articulation,Did not leave carriageway,0,Going ahead other,1,Car,No,Front,2019
201042I338510,Unclassified,0,Unclassified,0,Slight,None,22-03-2021,Saturday,1,Auto traffic signal,Crossroads,22.75380883,Darkness - lights lit,586830,186880,75.86459575,E01015906,1,2,0,5,Dry,Single carriageway,None,30,22:20:00,Urban,Fine no high winds,No,16 - 20,9,Urban area,9,973,None,None,Other/Not known (2005-10),Mid Junction - on roundabout or on main road,VAUXHALL,CORSA CLUB 12V,Petrol,Female,None,No tow/articulation,Did not leave carriageway,0,Going ahead other,1,Car,No,Front,2020
201042I415612,B,186,B,1335,Slight,None,08-04-2020,Sunday,1,Give way or uncontrolled,T or staggered junction,26.48142113,Darkness - lights lit,559300,180650,80.29976635,E01015930,4,2,0,5,Wet or damp,Single carriageway,None,30,16:20:00,Rural,Fine no high winds,No,16 - 20,9,Urban area,9,1299,None,None,Other/Not known (2005-10),Approaching junction or waiting/parked at junction approach,FORD,FIESTA FUN,Petrol,Female,None,No tow/articulation,Did not leave carriageway,0,Going ahead other,2,Car,No,Front,2020
2010400D00697,C,169,Unclassified,0,Slight,None,12-03-2019,Monday,2,Give way or uncontrolled,T or staggered junction,28.61029116,Darkness - lights lit,519140,235630,77.28860331,E01017376,1,2,0,0,Dry,Single carriageway,None,30,16:38:00,Rural,Fine no high winds,No,16 - 20,9,Small town,9,999,None,Other permanent object,Other/Not known (2005-10),Leaving main road,VOLKSWAGEN,POLO E,Petrol,Female,None,No tow/articulation,Offside,0,Turning right,1,Car,No,Front,2020
201034WN29730,C,122,A,5076,Slight,None,19-11-2020,Saturday,2,Give way or uncontrolled,Roundabout,28.60673007,Darkness - lights lit,476350,264980,77.11233283,E01027232,1,1,0,0,Dry,Roundabout,None,30,02:30:00,Urban,Fine no high winds,No,16 - 20,9,Data missing or out of range,NA,1149,None,Road sign or traffic signal,Other/Not known (2005-10),Entering roundabout,RENAULT,CLIO DYNAMIQUE 16V,Petrol,Female,None,No tow/articulation,Did not leave carriageway,0,Going ahead other,1,Car,No,Front,2020
201037B046439,A,134,Unclassified,8704,Slight,None,20-03-2020,Thursday,1,Give way or uncontrolled,T or staggered junction,19.2059775,Darkness - lights lit,587700,242690,72.85966204,E01029914,3,2,0,0,Wet or damp,Single carriageway,None,40,17:10:00,Urban,Fine no high winds,No,16 - 20,9,Urban area,3,1299,None,None,Other/Not known (2005-10),Approaching junction or waiting/parked at junction approach,FORD,KA LUXURY,Petrol,Female,None,No tow/articulation,Did not leave carriageway,0,Waiting to go - held up,2,Car,No,Back,2021
201042I297409,A,13,A,13,Slight,None,25-08-2019,Tuesday,1,Give way or uncontrolled,Roundabout,14.75563026,Darkness - lights lit,592700,186510,78.47174194,E01015914,1,1,0,0,Wet or damp,Roundabout,None,30,22:51:00,Urban,Fine no high winds,No,16 - 20,9,Urban area,3,1299,Kerb,Tree,Other/Not known (2005-10),Entering roundabout,FORD,KA 2,Petrol,Female,Skidded,No tow/articulation,Straight ahead at junction,0,Slowing or stopping,1,Car,No,Front,2019
201001HT20113,A,1206,A,1261,Slight,None,07-03-2010,Sunday,1,Give way or uncontrolled,Roundabout,51.507088,Darkness - lights lit,538310,180570,-0.008453,E01004219,3,1,0,0,Dry,Roundabout,None,30,03:58:00,Urban,Fine no high winds,No,16 - 20,9,Urban area,2,1108,None,Other permanent object,Other/Not known (2005-10),Mid Junction - on roundabout or on main road,FIAT,SEICENTO SX,Petrol,Female,None,No tow/articulation,Nearside,0,Going ahead other,1,Car,No,Did not impact,2010
201001KD50513,C,0,C,0,Slight,None,30-09-2010,Thursday,1,Auto traffic signal,Crossroads,51.571736,Darkness - lights lit,551460,188140,0.184142,E01002350,4,2,0,5,Dry,Single carriageway,None,30,21:30:00,Urban,Fine no high winds,No,16 - 20,9,Urban area,6,1598,None,None,Other/Not known (2005-10),Mid Junction - on roundabout or on main road,VAUXHALL,ASTRA CLUB AUTO,Petrol,Female,None,No tow/articulation,Did not leave carriageway,0,Going ahead other,1,Car,No,Front,2010
201001LX50827,A,23,Unclassified,0,Slight,None,13-09-2010,Monday,1,Give way or uncontrolled,T or staggered junction,51.442188,Darkness - lights lit,530430,173140,-0.124672,E01003137,1,2,0,0,Dry,Single carriageway,None,30,23:15:00,Urban,Fine no high winds,No,16 - 20,9,Urban area,3,1149,None,None,Other/Not known (2005-10),Cleared junction or waiting/parked at junction exit,RENAULT,CLIO DYNAMIQUE 16V,Petrol,Female,None,No tow/articulation,Did not leave carriageway,0,Overtaking static vehicle - offside,2,Car,No,Offside,2010
201001QA10040,A,4140,NA,0,Slight,None,10-02-2010,Wednesday,1,Data missing or out of range,Not at junction or within 20 metres,51.589313,Darkness - lights lit,519000,189230,-0.283626,E01002169,1,2,0,0,Wet or damp,Single carriageway,None,30,19:40:00,Urban,Fine no high winds,No,16 - 20,9,Urban area,6,1242,None,None,Other/Not known (2005-10),Not at or within 20 metres of junction,FIAT,PUNTO 1.2,Petrol,Female,None,No tow/articulation,Did not leave carriageway,0,Waiting to go - held up,1,Car,No,Back,2010
201001RY10067,A,220,Unclassified,0,Slight,None,25-01-2010,Monday,1,Give way or uncontrolled,T or staggered junction,51.469755,Darkness - lights lit,550110,176750,0.159828,E01000370,1,2,0,0,Wet or damp,Single carriageway,None,30,22:34:00,Urban,Fine no high winds,No,16 - 20,9,Urban area,9,1299,None,None,Other/Not known (2005-10),Approaching junction or waiting/parked at junction approach,FORD,KA,Petrol,Female,None,No tow/articulation,Did not leave carriageway,0,Going ahead other,2,Car,No,Front,2010
201001RY10082,A,2,NA,0,Slight,None,02-03-2010,Tuesday,1,Data missing or out of range,Not at junction or within 20 metres,51.448045,Darkness - lights lit,549640,174320,0.152039,E01000364,1,2,0,0,Dry,Dual carriageway,None,50,17:55:00,Urban,Fine no high winds,No,16 - 20,9,Urban area,10,1199,None,None,Other/Not known (2005-10),Not at or within 20 metres of junction,VAUXHALL,CORSA COMFORT 16V,Petrol,Female,None,No tow/articulation,Did not leave carriageway,0,Slowing or stopping,2,Car,No,Back,2010
201001RY10442,Unclassified,0,NA,0,Slight,None,30-10-2010,Saturday,1,Data missing or out of range,Not at junction or within 20 metres,51.477872,Darkness - lights lit,551010,177680,0.173173,E01000407,1,1,0,0,Dry,Single carriageway,None,30,17:29:00,Urban,Fine no high winds,No,16 - 20,9,Urban area,3,1299,Kerb,None,Other/Not known (2005-10),Not at or within 20 metres of junction,FORD,KA 2,Petrol,Female,None,No tow/articulation,Did not leave carriageway,0,Going ahead other,1,Car,No,Nearside,2010
201001SX21000,C,0,Unclassified,0,Slight,None,29-09-2010,Wednesday,1,Give way or uncontrolled,T or staggered junction,51.604232,Darkness - lights lit,522360,190970,-0.234542,E01000260,1,2,0,0,Dry,Single carriageway,None,30,19:25:00,Urban,Fine no high winds,No,16 - 20,9,Urban area,9,999,None,None,Other/Not known (2005-10),Mid Junction - on roundabout or on main road,HYUNDAI,AMICA SI,Petrol,Female,None,No tow/articulation,Did not leave carriageway,0,Going ahead left-hand bend,2,Car,No,Front,2010
201034WN29730,C,122,A,5076,Slight,None,24-07-2010,Saturday,2,Give way or uncontrolled,Roundabout,52.277639,Darkness - lights lit,476350,264980,-0.882334,E01027232,1,1,0,0,Dry,Roundabout,None,30,02:30:00,Urban,Fine no high winds,No,16 - 20,9,Data missing or out of range,NA,1149,None,Road sign or traffic signal,Other/Not known (2005-10),Entering roundabout,RENAULT,CLIO DYNAMIQUE 16V,Petrol,Female,None,No tow/articulation,Did not leave carriageway,0,Going ahead other,1,Car,No,Front,2010
201037B046439,A,134,Unclassified,8704,Slight,None,09-12-2010,Thursday,1,Give way or uncontrolled,T or staggered junction,52.05076,Darkness - lights lit,587700,242690,0.736036,E01029914,3,2,0,0,Wet or damp,Single carriageway,None,40,17:10:00,Urban,Fine no high winds,No,16 - 20,9,Urban area,3,1299,None,None,Other/Not known (2005-10),Approaching junction or waiting/parked at junction approach,FORD,KA LUXURY,Petrol,Female,None,No tow/articulation,Did not leave carriageway,0,Waiting to go - held up,2,Car,No,Back,2010
201037L018584,Unclassified,9999,NA,0,Slight,None,23-10-2010,Saturday,1,Data missing or out of range,Not at junction or within 20 metres,52.476858,Darkness - lights lit,652150,293030,1.711722,E01030270,1,2,0,0,Wet or damp,Single carriageway,Road surface defective,30,00:30:00,Urban,Fine no high winds,No,16 - 20,9,Urban area,1,1242,Kerb,None,Other/Not known (2005-10),Not at or within 20 metres of junction,FIAT,PUNTO MIA,Petrol,Female,Skidded,No tow/articulation,Nearside,0,Going ahead other,1,Car,No,Front,2010
2010400B01869,Unclassified,0,NA,0,Slight,None,23-06-2010,Wednesday,1,Data missing or out of range,Not at junction or within 20 metres,52.087109,Darkness - lights lit,519400,244630,-0.258749,E01017383,1,2,0,0,Dry,Single carriageway,None,30,22:03:00,Urban,Fine no high winds,No,16 - 20,9,Rural,8,973,None,None,Other/Not known (2005-10),Not at or within 20 metres of junction,VAUXHALL,CORSA CLUB 12V,Petrol,Female,None,No tow/articulation,Did not leave carriageway,0,Moving off,1,Car,No,Front,2010
2010400D00697,C,169,Unclassified,0,Slight,None,01-02-2010,Monday,2,Give way or uncontrolled,T or staggered junction,52.006285,Darkness - lights lit,519140,235630,-0.265677,E01017376,1,2,0,0,Dry,Single carriageway,None,30,16:38:00,Rural,Fine no high winds,No,16 - 20,9,Small town,9,999,None,Other permanent object,Other/Not known (2005-10),Leaving main road,VOLKSWAGEN,POLO E,Petrol,Female,None,No tow/articulation,Offside,0,Turning right,1,Car,No,Front,2010
201042I265208,A,13,B,1014,Slight,None,06-08-2010,Friday,1,Give way or uncontrolled,Roundabout,51.55714,Darkness - lights lit,580330,187460,0.59996,E01021520,1,2,0,0,Wet or damp,Roundabout,None,30,22:25:00,Urban,Fine no high winds,No,16 - 20,9,Urban area,9,1299,None,None,Other/Not known (2005-10),Mid Junction - on roundabout or on main road,FORD,KA COLLECTION,Petrol,Female,None,No tow/articulation,Did not leave carriageway,0,Going ahead right-hand bend,2,Car,No,Nearside,2010
201042I297409,A,13,A,13,Slight,None,14-09-2010,Tuesday,1,Give way or uncontrolled,Roundabout,51.544521,Darkness - lights lit,592700,186510,0.777666,E01015914,1,1,0,0,Wet or damp,Roundabout,None,30,22:51:00,Urban,Fine no high winds,No,16 - 20,9,Urban area,3,1299,Kerb,Tree,Other/Not known (2005-10),Entering roundabout,FORD,KA 2,Petrol,Female,Skidded,No tow/articulation,Straight ahead at junction,0,Slowing or stopping,1,Car,No,Front,2010
201042I338510,Unclassified,0,Unclassified,0,Slight,None,16-10-2010,Saturday,1,Auto traffic signal,Crossroads,51.549817,Darkness - lights lit,586830,186880,0.693309,E01015906,1,2,0,5,Dry,Single carriageway,None,30,22:20:00,Urban,Fine no high winds,No,16 - 20,9,Urban area,9,973,None,None,Other/Not known (2005-10),Mid Junction - on roundabout or on main road,VAUXHALL,CORSA CLUB 12V,Petrol,Female,None,No tow/articulation,Did not leave carriageway,0,Going ahead other,1,Car,No,Front,2010
201042I415612,B,186,B,1335,Slight,None,12-12-2010,Sunday,1,Give way or uncontrolled,T or staggered junction,51.502284,Darkness - lights lit,559300,180650,0.29379,E01015930,4,2,0,5,Wet or damp,Single carriageway,None,30,16:20:00,Rural,Fine no high winds,No,16 - 20,9,Urban area,9,1299,None,None,Other/Not known (2005-10),Approaching junction or waiting/parked at junction approach,FORD,FIESTA FUN,Petrol,Female,None,No tow/articulation,Did not leave carriageway,0,Going ahead other,2,Car,No,Front,2010
201045RE54587,A,23,C,222,Slight,None,14-10-2010,Thursday,1,Give way or uncontrolled,T or staggered junction,51.232506,Darkness - lights lit,527700,149740,-0.172317,E01030613,1,3,0,0,Dry,Single carriageway,None,30,19:50:00,Urban,Fine no high winds,No,16 - 20,9,Small town,6,998,None,None,Other/Not known (2005-10),Cleared junction or waiting/parked at junction exit,TOYOTA,YARIS GS,Petrol,Female,None,No tow/articulation,Did not leave carriageway,0,Waiting to go - held up,2,Car,No,Front,2010
201050EL2Q014,Unclassified,0,Unclassified,0,Slight,None,01-12-2010,Wednesday,1,Auto traffic signal,T or staggered junction,50.415686,Darkness - lights lit,249110,59480,-4.125247,E01015027,1,2,0,5,Dry,Single carriageway,None,40,18:20:00,Urban,Fine no high winds,No,16 - 20,9,Data missing or out of range,NA,1598,None,None,Other/Not known (2005-10),Cleared junction or waiting/parked at junction exit,RENAULT,CLIO INITIALE,Petrol,Female,None,No tow/articulation,Did not leave carriageway,0,Waiting to go - held up,2,Car,No,Back,2010
2010550C19787,A,3060,Unclassified,0,Slight,None,15-05-2010,Saturday,1,Auto traffic signal,Roundabout,50.751187,Darkness - lights lit,411290,94640,-1.841346,E01015339,2,2,0,5,Dry,Roundabout,None,30,22:04:00,Urban,Fine no high winds,No,16 - 20,9,Urban area,1,1299,None,None,Other/Not known (2005-10),Approaching junction or waiting/parked at junction approach,FORD,KA 2,Petrol,Female,None,No tow/articulation,Did not leave carriageway,0,Going ahead other,1,Car,No,Front,2010
201060L062729,A,541,NA,0,Slight,None,12-04-2010,Monday,1,Data missing or out of range,Not at junction or within 20 metres,53.16786,Darkness - lights lit,324170,364020,-3.135807,W01000315,1,1,0,0,Dry,Single carriageway,None,30,21:55:00,Rural,Fine no high winds,No,16 - 20,9,Urban area,NA,1149,None,Road sign or traffic signal,Other/Not known (2005-10),Not at or within 20 metres of junction,RENAULT,CLIO EXPRESSION 16V,Petrol,Female,None,No tow/articulation,Did not leave carriageway,0,Going ahead other,1,Car,No,Front,2010
201060L183221,A,497,NA,0,Slight,None,01-10-2010,Friday,2,Data missing or out of range,Not at junction or within 20 metres,52.904156,Darkness - lights lit,241690,336680,-4.355354,W01000089,1,2,0,0,Wet or damp,Single carriageway,None,30,19:30:00,Rural,Fine no high winds,No,16 - 20,9,Small town,NA,1753,None,None,Other/Not known (2005-10),Not at or within 20 metres of junction,FORD,FOCUS ZETEC TD DI,Heavy oil,Female,None,No tow/articulation,Did not leave carriageway,0,Parked,2,Car,No,Offside,2010
201001HT20113,A,1206,A,1261,Slight,None,07-03-2010,Sunday,1,Give way or uncontrolled,Roundabout,51.507088,Darkness - lights lit,538310,180570,-0.008453,E01004219,3,1,0,0,Dry,Roundabout,None,30,03:58:00,Urban,Fine no high winds,No,16 - 20,9,Urban area,2,1108,None,Other permanent object,Other/Not known (2005-10),Mid Junction - on roundabout or on main road,FIAT,SEICENTO SX,Petrol,Female,None,No tow/articulation,Nearside,0,Going ahead other,1,Car,No,Did not impact,2010
201001KD50513,C,0,C,0,Slight,None,30-09-2010,Thursday,1,Auto traffic signal,Crossroads,51.571736,Darkness - lights lit,551460,188140,0.184142,E01002350,4,2,0,5,Dry,Single carriageway,None,30,21:30:00,Urban,Fine no high winds,No,16 - 20,9,Urban area,6,1598,None,None,Other/Not known (2005-10),Mid Junction - on roundabout or on main road,VAUXHALL,ASTRA CLUB AUTO,Petrol,Female,None,No tow/articulation,Did not leave carriageway,0,Going ahead other,1,Car,No,Front,2010
201001LX50827,A,23,Unclassified,0,Slight,None,13-09-2010,Monday,1,Give way or uncontrolled,T or staggered junction,51.442188,Darkness - lights lit,530430,173140,-0.124672,E01003137,1,2,0,0,Dry,Single carriageway,None,30,23:15:00,Urban,Fine no high winds,No,16 - 20,9,Urban area,3,1149,None,None,Other/Not known (2005-10),Cleared junction or waiting/parked at junction exit,RENAULT,CLIO DYNAMIQUE 16V,Petrol,Female,None,No tow/articulation,Did not leave carriageway,0,Overtaking static vehicle - offside,2,Car,No,Offside,2010