Accident_Index,1st_Road_Class,1st_Road_Number,2nd_Road_Class,2nd_Road_Number,Accident_Severity,Carriageway_Hazards,Date,Day_of_Week,Did_Police_Officer_Attend_Scene_of_Accident,Junction_Control,Junction_Detail,Latitude,Light_Conditions,Location_Easting_OSGR,Location_Northing_OSGR,Longitude,LSOA_of_Accident_Location,Number_of_Casualties,Number_of_Vehicles,Pedestrian_Crossing-Human_Control,Pedestrian_Crossing-Physical_Facilities,Road_Surface_Conditions,Road_Type,Special_Conditions_at_Site,Speed_limit,Time,Urban_or_Rural_Area,Weather_Conditions,InScotland,Age_Band_of_Driver,Age_of_Vehicle,Driver_Home_Area_Type,Driver_IMD_Decile,Engine_Capacity_.CC.,Hit_Object_in_Carriageway,Hit_Object_off_Carriageway,Journey_Purpose_of_Driver,Junction_Location,make,model,Propulsion_Code,Sex_of_Driver,Skidding_and_Overturning,Towing_and_Articulation,Vehicle_Leaving_Carriageway,Vehicle_Location.Restricted_Lane,Vehicle_Manoeuvre,Vehicle_Reference,Vehicle_Type,Was_Vehicle_Left_Hand_Drive,X1st_Point_of_Impact,Year
201045GU50226,A,323,Unclassified,0,Slight,None,23-02-2021,Friday,1,Give way or uncontrolled,Mini-roundabout,14.75831549,Daylight,490160,151050,78.4631131,E01030432,1,5,0,0,Dry,Single carriageway,None,30,17:30:00,Urban,Fine no high winds,No,16 - 20,9,Urban area,5,1108,None,None,Commuting to/from work,Approaching junction or waiting/parked at junction approach,FIAT,SEICENTO MICHAEL SCHUMACHER,Petrol,Male,None,No tow/articulation,Did not leave carriageway,0,Waiting to go - held up,4,Car,No,Back,2019
201050CB2E003,Unclassified,0,Unclassified,0,Slight,None,15-10-2019,Monday,1,Give way or uncontrolled,Roundabout,14.77467549,Daylight,254160,131270,78.60177513,E01020122,1,2,0,0,Dry,Single carriageway,None,30,07:50:00,Rural,Fine no high winds,No,16 - 20,9,Rural,8,1896,None,None,Other/Not known (2005-10),Approaching junction or waiting/parked at junction approach,SKODA,FABIA CLASSIC SDI,Heavy oil,Male,None,No tow/articulation,Did not leave carriageway,0,Going ahead other,1,Car,No,Front,2019
201050ED2N023,Unclassified,0,NA,0,Slight,None,10-05-2020,Monday,1,Not at junction or within 20 metres,Not at junction or within 20 metres,14.68862251,Daylight,245930,54870,78.54727047,E01015172,1,2,0,0,Dry,Dual carriageway,None,30,12:21:00,Urban,Fine no high winds,No,16 - 20,9,Urban area,3,1396,None,None,Other/Not known (2005-10),Not at or within 20 metres of junction,ROVER,25 IMPRESSION S,Petrol,Male,None,No tow/articulation,Did not leave carriageway,0,Going ahead other,2,Car,No,Did not impact,2019
201050GT3F016,A,390,NA,0,Slight,None,15-01-2019,Tuesday,1,Not at junction or within 20 metres,Not at junction or within 20 metres,14.66234822,Daylight,177090,45470,78.48389689,E01018819,1,2,0,0,Wet or damp,Single carriageway,None,30,20:05:00,Rural,Fine no high winds,No,16 - 20,9,Small town,8,1396,None,None,Other/Not known (2005-10),Not at or within 20 metres of junction,ROVER,25 I 16V,Petrol,Male,None,No tow/articulation,Did not leave carriageway,0,Turning right,1,Car,No,Front,2019
201050GN2B007,C,614,Unclassified,0,Slight,None,26-05-2021,Saturday,1,Give way or uncontrolled,T or staggered junction,14.7152926,Daylight,181380,61280,78.62594755,E01019022,1,2,0,0,Dry,Single carriageway,None,30,14:35:00,Urban,Fine no high winds,No,16 - 20,9,Urban area,3,1598,None,None,Other/Not known (2005-10),Approaching junction or waiting/parked at junction approach,RENAULT,CLIO RSI,Petrol,Male,None,No tow/articulation,Did not leave carriageway,0,Turning right,1,Car,No,Offside,2019
201050GT3F013,A,390,Unclassified,0,Slight,None,26-12-2020,Thursday,1,Give way or uncontrolled,Crossroads,14.67382874,Daylight,175770,46360,78.61401151,E01018820,1,2,0,0,Dry,Single carriageway,None,60,14:12:00,Rural,Fine no high winds,No,16 - 20,9,Rural,4,498,None,None,Other/Not known (2005-10),Approaching junction or waiting/parked at junction approach,KAWASAKI,ER500-C1,Petrol,Male,None,No tow/articulation,Did not leave carriageway,0,Going ahead other,1,Motorcycle over 125cc and up to 500cc,No,Front,2019
201045RE51843,Unclassified,1022,Unclassified,0,Slight,None,06-05-2020,Monday,1,Give way or uncontrolled,T or staggered junction,14.6644533,Daylight,523210,158480,78.60384315,E01030642,1,2,0,0,Dry,Single carriageway,None,30,18:00:00,Urban,Fine no high winds,No,16 - 20,9,Data missing or out of range,NA,1348,Parked vehicle,None,Other/Not known (2005-10),Approaching junction or waiting/parked at junction approach,NISSAN,MICRA S,Petrol,Male,None,No tow/articulation,Did not leave carriageway,0,Going ahead left-hand bend,1,Car,No,Front,2019
201045WO50353,A,320,NA,0,Slight,None,05-04-2019,Saturday,2,Data missing or out of range,Not at junction or within 20 metres,14.70011506,Daylight,499340,155080,78.61306315,E01030987,1,2,0,0,Dry,Dual carriageway,None,30,11:30:00,Rural,Fine no high winds,No,16 - 20,9,Urban area,8,1124,None,None,Other/Not known (2005-10),Not at or within 20 metres of junction,CITROEN,SAXO FIRST,Petrol,Male,None,No tow/articulation,Did not leave carriageway,0,Going ahead other,2,Car,No,Back,2019
201050FT2E002,Unclassified,0,Unclassified,0,Slight,None,12-07-2019,Saturday,1,Auto traffic signal,T or staggered junction,27.10151291,Daylight,291350,64270,93.61238636,E01015256,1,2,0,0,Dry,Single carriageway,None,30,18:40:00,Urban,Fine no high winds,No,16 - 20,9,Data missing or out of range,NA,1910,None,None,Other/Not known (2005-10),Approaching junction or waiting/parked at junction approach,FIAT,PUNTO 1.9D,Heavy oil,Male,None,No tow/articulation,Did not leave carriageway,0,Moving off,1,Car,No,Front,2019
201043S013070,B,4034,NA,0,Slight,None,15-07-2021,Friday,1,Data missing or out of range,Not at junction or within 20 metres,26.7600769,Daylight,486980,233710,94.18857795,E01016712,1,1,2,4,Dry,Dual carriageway,None,40,20:10:00,Urban,Fine no high winds,No,16 - 20,9,Urban area,4,1679,None,None,Other/Not known (2005-10),Not at or within 20 metres of junction,FORD,PUMA THUNDER,Petrol,Male,None,No tow/articulation,Did not leave carriageway,0,Going ahead other,1,Car,No,Front,2019
20104100T1046,Motorway,1,NA,0,Slight,None,12-03-2019,Monday,1,Not at junction or within 20 metres,Not at junction or within 20 metres,26.76468647,Daylight,513530,197710,94.20181945,E01023555,1,2,0,0,Dry,Dual carriageway,None,70,10:38:00,Urban,Fine no high winds,No,16 - 20,9,Urban area,7,1124,None,None,Other/Not known (2005-10),Not at or within 20 metres of junction,PEUGEOT,106 XN ZEST 2,Petrol,Male,None,No tow/articulation,Did not leave carriageway,0,Going ahead other,1,Car,No,Front,2019
201042I064803,Unclassified,0,Unclassified,0,Slight,None,19-07-2020,Tuesday,1,Give way or uncontrolled,T or staggered junction,26.73839614,Daylight,570750,206270,94.22691965,E01021581,1,3,0,0,Dry,One way street,None,30,14:05:00,Urban,Fine no high winds,No,16 - 20,9,Urban area,9,1242,None,None,Other/Not known (2005-10),Mid Junction - on roundabout or on main road,FORD,FIESTA FREESTYLE,Petrol,Male,None,No tow/articulation,Did not leave carriageway,0,Going ahead other,1,Car,No,Front,2019
2010400B02530,Unclassified,0,Unclassified,0,Slight,None,29-12-2021,Monday,1,Give way or uncontrolled,T or staggered junction,25.78634694,Daylight,503690,249290,87.47771629,E01017535,4,2,0,0,Dry,Single carriageway,None,30,00:20:00,Urban,Fine no high winds,No,16 - 20,9,Urban area,3,998,None,None,Other/Not known (2005-10),Approaching junction or waiting/parked at junction approach,TOYOTA,YARIS GS,Petrol,Male,None,No tow/articulation,Did not leave carriageway,0,Overtaking moving vehicle - offside,2,Car,No,Back,2019
20104100C0702,Unclassified,503,Unclassified,486,Slight,None,27-10-2019,Saturday,1,Give way or uncontrolled,Crossroads,25.76851279,Daylight,512240,199170,87.45347292,E01023874,1,2,0,0,Dry,Single carriageway,None,30,18:15:00,Urban,Fine no high winds,No,16 - 20,9,Urban area,7,973,None,None,Other/Not known (2005-10),Entering main road,VAUXHALL,CORSA CLUB 12V,Petrol,Male,Skidded,No tow/articulation,Nearside,0,Going ahead other,1,Car,No,Offside,2019
201045GU50402,A,322,Unclassified,0,Slight,None,08-04-2021,Sunday,1,Auto traffic signal,T or staggered junction,25.77261287,Daylight,499440,149690,87.4573207,E01030452,3,2,0,5,Dry,Dual carriageway,None,30,10:30:00,Urban,Fine no high winds,No,16 - 20,9,Rural,7,1587,None,None,Other/Not known (2005-10),Approaching junction or waiting/parked at junction approach,PEUGEOT,206 XSI,Petrol,Male,None,No tow/articulation,Did not leave carriageway,0,Moving off,1,Car,No,Front,2019
201050DE2O007,Unclassified,0,NA,0,Slight,None,09-11-2020,Saturday,1,Not at junction or within 20 metres,Not at junction or within 20 metres,22.05110166,Daylight,293850,91120,82.12329038,E01020015,1,2,0,0,Dry,Single carriageway,None,30,18:56:00,Urban,Fine no high winds,No,16 - 20,9,Urban area,4,124,None,None,Other/Not known (2005-10),Not at or within 20 metres of junction,YAMAHA,TW 125,Petrol,Male,None,No tow/articulation,Did not leave carriageway,0,Going ahead other,1,Motorcycle over 125cc and up to 500cc,No,Front,2019
201037B045981,A,1101,NA,0,Slight,None,24-12-2021,Friday,2,Data missing or out of range,Not at junction or within 20 metres,22.10559475,Daylight,564980,282770,82.18497205,E01029932,1,2,0,0,Dry,Single carriageway,None,60,12:20:00,Rural,Fine no high winds,No,16 - 20,9,Data missing or out of range,NA,1360,None,None,Other/Not known (2005-10),Not at or within 20 metres of junction,CITROEN,SAXO FURIO,Petrol,Male,None,No tow/articulation,Did not leave carriageway,0,Overtaking moving vehicle - offside,1,Car,No,Nearside,2019
201050GP2D011,A,39,C,7,Slight,None,18-06-2019,Friday,1,Give way or uncontrolled,Roundabout,22.08965705,Daylight,176860,34060,82.15306734,E01018899,1,2,0,0,Dry,Single carriageway,None,60,09:06:00,Rural,Fine no high winds,No,16 - 20,9,Urban area,2,1108,None,None,Journey as part of work,Approaching junction or waiting/parked at junction approach,FIAT,SEICENTO MICHAEL SCHUMACHER,Petrol,Male,None,No tow/articulation,Did not leave carriageway,0,Slowing or stopping,1,Car,No,Front,2019
201037B044910,A,1092,NA,0,Slight,None,16-12-2019,Sunday,1,Data missing or out of range,Not at junction or within 20 metres,22.10630704,Daylight,578600,245720,82.15133184,E01030101,1,1,0,0,Wet or damp,Single carriageway,Mud,60,09:57:00,Rural,Fine no high winds,No,16 - 20,9,Urban area,7,1149,None,Other permanent object,Other/Not known (2005-10),Not at or within 20 metres of junction,RENAULT,CLIO EXPRESSION 16V,Petrol,Male,Skidded,No tow/articulation,Nearside,0,Going ahead right-hand bend,1,Car,No,Front,2019
201045SP52940,Unclassified,3282,Unclassified,3321,Slight,None,12-05-2021,Monday,1,Give way or uncontrolled,T or staggered junction,22.10804024,Daylight,503860,171950,82.12097438,E01030736,2,2,0,0,Dry,Single carriageway,None,30,18:33:00,Urban,Fine no high winds,No,16 - 20,9,Urban area,9,1242,None,None,Other/Not known (2005-10),Approaching junction or waiting/parked at junction approach,FIAT,PUNTO 1.2,Petrol,Male,None,No tow/articulation,Did not leave carriageway,0,Going ahead other,1,Car,No,Front,2019
201043N242050,A,413,C,1941,Slight,None,17-04-2019,Monday,1,Give way or uncontrolled,Roundabout,15.32448379,Daylight,470870,233400,73.95972658,E01017648,3,3,0,0,Dry,Single carriageway,None,60,18:00:00,Urban,Fine no high winds,No,16 - 20,9,Urban area,10,1124,None,None,Commuting to/from work,Approaching junction or waiting/parked at junction approach,CITROEN,SAXO FORTE,Petrol,Male,None,No tow/articulation,Did not leave carriageway,0,Slowing or stopping,3,Car,No,Front,2019
201045EP49510,A,2022,B,288,Slight,None,28-06-2021,Wednesday,1,Auto traffic signal,Crossroads,23.06250519,Daylight,522430,160150,72.65858009,E01030379,1,2,0,5,Dry,Single carriageway,None,30,11:11:00,Urban,Fine no high winds,No,16 - 20,9,Urban area,10,1149,None,None,Other/Not known (2005-10),Approaching junction or waiting/parked at junction approach,RENAULT,CLIO DYNAMIQUE 16V,Petrol,Male,None,No tow/articulation,Did not leave carriageway,0,Waiting to turn right,1,Car,No,Did not impact,2019
201050AP2R001,C,731,Unclassified,0,Slight,None,19-11-2021,Tuesday,1,Give way or uncontrolled,T or staggered junction,23.01343005,Daylight,146740,30180,72.53736089,E01018994,1,2,0,0,Dry,Single carriageway,None,30,09:41:00,Urban,Fine no high winds,No,16 - 20,9,Urban area,3,49,None,None,Other/Not known (2005-10),Approaching junction or waiting/parked at junction approach,APRILIA,,Petrol,Male,None,No tow/articulation,Did not leave carriageway,0,Overtaking moving vehicle - offside,1,Motorcycle 50cc and under,No,Front,2019
201037G030705,C,376,Unclassified,0,Slight,None,17-08-2020,Sunday,1,Give way or uncontrolled,Private drive or entrance,23.08012042,Daylight,624670,245880,72.65026215,E01030191,1,2,0,0,Wet or damp,Single carriageway,None,30,12:49:00,Urban,Fine no high winds,No,16 - 20,9,Rural,7,1997,None,None,Other/Not known (2005-10),Entering main road,PEUGEOT,406 RAPIER HDI (90),Heavy oil,Male,None,No tow/articulation,Did not leave carriageway,0,Reversing,1,Car,No,Back,2019
2010550C30769,Unclassified,0,NA,0,Slight,None,01-07-2021,Sunday,1,Not at junction or within 20 metres,Not at junction or within 20 metres,28.49447433,Daylight,412960,93440,77.01180594,E01015314,1,7,0,0,Dry,Single carriageway,None,30,20:40:00,Urban,Fine no high winds,No,16 - 20,9,Urban area,8,49,None,None,Other/Not known (2005-10),Not at or within 20 metres of junction,PEUGEOT,TREKKER OFF ROAD,Petrol,Male,None,No tow/articulation,Did not leave carriageway,0,Going ahead other,1,Motorcycle 50cc and under,No,Front,2019
2010400B02161,Unclassified,0,NA,0,Slight,None,07-09-2019,Friday,1,Data missing or out of range,Not at junction or within 20 metres,28.47632971,Daylight,506300,250850,77.07259228,E01017483,1,3,1,4,Dry,Single carriageway,None,30,15:36:00,Urban,Fine no high winds,No,16 - 20,9,Urban area,10,49,None,None,Other/Not known (2005-10),Not at or within 20 metres of junction,GILERA,DNA 50,Petrol,Male,None,No tow/articulation,Did not leave carriageway,0,Slowing or stopping,2,Motorcycle 50cc and under,No,Back,2019
201054ET13410,Unclassified,0,Unclassified,0,Slight,None,19-09-2019,Thursday,1,Auto traffic signal,T or staggered junction,28.48232577,Daylight,385630,158120,76.99979669,E01032086,1,1,0,4,Dry,Single carriageway,None,30,15:58:00,Urban,Fine no high winds,No,16 - 20,9,Urban area,6,2198,None,None,Other/Not known (2005-10),Cleared junction or waiting/parked at junction exit,VAUXHALL,VECTRA SRI 150,Petrol,Male,None,No tow/articulation,Did not leave carriageway,0,Turning right,1,Car,No,Front,2019
201042I275908,A,1114,NA,0,Slight,None,27-04-2021,Sunday,1,Not at junction or within 20 metres,Not at junction or within 20 metres,12.99844103,Daylight,570100,205420,77.60481812,E01021556,1,2,0,4,Dry,Dual carriageway,None,40,17:10:00,Urban,Fine no high winds,No,16 - 20,9,Small town,9,1997,None,None,Other/Not known (2005-10),Not at or within 20 metres of junction,MITSUBISHI,GALANT GLS AUTO,Petrol,Male,None,No tow/articulation,Did not leave carriageway,0,Changing lane to right,1,Car,No,Offside,2020
201037L018643,B,1116,B,1118,Slight,None,03-12-2021,Tuesday,1,Give way or uncontrolled,T or staggered junction,12.98897986,Daylight,628320,268200,77.61444766,E01030174,2,2,0,0,Dry,Single carriageway,None,60,16:00:00,Rural,Fine no high winds,No,16 - 20,9,Rural,8,1396,None,None,Other/Not known (2005-10),Approaching junction or waiting/parked at junction approach,ROVER,25 IMPRESSION S,Petrol,Male,None,No tow/articulation,Nearside,0,Going ahead left-hand bend,2,Car,No,Front,2020
2010400B01768,Unclassified,0,Unclassified,0,Slight,None,28-04-2020,Thursday,1,Give way or uncontrolled,T or staggered junction,8.884627807,Daylight,502130,247210,76.62758146,E01017516,1,2,0,0,Dry,Single carriageway,None,30,16:50:00,Rural,Fine no high winds,No,16 - 20,9,Small town,10,49,None,None,Other/Not known (2005-10),Mid Junction - on roundabout or on main road,APRILIA,,Petrol,Male,None,No tow/articulation,Did not leave carriageway,0,Going ahead other,2,Motorcycle 50cc and under,No,Front,2020
201043S114080,C,9011,Unclassified,1158,Slight,None,14-12-2021,Friday,1,Give way or uncontrolled,T or staggered junction,8.867388242,Daylight,488470,240120,76.64527076,E01016785,3,3,0,0,Dry,Single carriageway,None,60,15:16:00,Urban,Fine no high winds,No,16 - 20,9,Urban area,9,1199,None,None,Other/Not known (2005-10),Approaching junction or waiting/parked at junction approach,VAUXHALL,CORSA CLUB 16V,Petrol,Male,None,No tow/articulation,Did not leave carriageway,0,Going ahead other,3,Car,No,Front,2020
201050KE3M012,B,3180,NA,0,Slight,None,17-03-2019,Monday,1,Not at junction or within 20 metres,Not at junction or within 20 metres,22.7212178,Daylight,302330,85150,75.83262097,E01019964,3,2,0,0,Wet or damp,Single carriageway,None,60,08:15:00,Rural,Fine no high winds,No,16 - 20,9,Urban area,3,1242,None,None,Other/Not known (2005-10),Not at or within 20 metres of junction,FIAT,PUNTO 1.2,Petrol,Male,None,No tow/articulation,Did not leave carriageway,0,Slowing or stopping,2,Car,No,Back,2020
201042I199306,Unclassified,0,Unclassified,0,Slight,None,19-11-2020,Tuesday,1,Give way or uncontrolled,Other junction,22.70819778,Daylight,568580,188160,75.88353147,E01021288,1,2,0,0,Dry,Single carriageway,None,30,19:30:00,Urban,Fine no high winds,No,16 - 20,9,Urban area,1,1753,None,None,Other/Not known (2005-10),Approaching junction or waiting/parked at junction approach,FORD,FOCUS ZETEC TD DI,Heavy oil,Male,None,No tow/articulation,Did not leave carriageway,0,Turning right,2,Car,No,Front,2020
201045MO50246,A,25,Unclassified,2862,Slight,None,06-11-2020,Tuesday,1,Give way or uncontrolled,T or staggered junction,22.69043724,Daylight,515740,149210,75.81641612,E01030534,2,3,0,8,Dry,Single carriageway,None,30,09:10:00,Urban,Fine no high winds,No,16 - 20,9,Urban area,8,1149,None,None,Taking pupil to/from school,Approaching junction or waiting/parked at junction approach,RENAULT,CLIO AUTHENTIQUE,Petrol,Male,None,No tow/articulation,Did not leave carriageway,0,Slowing or stopping,1,Car,No,Front,2020
20104100A0546,B,1004,Unclassified,337,Slight,None,30-06-2020,Wednesday,2,Give way or uncontrolled,T or staggered junction,22.72661442,Daylight,549300,222930,75.81950807,E01023450,2,3,0,0,Dry,Single carriageway,None,40,20:25:00,Rural,Fine no high winds,No,16 - 20,9,Urban area,10,1242,None,None,Other/Not known (2005-10),Approaching junction or waiting/parked at junction approach,FORD,FIESTA FREESTYLE,Petrol,Male,None,No tow/articulation,Did not leave carriageway,0,Going ahead other,1,Car,No,Front,2020
201045TA51041,C,67,NA,0,Slight,None,06-11-2019,Thursday,1,Data missing or out of range,Not at junction or within 20 metres,26.46770806,Daylight,532270,140270,80.27189152,E01030819,2,2,0,0,Dry,Single carriageway,None,50,17:27:00,Rural,Fine no high winds,No,16 - 20,9,Rural,6,1396,None,None,Other/Not known (2005-10),Not at or within 20 metres of junction,ROVER,25 IMPRESSION S,Petrol,Male,None,No tow/articulation,Did not leave carriageway,0,Going ahead other,2,Car,No,Offside,2020
201050JO2M001,A,30,NA,0,Slight,None,31-12-2020,Friday,1,Not at junction or within 20 metres,Not at junction or within 20 metres,26.46739025,Daylight,268990,93590,80.28018933,E01020339,1,1,0,0,Wet or damp,Dual carriageway,None,30,17:33:00,Rural,Fine no high winds,No,16 - 20,9,Urban area,3,1124,None,Tree,Other/Not known (2005-10),Not at or within 20 metres of junction,CITROEN,SAXO FORTE,Petrol,Male,Overturned,No tow/articulation,Nearside,0,Going ahead other,1,Car,No,Nearside,2020
201043P383110,Unclassified,266,NA,0,Slight,None,31-08-2020,Wednesday,1,Data missing or out of range,Not at junction or within 20 metres,26.44656723,Daylight,470720,178300,80.33899638,E01028659,1,1,0,0,Wet or damp,Single carriageway,None,30,08:35:00,Rural,Fine no high winds,No,16 - 20,9,Urban area,2,1242,None,Other permanent object,Other/Not known (2005-10),Not at or within 20 metres of junction,FIAT,PUNTO MIA,Petrol,Male,Skidded and overturned,No tow/articulation,Nearside and rebounded,0,Going ahead other,1,Car,No,Offside,2020
20104100G0530,A,505,NA,0,Slight,None,25-02-2021,Wednesday,1,Not at junction or within 20 metres,Not at junction or within 20 metres,26.45518592,Daylight,519290,229790,80.30701813,E01023601,2,1,0,1,Dry,Single carriageway,None,30,16:15:00,Urban,Fine no high winds,No,16 - 20,9,Rural,9,645,None,None,Other/Not known (2005-10),Not at or within 20 metres of junction,SUZUKI,SV 650 SK1,Petrol,Male,None,No tow/articulation,Did not leave carriageway,0,Going ahead left-hand bend,1,Motorcycle over 500cc,No,Nearside,2020
201042I187006,Unclassified,0,NA,0,Slight,None,03-02-2020,Wednesday,1,Not at junction or within 20 metres,Not at junction or within 20 metres,28.66254677,Daylight,573170,202570,77.16176156,E01021555,2,2,0,0,Dry,Single carriageway,None,60,13:34:00,Rural,Fine no high winds,No,16 - 20,9,Urban area,10,1781,None,None,Other/Not known (2005-10),Not at or within 20 metres of junction,AUDI,S3 QUATTRO,Petrol,Male,None,No tow/articulation,Offside,0,Going ahead left-hand bend,1,Car,No,Offside,2020
20104100F0951,A,4147,Unclassified,535,Slight,None,06-04-2020,Thursday,1,Give way or uncontrolled,T or staggered junction,28.57761392,Daylight,514560,207660,77.1535784,E01023728,1,2,0,0,Dry,Single carriageway,None,30,08:25:00,Urban,Fine no high winds,No,16 - 20,9,Urban area,10,49,None,None,Pupil riding to/from school,Mid Junction - on roundabout or on main road,PEUGEOT,TREKKER OFF ROAD,Petrol,Male,None,No tow/articulation,Did not leave carriageway,0,Going ahead left-hand bend,2,Motorcycle 50cc and under,No,Front,2020
20104100F0387,C,79,Unclassified,1020,Slight,None,28-10-2021,Sunday,1,Give way or uncontrolled,Crossroads,28.55591927,Daylight,513220,202350,77.34587128,E01023732,1,2,0,0,Dry,Single carriageway,None,30,20:44:00,Urban,Fine no high winds,No,16 - 20,9,Urban area,7,1242,None,None,Other/Not known (2005-10),Entering main road,FIAT,PUNTO 1.2,Petrol,Male,None,No tow/articulation,Did not leave carriageway,0,Going ahead other,1,Car,No,Front,2020
20104100F0431,A,1081,NA,0,Slight,None,19-12-2020,Sunday,1,Not at junction or within 20 metres,Not at junction or within 20 metres,28.67255113,Daylight,511270,216160,77.12053808,E01023725,2,1,0,8,Dry,Single carriageway,None,40,06:35:00,Urban,Fine no high winds,No,16 - 20,9,Urban area,2,1781,Bollard or refuge,None,Taking pupil to/from school,Not at or within 20 metres of junction,AUDI,TT QUATTRO (180 BHP),Petrol,Male,None,No tow/articulation,Did not leave carriageway,0,Going ahead other,1,Car,No,Front,2020
201042I420212,Unclassified,0,NA,0,Slight,None,30-05-2019,Wednesday,1,Not at junction or within 20 metres,Not at junction or within 20 metres,28.57866968,Daylight,578560,221490,77.33915482,E01021380,1,2,0,0,Wet or damp,Single carriageway,None,50,14:41:00,Rural,Fine no high winds,No,16 - 20,9,Urban area,6,1390,None,None,Commuting to/from work,Not at or within 20 metres of junction,RENAULT,CLIO DYNAMIQUE+ 16V,Petrol,Male,Overturned,No tow/articulation,Nearside,0,Going ahead right-hand bend,2,Car,No,Front,2020
201037G029101,B,1059,Unclassified,2632,Slight,None,13-02-2019,Saturday,1,Give way or uncontrolled,T or staggered junction,28.5744637,Daylight,617850,244150,77.13494427,E01029990,2,3,0,0,Wet or damp,Single carriageway,Roadworks,30,13:15:00,Urban,Fine no high winds,No,16 - 20,9,Urban area,5,49,None,None,Other/Not known (2005-10),Approaching junction or waiting/parked at junction approach,PEUGEOT,SPEEDFIGHT,Petrol,Male,None,No tow/articulation,Nearside,0,Waiting to go - held up,2,Motorcycle 50cc and under,No,Back,2020
20104100F0522,Unclassified,96,Unclassified,443,Slight,None,21-03-2020,Tuesday,1,Give way or uncontrolled,T or staggered junction,28.66357759,Daylight,515030,205940,77.10406866,E01023738,1,2,0,0,Dry,Single carriageway,None,30,20:30:00,Urban,Fine no high winds,No,16 - 20,9,Data missing or out of range,NA,124,None,None,Other/Not known (2005-10),Approaching junction or waiting/parked at junction approach,HONDA,CG125,Petrol,Male,None,No tow/articulation,Did not leave carriageway,0,Going ahead other,1,Motorcycle 125cc and under,No,Front,2020
20105500D1161,B,3081,Unclassified,0,Slight,None,30-01-2020,Saturday,1,Give way or uncontrolled,T or staggered junction,28.61276999,Daylight,404100,113170,77.07358253,E01020389,4,1,0,0,Dry,Single carriageway,None,60,17:05:00,Rural,Fine no high winds,No,16 - 20,9,Urban area,8,1149,None,Other permanent object,Other/Not known (2005-10),Cleared junction or waiting/parked at junction exit,RENAULT,CLIO SPORT 16V,Petrol,Male,Skidded and overturned,No tow/articulation,Offside and rebounded,0,Going ahead right-hand bend,1,Car,No,Front,2020
201043R200040,A,4,NA,0,Slight,None,12-04-2021,Wednesday,1,Data missing or out of range,Not at junction or within 20 metres,28.63928434,Daylight,498270,179850,77.14467685,E01016512,1,3,0,0,Dry,Dual carriageway,None,30,08:45:00,Urban,Fine no high winds,No,16 - 20,9,Urban area,4,1199,None,None,Other/Not known (2005-10),Not at or within 20 metres of junction,VAUXHALL,CORSA COMFORT 16V,Petrol,Male,None,No tow/articulation,Did not leave carriageway,0,Slowing or stopping,1,Car,No,Back,2020
201054ES10710,A,338,NA,0,Slight,None,30-04-2019,Thursday,1,Not at junction or within 20 metres,Not at junction or within 20 metres,28.71046727,Daylight,414490,128990,77.06778495,E01032006,2,3,0,0,Dry,Single carriageway,None,30,15:45:00,Urban,Fine no high winds,No,16 - 20,9,Urban area,10,999,None,None,Other/Not known (2005-10),Not at or within 20 metres of junction,VOLKSWAGEN,POLO E,Petrol,Male,None,No tow/articulation,Did not leave carriageway,0,Going ahead other,3,Car,No,Front,2021
201050JG3H003,A,379,NA,0,Slight,Other object on road,07-07-2020,Tuesday,2,Data missing or out of range,Not at junction or within 20 metres,28.53750154,Daylight,293010,72180,77.31256591,E01020260,1,2,0,0,Dry,Single carriageway,None,30,09:00:00,Rural,Fine no high winds,No,16 - 20,9,Urban area,9,1997,None,None,Other/Not known (2005-10),Not at or within 20 metres of junction,PEUGEOT,307 XSI,Petrol,Male,None,No tow/articulation,Did not leave carriageway,0,Slowing or stopping,1,Car,No,Back,2021
20104100J0215,A,41,C,83,Slight,None,29-09-2021,Thursday,1,Give way or uncontrolled,T or staggered junction,28.59442625,Daylight,515400,195570,77.05765972,E01023551,4,3,0,0,Wet or damp,Single carriageway,None,60,17:35:00,Rural,Fine no high winds,No,16 - 20,9,Urban area,3,1242,None,None,Other/Not known (2005-10),Approaching junction or waiting/parked at junction approach,FIAT,PUNTO 1.2,Petrol,Male,None,No tow/articulation,Did not leave carriageway,0,Slowing or stopping,2,Car,No,Back,2021
20105500C1185,A,338,A,35,Slight,None,30-09-2021,Thursday,2,Give way or uncontrolled,Roundabout,28.59389599,Daylight,409510,91920,77.35130534,E01015287,2,2,0,0,Dry,Dual carriageway,None,40,16:24:00,Urban,Fine no high winds,No,16 - 20,9,Urban area,9,1124,None,None,Other/Not known (2005-10),Approaching junction or waiting/parked at junction approach,PEUGEOT,106 INDEPENDENCE,Petrol,Male,None,No tow/articulation,Did not leave carriageway,0,Slowing or stopping,2,Car,No,Front,2021
201045EP51169,A,240,NA,0,Slight,None,16-09-2021,Tuesday,1,Data missing or out of range,Not at junction or within 20 metres,28.60827914,Daylight,522420,161430,77.17929207,E01030396,1,3,0,4,Dry,Single carriageway,None,30,13:30:00,Urban,Fine no high winds,No,16 - 20,9,Urban area,10,1242,None,None,Commuting to/from work,Not at or within 20 metres of junction,FIAT,PUNTO ELX 8V,Petrol,Male,Skidded,No tow/articulation,Did not leave carriageway,0,Slowing or stopping,1,Car,No,Front,2021