Accident_Index,1st_Road_Class,1st_Road_Number,2nd_Road_Class,2nd_Road_Number,Accident_Severity,Carriageway_Hazards,Date,Day_of_Week,Did_Police_Officer_Attend_Scene_of_Accident,Junction_Control,Junction_Detail,Latitude,Light_Conditions,Location_Easting_OSGR,Location_Northing_OSGR,Longitude,LSOA_of_Accident_Location,Number_of_Casualties,Number_of_Vehicles,Pedestrian_Crossing-Human_Control,Pedestrian_Crossing-Physical_Facilities,Road_Surface_Conditions,Road_Type,Special_Conditions_at_Site,Speed_limit,Time,Urban_or_Rural_Area,Weather_Conditions,InScotland,Age_Band_of_Driver,Age_of_Vehicle,Driver_Home_Area_Type,Driver_IMD_Decile,Engine_Capacity_.CC.,Hit_Object_in_Carriageway,Hit_Object_off_Carriageway,Journey_Purpose_of_Driver,Junction_Location,make,model,Propulsion_Code,Sex_of_Driver,Skidding_and_Overturning,Towing_and_Articulation,Vehicle_Leaving_Carriageway,Vehicle_Location.Restricted_Lane,Vehicle_Manoeuvre,Vehicle_Reference,Vehicle_Type,Was_Vehicle_Left_Hand_Drive,X1st_Point_of_Impact,Year
20104100K0188,Unclassified,484,Unclassified,367,Slight,None,21-09-2021,Thursday,1,Give way or uncontrolled,Crossroads,18.53063548,Daylight,538250,209610,73.84285215,E01023330,2,2,0,0,Dry,Single carriageway,None,30,17:18:00,Urban,Fine no high winds,No,16 - 20,9,Rural,7,1998,None,None,Commuting to/from work,Cleared junction or waiting/parked at junction exit,FORD,TRANSIT 300 SWB,Heavy oil,Male,None,No tow/articulation,Did not leave carriageway,0,Moving off,1,Van / Goods 3.5 tonnes mgw or under,No,Offside,2021
201045TA57092,A,22,NA,0,Slight,None,24-03-2021,Sunday,1,Data missing or out of range,Not at junction or within 20 metres,18.58445865,Daylight,535830,152250,73.87067334,E01030825,2,2,0,0,Dry,Dual carriageway,None,70,11:17:00,Rural,Fine no high winds,No,16 - 20,9,Urban area,9,973,None,None,Other/Not known (2005-10),Not at or within 20 metres of junction,VAUXHALL,CORSA COMFORT 12V,Petrol,Male,None,No tow/articulation,Did not leave carriageway,0,Changing lane to right,1,Car,No,Offside,2021
201043P116050,Unclassified,189,NA,0,Slight,None,21-05-2019,Sunday,1,Data missing or out of range,Not at junction or within 20 metres,18.50313985,Daylight,451350,191080,73.78632873,E01028621,1,1,0,0,Wet or damp,Single carriageway,None,60,16:00:00,Urban,Fine no high winds,No,16 - 20,9,Urban area,5,1149,Kerb,Tree,Other/Not known (2005-10),Not at or within 20 metres of junction,RENAULT,CLIO EXPRESSION 16V,Petrol,Male,Skidded and overturned,No tow/articulation,Nearside,0,Going ahead left-hand bend,1,Car,No,Offside,2021
201050KO2J007,Unclassified,0,Unclassified,0,Slight,None,23-06-2020,Sunday,1,Give way or uncontrolled,T or staggered junction,18.60480303,Daylight,309240,95100,73.91740894,E01019942,1,2,0,0,Dry,Single carriageway,None,30,19:47:00,Rural,Fine no high winds,No,16 - 20,9,Small town,7,124,None,None,Other/Not known (2005-10),Approaching junction or waiting/parked at junction approach,YAMAHA,DT 125 R,Petrol,Male,None,No tow/articulation,Did not leave carriageway,0,Turning right,2,Motorcycle 125cc and under,No,Offside,2021
201037G029378,C,247,NA,0,Slight,None,30-01-2020,Saturday,1,Data missing or out of range,Not at junction or within 20 metres,18.50095544,Daylight,632360,236440,73.94445733,E01030158,2,1,0,0,Dry,Single carriageway,None,60,15:50:00,Rural,Fine no high winds,No,16 - 20,9,Urban area,10,973,None,Other permanent object,Other/Not known (2005-10),Not at or within 20 metres of junction,VAUXHALL,CORSA COMFORT 12V,Petrol,Male,Skidded and overturned,No tow/articulation,Nearside,0,Going ahead other,1,Car,No,Nearside,2021
2010400D02143,A,5120,NA,0,Slight,None,19-12-2020,Friday,1,Data missing or out of range,Not at junction or within 20 metres,18.54400517,Daylight,501270,222950,73.87861073,E01017599,1,2,0,0,Dry,Single carriageway,None,30,18:01:00,Urban,Fine no high winds,No,16 - 20,9,Urban area,4,1686,None,None,Other/Not known (2005-10),Not at or within 20 metres of junction,VAUXHALL,ASTRA CLUB DTI,Heavy oil,Male,None,No tow/articulation,Did not leave carriageway,0,Waiting to turn right,1,Car,No,Offside,2021
201043W114030,A,329,Unclassified,7201,Slight,None,10-07-2021,Friday,2,Give way or uncontrolled,Roundabout,18.57136402,Daylight,471050,173550,73.78651581,E01016353,1,2,0,0,Dry,Dual carriageway,None,70,06:50:00,Urban,Fine no high winds,No,16 - 20,9,Small town,9,100,None,None,Other/Not known (2005-10),Approaching junction or waiting/parked at junction approach,PEUGEOT,SPEEDFIGHT 100,Petrol,Male,None,No tow/articulation,Did not leave carriageway,0,Going ahead other,2,Motorcycle 125cc and under,No,Front,2021
201050EL2C030,Unclassified,0,NA,0,Slight,None,14-03-2020,Tuesday,1,Not at junction or within 20 metres,Not at junction or within 20 metres,18.64701171,Daylight,249810,56350,73.88421222,E01015058,1,2,0,0,Wet or damp,Single carriageway,None,30,18:00:00,Urban,Fine no high winds,No,16 - 20,9,Urban area,7,124,None,None,Other/Not known (2005-10),Not at or within 20 metres of junction,YAMAHA,DT 125 R,Petrol,Male,None,No tow/articulation,Did not leave carriageway,0,Slowing or stopping,1,Motorcycle 125cc and under,No,Front,2021
20104100F0472,A,5183,Unclassified,1454,Slight,None,07-09-2019,Tuesday,1,Give way or uncontrolled,Roundabout,18.49898182,Daylight,514410,206380,73.77072649,E01023740,1,2,0,0,Dry,Single carriageway,None,30,17:00:00,Urban,Fine no high winds,No,16 - 20,9,Urban area,9,100,None,Other permanent object,Other/Not known (2005-10),Approaching junction or waiting/parked at junction approach,PEUGEOT,SPEEDFIGHT 100,Petrol,Male,Skidded,No tow/articulation,Nearside,0,Overtaking moving vehicle - offside,1,Motorcycle 125cc and under,No,Nearside,2021
201043P112070,A,4260,NA,0,Slight,None,14-12-2019,Tuesday,1,Data missing or out of range,Not at junction or within 20 metres,18.58136407,Daylight,447130,237020,73.88364238,E01028422,2,3,0,0,Dry,Single carriageway,None,60,14:45:00,Rural,Fine no high winds,No,16 - 20,9,Small town,7,49,None,None,Other/Not known (2005-10),Not at or within 20 metres of junction,SUZUKI,TS 50 ERKX,Petrol,Male,None,No tow/articulation,Did not leave carriageway,0,Going ahead other,2,Motorcycle 50cc and under,No,Front,2021
2010400B01976,Unclassified,0,Unclassified,0,Slight,None,22-06-2020,Friday,1,Give way or uncontrolled,T or staggered junction,19.14101833,Daylight,495060,256800,72.85305848,E01017504,1,2,0,0,Dry,Single carriageway,None,30,19:21:00,Rural,Fine no high winds,No,16 - 20,9,Rural,9,1124,None,None,Other/Not known (2005-10),Mid Junction - on roundabout or on main road,PEUGEOT,206 STYLE,Petrol,Male,Skidded,No tow/articulation,Did not leave carriageway,0,Turning right,1,Car,No,Front,2021
201042I288109,Unclassified,0,Unclassified,0,Slight,None,23-11-2020,Tuesday,2,Give way or uncontrolled,T or staggered junction,19.09175466,Daylight,600670,227710,72.89408112,E01021671,1,2,0,0,Dry,Single carriageway,None,30,18:00:00,Urban,Fine no high winds,No,16 - 20,9,Urban area,8,1299,None,None,Other/Not known (2005-10),Approaching junction or waiting/parked at junction approach,FORD,KA LUXURY,Petrol,Male,None,No tow/articulation,Did not leave carriageway,0,Going ahead other,1,Car,No,Front,2021
201042I108502,B,1018,NA,0,Slight,None,06-10-2019,Thursday,2,Not at junction or within 20 metres,Not at junction or within 20 metres,19.12139495,Daylight,593860,199690,72.82892063,E01021906,1,2,0,0,Wet or damp,Dual carriageway,None,60,08:45:00,Rural,Fine no high winds,No,16 - 20,9,Small town,5,999,None,None,Commuting to/from work,Not at or within 20 metres of junction,VOLKSWAGEN,POLO E,Petrol,Male,None,No tow/articulation,Did not leave carriageway,0,Going ahead other,2,Car,No,Nearside,2021
20104100K0191,C,43,Unclassified,484,Slight,None,01-03-2021,Wednesday,2,Give way or uncontrolled,Mini-roundabout,19.16391041,Daylight,537570,209530,72.90093841,E01023327,1,2,0,0,Dry,Roundabout,None,30,17:50:00,Urban,Fine no high winds,No,16 - 20,9,Urban area,2,973,None,None,Other/Not known (2005-10),Mid Junction - on roundabout or on main road,VAUXHALL,CORSA CLUB 12V,Petrol,Male,None,No tow/articulation,Did not leave carriageway,0,Turning right,2,Car,No,Nearside,2021
201034WN19480,A,5076,NA,0,Slight,None,27-12-2020,Friday,1,Data missing or out of range,Not at junction or within 20 metres,15.73202412,Daylight,477500,265050,72.09124966,E01027221,1,1,0,0,Dry,Dual carriageway,None,40,07:00:00,Urban,Fine no high winds,No,16 - 20,9,Urban area,9,1242,None,Central crash barrier,Journey as part of work,Not at or within 20 metres of junction,FIAT,PUNTO 1.2,Petrol,Male,Skidded and overturned,No tow/articulation,Offside on to centrl res + rebounded,0,Going ahead right-hand bend,1,Car,No,Front,2021
201045EL53769,Unclassified,3912,Unclassified,3912,Slight,None,30-06-2020,Friday,1,Give way or uncontrolled,Roundabout,14.76831066,Daylight,506970,162180,78.52630913,E01030347,2,2,0,0,Dry,Roundabout,None,30,17:05:00,Urban,Fine no high winds,No,16 - 20,9,Urban area,8,1242,None,None,Other/Not known (2005-10),Entering roundabout,FORD,FIESTA FREESTYLE,Petrol,Male,None,No tow/articulation,Did not leave carriageway,0,Slowing or stopping,1,Car,No,Back,2019
201050GR2F003,A,3075,NA,0,Slight,None,11-06-2020,Tuesday,1,Not at junction or within 20 metres,Not at junction or within 20 metres,14.7066158,Daylight,180430,57170,78.57900172,E01018832,1,3,0,0,Dry,Single carriageway,None,30,22:49:00,Rural,Fine no high winds,No,16 - 20,9,Urban area,3,1996,None,None,Other/Not known (2005-10),Not at or within 20 metres of junction,CHRYSLER,NEON RT 16V,Petrol,Male,None,No tow/articulation,Did not leave carriageway,0,Going ahead left-hand bend,1,Car,No,Front,2019
2010400B00453,A,600,Unclassified,0,Slight,None,05-10-2020,Monday,2,Give way or uncontrolled,T or staggered junction,14.7292027,Daylight,505750,248420,78.64217756,E01017518,1,2,0,0,Dry,Single carriageway,None,30,22:10:00,Urban,Fine no high winds,No,16 - 20,9,Data missing or out of range,NA,1597,None,None,Other/Not known (2005-10),Entering main road,MITSUBISHI,COLT ELEGANCE,Petrol,Male,None,No tow/articulation,Did not leave carriageway,0,Turning right,1,Car,No,Front,2019
201043R215070,A,3032,Unclassified,7503,Slight,None,12-06-2020,Friday,1,Give way or uncontrolled,T or staggered junction,27.10235756,Daylight,477800,176100,93.63416882,E01016620,1,2,0,0,Wet or damp,Single carriageway,None,30,23:20:00,Rural,Fine no high winds,No,16 - 20,9,Small town,8,1390,None,None,Other/Not known (2005-10),Approaching junction or waiting/parked at junction approach,VOLKSWAGEN,POLO S,Petrol,Male,Skidded,No tow/articulation,Did not leave carriageway,0,Going ahead left-hand bend,1,Car,No,Back,2019
20104100J0145,B,462,Unclassified,461,Slight,None,29-12-2020,Saturday,1,Give way or uncontrolled,Crossroads,27.08820488,Daylight,516180,199810,93.61640703,E01023525,1,2,0,0,Dry,One way street,None,30,13:53:00,Rural,Fine no high winds,No,16 - 20,9,Small town,6,49,None,None,Journey as part of work,Entering main road,MALAGUTI,YESTERDAY,Petrol,Male,None,No tow/articulation,Did not leave carriageway,0,Going ahead other,1,Motorcycle 50cc and under,No,Front,2019
201001BS70372,Unclassified,0,NA,0,Slight,None,16-05-2010,Sunday,1,Data missing or out of range,Not at junction or within 20 metres,51.513094,Daylight,524040,180870,-0.213855,E01002881,1,1,0,0,Dry,Single carriageway,None,30,15:18:00,Urban,Fine no high winds,No,16 - 20,9,Urban area,5,124,None,None,Other/Not known (2005-10),Not at or within 20 metres of junction,PIAGGIO,TYPHOON 125,Petrol,Male,None,No tow/articulation,Did not leave carriageway,0,Going ahead other,1,Motorcycle 125cc and under,No,Offside,2010
201001EO40240,C,0,NA,0,Slight,None,09-05-2010,Sunday,1,Data missing or out of range,Not at junction or within 20 metres,51.547557,Daylight,532940,184930,-0.08414,E01002776,1,2,0,0,Dry,Single carriageway,None,30,14:40:00,Urban,Fine no high winds,No,16 - 20,9,Data missing or out of range,NA,125,None,None,Other/Not known (2005-10),Not at or within 20 metres of junction,PIAGGIO,ZIP,Petrol,Male,None,No tow/articulation,Did not leave carriageway,0,Going ahead other,2,Motorcycle 125cc and under,No,Front,2010
201001GD10397,A,104,A,10,Slight,None,20-06-2010,Sunday,1,Give way or uncontrolled,T or staggered junction,51.54616,Daylight,533530,184790,-0.075689,E01001743,1,2,0,0,Dry,Single carriageway,None,30,10:45:00,Urban,Fine no high winds,No,16 - 20,9,Urban area,10,1299,None,None,Other/Not known (2005-10),Mid Junction - on roundabout or on main road,FORD,KA NOW,Petrol,Male,None,No tow/articulation,Did not leave carriageway,0,Turning right,1,Car,No,Nearside,2010
201001GD10545,A,107,Unclassified,0,Slight,None,23-08-2010,Monday,1,Give way or uncontrolled,T or staggered junction,51.538652,Daylight,534870,183990,-0.056682,E01001839,1,2,0,0,Wet or damp,Single carriageway,None,30,08:55:00,Urban,Fine no high winds,No,16 - 20,9,Urban area,1,1124,None,None,Other/Not known (2005-10),Approaching junction or waiting/parked at junction approach,PEUGEOT,206 LOOK,Petrol,Male,None,No tow/articulation,Did not leave carriageway,0,Going ahead other,1,Car,No,Front,2010
201001GD10569,A,1207,Unclassified,0,Slight,None,02-09-2010,Thursday,1,Give way or uncontrolled,Crossroads,51.545819,Daylight,534210,184770,-0.065896,E01001749,1,4,0,0,Dry,Single carriageway,None,30,18:16:00,Urban,Fine no high winds,No,16 - 20,9,Urban area,5,1781,None,None,Other/Not known (2005-10),Mid Junction - on roundabout or on main road,AUDI,A3 T QUATTRO SPORT,Petrol,Male,None,No tow/articulation,Did not leave carriageway,0,Waiting to go - held up,3,Car,No,Back,2010
201001HT20190,A,1209,Unclassified,0,Slight,None,06-04-2010,Tuesday,1,Give way or uncontrolled,T or staggered junction,51.526219,Daylight,534250,182590,-0.06615,E01004313,1,2,0,1,Dry,Single carriageway,None,30,19:00:00,Urban,Fine no high winds,No,16 - 20,9,Urban area,1,1242,Bollard or refuge,None,Other/Not known (2005-10),Cleared junction or waiting/parked at junction exit,FORD,FIESTA FREESTYLE,Petrol,Male,None,No tow/articulation,Did not leave carriageway,0,Going ahead other,1,Car,No,Front,2010
201001JC30346,A,1006,C,0,Slight,None,20-06-2010,Sunday,1,Auto traffic signal,Mini-roundabout,51.563068,Daylight,537590,186780,-0.016396,E01004429,1,2,0,5,Dry,Roundabout,None,30,17:34:00,Urban,Fine no high winds,No,16 - 20,9,Urban area,2,1781,None,None,Other/Not known (2005-10),Approaching junction or waiting/parked at junction approach,SEAT,LEON 20V TURBO SPORT,Petrol,Male,None,No tow/articulation,Did not leave carriageway,0,Waiting to go - held up,2,Car,No,Front,2010
201001JC30663,Unclassified,0,A,106,Slight,None,24-11-2010,Wednesday,1,Auto traffic signal,T or staggered junction,51.555507,Daylight,537640,185940,-0.016004,E01004430,1,2,0,0,Dry,Single carriageway,None,30,10:15:00,Urban,Fine no high winds,No,16 - 20,9,Urban area,2,1596,None,None,Other/Not known (2005-10),Approaching junction or waiting/parked at junction approach,FORD,FOCUS ZETEC AUTO,Petrol,Male,None,No tow/articulation,Did not leave carriageway,0,Going ahead other,2,Car,No,Front,2010
201001KF60739,A,124,Unclassified,0,Slight,None,06-11-2010,Saturday,1,Give way or uncontrolled,T or staggered junction,51.530777,Daylight,541710,183300,0.041601,E01003493,1,2,0,0,Dry,Single carriageway,None,30,13:19:00,Urban,Fine no high winds,No,16 - 20,9,Urban area,4,1781,None,None,Other/Not known (2005-10),Approaching junction or waiting/parked at junction approach,AUDI,,Petrol,Male,None,No tow/articulation,Did not leave carriageway,0,Overtaking static vehicle - offside,2,Car,No,Nearside,2010
201001PL60243,A,21,Unclassified,0,Slight,None,17-04-2010,Saturday,1,Give way or uncontrolled,T or staggered junction,51.450846,Daylight,537890,174300,-0.016947,E01003322,1,2,0,0,Dry,Single carriageway,None,30,16:25:00,Urban,Fine no high winds,No,16 - 20,9,Urban area,5,85,None,None,Journey as part of work,Mid Junction - on roundabout or on main road,HONDA,C90,Petrol,Male,None,No tow/articulation,Did not leave carriageway,0,Going ahead other,2,Motorcycle 50cc and under,No,Front,2010
201001QK59116,Unclassified,0,NA,0,Slight,None,11-09-2010,Saturday,1,Data missing or out of range,Not at junction or within 20 metres,51.549587,Daylight,518580,184800,-0.291179,E01000630,1,1,0,0,Dry,Single carriageway,None,30,10:55:00,Urban,Fine no high winds,No,16 - 20,9,Data missing or out of range,NA,973,None,None,Other/Not known (2005-10),Not at or within 20 metres of junction,VAUXHALL,CORSA COMFORT 12V,Petrol,Male,None,No tow/articulation,Did not leave carriageway,0,Reversing,1,Car,No,Back,2010
201001RY10015,A,220,Unclassified,0,Slight,None,14-01-2010,Thursday,1,Give way or uncontrolled,Crossroads,51.4742,Daylight,550290,177250,0.16263,E01000439,1,1,0,1,Wet or damp,Single carriageway,None,30,15:10:00,Urban,Fine no high winds,No,16 - 20,9,Small town,10,1396,None,None,Other/Not known (2005-10),Approaching junction or waiting/parked at junction approach,ROVER,25 IMPRESSION,Petrol,Male,None,No tow/articulation,Did not leave carriageway,0,Going ahead other,1,Car,No,Front,2010
201001RY10258,A,220,Unclassified,0,Slight,None,15-06-2010,Tuesday,1,Give way or uncontrolled,Mini-roundabout,51.477688,Daylight,550350,177640,0.163659,E01000439,2,2,0,1,Dry,Roundabout,None,30,18:45:00,Urban,Fine no high winds,No,16 - 20,9,Urban area,9,973,None,None,Other/Not known (2005-10),Mid Junction - on roundabout or on main road,VAUXHALL,CORSA COMFORT 12V,Petrol,Male,None,No tow/articulation,Did not leave carriageway,0,Going ahead other,2,Car,No,Nearside,2010
201001RY10312,C,0,NA,0,Slight,None,02-07-2010,Friday,1,Data missing or out of range,Not at junction or within 20 metres,51.472903,Daylight,548050,177040,0.130312,E01000359,1,2,0,0,Dry,Single carriageway,None,30,20:00:00,Urban,Fine no high winds,No,16 - 20,9,Data missing or out of range,NA,1391,None,None,Other/Not known (2005-10),Not at or within 20 metres of junction,SEAT,IBIZA CHILL,Petrol,Male,None,No tow/articulation,Did not leave carriageway,0,Going ahead other,1,Car,No,Front,2010
201001SX20547,Unclassified,0,NA,0,Slight,None,15-05-2010,Saturday,1,Data missing or out of range,Not at junction or within 20 metres,51.577656,Daylight,522650,188020,-0.231386,E01000307,1,4,0,0,Dry,Single carriageway,None,30,04:40:00,Urban,Fine no high winds,No,16 - 20,9,Data missing or out of range,NA,1242,Parked vehicle,None,Other/Not known (2005-10),Not at or within 20 metres of junction,FIAT,PUNTO GO,Petrol,Male,Skidded,No tow/articulation,Did not leave carriageway,0,Going ahead right-hand bend,1,Car,No,Front,2010
201034WN19480,A,5076,NA,0,Slight,None,14-05-2010,Friday,1,Data missing or out of range,Not at junction or within 20 metres,52.278107,Daylight,477500,265050,-0.865466,E01027221,1,1,0,0,Dry,Dual carriageway,None,40,07:00:00,Urban,Fine no high winds,No,16 - 20,9,Urban area,9,1242,None,Central crash barrier,Journey as part of work,Not at or within 20 metres of junction,FIAT,PUNTO 1.2,Petrol,Male,Skidded and overturned,No tow/articulation,Offside on to centrl res + rebounded,0,Going ahead right-hand bend,1,Car,No,Front,2010
201037B044910,A,1092,NA,0,Slight,None,09-05-2010,Sunday,1,Data missing or out of range,Not at junction or within 20 metres,52.080979,Daylight,578600,245720,0.605056,E01030101,1,1,0,0,Wet or damp,Single carriageway,Mud,60,09:57:00,Rural,Fine no high winds,No,16 - 20,9,Urban area,7,1149,None,Other permanent object,Other/Not known (2005-10),Not at or within 20 metres of junction,RENAULT,CLIO EXPRESSION 16V,Petrol,Male,Skidded,No tow/articulation,Nearside,0,Going ahead right-hand bend,1,Car,No,Front,2010
201037B045981,A,1101,NA,0,Slight,None,15-10-2010,Friday,2,Data missing or out of range,Not at junction or within 20 metres,52.418005,Daylight,564980,282770,0.42457,E01029932,1,2,0,0,Dry,Single carriageway,None,60,12:20:00,Rural,Fine no high winds,No,16 - 20,9,Data missing or out of range,NA,1360,None,None,Other/Not known (2005-10),Not at or within 20 metres of junction,CITROEN,SAXO FURIO,Petrol,Male,None,No tow/articulation,Did not leave carriageway,0,Overtaking moving vehicle - offside,1,Car,No,Nearside,2010
201037G029101,B,1059,Unclassified,2632,Slight,None,03-04-2010,Saturday,1,Give way or uncontrolled,T or staggered junction,52.052846,Daylight,617850,244150,1.176001,E01029990,2,3,0,0,Wet or damp,Single carriageway,Roadworks,30,13:15:00,Urban,Fine no high winds,No,16 - 20,9,Urban area,5,49,None,None,Other/Not known (2005-10),Approaching junction or waiting/parked at junction approach,PEUGEOT,SPEEDFIGHT,Petrol,Male,None,No tow/articulation,Nearside,0,Waiting to go - held up,2,Motorcycle 50cc and under,No,Back,2010
201037G029378,C,247,NA,0,Slight,None,01-05-2010,Saturday,1,Data missing or out of range,Not at junction or within 20 metres,51.977759,Daylight,632360,236440,1.382021,E01030158,2,1,0,0,Dry,Single carriageway,None,60,15:50:00,Rural,Fine no high winds,No,16 - 20,9,Urban area,10,973,None,Other permanent object,Other/Not known (2005-10),Not at or within 20 metres of junction,VAUXHALL,CORSA COMFORT 12V,Petrol,Male,Skidded and overturned,No tow/articulation,Nearside,0,Going ahead other,1,Car,No,Nearside,2010
201037G030705,C,376,Unclassified,0,Slight,None,26-12-2010,Sunday,1,Give way or uncontrolled,Private drive or entrance,52.065654,Daylight,624670,245880,1.276438,E01030191,1,2,0,0,Wet or damp,Single carriageway,None,30,12:49:00,Urban,Fine no high winds,No,16 - 20,9,Rural,7,1997,None,None,Other/Not known (2005-10),Entering main road,PEUGEOT,406 RAPIER HDI (90),Heavy oil,Male,None,No tow/articulation,Did not leave carriageway,0,Reversing,1,Car,No,Back,2010
201037L018643,B,1116,B,1118,Slight,None,02-11-2010,Tuesday,1,Give way or uncontrolled,T or staggered junction,52.264493,Daylight,628320,268200,1.344595,E01030174,2,2,0,0,Dry,Single carriageway,None,60,16:00:00,Rural,Fine no high winds,No,16 - 20,9,Rural,8,1396,None,None,Other/Not known (2005-10),Approaching junction or waiting/parked at junction approach,ROVER,25 IMPRESSION S,Petrol,Male,None,No tow/articulation,Nearside,0,Going ahead left-hand bend,2,Car,No,Front,2010
2010400B00453,A,600,Unclassified,0,Slight,None,01-02-2010,Monday,2,Give way or uncontrolled,T or staggered junction,52.123946,Daylight,505750,248420,-0.456716,E01017518,1,2,0,0,Dry,Single carriageway,None,30,22:10:00,Urban,Fine no high winds,No,16 - 20,9,Data missing or out of range,NA,1597,None,None,Other/Not known (2005-10),Entering main road,MITSUBISHI,COLT ELEGANCE,Petrol,Male,None,No tow/articulation,Did not leave carriageway,0,Turning right,1,Car,No,Front,2010
2010400B01768,Unclassified,0,Unclassified,0,Slight,None,10-06-2010,Thursday,1,Give way or uncontrolled,T or staggered junction,52.113751,Daylight,502130,247210,-0.509937,E01017516,1,2,0,0,Dry,Single carriageway,None,30,16:50:00,Rural,Fine no high winds,No,16 - 20,9,Small town,10,49,None,None,Other/Not known (2005-10),Mid Junction - on roundabout or on main road,APRILIA,,Petrol,Male,None,No tow/articulation,Did not leave carriageway,0,Going ahead other,2,Motorcycle 50cc and under,No,Front,2010
2010400B01976,Unclassified,0,Unclassified,0,Slight,None,02-07-2010,Friday,1,Give way or uncontrolled,T or staggered junction,52.201205,Daylight,495060,256800,-0.61047,E01017504,1,2,0,0,Dry,Single carriageway,None,30,19:21:00,Rural,Fine no high winds,No,16 - 20,9,Rural,9,1124,None,None,Other/Not known (2005-10),Mid Junction - on roundabout or on main road,PEUGEOT,206 STYLE,Petrol,Male,Skidded,No tow/articulation,Did not leave carriageway,0,Turning right,1,Car,No,Front,2010
2010400B02161,Unclassified,0,NA,0,Slight,None,16-07-2010,Friday,1,Data missing or out of range,Not at junction or within 20 metres,52.145679,Daylight,506300,250850,-0.447926,E01017483,1,3,1,4,Dry,Single carriageway,None,30,15:36:00,Urban,Fine no high winds,No,16 - 20,9,Urban area,10,49,None,None,Other/Not known (2005-10),Not at or within 20 metres of junction,GILERA,DNA 50,Petrol,Male,None,No tow/articulation,Did not leave carriageway,0,Slowing or stopping,2,Motorcycle 50cc and under,No,Back,2010
2010400B02530,Unclassified,0,Unclassified,0,Slight,None,30-08-2010,Monday,1,Give way or uncontrolled,T or staggered junction,52.132155,Daylight,503690,249290,-0.48653,E01017535,4,2,0,0,Dry,Single carriageway,None,30,00:20:00,Urban,Fine no high winds,No,16 - 20,9,Urban area,3,998,None,None,Other/Not known (2005-10),Approaching junction or waiting/parked at junction approach,TOYOTA,YARIS GS,Petrol,Male,None,No tow/articulation,Did not leave carriageway,0,Overtaking moving vehicle - offside,2,Car,No,Back,2010
2010400D02143,A,5120,NA,0,Slight,None,23-07-2010,Friday,1,Data missing or out of range,Not at junction or within 20 metres,51.895862,Daylight,501270,222950,-0.529656,E01017599,1,2,0,0,Dry,Single carriageway,None,30,18:01:00,Urban,Fine no high winds,No,16 - 20,9,Urban area,4,1686,None,None,Other/Not known (2005-10),Not at or within 20 metres of junction,VAUXHALL,ASTRA CLUB DTI,Heavy oil,Male,None,No tow/articulation,Did not leave carriageway,0,Waiting to turn right,1,Car,No,Offside,2010
20104100A0546,B,1004,Unclassified,337,Slight,None,21-07-2010,Wednesday,2,Give way or uncontrolled,T or staggered junction,51.884896,Daylight,549300,222930,0.167906,E01023450,2,3,0,0,Dry,Single carriageway,None,40,20:25:00,Rural,Fine no high winds,No,16 - 20,9,Urban area,10,1242,None,None,Other/Not known (2005-10),Approaching junction or waiting/parked at junction approach,FORD,FIESTA FREESTYLE,Petrol,Male,None,No tow/articulation,Did not leave carriageway,0,Going ahead other,1,Car,No,Front,2010
20104100C0702,Unclassified,503,Unclassified,486,Slight,None,31-07-2010,Saturday,1,Give way or uncontrolled,Crossroads,51.680038,Daylight,512240,199170,-0.37798,E01023874,1,2,0,0,Dry,Single carriageway,None,30,18:15:00,Urban,Fine no high winds,No,16 - 20,9,Urban area,7,973,None,None,Other/Not known (2005-10),Entering main road,VAUXHALL,CORSA CLUB 12V,Petrol,Male,Skidded,No tow/articulation,Nearside,0,Going ahead other,1,Car,No,Offside,2010
20104100F0387,C,79,Unclassified,1020,Slight,None,23-05-2010,Sunday,1,Give way or uncontrolled,Crossroads,51.708422,Daylight,513220,202350,-0.36278,E01023732,1,2,0,0,Dry,Single carriageway,None,30,20:44:00,Urban,Fine no high winds,No,16 - 20,9,Urban area,7,1242,None,None,Other/Not known (2005-10),Entering main road,FIAT,PUNTO 1.2,Petrol,Male,None,No tow/articulation,Did not leave carriageway,0,Going ahead other,1,Car,No,Front,2010
20104100F0431,A,1081,NA,0,Slight,None,20-06-2010,Sunday,1,Not at junction or within 20 metres,Not at junction or within 20 metres,51.832932,Daylight,511270,216160,-0.38657,E01023725,2,1,0,8,Dry,Single carriageway,None,40,06:35:00,Urban,Fine no high winds,No,16 - 20,9,Urban area,2,1781,Bollard or refuge,None,Taking pupil to/from school,Not at or within 20 metres of junction,AUDI,TT QUATTRO (180 BHP),Petrol,Male,None,No tow/articulation,Did not leave carriageway,0,Going ahead other,1,Car,No,Front,2010
20104100F0472,A,5183,Unclassified,1454,Slight,None,29-06-2010,Tuesday,1,Give way or uncontrolled,Roundabout,51.744401,Daylight,514410,206380,-0.344242,E01023740,1,2,0,0,Dry,Single carriageway,None,30,17:00:00,Urban,Fine no high winds,No,16 - 20,9,Urban area,9,100,None,Other permanent object,Other/Not known (2005-10),Approaching junction or waiting/parked at junction approach,PEUGEOT,SPEEDFIGHT 100,Petrol,Male,Skidded,No tow/articulation,Nearside,0,Overtaking moving vehicle - offside,1,Motorcycle 125cc and under,No,Nearside,2010