Accident_Index,1st_Road_Class,1st_Road_Number,2nd_Road_Class,2nd_Road_Number,Accident_Severity,Carriageway_Hazards,Date,Day_of_Week,Did_Police_Officer_Attend_Scene_of_Accident,Junction_Control,Junction_Detail,Latitude,Light_Conditions,Location_Easting_OSGR,Location_Northing_OSGR,Longitude,LSOA_of_Accident_Location,Number_of_Casualties,Number_of_Vehicles,Pedestrian_Crossing-Human_Control,Pedestrian_Crossing-Physical_Facilities,Road_Surface_Conditions,Road_Type,Special_Conditions_at_Site,Speed_limit,Time,Urban_or_Rural_Area,Weather_Conditions,InScotland,Age_Band_of_Driver,Age_of_Vehicle,Driver_Home_Area_Type,Driver_IMD_Decile,Engine_Capacity_.CC.,Hit_Object_in_Carriageway,Hit_Object_off_Carriageway,Journey_Purpose_of_Driver,Junction_Location,make,model,Propulsion_Code,Sex_of_Driver,Skidding_and_Overturning,Towing_and_Articulation,Vehicle_Leaving_Carriageway,Vehicle_Location.Restricted_Lane,Vehicle_Manoeuvre,Vehicle_Reference,Vehicle_Type,Was_Vehicle_Left_Hand_Drive,X1st_Point_of_Impact,Year
20104100F0522,Unclassified,96,Unclassified,443,Slight,None,20-07-2010,Tuesday,1,Give way or uncontrolled,T or staggered junction,51.74032,Daylight,515030,205940,-0.335411,E01023738,1,2,0,0,Dry,Single carriageway,None,30,20:30:00,Urban,Fine no high winds,No,16 - 20,9,Data missing or out of range,NA,124,None,None,Other/Not known (2005-10),Approaching junction or waiting/parked at junction approach,HONDA,CG125,Petrol,Male,None,No tow/articulation,Did not leave carriageway,0,Going ahead other,1,Motorcycle 125cc and under,No,Front,2010
20104100F0951,A,4147,Unclassified,535,Slight,None,09-12-2010,Thursday,1,Give way or uncontrolled,T or staggered junction,51.755874,Daylight,514560,207660,-0.341649,E01023728,1,2,0,0,Dry,Single carriageway,None,30,08:25:00,Urban,Fine no high winds,No,16 - 20,9,Urban area,10,49,None,None,Pupil riding to/from school,Mid Junction - on roundabout or on main road,PEUGEOT,TREKKER OFF ROAD,Petrol,Male,None,No tow/articulation,Did not leave carriageway,0,Going ahead left-hand bend,2,Motorcycle 50cc and under,No,Front,2010
20104100G0530,A,505,NA,0,Slight,None,06-10-2010,Wednesday,1,Not at junction or within 20 metres,Not at junction or within 20 metres,51.95377,Daylight,519290,229790,-0.265521,E01023601,2,1,0,1,Dry,Single carriageway,None,30,16:15:00,Urban,Fine no high winds,No,16 - 20,9,Rural,9,645,None,None,Other/Not known (2005-10),Not at or within 20 metres of junction,SUZUKI,SV 650 SK1,Petrol,Male,None,No tow/articulation,Did not leave carriageway,0,Going ahead left-hand bend,1,Motorcycle over 500cc,No,Nearside,2010
20104100J0145,B,462,Unclassified,461,Slight,None,06-03-2010,Saturday,1,Give way or uncontrolled,Crossroads,51.68499,Daylight,516180,199810,-0.320805,E01023525,1,2,0,0,Dry,One way street,None,30,13:53:00,Rural,Fine no high winds,No,16 - 20,9,Small town,6,49,None,None,Journey as part of work,Entering main road,MALAGUTI,YESTERDAY,Petrol,Male,None,No tow/articulation,Did not leave carriageway,0,Going ahead other,1,Motorcycle 50cc and under,No,Front,2010
20104100J0215,A,41,C,83,Slight,None,01-04-2010,Thursday,1,Give way or uncontrolled,T or staggered junction,51.647043,Daylight,515400,195570,-0.333482,E01023551,4,3,0,0,Wet or damp,Single carriageway,None,60,17:35:00,Rural,Fine no high winds,No,16 - 20,9,Urban area,3,1242,None,None,Other/Not known (2005-10),Approaching junction or waiting/parked at junction approach,FIAT,PUNTO 1.2,Petrol,Male,None,No tow/articulation,Did not leave carriageway,0,Slowing or stopping,2,Car,No,Back,2010
20104100K0188,Unclassified,484,Unclassified,367,Slight,None,22-04-2010,Thursday,1,Give way or uncontrolled,Crossroads,51.768055,Daylight,538250,209610,0.002144,E01023330,2,2,0,0,Dry,Single carriageway,None,30,17:18:00,Urban,Fine no high winds,No,16 - 20,9,Rural,7,1998,None,None,Commuting to/from work,Cleared junction or waiting/parked at junction exit,FORD,TRANSIT 300 SWB,Heavy oil,Male,None,No tow/articulation,Did not leave carriageway,0,Moving off,1,Van / Goods 3.5 tonnes mgw or under,No,Offside,2010
20104100K0191,C,43,Unclassified,484,Slight,None,21-04-2010,Wednesday,2,Give way or uncontrolled,Mini-roundabout,51.767504,Daylight,537570,209530,-0.007735,E01023327,1,2,0,0,Dry,Roundabout,None,30,17:50:00,Urban,Fine no high winds,No,16 - 20,9,Urban area,2,973,None,None,Other/Not known (2005-10),Mid Junction - on roundabout or on main road,VAUXHALL,CORSA CLUB 12V,Petrol,Male,None,No tow/articulation,Did not leave carriageway,0,Turning right,2,Car,No,Nearside,2010
20104100T1046,Motorway,1,NA,0,Slight,None,08-03-2010,Monday,1,Not at junction or within 20 metres,Not at junction or within 20 metres,51.666657,Daylight,513530,197710,-0.359804,E01023555,1,2,0,0,Dry,Dual carriageway,None,70,10:38:00,Urban,Fine no high winds,No,16 - 20,9,Urban area,7,1124,None,None,Other/Not known (2005-10),Not at or within 20 metres of junction,PEUGEOT,106 XN ZEST 2,Petrol,Male,None,No tow/articulation,Did not leave carriageway,0,Going ahead other,1,Car,No,Front,2010
201042I064803,Unclassified,0,Unclassified,0,Slight,None,02-03-2010,Tuesday,1,Give way or uncontrolled,T or staggered junction,51.729091,Daylight,570750,206270,0.471078,E01021581,1,3,0,0,Dry,One way street,None,30,14:05:00,Urban,Fine no high winds,No,16 - 20,9,Urban area,9,1242,None,None,Other/Not known (2005-10),Mid Junction - on roundabout or on main road,FORD,FIESTA FREESTYLE,Petrol,Male,None,No tow/articulation,Did not leave carriageway,0,Going ahead other,1,Car,No,Front,2010
201042I108502,B,1018,NA,0,Slight,None,04-02-2010,Thursday,2,Not at junction or within 20 metres,Not at junction or within 20 metres,51.662491,Daylight,593860,199690,0.801655,E01021906,1,2,0,0,Wet or damp,Dual carriageway,None,60,08:45:00,Rural,Fine no high winds,No,16 - 20,9,Small town,5,999,None,None,Commuting to/from work,Not at or within 20 metres of junction,VOLKSWAGEN,POLO E,Petrol,Male,None,No tow/articulation,Did not leave carriageway,0,Going ahead other,2,Car,No,Nearside,2010
201042I187006,Unclassified,0,NA,0,Slight,None,16-06-2010,Wednesday,1,Not at junction or within 20 metres,Not at junction or within 20 metres,51.695114,Daylight,573170,202570,0.504247,E01021555,2,2,0,0,Dry,Single carriageway,None,60,13:34:00,Rural,Fine no high winds,No,16 - 20,9,Urban area,10,1781,None,None,Other/Not known (2005-10),Not at or within 20 metres of junction,AUDI,S3 QUATTRO,Petrol,Male,None,No tow/articulation,Offside,0,Going ahead left-hand bend,1,Car,No,Offside,2010
201042I199306,Unclassified,0,Unclassified,0,Slight,None,15-06-2010,Tuesday,1,Give way or uncontrolled,Other junction,51.56706,Daylight,568580,188160,0.430964,E01021288,1,2,0,0,Dry,Single carriageway,None,30,19:30:00,Urban,Fine no high winds,No,16 - 20,9,Urban area,1,1753,None,None,Other/Not known (2005-10),Approaching junction or waiting/parked at junction approach,FORD,FOCUS ZETEC TD DI,Heavy oil,Male,None,No tow/articulation,Did not leave carriageway,0,Turning right,2,Car,No,Front,2010
201042I275908,A,1114,NA,0,Slight,None,29-08-2010,Sunday,1,Not at junction or within 20 metres,Not at junction or within 20 metres,51.721653,Daylight,570100,205420,0.46126,E01021556,1,2,0,4,Dry,Dual carriageway,None,40,17:10:00,Urban,Fine no high winds,No,16 - 20,9,Small town,9,1997,None,None,Other/Not known (2005-10),Not at or within 20 metres of junction,MITSUBISHI,GALANT GLS AUTO,Petrol,Male,None,No tow/articulation,Did not leave carriageway,0,Changing lane to right,1,Car,No,Offside,2010
201042I288109,Unclassified,0,Unclassified,0,Slight,None,07-09-2010,Tuesday,2,Give way or uncontrolled,T or staggered junction,51.911711,Daylight,600670,227710,0.916181,E01021671,1,2,0,0,Dry,Single carriageway,None,30,18:00:00,Urban,Fine no high winds,No,16 - 20,9,Urban area,8,1299,None,None,Other/Not known (2005-10),Approaching junction or waiting/parked at junction approach,FORD,KA LUXURY,Petrol,Male,None,No tow/articulation,Did not leave carriageway,0,Going ahead other,1,Car,No,Front,2010
201042I420212,Unclassified,0,NA,0,Slight,None,22-12-2010,Wednesday,1,Not at junction or within 20 metres,Not at junction or within 20 metres,51.863366,Daylight,578560,221490,0.591877,E01021380,1,2,0,0,Wet or damp,Single carriageway,None,50,14:41:00,Rural,Fine no high winds,No,16 - 20,9,Urban area,6,1390,None,None,Commuting to/from work,Not at or within 20 metres of junction,RENAULT,CLIO DYNAMIQUE+ 16V,Petrol,Male,Overturned,No tow/articulation,Nearside,0,Going ahead right-hand bend,2,Car,No,Front,2010
201043N242050,A,413,C,1941,Slight,None,24-05-2010,Monday,1,Give way or uncontrolled,Roundabout,51.994493,Daylight,470870,233400,-0.969217,E01017648,3,3,0,0,Dry,Single carriageway,None,60,18:00:00,Urban,Fine no high winds,No,16 - 20,9,Urban area,10,1124,None,None,Commuting to/from work,Approaching junction or waiting/parked at junction approach,CITROEN,SAXO FORTE,Petrol,Male,None,No tow/articulation,Did not leave carriageway,0,Slowing or stopping,3,Car,No,Front,2010
201043P112070,A,4260,NA,0,Slight,None,13-07-2010,Tuesday,1,Data missing or out of range,Not at junction or within 20 metres,52.029556,Daylight,447130,237020,-1.314454,E01028422,2,3,0,0,Dry,Single carriageway,None,60,14:45:00,Rural,Fine no high winds,No,16 - 20,9,Small town,7,49,None,None,Other/Not known (2005-10),Not at or within 20 metres of junction,SUZUKI,TS 50 ERKX,Petrol,Male,None,No tow/articulation,Did not leave carriageway,0,Going ahead other,2,Motorcycle 50cc and under,No,Front,2010
201043P116050,Unclassified,189,NA,0,Slight,None,16-05-2010,Sunday,1,Data missing or out of range,Not at junction or within 20 metres,51.616163,Daylight,451350,191080,-1.259749,E01028621,1,1,0,0,Wet or damp,Single carriageway,None,60,16:00:00,Urban,Fine no high winds,No,16 - 20,9,Urban area,5,1149,Kerb,Tree,Other/Not known (2005-10),Not at or within 20 metres of junction,RENAULT,CLIO EXPRESSION 16V,Petrol,Male,Skidded and overturned,No tow/articulation,Nearside,0,Going ahead left-hand bend,1,Car,No,Offside,2010
201043P383110,Unclassified,266,NA,0,Slight,None,17-11-2010,Wednesday,1,Data missing or out of range,Not at junction or within 20 metres,51.499172,Daylight,470720,178300,-0.982591,E01028659,1,1,0,0,Wet or damp,Single carriageway,None,30,08:35:00,Rural,Fine no high winds,No,16 - 20,9,Urban area,2,1242,None,Other permanent object,Other/Not known (2005-10),Not at or within 20 metres of junction,FIAT,PUNTO MIA,Petrol,Male,Skidded and overturned,No tow/articulation,Nearside and rebounded,0,Going ahead other,1,Car,No,Offside,2010
201043R200040,A,4,NA,0,Slight,None,28-04-2010,Wednesday,1,Data missing or out of range,Not at junction or within 20 metres,51.508991,Daylight,498270,179850,-0.585376,E01016512,1,3,0,0,Dry,Dual carriageway,None,30,08:45:00,Urban,Fine no high winds,No,16 - 20,9,Urban area,4,1199,None,None,Other/Not known (2005-10),Not at or within 20 metres of junction,VAUXHALL,CORSA COMFORT 16V,Petrol,Male,None,No tow/articulation,Did not leave carriageway,0,Slowing or stopping,1,Car,No,Back,2010
201043R215070,A,3032,Unclassified,7503,Slight,None,16-07-2010,Friday,1,Give way or uncontrolled,T or staggered junction,51.478465,Daylight,477800,176100,-0.881098,E01016620,1,2,0,0,Wet or damp,Single carriageway,None,30,23:20:00,Rural,Fine no high winds,No,16 - 20,9,Small town,8,1390,None,None,Other/Not known (2005-10),Approaching junction or waiting/parked at junction approach,VOLKSWAGEN,POLO S,Petrol,Male,Skidded,No tow/articulation,Did not leave carriageway,0,Going ahead left-hand bend,1,Car,No,Back,2010
201043S013070,B,4034,NA,0,Slight,None,02-07-2010,Friday,1,Data missing or out of range,Not at junction or within 20 metres,51.994993,Daylight,486980,233710,-0.734555,E01016712,1,1,2,4,Dry,Dual carriageway,None,40,20:10:00,Urban,Fine no high winds,No,16 - 20,9,Urban area,4,1679,None,None,Other/Not known (2005-10),Not at or within 20 metres of junction,FORD,PUMA THUNDER,Petrol,Male,None,No tow/articulation,Did not leave carriageway,0,Going ahead other,1,Car,No,Front,2010
201043S114080,C,9011,Unclassified,1158,Slight,None,27-08-2010,Friday,1,Give way or uncontrolled,T or staggered junction,52.052374,Daylight,488470,240120,-0.711204,E01016785,3,3,0,0,Dry,Single carriageway,None,60,15:16:00,Urban,Fine no high winds,No,16 - 20,9,Urban area,9,1199,None,None,Other/Not known (2005-10),Approaching junction or waiting/parked at junction approach,VAUXHALL,CORSA CLUB 16V,Petrol,Male,None,No tow/articulation,Did not leave carriageway,0,Going ahead other,3,Car,No,Front,2010
201043W114030,A,329,Unclassified,7201,Slight,None,12-03-2010,Friday,2,Give way or uncontrolled,Roundabout,51.456427,Daylight,471050,173550,-0.978792,E01016353,1,2,0,0,Dry,Dual carriageway,None,70,06:50:00,Urban,Fine no high winds,No,16 - 20,9,Small town,9,100,None,None,Other/Not known (2005-10),Approaching junction or waiting/parked at junction approach,PEUGEOT,SPEEDFIGHT 100,Petrol,Male,None,No tow/articulation,Did not leave carriageway,0,Going ahead other,2,Motorcycle 125cc and under,No,Front,2010
201045EL53769,Unclassified,3912,Unclassified,3912,Slight,None,10-09-2010,Friday,1,Give way or uncontrolled,Roundabout,51.348586,Daylight,506970,162180,-0.46539,E01030347,2,2,0,0,Dry,Roundabout,None,30,17:05:00,Urban,Fine no high winds,No,16 - 20,9,Urban area,8,1242,None,None,Other/Not known (2005-10),Entering roundabout,FORD,FIESTA FREESTYLE,Petrol,Male,None,No tow/articulation,Did not leave carriageway,0,Slowing or stopping,1,Car,No,Back,2010
201045EP49510,A,2022,B,288,Slight,None,03-03-2010,Wednesday,1,Auto traffic signal,Crossroads,51.327223,Daylight,522430,160150,-0.244197,E01030379,1,2,0,5,Dry,Single carriageway,None,30,11:11:00,Urban,Fine no high winds,No,16 - 20,9,Urban area,10,1149,None,None,Other/Not known (2005-10),Approaching junction or waiting/parked at junction approach,RENAULT,CLIO DYNAMIQUE 16V,Petrol,Male,None,No tow/articulation,Did not leave carriageway,0,Waiting to turn right,1,Car,No,Did not impact,2010
201045EP51169,A,240,NA,0,Slight,None,20-04-2010,Tuesday,1,Data missing or out of range,Not at junction or within 20 metres,51.33873,Daylight,522420,161430,-0.243901,E01030396,1,3,0,4,Dry,Single carriageway,None,30,13:30:00,Urban,Fine no high winds,No,16 - 20,9,Urban area,10,1242,None,None,Commuting to/from work,Not at or within 20 metres of junction,FIAT,PUNTO ELX 8V,Petrol,Male,Skidded,No tow/articulation,Did not leave carriageway,0,Slowing or stopping,1,Car,No,Front,2010
201045GU50226,A,323,Unclassified,0,Slight,None,07-05-2010,Friday,1,Give way or uncontrolled,Mini-roundabout,51.251444,Daylight,490160,151050,-0.709507,E01030432,1,5,0,0,Dry,Single carriageway,None,30,17:30:00,Urban,Fine no high winds,No,16 - 20,9,Urban area,5,1108,None,None,Commuting to/from work,Approaching junction or waiting/parked at junction approach,FIAT,SEICENTO MICHAEL SCHUMACHER,Petrol,Male,None,No tow/articulation,Did not leave carriageway,0,Waiting to go - held up,4,Car,No,Back,2010
201045GU50402,A,322,Unclassified,0,Slight,None,11-04-2010,Sunday,1,Auto traffic signal,T or staggered junction,51.237677,Daylight,499440,149690,-0.576954,E01030452,3,2,0,5,Dry,Dual carriageway,None,30,10:30:00,Urban,Fine no high winds,No,16 - 20,9,Rural,7,1587,None,None,Other/Not known (2005-10),Approaching junction or waiting/parked at junction approach,PEUGEOT,206 XSI,Petrol,Male,None,No tow/articulation,Did not leave carriageway,0,Moving off,1,Car,No,Front,2010
201045MO50246,A,25,Unclassified,2862,Slight,None,20-04-2010,Tuesday,1,Give way or uncontrolled,T or staggered junction,51.230292,Daylight,515740,149210,-0.343713,E01030534,2,3,0,8,Dry,Single carriageway,None,30,09:10:00,Urban,Fine no high winds,No,16 - 20,9,Urban area,8,1149,None,None,Taking pupil to/from school,Approaching junction or waiting/parked at junction approach,RENAULT,CLIO AUTHENTIQUE,Petrol,Male,None,No tow/articulation,Did not leave carriageway,0,Slowing or stopping,1,Car,No,Front,2010
201045RE51843,Unclassified,1022,Unclassified,0,Slight,None,28-06-2010,Monday,1,Give way or uncontrolled,T or staggered junction,51.312046,Daylight,523210,158480,-0.233585,E01030642,1,2,0,0,Dry,Single carriageway,None,30,18:00:00,Urban,Fine no high winds,No,16 - 20,9,Data missing or out of range,NA,1348,Parked vehicle,None,Other/Not known (2005-10),Approaching junction or waiting/parked at junction approach,NISSAN,MICRA S,Petrol,Male,None,No tow/articulation,Did not leave carriageway,0,Going ahead left-hand bend,1,Car,No,Front,2010
201045SP52940,Unclassified,3282,Unclassified,3321,Slight,None,02-08-2010,Monday,1,Give way or uncontrolled,T or staggered junction,51.436982,Daylight,503860,171950,-0.507175,E01030736,2,2,0,0,Dry,Single carriageway,None,30,18:33:00,Urban,Fine no high winds,No,16 - 20,9,Urban area,9,1242,None,None,Other/Not known (2005-10),Approaching junction or waiting/parked at junction approach,FIAT,PUNTO 1.2,Petrol,Male,None,No tow/articulation,Did not leave carriageway,0,Going ahead other,1,Car,No,Front,2010
201045TA51041,C,67,NA,0,Slight,None,06-05-2010,Thursday,1,Data missing or out of range,Not at junction or within 20 metres,51.146357,Daylight,532270,140270,-0.110382,E01030819,2,2,0,0,Dry,Single carriageway,None,50,17:27:00,Rural,Fine no high winds,No,16 - 20,9,Rural,6,1396,None,None,Other/Not known (2005-10),Not at or within 20 metres of junction,ROVER,25 IMPRESSION S,Petrol,Male,None,No tow/articulation,Did not leave carriageway,0,Going ahead other,2,Car,No,Offside,2010
201045TA57092,A,22,NA,0,Slight,None,26-12-2010,Sunday,1,Data missing or out of range,Not at junction or within 20 metres,51.253188,Daylight,535830,152250,-0.054987,E01030825,2,2,0,0,Dry,Dual carriageway,None,70,11:17:00,Rural,Fine no high winds,No,16 - 20,9,Urban area,9,973,None,None,Other/Not known (2005-10),Not at or within 20 metres of junction,VAUXHALL,CORSA COMFORT 12V,Petrol,Male,None,No tow/articulation,Did not leave carriageway,0,Changing lane to right,1,Car,No,Offside,2010
201045WO50353,A,320,NA,0,Slight,None,08-05-2010,Saturday,2,Data missing or out of range,Not at junction or within 20 metres,51.286147,Daylight,499340,155080,-0.57689,E01030987,1,2,0,0,Dry,Dual carriageway,None,30,11:30:00,Rural,Fine no high winds,No,16 - 20,9,Urban area,8,1124,None,None,Other/Not known (2005-10),Not at or within 20 metres of junction,CITROEN,SAXO FIRST,Petrol,Male,None,No tow/articulation,Did not leave carriageway,0,Going ahead other,2,Car,No,Back,2010
201050AP2R001,C,731,Unclassified,0,Slight,None,19-01-2010,Tuesday,1,Give way or uncontrolled,T or staggered junction,50.117477,Daylight,146740,30180,-5.544218,E01018994,1,2,0,0,Dry,Single carriageway,None,30,09:41:00,Urban,Fine no high winds,No,16 - 20,9,Urban area,3,49,None,None,Other/Not known (2005-10),Approaching junction or waiting/parked at junction approach,APRILIA,,Petrol,Male,None,No tow/articulation,Did not leave carriageway,0,Overtaking moving vehicle - offside,1,Motorcycle 50cc and under,No,Front,2010
201050CB2E003,Unclassified,0,Unclassified,0,Slight,None,22-03-2010,Monday,1,Give way or uncontrolled,Roundabout,51.062137,Daylight,254160,131270,-4.082647,E01020122,1,2,0,0,Dry,Single carriageway,None,30,07:50:00,Rural,Fine no high winds,No,16 - 20,9,Rural,8,1896,None,None,Other/Not known (2005-10),Approaching junction or waiting/parked at junction approach,SKODA,FABIA CLASSIC SDI,Heavy oil,Male,None,No tow/articulation,Did not leave carriageway,0,Going ahead other,1,Car,No,Front,2010
201050DE2O007,Unclassified,0,NA,0,Slight,None,10-04-2010,Saturday,1,Not at junction or within 20 metres,Not at junction or within 20 metres,50.709928,Daylight,293850,91120,-3.504815,E01020015,1,2,0,0,Dry,Single carriageway,None,30,18:56:00,Urban,Fine no high winds,No,16 - 20,9,Urban area,4,124,None,None,Other/Not known (2005-10),Not at or within 20 metres of junction,YAMAHA,TW 125,Petrol,Male,None,No tow/articulation,Did not leave carriageway,0,Going ahead other,1,Motorcycle over 125cc and up to 500cc,No,Front,2010
201050ED2N023,Unclassified,0,NA,0,Slight,None,19-04-2010,Monday,1,Not at junction or within 20 metres,Not at junction or within 20 metres,50.373431,Daylight,245930,54870,-4.168083,E01015172,1,2,0,0,Dry,Dual carriageway,None,30,12:21:00,Urban,Fine no high winds,No,16 - 20,9,Urban area,3,1396,None,None,Other/Not known (2005-10),Not at or within 20 metres of junction,ROVER,25 IMPRESSION S,Petrol,Male,None,No tow/articulation,Did not leave carriageway,0,Going ahead other,2,Car,No,Did not impact,2010
201050EL2C030,Unclassified,0,NA,0,Slight,None,10-08-2010,Tuesday,1,Not at junction or within 20 metres,Not at junction or within 20 metres,50.387736,Daylight,249810,56350,-4.114149,E01015058,1,2,0,0,Wet or damp,Single carriageway,None,30,18:00:00,Urban,Fine no high winds,No,16 - 20,9,Urban area,7,124,None,None,Other/Not known (2005-10),Not at or within 20 metres of junction,YAMAHA,DT 125 R,Petrol,Male,None,No tow/articulation,Did not leave carriageway,0,Slowing or stopping,1,Motorcycle 125cc and under,No,Front,2010
201050FT2E002,Unclassified,0,Unclassified,0,Slight,None,30-01-2010,Saturday,1,Auto traffic signal,T or staggered junction,50.468089,Daylight,291350,64270,-3.532353,E01015256,1,2,0,0,Dry,Single carriageway,None,30,18:40:00,Urban,Fine no high winds,No,16 - 20,9,Data missing or out of range,NA,1910,None,None,Other/Not known (2005-10),Approaching junction or waiting/parked at junction approach,FIAT,PUNTO 1.9D,Heavy oil,Male,None,No tow/articulation,Did not leave carriageway,0,Moving off,1,Car,No,Front,2010
201050GN2B007,C,614,Unclassified,0,Slight,None,10-07-2010,Saturday,1,Give way or uncontrolled,T or staggered junction,50.410548,Daylight,181380,61280,-5.078401,E01019022,1,2,0,0,Dry,Single carriageway,None,30,14:35:00,Urban,Fine no high winds,No,16 - 20,9,Urban area,3,1598,None,None,Other/Not known (2005-10),Approaching junction or waiting/parked at junction approach,RENAULT,CLIO RSI,Petrol,Male,None,No tow/articulation,Did not leave carriageway,0,Turning right,1,Car,No,Offside,2010
201050GP2D011,A,39,C,7,Slight,None,28-05-2010,Friday,1,Give way or uncontrolled,Roundabout,50.164411,Daylight,176860,34060,-5.12585,E01018899,1,2,0,0,Dry,Single carriageway,None,60,09:06:00,Rural,Fine no high winds,No,16 - 20,9,Urban area,2,1108,None,None,Journey as part of work,Approaching junction or waiting/parked at junction approach,FIAT,SEICENTO MICHAEL SCHUMACHER,Petrol,Male,None,No tow/articulation,Did not leave carriageway,0,Slowing or stopping,1,Car,No,Front,2010
201050GR2F003,A,3075,NA,0,Slight,None,13-07-2010,Tuesday,1,Not at junction or within 20 metres,Not at junction or within 20 metres,50.373285,Daylight,180430,57170,-5.08935,E01018832,1,3,0,0,Dry,Single carriageway,None,30,22:49:00,Rural,Fine no high winds,No,16 - 20,9,Urban area,3,1996,None,None,Other/Not known (2005-10),Not at or within 20 metres of junction,CHRYSLER,NEON RT 16V,Petrol,Male,None,No tow/articulation,Did not leave carriageway,0,Going ahead left-hand bend,1,Car,No,Front,2010
201050GT3F013,A,390,Unclassified,0,Slight,None,27-05-2010,Thursday,1,Give way or uncontrolled,Crossroads,50.274455,Daylight,175770,46360,-5.148357,E01018820,1,2,0,0,Dry,Single carriageway,None,60,14:12:00,Rural,Fine no high winds,No,16 - 20,9,Rural,4,498,None,None,Other/Not known (2005-10),Approaching junction or waiting/parked at junction approach,KAWASAKI,ER500-C1,Petrol,Male,None,No tow/articulation,Did not leave carriageway,0,Going ahead other,1,Motorcycle over 125cc and up to 500cc,No,Front,2010
201050GT3F016,A,390,NA,0,Slight,None,13-07-2010,Tuesday,1,Not at junction or within 20 metres,Not at junction or within 20 metres,50.266962,Daylight,177090,45470,-5.129337,E01018819,1,2,0,0,Wet or damp,Single carriageway,None,30,20:05:00,Rural,Fine no high winds,No,16 - 20,9,Small town,8,1396,None,None,Other/Not known (2005-10),Not at or within 20 metres of junction,ROVER,25 I 16V,Petrol,Male,None,No tow/articulation,Did not leave carriageway,0,Turning right,1,Car,No,Front,2010
201050JG3H003,A,379,NA,0,Slight,Other object on road,13-04-2010,Tuesday,2,Data missing or out of range,Not at junction or within 20 metres,50.539506,Daylight,293010,72180,-3.511239,E01020260,1,2,0,0,Dry,Single carriageway,None,30,09:00:00,Rural,Fine no high winds,No,16 - 20,9,Urban area,9,1997,None,None,Other/Not known (2005-10),Not at or within 20 metres of junction,PEUGEOT,307 XSI,Petrol,Male,None,No tow/articulation,Did not leave carriageway,0,Slowing or stopping,1,Car,No,Back,2010
201050JO2M001,A,30,NA,0,Slight,None,19-03-2010,Friday,1,Not at junction or within 20 metres,Not at junction or within 20 metres,50.727054,Daylight,268990,93590,-3.857612,E01020339,1,1,0,0,Wet or damp,Dual carriageway,None,30,17:33:00,Rural,Fine no high winds,No,16 - 20,9,Urban area,3,1124,None,Tree,Other/Not known (2005-10),Not at or within 20 metres of junction,CITROEN,SAXO FORTE,Petrol,Male,Overturned,No tow/articulation,Nearside,0,Going ahead other,1,Car,No,Nearside,2010
201050KE3M012,B,3180,NA,0,Slight,None,01-11-2010,Monday,1,Not at junction or within 20 metres,Not at junction or within 20 metres,50.657744,Daylight,302330,85150,-3.38317,E01019964,3,2,0,0,Wet or damp,Single carriageway,None,60,08:15:00,Rural,Fine no high winds,No,16 - 20,9,Urban area,3,1242,None,None,Other/Not known (2005-10),Not at or within 20 metres of junction,FIAT,PUNTO 1.2,Petrol,Male,None,No tow/articulation,Did not leave carriageway,0,Slowing or stopping,2,Car,No,Back,2010
201050KO2J007,Unclassified,0,Unclassified,0,Slight,None,12-09-2010,Sunday,1,Give way or uncontrolled,T or staggered junction,50.74832,Daylight,309240,95100,-3.287887,E01019942,1,2,0,0,Dry,Single carriageway,None,30,19:47:00,Rural,Fine no high winds,No,16 - 20,9,Small town,7,124,None,None,Other/Not known (2005-10),Approaching junction or waiting/parked at junction approach,YAMAHA,DT 125 R,Petrol,Male,None,No tow/articulation,Did not leave carriageway,0,Turning right,2,Motorcycle 125cc and under,No,Offside,2010
201054ES10710,A,338,NA,0,Slight,None,15-04-2010,Thursday,1,Not at junction or within 20 metres,Not at junction or within 20 metres,51.060009,Daylight,414490,128990,-1.79463,E01032006,2,3,0,0,Dry,Single carriageway,None,30,15:45:00,Urban,Fine no high winds,No,16 - 20,9,Urban area,10,999,None,None,Other/Not known (2005-10),Not at or within 20 metres of junction,VOLKSWAGEN,POLO E,Petrol,Male,None,No tow/articulation,Did not leave carriageway,0,Going ahead other,3,Car,No,Front,2010
201054ET13410,Unclassified,0,Unclassified,0,Slight,None,22-04-2010,Thursday,1,Auto traffic signal,T or staggered junction,51.321946,Daylight,385630,158120,-2.207621,E01032086,1,1,0,4,Dry,Single carriageway,None,30,15:58:00,Urban,Fine no high winds,No,16 - 20,9,Urban area,6,2198,None,None,Other/Not known (2005-10),Cleared junction or waiting/parked at junction exit,VAUXHALL,VECTRA SRI 150,Petrol,Male,None,No tow/articulation,Did not leave carriageway,0,Turning right,1,Car,No,Front,2010
20105500C1185,A,338,A,35,Slight,None,25-03-2010,Thursday,2,Give way or uncontrolled,Roundabout,50.726758,Daylight,409510,91920,-1.866647,E01015287,2,2,0,0,Dry,Dual carriageway,None,40,16:24:00,Urban,Fine no high winds,No,16 - 20,9,Urban area,9,1124,None,None,Other/Not known (2005-10),Approaching junction or waiting/parked at junction approach,PEUGEOT,106 INDEPENDENCE,Petrol,Male,None,No tow/articulation,Did not leave carriageway,0,Slowing or stopping,2,Car,No,Front,2010