Accident_Index,1st_Road_Class,1st_Road_Number,2nd_Road_Class,2nd_Road_Number,Accident_Severity,Carriageway_Hazards,Date,Day_of_Week,Did_Police_Officer_Attend_Scene_of_Accident,Junction_Control,Junction_Detail,Latitude,Light_Conditions,Location_Easting_OSGR,Location_Northing_OSGR,Longitude,LSOA_of_Accident_Location,Number_of_Casualties,Number_of_Vehicles,Pedestrian_Crossing-Human_Control,Pedestrian_Crossing-Physical_Facilities,Road_Surface_Conditions,Road_Type,Special_Conditions_at_Site,Speed_limit,Time,Urban_or_Rural_Area,Weather_Conditions,InScotland,Age_Band_of_Driver,Age_of_Vehicle,Driver_Home_Area_Type,Driver_IMD_Decile,Engine_Capacity_.CC.,Hit_Object_in_Carriageway,Hit_Object_off_Carriageway,Journey_Purpose_of_Driver,Junction_Location,make,model,Propulsion_Code,Sex_of_Driver,Skidding_and_Overturning,Towing_and_Articulation,Vehicle_Leaving_Carriageway,Vehicle_Location.Restricted_Lane,Vehicle_Manoeuvre,Vehicle_Reference,Vehicle_Type,Was_Vehicle_Left_Hand_Drive,X1st_Point_of_Impact,Year
20105500D1161,B,3081,Unclassified,0,Slight,None,27-03-2010,Saturday,1,Give way or uncontrolled,T or staggered junction,50.917915,Daylight,404100,113170,-1.943064,E01020389,4,1,0,0,Dry,Single carriageway,None,60,17:05:00,Rural,Fine no high winds,No,16 - 20,9,Urban area,8,1149,None,Other permanent object,Other/Not known (2005-10),Cleared junction or waiting/parked at junction exit,RENAULT,CLIO SPORT 16V,Petrol,Male,Skidded and overturned,No tow/articulation,Offside and rebounded,0,Going ahead right-hand bend,1,Car,No,Front,2010
2010550C30769,Unclassified,0,NA,0,Slight,None,18-07-2010,Sunday,1,Not at junction or within 20 metres,Not at junction or within 20 metres,50.740361,Daylight,412960,93440,-1.817715,E01015314,1,7,0,0,Dry,Single carriageway,None,30,20:40:00,Urban,Fine no high winds,No,16 - 20,9,Urban area,8,49,None,None,Other/Not known (2005-10),Not at or within 20 metres of junction,PEUGEOT,TREKKER OFF ROAD,Petrol,Male,None,No tow/articulation,Did not leave carriageway,0,Going ahead other,1,Motorcycle 50cc and under,No,Front,2010
2010550D52619,A,354,Unclassified,0,Slight,None,27-11-2010,Saturday,2,Give way or uncontrolled,Private drive or entrance,50.552267,Daylight,369090,72600,-2.437696,E01020563,1,2,0,0,Wet or damp,Single carriageway,None,40,14:10:00,Rural,Fine no high winds,No,16 - 20,9,Small town,5,1587,None,None,Other/Not known (2005-10),Approaching junction or waiting/parked at junction approach,CITROEN,SAXO VTR,Petrol,Male,Skidded,No tow/articulation,Did not leave carriageway,0,Going ahead other,1,Car,No,Front,2010
201060L016986,A,5118,Unclassified,0,Slight,None,30-01-2010,Saturday,1,Give way or uncontrolled,T or staggered junction,53.153585,Daylight,327500,362380,-3.085632,W01000259,1,2,0,0,Frost or ice,Single carriageway,None,60,11:50:00,Rural,Fine no high winds,No,16 - 20,9,Urban area,NA,1598,None,None,Other/Not known (2005-10),Approaching junction or waiting/parked at junction approach,RENAULT,MEGANE DYNAMIQUE+ COUPE,Petrol,Male,None,No tow/articulation,Did not leave carriageway,0,Waiting to turn right,2,Car,No,Back,2010
201060L022540,Unclassified,0,Unclassified,0,Slight,None,08-02-2010,Monday,1,Give way or uncontrolled,Private drive or entrance,53.2736,Daylight,273210,376870,-3.902866,W01000125,1,4,0,0,Dry,Single carriageway,None,30,09:30:00,Rural,Fine no high winds,No,16 - 20,9,Small town,NA,1587,None,Other permanent object,Journey as part of work,Entering main road,CITROEN,SAXO VTR,Petrol,Male,Skidded,No tow/articulation,Offside and rebounded,0,Waiting to turn right,1,Car,No,Front,2010
201060L114797,A,493,NA,0,Slight,None,26-06-2010,Saturday,1,Data missing or out of range,Not at junction or within 20 metres,52.628757,Daylight,258580,305500,-4.090945,W01000085,1,1,0,0,Dry,Single carriageway,None,60,17:10:00,Rural,Fine no high winds,No,16 - 20,9,Urban area,NA,1149,None,Other permanent object,Other/Not known (2005-10),Not at or within 20 metres of junction,RENAULT,CLIO EXPRESSION 16V,Petrol,Male,Skidded and overturned,No tow/articulation,Nearside and rebounded,0,Going ahead left-hand bend,1,Car,No,Front,2010
201001EO40240,C,0,NA,0,Slight,None,09-05-2010,Sunday,1,Data missing or out of range,Not at junction or within 20 metres,51.547557,Daylight,532940,184930,-0.08414,E01002776,1,2,0,0,Dry,Single carriageway,None,30,14:40:00,Urban,Fine no high winds,No,16 - 20,9,Data missing or out of range,NA,125,None,None,Other/Not known (2005-10),Not at or within 20 metres of junction,PIAGGIO,ZIP,Petrol,Male,None,No tow/articulation,Did not leave carriageway,0,Going ahead other,2,Motorcycle 125cc and under,No,Front,2010
201001GD10397,A,104,A,10,Slight,None,20-06-2010,Sunday,1,Give way or uncontrolled,T or staggered junction,51.54616,Daylight,533530,184790,-0.075689,E01001743,1,2,0,0,Dry,Single carriageway,None,30,10:45:00,Urban,Fine no high winds,No,16 - 20,9,Urban area,10,1299,None,None,Other/Not known (2005-10),Mid Junction - on roundabout or on main road,FORD,KA NOW,Petrol,Male,None,No tow/articulation,Did not leave carriageway,0,Turning right,1,Car,No,Nearside,2010
201001GD10545,A,107,Unclassified,0,Slight,None,23-08-2010,Monday,1,Give way or uncontrolled,T or staggered junction,51.538652,Daylight,534870,183990,-0.056682,E01001839,1,2,0,0,Wet or damp,Single carriageway,None,30,08:55:00,Urban,Fine no high winds,No,16 - 20,9,Urban area,1,1124,None,None,Other/Not known (2005-10),Approaching junction or waiting/parked at junction approach,PEUGEOT,206 LOOK,Petrol,Male,None,No tow/articulation,Did not leave carriageway,0,Going ahead other,1,Car,No,Front,2010
201001GD10569,A,1207,Unclassified,0,Slight,None,02-09-2010,Thursday,1,Give way or uncontrolled,Crossroads,51.545819,Daylight,534210,184770,-0.065896,E01001749,1,4,0,0,Dry,Single carriageway,None,30,18:16:00,Urban,Fine no high winds,No,16 - 20,9,Urban area,5,1781,None,None,Other/Not known (2005-10),Mid Junction - on roundabout or on main road,AUDI,A3 T QUATTRO SPORT,Petrol,Male,None,No tow/articulation,Did not leave carriageway,0,Waiting to go - held up,3,Car,No,Back,2010
201001HT20190,A,1209,Unclassified,0,Slight,None,06-04-2010,Tuesday,1,Give way or uncontrolled,T or staggered junction,51.526219,Daylight,534250,182590,-0.06615,E01004313,1,2,0,1,Dry,Single carriageway,None,30,19:00:00,Urban,Fine no high winds,No,16 - 20,9,Urban area,1,1242,Bollard or refuge,None,Other/Not known (2005-10),Cleared junction or waiting/parked at junction exit,FORD,FIESTA FREESTYLE,Petrol,Male,None,No tow/articulation,Did not leave carriageway,0,Going ahead other,1,Car,No,Front,2010
201001JC30346,A,1006,C,0,Slight,None,20-06-2010,Sunday,1,Auto traffic signal,Mini-roundabout,51.563068,Daylight,537590,186780,-0.016396,E01004429,1,2,0,5,Dry,Roundabout,None,30,17:34:00,Urban,Fine no high winds,No,16 - 20,9,Urban area,2,1781,None,None,Other/Not known (2005-10),Approaching junction or waiting/parked at junction approach,SEAT,LEON 20V TURBO SPORT,Petrol,Male,None,No tow/articulation,Did not leave carriageway,0,Waiting to go - held up,2,Car,No,Front,2010
201001JC30663,Unclassified,0,A,106,Slight,None,24-11-2010,Wednesday,1,Auto traffic signal,T or staggered junction,51.555507,Daylight,537640,185940,-0.016004,E01004430,1,2,0,0,Dry,Single carriageway,None,30,10:15:00,Urban,Fine no high winds,No,16 - 20,9,Urban area,2,1596,None,None,Other/Not known (2005-10),Approaching junction or waiting/parked at junction approach,FORD,FOCUS ZETEC AUTO,Petrol,Male,None,No tow/articulation,Did not leave carriageway,0,Going ahead other,2,Car,No,Front,2010
201001KF60739,A,124,Unclassified,0,Slight,None,06-11-2010,Saturday,1,Give way or uncontrolled,T or staggered junction,51.530777,Daylight,541710,183300,0.041601,E01003493,1,2,0,0,Dry,Single carriageway,None,30,13:19:00,Urban,Fine no high winds,No,16 - 20,9,Urban area,4,1781,None,None,Other/Not known (2005-10),Approaching junction or waiting/parked at junction approach,AUDI,,Petrol,Male,None,No tow/articulation,Did not leave carriageway,0,Overtaking static vehicle - offside,2,Car,No,Nearside,2010
201001PL60243,A,21,Unclassified,0,Slight,None,17-04-2010,Saturday,1,Give way or uncontrolled,T or staggered junction,51.450846,Daylight,537890,174300,-0.016947,E01003322,1,2,0,0,Dry,Single carriageway,None,30,16:25:00,Urban,Fine no high winds,No,16 - 20,9,Urban area,5,85,None,None,Journey as part of work,Mid Junction - on roundabout or on main road,HONDA,C90,Petrol,Male,None,No tow/articulation,Did not leave carriageway,0,Going ahead other,2,Motorcycle 50cc and under,No,Front,2010
201001QK59116,Unclassified,0,NA,0,Slight,None,11-09-2010,Saturday,1,Data missing or out of range,Not at junction or within 20 metres,51.549587,Daylight,518580,184800,-0.291179,E01000630,1,1,0,0,Dry,Single carriageway,None,30,10:55:00,Urban,Fine no high winds,No,16 - 20,9,Data missing or out of range,NA,973,None,None,Other/Not known (2005-10),Not at or within 20 metres of junction,VAUXHALL,CORSA COMFORT 12V,Petrol,Male,None,No tow/articulation,Did not leave carriageway,0,Reversing,1,Car,No,Back,2010
201001RY10015,A,220,Unclassified,0,Slight,None,14-01-2010,Thursday,1,Give way or uncontrolled,Crossroads,51.4742,Daylight,550290,177250,0.16263,E01000439,1,1,0,1,Wet or damp,Single carriageway,None,30,15:10:00,Urban,Fine no high winds,No,16 - 20,9,Small town,10,1396,None,None,Other/Not known (2005-10),Approaching junction or waiting/parked at junction approach,ROVER,25 IMPRESSION,Petrol,Male,None,No tow/articulation,Did not leave carriageway,0,Going ahead other,1,Car,No,Front,2010
201001RY10258,A,220,Unclassified,0,Slight,None,15-06-2010,Tuesday,1,Give way or uncontrolled,Mini-roundabout,51.477688,Daylight,550350,177640,0.163659,E01000439,2,2,0,1,Dry,Roundabout,None,30,18:45:00,Urban,Fine no high winds,No,16 - 20,9,Urban area,9,973,None,None,Other/Not known (2005-10),Mid Junction - on roundabout or on main road,VAUXHALL,CORSA COMFORT 12V,Petrol,Male,None,No tow/articulation,Did not leave carriageway,0,Going ahead other,2,Car,No,Nearside,2010
201001RY10312,C,0,NA,0,Slight,None,02-07-2010,Friday,1,Data missing or out of range,Not at junction or within 20 metres,51.472903,Daylight,548050,177040,0.130312,E01000359,1,2,0,0,Dry,Single carriageway,None,30,20:00:00,Urban,Fine no high winds,No,16 - 20,9,Data missing or out of range,NA,1391,None,None,Other/Not known (2005-10),Not at or within 20 metres of junction,SEAT,IBIZA CHILL,Petrol,Male,None,No tow/articulation,Did not leave carriageway,0,Going ahead other,1,Car,No,Front,2010
201001SX20547,Unclassified,0,NA,0,Slight,None,15-05-2010,Saturday,1,Data missing or out of range,Not at junction or within 20 metres,51.577656,Daylight,522650,188020,-0.231386,E01000307,1,4,0,0,Dry,Single carriageway,None,30,04:40:00,Urban,Fine no high winds,No,16 - 20,9,Data missing or out of range,NA,1242,Parked vehicle,None,Other/Not known (2005-10),Not at or within 20 metres of junction,FIAT,PUNTO GO,Petrol,Male,Skidded,No tow/articulation,Did not leave carriageway,0,Going ahead right-hand bend,1,Car,No,Front,2010
201001VW40301,A,298,NA,0,Slight,None,12-08-2010,Thursday,1,Data missing or out of range,Not at junction or within 20 metres,51.406937,Daylight,523290,169040,-0.22878,E01003366,1,2,0,0,Dry,Dual carriageway,None,30,14:21:00,Urban,Fine no high winds,No,16 - 20,9,Urban area,8,1124,Kerb,None,Other/Not known (2005-10),Not at or within 20 metres of junction,PEUGEOT,106 INDEPENDENCE,Petrol,Male,None,No tow/articulation,Did not leave carriageway,0,Slowing or stopping,1,Car,No,Front,2010
201001XD80547,B,455,Unclassified,0,Slight,None,27-07-2010,Tuesday,1,Give way or uncontrolled,Private drive or entrance,51.527636,Daylight,514320,182260,-0.353416,E01001261,1,2,0,0,Wet or damp,Single carriageway,None,30,20:48:00,Urban,Fine no high winds,No,16 - 20,9,Urban area,3,998,None,None,Other/Not known (2005-10),Mid Junction - on roundabout or on main road,NISSAN,MICRA S,Petrol,Male,None,No tow/articulation,Did not leave carriageway,0,Turning right,1,Car,No,Front,2010
201001YE80562,Motorway,25,NA,0,Slight,None,13-07-2010,Tuesday,1,Data missing or out of range,Not at junction or within 20 metres,51.683177,Daylight,535140,200080,-0.046593,E01001551,2,2,0,0,Dry,Dual carriageway,None,70,08:18:00,Rural,Fine no high winds,No,16 - 20,9,Urban area,3,1242,None,None,Other/Not known (2005-10),Not at or within 20 metres of junction,FIAT,PUNTO 1.2,Petrol,Male,None,No tow/articulation,Did not leave carriageway,0,Going ahead other,2,Car,No,Front,2010
201001YE80801,Unclassified,0,Unclassified,0,Slight,None,13-11-2010,Saturday,1,Give way or uncontrolled,Crossroads,51.664409,Daylight,534710,197980,-0.053618,E01001516,1,2,0,0,Dry,Single carriageway,None,30,14:46:00,Urban,Fine no high winds,No,16 - 20,9,Urban area,1,49,None,None,Other/Not known (2005-10),Approaching junction or waiting/parked at junction approach,PEUGEOT,SPEEDFIGHT,Petrol,Male,None,No tow/articulation,Did not leave carriageway,0,Going ahead other,2,Motorcycle 50cc and under,No,Front,2010
201001ZD30227,Unclassified,0,NA,0,Slight,None,05-04-2010,Monday,1,Data missing or out of range,Not at junction or within 20 metres,51.320726,Daylight,529060,159590,-0.149293,E01001025,2,2,0,0,Dry,Single carriageway,None,30,18:49:00,Urban,Fine no high winds,No,16 - 20,9,Urban area,5,1242,None,None,Other/Not known (2005-10),Not at or within 20 metres of junction,FIAT,PUNTO 1.2,Petrol,Male,None,No tow/articulation,Did not leave carriageway,0,Going ahead other,1,Car,No,Front,2010
201001ZD30494,Unclassified,0,Unclassified,0,Slight,None,28-06-2010,Monday,1,Give way or uncontrolled,Crossroads,51.410016,Daylight,531980,169600,-0.1037,E01001160,1,2,0,0,Dry,Single carriageway,None,30,15:32:00,Urban,Fine no high winds,No,16 - 20,9,Urban area,4,49,None,None,Other/Not known (2005-10),Mid Junction - on roundabout or on main road,PIAGGIO,TYPHOON 50,Petrol,Male,None,No tow/articulation,Did not leave carriageway,0,Going ahead other,1,Motorcycle 50cc and under,No,Front,2010
201004AM10005,A,5230,Unclassified,0,Slight,None,23-01-2010,Saturday,1,Give way or uncontrolled,Roundabout,53.790307,Daylight,334210,433130,-3.000147,E01025031,1,2,0,0,Dry,Roundabout,None,60,11:45:00,Rural,Fine no high winds,No,16 - 20,9,Urban area,3,1242,None,None,Other/Not known (2005-10),Mid Junction - on roundabout or on main road,FIAT,PUNTO 1.2,Petrol,Male,None,No tow/articulation,Did not leave carriageway,0,Changing lane to left,1,Car,No,Nearside,2010
201004AN10028,Unclassified,0,Unclassified,0,Slight,None,03-03-2010,Wednesday,1,Give way or uncontrolled,T or staggered junction,53.822915,Daylight,332700,436780,-3.023863,E01012708,1,2,0,0,Dry,Single carriageway,None,30,08:50:00,Urban,Fine no high winds,No,16 - 20,9,Urban area,5,1242,None,None,Pupil riding to/from school,Mid Junction - on roundabout or on main road,FIAT,PUNTO 1.2,Petrol,Male,None,No tow/articulation,Did not leave carriageway,0,Going ahead other,2,Car,No,Nearside,2010
201004AN10100,Unclassified,0,Unclassified,0,Slight,None,08-09-2010,Wednesday,1,Give way or uncontrolled,T or staggered junction,53.861213,Daylight,331440,441060,-3.043957,E01012718,3,2,0,0,Dry,Single carriageway,None,30,17:00:00,Urban,Fine no high winds,No,16 - 20,9,Urban area,9,973,None,None,Commuting to/from work,Approaching junction or waiting/parked at junction approach,VAUXHALL,CORSA EXPRESSION 12V,Petrol,Male,None,No tow/articulation,Did not leave carriageway,0,Going ahead other,1,Car,No,Front,2010
201004BC10077,A,587,NA,0,Slight,None,25-04-2010,Sunday,1,Data missing or out of range,Not at junction or within 20 metres,53.919502,Daylight,332550,447530,-3.028509,E01025608,1,2,0,0,Dry,Single carriageway,None,30,12:36:00,Urban,Fine no high winds,No,16 - 20,9,Urban area,6,999,None,None,Other/Not known (2005-10),Not at or within 20 metres of junction,VOLKSWAGEN,POLO E,Petrol,Male,None,No tow/articulation,Did not leave carriageway,0,Going ahead other,1,Car,No,Front,2010
201004CA10015,Unclassified,0,NA,0,Slight,None,12-02-2010,Friday,1,Data missing or out of range,Not at junction or within 20 metres,53.658998,Daylight,354310,418280,-2.69287,E01024971,1,2,0,0,Wet or damp,Single carriageway,None,60,12:45:00,Rural,Fine no high winds,No,16 - 20,9,Urban area,10,1341,None,None,Other/Not known (2005-10),Not at or within 20 metres of junction,HYUNDAI,ACCENT 1,Petrol,Male,None,No tow/articulation,Did not leave carriageway,0,Going ahead left-hand bend,1,Car,No,Front,2010
201004CM10074,B,6258,B,5257,Slight,None,31-05-2010,Monday,1,Auto traffic signal,T or staggered junction,53.731439,Daylight,356420,426320,-2.662077,E01025407,2,2,0,5,Dry,Single carriageway,None,30,19:21:00,Urban,Fine no high winds,No,16 - 20,9,Urban area,8,1149,None,None,Other/Not known (2005-10),Mid Junction - on roundabout or on main road,RENAULT,CLIO AUTHENTIQUE,Petrol,Male,None,No tow/articulation,Did not leave carriageway,0,Turning right,1,Car,No,Front,2010
201004CM10111,A,582,Motorway,6,Slight,None,26-07-2010,Monday,1,Give way or uncontrolled,Roundabout,53.719329,Daylight,356700,424970,-2.657643,E01025401,1,2,0,8,Dry,Roundabout,None,40,07:40:00,Rural,Fine no high winds,No,16 - 20,9,Urban area,9,1896,None,None,Other/Not known (2005-10),Entering roundabout,SKODA,FABIA CLASSIC SDI,Heavy oil,Male,None,No tow/articulation,Did not leave carriageway,0,Slowing or stopping,1,Car,No,Front,2010
201004DF10102,A,6,Unclassified,0,Slight,None,09-11-2010,Tuesday,1,Give way or uncontrolled,Crossroads,53.771548,Daylight,353580,430810,-2.705799,E01025274,1,2,0,4,Dry,Single carriageway,None,30,22:30:00,Urban,Fine no high winds,No,16 - 20,9,Urban area,9,1242,None,None,Other/Not known (2005-10),Mid Junction - on roundabout or on main road,FIAT,PUNTO 1.2,Petrol,Male,None,No tow/articulation,Did not leave carriageway,0,Going ahead other,2,Car,No,Front,2010
201004DL10049,Unclassified,0,NA,0,Slight,None,03-05-2010,Monday,1,Data missing or out of range,Not at junction or within 20 metres,53.787671,Daylight,351990,432620,-2.730203,E01025257,1,1,0,0,Dry,Single carriageway,None,30,16:18:00,Rural,Fine no high winds,No,16 - 20,9,Urban area,10,1124,None,Other permanent object,Other/Not known (2005-10),Not at or within 20 metres of junction,CITROEN,SAXO FORTE,Petrol,Male,None,No tow/articulation,Nearside,0,Going ahead other,1,Car,No,Front,2010
201004DL10112,Unclassified,0,Unclassified,0,Slight,None,19-10-2010,Tuesday,1,Give way or uncontrolled,Other junction,53.765106,Daylight,351920,430110,-2.730874,E01025232,1,2,0,0,Dry,Single carriageway,None,30,12:35:00,Urban,Fine no high winds,No,16 - 20,9,Urban area,9,1124,None,None,Other/Not known (2005-10),Approaching junction or waiting/parked at junction approach,CITROEN,SAXO FORTE,Petrol,Male,None,No tow/articulation,Did not leave carriageway,0,Going ahead other,2,Car,No,Front,2010
201004DR10037,Unclassified,0,NA,0,Slight,None,12-05-2010,Wednesday,1,Data missing or out of range,Not at junction or within 20 metres,53.805762,Daylight,356360,434590,-2.664158,E01025278,1,2,0,0,Dry,Single carriageway,None,60,07:11:00,Rural,Fine no high winds,No,16 - 20,9,Urban area,9,1997,None,None,Commuting to/from work,Not at or within 20 metres of junction,PEUGEOT,306 MERIDIAN HDI (90),Heavy oil,Male,None,No tow/articulation,Did not leave carriageway,0,Going ahead left-hand bend,1,Car,No,Did not impact,2010
201004FA10114,A,646,NA,0,Slight,None,30-04-2010,Friday,1,Data missing or out of range,Not at junction or within 20 metres,53.742132,Daylight,388700,427320,-2.172813,E01024870,2,1,0,0,Frost or ice,Single carriageway,None,60,08:25:00,Rural,Fine no high winds,No,16 - 20,9,Urban area,4,973,Kerb,Other permanent object,Other/Not known (2005-10),Not at or within 20 metres of junction,VAUXHALL,CORSA CLUB 12V,Petrol,Male,Skidded,No tow/articulation,Offside,9,Going ahead left-hand bend,1,Car,No,Front,2010
201004FB10010,A,671,NA,0,Slight,None,02-03-2010,Tuesday,1,Data missing or out of range,Not at junction or within 20 metres,53.796267,Daylight,380520,433370,-2.29722,E01024879,1,1,0,0,Dry,Single carriageway,None,30,16:10:00,Urban,Fine no high winds,No,16 - 20,9,Data missing or out of range,NA,9600,None,None,Journey as part of work,Not at or within 20 metres of junction,VOLVO,,Heavy oil,Male,None,No tow/articulation,Did not leave carriageway,0,Parked,1,Bus or coach (17 or more pass seats),No,Did not impact,2010
201004FB10035,A,678,A,6068,Slight,None,16-06-2010,Wednesday,1,Auto traffic signal,Crossroads,53.796707,Daylight,378040,433430,-2.334874,E01024889,3,2,0,8,Dry,Single carriageway,None,40,17:55:00,Rural,Fine no high winds,No,16 - 20,9,Urban area,4,1199,None,None,Other/Not known (2005-10),Mid Junction - on roundabout or on main road,VAUXHALL,CORSA COMFORT 16V,Petrol,Male,None,No tow/articulation,Did not leave carriageway,0,Turning right,1,Car,No,Nearside,2010
201004FL10073,A,680,Unclassified,0,Slight,None,21-07-2010,Wednesday,1,Give way or uncontrolled,Private drive or entrance,53.656625,Daylight,381460,417830,-2.282013,E01025358,2,3,0,0,Dry,Single carriageway,None,60,18:00:00,Rural,Fine no high winds,No,16 - 20,9,Urban area,1,1149,Parked vehicle,None,Other/Not known (2005-10),Mid Junction - on roundabout or on main road,RENAULT,CLIO EXPRESSION+ 16V,Petrol,Male,None,No tow/articulation,Did not leave carriageway,0,U-turn,1,Car,No,Offside,2010
201005AA01438,A,5137,Unclassified,0,Slight,None,04-01-2010,Monday,2,Give way or uncontrolled,T or staggered junction,53.328793,Daylight,328490,381860,-3.075209,E01007186,2,2,0,0,Wet or damp,Single carriageway,None,30,12:15:00,Urban,Fine no high winds,No,16 - 20,9,Urban area,10,973,None,None,Other/Not known (2005-10),Approaching junction or waiting/parked at junction approach,VAUXHALL,CORSA COMFORT 12V,Petrol,Male,Skidded,No tow/articulation,Did not leave carriageway,0,Going ahead other,1,Car,No,Front,2010
201005AA04885,Unclassified,0,NA,0,Slight,None,22-08-2010,Sunday,1,Data missing or out of range,Not at junction or within 20 metres,53.347794,Daylight,333600,383900,-2.998923,E01007152,1,1,0,0,Dry,Single carriageway,None,30,05:46:00,Urban,Fine no high winds,No,16 - 20,9,Urban area,5,1124,None,Other permanent object,Other/Not known (2005-10),Not at or within 20 metres of junction,CITROEN,SAXO FIRST,Petrol,Male,None,No tow/articulation,Offside,0,Going ahead other,1,Car,No,Front,2010
201005AA06153,Unclassified,0,Unclassified,0,Slight,None,28-10-2010,Thursday,1,Give way or uncontrolled,T or staggered junction,53.389137,Daylight,327460,388590,-3.092218,E01007298,1,2,0,0,Wet or damp,Single carriageway,None,30,11:15:00,Urban,Fine no high winds,No,16 - 20,9,Urban area,7,973,None,None,Other/Not known (2005-10),Approaching junction or waiting/parked at junction approach,VAUXHALL,CORSA COMFORT 12V,Petrol,Male,None,No tow/articulation,Did not leave carriageway,0,Waiting to go - held up,1,Car,No,Front,2010
201005BB04915,A,5036,A,5036,Slight,None,02-08-2010,Monday,2,Auto traffic signal,Slip road,53.480995,Daylight,335840,398690,-2.968294,E01007054,1,2,0,0,Dry,Dual carriageway,None,40,15:45:00,Rural,Fine no high winds,No,16 - 20,9,Data missing or out of range,NA,1995,None,None,Other/Not known (2005-10),Entering from slip road,CHRYSLER,NEON LX,Petrol,Male,None,No tow/articulation,Did not leave carriageway,0,Turning left,1,Car,No,Front,2010
201005DD01288,B,5201,Unclassified,0,Slight,None,20-01-2010,Wednesday,1,Give way or uncontrolled,T or staggered junction,53.454608,Daylight,348410,395600,-2.778391,E01006825,1,1,0,0,Wet or damp,Single carriageway,None,30,08:25:00,Urban,Fine no high winds,No,16 - 20,9,Urban area,8,1242,None,None,Other/Not known (2005-10),Approaching junction or waiting/parked at junction approach,FIAT,PUNTO MIA,Petrol,Male,None,No tow/articulation,Nearside,0,Going ahead other,1,Car,No,Front,2010
201005DD05417,Unclassified,0,Unclassified,0,Slight,None,03-08-2010,Tuesday,1,Give way or uncontrolled,Roundabout,53.437524,Daylight,352140,393660,-2.721929,E01006912,3,2,0,0,Dry,Roundabout,None,30,12:50:00,Rural,Fine no high winds,No,16 - 20,9,Urban area,2,1124,None,None,Other/Not known (2005-10),Leaving roundabout,PEUGEOT,206 STYLE,Petrol,Male,None,No tow/articulation,Did not leave carriageway,0,Turning right,2,Car,No,Front,2010
201005EE02029,A,5047,Unclassified,0,Slight,None,28-02-2010,Sunday,2,Auto traffic signal,T or staggered junction,53.410068,Daylight,338720,390760,-2.923355,E01006715,1,2,0,0,Dry,Dual carriageway,None,30,13:45:00,Urban,Fine no high winds,No,16 - 20,9,Data missing or out of range,NA,1998,None,None,Other/Not known (2005-10),Approaching junction or waiting/parked at junction approach,NISSAN,PRIMERA SPORT PLUS VT-6 AUT,Petrol,Male,None,No tow/articulation,Did not leave carriageway,0,Going ahead other,1,Car,No,Front,2010
201006B031906,B,5093,C,0,Slight,None,18-05-2010,Tuesday,1,Give way or uncontrolled,Crossroads,53.444042,Daylight,387230,394160,-2.193732,E01005219,1,2,0,4,Dry,Single carriageway,None,30,17:31:00,Urban,Fine no high winds,No,16 - 20,9,Urban area,3,1995,None,None,Other/Not known (2005-10),Approaching junction or waiting/parked at junction approach,VAUXHALL,VECTRA CDX DTI,Heavy oil,Male,None,No tow/articulation,Did not leave carriageway,0,Moving off,1,Car,No,Nearside,2010
201006B033798,A,5103,Unclassified,0,Slight,None,05-07-2010,Monday,1,Give way or uncontrolled,T or staggered junction,53.452128,Daylight,383820,395070,-2.245119,E01005240,2,2,0,0,Dry,Single carriageway,None,30,20:15:00,Urban,Fine no high winds,No,16 - 20,9,Urban area,1,1850,None,None,Other/Not known (2005-10),Entering main road,HONDA,ACCORD VTEC SPORT,Petrol,Male,None,No tow/articulation,Did not leave carriageway,0,Turning right,1,Car,No,Offside,2010
201006C032604,C,0,NA,0,Slight,None,06-06-2010,Sunday,1,Data missing or out of range,Not at junction or within 20 metres,53.387503,Daylight,381230,387890,-2.28369,E01005070,2,2,0,0,Dry,Single carriageway,None,30,15:56:00,Urban,Fine no high winds,No,16 - 20,9,Urban area,1,1997,None,Other permanent object,Other/Not known (2005-10),Not at or within 20 metres of junction,PEUGEOT,206 CC,Petrol,Male,None,No tow/articulation,Offside,0,Going ahead left-hand bend,1,Car,No,Front,2010
201006J027257,A,5149,Unclassified,0,Slight,None,26-01-2010,Tuesday,1,Give way or uncontrolled,Private drive or entrance,53.383082,Daylight,386560,387380,-2.203528,E01005784,1,2,0,0,Dry,Single carriageway,None,30,12:46:00,Urban,Fine no high winds,No,16 - 20,9,Urban area,3,1390,None,None,Other/Not known (2005-10),Leaving main road,VOLKSWAGEN,GOLF E,Petrol,Male,None,No tow/articulation,Did not leave carriageway,0,Turning right,1,Car,No,Nearside,2010
201006KL38734,C,0,Unclassified,0,Slight,None,01-11-2010,Monday,1,Give way or uncontrolled,T or staggered junction,53.538688,Daylight,366730,404790,-2.503494,E01004891,1,1,0,0,Wet or damp,Single carriageway,None,30,07:55:00,Rural,Fine no high winds,No,16 - 20,9,Rural,8,1124,None,Other permanent object,Commuting to/from work,Approaching junction or waiting/parked at junction approach,CITROEN,SAXO FORTE,Petrol,Male,Skidded,No tow/articulation,Nearside,0,Going ahead other,1,Car,No,Front,2010
201006L033617,Unclassified,0,NA,0,Slight,None,05-07-2010,Monday,1,Data missing or out of range,Not at junction or within 20 metres,53.509258,Daylight,370590,401490,-2.444941,E01006380,2,3,0,0,Dry,Single carriageway,None,30,17:00:00,Urban,Fine no high winds,No,16 - 20,9,Data missing or out of range,NA,124,None,None,Other/Not known (2005-10),Not at or within 20 metres of junction,HONDA,NES 125-Y,Petrol,Male,Skidded,No tow/articulation,Did not leave carriageway,0,Going ahead other,1,Motorcycle 125cc and under,No,Front,2010