Accident_Index,1st_Road_Class,1st_Road_Number,2nd_Road_Class,2nd_Road_Number,Accident_Severity,Carriageway_Hazards,Date,Day_of_Week,Did_Police_Officer_Attend_Scene_of_Accident,Junction_Control,Junction_Detail,Latitude,Light_Conditions,Location_Easting_OSGR,Location_Northing_OSGR,Longitude,LSOA_of_Accident_Location,Number_of_Casualties,Number_of_Vehicles,Pedestrian_Crossing-Human_Control,Pedestrian_Crossing-Physical_Facilities,Road_Surface_Conditions,Road_Type,Special_Conditions_at_Site,Speed_limit,Time,Urban_or_Rural_Area,Weather_Conditions,InScotland,Age_Band_of_Driver,Age_of_Vehicle,Driver_Home_Area_Type,Driver_IMD_Decile,Engine_Capacity_.CC.,Hit_Object_in_Carriageway,Hit_Object_off_Carriageway,Journey_Purpose_of_Driver,Junction_Location,make,model,Propulsion_Code,Sex_of_Driver,Skidding_and_Overturning,Towing_and_Articulation,Vehicle_Leaving_Carriageway,Vehicle_Location.Restricted_Lane,Vehicle_Manoeuvre,Vehicle_Reference,Vehicle_Type,Was_Vehicle_Left_Hand_Drive,X1st_Point_of_Impact,Year
201020K009540,Unclassified,0,Unclassified,0,Slight,None,13-08-2010,Friday,1,Give way or uncontrolled,T or staggered junction,52.556411,Daylight,399760,295400,-2.004982,E01009961,2,2,0,0,Dry,Single carriageway,None,30,19:46:00,Urban,Fine no high winds,No,16 - 20,9,Urban area,5,1360,None,None,Other/Not known (2005-10),Cleared junction or waiting/parked at junction exit,CITROEN,SAXO FURIO,Petrol,Male,None,No tow/articulation,Did not leave carriageway,0,U-turn,1,Car,No,Front,2010
201020K011580,B,4135,Unclassified,0,Slight,None,29-08-2010,Sunday,1,Give way or uncontrolled,Private drive or entrance,52.49392,Daylight,403350,288450,-1.952098,E01010063,1,3,0,0,Dry,Single carriageway,None,30,15:45:00,Urban,Fine no high winds,No,16 - 20,9,Urban area,1,1242,None,None,Other/Not known (2005-10),Leaving main road,FIAT,PUNTO 1.2,Petrol,Male,None,No tow/articulation,Did not leave carriageway,0,Waiting to turn right,3,Car,No,Back,2010
201020L006720,A,452,B,4101,Slight,None,11-06-2010,Friday,1,Auto traffic signal,Crossroads,52.383805,Daylight,424290,276260,-1.644558,E01010166,3,2,0,5,Dry,Dual carriageway,None,40,16:09:00,Rural,Fine no high winds,No,16 - 20,9,Small town,10,973,None,None,Other/Not known (2005-10),Mid Junction - on roundabout or on main road,VAUXHALL,CORSA CLUB 12V,Petrol,Male,None,No tow/articulation,Nearside,0,Going ahead other,2,Car,No,Front,2010
201020L011780,B,4102,Unclassified,0,Slight,None,14-08-2010,Saturday,1,Auto traffic signal,T or staggered junction,52.414147,Daylight,415610,279600,-1.771932,E01010198,4,2,0,5,Dry,Dual carriageway,Roadworks,30,17:45:00,Urban,Fine no high winds,No,16 - 20,9,Urban area,2,1360,None,None,Other/Not known (2005-10),Mid Junction - on roundabout or on main road,CITROEN,SAXO FURIO,Petrol,Male,None,No tow/articulation,Did not leave carriageway,0,Moving off,1,Car,No,Front,2010
201020L012080,Unclassified,0,NA,0,Slight,None,11-12-2010,Saturday,1,Data missing or out of range,Not at junction or within 20 metres,52.431668,Daylight,412470,281540,-1.818026,E01010174,1,2,0,0,Dry,Single carriageway,None,30,12:40:00,Urban,Fine no high winds,No,16 - 20,9,Urban area,1,49,None,None,Commuting to/from work,Not at or within 20 metres of junction,PIAGGIO,NRG,Petrol,Male,Skidded and overturned,No tow/articulation,Did not leave carriageway,0,Overtaking static vehicle - offside,2,Motorcycle 50cc and under,No,Back,2010
201020M002820,Unclassified,0,NA,0,Slight,None,18-05-2010,Tuesday,1,Data missing or out of range,Not at junction or within 20 metres,52.390219,Daylight,430840,277010,-1.548257,E01009678,2,2,0,0,Dry,Dual carriageway,None,40,16:55:00,Urban,Fine no high winds,No,16 - 20,9,Urban area,1,125,None,None,Other/Not known (2005-10),Not at or within 20 metres of junction,HYOSUNG,,Petrol,Male,None,No tow/articulation,Did not leave carriageway,0,Changing lane to left,1,Motorcycle 125cc and under,No,Front,2010
201020M005500,Unclassified,0,Unclassified,0,Slight,None,15-07-2010,Thursday,1,Give way or uncontrolled,Mini-roundabout,52.415763,Daylight,433680,279870,-1.506239,E01009574,1,2,0,0,Dry,Roundabout,None,30,11:50:00,Urban,Fine no high winds,No,16 - 20,9,Urban area,2,899,None,None,Other/Not known (2005-10),Entering roundabout,FIAT,SEICENTO SX,Petrol,Male,None,No tow/articulation,Did not leave carriageway,0,Turning right,1,Car,No,Front,2010
201020M012110,A,4082,A,444,Slight,None,07-11-2010,Sunday,1,Give way or uncontrolled,Roundabout,52.390889,Daylight,434680,277110,-1.491822,E01009544,1,2,0,0,Dry,Roundabout,None,40,12:31:00,Rural,Fine no high winds,No,16 - 20,9,Urban area,4,1242,None,None,Other/Not known (2005-10),Mid Junction - on roundabout or on main road,FORD,FIESTA BLACK,Petrol,Male,None,No tow/articulation,Did not leave carriageway,0,Going ahead other,2,Car,No,Nearside,2010
201020M015212,Unclassified,0,NA,0,Slight,None,15-03-2010,Monday,1,Data missing or out of range,Not at junction or within 20 metres,52.415176,Daylight,437210,279830,-1.454344,E01009713,1,1,0,0,Dry,Single carriageway,None,30,08:35:00,Urban,Fine no high winds,No,16 - 20,9,Urban area,6,1587,None,None,Commuting to/from work,Not at or within 20 metres of junction,CITROEN,SAXO VTR,Petrol,Male,None,No tow/articulation,Did not leave carriageway,0,Going ahead other,1,Car,No,Front,2010
201020N016630,Unclassified,0,Unclassified,0,Slight,None,12-06-2010,Saturday,1,Give way or uncontrolled,Private drive or entrance,52.517663,Daylight,414120,291110,-1.793354,E01009101,1,1,0,0,Dry,Slip road,None,30,14:25:00,Urban,Fine no high winds,No,16 - 20,9,Urban area,1,1242,None,None,Other/Not known (2005-10),Mid Junction - on roundabout or on main road,FIAT,PUNTO 1.2,Petrol,Male,None,No tow/articulation,Did not leave carriageway,0,Reversing,1,Car,No,Back,2010
201020S017540,Unclassified,0,Unclassified,0,Slight,None,15-06-2010,Tuesday,1,Give way or uncontrolled,Private drive or entrance,52.40953,Daylight,409010,279070,-1.868982,E01008946,1,2,0,0,Dry,Single carriageway,None,30,20:25:00,Urban,Fine no high winds,No,16 - 20,9,Urban area,1,100,None,None,Other/Not known (2005-10),Entering main road,PEUGEOT,SPEEDFIGHT 100,Petrol,Male,None,No tow/articulation,Did not leave carriageway,0,Turning left,1,Motorcycle 125cc and under,No,Nearside,2010
201020T013620,B,4114,NA,0,Slight,None,24-05-2010,Monday,1,Data missing or out of range,Not at junction or within 20 metres,52.492911,Daylight,411560,288350,-1.831176,E01009486,2,2,0,1,Dry,Single carriageway,None,30,13:15:00,Urban,Fine no high winds,No,16 - 20,9,Urban area,2,1753,None,None,Other/Not known (2005-10),Not at or within 20 metres of junction,FORD,FOCUS LX TD DI,Heavy oil,Male,None,No tow/articulation,Did not leave carriageway,0,Going ahead other,1,Car,No,Front,2010
201020T025720,Unclassified,0,NA,0,Slight,None,31-07-2010,Saturday,1,Data missing or out of range,Not at junction or within 20 metres,52.462572,Daylight,408970,284970,-1.869413,E01009369,1,2,0,0,Dry,Single carriageway,None,30,14:20:00,Urban,Fine no high winds,No,16 - 20,9,Urban area,5,1396,None,None,Other/Not known (2005-10),Not at or within 20 metres of junction,HONDA,CIVIC 1.4I SPORT,Petrol,Male,None,No tow/articulation,Did not leave carriageway,0,Going ahead other,2,Car,No,Front,2010
201020T030930,Unclassified,0,Unclassified,0,Slight,None,15-06-2010,Tuesday,1,Give way or uncontrolled,Private drive or entrance,52.488609,Daylight,410880,287870,-1.841207,E01009491,2,2,0,0,Dry,Single carriageway,None,30,09:00:00,Urban,Fine no high winds,No,16 - 20,9,Urban area,1,1242,None,None,Other/Not known (2005-10),Mid Junction - on roundabout or on main road,FIAT,PUNTO 1.2,Petrol,Male,None,No tow/articulation,Did not leave carriageway,0,Turning right,2,Car,No,Offside,2010
201020T035040,A,41,Unclassified,0,Slight,None,06-09-2010,Monday,1,Give way or uncontrolled,T or staggered junction,52.448403,Daylight,411850,283400,-1.827079,E01008889,2,2,0,0,Dry,Single carriageway,None,30,15:02:00,Urban,Fine no high winds,No,16 - 20,9,Urban area,1,1781,None,None,Other/Not known (2005-10),Leaving main road,SKODA,OCTAVIA VRS,Petrol,Male,Skidded,No tow/articulation,Did not leave carriageway,0,Turning right,1,Car,No,Nearside,2010
201020W011560,B,4124,Unclassified,0,Slight,None,24-05-2010,Monday,1,Give way or uncontrolled,T or staggered junction,52.507208,Daylight,405530,289930,-1.919964,E01009056,2,2,0,0,Dry,Single carriageway,None,30,20:55:00,Urban,Fine no high winds,No,16 - 20,9,Urban area,1,1149,None,None,Other/Not known (2005-10),Entering main road,RENAULT,CLIO DYNAMIQUE 16V,Petrol,Male,None,No tow/articulation,Nearside,0,Turning right,1,Car,No,Offside,2010
201020W032780,A,41,A,4040,Slight,None,03-09-2010,Friday,1,Auto traffic signal,T or staggered junction,52.509115,Daylight,403090,290140,-1.955912,E01009349,2,2,0,0,Dry,Dual carriageway,None,30,13:45:00,Urban,Fine no high winds,No,16 - 20,9,Urban area,3,998,None,None,Other/Not known (2005-10),Mid Junction - on roundabout or on main road,NISSAN,MICRA S,Petrol,Male,None,No tow/articulation,Did not leave carriageway,0,Going ahead other,2,Car,No,Nearside,2010
201022C001583,Unclassified,0,Unclassified,0,Slight,None,21-03-2010,Sunday,1,Give way or uncontrolled,T or staggered junction,52.113789,Daylight,379430,246210,-2.301821,E01032204,1,2,0,0,Dry,Single carriageway,None,30,18:37:00,Urban,Fine no high winds,No,16 - 20,9,Rural,7,1124,None,None,Other/Not known (2005-10),Mid Junction - on roundabout or on main road,PEUGEOT,106 INDEPENDENCE,Petrol,Male,None,No tow/articulation,Did not leave carriageway,0,Going ahead other,2,Car,No,Nearside,2010
201022C004096,A,44,NA,0,Slight,None,12-08-2010,Thursday,1,Data missing or out of range,Not at junction or within 20 metres,52.031071,Daylight,411610,236980,-1.832192,E01032351,1,2,0,0,Dry,Single carriageway,None,60,14:30:00,Rural,Fine no high winds,No,16 - 20,9,Small town,7,599,None,None,Other/Not known (2005-10),Not at or within 20 metres of junction,KAWASAKI,,Petrol,Male,Skidded,No tow/articulation,Did not leave carriageway,0,Going ahead left-hand bend,1,Motorcycle over 500cc,No,Offside,2010
201022D001803,Unclassified,0,NA,0,Slight,None,10-04-2010,Saturday,2,Data missing or out of range,Not at junction or within 20 metres,52.350702,Daylight,382480,272550,-2.258654,E01032462,3,1,0,0,Dry,Single carriageway,None,30,19:14:00,Rural,Fine no high winds,No,16 - 20,9,Urban area,2,1495,None,Lamp post,Other/Not known (2005-10),Not at or within 20 metres of junction,HYUNDAI,ACCENT CDX,Petrol,Male,Skidded,No tow/articulation,Did not leave carriageway,0,Overtaking moving vehicle - offside,1,Car,No,Front,2010
201022D003178,B,4194,NA,0,Slight,None,19-06-2010,Saturday,1,Data missing or out of range,Not at junction or within 20 metres,52.356406,Daylight,378570,273200,-2.316099,E01032428,3,1,0,0,Dry,Single carriageway,None,60,16:51:00,Rural,Fine no high winds,No,16 - 20,9,Rural,9,1124,None,Other permanent object,Other/Not known (2005-10),Not at or within 20 metres of junction,PEUGEOT,106 XN ZEST 2,Petrol,Male,Overturned,No tow/articulation,Nearside,0,Going ahead left-hand bend,1,Car,No,Nearside,2010
201022D003510,Unclassified,0,A,4536,Slight,None,13-07-2010,Tuesday,2,Give way or uncontrolled,Mini-roundabout,52.389976,Daylight,382060,276920,-2.265055,E01032454,1,2,0,0,Wet or damp,Single carriageway,None,30,19:00:00,Urban,Fine no high winds,No,16 - 20,9,Urban area,7,973,None,None,Other/Not known (2005-10),Mid Junction - on roundabout or on main road,VAUXHALL,CORSA CLUB 12V,Petrol,Male,None,No tow/articulation,Did not leave carriageway,0,Turning right,2,Car,No,Back,2010
201022D004106,Unclassified,0,NA,0,Slight,None,15-08-2010,Sunday,1,Data missing or out of range,Not at junction or within 20 metres,52.347565,Daylight,402190,272170,-1.969285,E01032124,2,1,0,0,Dry,Single carriageway,None,30,20:10:00,Rural,Fine no high winds,No,16 - 20,9,Urban area,6,1124,Bridge (side),Other permanent object,Other/Not known (2005-10),Not at or within 20 metres of junction,PEUGEOT,106 INDEPENDENCE,Petrol,Male,Skidded,No tow/articulation,Offside,0,Going ahead other,1,Car,No,Front,2010
201022E001446,A,4110,NA,0,Slight,None,18-03-2010,Thursday,1,Data missing or out of range,Not at junction or within 20 metres,52.068309,Daylight,349070,241370,-2.74443,E01014083,1,1,0,4,Dry,Single carriageway,None,20,17:25:00,Urban,Fine no high winds,No,16 - 20,9,Urban area,7,1124,None,None,Other/Not known (2005-10),Not at or within 20 metres of junction,PEUGEOT,106 XN ZEST 2,Petrol,Male,None,No tow/articulation,Did not leave carriageway,0,Going ahead other,1,Car,No,Front,2010
201022E003359,Unclassified,0,NA,0,Slight,None,04-07-2010,Sunday,2,Data missing or out of range,Not at junction or within 20 metres,52.061342,Daylight,351570,240570,-2.707847,E01013986,1,2,0,0,Dry,Single carriageway,None,30,15:00:00,Urban,Fine no high winds,No,16 - 20,9,Urban area,7,49,None,None,Other/Not known (2005-10),Not at or within 20 metres of junction,SUZUKI,UF 50,Petrol,Male,None,No tow/articulation,Did not leave carriageway,0,Going ahead other,1,Motorcycle 50cc and under,No,Front,2010
201022E003392,A,4113,NA,0,Slight,None,03-07-2010,Saturday,2,Data missing or out of range,Not at junction or within 20 metres,52.345581,Daylight,338000,272340,-2.911587,E01014052,1,1,0,0,Dry,Single carriageway,None,60,07:09:00,Rural,Fine no high winds,No,16 - 20,9,Rural,NA,1396,None,Other permanent object,Other/Not known (2005-10),Not at or within 20 metres of junction,ROVER,25 IMPRESSION S,Petrol,Male,Overturned,No tow/articulation,Offside and rebounded,0,Going ahead other,1,Car,No,Front,2010
201022E004172,B,4348,NA,0,Slight,None,21-08-2010,Saturday,2,Data missing or out of range,Not at junction or within 20 metres,51.982808,Daylight,347090,231880,-2.771842,E01014099,2,1,0,0,Dry,Single carriageway,None,60,15:20:00,Rural,Fine no high winds,No,16 - 20,9,Rural,8,2499,None,None,Journey as part of work,Not at or within 20 metres of junction,VAUXHALL,BRAVA DI 4X4,Heavy oil,Male,Overturned,No tow/articulation,Did not leave carriageway,0,Going ahead right-hand bend,1,Car,No,Offside,2010
201022F000841,A,5,B,5070,Slight,None,04-02-2010,Thursday,1,Give way or uncontrolled,Roundabout,52.918886,Daylight,329980,336230,-3.042866,E01028920,1,2,0,0,Wet or damp,Single carriageway,None,60,08:55:00,Rural,Fine no high winds,No,16 - 20,9,Urban area,NA,125,None,None,Other/Not known (2005-10),Leaving main road,YAMAHA,,Petrol,Male,None,No tow/articulation,Did not leave carriageway,0,Going ahead other,2,Motorcycle 125cc and under,No,Offside,2010
201022F000887,Unclassified,0,NA,0,Slight,None,14-02-2010,Sunday,1,Data missing or out of range,Not at junction or within 20 metres,52.663714,Daylight,361340,307490,-2.573078,E01028980,1,1,0,0,Dry,Single carriageway,None,60,11:55:00,Rural,Fine no high winds,No,16 - 20,9,Urban area,2,1360,None,Other permanent object,Other/Not known (2005-10),Not at or within 20 metres of junction,CITROEN,SAXO FURIO,Petrol,Male,Skidded and overturned,No tow/articulation,Offside and rebounded,0,Going ahead other,1,Car,No,Offside,2010
201022F001155,Unclassified,0,NA,0,Slight,None,04-03-2010,Thursday,1,Data missing or out of range,Not at junction or within 20 metres,52.825343,Daylight,330850,325810,-3.027712,E01028922,2,1,0,0,Dry,Single carriageway,None,30,08:20:00,Rural,Fine no high winds,No,16 - 20,9,Urban area,6,1587,None,Road sign or traffic signal,Other/Not known (2005-10),Not at or within 20 metres of junction,CITROEN,SAXO VTR,Petrol,Male,Overturned,No tow/articulation,Offside,0,Going ahead left-hand bend,1,Car,No,Front,2010
201022G002825,A,41,NA,0,Slight,None,27-05-2010,Thursday,1,Data missing or out of range,Not at junction or within 20 metres,52.737158,Daylight,377100,315560,-2.340618,E01014112,4,5,0,0,Dry,Single carriageway,Roadworks,60,11:23:00,Rural,Fine no high winds,No,16 - 20,9,Small town,9,1769,None,None,Other/Not known (2005-10),Not at or within 20 metres of junction,NISSAN,ALMERA SPORT,Petrol,Male,Skidded,No tow/articulation,Did not leave carriageway,0,Going ahead other,1,Car,No,Front,2010
201030A000098,A,615,NA,0,Slight,None,07-03-2010,Sunday,1,Data missing or out of range,Not at junction or within 20 metres,53.103024,Daylight,438670,356360,-1.423872,E01019477,1,4,0,0,Dry,Single carriageway,None,40,16:05:00,Rural,Fine no high winds,No,16 - 20,9,Urban area,5,50,None,None,Other/Not known (2005-10),Not at or within 20 metres of junction,PIAGGIO,,Petrol,Male,None,No tow/articulation,Did not leave carriageway,0,Going ahead other,2,Motorcycle 50cc and under,No,Back,2010
201030A000101,Unclassified,0,Unclassified,0,Slight,None,10-03-2010,Wednesday,1,Give way or uncontrolled,T or staggered junction,52.95844,Daylight,447100,340350,-1.300301,E01019658,1,2,0,0,Dry,Single carriageway,None,30,12:58:00,Urban,Fine no high winds,No,16 - 20,9,Urban area,10,1242,None,None,Other/Not known (2005-10),Mid Junction - on roundabout or on main road,FIAT,PUNTO ELX 8V,Petrol,Male,Skidded,No tow/articulation,Did not leave carriageway,0,Going ahead other,2,Car,No,Front,2010
201030A000119,Unclassified,0,NA,0,Slight,None,22-03-2010,Monday,1,Data missing or out of range,Not at junction or within 20 metres,53.100987,Daylight,446210,356200,-1.311283,E01019500,2,2,0,0,Wet or damp,Single carriageway,Mud,60,14:40:00,Rural,Fine no high winds,No,16 - 20,9,Small town,7,1997,None,None,Other/Not known (2005-10),Not at or within 20 metres of junction,CITROEN,XANTIA SX HDI,Heavy oil,Male,None,No tow/articulation,Did not leave carriageway,0,Going ahead right-hand bend,1,Car,No,Front,2010
201030C000195,A,6135,NA,0,Slight,None,17-04-2010,Saturday,1,Data missing or out of range,Not at junction or within 20 metres,53.305221,Daylight,443880,378900,-1.342967,E01019791,2,2,0,0,Dry,Single carriageway,None,50,18:20:00,Rural,Fine no high winds,No,16 - 20,9,Small town,5,125,None,None,Other/Not known (2005-10),Not at or within 20 metres of junction,APRILIA,,Petrol,Male,None,No tow/articulation,Did not leave carriageway,0,Going ahead other,1,Motorcycle 125cc and under,No,Did not impact,2010
201030C000234,A,632,NA,0,Slight,None,01-05-2010,Saturday,1,Data missing or out of range,Not at junction or within 20 metres,53.195198,Daylight,434130,366580,-1.490594,E01019769,3,1,0,0,Dry,Single carriageway,None,40,17:05:00,Rural,Fine no high winds,No,16 - 20,9,Urban area,6,1997,Kerb,Near/Offside crash barrier,Other/Not known (2005-10),Not at or within 20 metres of junction,PEUGEOT,306 D TURBO HDI,Heavy oil,Male,Skidded,No tow/articulation,Offside,0,Going ahead left-hand bend,1,Car,No,Front,2010
201030C000407,B,6014,C,302,Slight,None,02-07-2010,Friday,1,Give way or uncontrolled,T or staggered junction,53.148498,Daylight,438780,361420,-1.421619,E01019814,4,2,0,0,Dry,Single carriageway,None,60,19:55:00,Rural,Fine no high winds,No,16 - 20,9,Urban area,1,1199,Kerb,None,Other/Not known (2005-10),Entering main road,VAUXHALL,CORSA COMFORT 16V,Petrol,Male,None,No tow/articulation,Did not leave carriageway,0,Turning right,2,Car,No,Front,2010
201030C000533,B,6039,Unclassified,0,Slight,None,20-08-2010,Friday,1,Give way or uncontrolled,T or staggered junction,53.175831,Daylight,443360,364500,-1.352726,E01019520,1,2,0,0,Wet or damp,Single carriageway,None,60,19:00:00,Rural,Fine no high winds,No,16 - 20,9,Urban area,4,1598,None,None,Other/Not known (2005-10),Entering main road,RENAULT,MEGANE PRIVILEGE+ COUPE,Petrol,Male,None,No tow/articulation,Did not leave carriageway,0,Turning right,2,Car,No,Did not impact,2010
201030C000538,A,61,Unclassified,0,Slight,None,22-08-2010,Sunday,1,Give way or uncontrolled,Private drive or entrance,53.208108,Daylight,438580,368050,-1.423811,E01019831,5,4,0,0,Dry,Single carriageway,None,50,13:40:00,Rural,Fine no high winds,No,16 - 20,9,Urban area,7,1299,None,None,Other/Not known (2005-10),Approaching junction or waiting/parked at junction approach,FORD,KA,Petrol,Male,Skidded,No tow/articulation,Did not leave carriageway,0,Going ahead other,3,Car,No,Front,2010
201030C000906,B,6038,NA,0,Slight,None,28-12-2010,Tuesday,2,Data missing or out of range,Not at junction or within 20 metres,53.200605,Daylight,440360,367230,-1.397264,E01019798,1,3,0,0,Wet or damp,Single carriageway,None,30,12:58:00,Rural,Fine no high winds,No,16 - 20,9,Rural,4,1390,None,None,Other/Not known (2005-10),Not at or within 20 metres of junction,RENAULT,MEGANE AUTHENTIQUE,Petrol,Male,None,No tow/articulation,Did not leave carriageway,0,Waiting to go - held up,1,Car,No,Back,2010
201030D000231,B,6020,B,5020,Slight,None,14-03-2010,Sunday,1,Give way or uncontrolled,Roundabout,52.904874,Daylight,430840,334260,-1.542922,E01013562,1,2,0,0,Dry,Roundabout,None,30,06:04:00,Urban,Fine no high winds,No,16 - 20,9,Urban area,6,1794,None,None,Journey as part of work,Mid Junction - on roundabout or on main road,TOYOTA,AVENSIS GLS VVT-I,Petrol,Male,None,No tow/articulation,Did not leave carriageway,0,Going ahead other,2,Taxi/Private hire car,No,Front,2010
201030D000384,A,608,Unclassified,0,Slight,None,02-05-2010,Sunday,1,Give way or uncontrolled,T or staggered junction,52.942281,Daylight,436400,338460,-1.45979,E01013531,2,2,0,0,Dry,Single carriageway,None,40,15:20:00,Rural,Fine no high winds,No,16 - 20,9,Urban area,5,1587,None,None,Other/Not known (2005-10),Mid Junction - on roundabout or on main road,CITROEN,SAXO VTR,Petrol,Male,None,No tow/articulation,Did not leave carriageway,0,Overtaking moving vehicle - offside,1,Car,No,Front,2010
201030D000464,Unclassified,0,NA,0,Slight,None,25-05-2010,Tuesday,1,Data missing or out of range,Not at junction or within 20 metres,52.877534,Daylight,434040,331240,-1.495661,E01013588,1,2,0,0,Dry,Single carriageway,None,30,07:55:00,Urban,Fine no high winds,No,16 - 20,9,Urban area,2,49,None,None,Other/Not known (2005-10),Not at or within 20 metres of junction,GILERA,DNA 50,Petrol,Male,None,No tow/articulation,Did not leave carriageway,0,Going ahead right-hand bend,1,Motorcycle 50cc and under,No,Front,2010
201030D000532,Unclassified,0,Unclassified,0,Slight,None,15-06-2010,Tuesday,1,Give way or uncontrolled,Private drive or entrance,52.965067,Daylight,447380,341090,-1.296025,E01019689,1,2,0,0,Dry,Single carriageway,None,30,16:33:00,Urban,Fine no high winds,No,16 - 20,9,Urban area,3,124,None,None,Other/Not known (2005-10),Mid Junction - on roundabout or on main road,YAMAHA,DT 125 R,Petrol,Male,None,No tow/articulation,Did not leave carriageway,0,Overtaking - nearside,2,Motorcycle 125cc and under,No,Front,2010
201030D000733,A,609,NA,0,Slight,None,09-08-2010,Monday,1,Data missing or out of range,Not at junction or within 20 metres,52.968591,Daylight,445070,341460,-1.330364,E01019704,1,1,0,0,Dry,Single carriageway,None,40,10:40:00,Rural,Fine no high winds,No,16 - 20,9,Small town,9,49,None,None,Other/Not known (2005-10),Not at or within 20 metres of junction,PEUGEOT,VIVACITY 50,Petrol,Male,None,No tow/articulation,Did not leave carriageway,0,Going ahead other,1,Motorcycle 50cc and under,No,Did not impact,2010
20103102A1382,Unclassified,0,NA,0,Slight,None,25-05-2010,Tuesday,2,Data missing or out of range,Not at junction or within 20 metres,53.139557,Daylight,452890,360560,-1.210805,E01028268,1,2,0,0,Dry,Single carriageway,None,30,16:18:00,Urban,Fine no high winds,No,16 - 20,9,Urban area,9,1149,None,None,Other/Not known (2005-10),Not at or within 20 metres of junction,RENAULT,CLIO DYNAMIQUE 16V,Petrol,Male,None,No tow/articulation,Did not leave carriageway,0,Going ahead other,2,Car,No,Offside,2010
20103102B2083,C,7,Unclassified,0,Slight,None,03-08-2010,Tuesday,1,Give way or uncontrolled,Crossroads,53.325243,Daylight,472700,381480,-0.909949,E01028009,1,2,0,0,Dry,Single carriageway,None,60,10:20:00,Rural,Fine no high winds,No,16 - 20,9,Rural,3,2402,None,Other permanent object,Commuting to/from work,Mid Junction - on roundabout or on main road,FORD,TRANSIT 350 LWB TD,Heavy oil,Male,None,No tow/articulation,Offside,0,Overtaking moving vehicle - offside,1,Van / Goods 3.5 tonnes mgw or under,No,Front,2010
20103102B2600,B,6079,NA,0,Slight,Any animal in carriageway (except ridden horse),16-09-2010,Thursday,1,Data missing or out of range,Not at junction or within 20 metres,53.303687,Daylight,461970,378930,-1.071521,E01028064,1,1,0,0,Dry,Single carriageway,None,60,07:25:00,Rural,Fine no high winds,No,16 - 20,9,Urban area,6,1390,Kerb,Entered ditch,Journey as part of work,Not at or within 20 metres of junction,RENAULT,CLIO ALIZE,Petrol,Male,Skidded,No tow/articulation,Nearside,0,Going ahead right-hand bend,1,Car,No,Front,2010
20103102C1169,A,6008,Unclassified,0,Slight,None,03-06-2010,Thursday,1,Give way or uncontrolled,T or staggered junction,52.95236,Daylight,456980,339780,-1.153338,E01013952,1,2,0,4,Dry,Dual carriageway,None,30,11:43:00,Urban,Fine no high winds,No,16 - 20,9,Urban area,1,973,None,None,Commuting to/from work,Cleared junction or waiting/parked at junction exit,VAUXHALL,CORSA COMFORT 12V,Petrol,Male,None,No tow/articulation,Did not leave carriageway,0,Going ahead other,1,Car,No,Front,2010
20103102C1347,A,6514,NA,0,Slight,None,27-05-2010,Thursday,1,Data missing or out of range,Not at junction or within 20 metres,52.9626,Daylight,454440,340890,-1.190955,E01013932,1,2,0,4,Dry,Dual carriageway,None,40,16:30:00,Urban,Fine no high winds,No,16 - 20,9,Urban area,6,124,None,None,Commuting to/from work,Not at or within 20 metres of junction,HONDA,,Petrol,Male,None,No tow/articulation,Offside on to central reservation,0,Going ahead other,1,Motorcycle 125cc and under,No,Front,2010
20103102C2826,B,686,C,175,Slight,None,28-11-2010,Sunday,1,Auto traffic signal,Crossroads,52.953769,Daylight,458090,339950,-1.136788,E01013920,1,2,0,5,Wet or damp,Single carriageway,None,30,13:07:00,Urban,Fine no high winds,No,16 - 20,9,Urban area,9,1323,None,None,Other/Not known (2005-10),Mid Junction - on roundabout or on main road,MAZDA,DEMIO LXI,Petrol,Male,None,No tow/articulation,Did not leave carriageway,0,Going ahead other,1,Car,No,Front,2010
201032B109510,Unclassified,0,Unclassified,0,Slight,None,18-04-2010,Sunday,1,Give way or uncontrolled,T or staggered junction,52.910923,Daylight,491500,335700,-0.640804,E01026323,1,2,0,0,Dry,Single carriageway,None,30,20:00:00,Urban,Fine no high winds,No,16 - 20,9,Urban area,10,1242,None,None,Other/Not known (2005-10),Mid Junction - on roundabout or on main road,FIAT,PUNTO ELX 8V,Petrol,Male,None,No tow/articulation,Did not leave carriageway,0,Going ahead other,2,Car,No,Nearside,2010
201032B186710,C,470,NA,0,Slight,None,30-06-2010,Wednesday,1,Data missing or out of range,Not at junction or within 20 metres,52.910205,Daylight,492020,335630,-0.633094,E01026345,1,2,0,0,Dry,Single carriageway,None,30,18:45:00,Urban,Fine no high winds,No,16 - 20,9,Urban area,9,1390,None,None,Other/Not known (2005-10),Not at or within 20 metres of junction,RENAULT,MEGANE DYNAMIQUE COUPE,Petrol,Male,None,No tow/articulation,Did not leave carriageway,0,Going ahead other,1,Car,No,Front,2010
201032B216110,A,52,Unclassified,0,Slight,None,31-07-2010,Saturday,1,Auto traffic signal,Crossroads,52.909565,Daylight,491560,335550,-0.639955,E01026323,1,2,0,5,Wet or damp,Single carriageway,None,30,12:30:00,Urban,Fine no high winds,No,16 - 20,9,Data missing or out of range,NA,1781,None,None,Other/Not known (2005-10),Approaching junction or waiting/parked at junction approach,SEAT,IBIZA CUPRA 20VT,Petrol,Male,None,No tow/articulation,Did not leave carriageway,0,Going ahead other,1,Car,No,Offside,2010