Accident_Index,1st_Road_Class,1st_Road_Number,2nd_Road_Class,2nd_Road_Number,Accident_Severity,Carriageway_Hazards,Date,Day_of_Week,Did_Police_Officer_Attend_Scene_of_Accident,Junction_Control,Junction_Detail,Latitude,Light_Conditions,Location_Easting_OSGR,Location_Northing_OSGR,Longitude,LSOA_of_Accident_Location,Number_of_Casualties,Number_of_Vehicles,Pedestrian_Crossing-Human_Control,Pedestrian_Crossing-Physical_Facilities,Road_Surface_Conditions,Road_Type,Special_Conditions_at_Site,Speed_limit,Time,Urban_or_Rural_Area,Weather_Conditions,InScotland,Age_Band_of_Driver,Age_of_Vehicle,Driver_Home_Area_Type,Driver_IMD_Decile,Engine_Capacity_.CC.,Hit_Object_in_Carriageway,Hit_Object_off_Carriageway,Journey_Purpose_of_Driver,Junction_Location,make,model,Propulsion_Code,Sex_of_Driver,Skidding_and_Overturning,Towing_and_Articulation,Vehicle_Leaving_Carriageway,Vehicle_Location.Restricted_Lane,Vehicle_Manoeuvre,Vehicle_Reference,Vehicle_Type,Was_Vehicle_Left_Hand_Drive,X1st_Point_of_Impact,Year
201032B288810,A,16,NA,0,Slight,None,21-09-2010,Tuesday,1,Data missing or out of range,Not at junction or within 20 metres,52.701365,Daylight,517490,312940,-0.262667,E01026241,1,2,0,0,Dry,Single carriageway,None,50,08:15:00,Rural,Fine no high winds,No,16 - 20,9,Urban area,8,899,None,None,Other/Not known (2005-10),Not at or within 20 metres of junction,FIAT,SEICENTO S,Petrol,Male,None,No tow/articulation,Did not leave carriageway,0,Waiting to go - held up,2,Car,No,Back,2010
201032C026410,A,52,NA,0,Slight,None,31-01-2010,Sunday,1,Data missing or out of range,Not at junction or within 20 metres,52.977545,Daylight,533020,344080,-0.020285,E01026025,1,2,0,0,Dry,Dual carriageway,None,40,16:00:00,Urban,Fine no high winds,No,16 - 20,9,Urban area,5,49,None,None,Other/Not known (2005-10),Not at or within 20 metres of junction,GILERA,DNA 50,Petrol,Male,Overturned,No tow/articulation,Did not leave carriageway,0,Going ahead other,1,Motorcycle 50cc and under,No,Offside,2010
201032C272510,A,153,NA,0,Slight,None,12-09-2010,Sunday,1,Data missing or out of range,Not at junction or within 20 metres,53.092511,Daylight,519850,356530,-0.211703,E01026053,2,2,0,0,Dry,Single carriageway,None,60,13:05:00,Rural,Fine no high winds,No,16 - 20,9,Rural,4,1242,None,None,Other/Not known (2005-10),Not at or within 20 metres of junction,FIAT,PUNTO 1.2,Petrol,Male,None,No tow/articulation,Did not leave carriageway,0,Going ahead other,1,Car,No,Front,2010
201032C368510,A,52,NA,0,Slight,None,26-11-2010,Friday,1,Data missing or out of range,Not at junction or within 20 metres,53.073779,Daylight,548000,355230,0.207762,E01026111,1,4,0,0,Frost or ice,Single carriageway,None,50,12:39:00,Rural,Fine no high winds,No,16 - 20,9,Urban area,9,1596,None,None,Other/Not known (2005-10),Not at or within 20 metres of junction,FORD,FIESTA FREESTYLE,Petrol,Male,Skidded,No tow/articulation,Did not leave carriageway,0,Going ahead other,4,Car,No,Front,2010
201032D095410,Unclassified,376,B,1518,Slight,None,04-04-2010,Sunday,1,Give way or uncontrolled,Other junction,53.006399,Daylight,506400,346630,-0.415733,E01026236,1,2,0,0,Dry,Single carriageway,None,30,15:50:00,Urban,Fine no high winds,No,16 - 20,9,Rural,8,1299,Parked vehicle,None,Other/Not known (2005-10),Approaching junction or waiting/parked at junction approach,FORD,KA,Petrol,Male,None,No tow/articulation,Did not leave carriageway,0,Going ahead other,1,Car,No,Front,2010
201043N141060,A,418,NA,0,Slight,None,27-12-2021,Sunday,2,Data missing or out of range,Not at junction or within 20 metres,14.79361121,Daylight,479470,212090,78.46939512,E01017678,1,2,0,0,Dry,Single carriageway,None,30,10:45:00,Rural,Fine no high winds,No,16 - 20,9,Small town,9,1242,None,None,Other/Not known (2005-10),Not at or within 20 metres of junction,FIAT,PUNTO ELX 8V,Petrol,Female,None,No tow/articulation,Did not leave carriageway,0,Waiting to go - held up,2,Car,No,Back,2019
201043W006040,Unclassified,7139,NA,0,Slight,None,02-02-2019,Thursday,2,Data missing or out of range,Not at junction or within 20 metres,14.71119968,Daylight,447210,167590,78.5135403,E01016346,1,2,0,0,Wet or damp,Single carriageway,None,30,18:00:00,Urban,Fine no high winds,No,16 - 20,9,Urban area,2,1299,None,None,Journey as part of work,Not at or within 20 metres of junction,FORD,KA COLLECTION,Petrol,Female,None,No tow/articulation,Did not leave carriageway,0,Waiting to go - held up,2,Car,No,Back,2019
2010550C26818,A,31,NA,0,Slight,None,18-02-2021,Friday,1,Not at junction or within 20 metres,Not at junction or within 20 metres,14.7595178,Daylight,402910,99340,78.62272381,E01020427,1,4,0,0,Dry,Single carriageway,None,60,15:50:00,Rural,Fine no high winds,No,16 - 20,9,Urban area,7,1299,None,None,Other/Not known (2005-10),Not at or within 20 metres of junction,FORD,KA 2,Petrol,Female,None,No tow/articulation,Did not leave carriageway,0,Slowing or stopping,1,Car,No,Front,2019
2010550C20446,B,3093,Unclassified,0,Slight,None,02-05-2019,Thursday,1,Give way or uncontrolled,Private drive or entrance,14.77635749,Daylight,401760,92060,78.55903848,E01015446,1,2,0,0,Dry,Single carriageway,None,30,08:40:00,Urban,Fine no high winds,No,16 - 20,9,Urban area,7,1242,None,None,Commuting to/from work,Entering main road,FIAT,PUNTO ELX 8V,Petrol,Female,None,No tow/articulation,Did not leave carriageway,0,Turning right,1,Car,No,Front,2019
20104100G0119,Unclassified,733,C,145,Slight,None,14-04-2021,Tuesday,1,Give way or uncontrolled,T or staggered junction,27.10473055,Daylight,522440,232280,93.61699239,E01023630,2,2,0,4,Dry,Single carriageway,None,30,12:45:00,Urban,Fine no high winds,No,16 - 20,9,Data missing or out of range,NA,100,None,None,Commuting to/from work,Approaching junction or waiting/parked at junction approach,PEUGEOT,SPEEDFIGHT 100,Petrol,Female,None,No tow/articulation,Did not leave carriageway,0,Slowing or stopping,2,Motorcycle 125cc and under,No,Front,2019
201050JA2C018,A,38,B,3380,Slight,None,16-06-2019,Tuesday,1,Give way or uncontrolled,T or staggered junction,27.094503,Daylight,274570,66810,93.62330408,E01020197,2,2,0,0,Dry,Single carriageway,None,30,16:06:00,Rural,Fine no high winds,No,16 - 20,9,Rural,5,999,None,None,Commuting to/from work,Mid Junction - on roundabout or on main road,VOLKSWAGEN,POLO E,Petrol,Female,None,No tow/articulation,Did not leave carriageway,0,Moving off,2,Car,No,Front,2019
201034WD36130,C,4,C,122,Slight,None,17-12-2020,Sunday,1,Give way or uncontrolled,T or staggered junction,26.71802981,Daylight,476480,265570,94.1727587,E01026997,1,2,0,0,Dry,Single carriageway,None,60,16:50:00,Rural,Fine no high winds,No,16 - 20,9,Rural,8,1299,None,None,Commuting to/from work,Mid Junction - on roundabout or on main road,FORD,KA COLLECTION,Petrol,Female,None,No tow/articulation,Did not leave carriageway,0,Turning right,1,Car,No,Front,2019
2010400C01890,Unclassified,0,Unclassified,0,Slight,None,04-05-2021,Thursday,1,Give way or uncontrolled,T or staggered junction,26.76306258,Daylight,509090,223390,94.22916082,E01015693,4,3,0,0,Dry,Single carriageway,None,30,19:31:00,Urban,Fine no high winds,No,16 - 20,9,Urban area,4,1299,None,None,Other/Not known (2005-10),Cleared junction or waiting/parked at junction exit,FORD,KA,Petrol,Female,None,No tow/articulation,Did not leave carriageway,0,Going ahead other,2,Car,No,Back,2019
201043P082100,A,40,NA,0,Slight,None,27-12-2021,Friday,1,Data missing or out of range,Not at junction or within 20 metres,26.72984335,Daylight,451800,209790,94.22598336,E01028560,1,2,0,0,Dry,Dual carriageway,None,70,17:54:00,Rural,Fine no high winds,No,16 - 20,9,Urban area,10,1396,None,None,Other/Not known (2005-10),Not at or within 20 metres of junction,ROVER,25 IL 16V,Petrol,Female,None,No tow/articulation,Did not leave carriageway,0,Going ahead other,2,Car,No,Nearside,2019
201036T100013,A,1042,A,1151,Slight,None,29-04-2020,Monday,2,Give way or uncontrolled,Roundabout,26.73549469,Daylight,624000,311160,94.20750976,E01026802,1,2,0,0,Dry,Roundabout,None,40,14:00:00,Urban,Fine no high winds,No,16 - 20,9,Urban area,7,1324,None,None,Other/Not known (2005-10),Approaching junction or waiting/parked at junction approach,MAZDA,323F LXI,Petrol,Female,None,No tow/articulation,Did not leave carriageway,0,Slowing or stopping,1,Car,No,Back,2019
201042I071503,A,1159,NA,0,Slight,None,13-09-2020,Wednesday,2,Not at junction or within 20 metres,Not at junction or within 20 metres,25.77965462,Daylight,591080,186530,87.46093714,E01015888,2,2,0,0,Dry,Dual carriageway,None,50,12:45:00,Urban,Fine no high winds,No,16 - 20,9,Urban area,4,1242,None,None,Journey as part of work,Not at or within 20 metres of junction,FORD,FIESTA FREESTYLE,Petrol,Female,None,No tow/articulation,Did not leave carriageway,0,Going ahead other,2,Car,No,Offside,2019
201042I278708,A,1158,NA,0,Slight,None,15-08-2019,Tuesday,1,Not at junction or within 20 metres,Not at junction or within 20 metres,25.79243569,Daylight,585770,187170,87.47479448,E01015822,1,2,0,0,Dry,One way street,None,30,19:38:00,Urban,Fine no high winds,No,16 - 20,9,Urban area,3,1199,None,None,Other/Not known (2005-10),Not at or within 20 metres of junction,VAUXHALL,CORSA ELEGANCE 16V SEMI-AUT,Petrol,Female,None,No tow/articulation,Did not leave carriageway,0,Moving off,2,Car,No,Did not impact,2019
201037G029101,B,1059,Unclassified,2632,Slight,None,09-01-2020,Saturday,1,Give way or uncontrolled,T or staggered junction,22.10408485,Daylight,617850,244150,82.18965419,E01029990,2,3,0,0,Wet or damp,Single carriageway,Roadworks,30,13:15:00,Urban,Fine no high winds,No,16 - 20,9,Urban area,2,1299,None,None,Other/Not known (2005-10),Approaching junction or waiting/parked at junction approach,FORD,KA,Petrol,Female,None,No tow/articulation,Did not leave carriageway,0,Slowing or stopping,1,Car,No,Front,2019
2010550C32745,A,3049,Unclassified,0,Slight,None,29-11-2020,Friday,1,Give way or uncontrolled,Roundabout,15.3129828,Daylight,410690,92630,74.02759983,E01015292,1,3,0,0,Dry,Single carriageway,Roadworks,30,13:10:00,Urban,Fine no high winds,No,16 - 20,9,Urban area,2,1998,None,None,Other/Not known (2005-10),Entering roundabout,RENAULT,MEGANE DYNAMIQUE+ IDE CP,Petrol,Female,None,No tow/articulation,Did not leave carriageway,0,Turning right,2,Car,No,Front,2019
201037B045431,A,134,NA,0,Slight,None,08-06-2019,Thursday,1,Data missing or out of range,Not at junction or within 20 metres,15.22674318,Daylight,586720,277640,74.14728102,E01030094,2,3,0,0,Dry,Single carriageway,None,60,17:00:00,Rural,Fine no high winds,No,16 - 20,9,Rural,6,1299,None,None,Other/Not known (2005-10),Not at or within 20 metres of junction,FORD,KA 2,Petrol,Female,None,No tow/articulation,Did not leave carriageway,0,Going ahead other,1,Car,No,Front,2019
201037L018197,C,542,Unclassified,5633,Slight,None,24-07-2021,Friday,1,Give way or uncontrolled,T or staggered junction,22.97419237,Daylight,621380,268870,72.51470376,E01030090,2,2,0,0,Dry,Single carriageway,None,30,15:40:00,Rural,Fine no high winds,No,16 - 20,9,Rural,7,1896,None,None,Commuting to/from work,Mid Junction - on roundabout or on main road,SKODA,FABIA COMFORT SDI,Heavy oil,Female,None,No tow/articulation,Did not leave carriageway,0,Going ahead right-hand bend,1,Car,No,Front,2019
201043R082090,B,3173,Unclassified,7409,Slight,None,08-02-2021,Friday,1,Give way or uncontrolled,Crossroads,23.06836684,Daylight,495600,176390,72.62946254,E01016549,1,3,0,4,Dry,Single carriageway,None,30,19:18:00,Urban,Fine no high winds,No,16 - 20,9,Urban area,8,1124,None,None,Commuting to/from work,Approaching junction or waiting/parked at junction approach,PEUGEOT,106 INDEPENDENCE,Petrol,Female,Skidded,No tow/articulation,Did not leave carriageway,0,Going ahead other,2,Car,No,Front,2019
20104100G0132,B,197,NA,,Slight,None,24-12-2019,Wednesday,1,Give way or uncontrolled,Private drive or entrance,23.08098543,Daylight,522810,227120,72.62852023,E01023800,1,4,0,0,Dry,Single carriageway,None,40,12:45:00,Rural,Fine no high winds,No,16 - 20,9,Urban area,4,1299,None,None,Other/Not known (2005-10),Approaching junction or waiting/parked at junction approach,FORD,KA 2,Petrol,Female,None,No tow/articulation,Did not leave carriageway,0,Waiting to go - held up,2,Car,No,Back,2019
201042I287609,Unclassified,0,Unclassified,0,Slight,None,30-10-2019,Thursday,1,Give way or uncontrolled,Other junction,28.43200488,Daylight,563240,196410,77.06530052,E01021460,2,2,0,0,Wet or damp,Single carriageway,None,60,08:35:00,Rural,Fine no high winds,No,16 - 20,9,Urban area,10,1149,None,None,Other/Not known (2005-10),Approaching junction or waiting/parked at junction approach,RENAULT,CLIO SPORT,Petrol,Female,None,No tow/articulation,Did not leave carriageway,0,Turning right,1,Car,No,Front,2019
201042I125504,A,129,Unclassified,0,Slight,None,04-06-2021,Monday,1,Give way or uncontrolled,T or staggered junction,28.47860413,Daylight,580170,190120,77.02801012,E01021963,3,2,0,0,Dry,Dual carriageway,None,30,14:55:00,Urban,Fine no high winds,No,16 - 20,9,Data missing or out of range,NA,1299,None,None,Other/Not known (2005-10),Mid Junction - on roundabout or on main road,FORD,KA COLLECTION,Petrol,Female,None,No tow/articulation,Did not leave carriageway,0,Going ahead other,2,Car,No,Front,2019
201050GT3D002,A,30,NA,0,Slight,None,09-01-2021,Sunday,1,Not at junction or within 20 metres,Not at junction or within 20 metres,28.4439733,Daylight,173170,45390,77.02496114,E01018820,1,1,0,0,Dry,Dual carriageway,None,70,10:26:00,Rural,Fine no high winds,No,16 - 20,9,Data missing or out of range,NA,1299,None,Central crash barrier,Other/Not known (2005-10),Not at or within 20 metres of junction,TOYOTA,YARIS GLS AUTO,Petrol,Female,None,No tow/articulation,Offside on to central reservation,0,Overtaking static vehicle - offside,1,Car,No,Front,2019
201050AC2C024,Unclassified,0,Unclassified,0,Slight,None,19-01-2021,Thursday,1,Give way or uncontrolled,T or staggered junction,28.43067253,Daylight,165000,40010,77.07520514,E01018868,1,2,0,0,Dry,Single carriageway,None,30,13:34:00,Urban,Fine no high winds,No,16 - 20,9,Small town,4,973,None,None,Other/Not known (2005-10),Entering main road,VAUXHALL,CORSA GLS 12V,Petrol,Female,None,No tow/articulation,Did not leave carriageway,0,Moving off,1,Car,No,Front,2019
201050BL2H003,A,395,Unclassified,0,Slight,None,22-04-2020,Friday,1,Give way or uncontrolled,Crossroads,12.98959427,Daylight,223820,84650,77.59534678,E01018968,2,2,0,0,Dry,Single carriageway,None,30,12:10:00,Rural,Fine no high winds,No,16 - 20,9,Urban area,10,973,None,None,Other/Not known (2005-10),Approaching junction or waiting/parked at junction approach,VAUXHALL,CORSA CLUB 12V,Petrol,Female,Skidded,No tow/articulation,Did not leave carriageway,0,Going ahead other,1,Car,No,Front,2019
2010550C35676,Unclassified,0,Unclassified,0,Slight,None,26-06-2021,Monday,1,Give way or uncontrolled,Crossroads,13.04153721,Daylight,407990,92690,77.62274199,E01015344,1,4,0,8,Dry,Single carriageway,Roadworks,30,15:43:00,Urban,Fine no high winds,No,16 - 20,9,Data missing or out of range,NA,1299,None,None,Other/Not known (2005-10),Cleared junction or waiting/parked at junction exit,FORD,KA COLLECTION,Petrol,Female,None,No tow/articulation,Did not leave carriageway,0,Waiting to go - held up,3,Car,No,Front,2019
2010550C32438,A,348,NA,0,Slight,None,11-07-2019,Monday,2,Not at junction or within 20 metres,Not at junction or within 20 metres,13.04694737,Daylight,404920,94990,77.64009764,E01015308,1,2,0,4,Dry,Single carriageway,None,30,08:30:00,Urban,Fine no high winds,No,16 - 20,9,Urban area,9,1124,None,None,Other/Not known (2005-10),Not at or within 20 metres of junction,PEUGEOT,106 INDEPENDENCE,Petrol,Female,None,No tow/articulation,Did not leave carriageway,0,Waiting to go - held up,1,Car,No,Back,2020
201050AY2H005,A,30,B,3301,Slight,None,25-01-2020,Monday,2,Give way or uncontrolled,Roundabout,8.866563457,Daylight,157590,38500,76.66065062,E01018978,1,2,0,0,Dry,Roundabout,None,50,19:17:00,Rural,Fine no high winds,No,16 - 20,9,Small town,5,1242,None,None,Other/Not known (2005-10),Mid Junction - on roundabout or on main road,FIAT,PUNTO ELX 16V,Petrol,Female,Skidded,No tow/articulation,Did not leave carriageway,0,Going ahead other,2,Car,No,Nearside,2020
2010400C03323,A,505,A,505,Slight,None,13-08-2020,Wednesday,2,Give way or uncontrolled,Roundabout,8.895982211,Daylight,504310,222480,76.67388974,E01017583,2,2,0,0,Wet or damp,Roundabout,None,30,15:30:00,Urban,Fine no high winds,No,16 - 20,9,Urban area,9,1124,None,None,Other/Not known (2005-10),Entering roundabout,PEUGEOT,106 INDEPENDENCE,Petrol,Female,None,No tow/articulation,Did not leave carriageway,0,Waiting to go - held up,1,Car,No,Back,2020
20104100D0683,C,127,Unclassified,793,Slight,None,06-03-2021,Tuesday,2,Give way or uncontrolled,T or staggered junction,8.88491474,Daylight,506310,205990,76.65668334,E01023389,1,2,0,0,Dry,Single carriageway,None,30,15:40:00,Urban,Fine no high winds,No,16 - 20,9,Urban area,3,1390,None,None,Other/Not known (2005-10),Mid Junction - on roundabout or on main road,RENAULT,CLIO ALIZE 16V,Petrol,Female,None,No tow/articulation,Did not leave carriageway,0,Going ahead other,2,Car,No,Nearside,2020
2010400D03297,Unclassified,0,Unclassified,0,Slight,None,25-10-2019,Wednesday,1,Give way or uncontrolled,T or staggered junction,8.877113598,Daylight,519280,236620,76.6954443,E01017378,1,2,0,0,Wet or damp,Single carriageway,None,30,09:35:00,Rural,Fine no high winds,No,16 - 20,9,Small town,5,999,None,None,Journey as part of work,Approaching junction or waiting/parked at junction approach,VOLKSWAGEN,POLO E,Petrol,Female,Skidded,No tow/articulation,Did not leave carriageway,0,Overtaking static vehicle - offside,1,Car,No,Front,2020
201050JN2A005,A,380,NA,0,Slight,None,25-07-2019,Monday,1,Not at junction or within 20 metres,Not at junction or within 20 metres,8.874249747,Daylight,287140,70810,76.68977725,E01020217,2,4,0,0,Dry,Dual carriageway,None,70,16:46:00,Rural,Fine no high winds,No,16 - 20,9,Urban area,6,1299,None,None,Other/Not known (2005-10),Not at or within 20 metres of junction,FORD,KA 2,Petrol,Female,None,No tow/articulation,Did not leave carriageway,0,Going ahead other,4,Car,No,Front,2020
201043R101030,B,470,Unclassified,7302,Slight,None,29-09-2021,Monday,1,Give way or uncontrolled,T or staggered junction,22.73919505,Daylight,501260,179160,75.90023954,E01016502,2,2,0,0,Dry,Single carriageway,None,40,12:00:00,Urban,Fine no high winds,No,16 - 20,9,Rural,5,1124,None,None,Other/Not known (2005-10),Approaching junction or waiting/parked at junction approach,PEUGEOT,106 INDEPENDENCE,Petrol,Female,None,No tow/articulation,Did not leave carriageway,0,Going ahead other,2,Car,No,Front,2020
201050KT3E003,A,396,NA,0,Slight,None,04-11-2019,Wednesday,1,Not at junction or within 20 metres,Not at junction or within 20 metres,22.69896576,Daylight,294440,117350,75.9052935,E01020047,2,2,0,0,Wet or damp,Single carriageway,None,60,18:35:00,Rural,Fine no high winds,No,16 - 20,9,Rural,4,1124,None,None,Commuting to/from work,Not at or within 20 metres of junction,PEUGEOT,206 LOOK,Petrol,Female,None,No tow/articulation,Did not leave carriageway,0,Going ahead right-hand bend,1,Car,No,Front,2020
201042I241707,B,1018,Unclassified,0,Slight,None,18-03-2019,Friday,1,Give way or uncontrolled,T or staggered junction,22.73615349,Daylight,582400,214060,75.88992883,E01021415,1,3,0,0,Dry,Single carriageway,None,30,11:50:00,Urban,Fine no high winds,No,16 - 20,9,Urban area,8,1299,None,None,Other/Not known (2005-10),Approaching junction or waiting/parked at junction approach,FORD,KA NOW,Petrol,Female,None,No tow/articulation,Did not leave carriageway,0,Waiting to turn right,2,Car,No,Front,2020
201045MO54875,Motorway,25,NA,0,Slight,None,18-07-2019,Friday,2,Data missing or out of range,Not at junction or within 20 metres,22.73043882,Daylight,522750,153220,75.81418446,E01030639,1,2,0,0,Dry,Dual carriageway,None,70,13:15:00,Rural,Fine no high winds,No,16 - 20,9,Urban area,6,1149,None,None,Other/Not known (2005-10),Not at or within 20 metres of junction,RENAULT,CLIO EXPRESSION 16V,Petrol,Female,None,No tow/articulation,Did not leave carriageway,0,Going ahead other,1,Car,No,Back,2020
201037L018236,A,12,B,1121,Slight,None,28-05-2021,Thursday,1,Give way or uncontrolled,T or staggered junction,22.70521095,Daylight,638250,265830,75.86470564,E01030208,1,2,0,0,Dry,Single carriageway,None,60,19:17:00,Rural,Fine no high winds,No,16 - 20,9,Small town,5,1149,None,None,Other/Not known (2005-10),Entering main road,RENAULT,CLIO EXPRESSION+ 16V,Petrol,Female,None,No tow/articulation,Did not leave carriageway,0,Turning right,1,Car,No,Offside,2020
2010400B02056,Unclassified,0,Unclassified,0,Slight,None,15-09-2020,Monday,2,Auto traffic signal,T or staggered junction,26.46245601,Daylight,504140,247490,74.59320617,E01017517,1,1,0,4,Dry,Single carriageway,None,30,08:00:00,Urban,Fine no high winds,No,16 - 20,9,Urban area,4,1299,None,None,Other/Not known (2005-10),Mid Junction - on roundabout or on main road,FORD,KA 2,Petrol,Female,None,No tow/articulation,Did not leave carriageway,0,Going ahead other,1,Car,No,Front,2020
201037G030108,A,14,NA,0,Slight,None,14-04-2019,Tuesday,1,Data missing or out of range,Not at junction or within 20 metres,26.46076715,Daylight,614860,240970,80.2851779,E01029879,1,2,0,0,Dry,Dual carriageway,None,70,17:50:00,Rural,Fine no high winds,No,16 - 20,9,Small town,9,1299,None,Central crash barrier,Commuting to/from work,Not at or within 20 metres of junction,FORD,KA NOW,Petrol,Female,Skidded,No tow/articulation,Did not leave carriageway,0,Going ahead other,1,Car,No,Back,2020
2010550C49878,A,338,NA,0,Slight,None,06-04-2020,Thursday,1,Not at junction or within 20 metres,Not at junction or within 20 metres,28.6319293,Daylight,412820,94730,77.17718329,E01015341,1,2,0,7,Dry,Dual carriageway,None,50,14:10:00,Rural,Fine no high winds,No,16 - 20,9,Urban area,10,1587,None,None,Journey as part of work,Not at or within 20 metres of junction,PEUGEOT,206 XSI,Petrol,Female,None,No tow/articulation,Offside - crossed central reservation,0,Going ahead other,1,Car,No,Nearside,2020
201043P112040,Motorway,40,NA,0,Slight,None,22-04-2020,Friday,1,Data missing or out of range,Not at junction or within 20 metres,28.66870981,Daylight,463490,204260,77.16125303,E01028646,1,2,0,0,Dry,Dual carriageway,None,70,11:20:00,Rural,Fine no high winds,No,16 - 20,9,Urban area,7,1124,None,None,Other/Not known (2005-10),Not at or within 20 metres of junction,PEUGEOT,106 XN ZEST 2,Petrol,Female,None,No tow/articulation,Did not leave carriageway,0,Going ahead other,2,Car,No,Back,2020
20104100T3152,Motorway,25,NA,0,Slight,None,16-08-2021,Monday,1,Not at junction or within 20 metres,Not at junction or within 20 metres,28.63483595,Daylight,524110,200050,77.21612093,E01023567,1,1,0,0,Dry,Dual carriageway,None,70,12:55:00,Rural,Fine no high winds,No,16 - 20,9,Urban area,7,998,None,Central crash barrier,Commuting to/from work,Not at or within 20 metres of junction,TOYOTA,YARIS GS,Petrol,Female,None,No tow/articulation,Offside on to centrl res + rebounded,0,Changing lane to right,1,Car,No,Front,2020
201042I224807,A,1060,NA,0,Slight,None,14-09-2021,Thursday,1,Not at junction or within 20 metres,Not at junction or within 20 metres,28.6644757,Daylight,565630,208390,77.33554035,E01021550,4,3,0,0,Dry,Single carriageway,None,40,12:25:00,Rural,Fine no high winds,No,16 - 20,9,Rural,7,1299,None,None,Other/Not known (2005-10),Not at or within 20 metres of junction,FORD,KA 2,Petrol,Female,None,No tow/articulation,Did not leave carriageway,0,Going ahead other,1,Car,No,Front,2020
201045GU49591,A,3,NA,0,Slight,None,10-08-2021,Monday,1,Data missing or out of range,Not at junction or within 20 metres,28.66901113,Daylight,503400,154120,77.31541458,E01030440,1,1,0,0,Dry,Dual carriageway,None,70,15:52:00,Rural,Fine no high winds,No,16 - 20,9,Urban area,4,1299,None,Central crash barrier,Other/Not known (2005-10),Not at or within 20 metres of junction,FORD,KA COLLECTION,Petrol,Female,Skidded,No tow/articulation,Offside on to centrl res + rebounded,0,Going ahead other,1,Car,No,Offside,2020
201042I062503,A,129,NA,0,Slight,None,31-01-2020,Tuesday,1,Not at junction or within 20 metres,Not at junction or within 20 metres,28.60028953,Daylight,570940,191990,77.12187764,E01021260,1,1,0,0,Frost or ice,Single carriageway,None,30,06:55:00,Rural,Fine no high winds,No,16 - 20,9,Small town,9,1199,None,Telegraph or electricity pole,Commuting to/from work,Not at or within 20 metres of junction,VAUXHALL,CORSA COMFORT 16V,Petrol,Female,Skidded,No tow/articulation,Nearside and rebounded,0,Going ahead right-hand bend,1,Car,No,Front,2020
20104100F0412,C,175,NA,0,Slight,None,06-03-2021,Sunday,1,Not at junction or within 20 metres,Not at junction or within 20 metres,28.55718625,Daylight,519590,204300,77.30124007,E01023584,1,1,0,0,Dry,Single carriageway,None,60,20:05:00,Rural,Fine no high winds,No,16 - 20,9,Urban area,8,1299,None,Telegraph or electricity pole,Other/Not known (2005-10),Not at or within 20 metres of junction,FORD,KA NOW,Petrol,Female,Skidded,No tow/articulation,Nearside,0,Going ahead left-hand bend,1,Car,No,Back,2020
201050JN2N034,A,381,NA,0,Slight,None,17-04-2021,Thursday,1,Not at junction or within 20 metres,Not at junction or within 20 metres,28.58304243,Daylight,286000,71140,77.08556554,E01020225,1,1,0,0,Dry,Single carriageway,None,30,13:37:00,Urban,Fine no high winds,No,16 - 20,9,Small town,8,1595,None,None,Other/Not known (2005-10),Not at or within 20 metres of junction,VOLKSWAGEN,BEETLE,Petrol,Female,None,No tow/articulation,Did not leave carriageway,0,Going ahead other,1,Car,No,Front,2020
201042I043602,A,13,B,1006,Slight,None,24-05-2019,Sunday,1,Give way or uncontrolled,Roundabout,28.59506591,Daylight,576860,188460,77.28352486,E01021476,2,2,0,1,Wet or damp,Roundabout,None,40,07:00:00,Urban,Fine no high winds,No,16 - 20,9,Urban area,1,1587,None,None,Commuting to/from work,Entering roundabout,PEUGEOT,206 CC,Petrol,Female,None,No tow/articulation,Did not leave carriageway,0,Turning right,1,Car,No,Offside,2021
201050GA2E001,A,3058,NA,0,Slight,None,15-08-2019,Thursday,1,Data missing or out of range,Not at junction or within 20 metres,28.69785452,Daylight,198600,52960,77.0762775,E01019073,3,2,0,0,Dry,Single carriageway,None,50,08:00:00,Rural,Fine no high winds,No,16 - 20,9,Urban area,6,1595,None,None,Commuting to/from work,Not at or within 20 metres of junction,VOLKSWAGEN,BEETLE,Petrol,Female,None,No tow/articulation,Did not leave carriageway,0,Going ahead other,1,Car,No,Front,2021
2010550C34957,B,3068,NA,0,Slight,None,27-06-2021,Thursday,1,Not at junction or within 20 metres,Not at junction or within 20 metres,28.71073197,Daylight,402010,91430,77.05797202,E01015468,1,2,0,1,Dry,Single carriageway,None,30,11:39:00,Urban,Fine no high winds,No,16 - 20,9,Urban area,1,49,None,None,Other/Not known (2005-10),Not at or within 20 metres of junction,PEUGEOT,SPEEDFIGHT,Petrol,Female,None,No tow/articulation,Did not leave carriageway,0,Going ahead other,1,Motorcycle 50cc and under,No,Front,2021
20104100D0615,Unclassified,805,NA,0,Slight,None,03-01-2021,Thursday,1,Not at junction or within 20 metres,Not at junction or within 20 metres,18.56078323,Daylight,507170,207120,73.79224122,E01023349,1,2,0,1,Dry,Single carriageway,None,30,15:50:00,Urban,Fine no high winds,No,16 - 20,9,Urban area,3,1124,None,None,Other/Not known (2005-10),Not at or within 20 metres of junction,CITROEN,SAXO FIRST,Petrol,Female,None,No tow/articulation,Did not leave carriageway,0,Going ahead other,2,Car,No,Front,2021