Accident_Index,1st_Road_Class,1st_Road_Number,2nd_Road_Class,2nd_Road_Number,Accident_Severity,Carriageway_Hazards,Date,Day_of_Week,Did_Police_Officer_Attend_Scene_of_Accident,Junction_Control,Junction_Detail,Latitude,Light_Conditions,Location_Easting_OSGR,Location_Northing_OSGR,Longitude,LSOA_of_Accident_Location,Number_of_Casualties,Number_of_Vehicles,Pedestrian_Crossing-Human_Control,Pedestrian_Crossing-Physical_Facilities,Road_Surface_Conditions,Road_Type,Special_Conditions_at_Site,Speed_limit,Time,Urban_or_Rural_Area,Weather_Conditions,InScotland,Age_Band_of_Driver,Age_of_Vehicle,Driver_Home_Area_Type,Driver_IMD_Decile,Engine_Capacity_.CC.,Hit_Object_in_Carriageway,Hit_Object_off_Carriageway,Journey_Purpose_of_Driver,Junction_Location,make,model,Propulsion_Code,Sex_of_Driver,Skidding_and_Overturning,Towing_and_Articulation,Vehicle_Leaving_Carriageway,Vehicle_Location.Restricted_Lane,Vehicle_Manoeuvre,Vehicle_Reference,Vehicle_Type,Was_Vehicle_Left_Hand_Drive,X1st_Point_of_Impact,Year
201042I106504,Unclassified,0,Unclassified,0,Slight,None,08-04-2010,Thursday,1,Give way or uncontrolled,Mini-roundabout,51.541642,Daylight,583270,185840,0.64148,E01015848,1,2,0,1,Dry,Single carriageway,None,30,16:50:00,Rural,Fine no high winds,No,16 - 20,9,Urban area,9,1299,None,None,Other/Not known (2005-10),Mid Junction - on roundabout or on main road,FORD,KA COLLECTION,Petrol,Female,None,No tow/articulation,Did not leave carriageway,0,Turning right,1,Car,No,Offside,2010
201042I114104,A,1060,NA,0,Slight,None,15-04-2010,Thursday,1,Not at junction or within 20 metres,Not at junction or within 20 metres,51.726437,Daylight,571500,206000,0.481794,E01021577,2,2,0,0,Dry,One way street,None,30,13:15:00,Urban,Fine no high winds,No,16 - 20,9,Urban area,10,1124,None,None,Other/Not known (2005-10),Not at or within 20 metres of junction,PEUGEOT,106 INDEPENDENCE,Petrol,Female,None,No tow/articulation,Did not leave carriageway,0,Going ahead other,2,Car,No,Front,2010
201042I125504,A,129,Unclassified,0,Slight,None,19-04-2010,Monday,1,Give way or uncontrolled,T or staggered junction,51.581084,Daylight,580170,190120,0.599018,E01021963,3,2,0,0,Dry,Dual carriageway,None,30,14:55:00,Urban,Fine no high winds,No,16 - 20,9,Data missing or out of range,NA,1299,None,None,Other/Not known (2005-10),Mid Junction - on roundabout or on main road,FORD,KA COLLECTION,Petrol,Female,None,No tow/articulation,Did not leave carriageway,0,Going ahead other,2,Car,No,Front,2010
201042I224807,A,1060,NA,0,Slight,None,15-07-2010,Thursday,1,Not at junction or within 20 metres,Not at junction or within 20 metres,51.749671,Daylight,565630,208390,0.398019,E01021550,4,3,0,0,Dry,Single carriageway,None,40,12:25:00,Rural,Fine no high winds,No,16 - 20,9,Rural,7,1299,None,None,Other/Not known (2005-10),Not at or within 20 metres of junction,FORD,KA 2,Petrol,Female,None,No tow/articulation,Did not leave carriageway,0,Going ahead other,1,Car,No,Front,2010
201042I241707,B,1018,Unclassified,0,Slight,None,30-07-2010,Friday,1,Give way or uncontrolled,T or staggered junction,51.795392,Daylight,582400,214060,0.643671,E01021415,1,3,0,0,Dry,Single carriageway,None,30,11:50:00,Urban,Fine no high winds,No,16 - 20,9,Urban area,8,1299,None,None,Other/Not known (2005-10),Approaching junction or waiting/parked at junction approach,FORD,KA NOW,Petrol,Female,None,No tow/articulation,Did not leave carriageway,0,Waiting to turn right,2,Car,No,Front,2010
201042I278708,A,1158,NA,0,Slight,None,31-08-2010,Tuesday,1,Not at junction or within 20 metres,Not at junction or within 20 metres,51.552771,Daylight,585770,187170,0.678191,E01015822,1,2,0,0,Dry,One way street,None,30,19:38:00,Urban,Fine no high winds,No,16 - 20,9,Urban area,3,1199,None,None,Other/Not known (2005-10),Not at or within 20 metres of junction,VAUXHALL,CORSA ELEGANCE 16V SEMI-AUT,Petrol,Female,None,No tow/articulation,Did not leave carriageway,0,Moving off,2,Car,No,Did not impact,2010
201042I287609,Unclassified,0,Unclassified,0,Slight,None,09-09-2010,Thursday,1,Give way or uncontrolled,Other junction,51.642747,Daylight,563240,196410,0.357825,E01021460,2,2,0,0,Wet or damp,Single carriageway,None,60,08:35:00,Rural,Fine no high winds,No,16 - 20,9,Urban area,10,1149,None,None,Other/Not known (2005-10),Approaching junction or waiting/parked at junction approach,RENAULT,CLIO SPORT,Petrol,Female,None,No tow/articulation,Did not leave carriageway,0,Turning right,1,Car,No,Front,2010
201042I361110,B,1027,Unclassified,0,Slight,None,31-10-2010,Sunday,1,Give way or uncontrolled,Other junction,51.874575,Daylight,604520,223730,0.969719,E01021736,1,2,0,0,Wet or damp,Single carriageway,None,60,22:53:00,Rural,Fine no high winds,No,16 - 20,9,Urban area,7,1299,None,None,Other/Not known (2005-10),Approaching junction or waiting/parked at junction approach,FORD,KA,Petrol,Female,None,No tow/articulation,Did not leave carriageway,0,Going ahead other,1,Car,No,Nearside,2010
201043N141060,A,418,NA,0,Slight,None,13-06-2010,Sunday,2,Data missing or out of range,Not at junction or within 20 metres,51.80177,Daylight,479470,212090,-0.848892,E01017678,1,2,0,0,Dry,Single carriageway,None,30,10:45:00,Rural,Fine no high winds,No,16 - 20,9,Small town,9,1242,None,None,Other/Not known (2005-10),Not at or within 20 metres of junction,FIAT,PUNTO ELX 8V,Petrol,Female,None,No tow/articulation,Did not leave carriageway,0,Waiting to go - held up,2,Car,No,Back,2010
201043P082100,A,40,NA,0,Slight,None,08-10-2010,Friday,1,Data missing or out of range,Not at junction or within 20 metres,51.784335,Daylight,451800,209790,-1.250476,E01028560,1,2,0,0,Dry,Dual carriageway,None,70,17:54:00,Rural,Fine no high winds,No,16 - 20,9,Urban area,10,1396,None,None,Other/Not known (2005-10),Not at or within 20 metres of junction,ROVER,25 IL 16V,Petrol,Female,None,No tow/articulation,Did not leave carriageway,0,Going ahead other,2,Car,No,Nearside,2010
201043P112040,Motorway,40,NA,0,Slight,None,09-04-2010,Friday,1,Data missing or out of range,Not at junction or within 20 metres,51.733418,Daylight,463490,204260,-1.082037,E01028646,1,2,0,0,Dry,Dual carriageway,None,70,11:20:00,Rural,Fine no high winds,No,16 - 20,9,Urban area,7,1124,None,None,Other/Not known (2005-10),Not at or within 20 metres of junction,PEUGEOT,106 XN ZEST 2,Petrol,Female,None,No tow/articulation,Did not leave carriageway,0,Going ahead other,2,Car,No,Back,2010
201043R082090,B,3173,Unclassified,7409,Slight,None,10-09-2010,Friday,1,Give way or uncontrolled,Crossroads,51.478347,Daylight,495600,176390,-0.624774,E01016549,1,3,0,4,Dry,Single carriageway,None,30,19:18:00,Urban,Fine no high winds,No,16 - 20,9,Urban area,8,1124,None,None,Commuting to/from work,Approaching junction or waiting/parked at junction approach,PEUGEOT,106 INDEPENDENCE,Petrol,Female,Skidded,No tow/articulation,Did not leave carriageway,0,Going ahead other,2,Car,No,Front,2010
201043R101030,B,470,Unclassified,7302,Slight,None,15-03-2010,Monday,1,Give way or uncontrolled,T or staggered junction,51.502262,Daylight,501260,179160,-0.542504,E01016502,2,2,0,0,Dry,Single carriageway,None,40,12:00:00,Urban,Fine no high winds,No,16 - 20,9,Rural,5,1124,None,None,Other/Not known (2005-10),Approaching junction or waiting/parked at junction approach,PEUGEOT,106 INDEPENDENCE,Petrol,Female,None,No tow/articulation,Did not leave carriageway,0,Going ahead other,2,Car,No,Front,2010
201043R127080,Unclassified,7002,Unclassified,7002,Slight,None,19-08-2010,Thursday,1,Give way or uncontrolled,Mini-roundabout,51.403033,Daylight,486540,167850,-0.757288,E01016248,1,2,0,1,Dry,Roundabout,None,30,17:13:00,Urban,Fine no high winds,No,16 - 20,9,Urban area,6,1242,None,None,Other/Not known (2005-10),Entering roundabout,FORD,FIESTA FREESTYLE,Petrol,Female,None,No tow/articulation,Did not leave carriageway,0,Turning right,1,Car,No,Front,2010
201043W006040,Unclassified,7139,NA,0,Slight,None,01-04-2010,Thursday,2,Data missing or out of range,Not at junction or within 20 metres,51.405326,Daylight,447210,167590,-1.322679,E01016346,1,2,0,0,Wet or damp,Single carriageway,None,30,18:00:00,Urban,Fine no high winds,No,16 - 20,9,Urban area,2,1299,None,None,Journey as part of work,Not at or within 20 metres of junction,FORD,KA COLLECTION,Petrol,Female,None,No tow/articulation,Did not leave carriageway,0,Waiting to go - held up,2,Car,No,Back,2010
201045GU49591,A,3,NA,0,Slight,None,01-03-2010,Monday,1,Data missing or out of range,Not at junction or within 20 metres,51.276795,Daylight,503400,154120,-0.518969,E01030440,1,1,0,0,Dry,Dual carriageway,None,70,15:52:00,Rural,Fine no high winds,No,16 - 20,9,Urban area,4,1299,None,Central crash barrier,Other/Not known (2005-10),Not at or within 20 metres of junction,FORD,KA COLLECTION,Petrol,Female,Skidded,No tow/articulation,Offside on to centrl res + rebounded,0,Going ahead other,1,Car,No,Offside,2010
201045MO54875,Motorway,25,NA,0,Slight,None,08-10-2010,Friday,2,Data missing or out of range,Not at junction or within 20 metres,51.264869,Daylight,522750,153220,-0.241988,E01030639,1,2,0,0,Dry,Dual carriageway,None,70,13:15:00,Rural,Fine no high winds,No,16 - 20,9,Urban area,6,1149,None,None,Other/Not known (2005-10),Not at or within 20 metres of junction,RENAULT,CLIO EXPRESSION 16V,Petrol,Female,None,No tow/articulation,Did not leave carriageway,0,Going ahead other,1,Car,No,Back,2010
201045RU50462,Unclassified,3080,Unclassified,0,Slight,None,19-04-2010,Monday,1,Give way or uncontrolled,Other junction,51.354538,Daylight,505420,162810,-0.487452,E01030681,2,1,0,0,Dry,Single carriageway,None,30,18:35:00,Urban,Fine no high winds,No,16 - 20,9,Urban area,10,1149,None,None,Other/Not known (2005-10),Approaching junction or waiting/parked at junction approach,RENAULT,CLIO AUTHENTIQUE,Petrol,Female,None,No tow/articulation,Did not leave carriageway,0,Going ahead other,1,Car,No,Front,2010
201045SP56543,A,244,Unclassified,0,Slight,None,09-12-2010,Thursday,1,Give way or uncontrolled,T or staggered junction,51.425416,Daylight,509440,170780,-0.427288,E01030699,2,2,0,0,Dry,Single carriageway,None,30,15:07:00,Urban,Fine no high winds,No,16 - 20,9,Data missing or out of range,NA,1149,None,None,Commuting to/from work,Mid Junction - on roundabout or on main road,RENAULT,CLIO DYNAMIQUE 16V,Petrol,Female,None,No tow/articulation,Did not leave carriageway,0,Moving off,2,Car,No,Offside,2010
201050AC2C024,Unclassified,0,Unclassified,0,Slight,None,18-11-2010,Thursday,1,Give way or uncontrolled,T or staggered junction,50.213251,Daylight,165000,40010,-5.295313,E01018868,1,2,0,0,Dry,Single carriageway,None,30,13:34:00,Urban,Fine no high winds,No,16 - 20,9,Small town,4,973,None,None,Other/Not known (2005-10),Entering main road,VAUXHALL,CORSA GLS 12V,Petrol,Female,None,No tow/articulation,Did not leave carriageway,0,Moving off,1,Car,No,Front,2010
201050AY2H005,A,30,B,3301,Slight,None,26-07-2010,Monday,2,Give way or uncontrolled,Roundabout,50.196704,Daylight,157590,38500,-5.398023,E01018978,1,2,0,0,Dry,Roundabout,None,50,19:17:00,Rural,Fine no high winds,No,16 - 20,9,Small town,5,1242,None,None,Other/Not known (2005-10),Mid Junction - on roundabout or on main road,FIAT,PUNTO ELX 16V,Petrol,Female,Skidded,No tow/articulation,Did not leave carriageway,0,Going ahead other,2,Car,No,Nearside,2010
201050BL2H003,A,395,Unclassified,0,Slight,None,30-07-2010,Friday,1,Give way or uncontrolled,Crossroads,50.634787,Daylight,223820,84650,-4.492782,E01018968,2,2,0,0,Dry,Single carriageway,None,30,12:10:00,Rural,Fine no high winds,No,16 - 20,9,Urban area,10,973,None,None,Other/Not known (2005-10),Approaching junction or waiting/parked at junction approach,VAUXHALL,CORSA CLUB 12V,Petrol,Female,Skidded,No tow/articulation,Did not leave carriageway,0,Going ahead other,1,Car,No,Front,2010
201050GA2E001,A,3058,NA,0,Slight,None,08-07-2010,Thursday,1,Data missing or out of range,Not at junction or within 20 metres,50.341972,Daylight,198600,52960,-4.831907,E01019073,3,2,0,0,Dry,Single carriageway,None,50,08:00:00,Rural,Fine no high winds,No,16 - 20,9,Urban area,6,1595,None,None,Commuting to/from work,Not at or within 20 metres of junction,VOLKSWAGEN,BEETLE,Petrol,Female,None,No tow/articulation,Did not leave carriageway,0,Going ahead other,1,Car,No,Front,2010
201050GA2P003,C,768,C,281,Slight,None,08-03-2010,Monday,1,Auto traffic signal,More than 4 arms (not roundabout),50.349421,Daylight,202290,53650,-4.780474,E01019045,2,2,0,0,Wet or damp,Slip road,None,30,07:31:00,Urban,Fine no high winds,No,16 - 20,9,Small town,4,1149,None,None,Other/Not known (2005-10),Approaching junction or waiting/parked at junction approach,RENAULT,CLIO DYNAMIQUE 16V,Petrol,Female,None,No tow/articulation,Did not leave carriageway,0,Moving off,2,Car,No,Did not impact,2010
201050GT3D002,A,30,NA,0,Slight,None,07-03-2010,Sunday,1,Not at junction or within 20 metres,Not at junction or within 20 metres,50.264751,Daylight,173170,45390,-5.184206,E01018820,1,1,0,0,Dry,Dual carriageway,None,70,10:26:00,Rural,Fine no high winds,No,16 - 20,9,Data missing or out of range,NA,1299,None,Central crash barrier,Other/Not known (2005-10),Not at or within 20 metres of junction,TOYOTA,YARIS GLS AUTO,Petrol,Female,None,No tow/articulation,Offside on to central reservation,0,Overtaking static vehicle - offside,1,Car,No,Front,2010
201050GT3D004,C,5,NA,0,Slight,None,31-03-2010,Wednesday,1,Not at junction or within 20 metres,Not at junction or within 20 metres,50.250783,Daylight,176100,43710,-5.142166,E01018820,1,1,0,0,Dry,Single carriageway,None,60,10:50:00,Rural,Fine no high winds,No,16 - 20,9,Data missing or out of range,NA,1124,None,None,Other/Not known (2005-10),Not at or within 20 metres of junction,PEUGEOT,106 INDEPENDENCE,Petrol,Female,None,No tow/articulation,Did not leave carriageway,0,Going ahead right-hand bend,1,Car,No,Front,2010
201050JA2C018,A,38,B,3380,Slight,None,10-08-2010,Tuesday,1,Give way or uncontrolled,T or staggered junction,50.487569,Daylight,274570,66810,-3.769538,E01020197,2,2,0,0,Dry,Single carriageway,None,30,16:06:00,Rural,Fine no high winds,No,16 - 20,9,Rural,5,999,None,None,Commuting to/from work,Mid Junction - on roundabout or on main road,VOLKSWAGEN,POLO E,Petrol,Female,None,No tow/articulation,Did not leave carriageway,0,Moving off,2,Car,No,Front,2010
201050JN2A005,A,380,NA,0,Slight,None,08-03-2010,Monday,1,Not at junction or within 20 metres,Not at junction or within 20 metres,50.526086,Daylight,287140,70810,-3.593629,E01020217,2,4,0,0,Dry,Dual carriageway,None,70,16:46:00,Rural,Fine no high winds,No,16 - 20,9,Urban area,6,1299,None,None,Other/Not known (2005-10),Not at or within 20 metres of junction,FORD,KA 2,Petrol,Female,None,No tow/articulation,Did not leave carriageway,0,Going ahead other,4,Car,No,Front,2010
201050JN2M006,Unclassified,0,Unclassified,0,Slight,None,15-05-2010,Saturday,2,Give way or uncontrolled,T or staggered junction,50.531256,Daylight,286450,71400,-3.603539,E01020217,1,2,0,0,Dry,Single carriageway,None,30,11:45:00,Urban,Fine no high winds,No,16 - 20,9,Rural,7,1199,None,None,Other/Not known (2005-10),Approaching junction or waiting/parked at junction approach,VAUXHALL,CORSA COMFORT 16V,Petrol,Female,None,No tow/articulation,Did not leave carriageway,0,Moving off,2,Car,No,Offside,2010
201050JN2N034,A,381,NA,0,Slight,None,07-10-2010,Thursday,1,Not at junction or within 20 metres,Not at junction or within 20 metres,50.528831,Daylight,286000,71140,-3.609806,E01020225,1,1,0,0,Dry,Single carriageway,None,30,13:37:00,Urban,Fine no high winds,No,16 - 20,9,Small town,8,1595,None,None,Other/Not known (2005-10),Not at or within 20 metres of junction,VOLKSWAGEN,BEETLE,Petrol,Female,None,No tow/articulation,Did not leave carriageway,0,Going ahead other,1,Car,No,Front,2010
201050KT3E003,A,396,NA,0,Slight,None,12-05-2010,Wednesday,1,Not at junction or within 20 metres,Not at junction or within 20 metres,50.945833,Daylight,294440,117350,-3.504021,E01020047,2,2,0,0,Wet or damp,Single carriageway,None,60,18:35:00,Rural,Fine no high winds,No,16 - 20,9,Rural,4,1124,None,None,Commuting to/from work,Not at or within 20 metres of junction,PEUGEOT,206 LOOK,Petrol,Female,None,No tow/articulation,Did not leave carriageway,0,Going ahead right-hand bend,1,Car,No,Front,2010
2010550C20446,B,3093,Unclassified,0,Slight,None,20-05-2010,Thursday,1,Give way or uncontrolled,Private drive or entrance,50.728091,Daylight,401760,92060,-1.976449,E01015446,1,2,0,0,Dry,Single carriageway,None,30,08:40:00,Urban,Fine no high winds,No,16 - 20,9,Urban area,7,1242,None,None,Commuting to/from work,Entering main road,FIAT,PUNTO ELX 8V,Petrol,Female,None,No tow/articulation,Did not leave carriageway,0,Turning right,1,Car,No,Front,2010
2010550C26818,A,31,NA,0,Slight,None,25-06-2010,Friday,1,Not at junction or within 20 metres,Not at junction or within 20 metres,50.793554,Daylight,402910,99340,-1.9601,E01020427,1,4,0,0,Dry,Single carriageway,None,60,15:50:00,Rural,Fine no high winds,No,16 - 20,9,Urban area,7,1299,None,None,Other/Not known (2005-10),Not at or within 20 metres of junction,FORD,KA 2,Petrol,Female,None,No tow/articulation,Did not leave carriageway,0,Slowing or stopping,1,Car,No,Front,2010
2010550C32438,A,348,NA,0,Slight,None,26-07-2010,Monday,2,Not at junction or within 20 metres,Not at junction or within 20 metres,50.754422,Daylight,404920,94990,-1.931638,E01015308,1,2,0,4,Dry,Single carriageway,None,30,08:30:00,Urban,Fine no high winds,No,16 - 20,9,Urban area,9,1124,None,None,Other/Not known (2005-10),Not at or within 20 metres of junction,PEUGEOT,106 INDEPENDENCE,Petrol,Female,None,No tow/articulation,Did not leave carriageway,0,Waiting to go - held up,1,Car,No,Back,2010
2010550C32745,A,3049,Unclassified,0,Slight,None,30-07-2010,Friday,1,Give way or uncontrolled,Roundabout,50.733123,Daylight,410690,92630,-1.849909,E01015292,1,3,0,0,Dry,Single carriageway,Roadworks,30,13:10:00,Urban,Fine no high winds,No,16 - 20,9,Urban area,2,1998,None,None,Other/Not known (2005-10),Entering roundabout,RENAULT,MEGANE DYNAMIQUE+ IDE CP,Petrol,Female,None,No tow/articulation,Did not leave carriageway,0,Turning right,2,Car,No,Front,2010
2010550C34957,B,3068,NA,0,Slight,None,12-08-2010,Thursday,1,Not at junction or within 20 metres,Not at junction or within 20 metres,50.722425,Daylight,402010,91430,-1.97291,E01015468,1,2,0,1,Dry,Single carriageway,None,30,11:39:00,Urban,Fine no high winds,No,16 - 20,9,Urban area,1,49,None,None,Other/Not known (2005-10),Not at or within 20 metres of junction,PEUGEOT,SPEEDFIGHT,Petrol,Female,None,No tow/articulation,Did not leave carriageway,0,Going ahead other,1,Motorcycle 50cc and under,No,Front,2010
2010550C35676,Unclassified,0,Unclassified,0,Slight,None,16-08-2010,Monday,1,Give way or uncontrolled,Crossroads,50.733705,Daylight,407990,92690,-1.888166,E01015344,1,4,0,8,Dry,Single carriageway,Roadworks,30,15:43:00,Urban,Fine no high winds,No,16 - 20,9,Data missing or out of range,NA,1299,None,None,Other/Not known (2005-10),Cleared junction or waiting/parked at junction exit,FORD,KA COLLECTION,Petrol,Female,None,No tow/articulation,Did not leave carriageway,0,Waiting to go - held up,3,Car,No,Front,2010
2010550C49878,A,338,NA,0,Slight,None,11-11-2010,Thursday,1,Not at junction or within 20 metres,Not at junction or within 20 metres,50.751965,Daylight,412820,94730,-1.819654,E01015341,1,2,0,7,Dry,Dual carriageway,None,50,14:10:00,Rural,Fine no high winds,No,16 - 20,9,Urban area,10,1587,None,None,Journey as part of work,Not at or within 20 metres of junction,PEUGEOT,206 XSI,Petrol,Female,None,No tow/articulation,Offside - crossed central reservation,0,Going ahead other,1,Car,No,Nearside,2010
2010550D14623,B,3091,NA,0,Slight,None,14-04-2010,Wednesday,2,Not at junction or within 20 metres,Not at junction or within 20 metres,51.003899,Daylight,385770,122750,-2.204203,E01020457,1,1,0,0,Dry,Single carriageway,None,30,08:35:00,Rural,Fine no high winds,No,16 - 20,9,Small town,8,1242,None,None,Commuting to/from work,Not at or within 20 metres of junction,FIAT,PUNTO 1.2,Petrol,Female,None,No tow/articulation,Did not leave carriageway,0,Going ahead right-hand bend,1,Car,No,Nearside,2010
2010550D27746,A,347,NA,0,Slight,None,30-06-2010,Wednesday,1,Not at junction or within 20 metres,Not at junction or within 20 metres,50.775427,Daylight,408330,97330,-1.883245,E01020400,4,4,0,0,Dry,Single carriageway,None,40,17:30:00,Urban,Fine no high winds,No,16 - 20,9,Urban area,8,1598,None,None,Other/Not known (2005-10),Not at or within 20 metres of junction,MINI,MINI ONE,Petrol,Female,None,No tow/articulation,Did not leave carriageway,0,Waiting to go - held up,3,Car,No,Back,2010
2010550D42090,B,3147,Unclassified,0,Slight,None,25-09-2010,Saturday,1,Give way or uncontrolled,Private drive or entrance,50.703684,Daylight,368700,89440,-2.444626,E01020524,2,3,0,5,Dry,Single carriageway,None,30,11:42:00,Urban,Fine no high winds,No,16 - 20,9,Rural,8,1299,None,None,Other/Not known (2005-10),Approaching junction or waiting/parked at junction approach,FORD,KA,Petrol,Female,None,No tow/articulation,Did not leave carriageway,0,Going ahead other,1,Car,No,Front,2010
201001HT20589,A,11,A,1202,Slight,None,19-08-2010,Thursday,1,Auto traffic signal,T or staggered junction,51.515076,Daylight,533870,181340,-0.072099,E01004320,1,2,0,0,Dry,Single carriageway,None,30,18:08:00,Urban,Fine no high winds,No,16 - 20,9,Urban area,2,1397,None,None,Other/Not known (2005-10),Mid Junction - on roundabout or on main road,MERCEDES,A140 CLASSIC,Petrol,Female,None,No tow/articulation,Did not leave carriageway,0,Going ahead other,1,Car,No,Offside,2010
201001JC30457,C,0,C,0,Slight,None,10-09-2010,Friday,1,Give way or uncontrolled,Mini-roundabout,51.600494,Daylight,538510,190970,-0.00148,E01004381,1,2,0,1,Dry,Roundabout,None,30,11:36:00,Urban,Fine no high winds,No,16 - 20,9,Urban area,6,1242,None,Lamp post,Other/Not known (2005-10),Mid Junction - on roundabout or on main road,FIAT,PUNTO GO,Petrol,Female,None,No tow/articulation,Nearside,0,Going ahead other,2,Car,No,Nearside,2010
201001KD50363,Motorway,25,A,127,Slight,None,30-06-2010,Wednesday,1,Give way or uncontrolled,Roundabout,51.571436,Daylight,558440,188320,0.28486,E01002252,1,2,0,0,Dry,Roundabout,None,30,19:57:00,Rural,Fine no high winds,No,16 - 20,9,Data missing or out of range,NA,1242,None,None,Other/Not known (2005-10),Approaching junction or waiting/parked at junction approach,FORD,FIESTA FREESTYLE,Petrol,Female,None,No tow/articulation,Did not leave carriageway,0,Waiting to turn left,2,Car,No,Front,2010
201001KD50533,C,0,C,0,Slight,None,05-10-2010,Tuesday,1,Give way or uncontrolled,Roundabout,51.578091,Daylight,551550,188850,0.185746,E01002357,1,1,0,0,Dry,Roundabout,None,30,14:18:00,Urban,Fine no high winds,No,16 - 20,9,Urban area,10,1242,None,None,Other/Not known (2005-10),Mid Junction - on roundabout or on main road,FORD,FIESTA FREESTYLE,Petrol,Female,None,No tow/articulation,Did not leave carriageway,0,Going ahead left-hand bend,1,Car,No,Front,2010
201001KF60729,Unclassified,0,NA,0,Slight,None,18-10-2010,Monday,2,Data missing or out of range,Not at junction or within 20 metres,51.537308,Daylight,541110,184010,0.033242,E01003569,1,2,0,0,Dry,One way street,None,30,13:00:00,Urban,Fine no high winds,No,16 - 20,9,Urban area,2,1299,None,None,Other/Not known (2005-10),Not at or within 20 metres of junction,TOYOTA,YARIS CDX AUTO,Petrol,Female,None,No tow/articulation,Did not leave carriageway,0,Going ahead other,1,Car,No,Offside,2010
201001LX50273,A,3036,C,0,Slight,None,06-04-2010,Tuesday,1,Auto traffic signal,T or staggered junction,51.475478,Daylight,529870,176830,-0.131371,E01003122,1,2,0,5,Dry,Single carriageway,None,30,19:00:00,Urban,Fine no high winds,No,16 - 20,9,Urban area,NA,998,None,None,Other/Not known (2005-10),Mid Junction - on roundabout or on main road,NISSAN,MICRA VIBE,Petrol,Female,None,No tow/articulation,Did not leave carriageway,0,Turning right,1,Car,No,Nearside,2010
201001MM70048,Unclassified,0,NA,0,Slight,None,21-01-2010,Thursday,1,Data missing or out of range,Not at junction or within 20 metres,51.47352,Daylight,532120,176670,-0.099052,E01003919,2,2,0,0,Dry,Single carriageway,None,30,10:30:00,Urban,Fine no high winds,No,16 - 20,9,Urban area,3,1588,None,None,Other/Not known (2005-10),Not at or within 20 metres of junction,ROVER,25 IS 16V,Petrol,Female,None,No tow/articulation,Did not leave carriageway,0,Moving off,1,Car,No,Offside,2010
201001PL60618,A,21,C,0,Slight,None,22-09-2010,Wednesday,1,Auto traffic signal,Crossroads,51.457707,Daylight,538130,175070,-0.013195,E01003289,1,2,0,5,Dry,Single carriageway,None,30,14:35:00,Urban,Fine no high winds,No,16 - 20,9,Urban area,2,1299,None,None,Other/Not known (2005-10),Approaching junction or waiting/parked at junction approach,FORD,KA COLLECTION,Petrol,Female,None,No tow/articulation,Did not leave carriageway,0,Going ahead other,2,Car,No,Front,2010
201001RY10009,B,213,Unclassified,0,Slight,None,17-01-2010,Sunday,1,Give way or uncontrolled,T or staggered junction,51.489667,Daylight,547510,178890,0.123315,E01000417,1,2,0,0,Wet or damp,Single carriageway,None,30,11:15:00,Urban,Fine no high winds,No,16 - 20,9,Urban area,3,1242,None,None,Other/Not known (2005-10),Mid Junction - on roundabout or on main road,FIAT,,Petrol,Female,None,No tow/articulation,Did not leave carriageway,0,Going ahead other,2,Car,No,Front,2010
201001RY10107,A,206,NA,0,Slight,None,25-02-2010,Thursday,1,Data missing or out of range,Not at junction or within 20 metres,51.485064,Daylight,549980,178450,0.158679,E01000406,3,2,0,0,Wet or damp,Single carriageway,None,30,09:09:00,Urban,Fine no high winds,No,16 - 20,9,Urban area,9,1997,None,None,Other/Not known (2005-10),Not at or within 20 metres of junction,PEUGEOT,206 LX HDI,Heavy oil,Female,None,No tow/articulation,Did not leave carriageway,0,Going ahead other,1,Car,No,Offside,2010
201001SX20775,B,193,Unclassified,0,Slight,None,08-07-2010,Thursday,2,Give way or uncontrolled,T or staggered junction,51.642868,Daylight,527260,195390,-0.16222,E01000174,1,2,0,0,Dry,Single carriageway,None,30,14:30:00,Urban,Fine no high winds,No,16 - 20,9,Data missing or out of range,NA,1299,None,None,Other/Not known (2005-10),Mid Junction - on roundabout or on main road,FORD,KA SUN COLLECTION,Petrol,Female,None,No tow/articulation,Did not leave carriageway,0,Going ahead other,1,Car,No,Nearside,2010
201001SX21194,C,0,B,1462,Slight,None,15-11-2010,Monday,1,Give way or uncontrolled,T or staggered junction,51.603652,Daylight,525000,190970,-0.19644,E01000296,1,1,0,0,Dry,Single carriageway,Mud,30,09:40:00,Urban,Fine no high winds,No,16 - 20,9,Small town,9,1984,None,None,Other/Not known (2005-10),Approaching junction or waiting/parked at junction approach,VOLKSWAGEN,BEETLE,Petrol,Female,None,No tow/articulation,Did not leave carriageway,0,Going ahead right-hand bend,1,Car,No,Front,2010
201001TX20357,A,4,B,454,Slight,None,09-06-2010,Wednesday,1,Auto traffic signal,Crossroads,51.4832,Daylight,516260,177360,-0.327076,E01002678,1,2,0,0,Dry,Dual carriageway,None,30,11:22:00,Urban,Fine no high winds,No,16 - 20,9,Rural,9,1597,None,None,Other/Not known (2005-10),Mid Junction - on roundabout or on main road,PROTON,WIRA LXI,Petrol,Female,None,No tow/articulation,Did not leave carriageway,0,Turning right,1,Car,No,Front,2010
201001XH30557,C,0,Unclassified,0,Slight,None,20-08-2010,Friday,2,Give way or uncontrolled,Crossroads,51.510042,Daylight,510130,180210,-0.414432,E01002503,1,2,0,4,Dry,Single carriageway,None,30,18:10:00,Urban,Fine no high winds,No,16 - 20,9,Urban area,5,1390,None,None,Other/Not known (2005-10),Mid Junction - on roundabout or on main road,RENAULT,CLIO ALIZE,Petrol,Female,None,No tow/articulation,Did not leave carriageway,0,Going ahead other,1,Car,No,Nearside,2010