Accident_Index,1st_Road_Class,1st_Road_Number,2nd_Road_Class,2nd_Road_Number,Accident_Severity,Carriageway_Hazards,Date,Day_of_Week,Did_Police_Officer_Attend_Scene_of_Accident,Junction_Control,Junction_Detail,Latitude,Light_Conditions,Location_Easting_OSGR,Location_Northing_OSGR,Longitude,LSOA_of_Accident_Location,Number_of_Casualties,Number_of_Vehicles,Pedestrian_Crossing-Human_Control,Pedestrian_Crossing-Physical_Facilities,Road_Surface_Conditions,Road_Type,Special_Conditions_at_Site,Speed_limit,Time,Urban_or_Rural_Area,Weather_Conditions,InScotland,Age_Band_of_Driver,Age_of_Vehicle,Driver_Home_Area_Type,Driver_IMD_Decile,Engine_Capacity_.CC.,Hit_Object_in_Carriageway,Hit_Object_off_Carriageway,Journey_Purpose_of_Driver,Junction_Location,make,model,Propulsion_Code,Sex_of_Driver,Skidding_and_Overturning,Towing_and_Articulation,Vehicle_Leaving_Carriageway,Vehicle_Location.Restricted_Lane,Vehicle_Manoeuvre,Vehicle_Reference,Vehicle_Type,Was_Vehicle_Left_Hand_Drive,X1st_Point_of_Impact,Year
201022G003162,B,4373,A,442,Slight,None,23-06-2010,Wednesday,2,Give way or uncontrolled,Roundabout,52.704309,Daylight,369140,311950,-2.45817,E01014209,2,2,0,0,Dry,Single carriageway,None,40,14:10:00,Rural,Fine no high winds,No,16 - 20,9,Urban area,3,1242,None,None,Other/Not known (2005-10),Entering roundabout,FIAT,PUNTO 1.2,Petrol,Female,None,No tow/articulation,Did not leave carriageway,0,Going ahead other,1,Car,No,Front,2010
201030B000116,Unclassified,0,NA,0,Slight,None,10-04-2010,Saturday,1,Data missing or out of range,Not at junction or within 20 metres,53.188697,Daylight,426760,365810,-1.600972,E01019630,1,2,0,0,Dry,Single carriageway,None,60,15:32:00,Rural,Fine no high winds,No,16 - 20,9,Data missing or out of range,NA,1997,None,None,Other/Not known (2005-10),Not at or within 20 metres of junction,CITROEN,XSARA PICASSO SX HDI,Heavy oil,Female,None,No tow/articulation,Did not leave carriageway,0,Going ahead left-hand bend,1,Car,No,Front,2010
201030C000031,B,6419,Unclassified,0,Slight,None,25-01-2010,Monday,2,Give way or uncontrolled,T or staggered junction,53.277319,Daylight,445410,375810,-1.32045,E01019563,2,2,0,0,Wet or damp,Single carriageway,None,30,16:30:00,Urban,Fine no high winds,No,16 - 20,9,Urban area,4,1242,None,None,Other/Not known (2005-10),Entering main road,FIAT,PUNTO 1.2,Petrol,Female,None,No tow/articulation,Did not leave carriageway,0,Turning right,1,Car,No,Front,2010
201030C000303,B,600,Unclassified,0,Slight,None,26-05-2010,Wednesday,1,Give way or uncontrolled,T or staggered junction,53.076912,Daylight,442800,353490,-1.36257,E01019469,2,2,0,0,Dry,Single carriageway,None,30,14:30:00,Urban,Fine no high winds,No,16 - 20,9,Urban area,2,1587,None,None,Commuting to/from work,Leaving main road,PEUGEOT,206 CC,Petrol,Female,None,No tow/articulation,Offside,0,Turning right,1,Car,No,Nearside,2010
201030C000365,Unclassified,0,NA,0,Slight,None,21-06-2010,Monday,1,Data missing or out of range,Not at junction or within 20 metres,53.169216,Daylight,439410,363730,-1.411916,E01019775,1,2,0,0,Dry,Single carriageway,None,30,07:59:00,Urban,Fine no high winds,No,16 - 20,9,Urban area,3,1108,None,None,Journey as part of work,Not at or within 20 metres of junction,FIAT,SEICENTO SX,Petrol,Female,None,No tow/articulation,Did not leave carriageway,0,Slowing or stopping,2,Car,No,Front,2010
201030D000231,B,6020,B,5020,Slight,None,14-03-2010,Sunday,1,Give way or uncontrolled,Roundabout,52.904874,Daylight,430840,334260,-1.542922,E01013562,1,2,0,0,Dry,Roundabout,None,30,06:04:00,Urban,Fine no high winds,No,16 - 20,9,Data missing or out of range,NA,1199,None,None,Other/Not known (2005-10),Entering roundabout,VAUXHALL,CORSA CLUB 16V,Petrol,Female,None,No tow/articulation,Did not leave carriageway,0,Going ahead other,1,Car,No,Offside,2010
201030D000398,A,444,Unclassified,0,Slight,None,06-05-2010,Thursday,1,Give way or uncontrolled,Private drive or entrance,52.777085,Daylight,426720,320020,-1.605339,E01019862,1,2,0,0,Dry,Single carriageway,None,30,15:26:00,Rural,Fine no high winds,No,16 - 20,9,Urban area,9,1242,None,None,Other/Not known (2005-10),Approaching junction or waiting/parked at junction approach,FIAT,PUNTO 1.2,Petrol,Female,None,No tow/articulation,Did not leave carriageway,0,Going ahead other,1,Car,No,Front,2010
201030D000928,Unclassified,0,Unclassified,0,Slight,None,27-09-2010,Monday,1,Give way or uncontrolled,Roundabout,52.931817,Daylight,436940,337300,-1.451886,E01013533,1,2,0,0,Wet or damp,Roundabout,None,30,11:10:00,Urban,Fine no high winds,No,16 - 20,9,Urban area,3,1396,None,None,Other/Not known (2005-10),Mid Junction - on roundabout or on main road,ROVER,25 IL 16V,Petrol,Female,None,No tow/articulation,Did not leave carriageway,0,Going ahead other,2,Car,No,Front,2010
20103102B0776,A,60,Unclassified,0,Slight,None,22-03-2010,Monday,1,Give way or uncontrolled,T or staggered junction,53.341761,Daylight,459120,383130,-1.113502,E01028004,3,3,0,0,Dry,Single carriageway,None,60,14:29:00,Rural,Fine no high winds,No,16 - 20,9,Urban area,6,1242,None,None,Other/Not known (2005-10),Approaching junction or waiting/parked at junction approach,FIAT,PUNTO 1.2,Petrol,Female,None,No tow/articulation,Did not leave carriageway,0,Going ahead other,1,Car,No,Front,2010
20103102C0400,A,60,C,187,Slight,None,05-03-2010,Friday,1,Auto traffic signal,T or staggered junction,52.980182,Daylight,457370,342880,-1.146986,E01013971,1,2,0,5,Dry,Single carriageway,None,30,08:52:00,Urban,Fine no high winds,No,16 - 20,9,Urban area,4,998,None,None,Other/Not known (2005-10),Entering main road,TOYOTA,YARIS GS,Petrol,Female,None,No tow/articulation,Did not leave carriageway,0,Turning right,1,Car,No,Offside,2010
20103102C0912,A,6005,Unclassified,0,Slight,None,10-04-2010,Saturday,1,Give way or uncontrolled,T or staggered junction,52.946729,Daylight,455820,339140,-1.170713,E01013922,1,1,0,4,Dry,Single carriageway,None,30,14:40:00,Urban,Fine no high winds,No,16 - 20,9,Urban area,6,1242,None,None,Other/Not known (2005-10),Approaching junction or waiting/parked at junction approach,FIAT,PUNTO 1.2,Petrol,Female,None,No tow/articulation,Did not leave carriageway,0,Going ahead other,1,Car,No,Nearside,2010
20103102C2010,B,682,NA,0,Slight,None,17-08-2010,Tuesday,1,Data missing or out of range,Not at junction or within 20 metres,52.995233,Daylight,454390,344520,-1.19109,E01013888,1,2,0,0,Dry,Single carriageway,None,30,16:45:00,Urban,Fine no high winds,No,16 - 20,9,Urban area,1,1299,None,None,Commuting to/from work,Not at or within 20 metres of junction,FORD,KA,Petrol,Female,None,No tow/articulation,Did not leave carriageway,0,Going ahead other,1,Car,No,Front,2010
20103104D1471,C,9,Unclassified,0,Slight,None,02-06-2010,Wednesday,1,Give way or uncontrolled,Private drive or entrance,53.051969,Daylight,457650,350870,-1.141392,E01028189,2,2,0,0,Dry,Single carriageway,None,60,15:58:00,Rural,Fine no high winds,No,16 - 20,9,Rural,8,1242,None,None,Other/Not known (2005-10),Mid Junction - on roundabout or on main road,FIAT,PUNTO 1.2,Petrol,Female,None,No tow/articulation,Did not leave carriageway,0,Going ahead other,2,Car,No,Front,2010
201032B192510,A,151,Unclassified,0,Slight,None,04-07-2010,Sunday,1,Give way or uncontrolled,Slip road,52.803664,Daylight,493850,323810,-0.60929,E01026331,1,2,0,0,Dry,Single carriageway,None,30,16:30:00,Rural,Fine no high winds,No,16 - 20,9,Urban area,7,1299,None,None,Other/Not known (2005-10),Approaching junction or waiting/parked at junction approach,FORD,KA,Petrol,Female,None,No tow/articulation,Did not leave carriageway,0,Turning right,1,Car,No,Front,2010
201032B243610,A,16,NA,0,Slight,None,21-08-2010,Saturday,1,Data missing or out of range,Not at junction or within 20 metres,52.804614,Daylight,526610,324660,-0.123251,E01026270,3,3,0,0,Dry,Single carriageway,None,60,09:02:00,Rural,Fine no high winds,No,16 - 20,9,Small town,8,1527,None,None,Other/Not known (2005-10),Not at or within 20 metres of junction,CITROEN,SAXO DESIRE,Heavy oil,Female,None,No tow/articulation,Did not leave carriageway,0,Going ahead other,1,Car,No,Front,2010
201032D199010,A,15,Unclassified,0,Slight,None,08-07-2010,Thursday,1,Give way or uncontrolled,T or staggered junction,52.932256,Daylight,506900,338390,-0.411003,E01026221,1,2,0,0,Dry,Single carriageway,None,60,19:59:00,Rural,Fine no high winds,No,16 - 20,9,Data missing or out of range,NA,1108,None,None,Other/Not known (2005-10),Approaching junction or waiting/parked at junction approach,FIAT,SEICENTO SX,Petrol,Female,None,No tow/articulation,Did not leave carriageway,0,Overtaking moving vehicle - offside,1,Car,No,Front,2010
201032D221710,B,1241,NA,0,Slight,None,28-07-2010,Wednesday,1,Data missing or out of range,Not at junction or within 20 metres,53.289563,Daylight,489200,377790,-0.663321,E01026397,1,2,0,0,Dry,Single carriageway,None,60,07:15:00,Rural,Fine no high winds,No,16 - 20,9,Small town,9,999,None,Entered ditch,Commuting to/from work,Not at or within 20 metres of junction,VOLKSWAGEN,POLO E,Petrol,Female,None,No tow/articulation,Nearside,0,Going ahead right-hand bend,2,Car,No,Offside,2010
201032D227210,C,1,A,1434,Slight,None,07-08-2010,Saturday,1,Give way or uncontrolled,Slip road,53.20172,Daylight,496660,368160,-0.554366,E01026142,1,2,0,0,Dry,Slip road,None,30,13:25:00,Rural,Fine no high winds,No,16 - 20,9,Data missing or out of range,NA,1587,None,None,Other/Not known (2005-10),Entering from slip road,CITROEN,SAXO VTR,Petrol,Female,None,No tow/articulation,Did not leave carriageway,0,Waiting to go - held up,2,Car,No,Back,2010
201034NC09610,Unclassified,1750,Unclassified,1887,Slight,None,03-03-2010,Wednesday,1,Give way or uncontrolled,T or staggered junction,52.480503,Daylight,486650,287720,-0.725528,E01026985,1,2,0,0,Dry,Single carriageway,None,30,08:10:00,Urban,Fine no high winds,No,16 - 20,9,Urban area,1,49,None,None,Other/Not known (2005-10),Mid Junction - on roundabout or on main road,PEUGEOT,TREKKER OFF ROAD,Petrol,Female,None,No tow/articulation,Did not leave carriageway,0,Going ahead other,2,Motorcycle 50cc and under,No,Front,2010
20104100G0623,C,171,NA,0,Slight,None,01-01-2019,Friday,1,Not at junction or within 20 metres,Not at junction or within 20 metres,14.69142181,Daylight,522250,227070,78.6058391,E01023800,4,1,0,0,Wet or damp,Single carriageway,None,60,14:45:00,Rural,Fog or mist,No,16 - 20,9,Rural,7,998,None,Lamp post,Other/Not known (2005-10),Not at or within 20 metres of junction,NISSAN,MICRA ACTIV,Petrol,Male,Overturned,No tow/articulation,Nearside and rebounded,0,Going ahead other,1,Car,No,Front,2019
20104100G0623,C,171,NA,0,Slight,None,19-11-2010,Friday,1,Not at junction or within 20 metres,Not at junction or within 20 metres,51.928684,Daylight,522250,227070,-0.223435,E01023800,4,1,0,0,Wet or damp,Single carriageway,None,60,14:45:00,Rural,Fog or mist,No,16 - 20,9,Rural,7,998,None,Lamp post,Other/Not known (2005-10),Not at or within 20 metres of junction,NISSAN,MICRA ACTIV,Petrol,Male,Overturned,No tow/articulation,Nearside and rebounded,0,Going ahead other,1,Car,No,Front,2010
201060L224001,A,5104,Unclassified,0,Slight,None,05-12-2010,Sunday,1,Give way or uncontrolled,Private drive or entrance,53.174983,Daylight,336710,364630,-2.948373,W01000329,1,1,0,0,Frost or ice,Single carriageway,None,60,08:00:00,Rural,Fog or mist,No,16 - 20,9,Urban area,8,1299,None,Entered ditch,Journey as part of work,Approaching junction or waiting/parked at junction approach,FORD,KA LUXURY,Petrol,Female,Skidded and overturned,No tow/articulation,Nearside,0,Going ahead other,1,Car,No,Nearside,2010
201042I324610,Unclassified,0,NA,,Slight,None,13-06-2020,Monday,2,Give way or uncontrolled,Other junction,12.99029989,Daylight,587170,186210,77.59833467,E01015900,2,2,0,0,Wet or damp,Single carriageway,None,30,13:00:00,Urban,Other,No,16 - 20,9,Urban area,9,2172,None,None,Other/Not known (2005-10),Mid Junction - on roundabout or on main road,VAUXHALL,OMEGA CDX DTI,Heavy oil,Male,None,No tow/articulation,Did not leave carriageway,0,Going ahead other,2,Car,No,Front,2020
201054EP00710,Unclassified,0,NA,0,Slight,None,03-06-2019,Saturday,1,Not at junction or within 20 metres,Not at junction or within 20 metres,14.68189281,Daylight,391630,172980,78.5958364,E01031912,1,2,0,0,Frost or ice,Single carriageway,None,30,10:37:00,Urban,Other,No,16 - 20,9,Urban area,4,1686,None,None,Other/Not known (2005-10),Not at or within 20 metres of junction,VAUXHALL,COMBO CLUB DIESEL,Heavy oil,Male,Skidded,No tow/articulation,Did not leave carriageway,0,Slowing or stopping,1,Van / Goods 3.5 tonnes mgw or under,No,Front,2019
201045GU51379,B,3012,NA,0,Slight,None,05-04-2020,Friday,1,Data missing or out of range,Not at junction or within 20 metres,26.72774682,Daylight,491640,156190,94.17334871,E01030473,1,1,0,0,Wet or damp,Single carriageway,None,30,19:45:00,Rural,Other,No,16 - 20,9,Urban area,10,973,None,Tree,Other/Not known (2005-10),Not at or within 20 metres of junction,VAUXHALL,CORSA COMFORT 12V,Petrol,Male,Skidded,No tow/articulation,Nearside,0,Going ahead left-hand bend,1,Car,No,Front,2019
201001EO40623,A,1,B,515,Slight,None,15-10-2010,Friday,1,Give way or uncontrolled,T or staggered junction,51.550858,Daylight,531120,185250,-0.110253,E01002761,1,2,0,0,Wet or damp,Single carriageway,None,30,08:46:00,Urban,Other,No,16 - 20,9,Urban area,2,49,None,None,Other/Not known (2005-10),Cleared junction or waiting/parked at junction exit,GILERA,DNA 50,Petrol,Male,None,No tow/articulation,Did not leave carriageway,0,Going ahead other,1,Motorcycle 50cc and under,No,Front,2010
201042I324610,Unclassified,0,NA,,Slight,None,04-10-2010,Monday,2,Give way or uncontrolled,Other junction,51.543687,Daylight,587170,186210,0.697851,E01015900,2,2,0,0,Wet or damp,Single carriageway,None,30,13:00:00,Urban,Other,No,16 - 20,9,Urban area,9,2172,None,None,Other/Not known (2005-10),Mid Junction - on roundabout or on main road,VAUXHALL,OMEGA CDX DTI,Heavy oil,Male,None,No tow/articulation,Did not leave carriageway,0,Going ahead other,2,Car,No,Front,2010
201045GU51379,B,3012,NA,0,Slight,None,18-06-2010,Friday,1,Data missing or out of range,Not at junction or within 20 metres,51.297415,Daylight,491640,156190,-0.686989,E01030473,1,1,0,0,Wet or damp,Single carriageway,None,30,19:45:00,Rural,Other,No,16 - 20,9,Urban area,10,973,None,Tree,Other/Not known (2005-10),Not at or within 20 metres of junction,VAUXHALL,CORSA COMFORT 12V,Petrol,Male,Skidded,No tow/articulation,Nearside,0,Going ahead left-hand bend,1,Car,No,Front,2010
201054EP00710,Unclassified,0,NA,0,Slight,None,09-01-2010,Saturday,1,Not at junction or within 20 metres,Not at junction or within 20 metres,51.455685,Daylight,391630,172980,-2.121872,E01031912,1,2,0,0,Frost or ice,Single carriageway,None,30,10:37:00,Urban,Other,No,16 - 20,9,Urban area,4,1686,None,None,Other/Not known (2005-10),Not at or within 20 metres of junction,VAUXHALL,COMBO CLUB DIESEL,Heavy oil,Male,Skidded,No tow/articulation,Did not leave carriageway,0,Slowing or stopping,1,Van / Goods 3.5 tonnes mgw or under,No,Front,2010
201060L106910,B,5429,NA,0,Slight,None,15-06-2010,Tuesday,1,Data missing or out of range,Not at junction or within 20 metres,53.111972,Daylight,314190,357970,-3.283438,W01000204,1,1,0,0,Dry,Single carriageway,Mud,60,17:13:00,Rural,Other,No,16 - 20,9,Small town,NA,1199,None,None,Other/Not known (2005-10),Not at or within 20 metres of junction,VAUXHALL,CORSA GLS 12V,Petrol,Male,Skidded,No tow/articulation,Did not leave carriageway,0,Going ahead other,1,Car,No,Front,2010
201001EO40623,A,1,B,515,Slight,None,15-10-2010,Friday,1,Give way or uncontrolled,T or staggered junction,51.550858,Daylight,531120,185250,-0.110253,E01002761,1,2,0,0,Wet or damp,Single carriageway,None,30,08:46:00,Urban,Other,No,16 - 20,9,Urban area,2,49,None,None,Other/Not known (2005-10),Cleared junction or waiting/parked at junction exit,GILERA,DNA 50,Petrol,Male,None,No tow/articulation,Did not leave carriageway,0,Going ahead other,1,Motorcycle 50cc and under,No,Front,2010
201005BB02036,Unclassified,0,Unclassified,0,Slight,None,03-03-2010,Wednesday,1,Give way or uncontrolled,T or staggered junction,53.661689,Daylight,335520,418800,-2.977274,E01006949,1,2,0,0,Dry,Single carriageway,None,30,11:15:00,Urban,Other,No,16 - 20,9,Data missing or out of range,NA,1124,None,None,Other/Not known (2005-10),Approaching junction or waiting/parked at junction approach,CITROEN,SAXO FORTE,Petrol,Male,None,No tow/articulation,Did not leave carriageway,0,Waiting to turn right,1,Car,No,Front,2010
201022C000155,Unclassified,0,B,4208,Slight,None,09-01-2010,Saturday,1,Give way or uncontrolled,T or staggered junction,52.121158,Daylight,379360,247030,-2.302893,E01032201,2,3,0,0,Snow,Slip road,None,30,13:45:00,Rural,Other,No,16 - 20,9,Urban area,6,1124,None,None,Other/Not known (2005-10),Approaching junction or waiting/parked at junction approach,PEUGEOT,106 XN ZEST 2,Petrol,Male,Skidded,No tow/articulation,Did not leave carriageway,0,Going ahead other,1,Car,No,Front,2010
201032B203610,B,1166,NA,0,Slight,None,14-07-2010,Wednesday,1,Data missing or out of range,Not at junction or within 20 metres,52.668029,Daylight,520760,309310,-0.215628,E01026241,2,1,0,0,Wet or damp,Single carriageway,None,60,19:40:00,Rural,Other,No,16 - 20,9,Small town,7,1199,None,Other permanent object,Other/Not known (2005-10),Not at or within 20 metres of junction,VAUXHALL,CORSA COMFORT 16V,Petrol,Male,Skidded and overturned,No tow/articulation,Offside,0,Going ahead right-hand bend,1,Car,No,Nearside,2010
2010400D00571,B,659,NA,0,Slight,None,13-04-2020,Monday,1,Data missing or out of range,Not at junction or within 20 metres,13.03867959,Daylight,517010,236710,77.53111348,E01017415,2,4,0,0,Frost or ice,Single carriageway,None,60,08:00:00,Urban,Other,No,16 - 20,9,Urban area,9,1299,None,None,Commuting to/from work,Not at or within 20 metres of junction,FORD,KA COLLECTION,Petrol,Female,Skidded,No tow/articulation,Did not leave carriageway,0,Going ahead other,1,Car,No,Front,2020
2010400D00571,B,659,NA,0,Slight,None,01-02-2010,Monday,1,Data missing or out of range,Not at junction or within 20 metres,52.016444,Daylight,517010,236710,-0.296325,E01017415,2,4,0,0,Frost or ice,Single carriageway,None,60,08:00:00,Urban,Other,No,16 - 20,9,Urban area,9,1299,None,None,Commuting to/from work,Not at or within 20 metres of junction,FORD,KA COLLECTION,Petrol,Female,Skidded,No tow/articulation,Did not leave carriageway,0,Going ahead other,1,Car,No,Front,2010
201050ED2N059,Unclassified,0,Unclassified,0,Slight,None,24-11-2021,Friday,1,Give way or uncontrolled,Slip road,26.45419976,Daylight,246050,54970,74.63368526,E01015172,1,2,0,0,Wet or damp,Single carriageway,None,30,12:10:00,Urban,Raining + high winds,No,16 - 20,9,Urban area,2,1199,None,None,Other/Not known (2005-10),Approaching junction or waiting/parked at junction approach,VAUXHALL,CORSA COMFORT 16V,Petrol,Male,None,No tow/articulation,Did not leave carriageway,0,Moving off,1,Car,No,Nearside,2020
201050ED2N059,Unclassified,0,Unclassified,0,Slight,None,12-11-2010,Friday,1,Give way or uncontrolled,Slip road,50.374361,Daylight,246050,54970,-4.166437,E01015172,1,2,0,0,Wet or damp,Single carriageway,None,30,12:10:00,Urban,Raining + high winds,No,16 - 20,9,Urban area,2,1199,None,None,Other/Not known (2005-10),Approaching junction or waiting/parked at junction approach,VAUXHALL,CORSA COMFORT 16V,Petrol,Male,None,No tow/articulation,Did not leave carriageway,0,Moving off,1,Car,No,Nearside,2010
201060L199651,A,487,NA,0,Slight,None,26-10-2010,Tuesday,2,Data missing or out of range,Not at junction or within 20 metres,53.198511,Daylight,254350,369050,-4.181912,W01000103,1,2,0,0,Wet or damp,Single carriageway,None,60,08:20:00,Rural,Raining + high winds,No,16 - 20,9,Data missing or out of range,NA,1199,None,None,Other/Not known (2005-10),Not at or within 20 metres of junction,VAUXHALL,CORSA COMFORT 16V,Petrol,Female,None,No tow/articulation,Did not leave carriageway,0,Waiting to go - held up,1,Car,No,Front,2010
201037L018509,Unclassified,2826,Unclassified,0,Slight,None,10-04-2019,Sunday,1,Give way or uncontrolled,Private drive or entrance,14.79510902,Daylight,644710,262730,78.51634044,E01030189,1,2,0,0,Wet or damp,Single carriageway,None,30,12:40:00,Rural,Raining no high winds,No,16 - 20,9,Small town,5,1242,None,None,Other/Not known (2005-10),Approaching junction or waiting/parked at junction approach,FIAT,PUNTO MIA,Petrol,Male,Skidded,No tow/articulation,Did not leave carriageway,0,Going ahead other,2,Car,No,Front,2019
201042I292209,Unclassified,0,Unclassified,0,Slight,None,19-06-2020,Tuesday,1,Auto traffic signal,Roundabout,27.10189325,Daylight,570320,188260,93.62767206,E01021296,1,1,0,0,Wet or damp,Roundabout,None,30,14:00:00,Urban,Raining no high winds,No,16 - 20,9,Urban area,2,49,None,None,Other/Not known (2005-10),Leaving roundabout,PEUGEOT,SPEEDFIGHT,Petrol,Male,Skidded,No tow/articulation,Did not leave carriageway,0,Going ahead left-hand bend,1,Motorcycle 50cc and under,No,Did not impact,2019
201045RE48456,A,217,NA,0,Slight,None,06-08-2021,Friday,1,Data missing or out of range,Not at junction or within 20 metres,26.75783731,Daylight,524790,159680,94.19060707,E01030560,2,4,0,0,Wet or damp,Dual carriageway,None,40,08:19:00,Rural,Raining no high winds,No,16 - 20,9,Urban area,10,1598,None,None,Other/Not known (2005-10),Not at or within 20 metres of junction,RENAULT,MEGANE DYNAMIQUE+ COUPE,Petrol,Male,None,No tow/articulation,Did not leave carriageway,0,Waiting to go - held up,2,Car,No,Back,2019
201050ED2J014,Unclassified,0,Unclassified,0,Slight,None,27-07-2020,Thursday,1,Auto traffic signal,More than 4 arms (not roundabout),26.76469819,Daylight,246110,56670,94.16966852,E01015078,1,2,0,0,Wet or damp,Single carriageway,None,30,16:05:00,Urban,Raining no high winds,No,16 - 20,9,Urban area,1,1242,None,None,Other/Not known (2005-10),Approaching junction or waiting/parked at junction approach,FIAT,PUNTO 1.2,Petrol,Male,None,No tow/articulation,Did not leave carriageway,0,Going ahead other,1,Car,No,Front,2019
201050GA2L002,C,65,NA,0,Slight,None,03-03-2020,Tuesday,1,Not at junction or within 20 metres,Not at junction or within 20 metres,22.0489195,Daylight,197640,58500,82.12769944,E01019054,2,2,0,0,Wet or damp,Single carriageway,None,30,10:16:00,Rural,Raining no high winds,No,16 - 20,9,Rural,3,1124,None,None,Other/Not known (2005-10),Not at or within 20 metres of junction,PEUGEOT,106 INDEPENDENCE,Petrol,Male,Skidded,No tow/articulation,Did not leave carriageway,0,Going ahead other,2,Car,No,Front,2019
201054EM33110,Unclassified,0,Unclassified,0,Slight,None,07-01-2021,Wednesday,1,Give way or uncontrolled,Mini-roundabout,23.05991534,Daylight,416570,139790,72.66053594,E01031977,1,2,0,0,Wet or damp,Single carriageway,None,30,11:19:00,Rural,Raining no high winds,No,16 - 20,9,Small town,7,1397,Parked vehicle,None,Other/Not known (2005-10),Cleared junction or waiting/parked at junction exit,MERCEDES,A140 ELEGANCE,Petrol,Male,None,No tow/articulation,Did not leave carriageway,0,Going ahead other,1,Car,No,Offside,2019
20104100A0683,A,1060,NA,0,Slight,None,27-03-2021,Saturday,1,Not at junction or within 20 metres,Not at junction or within 20 metres,8.893117615,Daylight,549240,220870,76.65123341,E01023441,2,2,0,4,Wet or damp,Single carriageway,None,30,09:00:00,Urban,Raining no high winds,No,16 - 20,9,Urban area,10,3960,None,None,Other/Not known (2005-10),Not at or within 20 metres of junction,JEEP,WRANGLER SPORT,Petrol,Male,Skidded,No tow/articulation,Did not leave carriageway,0,Going ahead other,1,Car,No,Front,2020
201043P104100,A,40,NA,0,Slight,None,03-01-2020,Friday,2,Data missing or out of range,Not at junction or within 20 metres,26.46198272,Daylight,451780,209770,74.59095736,E01028560,1,2,0,0,Wet or damp,Dual carriageway,None,70,16:03:00,Rural,Raining no high winds,No,16 - 20,9,Urban area,10,1360,None,None,Other/Not known (2005-10),Not at or within 20 metres of junction,PEUGEOT,206 GLX,Petrol,Male,None,No tow/articulation,Did not leave carriageway,0,Going ahead other,1,Car,No,Front,2020
20105500D1134,A,37,Unclassified,0,Slight,None,27-10-2021,Thursday,1,Give way or uncontrolled,T or staggered junction,28.55060019,Daylight,358050,108330,77.32818305,E01020530,1,1,0,0,Wet or damp,Single carriageway,None,60,15:28:00,Rural,Raining no high winds,No,16 - 20,9,Rural,7,2295,None,Other permanent object,Other/Not known (2005-10),Approaching junction or waiting/parked at junction approach,MERCEDES,CLK 230 ELEGANCE KOMP AUT,Petrol,Male,Skidded and overturned,No tow/articulation,Nearside,0,Going ahead other,1,Car,No,Did not impact,2020
201054EZ04310,C,20,C,244,Slight,None,11-04-2020,Wednesday,1,Give way or uncontrolled,T or staggered junction,19.19110996,Daylight,395910,158350,72.83575171,E01031848,2,2,0,0,Wet or damp,Single carriageway,None,60,07:35:00,Rural,Raining no high winds,No,16 - 20,9,Rural,6,1686,None,None,Commuting to/from work,Entering main road,VAUXHALL,COMBO EPIC 775 1.7D,Heavy oil,Male,None,No tow/articulation,Did not leave carriageway,0,Turning left,2,Van / Goods 3.5 tonnes mgw or under,No,Front,2021
201050GA2O008,A,3058,B,3274,Slight,None,03-02-2021,Tuesday,1,Auto traffic signal,More than 4 arms (not roundabout),20.48683022,Daylight,200620,52120,72.6046553,E01019032,5,2,0,0,Wet or damp,Single carriageway,None,30,18:46:00,Urban,Raining no high winds,No,16 - 20,9,Rural,3,1124,None,None,Other/Not known (2005-10),Approaching junction or waiting/parked at junction approach,PEUGEOT,106 INDEPENDENCE,Petrol,Male,None,No tow/articulation,Did not leave carriageway,0,Turning right,1,Car,No,Front,2021
201045WO53445,A,245,Unclassified,3782,Slight,None,02-09-2021,Wednesday,1,Give way or uncontrolled,T or staggered junction,17.27858481,Daylight,502170,160780,74.48522988,E01030965,1,2,0,0,Wet or damp,Single carriageway,Roadworks,40,19:29:00,Urban,Raining no high winds,No,16 - 20,9,Urban area,6,1599,None,None,Other/Not known (2005-10),Mid Junction - on roundabout or on main road,HYUNDAI,COUPE SE,Petrol,Male,None,No tow/articulation,Did not leave carriageway,0,Going ahead other,1,Car,No,Back,2021
201001JI40279,Unclassified,0,Unclassified,0,Slight,None,16-05-2010,Sunday,1,Give way or uncontrolled,Crossroads,51.594855,Daylight,542390,190450,0.054292,E01003710,1,2,0,0,Wet or damp,Single carriageway,None,30,17:40:00,Urban,Raining no high winds,No,16 - 20,9,Urban area,5,1868,Parked vehicle,Road sign or traffic signal,Other/Not known (2005-10),Cleared junction or waiting/parked at junction exit,CITROEN,BERLINGO 1.9D 600,Heavy oil,Male,None,No tow/articulation,Nearside,0,Going ahead other,1,Van / Goods 3.5 tonnes mgw or under,No,Front,2010
201001JI40499,A,123,C,0,Slight,None,07-08-2010,Saturday,1,Give way or uncontrolled,Roundabout,51.593222,Daylight,544570,190330,0.085694,E01003701,1,2,0,1,Wet or damp,Single carriageway,None,30,15:41:00,Urban,Raining no high winds,No,16 - 20,9,Urban area,3,1242,Parked vehicle,None,Other/Not known (2005-10),Mid Junction - on roundabout or on main road,FORD,FIESTA FREESTYLE,Petrol,Male,Overturned,No tow/articulation,Did not leave carriageway,0,Going ahead other,1,Car,No,Nearside,2010