Accident_Index,1st_Road_Class,1st_Road_Number,2nd_Road_Class,2nd_Road_Number,Accident_Severity,Carriageway_Hazards,Date,Day_of_Week,Did_Police_Officer_Attend_Scene_of_Accident,Junction_Control,Junction_Detail,Latitude,Light_Conditions,Location_Easting_OSGR,Location_Northing_OSGR,Longitude,LSOA_of_Accident_Location,Number_of_Casualties,Number_of_Vehicles,Pedestrian_Crossing-Human_Control,Pedestrian_Crossing-Physical_Facilities,Road_Surface_Conditions,Road_Type,Special_Conditions_at_Site,Speed_limit,Time,Urban_or_Rural_Area,Weather_Conditions,InScotland,Age_Band_of_Driver,Age_of_Vehicle,Driver_Home_Area_Type,Driver_IMD_Decile,Engine_Capacity_.CC.,Hit_Object_in_Carriageway,Hit_Object_off_Carriageway,Journey_Purpose_of_Driver,Junction_Location,make,model,Propulsion_Code,Sex_of_Driver,Skidding_and_Overturning,Towing_and_Articulation,Vehicle_Leaving_Carriageway,Vehicle_Location.Restricted_Lane,Vehicle_Manoeuvre,Vehicle_Reference,Vehicle_Type,Was_Vehicle_Left_Hand_Drive,X1st_Point_of_Impact,Year
201045WA53698,Unclassified,5401,NA,0,Slight,None,23-09-2019,Wednesday,1,Data missing or out of range,Not at junction or within 20 metres,27.10325804,Daylight,496990,145200,93.61678308,E01030911,2,2,0,0,Wet or damp,Single carriageway,None,30,15:18:00,Urban,Raining no high winds,No,16 - 20,9,Urban area,10,1124,None,None,Commuting to/from work,Not at or within 20 metres of junction,PEUGEOT,206 LOOK,Petrol,Female,Skidded,No tow/articulation,Did not leave carriageway,0,Going ahead right-hand bend,1,Car,No,Offside,2019
201001RY10140,A,209,C,0,Slight,None,27-03-2010,Saturday,1,Give way or uncontrolled,T or staggered junction,51.472969,Daylight,546760,177010,0.111739,E01000397,2,2,0,0,Wet or damp,Single carriageway,None,30,16:05:00,Urban,Raining no high winds,No,16 - 20,9,Data missing or out of range,NA,1299,None,None,Other/Not known (2005-10),Mid Junction - on roundabout or on main road,FORD,KA,Petrol,Female,None,No tow/articulation,Did not leave carriageway,0,Going ahead right-hand bend,2,Car,No,Offside,2010
201037B045587,A,1302,A,14,Slight,None,23-08-2010,Monday,1,Give way or uncontrolled,Roundabout,52.257161,Daylight,582530,265480,0.672964,E01030103,1,1,0,0,Wet or damp,Roundabout,None,60,08:05:00,Rural,Raining no high winds,No,16 - 20,9,Rural,7,1299,None,Lamp post,Other/Not known (2005-10),Approaching junction or waiting/parked at junction approach,FORD,KA STYLE,Petrol,Female,Skidded,No tow/articulation,Nearside,0,Going ahead right-hand bend,1,Car,No,Offside,2010
201037L018509,Unclassified,2826,Unclassified,0,Slight,None,26-09-2010,Sunday,1,Give way or uncontrolled,Private drive or entrance,52.208369,Daylight,644710,262730,1.580342,E01030189,1,2,0,0,Wet or damp,Single carriageway,None,30,12:40:00,Rural,Raining no high winds,No,16 - 20,9,Small town,5,1124,None,None,Other/Not known (2005-10),Mid Junction - on roundabout or on main road,PEUGEOT,206 LOOK,Petrol,Female,None,No tow/articulation,Did not leave carriageway,0,Moving off,1,Car,No,Front,2010
2010400D01709,Unclassified,0,A,507,Slight,None,10-06-2010,Thursday,1,Give way or uncontrolled,T or staggered junction,52.025592,Daylight,508700,237540,-0.417105,E01017421,3,2,0,0,Wet or damp,Single carriageway,None,60,19:50:00,Rural,Raining no high winds,No,16 - 20,9,Urban area,7,973,None,None,Other/Not known (2005-10),Approaching junction or waiting/parked at junction approach,VAUXHALL,CORSA CLUB 12V,Petrol,Female,Skidded,No tow/articulation,Did not leave carriageway,0,Slowing or stopping,2,Car,No,Front,2010
20104100C0149,B,4542,Unclassified,258,Slight,None,15-02-2010,Monday,1,Give way or uncontrolled,T or staggered junction,51.617112,Daylight,511390,192150,-0.392503,E01023806,1,2,0,0,Wet or damp,Single carriageway,None,30,14:18:00,Urban,Raining no high winds,No,16 - 20,9,Urban area,9,1199,None,None,Other/Not known (2005-10),Entering main road,VAUXHALL,CORSA CLUB 16V,Petrol,Female,None,No tow/articulation,Did not leave carriageway,0,U-turn,1,Car,No,Front,2010
201042I270608,B,1441,NA,0,Slight,None,23-08-2010,Monday,1,Not at junction or within 20 metres,Not at junction or within 20 metres,51.846202,Daylight,615040,221010,1.120616,E01022018,2,2,0,0,Wet or damp,Single carriageway,None,60,06:50:00,Rural,Raining no high winds,No,16 - 20,9,Urban area,4,1328,None,None,Commuting to/from work,Not at or within 20 metres of junction,SUZUKI,IGNIS GL,Petrol,Female,Skidded,No tow/articulation,Did not leave carriageway,0,Slowing or stopping,1,Car,No,Front,2010
201042I319210,Unclassified,0,NA,0,Slight,None,04-10-2010,Monday,1,Not at junction or within 20 metres,Not at junction or within 20 metres,51.798133,Daylight,612080,215530,1.074355,E01022047,1,2,0,0,Wet or damp,Single carriageway,None,30,09:30:00,Rural,Raining no high winds,No,16 - 20,9,Rural,3,1595,None,None,Other/Not known (2005-10),Not at or within 20 metres of junction,VOLKSWAGEN,BEETLE,Petrol,Female,None,No tow/articulation,Did not leave carriageway,0,Going ahead right-hand bend,1,Car,No,Offside,2010
201045EL55524,A,245,NA,0,Slight,None,26-10-2010,Tuesday,1,Data missing or out of range,Not at junction or within 20 metres,51.31455,Daylight,514660,158560,-0.356178,E01030548,1,1,0,0,Wet or damp,Single carriageway,None,40,13:37:00,Rural,Raining no high winds,No,16 - 20,9,Urban area,6,1299,Kerb,Tree,Other/Not known (2005-10),Not at or within 20 metres of junction,FORD,KA,Petrol,Female,Skidded and overturned,No tow/articulation,Offside,0,Going ahead other,1,Car,No,Front,2010
201045WA53698,Unclassified,5401,NA,0,Slight,None,25-08-2010,Wednesday,1,Data missing or out of range,Not at junction or within 20 metres,51.197736,Daylight,496990,145200,-0.613251,E01030911,2,2,0,0,Wet or damp,Single carriageway,None,30,15:18:00,Urban,Raining no high winds,No,16 - 20,9,Urban area,10,1124,None,None,Commuting to/from work,Not at or within 20 metres of junction,PEUGEOT,206 LOOK,Petrol,Female,Skidded,No tow/articulation,Did not leave carriageway,0,Going ahead right-hand bend,1,Car,No,Offside,2010
201050JT2C007,A,386,NA,0,Slight,None,29-05-2010,Saturday,1,Not at junction or within 20 metres,Not at junction or within 20 metres,50.520345,Daylight,249650,71110,-4.122327,E01020341,2,2,0,0,Wet or damp,Single carriageway,None,40,12:16:00,Rural,Raining no high winds,No,16 - 20,9,Urban area,3,1149,None,None,Other/Not known (2005-10),Not at or within 20 metres of junction,RENAULT,CLIO DYNAMIQUE 16V,Petrol,Female,None,No tow/articulation,Did not leave carriageway,0,Going ahead left-hand bend,1,Car,No,Front,2010
201001RY10140,A,209,C,0,Slight,None,27-03-2010,Saturday,1,Give way or uncontrolled,T or staggered junction,51.472969,Daylight,546760,177010,0.111739,E01000397,2,2,0,0,Wet or damp,Single carriageway,None,30,16:05:00,Urban,Raining no high winds,No,16 - 20,9,Data missing or out of range,NA,1299,None,None,Other/Not known (2005-10),Mid Junction - on roundabout or on main road,FORD,KA,Petrol,Female,None,No tow/articulation,Did not leave carriageway,0,Going ahead right-hand bend,2,Car,No,Offside,2010
201001XH30838,A,4007,Unclassified,0,Slight,None,18-11-2010,Thursday,2,Give way or uncontrolled,T or staggered junction,51.543472,Daylight,504970,183820,-0.487684,E01002520,1,2,0,0,Wet or damp,Single carriageway,None,30,07:40:00,Urban,Raining no high winds,No,16 - 20,9,Urban area,6,1686,None,None,Other/Not known (2005-10),Mid Junction - on roundabout or on main road,VAUXHALL,CORSA SPECIAL DI,Heavy oil,Female,None,No tow/articulation,Did not leave carriageway,0,Waiting to turn right,1,Car,No,Back,2010
201001ZD30966,Unclassified,0,A,222,Slight,None,14-11-2010,Sunday,2,Auto traffic signal,T or staggered junction,51.384897,Daylight,534850,166880,-0.063491,E01000992,2,2,0,0,Wet or damp,Single carriageway,None,30,13:30:00,Urban,Raining no high winds,No,16 - 20,9,Urban area,2,1242,None,None,Other/Not known (2005-10),Approaching junction or waiting/parked at junction approach,FORD,FIESTA FREESTYLE,Petrol,Female,None,No tow/articulation,Did not leave carriageway,0,Waiting to go - held up,1,Car,No,Back,2010
201006M030600,C,0,Unclassified,0,Slight,None,25-04-2010,Sunday,1,Give way or uncontrolled,Crossroads,53.458369,Daylight,382270,395770,-2.268499,E01006113,2,2,0,0,Wet or damp,Single carriageway,None,30,15:20:00,Urban,Raining no high winds,No,16 - 20,9,Data missing or out of range,NA,1242,None,None,Other/Not known (2005-10),Approaching junction or waiting/parked at junction approach,FIAT,PUNTO 1.2,Petrol,Female,None,No tow/articulation,Did not leave carriageway,0,Going ahead other,2,Car,No,Nearside,2010
201006P033769,Unclassified,0,Unclassified,0,Slight,None,12-07-2010,Monday,1,Give way or uncontrolled,T or staggered junction,53.535187,Daylight,387280,404300,-2.193394,E01005545,1,2,0,0,Wet or damp,Single carriageway,None,30,12:13:00,Urban,Raining no high winds,No,16 - 20,9,Urban area,1,1242,None,None,Other/Not known (2005-10),Leaving main road,FIAT,PUNTO MIA,Petrol,Female,None,No tow/articulation,Did not leave carriageway,0,Overtaking static vehicle - offside,1,Car,No,Front,2010
201011SC19700,Unclassified,0,Unclassified,0,Slight,None,20-08-2010,Friday,1,Give way or uncontrolled,T or staggered junction,54.598568,Daylight,395090,522600,-2.077512,E01020865,4,3,0,0,Wet or damp,Single carriageway,None,60,10:50:00,Rural,Raining no high winds,No,16 - 20,9,Rural,6,1299,None,None,Other/Not known (2005-10),Approaching junction or waiting/parked at junction approach,FORD,KA,Petrol,Female,Skidded,No tow/articulation,Did not leave carriageway,0,Going ahead other,2,Car,No,Front,2010
201014A061610,A(M),1,NA,0,Slight,None,25-04-2010,Sunday,1,Not at junction or within 20 metres,Not at junction or within 20 metres,53.510125,Daylight,454720,401810,-1.176342,E01007619,2,2,0,0,Wet or damp,Dual carriageway,None,70,16:43:00,Rural,Raining no high winds,No,16 - 20,9,Urban area,9,1299,None,None,Other/Not known (2005-10),Not at or within 20 metres of junction,FORD,KA,Petrol,Female,None,No tow/articulation,Did not leave carriageway,0,Going ahead other,1,Car,No,Front,2010
201014C118110,A,631,NA,0,Slight,None,29-09-2010,Wednesday,1,Not at junction or within 20 metres,Not at junction or within 20 metres,53.420207,Daylight,446720,391720,-1.298461,E01007690,1,2,0,0,Wet or damp,Dual carriageway,None,40,08:57:00,Urban,Raining no high winds,No,16 - 20,9,Urban area,8,1149,None,None,Commuting to/from work,Not at or within 20 metres of junction,RENAULT,CLIO DYNAMIQUE 16V,Petrol,Female,Skidded,No tow/articulation,Did not leave carriageway,0,Going ahead other,1,Car,No,Front,2010
201020K728512,A,456,A,4040,Slight,None,20-03-2010,Saturday,1,Give way or uncontrolled,Private drive or entrance,52.472978,Daylight,402380,286120,-1.966401,E01009066,3,2,0,0,Wet or damp,Single carriageway,None,40,17:42:00,Urban,Raining no high winds,No,16 - 20,9,Urban area,2,1299,None,None,Other/Not known (2005-10),Mid Junction - on roundabout or on main road,FORD,KA LUXURY,Petrol,Female,None,No tow/articulation,Did not leave carriageway,0,Going ahead other,2,Car,No,Front,2010
201020M004440,B,4101,Unclassified,0,Slight,None,29-06-2010,Tuesday,1,Give way or uncontrolled,T or staggered junction,52.403586,Daylight,431330,278500,-1.540918,E01009687,1,2,0,0,Wet or damp,Single carriageway,None,30,11:20:00,Urban,Raining no high winds,No,16 - 20,9,Urban area,6,1299,None,None,Other/Not known (2005-10),Approaching junction or waiting/parked at junction approach,FORD,KA,Petrol,Female,Skidded,No tow/articulation,Did not leave carriageway,0,Going ahead other,1,Car,No,Front,2010
201020M008730,B,4098,Unclassified,0,Slight,None,14-09-2010,Tuesday,1,Give way or uncontrolled,T or staggered junction,52.424107,Daylight,432480,280790,-1.523793,E01009628,2,3,0,0,Wet or damp,Single carriageway,Road surface defective,30,15:50:00,Urban,Raining no high winds,No,16 - 20,9,Urban area,6,1242,None,None,Other/Not known (2005-10),Cleared junction or waiting/parked at junction exit,FIAT,PUNTO 1.2,Petrol,Female,None,No tow/articulation,Did not leave carriageway,0,Going ahead other,1,Car,No,Front,2010
201020W002960,B,4100,A,45,Slight,None,02-04-2010,Friday,1,Auto traffic signal,T or staggered junction,52.472472,Daylight,408310,286070,-1.8791,E01009200,1,2,0,5,Wet or damp,Dual carriageway,None,30,13:20:00,Urban,Raining no high winds,No,16 - 20,9,Urban area,1,999,None,None,Other/Not known (2005-10),Mid Junction - on roundabout or on main road,VOLKSWAGEN,POLO E,Petrol,Female,None,No tow/articulation,Did not leave carriageway,0,Going ahead right-hand bend,2,Car,No,Front,2010
201020W054540,Unclassified,0,Unclassified,0,Slight,None,16-12-2010,Thursday,1,Give way or uncontrolled,T or staggered junction,52.543246,Daylight,406710,293940,-1.902499,E01009225,1,3,0,0,Wet or damp,Single carriageway,None,30,07:30:00,Urban,Raining no high winds,No,16 - 20,9,Urban area,6,998,None,None,Other/Not known (2005-10),Approaching junction or waiting/parked at junction approach,NISSAN,MICRA S,Petrol,Female,None,No tow/articulation,Did not leave carriageway,0,Slowing or stopping,2,Car,No,Back,2010
201022D002331,Unclassified,0,NA,0,Slight,None,08-05-2010,Saturday,2,Data missing or out of range,Not at junction or within 20 metres,52.341219,Daylight,381160,271500,-2.277974,E01032461,1,2,0,0,Wet or damp,One way street,None,30,14:30:00,Urban,Raining no high winds,No,16 - 20,9,Rural,8,1149,None,None,Other/Not known (2005-10),Not at or within 20 metres of junction,RENAULT,CLIO EXPRESSION 16V,Petrol,Female,None,No tow/articulation,Did not leave carriageway,0,Overtaking static vehicle - offside,2,Car,No,Nearside,2010
201022F005498,A,41,B,5364,Slight,None,03-11-2010,Wednesday,1,Give way or uncontrolled,Roundabout,52.967659,Daylight,352650,341380,-2.706482,E01028897,4,2,0,0,Wet or damp,Single carriageway,None,60,15:20:00,Rural,Raining no high winds,No,16 - 20,9,Rural,8,1299,None,None,Other/Not known (2005-10),Approaching junction or waiting/parked at junction approach,FORD,KA,Petrol,Female,None,No tow/articulation,Did not leave carriageway,0,Waiting to go - held up,2,Car,No,Back,2010
20103102B0984,B,1403,NA,0,Slight,Any animal in carriageway (except ridden horse),07-05-2010,Friday,1,Data missing or out of range,Not at junction or within 20 metres,53.422557,Daylight,475380,392350,-0.86713,E01027999,3,1,0,0,Wet or damp,Single carriageway,None,60,19:40:00,Rural,Raining no high winds,No,16 - 20,9,Rural,4,973,None,Entered ditch,Other/Not known (2005-10),Not at or within 20 metres of junction,VAUXHALL,CORSA CLUB 12V,Petrol,Female,Skidded and overturned,No tow/articulation,Nearside,0,Going ahead right-hand bend,1,Car,No,Front,2010
201045SP57073,Unclassified,0,Unclassified,0,Slight,None,26-04-2020,Friday,1,Give way or uncontrolled,Crossroads,22.70150088,Daylight,510720,169400,75.88176051,E01030754,1,4,0,0,Snow,Single carriageway,Road sign or marking defective or obscured,30,13:04:00,Urban,Snowing no high winds,No,16 - 20,9,Urban area,10,998,None,None,Other/Not known (2005-10),Approaching junction or waiting/parked at junction approach,NISSAN,MICRA S,Petrol,Male,None,No tow/articulation,Did not leave carriageway,0,Slowing or stopping,4,Car,No,Front,2020
201001LX51219,Unclassified,0,NA,0,Slight,None,03-12-2010,Friday,2,Data missing or out of range,Not at junction or within 20 metres,51.469973,Daylight,531140,176250,-0.11331,E01003059,1,2,0,0,Frost or ice,Single carriageway,None,30,11:00:00,Urban,Snowing no high winds,No,16 - 20,9,Urban area,2,1686,None,None,Commuting to/from work,Not at or within 20 metres of junction,VAUXHALL,ASTRA ENVOY DTI,Heavy oil,Male,None,No tow/articulation,Did not leave carriageway,0,Turning right,1,Van / Goods 3.5 tonnes mgw or under,No,Offside,2010
201045SP57073,Unclassified,0,Unclassified,0,Slight,None,17-12-2010,Friday,1,Give way or uncontrolled,Crossroads,51.412764,Daylight,510720,169400,-0.409316,E01030754,1,4,0,0,Snow,Single carriageway,Road sign or marking defective or obscured,30,13:04:00,Urban,Snowing no high winds,No,16 - 20,9,Urban area,10,998,None,None,Other/Not known (2005-10),Approaching junction or waiting/parked at junction approach,NISSAN,MICRA S,Petrol,Male,None,No tow/articulation,Did not leave carriageway,0,Slowing or stopping,4,Car,No,Front,2010
201001LX51219,Unclassified,0,NA,0,Slight,None,03-12-2010,Friday,2,Data missing or out of range,Not at junction or within 20 metres,51.469973,Daylight,531140,176250,-0.11331,E01003059,1,2,0,0,Frost or ice,Single carriageway,None,30,11:00:00,Urban,Snowing no high winds,No,16 - 20,9,Urban area,2,1686,None,None,Commuting to/from work,Not at or within 20 metres of junction,VAUXHALL,ASTRA ENVOY DTI,Heavy oil,Male,None,No tow/articulation,Did not leave carriageway,0,Turning right,1,Van / Goods 3.5 tonnes mgw or under,No,Offside,2010
201006G036873,Unclassified,0,NA,0,Slight,None,29-09-2010,Wednesday,1,Data missing or out of range,Not at junction or within 20 metres,53.516013,Daylight,397740,402150,-2.035558,E01006059,2,1,0,0,Wet or damp,Single carriageway,None,30,15:19:00,Urban,Snowing no high winds,No,16 - 20,9,Urban area,2,1396,None,Tree,Taking pupil to/from school,Not at or within 20 metres of junction,HONDA,CIVIC 1.4I SPORT,Petrol,Male,Skidded,No tow/articulation,Nearside,0,Going ahead other,1,Car,No,Offside,2010
201014K003310,B,6082,NA,0,Slight,None,03-01-2010,Sunday,1,Not at junction or within 20 metres,Not at junction or within 20 metres,53.438519,Daylight,436780,393670,-1.447796,E01008055,1,3,0,0,Frost or ice,Single carriageway,None,30,10:30:00,Urban,Snowing no high winds,No,16 - 20,9,Urban area,5,2295,None,None,Other/Not known (2005-10),Not at or within 20 metres of junction,FORD,GALAXY LX 16V,Petrol,Male,Skidded,No tow/articulation,Did not leave carriageway,0,Slowing or stopping,1,Car,No,Front,2010
2010170S43300,Unclassified,0,NA,0,Slight,None,23-12-2010,Thursday,1,Data missing or out of range,Not at junction or within 20 metres,54.511415,Daylight,441760,513090,-1.356504,E01012299,1,2,0,0,Snow,Single carriageway,None,30,14:45:00,Urban,Snowing no high winds,No,16 - 20,9,Urban area,9,1390,None,None,Other/Not known (2005-10),Not at or within 20 metres of junction,SEAT,AROSA 16V SPORT,Petrol,Male,None,No tow/articulation,Did not leave carriageway,0,Going ahead other,2,Car,No,Front,2010
201020J017211,B,4558,Unclassified,0,Slight,None,23-02-2010,Tuesday,1,Give way or uncontrolled,T or staggered junction,52.516095,Daylight,393460,290920,-2.097817,E01009879,1,2,0,0,Wet or damp,Single carriageway,None,30,14:34:00,Urban,Snowing no high winds,No,16 - 20,9,Urban area,8,49,None,None,Other/Not known (2005-10),Approaching junction or waiting/parked at junction approach,PEUGEOT,SPEEDFIGHT,Petrol,Male,Skidded,No tow/articulation,Did not leave carriageway,0,Going ahead other,1,Motorcycle 50cc and under,No,Front,2010
201045GU56951,Unclassified,0,Unclassified,0,Slight,None,29-04-2021,Friday,1,Give way or uncontrolled,T or staggered junction,8.889217007,Daylight,498000,151560,76.68269164,E01030498,1,3,0,0,Frost or ice,Single carriageway,None,30,14:20:00,Urban,Snowing no high winds,No,16 - 20,9,Urban area,9,1242,None,None,Commuting to/from work,Approaching junction or waiting/parked at junction approach,FORD,FIESTA GHIA 16V,Petrol,Female,Skidded,No tow/articulation,Did not leave carriageway,0,Slowing or stopping,1,Car,No,Back,2020
201045GU56951,Unclassified,0,Unclassified,0,Slight,None,17-12-2010,Friday,1,Give way or uncontrolled,T or staggered junction,51.254736,Daylight,498000,151560,-0.597063,E01030498,1,3,0,0,Frost or ice,Single carriageway,None,30,14:20:00,Urban,Snowing no high winds,No,16 - 20,9,Urban area,9,1242,None,None,Commuting to/from work,Approaching junction or waiting/parked at junction approach,FORD,FIESTA GHIA 16V,Petrol,Female,Skidded,No tow/articulation,Did not leave carriageway,0,Slowing or stopping,1,Car,No,Back,2010
201020L031811,Unclassified,0,Unclassified,0,Slight,None,19-02-2010,Friday,1,Give way or uncontrolled,Private drive or entrance,52.476668,Daylight,417280,286560,-1.747021,E01010143,2,2,0,0,Snow,Single carriageway,None,30,11:57:00,Urban,Snowing no high winds,No,16 - 20,9,Urban area,6,1299,None,None,Other/Not known (2005-10),Mid Junction - on roundabout or on main road,FORD,KA COLLECTION,Petrol,Female,None,No tow/articulation,Did not leave carriageway,0,Going ahead right-hand bend,2,Car,No,Front,2010
201045GU52797,A,281,Unclassified,206,Slight,None,07-08-2021,Thursday,2,Give way or uncontrolled,T or staggered junction,25.78561208,Daylight,500160,147240,87.48141559,E01030480,1,3,0,0,Dry,Single carriageway,None,30,18:00:00,Urban,Unknown,No,16 - 20,9,Urban area,8,1781,None,None,Other/Not known (2005-10),Entering main road,SEAT,LEON SE 20V,Petrol,Male,None,No tow/articulation,Did not leave carriageway,0,Turning right,1,Car,No,Did not impact,2019
201045GU52797,A,281,Unclassified,206,Slight,None,29-07-2010,Thursday,2,Give way or uncontrolled,T or staggered junction,51.215528,Daylight,500160,147240,-0.567327,E01030480,1,3,0,0,Dry,Single carriageway,None,30,18:00:00,Urban,Unknown,No,16 - 20,9,Urban area,8,1781,None,None,Other/Not known (2005-10),Entering main road,SEAT,LEON SE 20V,Petrol,Male,None,No tow/articulation,Did not leave carriageway,0,Turning right,1,Car,No,Did not impact,2010
201032D112410,A,46,NA,0,Slight,None,19-04-2010,Monday,1,Data missing or out of range,Not at junction or within 20 metres,53.254601,Daylight,497410,374060,-0.541341,E01026397,1,2,0,0,Data missing or out of range,Dual carriageway,None,60,17:49:00,Rural,Unknown,No,16 - 20,9,Small town,5,1199,None,None,Other/Not known (2005-10),Not at or within 20 metres of junction,VAUXHALL,CORSA COMFORT 16V,Petrol,Male,None,No tow/articulation,Did not leave carriageway,0,Going ahead other,1,Car,No,Front,2010
201045EP56904,C,254,NA,,Slight,None,01-03-2019,Wednesday,1,Data missing or out of range,Private drive or entrance,25.77415663,Daylight,522080,162140,87.48124041,E01030392,2,2,0,0,Dry,Single carriageway,None,30,09:45:00,Urban,Unknown,No,16 - 20,9,Urban area,9,998,None,None,Other/Not known (2005-10),Entering main road,NISSAN,MICRA VIBE,Petrol,Female,None,No tow/articulation,Did not leave carriageway,0,Going ahead other,2,Car,No,Did not impact,2019
201045EL52325,A,307,NA,0,Slight,None,19-06-2021,Friday,1,Data missing or out of range,Not at junction or within 20 metres,22.06335736,Daylight,514010,164780,82.12828439,E01030307,2,2,0,0,Dry,Unknown,None,30,07:50:00,Urban,Unknown,No,16 - 20,9,Urban area,6,1390,None,None,Other/Not known (2005-10),Not at or within 20 metres of junction,VOLKSWAGEN,POLO MATCH AUTO,Petrol,Female,None,No tow/articulation,Did not leave carriageway,0,Parked,1,Car,No,Front,2019
201045SP50399,B,376,B,376,Slight,None,24-05-2019,Monday,1,Auto traffic signal,T or staggered junction,22.73298966,Daylight,503290,171720,75.82971504,E01030735,1,2,0,0,Dry,Single carriageway,None,30,13:45:00,Urban,Unknown,No,16 - 20,9,Urban area,9,999,None,None,Other/Not known (2005-10),Approaching junction or waiting/parked at junction approach,VOLKSWAGEN,POLO E,Petrol,Female,None,No tow/articulation,Did not leave carriageway,0,Slowing or stopping,2,Car,No,Front,2020
201045EL52325,A,307,NA,0,Slight,None,09-07-2010,Friday,1,Data missing or out of range,Not at junction or within 20 metres,51.370588,Daylight,514010,164780,-0.36351,E01030307,2,2,0,0,Dry,Unknown,None,30,07:50:00,Urban,Unknown,No,16 - 20,9,Urban area,6,1390,None,None,Other/Not known (2005-10),Not at or within 20 metres of junction,VOLKSWAGEN,POLO MATCH AUTO,Petrol,Female,None,No tow/articulation,Did not leave carriageway,0,Parked,1,Car,No,Front,2010
201045EP56904,C,254,NA,,Slight,None,08-12-2010,Wednesday,1,Data missing or out of range,Private drive or entrance,51.345184,Daylight,522080,162140,-0.248537,E01030392,2,2,0,0,Dry,Single carriageway,None,30,09:45:00,Urban,Unknown,No,16 - 20,9,Urban area,9,998,None,None,Other/Not known (2005-10),Entering main road,NISSAN,MICRA VIBE,Petrol,Female,None,No tow/articulation,Did not leave carriageway,0,Going ahead other,2,Car,No,Did not impact,2010
201045SP50399,B,376,B,376,Slight,None,12-04-2010,Monday,1,Auto traffic signal,T or staggered junction,51.435019,Daylight,503290,171720,-0.515439,E01030735,1,2,0,0,Dry,Single carriageway,None,30,13:45:00,Urban,Unknown,No,16 - 20,9,Urban area,9,999,None,None,Other/Not known (2005-10),Approaching junction or waiting/parked at junction approach,VOLKSWAGEN,POLO E,Petrol,Female,None,No tow/articulation,Did not leave carriageway,0,Slowing or stopping,2,Car,No,Front,2010
201004BC10266,A,586,NA,0,Slight,None,23-11-2010,Tuesday,1,Data missing or out of range,Not at junction or within 20 metres,53.841166,Daylight,334160,438790,-3.002118,E01025569,1,2,0,0,Dry,Single carriageway,None,30,08:00:00,Urban,Unknown,No,16 - 20,9,Urban area,1,1242,None,None,Other/Not known (2005-10),Not at or within 20 metres of junction,FIAT,PUNTO 1.2,Petrol,Female,None,No tow/articulation,Did not leave carriageway,0,Slowing or stopping,1,Car,No,Front,2010
201006J040656,A,560,Unclassified,0,Slight,None,24-12-2010,Friday,1,Give way or uncontrolled,T or staggered junction,53.41209,Daylight,389320,390600,-2.162144,E01005917,1,2,0,0,Frost or ice,Single carriageway,None,30,09:20:00,Urban,Unknown,No,16 - 20,9,Urban area,1,973,None,None,Other/Not known (2005-10),Approaching junction or waiting/parked at junction approach,VAUXHALL,CORSA COMFORT 12V,Petrol,Female,None,No tow/articulation,Did not leave carriageway,0,Going ahead other,2,Car,No,Front,2010
201032D297210,C,266,NA,0,Slight,Any animal in carriageway (except ridden horse),07-10-2010,Thursday,1,Data missing or out of range,Not at junction or within 20 metres,53.46502,Daylight,518610,397960,-0.214762,E01026415,1,1,0,0,Data missing or out of range,Single carriageway,None,60,14:00:00,Rural,Unknown,No,16 - 20,9,Rural,3,1997,None,Entered ditch,Other/Not known (2005-10),Not at or within 20 metres of junction,PEUGEOT,206 LX HDI,Heavy oil,Female,None,No tow/articulation,Offside,0,Going ahead other,1,Car,No,Front,2010
201004AM10090,A,5230,A,5099,Slight,None,13-06-2010,Sunday,1,Auto traffic signal,Crossroads,53.780494,Darkness - lights lit,331980,432070,-3.033757,E01025024,1,2,0,0,Dry,Dual carriageway,None,30,23:28:00,Urban,Fine + high winds,No,21 - 25,9,Urban area,8,1360,None,None,Other/Not known (2005-10),Mid Junction - on roundabout or on main road,PEUGEOT,206 GLX,Petrol,Male,None,No tow/articulation,Did not leave carriageway,0,Going ahead other,2,Car,No,Offside,2010
201050EC2J075,A,374,Unclassified,0,Slight,None,20-09-2020,Friday,1,Authorised person,Slip road,14.66985705,Darkness - lights lit,248560,54520,78.5978146,E01015154,3,2,0,0,Wet or damp,Single carriageway,None,30,20:58:00,Urban,Fine no high winds,No,21 - 25,9,Urban area,4,1753,None,None,Other/Not known (2005-10),Entering from slip road,FORD,FIESTA FREESTYLE,Heavy oil,Male,None,No tow/articulation,Did not leave carriageway,0,Moving off,1,Car,No,Front,2019
201043R149100,Unclassified,7302,NA,0,Slight,None,05-05-2019,Saturday,1,Data missing or out of range,Not at junction or within 20 metres,27.10346035,Darkness - lights lit,497180,180410,93.62390684,E01016448,1,3,0,0,Wet or damp,Single carriageway,None,30,23:36:00,Urban,Fine no high winds,No,21 - 25,9,Urban area,3,1587,None,None,Other/Not known (2005-10),Not at or within 20 metres of junction,PEUGEOT,307 LX 16V,Petrol,Male,None,No tow/articulation,Did not leave carriageway,0,Waiting to go - held up,2,Car,No,Back,2019