Accident_Index,1st_Road_Class,1st_Road_Number,2nd_Road_Class,2nd_Road_Number,Accident_Severity,Carriageway_Hazards,Date,Day_of_Week,Did_Police_Officer_Attend_Scene_of_Accident,Junction_Control,Junction_Detail,Latitude,Light_Conditions,Location_Easting_OSGR,Location_Northing_OSGR,Longitude,LSOA_of_Accident_Location,Number_of_Casualties,Number_of_Vehicles,Pedestrian_Crossing-Human_Control,Pedestrian_Crossing-Physical_Facilities,Road_Surface_Conditions,Road_Type,Special_Conditions_at_Site,Speed_limit,Time,Urban_or_Rural_Area,Weather_Conditions,InScotland,Age_Band_of_Driver,Age_of_Vehicle,Driver_Home_Area_Type,Driver_IMD_Decile,Engine_Capacity_.CC.,Hit_Object_in_Carriageway,Hit_Object_off_Carriageway,Journey_Purpose_of_Driver,Junction_Location,make,model,Propulsion_Code,Sex_of_Driver,Skidding_and_Overturning,Towing_and_Articulation,Vehicle_Leaving_Carriageway,Vehicle_Location.Restricted_Lane,Vehicle_Manoeuvre,Vehicle_Reference,Vehicle_Type,Was_Vehicle_Left_Hand_Drive,X1st_Point_of_Impact,Year
201050GA2P002,C,282,Unclassified,0,Slight,Other object on road,02-05-2021,Saturday,1,Give way or uncontrolled,Other junction,26.75704436,Darkness - lights lit,202100,52640,94.21899924,E01019041,2,2,0,0,Dry,Single carriageway,None,30,19:40:00,Urban,Fine no high winds,No,21 - 25,9,Urban area,8,1587,None,None,Other/Not known (2005-10),Approaching junction or waiting/parked at junction approach,CITROEN,SAXO VTR,Petrol,Male,None,No tow/articulation,Did not leave carriageway,0,Going ahead other,2,Car,No,Back,2019
201037G029221,A,1022,Unclassified,1044,Slight,None,20-11-2019,Thursday,1,Auto traffic signal,T or staggered junction,25.7791249,Darkness - lights lit,616160,244230,87.49720091,E01029959,1,1,0,5,Dry,Single carriageway,None,30,23:39:00,Urban,Fine no high winds,No,21 - 25,9,Urban area,8,1124,None,None,Other/Not known (2005-10),Mid Junction - on roundabout or on main road,CITROEN,SAXO FORTE,Petrol,Male,None,No tow/articulation,Did not leave carriageway,0,Going ahead left-hand bend,1,Car,No,Front,2019
201043N149120,C,171,Unclassified,2133,Slight,None,10-11-2021,Thursday,2,Give way or uncontrolled,T or staggered junction,23.03743233,Darkness - lights lit,480600,214130,72.60085892,E01017665,2,2,0,0,Dry,Single carriageway,None,30,17:30:00,Urban,Fine no high winds,No,21 - 25,9,Urban area,4,1124,None,None,Other/Not known (2005-10),Approaching junction or waiting/parked at junction approach,PEUGEOT,106 XN ZEST 2,Petrol,Male,None,No tow/articulation,Did not leave carriageway,0,Waiting to turn right,2,Car,No,Back,2019
201043N177110,Unclassified,64,NA,0,Slight,None,20-06-2019,Saturday,2,Data missing or out of range,Not at junction or within 20 metres,23.0888719,Darkness - lights lit,495580,197380,72.58831707,E01017745,1,2,0,0,Wet or damp,Single carriageway,None,30,23:55:00,Urban,Fine no high winds,No,21 - 25,9,Urban area,6,3246,None,None,Other/Not known (2005-10),Not at or within 20 metres of junction,BMW,M3,Petrol,Male,None,No tow/articulation,Did not leave carriageway,0,Reversing,1,Car,No,Back,2019
201050FT2J055,Unclassified,0,Unclassified,0,Slight,None,17-08-2021,Friday,2,Give way or uncontrolled,More than 4 arms (not roundabout),23.06710305,Darkness - lights lit,290970,64270,72.56947943,E01015255,1,1,0,0,Dry,Single carriageway,None,30,16:20:00,Urban,Fine no high winds,No,21 - 25,9,Urban area,5,998,None,None,Other/Not known (2005-10),Approaching junction or waiting/parked at junction approach,TOYOTA,YARIS GS,Petrol,Male,None,No tow/articulation,Did not leave carriageway,0,Going ahead other,1,Car,No,Front,2019
20104100B0046,B,197,NA,0,Slight,None,06-09-2021,Monday,1,Not at junction or within 20 metres,Not at junction or within 20 metres,23.03754642,Darkness - lights lit,523610,216540,72.54387291,E01023968,1,1,0,0,Wet or damp,Dual carriageway,None,70,22:20:00,Rural,Fine no high winds,No,21 - 25,9,Urban area,9,1299,None,Lamp post,Other/Not known (2005-10),Not at or within 20 metres of junction,FORD,KA,Petrol,Male,Skidded,No tow/articulation,Offside on to centrl res + rebounded,0,Going ahead right-hand bend,1,Car,No,Offside,2019
20104100T1084,Motorway,1,NA,0,Slight,None,02-09-2019,Thursday,1,Not at junction or within 20 metres,Not at junction or within 20 metres,28.40352254,Darkness - lights lit,509640,210050,77.00304839,E01023722,1,4,0,0,Dry,Dual carriageway,None,70,22:40:00,Rural,Fine no high winds,No,21 - 25,9,Urban area,8,999,None,None,Other/Not known (2005-10),Not at or within 20 metres of junction,VOLKSWAGEN,LUPO E,Petrol,Male,Skidded,No tow/articulation,Nearside,0,Going ahead other,4,Car,No,Nearside,2019
201043R212070,A(M),308,A,308,Slight,None,06-11-2021,Thursday,2,Give way or uncontrolled,Roundabout,28.44540709,Darkness - lights lit,489460,179120,77.09189614,E01016539,1,2,0,0,Dry,Roundabout,None,40,20:58:00,Rural,Fine no high winds,No,21 - 25,9,Urban area,9,599,None,None,Commuting to/from work,Leaving roundabout,HONDA,CBR 600 F,Petrol,Male,None,No tow/articulation,Did not leave carriageway,0,Turning right,2,Motorcycle over 500cc,No,Did not impact,2019
201043N238010,Motorway,40,NA,0,Slight,None,15-07-2019,Sunday,1,Data missing or out of range,Not at junction or within 20 metres,8.872475798,Darkness - lights lit,497580,188200,76.63050177,E01017821,1,2,0,0,Wet or damp,Dual carriageway,None,70,01:10:00,Rural,Fine no high winds,No,21 - 25,9,Urban area,8,1590,None,Near/Offside crash barrier,Commuting to/from work,Not at or within 20 metres of junction,HONDA,CIVIC SE,Petrol,Male,None,No tow/articulation,Nearside and rebounded,0,Overtaking moving vehicle - offside,1,Car,No,Front,2020
20104100C0260,Unclassified,425,NA,0,Slight,None,02-03-2019,Sunday,1,Not at junction or within 20 metres,Not at junction or within 20 metres,26.45384125,Darkness - lights lit,511190,198540,74.65330984,E01023858,1,1,0,0,Dry,Single carriageway,None,30,23:30:00,Urban,Fine no high winds,No,21 - 25,9,Urban area,7,1199,None,None,Other/Not known (2005-10),Not at or within 20 metres of junction,VAUXHALL,CORSA ELEGANCE 16V SEMI-AUT,Petrol,Male,None,No tow/articulation,Did not leave carriageway,0,Reversing,1,Car,No,Offside,2020
201045SP52600,Unclassified,0,NA,0,Slight,None,27-05-2021,Sunday,2,Data missing or out of range,Not at junction or within 20 metres,28.62818495,Darkness - lights lit,503500,171800,77.21563149,E01030736,2,2,0,0,Dry,Unknown,None,30,21:00:00,Urban,Fine no high winds,No,21 - 25,9,Urban area,7,1998,None,None,Other/Not known (2005-10),Not at or within 20 metres of junction,HONDA,CIVIC TYPE-R,Petrol,Male,None,No tow/articulation,Did not leave carriageway,0,Slowing or stopping,1,Car,No,Front,2020
201043S085100,C,8006,Unclassified,1034,Slight,None,19-06-2019,Saturday,1,Give way or uncontrolled,T or staggered junction,28.55885903,Darkness - lights lit,482320,234950,77.06253202,E01016779,6,3,0,0,Dry,Dual carriageway,None,70,19:45:00,Rural,Fine no high winds,No,21 - 25,9,Urban area,2,1598,None,None,Other/Not known (2005-10),Approaching junction or waiting/parked at junction approach,VAUXHALL,ASTRA CLUB AUTO,Petrol,Male,None,No tow/articulation,Did not leave carriageway,0,Turning right,1,Car,No,Front,2021
2010400B02622,C,85,Unclassified,0,Slight,None,20-07-2021,Thursday,1,Give way or uncontrolled,T or staggered junction,28.54261683,Darkness - lights lit,499110,238880,77.16035767,E01017416,3,3,0,0,Dry,Single carriageway,Roadworks,30,20:27:00,Rural,Fine no high winds,No,21 - 25,9,Small town,8,1596,None,None,Other/Not known (2005-10),Mid Junction - on roundabout or on main road,FIAT,BRAVO 100 SX,Petrol,Male,None,No tow/articulation,Did not leave carriageway,0,Turning left,1,Car,No,Front,2021
201043S085100,C,8006,Unclassified,1034,Slight,None,28-01-2020,Saturday,1,Give way or uncontrolled,T or staggered junction,28.56012561,Darkness - lights lit,482320,234950,77.08247627,E01016779,6,3,0,0,Dry,Dual carriageway,None,70,19:45:00,Rural,Fine no high winds,No,21 - 25,9,Urban area,2,2157,None,None,Other/Not known (2005-10),Approaching junction or waiting/parked at junction approach,HONDA,ACCORD TYPE-R,Petrol,Male,None,No tow/articulation,Did not leave carriageway,0,Going ahead other,3,Car,No,Front,2021
201043N281100,A,404,A,4155,Slight,None,20-01-2021,Sunday,1,Give way or uncontrolled,Roundabout,18.53411578,Darkness - lights lit,486260,187710,73.81256495,E01017866,2,2,0,0,Dry,Roundabout,None,70,19:08:00,Rural,Fine no high winds,No,21 - 25,9,Urban area,4,999,None,None,Other/Not known (2005-10),Entering roundabout,VOLKSWAGEN,POLO E,Petrol,Male,None,No tow/articulation,Did not leave carriageway,0,Going ahead other,2,Car,No,Front,2021
201034TM48480,Motorway,1,NA,0,Slight,None,13-01-2020,Friday,1,Data missing or out of range,Not at junction or within 20 metres,18.49296207,Darkness - lights lit,476770,253750,73.84361539,E01027278,2,4,0,0,Dry,Dual carriageway,None,70,16:55:00,Rural,Fine no high winds,No,21 - 25,9,Rural,9,1997,None,None,Commuting to/from work,Not at or within 20 metres of junction,PEUGEOT,307 GLX 16V,Petrol,Male,None,No tow/articulation,Did not leave carriageway,0,Going ahead other,1,Car,No,Front,2021
201042I054902,A,13,NA,0,Slight,None,12-05-2020,Sunday,1,Not at junction or within 20 metres,Not at junction or within 20 metres,18.52571842,Darkness - lights lit,557230,179900,73.83594056,E01016012,1,1,0,0,Wet or damp,Dual carriageway,None,70,00:05:00,Rural,Fine no high winds,No,21 - 25,9,Urban area,2,3246,None,Tree,Other/Not known (2005-10),Not at or within 20 metres of junction,BMW,M3,Petrol,Male,Skidded and overturned,No tow/articulation,Nearside,0,Going ahead right-hand bend,1,Car,No,Offside,2021
201042I292809,A,130,NA,0,Slight,None,02-08-2020,Thursday,1,Not at junction or within 20 metres,Not at junction or within 20 metres,18.55304315,Darkness - lights lit,571940,209760,73.93695256,E01021616,1,2,0,0,Wet or damp,Single carriageway,None,40,21:48:00,Rural,Fine no high winds,No,21 - 25,9,Urban area,7,1390,None,None,Other/Not known (2005-10),Not at or within 20 metres of junction,RENAULT,MEGANE DYNAMIQUE COUPE,Petrol,Male,None,No tow/articulation,Did not leave carriageway,0,Going ahead other,1,Car,No,Front,2021
201042I339110,A,1306,NA,0,Slight,None,29-08-2019,Tuesday,1,Not at junction or within 20 metres,Not at junction or within 20 metres,18.61472535,Darkness - lights lit,560150,179740,73.87136964,E01015941,1,2,0,0,Dry,Single carriageway,None,50,17:40:00,Urban,Fine no high winds,No,21 - 25,9,Urban area,9,1242,None,None,Other/Not known (2005-10),Not at or within 20 metres of junction,FORD,FIESTA FREESTYLE,Petrol,Male,None,No tow/articulation,Did not leave carriageway,0,Slowing or stopping,2,Car,No,Back,2021
20105500C1176,Unclassified,0,A,35,Slight,None,19-05-2019,Sunday,1,Give way or uncontrolled,Roundabout,19.17973904,Darkness - lights lit,409910,91390,72.90413153,E01015285,4,2,0,4,Wet or damp,Single carriageway,None,30,22:30:00,Urban,Fine no high winds,No,21 - 25,9,Urban area,1,2979,None,None,Other/Not known (2005-10),Entering roundabout,BMW,330CI,Petrol,Male,None,No tow/articulation,Did not leave carriageway,0,Waiting to go - held up,2,Car,No,Back,2021
20104100C1067,A,411,Unclassified,750,Slight,None,14-07-2021,Friday,1,Give way or uncontrolled,T or staggered junction,19.17337165,Darkness - lights lit,509010,198820,72.92099483,E01023887,1,3,0,0,Dry,Single carriageway,None,40,07:40:00,Rural,Fine no high winds,No,21 - 25,9,Urban area,8,1149,None,None,Journey as part of work,Approaching junction or waiting/parked at junction approach,RENAULT,CLIO DYNAMIQUE 16V,Petrol,Male,None,No tow/articulation,Did not leave carriageway,0,Slowing or stopping,1,Car,No,Front,2021
201042I427012,Motorway,25,NA,0,Slight,None,09-07-2020,Saturday,1,Not at junction or within 20 metres,Not at junction or within 20 metres,19.17855485,Darkness - lights lit,557730,182640,72.8647397,E01015971,1,1,0,0,Wet or damp,Dual carriageway,None,70,03:42:00,Rural,Fine no high winds,No,21 - 25,9,Urban area,3,1360,None,Central crash barrier,Other/Not known (2005-10),Not at or within 20 metres of junction,CITROEN,SAXO FURIO,Petrol,Male,Skidded,No tow/articulation,Nearside,0,Going ahead other,1,Car,No,Offside,2021
20104100C0117,A,411,NA,0,Slight,None,02-04-2019,Monday,1,Not at junction or within 20 metres,Not at junction or within 20 metres,19.10532782,Darkness - lights lit,510220,197140,72.89691271,E01023888,1,3,0,0,Dry,Single carriageway,None,30,18:45:00,Urban,Fine no high winds,No,21 - 25,9,Urban area,5,2198,None,None,Commuting to/from work,Not at or within 20 metres of junction,VAUXHALL,ASTRA COUPE CONVERTIBLE,Petrol,Male,None,No tow/articulation,Did not leave carriageway,0,Slowing or stopping,1,Car,No,Front,2021
20104100A0684,A,1170,NA,0,Slight,None,24-10-2020,Sunday,1,Not at junction or within 20 metres,Not at junction or within 20 metres,14.66061873,Darkness - lights lit,535420,215260,78.60500946,E01023516,1,1,0,0,Dry,Single carriageway,None,40,02:15:00,Urban,Fine no high winds,No,21 - 25,9,Rural,8,1995,None,Other permanent object,Other/Not known (2005-10),Not at or within 20 metres of junction,VAUXHALL,VECTRA CLUB DTI,Heavy oil,Male,Skidded and overturned,No tow/articulation,Nearside,0,Going ahead right-hand bend,1,Car,No,Nearside,2019
201001CP00340,A,3211,A,300,Slight,None,05-11-2010,Friday,1,Auto traffic signal,T or staggered junction,51.510654,Darkness - lights lit,532420,180810,-0.093182,E01000004,1,2,0,5,Wet or damp,Dual carriageway,None,30,19:15:00,Urban,Fine no high winds,No,21 - 25,9,Data missing or out of range,NA,2324,None,None,Other/Not known (2005-10),Mid Junction - on roundabout or on main road,VOLKSWAGEN,GOLF V5,Petrol,Male,None,No tow/articulation,Did not leave carriageway,0,Turning left,1,Car,No,Did not impact,2010
201001HT20807,Unclassified,0,A,107,Slight,None,08-11-2010,Monday,1,Give way or uncontrolled,T or staggered junction,51.52084,Darkness - lights lit,534950,182010,-0.056287,E01004208,1,2,0,0,Dry,Single carriageway,None,30,18:30:00,Urban,Fine no high winds,No,21 - 25,9,Urban area,4,1895,None,None,Other/Not known (2005-10),Mid Junction - on roundabout or on main road,BMW,316I SE,Petrol,Male,None,No tow/articulation,Did not leave carriageway,0,Going ahead other,1,Car,No,Front,2010
201001JI40450,A,118,NA,0,Slight,None,17-07-2010,Saturday,1,Data missing or out of range,Not at junction or within 20 metres,51.563531,Darkness - lights lit,545420,187050,0.096599,E01003714,5,2,0,0,Dry,Single carriageway,None,30,00:45:00,Urban,Fine no high winds,No,21 - 25,9,Urban area,5,1598,None,None,Other/Not known (2005-10),Not at or within 20 metres of junction,TOYOTA,AVENSIS VVT-I,Petrol,Male,None,No tow/articulation,Did not leave carriageway,0,Going ahead other,2,Car,No,Nearside,2010
201001KD50638,A,118,C,0,Slight,None,11-12-2010,Saturday,1,Give way or uncontrolled,Roundabout,51.580097,Darkness - lights lit,551440,189070,0.184254,E01002357,1,2,0,7,Wet or damp,Roundabout,None,30,18:56:00,Urban,Fine no high winds,No,21 - 25,9,Urban area,7,1389,None,None,Other/Not known (2005-10),Mid Junction - on roundabout or on main road,VAUXHALL,CORSA SRI 16V,Petrol,Male,None,No tow/articulation,Did not leave carriageway,0,Going ahead right-hand bend,1,Car,No,Offside,2010
201001KF60011,A,112,B,165,Slight,None,08-01-2010,Friday,1,Auto traffic signal,T or staggered junction,51.536871,Darkness - lights lit,539250,183910,0.006401,E01003636,1,2,0,5,Frost or ice,Single carriageway,None,30,20:33:00,Urban,Fine no high winds,No,21 - 25,9,Data missing or out of range,NA,1596,None,None,Commuting to/from work,Mid Junction - on roundabout or on main road,FIAT,BRAVA 100 SX,Petrol,Male,Skidded,No tow/articulation,Did not leave carriageway,0,Turning right,2,Car,No,Front,2010
201001MM71098,A,100,Unclassified,0,Slight,None,18-12-2010,Saturday,1,Give way or uncontrolled,T or staggered junction,51.49504,Darkness - lights lit,533090,179090,-0.084182,E01003941,1,1,0,0,Frost or ice,Single carriageway,None,30,19:10:00,Urban,Fine no high winds,No,21 - 25,9,Urban area,5,1242,Bollard or refuge,None,Other/Not known (2005-10),Cleared junction or waiting/parked at junction exit,FIAT,PUNTO SPORTING SPEEDGEAR,Petrol,Male,Skidded,No tow/articulation,Did not leave carriageway,0,Going ahead other,1,Car,No,Front,2010
201001PL60747,A,21,Unclassified,0,Slight,None,04-11-2010,Thursday,1,Give way or uncontrolled,T or staggered junction,51.455407,Darkness - lights lit,537980,174810,-0.015454,E01003289,2,2,0,0,Dry,Single carriageway,None,30,21:10:00,Urban,Fine no high winds,No,21 - 25,9,Data missing or out of range,NA,1796,None,None,Other/Not known (2005-10),Approaching junction or waiting/parked at junction approach,BMW,316TI SE COMPACT,Petrol,Male,None,No tow/articulation,Did not leave carriageway,0,Overtaking moving vehicle - offside,2,Car,No,Nearside,2010
201001PY20117,C,0,NA,0,Slight,None,20-02-2010,Saturday,1,Data missing or out of range,Not at junction or within 20 metres,51.399638,Darkness - lights lit,540400,168670,0.016922,E01000675,1,2,0,4,Dry,Single carriageway,None,30,20:32:00,Urban,Fine no high winds,No,21 - 25,9,Urban area,3,1679,None,None,Other/Not known (2005-10),Not at or within 20 metres of junction,FORD,,Petrol,Male,None,No tow/articulation,Did not leave carriageway,0,Turning right,1,Car,No,Nearside,2010
201001QK50067,A,404,Unclassified,0,Slight,None,27-01-2010,Wednesday,1,Give way or uncontrolled,T or staggered junction,51.547384,Darkness - lights lit,519650,184580,-0.275829,E01000621,1,2,0,0,Wet or damp,Single carriageway,None,30,23:31:00,Urban,Fine no high winds,No,21 - 25,9,Urban area,3,1390,None,None,Other/Not known (2005-10),Mid Junction - on roundabout or on main road,VOLKSWAGEN,GOLF E,Petrol,Male,None,No tow/articulation,Did not leave carriageway,2,Going ahead other,2,Car,No,Front,2010
201001QK50388,B,4557,C,0,Slight,None,13-07-2010,Tuesday,1,Auto traffic signal,T or staggered junction,51.555657,Darkness - lights lit,520050,185510,-0.269746,E01000615,1,2,0,5,Dry,Single carriageway,None,30,23:15:00,Urban,Fine no high winds,No,21 - 25,9,Urban area,5,1422,None,None,Other/Not known (2005-10),Approaching junction or waiting/parked at junction approach,VOLKSWAGEN,POLO S TDI,Heavy oil,Male,None,No tow/articulation,Did not leave carriageway,0,Going ahead other,2,Car,No,Front,2010
201001RG40510,A,2041,A,2041,Slight,None,21-08-2010,Saturday,1,Give way or uncontrolled,Roundabout,51.48861,Darkness - lights lit,547430,178770,0.122113,E01000417,1,1,0,0,Dry,Roundabout,None,30,21:10:00,Urban,Fine no high winds,No,21 - 25,9,Urban area,7,1783,Kerb,Lamp post,Other/Not known (2005-10),Mid Junction - on roundabout or on main road,RENAULT,LAGUNA PRIVILEGE 16V,Petrol,Male,None,No tow/articulation,Straight ahead at junction,9,Going ahead other,1,Car,No,Front,2010
201001SX20094,A,502,Unclassified,0,Slight,None,21-01-2010,Thursday,2,Give way or uncontrolled,T or staggered junction,51.578744,Darkness - lights lit,524250,188180,-0.208251,E01000218,1,2,0,0,Wet or damp,Single carriageway,None,30,07:10:00,Urban,Fine no high winds,No,21 - 25,9,Urban area,6,1149,None,None,Commuting to/from work,Mid Junction - on roundabout or on main road,RENAULT,CLIO DYNAMIQUE 16V,Petrol,Male,Skidded,No tow/articulation,Did not leave carriageway,0,Slowing or stopping,1,Car,No,Front,2010
201001SX20206,A,5,Unclassified,0,Slight,None,20-02-2010,Saturday,1,Give way or uncontrolled,Private drive or entrance,51.590426,Darkness - lights lit,520950,189400,-0.255432,E01000516,1,2,0,0,Dry,Single carriageway,None,30,05:25:00,Urban,Fine no high winds,No,21 - 25,9,Urban area,2,2461,Kerb,None,Other/Not known (2005-10),Mid Junction - on roundabout or on main road,VOLKSWAGEN,LT35 SDI MWB,Heavy oil,Male,None,No tow/articulation,Nearside,0,Going ahead other,1,Van / Goods 3.5 tonnes mgw or under,No,Nearside,2010
201001SX20255,A,406,A,1,Slight,None,14-02-2010,Sunday,1,Give way or uncontrolled,Slip road,51.589255,Darkness - lights lit,525080,189370,-0.195856,E01000211,2,3,0,0,Wet or damp,Dual carriageway,None,40,18:50:00,Urban,Fine no high winds,No,21 - 25,9,Data missing or out of range,NA,1242,None,None,Other/Not known (2005-10),Approaching junction or waiting/parked at junction approach,FIAT,PUNTO MIA,Petrol,Male,None,No tow/articulation,Did not leave carriageway,0,Turning left,3,Car,No,Back,2010
201001SX20848,A,1000,NA,0,Slight,None,12-08-2010,Thursday,1,Data missing or out of range,Not at junction or within 20 metres,51.603497,Darkness - lights lit,526500,190990,-0.174785,E01000316,2,2,0,0,Dry,Single carriageway,None,30,20:30:00,Urban,Fine no high winds,No,21 - 25,9,Urban area,5,1598,None,None,Other/Not known (2005-10),Not at or within 20 metres of junction,VAUXHALL,ASTRA CLUB 16V AUTO,Petrol,Male,None,No tow/articulation,Did not leave carriageway,0,Changing lane to right,1,Car,No,Offside,2010
201001SX21320,A,406,NA,0,Slight,None,11-12-2010,Saturday,1,Data missing or out of range,Not at junction or within 20 metres,51.572905,Darkness - lights lit,523010,187500,-0.226376,E01000307,2,2,0,0,Dry,Dual carriageway,None,30,16:20:00,Urban,Fine no high winds,No,21 - 25,9,Urban area,6,1199,None,None,Other/Not known (2005-10),Not at or within 20 metres of junction,VAUXHALL,CORSA COMFORT 16V,Petrol,Male,None,No tow/articulation,Did not leave carriageway,0,Slowing or stopping,1,Car,No,Back,2010
201001TB00263,Unclassified,0,Unclassified,0,Slight,None,31-05-2010,Monday,1,Give way or uncontrolled,T or staggered junction,51.427885,Darkness - lights lit,523670,171380,-0.222503,E01003465,1,3,0,0,Dry,Single carriageway,None,30,02:00:00,Urban,Fine no high winds,No,21 - 25,9,Urban area,9,1242,Kerb,Lamp post,Other/Not known (2005-10),Mid Junction - on roundabout or on main road,FIAT,PUNTO 1.2,Petrol,Male,None,No tow/articulation,Offside,0,U-turn,3,Car,No,Front,2010
201034TM48480,Motorway,1,NA,0,Slight,None,12-11-2010,Friday,1,Data missing or out of range,Not at junction or within 20 metres,52.176636,Darkness - lights lit,476770,253750,-0.878726,E01027278,2,4,0,0,Dry,Dual carriageway,None,70,16:55:00,Rural,Fine no high winds,No,21 - 25,9,Rural,9,1997,None,None,Commuting to/from work,Not at or within 20 metres of junction,PEUGEOT,307 GLX 16V,Petrol,Male,None,No tow/articulation,Did not leave carriageway,0,Going ahead other,1,Car,No,Front,2010
201037G029221,A,1022,Unclassified,1044,Slight,None,15-04-2010,Thursday,1,Auto traffic signal,T or staggered junction,52.054225,Darkness - lights lit,616160,244230,1.151443,E01029959,1,1,0,5,Dry,Single carriageway,None,30,23:39:00,Urban,Fine no high winds,No,21 - 25,9,Urban area,8,1124,None,None,Other/Not known (2005-10),Mid Junction - on roundabout or on main road,CITROEN,SAXO FORTE,Petrol,Male,None,No tow/articulation,Did not leave carriageway,0,Going ahead left-hand bend,1,Car,No,Front,2010
2010400B02622,C,85,Unclassified,0,Slight,None,09-09-2010,Thursday,1,Give way or uncontrolled,T or staggered junction,52.03943,Darkness - lights lit,499110,238880,-0.556443,E01017416,3,3,0,0,Dry,Single carriageway,Roadworks,30,20:27:00,Rural,Fine no high winds,No,21 - 25,9,Small town,8,1596,None,None,Other/Not known (2005-10),Mid Junction - on roundabout or on main road,FIAT,BRAVO 100 SX,Petrol,Male,None,No tow/articulation,Did not leave carriageway,0,Turning left,1,Car,No,Front,2010
20104100A0684,A,1170,NA,0,Slight,None,26-09-2010,Sunday,1,Not at junction or within 20 metres,Not at junction or within 20 metres,51.819517,Darkness - lights lit,535420,215260,-0.036638,E01023516,1,1,0,0,Dry,Single carriageway,None,40,02:15:00,Urban,Fine no high winds,No,21 - 25,9,Rural,8,1995,None,Other permanent object,Other/Not known (2005-10),Not at or within 20 metres of junction,VAUXHALL,VECTRA CLUB DTI,Heavy oil,Male,Skidded and overturned,No tow/articulation,Nearside,0,Going ahead right-hand bend,1,Car,No,Nearside,2010
20104100B0046,B,197,NA,0,Slight,None,25-01-2010,Monday,1,Not at junction or within 20 metres,Not at junction or within 20 metres,51.833755,Darkness - lights lit,523610,216540,-0.207435,E01023968,1,1,0,0,Wet or damp,Dual carriageway,None,70,22:20:00,Rural,Fine no high winds,No,21 - 25,9,Urban area,9,1299,None,Lamp post,Other/Not known (2005-10),Not at or within 20 metres of junction,FORD,KA,Petrol,Male,Skidded,No tow/articulation,Offside on to centrl res + rebounded,0,Going ahead right-hand bend,1,Car,No,Offside,2010
20104100C0117,A,411,NA,0,Slight,None,01-02-2010,Monday,1,Not at junction or within 20 metres,Not at junction or within 20 metres,51.662192,Darkness - lights lit,510220,197140,-0.407825,E01023888,1,3,0,0,Dry,Single carriageway,None,30,18:45:00,Urban,Fine no high winds,No,21 - 25,9,Urban area,5,2198,None,None,Commuting to/from work,Not at or within 20 metres of junction,VAUXHALL,ASTRA COUPE CONVERTIBLE,Petrol,Male,None,No tow/articulation,Did not leave carriageway,0,Slowing or stopping,1,Car,No,Front,2010
20104100C0260,Unclassified,425,NA,0,Slight,None,21-03-2010,Sunday,1,Not at junction or within 20 metres,Not at junction or within 20 metres,51.674584,Darkness - lights lit,511190,198540,-0.393361,E01023858,1,1,0,0,Dry,Single carriageway,None,30,23:30:00,Urban,Fine no high winds,No,21 - 25,9,Urban area,7,1199,None,None,Other/Not known (2005-10),Not at or within 20 metres of junction,VAUXHALL,CORSA ELEGANCE 16V SEMI-AUT,Petrol,Male,None,No tow/articulation,Did not leave carriageway,0,Reversing,1,Car,No,Offside,2010
20104100C1067,A,411,Unclassified,750,Slight,None,29-10-2010,Friday,1,Give way or uncontrolled,T or staggered junction,51.677528,Darkness - lights lit,509010,198820,-0.424788,E01023887,1,3,0,0,Dry,Single carriageway,None,40,07:40:00,Rural,Fine no high winds,No,21 - 25,9,Urban area,8,1149,None,None,Journey as part of work,Approaching junction or waiting/parked at junction approach,RENAULT,CLIO DYNAMIQUE 16V,Petrol,Male,None,No tow/articulation,Did not leave carriageway,0,Slowing or stopping,1,Car,No,Front,2010
20104100T1084,Motorway,1,NA,0,Slight,None,17-06-2010,Thursday,1,Not at junction or within 20 metres,Not at junction or within 20 metres,51.778339,Darkness - lights lit,509640,210050,-0.412147,E01023722,1,4,0,0,Dry,Dual carriageway,None,70,22:40:00,Rural,Fine no high winds,No,21 - 25,9,Urban area,8,999,None,None,Other/Not known (2005-10),Not at or within 20 metres of junction,VOLKSWAGEN,LUPO E,Petrol,Male,Skidded,No tow/articulation,Nearside,0,Going ahead other,4,Car,No,Nearside,2010
201042I054902,A,13,NA,0,Slight,None,21-02-2010,Sunday,1,Not at junction or within 20 metres,Not at junction or within 20 metres,51.496125,Darkness - lights lit,557230,179900,0.263657,E01016012,1,1,0,0,Wet or damp,Dual carriageway,None,70,00:05:00,Rural,Fine no high winds,No,21 - 25,9,Urban area,2,3246,None,Tree,Other/Not known (2005-10),Not at or within 20 metres of junction,BMW,M3,Petrol,Male,Skidded and overturned,No tow/articulation,Nearside,0,Going ahead right-hand bend,1,Car,No,Offside,2010
201042I292809,A,130,NA,0,Slight,None,09-09-2010,Thursday,1,Not at junction or within 20 metres,Not at junction or within 20 metres,51.760078,Darkness - lights lit,571940,209760,0.490016,E01021616,1,2,0,0,Wet or damp,Single carriageway,None,40,21:48:00,Rural,Fine no high winds,No,21 - 25,9,Urban area,7,1390,None,None,Other/Not known (2005-10),Not at or within 20 metres of junction,RENAULT,MEGANE DYNAMIQUE COUPE,Petrol,Male,None,No tow/articulation,Did not leave carriageway,0,Going ahead other,1,Car,No,Front,2010