Accident_Index,1st_Road_Class,1st_Road_Number,2nd_Road_Class,2nd_Road_Number,Accident_Severity,Carriageway_Hazards,Date,Day_of_Week,Did_Police_Officer_Attend_Scene_of_Accident,Junction_Control,Junction_Detail,Latitude,Light_Conditions,Location_Easting_OSGR,Location_Northing_OSGR,Longitude,LSOA_of_Accident_Location,Number_of_Casualties,Number_of_Vehicles,Pedestrian_Crossing-Human_Control,Pedestrian_Crossing-Physical_Facilities,Road_Surface_Conditions,Road_Type,Special_Conditions_at_Site,Speed_limit,Time,Urban_or_Rural_Area,Weather_Conditions,InScotland,Age_Band_of_Driver,Age_of_Vehicle,Driver_Home_Area_Type,Driver_IMD_Decile,Engine_Capacity_.CC.,Hit_Object_in_Carriageway,Hit_Object_off_Carriageway,Journey_Purpose_of_Driver,Junction_Location,make,model,Propulsion_Code,Sex_of_Driver,Skidding_and_Overturning,Towing_and_Articulation,Vehicle_Leaving_Carriageway,Vehicle_Location.Restricted_Lane,Vehicle_Manoeuvre,Vehicle_Reference,Vehicle_Type,Was_Vehicle_Left_Hand_Drive,X1st_Point_of_Impact,Year
201042I339110,A,1306,NA,0,Slight,None,12-10-2010,Tuesday,1,Not at junction or within 20 metres,Not at junction or within 20 metres,51.493868,Darkness - lights lit,560150,179740,0.305614,E01015941,1,2,0,0,Dry,Single carriageway,None,50,17:40:00,Urban,Fine no high winds,No,21 - 25,9,Urban area,9,1242,None,None,Other/Not known (2005-10),Not at or within 20 metres of junction,FORD,FIESTA FREESTYLE,Petrol,Male,None,No tow/articulation,Did not leave carriageway,0,Slowing or stopping,2,Car,No,Back,2010
201042I427012,Motorway,25,NA,0,Slight,None,25-12-2010,Saturday,1,Not at junction or within 20 metres,Not at junction or within 20 metres,51.520603,Darkness - lights lit,557730,182640,0.272079,E01015971,1,1,0,0,Wet or damp,Dual carriageway,None,70,03:42:00,Rural,Fine no high winds,No,21 - 25,9,Urban area,3,1360,None,Central crash barrier,Other/Not known (2005-10),Not at or within 20 metres of junction,CITROEN,SAXO FURIO,Petrol,Male,Skidded,No tow/articulation,Nearside,0,Going ahead other,1,Car,No,Offside,2010
201043N149120,C,171,Unclassified,2133,Slight,None,16-12-2010,Thursday,2,Give way or uncontrolled,T or staggered junction,51.819947,Darkness - lights lit,480600,214130,-0.832033,E01017665,2,2,0,0,Dry,Single carriageway,None,30,17:30:00,Urban,Fine no high winds,No,21 - 25,9,Urban area,4,1124,None,None,Other/Not known (2005-10),Approaching junction or waiting/parked at junction approach,PEUGEOT,106 XN ZEST 2,Petrol,Male,None,No tow/articulation,Did not leave carriageway,0,Waiting to turn right,2,Car,No,Back,2010
201043N177110,Unclassified,64,NA,0,Slight,None,20-11-2010,Saturday,2,Data missing or out of range,Not at junction or within 20 metres,51.667028,Darkness - lights lit,495580,197380,-0.619357,E01017745,1,2,0,0,Wet or damp,Single carriageway,None,30,23:55:00,Urban,Fine no high winds,No,21 - 25,9,Urban area,6,3246,None,None,Other/Not known (2005-10),Not at or within 20 metres of junction,BMW,M3,Petrol,Male,None,No tow/articulation,Did not leave carriageway,0,Reversing,1,Car,No,Back,2010
201043N238010,Motorway,40,NA,0,Slight,None,31-01-2010,Sunday,1,Data missing or out of range,Not at junction or within 20 metres,51.584168,Darkness - lights lit,497580,188200,-0.593002,E01017821,1,2,0,0,Wet or damp,Dual carriageway,None,70,01:10:00,Rural,Fine no high winds,No,21 - 25,9,Urban area,8,1590,None,Near/Offside crash barrier,Commuting to/from work,Not at or within 20 metres of junction,HONDA,CIVIC SE,Petrol,Male,None,No tow/articulation,Nearside and rebounded,0,Overtaking moving vehicle - offside,1,Car,No,Front,2010
201043N281100,A,404,A,4155,Slight,None,17-10-2010,Sunday,1,Give way or uncontrolled,Roundabout,51.581608,Darkness - lights lit,486260,187710,-0.756464,E01017866,2,2,0,0,Dry,Roundabout,None,70,19:08:00,Rural,Fine no high winds,No,21 - 25,9,Urban area,4,999,None,None,Other/Not known (2005-10),Entering roundabout,VOLKSWAGEN,POLO E,Petrol,Male,None,No tow/articulation,Did not leave carriageway,0,Going ahead other,2,Car,No,Front,2010
201043R149100,Unclassified,7302,NA,0,Slight,None,23-10-2010,Saturday,1,Data missing or out of range,Not at junction or within 20 metres,51.514214,Darkness - lights lit,497180,180410,-0.600923,E01016448,1,3,0,0,Wet or damp,Single carriageway,None,30,23:36:00,Urban,Fine no high winds,No,21 - 25,9,Urban area,3,1587,None,None,Other/Not known (2005-10),Not at or within 20 metres of junction,PEUGEOT,307 LX 16V,Petrol,Male,None,No tow/articulation,Did not leave carriageway,0,Waiting to go - held up,2,Car,No,Back,2010
201043R212070,A(M),308,A,308,Slight,None,22-07-2010,Thursday,2,Give way or uncontrolled,Roundabout,51.503891,Darkness - lights lit,489460,179120,-0.712473,E01016539,1,2,0,0,Dry,Roundabout,None,40,20:58:00,Rural,Fine no high winds,No,21 - 25,9,Urban area,9,599,None,None,Commuting to/from work,Leaving roundabout,HONDA,CBR 600 F,Petrol,Male,None,No tow/articulation,Did not leave carriageway,0,Turning right,2,Motorcycle over 500cc,No,Did not impact,2010
201043S085100,C,8006,Unclassified,1034,Slight,None,16-10-2010,Saturday,1,Give way or uncontrolled,T or staggered junction,52.006848,Darkness - lights lit,482320,234950,-0.802114,E01016779,6,3,0,0,Dry,Dual carriageway,None,70,19:45:00,Rural,Fine no high winds,No,21 - 25,9,Urban area,2,1598,None,None,Other/Not known (2005-10),Approaching junction or waiting/parked at junction approach,VAUXHALL,ASTRA CLUB AUTO,Petrol,Male,None,No tow/articulation,Did not leave carriageway,0,Turning right,1,Car,No,Front,2010
201043S085100,C,8006,Unclassified,1034,Slight,None,16-10-2010,Saturday,1,Give way or uncontrolled,T or staggered junction,52.006848,Darkness - lights lit,482320,234950,-0.802114,E01016779,6,3,0,0,Dry,Dual carriageway,None,70,19:45:00,Rural,Fine no high winds,No,21 - 25,9,Urban area,2,2157,None,None,Other/Not known (2005-10),Approaching junction or waiting/parked at junction approach,HONDA,ACCORD TYPE-R,Petrol,Male,None,No tow/articulation,Did not leave carriageway,0,Going ahead other,3,Car,No,Front,2010
201045SP52600,Unclassified,0,NA,0,Slight,None,25-07-2010,Sunday,2,Data missing or out of range,Not at junction or within 20 metres,51.4357,Darkness - lights lit,503500,171800,-0.512396,E01030736,2,2,0,0,Dry,Unknown,None,30,21:00:00,Urban,Fine no high winds,No,21 - 25,9,Urban area,7,1998,None,None,Other/Not known (2005-10),Not at or within 20 metres of junction,HONDA,CIVIC TYPE-R,Petrol,Male,None,No tow/articulation,Did not leave carriageway,0,Slowing or stopping,1,Car,No,Front,2010
201050EC2J075,A,374,Unclassified,0,Slight,None,19-11-2010,Friday,1,Authorised person,Slip road,50.370969,Darkness - lights lit,248560,54520,-4.130983,E01015154,3,2,0,0,Wet or damp,Single carriageway,None,30,20:58:00,Urban,Fine no high winds,No,21 - 25,9,Urban area,4,1753,None,None,Other/Not known (2005-10),Entering from slip road,FORD,FIESTA FREESTYLE,Heavy oil,Male,None,No tow/articulation,Did not leave carriageway,0,Moving off,1,Car,No,Front,2010
201050FT2J055,Unclassified,0,Unclassified,0,Slight,None,12-11-2010,Friday,2,Give way or uncontrolled,More than 4 arms (not roundabout),50.468018,Darkness - lights lit,290970,64270,-3.537705,E01015255,1,1,0,0,Dry,Single carriageway,None,30,16:20:00,Urban,Fine no high winds,No,21 - 25,9,Urban area,5,998,None,None,Other/Not known (2005-10),Approaching junction or waiting/parked at junction approach,TOYOTA,YARIS GS,Petrol,Male,None,No tow/articulation,Did not leave carriageway,0,Going ahead other,1,Car,No,Front,2010
201050GA2P002,C,282,Unclassified,0,Slight,Other object on road,06-03-2010,Saturday,1,Give way or uncontrolled,Other junction,50.340285,Darkness - lights lit,202100,52640,-4.782611,E01019041,2,2,0,0,Dry,Single carriageway,None,30,19:40:00,Urban,Fine no high winds,No,21 - 25,9,Urban area,8,1587,None,None,Other/Not known (2005-10),Approaching junction or waiting/parked at junction approach,CITROEN,SAXO VTR,Petrol,Male,None,No tow/articulation,Did not leave carriageway,0,Going ahead other,2,Car,No,Back,2010
20105500C1176,Unclassified,0,A,35,Slight,None,28-03-2010,Sunday,1,Give way or uncontrolled,Roundabout,50.721985,Darkness - lights lit,409910,91390,-1.860994,E01015285,4,2,0,4,Wet or damp,Single carriageway,None,30,22:30:00,Urban,Fine no high winds,No,21 - 25,9,Urban area,1,2979,None,None,Other/Not known (2005-10),Entering roundabout,BMW,330CI,Petrol,Male,None,No tow/articulation,Did not leave carriageway,0,Waiting to go - held up,2,Car,No,Back,2010
2010550D46696,A,354,A,353,Slight,None,23-10-2010,Saturday,1,Give way or uncontrolled,Roundabout,50.612798,Darkness - lights lit,367600,79340,-2.459316,E01020574,2,2,0,0,Dry,Roundabout,None,30,21:50:00,Urban,Fine no high winds,No,21 - 25,9,Urban area,7,1397,None,None,Other/Not known (2005-10),Mid Junction - on roundabout or on main road,SKODA,FABIA CLASSIC 8V,Petrol,Male,None,No tow/articulation,Did not leave carriageway,0,Going ahead other,2,Car,No,Nearside,2010
2010550D53506,A,35,Unclassified,0,Slight,None,05-12-2010,Sunday,1,Give way or uncontrolled,T or staggered junction,50.74222,Darkness - lights lit,414240,93650,-1.799567,E01020361,1,2,0,0,Frost or ice,Single carriageway,None,30,20:40:00,Urban,Fine no high winds,No,21 - 25,9,Urban area,9,1391,Parked vehicle,None,Commuting to/from work,Approaching junction or waiting/parked at junction approach,SEAT,IBIZA CHILL,Petrol,Male,Skidded,No tow/articulation,Did not leave carriageway,0,Going ahead other,1,Car,No,Nearside,2010
201060L019711,Unclassified,0,NA,0,Slight,None,04-02-2010,Thursday,1,Data missing or out of range,Not at junction or within 20 metres,53.289419,Darkness - lights lit,289270,378230,-3.662616,W01000163,1,1,0,0,Wet or damp,Single carriageway,None,60,07:01:00,Rural,Fine no high winds,No,21 - 25,9,Urban area,NA,1997,None,Road sign or traffic signal,Journey as part of work,Not at or within 20 metres of junction,PEUGEOT,307 RAPIER HDI,Heavy oil,Male,Skidded,No tow/articulation,Nearside,0,Slowing or stopping,1,Car,No,Front,2010
201001HT20807,Unclassified,0,A,107,Slight,None,08-11-2010,Monday,1,Give way or uncontrolled,T or staggered junction,51.52084,Darkness - lights lit,534950,182010,-0.056287,E01004208,1,2,0,0,Dry,Single carriageway,None,30,18:30:00,Urban,Fine no high winds,No,21 - 25,9,Urban area,4,1895,None,None,Other/Not known (2005-10),Mid Junction - on roundabout or on main road,BMW,316I SE,Petrol,Male,None,No tow/articulation,Did not leave carriageway,0,Going ahead other,1,Car,No,Front,2010
201001JI40450,A,118,NA,0,Slight,None,17-07-2010,Saturday,1,Data missing or out of range,Not at junction or within 20 metres,51.563531,Darkness - lights lit,545420,187050,0.096599,E01003714,5,2,0,0,Dry,Single carriageway,None,30,00:45:00,Urban,Fine no high winds,No,21 - 25,9,Urban area,5,1598,None,None,Other/Not known (2005-10),Not at or within 20 metres of junction,TOYOTA,AVENSIS VVT-I,Petrol,Male,None,No tow/articulation,Did not leave carriageway,0,Going ahead other,2,Car,No,Nearside,2010
201001KD50638,A,118,C,0,Slight,None,11-12-2010,Saturday,1,Give way or uncontrolled,Roundabout,51.580097,Darkness - lights lit,551440,189070,0.184254,E01002357,1,2,0,7,Wet or damp,Roundabout,None,30,18:56:00,Urban,Fine no high winds,No,21 - 25,9,Urban area,7,1389,None,None,Other/Not known (2005-10),Mid Junction - on roundabout or on main road,VAUXHALL,CORSA SRI 16V,Petrol,Male,None,No tow/articulation,Did not leave carriageway,0,Going ahead right-hand bend,1,Car,No,Offside,2010
201001KF60011,A,112,B,165,Slight,None,08-01-2010,Friday,1,Auto traffic signal,T or staggered junction,51.536871,Darkness - lights lit,539250,183910,0.006401,E01003636,1,2,0,5,Frost or ice,Single carriageway,None,30,20:33:00,Urban,Fine no high winds,No,21 - 25,9,Data missing or out of range,NA,1596,None,None,Commuting to/from work,Mid Junction - on roundabout or on main road,FIAT,BRAVA 100 SX,Petrol,Male,Skidded,No tow/articulation,Did not leave carriageway,0,Turning right,2,Car,No,Front,2010
201001MM71098,A,100,Unclassified,0,Slight,None,18-12-2010,Saturday,1,Give way or uncontrolled,T or staggered junction,51.49504,Darkness - lights lit,533090,179090,-0.084182,E01003941,1,1,0,0,Frost or ice,Single carriageway,None,30,19:10:00,Urban,Fine no high winds,No,21 - 25,9,Urban area,5,1242,Bollard or refuge,None,Other/Not known (2005-10),Cleared junction or waiting/parked at junction exit,FIAT,PUNTO SPORTING SPEEDGEAR,Petrol,Male,Skidded,No tow/articulation,Did not leave carriageway,0,Going ahead other,1,Car,No,Front,2010
201001PL60747,A,21,Unclassified,0,Slight,None,04-11-2010,Thursday,1,Give way or uncontrolled,T or staggered junction,51.455407,Darkness - lights lit,537980,174810,-0.015454,E01003289,2,2,0,0,Dry,Single carriageway,None,30,21:10:00,Urban,Fine no high winds,No,21 - 25,9,Data missing or out of range,NA,1796,None,None,Other/Not known (2005-10),Approaching junction or waiting/parked at junction approach,BMW,316TI SE COMPACT,Petrol,Male,None,No tow/articulation,Did not leave carriageway,0,Overtaking moving vehicle - offside,2,Car,No,Nearside,2010
201001PY20117,C,0,NA,0,Slight,None,20-02-2010,Saturday,1,Data missing or out of range,Not at junction or within 20 metres,51.399638,Darkness - lights lit,540400,168670,0.016922,E01000675,1,2,0,4,Dry,Single carriageway,None,30,20:32:00,Urban,Fine no high winds,No,21 - 25,9,Urban area,3,1679,None,None,Other/Not known (2005-10),Not at or within 20 metres of junction,FORD,,Petrol,Male,None,No tow/articulation,Did not leave carriageway,0,Turning right,1,Car,No,Nearside,2010
201001QK50067,A,404,Unclassified,0,Slight,None,27-01-2010,Wednesday,1,Give way or uncontrolled,T or staggered junction,51.547384,Darkness - lights lit,519650,184580,-0.275829,E01000621,1,2,0,0,Wet or damp,Single carriageway,None,30,23:31:00,Urban,Fine no high winds,No,21 - 25,9,Urban area,3,1390,None,None,Other/Not known (2005-10),Mid Junction - on roundabout or on main road,VOLKSWAGEN,GOLF E,Petrol,Male,None,No tow/articulation,Did not leave carriageway,2,Going ahead other,2,Car,No,Front,2010
201001QK50388,B,4557,C,0,Slight,None,13-07-2010,Tuesday,1,Auto traffic signal,T or staggered junction,51.555657,Darkness - lights lit,520050,185510,-0.269746,E01000615,1,2,0,5,Dry,Single carriageway,None,30,23:15:00,Urban,Fine no high winds,No,21 - 25,9,Urban area,5,1422,None,None,Other/Not known (2005-10),Approaching junction or waiting/parked at junction approach,VOLKSWAGEN,POLO S TDI,Heavy oil,Male,None,No tow/articulation,Did not leave carriageway,0,Going ahead other,2,Car,No,Front,2010
201001RG40510,A,2041,A,2041,Slight,None,21-08-2010,Saturday,1,Give way or uncontrolled,Roundabout,51.48861,Darkness - lights lit,547430,178770,0.122113,E01000417,1,1,0,0,Dry,Roundabout,None,30,21:10:00,Urban,Fine no high winds,No,21 - 25,9,Urban area,7,1783,Kerb,Lamp post,Other/Not known (2005-10),Mid Junction - on roundabout or on main road,RENAULT,LAGUNA PRIVILEGE 16V,Petrol,Male,None,No tow/articulation,Straight ahead at junction,9,Going ahead other,1,Car,No,Front,2010
201001SX20094,A,502,Unclassified,0,Slight,None,21-01-2010,Thursday,2,Give way or uncontrolled,T or staggered junction,51.578744,Darkness - lights lit,524250,188180,-0.208251,E01000218,1,2,0,0,Wet or damp,Single carriageway,None,30,07:10:00,Urban,Fine no high winds,No,21 - 25,9,Urban area,6,1149,None,None,Commuting to/from work,Mid Junction - on roundabout or on main road,RENAULT,CLIO DYNAMIQUE 16V,Petrol,Male,Skidded,No tow/articulation,Did not leave carriageway,0,Slowing or stopping,1,Car,No,Front,2010
201001SX20206,A,5,Unclassified,0,Slight,None,20-02-2010,Saturday,1,Give way or uncontrolled,Private drive or entrance,51.590426,Darkness - lights lit,520950,189400,-0.255432,E01000516,1,2,0,0,Dry,Single carriageway,None,30,05:25:00,Urban,Fine no high winds,No,21 - 25,9,Urban area,2,2461,Kerb,None,Other/Not known (2005-10),Mid Junction - on roundabout or on main road,VOLKSWAGEN,LT35 SDI MWB,Heavy oil,Male,None,No tow/articulation,Nearside,0,Going ahead other,1,Van / Goods 3.5 tonnes mgw or under,No,Nearside,2010
201001SX20255,A,406,A,1,Slight,None,14-02-2010,Sunday,1,Give way or uncontrolled,Slip road,51.589255,Darkness - lights lit,525080,189370,-0.195856,E01000211,2,3,0,0,Wet or damp,Dual carriageway,None,40,18:50:00,Urban,Fine no high winds,No,21 - 25,9,Data missing or out of range,NA,1242,None,None,Other/Not known (2005-10),Approaching junction or waiting/parked at junction approach,FIAT,PUNTO MIA,Petrol,Male,None,No tow/articulation,Did not leave carriageway,0,Turning left,3,Car,No,Back,2010
201001SX20848,A,1000,NA,0,Slight,None,12-08-2010,Thursday,1,Data missing or out of range,Not at junction or within 20 metres,51.603497,Darkness - lights lit,526500,190990,-0.174785,E01000316,2,2,0,0,Dry,Single carriageway,None,30,20:30:00,Urban,Fine no high winds,No,21 - 25,9,Urban area,5,1598,None,None,Other/Not known (2005-10),Not at or within 20 metres of junction,VAUXHALL,ASTRA CLUB 16V AUTO,Petrol,Male,None,No tow/articulation,Did not leave carriageway,0,Changing lane to right,1,Car,No,Offside,2010
201001SX21320,A,406,NA,0,Slight,None,11-12-2010,Saturday,1,Data missing or out of range,Not at junction or within 20 metres,51.572905,Darkness - lights lit,523010,187500,-0.226376,E01000307,2,2,0,0,Dry,Dual carriageway,None,30,16:20:00,Urban,Fine no high winds,No,21 - 25,9,Urban area,6,1199,None,None,Other/Not known (2005-10),Not at or within 20 metres of junction,VAUXHALL,CORSA COMFORT 16V,Petrol,Male,None,No tow/articulation,Did not leave carriageway,0,Slowing or stopping,1,Car,No,Back,2010
201001TB00263,Unclassified,0,Unclassified,0,Slight,None,31-05-2010,Monday,1,Give way or uncontrolled,T or staggered junction,51.427885,Darkness - lights lit,523670,171380,-0.222503,E01003465,1,3,0,0,Dry,Single carriageway,None,30,02:00:00,Urban,Fine no high winds,No,21 - 25,9,Urban area,9,1242,Kerb,Lamp post,Other/Not known (2005-10),Mid Junction - on roundabout or on main road,FIAT,PUNTO 1.2,Petrol,Male,None,No tow/articulation,Offside,0,U-turn,3,Car,No,Front,2010
201001TX20752,A,30,C,0,Slight,None,13-10-2010,Wednesday,1,Auto traffic signal,Crossroads,51.466535,Darkness - lights lit,509690,175360,-0.422276,E01002444,1,2,0,5,Dry,Dual carriageway,None,30,19:18:00,Urban,Fine no high winds,No,21 - 25,9,Urban area,10,1998,None,None,Other/Not known (2005-10),Mid Junction - on roundabout or on main road,MERCEDES,C200 KOMPRESSOR AUTO,Petrol,Male,None,No tow/articulation,Did not leave carriageway,0,Turning right,2,Car,No,Front,2010
201001TX20799,A,312,A,314,Slight,None,19-11-2010,Friday,2,Auto traffic signal,Crossroads,51.44063,Darkness - lights lit,512080,172530,-0.388779,E01002607,1,3,0,5,Dry,Dual carriageway,None,30,20:45:00,Urban,Fine no high winds,No,21 - 25,9,Urban area,1,1299,None,None,Other/Not known (2005-10),Approaching junction or waiting/parked at junction approach,TOYOTA,YARIS GLS AUTO,Petrol,Male,None,No tow/articulation,Did not leave carriageway,0,Waiting to go - held up,2,Car,No,Back,2010
201001VW40363,A,217,Unclassified,0,Slight,None,06-10-2010,Wednesday,1,Give way or uncontrolled,T or staggered junction,51.416158,Darkness - lights lit,527920,170180,-0.161836,E01003392,1,3,0,0,Dry,Single carriageway,None,30,20:50:00,Urban,Fine no high winds,No,21 - 25,9,Urban area,8,1199,None,None,Other/Not known (2005-10),Mid Junction - on roundabout or on main road,VAUXHALL,CORSA CLUB 16V,Petrol,Male,None,No tow/articulation,Did not leave carriageway,0,Waiting to go - held up,1,Car,No,Back,2010
201001XD80838,B,455,Unclassified,0,Slight,None,10-11-2010,Wednesday,1,Give way or uncontrolled,T or staggered junction,51.49764,Darkness - lights lit,517710,179000,-0.305657,E01001301,1,2,0,0,Dry,Single carriageway,None,30,21:30:00,Urban,Fine no high winds,No,21 - 25,9,Urban area,3,599,None,None,Other/Not known (2005-10),Approaching junction or waiting/parked at junction approach,SUZUKI,GSX R600 K1,Petrol,Male,None,No tow/articulation,Did not leave carriageway,0,Going ahead other,1,Motorcycle over 500cc,No,Front,2010
201001XH30374,C,0,Unclassified,0,Slight,None,13-06-2010,Sunday,1,Give way or uncontrolled,T or staggered junction,51.515105,Darkness - lights lit,510440,180780,-0.409788,E01002505,1,2,0,0,Dry,Single carriageway,None,30,21:36:00,Urban,Fine no high winds,No,21 - 25,9,Urban area,2,1242,None,None,Other/Not known (2005-10),Mid Junction - on roundabout or on main road,FORD,FIESTA FREESTYLE,Petrol,Male,None,No tow/articulation,Did not leave carriageway,0,Going ahead other,2,Car,No,Front,2010
201001YE80253,A,110,NA,0,Slight,None,06-04-2010,Tuesday,1,Data missing or out of range,Not at junction or within 20 metres,51.649107,Darkness - lights lit,534440,196270,-0.058177,E01001511,1,1,0,0,Dry,Single carriageway,None,40,23:43:00,Urban,Fine no high winds,No,21 - 25,9,Urban area,4,2148,None,None,Commuting to/from work,Not at or within 20 metres of junction,MERCEDES,C220 CDI AVANTGARDE AUTO,Heavy oil,Male,None,No tow/articulation,Did not leave carriageway,0,Going ahead other,1,Car,No,Nearside,2010
201001YE80718,Unclassified,0,Unclassified,0,Slight,None,14-10-2010,Thursday,1,Give way or uncontrolled,T or staggered junction,51.620991,Darkness - lights lit,533260,193110,-0.076425,E01001463,1,2,0,0,Dry,Single carriageway,None,30,00:03:00,Urban,Fine no high winds,No,21 - 25,9,Urban area,4,1781,None,None,Other/Not known (2005-10),Mid Junction - on roundabout or on main road,AUDI,A4 T QUATTRO SE,Petrol,Male,None,No tow/articulation,Did not leave carriageway,0,Going ahead other,1,Car,No,Front,2010
201001ZD30673,A,23,NA,0,Slight,None,22-08-2010,Sunday,1,Data missing or out of range,Not at junction or within 20 metres,51.411957,Darkness - lights lit,530580,169780,-0.123753,E01001085,2,1,0,0,Dry,Single carriageway,None,30,22:25:00,Urban,Fine no high winds,No,21 - 25,9,Urban area,4,49,None,None,Other/Not known (2005-10),Not at or within 20 metres of junction,PIAGGIO,NRG,Petrol,Male,Skidded,No tow/articulation,Did not leave carriageway,0,Slowing or stopping,1,Motorcycle 50cc and under,No,Front,2010
201004AM10190,A,5230,NA,0,Slight,None,09-11-2010,Tuesday,1,Data missing or out of range,Not at junction or within 20 metres,53.794184,Darkness - lights lit,334310,433560,-2.998721,E01025031,1,2,0,0,Dry,Dual carriageway,None,70,19:40:00,Rural,Fine no high winds,No,21 - 25,9,Urban area,4,1997,None,None,Other/Not known (2005-10),Not at or within 20 metres of junction,PEUGEOT,206 GLX HDI,Heavy oil,Male,None,No tow/articulation,Nearside,0,Going ahead other,2,Car,No,Offside,2010
201004DA10143,A,583,A,59,Slight,None,25-12-2010,Saturday,1,Auto traffic signal,Crossroads,53.760149,Darkness - lights lit,353750,429540,-2.703029,E01025307,1,1,0,0,Snow,One way street,None,20,02:10:00,Urban,Fine no high winds,No,21 - 25,9,Urban area,3,1984,Bollard or refuge,None,Other/Not known (2005-10),Approaching junction or waiting/parked at junction approach,VOLKSWAGEN,PASSAT S,Petrol,Male,Skidded,No tow/articulation,Did not leave carriageway,0,Going ahead other,1,Car,No,Front,2010
201004DL10119,Unclassified,0,Unclassified,0,Slight,None,12-11-2010,Friday,1,Give way or uncontrolled,Crossroads,53.769811,Darkness - lights lit,352270,430630,-2.725645,E01025311,2,2,0,0,Wet or damp,Single carriageway,None,30,20:10:00,Urban,Fine no high winds,No,21 - 25,9,Urban area,3,1396,None,None,Other/Not known (2005-10),Mid Junction - on roundabout or on main road,ROVER,25 IL 16V,Petrol,Male,None,No tow/articulation,Did not leave carriageway,0,Going ahead other,2,Car,No,Nearside,2010
201004TA10039,Motorway,6,NA,0,Slight,None,09-03-2010,Tuesday,1,Data missing or out of range,Not at junction or within 20 metres,53.711982,Darkness - lights lit,355900,424160,-2.66965,E01025417,1,2,0,0,Dry,Dual carriageway,None,70,02:30:00,Rural,Fine no high winds,No,21 - 25,9,Urban area,1,1794,Bollard or refuge,Near/Offside crash barrier,Other/Not known (2005-10),Not at or within 20 metres of junction,TOYOTA,AVENSIS GS VVT-I,Petrol,Male,Skidded,No tow/articulation,Offside on to centrl res + rebounded,0,Going ahead other,1,Car,No,Front,2010
201005EE01980,A,562,Unclassified,0,Slight,None,24-02-2010,Wednesday,2,Auto traffic signal,Crossroads,53.394158,Darkness - lights lit,334950,389040,-2.979706,E01006511,2,2,0,0,Dry,Dual carriageway,None,30,21:15:00,Urban,Fine no high winds,No,21 - 25,9,Urban area,1,1753,None,None,Other/Not known (2005-10),Approaching junction or waiting/parked at junction approach,FORD,FIESTA FLIGHT TD DI,Heavy oil,Male,None,No tow/articulation,Straight ahead at junction,0,Waiting to go - held up,2,Car,No,Back,2010
201005EE02866,A,5039,Unclassified,0,Slight,None,26-04-2010,Monday,1,Give way or uncontrolled,T or staggered junction,53.397037,Darkness - lights lit,335710,389350,-2.968342,E01006516,2,2,0,0,Dry,Single carriageway,None,30,04:15:00,Urban,Fine no high winds,No,21 - 25,9,Urban area,2,2664,None,None,Other/Not known (2005-10),Mid Junction - on roundabout or on main road,LONDON TAXIS INT,TX1 BRONZE,Heavy oil,Male,None,No tow/articulation,Did not leave carriageway,0,Turning right,1,Taxi/Private hire car,No,Offside,2010
201006B039829,A,34,C,0,Slight,None,06-12-2010,Monday,1,Auto traffic signal,Crossroads,53.46708,Darkness - lights lit,384870,396730,-2.229388,E01005062,1,2,0,0,Frost or ice,Dual carriageway,None,30,22:56:00,Urban,Fine no high winds,No,21 - 25,9,Urban area,9,1199,None,None,Other/Not known (2005-10),Approaching junction or waiting/parked at junction approach,VAUXHALL,CORSA COMFORT 16V,Petrol,Male,None,No tow/articulation,Nearside,0,Going ahead other,2,Car,No,Front,2010
201006C029242,B,5217,Unclassified,0,Slight,None,13-03-2010,Saturday,1,Give way or uncontrolled,T or staggered junction,53.441274,Darkness - lights lit,381760,393870,-2.276069,E01005150,1,1,0,0,Dry,Single carriageway,None,30,21:43:00,Urban,Fine no high winds,No,21 - 25,9,Rural,7,1242,None,None,Other/Not known (2005-10),Approaching junction or waiting/parked at junction approach,FORD,FIESTA FREESTYLE,Petrol,Male,None,No tow/articulation,Did not leave carriageway,0,Going ahead other,1,Car,No,Front,2010
201006C034604,A,34,NA,0,Slight,None,01-08-2010,Sunday,1,Data missing or out of range,Not at junction or within 20 metres,53.420098,Darkness - lights lit,385900,391500,-2.213636,E01005126,1,2,0,0,Dry,Dual carriageway,None,40,23:15:00,Urban,Fine no high winds,No,21 - 25,9,Urban area,6,1590,None,None,Other/Not known (2005-10),Not at or within 20 metres of junction,HONDA,CIVIC VTEC SE SPORT,Petrol,Male,None,No tow/articulation,Did not leave carriageway,6,Parked,2,Car,No,Front,2010
201006F027756,Unclassified,0,NA,0,Slight,None,10-02-2010,Wednesday,1,Data missing or out of range,Not at junction or within 20 metres,53.474048,Darkness - lights lit,380800,397520,-2.290745,E01005666,3,2,0,0,Dry,Single carriageway,None,30,19:37:00,Urban,Fine no high winds,No,21 - 25,9,Urban area,7,973,Kerb,Other permanent object,Other/Not known (2005-10),Not at or within 20 metres of junction,VAUXHALL,CORSA GLS 12V,Petrol,Male,Skidded,No tow/articulation,Offside,0,Going ahead other,1,Car,No,Front,2010
201006K037414,A,676,Unclassified,0,Slight,None,04-10-2010,Monday,1,Auto traffic signal,Crossroads,53.562177,Darkness - lights lit,368670,407390,-2.474483,E01004835,2,1,0,0,Dry,Single carriageway,None,40,03:30:00,Urban,Fine no high winds,No,21 - 25,9,Urban area,5,1895,None,None,Other/Not known (2005-10),Mid Junction - on roundabout or on main road,BMW,316I SE,Petrol,Male,None,No tow/articulation,Did not leave carriageway,0,Going ahead other,1,Car,No,Nearside,2010