Accident_Index,1st_Road_Class,1st_Road_Number,2nd_Road_Class,2nd_Road_Number,Accident_Severity,Carriageway_Hazards,Date,Day_of_Week,Did_Police_Officer_Attend_Scene_of_Accident,Junction_Control,Junction_Detail,Latitude,Light_Conditions,Location_Easting_OSGR,Location_Northing_OSGR,Longitude,LSOA_of_Accident_Location,Number_of_Casualties,Number_of_Vehicles,Pedestrian_Crossing-Human_Control,Pedestrian_Crossing-Physical_Facilities,Road_Surface_Conditions,Road_Type,Special_Conditions_at_Site,Speed_limit,Time,Urban_or_Rural_Area,Weather_Conditions,InScotland,Age_Band_of_Driver,Age_of_Vehicle,Driver_Home_Area_Type,Driver_IMD_Decile,Engine_Capacity_.CC.,Hit_Object_in_Carriageway,Hit_Object_off_Carriageway,Journey_Purpose_of_Driver,Junction_Location,make,model,Propulsion_Code,Sex_of_Driver,Skidding_and_Overturning,Towing_and_Articulation,Vehicle_Leaving_Carriageway,Vehicle_Location.Restricted_Lane,Vehicle_Manoeuvre,Vehicle_Reference,Vehicle_Type,Was_Vehicle_Left_Hand_Drive,X1st_Point_of_Impact,Year
201001QA10082,C,0,NA,0,Slight,None,22-03-2010,Monday,1,Data missing or out of range,Not at junction or within 20 metres,51.568765,Darkness - lights lit,514050,186830,-0.355826,E01002138,1,2,0,0,Dry,Single carriageway,None,30,19:30:00,Urban,Fine no high winds,No,21 - 25,9,Urban area,8,973,None,None,Other/Not known (2005-10),Not at or within 20 metres of junction,VAUXHALL,CORSA COMFORT 12V,Petrol,Female,None,No tow/articulation,Did not leave carriageway,0,Going ahead other,2,Car,No,Offside,2010
201001QK50063,A,4005,NA,0,Slight,None,23-01-2010,Saturday,1,Data missing or out of range,Not at junction or within 20 metres,51.54177,Darkness - lights lit,517710,183910,-0.304018,E01000475,1,1,0,0,Dry,Single carriageway,None,30,23:26:00,Urban,Fine no high winds,No,21 - 25,9,Urban area,6,1124,None,None,Other/Not known (2005-10),Not at or within 20 metres of junction,PEUGEOT,206 STYLE,Petrol,Female,None,No tow/articulation,Did not leave carriageway,0,Slowing or stopping,1,Car,No,Front,2010
201001RG40037,C,0,Unclassified,0,Slight,None,05-01-2010,Tuesday,2,Give way or uncontrolled,T or staggered junction,51.480016,Darkness - lights lit,544870,177740,0.084844,E01001683,1,2,0,1,Dry,Single carriageway,None,30,18:45:00,Urban,Fine no high winds,No,21 - 25,9,Urban area,3,998,None,None,Other/Not known (2005-10),Cleared junction or waiting/parked at junction exit,TOYOTA,YARIS GLS,Petrol,Female,None,No tow/articulation,Did not leave carriageway,0,Waiting to go - held up,1,Car,No,Back,2010
201037B044306,B,1103,Unclassified,6500,Slight,None,12-02-2010,Friday,1,Give way or uncontrolled,T or staggered junction,52.245067,Darkness - lights lit,564170,263490,0.403261,E01029950,1,2,0,0,Dry,Single carriageway,None,30,17:11:00,Urban,Fine no high winds,No,21 - 25,9,Urban area,6,1360,None,None,Other/Not known (2005-10),Mid Junction - on roundabout or on main road,PEUGEOT,206 GLX,Petrol,Female,None,No tow/articulation,Did not leave carriageway,0,Moving off,1,Car,No,Front,2010
2010400D03267,Motorway,1,NA,0,Slight,None,05-11-2010,Friday,1,Data missing or out of range,Not at junction or within 20 metres,52.028123,Darkness - lights lit,495420,237550,-0.610595,E01017379,1,2,0,0,Dry,Dual carriageway,Roadworks,70,06:49:00,Rural,Fine no high winds,No,21 - 25,9,Urban area,4,1753,None,None,Commuting to/from work,Not at or within 20 metres of junction,FORD,FIESTA ENCORE TD,Heavy oil,Female,Skidded,No tow/articulation,Did not leave carriageway,0,Going ahead other,2,Car,No,Back,2010
20104100D0079,Unclassified,1111,NA,,Slight,None,20-01-2010,Wednesday,2,Give way or uncontrolled,Private drive or entrance,51.748906,Darkness - lights lit,505650,206690,-0.470981,E01023398,1,1,0,0,Dry,One way street,None,30,17:10:00,Urban,Fine no high winds,No,21 - 25,9,Data missing or out of range,NA,1299,None,None,Other/Not known (2005-10),Approaching junction or waiting/parked at junction approach,FORD,KA LUXURY,Petrol,Female,Skidded,No tow/articulation,Did not leave carriageway,0,Turning right,1,Car,No,Nearside,2010
201042I037602,A,134,Unclassified,0,Slight,None,09-02-2010,Tuesday,1,Auto traffic signal,Crossroads,51.885247,Darkness - lights lit,600600,224760,0.91345,E01021687,1,2,0,5,Dry,Single carriageway,None,30,18:40:00,Urban,Fine no high winds,No,21 - 25,9,Urban area,6,1896,None,None,Other/Not known (2005-10),Approaching junction or waiting/parked at junction approach,SKODA,FABIA COMFORT SDI,Heavy oil,Female,None,No tow/articulation,Did not leave carriageway,0,Turning right,1,Car,No,Front,2010
201042I050302,A,133,Unclassified,0,Slight,None,05-02-2010,Friday,2,Give way or uncontrolled,Roundabout,51.804378,Darkness - lights lit,617100,216440,1.147612,E01021975,3,2,0,0,Dry,Single carriageway,None,30,20:00:00,Urban,Fine no high winds,No,21 - 25,9,Urban area,4,1390,None,None,Other/Not known (2005-10),Entering roundabout,AUDI,A2 SE,Petrol,Female,None,No tow/articulation,Did not leave carriageway,0,Waiting to go - held up,2,Car,No,Back,2010
201042I344009,A,127,NA,0,Slight,None,22-09-2010,Wednesday,2,Not at junction or within 20 metres,Not at junction or within 20 metres,51.586803,Darkness - lights lit,568350,190350,0.428698,E01021263,1,2,0,0,Dry,Dual carriageway,None,30,20:00:00,Urban,Fine no high winds,No,21 - 25,9,Data missing or out of range,NA,1587,None,None,Other/Not known (2005-10),Not at or within 20 metres of junction,CITROEN,SAXO VTR,Petrol,Female,None,No tow/articulation,Did not leave carriageway,0,Going ahead other,2,Car,No,Nearside,2010
201042I402612,A,126,B,186,Slight,None,07-12-2010,Tuesday,1,Give way or uncontrolled,Roundabout,51.483487,Darkness - lights lit,558730,178540,0.284637,E01016012,1,2,0,0,Wet or damp,Roundabout,None,40,19:45:00,Urban,Fine no high winds,No,21 - 25,9,Urban area,10,1299,None,None,Journey as part of work,Mid Junction - on roundabout or on main road,FORD,KA,Petrol,Female,None,No tow/articulation,Did not leave carriageway,0,Going ahead other,1,Car,No,Offside,2010
201043N327110,A,416,NA,,Slight,None,21-11-2010,Sunday,1,Give way or uncontrolled,Private drive or entrance,51.70065,Darkness - lights lit,496080,201130,-0.611098,E01017792,1,2,0,0,Dry,Single carriageway,None,30,19:36:00,Urban,Fine no high winds,No,21 - 25,9,Urban area,3,3246,None,None,Other/Not known (2005-10),Approaching junction or waiting/parked at junction approach,BMW,M3,Petrol,Female,None,No tow/articulation,Did not leave carriageway,0,Overtaking moving vehicle - offside,1,Car,No,Nearside,2010
201043R202120,Unclassified,7302,Unclassified,7302,Slight,None,21-12-2010,Tuesday,2,Give way or uncontrolled,T or staggered junction,51.514243,Darkness - lights lit,493810,180350,-0.64949,E01016472,1,2,0,0,Frost or ice,Single carriageway,None,30,16:30:00,Urban,Fine no high winds,No,21 - 25,9,Urban area,5,1242,None,None,Other/Not known (2005-10),Approaching junction or waiting/parked at junction approach,FIAT,PUNTO ELX 8V,Petrol,Female,Skidded,No tow/articulation,Did not leave carriageway,0,Slowing or stopping,1,Car,No,Offside,2010
201050AC3F031,C,722,NA,0,Slight,None,24-12-2010,Friday,1,Not at junction or within 20 metres,Not at junction or within 20 metres,50.231308,Darkness - lights lit,170050,41800,-5.225733,E01018913,1,2,0,0,Dry,Single carriageway,None,30,21:00:00,Urban,Fine no high winds,No,21 - 25,9,Urban area,4,1299,None,None,Journey as part of work,Not at or within 20 metres of junction,FORD,KA 2,Petrol,Female,None,No tow/articulation,Did not leave carriageway,0,Going ahead other,2,Car,No,Front,2010
20105500C0890,A,35,C,0,Slight,None,07-03-2010,Sunday,1,Auto traffic signal,Crossroads,50.732768,Darkness - lights lit,401640,92580,-1.978147,E01015445,1,2,0,5,Dry,Single carriageway,None,30,19:59:00,Urban,Fine no high winds,No,21 - 25,9,Urban area,3,1360,None,None,Other/Not known (2005-10),Mid Junction - on roundabout or on main road,CITROEN,SAXO FURIO,Petrol,Female,None,No tow/articulation,Did not leave carriageway,0,Going ahead other,2,Car,No,Front,2010
201001FH10680,A,219,NA,0,Slight,None,31-12-2010,Friday,2,Data missing or out of range,Not at junction or within 20 metres,51.493374,Darkness - lights lit,523390,178660,-0.22399,E01001898,1,3,0,4,Dry,Single carriageway,None,30,17:30:00,Urban,Fine no high winds,No,21 - 25,9,Urban area,5,1686,None,None,Other/Not known (2005-10),Not at or within 20 metres of junction,VAUXHALL,ASTRA LS DTI 16V ECO,Heavy oil,Female,None,No tow/articulation,Did not leave carriageway,0,Waiting to turn left,1,Car,No,Back,2010
201001GD10612,A,102,A,102,Slight,None,21-09-2010,Tuesday,2,Give way or uncontrolled,T or staggered junction,51.549134,Darkness - lights lit,536130,185190,-0.038061,E01001785,1,2,0,0,Dry,Single carriageway,None,30,22:35:00,Urban,Fine no high winds,No,21 - 25,9,Urban area,6,1328,None,None,Other/Not known (2005-10),Mid Junction - on roundabout or on main road,SUZUKI,IGNIS GL,Petrol,Female,None,No tow/articulation,Did not leave carriageway,0,Waiting to go - held up,1,Car,No,Back,2010
201001JC30116,Unclassified,0,Unclassified,0,Slight,None,02-01-2010,Saturday,1,Give way or uncontrolled,T or staggered junction,51.618407,Darkness - lights lit,538750,192970,0.002773,E01004384,2,2,0,0,Frost or ice,Single carriageway,None,30,16:59:00,Urban,Fine no high winds,No,21 - 25,9,Urban area,9,1149,None,None,Other/Not known (2005-10),Mid Junction - on roundabout or on main road,RENAULT,CLIO DYNAMIQUE 16V,Petrol,Female,Skidded,No tow/articulation,Did not leave carriageway,0,Going ahead other,2,Car,No,Front,2010
201001JC30648,C,0,Unclassified,0,Slight,None,14-12-2010,Tuesday,1,Give way or uncontrolled,T or staggered junction,51.581431,Darkness - lights lit,536720,188800,-0.028154,E01004444,1,2,0,0,Wet or damp,Single carriageway,None,30,17:12:00,Urban,Fine no high winds,No,21 - 25,9,Data missing or out of range,NA,1149,None,None,Other/Not known (2005-10),Mid Junction - on roundabout or on main road,RENAULT,CLIO DYNAMIQUE 16V,Petrol,Female,None,No tow/articulation,Did not leave carriageway,0,Going ahead right-hand bend,1,Car,No,Nearside,2010
201001KD50603,C,0,A,13,Slight,None,20-11-2010,Saturday,1,Give way or uncontrolled,Roundabout,51.511403,Darkness - lights lit,551620,181430,0.18356,E01002344,2,1,0,0,Dry,Roundabout,None,30,23:31:00,Rural,Fine no high winds,No,21 - 25,9,Urban area,4,1679,Central island of roundabout,None,Other/Not known (2005-10),Mid Junction - on roundabout or on main road,FORD,PUMA 1.7 16V,Petrol,Female,None,No tow/articulation,Did not leave carriageway,0,Going ahead other,1,Car,No,Front,2010
201001KG70049,A,123,NA,0,Slight,None,15-02-2010,Monday,1,Data missing or out of range,Not at junction or within 20 metres,51.534427,Darkness - lights lit,543980,183770,0.074497,E01000047,1,2,0,0,Wet or damp,Single carriageway,None,30,22:00:00,Urban,Fine no high winds,No,21 - 25,9,Urban area,2,1390,Parked vehicle,None,Other/Not known (2005-10),Not at or within 20 metres of junction,VOLKSWAGEN,POLO SE AUTO,Petrol,Female,None,No tow/articulation,Did not leave carriageway,0,Moving off,1,Car,No,Nearside,2010
201001KG70474,C,0,Unclassified,0,Slight,None,24-11-2010,Wednesday,1,Give way or uncontrolled,T or staggered junction,51.566404,Darkness - lights lit,547850,187440,0.131795,E01000099,1,2,0,0,Dry,Single carriageway,None,30,18:15:00,Urban,Fine no high winds,No,21 - 25,9,Urban area,2,1596,None,None,Other/Not known (2005-10),Mid Junction - on roundabout or on main road,FORD,FOCUS ZETEC AUTO,Petrol,Female,None,No tow/articulation,Did not leave carriageway,0,Slowing or stopping,2,Car,No,Nearside,2010
201001PL60148,A,21,C,0,Slight,None,12-03-2010,Friday,1,Auto traffic signal,Crossroads,51.457617,Darkness - lights lit,538130,175060,-0.013199,E01003289,1,2,0,0,Wet or damp,Single carriageway,None,30,18:30:00,Urban,Fine no high winds,No,21 - 25,9,Urban area,10,1149,None,None,Other/Not known (2005-10),Mid Junction - on roundabout or on main road,RENAULT,CLIO EXPRESSION 16V,Petrol,Female,None,No tow/articulation,Did not leave carriageway,0,Turning left,1,Car,No,Offside,2010
201001PL60251,A,2015,NA,0,Slight,None,28-03-2010,Sunday,1,Data missing or out of range,Not at junction or within 20 metres,51.422697,Darkness - lights lit,537980,171170,-0.016872,E01003192,1,2,0,0,Dry,Single carriageway,None,30,02:35:00,Urban,Fine no high winds,No,21 - 25,9,Urban area,7,1587,None,None,Other/Not known (2005-10),Not at or within 20 metres of junction,PEUGEOT,206 CC,Petrol,Female,None,No tow/articulation,Did not leave carriageway,0,Going ahead other,1,Car,No,Front,2010
201001PY20702,A,223,Unclassified,0,Slight,None,27-11-2010,Saturday,1,Give way or uncontrolled,Mini-roundabout,51.379072,Darkness - lights lit,546400,166550,0.10224,E01000812,1,2,0,0,Dry,Roundabout,None,30,01:49:00,Urban,Fine no high winds,No,21 - 25,9,Urban area,8,1299,None,None,Other/Not known (2005-10),Mid Junction - on roundabout or on main road,FORD,KA,Petrol,Female,None,No tow/articulation,Did not leave carriageway,0,Turning right,2,Car,No,Nearside,2010
201001QA10082,C,0,NA,0,Slight,None,22-03-2010,Monday,1,Data missing or out of range,Not at junction or within 20 metres,51.568765,Darkness - lights lit,514050,186830,-0.355826,E01002138,1,2,0,0,Dry,Single carriageway,None,30,19:30:00,Urban,Fine no high winds,No,21 - 25,9,Urban area,8,973,None,None,Other/Not known (2005-10),Not at or within 20 metres of junction,VAUXHALL,CORSA COMFORT 12V,Petrol,Female,None,No tow/articulation,Did not leave carriageway,0,Going ahead other,2,Car,No,Offside,2010
201001QK50063,A,4005,NA,0,Slight,None,23-01-2010,Saturday,1,Data missing or out of range,Not at junction or within 20 metres,51.54177,Darkness - lights lit,517710,183910,-0.304018,E01000475,1,1,0,0,Dry,Single carriageway,None,30,23:26:00,Urban,Fine no high winds,No,21 - 25,9,Urban area,6,1124,None,None,Other/Not known (2005-10),Not at or within 20 metres of junction,PEUGEOT,206 STYLE,Petrol,Female,None,No tow/articulation,Did not leave carriageway,0,Slowing or stopping,1,Car,No,Front,2010
201001RG40037,C,0,Unclassified,0,Slight,None,05-01-2010,Tuesday,2,Give way or uncontrolled,T or staggered junction,51.480016,Darkness - lights lit,544870,177740,0.084844,E01001683,1,2,0,1,Dry,Single carriageway,None,30,18:45:00,Urban,Fine no high winds,No,21 - 25,9,Urban area,3,998,None,None,Other/Not known (2005-10),Cleared junction or waiting/parked at junction exit,TOYOTA,YARIS GLS,Petrol,Female,None,No tow/articulation,Did not leave carriageway,0,Waiting to go - held up,1,Car,No,Back,2010
201001XH30637,Unclassified,0,B,466,Slight,None,25-09-2010,Saturday,1,Give way or uncontrolled,T or staggered junction,51.561357,Darkness - lights lit,507840,185870,-0.445686,E01002460,1,1,0,0,Dry,Single carriageway,None,30,21:01:00,Urban,Fine no high winds,No,21 - 25,9,Urban area,4,1199,None,None,Other/Not known (2005-10),Mid Junction - on roundabout or on main road,VAUXHALL,CORSA COMFORT 16V,Petrol,Female,None,No tow/articulation,Did not leave carriageway,0,Going ahead other,1,Car,No,Front,2010
201001YR90694,A,1,B,550,Slight,None,10-10-2010,Sunday,1,Auto traffic signal,Crossroads,51.577711,Darkness - lights lit,528460,188170,-0.14753,E01002011,1,3,0,0,Dry,Single carriageway,None,30,20:30:00,Urban,Fine no high winds,No,21 - 25,9,Urban area,6,998,None,None,Other/Not known (2005-10),Approaching junction or waiting/parked at junction approach,TOYOTA,YARIS GS,Petrol,Female,None,No tow/articulation,Did not leave carriageway,0,Waiting to go - held up,2,Car,No,Front,2010
201001ZD30997,Unclassified,0,A,23,Slight,None,24-11-2010,Wednesday,1,Give way or uncontrolled,T or staggered junction,51.405701,Darkness - lights lit,530820,169090,-0.120558,E01001090,1,3,0,0,Dry,Single carriageway,None,30,18:10:00,Urban,Fine no high winds,No,21 - 25,9,Urban area,6,124,None,None,Other/Not known (2005-10),Mid Junction - on roundabout or on main road,PIAGGIO,VESPA ET4,Petrol,Female,None,No tow/articulation,Did not leave carriageway,0,Going ahead other,3,Motorcycle 125cc and under,No,Front,2010
201001ZT80149,B,277,Unclassified,0,Slight,None,24-05-2010,Monday,1,Give way or uncontrolled,T or staggered junction,51.372417,Darkness - lights lit,527800,165310,-0.165313,E01004164,1,1,0,0,Dry,Single carriageway,None,30,23:25:00,Urban,Fine no high winds,No,21 - 25,9,Data missing or out of range,NA,1390,None,None,Other/Not known (2005-10),Approaching junction or waiting/parked at junction approach,RENAULT,CLIO ALIZE,Petrol,Female,None,No tow/articulation,Did not leave carriageway,0,Moving off,1,Car,No,Front,2010
201004AX10118,Unclassified,0,Unclassified,0,Slight,None,11-11-2010,Thursday,1,Auto traffic signal,Crossroads,53.809806,Darkness - lights lit,332100,435330,-3.032656,E01012740,1,2,0,5,Wet or damp,Single carriageway,None,30,17:05:00,Urban,Fine no high winds,No,21 - 25,9,Urban area,8,1242,None,None,Commuting to/from work,Approaching junction or waiting/parked at junction approach,FIAT,PUNTO MIA,Petrol,Female,None,No tow/articulation,Did not leave carriageway,0,Waiting to go - held up,2,Car,No,Back,2010
201004AX10126,A,5099,Unclassified,0,Slight,None,29-11-2010,Monday,1,Auto traffic signal,T or staggered junction,53.815931,Darkness - lights lit,330840,436030,-3.051945,E01012736,2,2,0,5,Dry,One way street,None,30,16:20:00,Urban,Fine no high winds,No,21 - 25,9,Urban area,5,1396,None,None,Other/Not known (2005-10),Approaching junction or waiting/parked at junction approach,ROVER,25 I 16V,Petrol,Female,None,No tow/articulation,Did not leave carriageway,0,Going ahead other,1,Car,No,Front,2010
201004BC10113,B,6430,Unclassified,0,Slight,None,31-05-2010,Monday,1,Give way or uncontrolled,Mini-roundabout,53.895279,Darkness - lights lit,349470,444620,-2.770427,E01025549,2,2,0,0,Dry,Single carriageway,None,30,23:58:00,Rural,Fine no high winds,No,21 - 25,9,Small town,10,1124,None,None,Other/Not known (2005-10),Leaving roundabout,PEUGEOT,206 LOOK,Petrol,Female,None,No tow/articulation,Did not leave carriageway,0,Moving off,1,Car,No,Front,2010
201004DL10015,A,583,NA,0,Slight,None,13-02-2010,Saturday,1,Data missing or out of range,Not at junction or within 20 metres,53.761388,Darkness - lights lit,347850,429740,-2.792548,E01025270,1,1,0,0,Wet or damp,Single carriageway,None,40,03:00:00,Rural,Fine no high winds,No,21 - 25,9,Urban area,2,1596,None,Lamp post,Other/Not known (2005-10),Not at or within 20 metres of junction,FORD,FOCUS BLACK,Petrol,Female,Skidded,No tow/articulation,Nearside and rebounded,0,Going ahead other,1,Car,No,Front,2010
201004EA10260,A,679,Unclassified,0,Slight,None,15-10-2010,Friday,1,Give way or uncontrolled,Private drive or entrance,53.749656,Darkness - lights lit,371580,428230,-2.432464,E01025079,2,2,0,0,Dry,Single carriageway,None,50,20:00:00,Urban,Fine no high winds,No,21 - 25,9,Urban area,4,1242,None,None,Other/Not known (2005-10),Approaching junction or waiting/parked at junction approach,FIAT,PUNTO 1.2,Petrol,Female,Skidded,No tow/articulation,Did not leave carriageway,0,Going ahead other,2,Car,No,Front,2010
201014A084610,A,19,A,19,Slight,None,03-05-2010,Monday,1,Auto traffic signal,Roundabout,53.529413,Darkness - lights lit,456750,403980,-1.145342,E01007517,1,2,0,5,Dry,Roundabout,Auto signal part defective,40,22:30:00,Rural,Fine no high winds,No,21 - 25,9,Urban area,3,999,None,None,Other/Not known (2005-10),Entering roundabout,VOLKSWAGEN,LUPO E,Petrol,Female,None,No tow/articulation,Did not leave carriageway,0,Going ahead other,2,Car,No,Offside,2010
201014A185010,A,630,Unclassified,0,Slight,None,18-11-2010,Thursday,1,Give way or uncontrolled,T or staggered junction,53.529461,Darkness - lights lit,457960,404000,-1.127087,E01007655,1,2,0,4,Wet or damp,Dual carriageway,None,40,16:42:00,Urban,Fine no high winds,No,21 - 25,9,Urban area,5,1124,None,None,Other/Not known (2005-10),Approaching junction or waiting/parked at junction approach,PEUGEOT,106 INDEPENDENCE,Petrol,Female,None,No tow/articulation,Did not leave carriageway,0,Going ahead other,2,Car,No,Front,2010
2010160B00201,Unclassified,0,NA,0,Slight,None,04-01-2010,Monday,2,Data missing or out of range,Not at junction or within 20 metres,53.580806,Darkness - lights lit,489200,410200,-0.654149,E01013321,2,2,0,0,Snow,Dual carriageway,None,40,18:00:00,Urban,Fine no high winds,No,21 - 25,9,Urban area,1,1242,None,None,Other/Not known (2005-10),Not at or within 20 metres of junction,FIAT,PUNTO SPORTING SPEEDGEAR,Petrol,Female,None,No tow/articulation,Did not leave carriageway,0,Going ahead other,1,Car,No,Did not impact,2010
2010170M12930,Unclassified,0,Unclassified,0,Slight,None,21-10-2010,Thursday,2,Give way or uncontrolled,Crossroads,54.568428,Darkness - lights lit,448400,519500,-1.252904,E01012037,1,2,0,0,Dry,Single carriageway,None,30,20:00:00,Urban,Fine no high winds,No,21 - 25,9,Urban area,7,1299,None,None,Other/Not known (2005-10),Mid Junction - on roundabout or on main road,FORD,KA,Petrol,Female,None,No tow/articulation,Did not leave carriageway,0,Going ahead other,2,Car,No,Front,2010
201020H011620,A,454,Unclassified,0,Slight,None,23-12-2010,Thursday,1,Give way or uncontrolled,T or staggered junction,52.578879,Darkness - lights lit,397390,297900,-2.03996,E01010405,2,2,0,0,Frost or ice,Dual carriageway,None,50,22:49:00,Urban,Fine no high winds,No,21 - 25,9,Urban area,3,998,None,None,Other/Not known (2005-10),Mid Junction - on roundabout or on main road,SEAT,AROSA S,Petrol,Female,Skidded,No tow/articulation,Did not leave carriageway,0,Slowing or stopping,1,Car,No,Front,2010
201020H019012,Unclassified,0,Unclassified,0,Slight,None,20-03-2010,Saturday,1,Give way or uncontrolled,Crossroads,52.585886,Darkness - lights lit,396380,298680,-2.054874,E01010406,2,2,0,0,Wet or damp,Single carriageway,None,30,19:35:00,Urban,Fine no high winds,No,21 - 25,9,Urban area,1,998,None,None,Other/Not known (2005-10),Mid Junction - on roundabout or on main road,TOYOTA,YARIS GS,Petrol,Female,None,No tow/articulation,Did not leave carriageway,0,Going ahead other,1,Car,No,Front,2010
201020K004580,Unclassified,0,Unclassified,0,Slight,None,29-04-2010,Thursday,1,Give way or uncontrolled,T or staggered junction,52.552545,Darkness - lights lit,399540,294970,-2.008226,E01010092,8,2,0,0,Dry,Single carriageway,None,30,00:05:00,Urban,Fine no high winds,No,21 - 25,9,Urban area,2,1299,None,None,Other/Not known (2005-10),Approaching junction or waiting/parked at junction approach,FORD,KA 2,Petrol,Female,None,No tow/articulation,Did not leave carriageway,0,Going ahead other,1,Car,No,Front,2010
201020K012730,B,4173,A,4100,Slight,None,13-08-2010,Friday,2,Auto traffic signal,Crossroads,52.470795,Darkness - lights lit,394320,285880,-2.085057,E01009953,2,2,0,0,Dry,Single carriageway,None,30,21:30:00,Urban,Fine no high winds,No,21 - 25,9,Urban area,1,1781,None,None,Other/Not known (2005-10),Approaching junction or waiting/parked at junction approach,AUDI,A3 T SPORT,Petrol,Female,None,No tow/articulation,Did not leave carriageway,0,Waiting to go - held up,2,Car,No,Back,2010
201020L011040,B,4118,Unclassified,0,Slight,None,13-11-2010,Saturday,1,Give way or uncontrolled,T or staggered junction,52.506655,Darkness - lights lit,415610,289890,-1.771453,E01010117,4,2,0,8,Dry,Single carriageway,None,30,23:09:00,Urban,Fine no high winds,No,21 - 25,9,Urban area,4,1994,None,None,Commuting to/from work,Mid Junction - on roundabout or on main road,ROVER,25 IE TURBO DIESEL,Heavy oil,Female,None,No tow/articulation,Did not leave carriageway,0,Turning right,1,Car,No,Front,2010
201020L011970,Unclassified,0,NA,0,Slight,None,09-12-2010,Thursday,1,Data missing or out of range,Not at junction or within 20 metres,52.387729,Darkness - lights lit,411420,276650,-1.833635,E01010182,3,2,0,0,Frost or ice,Single carriageway,None,30,00:57:00,Rural,Fine no high winds,No,21 - 25,9,Urban area,1,1396,Parked vehicle,None,Commuting to/from work,Not at or within 20 metres of junction,ROVER,25 IMPRESSION,Petrol,Female,Skidded,No tow/articulation,Did not leave carriageway,0,Going ahead other,1,Car,No,Front,2010
201020T037970,Unclassified,0,NA,0,Slight,None,27-09-2010,Monday,1,Data missing or out of range,Not at junction or within 20 metres,52.466422,Darkness - lights lit,414030,285410,-1.794919,E01009324,1,2,0,0,Dry,Single carriageway,None,30,19:40:00,Urban,Fine no high winds,No,21 - 25,9,Urban area,4,1587,None,None,Other/Not known (2005-10),Not at or within 20 metres of junction,PEUGEOT,307 RAPIER 16V,Petrol,Female,Overturned,No tow/articulation,Did not leave carriageway,0,Going ahead other,1,Car,No,Nearside,2010
201020W053160,A,5127,NA,0,Slight,None,09-12-2010,Thursday,1,Data missing or out of range,Not at junction or within 20 metres,52.495673,Darkness - lights lit,407830,288650,-1.886107,E01008910,2,2,0,0,Frost or ice,One way street,None,30,00:06:00,Urban,Fine no high winds,No,21 - 25,9,Urban area,1,1360,None,None,Other/Not known (2005-10),Not at or within 20 metres of junction,PEUGEOT,307 STYLE,Petrol,Female,Skidded,No tow/articulation,Did not leave carriageway,0,Going ahead other,1,Car,No,Front,2010
201022E005536,A,49,Unclassified,0,Slight,None,06-11-2010,Saturday,1,Auto traffic signal,Crossroads,52.053984,Darkness - lights lit,350710,239760,-2.720273,E01014010,1,2,0,5,Wet or damp,Single carriageway,None,30,16:56:00,Urban,Fine no high winds,No,21 - 25,9,Urban area,3,1997,None,None,Other/Not known (2005-10),Entering main road,CITROEN,XSARA PICASSO LX HDI,Heavy oil,Female,None,No tow/articulation,Did not leave carriageway,0,Moving off,1,Car,No,Front,2010
201022E005750,A,465,B,4347,Slight,None,16-11-2010,Tuesday,2,Give way or uncontrolled,T or staggered junction,51.943191,Darkness - lights lit,339460,227560,-2.882166,E01014021,2,2,0,0,Wet or damp,Single carriageway,None,60,18:49:00,Rural,Fine no high winds,No,21 - 25,9,Rural,5,1761,None,None,Other/Not known (2005-10),Entering main road,PEUGEOT,306 XS,Petrol,Female,None,No tow/articulation,Nearside,0,Turning right,2,Car,No,Front,2010
201022G006181,Unclassified,0,Unclassified,0,Slight,None,05-12-2010,Sunday,2,Auto traffic signal,T or staggered junction,52.705028,Darkness - lights lit,367610,312040,-2.480821,E01014141,1,2,0,0,Frost or ice,Single carriageway,None,30,16:30:00,Urban,Fine no high winds,No,21 - 25,9,Urban area,7,899,None,None,Other/Not known (2005-10),Approaching junction or waiting/parked at junction approach,FIAT,SEICENTO SX,Petrol,Female,None,No tow/articulation,Did not leave carriageway,0,Waiting to turn left,2,Car,No,Back,2010
201030D000377,Unclassified,0,Unclassified,0,Slight,None,26-04-2010,Monday,2,Give way or uncontrolled,Crossroads,52.910292,Darkness - lights lit,434860,334890,-1.483087,E01013483,1,2,0,0,Dry,Single carriageway,None,30,22:30:00,Urban,Fine no high winds,No,21 - 25,9,Urban area,3,973,None,None,Other/Not known (2005-10),Mid Junction - on roundabout or on main road,VAUXHALL,CORSA CLUB 12V,Petrol,Female,None,No tow/articulation,Did not leave carriageway,0,Going ahead other,1,Car,No,Offside,2010
201030D001125,A,6,NA,0,Slight,None,13-11-2010,Saturday,1,Data missing or out of range,Not at junction or within 20 metres,52.87004,Darkness - lights lit,440980,330460,-1.392645,E01019835,1,1,0,0,Dry,Slip road,None,30,18:19:00,Rural,Fine no high winds,No,21 - 25,9,Urban area,2,1686,None,Road sign or traffic signal,Other/Not known (2005-10),Not at or within 20 metres of junction,VAUXHALL,CORSA COMFORT DI,Heavy oil,Female,Skidded,No tow/articulation,Nearside,0,Going ahead left-hand bend,1,Car,No,Offside,2010
20103102A0488,C,209,Unclassified,0,Slight,None,08-03-2010,Monday,1,Give way or uncontrolled,T or staggered junction,53.128089,Darkness - lights lit,450650,359260,-1.244493,E01027977,1,2,0,0,Dry,Single carriageway,None,30,20:09:00,Urban,Fine no high winds,No,21 - 25,9,Urban area,4,49,None,None,Other/Not known (2005-10),Mid Junction - on roundabout or on main road,PIAGGIO,LIBERTY,Petrol,Female,Skidded,No tow/articulation,Did not leave carriageway,0,Going ahead other,2,Motorcycle 50cc and under,No,Front,2010