Accident_Index,1st_Road_Class,1st_Road_Number,2nd_Road_Class,2nd_Road_Number,Accident_Severity,Carriageway_Hazards,Date,Day_of_Week,Did_Police_Officer_Attend_Scene_of_Accident,Junction_Control,Junction_Detail,Latitude,Light_Conditions,Location_Easting_OSGR,Location_Northing_OSGR,Longitude,LSOA_of_Accident_Location,Number_of_Casualties,Number_of_Vehicles,Pedestrian_Crossing-Human_Control,Pedestrian_Crossing-Physical_Facilities,Road_Surface_Conditions,Road_Type,Special_Conditions_at_Site,Speed_limit,Time,Urban_or_Rural_Area,Weather_Conditions,InScotland,Age_Band_of_Driver,Age_of_Vehicle,Driver_Home_Area_Type,Driver_IMD_Decile,Engine_Capacity_.CC.,Hit_Object_in_Carriageway,Hit_Object_off_Carriageway,Journey_Purpose_of_Driver,Junction_Location,make,model,Propulsion_Code,Sex_of_Driver,Skidding_and_Overturning,Towing_and_Articulation,Vehicle_Leaving_Carriageway,Vehicle_Location.Restricted_Lane,Vehicle_Manoeuvre,Vehicle_Reference,Vehicle_Type,Was_Vehicle_Left_Hand_Drive,X1st_Point_of_Impact,Year
2010160C01041,Motorway,62,NA,0,Slight,None,02-03-2010,Tuesday,1,Not at junction or within 20 metres,Not at junction or within 20 metres,53.684865,Darkness - no lighting,468290,421430,-0.967459,E01013072,2,1,0,0,Dry,Dual carriageway,None,70,19:25:00,Rural,Fine no high winds,No,21 - 25,9,Urban area,5,1108,None,Tree,Other/Not known (2005-10),Not at or within 20 metres of junction,FIAT,SEICENTO S,Petrol,Female,Skidded and overturned,No tow/articulation,Nearside,0,Going ahead other,1,Car,No,Front,2010
20103104B2703,A,1,Unclassified,0,Slight,Any animal in carriageway (except ridden horse),16-11-2010,Tuesday,1,Give way or uncontrolled,Slip road,53.344444,Darkness - no lighting,464620,383500,-1.03083,E01028036,1,1,0,0,Dry,Slip road,None,70,20:40:00,Rural,Fine no high winds,No,21 - 25,9,Small town,5,1596,None,Road sign or traffic signal,Other/Not known (2005-10),Leaving main road,FIAT,BRAVA 100 SX,Petrol,Female,Skidded and overturned,No tow/articulation,Offside,0,Turning left,1,Car,No,Offside,2010
201032C061710,B,1183,NA,0,Slight,None,08-03-2010,Monday,1,Data missing or out of range,Not at junction or within 20 metres,53.004816,Darkness - no lighting,532820,347110,-0.022018,E01026022,1,1,0,0,Dry,Single carriageway,None,60,19:30:00,Rural,Fine no high winds,No,21 - 25,9,Urban area,4,1997,None,None,Commuting to/from work,Not at or within 20 metres of junction,PEUGEOT,206 CC,Petrol,Female,None,No tow/articulation,Did not leave carriageway,0,Going ahead other,1,Car,No,Front,2010
2010160B04811,Motorway,180,NA,0,Slight,None,06-12-2010,Monday,1,Data missing or out of range,Not at junction or within 20 metres,53.561479,Darkness - no lighting,479740,407880,-0.797593,E01013242,3,2,0,0,Frost or ice,Dual carriageway,None,70,06:31:00,Rural,Fog or mist,No,21 - 25,9,Rural,3,1995,None,Central crash barrier,Other/Not known (2005-10),Not at or within 20 metres of junction,VAUXHALL,VECTRA CLUB DTI,Heavy oil,Male,Skidded,No tow/articulation,Offside on to centrl res + rebounded,0,Going ahead other,2,Car,No,Back,2010
201043S173110,C,5,NA,0,Slight,None,09-10-2019,Saturday,1,Data missing or out of range,Not at junction or within 20 metres,19.12355204,Darkness - no lighting,481740,242070,72.88090246,E01016840,2,1,0,0,Wet or damp,Single carriageway,Mud,60,20:28:00,Rural,Fog or mist,No,21 - 25,9,Urban area,6,1422,None,None,Other/Not known (2005-10),Not at or within 20 metres of junction,VOLKSWAGEN,LUPO SPORT TDI,Heavy oil,Female,None,No tow/articulation,Offside,0,Going ahead left-hand bend,1,Car,No,Front,2021
201043S173110,C,5,NA,0,Slight,None,20-11-2010,Saturday,1,Data missing or out of range,Not at junction or within 20 metres,52.070935,Darkness - no lighting,481740,242070,-0.808862,E01016840,2,1,0,0,Wet or damp,Single carriageway,Mud,60,20:28:00,Rural,Fog or mist,No,21 - 25,9,Urban area,6,1422,None,None,Other/Not known (2005-10),Not at or within 20 metres of junction,VOLKSWAGEN,LUPO SPORT TDI,Heavy oil,Female,None,No tow/articulation,Offside,0,Going ahead left-hand bend,1,Car,No,Front,2010
201037L018805,B,1127,C,195,Slight,None,20-05-2019,Wednesday,1,Give way or uncontrolled,Crossroads,18.61481983,Darkness - no lighting,648940,286040,73.86271554,E01030295,1,2,0,0,Frost or ice,Single carriageway,None,60,05:35:00,Rural,Other,No,21 - 25,9,Rural,6,1242,None,None,Other/Not known (2005-10),Approaching junction or waiting/parked at junction approach,FORD,FIESTA FREESTYLE,Petrol,Male,None,No tow/articulation,Offside,0,Going ahead other,2,Car,No,Front,2021
201037L018805,B,1127,C,195,Slight,None,22-12-2010,Wednesday,1,Give way or uncontrolled,Crossroads,52.415617,Darkness - no lighting,648940,286040,1.65935,E01030295,1,2,0,0,Frost or ice,Single carriageway,None,60,05:35:00,Rural,Other,No,21 - 25,9,Rural,6,1242,None,None,Other/Not known (2005-10),Approaching junction or waiting/parked at junction approach,FORD,FIESTA FREESTYLE,Petrol,Male,None,No tow/articulation,Offside,0,Going ahead other,2,Car,No,Front,2010
201014B009510,Motorway,1,NA,0,Slight,None,22-01-2010,Friday,1,Not at junction or within 20 metres,Not at junction or within 20 metres,53.536027,Darkness - no lighting,432910,404490,-1.50492,E01007415,1,2,0,0,Wet or damp,Dual carriageway,None,70,17:45:00,Rural,Other,No,21 - 25,9,Urban area,3,1199,None,None,Other/Not known (2005-10),Not at or within 20 metres of junction,VAUXHALL,CORSA COMFORT 16V SEMI-AUTO,Petrol,Male,Skidded,No tow/articulation,Did not leave carriageway,0,Going ahead other,2,Car,No,Front,2010
201022D005914,Unclassified,0,NA,0,Slight,None,29-11-2010,Monday,2,Data missing or out of range,Not at junction or within 20 metres,52.296833,Darkness - no lighting,394300,266530,-2.085016,E01032354,2,2,0,0,Frost or ice,Single carriageway,None,30,16:42:00,Rural,Other,No,21 - 25,9,Urban area,3,1149,None,None,Other/Not known (2005-10),Not at or within 20 metres of junction,RENAULT,CLIO EXPRESSION 16V,Petrol,Male,Skidded,No tow/articulation,Did not leave carriageway,0,Going ahead other,1,Car,No,Front,2010
201004FE10061,Unclassified,0,NA,0,Slight,None,06-09-2010,Monday,1,Data missing or out of range,Not at junction or within 20 metres,53.860129,Darkness - no lighting,392750,440440,-2.11172,E01025178,2,1,0,0,Wet or damp,Single carriageway,Road surface defective,60,19:35:00,Rural,Raining + high winds,No,21 - 25,9,Urban area,1,1149,None,Other permanent object,Other/Not known (2005-10),Not at or within 20 metres of junction,RENAULT,CLIO DYNAMIQUE 16V,Petrol,Male,Skidded,No tow/articulation,Nearside,0,Going ahead right-hand bend,1,Car,No,Front,2010
201032D264810,A,156,NA,0,Slight,None,25-08-2010,Wednesday,1,Data missing or out of range,Not at junction or within 20 metres,53.281095,Darkness - no lighting,484380,376760,-0.735882,E01026409,1,1,0,0,Wet or damp,Single carriageway,None,40,23:14:00,Rural,Raining no high winds,No,21 - 25,9,Urban area,2,2198,None,Tree,Other/Not known (2005-10),Not at or within 20 metres of junction,VAUXHALL,VECTRA SRI 150,Petrol,Male,Skidded,No tow/articulation,Nearside,0,Going ahead right-hand bend,1,Car,No,Front,2010
201043P303120,Unclassified,263,Unclassified,0,Slight,None,04-09-2021,Tuesday,1,Give way or uncontrolled,T or staggered junction,28.55620054,Darkness - no lighting,450630,202870,77.24507641,E01028733,2,2,0,0,Wet or damp,Single carriageway,None,40,17:10:00,Rural,Raining no high winds,No,21 - 25,9,Urban area,6,796,None,None,Journey as part of work,Mid Junction - on roundabout or on main road,DAEWOO,MATIZ SE,Petrol,Female,None,No tow/articulation,Did not leave carriageway,0,Going ahead right-hand bend,2,Car,No,Front,2021
201043P303120,Unclassified,263,Unclassified,0,Slight,None,14-12-2010,Tuesday,1,Give way or uncontrolled,T or staggered junction,51.722228,Darkness - no lighting,450630,202870,-1.268442,E01028733,2,2,0,0,Wet or damp,Single carriageway,None,40,17:10:00,Rural,Raining no high winds,No,21 - 25,9,Urban area,6,796,None,None,Journey as part of work,Mid Junction - on roundabout or on main road,DAEWOO,MATIZ SE,Petrol,Female,None,No tow/articulation,Did not leave carriageway,0,Going ahead right-hand bend,2,Car,No,Front,2010
201060L000698,A,470,NA,0,Slight,Any animal in carriageway (except ridden horse),01-01-2010,Friday,1,Data missing or out of range,Not at junction or within 20 metres,52.732008,Darkness - no lighting,281890,316370,-3.75063,W01000060,1,1,0,0,Wet or damp,Single carriageway,None,60,17:37:00,Rural,Snowing no high winds,No,21 - 25,9,Urban area,9,973,Any animal (except ridden horse),None,Other/Not known (2005-10),Not at or within 20 metres of junction,VAUXHALL,CORSA COMFORT 12V,Petrol,Male,Skidded,No tow/articulation,Did not leave carriageway,0,Going ahead other,1,Car,No,Front,2010
20103102D0452,A,60,Unclassified,0,Slight,None,18-02-2010,Thursday,1,Give way or uncontrolled,Private drive or entrance,53.045435,Darkness - no lighting,457390,350140,-1.1454,E01028189,2,3,0,0,Snow,Single carriageway,None,50,18:20:00,Rural,Snowing no high winds,No,21 - 25,9,Urban area,4,1242,None,None,Other/Not known (2005-10),Approaching junction or waiting/parked at junction approach,FORD,FIESTA FREESTYLE,Petrol,Female,Skidded,No tow/articulation,Did not leave carriageway,0,Going ahead other,1,Car,No,Front,2010
201060L213950,B,5434,A,539,Slight,None,18-11-2010,Thursday,1,Give way or uncontrolled,T or staggered junction,52.975109,Daylight,326980,342530,-3.088897,W01000389,1,2,0,0,Wet or damp,Single carriageway,None,60,15:40:00,Urban,Fine + high winds,No,21 - 25,9,Rural,NA,1587,None,None,Commuting to/from work,Cleared junction or waiting/parked at junction exit,CITROEN,BERLINGO MULTISPACE FORTE,Petrol,Male,None,No tow/articulation,Did not leave carriageway,0,Overtaking static vehicle - offside,1,Car,No,Front,2010
201050FT2E043,Unclassified,0,Unclassified,0,Slight,None,12-09-2020,Wednesday,1,Auto traffic signal,More than 4 arms (not roundabout),28.72036516,Daylight,291330,64100,77.11014025,E01015255,3,2,0,0,Dry,Single carriageway,None,30,14:00:00,Urban,Fine + high winds,No,21 - 25,9,Urban area,4,1242,None,None,Other/Not known (2005-10),Approaching junction or waiting/parked at junction approach,FIAT,PUNTO 1.2,Petrol,Female,None,No tow/articulation,Did not leave carriageway,0,Going ahead other,1,Car,No,Front,2020
201050FT2E043,Unclassified,0,Unclassified,0,Slight,None,01-12-2010,Wednesday,1,Auto traffic signal,More than 4 arms (not roundabout),50.466557,Daylight,291330,64100,-3.532585,E01015255,3,2,0,0,Dry,Single carriageway,None,30,14:00:00,Urban,Fine + high winds,No,21 - 25,9,Urban area,4,1242,None,None,Other/Not known (2005-10),Approaching junction or waiting/parked at junction approach,FIAT,PUNTO 1.2,Petrol,Female,None,No tow/articulation,Did not leave carriageway,0,Going ahead other,1,Car,No,Front,2010
201050DE2H012,B,3212,Unclassified,0,Slight,None,30-12-2019,Friday,1,Auto traffic signal,Other junction,14.73436045,Daylight,294930,93590,78.55804645,E01020037,1,2,0,0,Dry,Single carriageway,None,30,10:27:00,Urban,Fine no high winds,No,21 - 25,9,Urban area,8,1360,None,None,Other/Not known (2005-10),Approaching junction or waiting/parked at junction approach,CITROEN,SAXO FURIO,Petrol,Male,Skidded,No tow/articulation,Did not leave carriageway,0,Going ahead other,1,Car,No,Front,2019
20104100A0364,A,120,Unclassified,136,Slight,None,19-07-2019,Monday,1,Give way or uncontrolled,T or staggered junction,14.72001337,Daylight,541050,222950,78.55431158,E01023507,1,3,0,0,Dry,Single carriageway,None,60,12:24:00,Rural,Fine no high winds,No,21 - 25,9,Urban area,5,1124,None,None,Other/Not known (2005-10),Approaching junction or waiting/parked at junction approach,PEUGEOT,206 LOOK,Petrol,Male,None,No tow/articulation,Did not leave carriageway,0,Slowing or stopping,1,Car,No,Front,2019
2010400D03203,Motorway,1,NA,0,Slight,None,17-12-2019,Thursday,1,Data missing or out of range,Not at junction or within 20 metres,14.8014743,Daylight,503370,227710,78.60783537,E01017620,2,2,0,0,Dry,Dual carriageway,Roadworks,70,08:45:00,Rural,Fine no high winds,No,21 - 25,9,Urban area,3,1587,None,None,Other/Not known (2005-10),Not at or within 20 metres of junction,CITROEN,SAXO VTR,Petrol,Male,None,No tow/articulation,Did not leave carriageway,0,Going ahead other,2,Car,No,Back,2019
201045SU53148,B,383,NA,0,Slight,None,05-08-2020,Friday,1,Data missing or out of range,Not at junction or within 20 metres,14.67818415,Daylight,496440,164690,78.61733555,E01030763,1,2,0,0,Wet or damp,Single carriageway,Oil or diesel,40,17:40:00,Rural,Fine no high winds,No,21 - 25,9,Urban area,8,1753,None,None,Commuting to/from work,Not at or within 20 metres of junction,FORD,ESCORT 75 D,Heavy oil,Male,Skidded,No tow/articulation,Did not leave carriageway,0,Slowing or stopping,1,Van / Goods 3.5 tonnes mgw or under,No,Front,2019
201042I275908,A,1114,NA,0,Slight,None,25-05-2019,Sunday,1,Not at junction or within 20 metres,Not at junction or within 20 metres,14.77367112,Daylight,570100,205420,78.52976098,E01021556,1,2,0,4,Dry,Dual carriageway,None,40,17:10:00,Urban,Fine no high winds,No,21 - 25,9,Urban area,8,599,None,None,Other/Not known (2005-10),Not at or within 20 metres of junction,SUZUKI,GSX R600 K1,Petrol,Male,None,No tow/articulation,Did not leave carriageway,0,Going ahead other,2,Motorcycle over 500cc,No,Front,2019
20104100G0664,B,656,B,651,Slight,None,09-05-2021,Wednesday,1,Give way or uncontrolled,Crossroads,27.0998116,Daylight,520300,224780,93.61277565,E01023623,1,2,0,0,Frost or ice,Single carriageway,None,60,06:45:00,Rural,Fine no high winds,No,21 - 25,9,Urban area,7,1124,None,None,Journey as part of work,Cleared junction or waiting/parked at junction exit,PEUGEOT,106 INDEPENDENCE,Petrol,Male,Skidded,No tow/articulation,Did not leave carriageway,0,Going ahead left-hand bend,1,Car,No,Front,2019
201050GR2F004,C,3,NA,0,Slight,None,28-01-2019,Friday,1,Data missing or out of range,Not at junction or within 20 metres,27.09482766,Daylight,179140,57580,93.62293691,E01018832,1,1,0,0,Dry,Single carriageway,None,60,09:55:00,Rural,Fine no high winds,No,21 - 25,9,Rural,7,1390,None,Entered ditch,Other/Not known (2005-10),Not at or within 20 metres of junction,RENAULT,MEGANE SCENIC 16V,Petrol,Male,Skidded,No tow/articulation,Nearside,0,Going ahead other,1,Car,No,Nearside,2019
201043S067080,A,509,A,5,Slight,None,03-01-2021,Friday,1,Auto traffic signal,Roundabout,26.74792119,Daylight,483580,238310,94.18624974,E01016774,4,2,0,0,Dry,Roundabout,None,40,16:25:00,Rural,Fine no high winds,No,21 - 25,9,Urban area,4,1300,None,None,Other/Not known (2005-10),Approaching junction or waiting/parked at junction approach,FORD,KA,Petrol,Male,None,No tow/articulation,Did not leave carriageway,0,Waiting to go - held up,2,Car,No,Back,2019
201050KU2Q004,B,3181,Unclassified,0,Slight,None,08-09-2020,Thursday,1,Give way or uncontrolled,Roundabout,26.75660081,Daylight,301880,106440,94.1837796,E01020058,1,2,0,0,Dry,Roundabout,None,30,08:06:00,Rural,Fine no high winds,No,21 - 25,9,Small town,6,1587,None,None,Other/Not known (2005-10),Leaving roundabout,CITROEN,SAXO VTR,Petrol,Male,None,No tow/articulation,Did not leave carriageway,0,Going ahead other,2,Car,No,Offside,2019
201034TM19660,Motorway,1,NA,0,Slight,None,10-11-2020,Monday,1,Data missing or out of range,Not at junction or within 20 metres,25.76340496,Daylight,457290,274670,87.48328119,E01027006,2,3,0,0,Dry,Dual carriageway,None,70,09:50:00,Rural,Fine no high winds,No,21 - 25,9,Data missing or out of range,NA,2979,None,None,Other/Not known (2005-10),Not at or within 20 metres of junction,BMW,330 CI SPORT AUTO,Petrol,Male,None,No tow/articulation,Did not leave carriageway,0,Going ahead other,1,Car,No,Front,2019
201050GA2E002,A,3058,NA,0,Slight,None,03-10-2021,Sunday,2,Not at junction or within 20 metres,Not at junction or within 20 metres,22.08659881,Daylight,199080,53070,82.17185973,E01019073,2,2,0,0,Dry,Single carriageway,None,30,15:19:00,Urban,Fine no high winds,No,21 - 25,9,Rural,3,2402,None,None,Other/Not known (2005-10),Not at or within 20 metres of junction,FORD,TRANSIT 350 LWB TD,Heavy oil,Male,None,No tow/articulation,Did not leave carriageway,0,Going ahead left-hand bend,2,Van / Goods 3.5 tonnes mgw or under,No,Offside,2019
201043P159100,A,420,Unclassified,0,Slight,None,01-09-2020,Friday,1,Give way or uncontrolled,More than 4 arms (not roundabout),22.10493219,Daylight,454390,207040,82.14874746,E01028535,1,2,0,0,Dry,Single carriageway,None,20,12:22:00,Urban,Fine no high winds,No,21 - 25,9,Urban area,5,1988,None,None,Other/Not known (2005-10),Leaving main road,LEXUS,IS200 SE,Petrol,Male,None,No tow/articulation,Did not leave carriageway,0,Turning right,1,Car,No,Offside,2019
201050BT2D015,A,374,Unclassified,0,Slight,None,29-03-2021,Monday,1,Give way or uncontrolled,T or staggered junction,22.06111597,Daylight,243540,55310,82.1552618,E01018799,2,2,0,0,Wet or damp,Single carriageway,None,30,17:29:00,Rural,Fine no high winds,No,21 - 25,9,Data missing or out of range,NA,1360,None,None,Other/Not known (2005-10),Approaching junction or waiting/parked at junction approach,PEUGEOT,306 LX,Petrol,Male,None,No tow/articulation,Did not leave carriageway,0,Slowing or stopping,2,Car,No,Front,2019
201037G030100,A,14,NA,0,Slight,None,09-07-2021,Thursday,1,Data missing or out of range,Not at junction or within 20 metres,22.10137764,Daylight,613150,241730,82.17048562,E01029908,1,2,0,0,Wet or damp,Dual carriageway,None,70,15:50:00,Rural,Fine no high winds,No,21 - 25,9,Urban area,8,973,None,None,Other/Not known (2005-10),Not at or within 20 metres of junction,VAUXHALL,CORSA CLUB 12V,Petrol,Male,Skidded,No tow/articulation,Did not leave carriageway,0,Going ahead other,1,Car,No,Front,2019
201037G029596,A,137,B,1075,Slight,None,18-06-2020,Sunday,1,Auto traffic signal,Crossroads,15.19922144,Daylight,615780,244000,74.01913835,E01029985,1,2,0,0,Dry,One way street,None,30,10:55:00,Urban,Fine no high winds,No,21 - 25,9,Urban area,1,1679,None,None,Other/Not known (2005-10),Mid Junction - on roundabout or on main road,FORD,PUMA 1.7 16V,Petrol,Male,None,No tow/articulation,Did not leave carriageway,0,Going ahead other,2,Car,No,Nearside,2019
201050FT2C021,Unclassified,0,Unclassified,0,Slight,None,26-11-2019,Monday,1,Give way or uncontrolled,Mini-roundabout,23.02315406,Daylight,291710,64350,72.57209071,E01015217,1,2,0,0,Dry,Roundabout,None,30,19:28:00,Urban,Fine no high winds,No,21 - 25,9,Small town,8,1396,None,None,Other/Not known (2005-10),Leaving roundabout,ROVER,25 IMPRESSION,Petrol,Male,None,No tow/articulation,Did not leave carriageway,0,Turning right,2,Car,No,Front,2019
20104100J0425,A,41,C,83,Slight,None,01-11-2019,Monday,2,Give way or uncontrolled,T or staggered junction,28.50694094,Daylight,515420,195550,77.09598776,E01023551,1,4,0,0,Dry,Single carriageway,None,60,12:00:00,Rural,Fine no high winds,No,21 - 25,9,Data missing or out of range,NA,1497,None,None,Other/Not known (2005-10),Approaching junction or waiting/parked at junction approach,NISSAN,ALMERA E,Petrol,Male,Skidded,No tow/articulation,Did not leave carriageway,0,Going ahead other,3,Car,No,Front,2019
2010400C02723,Unclassified,0,NA,0,Slight,None,06-03-2021,Monday,1,Data missing or out of range,Not at junction or within 20 metres,28.44988484,Daylight,509800,222210,77.03329124,E01015742,1,2,0,0,Dry,Single carriageway,None,30,11:55:00,Urban,Fine no high winds,No,21 - 25,9,Urban area,2,124,None,None,Other/Not known (2005-10),Not at or within 20 metres of junction,PIAGGIO,NEW SKIPPER,Petrol,Male,None,No tow/articulation,Did not leave carriageway,0,Overtaking moving vehicle - offside,1,Motorcycle 125cc and under,No,Front,2019
20104100C1194,A,411,A,41,Slight,None,15-11-2021,Saturday,2,Give way or uncontrolled,Roundabout,28.42850674,Daylight,508610,199450,76.98860041,E01023854,2,2,0,0,Dry,Single carriageway,None,40,14:05:00,Urban,Fine no high winds,No,21 - 25,9,Urban area,3,2197,None,None,Other/Not known (2005-10),Approaching junction or waiting/parked at junction approach,PEUGEOT,607 SE HDI AUTO,Heavy oil,Male,None,No tow/articulation,Did not leave carriageway,0,Slowing or stopping,1,Car,No,Front,2019
201043S131100,C,24,Unclassified,0,Slight,None,04-09-2021,Tuesday,2,Auto traffic signal,Other junction,28.41960475,Daylight,481750,241620,77.03607015,,1,2,0,0,Dry,Single carriageway,None,30,08:20:00,Urban,Fine no high winds,No,21 - 25,9,Urban area,3,1299,None,None,Journey as part of work,Approaching junction or waiting/parked at junction approach,FORD,KA,Petrol,Male,None,No tow/articulation,Did not leave carriageway,0,Waiting to go - held up,2,Car,No,Back,2019
201034WN29530,Unclassified,8140,A,4500,Slight,None,03-01-2019,Wednesday,2,Give way or uncontrolled,Roundabout,28.43984111,Daylight,472840,260550,77.03278777,E01027237,2,2,0,0,Dry,Single carriageway,None,30,15:00:00,Urban,Fine no high winds,No,21 - 25,9,Urban area,7,973,None,None,Other/Not known (2005-10),Approaching junction or waiting/parked at junction approach,VAUXHALL,CORSA CLUB 12V,Petrol,Male,None,No tow/articulation,Did not leave carriageway,0,Waiting to go - held up,2,Car,No,Back,2019
201050AH2Q012,A,394,Unclassified,0,Slight,None,27-11-2021,Saturday,1,Give way or uncontrolled,Other junction,13.02088661,Daylight,167500,28460,77.64620857,E01018883,1,1,0,0,Wet or damp,Single carriageway,None,30,04:50:00,Rural,Fine no high winds,No,21 - 25,9,Data missing or out of range,NA,1995,None,Other permanent object,Other/Not known (2005-10),Approaching junction or waiting/parked at junction approach,VAUXHALL,ASTRA SXI DTI 16V,Heavy oil,Male,Skidded,No tow/articulation,Did not leave carriageway,0,Going ahead right-hand bend,1,Car,No,Front,2020
201043R025090,A,330,B,3024,Slight,None,07-10-2021,Friday,1,Give way or uncontrolled,T or staggered junction,13.01275383,Daylight,487690,176460,77.58617702,E01016543,2,2,0,0,Dry,Single carriageway,None,50,17:38:00,Rural,Fine no high winds,No,21 - 25,9,Small town,10,1124,None,None,Other/Not known (2005-10),Mid Junction - on roundabout or on main road,PEUGEOT,206 LOOK,Petrol,Male,None,No tow/articulation,Did not leave carriageway,0,Going ahead other,2,Car,No,Front,2020
201045GU51773,A,3,A,3,Slight,None,22-03-2019,Monday,1,Give way or uncontrolled,Slip road,8.870931438,Daylight,508000,159200,76.66804224,E01030458,2,3,1,7,Dry,Dual carriageway,None,70,17:36:00,Rural,Fine no high winds,No,21 - 25,9,Urban area,10,1984,None,None,Journey as part of work,Mid Junction - on roundabout or on main road,VOLKSWAGEN,GOLF GTI (115 BHP),Petrol,Male,None,No tow/articulation,Did not leave carriageway,0,Slowing or stopping,2,Car,No,Back,2020
201037G030604,Unclassified,3210,Unclassified,9999,Slight,None,06-01-2020,Tuesday,1,Give way or uncontrolled,T or staggered junction,8.87073728,Daylight,622790,245210,76.66954648,E01030182,1,2,0,0,Wet or damp,Single carriageway,None,30,08:00:00,Rural,Fine no high winds,No,21 - 25,9,Urban area,10,1242,None,None,Journey as part of work,Approaching junction or waiting/parked at junction approach,FORD,FIESTA FREESTYLE,Petrol,Male,None,No tow/articulation,Did not leave carriageway,0,Going ahead other,2,Car,No,Front,2020
201037G029226,Unclassified,4483,Unclassified,0,Slight,None,31-03-2021,Friday,1,Give way or uncontrolled,Private drive or entrance,8.888343993,Daylight,613600,247220,76.67388009,E01030031,1,2,0,0,Dry,Single carriageway,None,30,13:10:00,Urban,Fine no high winds,No,21 - 25,9,Urban area,8,599,None,None,Journey as part of work,Cleared junction or waiting/parked at junction exit,SUZUKI,GSX R600 K1,Petrol,Male,None,No tow/articulation,Did not leave carriageway,0,Going ahead other,1,Motorcycle over 500cc,No,Front,2020
201043P236030,A,417,NA,0,Slight,None,05-04-2019,Sunday,1,Data missing or out of range,Not at junction or within 20 metres,8.881196733,Daylight,446910,189220,76.66677149,E01028730,2,3,0,0,Dry,Single carriageway,Road surface defective,40,11:22:00,Rural,Fine no high winds,No,21 - 25,9,Urban area,8,599,None,None,Other/Not known (2005-10),Not at or within 20 metres of junction,HONDA,CB600 F2-Y,Petrol,Male,Skidded,No tow/articulation,Did not leave carriageway,0,Going ahead left-hand bend,1,Motorcycle over 500cc,No,Front,2020
201050FP2D028,Unclassified,0,Unclassified,0,Slight,None,01-08-2020,Wednesday,1,Give way or uncontrolled,T or staggered junction,22.76837199,Daylight,287960,60020,75.89118878,E01015220,3,2,0,0,Dry,Single carriageway,None,30,11:42:00,Urban,Fine no high winds,No,21 - 25,9,Urban area,1,1242,None,None,Journey as part of work,Approaching junction or waiting/parked at junction approach,FORD,FIESTA FREESTYLE,Petrol,Male,Skidded,No tow/articulation,Did not leave carriageway,0,Going ahead other,1,Car,No,Front,2020
201043P096090,A,420,A,415,Slight,None,15-09-2021,Thursday,1,Give way or uncontrolled,Roundabout,22.69511577,Daylight,440690,198650,75.83864969,E01028736,3,2,0,0,Dry,Roundabout,None,60,16:40:00,Rural,Fine no high winds,No,21 - 25,9,Urban area,10,796,None,None,Journey as part of work,Entering roundabout,DAEWOO,MATIZ SE,Petrol,Male,Skidded,No tow/articulation,Did not leave carriageway,0,Going ahead other,1,Car,No,Front,2020
201050KH2M003,A,30,NA,0,Slight,None,04-08-2019,Sunday,2,Not at junction or within 20 metres,Not at junction or within 20 metres,22.76111739,Daylight,313610,99550,75.90740268,E01019926,2,3,0,0,Dry,Single carriageway,None,60,13:08:00,Rural,Fine no high winds,No,21 - 25,9,Urban area,3,1896,None,None,Other/Not known (2005-10),Not at or within 20 metres of junction,VOLKSWAGEN,PASSAT S TDI,Heavy oil,Male,None,No tow/articulation,Did not leave carriageway,0,Going ahead other,1,Car,No,Front,2020
201042I356108,Unclassified,0,NA,0,Slight,None,21-12-2020,Wednesday,1,Not at junction or within 20 metres,Not at junction or within 20 metres,22.76822576,Daylight,577680,239410,75.91246439,E01021430,1,1,0,0,Dry,Single carriageway,None,40,07:10:00,Rural,Fine no high winds,No,21 - 25,9,Rural,6,1997,None,Other permanent object,Other/Not known (2005-10),Not at or within 20 metres of junction,PEUGEOT,206 CC,Petrol,Male,Skidded and overturned,No tow/articulation,Nearside and rebounded,0,Going ahead other,1,Car,No,Nearside,2020
201043N164040,Unclassified,4135,NA,,Slight,None,17-12-2019,Thursday,1,Give way or uncontrolled,Private drive or entrance,22.69123981,Daylight,496550,200440,75.89748736,E01017791,1,2,0,0,Dry,Single carriageway,None,30,17:33:00,Urban,Fine no high winds,No,21 - 25,9,Urban area,5,1796,None,None,Other/Not known (2005-10),Approaching junction or waiting/parked at junction approach,BMW,316TI SE COMPACT,Petrol,Male,None,No tow/articulation,Did not leave carriageway,0,Slowing or stopping,2,Car,No,Back,2020
201045WO49788,C,144,Unclassified,3667,Slight,None,08-04-2021,Friday,1,Give way or uncontrolled,T or staggered junction,26.47138903,Daylight,501670,159480,74.65556991,E01030982,1,3,0,0,Dry,Single carriageway,None,30,14:10:00,Urban,Fine no high winds,No,21 - 25,9,Urban area,7,1124,None,None,Other/Not known (2005-10),Cleared junction or waiting/parked at junction exit,PEUGEOT,206 LOOK,Petrol,Male,None,No tow/articulation,Did not leave carriageway,0,Waiting to go - held up,3,Car,No,Offside,2020
2010400D00354,A,5120,Unclassified,0,Slight,None,16-03-2020,Monday,1,Auto traffic signal,T or staggered junction,26.45795824,Daylight,501480,223450,74.63869233,E01017578,1,2,0,4,Frost or ice,Single carriageway,None,30,10:43:00,Urban,Fine no high winds,No,21 - 25,9,Urban area,7,1796,None,None,Other/Not known (2005-10),Approaching junction or waiting/parked at junction approach,FORD,FOCUS ZETEC COLLECTION,Petrol,Male,None,No tow/articulation,Did not leave carriageway,0,Waiting to go - held up,1,Car,No,Back,2020