Accident_Index,1st_Road_Class,1st_Road_Number,2nd_Road_Class,2nd_Road_Number,Accident_Severity,Carriageway_Hazards,Date,Day_of_Week,Did_Police_Officer_Attend_Scene_of_Accident,Junction_Control,Junction_Detail,Latitude,Light_Conditions,Location_Easting_OSGR,Location_Northing_OSGR,Longitude,LSOA_of_Accident_Location,Number_of_Casualties,Number_of_Vehicles,Pedestrian_Crossing-Human_Control,Pedestrian_Crossing-Physical_Facilities,Road_Surface_Conditions,Road_Type,Special_Conditions_at_Site,Speed_limit,Time,Urban_or_Rural_Area,Weather_Conditions,InScotland,Age_Band_of_Driver,Age_of_Vehicle,Driver_Home_Area_Type,Driver_IMD_Decile,Engine_Capacity_.CC.,Hit_Object_in_Carriageway,Hit_Object_off_Carriageway,Journey_Purpose_of_Driver,Junction_Location,make,model,Propulsion_Code,Sex_of_Driver,Skidding_and_Overturning,Towing_and_Articulation,Vehicle_Leaving_Carriageway,Vehicle_Location.Restricted_Lane,Vehicle_Manoeuvre,Vehicle_Reference,Vehicle_Type,Was_Vehicle_Left_Hand_Drive,X1st_Point_of_Impact,Year
20104100K0286,Unclassified,24,Unclassified,83,Slight,None,05-06-2020,Wednesday,1,Give way or uncontrolled,T or staggered junction,26.46488869,Daylight,535920,200330,74.61202612,E01023337,1,2,0,0,Dry,Single carriageway,None,30,18:05:00,Urban,Fine no high winds,No,21 - 25,9,Data missing or out of range,NA,1242,None,None,Commuting to/from work,Mid Junction - on roundabout or on main road,FORD,FIESTA FREESTYLE,Petrol,Male,Skidded,No tow/articulation,Did not leave carriageway,0,Going ahead other,2,Car,No,Front,2020
201037B044697,A,1302,Unclassified,5512,Slight,None,12-04-2021,Thursday,1,Give way or uncontrolled,T or staggered junction,26.46120723,Daylight,583830,264630,74.5851154,E01030124,1,2,0,0,Dry,Single carriageway,None,30,09:50:00,Urban,Fine no high winds,No,21 - 25,9,Urban area,8,1896,None,None,Commuting to/from work,Approaching junction or waiting/parked at junction approach,VOLKSWAGEN,GOLF E SDI,Heavy oil,Male,None,No tow/articulation,Did not leave carriageway,0,Overtaking - nearside,1,Car,No,Front,2020
201050JT2R010,A,386,Unclassified,0,Slight,None,17-05-2021,Monday,1,Give way or uncontrolled,T or staggered junction,26.46573209,Daylight,252040,67820,74.59716339,E01020315,1,3,0,0,Dry,Single carriageway,None,60,07:41:00,Rural,Fine no high winds,No,21 - 25,9,Rural,9,1999,None,None,Journey as part of work,Approaching junction or waiting/parked at junction approach,FORD,MONDEO ZETEC,Petrol,Male,None,No tow/articulation,Did not leave carriageway,0,Turning right,3,Car,No,Did not impact,2020
2010400C03624,Unclassified,0,Unclassified,0,Slight,None,19-05-2019,Thursday,1,Auto traffic signal,Crossroads,26.44276331,Daylight,507170,222470,80.30491073,E01015731,1,2,0,8,Dry,Single carriageway,None,30,14:25:00,Urban,Fine no high winds,No,21 - 25,9,Urban area,1,1781,None,None,Other/Not known (2005-10),Approaching junction or waiting/parked at junction approach,AUDI,S3 QUATTRO,Petrol,Male,None,No tow/articulation,Did not leave carriageway,0,Going ahead other,2,Car,No,Front,2020
201050ED2K012,B,3396,Unclassified,0,Slight,None,27-10-2021,Tuesday,1,Auto traffic signal,T or staggered junction,26.48080722,Daylight,245070,56020,80.33470061,E01015041,1,2,0,4,Dry,Single carriageway,None,30,06:55:00,Urban,Fine no high winds,No,21 - 25,9,Urban area,6,1299,None,None,Journey as part of work,Approaching junction or waiting/parked at junction approach,FORD,KA COLLECTION,Petrol,Male,None,No tow/articulation,Did not leave carriageway,0,Turning right,2,Car,No,Nearside,2020
201050JN2C002,A,382,NA,0,Slight,None,21-03-2020,Friday,1,Not at junction or within 20 metres,Not at junction or within 20 metres,26.46365048,Daylight,283280,74710,80.3042233,E01020207,1,2,0,0,Dry,Single carriageway,None,30,15:52:00,Rural,Fine no high winds,No,21 - 25,9,Data missing or out of range,NA,1984,None,None,Other/Not known (2005-10),Not at or within 20 metres of junction,VOLKSWAGEN,GOLF GTI (115 BHP),Petrol,Male,None,No tow/articulation,Did not leave carriageway,0,Going ahead other,1,Car,No,Front,2020
201043P172070,Unclassified,410,NA,0,Slight,None,07-11-2019,Monday,2,Data missing or out of range,Not at junction or within 20 metres,26.47386956,Daylight,435620,209170,80.30152349,E01028819,1,1,0,0,Dry,Single carriageway,None,30,16:30:00,Urban,Fine no high winds,No,21 - 25,9,Data missing or out of range,NA,1119,None,None,Other/Not known (2005-10),Not at or within 20 metres of junction,ROVER,25 I 16V,Petrol,Male,Skidded,No tow/articulation,Did not leave carriageway,0,Moving off,1,Car,No,Offside,2020
201042I011401,A,131,Unclassified,0,Slight,None,06-03-2019,Tuesday,1,Give way or uncontrolled,T or staggered junction,26.47298882,Daylight,580590,229920,80.31237877,E01021392,2,2,0,0,Wet or damp,Single carriageway,None,30,09:40:00,Urban,Fine no high winds,No,21 - 25,9,Urban area,4,1998,None,None,Other/Not known (2005-10),Approaching junction or waiting/parked at junction approach,MERCEDES,CLK 200 ELEGANCE KOMP.,Petrol,Male,None,No tow/articulation,Did not leave carriageway,0,Slowing or stopping,2,Car,No,Back,2020
2010550C39866,A,350,B,3068,Slight,None,02-11-2021,Saturday,1,Give way or uncontrolled,Roundabout,26.46634318,Daylight,401210,90870,80.32923452,E01015469,1,2,0,0,Dry,Roundabout,None,30,19:00:00,Urban,Fine no high winds,No,21 - 25,9,Urban area,1,1199,None,None,Other/Not known (2005-10),Entering roundabout,VAUXHALL,CORSA CLUB 16V,Petrol,Male,None,No tow/articulation,Did not leave carriageway,0,Moving off,2,Car,No,Front,2020
201042I005401,Unclassified,0,Unclassified,0,Slight,None,14-08-2019,Monday,1,Give way or uncontrolled,T or staggered junction,26.4482163,Daylight,558370,193340,80.32502013,E01021438,1,1,0,0,Frost or ice,Single carriageway,None,60,14:18:00,Urban,Fine no high winds,No,21 - 25,9,Urban area,10,1396,None,Tree,Other/Not known (2005-10),Approaching junction or waiting/parked at junction approach,HONDA,CIVIC 1.4I SPORT,Petrol,Male,Skidded,No tow/articulation,Nearside,0,Going ahead other,1,Car,No,Front,2020
20104100E0400,A,1072,NA,0,Slight,None,13-05-2020,Monday,1,Not at junction or within 20 metres,Not at junction or within 20 metres,28.66101785,Daylight,523510,225880,77.15994961,E01023777,1,1,0,0,Dry,Dual carriageway,None,40,07:40:00,Urban,Fine no high winds,No,21 - 25,9,Urban area,10,1868,None,Tree,Commuting to/from work,Not at or within 20 metres of junction,PEUGEOT,PARTNER 600 L DIESEL,Heavy oil,Male,None,No tow/articulation,Nearside,0,Going ahead other,1,Van / Goods 3.5 tonnes mgw or under,No,Front,2020
201043P182070,B,4022,NA,0,Slight,None,01-05-2021,Thursday,1,Data missing or out of range,Not at junction or within 20 metres,28.67606065,Daylight,438590,227050,77.16382088,E01028795,1,1,0,0,Wet or damp,Single carriageway,None,60,13:06:00,Rural,Fine no high winds,No,21 - 25,9,Rural,9,999,None,Tree,Other/Not known (2005-10),Not at or within 20 metres of junction,VOLKSWAGEN,POLO E,Petrol,Male,Skidded,No tow/articulation,Nearside and rebounded,0,Going ahead right-hand bend,1,Car,No,Offside,2020
201050KE2D025,Unclassified,0,Unclassified,0,Slight,None,12-10-2020,Wednesday,1,Give way or uncontrolled,More than 4 arms (not roundabout),28.56915035,Daylight,300060,80990,77.11893088,E01019916,2,2,0,0,Dry,Single carriageway,None,30,19:55:00,Urban,Fine no high winds,No,21 - 25,9,Urban area,3,1149,None,None,Other/Not known (2005-10),Cleared junction or waiting/parked at junction exit,RENAULT,CLIO EXPRESSION 16V,Petrol,Male,None,No tow/articulation,Did not leave carriageway,0,Slowing or stopping,2,Car,No,Back,2020
201043N201080,A,40,Unclassified,36,Slight,None,30-04-2021,Monday,1,Give way or uncontrolled,T or staggered junction,28.6924928,Daylight,496440,189740,77.14922547,E01017800,2,2,0,0,Dry,Single carriageway,None,50,18:17:00,Rural,Fine no high winds,No,21 - 25,9,Urban area,4,1988,None,None,Other/Not known (2005-10),Approaching junction or waiting/parked at junction approach,LEXUS,IS200 SE AUTO,Petrol,Male,None,No tow/articulation,Did not leave carriageway,0,Slowing or stopping,2,Car,No,Back,2020
201045WA53249,B,2130,NA,0,Slight,None,19-03-2021,Friday,1,Data missing or out of range,Not at junction or within 20 metres,28.56752638,Daylight,500380,138070,77.08696032,E01030864,1,1,0,0,Wet or damp,Single carriageway,None,30,19:35:00,Rural,Fine no high winds,No,21 - 25,9,Urban area,9,993,None,None,Other/Not known (2005-10),Not at or within 20 metres of junction,SUZUKI,SWIFT GLS,Petrol,Male,Skidded and overturned,No tow/articulation,Nearside,0,Going ahead left-hand bend,1,Car,No,Front,2020
20104100T2109,A,602,A(M),1,Slight,None,05-06-2019,Friday,1,Give way or uncontrolled,Roundabout,28.58143011,Daylight,523560,222580,77.20456433,E01023786,1,2,0,0,Dry,Roundabout,None,60,13:45:00,Urban,Fine no high winds,No,21 - 25,9,Urban area,10,1587,None,Road sign or traffic signal,Commuting to/from work,Mid Junction - on roundabout or on main road,CITROEN,SAXO VTR,Petrol,Male,None,No tow/articulation,Nearside,0,Turning right,2,Car,No,Nearside,2021
201045SU55551,Unclassified,3532,B,3411,Slight,None,15-12-2020,Wednesday,2,Give way or uncontrolled,Roundabout,28.64974449,Daylight,486870,159210,77.33030645,E01030803,1,2,0,0,Dry,Roundabout,None,30,11:30:00,Urban,Fine no high winds,No,21 - 25,9,Small town,10,1242,Bollard or refuge,None,Commuting to/from work,Leaving roundabout,FIAT,PUNTO ELX 8V,Petrol,Male,None,No tow/articulation,Did not leave carriageway,0,Going ahead other,1,Car,No,Nearside,2021
201045GU49532,A,247,NA,0,Slight,None,18-12-2019,Thursday,1,Data missing or out of range,Not at junction or within 20 metres,28.68935459,Daylight,504500,151150,77.35528836,E01030440,3,4,0,0,Dry,Single carriageway,None,30,17:45:00,Rural,Fine no high winds,No,21 - 25,9,Urban area,8,1396,None,None,Commuting to/from work,Not at or within 20 metres of junction,ROVER,25 IMPRESSION S,Petrol,Male,None,No tow/articulation,Did not leave carriageway,0,Waiting to go - held up,2,Car,No,Back,2021
201050GN2A009,C,746,Unclassified,0,Slight,None,15-01-2020,Thursday,2,Give way or uncontrolled,T or staggered junction,28.55655017,Daylight,180600,61390,77.35822153,E01019028,1,2,0,0,Dry,Single carriageway,None,30,10:50:00,Urban,Fine no high winds,No,21 - 25,9,Urban area,4,1686,None,None,Other/Not known (2005-10),Approaching junction or waiting/parked at junction approach,VAUXHALL,ASTRA LS DTI,Heavy oil,Male,None,No tow/articulation,Did not leave carriageway,0,Going ahead other,2,Car,No,Offside,2021
201050BW3O007,C,111,NA,0,Slight,None,04-03-2019,Wednesday,2,Not at junction or within 20 metres,Not at junction or within 20 metres,28.66140342,Daylight,199640,80750,77.19808897,E01018962,1,1,0,0,Dry,Single carriageway,None,30,15:30:00,Rural,Fine no high winds,No,21 - 25,9,Rural,4,1598,None,None,Other/Not known (2005-10),Not at or within 20 metres of junction,SEAT,LEON S 16V,Petrol,Male,None,No tow/articulation,Did not leave carriageway,0,Reversing,1,Car,No,Back,2021
201050BD2B004,A,38,Unclassified,0,Slight,None,19-12-2020,Sunday,1,Give way or uncontrolled,T or staggered junction,28.55036034,Daylight,217560,64900,77.11285995,E01018784,3,4,0,0,Dry,Single carriageway,None,50,15:40:00,Rural,Fine no high winds,No,21 - 25,9,Urban area,7,1997,None,None,Other/Not known (2005-10),Mid Junction - on roundabout or on main road,PEUGEOT,206 GTI,Petrol,Male,None,No tow/articulation,Did not leave carriageway,0,Waiting to go - held up,1,Car,No,Back,2021
201054ES33510,A,30,NA,0,Slight,None,21-06-2020,Tuesday,1,Not at junction or within 20 metres,Not at junction or within 20 metres,28.65653712,Daylight,415830,131880,77.1507604,E01031985,2,5,0,4,Dry,Single carriageway,None,40,15:14:00,Urban,Fine no high winds,No,21 - 25,9,Urban area,4,1598,None,None,Other/Not known (2005-10),Not at or within 20 metres of junction,VAUXHALL,ASTRA LS DUALFUEL,Gas/Bi-fuel,Male,None,No tow/articulation,Did not leave carriageway,0,Waiting to go - held up,2,Car,No,Back,2021
201043P140040,C,43,A,4260,Slight,None,14-09-2019,Saturday,1,Give way or uncontrolled,Roundabout,18.54028616,Daylight,449920,212360,73.87249531,E01028511,1,2,0,0,Dry,Roundabout,None,60,18:16:00,Rural,Fine no high winds,No,21 - 25,9,Data missing or out of range,NA,1360,None,None,Other/Not known (2005-10),Entering roundabout,CITROEN,SAXO FURIO,Petrol,Male,None,No tow/articulation,Did not leave carriageway,0,Moving off,1,Car,No,Front,2021
201042I294809,A,12,NA,0,Slight,None,21-04-2020,Saturday,1,Data missing or out of range,Not at junction or within 20 metres,18.6421252,Daylight,566370,201610,73.80113896,E01021602,2,2,0,0,Dry,Dual carriageway,None,70,19:03:00,Rural,Fine no high winds,No,21 - 25,9,Data missing or out of range,NA,599,None,None,Other/Not known (2005-10),Not at or within 20 metres of junction,HONDA,CB600 HORNET,Petrol,Male,Skidded,No tow/articulation,Did not leave carriageway,0,Going ahead other,1,Motorcycle over 500cc,No,Front,2021
201045SP51478,A,308,B,378,Slight,None,03-10-2020,Tuesday,1,Auto traffic signal,Crossroads,18.61818176,Daylight,507890,170470,73.91400036,E01030721,5,4,0,0,Dry,Dual carriageway,None,50,08:19:00,Urban,Fine no high winds,No,21 - 25,9,Urban area,6,1997,None,None,Commuting to/from work,Cleared junction or waiting/parked at junction exit,HONDA,ACCORD VTEC SE AUTO,Petrol,Male,None,No tow/articulation,Did not leave carriageway,0,Going ahead other,1,Car,No,Did not impact,2021
201042I131404,A,414,A,12,Slight,None,12-08-2020,Tuesday,1,Give way or uncontrolled,Roundabout,18.5509756,Daylight,567670,202400,73.77954784,E01021602,3,2,0,0,Dry,Roundabout,None,70,12:00:00,Rural,Fine no high winds,No,21 - 25,9,Urban area,4,1870,None,None,Other/Not known (2005-10),Approaching junction or waiting/parked at junction approach,VOLVO,V40 DS,Heavy oil,Male,None,No tow/articulation,Did not leave carriageway,0,Going ahead other,1,Car,No,Front,2021
201037G030543,C,442,Unclassified,0,Slight,None,06-09-2019,Saturday,1,Give way or uncontrolled,Private drive or entrance,18.56994185,Daylight,613530,245100,73.75278702,E01029878,1,2,0,0,Wet or damp,Single carriageway,None,40,10:51:00,Rural,Fine no high winds,No,21 - 25,9,Data missing or out of range,NA,2151,None,None,Journey as part of work,Approaching junction or waiting/parked at junction approach,MERCEDES,SPRINTER 313 CDI LWB,Heavy oil,Male,Skidded,No tow/articulation,Did not leave carriageway,0,Going ahead other,1,Van / Goods 3.5 tonnes mgw or under,No,Front,2021
20104100K0184,A,10,B,198,Slight,None,22-01-2019,Friday,1,Auto traffic signal,Crossroads,18.64464655,Daylight,535330,202250,73.8515976,E01023297,1,3,0,7,Dry,Dual carriageway,None,40,18:42:00,Urban,Fine no high winds,No,21 - 25,9,Rural,7,124,None,None,Other/Not known (2005-10),Approaching junction or waiting/parked at junction approach,SUZUKI,VL 125 SK1,Petrol,Male,None,No tow/articulation,Did not leave carriageway,0,Going ahead other,3,Motorcycle 125cc and under,No,Front,2021
201050EL2L019,Unclassified,0,Unclassified,0,Slight,None,19-02-2021,Monday,1,Give way or uncontrolled,T or staggered junction,18.62805948,Daylight,246460,59030,73.81064023,E01015088,2,6,0,0,Dry,Single carriageway,None,30,08:47:00,Urban,Fine no high winds,No,21 - 25,9,Urban area,2,1242,None,None,Other/Not known (2005-10),Approaching junction or waiting/parked at junction approach,FIAT,PUNTO 1.2,Petrol,Male,None,No tow/articulation,Did not leave carriageway,0,Parked,5,Car,No,Did not impact,2021
201042I129804,A,1016,Unclassified,0,Slight,None,17-07-2019,Sunday,1,Give way or uncontrolled,T or staggered junction,18.56494519,Daylight,569450,205940,73.79855432,E01021631,4,3,0,8,Wet or damp,Single carriageway,None,30,12:28:00,Urban,Fine no high winds,No,21 - 25,9,Urban area,10,1199,None,None,Other/Not known (2005-10),Cleared junction or waiting/parked at junction exit,VAUXHALL,CORSA COMFORT 16V,Petrol,Male,None,No tow/articulation,Did not leave carriageway,0,Slowing or stopping,2,Car,No,Back,2021
201045GU54211,B,3166,Unclassified,4040,Slight,None,20-04-2019,Friday,1,Give way or uncontrolled,T or staggered junction,18.58595123,Daylight,489070,153440,73.74835116,E01030429,1,2,0,0,Dry,Single carriageway,None,30,10:43:00,Urban,Fine no high winds,No,21 - 25,9,Urban area,6,1299,None,None,Other/Not known (2005-10),Approaching junction or waiting/parked at junction approach,FORD,KA 2,Petrol,Male,None,No tow/articulation,Did not leave carriageway,0,Waiting to turn right,2,Car,No,Front,2021
201043R162030,A,4,Unclassified,7302,Slight,None,28-03-2021,Tuesday,1,Give way or uncontrolled,T or staggered junction,18.54674114,Daylight,498390,179830,73.84256834,E01016512,3,2,0,8,Wet or damp,Dual carriageway,None,40,17:12:00,Urban,Fine no high winds,No,21 - 25,9,Urban area,3,1242,None,None,Commuting to/from work,Approaching junction or waiting/parked at junction approach,FORD,FIESTA FREESTYLE,Petrol,Male,None,No tow/articulation,Did not leave carriageway,0,Moving off,1,Car,No,Front,2021
201042I157205,A,1012,A,13,Slight,None,25-02-2019,Wednesday,1,Give way or uncontrolled,Roundabout,18.57212609,Daylight,560680,180270,73.93501231,E01015942,2,2,0,0,Dry,Roundabout,None,70,17:40:00,Rural,Fine no high winds,No,21 - 25,9,Urban area,6,1242,None,None,Other/Not known (2005-10),Entering roundabout,FORD,FIESTA FREESTYLE,Petrol,Male,None,No tow/articulation,Did not leave carriageway,0,Moving off,1,Car,No,Front,2021
201043W173080,Unclassified,7201,Unclassified,7201,Slight,None,11-09-2019,Tuesday,1,Give way or uncontrolled,T or staggered junction,19.15415747,Daylight,471940,168820,72.83037555,E01016441,1,2,0,0,Wet or damp,Single carriageway,None,30,16:52:00,Urban,Fine no high winds,No,21 - 25,9,Rural,9,1598,None,None,Commuting to/from work,Cleared junction or waiting/parked at junction exit,TOYOTA,COROLLA VVTI SR,Petrol,Male,None,No tow/articulation,Did not leave carriageway,0,Turning left,1,Car,No,Nearside,2021
201050JT2B010,B,3257,Unclassified,0,Slight,None,24-10-2021,Wednesday,1,Give way or uncontrolled,More than 4 arms (not roundabout),19.14716505,Daylight,247420,73650,72.9354495,E01020334,2,2,0,0,Dry,Single carriageway,Roadworks,60,17:23:00,Urban,Fine no high winds,No,21 - 25,9,Urban area,3,1299,None,Other permanent object,Other/Not known (2005-10),Approaching junction or waiting/parked at junction approach,FORD,KA COLLECTION,Petrol,Male,Skidded and overturned,No tow/articulation,Offside,0,Overtaking moving vehicle - offside,1,Car,No,Nearside,2021
201037L018740,A,144,NA,0,Slight,None,04-11-2021,Friday,1,Data missing or out of range,Not at junction or within 20 metres,19.16393134,Daylight,638350,282240,72.93407699,E01030229,3,3,0,0,Wet or damp,Single carriageway,None,30,14:16:00,Rural,Fine no high winds,No,21 - 25,9,Urban area,5,2402,None,None,Journey as part of work,Not at or within 20 metres of junction,FORD,TRANSIT 350 MWB TD,Heavy oil,Male,Skidded,No tow/articulation,Did not leave carriageway,0,Going ahead other,1,Van / Goods 3.5 tonnes mgw or under,No,Front,2021
201037B045335,B,1113,Unclassified,0,Slight,None,26-03-2020,Monday,1,Give way or uncontrolled,T or staggered junction,24.33610094,Daylight,609800,254060,85.45751473,E01030041,3,2,0,0,Wet or damp,Single carriageway,None,60,16:40:00,Rural,Fine no high winds,No,21 - 25,9,Urban area,10,2402,None,None,Journey as part of work,Approaching junction or waiting/parked at junction approach,FORD,TRANSIT 350 MWB TD,Heavy oil,Male,None,No tow/articulation,Did not leave carriageway,0,Waiting to turn right,2,Van / Goods 3.5 tonnes mgw or under,No,Back,2021
201050AC3C048,Unclassified,0,Unclassified,0,Slight,None,12-09-2021,Wednesday,1,Give way or uncontrolled,T or staggered junction,14.71223295,Daylight,167840,41430,78.56840811,E01018895,1,2,0,0,Wet or damp,Single carriageway,None,30,08:30:00,Urban,Fine no high winds,No,21 - 25,9,Urban area,1,1997,None,None,Commuting to/from work,Approaching junction or waiting/parked at junction approach,PEUGEOT,307 LX HDI,Heavy oil,Male,None,No tow/articulation,Did not leave carriageway,0,Moving off,1,Car,No,Front,2019
201043N219060,A,4155,C,133,Slight,None,13-10-2019,Sunday,2,Give way or uncontrolled,Roundabout,14.80095253,Daylight,485900,187530,78.49036282,E01017889,2,2,0,0,Dry,Roundabout,None,30,17:10:00,Urban,Fine no high winds,No,21 - 25,9,Urban area,3,1397,None,None,Other/Not known (2005-10),Leaving roundabout,SKODA,FABIA COMFORT 8V,Petrol,Male,Skidded,No tow/articulation,Did not leave carriageway,0,Going ahead other,2,Car,No,Nearside,2019
2010550C29242,B,3068,NA,0,Slight,None,04-02-2020,Friday,1,Not at junction or within 20 metres,Not at junction or within 20 metres,14.79902643,Daylight,403780,93600,78.48482531,E01015439,2,2,0,0,Dry,Single carriageway,None,30,16:02:00,Urban,Fine no high winds,No,21 - 25,9,Urban area,3,2172,None,None,Journey as part of work,Not at or within 20 metres of junction,VAUXHALL,VECTRA SRI 130 DTI,Heavy oil,Male,None,No tow/articulation,Did not leave carriageway,0,Turning right,1,Car,No,Nearside,2019
201034NK43940,Unclassified,7200,NA,0,Slight,None,21-01-2021,Saturday,1,Data missing or out of range,Not at junction or within 20 metres,14.72799903,Daylight,480330,283540,78.62014278,E01027093,1,1,0,0,Dry,Single carriageway,None,30,17:20:00,Rural,Fine no high winds,No,21 - 25,9,Small town,6,1997,None,None,Journey as part of work,Not at or within 20 metres of junction,PEUGEOT,206 HDI D TURBO,Heavy oil,Male,None,No tow/articulation,Did not leave carriageway,0,Going ahead other,1,Car,No,Offside,2019
201054EP14710,B,4069,C,375,Slight,None,16-03-2021,Monday,1,Give way or uncontrolled,T or staggered junction,27.10029493,Daylight,392790,175210,93.62436594,E01031891,3,2,0,0,Dry,Single carriageway,None,60,12:25:00,Rural,Fine no high winds,No,21 - 25,9,Urban area,4,1753,None,Other permanent object,Other/Not known (2005-10),Approaching junction or waiting/parked at junction approach,FORD,FOCUS LX TD DI,Heavy oil,Male,Skidded,No tow/articulation,Offside,0,Going ahead other,1,Car,No,Nearside,2019
20104100G0635,A,602,C,171,Slight,None,21-11-2020,Monday,1,Give way or uncontrolled,T or staggered junction,27.10220819,Daylight,520210,227710,93.62715262,E01023622,1,2,0,0,Wet or damp,Single carriageway,None,60,15:00:00,Rural,Fine no high winds,No,21 - 25,9,Urban area,3,1896,None,None,Other/Not known (2005-10),Approaching junction or waiting/parked at junction approach,VOLKSWAGEN,GOLF E SDI,Heavy oil,Male,None,No tow/articulation,Did not leave carriageway,0,Slowing or stopping,2,Car,No,Back,2019
201001CW11080,A,5,Unclassified,0,Slight,None,07-06-2010,Monday,1,Give way or uncontrolled,T or staggered junction,51.521078,Daylight,526940,181830,-0.17174,E01004702,1,2,0,4,Dry,Single carriageway,None,30,15:01:00,Urban,Fine no high winds,No,21 - 25,9,Urban area,3,125,None,None,Other/Not known (2005-10),Mid Junction - on roundabout or on main road,APRILIA,,Petrol,Male,None,No tow/articulation,Did not leave carriageway,0,Going ahead other,2,Motorcycle 125cc and under,No,Front,2010
201001CW11484,B,507,Unclassified,0,Slight,None,19-07-2010,Monday,2,Auto traffic signal,T or staggered junction,51.524623,Daylight,527160,182230,-0.168427,E01004671,1,2,0,5,Dry,Single carriageway,None,30,12:00:00,Urban,Fine no high winds,No,21 - 25,9,Data missing or out of range,NA,1998,None,None,Other/Not known (2005-10),Mid Junction - on roundabout or on main road,FORD,MONDEO ZETEC TDDI,Heavy oil,Male,None,No tow/articulation,Did not leave carriageway,0,Turning right,2,Car,No,Front,2010
201001CW11581,A,502,Unclassified,0,Slight,None,30-07-2010,Friday,1,Auto traffic signal,Private drive or entrance,51.543139,Daylight,528340,184320,-0.150666,E01000858,1,1,0,5,Dry,Single carriageway,Auto signal part defective,30,17:25:00,Urban,Fine no high winds,No,21 - 25,9,Data missing or out of range,NA,1590,None,None,Other/Not known (2005-10),Mid Junction - on roundabout or on main road,HONDA,CIVIC SE EXECUTIVE AUTO,Petrol,Male,None,No tow/articulation,Did not leave carriageway,0,Going ahead other,1,Car,No,Offside,2010
201001FH10546,A,402,NA,0,Slight,None,13-10-2010,Wednesday,1,Data missing or out of range,Not at junction or within 20 metres,51.502997,Daylight,523360,179730,-0.224048,E01001943,1,1,0,4,Dry,Single carriageway,None,30,18:05:00,Urban,Fine no high winds,No,21 - 25,9,Urban area,1,1402,None,None,Other/Not known (2005-10),Not at or within 20 metres of junction,SUZUKI,GSX1400K2,Petrol,Male,None,No tow/articulation,Did not leave carriageway,0,Going ahead other,1,Motorcycle over 500cc,No,Front,2010
201001GD10239,A,10,A,10,Slight,None,20-04-2010,Tuesday,1,Auto traffic signal,T or staggered junction,51.565362,Daylight,533650,186930,-0.073147,E01001805,1,2,0,5,Dry,Single carriageway,None,30,08:15:00,Urban,Fine no high winds,No,21 - 25,9,Urban area,7,2402,None,None,Journey as part of work,Approaching junction or waiting/parked at junction approach,FORD,TRANSIT 350 MWB TD,Heavy oil,Male,None,No tow/articulation,Did not leave carriageway,0,Waiting to go - held up,2,Van / Goods 3.5 tonnes mgw or under,No,Nearside,2010
201001GD10451,B,104,Unclassified,0,Slight,None,16-07-2010,Friday,1,Give way or uncontrolled,T or staggered junction,51.553145,Daylight,532870,185550,-0.084915,E01001739,2,2,0,0,Dry,Single carriageway,None,30,13:54:00,Urban,Fine no high winds,No,21 - 25,9,Urban area,3,599,None,None,Other/Not known (2005-10),Approaching junction or waiting/parked at junction approach,MCC,SMART PULSE SEMI-AUTO,Petrol,Male,None,No tow/articulation,Did not leave carriageway,0,Going ahead other,2,Car,No,Offside,2010
201001HT20221,Unclassified,0,Unclassified,0,Slight,None,09-04-2010,Friday,1,Give way or uncontrolled,Crossroads,51.524902,Daylight,533740,182430,-0.073558,E01004316,2,2,0,0,Dry,Single carriageway,None,30,08:20:00,Urban,Fine no high winds,No,21 - 25,9,Urban area,1,1998,None,None,Other/Not known (2005-10),Mid Junction - on roundabout or on main road,FORD,MONDEO LX TDDI,Heavy oil,Male,None,No tow/articulation,Did not leave carriageway,0,Going ahead other,1,Car,No,Offside,2010
201001JC30206,A,503,NA,0,Slight,None,22-04-2010,Thursday,1,Data missing or out of range,Not at junction or within 20 metres,51.590298,Daylight,537950,189820,-0.010013,E01004407,1,2,0,0,Dry,Dual carriageway,None,30,12:10:00,Urban,Fine no high winds,No,21 - 25,9,Urban area,5,1896,None,None,Other/Not known (2005-10),Not at or within 20 metres of junction,AUDI,A4 TDI,Heavy oil,Male,None,No tow/articulation,Did not leave carriageway,0,Going ahead other,2,Car,No,Front,2010
201001JC30250,B,161,Unclassified,0,Slight,None,25-05-2010,Tuesday,1,Give way or uncontrolled,T or staggered junction,51.561133,Daylight,538520,186590,-0.003063,E01004375,1,2,0,0,Dry,Single carriageway,None,30,20:00:00,Urban,Fine no high winds,No,21 - 25,9,Data missing or out of range,NA,599,None,None,Other/Not known (2005-10),Approaching junction or waiting/parked at junction approach,MCC,SMART PURE SEMI-AUTO(LHD),Petrol,Male,None,No tow/articulation,Did not leave carriageway,0,Overtaking static vehicle - offside,1,Car,No,Front,2010
201001JI40266,Unclassified,0,NA,0,Slight,None,09-05-2010,Sunday,1,Data missing or out of range,Not at junction or within 20 metres,51.573241,Daylight,540070,187980,0.019836,E01003779,1,2,0,0,Dry,Single carriageway,None,30,14:30:00,Urban,Fine no high winds,No,21 - 25,9,Urban area,5,1794,None,None,Other/Not known (2005-10),Not at or within 20 metres of junction,TOYOTA,AVENSIS CDX VVT-I,Petrol,Male,None,No tow/articulation,Did not leave carriageway,0,Going ahead other,1,Car,No,Offside,2010