Accident_Index,1st_Road_Class,1st_Road_Number,2nd_Road_Class,2nd_Road_Number,Accident_Severity,Carriageway_Hazards,Date,Day_of_Week,Did_Police_Officer_Attend_Scene_of_Accident,Junction_Control,Junction_Detail,Latitude,Light_Conditions,Location_Easting_OSGR,Location_Northing_OSGR,Longitude,LSOA_of_Accident_Location,Number_of_Casualties,Number_of_Vehicles,Pedestrian_Crossing-Human_Control,Pedestrian_Crossing-Physical_Facilities,Road_Surface_Conditions,Road_Type,Special_Conditions_at_Site,Speed_limit,Time,Urban_or_Rural_Area,Weather_Conditions,InScotland,Age_Band_of_Driver,Age_of_Vehicle,Driver_Home_Area_Type,Driver_IMD_Decile,Engine_Capacity_.CC.,Hit_Object_in_Carriageway,Hit_Object_off_Carriageway,Journey_Purpose_of_Driver,Junction_Location,make,model,Propulsion_Code,Sex_of_Driver,Skidding_and_Overturning,Towing_and_Articulation,Vehicle_Leaving_Carriageway,Vehicle_Location.Restricted_Lane,Vehicle_Manoeuvre,Vehicle_Reference,Vehicle_Type,Was_Vehicle_Left_Hand_Drive,X1st_Point_of_Impact,Year
201001JI40539,Unclassified,0,NA,0,Slight,None,22-08-2010,Sunday,1,Data missing or out of range,Not at junction or within 20 metres,51.601229,Daylight,539900,191090,0.018623,E01003669,1,2,0,0,Dry,Single carriageway,None,30,18:50:00,Urban,Fine no high winds,No,21 - 25,9,Urban area,3,85,None,None,Journey as part of work,Not at or within 20 metres of junction,HONDA,C90,Petrol,Male,None,No tow/articulation,Did not leave carriageway,0,Going ahead other,2,Motorcycle 50cc and under,No,Front,2010
201001JI40746,A,1009,NA,0,Slight,None,02-11-2010,Tuesday,1,Data missing or out of range,Not at junction or within 20 metres,51.602935,Daylight,540990,191310,0.03444,E01003760,2,2,0,5,Dry,Dual carriageway,None,30,08:15:00,Urban,Fine no high winds,No,21 - 25,9,Urban area,7,1422,None,None,Other/Not known (2005-10),Not at or within 20 metres of junction,AUDI,A2 TDI SE,Heavy oil,Male,None,No tow/articulation,Did not leave carriageway,0,Waiting to go - held up,1,Car,No,Back,2010
201001KD50080,B,175,B,175,Slight,None,21-02-2010,Sunday,1,Give way or uncontrolled,T or staggered junction,51.615813,Daylight,551270,193040,0.183513,E01002304,2,2,0,0,Wet or damp,Single carriageway,None,30,15:37:00,Urban,Fine no high winds,No,21 - 25,9,Rural,8,1299,None,None,Other/Not known (2005-10),Cleared junction or waiting/parked at junction exit,FORD,KA LUXURY,Petrol,Male,None,No tow/articulation,Did not leave carriageway,0,Turning left,1,Car,No,Front,2010
201001KD50200,C,0,Unclassified,0,Slight,None,22-04-2010,Thursday,1,Give way or uncontrolled,T or staggered junction,51.596933,Daylight,553310,191000,0.212064,E01002309,1,2,0,0,Dry,Single carriageway,None,30,08:45:00,Urban,Fine no high winds,No,21 - 25,9,Urban area,3,1999,None,None,Other/Not known (2005-10),Entering main road,FORD,MONDEO ZETEC,Petrol,Male,None,No tow/articulation,Did not leave carriageway,0,Turning right,2,Car,No,Offside,2010
201001KF60495,B,167,Unclassified,0,Slight,None,08-08-2010,Sunday,1,Give way or uncontrolled,Crossroads,51.54534,Daylight,540970,184900,0.03158,E01003570,1,2,0,0,Dry,Single carriageway,None,30,19:13:00,Urban,Fine no high winds,No,21 - 25,9,Urban area,3,1242,None,None,Other/Not known (2005-10),Cleared junction or waiting/parked at junction exit,FIAT,PUNTO 1.2,Petrol,Male,None,No tow/articulation,Did not leave carriageway,0,Going ahead other,1,Car,No,Offside,2010
201001KF60577,A,406,A,124,Slight,None,11-09-2010,Saturday,1,Give way or uncontrolled,Roundabout,51.536146,Daylight,543580,183950,0.068807,E01000047,3,3,0,0,Dry,Slip road,None,30,13:44:00,Urban,Fine no high winds,No,21 - 25,9,Urban area,4,1396,None,None,Other/Not known (2005-10),Approaching junction or waiting/parked at junction approach,ROVER,25 IL 16V,Petrol,Male,None,No tow/articulation,Did not leave carriageway,0,Waiting to go - held up,2,Car,No,Back,2010
201001KF60804,B,167,Unclassified,0,Slight,None,12-12-2010,Sunday,1,Give way or uncontrolled,T or staggered junction,51.534931,Daylight,541270,183750,0.035443,E01003491,1,2,0,1,Dry,Single carriageway,None,30,11:05:00,Urban,Fine no high winds,No,21 - 25,9,Urban area,4,1149,None,None,Other/Not known (2005-10),Approaching junction or waiting/parked at junction approach,RENAULT,CLIO EXPRESSION 16V,Petrol,Male,None,No tow/articulation,Did not leave carriageway,0,Waiting to turn right,1,Car,No,Back,2010
201001LX50569,C,0,A,205,Slight,None,01-07-2010,Thursday,1,Auto traffic signal,Crossroads,51.449402,Daylight,529540,173920,-0.137186,E01003160,2,3,0,5,Dry,Single carriageway,None,30,16:40:00,Urban,Fine no high winds,No,21 - 25,9,Urban area,1,2402,None,None,Journey as part of work,Leaving main road,FORD,TRANSIT 350 LWB TD,Heavy oil,Male,None,No tow/articulation,Did not leave carriageway,0,Turning left,2,Van / Goods 3.5 tonnes mgw or under,No,Offside,2010
201001MM70277,A,2216,Unclassified,0,Slight,None,11-04-2010,Sunday,1,Give way or uncontrolled,T or staggered junction,51.460364,Daylight,533800,175250,-0.075413,E01003953,1,1,0,1,Dry,Single carriageway,None,30,13:40:00,Urban,Fine no high winds,No,21 - 25,9,Urban area,2,1988,None,None,Other/Not known (2005-10),Cleared junction or waiting/parked at junction exit,LEXUS,IS200 SE,Petrol,Male,None,No tow/articulation,Did not leave carriageway,0,Going ahead other,1,Car,No,Front,2010
201001MM70767,A,215,B,214,Slight,None,18-09-2010,Saturday,1,Auto traffic signal,Crossroads,51.482169,Daylight,532410,177640,-0.094515,E01003923,2,1,0,5,Dry,Single carriageway,None,30,07:21:00,Urban,Fine no high winds,No,21 - 25,9,Urban area,2,1598,Bollard or refuge,None,Other/Not known (2005-10),Approaching junction or waiting/parked at junction approach,VAUXHALL,ASTRA CLUB AUTO,Petrol,Male,None,No tow/articulation,Did not leave carriageway,0,Going ahead other,1,Car,No,Front,2010
201001PL60476,A,2210,NA,0,Slight,None,26-07-2010,Monday,2,Data missing or out of range,Not at junction or within 20 metres,51.470437,Daylight,537520,176470,-0.021425,E01003208,1,3,0,0,Dry,Single carriageway,None,30,18:15:00,Urban,Fine no high winds,No,21 - 25,9,Urban area,5,1689,None,None,Other/Not known (2005-10),Not at or within 20 metres of junction,MERCEDES,A170 CDI ELEGANCE,Heavy oil,Male,None,No tow/articulation,Did not leave carriageway,0,Parked,2,Car,No,Back,2010
201001PY20531,A,234,NA,0,Slight,None,10-09-2010,Friday,1,Data missing or out of range,Not at junction or within 20 metres,51.424046,Daylight,534610,171230,-0.065289,E01000745,1,2,0,0,Dry,Single carriageway,None,30,16:59:00,Urban,Fine no high winds,No,21 - 25,9,Urban area,5,1868,None,None,Journey as part of work,Not at or within 20 metres of junction,CITROEN,DISPATCH 1.9D,Heavy oil,Male,None,No tow/articulation,Did not leave carriageway,0,U-turn,1,Van / Goods 3.5 tonnes mgw or under,No,Offside,2010
201001QK50243,B,4492,C,0,Slight,None,19-05-2010,Wednesday,1,Give way or uncontrolled,T or staggered junction,51.536859,Daylight,520960,183440,-0.257337,E01000600,1,1,0,0,Dry,Single carriageway,Oil or diesel,30,11:55:00,Urban,Fine no high winds,No,21 - 25,9,Urban area,7,49,None,None,Other/Not known (2005-10),Mid Junction - on roundabout or on main road,PEUGEOT,SPEEDFIGHT,Petrol,Male,Skidded,No tow/articulation,Did not leave carriageway,0,Going ahead left-hand bend,1,Motorcycle 50cc and under,No,Offside,2010
201001RY10049,Unclassified,0,NA,0,Slight,None,29-01-2010,Friday,1,Data missing or out of range,Not at junction or within 20 metres,51.422257,Daylight,546890,171370,0.11127,E01000384,1,2,0,0,Dry,Single carriageway,None,30,14:10:00,Urban,Fine no high winds,No,21 - 25,9,Urban area,8,1997,None,None,Other/Not known (2005-10),Not at or within 20 metres of junction,PEUGEOT,406 COUPE,Petrol,Male,None,No tow/articulation,Did not leave carriageway,0,Parked,2,Car,No,Back,2010
201001SX20052,A,1000,Unclassified,0,Slight,None,21-01-2010,Thursday,1,Give way or uncontrolled,T or staggered junction,51.618274,Daylight,526330,192630,-0.176648,E01000322,1,2,0,0,Dry,Single carriageway,None,30,09:41:00,Urban,Fine no high winds,No,21 - 25,9,Urban area,8,4398,None,None,Other/Not known (2005-10),Mid Junction - on roundabout or on main road,BMW,X5 SPORT AUTO,Petrol,Male,None,No tow/articulation,Did not leave carriageway,0,Moving off,2,Car,No,Nearside,2010
201001SX20086,A,1000,Unclassified,0,Slight,None,20-02-2010,Saturday,1,Give way or uncontrolled,Private drive or entrance,51.625369,Daylight,526350,193420,-0.176075,E01000284,1,2,0,0,Dry,Single carriageway,None,30,13:35:00,Urban,Fine no high winds,No,21 - 25,9,Urban area,5,2967,None,None,Other/Not known (2005-10),Mid Junction - on roundabout or on main road,JAGUAR,X-TYPE V6 SPORT AUTO,Petrol,Male,None,No tow/articulation,Did not leave carriageway,0,Turning right,1,Car,No,Front,2010
201001SX20145,A,5109,A,1000,Slight,None,10-02-2010,Wednesday,1,Auto traffic signal,T or staggered junction,51.630031,Daylight,526400,193940,-0.175165,E01000281,1,1,0,5,Dry,Single carriageway,Roadworks,30,08:20:00,Urban,Fine no high winds,No,21 - 25,9,Urban area,6,1390,None,None,Other/Not known (2005-10),Mid Junction - on roundabout or on main road,VOLKSWAGEN,POLO S,Petrol,Male,None,No tow/articulation,Did not leave carriageway,0,Moving off,1,Car,No,Front,2010
201001SX20421,A,41,NA,0,Slight,None,24-04-2010,Saturday,1,Data missing or out of range,Not at junction or within 20 metres,51.58427,Daylight,522820,188760,-0.228676,E01000237,1,4,0,0,Dry,Dual carriageway,None,40,08:00:00,Urban,Fine no high winds,No,21 - 25,9,Urban area,3,1997,None,None,Commuting to/from work,Not at or within 20 metres of junction,PEUGEOT,206 GLX HDI,Heavy oil,Male,Skidded,No tow/articulation,Nearside,0,Going ahead other,1,Car,No,Did not impact,2010
201001SX20661,A,1000,C,0,Slight,None,20-06-2010,Sunday,1,Auto traffic signal,Crossroads,51.599786,Daylight,526620,190580,-0.173201,E01000184,1,2,0,5,Dry,Dual carriageway,None,30,19:22:00,Urban,Fine no high winds,No,21 - 25,9,Urban area,4,1587,None,None,Other/Not known (2005-10),Approaching junction or waiting/parked at junction approach,CITROEN,SAXO VTS,Petrol,Male,None,No tow/articulation,Did not leave carriageway,0,Waiting to go - held up,1,Car,No,Back,2010
201001SX20887,A,5100,Unclassified,0,Slight,None,19-08-2010,Thursday,1,Give way or uncontrolled,T or staggered junction,51.612686,Daylight,519400,191840,-0.276967,E01000193,1,2,0,4,Wet or damp,Single carriageway,None,30,12:54:00,Urban,Fine no high winds,No,21 - 25,9,Urban area,6,1149,None,None,Other/Not known (2005-10),Approaching junction or waiting/parked at junction approach,RENAULT,CLIO EXPRESSION+ 16V,Petrol,Male,None,No tow/articulation,Did not leave carriageway,0,U-turn,2,Car,No,Back,2010
201001SX20909,A,41,B,551,Slight,None,24-08-2010,Tuesday,2,Auto traffic signal,T or staggered junction,51.58272,Daylight,522920,188590,-0.227292,E01000310,1,2,0,5,Dry,Single carriageway,None,30,16:35:00,Urban,Fine no high winds,No,21 - 25,9,Urban area,2,599,None,None,Other/Not known (2005-10),Cleared junction or waiting/parked at junction exit,YAMAHA,FZS 600,Petrol,Male,None,No tow/articulation,Did not leave carriageway,0,Waiting to go - held up,1,Motorcycle over 500cc,No,Back,2010
201034NK43940,Unclassified,7200,NA,0,Slight,None,30-10-2010,Saturday,1,Data missing or out of range,Not at junction or within 20 metres,52.443898,Daylight,480330,283540,-0.819573,E01027093,1,1,0,0,Dry,Single carriageway,None,30,17:20:00,Rural,Fine no high winds,No,21 - 25,9,Small town,6,1997,None,None,Journey as part of work,Not at or within 20 metres of junction,PEUGEOT,206 HDI D TURBO,Heavy oil,Male,None,No tow/articulation,Did not leave carriageway,0,Going ahead other,1,Car,No,Offside,2010
201034TM19660,Motorway,1,NA,0,Slight,None,10-05-2010,Monday,1,Data missing or out of range,Not at junction or within 20 metres,52.36706,Daylight,457290,274670,-1.16002,E01027006,2,3,0,0,Dry,Dual carriageway,None,70,09:50:00,Rural,Fine no high winds,No,21 - 25,9,Data missing or out of range,NA,2979,None,None,Other/Not known (2005-10),Not at or within 20 metres of junction,BMW,330 CI SPORT AUTO,Petrol,Male,None,No tow/articulation,Did not leave carriageway,0,Going ahead other,1,Car,No,Front,2010
201034WN29530,Unclassified,8140,A,4500,Slight,None,21-07-2010,Wednesday,2,Give way or uncontrolled,Roundabout,52.238294,Daylight,472840,260550,-0.934727,E01027237,2,2,0,0,Dry,Single carriageway,None,30,15:00:00,Urban,Fine no high winds,No,21 - 25,9,Urban area,7,973,None,None,Other/Not known (2005-10),Approaching junction or waiting/parked at junction approach,VAUXHALL,CORSA CLUB 12V,Petrol,Male,None,No tow/articulation,Did not leave carriageway,0,Waiting to go - held up,2,Car,No,Back,2010
201037B044697,A,1302,Unclassified,5512,Slight,None,08-04-2010,Thursday,1,Give way or uncontrolled,T or staggered junction,52.249095,Daylight,583830,264630,0.691527,E01030124,1,2,0,0,Dry,Single carriageway,None,30,09:50:00,Urban,Fine no high winds,No,21 - 25,9,Urban area,8,1896,None,None,Commuting to/from work,Approaching junction or waiting/parked at junction approach,VOLKSWAGEN,GOLF E SDI,Heavy oil,Male,None,No tow/articulation,Did not leave carriageway,0,Overtaking - nearside,1,Car,No,Front,2010
201037B045335,B,1113,Unclassified,0,Slight,None,12-07-2010,Monday,1,Give way or uncontrolled,T or staggered junction,52.144921,Daylight,609800,254060,1.064871,E01030041,3,2,0,0,Wet or damp,Single carriageway,None,60,16:40:00,Rural,Fine no high winds,No,21 - 25,9,Urban area,10,2402,None,None,Journey as part of work,Approaching junction or waiting/parked at junction approach,FORD,TRANSIT 350 MWB TD,Heavy oil,Male,None,No tow/articulation,Did not leave carriageway,0,Waiting to turn right,2,Van / Goods 3.5 tonnes mgw or under,No,Back,2010
201037G029226,Unclassified,4483,Unclassified,0,Slight,None,23-04-2010,Friday,1,Give way or uncontrolled,Private drive or entrance,52.08206,Daylight,613600,247220,1.116033,E01030031,1,2,0,0,Dry,Single carriageway,None,30,13:10:00,Urban,Fine no high winds,No,21 - 25,9,Urban area,8,599,None,None,Journey as part of work,Cleared junction or waiting/parked at junction exit,SUZUKI,GSX R600 K1,Petrol,Male,None,No tow/articulation,Did not leave carriageway,0,Going ahead other,1,Motorcycle over 500cc,No,Front,2010
201037G029596,A,137,B,1075,Slight,None,04-07-2010,Sunday,1,Auto traffic signal,Crossroads,52.052309,Daylight,615780,244000,1.145764,E01029985,1,2,0,0,Dry,One way street,None,30,10:55:00,Urban,Fine no high winds,No,21 - 25,9,Urban area,1,1679,None,None,Other/Not known (2005-10),Mid Junction - on roundabout or on main road,FORD,PUMA 1.7 16V,Petrol,Male,None,No tow/articulation,Did not leave carriageway,0,Going ahead other,2,Car,No,Nearside,2010
201037G030100,A,14,NA,0,Slight,None,23-09-2010,Thursday,1,Data missing or out of range,Not at junction or within 20 metres,52.032947,Daylight,613150,241730,1.106052,E01029908,1,2,0,0,Wet or damp,Dual carriageway,None,70,15:50:00,Rural,Fine no high winds,No,21 - 25,9,Urban area,8,973,None,None,Other/Not known (2005-10),Not at or within 20 metres of junction,VAUXHALL,CORSA CLUB 12V,Petrol,Male,Skidded,No tow/articulation,Did not leave carriageway,0,Going ahead other,1,Car,No,Front,2010
201037G030543,C,442,Unclassified,0,Slight,None,04-12-2010,Saturday,1,Give way or uncontrolled,Private drive or entrance,52.063055,Daylight,613530,245100,1.113687,E01029878,1,2,0,0,Wet or damp,Single carriageway,None,40,10:51:00,Rural,Fine no high winds,No,21 - 25,9,Data missing or out of range,NA,2151,None,None,Journey as part of work,Approaching junction or waiting/parked at junction approach,MERCEDES,SPRINTER 313 CDI LWB,Heavy oil,Male,Skidded,No tow/articulation,Did not leave carriageway,0,Going ahead other,1,Van / Goods 3.5 tonnes mgw or under,No,Front,2010
201037G030604,Unclassified,3210,Unclassified,9999,Slight,None,14-12-2010,Tuesday,1,Give way or uncontrolled,T or staggered junction,52.060399,Daylight,622790,245210,1.24862,E01030182,1,2,0,0,Wet or damp,Single carriageway,None,30,08:00:00,Rural,Fine no high winds,No,21 - 25,9,Urban area,10,1242,None,None,Journey as part of work,Approaching junction or waiting/parked at junction approach,FORD,FIESTA FREESTYLE,Petrol,Male,None,No tow/articulation,Did not leave carriageway,0,Going ahead other,2,Car,No,Front,2010
201037L018740,A,144,NA,0,Slight,None,03-12-2010,Friday,1,Data missing or out of range,Not at junction or within 20 metres,52.386231,Daylight,638350,282240,1.501238,E01030229,3,3,0,0,Wet or damp,Single carriageway,None,30,14:16:00,Rural,Fine no high winds,No,21 - 25,9,Urban area,5,2402,None,None,Journey as part of work,Not at or within 20 metres of junction,FORD,TRANSIT 350 MWB TD,Heavy oil,Male,Skidded,No tow/articulation,Did not leave carriageway,0,Going ahead other,1,Van / Goods 3.5 tonnes mgw or under,No,Front,2010
2010400C02723,Unclassified,0,NA,0,Slight,None,20-09-2010,Monday,1,Data missing or out of range,Not at junction or within 20 metres,51.887598,Daylight,509800,222210,-0.405974,E01015742,1,2,0,0,Dry,Single carriageway,None,30,11:55:00,Urban,Fine no high winds,No,21 - 25,9,Urban area,2,124,None,None,Other/Not known (2005-10),Not at or within 20 metres of junction,PIAGGIO,NEW SKIPPER,Petrol,Male,None,No tow/articulation,Did not leave carriageway,0,Overtaking moving vehicle - offside,1,Motorcycle 125cc and under,No,Front,2010
2010400C03624,Unclassified,0,Unclassified,0,Slight,None,09-12-2010,Thursday,1,Auto traffic signal,Crossroads,51.890446,Daylight,507170,222470,-0.444093,E01015731,1,2,0,8,Dry,Single carriageway,None,30,14:25:00,Urban,Fine no high winds,No,21 - 25,9,Urban area,1,1781,None,None,Other/Not known (2005-10),Approaching junction or waiting/parked at junction approach,AUDI,S3 QUATTRO,Petrol,Male,None,No tow/articulation,Did not leave carriageway,0,Going ahead other,2,Car,No,Front,2010
2010400D00354,A,5120,Unclassified,0,Slight,None,01-02-2010,Monday,1,Auto traffic signal,T or staggered junction,51.900318,Daylight,501480,223450,-0.526458,E01017578,1,2,0,4,Frost or ice,Single carriageway,None,30,10:43:00,Urban,Fine no high winds,No,21 - 25,9,Urban area,7,1796,None,None,Other/Not known (2005-10),Approaching junction or waiting/parked at junction approach,FORD,FOCUS ZETEC COLLECTION,Petrol,Male,None,No tow/articulation,Did not leave carriageway,0,Waiting to go - held up,1,Car,No,Back,2010
2010400D03203,Motorway,1,NA,0,Slight,None,28-10-2010,Thursday,1,Data missing or out of range,Not at junction or within 20 metres,51.93826,Daylight,503370,227710,-0.49772,E01017620,2,2,0,0,Dry,Dual carriageway,Roadworks,70,08:45:00,Rural,Fine no high winds,No,21 - 25,9,Urban area,3,1587,None,None,Other/Not known (2005-10),Not at or within 20 metres of junction,CITROEN,SAXO VTR,Petrol,Male,None,No tow/articulation,Did not leave carriageway,0,Going ahead other,2,Car,No,Back,2010
20104100A0364,A,120,Unclassified,136,Slight,None,14-06-2010,Monday,1,Give way or uncontrolled,T or staggered junction,51.887223,Daylight,541050,222950,0.048126,E01023507,1,3,0,0,Dry,Single carriageway,None,60,12:24:00,Rural,Fine no high winds,No,21 - 25,9,Urban area,5,1124,None,None,Other/Not known (2005-10),Approaching junction or waiting/parked at junction approach,PEUGEOT,206 LOOK,Petrol,Male,None,No tow/articulation,Did not leave carriageway,0,Slowing or stopping,1,Car,No,Front,2010
20104100C1194,A,411,A,41,Slight,None,11-12-2010,Saturday,2,Give way or uncontrolled,Roundabout,51.683268,Daylight,508610,199450,-0.430375,E01023854,2,2,0,0,Dry,Single carriageway,None,40,14:05:00,Urban,Fine no high winds,No,21 - 25,9,Urban area,3,2197,None,None,Other/Not known (2005-10),Approaching junction or waiting/parked at junction approach,PEUGEOT,607 SE HDI AUTO,Heavy oil,Male,None,No tow/articulation,Did not leave carriageway,0,Slowing or stopping,1,Car,No,Front,2010
20104100E0400,A,1072,NA,0,Slight,None,06-09-2010,Monday,1,Not at junction or within 20 metres,Not at junction or within 20 metres,51.917712,Daylight,523510,225880,-0.205546,E01023777,1,1,0,0,Dry,Dual carriageway,None,40,07:40:00,Urban,Fine no high winds,No,21 - 25,9,Urban area,10,1868,None,Tree,Commuting to/from work,Not at or within 20 metres of junction,PEUGEOT,PARTNER 600 L DIESEL,Heavy oil,Male,None,No tow/articulation,Nearside,0,Going ahead other,1,Van / Goods 3.5 tonnes mgw or under,No,Front,2010
20104100G0635,A,602,C,171,Slight,None,22-11-2010,Monday,1,Give way or uncontrolled,T or staggered junction,51.93488,Daylight,520210,227710,-0.252866,E01023622,1,2,0,0,Wet or damp,Single carriageway,None,60,15:00:00,Rural,Fine no high winds,No,21 - 25,9,Urban area,3,1896,None,None,Other/Not known (2005-10),Approaching junction or waiting/parked at junction approach,VOLKSWAGEN,GOLF E SDI,Heavy oil,Male,None,No tow/articulation,Did not leave carriageway,0,Slowing or stopping,2,Car,No,Back,2010
20104100G0664,B,656,B,651,Slight,None,24-11-2010,Wednesday,1,Give way or uncontrolled,Crossroads,51.908529,Daylight,520300,224780,-0.252581,E01023623,1,2,0,0,Frost or ice,Single carriageway,None,60,06:45:00,Rural,Fine no high winds,No,21 - 25,9,Urban area,7,1124,None,None,Journey as part of work,Cleared junction or waiting/parked at junction exit,PEUGEOT,106 INDEPENDENCE,Petrol,Male,Skidded,No tow/articulation,Did not leave carriageway,0,Going ahead left-hand bend,1,Car,No,Front,2010
20104100J0425,A,41,C,83,Slight,None,09-08-2010,Monday,2,Give way or uncontrolled,T or staggered junction,51.646859,Daylight,515420,195550,-0.3332,E01023551,1,4,0,0,Dry,Single carriageway,None,60,12:00:00,Rural,Fine no high winds,No,21 - 25,9,Data missing or out of range,NA,1497,None,None,Other/Not known (2005-10),Approaching junction or waiting/parked at junction approach,NISSAN,ALMERA E,Petrol,Male,Skidded,No tow/articulation,Did not leave carriageway,0,Going ahead other,3,Car,No,Front,2010
20104100K0184,A,10,B,198,Slight,None,16-04-2010,Friday,1,Auto traffic signal,Crossroads,51.702631,Daylight,535330,202250,-0.043005,E01023297,1,3,0,7,Dry,Dual carriageway,None,40,18:42:00,Urban,Fine no high winds,No,21 - 25,9,Rural,7,124,None,None,Other/Not known (2005-10),Approaching junction or waiting/parked at junction approach,SUZUKI,VL 125 SK1,Petrol,Male,None,No tow/articulation,Did not leave carriageway,0,Going ahead other,3,Motorcycle 125cc and under,No,Front,2010
20104100K0286,Unclassified,24,Unclassified,83,Slight,None,16-06-2010,Wednesday,1,Give way or uncontrolled,T or staggered junction,51.685235,Daylight,535920,200330,-0.03522,E01023337,1,2,0,0,Dry,Single carriageway,None,30,18:05:00,Urban,Fine no high winds,No,21 - 25,9,Data missing or out of range,NA,1242,None,None,Commuting to/from work,Mid Junction - on roundabout or on main road,FORD,FIESTA FREESTYLE,Petrol,Male,Skidded,No tow/articulation,Did not leave carriageway,0,Going ahead other,2,Car,No,Front,2010
20104100T2109,A,602,A(M),1,Slight,None,17-09-2010,Friday,1,Give way or uncontrolled,Roundabout,51.888045,Daylight,523560,222580,-0.206002,E01023786,1,2,0,0,Dry,Roundabout,None,60,13:45:00,Urban,Fine no high winds,No,21 - 25,9,Urban area,10,1587,None,Road sign or traffic signal,Commuting to/from work,Mid Junction - on roundabout or on main road,CITROEN,SAXO VTR,Petrol,Male,None,No tow/articulation,Nearside,0,Turning right,2,Car,No,Nearside,2010
201042I005401,Unclassified,0,Unclassified,0,Slight,None,11-01-2010,Monday,1,Give way or uncontrolled,T or staggered junction,51.616557,Daylight,558370,193340,0.286115,E01021438,1,1,0,0,Frost or ice,Single carriageway,None,60,14:18:00,Urban,Fine no high winds,No,21 - 25,9,Urban area,10,1396,None,Tree,Other/Not known (2005-10),Approaching junction or waiting/parked at junction approach,HONDA,CIVIC 1.4I SPORT,Petrol,Male,Skidded,No tow/articulation,Nearside,0,Going ahead other,1,Car,No,Front,2010
201042I011401,A,131,Unclassified,0,Slight,None,19-01-2010,Tuesday,1,Give way or uncontrolled,T or staggered junction,51.938428,Daylight,580590,229920,0.62574,E01021392,2,2,0,0,Wet or damp,Single carriageway,None,30,09:40:00,Urban,Fine no high winds,No,21 - 25,9,Urban area,4,1998,None,None,Other/Not known (2005-10),Approaching junction or waiting/parked at junction approach,MERCEDES,CLK 200 ELEGANCE KOMP.,Petrol,Male,None,No tow/articulation,Did not leave carriageway,0,Slowing or stopping,2,Car,No,Back,2010
201042I129804,A,1016,Unclassified,0,Slight,None,25-04-2010,Sunday,1,Give way or uncontrolled,T or staggered junction,51.726521,Daylight,569450,205940,0.452112,E01021631,4,3,0,8,Wet or damp,Single carriageway,None,30,12:28:00,Urban,Fine no high winds,No,21 - 25,9,Urban area,10,1199,None,None,Other/Not known (2005-10),Cleared junction or waiting/parked at junction exit,VAUXHALL,CORSA COMFORT 16V,Petrol,Male,None,No tow/articulation,Did not leave carriageway,0,Slowing or stopping,2,Car,No,Back,2010
201042I131404,A,414,A,12,Slight,None,27-04-2010,Tuesday,1,Give way or uncontrolled,Roundabout,51.695255,Daylight,567670,202400,0.424662,E01021602,3,2,0,0,Dry,Roundabout,None,70,12:00:00,Rural,Fine no high winds,No,21 - 25,9,Urban area,4,1870,None,None,Other/Not known (2005-10),Approaching junction or waiting/parked at junction approach,VOLVO,V40 DS,Heavy oil,Male,None,No tow/articulation,Did not leave carriageway,0,Going ahead other,1,Car,No,Front,2010
201042I157205,A,1012,A,13,Slight,None,26-05-2010,Wednesday,1,Give way or uncontrolled,Roundabout,51.498479,Daylight,560680,180270,0.313483,E01015942,2,2,0,0,Dry,Roundabout,None,70,17:40:00,Rural,Fine no high winds,No,21 - 25,9,Urban area,6,1242,None,None,Other/Not known (2005-10),Entering roundabout,FORD,FIESTA FREESTYLE,Petrol,Male,None,No tow/articulation,Did not leave carriageway,0,Moving off,1,Car,No,Front,2010
201042I275908,A,1114,NA,0,Slight,None,29-08-2010,Sunday,1,Not at junction or within 20 metres,Not at junction or within 20 metres,51.721653,Daylight,570100,205420,0.46126,E01021556,1,2,0,4,Dry,Dual carriageway,None,40,17:10:00,Urban,Fine no high winds,No,21 - 25,9,Urban area,8,599,None,None,Other/Not known (2005-10),Not at or within 20 metres of junction,SUZUKI,GSX R600 K1,Petrol,Male,None,No tow/articulation,Did not leave carriageway,0,Going ahead other,2,Motorcycle over 500cc,No,Front,2010
201042I294809,A,12,NA,0,Slight,None,04-09-2010,Saturday,1,Data missing or out of range,Not at junction or within 20 metres,51.688545,Daylight,566370,201610,0.405493,E01021602,2,2,0,0,Dry,Dual carriageway,None,70,19:03:00,Rural,Fine no high winds,No,21 - 25,9,Data missing or out of range,NA,599,None,None,Other/Not known (2005-10),Not at or within 20 metres of junction,HONDA,CB600 HORNET,Petrol,Male,Skidded,No tow/articulation,Did not leave carriageway,0,Going ahead other,1,Motorcycle over 500cc,No,Front,2010
201042I356108,Unclassified,0,NA,0,Slight,None,25-08-2010,Wednesday,1,Not at junction or within 20 metres,Not at junction or within 20 metres,52.024601,Daylight,577680,239410,0.588365,E01021430,1,1,0,0,Dry,Single carriageway,None,40,07:10:00,Rural,Fine no high winds,No,21 - 25,9,Rural,6,1997,None,Other permanent object,Other/Not known (2005-10),Not at or within 20 metres of junction,PEUGEOT,206 CC,Petrol,Male,Skidded and overturned,No tow/articulation,Nearside and rebounded,0,Going ahead other,1,Car,No,Nearside,2010
201043N164040,Unclassified,4135,NA,,Slight,None,22-04-2010,Thursday,1,Give way or uncontrolled,Private drive or entrance,51.694368,Daylight,496550,200440,-0.60449,E01017791,1,2,0,0,Dry,Single carriageway,None,30,17:33:00,Urban,Fine no high winds,No,21 - 25,9,Urban area,5,1796,None,None,Other/Not known (2005-10),Approaching junction or waiting/parked at junction approach,BMW,316TI SE COMPACT,Petrol,Male,None,No tow/articulation,Did not leave carriageway,0,Slowing or stopping,2,Car,No,Back,2010