Accident_Index,1st_Road_Class,1st_Road_Number,2nd_Road_Class,2nd_Road_Number,Accident_Severity,Carriageway_Hazards,Date,Day_of_Week,Did_Police_Officer_Attend_Scene_of_Accident,Junction_Control,Junction_Detail,Latitude,Light_Conditions,Location_Easting_OSGR,Location_Northing_OSGR,Longitude,LSOA_of_Accident_Location,Number_of_Casualties,Number_of_Vehicles,Pedestrian_Crossing-Human_Control,Pedestrian_Crossing-Physical_Facilities,Road_Surface_Conditions,Road_Type,Special_Conditions_at_Site,Speed_limit,Time,Urban_or_Rural_Area,Weather_Conditions,InScotland,Age_Band_of_Driver,Age_of_Vehicle,Driver_Home_Area_Type,Driver_IMD_Decile,Engine_Capacity_.CC.,Hit_Object_in_Carriageway,Hit_Object_off_Carriageway,Journey_Purpose_of_Driver,Junction_Location,make,model,Propulsion_Code,Sex_of_Driver,Skidding_and_Overturning,Towing_and_Articulation,Vehicle_Leaving_Carriageway,Vehicle_Location.Restricted_Lane,Vehicle_Manoeuvre,Vehicle_Reference,Vehicle_Type,Was_Vehicle_Left_Hand_Drive,X1st_Point_of_Impact,Year
20105500C0706,Unclassified,0,C,320,Slight,None,12-09-2019,Sunday,2,Give way or uncontrolled,T or staggered junction,14.79474143,Darkness - lights lit,409070,91440,78.58390688,E01015287,1,2,0,4,Dry,Single carriageway,None,30,03:00:00,Urban,Fine no high winds,No,16 - 20,8,Rural,7,1391,None,None,Other/Not known (2005-10),Approaching junction or waiting/parked at junction approach,SEAT,IBIZA CHILL,Petrol,Male,None,No tow/articulation,Did not leave carriageway,0,Waiting to go - held up,1,Car,No,Front,2019
20104100K0019,A,10,B,198,Slight,None,22-01-2020,Tuesday,1,Auto traffic signal,Crossroads,27.0926049,Darkness - lights lit,535340,202260,93.62861072,E01023297,4,2,0,7,Dry,Dual carriageway,None,40,20:46:00,Urban,Fine no high winds,No,16 - 20,8,Urban area,5,1896,None,None,Other/Not known (2005-10),Approaching junction or waiting/parked at junction approach,VOLKSWAGEN,GOLF TDI SE,Heavy oil,Male,None,No tow/articulation,Did not leave carriageway,0,Slowing or stopping,1,Car,No,Back,2019
201043N097080,B,4033,NA,0,Slight,None,15-06-2020,Wednesday,1,Data missing or out of range,Not at junction or within 20 metres,26.76209233,Darkness - lights lit,477080,231170,94.17775382,E01017672,1,2,0,0,Dry,Single carriageway,None,30,23:09:00,Rural,Fine no high winds,No,16 - 20,8,Rural,9,1124,Parked vehicle,None,Other/Not known (2005-10),Not at or within 20 metres of junction,PEUGEOT,106 INDEPENDENCE,Petrol,Male,Overturned,No tow/articulation,Did not leave carriageway,0,Going ahead other,1,Car,No,Front,2019
201050EL2J015,Unclassified,0,NA,0,Slight,None,10-11-2021,Friday,1,Not at junction or within 20 metres,Not at junction or within 20 metres,25.78921517,Darkness - lights lit,246830,60000,87.47705189,E01015026,1,2,0,0,Dry,Single carriageway,None,30,20:07:00,Urban,Fine no high winds,No,16 - 20,8,Urban area,2,49,None,None,Other/Not known (2005-10),Not at or within 20 metres of junction,SUZUKI,,Petrol,Male,None,No tow/articulation,Did not leave carriageway,0,Overtaking static vehicle - offside,1,Motorcycle 50cc and under,No,Front,2019
201042I329410,Unclassified,0,Unclassified,0,Slight,None,06-02-2020,Friday,1,Give way or uncontrolled,T or staggered junction,22.10049133,Darkness - lights lit,568520,208930,82.11287297,E01021550,1,2,0,0,Dry,Single carriageway,None,30,19:42:00,Urban,Fine no high winds,No,16 - 20,8,Urban area,5,1149,None,None,Other/Not known (2005-10),Entering main road,RENAULT,CLIO EXPRESSION 16V,Petrol,Male,None,No tow/articulation,Did not leave carriageway,0,Turning right,1,Car,No,Front,2019
201042I327309,A,121,NA,0,Slight,None,03-11-2019,Friday,1,Not at junction or within 20 metres,Not at junction or within 20 metres,22.09021944,Darkness - lights lit,541030,199710,82.12642005,E01021806,1,2,0,0,Dry,Single carriageway,None,60,23:00:00,Rural,Fine no high winds,No,16 - 20,8,Rural,7,1994,None,None,Other/Not known (2005-10),Not at or within 20 metres of junction,VAUXHALL,VECTRA CLUB DTI 16V,Heavy oil,Male,None,No tow/articulation,Did not leave carriageway,0,Going ahead other,1,Car,No,Front,2019
20104100F0062,A,414,NA,0,Slight,None,18-02-2020,Friday,1,Not at junction or within 20 metres,Not at junction or within 20 metres,15.24551555,Darkness - lights lit,515390,204720,74.1141039,E01023738,2,4,0,0,Wet or damp,Dual carriageway,None,70,16:13:00,Rural,Fine no high winds,No,16 - 20,8,Urban area,6,2402,None,None,Journey as part of work,Not at or within 20 metres of junction,FORD,TRANSIT 350 LWB TD,Heavy oil,Male,Skidded,No tow/articulation,Did not leave carriageway,0,Slowing or stopping,4,Van / Goods 3.5 tonnes mgw or under,No,Front,2019
201045SP54296,C,230,C,233,Slight,None,13-07-2020,Wednesday,1,Give way or uncontrolled,T or staggered junction,15.22466649,Darkness - lights lit,509860,171170,74.07735587,E01030748,1,2,0,0,Dry,Single carriageway,None,30,19:40:00,Urban,Fine no high winds,No,16 - 20,8,Urban area,3,49,None,None,Other/Not known (2005-10),Approaching junction or waiting/parked at junction approach,PIAGGIO,,Petrol,Male,Skidded,No tow/articulation,Did not leave carriageway,0,Going ahead other,2,Motorcycle 50cc and under,No,Nearside,2019
201037G030236,C,26,Unclassified,2030,Slight,None,28-02-2021,Saturday,1,Auto traffic signal,Crossroads,22.98870485,Darkness - lights lit,618300,242280,72.66158396,E01029979,1,2,0,0,Dry,Single carriageway,None,30,19:30:00,Urban,Fine no high winds,No,16 - 20,8,Urban area,10,1149,None,None,Other/Not known (2005-10),Mid Junction - on roundabout or on main road,RENAULT,CLIO EXPRESSION+ 16V,Petrol,Male,None,No tow/articulation,Did not leave carriageway,0,Turning right,1,Car,No,Front,2019
201050KC2H001,Unclassified,0,Unclassified,0,Slight,None,09-07-2021,Monday,1,Give way or uncontrolled,Crossroads,28.50801694,Darkness - lights lit,287080,106230,77.10594257,E01020077,1,3,0,0,Wet or damp,Single carriageway,None,30,18:40:00,Rural,Fine no high winds,No,16 - 20,8,Rural,5,1149,Parked vehicle,None,Commuting to/from work,Mid Junction - on roundabout or on main road,RENAULT,CLIO EXPRESSION 16V,Petrol,Male,None,No tow/articulation,Did not leave carriageway,0,Going ahead other,1,Car,No,Front,2019
201050ED2K014,B,3396,Unclassified,0,Slight,None,09-04-2021,Tuesday,1,Auto traffic signal,Other junction,22.7266776,Darkness - lights lit,245060,56010,75.91478363,E01015045,2,3,0,4,Dry,Single carriageway,None,30,20:19:00,Urban,Fine no high winds,No,16 - 20,8,Urban area,1,49,None,None,Other/Not known (2005-10),Approaching junction or waiting/parked at junction approach,SYM,JET,Petrol,Male,None,No tow/articulation,Did not leave carriageway,0,Waiting to go - held up,2,Motorcycle 50cc and under,No,Back,2020
201054DE14010,A,4312,A,4259,Slight,None,14-03-2020,Sunday,1,Give way or uncontrolled,Roundabout,26.46572689,Darkness - lights lit,416330,184840,74.61276508,E01015479,1,1,0,4,Dry,Dual carriageway,None,40,21:50:00,Urban,Fine no high winds,No,16 - 20,8,Data missing or out of range,NA,973,None,Other permanent object,Other/Not known (2005-10),Leaving roundabout,VAUXHALL,CORSA CLUB 12V,Petrol,Male,None,No tow/articulation,Offside on to central reservation,0,Going ahead left-hand bend,1,Car,No,Front,2020
201043S088040,Unclassified,1145,NA,0,Slight,None,01-07-2019,Saturday,1,Data missing or out of range,Not at junction or within 20 metres,28.56962856,Darkness - lights lit,486090,242420,77.14606964,E01016767,1,1,0,0,Dry,Dual carriageway,None,30,23:16:00,Urban,Fine no high winds,No,16 - 20,8,Urban area,9,1242,None,None,Other/Not known (2005-10),Not at or within 20 metres of junction,FORD,FIESTA FREESTYLE,Petrol,Male,None,No tow/articulation,Did not leave carriageway,0,Reversing,1,Car,No,Back,2020
2010400B02907,Unclassified,0,Unclassified,0,Slight,None,09-02-2020,Sunday,1,Give way or uncontrolled,Other junction,28.62726234,Darkness - lights lit,504390,249890,77.32339549,E01017471,1,5,0,0,Dry,Single carriageway,None,30,03:10:00,Urban,Fine no high winds,No,16 - 20,8,Urban area,1,1999,Parked vehicle,None,Other/Not known (2005-10),Cleared junction or waiting/parked at junction exit,FORD,MONDEO LX AUTO,Petrol,Male,None,No tow/articulation,Nearside,0,Turning right,1,Car,No,Front,2020
2010550C50129,A,35,A,35,Slight,None,27-11-2021,Saturday,1,Auto traffic signal,Roundabout,18.53840766,Darkness - lights lit,405510,91980,73.91099358,E01015402,4,2,0,5,Dry,Single carriageway,None,30,01:20:00,Urban,Fine no high winds,No,16 - 20,8,Urban area,2,1998,None,None,Other/Not known (2005-10),Entering roundabout,FORD,MONDEO GHIA X TDCI AUTO,Heavy oil,Male,None,No tow/articulation,Did not leave carriageway,0,Going ahead other,2,Car,No,Nearside,2021
201045WA55553,C,23,Unclassified,0,Slight,None,27-10-2021,Sunday,1,Give way or uncontrolled,Roundabout,18.60953933,Darkness - lights lit,496480,145270,73.78791672,E01030919,2,1,0,0,Dry,Roundabout,None,30,04:50:00,Urban,Fine no high winds,No,16 - 20,8,Urban area,10,1598,None,Road sign or traffic signal,Other/Not known (2005-10),Entering roundabout,TOYOTA,COROLLA T2 VVTI AUTO,Petrol,Male,Skidded and overturned,No tow/articulation,Nearside,0,Going ahead other,1,Car,No,Front,2021
2010400B03149,Unclassified,0,NA,0,Slight,None,17-01-2020,Friday,1,Data missing or out of range,Not at junction or within 20 metres,18.56949199,Darkness - lights lit,502000,247160,73.91648554,E01017516,1,3,0,0,Wet or damp,Single carriageway,None,30,04:35:00,Rural,Fine no high winds,No,16 - 20,8,Urban area,3,1794,Parked vehicle,Tree,Other/Not known (2005-10),Not at or within 20 metres of junction,TOYOTA,AVENSIS GLS VVT-I,Petrol,Male,Skidded,No tow/articulation,Nearside,0,Going ahead other,1,Car,No,Front,2021
2010550C31153,Unclassified,0,Unclassified,0,Slight,None,17-11-2021,Tuesday,1,Give way or uncontrolled,Roundabout,27.09075725,Darkness - lights lit,403800,92740,93.62976587,E01015439,2,2,0,0,Dry,Single carriageway,None,30,20:54:00,Urban,Fine no high winds,No,16 - 20,8,Urban area,10,1390,None,None,Other/Not known (2005-10),Mid Junction - on roundabout or on main road,VOLKSWAGEN,POLO S,Petrol,Male,None,No tow/articulation,Did not leave carriageway,0,Going ahead other,2,Car,No,Nearside,2019
201043N003060,A,41,C,171,Slight,None,07-04-2019,Tuesday,1,Give way or uncontrolled,Roundabout,27.10544345,Darkness - lights lit,480800,214530,93.6294817,E01017708,1,2,0,4,Dry,Roundabout,None,30,23:33:00,Urban,Fine no high winds,No,16 - 20,8,Urban area,3,49,None,None,Other/Not known (2005-10),Mid Junction - on roundabout or on main road,SUZUKI,AY50W,Petrol,Male,Skidded,No tow/articulation,Did not leave carriageway,0,Turning right,2,Motorcycle 50cc and under,No,Nearside,2019
201001BS70123,A,315,NA,0,Slight,None,14-03-2010,Sunday,1,Data missing or out of range,Not at junction or within 20 metres,51.499958,Darkness - lights lit,525330,179440,-0.195783,E01002816,1,1,0,0,Dry,Single carriageway,None,30,02:48:00,Urban,Fine no high winds,No,16 - 20,8,Urban area,5,124,None,None,Other/Not known (2005-10),Not at or within 20 metres of junction,YAMAHA,XQ 125,Petrol,Male,None,No tow/articulation,Did not leave carriageway,0,Overtaking static vehicle - offside,1,Motorcycle 125cc and under,No,Front,2010
201001CW11203,A,4206,Unclassified,0,Slight,None,13-06-2010,Sunday,1,Give way or uncontrolled,Crossroads,51.515041,Darkness - lights lit,525400,181120,-0.194178,E01004654,2,2,0,4,Dry,Single carriageway,None,30,21:55:00,Urban,Fine no high winds,No,16 - 20,8,Urban area,3,1997,None,None,Other/Not known (2005-10),Mid Junction - on roundabout or on main road,PEUGEOT,306 MERIDIAN HDI (90),Heavy oil,Male,None,No tow/articulation,Did not leave carriageway,0,Going ahead other,2,Car,No,Front,2010
201001CW12424,A,402,Unclassified,0,Slight,None,06-11-2010,Saturday,1,Give way or uncontrolled,T or staggered junction,51.51002,Darkness - lights lit,525750,180570,-0.189332,E01002827,1,2,0,0,Dry,Single carriageway,None,30,20:20:00,Urban,Fine no high winds,No,16 - 20,8,Urban area,4,124,None,None,Other/Not known (2005-10),Mid Junction - on roundabout or on main road,HONDA,NES125-2,Petrol,Male,None,No tow/articulation,Did not leave carriageway,0,Going ahead other,2,Motorcycle 125cc and under,No,Front,2010
201001JC30466,A,1069,Unclassified,0,Slight,None,13-09-2010,Monday,1,Give way or uncontrolled,T or staggered junction,51.630917,Darkness - lights lit,538670,194360,0.002168,E01004354,2,2,0,1,Dry,Single carriageway,None,30,21:00:00,Urban,Fine no high winds,No,16 - 20,8,Urban area,2,1149,None,None,Other/Not known (2005-10),Mid Junction - on roundabout or on main road,RENAULT,CLIO AUTHENTIQUE,Petrol,Male,None,No tow/articulation,Did not leave carriageway,0,Going ahead other,1,Car,No,Front,2010
201001KD50552,B,187,Unclassified,0,Slight,None,21-10-2010,Thursday,1,Give way or uncontrolled,T or staggered junction,51.55715,Darkness - lights lit,556510,186670,0.256299,E01002384,1,2,0,0,Dry,Single carriageway,None,30,22:16:00,Urban,Fine no high winds,No,16 - 20,8,Urban area,7,98,None,None,Other/Not known (2005-10),Approaching junction or waiting/parked at junction approach,YAMAHA,YQ 100,Petrol,Male,None,No tow/articulation,Did not leave carriageway,0,Going ahead other,2,Motorcycle 50cc and under,No,Front,2010
201001PL60450,A,2209,NA,0,Slight,Any animal in carriageway (except ridden horse),18-07-2010,Sunday,1,Data missing or out of range,Not at junction or within 20 metres,51.477742,Darkness - lights lit,537410,177280,-0.022693,E01003304,1,1,0,0,Dry,Dual carriageway,None,30,02:05:00,Urban,Fine no high winds,No,16 - 20,8,Urban area,9,973,Kerb,Tree,Other/Not known (2005-10),Not at or within 20 metres of junction,VAUXHALL,CORSA CLUB 12V,Petrol,Male,None,No tow/articulation,Nearside,0,Going ahead other,1,Car,No,Front,2010
201001RG40520,A,210,Unclassified,0,Slight,None,03-09-2010,Friday,1,Auto traffic signal,T or staggered junction,51.451079,Darkness - lights lit,544530,174510,0.078632,E01001614,1,2,0,5,Dry,Single carriageway,None,30,22:40:00,Urban,Fine no high winds,No,16 - 20,8,Urban area,2,85,None,None,Journey as part of work,Mid Junction - on roundabout or on main road,HONDA,C90,Petrol,Male,None,No tow/articulation,Did not leave carriageway,0,Going ahead other,2,Motorcycle 125cc and under,No,Front,2010
201001TB00705,A,2022,Unclassified,0,Slight,None,15-10-2010,Friday,1,Give way or uncontrolled,T or staggered junction,51.346289,Darkness - lights lit,535460,162600,-0.05636,E01001120,2,2,0,4,Wet or damp,Single carriageway,None,30,22:00:00,Urban,Fine no high winds,No,16 - 20,8,Urban area,9,1198,None,None,Other/Not known (2005-10),Entering main road,VOLKSWAGEN,POLO S,Petrol,Male,None,No tow/articulation,Did not leave carriageway,0,Turning right,2,Car,No,Offside,2010
201037G030236,C,26,Unclassified,2030,Slight,None,16-10-2010,Saturday,1,Auto traffic signal,Crossroads,52.035882,Darkness - lights lit,618300,242280,1.18136,E01029979,1,2,0,0,Dry,Single carriageway,None,30,19:30:00,Urban,Fine no high winds,No,16 - 20,8,Urban area,10,1149,None,None,Other/Not known (2005-10),Mid Junction - on roundabout or on main road,RENAULT,CLIO EXPRESSION+ 16V,Petrol,Male,None,No tow/articulation,Did not leave carriageway,0,Turning right,1,Car,No,Front,2010
2010400B02907,Unclassified,0,Unclassified,0,Slight,None,05-09-2010,Sunday,1,Give way or uncontrolled,Other junction,52.137415,Darkness - lights lit,504390,249890,-0.476123,E01017471,1,5,0,0,Dry,Single carriageway,None,30,03:10:00,Urban,Fine no high winds,No,16 - 20,8,Urban area,1,1999,Parked vehicle,None,Other/Not known (2005-10),Cleared junction or waiting/parked at junction exit,FORD,MONDEO LX AUTO,Petrol,Male,None,No tow/articulation,Nearside,0,Turning right,1,Car,No,Front,2010
2010400B03149,Unclassified,0,NA,0,Slight,None,15-10-2010,Friday,1,Data missing or out of range,Not at junction or within 20 metres,52.113325,Darkness - lights lit,502000,247160,-0.51185,E01017516,1,3,0,0,Wet or damp,Single carriageway,None,30,04:35:00,Rural,Fine no high winds,No,16 - 20,8,Urban area,3,1794,Parked vehicle,Tree,Other/Not known (2005-10),Not at or within 20 metres of junction,TOYOTA,AVENSIS GLS VVT-I,Petrol,Male,Skidded,No tow/articulation,Nearside,0,Going ahead other,1,Car,No,Front,2010
20104100F0062,A,414,NA,0,Slight,None,22-01-2010,Friday,1,Not at junction or within 20 metres,Not at junction or within 20 metres,51.729281,Darkness - lights lit,515390,204720,-0.330603,E01023738,2,4,0,0,Wet or damp,Dual carriageway,None,70,16:13:00,Rural,Fine no high winds,No,16 - 20,8,Urban area,6,2402,None,None,Journey as part of work,Not at or within 20 metres of junction,FORD,TRANSIT 350 LWB TD,Heavy oil,Male,Skidded,No tow/articulation,Did not leave carriageway,0,Slowing or stopping,4,Van / Goods 3.5 tonnes mgw or under,No,Front,2010
20104100K0019,A,10,B,198,Slight,None,12-01-2010,Tuesday,1,Auto traffic signal,Crossroads,51.702718,Darkness - lights lit,535340,202260,-0.042857,E01023297,4,2,0,7,Dry,Dual carriageway,None,40,20:46:00,Urban,Fine no high winds,No,16 - 20,8,Urban area,5,1896,None,None,Other/Not known (2005-10),Approaching junction or waiting/parked at junction approach,VOLKSWAGEN,GOLF TDI SE,Heavy oil,Male,None,No tow/articulation,Did not leave carriageway,0,Slowing or stopping,1,Car,No,Back,2010
201042I327309,A,121,NA,0,Slight,None,24-09-2010,Friday,1,Not at junction or within 20 metres,Not at junction or within 20 metres,51.678405,Darkness - lights lit,541030,199710,0.0384,E01021806,1,2,0,0,Dry,Single carriageway,None,60,23:00:00,Rural,Fine no high winds,No,16 - 20,8,Rural,7,1994,None,None,Other/Not known (2005-10),Not at or within 20 metres of junction,VAUXHALL,VECTRA CLUB DTI 16V,Heavy oil,Male,None,No tow/articulation,Did not leave carriageway,0,Going ahead other,1,Car,No,Front,2010
201042I329410,Unclassified,0,Unclassified,0,Slight,None,08-10-2010,Friday,1,Give way or uncontrolled,T or staggered junction,51.753661,Darkness - lights lit,568520,208930,0.440106,E01021550,1,2,0,0,Dry,Single carriageway,None,30,19:42:00,Urban,Fine no high winds,No,16 - 20,8,Urban area,5,1149,None,None,Other/Not known (2005-10),Entering main road,RENAULT,CLIO EXPRESSION 16V,Petrol,Male,None,No tow/articulation,Did not leave carriageway,0,Turning right,1,Car,No,Front,2010
201043N003060,A,41,C,171,Slight,None,01-06-2010,Tuesday,1,Give way or uncontrolled,Roundabout,51.823514,Darkness - lights lit,480800,214530,-0.829039,E01017708,1,2,0,4,Dry,Roundabout,None,30,23:33:00,Urban,Fine no high winds,No,16 - 20,8,Urban area,3,49,None,None,Other/Not known (2005-10),Mid Junction - on roundabout or on main road,SUZUKI,AY50W,Petrol,Male,Skidded,No tow/articulation,Did not leave carriageway,0,Turning right,2,Motorcycle 50cc and under,No,Nearside,2010
201043N097080,B,4033,NA,0,Slight,None,18-08-2010,Wednesday,1,Data missing or out of range,Not at junction or within 20 metres,51.973621,Darkness - lights lit,477080,231170,-0.879288,E01017672,1,2,0,0,Dry,Single carriageway,None,30,23:09:00,Rural,Fine no high winds,No,16 - 20,8,Rural,9,1124,Parked vehicle,None,Other/Not known (2005-10),Not at or within 20 metres of junction,PEUGEOT,106 INDEPENDENCE,Petrol,Male,Overturned,No tow/articulation,Did not leave carriageway,0,Going ahead other,1,Car,No,Front,2010
201043N174020,Motorway,40,NA,0,Slight,None,25-02-2010,Thursday,1,Data missing or out of range,Not at junction or within 20 metres,51.565287,Darkness - lights lit,500170,186150,-0.556216,E01017823,1,1,0,0,Dry,Dual carriageway,None,70,01:31:00,Rural,Fine no high winds,No,16 - 20,8,Urban area,5,973,None,Near/Offside crash barrier,Other/Not known (2005-10),Not at or within 20 metres of junction,VAUXHALL,CORSA COMFORT 12V,Petrol,Male,Skidded,No tow/articulation,Nearside and rebounded,0,Going ahead other,1,Car,No,Front,2010
201043S088040,Unclassified,1145,NA,0,Slight,None,24-04-2010,Saturday,1,Data missing or out of range,Not at junction or within 20 metres,52.073422,Darkness - lights lit,486090,242420,-0.745325,E01016767,1,1,0,0,Dry,Dual carriageway,None,30,23:16:00,Urban,Fine no high winds,No,16 - 20,8,Urban area,9,1242,None,None,Other/Not known (2005-10),Not at or within 20 metres of junction,FORD,FIESTA FREESTYLE,Petrol,Male,None,No tow/articulation,Did not leave carriageway,0,Reversing,1,Car,No,Back,2010
201045SP54296,C,230,C,233,Slight,None,15-09-2010,Wednesday,1,Give way or uncontrolled,T or staggered junction,51.428841,Darkness - lights lit,509860,171170,-0.421129,E01030748,1,2,0,0,Dry,Single carriageway,None,30,19:40:00,Urban,Fine no high winds,No,16 - 20,8,Urban area,3,49,None,None,Other/Not known (2005-10),Approaching junction or waiting/parked at junction approach,PIAGGIO,,Petrol,Male,Skidded,No tow/articulation,Did not leave carriageway,0,Going ahead other,2,Motorcycle 50cc and under,No,Nearside,2010
201045WA55553,C,23,Unclassified,0,Slight,None,24-10-2010,Sunday,1,Give way or uncontrolled,Roundabout,51.198451,Darkness - lights lit,496480,145270,-0.620529,E01030919,2,1,0,0,Dry,Roundabout,None,30,04:50:00,Urban,Fine no high winds,No,16 - 20,8,Urban area,10,1598,None,Road sign or traffic signal,Other/Not known (2005-10),Entering roundabout,TOYOTA,COROLLA T2 VVTI AUTO,Petrol,Male,Skidded and overturned,No tow/articulation,Nearside,0,Going ahead other,1,Car,No,Front,2010
201050ED2K014,B,3396,Unclassified,0,Slight,None,23-11-2010,Tuesday,1,Auto traffic signal,Other junction,50.383447,Darkness - lights lit,245060,56010,-4.180778,E01015045,2,3,0,4,Dry,Single carriageway,None,30,20:19:00,Urban,Fine no high winds,No,16 - 20,8,Urban area,1,49,None,None,Other/Not known (2005-10),Approaching junction or waiting/parked at junction approach,SYM,JET,Petrol,Male,None,No tow/articulation,Did not leave carriageway,0,Waiting to go - held up,2,Motorcycle 50cc and under,No,Back,2010
201050EL2J015,Unclassified,0,NA,0,Slight,None,15-10-2010,Friday,1,Not at junction or within 20 metres,Not at junction or within 20 metres,50.419769,Darkness - lights lit,246830,60000,-4.157528,E01015026,1,2,0,0,Dry,Single carriageway,None,30,20:07:00,Urban,Fine no high winds,No,16 - 20,8,Urban area,2,49,None,None,Other/Not known (2005-10),Not at or within 20 metres of junction,SUZUKI,,Petrol,Male,None,No tow/articulation,Did not leave carriageway,0,Overtaking static vehicle - offside,1,Motorcycle 50cc and under,No,Front,2010
201050KC2H001,Unclassified,0,Unclassified,0,Slight,None,15-11-2010,Monday,1,Give way or uncontrolled,Crossroads,50.844479,Darkness - lights lit,287080,106230,-3.605305,E01020077,1,3,0,0,Wet or damp,Single carriageway,None,30,18:40:00,Rural,Fine no high winds,No,16 - 20,8,Rural,5,1149,Parked vehicle,None,Commuting to/from work,Mid Junction - on roundabout or on main road,RENAULT,CLIO EXPRESSION 16V,Petrol,Male,None,No tow/articulation,Did not leave carriageway,0,Going ahead other,1,Car,No,Front,2010
201054DE14010,A,4312,A,4259,Slight,None,16-05-2010,Sunday,1,Give way or uncontrolled,Roundabout,51.562156,Darkness - lights lit,416330,184840,-1.765832,E01015479,1,1,0,4,Dry,Dual carriageway,None,40,21:50:00,Urban,Fine no high winds,No,16 - 20,8,Data missing or out of range,NA,973,None,Other permanent object,Other/Not known (2005-10),Leaving roundabout,VAUXHALL,CORSA CLUB 12V,Petrol,Male,None,No tow/articulation,Offside on to central reservation,0,Going ahead left-hand bend,1,Car,No,Front,2010
20105500C0706,Unclassified,0,C,320,Slight,None,21-02-2010,Sunday,2,Give way or uncontrolled,T or staggered junction,50.722448,Darkness - lights lit,409070,91440,-1.872893,E01015287,1,2,0,4,Dry,Single carriageway,None,30,03:00:00,Urban,Fine no high winds,No,16 - 20,8,Rural,7,1391,None,None,Other/Not known (2005-10),Approaching junction or waiting/parked at junction approach,SEAT,IBIZA CHILL,Petrol,Male,None,No tow/articulation,Did not leave carriageway,0,Waiting to go - held up,1,Car,No,Front,2010
2010550C31153,Unclassified,0,Unclassified,0,Slight,None,20-07-2010,Tuesday,1,Give way or uncontrolled,Roundabout,50.734197,Darkness - lights lit,403800,92740,-1.947538,E01015439,2,2,0,0,Dry,Single carriageway,None,30,20:54:00,Urban,Fine no high winds,No,16 - 20,8,Urban area,10,1390,None,None,Other/Not known (2005-10),Mid Junction - on roundabout or on main road,VOLKSWAGEN,POLO S,Petrol,Male,None,No tow/articulation,Did not leave carriageway,0,Going ahead other,2,Car,No,Nearside,2010
2010550C50129,A,35,A,35,Slight,None,13-11-2010,Saturday,1,Auto traffic signal,Roundabout,50.727349,Darkness - lights lit,405510,91980,-1.923319,E01015402,4,2,0,5,Dry,Single carriageway,None,30,01:20:00,Urban,Fine no high winds,No,16 - 20,8,Urban area,2,1998,None,None,Other/Not known (2005-10),Entering roundabout,FORD,MONDEO GHIA X TDCI AUTO,Heavy oil,Male,None,No tow/articulation,Did not leave carriageway,0,Going ahead other,2,Car,No,Nearside,2010
2010550D27617,Unclassified,0,A,352,Slight,None,30-06-2010,Wednesday,1,Auto traffic signal,Crossroads,50.943373,Darkness - lights lit,363300,116130,-2.523772,E01020545,2,2,0,0,Dry,Single carriageway,None,30,00:15:00,Rural,Fine no high winds,No,16 - 20,8,Small town,9,1997,None,None,Other/Not known (2005-10),Mid Junction - on roundabout or on main road,PEUGEOT,307 LX HDI,Heavy oil,Male,None,No tow/articulation,Did not leave carriageway,0,Going ahead other,2,Car,No,Did not impact,2010
2010550D46829,A,354,NA,0,Slight,None,24-10-2010,Sunday,1,Not at junction or within 20 metres,Not at junction or within 20 metres,50.585138,Darkness - lights lit,366670,76270,-2.472184,E01020587,1,2,0,0,Dry,Single carriageway,None,30,20:10:00,Urban,Fine no high winds,No,16 - 20,8,Rural,6,2324,None,None,Other/Not known (2005-10),Not at or within 20 metres of junction,VOLKSWAGEN,GOLF V5,Petrol,Male,None,No tow/articulation,Did not leave carriageway,0,Going ahead other,1,Car,No,Nearside,2010
2010550D50565,A,3066,C,67,Slight,None,15-11-2010,Monday,1,Give way or uncontrolled,More than 4 arms (not roundabout),50.808758,Darkness - lights lit,348050,101290,-2.738708,E01020495,1,2,0,0,Dry,Single carriageway,None,30,16:50:00,Rural,Fine no high winds,No,16 - 20,8,Urban area,6,1868,None,None,Other/Not known (2005-10),Mid Junction - on roundabout or on main road,FIAT,SCUDO EL DIESEL,Heavy oil,Male,None,No tow/articulation,Did not leave carriageway,0,Going ahead other,2,Van / Goods 3.5 tonnes mgw or under,No,Offside,2010
201060L138341,Unclassified,0,NA,0,Slight,None,28-07-2010,Wednesday,1,Data missing or out of range,Not at junction or within 20 metres,53.205721,Darkness - lights lit,328900,368160,-3.065987,W01000280,1,4,0,0,Dry,Single carriageway,None,30,23:40:00,Urban,Fine no high winds,No,16 - 20,8,Urban area,NA,1870,Kerb,Other permanent object,Other/Not known (2005-10),Not at or within 20 metres of junction,RENAULT,LAGUNA DYNAMIQUE DCI,Heavy oil,Male,Skidded,No tow/articulation,Nearside,0,Going ahead other,1,Car,No,Front,2010
201001JC30466,A,1069,Unclassified,0,Slight,None,13-09-2010,Monday,1,Give way or uncontrolled,T or staggered junction,51.630917,Darkness - lights lit,538670,194360,0.002168,E01004354,2,2,0,1,Dry,Single carriageway,None,30,21:00:00,Urban,Fine no high winds,No,16 - 20,8,Urban area,2,1149,None,None,Other/Not known (2005-10),Mid Junction - on roundabout or on main road,RENAULT,CLIO AUTHENTIQUE,Petrol,Male,None,No tow/articulation,Did not leave carriageway,0,Going ahead other,1,Car,No,Front,2010
201001KD50552,B,187,Unclassified,0,Slight,None,21-10-2010,Thursday,1,Give way or uncontrolled,T or staggered junction,51.55715,Darkness - lights lit,556510,186670,0.256299,E01002384,1,2,0,0,Dry,Single carriageway,None,30,22:16:00,Urban,Fine no high winds,No,16 - 20,8,Urban area,7,98,None,None,Other/Not known (2005-10),Approaching junction or waiting/parked at junction approach,YAMAHA,YQ 100,Petrol,Male,None,No tow/articulation,Did not leave carriageway,0,Going ahead other,2,Motorcycle 50cc and under,No,Front,2010