Accident_Index,1st_Road_Class,1st_Road_Number,2nd_Road_Class,2nd_Road_Number,Accident_Severity,Carriageway_Hazards,Date,Day_of_Week,Did_Police_Officer_Attend_Scene_of_Accident,Junction_Control,Junction_Detail,Latitude,Light_Conditions,Location_Easting_OSGR,Location_Northing_OSGR,Longitude,LSOA_of_Accident_Location,Number_of_Casualties,Number_of_Vehicles,Pedestrian_Crossing-Human_Control,Pedestrian_Crossing-Physical_Facilities,Road_Surface_Conditions,Road_Type,Special_Conditions_at_Site,Speed_limit,Time,Urban_or_Rural_Area,Weather_Conditions,InScotland,Age_Band_of_Driver,Age_of_Vehicle,Driver_Home_Area_Type,Driver_IMD_Decile,Engine_Capacity_.CC.,Hit_Object_in_Carriageway,Hit_Object_off_Carriageway,Journey_Purpose_of_Driver,Junction_Location,make,model,Propulsion_Code,Sex_of_Driver,Skidding_and_Overturning,Towing_and_Articulation,Vehicle_Leaving_Carriageway,Vehicle_Location.Restricted_Lane,Vehicle_Manoeuvre,Vehicle_Reference,Vehicle_Type,Was_Vehicle_Left_Hand_Drive,X1st_Point_of_Impact,Year
201001PL60450,A,2209,NA,0,Slight,Any animal in carriageway (except ridden horse),18-07-2010,Sunday,1,Data missing or out of range,Not at junction or within 20 metres,51.477742,Darkness - lights lit,537410,177280,-0.022693,E01003304,1,1,0,0,Dry,Dual carriageway,None,30,02:05:00,Urban,Fine no high winds,No,16 - 20,8,Urban area,9,973,Kerb,Tree,Other/Not known (2005-10),Not at or within 20 metres of junction,VAUXHALL,CORSA CLUB 12V,Petrol,Male,None,No tow/articulation,Nearside,0,Going ahead other,1,Car,No,Front,2010
201001RG40520,A,210,Unclassified,0,Slight,None,03-09-2010,Friday,1,Auto traffic signal,T or staggered junction,51.451079,Darkness - lights lit,544530,174510,0.078632,E01001614,1,2,0,5,Dry,Single carriageway,None,30,22:40:00,Urban,Fine no high winds,No,16 - 20,8,Urban area,2,85,None,None,Journey as part of work,Mid Junction - on roundabout or on main road,HONDA,C90,Petrol,Male,None,No tow/articulation,Did not leave carriageway,0,Going ahead other,2,Motorcycle 125cc and under,No,Front,2010
201001TB00705,A,2022,Unclassified,0,Slight,None,15-10-2010,Friday,1,Give way or uncontrolled,T or staggered junction,51.346289,Darkness - lights lit,535460,162600,-0.05636,E01001120,2,2,0,4,Wet or damp,Single carriageway,None,30,22:00:00,Urban,Fine no high winds,No,16 - 20,8,Urban area,9,1198,None,None,Other/Not known (2005-10),Entering main road,VOLKSWAGEN,POLO S,Petrol,Male,None,No tow/articulation,Did not leave carriageway,0,Turning right,2,Car,No,Offside,2010
201001TW60408,C,0,Unclassified,0,Slight,None,08-12-2010,Wednesday,1,Give way or uncontrolled,T or staggered junction,51.447626,Darkness - lights lit,513060,173330,-0.374429,E01003841,1,2,0,0,Dry,Single carriageway,None,30,17:40:00,Urban,Fine no high winds,No,16 - 20,8,Urban area,10,49,None,None,Commuting to/from work,Mid Junction - on roundabout or on main road,PIAGGIO,ZIP,Petrol,Male,None,No tow/articulation,Did not leave carriageway,0,Going ahead other,1,Motorcycle 50cc and under,No,Front,2010
201001TX20055,A,312,A,314,Slight,None,31-01-2010,Sunday,1,Auto traffic signal,Crossroads,51.440722,Darkness - lights lit,512070,172540,-0.388919,E01002607,1,2,0,5,Dry,Single carriageway,None,30,22:04:00,Urban,Fine no high winds,No,16 - 20,8,Urban area,10,1149,None,None,Other/Not known (2005-10),Mid Junction - on roundabout or on main road,RENAULT,CLIO DYNAMIQUE 16V,Petrol,Male,None,No tow/articulation,Did not leave carriageway,0,Going ahead other,1,Car,No,Offside,2010
201001VK30062,A,3,A,3,Slight,None,21-02-2010,Sunday,1,Give way or uncontrolled,Slip road,51.413999,Darkness - lights lit,521800,169790,-0.249934,E01002953,3,2,0,0,Frost or ice,Slip road,None,30,04:38:00,Urban,Fine no high winds,No,16 - 20,8,Urban area,2,1598,Kerb,Other permanent object,Other/Not known (2005-10),Entering from slip road,RENAULT,MEGANE DYNAMIQUE 16V,Petrol,Male,None,No tow/articulation,Offside,0,Going ahead left-hand bend,1,Car,No,Front,2010
201001VK30259,A,243,NA,0,Slight,None,13-08-2010,Friday,1,Data missing or out of range,Not at junction or within 20 metres,51.380854,Darkness - lights lit,518310,166020,-0.301352,E01002994,2,2,0,0,Wet or damp,Single carriageway,None,30,23:51:00,Urban,Fine no high winds,No,16 - 20,8,Urban area,10,1124,None,None,Other/Not known (2005-10),Not at or within 20 metres of junction,PEUGEOT,106 INDEPENDENCE,Petrol,Male,None,No tow/articulation,Did not leave carriageway,0,Going ahead other,2,Car,No,Front,2010
201001WW50411,A,217,Unclassified,0,Slight,None,05-06-2010,Saturday,1,Give way or uncontrolled,T or staggered junction,51.424183,Darkness - lights lit,527800,171070,-0.16324,E01004528,2,2,0,0,Dry,Single carriageway,None,30,22:05:00,Urban,Fine no high winds,No,16 - 20,8,Urban area,8,1998,None,None,Other/Not known (2005-10),Approaching junction or waiting/parked at junction approach,FORD,TRANSIT 280 SWB TD,Heavy oil,Male,None,No tow/articulation,Did not leave carriageway,0,Going ahead other,2,Van / Goods 3.5 tonnes mgw or under,No,Back,2010
201001WW50702,A,3220,C,0,Slight,None,23-09-2010,Thursday,1,Give way or uncontrolled,T or staggered junction,51.478886,Darkness - lights lit,527130,177140,-0.170692,E01004583,1,2,0,1,Dry,Single carriageway,None,30,00:22:00,Urban,Fine no high winds,No,16 - 20,8,Urban area,8,1149,None,None,Other/Not known (2005-10),Mid Junction - on roundabout or on main road,RENAULT,CLIO DYNAMIQUE 16V,Petrol,Male,None,No tow/articulation,Did not leave carriageway,0,Turning right,1,Car,No,Front,2010
201001XH30062,Motorway,4,NA,0,Slight,None,21-01-2010,Thursday,1,Data missing or out of range,Not at junction or within 20 metres,51.494835,Darkness - lights lit,505020,178410,-0.488574,E01002527,2,3,0,0,Dry,Dual carriageway,None,70,16:45:00,Rural,Fine no high winds,No,16 - 20,8,Data missing or out of range,NA,998,None,None,Other/Not known (2005-10),Not at or within 20 metres of junction,TOYOTA,YARIS VVTI COLOUR COLLECTIO,Petrol,Male,None,No tow/articulation,Did not leave carriageway,0,Slowing or stopping,1,Car,No,Back,2010
201001ZD30287,A,235,A,235,Slight,None,16-04-2010,Friday,1,Auto traffic signal,Crossroads,51.341001,Darkness - lights lit,531570,161910,-0.112437,E01001093,1,2,0,0,Dry,Single carriageway,None,30,20:00:00,Urban,Fine no high winds,No,16 - 20,8,Urban area,4,124,None,None,Other/Not known (2005-10),Approaching junction or waiting/parked at junction approach,PIAGGIO,PX 125 (VESPA),Petrol,Male,None,No tow/articulation,Did not leave carriageway,0,Going ahead other,2,Motorcycle 125cc and under,No,Front,2010
201004BA10195,A,683,NA,0,Slight,None,23-11-2010,Tuesday,1,Data missing or out of range,Not at junction or within 20 metres,54.05571,Darkness - lights lit,347790,462490,-2.799057,E01025151,2,2,0,5,Dry,One way street,None,30,17:30:00,Urban,Fine no high winds,No,16 - 20,8,Rural,7,973,None,None,Other/Not known (2005-10),Not at or within 20 metres of junction,VAUXHALL,CORSA LIFE 12V,Petrol,Male,None,No tow/articulation,Did not leave carriageway,0,Slowing or stopping,1,Car,No,Front,2010
201004CK10209,A,570,NA,0,Slight,None,25-11-2010,Thursday,1,Data missing or out of range,Not at junction or within 20 metres,53.563557,Darkness - lights lit,341720,407800,-2.881399,E01025490,3,2,0,0,Dry,Single carriageway,None,30,16:50:00,Urban,Fine no high winds,No,16 - 20,8,Urban area,7,1389,None,None,Other/Not known (2005-10),Not at or within 20 metres of junction,VAUXHALL,CORSA COMFORT 16V,Petrol,Male,None,No tow/articulation,Did not leave carriageway,0,Waiting to go - held up,2,Car,No,Back,2010
201004EA10316,A,677,NA,0,Slight,None,16-12-2010,Thursday,1,Data missing or out of range,Not at junction or within 20 metres,53.752497,Darkness - lights lit,366480,428580,-2.509839,E01012584,1,3,0,0,Dry,Single carriageway,None,30,23:32:00,Urban,Fine no high winds,No,16 - 20,8,Urban area,3,1796,None,Road sign or traffic signal,Other/Not known (2005-10),Not at or within 20 metres of junction,VAUXHALL,ZAFIRA ELEGANCE DUAL FUEL 1,Gas/Bi-fuel,Male,None,No tow/articulation,Nearside,0,Going ahead other,1,Car,No,Front,2010
201005AA01580,Unclassified,0,NA,0,Slight,None,02-02-2010,Tuesday,2,Data missing or out of range,Not at junction or within 20 metres,53.317561,Darkness - lights lit,335490,380510,-2.969845,E01007167,1,2,0,0,Wet or damp,Single carriageway,None,30,13:10:00,Urban,Fine no high winds,No,16 - 20,8,Data missing or out of range,NA,1870,None,None,Other/Not known (2005-10),Not at or within 20 metres of junction,RENAULT,LAGUNA PRIVILEGE DCI,Heavy oil,Male,None,No tow/articulation,Did not leave carriageway,0,Going ahead other,1,Car,No,Front,2010
201005EE06611,Unclassified,0,Unclassified,0,Slight,None,08-11-2010,Monday,2,Give way or uncontrolled,T or staggered junction,53.397094,Darkness - lights lit,334710,389370,-2.983383,E01006511,1,2,0,0,Wet or damp,Single carriageway,None,30,21:15:00,Urban,Fine no high winds,No,16 - 20,8,Urban area,5,1242,None,None,Other/Not known (2005-10),Cleared junction or waiting/parked at junction exit,FORD,FIESTA FREESTYLE,Petrol,Male,None,No tow/articulation,Did not leave carriageway,0,Waiting to go - held up,2,Car,No,Front,2010
201006B039742,A,6,Unclassified,0,Slight,None,27-11-2010,Saturday,1,Give way or uncontrolled,T or staggered junction,53.469609,Darkness - lights lit,385310,397010,-2.222773,E01005065,1,1,0,4,Dry,Single carriageway,None,30,19:05:00,Urban,Fine no high winds,No,16 - 20,8,Urban area,1,1596,None,None,Other/Not known (2005-10),Cleared junction or waiting/parked at junction exit,FIAT,STILO 16V DYNAMIC,Petrol,Male,None,No tow/articulation,Did not leave carriageway,0,Moving off,1,Car,No,Nearside,2010
201006F039377,Unclassified,0,Unclassified,0,Slight,None,25-11-2010,Thursday,1,Give way or uncontrolled,Crossroads,53.495193,Darkness - lights lit,379030,399880,-2.31757,E01005627,3,2,0,0,Dry,Single carriageway,None,30,20:30:00,Urban,Fine no high winds,No,16 - 20,8,Urban area,2,1242,None,None,Commuting to/from work,Mid Junction - on roundabout or on main road,FIAT,PUNTO MIA,Petrol,Male,None,No tow/articulation,Did not leave carriageway,0,Going ahead other,2,Car,No,Front,2010
201006FA29277,A,665,Unclassified,0,Slight,None,14-03-2010,Sunday,1,Give way or uncontrolled,T or staggered junction,53.516741,Darkness - lights lit,383380,402260,-2.252127,E01005646,2,2,0,0,Dry,Single carriageway,None,30,22:33:00,Urban,Fine no high winds,No,16 - 20,8,Urban area,1,993,None,None,Other/Not known (2005-10),Approaching junction or waiting/parked at junction approach,SUZUKI,SWIFT GLS,Petrol,Male,None,No tow/articulation,Did not leave carriageway,0,Turning right,2,Car,No,Nearside,2010
201006K038994,Unclassified,0,Unclassified,0,Slight,None,08-11-2010,Monday,1,Give way or uncontrolled,Crossroads,53.573706,Darkness - lights lit,370620,408660,-2.445164,E01004849,5,2,0,0,Wet or damp,Single carriageway,None,30,16:20:00,Urban,Fine no high winds,No,16 - 20,8,Urban area,2,1124,None,None,Taking pupil to/from school,Mid Junction - on roundabout or on main road,PEUGEOT,206 STYLE,Petrol,Male,None,No tow/articulation,Did not leave carriageway,0,Going ahead other,2,Car,No,Front,2010
201006L030366,A,577,Unclassified,0,Slight,None,16-04-2010,Friday,1,Give way or uncontrolled,Crossroads,53.517669,Darkness - lights lit,368400,402440,-2.478058,E01006293,3,1,0,0,Dry,Single carriageway,None,30,23:14:00,Urban,Fine no high winds,No,16 - 20,8,Urban area,8,973,None,Lamp post,Other/Not known (2005-10),Cleared junction or waiting/parked at junction exit,VAUXHALL,CORSA LIFE 12V,Petrol,Male,None,No tow/articulation,Nearside,0,Going ahead right-hand bend,1,Car,No,Front,2010
201006L038822,C,0,A,49,Slight,None,27-10-2010,Wednesday,1,Auto traffic signal,Crossroads,53.54899,Darkness - lights lit,358670,406000,-2.625266,E01006386,1,3,0,5,Wet or damp,Single carriageway,None,30,20:20:00,Urban,Fine no high winds,No,16 - 20,8,Urban area,2,2402,None,None,Other/Not known (2005-10),Approaching junction or waiting/parked at junction approach,FORD,TRANSIT 350 MWB TD,Heavy oil,Male,None,No tow/articulation,Did not leave carriageway,0,Going ahead other,1,Van / Goods 3.5 tonnes mgw or under,No,Front,2010
201006N031307,A,56,A,6044,Slight,None,09-05-2010,Sunday,1,Auto traffic signal,Crossroads,53.523609,Darkness - lights lit,381780,403030,-2.276302,E01005045,1,2,0,0,Dry,Single carriageway,None,30,00:40:00,Urban,Fine no high winds,No,16 - 20,8,Urban area,7,1360,None,None,Other/Not known (2005-10),Approaching junction or waiting/parked at junction approach,CITROEN,C3 LX,Petrol,Male,None,No tow/articulation,Did not leave carriageway,0,Turning right,1,Car,No,Nearside,2010
201006Q039500,Unclassified,0,Unclassified,0,Slight,None,24-11-2010,Wednesday,1,Give way or uncontrolled,T or staggered junction,53.575486,Darkness - lights lit,393910,408770,-2.093449,E01005447,1,2,0,0,Wet or damp,Single carriageway,None,30,22:15:00,Urban,Fine no high winds,No,16 - 20,8,Urban area,9,1242,None,None,Other/Not known (2005-10),Mid Junction - on roundabout or on main road,FIAT,PUNTO ELX 8V,Petrol,Male,None,No tow/articulation,Did not leave carriageway,0,Going ahead other,2,Car,No,Front,2010
201006X038631,Motorway,67,NA,0,Slight,None,05-11-2010,Friday,1,Data missing or out of range,Not at junction or within 20 metres,53.454863,Darkness - lights lit,394220,395350,-2.088516,E01006040,1,3,0,0,Wet or damp,Dual carriageway,None,70,17:59:00,Urban,Fine no high winds,No,16 - 20,8,Urban area,4,1198,None,None,Other/Not known (2005-10),Not at or within 20 metres of junction,VOLKSWAGEN,POLO E,Petrol,Male,None,No tow/articulation,Did not leave carriageway,0,Going ahead other,2,Car,No,Front,2010
201011ND20850,C,13,NA,0,Slight,None,01-09-2010,Wednesday,1,Not at junction or within 20 metres,Not at junction or within 20 metres,54.786309,Darkness - lights lit,430440,543590,-1.528176,E01020683,2,2,0,0,Dry,Single carriageway,None,30,20:45:00,Urban,Fine no high winds,No,16 - 20,8,Urban area,8,1198,None,None,Other/Not known (2005-10),Not at or within 20 metres of junction,VOLKSWAGEN,POLO S,Petrol,Male,None,No tow/articulation,Did not leave carriageway,0,Going ahead other,1,Car,No,Front,2010
201014A029710,A,638,Unclassified,0,Slight,None,17-02-2010,Wednesday,1,Give way or uncontrolled,T or staggered junction,53.507762,Darkness - lights lit,460700,401620,-1.086217,E01007521,1,2,0,0,Wet or damp,Single carriageway,None,40,20:00:00,Urban,Fine no high winds,No,16 - 20,8,Urban area,7,1149,None,None,Other/Not known (2005-10),Entering main road,RENAULT,CLIO AUTHENTIQUE,Petrol,Male,None,No tow/articulation,Did not leave carriageway,0,Turning right,2,Car,No,Front,2010
201014C088210,A,629,Unclassified,0,Slight,None,25-07-2010,Sunday,1,Give way or uncontrolled,Roundabout,53.434776,Darkness - lights lit,441210,393290,-1.381161,E01007717,4,2,0,0,Dry,Roundabout,None,40,01:13:00,Urban,Fine no high winds,No,16 - 20,8,Urban area,1,1896,None,None,Other/Not known (2005-10),Mid Junction - on roundabout or on main road,VOLKSWAGEN,GOLF GT TDI,Heavy oil,Male,None,No tow/articulation,Did not leave carriageway,0,Going ahead other,1,Car,No,Front,2010
2010160D07061,A,165,Unclassified,0,Slight,None,17-11-2010,Wednesday,2,Give way or uncontrolled,Roundabout,53.772633,Darkness - lights lit,514180,432090,-0.268958,E01012825,1,2,0,0,Dry,Roundabout,None,30,18:20:00,Urban,Fine no high winds,No,16 - 20,8,Urban area,9,973,None,None,Other/Not known (2005-10),Leaving roundabout,VAUXHALL,CORSA CLUB 12V,Petrol,Male,None,No tow/articulation,Did not leave carriageway,0,Going ahead other,2,Car,No,Front,2010
2010170S22590,A,1185,NA,0,Slight,None,15-10-2010,Friday,1,Data missing or out of range,Not at junction or within 20 metres,54.626371,Darkness - lights lit,445690,525920,-1.293818,E01012297,1,1,0,0,Wet or damp,Dual carriageway,None,50,23:15:00,Rural,Fine no high winds,No,16 - 20,8,Urban area,8,1686,None,Lamp post,Other/Not known (2005-10),Not at or within 20 metres of junction,VAUXHALL,ASTRA CLUB DTI,Heavy oil,Male,Skidded,No tow/articulation,Offside on to central reservation,0,Going ahead left-hand bend,1,Car,No,Offside,2010
201020F054513,A,34,Unclassified,0,Slight,None,08-03-2010,Monday,1,Auto traffic signal,Crossroads,52.534807,Darkness - lights lit,405610,293000,-1.918735,E01009238,4,2,2,5,Dry,Dual carriageway,None,40,20:39:00,Urban,Fine no high winds,No,16 - 20,8,Urban area,2,2099,None,None,Other/Not known (2005-10),Approaching junction or waiting/parked at junction approach,JAGUAR,X-TYPE V6 SPORT,Petrol,Male,None,No tow/articulation,Did not leave carriageway,0,Going ahead other,2,Car,No,Back,2010
201020G008870,Unclassified,0,Unclassified,0,Slight,None,12-10-2010,Tuesday,1,Auto traffic signal,More than 4 arms (not roundabout),52.597008,Darkness - lights lit,393680,299920,-2.094749,E01010476,2,3,0,5,Dry,Single carriageway,None,30,23:44:00,Urban,Fine no high winds,No,16 - 20,8,Urban area,2,1590,None,None,Other/Not known (2005-10),Approaching junction or waiting/parked at junction approach,HONDA,CIVIC SE,Petrol,Male,None,No tow/articulation,Did not leave carriageway,0,Waiting to go - held up,3,Car,No,Back,2010
201020K012060,B,4182,A,4030,Slight,None,17-09-2010,Friday,1,Auto traffic signal,Crossroads,52.476935,Darkness - lights lit,402130,286560,-1.970079,E01009927,1,3,0,0,Dry,Single carriageway,None,30,20:35:00,Urban,Fine no high winds,No,16 - 20,8,Urban area,1,973,None,None,Other/Not known (2005-10),Approaching junction or waiting/parked at junction approach,VAUXHALL,CORSA CLUB 12V,Petrol,Male,None,No tow/articulation,Did not leave carriageway,0,Waiting to go - held up,2,Car,No,Back,2010
201020L007890,Unclassified,0,Unclassified,0,Slight,None,18-07-2010,Sunday,1,Give way or uncontrolled,T or staggered junction,52.399514,Darkness - lights lit,411010,277960,-1.839616,E01010210,3,2,0,0,Dry,Single carriageway,None,30,21:36:00,Urban,Fine no high winds,No,16 - 20,8,Urban area,9,1363,None,None,Other/Not known (2005-10),Mid Junction - on roundabout or on main road,TOYOTA,YARIS GS D-4D,Heavy oil,Male,None,No tow/articulation,Did not leave carriageway,0,Going ahead other,2,Car,No,Nearside,2010
201020N010680,A,47,Unclassified,0,Slight,None,03-05-2010,Monday,1,Give way or uncontrolled,T or staggered junction,52.512645,Darkness - lights lit,413490,290550,-1.802661,E01009101,3,2,0,4,Dry,Dual carriageway,None,40,01:05:00,Urban,Fine no high winds,No,16 - 20,8,Urban area,9,1360,Parked vehicle,Tree,Other/Not known (2005-10),Cleared junction or waiting/parked at junction exit,CITROEN,SAXO FURIO,Petrol,Male,None,No tow/articulation,Offside on to central reservation,0,Going ahead other,1,Car,No,Front,2010
201020N043570,Unclassified,0,NA,0,Slight,None,14-09-2010,Tuesday,1,Data missing or out of range,Not at junction or within 20 metres,52.518446,Darkness - lights lit,411390,291190,-1.833584,E01009012,1,2,0,0,Dry,Single carriageway,None,30,20:50:00,Urban,Fine no high winds,No,16 - 20,8,Urban area,5,1242,None,None,Other/Not known (2005-10),Not at or within 20 metres of junction,FIAT,PUNTO DYNAMIC,Petrol,Male,None,No tow/articulation,Did not leave carriageway,0,Parked,2,Car,No,Back,2010
201020T043150,A,34,Unclassified,0,Slight,None,22-10-2010,Friday,2,Auto traffic signal,Roundabout,52.422166,Darkness - lights lit,411160,280480,-1.837328,E01009036,1,2,0,0,Dry,Roundabout,None,30,17:15:00,Urban,Fine no high winds,No,16 - 20,8,Urban area,5,1360,None,None,Commuting to/from work,Mid Junction - on roundabout or on main road,CITROEN,SAXO FURIO,Petrol,Male,None,No tow/articulation,Did not leave carriageway,0,Going ahead other,2,Car,No,Nearside,2010
201020T054780,A,435,B,4217,Slight,None,11-12-2010,Saturday,1,Auto traffic signal,Crossroads,52.446499,Darkness - lights lit,407700,283180,-1.888147,E01009184,1,2,0,5,Wet or damp,Single carriageway,None,30,06:23:00,Urban,Fine no high winds,No,16 - 20,8,Urban area,10,1391,Bollard or refuge,Road sign or traffic signal,Other/Not known (2005-10),Mid Junction - on roundabout or on main road,SEAT,IBIZA CHILL,Petrol,Male,None,No tow/articulation,Offside,0,Turning right,2,Car,No,Offside,2010
201020T500950,Unclassified,0,Unclassified,0,Slight,None,31-12-2010,Friday,1,Give way or uncontrolled,T or staggered junction,52.474847,Darkness - lights lit,415030,286350,-1.780157,E01009322,3,2,0,0,Dry,Dual carriageway,None,30,20:34:00,Urban,Fine no high winds,No,16 - 20,8,Urban area,1,1870,Kerb,Other permanent object,Other/Not known (2005-10),Approaching junction or waiting/parked at junction approach,RENAULT,MEGANE DYNAMIQUE DCI 120,Heavy oil,Male,Skidded,No tow/articulation,Nearside,0,Going ahead other,2,Car,No,Back,2010
201020W020140,Unclassified,0,A,453,Slight,None,17-06-2010,Thursday,1,Give way or uncontrolled,T or staggered junction,52.527149,Darkness - lights lit,407070,292150,-1.897228,E01009239,1,2,0,0,Dry,Single carriageway,None,30,22:30:00,Urban,Fine no high winds,No,16 - 20,8,Data missing or out of range,NA,1124,None,None,Other/Not known (2005-10),Approaching junction or waiting/parked at junction approach,PEUGEOT,106 INDEPENDENCE,Petrol,Male,None,No tow/articulation,Did not leave carriageway,0,Waiting to turn left,1,Car,No,Front,2010
201022D004354,A,449,NA,0,Slight,None,02-09-2010,Thursday,1,Data missing or out of range,Not at junction or within 20 metres,52.416409,Darkness - lights lit,385120,279850,-2.220222,E01032440,1,1,0,0,Dry,Single carriageway,None,60,21:55:00,Rural,Fine no high winds,No,16 - 20,8,Urban area,5,1598,None,Lamp post,Other/Not known (2005-10),Not at or within 20 metres of junction,MINI,MINI COOPER S,Petrol,Male,Skidded and overturned,No tow/articulation,Nearside,0,Going ahead right-hand bend,1,Car,No,Front,2010
201030C000746,B,600,Unclassified,0,Slight,None,28-10-2010,Thursday,1,Give way or uncontrolled,T or staggered junction,53.094426,Darkness - lights lit,441830,355430,-1.376797,E01019402,1,2,0,0,Dry,Single carriageway,None,30,19:15:00,Urban,Fine no high winds,No,16 - 20,8,Small town,7,124,None,None,Commuting to/from work,Mid Junction - on roundabout or on main road,YAMAHA,DT 125 R,Petrol,Male,None,No tow/articulation,Did not leave carriageway,0,Going ahead right-hand bend,2,Motorcycle 125cc and under,No,Nearside,2010
20103102D1212,A,6002,A,6007,Slight,None,20-04-2010,Tuesday,1,Give way or uncontrolled,Mini-roundabout,52.940751,Darkness - lights lit,449880,338410,-1.259218,E01028125,1,2,0,4,Dry,Roundabout,None,30,19:50:00,Urban,Fine no high winds,No,16 - 20,8,Urban area,2,1149,None,None,Other/Not known (2005-10),Entering roundabout,RENAULT,CLIO AUTHENTIQUE,Petrol,Male,None,No tow/articulation,Did not leave carriageway,0,Turning left,1,Car,No,Offside,2010
201042I329510,A,1012,NA,0,Slight,None,24-07-2019,Wednesday,1,Not at junction or within 20 metres,Not at junction or within 20 metres,14.77064701,Darkness - lights lit,560940,180000,78.52635278,E01015942,1,4,0,0,Dry,Dual carriageway,None,60,20:05:00,Rural,Fine no high winds,No,16 - 20,8,Rural,4,1984,None,None,Other/Not known (2005-10),Not at or within 20 metres of junction,VOLKSWAGEN,BEETLE,Petrol,Female,None,No tow/articulation,Did not leave carriageway,0,Slowing or stopping,1,Car,No,Front,2019
201042I321410,A,1017,NA,0,Slight,None,15-02-2019,Friday,1,Not at junction or within 20 metres,Not at junction or within 20 metres,15.25711079,Darkness - lights lit,578520,229140,74.07554793,E01021382,2,1,0,0,Wet or damp,Single carriageway,None,40,23:50:00,Rural,Fine no high winds,No,16 - 20,8,Rural,7,1299,None,Other permanent object,Other/Not known (2005-10),Not at or within 20 metres of junction,FORD,KA STYLE,Petrol,Female,Skidded,No tow/articulation,Nearside and rebounded,0,Going ahead right-hand bend,1,Car,No,Front,2019
201042I154605,B,1022,NA,0,Slight,None,31-07-2020,Thursday,1,Not at junction or within 20 metres,Not at junction or within 20 metres,23.08503944,Darkness - lights lit,598360,224040,72.62638148,E01021713,2,2,0,0,Dry,Single carriageway,None,30,22:00:00,Urban,Fine no high winds,No,16 - 20,8,Rural,6,1461,None,None,Other/Not known (2005-10),Not at or within 20 metres of junction,RENAULT,CLIO EXPRESSION+ DCI 65,Heavy oil,Female,None,No tow/articulation,Did not leave carriageway,0,Going ahead other,1,Car,No,Front,2019
201050EL2E006,A,386,Unclassified,0,Slight,None,03-07-2021,Friday,1,Auto traffic signal,T or staggered junction,22.98563232,Darkness - lights lit,248480,58540,72.52748056,E01015064,1,3,0,0,Dry,Dual carriageway,None,40,21:24:00,Urban,Fine no high winds,No,16 - 20,8,Urban area,7,1198,None,None,Other/Not known (2005-10),Approaching junction or waiting/parked at junction approach,VOLKSWAGEN,POLO S,Petrol,Female,None,No tow/articulation,Did not leave carriageway,0,Slowing or stopping,3,Car,No,Did not impact,2019
20104100C1171,A,411,A,411,Slight,None,26-02-2020,Wednesday,2,Give way or uncontrolled,Other junction,18.54070306,Darkness - lights lit,510850,196660,73.84933781,E01023861,2,4,0,0,Dry,One way street,None,30,18:20:00,Urban,Fine no high winds,No,16 - 20,8,Urban area,10,1686,None,None,Commuting to/from work,Cleared junction or waiting/parked at junction exit,VAUXHALL,CORSA SXI DTI,Heavy oil,Female,None,No tow/articulation,Did not leave carriageway,0,Slowing or stopping,2,Car,No,Back,2021
201045RE55118,A,240,B,284,Slight,None,29-01-2019,Tuesday,1,Give way or uncontrolled,T or staggered junction,14.71925762,Darkness - lights lit,523420,158970,78.63335076,E01030606,1,2,0,0,Wet or damp,Single carriageway,None,30,22:19:00,Urban,Fine no high winds,No,16 - 20,8,Urban area,8,1199,None,None,Journey as part of work,Approaching junction or waiting/parked at junction approach,VAUXHALL,CORSA COMFORT 16V,Petrol,Female,None,No tow/articulation,Did not leave carriageway,0,Going ahead other,2,Car,No,Front,2019
201042I386711,Unclassified,0,NA,0,Slight,None,09-01-2021,Sunday,1,Not at junction or within 20 metres,Not at junction or within 20 metres,14.69390649,Darkness - lights lit,574460,192960,78.55489548,E01021331,1,2,0,0,Dry,Single carriageway,None,30,00:15:00,Urban,Fine no high winds,No,16 - 20,8,Urban area,7,1149,None,None,Other/Not known (2005-10),Not at or within 20 metres of junction,RENAULT,CLIO DYNAMIQUE 16V,Petrol,Female,None,No tow/articulation,Nearside,0,Slowing or stopping,2,Car,No,Offside,2019
201045MO56850,Unclassified,0,NA,0,Slight,None,30-01-2021,Saturday,1,Data missing or out of range,Not at junction or within 20 metres,14.78488773,Darkness - lights lit,517030,150320,78.55043858,E01030533,1,1,0,0,Dry,Dual carriageway,None,40,00:32:00,Urban,Fine no high winds,No,16 - 20,8,Rural,10,1200,None,None,Other/Not known (2005-10),Not at or within 20 metres of junction,VOLKSWAGEN,POLO S,Petrol,Female,None,No tow/articulation,Did not leave carriageway,0,Going ahead other,1,Car,No,Did not impact,2019
201043W165040,Unclassified,7143,Unclassified,7143,Slight,None,15-06-2019,Saturday,1,Give way or uncontrolled,T or staggered junction,27.09436634,Darkness - lights lit,466630,176460,93.61488463,E01016316,2,1,0,0,Dry,Single carriageway,None,30,22:00:00,Urban,Fine no high winds,No,16 - 20,8,Urban area,6,49,None,Other permanent object,Other/Not known (2005-10),Approaching junction or waiting/parked at junction approach,PEUGEOT,VIVACITY 50,Petrol,Female,None,No tow/articulation,Nearside,0,Going ahead right-hand bend,1,Motorcycle 50cc and under,No,Front,2019