Accident_Index,1st_Road_Class,1st_Road_Number,2nd_Road_Class,2nd_Road_Number,Accident_Severity,Carriageway_Hazards,Date,Day_of_Week,Did_Police_Officer_Attend_Scene_of_Accident,Junction_Control,Junction_Detail,Latitude,Light_Conditions,Location_Easting_OSGR,Location_Northing_OSGR,Longitude,LSOA_of_Accident_Location,Number_of_Casualties,Number_of_Vehicles,Pedestrian_Crossing-Human_Control,Pedestrian_Crossing-Physical_Facilities,Road_Surface_Conditions,Road_Type,Special_Conditions_at_Site,Speed_limit,Time,Urban_or_Rural_Area,Weather_Conditions,InScotland,Age_Band_of_Driver,Age_of_Vehicle,Driver_Home_Area_Type,Driver_IMD_Decile,Engine_Capacity_.CC.,Hit_Object_in_Carriageway,Hit_Object_off_Carriageway,Journey_Purpose_of_Driver,Junction_Location,make,model,Propulsion_Code,Sex_of_Driver,Skidding_and_Overturning,Towing_and_Articulation,Vehicle_Leaving_Carriageway,Vehicle_Location.Restricted_Lane,Vehicle_Manoeuvre,Vehicle_Reference,Vehicle_Type,Was_Vehicle_Left_Hand_Drive,X1st_Point_of_Impact,Year
201042I245008,Unclassified,0,Unclassified,0,Slight,None,03-08-2010,Tuesday,1,Give way or uncontrolled,Crossroads,51.515341,Daylight,581270,182840,0.611128,E01021490,1,2,0,0,Dry,Single carriageway,None,30,19:25:00,Urban,Fine no high winds,No,16 - 20,8,Small town,4,1242,None,None,Other/Not known (2005-10),Mid Junction - on roundabout or on main road,FIAT,PUNTO MIA,Petrol,Male,Skidded,No tow/articulation,Did not leave carriageway,0,Going ahead other,2,Car,No,Front,2010
201042I281708,B,1352,NA,0,Slight,None,29-08-2010,Sunday,1,Not at junction or within 20 metres,Not at junction or within 20 metres,51.933214,Daylight,623880,231090,1.255278,E01022006,1,2,0,0,Dry,Single carriageway,None,30,10:01:00,Urban,Fine no high winds,No,16 - 20,8,Urban area,5,1360,Parked vehicle,None,Journey as part of work,Not at or within 20 metres of junction,CITROEN,SAXO FURIO,Petrol,Male,Overturned,No tow/articulation,Did not leave carriageway,0,Going ahead other,1,Car,No,Front,2010
201042I309209,A,129,Unclassified,0,Slight,None,25-09-2010,Saturday,1,Auto traffic signal,Crossroads,51.633152,Daylight,563180,195340,0.35646,E01021450,2,2,0,1,Dry,Single carriageway,None,30,17:45:00,Urban,Fine no high winds,No,16 - 20,8,Urban area,10,1390,None,None,Other/Not known (2005-10),Mid Junction - on roundabout or on main road,VOLKSWAGEN,GOLF E,Petrol,Male,None,No tow/articulation,Did not leave carriageway,0,Turning right,2,Car,No,Front,2010
201042I365911,Unclassified,0,Unclassified,0,Slight,None,02-11-2010,Tuesday,2,Give way or uncontrolled,T or staggered junction,51.543627,Daylight,587350,186210,0.700444,E01015896,1,1,0,0,Dry,Unknown,None,30,09:00:00,Urban,Fine no high winds,No,16 - 20,8,Urban area,9,1360,None,None,Journey as part of work,Approaching junction or waiting/parked at junction approach,CITROEN,XSARA LX 8V,Petrol,Male,None,No tow/articulation,Did not leave carriageway,0,Going ahead other,1,Car,No,Front,2010
201043N094110,A,41,Unclassified,2190,Slight,None,15-11-2010,Monday,2,Give way or uncontrolled,Roundabout,51.816565,Daylight,482220,213780,-0.808618,E01017633,1,2,0,0,Wet or damp,Single carriageway,None,30,14:30:00,Urban,Fine no high winds,No,16 - 20,8,Urban area,3,1868,None,None,Other/Not known (2005-10),Approaching junction or waiting/parked at junction approach,PEUGEOT,PARTNER 600 L DIESEL,Heavy oil,Male,Skidded,No tow/articulation,Did not leave carriageway,0,Going ahead other,1,Van / Goods 3.5 tonnes mgw or under,No,Front,2010
201043N106090,Motorway,25,NA,0,Slight,None,20-09-2010,Monday,2,Not at junction or within 20 metres,Not at junction or within 20 metres,51.500236,Daylight,504490,179000,-0.496032,E01017829,1,3,0,0,Dry,Dual carriageway,None,70,12:00:00,Rural,Fine no high winds,No,16 - 20,8,Data missing or out of range,NA,1396,None,None,Journey as part of work,Not at or within 20 metres of junction,HONDA,CIVIC MAX,Petrol,Male,None,No tow/articulation,Did not leave carriageway,0,Going ahead other,2,Car,No,Back,2010
201043N155090,Motorway,40,NA,0,Slight,None,20-09-2010,Monday,1,Data missing or out of range,Not at junction or within 20 metres,51.599297,Daylight,491520,189770,-0.680033,E01017934,1,2,0,0,Dry,Dual carriageway,Roadworks,70,17:45:00,Rural,Fine no high winds,No,16 - 20,8,Urban area,3,1686,Bollard or refuge,None,Commuting to/from work,Not at or within 20 metres of junction,VAUXHALL,CORSA GLS DI,Heavy oil,Male,None,No tow/articulation,Did not leave carriageway,0,Going ahead other,2,Car,No,Nearside,2010
201043N213120,A,40,A,40,Slight,None,12-12-2010,Sunday,1,Give way or uncontrolled,Roundabout,51.626767,Daylight,486630,192740,-0.749884,E01017839,1,2,0,0,Dry,Roundabout,None,30,14:30:00,Rural,Fine no high winds,No,16 - 20,8,Urban area,4,1596,None,None,Other/Not known (2005-10),Entering roundabout,FORD,FOCUS ZETEC AUTO,Petrol,Male,None,No tow/articulation,Did not leave carriageway,0,Changing lane to right,1,Car,No,Front,2010
201043P104030,A,417,NA,0,Slight,None,13-03-2010,Saturday,1,Data missing or out of range,Not at junction or within 20 metres,51.597291,Daylight,443780,188910,-1.369347,E01028730,2,1,0,0,Dry,Single carriageway,None,60,17:54:00,Rural,Fine no high winds,No,16 - 20,8,Urban area,10,1339,None,Entered ditch,Other/Not known (2005-10),Not at or within 20 metres of junction,HONDA,JAZZ S,Petrol,Male,Skidded and overturned,No tow/articulation,Nearside,0,Going ahead other,1,Car,No,Offside,2010
201043P109080,B,4027,NA,0,Slight,None,10-08-2010,Tuesday,1,Data missing or out of range,Not at junction or within 20 metres,51.787725,Daylight,455820,210210,-1.192137,E01028638,1,1,0,0,Wet or damp,Single carriageway,Oil or diesel,50,20:25:00,Rural,Fine no high winds,No,16 - 20,8,Rural,7,1896,None,Tree,Other/Not known (2005-10),Not at or within 20 metres of junction,VOLKSWAGEN,GOLF TDI SE,Heavy oil,Male,Skidded,No tow/articulation,Offside,0,Going ahead right-hand bend,1,Car,No,Front,2010
201043P121050,Unclassified,347,NA,0,Slight,None,14-05-2010,Friday,1,Data missing or out of range,Not at junction or within 20 metres,52.022318,Daylight,435660,236120,-1.481727,E01028504,1,1,0,0,Dry,Single carriageway,None,60,18:22:00,Rural,Fine no high winds,No,16 - 20,8,Rural,7,1149,Kerb,None,Other/Not known (2005-10),Not at or within 20 metres of junction,RENAULT,CLIO EXPRESSION+ 16V,Petrol,Male,Skidded and overturned,No tow/articulation,Offside and rebounded,0,Going ahead other,1,Car,No,Nearside,2010
201043P134080,Unclassified,383,Unclassified,0,Slight,None,17-08-2010,Tuesday,2,Give way or uncontrolled,Private drive or entrance,51.743431,Daylight,471430,205480,-0.966829,E01028670,1,2,0,0,Dry,Single carriageway,None,30,08:30:00,Urban,Fine no high winds,No,16 - 20,8,Rural,9,1149,None,None,Journey as part of work,Approaching junction or waiting/parked at junction approach,RENAULT,CLIO DYNAMIQUE 16V,Petrol,Male,None,No tow/articulation,Did not leave carriageway,0,Going ahead other,2,Car,No,Nearside,2010
201043P240040,Unclassified,391,Unclassified,0,Slight,None,17-04-2010,Saturday,1,Give way or uncontrolled,T or staggered junction,51.593228,Daylight,439110,188420,-1.43682,E01028760,1,1,0,0,Dry,Single carriageway,None,30,17:26:00,Urban,Fine no high winds,No,16 - 20,8,Urban area,10,1587,Kerb,Lamp post,Other/Not known (2005-10),Cleared junction or waiting/parked at junction exit,PEUGEOT,307 RAPIER 16V,Petrol,Male,Skidded,No tow/articulation,Offside and rebounded,0,Going ahead right-hand bend,1,Car,No,Offside,2010
201043S052070,A,421,C,129,Slight,None,13-07-2010,Tuesday,1,Give way or uncontrolled,Roundabout,52.01225,Daylight,485830,235610,-0.750825,E01016739,1,2,0,0,Dry,Roundabout,None,60,08:16:00,Urban,Fine no high winds,No,16 - 20,8,Urban area,2,1997,None,None,Journey as part of work,Entering roundabout,PEUGEOT,307 XSI,Petrol,Male,None,No tow/articulation,Did not leave carriageway,0,Turning left,1,Car,No,Front,2010
201043S111080,A,422,A,5,Slight,None,18-08-2010,Wednesday,1,Auto traffic signal,Roundabout,52.048141,Daylight,482090,239540,-0.804364,E01016813,1,2,0,0,Dry,Roundabout,None,60,07:09:00,Urban,Fine no high winds,No,16 - 20,8,Urban area,9,1149,None,None,Commuting to/from work,Entering roundabout,RENAULT,CLIO EXPRESSION 16V,Petrol,Male,None,No tow/articulation,Did not leave carriageway,0,Moving off,2,Car,No,Nearside,2010
201043W102020,A,329,Unclassified,7201,Slight,None,15-02-2010,Monday,1,Give way or uncontrolled,T or staggered junction,51.452159,Daylight,472800,173100,-0.953701,E01016414,1,2,2,4,Wet or damp,Single carriageway,None,30,08:04:00,Urban,Fine no high winds,No,16 - 20,8,Urban area,10,998,None,None,Other/Not known (2005-10),Approaching junction or waiting/parked at junction approach,TOYOTA,YARIS GS,Petrol,Male,None,No tow/articulation,Did not leave carriageway,0,Going ahead other,1,Car,No,Offside,2010
201043W207070,Unclassified,7511,NA,0,Slight,None,24-07-2010,Saturday,1,Data missing or out of range,Not at junction or within 20 metres,51.372956,Daylight,475550,164330,-0.915998,E01016691,3,2,0,0,Dry,Single carriageway,None,30,17:19:00,Rural,Fine no high winds,No,16 - 20,8,Rural,5,1149,None,None,Other/Not known (2005-10),Not at or within 20 metres of junction,RENAULT,CLIO EXPRESSION+ 16V,Petrol,Male,None,No tow/articulation,Did not leave carriageway,0,Going ahead left-hand bend,1,Car,No,Offside,2010
201045EL50253,A,245,NA,0,Slight,None,04-05-2010,Tuesday,1,Data missing or out of range,Not at junction or within 20 metres,51.319264,Daylight,512660,159040,-0.384712,E01030343,1,2,0,0,Dry,Single carriageway,None,30,19:50:00,Rural,Fine no high winds,No,16 - 20,8,Urban area,8,973,None,Other permanent object,Other/Not known (2005-10),Not at or within 20 metres of junction,VAUXHALL,CORSA LIFE 12V,Petrol,Male,Skidded and overturned,No tow/articulation,Offside and rebounded,0,Going ahead other,1,Car,No,Front,2010
201045RE52696,Unclassified,359,Unclassified,0,Slight,None,20-07-2010,Tuesday,2,Give way or uncontrolled,T or staggered junction,51.148333,Daylight,530710,140450,-0.132606,E01030819,1,3,0,0,Dry,Single carriageway,None,40,18:38:00,Rural,Fine no high winds,No,16 - 20,8,Small town,9,1149,None,None,Other/Not known (2005-10),Leaving main road,RENAULT,CLIO EXPRESSION 16V,Petrol,Male,None,No tow/articulation,Did not leave carriageway,0,Turning right,1,Car,No,Front,2010
201045RE55459,Motorway,23,NA,0,Slight,None,23-10-2010,Saturday,1,Data missing or out of range,Not at junction or within 20 metres,51.276909,Daylight,528880,154710,-0.153636,E01030598,2,2,0,0,Dry,Dual carriageway,None,70,09:38:00,Rural,Fine no high winds,No,16 - 20,8,Urban area,4,2198,None,Near/Offside crash barrier,Other/Not known (2005-10),Not at or within 20 metres of junction,VAUXHALL,VECTRA SRI 150,Petrol,Male,Skidded,No tow/articulation,Nearside and rebounded,0,Overtaking moving vehicle - offside,1,Car,No,Front,2010
201045SP53788,A,30,A,30,Slight,None,17-09-2010,Friday,1,Auto traffic signal,Roundabout,51.436795,Daylight,504390,171940,-0.499555,E01030734,1,2,0,0,Dry,Roundabout,None,30,07:30:00,Urban,Fine no high winds,No,16 - 20,8,Urban area,5,1124,None,None,Journey as part of work,Cleared junction or waiting/parked at junction exit,PEUGEOT,106 XN ZEST 2,Petrol,Male,None,No tow/articulation,Did not leave carriageway,0,Moving off,1,Car,No,Back,2010
201045SU53713,A,325,A,331,Slight,None,28-08-2010,Saturday,1,Give way or uncontrolled,Slip road,51.312754,Daylight,487270,157820,-0.749254,E01030766,1,2,0,0,Dry,Dual carriageway,None,50,15:00:00,Rural,Fine no high winds,No,16 - 20,8,Urban area,8,1242,None,None,Other/Not known (2005-10),Mid Junction - on roundabout or on main road,FORD,FIESTA FREESTYLE,Petrol,Male,Skidded,No tow/articulation,Did not leave carriageway,0,Going ahead other,2,Car,No,Front,2010
201045TA50590,C,83,NA,0,Slight,None,17-05-2010,Monday,1,Data missing or out of range,Not at junction or within 20 metres,51.224638,Daylight,537590,149120,-0.030984,E01030838,2,3,0,0,Dry,Single carriageway,None,40,19:43:00,Rural,Fine no high winds,No,16 - 20,8,Urban area,10,1149,None,None,Other/Not known (2005-10),Not at or within 20 metres of junction,RENAULT,CLIO AUTHENTIQUE,Petrol,Male,None,No tow/articulation,Nearside,0,Going ahead other,1,Car,No,Front,2010
201045WA54590,A,281,Unclassified,183,Slight,None,25-09-2010,Saturday,1,Give way or uncontrolled,T or staggered junction,51.11456,Daylight,504290,136090,-0.511446,E01030862,2,2,0,0,Dry,Single carriageway,None,60,17:10:00,Rural,Fine no high winds,No,16 - 20,8,Urban area,5,1242,None,None,Other/Not known (2005-10),Approaching junction or waiting/parked at junction approach,FIAT,PUNTO 1.2,Petrol,Male,None,No tow/articulation,Did not leave carriageway,0,Moving off,1,Car,No,Front,2010
201045WA56944,A,31,NA,0,Slight,None,23-12-2010,Thursday,1,Data missing or out of range,Not at junction or within 20 metres,51.223631,Daylight,486900,147900,-0.75697,E01030903,3,2,0,0,Dry,Dual carriageway,None,70,10:01:00,Rural,Fine no high winds,No,16 - 20,8,Urban area,9,1343,None,Central crash barrier,Journey as part of work,Not at or within 20 metres of junction,KIA,RIO LX,Petrol,Male,Skidded,No tow/articulation,Offside on to central reservation,0,Going ahead other,2,Car,No,Nearside,2010
201050AC3D003,C,288,C,27,Slight,None,01-02-2010,Monday,1,Give way or uncontrolled,T or staggered junction,50.233,Daylight,166350,42150,-5.277741,E01018890,1,3,0,0,Wet or damp,Single carriageway,None,40,09:50:00,Rural,Fine no high winds,No,16 - 20,8,Rural,3,1686,None,None,Journey as part of work,Approaching junction or waiting/parked at junction approach,VAUXHALL,COMBO 1700 DTI,Heavy oil,Male,Skidded,No tow/articulation,Did not leave carriageway,0,Going ahead other,1,Van / Goods 3.5 tonnes mgw or under,No,Front,2010
201050AC3D007,C,288,Unclassified,0,Slight,None,20-04-2010,Tuesday,1,Give way or uncontrolled,T or staggered junction,50.234625,Daylight,165240,42380,-5.293421,E01018891,2,2,0,0,Dry,Single carriageway,None,30,18:25:00,Rural,Fine no high winds,No,16 - 20,8,Rural,4,1360,None,None,Commuting to/from work,Leaving main road,CITROEN,SAXO FURIO,Petrol,Male,None,No tow/articulation,Did not leave carriageway,0,Waiting to turn right,1,Car,No,Front,2010
201050AC3F006,A,393,C,73,Slight,None,10-05-2010,Monday,2,Give way or uncontrolled,Roundabout,50.234501,Daylight,170640,42130,-5.217674,E01018912,1,2,0,0,Dry,Single carriageway,None,30,09:00:00,Rural,Fine no high winds,No,16 - 20,8,Data missing or out of range,NA,124,None,None,Other/Not known (2005-10),Approaching junction or waiting/parked at junction approach,HONDA,CG125,Petrol,Male,None,No tow/articulation,Did not leave carriageway,0,Going ahead other,1,Motorcycle 125cc and under,No,Front,2010
201050BU2B003,A,39,NA,0,Slight,None,12-03-2010,Friday,1,Not at junction or within 20 metres,Not at junction or within 20 metres,50.863538,Daylight,224450,110090,-4.496013,E01018943,1,2,0,0,Dry,Single carriageway,None,60,23:10:00,Rural,Fine no high winds,No,16 - 20,8,Data missing or out of range,NA,1343,None,Other permanent object,Other/Not known (2005-10),Not at or within 20 metres of junction,KIA,RIO L,Petrol,Male,Skidded and overturned,No tow/articulation,Nearside and rebounded,0,Going ahead other,2,Car,No,Front,2010
201050DE2A013,Unclassified,0,Unclassified,0,Slight,None,29-09-2010,Wednesday,1,Give way or uncontrolled,Other junction,50.732251,Daylight,290140,93680,-3.558103,E01019982,1,2,0,0,Dry,Single carriageway,None,30,15:21:00,Urban,Fine no high winds,No,16 - 20,8,Urban area,4,49,Parked vehicle,None,Other/Not known (2005-10),Cleared junction or waiting/parked at junction exit,PIAGGIO,NRG,Petrol,Male,None,No tow/articulation,Did not leave carriageway,0,Going ahead left-hand bend,1,Motorcycle 50cc and under,No,Front,2010
201050DE2Q005,A,3015,Motorway,5,Slight,None,26-03-2010,Friday,1,Auto traffic signal,Crossroads,50.707811,Daylight,295560,90850,-3.480528,E01020028,3,2,0,0,Wet or damp,Dual carriageway,None,40,08:40:00,Rural,Fine no high winds,No,16 - 20,8,Small town,5,1299,None,None,Other/Not known (2005-10),Mid Junction - on roundabout or on main road,FORD,KA STYLE,Petrol,Male,None,No tow/articulation,Did not leave carriageway,0,Going ahead other,2,Car,No,Front,2010
201050ED20013,A,386,NA,0,Slight,None,13-07-2010,Tuesday,1,Not at junction or within 20 metres,Not at junction or within 20 metres,50.399088,Daylight,248170,57660,-4.137732,E01015101,1,2,0,0,Dry,Dual carriageway,None,40,16:00:00,Urban,Fine no high winds,No,16 - 20,8,Rural,7,1124,None,None,Other/Not known (2005-10),Not at or within 20 metres of junction,CITROEN,SAXO FORTE,Petrol,Male,None,No tow/articulation,Did not leave carriageway,0,Going ahead other,1,Car,No,Front,2010
201050ED2I014,Unclassified,0,Unclassified,0,Slight,None,12-08-2010,Thursday,2,Give way or uncontrolled,T or staggered junction,50.384123,Daylight,245580,56070,-4.173494,E01015167,1,2,0,0,Dry,Single carriageway,None,30,15:45:00,Urban,Fine no high winds,No,16 - 20,8,Data missing or out of range,NA,49,None,None,Other/Not known (2005-10),Approaching junction or waiting/parked at junction approach,HONDA,SZX50S-1,Petrol,Male,None,No tow/articulation,Did not leave carriageway,0,Going ahead other,1,Motorcycle 50cc and under,No,Front,2010
201050EL2R017,A,386,Unclassified,0,Slight,None,25-09-2010,Saturday,1,Give way or uncontrolled,Roundabout,50.433408,Daylight,250230,61420,-4.110269,E01015097,1,1,0,0,Dry,Roundabout,None,40,14:10:00,Urban,Fine no high winds,No,16 - 20,8,Urban area,3,899,None,None,Other/Not known (2005-10),Leaving roundabout,KAWASAKI,ZX900-E2,Petrol,Male,None,No tow/articulation,Nearside,0,Going ahead other,1,Motorcycle over 500cc,No,Offside,2010
201050EP2A004,B,3417,Unclassified,0,Slight,None,21-05-2010,Friday,1,Give way or uncontrolled,T or staggered junction,50.394437,Daylight,255020,56950,-4.04114,E01015124,1,2,0,0,Dry,Single carriageway,None,30,16:45:00,Urban,Fine no high winds,No,16 - 20,8,Data missing or out of range,NA,1199,None,None,Other/Not known (2005-10),Approaching junction or waiting/parked at junction approach,VAUXHALL,CORSA COMFORT 16V,Petrol,Male,Skidded,No tow/articulation,Did not leave carriageway,0,Going ahead left-hand bend,1,Car,No,Front,2010
201050FT2L014,Unclassified,0,Unclassified,0,Slight,None,07-09-2010,Tuesday,1,Give way or uncontrolled,T or staggered junction,50.459064,Daylight,290200,63290,-3.548263,E01015208,1,2,0,0,Wet or damp,Single carriageway,None,60,08:28:00,Urban,Fine no high winds,No,16 - 20,8,Urban area,6,1753,None,None,Taking pupil to/from school,Approaching junction or waiting/parked at junction approach,FORD,FIESTA FREESTYLE TD DI,Heavy oil,Male,None,No tow/articulation,Did not leave carriageway,0,Slowing or stopping,2,Car,No,Front,2010
201050GN2A009,C,746,Unclassified,0,Slight,None,15-04-2010,Thursday,2,Give way or uncontrolled,T or staggered junction,50.411245,Daylight,180600,61390,-5.089427,E01019028,1,2,0,0,Dry,Single carriageway,None,30,10:50:00,Urban,Fine no high winds,No,16 - 20,8,Rural,4,49,None,None,Other/Not known (2005-10),Approaching junction or waiting/parked at junction approach,PEUGEOT,SPEEDFIGHT,Petrol,Male,None,No tow/articulation,Did not leave carriageway,0,Going ahead other,1,Motorcycle 50cc and under,No,Front,2010
201050GP2I010,Unclassified,0,NA,0,Slight,None,05-07-2010,Monday,1,Not at junction or within 20 metres,Not at junction or within 20 metres,50.158222,Daylight,179520,33260,-5.088199,E01018860,1,1,0,0,Dry,Single carriageway,None,30,17:32:00,Urban,Fine no high winds,No,16 - 20,8,Rural,8,1299,None,None,Other/Not known (2005-10),Not at or within 20 metres of junction,FORD,KA STYLE,Petrol,Male,None,No tow/articulation,Did not leave carriageway,0,Going ahead other,1,Car,No,Offside,2010
201050GP2J001,C,291,NA,0,Slight,None,10-02-2010,Wednesday,1,Not at junction or within 20 metres,Not at junction or within 20 metres,50.220312,Daylight,175080,40360,-5.154463,E01018829,2,1,0,0,Wet or damp,Single carriageway,None,60,21:45:00,Rural,Fine no high winds,No,16 - 20,8,Rural,4,1896,None,None,Other/Not known (2005-10),Not at or within 20 metres of junction,VOLKSWAGEN,GOLF SE TDI,Heavy oil,Male,Skidded,No tow/articulation,Did not leave carriageway,0,Going ahead right-hand bend,1,Car,No,Nearside,2010
201054DE02610,Unclassified,0,NA,0,Slight,None,28-01-2010,Thursday,1,Not at junction or within 20 metres,Not at junction or within 20 metres,51.522383,Daylight,417370,180420,-1.751046,E01015583,3,2,0,0,Wet or damp,Single carriageway,None,30,11:33:00,Rural,Fine no high winds,No,16 - 20,8,Small town,8,2402,None,Other permanent object,Journey as part of work,Not at or within 20 metres of junction,FORD,TRANSIT 300 SWB TD,Heavy oil,Male,None,No tow/articulation,Nearside,0,Going ahead other,2,Van / Goods 3.5 tonnes mgw or under,No,Nearside,2010
201054DW29110,C,404,NA,0,Slight,None,21-09-2010,Tuesday,1,Not at junction or within 20 metres,Not at junction or within 20 metres,51.573345,Daylight,414900,186080,-1.786409,E01015508,1,1,0,0,Dry,Single carriageway,None,30,18:20:00,Urban,Fine no high winds,No,16 - 20,8,Urban area,9,49,None,None,Other/Not known (2005-10),Not at or within 20 metres of junction,PIAGGIO,NRG,Petrol,Male,None,No tow/articulation,Did not leave carriageway,0,Going ahead other,1,Motorcycle 50cc and under,No,Did not impact,2010
201054EW12610,C,65,C,334,Slight,None,23-04-2010,Friday,1,Give way or uncontrolled,T or staggered junction,50.990768,Daylight,400760,121270,-1.990564,E01031990,2,2,0,0,Dry,Single carriageway,None,60,08:50:00,Rural,Fine no high winds,No,16 - 20,8,Rural,7,124,None,None,Other/Not known (2005-10),Mid Junction - on roundabout or on main road,SUZUKI,GZ 125 K2,Petrol,Male,None,No tow/articulation,Did not leave carriageway,0,Going ahead other,2,Motorcycle 125cc and under,No,Front,2010
201054MA02110,Motorway,4,NA,0,Slight,None,04-05-2010,Tuesday,1,Not at junction or within 20 metres,Not at junction or within 20 metres,51.516925,Daylight,380890,179820,-2.276819,E01031950,3,2,0,0,Dry,Dual carriageway,None,70,16:20:00,Rural,Fine no high winds,No,16 - 20,8,Urban area,2,1299,None,Central crash barrier,Other/Not known (2005-10),Not at or within 20 metres of junction,FORD,KA,Petrol,Male,Skidded and overturned,No tow/articulation,Offside on to centrl res + rebounded,0,Going ahead other,1,Car,No,Offside,2010
20105500D0521,C,5,Unclassified,0,Slight,None,09-02-2010,Tuesday,1,Give way or uncontrolled,T or staggered junction,50.756595,Daylight,397530,95230,-2.036403,E01020472,3,2,0,0,Dry,Single carriageway,None,40,10:23:00,Rural,Fine no high winds,No,16 - 20,8,Urban area,8,1199,None,Other permanent object,Other/Not known (2005-10),Approaching junction or waiting/parked at junction approach,VAUXHALL,CORSA CLUB 16V,Petrol,Male,Skidded,No tow/articulation,Nearside,0,Going ahead other,1,Car,No,Front,2010
2010550C21618,C,308,C,321,Slight,None,26-05-2010,Wednesday,2,Auto traffic signal,T or staggered junction,50.750691,Daylight,408750,94580,-1.877353,E01015356,2,2,0,5,Dry,Single carriageway,None,30,15:45:00,Urban,Fine no high winds,No,16 - 20,8,Urban area,9,49,None,None,Other/Not known (2005-10),Approaching junction or waiting/parked at junction approach,PEUGEOT,VIVACITY 50,Petrol,Male,None,No tow/articulation,Did not leave carriageway,0,Slowing or stopping,2,Motorcycle 50cc and under,No,Front,2010
2010550C30949,A,3049,A,350,Slight,None,15-07-2010,Thursday,2,Give way or uncontrolled,Roundabout,50.736097,Daylight,400460,92950,-1.994867,E01015421,1,2,0,0,Dry,Roundabout,None,30,16:00:00,Rural,Fine no high winds,No,16 - 20,8,Urban area,7,1199,None,None,Other/Not known (2005-10),Entering roundabout,VAUXHALL,CORSA COMFORT 16V,Petrol,Male,None,No tow/articulation,Did not leave carriageway,0,Going ahead other,2,Car,No,Nearside,2010
2010550D23333,C,113,NA,0,Slight,None,05-06-2010,Saturday,1,Not at junction or within 20 metres,Not at junction or within 20 metres,50.634038,Daylight,386070,81620,-2.198354,E01020489,1,2,0,0,Dry,Single carriageway,None,60,20:04:00,Rural,Fine no high winds,No,16 - 20,8,Rural,6,1587,None,None,Other/Not known (2005-10),Not at or within 20 metres of junction,CITROEN,SAXO VTR,Petrol,Male,None,No tow/articulation,Did not leave carriageway,0,Going ahead left-hand bend,2,Car,No,Front,2010
2010550D25448,C,901,Unclassified,0,Slight,None,17-06-2010,Thursday,1,Give way or uncontrolled,T or staggered junction,50.608418,Daylight,366480,78860,-2.475102,E01020577,1,3,0,0,Dry,Single carriageway,None,30,18:00:00,Urban,Fine no high winds,No,16 - 20,8,Urban area,4,1590,None,None,Other/Not known (2005-10),Cleared junction or waiting/parked at junction exit,HONDA,CIVIC VTEC SE SPORT,Petrol,Male,None,No tow/articulation,Did not leave carriageway,0,Turning right,1,Car,No,Front,2010
201060L028314,A,547,Unclassified,0,Slight,None,18-02-2010,Thursday,1,Give way or uncontrolled,T or staggered junction,53.291278,Daylight,285340,378530,-3.721653,W01000144,1,3,0,4,Dry,Single carriageway,None,30,12:00:00,Urban,Fine no high winds,No,16 - 20,8,Urban area,NA,1587,None,None,Other/Not known (2005-10),Approaching junction or waiting/parked at junction approach,CITROEN,SAXO VTR,Petrol,Male,None,No tow/articulation,Did not leave carriageway,0,Slowing or stopping,3,Car,No,Front,2010
201060L029671,A,5152,Unclassified,0,Slight,None,20-02-2010,Saturday,1,Give way or uncontrolled,T or staggered junction,53.033837,Daylight,332040,348990,-3.014916,W01000367,2,2,0,0,Dry,Single carriageway,None,30,16:30:00,Urban,Fine no high winds,No,16 - 20,8,Rural,NA,1686,None,None,Other/Not known (2005-10),Approaching junction or waiting/parked at junction approach,VAUXHALL,ASTRA CLUB DTI,Heavy oil,Male,Skidded,No tow/articulation,Did not leave carriageway,0,Going ahead other,2,Car,No,Front,2010
201060L082771,Unclassified,0,Unclassified,0,Slight,None,12-05-2010,Wednesday,2,Give way or uncontrolled,T or staggered junction,53.040787,Daylight,338200,349680,-2.923201,W01000383,1,2,0,0,Dry,Single carriageway,None,40,18:20:00,Rural,Fine no high winds,No,16 - 20,8,Urban area,NA,49,None,None,Journey as part of work,Mid Junction - on roundabout or on main road,SUZUKI,TS 50 ERKX,Petrol,Male,None,No tow/articulation,Did not leave carriageway,0,Turning right,2,Motorcycle 50cc and under,No,Offside,2010
201060L091159,Unclassified,0,Unclassified,0,Slight,None,24-05-2010,Monday,1,Give way or uncontrolled,T or staggered junction,53.151481,Daylight,253510,363840,-4.192089,W01000087,1,2,0,0,Dry,Single carriageway,None,30,15:10:00,Rural,Fine no high winds,No,16 - 20,8,Rural,NA,49,None,None,Other/Not known (2005-10),Approaching junction or waiting/parked at junction approach,APRILIA,,Petrol,Male,None,No tow/articulation,Did not leave carriageway,0,Waiting to go - held up,2,Motorcycle 50cc and under,No,Nearside,2010
201060L100646,B,4412,NA,0,Slight,None,06-06-2010,Sunday,1,Data missing or out of range,Not at junction or within 20 metres,52.924663,Daylight,229750,339370,-4.534117,W01000095,4,2,0,0,Dry,Single carriageway,None,60,15:18:00,Rural,Fine no high winds,No,16 - 20,8,Rural,NA,1398,None,None,Commuting to/from work,Not at or within 20 metres of junction,PEUGEOT,206 STYLE HDI,Heavy oil,Male,None,No tow/articulation,Did not leave carriageway,0,Going ahead other,1,Car,No,Offside,2010
201060L111879,A,542,NA,0,Slight,None,22-06-2010,Tuesday,1,Data missing or out of range,Not at junction or within 20 metres,53.01406,Daylight,318510,347000,-3.216135,W01000208,1,1,0,0,Dry,Single carriageway,None,60,18:00:00,Rural,Fine no high winds,No,16 - 20,8,Urban area,NA,125,None,None,Other/Not known (2005-10),Not at or within 20 metres of junction,HONDA,XL125V-2,Petrol,Male,Skidded,No tow/articulation,Did not leave carriageway,0,Going ahead left-hand bend,1,Motorcycle 125cc and under,No,Nearside,2010