Accident_Index,1st_Road_Class,1st_Road_Number,2nd_Road_Class,2nd_Road_Number,Accident_Severity,Carriageway_Hazards,Date,Day_of_Week,Did_Police_Officer_Attend_Scene_of_Accident,Junction_Control,Junction_Detail,Latitude,Light_Conditions,Location_Easting_OSGR,Location_Northing_OSGR,Longitude,LSOA_of_Accident_Location,Number_of_Casualties,Number_of_Vehicles,Pedestrian_Crossing-Human_Control,Pedestrian_Crossing-Physical_Facilities,Road_Surface_Conditions,Road_Type,Special_Conditions_at_Site,Speed_limit,Time,Urban_or_Rural_Area,Weather_Conditions,InScotland,Age_Band_of_Driver,Age_of_Vehicle,Driver_Home_Area_Type,Driver_IMD_Decile,Engine_Capacity_.CC.,Hit_Object_in_Carriageway,Hit_Object_off_Carriageway,Journey_Purpose_of_Driver,Junction_Location,make,model,Propulsion_Code,Sex_of_Driver,Skidding_and_Overturning,Towing_and_Articulation,Vehicle_Leaving_Carriageway,Vehicle_Location.Restricted_Lane,Vehicle_Manoeuvre,Vehicle_Reference,Vehicle_Type,Was_Vehicle_Left_Hand_Drive,X1st_Point_of_Impact,Year
201060L189345,Unclassified,0,NA,0,Slight,None,11-10-2010,Monday,1,Data missing or out of range,Not at junction or within 20 metres,53.335506,Daylight,311130,382900,-3.336096,W01000298,1,1,0,0,Dry,Single carriageway,None,30,07:45:00,Rural,Fine no high winds,No,16 - 20,8,Urban area,NA,2494,None,None,Commuting to/from work,Not at or within 20 metres of junction,TOYOTA,HIACE 280 GS,Heavy oil,Male,Skidded,No tow/articulation,Did not leave carriageway,0,Going ahead right-hand bend,1,Van / Goods 3.5 tonnes mgw or under,No,Front,2010
201001EO40594,A,5203,Unclassified,0,Slight,None,31-08-2010,Tuesday,1,Give way or uncontrolled,T or staggered junction,51.554488,Daylight,530580,185640,-0.117892,E01002767,1,2,0,0,Dry,Single carriageway,None,30,15:10:00,Urban,Fine no high winds,No,16 - 20,8,Urban area,2,101,None,None,Other/Not known (2005-10),Cleared junction or waiting/parked at junction exit,YAMAHA,YN 100,Petrol,Male,None,No tow/articulation,Did not leave carriageway,0,Going ahead other,2,Motorcycle 125cc and under,No,Front,2010
201001KD50471,A,118,Unclassified,0,Slight,None,21-08-2010,Saturday,1,Give way or uncontrolled,T or staggered junction,51.58184,Daylight,551640,189270,0.187225,E01002353,1,1,0,0,Dry,Single carriageway,None,30,15:53:00,Urban,Fine no high winds,No,16 - 20,8,Urban area,5,1596,None,None,Other/Not known (2005-10),Approaching junction or waiting/parked at junction approach,FORD,FOCUS GHIA AUTO,Petrol,Male,None,No tow/articulation,Did not leave carriageway,0,Turning right,1,Car,No,Front,2010
201001KF60615,A,116,NA,0,Slight,None,24-09-2010,Friday,1,Data missing or out of range,Not at junction or within 20 metres,51.554057,Daylight,542400,185910,0.052598,E01003590,1,1,0,0,Dry,Single carriageway,None,30,14:00:00,Urban,Fine no high winds,No,16 - 20,8,Urban area,7,599,None,None,Other/Not known (2005-10),Not at or within 20 metres of junction,MCC,SMART PASSION SOFTOUCH AUTO,Petrol,Male,None,No tow/articulation,Did not leave carriageway,0,Going ahead left-hand bend,1,Car,No,Offside,2010
201001KF60658,A,112,Unclassified,0,Slight,None,15-10-2010,Friday,1,Give way or uncontrolled,T or staggered junction,51.525321,Daylight,540890,182670,0.029536,E01003602,1,2,0,0,Dry,Single carriageway,None,30,17:56:00,Urban,Fine no high winds,No,16 - 20,8,Urban area,1,1198,None,None,Other/Not known (2005-10),Leaving main road,VOLKSWAGEN,POLO E,Petrol,Male,None,No tow/articulation,Did not leave carriageway,0,Turning right,1,Car,No,Offside,2010
201001LX50287,Unclassified,0,NA,0,Slight,Any animal in carriageway (except ridden horse),12-04-2010,Monday,1,Data missing or out of range,Not at junction or within 20 metres,51.476689,Daylight,531630,177010,-0.105976,E01003187,1,2,0,0,Dry,Single carriageway,None,30,07:47:00,Urban,Fine no high winds,No,16 - 20,8,Urban area,2,1598,Parked vehicle,None,Other/Not known (2005-10),Not at or within 20 metres of junction,MINI,MINI ONE,Petrol,Male,None,No tow/articulation,Did not leave carriageway,0,Going ahead other,1,Car,No,Front,2010
201001PY20228,A,214,Unclassified,0,Slight,None,17-04-2010,Saturday,1,Give way or uncontrolled,T or staggered junction,51.405566,Daylight,535230,169190,-0.057154,E01000699,1,1,0,4,Dry,Single carriageway,None,30,09:34:00,Urban,Fine no high winds,No,16 - 20,8,Urban area,6,1339,None,None,Other/Not known (2005-10),Cleared junction or waiting/parked at junction exit,HONDA,JAZZ SE,Petrol,Male,None,No tow/articulation,Did not leave carriageway,0,Going ahead other,1,Car,No,Front,2010
201001PY20289,Unclassified,0,Unclassified,0,Slight,None,15-05-2010,Saturday,1,Give way or uncontrolled,T or staggered junction,51.413737,Daylight,535260,170100,-0.056376,E01000796,1,2,0,0,Dry,Single carriageway,None,30,19:30:00,Urban,Fine no high winds,No,16 - 20,8,Urban area,9,1124,None,None,Other/Not known (2005-10),Mid Junction - on roundabout or on main road,PEUGEOT,106 XN ZEST 2,Petrol,Male,None,No tow/articulation,Did not leave carriageway,0,Going ahead other,1,Car,No,Front,2010
201001PY20571,A,224,C,0,Slight,None,30-09-2010,Thursday,1,Auto traffic signal,Crossroads,51.39607,Daylight,547040,168460,0.11222,E01000730,1,2,0,5,Dry,Single carriageway,None,30,13:10:00,Urban,Fine no high winds,No,16 - 20,8,Urban area,9,599,None,None,Journey as part of work,Approaching junction or waiting/parked at junction approach,MCC,SMART PULSE SOFTIP(RHD) S-A,Petrol,Male,None,No tow/articulation,Did not leave carriageway,0,Waiting to go - held up,2,Car,No,Back,2010
201001PY29008,Unclassified,0,NA,0,Slight,None,25-09-2010,Saturday,1,Data missing or out of range,Not at junction or within 20 metres,51.390121,Daylight,536680,167510,-0.036967,E01000769,1,2,0,0,Dry,Single carriageway,None,30,18:10:00,Urban,Fine no high winds,No,16 - 20,8,Urban area,4,49,None,None,Other/Not known (2005-10),Not at or within 20 metres of junction,APRILIA,,Petrol,Male,None,No tow/articulation,Did not leave carriageway,0,Going ahead other,2,Motorcycle 50cc and under,No,Front,2010
201001QK50134,Unclassified,0,NA,0,Slight,None,08-03-2010,Monday,1,Data missing or out of range,Not at junction or within 20 metres,51.551551,Daylight,521600,185090,-0.247545,E01000506,1,2,0,0,Dry,Single carriageway,None,30,12:50:00,Urban,Fine no high winds,No,16 - 20,8,Urban area,2,124,None,None,Other/Not known (2005-10),Not at or within 20 metres of junction,PIAGGIO,TYPHOON 125,Petrol,Male,None,No tow/articulation,Did not leave carriageway,0,Going ahead other,2,Motorcycle 125cc and under,No,Front,2010
201001QK50363,A,4000,NA,0,Slight,None,04-07-2010,Sunday,1,Data missing or out of range,Not at junction or within 20 metres,51.5375,Daylight,522160,183540,-0.240009,E01000533,1,2,0,0,Dry,Single carriageway,None,30,18:35:00,Urban,Fine no high winds,No,16 - 20,8,Urban area,1,124,None,None,Other/Not known (2005-10),Not at or within 20 metres of junction,PIAGGIO,NEW SKIPPER,Petrol,Male,None,No tow/articulation,Did not leave carriageway,0,Overtaking static vehicle - offside,1,Motorcycle over 125cc and up to 500cc,No,Nearside,2010
201001QK50384,A,406,NA,0,Slight,None,26-06-2010,Saturday,1,Data missing or out of range,Not at junction or within 20 metres,51.563395,Daylight,521270,186400,-0.25185,E01000627,1,2,0,0,Dry,Dual carriageway,None,40,19:05:00,Urban,Fine no high winds,No,16 - 20,8,Urban area,8,1998,None,None,Other/Not known (2005-10),Not at or within 20 metres of junction,TOYOTA,RAV4 NRG VVTI AUTO,Petrol,Male,None,No tow/articulation,Did not leave carriageway,0,Moving off,1,Car,No,Front,2010
201001RG40218,A,207,Unclassified,0,Slight,None,20-04-2010,Tuesday,2,Give way or uncontrolled,T or staggered junction,51.47509,Daylight,540890,177080,0.027305,E01001652,1,2,0,0,Dry,Single carriageway,None,30,18:00:00,Urban,Fine no high winds,No,16 - 20,8,Urban area,5,85,None,None,Other/Not known (2005-10),Approaching junction or waiting/parked at junction approach,HONDA,C90,Petrol,Male,None,No tow/articulation,Did not leave carriageway,0,Going ahead other,1,Motorcycle 125cc and under,No,Nearside,2010
201001RG40585,A,205,A,20,Slight,None,28-09-2010,Tuesday,1,Give way or uncontrolled,Roundabout,51.450136,Daylight,541140,174310,0.029797,E01001661,1,2,0,0,Dry,Dual carriageway,None,40,08:13:00,Urban,Fine no high winds,No,16 - 20,8,Urban area,3,49,None,None,Other/Not known (2005-10),Approaching junction or waiting/parked at junction approach,PEUGEOT,SPEEDFIGHT,Petrol,Male,None,No tow/articulation,Did not leave carriageway,0,Going ahead other,1,Motorcycle 50cc and under,No,Offside,2010
201001RY10153,A,2016,Unclassified,0,Slight,None,10-04-2010,Saturday,1,Give way or uncontrolled,Roundabout,51.488859,Daylight,550580,178890,0.167501,E01000408,1,1,0,0,Dry,Single carriageway,None,30,12:14:00,Urban,Fine no high winds,No,16 - 20,8,Urban area,3,1360,Kerb,Other permanent object,Other/Not known (2005-10),Cleared junction or waiting/parked at junction exit,PEUGEOT,206 LOOK,Petrol,Male,Skidded,No tow/articulation,Offside and rebounded,0,Turning left,1,Car,No,Front,2010
201001SX20257,A,41,NA,0,Slight,None,15-03-2010,Monday,1,Data missing or out of range,Not at junction or within 20 metres,51.633445,Daylight,517700,194110,-0.300745,E01000188,1,2,0,0,Dry,Dual carriageway,None,50,09:10:00,Rural,Fine no high winds,No,16 - 20,8,Urban area,9,1124,None,None,Other/Not known (2005-10),Not at or within 20 metres of junction,PEUGEOT,206 LOOK,Petrol,Male,None,No tow/articulation,Did not leave carriageway,0,Changing lane to right,1,Car,No,Offside,2010
201001TA00098,A,244,Unclassified,0,Slight,None,13-05-2010,Thursday,1,Give way or uncontrolled,Private drive or entrance,51.443371,Daylight,510480,172800,-0.411706,E01002614,1,1,0,1,Dry,Single carriageway,None,20,15:13:00,Urban,Fine no high winds,No,16 - 20,8,Data missing or out of range,NA,973,None,None,Other/Not known (2005-10),Approaching junction or waiting/parked at junction approach,VAUXHALL,CORSA COMFORT 12V,Petrol,Male,None,No tow/articulation,Did not leave carriageway,0,Waiting to go - held up,1,Car,No,Offside,2010
201001TW60289,A,306,Unclassified,0,Slight,None,10-09-2010,Friday,1,Give way or uncontrolled,T or staggered junction,51.468255,Daylight,522350,175840,-0.23994,E01003852,1,2,0,0,Dry,Single carriageway,None,30,13:16:00,Urban,Fine no high winds,No,16 - 20,8,Urban area,10,1298,Kerb,None,Other/Not known (2005-10),Mid Junction - on roundabout or on main road,SUZUKI,WAGON R+ SPECIAL,Petrol,Male,None,No tow/articulation,Did not leave carriageway,0,Turning right,1,Car,No,Offside,2010
201001TX20408,Unclassified,0,Unclassified,0,Slight,None,20-05-2010,Thursday,1,Give way or uncontrolled,Roundabout,51.436927,Daylight,510800,172090,-0.407325,E01002614,1,2,0,0,Dry,Roundabout,None,30,13:04:00,Urban,Fine no high winds,No,16 - 20,8,Urban area,10,1199,None,None,Other/Not known (2005-10),Mid Junction - on roundabout or on main road,VAUXHALL,CORSA CLUB 16V,Petrol,Male,None,No tow/articulation,Did not leave carriageway,0,Turning right,1,Car,No,Nearside,2010
201001VK30035,A,307,Unclassified,0,Slight,None,07-02-2010,Sunday,1,Give way or uncontrolled,T or staggered junction,51.400739,Daylight,517770,168220,-0.308378,E01002965,1,2,0,0,Dry,Single carriageway,None,30,10:30:00,Urban,Fine no high winds,No,16 - 20,8,Urban area,8,124,None,None,Other/Not known (2005-10),Mid Junction - on roundabout or on main road,PIAGGIO,VESPA ET4,Petrol,Male,Skidded,No tow/articulation,Did not leave carriageway,0,Slowing or stopping,2,Motorcycle 125cc and under,No,Front,2010
201001VK30272,A,2043,Unclassified,0,Slight,None,30-08-2010,Monday,1,Give way or uncontrolled,T or staggered junction,51.384895,Daylight,521730,166550,-0.252051,E01002978,1,3,0,0,Dry,Single carriageway,None,30,16:15:00,Urban,Fine no high winds,No,16 - 20,8,Urban area,8,1124,None,None,Other/Not known (2005-10),Approaching junction or waiting/parked at junction approach,CITROEN,SAXO FORTE,Petrol,Male,None,No tow/articulation,Did not leave carriageway,0,Going ahead other,1,Car,No,Front,2010
201001XD80255,B,455,NA,0,Slight,None,12-04-2010,Monday,1,Data missing or out of range,Not at junction or within 20 metres,51.51131,Daylight,517670,180520,-0.305726,E01001221,2,2,0,0,Dry,One way street,None,30,16:11:00,Urban,Fine no high winds,No,16 - 20,8,Urban area,6,1360,None,None,Other/Not known (2005-10),Not at or within 20 metres of junction,PEUGEOT,206 LOOK,Petrol,Male,None,No tow/articulation,Did not leave carriageway,0,Waiting to go - held up,2,Car,No,Back,2010
201001XH30340,C,0,Unclassified,0,Slight,None,12-05-2010,Wednesday,1,Give way or uncontrolled,Private drive or entrance,51.529919,Daylight,507730,182370,-0.448343,E01002410,1,2,0,0,Dry,Single carriageway,None,30,07:25:00,Urban,Fine no high winds,No,16 - 20,8,Urban area,9,49,None,None,Other/Not known (2005-10),Mid Junction - on roundabout or on main road,PEUGEOT,VIVACITY 50,Petrol,Male,None,No tow/articulation,Did not leave carriageway,0,Turning right,2,Motorcycle 50cc and under,No,Front,2010
201001XH30755,A,408,Unclassified,0,Slight,None,25-10-2010,Monday,1,Give way or uncontrolled,Roundabout,51.517784,Daylight,506790,181000,-0.462304,E01002553,3,4,0,0,Dry,Single carriageway,None,30,16:07:00,Urban,Fine no high winds,No,16 - 20,8,Urban area,4,1596,None,None,Other/Not known (2005-10),Approaching junction or waiting/parked at junction approach,FORD,FOCUS FLIGHT,Petrol,Male,Skidded,No tow/articulation,Did not leave carriageway,0,Slowing or stopping,4,Car,No,Front,2010
201001YE80351,A,110,NA,0,Slight,None,15-05-2010,Saturday,1,Data missing or out of range,Not at junction or within 20 metres,51.648744,Daylight,534830,196240,-0.052555,E01001511,1,3,0,0,Dry,Dual carriageway,None,30,16:40:00,Urban,Fine no high winds,No,16 - 20,8,Urban area,1,973,None,None,Other/Not known (2005-10),Not at or within 20 metres of junction,VAUXHALL,CORSA CLUB 12V,Petrol,Male,None,No tow/articulation,Did not leave carriageway,0,Going ahead other,3,Car,No,Front,2010
201001YE80638,A,406,NA,0,Slight,None,24-08-2010,Tuesday,1,Data missing or out of range,Not at junction or within 20 metres,51.613779,Daylight,534490,192340,-0.058963,E01001559,1,1,0,0,Dry,Dual carriageway,None,40,18:58:00,Urban,Fine no high winds,No,16 - 20,8,Urban area,3,1997,Kerb,Bus stop or bus shelter,Other/Not known (2005-10),Not at or within 20 metres of junction,PEUGEOT,206 GLX HDI,Heavy oil,Male,None,No tow/articulation,Nearside,0,Going ahead other,1,Car,No,Front,2010
201001YE80808,A,110,NA,0,Slight,None,16-11-2010,Tuesday,1,Data missing or out of range,Not at junction or within 20 metres,51.648974,Daylight,534620,196260,-0.055581,E01001511,1,2,0,0,Dry,Single carriageway,None,30,17:36:00,Urban,Fine no high winds,No,16 - 20,8,Urban area,2,49,None,None,Other/Not known (2005-10),Not at or within 20 metres of junction,PEUGEOT,SPEEDFIGHT,Petrol,Male,None,No tow/articulation,Did not leave carriageway,0,Overtaking - nearside,2,Motorcycle 125cc and under,No,Front,2010
201001YE80875,Unclassified,0,Unclassified,0,Slight,None,07-12-2010,Tuesday,1,Give way or uncontrolled,T or staggered junction,51.662061,Daylight,532490,197660,-0.08582,E01001541,1,1,0,0,Dry,Single carriageway,None,30,11:20:00,Urban,Fine no high winds,No,16 - 20,8,Urban area,10,1999,None,None,Other/Not known (2005-10),Approaching junction or waiting/parked at junction approach,FORD,MONDEO LX AUTO,Petrol,Male,None,No tow/articulation,Did not leave carriageway,0,Going ahead other,1,Car,No,Front,2010
201001ZD30895,A,2022,A,212,Slight,None,14-10-2010,Thursday,1,Give way or uncontrolled,Roundabout,51.353259,Daylight,536750,163410,-0.037537,E01001064,1,5,0,0,Dry,Single carriageway,None,30,11:56:00,Rural,Fine no high winds,No,16 - 20,8,Urban area,9,1149,None,None,Other/Not known (2005-10),Approaching junction or waiting/parked at junction approach,RENAULT,CLIO AUTHENTIQUE,Petrol,Male,None,No tow/articulation,Did not leave carriageway,0,Turning right,3,Car,No,Nearside,2010
201001ZD31046,A,236,Unclassified,0,Slight,None,14-12-2010,Tuesday,1,Give way or uncontrolled,T or staggered junction,51.387731,Daylight,530410,167080,-0.127187,E01001007,1,2,0,0,Wet or damp,Single carriageway,None,40,11:00:00,Urban,Fine no high winds,No,16 - 20,8,Urban area,4,1149,None,None,Other/Not known (2005-10),Approaching junction or waiting/parked at junction approach,RENAULT,CLIO EXPRESSION 16V,Petrol,Male,None,No tow/articulation,Did not leave carriageway,0,Going ahead other,1,Car,No,Front,2010
201004AM10179,Unclassified,0,Unclassified,0,Slight,None,21-10-2010,Thursday,1,Give way or uncontrolled,T or staggered junction,53.780182,Daylight,333740,432010,-3.007039,E01012731,2,2,0,0,Dry,Single carriageway,None,30,14:00:00,Rural,Fine no high winds,No,16 - 20,8,Urban area,8,1124,None,None,Commuting to/from work,Entering main road,CITROEN,SAXO FORTE,Petrol,Male,None,No tow/articulation,Nearside,0,Going ahead other,1,Car,No,Offside,2010
201004AN10100,Unclassified,0,Unclassified,0,Slight,None,08-09-2010,Wednesday,1,Give way or uncontrolled,T or staggered junction,53.861213,Daylight,331440,441060,-3.043957,E01012718,3,2,0,0,Dry,Single carriageway,None,30,17:00:00,Urban,Fine no high winds,No,16 - 20,8,Urban area,5,1124,None,None,Other/Not known (2005-10),Approaching junction or waiting/parked at junction approach,PEUGEOT,106 XN ZEST 2,Petrol,Male,None,No tow/articulation,Nearside,0,Turning right,2,Car,No,Nearside,2010
201004AN10116,Unclassified,0,NA,0,Slight,None,21-10-2010,Thursday,1,Data missing or out of range,Not at junction or within 20 metres,53.853769,Daylight,332930,440210,-3.021119,E01012704,1,4,0,0,Dry,Single carriageway,None,30,15:23:00,Urban,Fine no high winds,No,16 - 20,8,Urban area,1,1396,None,None,Journey as part of work,Not at or within 20 metres of junction,ROVER,25 IMPRESSION,Petrol,Male,None,No tow/articulation,Did not leave carriageway,0,Going ahead other,1,Car,No,Front,2010
201004BC10175,B,5268,NA,0,Slight,None,17-08-2010,Tuesday,1,Data missing or out of range,Not at junction or within 20 metres,53.880018,Daylight,333690,443120,-3.010197,E01025541,1,4,0,0,Dry,Single carriageway,None,30,14:05:00,Urban,Fine no high winds,No,16 - 20,8,Urban area,4,1124,Parked vehicle,None,Other/Not known (2005-10),Not at or within 20 metres of junction,PEUGEOT,106 INDEPENDENCE,Petrol,Male,Overturned,No tow/articulation,Did not leave carriageway,0,Going ahead other,1,Car,No,Front,2010
201004CK10084,A,570,NA,0,Slight,None,22-05-2010,Saturday,1,Data missing or out of range,Not at junction or within 20 metres,53.628525,Daylight,336240,415100,-2.96562,E01025514,1,4,0,0,Dry,Single carriageway,None,40,15:10:00,Urban,Fine no high winds,No,16 - 20,8,Urban area,9,1242,None,None,Other/Not known (2005-10),Not at or within 20 metres of junction,FIAT,PUNTO DYNAMIC,Petrol,Male,None,No tow/articulation,Did not leave carriageway,0,Slowing or stopping,2,Car,No,Back,2010
201004CK10183,A,570,NA,0,Slight,None,07-10-2010,Thursday,1,Data missing or out of range,Not at junction or within 20 metres,53.618079,Daylight,337560,413920,-2.945425,E01025514,1,2,0,0,Dry,Single carriageway,None,40,08:35:00,Rural,Fine no high winds,No,16 - 20,8,Rural,4,49,None,None,Other/Not known (2005-10),Not at or within 20 metres of junction,APRILIA,,Petrol,Male,None,No tow/articulation,Offside,0,Going ahead other,1,Motorcycle 50cc and under,No,Nearside,2010
201004CL10112,B,5248,A,49,Slight,None,19-11-2010,Friday,1,Auto traffic signal,T or staggered junction,53.687678,Daylight,355460,421460,-2.675927,E01025432,1,2,0,0,Dry,Single carriageway,None,50,13:07:00,Rural,Fine no high winds,No,16 - 20,8,Urban area,4,1124,None,None,Commuting to/from work,Cleared junction or waiting/parked at junction exit,PEUGEOT,106 INDEPENDENCE,Petrol,Male,None,No tow/articulation,Did not leave carriageway,0,Going ahead other,1,Car,No,Offside,2010
201004CM10140,A,6,NA,0,Slight,None,06-09-2010,Monday,1,Data missing or out of range,Not at junction or within 20 metres,53.719751,Daylight,356370,425020,-2.662651,E01025401,1,1,0,0,Dry,Dual carriageway,None,40,13:15:00,Rural,Fine no high winds,No,16 - 20,8,Urban area,7,124,None,None,Other/Not known (2005-10),Not at or within 20 metres of junction,HONDA,,Petrol,Male,None,No tow/articulation,Did not leave carriageway,0,Going ahead right-hand bend,1,Motorcycle 125cc and under,No,Front,2010
201004DA10039,Unclassified,0,Unclassified,0,Slight,None,13-05-2010,Thursday,1,Stop sign,Other junction,53.755689,Daylight,354130,429040,-2.697191,E01025306,6,2,0,0,Dry,Single carriageway,None,30,18:50:00,Urban,Fine no high winds,No,16 - 20,8,Urban area,4,973,None,None,Pupil riding to/from school,Mid Junction - on roundabout or on main road,VAUXHALL,CORSA LIFE 12V,Petrol,Male,None,No tow/articulation,Did not leave carriageway,0,Going ahead other,2,Taxi/Private hire car,No,Nearside,2010
201004DL10075,Unclassified,0,Unclassified,0,Slight,None,01-07-2010,Thursday,1,Give way or uncontrolled,T or staggered junction,53.775449,Daylight,352990,431250,-2.714817,E01025308,1,2,0,0,Dry,Single carriageway,None,30,18:45:00,Urban,Fine no high winds,No,16 - 20,8,Urban area,9,973,None,Other permanent object,Other/Not known (2005-10),Entering main road,VAUXHALL,CORSA CLUB 12V,Petrol,Male,None,No tow/articulation,Offside,0,Going ahead other,1,Car,No,Offside,2010
201004DR10053,Unclassified,0,Unclassified,0,Slight,None,30-06-2010,Wednesday,1,Give way or uncontrolled,T or staggered junction,53.792104,Daylight,353300,433100,-2.710394,E01025299,3,2,0,0,Dry,Single carriageway,None,30,19:10:00,Urban,Fine no high winds,No,16 - 20,8,Urban area,8,1149,None,None,Other/Not known (2005-10),Entering main road,RENAULT,CLIO EXPRESSION 16V,Petrol,Male,None,No tow/articulation,Did not leave carriageway,0,U-turn,1,Car,No,Front,2010
201004DR10064,Unclassified,0,NA,0,Slight,None,25-07-2010,Sunday,1,Data missing or out of range,Not at junction or within 20 metres,53.859348,Daylight,356610,440550,-2.661205,E01025279,2,2,0,0,Dry,Single carriageway,None,60,15:30:00,Rural,Fine no high winds,No,16 - 20,8,Rural,8,1299,None,None,Other/Not known (2005-10),Not at or within 20 metres of junction,FORD,KA,Petrol,Male,Skidded,No tow/articulation,Did not leave carriageway,0,Going ahead other,1,Car,No,Front,2010
201004EA10156,A,666,Unclassified,0,Slight,None,21-06-2010,Monday,1,Auto traffic signal,T or staggered junction,53.743712,Daylight,368270,427590,-2.482591,E01012655,1,2,0,5,Dry,One way street,None,30,11:25:00,Urban,Fine no high winds,No,16 - 20,8,Urban area,10,973,None,None,Other/Not known (2005-10),Approaching junction or waiting/parked at junction approach,VAUXHALL,CORSA LIFE 12V,Petrol,Male,None,No tow/articulation,Did not leave carriageway,0,Going ahead other,2,Car,No,Back,2010
201004EN10024,A,59,NA,0,Slight,None,27-02-2010,Saturday,1,Data missing or out of range,Not at junction or within 20 metres,53.797567,Daylight,367110,433590,-2.50082,E01025323,1,2,0,0,Dry,Single carriageway,None,40,13:30:00,Rural,Fine no high winds,No,16 - 20,8,Rural,8,1896,None,None,Other/Not known (2005-10),Not at or within 20 metres of junction,VOLKSWAGEN,GOLF GT TDI,Heavy oil,Male,None,No tow/articulation,Did not leave carriageway,0,Slowing or stopping,1,Car,No,Front,2010
201004EN10045,A,671,NA,0,Slight,None,04-05-2010,Tuesday,1,Data missing or out of range,Not at junction or within 20 metres,53.879076,Daylight,374960,442610,-2.382383,E01025347,1,2,0,0,Dry,Single carriageway,None,30,19:05:00,Urban,Fine no high winds,No,16 - 20,8,Urban area,8,1149,None,None,Other/Not known (2005-10),Not at or within 20 metres of junction,RENAULT,CLIO DYNAMIQUE 16V,Petrol,Male,None,No tow/articulation,Did not leave carriageway,0,Waiting to turn right,2,Car,No,Back,2010
201004FB10054,Unclassified,0,Unclassified,0,Slight,None,31-08-2010,Tuesday,1,Give way or uncontrolled,Crossroads,53.785635,Daylight,382320,432180,-2.269825,E01024900,2,2,0,0,Dry,Single carriageway,None,30,19:25:00,Urban,Fine no high winds,No,16 - 20,8,Urban area,1,2402,None,None,Other/Not known (2005-10),Mid Junction - on roundabout or on main road,FORD,TRANSIT 350 MWB TD,Heavy oil,Male,None,No tow/articulation,Did not leave carriageway,0,Going ahead other,1,Van / Goods 3.5 tonnes mgw or under,No,Front,2010
201004FG10045,A,6068,Unclassified,0,Slight,None,02-06-2010,Wednesday,1,Give way or uncontrolled,T or staggered junction,53.840809,Daylight,384740,438310,-2.233401,E01025174,3,2,0,0,Dry,Dual carriageway,None,50,16:35:00,Urban,Fine no high winds,No,16 - 20,8,Urban area,1,1686,None,None,Other/Not known (2005-10),Entering main road,VAUXHALL,ASTRA LS DTI 16V ECO,Heavy oil,Male,None,No tow/articulation,Did not leave carriageway,0,Going ahead other,1,Car,No,Offside,2010
201005BB05053,A,566,NA,0,Slight,None,31-08-2010,Tuesday,2,Data missing or out of range,Not at junction or within 20 metres,53.46003,Daylight,333470,396390,-3.003514,E01007003,1,2,0,0,Dry,Single carriageway,None,30,14:50:00,Urban,Fine no high winds,No,16 - 20,8,Urban area,1,100,None,None,Other/Not known (2005-10),Not at or within 20 metres of junction,PEUGEOT,VIVACITY 100,Petrol,Male,None,No tow/articulation,Did not leave carriageway,0,Going ahead other,2,Motorcycle 125cc and under,No,Front,2010
201005CC02063,Unclassified,0,Unclassified,0,Slight,None,05-03-2010,Friday,1,Give way or uncontrolled,T or staggered junction,53.490778,Daylight,340300,399720,-2.901292,E01006458,2,2,0,0,Dry,Single carriageway,None,30,16:00:00,Urban,Fine no high winds,No,16 - 20,8,Urban area,2,1796,Kerb,Other permanent object,Other/Not known (2005-10),Entering main road,VAUXHALL,VECTRA SRI 16V,Petrol,Male,None,No tow/articulation,Straight ahead at junction,0,Turning left,1,Car,No,Offside,2010
201005EE01556,Unclassified,0,Unclassified,0,Slight,None,05-02-2010,Friday,1,Give way or uncontrolled,More than 4 arms (not roundabout),53.429065,Daylight,338230,392880,-2.931142,E01006765,3,2,0,0,Wet or damp,Single carriageway,None,30,12:10:00,Urban,Fine no high winds,No,16 - 20,8,Urban area,1,1388,Parked vehicle,None,Other/Not known (2005-10),Cleared junction or waiting/parked at junction exit,FORD,FUSION 2 16V,Petrol,Male,Skidded,No tow/articulation,Did not leave carriageway,0,Going ahead right-hand bend,1,Car,No,Front,2010
201006B029675,A,5079,B,5093,Slight,None,17-03-2010,Wednesday,1,Auto traffic signal,Roundabout,53.442589,Daylight,386610,394000,-2.20306,E01005218,1,2,0,0,Dry,Roundabout,None,30,13:00:00,Urban,Fine no high winds,No,16 - 20,8,Urban area,2,1600,None,None,Other/Not known (2005-10),Leaving roundabout,VOLKSWAGEN,BORA SE,Petrol,Male,None,No tow/articulation,Did not leave carriageway,0,Turning right,1,Car,No,Offside,2010
201006F028839,Unclassified,0,Unclassified,0,Slight,None,10-03-2010,Wednesday,1,Give way or uncontrolled,T or staggered junction,53.428586,Daylight,371370,392510,-2.432359,E01005618,1,2,0,0,Dry,Single carriageway,None,30,15:22:00,Urban,Fine no high winds,No,16 - 20,8,Urban area,6,1124,None,None,Other/Not known (2005-10),Cleared junction or waiting/parked at junction exit,PEUGEOT,106 INDEPENDENCE,Petrol,Male,None,No tow/articulation,Did not leave carriageway,0,Going ahead right-hand bend,1,Car,No,Front,2010
201006F033930,B,5211,Unclassified,0,Slight,None,13-07-2010,Tuesday,1,Give way or uncontrolled,T or staggered junction,53.478453,Daylight,376420,398030,-2.356772,E01005603,1,2,0,0,Dry,Single carriageway,None,30,08:00:00,Urban,Fine no high winds,No,16 - 20,8,Urban area,2,125,None,None,Commuting to/from work,Mid Junction - on roundabout or on main road,HONDA,XL125V-2,Petrol,Male,None,No tow/articulation,Did not leave carriageway,0,Overtaking static vehicle - offside,1,Motorcycle 125cc and under,No,Front,2010