Accident_Index,1st_Road_Class,1st_Road_Number,2nd_Road_Class,2nd_Road_Number,Accident_Severity,Carriageway_Hazards,Date,Day_of_Week,Did_Police_Officer_Attend_Scene_of_Accident,Junction_Control,Junction_Detail,Latitude,Light_Conditions,Location_Easting_OSGR,Location_Northing_OSGR,Longitude,LSOA_of_Accident_Location,Number_of_Casualties,Number_of_Vehicles,Pedestrian_Crossing-Human_Control,Pedestrian_Crossing-Physical_Facilities,Road_Surface_Conditions,Road_Type,Special_Conditions_at_Site,Speed_limit,Time,Urban_or_Rural_Area,Weather_Conditions,InScotland,Age_Band_of_Driver,Age_of_Vehicle,Driver_Home_Area_Type,Driver_IMD_Decile,Engine_Capacity_.CC.,Hit_Object_in_Carriageway,Hit_Object_off_Carriageway,Journey_Purpose_of_Driver,Junction_Location,make,model,Propulsion_Code,Sex_of_Driver,Skidding_and_Overturning,Towing_and_Articulation,Vehicle_Leaving_Carriageway,Vehicle_Location.Restricted_Lane,Vehicle_Manoeuvre,Vehicle_Reference,Vehicle_Type,Was_Vehicle_Left_Hand_Drive,X1st_Point_of_Impact,Year
201020Z003250,Motorway,6,Motorway,6,Slight,None,15-09-2010,Wednesday,1,Give way or uncontrolled,Slip road,52.552703,Daylight,404990,294990,-1.927846,E01009975,2,3,0,0,Dry,Dual carriageway,None,70,10:23:00,Rural,Fine no high winds,No,16 - 20,8,Urban area,7,1149,Bollard or refuge,Near/Offside crash barrier,Other/Not known (2005-10),Entering from slip road,RENAULT,CLIO DYNAMIQUE 16V,Petrol,Male,Skidded and overturned,No tow/articulation,Nearside,0,Changing lane to right,1,Car,No,Back,2010
201022C005076,A,449,Unclassified,0,Slight,None,08-10-2010,Friday,2,Give way or uncontrolled,Other junction,52.227059,Daylight,384600,258790,-2.226897,E01032297,1,2,0,0,Dry,Single carriageway,None,50,13:23:00,Rural,Fine no high winds,No,16 - 20,8,Urban area,10,1124,None,None,Other/Not known (2005-10),Approaching junction or waiting/parked at junction approach,PEUGEOT,106 INDEPENDENCE,Petrol,Male,Skidded,No tow/articulation,Did not leave carriageway,0,Going ahead other,1,Car,No,Front,2010
201022D002120,A,441,A,441,Slight,None,20-04-2010,Tuesday,2,Give way or uncontrolled,Roundabout,52.281559,Daylight,404900,264830,-1.929606,E01032256,1,2,0,0,Dry,Single carriageway,None,30,12:28:00,Urban,Fine no high winds,No,16 - 20,8,Rural,7,1149,None,None,Other/Not known (2005-10),Approaching junction or waiting/parked at junction approach,RENAULT,CLIO AUTHENTIQUE,Petrol,Male,None,No tow/articulation,Did not leave carriageway,0,Waiting to go - held up,2,Car,No,Back,2010
201022D002810,Unclassified,0,NA,0,Slight,None,30-05-2010,Sunday,1,Data missing or out of range,Not at junction or within 20 metres,52.359706,Daylight,400160,273520,-1.999086,E01032144,5,2,0,0,Dry,Single carriageway,None,30,19:45:00,Rural,Fine no high winds,No,16 - 20,8,Urban area,1,1598,None,None,Other/Not known (2005-10),Not at or within 20 metres of junction,MINI,MINI COOPER S,Petrol,Male,Skidded,No tow/articulation,Did not leave carriageway,0,Going ahead left-hand bend,1,Car,No,Front,2010
201022D002939,A,491,NA,0,Slight,None,09-06-2010,Wednesday,1,Data missing or out of range,Not at junction or within 20 metres,52.408474,Daylight,392770,278950,-2.107722,E01032136,1,1,0,0,Dry,Dual carriageway,None,60,12:50:00,Rural,Fine no high winds,No,16 - 20,8,Data missing or out of range,NA,1124,Kerb,None,Other/Not known (2005-10),Not at or within 20 metres of junction,PEUGEOT,206 LOOK,Petrol,Male,Skidded,No tow/articulation,Nearside,0,Changing lane to right,1,Car,No,Front,2010
201022D003424,B,4189,Unclassified,0,Slight,None,10-07-2010,Saturday,1,Give way or uncontrolled,T or staggered junction,52.406575,Daylight,383900,278760,-2.238107,E01032479,1,2,0,0,Dry,Single carriageway,None,40,10:53:00,Rural,Fine no high winds,No,16 - 20,8,Rural,4,1598,None,None,Other/Not known (2005-10),Approaching junction or waiting/parked at junction approach,MINI,MINI COOPER S,Petrol,Male,None,No tow/articulation,Did not leave carriageway,0,Going ahead other,2,Car,No,Front,2010
201022D003677,A,441,NA,0,Slight,None,22-07-2010,Thursday,1,Data missing or out of range,Not at junction or within 20 metres,52.303046,Daylight,404880,267220,-1.929866,E01032263,1,1,0,0,Dry,Dual carriageway,None,70,14:10:00,Urban,Fine no high winds,No,16 - 20,8,Urban area,5,49,None,None,Other/Not known (2005-10),Not at or within 20 metres of junction,PEUGEOT,SPEEDFIGHT,Petrol,Male,Skidded,No tow/articulation,Did not leave carriageway,0,Going ahead other,1,Motorcycle 50cc and under,No,Nearside,2010
201022D005227,A,456,NA,0,Slight,None,19-10-2010,Tuesday,1,Data missing or out of range,Not at junction or within 20 metres,52.344125,Daylight,371480,271870,-2.420088,E01032472,1,1,0,0,Wet or damp,Single carriageway,None,40,08:15:00,Rural,Fine no high winds,No,16 - 20,8,Small town,6,1149,None,None,Journey as part of work,Not at or within 20 metres of junction,RENAULT,CLIO AUTHENTIQUE,Petrol,Male,Skidded,No tow/articulation,Did not leave carriageway,0,Going ahead other,1,Car,No,Front,2010
201022E003151,A,480,A,4103,Slight,None,22-06-2010,Tuesday,1,Give way or uncontrolled,Roundabout,52.077697,Daylight,346620,242440,-2.780336,E01014012,1,1,0,0,Dry,Single carriageway,Road surface defective,40,20:00:00,Rural,Fine no high winds,No,16 - 20,8,Small town,6,1360,Kerb,Road sign or traffic signal,Other/Not known (2005-10),Entering roundabout,PEUGEOT,,Petrol,Male,None,No tow/articulation,Nearside,0,Going ahead other,1,Car,No,Front,2010
201022F003921,A,528,Unclassified,0,Slight,None,05-08-2010,Thursday,1,Give way or uncontrolled,T or staggered junction,52.719439,Daylight,349280,313800,-2.752358,E01028931,2,2,0,0,Dry,Single carriageway,None,40,22:22:00,Urban,Fine no high winds,No,16 - 20,8,Small town,6,1149,None,Other permanent object,Other/Not known (2005-10),Mid Junction - on roundabout or on main road,RENAULT,CLIO EXPRESSION 16V,Petrol,Male,Skidded,No tow/articulation,Offside,0,Overtaking moving vehicle - offside,1,Car,No,Front,2010
201022F004175,A,5191,Unclassified,0,Slight,None,23-08-2010,Monday,1,Give way or uncontrolled,T or staggered junction,52.698509,Daylight,349440,311470,-2.74963,E01028938,3,2,0,0,Wet or damp,Single carriageway,None,30,18:35:00,Urban,Fine no high winds,No,16 - 20,8,Urban area,6,1124,None,None,Other/Not known (2005-10),Approaching junction or waiting/parked at junction approach,PEUGEOT,206 LOOK,Petrol,Male,None,No tow/articulation,Did not leave carriageway,0,Going ahead other,1,Car,No,Front,2010
201030C000200,A,52,NA,0,Slight,None,19-04-2010,Monday,1,Data missing or out of range,Not at junction or within 20 metres,52.944138,Daylight,429570,338620,-1.561408,E01019472,1,3,0,0,Dry,Single carriageway,None,50,16:00:00,Rural,Fine no high winds,No,16 - 20,8,Rural,5,1360,None,None,Other/Not known (2005-10),Not at or within 20 metres of junction,CITROEN,SAXO FURIO,Petrol,Male,None,No tow/articulation,Did not leave carriageway,0,Going ahead other,2,Car,No,Back,2010
201030C000247,A,616,Unclassified,0,Slight,None,05-05-2010,Wednesday,1,Give way or uncontrolled,Private drive or entrance,53.25891,Daylight,452990,373840,-1.207111,E01019497,1,2,0,0,Dry,Single carriageway,None,60,13:30:00,Rural,Fine no high winds,No,16 - 20,8,Small town,1,973,None,None,Other/Not known (2005-10),Approaching junction or waiting/parked at junction approach,VAUXHALL,CORSA CLUB 12V,Petrol,Male,None,No tow/articulation,Did not leave carriageway,0,Waiting to turn right,1,Car,No,Back,2010
201030C000360,B,6052,Unclassified,0,Slight,None,19-06-2010,Saturday,1,Give way or uncontrolled,T or staggered junction,53.310596,Daylight,443010,379490,-1.355943,E01019789,4,2,0,0,Dry,Single carriageway,None,30,13:10:00,Rural,Fine no high winds,No,16 - 20,8,Urban area,7,1396,None,None,Other/Not known (2005-10),Mid Junction - on roundabout or on main road,ROVER,25 IL 16V,Petrol,Male,Skidded,No tow/articulation,Did not leave carriageway,0,Going ahead other,1,Car,No,Front,2010
201030D000350,A,514,Unclassified,0,Slight,None,22-04-2010,Thursday,1,Give way or uncontrolled,Private drive or entrance,52.890194,Daylight,436990,332670,-1.451668,E01013504,1,2,0,0,Dry,Single carriageway,None,30,15:45:00,Urban,Fine no high winds,No,16 - 20,8,Small town,8,124,None,None,Commuting to/from work,Mid Junction - on roundabout or on main road,HONDA,,Petrol,Male,None,No tow/articulation,Did not leave carriageway,0,Going ahead other,2,Motorcycle 125cc and under,No,Front,2010
201030D000463,C,16,NA,0,Slight,None,25-05-2010,Tuesday,2,Data missing or out of range,Not at junction or within 20 metres,52.943566,Daylight,436010,338600,-1.465577,E01013526,1,1,0,0,Dry,Single carriageway,None,30,00:30:00,Urban,Fine no high winds,No,16 - 20,8,Urban area,10,1396,Kerb,None,Other/Not known (2005-10),Not at or within 20 metres of junction,ROVER,25 IL 16V,Petrol,Male,None,No tow/articulation,Did not leave carriageway,0,Going ahead other,1,Car,No,Nearside,2010
201030D000476,C,86,Unclassified,0,Slight,None,28-05-2010,Friday,1,Auto traffic signal,T or staggered junction,52.89571,Daylight,435160,333270,-1.478801,E01013571,1,2,0,0,Dry,Single carriageway,None,30,20:40:00,Urban,Fine no high winds,No,16 - 20,8,Urban area,3,1975,None,None,Other/Not known (2005-10),Leaving main road,HYUNDAI,COUPE SE,Petrol,Male,None,No tow/articulation,Did not leave carriageway,0,Turning right,1,Car,No,Front,2010
201030D000766,A,6005,A,6005,Slight,None,18-08-2010,Wednesday,2,Give way or uncontrolled,Roundabout,52.918465,Daylight,438910,335830,-1.422755,E01013512,1,2,0,0,Dry,Roundabout,None,40,07:10:00,Urban,Fine no high winds,No,16 - 20,8,Rural,8,1587,None,None,Journey as part of work,Entering roundabout,CITROEN,SAXO VTR,Petrol,Male,None,No tow/articulation,Did not leave carriageway,0,Turning left,1,Car,No,Front,2010
201030D000989,Unclassified,0,Unclassified,0,Slight,None,11-10-2010,Monday,2,Give way or uncontrolled,Roundabout,52.913844,Daylight,436870,335300,-1.453154,E01013478,2,2,0,0,Dry,Roundabout,None,40,18:13:00,Urban,Fine no high winds,No,16 - 20,8,Small town,8,1149,None,None,Other/Not known (2005-10),Mid Junction - on roundabout or on main road,RENAULT,CLIO DYNAMIQUE 16V,Petrol,Male,None,No tow/articulation,Did not leave carriageway,0,Going ahead other,1,Car,No,Back,2010
201030D001045,A,516,Unclassified,0,Slight,None,25-10-2010,Monday,1,Give way or uncontrolled,T or staggered junction,52.919154,Daylight,434040,335870,-1.495178,E01013453,1,3,0,0,Dry,Single carriageway,None,30,11:20:00,Urban,Fine no high winds,No,16 - 20,8,Urban area,5,49,None,None,Other/Not known (2005-10),Mid Junction - on roundabout or on main road,GILERA,DNA 50,Petrol,Male,Skidded and overturned,No tow/articulation,Did not leave carriageway,0,Overtaking moving vehicle - offside,2,Motorcycle 50cc and under,No,Front,2010
201030D001119,Unclassified,0,C,71,Slight,None,12-11-2010,Friday,1,Give way or uncontrolled,T or staggered junction,52.912723,Daylight,436160,335170,-1.463726,E01013482,1,2,0,0,Dry,Single carriageway,None,30,12:20:00,Urban,Fine no high winds,No,16 - 20,8,Rural,3,1198,None,None,Other/Not known (2005-10),Approaching junction or waiting/parked at junction approach,VOLKSWAGEN,POLO E,Petrol,Male,None,No tow/articulation,Did not leave carriageway,0,Going ahead other,2,Car,No,Front,2010
201030D001205,Unclassified,0,NA,0,Slight,None,05-12-2010,Sunday,1,Data missing or out of range,Not at junction or within 20 metres,52.935135,Daylight,432900,337640,-1.511954,E01013468,4,2,0,0,Frost or ice,Single carriageway,None,30,15:34:00,Rural,Fine no high winds,No,16 - 20,8,Urban area,9,1389,None,None,Other/Not known (2005-10),Not at or within 20 metres of junction,VAUXHALL,CORSA SRI 16V,Petrol,Male,Skidded,No tow/articulation,Nearside,0,Going ahead left-hand bend,2,Car,No,Offside,2010
20103102A1041,A,6191,Unclassified,0,Slight,None,07-05-2010,Friday,1,Give way or uncontrolled,T or staggered junction,53.158685,Daylight,452150,362680,-1.221522,E01028267,1,2,0,4,Wet or damp,Single carriageway,None,40,12:00:00,Urban,Fine no high winds,No,16 - 20,8,Urban area,3,1396,None,None,Other/Not known (2005-10),Approaching junction or waiting/parked at junction approach,MG,ZR+,Petrol,Male,None,No tow/articulation,Did not leave carriageway,0,U-turn,1,Car,No,Front,2010
20103102B0100,C,10,NA,0,Slight,None,23-01-2010,Saturday,1,Data missing or out of range,Not at junction or within 20 metres,53.372645,Daylight,474350,386780,-0.883937,E01028005,1,1,0,0,Wet or damp,Single carriageway,None,60,10:18:00,Rural,Fine no high winds,No,16 - 20,8,Urban area,5,1461,None,None,Other/Not known (2005-10),Not at or within 20 metres of junction,RENAULT,KANGOO SL17DCI 70,Heavy oil,Male,Skidded,No tow/articulation,Nearside,0,Going ahead left-hand bend,1,Van / Goods 3.5 tonnes mgw or under,No,Offside,2010
20103102B3017,B,6387,Unclassified,0,Slight,None,03-11-2010,Wednesday,1,Give way or uncontrolled,Crossroads,53.227276,Daylight,467980,370510,-0.983145,E01028303,1,2,0,0,Wet or damp,Single carriageway,None,40,07:40:00,Rural,Fine no high winds,No,16 - 20,8,Urban area,2,1108,None,None,Commuting to/from work,Entering main road,FIAT,SEICENTO SX,Petrol,Male,None,No tow/articulation,Did not leave carriageway,0,Turning right,1,Car,No,Front,2010
20103102D1427,Unclassified,0,Unclassified,0,Slight,None,22-06-2010,Tuesday,1,Give way or uncontrolled,T or staggered junction,52.989506,Daylight,452330,343860,-1.221886,E01028120,1,2,0,0,Dry,Single carriageway,None,30,17:21:00,Urban,Fine no high winds,No,16 - 20,8,Rural,7,1299,None,None,Other/Not known (2005-10),Leaving main road,FORD,KA LUXURY,Petrol,Male,None,No tow/articulation,Did not leave carriageway,4,Turning right,1,Car,No,Front,2010
201032B145910,Unclassified,0,A,52,Slight,None,16-05-2010,Sunday,1,Auto traffic signal,More than 4 arms (not roundabout),52.910454,Daylight,491090,335640,-0.646916,E01026317,1,2,0,5,Dry,Unknown,None,30,14:58:00,Urban,Fine no high winds,No,16 - 20,8,Urban area,4,49,None,None,Other/Not known (2005-10),Approaching junction or waiting/parked at junction approach,GILERA,DNA 50,Petrol,Male,None,No tow/articulation,Did not leave carriageway,0,Going ahead other,1,Motorcycle 50cc and under,No,Offside,2010
201032B197610,A,1,C,25,Slight,None,10-07-2010,Saturday,1,Give way or uncontrolled,T or staggered junction,53.016026,Daylight,482930,347240,-0.765259,E01026355,1,2,0,0,Dry,Dual carriageway,None,70,19:10:00,Rural,Fine no high winds,No,16 - 20,8,Urban area,6,1998,None,None,Other/Not known (2005-10),Entering main road,FORD,TRANSIT 280 SWB TD,Heavy oil,Male,None,No tow/articulation,Did not leave carriageway,0,Turning right,2,Van / Goods 3.5 tonnes mgw or under,No,Did not impact,2010
201032C150110,C,783,Unclassified,0,Slight,None,26-05-2010,Wednesday,1,Give way or uncontrolled,T or staggered junction,52.961622,Daylight,536330,342400,0.028272,E01026014,2,2,0,0,Dry,Single carriageway,None,30,16:15:00,Rural,Fine no high winds,No,16 - 20,8,Rural,5,49,None,None,Other/Not known (2005-10),Approaching junction or waiting/parked at junction approach,PEUGEOT,SPEEDFIGHT,Petrol,Male,None,No tow/articulation,Did not leave carriageway,0,Going ahead left-hand bend,1,Motorcycle 50cc and under,No,Front,2010
201032C326710,A,52,Unclassified,0,Slight,None,29-10-2010,Friday,1,Give way or uncontrolled,Other junction,53.039406,Daylight,542930,351250,0.130374,E01026023,1,2,0,0,Dry,Slip road,None,30,08:03:00,Rural,Fine no high winds,No,16 - 20,8,Rural,2,1124,None,None,Commuting to/from work,Mid Junction - on roundabout or on main road,PEUGEOT,106 INDEPENDENCE,Petrol,Male,Skidded,No tow/articulation,Did not leave carriageway,0,Overtaking moving vehicle - offside,1,Car,No,Offside,2010
201032C368510,A,52,NA,0,Slight,None,26-11-2010,Friday,1,Data missing or out of range,Not at junction or within 20 metres,53.073779,Daylight,548000,355230,0.207762,E01026111,1,4,0,0,Frost or ice,Single carriageway,None,50,12:39:00,Rural,Fine no high winds,No,16 - 20,8,Urban area,9,1124,None,None,Other/Not known (2005-10),Not at or within 20 metres of junction,PEUGEOT,206 LOOK,Petrol,Male,None,No tow/articulation,Did not leave carriageway,0,Going ahead other,2,Car,No,Back,2010
201043P010020,Unclassified,136,NA,0,Slight,None,31-03-2019,Monday,1,Data missing or out of range,Not at junction or within 20 metres,14.78882978,Daylight,443390,235240,78.53093522,E01028476,1,1,0,0,Frost or ice,Single carriageway,None,30,08:22:00,Rural,Fine no high winds,No,16 - 20,8,Small town,10,1391,None,Entered ditch,Other/Not known (2005-10),Not at or within 20 metres of junction,SEAT,IBIZA CHILL,Petrol,Female,Skidded,No tow/articulation,Nearside,0,Going ahead other,1,Car,No,Front,2019
201043S128030,Unclassified,1129,NA,0,Slight,None,16-11-2021,Thursday,1,Data missing or out of range,Not at junction or within 20 metres,14.68078867,Daylight,481630,241040,78.52671841,E01016837,1,1,0,0,Wet or damp,Single carriageway,None,30,08:39:00,Urban,Fine no high winds,No,16 - 20,8,Urban area,5,998,None,Other permanent object,Other/Not known (2005-10),Not at or within 20 metres of junction,NISSAN,MICRA S,Petrol,Female,None,No tow/articulation,Did not leave carriageway,0,Turning left,1,Car,No,Front,2019
201054EN32910,C,394,NA,0,Slight,None,01-05-2021,Wednesday,1,Not at junction or within 20 metres,Not at junction or within 20 metres,14.7181532,Daylight,400050,171400,78.55268833,E01031895,1,3,0,0,Dry,Single carriageway,None,30,11:29:00,Urban,Fine no high winds,No,16 - 20,8,Urban area,8,1124,None,None,Other/Not known (2005-10),Not at or within 20 metres of junction,PEUGEOT,106 INDEPENDENCE,Petrol,Female,None,No tow/articulation,Did not leave carriageway,0,Going ahead other,2,Car,No,Front,2019
201042I271508,B,1024,Unclassified,0,Slight,None,28-07-2019,Monday,1,Give way or uncontrolled,T or staggered junction,27.09345234,Daylight,586090,218710,93.62784572,E01021402,1,1,0,0,Dry,Single carriageway,None,30,15:30:00,Rural,Fine no high winds,No,16 - 20,8,Small town,6,998,None,None,Other/Not known (2005-10),Cleared junction or waiting/parked at junction exit,SEAT,AROSA S,Petrol,Female,None,No tow/articulation,Did not leave carriageway,0,Going ahead other,1,Car,No,Front,2019
201050EL2S025,Unclassified,0,NA,0,Slight,None,28-02-2020,Monday,1,Not at junction or within 20 metres,Not at junction or within 20 metres,27.09134305,Daylight,250560,58680,93.6324305,E01015093,1,2,0,0,Dry,Single carriageway,None,30,08:45:00,Urban,Fine no high winds,No,16 - 20,8,Urban area,4,1124,None,None,Other/Not known (2005-10),Not at or within 20 metres of junction,PEUGEOT,206 LOOK,Petrol,Female,None,No tow/articulation,Did not leave carriageway,0,Going ahead other,1,Car,No,Front,2019
201054EP26510,C,151,Unclassified,0,Slight,None,17-01-2020,Monday,1,Give way or uncontrolled,T or staggered junction,26.75410483,Daylight,384470,177540,94.1954253,E01031951,2,2,0,0,Dry,Single carriageway,None,30,20:35:00,Rural,Fine no high winds,No,16 - 20,8,Urban area,10,1998,None,None,Other/Not known (2005-10),Approaching junction or waiting/parked at junction approach,RENAULT,CLIO SPORT,Petrol,Female,None,No tow/articulation,Did not leave carriageway,0,Going ahead left-hand bend,2,Car,No,Front,2019
20104100D0201,Unclassified,57,NA,0,Slight,None,21-08-2021,Friday,1,Not at junction or within 20 metres,Not at junction or within 20 metres,25.7717297,Daylight,496930,208300,87.45708403,E01023416,1,2,0,0,Dry,Single carriageway,None,30,15:35:00,Rural,Fine no high winds,No,16 - 20,8,Urban area,10,1149,None,None,Other/Not known (2005-10),Not at or within 20 metres of junction,RENAULT,CLIO AUTHENTIQUE,Petrol,Female,None,No tow/articulation,Did not leave carriageway,0,Going ahead right-hand bend,1,Car,No,Offside,2019
20104100T1070,Motorway,1,NA,0,Slight,None,13-03-2019,Friday,2,Not at junction or within 20 metres,Not at junction or within 20 metres,22.06725961,Daylight,512040,201930,82.1257032,E01023732,1,2,0,0,Dry,Slip road,None,70,18:00:00,Urban,Fine no high winds,No,16 - 20,8,Urban area,10,1124,None,None,Other/Not known (2005-10),Not at or within 20 metres of junction,PEUGEOT,106 XN ZEST 2,Petrol,Female,None,No tow/articulation,Did not leave carriageway,0,Going ahead right-hand bend,2,Car,No,Front,2019
201050JK2M007,A,381,A,379,Slight,None,10-10-2019,Wednesday,1,Give way or uncontrolled,T or staggered junction,22.06269823,Daylight,277700,53180,82.18671242,E01020142,2,2,0,0,Dry,Single carriageway,None,40,16:35:00,Rural,Fine no high winds,No,16 - 20,8,Small town,7,1997,None,None,Other/Not known (2005-10),Approaching junction or waiting/parked at junction approach,PEUGEOT,206 CC,Petrol,Female,None,No tow/articulation,Did not leave carriageway,0,Going ahead other,1,Car,No,Front,2019
201045EL54374,B,365,A,245,Slight,None,16-10-2020,Friday,2,Give way or uncontrolled,Other junction,22.08761756,Daylight,509140,160760,82.16454751,E01030318,1,6,0,0,Dry,Single carriageway,None,30,09:30:00,Rural,Fine no high winds,No,16 - 20,8,Small town,4,1397,None,None,Other/Not known (2005-10),Approaching junction or waiting/parked at junction approach,SKODA,FABIA CLASSIC 8V,Petrol,Female,Skidded,No tow/articulation,Did not leave carriageway,0,Going ahead other,1,Car,No,Front,2019
201037B046021,B,1115,Unclassified,8423,Slight,None,20-05-2020,Saturday,1,Give way or uncontrolled,T or staggered junction,22.04897575,Daylight,600190,246770,82.11045245,E01029911,1,1,0,0,Wet or damp,Single carriageway,None,60,11:05:00,Rural,Fine no high winds,No,16 - 20,8,Urban area,3,1587,None,None,Other/Not known (2005-10),Cleared junction or waiting/parked at junction exit,PEUGEOT,307 RAPIER 16V,Petrol,Female,Overturned,No tow/articulation,Did not leave carriageway,0,Going ahead right-hand bend,1,Car,No,Nearside,2019
201042I297609,Unclassified,0,NA,0,Slight,None,02-04-2021,Thursday,1,Not at junction or within 20 metres,Not at junction or within 20 metres,15.31085346,Daylight,540680,205270,73.98151437,E01021741,1,1,0,0,Dry,Single carriageway,None,30,10:25:00,Rural,Fine no high winds,No,16 - 20,8,Urban area,10,1299,None,Road sign or traffic signal,Other/Not known (2005-10),Not at or within 20 metres of junction,FORD,KA,Petrol,Female,Overturned,No tow/articulation,Nearside,0,Going ahead other,1,Car,No,Nearside,2019
20104100D0388,Unclassified,438,Unclassified,423,Slight,None,31-05-2020,Sunday,1,Give way or uncontrolled,Crossroads,15.30204449,Daylight,507290,202890,74.03554866,E01023406,2,2,0,0,Dry,Single carriageway,None,30,17:35:00,Urban,Fine no high winds,No,16 - 20,8,Urban area,9,1198,None,None,Other/Not known (2005-10),Entering main road,VOLKSWAGEN,POLO S,Petrol,Female,Overturned,No tow/articulation,Offside,0,Going ahead other,1,Car,No,Nearside,2019
201050FT2D027,Unclassified,0,Unclassified,0,Slight,None,16-09-2020,Saturday,1,Give way or uncontrolled,T or staggered junction,23.0182541,Daylight,292530,65310,72.5675456,E01015243,2,2,0,0,Wet or damp,Single carriageway,None,30,10:00:00,Urban,Fine no high winds,No,16 - 20,8,Urban area,3,1299,None,None,Commuting to/from work,Approaching junction or waiting/parked at junction approach,FORD,KA,Petrol,Female,None,No tow/articulation,Did not leave carriageway,0,Going ahead other,2,Car,No,Offside,2019
20104100D0357,Unclassified,975,Unclassified,898,Slight,None,23-05-2019,Friday,2,Give way or uncontrolled,T or staggered junction,28.46564162,Daylight,505260,206210,77.05242957,E01023382,1,2,0,0,Dry,Single carriageway,None,30,08:30:00,Urban,Fine no high winds,No,16 - 20,8,Urban area,10,1124,None,None,Other/Not known (2005-10),Leaving main road,PEUGEOT,106 XN ZEST,Petrol,Female,None,No tow/articulation,Did not leave carriageway,0,Turning right,2,Car,No,Offside,2019
2010400D02046,B,4541,NA,0,Slight,None,24-07-2021,Tuesday,1,Data missing or out of range,Not at junction or within 20 metres,28.4458033,Daylight,500810,221170,76.99473915,E01017566,2,1,0,0,Dry,Single carriageway,None,30,05:28:00,Urban,Fine no high winds,No,16 - 20,8,Urban area,2,973,None,Other permanent object,Other/Not known (2005-10),Not at or within 20 metres of junction,VAUXHALL,CORSA CLUB 12V,Petrol,Female,Skidded,No tow/articulation,Offside,0,Going ahead left-hand bend,1,Car,No,Front,2019
201043R160060,A,3095,Unclassified,7002,Slight,None,11-01-2020,Friday,1,Give way or uncontrolled,T or staggered junction,12.98742311,Daylight,486190,168760,77.54198509,E01016250,2,2,0,0,Dry,Dual carriageway,None,30,17:46:00,Urban,Fine no high winds,No,16 - 20,8,Urban area,8,1390,None,None,Other/Not known (2005-10),Entering from slip road,RENAULT,CLIO DYNAMIQUE 16V,Petrol,Female,None,No tow/articulation,Nearside,0,Turning right,1,Car,No,Did not impact,2020
20104100F0378,A,5183,NA,0,Slight,Any animal in carriageway (except ridden horse),17-06-2019,Thursday,1,Not at junction or within 20 metres,Not at junction or within 20 metres,13.03984105,Daylight,511060,213190,77.67666336,E01023725,1,1,0,0,Dry,Single carriageway,None,60,10:45:00,Rural,Fine no high winds,No,16 - 20,8,Urban area,8,1389,None,Tree,Other/Not known (2005-10),Not at or within 20 metres of junction,VAUXHALL,CORSA ELEGANCE 16V AUTO,Petrol,Female,Skidded,No tow/articulation,Nearside,0,Going ahead other,1,Car,No,Back,2020
201043S049070,Motorway,1,NA,0,Slight,None,03-08-2019,Sunday,1,Data missing or out of range,Not at junction or within 20 metres,12.9822518,Daylight,488430,241380,77.56540034,E01016803,3,3,0,0,Dry,Dual carriageway,None,70,16:10:00,Rural,Fine no high winds,No,16 - 20,8,Rural,9,1998,None,None,Other/Not known (2005-10),Not at or within 20 metres of junction,FORD,MONDEO GHIA X TDCI,Heavy oil,Female,Skidded,No tow/articulation,Did not leave carriageway,0,Slowing or stopping,1,Car,No,Front,2020
201043P255050,B,4017,NA,0,Slight,None,31-07-2021,Tuesday,1,Data missing or out of range,Not at junction or within 20 metres,8.872215313,Daylight,449030,198810,76.68088629,E01028697,1,2,0,0,Dry,Single carriageway,None,40,18:50:00,Rural,Fine no high winds,No,16 - 20,8,Rural,9,49,None,None,Other/Not known (2005-10),Not at or within 20 metres of junction,PIAGGIO,ZIP,Petrol,Female,None,No tow/articulation,Did not leave carriageway,0,Going ahead other,2,Motorcycle 50cc and under,No,Offside,2020
201042I151505,Unclassified,0,Unclassified,0,Slight,None,18-07-2020,Saturday,1,Give way or uncontrolled,Other junction,22.71887245,Daylight,618010,214790,75.82838005,E01022027,1,1,0,8,Dry,Single carriageway,None,30,08:13:00,Urban,Fine no high winds,No,16 - 20,8,Urban area,5,1299,Bollard or refuge,None,Other/Not known (2005-10),Cleared junction or waiting/parked at junction exit,FORD,KA,Petrol,Female,Skidded,No tow/articulation,Did not leave carriageway,0,Going ahead other,1,Car,No,Front,2020
201043R209010,A,330,NA,0,Slight,None,07-02-2019,Saturday,1,Data missing or out of range,Not at junction or within 20 metres,22.74781037,Daylight,493750,167010,75.89125213,E01016604,1,1,0,0,Frost or ice,Single carriageway,None,30,10:45:00,Urban,Fine no high winds,No,16 - 20,8,Urban area,10,1242,None,Tree,Journey as part of work,Not at or within 20 metres of junction,FIAT,PUNTO GO,Petrol,Female,Skidded,No tow/articulation,Nearside,0,Going ahead other,1,Car,No,Front,2020
201043P264010,A,417,Unclassified,0,Slight,None,03-11-2021,Friday,1,Give way or uncontrolled,Mini-roundabout,22.75074053,Daylight,439500,188490,75.8660456,E01028760,1,2,0,0,Dry,Single carriageway,None,30,13:09:00,Urban,Fine no high winds,No,16 - 20,8,Urban area,8,1149,None,None,Other/Not known (2005-10),Mid Junction - on roundabout or on main road,RENAULT,CLIO DYNAMIQUE 16V,Petrol,Female,None,No tow/articulation,Did not leave carriageway,0,Going ahead other,1,Car,No,Front,2020