Accident_Index,1st_Road_Class,1st_Road_Number,2nd_Road_Class,2nd_Road_Number,Accident_Severity,Carriageway_Hazards,Date,Day_of_Week,Did_Police_Officer_Attend_Scene_of_Accident,Junction_Control,Junction_Detail,Latitude,Light_Conditions,Location_Easting_OSGR,Location_Northing_OSGR,Longitude,LSOA_of_Accident_Location,Number_of_Casualties,Number_of_Vehicles,Pedestrian_Crossing-Human_Control,Pedestrian_Crossing-Physical_Facilities,Road_Surface_Conditions,Road_Type,Special_Conditions_at_Site,Speed_limit,Time,Urban_or_Rural_Area,Weather_Conditions,InScotland,Age_Band_of_Driver,Age_of_Vehicle,Driver_Home_Area_Type,Driver_IMD_Decile,Engine_Capacity_.CC.,Hit_Object_in_Carriageway,Hit_Object_off_Carriageway,Journey_Purpose_of_Driver,Junction_Location,make,model,Propulsion_Code,Sex_of_Driver,Skidding_and_Overturning,Towing_and_Articulation,Vehicle_Leaving_Carriageway,Vehicle_Location.Restricted_Lane,Vehicle_Manoeuvre,Vehicle_Reference,Vehicle_Type,Was_Vehicle_Left_Hand_Drive,X1st_Point_of_Impact,Year
201050BS2D002,A,388,NA,0,Slight,None,20-04-2021,Tuesday,1,Not at junction or within 20 metres,Not at junction or within 20 metres,22.71844603,Daylight,239730,61520,75.82861061,E01018764,1,1,0,0,Dry,Single carriageway,None,30,12:37:00,Rural,Fine no high winds,No,16 - 20,8,Small town,3,1391,None,None,Other/Not known (2005-10),Not at or within 20 metres of junction,SEAT,IBIZA CHILL,Petrol,Female,Skidded,No tow/articulation,Straight ahead at junction,7,Slowing or stopping,1,Car,No,Front,2020
201050AC2D010,B,3303,C,92,Slight,None,04-02-2019,Monday,3,Give way or uncontrolled,Roundabout,26.459881,Daylight,164610,39650,74.64979302,E01018877,2,2,0,0,Dry,Roundabout,None,30,12:30:00,Urban,Fine no high winds,No,16 - 20,8,Small town,3,1124,None,None,Other/Not known (2005-10),Entering roundabout,PEUGEOT,106 INDEPENDENCE,Petrol,Female,None,No tow/articulation,Did not leave carriageway,0,Slowing or stopping,2,Car,No,Back,2020
20104100K0270,A,121,Unclassified,165,Slight,None,18-11-2021,Saturday,1,Give way or uncontrolled,T or staggered junction,26.46179016,Daylight,537160,200430,74.5991965,E01023338,2,2,0,0,Dry,Single carriageway,None,40,19:58:00,Urban,Fine no high winds,No,16 - 20,8,Rural,6,1199,None,None,Other/Not known (2005-10),Entering main road,VAUXHALL,CORSA CLUB 16V,Petrol,Female,None,No tow/articulation,Did not leave carriageway,0,Turning right,1,Car,No,Offside,2020
201042I152905,A,13,NA,0,Slight,None,27-02-2021,Wednesday,1,Not at junction or within 20 metres,Not at junction or within 20 metres,26.46489446,Daylight,558620,179870,74.61440352,E01015929,1,2,0,0,Dry,Dual carriageway,None,70,17:25:00,Rural,Fine no high winds,No,16 - 20,8,Data missing or out of range,NA,1299,None,None,Journey as part of work,Not at or within 20 metres of junction,FORD,KA,Petrol,Female,None,No tow/articulation,Did not leave carriageway,0,Changing lane to left,1,Car,No,Nearside,2020
201043S153110,Motorway,1,NA,0,Slight,None,03-11-2021,Monday,1,Data missing or out of range,Not at junction or within 20 metres,26.47366212,Daylight,486170,243190,80.28643335,E01016767,2,1,0,0,Wet or damp,Dual carriageway,None,70,15:00:00,Urban,Fine no high winds,No,16 - 20,8,Data missing or out of range,NA,1299,None,None,Other/Not known (2005-10),Not at or within 20 metres of junction,FORD,KA LUXURY,Petrol,Female,Skidded,No tow/articulation,Nearside,0,Going ahead other,1,Car,No,Nearside,2020
201042I210207,A,128,A,12,Slight,None,14-10-2020,Monday,2,Give way or uncontrolled,Roundabout,28.72143617,Daylight,563730,189340,77.37045103,E01021446,2,2,0,0,Dry,Slip road,None,30,14:20:00,Rural,Fine no high winds,No,16 - 20,8,Urban area,10,1299,None,None,Other/Not known (2005-10),Approaching junction or waiting/parked at junction approach,FORD,KA LUXURY,Petrol,Female,None,No tow/articulation,Did not leave carriageway,0,Waiting to go - held up,2,Car,No,Back,2020
2010550C18487,Unclassified,0,NA,0,Slight,None,30-03-2019,Friday,1,Not at junction or within 20 metres,Not at junction or within 20 metres,28.65899852,Daylight,407970,91680,77.24995042,E01015347,1,2,0,0,Dry,Single carriageway,None,30,17:55:00,Urban,Fine no high winds,No,16 - 20,8,Urban area,8,1299,None,None,Other/Not known (2005-10),Not at or within 20 metres of junction,FORD,KA,Petrol,Female,None,No tow/articulation,Did not leave carriageway,0,Going ahead other,2,Car,No,Front,2020
201050FP2G013,A,3022,NA,0,Slight,Vehicle load on road,26-10-2019,Sunday,1,Not at junction or within 20 metres,Not at junction or within 20 metres,28.58344798,Daylight,289040,56780,77.26583828,E01015199,3,4,1,1,Dry,Single carriageway,Auto traffic signal - out,30,14:30:00,Rural,Fine no high winds,No,16 - 20,8,Urban area,8,1149,None,None,Other/Not known (2005-10),Not at or within 20 metres of junction,RENAULT,CLIO AUTHENTIQUE,Petrol,Female,None,No tow/articulation,Did not leave carriageway,0,Going ahead other,3,Car,No,Back,2020
201043P203030,Unclassified,129,Unclassified,0,Slight,None,14-05-2020,Saturday,2,Give way or uncontrolled,T or staggered junction,28.63655272,Daylight,458950,222520,77.35435292,E01028467,1,2,0,0,Wet or damp,Single carriageway,None,30,18:10:00,Urban,Fine no high winds,No,16 - 20,8,Data missing or out of range,NA,1149,None,None,Other/Not known (2005-10),Entering main road,RENAULT,CLIO AUTHENTIQUE,Petrol,Female,None,No tow/articulation,Did not leave carriageway,0,Turning left,1,Car,No,Offside,2020
201034WS17500,C,26,NA,0,Slight,None,19-06-2020,Thursday,1,Data missing or out of range,Not at junction or within 20 metres,28.654159,Daylight,471490,248840,77.3688323,E01027303,1,1,0,0,Wet or damp,Single carriageway,None,60,15:40:00,Rural,Fine no high winds,No,16 - 20,8,Small town,6,1199,None,Entered ditch,Other/Not known (2005-10),Not at or within 20 metres of junction,VAUXHALL,CORSA CLUB 16V,Petrol,Female,Skidded and overturned,No tow/articulation,Offside,0,Going ahead right-hand bend,1,Car,No,Front,2020
20104100A0562,A,414,NA,0,Slight,None,23-12-2020,Wednesday,1,Not at junction or within 20 metres,Not at junction or within 20 metres,28.62597336,Daylight,537250,211530,77.30621939,E01023469,2,2,0,0,Dry,Dual carriageway,None,70,16:26:00,Rural,Fine no high winds,No,16 - 20,8,Urban area,9,1598,None,None,Commuting to/from work,Not at or within 20 metres of junction,MINI,MINI ONE AUTO,Petrol,Female,None,No tow/articulation,Did not leave carriageway,0,Going ahead other,1,Car,No,Front,2020
201045RE55449,Unclassified,593,NA,0,Slight,None,15-04-2020,Thursday,2,Data missing or out of range,Not at junction or within 20 metres,28.59744505,Daylight,527560,143380,77.10406087,E01030588,1,2,0,0,Wet or damp,Single carriageway,None,30,08:20:00,Urban,Fine no high winds,No,16 - 20,8,Urban area,3,1124,None,None,Other/Not known (2005-10),Not at or within 20 metres of junction,PEUGEOT,206 LOOK,Petrol,Female,None,No tow/articulation,Did not leave carriageway,0,Turning right,1,Car,No,Offside,2020
201042I075103,A,133,NA,0,Slight,None,29-12-2021,Saturday,1,Not at junction or within 20 metres,Not at junction or within 20 metres,28.68858506,Daylight,616920,217070,77.07987331,E01021975,1,2,0,0,Dry,Single carriageway,None,60,14:37:00,Rural,Fine no high winds,No,16 - 20,8,Urban area,4,1997,None,None,Other/Not known (2005-10),Not at or within 20 metres of junction,PEUGEOT,307 GLX HDI,Heavy oil,Female,None,No tow/articulation,Did not leave carriageway,0,Going ahead other,2,Car,No,Front,2020
201042I163705,Unclassified,0,NA,0,Slight,None,29-03-2019,Thursday,2,Not at junction or within 20 metres,Not at junction or within 20 metres,18.6232138,Daylight,569730,208680,73.80591083,E01021589,1,2,0,0,Dry,Single carriageway,None,30,20:00:00,Urban,Fine no high winds,No,16 - 20,8,Urban area,8,1299,None,None,Other/Not known (2005-10),Not at or within 20 metres of junction,FORD,KA,Petrol,Female,None,No tow/articulation,Did not leave carriageway,0,Slowing or stopping,2,Car,No,Back,2021
2010550C35543,B,3068,Unclassified,0,Slight,None,15-07-2020,Monday,1,Auto traffic signal,T or staggered junction,18.5319532,Daylight,399920,90470,73.75308539,E01015423,1,2,0,5,Dry,Single carriageway,None,30,07:33:00,Urban,Fine no high winds,No,16 - 20,8,Urban area,10,1753,None,None,Journey as part of work,Entering main road,FORD,FIESTA 35 TD,Heavy oil,Female,None,No tow/articulation,Did not leave carriageway,0,Turning right,2,Van / Goods 3.5 tonnes mgw or under,No,Nearside,2021
2010400D02682,C,70,C,76,Slight,None,21-08-2019,Thursday,2,Give way or uncontrolled,T or staggered junction,18.54731968,Daylight,493710,239250,73.81913405,E01017396,1,2,0,0,Dry,Single carriageway,None,30,15:00:00,Rural,Fine no high winds,No,16 - 20,8,Data missing or out of range,NA,49,None,None,Other/Not known (2005-10),Approaching junction or waiting/parked at junction approach,YAMAHA,JOG R,Petrol,Female,None,No tow/articulation,Did not leave carriageway,0,Waiting to turn right,2,Motorcycle 50cc and under,No,Offside,2021
201037G030464,B,1070,Unclassified,4201,Slight,None,03-03-2019,Thursday,1,Give way or uncontrolled,T or staggered junction,18.64293201,Daylight,608190,235280,73.91065797,E01029882,2,1,0,0,Wet or damp,Single carriageway,None,60,10:50:00,Rural,Fine no high winds,No,16 - 20,8,Small town,7,1149,None,Tree,Other/Not known (2005-10),Cleared junction or waiting/parked at junction exit,RENAULT,CLIO DYNAMIQUE 16V,Petrol,Female,Overturned,No tow/articulation,Nearside,0,Going ahead right-hand bend,1,Car,No,Front,2021
2010550C25961,A,35,NA,0,Slight,None,14-09-2021,Saturday,2,Not at junction or within 20 metres,Not at junction or within 20 metres,18.5380559,Daylight,405870,91860,73.84524257,E01015402,1,2,0,0,Dry,Single carriageway,None,30,16:40:00,Urban,Fine no high winds,No,16 - 20,8,Urban area,5,1242,None,None,Other/Not known (2005-10),Not at or within 20 metres of junction,FIAT,PUNTO 1.2,Petrol,Female,None,No tow/articulation,Did not leave carriageway,0,Slowing or stopping,2,Car,No,Front,2021
20104100K0537,Unclassified,38,Unclassified,233,Slight,None,21-10-2021,Wednesday,1,Give way or uncontrolled,T or staggered junction,18.53224405,Daylight,534890,202110,73.79996838,E01023296,2,2,0,0,Dry,Single carriageway,None,30,08:24:00,Urban,Fine no high winds,No,16 - 20,8,Urban area,5,1299,None,None,Commuting to/from work,Entering main road,FORD,KA STYLE,Petrol,Female,None,No tow/articulation,Did not leave carriageway,0,Turning right,1,Car,No,Front,2021
201043R093090,A,4130,Unclassified,7407,Slight,None,29-12-2021,Wednesday,1,Give way or uncontrolled,T or staggered junction,18.50793177,Daylight,480580,182770,73.95823208,E01016579,2,2,0,0,Dry,Single carriageway,None,60,10:35:00,Rural,Fine no high winds,No,16 - 20,8,Small town,10,1598,None,None,Commuting to/from work,Approaching junction or waiting/parked at junction approach,MINI,MINI ONE,Petrol,Female,None,No tow/articulation,Did not leave carriageway,0,Going ahead other,1,Car,No,Front,2021
201037B044804,A,1308,Unclassified,0,Slight,None,14-08-2021,Friday,1,Give way or uncontrolled,Private drive or entrance,18.60796624,Daylight,604610,259400,73.90455794,E01030077,1,2,0,0,Dry,Single carriageway,None,30,14:18:00,Urban,Fine no high winds,No,16 - 20,8,Rural,8,1108,None,None,Other/Not known (2005-10),Approaching junction or waiting/parked at junction approach,FIAT,SEICENTO SPORTING,Petrol,Female,Skidded,No tow/articulation,Did not leave carriageway,0,Going ahead other,1,Car,No,Front,2021
201045RU56946,A,308,NA,0,Slight,None,12-06-2019,Friday,1,Data missing or out of range,Not at junction or within 20 metres,18.50266041,Daylight,501230,172080,73.8899758,E01030668,1,3,0,0,Dry,Single carriageway,None,40,08:45:00,Rural,Fine no high winds,No,16 - 20,8,Urban area,10,1198,None,None,Commuting to/from work,Not at or within 20 metres of junction,VOLKSWAGEN,POLO S,Petrol,Female,None,No tow/articulation,Did not leave carriageway,0,Slowing or stopping,2,Car,No,Front,2021
2010550C26470,B,3068,Unclassified,0,Slight,None,12-12-2019,Wednesday,1,Give way or uncontrolled,Private drive or entrance,18.60035835,Daylight,399330,91200,73.85605051,E01015425,2,2,0,4,Dry,Single carriageway,None,30,19:45:00,Urban,Fine no high winds,No,16 - 20,8,Urban area,1,1997,None,None,Other/Not known (2005-10),Leaving main road,PEUGEOT,307 D TURBO HDI,Heavy oil,Female,None,No tow/articulation,Did not leave carriageway,0,Turning right,1,Car,No,Nearside,2021
201043N061030,A,41,NA,0,Slight,None,21-06-2020,Friday,1,Data missing or out of range,Not at junction or within 20 metres,18.63061426,Daylight,486980,212890,73.95610037,E01017632,1,2,0,0,Dry,Dual carriageway,None,70,14:24:00,Rural,Fine no high winds,No,16 - 20,8,Urban area,10,1360,None,Central crash barrier,Other/Not known (2005-10),Not at or within 20 metres of junction,PEUGEOT,206 LX AUTO,Petrol,Female,None,No tow/articulation,Offside on to centrl res + rebounded,0,Changing lane to right,1,Car,No,Front,2021
201045RE51466,Unclassified,1224,Unclassified,0,Slight,None,19-09-2020,Thursday,1,Give way or uncontrolled,T or staggered junction,18.60068527,Daylight,524880,149000,73.75554788,E01030631,2,1,0,0,Dry,Single carriageway,None,30,20:15:00,Urban,Fine no high winds,No,16 - 20,8,Rural,10,1299,None,None,Other/Not known (2005-10),Approaching junction or waiting/parked at junction approach,FORD,KA,Petrol,Female,None,No tow/articulation,Did not leave carriageway,0,Going ahead other,1,Car,No,Front,2021
201042I405412,A,1232,Unclassified,0,Slight,None,20-03-2019,Saturday,1,Give way or uncontrolled,T or staggered junction,18.51807668,Daylight,600880,225860,73.79573226,E01021702,1,2,0,0,Dry,Single carriageway,None,30,11:45:00,Urban,Fine no high winds,No,16 - 20,8,Urban area,9,1299,None,None,Other/Not known (2005-10),Approaching junction or waiting/parked at junction approach,FORD,KA,Petrol,Female,None,No tow/articulation,Did not leave carriageway,0,Waiting to go - held up,2,Car,No,Back,2021
20104100T2081,A(M),1,NA,0,Slight,None,30-04-2019,Wednesday,1,Not at junction or within 20 metres,Not at junction or within 20 metres,19.09297643,Daylight,522750,227930,72.83250931,E01023600,1,3,0,0,Dry,Dual carriageway,None,70,08:27:00,Rural,Fine no high winds,No,16 - 20,8,Small town,9,1124,None,None,Other/Not known (2005-10),Not at or within 20 metres of junction,CITROEN,SAXO FORTE,Petrol,Female,None,No tow/articulation,Did not leave carriageway,0,Slowing or stopping,2,Car,No,Back,2021
201045EP52321,A,240,A,24,Slight,None,25-10-2021,Tuesday,2,Give way or uncontrolled,Roundabout,19.21031029,Daylight,522100,162090,72.90097417,E01030392,1,2,0,0,Dry,Roundabout,None,30,18:55:00,Urban,Fine no high winds,No,16 - 20,8,Urban area,10,1124,None,None,Other/Not known (2005-10),Leaving roundabout,PEUGEOT,106 INDEPENDENCE,Petrol,Female,None,No tow/articulation,Did not leave carriageway,0,Going ahead other,1,Car,No,Front,2021
201034WN05250,A,428,Unclassified,7176,Slight,None,24-07-2021,Tuesday,2,Auto traffic signal,T or staggered junction,19.07167219,Daylight,474410,260400,72.84739935,E01027150,1,2,0,0,Dry,Single carriageway,None,30,15:50:00,Urban,Fine no high winds,No,16 - 20,8,Urban area,5,993,None,None,Other/Not known (2005-10),Mid Junction - on roundabout or on main road,SUZUKI,ALTO GL,Petrol,Female,None,No tow/articulation,Did not leave carriageway,0,Going ahead other,1,Car,No,Front,2021
201043S033080,C,9009,Unclassified,1072,Slight,None,15-04-2019,Thursday,1,Give way or uncontrolled,Roundabout,14.73166485,Daylight,488830,237520,78.53433743,E01016820,1,1,0,0,Dry,Roundabout,None,60,14:20:00,Rural,Fine no high winds,No,16 - 20,8,Small town,9,124,None,None,Other/Not known (2005-10),Approaching junction or waiting/parked at junction approach,PIAGGIO,VESPA ET4,Petrol,Female,None,No tow/articulation,Did not leave carriageway,0,Slowing or stopping,1,Motorcycle 125cc and under,No,Did not impact,2019
20104100T3262,Motorway,25,NA,0,Slight,None,19-03-2020,Friday,1,Not at junction or within 20 metres,Not at junction or within 20 metres,14.7339184,Daylight,513140,202800,78.61944668,E01023732,4,2,0,0,Dry,Dual carriageway,Roadworks,70,14:03:00,Rural,Fine no high winds,No,16 - 20,8,Urban area,8,2902,None,None,Other/Not known (2005-10),Not at or within 20 metres of junction,KIA,SEDONA LX,Heavy oil,Female,None,No tow/articulation,Did not leave carriageway,0,Slowing or stopping,1,Car,No,Front,2019
2010400C02763,A,1081,Unclassified,0,Slight,None,28-04-2021,Saturday,1,Give way or uncontrolled,T or staggered junction,14.77445096,Daylight,508990,220130,78.55590493,E01015738,1,1,0,0,Wet or damp,Single carriageway,None,30,08:50:00,Urban,Fine no high winds,No,16 - 20,8,Urban area,8,1299,None,Tree,Commuting to/from work,Approaching junction or waiting/parked at junction approach,FORD,KA SUN COLLECTION,Petrol,Female,Overturned,No tow/articulation,Nearside,0,Going ahead other,1,Car,No,Front,2019
201042I268608,A,1114,NA,0,Slight,None,05-07-2019,Friday,1,Not at junction or within 20 metres,Not at junction or within 20 metres,27.09239133,Daylight,571820,205980,93.61730251,E01021581,2,3,0,0,Dry,Dual carriageway,None,70,10:08:00,Urban,Fine no high winds,No,16 - 20,8,Urban area,10,2198,None,None,Other/Not known (2005-10),Not at or within 20 metres of junction,VAUXHALL,OMEGA CD,Petrol,Female,Skidded,No tow/articulation,Did not leave carriageway,0,Going ahead other,1,Car,No,Front,2019
201050BD2B004,A,38,Unclassified,0,Slight,None,02-01-2019,Sunday,1,Give way or uncontrolled,T or staggered junction,27.0990228,Daylight,217560,64900,93.63401372,E01018784,3,4,0,0,Dry,Single carriageway,None,50,15:40:00,Rural,Fine no high winds,No,16 - 20,8,Urban area,10,1149,None,None,Other/Not known (2005-10),Mid Junction - on roundabout or on main road,RENAULT,CLIO EXPRESSION 16V,Petrol,Female,None,No tow/articulation,Did not leave carriageway,0,Slowing or stopping,3,Car,No,Front,2019
201043P080060,Unclassified,363,NA,0,Slight,None,14-08-2021,Saturday,1,Not at junction or within 20 metres,Not at junction or within 20 metres,26.74785179,Daylight,457490,210620,94.22669858,E01028638,1,1,0,0,Wet or damp,Single carriageway,None,60,18:26:00,Rural,Fine no high winds,No,16 - 20,8,Urban area,8,973,None,Telegraph or electricity pole,Other/Not known (2005-10),Not at or within 20 metres of junction,VAUXHALL,CORSA CLUB 12V,Petrol,Female,Skidded,No tow/articulation,Offside,0,Going ahead left-hand bend,1,Car,No,Offside,2019
201001JC30196,A,1006,A,1006,Slight,None,21-04-2010,Wednesday,1,Give way or uncontrolled,T or staggered junction,51.579957,Daylight,536500,188630,-0.031393,E01004446,1,2,0,1,Dry,Single carriageway,None,30,09:30:00,Urban,Fine no high winds,No,16 - 20,8,Urban area,1,1198,None,None,Other/Not known (2005-10),Mid Junction - on roundabout or on main road,VOLKSWAGEN,POLO S,Petrol,Female,None,No tow/articulation,Did not leave carriageway,0,Waiting to go - held up,1,Car,No,Back,2010
201001JC30607,B,160,A,1009,Slight,None,16-11-2010,Tuesday,2,Give way or uncontrolled,Roundabout,51.619175,Daylight,538550,193050,-0.000082,E01004413,1,3,0,0,Dry,Roundabout,None,30,15:35:00,Urban,Fine no high winds,No,16 - 20,8,Urban area,3,1299,None,None,Other/Not known (2005-10),Approaching junction or waiting/parked at junction approach,FORD,KA,Petrol,Female,None,No tow/articulation,Did not leave carriageway,0,Waiting to go - held up,1,Car,No,Back,2010
201001KG70135,A,124,Unclassified,0,Slight,None,22-04-2010,Thursday,1,Give way or uncontrolled,T or staggered junction,51.54336,Daylight,544890,184790,0.088027,E01000068,1,2,0,0,Dry,Single carriageway,None,30,16:35:00,Urban,Fine no high winds,No,16 - 20,8,Urban area,4,1199,None,None,Other/Not known (2005-10),Mid Junction - on roundabout or on main road,VAUXHALL,CORSA CLUB 16V,Petrol,Female,None,No tow/articulation,Did not leave carriageway,0,Going ahead other,2,Car,No,Front,2010
201001KG70218,A,1112,Unclassified,0,Slight,None,30-05-2010,Sunday,1,Give way or uncontrolled,T or staggered junction,51.563984,Daylight,548850,187200,0.146111,E01000114,1,2,0,0,Dry,Single carriageway,None,30,13:27:00,Urban,Fine no high winds,No,16 - 20,8,Urban area,2,1149,None,None,Other/Not known (2005-10),Mid Junction - on roundabout or on main road,RENAULT,CLIO DYNAMIQUE 16V,Petrol,Female,None,No tow/articulation,Did not leave carriageway,0,Turning left,1,Car,No,Front,2010
201001MM70550,A,2,Unclassified,0,Slight,None,04-07-2010,Sunday,1,Auto traffic signal,T or staggered junction,51.484429,Daylight,534260,177940,-0.067775,E01003989,1,2,0,5,Dry,Dual carriageway,None,30,04:00:00,Urban,Fine no high winds,No,16 - 20,8,Urban area,5,1398,None,None,Other/Not known (2005-10),Mid Junction - on roundabout or on main road,TOYOTA,COROLLA T2 VVTI,Petrol,Female,None,No tow/articulation,Did not leave carriageway,0,Turning right,1,Car,No,Front,2010
201001PL60439,Unclassified,0,Unclassified,0,Slight,None,19-06-2010,Saturday,2,Give way or uncontrolled,T or staggered junction,51.432185,Daylight,535150,172150,-0.057176,E01003256,2,2,0,0,Dry,Single carriageway,None,30,15:20:00,Urban,Fine no high winds,No,16 - 20,8,Urban area,2,1149,None,None,Other/Not known (2005-10),Mid Junction - on roundabout or on main road,RENAULT,CLIO EXPRESSION 16V,Petrol,Female,None,No tow/articulation,Did not leave carriageway,0,Going ahead other,1,Car,No,Front,2010
201001QK50294,C,0,Unclassified,0,Slight,None,29-05-2010,Saturday,1,Give way or uncontrolled,T or staggered junction,51.585363,Daylight,520250,188820,-0.265731,E01000515,2,2,0,0,Wet or damp,Single carriageway,None,30,20:50:00,Urban,Fine no high winds,No,16 - 20,8,Urban area,3,1299,None,None,Other/Not known (2005-10),Mid Junction - on roundabout or on main road,FORD,KA,Petrol,Female,None,No tow/articulation,Did not leave carriageway,0,Turning left,1,Car,No,Offside,2010
201001SX21013,A,5100,Unclassified,0,Slight,None,28-09-2010,Tuesday,1,Give way or uncontrolled,T or staggered junction,51.61415,Daylight,521380,192050,-0.248312,E01000264,2,2,0,4,Dry,Single carriageway,None,30,14:10:00,Urban,Fine no high winds,No,16 - 20,8,Urban area,5,1242,None,None,Other/Not known (2005-10),Cleared junction or waiting/parked at junction exit,FORD,FIESTA FREESTYLE,Petrol,Female,None,No tow/articulation,Did not leave carriageway,0,Going ahead other,2,Car,No,Offside,2010
201034WN05250,A,428,Unclassified,7176,Slight,None,02-02-2010,Tuesday,2,Auto traffic signal,T or staggered junction,52.236736,Daylight,474410,260400,-0.911772,E01027150,1,2,0,0,Dry,Single carriageway,None,30,15:50:00,Urban,Fine no high winds,No,16 - 20,8,Urban area,5,993,None,None,Other/Not known (2005-10),Mid Junction - on roundabout or on main road,SUZUKI,ALTO GL,Petrol,Female,None,No tow/articulation,Did not leave carriageway,0,Going ahead other,1,Car,No,Front,2010
201034WS17500,C,26,NA,0,Slight,None,29-04-2010,Thursday,1,Data missing or out of range,Not at junction or within 20 metres,52.133208,Daylight,471490,248840,-0.956959,E01027303,1,1,0,0,Wet or damp,Single carriageway,None,60,15:40:00,Rural,Fine no high winds,No,16 - 20,8,Small town,6,1199,None,Entered ditch,Other/Not known (2005-10),Not at or within 20 metres of junction,VAUXHALL,CORSA CLUB 16V,Petrol,Female,Skidded and overturned,No tow/articulation,Offside,0,Going ahead right-hand bend,1,Car,No,Front,2010
201037B044804,A,1308,Unclassified,0,Slight,None,23-04-2010,Friday,1,Give way or uncontrolled,Private drive or entrance,52.194811,Daylight,604610,259400,0.992348,E01030077,1,2,0,0,Dry,Single carriageway,None,30,14:18:00,Urban,Fine no high winds,No,16 - 20,8,Rural,8,1108,None,None,Other/Not known (2005-10),Approaching junction or waiting/parked at junction approach,FIAT,SEICENTO SPORTING,Petrol,Female,Skidded,No tow/articulation,Did not leave carriageway,0,Going ahead other,1,Car,No,Front,2010
201037B046021,B,1115,Unclassified,8423,Slight,None,23-10-2010,Saturday,1,Give way or uncontrolled,T or staggered junction,52.083028,Daylight,600190,246770,0.920336,E01029911,1,1,0,0,Wet or damp,Single carriageway,None,60,11:05:00,Rural,Fine no high winds,No,16 - 20,8,Urban area,3,1587,None,None,Other/Not known (2005-10),Cleared junction or waiting/parked at junction exit,PEUGEOT,307 RAPIER 16V,Petrol,Female,Overturned,No tow/articulation,Did not leave carriageway,0,Going ahead right-hand bend,1,Car,No,Nearside,2010
201037G030464,B,1070,Unclassified,4201,Slight,None,25-11-2010,Thursday,1,Give way or uncontrolled,T or staggered junction,51.97692,Daylight,608190,235280,1.029936,E01029882,2,1,0,0,Wet or damp,Single carriageway,None,60,10:50:00,Rural,Fine no high winds,No,16 - 20,8,Small town,7,1149,None,Tree,Other/Not known (2005-10),Cleared junction or waiting/parked at junction exit,RENAULT,CLIO DYNAMIQUE 16V,Petrol,Female,Overturned,No tow/articulation,Nearside,0,Going ahead right-hand bend,1,Car,No,Front,2010
2010400C02763,A,1081,Unclassified,0,Slight,None,11-09-2010,Saturday,1,Give way or uncontrolled,T or staggered junction,51.869062,Daylight,508990,220130,-0.418395,E01015738,1,1,0,0,Wet or damp,Single carriageway,None,30,08:50:00,Urban,Fine no high winds,No,16 - 20,8,Urban area,8,1299,None,Tree,Commuting to/from work,Approaching junction or waiting/parked at junction approach,FORD,KA SUN COLLECTION,Petrol,Female,Overturned,No tow/articulation,Nearside,0,Going ahead other,1,Car,No,Front,2010
2010400D02046,B,4541,NA,0,Slight,None,13-07-2010,Tuesday,1,Data missing or out of range,Not at junction or within 20 metres,51.879947,Daylight,500810,221170,-0.536858,E01017566,2,1,0,0,Dry,Single carriageway,None,30,05:28:00,Urban,Fine no high winds,No,16 - 20,8,Urban area,2,973,None,Other permanent object,Other/Not known (2005-10),Not at or within 20 metres of junction,VAUXHALL,CORSA CLUB 12V,Petrol,Female,Skidded,No tow/articulation,Offside,0,Going ahead left-hand bend,1,Car,No,Front,2010
2010400D02682,C,70,C,76,Slight,None,09-09-2010,Thursday,2,Give way or uncontrolled,T or staggered junction,52.043694,Daylight,493710,239250,-0.635046,E01017396,1,2,0,0,Dry,Single carriageway,None,30,15:00:00,Rural,Fine no high winds,No,16 - 20,8,Data missing or out of range,NA,49,None,None,Other/Not known (2005-10),Approaching junction or waiting/parked at junction approach,YAMAHA,JOG R,Petrol,Female,None,No tow/articulation,Did not leave carriageway,0,Waiting to turn right,2,Motorcycle 50cc and under,No,Offside,2010
20104100A0562,A,414,NA,0,Slight,None,01-09-2010,Wednesday,1,Not at junction or within 20 metres,Not at junction or within 20 metres,51.785554,Daylight,537250,211530,-0.011579,E01023469,2,2,0,0,Dry,Dual carriageway,None,70,16:26:00,Rural,Fine no high winds,No,16 - 20,8,Urban area,9,1598,None,None,Commuting to/from work,Not at or within 20 metres of junction,MINI,MINI ONE AUTO,Petrol,Female,None,No tow/articulation,Did not leave carriageway,0,Going ahead other,1,Car,No,Front,2010
20104100D0201,Unclassified,57,NA,0,Slight,None,12-03-2010,Friday,1,Not at junction or within 20 metres,Not at junction or within 20 metres,51.764953,Daylight,496930,208300,-0.596807,E01023416,1,2,0,0,Dry,Single carriageway,None,30,15:35:00,Rural,Fine no high winds,No,16 - 20,8,Urban area,10,1149,None,None,Other/Not known (2005-10),Not at or within 20 metres of junction,RENAULT,CLIO AUTHENTIQUE,Petrol,Female,None,No tow/articulation,Did not leave carriageway,0,Going ahead right-hand bend,1,Car,No,Offside,2010
20104100D0357,Unclassified,975,Unclassified,898,Slight,None,28-05-2010,Friday,2,Give way or uncontrolled,T or staggered junction,51.744665,Daylight,505260,206210,-0.476774,E01023382,1,2,0,0,Dry,Single carriageway,None,30,08:30:00,Urban,Fine no high winds,No,16 - 20,8,Urban area,10,1124,None,None,Other/Not known (2005-10),Leaving main road,PEUGEOT,106 XN ZEST,Petrol,Female,None,No tow/articulation,Did not leave carriageway,0,Turning right,2,Car,No,Offside,2010