Accident_Index,1st_Road_Class,1st_Road_Number,2nd_Road_Class,2nd_Road_Number,Accident_Severity,Carriageway_Hazards,Date,Day_of_Week,Did_Police_Officer_Attend_Scene_of_Accident,Junction_Control,Junction_Detail,Latitude,Light_Conditions,Location_Easting_OSGR,Location_Northing_OSGR,Longitude,LSOA_of_Accident_Location,Number_of_Casualties,Number_of_Vehicles,Pedestrian_Crossing-Human_Control,Pedestrian_Crossing-Physical_Facilities,Road_Surface_Conditions,Road_Type,Special_Conditions_at_Site,Speed_limit,Time,Urban_or_Rural_Area,Weather_Conditions,InScotland,Age_Band_of_Driver,Age_of_Vehicle,Driver_Home_Area_Type,Driver_IMD_Decile,Engine_Capacity_.CC.,Hit_Object_in_Carriageway,Hit_Object_off_Carriageway,Journey_Purpose_of_Driver,Junction_Location,make,model,Propulsion_Code,Sex_of_Driver,Skidding_and_Overturning,Towing_and_Articulation,Vehicle_Leaving_Carriageway,Vehicle_Location.Restricted_Lane,Vehicle_Manoeuvre,Vehicle_Reference,Vehicle_Type,Was_Vehicle_Left_Hand_Drive,X1st_Point_of_Impact,Year
20104100D0388,Unclassified,438,Unclassified,423,Slight,None,23-05-2010,Sunday,1,Give way or uncontrolled,Crossroads,51.71444,Daylight,507290,202890,-0.448404,E01023406,2,2,0,0,Dry,Single carriageway,None,30,17:35:00,Urban,Fine no high winds,No,16 - 20,8,Urban area,9,1198,None,None,Other/Not known (2005-10),Entering main road,VOLKSWAGEN,POLO S,Petrol,Female,Overturned,No tow/articulation,Offside,0,Going ahead other,1,Car,No,Nearside,2010
20104100F0378,A,5183,NA,0,Slight,Any animal in carriageway (except ridden horse),20-05-2010,Thursday,1,Not at junction or within 20 metres,Not at junction or within 20 metres,51.806281,Daylight,511060,213190,-0.390568,E01023725,1,1,0,0,Dry,Single carriageway,None,60,10:45:00,Rural,Fine no high winds,No,16 - 20,8,Urban area,8,1389,None,Tree,Other/Not known (2005-10),Not at or within 20 metres of junction,VAUXHALL,CORSA ELEGANCE 16V AUTO,Petrol,Female,Skidded,No tow/articulation,Nearside,0,Going ahead other,1,Car,No,Back,2010
20104100K0270,A,121,Unclassified,165,Slight,None,05-06-2010,Saturday,1,Give way or uncontrolled,T or staggered junction,51.685832,Daylight,537160,200430,-0.017255,E01023338,2,2,0,0,Dry,Single carriageway,None,40,19:58:00,Urban,Fine no high winds,No,16 - 20,8,Rural,6,1199,None,None,Other/Not known (2005-10),Entering main road,VAUXHALL,CORSA CLUB 16V,Petrol,Female,None,No tow/articulation,Did not leave carriageway,0,Turning right,1,Car,No,Offside,2010
20104100K0537,Unclassified,38,Unclassified,233,Slight,None,20-10-2010,Wednesday,1,Give way or uncontrolled,T or staggered junction,51.701479,Daylight,534890,202110,-0.049423,E01023296,2,2,0,0,Dry,Single carriageway,None,30,08:24:00,Urban,Fine no high winds,No,16 - 20,8,Urban area,5,1299,None,None,Commuting to/from work,Entering main road,FORD,KA STYLE,Petrol,Female,None,No tow/articulation,Did not leave carriageway,0,Turning right,1,Car,No,Front,2010
20104100T1070,Motorway,1,NA,0,Slight,None,04-06-2010,Friday,2,Not at junction or within 20 metres,Not at junction or within 20 metres,51.704884,Daylight,512040,201930,-0.379986,E01023732,1,2,0,0,Dry,Slip road,None,70,18:00:00,Urban,Fine no high winds,No,16 - 20,8,Urban area,10,1124,None,None,Other/Not known (2005-10),Not at or within 20 metres of junction,PEUGEOT,106 XN ZEST 2,Petrol,Female,None,No tow/articulation,Did not leave carriageway,0,Going ahead right-hand bend,2,Car,No,Front,2010
20104100T2081,A(M),1,NA,0,Slight,None,28-07-2010,Wednesday,1,Not at junction or within 20 metres,Not at junction or within 20 metres,51.936303,Daylight,522750,227930,-0.215861,E01023600,1,3,0,0,Dry,Dual carriageway,None,70,08:27:00,Rural,Fine no high winds,No,16 - 20,8,Small town,9,1124,None,None,Other/Not known (2005-10),Not at or within 20 metres of junction,CITROEN,SAXO FORTE,Petrol,Female,None,No tow/articulation,Did not leave carriageway,0,Slowing or stopping,2,Car,No,Back,2010
20104100T3262,Motorway,25,NA,0,Slight,None,29-10-2010,Friday,1,Not at junction or within 20 metres,Not at junction or within 20 metres,51.712483,Daylight,513140,202800,-0.363791,E01023732,4,2,0,0,Dry,Dual carriageway,Roadworks,70,14:03:00,Rural,Fine no high winds,No,16 - 20,8,Urban area,8,2902,None,None,Other/Not known (2005-10),Not at or within 20 metres of junction,KIA,SEDONA LX,Heavy oil,Female,None,No tow/articulation,Did not leave carriageway,0,Slowing or stopping,1,Car,No,Front,2010
201042I075103,A,133,NA,0,Slight,None,13-03-2010,Saturday,1,Not at junction or within 20 metres,Not at junction or within 20 metres,51.810104,Daylight,616920,217070,1.145399,E01021975,1,2,0,0,Dry,Single carriageway,None,60,14:37:00,Rural,Fine no high winds,No,16 - 20,8,Urban area,4,1997,None,None,Other/Not known (2005-10),Not at or within 20 metres of junction,PEUGEOT,307 GLX HDI,Heavy oil,Female,None,No tow/articulation,Did not leave carriageway,0,Going ahead other,2,Car,No,Front,2010
201042I151505,Unclassified,0,Unclassified,0,Slight,None,22-05-2010,Saturday,1,Give way or uncontrolled,Other junction,51.789211,Daylight,618010,214790,1.159753,E01022027,1,1,0,8,Dry,Single carriageway,None,30,08:13:00,Urban,Fine no high winds,No,16 - 20,8,Urban area,5,1299,Bollard or refuge,None,Other/Not known (2005-10),Cleared junction or waiting/parked at junction exit,FORD,KA,Petrol,Female,Skidded,No tow/articulation,Did not leave carriageway,0,Going ahead other,1,Car,No,Front,2010
201042I152905,A,13,NA,0,Slight,None,19-05-2010,Wednesday,1,Not at junction or within 20 metres,Not at junction or within 20 metres,51.495467,Daylight,558620,179870,0.283651,E01015929,1,2,0,0,Dry,Dual carriageway,None,70,17:25:00,Rural,Fine no high winds,No,16 - 20,8,Data missing or out of range,NA,1299,None,None,Journey as part of work,Not at or within 20 metres of junction,FORD,KA,Petrol,Female,None,No tow/articulation,Did not leave carriageway,0,Changing lane to left,1,Car,No,Nearside,2010
201042I163705,Unclassified,0,NA,0,Slight,None,27-05-2010,Thursday,2,Not at junction or within 20 metres,Not at junction or within 20 metres,51.75105,Daylight,569730,208680,0.457498,E01021589,1,2,0,0,Dry,Single carriageway,None,30,20:00:00,Urban,Fine no high winds,No,16 - 20,8,Urban area,8,1299,None,None,Other/Not known (2005-10),Not at or within 20 metres of junction,FORD,KA,Petrol,Female,None,No tow/articulation,Did not leave carriageway,0,Slowing or stopping,2,Car,No,Back,2010
201042I210207,A,128,A,12,Slight,None,05-07-2010,Monday,2,Give way or uncontrolled,Roundabout,51.579089,Daylight,563730,189340,0.3616,E01021446,2,2,0,0,Dry,Slip road,None,30,14:20:00,Rural,Fine no high winds,No,16 - 20,8,Urban area,10,1299,None,None,Other/Not known (2005-10),Approaching junction or waiting/parked at junction approach,FORD,KA LUXURY,Petrol,Female,None,No tow/articulation,Did not leave carriageway,0,Waiting to go - held up,2,Car,No,Back,2010
201042I268608,A,1114,NA,0,Slight,None,20-08-2010,Friday,1,Not at junction or within 20 metres,Not at junction or within 20 metres,51.72616,Daylight,571820,205980,0.486413,E01021581,2,3,0,0,Dry,Dual carriageway,None,70,10:08:00,Urban,Fine no high winds,No,16 - 20,8,Urban area,10,2198,None,None,Other/Not known (2005-10),Not at or within 20 metres of junction,VAUXHALL,OMEGA CD,Petrol,Female,Skidded,No tow/articulation,Did not leave carriageway,0,Going ahead other,1,Car,No,Front,2010
201042I271508,B,1024,Unclassified,0,Slight,None,09-08-2010,Monday,1,Give way or uncontrolled,T or staggered junction,51.83594,Daylight,586090,218710,0.699615,E01021402,1,1,0,0,Dry,Single carriageway,None,30,15:30:00,Rural,Fine no high winds,No,16 - 20,8,Small town,6,998,None,None,Other/Not known (2005-10),Cleared junction or waiting/parked at junction exit,SEAT,AROSA S,Petrol,Female,None,No tow/articulation,Did not leave carriageway,0,Going ahead other,1,Car,No,Front,2010
201042I297609,Unclassified,0,NA,0,Slight,None,09-09-2010,Thursday,1,Not at junction or within 20 metres,Not at junction or within 20 metres,51.728453,Daylight,540680,205270,0.035582,E01021741,1,1,0,0,Dry,Single carriageway,None,30,10:25:00,Rural,Fine no high winds,No,16 - 20,8,Urban area,10,1299,None,Road sign or traffic signal,Other/Not known (2005-10),Not at or within 20 metres of junction,FORD,KA,Petrol,Female,Overturned,No tow/articulation,Nearside,0,Going ahead other,1,Car,No,Nearside,2010
201042I405412,A,1232,Unclassified,0,Slight,None,11-12-2010,Saturday,1,Give way or uncontrolled,T or staggered junction,51.895024,Daylight,600880,225860,0.918153,E01021702,1,2,0,0,Dry,Single carriageway,None,30,11:45:00,Urban,Fine no high winds,No,16 - 20,8,Urban area,9,1299,None,None,Other/Not known (2005-10),Approaching junction or waiting/parked at junction approach,FORD,KA,Petrol,Female,None,No tow/articulation,Did not leave carriageway,0,Waiting to go - held up,2,Car,No,Back,2010
201043N061030,A,41,NA,0,Slight,None,05-03-2010,Friday,1,Data missing or out of range,Not at junction or within 20 metres,51.807845,Daylight,486980,212890,-0.739803,E01017632,1,2,0,0,Dry,Dual carriageway,None,70,14:24:00,Rural,Fine no high winds,No,16 - 20,8,Urban area,10,1360,None,Central crash barrier,Other/Not known (2005-10),Not at or within 20 metres of junction,PEUGEOT,206 LX AUTO,Petrol,Female,None,No tow/articulation,Offside on to centrl res + rebounded,0,Changing lane to right,1,Car,No,Front,2010
201043P010020,Unclassified,136,NA,0,Slight,None,01-02-2010,Monday,1,Data missing or out of range,Not at junction or within 20 metres,52.013857,Daylight,443390,235240,-1.36919,E01028476,1,1,0,0,Frost or ice,Single carriageway,None,30,08:22:00,Rural,Fine no high winds,No,16 - 20,8,Small town,10,1391,None,Entered ditch,Other/Not known (2005-10),Not at or within 20 metres of junction,SEAT,IBIZA CHILL,Petrol,Female,Skidded,No tow/articulation,Nearside,0,Going ahead other,1,Car,No,Front,2010
201043P080060,Unclassified,363,NA,0,Slight,None,05-06-2010,Saturday,1,Not at junction or within 20 metres,Not at junction or within 20 metres,51.791243,Daylight,457490,210620,-1.16786,E01028638,1,1,0,0,Wet or damp,Single carriageway,None,60,18:26:00,Rural,Fine no high winds,No,16 - 20,8,Urban area,8,973,None,Telegraph or electricity pole,Other/Not known (2005-10),Not at or within 20 metres of junction,VAUXHALL,CORSA CLUB 12V,Petrol,Female,Skidded,No tow/articulation,Offside,0,Going ahead left-hand bend,1,Car,No,Offside,2010
201043P203030,Unclassified,129,Unclassified,0,Slight,None,20-03-2010,Saturday,2,Give way or uncontrolled,T or staggered junction,51.898073,Daylight,458950,222520,-1.144669,E01028467,1,2,0,0,Wet or damp,Single carriageway,None,30,18:10:00,Urban,Fine no high winds,No,16 - 20,8,Data missing or out of range,NA,1149,None,None,Other/Not known (2005-10),Entering main road,RENAULT,CLIO AUTHENTIQUE,Petrol,Female,None,No tow/articulation,Did not leave carriageway,0,Turning left,1,Car,No,Offside,2010
201043P255050,B,4017,NA,0,Slight,None,25-05-2010,Tuesday,1,Data missing or out of range,Not at junction or within 20 metres,51.685868,Daylight,449030,198810,-1.292173,E01028697,1,2,0,0,Dry,Single carriageway,None,40,18:50:00,Rural,Fine no high winds,No,16 - 20,8,Rural,9,49,None,None,Other/Not known (2005-10),Not at or within 20 metres of junction,PIAGGIO,ZIP,Petrol,Female,None,No tow/articulation,Did not leave carriageway,0,Going ahead other,2,Motorcycle 50cc and under,No,Offside,2010
201043P264010,A,417,Unclassified,0,Slight,None,01-01-2010,Friday,1,Give way or uncontrolled,Mini-roundabout,51.59383,Daylight,439500,188490,-1.431183,E01028760,1,2,0,0,Dry,Single carriageway,None,30,13:09:00,Urban,Fine no high winds,No,16 - 20,8,Urban area,8,1149,None,None,Other/Not known (2005-10),Mid Junction - on roundabout or on main road,RENAULT,CLIO DYNAMIQUE 16V,Petrol,Female,None,No tow/articulation,Did not leave carriageway,0,Going ahead other,1,Car,No,Front,2010
201043R093090,A,4130,Unclassified,7407,Slight,None,15-09-2010,Wednesday,1,Give way or uncontrolled,T or staggered junction,51.538038,Daylight,480580,182770,-0.839552,E01016579,2,2,0,0,Dry,Single carriageway,None,60,10:35:00,Rural,Fine no high winds,No,16 - 20,8,Small town,10,1598,None,None,Commuting to/from work,Approaching junction or waiting/parked at junction approach,MINI,MINI ONE,Petrol,Female,None,No tow/articulation,Did not leave carriageway,0,Going ahead other,1,Car,No,Front,2010
201043R160060,A,3095,Unclassified,7002,Slight,None,25-06-2010,Friday,1,Give way or uncontrolled,T or staggered junction,51.411266,Daylight,486190,168760,-0.762097,E01016250,2,2,0,0,Dry,Dual carriageway,None,30,17:46:00,Urban,Fine no high winds,No,16 - 20,8,Urban area,8,1390,None,None,Other/Not known (2005-10),Entering from slip road,RENAULT,CLIO DYNAMIQUE 16V,Petrol,Female,None,No tow/articulation,Nearside,0,Turning right,1,Car,No,Did not impact,2010
201043R209010,A,330,NA,0,Slight,None,30-01-2010,Saturday,1,Data missing or out of range,Not at junction or within 20 metres,51.394337,Daylight,493750,167010,-0.653887,E01016604,1,1,0,0,Frost or ice,Single carriageway,None,30,10:45:00,Urban,Fine no high winds,No,16 - 20,8,Urban area,10,1242,None,Tree,Journey as part of work,Not at or within 20 metres of junction,FIAT,PUNTO GO,Petrol,Female,Skidded,No tow/articulation,Nearside,0,Going ahead other,1,Car,No,Front,2010
201043S033080,C,9009,Unclassified,1072,Slight,None,12-08-2010,Thursday,1,Give way or uncontrolled,Roundabout,52.028946,Daylight,488830,237520,-0.70663,E01016820,1,1,0,0,Dry,Roundabout,None,60,14:20:00,Rural,Fine no high winds,No,16 - 20,8,Small town,9,124,None,None,Other/Not known (2005-10),Approaching junction or waiting/parked at junction approach,PIAGGIO,VESPA ET4,Petrol,Female,None,No tow/articulation,Did not leave carriageway,0,Slowing or stopping,1,Motorcycle 125cc and under,No,Did not impact,2010
201043S049070,Motorway,1,NA,0,Slight,None,11-07-2010,Sunday,1,Data missing or out of range,Not at junction or within 20 metres,52.063706,Daylight,488430,241380,-0.711461,E01016803,3,3,0,0,Dry,Dual carriageway,None,70,16:10:00,Rural,Fine no high winds,No,16 - 20,8,Rural,9,1998,None,None,Other/Not known (2005-10),Not at or within 20 metres of junction,FORD,MONDEO GHIA X TDCI,Heavy oil,Female,Skidded,No tow/articulation,Did not leave carriageway,0,Slowing or stopping,1,Car,No,Front,2010
201043S128030,Unclassified,1129,NA,0,Slight,None,25-03-2010,Thursday,1,Data missing or out of range,Not at junction or within 20 metres,52.061692,Daylight,481630,241040,-0.810713,E01016837,1,1,0,0,Wet or damp,Single carriageway,None,30,08:39:00,Urban,Fine no high winds,No,16 - 20,8,Urban area,5,998,None,Other permanent object,Other/Not known (2005-10),Not at or within 20 metres of junction,NISSAN,MICRA S,Petrol,Female,None,No tow/articulation,Did not leave carriageway,0,Turning left,1,Car,No,Front,2010
201043S153110,Motorway,1,NA,0,Slight,None,29-11-2010,Monday,1,Data missing or out of range,Not at junction or within 20 metres,52.080331,Daylight,486170,243190,-0.743964,E01016767,2,1,0,0,Wet or damp,Dual carriageway,None,70,15:00:00,Urban,Fine no high winds,No,16 - 20,8,Data missing or out of range,NA,1299,None,None,Other/Not known (2005-10),Not at or within 20 metres of junction,FORD,KA LUXURY,Petrol,Female,Skidded,No tow/articulation,Nearside,0,Going ahead other,1,Car,No,Nearside,2010
201045EL54374,B,365,A,245,Slight,None,10-09-2010,Friday,2,Give way or uncontrolled,Other junction,51.33541,Daylight,509140,160760,-0.434677,E01030318,1,6,0,0,Dry,Single carriageway,None,30,09:30:00,Rural,Fine no high winds,No,16 - 20,8,Small town,4,1397,None,None,Other/Not known (2005-10),Approaching junction or waiting/parked at junction approach,SKODA,FABIA CLASSIC 8V,Petrol,Female,Skidded,No tow/articulation,Did not leave carriageway,0,Going ahead other,1,Car,No,Front,2010
201045EP52321,A,240,A,24,Slight,None,13-07-2010,Tuesday,2,Give way or uncontrolled,Roundabout,51.34473,Daylight,522100,162090,-0.248267,E01030392,1,2,0,0,Dry,Roundabout,None,30,18:55:00,Urban,Fine no high winds,No,16 - 20,8,Urban area,10,1124,None,None,Other/Not known (2005-10),Leaving roundabout,PEUGEOT,106 INDEPENDENCE,Petrol,Female,None,No tow/articulation,Did not leave carriageway,0,Going ahead other,1,Car,No,Front,2010
201045RE51466,Unclassified,1224,Unclassified,0,Slight,None,27-05-2010,Thursday,1,Give way or uncontrolled,T or staggered junction,51.226479,Daylight,524880,149000,-0.212945,E01030631,2,1,0,0,Dry,Single carriageway,None,30,20:15:00,Urban,Fine no high winds,No,16 - 20,8,Rural,10,1299,None,None,Other/Not known (2005-10),Approaching junction or waiting/parked at junction approach,FORD,KA,Petrol,Female,None,No tow/articulation,Did not leave carriageway,0,Going ahead other,1,Car,No,Front,2010
201045RE55449,Unclassified,593,NA,0,Slight,None,11-11-2010,Thursday,2,Data missing or out of range,Not at junction or within 20 metres,51.175377,Daylight,527560,143380,-0.17658,E01030588,1,2,0,0,Wet or damp,Single carriageway,None,30,08:20:00,Urban,Fine no high winds,No,16 - 20,8,Urban area,3,1124,None,None,Other/Not known (2005-10),Not at or within 20 metres of junction,PEUGEOT,206 LOOK,Petrol,Female,None,No tow/articulation,Did not leave carriageway,0,Turning right,1,Car,No,Offside,2010
201045RU56946,A,308,NA,0,Slight,None,17-12-2010,Friday,1,Data missing or out of range,Not at junction or within 20 metres,51.438627,Daylight,501230,172080,-0.544962,E01030668,1,3,0,0,Dry,Single carriageway,None,40,08:45:00,Rural,Fine no high winds,No,16 - 20,8,Urban area,10,1198,None,None,Commuting to/from work,Not at or within 20 metres of junction,VOLKSWAGEN,POLO S,Petrol,Female,None,No tow/articulation,Did not leave carriageway,0,Slowing or stopping,2,Car,No,Front,2010
201050AC2D010,B,3303,C,92,Slight,None,24-05-2010,Monday,3,Give way or uncontrolled,Roundabout,50.209863,Daylight,164610,39650,-5.300547,E01018877,2,2,0,0,Dry,Roundabout,None,30,12:30:00,Urban,Fine no high winds,No,16 - 20,8,Small town,3,1124,None,None,Other/Not known (2005-10),Entering roundabout,PEUGEOT,106 INDEPENDENCE,Petrol,Female,None,No tow/articulation,Did not leave carriageway,0,Slowing or stopping,2,Car,No,Back,2010
201050BD2B004,A,38,Unclassified,0,Slight,None,18-04-2010,Sunday,1,Give way or uncontrolled,T or staggered junction,50.455426,Daylight,217560,64900,-4.571538,E01018784,3,4,0,0,Dry,Single carriageway,None,50,15:40:00,Rural,Fine no high winds,No,16 - 20,8,Urban area,10,1149,None,None,Other/Not known (2005-10),Mid Junction - on roundabout or on main road,RENAULT,CLIO EXPRESSION 16V,Petrol,Female,None,No tow/articulation,Did not leave carriageway,0,Slowing or stopping,3,Car,No,Front,2010
201050BS2D002,A,388,NA,0,Slight,None,08-06-2010,Tuesday,1,Not at junction or within 20 metres,Not at junction or within 20 metres,50.431533,Daylight,239730,61520,-4.258043,E01018764,1,1,0,0,Dry,Single carriageway,None,30,12:37:00,Rural,Fine no high winds,No,16 - 20,8,Small town,3,1391,None,None,Other/Not known (2005-10),Not at or within 20 metres of junction,SEAT,IBIZA CHILL,Petrol,Female,Skidded,No tow/articulation,Straight ahead at junction,7,Slowing or stopping,1,Car,No,Front,2010
201050EL2S025,Unclassified,0,NA,0,Slight,None,04-10-2010,Monday,1,Not at junction or within 20 metres,Not at junction or within 20 metres,50.408867,Daylight,250560,58680,-4.104534,E01015093,1,2,0,0,Dry,Single carriageway,None,30,08:45:00,Urban,Fine no high winds,No,16 - 20,8,Urban area,4,1124,None,None,Other/Not known (2005-10),Not at or within 20 metres of junction,PEUGEOT,206 LOOK,Petrol,Female,None,No tow/articulation,Did not leave carriageway,0,Going ahead other,1,Car,No,Front,2010
201050FP2G013,A,3022,NA,0,Slight,Vehicle load on road,20-06-2010,Sunday,1,Not at junction or within 20 metres,Not at junction or within 20 metres,50.400321,Daylight,289040,56780,-3.562671,E01015199,3,4,1,1,Dry,Single carriageway,Auto traffic signal - out,30,14:30:00,Rural,Fine no high winds,No,16 - 20,8,Urban area,8,1149,None,None,Other/Not known (2005-10),Not at or within 20 metres of junction,RENAULT,CLIO AUTHENTIQUE,Petrol,Female,None,No tow/articulation,Did not leave carriageway,0,Going ahead other,3,Car,No,Back,2010
201050FT2D027,Unclassified,0,Unclassified,0,Slight,None,27-11-2010,Saturday,1,Give way or uncontrolled,T or staggered junction,50.477656,Daylight,292530,65310,-3.516031,E01015243,2,2,0,0,Wet or damp,Single carriageway,None,30,10:00:00,Urban,Fine no high winds,No,16 - 20,8,Urban area,3,1299,None,None,Commuting to/from work,Approaching junction or waiting/parked at junction approach,FORD,KA,Petrol,Female,None,No tow/articulation,Did not leave carriageway,0,Going ahead other,2,Car,No,Offside,2010
201050JK2M007,A,381,A,379,Slight,None,22-09-2010,Wednesday,1,Give way or uncontrolled,T or staggered junction,50.365708,Daylight,277700,53180,-3.720989,E01020142,2,2,0,0,Dry,Single carriageway,None,40,16:35:00,Rural,Fine no high winds,No,16 - 20,8,Small town,7,1997,None,None,Other/Not known (2005-10),Approaching junction or waiting/parked at junction approach,PEUGEOT,206 CC,Petrol,Female,None,No tow/articulation,Did not leave carriageway,0,Going ahead other,1,Car,No,Front,2010
201054EN32910,C,394,NA,0,Slight,None,22-09-2010,Wednesday,1,Not at junction or within 20 metres,Not at junction or within 20 metres,51.441542,Daylight,400050,171400,-2.000687,E01031895,1,3,0,0,Dry,Single carriageway,None,30,11:29:00,Urban,Fine no high winds,No,16 - 20,8,Urban area,8,1124,None,None,Other/Not known (2005-10),Not at or within 20 metres of junction,PEUGEOT,106 INDEPENDENCE,Petrol,Female,None,No tow/articulation,Did not leave carriageway,0,Going ahead other,2,Car,No,Front,2010
201054EP26510,C,151,Unclassified,0,Slight,None,26-07-2010,Monday,1,Give way or uncontrolled,T or staggered junction,51.496535,Daylight,384470,177540,-2.225124,E01031951,2,2,0,0,Dry,Single carriageway,None,30,20:35:00,Rural,Fine no high winds,No,16 - 20,8,Urban area,10,1998,None,None,Other/Not known (2005-10),Approaching junction or waiting/parked at junction approach,RENAULT,CLIO SPORT,Petrol,Female,None,No tow/articulation,Did not leave carriageway,0,Going ahead left-hand bend,2,Car,No,Front,2010
2010550C18487,Unclassified,0,NA,0,Slight,None,07-05-2010,Friday,1,Not at junction or within 20 metres,Not at junction or within 20 metres,50.724623,Daylight,407970,91680,-1.888471,E01015347,1,2,0,0,Dry,Single carriageway,None,30,17:55:00,Urban,Fine no high winds,No,16 - 20,8,Urban area,8,1299,None,None,Other/Not known (2005-10),Not at or within 20 metres of junction,FORD,KA,Petrol,Female,None,No tow/articulation,Did not leave carriageway,0,Going ahead other,2,Car,No,Front,2010
2010550C25961,A,35,NA,0,Slight,None,19-06-2010,Saturday,2,Not at junction or within 20 metres,Not at junction or within 20 metres,50.726266,Daylight,405870,91860,-1.91822,E01015402,1,2,0,0,Dry,Single carriageway,None,30,16:40:00,Urban,Fine no high winds,No,16 - 20,8,Urban area,5,1242,None,None,Other/Not known (2005-10),Not at or within 20 metres of junction,FIAT,PUNTO 1.2,Petrol,Female,None,No tow/articulation,Did not leave carriageway,0,Slowing or stopping,2,Car,No,Front,2010
2010550C26470,B,3068,Unclassified,0,Slight,None,23-06-2010,Wednesday,1,Give way or uncontrolled,Private drive or entrance,50.720359,Daylight,399330,91200,-2.010876,E01015425,2,2,0,4,Dry,Single carriageway,None,30,19:45:00,Urban,Fine no high winds,No,16 - 20,8,Urban area,1,1997,None,None,Other/Not known (2005-10),Leaving main road,PEUGEOT,307 D TURBO HDI,Heavy oil,Female,None,No tow/articulation,Did not leave carriageway,0,Turning right,1,Car,No,Nearside,2010
2010550C35543,B,3068,Unclassified,0,Slight,None,16-08-2010,Monday,1,Auto traffic signal,T or staggered junction,50.713795,Daylight,399920,90470,-2.002518,E01015423,1,2,0,5,Dry,Single carriageway,None,30,07:33:00,Urban,Fine no high winds,No,16 - 20,8,Urban area,10,1753,None,None,Journey as part of work,Entering main road,FORD,FIESTA 35 TD,Heavy oil,Female,None,No tow/articulation,Did not leave carriageway,0,Turning right,2,Van / Goods 3.5 tonnes mgw or under,No,Nearside,2010
201060L147903,A,548,Unclassified,0,Slight,None,10-08-2010,Tuesday,2,Give way or uncontrolled,T or staggered junction,53.294223,Daylight,294760,378640,-3.580427,W01000120,1,2,0,4,Dry,Single carriageway,None,30,18:15:00,Urban,Fine no high winds,No,16 - 20,8,Urban area,NA,1997,None,None,Other/Not known (2005-10),Mid Junction - on roundabout or on main road,PEUGEOT,307 RAPIER HDI,Heavy oil,Female,None,No tow/articulation,Did not leave carriageway,0,Moving off,2,Car,No,Offside,2010
201060L173448,A,525,NA,0,Slight,None,16-09-2010,Thursday,1,Data missing or out of range,Not at junction or within 20 metres,53.057649,Daylight,327880,351700,-3.077548,W01000398,1,1,0,8,Wet or damp,Single carriageway,None,30,15:17:00,Rural,Fine no high winds,No,16 - 20,8,Rural,NA,1149,None,None,Other/Not known (2005-10),Not at or within 20 metres of junction,RENAULT,CLIO DYNAMIQUE 16V,Petrol,Female,Skidded,No tow/articulation,Did not leave carriageway,0,Going ahead other,1,Car,No,Front,2010
201060L185443,A,470,Unclassified,0,Slight,None,05-10-2010,Tuesday,2,Stop sign,Other junction,52.867932,Daylight,271210,331770,-3.914776,W01000114,1,3,0,0,Dry,Single carriageway,None,60,10:00:00,Rural,Fine no high winds,No,16 - 20,8,Rural,NA,1398,None,None,Other/Not known (2005-10),Approaching junction or waiting/parked at junction approach,CITROEN,C3 HDI SX,Heavy oil,Female,None,No tow/articulation,Did not leave carriageway,0,Waiting to turn right,2,Car,No,Back,2010
201001JC30196,A,1006,A,1006,Slight,None,21-04-2010,Wednesday,1,Give way or uncontrolled,T or staggered junction,51.579957,Daylight,536500,188630,-0.031393,E01004446,1,2,0,1,Dry,Single carriageway,None,30,09:30:00,Urban,Fine no high winds,No,16 - 20,8,Urban area,1,1198,None,None,Other/Not known (2005-10),Mid Junction - on roundabout or on main road,VOLKSWAGEN,POLO S,Petrol,Female,None,No tow/articulation,Did not leave carriageway,0,Waiting to go - held up,1,Car,No,Back,2010
201001JC30607,B,160,A,1009,Slight,None,16-11-2010,Tuesday,2,Give way or uncontrolled,Roundabout,51.619175,Daylight,538550,193050,-0.000082,E01004413,1,3,0,0,Dry,Roundabout,None,30,15:35:00,Urban,Fine no high winds,No,16 - 20,8,Urban area,3,1299,None,None,Other/Not known (2005-10),Approaching junction or waiting/parked at junction approach,FORD,KA,Petrol,Female,None,No tow/articulation,Did not leave carriageway,0,Waiting to go - held up,1,Car,No,Back,2010
201001KG70135,A,124,Unclassified,0,Slight,None,22-04-2010,Thursday,1,Give way or uncontrolled,T or staggered junction,51.54336,Daylight,544890,184790,0.088027,E01000068,1,2,0,0,Dry,Single carriageway,None,30,16:35:00,Urban,Fine no high winds,No,16 - 20,8,Urban area,4,1199,None,None,Other/Not known (2005-10),Mid Junction - on roundabout or on main road,VAUXHALL,CORSA CLUB 16V,Petrol,Female,None,No tow/articulation,Did not leave carriageway,0,Going ahead other,2,Car,No,Front,2010
201001KG70218,A,1112,Unclassified,0,Slight,None,30-05-2010,Sunday,1,Give way or uncontrolled,T or staggered junction,51.563984,Daylight,548850,187200,0.146111,E01000114,1,2,0,0,Dry,Single carriageway,None,30,13:27:00,Urban,Fine no high winds,No,16 - 20,8,Urban area,2,1149,None,None,Other/Not known (2005-10),Mid Junction - on roundabout or on main road,RENAULT,CLIO DYNAMIQUE 16V,Petrol,Female,None,No tow/articulation,Did not leave carriageway,0,Turning left,1,Car,No,Front,2010