Accident_Index,1st_Road_Class,1st_Road_Number,2nd_Road_Class,2nd_Road_Number,Accident_Severity,Carriageway_Hazards,Date,Day_of_Week,Did_Police_Officer_Attend_Scene_of_Accident,Junction_Control,Junction_Detail,Latitude,Light_Conditions,Location_Easting_OSGR,Location_Northing_OSGR,Longitude,LSOA_of_Accident_Location,Number_of_Casualties,Number_of_Vehicles,Pedestrian_Crossing-Human_Control,Pedestrian_Crossing-Physical_Facilities,Road_Surface_Conditions,Road_Type,Special_Conditions_at_Site,Speed_limit,Time,Urban_or_Rural_Area,Weather_Conditions,InScotland,Age_Band_of_Driver,Age_of_Vehicle,Driver_Home_Area_Type,Driver_IMD_Decile,Engine_Capacity_.CC.,Hit_Object_in_Carriageway,Hit_Object_off_Carriageway,Journey_Purpose_of_Driver,Junction_Location,make,model,Propulsion_Code,Sex_of_Driver,Skidding_and_Overturning,Towing_and_Articulation,Vehicle_Leaving_Carriageway,Vehicle_Location.Restricted_Lane,Vehicle_Manoeuvre,Vehicle_Reference,Vehicle_Type,Was_Vehicle_Left_Hand_Drive,X1st_Point_of_Impact,Year
201001MM70550,A,2,Unclassified,0,Slight,None,04-07-2010,Sunday,1,Auto traffic signal,T or staggered junction,51.484429,Daylight,534260,177940,-0.067775,E01003989,1,2,0,5,Dry,Dual carriageway,None,30,04:00:00,Urban,Fine no high winds,No,16 - 20,8,Urban area,5,1398,None,None,Other/Not known (2005-10),Mid Junction - on roundabout or on main road,TOYOTA,COROLLA T2 VVTI,Petrol,Female,None,No tow/articulation,Did not leave carriageway,0,Turning right,1,Car,No,Front,2010
201001PL60439,Unclassified,0,Unclassified,0,Slight,None,19-06-2010,Saturday,2,Give way or uncontrolled,T or staggered junction,51.432185,Daylight,535150,172150,-0.057176,E01003256,2,2,0,0,Dry,Single carriageway,None,30,15:20:00,Urban,Fine no high winds,No,16 - 20,8,Urban area,2,1149,None,None,Other/Not known (2005-10),Mid Junction - on roundabout or on main road,RENAULT,CLIO EXPRESSION 16V,Petrol,Female,None,No tow/articulation,Did not leave carriageway,0,Going ahead other,1,Car,No,Front,2010
201001QK50294,C,0,Unclassified,0,Slight,None,29-05-2010,Saturday,1,Give way or uncontrolled,T or staggered junction,51.585363,Daylight,520250,188820,-0.265731,E01000515,2,2,0,0,Wet or damp,Single carriageway,None,30,20:50:00,Urban,Fine no high winds,No,16 - 20,8,Urban area,3,1299,None,None,Other/Not known (2005-10),Mid Junction - on roundabout or on main road,FORD,KA,Petrol,Female,None,No tow/articulation,Did not leave carriageway,0,Turning left,1,Car,No,Offside,2010
201001SX21013,A,5100,Unclassified,0,Slight,None,28-09-2010,Tuesday,1,Give way or uncontrolled,T or staggered junction,51.61415,Daylight,521380,192050,-0.248312,E01000264,2,2,0,4,Dry,Single carriageway,None,30,14:10:00,Urban,Fine no high winds,No,16 - 20,8,Urban area,5,1242,None,None,Other/Not known (2005-10),Cleared junction or waiting/parked at junction exit,FORD,FIESTA FREESTYLE,Petrol,Female,None,No tow/articulation,Did not leave carriageway,0,Going ahead other,2,Car,No,Offside,2010
201001TW69079,A,307,A,316,Slight,None,14-04-2010,Wednesday,1,Auto traffic signal,Roundabout,51.465174,Daylight,518240,175400,-0.29923,E01003860,1,2,0,5,Dry,Single carriageway,None,30,13:33:00,Urban,Fine no high winds,No,16 - 20,8,Rural,6,1997,None,None,Other/Not known (2005-10),Approaching junction or waiting/parked at junction approach,CITROEN,BERLINGO MULTISPACE FORTE H,Heavy oil,Female,None,No tow/articulation,Did not leave carriageway,0,Turning left,2,Car,No,Nearside,2010
201001VK30061,A,308,Unclassified,0,Slight,None,20-02-2010,Saturday,1,Give way or uncontrolled,T or staggered junction,51.411001,Daylight,518560,169380,-0.29664,E01002971,2,3,1,5,Dry,Single carriageway,None,30,16:40:00,Urban,Fine no high winds,No,16 - 20,8,Urban area,3,1598,None,None,Other/Not known (2005-10),Mid Junction - on roundabout or on main road,MINI,MINI ONE,Petrol,Female,None,No tow/articulation,Did not leave carriageway,0,Waiting to go - held up,3,Car,No,Back,2010
201001WW50014,A,214,NA,0,Slight,None,15-01-2010,Friday,1,Data missing or out of range,Not at junction or within 20 metres,51.443499,Daylight,527430,173210,-0.167789,E01004626,1,3,0,5,Dry,Single carriageway,None,30,09:30:00,Urban,Fine no high winds,No,16 - 20,8,Data missing or out of range,NA,1587,None,None,Other/Not known (2005-10),Not at or within 20 metres of junction,PEUGEOT,307 LX 16V AUTO,Petrol,Female,None,No tow/articulation,Did not leave carriageway,0,Going ahead other,1,Car,No,Front,2010
201001YE80180,B,154,Unclassified,0,Slight,None,02-01-2010,Saturday,1,Give way or uncontrolled,Mini-roundabout,51.630857,Daylight,532960,194200,-0.080342,E01001403,1,2,0,0,Dry,Roundabout,None,30,14:15:00,Urban,Fine no high winds,No,16 - 20,8,Data missing or out of range,NA,1149,None,None,Other/Not known (2005-10),Approaching junction or waiting/parked at junction approach,RENAULT,CLIO DYNAMIQUE 16V,Petrol,Female,None,No tow/articulation,Did not leave carriageway,0,Waiting to go - held up,1,Car,No,Back,2010
201001YE80469,A,10,Motorway,25,Slight,None,07-06-2010,Monday,2,Auto traffic signal,Roundabout,51.683854,Daylight,534940,200150,-0.049457,E01001412,1,2,0,0,Dry,Roundabout,None,30,19:35:00,Rural,Fine no high winds,No,16 - 20,8,Urban area,4,1598,None,None,Other/Not known (2005-10),Mid Junction - on roundabout or on main road,MINI,MINI ONE,Petrol,Female,None,No tow/articulation,Did not leave carriageway,0,Going ahead other,1,Car,No,Front,2010
201001ZT80109,A,237,C,0,Slight,None,10-04-2010,Saturday,1,Give way or uncontrolled,Crossroads,51.34777,Daylight,529090,162600,-0.147773,E01004181,1,3,0,4,Dry,Single carriageway,None,30,07:45:00,Urban,Fine no high winds,No,16 - 20,8,Data missing or out of range,NA,1468,None,None,Other/Not known (2005-10),Mid Junction - on roundabout or on main road,PROTON,SATRIA LUX SPORT AUTO,Petrol,Female,None,No tow/articulation,Did not leave carriageway,0,Going ahead other,3,Car,No,Offside,2010
201004AL10021,A,584,Unclassified,0,Slight,None,30-01-2010,Saturday,1,Give way or uncontrolled,T or staggered junction,53.742181,Daylight,333840,427780,-3.004614,E01024995,3,3,0,4,Dry,Single carriageway,None,30,12:55:00,Urban,Fine no high winds,No,16 - 20,8,Urban area,2,1598,None,None,Other/Not known (2005-10),Approaching junction or waiting/parked at junction approach,MINI,MINI ONE,Petrol,Female,None,No tow/articulation,Did not leave carriageway,0,Waiting to go - held up,2,Car,No,Back,2010
201004AL10079,A,583,Unclassified,0,Slight,None,30-04-2010,Friday,1,Give way or uncontrolled,Roundabout,53.794016,Daylight,335120,433530,-2.98642,E01012687,1,1,0,0,Wet or damp,Roundabout,Oil or diesel,40,16:00:00,Rural,Fine no high winds,No,16 - 20,8,Small town,7,1124,None,Lamp post,Other/Not known (2005-10),Leaving roundabout,CITROEN,SAXO FORTE,Petrol,Female,Skidded,No tow/articulation,Nearside,0,Going ahead right-hand bend,1,Car,No,Offside,2010
201004AL10159,A,585,NA,0,Slight,None,11-09-2010,Saturday,1,Data missing or out of range,Not at junction or within 20 metres,53.831364,Daylight,340040,437620,-2.912539,E01025026,1,3,0,0,Wet or damp,Single carriageway,None,60,11:20:00,Rural,Fine no high winds,No,16 - 20,8,Urban area,10,973,None,None,Other/Not known (2005-10),Not at or within 20 metres of junction,VAUXHALL,CORSA LIFE 12V,Petrol,Female,None,Other tow,Did not leave carriageway,0,Slowing or stopping,2,Car,No,Back,2010
201004AX10125,B,5124,Unclassified,0,Slight,None,27-11-2010,Saturday,1,Give way or uncontrolled,Roundabout,53.828263,Daylight,331670,437390,-3.039643,E01012680,2,2,0,1,Dry,Single carriageway,None,30,09:30:00,Urban,Fine no high winds,No,16 - 20,8,Urban area,5,1299,None,None,Other/Not known (2005-10),Cleared junction or waiting/parked at junction exit,FORD,KA,Petrol,Female,None,No tow/articulation,Did not leave carriageway,4,Parked,2,Car,No,Back,2010
201004BC10009,B,5268,A,585,Slight,None,23-01-2010,Saturday,1,Give way or uncontrolled,Roundabout,53.864026,Daylight,333720,441340,-3.009356,E01025552,1,2,0,0,Wet or damp,Single carriageway,None,30,12:08:00,Urban,Fine no high winds,No,16 - 20,8,Urban area,9,1595,None,None,Other/Not known (2005-10),Approaching junction or waiting/parked at junction approach,VOLKSWAGEN,BEETLE,Petrol,Female,None,No tow/articulation,Did not leave carriageway,0,Waiting to go - held up,2,Car,No,Back,2010
201004CA10089,Unclassified,0,Unclassified,0,Slight,None,02-09-2010,Thursday,1,Give way or uncontrolled,Roundabout,53.650556,Daylight,358710,417300,-2.626163,E01024940,1,2,0,0,Dry,Roundabout,None,30,19:15:00,Urban,Fine no high winds,No,16 - 20,8,Urban area,1,1299,None,None,Other/Not known (2005-10),Entering roundabout,FORD,KA,Petrol,Female,None,No tow/articulation,Did not leave carriageway,0,Going ahead other,1,Car,No,Front,2010
201004CM10065,Unclassified,0,Unclassified,0,Slight,None,17-05-2010,Monday,1,Give way or uncontrolled,T or staggered junction,53.734408,Daylight,352350,426690,-2.723823,E01025429,4,2,0,0,Dry,Single carriageway,None,30,16:50:00,Urban,Fine no high winds,No,16 - 20,8,Urban area,10,1124,None,None,Commuting to/from work,Approaching junction or waiting/parked at junction approach,PEUGEOT,106 INDEPENDENCE,Petrol,Female,None,No tow/articulation,Did not leave carriageway,0,Going ahead other,2,Car,No,Front,2010
201004EL10050,A,679,Unclassified,0,Slight,None,20-04-2010,Tuesday,1,Auto traffic signal,Crossroads,53.755249,Daylight,375520,428830,-2.372764,E01025041,1,2,0,8,Dry,Single carriageway,None,30,13:35:00,Urban,Fine no high winds,No,16 - 20,8,Urban area,8,1363,None,None,Other/Not known (2005-10),Approaching junction or waiting/parked at junction approach,TOYOTA,YARIS GS D-4D,Heavy oil,Female,None,No tow/articulation,Did not leave carriageway,0,Slowing or stopping,1,Car,No,Front,2010
201004EN10081,A,59,A,59,Slight,None,08-08-2010,Sunday,1,Give way or uncontrolled,Roundabout,53.831564,Daylight,373820,437330,-2.399272,E01025350,4,2,0,0,Dry,Roundabout,None,60,20:47:00,Rural,Fine no high winds,No,16 - 20,8,Urban area,4,998,None,None,Other/Not known (2005-10),Entering roundabout,TOYOTA,YARIS VVTI COLOUR COLLECTIO,Petrol,Female,None,No tow/articulation,Did not leave carriageway,0,Going ahead other,2,Car,No,Back,2010
201004TA10128,Motorway,6,NA,0,Slight,None,22-07-2010,Thursday,1,Data missing or out of range,Not at junction or within 20 metres,54.127743,Daylight,351020,470470,-2.751014,E01025130,1,3,0,0,Dry,Dual carriageway,None,70,11:00:00,Rural,Fine no high winds,No,16 - 20,8,Rural,7,1199,None,None,Other/Not known (2005-10),Not at or within 20 metres of junction,VAUXHALL,CORSA COMFORT 16V,Petrol,Female,Skidded,No tow/articulation,Did not leave carriageway,0,Slowing or stopping,1,Car,No,Front,2010
201005AA03872,A,551,A,551,Slight,None,17-06-2010,Thursday,2,Give way or uncontrolled,Roundabout,53.423091,Daylight,329320,392340,-3.065097,E01007313,1,2,0,4,Dry,Single carriageway,None,30,17:30:00,Urban,Fine no high winds,No,16 - 20,8,Urban area,3,973,None,None,Other/Not known (2005-10),Cleared junction or waiting/parked at junction exit,VAUXHALL,CORSA CLUB 12V,Petrol,Female,None,No tow/articulation,Did not leave carriageway,0,Turning left,1,Car,No,Back,2010
201005AA06797,B,5145,A,5027,Slight,None,27-11-2010,Saturday,1,Auto traffic signal,Crossroads,53.41195,Daylight,330700,391080,-3.044056,E01007276,3,2,0,5,Dry,Single carriageway,None,30,09:32:00,Urban,Fine no high winds,No,16 - 20,8,Urban area,4,1198,None,None,Other/Not known (2005-10),Mid Junction - on roundabout or on main road,VOLKSWAGEN,POLO E,Petrol,Female,None,No tow/articulation,Did not leave carriageway,0,Going ahead other,2,Car,No,Front,2010
201005EE03921,A,580,B,5187,Slight,Previous accident,23-06-2010,Wednesday,1,Authorised person,More than 4 arms (not roundabout),53.450328,Daylight,337920,395250,-2.936275,E01006733,2,2,0,0,Dry,Dual carriageway,None,30,11:34:00,Urban,Fine no high winds,No,16 - 20,8,Urban area,2,1299,None,None,Taking pupil to/from school,Mid Junction - on roundabout or on main road,FORD,KA,Petrol,Female,None,No tow/articulation,Did not leave carriageway,0,Turning left,1,Car,No,Front,2010
201005FF02503,A,562,B,5171,Slight,None,02-04-2010,Friday,1,Auto traffic signal,More than 4 arms (not roundabout),53.371248,Daylight,341950,386400,-2.873967,E01006535,1,2,0,0,Dry,Dual carriageway,None,40,13:25:00,Urban,Fine no high winds,No,16 - 20,8,Urban area,7,973,None,None,Other/Not known (2005-10),Entering main road,VAUXHALL,CORSA CLUB 12V,Petrol,Female,Overturned,No tow/articulation,Did not leave carriageway,0,Turning right,1,Car,No,Nearside,2010
201005FF05774,A,562,Unclassified,0,Slight,None,08-10-2010,Friday,1,Give way or uncontrolled,T or staggered junction,53.396692,Daylight,337320,389290,-2.944121,E01006556,1,2,0,4,Dry,Single carriageway,None,30,16:23:00,Urban,Fine no high winds,No,16 - 20,8,Urban area,1,1997,None,None,Other/Not known (2005-10),Approaching junction or waiting/parked at junction approach,CITROEN,XSARA PICASSO SX HDI,Heavy oil,Female,None,No tow/articulation,Did not leave carriageway,0,Turning right,1,Car,No,Offside,2010
201006A036840,A,6010,C,0,Slight,None,16-09-2010,Thursday,1,Give way or uncontrolled,T or staggered junction,53.50224,Daylight,385390,400640,-2.221738,E01005144,5,2,0,0,Dry,Single carriageway,None,30,12:42:00,Urban,Fine no high winds,No,16 - 20,8,Urban area,7,1108,None,Other permanent object,Journey as part of work,Leaving main road,FIAT,SEICENTO S,Petrol,Female,None,No tow/articulation,Nearside and rebounded,0,Turning right,1,Car,No,Offside,2010
201006C037534,C,0,A,5103,Slight,None,09-10-2010,Saturday,1,Auto traffic signal,Crossroads,53.439815,Daylight,383890,393700,-2.243994,E01005279,2,2,0,8,Dry,Dual carriageway,None,40,12:00:00,Urban,Fine no high winds,No,16 - 20,8,Urban area,4,1242,None,None,Journey as part of work,Mid Junction - on roundabout or on main road,FIAT,PUNTO 1.2,Petrol,Female,None,No tow/articulation,Did not leave carriageway,0,Turning right,2,Car,No,Nearside,2010
201006G035635,B,6175,NA,0,Slight,None,02-09-2010,Thursday,1,Data missing or out of range,Not at junction or within 20 metres,53.498667,Daylight,398120,400220,-2.029815,E01006061,1,2,0,0,Dry,Single carriageway,None,30,07:10:00,Urban,Fine no high winds,No,16 - 20,8,Urban area,2,1389,None,None,Other/Not known (2005-10),Not at or within 20 metres of junction,VAUXHALL,CORSA SRI 16V,Petrol,Female,Skidded and overturned,No tow/articulation,Did not leave carriageway,0,Going ahead other,1,Car,No,Front,2010
201006J035996,A,6,Unclassified,0,Slight,None,27-08-2010,Friday,1,Give way or uncontrolled,T or staggered junction,53.364357,Daylight,395260,385280,-2.0727,E01005907,2,3,0,0,Dry,Single carriageway,Roadworks,30,14:10:00,Rural,Fine no high winds,No,16 - 20,8,Small town,9,1299,None,None,Journey as part of work,Cleared junction or waiting/parked at junction exit,FORD,KA LUXURY,Petrol,Female,None,No tow/articulation,Did not leave carriageway,0,Waiting to go - held up,1,Car,No,Front,2010
201006L028775,A,579,NA,0,Slight,None,04-03-2010,Thursday,1,Data missing or out of range,Not at junction or within 20 metres,53.485072,Daylight,364640,398840,-2.534356,E01006299,2,3,0,0,Dry,Single carriageway,None,40,16:35:00,Rural,Fine no high winds,No,16 - 20,8,Urban area,4,1242,None,None,Other/Not known (2005-10),Not at or within 20 metres of junction,FORD,FIESTA FREESTYLE,Petrol,Female,None,No tow/articulation,Did not leave carriageway,0,Waiting to go - held up,2,Car,No,Back,2010
201006L033262,A,573,Unclassified,0,Slight,None,21-06-2010,Monday,2,Give way or uncontrolled,Crossroads,53.515427,Daylight,360510,402250,-2.597023,E01006214,1,2,0,0,Dry,Single carriageway,None,30,08:47:00,Urban,Fine no high winds,No,16 - 20,8,Urban area,10,1596,None,None,Other/Not known (2005-10),Approaching junction or waiting/parked at junction approach,VOLKSWAGEN,BEETLE,Petrol,Female,None,No tow/articulation,Did not leave carriageway,0,Going ahead other,1,Car,No,Front,2010
201006L036307,A,49,Unclassified,0,Slight,None,08-09-2010,Wednesday,1,Give way or uncontrolled,T or staggered junction,53.554369,Daylight,358500,406600,-2.627912,E01006370,2,2,0,4,Dry,Single carriageway,None,30,13:00:00,Urban,Fine no high winds,No,16 - 20,8,Data missing or out of range,NA,1299,None,None,Other/Not known (2005-10),Cleared junction or waiting/parked at junction exit,FORD,KA,Petrol,Female,None,No tow/articulation,Did not leave carriageway,0,Going ahead other,1,Car,No,Front,2010
201011NH04700,C,11,Unclassified,0,Slight,None,14-02-2010,Sunday,1,Give way or uncontrolled,T or staggered junction,54.861135,Daylight,418000,551850,-1.721105,E01020624,2,2,0,0,Dry,Single carriageway,None,30,13:22:00,Urban,Fine no high winds,No,16 - 20,8,Rural,6,1108,None,None,Other/Not known (2005-10),Approaching junction or waiting/parked at junction approach,FIAT,,Petrol,Female,None,No tow/articulation,Did not leave carriageway,0,Going ahead other,1,Car,No,Front,2010
201014A131010,A,18,A,18,Slight,None,19-08-2010,Thursday,2,Give way or uncontrolled,Roundabout,53.51854,Daylight,459180,402800,-1.108911,E01007644,2,2,0,0,Dry,Roundabout,None,30,08:00:00,Urban,Fine no high winds,No,16 - 20,8,Small town,5,998,None,None,Commuting to/from work,Mid Junction - on roundabout or on main road,SEAT,AROSA S,Petrol,Female,Skidded,No tow/articulation,Did not leave carriageway,0,Changing lane to left,1,Car,No,Front,2010
201014B045410,B,6096,Unclassified,0,Slight,None,26-04-2010,Monday,1,Give way or uncontrolled,More than 4 arms (not roundabout),53.533537,Daylight,441440,404280,-1.376252,E01007353,1,1,0,0,Dry,Single carriageway,None,30,16:00:00,Urban,Fine no high winds,No,16 - 20,8,Urban area,2,1149,None,None,Other/Not known (2005-10),Cleared junction or waiting/parked at junction exit,RENAULT,CLIO EXPRESSION 16V,Petrol,Female,Skidded,No tow/articulation,Did not leave carriageway,0,Overtaking static vehicle - offside,1,Car,No,Front,2010
201014B080710,A,633,C,779,Slight,None,02-08-2010,Monday,1,Auto traffic signal,Crossroads,53.571008,Daylight,435420,408400,-1.466608,E01007401,2,2,0,0,Dry,Single carriageway,None,30,16:55:00,Urban,Fine no high winds,No,16 - 20,8,Urban area,1,1587,None,None,Other/Not known (2005-10),Mid Junction - on roundabout or on main road,CITROEN,SAXO VTR,Petrol,Female,None,No tow/articulation,Did not leave carriageway,0,Going ahead other,2,Car,No,Front,2010
201014C067710,Unclassified,0,NA,0,Slight,None,05-06-2010,Saturday,2,Not at junction or within 20 metres,Not at junction or within 20 metres,53.510699,Daylight,441550,401740,-1.374929,E01007694,1,1,0,0,Dry,Single carriageway,None,30,16:30:00,Urban,Fine no high winds,No,16 - 20,8,Urban area,2,1242,None,None,Journey as part of work,Not at or within 20 metres of junction,FIAT,PUNTO 1.2,Petrol,Female,None,No tow/articulation,Did not leave carriageway,9,Reversing,1,Car,No,Nearside,2010
201014C086910,A,6123,A,630,Slight,None,23-07-2010,Friday,2,Give way or uncontrolled,Roundabout,53.442544,Daylight,445140,394190,-1.321881,E01007736,2,2,0,0,Dry,Roundabout,None,40,12:25:00,Urban,Fine no high winds,No,16 - 20,8,Urban area,3,973,None,None,Other/Not known (2005-10),Entering roundabout,VAUXHALL,CORSA LIFE 12V,Petrol,Female,None,No tow/articulation,Did not leave carriageway,0,Going ahead other,2,Car,No,Front,2010
201014C121810,Unclassified,0,Unclassified,0,Slight,None,06-10-2010,Wednesday,1,Give way or uncontrolled,Mini-roundabout,53.42878,Daylight,444230,392650,-1.335796,E01007767,2,2,0,8,Dry,Roundabout,None,30,13:30:00,Urban,Fine no high winds,No,16 - 20,8,Urban area,2,1397,None,None,Other/Not known (2005-10),Mid Junction - on roundabout or on main road,SKODA,FABIA CLASSIC 8V,Petrol,Female,None,No tow/articulation,Did not leave carriageway,0,Turning right,2,Car,No,Front,2010
201014C126310,B,6053,Unclassified,0,Slight,None,20-10-2010,Wednesday,1,Auto traffic signal,Crossroads,53.362292,Daylight,445010,385260,-1.325109,E01007671,1,2,0,4,Wet or damp,Single carriageway,None,40,10:08:00,Urban,Fine no high winds,No,16 - 20,8,Urban area,8,1299,None,None,Commuting to/from work,Mid Junction - on roundabout or on main road,FORD,KA,Petrol,Female,None,No tow/articulation,Did not leave carriageway,0,Going ahead other,2,Car,No,Front,2010
201014C130810,A,631,Unclassified,0,Slight,None,01-11-2010,Monday,1,Auto traffic signal,T or staggered junction,53.422362,Daylight,451570,392010,-1.225441,E01007761,1,2,0,4,Dry,Single carriageway,None,30,11:10:00,Urban,Fine no high winds,No,16 - 20,8,Urban area,7,1124,None,None,Other/Not known (2005-10),Mid Junction - on roundabout or on main road,PEUGEOT,206 LOOK,Petrol,Female,None,No tow/articulation,Did not leave carriageway,0,Turning left,1,Car,No,Front,2010
201014K037210,A,6102,A,6109,Slight,None,06-02-2010,Saturday,2,Auto traffic signal,Roundabout,53.40526,Daylight,438080,389980,-1.428672,E01007876,1,2,0,0,Dry,Roundabout,None,30,12:50:00,Urban,Fine no high winds,No,16 - 20,8,Urban area,2,1497,None,None,Other/Not known (2005-10),Approaching junction or waiting/parked at junction approach,NISSAN,ALMERA TWISTER,Petrol,Female,None,No tow/articulation,Did not leave carriageway,0,Waiting to go - held up,1,Car,No,Back,2010
201014K168410,Unclassified,0,NA,0,Slight,None,18-06-2010,Friday,1,Not at junction or within 20 metres,Not at junction or within 20 metres,53.362379,Daylight,439400,385220,-1.40941,E01008009,1,2,0,0,Dry,Single carriageway,None,30,15:40:00,Urban,Fine no high winds,No,16 - 20,8,Urban area,1,1199,None,None,Other/Not known (2005-10),Not at or within 20 metres of junction,VAUXHALL,CORSA GLS 16V,Petrol,Female,None,No tow/articulation,Did not leave carriageway,0,Parked,2,Car,No,Offside,2010
201014K286110,Unclassified,0,NA,0,Slight,None,29-10-2010,Friday,2,Not at junction or within 20 metres,Not at junction or within 20 metres,53.383048,Daylight,435660,387490,-1.465352,E01008070,1,1,0,0,Dry,One way street,None,30,16:00:00,Urban,Fine no high winds,No,16 - 20,8,Small town,6,1124,None,None,Other/Not known (2005-10),Not at or within 20 metres of junction,PEUGEOT,206 LOOK,Petrol,Female,None,No tow/articulation,Did not leave carriageway,0,Moving off,1,Car,No,Front,2010
2010160A00491,Unclassified,0,NA,0,Slight,None,10-02-2010,Wednesday,1,Data missing or out of range,Not at junction or within 20 metres,53.554007,Daylight,530190,408170,-0.036194,E01013132,1,2,0,0,Dry,Single carriageway,None,30,17:09:00,Urban,Fine no high winds,No,16 - 20,8,Data missing or out of range,NA,1242,None,None,Other/Not known (2005-10),Not at or within 20 metres of junction,FIAT,PUNTO 1.2,Petrol,Female,None,No tow/articulation,Did not leave carriageway,0,Moving off,1,Car,No,Offside,2010
2010160B02471,Unclassified,0,Unclassified,0,Slight,None,06-07-2010,Tuesday,2,Give way or uncontrolled,Mini-roundabout,53.55192,Daylight,488380,406970,-0.667444,E01013265,1,2,0,0,Dry,Single carriageway,None,30,08:00:00,Urban,Fine no high winds,No,16 - 20,8,Urban area,3,1299,None,None,Journey as part of work,Leaving main road,FORD,KA,Petrol,Female,None,No tow/articulation,Did not leave carriageway,0,Turning right,2,Car,No,Nearside,2010
2010160C01571,Motorway,18,NA,0,Slight,None,01-03-2010,Monday,1,Data missing or out of range,Not at junction or within 20 metres,53.679106,Daylight,468350,420790,-0.966692,E01013072,2,2,0,0,Dry,Slip road,None,70,07:15:00,Rural,Fine no high winds,No,16 - 20,8,Urban area,4,1299,None,Other permanent object,Commuting to/from work,Not at or within 20 metres of junction,FORD,KA,Petrol,Female,Overturned,No tow/articulation,Offside,0,Going ahead left-hand bend,1,Car,No,Nearside,2010
2010160C02761,B,1231,Unclassified,0,Slight,None,24-05-2010,Monday,2,Give way or uncontrolled,T or staggered junction,53.744335,Daylight,504750,428720,-0.413124,E01013109,1,2,0,0,Dry,Single carriageway,None,30,09:15:00,Urban,Fine no high winds,No,16 - 20,8,Urban area,10,1149,None,None,Other/Not known (2005-10),Approaching junction or waiting/parked at junction approach,RENAULT,CLIO AUTHENTIQUE,Petrol,Female,None,No tow/articulation,Did not leave carriageway,0,Waiting to go - held up,1,Car,No,Back,2010
2010160C05931,A,1033,Unclassified,0,Slight,None,24-05-2010,Monday,1,Give way or uncontrolled,Crossroads,53.701804,Daylight,526800,424530,-0.080677,E01013081,1,3,0,0,Dry,Single carriageway,None,30,19:51:00,Rural,Fine no high winds,No,16 - 20,8,Small town,3,973,Parked vehicle,None,Other/Not known (2005-10),Entering main road,VAUXHALL,CORSA CLUB 12V,Petrol,Female,None,No tow/articulation,Did not leave carriageway,0,Turning right,2,Car,No,Front,2010
2010160D05731,Unclassified,0,Unclassified,0,Slight,None,14-10-2010,Thursday,1,Give way or uncontrolled,T or staggered junction,53.76247,Daylight,513410,430940,-0.281058,E01012898,1,2,0,0,Dry,Single carriageway,None,30,16:30:00,Urban,Fine no high winds,No,16 - 20,8,Urban area,3,1997,None,None,Other/Not known (2005-10),Mid Junction - on roundabout or on main road,PEUGEOT,307 RAPIER HDI,Heavy oil,Female,None,No tow/articulation,Did not leave carriageway,0,Going ahead other,2,Car,No,Nearside,2010
2010160D07251,B,1233,NA,0,Slight,None,17-11-2010,Wednesday,1,Data missing or out of range,Not at junction or within 20 metres,53.768449,Daylight,508530,431490,-0.35486,E01012869,1,2,0,4,Dry,Single carriageway,None,30,14:02:00,Urban,Fine no high winds,No,16 - 20,8,Urban area,3,1242,None,None,Commuting to/from work,Not at or within 20 metres of junction,FIAT,PUNTO 1.2,Petrol,Female,None,No tow/articulation,Did not leave carriageway,0,Slowing or stopping,2,Car,No,Nearside,2010
2010170M11890,B,1272,Unclassified,0,Slight,None,08-07-2010,Thursday,1,Give way or uncontrolled,T or staggered junction,54.569241,Daylight,449280,519600,-1.239277,E01012039,1,1,0,4,Dry,Single carriageway,None,30,20:20:00,Urban,Fine no high winds,No,16 - 20,8,Rural,7,1397,None,None,Other/Not known (2005-10),Cleared junction or waiting/parked at junction exit,SKODA,FABIA COMFORT 8V,Petrol,Female,None,No tow/articulation,Did not leave carriageway,0,Turning right,1,Car,No,Front,2010
201020F022311,Unclassified,0,Unclassified,0,Slight,None,04-02-2010,Thursday,1,Give way or uncontrolled,Private drive or entrance,52.482925,Daylight,406500,287230,-1.905725,E01009150,1,3,0,0,Dry,One way street,None,30,15:35:00,Urban,Fine no high winds,No,16 - 20,8,Urban area,3,1149,None,None,Other/Not known (2005-10),Cleared junction or waiting/parked at junction exit,RENAULT,CLIO DYNAMIQUE 16V,Petrol,Female,None,No tow/articulation,Did not leave carriageway,0,Parked,3,Car,No,Back,2010
201020F049111,A,4540,Unclassified,0,Slight,None,16-02-2010,Tuesday,1,Auto traffic signal,T or staggered junction,52.473945,Daylight,405520,286230,-1.920172,E01009148,1,1,0,5,Dry,Dual carriageway,None,30,17:20:00,Urban,Fine no high winds,No,16 - 20,8,Urban area,7,1124,None,None,Other/Not known (2005-10),Cleared junction or waiting/parked at junction exit,PEUGEOT,206 STYLE,Petrol,Female,None,No tow/articulation,Did not leave carriageway,0,Waiting to go - held up,1,Car,No,Front,2010
201020G008511,Unclassified,0,Unclassified,0,Slight,None,16-02-2010,Tuesday,1,Auto traffic signal,Crossroads,52.585285,Daylight,391160,298620,-2.131919,E01010521,5,2,0,5,Wet or damp,Single carriageway,None,30,16:28:00,Urban,Fine no high winds,No,16 - 20,8,Urban area,2,1149,None,None,Other/Not known (2005-10),Mid Junction - on roundabout or on main road,RENAULT,CLIO EXPRESSION 16V,Petrol,Female,Overturned,No tow/articulation,Did not leave carriageway,0,Going ahead other,1,Car,No,Nearside,2010
201020H011370,A,462,Unclassified,0,Slight,None,14-12-2010,Tuesday,1,Give way or uncontrolled,Private drive or entrance,52.579597,Daylight,397020,297980,-2.045421,E01010405,3,2,0,0,Dry,Single carriageway,None,30,16:09:00,Urban,Fine no high winds,No,16 - 20,8,Urban area,1,1587,None,None,Other/Not known (2005-10),Leaving main road,PEUGEOT,206 CC,Petrol,Female,None,No tow/articulation,Did not leave carriageway,0,Turning right,1,Car,No,Nearside,2010