Accident_Index,1st_Road_Class,1st_Road_Number,2nd_Road_Class,2nd_Road_Number,Accident_Severity,Carriageway_Hazards,Date,Day_of_Week,Did_Police_Officer_Attend_Scene_of_Accident,Junction_Control,Junction_Detail,Latitude,Light_Conditions,Location_Easting_OSGR,Location_Northing_OSGR,Longitude,LSOA_of_Accident_Location,Number_of_Casualties,Number_of_Vehicles,Pedestrian_Crossing-Human_Control,Pedestrian_Crossing-Physical_Facilities,Road_Surface_Conditions,Road_Type,Special_Conditions_at_Site,Speed_limit,Time,Urban_or_Rural_Area,Weather_Conditions,InScotland,Age_Band_of_Driver,Age_of_Vehicle,Driver_Home_Area_Type,Driver_IMD_Decile,Engine_Capacity_.CC.,Hit_Object_in_Carriageway,Hit_Object_off_Carriageway,Journey_Purpose_of_Driver,Junction_Location,make,model,Propulsion_Code,Sex_of_Driver,Skidding_and_Overturning,Towing_and_Articulation,Vehicle_Leaving_Carriageway,Vehicle_Location.Restricted_Lane,Vehicle_Manoeuvre,Vehicle_Reference,Vehicle_Type,Was_Vehicle_Left_Hand_Drive,X1st_Point_of_Impact,Year
201020J012390,A,459,Unclassified,0,Slight,None,30-11-2010,Tuesday,1,Give way or uncontrolled,Crossroads,52.512691,Daylight,394550,290540,-2.081748,E01009757,1,3,0,0,Frost or ice,Single carriageway,None,30,14:40:00,Urban,Snowing no high winds,No,16 - 20,8,Urban area,1,2402,None,None,Other/Not known (2005-10),Entering main road,FORD,TRANSIT 350 LWB TD,Heavy oil,Male,None,No tow/articulation,Did not leave carriageway,0,Turning right,1,Van / Goods 3.5 tonnes mgw or under,No,Front,2010
201045GU53253,A,3,NA,0,Slight,None,26-09-2021,Friday,1,Data missing or out of range,Not at junction or within 20 metres,28.42024624,Daylight,495840,148150,76.99381684,E01030478,1,4,0,0,Wet or damp,Dual carriageway,None,70,16:12:00,Rural,Unknown,No,16 - 20,8,Urban area,10,973,None,None,Other/Not known (2005-10),Not at or within 20 metres of junction,VAUXHALL,CORSA CLUB 12V,Petrol,Male,None,No tow/articulation,Did not leave carriageway,0,Going ahead other,4,Car,No,Front,2019
201045GU53253,A,3,NA,0,Slight,None,13-08-2010,Friday,1,Data missing or out of range,Not at junction or within 20 metres,51.224449,Daylight,495840,148150,-0.628918,E01030478,1,4,0,0,Wet or damp,Dual carriageway,None,70,16:12:00,Rural,Unknown,No,16 - 20,8,Urban area,10,973,None,None,Other/Not known (2005-10),Not at or within 20 metres of junction,VAUXHALL,CORSA CLUB 12V,Petrol,Male,None,No tow/articulation,Did not leave carriageway,0,Going ahead other,4,Car,No,Front,2010
201045EP55495,C,254,NA,0,Slight,Any animal in carriageway (except ridden horse),03-10-2020,Friday,1,Data missing or out of range,Not at junction or within 20 metres,26.75099883,Darkness - lights lit,521980,162310,94.20814046,E01030392,2,4,0,0,Wet or damp,Single carriageway,None,30,01:12:00,Urban,Fine + high winds,No,21 - 25,8,Urban area,10,1753,None,None,Other/Not known (2005-10),Not at or within 20 metres of junction,FORD,FIESTA COURIER 50 TD,Heavy oil,Male,None,No tow/articulation,Did not leave carriageway,0,Parked,4,Van / Goods 3.5 tonnes mgw or under,No,Front,2019
201045EP55495,C,254,NA,0,Slight,Any animal in carriageway (except ridden horse),12-11-2010,Friday,1,Data missing or out of range,Not at junction or within 20 metres,51.346733,Darkness - lights lit,521980,162310,-0.249913,E01030392,2,4,0,0,Wet or damp,Single carriageway,None,30,01:12:00,Urban,Fine + high winds,No,21 - 25,8,Urban area,10,1753,None,None,Other/Not known (2005-10),Not at or within 20 metres of junction,FORD,FIESTA COURIER 50 TD,Heavy oil,Male,None,No tow/articulation,Did not leave carriageway,0,Parked,4,Van / Goods 3.5 tonnes mgw or under,No,Front,2010
201001YE80809,Motorway,25,Unclassified,0,Slight,None,10-11-2010,Wednesday,1,Give way or uncontrolled,Slip road,51.682864,Darkness - lights lit,534570,200030,-0.054852,E01001412,1,2,0,0,Dry,Dual carriageway,None,70,23:46:00,Rural,Fine + high winds,No,21 - 25,8,Data missing or out of range,NA,1998,None,None,Other/Not known (2005-10),Mid Junction - on roundabout or on main road,FORD,TRANSIT 280 MWB TD,Heavy oil,Male,None,No tow/articulation,Did not leave carriageway,0,Going ahead other,2,Van / Goods 3.5 tonnes mgw or under,No,Front,2010
2010400B00903,A,428,NA,0,Slight,None,17-05-2019,Saturday,1,Data missing or out of range,Not at junction or within 20 metres,14.7583268,Darkness - lights lit,510400,251560,78.54314683,E01017494,3,2,0,0,Dry,Single carriageway,None,60,20:10:00,Rural,Fine no high winds,No,21 - 25,8,Rural,7,1199,None,None,Other/Not known (2005-10),Not at or within 20 metres of junction,VAUXHALL,CORSA ELEGANCE 16V,Petrol,Male,Skidded,No tow/articulation,Nearside,0,Going ahead other,2,Car,No,Front,2019
2010550C29293,A,3049,NA,0,Slight,None,22-07-2021,Friday,1,Not at junction or within 20 metres,Not at junction or within 20 metres,27.08982092,Darkness - lights lit,409580,93080,93.62569295,E01015376,2,2,0,0,Dry,Single carriageway,None,30,21:45:00,Urban,Fine no high winds,No,21 - 25,8,Urban area,4,2979,None,Other permanent object,Other/Not known (2005-10),Not at or within 20 metres of junction,BMW,330 CI SPORT,Petrol,Male,Skidded,No tow/articulation,Nearside,0,Going ahead left-hand bend,1,Car,No,Front,2019
2010550C54459,A,3049,Unclassified,0,Slight,None,19-04-2021,Sunday,1,Give way or uncontrolled,Private drive or entrance,22.10250872,Darkness - lights lit,410010,93020,82.15923317,E01015331,1,2,0,0,Wet or damp,Single carriageway,None,30,02:50:00,Urban,Fine no high winds,No,21 - 25,8,Urban area,5,599,None,None,Other/Not known (2005-10),Approaching junction or waiting/parked at junction approach,SUZUKI,GSX-R600K2,Petrol,Male,None,No tow/articulation,Did not leave carriageway,0,Going ahead other,1,Motorcycle over 500cc,No,Front,2019
201042I366511,Unclassified,0,Unclassified,0,Slight,None,09-02-2021,Thursday,1,Give way or uncontrolled,T or staggered junction,22.096266,Darkness - lights lit,572800,191050,82.19644361,E01021269,1,6,0,0,Dry,Single carriageway,None,30,16:40:00,Urban,Fine no high winds,No,21 - 25,8,Rural,10,998,None,None,Commuting to/from work,Approaching junction or waiting/parked at junction approach,NISSAN,MICRA S,Petrol,Male,None,No tow/articulation,Did not leave carriageway,0,Waiting to go - held up,5,Car,No,Did not impact,2019
201037L018044,B,1532,Unclassified,9073,Slight,None,01-03-2021,Monday,1,Give way or uncontrolled,T or staggered junction,22.05283739,Darkness - lights lit,653760,290850,82.16918591,E01030275,1,3,0,0,Dry,Single carriageway,None,30,20:45:00,Urban,Fine no high winds,No,21 - 25,8,Data missing or out of range,NA,1242,None,None,Other/Not known (2005-10),Cleared junction or waiting/parked at junction exit,FORD,FIESTA FREESTYLE,Petrol,Male,None,No tow/articulation,Did not leave carriageway,0,Turning left,2,Car,No,Back,2019
201042I039502,B,1014,NA,0,Slight,None,22-06-2020,Tuesday,1,Not at junction or within 20 metres,Not at junction or within 20 metres,23.02196245,Darkness - lights lit,580230,187310,72.5712776,E01021482,1,2,0,0,Wet or damp,Single carriageway,None,30,05:33:00,Urban,Fine no high winds,No,21 - 25,8,Urban area,8,2402,None,None,Journey as part of work,Not at or within 20 metres of junction,FORD,TRANSIT 350 LWB TD,Heavy oil,Male,Skidded,No tow/articulation,Did not leave carriageway,0,Going ahead right-hand bend,1,Van / Goods 3.5 tonnes mgw or under,No,Offside,2019
201045SU54729,Motorway,3,NA,0,Slight,None,29-07-2019,Sunday,1,Data missing or out of range,Not at junction or within 20 metres,26.47011719,Darkness - lights lit,488670,159790,80.26534107,E01030799,2,4,0,0,Dry,Dual carriageway,None,70,06:05:00,Urban,Fine no high winds,No,21 - 25,8,Urban area,2,1686,None,None,Other/Not known (2005-10),Not at or within 20 metres of junction,VAUXHALL,ASTRA CLUB DTI,Heavy oil,Male,None,No tow/articulation,Did not leave carriageway,0,Going ahead other,4,Car,No,Nearside,2020
201034WD20030,C,191,NA,0,Slight,None,29-07-2019,Saturday,1,Data missing or out of range,Not at junction or within 20 metres,26.44376388,Darkness - lights lit,474780,270440,80.28774327,E01027003,1,4,0,0,Dry,Single carriageway,None,30,00:30:00,Rural,Fine no high winds,No,21 - 25,8,Small town,9,1149,None,None,Other/Not known (2005-10),Not at or within 20 metres of junction,RENAULT,CLIO DYNAMIQUE 16V,Petrol,Male,None,No tow/articulation,Did not leave carriageway,0,Parked,2,Car,No,Front,2020
201034NK48490,B,669,NA,0,Slight,None,14-10-2019,Tuesday,1,Data missing or out of range,Not at junction or within 20 metres,28.60146603,Darkness - lights lit,480000,284580,77.11986058,E01027093,1,2,0,0,Frost or ice,Single carriageway,None,60,22:05:00,Rural,Fine no high winds,No,21 - 25,8,Urban area,2,1999,None,None,Commuting to/from work,Not at or within 20 metres of junction,FORD,MONDEO ZETEC,Petrol,Male,None,No tow/articulation,Did not leave carriageway,0,Going ahead left-hand bend,2,Car,No,Front,2020
201037B046315,C,558,Unclassified,9999,Slight,None,02-03-2021,Thursday,1,Give way or uncontrolled,T or staggered junction,28.54612927,Darkness - lights lit,598980,263910,77.07366425,E01030050,1,1,0,0,Wet or damp,Single carriageway,None,30,16:45:00,Rural,Fine no high winds,No,21 - 25,8,Small town,10,998,None,None,Other/Not known (2005-10),Cleared junction or waiting/parked at junction exit,SEAT,AROSA S,Petrol,Male,None,No tow/articulation,Did not leave carriageway,0,Going ahead right-hand bend,1,Car,No,Nearside,2020
2010400D02834,Unclassified,0,Unclassified,0,Slight,None,27-12-2019,Wednesday,2,Give way or uncontrolled,T or staggered junction,28.71203101,Darkness - lights lit,494370,242760,77.2677317,E01017395,1,2,0,0,Dry,Single carriageway,None,30,20:20:00,Rural,Fine no high winds,No,21 - 25,8,Rural,10,1796,None,None,Other/Not known (2005-10),Entering main road,VAUXHALL,VECTRA CD,Petrol,Male,None,No tow/articulation,Did not leave carriageway,0,Turning right,1,Car,No,Front,2020
201043S133110,B,4034,Unclassified,440,Slight,None,26-05-2021,Friday,1,Give way or uncontrolled,Roundabout,18.55121957,Darkness - lights lit,486730,233500,73.89226725,E01016713,2,2,0,0,Wet or damp,Roundabout,None,30,06:40:00,Urban,Fine no high winds,No,21 - 25,8,Data missing or out of range,NA,1598,None,None,Other/Not known (2005-10),Entering roundabout,VAUXHALL,ASTRA 16V COMFORT AUTO,Petrol,Male,None,No tow/articulation,Did not leave carriageway,0,Going ahead other,1,Car,No,Offside,2021
20104100G0695,A,600,NA,0,Slight,None,24-10-2021,Monday,1,Not at junction or within 20 metres,Not at junction or within 20 metres,18.59256326,Darkness - lights lit,517940,229840,73.78639591,E01023612,4,3,0,0,Dry,Single carriageway,None,30,16:47:00,Urban,Fine no high winds,No,21 - 25,8,Small town,9,1242,None,None,Other/Not known (2005-10),Not at or within 20 metres of junction,FORD,FIESTA BLACK,Petrol,Male,None,No tow/articulation,Did not leave carriageway,0,Waiting to go - held up,2,Car,No,Back,2021
201050EL2C018,Unclassified,0,Unclassified,0,Slight,None,15-09-2020,Monday,1,Give way or uncontrolled,Mini-roundabout,18.61444071,Darkness - lights lit,250270,57020,73.80796644,E01015035,1,2,0,0,Dry,Roundabout,None,30,21:02:00,Rural,Fine no high winds,No,21 - 25,8,Urban area,7,1598,None,None,Other/Not known (2005-10),Entering roundabout,MINI,MINI ONE,Petrol,Male,None,No tow/articulation,Did not leave carriageway,0,Going ahead other,2,Car,No,Front,2021
201043R054060,Unclassified,7302,Unclassified,7302,Slight,None,27-10-2021,Saturday,1,Give way or uncontrolled,Crossroads,18.57208786,Darkness - lights lit,493140,181680,73.91667681,E01016496,2,2,0,0,Dry,Single carriageway,None,30,00:04:00,Urban,Fine no high winds,No,21 - 25,8,Urban area,4,1598,None,None,Other/Not known (2005-10),Mid Junction - on roundabout or on main road,SEAT,LEON S 16V,Petrol,Male,None,No tow/articulation,Did not leave carriageway,0,Going ahead other,1,Car,No,Front,2021
20104100G0108,B,656,Unclassified,417,Slight,None,09-06-2020,Friday,1,Auto traffic signal,T or staggered junction,18.62736821,Darkness - lights lit,518700,229240,73.87174424,E01023616,1,1,0,5,Dry,Single carriageway,None,30,20:15:00,Urban,Fine no high winds,No,21 - 25,8,Urban area,10,1998,None,None,Other/Not known (2005-10),Approaching junction or waiting/parked at junction approach,HONDA,CIVIC TYPE-R,Petrol,Male,None,No tow/articulation,Did not leave carriageway,0,Going ahead other,1,Car,No,Front,2021
2010400D00415,A,421,C,76,Slight,None,10-11-2019,Tuesday,1,Auto traffic signal,Crossroads,19.19367116,Darkness - lights lit,495980,237620,72.88929466,E01017396,1,2,0,0,Wet or damp,Single carriageway,None,40,20:38:00,Rural,Fine no high winds,No,21 - 25,8,Urban area,3,2402,None,None,Journey as part of work,Mid Junction - on roundabout or on main road,FORD,TRANSIT 350 MWB TD,Heavy oil,Male,None,No tow/articulation,Did not leave carriageway,0,U-turn,1,Van / Goods 3.5 tonnes mgw or under,No,Offside,2021
201043R121050,Unclassified,7408,NA,0,Slight,None,21-08-2020,Saturday,1,Data missing or out of range,Not at junction or within 20 metres,19.1818602,Darkness - lights lit,487900,181170,72.86130021,E01016526,1,2,0,0,Dry,Single carriageway,None,30,03:00:00,Urban,Fine no high winds,No,21 - 25,8,Urban area,9,2979,None,None,Other/Not known (2005-10),Not at or within 20 metres of junction,BMW,,Petrol,Male,None,No tow/articulation,Did not leave carriageway,0,Parked,2,Car,No,Back,2021
201042I051002,A,129,Unclassified,0,Slight,None,28-08-2020,Thursday,2,Give way or uncontrolled,Roundabout,19.14520859,Darkness - lights lit,574640,193270,72.83993097,E01021331,1,2,0,0,Dry,Roundabout,None,30,18:30:00,Urban,Fine no high winds,No,21 - 25,8,Urban area,4,1679,None,None,Commuting to/from work,Entering roundabout,FORD,PUMA 1.7 16V,Petrol,Male,None,No tow/articulation,Did not leave carriageway,0,Slowing or stopping,2,Car,No,Back,2021
201037B044662,A,143,A,134,Slight,None,19-10-2020,Sunday,1,Give way or uncontrolled,Roundabout,22.38666998,Darkness - lights lit,586050,266130,80.58544828,E01030103,1,2,0,0,Dry,Roundabout,None,60,20:40:00,Rural,Fine no high winds,No,21 - 25,8,Urban area,10,1242,None,None,Other/Not known (2005-10),Leaving roundabout,FORD,FIESTA FREESTYLE,Petrol,Male,Skidded,No tow/articulation,Did not leave carriageway,0,Changing lane to right,1,Car,No,Offside,2021
2010400C00775,Unclassified,0,A,5065,Slight,None,15-04-2020,Thursday,1,Give way or uncontrolled,T or staggered junction,14.73141072,Darkness - lights lit,504420,222300,78.61977496,E01015714,2,2,0,0,Dry,Single carriageway,None,30,19:45:00,Urban,Fine no high winds,No,21 - 25,8,Urban area,4,1596,None,None,Other/Not known (2005-10),Entering main road,FORD,FOCUS ELLE,Petrol,Male,None,No tow/articulation,Did not leave carriageway,0,Turning right,1,Car,No,Front,2019
20104100E0340,Unclassified,73,Unclassified,302,Slight,None,12-11-2021,Wednesday,1,Give way or uncontrolled,T or staggered junction,14.7036065,Darkness - lights lit,524880,223840,78.50967176,E01023756,2,2,0,7,Wet or damp,Single carriageway,None,30,22:20:00,Urban,Fine no high winds,No,21 - 25,8,Urban area,8,1397,None,None,Other/Not known (2005-10),Mid Junction - on roundabout or on main road,MERCEDES,A140 AVANTGARDE AUTO,Petrol,Male,None,No tow/articulation,Did not leave carriageway,0,Turning right,2,Car,No,Did not impact,2019
201043P063030,A,4260,A,4260,Slight,None,29-08-2021,Saturday,1,Give way or uncontrolled,Roundabout,27.10492655,Darkness - lights lit,449870,212400,93.61829357,E01028496,1,4,0,0,Dry,Single carriageway,None,40,18:49:00,Rural,Fine no high winds,No,21 - 25,8,Small town,4,1242,None,None,Other/Not known (2005-10),Entering roundabout,FIAT,,Petrol,Male,None,No tow/articulation,Did not leave carriageway,0,Waiting to go - held up,1,Car,No,Front,2019
201001CP00019,A,1211,A,100,Slight,None,17-01-2010,Sunday,1,Give way or uncontrolled,Crossroads,51.509996,Darkness - lights lit,533690,180770,-0.074907,E01000005,1,1,0,4,Dry,One way street,None,30,20:05:00,Urban,Fine no high winds,No,21 - 25,8,Urban area,5,1598,None,None,Other/Not known (2005-10),Cleared junction or waiting/parked at junction exit,VAUXHALL,ASTRA CLUB 16V,Petrol,Male,None,No tow/articulation,Did not leave carriageway,0,Going ahead other,1,Car,No,Front,2010
201001CP00262,A,100,A,1203,Slight,None,28-09-2010,Tuesday,1,Give way or uncontrolled,Crossroads,51.509171,Darkness - lights lit,533760,180680,-0.073933,E01004293,4,2,0,7,Dry,Single carriageway,None,30,23:11:00,Urban,Fine no high winds,No,21 - 25,8,Urban area,10,1896,None,None,Other/Not known (2005-10),Mid Junction - on roundabout or on main road,VOLKSWAGEN,GOLF GT TDI,Heavy oil,Male,None,No tow/articulation,Did not leave carriageway,0,Turning right,1,Car,No,Back,2010
201001CW11763,A,400,NA,0,Slight,None,22-08-2010,Sunday,2,Data missing or out of range,Not at junction or within 20 metres,51.534897,Darkness - lights lit,529410,183430,-0.135571,E01000947,1,2,0,0,Dry,One way street,None,30,02:15:00,Urban,Fine no high winds,No,21 - 25,8,Data missing or out of range,NA,1998,None,None,Other/Not known (2005-10),Not at or within 20 metres of junction,MERCEDES,C180 CLASSIC AUTO,Petrol,Male,None,No tow/articulation,Did not leave carriageway,0,Parked,1,Car,No,Back,2010
201001CW11853,A,501,B,507,Slight,None,05-09-2010,Sunday,1,Auto traffic signal,Crossroads,51.520878,Darkness - lights lit,527430,181820,-0.164685,E01004673,2,2,0,0,Dry,Dual carriageway,None,30,23:20:00,Urban,Fine no high winds,No,21 - 25,8,Urban area,3,1595,None,None,Other/Not known (2005-10),Mid Junction - on roundabout or on main road,SKODA,OCTAVIA AMBIENTE,Petrol,Male,None,No tow/articulation,Did not leave carriageway,0,Going ahead other,2,Car,No,Back,2010
201001CW12026,A,400,Unclassified,0,Slight,None,22-09-2010,Wednesday,1,Give way or uncontrolled,T or staggered junction,51.528472,Darkness - lights lit,529210,182710,-0.138717,E01000950,1,2,0,4,Dry,Single carriageway,None,30,20:50:00,Urban,Fine no high winds,No,21 - 25,8,Urban area,3,85,None,None,Journey as part of work,Mid Junction - on roundabout or on main road,HONDA,C90,Petrol,Male,None,No tow/articulation,Did not leave carriageway,0,Turning right,2,Motorcycle 50cc and under,No,Nearside,2010
201001CW12562,B,414,Unclassified,0,Slight,None,19-11-2010,Friday,1,Give way or uncontrolled,T or staggered junction,51.526359,Darkness - lights lit,525020,182370,-0.199208,E01004674,1,2,0,1,Dry,Single carriageway,None,30,23:57:00,Urban,Fine no high winds,No,21 - 25,8,Urban area,5,1794,None,None,Other/Not known (2005-10),Mid Junction - on roundabout or on main road,TOYOTA,AVENSIS GS VVT-I,Petrol,Male,None,No tow/articulation,Did not leave carriageway,0,Turning right,2,Car,No,Did not impact,2010
201001FH10623,A,3220,A,40,Slight,None,21-11-2010,Sunday,1,Give way or uncontrolled,Roundabout,51.515099,Darkness - lights lit,523500,181080,-0.22156,E01002877,1,2,0,0,Dry,Roundabout,None,30,21:15:00,Urban,Fine no high winds,No,21 - 25,8,Urban area,1,1598,None,None,Other/Not known (2005-10),Mid Junction - on roundabout or on main road,TOYOTA,COROLLA T3 VVTI,Petrol,Male,None,No tow/articulation,Did not leave carriageway,0,Turning left,2,Car,No,Nearside,2010
201001HT20808,A,101,Unclassified,0,Slight,None,06-11-2010,Saturday,1,Give way or uncontrolled,T or staggered junction,51.510229,Darkness - lights lit,535730,180850,-0.045498,E01004303,1,2,0,0,Dry,Dual carriageway,None,30,19:18:00,Urban,Fine no high winds,No,21 - 25,8,Data missing or out of range,NA,599,None,None,Other/Not known (2005-10),Mid Junction - on roundabout or on main road,HONDA,CBR 600 F,Petrol,Male,None,No tow/articulation,Did not leave carriageway,0,Going ahead other,1,Motorcycle over 500cc,No,Front,2010
201001HT20825,A,106,C,0,Slight,None,16-11-2010,Tuesday,1,Give way or uncontrolled,T or staggered junction,51.544643,Darkness - lights lit,536490,184700,-0.033062,E01001848,1,2,0,0,Dry,Dual carriageway,None,30,01:10:00,Urban,Fine no high winds,No,21 - 25,8,Urban area,2,1753,None,None,Other/Not known (2005-10),Mid Junction - on roundabout or on main road,FORD,FOCUS GHIA TDCI,Heavy oil,Male,None,No tow/articulation,Did not leave carriageway,0,Slowing or stopping,1,Car,No,Back,2010
201001JC30110,A,406,NA,0,Slight,None,20-02-2010,Saturday,1,Data missing or out of range,Not at junction or within 20 metres,51.600841,Darkness - lights lit,537460,190980,-0.016628,E01004403,4,5,0,0,Dry,Dual carriageway,None,50,00:25:00,Urban,Fine no high winds,No,21 - 25,8,Data missing or out of range,NA,1527,None,None,Other/Not known (2005-10),Not at or within 20 metres of junction,PEUGEOT,106 ZEST 2 DIESEL,Heavy oil,Male,None,No tow/articulation,Did not leave carriageway,0,Going ahead other,2,Car,No,Offside,2010
201001JI40782,A,406,NA,0,Slight,None,19-11-2010,Friday,1,Data missing or out of range,Not at junction or within 20 metres,51.572771,Darkness - lights lit,541950,187980,0.046946,E01003693,2,2,0,0,Dry,Dual carriageway,None,50,19:00:00,Urban,Fine no high winds,No,21 - 25,8,Urban area,1,973,None,None,Commuting to/from work,Not at or within 20 metres of junction,VAUXHALL,CORSA LIFE 12V,Petrol,Male,None,No tow/articulation,Did not leave carriageway,0,Slowing or stopping,1,Car,No,Back,2010
201001KD50320,A,125,Unclassified,0,Slight,None,02-06-2010,Wednesday,1,Give way or uncontrolled,T or staggered junction,51.540554,Darkness - lights lit,551810,184680,0.187696,E01002266,1,2,0,0,Dry,Single carriageway,None,30,21:29:00,Urban,Fine no high winds,No,21 - 25,8,Urban area,3,973,None,None,Other/Not known (2005-10),Leaving main road,VAUXHALL,CORSA CLUB 12V,Petrol,Male,Skidded,No tow/articulation,Did not leave carriageway,0,Going ahead other,2,Car,No,Front,2010
201001LX50127,A,215,C,0,Slight,None,17-02-2010,Wednesday,1,Auto traffic signal,Crossroads,51.4362,Darkness - lights lit,531840,172510,-0.10463,E01003079,1,2,0,5,Dry,Single carriageway,None,30,22:14:00,Urban,Fine no high winds,No,21 - 25,8,Urban area,6,125,None,None,Other/Not known (2005-10),Approaching junction or waiting/parked at junction approach,PIAGGIO,VESPA ET4,Petrol,Male,None,No tow/articulation,Did not leave carriageway,0,Waiting to go - held up,1,Motorcycle 125cc and under,No,Offside,2010
201001MM70646,Unclassified,0,NA,0,Slight,Any animal in carriageway (except ridden horse),06-08-2010,Friday,1,Data missing or out of range,Not at junction or within 20 metres,51.480246,Darkness - lights lit,533710,177460,-0.075873,E01004014,1,1,0,0,Dry,Single carriageway,None,30,00:57:00,Urban,Fine no high winds,No,21 - 25,8,Urban area,3,1769,Bollard or refuge,None,Other/Not known (2005-10),Not at or within 20 metres of junction,NISSAN,ALMERA SPORT PLUS,Petrol,Male,None,No tow/articulation,Did not leave carriageway,0,Going ahead other,1,Car,No,Front,2010
201001PL60034,A,21,A,20,Slight,None,18-01-2010,Monday,1,Give way or uncontrolled,Roundabout,51.464342,Darkness - lights lit,538190,175810,-0.012043,E01003296,1,2,0,5,Dry,Roundabout,None,30,06:20:00,Urban,Fine no high winds,No,21 - 25,8,Rural,5,1798,None,None,Other/Not known (2005-10),Mid Junction - on roundabout or on main road,FORD,MONDEO MISTRAL,Petrol,Male,None,No tow/articulation,Did not leave carriageway,0,Going ahead right-hand bend,1,Car,No,Front,2010
201001QK50352,A,4088,A,406,Slight,None,18-06-2010,Friday,1,Give way or uncontrolled,Slip road,51.559083,Darkness - lights lit,521260,185920,-0.25216,E01000628,1,2,0,5,Dry,Dual carriageway,None,40,23:05:00,Urban,Fine no high winds,No,21 - 25,8,Urban area,4,2151,None,None,Other/Not known (2005-10),Approaching junction or waiting/parked at junction approach,MERCEDES,VITO 108 CDI,Heavy oil,Male,None,No tow/articulation,Did not leave carriageway,0,Slowing or stopping,2,Van / Goods 3.5 tonnes mgw or under,No,Front,2010
201001QK50786,A,407,Unclassified,0,Slight,None,15-12-2010,Wednesday,1,Give way or uncontrolled,T or staggered junction,51.546997,Darkness - lights lit,522710,184610,-0.23171,E01000644,1,2,0,0,Wet or damp,Single carriageway,None,30,20:37:00,Urban,Fine no high winds,No,21 - 25,8,Urban area,6,1587,None,None,Other/Not known (2005-10),Mid Junction - on roundabout or on main road,CITROEN,XSARA PICASSO SX 8V,Petrol,Male,None,No tow/articulation,Did not leave carriageway,0,Turning right,2,Car,No,Front,2010
201001RG40404,Unclassified,0,Unclassified,0,Slight,None,11-07-2010,Sunday,1,Give way or uncontrolled,Crossroads,51.489486,Darkness - lights lit,547170,178860,0.118409,E01001572,1,2,0,0,Dry,Single carriageway,None,30,23:50:00,Urban,Fine no high winds,No,21 - 25,8,Urban area,5,1796,None,None,Other/Not known (2005-10),Mid Junction - on roundabout or on main road,BMW,316TI SE COMPACT,Petrol,Male,None,No tow/articulation,Did not leave carriageway,0,Going ahead other,1,Car,No,Front,2010
201001RG40798,C,0,Unclassified,0,Slight,None,24-12-2010,Friday,1,Give way or uncontrolled,T or staggered junction,51.479323,Darkness - lights lit,545820,177690,0.098495,E01001669,3,2,0,0,Frost or ice,Single carriageway,None,30,00:01:00,Urban,Fine no high winds,No,21 - 25,8,Urban area,9,1584,None,None,Other/Not known (2005-10),Mid Junction - on roundabout or on main road,MITSUBISHI,SPACE STAR MIRAGE,Petrol,Male,None,No tow/articulation,Did not leave carriageway,0,Turning right,2,Car,No,Offside,2010
201001SX20228,A,5,Unclassified,0,Slight,None,03-03-2010,Wednesday,1,Give way or uncontrolled,Crossroads,51.557741,Darkness - lights lit,523720,185830,-0.216723,E01000556,1,2,0,0,Dry,Single carriageway,None,30,19:52:00,Urban,Fine no high winds,No,21 - 25,8,Urban area,3,124,None,None,Other/Not known (2005-10),Mid Junction - on roundabout or on main road,PIAGGIO,B 125,Petrol,Male,None,No tow/articulation,Did not leave carriageway,0,Going ahead other,2,Motorcycle 125cc and under,No,Front,2010
201001SX20339,A,5,Unclassified,0,Slight,None,27-03-2010,Saturday,1,Give way or uncontrolled,T or staggered junction,51.585025,Darkness - lights lit,521410,188810,-0.248999,E01000150,2,2,0,0,Dry,Single carriageway,None,30,21:20:00,Urban,Fine no high winds,No,21 - 25,8,Urban area,5,1587,None,None,Other/Not known (2005-10),Mid Junction - on roundabout or on main road,PEUGEOT,307 LX 16V AUTO,Petrol,Male,None,No tow/articulation,Did not leave carriageway,0,Going ahead other,2,Car,No,Offside,2010
201001SX20341,A,1000,NA,0,Slight,None,27-03-2010,Saturday,1,Data missing or out of range,Not at junction or within 20 metres,51.594506,Darkness - lights lit,526920,190000,-0.169082,E01000177,1,3,0,1,Dry,Single carriageway,None,30,19:01:00,Urban,Fine no high winds,No,21 - 25,8,Urban area,4,1598,Parked vehicle,None,Commuting to/from work,Not at or within 20 metres of junction,MINI,MINI COOPER AUTO,Petrol,Male,None,No tow/articulation,Did not leave carriageway,0,Slowing or stopping,1,Car,No,Nearside,2010
201001SX21352,A,5,A,504,Slight,None,30-12-2010,Thursday,1,Auto traffic signal,T or staggered junction,51.577782,Darkness - lights lit,522070,188020,-0.239752,E01000305,1,1,0,5,Wet or damp,Single carriageway,None,30,00:45:00,Urban,Fine no high winds,No,21 - 25,8,Urban area,1,1598,None,Road sign or traffic signal,Other/Not known (2005-10),Mid Junction - on roundabout or on main road,TOYOTA,AVENSIS VERMONT VVTI,Petrol,Male,None,No tow/articulation,Offside,0,Turning left,1,Car,No,Front,2010
201034NK48490,B,669,NA,0,Slight,None,30-11-2010,Tuesday,1,Data missing or out of range,Not at junction or within 20 metres,52.453294,Darkness - lights lit,480000,284580,-0.824178,E01027093,1,2,0,0,Frost or ice,Single carriageway,None,60,22:05:00,Rural,Fine no high winds,No,21 - 25,8,Urban area,2,1999,None,None,Commuting to/from work,Not at or within 20 metres of junction,FORD,MONDEO ZETEC,Petrol,Male,None,No tow/articulation,Did not leave carriageway,0,Going ahead left-hand bend,2,Car,No,Front,2010