Accident_Index,1st_Road_Class,1st_Road_Number,2nd_Road_Class,2nd_Road_Number,Accident_Severity,Carriageway_Hazards,Date,Day_of_Week,Did_Police_Officer_Attend_Scene_of_Accident,Junction_Control,Junction_Detail,Latitude,Light_Conditions,Location_Easting_OSGR,Location_Northing_OSGR,Longitude,LSOA_of_Accident_Location,Number_of_Casualties,Number_of_Vehicles,Pedestrian_Crossing-Human_Control,Pedestrian_Crossing-Physical_Facilities,Road_Surface_Conditions,Road_Type,Special_Conditions_at_Site,Speed_limit,Time,Urban_or_Rural_Area,Weather_Conditions,InScotland,Age_Band_of_Driver,Age_of_Vehicle,Driver_Home_Area_Type,Driver_IMD_Decile,Engine_Capacity_.CC.,Hit_Object_in_Carriageway,Hit_Object_off_Carriageway,Journey_Purpose_of_Driver,Junction_Location,make,model,Propulsion_Code,Sex_of_Driver,Skidding_and_Overturning,Towing_and_Articulation,Vehicle_Leaving_Carriageway,Vehicle_Location.Restricted_Lane,Vehicle_Manoeuvre,Vehicle_Reference,Vehicle_Type,Was_Vehicle_Left_Hand_Drive,X1st_Point_of_Impact,Year
201001YE80173,Unclassified,0,Unclassified,0,Slight,None,04-03-2010,Thursday,1,Give way or uncontrolled,T or staggered junction,51.624975,Darkness - lights lit,532370,193530,-0.089115,E01001494,1,2,0,0,Dry,Single carriageway,None,30,22:50:00,Urban,Fine no high winds,No,21 - 25,8,Urban area,4,2926,None,None,Other/Not known (2005-10),Mid Junction - on roundabout or on main road,BMW,X5 D AUTO,Heavy oil,Male,None,No tow/articulation,Did not leave carriageway,0,Going ahead other,1,Car,No,Nearside,2010
201001YR90341,C,0,NA,0,Slight,None,21-05-2010,Friday,1,Data missing or out of range,Not at junction or within 20 metres,51.591321,Darkness - lights lit,528680,189690,-0.143801,E01001991,3,3,0,0,Dry,Single carriageway,None,30,21:57:00,Urban,Fine no high winds,No,21 - 25,8,Urban area,3,1598,None,None,Journey as part of work,Not at or within 20 metres of junction,ALFA ROMEO,147 T SPARK LUSSO,Petrol,Male,Skidded,No tow/articulation,Did not leave carriageway,0,Going ahead other,1,Car,No,Nearside,2010
201001YR90751,B,519,Unclassified,0,Slight,None,03-11-2010,Wednesday,1,Give way or uncontrolled,Private drive or entrance,51.572564,Darkness - lights lit,527380,187570,-0.163325,E01002008,1,2,0,0,Dry,Single carriageway,None,30,19:55:00,Urban,Fine no high winds,No,21 - 25,8,Urban area,5,1598,None,None,Other/Not known (2005-10),Cleared junction or waiting/parked at junction exit,MINI,MINI COOPER S,Petrol,Male,None,No tow/articulation,Did not leave carriageway,0,Moving off,1,Car,No,Offside,2010
201001ZD30053,B,271,NA,0,Slight,None,15-01-2010,Friday,1,Data missing or out of range,Not at junction or within 20 metres,51.364303,Darkness - lights lit,531070,164490,-0.118662,E01001167,1,2,0,0,Dry,Single carriageway,None,30,20:33:00,Urban,Fine no high winds,No,21 - 25,8,Urban area,10,1590,None,None,Commuting to/from work,Not at or within 20 metres of junction,HONDA,CIVIC SE EXECUTIVE,Petrol,Male,None,No tow/articulation,Did not leave carriageway,0,Turning left,1,Car,No,Nearside,2010
201004AN10030,Unclassified,0,NA,0,Slight,None,03-03-2010,Wednesday,1,Data missing or out of range,Not at junction or within 20 metres,53.846025,Darkness - lights lit,332120,439360,-3.033243,E01012692,1,1,0,0,Dry,Single carriageway,None,30,18:29:00,Urban,Fine no high winds,No,21 - 25,8,Small town,9,1299,Parked vehicle,None,Other/Not known (2005-10),Not at or within 20 metres of junction,PROTON,SATRIA LI,Petrol,Male,None,No tow/articulation,Did not leave carriageway,0,Going ahead other,1,Car,No,Offside,2010
201004CK10119,Unclassified,0,A,570,Slight,None,04-07-2010,Sunday,1,Auto traffic signal,Crossroads,53.565172,Darkness - lights lit,341700,407980,-2.881735,E01025488,2,2,0,5,Dry,Single carriageway,None,30,02:35:00,Urban,Fine no high winds,No,21 - 25,8,Urban area,1,1242,None,None,Other/Not known (2005-10),Mid Junction - on roundabout or on main road,FORD,FIESTA FREESTYLE,Petrol,Male,Skidded,No tow/articulation,Did not leave carriageway,0,Going ahead other,1,Car,No,Front,2010
201004CM10029,B,6258,Unclassified,0,Slight,None,22-02-2010,Monday,1,Give way or uncontrolled,Other junction,53.730275,Darkness - lights lit,356470,426190,-2.6613,E01025399,1,2,0,0,Frost or ice,Single carriageway,None,30,22:20:00,Urban,Fine no high winds,No,21 - 25,8,Urban area,3,125,None,None,Other/Not known (2005-10),Mid Junction - on roundabout or on main road,APRILIA,,Petrol,Male,Skidded,No tow/articulation,Did not leave carriageway,0,Going ahead other,2,Motorcycle 125cc and under,No,Front,2010
201004DR10039,A,5085,B,6243,Slight,None,10-05-2010,Monday,1,Auto traffic signal,Crossroads,53.77013,Darkness - lights lit,355870,430630,-2.67103,E01025296,1,2,0,4,Dry,Single carriageway,None,30,23:00:00,Urban,Fine no high winds,No,21 - 25,8,Urban area,2,1910,None,None,Commuting to/from work,Mid Junction - on roundabout or on main road,FIAT,STILO JTD DYNAMIC,Heavy oil,Male,None,No tow/articulation,Did not leave carriageway,0,Going ahead other,2,Car,No,Nearside,2010
201004EA10217,A,677,A,6119,Slight,None,22-08-2010,Sunday,1,Auto traffic signal,More than 4 arms (not roundabout),53.760896,Darkness - lights lit,365720,429520,-2.521469,E01012584,1,1,0,0,Dry,Single carriageway,None,50,21:30:00,Rural,Fine no high winds,No,21 - 25,8,Urban area,2,1587,None,Lamp post,Other/Not known (2005-10),Mid Junction - on roundabout or on main road,CITROEN,SAXO VTR,Petrol,Male,Skidded,No tow/articulation,Nearside,0,Overtaking static vehicle - offside,1,Car,No,Offside,2010
201004EB10008,A,666,Unclassified,0,Slight,None,25-01-2010,Monday,1,Give way or uncontrolled,Other junction,53.698457,Darkness - lights lit,369010,422550,-2.470865,E01012653,1,2,0,0,Dry,Single carriageway,None,30,22:45:00,Urban,Fine no high winds,No,21 - 25,8,Urban area,1,1468,None,None,Journey as part of work,Mid Junction - on roundabout or on main road,PROTON,WIRA LXI,Petrol,Male,None,No tow/articulation,Did not leave carriageway,0,Turning left,1,Car,No,Front,2010
201004FL10021,Unclassified,0,NA,0,Slight,None,20-02-2010,Saturday,1,Data missing or out of range,Not at junction or within 20 metres,53.68678,Darkness - lights lit,380220,421190,-2.300991,E01025384,2,2,0,0,Wet or damp,Single carriageway,None,60,21:15:00,Rural,Fine no high winds,No,21 - 25,8,Urban area,6,1199,None,None,Other/Not known (2005-10),Not at or within 20 metres of junction,VAUXHALL,CORSA COMFORT 16V,Petrol,Male,None,No tow/articulation,Did not leave carriageway,0,Going ahead other,2,Car,No,Offside,2010
201004TA10204,Motorway,65,NA,0,Slight,None,20-11-2010,Saturday,1,Data missing or out of range,Not at junction or within 20 metres,53.750563,Darkness - lights lit,371730,428330,-2.430198,E01025074,3,3,0,0,Wet or damp,Dual carriageway,None,70,18:35:00,Rural,Fine no high winds,No,21 - 25,8,Urban area,4,1910,None,None,Other/Not known (2005-10),Not at or within 20 metres of junction,FIAT,STILO JTD DYNAMIC,Heavy oil,Male,None,No tow/articulation,Did not leave carriageway,0,Going ahead other,2,Car,No,Back,2010
201005AA01809,A,554,Unclassified,0,Slight,None,19-02-2010,Friday,1,Give way or uncontrolled,T or staggered junction,53.420978,Darkness - lights lit,331700,392070,-3.029229,E01007215,1,1,0,0,Wet or damp,Single carriageway,None,30,18:00:00,Urban,Fine no high winds,No,21 - 25,8,Urban area,1,1328,None,None,Other/Not known (2005-10),Approaching junction or waiting/parked at junction approach,SUZUKI,IGNIS GL,Petrol,Male,None,No tow/articulation,Did not leave carriageway,0,Going ahead other,1,Car,No,Front,2010
201006C026994,A,34,NA,0,Slight,None,25-01-2010,Monday,1,Data missing or out of range,Not at junction or within 20 metres,53.438449,Darkness - lights lit,386430,393540,-2.20575,E01005217,1,2,0,0,Wet or damp,Dual carriageway,None,40,00:10:00,Urban,Fine no high winds,No,21 - 25,8,Urban area,6,2926,None,None,Other/Not known (2005-10),Not at or within 20 metres of junction,BMW,530 D SPORT AUTO,Heavy oil,Male,Skidded,No tow/articulation,Did not leave carriageway,0,Going ahead other,2,Car,No,Front,2010
201006F027226,A,580,C,0,Slight,None,30-01-2010,Saturday,1,Auto traffic signal,Crossroads,53.508746,Darkness - lights lit,376470,401400,-2.356273,E01005687,2,2,0,7,Wet or damp,Dual carriageway,None,50,20:39:00,Urban,Fine no high winds,No,21 - 25,8,Urban area,1,1599,None,None,Other/Not known (2005-10),Approaching junction or waiting/parked at junction approach,HYUNDAI,ELANTRA SI,Petrol,Male,None,No tow/articulation,Did not leave carriageway,0,Waiting to go - held up,2,Car,No,Back,2010
201006F040213,Unclassified,0,Unclassified,0,Slight,None,14-12-2010,Tuesday,2,Give way or uncontrolled,T or staggered junction,53.510533,Darkness - lights lit,383190,401570,-2.254955,E01005651,1,1,0,0,Wet or damp,Single carriageway,None,30,17:15:00,Urban,Fine no high winds,No,21 - 25,8,Urban area,3,1200,None,None,Other/Not known (2005-10),Leaving main road,VOLKSWAGEN,POLO E,Petrol,Male,None,No tow/articulation,Did not leave carriageway,0,Turning right,1,Car,No,Offside,2010
201006L032350,A,5082,Unclassified,0,Slight,None,10-06-2010,Thursday,1,Give way or uncontrolled,T or staggered junction,53.515396,Darkness - lights lit,371050,402170,-2.438068,E01006379,4,2,0,0,Dry,Single carriageway,None,30,02:10:00,Urban,Fine no high winds,No,21 - 25,8,Data missing or out of range,NA,1998,None,None,Other/Not known (2005-10),Approaching junction or waiting/parked at junction approach,FORD,TRANSIT 280 SWB TD,Heavy oil,Male,None,No tow/articulation,Did not leave carriageway,0,Turning right,2,Van / Goods 3.5 tonnes mgw or under,No,Offside,2010
201006L039048,A,49,A,49,Slight,None,18-11-2010,Thursday,1,Auto traffic signal,T or staggered junction,53.54132,Darkness - lights lit,358290,405150,-2.630887,E01006349,1,2,0,5,Wet or damp,Dual carriageway,None,30,18:00:00,Urban,Fine no high winds,No,21 - 25,8,Urban area,4,1149,None,None,Other/Not known (2005-10),Mid Junction - on roundabout or on main road,RENAULT,CLIO DYNAMIQUE 16V,Petrol,Male,None,No tow/articulation,Did not leave carriageway,0,Turning right,2,Car,No,Front,2010
201006X031122,Motorway,602,NA,0,Slight,None,09-05-2010,Sunday,1,Data missing or out of range,Not at junction or within 20 metres,53.488349,Darkness - lights lit,376620,399130,-2.353841,E01005637,2,2,0,0,Dry,Dual carriageway,None,70,00:05:00,Urban,Fine no high winds,No,21 - 25,8,Urban area,1,1997,None,None,Other/Not known (2005-10),Not at or within 20 metres of junction,PEUGEOT,206 HDI D TURBO,Heavy oil,Male,None,No tow/articulation,Did not leave carriageway,0,Changing lane to right,1,Car,No,Did not impact,2010
201011ND22620,A,690,Unclassified,0,Slight,None,11-09-2010,Saturday,2,Give way or uncontrolled,T or staggered junction,54.776002,Darkness - lights lit,426790,542420,-1.58504,E01020703,1,2,0,0,Wet or damp,Single carriageway,None,30,03:55:00,Urban,Fine no high winds,No,21 - 25,8,Small town,2,1796,None,None,Commuting to/from work,Mid Junction - on roundabout or on main road,MG,ZS+,Petrol,Male,None,No tow/articulation,Did not leave carriageway,0,Overtaking moving vehicle - offside,2,Car,No,Front,2010
201014A154110,Unclassified,0,NA,0,Slight,None,07-08-2010,Saturday,1,Not at junction or within 20 metres,Not at junction or within 20 metres,53.481822,Darkness - lights lit,451060,398620,-1.232044,E01007536,1,1,0,0,Wet or damp,Single carriageway,None,40,23:48:00,Urban,Fine no high winds,No,21 - 25,8,Urban area,2,1598,None,None,Other/Not known (2005-10),Not at or within 20 metres of junction,MAZDA,323F GXI,Petrol,Male,None,No tow/articulation,Did not leave carriageway,0,Going ahead other,1,Car,No,Front,2010
201014C145410,Unclassified,0,NA,0,Slight,None,22-11-2010,Monday,2,Not at junction or within 20 metres,Not at junction or within 20 metres,53.375487,Darkness - lights lit,451140,386790,-1.232756,E01007789,1,2,0,0,Wet or damp,Single carriageway,None,30,16:55:00,Urban,Fine no high winds,No,21 - 25,8,Urban area,2,2151,None,None,Other/Not known (2005-10),Not at or within 20 metres of junction,MERCEDES,VITO 108 CDI,Heavy oil,Male,None,No tow/articulation,Did not leave carriageway,0,Going ahead left-hand bend,2,Van / Goods 3.5 tonnes mgw or under,No,Front,2010
201014K107510,A,6102,Unclassified,0,Slight,None,19-04-2010,Monday,1,Give way or uncontrolled,Other junction,53.407457,Darkness - lights lit,436230,390210,-1.456472,E01007942,2,2,0,0,Dry,Single carriageway,None,30,21:05:00,Urban,Fine no high winds,No,21 - 25,8,Urban area,1,1896,None,None,Other/Not known (2005-10),Approaching junction or waiting/parked at junction approach,VOLKSWAGEN,GOLF TDI S,Heavy oil,Male,None,No tow/articulation,Did not leave carriageway,0,Going ahead other,1,Car,No,Front,2010
201014K113010,A,61,A,61,Slight,None,23-04-2010,Friday,1,Auto traffic signal,Roundabout,53.388404,Darkness - lights lit,434860,388080,-1.477314,E01008070,4,3,0,4,Dry,Roundabout,None,30,22:18:00,Urban,Fine no high winds,No,21 - 25,8,Urban area,2,1998,Bollard or refuge,None,Other/Not known (2005-10),Entering roundabout,HONDA,CIVIC TYPE-R,Petrol,Male,Skidded and overturned,No tow/articulation,Did not leave carriageway,0,Going ahead other,2,Car,No,Back,2010
201014K271710,Unclassified,0,NA,0,Slight,None,15-10-2010,Friday,1,Not at junction or within 20 metres,Not at junction or within 20 metres,53.360249,Darkness - lights lit,433800,384940,-1.493586,E01008052,1,2,0,0,Wet or damp,Single carriageway,None,30,22:43:00,Urban,Fine no high winds,No,21 - 25,8,Urban area,9,1753,None,None,Other/Not known (2005-10),Not at or within 20 metres of junction,FORD,FOCUS LX TD DI,Heavy oil,Male,Overturned,No tow/articulation,Did not leave carriageway,0,Going ahead other,1,Car,No,Front,2010
2010160B05111,Unclassified,0,Unclassified,0,Slight,None,20-12-2010,Monday,2,Give way or uncontrolled,T or staggered junction,53.588867,Darkness - lights lit,487220,411060,-0.683807,E01013334,1,2,0,0,Wet or damp,Single carriageway,None,30,23:40:00,Urban,Fine no high winds,No,21 - 25,8,Urban area,3,1390,None,None,Other/Not known (2005-10),Leaving main road,SEAT,LEON S 16V,Petrol,Male,None,No tow/articulation,Did not leave carriageway,0,Waiting to turn right,2,Car,No,Back,2010
2010170S12100,A,1027,Unclassified,0,Slight,None,14-08-2010,Saturday,1,Auto traffic signal,T or staggered junction,54.595736,Darkness - lights lit,444590,522500,-1.311374,E01012210,2,2,0,5,Wet or damp,Single carriageway,None,40,21:00:00,Urban,Fine no high winds,No,21 - 25,8,Urban area,3,1124,None,None,Other/Not known (2005-10),Mid Junction - on roundabout or on main road,PEUGEOT,206 LOOK,Petrol,Male,None,No tow/articulation,Did not leave carriageway,0,Going ahead other,1,Car,No,Front,2010
201020D753313,A,45,Unclassified,0,Slight,None,20-01-2010,Wednesday,1,Auto traffic signal,T or staggered junction,52.463249,Darkness - lights lit,411300,285050,-1.835116,E01008884,1,3,0,8,Dry,Dual carriageway,None,40,23:33:00,Urban,Fine no high winds,No,21 - 25,8,Urban area,1,1396,None,None,Other/Not known (2005-10),Mid Junction - on roundabout or on main road,ROVER,25 SPIRIT S,Petrol,Male,None,No tow/articulation,Did not leave carriageway,0,Going ahead other,1,Car,No,Front,2010
201020E017012,A,435,Unclassified,0,Slight,None,27-01-2010,Wednesday,1,Give way or uncontrolled,Roundabout,52.404783,Darkness - lights lit,407810,278540,-1.886635,E01008948,1,3,0,4,Dry,Roundabout,None,30,18:36:00,Urban,Fine no high winds,No,21 - 25,8,Urban area,1,1896,None,None,Journey as part of work,Entering roundabout,VOLKSWAGEN,PASSAT S TDI,Heavy oil,Male,None,No tow/articulation,Did not leave carriageway,0,Waiting to go - held up,2,Taxi/Private hire car,No,Back,2010
201020F047613,A,4040,Unclassified,0,Slight,None,14-03-2010,Sunday,1,Give way or uncontrolled,T or staggered junction,52.508569,Darkness - lights lit,404130,290080,-1.940589,E01009273,2,4,0,0,Dry,Single carriageway,None,30,19:00:00,Urban,Fine no high winds,No,21 - 25,8,Urban area,2,1149,None,None,Other/Not known (2005-10),Mid Junction - on roundabout or on main road,RENAULT,CLIO AUTHENTIQUE,Petrol,Male,None,No tow/articulation,Did not leave carriageway,0,Overtaking moving vehicle - offside,2,Car,No,Front,2010
201020H003960,A,4031,NA,0,Slight,None,25-05-2010,Tuesday,1,Data missing or out of range,Not at junction or within 20 metres,52.562072,Darkness - lights lit,401750,296030,-1.975627,E01010338,3,3,0,0,Dry,Single carriageway,None,30,22:40:00,Urban,Fine no high winds,No,21 - 25,8,Urban area,1,2946,None,None,Other/Not known (2005-10),Not at or within 20 metres of junction,RENAULT,CLIO RENAULT SPORT V6,Petrol,Male,None,No tow/articulation,Did not leave carriageway,0,Overtaking moving vehicle - offside,1,Car,No,Front,2010
201020H007850,Unclassified,0,Unclassified,0,Slight,None,08-09-2010,Wednesday,1,Auto traffic signal,T or staggered junction,52.584368,Darkness - lights lit,401660,298510,-1.976943,E01010368,1,1,0,0,Dry,Single carriageway,None,30,22:40:00,Urban,Fine no high winds,No,21 - 25,8,Urban area,3,1998,None,None,Other/Not known (2005-10),Cleared junction or waiting/parked at junction exit,HONDA,CR-V I-VTEC SE SPORT AUTO,Petrol,Male,None,No tow/articulation,Did not leave carriageway,0,Going ahead other,1,Car,No,Offside,2010
201020H009812,A,454,B,4464,Slight,None,05-02-2010,Friday,1,Give way or uncontrolled,Roundabout,52.582104,Darkness - lights lit,395550,298260,-2.067119,E01010404,4,2,0,0,Dry,Roundabout,None,40,00:05:00,Urban,Fine no high winds,No,21 - 25,8,Urban area,1,2999,None,None,Other/Not known (2005-10),Mid Junction - on roundabout or on main road,BMW,X5,Heavy oil,Male,None,No tow/articulation,Did not leave carriageway,0,Turning right,2,Car,No,Nearside,2010
201020H011220,A,461,Unclassified,0,Slight,None,10-12-2010,Friday,1,Give way or uncontrolled,T or staggered junction,52.615197,Darkness - lights lit,403200,301940,-1.954181,E01010319,2,2,0,0,Dry,Single carriageway,None,30,17:50:00,Urban,Fine no high winds,No,21 - 25,8,Urban area,9,1149,None,None,Other/Not known (2005-10),Mid Junction - on roundabout or on main road,RENAULT,CLIO DYNAMIQUE 16V,Petrol,Male,None,No tow/articulation,Did not leave carriageway,0,Turning right,1,Car,No,Offside,2010
201020K500740,Unclassified,0,Unclassified,0,Slight,None,28-11-2010,Sunday,1,Give way or uncontrolled,Crossroads,52.519911,Darkness - lights lit,400150,291340,-1.99923,E01010106,2,2,0,0,Frost or ice,Single carriageway,None,30,00:53:00,Urban,Fine no high winds,No,21 - 25,8,Urban area,3,1598,None,None,Other/Not known (2005-10),Mid Junction - on roundabout or on main road,VAUXHALL,ASTRA COUPE CONVERTIBLE,Petrol,Male,None,No tow/articulation,Did not leave carriageway,0,Going ahead other,2,Car,No,Front,2010
201020L041511,Unclassified,0,NA,0,Slight,None,07-03-2010,Sunday,1,Data missing or out of range,Not at junction or within 20 metres,52.382989,Darkness - lights lit,410130,276120,-1.852605,E01010181,1,1,0,0,Dry,Single carriageway,None,40,03:16:00,Rural,Fine no high winds,No,21 - 25,8,Small town,7,1396,Kerb,Telegraph or electricity pole,Other/Not known (2005-10),Not at or within 20 metres of junction,ROVER,25 IL 16V,Petrol,Male,None,No tow/articulation,Nearside,0,Going ahead other,1,Car,No,Front,2010
201020N038010,A,47,NA,0,Slight,None,22-09-2010,Wednesday,1,Data missing or out of range,Not at junction or within 20 metres,52.513181,Darkness - lights lit,413620,290610,-1.800743,E01009101,1,2,0,0,Dry,Dual carriageway,None,40,18:12:00,Urban,Fine no high winds,No,21 - 25,8,Urban area,7,1796,None,None,Other/Not known (2005-10),Not at or within 20 metres of junction,MG,ZR+,Petrol,Male,None,No tow/articulation,Did not leave carriageway,0,Going ahead other,2,Car,No,Nearside,2010
201020T039030,B,4114,Unclassified,0,Slight,None,25-09-2010,Saturday,1,Give way or uncontrolled,T or staggered junction,52.492855,Darkness - lights lit,409770,288340,-1.857541,E01009483,1,2,0,0,Dry,Single carriageway,None,30,22:50:00,Urban,Fine no high winds,No,21 - 25,8,Urban area,1,1995,None,None,Other/Not known (2005-10),Entering main road,TOYOTA,AVENSIS GS D4-D,Heavy oil,Male,None,No tow/articulation,Did not leave carriageway,0,Turning left,1,Car,No,Front,2010
201020W043680,Unclassified,0,NA,0,Slight,None,23-10-2010,Saturday,1,Data missing or out of range,Not at junction or within 20 metres,52.481745,Darkness - lights lit,407340,287100,-1.893358,E01009150,1,1,0,4,Wet or damp,Single carriageway,None,30,22:15:00,Urban,Fine no high winds,No,21 - 25,8,Urban area,1,973,None,None,Other/Not known (2005-10),Not at or within 20 metres of junction,VAUXHALL,CORSA CLUB 12V,Petrol,Male,None,No tow/articulation,Did not leave carriageway,0,Going ahead other,1,Car,No,Offside,2010
20102100X0022,A,50,Unclassified,72,Slight,None,24-12-2010,Friday,1,Give way or uncontrolled,T or staggered junction,52.998149,Darkness - lights lit,389490,344550,-2.158056,E01014274,1,2,0,4,Frost or ice,One way street,None,30,18:10:00,Urban,Fine no high winds,No,21 - 25,8,Urban area,2,2967,None,None,Other/Not known (2005-10),Entering main road,FORD,MONDEO ST220,Petrol,Male,None,No tow/articulation,Did not leave carriageway,0,Going ahead other,1,Car,No,Front,2010
201022D000448,Motorway,42,NA,0,Slight,None,22-01-2010,Friday,2,Data missing or out of range,Not at junction or within 20 metres,52.355655,Darkness - lights lit,397650,273070,-2.035941,E01032155,3,4,0,0,Wet or damp,Dual carriageway,None,70,18:55:00,Rural,Fine no high winds,No,21 - 25,8,Urban area,4,1149,None,None,Other/Not known (2005-10),Not at or within 20 metres of junction,RENAULT,CLIO AUTHENTIQUE,Petrol,Male,Skidded,No tow/articulation,Did not leave carriageway,0,Going ahead other,2,Car,No,Front,2010
201030C000627,Unclassified,0,NA,0,Slight,None,20-09-2010,Monday,1,Data missing or out of range,Not at junction or within 20 metres,53.257935,Darkness - lights lit,436870,373580,-1.448775,E01019544,1,2,0,0,Dry,Single carriageway,None,30,21:30:00,Urban,Fine no high winds,No,21 - 25,8,Urban area,2,100,None,None,Other/Not known (2005-10),Not at or within 20 metres of junction,PEUGEOT,SPEEDFIGHT 100,Petrol,Male,None,No tow/articulation,Did not leave carriageway,0,Going ahead other,1,Motorcycle 125cc and under,No,Nearside,2010
201030D000744,B,71,A,514,Slight,None,11-08-2010,Wednesday,1,Give way or uncontrolled,T or staggered junction,52.910848,Darkness - lights lit,435970,334960,-1.466575,E01013482,1,2,0,4,Dry,Single carriageway,None,30,23:15:00,Urban,Fine no high winds,No,21 - 25,8,Urban area,1,1997,None,None,Other/Not known (2005-10),Approaching junction or waiting/parked at junction approach,PEUGEOT,,Heavy oil,Male,None,No tow/articulation,Did not leave carriageway,0,Going ahead other,2,Car,No,Front,2010
201030D000750,A,38,NA,0,Slight,None,15-08-2010,Sunday,1,Data missing or out of range,Not at junction or within 20 metres,52.859958,Darkness - lights lit,428660,329250,-1.575773,E01019841,2,2,0,0,Dry,Dual carriageway,None,70,21:11:00,Rural,Fine no high winds,No,21 - 25,8,Data missing or out of range,NA,3600,None,None,Other/Not known (2005-10),Not at or within 20 metres of junction,PORSCHE,911 CARRERA 4,Petrol,Male,None,No tow/articulation,Did not leave carriageway,0,Slowing or stopping,1,Car,No,Back,2010
20103102D1051,A,6011,Unclassified,0,Slight,None,09-03-2010,Tuesday,1,Give way or uncontrolled,T or staggered junction,52.931207,Darkness - lights lit,459740,337460,-1.112689,E01028354,1,2,0,0,Dry,Single carriageway,None,30,19:42:00,Urban,Fine no high winds,No,21 - 25,8,Data missing or out of range,NA,1590,None,None,Commuting to/from work,Mid Junction - on roundabout or on main road,HONDA,CIVIC VTEC SE SPORT,Petrol,Male,None,No tow/articulation,Did not leave carriageway,0,Going ahead other,2,Car,No,Front,2010
201043S115110,A,509,NA,0,Slight,None,03-11-2019,Monday,1,Data missing or out of range,Not at junction or within 20 metres,12.97084305,Darkness - lights lit,483750,238450,77.65126256,E01016730,2,1,0,0,Wet or damp,Dual carriageway,None,40,23:23:00,Rural,Fine no high winds,No,21 - 25,8,Urban area,8,1587,None,None,Other/Not known (2005-10),Not at or within 20 metres of junction,PEUGEOT,206 XSI,Petrol,Female,None,No tow/articulation,Did not leave carriageway,0,Going ahead left-hand bend,1,Car,No,Offside,2020
201045RE55118,A,240,B,284,Slight,None,18-03-2020,Tuesday,1,Give way or uncontrolled,T or staggered junction,28.59347286,Darkness - lights lit,523420,158970,77.26512067,E01030606,1,2,0,0,Wet or damp,Single carriageway,None,30,22:19:00,Urban,Fine no high winds,No,21 - 25,8,Urban area,9,1299,None,Tree,Journey as part of work,Mid Junction - on roundabout or on main road,FORD,KA COLLECTION,Petrol,Female,None,No tow/articulation,Nearside,0,Going ahead other,1,Car,No,Front,2021
201045RE48994,Motorway,25,NA,0,Slight,None,23-10-2019,Thursday,1,Data missing or out of range,Not at junction or within 20 metres,18.53864073,Darkness - lights lit,527100,153380,73.81678995,E01030598,2,2,0,0,Wet or damp,Dual carriageway,None,70,18:22:00,Rural,Fine no high winds,No,21 - 25,8,Urban area,8,1590,None,None,Other/Not known (2005-10),Not at or within 20 metres of junction,HONDA,CIVIC VTEC SE SPORT,Petrol,Female,None,No tow/articulation,Did not leave carriageway,0,Going ahead other,2,Car,No,Nearside,2021
2010550C49772,C,309,Unclassified,0,Slight,None,24-02-2020,Tuesday,2,Give way or uncontrolled,Roundabout,18.57313497,Darkness - lights lit,413080,92010,73.8353137,E01015365,1,2,0,0,Dry,Roundabout,None,30,20:09:00,Urban,Fine no high winds,No,21 - 25,8,Urban area,3,1997,None,None,Other/Not known (2005-10),Entering roundabout,PEUGEOT,307 RAPIER HDI,Heavy oil,Female,None,No tow/articulation,Did not leave carriageway,0,Waiting to go - held up,1,Car,No,Back,2021
2010400C02773,Unclassified,0,NA,0,Slight,None,27-04-2021,Thursday,1,Data missing or out of range,Not at junction or within 20 metres,27.09895739,Darkness - lights lit,503760,223940,93.61752182,E01015756,1,2,0,0,Wet or damp,Single carriageway,None,30,19:53:00,Urban,Fine no high winds,No,21 - 25,8,Data missing or out of range,NA,1598,None,None,Other/Not known (2005-10),Not at or within 20 metres of junction,VAUXHALL,ASTRA LS 8V,Petrol,Female,None,No tow/articulation,Did not leave carriageway,0,Going ahead other,2,Car,No,Offside,2019
201001JC30116,Unclassified,0,Unclassified,0,Slight,None,02-01-2010,Saturday,1,Give way or uncontrolled,T or staggered junction,51.618407,Darkness - lights lit,538750,192970,0.002773,E01004384,2,2,0,0,Frost or ice,Single carriageway,None,30,16:59:00,Urban,Fine no high winds,No,21 - 25,8,Urban area,4,1149,None,None,Other/Not known (2005-10),Mid Junction - on roundabout or on main road,RENAULT,CLIO DYNAMIQUE 16V,Petrol,Female,None,No tow/articulation,Did not leave carriageway,0,Going ahead other,1,Car,No,Front,2010
201001KG70148,C,0,Unclassified,0,Slight,None,07-05-2010,Friday,1,Give way or uncontrolled,T or staggered junction,51.552974,Darkness - lights lit,550390,186020,0.167808,E01000034,1,2,0,0,Dry,Single carriageway,None,30,20:10:00,Urban,Fine no high winds,No,21 - 25,8,Urban area,4,1397,None,None,Other/Not known (2005-10),Mid Junction - on roundabout or on main road,SKODA,FABIA CLASSIC 8V,Petrol,Female,None,No tow/articulation,Did not leave carriageway,0,Turning right,1,Car,No,Front,2010
201001LX50358,A,205,A,205,Slight,None,24-04-2010,Saturday,1,Give way or uncontrolled,T or staggered junction,51.441196,Darkness - lights lit,531610,173060,-0.107733,E01003164,1,2,0,4,Dry,Single carriageway,None,30,21:01:00,Urban,Fine no high winds,No,21 - 25,8,Urban area,2,1587,None,None,Other/Not known (2005-10),Cleared junction or waiting/parked at junction exit,PEUGEOT,307 LX 16V AUTO,Petrol,Female,None,No tow/articulation,Did not leave carriageway,0,Parked,1,Car,No,Nearside,2010