Accident_Index,1st_Road_Class,1st_Road_Number,2nd_Road_Class,2nd_Road_Number,Accident_Severity,Carriageway_Hazards,Date,Day_of_Week,Did_Police_Officer_Attend_Scene_of_Accident,Junction_Control,Junction_Detail,Latitude,Light_Conditions,Location_Easting_OSGR,Location_Northing_OSGR,Longitude,LSOA_of_Accident_Location,Number_of_Casualties,Number_of_Vehicles,Pedestrian_Crossing-Human_Control,Pedestrian_Crossing-Physical_Facilities,Road_Surface_Conditions,Road_Type,Special_Conditions_at_Site,Speed_limit,Time,Urban_or_Rural_Area,Weather_Conditions,InScotland,Age_Band_of_Driver,Age_of_Vehicle,Driver_Home_Area_Type,Driver_IMD_Decile,Engine_Capacity_.CC.,Hit_Object_in_Carriageway,Hit_Object_off_Carriageway,Journey_Purpose_of_Driver,Junction_Location,make,model,Propulsion_Code,Sex_of_Driver,Skidding_and_Overturning,Towing_and_Articulation,Vehicle_Leaving_Carriageway,Vehicle_Location.Restricted_Lane,Vehicle_Manoeuvre,Vehicle_Reference,Vehicle_Type,Was_Vehicle_Left_Hand_Drive,X1st_Point_of_Impact,Year
201043N103080,Unclassified,3192,NA,0,Slight,None,14-08-2010,Saturday,2,Data missing or out of range,Not at junction or within 20 metres,51.619827,Darkness - lights lit,483780,191920,-0.791243,E01017843,1,2,0,0,Wet or damp,Single carriageway,None,30,00:20:00,Urban,Other,No,21 - 25,8,Urban area,9,1149,None,None,Other/Not known (2005-10),Not at or within 20 metres of junction,RENAULT,CLIO DYNAMIQUE 16V,Petrol,Female,None,No tow/articulation,Did not leave carriageway,0,Slowing or stopping,2,Car,No,Back,2010
201045GU56892,B,3000,NA,0,Slight,None,08-12-2010,Wednesday,1,Data missing or out of range,Not at junction or within 20 metres,51.213056,Darkness - lights lit,495700,146880,-0.631261,E01030478,1,3,0,0,Frost or ice,Single carriageway,None,30,19:33:00,Rural,Other,No,21 - 25,8,Urban area,10,1895,None,None,Other/Not known (2005-10),Not at or within 20 metres of junction,BMW,316I SE,Petrol,Female,None,No tow/articulation,Did not leave carriageway,0,Going ahead other,3,Car,No,Offside,2010
201001VK30010,A,307,Unclassified,0,Slight,None,01-01-2010,Friday,1,Give way or uncontrolled,Crossroads,51.422154,Darkness - lights lit,518090,170610,-0.302985,E01003011,1,1,0,0,Frost or ice,Single carriageway,None,30,05:30:00,Urban,Other,No,21 - 25,8,Urban area,2,998,None,None,Other/Not known (2005-10),Mid Junction - on roundabout or on main road,TOYOTA,YARIS GS,Petrol,Female,None,No tow/articulation,Did not leave carriageway,0,Going ahead other,1,Car,No,Front,2010
201001ZD30128,A,232,NA,0,Slight,None,18-02-2010,Thursday,1,Data missing or out of range,Not at junction or within 20 metres,51.375088,Darkness - lights lit,536040,165820,-0.046806,E01001063,1,2,0,0,Wet or damp,Single carriageway,None,30,20:45:00,Urban,Other,No,21 - 25,8,Data missing or out of range,NA,1149,None,None,Other/Not known (2005-10),Not at or within 20 metres of junction,RENAULT,CLIO AUTHENTIQUE,Petrol,Female,None,No tow/articulation,Did not leave carriageway,0,Turning right,1,Car,No,Offside,2010
201006M040370,C,0,Unclassified,0,Slight,None,05-12-2010,Sunday,1,Give way or uncontrolled,T or staggered junction,53.451182,Darkness - lights lit,379880,394980,-2.304442,E01006189,1,2,0,0,Wet or damp,Single carriageway,None,30,23:40:00,Urban,Other,No,21 - 25,8,Urban area,9,1299,None,None,Other/Not known (2005-10),Approaching junction or waiting/parked at junction approach,FORD,KA LUXURY,Petrol,Female,None,No tow/articulation,Did not leave carriageway,0,Going ahead other,2,Car,No,Front,2010
201020L011050,Unclassified,0,Unclassified,0,Slight,None,27-10-2010,Wednesday,1,Give way or uncontrolled,T or staggered junction,52.506904,Darkness - lights lit,416330,289920,-1.760844,E01010119,1,2,0,0,Wet or damp,Single carriageway,None,30,01:12:00,Urban,Other,No,21 - 25,8,Urban area,1,1242,None,None,Other/Not known (2005-10),Mid Junction - on roundabout or on main road,FIAT,PUNTO DYNAMIC 16V,Petrol,Female,None,No tow/articulation,Did not leave carriageway,0,Going ahead other,2,Car,No,Front,2010
201030C000792,B,6374,B,6013,Slight,None,05-09-2010,Sunday,1,Give way or uncontrolled,T or staggered junction,53.050826,Darkness - lights lit,437010,350540,-1.449333,E01019429,1,1,0,0,Dry,Single carriageway,None,30,00:29:00,Rural,Other,No,21 - 25,8,Urban area,8,1598,None,None,Other/Not known (2005-10),Approaching junction or waiting/parked at junction approach,MINI,MINI ONE,Petrol,Female,None,No tow/articulation,Did not leave carriageway,0,Going ahead other,1,Car,No,Front,2010
201030B000379,A,5004,B,5470,Slight,None,11-11-2010,Thursday,1,Auto traffic signal,Crossroads,53.32258,Darkness - lights lit,401100,380630,-1.984954,E01019765,1,2,0,0,Wet or damp,Single carriageway,None,30,07:00:00,Rural,Raining + high winds,No,21 - 25,8,Data missing or out of range,NA,1995,None,None,Journey as part of work,Leaving main road,BMW,320 TD SE COMPACT,Heavy oil,Male,None,No tow/articulation,Did not leave carriageway,0,Turning right,1,Car,No,Front,2010
20105500C0216,C,0,Unclassified,0,Slight,None,20-06-2019,Saturday,1,Give way or uncontrolled,T or staggered junction,15.31369242,Darkness - lights lit,401130,90330,74.07228527,E01015467,1,3,0,0,Wet or damp,Single carriageway,None,30,19:17:00,Urban,Raining no high winds,No,21 - 25,8,Urban area,7,1997,None,None,Other/Not known (2005-10),Approaching junction or waiting/parked at junction approach,CITROEN,XSARA PICASSO SX HDI,Heavy oil,Male,None,No tow/articulation,Did not leave carriageway,0,Parked,3,Car,No,Offside,2019
201034NK45640,Unclassified,7062,Unclassified,7085,Slight,None,02-05-2021,Friday,1,Give way or uncontrolled,Crossroads,18.52804436,Darkness - lights lit,486940,279370,73.88331627,E01027105,3,2,0,0,Wet or damp,Single carriageway,None,30,21:30:00,Urban,Raining no high winds,No,21 - 25,8,Data missing or out of range,NA,1242,None,None,Other/Not known (2005-10),Mid Junction - on roundabout or on main road,FIAT,PUNTO DYNAMIC,Petrol,Male,None,No tow/articulation,Did not leave carriageway,0,Going ahead other,1,Car,No,Front,2021
201001EO40695,A,1,NA,0,Slight,None,08-11-2010,Monday,1,Data missing or out of range,Not at junction or within 20 metres,51.55499,Darkness - lights lit,530740,185700,-0.115564,E01002767,2,1,0,4,Wet or damp,Dual carriageway,None,30,16:52:00,Urban,Raining no high winds,No,21 - 25,8,Urban area,2,1998,Bollard or refuge,None,Other/Not known (2005-10),Not at or within 20 metres of junction,HONDA,CIVIC TYPE-R,Petrol,Male,None,No tow/articulation,Did not leave carriageway,0,Going ahead other,1,Car,No,Front,2010
201034NK45640,Unclassified,7062,Unclassified,7085,Slight,None,05-11-2010,Friday,1,Give way or uncontrolled,Crossroads,52.405407,Darkness - lights lit,486940,279370,-0.723431,E01027105,3,2,0,0,Wet or damp,Single carriageway,None,30,21:30:00,Urban,Raining no high winds,No,21 - 25,8,Data missing or out of range,NA,1242,None,None,Other/Not known (2005-10),Mid Junction - on roundabout or on main road,FIAT,PUNTO DYNAMIC,Petrol,Male,None,No tow/articulation,Did not leave carriageway,0,Going ahead other,1,Car,No,Front,2010
20105500C0216,C,0,Unclassified,0,Slight,None,16-01-2010,Saturday,1,Give way or uncontrolled,T or staggered junction,50.712535,Darkness - lights lit,401130,90330,-1.98538,E01015467,1,3,0,0,Wet or damp,Single carriageway,None,30,19:17:00,Urban,Raining no high winds,No,21 - 25,8,Urban area,7,1997,None,None,Other/Not known (2005-10),Approaching junction or waiting/parked at junction approach,CITROEN,XSARA PICASSO SX HDI,Heavy oil,Male,None,No tow/articulation,Did not leave carriageway,0,Parked,3,Car,No,Offside,2010
201001EO40695,A,1,NA,0,Slight,None,08-11-2010,Monday,1,Data missing or out of range,Not at junction or within 20 metres,51.55499,Darkness - lights lit,530740,185700,-0.115564,E01002767,2,1,0,4,Wet or damp,Dual carriageway,None,30,16:52:00,Urban,Raining no high winds,No,21 - 25,8,Urban area,2,1998,Bollard or refuge,None,Other/Not known (2005-10),Not at or within 20 metres of junction,HONDA,CIVIC TYPE-R,Petrol,Male,None,No tow/articulation,Did not leave carriageway,0,Going ahead other,1,Car,No,Front,2010
201001XD80597,A,4020,Unclassified,0,Slight,None,22-08-2010,Sunday,1,Give way or uncontrolled,T or staggered junction,51.512533,Darkness - lights lit,512090,180530,-0.386099,E01001363,1,2,0,0,Wet or damp,Single carriageway,None,30,20:27:00,Urban,Raining no high winds,No,21 - 25,8,Urban area,3,1796,None,None,Other/Not known (2005-10),Mid Junction - on roundabout or on main road,LAND ROVER,FREELANDER GS,Petrol,Male,None,No tow/articulation,Did not leave carriageway,0,Going ahead other,1,Car,No,Front,2010
201001YE80108,B,137,Unclassified,0,Slight,None,24-01-2010,Sunday,1,Give way or uncontrolled,T or staggered junction,51.626873,Darkness - lights lit,535350,193820,-0.045979,E01001490,1,2,0,0,Wet or damp,Single carriageway,None,30,18:08:00,Urban,Raining no high winds,No,21 - 25,8,Urban area,4,1587,None,None,Other/Not known (2005-10),Mid Junction - on roundabout or on main road,PEUGEOT,307 LX 16V,Petrol,Male,None,No tow/articulation,Did not leave carriageway,0,Going ahead other,2,Car,No,Nearside,2010
201004AN10128,B,5265,NA,0,Slight,None,08-11-2010,Monday,1,Data missing or out of range,Not at junction or within 20 metres,53.834943,Darkness - lights lit,331220,438140,-3.046647,E01012750,1,2,0,0,Wet or damp,Single carriageway,None,30,17:55:00,Urban,Raining no high winds,No,21 - 25,8,Small town,9,1242,None,None,Other/Not known (2005-10),Not at or within 20 metres of junction,FORD,FIESTA FREESTYLE,Petrol,Male,None,No tow/articulation,Did not leave carriageway,0,Going ahead other,1,Car,No,Front,2010
201004EA10177,Unclassified,0,A,677,Slight,None,17-07-2010,Saturday,1,Give way or uncontrolled,T or staggered junction,53.75294,Darkness - lights lit,366370,428630,-2.511512,E01012584,3,2,0,0,Flood over 3cm. deep,Single carriageway,None,30,22:15:00,Urban,Raining no high winds,No,21 - 25,8,Urban area,3,1995,None,None,Other/Not known (2005-10),Approaching junction or waiting/parked at junction approach,BMW,318 TI SE COMPACT,Petrol,Male,Skidded,No tow/articulation,Did not leave carriageway,0,Moving off,1,Car,No,Front,2010
201006P028477,C,0,Unclassified,0,Slight,None,25-02-2010,Thursday,1,Give way or uncontrolled,T or staggered junction,53.611107,Darkness - lights lit,389890,412740,-2.15429,E01005482,2,2,0,0,Wet or damp,Single carriageway,None,30,17:10:00,Urban,Raining no high winds,No,21 - 25,8,Urban area,1,1896,None,None,Other/Not known (2005-10),Mid Junction - on roundabout or on main road,VOLKSWAGEN,GOLF GT TDI,Heavy oil,Male,None,No tow/articulation,Did not leave carriageway,0,Going ahead other,2,Car,No,Front,2010
201014K254810,Unclassified,0,Unclassified,0,Slight,None,30-09-2010,Thursday,1,Give way or uncontrolled,Roundabout,53.412442,Darkness - lights lit,439430,390790,-1.408265,E01007913,1,2,0,0,Wet or damp,Single carriageway,None,30,21:30:00,Urban,Raining no high winds,No,21 - 25,8,Urban area,3,1910,None,None,Other/Not known (2005-10),Entering roundabout,FIAT,STILO JTD DYNAMIC,Heavy oil,Male,None,No tow/articulation,Did not leave carriageway,0,Moving off,1,Car,No,Nearside,2010
201020F030412,A,456,B,4182,Slight,None,12-02-2010,Friday,1,Give way or uncontrolled,T or staggered junction,52.473335,Darkness - lights lit,402960,286160,-1.957862,E01009147,1,2,0,0,Wet or damp,Single carriageway,None,30,21:06:00,Urban,Raining no high winds,No,21 - 25,8,Urban area,2,1360,None,None,Other/Not known (2005-10),Mid Junction - on roundabout or on main road,CITROEN,XSARA LX 8V,Petrol,Male,Skidded,No tow/articulation,Did not leave carriageway,0,Going ahead other,2,Car,No,Offside,2010
201020J006850,B,4483,Unclassified,0,Slight,None,31-07-2010,Saturday,1,Give way or uncontrolled,T or staggered junction,52.543883,Darkness - lights lit,394210,294010,-2.08682,E01009768,1,1,0,0,Wet or damp,Single carriageway,None,30,00:42:00,Urban,Raining no high winds,No,21 - 25,8,Urban area,7,2497,Kerb,Other permanent object,Other/Not known (2005-10),Cleared junction or waiting/parked at junction exit,MG,ZS,Petrol,Male,Skidded,No tow/articulation,Nearside,0,Going ahead right-hand bend,1,Car,No,Offside,2010
201020M005411,A,4053,B,4098,Slight,None,24-01-2010,Sunday,1,Give way or uncontrolled,Slip road,52.410146,Darkness - lights lit,432910,279240,-1.517622,E01009642,3,2,0,0,Wet or damp,Slip road,None,30,16:30:00,Urban,Raining no high winds,No,21 - 25,8,Urban area,2,998,None,None,Other/Not known (2005-10),Leaving main road,NISSAN,MICRA S,Petrol,Male,Skidded,No tow/articulation,Did not leave carriageway,0,Going ahead other,1,Car,No,Front,2010
201050EC2E123,A,374,Unclassified,0,Slight,None,26-02-2019,Thursday,1,Authorised person,Slip road,27.09470434,Darkness - lights lit,247310,54640,93.63175128,E01015152,1,1,0,4,Wet or damp,Dual carriageway,None,30,16:40:00,Urban,Raining no high winds,No,21 - 25,8,Urban area,7,1198,None,None,Other/Not known (2005-10),Approaching junction or waiting/parked at junction approach,VOLKSWAGEN,POLO S,Petrol,Female,None,No tow/articulation,Did not leave carriageway,0,Moving off,1,Car,No,Front,2019
2010400C02061,A,505,Unclassified,0,Slight,None,05-08-2021,Tuesday,1,Give way or uncontrolled,Roundabout,23.03744817,Darkness - lights lit,509170,220930,72.62463849,E01015791,1,1,0,0,Dry,Roundabout,None,30,23:17:00,Urban,Raining no high winds,No,21 - 25,8,Urban area,3,1360,None,Road sign or traffic signal,Other/Not known (2005-10),Leaving roundabout,CITROEN,XSARA LX 8V,Petrol,Female,Skidded,No tow/articulation,Offside,0,Going ahead left-hand bend,1,Car,No,Back,2019
201042I064002,A,414,NA,0,Slight,None,02-08-2019,Tuesday,2,Not at junction or within 20 metres,Not at junction or within 20 metres,26.44548308,Darkness - lights lit,544890,211170,80.2911229,E01021853,1,2,0,0,Wet or damp,Single carriageway,None,60,22:15:00,Urban,Raining no high winds,No,21 - 25,8,Urban area,8,1299,None,None,Other/Not known (2005-10),Not at or within 20 metres of junction,FORD,KA STYLE,Petrol,Female,None,No tow/articulation,Did not leave carriageway,0,Going ahead other,2,Car,No,Offside,2020
201001JI40774,A,1400,NA,0,Slight,None,14-11-2010,Sunday,2,Data missing or out of range,Not at junction or within 20 metres,51.592568,Darkness - lights lit,541480,190170,0.041051,E01003677,1,2,0,0,Wet or damp,Dual carriageway,None,40,18:45:00,Urban,Raining no high winds,No,21 - 25,8,Urban area,4,1124,None,None,Other/Not known (2005-10),Not at or within 20 metres of junction,PEUGEOT,206 LOOK,Petrol,Female,None,No tow/articulation,Did not leave carriageway,0,Going ahead other,1,Car,No,Back,2010
201001SX20349,Unclassified,0,NA,0,Slight,None,02-04-2010,Friday,1,Data missing or out of range,Not at junction or within 20 metres,51.57181,Darkness - lights lit,524720,187420,-0.201742,E01000145,3,2,0,0,Wet or damp,Dual carriageway,None,30,22:56:00,Urban,Raining no high winds,No,21 - 25,8,Urban area,9,1299,Kerb,Other permanent object,Other/Not known (2005-10),Not at or within 20 metres of junction,FORD,KA LUXURY,Petrol,Female,None,No tow/articulation,Offside on to central reservation,0,Going ahead other,2,Car,No,Front,2010
2010400C02061,A,505,Unclassified,0,Slight,None,13-07-2010,Tuesday,1,Give way or uncontrolled,Roundabout,51.876217,Darkness - lights lit,509170,220930,-0.415529,E01015791,1,1,0,0,Dry,Roundabout,None,30,23:17:00,Urban,Raining no high winds,No,21 - 25,8,Urban area,3,1360,None,Road sign or traffic signal,Other/Not known (2005-10),Leaving roundabout,CITROEN,XSARA LX 8V,Petrol,Female,Skidded,No tow/articulation,Offside,0,Going ahead left-hand bend,1,Car,No,Back,2010
201020J500090,A,458,NA,0,Slight,None,22-12-2010,Wednesday,1,Data missing or out of range,Not at junction or within 20 metres,52.457425,Darkness - lights lit,397680,284390,-2.035582,E01009796,1,2,0,0,Frost or ice,Dual carriageway,None,40,17:36:00,Urban,Snowing no high winds,No,21 - 25,8,Urban area,1,1299,None,None,Other/Not known (2005-10),Not at or within 20 metres of junction,FORD,FIESTA FUN,Petrol,Female,None,No tow/articulation,Did not leave carriageway,0,Slowing or stopping,2,Car,No,Back,2010
201020J010520,Unclassified,0,NA,0,Slight,None,13-10-2010,Wednesday,2,Data missing or out of range,Not at junction or within 20 metres,52.51965,Darkness - lights lit,390640,291320,-2.139385,E01009900,1,2,0,0,Dry,Single carriageway,None,30,22:00:00,Urban,Unknown,No,21 - 25,8,Urban area,4,998,None,None,Other/Not known (2005-10),Not at or within 20 metres of junction,NISSAN,MICRA S,Petrol,Male,None,No tow/articulation,Did not leave carriageway,0,Going ahead left-hand bend,2,Car,No,Offside,2010
201030C000697,B,6052,Unclassified,0,Slight,None,09-10-2010,Saturday,1,Give way or uncontrolled,T or staggered junction,53.271643,Darkness - lights lit,438770,375120,-1.420108,E01019572,2,1,0,0,Dry,Single carriageway,None,30,19:48:00,Urban,Unknown,No,21 - 25,8,Urban area,2,124,None,Other permanent object,Other/Not known (2005-10),Mid Junction - on roundabout or on main road,HONDA,,Petrol,Male,None,No tow/articulation,Nearside,0,Going ahead other,1,Motorcycle over 125cc and up to 500cc,No,Front,2010
201020K013380,A,4100,Unclassified,0,Slight,None,06-10-2010,Wednesday,1,Give way or uncontrolled,T or staggered junction,52.475567,Darkness - lights lit,395020,286410,-2.07476,E01009955,1,2,0,8,Dry,Single carriageway,None,30,22:20:00,Urban,Unknown,No,21 - 25,8,Urban area,2,1995,None,None,Other/Not known (2005-10),Approaching junction or waiting/parked at junction approach,VAUXHALL,ASTRA ELEGANCE DTI,Heavy oil,Female,None,No tow/articulation,Did not leave carriageway,0,Going ahead other,2,Car,No,Front,2010
201042I178806,A,12,NA,0,Slight,None,16-12-2019,Saturday,1,Not at junction or within 20 metres,Not at junction or within 20 metres,22.72500788,Darkness - lights unlit,580110,212340,75.84641286,E01021396,1,2,0,0,Frost or ice,Dual carriageway,None,70,12:05:00,Rural,Fine + high winds,No,21 - 25,8,Urban area,6,1587,None,None,Other/Not known (2005-10),Not at or within 20 metres of junction,PEUGEOT,307 LX 16V,Petrol,Female,None,No tow/articulation,Did not leave carriageway,0,Changing lane to left,1,Car,No,Nearside,2020
201042I178806,A,12,NA,0,Slight,None,05-06-2010,Saturday,1,Not at junction or within 20 metres,Not at junction or within 20 metres,51.780685,Darkness - lights unlit,580110,212340,0.609608,E01021396,1,2,0,0,Frost or ice,Dual carriageway,None,70,12:05:00,Rural,Fine + high winds,No,21 - 25,8,Urban area,6,1587,None,None,Other/Not known (2005-10),Not at or within 20 metres of junction,PEUGEOT,307 LX 16V,Petrol,Female,None,No tow/articulation,Did not leave carriageway,0,Changing lane to left,1,Car,No,Nearside,2010
201020S049930,A,38,A,4540,Slight,None,18-11-2010,Thursday,1,Give way or uncontrolled,More than 4 arms (not roundabout),52.467188,Darkness - lights unlit,406810,285480,-1.901195,E01008995,1,2,0,5,Wet or damp,Dual carriageway,None,30,16:39:00,Urban,Raining no high winds,No,21 - 25,8,Urban area,7,998,None,None,Other/Not known (2005-10),Mid Junction - on roundabout or on main road,NISSAN,MICRA TEMPEST,Petrol,Male,None,No tow/articulation,Did not leave carriageway,0,Turning right,2,Car,No,Offside,2010
201006L039880,C,0,Unclassified,0,Slight,None,10-12-2010,Friday,2,Give way or uncontrolled,T or staggered junction,53.482212,Darkness - lights unlit,359870,398560,-2.606201,E01006227,2,2,0,0,Dry,Unknown,None,30,18:10:00,Urban,Unknown,No,21 - 25,8,Urban area,3,1242,None,None,Other/Not known (2005-10),Approaching junction or waiting/parked at junction approach,FIAT,PUNTO 1.2,Petrol,Male,None,No tow/articulation,Did not leave carriageway,0,Going ahead other,2,Car,No,Back,2010
201050KH2Q001,A,373,NA,0,Slight,None,10-06-2019,Sunday,2,Not at junction or within 20 metres,Not at junction or within 20 metres,14.69412323,Darkness - no lighting,308180,105340,78.51099954,E01019960,1,1,0,0,Dry,Single carriageway,None,40,02:05:00,Rural,Fine no high winds,No,21 - 25,8,Data missing or out of range,NA,1998,None,Other permanent object,Other/Not known (2005-10),Not at or within 20 metres of junction,FORD,MONDEO ZETEC TDCI,Heavy oil,Male,None,No tow/articulation,Nearside and rebounded,0,Going ahead other,1,Car,No,Front,2019
20104100A0553,Unclassified,147,NA,0,Slight,None,15-07-2021,Saturday,1,Not at junction or within 20 metres,Not at junction or within 20 metres,14.74398342,Darkness - no lighting,548260,217450,78.50656511,E01023499,1,1,0,0,Wet or damp,Single carriageway,None,30,22:25:00,Rural,Fine no high winds,No,21 - 25,8,Small town,10,1149,None,None,Other/Not known (2005-10),Not at or within 20 metres of junction,RENAULT,CLIO AUTHENTIQUE,Petrol,Male,Skidded and overturned,No tow/articulation,Did not leave carriageway,0,Going ahead other,1,Car,No,Offside,2019
201042I033702,B,1053,Unclassified,0,Slight,None,08-12-2019,Friday,1,Give way or uncontrolled,Other junction,25.79020271,Darkness - no lighting,574420,225590,87.46827298,E01021404,3,2,0,0,Wet or damp,Single carriageway,None,60,20:08:00,Rural,Fine no high winds,No,21 - 25,8,Data missing or out of range,NA,998,None,Telegraph or electricity pole,Other/Not known (2005-10),Leaving main road,TOYOTA,,Petrol,Male,Skidded,No tow/articulation,Nearside,0,Turning left,1,Car,No,Front,2019
201043N231040,Motorway,40,NA,0,Slight,None,09-08-2020,Thursday,1,Data missing or out of range,Not at junction or within 20 metres,15.21477746,Darkness - no lighting,460240,215420,74.11634646,E01017642,1,1,0,0,Dry,Dual carriageway,None,70,03:21:00,Rural,Fine no high winds,No,21 - 25,8,Rural,NA,2151,None,Central crash barrier,Journey as part of work,Not at or within 20 metres of junction,MERCEDES,SPRINTER 311 CDI MWB,Heavy oil,Male,None,No tow/articulation,Offside on to central reservation,0,Going ahead other,1,Van / Goods 3.5 tonnes mgw or under,No,Front,2019
2010400D01806,Unclassified,243,Unclassified,0,Slight,None,18-04-2020,Friday,1,Give way or uncontrolled,Crossroads,26.44260422,Darkness - no lighting,493910,227040,80.31133862,E01017606,1,2,0,0,Dry,Single carriageway,None,60,21:43:00,Rural,Fine no high winds,No,21 - 25,8,Small town,5,1199,None,None,Other/Not known (2005-10),Approaching junction or waiting/parked at junction approach,VAUXHALL,CORSA GLS 16V,Petrol,Male,Skidded,No tow/articulation,Did not leave carriageway,0,Going ahead other,2,Car,No,Front,2020
20105500D1356,A,35,NA,0,Slight,None,22-12-2019,Sunday,1,Not at junction or within 20 metres,Not at junction or within 20 metres,19.16732216,Darkness - no lighting,343820,92800,72.92486876,E01020517,1,2,0,0,Dry,Single carriageway,None,60,22:25:00,Rural,Fine no high winds,No,21 - 25,8,Urban area,1,2497,None,None,Other/Not known (2005-10),Not at or within 20 metres of junction,MG,ZT+,Petrol,Male,None,No tow/articulation,Did not leave carriageway,0,Going ahead other,2,Car,No,Offside,2021
2010400D01806,Unclassified,243,Unclassified,0,Slight,None,18-06-2010,Friday,1,Give way or uncontrolled,Crossroads,51.933913,Darkness - no lighting,493910,227040,-0.635471,E01017606,1,2,0,0,Dry,Single carriageway,None,60,21:43:00,Rural,Fine no high winds,No,21 - 25,8,Small town,5,1199,None,None,Other/Not known (2005-10),Approaching junction or waiting/parked at junction approach,VAUXHALL,CORSA GLS 16V,Petrol,Male,Skidded,No tow/articulation,Did not leave carriageway,0,Going ahead other,2,Car,No,Front,2010
20104100A0553,Unclassified,147,NA,0,Slight,None,07-08-2010,Saturday,1,Not at junction or within 20 metres,Not at junction or within 20 metres,51.835937,Darkness - no lighting,548260,217450,0.150456,E01023499,1,1,0,0,Wet or damp,Single carriageway,None,30,22:25:00,Rural,Fine no high winds,No,21 - 25,8,Small town,10,1149,None,None,Other/Not known (2005-10),Not at or within 20 metres of junction,RENAULT,CLIO AUTHENTIQUE,Petrol,Male,Skidded and overturned,No tow/articulation,Did not leave carriageway,0,Going ahead other,1,Car,No,Offside,2010
201042I033702,B,1053,Unclassified,0,Slight,None,05-02-2010,Friday,1,Give way or uncontrolled,Other junction,51.901502,Darkness - no lighting,574420,225590,0.533886,E01021404,3,2,0,0,Wet or damp,Single carriageway,None,60,20:08:00,Rural,Fine no high winds,No,21 - 25,8,Data missing or out of range,NA,998,None,Telegraph or electricity pole,Other/Not known (2005-10),Leaving main road,TOYOTA,,Petrol,Male,Skidded,No tow/articulation,Nearside,0,Turning left,1,Car,No,Front,2010
201043N231040,Motorway,40,NA,0,Slight,None,15-04-2010,Thursday,1,Data missing or out of range,Not at junction or within 20 metres,51.834106,Darkness - no lighting,460240,215420,-1.127159,E01017642,1,1,0,0,Dry,Dual carriageway,None,70,03:21:00,Rural,Fine no high winds,No,21 - 25,8,Rural,NA,2151,None,Central crash barrier,Journey as part of work,Not at or within 20 metres of junction,MERCEDES,SPRINTER 311 CDI MWB,Heavy oil,Male,None,No tow/articulation,Offside on to central reservation,0,Going ahead other,1,Van / Goods 3.5 tonnes mgw or under,No,Front,2010
201050KH2Q001,A,373,NA,0,Slight,None,10-10-2010,Sunday,2,Not at junction or within 20 metres,Not at junction or within 20 metres,50.840215,Darkness - no lighting,308180,105340,-3.30547,E01019960,1,1,0,0,Dry,Single carriageway,None,40,02:05:00,Rural,Fine no high winds,No,21 - 25,8,Data missing or out of range,NA,1998,None,Other permanent object,Other/Not known (2005-10),Not at or within 20 metres of junction,FORD,MONDEO ZETEC TDCI,Heavy oil,Male,None,No tow/articulation,Nearside and rebounded,0,Going ahead other,1,Car,No,Front,2010
20105500D1356,A,35,NA,0,Slight,None,11-04-2010,Sunday,1,Not at junction or within 20 metres,Not at junction or within 20 metres,50.732021,Darkness - no lighting,343820,92800,-2.797439,E01020517,1,2,0,0,Dry,Single carriageway,None,60,22:25:00,Rural,Fine no high winds,No,21 - 25,8,Urban area,1,2497,None,None,Other/Not known (2005-10),Not at or within 20 metres of junction,MG,ZT+,Petrol,Male,None,No tow/articulation,Did not leave carriageway,0,Going ahead other,2,Car,No,Offside,2010
201011NI26530,C,16,NA,0,Slight,None,03-11-2010,Wednesday,2,Data missing or out of range,Not at junction or within 20 metres,54.816408,Darkness - no lighting,405110,546840,-1.922002,E01020637,1,1,0,0,Wet or damp,Single carriageway,None,60,17:15:00,Rural,Fine no high winds,No,21 - 25,8,Urban area,2,1997,None,Near/Offside crash barrier,Other/Not known (2005-10),Not at or within 20 metres of junction,PEUGEOT,406 LX HDI (90),Heavy oil,Male,Skidded and overturned,No tow/articulation,Nearside,0,Going ahead right-hand bend,1,Car,No,Front,2010
201022C004827,Unclassified,0,NA,0,Slight,None,26-09-2010,Sunday,2,Data missing or out of range,Not at junction or within 20 metres,52.237284,Darkness - no lighting,387160,259920,-2.18946,E01032400,3,1,0,0,Dry,Single carriageway,None,30,03:37:00,Rural,Fine no high winds,No,21 - 25,8,Urban area,10,1590,None,Other permanent object,Other/Not known (2005-10),Not at or within 20 metres of junction,HONDA,CIVIC VTEC SE SPORT,Petrol,Male,Skidded and overturned,No tow/articulation,Nearside and rebounded,0,Going ahead left-hand bend,1,Car,No,Front,2010
201030C000209,A,632,NA,0,Slight,None,22-04-2010,Thursday,1,Data missing or out of range,Not at junction or within 20 metres,53.210499,Darkness - no lighting,435200,368290,-1.47439,E01019772,1,1,0,0,Dry,Single carriageway,None,60,03:25:00,Rural,Fine no high winds,No,21 - 25,8,Urban area,10,1998,None,Other permanent object,Other/Not known (2005-10),Not at or within 20 metres of junction,HONDA,CIVIC TYPE-R,Petrol,Male,None,No tow/articulation,Offside and rebounded,0,Going ahead right-hand bend,1,Car,No,Front,2010