Accident_Index,1st_Road_Class,1st_Road_Number,2nd_Road_Class,2nd_Road_Number,Accident_Severity,Carriageway_Hazards,Date,Day_of_Week,Did_Police_Officer_Attend_Scene_of_Accident,Junction_Control,Junction_Detail,Latitude,Light_Conditions,Location_Easting_OSGR,Location_Northing_OSGR,Longitude,LSOA_of_Accident_Location,Number_of_Casualties,Number_of_Vehicles,Pedestrian_Crossing-Human_Control,Pedestrian_Crossing-Physical_Facilities,Road_Surface_Conditions,Road_Type,Special_Conditions_at_Site,Speed_limit,Time,Urban_or_Rural_Area,Weather_Conditions,InScotland,Age_Band_of_Driver,Age_of_Vehicle,Driver_Home_Area_Type,Driver_IMD_Decile,Engine_Capacity_.CC.,Hit_Object_in_Carriageway,Hit_Object_off_Carriageway,Journey_Purpose_of_Driver,Junction_Location,make,model,Propulsion_Code,Sex_of_Driver,Skidding_and_Overturning,Towing_and_Articulation,Vehicle_Leaving_Carriageway,Vehicle_Location.Restricted_Lane,Vehicle_Manoeuvre,Vehicle_Reference,Vehicle_Type,Was_Vehicle_Left_Hand_Drive,X1st_Point_of_Impact,Year
201050AP2X005,B,3280,NA,0,Slight,None,06-08-2020,Tuesday,1,Not at junction or within 20 metres,Not at junction or within 20 metres,18.60025362,Daylight,154290,30630,73.85065439,E01018975,1,2,0,0,Wet or damp,Single carriageway,None,30,08:20:00,Rural,Fine no high winds,No,21 - 25,8,Urban area,3,1422,None,None,Other/Not known (2005-10),Not at or within 20 metres of junction,VOLKSWAGEN,POLO SE TDI,Heavy oil,Male,None,No tow/articulation,Did not leave carriageway,0,Going ahead other,1,Car,No,Front,2021
20104100T1106,Motorway,1,A,414,Slight,None,08-10-2019,Thursday,1,Give way or uncontrolled,Slip road,18.54693726,Daylight,510200,206520,73.80034535,E01023722,3,3,0,0,Dry,Dual carriageway,None,70,21:20:00,Rural,Fine no high winds,No,21 - 25,8,Urban area,3,1495,None,Central crash barrier,Other/Not known (2005-10),Approaching junction or waiting/parked at junction approach,HYUNDAI,ACCENT CDX,Petrol,Male,Skidded,No tow/articulation,Offside on to centrl res + rebounded,0,Going ahead other,1,Car,No,Front,2021
201054EP03410,A,420,C,153,Slight,None,19-10-2020,Wednesday,1,Give way or uncontrolled,T or staggered junction,18.5881114,Daylight,387370,174820,73.90589752,E01031940,1,3,0,0,Dry,Single carriageway,None,60,08:00:00,Rural,Fine no high winds,No,21 - 25,8,Urban area,6,1794,None,None,Commuting to/from work,Mid Junction - on roundabout or on main road,TOYOTA,MR2 ROADSTER VVTI,Petrol,Male,Skidded,No tow/articulation,Nearside,0,Going ahead other,2,Car,No,Back,2021
201037G029618,Unclassified,2241,NA,0,Slight,None,29-12-2020,Wednesday,1,Data missing or out of range,Not at junction or within 20 metres,18.57377931,Daylight,618900,242800,73.81645322,E01029994,1,2,0,0,Dry,Single carriageway,None,30,21:30:00,Urban,Fine no high winds,No,21 - 25,8,Urban area,8,599,Parked vehicle,None,Other/Not known (2005-10),Not at or within 20 metres of junction,HONDA,CB600 HORNET,Petrol,Male,Skidded,No tow/articulation,Did not leave carriageway,0,Going ahead other,1,Motorcycle over 500cc,No,Offside,2021
201054DN40810,A,4312,Unclassified,0,Slight,None,28-01-2021,Sunday,1,Auto traffic signal,T or staggered junction,18.50661223,Daylight,417890,186210,73.92401809,E01015551,2,3,0,5,Frost or ice,Single carriageway,None,30,13:21:00,Urban,Fine no high winds,No,21 - 25,8,Rural,10,1781,None,None,Other/Not known (2005-10),Approaching junction or waiting/parked at junction approach,AUDI,TT QUATTRO (180 BHP),Petrol,Male,None,No tow/articulation,Did not leave carriageway,0,Waiting to go - held up,2,Car,No,Back,2021
20104100T3026,Motorway,25,NA,0,Slight,None,07-04-2020,Friday,1,Not at junction or within 20 metres,Not at junction or within 20 metres,18.49393516,Daylight,507060,199080,73.74043714,E01023854,1,3,0,0,Dry,Dual carriageway,None,70,15:00:00,Rural,Fine no high winds,No,21 - 25,8,Small town,8,973,None,None,Other/Not known (2005-10),Not at or within 20 metres of junction,VAUXHALL,CORSA CLUB 12V,Petrol,Male,None,No tow/articulation,Did not leave carriageway,0,Slowing or stopping,3,Car,No,Offside,2021
201037L018251,B,1127,NA,0,Slight,None,14-10-2020,Sunday,1,Data missing or out of range,Not at junction or within 20 metres,18.59568528,Daylight,648750,284650,73.89580396,E01030295,1,1,0,0,Dry,Single carriageway,None,60,09:30:00,Rural,Fine no high winds,No,21 - 25,8,Urban area,8,998,None,Other permanent object,Other/Not known (2005-10),Not at or within 20 metres of junction,APRILIA,,Petrol,Male,Skidded,No tow/articulation,Nearside,0,Going ahead left-hand bend,1,Motorcycle over 500cc,No,Nearside,2021
201043N078030,A,40,Unclassified,1809,Slight,None,14-03-2019,Monday,1,Data missing or out of range,Private drive or entrance,18.61297107,Daylight,485850,193500,73.91226406,E01017837,4,2,0,0,Dry,Single carriageway,None,30,13:00:00,Urban,Fine no high winds,No,21 - 25,8,Urban area,6,1598,None,None,Other/Not known (2005-10),Approaching junction or waiting/parked at junction approach,RENAULT,MEGANE EXPRESSION+,Petrol,Male,None,No tow/articulation,Did not leave carriageway,0,Turning right,1,Car,No,Front,2021
20104100C0676,A,4125,NA,0,Slight,None,13-02-2021,Wednesday,1,Not at junction or within 20 metres,Not at junction or within 20 metres,18.63312469,Daylight,510230,192720,73.74724618,E01023840,1,4,0,0,Dry,Single carriageway,None,40,15:15:00,Urban,Fine no high winds,No,21 - 25,8,Urban area,6,3248,None,Other permanent object,Other/Not known (2005-10),Not at or within 20 metres of junction,JAGUAR,XJ EXECUTIVE AUTO,Petrol,Male,None,No tow/articulation,Nearside,0,Going ahead right-hand bend,1,Car,No,Front,2021
201042I367311,B,1441,Unclassified,0,Slight,None,28-06-2021,Tuesday,2,Auto traffic signal,Crossroads,18.57034628,Daylight,617230,216850,73.8644887,E01022044,1,1,0,5,Dry,Single carriageway,None,30,15:25:00,Urban,Fine no high winds,No,21 - 25,8,Urban area,2,1242,None,None,Other/Not known (2005-10),Leaving main road,FIAT,PUNTO MIA,Petrol,Male,None,No tow/articulation,Did not leave carriageway,0,Turning left,1,Car,No,Front,2021
201042I245707,Unclassified,0,Unclassified,0,Slight,None,11-01-2019,Friday,1,Give way or uncontrolled,T or staggered junction,18.50844176,Daylight,583750,187340,73.86318957,E01015815,1,2,0,0,Dry,Dual carriageway,None,30,15:45:00,Urban,Fine no high winds,No,21 - 25,8,Urban area,5,1149,None,None,Other/Not known (2005-10),Entering main road,RENAULT,CLIO EXPRESSION 16V,Petrol,Male,None,No tow/articulation,Did not leave carriageway,0,Moving off,1,Car,No,Offside,2021
201042I130404,A,1306,Unclassified,0,Slight,None,06-01-2020,Monday,1,Give way or uncontrolled,Mini-roundabout,19.13052114,Daylight,560930,179860,72.84982722,E01015939,1,2,0,0,Dry,Roundabout,None,40,15:59:00,Urban,Fine no high winds,No,21 - 25,8,Urban area,1,125,None,None,Commuting to/from work,Approaching junction or waiting/parked at junction approach,APRILIA,,Petrol,Male,None,No tow/articulation,Did not leave carriageway,0,Overtaking moving vehicle - offside,1,Motorcycle 125cc and under,No,Front,2021
201050DE2M012,Unclassified,0,Unclassified,0,Slight,None,05-11-2020,Sunday,1,Give way or uncontrolled,T or staggered junction,19.15541911,Daylight,290920,91720,72.85315091,E01020031,1,2,0,0,Dry,Single carriageway,None,30,18:56:00,Urban,Fine no high winds,No,21 - 25,8,Urban area,7,1398,None,None,Other/Not known (2005-10),Leaving main road,PEUGEOT,206 LOOK HDI,Heavy oil,Male,None,No tow/articulation,Did not leave carriageway,0,Turning right,1,Car,No,Front,2021
2010550D21749,A,351,NA,0,Slight,None,31-12-2020,Thursday,1,Not at junction or within 20 metres,Not at junction or within 20 metres,19.1844667,Daylight,395400,82800,72.84484696,E01020466,1,4,0,0,Dry,Single carriageway,None,60,17:45:00,Rural,Fine no high winds,No,21 - 25,8,Urban area,6,1598,None,None,Other/Not known (2005-10),Not at or within 20 metres of junction,MINI,MINI ONE,Petrol,Male,Skidded,No tow/articulation,Did not leave carriageway,0,Slowing or stopping,1,Car,No,Back,2021
201043W193040,A,33,Unclassified,7508,Slight,None,22-03-2021,Thursday,1,Give way or uncontrolled,Roundabout,19.20797823,Daylight,471380,168180,72.84465225,E01016682,2,2,0,0,Dry,Roundabout,Roadworks,40,12:04:00,Rural,Fine no high winds,No,21 - 25,8,Data missing or out of range,NA,2187,None,None,Journey as part of work,Entering roundabout,VAUXHALL,MOVANO DTI 3500 MWB,Heavy oil,Male,None,No tow/articulation,Did not leave carriageway,0,Slowing or stopping,1,Van / Goods 3.5 tonnes mgw or under,No,Front,2021
201037B046100,C,602,NA,0,Slight,None,29-05-2021,Thursday,1,Data missing or out of range,Not at junction or within 20 metres,19.13990539,Daylight,571570,278770,72.86912712,E01029933,1,1,0,0,Dry,Single carriageway,None,60,09:00:00,Rural,Fine no high winds,No,21 - 25,8,Rural,7,2493,None,Tree,Commuting to/from work,Not at or within 20 metres of junction,KIA,MAGENTIS V6 LX AUTO,Petrol,Male,Skidded,No tow/articulation,Nearside,0,Going ahead right-hand bend,1,Car,No,Nearside,2021
201042I328210,B,1033,NA,0,Slight,None,23-01-2021,Thursday,1,Not at junction or within 20 metres,Not at junction or within 20 metres,20.3708586,Daylight,621120,221040,83.21085892,E01022011,2,3,0,0,Dry,Single carriageway,None,60,12:20:00,Urban,Fine no high winds,No,21 - 25,8,Urban area,3,2463,None,None,Journey as part of work,Not at or within 20 metres of junction,RENAULT,MASTER LM35 DCI,Heavy oil,Male,Skidded,No tow/articulation,Offside,0,Going ahead other,3,Van / Goods 3.5 tonnes mgw or under,No,Offside,2021
201045WO49193,Unclassified,7309,NA,0,Slight,None,08-01-2019,Wednesday,2,Data missing or out of range,Not at junction or within 20 metres,14.70951832,Daylight,498090,157970,78.47012294,E01031000,1,1,0,5,Dry,One way street,None,30,08:30:00,Urban,Fine no high winds,No,21 - 25,8,Rural,10,12580,None,Road sign or traffic signal,Journey as part of work,Not at or within 20 metres of junction,BOVA,FUTURA FH,Heavy oil,Male,None,No tow/articulation,Straight ahead at junction,2,Going ahead other,1,Bus or coach (17 or more pass seats),No,Offside,2019
201054DN10510,B,4019,Unclassified,0,Slight,None,29-08-2021,Wednesday,1,Give way or uncontrolled,Private drive or entrance,14.77959904,Daylight,416170,190670,78.51335757,E01015473,1,2,0,0,Dry,Single carriageway,None,50,09:10:00,Rural,Fine no high winds,No,21 - 25,8,Small town,10,1997,None,Entered ditch,Other/Not known (2005-10),Approaching junction or waiting/parked at junction approach,PEUGEOT,206 LX HDI,Heavy oil,Male,Skidded,No tow/articulation,Nearside,0,Slowing or stopping,1,Car,No,Front,2019
201036T100073,A,1243,Unclassified,0,Slight,None,07-02-2019,Tuesday,1,Give way or uncontrolled,T or staggered junction,14.75959269,Daylight,652440,307080,78.56739606,E01026626,1,2,0,0,Dry,Single carriageway,None,30,17:58:00,Urban,Fine no high winds,No,21 - 25,8,Data missing or out of range,NA,1199,None,None,Commuting to/from work,Approaching junction or waiting/parked at junction approach,VAUXHALL,CORSA ELEGANCE 16V,Petrol,Male,None,No tow/articulation,Did not leave carriageway,0,Going ahead other,1,Car,No,Front,2019
201050KU2F002,Motorway,5,Unclassified,0,Slight,None,27-12-2020,Saturday,2,Give way or uncontrolled,Slip road,27.10057287,Daylight,304810,114090,93.61646175,E01020045,1,2,0,0,Wet or damp,Slip road,None,30,13:30:00,Rural,Fine no high winds,No,21 - 25,8,Urban area,9,1124,None,None,Other/Not known (2005-10),Approaching junction or waiting/parked at junction approach,PEUGEOT,206 LOOK,Petrol,Male,None,No tow/articulation,Did not leave carriageway,0,Waiting to go - held up,1,Car,No,Did not impact,2019
201054DW23710,B,4289,Unclassified,0,Slight,None,21-12-2020,Friday,1,Give way or uncontrolled,Private drive or entrance,27.10492203,Daylight,414970,185590,93.62463866,E01015582,2,1,0,0,Dry,Dual carriageway,None,40,18:47:00,Urban,Fine no high winds,No,21 - 25,8,Urban area,8,1149,None,Other permanent object,Other/Not known (2005-10),Leaving main road,RENAULT,CLIO EXPRESSION 16V,Petrol,Male,Skidded,No tow/articulation,Nearside,0,Turning left,1,Car,No,Front,2019
201043W144040,Unclassified,7514,NA,0,Slight,None,21-07-2019,Wednesday,2,Data missing or out of range,Not at junction or within 20 metres,27.09081926,Daylight,477700,169730,93.62821936,E01016703,1,2,0,0,Dry,Single carriageway,None,40,08:41:00,Urban,Fine no high winds,No,21 - 25,8,Urban area,2,1796,None,None,Other/Not known (2005-10),Not at or within 20 metres of junction,VAUXHALL,ASTRA BERTONE,Petrol,Male,None,No tow/articulation,Did not leave carriageway,0,Going ahead other,1,Car,No,Front,2019
2010550C41877,A,3049,Unclassified,0,Slight,None,31-08-2021,Friday,1,Give way or uncontrolled,Crossroads,27.09304338,Daylight,406290,94130,93.62932117,E01015359,1,2,0,0,Dry,Single carriageway,None,30,08:28:00,Urban,Fine no high winds,No,21 - 25,8,Urban area,10,1998,None,None,Other/Not known (2005-10),Mid Junction - on roundabout or on main road,FORD,TRANSIT 280 SWB TD,Heavy oil,Male,None,No tow/articulation,Did not leave carriageway,0,Turning right,1,Van / Goods 3.5 tonnes mgw or under,No,Front,2019
201043N200100,Unclassified,2222,NA,,Slight,None,26-12-2021,Monday,2,Give way or uncontrolled,Private drive or entrance,27.09965648,Daylight,481600,213550,93.63397963,E01017633,1,1,0,0,Dry,Single carriageway,None,30,08:00:00,Urban,Fine no high winds,No,21 - 25,8,Urban area,4,1242,None,None,Other/Not known (2005-10),Leaving main road,FIAT,PUNTO 1.2,Petrol,Male,None,No tow/articulation,Did not leave carriageway,9,Slowing or stopping,1,Car,No,Front,2019
201050JS2M001,A,38,NA,0,Slight,None,27-12-2019,Wednesday,1,Not at junction or within 20 metres,Not at junction or within 20 metres,27.10656733,Daylight,272540,61680,93.62121668,E01020157,1,3,0,0,Wet or damp,Dual carriageway,None,70,09:45:00,Rural,Fine no high winds,No,21 - 25,8,Urban area,9,1796,None,None,Other/Not known (2005-10),Not at or within 20 metres of junction,VAUXHALL,ASTRA 16V COMFORT,Petrol,Male,None,No tow/articulation,Did not leave carriageway,6,Parked,3,Car,No,Nearside,2019
201001BS70109,A,3220,NA,0,Slight,None,06-03-2010,Saturday,1,Data missing or out of range,Not at junction or within 20 metres,51.490444,Daylight,525680,178390,-0.191117,E01002849,1,2,0,0,Dry,Single carriageway,None,30,17:15:00,Urban,Fine no high winds,No,21 - 25,8,Urban area,4,124,None,None,Other/Not known (2005-10),Not at or within 20 metres of junction,PIAGGIO,VESPA ET4,Petrol,Male,Skidded,No tow/articulation,Did not leave carriageway,0,Overtaking static vehicle - offside,1,Motorcycle 125cc and under,No,Did not impact,2010
201001CW10106,C,0,NA,0,Slight,None,19-01-2010,Tuesday,2,Data missing or out of range,Not at junction or within 20 metres,51.5132,Daylight,529580,181020,-0.134007,E01004764,1,2,0,0,Dry,Single carriageway,None,30,08:10:00,Urban,Fine no high winds,No,21 - 25,8,Urban area,2,1587,None,None,Other/Not known (2005-10),Not at or within 20 metres of junction,PEUGEOT,307 RAPIER 16V,Petrol,Male,None,No tow/articulation,Did not leave carriageway,0,Waiting to go - held up,1,Car,No,Back,2010
201001CW10283,C,0,Unclassified,0,Slight,None,18-02-2010,Thursday,1,Give way or uncontrolled,T or staggered junction,51.513756,Daylight,529110,181070,-0.140758,E01004764,1,2,0,5,Dry,Single carriageway,None,30,08:30:00,Urban,Fine no high winds,No,21 - 25,8,Urban area,3,4250,None,None,Journey as part of work,Mid Junction - on roundabout or on main road,MERCEDES,,Heavy oil,Male,None,No tow/articulation,Did not leave carriageway,0,U-turn,1,Goods over 3.5t. and under 7.5t,No,Offside,2010
201001CW10832,A,202,NA,0,Slight,None,07-05-2010,Friday,1,Data missing or out of range,Not at junction or within 20 metres,51.495796,Daylight,529050,179070,-0.142354,E01004750,1,1,0,0,Dry,Single carriageway,None,30,14:15:00,Urban,Fine no high winds,No,21 - 25,8,Urban area,1,8268,None,None,Journey as part of work,Not at or within 20 metres of junction,DENNIS,,Heavy oil,Male,None,No tow/articulation,Did not leave carriageway,0,Slowing or stopping,1,Bus or coach (17 or more pass seats),No,Front,2010
201001CW12161,A,5,A,4205,Slight,None,10-10-2010,Sunday,1,Auto traffic signal,Crossroads,51.519238,Daylight,527130,181630,-0.169075,E01004661,1,1,0,5,Dry,Dual carriageway,None,30,17:59:00,Urban,Fine no high winds,No,21 - 25,8,Urban area,4,599,None,None,Other/Not known (2005-10),Approaching junction or waiting/parked at junction approach,SUZUKI,GSX-R600K2,Petrol,Male,None,No tow/articulation,Did not leave carriageway,0,Overtaking - nearside,1,Motorcycle over 500cc,No,Front,2010
201001EO40146,A,5203,Unclassified,0,Slight,None,23-03-2010,Tuesday,1,Give way or uncontrolled,T or staggered junction,51.545587,Daylight,530600,184650,-0.117971,E01002713,1,2,0,0,Dry,Single carriageway,None,30,07:47:00,Urban,Fine no high winds,No,21 - 25,8,Data missing or out of range,NA,1396,None,None,Other/Not known (2005-10),Mid Junction - on roundabout or on main road,MG,ZR+,Petrol,Male,None,No tow/articulation,Did not leave carriageway,0,Going ahead other,2,Car,No,Front,2010
201001EO40378,A,1,A,1,Slight,None,05-07-2010,Monday,1,Give way or uncontrolled,Roundabout,51.565627,Daylight,529430,186850,-0.134026,E01002770,1,2,0,4,Dry,Roundabout,None,30,17:15:00,Urban,Fine no high winds,No,21 - 25,8,Urban area,2,2800,None,None,Other/Not known (2005-10),Mid Junction - on roundabout or on main road,IVECO,,Heavy oil,Male,None,No tow/articulation,Did not leave carriageway,0,Going ahead left-hand bend,1,Van / Goods 3.5 tonnes mgw or under,No,Nearside,2010
201001EO40492,A,103,A,503,Slight,None,30-08-2010,Monday,2,Auto traffic signal,Crossroads,51.560108,Daylight,530760,186270,-0.115063,E01002730,2,2,0,5,Dry,Single carriageway,None,30,15:00:00,Urban,Fine no high winds,No,21 - 25,8,Data missing or out of range,NA,2979,None,None,Other/Not known (2005-10),Mid Junction - on roundabout or on main road,BMW,330 I SPORT,Petrol,Male,None,No tow/articulation,Did not leave carriageway,0,Turning right,1,Car,No,Front,2010
201001EO40732,A,5203,A,5203,Slight,None,19-11-2010,Friday,1,Give way or uncontrolled,T or staggered junction,51.531962,Daylight,530450,183130,-0.120696,E01002711,1,2,0,0,Dry,Single carriageway,None,30,14:30:00,Urban,Fine no high winds,No,21 - 25,8,Urban area,2,125,None,None,Other/Not known (2005-10),Mid Junction - on roundabout or on main road,APRILIA,,Petrol,Male,None,No tow/articulation,Did not leave carriageway,0,Overtaking moving vehicle - offside,1,Motorcycle 125cc and under,No,Front,2010
201001FH10025,A,219,Unclassified,0,Slight,None,12-01-2010,Tuesday,1,Give way or uncontrolled,T or staggered junction,51.486586,Daylight,523610,177910,-0.221085,E01001891,1,3,0,4,Dry,Single carriageway,None,30,10:35:00,Urban,Fine no high winds,No,21 - 25,8,Urban area,6,85,None,None,Other/Not known (2005-10),Mid Junction - on roundabout or on main road,HONDA,C90M,Petrol,Male,None,No tow/articulation,Did not leave carriageway,0,Going ahead other,3,Motorcycle 125cc and under,No,Front,2010
201001FH10260,A,3219,NA,0,Slight,None,26-05-2010,Wednesday,1,Data missing or out of range,Not at junction or within 20 metres,51.480698,Daylight,524640,177280,-0.20648,E01001902,1,1,0,0,Dry,Single carriageway,None,30,13:00:00,Urban,Fine no high winds,No,21 - 25,8,Urban area,4,8268,None,None,Other/Not known (2005-10),Not at or within 20 metres of junction,DENNIS,,Heavy oil,Male,None,No tow/articulation,Did not leave carriageway,0,Parked,1,Bus or coach (17 or more pass seats),No,Did not impact,2010
201001HT20310,B,108,A,13,Slight,None,12-05-2010,Wednesday,1,Auto traffic signal,Crossroads,51.514638,Daylight,534580,181310,-0.061884,E01004319,1,2,0,5,Dry,Single carriageway,None,30,09:59:00,Urban,Fine no high winds,No,21 - 25,8,Urban area,3,998,None,None,Other/Not known (2005-10),Mid Junction - on roundabout or on main road,TOYOTA,YARIS GLS,Petrol,Male,None,No tow/articulation,Did not leave carriageway,0,Slowing or stopping,2,Car,No,Front,2010
201001HT20319,C,0,Unclassified,0,Slight,None,17-05-2010,Monday,1,Give way or uncontrolled,T or staggered junction,51.499571,Daylight,538180,179730,-0.010654,E01004221,1,2,0,0,Dry,Single carriageway,None,30,14:40:00,Urban,Fine no high winds,No,21 - 25,8,Data missing or out of range,NA,1242,None,None,Other/Not known (2005-10),Mid Junction - on roundabout or on main road,FORD,FIESTA FREESTYLE,Petrol,Male,None,No tow/articulation,Did not leave carriageway,0,Waiting to go - held up,2,Car,No,Front,2010
201001JC30242,Unclassified,0,Unclassified,0,Slight,None,21-05-2010,Friday,1,Give way or uncontrolled,Crossroads,51.579017,Daylight,537780,188560,-0.012959,E01004406,2,2,0,0,Dry,Single carriageway,None,30,17:40:00,Urban,Fine no high winds,No,21 - 25,8,Urban area,4,2494,None,None,Other/Not known (2005-10),Cleared junction or waiting/parked at junction exit,BMW,325 CI SPORT AUTO,Petrol,Male,None,No tow/articulation,Did not leave carriageway,0,Parked,2,Car,No,Offside,2010
201001JC30682,Unclassified,0,Unclassified,0,Slight,None,05-10-2010,Tuesday,2,Give way or uncontrolled,T or staggered junction,51.595216,Daylight,538780,190390,0.002185,E01004378,1,2,0,0,Dry,Single carriageway,None,30,18:00:00,Urban,Fine no high winds,No,21 - 25,8,Urban area,3,1242,None,None,Other/Not known (2005-10),Mid Junction - on roundabout or on main road,FIAT,PUNTO 1.2,Petrol,Male,None,No tow/articulation,Did not leave carriageway,0,Waiting to turn right,1,Car,No,Front,2010
201001JI40277,A,118,A,1083,Slight,None,14-05-2010,Friday,2,Give way or uncontrolled,Roundabout,51.559248,Daylight,544250,186540,0.079522,E01003686,1,2,0,7,Dry,Roundabout,None,30,15:51:00,Urban,Fine no high winds,No,21 - 25,8,Data missing or out of range,NA,1598,None,None,Other/Not known (2005-10),Leaving roundabout,MINI,MINI COOPER S,Petrol,Male,None,No tow/articulation,Did not leave carriageway,0,Slowing or stopping,1,Car,No,Back,2010
201001JI40629,A,118,B,177,Slight,None,02-10-2010,Saturday,1,Auto traffic signal,Crossroads,51.56661,Daylight,546370,187420,0.110449,E01003769,1,1,0,5,Dry,Single carriageway,None,30,11:56:00,Urban,Fine no high winds,No,21 - 25,8,Urban area,3,1396,None,None,Other/Not known (2005-10),Mid Junction - on roundabout or on main road,MG,ZR+,Petrol,Male,None,No tow/articulation,Did not leave carriageway,0,Going ahead other,1,Car,No,Offside,2010
201001KD50423,A,125,A,12,Slight,None,06-08-2010,Friday,1,Auto traffic signal,Crossroads,51.586334,Daylight,550630,189740,0.17286,E01002340,1,2,0,5,Dry,Single carriageway,None,30,12:30:00,Urban,Fine no high winds,No,21 - 25,8,Data missing or out of range,NA,1995,None,None,Other/Not known (2005-10),Mid Junction - on roundabout or on main road,BMW,318 CI,Petrol,Male,None,No tow/articulation,Did not leave carriageway,0,Going ahead other,1,Car,No,Offside,2010
201001LX50119,A,3,A,202,Slight,None,15-02-2010,Monday,1,Auto traffic signal,Crossroads,51.481829,Daylight,531170,177570,-0.112388,E01003100,1,2,0,5,Dry,Single carriageway,None,30,08:48:00,Urban,Fine no high winds,No,21 - 25,8,Urban area,4,498,None,None,Other/Not known (2005-10),Mid Junction - on roundabout or on main road,KAWASAKI,,Petrol,Male,None,No tow/articulation,Did not leave carriageway,0,Overtaking moving vehicle - offside,2,Motorcycle over 500cc,No,Nearside,2010
201001LX50455,A,203,Unclassified,0,Slight,None,01-06-2010,Tuesday,1,Give way or uncontrolled,T or staggered junction,51.466802,Daylight,530860,175890,-0.117472,E01003053,1,2,0,0,Dry,Single carriageway,None,30,07:52:00,Urban,Fine no high winds,No,21 - 25,8,Urban area,2,125,None,None,Other/Not known (2005-10),Mid Junction - on roundabout or on main road,HONDA,,Petrol,Male,None,No tow/articulation,Did not leave carriageway,0,Overtaking - nearside,2,Motorcycle 125cc and under,No,Front,2010
201001LX50701,B,272,Unclassified,0,Slight,None,10-08-2010,Tuesday,1,Give way or uncontrolled,T or staggered junction,51.416943,Daylight,529610,170310,-0.137499,E01003139,1,2,0,0,Wet or damp,Single carriageway,None,30,18:00:00,Urban,Fine no high winds,No,21 - 25,8,Data missing or out of range,NA,124,None,None,Commuting to/from work,Mid Junction - on roundabout or on main road,APRILIA,,Petrol,Male,None,No tow/articulation,Did not leave carriageway,0,Overtaking static vehicle - offside,2,Motorcycle 125cc and under,No,Front,2010
201001MM70030,Unclassified,0,NA,0,Slight,None,07-01-2010,Thursday,1,Data missing or out of range,Not at junction or within 20 metres,51.453302,Daylight,533640,174460,-0.078013,E01004072,1,2,0,0,Frost or ice,Single carriageway,None,30,08:45:00,Urban,Fine no high winds,No,21 - 25,8,Urban area,5,1796,Parked vehicle,None,Other/Not known (2005-10),Not at or within 20 metres of junction,MG,ZS+,Petrol,Male,None,No tow/articulation,Did not leave carriageway,0,Going ahead other,1,Car,No,Front,2010
201001MM70304,A,215,C,0,Slight,None,23-04-2010,Friday,1,Auto traffic signal,Crossroads,51.478927,Daylight,532440,177280,-0.094218,E01003924,2,2,0,5,Dry,Single carriageway,None,30,19:32:00,Urban,Fine no high winds,No,21 - 25,8,Urban area,2,1149,None,None,Other/Not known (2005-10),Mid Junction - on roundabout or on main road,RENAULT,CLIO AUTHENTIQUE,Petrol,Male,None,No tow/articulation,Did not leave carriageway,0,Going ahead other,1,Car,No,Front,2010
201001MM70311,A,202,A,2214,Slight,None,26-04-2010,Monday,1,Auto traffic signal,Crossroads,51.472851,Daylight,535330,176680,-0.052856,E01004004,1,2,0,5,Dry,Single carriageway,None,30,19:26:00,Urban,Fine no high winds,No,21 - 25,8,Urban area,3,1390,None,None,Other/Not known (2005-10),Mid Junction - on roundabout or on main road,VOLKSWAGEN,POLO SE AUTO,Petrol,Male,None,No tow/articulation,Did not leave carriageway,0,Going ahead other,1,Car,No,Front,2010
201001MM70698,A,2208,A,2206,Slight,None,28-08-2010,Saturday,1,Give way or uncontrolled,T or staggered junction,51.49033,Daylight,535140,178620,-0.054849,E01003986,1,2,0,4,Dry,Single carriageway,None,30,08:02:00,Urban,Fine no high winds,No,21 - 25,8,Urban area,10,1390,None,None,Other/Not known (2005-10),Mid Junction - on roundabout or on main road,VOLKSWAGEN,POLO S,Petrol,Male,None,No tow/articulation,Did not leave carriageway,0,Turning right,2,Car,No,Front,2010
201001PL60301,A,205,NA,0,Slight,None,18-04-2010,Sunday,1,Data missing or out of range,Not at junction or within 20 metres,51.442038,Daylight,536410,173280,-0.038626,E01003308,1,2,0,0,Dry,Single carriageway,None,30,18:50:00,Urban,Fine no high winds,No,21 - 25,8,Urban area,2,1798,None,None,Other/Not known (2005-10),Not at or within 20 metres of junction,FORD,MONDEO ZETEC,Petrol,Male,None,No tow/articulation,Did not leave carriageway,0,Going ahead other,1,Car,No,Offside,2010
201001PY20477,A,222,NA,0,Slight,None,06-08-2010,Friday,1,Data missing or out of range,Not at junction or within 20 metres,51.406236,Daylight,543480,169490,0.061499,E01000697,2,2,0,0,Dry,Single carriageway,Roadworks,30,07:06:00,Urban,Fine no high winds,No,21 - 25,8,Urban area,5,426,None,None,Other/Not known (2005-10),Not at or within 20 metres of junction,YAMAHA,,Petrol,Male,None,No tow/articulation,Did not leave carriageway,0,Going ahead right-hand bend,2,Motorcycle over 125cc and up to 500cc,No,Front,2010
201001QA10047,A,4140,Unclassified,0,Slight,None,02-02-2010,Tuesday,2,Give way or uncontrolled,T or staggered junction,51.602649,Daylight,517980,190690,-0.297852,E01002203,1,2,0,8,Dry,Dual carriageway,None,40,14:25:00,Urban,Fine no high winds,No,21 - 25,8,Urban area,8,599,None,None,Other/Not known (2005-10),Mid Junction - on roundabout or on main road,MCC,SMART PASSION SOFTOUCH(RHD),Petrol,Male,None,No tow/articulation,Did not leave carriageway,0,Going ahead other,1,Car,No,Back,2010