Accident_Index,1st_Road_Class,1st_Road_Number,2nd_Road_Class,2nd_Road_Number,Accident_Severity,Carriageway_Hazards,Date,Day_of_Week,Did_Police_Officer_Attend_Scene_of_Accident,Junction_Control,Junction_Detail,Latitude,Light_Conditions,Location_Easting_OSGR,Location_Northing_OSGR,Longitude,LSOA_of_Accident_Location,Number_of_Casualties,Number_of_Vehicles,Pedestrian_Crossing-Human_Control,Pedestrian_Crossing-Physical_Facilities,Road_Surface_Conditions,Road_Type,Special_Conditions_at_Site,Speed_limit,Time,Urban_or_Rural_Area,Weather_Conditions,InScotland,Age_Band_of_Driver,Age_of_Vehicle,Driver_Home_Area_Type,Driver_IMD_Decile,Engine_Capacity_.CC.,Hit_Object_in_Carriageway,Hit_Object_off_Carriageway,Journey_Purpose_of_Driver,Junction_Location,make,model,Propulsion_Code,Sex_of_Driver,Skidding_and_Overturning,Towing_and_Articulation,Vehicle_Leaving_Carriageway,Vehicle_Location.Restricted_Lane,Vehicle_Manoeuvre,Vehicle_Reference,Vehicle_Type,Was_Vehicle_Left_Hand_Drive,X1st_Point_of_Impact,Year
201001RG40044,A,207,Unclassified,0,Slight,None,24-01-2010,Sunday,1,Give way or uncontrolled,T or staggered junction,51.474805,Daylight,541310,177060,0.033341,E01001652,2,2,0,0,Dry,Single carriageway,None,30,12:05:00,Urban,Fine no high winds,No,21 - 25,8,Urban area,3,1149,None,None,Other/Not known (2005-10),Approaching junction or waiting/parked at junction approach,RENAULT,CLIO AUTHENTIQUE,Petrol,Male,None,No tow/articulation,Did not leave carriageway,0,Going ahead other,2,Car,No,Front,2010
201001RG40125,A,2,A,2213,Slight,None,02-03-2010,Tuesday,1,Auto traffic signal,T or staggered junction,51.474198,Daylight,540500,176970,0.021649,E01001583,1,2,0,5,Dry,Dual carriageway,None,30,08:30:00,Urban,Fine no high winds,No,21 - 25,8,Urban area,6,499,None,None,Other/Not known (2005-10),Approaching junction or waiting/parked at junction approach,HONDA,CB500-2,Petrol,Male,None,No tow/articulation,Did not leave carriageway,0,Slowing or stopping,1,Motorcycle over 500cc,No,Back,2010
201001RG40353,A,2,NA,0,Slight,None,16-06-2010,Wednesday,1,Data missing or out of range,Not at junction or within 20 metres,51.456645,Daylight,544900,175140,0.084211,E01001614,2,4,0,0,Dry,Dual carriageway,None,50,07:30:00,Urban,Fine no high winds,No,21 - 25,8,Data missing or out of range,NA,1753,None,None,Other/Not known (2005-10),Not at or within 20 metres of junction,FORD,ESCORT 75 D,Heavy oil,Male,None,No tow/articulation,Did not leave carriageway,0,Slowing or stopping,4,Van / Goods 3.5 tonnes mgw or under,No,Front,2010
201001RG40480,Unclassified,0,Unclassified,0,Slight,None,13-08-2010,Friday,1,Give way or uncontrolled,Mini-roundabout,51.472022,Daylight,541660,176760,0.038257,E01001645,1,2,0,0,Dry,Roundabout,None,30,16:35:00,Urban,Fine no high winds,No,21 - 25,8,Urban area,2,1798,None,None,Other/Not known (2005-10),Mid Junction - on roundabout or on main road,FORD,MONDEO ZETEC,Petrol,Male,None,No tow/articulation,Did not leave carriageway,0,Going ahead other,2,Car,No,Nearside,2010
201001RG40504,B,210,Unclassified,0,Slight,None,04-09-2010,Saturday,1,Give way or uncontrolled,T or staggered junction,51.48232,Daylight,542160,177920,0.045917,E01001588,4,2,0,0,Dry,Single carriageway,None,30,16:08:00,Urban,Fine no high winds,No,21 - 25,8,Urban area,10,1590,None,None,Other/Not known (2005-10),Approaching junction or waiting/parked at junction approach,HONDA,CIVIC VTEC SE AUTO,Petrol,Male,None,No tow/articulation,Did not leave carriageway,0,Going ahead other,1,Car,No,Offside,2010
201001RY10385,C,0,C,0,Slight,Pedestrian in carriageway - not injured,22-09-2010,Wednesday,1,Auto traffic signal,Crossroads,51.457051,Daylight,549220,175310,0.146416,E01000362,1,1,0,5,Dry,Single carriageway,None,30,17:25:00,Urban,Fine no high winds,No,21 - 25,8,Data missing or out of range,NA,1149,None,None,Other/Not known (2005-10),Mid Junction - on roundabout or on main road,RENAULT,CLIO EXPRESSION+ 16V,Petrol,Male,None,No tow/articulation,Did not leave carriageway,0,Going ahead other,1,Car,No,Offside,2010
201001RY10492,A,220,Unclassified,0,Slight,None,28-11-2010,Sunday,1,Give way or uncontrolled,T or staggered junction,51.449499,Daylight,549920,174490,0.156137,E01000364,3,5,0,0,Dry,Single carriageway,None,30,13:17:00,Rural,Fine no high winds,No,21 - 25,8,Urban area,4,2198,None,None,Other/Not known (2005-10),Cleared junction or waiting/parked at junction exit,VAUXHALL,ASTRA 16V BERTONE AUTO,Petrol,Male,None,No tow/articulation,Did not leave carriageway,0,Waiting to go - held up,2,Car,No,Back,2010
201001SX20175,A,5100,Unclassified,0,Slight,None,17-02-2010,Wednesday,1,Give way or uncontrolled,Roundabout,51.617839,Daylight,519680,192420,-0.272727,E01000192,1,2,0,0,Wet or damp,Single carriageway,None,30,08:20:00,Urban,Fine no high winds,No,21 - 25,8,Urban area,8,1390,None,None,Other/Not known (2005-10),Mid Junction - on roundabout or on main road,AUDI,A2 SE,Petrol,Male,None,No tow/articulation,Did not leave carriageway,0,Going ahead other,1,Car,No,Offside,2010
201001SX20221,A,504,Unclassified,0,Slight,None,01-03-2010,Monday,1,Give way or uncontrolled,T or staggered junction,51.593928,Daylight,525890,189910,-0.183976,E01000210,1,2,0,0,Dry,Single carriageway,None,30,07:30:00,Urban,Fine no high winds,No,21 - 25,8,Urban area,3,1870,None,None,Other/Not known (2005-10),Mid Junction - on roundabout or on main road,RENAULT,LAGUNA PRIVILEGE DCI,Heavy oil,Male,None,No tow/articulation,Did not leave carriageway,0,Turning right,2,Car,No,Offside,2010
201001SX20414,Unclassified,0,Unclassified,0,Slight,None,18-04-2010,Sunday,1,Give way or uncontrolled,T or staggered junction,51.605271,Daylight,521710,191070,-0.243888,E01000152,1,1,0,0,Dry,Single carriageway,None,30,20:03:00,Urban,Fine no high winds,No,21 - 25,8,Urban area,6,1596,None,None,Other/Not known (2005-10),Mid Junction - on roundabout or on main road,FORD,FOCUS ZETEC AUTO,Petrol,Male,None,No tow/articulation,Did not leave carriageway,0,Slowing or stopping,1,Car,No,Front,2010
201001SX21054,A,41,Motorway,1,Slight,None,17-10-2010,Sunday,1,Give way or uncontrolled,Slip road,51.632985,Daylight,517750,194060,-0.30004,E01000188,1,2,0,0,Dry,Dual carriageway,None,50,14:00:00,Rural,Fine no high winds,No,21 - 25,8,Urban area,4,1598,None,None,Other/Not known (2005-10),Mid Junction - on roundabout or on main road,DAEWOO,LANOS SX,Petrol,Male,None,No tow/articulation,Did not leave carriageway,0,Slowing or stopping,2,Car,No,Back,2010
201001TB00213,A,5,C,0,Slight,None,16-05-2010,Sunday,1,Auto traffic signal,T or staggered junction,51.591896,Daylight,520800,189560,-0.257542,E01000516,2,2,0,5,Wet or damp,Single carriageway,None,30,16:15:00,Urban,Fine no high winds,No,21 - 25,8,Urban area,4,1199,None,None,Other/Not known (2005-10),Approaching junction or waiting/parked at junction approach,VAUXHALL,CORSA CLUB 16V,Petrol,Male,None,No tow/articulation,Did not leave carriageway,0,Slowing or stopping,1,Car,No,Back,2010
201034TM29050,Motorway,1,NA,0,Slight,None,11-07-2010,Sunday,1,Data missing or out of range,Not at junction or within 20 metres,52.177552,Daylight,476650,253850,-0.880458,E01027278,1,4,0,0,Dry,Dual carriageway,None,70,16:20:00,Rural,Fine no high winds,No,21 - 25,8,Urban area,5,1896,None,None,Other/Not known (2005-10),Not at or within 20 metres of junction,SKODA,OCTAVIA ELEGANCE TDI,Heavy oil,Male,None,No tow/articulation,Did not leave carriageway,0,Going ahead other,1,Car,No,Front,2010
201034WN22290,A,5076,Unclassified,8181,Slight,None,31-05-2010,Monday,1,Give way or uncontrolled,Roundabout,52.224284,Daylight,473420,259000,-0.926571,E01027252,1,3,0,0,Dry,Roundabout,None,70,18:00:00,Urban,Fine no high winds,No,21 - 25,8,Urban area,2,1997,None,None,Other/Not known (2005-10),Mid Junction - on roundabout or on main road,PEUGEOT,307 RAPIER HDI,Heavy oil,Male,None,No tow/articulation,Did not leave carriageway,0,Waiting to go - held up,3,Car,No,Back,2010
201034WN32580,C,151,Unclassified,8008,Slight,None,14-08-2010,Saturday,1,Give way or uncontrolled,T or staggered junction,52.252025,Daylight,473680,262090,-0.922092,E01027240,2,3,0,0,Wet or damp,Single carriageway,None,40,08:55:00,Rural,Fine no high winds,No,21 - 25,8,Urban area,1,1896,None,None,Other/Not known (2005-10),Mid Junction - on roundabout or on main road,VOLKSWAGEN,,Heavy oil,Male,None,No tow/articulation,Did not leave carriageway,0,Turning left,1,Car,No,Front,2010
201034WS45380,C,77,NA,0,Slight,None,13-11-2010,Saturday,1,Data missing or out of range,Not at junction or within 20 metres,52.093739,Daylight,467970,244400,-1.009263,E01027307,1,2,0,0,Wet or damp,Single carriageway,None,60,12:05:00,Rural,Fine no high winds,No,21 - 25,8,Data missing or out of range,NA,1598,None,None,Commuting to/from work,Not at or within 20 metres of junction,TOYOTA,COROLLA T2 VVTI,Petrol,Male,None,No tow/articulation,Nearside,0,Going ahead right-hand bend,1,Car,No,Front,2010
201036T100073,A,1243,Unclassified,0,Slight,None,08-06-2010,Tuesday,1,Give way or uncontrolled,T or staggered junction,52.602767,Daylight,652440,307080,1.726656,E01026626,1,2,0,0,Dry,Single carriageway,None,30,17:58:00,Urban,Fine no high winds,No,21 - 25,8,Data missing or out of range,NA,1199,None,None,Commuting to/from work,Approaching junction or waiting/parked at junction approach,VAUXHALL,CORSA ELEGANCE 16V,Petrol,Male,None,No tow/articulation,Did not leave carriageway,0,Going ahead other,1,Car,No,Front,2010
201037B044210,A,1092,Unclassified,9999,Slight,None,01-02-2010,Monday,1,Give way or uncontrolled,T or staggered junction,52.061596,Daylight,574030,243400,0.537251,E01030120,2,2,0,0,Dry,Single carriageway,None,30,16:00:00,Rural,Fine no high winds,No,21 - 25,8,Urban area,5,1198,None,None,Other/Not known (2005-10),Cleared junction or waiting/parked at junction exit,VOLKSWAGEN,POLO S,Petrol,Male,None,No tow/articulation,Offside,0,Going ahead left-hand bend,1,Car,No,Front,2010
201037B044948,A,143,Unclassified,9999,Slight,None,18-05-2010,Tuesday,1,Give way or uncontrolled,T or staggered junction,52.235746,Daylight,584270,263160,0.697163,E01030147,2,3,0,0,Dry,Single carriageway,None,30,08:45:00,Urban,Fine no high winds,No,21 - 25,8,Rural,8,1995,None,None,Other/Not known (2005-10),Approaching junction or waiting/parked at junction approach,VAUXHALL,VECTRA LS DTI,Heavy oil,Male,None,No tow/articulation,Did not leave carriageway,0,Waiting to go - held up,3,Car,No,Back,2010
201037B045977,B,1115,Unclassified,8309,Slight,None,16-10-2010,Saturday,1,Give way or uncontrolled,T or staggered junction,52.08222,Daylight,600190,246680,0.920284,E01029911,1,1,0,0,Wet or damp,Single carriageway,None,60,08:20:00,Rural,Fine no high winds,No,21 - 25,8,Small town,5,1587,None,Other permanent object,Commuting to/from work,Cleared junction or waiting/parked at junction exit,CITROEN,SAXO VTR,Petrol,Male,Skidded,No tow/articulation,Nearside,0,Going ahead other,1,Car,No,Front,2010
201037B046100,C,602,NA,0,Slight,None,04-11-2010,Thursday,1,Data missing or out of range,Not at junction or within 20 metres,52.380052,Daylight,571570,278770,0.519327,E01029933,1,1,0,0,Dry,Single carriageway,None,60,09:00:00,Rural,Fine no high winds,No,21 - 25,8,Rural,7,2493,None,Tree,Commuting to/from work,Not at or within 20 metres of junction,KIA,MAGENTIS V6 LX AUTO,Petrol,Male,Skidded,No tow/articulation,Nearside,0,Going ahead right-hand bend,1,Car,No,Nearside,2010
201037G029540,B,1078,Unclassified,3404,Slight,None,22-06-2010,Tuesday,1,Give way or uncontrolled,T or staggered junction,52.144471,Daylight,622430,254560,1.249478,E01030200,3,4,0,0,Dry,Single carriageway,None,60,08:40:00,Rural,Fine no high winds,No,21 - 25,8,Rural,8,1753,None,None,Other/Not known (2005-10),Approaching junction or waiting/parked at junction approach,FORD,FOCUS LX TDI,Heavy oil,Male,Skidded,No tow/articulation,Did not leave carriageway,0,Going ahead other,3,Car,No,Front,2010
201037G029618,Unclassified,2241,NA,0,Slight,None,30-06-2010,Wednesday,1,Data missing or out of range,Not at junction or within 20 metres,52.040314,Daylight,618900,242800,1.190426,E01029994,1,2,0,0,Dry,Single carriageway,None,30,21:30:00,Urban,Fine no high winds,No,21 - 25,8,Urban area,8,599,Parked vehicle,None,Other/Not known (2005-10),Not at or within 20 metres of junction,HONDA,CB600 HORNET,Petrol,Male,Skidded,No tow/articulation,Did not leave carriageway,0,Going ahead other,1,Motorcycle over 500cc,No,Offside,2010
201037G029805,B,1070,C,422,Slight,None,08-08-2010,Sunday,1,Give way or uncontrolled,T or staggered junction,51.9675,Daylight,608410,234240,1.032503,E01029882,2,2,0,0,Dry,Single carriageway,None,30,14:50:00,Rural,Fine no high winds,No,21 - 25,8,Small town,8,1596,None,None,Other/Not known (2005-10),Mid Junction - on roundabout or on main road,FORD,FOCUS CHIC,Petrol,Male,None,No tow/articulation,Did not leave carriageway,0,Going ahead right-hand bend,2,Car,No,Front,2010
201037G030369,A,1189,NA,0,Slight,None,10-11-2010,Wednesday,1,Data missing or out of range,Not at junction or within 20 metres,52.049834,Daylight,619570,243890,1.200879,E01029965,1,3,0,4,Dry,Single carriageway,None,30,13:42:00,Urban,Fine no high winds,No,21 - 25,8,Urban area,5,1870,None,None,Other/Not known (2005-10),Not at or within 20 metres of junction,RENAULT,MEGANE SCENIC DYNAM+ DCI,Heavy oil,Male,None,No tow/articulation,Did not leave carriageway,0,Going ahead other,1,Car,No,Front,2010
201037L018251,B,1127,NA,0,Slight,None,11-07-2010,Sunday,1,Data missing or out of range,Not at junction or within 20 metres,52.403232,Daylight,648750,284650,1.65553,E01030295,1,1,0,0,Dry,Single carriageway,None,60,09:30:00,Rural,Fine no high winds,No,21 - 25,8,Urban area,8,998,None,Other permanent object,Other/Not known (2005-10),Not at or within 20 metres of junction,APRILIA,,Petrol,Male,Skidded,No tow/articulation,Nearside,0,Going ahead left-hand bend,1,Motorcycle over 500cc,No,Nearside,2010
2010400C01139,A,5228,Unclassified,0,Slight,None,17-04-2010,Saturday,1,Give way or uncontrolled,T or staggered junction,51.892846,Daylight,509620,222790,-0.408404,E01015778,1,2,0,1,Dry,Single carriageway,None,30,19:47:00,Urban,Fine no high winds,No,21 - 25,8,Urban area,5,1587,None,None,Other/Not known (2005-10),Approaching junction or waiting/parked at junction approach,PEUGEOT,307 RAPIER 16V,Petrol,Male,None,No tow/articulation,Did not leave carriageway,0,Slowing or stopping,2,Car,No,Back,2010
2010400D01531,B,530,C,83,Slight,None,22-05-2010,Saturday,1,Give way or uncontrolled,T or staggered junction,52.053366,Daylight,503030,240510,-0.498821,E01017411,1,2,0,0,Dry,Single carriageway,None,60,14:52:00,Rural,Fine no high winds,No,21 - 25,8,Urban area,8,599,None,Entered ditch,Other/Not known (2005-10),Mid Junction - on roundabout or on main road,SUZUKI,GSX-R600K2,Petrol,Male,None,No tow/articulation,Nearside,0,Going ahead other,2,Motorcycle over 500cc,No,Front,2010
2010400D02002,C,249,NA,0,Slight,None,28-06-2010,Monday,1,Data missing or out of range,Not at junction or within 20 metres,51.882314,Daylight,499640,221410,-0.553781,E01017588,2,2,0,0,Dry,Single carriageway,None,60,07:30:00,Rural,Fine no high winds,No,21 - 25,8,Urban area,2,1328,None,None,Other/Not known (2005-10),Not at or within 20 metres of junction,SUZUKI,JIMNY JLX,Petrol,Male,Overturned,No tow/articulation,Nearside and rebounded,0,Going ahead other,2,Car,No,Offside,2010
20104100B0277,B,6426,NA,0,Slight,None,18-05-2010,Tuesday,1,Not at junction or within 20 metres,Not at junction or within 20 metres,51.764721,Daylight,522860,208840,-0.22104,E01023927,1,3,0,0,Dry,Single carriageway,None,30,15:06:00,Urban,Fine no high winds,No,21 - 25,8,Urban area,5,1781,None,None,Other/Not known (2005-10),Not at or within 20 metres of junction,SEAT,,Petrol,Male,None,No tow/articulation,Did not leave carriageway,0,Parked,3,Car,No,Back,2010
20104100C0676,A,4125,NA,0,Slight,None,02-06-2010,Wednesday,1,Not at junction or within 20 metres,Not at junction or within 20 metres,51.622464,Daylight,510230,192720,-0.409071,E01023840,1,4,0,0,Dry,Single carriageway,None,40,15:15:00,Urban,Fine no high winds,No,21 - 25,8,Urban area,6,3248,None,Other permanent object,Other/Not known (2005-10),Not at or within 20 metres of junction,JAGUAR,XJ EXECUTIVE AUTO,Petrol,Male,None,No tow/articulation,Nearside,0,Going ahead right-hand bend,1,Car,No,Front,2010
20104100J0583,A,5183,C,135,Slight,None,16-10-2010,Saturday,1,Give way or uncontrolled,T or staggered junction,51.662836,Daylight,517260,197370,-0.306008,E01023524,1,2,0,0,Dry,Single carriageway,None,50,08:31:00,Rural,Fine no high winds,No,21 - 25,8,Urban area,3,NA,None,None,Journey as part of work,Approaching junction or waiting/parked at junction approach,DAF TRUCKS,FA LF45.150,Heavy oil,Male,None,No tow/articulation,Did not leave carriageway,0,Slowing or stopping,1,Goods 7.5 tonnes mgw and over,No,Front,2010
20104100K0270,A,121,Unclassified,165,Slight,None,05-06-2010,Saturday,1,Give way or uncontrolled,T or staggered junction,51.685832,Daylight,537160,200430,-0.017255,E01023338,2,2,0,0,Dry,Single carriageway,None,40,19:58:00,Urban,Fine no high winds,No,21 - 25,8,Urban area,5,1998,None,None,Other/Not known (2005-10),Mid Junction - on roundabout or on main road,FORD,TRANSIT 300 SWB TD,Heavy oil,Male,Skidded,No tow/articulation,Did not leave carriageway,0,Going ahead other,2,Van / Goods 3.5 tonnes mgw or under,No,Front,2010
20104100T1106,Motorway,1,A,414,Slight,None,08-07-2010,Thursday,1,Give way or uncontrolled,Slip road,51.746502,Daylight,510200,206520,-0.405151,E01023722,3,3,0,0,Dry,Dual carriageway,None,70,21:20:00,Rural,Fine no high winds,No,21 - 25,8,Urban area,3,1495,None,Central crash barrier,Other/Not known (2005-10),Approaching junction or waiting/parked at junction approach,HYUNDAI,ACCENT CDX,Petrol,Male,Skidded,No tow/articulation,Offside on to centrl res + rebounded,0,Going ahead other,1,Car,No,Front,2010
20104100T1137,Motorway,1,NA,0,Slight,None,08-10-2010,Friday,2,Not at junction or within 20 metres,Not at junction or within 20 metres,51.743192,Daylight,510580,206160,-0.399764,E01023722,1,3,0,0,Dry,Dual carriageway,None,70,16:30:00,Rural,Fine no high winds,No,21 - 25,8,Urban area,4,1998,None,Near/Offside crash barrier,Other/Not known (2005-10),Not at or within 20 metres of junction,FORD,MONDEO GHIA TDCI,Heavy oil,Male,Skidded,No tow/articulation,Nearside,0,Going ahead other,2,Car,No,Front,2010
20104100T3026,Motorway,25,NA,0,Slight,None,05-02-2010,Friday,1,Not at junction or within 20 metres,Not at junction or within 20 metres,51.68024,Daylight,507060,199080,-0.4529,E01023854,1,3,0,0,Dry,Dual carriageway,None,70,15:00:00,Rural,Fine no high winds,No,21 - 25,8,Small town,8,973,None,None,Other/Not known (2005-10),Not at or within 20 metres of junction,VAUXHALL,CORSA CLUB 12V,Petrol,Male,None,No tow/articulation,Did not leave carriageway,0,Slowing or stopping,3,Car,No,Offside,2010
201042I064502,A,129,Unclassified,0,Slight,None,25-02-2010,Thursday,1,Give way or uncontrolled,T or staggered junction,51.586419,Daylight,580620,190730,0.605819,E01021962,1,2,0,4,Wet or damp,One way street,None,30,09:10:00,Urban,Fine no high winds,No,21 - 25,8,Small town,9,1299,None,None,Commuting to/from work,Approaching junction or waiting/parked at junction approach,FORD,KA COLLECTION,Petrol,Male,None,No tow/articulation,Did not leave carriageway,0,Waiting to go - held up,2,Car,No,Back,2010
201042I130404,A,1306,Unclassified,0,Slight,None,26-04-2010,Monday,1,Give way or uncontrolled,Mini-roundabout,51.494725,Daylight,560930,179860,0.316895,E01015939,1,2,0,0,Dry,Roundabout,None,40,15:59:00,Urban,Fine no high winds,No,21 - 25,8,Urban area,1,125,None,None,Commuting to/from work,Approaching junction or waiting/parked at junction approach,APRILIA,,Petrol,Male,None,No tow/articulation,Did not leave carriageway,0,Overtaking moving vehicle - offside,1,Motorcycle 125cc and under,No,Front,2010
201042I153105,Unclassified,0,NA,0,Slight,None,20-05-2010,Thursday,1,Not at junction or within 20 metres,Not at junction or within 20 metres,51.533232,Daylight,587820,185070,0.706606,E01015851,1,2,0,0,Dry,Dual carriageway,None,30,18:22:00,Urban,Fine no high winds,No,21 - 25,8,Urban area,1,124,None,None,Journey as part of work,Not at or within 20 metres of junction,GILERA,COGUAR,Petrol,Male,None,No tow/articulation,Did not leave carriageway,0,Going ahead other,2,Motorcycle 125cc and under,No,Front,2010
201042I198806,Motorway,25,NA,0,Slight,None,27-06-2010,Sunday,1,Not at junction or within 20 metres,Not at junction or within 20 metres,51.649784,Daylight,552240,196850,0.199169,E01021443,1,1,0,0,Dry,Dual carriageway,Roadworks,70,05:00:00,Rural,Fine no high winds,No,21 - 25,8,Urban area,4,1896,Road works,Near/Offside crash barrier,Commuting to/from work,Not at or within 20 metres of junction,FORD,GALAXY ZETEC TDI,Heavy oil,Male,Overturned,No tow/articulation,Nearside and rebounded,0,Going ahead other,1,Car,No,Nearside,2010
201042I209407,Unclassified,0,Unclassified,0,Slight,None,02-07-2010,Friday,1,Give way or uncontrolled,T or staggered junction,51.67913,Daylight,591430,201450,0.767527,E01021900,2,2,0,0,Dry,Single carriageway,None,40,08:05:00,Rural,Fine no high winds,No,21 - 25,8,Urban area,7,1587,None,Tree,Other/Not known (2005-10),Approaching junction or waiting/parked at junction approach,CITROEN,SAXO VTR,Petrol,Male,Skidded,No tow/articulation,Offside,0,Going ahead other,2,Car,No,Front,2010
201042I242407,Unclassified,0,NA,0,Slight,None,28-07-2010,Wednesday,2,Not at junction or within 20 metres,Not at junction or within 20 metres,51.585081,Daylight,575760,190410,0.53558,E01021312,1,2,0,0,Dry,Dual carriageway,None,40,11:30:00,Rural,Fine no high winds,No,21 - 25,8,Urban area,2,1149,None,None,Other/Not known (2005-10),Not at or within 20 metres of junction,RENAULT,CLIO EXPRESSION+ 16V,Petrol,Male,None,No tow/articulation,Did not leave carriageway,0,Changing lane to left,1,Car,No,Front,2010
201042I245707,Unclassified,0,Unclassified,0,Slight,None,30-07-2010,Friday,1,Give way or uncontrolled,T or staggered junction,51.554959,Daylight,583750,187340,0.649177,E01015815,1,2,0,0,Dry,Dual carriageway,None,30,15:45:00,Urban,Fine no high winds,No,21 - 25,8,Urban area,5,1149,None,None,Other/Not known (2005-10),Entering main road,RENAULT,CLIO EXPRESSION 16V,Petrol,Male,None,No tow/articulation,Did not leave carriageway,0,Moving off,1,Car,No,Offside,2010
201042I248207,Unclassified,0,NA,0,Slight,None,28-07-2010,Wednesday,1,Not at junction or within 20 metres,Not at junction or within 20 metres,51.781747,Daylight,575350,212290,0.540652,E01021537,1,1,0,0,Dry,Single carriageway,None,60,08:20:00,Rural,Fine no high winds,No,21 - 25,8,Urban area,8,1998,None,Other permanent object,Journey as part of work,Not at or within 20 metres of junction,HONDA,CIVIC TYPE-R,Petrol,Male,Skidded and overturned,No tow/articulation,Offside and rebounded,0,Going ahead right-hand bend,1,Car,No,Front,2010
201042I307909,A,1235,Unclassified,0,Slight,None,22-09-2010,Wednesday,1,Auto traffic signal,Slip road,51.579616,Daylight,569550,189590,0.445636,E01021268,1,1,0,0,Dry,Single carriageway,None,30,12:12:00,Urban,Fine no high winds,No,21 - 25,8,Urban area,2,1598,Kerb,Other permanent object,Other/Not known (2005-10),Leaving main road,VAUXHALL,ASTRA 16V COMFORT,Petrol,Male,Overturned,No tow/articulation,Did not leave carriageway,0,Turning left,1,Car,No,Offside,2010
201042I328210,B,1033,NA,0,Slight,None,07-10-2010,Thursday,1,Not at junction or within 20 metres,Not at junction or within 20 metres,51.844098,Daylight,621120,221040,1.20876,E01022011,2,3,0,0,Dry,Single carriageway,None,60,12:20:00,Urban,Fine no high winds,No,21 - 25,8,Urban area,3,2463,None,None,Journey as part of work,Not at or within 20 metres of junction,RENAULT,MASTER LM35 DCI,Heavy oil,Male,Skidded,No tow/articulation,Offside,0,Going ahead other,3,Van / Goods 3.5 tonnes mgw or under,No,Offside,2010
201042I367311,B,1441,Unclassified,0,Slight,None,02-11-2010,Tuesday,2,Auto traffic signal,Crossroads,51.808008,Daylight,617230,216850,1.149751,E01022044,1,1,0,5,Dry,Single carriageway,None,30,15:25:00,Urban,Fine no high winds,No,21 - 25,8,Urban area,2,1242,None,None,Other/Not known (2005-10),Leaving main road,FIAT,PUNTO MIA,Petrol,Male,None,No tow/articulation,Did not leave carriageway,0,Turning left,1,Car,No,Front,2010
201043N042100,A,4128,C,77,Slight,None,06-10-2010,Wednesday,1,Give way or uncontrolled,Roundabout,51.659155,Daylight,486460,196340,-0.75145,E01017870,1,2,0,0,Wet or damp,Roundabout,None,50,14:20:00,Rural,Fine no high winds,No,21 - 25,8,Urban area,NA,1242,None,None,Other/Not known (2005-10),Entering roundabout,FIAT,PUNTO 1.2,Petrol,Male,Skidded,No tow/articulation,Did not leave carriageway,0,Moving off,1,Car,No,Front,2010
201043N078030,A,40,Unclassified,1809,Slight,None,08-03-2010,Monday,1,Data missing or out of range,Private drive or entrance,51.633719,Daylight,485850,193500,-0.760963,E01017837,4,2,0,0,Dry,Single carriageway,None,30,13:00:00,Urban,Fine no high winds,No,21 - 25,8,Urban area,6,1598,None,None,Other/Not known (2005-10),Approaching junction or waiting/parked at junction approach,RENAULT,MEGANE EXPRESSION+,Petrol,Male,None,No tow/articulation,Did not leave carriageway,0,Turning right,1,Car,No,Front,2010
201043N200100,Unclassified,2222,NA,,Slight,None,25-10-2010,Monday,2,Give way or uncontrolled,Private drive or entrance,51.814588,Daylight,481600,213550,-0.817665,E01017633,1,1,0,0,Dry,Single carriageway,None,30,08:00:00,Urban,Fine no high winds,No,21 - 25,8,Urban area,4,1242,None,None,Other/Not known (2005-10),Leaving main road,FIAT,PUNTO 1.2,Petrol,Male,None,No tow/articulation,Did not leave carriageway,9,Slowing or stopping,1,Car,No,Front,2010
201043P124070,A,41,Unclassified,0,Slight,None,07-07-2010,Wednesday,1,Give way or uncontrolled,Private drive or entrance,51.884916,Daylight,459250,221060,-1.140559,E01028425,1,2,0,0,Dry,Single carriageway,None,60,10:00:00,Urban,Fine no high winds,No,21 - 25,8,Urban area,4,955,Parked vehicle,None,Other/Not known (2005-10),Approaching junction or waiting/parked at junction approach,TRIUMPH,SPRINT RS,Petrol,Male,Skidded,No tow/articulation,Did not leave carriageway,0,Going ahead other,1,Motorcycle over 125cc and up to 500cc,No,Front,2010
201043R153070,Motorway,4,NA,0,Slight,None,23-07-2010,Friday,1,Data missing or out of range,Not at junction or within 20 metres,51.475702,Daylight,485730,175920,-0.766978,E01016578,1,2,0,0,Dry,Dual carriageway,None,70,16:50:00,Rural,Fine no high winds,No,21 - 25,8,Urban area,8,1242,None,None,Commuting to/from work,Not at or within 20 metres of junction,FIAT,PUNTO 1.2,Petrol,Male,None,No tow/articulation,Did not leave carriageway,0,Going ahead other,2,Car,No,Front,2010
201043R173040,Unclassified,7002,NA,,Slight,None,30-04-2010,Friday,2,Give way or uncontrolled,Private drive or entrance,51.417,Daylight,486910,169410,-0.751588,E01016249,1,2,0,4,Dry,One way street,None,30,10:30:00,Urban,Fine no high winds,No,21 - 25,8,Urban area,10,1390,None,None,Journey as part of work,Mid Junction - on roundabout or on main road,SEAT,LEON S 16V,Petrol,Male,None,No tow/articulation,Did not leave carriageway,0,Going ahead other,2,Car,No,Front,2010
201043R180070,A,412,NA,0,Slight,None,29-07-2010,Thursday,2,Data missing or out of range,Not at junction or within 20 metres,51.510242,Daylight,498830,180000,-0.577267,E01016457,1,1,0,0,Dry,Dual carriageway,None,40,02:00:00,Urban,Fine no high winds,No,21 - 25,8,Urban area,3,1896,None,Lamp post,Other/Not known (2005-10),Not at or within 20 metres of junction,SEAT,,Heavy oil,Male,Skidded,No tow/articulation,Did not leave carriageway,0,Going ahead other,1,Car,No,Front,2010