Accident_Index,1st_Road_Class,1st_Road_Number,2nd_Road_Class,2nd_Road_Number,Accident_Severity,Carriageway_Hazards,Date,Day_of_Week,Did_Police_Officer_Attend_Scene_of_Accident,Junction_Control,Junction_Detail,Latitude,Light_Conditions,Location_Easting_OSGR,Location_Northing_OSGR,Longitude,LSOA_of_Accident_Location,Number_of_Casualties,Number_of_Vehicles,Pedestrian_Crossing-Human_Control,Pedestrian_Crossing-Physical_Facilities,Road_Surface_Conditions,Road_Type,Special_Conditions_at_Site,Speed_limit,Time,Urban_or_Rural_Area,Weather_Conditions,InScotland,Age_Band_of_Driver,Age_of_Vehicle,Driver_Home_Area_Type,Driver_IMD_Decile,Engine_Capacity_.CC.,Hit_Object_in_Carriageway,Hit_Object_off_Carriageway,Journey_Purpose_of_Driver,Junction_Location,make,model,Propulsion_Code,Sex_of_Driver,Skidding_and_Overturning,Towing_and_Articulation,Vehicle_Leaving_Carriageway,Vehicle_Location.Restricted_Lane,Vehicle_Manoeuvre,Vehicle_Reference,Vehicle_Type,Was_Vehicle_Left_Hand_Drive,X1st_Point_of_Impact,Year
201001JC30242,Unclassified,0,Unclassified,0,Slight,None,21-05-2010,Friday,1,Give way or uncontrolled,Crossroads,51.579017,Daylight,537780,188560,-0.012959,E01004406,2,2,0,0,Dry,Single carriageway,None,30,17:40:00,Urban,Fine no high winds,No,21 - 25,8,Urban area,4,2494,None,None,Other/Not known (2005-10),Cleared junction or waiting/parked at junction exit,BMW,325 CI SPORT AUTO,Petrol,Male,None,No tow/articulation,Did not leave carriageway,0,Parked,2,Car,No,Offside,2010
201001JC30682,Unclassified,0,Unclassified,0,Slight,None,05-10-2010,Tuesday,2,Give way or uncontrolled,T or staggered junction,51.595216,Daylight,538780,190390,0.002185,E01004378,1,2,0,0,Dry,Single carriageway,None,30,18:00:00,Urban,Fine no high winds,No,21 - 25,8,Urban area,3,1242,None,None,Other/Not known (2005-10),Mid Junction - on roundabout or on main road,FIAT,PUNTO 1.2,Petrol,Male,None,No tow/articulation,Did not leave carriageway,0,Waiting to turn right,1,Car,No,Front,2010
201001JI40277,A,118,A,1083,Slight,None,14-05-2010,Friday,2,Give way or uncontrolled,Roundabout,51.559248,Daylight,544250,186540,0.079522,E01003686,1,2,0,7,Dry,Roundabout,None,30,15:51:00,Urban,Fine no high winds,No,21 - 25,8,Data missing or out of range,NA,1598,None,None,Other/Not known (2005-10),Leaving roundabout,MINI,MINI COOPER S,Petrol,Male,None,No tow/articulation,Did not leave carriageway,0,Slowing or stopping,1,Car,No,Back,2010
201001JI40629,A,118,B,177,Slight,None,02-10-2010,Saturday,1,Auto traffic signal,Crossroads,51.56661,Daylight,546370,187420,0.110449,E01003769,1,1,0,5,Dry,Single carriageway,None,30,11:56:00,Urban,Fine no high winds,No,21 - 25,8,Urban area,3,1396,None,None,Other/Not known (2005-10),Mid Junction - on roundabout or on main road,MG,ZR+,Petrol,Male,None,No tow/articulation,Did not leave carriageway,0,Going ahead other,1,Car,No,Offside,2010
201001KD50423,A,125,A,12,Slight,None,06-08-2010,Friday,1,Auto traffic signal,Crossroads,51.586334,Daylight,550630,189740,0.17286,E01002340,1,2,0,5,Dry,Single carriageway,None,30,12:30:00,Urban,Fine no high winds,No,21 - 25,8,Data missing or out of range,NA,1995,None,None,Other/Not known (2005-10),Mid Junction - on roundabout or on main road,BMW,318 CI,Petrol,Male,None,No tow/articulation,Did not leave carriageway,0,Going ahead other,1,Car,No,Offside,2010
201001LX50119,A,3,A,202,Slight,None,15-02-2010,Monday,1,Auto traffic signal,Crossroads,51.481829,Daylight,531170,177570,-0.112388,E01003100,1,2,0,5,Dry,Single carriageway,None,30,08:48:00,Urban,Fine no high winds,No,21 - 25,8,Urban area,4,498,None,None,Other/Not known (2005-10),Mid Junction - on roundabout or on main road,KAWASAKI,,Petrol,Male,None,No tow/articulation,Did not leave carriageway,0,Overtaking moving vehicle - offside,2,Motorcycle over 500cc,No,Nearside,2010
201001LX50455,A,203,Unclassified,0,Slight,None,01-06-2010,Tuesday,1,Give way or uncontrolled,T or staggered junction,51.466802,Daylight,530860,175890,-0.117472,E01003053,1,2,0,0,Dry,Single carriageway,None,30,07:52:00,Urban,Fine no high winds,No,21 - 25,8,Urban area,2,125,None,None,Other/Not known (2005-10),Mid Junction - on roundabout or on main road,HONDA,,Petrol,Male,None,No tow/articulation,Did not leave carriageway,0,Overtaking - nearside,2,Motorcycle 125cc and under,No,Front,2010
201001LX50701,B,272,Unclassified,0,Slight,None,10-08-2010,Tuesday,1,Give way or uncontrolled,T or staggered junction,51.416943,Daylight,529610,170310,-0.137499,E01003139,1,2,0,0,Wet or damp,Single carriageway,None,30,18:00:00,Urban,Fine no high winds,No,21 - 25,8,Data missing or out of range,NA,124,None,None,Commuting to/from work,Mid Junction - on roundabout or on main road,APRILIA,,Petrol,Male,None,No tow/articulation,Did not leave carriageway,0,Overtaking static vehicle - offside,2,Motorcycle 125cc and under,No,Front,2010
201001MM70030,Unclassified,0,NA,0,Slight,None,07-01-2010,Thursday,1,Data missing or out of range,Not at junction or within 20 metres,51.453302,Daylight,533640,174460,-0.078013,E01004072,1,2,0,0,Frost or ice,Single carriageway,None,30,08:45:00,Urban,Fine no high winds,No,21 - 25,8,Urban area,5,1796,Parked vehicle,None,Other/Not known (2005-10),Not at or within 20 metres of junction,MG,ZS+,Petrol,Male,None,No tow/articulation,Did not leave carriageway,0,Going ahead other,1,Car,No,Front,2010
201001MM70304,A,215,C,0,Slight,None,23-04-2010,Friday,1,Auto traffic signal,Crossroads,51.478927,Daylight,532440,177280,-0.094218,E01003924,2,2,0,5,Dry,Single carriageway,None,30,19:32:00,Urban,Fine no high winds,No,21 - 25,8,Urban area,2,1149,None,None,Other/Not known (2005-10),Mid Junction - on roundabout or on main road,RENAULT,CLIO AUTHENTIQUE,Petrol,Male,None,No tow/articulation,Did not leave carriageway,0,Going ahead other,1,Car,No,Front,2010
201001MM70311,A,202,A,2214,Slight,None,26-04-2010,Monday,1,Auto traffic signal,Crossroads,51.472851,Daylight,535330,176680,-0.052856,E01004004,1,2,0,5,Dry,Single carriageway,None,30,19:26:00,Urban,Fine no high winds,No,21 - 25,8,Urban area,3,1390,None,None,Other/Not known (2005-10),Mid Junction - on roundabout or on main road,VOLKSWAGEN,POLO SE AUTO,Petrol,Male,None,No tow/articulation,Did not leave carriageway,0,Going ahead other,1,Car,No,Front,2010
201001MM70698,A,2208,A,2206,Slight,None,28-08-2010,Saturday,1,Give way or uncontrolled,T or staggered junction,51.49033,Daylight,535140,178620,-0.054849,E01003986,1,2,0,4,Dry,Single carriageway,None,30,08:02:00,Urban,Fine no high winds,No,21 - 25,8,Urban area,10,1390,None,None,Other/Not known (2005-10),Mid Junction - on roundabout or on main road,VOLKSWAGEN,POLO S,Petrol,Male,None,No tow/articulation,Did not leave carriageway,0,Turning right,2,Car,No,Front,2010
201001PL60301,A,205,NA,0,Slight,None,18-04-2010,Sunday,1,Data missing or out of range,Not at junction or within 20 metres,51.442038,Daylight,536410,173280,-0.038626,E01003308,1,2,0,0,Dry,Single carriageway,None,30,18:50:00,Urban,Fine no high winds,No,21 - 25,8,Urban area,2,1798,None,None,Other/Not known (2005-10),Not at or within 20 metres of junction,FORD,MONDEO ZETEC,Petrol,Male,None,No tow/articulation,Did not leave carriageway,0,Going ahead other,1,Car,No,Offside,2010
201001PY20477,A,222,NA,0,Slight,None,06-08-2010,Friday,1,Data missing or out of range,Not at junction or within 20 metres,51.406236,Daylight,543480,169490,0.061499,E01000697,2,2,0,0,Dry,Single carriageway,Roadworks,30,07:06:00,Urban,Fine no high winds,No,21 - 25,8,Urban area,5,426,None,None,Other/Not known (2005-10),Not at or within 20 metres of junction,YAMAHA,,Petrol,Male,None,No tow/articulation,Did not leave carriageway,0,Going ahead right-hand bend,2,Motorcycle over 125cc and up to 500cc,No,Front,2010
201001QA10047,A,4140,Unclassified,0,Slight,None,02-02-2010,Tuesday,2,Give way or uncontrolled,T or staggered junction,51.602649,Daylight,517980,190690,-0.297852,E01002203,1,2,0,8,Dry,Dual carriageway,None,40,14:25:00,Urban,Fine no high winds,No,21 - 25,8,Urban area,8,599,None,None,Other/Not known (2005-10),Mid Junction - on roundabout or on main road,MCC,SMART PASSION SOFTOUCH(RHD),Petrol,Male,None,No tow/articulation,Did not leave carriageway,0,Going ahead other,1,Car,No,Back,2010
201001RG40044,A,207,Unclassified,0,Slight,None,24-01-2010,Sunday,1,Give way or uncontrolled,T or staggered junction,51.474805,Daylight,541310,177060,0.033341,E01001652,2,2,0,0,Dry,Single carriageway,None,30,12:05:00,Urban,Fine no high winds,No,21 - 25,8,Urban area,3,1149,None,None,Other/Not known (2005-10),Approaching junction or waiting/parked at junction approach,RENAULT,CLIO AUTHENTIQUE,Petrol,Male,None,No tow/articulation,Did not leave carriageway,0,Going ahead other,2,Car,No,Front,2010
201001RG40125,A,2,A,2213,Slight,None,02-03-2010,Tuesday,1,Auto traffic signal,T or staggered junction,51.474198,Daylight,540500,176970,0.021649,E01001583,1,2,0,5,Dry,Dual carriageway,None,30,08:30:00,Urban,Fine no high winds,No,21 - 25,8,Urban area,6,499,None,None,Other/Not known (2005-10),Approaching junction or waiting/parked at junction approach,HONDA,CB500-2,Petrol,Male,None,No tow/articulation,Did not leave carriageway,0,Slowing or stopping,1,Motorcycle over 500cc,No,Back,2010
201001RG40353,A,2,NA,0,Slight,None,16-06-2010,Wednesday,1,Data missing or out of range,Not at junction or within 20 metres,51.456645,Daylight,544900,175140,0.084211,E01001614,2,4,0,0,Dry,Dual carriageway,None,50,07:30:00,Urban,Fine no high winds,No,21 - 25,8,Data missing or out of range,NA,1753,None,None,Other/Not known (2005-10),Not at or within 20 metres of junction,FORD,ESCORT 75 D,Heavy oil,Male,None,No tow/articulation,Did not leave carriageway,0,Slowing or stopping,4,Van / Goods 3.5 tonnes mgw or under,No,Front,2010
201001RG40480,Unclassified,0,Unclassified,0,Slight,None,13-08-2010,Friday,1,Give way or uncontrolled,Mini-roundabout,51.472022,Daylight,541660,176760,0.038257,E01001645,1,2,0,0,Dry,Roundabout,None,30,16:35:00,Urban,Fine no high winds,No,21 - 25,8,Urban area,2,1798,None,None,Other/Not known (2005-10),Mid Junction - on roundabout or on main road,FORD,MONDEO ZETEC,Petrol,Male,None,No tow/articulation,Did not leave carriageway,0,Going ahead other,2,Car,No,Nearside,2010
201001RG40504,B,210,Unclassified,0,Slight,None,04-09-2010,Saturday,1,Give way or uncontrolled,T or staggered junction,51.48232,Daylight,542160,177920,0.045917,E01001588,4,2,0,0,Dry,Single carriageway,None,30,16:08:00,Urban,Fine no high winds,No,21 - 25,8,Urban area,10,1590,None,None,Other/Not known (2005-10),Approaching junction or waiting/parked at junction approach,HONDA,CIVIC VTEC SE AUTO,Petrol,Male,None,No tow/articulation,Did not leave carriageway,0,Going ahead other,1,Car,No,Offside,2010
201001RY10385,C,0,C,0,Slight,Pedestrian in carriageway - not injured,22-09-2010,Wednesday,1,Auto traffic signal,Crossroads,51.457051,Daylight,549220,175310,0.146416,E01000362,1,1,0,5,Dry,Single carriageway,None,30,17:25:00,Urban,Fine no high winds,No,21 - 25,8,Data missing or out of range,NA,1149,None,None,Other/Not known (2005-10),Mid Junction - on roundabout or on main road,RENAULT,CLIO EXPRESSION+ 16V,Petrol,Male,None,No tow/articulation,Did not leave carriageway,0,Going ahead other,1,Car,No,Offside,2010
201001RY10492,A,220,Unclassified,0,Slight,None,28-11-2010,Sunday,1,Give way or uncontrolled,T or staggered junction,51.449499,Daylight,549920,174490,0.156137,E01000364,3,5,0,0,Dry,Single carriageway,None,30,13:17:00,Rural,Fine no high winds,No,21 - 25,8,Urban area,4,2198,None,None,Other/Not known (2005-10),Cleared junction or waiting/parked at junction exit,VAUXHALL,ASTRA 16V BERTONE AUTO,Petrol,Male,None,No tow/articulation,Did not leave carriageway,0,Waiting to go - held up,2,Car,No,Back,2010
201001SX20175,A,5100,Unclassified,0,Slight,None,17-02-2010,Wednesday,1,Give way or uncontrolled,Roundabout,51.617839,Daylight,519680,192420,-0.272727,E01000192,1,2,0,0,Wet or damp,Single carriageway,None,30,08:20:00,Urban,Fine no high winds,No,21 - 25,8,Urban area,8,1390,None,None,Other/Not known (2005-10),Mid Junction - on roundabout or on main road,AUDI,A2 SE,Petrol,Male,None,No tow/articulation,Did not leave carriageway,0,Going ahead other,1,Car,No,Offside,2010
201001SX20221,A,504,Unclassified,0,Slight,None,01-03-2010,Monday,1,Give way or uncontrolled,T or staggered junction,51.593928,Daylight,525890,189910,-0.183976,E01000210,1,2,0,0,Dry,Single carriageway,None,30,07:30:00,Urban,Fine no high winds,No,21 - 25,8,Urban area,3,1870,None,None,Other/Not known (2005-10),Mid Junction - on roundabout or on main road,RENAULT,LAGUNA PRIVILEGE DCI,Heavy oil,Male,None,No tow/articulation,Did not leave carriageway,0,Turning right,2,Car,No,Offside,2010
201001SX20414,Unclassified,0,Unclassified,0,Slight,None,18-04-2010,Sunday,1,Give way or uncontrolled,T or staggered junction,51.605271,Daylight,521710,191070,-0.243888,E01000152,1,1,0,0,Dry,Single carriageway,None,30,20:03:00,Urban,Fine no high winds,No,21 - 25,8,Urban area,6,1596,None,None,Other/Not known (2005-10),Mid Junction - on roundabout or on main road,FORD,FOCUS ZETEC AUTO,Petrol,Male,None,No tow/articulation,Did not leave carriageway,0,Slowing or stopping,1,Car,No,Front,2010
201001SX21054,A,41,Motorway,1,Slight,None,17-10-2010,Sunday,1,Give way or uncontrolled,Slip road,51.632985,Daylight,517750,194060,-0.30004,E01000188,1,2,0,0,Dry,Dual carriageway,None,50,14:00:00,Rural,Fine no high winds,No,21 - 25,8,Urban area,4,1598,None,None,Other/Not known (2005-10),Mid Junction - on roundabout or on main road,DAEWOO,LANOS SX,Petrol,Male,None,No tow/articulation,Did not leave carriageway,0,Slowing or stopping,2,Car,No,Back,2010
201001TB00213,A,5,C,0,Slight,None,16-05-2010,Sunday,1,Auto traffic signal,T or staggered junction,51.591896,Daylight,520800,189560,-0.257542,E01000516,2,2,0,5,Wet or damp,Single carriageway,None,30,16:15:00,Urban,Fine no high winds,No,21 - 25,8,Urban area,4,1199,None,None,Other/Not known (2005-10),Approaching junction or waiting/parked at junction approach,VAUXHALL,CORSA CLUB 16V,Petrol,Male,None,No tow/articulation,Did not leave carriageway,0,Slowing or stopping,1,Car,No,Back,2010
201001TX20143,A,4,B,454,Slight,None,11-03-2010,Thursday,1,Auto traffic signal,Crossroads,51.4832,Daylight,516260,177360,-0.327076,E01002678,2,2,0,5,Dry,Dual carriageway,None,30,12:50:00,Urban,Fine no high winds,No,21 - 25,8,Urban area,5,1242,None,None,Other/Not known (2005-10),Approaching junction or waiting/parked at junction approach,FIAT,PUNTO MIA,Petrol,Male,None,No tow/articulation,Did not leave carriageway,0,Going ahead other,1,Car,No,Front,2010
201001TX20494,A,315,A,30,Slight,None,04-08-2010,Wednesday,1,Give way or uncontrolled,Roundabout,51.449141,Daylight,508060,173390,-0.446334,E01002559,2,2,0,0,Dry,Single carriageway,None,40,11:35:00,Urban,Fine no high winds,No,21 - 25,8,Data missing or out of range,NA,1391,None,None,Journey as part of work,Approaching junction or waiting/parked at junction approach,SEAT,IBIZA CHILL,Petrol,Male,None,No tow/articulation,Did not leave carriageway,0,Waiting to go - held up,1,Car,No,Front,2010
201001VK30251,A,243,Unclassified,0,Slight,None,04-08-2010,Wednesday,1,Give way or uncontrolled,Private drive or entrance,51.338225,Daylight,517130,161250,-0.319869,E01002948,1,2,0,0,Dry,Single carriageway,None,30,08:30:00,Rural,Fine no high winds,No,21 - 25,8,Urban area,9,993,None,None,Other/Not known (2005-10),Mid Junction - on roundabout or on main road,SUZUKI,SWIFT GLS,Petrol,Male,None,No tow/articulation,Did not leave carriageway,0,Turning right,1,Car,No,Offside,2010
201001VW40263,A,216,NA,0,Slight,None,24-07-2010,Saturday,1,Data missing or out of range,Not at junction or within 20 metres,51.413452,Daylight,528360,169890,-0.155617,E01003395,1,4,0,0,Dry,Dual carriageway,None,30,10:30:00,Urban,Fine no high winds,No,21 - 25,8,Urban area,6,1998,None,None,Other/Not known (2005-10),Not at or within 20 metres of junction,MERCEDES,C200 KOMPRESSOR,Petrol,Male,None,No tow/articulation,Did not leave carriageway,0,Going ahead other,2,Car,No,Offside,2010
201001WW50257,Unclassified,0,Unclassified,0,Slight,None,17-04-2010,Saturday,1,Give way or uncontrolled,T or staggered junction,51.476754,Daylight,528610,176940,-0.149464,E01004566,1,2,0,0,Dry,Single carriageway,None,30,13:12:00,Urban,Fine no high winds,No,21 - 25,8,Urban area,2,1398,None,None,Other/Not known (2005-10),Mid Junction - on roundabout or on main road,TOYOTA,COROLLA T2 VVTI,Petrol,Male,None,No tow/articulation,Did not leave carriageway,0,Turning left,1,Car,No,Front,2010
201001WW50760,A,3036,Unclassified,0,Slight,None,26-09-2010,Sunday,1,Give way or uncontrolled,T or staggered junction,51.463891,Daylight,527470,175480,-0.166397,E01004588,1,1,0,0,Dry,Single carriageway,None,30,10:46:00,Urban,Fine no high winds,No,21 - 25,8,Urban area,6,5883,None,None,Journey as part of work,Approaching junction or waiting/parked at junction approach,DENNIS,,Heavy oil,Male,None,No tow/articulation,Did not leave carriageway,0,Slowing or stopping,1,Bus or coach (17 or more pass seats),No,Did not impact,2010
201001XD80097,A,40,Unclassified,0,Slight,None,09-02-2010,Tuesday,1,Auto traffic signal,T or staggered junction,51.526052,Daylight,519800,182210,-0.274473,E01001247,1,2,0,5,Dry,Dual carriageway,None,40,14:50:00,Urban,Fine no high winds,No,21 - 25,8,Urban area,3,1781,None,None,Other/Not known (2005-10),Approaching junction or waiting/parked at junction approach,AUDI,A4 T AUTO,Petrol,Male,None,No tow/articulation,Did not leave carriageway,0,Going ahead other,2,Car,No,Front,2010
201001XD80156,Unclassified,0,NA,0,Slight,None,28-02-2010,Sunday,1,Data missing or out of range,Not at junction or within 20 metres,51.506961,Daylight,521240,180120,-0.254444,E01001244,1,1,0,0,Wet or damp,Single carriageway,None,30,15:15:00,Urban,Fine no high winds,No,21 - 25,8,Urban area,6,1242,None,None,Other/Not known (2005-10),Not at or within 20 metres of junction,FORD,FIESTA FREESTYLE,Petrol,Male,None,No tow/articulation,Did not leave carriageway,0,Going ahead other,1,Car,No,Front,2010
201001XD80219,Unclassified,0,B,452,Slight,None,01-04-2010,Thursday,1,Give way or uncontrolled,Roundabout,51.521183,Daylight,516430,181590,-0.323234,E01001204,1,2,0,0,Dry,Roundabout,None,30,07:50:00,Urban,Fine no high winds,No,21 - 25,8,Urban area,3,998,None,None,Other/Not known (2005-10),Mid Junction - on roundabout or on main road,TOYOTA,YARIS GS,Petrol,Male,None,No tow/articulation,Did not leave carriageway,0,Going ahead other,1,Car,No,Front,2010
201001XD80317,A,40,NA,0,Slight,None,22-04-2010,Thursday,1,Data missing or out of range,Not at junction or within 20 metres,51.540656,Daylight,513040,183680,-0.371404,E01001263,1,3,0,0,Dry,Dual carriageway,None,50,19:34:00,Urban,Fine no high winds,No,21 - 25,8,Urban area,2,3246,None,None,Commuting to/from work,Not at or within 20 metres of junction,BMW,M3,Petrol,Male,None,No tow/articulation,Did not leave carriageway,0,Changing lane to left,2,Car,No,Nearside,2010
201001XD80776,C,0,C,0,Slight,None,30-09-2010,Thursday,1,Give way or uncontrolled,Crossroads,51.523345,Daylight,512860,181750,-0.374617,E01001294,1,2,0,0,Dry,Single carriageway,None,30,08:40:00,Urban,Fine no high winds,No,21 - 25,8,Urban area,4,1590,None,None,Other/Not known (2005-10),Mid Junction - on roundabout or on main road,HONDA,CIVIC VTEC SE SPORT,Petrol,Male,None,No tow/articulation,Did not leave carriageway,0,Overtaking - nearside,2,Car,No,Front,2010
201001YR90558,B,106,Unclassified,0,Slight,None,24-08-2010,Tuesday,1,Give way or uncontrolled,Private drive or entrance,51.605784,Daylight,529880,191330,-0.125881,E01001970,2,2,0,0,Dry,Single carriageway,None,30,18:48:00,Urban,Fine no high winds,No,21 - 25,8,Urban area,2,600,Kerb,Other permanent object,Other/Not known (2005-10),Mid Junction - on roundabout or on main road,SUZUKI,GSF 600S K2,Petrol,Male,None,No tow/articulation,Offside,0,Turning right,2,Motorcycle over 500cc,No,Back,2010
201001ZD30716,A,23,NA,0,Slight,None,28-08-2010,Saturday,2,Data missing or out of range,Not at junction or within 20 metres,51.380164,Daylight,530880,166250,-0.120742,E01001010,1,2,0,0,Dry,Single carriageway,None,40,19:20:00,Urban,Fine no high winds,No,21 - 25,8,Urban area,3,85,None,None,Other/Not known (2005-10),Not at or within 20 metres of junction,HONDA,C90M,Petrol,Male,Skidded,No tow/articulation,Did not leave carriageway,0,Slowing or stopping,1,Motorcycle 125cc and under,No,Front,2010
201004AL10177,A,583,NA,0,Slight,None,11-10-2010,Monday,1,Data missing or out of range,Not at junction or within 20 metres,53.774704,Daylight,344520,431260,-2.843329,E01025014,3,3,0,0,Dry,Single carriageway,None,50,08:30:00,Rural,Fine no high winds,No,21 - 25,8,Urban area,2,1396,None,None,Commuting to/from work,Not at or within 20 metres of junction,ROVER,25 IMPRESSION S2,Petrol,Male,None,No tow/articulation,Did not leave carriageway,0,Going ahead other,3,Car,No,Back,2010
201004AL10212,Unclassified,0,Unclassified,0,Slight,None,24-11-2010,Wednesday,1,Give way or uncontrolled,T or staggered junction,53.780942,Daylight,342380,431980,-2.875932,E01025011,1,2,0,0,Frost or ice,Single carriageway,None,30,08:40:00,Urban,Fine no high winds,No,21 - 25,8,Urban area,4,1396,None,None,Journey as part of work,Approaching junction or waiting/parked at junction approach,MG,ZR+,Petrol,Male,None,No tow/articulation,Did not leave carriageway,0,Going ahead other,2,Car,No,Front,2010
201004BA10114,A,6,Unclassified,0,Slight,None,21-07-2010,Wednesday,1,Give way or uncontrolled,More than 4 arms (not roundabout),54.047244,Daylight,347610,461550,-2.801643,E01025104,1,2,0,5,Wet or damp,One way street,None,30,08:45:00,Urban,Fine no high winds,No,21 - 25,8,Urban area,9,1149,None,None,Other/Not known (2005-10),Approaching junction or waiting/parked at junction approach,RENAULT,CLIO DYNAMIQUE 16V,Petrol,Male,None,No tow/articulation,Did not leave carriageway,0,Waiting to go - held up,1,Car,No,Nearside,2010
201004BB10012,Unclassified,0,Unclassified,0,Slight,None,07-02-2010,Sunday,1,Give way or uncontrolled,T or staggered junction,54.022325,Daylight,342330,458840,-2.881759,E01025135,4,3,0,0,Dry,Single carriageway,None,30,14:25:00,Urban,Fine no high winds,No,21 - 25,8,Urban area,4,1997,None,None,Other/Not known (2005-10),Approaching junction or waiting/parked at junction approach,CITROEN,C5 HDI LX,Heavy oil,Male,None,No tow/articulation,Nearside,0,Waiting to turn right,2,Car,No,Front,2010
201004BC10194,Unclassified,0,NA,0,Slight,None,19-08-2010,Thursday,1,Data missing or out of range,Not at junction or within 20 metres,53.904898,Daylight,348590,445700,-2.783999,E01025560,1,3,0,0,Dry,Single carriageway,None,30,16:30:00,Rural,Fine no high winds,No,21 - 25,8,Urban area,5,1497,Parked vehicle,None,Other/Not known (2005-10),Not at or within 20 metres of junction,NISSAN,ALMERA E,Petrol,Male,Skidded and overturned,No tow/articulation,Did not leave carriageway,0,Waiting to go - held up,2,Car,No,Back,2010
201004BC10251,B,5268,NA,0,Slight,None,25-10-2010,Monday,1,Data missing or out of range,Not at junction or within 20 metres,53.861965,Daylight,333070,441120,-3.01919,E01025602,2,2,0,0,Dry,Single carriageway,None,30,16:30:00,Urban,Fine no high winds,No,21 - 25,8,Urban area,3,1988,None,None,Other/Not known (2005-10),Not at or within 20 metres of junction,FORD,FOCUS ST170,Petrol,Male,None,No tow/articulation,Did not leave carriageway,0,Slowing or stopping,1,Car,No,Offside,2010
201004CC10056,Unclassified,0,NA,0,Slight,None,26-06-2010,Saturday,1,Data missing or out of range,Not at junction or within 20 metres,53.6299,Daylight,349660,415090,-2.762711,E01024965,2,2,0,0,Dry,Single carriageway,None,30,13:00:00,Rural,Fine no high winds,No,21 - 25,8,Rural,9,1896,None,None,Other/Not known (2005-10),Not at or within 20 metres of junction,VOLKSWAGEN,GOLF GT TDI,Heavy oil,Male,None,No tow/articulation,Nearside,0,Going ahead right-hand bend,1,Car,No,Front,2010
201004CJ10008,Unclassified,0,NA,0,Slight,None,01-02-2010,Monday,1,Data missing or out of range,Not at junction or within 20 metres,53.543414,Daylight,349410,405470,-2.764928,E01025493,2,2,0,0,Wet or damp,Single carriageway,None,30,08:40:00,Urban,Fine no high winds,No,21 - 25,8,Urban area,10,2800,None,None,Journey as part of work,Not at or within 20 metres of junction,IVECO,,Heavy oil,Male,None,No tow/articulation,Did not leave carriageway,0,Going ahead other,1,Van / Goods 3.5 tonnes mgw or under,No,Front,2010
201004CJ10014,Unclassified,0,Unclassified,0,Slight,None,08-03-2010,Monday,1,Give way or uncontrolled,T or staggered junction,53.55087,Daylight,346650,406330,-2.806722,E01025526,1,2,0,0,Dry,Single carriageway,None,30,07:42:00,Urban,Fine no high winds,No,21 - 25,8,Urban area,3,1299,None,None,Journey as part of work,Cleared junction or waiting/parked at junction exit,FORD,KA STYLE,Petrol,Male,None,No tow/articulation,Did not leave carriageway,0,Turning right,1,Car,No,Offside,2010
201004CK10102,Unclassified,0,Unclassified,0,Slight,None,15-06-2010,Tuesday,1,Give way or uncontrolled,T or staggered junction,53.544078,Daylight,340340,405650,-2.901821,E01025473,1,2,0,0,Dry,Single carriageway,None,30,20:00:00,Urban,Fine no high winds,No,21 - 25,8,Data missing or out of range,NA,3246,None,None,Other/Not known (2005-10),Entering main road,BMW,M3,Petrol,Male,None,No tow/articulation,Did not leave carriageway,0,Turning left,1,Car,No,Front,2010
201004CK10120,Unclassified,0,Unclassified,0,Slight,None,05-07-2010,Monday,1,Auto traffic signal,Crossroads,53.574576,Daylight,341410,409030,-2.88631,E01025518,4,2,0,5,Dry,Single carriageway,None,40,16:55:00,Urban,Fine no high winds,No,21 - 25,8,Urban area,7,1587,None,None,Other/Not known (2005-10),Mid Junction - on roundabout or on main road,PEUGEOT,307 RAPIER 16V,Petrol,Male,None,No tow/articulation,Did not leave carriageway,0,Going ahead other,1,Car,No,Front,2010
201004CK10124,A,565,NA,0,Slight,None,10-07-2010,Saturday,1,Data missing or out of range,Not at junction or within 20 metres,53.675847,Daylight,338150,420340,-2.937787,E01025509,1,1,0,0,Dry,Single carriageway,None,40,06:00:00,Rural,Fine no high winds,No,21 - 25,8,Small town,7,1396,None,Road sign or traffic signal,Other/Not known (2005-10),Not at or within 20 metres of junction,ROVER,25 IL 16V,Petrol,Male,None,No tow/articulation,Nearside,0,Going ahead right-hand bend,1,Car,No,Offside,2010
201004EA10097,Unclassified,0,Unclassified,0,Slight,None,29-04-2010,Thursday,1,Stop sign,T or staggered junction,53.747891,Daylight,369020,428050,-2.471266,E01012575,1,2,0,0,Wet or damp,Single carriageway,None,30,15:14:00,Urban,Fine no high winds,No,21 - 25,8,Urban area,1,2099,None,None,Commuting to/from work,Approaching junction or waiting/parked at junction approach,JAGUAR,X-TYPE V6 SPORT,Petrol,Male,None,No tow/articulation,Did not leave carriageway,0,Going ahead other,1,Car,No,Front,2010
201004EA10131,Unclassified,0,Unclassified,0,Slight,None,28-05-2010,Friday,1,Give way or uncontrolled,Crossroads,53.743531,Daylight,369760,427560,-2.459997,E01012632,3,3,0,0,Dry,Single carriageway,Road sign or marking defective or obscured,30,09:20:00,Urban,Fine no high winds,No,21 - 25,8,Urban area,3,1149,None,None,Other/Not known (2005-10),Mid Junction - on roundabout or on main road,RENAULT,CLIO DYNAMIQUE 16V,Petrol,Male,None,No tow/articulation,Did not leave carriageway,0,Going ahead other,2,Car,No,Front,2010