Accident_Index,1st_Road_Class,1st_Road_Number,2nd_Road_Class,2nd_Road_Number,Accident_Severity,Carriageway_Hazards,Date,Day_of_Week,Did_Police_Officer_Attend_Scene_of_Accident,Junction_Control,Junction_Detail,Latitude,Light_Conditions,Location_Easting_OSGR,Location_Northing_OSGR,Longitude,LSOA_of_Accident_Location,Number_of_Casualties,Number_of_Vehicles,Pedestrian_Crossing-Human_Control,Pedestrian_Crossing-Physical_Facilities,Road_Surface_Conditions,Road_Type,Special_Conditions_at_Site,Speed_limit,Time,Urban_or_Rural_Area,Weather_Conditions,InScotland,Age_Band_of_Driver,Age_of_Vehicle,Driver_Home_Area_Type,Driver_IMD_Decile,Engine_Capacity_.CC.,Hit_Object_in_Carriageway,Hit_Object_off_Carriageway,Journey_Purpose_of_Driver,Junction_Location,make,model,Propulsion_Code,Sex_of_Driver,Skidding_and_Overturning,Towing_and_Articulation,Vehicle_Leaving_Carriageway,Vehicle_Location.Restricted_Lane,Vehicle_Manoeuvre,Vehicle_Reference,Vehicle_Type,Was_Vehicle_Left_Hand_Drive,X1st_Point_of_Impact,Year
201004EA10155,Unclassified,0,Unclassified,0,Slight,None,20-06-2010,Sunday,1,Give way or uncontrolled,Crossroads,53.746686,Daylight,366960,427930,-2.50249,E01012658,1,2,0,0,Dry,Single carriageway,None,30,16:20:00,Urban,Fine no high winds,No,21 - 25,8,Urban area,1,2496,None,None,Other/Not known (2005-10),Mid Junction - on roundabout or on main road,VOLKSWAGEN,PASSAT V6 TDI TIPTRONIC,Heavy oil,Male,None,No tow/articulation,Did not leave carriageway,0,Going ahead other,2,Car,No,Front,2010
201004EA10176,Unclassified,0,NA,0,Slight,None,06-07-2010,Tuesday,1,Data missing or out of range,Not at junction or within 20 metres,53.752975,Daylight,368370,428620,-2.481181,E01012643,2,2,0,0,Dry,One way street,None,30,17:00:00,Urban,Fine no high winds,No,21 - 25,8,Urban area,2,1896,None,None,Other/Not known (2005-10),Not at or within 20 metres of junction,VOLKSWAGEN,GOLF GT TDI,Heavy oil,Male,None,No tow/articulation,Did not leave carriageway,0,Moving off,1,Car,No,Front,2010
201004EA10201,Unclassified,0,Unclassified,0,Slight,None,04-08-2010,Wednesday,1,Give way or uncontrolled,Crossroads,53.74352,Daylight,368070,427570,-2.485621,E01012655,1,2,0,0,Dry,Single carriageway,None,30,18:55:00,Urban,Fine no high winds,No,21 - 25,8,Urban area,3,1242,None,None,Other/Not known (2005-10),Mid Junction - on roundabout or on main road,FIAT,PUNTO ELX 8V,Petrol,Male,None,No tow/articulation,Did not leave carriageway,0,Moving off,2,Car,No,Offside,2010
201004EN10082,Unclassified,0,Unclassified,0,Slight,None,09-08-2010,Monday,1,Give way or uncontrolled,T or staggered junction,53.793021,Daylight,370740,433060,-2.445661,E01025332,2,2,0,0,Dry,Single carriageway,None,40,16:55:00,Rural,Fine no high winds,No,21 - 25,8,Data missing or out of range,NA,1896,None,None,Journey as part of work,Cleared junction or waiting/parked at junction exit,VOLKSWAGEN,GOLF TDI S,Heavy oil,Male,None,No tow/articulation,Did not leave carriageway,0,Going ahead other,2,Car,No,Offside,2010
201004FJ10044,Unclassified,0,NA,0,Slight,None,06-11-2010,Saturday,1,Data missing or out of range,Not at junction or within 20 metres,53.704437,Daylight,383990,423140,-2.244007,E01025393,2,2,0,0,Wet or damp,Single carriageway,None,30,08:45:00,Rural,Fine no high winds,No,21 - 25,8,Urban area,4,1868,Kerb,None,Other/Not known (2005-10),Not at or within 20 metres of junction,CITROEN,BERLINGO 1.9D 800,Heavy oil,Male,Skidded,No tow/articulation,Nearside,0,Going ahead right-hand bend,2,Van / Goods 3.5 tonnes mgw or under,No,Offside,2010
201004FL10013,A,56,NA,0,Slight,None,31-01-2010,Sunday,1,Data missing or out of range,Not at junction or within 20 metres,53.720503,Daylight,378390,424950,-2.328964,E01025395,1,1,0,0,Wet or damp,Dual carriageway,None,70,08:55:00,Rural,Fine no high winds,No,21 - 25,8,Urban area,1,1796,Kerb,Other permanent object,Other/Not known (2005-10),Not at or within 20 metres of junction,MG,TF 160,Petrol,Male,Skidded and overturned,No tow/articulation,Nearside,0,Going ahead other,1,Car,No,Front,2010
201004TA10041,Motorway,6,NA,0,Slight,None,11-03-2010,Thursday,1,Data missing or out of range,Not at junction or within 20 metres,53.678463,Daylight,354910,420440,-2.684106,E01024967,1,2,0,0,Dry,Dual carriageway,None,70,17:15:00,Rural,Fine no high winds,No,21 - 25,8,Urban area,10,1975,None,None,Other/Not known (2005-10),Not at or within 20 metres of junction,HYUNDAI,COUPE SE,Petrol,Male,None,No tow/articulation,Did not leave carriageway,0,Changing lane to left,1,Car,No,Did not impact,2010
201004TA10109,Motorway,61,NA,0,Slight,None,18-06-2010,Friday,1,Data missing or out of range,Not at junction or within 20 metres,53.713812,Daylight,358480,424340,-2.630587,E01024953,2,2,0,0,Dry,Dual carriageway,None,70,17:41:00,Rural,Fine no high winds,No,21 - 25,8,Urban area,5,1997,None,None,Journey as part of work,Not at or within 20 metres of junction,PEUGEOT,206 GLX HDI,Heavy oil,Male,Skidded,No tow/articulation,Did not leave carriageway,0,Going ahead other,1,Car,No,Front,2010
201004TA10197,Motorway,61,NA,0,Slight,None,15-11-2010,Monday,1,Data missing or out of range,Not at junction or within 20 metres,53.713812,Daylight,358480,424340,-2.630587,E01024953,3,4,0,0,Wet or damp,Dual carriageway,None,70,08:13:00,Rural,Fine no high winds,No,21 - 25,8,Urban area,6,1896,None,None,Journey as part of work,Not at or within 20 metres of junction,VOLKSWAGEN,GOLF GT TDI,Heavy oil,Male,None,No tow/articulation,Did not leave carriageway,0,Waiting to go - held up,3,Car,No,Back,2010
201005AA03068,B,5136,Unclassified,0,Slight,None,29-04-2010,Thursday,2,Give way or uncontrolled,T or staggered junction,53.357203,Daylight,333380,384950,-3.002449,E01007141,1,2,0,0,Dry,Single carriageway,None,30,10:15:00,Urban,Fine no high winds,No,21 - 25,8,Data missing or out of range,NA,1596,None,None,Other/Not known (2005-10),Approaching junction or waiting/parked at junction approach,FORD,FOCUS SILVER,Petrol,Male,None,No tow/articulation,Did not leave carriageway,0,Going ahead other,2,Car,No,Front,2010
201060L223001,A,547,Unclassified,0,Slight,None,03-12-2010,Friday,1,Give way or uncontrolled,Crossroads,53.293225,Darkness - lights lit,285200,378750,-3.723832,W01000143,3,2,0,4,Wet or damp,Single carriageway,None,30,17:13:00,Urban,Fine + high winds,No,16 - 20,7,Urban area,NA,1396,None,None,Other/Not known (2005-10),Cleared junction or waiting/parked at junction exit,ROVER,25 IMPRESSION 3,Petrol,Male,None,No tow/articulation,Did not leave carriageway,0,Going ahead other,1,Car,No,Front,2010
201001WW50064,A,3220,Unclassified,0,Slight,None,16-01-2010,Saturday,1,Give way or uncontrolled,T or staggered junction,51.478612,Darkness - lights lit,527150,177110,-0.170415,E01004583,1,2,0,1,Wet or damp,Single carriageway,None,30,19:47:00,Urban,Fine + high winds,No,16 - 20,7,Data missing or out of range,NA,85,None,None,Other/Not known (2005-10),Mid Junction - on roundabout or on main road,HONDA,C90,Petrol,Male,None,No tow/articulation,Did not leave carriageway,0,Going ahead other,2,Motorcycle 125cc and under,No,Front,2010
201001YE80123,Motorway,25,NA,0,Slight,None,22-01-2010,Friday,2,Data missing or out of range,Not at junction or within 20 metres,51.688341,Darkness - lights lit,530010,200520,-0.120592,E01001412,1,2,0,0,Wet or damp,Dual carriageway,None,70,17:55:00,Rural,Fine + high winds,No,16 - 20,7,Urban area,10,1149,None,None,Commuting to/from work,Not at or within 20 metres of junction,RENAULT,CLIO EXPRESSION 16V,Petrol,Female,None,No tow/articulation,Did not leave carriageway,0,Slowing or stopping,1,Car,No,Back,2010
201050BU2L012,A,39,A,3072,Slight,None,24-07-2020,Wednesday,1,Give way or uncontrolled,T or staggered junction,27.09366476,Darkness - lights lit,222490,106100,93.61320552,E01018960,1,2,0,0,Dry,Single carriageway,None,30,17:25:00,Rural,Fine no high winds,No,16 - 20,7,Rural,4,49,None,None,Other/Not known (2005-10),Mid Junction - on roundabout or on main road,PEUGEOT,VIVACITY 50,Petrol,Male,None,No tow/articulation,Did not leave carriageway,0,Waiting to turn right,2,Motorcycle 50cc and under,No,Front,2019
20104100T3036,Motorway,25,A,1081,Slight,None,07-01-2021,Wednesday,2,Give way or uncontrolled,Roundabout,27.08965088,Darkness - lights lit,518960,203420,93.618758,E01023583,1,2,0,0,Dry,Slip road,None,70,18:15:00,Rural,Fine no high winds,No,16 - 20,7,Urban area,5,1149,None,None,Other/Not known (2005-10),Approaching junction or waiting/parked at junction approach,RENAULT,CLIO DYNAMIQUE 16V,Petrol,Male,None,No tow/articulation,Did not leave carriageway,0,Waiting to go - held up,2,Car,No,Back,2019
201045WO48884,A,247,NA,0,Slight,None,17-01-2019,Saturday,1,Data missing or out of range,Not at junction or within 20 metres,26.75205505,Darkness - lights lit,501070,157010,94.20065058,E01030972,1,2,0,0,Dry,One way street,None,30,19:55:00,Urban,Fine no high winds,No,16 - 20,7,Urban area,10,1587,None,None,Other/Not known (2005-10),Not at or within 20 metres of junction,CITROEN,SAXO VTS,Petrol,Male,None,No tow/articulation,Did not leave carriageway,0,Parked,2,Car,No,Back,2019
201045GU54279,A,31,NA,0,Slight,None,30-08-2020,Tuesday,1,Data missing or out of range,Not at junction or within 20 metres,23.00802339,Darkness - lights lit,496510,148650,72.5407823,E01030478,1,1,0,0,Dry,Dual carriageway,None,50,00:35:00,Rural,Fine no high winds,No,16 - 20,7,Rural,9,1390,Kerb,Near/Offside crash barrier,Other/Not known (2005-10),Not at or within 20 metres of junction,VOLKSWAGEN,POLO S,Petrol,Male,Skidded,No tow/articulation,Offside on to centrl res + rebounded,0,Going ahead right-hand bend,1,Car,No,Front,2019
2010400B02713,Motorway,1,NA,0,Slight,None,08-06-2020,Sunday,1,Data missing or out of range,Not at junction or within 20 metres,12.9957923,Darkness - lights lit,495430,237560,77.650798,E01017379,3,4,0,0,Dry,Dual carriageway,Roadworks,70,21:17:00,Rural,Fine no high winds,No,16 - 20,7,Urban area,10,1998,None,None,Other/Not known (2005-10),Not at or within 20 metres of junction,FORD,TRANSIT 280 SWB TD,Heavy oil,Male,None,No tow/articulation,Did not leave carriageway,0,Going ahead other,1,Van / Goods 3.5 tonnes mgw or under,No,Front,2020
201043S014080,A,509,C,9010,Slight,None,27-11-2019,Monday,1,Give way or uncontrolled,Roundabout,22.74099669,Darkness - lights lit,487340,240350,75.83992953,E01016769,1,1,0,0,Dry,Roundabout,None,70,02:44:00,Rural,Fine no high winds,No,16 - 20,7,Urban area,2,1590,None,Tree,Other/Not known (2005-10),Leaving roundabout,HONDA,CIVIC SPORT,Petrol,Male,Skidded,No tow/articulation,Nearside,0,Going ahead other,1,Car,No,Front,2020
201042I247108,Unclassified,0,Unclassified,0,Slight,None,15-07-2019,Wednesday,1,Give way or uncontrolled,Roundabout,22.70313902,Darkness - lights lit,573230,208060,75.88631535,E01021544,1,1,0,0,Dry,Single carriageway,None,40,23:17:00,Urban,Fine no high winds,No,16 - 20,7,Rural,6,599,None,None,Other/Not known (2005-10),Approaching junction or waiting/parked at junction approach,HONDA,CBR 600 RR-3,Petrol,Male,Skidded,No tow/articulation,Did not leave carriageway,0,Slowing or stopping,1,Motorcycle over 500cc,No,Did not impact,2020
201043R232010,B,3018,C,7002,Slight,None,08-03-2021,Sunday,1,Give way or uncontrolled,Crossroads,22.75289638,Darkness - lights lit,486290,169990,75.88032544,E01016239,2,2,0,4,Dry,Single carriageway,Roadworks,30,00:18:00,Urban,Fine no high winds,No,16 - 20,7,Urban area,9,1396,None,None,Other/Not known (2005-10),Mid Junction - on roundabout or on main road,MG,ZR+,Petrol,Male,None,No tow/articulation,Did not leave carriageway,0,Going ahead other,1,Car,No,Front,2020
201037B045838,Unclassified,0,A,134,Slight,None,01-09-2021,Sunday,2,Give way or uncontrolled,Private drive or entrance,22.76993776,Darkness - lights lit,588440,242250,75.87413492,E01029914,1,2,0,0,Dry,Single carriageway,None,30,22:20:00,Urban,Fine no high winds,No,16 - 20,7,Urban area,7,49,None,None,Other/Not known (2005-10),Mid Junction - on roundabout or on main road,PEUGEOT,SPEEDFIGHT,Petrol,Male,None,No tow/articulation,Did not leave carriageway,0,Turning right,2,Motorcycle 50cc and under,No,Back,2020
201045SP57116,A,3044,NA,0,Slight,None,12-12-2020,Sunday,1,Data missing or out of range,Not at junction or within 20 metres,26.46077235,Darkness - lights lit,504730,174130,74.58409375,E01030745,2,1,0,0,Snow,Single carriageway,None,50,00:29:00,Rural,Fine no high winds,No,16 - 20,7,Urban area,5,1598,None,Entered ditch,Other/Not known (2005-10),Not at or within 20 metres of junction,MINI,MINI ONE,Petrol,Male,Skidded and overturned,No tow/articulation,Offside,0,Going ahead other,1,Car,No,Nearside,2020
201054DC39210,A,4259,NA,0,Slight,None,19-08-2020,Saturday,1,Not at junction or within 20 metres,Not at junction or within 20 metres,26.46236283,Darkness - lights lit,415640,185430,74.60645658,E01015480,3,2,0,4,Wet or damp,Single carriageway,None,30,23:45:00,Urban,Fine no high winds,No,16 - 20,7,Urban area,9,973,None,None,Other/Not known (2005-10),Not at or within 20 metres of junction,VAUXHALL,CORSA ACTIVE 12V,Petrol,Male,Skidded,No tow/articulation,Did not leave carriageway,0,Going ahead other,1,Car,No,Offside,2020
201054DN37610,B,4534,Unclassified,0,Slight,None,15-04-2019,Wednesday,1,Auto traffic signal,Crossroads,26.44563914,Darkness - lights lit,415030,189130,80.2845406,E01015472,1,2,0,5,Wet or damp,Dual carriageway,None,40,20:08:00,Rural,Fine no high winds,No,16 - 20,7,Urban area,5,1149,None,None,Other/Not known (2005-10),Mid Junction - on roundabout or on main road,RENAULT,CLIO EXPRESSION 16V,Petrol,Male,None,No tow/articulation,Did not leave carriageway,0,Moving off,2,Car,No,Offside,2020
201042I359411,A,127,NA,0,Slight,None,14-09-2019,Tuesday,2,Not at junction or within 20 metres,Not at junction or within 20 metres,26.44764496,Darkness - lights lit,583040,188700,80.31921043,E01015837,3,4,0,0,Dry,Dual carriageway,Roadworks,40,17:00:00,Urban,Fine no high winds,No,16 - 20,7,Urban area,5,1299,None,None,Other/Not known (2005-10),Not at or within 20 metres of junction,FORD,KA COLLECTION,Petrol,Male,None,No tow/articulation,Did not leave carriageway,0,Going ahead other,4,Car,No,Back,2020
201050FT2E047,Unclassified,0,NA,0,Slight,None,25-05-2021,Thursday,1,Not at junction or within 20 metres,Not at junction or within 20 metres,28.68673602,Darkness - lights lit,291250,63730,77.33778166,E01015256,1,1,0,0,Dry,Single carriageway,None,60,02:30:00,Urban,Fine no high winds,No,16 - 20,7,Urban area,3,1587,None,Road sign or traffic signal,Other/Not known (2005-10),Not at or within 20 metres of junction,PEUGEOT,206 CC,Petrol,Male,Skidded,No tow/articulation,Nearside,0,Going ahead left-hand bend,1,Car,No,Nearside,2020
201037B044440,A,134,Unclassified,0,Slight,None,06-12-2019,Saturday,1,Give way or uncontrolled,Private drive or entrance,28.66960548,Darkness - lights lit,588430,242240,77.19407808,E01029913,1,2,0,0,Dry,Single carriageway,None,40,21:45:00,Urban,Fine no high winds,No,16 - 20,7,Urban area,4,1587,None,None,Other/Not known (2005-10),Approaching junction or waiting/parked at junction approach,CITROEN,SAXO VTR,Petrol,Male,None,No tow/articulation,Did not leave carriageway,0,Going ahead other,2,Car,No,Nearside,2020
20105500D1069,Unclassified,0,Unclassified,0,Slight,None,19-05-2019,Saturday,1,Give way or uncontrolled,T or staggered junction,28.53631647,Darkness - lights lit,366750,76720,77.37084179,E01020587,1,2,0,0,Dry,Single carriageway,None,30,20:30:00,Urban,Fine no high winds,No,16 - 20,7,Urban area,5,49,None,None,Other/Not known (2005-10),Approaching junction or waiting/parked at junction approach,KYMCO,SUPER 9,Petrol,Male,Skidded,No tow/articulation,Did not leave carriageway,0,Going ahead other,2,Motorcycle 125cc and under,No,Nearside,2020
201042I167705,Unclassified,0,NA,0,Slight,None,13-03-2019,Saturday,1,Not at junction or within 20 metres,Not at junction or within 20 metres,18.53747666,Darkness - lights lit,568160,182220,73.92784793,E01015989,1,2,0,0,Dry,Single carriageway,None,30,23:02:00,Urban,Fine no high winds,No,16 - 20,7,Urban area,9,1199,None,None,Other/Not known (2005-10),Not at or within 20 metres of junction,VAUXHALL,CORSA ELEGANCE 16V,Petrol,Male,None,No tow/articulation,Did not leave carriageway,0,Turning right,2,Car,No,Front,2021
201050AC3F031,C,722,NA,0,Slight,None,29-06-2019,Friday,1,Not at junction or within 20 metres,Not at junction or within 20 metres,18.5871605,Darkness - lights lit,170050,41800,73.95271889,E01018913,1,2,0,0,Dry,Single carriageway,None,30,21:00:00,Urban,Fine no high winds,No,16 - 20,7,Urban area,6,1360,None,None,Commuting to/from work,Not at or within 20 metres of junction,PEUGEOT,206 ENTICE,Petrol,Male,None,No tow/articulation,Did not leave carriageway,0,Moving off,1,Car,No,Front,2021
201054DW31510,B,4534,Unclassified,0,Slight,None,05-02-2019,Sunday,1,Give way or uncontrolled,Roundabout,18.50787265,Darkness - lights lit,412120,184860,73.78712586,E01015561,1,2,0,0,Dry,Roundabout,None,40,19:00:00,Urban,Fine no high winds,No,16 - 20,7,Urban area,9,1124,None,None,Other/Not known (2005-10),Mid Junction - on roundabout or on main road,PEUGEOT,206 STYLE,Petrol,Male,None,No tow/articulation,Did not leave carriageway,0,Going ahead other,2,Car,No,Nearside,2021
201037G029973,Unclassified,3630,NA,0,Slight,None,25-04-2019,Sunday,1,Data missing or out of range,Not at junction or within 20 metres,18.64402954,Darkness - lights lit,626930,249390,73.83469727,E01030155,1,2,0,0,Dry,Single carriageway,None,30,20:00:00,Urban,Fine no high winds,No,16 - 20,7,Urban area,6,49,Parked vehicle,None,Other/Not known (2005-10),Not at or within 20 metres of junction,PIAGGIO,NRG,Petrol,Male,Skidded,No tow/articulation,Did not leave carriageway,0,Going ahead other,1,Motorcycle 50cc and under,No,Offside,2021
201043R184040,A,321,A,30,Slight,None,25-09-2020,Monday,2,Auto traffic signal,Roundabout,19.07660045,Darkness - lights lit,485560,160040,72.89895679,E01016196,1,2,0,5,Dry,Roundabout,None,30,20:45:00,Rural,Fine no high winds,No,16 - 20,7,Urban area,4,998,None,None,Other/Not known (2005-10),Mid Junction - on roundabout or on main road,TOYOTA,YARIS GS,Petrol,Male,None,No tow/articulation,Did not leave carriageway,0,Going ahead other,2,Car,No,Offside,2021
2010400D01033,Motorway,1,NA,0,Slight,None,06-07-2021,Wednesday,1,Data missing or out of range,Not at junction or within 20 metres,14.71258996,Darkness - lights lit,504440,224580,78.50581105,E01017620,3,3,0,0,Dry,Dual carriageway,Roadworks,70,23:14:00,Rural,Fine no high winds,No,16 - 20,7,Urban area,3,2496,None,Near/Offside crash barrier,Other/Not known (2005-10),Not at or within 20 metres of junction,VOLKSWAGEN,PASSAT V6 TDI,Heavy oil,Male,Skidded,No tow/articulation,Did not leave carriageway,0,Going ahead other,1,Car,No,Front,2019
201045WO50302,Unclassified,3605,C,12,Slight,None,24-06-2021,Thursday,1,Auto traffic signal,Crossroads,27.08879974,Darkness - lights lit,496580,158680,93.62939004,E01030977,3,2,0,5,Dry,Single carriageway,None,30,20:58:00,Urban,Fine no high winds,No,16 - 20,7,Rural,10,1149,None,None,Other/Not known (2005-10),Mid Junction - on roundabout or on main road,RENAULT,CLIO EXTREME 2 16V,Petrol,Male,None,No tow/articulation,Did not leave carriageway,0,Turning right,2,Car,No,Front,2019
201043P297010,A,420,A,4144,Slight,None,20-07-2020,Sunday,1,Auto traffic signal,Crossroads,26.74878542,Darkness - lights lit,450660,206250,94.22947433,E01028521,1,2,0,5,Dry,Single carriageway,None,20,00:12:00,Urban,Fine no high winds,No,16 - 20,7,Small town,9,1998,None,None,Other/Not known (2005-10),Mid Junction - on roundabout or on main road,VAUXHALL,ASTRA GSI TURBO 16V,Petrol,Male,None,No tow/articulation,Did not leave carriageway,0,Turning right,1,Car,No,Nearside,2019
201042I292609,Unclassified,0,Unclassified,0,Slight,None,01-04-2021,Sunday,1,Give way or uncontrolled,T or staggered junction,26.73697558,Darkness - lights lit,565080,176470,94.20826805,E01016005,1,2,0,0,Dry,Unknown,None,30,19:30:00,Urban,Fine no high winds,No,16 - 20,7,Urban area,6,1149,None,None,Other/Not known (2005-10),Approaching junction or waiting/parked at junction approach,RENAULT,CLIO EXPRESSION 16V,Petrol,Male,None,No tow/articulation,Did not leave carriageway,0,Turning right,1,Car,No,Front,2019
201001BS70114,B,450,C,0,Slight,None,07-03-2010,Sunday,1,Auto traffic signal,Crossroads,51.516807,Darkness - lights lit,524320,181290,-0.209674,E01002831,1,2,0,5,Dry,Single carriageway,None,30,21:59:00,Urban,Fine no high winds,No,16 - 20,7,Urban area,3,125,None,None,Other/Not known (2005-10),Mid Junction - on roundabout or on main road,HONDA,ANF 125-3,Petrol,Male,None,No tow/articulation,Did not leave carriageway,0,Going ahead other,2,Motorcycle 125cc and under,No,Front,2010
201001CW10383,A,501,Unclassified,0,Slight,None,11-02-2010,Thursday,1,Give way or uncontrolled,T or staggered junction,51.524276,Darkness - lights lit,529090,182240,-0.140618,E01000854,1,3,0,0,Dry,Dual carriageway,None,30,19:15:00,Urban,Fine no high winds,No,16 - 20,7,Urban area,5,1339,None,None,Other/Not known (2005-10),Approaching junction or waiting/parked at junction approach,HONDA,JAZZ SE SPORT,Petrol,Male,None,No tow/articulation,Did not leave carriageway,0,Slowing or stopping,3,Car,No,Back,2010
201001HT20159,A,11,Unclassified,0,Slight,None,18-03-2010,Thursday,1,Give way or uncontrolled,Crossroads,51.524203,Darkness - lights lit,536290,182420,-0.036827,E01004270,1,2,0,0,Dry,Single carriageway,None,30,19:50:00,Urban,Fine no high winds,No,16 - 20,7,Urban area,5,1199,None,None,Other/Not known (2005-10),Mid Junction - on roundabout or on main road,VAUXHALL,CORSA DESIGN 16V,Petrol,Male,None,No tow/articulation,Did not leave carriageway,0,Turning left,1,Car,No,Back,2010
201001HT20811,A,107,Unclassified,0,Slight,None,06-11-2010,Saturday,1,Give way or uncontrolled,T or staggered junction,51.52084,Darkness - lights lit,534950,182010,-0.056287,E01004208,1,2,0,0,Dry,Single carriageway,None,30,18:27:00,Urban,Fine no high winds,No,16 - 20,7,Urban area,3,1390,None,None,Other/Not known (2005-10),Mid Junction - on roundabout or on main road,VOLKSWAGEN,GOLF MATCH,Petrol,Male,None,No tow/articulation,Did not leave carriageway,0,Turning right,1,Car,No,Nearside,2010
201001LX50395,A,3203,A,23,Slight,None,15-05-2010,Saturday,1,Auto traffic signal,Crossroads,51.496383,Darkness - lights lit,531190,179190,-0.111499,E01003014,1,2,0,5,Dry,Single carriageway,None,30,23:25:00,Urban,Fine no high winds,No,16 - 20,7,Urban area,2,124,None,None,Other/Not known (2005-10),Mid Junction - on roundabout or on main road,PIAGGIO,TYPHOON 125,Petrol,Male,None,No tow/articulation,Did not leave carriageway,0,Going ahead other,2,Motorcycle 125cc and under,No,Front,2010
201001LX59048,A,23,A,2217,Slight,None,21-12-2010,Tuesday,1,Auto traffic signal,Crossroads,51.461198,Darkness - lights lit,531000,175270,-0.115687,E01003055,2,2,0,5,Dry,Dual carriageway,None,30,21:00:00,Urban,Fine no high winds,No,16 - 20,7,Urban area,7,1390,None,None,Other/Not known (2005-10),Mid Junction - on roundabout or on main road,VOLKSWAGEN,GOLF MATCH,Petrol,Male,None,No tow/articulation,Did not leave carriageway,0,Waiting to turn right,1,Car,No,Back,2010
201001SX20199,A,411,NA,0,Slight,None,28-02-2010,Sunday,1,Data missing or out of range,Not at junction or within 20 metres,51.642099,Darkness - lights lit,520970,195150,-0.253161,E01000290,1,1,0,0,Wet or damp,Single carriageway,None,30,23:03:00,Urban,Fine no high winds,No,16 - 20,7,Urban area,3,124,None,None,Other/Not known (2005-10),Not at or within 20 metres of junction,YAMAHA,TW 125,Petrol,Male,None,No tow/articulation,Did not leave carriageway,0,Going ahead other,1,Motorcycle 125cc and under,No,Did not impact,2010
201037B044440,A,134,Unclassified,0,Slight,None,27-02-2010,Saturday,1,Give way or uncontrolled,Private drive or entrance,52.046472,Darkness - lights lit,588430,242240,0.746421,E01029913,1,2,0,0,Dry,Single carriageway,None,40,21:45:00,Urban,Fine no high winds,No,16 - 20,7,Urban area,4,1587,None,None,Other/Not known (2005-10),Approaching junction or waiting/parked at junction approach,CITROEN,SAXO VTR,Petrol,Male,None,No tow/articulation,Did not leave carriageway,0,Going ahead other,2,Car,No,Nearside,2010
201037B045838,Unclassified,0,A,134,Slight,None,19-09-2010,Sunday,2,Give way or uncontrolled,Private drive or entrance,52.046558,Darkness - lights lit,588440,242250,0.746573,E01029914,1,2,0,0,Dry,Single carriageway,None,30,22:20:00,Urban,Fine no high winds,No,16 - 20,7,Urban area,7,49,None,None,Other/Not known (2005-10),Mid Junction - on roundabout or on main road,PEUGEOT,SPEEDFIGHT,Petrol,Male,None,No tow/articulation,Did not leave carriageway,0,Turning right,2,Motorcycle 50cc and under,No,Back,2010
201037G029973,Unclassified,3630,NA,0,Slight,None,05-09-2010,Sunday,1,Data missing or out of range,Not at junction or within 20 metres,52.096238,Darkness - lights lit,626930,249390,1.311684,E01030155,1,2,0,0,Dry,Single carriageway,None,30,20:00:00,Urban,Fine no high winds,No,16 - 20,7,Urban area,6,49,Parked vehicle,None,Other/Not known (2005-10),Not at or within 20 metres of junction,PIAGGIO,NRG,Petrol,Male,Skidded,No tow/articulation,Did not leave carriageway,0,Going ahead other,1,Motorcycle 50cc and under,No,Offside,2010
2010400B02713,Motorway,1,NA,0,Slight,None,19-09-2010,Sunday,1,Data missing or out of range,Not at junction or within 20 metres,52.028211,Darkness - lights lit,495430,237560,-0.610446,E01017379,3,4,0,0,Dry,Dual carriageway,Roadworks,70,21:17:00,Rural,Fine no high winds,No,16 - 20,7,Urban area,10,1998,None,None,Other/Not known (2005-10),Not at or within 20 metres of junction,FORD,TRANSIT 280 SWB TD,Heavy oil,Male,None,No tow/articulation,Did not leave carriageway,0,Going ahead other,1,Van / Goods 3.5 tonnes mgw or under,No,Front,2010
2010400D01033,Motorway,1,NA,0,Slight,None,07-04-2010,Wednesday,1,Data missing or out of range,Not at junction or within 20 metres,51.909928,Darkness - lights lit,504440,224580,-0.48311,E01017620,3,3,0,0,Dry,Dual carriageway,Roadworks,70,23:14:00,Rural,Fine no high winds,No,16 - 20,7,Urban area,3,2496,None,Near/Offside crash barrier,Other/Not known (2005-10),Not at or within 20 metres of junction,VOLKSWAGEN,PASSAT V6 TDI,Heavy oil,Male,Skidded,No tow/articulation,Did not leave carriageway,0,Going ahead other,1,Car,No,Front,2010
20104100T3036,Motorway,25,A,1081,Slight,None,17-02-2010,Wednesday,2,Give way or uncontrolled,Roundabout,51.716852,Darkness - lights lit,518960,203420,-0.279379,E01023583,1,2,0,0,Dry,Slip road,None,70,18:15:00,Rural,Fine no high winds,No,16 - 20,7,Urban area,5,1149,None,None,Other/Not known (2005-10),Approaching junction or waiting/parked at junction approach,RENAULT,CLIO DYNAMIQUE 16V,Petrol,Male,None,No tow/articulation,Did not leave carriageway,0,Waiting to go - held up,2,Car,No,Back,2010
201042I167705,Unclassified,0,NA,0,Slight,None,22-05-2010,Saturday,1,Not at junction or within 20 metres,Not at junction or within 20 metres,51.513823,Darkness - lights lit,568160,182220,0.422074,E01015989,1,2,0,0,Dry,Single carriageway,None,30,23:02:00,Urban,Fine no high winds,No,16 - 20,7,Urban area,9,1199,None,None,Other/Not known (2005-10),Not at or within 20 metres of junction,VAUXHALL,CORSA ELEGANCE 16V,Petrol,Male,None,No tow/articulation,Did not leave carriageway,0,Turning right,2,Car,No,Front,2010
201042I247108,Unclassified,0,Unclassified,0,Slight,None,04-08-2010,Wednesday,1,Give way or uncontrolled,Roundabout,51.74441,Darkness - lights lit,573230,208060,0.507842,E01021544,1,1,0,0,Dry,Single carriageway,None,40,23:17:00,Urban,Fine no high winds,No,16 - 20,7,Rural,6,599,None,None,Other/Not known (2005-10),Approaching junction or waiting/parked at junction approach,HONDA,CBR 600 RR-3,Petrol,Male,Skidded,No tow/articulation,Did not leave carriageway,0,Slowing or stopping,1,Motorcycle over 500cc,No,Did not impact,2010