Accident_Index,1st_Road_Class,1st_Road_Number,2nd_Road_Class,2nd_Road_Number,Accident_Severity,Carriageway_Hazards,Date,Day_of_Week,Did_Police_Officer_Attend_Scene_of_Accident,Junction_Control,Junction_Detail,Latitude,Light_Conditions,Location_Easting_OSGR,Location_Northing_OSGR,Longitude,LSOA_of_Accident_Location,Number_of_Casualties,Number_of_Vehicles,Pedestrian_Crossing-Human_Control,Pedestrian_Crossing-Physical_Facilities,Road_Surface_Conditions,Road_Type,Special_Conditions_at_Site,Speed_limit,Time,Urban_or_Rural_Area,Weather_Conditions,InScotland,Age_Band_of_Driver,Age_of_Vehicle,Driver_Home_Area_Type,Driver_IMD_Decile,Engine_Capacity_.CC.,Hit_Object_in_Carriageway,Hit_Object_off_Carriageway,Journey_Purpose_of_Driver,Junction_Location,make,model,Propulsion_Code,Sex_of_Driver,Skidding_and_Overturning,Towing_and_Articulation,Vehicle_Leaving_Carriageway,Vehicle_Location.Restricted_Lane,Vehicle_Manoeuvre,Vehicle_Reference,Vehicle_Type,Was_Vehicle_Left_Hand_Drive,X1st_Point_of_Impact,Year
201042I292609,Unclassified,0,Unclassified,0,Slight,None,05-09-2010,Sunday,1,Give way or uncontrolled,T or staggered junction,51.463073,Darkness - lights lit,565080,176470,0.375041,E01016005,1,2,0,0,Dry,Unknown,None,30,19:30:00,Urban,Fine no high winds,No,16 - 20,7,Urban area,6,1149,None,None,Other/Not known (2005-10),Approaching junction or waiting/parked at junction approach,RENAULT,CLIO EXPRESSION 16V,Petrol,Male,None,No tow/articulation,Did not leave carriageway,0,Turning right,1,Car,No,Front,2010
201042I359411,A,127,NA,0,Slight,None,02-11-2010,Tuesday,2,Not at junction or within 20 metres,Not at junction or within 20 metres,51.567406,Darkness - lights lit,583040,188700,0.639654,E01015837,3,4,0,0,Dry,Dual carriageway,Roadworks,40,17:00:00,Urban,Fine no high winds,No,16 - 20,7,Urban area,5,1299,None,None,Other/Not known (2005-10),Not at or within 20 metres of junction,FORD,KA COLLECTION,Petrol,Male,None,No tow/articulation,Did not leave carriageway,0,Going ahead other,4,Car,No,Back,2010
201043P297010,A,420,A,4144,Slight,None,31-01-2010,Sunday,1,Auto traffic signal,Crossroads,51.752613,Darkness - lights lit,450660,206250,-1.267516,E01028521,1,2,0,5,Dry,Single carriageway,None,20,00:12:00,Urban,Fine no high winds,No,16 - 20,7,Small town,9,1998,None,None,Other/Not known (2005-10),Mid Junction - on roundabout or on main road,VAUXHALL,ASTRA GSI TURBO 16V,Petrol,Male,None,No tow/articulation,Did not leave carriageway,0,Turning right,1,Car,No,Nearside,2010
201043R184040,A,321,A,30,Slight,None,26-04-2010,Monday,2,Auto traffic signal,Roundabout,51.332971,Darkness - lights lit,485560,160040,-0.773251,E01016196,1,2,0,5,Dry,Roundabout,None,30,20:45:00,Rural,Fine no high winds,No,16 - 20,7,Urban area,4,998,None,None,Other/Not known (2005-10),Mid Junction - on roundabout or on main road,TOYOTA,YARIS GS,Petrol,Male,None,No tow/articulation,Did not leave carriageway,0,Going ahead other,2,Car,No,Offside,2010
201043R232010,B,3018,C,7002,Slight,None,31-01-2010,Sunday,1,Give way or uncontrolled,Crossroads,51.422309,Darkness - lights lit,486290,169990,-0.760361,E01016239,2,2,0,4,Dry,Single carriageway,Roadworks,30,00:18:00,Urban,Fine no high winds,No,16 - 20,7,Urban area,9,1396,None,None,Other/Not known (2005-10),Mid Junction - on roundabout or on main road,MG,ZR+,Petrol,Male,None,No tow/articulation,Did not leave carriageway,0,Going ahead other,1,Car,No,Front,2010
201043S014080,A,509,C,9010,Slight,None,09-08-2010,Monday,1,Give way or uncontrolled,Roundabout,52.054621,Darkness - lights lit,487340,240350,-0.72762,E01016769,1,1,0,0,Dry,Roundabout,None,70,02:44:00,Rural,Fine no high winds,No,16 - 20,7,Urban area,2,1590,None,Tree,Other/Not known (2005-10),Leaving roundabout,HONDA,CIVIC SPORT,Petrol,Male,Skidded,No tow/articulation,Nearside,0,Going ahead other,1,Car,No,Front,2010
201045GU54279,A,31,NA,0,Slight,None,14-09-2010,Tuesday,1,Data missing or out of range,Not at junction or within 20 metres,51.228831,Darkness - lights lit,496510,148650,-0.619192,E01030478,1,1,0,0,Dry,Dual carriageway,None,50,00:35:00,Rural,Fine no high winds,No,16 - 20,7,Rural,9,1390,Kerb,Near/Offside crash barrier,Other/Not known (2005-10),Not at or within 20 metres of junction,VOLKSWAGEN,POLO S,Petrol,Male,Skidded,No tow/articulation,Offside on to centrl res + rebounded,0,Going ahead right-hand bend,1,Car,No,Front,2010
201045SP57116,A,3044,NA,0,Slight,None,19-12-2010,Sunday,1,Data missing or out of range,Not at junction or within 20 metres,51.456418,Darkness - lights lit,504730,174130,-0.494018,E01030745,2,1,0,0,Snow,Single carriageway,None,50,00:29:00,Rural,Fine no high winds,No,16 - 20,7,Urban area,5,1598,None,Entered ditch,Other/Not known (2005-10),Not at or within 20 metres of junction,MINI,MINI ONE,Petrol,Male,Skidded and overturned,No tow/articulation,Offside,0,Going ahead other,1,Car,No,Nearside,2010
201045WO48884,A,247,NA,0,Slight,None,13-02-2010,Saturday,1,Data missing or out of range,Not at junction or within 20 metres,51.303191,Darkness - lights lit,501070,157010,-0.551545,E01030972,1,2,0,0,Dry,One way street,None,30,19:55:00,Urban,Fine no high winds,No,16 - 20,7,Urban area,10,1587,None,None,Other/Not known (2005-10),Not at or within 20 metres of junction,CITROEN,SAXO VTS,Petrol,Male,None,No tow/articulation,Did not leave carriageway,0,Parked,2,Car,No,Back,2010
201045WO50302,Unclassified,3605,C,12,Slight,None,08-04-2010,Thursday,1,Auto traffic signal,Crossroads,51.318982,Darkness - lights lit,496580,158680,-0.615482,E01030977,3,2,0,5,Dry,Single carriageway,None,30,20:58:00,Urban,Fine no high winds,No,16 - 20,7,Rural,10,1149,None,None,Other/Not known (2005-10),Mid Junction - on roundabout or on main road,RENAULT,CLIO EXTREME 2 16V,Petrol,Male,None,No tow/articulation,Did not leave carriageway,0,Turning right,2,Car,No,Front,2010
201050AC3F031,C,722,NA,0,Slight,None,24-12-2010,Friday,1,Not at junction or within 20 metres,Not at junction or within 20 metres,50.231308,Darkness - lights lit,170050,41800,-5.225733,E01018913,1,2,0,0,Dry,Single carriageway,None,30,21:00:00,Urban,Fine no high winds,No,16 - 20,7,Urban area,6,1360,None,None,Commuting to/from work,Not at or within 20 metres of junction,PEUGEOT,206 ENTICE,Petrol,Male,None,No tow/articulation,Did not leave carriageway,0,Moving off,1,Car,No,Front,2010
201050BU2L012,A,39,A,3072,Slight,None,10-11-2010,Wednesday,1,Give way or uncontrolled,T or staggered junction,50.827094,Darkness - lights lit,222490,106100,-4.521903,E01018960,1,2,0,0,Dry,Single carriageway,None,30,17:25:00,Rural,Fine no high winds,No,16 - 20,7,Rural,4,49,None,None,Other/Not known (2005-10),Mid Junction - on roundabout or on main road,PEUGEOT,VIVACITY 50,Petrol,Male,None,No tow/articulation,Did not leave carriageway,0,Waiting to turn right,2,Motorcycle 50cc and under,No,Front,2010
201050FT2E047,Unclassified,0,NA,0,Slight,None,28-10-2010,Thursday,1,Not at junction or within 20 metres,Not at junction or within 20 metres,50.463216,Darkness - lights lit,291250,63730,-3.533604,E01015256,1,1,0,0,Dry,Single carriageway,None,60,02:30:00,Urban,Fine no high winds,No,16 - 20,7,Urban area,3,1587,None,Road sign or traffic signal,Other/Not known (2005-10),Not at or within 20 metres of junction,PEUGEOT,206 CC,Petrol,Male,Skidded,No tow/articulation,Nearside,0,Going ahead left-hand bend,1,Car,No,Nearside,2010
201054DC39210,A,4259,NA,0,Slight,None,11-12-2010,Saturday,1,Not at junction or within 20 metres,Not at junction or within 20 metres,51.56748,Darkness - lights lit,415640,185430,-1.77576,E01015480,3,2,0,4,Wet or damp,Single carriageway,None,30,23:45:00,Urban,Fine no high winds,No,16 - 20,7,Urban area,9,973,None,None,Other/Not known (2005-10),Not at or within 20 metres of junction,VAUXHALL,CORSA ACTIVE 12V,Petrol,Male,Skidded,No tow/articulation,Did not leave carriageway,0,Going ahead other,1,Car,No,Offside,2010
201054DN37610,B,4534,Unclassified,0,Slight,None,01-12-2010,Wednesday,1,Auto traffic signal,Crossroads,51.600765,Darkness - lights lit,415030,189130,-1.784404,E01015472,1,2,0,5,Wet or damp,Dual carriageway,None,40,20:08:00,Rural,Fine no high winds,No,16 - 20,7,Urban area,5,1149,None,None,Other/Not known (2005-10),Mid Junction - on roundabout or on main road,RENAULT,CLIO EXPRESSION 16V,Petrol,Male,None,No tow/articulation,Did not leave carriageway,0,Moving off,2,Car,No,Offside,2010
201054DW31510,B,4534,Unclassified,0,Slight,None,17-10-2010,Sunday,1,Give way or uncontrolled,Roundabout,51.562441,Darkness - lights lit,412120,184860,-1.826565,E01015561,1,2,0,0,Dry,Roundabout,None,40,19:00:00,Urban,Fine no high winds,No,16 - 20,7,Urban area,9,1124,None,None,Other/Not known (2005-10),Mid Junction - on roundabout or on main road,PEUGEOT,206 STYLE,Petrol,Male,None,No tow/articulation,Did not leave carriageway,0,Going ahead other,2,Car,No,Nearside,2010
20105500D1069,Unclassified,0,Unclassified,0,Slight,None,20-03-2010,Saturday,1,Give way or uncontrolled,T or staggered junction,50.589189,Darkness - lights lit,366750,76720,-2.471094,E01020587,1,2,0,0,Dry,Single carriageway,None,30,20:30:00,Urban,Fine no high winds,No,16 - 20,7,Urban area,5,49,None,None,Other/Not known (2005-10),Approaching junction or waiting/parked at junction approach,KYMCO,SUPER 9,Petrol,Male,Skidded,No tow/articulation,Did not leave carriageway,0,Going ahead other,2,Motorcycle 125cc and under,No,Nearside,2010
201001HT20159,A,11,Unclassified,0,Slight,None,18-03-2010,Thursday,1,Give way or uncontrolled,Crossroads,51.524203,Darkness - lights lit,536290,182420,-0.036827,E01004270,1,2,0,0,Dry,Single carriageway,None,30,19:50:00,Urban,Fine no high winds,No,16 - 20,7,Urban area,5,1199,None,None,Other/Not known (2005-10),Mid Junction - on roundabout or on main road,VAUXHALL,CORSA DESIGN 16V,Petrol,Male,None,No tow/articulation,Did not leave carriageway,0,Turning left,1,Car,No,Back,2010
201001HT20811,A,107,Unclassified,0,Slight,None,06-11-2010,Saturday,1,Give way or uncontrolled,T or staggered junction,51.52084,Darkness - lights lit,534950,182010,-0.056287,E01004208,1,2,0,0,Dry,Single carriageway,None,30,18:27:00,Urban,Fine no high winds,No,16 - 20,7,Urban area,3,1390,None,None,Other/Not known (2005-10),Mid Junction - on roundabout or on main road,VOLKSWAGEN,GOLF MATCH,Petrol,Male,None,No tow/articulation,Did not leave carriageway,0,Turning right,1,Car,No,Nearside,2010
201001LX50395,A,3203,A,23,Slight,None,15-05-2010,Saturday,1,Auto traffic signal,Crossroads,51.496383,Darkness - lights lit,531190,179190,-0.111499,E01003014,1,2,0,5,Dry,Single carriageway,None,30,23:25:00,Urban,Fine no high winds,No,16 - 20,7,Urban area,2,124,None,None,Other/Not known (2005-10),Mid Junction - on roundabout or on main road,PIAGGIO,TYPHOON 125,Petrol,Male,None,No tow/articulation,Did not leave carriageway,0,Going ahead other,2,Motorcycle 125cc and under,No,Front,2010
201001LX59048,A,23,A,2217,Slight,None,21-12-2010,Tuesday,1,Auto traffic signal,Crossroads,51.461198,Darkness - lights lit,531000,175270,-0.115687,E01003055,2,2,0,5,Dry,Dual carriageway,None,30,21:00:00,Urban,Fine no high winds,No,16 - 20,7,Urban area,7,1390,None,None,Other/Not known (2005-10),Mid Junction - on roundabout or on main road,VOLKSWAGEN,GOLF MATCH,Petrol,Male,None,No tow/articulation,Did not leave carriageway,0,Waiting to turn right,1,Car,No,Back,2010
201001SX20199,A,411,NA,0,Slight,None,28-02-2010,Sunday,1,Data missing or out of range,Not at junction or within 20 metres,51.642099,Darkness - lights lit,520970,195150,-0.253161,E01000290,1,1,0,0,Wet or damp,Single carriageway,None,30,23:03:00,Urban,Fine no high winds,No,16 - 20,7,Urban area,3,124,None,None,Other/Not known (2005-10),Not at or within 20 metres of junction,YAMAHA,TW 125,Petrol,Male,None,No tow/articulation,Did not leave carriageway,0,Going ahead other,1,Motorcycle 125cc and under,No,Did not impact,2010
201001TX20493,A,315,Unclassified,0,Slight,None,04-08-2010,Wednesday,1,Give way or uncontrolled,T or staggered junction,51.485072,Darkness - lights lit,518070,177610,-0.300938,E01002685,1,2,0,0,Wet or damp,Single carriageway,None,30,21:06:00,Urban,Fine no high winds,No,16 - 20,7,Urban area,5,125,None,None,Journey as part of work,Mid Junction - on roundabout or on main road,HONDA,ANF 125-3,Petrol,Male,None,No tow/articulation,Did not leave carriageway,0,Going ahead other,1,Motorcycle 125cc and under,No,Nearside,2010
201001VK30389,A,240,NA,0,Slight,None,06-12-2010,Monday,1,Data missing or out of range,Not at junction or within 20 metres,51.395481,Darkness - lights lit,518420,167650,-0.299229,E01002990,1,2,0,5,Wet or damp,Single carriageway,None,30,17:42:00,Urban,Fine no high winds,No,16 - 20,7,Urban area,6,649,None,None,Other/Not known (2005-10),Not at or within 20 metres of junction,YAMAHA,XVS650,Petrol,Male,None,No tow/articulation,Did not leave carriageway,0,Going ahead other,2,Motorcycle over 500cc,No,Front,2010
201001WW50691,A,3036,Unclassified,0,Slight,None,17-09-2010,Friday,1,Give way or uncontrolled,T or staggered junction,51.463132,Darkness - lights lit,527250,175390,-0.169595,E01004551,1,2,0,4,Dry,Single carriageway,None,30,20:15:00,Urban,Fine no high winds,No,16 - 20,7,Urban area,1,49,None,None,Other/Not known (2005-10),Mid Junction - on roundabout or on main road,MBK,MACH G,Petrol,Male,None,No tow/articulation,Did not leave carriageway,0,Going ahead other,2,Motorcycle 50cc and under,No,Front,2010
201001YE80189,A,1003,Unclassified,0,Slight,None,06-03-2010,Saturday,1,Give way or uncontrolled,T or staggered junction,51.618941,Darkness - lights lit,528940,192770,-0.138918,E01001534,1,2,0,0,Dry,Single carriageway,None,30,20:08:00,Urban,Fine no high winds,No,16 - 20,7,Urban area,9,1242,None,None,Other/Not known (2005-10),Cleared junction or waiting/parked at junction exit,FIAT,PUNTO ACTIVE SPORT 16V,Petrol,Male,None,No tow/articulation,Did not leave carriageway,0,U-turn,1,Car,No,Nearside,2010
201001YE80833,Unclassified,0,Unclassified,0,Slight,None,27-11-2010,Saturday,1,Give way or uncontrolled,T or staggered junction,51.61474,Darkness - lights lit,528840,192300,-0.140534,E01001528,1,1,0,0,Frost or ice,Single carriageway,None,30,22:15:00,Urban,Fine no high winds,No,16 - 20,7,Urban area,2,125,None,None,Journey as part of work,Mid Junction - on roundabout or on main road,HONDA,ANF 125-3,Petrol,Male,None,No tow/articulation,Did not leave carriageway,0,Turning left,1,Motorcycle 125cc and under,No,Did not impact,2010
201001YR90532,B,550,C,0,Slight,None,10-08-2010,Tuesday,1,Give way or uncontrolled,T or staggered junction,51.586429,Darkness - lights lit,528460,189140,-0.147176,E01002022,5,1,0,0,Wet or damp,Single carriageway,None,30,05:00:00,Urban,Fine no high winds,No,16 - 20,7,Urban area,4,1149,Bollard or refuge,None,Other/Not known (2005-10),Cleared junction or waiting/parked at junction exit,RENAULT,CLIO AUTHENTIQUE,Petrol,Male,None,No tow/articulation,Offside,0,Going ahead other,1,Car,No,Front,2010
201001YR90855,A,109,Unclassified,0,Slight,None,10-12-2010,Friday,1,Give way or uncontrolled,T or staggered junction,51.601627,Darkness - lights lit,530370,190880,-0.118976,E01001972,1,2,0,0,Dry,Single carriageway,None,30,23:00:00,Urban,Fine no high winds,No,16 - 20,7,Urban area,2,125,None,None,Other/Not known (2005-10),Approaching junction or waiting/parked at junction approach,HONDA,ANF 125-3,Petrol,Male,None,No tow/articulation,Did not leave carriageway,0,Going ahead other,1,Motorcycle 125cc and under,No,Nearside,2010
201004CM10032,A,582,Unclassified,0,Slight,None,03-03-2010,Wednesday,1,Auto traffic signal,More than 4 arms (not roundabout),53.722954,Darkness - lights lit,352900,425410,-2.71529,E01025419,3,2,0,0,Dry,Single carriageway,None,50,18:00:00,Urban,Fine no high winds,No,16 - 20,7,Urban area,7,1686,None,None,Other/Not known (2005-10),Approaching junction or waiting/parked at junction approach,VAUXHALL,CORSA GLS DI,Heavy oil,Male,None,No tow/articulation,Did not leave carriageway,0,Waiting to go - held up,2,Car,No,Back,2010
201005AA01423,B,5136,B,5172,Slight,None,29-01-2010,Friday,1,Auto traffic signal,Crossroads,53.372804,Darkness - lights lit,333080,386690,-3.007324,E01007290,3,2,0,5,Wet or damp,Single carriageway,None,30,17:58:00,Urban,Fine no high winds,No,16 - 20,7,Data missing or out of range,NA,1388,None,None,Other/Not known (2005-10),Mid Junction - on roundabout or on main road,FORD,FUSION 2 16V,Petrol,Male,None,No tow/articulation,Did not leave carriageway,0,Going ahead other,2,Car,No,Front,2010
201005BB01589,Unclassified,0,Unclassified,0,Slight,None,08-02-2010,Monday,1,Give way or uncontrolled,T or staggered junction,53.553009,Darkness - lights lit,329060,406800,-3.072281,E01006992,1,3,0,0,Dry,Single carriageway,None,30,22:45:00,Urban,Fine no high winds,No,16 - 20,7,Urban area,8,1796,None,None,Other/Not known (2005-10),Mid Junction - on roundabout or on main road,VAUXHALL,VECTRA SXI 16V,Petrol,Male,None,No tow/articulation,Did not leave carriageway,0,Turning left,3,Car,No,Front,2010
201005CC05914,A,57,Unclassified,0,Slight,None,14-10-2010,Thursday,1,Give way or uncontrolled,Roundabout,53.426792,Darkness - lights lit,347070,392520,-2.79805,E01006463,2,4,0,0,Dry,Single carriageway,None,30,19:00:00,Urban,Fine no high winds,No,16 - 20,7,Urban area,1,973,None,None,Other/Not known (2005-10),Entering roundabout,VAUXHALL,CORSA ELEGANCE 12V,Petrol,Male,None,No tow/articulation,Did not leave carriageway,0,Going ahead other,2,Car,No,Nearside,2010
201006A027921,Unclassified,0,NA,0,Slight,None,13-02-2010,Saturday,2,Data missing or out of range,Not at junction or within 20 metres,53.480806,Darkness - lights lit,383970,398260,-2.243024,E01005131,1,2,0,0,Wet or damp,One way street,None,30,03:45:00,Urban,Fine no high winds,No,16 - 20,7,Data missing or out of range,NA,1998,None,None,Other/Not known (2005-10),Not at or within 20 metres of junction,FORD,MONDEO GRAPHITE TDCI,Heavy oil,Male,None,No tow/articulation,Did not leave carriageway,0,Reversing,1,Car,No,Back,2010
201006K028003,B,6226,Unclassified,0,Slight,None,07-02-2010,Sunday,1,Give way or uncontrolled,T or staggered junction,53.585198,Darkness - lights lit,370400,409940,-2.448608,E01004869,1,2,0,4,Dry,Single carriageway,None,30,19:00:00,Urban,Fine no high winds,No,16 - 20,7,Urban area,2,49,None,None,Other/Not known (2005-10),Cleared junction or waiting/parked at junction exit,SUZUKI,AY 50 K3,Petrol,Male,None,No tow/articulation,Did not leave carriageway,0,Going ahead other,2,Motorcycle 50cc and under,No,Front,2010
201006M027969,A,560,A,560,Slight,None,17-02-2010,Wednesday,1,Auto traffic signal,T or staggered junction,53.391127,Darkness - lights lit,377380,388310,-2.341606,E01006193,4,2,0,5,Dry,Dual carriageway,None,30,19:45:00,Urban,Fine no high winds,No,16 - 20,7,Urban area,10,1199,None,None,Other/Not known (2005-10),Mid Junction - on roundabout or on main road,VAUXHALL,CORSA GLS 16V,Petrol,Male,Skidded,No tow/articulation,Did not leave carriageway,0,Turning right,1,Car,No,Front,2010
201011NI22890,B,6308,C,100,Slight,None,26-09-2010,Sunday,1,Auto traffic signal,Crossroads,54.852171,Darkness - lights lit,410990,550830,-1.83035,E01020643,1,1,0,4,Dry,Single carriageway,None,30,00:41:00,Urban,Fine no high winds,No,16 - 20,7,Urban area,4,1360,None,None,Other/Not known (2005-10),Approaching junction or waiting/parked at junction approach,PEUGEOT,206 LOOK,Petrol,Male,None,No tow/articulation,Did not leave carriageway,0,Going ahead other,1,Car,No,Front,2010
201014K014310,B,6200,NA,0,Slight,None,14-01-2010,Thursday,1,Not at junction or within 20 metres,Not at junction or within 20 metres,53.381118,Darkness - lights lit,440020,387310,-1.39983,E01007908,1,1,0,4,Wet or damp,Dual carriageway,None,30,17:20:00,Urban,Fine no high winds,No,16 - 20,7,Rural,5,973,None,None,Other/Not known (2005-10),Not at or within 20 metres of junction,VAUXHALL,CORSA ACTIVE 12V,Petrol,Male,None,No tow/articulation,Did not leave carriageway,0,Going ahead other,1,Car,No,Offside,2010
2010160B01651,A,161,Unclassified,0,Slight,None,07-05-2010,Friday,1,Auto traffic signal,Crossroads,53.526053,Darkness - lights lit,478070,403910,-0.82379,E01013241,1,2,0,0,Wet or damp,Single carriageway,None,40,22:00:00,Rural,Fine no high winds,No,16 - 20,7,Small town,9,1596,None,None,Other/Not known (2005-10),Mid Junction - on roundabout or on main road,FORD,FOCUS ELLE,Petrol,Male,Skidded,No tow/articulation,Did not leave carriageway,0,Going ahead other,1,Car,No,Offside,2010
2010160C04261,A,63,NA,0,Slight,None,31-07-2010,Saturday,1,Data missing or out of range,Not at junction or within 20 metres,53.719365,Darkness - lights lit,501060,425860,-0.469988,E01013088,1,1,0,0,Wet or damp,Single carriageway,None,60,00:45:00,Rural,Fine no high winds,No,16 - 20,7,Urban area,4,1199,None,Near/Offside crash barrier,Other/Not known (2005-10),Not at or within 20 metres of junction,VAUXHALL,CORSA DESIGN 16V,Petrol,Male,Skidded and overturned,No tow/articulation,Nearside and rebounded,0,Going ahead right-hand bend,1,Car,No,Nearside,2010
201020G010870,Unclassified,0,Unclassified,0,Slight,None,10-11-2010,Wednesday,1,Give way or uncontrolled,T or staggered junction,52.592478,Darkness - lights lit,391200,299420,-2.13135,E01010528,1,2,0,4,Wet or damp,Single carriageway,None,30,17:55:00,Urban,Fine no high winds,No,16 - 20,7,Urban area,1,49,Open door of vehicle,Other permanent object,Other/Not known (2005-10),Approaching junction or waiting/parked at junction approach,MBK,NITRO (Y050),Petrol,Male,Overturned,No tow/articulation,Offside,0,Overtaking static vehicle - offside,1,Motorcycle 50cc and under,No,Front,2010
201020K002212,A,4100,Unclassified,0,Slight,None,03-01-2010,Sunday,1,Give way or uncontrolled,T or staggered junction,52.477097,Darkness - lights lit,395280,286580,-2.070934,E01010042,1,3,0,0,Frost or ice,Single carriageway,None,30,16:05:00,Urban,Fine no high winds,No,16 - 20,7,Urban area,1,1390,None,None,Other/Not known (2005-10),Entering main road,RENAULT,MEGANE DYNAMIQUE 16V,Petrol,Male,None,No tow/articulation,Did not leave carriageway,0,Turning right,1,Car,No,Front,2010
201020K004540,Unclassified,0,Unclassified,0,Slight,None,01-05-2010,Saturday,1,Give way or uncontrolled,T or staggered junction,52.536087,Darkness - lights lit,397480,293140,-2.038594,E01009977,3,3,0,0,Wet or damp,Single carriageway,None,30,02:18:00,Urban,Fine no high winds,No,16 - 20,7,Urban area,1,1390,None,None,Other/Not known (2005-10),Approaching junction or waiting/parked at junction approach,RENAULT,,Petrol,Male,None,No tow/articulation,Did not leave carriageway,0,Going ahead other,1,Car,No,Front,2010
201020M010440,Unclassified,0,NA,0,Slight,None,20-10-2010,Wednesday,1,Data missing or out of range,Not at junction or within 20 metres,52.37246,Darkness - lights lit,433220,275050,-1.513479,E01009672,1,1,0,0,Frost or ice,Single carriageway,None,30,23:25:00,Urban,Fine no high winds,No,16 - 20,7,Urban area,10,1149,Kerb,None,Commuting to/from work,Not at or within 20 metres of junction,RENAULT,CLIO DYNAMIQUE 16V,Petrol,Male,Skidded and overturned,No tow/articulation,Did not leave carriageway,0,Going ahead other,1,Car,No,Offside,2010
201020N010680,A,47,Unclassified,0,Slight,None,03-05-2010,Monday,1,Give way or uncontrolled,T or staggered junction,52.512645,Darkness - lights lit,413490,290550,-1.802661,E01009101,3,2,0,4,Dry,Dual carriageway,None,40,01:05:00,Urban,Fine no high winds,No,16 - 20,7,Urban area,1,1598,Bollard or refuge,Near/Offside crash barrier,Other/Not known (2005-10),Cleared junction or waiting/parked at junction exit,MINI,MINI COOPER S,Petrol,Male,None,No tow/articulation,Nearside and rebounded,0,Turning left,2,Car,No,Back,2010
201020T039540,Unclassified,0,Unclassified,0,Slight,None,04-10-2010,Monday,1,Give way or uncontrolled,T or staggered junction,52.477905,Darkness - lights lit,414960,286690,-1.781173,E01009512,1,2,0,4,Wet or damp,Single carriageway,None,30,22:12:00,Urban,Fine no high winds,No,16 - 20,7,Urban area,2,1124,Kerb,Bus stop or bus shelter,Other/Not known (2005-10),Mid Junction - on roundabout or on main road,PEUGEOT,206 ENTICE,Petrol,Male,None,No tow/articulation,Offside,0,Going ahead other,2,Car,No,Front,2010
201020T052980,Unclassified,0,Unclassified,0,Slight,None,28-08-2010,Saturday,1,Give way or uncontrolled,T or staggered junction,52.43895,Darkness - lights lit,412470,282350,-1.817996,E01009021,1,2,0,0,Dry,Single carriageway,None,30,03:40:00,Urban,Fine no high winds,No,16 - 20,7,Urban area,1,953,Kerb,Other permanent object,Other/Not known (2005-10),Mid Junction - on roundabout or on main road,KAWASAKI,ZR 1000 A1H,Petrol,Male,Skidded,No tow/articulation,Straight ahead at junction,0,Going ahead other,1,Motorcycle over 500cc,No,Front,2010
201020W005780,B,4127,Unclassified,0,Slight,None,24-04-2010,Saturday,1,Give way or uncontrolled,T or staggered junction,52.47259,Darkness - lights lit,406120,286080,-1.911341,E01009146,1,2,0,0,Dry,Single carriageway,None,30,23:39:00,Urban,Fine no high winds,No,16 - 20,7,Urban area,3,3246,None,None,Other/Not known (2005-10),Entering main road,BMW,M3,Petrol,Male,Skidded,No tow/articulation,Did not leave carriageway,0,Turning left,1,Car,No,Front,2010
201022D001079,Unclassified,0,NA,0,Slight,None,26-02-2010,Friday,1,Data missing or out of range,Not at junction or within 20 metres,52.348503,Darkness - lights lit,381230,272310,-2.276992,E01032459,2,1,0,0,Wet or damp,Single carriageway,None,30,20:24:00,Urban,Fine no high winds,No,16 - 20,7,Urban area,8,1587,None,None,Other/Not known (2005-10),Not at or within 20 metres of junction,PEUGEOT,307 S,Petrol,Male,None,No tow/articulation,Did not leave carriageway,0,Going ahead other,1,Car,No,Nearside,2010
201030D000176,C,292,Unclassified,0,Slight,None,01-03-2010,Monday,1,Give way or uncontrolled,T or staggered junction,52.873794,Darkness - lights lit,438840,330860,-1.424388,E01019835,1,1,0,0,Dry,Single carriageway,None,40,17:42:00,Rural,Fine no high winds,No,16 - 20,7,Urban area,1,49,None,None,Other/Not known (2005-10),Approaching junction or waiting/parked at junction approach,PEUGEOT,SPEEDFIGHT,Petrol,Male,Skidded,No tow/articulation,Did not leave carriageway,0,Turning left,1,Motorcycle 50cc and under,No,Nearside,2010
201030D000652,Unclassified,0,Unclassified,0,Slight,None,14-07-2010,Wednesday,1,Give way or uncontrolled,Roundabout,52.896993,Darkness - lights lit,431870,333390,-1.527694,E01013539,4,2,0,0,Wet or damp,Single carriageway,None,40,02:25:00,Urban,Fine no high winds,No,16 - 20,7,Urban area,1,973,Bollard or refuge,None,Other/Not known (2005-10),Approaching junction or waiting/parked at junction approach,VAUXHALL,CORSA ELEGANCE 12V,Petrol,Male,Skidded,No tow/articulation,Did not leave carriageway,0,Slowing or stopping,1,Car,No,Front,2010
201030D001170,B,5020,NA,0,Slight,None,24-11-2010,Wednesday,1,Data missing or out of range,Not at junction or within 20 metres,52.910014,Darkness - lights lit,432100,334840,-1.524132,E01013544,2,4,0,0,Dry,Single carriageway,None,30,20:29:00,Urban,Fine no high winds,No,16 - 20,7,Urban area,6,1598,None,None,Other/Not known (2005-10),Not at or within 20 metres of junction,RENAULT,MEGANE DYNAMIQUE 16V,Petrol,Male,None,No tow/articulation,Did not leave carriageway,0,Going ahead other,1,Car,No,Front,2010