Accident_Index,1st_Road_Class,1st_Road_Number,2nd_Road_Class,2nd_Road_Number,Accident_Severity,Carriageway_Hazards,Date,Day_of_Week,Did_Police_Officer_Attend_Scene_of_Accident,Junction_Control,Junction_Detail,Latitude,Light_Conditions,Location_Easting_OSGR,Location_Northing_OSGR,Longitude,LSOA_of_Accident_Location,Number_of_Casualties,Number_of_Vehicles,Pedestrian_Crossing-Human_Control,Pedestrian_Crossing-Physical_Facilities,Road_Surface_Conditions,Road_Type,Special_Conditions_at_Site,Speed_limit,Time,Urban_or_Rural_Area,Weather_Conditions,InScotland,Age_Band_of_Driver,Age_of_Vehicle,Driver_Home_Area_Type,Driver_IMD_Decile,Engine_Capacity_.CC.,Hit_Object_in_Carriageway,Hit_Object_off_Carriageway,Journey_Purpose_of_Driver,Junction_Location,make,model,Propulsion_Code,Sex_of_Driver,Skidding_and_Overturning,Towing_and_Articulation,Vehicle_Leaving_Carriageway,Vehicle_Location.Restricted_Lane,Vehicle_Manoeuvre,Vehicle_Reference,Vehicle_Type,Was_Vehicle_Left_Hand_Drive,X1st_Point_of_Impact,Year
20103102A0594,A,6191,Unclassified,0,Slight,None,25-03-2010,Thursday,1,Give way or uncontrolled,T or staggered junction,53.164772,Darkness - lights lit,451480,363350,-1.231433,E01028266,1,3,0,0,Wet or damp,Dual carriageway,None,40,21:13:00,Urban,Fine no high winds,No,16 - 20,7,Urban area,3,993,None,Telegraph or electricity pole,Other/Not known (2005-10),Approaching junction or waiting/parked at junction approach,SUZUKI,SWIFT GLS,Petrol,Male,None,No tow/articulation,Nearside,0,Going ahead other,1,Car,No,Front,2010
20103102A1038,A,617,NA,0,Slight,None,02-05-2010,Sunday,1,Data missing or out of range,Not at junction or within 20 metres,53.169598,Darkness - lights lit,450840,363880,-1.240922,E01028265,1,1,0,0,Dry,Single carriageway,None,30,00:56:00,Urban,Fine no high winds,No,16 - 20,7,Urban area,2,1199,None,None,Commuting to/from work,Not at or within 20 metres of junction,VAUXHALL,CORSA GLS 16V,Petrol,Male,None,No tow/articulation,Did not leave carriageway,0,Going ahead right-hand bend,1,Car,No,Front,2010
20103102D0137,A,52,Unclassified,0,Slight,None,28-01-2010,Thursday,2,Give way or uncontrolled,Private drive or entrance,52.947437,Darkness - lights lit,471810,339430,-0.932717,E01028357,1,2,0,0,Wet or damp,Single carriageway,None,60,17:30:00,Rural,Fine no high winds,No,16 - 20,7,Rural,9,1364,None,None,Commuting to/from work,Entering main road,VAUXHALL,CORSA SRI 16V TWINPORT,Petrol,Male,None,No tow/articulation,Did not leave carriageway,0,Turning left,2,Car,No,Nearside,2010
20103102D1759,A,610,NA,0,Slight,Any animal in carriageway (except ridden horse),10-08-2010,Tuesday,1,Data missing or out of range,Not at junction or within 20 metres,52.999472,Darkness - lights lit,448620,344930,-1.276989,E01028105,1,1,0,0,Wet or damp,Dual carriageway,None,70,01:57:00,Rural,Fine no high winds,No,16 - 20,7,Urban area,5,1598,None,Road sign or traffic signal,Other/Not known (2005-10),Not at or within 20 metres of junction,RENAULT,MEGANE PRIVILEGE VVT 115,Petrol,Male,Skidded,No tow/articulation,Nearside,0,Going ahead other,1,Car,No,Front,2010
20103102D2103,B,5010,NA,0,Slight,None,29-08-2010,Sunday,1,Data missing or out of range,Not at junction or within 20 metres,52.935323,Darkness - lights lit,450250,337810,-1.253806,E01028090,1,2,0,1,Dry,Single carriageway,None,30,23:05:00,Urban,Fine no high winds,No,16 - 20,7,Urban area,2,1242,Kerb,None,Other/Not known (2005-10),Not at or within 20 metres of junction,FIAT,PUNTO MIA,Petrol,Male,None,No tow/articulation,Did not leave carriageway,0,Overtaking moving vehicle - offside,2,Car,No,Offside,2010
201032D048510,B,1003,B,1378,Slight,None,20-02-2010,Saturday,1,Auto traffic signal,Crossroads,53.21171,Darkness - lights lit,495580,369250,-0.570203,E01026172,1,2,0,5,Dry,Dual carriageway,None,30,20:11:00,Urban,Fine no high winds,No,16 - 20,7,Urban area,7,1497,None,None,Other/Not known (2005-10),Mid Junction - on roundabout or on main road,NISSAN,ALMERA S,Petrol,Male,None,No tow/articulation,Did not leave carriageway,0,Turning right,1,Car,No,Front,2010
201042I208106,A,128,Unclassified,0,Slight,None,29-05-2020,Saturday,1,Give way or uncontrolled,T or staggered junction,14.68824511,Darkness - lights lit,565320,182320,78.52233096,E01015980,1,2,0,0,Dry,Single carriageway,None,50,22:34:00,Rural,Fine no high winds,No,16 - 20,7,Urban area,8,1997,None,None,Other/Not known (2005-10),Entering main road,PEUGEOT,307 S HDI 110,Heavy oil,Female,None,No tow/articulation,Did not leave carriageway,0,Moving off,1,Car,No,Offside,2019
201043S084010,C,9003,Unclassified,1034,Slight,None,25-09-2020,Friday,3,Give way or uncontrolled,T or staggered junction,25.76551884,Darkness - lights lit,481960,236930,87.46353242,E01016779,1,3,0,0,Dry,Single carriageway,None,60,19:21:00,Rural,Fine no high winds,No,16 - 20,7,Urban area,4,1497,None,None,Other/Not known (2005-10),Approaching junction or waiting/parked at junction approach,NISSAN,ALMERA S,Petrol,Female,None,No tow/articulation,Did not leave carriageway,0,Going ahead other,3,Car,No,Front,2019
20104100G0668,Unclassified,555,Unclassified,489,Slight,None,12-11-2020,Friday,1,Give way or uncontrolled,Crossroads,28.43129699,Darkness - lights lit,520520,230190,76.98548992,E01023617,1,2,0,0,Wet or damp,Single carriageway,None,30,16:45:00,Urban,Fine no high winds,No,16 - 20,7,Urban area,4,1240,None,None,Other/Not known (2005-10),Mid Junction - on roundabout or on main road,NISSAN,MICRA S,Petrol,Female,None,No tow/articulation,Did not leave carriageway,0,Going ahead other,2,Car,No,Front,2019
201045SP54296,C,230,C,233,Slight,None,07-02-2021,Wednesday,1,Give way or uncontrolled,T or staggered junction,26.4602564,Darkness - lights lit,509860,171170,74.65256688,E01030748,1,2,0,0,Dry,Single carriageway,None,30,19:40:00,Urban,Fine no high winds,No,16 - 20,7,Urban area,10,1299,None,None,Other/Not known (2005-10),Cleared junction or waiting/parked at junction exit,FORD,KA STYLE,Petrol,Female,None,No tow/articulation,Did not leave carriageway,0,Waiting to turn right,1,Car,No,Front,2020
201043R208110,Motorway,4,NA,0,Slight,None,04-05-2020,Thursday,1,Data missing or out of range,Not at junction or within 20 metres,26.45988361,Darkness - lights lit,502220,178180,74.59537227,E01016481,1,3,0,0,Dry,Dual carriageway,None,70,18:40:00,Rural,Fine no high winds,No,16 - 20,7,Urban area,8,1299,None,None,Other/Not known (2005-10),Not at or within 20 metres of junction,FORD,KA,Petrol,Female,None,No tow/articulation,Did not leave carriageway,0,Going ahead other,1,Car,No,Front,2020
201043S134110,Motorway,1,NA,0,Slight,None,01-07-2021,Friday,1,Data missing or out of range,Not at junction or within 20 metres,26.46003631,Darkness - lights lit,484640,245280,74.6192243,E01016802,1,3,0,0,Dry,Dual carriageway,None,70,18:15:00,Rural,Fine no high winds,No,16 - 20,7,Urban area,10,1598,None,None,Other/Not known (2005-10),Not at or within 20 metres of junction,MINI,MINI ONE,Petrol,Female,None,No tow/articulation,Did not leave carriageway,0,Going ahead other,1,Car,No,Front,2020
201045RU47925,Motorway,25,NA,0,Slight,None,07-11-2020,Thursday,1,Data missing or out of range,Not at junction or within 20 metres,28.64628221,Darkness - lights lit,503430,165800,77.16130533,E01030655,4,3,0,0,Wet or damp,Dual carriageway,None,70,17:05:00,Rural,Fine no high winds,No,16 - 20,7,Urban area,9,1461,None,None,Other/Not known (2005-10),Not at or within 20 metres of junction,NISSAN,MICRA SE DCI 65 PS,Heavy oil,Female,None,No tow/articulation,Did not leave carriageway,0,Going ahead other,1,Car,No,Back,2021
201034TN03880,A,45,A,45,Slight,None,11-05-2019,Saturday,1,Give way or uncontrolled,Slip road,18.53926104,Darkness - lights lit,475690,257400,73.74580205,E01027201,1,2,0,0,Dry,Slip road,None,70,19:02:00,Urban,Fine no high winds,No,16 - 20,7,Urban area,9,1198,None,None,Other/Not known (2005-10),Entering from slip road,VOLKSWAGEN,POLO E,Petrol,Female,None,No tow/articulation,Did not leave carriageway,0,Going ahead other,1,Car,No,Front,2021
201034WN13390,Unclassified,7677,NA,0,Slight,None,28-10-2019,Tuesday,1,Data missing or out of range,Not at junction or within 20 metres,18.55061915,Darkness - lights lit,478320,262290,73.75336815,E01027180,2,1,0,0,Wet or damp,Single carriageway,None,30,04:25:00,Urban,Fine no high winds,No,16 - 20,7,Urban area,5,1598,None,None,Other/Not known (2005-10),Not at or within 20 metres of junction,MINI,MINI COOPER S,Petrol,Female,None,No tow/articulation,Did not leave carriageway,0,Going ahead other,1,Car,No,Front,2021
201045SU51334,A,331,A,331,Slight,None,09-08-2019,Friday,1,Give way or uncontrolled,Slip road,16.64868966,Darkness - lights lit,487560,157270,87.8011503,E01023103,3,2,0,0,Dry,Dual carriageway,None,70,22:42:00,Rural,Fine no high winds,No,16 - 20,7,Urban area,9,1599,None,None,Other/Not known (2005-10),Entering from slip road,FORD,STREETKA LUXURY,Petrol,Female,Skidded,No tow/articulation,Did not leave carriageway,0,Changing lane to right,1,Car,No,Offside,2021
201045WO48269,Unclassified,3662,C,143,Slight,None,15-05-2021,Monday,1,Give way or uncontrolled,T or staggered junction,14.70125652,Darkness - lights lit,500860,158870,78.60124016,E01030954,1,2,0,0,Wet or damp,Single carriageway,None,30,21:12:00,Urban,Fine no high winds,No,16 - 20,7,Urban area,9,1388,None,None,Other/Not known (2005-10),Approaching junction or waiting/parked at junction approach,FORD,FIESTA LX SEMI-AUTO,Petrol,Female,None,No tow/articulation,Did not leave carriageway,0,Turning right,1,Car,No,Front,2019
201001CW12421,A,4,C,0,Slight,None,30-10-2010,Saturday,1,Auto traffic signal,T or staggered junction,51.507037,Darkness - lights lit,529020,180320,-0.142329,E01004761,1,1,0,0,Dry,Single carriageway,None,30,03:52:00,Urban,Fine no high winds,No,16 - 20,7,Urban area,2,1149,None,None,Other/Not known (2005-10),Mid Junction - on roundabout or on main road,RENAULT,CLIO EXPRESSION 16V,Petrol,Female,None,No tow/articulation,Did not leave carriageway,0,Going ahead other,1,Car,No,Nearside,2010
201001EO40657,A,400,A,5200,Slight,None,05-10-2010,Tuesday,1,Auto traffic signal,More than 4 arms (not roundabout),51.556794,Darkness - lights lit,529150,185860,-0.138427,E01000921,1,2,0,5,Dry,Single carriageway,None,30,18:10:00,Urban,Fine no high winds,No,16 - 20,7,Urban area,3,1397,None,None,Other/Not known (2005-10),Mid Junction - on roundabout or on main road,SKODA,FABIA SILVERLINE,Petrol,Female,None,No tow/articulation,Did not leave carriageway,0,Turning right,1,Car,No,Did not impact,2010
201001HT20415,A,107,NA,0,Slight,None,20-06-2010,Sunday,1,Data missing or out of range,Not at junction or within 20 metres,51.526764,Darkness - lights lit,534980,182670,-0.055603,E01004212,1,1,0,0,Dry,Single carriageway,None,30,03:02:00,Urban,Fine no high winds,No,16 - 20,7,Urban area,3,1598,None,None,Other/Not known (2005-10),Not at or within 20 metres of junction,RENAULT,MEGANE EXPRESSION 16V,Petrol,Female,None,No tow/articulation,Did not leave carriageway,0,Going ahead other,1,Car,No,Front,2010
201001JC30076,A,112,Unclassified,0,Slight,None,06-02-2010,Saturday,1,Give way or uncontrolled,T or staggered junction,51.576639,Darkness - lights lit,537580,188290,-0.01595,E01004406,1,2,0,1,Dry,Single carriageway,None,30,20:55:00,Urban,Fine no high winds,No,16 - 20,7,Urban area,1,1596,Parked vehicle,None,Other/Not known (2005-10),Cleared junction or waiting/parked at junction exit,FIAT,STILO 16V ACTIVE SPORT,Petrol,Female,None,No tow/articulation,Did not leave carriageway,0,Going ahead other,1,Car,No,Nearside,2010
201001JC30657,B,160,NA,0,Slight,None,05-12-2010,Sunday,1,Data missing or out of range,Not at junction or within 20 metres,51.58249,Darkness - lights lit,538640,188970,-0.000394,E01004465,1,2,0,0,Wet or damp,Single carriageway,None,30,02:30:00,Urban,Fine no high winds,No,16 - 20,7,Data missing or out of range,NA,1149,Parked vehicle,None,Other/Not known (2005-10),Not at or within 20 metres of junction,RENAULT,CLIO DYNAMIQUE 16V,Petrol,Female,None,No tow/articulation,Did not leave carriageway,0,Going ahead other,1,Car,No,Front,2010
201001KG70457,C,0,Unclassified,0,Slight,None,13-11-2010,Saturday,1,Give way or uncontrolled,Crossroads,51.564466,Darkness - lights lit,547700,187220,0.12954,E01000097,2,2,0,0,Dry,Single carriageway,None,30,20:30:00,Urban,Fine no high winds,No,16 - 20,7,Urban area,3,1242,None,None,Other/Not known (2005-10),Mid Junction - on roundabout or on main road,FIAT,STILO 16V ACTIVE A/C,Petrol,Female,None,No tow/articulation,Did not leave carriageway,0,Slowing or stopping,1,Car,No,Nearside,2010
201001PL60326,A,2211,Unclassified,0,Slight,None,28-05-2010,Friday,1,Give way or uncontrolled,T or staggered junction,51.465856,Darkness - lights lit,538250,175980,-0.011113,E01003296,2,2,0,0,Dry,Single carriageway,None,30,21:25:00,Urban,Fine no high winds,No,16 - 20,7,Urban area,6,1399,None,None,Other/Not known (2005-10),Mid Junction - on roundabout or on main road,FORD,FIESTA ZETEC TDCI,Heavy oil,Female,None,No tow/articulation,Did not leave carriageway,0,Going ahead other,1,Car,No,Front,2010
201001QK50085,A,4006,B,454,Slight,None,17-02-2010,Wednesday,1,Auto traffic signal,Crossroads,51.582789,Darkness - lights lit,520520,188540,-0.261932,E01000518,1,2,0,0,Dry,Single carriageway,None,30,19:37:00,Urban,Fine no high winds,No,16 - 20,7,Data missing or out of range,NA,1240,None,None,Other/Not known (2005-10),Mid Junction - on roundabout or on main road,NISSAN,MICRA SE,Petrol,Female,None,No tow/articulation,Did not leave carriageway,0,Slowing or stopping,1,Car,No,Back,2010
201001QK50282,A,406,A,406,Slight,Other object on road,02-06-2010,Wednesday,1,Give way or uncontrolled,Slip road,51.557667,Darkness - lights lit,521160,185760,-0.253657,E01000627,1,2,0,0,Dry,Dual carriageway,Roadworks,40,23:02:00,Urban,Fine no high winds,No,16 - 20,7,Data missing or out of range,NA,1240,None,None,Other/Not known (2005-10),Entering main road,NISSAN,MICRA SE AUTO,Petrol,Female,None,No tow/articulation,Did not leave carriageway,0,Going ahead other,1,Car,No,Back,2010
201001RG40038,C,0,C,0,Slight,None,16-01-2010,Saturday,1,Auto traffic signal,Crossroads,51.461161,Darkness - lights lit,543040,175590,0.05764,E01001606,1,2,0,0,Dry,Single carriageway,None,30,21:00:00,Urban,Fine no high winds,No,16 - 20,7,Urban area,9,1870,None,None,Other/Not known (2005-10),Approaching junction or waiting/parked at junction approach,MITSUBISHI,CARISMA ELEGANCE DI-D,Heavy oil,Female,None,No tow/articulation,Did not leave carriageway,0,Waiting to go - held up,1,Car,No,Back,2010
201034TN03880,A,45,A,45,Slight,None,23-01-2010,Saturday,1,Give way or uncontrolled,Slip road,52.209595,Darkness - lights lit,475690,257400,-0.893702,E01027201,1,2,0,0,Dry,Slip road,None,70,19:02:00,Urban,Fine no high winds,No,16 - 20,7,Urban area,9,1198,None,None,Other/Not known (2005-10),Entering from slip road,VOLKSWAGEN,POLO E,Petrol,Female,None,No tow/articulation,Did not leave carriageway,0,Going ahead other,1,Car,No,Front,2010
201034WN13390,Unclassified,7677,NA,0,Slight,None,23-03-2010,Tuesday,1,Data missing or out of range,Not at junction or within 20 metres,52.253183,Darkness - lights lit,478320,262290,-0.854089,E01027180,2,1,0,0,Wet or damp,Single carriageway,None,30,04:25:00,Urban,Fine no high winds,No,16 - 20,7,Urban area,5,1598,None,None,Other/Not known (2005-10),Not at or within 20 metres of junction,MINI,MINI COOPER S,Petrol,Female,None,No tow/articulation,Did not leave carriageway,0,Going ahead other,1,Car,No,Front,2010
20104100G0668,Unclassified,555,Unclassified,489,Slight,None,26-11-2010,Friday,1,Give way or uncontrolled,Crossroads,51.9571,Darkness - lights lit,520520,230190,-0.247491,E01023617,1,2,0,0,Wet or damp,Single carriageway,None,30,16:45:00,Urban,Fine no high winds,No,16 - 20,7,Urban area,4,1240,None,None,Other/Not known (2005-10),Mid Junction - on roundabout or on main road,NISSAN,MICRA S,Petrol,Female,None,No tow/articulation,Did not leave carriageway,0,Going ahead other,2,Car,No,Front,2010
201042I208106,A,128,Unclassified,0,Slight,None,26-06-2010,Saturday,1,Give way or uncontrolled,T or staggered junction,51.515559,Darkness - lights lit,565320,182320,0.38123,E01015980,1,2,0,0,Dry,Single carriageway,None,50,22:34:00,Rural,Fine no high winds,No,16 - 20,7,Urban area,8,1997,None,None,Other/Not known (2005-10),Entering main road,PEUGEOT,307 S HDI 110,Heavy oil,Female,None,No tow/articulation,Did not leave carriageway,0,Moving off,1,Car,No,Offside,2010
201043R208110,Motorway,4,NA,0,Slight,None,25-11-2010,Thursday,1,Data missing or out of range,Not at junction or within 20 metres,51.49328,Darkness - lights lit,502220,178180,-0.528961,E01016481,1,3,0,0,Dry,Dual carriageway,None,70,18:40:00,Rural,Fine no high winds,No,16 - 20,7,Urban area,8,1299,None,None,Other/Not known (2005-10),Not at or within 20 metres of junction,FORD,KA,Petrol,Female,None,No tow/articulation,Did not leave carriageway,0,Going ahead other,1,Car,No,Front,2010
201043S084010,C,9003,Unclassified,1034,Slight,None,22-01-2010,Friday,3,Give way or uncontrolled,T or staggered junction,52.0247,Darkness - lights lit,481960,236930,-0.806884,E01016779,1,3,0,0,Dry,Single carriageway,None,60,19:21:00,Rural,Fine no high winds,No,16 - 20,7,Urban area,4,1497,None,None,Other/Not known (2005-10),Approaching junction or waiting/parked at junction approach,NISSAN,ALMERA S,Petrol,Female,None,No tow/articulation,Did not leave carriageway,0,Going ahead other,3,Car,No,Front,2010
201043S134110,Motorway,1,NA,0,Slight,None,26-11-2010,Friday,1,Data missing or out of range,Not at junction or within 20 metres,52.099353,Darkness - lights lit,484640,245280,-0.765767,E01016802,1,3,0,0,Dry,Dual carriageway,None,70,18:15:00,Rural,Fine no high winds,No,16 - 20,7,Urban area,10,1598,None,None,Other/Not known (2005-10),Not at or within 20 metres of junction,MINI,MINI ONE,Petrol,Female,None,No tow/articulation,Did not leave carriageway,0,Going ahead other,1,Car,No,Front,2010
201045RU47925,Motorway,25,NA,0,Slight,None,14-01-2010,Thursday,1,Data missing or out of range,Not at junction or within 20 metres,51.38178,Darkness - lights lit,503430,165800,-0.515151,E01030655,4,3,0,0,Wet or damp,Dual carriageway,None,70,17:05:00,Rural,Fine no high winds,No,16 - 20,7,Urban area,9,1461,None,None,Other/Not known (2005-10),Not at or within 20 metres of junction,NISSAN,MICRA SE DCI 65 PS,Heavy oil,Female,None,No tow/articulation,Did not leave carriageway,0,Going ahead other,1,Car,No,Back,2010
201045SP54296,C,230,C,233,Slight,None,15-09-2010,Wednesday,1,Give way or uncontrolled,T or staggered junction,51.428841,Darkness - lights lit,509860,171170,-0.421129,E01030748,1,2,0,0,Dry,Single carriageway,None,30,19:40:00,Urban,Fine no high winds,No,16 - 20,7,Urban area,10,1299,None,None,Other/Not known (2005-10),Cleared junction or waiting/parked at junction exit,FORD,KA STYLE,Petrol,Female,None,No tow/articulation,Did not leave carriageway,0,Waiting to turn right,1,Car,No,Front,2010
201045SU51334,A,331,A,331,Slight,None,14-05-2010,Friday,1,Give way or uncontrolled,Slip road,51.307765,Darkness - lights lit,487560,157270,-0.745229,E01023103,3,2,0,0,Dry,Dual carriageway,None,70,22:42:00,Rural,Fine no high winds,No,16 - 20,7,Urban area,9,1599,None,None,Other/Not known (2005-10),Entering from slip road,FORD,STREETKA LUXURY,Petrol,Female,Skidded,No tow/articulation,Did not leave carriageway,0,Changing lane to right,1,Car,No,Offside,2010
201045WO48269,Unclassified,3662,C,143,Slight,None,25-01-2010,Monday,1,Give way or uncontrolled,T or staggered junction,51.319948,Darkness - lights lit,500860,158870,-0.554031,E01030954,1,2,0,0,Wet or damp,Single carriageway,None,30,21:12:00,Urban,Fine no high winds,No,16 - 20,7,Urban area,9,1388,None,None,Other/Not known (2005-10),Approaching junction or waiting/parked at junction approach,FORD,FIESTA LX SEMI-AUTO,Petrol,Female,None,No tow/articulation,Did not leave carriageway,0,Turning right,1,Car,No,Front,2010
201060L014827,B,5109,NA,0,Slight,None,26-01-2010,Tuesday,1,Data missing or out of range,Not at junction or within 20 metres,53.259044,Darkness - lights lit,246670,376030,-4.300145,W01000014,1,2,0,0,Dry,Single carriageway,None,30,18:35:00,Rural,Fine no high winds,No,16 - 20,7,Rural,NA,1299,None,None,Other/Not known (2005-10),Not at or within 20 metres of junction,FORD,KA,Petrol,Female,None,No tow/articulation,Did not leave carriageway,0,U-turn,1,Car,No,Offside,2010
201001EO40657,A,400,A,5200,Slight,None,05-10-2010,Tuesday,1,Auto traffic signal,More than 4 arms (not roundabout),51.556794,Darkness - lights lit,529150,185860,-0.138427,E01000921,1,2,0,5,Dry,Single carriageway,None,30,18:10:00,Urban,Fine no high winds,No,16 - 20,7,Urban area,3,1397,None,None,Other/Not known (2005-10),Mid Junction - on roundabout or on main road,SKODA,FABIA SILVERLINE,Petrol,Female,None,No tow/articulation,Did not leave carriageway,0,Turning right,1,Car,No,Did not impact,2010
201001HT20415,A,107,NA,0,Slight,None,20-06-2010,Sunday,1,Data missing or out of range,Not at junction or within 20 metres,51.526764,Darkness - lights lit,534980,182670,-0.055603,E01004212,1,1,0,0,Dry,Single carriageway,None,30,03:02:00,Urban,Fine no high winds,No,16 - 20,7,Urban area,3,1598,None,None,Other/Not known (2005-10),Not at or within 20 metres of junction,RENAULT,MEGANE EXPRESSION 16V,Petrol,Female,None,No tow/articulation,Did not leave carriageway,0,Going ahead other,1,Car,No,Front,2010
201001JC30076,A,112,Unclassified,0,Slight,None,06-02-2010,Saturday,1,Give way or uncontrolled,T or staggered junction,51.576639,Darkness - lights lit,537580,188290,-0.01595,E01004406,1,2,0,1,Dry,Single carriageway,None,30,20:55:00,Urban,Fine no high winds,No,16 - 20,7,Urban area,1,1596,Parked vehicle,None,Other/Not known (2005-10),Cleared junction or waiting/parked at junction exit,FIAT,STILO 16V ACTIVE SPORT,Petrol,Female,None,No tow/articulation,Did not leave carriageway,0,Going ahead other,1,Car,No,Nearside,2010
201001JC30657,B,160,NA,0,Slight,None,05-12-2010,Sunday,1,Data missing or out of range,Not at junction or within 20 metres,51.58249,Darkness - lights lit,538640,188970,-0.000394,E01004465,1,2,0,0,Wet or damp,Single carriageway,None,30,02:30:00,Urban,Fine no high winds,No,16 - 20,7,Data missing or out of range,NA,1149,Parked vehicle,None,Other/Not known (2005-10),Not at or within 20 metres of junction,RENAULT,CLIO DYNAMIQUE 16V,Petrol,Female,None,No tow/articulation,Did not leave carriageway,0,Going ahead other,1,Car,No,Front,2010
201001KG70457,C,0,Unclassified,0,Slight,None,13-11-2010,Saturday,1,Give way or uncontrolled,Crossroads,51.564466,Darkness - lights lit,547700,187220,0.12954,E01000097,2,2,0,0,Dry,Single carriageway,None,30,20:30:00,Urban,Fine no high winds,No,16 - 20,7,Urban area,3,1242,None,None,Other/Not known (2005-10),Mid Junction - on roundabout or on main road,FIAT,STILO 16V ACTIVE A/C,Petrol,Female,None,No tow/articulation,Did not leave carriageway,0,Slowing or stopping,1,Car,No,Nearside,2010
201001PL60326,A,2211,Unclassified,0,Slight,None,28-05-2010,Friday,1,Give way or uncontrolled,T or staggered junction,51.465856,Darkness - lights lit,538250,175980,-0.011113,E01003296,2,2,0,0,Dry,Single carriageway,None,30,21:25:00,Urban,Fine no high winds,No,16 - 20,7,Urban area,6,1399,None,None,Other/Not known (2005-10),Mid Junction - on roundabout or on main road,FORD,FIESTA ZETEC TDCI,Heavy oil,Female,None,No tow/articulation,Did not leave carriageway,0,Going ahead other,1,Car,No,Front,2010
201001QK50085,A,4006,B,454,Slight,None,17-02-2010,Wednesday,1,Auto traffic signal,Crossroads,51.582789,Darkness - lights lit,520520,188540,-0.261932,E01000518,1,2,0,0,Dry,Single carriageway,None,30,19:37:00,Urban,Fine no high winds,No,16 - 20,7,Data missing or out of range,NA,1240,None,None,Other/Not known (2005-10),Mid Junction - on roundabout or on main road,NISSAN,MICRA SE,Petrol,Female,None,No tow/articulation,Did not leave carriageway,0,Slowing or stopping,1,Car,No,Back,2010
201001QK50282,A,406,A,406,Slight,Other object on road,02-06-2010,Wednesday,1,Give way or uncontrolled,Slip road,51.557667,Darkness - lights lit,521160,185760,-0.253657,E01000627,1,2,0,0,Dry,Dual carriageway,Roadworks,40,23:02:00,Urban,Fine no high winds,No,16 - 20,7,Data missing or out of range,NA,1240,None,None,Other/Not known (2005-10),Entering main road,NISSAN,MICRA SE AUTO,Petrol,Female,None,No tow/articulation,Did not leave carriageway,0,Going ahead other,1,Car,No,Back,2010
201001RG40038,C,0,C,0,Slight,None,16-01-2010,Saturday,1,Auto traffic signal,Crossroads,51.461161,Darkness - lights lit,543040,175590,0.05764,E01001606,1,2,0,0,Dry,Single carriageway,None,30,21:00:00,Urban,Fine no high winds,No,16 - 20,7,Urban area,9,1870,None,None,Other/Not known (2005-10),Approaching junction or waiting/parked at junction approach,MITSUBISHI,CARISMA ELEGANCE DI-D,Heavy oil,Female,None,No tow/articulation,Did not leave carriageway,0,Waiting to go - held up,1,Car,No,Back,2010
201001TX20803,A,315,Unclassified,0,Slight,None,28-11-2010,Sunday,1,Give way or uncontrolled,T or staggered junction,51.478046,Darkness - lights lit,516410,176790,-0.325105,E01002682,2,2,0,0,Dry,Single carriageway,None,30,18:49:00,Urban,Fine no high winds,No,16 - 20,7,Urban area,5,1299,None,None,Other/Not known (2005-10),Mid Junction - on roundabout or on main road,FORD,KA STYLE,Petrol,Female,None,No tow/articulation,Did not leave carriageway,0,U-turn,2,Car,No,Front,2010
201001XH30723,Unclassified,0,NA,0,Slight,None,09-10-2010,Saturday,1,Data missing or out of range,Not at junction or within 20 metres,51.506125,Darkness - lights lit,509010,179750,-0.430707,E01002406,1,1,0,4,Dry,Single carriageway,None,30,21:05:00,Urban,Fine no high winds,No,16 - 20,7,Urban area,8,998,Kerb,Telegraph or electricity pole,Other/Not known (2005-10),Not at or within 20 metres of junction,VAUXHALL,CORSA LIFE TWINPORT,Petrol,Female,None,No tow/articulation,Offside,0,Slowing or stopping,1,Car,No,Front,2010
201001YE80722,Unclassified,0,NA,0,Slight,None,17-10-2010,Sunday,1,Data missing or out of range,Not at junction or within 20 metres,51.628527,Darkness - lights lit,530630,193880,-0.114107,E01001568,2,2,0,0,Dry,Single carriageway,None,30,20:38:00,Urban,Fine no high winds,No,16 - 20,7,Urban area,8,1199,None,None,Other/Not known (2005-10),Not at or within 20 metres of junction,VAUXHALL,CORSA LIFE 16V,Petrol,Female,None,No tow/articulation,Did not leave carriageway,0,Going ahead other,1,Car,No,Front,2010
201001ZD30080,C,0,Unclassified,0,Slight,None,06-02-2010,Saturday,1,Give way or uncontrolled,T or staggered junction,51.309525,Darkness - lights lit,532440,158430,-0.101246,E01001072,3,2,0,0,Dry,Single carriageway,None,30,19:32:00,Urban,Fine no high winds,No,16 - 20,7,Urban area,6,1198,None,None,Other/Not known (2005-10),Approaching junction or waiting/parked at junction approach,VOLKSWAGEN,POLO S,Petrol,Female,None,No tow/articulation,Did not leave carriageway,0,Going ahead other,2,Car,No,Front,2010
201004AX10005,A,584,Unclassified,0,Slight,None,17-01-2010,Sunday,1,Auto traffic signal,T or staggered junction,53.800978,Darkness - lights lit,330580,434370,-3.055518,E01012671,2,2,0,0,Dry,Single carriageway,None,30,17:30:00,Urban,Fine no high winds,No,16 - 20,7,Urban area,6,1149,None,None,Other/Not known (2005-10),Approaching junction or waiting/parked at junction approach,RENAULT,CLIO EXTREME 2 16V,Petrol,Female,None,No tow/articulation,Did not leave carriageway,0,Waiting to go - held up,2,Car,No,Back,2010