Accident_Index,1st_Road_Class,1st_Road_Number,2nd_Road_Class,2nd_Road_Number,Accident_Severity,Carriageway_Hazards,Date,Day_of_Week,Did_Police_Officer_Attend_Scene_of_Accident,Junction_Control,Junction_Detail,Latitude,Light_Conditions,Location_Easting_OSGR,Location_Northing_OSGR,Longitude,LSOA_of_Accident_Location,Number_of_Casualties,Number_of_Vehicles,Pedestrian_Crossing-Human_Control,Pedestrian_Crossing-Physical_Facilities,Road_Surface_Conditions,Road_Type,Special_Conditions_at_Site,Speed_limit,Time,Urban_or_Rural_Area,Weather_Conditions,InScotland,Age_Band_of_Driver,Age_of_Vehicle,Driver_Home_Area_Type,Driver_IMD_Decile,Engine_Capacity_.CC.,Hit_Object_in_Carriageway,Hit_Object_off_Carriageway,Journey_Purpose_of_Driver,Junction_Location,make,model,Propulsion_Code,Sex_of_Driver,Skidding_and_Overturning,Towing_and_Articulation,Vehicle_Leaving_Carriageway,Vehicle_Location.Restricted_Lane,Vehicle_Manoeuvre,Vehicle_Reference,Vehicle_Type,Was_Vehicle_Left_Hand_Drive,X1st_Point_of_Impact,Year
201004DL10124,A,6,B,6242,Slight,None,07-12-2010,Tuesday,1,Auto traffic signal,Crossroads,53.777457,Darkness - lights lit,353330,431470,-2.709692,E01025243,1,2,0,5,Wet or damp,Single carriageway,None,30,16:55:00,Urban,Fine no high winds,No,16 - 20,7,Small town,7,1390,None,None,Other/Not known (2005-10),Entering main road,RENAULT,CLIO EXPRESSION 16V,Petrol,Female,None,No tow/articulation,Did not leave carriageway,0,Turning right,1,Car,No,Offside,2010
201004EL10144,A,682,NA,0,Slight,None,25-12-2010,Saturday,1,Data missing or out of range,Not at junction or within 20 metres,53.765408,Darkness - lights lit,377570,429950,-2.341755,E01025051,1,3,0,0,Frost or ice,Single carriageway,None,30,04:00:00,Urban,Fine no high winds,No,16 - 20,7,Urban area,2,1299,None,None,Other/Not known (2005-10),Not at or within 20 metres of junction,FORD,KA,Petrol,Female,None,No tow/articulation,Did not leave carriageway,0,Going ahead other,1,Car,No,Nearside,2010
201006B036574,A,34,Unclassified,0,Slight,None,15-09-2010,Wednesday,1,Give way or uncontrolled,Private drive or entrance,53.45614,Darkness - lights lit,385780,395510,-2.215624,E01005231,3,2,0,0,Wet or damp,Single carriageway,None,30,21:45:00,Urban,Fine no high winds,No,16 - 20,7,Urban area,9,1398,None,None,Other/Not known (2005-10),Approaching junction or waiting/parked at junction approach,TOYOTA,COROLLA T3 VVTI,Petrol,Female,None,No tow/articulation,Did not leave carriageway,0,Slowing or stopping,1,Car,No,Back,2010
201006N029826,C,0,Unclassified,0,Slight,None,28-03-2010,Sunday,1,Give way or uncontrolled,T or staggered junction,53.549559,Darkness - lights lit,381020,405920,-2.287942,E01004942,1,2,0,0,Dry,Single carriageway,None,30,22:40:00,Urban,Fine no high winds,No,16 - 20,7,Rural,9,1124,None,None,Other/Not known (2005-10),Entering main road,CITROEN,C2 LX,Petrol,Female,None,No tow/articulation,Nearside,0,Turning left,1,Car,No,Offside,2010
201011ND09380,A,691,Unclassified,0,Slight,None,15-04-2010,Thursday,1,Give way or uncontrolled,Roundabout,54.786814,Darkness - lights lit,426260,543620,-1.593171,E01020702,4,1,0,0,Dry,Roundabout,None,40,00:10:00,Urban,Fine no high winds,No,16 - 20,7,Data missing or out of range,NA,1199,Kerb,Other permanent object,Other/Not known (2005-10),Leaving roundabout,VAUXHALL,CORSA ACTIVE 16V,Petrol,Female,Overturned,No tow/articulation,Offside,0,Going ahead other,1,Car,No,Front,2010
201014A005810,C,176,Unclassified,0,Slight,None,12-01-2010,Tuesday,2,Give way or uncontrolled,T or staggered junction,53.477784,Darkness - lights lit,461900,398300,-1.06878,E01007598,2,2,0,0,Wet or damp,Single carriageway,None,30,22:30:00,Urban,Fine no high winds,No,16 - 20,7,Urban area,5,1299,None,None,Other/Not known (2005-10),Leaving main road,FORD,KA,Petrol,Female,None,No tow/articulation,Did not leave carriageway,0,Turning right,2,Car,No,Back,2010
2010170L10280,Unclassified,2010,Unclassified,0,Slight,None,10-01-2010,Sunday,2,Give way or uncontrolled,T or staggered junction,54.524974,Darkness - lights lit,459830,514800,-1.077091,E01012124,1,2,0,0,Snow,Single carriageway,None,30,19:25:00,Urban,Fine no high winds,No,16 - 20,7,Urban area,10,1149,None,None,Other/Not known (2005-10),Approaching junction or waiting/parked at junction approach,RENAULT,CLIO AUTHENTIQUE,Petrol,Female,None,No tow/articulation,Did not leave carriageway,0,Slowing or stopping,1,Car,No,Back,2010
201020E026013,A,41,A,4540,Slight,None,20-02-2010,Saturday,1,Auto traffic signal,Crossroads,52.458798,Darkness - lights lit,408860,284550,-1.871043,E01009371,1,2,0,5,Wet or damp,Single carriageway,None,30,21:32:00,Urban,Fine no high winds,No,16 - 20,7,Urban area,9,973,None,None,Other/Not known (2005-10),Mid Junction - on roundabout or on main road,VAUXHALL,CORSA CLUB 12V,Petrol,Female,None,No tow/articulation,Did not leave carriageway,0,Turning right,2,Car,No,Nearside,2010
201020S501460,A,4040,Unclassified,0,Slight,None,26-09-2010,Sunday,1,Auto traffic signal,T or staggered junction,52.436827,Darkness - lights lit,404200,282100,-1.939656,E01009280,1,2,0,0,Dry,Single carriageway,None,30,00:01:00,Urban,Fine no high winds,No,16 - 20,7,Urban area,2,1149,None,None,Other/Not known (2005-10),Mid Junction - on roundabout or on main road,RENAULT,CLIO EXPRESSION 16V,Petrol,Female,None,No tow/articulation,Did not leave carriageway,0,U-turn,1,Car,No,Nearside,2010
201020W045180,Unclassified,0,Unclassified,0,Slight,None,31-10-2010,Sunday,1,Give way or uncontrolled,Crossroads,52.470689,Darkness - lights lit,407250,285870,-1.89471,E01009149,2,3,0,0,Dry,Single carriageway,None,30,02:34:00,Urban,Fine no high winds,No,16 - 20,7,Urban area,1,1598,None,None,Other/Not known (2005-10),Mid Junction - on roundabout or on main road,SEAT,LEON S 16V,Petrol,Female,None,No tow/articulation,Did not leave carriageway,0,Going ahead other,1,Car,No,Front,2010
20103102C0123,A,6002,Unclassified,0,Slight,None,01-01-2010,Friday,1,Give way or uncontrolled,T or staggered junction,52.959794,Darkness - lights lit,450970,340540,-1.242666,E01013862,3,2,0,8,Dry,Single carriageway,None,60,17:04:00,Urban,Fine no high winds,No,16 - 20,7,Data missing or out of range,NA,973,None,Road sign or traffic signal,Other/Not known (2005-10),Entering main road,VAUXHALL,CORSA CLUB 12V,Petrol,Female,None,No tow/articulation,Nearside,0,Turning right,2,Car,No,Offside,2010
201032D391410,Unclassified,270,NA,0,Slight,None,10-12-2010,Friday,2,Data missing or out of range,Not at junction or within 20 metres,53.16613,Darkness - lights lit,498160,364230,-0.533123,E01026184,1,2,0,0,Wet or damp,Single carriageway,None,30,23:30:00,Urban,Fine no high winds,No,16 - 20,7,Urban area,10,1299,None,None,Other/Not known (2005-10),Not at or within 20 metres of junction,FORD,KA,Petrol,Female,None,No tow/articulation,Did not leave carriageway,0,Going ahead other,2,Car,No,Back,2010
201005DD07008,Motorway,6,NA,0,Slight,None,28-11-2010,Sunday,1,Data missing or out of range,Not at junction or within 20 metres,53.442307,Darkness - lights lit,361100,394110,-2.587114,E01006859,1,2,0,0,Frost or ice,Dual carriageway,Roadworks,70,01:55:00,Rural,Other,No,16 - 20,7,Urban area,5,1360,None,None,Other/Not known (2005-10),Not at or within 20 metres of junction,CITROEN,C3 SX,Petrol,Male,Overturned,No tow/articulation,Did not leave carriageway,0,Going ahead other,2,Car,No,Nearside,2010
201020D062211,B,4114,NA,0,Slight,Any animal in carriageway (except ridden horse),02-03-2010,Tuesday,1,Data missing or out of range,Not at junction or within 20 metres,52.492985,Darkness - lights lit,412280,288360,-1.820571,E01009481,3,1,0,0,Wet or damp,Dual carriageway,None,30,04:25:00,Urban,Other,No,16 - 20,7,Urban area,1,1870,Bollard or refuge,Tree,Commuting to/from work,Not at or within 20 metres of junction,RENAULT,MEGANE PRIVILEGE DCI 120,Heavy oil,Male,Skidded,No tow/articulation,Offside on to central reservation,0,Going ahead other,1,Car,No,Nearside,2010
20104100D0123,A,4251,C,127,Slight,None,24-12-2019,Monday,1,Give way or uncontrolled,T or staggered junction,27.09344118,Darkness - lights lit,505700,205490,93.61248332,E01023353,1,2,0,0,Wet or damp,Single carriageway,None,30,17:18:00,Urban,Other,No,16 - 20,7,Urban area,7,1299,None,None,Other/Not known (2005-10),Entering main road,FORD,KA COLLECTION,Petrol,Female,None,No tow/articulation,Did not leave carriageway,0,Turning right,1,Car,No,Front,2019
20104100D0123,A,4251,C,127,Slight,None,15-02-2010,Monday,1,Give way or uncontrolled,T or staggered junction,51.738111,Darkness - lights lit,505700,205490,-0.470622,E01023353,1,2,0,0,Wet or damp,Single carriageway,None,30,17:18:00,Urban,Other,No,16 - 20,7,Urban area,7,1299,None,None,Other/Not known (2005-10),Entering main road,FORD,KA COLLECTION,Petrol,Female,None,No tow/articulation,Did not leave carriageway,0,Turning right,1,Car,No,Front,2010
201004FE10002,B,6252,NA,0,Slight,None,08-01-2010,Friday,1,Data missing or out of range,Not at junction or within 20 metres,53.922148,Darkness - lights lit,388080,447350,-2.182996,E01025192,2,2,0,0,Frost or ice,Single carriageway,None,30,18:06:00,Urban,Other,No,16 - 20,7,Urban area,6,1299,None,None,Commuting to/from work,Not at or within 20 metres of junction,FORD,KA COLLECTION,Petrol,Female,Skidded,No tow/articulation,Did not leave carriageway,0,Going ahead other,2,Taxi/Private hire car,No,Front,2010
201011NE14070,A,19,A,19,Slight,None,10-06-2010,Thursday,1,Give way or uncontrolled,Slip road,54.759106,Darkness - lights lit,441420,540650,-1.357865,E01020771,1,1,0,0,Flood over 3cm. deep,Dual carriageway,None,70,03:09:00,Urban,Raining + high winds,No,16 - 20,7,Rural,2,1149,None,Lamp post,Other/Not known (2005-10),Mid Junction - on roundabout or on main road,RENAULT,CLIO AUTHENTIQUE,Petrol,Male,Skidded,No tow/articulation,Nearside,0,Going ahead other,1,Car,No,Front,2010
201011SL27120,B,6288,Unclassified,0,Slight,None,11-11-2010,Thursday,1,Give way or uncontrolled,Private drive or entrance,54.694248,Darkness - lights lit,426350,533320,-1.592701,E01020820,2,2,0,0,Wet or damp,Single carriageway,None,40,15:50:00,Urban,Raining + high winds,No,16 - 20,7,Rural,6,1149,None,None,Other/Not known (2005-10),Mid Junction - on roundabout or on main road,RENAULT,CLIO DYNAMIQUE 16V,Petrol,Female,None,No tow/articulation,Did not leave carriageway,0,Going ahead other,1,Car,No,Front,2010
201050GT3W026,C,737,Unclassified,0,Slight,None,20-12-2019,Saturday,1,Give way or uncontrolled,Crossroads,25.78636147,Darkness - lights lit,182210,44760,87.48415202,E01018809,2,4,0,0,Wet or damp,One way street,None,30,23:55:00,Urban,Raining no high winds,No,16 - 20,7,Urban area,4,124,None,None,Other/Not known (2005-10),Approaching junction or waiting/parked at junction approach,YAMAHA,DT 125 R,Petrol,Male,Skidded and overturned,No tow/articulation,Did not leave carriageway,0,Going ahead other,1,Motorcycle 125cc and under,No,Front,2019
20104100J0242,B,556,C,116,Slight,None,27-11-2020,Sunday,1,Auto traffic signal,Crossroads,22.10471064,Darkness - lights lit,524940,201130,82.18235457,E01023577,2,2,0,5,Wet or damp,Single carriageway,None,30,00:16:00,Urban,Raining no high winds,No,16 - 20,7,Urban area,7,1149,None,None,Other/Not known (2005-10),Leaving main road,RENAULT,CLIO AUTHENTIQUE,Petrol,Male,None,No tow/articulation,Did not leave carriageway,0,Turning right,1,Car,No,Front,2019
201042I383811,B,1022,NA,0,Slight,None,21-06-2021,Wednesday,1,Not at junction or within 20 metres,Not at junction or within 20 metres,12.99686489,Darkness - lights lit,586150,208650,77.59487606,E01021888,2,2,0,0,Wet or damp,Single carriageway,None,30,22:35:00,Urban,Raining no high winds,No,16 - 20,7,Rural,8,1399,None,None,Other/Not known (2005-10),Not at or within 20 metres of junction,DAEWOO,KALOS SE,Petrol,Male,None,No tow/articulation,Did not leave carriageway,0,Going ahead left-hand bend,1,Car,No,Front,2020
201034TN03450,Unclassified,7014,Unclassified,7344,Slight,None,19-02-2021,Tuesday,1,Give way or uncontrolled,T or staggered junction,28.66447752,Darkness - lights lit,471880,262120,77.18949614,E01027210,1,2,0,0,Dry,Single carriageway,None,30,18:30:00,Urban,Raining no high winds,No,16 - 20,7,Urban area,4,49,None,None,Other/Not known (2005-10),Mid Junction - on roundabout or on main road,PEUGEOT,SPEEDFIGHT,Petrol,Male,None,No tow/articulation,Did not leave carriageway,0,Going ahead other,2,Motorcycle 50cc and under,No,Front,2021
201001KD50597,C,0,Unclassified,0,Slight,None,08-11-2010,Monday,1,Give way or uncontrolled,Mini-roundabout,51.580507,Darkness - lights lit,553910,189190,0.219927,E01002377,1,2,0,0,Wet or damp,Roundabout,None,30,16:02:00,Urban,Raining no high winds,No,16 - 20,7,Urban area,2,1149,None,None,Other/Not known (2005-10),Mid Junction - on roundabout or on main road,RENAULT,CLIO EXPRESSION 16V,Petrol,Male,None,No tow/articulation,Did not leave carriageway,0,Going ahead right-hand bend,1,Car,No,Offside,2010
201001KD50628,A,124,NA,0,Slight,None,16-11-2010,Tuesday,1,Data missing or out of range,Not at junction or within 20 metres,51.560601,Darkness - lights lit,554420,186990,0.226315,E01002360,2,2,0,0,Wet or damp,Single carriageway,None,30,16:58:00,Urban,Raining no high winds,No,16 - 20,7,Urban area,5,1199,None,None,Other/Not known (2005-10),Not at or within 20 metres of junction,VAUXHALL,CORSA ELEGANCE 16V,Petrol,Male,None,No tow/articulation,Did not leave carriageway,0,Going ahead other,1,Car,No,Front,2010
201001KG70368,A,118,A,1112,Slight,None,27-09-2010,Monday,1,Auto traffic signal,Crossroads,51.572155,Darkness - lights lit,548530,188100,0.141878,E01000112,2,2,0,0,Wet or damp,Single carriageway,None,30,02:42:00,Urban,Raining no high winds,No,16 - 20,7,Urban area,1,1360,None,None,Journey as part of work,Mid Junction - on roundabout or on main road,PEUGEOT,206 GLX,Petrol,Male,None,No tow/articulation,Did not leave carriageway,0,Turning right,2,Taxi/Private hire car,No,Front,2010
201001PL60556,Unclassified,0,NA,0,Slight,None,17-08-2010,Tuesday,1,Data missing or out of range,Not at junction or within 20 metres,51.482535,Darkness - lights lit,536170,177780,-0.040345,E01003246,2,1,0,0,Wet or damp,Single carriageway,None,30,05:45:00,Urban,Raining no high winds,No,16 - 20,7,Urban area,3,1124,Bollard or refuge,None,Other/Not known (2005-10),Not at or within 20 metres of junction,PEUGEOT,206 LOOK,Petrol,Male,None,No tow/articulation,Did not leave carriageway,0,Going ahead other,1,Car,No,Front,2010
201001RY10010,C,0,NA,0,Slight,None,16-01-2010,Saturday,1,Data missing or out of range,Not at junction or within 20 metres,51.496248,Darkness - lights lit,547430,179620,0.122468,E01000422,1,2,0,0,Wet or damp,Dual carriageway,None,30,22:55:00,Urban,Raining no high winds,No,16 - 20,7,Small town,8,1388,None,None,Other/Not known (2005-10),Not at or within 20 metres of junction,FORD,FIESTA BLACK,Petrol,Male,None,No tow/articulation,Did not leave carriageway,0,Going ahead other,1,Car,No,Front,2010
201034TN03450,Unclassified,7014,Unclassified,7344,Slight,None,19-01-2010,Tuesday,1,Give way or uncontrolled,T or staggered junction,52.252532,Darkness - lights lit,471880,262120,-0.948449,E01027210,1,2,0,0,Dry,Single carriageway,None,30,18:30:00,Urban,Raining no high winds,No,16 - 20,7,Urban area,4,49,None,None,Other/Not known (2005-10),Mid Junction - on roundabout or on main road,PEUGEOT,SPEEDFIGHT,Petrol,Male,None,No tow/articulation,Did not leave carriageway,0,Going ahead other,2,Motorcycle 50cc and under,No,Front,2010
20104100J0242,B,556,C,116,Slight,None,02-05-2010,Sunday,1,Auto traffic signal,Crossroads,51.694973,Darkness - lights lit,524940,201130,-0.19368,E01023577,2,2,0,5,Wet or damp,Single carriageway,None,30,00:16:00,Urban,Raining no high winds,No,16 - 20,7,Urban area,7,1149,None,None,Other/Not known (2005-10),Leaving main road,RENAULT,CLIO AUTHENTIQUE,Petrol,Male,None,No tow/articulation,Did not leave carriageway,0,Turning right,1,Car,No,Front,2010
201042I383811,B,1022,NA,0,Slight,None,17-11-2010,Wednesday,1,Not at junction or within 20 metres,Not at junction or within 20 metres,51.745569,Darkness - lights lit,586150,208650,0.69509,E01021888,2,2,0,0,Wet or damp,Single carriageway,None,30,22:35:00,Urban,Raining no high winds,No,16 - 20,7,Rural,8,1399,None,None,Other/Not known (2005-10),Not at or within 20 metres of junction,DAEWOO,KALOS SE,Petrol,Male,None,No tow/articulation,Did not leave carriageway,0,Going ahead left-hand bend,1,Car,No,Front,2010
201050GT3W026,C,737,Unclassified,0,Slight,None,24-04-2010,Saturday,1,Give way or uncontrolled,Crossroads,50.262497,Darkness - lights lit,182210,44760,-5.057192,E01018809,2,4,0,0,Wet or damp,One way street,None,30,23:55:00,Urban,Raining no high winds,No,16 - 20,7,Urban area,4,124,None,None,Other/Not known (2005-10),Approaching junction or waiting/parked at junction approach,YAMAHA,DT 125 R,Petrol,Male,Skidded and overturned,No tow/articulation,Did not leave carriageway,0,Going ahead other,1,Motorcycle 125cc and under,No,Front,2010
201001KD50597,C,0,Unclassified,0,Slight,None,08-11-2010,Monday,1,Give way or uncontrolled,Mini-roundabout,51.580507,Darkness - lights lit,553910,189190,0.219927,E01002377,1,2,0,0,Wet or damp,Roundabout,None,30,16:02:00,Urban,Raining no high winds,No,16 - 20,7,Urban area,2,1149,None,None,Other/Not known (2005-10),Mid Junction - on roundabout or on main road,RENAULT,CLIO EXPRESSION 16V,Petrol,Male,None,No tow/articulation,Did not leave carriageway,0,Going ahead right-hand bend,1,Car,No,Offside,2010
201001KD50628,A,124,NA,0,Slight,None,16-11-2010,Tuesday,1,Data missing or out of range,Not at junction or within 20 metres,51.560601,Darkness - lights lit,554420,186990,0.226315,E01002360,2,2,0,0,Wet or damp,Single carriageway,None,30,16:58:00,Urban,Raining no high winds,No,16 - 20,7,Urban area,5,1199,None,None,Other/Not known (2005-10),Not at or within 20 metres of junction,VAUXHALL,CORSA ELEGANCE 16V,Petrol,Male,None,No tow/articulation,Did not leave carriageway,0,Going ahead other,1,Car,No,Front,2010
201001KG70368,A,118,A,1112,Slight,None,27-09-2010,Monday,1,Auto traffic signal,Crossroads,51.572155,Darkness - lights lit,548530,188100,0.141878,E01000112,2,2,0,0,Wet or damp,Single carriageway,None,30,02:42:00,Urban,Raining no high winds,No,16 - 20,7,Urban area,1,1360,None,None,Journey as part of work,Mid Junction - on roundabout or on main road,PEUGEOT,206 GLX,Petrol,Male,None,No tow/articulation,Did not leave carriageway,0,Turning right,2,Taxi/Private hire car,No,Front,2010
201001PL60556,Unclassified,0,NA,0,Slight,None,17-08-2010,Tuesday,1,Data missing or out of range,Not at junction or within 20 metres,51.482535,Darkness - lights lit,536170,177780,-0.040345,E01003246,2,1,0,0,Wet or damp,Single carriageway,None,30,05:45:00,Urban,Raining no high winds,No,16 - 20,7,Urban area,3,1124,Bollard or refuge,None,Other/Not known (2005-10),Not at or within 20 metres of junction,PEUGEOT,206 LOOK,Petrol,Male,None,No tow/articulation,Did not leave carriageway,0,Going ahead other,1,Car,No,Front,2010
201001RY10010,C,0,NA,0,Slight,None,16-01-2010,Saturday,1,Data missing or out of range,Not at junction or within 20 metres,51.496248,Darkness - lights lit,547430,179620,0.122468,E01000422,1,2,0,0,Wet or damp,Dual carriageway,None,30,22:55:00,Urban,Raining no high winds,No,16 - 20,7,Small town,8,1388,None,None,Other/Not known (2005-10),Not at or within 20 metres of junction,FORD,FIESTA BLACK,Petrol,Male,None,No tow/articulation,Did not leave carriageway,0,Going ahead other,1,Car,No,Front,2010
201001VK30102,A,308,Unclassified,0,Slight,None,29-03-2010,Monday,1,Give way or uncontrolled,T or staggered junction,51.423109,Darkness - lights lit,519960,170760,-0.276052,E01002952,2,2,0,0,Wet or damp,Single carriageway,None,30,19:30:00,Urban,Raining no high winds,No,16 - 20,7,Urban area,8,998,None,None,Other/Not known (2005-10),Mid Junction - on roundabout or on main road,NISSAN,MICRA E,Petrol,Male,None,No tow/articulation,Did not leave carriageway,0,Slowing or stopping,2,Car,No,Back,2010
201001XH30737,A,408,B,465,Slight,None,26-10-2010,Tuesday,1,Give way or uncontrolled,Roundabout,51.517297,Darkness - lights lit,507460,180960,-0.452663,E01002548,1,1,0,0,Wet or damp,Roundabout,None,30,23:15:00,Urban,Raining no high winds,No,16 - 20,7,Urban area,2,1598,Central island of roundabout,None,Other/Not known (2005-10),Mid Junction - on roundabout or on main road,RENAULT,MEGANE DYNAMIQUE 16V,Petrol,Male,Skidded,No tow/articulation,Nearside,0,Going ahead other,1,Car,No,Offside,2010
201006J035410,C,0,NA,0,Slight,None,29-08-2010,Sunday,1,Data missing or out of range,Not at junction or within 20 metres,53.39379,Darkness - lights lit,391320,388560,-2.131999,E01005827,1,1,0,0,Wet or damp,Single carriageway,None,30,03:30:00,Urban,Raining no high winds,No,16 - 20,7,Urban area,3,1794,Kerb,Tree,Other/Not known (2005-10),Not at or within 20 metres of junction,TOYOTA,AVENSIS T3-X,Petrol,Male,Skidded,No tow/articulation,Offside,0,Going ahead right-hand bend,1,Car,No,Front,2010
201006P037800,C,0,Unclassified,0,Slight,None,15-10-2010,Friday,1,Give way or uncontrolled,T or staggered junction,53.630511,Darkness - lights lit,389330,414900,-2.162829,E01005494,1,3,0,0,Wet or damp,Single carriageway,None,30,18:07:00,Urban,Raining no high winds,No,16 - 20,7,Urban area,5,1124,None,None,Commuting to/from work,Approaching junction or waiting/parked at junction approach,PEUGEOT,206 LOOK,Petrol,Male,None,No tow/articulation,Did not leave carriageway,0,Going ahead other,1,Car,No,Front,2010
201014A052110,A,19,C,178,Slight,None,29-03-2010,Monday,1,Give way or uncontrolled,T or staggered junction,53.54435,Darkness - lights lit,456590,405640,-1.147456,E01007505,1,2,0,0,Wet or damp,Single carriageway,None,30,20:22:00,Urban,Raining no high winds,No,16 - 20,7,Urban area,1,49,None,None,Journey as part of work,Mid Junction - on roundabout or on main road,PIAGGIO,NRG,Petrol,Male,Skidded,No tow/articulation,Did not leave carriageway,0,Going ahead other,1,Motorcycle 50cc and under,No,Front,2010
201014C109310,A,618,NA,0,Slight,None,13-09-2010,Monday,1,Not at junction or within 20 metres,Not at junction or within 20 metres,53.347955,Darkness - lights lit,446580,383680,-1.301751,E01007750,2,2,0,0,Wet or damp,Single carriageway,None,40,21:14:00,Rural,Raining no high winds,No,16 - 20,7,Rural,9,998,None,None,Other/Not known (2005-10),Not at or within 20 metres of junction,VAUXHALL,CORSA DESIGN TWINPORT,Petrol,Male,None,No tow/articulation,Did not leave carriageway,0,Going ahead other,1,Car,No,Nearside,2010
201020T004210,A,41,A,4040,Slight,None,01-04-2010,Thursday,1,Give way or uncontrolled,T or staggered junction,52.451467,Darkness - lights lit,411520,283740,-1.831923,E01009028,2,2,0,0,Wet or damp,Single carriageway,None,30,21:39:00,Urban,Raining no high winds,No,16 - 20,7,Urban area,3,1150,None,None,Other/Not known (2005-10),Mid Junction - on roundabout or on main road,DAEWOO,KALOS XTRA,Petrol,Male,None,No tow/articulation,Did not leave carriageway,0,Going ahead other,2,Car,No,Front,2010
201020W035290,A,4040,Unclassified,0,Slight,None,18-09-2010,Saturday,1,Give way or uncontrolled,Private drive or entrance,52.519939,Darkness - lights lit,408340,291350,-1.878528,E01008915,1,2,0,0,Wet or damp,Single carriageway,None,30,21:00:00,Urban,Raining no high winds,No,16 - 20,7,Urban area,1,1988,Kerb,None,Other/Not known (2005-10),Approaching junction or waiting/parked at junction approach,FORD,,Petrol,Male,None,No tow/articulation,Offside,0,Overtaking moving vehicle - offside,1,Car,No,Front,2010
20103102A1948,A,6075,NA,0,Slight,Any animal in carriageway (except ridden horse),20-08-2010,Friday,1,Data missing or out of range,Not at junction or within 20 metres,53.156519,Darkness - lights lit,452240,362440,-1.220215,E01028229,1,1,0,0,Wet or damp,Single carriageway,None,30,04:43:00,Urban,Raining no high winds,No,16 - 20,7,Urban area,5,1396,None,Other permanent object,Other/Not known (2005-10),Not at or within 20 metres of junction,MG,ZR+,Petrol,Male,Skidded,No tow/articulation,Nearside,0,Going ahead other,1,Car,No,Nearside,2010
20103102D1257,B,686,Unclassified,0,Slight,None,05-06-2010,Saturday,1,Give way or uncontrolled,T or staggered junction,52.966198,Darkness - lights lit,461100,341370,-1.091723,E01028155,2,2,0,8,Wet or damp,Single carriageway,None,30,22:50:00,Urban,Raining no high winds,No,16 - 20,7,Urban area,6,1598,None,None,Other/Not known (2005-10),Entering main road,TOYOTA,COROLLA T3 VVTI,Petrol,Male,None,No tow/articulation,Did not leave carriageway,0,Turning left,1,Car,No,Offside,2010
201034NC12480,A,6003,A,427,Slight,None,20-03-2010,Saturday,1,Give way or uncontrolled,Roundabout,52.494128,Darkness - lights lit,486310,289230,-0.730143,E01026974,1,1,0,0,Wet or damp,Roundabout,None,30,22:10:00,Rural,Raining no high winds,No,16 - 20,7,Data missing or out of range,NA,1360,None,None,Other/Not known (2005-10),Mid Junction - on roundabout or on main road,PEUGEOT,206 VERVE,Petrol,Male,Skidded,No tow/articulation,Did not leave carriageway,0,Going ahead other,1,Car,No,Nearside,2010
201037B045901,B,1115,A,1308,Slight,None,13-08-2019,Tuesday,2,Auto traffic signal,Crossroads,18.51623377,Darkness - lights lit,605000,258750,73.76575951,E01030071,1,2,0,0,Wet or damp,Single carriageway,None,30,20:40:00,Urban,Raining no high winds,No,16 - 20,7,Urban area,3,49,None,None,Other/Not known (2005-10),Approaching junction or waiting/parked at junction approach,PEUGEOT,VIVACITY 50,Petrol,Female,None,No tow/articulation,Did not leave carriageway,0,Turning right,2,Motorcycle 50cc and under,No,Offside,2021
201037B045901,B,1115,A,1308,Slight,None,05-10-2010,Tuesday,2,Auto traffic signal,Crossroads,52.18883,Darkness - lights lit,605000,258750,0.997653,E01030071,1,2,0,0,Wet or damp,Single carriageway,None,30,20:40:00,Urban,Raining no high winds,No,16 - 20,7,Urban area,3,49,None,None,Other/Not known (2005-10),Approaching junction or waiting/parked at junction approach,PEUGEOT,VIVACITY 50,Petrol,Female,None,No tow/articulation,Did not leave carriageway,0,Turning right,2,Motorcycle 50cc and under,No,Offside,2010
201060L212343,A,55,NA,0,Slight,None,15-11-2010,Monday,1,Data missing or out of range,Not at junction or within 20 metres,53.214042,Darkness - lights lit,254320,370780,-4.18315,W01000103,2,5,0,0,Wet or damp,Dual carriageway,None,70,17:14:00,Rural,Raining no high winds,No,16 - 20,7,Data missing or out of range,NA,1199,None,None,Commuting to/from work,Not at or within 20 metres of junction,VAUXHALL,CORSA DESIGN 16V,Petrol,Female,Skidded,No tow/articulation,Did not leave carriageway,0,Slowing or stopping,2,Car,No,Front,2010
201001ZD30953,C,0,Unclassified,0,Slight,None,14-11-2010,Sunday,1,Give way or uncontrolled,T or staggered junction,51.387792,Darkness - lights lit,533630,167170,-0.080904,E01001187,3,2,0,0,Wet or damp,Single carriageway,None,30,19:00:00,Urban,Raining no high winds,No,16 - 20,7,Urban area,7,1242,None,Tree,Other/Not known (2005-10),Mid Junction - on roundabout or on main road,FORD,FIESTA FREESTYLE,Petrol,Female,Skidded,No tow/articulation,Offside,0,Slowing or stopping,2,Car,No,Front,2010
201004EA10267,Unclassified,0,A,674,Slight,None,01-11-2010,Monday,1,Give way or uncontrolled,Mini-roundabout,53.742653,Darkness - lights lit,367150,427480,-2.499561,E01012655,1,2,0,1,Wet or damp,Roundabout,None,30,22:30:00,Urban,Raining no high winds,No,16 - 20,7,Urban area,3,1398,None,None,Other/Not known (2005-10),Leaving roundabout,TOYOTA,COROLLA T3 VVTI,Petrol,Female,None,No tow/articulation,Did not leave carriageway,0,Turning right,2,Car,No,Nearside,2010