Accident_Index,1st_Road_Class,1st_Road_Number,2nd_Road_Class,2nd_Road_Number,Accident_Severity,Carriageway_Hazards,Date,Day_of_Week,Did_Police_Officer_Attend_Scene_of_Accident,Junction_Control,Junction_Detail,Latitude,Light_Conditions,Location_Easting_OSGR,Location_Northing_OSGR,Longitude,LSOA_of_Accident_Location,Number_of_Casualties,Number_of_Vehicles,Pedestrian_Crossing-Human_Control,Pedestrian_Crossing-Physical_Facilities,Road_Surface_Conditions,Road_Type,Special_Conditions_at_Site,Speed_limit,Time,Urban_or_Rural_Area,Weather_Conditions,InScotland,Age_Band_of_Driver,Age_of_Vehicle,Driver_Home_Area_Type,Driver_IMD_Decile,Engine_Capacity_.CC.,Hit_Object_in_Carriageway,Hit_Object_off_Carriageway,Journey_Purpose_of_Driver,Junction_Location,make,model,Propulsion_Code,Sex_of_Driver,Skidding_and_Overturning,Towing_and_Articulation,Vehicle_Leaving_Carriageway,Vehicle_Location.Restricted_Lane,Vehicle_Manoeuvre,Vehicle_Reference,Vehicle_Type,Was_Vehicle_Left_Hand_Drive,X1st_Point_of_Impact,Year
201011SA16220,B,6282,C,130,Slight,None,15-07-2010,Thursday,1,Auto traffic signal,Crossroads,54.649933,Darkness - lights lit,420800,528360,-1.679158,E01020907,1,2,0,4,Wet or damp,Single carriageway,None,30,22:41:00,Urban,Raining no high winds,No,16 - 20,7,Urban area,10,1199,None,None,Other/Not known (2005-10),Mid Junction - on roundabout or on main road,VAUXHALL,CORSA ELEGANCE 16V,Petrol,Female,None,No tow/articulation,Did not leave carriageway,0,Turning right,1,Car,No,Front,2010
201020G009230,A,4123,Unclassified,0,Slight,None,19-10-2010,Tuesday,1,Give way or uncontrolled,T or staggered junction,52.555916,Darkness - lights lit,393050,295350,-2.103953,E01010535,1,2,0,0,Wet or damp,Dual carriageway,None,40,19:10:00,Urban,Raining no high winds,No,16 - 20,7,Urban area,5,1149,None,None,Other/Not known (2005-10),Approaching junction or waiting/parked at junction approach,RENAULT,CLIO EXTREME 2 16V,Petrol,Female,None,No tow/articulation,Did not leave carriageway,0,Going ahead other,1,Car,No,Front,2010
201030D000035,C,370,NA,0,Slight,None,16-01-2010,Saturday,1,Data missing or out of range,Not at junction or within 20 metres,52.759537,Darkness - lights lit,428840,318080,-1.574082,E01019836,1,1,0,0,Wet or damp,Single carriageway,None,30,18:38:00,Urban,Raining no high winds,No,16 - 20,7,Urban area,6,1199,None,Other permanent object,Other/Not known (2005-10),Not at or within 20 metres of junction,VAUXHALL,CORSA DESIGN 16V,Petrol,Female,Skidded,No tow/articulation,Nearside,0,Going ahead right-hand bend,1,Car,No,Front,2010
201030D000803,A,61,A,61,Slight,None,26-08-2010,Thursday,1,Give way or uncontrolled,Roundabout,52.943819,Darkness - lights lit,436260,338630,-1.461854,E01013530,1,1,0,0,Wet or damp,Roundabout,None,60,20:30:00,Urban,Raining no high winds,No,16 - 20,7,Urban area,9,1124,Central island of roundabout,Lamp post,Other/Not known (2005-10),Entering roundabout,PEUGEOT,206 ENTICE,Petrol,Female,Skidded,No tow/articulation,Straight ahead at junction,0,Going ahead other,1,Car,No,Front,2010
201030D001149,A,601,Unclassified,0,Slight,None,18-11-2010,Thursday,1,Give way or uncontrolled,T or staggered junction,52.917844,Darkness - lights lit,434840,335730,-1.483295,E01013456,1,2,0,0,Wet or damp,Single carriageway,None,30,18:37:00,Urban,Raining no high winds,No,16 - 20,7,Data missing or out of range,NA,1598,None,None,Other/Not known (2005-10),Entering main road,MINI,MINI ONE,Petrol,Female,None,No tow/articulation,Did not leave carriageway,0,Turning left,2,Car,No,Offside,2010
201032C080910,A,1031,Unclassified,0,Slight,None,24-03-2010,Wednesday,1,Give way or uncontrolled,T or staggered junction,53.445578,Darkness - lights lit,542360,396450,0.142066,E01026079,2,2,0,0,Wet or damp,Single carriageway,Oil or diesel,30,21:30:00,Rural,Raining no high winds,No,16 - 20,7,Rural,6,1364,None,None,Other/Not known (2005-10),Approaching junction or waiting/parked at junction approach,MINI,ONE D,Heavy oil,Female,None,No tow/articulation,Did not leave carriageway,0,Going ahead other,1,Car,No,Front,2010
20104100T1170,Motorway,1,NA,0,Slight,None,31-08-2021,Monday,1,Not at junction or within 20 metres,Not at junction or within 20 metres,22.96864451,Darkness - lights lit,509760,207000,72.62544779,E01023722,1,1,0,0,Frost or ice,Dual carriageway,None,70,05:13:00,Rural,Snowing no high winds,No,16 - 20,7,Urban area,1,1199,None,None,Other/Not known (2005-10),Not at or within 20 metres of junction,VAUXHALL,CORSA ACTIVE 16V,Petrol,Male,Skidded,No tow/articulation,Did not leave carriageway,0,Overtaking moving vehicle - offside,1,Car,No,Did not impact,2019
201001SX20041,C,0,Unclassified,0,Slight,None,08-01-2010,Friday,1,Give way or uncontrolled,T or staggered junction,51.607348,Darkness - lights lit,522080,191310,-0.238464,E01000260,1,2,0,8,Frost or ice,One way street,None,30,19:20:00,Urban,Snowing no high winds,No,16 - 20,7,Urban area,7,698,None,None,Journey as part of work,Mid Junction - on roundabout or on main road,SMART,CITY PASSION 61 AUTO,Petrol,Male,Skidded,No tow/articulation,Offside,0,Going ahead other,2,Car,No,Front,2010
20104100T1170,Motorway,1,NA,0,Slight,None,20-12-2010,Monday,1,Not at junction or within 20 metres,Not at junction or within 20 metres,51.750903,Darkness - lights lit,509760,207000,-0.411371,E01023722,1,1,0,0,Frost or ice,Dual carriageway,None,70,05:13:00,Rural,Snowing no high winds,No,16 - 20,7,Urban area,1,1199,None,None,Other/Not known (2005-10),Not at or within 20 metres of junction,VAUXHALL,CORSA ACTIVE 16V,Petrol,Male,Skidded,No tow/articulation,Did not leave carriageway,0,Overtaking moving vehicle - offside,1,Car,No,Did not impact,2010
201001SX20041,C,0,Unclassified,0,Slight,None,08-01-2010,Friday,1,Give way or uncontrolled,T or staggered junction,51.607348,Darkness - lights lit,522080,191310,-0.238464,E01000260,1,2,0,8,Frost or ice,One way street,None,30,19:20:00,Urban,Snowing no high winds,No,16 - 20,7,Urban area,7,698,None,None,Journey as part of work,Mid Junction - on roundabout or on main road,SMART,CITY PASSION 61 AUTO,Petrol,Male,Skidded,No tow/articulation,Offside,0,Going ahead other,2,Car,No,Front,2010
2010170S10060,A,66,NA,0,Slight,None,13-01-2010,Wednesday,1,Data missing or out of range,Not at junction or within 20 metres,54.550237,Darkness - lights lit,443880,517430,-1.323117,E01012264,3,2,0,0,Wet or damp,Dual carriageway,None,50,21:58:00,Rural,Snowing no high winds,No,16 - 20,7,Urban area,6,2354,None,None,Other/Not known (2005-10),Not at or within 20 metres of junction,HONDA,ACCORD TYPE-S,Petrol,Male,None,No tow/articulation,Did not leave carriageway,0,Going ahead other,2,Car,No,Front,2010
201001PY20733,Unclassified,0,Unclassified,0,Slight,None,09-12-2010,Thursday,2,Give way or uncontrolled,T or staggered junction,51.36524,Darkness - lights lit,541410,164870,0.029919,E01000666,1,2,0,0,Frost or ice,Single carriageway,None,30,20:00:00,Rural,Snowing no high winds,No,16 - 20,7,Urban area,10,1240,Kerb,None,Other/Not known (2005-10),Mid Junction - on roundabout or on main road,NISSAN,MICRA S,Petrol,Female,None,No tow/articulation,Did not leave carriageway,0,Waiting to go - held up,1,Car,No,Offside,2010
201001PY20733,Unclassified,0,Unclassified,0,Slight,None,09-12-2010,Thursday,2,Give way or uncontrolled,T or staggered junction,51.36524,Darkness - lights lit,541410,164870,0.029919,E01000666,1,2,0,0,Frost or ice,Single carriageway,None,30,20:00:00,Rural,Snowing no high winds,No,16 - 20,7,Urban area,10,1240,Kerb,None,Other/Not known (2005-10),Mid Junction - on roundabout or on main road,NISSAN,MICRA S,Petrol,Female,None,No tow/articulation,Did not leave carriageway,0,Waiting to go - held up,1,Car,No,Offside,2010
20103102A0559,Unclassified,0,Unclassified,0,Slight,None,20-03-2010,Saturday,1,Give way or uncontrolled,T or staggered junction,53.124914,Darkness - lights lit,447040,358870,-1.298497,E01027987,2,2,0,0,Wet or damp,Single carriageway,None,30,01:08:00,Urban,Unknown,No,16 - 20,7,Urban area,1,1399,None,None,Other/Not known (2005-10),Approaching junction or waiting/parked at junction approach,FORD,FIESTA ZETEC TDCI,Heavy oil,Male,None,No tow/articulation,Did not leave carriageway,0,Overtaking static vehicle - offside,2,Car,No,Front,2010
201043N221040,A,40,Unclassified,880,Slight,None,07-04-2019,Friday,1,Give way or uncontrolled,T or staggered junction,27.1017941,Darkness - lights unlit,502860,186860,93.6316021,E01017818,1,1,0,0,Dry,Dual carriageway,None,50,03:31:00,Rural,Fine no high winds,No,16 - 20,7,Rural,6,1995,None,Lamp post,Other/Not known (2005-10),Approaching junction or waiting/parked at junction approach,BMW,320D ES TOURING,Heavy oil,Female,Skidded,No tow/articulation,Offside on to centrl res + rebounded,0,Going ahead other,1,Car,No,Offside,2019
201043N221040,A,40,Unclassified,880,Slight,None,30-04-2010,Friday,1,Give way or uncontrolled,T or staggered junction,51.571185,Darkness - lights unlit,502860,186860,-0.517212,E01017818,1,1,0,0,Dry,Dual carriageway,None,50,03:31:00,Rural,Fine no high winds,No,16 - 20,7,Rural,6,1995,None,Lamp post,Other/Not known (2005-10),Approaching junction or waiting/parked at junction approach,BMW,320D ES TOURING,Heavy oil,Female,Skidded,No tow/articulation,Offside on to centrl res + rebounded,0,Going ahead other,1,Car,No,Offside,2010
201011SB06370,A,690,NA,0,Slight,None,07-03-2010,Sunday,1,Data missing or out of range,Not at junction or within 20 metres,54.715775,Darkness - lights unlit,421530,535690,-1.667307,E01020903,1,1,0,0,Frost or ice,Single carriageway,None,60,01:33:00,Rural,Other,No,16 - 20,7,Small town,3,1199,None,Entered ditch,Other/Not known (2005-10),Not at or within 20 metres of junction,VAUXHALL,CORSA LIFE 16V,Petrol,Male,Overturned,No tow/articulation,Nearside,0,Going ahead other,1,Car,No,Front,2010
20104100K0076,A,10,NA,0,Slight,None,24-05-2020,Tuesday,1,Not at junction or within 20 metres,Not at junction or within 20 metres,15.24004056,Darkness - no lighting,535960,206020,73.96073516,E01023341,2,2,0,0,Wet or damp,Dual carriageway,None,70,18:15:00,Rural,Fine no high winds,No,16 - 20,7,Urban area,5,1199,None,None,Other/Not known (2005-10),Not at or within 20 metres of junction,VAUXHALL,CORSA ELEGANCE 16V,Petrol,Male,None,No tow/articulation,Did not leave carriageway,0,Going ahead other,2,Car,No,Front,2019
201050JI2I001,A,38,NA,0,Slight,Pedestrian in carriageway - not injured,13-12-2019,Thursday,1,Not at junction or within 20 metres,Not at junction or within 20 metres,22.99029231,Darkness - no lighting,261490,55720,72.55533339,E01020159,2,2,0,0,Dry,Dual carriageway,Roadworks,70,04:38:00,Rural,Fine no high winds,No,16 - 20,7,Small town,8,1896,None,None,Other/Not known (2005-10),Not at or within 20 metres of junction,VOLKSWAGEN,GOLF GT TDI,Heavy oil,Male,None,No tow/articulation,Did not leave carriageway,0,Going ahead other,1,Car,No,Front,2019
201054EM30010,A,345,Unclassified,0,Slight,None,02-09-2021,Friday,1,Give way or uncontrolled,Private drive or entrance,13.02018445,Darkness - no lighting,414550,134310,77.52985918,E01032013,3,2,0,0,Dry,Single carriageway,None,60,22:28:00,Rural,Fine no high winds,No,16 - 20,7,Rural,5,1896,None,None,Other/Not known (2005-10),Leaving main road,SEAT,LEON SE TDI 130,Heavy oil,Male,None,No tow/articulation,Did not leave carriageway,0,Turning right,2,Car,No,Offside,2019
201054EF01110,B,3109,NA,0,Slight,Other object on road,21-12-2021,Sunday,1,Not at junction or within 20 metres,Not at junction or within 20 metres,26.46802621,Darkness - no lighting,384110,168290,74.63583969,E01031890,1,1,0,0,Wet or damp,Single carriageway,None,60,06:05:00,Rural,Fine no high winds,No,16 - 20,7,Urban area,9,1686,None,Tree,Other/Not known (2005-10),Not at or within 20 metres of junction,HONDA,CIVIC IMAGINE CDTI,Heavy oil,Male,None,No tow/articulation,Offside,0,Going ahead other,1,Car,No,Front,2020
201037G029067,A,14,A,14,Slight,None,13-07-2019,Thursday,1,Give way or uncontrolled,Slip road,26.45896518,Darkness - no lighting,628340,234970,80.27727802,E01030171,6,6,0,0,Wet or damp,Dual carriageway,None,70,19:00:00,Urban,Fine no high winds,No,16 - 20,7,Urban area,10,1995,None,None,Other/Not known (2005-10),Approaching junction or waiting/parked at junction approach,TOYOTA,COROLLA TSPIRIT D4D,Heavy oil,Male,None,No tow/articulation,Did not leave carriageway,0,Waiting to go - held up,4,Car,No,Back,2020
201043P090120,Unclassified,125,Unclassified,0,Slight,None,04-08-2020,Friday,1,Give way or uncontrolled,T or staggered junction,28.67667209,Darkness - no lighting,464050,189940,77.26071665,E01028601,1,1,0,0,Wet or damp,Single carriageway,None,60,19:15:00,Rural,Fine no high winds,No,16 - 20,7,Small town,9,1598,Kerb,Tree,Other/Not known (2005-10),Mid Junction - on roundabout or on main road,RENAULT,MEGANE DYNAMIQUE 16V,Petrol,Male,Skidded and overturned,No tow/articulation,Offside,0,Going ahead left-hand bend,1,Car,No,Front,2020
201037B044535,A,143,NA,0,Slight,Other object on road,30-11-2021,Wednesday,1,Data missing or out of range,Not at junction or within 20 metres,28.64481349,Darkness - no lighting,575110,253330,77.18257479,E01030120,1,2,0,0,Wet or damp,Single carriageway,None,60,22:03:00,Rural,Fine no high winds,No,16 - 20,7,Urban area,7,1149,None,Telegraph or electricity pole,Other/Not known (2005-10),Not at or within 20 metres of junction,RENAULT,CLIO DYNAMIQUE 16V,Petrol,Male,Skidded and overturned,No tow/articulation,Offside and rebounded,0,Going ahead left-hand bend,1,Car,No,Front,2020
201045RE51094,C,136,C,137,Slight,None,15-11-2019,Tuesday,1,Give way or uncontrolled,T or staggered junction,18.57883245,Darkness - no lighting,527810,156960,73.85338657,E01030567,2,2,0,0,Dry,Single carriageway,None,40,21:52:00,Urban,Fine no high winds,No,16 - 20,7,Rural,5,1598,None,None,Other/Not known (2005-10),Approaching junction or waiting/parked at junction approach,VAUXHALL,ASTRA ACTIVE,Petrol,Male,None,No tow/articulation,Did not leave carriageway,0,Going ahead other,1,Car,No,Nearside,2021
201037B044259,A,140,NA,0,Slight,None,12-08-2021,Sunday,1,Data missing or out of range,Not at junction or within 20 metres,18.61675965,Darkness - no lighting,612060,261210,73.83542774,E01030083,1,1,0,0,Wet or damp,Single carriageway,None,50,06:40:00,Rural,Fine no high winds,No,16 - 20,7,Rural,7,2494,None,Telegraph or electricity pole,Other/Not known (2005-10),Not at or within 20 metres of junction,TOYOTA,HILUX 270 GX MWB 4WD,Heavy oil,Male,Skidded and overturned,No tow/articulation,Nearside,0,Going ahead other,1,Car,No,Front,2021
201050CT2V002,Unclassified,0,Unclassified,0,Slight,None,06-03-2021,Wednesday,2,Give way or uncontrolled,T or staggered junction,18.55019047,Darkness - no lighting,265000,113590,73.78621101,E01020311,1,2,0,0,Dry,Single carriageway,None,60,21:45:00,Rural,Fine no high winds,No,16 - 20,7,Rural,4,1896,None,None,Other/Not known (2005-10),Approaching junction or waiting/parked at junction approach,VOLKSWAGEN,GOLF MATCH TDI PD,Heavy oil,Male,None,No tow/articulation,Did not leave carriageway,0,Going ahead left-hand bend,2,Car,No,Front,2021
201050JK2I002,A,379,NA,0,Slight,None,09-08-2021,Saturday,1,Not at junction or within 20 metres,Not at junction or within 20 metres,19.20615146,Darkness - no lighting,269240,47280,72.88329387,E01020147,2,1,0,0,Wet or damp,Single carriageway,Mud,60,21:34:00,Rural,Fine no high winds,No,16 - 20,7,Urban area,2,1364,None,Other permanent object,Other/Not known (2005-10),Not at or within 20 metres of junction,MINI,ONE D,Heavy oil,Male,Skidded and overturned,No tow/articulation,Offside and rebounded,0,Going ahead left-hand bend,1,Car,No,Front,2021
201037B044259,A,140,NA,0,Slight,None,07-02-2010,Sunday,1,Data missing or out of range,Not at junction or within 20 metres,52.208247,Darkness - no lighting,612060,261210,1.102316,E01030083,1,1,0,0,Wet or damp,Single carriageway,None,50,06:40:00,Rural,Fine no high winds,No,16 - 20,7,Rural,7,2494,None,Telegraph or electricity pole,Other/Not known (2005-10),Not at or within 20 metres of junction,TOYOTA,HILUX 270 GX MWB 4WD,Heavy oil,Male,Skidded and overturned,No tow/articulation,Nearside,0,Going ahead other,1,Car,No,Front,2010
201037B044535,A,143,NA,0,Slight,Other object on road,10-03-2010,Wednesday,1,Data missing or out of range,Not at junction or within 20 metres,52.150445,Darkness - no lighting,575110,253330,0.55809,E01030120,1,2,0,0,Wet or damp,Single carriageway,None,60,22:03:00,Rural,Fine no high winds,No,16 - 20,7,Urban area,7,1149,None,Telegraph or electricity pole,Other/Not known (2005-10),Not at or within 20 metres of junction,RENAULT,CLIO DYNAMIQUE 16V,Petrol,Male,Skidded and overturned,No tow/articulation,Offside and rebounded,0,Going ahead left-hand bend,1,Car,No,Front,2010
201037G029067,A,14,A,14,Slight,None,25-03-2010,Thursday,1,Give way or uncontrolled,Slip road,51.96623,Darkness - no lighting,628340,234970,1.322615,E01030171,6,6,0,0,Wet or damp,Dual carriageway,None,70,19:00:00,Urban,Fine no high winds,No,16 - 20,7,Urban area,10,1995,None,None,Other/Not known (2005-10),Approaching junction or waiting/parked at junction approach,TOYOTA,COROLLA TSPIRIT D4D,Heavy oil,Male,None,No tow/articulation,Did not leave carriageway,0,Waiting to go - held up,4,Car,No,Back,2010
20104100K0076,A,10,NA,0,Slight,None,09-02-2010,Tuesday,1,Not at junction or within 20 metres,Not at junction or within 20 metres,51.736356,Darkness - no lighting,535960,206020,-0.032424,E01023341,2,2,0,0,Wet or damp,Dual carriageway,None,70,18:15:00,Rural,Fine no high winds,No,16 - 20,7,Urban area,5,1199,None,None,Other/Not known (2005-10),Not at or within 20 metres of junction,VAUXHALL,CORSA ELEGANCE 16V,Petrol,Male,None,No tow/articulation,Did not leave carriageway,0,Going ahead other,2,Car,No,Front,2010
201043P090120,Unclassified,125,Unclassified,0,Slight,None,10-12-2010,Friday,1,Give way or uncontrolled,T or staggered junction,51.604614,Darkness - no lighting,464050,189940,-1.07655,E01028601,1,1,0,0,Wet or damp,Single carriageway,None,60,19:15:00,Rural,Fine no high winds,No,16 - 20,7,Small town,9,1598,Kerb,Tree,Other/Not known (2005-10),Mid Junction - on roundabout or on main road,RENAULT,MEGANE DYNAMIQUE 16V,Petrol,Male,Skidded and overturned,No tow/articulation,Offside,0,Going ahead left-hand bend,1,Car,No,Front,2010
201045RE51094,C,136,C,137,Slight,None,08-06-2010,Tuesday,1,Give way or uncontrolled,T or staggered junction,51.297371,Darkness - no lighting,527810,156960,-0.168163,E01030567,2,2,0,0,Dry,Single carriageway,None,40,21:52:00,Urban,Fine no high winds,No,16 - 20,7,Rural,5,1598,None,None,Other/Not known (2005-10),Approaching junction or waiting/parked at junction approach,VAUXHALL,ASTRA ACTIVE,Petrol,Male,None,No tow/articulation,Did not leave carriageway,0,Going ahead other,1,Car,No,Nearside,2010
201050CT2V002,Unclassified,0,Unclassified,0,Slight,None,01-09-2010,Wednesday,2,Give way or uncontrolled,T or staggered junction,50.905893,Darkness - no lighting,265000,113590,-3.921476,E01020311,1,2,0,0,Dry,Single carriageway,None,60,21:45:00,Rural,Fine no high winds,No,16 - 20,7,Rural,4,1896,None,None,Other/Not known (2005-10),Approaching junction or waiting/parked at junction approach,VOLKSWAGEN,GOLF MATCH TDI PD,Heavy oil,Male,None,No tow/articulation,Did not leave carriageway,0,Going ahead left-hand bend,2,Car,No,Front,2010
201050JI2I001,A,38,NA,0,Slight,Pedestrian in carriageway - not injured,08-04-2010,Thursday,1,Not at junction or within 20 metres,Not at junction or within 20 metres,50.384943,Darkness - no lighting,261490,55720,-3.949716,E01020159,2,2,0,0,Dry,Dual carriageway,Roadworks,70,04:38:00,Rural,Fine no high winds,No,16 - 20,7,Small town,8,1896,None,None,Other/Not known (2005-10),Not at or within 20 metres of junction,VOLKSWAGEN,GOLF GT TDI,Heavy oil,Male,None,No tow/articulation,Did not leave carriageway,0,Going ahead other,1,Car,No,Front,2010
201050JK2I002,A,379,NA,0,Slight,None,20-02-2010,Saturday,1,Not at junction or within 20 metres,Not at junction or within 20 metres,50.310853,Darkness - no lighting,269240,47280,-3.837831,E01020147,2,1,0,0,Wet or damp,Single carriageway,Mud,60,21:34:00,Rural,Fine no high winds,No,16 - 20,7,Urban area,2,1364,None,Other permanent object,Other/Not known (2005-10),Not at or within 20 metres of junction,MINI,ONE D,Heavy oil,Male,Skidded and overturned,No tow/articulation,Offside and rebounded,0,Going ahead left-hand bend,1,Car,No,Front,2010
201054EF01110,B,3109,NA,0,Slight,Other object on road,17-01-2010,Sunday,1,Not at junction or within 20 metres,Not at junction or within 20 metres,51.413352,Darkness - no lighting,384110,168290,-2.229892,E01031890,1,1,0,0,Wet or damp,Single carriageway,None,60,06:05:00,Rural,Fine no high winds,No,16 - 20,7,Urban area,9,1686,None,Tree,Other/Not known (2005-10),Not at or within 20 metres of junction,HONDA,CIVIC IMAGINE CDTI,Heavy oil,Male,None,No tow/articulation,Offside,0,Going ahead other,1,Car,No,Front,2010
201054EM30010,A,345,Unclassified,0,Slight,None,10-09-2010,Friday,1,Give way or uncontrolled,Private drive or entrance,51.107846,Darkness - no lighting,414550,134310,-1.793561,E01032013,3,2,0,0,Dry,Single carriageway,None,60,22:28:00,Rural,Fine no high winds,No,16 - 20,7,Rural,5,1896,None,None,Other/Not known (2005-10),Leaving main road,SEAT,LEON SE TDI 130,Heavy oil,Male,None,No tow/articulation,Did not leave carriageway,0,Turning right,2,Car,No,Offside,2010
201004FE10010,Unclassified,0,NA,0,Slight,None,09-02-2010,Tuesday,1,Data missing or out of range,Not at junction or within 20 metres,53.878549,Darkness - no lighting,392420,442490,-2.116789,E01025178,3,1,0,0,Wet or damp,Single carriageway,None,60,20:20:00,Rural,Fine no high winds,No,16 - 20,7,Urban area,1,1108,None,None,Other/Not known (2005-10),Not at or within 20 metres of junction,FIAT,SEICENTO SPORTING,Petrol,Male,Skidded and overturned,No tow/articulation,Did not leave carriageway,0,Going ahead right-hand bend,1,Car,No,Front,2010
2010160B05061,A,15,NA,0,Slight,None,12-11-2010,Friday,1,Data missing or out of range,Not at junction or within 20 metres,53.490642,Darkness - no lighting,496040,400300,-0.553903,E01013323,3,1,0,0,Dry,Single carriageway,None,60,16:59:00,Rural,Fine no high winds,No,16 - 20,7,Rural,4,1299,Kerb,Tree,Other/Not known (2005-10),Not at or within 20 metres of junction,FORD,KA,Petrol,Male,None,No tow/articulation,Offside,0,Going ahead other,1,Car,No,Front,2010
201045GU47496,Unclassified,53,Unclassified,53,Slight,None,12-07-2020,Monday,1,Give way or uncontrolled,T or staggered junction,22.07765572,Darkness - no lighting,497380,154280,82.17436543,E01030501,1,1,0,0,Frost or ice,Single carriageway,None,60,18:28:00,Rural,Fine no high winds,No,16 - 20,7,Urban area,4,1149,None,Entered ditch,Other/Not known (2005-10),Approaching junction or waiting/parked at junction approach,RENAULT,CLIO DYNAMIQUE 16V,Petrol,Female,Skidded and overturned,No tow/articulation,Offside,0,Going ahead right-hand bend,1,Car,No,Back,2019
201036T100030,B,1077,NA,0,Slight,None,08-09-2019,Sunday,1,Data missing or out of range,Not at junction or within 20 metres,22.07820513,Darkness - no lighting,596610,300650,82.1311329,E01026464,1,1,0,0,Frost or ice,Single carriageway,None,60,22:15:00,Rural,Fine no high winds,No,16 - 20,7,Rural,6,2495,None,Entered ditch,Other/Not known (2005-10),Not at or within 20 metres of junction,LAND ROVER,DEFENDER 90 TD5 COUNTY,Heavy oil,Female,Overturned,No tow/articulation,Offside,0,Going ahead other,1,Car,No,Front,2019
2010400D00748,C,219,Unclassified,0,Slight,None,05-06-2020,Saturday,1,Give way or uncontrolled,T or staggered junction,15.30003595,Darkness - no lighting,505170,219200,73.97321666,E01017561,1,2,0,0,Dry,Single carriageway,None,60,19:04:00,Rural,Fine no high winds,No,16 - 20,7,Urban area,5,1149,Kerb,None,Other/Not known (2005-10),Mid Junction - on roundabout or on main road,RENAULT,CLIO DYNAMIQUE 16V,Petrol,Female,Skidded,No tow/articulation,Did not leave carriageway,0,Going ahead left-hand bend,1,Car,No,Front,2019
201045TA51304,B,2028,NA,0,Slight,None,15-10-2020,Thursday,1,Data missing or out of range,Not at junction or within 20 metres,13.03210674,Darkness - no lighting,536580,142470,77.66070631,E01030816,3,2,0,0,Dry,Single carriageway,None,50,22:30:00,Rural,Fine no high winds,No,16 - 20,7,Small town,9,1390,None,Other permanent object,Other/Not known (2005-10),Not at or within 20 metres of junction,VOLKSWAGEN,GOLF MATCH,Petrol,Female,None,No tow/articulation,Nearside,0,Going ahead other,2,Car,No,Front,2020
201036T100030,B,1077,NA,0,Slight,None,21-02-2010,Sunday,1,Data missing or out of range,Not at junction or within 20 metres,52.568098,Darkness - no lighting,596610,300650,0.899641,E01026464,1,1,0,0,Frost or ice,Single carriageway,None,60,22:15:00,Rural,Fine no high winds,No,16 - 20,7,Rural,6,2495,None,Entered ditch,Other/Not known (2005-10),Not at or within 20 metres of junction,LAND ROVER,DEFENDER 90 TD5 COUNTY,Heavy oil,Female,Overturned,No tow/articulation,Offside,0,Going ahead other,1,Car,No,Front,2010
2010400D00748,C,219,Unclassified,0,Slight,None,13-03-2010,Saturday,1,Give way or uncontrolled,T or staggered junction,51.861436,Darkness - no lighting,505170,219200,-0.47414,E01017561,1,2,0,0,Dry,Single carriageway,None,60,19:04:00,Rural,Fine no high winds,No,16 - 20,7,Urban area,5,1149,Kerb,None,Other/Not known (2005-10),Mid Junction - on roundabout or on main road,RENAULT,CLIO DYNAMIQUE 16V,Petrol,Female,Skidded,No tow/articulation,Did not leave carriageway,0,Going ahead left-hand bend,1,Car,No,Front,2010
201045GU47496,Unclassified,53,Unclassified,53,Slight,None,04-01-2010,Monday,1,Give way or uncontrolled,T or staggered junction,51.279293,Darkness - no lighting,497380,154280,-0.605205,E01030501,1,1,0,0,Frost or ice,Single carriageway,None,60,18:28:00,Rural,Fine no high winds,No,16 - 20,7,Urban area,4,1149,None,Entered ditch,Other/Not known (2005-10),Approaching junction or waiting/parked at junction approach,RENAULT,CLIO DYNAMIQUE 16V,Petrol,Female,Skidded and overturned,No tow/articulation,Offside,0,Going ahead right-hand bend,1,Car,No,Back,2010
201045TA51304,B,2028,NA,0,Slight,None,13-05-2010,Thursday,1,Data missing or out of range,Not at junction or within 20 metres,51.165117,Darkness - no lighting,536580,142470,-0.047967,E01030816,3,2,0,0,Dry,Single carriageway,None,50,22:30:00,Rural,Fine no high winds,No,16 - 20,7,Small town,9,1390,None,Other permanent object,Other/Not known (2005-10),Not at or within 20 metres of junction,VOLKSWAGEN,GOLF MATCH,Petrol,Female,None,No tow/articulation,Nearside,0,Going ahead other,2,Car,No,Front,2010
2010550D54396,B,3073,Unclassified,0,Slight,None,11-12-2010,Saturday,1,Give way or uncontrolled,T or staggered junction,50.776463,Darkness - no lighting,410970,97450,-1.845799,E01020365,2,2,0,0,Wet or damp,Single carriageway,None,40,16:38:00,Rural,Fine no high winds,No,16 - 20,7,Small town,10,998,None,None,Commuting to/from work,Entering main road,TOYOTA,YARIS VVTI COLOUR COLLECTIO,Petrol,Female,None,No tow/articulation,Did not leave carriageway,0,Turning right,1,Car,No,Offside,2010
201060L161562,Unclassified,0,NA,0,Slight,None,30-08-2010,Monday,1,Data missing or out of range,Not at junction or within 20 metres,53.098067,Darkness - no lighting,245660,358140,-4.306633,W01000088,1,1,0,0,Dry,Single carriageway,None,60,00:10:00,Rural,Fine no high winds,No,16 - 20,7,Rural,NA,1124,None,Other permanent object,Other/Not known (2005-10),Not at or within 20 metres of junction,PEUGEOT,206 ENTICE,Petrol,Female,None,No tow/articulation,Nearside,0,Going ahead right-hand bend,1,Car,No,Front,2010