Accident_Index,1st_Road_Class,1st_Road_Number,2nd_Road_Class,2nd_Road_Number,Accident_Severity,Carriageway_Hazards,Date,Day_of_Week,Did_Police_Officer_Attend_Scene_of_Accident,Junction_Control,Junction_Detail,Latitude,Light_Conditions,Location_Easting_OSGR,Location_Northing_OSGR,Longitude,LSOA_of_Accident_Location,Number_of_Casualties,Number_of_Vehicles,Pedestrian_Crossing-Human_Control,Pedestrian_Crossing-Physical_Facilities,Road_Surface_Conditions,Road_Type,Special_Conditions_at_Site,Speed_limit,Time,Urban_or_Rural_Area,Weather_Conditions,InScotland,Age_Band_of_Driver,Age_of_Vehicle,Driver_Home_Area_Type,Driver_IMD_Decile,Engine_Capacity_.CC.,Hit_Object_in_Carriageway,Hit_Object_off_Carriageway,Journey_Purpose_of_Driver,Junction_Location,make,model,Propulsion_Code,Sex_of_Driver,Skidding_and_Overturning,Towing_and_Articulation,Vehicle_Leaving_Carriageway,Vehicle_Location.Restricted_Lane,Vehicle_Manoeuvre,Vehicle_Reference,Vehicle_Type,Was_Vehicle_Left_Hand_Drive,X1st_Point_of_Impact,Year
20104100C0337,C,131,Unclassified,151,Slight,None,02-03-2021,Sunday,1,Give way or uncontrolled,T or staggered junction,26.46625539,Daylight,511550,193600,80.27269855,E01023828,2,2,0,0,Dry,Single carriageway,None,30,09:55:00,Rural,Fine no high winds,No,16 - 20,7,Small town,7,1360,None,None,Other/Not known (2005-10),Approaching junction or waiting/parked at junction approach,CITROEN,C3 DESIRE,Petrol,Male,Skidded,No tow/articulation,Did not leave carriageway,0,Going ahead other,1,Car,No,Front,2020
20105500C0005,A,338,NA,0,Slight,None,22-07-2020,Saturday,1,Not at junction or within 20 metres,Not at junction or within 20 metres,28.60704429,Daylight,408550,91580,77.07304266,E01015283,1,1,0,0,Frost or ice,Dual carriageway,None,50,07:40:00,Urban,Fine no high winds,No,16 - 20,7,Urban area,8,1360,None,Near/Offside crash barrier,Journey as part of work,Not at or within 20 metres of junction,PEUGEOT,206 LOOK,Petrol,Male,Skidded,No tow/articulation,Nearside and rebounded,0,Going ahead other,1,Car,No,Nearside,2020
201042I088203,A,129,NA,0,Slight,None,21-01-2020,Monday,1,Not at junction or within 20 metres,Not at junction or within 20 metres,28.65162051,Daylight,580260,190240,77.35304915,E01021966,2,2,0,0,Dry,Single carriageway,None,30,08:45:00,Urban,Fine no high winds,No,16 - 20,7,Rural,8,1124,None,None,Taking pupil to/from school,Not at or within 20 metres of junction,PEUGEOT,206 ENTICE,Petrol,Male,None,No tow/articulation,Did not leave carriageway,0,Slowing or stopping,2,Car,No,Back,2020
201045RE50403,A,242,Unclassified,1245,Slight,None,15-04-2021,Monday,1,Give way or uncontrolled,Crossroads,28.58086979,Daylight,526000,150630,77.28725443,E01030627,2,2,0,1,Dry,Single carriageway,None,30,19:00:00,Urban,Fine no high winds,No,16 - 20,7,Urban area,9,1299,None,None,Other/Not known (2005-10),Mid Junction - on roundabout or on main road,FORD,KA STYLE,Petrol,Male,None,No tow/articulation,Did not leave carriageway,0,Turning right,2,Car,No,Offside,2020
201054DC12110,A,4259,C,402,Slight,None,15-08-2020,Monday,1,Give way or uncontrolled,Mini-roundabout,28.6950018,Daylight,415680,185270,77.11884167,E01015480,1,2,0,0,Dry,Roundabout,None,30,12:23:00,Urban,Fine no high winds,No,16 - 20,7,Urban area,10,1896,None,None,Other/Not known (2005-10),Entering roundabout,VOLKSWAGEN,GOLF GT TDI,Heavy oil,Male,None,No tow/articulation,Did not leave carriageway,0,Turning right,1,Car,No,Front,2020
201050EP2F022,B,3416,Unclassified,0,Slight,None,08-10-2021,Wednesday,1,Auto traffic signal,Slip road,28.59639947,Daylight,252700,56620,77.36378798,E01015118,2,5,0,0,Dry,Dual carriageway,None,40,14:19:00,Urban,Fine no high winds,No,16 - 20,7,Urban area,7,1124,None,None,Other/Not known (2005-10),Approaching junction or waiting/parked at junction approach,PEUGEOT,206 ENTICE,Petrol,Male,None,No tow/articulation,Did not leave carriageway,0,Waiting to turn right,4,Car,No,Back,2021
201050BD2J004,A,38,B,3251,Slight,None,07-12-2019,Wednesday,1,Give way or uncontrolled,T or staggered junction,28.5801338,Daylight,228870,60900,77.33832666,E01018778,2,2,0,0,Dry,Dual carriageway,None,30,17:41:00,Rural,Fine no high winds,No,16 - 20,7,Data missing or out of range,NA,1896,None,None,Other/Not known (2005-10),Approaching junction or waiting/parked at junction approach,AUDI,A3 TDI SPORT,Heavy oil,Male,None,No tow/articulation,Did not leave carriageway,0,Going ahead other,2,Car,No,Front,2021
201045TA50179,B,2031,NA,0,Slight,None,23-06-2019,Tuesday,2,Data missing or out of range,Not at junction or within 20 metres,28.66320527,Daylight,531400,155040,77.28589466,E01030820,1,1,0,0,Dry,Single carriageway,Road surface defective,30,10:25:00,Urban,Fine no high winds,No,16 - 20,7,Urban area,3,49,None,None,Other/Not known (2005-10),Not at or within 20 metres of junction,PIAGGIO,NRG,Petrol,Male,None,No tow/articulation,Did not leave carriageway,0,Going ahead other,1,Motorcycle 50cc and under,No,Nearside,2021
201050GN2D004,A,3058,A,3059,Slight,None,11-11-2021,Sunday,1,Give way or uncontrolled,T or staggered junction,18.63354787,Daylight,183930,61840,73.79343767,E01019049,3,2,0,0,Dry,Single carriageway,None,30,18:34:00,Urban,Fine no high winds,No,16 - 20,7,Data missing or out of range,NA,1896,None,None,Other/Not known (2005-10),Approaching junction or waiting/parked at junction approach,SEAT,LEON CUPRA TDI,Heavy oil,Male,None,No tow/articulation,Did not leave carriageway,0,Turning right,1,Car,No,Offside,2021
201050GW3O009,A,390,NA,0,Slight,None,15-07-2021,Friday,1,Not at junction or within 20 metres,Not at junction or within 20 metres,18.57296697,Daylight,205250,53210,73.76721275,E01019059,1,3,0,0,Dry,Single carriageway,None,30,15:45:00,Rural,Fine no high winds,No,16 - 20,7,Data missing or out of range,NA,1360,None,None,Other/Not known (2005-10),Not at or within 20 metres of junction,CITROEN,C3 SX,Petrol,Male,None,No tow/articulation,Did not leave carriageway,0,Going ahead other,1,Car,No,Front,2021
201043W113100,A,329,NA,0,Slight,None,02-09-2021,Tuesday,1,Data missing or out of range,Not at junction or within 20 metres,18.59253001,Daylight,474190,172370,73.93839118,E01016403,1,2,0,0,Dry,Single carriageway,None,30,15:48:00,Urban,Fine no high winds,No,16 - 20,7,Urban area,10,1299,None,None,Commuting to/from work,Not at or within 20 metres of junction,FORD,KA STYLE,Petrol,Male,None,No tow/articulation,Did not leave carriageway,0,Going ahead other,1,Car,No,Front,2021
201042I120204,A,13,Unclassified,0,Slight,None,21-04-2020,Wednesday,1,Give way or uncontrolled,Roundabout,18.63084196,Daylight,588560,185920,73.83542905,E01015895,1,2,0,0,Dry,Single carriageway,None,30,15:34:00,Urban,Fine no high winds,No,16 - 20,7,Urban area,10,1198,None,None,Other/Not known (2005-10),Leaving roundabout,VOLKSWAGEN,POLO TWIST,Petrol,Male,None,No tow/articulation,Did not leave carriageway,0,Slowing or stopping,1,Car,No,Front,2021
201037G030564,Unclassified,3123,Unclassified,0,Slight,None,17-06-2021,Thursday,2,Give way or uncontrolled,Private drive or entrance,18.58181345,Daylight,629230,235300,73.81099062,E01030161,1,2,0,0,Wet or damp,Single carriageway,None,30,18:10:00,Urban,Fine no high winds,No,16 - 20,7,Urban area,9,49,None,None,Journey as part of work,Approaching junction or waiting/parked at junction approach,PIAGGIO,NRG,Petrol,Male,None,No tow/articulation,Did not leave carriageway,0,Going ahead other,2,Motorcycle 50cc and under,No,Offside,2021
201042I178006,A,128,Unclassified,0,Slight,None,25-05-2019,Wednesday,1,Give way or uncontrolled,T or staggered junction,18.49288273,Daylight,559340,194350,73.80242403,E01021431,1,3,0,0,Dry,Single carriageway,None,30,19:29:00,Urban,Fine no high winds,No,16 - 20,7,Urban area,9,973,None,None,Other/Not known (2005-10),Cleared junction or waiting/parked at junction exit,VAUXHALL,CORSA LIFE 12V,Petrol,Male,None,No tow/articulation,Did not leave carriageway,0,Moving off,1,Car,No,Front,2021
201042I068803,B,1018,NA,0,Slight,None,22-01-2020,Friday,1,Not at junction or within 20 metres,Not at junction or within 20 metres,18.55124896,Daylight,589230,200070,73.871861,E01021875,2,2,0,0,Frost or ice,Single carriageway,None,60,08:00:00,Rural,Fine no high winds,No,16 - 20,7,Rural,6,1199,None,Other permanent object,Other/Not known (2005-10),Not at or within 20 metres of junction,VAUXHALL,CORSA ACTIVE 16V,Petrol,Male,Skidded,No tow/articulation,Did not leave carriageway,0,Going ahead other,1,Car,No,Front,2021
201037G029832,Unclassified,4094,NA,0,Slight,None,02-03-2019,Wednesday,1,Data missing or out of range,Not at junction or within 20 metres,18.64454903,Daylight,614810,246350,73.7367328,E01029977,1,1,0,0,Dry,Single carriageway,None,30,16:00:00,Urban,Fine no high winds,No,16 - 20,7,Urban area,2,49,Kerb,Other permanent object,Other/Not known (2005-10),Not at or within 20 metres of junction,PEUGEOT,SPEEDFIGHT,Petrol,Male,None,No tow/articulation,Nearside,0,Going ahead right-hand bend,1,Motorcycle 50cc and under,No,Nearside,2021
201045EP51225,A,24,Unclassified,0,Slight,None,09-06-2021,Monday,1,Give way or uncontrolled,Other junction,18.51495645,Daylight,521770,161790,73.80333351,E01030391,4,2,0,0,Dry,Unknown,None,30,13:00:00,Urban,Fine no high winds,No,16 - 20,7,Urban area,9,1242,None,None,Other/Not known (2005-10),Mid Junction - on roundabout or on main road,FIAT,PUNTO DYNAMIC 8V,Petrol,Male,None,No tow/articulation,Did not leave carriageway,0,Going ahead other,1,Car,No,Front,2021
201042I308409,A,129,NA,,Slight,None,06-09-2020,Wednesday,1,Give way or uncontrolled,Other junction,18.58519176,Daylight,568940,192940,73.76118543,E01021257,1,2,0,1,Dry,Single carriageway,None,30,15:33:00,Urban,Fine no high winds,No,16 - 20,7,Urban area,10,1390,None,None,Other/Not known (2005-10),Mid Junction - on roundabout or on main road,RENAULT,CLIO DYNAMIQUE 16V,Petrol,Male,None,No tow/articulation,Did not leave carriageway,0,Waiting to turn right,2,Car,No,Back,2021
201045SP51155,B,377,Unclassified,0,Slight,None,19-09-2021,Wednesday,1,Give way or uncontrolled,T or staggered junction,18.59947466,Daylight,506880,171320,73.73315858,E01030716,3,3,0,0,Dry,Dual carriageway,None,30,17:40:00,Urban,Fine no high winds,No,16 - 20,7,Urban area,10,1199,None,None,Other/Not known (2005-10),Approaching junction or waiting/parked at junction approach,VAUXHALL,CORSA CLUB 16V,Petrol,Male,None,No tow/articulation,Did not leave carriageway,0,Waiting to go - held up,2,Car,No,Back,2021
201042I213007,B,1029,NA,0,Slight,None,24-01-2021,Saturday,1,Not at junction or within 20 metres,Not at junction or within 20 metres,19.14837748,Daylight,607950,219030,72.91475858,E01021983,1,2,0,0,Dry,Single carriageway,None,40,14:23:00,Rural,Fine no high winds,No,16 - 20,7,Rural,4,124,None,None,Commuting to/from work,Not at or within 20 metres of junction,SUZUKI,,Petrol,Male,None,No tow/articulation,Did not leave carriageway,0,Going ahead other,2,Motorcycle 125cc and under,No,Front,2021
20104100J0673,A,4008,NA,0,Slight,None,04-09-2021,Friday,1,Not at junction or within 20 metres,Not at junction or within 20 metres,19.14520288,Daylight,511820,196810,72.84331637,E01023554,2,4,0,0,Dry,Dual carriageway,None,40,15:55:00,Rural,Fine no high winds,No,16 - 20,7,Urban area,10,1587,None,None,Other/Not known (2005-10),Not at or within 20 metres of junction,CITROEN,SAXO VTR,Petrol,Male,None,No tow/articulation,Did not leave carriageway,0,Changing lane to left,3,Car,No,Front,2021
201050KU2S003,Unclassified,0,NA,0,Slight,None,01-11-2020,Friday,1,Not at junction or within 20 metres,Not at junction or within 20 metres,19.15736646,Daylight,300450,112960,72.88066626,E01020059,1,1,0,0,Dry,Single carriageway,None,30,08:02:00,Rural,Fine no high winds,No,16 - 20,7,Rural,8,1124,None,Lamp post,Pupil riding to/from school,Not at or within 20 metres of junction,PEUGEOT,106 INDEPENDENCE,Petrol,Male,Skidded and overturned,No tow/articulation,Nearside and rebounded,0,Going ahead left-hand bend,1,Car,No,Front,2021
201043N259110,A,4094,A,4094,Slight,None,05-08-2020,Thursday,1,Give way or uncontrolled,T or staggered junction,19.06519727,Daylight,489510,187010,72.92505136,E01017847,1,2,0,0,Dry,Single carriageway,None,30,13:28:00,Urban,Fine no high winds,No,16 - 20,7,Small town,10,1240,None,None,Journey as part of work,Approaching junction or waiting/parked at junction approach,NISSAN,MICRA SE,Petrol,Male,None,No tow/articulation,Did not leave carriageway,0,Waiting to turn left,1,Car,No,Front,2021
201050GT3J005,A,39,C,354,Slight,None,27-09-2019,Wednesday,1,Give way or uncontrolled,T or staggered junction,19.1943816,Daylight,181550,42370,72.85135687,E01018817,1,2,0,0,Dry,Single carriageway,None,60,15:30:00,Rural,Fine no high winds,No,16 - 20,7,Rural,5,101,None,None,Other/Not known (2005-10),Cleared junction or waiting/parked at junction exit,SYM,JET 100,Petrol,Male,None,No tow/articulation,Did not leave carriageway,0,Going ahead other,1,Motorcycle 125cc and under,No,Nearside,2021
201037L018414,A,144,NA,0,Slight,None,07-01-2020,Friday,1,Data missing or out of range,Not at junction or within 20 metres,22.05752692,Daylight,639020,278210,69.68803732,E01030243,1,3,0,0,Dry,Single carriageway,None,30,08:20:00,Rural,Fine no high winds,No,16 - 20,7,Rural,6,49,None,None,Other/Not known (2005-10),Not at or within 20 metres of junction,PEUGEOT,XR6 S,Petrol,Male,None,No tow/articulation,Did not leave carriageway,0,Slowing or stopping,2,Motorcycle 50cc and under,No,Back,2021
201050CT2V001,B,3217,NA,0,Slight,None,14-08-2020,Friday,1,Not at junction or within 20 metres,Not at junction or within 20 metres,21.64903893,Daylight,258590,114970,71.65320188,E01020311,1,2,0,0,Dry,Single carriageway,None,60,15:15:00,Rural,Fine no high winds,No,16 - 20,7,Rural,7,49,None,None,Other/Not known (2005-10),Not at or within 20 metres of junction,PIAGGIO,ZIP,Petrol,Male,Overturned,No tow/articulation,Did not leave carriageway,0,Going ahead right-hand bend,1,Motorcycle 50cc and under,No,Front,2021
201045GU54044,Unclassified,4001,A,3,Slight,None,29-05-2020,Thursday,1,Give way or uncontrolled,Slip road,15.63513154,Daylight,497670,149920,73.61695577,E01030470,1,3,0,1,Wet or damp,Dual carriageway,None,50,11:55:00,Rural,Fine no high winds,No,16 - 20,7,Urban area,9,1587,None,None,Other/Not known (2005-10),Mid Junction - on roundabout or on main road,CITROEN,SAXO VTR,Petrol,Male,None,No tow/articulation,Did not leave carriageway,0,Going ahead other,1,Car,No,Back,2021
201042I234907,Unclassified,0,Unclassified,0,Slight,None,20-10-2019,Friday,1,Give way or uncontrolled,T or staggered junction,14.76181405,Daylight,568970,183010,78.49655174,E01015986,1,2,0,0,Dry,Single carriageway,None,30,07:30:00,Urban,Fine no high winds,No,16 - 20,7,Urban area,4,1149,None,None,Journey as part of work,Cleared junction or waiting/parked at junction exit,RENAULT,CLIO DYNAMIQUE 16V,Petrol,Male,None,No tow/articulation,Did not leave carriageway,0,Waiting to turn right,2,Car,No,Nearside,2019
2010400C02527,Unclassified,0,Unclassified,0,Slight,None,16-10-2021,Wednesday,1,Give way or uncontrolled,Mini-roundabout,14.79849837,Daylight,509440,221420,78.59389472,E01015794,1,2,0,0,Dry,Single carriageway,None,30,14:55:00,Urban,Fine no high winds,No,16 - 20,7,Urban area,2,1686,None,None,Other/Not known (2005-10),Entering roundabout,VAUXHALL,ASTRA LS DTI,Heavy oil,Male,None,No tow/articulation,Did not leave carriageway,0,Going ahead other,1,Car,No,Front,2019
201045TA52270,Motorway,25,NA,0,Slight,None,06-05-2020,Monday,1,Data missing or out of range,Not at junction or within 20 metres,27.09095293,Daylight,542300,154580,93.6300257,E01030849,1,2,0,0,Dry,Dual carriageway,None,70,06:30:00,Rural,Fine no high winds,No,16 - 20,7,Urban area,10,1747,None,Central crash barrier,Commuting to/from work,Not at or within 20 metres of junction,FIAT,BARCHETTA 16V,Petrol,Male,None,No tow/articulation,Offside on to centrl res + rebounded,0,Going ahead other,2,Car,No,Nearside,2019
201050BU2C019,C,30,NA,0,Slight,None,05-07-2021,Wednesday,2,Not at junction or within 20 metres,Not at junction or within 20 metres,27.09211823,Daylight,220890,106340,93.6135216,E01018936,2,1,0,0,Dry,Single carriageway,None,30,18:00:00,Rural,Fine no high winds,No,16 - 20,7,Data missing or out of range,NA,125,None,None,Other/Not known (2005-10),Not at or within 20 metres of junction,HONDA,,Petrol,Male,None,No tow/articulation,Did not leave carriageway,0,Slowing or stopping,1,Motorcycle 125cc and under,No,Front,2019
201001GD10229,A,107,A,106,Slight,None,11-04-2010,Sunday,1,Auto traffic signal,T or staggered junction,51.539808,Daylight,534920,184120,-0.055912,E01001839,3,2,0,5,Dry,Single carriageway,None,30,12:56:00,Urban,Fine no high winds,No,16 - 20,7,Urban area,2,1149,None,None,Other/Not known (2005-10),Cleared junction or waiting/parked at junction exit,RENAULT,CLIO EXPRESSION 16V,Petrol,Male,None,No tow/articulation,Did not leave carriageway,0,Moving off,2,Car,No,Front,2010
201001HT20173,A,107,A,107,Slight,None,22-03-2010,Monday,1,Give way or uncontrolled,T or staggered junction,51.52271,Daylight,535020,182220,-0.055199,E01004212,1,2,0,1,Dry,Single carriageway,None,30,14:31:00,Urban,Fine no high winds,No,16 - 20,7,Data missing or out of range,NA,1360,None,None,Other/Not known (2005-10),Cleared junction or waiting/parked at junction exit,PEUGEOT,307 S,Petrol,Male,None,No tow/articulation,Did not leave carriageway,0,Slowing or stopping,1,Car,No,Front,2010
201001HT20700,A,13,A,1203,Slight,None,23-09-2010,Thursday,1,Auto traffic signal,Crossroads,51.512639,Daylight,536170,181130,-0.039054,E01004299,2,2,0,5,Dry,Single carriageway,None,30,06:31:00,Urban,Fine no high winds,No,16 - 20,7,Urban area,1,1796,None,None,Other/Not known (2005-10),Mid Junction - on roundabout or on main road,VAUXHALL,VECTRA SRI 16V,Petrol,Male,None,No tow/articulation,Did not leave carriageway,0,Going ahead other,2,Car,No,Offside,2010
201001JC30566,A,112,Unclassified,0,Slight,None,06-10-2010,Wednesday,1,Give way or uncontrolled,T or staggered junction,51.561615,Daylight,538020,186630,-0.010255,E01004373,1,1,0,0,Dry,Single carriageway,None,30,15:45:00,Urban,Fine no high winds,No,16 - 20,7,Urban area,3,1796,None,None,Other/Not known (2005-10),Cleared junction or waiting/parked at junction exit,VAUXHALL,VECTRA SXI 16V,Petrol,Male,None,No tow/articulation,Did not leave carriageway,0,Slowing or stopping,1,Car,No,Front,2010
201001KD50625,C,0,C,0,Slight,None,25-11-2010,Thursday,1,Give way or uncontrolled,T or staggered junction,51.543257,Daylight,554760,185070,0.230372,E01002385,1,2,0,0,Dry,Single carriageway,None,30,15:13:00,Rural,Fine no high winds,No,16 - 20,7,Urban area,7,2148,None,None,Other/Not known (2005-10),Approaching junction or waiting/parked at junction approach,MERCEDES,C220 CDI SE,Heavy oil,Male,None,No tow/articulation,Did not leave carriageway,0,Going ahead other,2,Car,No,Offside,2010
201001KF60251,A,13,A,112,Slight,None,03-05-2010,Monday,1,Auto traffic signal,Crossroads,51.51683,Daylight,541070,181730,0.031753,E01003517,3,2,0,5,Dry,Dual carriageway,None,40,12:30:00,Urban,Fine no high winds,No,16 - 20,7,Urban area,2,1388,Kerb,Road sign or traffic signal,Other/Not known (2005-10),Cleared junction or waiting/parked at junction exit,FORD,FIESTA BLACK,Petrol,Male,None,No tow/articulation,Nearside,0,Changing lane to left,1,Car,No,Nearside,2010
201001KF60280,C,0,Unclassified,0,Slight,None,11-05-2010,Tuesday,2,Give way or uncontrolled,T or staggered junction,51.535917,Daylight,541640,183870,0.040822,E01003488,1,2,0,0,Dry,Single carriageway,None,30,21:00:00,Urban,Fine no high winds,No,16 - 20,7,Data missing or out of range,NA,1997,Parked vehicle,None,Journey as part of work,Mid Junction - on roundabout or on main road,CITROEN,RELAY 1000 TD HDI SWB,Heavy oil,Male,None,No tow/articulation,Did not leave carriageway,0,Turning right,1,Van / Goods 3.5 tonnes mgw or under,No,Front,2010
201001KG70256,A,124,Unclassified,0,Slight,None,05-07-2010,Monday,1,Give way or uncontrolled,T or staggered junction,51.541706,Daylight,544680,184600,0.084923,E01000009,1,2,0,0,Dry,Single carriageway,None,30,14:40:00,Urban,Fine no high winds,No,16 - 20,7,Urban area,2,1753,None,None,Other/Not known (2005-10),Mid Junction - on roundabout or on main road,FORD,FOCUS GHIA TDCI,Heavy oil,Male,None,No tow/articulation,Did not leave carriageway,0,Going ahead other,1,Car,No,Front,2010
201001KG70312,A,1112,Unclassified,0,Slight,None,19-08-2010,Thursday,1,Give way or uncontrolled,T or staggered junction,51.566336,Daylight,548790,187460,0.145356,E01000111,1,2,0,0,Dry,Single carriageway,None,30,12:39:00,Urban,Fine no high winds,No,16 - 20,7,Urban area,6,1998,None,None,Commuting to/from work,Mid Junction - on roundabout or on main road,HONDA,CR-V I-VTEC EXECUTIVE,Petrol,Male,None,No tow/articulation,Did not leave carriageway,0,Moving off,1,Car,No,Front,2010
201001LX50108,Unclassified,0,Unclassified,0,Slight,None,12-02-2010,Friday,1,Give way or uncontrolled,T or staggered junction,51.497673,Daylight,531050,179330,-0.113463,E01003014,1,2,0,0,Wet or damp,Single carriageway,None,30,14:15:00,Urban,Fine no high winds,No,16 - 20,7,Urban area,2,125,None,None,Other/Not known (2005-10),Mid Junction - on roundabout or on main road,HONDA,SH125,Petrol,Male,None,No tow/articulation,Did not leave carriageway,0,Going ahead other,1,Motorcycle 125cc and under,No,Front,2010
201001LX50717,A,203,NA,0,Slight,None,13-08-2010,Friday,1,Data missing or out of range,Not at junction or within 20 metres,51.472725,Daylight,530510,176540,-0.122268,E01003126,1,2,0,5,Dry,Single carriageway,None,30,10:00:00,Urban,Fine no high winds,No,16 - 20,7,Urban area,5,1390,None,None,Commuting to/from work,Not at or within 20 metres of junction,VOLKSWAGEN,GOLF MATCH,Petrol,Male,None,No tow/articulation,Did not leave carriageway,0,Changing lane to right,1,Car,No,Offside,2010
201001LX51008,A,3,NA,0,Slight,None,04-11-2010,Thursday,1,Data missing or out of range,Not at junction or within 20 metres,51.465733,Daylight,530040,175750,-0.129322,E01003090,1,2,0,0,Dry,Single carriageway,None,30,14:10:00,Urban,Fine no high winds,No,16 - 20,7,Urban area,3,102,None,None,Other/Not known (2005-10),Not at or within 20 metres of junction,HONDA,SCV100F-E,Petrol,Male,None,No tow/articulation,Did not leave carriageway,0,Going ahead other,2,Motorcycle 125cc and under,No,Offside,2010
201001QA10034,A,404,Unclassified,0,Slight,None,05-02-2010,Friday,1,Give way or uncontrolled,Crossroads,51.578314,Daylight,515270,187920,-0.337874,E01002129,1,2,0,4,Dry,Single carriageway,None,30,12:35:00,Urban,Fine no high winds,No,16 - 20,7,Urban area,6,973,None,None,Pupil riding to/from school,Mid Junction - on roundabout or on main road,VAUXHALL,CORSA LIFE 12V,Petrol,Male,None,No tow/articulation,Did not leave carriageway,0,Turning right,2,Car,No,Back,2010
201001RG40295,Unclassified,0,Unclassified,0,Slight,None,07-05-2010,Friday,1,Give way or uncontrolled,T or staggered junction,51.478909,Daylight,544980,177620,0.086378,E01001683,1,1,0,0,Dry,Single carriageway,None,30,11:33:00,Urban,Fine no high winds,No,16 - 20,7,Urban area,3,1796,None,None,Other/Not known (2005-10),Approaching junction or waiting/parked at junction approach,BMW,316TI SE COMPACT,Petrol,Male,None,No tow/articulation,Did not leave carriageway,0,Overtaking static vehicle - offside,1,Car,No,Nearside,2010
201001RG40476,C,0,Unclassified,0,Slight,None,12-08-2010,Thursday,1,Give way or uncontrolled,T or staggered junction,51.460721,Daylight,542650,175530,0.052005,E01001607,1,1,0,0,Dry,Single carriageway,None,30,19:15:00,Urban,Fine no high winds,No,16 - 20,7,Urban area,9,1242,Bollard or refuge,None,Other/Not known (2005-10),Approaching junction or waiting/parked at junction approach,FIAT,PUNTO ACTIVE 8V,Petrol,Male,None,No tow/articulation,Did not leave carriageway,0,Going ahead other,1,Car,No,Front,2010
201001RY10504,A,222,Unclassified,0,Slight,None,24-02-2010,Wednesday,1,Give way or uncontrolled,T or staggered junction,51.441573,Daylight,549310,173590,0.146986,E01000447,1,1,0,8,Dry,Single carriageway,None,30,15:50:00,Urban,Fine no high winds,No,16 - 20,7,Urban area,8,1198,None,None,Other/Not known (2005-10),Cleared junction or waiting/parked at junction exit,VOLKSWAGEN,POLO E,Petrol,Male,None,No tow/articulation,Did not leave carriageway,0,Overtaking static vehicle - offside,1,Car,No,Front,2010
201034TM40920,Motorway,1,NA,0,Slight,None,11-10-2010,Monday,1,Data missing or out of range,Not at junction or within 20 metres,52.190446,Daylight,475050,255260,-0.90354,E01027278,2,5,0,0,Dry,Dual carriageway,None,70,12:30:00,Rural,Fine no high winds,No,16 - 20,7,Rural,9,1598,None,None,Other/Not known (2005-10),Not at or within 20 metres of junction,VOLKSWAGEN,GOLF MATCH,Petrol,Male,None,No tow/articulation,Did not leave carriageway,0,Waiting to go - held up,4,Car,No,Front,2010
201037G029335,Unclassified,2454,Unclassified,2461,Slight,None,13-05-2010,Thursday,2,Give way or uncontrolled,T or staggered junction,52.045494,Daylight,620100,243430,1.2083,E01030206,1,2,0,0,Dry,Single carriageway,None,30,09:20:00,Urban,Fine no high winds,No,16 - 20,7,Urban area,1,49,None,None,Pupil riding to/from school,Approaching junction or waiting/parked at junction approach,SYM,JET,Petrol,Male,None,No tow/articulation,Did not leave carriageway,0,Going ahead left-hand bend,1,Motorcycle 50cc and under,No,Front,2010
201037G029832,Unclassified,4094,NA,0,Slight,None,28-07-2010,Wednesday,1,Data missing or out of range,Not at junction or within 20 metres,52.073782,Daylight,614810,246350,1.133117,E01029977,1,1,0,0,Dry,Single carriageway,None,30,16:00:00,Urban,Fine no high winds,No,16 - 20,7,Urban area,2,49,Kerb,Other permanent object,Other/Not known (2005-10),Not at or within 20 metres of junction,PEUGEOT,SPEEDFIGHT,Petrol,Male,None,No tow/articulation,Nearside,0,Going ahead right-hand bend,1,Motorcycle 50cc and under,No,Nearside,2010
201037G030564,Unclassified,3123,Unclassified,0,Slight,None,18-11-2010,Thursday,2,Give way or uncontrolled,Private drive or entrance,51.968826,Daylight,629230,235300,1.335767,E01030161,1,2,0,0,Wet or damp,Single carriageway,None,30,18:10:00,Urban,Fine no high winds,No,16 - 20,7,Urban area,9,49,None,None,Journey as part of work,Approaching junction or waiting/parked at junction approach,PIAGGIO,NRG,Petrol,Male,None,No tow/articulation,Did not leave carriageway,0,Going ahead other,2,Motorcycle 50cc and under,No,Offside,2010
201037L018414,A,144,NA,0,Slight,None,03-09-2010,Friday,1,Data missing or out of range,Not at junction or within 20 metres,52.349776,Daylight,639020,278210,1.508195,E01030243,1,3,0,0,Dry,Single carriageway,None,30,08:20:00,Rural,Fine no high winds,No,16 - 20,7,Rural,6,49,None,None,Other/Not known (2005-10),Not at or within 20 metres of junction,PEUGEOT,XR6 S,Petrol,Male,None,No tow/articulation,Did not leave carriageway,0,Slowing or stopping,2,Motorcycle 50cc and under,No,Back,2010
2010400C02527,Unclassified,0,Unclassified,0,Slight,None,01-09-2010,Wednesday,1,Give way or uncontrolled,Mini-roundabout,51.880568,Daylight,509440,221420,-0.411453,E01015794,1,2,0,0,Dry,Single carriageway,None,30,14:55:00,Urban,Fine no high winds,No,16 - 20,7,Urban area,2,1686,None,None,Other/Not known (2005-10),Entering roundabout,VAUXHALL,ASTRA LS DTI,Heavy oil,Male,None,No tow/articulation,Did not leave carriageway,0,Going ahead other,1,Car,No,Front,2010
20104100A0676,A,602,NA,0,Slight,None,19-10-2010,Tuesday,1,Not at junction or within 20 metres,Not at junction or within 20 metres,51.844355,Daylight,533020,217960,-0.0704,E01023485,1,2,0,0,Wet or damp,Single carriageway,None,60,16:50:00,Rural,Fine no high winds,No,16 - 20,7,Rural,7,49,None,None,Other/Not known (2005-10),Not at or within 20 metres of junction,PIAGGIO,NRG,Petrol,Male,Skidded,No tow/articulation,Did not leave carriageway,0,Slowing or stopping,1,Motorcycle 50cc and under,No,Front,2010