Accident_Index,1st_Road_Class,1st_Road_Number,2nd_Road_Class,2nd_Road_Number,Accident_Severity,Carriageway_Hazards,Date,Day_of_Week,Did_Police_Officer_Attend_Scene_of_Accident,Junction_Control,Junction_Detail,Latitude,Light_Conditions,Location_Easting_OSGR,Location_Northing_OSGR,Longitude,LSOA_of_Accident_Location,Number_of_Casualties,Number_of_Vehicles,Pedestrian_Crossing-Human_Control,Pedestrian_Crossing-Physical_Facilities,Road_Surface_Conditions,Road_Type,Special_Conditions_at_Site,Speed_limit,Time,Urban_or_Rural_Area,Weather_Conditions,InScotland,Age_Band_of_Driver,Age_of_Vehicle,Driver_Home_Area_Type,Driver_IMD_Decile,Engine_Capacity_.CC.,Hit_Object_in_Carriageway,Hit_Object_off_Carriageway,Journey_Purpose_of_Driver,Junction_Location,make,model,Propulsion_Code,Sex_of_Driver,Skidding_and_Overturning,Towing_and_Articulation,Vehicle_Leaving_Carriageway,Vehicle_Location.Restricted_Lane,Vehicle_Manoeuvre,Vehicle_Reference,Vehicle_Type,Was_Vehicle_Left_Hand_Drive,X1st_Point_of_Impact,Year
201060L160602,A,496,Unclassified,0,Slight,None,28-08-2010,Saturday,1,Give way or uncontrolled,Private drive or entrance,52.825158,Daylight,258300,327370,-4.104522,W01000079,2,2,0,0,Wet or damp,Single carriageway,None,30,17:10:00,Rural,Fine no high winds,No,16 - 20,7,Urban area,NA,1596,None,None,Other/Not known (2005-10),Approaching junction or waiting/parked at junction approach,FORD,FOCUS EBONY,Petrol,Male,None,No tow/articulation,Did not leave carriageway,0,Waiting to turn right,2,Car,No,Back,2010
201001GD10229,A,107,A,106,Slight,None,11-04-2010,Sunday,1,Auto traffic signal,T or staggered junction,51.539808,Daylight,534920,184120,-0.055912,E01001839,3,2,0,5,Dry,Single carriageway,None,30,12:56:00,Urban,Fine no high winds,No,16 - 20,7,Urban area,2,1149,None,None,Other/Not known (2005-10),Cleared junction or waiting/parked at junction exit,RENAULT,CLIO EXPRESSION 16V,Petrol,Male,None,No tow/articulation,Did not leave carriageway,0,Moving off,2,Car,No,Front,2010
201001HT20173,A,107,A,107,Slight,None,22-03-2010,Monday,1,Give way or uncontrolled,T or staggered junction,51.52271,Daylight,535020,182220,-0.055199,E01004212,1,2,0,1,Dry,Single carriageway,None,30,14:31:00,Urban,Fine no high winds,No,16 - 20,7,Data missing or out of range,NA,1360,None,None,Other/Not known (2005-10),Cleared junction or waiting/parked at junction exit,PEUGEOT,307 S,Petrol,Male,None,No tow/articulation,Did not leave carriageway,0,Slowing or stopping,1,Car,No,Front,2010
201001HT20700,A,13,A,1203,Slight,None,23-09-2010,Thursday,1,Auto traffic signal,Crossroads,51.512639,Daylight,536170,181130,-0.039054,E01004299,2,2,0,5,Dry,Single carriageway,None,30,06:31:00,Urban,Fine no high winds,No,16 - 20,7,Urban area,1,1796,None,None,Other/Not known (2005-10),Mid Junction - on roundabout or on main road,VAUXHALL,VECTRA SRI 16V,Petrol,Male,None,No tow/articulation,Did not leave carriageway,0,Going ahead other,2,Car,No,Offside,2010
201001JC30566,A,112,Unclassified,0,Slight,None,06-10-2010,Wednesday,1,Give way or uncontrolled,T or staggered junction,51.561615,Daylight,538020,186630,-0.010255,E01004373,1,1,0,0,Dry,Single carriageway,None,30,15:45:00,Urban,Fine no high winds,No,16 - 20,7,Urban area,3,1796,None,None,Other/Not known (2005-10),Cleared junction or waiting/parked at junction exit,VAUXHALL,VECTRA SXI 16V,Petrol,Male,None,No tow/articulation,Did not leave carriageway,0,Slowing or stopping,1,Car,No,Front,2010
201001KD50625,C,0,C,0,Slight,None,25-11-2010,Thursday,1,Give way or uncontrolled,T or staggered junction,51.543257,Daylight,554760,185070,0.230372,E01002385,1,2,0,0,Dry,Single carriageway,None,30,15:13:00,Rural,Fine no high winds,No,16 - 20,7,Urban area,7,2148,None,None,Other/Not known (2005-10),Approaching junction or waiting/parked at junction approach,MERCEDES,C220 CDI SE,Heavy oil,Male,None,No tow/articulation,Did not leave carriageway,0,Going ahead other,2,Car,No,Offside,2010
201001KF60251,A,13,A,112,Slight,None,03-05-2010,Monday,1,Auto traffic signal,Crossroads,51.51683,Daylight,541070,181730,0.031753,E01003517,3,2,0,5,Dry,Dual carriageway,None,40,12:30:00,Urban,Fine no high winds,No,16 - 20,7,Urban area,2,1388,Kerb,Road sign or traffic signal,Other/Not known (2005-10),Cleared junction or waiting/parked at junction exit,FORD,FIESTA BLACK,Petrol,Male,None,No tow/articulation,Nearside,0,Changing lane to left,1,Car,No,Nearside,2010
201001KF60280,C,0,Unclassified,0,Slight,None,11-05-2010,Tuesday,2,Give way or uncontrolled,T or staggered junction,51.535917,Daylight,541640,183870,0.040822,E01003488,1,2,0,0,Dry,Single carriageway,None,30,21:00:00,Urban,Fine no high winds,No,16 - 20,7,Data missing or out of range,NA,1997,Parked vehicle,None,Journey as part of work,Mid Junction - on roundabout or on main road,CITROEN,RELAY 1000 TD HDI SWB,Heavy oil,Male,None,No tow/articulation,Did not leave carriageway,0,Turning right,1,Van / Goods 3.5 tonnes mgw or under,No,Front,2010
201001KG70256,A,124,Unclassified,0,Slight,None,05-07-2010,Monday,1,Give way or uncontrolled,T or staggered junction,51.541706,Daylight,544680,184600,0.084923,E01000009,1,2,0,0,Dry,Single carriageway,None,30,14:40:00,Urban,Fine no high winds,No,16 - 20,7,Urban area,2,1753,None,None,Other/Not known (2005-10),Mid Junction - on roundabout or on main road,FORD,FOCUS GHIA TDCI,Heavy oil,Male,None,No tow/articulation,Did not leave carriageway,0,Going ahead other,1,Car,No,Front,2010
201001KG70312,A,1112,Unclassified,0,Slight,None,19-08-2010,Thursday,1,Give way or uncontrolled,T or staggered junction,51.566336,Daylight,548790,187460,0.145356,E01000111,1,2,0,0,Dry,Single carriageway,None,30,12:39:00,Urban,Fine no high winds,No,16 - 20,7,Urban area,6,1998,None,None,Commuting to/from work,Mid Junction - on roundabout or on main road,HONDA,CR-V I-VTEC EXECUTIVE,Petrol,Male,None,No tow/articulation,Did not leave carriageway,0,Moving off,1,Car,No,Front,2010
201001LX50108,Unclassified,0,Unclassified,0,Slight,None,12-02-2010,Friday,1,Give way or uncontrolled,T or staggered junction,51.497673,Daylight,531050,179330,-0.113463,E01003014,1,2,0,0,Wet or damp,Single carriageway,None,30,14:15:00,Urban,Fine no high winds,No,16 - 20,7,Urban area,2,125,None,None,Other/Not known (2005-10),Mid Junction - on roundabout or on main road,HONDA,SH125,Petrol,Male,None,No tow/articulation,Did not leave carriageway,0,Going ahead other,1,Motorcycle 125cc and under,No,Front,2010
201001LX50717,A,203,NA,0,Slight,None,13-08-2010,Friday,1,Data missing or out of range,Not at junction or within 20 metres,51.472725,Daylight,530510,176540,-0.122268,E01003126,1,2,0,5,Dry,Single carriageway,None,30,10:00:00,Urban,Fine no high winds,No,16 - 20,7,Urban area,5,1390,None,None,Commuting to/from work,Not at or within 20 metres of junction,VOLKSWAGEN,GOLF MATCH,Petrol,Male,None,No tow/articulation,Did not leave carriageway,0,Changing lane to right,1,Car,No,Offside,2010
201001LX51008,A,3,NA,0,Slight,None,04-11-2010,Thursday,1,Data missing or out of range,Not at junction or within 20 metres,51.465733,Daylight,530040,175750,-0.129322,E01003090,1,2,0,0,Dry,Single carriageway,None,30,14:10:00,Urban,Fine no high winds,No,16 - 20,7,Urban area,3,102,None,None,Other/Not known (2005-10),Not at or within 20 metres of junction,HONDA,SCV100F-E,Petrol,Male,None,No tow/articulation,Did not leave carriageway,0,Going ahead other,2,Motorcycle 125cc and under,No,Offside,2010
201001QA10034,A,404,Unclassified,0,Slight,None,05-02-2010,Friday,1,Give way or uncontrolled,Crossroads,51.578314,Daylight,515270,187920,-0.337874,E01002129,1,2,0,4,Dry,Single carriageway,None,30,12:35:00,Urban,Fine no high winds,No,16 - 20,7,Urban area,6,973,None,None,Pupil riding to/from school,Mid Junction - on roundabout or on main road,VAUXHALL,CORSA LIFE 12V,Petrol,Male,None,No tow/articulation,Did not leave carriageway,0,Turning right,2,Car,No,Back,2010
201001RG40295,Unclassified,0,Unclassified,0,Slight,None,07-05-2010,Friday,1,Give way or uncontrolled,T or staggered junction,51.478909,Daylight,544980,177620,0.086378,E01001683,1,1,0,0,Dry,Single carriageway,None,30,11:33:00,Urban,Fine no high winds,No,16 - 20,7,Urban area,3,1796,None,None,Other/Not known (2005-10),Approaching junction or waiting/parked at junction approach,BMW,316TI SE COMPACT,Petrol,Male,None,No tow/articulation,Did not leave carriageway,0,Overtaking static vehicle - offside,1,Car,No,Nearside,2010
201001RG40476,C,0,Unclassified,0,Slight,None,12-08-2010,Thursday,1,Give way or uncontrolled,T or staggered junction,51.460721,Daylight,542650,175530,0.052005,E01001607,1,1,0,0,Dry,Single carriageway,None,30,19:15:00,Urban,Fine no high winds,No,16 - 20,7,Urban area,9,1242,Bollard or refuge,None,Other/Not known (2005-10),Approaching junction or waiting/parked at junction approach,FIAT,PUNTO ACTIVE 8V,Petrol,Male,None,No tow/articulation,Did not leave carriageway,0,Going ahead other,1,Car,No,Front,2010
201001RY10504,A,222,Unclassified,0,Slight,None,24-02-2010,Wednesday,1,Give way or uncontrolled,T or staggered junction,51.441573,Daylight,549310,173590,0.146986,E01000447,1,1,0,8,Dry,Single carriageway,None,30,15:50:00,Urban,Fine no high winds,No,16 - 20,7,Urban area,8,1198,None,None,Other/Not known (2005-10),Cleared junction or waiting/parked at junction exit,VOLKSWAGEN,POLO E,Petrol,Male,None,No tow/articulation,Did not leave carriageway,0,Overtaking static vehicle - offside,1,Car,No,Front,2010
201001TW60313,A,305,Unclassified,0,Slight,None,02-10-2010,Saturday,1,Give way or uncontrolled,Private drive or entrance,51.444143,Daylight,515180,172990,-0.344046,E01003885,1,3,0,0,Dry,Single carriageway,None,30,17:40:00,Urban,Fine no high winds,No,16 - 20,7,Urban area,5,599,None,None,Other/Not known (2005-10),Mid Junction - on roundabout or on main road,HONDA,CBR 600 RR-3,Petrol,Male,None,No tow/articulation,Did not leave carriageway,0,Slowing or stopping,1,Motorcycle over 500cc,No,Front,2010
201001TX20418,A,244,Unclassified,0,Slight,None,24-06-2010,Thursday,1,Auto traffic signal,Crossroads,51.440981,Daylight,510290,172530,-0.414523,E01002614,1,3,0,5,Dry,Single carriageway,None,30,15:45:00,Urban,Fine no high winds,No,16 - 20,7,Urban area,9,1390,None,None,Taking pupil to/from school,Approaching junction or waiting/parked at junction approach,VOLKSWAGEN,GOLF MATCH,Petrol,Male,None,No tow/articulation,Did not leave carriageway,0,Slowing or stopping,3,Car,No,Front,2010
201001VW40050,A,236,NA,0,Slight,None,06-02-2010,Saturday,1,Data missing or out of range,Not at junction or within 20 metres,51.397183,Daylight,528370,168080,-0.156128,E01003375,6,4,0,0,Dry,Single carriageway,None,30,15:40:00,Urban,Fine no high winds,No,16 - 20,7,Urban area,3,1998,None,None,Journey as part of work,Not at or within 20 metres of junction,FORD,TRANSIT 280 SWB TD,Heavy oil,Male,None,No tow/articulation,Did not leave carriageway,0,Going ahead other,1,Van / Goods 3.5 tonnes mgw or under,No,Front,2010
201001XD80411,A,4020,A,4020,Slight,None,11-06-2010,Friday,1,Auto traffic signal,Crossroads,51.50712,Daylight,520070,180110,-0.271298,E01001351,1,2,0,5,Dry,Single carriageway,None,30,14:27:00,Urban,Fine no high winds,No,16 - 20,7,Urban area,1,645,None,None,Other/Not known (2005-10),Mid Junction - on roundabout or on main road,SUZUKI,SV 650 K3,Petrol,Male,None,No tow/articulation,Did not leave carriageway,0,Turning right,2,Motorcycle 125cc and under,No,Front,2010
201001XH30407,C,0,C,0,Slight,None,24-06-2010,Thursday,1,Give way or uncontrolled,T or staggered junction,51.580003,Daylight,507630,187940,-0.44808,E01002441,3,1,0,0,Dry,Single carriageway,None,40,20:23:00,Rural,Fine no high winds,No,16 - 20,7,Urban area,8,1124,Kerb,None,Other/Not known (2005-10),Approaching junction or waiting/parked at junction approach,PEUGEOT,106 INDEPENDENCE,Petrol,Male,Skidded and overturned,No tow/articulation,Offside,0,Going ahead other,1,Car,No,Front,2010
201001XH30421,A,408,NA,0,Slight,None,04-07-2010,Sunday,1,Data missing or out of range,Not at junction or within 20 metres,51.542315,Daylight,505390,183700,-0.481666,E01002521,2,2,0,0,Dry,Single carriageway,None,30,12:45:00,Urban,Fine no high winds,No,16 - 20,7,Urban area,2,1149,None,None,Other/Not known (2005-10),Not at or within 20 metres of junction,RENAULT,CLIO EXPRESSION 16V,Petrol,Male,None,No tow/articulation,Did not leave carriageway,0,U-turn,1,Car,No,Offside,2010
201001YE80483,A,10,NA,0,Slight,None,27-06-2010,Sunday,1,Data missing or out of range,Not at junction or within 20 metres,51.648514,Daylight,534290,196200,-0.060371,E01001511,2,2,0,0,Dry,Dual carriageway,None,40,12:10:00,Urban,Fine no high winds,No,16 - 20,7,Urban area,3,1995,None,None,Other/Not known (2005-10),Not at or within 20 metres of junction,BMW,318 CI,Petrol,Male,Skidded,No tow/articulation,Did not leave carriageway,0,Changing lane to left,1,Car,No,Front,2010
201001ZD30625,A,235,B,275,Slight,None,04-08-2010,Wednesday,2,Auto traffic signal,Crossroads,51.363799,Daylight,532470,164470,-0.098571,E01001170,2,1,0,5,Dry,Single carriageway,None,30,14:58:00,Urban,Fine no high winds,No,16 - 20,7,Urban area,2,9200,None,None,Journey as part of work,Approaching junction or waiting/parked at junction approach,DAF,,Heavy oil,Male,None,No tow/articulation,Did not leave carriageway,0,Slowing or stopping,1,Bus or coach (17 or more pass seats),No,Did not impact,2010
201001ZD30661,C,0,NA,0,Slight,None,15-08-2010,Sunday,1,Data missing or out of range,Not at junction or within 20 metres,51.342353,Daylight,532330,162080,-0.101469,E01001096,1,1,0,0,Wet or damp,Single carriageway,None,30,07:43:00,Urban,Fine no high winds,No,16 - 20,7,Urban area,9,1360,Kerb,Lamp post,Other/Not known (2005-10),Not at or within 20 metres of junction,PEUGEOT,307 S,Petrol,Male,Skidded,No tow/articulation,Nearside,0,Going ahead other,1,Car,No,Back,2010
201001ZD30896,Unclassified,0,NA,0,Slight,None,21-10-2010,Thursday,1,Data missing or out of range,Not at junction or within 20 metres,51.322186,Daylight,530540,159790,-0.127993,E01001016,1,2,0,0,Dry,Single carriageway,None,30,15:10:00,Urban,Fine no high winds,No,16 - 20,7,Urban area,1,973,Parked vehicle,None,Commuting to/from work,Not at or within 20 metres of junction,VAUXHALL,CORSA ACTIVE 12V,Petrol,Male,None,No tow/articulation,Did not leave carriageway,0,Going ahead other,1,Car,No,Front,2010
201001ZD30927,A,23,Unclassified,0,Slight,None,27-10-2010,Wednesday,2,Give way or uncontrolled,T or staggered junction,51.401894,Daylight,530960,168670,-0.118701,E01001091,1,2,0,0,Dry,Single carriageway,None,30,13:00:00,Urban,Fine no high winds,No,16 - 20,7,Urban area,4,125,None,None,Other/Not known (2005-10),Mid Junction - on roundabout or on main road,HONDA,SES 125-2,Petrol,Male,None,No tow/articulation,Did not leave carriageway,0,Going ahead other,1,Motorcycle 125cc and under,No,Offside,2010
201004BB10144,Unclassified,0,NA,0,Slight,None,28-08-2010,Saturday,1,Data missing or out of range,Not at junction or within 20 metres,54.082823,Daylight,347520,465510,-2.803705,E01025159,1,2,0,0,Dry,Single carriageway,None,30,16:55:00,Rural,Fine no high winds,No,16 - 20,7,Urban area,8,1360,None,None,Other/Not known (2005-10),Not at or within 20 metres of junction,CITROEN,C3 DESIRE,Petrol,Male,None,No tow/articulation,Did not leave carriageway,0,Going ahead other,1,Car,No,Front,2010
201004BC10024,A,6,Unclassified,0,Slight,None,05-01-2010,Tuesday,1,Give way or uncontrolled,Crossroads,53.90038,Daylight,348340,445200,-2.787719,E01025559,1,2,0,0,Dry,Single carriageway,None,50,12:34:00,Rural,Fine no high winds,No,16 - 20,7,Urban area,2,124,None,None,Other/Not known (2005-10),Mid Junction - on roundabout or on main road,PIAGGIO,NEW SKIPPER,Petrol,Male,None,No tow/articulation,Did not leave carriageway,0,Going ahead other,2,Motorcycle 50cc and under,No,Front,2010
201004BC10179,B,6272,Unclassified,0,Slight,None,11-08-2010,Wednesday,1,Give way or uncontrolled,T or staggered junction,53.91278,Daylight,348320,446580,-2.788257,E01025548,1,2,0,0,Dry,Single carriageway,None,40,18:30:00,Rural,Fine no high winds,No,16 - 20,7,Data missing or out of range,NA,100,None,None,Commuting to/from work,Approaching junction or waiting/parked at junction approach,PEUGEOT,SPEEDFIGHT 100,Petrol,Male,None,No tow/articulation,Did not leave carriageway,0,Going ahead other,1,Motorcycle 50cc and under,No,Did not impact,2010
201004CC10022,B,5248,B,5247,Slight,None,14-03-2010,Sunday,1,Give way or uncontrolled,T or staggered junction,53.680755,Daylight,346800,420780,-2.806931,E01024974,4,2,0,0,Dry,Single carriageway,None,50,15:45:00,Rural,Fine no high winds,No,16 - 20,7,Rural,7,1149,None,None,Other/Not known (2005-10),Approaching junction or waiting/parked at junction approach,RENAULT,CLIO DYNAMIQUE 16V,Petrol,Male,None,No tow/articulation,Did not leave carriageway,0,Going ahead left-hand bend,1,Car,No,Front,2010
201004DR10047,Unclassified,0,Unclassified,0,Slight,None,14-06-2010,Monday,1,Give way or uncontrolled,T or staggered junction,53.803501,Daylight,355140,434350,-2.682647,E01025277,2,2,0,0,Dry,Single carriageway,None,30,16:50:00,Rural,Fine no high winds,No,16 - 20,7,Urban area,6,1199,None,None,Other/Not known (2005-10),Cleared junction or waiting/parked at junction exit,VAUXHALL,CORSA ELEGANCE 16V,Petrol,Male,None,No tow/articulation,Did not leave carriageway,0,Moving off,1,Car,No,Front,2010
201004EA10257,A,677,Unclassified,0,Slight,None,24-10-2010,Sunday,1,Auto traffic signal,T or staggered junction,53.749462,Daylight,369750,428220,-2.460213,E01012571,1,2,0,5,Dry,Single carriageway,None,30,16:40:00,Urban,Fine no high winds,No,16 - 20,7,Urban area,4,1590,None,None,Other/Not known (2005-10),Approaching junction or waiting/parked at junction approach,HONDA,CIVIC SPORT,Petrol,Male,None,No tow/articulation,Did not leave carriageway,0,Going ahead other,1,Car,No,Front,2010
201004EL10149,Unclassified,0,Unclassified,0,Slight,None,15-10-2010,Friday,1,Give way or uncontrolled,Other junction,53.743579,Daylight,373970,427540,-2.396163,E01025076,1,2,0,0,Dry,Single carriageway,None,30,12:32:00,Urban,Fine no high winds,No,16 - 20,7,Urban area,3,124,None,None,Other/Not known (2005-10),Mid Junction - on roundabout or on main road,SUZUKI,,Petrol,Male,None,No tow/articulation,Did not leave carriageway,0,Overtaking static vehicle - offside,2,Motorcycle 125cc and under,No,Nearside,2010
201004FE10045,A,56,Unclassified,0,Slight,None,01-07-2010,Thursday,1,Auto traffic signal,More than 4 arms (not roundabout),53.85601,Daylight,388660,439990,-2.17389,E01025226,1,1,0,4,Dry,Single carriageway,None,30,18:00:00,Urban,Fine no high winds,No,16 - 20,7,Urban area,5,1997,None,None,Commuting to/from work,Cleared junction or waiting/parked at junction exit,PEUGEOT,,Heavy oil,Male,None,No tow/articulation,Did not leave carriageway,0,Going ahead other,1,Car,No,Offside,2010
201004FG10083,Unclassified,0,Unclassified,0,Slight,None,18-10-2010,Monday,1,Give way or uncontrolled,Crossroads,53.834658,Daylight,386550,437620,-2.205863,E01025188,1,2,0,0,Dry,Single carriageway,None,30,12:50:00,Urban,Fine no high winds,No,16 - 20,7,Small town,6,1396,None,None,Other/Not known (2005-10),Entering main road,MG,ZR+,Petrol,Male,None,No tow/articulation,Did not leave carriageway,0,Going ahead other,1,Car,No,Front,2010
201004FL10045,B,6527,A,56,Slight,None,16-05-2010,Sunday,1,Give way or uncontrolled,Roundabout,53.6934,Daylight,379420,421930,-2.313154,E01025365,2,2,0,0,Dry,Roundabout,None,30,11:00:00,Rural,Fine no high winds,No,16 - 20,7,Urban area,9,973,None,None,Other/Not known (2005-10),Leaving roundabout,VAUXHALL,CORSA CLUB 12V,Petrol,Male,None,No tow/articulation,Did not leave carriageway,0,Going ahead other,2,Car,No,Nearside,2010
201005AA04220,Unclassified,0,Unclassified,0,Slight,None,11-07-2010,Sunday,1,Auto traffic signal,Crossroads,53.324069,Daylight,335060,381240,-2.976448,E01007171,1,2,0,0,Dry,Single carriageway,None,30,11:35:00,Urban,Fine no high winds,No,16 - 20,7,Urban area,7,1896,None,None,Other/Not known (2005-10),Mid Junction - on roundabout or on main road,VOLKSWAGEN,GOLF MATCH TDI PD,Heavy oil,Male,None,No tow/articulation,Did not leave carriageway,0,Going ahead other,2,Car,No,Nearside,2010
201005DD03171,A,571,Unclassified,0,Slight,None,10-05-2010,Monday,2,Give way or uncontrolled,T or staggered junction,53.454765,Daylight,351000,395590,-2.739389,E01006877,1,3,0,0,Dry,Dual carriageway,None,30,14:10:00,Urban,Fine no high winds,No,16 - 20,7,Rural,7,1390,None,None,Other/Not known (2005-10),Approaching junction or waiting/parked at junction approach,RENAULT,CLIO EXPRESSION 16V AUTO,Petrol,Male,None,No tow/articulation,Did not leave carriageway,0,Going ahead other,1,Car,No,Front,2010
201005FF01570,Unclassified,0,NA,0,Slight,None,04-02-2010,Thursday,2,Data missing or out of range,Not at junction or within 20 metres,53.389099,Daylight,339250,388420,-2.914932,E01006593,1,2,0,0,Dry,One way street,None,30,12:05:00,Urban,Fine no high winds,No,16 - 20,7,Urban area,4,1199,None,None,Other/Not known (2005-10),Not at or within 20 metres of junction,VAUXHALL,CORSA CLUB 16V,Petrol,Male,None,No tow/articulation,Did not leave carriageway,0,Turning right,2,Car,No,Offside,2010
201006G029210,A,560,Unclassified,0,Slight,None,18-03-2010,Thursday,1,Give way or uncontrolled,Crossroads,53.444466,Daylight,398190,394190,-2.028723,E01006050,1,2,0,0,Dry,Dual carriageway,None,40,10:11:00,Urban,Fine no high winds,No,16 - 20,7,Data missing or out of range,NA,49,None,None,Other/Not known (2005-10),Entering main road,HONDA,,Petrol,Male,None,No tow/articulation,Did not leave carriageway,0,Turning right,1,Motorcycle 125cc and under,No,Offside,2010
201006G039787,A,6017,Unclassified,0,Slight,None,27-11-2010,Saturday,1,Give way or uncontrolled,Crossroads,53.477316,Daylight,392700,397850,-2.111465,E01005951,2,2,0,4,Frost or ice,Single carriageway,None,20,16:00:00,Urban,Fine no high winds,No,16 - 20,7,Urban area,8,1199,None,None,Other/Not known (2005-10),Approaching junction or waiting/parked at junction approach,VAUXHALL,CORSA GLS 12V,Petrol,Male,None,No tow/articulation,Did not leave carriageway,0,Turning right,1,Car,No,Back,2010
201006J031971,A,560,NA,0,Slight,None,26-05-2010,Wednesday,1,Data missing or out of range,Not at junction or within 20 metres,53.423193,Daylight,391990,391830,-2.122008,E01005744,1,2,0,0,Dry,Single carriageway,None,40,10:15:00,Urban,Fine no high winds,No,16 - 20,7,Urban area,8,1242,None,None,Other/Not known (2005-10),Not at or within 20 metres of junction,FIAT,PUNTO MIA,Petrol,Male,None,No tow/articulation,Did not leave carriageway,0,Going ahead other,2,Car,No,Offside,2010
201006J035437,C,0,Unclassified,0,Slight,None,27-08-2010,Friday,1,Give way or uncontrolled,Crossroads,53.371177,Daylight,385070,386060,-2.225866,E01005844,2,2,0,0,Dry,Single carriageway,None,30,18:35:00,Urban,Fine no high winds,No,16 - 20,7,Urban area,8,1998,Kerb,None,Other/Not known (2005-10),Mid Junction - on roundabout or on main road,HONDA,STREAM SE SPORT,Petrol,Male,Skidded and overturned,No tow/articulation,Offside,0,Going ahead other,2,Car,No,Nearside,2010
201006L035242,A,49,A,573,Slight,None,17-08-2010,Tuesday,1,Auto traffic signal,Crossroads,53.54709,Daylight,358510,405790,-2.627653,E01006370,2,2,0,5,Dry,Single carriageway,None,30,11:54:00,Urban,Fine no high winds,No,16 - 20,7,Urban area,8,998,None,None,Other/Not known (2005-10),Approaching junction or waiting/parked at junction approach,VAUXHALL,CORSA ACTIVE TWINPORT,Petrol,Male,None,No tow/articulation,Did not leave carriageway,0,Going ahead other,2,Car,No,Front,2010
201006P031397,Unclassified,0,Unclassified,0,Slight,None,07-05-2010,Friday,1,Give way or uncontrolled,Private drive or entrance,53.63054,Daylight,390830,414900,-2.140147,E01005578,1,1,0,0,Dry,Single carriageway,None,30,16:30:00,Urban,Fine no high winds,No,16 - 20,7,Urban area,1,1596,None,None,Other/Not known (2005-10),Entering main road,FORD,FUSION 3 16V,Petrol,Male,None,No tow/articulation,Did not leave carriageway,0,Reversing,1,Car,No,Back,2010
201006X027187,Motorway,60,Motorway,602,Slight,None,17-01-2010,Sunday,1,Give way or uncontrolled,T or staggered junction,53.489272,Daylight,375180,399240,-2.375552,E01005733,1,1,0,0,Wet or damp,Dual carriageway,None,70,08:15:00,Rural,Fine no high winds,No,16 - 20,7,Urban area,5,1149,None,Near/Offside crash barrier,Commuting to/from work,Mid Junction - on roundabout or on main road,RENAULT,CLIO EXTREME 2 16V,Petrol,Male,Skidded,No tow/articulation,Nearside,0,Going ahead left-hand bend,1,Car,No,Front,2010
201011ND25030,A,181,A,181,Slight,None,12-10-2010,Tuesday,1,Give way or uncontrolled,T or staggered junction,54.779044,Daylight,428660,542770,-1.555935,E01020723,2,2,0,0,Dry,Single carriageway,None,30,16:00:00,Urban,Fine no high winds,No,16 - 20,7,Urban area,2,49,None,None,Other/Not known (2005-10),Mid Junction - on roundabout or on main road,PEUGEOT,TREKKER OFF ROAD,Petrol,Male,None,No tow/articulation,Did not leave carriageway,0,Going ahead other,2,Motorcycle 50cc and under,No,Front,2010
201011NE08430,A,19,A,19,Slight,None,03-04-2010,Saturday,1,Give way or uncontrolled,Slip road,54.748976,Daylight,441120,539520,-1.362686,E01020779,3,2,0,0,Wet or damp,Dual carriageway,None,70,14:30:00,Rural,Fine no high winds,No,16 - 20,7,Urban area,3,1124,None,None,Other/Not known (2005-10),Entering from slip road,PEUGEOT,206 ENTICE,Petrol,Male,None,No tow/articulation,Did not leave carriageway,0,Going ahead other,1,Car,No,Offside,2010
201011NE13340,Unclassified,0,NA,0,Slight,None,03-06-2010,Thursday,1,Not at junction or within 20 metres,Not at junction or within 20 metres,54.756125,Daylight,443730,540340,-1.322018,E01020744,1,1,0,0,Dry,Single carriageway,None,30,17:20:00,Urban,Fine no high winds,No,16 - 20,7,Urban area,1,973,None,None,Other/Not known (2005-10),Not at or within 20 metres of junction,VAUXHALL,CORSA CLUB 12V,Petrol,Male,None,No tow/articulation,Did not leave carriageway,0,Going ahead left-hand bend,1,Car,No,Nearside,2010
201011NE17360,A,181,A,19,Slight,None,14-07-2010,Wednesday,1,Give way or uncontrolled,Mini-roundabout,54.737835,Daylight,441100,538280,-1.363172,E01020772,1,2,0,0,Dry,Roundabout,None,60,16:30:00,Rural,Fine no high winds,No,16 - 20,7,Small town,4,973,None,Other permanent object,Other/Not known (2005-10),Entering roundabout,VAUXHALL,CORSA CLUB 12V,Petrol,Male,Skidded and overturned,No tow/articulation,Nearside,0,Going ahead other,1,Car,No,Front,2010
201011NE25140,B,1280,B,1279,Slight,None,15-10-2010,Friday,1,Give way or uncontrolled,Crossroads,54.748753,Daylight,439410,539480,-1.389256,E01020788,2,2,0,0,Wet or damp,Single carriageway,None,60,16:40:00,Rural,Fine no high winds,No,16 - 20,7,Small town,2,1124,None,None,Other/Not known (2005-10),Mid Junction - on roundabout or on main road,PEUGEOT,206 STYLE,Petrol,Male,None,No tow/articulation,Did not leave carriageway,0,Turning right,1,Car,No,Front,2010
201011SB30230,Unclassified,0,Unclassified,0,Slight,None,27-11-2010,Saturday,2,Give way or uncontrolled,T or staggered junction,54.728144,Daylight,420130,537060,-1.688944,E01020903,1,2,0,0,Snow,Single carriageway,None,30,15:50:00,Rural,Fine no high winds,No,16 - 20,7,Small town,4,1149,None,None,Other/Not known (2005-10),Entering main road,RENAULT,CLIO EXPRESSION 16V,Petrol,Male,None,No tow/articulation,Did not leave carriageway,0,Turning right,1,Car,No,Front,2010