Accident_Index,1st_Road_Class,1st_Road_Number,2nd_Road_Class,2nd_Road_Number,Accident_Severity,Carriageway_Hazards,Date,Day_of_Week,Did_Police_Officer_Attend_Scene_of_Accident,Junction_Control,Junction_Detail,Latitude,Light_Conditions,Location_Easting_OSGR,Location_Northing_OSGR,Longitude,LSOA_of_Accident_Location,Number_of_Casualties,Number_of_Vehicles,Pedestrian_Crossing-Human_Control,Pedestrian_Crossing-Physical_Facilities,Road_Surface_Conditions,Road_Type,Special_Conditions_at_Site,Speed_limit,Time,Urban_or_Rural_Area,Weather_Conditions,InScotland,Age_Band_of_Driver,Age_of_Vehicle,Driver_Home_Area_Type,Driver_IMD_Decile,Engine_Capacity_.CC.,Hit_Object_in_Carriageway,Hit_Object_off_Carriageway,Journey_Purpose_of_Driver,Junction_Location,make,model,Propulsion_Code,Sex_of_Driver,Skidding_and_Overturning,Towing_and_Articulation,Vehicle_Leaving_Carriageway,Vehicle_Location.Restricted_Lane,Vehicle_Manoeuvre,Vehicle_Reference,Vehicle_Type,Was_Vehicle_Left_Hand_Drive,X1st_Point_of_Impact,Year
201011SK14540,Unclassified,0,Unclassified,0,Slight,None,01-06-2010,Tuesday,2,Give way or uncontrolled,T or staggered junction,54.635258,Daylight,427060,526760,-1.582291,E01020850,2,2,0,0,Wet or damp,Single carriageway,None,30,16:45:00,Rural,Fine no high winds,No,16 - 20,7,Urban area,6,998,None,None,Other/Not known (2005-10),Approaching junction or waiting/parked at junction approach,NISSAN,MICRA E,Petrol,Male,None,No tow/articulation,Did not leave carriageway,0,Going ahead other,2,Car,No,Front,2010
201011SK17320,A,689,A(M),1,Slight,None,26-07-2010,Monday,1,Give way or uncontrolled,Roundabout,54.652436,Daylight,431490,528700,-1.513454,E01020828,1,2,0,0,Dry,Roundabout,None,70,16:32:00,Rural,Fine no high winds,No,16 - 20,7,Urban area,4,124,None,None,Other/Not known (2005-10),Leaving roundabout,PEUGEOT,JET FORCE 125,Petrol,Male,None,No tow/articulation,Did not leave carriageway,0,Going ahead other,2,Motorcycle 125cc and under,No,Front,2010
201014A026110,A,630,Unclassified,0,Slight,None,12-02-2010,Friday,1,Auto traffic signal,Crossroads,53.50248,Daylight,455630,400970,-1.16277,E01007497,2,2,0,5,Dry,Dual carriageway,None,40,07:40:00,Urban,Fine no high winds,No,16 - 20,7,Rural,7,1598,None,None,Commuting to/from work,Approaching junction or waiting/parked at junction approach,VAUXHALL,ASTRA LS DUALFUEL,Gas/Bi-fuel,Male,None,No tow/articulation,Did not leave carriageway,0,Going ahead other,2,Car,No,Front,2010
201014A033010,Unclassified,0,Unclassified,0,Slight,None,01-03-2010,Monday,1,Give way or uncontrolled,T or staggered junction,53.567025,Daylight,452880,408120,-1.20302,E01007466,3,2,0,0,Dry,Single carriageway,None,30,17:40:00,Urban,Fine no high winds,No,16 - 20,7,Urban area,2,1149,None,None,Other/Not known (2005-10),Approaching junction or waiting/parked at junction approach,RENAULT,CLIO EXTREME 2 16V,Petrol,Male,Skidded and overturned,No tow/articulation,Did not leave carriageway,0,Going ahead other,2,Car,No,Front,2010
201014B055110,C,628,Unclassified,0,Slight,None,23-05-2010,Sunday,1,Give way or uncontrolled,T or staggered junction,53.534896,Daylight,441310,404430,-1.378194,E01007352,4,2,0,0,Dry,Single carriageway,None,30,16:30:00,Urban,Fine no high winds,No,16 - 20,7,Urban area,2,1396,None,None,Other/Not known (2005-10),Approaching junction or waiting/parked at junction approach,ROVER,25 IMPRESSION S3,Petrol,Male,None,No tow/articulation,Did not leave carriageway,0,Going ahead other,2,Car,No,Front,2010
201014C021310,A,630,Motorway,1,Slight,None,06-02-2010,Saturday,1,Auto traffic signal,Roundabout,53.397576,Daylight,443320,389170,-1.349968,E01007706,1,2,0,0,Dry,Roundabout,None,70,16:20:00,Rural,Fine no high winds,No,16 - 20,7,Urban area,6,1598,None,None,Other/Not known (2005-10),Approaching junction or waiting/parked at junction approach,MINI,MINI COOPER S,Petrol,Male,None,No tow/articulation,Did not leave carriageway,0,Moving off,2,Car,No,Front,2010
201014K019110,Unclassified,0,NA,0,Slight,None,18-01-2010,Monday,1,Not at junction or within 20 metres,Not at junction or within 20 metres,53.338371,Daylight,444080,382590,-1.339454,E01008030,1,2,0,0,Dry,Single carriageway,None,30,15:10:00,Urban,Fine no high winds,No,16 - 20,7,Urban area,5,1360,None,None,Other/Not known (2005-10),Not at or within 20 metres of junction,CITROEN,SAXO FURIO,Petrol,Male,Skidded,No tow/articulation,Did not leave carriageway,0,Overtaking static vehicle - offside,1,Car,No,Front,2010
201014K117410,A,6135,A,6109,Slight,None,26-04-2010,Monday,1,Auto traffic signal,Crossroads,53.38842,Daylight,435960,388090,-1.460774,E01007876,1,2,0,0,Dry,Single carriageway,None,30,16:34:00,Urban,Fine no high winds,No,16 - 20,7,Urban area,5,1149,None,None,Commuting to/from work,Mid Junction - on roundabout or on main road,RENAULT,CLIO AUTHENTIQUE,Petrol,Male,None,No tow/articulation,Did not leave carriageway,0,Waiting to go - held up,2,Car,No,Offside,2010
201014K199110,Unclassified,0,NA,0,Slight,Previous accident,25-07-2010,Sunday,1,Not at junction or within 20 metres,Not at junction or within 20 metres,53.336003,Daylight,428850,382210,-1.568211,E01007956,3,2,0,0,Dry,Single carriageway,None,30,16:57:00,Rural,Fine no high winds,No,16 - 20,7,Urban area,10,1896,None,None,Other/Not known (2005-10),Not at or within 20 metres of junction,AUDI,A4 TDI SE,Heavy oil,Male,Skidded,No tow/articulation,Did not leave carriageway,0,Going ahead left-hand bend,1,Car,No,Front,2010
201014K258810,A,6102,NA,0,Slight,None,05-10-2010,Tuesday,2,Not at junction or within 20 metres,Not at junction or within 20 metres,53.429702,Daylight,431320,392650,-1.530087,E01008127,1,2,0,0,Dry,Single carriageway,None,30,08:40:00,Rural,Fine no high winds,No,16 - 20,7,Small town,6,1149,None,None,Other/Not known (2005-10),Not at or within 20 metres of junction,RENAULT,CLIO DYNAMIQUE 16V,Petrol,Male,None,No tow/articulation,Did not leave carriageway,0,Going ahead other,1,Car,No,Front,2010
201014K344510,Unclassified,0,NA,0,Slight,None,18-12-2010,Saturday,1,Not at junction or within 20 metres,Not at junction or within 20 metres,53.464682,Daylight,427830,396520,-1.582271,E01008147,1,2,0,0,Frost or ice,Single carriageway,None,30,14:50:00,Rural,Fine no high winds,No,16 - 20,7,Urban area,7,124,None,None,Other/Not known (2005-10),Not at or within 20 metres of junction,KYMCO,EGO,Petrol,Male,Skidded,No tow/articulation,Did not leave carriageway,0,Going ahead other,1,Motorcycle 125cc and under,No,Did not impact,2010
2010160A01041,A,16,Unclassified,0,Slight,None,06-04-2010,Tuesday,1,Give way or uncontrolled,T or staggered junction,53.549066,Daylight,526510,407520,-0.091974,E01013205,2,2,0,0,Dry,Single carriageway,None,30,18:45:00,Urban,Fine no high winds,No,16 - 20,7,Urban area,1,1360,None,None,Other/Not known (2005-10),Entering main road,PEUGEOT,206 VERVE,Petrol,Male,None,No tow/articulation,Did not leave carriageway,0,Turning right,1,Car,No,Front,2010
2010160A02051,A,180,Unclassified,0,Slight,None,24-06-2010,Thursday,1,Give way or uncontrolled,T or staggered junction,53.564038,Daylight,529950,409280,-0.039354,E01013198,2,2,0,0,Dry,Single carriageway,None,30,18:20:00,Urban,Fine no high winds,No,16 - 20,7,Urban area,1,49,None,None,Other/Not known (2005-10),Leaving main road,PEUGEOT,SPEEDFIGHT,Petrol,Male,None,No tow/articulation,Did not leave carriageway,0,Turning right,2,Motorcycle 50cc and under,No,Front,2010
2010160A02721,A,46,Unclassified,0,Slight,None,21-08-2010,Saturday,1,Give way or uncontrolled,Crossroads,53.552437,Daylight,525940,407880,-0.100428,E01013204,2,2,0,0,Wet or damp,Single carriageway,None,30,16:50:00,Urban,Fine no high winds,No,16 - 20,7,Urban area,1,1360,None,None,Other/Not known (2005-10),Entering main road,PEUGEOT,206 VERVE,Petrol,Male,None,No tow/articulation,Did not leave carriageway,0,Moving off,1,Car,No,Offside,2010
2010160A02991,Unclassified,0,Unclassified,0,Slight,None,07-03-2010,Sunday,1,Give way or uncontrolled,Crossroads,53.572462,Daylight,526350,410120,-0.093337,E01013220,1,2,0,0,Dry,Single carriageway,None,30,17:07:00,Urban,Fine no high winds,No,16 - 20,7,Urban area,2,49,None,None,Other/Not known (2005-10),Mid Junction - on roundabout or on main road,KYMCO,SUPER 9,Petrol,Male,None,No tow/articulation,Did not leave carriageway,0,Turning right,2,Motorcycle 50cc and under,No,Nearside,2010
2010160B03861,B,1207,B,1207,Slight,None,22-09-2010,Wednesday,1,Give way or uncontrolled,T or staggered junction,53.653986,Daylight,493130,418420,-0.592352,E01013292,1,3,0,0,Dry,Single carriageway,None,30,18:32:00,Rural,Fine no high winds,No,16 - 20,7,Small town,6,1240,None,None,Commuting to/from work,Approaching junction or waiting/parked at junction approach,NISSAN,MICRA S,Petrol,Male,None,No tow/articulation,Did not leave carriageway,0,Going ahead other,1,Car,No,Front,2010
2010160C00401,B,1231,Unclassified,0,Slight,None,07-02-2010,Sunday,1,Give way or uncontrolled,T or staggered junction,53.747745,Daylight,503420,429070,-0.433166,E01013105,2,2,0,0,Wet or damp,Single carriageway,None,40,13:19:00,Urban,Fine no high winds,No,16 - 20,7,Urban area,10,1199,None,None,Other/Not known (2005-10),Leaving main road,VAUXHALL,CORSA ELEGANCE 16V,Petrol,Male,None,No tow/articulation,Offside,0,Turning right,2,Car,No,Nearside,2010
2010160C01431,A,63,NA,0,Slight,None,23-03-2010,Tuesday,1,Data missing or out of range,Not at junction or within 20 metres,53.718204,Daylight,503320,425780,-0.43578,E01013009,2,2,0,0,Wet or damp,Dual carriageway,None,70,07:51:00,Urban,Fine no high winds,No,16 - 20,7,Rural,7,1796,None,None,Other/Not known (2005-10),Not at or within 20 metres of junction,VAUXHALL,CORSA SRI 16V,Petrol,Male,None,No tow/articulation,Did not leave carriageway,0,Slowing or stopping,2,Car,No,Back,2010
2010160C02651,A,1033,Unclassified,0,Slight,None,25-05-2010,Tuesday,1,Give way or uncontrolled,Roundabout,53.742549,Daylight,516560,428800,-0.234104,E01013096,1,2,0,4,Dry,Roundabout,None,30,20:33:00,Rural,Fine no high winds,No,16 - 20,7,Rural,7,49,None,None,Other/Not known (2005-10),Mid Junction - on roundabout or on main road,GILERA,GSM 50,Petrol,Male,Skidded,No tow/articulation,Did not leave carriageway,0,Going ahead other,2,Motorcycle 50cc and under,No,Back,2010
2010160C02891,B,1228,Unclassified,0,Slight,None,03-06-2010,Thursday,1,Give way or uncontrolled,T or staggered junction,53.742777,Daylight,474590,427970,-0.870513,E01013017,1,2,0,0,Dry,Single carriageway,None,30,15:05:00,Rural,Fine no high winds,No,16 - 20,7,Small town,8,1870,None,None,Other/Not known (2005-10),Entering main road,NISSAN,PRIMASTAR SE DCI100 SWB,Heavy oil,Male,None,No tow/articulation,Did not leave carriageway,0,Moving off,2,Van / Goods 3.5 tonnes mgw or under,No,Front,2010
2010160C08351,A,1079,A,1033,Slight,None,02-10-2010,Saturday,2,Give way or uncontrolled,Roundabout,53.794789,Daylight,507590,434400,-0.368101,E01012953,1,2,0,0,Dry,Roundabout,None,40,12:20:00,Rural,Fine no high winds,No,16 - 20,7,Urban area,1,1997,None,None,Other/Not known (2005-10),Approaching junction or waiting/parked at junction approach,CITROEN,C5 VTR HDI,Heavy oil,Male,None,No tow/articulation,Did not leave carriageway,0,Moving off,2,Car,No,Front,2010
2010160D01941,Unclassified,0,Unclassified,0,Slight,None,13-05-2010,Thursday,1,Give way or uncontrolled,Roundabout,53.773095,Daylight,512050,432090,-0.301262,E01012812,1,2,0,0,Dry,Roundabout,None,30,18:40:00,Urban,Fine no high winds,No,16 - 20,7,Urban area,2,49,None,None,Other/Not known (2005-10),Mid Junction - on roundabout or on main road,SMC,,Petrol,Male,None,No tow/articulation,Did not leave carriageway,0,Going ahead other,2,Motorcycle 125cc and under,No,Front,2010
2010170H10680,Unclassified,0,Unclassified,0,Slight,None,22-07-2010,Thursday,1,Give way or uncontrolled,T or staggered junction,54.698454,Daylight,448430,533970,-1.250051,E01012005,2,2,0,0,Dry,Single carriageway,None,30,15:45:00,Urban,Fine no high winds,No,16 - 20,7,Urban area,9,1124,None,None,Other/Not known (2005-10),Mid Junction - on roundabout or on main road,PEUGEOT,206 ENTICE,Petrol,Male,None,No tow/articulation,Did not leave carriageway,0,Going ahead other,1,Car,No,Front,2010
2010170M13060,C,120,NA,0,Slight,None,15-11-2010,Monday,1,Data missing or out of range,Not at junction or within 20 metres,54.575954,Daylight,449560,520350,-1.23482,E01012068,2,2,0,5,Dry,Single carriageway,None,30,14:25:00,Urban,Fine no high winds,No,16 - 20,7,Urban area,2,1794,None,None,Other/Not known (2005-10),Not at or within 20 metres of junction,TOYOTA,AVENSIS T3-S SEMI-AUTO,Petrol,Male,None,No tow/articulation,Did not leave carriageway,0,Going ahead other,1,Car,No,Front,2010
2010170S22560,A,1046,NA,0,Slight,None,13-10-2010,Wednesday,1,Data missing or out of range,Not at junction or within 20 metres,54.579606,Daylight,447070,520730,-1.273276,E01012278,1,2,0,4,Dry,Single carriageway,None,40,17:00:00,Rural,Fine no high winds,No,16 - 20,7,Urban area,7,1590,None,None,Commuting to/from work,Not at or within 20 metres of junction,HONDA,CIVIC VTEC S,Petrol,Male,None,No tow/articulation,Did not leave carriageway,0,Going ahead other,2,Car,No,Front,2010
201020E021813,A,41,Unclassified,0,Slight,None,11-02-2010,Thursday,1,Give way or uncontrolled,T or staggered junction,52.462308,Daylight,408600,284940,-1.87486,E01009365,2,4,0,0,Dry,Single carriageway,None,30,10:35:00,Urban,Fine no high winds,No,16 - 20,7,Urban area,1,1360,None,None,Other/Not known (2005-10),Approaching junction or waiting/parked at junction approach,PEUGEOT,206 SW XT,Petrol,Male,None,No tow/articulation,Did not leave carriageway,0,Slowing or stopping,4,Car,No,Back,2010
201020G004520,Unclassified,0,Unclassified,0,Slight,None,17-06-2010,Thursday,1,Give way or uncontrolled,Private drive or entrance,52.573567,Daylight,396090,297310,-2.059138,E01010415,3,2,0,0,Dry,Single carriageway,None,30,21:13:00,Urban,Fine no high winds,No,16 - 20,7,Data missing or out of range,NA,1686,None,None,Other/Not known (2005-10),Mid Junction - on roundabout or on main road,VAUXHALL,COMBO 1700 DI,Heavy oil,Male,None,No tow/articulation,Did not leave carriageway,0,Overtaking moving vehicle - offside,1,Van / Goods 3.5 tonnes mgw or under,No,Front,2010
201020H002790,Unclassified,0,NA,0,Slight,None,08-04-2010,Thursday,1,Data missing or out of range,Not at junction or within 20 metres,52.615084,Daylight,405920,301930,-1.914008,E01010255,2,2,0,0,Dry,Single carriageway,None,30,15:45:00,Urban,Fine no high winds,No,16 - 20,7,Urban area,3,1396,None,None,Other/Not known (2005-10),Not at or within 20 metres of junction,ROVER,25 IMPRESSION S3,Petrol,Male,Skidded,No tow/articulation,Did not leave carriageway,0,Going ahead left-hand bend,1,Car,No,Front,2010
201020J001511,Unclassified,0,NA,0,Slight,None,03-01-2010,Sunday,1,Data missing or out of range,Not at junction or within 20 metres,52.490177,Daylight,391530,288040,-2.126184,E01009754,1,3,0,0,Frost or ice,Single carriageway,None,30,10:40:00,Urban,Fine no high winds,No,16 - 20,7,Urban area,3,973,Parked vehicle,None,Commuting to/from work,Not at or within 20 metres of junction,VAUXHALL,CORSA ELEGANCE 12V,Petrol,Male,Skidded,No tow/articulation,Did not leave carriageway,0,Slowing or stopping,1,Car,No,Front,2010
201020J006970,A,4100,Unclassified,0,Slight,None,30-07-2010,Friday,1,Give way or uncontrolled,Roundabout,52.472755,Daylight,392870,286100,-2.106407,E01009866,1,3,0,0,Dry,Roundabout,None,30,15:35:00,Urban,Fine no high winds,No,16 - 20,7,Urban area,2,1910,None,None,Other/Not known (2005-10),Entering roundabout,FIAT,PUNTO DYNAMIC JTD,Heavy oil,Male,None,No tow/articulation,Did not leave carriageway,0,Moving off,2,Car,No,Back,2010
201020K010060,A,4031,Unclassified,0,Slight,None,20-08-2010,Friday,1,Give way or uncontrolled,T or staggered junction,52.532047,Daylight,400970,292690,-1.987142,E01009947,3,3,0,0,Dry,Dual carriageway,Roadworks,30,14:30:00,Urban,Fine no high winds,No,16 - 20,7,Urban area,1,49,None,None,Other/Not known (2005-10),Approaching junction or waiting/parked at junction approach,GILERA,,Petrol,Male,None,No tow/articulation,Did not leave carriageway,0,Waiting to go - held up,2,Motorcycle 50cc and under,No,Back,2010
201020K012740,Unclassified,0,Unclassified,0,Slight,None,08-10-2010,Friday,2,Give way or uncontrolled,Private drive or entrance,52.48242,Daylight,401740,287170,-1.975818,E01010058,1,2,0,0,Dry,Single carriageway,None,30,18:00:00,Urban,Fine no high winds,No,16 - 20,7,Urban area,2,1124,None,None,Commuting to/from work,Mid Junction - on roundabout or on main road,PEUGEOT,206 ENTICE,Petrol,Male,None,No tow/articulation,Did not leave carriageway,0,Going ahead other,2,Car,No,Nearside,2010
201020L005230,A,41,A,41,Slight,None,14-04-2010,Wednesday,1,Auto traffic signal,T or staggered junction,52.421824,Daylight,414320,280450,-1.790862,E01010195,3,2,0,0,Dry,Single carriageway,None,30,18:30:00,Urban,Fine no high winds,No,16 - 20,7,Urban area,10,1997,None,None,Other/Not known (2005-10),Mid Junction - on roundabout or on main road,CITROEN,DISPATCH HDI,Heavy oil,Male,None,No tow/articulation,Did not leave carriageway,0,Turning right,1,Van / Goods 3.5 tonnes mgw or under,No,Front,2010
201020L011420,A,41,Unclassified,0,Slight,None,20-11-2010,Saturday,1,Give way or uncontrolled,T or staggered junction,52.42723,Daylight,413850,281050,-1.797748,E01010173,1,2,0,0,Wet or damp,Single carriageway,None,30,08:40:00,Urban,Fine no high winds,No,16 - 20,7,Urban area,5,49,None,None,Commuting to/from work,Cleared junction or waiting/parked at junction exit,PEUGEOT,VIVACITY 50,Petrol,Male,None,No tow/articulation,Did not leave carriageway,0,Going ahead other,1,Motorcycle 50cc and under,No,Front,2010
201020T023040,Unclassified,0,Unclassified,0,Slight,None,10-07-2010,Saturday,1,Give way or uncontrolled,Roundabout,52.498047,Daylight,414790,288930,-1.783577,E01009307,1,3,0,0,Dry,Single carriageway,None,30,20:15:00,Urban,Fine no high winds,No,16 - 20,7,Small town,6,1587,None,None,Other/Not known (2005-10),Cleared junction or waiting/parked at junction exit,CITROEN,C2 GT,Petrol,Male,Skidded,No tow/articulation,Did not leave carriageway,0,Going ahead left-hand bend,1,Car,No,Front,2010
201022C001243,A,449,NA,0,Slight,None,01-03-2010,Monday,1,Data missing or out of range,Not at junction or within 20 metres,52.237311,Daylight,384710,259930,-2.225338,E01032399,1,1,0,0,Frost or ice,Single carriageway,None,30,06:55:00,Rural,Fine no high winds,No,16 - 20,7,Urban area,10,1149,Kerb,Near/Offside crash barrier,Commuting to/from work,Not at or within 20 metres of junction,RENAULT,CLIO DYNAMIQUE 16V,Petrol,Male,None,No tow/articulation,Nearside,0,Going ahead other,1,Car,No,Back,2010
201022C003307,Unclassified,0,Unclassified,0,Slight,None,30-06-2010,Wednesday,1,Give way or uncontrolled,T or staggered junction,52.214448,Daylight,387150,257380,-2.189509,E01032331,1,2,0,0,Dry,Single carriageway,None,30,19:05:00,Urban,Fine no high winds,No,16 - 20,7,Urban area,1,124,None,None,Other/Not known (2005-10),Mid Junction - on roundabout or on main road,YAMAHA,XQ 125,Petrol,Male,None,No tow/articulation,Did not leave carriageway,0,Overtaking static vehicle - offside,2,Motorcycle 125cc and under,No,Front,2010
201022C004705,Unclassified,0,Unclassified,0,Slight,None,18-09-2010,Saturday,1,Give way or uncontrolled,T or staggered junction,52.113788,Daylight,379420,246210,-2.301967,E01032204,1,2,0,0,Dry,Single carriageway,None,30,11:55:00,Urban,Fine no high winds,No,16 - 20,7,Urban area,9,124,None,None,Other/Not known (2005-10),Mid Junction - on roundabout or on main road,SUZUKI,GZ 125 K3,Petrol,Male,None,No tow/articulation,Did not leave carriageway,0,Going ahead other,1,Motorcycle 125cc and under,No,Front,2010
201022D003474,A,435,Unclassified,0,Slight,None,12-07-2010,Monday,1,Give way or uncontrolled,Roundabout,52.373945,Daylight,407890,275110,-1.885539,E01032178,1,3,0,0,Dry,Dual carriageway,None,70,21:30:00,Rural,Fine no high winds,No,16 - 20,7,Urban area,7,1598,None,None,Other/Not known (2005-10),Entering roundabout,VAUXHALL,ASTRA CLUB AUTO,Petrol,Male,None,No tow/articulation,Did not leave carriageway,0,Moving off,1,Car,No,Back,2010
201022D003474,A,435,Unclassified,0,Slight,None,12-07-2010,Monday,1,Give way or uncontrolled,Roundabout,52.373945,Daylight,407890,275110,-1.885539,E01032178,1,3,0,0,Dry,Dual carriageway,None,70,21:30:00,Rural,Fine no high winds,No,16 - 20,7,Urban area,3,1870,None,None,Other/Not known (2005-10),Entering roundabout,VOLVO,S40 D S,Heavy oil,Male,None,No tow/articulation,Did not leave carriageway,0,Moving off,2,Car,No,Front,2010
201022D004884,Unclassified,0,B,4190,Slight,None,26-09-2010,Sunday,1,Give way or uncontrolled,More than 4 arms (not roundabout),52.401481,Daylight,381980,278200,-2.2663,E01032443,1,1,0,0,Dry,Single carriageway,None,30,11:40:00,Urban,Fine no high winds,No,16 - 20,7,Rural,5,993,Kerb,Other permanent object,Other/Not known (2005-10),Leaving main road,SUZUKI,SWIFT GLS,Petrol,Male,None,No tow/articulation,Nearside,0,Turning left,1,Car,No,Front,2010
201022F000528,Unclassified,0,NA,0,Slight,None,27-01-2010,Wednesday,1,Data missing or out of range,Not at junction or within 20 metres,52.70936,Daylight,349160,312680,-2.753961,E01028946,1,1,0,0,Wet or damp,Single carriageway,None,30,16:25:00,Urban,Fine no high winds,No,16 - 20,7,Urban area,3,49,None,None,Other/Not known (2005-10),Not at or within 20 metres of junction,PIAGGIO,NRG,Petrol,Male,Skidded,No tow/articulation,Did not leave carriageway,0,Going ahead left-hand bend,1,Motorcycle 50cc and under,No,Nearside,2010
201022G004959,B,4368,Unclassified,0,Slight,None,03-10-2010,Sunday,1,Give way or uncontrolled,Private drive or entrance,52.520567,Daylight,357290,291600,-2.630903,E01028851,1,2,0,0,Dry,Single carriageway,None,60,11:29:00,Rural,Fine no high winds,No,16 - 20,7,Urban area,9,645,None,None,Other/Not known (2005-10),Mid Junction - on roundabout or on main road,SUZUKI,SV 650 SK3,Petrol,Male,None,No tow/articulation,Did not leave carriageway,0,Going ahead right-hand bend,2,Motorcycle over 500cc,No,Front,2010
201030B000155,B,6105,NA,0,Slight,None,15-05-2010,Saturday,1,Data missing or out of range,Not at junction or within 20 metres,53.484601,Daylight,407140,398660,-1.893874,E01019754,1,1,0,0,Dry,Single carriageway,None,50,10:41:00,Rural,Fine no high winds,No,16 - 20,7,Urban area,8,2495,None,Other permanent object,Journey as part of work,Not at or within 20 metres of junction,LAND ROVER,DEFENDER 110 TD5,Heavy oil,Male,Skidded and overturned,No tow/articulation,Nearside,0,Going ahead right-hand bend,1,Car,No,Nearside,2010
201030B000272,A,515,A,50,Slight,None,22-08-2010,Sunday,1,Give way or uncontrolled,Roundabout,52.883294,Daylight,416670,331790,-1.753726,E01019612,1,2,0,0,Dry,Single carriageway,None,60,12:58:00,Rural,Fine no high winds,No,16 - 20,7,Small town,5,1910,None,None,Other/Not known (2005-10),Approaching junction or waiting/parked at junction approach,FIAT,STILO JTD ACTIVE,Heavy oil,Male,None,No tow/articulation,Did not leave carriageway,0,Going ahead other,1,Car,No,Front,2010
201030B000318,C,2,NA,0,Slight,None,05-07-2010,Monday,1,Data missing or out of range,Not at junction or within 20 metres,52.938894,Daylight,422790,338000,-1.662346,E01019603,1,2,0,0,Dry,Single carriageway,None,60,18:02:00,Rural,Fine no high winds,No,16 - 20,7,Rural,6,1149,None,None,Commuting to/from work,Not at or within 20 metres of junction,RENAULT,CLIO EXTREME 2 16V,Petrol,Male,Skidded and overturned,No tow/articulation,Did not leave carriageway,0,Going ahead right-hand bend,1,Car,No,Nearside,2010
201030C000432,C,4,NA,0,Slight,None,11-07-2010,Sunday,1,Data missing or out of range,Not at junction or within 20 metres,53.031848,Daylight,437180,348430,-1.44704,E01019412,2,3,0,0,Dry,Single carriageway,None,30,19:00:00,Urban,Fine no high winds,No,16 - 20,7,Small town,9,50,None,None,Other/Not known (2005-10),Not at or within 20 metres of junction,APRILIA,RX50,Petrol,Male,Skidded and overturned,No tow/articulation,Did not leave carriageway,0,Slowing or stopping,3,Motorcycle 50cc and under,No,Front,2010
201030D000323,A,514,NA,0,Slight,None,15-04-2010,Thursday,1,Data missing or out of range,Not at junction or within 20 metres,52.829515,Daylight,437030,325920,-1.451839,E01019868,1,1,0,0,Dry,Single carriageway,None,60,16:38:00,Rural,Fine no high winds,No,16 - 20,7,Urban area,2,1398,None,Other permanent object,Commuting to/from work,Not at or within 20 metres of junction,TOYOTA,COROLLA T2 VVTI,Petrol,Male,Overturned,No tow/articulation,Offside,0,Going ahead left-hand bend,1,Car,No,Front,2010
201030D000357,C,89,Unclassified,0,Slight,None,28-04-2010,Wednesday,1,Give way or uncontrolled,T or staggered junction,52.916156,Daylight,442120,335600,-1.375046,E01019683,1,3,0,0,Dry,Single carriageway,None,30,12:20:00,Urban,Fine no high winds,No,16 - 20,7,Urban area,10,599,None,None,Commuting to/from work,Mid Junction - on roundabout or on main road,HONDA,CBR 600 F-3,Petrol,Male,Skidded,No tow/articulation,Nearside,0,Slowing or stopping,2,Motorcycle over 500cc,No,Offside,2010
201030D000490,C,103,Unclassified,0,Slight,None,03-06-2010,Thursday,1,Authorised person,T or staggered junction,52.923549,Daylight,434190,336360,-1.492896,E01013554,1,2,0,0,Dry,Single carriageway,None,30,12:38:00,Urban,Fine no high winds,No,16 - 20,7,Urban area,3,1299,None,None,Journey as part of work,Mid Junction - on roundabout or on main road,FORD,KA COLLECTION,Petrol,Male,None,No tow/articulation,Did not leave carriageway,0,Going ahead other,1,Car,No,Front,2010
201030D000669,A,61,Unclassified,0,Slight,None,19-07-2010,Monday,1,Give way or uncontrolled,Private drive or entrance,52.934213,Daylight,436070,337560,-1.4648,E01013530,2,3,0,0,Dry,Single carriageway,None,60,18:56:00,Urban,Fine no high winds,No,16 - 20,7,Urban area,9,1124,None,None,Other/Not known (2005-10),Approaching junction or waiting/parked at junction approach,PEUGEOT,106 INDEPENDENCE,Petrol,Male,None,No tow/articulation,Did not leave carriageway,0,Going ahead other,2,Car,No,Back,2010
201030D001055,C,371,Unclassified,0,Slight,None,25-10-2010,Monday,1,Give way or uncontrolled,T or staggered junction,52.771554,Daylight,429370,319420,-1.566109,E01019879,1,2,0,0,Dry,Single carriageway,None,30,16:28:00,Urban,Fine no high winds,No,16 - 20,7,Urban area,6,1896,None,None,Other/Not known (2005-10),Approaching junction or waiting/parked at junction approach,VOLKSWAGEN,GOLF GT TDI,Heavy oil,Male,None,No tow/articulation,Did not leave carriageway,0,Going ahead other,1,Car,No,Front,2010
20103102B1631,B,6040,Unclassified,0,Slight,None,13-07-2010,Tuesday,2,Give way or uncontrolled,T or staggered junction,53.314827,Daylight,458040,380120,-1.130271,E01028046,1,3,0,0,Dry,Single carriageway,None,30,19:45:00,Urban,Fine no high winds,No,16 - 20,7,Urban area,2,1686,None,None,Other/Not known (2005-10),Cleared junction or waiting/parked at junction exit,VAUXHALL,COMBO 1700 DI,Heavy oil,Male,None,No tow/articulation,Did not leave carriageway,0,Going ahead other,1,Van / Goods 3.5 tonnes mgw or under,No,Front,2010
20103102B1945,Unclassified,0,Unclassified,0,Slight,None,22-06-2010,Tuesday,1,Give way or uncontrolled,Crossroads,53.315075,Daylight,458240,380150,-1.127264,E01028046,1,3,0,1,Dry,Single carriageway,None,30,21:05:00,Urban,Fine no high winds,No,16 - 20,7,Urban area,9,1396,None,None,Other/Not known (2005-10),Mid Junction - on roundabout or on main road,HONDA,CIVIC INSPIRE S,Petrol,Male,None,No tow/articulation,Did not leave carriageway,0,Going ahead other,1,Car,No,Front,2010