Accident_Index,1st_Road_Class,1st_Road_Number,2nd_Road_Class,2nd_Road_Number,Accident_Severity,Carriageway_Hazards,Date,Day_of_Week,Did_Police_Officer_Attend_Scene_of_Accident,Junction_Control,Junction_Detail,Latitude,Light_Conditions,Location_Easting_OSGR,Location_Northing_OSGR,Longitude,LSOA_of_Accident_Location,Number_of_Casualties,Number_of_Vehicles,Pedestrian_Crossing-Human_Control,Pedestrian_Crossing-Physical_Facilities,Road_Surface_Conditions,Road_Type,Special_Conditions_at_Site,Speed_limit,Time,Urban_or_Rural_Area,Weather_Conditions,InScotland,Age_Band_of_Driver,Age_of_Vehicle,Driver_Home_Area_Type,Driver_IMD_Decile,Engine_Capacity_.CC.,Hit_Object_in_Carriageway,Hit_Object_off_Carriageway,Journey_Purpose_of_Driver,Junction_Location,make,model,Propulsion_Code,Sex_of_Driver,Skidding_and_Overturning,Towing_and_Articulation,Vehicle_Leaving_Carriageway,Vehicle_Location.Restricted_Lane,Vehicle_Manoeuvre,Vehicle_Reference,Vehicle_Type,Was_Vehicle_Left_Hand_Drive,X1st_Point_of_Impact,Year
20103102B2500,C,205,Unclassified,0,Slight,None,04-10-2010,Monday,2,Give way or uncontrolled,T or staggered junction,53.303759,Daylight,458970,378900,-1.11654,E01028068,1,1,0,0,Dry,Single carriageway,Oil or diesel,30,16:32:00,Urban,Fine no high winds,No,16 - 20,7,Urban area,1,49,None,None,Other/Not known (2005-10),Approaching junction or waiting/parked at junction approach,PEUGEOT,TREKKER OFF ROAD,Petrol,Male,None,No tow/articulation,Did not leave carriageway,0,Going ahead other,1,Motorcycle 50cc and under,No,Front,2010
201032B169110,A,16,Unclassified,0,Slight,None,12-06-2010,Saturday,1,Give way or uncontrolled,Other junction,52.656666,Daylight,504500,307670,-0.456501,E01026350,1,2,0,0,Dry,Single carriageway,None,60,11:10:00,Rural,Fine no high winds,No,16 - 20,7,Urban area,10,1124,None,None,Other/Not known (2005-10),Approaching junction or waiting/parked at junction approach,PEUGEOT,206 STYLE,Petrol,Male,None,No tow/articulation,Nearside,0,Going ahead other,2,Car,No,Front,2010
201032C107910,C,541,Unclassified,0,Slight,None,17-04-2010,Saturday,1,Give way or uncontrolled,T or staggered junction,53.194962,Daylight,554910,368940,0.317438,E01026069,2,2,0,0,Dry,Single carriageway,None,60,11:40:00,Rural,Fine no high winds,No,16 - 20,7,Rural,10,1242,None,None,Other/Not known (2005-10),Entering main road,FIAT,PUNTO ACTIVE 8V,Petrol,Male,None,No tow/articulation,Did not leave carriageway,0,Moving off,1,Car,No,Back,2010
201032C230010,A,16,C,885,Slight,None,12-08-2010,Thursday,1,Give way or uncontrolled,T or staggered junction,52.999152,Daylight,533920,346510,-0.005884,E01026022,1,2,0,0,Wet or damp,Single carriageway,None,50,07:17:00,Rural,Fine no high winds,No,16 - 20,7,Rural,7,1896,None,Other permanent object,Journey as part of work,Approaching junction or waiting/parked at junction approach,VOLKSWAGEN,GOLF GT TDI,Heavy oil,Male,None,No tow/articulation,Nearside,0,Going ahead other,1,Car,No,Front,2010
201032D024610,A,57,A,46,Slight,None,26-01-2010,Tuesday,1,Give way or uncontrolled,Roundabout,53.243654,Daylight,495340,372800,-0.572735,E01026147,1,2,0,0,Dry,Roundabout,None,70,08:40:00,Rural,Fine no high winds,No,16 - 20,7,Urban area,8,1149,None,None,Commuting to/from work,Leaving roundabout,RENAULT,CLIO EXPRESSION 16V,Petrol,Male,None,No tow/articulation,Did not leave carriageway,0,Going ahead other,1,Car,No,Nearside,2010
201043P190050,B,4477,NA,0,Slight,None,30-01-2020,Saturday,1,Data missing or out of range,Not at junction or within 20 metres,14.71915023,Daylight,431050,209650,78.55248098,E01028794,1,1,0,0,Dry,Single carriageway,None,30,07:00:00,Rural,Fine no high winds,No,16 - 20,7,Rural,9,1299,None,Telegraph or electricity pole,Journey as part of work,Not at or within 20 metres of junction,FORD,KA STYLE,Petrol,Female,None,No tow/articulation,Nearside and rebounded,0,Going ahead other,1,Car,No,Front,2019
201042I384911,A,13,NA,0,Slight,None,20-11-2021,Saturday,1,Not at junction or within 20 metres,Not at junction or within 20 metres,14.68087849,Daylight,580950,187100,78.49609103,E01021518,1,2,0,0,Wet or damp,One way street,None,30,09:20:00,Urban,Fine no high winds,No,16 - 20,7,Urban area,4,1968,None,None,Other/Not known (2005-10),Not at or within 20 metres of junction,AUDI,A3 SE TDI,Heavy oil,Female,None,No tow/articulation,Did not leave carriageway,0,Going ahead other,2,Car,No,Back,2019
2010400B02676,C,95,NA,0,Slight,None,18-11-2019,Saturday,1,Data missing or out of range,Not at junction or within 20 metres,26.7242733,Daylight,502390,245860,94.21824488,E01017516,2,3,0,0,Dry,Single carriageway,Roadworks,60,13:44:00,Rural,Fine no high winds,No,16 - 20,7,Urban area,4,1396,None,None,Other/Not known (2005-10),Not at or within 20 metres of junction,ROVER,25 IMPRESSION S3,Petrol,Female,None,No tow/articulation,Did not leave carriageway,0,Going ahead other,1,Car,No,Front,2019
201045WA53773,C,122,NA,0,Slight,None,10-08-2019,Thursday,1,Data missing or out of range,Not at junction or within 20 metres,26.75072558,Daylight,484810,146180,94.2002671,E01030888,2,3,0,0,Wet or damp,Single carriageway,None,30,13:22:00,Urban,Fine no high winds,No,16 - 20,7,Urban area,6,1108,Parked vehicle,Other permanent object,Other/Not known (2005-10),Not at or within 20 metres of junction,FIAT,SEICENTO S,Petrol,Female,None,No tow/articulation,Nearside,0,Going ahead other,1,Car,No,Front,2019
201050KC2M003,A,377,Unclassified,0,Slight,None,22-04-2020,Thursday,1,Give way or uncontrolled,T or staggered junction,26.76932891,Daylight,283570,100160,94.22317113,E01020041,1,2,0,0,Dry,Single carriageway,None,30,13:15:00,Rural,Fine no high winds,No,16 - 20,7,Small town,6,1390,None,None,Other/Not known (2005-10),Entering main road,SEAT,LEON S 16V,Petrol,Female,None,No tow/articulation,Did not leave carriageway,0,Turning right,2,Car,No,Front,2019
201050BE2I001,A,387,B,3252,Slight,None,15-12-2021,Saturday,1,Stop sign,T or staggered junction,26.74086305,Daylight,229110,57320,94.18099522,E01018759,1,1,0,0,Wet or damp,Single carriageway,Mud,30,16:00:00,Rural,Fine no high winds,No,16 - 20,7,Small town,8,1199,None,Other permanent object,Other/Not known (2005-10),Approaching junction or waiting/parked at junction approach,VAUXHALL,CORSA ACTIVE 16V,Petrol,Female,Skidded,No tow/articulation,Straight ahead at junction,0,Going ahead other,1,Car,No,Front,2019
201043P101080,A,329,NA,0,Slight,None,13-12-2019,Friday,1,Data missing or out of range,Not at junction or within 20 metres,25.76855784,Daylight,462680,202000,87.47183675,E01028646,1,1,0,0,Wet or damp,Single carriageway,None,50,20:29:00,Rural,Fine no high winds,No,16 - 20,7,Rural,8,1339,None,Entered ditch,Commuting to/from work,Not at or within 20 metres of junction,HONDA,JAZZ SE,Petrol,Female,Skidded and overturned,No tow/articulation,Offside,0,Going ahead right-hand bend,1,Car,No,Offside,2019
201054ED16810,A,3102,Unclassified,0,Slight,None,24-08-2021,Saturday,1,Give way or uncontrolled,Private drive or entrance,22.10234695,Daylight,390580,163870,82.14751603,E01032062,2,3,0,4,Dry,Single carriageway,None,30,13:00:00,Urban,Fine no high winds,No,16 - 20,7,Urban area,10,1149,None,None,Other/Not known (2005-10),Approaching junction or waiting/parked at junction approach,RENAULT,CLIO DYNAMIQUE 16V,Petrol,Female,None,No tow/articulation,Did not leave carriageway,0,Going ahead other,3,Car,No,Front,2019
201043W222030,Unclassified,7139,Unclassified,7139,Slight,None,06-07-2021,Friday,1,Give way or uncontrolled,T or staggered junction,28.44586496,Daylight,447140,166460,77.06334957,E01016320,1,2,0,0,Dry,Single carriageway,None,30,09:05:00,Urban,Fine no high winds,No,16 - 20,7,Rural,8,125,None,None,Journey as part of work,Approaching junction or waiting/parked at junction approach,HONDA,SES 125-3,Petrol,Female,None,No tow/articulation,Did not leave carriageway,0,Waiting to turn right,2,Motorcycle 125cc and under,No,Back,2019
201034WN36030,C,179,C,178,Slight,None,11-12-2021,Saturday,2,Auto traffic signal,T or staggered junction,28.40517733,Daylight,475330,260760,77.00590978,E01027150,1,3,0,0,Dry,One way street,None,30,13:50:00,Urban,Fine no high winds,No,16 - 20,7,Urban area,2,1299,None,None,Other/Not known (2005-10),Approaching junction or waiting/parked at junction approach,FORD,KA,Petrol,Female,None,No tow/articulation,Did not leave carriageway,0,Waiting to go - held up,2,Car,No,Back,2019
201045WO53500,Unclassified,3746,NA,0,Slight,None,10-09-2019,Monday,2,Data missing or out of range,Not at junction or within 20 metres,12.9965837,Daylight,504200,159290,77.56031848,E01030997,1,1,0,0,Dry,Single carriageway,None,30,18:00:00,Urban,Fine no high winds,No,16 - 20,7,Urban area,9,1299,None,None,Commuting to/from work,Not at or within 20 metres of junction,FORD,KA COLLECTION,Petrol,Female,Skidded,No tow/articulation,Did not leave carriageway,0,Going ahead other,1,Car,No,Nearside,2020
201045WA52980,A,287,Unclassified,5312,Slight,None,26-12-2021,Monday,1,Give way or uncontrolled,More than 4 arms (not roundabout),8.87283638,Daylight,484530,145070,76.61001182,E01030882,1,2,0,0,Dry,Dual carriageway,None,30,15:44:00,Urban,Fine no high winds,No,16 - 20,7,Urban area,10,998,None,None,Other/Not known (2005-10),Entering main road,VAUXHALL,CORSA DESIGN TWINPORT,Petrol,Female,None,No tow/articulation,Did not leave carriageway,0,Turning right,1,Car,No,Offside,2020
20104100B0258,Unclassified,408,NA,0,Slight,None,17-10-2020,Monday,1,Not at junction or within 20 metres,Not at junction or within 20 metres,8.892233938,Daylight,524070,214110,76.69290873,E01023961,1,3,0,0,Dry,Single carriageway,None,30,15:40:00,Urban,Fine no high winds,No,16 - 20,7,Urban area,4,1299,None,None,Other/Not known (2005-10),Not at or within 20 metres of junction,FORD,KA COLLECTION,Petrol,Female,None,No tow/articulation,Nearside,0,Overtaking static vehicle - offside,1,Car,No,Back,2020
201037B045260,A,1307,NA,0,Slight,None,20-02-2020,Wednesday,1,Data missing or out of range,Not at junction or within 20 metres,8.866594606,Daylight,567000,245750,76.61785317,E01030112,1,2,0,1,Dry,Single carriageway,None,30,15:25:00,Urban,Fine no high winds,No,16 - 20,7,Urban area,3,1299,None,None,Other/Not known (2005-10),Not at or within 20 metres of junction,FORD,KA,Petrol,Female,None,No tow/articulation,Did not leave carriageway,0,Going ahead other,1,Car,No,Front,2020
201054DN05210,Unclassified,0,Unclassified,0,Slight,None,26-11-2021,Wednesday,2,Give way or uncontrolled,Roundabout,26.45863596,Daylight,412140,188360,74.65600362,E01015470,1,2,0,0,Wet or damp,Roundabout,None,30,08:33:00,Rural,Fine no high winds,No,16 - 20,7,Small town,10,1124,None,None,Other/Not known (2005-10),Mid Junction - on roundabout or on main road,PEUGEOT,106 INDEPENDENCE,Petrol,Female,None,No tow/articulation,Did not leave carriageway,0,Turning right,1,Car,No,Front,2020
201050JG2H015,A,379,Unclassified,0,Slight,None,23-08-2021,Saturday,2,Give way or uncontrolled,T or staggered junction,26.45201984,Daylight,297010,77490,74.63482478,E01020231,1,2,0,0,Wet or damp,Single carriageway,None,30,21:30:00,Urban,Fine no high winds,No,16 - 20,7,Urban area,5,1360,None,None,Other/Not known (2005-10),Approaching junction or waiting/parked at junction approach,PEUGEOT,206 VERVE,Petrol,Female,None,No tow/articulation,Did not leave carriageway,0,Turning right,2,Car,No,Back,2020
201042I009201,A,127,Unclassified,0,Slight,None,01-03-2019,Sunday,1,Auto traffic signal,More than 4 arms (not roundabout),26.46049706,Daylight,584860,188260,74.60652508,E01015835,2,2,0,7,Dry,Dual carriageway,None,40,16:11:00,Urban,Fine no high winds,No,16 - 20,7,Urban area,5,1149,None,None,Other/Not known (2005-10),Approaching junction or waiting/parked at junction approach,RENAULT,CLIO EXPRESSION 16V,Petrol,Female,None,No tow/articulation,Did not leave carriageway,0,Waiting to go - held up,1,Car,No,Front,2020
201050GN2A035,Unclassified,0,Unclassified,0,Slight,None,28-05-2021,Wednesday,1,Give way or uncontrolled,Crossroads,26.45848961,Daylight,180610,61600,74.58442487,E01019029,3,2,0,0,Dry,One way street,None,30,18:40:00,Urban,Fine no high winds,No,16 - 20,7,Urban area,6,1124,None,None,Other/Not known (2005-10),Approaching junction or waiting/parked at junction approach,PEUGEOT,106 INDEPENDENCE,Petrol,Female,None,No tow/articulation,Did not leave carriageway,0,Slowing or stopping,2,Car,No,Back,2020
201043W017010,A,321,Unclassified,7505,Slight,None,08-02-2020,Friday,2,Give way or uncontrolled,Roundabout,28.65962292,Daylight,480300,166070,77.24914106,E01016636,1,2,0,0,Dry,Roundabout,None,30,12:00:00,Urban,Fine no high winds,No,16 - 20,7,Urban area,10,1587,None,None,Other/Not known (2005-10),Approaching junction or waiting/parked at junction approach,PEUGEOT,307 S,Petrol,Female,None,No tow/articulation,Did not leave carriageway,0,Waiting to go - held up,2,Car,No,Back,2020
201050BD2M011,B,3254,Unclassified,0,Slight,None,15-04-2019,Monday,2,Give way or uncontrolled,T or staggered junction,28.59986967,Daylight,224930,64100,77.13908275,E01018770,1,2,0,0,Dry,Single carriageway,None,30,17:54:00,Rural,Fine no high winds,No,16 - 20,7,Rural,5,1124,None,None,Other/Not known (2005-10),Approaching junction or waiting/parked at junction approach,PEUGEOT,206 LOOK,Petrol,Female,None,No tow/articulation,Did not leave carriageway,0,Moving off,1,Car,No,Offside,2020
2010550C30921,A,338,B,3066,Slight,None,19-04-2019,Monday,2,Give way or uncontrolled,Roundabout,28.71354616,Daylight,407930,91430,77.33551936,E01015284,2,2,0,0,Dry,Dual carriageway,None,40,13:00:00,Urban,Fine no high winds,No,16 - 20,7,Urban area,6,1299,None,None,Commuting to/from work,Approaching junction or waiting/parked at junction approach,FORD,KA COLLECTION,Petrol,Female,None,No tow/articulation,Did not leave carriageway,0,Slowing or stopping,1,Car,No,Back,2020
201037G030030,A,140,B,1078,Slight,None,11-04-2020,Thursday,1,Give way or uncontrolled,T or staggered junction,28.6061542,Daylight,611170,254800,77.36468262,E01030057,1,3,0,0,Wet or damp,Dual carriageway,None,50,17:23:00,Rural,Fine no high winds,No,16 - 20,7,Rural,6,1598,None,None,Journey as part of work,Mid Junction - on roundabout or on main road,MINI,MINI ONE,Petrol,Female,None,No tow/articulation,Did not leave carriageway,0,Going ahead other,1,Car,No,Nearside,2020
201042I422712,A,282,NA,0,Slight,None,02-05-2020,Wednesday,1,Not at junction or within 20 metres,Not at junction or within 20 metres,28.54257153,Daylight,557040,176460,77.22752479,E01016012,1,2,0,0,Wet or damp,Dual carriageway,None,50,10:50:00,Rural,Fine no high winds,No,16 - 20,7,Data missing or out of range,NA,1360,None,None,Other/Not known (2005-10),Not at or within 20 metres of junction,CITROEN,C3 SX AUTO,Petrol,Female,None,No tow/articulation,Did not leave carriageway,0,Going ahead other,2,Car,No,Nearside,2020
20105500D0825,A,31,Unclassified,0,Slight,None,27-07-2021,Monday,2,Give way or uncontrolled,T or staggered junction,28.63082301,Daylight,411330,103150,77.20333441,E01020406,1,2,0,0,Dry,Dual carriageway,None,70,15:25:00,Rural,Fine no high winds,No,16 - 20,7,Small town,9,1198,None,None,Other/Not known (2005-10),Entering main road,VOLKSWAGEN,POLO E,Petrol,Female,None,No tow/articulation,Did not leave carriageway,0,Turning left,1,Car,No,Front,2020
20104100D0100,Unclassified,424,NA,0,Slight,None,23-04-2021,Monday,2,Not at junction or within 20 metres,Not at junction or within 20 metres,28.55343367,Daylight,508780,205760,77.36305505,E01023415,1,2,0,0,Frost or ice,Single carriageway,None,60,10:45:00,Rural,Fine no high winds,No,16 - 20,7,Urban area,10,1299,None,None,Taking pupil to/from school,Not at or within 20 metres of junction,FORD,KA,Petrol,Female,Skidded,No tow/articulation,Did not leave carriageway,0,Going ahead left-hand bend,1,Car,No,Front,2020
201045RU50795,B,386,Unclassified,3045,Slight,None,25-10-2020,Saturday,1,Give way or uncontrolled,T or staggered junction,18.56198033,Daylight,499850,165440,73.81614761,E01030677,3,2,0,0,Dry,Single carriageway,None,60,08:37:00,Rural,Fine no high winds,No,16 - 20,7,Rural,9,998,None,None,Journey as part of work,Approaching junction or waiting/parked at junction approach,TOYOTA,YARIS T SPIRIT,Petrol,Female,None,No tow/articulation,Did not leave carriageway,0,Slowing or stopping,1,Car,No,Front,2021
201045RU54537,A,308,NA,0,Slight,None,31-03-2019,Saturday,1,Data missing or out of range,Not at junction or within 20 metres,18.61710321,Daylight,502160,171690,73.7723211,E01030665,2,2,0,0,Dry,Dual carriageway,None,70,16:23:00,Urban,Fine no high winds,No,16 - 20,7,Urban area,9,1598,None,Central crash barrier,Other/Not known (2005-10),Not at or within 20 metres of junction,MINI,MINI ONE,Petrol,Female,Skidded,No tow/articulation,Nearside and rebounded,0,Changing lane to right,1,Car,No,Front,2021
201042I293209,B,1007,Unclassified,0,Slight,None,13-05-2019,Tuesday,1,Give way or uncontrolled,T or staggered junction,18.54441173,Daylight,570110,205590,73.77083074,E01021578,1,2,0,0,Wet or damp,Single carriageway,None,40,08:23:00,Urban,Fine no high winds,No,16 - 20,7,Small town,7,1299,None,None,Commuting to/from work,Mid Junction - on roundabout or on main road,FORD,KA COLLECTION,Petrol,Female,None,No tow/articulation,Did not leave carriageway,0,Going ahead other,2,Car,No,Front,2021
201037G028945,A,14,NA,0,Slight,None,13-10-2019,Tuesday,1,Data missing or out of range,Not at junction or within 20 metres,18.55365528,Daylight,612910,249620,73.83770853,E01030045,2,2,0,0,Dry,Dual carriageway,Roadworks,70,11:55:00,Rural,Fine no high winds,No,16 - 20,7,Rural,7,1599,None,None,Other/Not known (2005-10),Not at or within 20 metres of junction,FORD,SPORTKA,Petrol,Female,None,No tow/articulation,Did not leave carriageway,0,Going ahead other,2,Car,No,Offside,2021
201043P307020,A,423,NA,0,Slight,None,05-08-2020,Thursday,1,Data missing or out of range,Not at junction or within 20 metres,18.4897458,Daylight,452190,203390,73.89097985,E01028734,3,3,0,0,Wet or damp,Dual carriageway,None,70,15:21:00,Rural,Fine no high winds,No,16 - 20,7,Rural,8,1200,None,None,Other/Not known (2005-10),Not at or within 20 metres of junction,VOLKSWAGEN,POLO S,Petrol,Female,None,No tow/articulation,Did not leave carriageway,0,Moving off,3,Car,No,Back,2021
20104100F0231,A,414,Unclassified,868,Slight,None,20-03-2019,Thursday,1,Give way or uncontrolled,T or staggered junction,18.57559195,Daylight,520420,206810,73.82255933,E01023679,1,2,0,0,Wet or damp,Dual carriageway,None,70,08:39:00,Rural,Fine no high winds,No,16 - 20,7,Data missing or out of range,NA,1998,None,None,Other/Not known (2005-10),Entering main road,TOYOTA,RAV4 GX VVTI,Petrol,Female,None,No tow/articulation,Did not leave carriageway,0,Turning left,1,Car,No,Offside,2021
201043R154080,A,329,NA,0,Slight,None,12-09-2021,Tuesday,1,Data missing or out of range,Not at junction or within 20 metres,18.60562452,Daylight,490130,168890,73.85354211,E01016180,2,3,0,0,Dry,Single carriageway,None,40,18:50:00,Urban,Fine no high winds,No,16 - 20,7,Urban area,10,1240,None,None,Other/Not known (2005-10),Not at or within 20 metres of junction,NISSAN,MICRA SE,Petrol,Female,None,No tow/articulation,Did not leave carriageway,0,Slowing or stopping,2,Car,No,Back,2021
201050KE2H001,A,3052,Unclassified,0,Slight,None,24-03-2020,Wednesday,1,Give way or uncontrolled,Private drive or entrance,18.59552085,Daylight,304300,90600,73.92609647,E01019939,1,4,0,0,Dry,Single carriageway,None,50,18:22:00,Rural,Fine no high winds,No,16 - 20,7,Rural,9,1199,None,None,Other/Not known (2005-10),Approaching junction or waiting/parked at junction approach,VAUXHALL,CORSA CLUB 16V,Petrol,Female,None,No tow/articulation,Did not leave carriageway,0,Turning right,4,Car,No,Did not impact,2021
201045SU49370,B,386,NA,0,Slight,None,27-09-2020,Sunday,1,Data missing or out of range,Not at junction or within 20 metres,18.55458843,Daylight,496930,165030,73.91282348,E01030763,1,1,0,0,Frost or ice,Single carriageway,None,60,07:37:00,Rural,Fine no high winds,No,16 - 20,7,Urban area,10,1242,None,Tree,Commuting to/from work,Not at or within 20 metres of junction,FIAT,PUNTO ACTIVE 8V,Petrol,Female,Skidded,No tow/articulation,Nearside,0,Going ahead left-hand bend,1,Car,No,Offside,2021
201043R196050,A,330,NA,0,Slight,None,22-03-2019,Friday,1,Data missing or out of range,Not at junction or within 20 metres,18.57967894,Daylight,492180,168550,73.83933278,E01016524,1,2,0,0,Dry,Single carriageway,None,40,14:20:00,Rural,Fine no high winds,No,16 - 20,7,Urban area,9,1598,Kerb,Other permanent object,Other/Not known (2005-10),Not at or within 20 metres of junction,VAUXHALL,ASTRA 16V ELEGANCE,Petrol,Female,Skidded,No tow/articulation,Nearside,0,Going ahead left-hand bend,1,Car,No,Front,2021
2010400D01228,A,5,Unclassified,0,Slight,None,08-11-2020,Thursday,1,Give way or uncontrolled,Private drive or entrance,18.56993273,Daylight,500890,222970,73.81632586,E01017599,1,1,0,0,Dry,Single carriageway,None,30,16:40:00,Urban,Fine no high winds,No,16 - 20,7,Urban area,8,973,None,None,Other/Not known (2005-10),Entering main road,VAUXHALL,CORSA CLUB 12V,Petrol,Female,None,No tow/articulation,Did not leave carriageway,0,Reversing,1,Car,No,Offside,2021
201043P143070,Unclassified,383,NA,0,Slight,None,09-12-2021,Friday,1,Data missing or out of range,Not at junction or within 20 metres,19.206354,Daylight,471530,205840,72.92960804,E01028668,1,1,0,0,Wet or damp,Single carriageway,None,30,16:50:00,Urban,Fine no high winds,No,16 - 20,7,Urban area,10,1299,None,None,Other/Not known (2005-10),Not at or within 20 metres of junction,FORD,KA STYLE,Petrol,Female,None,No tow/articulation,Did not leave carriageway,0,Slowing or stopping,1,Car,No,Front,2021
2010400B00623,Unclassified,0,Unclassified,0,Slight,None,12-06-2021,Sunday,2,Give way or uncontrolled,Crossroads,19.17180267,Daylight,506030,249910,72.92212178,E01017468,1,2,0,0,Dry,Single carriageway,None,30,13:10:00,Urban,Fine no high winds,No,16 - 20,7,Urban area,9,1698,None,None,Other/Not known (2005-10),Cleared junction or waiting/parked at junction exit,VAUXHALL,CORSA CLUB 16V,Heavy oil,Female,None,No tow/articulation,Did not leave carriageway,0,Slowing or stopping,1,Car,No,Front,2021
201042I330910,A,121,Unclassified,0,Slight,None,27-01-2020,Monday,2,Auto traffic signal,T or staggered junction,14.68063512,Daylight,537690,200550,78.48772909,E01021817,1,2,0,5,Dry,Dual carriageway,None,40,11:55:00,Urban,Fine no high winds,No,16 - 20,7,Urban area,3,973,None,None,Other/Not known (2005-10),Approaching junction or waiting/parked at junction approach,VAUXHALL,CORSA CLUB 12V,Petrol,Female,None,No tow/articulation,Did not leave carriageway,0,Waiting to go - held up,1,Car,No,Back,2019
20104100A0147,Unclassified,535,Unclassified,557,Slight,None,06-12-2021,Thursday,1,Give way or uncontrolled,T or staggered junction,27.10409152,Daylight,532550,211900,93.61786079,E01023476,2,2,0,0,Dry,Single carriageway,None,30,14:56:00,Urban,Fine no high winds,No,16 - 20,7,Urban area,3,1198,None,Road sign or traffic signal,Commuting to/from work,Leaving main road,VOLKSWAGEN,POLO E,Petrol,Female,None,No tow/articulation,Nearside,0,Turning right,2,Car,No,Nearside,2019
201045GU50382,Unclassified,3731,Unclassified,0,Slight,None,25-06-2019,Wednesday,1,Give way or uncontrolled,Crossroads,26.73425187,Daylight,501960,158400,94.16705649,E01030990,1,2,0,0,Dry,Single carriageway,None,30,08:45:00,Urban,Fine no high winds,No,16 - 20,7,Rural,10,49,None,None,Journey as part of work,Approaching junction or waiting/parked at junction approach,PIAGGIO,ET2,Petrol,Female,None,No tow/articulation,Did not leave carriageway,0,Going ahead other,2,Motorcycle 50cc and under,No,Front,2019
201001JI40258,C,0,Unclassified,0,Slight,None,10-05-2010,Monday,1,Give way or uncontrolled,T or staggered junction,51.615968,Daylight,541690,192780,0.045134,E01003660,3,2,0,0,Dry,Single carriageway,None,30,11:20:00,Urban,Fine no high winds,No,16 - 20,7,Urban area,7,1124,None,None,Other/Not known (2005-10),Mid Junction - on roundabout or on main road,PEUGEOT,206 STYLE,Petrol,Female,None,No tow/articulation,Offside,0,Going ahead other,1,Car,No,Front,2010
201001PL60131,A,205,C,0,Slight,None,03-03-2010,Wednesday,1,Auto traffic signal,Crossroads,51.445175,Daylight,539400,173710,0.004537,E01003354,1,2,0,5,Dry,Single carriageway,None,30,10:10:00,Urban,Fine no high winds,No,16 - 20,7,Urban area,4,1199,None,None,Other/Not known (2005-10),Cleared junction or waiting/parked at junction exit,VAUXHALL,CORSA ELEGANCE 16V SEMI-AUT,Petrol,Female,None,No tow/articulation,Did not leave carriageway,0,Going ahead other,1,Car,No,Front,2010
201001PL60379,A,2218,NA,0,Slight,None,18-06-2010,Friday,1,Data missing or out of range,Not at junction or within 20 metres,51.429227,Daylight,536620,171860,-0.036154,E01003190,3,3,0,0,Dry,Single carriageway,None,30,17:46:00,Urban,Fine no high winds,No,16 - 20,7,Urban area,2,1199,None,None,Other/Not known (2005-10),Not at or within 20 metres of junction,VAUXHALL,CORSA LIFE 16V,Petrol,Female,None,No tow/articulation,Did not leave carriageway,0,Going ahead other,1,Car,No,Front,2010
201001PL60399,A,205,Unclassified,0,Slight,None,26-06-2010,Saturday,1,Give way or uncontrolled,T or staggered junction,51.443115,Daylight,537160,173420,-0.027787,E01003317,1,1,0,0,Dry,Single carriageway,None,30,19:09:00,Urban,Fine no high winds,No,16 - 20,7,Urban area,8,1596,None,None,Other/Not known (2005-10),Entering main road,FORD,FUSION 3 16V,Petrol,Female,None,No tow/articulation,Did not leave carriageway,0,Turning left,1,Car,No,Front,2010
201001RG40561,A,206,Unclassified,0,Slight,None,24-09-2010,Friday,1,Auto traffic signal,Crossroads,51.492631,Daylight,542610,179080,0.052862,E01001713,2,3,0,5,Wet or damp,Dual carriageway,None,30,07:00:00,Urban,Fine no high winds,No,16 - 20,7,Urban area,9,1198,None,None,Other/Not known (2005-10),Cleared junction or waiting/parked at junction exit,VOLKSWAGEN,POLO S,Petrol,Female,None,No tow/articulation,Did not leave carriageway,0,Slowing or stopping,2,Car,No,Back,2010
201001RG40685,C,0,Unclassified,0,Slight,None,02-11-2010,Tuesday,1,Give way or uncontrolled,T or staggered junction,51.460202,Daylight,542210,175460,0.045648,E01001625,1,2,0,0,Dry,Single carriageway,None,30,08:12:00,Urban,Fine no high winds,No,16 - 20,7,Urban area,8,1299,None,None,Other/Not known (2005-10),Mid Junction - on roundabout or on main road,FORD,KA,Petrol,Female,None,No tow/articulation,Did not leave carriageway,0,Turning left,2,Car,No,Offside,2010
201001RY10117,C,0,NA,0,Slight,None,06-03-2010,Saturday,2,Data missing or out of range,Not at junction or within 20 metres,51.465963,Daylight,549160,176300,0.145971,E01000358,1,2,0,0,Dry,Single carriageway,None,30,10:30:00,Urban,Fine no high winds,No,16 - 20,7,Urban area,7,1299,None,None,Other/Not known (2005-10),Not at or within 20 metres of junction,FORD,KA,Petrol,Female,None,No tow/articulation,Did not leave carriageway,0,Going ahead other,1,Car,No,Nearside,2010
201001SX21263,Unclassified,0,Unclassified,0,Slight,None,05-12-2010,Sunday,1,Give way or uncontrolled,Crossroads,51.583472,Daylight,526030,188750,-0.182372,E01000207,1,2,0,0,Dry,Single carriageway,None,30,12:05:00,Urban,Fine no high winds,No,16 - 20,7,Urban area,3,1984,None,None,Other/Not known (2005-10),Mid Junction - on roundabout or on main road,VOLKSWAGEN,BEETLE CABRIOLET TIPTRONIC,Petrol,Female,None,No tow/articulation,Did not leave carriageway,0,Going ahead other,2,Car,No,Front,2010
201034WN36030,C,179,C,178,Slight,None,28-08-2010,Saturday,2,Auto traffic signal,T or staggered junction,52.239847,Daylight,475330,260760,-0.898222,E01027150,1,3,0,0,Dry,One way street,None,30,13:50:00,Urban,Fine no high winds,No,16 - 20,7,Urban area,2,1299,None,None,Other/Not known (2005-10),Approaching junction or waiting/parked at junction approach,FORD,KA,Petrol,Female,None,No tow/articulation,Did not leave carriageway,0,Waiting to go - held up,2,Car,No,Back,2010