Accident_Index,1st_Road_Class,1st_Road_Number,2nd_Road_Class,2nd_Road_Number,Accident_Severity,Carriageway_Hazards,Date,Day_of_Week,Did_Police_Officer_Attend_Scene_of_Accident,Junction_Control,Junction_Detail,Latitude,Light_Conditions,Location_Easting_OSGR,Location_Northing_OSGR,Longitude,LSOA_of_Accident_Location,Number_of_Casualties,Number_of_Vehicles,Pedestrian_Crossing-Human_Control,Pedestrian_Crossing-Physical_Facilities,Road_Surface_Conditions,Road_Type,Special_Conditions_at_Site,Speed_limit,Time,Urban_or_Rural_Area,Weather_Conditions,InScotland,Age_Band_of_Driver,Age_of_Vehicle,Driver_Home_Area_Type,Driver_IMD_Decile,Engine_Capacity_.CC.,Hit_Object_in_Carriageway,Hit_Object_off_Carriageway,Journey_Purpose_of_Driver,Junction_Location,make,model,Propulsion_Code,Sex_of_Driver,Skidding_and_Overturning,Towing_and_Articulation,Vehicle_Leaving_Carriageway,Vehicle_Location.Restricted_Lane,Vehicle_Manoeuvre,Vehicle_Reference,Vehicle_Type,Was_Vehicle_Left_Hand_Drive,X1st_Point_of_Impact,Year
201001PY20042,A,214,NA,0,Slight,None,22-01-2010,Friday,1,Data missing or out of range,Not at junction or within 20 metres,51.391758,Daylight,536600,167690,-0.038046,E01000778,1,2,0,0,Wet or damp,Single carriageway,None,30,13:55:00,Urban,Raining no high winds,No,16 - 20,7,Urban area,4,1598,None,None,Other/Not known (2005-10),Not at or within 20 metres of junction,RENAULT,CLIO DYNAMIQUE 16V,Petrol,Male,None,No tow/articulation,Did not leave carriageway,0,Reversing,2,Car,No,Back,2010
201001SX20902,A,598,Unclassified,0,Slight,None,26-08-2010,Thursday,1,Give way or uncontrolled,T or staggered junction,51.594429,Daylight,524850,189940,-0.198971,E01000202,1,2,0,1,Wet or damp,Single carriageway,None,30,11:19:00,Urban,Raining no high winds,No,16 - 20,7,Urban area,10,1390,None,None,Other/Not known (2005-10),Approaching junction or waiting/parked at junction approach,VOLKSWAGEN,GOLF MATCH,Petrol,Male,None,No tow/articulation,Did not leave carriageway,0,Slowing or stopping,1,Car,No,Front,2010
201001XD80117,A,40,NA,0,Slight,None,18-02-2010,Thursday,1,Data missing or out of range,Not at junction or within 20 metres,51.543293,Daylight,512440,183960,-0.379963,E01001326,1,2,0,0,Wet or damp,Slip road,None,50,08:53:00,Urban,Raining no high winds,No,16 - 20,7,Urban area,5,1896,None,None,Other/Not known (2005-10),Not at or within 20 metres of junction,VOLKSWAGEN,POLO S SDI,Heavy oil,Male,None,No tow/articulation,Did not leave carriageway,0,Slowing or stopping,1,Car,No,Back,2010
201001YR90634,A,109,B,151,Slight,None,18-09-2010,Saturday,1,Auto traffic signal,T or staggered junction,51.600403,Daylight,530610,190750,-0.115561,E01002098,1,2,0,5,Wet or damp,Single carriageway,None,30,17:15:00,Urban,Raining no high winds,No,16 - 20,7,Urban area,4,1686,None,None,Other/Not known (2005-10),Approaching junction or waiting/parked at junction approach,VAUXHALL,CORSA ELEGANCE DTI,Heavy oil,Male,None,No tow/articulation,Did not leave carriageway,0,U-turn,1,Car,No,Front,2010
201014K298910,Unclassified,0,Unclassified,0,Slight,None,09-11-2010,Tuesday,1,Give way or uncontrolled,T or staggered junction,53.376628,Daylight,434880,386770,-1.477157,E01008110,1,2,0,0,Wet or damp,Single carriageway,None,30,00:05:00,Urban,Raining no high winds,No,16 - 20,7,Urban area,10,1149,None,None,Other/Not known (2005-10),Entering main road,RENAULT,CLIO DYNAMIQUE 16V,Petrol,Male,None,No tow/articulation,Did not leave carriageway,0,Moving off,2,Car,No,Front,2010
201020L005940,B,4101,NA,0,Slight,None,12-05-2010,Wednesday,1,Data missing or out of range,Not at junction or within 20 metres,52.38726,Daylight,421170,276630,-1.690374,E01010167,1,1,0,0,Wet or damp,Single carriageway,None,60,12:53:00,Rural,Raining no high winds,No,16 - 20,7,Rural,9,1242,Kerb,Entered ditch,Commuting to/from work,Not at or within 20 metres of junction,FIAT,PUNTO 5000000,Petrol,Male,Overturned,No tow/articulation,Nearside,0,Going ahead right-hand bend,1,Car,No,Front,2010
201022D002796,Unclassified,0,Unclassified,0,Slight,None,26-05-2010,Wednesday,1,Give way or uncontrolled,Other junction,52.375841,Daylight,378980,275360,-2.310215,E01032482,1,2,0,0,Wet or damp,Single carriageway,None,30,18:17:00,Rural,Raining no high winds,No,16 - 20,7,Urban area,7,1794,None,None,Other/Not known (2005-10),Approaching junction or waiting/parked at junction approach,TOYOTA,CELICA VVTI,Petrol,Male,None,No tow/articulation,Did not leave carriageway,0,Going ahead other,1,Car,No,Front,2010
201022F004157,A,4117,NA,0,Slight,None,20-08-2010,Friday,1,Data missing or out of range,Not at junction or within 20 metres,52.379063,Daylight,364750,275800,-2.519289,E01029001,3,4,0,0,Wet or damp,Single carriageway,None,60,17:45:00,Rural,Raining no high winds,No,16 - 20,7,Small town,6,1198,None,None,Other/Not known (2005-10),Not at or within 20 metres of junction,SKODA,FABIA CLASSIC 1.2 HTP 64,Petrol,Male,None,No tow/articulation,Did not leave carriageway,0,Going ahead other,2,Car,No,Front,2010
201030C000069,B,6057,NA,0,Slight,None,15-02-2010,Monday,1,Data missing or out of range,Not at junction or within 20 metres,53.278743,Daylight,437520,375900,-1.438759,E01019573,2,3,0,0,Wet or damp,Single carriageway,None,40,16:35:00,Urban,Raining no high winds,No,16 - 20,7,Urban area,10,1199,None,None,Other/Not known (2005-10),Not at or within 20 metres of junction,VAUXHALL,CORSA DESIGN 16V,Petrol,Male,Skidded,No tow/articulation,Did not leave carriageway,0,Overtaking static vehicle - offside,1,Car,No,Front,2010
201030D000651,A,5111,C,167,Slight,None,13-07-2010,Tuesday,1,Give way or uncontrolled,T or staggered junction,52.895212,Daylight,438500,333240,-1.429159,E01013502,1,2,0,0,Wet or damp,Dual carriageway,Oil or diesel,30,16:24:00,Urban,Raining no high winds,No,16 - 20,7,Urban area,10,599,None,None,Other/Not known (2005-10),Approaching junction or waiting/parked at junction approach,YAMAHA,FZS 600,Petrol,Male,None,No tow/articulation,Did not leave carriageway,0,Going ahead other,2,Motorcycle over 500cc,No,Offside,2010
201030D000793,A,52,Unclassified,0,Slight,None,26-08-2010,Thursday,1,Give way or uncontrolled,T or staggered junction,52.927351,Daylight,433770,336780,-1.499099,E01013547,1,3,0,0,Wet or damp,Single carriageway,None,30,07:40:00,Urban,Raining no high winds,No,16 - 20,7,Urban area,6,1124,None,None,Other/Not known (2005-10),Approaching junction or waiting/parked at junction approach,PEUGEOT,206 ENTICE,Petrol,Male,None,No tow/articulation,Did not leave carriageway,0,Waiting to go - held up,2,Car,No,Back,2010
201034NK23890,Unclassified,7001,Unclassified,7064,Slight,None,10-06-2010,Thursday,1,Give way or uncontrolled,Crossroads,52.390211,Daylight,486980,277680,-0.723282,E01027114,1,2,0,0,Dry,Single carriageway,None,30,13:07:00,Urban,Raining no high winds,No,16 - 20,7,Small town,4,1587,None,None,Other/Not known (2005-10),Mid Junction - on roundabout or on main road,CITROEN,SAXO VTR,Petrol,Male,None,No tow/articulation,Did not leave carriageway,0,Going ahead other,2,Car,No,Front,2010
201042I092703,A,104,A,1069,Slight,None,08-12-2019,Tuesday,1,Give way or uncontrolled,T or staggered junction,15.29661499,Daylight,540810,195320,74.0927502,E01021746,1,2,0,8,Wet or damp,Single carriageway,None,40,08:45:00,Rural,Raining no high winds,No,16 - 20,7,Urban area,5,1598,None,None,Other/Not known (2005-10),Cleared junction or waiting/parked at junction exit,MINI,MINI ONE,Petrol,Female,None,No tow/articulation,Did not leave carriageway,0,Turning right,2,Car,No,Offside,2019
201054ED20510,A,350,NA,0,Slight,None,12-08-2021,Tuesday,1,Not at junction or within 20 metres,Not at junction or within 20 metres,13.04410495,Daylight,390450,161300,77.55391074,E01032070,2,2,0,0,Wet or damp,Single carriageway,None,50,07:54:00,Rural,Raining no high winds,No,16 - 20,7,Urban area,6,973,None,None,Commuting to/from work,Not at or within 20 metres of junction,VAUXHALL,CORSA CLUB 12V,Petrol,Female,Skidded,No tow/articulation,Did not leave carriageway,0,Going ahead other,1,Car,No,Front,2020
201037L018498,A,146,Unclassified,0,Slight,None,17-06-2020,Saturday,1,Give way or uncontrolled,Private drive or entrance,28.70545526,Daylight,650680,290660,77.28931487,E01030237,1,3,0,0,Wet or damp,Single carriageway,None,30,09:30:00,Urban,Raining no high winds,No,16 - 20,7,Urban area,8,998,None,None,Journey as part of work,Approaching junction or waiting/parked at junction approach,SEAT,AROSA S,Petrol,Female,Skidded,No tow/articulation,Did not leave carriageway,0,Going ahead other,1,Car,No,Front,2021
201037B045709,C,439,NA,0,Slight,None,27-11-2020,Monday,1,Data missing or out of range,Not at junction or within 20 metres,18.5044073,Daylight,604690,257770,73.89050729,E01030080,1,1,0,0,Wet or damp,Single carriageway,None,40,17:45:00,Urban,Raining no high winds,No,16 - 20,7,Rural,7,1299,None,Other permanent object,Other/Not known (2005-10),Not at or within 20 metres of junction,FORD,KA,Petrol,Female,Skidded,No tow/articulation,Nearside,0,Going ahead right-hand bend,1,Car,No,Front,2021
201037B044600,Unclassified,9999,A,1302,Slight,None,08-04-2021,Thursday,1,Give way or uncontrolled,T or staggered junction,18.6378615,Daylight,584920,264260,73.85134604,E01030091,1,2,0,0,Wet or damp,Single carriageway,None,30,15:40:00,Urban,Raining no high winds,No,16 - 20,7,Rural,8,49,None,None,Other/Not known (2005-10),Approaching junction or waiting/parked at junction approach,PEUGEOT,VIVACITY 50,Petrol,Female,None,No tow/articulation,Did not leave carriageway,0,Waiting to turn left,2,Motorcycle 50cc and under,No,Back,2021
201050GA2P005,C,281,C,0,Slight,None,13-02-2020,Thursday,2,Give way or uncontrolled,Roundabout,19.13157846,Daylight,201970,52580,72.83168763,E01019041,1,2,0,0,Wet or damp,Roundabout,None,30,16:15:00,Urban,Raining no high winds,No,16 - 20,7,Urban area,5,1598,None,None,Other/Not known (2005-10),Mid Junction - on roundabout or on main road,VOLKSWAGEN,GOLF MATCH,Petrol,Female,None,No tow/articulation,Did not leave carriageway,0,Waiting to go - held up,1,Car,No,Front,2021
201037B044600,Unclassified,9999,A,1302,Slight,None,25-03-2010,Thursday,1,Give way or uncontrolled,T or staggered junction,52.245407,Daylight,584920,264260,0.707272,E01030091,1,2,0,0,Wet or damp,Single carriageway,None,30,15:40:00,Urban,Raining no high winds,No,16 - 20,7,Rural,8,49,None,None,Other/Not known (2005-10),Approaching junction or waiting/parked at junction approach,PEUGEOT,VIVACITY 50,Petrol,Female,None,No tow/articulation,Did not leave carriageway,0,Waiting to turn left,2,Motorcycle 50cc and under,No,Back,2010
201037B045709,C,439,NA,0,Slight,None,13-09-2010,Monday,1,Data missing or out of range,Not at junction or within 20 metres,52.180146,Daylight,604690,257770,0.992534,E01030080,1,1,0,0,Wet or damp,Single carriageway,None,40,17:45:00,Urban,Raining no high winds,No,16 - 20,7,Rural,7,1299,None,Other permanent object,Other/Not known (2005-10),Not at or within 20 metres of junction,FORD,KA,Petrol,Female,Skidded,No tow/articulation,Nearside,0,Going ahead right-hand bend,1,Car,No,Front,2010
201037L018498,A,146,Unclassified,0,Slight,None,25-09-2010,Saturday,1,Give way or uncontrolled,Private drive or entrance,52.456272,Daylight,650680,290660,1.688344,E01030237,1,3,0,0,Wet or damp,Single carriageway,None,30,09:30:00,Urban,Raining no high winds,No,16 - 20,7,Urban area,8,998,None,None,Journey as part of work,Approaching junction or waiting/parked at junction approach,SEAT,AROSA S,Petrol,Female,Skidded,No tow/articulation,Did not leave carriageway,0,Going ahead other,1,Car,No,Front,2010
201042I092703,A,104,A,1069,Slight,None,30-03-2010,Tuesday,1,Give way or uncontrolled,T or staggered junction,51.639013,Daylight,540810,195320,0.033453,E01021746,1,2,0,8,Wet or damp,Single carriageway,None,40,08:45:00,Rural,Raining no high winds,No,16 - 20,7,Urban area,5,1598,None,None,Other/Not known (2005-10),Cleared junction or waiting/parked at junction exit,MINI,MINI ONE,Petrol,Female,None,No tow/articulation,Did not leave carriageway,0,Turning right,2,Car,No,Offside,2010
201050GA2P005,C,281,C,0,Slight,None,29-04-2010,Thursday,2,Give way or uncontrolled,Roundabout,50.339702,Daylight,201970,52580,-4.784404,E01019041,1,2,0,0,Wet or damp,Roundabout,None,30,16:15:00,Urban,Raining no high winds,No,16 - 20,7,Urban area,5,1598,None,None,Other/Not known (2005-10),Mid Junction - on roundabout or on main road,VOLKSWAGEN,GOLF MATCH,Petrol,Female,None,No tow/articulation,Did not leave carriageway,0,Waiting to go - held up,1,Car,No,Front,2010
201054ED20510,A,350,NA,0,Slight,None,08-06-2010,Tuesday,1,Not at junction or within 20 metres,Not at junction or within 20 metres,51.350643,Daylight,390450,161300,-2.138538,E01032070,2,2,0,0,Wet or damp,Single carriageway,None,50,07:54:00,Rural,Raining no high winds,No,16 - 20,7,Urban area,6,973,None,None,Commuting to/from work,Not at or within 20 metres of junction,VAUXHALL,CORSA CLUB 12V,Petrol,Female,Skidded,No tow/articulation,Did not leave carriageway,0,Going ahead other,1,Car,No,Front,2010
201060L129470,Unclassified,0,Unclassified,0,Slight,None,16-07-2010,Friday,1,Give way or uncontrolled,Roundabout,53.204905,Daylight,331580,368030,-3.025841,W01000328,1,2,0,0,Wet or damp,Roundabout,None,30,18:27:00,Urban,Raining no high winds,No,16 - 20,7,Urban area,7,1998,None,None,Other/Not known (2005-10),Leaving roundabout,RENAULT,LAGUNA PRIVILEGE 16V,Petrol,Female,None,No tow/articulation,Did not leave carriageway,0,Waiting to go - held up,2,Car,No,Did not impact,2010
201004DA10060,Unclassified,0,Unclassified,0,Slight,None,12-07-2010,Monday,1,Give way or uncontrolled,Other junction,53.755855,Daylight,352970,429070,-2.714788,E01025289,1,2,0,0,Wet or damp,Single carriageway,None,30,09:20:00,Urban,Raining no high winds,No,16 - 20,7,Urban area,6,1149,None,None,Other/Not known (2005-10),Mid Junction - on roundabout or on main road,RENAULT,CLIO EXTREME 2 16V,Petrol,Female,None,No tow/articulation,Did not leave carriageway,0,Turning right,1,Car,No,Offside,2010
201005AA05539,A,540,Unclassified,0,Slight,None,22-09-2010,Wednesday,1,Give way or uncontrolled,Crossroads,53.374047,Daylight,321250,387010,-3.185179,E01007196,1,2,0,0,Wet or damp,Single carriageway,None,30,15:55:00,Urban,Raining no high winds,No,16 - 20,7,Urban area,7,999,None,None,Pupil riding to/from school,Approaching junction or waiting/parked at junction approach,VOLKSWAGEN,LUPO E,Petrol,Female,None,No tow/articulation,Did not leave carriageway,0,Going ahead other,1,Car,No,Front,2010
2010170L21920,A,171,Unclassified,0,Slight,None,14-10-2010,Thursday,1,Give way or uncontrolled,Private drive or entrance,54.533134,Daylight,454390,515640,-1.160978,E01012152,1,2,0,0,Wet or damp,Dual carriageway,None,50,14:25:00,Rural,Raining no high winds,No,16 - 20,7,Urban area,6,1299,None,None,Other/Not known (2005-10),Approaching junction or waiting/parked at junction approach,FORD,KA,Petrol,Female,None,No tow/articulation,Did not leave carriageway,0,Going ahead other,2,Car,No,Front,2010
201020M015612,A,429,NA,0,Slight,None,20-03-2010,Saturday,1,Data missing or out of range,Not at junction or within 20 metres,52.392392,Daylight,432140,277260,-1.529131,E01009557,1,3,0,0,Wet or damp,Single carriageway,None,30,12:08:00,Rural,Raining no high winds,No,16 - 20,7,Urban area,5,1299,None,None,Other/Not known (2005-10),Not at or within 20 metres of junction,FORD,KA,Petrol,Female,None,No tow/articulation,Did not leave carriageway,0,Slowing or stopping,1,Car,No,Front,2010
201022F005364,A,49,Unclassified,0,Slight,None,26-10-2010,Tuesday,1,Give way or uncontrolled,Mini-roundabout,52.44207,Daylight,343280,283010,-2.835897,E01029014,2,2,0,0,Wet or damp,Single carriageway,None,30,11:12:00,Rural,Raining no high winds,No,16 - 20,7,Small town,8,973,None,None,Other/Not known (2005-10),Mid Junction - on roundabout or on main road,VAUXHALL,CORSA LIFE 12V,Petrol,Female,None,No tow/articulation,Did not leave carriageway,0,Turning right,2,Car,No,Offside,2010
201022G001788,Unclassified,0,NA,0,Slight,None,26-03-2010,Friday,1,Data missing or out of range,Not at junction or within 20 metres,52.705477,Daylight,367600,312090,-2.480974,E01014141,1,2,0,0,Wet or damp,Single carriageway,None,30,12:37:00,Urban,Raining no high winds,No,16 - 20,7,Urban area,10,1299,None,None,Other/Not known (2005-10),Not at or within 20 metres of junction,FORD,KA,Petrol,Female,Skidded,No tow/articulation,Did not leave carriageway,0,Going ahead other,1,Car,No,Front,2010
201030B000313,B,5036,B,5023,Slight,None,12-08-2010,Thursday,1,Give way or uncontrolled,T or staggered junction,53.085492,Daylight,428730,354340,-1.572514,E01019636,3,2,0,0,Wet or damp,Single carriageway,None,30,17:30:00,Rural,Raining no high winds,No,16 - 20,7,Rural,6,1686,None,None,Other/Not known (2005-10),Approaching junction or waiting/parked at junction approach,VAUXHALL,CORSA GLS DI,Heavy oil,Female,None,No tow/articulation,Did not leave carriageway,0,Going ahead other,2,Car,No,Front,2010
201032C131710,A,16,NA,0,Slight,None,08-05-2010,Saturday,1,Data missing or out of range,Not at junction or within 20 metres,52.978588,Daylight,533160,344200,-0.018152,E01026025,1,3,0,0,Wet or damp,Dual carriageway,None,40,10:05:00,Urban,Raining no high winds,No,16 - 20,7,Rural,4,1599,None,None,Other/Not known (2005-10),Not at or within 20 metres of junction,FORD,STREETKA,Petrol,Female,Skidded,No tow/articulation,Did not leave carriageway,0,Changing lane to left,1,Car,No,Front,2010
201037B044307,Unclassified,8703,NA,0,Slight,None,06-05-2021,Wednesday,1,Data missing or out of range,Not at junction or within 20 metres,18.60650533,Daylight,587380,242050,73.90325089,E01029915,1,1,0,0,Snow,Single carriageway,Roadworks,30,15:25:00,Urban,Snowing no high winds,No,16 - 20,7,Urban area,8,49,Road works,None,Other/Not known (2005-10),Not at or within 20 metres of junction,HONDA,SZX50S-1,Petrol,Male,None,No tow/articulation,Did not leave carriageway,0,Going ahead other,1,Motorcycle 50cc and under,No,Front,2021
201037B044307,Unclassified,8703,NA,0,Slight,None,10-02-2010,Wednesday,1,Data missing or out of range,Not at junction or within 20 metres,52.045121,Daylight,587380,242050,0.731024,E01029915,1,1,0,0,Snow,Single carriageway,Roadworks,30,15:25:00,Urban,Snowing no high winds,No,16 - 20,7,Urban area,8,49,Road works,None,Other/Not known (2005-10),Not at or within 20 metres of junction,HONDA,SZX50S-1,Petrol,Male,None,No tow/articulation,Did not leave carriageway,0,Going ahead other,1,Motorcycle 50cc and under,No,Front,2010
201060L011215,A,525,NA,0,Slight,None,20-01-2010,Wednesday,1,Data missing or out of range,Not at junction or within 20 metres,53.073676,Daylight,326120,353510,-3.10422,W01000399,2,3,0,0,Snow,Single carriageway,None,30,08:45:00,Rural,Snowing no high winds,No,16 - 20,7,Rural,NA,1997,None,None,Journey as part of work,Not at or within 20 metres of junction,PEUGEOT,307 S HDI 90,Heavy oil,Male,Skidded,No tow/articulation,Did not leave carriageway,0,Slowing or stopping,3,Car,No,Front,2010
20103102B2832,Unclassified,0,Unclassified,0,Slight,None,28-11-2010,Sunday,1,Give way or uncontrolled,T or staggered junction,53.312647,Daylight,470810,380050,-0.938639,E01028022,1,2,0,0,Frost or ice,Single carriageway,None,30,13:02:00,Urban,Snowing no high winds,No,16 - 20,7,Urban area,5,1998,None,None,Other/Not known (2005-10),Approaching junction or waiting/parked at junction approach,FORD,TRANSIT 280 SWB TD,Heavy oil,Male,Skidded,No tow/articulation,Did not leave carriageway,0,Overtaking static vehicle - offside,1,Van / Goods 3.5 tonnes mgw or under,No,Front,2010
201004FL10123,A,56,NA,0,Slight,None,01-12-2010,Wednesday,1,Data missing or out of range,Not at junction or within 20 metres,53.698655,Daylight,378240,422520,-2.331065,E01025363,1,4,0,0,Snow,Dual carriageway,None,70,15:00:00,Urban,Snowing no high winds,No,16 - 20,7,Urban area,10,1590,None,Central crash barrier,Other/Not known (2005-10),Not at or within 20 metres of junction,HONDA,CIVIC INSPIRE S,Petrol,Female,Skidded,No tow/articulation,Offside on to centrl res + rebounded,0,Changing lane to right,1,Car,No,Front,2010
201045GU53253,A,3,NA,0,Slight,None,01-11-2020,Friday,1,Data missing or out of range,Not at junction or within 20 metres,13.03856435,Daylight,495840,148150,77.5266077,E01030478,1,4,0,0,Wet or damp,Dual carriageway,None,70,16:12:00,Rural,Unknown,No,16 - 20,7,Urban area,7,1598,None,None,Other/Not known (2005-10),Not at or within 20 metres of junction,VOLKSWAGEN,GOLF MATCH,Petrol,Male,None,No tow/articulation,Did not leave carriageway,0,Going ahead other,3,Car,No,Back,2019
201045GU53253,A,3,NA,0,Slight,None,13-08-2010,Friday,1,Data missing or out of range,Not at junction or within 20 metres,51.224449,Daylight,495840,148150,-0.628918,E01030478,1,4,0,0,Wet or damp,Dual carriageway,None,70,16:12:00,Rural,Unknown,No,16 - 20,7,Urban area,7,1598,None,None,Other/Not known (2005-10),Not at or within 20 metres of junction,VOLKSWAGEN,GOLF MATCH,Petrol,Male,None,No tow/articulation,Did not leave carriageway,0,Going ahead other,3,Car,No,Back,2010
201006C040041,B,5095,Unclassified,0,Slight,None,05-12-2010,Sunday,1,Give way or uncontrolled,T or staggered junction,53.405887,Daylight,385550,389920,-2.21883,E01005171,2,2,0,0,Dry,Single carriageway,None,40,14:52:00,Urban,Unknown,No,16 - 20,7,Urban area,10,1149,None,None,Other/Not known (2005-10),Mid Junction - on roundabout or on main road,RENAULT,CLIO EXTREME 2 16V,Petrol,Male,None,No tow/articulation,Offside,0,Going ahead other,1,Car,No,Front,2010
201006F028416,A,6,Unclassified,0,Slight,None,17-02-2010,Wednesday,2,Give way or uncontrolled,T or staggered junction,53.522795,Daylight,375100,402970,-2.377055,E01005705,1,1,0,0,Dry,Single carriageway,None,40,14:30:00,Rural,Unknown,No,16 - 20,7,Urban area,1,1388,None,None,Other/Not known (2005-10),Approaching junction or waiting/parked at junction approach,FORD,FIESTA BLACK,Petrol,Male,None,No tow/articulation,Did not leave carriageway,0,Going ahead other,1,Car,No,Front,2010
201006B036857,A,34,A,6010,Slight,None,28-08-2010,Saturday,1,Auto traffic signal,Crossroads,53.45372,Daylight,386060,395240,-2.211395,E01005286,1,2,0,5,Dry,Single carriageway,None,30,12:27:00,Urban,Unknown,No,16 - 20,7,Urban area,6,1390,None,None,Other/Not known (2005-10),Approaching junction or waiting/parked at junction approach,VOLKSWAGEN,GOLF E,Petrol,Female,None,No tow/articulation,Did not leave carriageway,0,Slowing or stopping,2,Car,No,Front,2010
201006Q037932,A,62,Unclassified,0,Slight,None,25-10-2010,Monday,1,Give way or uncontrolled,T or staggered junction,53.506463,Daylight,388960,401100,-2.167932,E01005369,1,2,0,0,Dry,Single carriageway,None,30,15:10:00,Urban,Unknown,No,16 - 20,7,Urban area,1,49,None,None,Other/Not known (2005-10),Mid Junction - on roundabout or on main road,YAMAHA,CW 50 NG,Petrol,Female,None,No tow/articulation,Did not leave carriageway,0,Going ahead other,2,Motorcycle 50cc and under,No,Nearside,2010
201032C052010,B,1451,B,1451,Slight,None,21-02-2010,Sunday,2,Give way or uncontrolled,Roundabout,53.142025,Daylight,556870,363110,0.343895,E01026093,1,2,0,4,Dry,Single carriageway,None,30,15:45:00,Urban,Unknown,No,16 - 20,7,Urban area,1,973,None,None,Other/Not known (2005-10),Entering roundabout,VAUXHALL,CORSA CLUB 12V,Petrol,Female,None,No tow/articulation,Did not leave carriageway,0,Moving off,1,Car,No,Front,2010
201043R046110,Unclassified,7408,Unclassified,7408,Slight,None,25-04-2021,Tuesday,1,Give way or uncontrolled,Crossroads,14.74396476,Darkness - lights lit,488460,181010,78.5896443,E01016536,3,2,0,0,Dry,Single carriageway,None,30,17:08:00,Urban,Fine no high winds,No,21 - 25,7,Urban area,10,1596,None,None,Other/Not known (2005-10),Approaching junction or waiting/parked at junction approach,FORD,FOCUS EBONY,Petrol,Male,None,No tow/articulation,Did not leave carriageway,0,Moving off,1,Car,No,Front,2019
201050ED2A005,Unclassified,0,NA,0,Slight,None,20-06-2019,Sunday,1,Not at junction or within 20 metres,Not at junction or within 20 metres,27.10230515,Darkness - lights lit,244720,57880,93.62421357,E01015146,1,2,0,0,Wet or damp,Single carriageway,None,30,05:30:00,Urban,Fine no high winds,No,21 - 25,7,Urban area,2,1587,None,None,Other/Not known (2005-10),Not at or within 20 metres of junction,CITROEN,SAXO VTR,Petrol,Male,None,No tow/articulation,Did not leave carriageway,0,Parked,2,Car,No,Offside,2019
2010400B02818,Unclassified,0,NA,0,Slight,None,10-08-2021,Saturday,1,Data missing or out of range,Not at junction or within 20 metres,26.73628825,Darkness - lights lit,504050,247510,94.20173108,E01017517,1,1,0,0,Dry,Single carriageway,None,30,19:00:00,Urban,Fine no high winds,No,21 - 25,7,Rural,6,1390,None,None,Other/Not known (2005-10),Not at or within 20 metres of junction,VOLKSWAGEN,GOLF MATCH,Petrol,Male,None,No tow/articulation,Did not leave carriageway,0,Slowing or stopping,1,Car,No,Front,2019
20105500C0581,A,348,Unclassified,0,Slight,None,10-05-2020,Friday,1,Give way or uncontrolled,Roundabout,25.77927528,Darkness - lights lit,405340,95530,87.4563781,E01015308,3,2,0,0,Dry,Dual carriageway,None,40,19:59:00,Urban,Fine no high winds,No,21 - 25,7,Urban area,10,1149,None,None,Other/Not known (2005-10),Mid Junction - on roundabout or on main road,RENAULT,CLIO EXPRESSION 16V,Petrol,Male,None,No tow/articulation,Did not leave carriageway,0,Going ahead other,2,Car,No,Front,2019
2010400D00265,Motorway,1,NA,0,Slight,None,12-11-2019,Wednesday,1,Data missing or out of range,Not at junction or within 20 metres,22.06120552,Darkness - lights lit,502180,229720,82.19743961,E01017620,1,5,0,0,Dry,Slip road,None,70,18:04:00,Rural,Fine no high winds,No,21 - 25,7,Urban area,5,1390,None,None,Journey as part of work,Not at or within 20 metres of junction,VOLKSWAGEN,GOLF E,Petrol,Male,None,No tow/articulation,Did not leave carriageway,0,Slowing or stopping,2,Car,No,Back,2019
201043N318110,A,40,NA,0,Slight,None,18-11-2020,Monday,1,Data missing or out of range,Not at junction or within 20 metres,15.24524237,Darkness - lights lit,486870,192790,74.03710936,E01017839,1,3,0,0,Dry,Dual carriageway,None,30,18:12:00,Urban,Fine no high winds,No,21 - 25,7,Urban area,5,1951,None,None,Other/Not known (2005-10),Not at or within 20 metres of junction,LAND ROVER,FREELANDER KALAHARI TD4,Heavy oil,Male,None,No tow/articulation,Did not leave carriageway,0,Going ahead other,2,Car,No,Back,2019
2010400D01033,Motorway,1,NA,0,Slight,None,11-07-2019,Wednesday,1,Data missing or out of range,Not at junction or within 20 metres,15.27930308,Darkness - lights lit,504440,224580,73.99703841,E01017620,3,3,0,0,Dry,Dual carriageway,Roadworks,70,23:14:00,Rural,Fine no high winds,No,21 - 25,7,Urban area,5,1598,None,None,Other/Not known (2005-10),Not at or within 20 metres of junction,MERCEDES,A160 AVANTGARDE,Petrol,Male,None,No tow/articulation,Did not leave carriageway,0,Going ahead other,3,Car,No,Offside,2019
201037G030504,A,12,A,14,Slight,None,07-03-2021,Tuesday,1,Auto traffic signal,Roundabout,15.27582609,Darkness - lights lit,612640,242120,74.14597383,E01029908,1,3,0,0,Dry,Roundabout,None,70,16:29:00,Rural,Fine no high winds,No,21 - 25,7,Urban area,3,1360,None,None,Other/Not known (2005-10),Leaving roundabout,PEUGEOT,206 GLX,Petrol,Male,None,No tow/articulation,Did not leave carriageway,0,Changing lane to right,1,Car,No,Front,2019