Accident_Index,1st_Road_Class,1st_Road_Number,2nd_Road_Class,2nd_Road_Number,Accident_Severity,Carriageway_Hazards,Date,Day_of_Week,Did_Police_Officer_Attend_Scene_of_Accident,Junction_Control,Junction_Detail,Latitude,Light_Conditions,Location_Easting_OSGR,Location_Northing_OSGR,Longitude,LSOA_of_Accident_Location,Number_of_Casualties,Number_of_Vehicles,Pedestrian_Crossing-Human_Control,Pedestrian_Crossing-Physical_Facilities,Road_Surface_Conditions,Road_Type,Special_Conditions_at_Site,Speed_limit,Time,Urban_or_Rural_Area,Weather_Conditions,InScotland,Age_Band_of_Driver,Age_of_Vehicle,Driver_Home_Area_Type,Driver_IMD_Decile,Engine_Capacity_.CC.,Hit_Object_in_Carriageway,Hit_Object_off_Carriageway,Journey_Purpose_of_Driver,Junction_Location,make,model,Propulsion_Code,Sex_of_Driver,Skidding_and_Overturning,Towing_and_Articulation,Vehicle_Leaving_Carriageway,Vehicle_Location.Restricted_Lane,Vehicle_Manoeuvre,Vehicle_Reference,Vehicle_Type,Was_Vehicle_Left_Hand_Drive,X1st_Point_of_Impact,Year
201001PL60430,A,21,A,2218,Slight,None,05-07-2010,Monday,1,Auto traffic signal,Crossroads,51.42848,Darkness - lights lit,538220,171820,-0.013168,E01003352,1,2,0,5,Dry,Dual carriageway,None,30,00:43:00,Urban,Fine no high winds,No,21 - 25,7,Urban area,2,1149,None,None,Other/Not known (2005-10),Mid Junction - on roundabout or on main road,RENAULT,CLIO EXPRESSION 16V,Petrol,Male,None,No tow/articulation,Did not leave carriageway,0,Turning right,2,Car,No,Front,2010
201001QK50226,A,4088,A,4088,Slight,None,09-05-2010,Sunday,1,Give way or uncontrolled,T or staggered junction,51.561708,Darkness - lights lit,518210,186140,-0.296063,E01000571,2,2,0,1,Dry,Single carriageway,None,30,04:28:00,Urban,Fine no high winds,No,21 - 25,7,Urban area,5,973,None,None,Other/Not known (2005-10),Mid Junction - on roundabout or on main road,VAUXHALL,CORSA ACTIVE 12V,Petrol,Male,Skidded,No tow/articulation,Did not leave carriageway,0,Going ahead right-hand bend,2,Car,No,Front,2010
201001QK50554,A,5,NA,0,Slight,None,05-09-2010,Sunday,1,Data missing or out of range,Not at junction or within 20 metres,51.587312,Darkness - lights lit,521220,189060,-0.251654,E01000516,1,2,0,0,Dry,Single carriageway,None,30,04:00:00,Urban,Fine no high winds,No,21 - 25,7,Urban area,5,1995,None,None,Other/Not known (2005-10),Not at or within 20 metres of junction,VAUXHALL,VECTRA LS DTI 16V,Heavy oil,Male,None,No tow/articulation,Did not leave carriageway,0,U-turn,2,Car,No,Offside,2010
201001RG40073,A,206,A,102,Slight,None,02-01-2010,Saturday,1,Give way or uncontrolled,Slip road,51.486316,Darkness - lights lit,540190,178310,0.01772,E01001665,1,2,0,0,Dry,Slip road,None,30,23:48:00,Urban,Fine no high winds,No,21 - 25,7,Urban area,2,599,None,None,Other/Not known (2005-10),Approaching junction or waiting/parked at junction approach,MCC,SMART PULSE SOFTIP SEMI-AUT,Petrol,Male,None,No tow/articulation,Did not leave carriageway,0,Going ahead other,2,Car,No,Front,2010
201001RY10354,C,0,NA,0,Slight,None,27-08-2010,Friday,1,Data missing or out of range,Not at junction or within 20 metres,51.462086,Darkness - lights lit,545760,175770,0.09684,E01000414,1,2,0,0,Dry,Single carriageway,None,30,21:20:00,Urban,Fine no high winds,No,21 - 25,7,Urban area,3,599,None,None,Other/Not known (2005-10),Not at or within 20 metres of junction,HONDA,CBR 600 RR-3,Petrol,Male,None,No tow/articulation,Did not leave carriageway,0,Going ahead other,2,Motorcycle over 500cc,No,Front,2010
201001SX20030,Unclassified,0,NA,0,Slight,None,18-01-2010,Monday,1,Data missing or out of range,Not at junction or within 20 metres,51.601757,Darkness - lights lit,525440,190770,-0.190162,E01000295,1,1,0,0,Dry,Single carriageway,None,30,16:10:00,Urban,Fine no high winds,No,21 - 25,7,Urban area,1,1587,None,None,Other/Not known (2005-10),Not at or within 20 metres of junction,PEUGEOT,307 S,Petrol,Male,None,No tow/articulation,Did not leave carriageway,0,Reversing,1,Car,No,Back,2010
201001SX20659,Unclassified,0,NA,0,Slight,None,17-06-2010,Thursday,1,Data missing or out of range,Not at junction or within 20 metres,51.5819,Darkness - lights lit,524610,188540,-0.202931,E01000217,1,2,0,0,Dry,Single carriageway,None,30,22:40:00,Urban,Fine no high winds,No,21 - 25,7,Urban area,8,1984,None,None,Other/Not known (2005-10),Not at or within 20 metres of junction,VOLKSWAGEN,PASSAT S 20V,Petrol,Male,None,No tow/articulation,Did not leave carriageway,0,Reversing,1,Car,No,Front,2010
201001SX21286,A,109,A,1000,Slight,None,08-12-2010,Wednesday,1,Auto traffic signal,T or staggered junction,51.629753,Darkness - lights lit,526440,193910,-0.174598,E01000281,1,2,0,5,Dry,Dual carriageway,None,30,17:33:00,Urban,Fine no high winds,No,21 - 25,7,Urban area,6,1998,None,None,Journey as part of work,Approaching junction or waiting/parked at junction approach,SAAB,9-3 AERO 210 BHP AUTO,Petrol,Male,None,No tow/articulation,Did not leave carriageway,0,U-turn,1,Car,No,Front,2010
201001TA00459,A,3220,A,402,Slight,None,22-12-2010,Wednesday,1,Auto traffic signal,Roundabout,51.504495,Darkness - lights lit,523910,179910,-0.216065,E01002869,1,2,0,0,Dry,Roundabout,None,30,03:03:00,Urban,Fine no high winds,No,21 - 25,7,Urban area,9,1781,None,None,Other/Not known (2005-10),Mid Junction - on roundabout or on main road,AUDI,A4 T SPORT,Petrol,Male,Skidded,No tow/articulation,Did not leave carriageway,0,Going ahead other,1,Car,No,Front,2010
201001TX20060,A,4,B,454,Slight,None,27-01-2010,Wednesday,1,Auto traffic signal,Crossroads,51.4832,Darkness - lights lit,516260,177360,-0.327076,E01002678,1,3,0,0,Wet or damp,Dual carriageway,None,30,22:20:00,Urban,Fine no high winds,No,21 - 25,7,Urban area,6,3246,None,None,Other/Not known (2005-10),Mid Junction - on roundabout or on main road,BMW,M3,Petrol,Male,None,No tow/articulation,Did not leave carriageway,0,Going ahead other,1,Car,No,Front,2010
201001VW40294,B,286,NA,0,Slight,Any animal in carriageway (except ridden horse),21-08-2010,Saturday,1,Data missing or out of range,Not at junction or within 20 metres,51.401648,Darkness - lights lit,525280,168500,-0.200374,E01003427,1,3,0,0,Dry,Single carriageway,None,30,01:19:00,Urban,Fine no high winds,No,21 - 25,7,Data missing or out of range,NA,1995,None,None,Other/Not known (2005-10),Not at or within 20 metres of junction,BMW,318 CI,Petrol,Male,None,No tow/articulation,Did not leave carriageway,0,Going ahead other,1,Car,No,Front,2010
201001WW50670,A,217,Unclassified,0,Slight,None,02-09-2010,Thursday,1,Give way or uncontrolled,T or staggered junction,51.425282,Darkness - lights lit,527710,171190,-0.164491,E01004525,1,2,0,4,Dry,Single carriageway,None,30,19:55:00,Urban,Fine no high winds,No,21 - 25,7,Urban area,2,1596,None,None,Other/Not known (2005-10),Mid Junction - on roundabout or on main road,FIAT,STILO 16V ACTIVE SPORT,Petrol,Male,None,No tow/articulation,Did not leave carriageway,0,Changing lane to left,1,Car,No,Nearside,2010
201001XD80281,B,455,Unclassified,0,Slight,None,19-04-2010,Monday,1,Give way or uncontrolled,T or staggered junction,51.507345,Darkness - lights lit,517720,180080,-0.305153,E01001386,1,2,0,0,Dry,Single carriageway,None,30,21:55:00,Urban,Fine no high winds,No,21 - 25,7,Data missing or out of range,NA,2597,None,None,Other/Not known (2005-10),Mid Junction - on roundabout or on main road,MERCEDES,CLK 240 AVANTGARDE AUTO,Petrol,Male,None,No tow/articulation,Did not leave carriageway,0,Waiting to turn right,2,Car,No,Back,2010
201001XD80936,A,4127,Unclassified,0,Slight,None,09-12-2010,Thursday,1,Give way or uncontrolled,T or staggered junction,51.496861,Darkness - lights lit,513610,178820,-0.364754,E01001335,1,2,0,0,Wet or damp,Single carriageway,None,30,17:18:00,Urban,Fine no high winds,No,21 - 25,7,Urban area,NA,1587,None,None,Commuting to/from work,Approaching junction or waiting/parked at junction approach,CITROEN,SAXO VTR,Petrol,Male,None,No tow/articulation,Did not leave carriageway,0,Slowing or stopping,2,Car,No,Front,2010
201001XH30824,A,312,NA,0,Slight,None,18-11-2010,Thursday,1,Data missing or out of range,Not at junction or within 20 metres,51.514911,Darkness - lights lit,510970,180770,-0.402157,E01002505,3,3,0,0,Wet or damp,Dual carriageway,None,30,17:20:00,Urban,Fine no high winds,No,21 - 25,7,Data missing or out of range,NA,1998,None,None,Other/Not known (2005-10),Not at or within 20 metres of junction,HONDA,CIVIC TYPE-S,Petrol,Male,None,No tow/articulation,Did not leave carriageway,0,Slowing or stopping,3,Car,No,Front,2010
201001YE80322,C,0,Unclassified,0,Slight,None,05-03-2010,Friday,1,Give way or uncontrolled,T or staggered junction,51.663976,Darkness - lights lit,532750,197880,-0.081979,E01001411,1,2,0,1,Dry,Single carriageway,None,30,20:25:00,Urban,Fine no high winds,No,21 - 25,7,Urban area,5,3500,None,None,Other/Not known (2005-10),Mid Junction - on roundabout or on main road,NISSAN,,Petrol,Male,None,No tow/articulation,Did not leave carriageway,0,Going ahead other,1,Car,No,Offside,2010
201001YE80353,A,1010,Unclassified,0,Slight,None,14-05-2010,Friday,2,Give way or uncontrolled,T or staggered junction,51.669866,Darkness - lights lit,535560,198610,-0.041092,E01001442,2,2,0,0,Dry,Single carriageway,None,30,19:30:00,Urban,Fine no high winds,No,21 - 25,7,Urban area,3,1896,None,None,Other/Not known (2005-10),Approaching junction or waiting/parked at junction approach,AUDI,A4 TDI SPORT,Heavy oil,Male,None,No tow/articulation,Did not leave carriageway,0,Waiting to go - held up,1,Car,No,Back,2010
201001YR90120,A,10,Unclassified,0,Slight,None,28-02-2010,Sunday,1,Give way or uncontrolled,T or staggered junction,51.596931,Darkness - lights lit,533540,190440,-0.073399,E01001978,2,2,0,0,Dry,Single carriageway,None,30,00:10:00,Urban,Fine no high winds,No,21 - 25,7,Urban area,5,1598,None,None,Other/Not known (2005-10),Mid Junction - on roundabout or on main road,RENAULT,MEGANE DYNAMIQUE 16V,Petrol,Male,None,No tow/articulation,Did not leave carriageway,0,Turning left,2,Car,No,Offside,2010
201001YR90809,A,1,C,0,Slight,Other object on road,19-11-2010,Friday,1,Auto traffic signal,T or staggered junction,51.576497,Darkness - lights lit,528660,188040,-0.144693,E01002007,2,2,0,5,Frost or ice,Single carriageway,None,30,19:35:00,Urban,Fine no high winds,No,21 - 25,7,Urban area,10,2979,Other object,None,Other/Not known (2005-10),Mid Junction - on roundabout or on main road,BMW,330 CI SPORT AUTO,Petrol,Male,None,No tow/articulation,Did not leave carriageway,0,Going ahead other,1,Car,No,Front,2010
201001ZD30317,A,23,Unclassified,0,Slight,None,02-01-2010,Saturday,1,Give way or uncontrolled,T or staggered junction,51.408422,Darkness - lights lit,530710,169390,-0.122028,E01001087,1,2,0,4,Dry,Single carriageway,None,30,23:25:00,Urban,Fine no high winds,No,21 - 25,7,Urban area,6,3500,Parked vehicle,None,Other/Not known (2005-10),Approaching junction or waiting/parked at junction approach,NISSAN,350Z,Petrol,Male,None,No tow/articulation,Did not leave carriageway,0,Going ahead other,2,Car,No,Front,2010
201004AN10007,A,587,Unclassified,0,Slight,None,17-01-2010,Sunday,1,Auto traffic signal,T or staggered junction,53.819195,Darkness - lights lit,333120,436360,-3.017392,E01012712,3,1,0,4,Dry,Single carriageway,None,30,21:23:00,Urban,Fine no high winds,No,21 - 25,7,Urban area,10,1998,None,Lamp post,Other/Not known (2005-10),Approaching junction or waiting/parked at junction approach,HONDA,CIVIC TYPE-R 30TH A-VSARY,Petrol,Male,Skidded and overturned,No tow/articulation,Nearside,0,Going ahead left-hand bend,1,Car,No,Front,2010
201004DR10010,Unclassified,0,NA,0,Slight,None,06-02-2010,Saturday,1,Data missing or out of range,Not at junction or within 20 metres,53.812914,Darkness - lights lit,348140,435470,-2.789115,E01025280,3,1,0,0,Dry,Single carriageway,None,60,02:54:00,Rural,Fine no high winds,No,21 - 25,7,Urban area,8,1896,Kerb,Other permanent object,Other/Not known (2005-10),Not at or within 20 metres of junction,VOLKSWAGEN,GOLF GT TDI,Heavy oil,Male,Skidded and overturned,No tow/articulation,Nearside,0,Going ahead other,1,Car,No,Front,2010
201004EL10039,A,679,Unclassified,0,Slight,None,17-03-2010,Wednesday,1,Give way or uncontrolled,Roundabout,53.755295,Darkness - lights lit,374600,428840,-2.386718,E01025046,2,2,0,0,Dry,Roundabout,None,30,18:59:00,Urban,Fine no high winds,No,21 - 25,7,Data missing or out of range,NA,1396,None,None,Other/Not known (2005-10),Entering roundabout,ROVER,45 IMPRESSION 3,Petrol,Male,None,No tow/articulation,Did not leave carriageway,0,Going ahead other,1,Car,No,Offside,2010
201004EM10027,Unclassified,0,NA,0,Slight,None,23-06-2010,Wednesday,1,Data missing or out of range,Not at junction or within 20 metres,53.774676,Darkness - lights lit,372210,431010,-2.423161,E01025070,3,2,0,0,Dry,Single carriageway,None,50,22:45:00,Rural,Fine no high winds,No,21 - 25,7,Urban area,1,1994,None,None,Journey as part of work,Not at or within 20 metres of junction,VAUXHALL,VECTRA LS DTI 16V,Heavy oil,Male,None,No tow/articulation,Did not leave carriageway,0,Waiting to go - held up,1,Car,No,Back,2010
201004EM10046,Unclassified,0,NA,0,Slight,None,05-10-2010,Tuesday,1,Data missing or out of range,Not at junction or within 20 metres,53.776949,Darkness - lights lit,374470,431250,-2.388889,E01025049,1,1,0,0,Dry,Single carriageway,None,30,18:20:00,Urban,Fine no high winds,No,21 - 25,7,Urban area,2,1590,None,None,Other/Not known (2005-10),Not at or within 20 metres of junction,HONDA,CIVIC VTEC SE SPORT,Petrol,Male,None,No tow/articulation,Did not leave carriageway,0,Going ahead other,1,Car,No,Front,2010
201004FJ10031,A,671,NA,0,Slight,None,11-07-2010,Sunday,1,Data missing or out of range,Not at junction or within 20 metres,53.696883,Darkness - lights lit,387090,422290,-2.197012,E01025382,1,5,0,0,Dry,Single carriageway,None,30,01:08:00,Urban,Fine no high winds,No,21 - 25,7,Urban area,3,1396,None,None,Other/Not known (2005-10),Not at or within 20 metres of junction,ROVER,25 IL 16V,Petrol,Male,Skidded,No tow/articulation,Nearside,0,Going ahead other,1,Car,No,Front,2010
201004FL10009,A,682,Unclassified,0,Slight,None,17-01-2010,Sunday,1,Give way or uncontrolled,T or staggered junction,53.725196,Darkness - lights lit,381210,425460,-2.286261,E01025361,1,2,0,0,Wet or damp,Single carriageway,None,30,18:00:00,Urban,Fine no high winds,No,21 - 25,7,Urban area,3,1396,None,Other permanent object,Other/Not known (2005-10),Approaching junction or waiting/parked at junction approach,MG,ZR+,Petrol,Male,Skidded,No tow/articulation,Offside and rebounded,0,Going ahead other,1,Car,No,Front,2010
201004FL10039,A,682,NA,0,Slight,None,04-04-2010,Sunday,1,Data missing or out of range,Not at junction or within 20 metres,53.715745,Darkness - lights lit,380830,424410,-2.291955,E01025355,1,2,0,0,Wet or damp,Single carriageway,None,30,04:35:00,Urban,Fine no high winds,No,21 - 25,7,Urban area,8,4116,None,None,Other/Not known (2005-10),Not at or within 20 metres of junction,RENAULT,,Heavy oil,Male,None,No tow/articulation,Did not leave carriageway,0,Parked,2,Goods 7.5 tonnes mgw and over,No,Back,2010
201005FF03348,Unclassified,0,Unclassified,0,Slight,None,22-05-2010,Saturday,1,Give way or uncontrolled,T or staggered junction,53.387088,Darkness - lights lit,338960,388200,-2.919249,E01006555,1,2,0,0,Dry,Single carriageway,None,30,22:17:00,Urban,Fine no high winds,No,21 - 25,7,Data missing or out of range,NA,1388,None,None,Other/Not known (2005-10),Approaching junction or waiting/parked at junction approach,FORD,FIESTA BLACK,Petrol,Male,None,No tow/articulation,Did not leave carriageway,0,Parked,2,Car,No,Back,2010
201006A027926,C,0,C,0,Slight,None,13-02-2010,Saturday,1,Give way or uncontrolled,Crossroads,53.511943,Darkness - lights lit,385230,401720,-2.224201,E01005164,2,2,0,0,Wet or damp,Single carriageway,None,30,19:30:00,Urban,Fine no high winds,No,21 - 25,7,Urban area,2,1998,None,None,Journey as part of work,Approaching junction or waiting/parked at junction approach,FORD,MONDEO LX TDCI,Heavy oil,Male,None,No tow/articulation,Did not leave carriageway,0,Waiting to turn left,2,Taxi/Private hire car,No,Back,2010
201006A040548,A,34,B,6469,Slight,None,25-12-2010,Saturday,1,Auto traffic signal,Crossroads,53.474697,Darkness - lights lit,384090,397580,-2.241181,E01005127,1,1,0,5,Frost or ice,Single carriageway,None,30,02:10:00,Urban,Fine no high winds,No,21 - 25,7,Urban area,4,1984,None,Road sign or traffic signal,Other/Not known (2005-10),Mid Junction - on roundabout or on main road,AUDI,A6 2.0 SE CVT,Petrol,Male,None,No tow/articulation,Offside,0,Turning right,1,Car,No,Front,2010
201006B029627,B,5219,Unclassified,0,Slight,None,27-03-2010,Saturday,1,Give way or uncontrolled,T or staggered junction,53.457978,Darkness - lights lit,384070,395720,-2.241387,E01005209,1,3,0,0,Dry,Single carriageway,None,30,01:50:00,Urban,Fine no high winds,No,21 - 25,7,Urban area,4,3246,None,Other permanent object,Other/Not known (2005-10),Approaching junction or waiting/parked at junction approach,BMW,M3,Petrol,Male,Skidded,No tow/articulation,Offside,0,Going ahead left-hand bend,1,Car,No,Nearside,2010
201006C030053,C,0,Unclassified,0,Slight,None,02-04-2010,Friday,1,Give way or uncontrolled,Crossroads,53.427554,Darkness - lights lit,385710,392330,-2.216533,E01005123,2,2,0,0,Dry,Single carriageway,None,30,22:40:00,Urban,Fine no high winds,No,21 - 25,7,Urban area,1,1422,None,None,Other/Not known (2005-10),Mid Junction - on roundabout or on main road,VOLKSWAGEN,POLO S TDI,Heavy oil,Male,None,No tow/articulation,Did not leave carriageway,0,Going ahead other,1,Car,No,Nearside,2010
201006F030807,A,6,Unclassified,0,Slight,None,29-04-2010,Thursday,1,Give way or uncontrolled,Private drive or entrance,53.518353,Darkness - lights lit,376240,402470,-2.359822,E01005691,3,3,0,0,Wet or damp,Single carriageway,None,40,22:40:00,Urban,Fine no high winds,No,21 - 25,7,Urban area,1,1242,None,None,Other/Not known (2005-10),Mid Junction - on roundabout or on main road,FIAT,STILO 16V ACTIVE A/C,Petrol,Male,None,No tow/articulation,Did not leave carriageway,0,Going ahead other,2,Car,No,Front,2010
201006J036596,A,6017,A,6017,Slight,None,27-09-2010,Monday,1,Give way or uncontrolled,T or staggered junction,53.416018,Darkness - lights lit,393090,391030,-2.105437,E01005752,1,1,0,0,Dry,Single carriageway,None,30,00:30:00,Urban,Fine no high winds,No,21 - 25,7,Urban area,5,1596,None,Other permanent object,Other/Not known (2005-10),Mid Junction - on roundabout or on main road,FORD,FOCUS EBONY,Petrol,Male,None,No tow/articulation,Straight ahead at junction,9,Going ahead right-hand bend,1,Car,No,Front,2010
201006K040757,C,0,C,0,Slight,None,20-11-2010,Saturday,1,Give way or uncontrolled,Mini-roundabout,53.547311,Darkness - lights lit,372860,405710,-2.41108,E01004858,1,2,0,0,Wet or damp,Roundabout,None,30,17:24:00,Urban,Fine no high winds,No,21 - 25,7,Urban area,3,1796,None,None,Journey as part of work,Mid Junction - on roundabout or on main road,VAUXHALL,VECTRA CLUB 16V,Gas/Bi-fuel,Male,None,No tow/articulation,Did not leave carriageway,0,Moving off,2,Taxi/Private hire car,No,Offside,2010
201006P037214,A,664,Unclassified,0,Slight,None,01-10-2010,Friday,1,Give way or uncontrolled,T or staggered junction,53.554507,Darkness - lights lit,387050,406450,-2.196954,E01005524,2,2,0,0,Dry,Single carriageway,None,30,23:44:00,Urban,Fine no high winds,No,21 - 25,7,Urban area,3,1149,None,None,Other/Not known (2005-10),Approaching junction or waiting/parked at junction approach,RENAULT,CLIO DYNAMIQUE 16V,Petrol,Male,None,No tow/articulation,Did not leave carriageway,0,Going ahead other,2,Car,No,Front,2010
201006P039246,A,664,A,58,Slight,None,22-11-2010,Monday,1,Auto traffic signal,Crossroads,53.603441,Darkness - lights lit,388640,411890,-2.173153,E01005473,1,2,0,5,Wet or damp,Dual carriageway,None,40,20:30:00,Urban,Fine no high winds,No,21 - 25,7,Urban area,8,1299,None,None,Other/Not known (2005-10),Mid Junction - on roundabout or on main road,FORD,KA,Petrol,Male,None,No tow/articulation,Did not leave carriageway,0,Slowing or stopping,1,Car,No,Front,2010
201006X028306,Motorway,60,A,576,Slight,None,22-02-2010,Monday,1,Give way or uncontrolled,Roundabout,53.539424,Darkness - lights lit,384410,404780,-2.23672,E01005547,2,2,0,0,Dry,Roundabout,None,30,20:20:00,Rural,Fine no high winds,No,21 - 25,7,Urban area,2,1360,None,None,Other/Not known (2005-10),Entering roundabout,PEUGEOT,206 S,Petrol,Male,None,No tow/articulation,Did not leave carriageway,0,Waiting to turn left,2,Car,No,Back,2010
201011ND26010,C,60,Unclassified,0,Slight,None,31-10-2010,Sunday,1,Give way or uncontrolled,T or staggered junction,54.762782,Darkness - lights lit,434360,541000,-1.467528,E01020729,1,1,0,0,Wet or damp,Single carriageway,None,30,01:02:00,Rural,Fine no high winds,No,21 - 25,7,Urban area,6,1896,None,Other permanent object,Other/Not known (2005-10),Approaching junction or waiting/parked at junction approach,VOLKSWAGEN,GOLF MATCH TDI PD,Heavy oil,Male,None,No tow/articulation,Nearside,9,Going ahead right-hand bend,1,Car,No,Front,2010
201014B098310,A,635,NA,0,Slight,None,17-09-2010,Friday,1,Not at junction or within 20 metres,Not at junction or within 20 metres,53.535801,Darkness - lights lit,442360,404540,-1.362338,E01007351,1,2,0,0,Dry,Single carriageway,None,30,23:14:00,Rural,Fine no high winds,No,21 - 25,7,Urban area,2,2685,None,None,Other/Not known (2005-10),Not at or within 20 metres of junction,JEEP,GRAND CHEROKEE CRD LTD AUTO,Heavy oil,Male,Skidded,No tow/articulation,Did not leave carriageway,0,Going ahead right-hand bend,1,Car,No,Front,2010
201014C061310,Unclassified,0,Unclassified,0,Slight,None,21-05-2010,Friday,2,Give way or uncontrolled,T or staggered junction,53.429894,Darkness - lights lit,442710,392760,-1.358656,E01007714,2,2,0,0,Dry,Single carriageway,None,30,01:51:00,Urban,Fine no high winds,No,21 - 25,7,Urban area,2,1995,None,None,Journey as part of work,Approaching junction or waiting/parked at junction approach,BMW,320D SPORT,Heavy oil,Male,None,No tow/articulation,Did not leave carriageway,0,Reversing,1,Taxi/Private hire car,No,Back,2010
201014K044010,A,6102,B,6200,Slight,None,13-02-2010,Saturday,1,Auto traffic signal,Crossroads,53.386021,Darkness - lights lit,439360,387850,-1.409684,E01007906,2,2,0,0,Dry,Dual carriageway,None,30,20:30:00,Urban,Fine no high winds,No,21 - 25,7,Urban area,1,998,None,None,Other/Not known (2005-10),Approaching junction or waiting/parked at junction approach,TOYOTA,YARIS VVTI COLOUR COLLECTIO,Petrol,Male,None,No tow/articulation,Did not leave carriageway,0,Going ahead other,2,Car,No,Front,2010
201014K325810,C,729,Unclassified,0,Slight,None,25-11-2010,Thursday,1,Give way or uncontrolled,Crossroads,53.37275,Darkness - lights lit,429130,386300,-1.563631,E01007956,4,2,0,0,Wet or damp,Single carriageway,None,30,18:40:00,Urban,Fine no high winds,No,21 - 25,7,Urban area,4,1896,None,None,Other/Not known (2005-10),Mid Junction - on roundabout or on main road,VOLKSWAGEN,BORA S TDI,Heavy oil,Male,None,No tow/articulation,Did not leave carriageway,0,Going ahead other,1,Car,No,Nearside,2010
2010160B00381,Unclassified,0,NA,0,Slight,None,14-01-2010,Thursday,1,Data missing or out of range,Not at junction or within 20 metres,53.591235,Darkness - lights lit,489170,411360,-0.654271,E01013330,1,2,0,4,Wet or damp,Single carriageway,None,30,15:57:00,Urban,Fine no high winds,No,21 - 25,7,Urban area,2,1794,None,None,Other/Not known (2005-10),Not at or within 20 metres of junction,TOYOTA,AVENSIS T3-S,Petrol,Male,Skidded,No tow/articulation,Did not leave carriageway,0,Going ahead other,2,Car,No,Back,2010
2010160D07551,Unclassified,0,NA,0,Slight,None,26-12-2010,Sunday,1,Data missing or out of range,Not at junction or within 20 metres,53.788319,Darkness - lights lit,507160,433670,-0.37488,E01012875,5,3,0,0,Wet or damp,Single carriageway,None,20,16:14:00,Urban,Fine no high winds,No,21 - 25,7,Urban area,3,1686,None,None,Other/Not known (2005-10),Not at or within 20 metres of junction,VAUXHALL,ASTRA LS DTI,Heavy oil,Male,None,No tow/articulation,Did not leave carriageway,0,Going ahead other,2,Van / Goods 3.5 tonnes mgw or under,No,Front,2010
2010170M12780,Unclassified,0,Unclassified,0,Slight,None,27-10-2010,Wednesday,1,Give way or uncontrolled,T or staggered junction,54.568478,Darkness - lights lit,448810,519510,-1.246561,E01012040,2,2,0,0,Dry,Single carriageway,None,30,18:05:00,Urban,Fine no high winds,No,21 - 25,7,Urban area,4,1598,None,None,Journey as part of work,Mid Junction - on roundabout or on main road,VAUXHALL,ASTRA ACTIVE,Petrol,Male,None,No tow/articulation,Did not leave carriageway,0,Turning left,2,Car,No,Front,2010
201020F020313,A,34,A,4540,Slight,None,27-01-2010,Wednesday,1,Auto traffic signal,Crossroads,52.492356,Darkness - lights lit,407190,288280,-1.895542,E01008914,2,2,0,5,Dry,Dual carriageway,None,30,22:55:00,Urban,Fine no high winds,No,21 - 25,7,Urban area,1,1298,None,None,Other/Not known (2005-10),Mid Junction - on roundabout or on main road,SUZUKI,WAGON R+ GL AUTO,Petrol,Male,Skidded,No tow/articulation,Did not leave carriageway,0,Going ahead other,2,Car,No,Offside,2010
201020F020413,Unclassified,0,NA,0,Slight,None,02-02-2010,Tuesday,1,Data missing or out of range,Not at junction or within 20 metres,52.501727,Darkness - lights lit,405290,289320,-1.92351,E01009355,3,2,0,0,Wet or damp,One way street,None,30,03:42:00,Urban,Fine no high winds,No,21 - 25,7,Urban area,2,1461,Kerb,Telegraph or electricity pole,Other/Not known (2005-10),Not at or within 20 metres of junction,RENAULT,MEGANE DYNAMIQUE DCI 80,Heavy oil,Male,Skidded,No tow/articulation,Nearside,0,Going ahead other,1,Car,No,Front,2010
201020F044613,A,34,Unclassified,0,Slight,None,05-03-2010,Friday,1,Give way or uncontrolled,T or staggered junction,52.498558,Darkness - lights lit,407220,288970,-1.895085,E01008908,1,1,0,4,Dry,Dual carriageway,None,30,21:25:00,Urban,Fine no high winds,No,21 - 25,7,Urban area,1,1896,None,None,Journey as part of work,Approaching junction or waiting/parked at junction approach,VOLKSWAGEN,PASSAT S TDI,Heavy oil,Male,None,No tow/articulation,Did not leave carriageway,0,Going ahead other,1,Car,No,Nearside,2010
201020G007911,Unclassified,0,NA,0,Slight,None,11-02-2010,Thursday,1,Data missing or out of range,Not at junction or within 20 metres,52.57428,Darkness - lights lit,389110,297400,-2.162135,E01010488,1,1,0,8,Dry,Single carriageway,None,30,19:30:00,Urban,Fine no high winds,No,21 - 25,7,Urban area,8,1149,Kerb,Other permanent object,Other/Not known (2005-10),Not at or within 20 metres of junction,RENAULT,CLIO DYNAMIQUE 16V,Petrol,Male,Skidded,No tow/articulation,Nearside,0,Going ahead other,1,Car,No,Front,2010
201020H004411,A,4148,A,4148,Slight,None,25-01-2010,Monday,1,Auto traffic signal,Crossroads,52.569626,Darkness - lights lit,399990,296870,-2.00159,E01010361,2,2,0,5,Dry,Single carriageway,None,30,20:33:00,Urban,Fine no high winds,No,21 - 25,7,Urban area,3,1242,None,None,Other/Not known (2005-10),Mid Junction - on roundabout or on main road,FIAT,PUNTO ACTIVE SPORT 8V,Petrol,Male,None,No tow/articulation,Did not leave carriageway,0,Turning right,2,Car,No,Nearside,2010
201020K005560,Unclassified,0,NA,0,Slight,None,22-05-2010,Saturday,1,Data missing or out of range,Not at junction or within 20 metres,52.510741,Darkness - lights lit,400640,290320,-1.99201,E01010102,3,2,0,0,Dry,Single carriageway,None,30,00:45:00,Urban,Fine no high winds,No,21 - 25,7,Urban area,6,1896,None,None,Other/Not known (2005-10),Not at or within 20 metres of junction,VOLKSWAGEN,GOLF TDI SE,Heavy oil,Male,None,No tow/articulation,Did not leave carriageway,0,U-turn,2,Car,No,Nearside,2010