Accident_Index,1st_Road_Class,1st_Road_Number,2nd_Road_Class,2nd_Road_Number,Accident_Severity,Carriageway_Hazards,Date,Day_of_Week,Did_Police_Officer_Attend_Scene_of_Accident,Junction_Control,Junction_Detail,Latitude,Light_Conditions,Location_Easting_OSGR,Location_Northing_OSGR,Longitude,LSOA_of_Accident_Location,Number_of_Casualties,Number_of_Vehicles,Pedestrian_Crossing-Human_Control,Pedestrian_Crossing-Physical_Facilities,Road_Surface_Conditions,Road_Type,Special_Conditions_at_Site,Speed_limit,Time,Urban_or_Rural_Area,Weather_Conditions,InScotland,Age_Band_of_Driver,Age_of_Vehicle,Driver_Home_Area_Type,Driver_IMD_Decile,Engine_Capacity_.CC.,Hit_Object_in_Carriageway,Hit_Object_off_Carriageway,Journey_Purpose_of_Driver,Junction_Location,make,model,Propulsion_Code,Sex_of_Driver,Skidding_and_Overturning,Towing_and_Articulation,Vehicle_Leaving_Carriageway,Vehicle_Location.Restricted_Lane,Vehicle_Manoeuvre,Vehicle_Reference,Vehicle_Type,Was_Vehicle_Left_Hand_Drive,X1st_Point_of_Impact,Year
20105500C0355,A,35,Unclassified,0,Slight,None,27-01-2010,Wednesday,1,Give way or uncontrolled,T or staggered junction,50.725649,Darkness - lights lit,411200,91800,-1.842707,E01015282,1,1,0,0,Wet or damp,Single carriageway,None,30,17:50:00,Urban,Raining no high winds,No,21 - 25,7,Urban area,1,1596,None,None,Other/Not known (2005-10),Approaching junction or waiting/parked at junction approach,FORD,FOCUS EBONY,Petrol,Male,None,No tow/articulation,Did not leave carriageway,0,Going ahead other,1,Car,No,Nearside,2010
201001EO40210,A,5201,Unclassified,0,Slight,None,20-04-2010,Tuesday,1,Give way or uncontrolled,T or staggered junction,51.525334,Darkness - lights lit,532670,182450,-0.088965,E01002704,1,2,0,7,Wet or damp,Single carriageway,None,30,22:55:00,Urban,Raining no high winds,No,21 - 25,7,Urban area,3,652,None,None,Other/Not known (2005-10),Mid Junction - on roundabout or on main road,BMW,F650GS,Petrol,Male,None,No tow/articulation,Did not leave carriageway,0,Going ahead other,1,Motorcycle over 500cc,No,Nearside,2010
201001GD10767,A,104,C,0,Slight,None,18-11-2010,Thursday,1,Auto traffic signal,T or staggered junction,51.560649,Darkness - lights lit,535330,186450,-0.049108,E01001797,1,2,0,5,Wet or damp,Single carriageway,None,30,03:04:00,Urban,Raining no high winds,No,21 - 25,7,Urban area,1,1796,None,None,Other/Not known (2005-10),Mid Junction - on roundabout or on main road,VAUXHALL,VECTRA CLUB 16V,Petrol,Male,None,No tow/articulation,Did not leave carriageway,0,Slowing or stopping,2,Car,No,Back,2010
201001KF60753,B,167,B,165,Slight,None,18-11-2010,Thursday,2,Give way or uncontrolled,Mini-roundabout,51.537565,Darkness - lights lit,541160,184040,0.033974,E01003569,1,2,0,1,Wet or damp,Roundabout,None,30,23:00:00,Urban,Raining no high winds,No,21 - 25,7,Urban area,1,1794,None,None,Other/Not known (2005-10),Approaching junction or waiting/parked at junction approach,TOYOTA,CELICA VVTI,Petrol,Male,None,No tow/articulation,Did not leave carriageway,0,Waiting to turn right,1,Car,No,Offside,2010
201001TW60270,A,307,NA,0,Slight,None,23-08-2010,Monday,1,Data missing or out of range,Not at junction or within 20 metres,51.479424,Darkness - lights lit,518860,177000,-0.289771,E01003847,1,3,0,0,Wet or damp,Single carriageway,None,30,05:54:00,Urban,Raining no high winds,No,21 - 25,7,Urban area,5,1998,None,None,Other/Not known (2005-10),Not at or within 20 metres of junction,FORD,MONDEO GHIA TDCI,Heavy oil,Male,None,No tow/articulation,Did not leave carriageway,0,Going ahead other,1,Car,No,Front,2010
201001TX20180,Unclassified,0,Unclassified,0,Slight,None,30-03-2010,Tuesday,1,Give way or uncontrolled,Private drive or entrance,51.461296,Darkness - lights lit,513020,174850,-0.374519,E01002651,1,2,0,0,Wet or damp,Single carriageway,None,30,20:47:00,Urban,Raining no high winds,No,21 - 25,7,Urban area,2,1242,None,None,Journey as part of work,Mid Junction - on roundabout or on main road,FIAT,PUNTO DYNAMIC 8V,Petrol,Male,None,No tow/articulation,Did not leave carriageway,9,U-turn,1,Car,No,Offside,2010
201001YE80726,A,406,NA,0,Slight,None,29-09-2010,Wednesday,1,Data missing or out of range,Not at junction or within 20 metres,51.616149,Darkness - lights lit,532070,192540,-0.093819,E01001499,1,2,0,0,Wet or damp,Dual carriageway,Roadworks,50,06:20:00,Urban,Raining no high winds,No,21 - 25,7,Urban area,5,1999,None,None,Pupil riding to/from school,Not at or within 20 metres of junction,MAZDA,6 TS AUTO,Petrol,Male,None,No tow/articulation,Did not leave carriageway,0,Slowing or stopping,1,Car,No,Back,2010
201005DD06099,A,571,Unclassified,0,Slight,None,10-09-2010,Friday,1,Give way or uncontrolled,T or staggered junction,53.475564,Darkness - lights lit,352370,397890,-2.719109,E01006850,3,2,0,0,Wet or damp,Single carriageway,None,40,21:57:00,Rural,Raining no high winds,No,21 - 25,7,Urban area,4,1242,None,Road sign or traffic signal,Other/Not known (2005-10),Mid Junction - on roundabout or on main road,FIAT,PUNTO 5000000,Petrol,Male,Skidded,No tow/articulation,Did not leave carriageway,0,Going ahead other,1,Car,No,Front,2010
201006B040156,A,5184,C,0,Slight,None,09-12-2010,Thursday,1,Give way or uncontrolled,T or staggered junction,53.463413,Darkness - lights lit,385510,396320,-2.219728,E01005062,1,2,0,0,Wet or damp,Single carriageway,None,30,16:30:00,Urban,Raining no high winds,No,21 - 25,7,Urban area,2,1497,None,None,Other/Not known (2005-10),Approaching junction or waiting/parked at junction approach,NISSAN,ALMERA S,Petrol,Male,None,No tow/articulation,Did not leave carriageway,0,Turning right,1,Car,No,Front,2010
201014A022410,Unclassified,0,Unclassified,0,Slight,None,04-02-2010,Thursday,2,Give way or uncontrolled,T or staggered junction,53.47713,Darkness - lights lit,450310,398090,-1.24343,E01007540,3,2,0,0,Wet or damp,Dual carriageway,None,30,19:50:00,Urban,Raining no high winds,No,21 - 25,7,Urban area,1,1796,None,None,Other/Not known (2005-10),Cleared junction or waiting/parked at junction exit,VAUXHALL,ASTRA COUPE CONVERTIBLE,Petrol,Male,None,No tow/articulation,Did not leave carriageway,0,Turning right,1,Car,No,Back,2010
201014K050810,A,6135,NA,0,Slight,None,17-02-2010,Wednesday,1,Not at junction or within 20 metres,Not at junction or within 20 metres,53.458913,Darkness - lights lit,435600,395930,-1.465303,E01007891,1,2,0,0,Wet or damp,Single carriageway,None,40,19:53:00,Urban,Raining no high winds,No,21 - 25,7,Urban area,2,1896,None,None,Other/Not known (2005-10),Not at or within 20 metres of junction,VOLKSWAGEN,GOLF MATCH TDI PD,Heavy oil,Male,None,No tow/articulation,Did not leave carriageway,0,Waiting to go - held up,1,Car,No,Back,2010
201020G005412,A,41,Unclassified,0,Slight,None,24-01-2010,Sunday,1,Give way or uncontrolled,T or staggered junction,52.573361,Darkness - lights lit,393390,297290,-2.098978,E01010442,3,2,0,0,Wet or damp,Single carriageway,None,30,20:45:00,Urban,Raining no high winds,No,21 - 25,7,Urban area,2,2402,None,None,Other/Not known (2005-10),Entering main road,FORD,TRANSIT 350 LWB TD,Heavy oil,Male,None,No tow/articulation,Did not leave carriageway,0,Turning right,1,Van / Goods 3.5 tonnes mgw or under,No,Offside,2010
201020W047470,A,456,B,4129,Slight,None,05-11-2010,Friday,1,Give way or uncontrolled,T or staggered junction,52.471621,Darkness - lights lit,403970,285970,-1.942995,E01008989,2,2,0,0,Wet or damp,Single carriageway,None,30,21:00:00,Urban,Raining no high winds,No,21 - 25,7,Urban area,1,1248,None,None,Other/Not known (2005-10),Mid Junction - on roundabout or on main road,VAUXHALL,CORSA SXI CDTI,Heavy oil,Male,None,No tow/articulation,Did not leave carriageway,0,Going ahead other,2,Car,No,Offside,2010
20103102C1241,A,6464,NA,0,Slight,None,23-03-2010,Tuesday,1,Data missing or out of range,Not at junction or within 20 metres,52.93384,Darkness - lights lit,453510,337680,-1.205328,E01013973,1,1,0,4,Wet or damp,Dual carriageway,None,40,19:02:00,Urban,Raining no high winds,No,21 - 25,7,Urban area,10,1870,None,None,Other/Not known (2005-10),Not at or within 20 metres of junction,RENAULT,LAGUNA DY-MIQUE DCI 120HP,Heavy oil,Male,None,No tow/articulation,Did not leave carriageway,0,Going ahead other,1,Car,No,Front,2010
20103104D3277,A,60,NA,0,Slight,None,14-12-2010,Tuesday,1,Data missing or out of range,Not at junction or within 20 metres,53.081388,Darkness - lights lit,455690,354120,-1.170068,E01028200,1,3,0,0,Wet or damp,Single carriageway,None,50,19:15:00,Rural,Raining no high winds,No,21 - 25,7,Urban area,5,1149,None,None,Other/Not known (2005-10),Not at or within 20 metres of junction,RENAULT,CLIO AUTHENTIQUE,Petrol,Male,None,No tow/articulation,Did not leave carriageway,0,Going ahead other,1,Car,No,Front,2010
20104100F0878,C,66,Unclassified,3,Slight,None,13-05-2021,Thursday,2,Give way or uncontrolled,Crossroads,22.0589341,Darkness - lights lit,510280,211720,82.11372075,E01023724,1,2,0,0,Wet or damp,Single carriageway,None,30,17:20:00,Rural,Raining no high winds,No,21 - 25,7,Urban area,8,1124,None,None,Other/Not known (2005-10),Mid Junction - on roundabout or on main road,PEUGEOT,106 INDEPENDENCE,Petrol,Female,Skidded,No tow/articulation,Did not leave carriageway,0,Going ahead other,1,Car,No,Nearside,2019
201037G030336,A,137,A,14,Slight,None,13-11-2020,Friday,1,Give way or uncontrolled,Roundabout,28.49396592,Darkness - lights lit,615500,240950,76.99106768,E01029879,3,2,0,0,Wet or damp,Single carriageway,None,60,17:42:00,Rural,Raining no high winds,No,21 - 25,7,Urban area,9,1598,None,None,Other/Not known (2005-10),Approaching junction or waiting/parked at junction approach,RENAULT,MEGANE DYNAMIQUE 16V,Petrol,Female,None,No tow/articulation,Did not leave carriageway,0,Waiting to turn left,2,Car,No,Back,2019
201050EP2B011,Unclassified,0,B,3416,Slight,None,08-07-2020,Thursday,1,Give way or uncontrolled,Roundabout,28.55716104,Darkness - lights lit,253710,56440,77.06203197,E01015123,1,2,0,0,Wet or damp,Roundabout,None,30,17:30:00,Urban,Raining no high winds,No,21 - 25,7,Urban area,5,1868,None,None,Other/Not known (2005-10),Entering roundabout,PEUGEOT,PARTNER COMBI D,Heavy oil,Female,None,No tow/articulation,Did not leave carriageway,0,Moving off,1,Car,No,Front,2020
201034WN08790,A,5123,Unclassified,8371,Slight,None,07-06-2020,Tuesday,2,Give way or uncontrolled,T or staggered junction,18.56415886,Darkness - lights lit,478610,264820,73.74415409,E01027183,1,2,0,0,Wet or damp,Single carriageway,None,30,17:20:00,Urban,Raining no high winds,No,21 - 25,7,Urban area,9,1149,None,None,Other/Not known (2005-10),Approaching junction or waiting/parked at junction approach,RENAULT,CLIO DYNAMIQUE 16V,Petrol,Female,None,No tow/articulation,Did not leave carriageway,0,Waiting to go - held up,2,Car,No,Back,2021
201001KF60754,A,112,A,13,Slight,None,09-11-2010,Tuesday,1,Auto traffic signal,Crossroads,51.517002,Darkness - lights lit,541100,181750,0.032193,E01003604,1,2,0,5,Wet or damp,Single carriageway,None,30,04:50:00,Urban,Raining no high winds,No,21 - 25,7,Small town,8,2689,None,None,Journey as part of work,Mid Junction - on roundabout or on main road,MERCEDES,SPRINTER 416 CDI,Heavy oil,Female,None,No tow/articulation,Did not leave carriageway,0,Going ahead other,1,Other vehicle,No,Nearside,2010
201001PY20134,A,222,A,208,Slight,None,13-03-2010,Saturday,1,Auto traffic signal,Crossroads,51.412308,Darkness - lights lit,544340,170190,0.07414,E01000696,2,2,0,0,Wet or damp,Single carriageway,None,30,23:28:00,Urban,Raining no high winds,No,21 - 25,7,Data missing or out of range,NA,1360,None,None,Other/Not known (2005-10),Mid Junction - on roundabout or on main road,CITROEN,C3 SX AUTO,Petrol,Female,None,No tow/articulation,Did not leave carriageway,0,Going ahead other,2,Car,No,Front,2010
201001RG40824,Unclassified,0,Unclassified,0,Slight,None,10-08-2010,Tuesday,1,Give way or uncontrolled,T or staggered junction,51.483492,Darkness - lights lit,543570,178090,0.066279,E01001697,1,1,0,0,Wet or damp,Single carriageway,None,30,21:15:00,Urban,Raining no high winds,No,21 - 25,7,Urban area,2,1298,None,None,Other/Not known (2005-10),Cleared junction or waiting/parked at junction exit,SUZUKI,JIMNY 02,Petrol,Female,None,No tow/articulation,Did not leave carriageway,0,Turning right,1,Car,No,Front,2010
201034WN08790,A,5123,Unclassified,8371,Slight,None,23-02-2010,Tuesday,2,Give way or uncontrolled,T or staggered junction,52.275883,Darkness - lights lit,478610,264820,-0.849253,E01027183,1,2,0,0,Wet or damp,Single carriageway,None,30,17:20:00,Urban,Raining no high winds,No,21 - 25,7,Urban area,9,1149,None,None,Other/Not known (2005-10),Approaching junction or waiting/parked at junction approach,RENAULT,CLIO DYNAMIQUE 16V,Petrol,Female,None,No tow/articulation,Did not leave carriageway,0,Waiting to go - held up,2,Car,No,Back,2010
201037G030336,A,137,A,14,Slight,None,05-11-2010,Friday,1,Give way or uncontrolled,Roundabout,52.025037,Darkness - lights lit,615500,240950,1.139766,E01029879,3,2,0,0,Wet or damp,Single carriageway,None,60,17:42:00,Rural,Raining no high winds,No,21 - 25,7,Urban area,9,1598,None,None,Other/Not known (2005-10),Approaching junction or waiting/parked at junction approach,RENAULT,MEGANE DYNAMIQUE 16V,Petrol,Female,None,No tow/articulation,Did not leave carriageway,0,Waiting to turn left,2,Car,No,Back,2010
20104100F0878,C,66,Unclassified,3,Slight,None,18-11-2010,Thursday,2,Give way or uncontrolled,Crossroads,51.793223,Darkness - lights lit,510280,211720,-0.402344,E01023724,1,2,0,0,Wet or damp,Single carriageway,None,30,17:20:00,Rural,Raining no high winds,No,21 - 25,7,Urban area,8,1124,None,None,Other/Not known (2005-10),Mid Junction - on roundabout or on main road,PEUGEOT,106 INDEPENDENCE,Petrol,Female,Skidded,No tow/articulation,Did not leave carriageway,0,Going ahead other,1,Car,No,Nearside,2010
201014A020510,Unclassified,0,NA,0,Slight,None,03-02-2010,Wednesday,2,Not at junction or within 20 metres,Not at junction or within 20 metres,53.600403,Darkness - lights lit,464620,411980,-1.024981,E01007627,1,2,0,0,Snow,Single carriageway,None,30,18:30:00,Urban,Snowing no high winds,No,21 - 25,7,Urban area,1,1360,None,None,Other/Not known (2005-10),Not at or within 20 metres of junction,PEUGEOT,206 LOOK,Petrol,Female,None,No tow/articulation,Did not leave carriageway,0,Parked,1,Car,No,Back,2010
201032D375510,A,17,A,15,Slight,None,26-11-2010,Friday,2,Give way or uncontrolled,Roundabout,53.013191,Darkness - lights lit,505680,347370,-0.426217,E01026229,1,2,0,0,Data missing or out of range,Roundabout,None,60,16:30:00,Rural,Unknown,No,21 - 25,7,Rural,5,1896,None,None,Other/Not known (2005-10),Leaving roundabout,VOLKSWAGEN,GOLF SE TDI AUTO,Heavy oil,Male,None,No tow/articulation,Did not leave carriageway,0,Moving off,1,Car,No,Front,2010
201014B024210,A,635,NA,0,Slight,None,21-02-2010,Sunday,1,Not at junction or within 20 metres,Not at junction or within 20 metres,53.546058,Darkness - lights unlit,437480,405640,-1.435833,E01007319,1,2,0,0,Snow,Dual carriageway,None,40,08:10:00,Urban,Snowing no high winds,No,21 - 25,7,Rural,3,973,None,None,Journey as part of work,Not at or within 20 metres of junction,VAUXHALL,CORSA ACTIVE 12V,Petrol,Female,Skidded,No tow/articulation,Did not leave carriageway,0,Going ahead other,1,Car,No,Did not impact,2010
20104100D0047,A,4251,NA,0,Slight,None,17-12-2019,Friday,1,Not at junction or within 20 metres,Not at junction or within 20 metres,25.7889003,Darkness - no lighting,494490,211210,87.48359986,E01023352,3,2,0,0,Frost or ice,Single carriageway,None,60,20:16:00,Rural,Fine no high winds,No,21 - 25,7,Urban area,4,1896,None,None,Other/Not known (2005-10),Not at or within 20 metres of junction,SKODA,FABIA COMFORT SDI,Heavy oil,Male,Skidded,No tow/articulation,Did not leave carriageway,0,Going ahead other,2,Car,No,Front,2019
201042I072803,A,12,NA,0,Slight,None,24-01-2019,Wednesday,1,Not at junction or within 20 metres,Not at junction or within 20 metres,13.01942426,Darkness - no lighting,585830,217700,77.59457812,E01021882,1,1,0,0,Dry,Dual carriageway,None,70,21:30:00,Rural,Fine no high winds,No,21 - 25,7,Rural,8,1781,None,Tree,Other/Not known (2005-10),Not at or within 20 metres of junction,AUDI,S3 QUATTRO,Petrol,Male,None,No tow/articulation,Nearside,0,Going ahead right-hand bend,1,Car,No,Front,2019
201054EA36410,A,366,NA,0,Slight,None,24-09-2021,Wednesday,1,Not at junction or within 20 metres,Not at junction or within 20 metres,28.71955735,Darkness - no lighting,381660,157470,77.35991634,E01032083,1,1,0,0,Dry,Single carriageway,None,60,20:27:00,Rural,Fine no high winds,No,21 - 25,7,Urban area,8,1587,None,None,Commuting to/from work,Not at or within 20 metres of junction,PEUGEOT,206 CC,Petrol,Male,Skidded and overturned,No tow/articulation,Nearside,0,Going ahead right-hand bend,1,Car,No,Offside,2020
201043N059070,A,4128,C,96,Slight,None,03-02-2019,Sunday,1,Give way or uncontrolled,T or staggered junction,28.63484966,Darkness - no lighting,487460,196920,77.2051085,E01017870,2,2,0,0,Dry,Single carriageway,None,30,22:05:00,Urban,Fine no high winds,No,21 - 25,7,Urban area,8,1590,None,None,Other/Not known (2005-10),Approaching junction or waiting/parked at junction approach,HONDA,CIVIC VTEC SE SPORT,Petrol,Male,None,No tow/articulation,Did not leave carriageway,0,Going ahead right-hand bend,2,Car,No,Front,2020
20104100D0292,A,41,NA,0,Slight,None,03-12-2021,Friday,1,Not at junction or within 20 metres,Not at junction or within 20 metres,28.54483967,Darkness - no lighting,506750,201830,77.14878351,E01023406,1,2,0,0,Dry,Dual carriageway,None,60,01:47:00,Rural,Fine no high winds,No,21 - 25,7,Urban area,8,1598,Kerb,Central crash barrier,Other/Not known (2005-10),Not at or within 20 metres of junction,MINI,MINI COOPER S,Petrol,Male,Skidded and overturned,No tow/articulation,Offside on to centrl res + rebounded,0,Going ahead other,1,Car,No,Offside,2021
201050KT2G003,A,396,NA,0,Slight,None,22-05-2020,Sunday,1,Not at junction or within 20 metres,Not at junction or within 20 metres,18.62974796,Darkness - no lighting,294510,104700,73.74472003,E01020044,5,2,0,0,Dry,Single carriageway,None,60,03:23:00,Rural,Fine no high winds,No,21 - 25,7,Urban area,4,1870,None,None,Other/Not known (2005-10),Not at or within 20 metres of junction,RENAULT,SCENIC DYNAMIQUE DCI 120,Heavy oil,Male,Skidded,No tow/articulation,Did not leave carriageway,0,Going ahead right-hand bend,2,Car,No,Front,2021
20104100J0302,A,41,A,5183,Slight,None,17-10-2019,Thursday,1,Give way or uncontrolled,Roundabout,14.76034697,Darkness - no lighting,517480,194500,78.60211444,E01023564,1,2,0,8,Dry,Roundabout,None,60,22:26:00,Rural,Fine no high winds,No,21 - 25,7,Urban area,5,1149,None,None,Other/Not known (2005-10),Entering roundabout,RENAULT,CLIO EXPRESSION 16V,Petrol,Male,None,No tow/articulation,Did not leave carriageway,0,Going ahead other,1,Car,No,Offside,2019
20104100D0047,A,4251,NA,0,Slight,None,08-01-2010,Friday,1,Not at junction or within 20 metres,Not at junction or within 20 metres,51.791526,Darkness - no lighting,494490,211210,-0.631363,E01023352,3,2,0,0,Frost or ice,Single carriageway,None,60,20:16:00,Rural,Fine no high winds,No,21 - 25,7,Urban area,4,1896,None,None,Other/Not known (2005-10),Not at or within 20 metres of junction,SKODA,FABIA COMFORT SDI,Heavy oil,Male,Skidded,No tow/articulation,Did not leave carriageway,0,Going ahead other,2,Car,No,Front,2010
20104100D0292,A,41,NA,0,Slight,None,23-04-2010,Friday,1,Not at junction or within 20 metres,Not at junction or within 20 metres,51.705016,Darkness - no lighting,506750,201830,-0.456542,E01023406,1,2,0,0,Dry,Dual carriageway,None,60,01:47:00,Rural,Fine no high winds,No,21 - 25,7,Urban area,8,1598,Kerb,Central crash barrier,Other/Not known (2005-10),Not at or within 20 metres of junction,MINI,MINI COOPER S,Petrol,Male,Skidded and overturned,No tow/articulation,Offside on to centrl res + rebounded,0,Going ahead other,1,Car,No,Offside,2010
20104100J0302,A,41,A,5183,Slight,None,27-05-2010,Thursday,1,Give way or uncontrolled,Roundabout,51.636996,Darkness - no lighting,517480,194500,-0.303792,E01023564,1,2,0,8,Dry,Roundabout,None,60,22:26:00,Rural,Fine no high winds,No,21 - 25,7,Urban area,5,1149,None,None,Other/Not known (2005-10),Entering roundabout,RENAULT,CLIO EXPRESSION 16V,Petrol,Male,None,No tow/articulation,Did not leave carriageway,0,Going ahead other,1,Car,No,Offside,2010
201042I072803,A,12,NA,0,Slight,None,03-03-2010,Wednesday,1,Not at junction or within 20 metres,Not at junction or within 20 metres,51.826956,Darkness - no lighting,585830,217700,0.695304,E01021882,1,1,0,0,Dry,Dual carriageway,None,70,21:30:00,Rural,Fine no high winds,No,21 - 25,7,Rural,8,1781,None,Tree,Other/Not known (2005-10),Not at or within 20 metres of junction,AUDI,S3 QUATTRO,Petrol,Male,None,No tow/articulation,Nearside,0,Going ahead right-hand bend,1,Car,No,Front,2010
201043N059070,A,4128,C,96,Slight,None,11-07-2010,Sunday,1,Give way or uncontrolled,T or staggered junction,51.664214,Darkness - no lighting,487460,196920,-0.736852,E01017870,2,2,0,0,Dry,Single carriageway,None,30,22:05:00,Urban,Fine no high winds,No,21 - 25,7,Urban area,8,1590,None,None,Other/Not known (2005-10),Approaching junction or waiting/parked at junction approach,HONDA,CIVIC VTEC SE SPORT,Petrol,Male,None,No tow/articulation,Did not leave carriageway,0,Going ahead right-hand bend,2,Car,No,Front,2010
201050KT2G003,A,396,NA,0,Slight,None,29-08-2010,Sunday,1,Not at junction or within 20 metres,Not at junction or within 20 metres,50.832129,Darkness - no lighting,294510,104700,-3.499369,E01020044,5,2,0,0,Dry,Single carriageway,None,60,03:23:00,Rural,Fine no high winds,No,21 - 25,7,Urban area,4,1870,None,None,Other/Not known (2005-10),Not at or within 20 metres of junction,RENAULT,SCENIC DYNAMIQUE DCI 120,Heavy oil,Male,Skidded,No tow/articulation,Did not leave carriageway,0,Going ahead right-hand bend,2,Car,No,Front,2010
201054EA36410,A,366,NA,0,Slight,None,13-10-2010,Wednesday,1,Not at junction or within 20 metres,Not at junction or within 20 metres,51.315987,Darkness - no lighting,381660,157470,-2.264559,E01032083,1,1,0,0,Dry,Single carriageway,None,60,20:27:00,Rural,Fine no high winds,No,21 - 25,7,Urban area,8,1587,None,None,Commuting to/from work,Not at or within 20 metres of junction,PEUGEOT,206 CC,Petrol,Male,Skidded and overturned,No tow/articulation,Nearside,0,Going ahead right-hand bend,1,Car,No,Offside,2010
2010550D46074,A,35,NA,0,Slight,None,19-10-2010,Tuesday,1,Not at junction or within 20 metres,Not at junction or within 20 metres,50.744359,Darkness - no lighting,418150,93900,-1.74414,E01020347,1,1,0,0,Dry,Dual carriageway,None,70,19:56:00,Urban,Fine no high winds,No,21 - 25,7,Rural,5,1796,Kerb,Entered ditch,Other/Not known (2005-10),Not at or within 20 metres of junction,LAND ROVER,FREELANDER SERENGETI SE,Petrol,Male,Skidded and overturned,No tow/articulation,Nearside,0,Going ahead other,1,Car,No,Nearside,2010
201060L183918,A,541,Unclassified,0,Slight,None,02-10-2010,Saturday,1,Give way or uncontrolled,Private drive or entrance,53.223457,Darkness - no lighting,316180,370340,-3.256961,W01000270,1,2,0,0,Dry,Single carriageway,None,60,20:05:00,Rural,Fine no high winds,No,21 - 25,7,Rural,NA,1753,None,None,Other/Not known (2005-10),Entering main road,FORD,FOCUS ZETEC TDCI,Heavy oil,Male,None,No tow/articulation,Did not leave carriageway,0,Turning right,1,Car,No,Front,2010
201060L206022,A,5,NA,0,Slight,None,05-11-2010,Friday,1,Data missing or out of range,Not at junction or within 20 metres,53.244092,Darkness - no lighting,244060,374450,-4.338464,W01000007,1,2,0,0,Wet or damp,Single carriageway,None,60,19:28:00,Rural,Fine no high winds,No,21 - 25,7,Urban area,NA,1299,None,Other permanent object,Other/Not known (2005-10),Not at or within 20 metres of junction,FORD,KA COLLECTION,Petrol,Male,Skidded,No tow/articulation,Did not leave carriageway,0,Going ahead other,2,Car,No,Front,2010
201004AL10202,Unclassified,0,NA,0,Slight,None,15-11-2010,Monday,1,Data missing or out of range,Not at junction or within 20 metres,53.79027,Darkness - no lighting,346400,432970,-2.815103,E01025014,1,1,0,0,Wet or damp,Single carriageway,None,60,02:30:00,Rural,Fine no high winds,No,21 - 25,7,Urban area,6,1796,None,Tree,Other/Not known (2005-10),Not at or within 20 metres of junction,VAUXHALL,VECTRA SRI 16V,Petrol,Male,None,No tow/articulation,Nearside,0,Going ahead other,1,Car,No,Front,2010
201004EN10057,Unclassified,0,NA,0,Slight,None,11-06-2010,Friday,1,Data missing or out of range,Not at junction or within 20 metres,53.777553,Darkness - no lighting,363510,431390,-2.555212,E01025336,2,1,0,0,Dry,Single carriageway,None,30,00:20:00,Rural,Fine no high winds,No,21 - 25,7,Urban area,5,1910,Kerb,Tree,Commuting to/from work,Not at or within 20 metres of junction,ALFA ROMEO,147 JTD LUSSO 8V,Heavy oil,Male,None,No tow/articulation,Straight ahead at junction,0,Going ahead other,1,Car,No,Front,2010
201004TA10031,Motorway,6,NA,0,Slight,None,19-02-2010,Friday,1,Data missing or out of range,Not at junction or within 20 metres,54.051078,Darkness - no lighting,350020,461950,-2.764905,E01025131,1,3,0,0,Wet or damp,Dual carriageway,None,70,18:39:00,Rural,Fine no high winds,No,21 - 25,7,Urban area,10,1896,None,None,Commuting to/from work,Not at or within 20 metres of junction,VOLKSWAGEN,GOLF GT TDI,Heavy oil,Male,Skidded,No tow/articulation,Did not leave carriageway,0,Going ahead other,2,Car,No,Back,2010
201004TA10066,Motorway,55,NA,0,Slight,None,25-04-2010,Sunday,1,Data missing or out of range,Not at junction or within 20 metres,53.797173,Darkness - no lighting,337410,433850,-2.951726,E01025027,1,1,0,0,Dry,Dual carriageway,None,70,22:38:00,Rural,Fine no high winds,No,21 - 25,7,Urban area,7,1998,None,Other permanent object,Other/Not known (2005-10),Not at or within 20 metres of junction,MAZDA,6 SPORT DIESEL,Heavy oil,Male,Skidded and overturned,No tow/articulation,Nearside,0,Going ahead other,1,Car,No,Front,2010
20103102D0801,C,4,NA,0,Slight,None,26-03-2010,Friday,1,Data missing or out of range,Not at junction or within 20 metres,52.876277,Darkness - no lighting,453870,331280,-1.201031,E01028378,1,1,0,0,Dry,Single carriageway,None,60,23:06:00,Rural,Fine no high winds,No,21 - 25,7,Rural,8,1100,None,None,Other/Not known (2005-10),Not at or within 20 metres of junction,BMW,R 1150 R ROCKSTER,Petrol,Male,None,No tow/articulation,Nearside,0,Going ahead right-hand bend,1,Motorcycle over 500cc,No,Front,2010
20103102D2724,C,80,Unclassified,0,Slight,None,16-11-2010,Tuesday,1,Give way or uncontrolled,Private drive or entrance,52.822542,Darkness - no lighting,453700,325300,-1.20454,E01028410,2,2,0,0,Wet or damp,Single carriageway,None,60,21:23:00,Rural,Fine no high winds,No,21 - 25,7,Urban area,4,1396,None,Entered ditch,Other/Not known (2005-10),Mid Junction - on roundabout or on main road,ROVER,25 IMPRESSION S3,Petrol,Male,Skidded and overturned,No tow/articulation,Offside and rebounded,0,Going ahead right-hand bend,1,Car,No,Front,2010
20104100A0726,C,33,NA,0,Slight,Any animal in carriageway (except ridden horse),10-11-2020,Sunday,1,Not at junction or within 20 metres,Not at junction or within 20 metres,14.70566358,Darkness - no lighting,541830,226420,78.59184964,E01023463,4,1,0,0,Frost or ice,Single carriageway,None,60,22:30:00,Rural,Fine no high winds,No,21 - 25,7,Urban area,10,1753,None,Tree,Other/Not known (2005-10),Not at or within 20 metres of junction,FORD,FOCUS GHIA TDCI,Heavy oil,Female,Skidded,No tow/articulation,Nearside,0,Going ahead left-hand bend,1,Car,No,Nearside,2019