Accident_Index,1st_Road_Class,1st_Road_Number,2nd_Road_Class,2nd_Road_Number,Accident_Severity,Carriageway_Hazards,Date,Day_of_Week,Did_Police_Officer_Attend_Scene_of_Accident,Junction_Control,Junction_Detail,Latitude,Light_Conditions,Location_Easting_OSGR,Location_Northing_OSGR,Longitude,LSOA_of_Accident_Location,Number_of_Casualties,Number_of_Vehicles,Pedestrian_Crossing-Human_Control,Pedestrian_Crossing-Physical_Facilities,Road_Surface_Conditions,Road_Type,Special_Conditions_at_Site,Speed_limit,Time,Urban_or_Rural_Area,Weather_Conditions,InScotland,Age_Band_of_Driver,Age_of_Vehicle,Driver_Home_Area_Type,Driver_IMD_Decile,Engine_Capacity_.CC.,Hit_Object_in_Carriageway,Hit_Object_off_Carriageway,Journey_Purpose_of_Driver,Junction_Location,make,model,Propulsion_Code,Sex_of_Driver,Skidding_and_Overturning,Towing_and_Articulation,Vehicle_Leaving_Carriageway,Vehicle_Location.Restricted_Lane,Vehicle_Manoeuvre,Vehicle_Reference,Vehicle_Type,Was_Vehicle_Left_Hand_Drive,X1st_Point_of_Impact,Year
201050JG2E008,Unclassified,0,Unclassified,0,Slight,None,14-10-2019,Thursday,1,Give way or uncontrolled,Crossroads,28.60956705,Daylight,295780,83140,77.36528396,E01020245,1,2,0,0,Dry,Dual carriageway,None,60,08:09:00,Rural,Fine no high winds,No,21 - 25,7,Urban area,5,599,None,None,Other/Not known (2005-10),Approaching junction or waiting/parked at junction approach,YAMAHA,FZS 600,Petrol,Male,None,No tow/articulation,Offside,0,Overtaking moving vehicle - offside,2,Motorcycle over 125cc and up to 500cc,No,Did not impact,2020
201050DE2T007,Unclassified,0,NA,0,Slight,None,18-08-2021,Thursday,1,Data missing or out of range,Not at junction or within 20 metres,28.5373329,Daylight,294020,89410,77.12333303,E01019970,1,3,0,0,Dry,Single carriageway,None,40,09:00:00,Rural,Fine no high winds,No,21 - 25,7,Urban area,8,1598,None,None,Journey as part of work,Not at or within 20 metres of junction,VOLKSWAGEN,GOLF MATCH,Petrol,Male,None,No tow/articulation,Did not leave carriageway,0,Slowing or stopping,1,Car,No,Front,2020
201045GU50527,A,3,NA,0,Slight,None,14-06-2020,Wednesday,1,Data missing or out of range,Not at junction or within 20 metres,28.66549561,Daylight,508300,159700,77.1792951,E01030458,6,9,0,0,Dry,Dual carriageway,None,70,07:35:00,Rural,Fine no high winds,No,21 - 25,7,Small town,8,2151,None,None,Other/Not known (2005-10),Not at or within 20 metres of junction,MERCEDES,SPRINTER 311 CDI MWB,Heavy oil,Male,None,No tow/articulation,Did not leave carriageway,0,Waiting to go - held up,2,Van / Goods 3.5 tonnes mgw or under,No,Back,2021
201050BB2K044,A,30,A,38,Slight,None,09-05-2020,Friday,1,Give way or uncontrolled,Roundabout,28.53285123,Daylight,208820,65650,77.31338246,E01018934,1,2,0,0,Dry,Roundabout,None,60,11:55:00,Rural,Fine no high winds,No,21 - 25,7,Small town,4,10824,None,None,Journey as part of work,Entering roundabout,ERF,,Heavy oil,Male,None,No tow/articulation,Did not leave carriageway,0,Moving off,2,Goods 7.5 tonnes mgw and over,No,Back,2021
201045MO49541,A,24,NA,0,Slight,None,15-08-2021,Tuesday,1,Data missing or out of range,Not at junction or within 20 metres,28.53460566,Daylight,517150,149960,77.16524429,E01030533,2,3,0,0,Dry,Single carriageway,None,50,13:54:00,Urban,Fine no high winds,No,21 - 25,7,Urban area,9,1870,None,None,Journey as part of work,Not at or within 20 metres of junction,RENAULT,TRAFIC SL27 DCI 100 SWB,Heavy oil,Male,Skidded,No tow/articulation,Did not leave carriageway,0,Going ahead right-hand bend,2,Van / Goods 3.5 tonnes mgw or under,No,Front,2021
201045MO54865,A,29,NA,0,Slight,None,29-04-2021,Friday,1,Data missing or out of range,Not at junction or within 20 metres,28.65930213,Daylight,514770,140200,77.31265995,E01030557,1,2,0,0,Dry,Single carriageway,None,40,11:40:00,Rural,Fine no high winds,No,21 - 25,7,Rural,6,954,None,None,Journey as part of work,Not at or within 20 metres of junction,HONDA,CBR 900 RR-3,Petrol,Male,None,No tow/articulation,Did not leave carriageway,0,Going ahead other,1,Motorcycle over 500cc,No,Nearside,2021
201042I264008,Motorway,25,NA,0,Slight,None,05-09-2021,Saturday,1,Not at junction or within 20 metres,Not at junction or within 20 metres,18.49395783,Daylight,557570,182190,73.96112838,E01015972,2,6,0,0,Dry,Dual carriageway,None,70,12:35:00,Rural,Fine no high winds,No,21 - 25,7,Urban area,9,1995,None,None,Other/Not known (2005-10),Not at or within 20 metres of junction,BMW,318 TI SE COMPACT,Petrol,Male,None,No tow/articulation,Did not leave carriageway,0,Slowing or stopping,4,Car,No,Back,2021
201050FP2B039,Unclassified,0,Unclassified,0,Slight,None,08-08-2021,Tuesday,2,Give way or uncontrolled,Roundabout,18.59902042,Daylight,287250,60470,73.76877988,E01015194,1,2,0,0,Dry,Single carriageway,None,30,11:37:00,Urban,Fine no high winds,No,21 - 25,7,Urban area,7,3199,None,None,Other/Not known (2005-10),Approaching junction or waiting/parked at junction approach,MERCEDES,C320 SE AUTO,Petrol,Male,None,No tow/articulation,Did not leave carriageway,0,Slowing or stopping,2,Car,No,Back,2021
201050FT2B013,Unclassified,0,NA,0,Slight,None,23-07-2019,Friday,2,Not at junction or within 20 metres,Not at junction or within 20 metres,18.54511008,Daylight,291330,65880,73.78036629,E01015237,2,2,0,0,Dry,Single carriageway,None,30,09:40:00,Urban,Fine no high winds,No,21 - 25,7,Urban area,4,1998,None,None,Other/Not known (2005-10),Not at or within 20 metres of junction,FORD,MONDEO LX TDCI,Heavy oil,Male,None,No tow/articulation,Did not leave carriageway,0,Going ahead other,2,Car,No,Back,2021
201042I036802,Unclassified,0,NA,0,Slight,None,01-02-2019,Tuesday,1,Not at junction or within 20 metres,Not at junction or within 20 metres,18.60686786,Daylight,556820,193900,73.80545768,E01021468,2,1,0,0,Wet or damp,Single carriageway,Oil or diesel,30,09:15:00,Rural,Fine no high winds,No,21 - 25,7,Urban area,4,1149,None,Other permanent object,Other/Not known (2005-10),Not at or within 20 metres of junction,RENAULT,CLIO EXPRESSION 16V,Petrol,Male,Skidded and overturned,No tow/articulation,Nearside,0,Going ahead right-hand bend,1,Car,No,Nearside,2021
201045RU49454,Unclassified,3196,Unclassified,3198,Slight,None,13-05-2021,Friday,1,Give way or uncontrolled,Slip road,18.49257054,Daylight,499170,167140,73.93936938,E01030691,1,2,0,0,Dry,Single carriageway,None,30,07:45:00,Urban,Fine no high winds,No,21 - 25,7,Urban area,4,1587,None,None,Commuting to/from work,Mid Junction - on roundabout or on main road,PEUGEOT,307 SE AUTO,Petrol,Male,None,No tow/articulation,Did not leave carriageway,0,Turning right,1,Car,No,Offside,2021
201045RU48844,A,30,B,3407,Slight,None,20-04-2019,Wednesday,1,Give way or uncontrolled,Roundabout,18.63474433,Daylight,500610,171300,73.84827847,E01030669,2,2,0,0,Dry,Single carriageway,None,30,12:01:00,Urban,Fine no high winds,No,21 - 25,7,Urban area,9,1995,None,None,Other/Not known (2005-10),Approaching junction or waiting/parked at junction approach,BMW,318CI SE AUTO,Petrol,Male,None,No tow/articulation,Did not leave carriageway,0,Slowing or stopping,2,Car,No,Front,2021
20104100D0602,Unclassified,67,NA,0,Slight,None,08-01-2019,Wednesday,1,Not at junction or within 20 metres,Not at junction or within 20 metres,18.54272922,Daylight,503500,213470,73.90800528,E01023431,2,2,0,0,Dry,Single carriageway,None,60,12:00:00,Rural,Fine no high winds,No,21 - 25,7,Urban area,10,1149,None,None,Commuting to/from work,Not at or within 20 metres of junction,RENAULT,CLIO EXPRESSION 16V,Petrol,Male,None,No tow/articulation,Did not leave carriageway,0,Slowing or stopping,2,Car,No,Offside,2021
201043N212050,Motorway,40,NA,0,Slight,None,29-06-2019,Sunday,1,Data missing or out of range,Not at junction or within 20 metres,19.1624541,Daylight,482750,191520,72.85292097,E01017843,1,1,0,0,Dry,Dual carriageway,None,70,17:30:00,Rural,Fine no high winds,No,21 - 25,7,Urban area,2,1130,None,None,Other/Not known (2005-10),Not at or within 20 metres of junction,HARLEY-DAVIDSON,VRSCA V-ROD,Petrol,Male,Skidded and overturned,No tow/articulation,Did not leave carriageway,0,Going ahead other,1,Motorcycle over 500cc,No,Did not impact,2021
20104100C0779,Unclassified,63,Unclassified,167,Slight,None,23-04-2020,Monday,1,Give way or uncontrolled,Crossroads,19.06538774,Daylight,509310,192450,72.93492114,E01023839,2,2,0,0,Dry,Single carriageway,None,30,16:05:00,Urban,Fine no high winds,No,21 - 25,7,Urban area,6,2979,None,None,Journey as part of work,Mid Junction - on roundabout or on main road,BMW,330 CI SPORT,Petrol,Male,None,No tow/articulation,Did not leave carriageway,0,Going ahead other,1,Car,No,Front,2021
201042I139505,Unclassified,0,Unclassified,0,Slight,None,02-02-2020,Tuesday,1,Give way or uncontrolled,T or staggered junction,19.14411914,Daylight,572620,205720,72.8900183,E01021564,1,3,0,0,Dry,Single carriageway,None,30,02:10:00,Urban,Fine no high winds,No,21 - 25,7,Urban area,10,1360,None,None,Other/Not known (2005-10),Approaching junction or waiting/parked at junction approach,PEUGEOT,206 LOOK,Petrol,Male,None,No tow/articulation,Did not leave carriageway,0,Parked,2,Car,No,Back,2021
201042I237506,Unclassified,0,NA,0,Slight,None,09-02-2021,Saturday,1,Not at junction or within 20 metres,Not at junction or within 20 metres,19.11716834,Daylight,579250,224650,72.83949896,E01021380,1,1,0,0,Dry,Single carriageway,None,60,16:04:00,Rural,Fine no high winds,No,21 - 25,7,Small town,9,1242,None,Lamp post,Other/Not known (2005-10),Not at or within 20 metres of junction,FIAT,PUNTO DYNAMIC 16V,Petrol,Male,Skidded,No tow/articulation,Nearside,0,Going ahead left-hand bend,1,Car,No,Front,2021
2010550C21516,A,350,C,0,Slight,None,25-05-2020,Wednesday,1,Auto traffic signal,T or staggered junction,19.05995569,Daylight,400920,90680,72.93377567,E01015467,1,2,0,0,Dry,Single carriageway,None,30,10:42:00,Urban,Fine no high winds,No,21 - 25,7,Urban area,10,1198,None,None,Other/Not known (2005-10),Approaching junction or waiting/parked at junction approach,VOLKSWAGEN,POLO TWIST,Petrol,Male,None,No tow/articulation,Did not leave carriageway,0,Going ahead other,1,Car,No,Nearside,2021
201054EY07610,C,85,C,90,Slight,None,26-12-2019,Monday,2,Give way or uncontrolled,Mini-roundabout,17.61342699,Daylight,399210,193670,78.659556,E01031885,1,2,0,0,Dry,Roundabout,None,30,10:45:00,Rural,Fine no high winds,No,21 - 25,7,Urban area,5,998,None,None,Journey as part of work,Mid Junction - on roundabout or on main road,NISSAN,MICRA E,Petrol,Male,None,No tow/articulation,Did not leave carriageway,0,U-turn,1,Car,No,Offside,2021
201037B045009,A,134,NA,0,Slight,None,11-05-2019,Tuesday,1,Data missing or out of range,Not at junction or within 20 metres,15.49510201,Daylight,586380,280500,75.70423783,E01030094,1,2,0,0,Dry,Single carriageway,None,40,11:40:00,Rural,Fine no high winds,No,21 - 25,7,Urban area,3,2499,None,None,Other/Not known (2005-10),Not at or within 20 metres of junction,MG,,Petrol,Male,Skidded,No tow/articulation,Nearside,0,Going ahead left-hand bend,1,Car,No,Offside,2021
201050BS2D001,A,388,NA,0,Slight,None,28-07-2021,Thursday,1,Not at junction or within 20 metres,Not at junction or within 20 metres,23.91453756,Daylight,239890,62740,73.87433101,E01018764,2,4,0,0,Dry,Single carriageway,None,60,13:08:00,Rural,Fine no high winds,No,21 - 25,7,Small town,7,1598,None,None,Other/Not known (2005-10),Not at or within 20 metres of junction,TOYOTA,COROLLA T3 VVTI AUTO,Petrol,Male,None,No tow/articulation,Did not leave carriageway,0,Going ahead other,3,Car,No,Front,2021
201043R084040,Unclassified,7302,Unclassified,7302,Slight,None,12-12-2019,Monday,1,Give way or uncontrolled,T or staggered junction,14.67216735,Daylight,498250,180340,78.54562702,E01016461,1,2,0,0,Dry,Single carriageway,None,30,08:48:00,Urban,Fine no high winds,No,21 - 25,7,Urban area,2,125,None,None,Other/Not known (2005-10),Approaching junction or waiting/parked at junction approach,HONDA,SES 125-3,Petrol,Male,None,No tow/articulation,Did not leave carriageway,0,Turning left,1,Motorcycle 125cc and under,No,Front,2019
201045EL53880,A,307,Unclassified,0,Slight,None,01-09-2019,Thursday,1,Give way or uncontrolled,Private drive or entrance,27.09042312,Daylight,513630,164300,93.63155924,E01030308,1,2,0,0,Dry,Single carriageway,None,30,08:15:00,Urban,Fine no high winds,No,21 - 25,7,Urban area,8,124,None,None,Commuting to/from work,Mid Junction - on roundabout or on main road,SUZUKI,,Petrol,Male,None,No tow/articulation,Did not leave carriageway,0,Overtaking moving vehicle - offside,1,Motorcycle 125cc and under,No,Front,2019
2010550C46667,A,3060,Unclassified,0,Slight,None,22-08-2019,Saturday,2,Auto traffic signal,T or staggered junction,27.09144437,Daylight,411170,94620,93.6222927,E01015339,1,2,0,5,Dry,Single carriageway,None,30,14:15:00,Urban,Fine no high winds,No,21 - 25,7,Urban area,4,1868,None,None,Journey as part of work,Cleared junction or waiting/parked at junction exit,CITROEN,BERLINGO 600D LX,Heavy oil,Male,None,No tow/articulation,Did not leave carriageway,0,Moving off,2,Van / Goods 3.5 tonnes mgw or under,No,Front,2019
201042I183606,A,1017,Unclassified,0,Slight,None,30-04-2020,Tuesday,1,Give way or uncontrolled,Other junction,27.0916175,Daylight,576880,236390,93.61615144,E01021430,1,2,0,0,Dry,Single carriageway,None,60,09:26:00,Rural,Fine no high winds,No,21 - 25,7,Small town,6,2499,None,None,Journey as part of work,Approaching junction or waiting/parked at junction approach,FORD,RANGER 4X4 TURBO DIESEL,Heavy oil,Male,None,No tow/articulation,Did not leave carriageway,0,Waiting to turn right,2,Van / Goods 3.5 tonnes mgw or under,No,Did not impact,2019
201037G030113,A,1022,Unclassified,1047,Slight,None,21-06-2020,Tuesday,1,Give way or uncontrolled,T or staggered junction,27.0973431,Daylight,616430,244070,93.60807093,E01029959,1,2,0,1,Dry,One way street,None,30,13:00:00,Urban,Fine no high winds,No,21 - 25,7,Urban area,1,1149,None,None,Other/Not known (2005-10),Approaching junction or waiting/parked at junction approach,RENAULT,CLIO EXPRESSION 16V,Petrol,Male,Skidded,No tow/articulation,Did not leave carriageway,0,Going ahead other,1,Car,No,Front,2019
20104100D0504,Unclassified,494,NA,0,Slight,None,22-11-2019,Monday,2,Not at junction or within 20 metres,Not at junction or within 20 metres,27.09183872,Daylight,507060,206300,93.61967429,E01023358,1,2,0,0,Dry,Single carriageway,None,30,17:15:00,Urban,Fine no high winds,No,21 - 25,7,Urban area,4,1686,None,None,Other/Not known (2005-10),Not at or within 20 metres of junction,VAUXHALL,ASTRA LS DTI,Heavy oil,Male,None,No tow/articulation,Did not leave carriageway,0,Going ahead other,2,Car,No,Offside,2019
201054EG20910,A,350,C,390,Slight,None,24-04-2021,Monday,1,Give way or uncontrolled,Roundabout,26.73907298,Daylight,387510,151980,94.19077221,E01032121,2,3,0,0,Wet or damp,Single carriageway,None,30,07:38:00,Rural,Fine no high winds,No,21 - 25,7,Urban area,9,1149,None,None,Journey as part of work,Approaching junction or waiting/parked at junction approach,RENAULT,CLIO DYNAMIQUE 16V,Petrol,Male,None,No tow/articulation,Did not leave carriageway,0,Waiting to go - held up,3,Car,No,Back,2019
201001BS70311,A,4206,Unclassified,0,Slight,None,10-06-2010,Thursday,1,Give way or uncontrolled,T or staggered junction,51.514173,Daylight,525260,181020,-0.19623,E01002886,2,2,0,0,Dry,Single carriageway,None,30,19:07:00,Urban,Fine no high winds,No,21 - 25,7,Urban area,2,125,None,None,Other/Not known (2005-10),Mid Junction - on roundabout or on main road,HONDA,SES 125-4,Petrol,Male,None,No tow/articulation,Did not leave carriageway,0,Overtaking moving vehicle - offside,2,Motorcycle 125cc and under,No,Nearside,2010
201001BS70394,C,0,C,0,Slight,None,09-07-2010,Friday,1,Auto traffic signal,Crossroads,51.493759,Daylight,526530,178780,-0.17874,E01002835,1,2,0,5,Dry,Dual carriageway,None,30,16:54:00,Urban,Fine no high winds,No,21 - 25,7,Urban area,2,125,None,None,Other/Not known (2005-10),Mid Junction - on roundabout or on main road,HONDA,SES 125-4,Petrol,Male,None,No tow/articulation,Did not leave carriageway,0,Going ahead other,2,Motorcycle 125cc and under,No,Offside,2010
201001CW10773,A,40,A,40,Slight,None,09-01-2010,Saturday,1,Give way or uncontrolled,T or staggered junction,51.513043,Daylight,527900,180960,-0.158226,E01004689,1,2,0,4,Wet or damp,Single carriageway,None,30,10:57:00,Urban,Fine no high winds,No,21 - 25,7,Urban area,1,8268,None,None,Journey as part of work,Cleared junction or waiting/parked at junction exit,DENNIS,,Heavy oil,Male,Skidded,No tow/articulation,Did not leave carriageway,0,Turning left,1,Bus or coach (17 or more pass seats),No,Nearside,2010
201001CW10868,B,519,Unclassified,0,Slight,None,11-05-2010,Tuesday,1,Give way or uncontrolled,T or staggered junction,51.571567,Daylight,528210,187480,-0.151388,E01000913,2,2,0,0,Dry,Single carriageway,None,30,09:00:00,Urban,Fine no high winds,No,21 - 25,7,Urban area,8,1595,None,None,Commuting to/from work,Entering main road,VOLKSWAGEN,GOLF MATCH AUTO,Petrol,Male,None,No tow/articulation,Did not leave carriageway,0,Turning right,2,Car,No,Offside,2010
201001CW10924,A,401,Unclassified,0,Slight,None,17-05-2010,Monday,2,Give way or uncontrolled,Crossroads,51.514271,Daylight,530000,181150,-0.12791,E01000919,1,2,0,1,Dry,Single carriageway,None,30,13:55:00,Urban,Fine no high winds,No,21 - 25,7,Urban area,4,1390,None,None,Other/Not known (2005-10),Approaching junction or waiting/parked at junction approach,SKODA,FABIA CLASSIC 16V,Petrol,Male,None,No tow/articulation,Did not leave carriageway,0,Waiting to go - held up,1,Car,No,Front,2010
201001CW10934,A,503,Unclassified,0,Slight,None,21-05-2010,Friday,1,Give way or uncontrolled,T or staggered junction,51.54372,Daylight,529340,184410,-0.13622,E01000867,4,2,0,0,Dry,Single carriageway,None,30,18:10:00,Urban,Fine no high winds,No,21 - 25,7,Urban area,2,1985,None,None,Other/Not known (2005-10),Mid Junction - on roundabout or on main road,SAAB,9-3 VECTOR 175 BHP,Petrol,Male,None,No tow/articulation,Did not leave carriageway,0,Turning right,1,Car,No,Back,2010
201001CW10934,A,503,Unclassified,0,Slight,None,21-05-2010,Friday,1,Give way or uncontrolled,T or staggered junction,51.54372,Daylight,529340,184410,-0.13622,E01000867,4,2,0,0,Dry,Single carriageway,None,30,18:10:00,Urban,Fine no high winds,No,21 - 25,7,Urban area,1,1086,None,None,Other/Not known (2005-10),Mid Junction - on roundabout or on main road,HYUNDAI,GETZ GSI,Petrol,Male,None,No tow/articulation,Did not leave carriageway,0,Turning right,2,Car,No,Front,2010
201001CW11846,A,302,Unclassified,0,Slight,None,01-09-2010,Wednesday,1,Give way or uncontrolled,T or staggered junction,51.50133,Daylight,528430,179670,-0.151062,E01004690,1,2,0,0,Dry,Single carriageway,None,30,16:45:00,Urban,Fine no high winds,No,21 - 25,7,Data missing or out of range,NA,1995,None,None,Other/Not known (2005-10),Mid Junction - on roundabout or on main road,BMW,318 CI,Petrol,Male,None,No tow/articulation,Did not leave carriageway,0,Going ahead other,2,Car,No,Front,2010
201001CW12317,A,5,A,4003,Slight,None,15-10-2010,Friday,2,Auto traffic signal,T or staggered junction,51.541808,Daylight,525060,184090,-0.198021,E01000545,1,2,0,0,Dry,Single carriageway,None,30,16:45:00,Urban,Fine no high winds,No,21 - 25,7,Urban area,4,1390,None,None,Other/Not known (2005-10),Mid Junction - on roundabout or on main road,SKODA,FABIA CLASSIC 16V,Petrol,Male,None,No tow/articulation,Did not leave carriageway,0,Going ahead other,1,Car,No,Offside,2010
201001EO40451,A,5203,Unclassified,0,Slight,None,04-08-2010,Wednesday,1,Give way or uncontrolled,T or staggered junction,51.552781,Daylight,530580,185450,-0.117963,E01002767,1,2,0,0,Dry,Single carriageway,None,30,16:30:00,Urban,Fine no high winds,No,21 - 25,7,Urban area,2,1796,None,None,Other/Not known (2005-10),Approaching junction or waiting/parked at junction approach,MERCEDES,C180 KOMP. ELEGANCE SE A,Petrol,Male,None,No tow/articulation,Did not leave carriageway,0,Overtaking moving vehicle - offside,1,Car,No,Nearside,2010
201001FH10195,A,402,Unclassified,0,Slight,None,17-04-2010,Saturday,1,Auto traffic signal,T or staggered junction,51.503844,Daylight,523600,179830,-0.220557,E01001943,2,3,0,5,Dry,One way street,None,30,17:55:00,Urban,Fine no high winds,No,21 - 25,7,Urban area,5,124,None,None,Other/Not known (2005-10),Approaching junction or waiting/parked at junction approach,PIAGGIO,VESPA ET4,Petrol,Male,None,No tow/articulation,Did not leave carriageway,0,Waiting to go - held up,2,Motorcycle 50cc and under,No,Back,2010
201001GD10257,A,107,A,104,Slight,None,22-04-2010,Thursday,1,Give way or uncontrolled,Roundabout,51.558692,Daylight,534870,186220,-0.055828,E01001792,1,1,0,0,Dry,Roundabout,None,30,18:45:00,Urban,Fine no high winds,No,21 - 25,7,Data missing or out of range,NA,7300,None,None,Journey as part of work,Mid Junction - on roundabout or on main road,VOLVO,,Heavy oil,Male,None,No tow/articulation,Did not leave carriageway,0,Moving off,1,Bus or coach (17 or more pass seats),No,Did not impact,2010
201001HT20095,A,107,B,135,Slight,None,19-02-2010,Friday,2,Auto traffic signal,T or staggered junction,51.527213,Daylight,534980,182720,-0.055583,E01004212,1,1,0,5,Dry,Single carriageway,None,30,16:12:00,Urban,Fine no high winds,No,21 - 25,7,Urban area,2,7300,None,None,Journey as part of work,Approaching junction or waiting/parked at junction approach,VOLVO,,Heavy oil,Male,None,No tow/articulation,Did not leave carriageway,0,Slowing or stopping,1,Bus or coach (17 or more pass seats),No,Did not impact,2010
201001HT20280,A,11,C,0,Slight,None,03-05-2010,Monday,1,Give way or uncontrolled,T or staggered junction,51.5224,Daylight,535940,182210,-0.04195,E01004261,1,2,0,4,Dry,Single carriageway,None,30,14:49:00,Urban,Fine no high winds,No,21 - 25,7,Urban area,2,1596,None,None,Other/Not known (2005-10),Approaching junction or waiting/parked at junction approach,FORD,FOCUS ELLE,Petrol,Male,None,No tow/articulation,Did not leave carriageway,2,Going ahead other,2,Car,No,Front,2010
201001HT20310,B,108,A,13,Slight,None,12-05-2010,Wednesday,1,Auto traffic signal,Crossroads,51.514638,Daylight,534580,181310,-0.061884,E01004319,1,2,0,5,Dry,Single carriageway,None,30,09:59:00,Urban,Fine no high winds,No,21 - 25,7,Urban area,1,8268,None,None,Journey as part of work,Mid Junction - on roundabout or on main road,DENNIS,,Heavy oil,Male,None,No tow/articulation,Did not leave carriageway,0,Slowing or stopping,1,Bus or coach (17 or more pass seats),No,Back,2010
201001HT20337,A,13,Unclassified,0,Slight,None,20-05-2010,Thursday,1,Give way or uncontrolled,T or staggered junction,51.51469,Daylight,534360,181310,-0.065053,E01004321,1,1,0,4,Dry,Single carriageway,None,30,18:35:00,Urban,Fine no high winds,No,21 - 25,7,Data missing or out of range,NA,2402,None,None,Journey as part of work,Approaching junction or waiting/parked at junction approach,LONDON TAXIS INT,TXII BRONZE AUTO,Heavy oil,Male,None,No tow/articulation,Did not leave carriageway,2,Going ahead other,1,Taxi/Private hire car,No,Front,2010
201001JC30147,A,112,Unclassified,0,Slight,None,13-03-2010,Saturday,1,Give way or uncontrolled,T or staggered junction,51.581448,Daylight,537390,188820,-0.018483,E01004443,1,2,0,0,Dry,Single carriageway,None,30,09:29:00,Urban,Fine no high winds,No,21 - 25,7,Urban area,1,124,None,None,Other/Not known (2005-10),Mid Junction - on roundabout or on main road,PIAGGIO,NEW SKIPPER,Petrol,Male,None,No tow/articulation,Did not leave carriageway,0,Overtaking static vehicle - offside,1,Motorcycle 125cc and under,No,Front,2010
201001JC30219,C,0,Unclassified,0,Slight,None,07-04-2010,Wednesday,1,Give way or uncontrolled,T or staggered junction,51.552369,Daylight,539080,185630,0.00463,E01004335,1,2,0,0,Dry,Single carriageway,None,30,16:36:00,Urban,Fine no high winds,No,21 - 25,7,Urban area,2,1994,None,None,Other/Not known (2005-10),Mid Junction - on roundabout or on main road,VAUXHALL,VECTRA LS DTI 16V,Heavy oil,Male,None,No tow/articulation,Did not leave carriageway,0,Going ahead other,1,Car,No,Offside,2010
201001JC30421,A,112,C,0,Slight,None,18-08-2010,Wednesday,1,Auto traffic signal,Crossroads,51.583345,Daylight,537350,189030,-0.018977,E01004397,1,1,0,5,Dry,Single carriageway,None,30,17:55:00,Urban,Fine no high winds,No,21 - 25,7,Urban area,2,1360,None,None,Other/Not known (2005-10),Cleared junction or waiting/parked at junction exit,PEUGEOT,206 VERVE,Petrol,Male,None,No tow/articulation,Did not leave carriageway,0,Going ahead other,1,Car,No,Front,2010
201001JC30457,C,0,C,0,Slight,None,10-09-2010,Friday,1,Give way or uncontrolled,Mini-roundabout,51.600494,Daylight,538510,190970,-0.00148,E01004381,1,2,0,1,Dry,Roundabout,None,30,11:36:00,Urban,Fine no high winds,No,21 - 25,7,Urban area,2,1598,None,None,Other/Not known (2005-10),Mid Junction - on roundabout or on main road,MERCEDES,A160 ELEGANCE AUTO,Petrol,Male,None,No tow/articulation,Did not leave carriageway,0,Going ahead other,1,Car,No,Front,2010
201001JI40348,B,192,Unclassified,0,Slight,None,03-06-2010,Thursday,1,Give way or uncontrolled,T or staggered junction,51.577406,Daylight,542810,188520,0.059567,E01003646,1,2,0,0,Dry,Single carriageway,None,30,18:40:00,Urban,Fine no high winds,No,21 - 25,7,Urban area,5,1360,None,None,Other/Not known (2005-10),Cleared junction or waiting/parked at junction exit,PEUGEOT,206 SE,Petrol,Male,None,No tow/articulation,Did not leave carriageway,0,U-turn,1,Car,No,Did not impact,2010
201001JI40497,A,406,Unclassified,0,Slight,None,29-07-2010,Thursday,1,Give way or uncontrolled,Slip road,51.578795,Daylight,541580,188640,0.041877,E01003795,2,4,0,0,Dry,Dual carriageway,None,50,19:30:00,Urban,Fine no high winds,No,21 - 25,7,Urban area,3,1793,None,None,Other/Not known (2005-10),Mid Junction - on roundabout or on main road,KIA,SHUMA II LX,Petrol,Male,None,No tow/articulation,Did not leave carriageway,0,Slowing or stopping,1,Car,No,Back,2010
201001KD50076,A,124,A,124,Slight,None,19-02-2010,Friday,1,Auto traffic signal,Crossroads,51.565154,Daylight,551880,187420,0.189887,E01002319,1,2,0,5,Wet or damp,One way street,None,30,06:49:00,Urban,Fine no high winds,No,21 - 25,7,Urban area,4,125,None,None,Journey as part of work,Approaching junction or waiting/parked at junction approach,APRILIA,,Petrol,Male,None,No tow/articulation,Did not leave carriageway,0,Waiting to go - held up,1,Motorcycle 125cc and under,No,Back,2010
201001KD50366,B,1335,A,1306,Slight,None,08-07-2010,Thursday,1,Give way or uncontrolled,Roundabout,51.521449,Daylight,552020,182560,0.189807,E01002370,1,2,0,0,Dry,Roundabout,None,30,19:00:00,Urban,Fine no high winds,No,21 - 25,7,Urban area,1,1985,None,None,Other/Not known (2005-10),Mid Junction - on roundabout or on main road,SAAB,9-3 AERO 210 BHP,Petrol,Male,None,No tow/articulation,Did not leave carriageway,0,Going ahead other,2,Car,No,Front,2010
201001KF60063,A,112,Unclassified,0,Slight,None,03-02-2010,Wednesday,1,Give way or uncontrolled,T or staggered junction,51.539157,Daylight,539090,184160,0.004194,E01003619,1,1,0,5,Dry,Single carriageway,None,30,12:00:00,Urban,Fine no high winds,No,21 - 25,7,Data missing or out of range,NA,8268,None,None,Journey as part of work,Mid Junction - on roundabout or on main road,DENNIS,,Heavy oil,Male,None,No tow/articulation,Did not leave carriageway,0,Slowing or stopping,1,Bus or coach (17 or more pass seats),No,Did not impact,2010
201001KF60743,A,117,B,167,Slight,None,16-11-2010,Tuesday,1,Give way or uncontrolled,T or staggered junction,51.527645,Daylight,542730,182980,0.056167,E01003527,2,2,0,0,Wet or damp,Single carriageway,None,30,15:01:00,Urban,Fine no high winds,No,21 - 25,7,Urban area,3,2477,None,None,Other/Not known (2005-10),Approaching junction or waiting/parked at junction approach,MITSUBISHI,SHOGUN SPORT WARRIOR TD,Heavy oil,Male,None,No tow/articulation,Did not leave carriageway,0,Turning left,2,Car,No,Offside,2010