Accident_Index,1st_Road_Class,1st_Road_Number,2nd_Road_Class,2nd_Road_Number,Accident_Severity,Carriageway_Hazards,Date,Day_of_Week,Did_Police_Officer_Attend_Scene_of_Accident,Junction_Control,Junction_Detail,Latitude,Light_Conditions,Location_Easting_OSGR,Location_Northing_OSGR,Longitude,LSOA_of_Accident_Location,Number_of_Casualties,Number_of_Vehicles,Pedestrian_Crossing-Human_Control,Pedestrian_Crossing-Physical_Facilities,Road_Surface_Conditions,Road_Type,Special_Conditions_at_Site,Speed_limit,Time,Urban_or_Rural_Area,Weather_Conditions,InScotland,Age_Band_of_Driver,Age_of_Vehicle,Driver_Home_Area_Type,Driver_IMD_Decile,Engine_Capacity_.CC.,Hit_Object_in_Carriageway,Hit_Object_off_Carriageway,Journey_Purpose_of_Driver,Junction_Location,make,model,Propulsion_Code,Sex_of_Driver,Skidding_and_Overturning,Towing_and_Articulation,Vehicle_Leaving_Carriageway,Vehicle_Location.Restricted_Lane,Vehicle_Manoeuvre,Vehicle_Reference,Vehicle_Type,Was_Vehicle_Left_Hand_Drive,X1st_Point_of_Impact,Year
201043R098100,A(M),329,NA,0,Slight,None,15-10-2010,Friday,1,Data missing or out of range,Not at junction or within 20 metres,51.412087,Daylight,483710,168810,-0.797737,E01016698,1,4,0,0,Wet or damp,Dual carriageway,None,70,08:20:00,Rural,Fine no high winds,No,21 - 25,7,Urban area,6,1997,None,None,Journey as part of work,Not at or within 20 metres of junction,FIAT,DUCATO 11 JTD SWB,Heavy oil,Male,Skidded,No tow/articulation,Did not leave carriageway,0,Going ahead other,1,Van / Goods 3.5 tonnes mgw or under,No,Front,2010
201043S028090,Unclassified,432,NA,0,Slight,None,10-09-2010,Friday,1,Data missing or out of range,Not at junction or within 20 metres,52.007296,Daylight,488190,235100,-0.716579,E01016712,1,1,0,0,Wet or damp,Single carriageway,None,30,15:04:00,Urban,Fine no high winds,No,21 - 25,7,Small town,7,1794,None,Entered ditch,Other/Not known (2005-10),Not at or within 20 metres of junction,TOYOTA,MR2 ROADSTER VVTI,Petrol,Male,Skidded,No tow/articulation,Offside,0,Going ahead right-hand bend,1,Car,No,Offside,2010
201043W008080,Unclassified,7111,NA,0,Slight,None,02-08-2010,Monday,1,Data missing or out of range,Not at junction or within 20 metres,51.377742,Daylight,455930,164610,-1.197794,E01016255,1,2,0,0,Dry,Single carriageway,None,30,17:20:00,Rural,Fine no high winds,No,21 - 25,7,Urban area,10,1998,None,None,Journey as part of work,Not at or within 20 metres of junction,FORD,MONDEO ZETEC TDCI,Heavy oil,Male,None,No tow/articulation,Did not leave carriageway,0,Going ahead other,1,Car,No,Front,2010
201043W068040,A,33,B,3270,Slight,None,11-04-2010,Sunday,1,Auto traffic signal,Roundabout,51.413385,Daylight,471590,168770,-0.971986,E01016441,1,2,0,0,Dry,Roundabout,Roadworks,50,09:20:00,Rural,Fine no high winds,No,21 - 25,7,Urban area,10,1388,None,None,Other/Not known (2005-10),Mid Junction - on roundabout or on main road,FORD,FIESTA BASE,Petrol,Male,None,No tow/articulation,Did not leave carriageway,0,Going ahead other,1,Car,No,Front,2010
201045EL53880,A,307,Unclassified,0,Slight,None,16-09-2010,Thursday,1,Give way or uncontrolled,Private drive or entrance,51.366349,Daylight,513630,164300,-0.369121,E01030308,1,2,0,0,Dry,Single carriageway,None,30,08:15:00,Urban,Fine no high winds,No,21 - 25,7,Urban area,8,124,None,None,Commuting to/from work,Mid Junction - on roundabout or on main road,SUZUKI,,Petrol,Male,None,No tow/articulation,Did not leave carriageway,0,Overtaking moving vehicle - offside,1,Motorcycle 125cc and under,No,Front,2010
201045GU49950,A,3,A,31,Slight,None,22-03-2010,Monday,1,Give way or uncontrolled,Slip road,51.229699,Daylight,496690,148750,-0.616587,E01030467,3,2,0,0,Dry,Dual carriageway,None,50,08:03:00,Rural,Fine no high winds,No,21 - 25,7,Urban area,1,2402,None,None,Journey as part of work,Approaching junction or waiting/parked at junction approach,FORD,TRANSIT 350 MWB TD,Heavy oil,Male,None,No tow/articulation,Did not leave carriageway,0,Changing lane to left,1,Van / Goods 3.5 tonnes mgw or under,No,Front,2010
201045GU50527,A,3,NA,0,Slight,None,21-04-2010,Wednesday,1,Data missing or out of range,Not at junction or within 20 metres,51.326042,Daylight,508300,159700,-0.447053,E01030458,6,9,0,0,Dry,Dual carriageway,None,70,07:35:00,Rural,Fine no high winds,No,21 - 25,7,Small town,8,2151,None,None,Other/Not known (2005-10),Not at or within 20 metres of junction,MERCEDES,SPRINTER 311 CDI MWB,Heavy oil,Male,None,No tow/articulation,Did not leave carriageway,0,Waiting to go - held up,2,Van / Goods 3.5 tonnes mgw or under,No,Back,2010
201045MO49541,A,24,NA,0,Slight,None,13-04-2010,Tuesday,1,Data missing or out of range,Not at junction or within 20 metres,51.236746,Daylight,517150,149960,-0.323283,E01030533,2,3,0,0,Dry,Single carriageway,None,50,13:54:00,Urban,Fine no high winds,No,21 - 25,7,Urban area,9,1870,None,None,Journey as part of work,Not at or within 20 metres of junction,RENAULT,TRAFIC SL27 DCI 100 SWB,Heavy oil,Male,Skidded,No tow/articulation,Did not leave carriageway,0,Going ahead right-hand bend,2,Van / Goods 3.5 tonnes mgw or under,No,Front,2010
201045MO54865,A,29,NA,0,Slight,None,08-10-2010,Friday,1,Data missing or out of range,Not at junction or within 20 metres,51.149502,Daylight,514770,140200,-0.360477,E01030557,1,2,0,0,Dry,Single carriageway,None,40,11:40:00,Rural,Fine no high winds,No,21 - 25,7,Rural,6,954,None,None,Journey as part of work,Not at or within 20 metres of junction,HONDA,CBR 900 RR-3,Petrol,Male,None,No tow/articulation,Did not leave carriageway,0,Going ahead other,1,Motorcycle over 500cc,No,Nearside,2010
201045RE51146,Unclassified,1040,Unclassified,1040,Slight,None,25-05-2010,Tuesday,1,Give way or uncontrolled,T or staggered junction,51.302709,Daylight,523160,157440,-0.23466,E01030609,1,2,0,0,Dry,Single carriageway,None,30,12:05:00,Urban,Fine no high winds,No,21 - 25,7,Urban area,5,NA,None,None,Journey as part of work,Approaching junction or waiting/parked at junction approach,DAF TRUCKS,FA LF45.150,Heavy oil,Male,None,No tow/articulation,Did not leave carriageway,0,Moving off,1,Goods over 3.5t. and under 7.5t,No,Front,2010
201045RE55301,B,2033,Unclassified,311,Slight,None,12-10-2010,Tuesday,2,Give way or uncontrolled,T or staggered junction,51.263061,Daylight,521120,152980,-0.265421,E01030639,1,3,0,0,Dry,Single carriageway,None,40,17:30:00,Rural,Fine no high winds,No,21 - 25,7,Small town,6,1794,None,None,Other/Not known (2005-10),Mid Junction - on roundabout or on main road,TOYOTA,CELICA VVTI,Petrol,Male,None,No tow/articulation,Did not leave carriageway,0,Going ahead other,1,Car,No,Back,2010
201045RU48844,A,30,B,3407,Slight,None,17-02-2010,Wednesday,1,Give way or uncontrolled,Roundabout,51.431726,Daylight,500610,171300,-0.554101,E01030669,2,2,0,0,Dry,Single carriageway,None,30,12:01:00,Urban,Fine no high winds,No,21 - 25,7,Urban area,9,1995,None,None,Other/Not known (2005-10),Approaching junction or waiting/parked at junction approach,BMW,318CI SE AUTO,Petrol,Male,None,No tow/articulation,Did not leave carriageway,0,Slowing or stopping,2,Car,No,Front,2010
201045RU49454,Unclassified,3196,Unclassified,3198,Slight,None,26-03-2010,Friday,1,Give way or uncontrolled,Slip road,51.394585,Daylight,499170,167140,-0.575971,E01030691,1,2,0,0,Dry,Single carriageway,None,30,07:45:00,Urban,Fine no high winds,No,21 - 25,7,Urban area,4,1587,None,None,Commuting to/from work,Mid Junction - on roundabout or on main road,PEUGEOT,307 SE AUTO,Petrol,Male,None,No tow/articulation,Did not leave carriageway,0,Turning right,1,Car,No,Offside,2010
201050BB2K044,A,30,A,38,Slight,None,22-10-2010,Friday,1,Give way or uncontrolled,Roundabout,50.459379,Daylight,208820,65650,-4.694906,E01018934,1,2,0,0,Dry,Roundabout,None,60,11:55:00,Rural,Fine no high winds,No,21 - 25,7,Small town,4,10824,None,None,Journey as part of work,Entering roundabout,ERF,,Heavy oil,Male,None,No tow/articulation,Did not leave carriageway,0,Moving off,2,Goods 7.5 tonnes mgw and over,No,Back,2010
201050BS2D001,A,388,NA,0,Slight,None,08-04-2010,Thursday,1,Not at junction or within 20 metres,Not at junction or within 20 metres,50.44254,Daylight,239890,62740,-4.256313,E01018764,2,4,0,0,Dry,Single carriageway,None,60,13:08:00,Rural,Fine no high winds,No,21 - 25,7,Small town,7,1598,None,None,Other/Not known (2005-10),Not at or within 20 metres of junction,TOYOTA,COROLLA T3 VVTI AUTO,Petrol,Male,None,No tow/articulation,Did not leave carriageway,0,Going ahead other,3,Car,No,Front,2010
201050DE2T007,Unclassified,0,NA,0,Slight,None,08-04-2010,Thursday,1,Data missing or out of range,Not at junction or within 20 metres,50.694587,Daylight,294020,89410,-3.501917,E01019970,1,3,0,0,Dry,Single carriageway,None,40,09:00:00,Rural,Fine no high winds,No,21 - 25,7,Urban area,8,1598,None,None,Journey as part of work,Not at or within 20 metres of junction,VOLKSWAGEN,GOLF MATCH,Petrol,Male,None,No tow/articulation,Did not leave carriageway,0,Slowing or stopping,1,Car,No,Front,2010
201050FP2B039,Unclassified,0,Unclassified,0,Slight,None,19-10-2010,Tuesday,2,Give way or uncontrolled,Roundabout,50.433153,Daylight,287250,60470,-3.588957,E01015194,1,2,0,0,Dry,Single carriageway,None,30,11:37:00,Urban,Fine no high winds,No,21 - 25,7,Urban area,7,3199,None,None,Other/Not known (2005-10),Approaching junction or waiting/parked at junction approach,MERCEDES,C320 SE AUTO,Petrol,Male,None,No tow/articulation,Did not leave carriageway,0,Slowing or stopping,2,Car,No,Back,2010
201050FT2B013,Unclassified,0,NA,0,Slight,None,11-06-2010,Friday,2,Not at junction or within 20 metres,Not at junction or within 20 metres,50.482559,Daylight,291330,65880,-3.533103,E01015237,2,2,0,0,Dry,Single carriageway,None,30,09:40:00,Urban,Fine no high winds,No,21 - 25,7,Urban area,4,1998,None,None,Other/Not known (2005-10),Not at or within 20 metres of junction,FORD,MONDEO LX TDCI,Heavy oil,Male,None,No tow/articulation,Did not leave carriageway,0,Going ahead other,2,Car,No,Back,2010
201050GR2B029,A,3075,Unclassified,0,Slight,None,04-09-2010,Saturday,1,Give way or uncontrolled,T or staggered junction,50.326156,Daylight,177130,52060,-5.132664,E01018843,1,2,0,0,Dry,Single carriageway,None,40,12:54:00,Rural,Fine no high winds,No,21 - 25,7,Urban area,4,1896,None,Other permanent object,Other/Not known (2005-10),Approaching junction or waiting/parked at junction approach,VOLKSWAGEN,GOLF GT TDI,Heavy oil,Male,None,No tow/articulation,Offside,0,Turning right,2,Car,No,Offside,2010
201050JG2E008,Unclassified,0,Unclassified,0,Slight,None,10-06-2010,Thursday,1,Give way or uncontrolled,Crossroads,50.638538,Daylight,295780,83140,-3.475239,E01020245,1,2,0,0,Dry,Dual carriageway,None,60,08:09:00,Rural,Fine no high winds,No,21 - 25,7,Urban area,5,599,None,None,Other/Not known (2005-10),Approaching junction or waiting/parked at junction approach,YAMAHA,FZS 600,Petrol,Male,None,No tow/articulation,Offside,0,Overtaking moving vehicle - offside,2,Motorcycle over 125cc and up to 500cc,No,Did not impact,2010
201050JO3C019,A,386,NA,0,Slight,None,23-10-2010,Saturday,1,Not at junction or within 20 metres,Not at junction or within 20 metres,50.674783,Daylight,252630,88210,-4.087107,E01020314,2,1,0,0,Wet or damp,Single carriageway,None,60,15:45:00,Rural,Fine no high winds,No,21 - 25,7,Urban area,3,1998,None,None,Other/Not known (2005-10),Not at or within 20 metres of junction,VAUXHALL,SIGNUM DESIGN T,Petrol,Male,None,No tow/articulation,Did not leave carriageway,0,Going ahead right-hand bend,1,Car,No,Front,2010
201054EG20910,A,350,C,390,Slight,None,14-06-2010,Monday,1,Give way or uncontrolled,Roundabout,51.26678,Daylight,387510,151980,-2.180426,E01032121,2,3,0,0,Wet or damp,Single carriageway,None,30,07:38:00,Rural,Fine no high winds,No,21 - 25,7,Urban area,9,1149,None,None,Journey as part of work,Approaching junction or waiting/parked at junction approach,RENAULT,CLIO DYNAMIQUE 16V,Petrol,Male,None,No tow/articulation,Did not leave carriageway,0,Waiting to go - held up,3,Car,No,Back,2010
201054EY07610,C,85,C,90,Slight,None,15-03-2010,Monday,2,Give way or uncontrolled,Mini-roundabout,51.641784,Daylight,399210,193670,-2.012829,E01031885,1,2,0,0,Dry,Roundabout,None,30,10:45:00,Rural,Fine no high winds,No,21 - 25,7,Urban area,5,998,None,None,Journey as part of work,Mid Junction - on roundabout or on main road,NISSAN,MICRA E,Petrol,Male,None,No tow/articulation,Did not leave carriageway,0,U-turn,1,Car,No,Offside,2010
20105500C0483,A,347,NA,0,Slight,None,06-02-2010,Saturday,1,Not at junction or within 20 metres,Not at junction or within 20 metres,50.736576,Daylight,408470,93010,-1.881357,E01015348,2,2,0,0,Dry,Single carriageway,None,30,13:16:00,Urban,Fine no high winds,No,21 - 25,7,Urban area,6,1299,None,None,Other/Not known (2005-10),Not at or within 20 metres of junction,FORD,KA COLLECTION,Petrol,Male,None,No tow/articulation,Did not leave carriageway,0,Going ahead other,1,Car,No,Front,2010
2010550C18817,B,3068,A,35,Slight,None,09-05-2010,Sunday,1,Auto traffic signal,Crossroads,50.725301,Daylight,402440,91750,-1.966816,E01015456,1,2,0,5,Dry,Single carriageway,None,30,17:24:00,Urban,Fine no high winds,No,21 - 25,7,Urban area,6,1994,None,None,Other/Not known (2005-10),Approaching junction or waiting/parked at junction approach,VAUXHALL,VECTRA LS DTI 16V,Heavy oil,Male,None,No tow/articulation,Did not leave carriageway,0,Waiting to go - held up,2,Car,No,Offside,2010
2010550C21516,A,350,C,0,Slight,None,26-05-2010,Wednesday,1,Auto traffic signal,T or staggered junction,50.715683,Daylight,400920,90680,-1.988353,E01015467,1,2,0,0,Dry,Single carriageway,None,30,10:42:00,Urban,Fine no high winds,No,21 - 25,7,Urban area,10,1198,None,None,Other/Not known (2005-10),Approaching junction or waiting/parked at junction approach,VOLKSWAGEN,POLO TWIST,Petrol,Male,None,No tow/articulation,Did not leave carriageway,0,Going ahead other,1,Car,No,Nearside,2010
2010550C33334,Unclassified,0,Unclassified,0,Slight,None,29-07-2010,Thursday,2,Give way or uncontrolled,T or staggered junction,50.729149,Daylight,405290,92180,-1.926433,E01015390,1,2,0,0,Dry,Single carriageway,None,30,20:20:00,Urban,Fine no high winds,No,21 - 25,7,Urban area,4,1124,None,None,Other/Not known (2005-10),Approaching junction or waiting/parked at junction approach,PEUGEOT,106 INDEPENDENCE,Petrol,Male,None,No tow/articulation,Did not leave carriageway,0,Moving off,1,Car,No,Offside,2010
2010550C41261,Unclassified,0,NA,0,Slight,None,20-09-2010,Monday,1,Not at junction or within 20 metres,Not at junction or within 20 metres,50.732674,Daylight,410650,92580,-1.850477,E01015294,1,2,0,4,Dry,Single carriageway,None,30,14:30:00,Urban,Fine no high winds,No,21 - 25,7,Urban area,2,998,None,None,Other/Not known (2005-10),Not at or within 20 metres of junction,TOYOTA,YARIS T3 MMT,Petrol,Male,None,No tow/articulation,Did not leave carriageway,0,Overtaking moving vehicle - offside,1,Car,No,Nearside,2010
2010550C46667,A,3060,Unclassified,0,Slight,None,23-10-2010,Saturday,2,Auto traffic signal,T or staggered junction,50.751009,Daylight,411170,94620,-1.843047,E01015339,1,2,0,5,Dry,Single carriageway,None,30,14:15:00,Urban,Fine no high winds,No,21 - 25,7,Urban area,4,1868,None,None,Journey as part of work,Cleared junction or waiting/parked at junction exit,CITROEN,BERLINGO 600D LX,Heavy oil,Male,None,No tow/articulation,Did not leave carriageway,0,Moving off,2,Van / Goods 3.5 tonnes mgw or under,No,Front,2010
2010550D44258,C,87,NA,0,Slight,None,08-10-2010,Friday,1,Not at junction or within 20 metres,Not at junction or within 20 metres,50.79634,Daylight,341370,99980,-2.833296,E01020506,1,2,0,0,Dry,Single carriageway,None,60,15:50:00,Rural,Fine no high winds,No,21 - 25,7,Rural,7,1870,None,None,Commuting to/from work,Not at or within 20 metres of junction,RENAULT,TRAFIC SL27 DCI 100 SWB,Heavy oil,Male,Skidded,No tow/articulation,Did not leave carriageway,0,Going ahead other,2,Van / Goods 3.5 tonnes mgw or under,No,Front,2010
201060L011700,A,541,NA,0,Slight,None,21-01-2010,Thursday,1,Data missing or out of range,Not at junction or within 20 metres,53.142678,Daylight,327270,361170,-3.088795,W01000309,1,2,0,0,Wet or damp,Single carriageway,None,30,07:30:00,Rural,Fine no high winds,No,21 - 25,7,Rural,NA,1988,None,None,Journey as part of work,Not at or within 20 metres of junction,FORD,FOCUS RS,Petrol,Male,None,No tow/articulation,Did not leave carriageway,0,Going ahead left-hand bend,2,Car,No,Offside,2010
201060L039102,A,470,NA,0,Slight,None,07-03-2010,Sunday,1,Data missing or out of range,Not at junction or within 20 metres,53.281267,Daylight,280690,377530,-3.791002,W01000161,2,2,0,0,Dry,Single carriageway,None,60,16:51:00,Rural,Fine no high winds,No,21 - 25,7,Urban area,NA,1951,None,None,Other/Not known (2005-10),Not at or within 20 metres of junction,LAND ROVER,FREELANDER KALAHARI TD4,Heavy oil,Male,None,No tow/articulation,Did not leave carriageway,0,Waiting to go - held up,2,Car,No,Back,2010
201060L079886,A,525,NA,0,Slight,None,08-05-2010,Saturday,1,Data missing or out of range,Not at junction or within 20 metres,53.120391,Daylight,311270,358960,-3.327324,W01000206,1,2,0,0,Dry,Single carriageway,None,60,12:14:00,Rural,Fine no high winds,No,21 - 25,7,Rural,NA,1396,None,None,Other/Not known (2005-10),Not at or within 20 metres of junction,MG,ZR+,Petrol,Male,Skidded,No tow/articulation,Did not leave carriageway,0,Going ahead other,1,Car,No,Front,2010
201060L135763,A,5104,NA,0,Slight,None,25-07-2010,Sunday,1,Data missing or out of range,Not at junction or within 20 metres,53.179241,Daylight,338530,365080,-2.921233,W01000330,5,2,0,0,Dry,Single carriageway,None,30,10:35:00,Urban,Fine no high winds,No,21 - 25,7,Urban area,1,1587,None,None,Other/Not known (2005-10),Not at or within 20 metres of junction,PEUGEOT,206 GLX,Petrol,Male,None,No tow/articulation,Did not leave carriageway,0,Slowing or stopping,2,Car,No,Back,2010
201060L180733,B,4501,NA,0,Slight,None,27-09-2010,Monday,1,Data missing or out of range,Not at junction or within 20 metres,53.054401,Daylight,296170,351920,-3.550598,W01000190,1,1,0,0,Wet or damp,Single carriageway,None,60,17:45:00,Rural,Fine no high winds,No,21 - 25,7,Small town,NA,1086,None,Other permanent object,Other/Not known (2005-10),Not at or within 20 metres of junction,HYUNDAI,GETZ GSI,Petrol,Male,None,No tow/articulation,Offside,0,Going ahead left-hand bend,1,Car,No,Front,2010
201060L198621,B,4407,NA,0,Slight,None,25-10-2010,Monday,1,Data missing or out of range,Not at junction or within 20 metres,53.043336,Daylight,285550,350930,-3.708623,W01000189,2,2,0,0,Dry,Single carriageway,None,60,18:03:00,Rural,Fine no high winds,No,21 - 25,7,Rural,NA,993,None,None,Other/Not known (2005-10),Not at or within 20 metres of junction,SUZUKI,SWIFT GLS,Petrol,Male,Skidded,No tow/articulation,Did not leave carriageway,0,Going ahead right-hand bend,1,Car,No,Front,2010
201001EO40451,A,5203,Unclassified,0,Slight,None,04-08-2010,Wednesday,1,Give way or uncontrolled,T or staggered junction,51.552781,Daylight,530580,185450,-0.117963,E01002767,1,2,0,0,Dry,Single carriageway,None,30,16:30:00,Urban,Fine no high winds,No,21 - 25,7,Urban area,2,1796,None,None,Other/Not known (2005-10),Approaching junction or waiting/parked at junction approach,MERCEDES,C180 KOMP. ELEGANCE SE A,Petrol,Male,None,No tow/articulation,Did not leave carriageway,0,Overtaking moving vehicle - offside,1,Car,No,Nearside,2010
201001FH10195,A,402,Unclassified,0,Slight,None,17-04-2010,Saturday,1,Auto traffic signal,T or staggered junction,51.503844,Daylight,523600,179830,-0.220557,E01001943,2,3,0,5,Dry,One way street,None,30,17:55:00,Urban,Fine no high winds,No,21 - 25,7,Urban area,5,124,None,None,Other/Not known (2005-10),Approaching junction or waiting/parked at junction approach,PIAGGIO,VESPA ET4,Petrol,Male,None,No tow/articulation,Did not leave carriageway,0,Waiting to go - held up,2,Motorcycle 50cc and under,No,Back,2010
201001GD10257,A,107,A,104,Slight,None,22-04-2010,Thursday,1,Give way or uncontrolled,Roundabout,51.558692,Daylight,534870,186220,-0.055828,E01001792,1,1,0,0,Dry,Roundabout,None,30,18:45:00,Urban,Fine no high winds,No,21 - 25,7,Data missing or out of range,NA,7300,None,None,Journey as part of work,Mid Junction - on roundabout or on main road,VOLVO,,Heavy oil,Male,None,No tow/articulation,Did not leave carriageway,0,Moving off,1,Bus or coach (17 or more pass seats),No,Did not impact,2010
201001HT20095,A,107,B,135,Slight,None,19-02-2010,Friday,2,Auto traffic signal,T or staggered junction,51.527213,Daylight,534980,182720,-0.055583,E01004212,1,1,0,5,Dry,Single carriageway,None,30,16:12:00,Urban,Fine no high winds,No,21 - 25,7,Urban area,2,7300,None,None,Journey as part of work,Approaching junction or waiting/parked at junction approach,VOLVO,,Heavy oil,Male,None,No tow/articulation,Did not leave carriageway,0,Slowing or stopping,1,Bus or coach (17 or more pass seats),No,Did not impact,2010
201001HT20280,A,11,C,0,Slight,None,03-05-2010,Monday,1,Give way or uncontrolled,T or staggered junction,51.5224,Daylight,535940,182210,-0.04195,E01004261,1,2,0,4,Dry,Single carriageway,None,30,14:49:00,Urban,Fine no high winds,No,21 - 25,7,Urban area,2,1596,None,None,Other/Not known (2005-10),Approaching junction or waiting/parked at junction approach,FORD,FOCUS ELLE,Petrol,Male,None,No tow/articulation,Did not leave carriageway,2,Going ahead other,2,Car,No,Front,2010
201001HT20310,B,108,A,13,Slight,None,12-05-2010,Wednesday,1,Auto traffic signal,Crossroads,51.514638,Daylight,534580,181310,-0.061884,E01004319,1,2,0,5,Dry,Single carriageway,None,30,09:59:00,Urban,Fine no high winds,No,21 - 25,7,Urban area,1,8268,None,None,Journey as part of work,Mid Junction - on roundabout or on main road,DENNIS,,Heavy oil,Male,None,No tow/articulation,Did not leave carriageway,0,Slowing or stopping,1,Bus or coach (17 or more pass seats),No,Back,2010
201001HT20337,A,13,Unclassified,0,Slight,None,20-05-2010,Thursday,1,Give way or uncontrolled,T or staggered junction,51.51469,Daylight,534360,181310,-0.065053,E01004321,1,1,0,4,Dry,Single carriageway,None,30,18:35:00,Urban,Fine no high winds,No,21 - 25,7,Data missing or out of range,NA,2402,None,None,Journey as part of work,Approaching junction or waiting/parked at junction approach,LONDON TAXIS INT,TXII BRONZE AUTO,Heavy oil,Male,None,No tow/articulation,Did not leave carriageway,2,Going ahead other,1,Taxi/Private hire car,No,Front,2010
201001JC30147,A,112,Unclassified,0,Slight,None,13-03-2010,Saturday,1,Give way or uncontrolled,T or staggered junction,51.581448,Daylight,537390,188820,-0.018483,E01004443,1,2,0,0,Dry,Single carriageway,None,30,09:29:00,Urban,Fine no high winds,No,21 - 25,7,Urban area,1,124,None,None,Other/Not known (2005-10),Mid Junction - on roundabout or on main road,PIAGGIO,NEW SKIPPER,Petrol,Male,None,No tow/articulation,Did not leave carriageway,0,Overtaking static vehicle - offside,1,Motorcycle 125cc and under,No,Front,2010
201001JC30219,C,0,Unclassified,0,Slight,None,07-04-2010,Wednesday,1,Give way or uncontrolled,T or staggered junction,51.552369,Daylight,539080,185630,0.00463,E01004335,1,2,0,0,Dry,Single carriageway,None,30,16:36:00,Urban,Fine no high winds,No,21 - 25,7,Urban area,2,1994,None,None,Other/Not known (2005-10),Mid Junction - on roundabout or on main road,VAUXHALL,VECTRA LS DTI 16V,Heavy oil,Male,None,No tow/articulation,Did not leave carriageway,0,Going ahead other,1,Car,No,Offside,2010
201001JC30421,A,112,C,0,Slight,None,18-08-2010,Wednesday,1,Auto traffic signal,Crossroads,51.583345,Daylight,537350,189030,-0.018977,E01004397,1,1,0,5,Dry,Single carriageway,None,30,17:55:00,Urban,Fine no high winds,No,21 - 25,7,Urban area,2,1360,None,None,Other/Not known (2005-10),Cleared junction or waiting/parked at junction exit,PEUGEOT,206 VERVE,Petrol,Male,None,No tow/articulation,Did not leave carriageway,0,Going ahead other,1,Car,No,Front,2010
201001JC30457,C,0,C,0,Slight,None,10-09-2010,Friday,1,Give way or uncontrolled,Mini-roundabout,51.600494,Daylight,538510,190970,-0.00148,E01004381,1,2,0,1,Dry,Roundabout,None,30,11:36:00,Urban,Fine no high winds,No,21 - 25,7,Urban area,2,1598,None,None,Other/Not known (2005-10),Mid Junction - on roundabout or on main road,MERCEDES,A160 ELEGANCE AUTO,Petrol,Male,None,No tow/articulation,Did not leave carriageway,0,Going ahead other,1,Car,No,Front,2010
201001JI40348,B,192,Unclassified,0,Slight,None,03-06-2010,Thursday,1,Give way or uncontrolled,T or staggered junction,51.577406,Daylight,542810,188520,0.059567,E01003646,1,2,0,0,Dry,Single carriageway,None,30,18:40:00,Urban,Fine no high winds,No,21 - 25,7,Urban area,5,1360,None,None,Other/Not known (2005-10),Cleared junction or waiting/parked at junction exit,PEUGEOT,206 SE,Petrol,Male,None,No tow/articulation,Did not leave carriageway,0,U-turn,1,Car,No,Did not impact,2010
201001JI40497,A,406,Unclassified,0,Slight,None,29-07-2010,Thursday,1,Give way or uncontrolled,Slip road,51.578795,Daylight,541580,188640,0.041877,E01003795,2,4,0,0,Dry,Dual carriageway,None,50,19:30:00,Urban,Fine no high winds,No,21 - 25,7,Urban area,3,1793,None,None,Other/Not known (2005-10),Mid Junction - on roundabout or on main road,KIA,SHUMA II LX,Petrol,Male,None,No tow/articulation,Did not leave carriageway,0,Slowing or stopping,1,Car,No,Back,2010
201001KD50076,A,124,A,124,Slight,None,19-02-2010,Friday,1,Auto traffic signal,Crossroads,51.565154,Daylight,551880,187420,0.189887,E01002319,1,2,0,5,Wet or damp,One way street,None,30,06:49:00,Urban,Fine no high winds,No,21 - 25,7,Urban area,4,125,None,None,Journey as part of work,Approaching junction or waiting/parked at junction approach,APRILIA,,Petrol,Male,None,No tow/articulation,Did not leave carriageway,0,Waiting to go - held up,1,Motorcycle 125cc and under,No,Back,2010
201001KD50366,B,1335,A,1306,Slight,None,08-07-2010,Thursday,1,Give way or uncontrolled,Roundabout,51.521449,Daylight,552020,182560,0.189807,E01002370,1,2,0,0,Dry,Roundabout,None,30,19:00:00,Urban,Fine no high winds,No,21 - 25,7,Urban area,1,1985,None,None,Other/Not known (2005-10),Mid Junction - on roundabout or on main road,SAAB,9-3 AERO 210 BHP,Petrol,Male,None,No tow/articulation,Did not leave carriageway,0,Going ahead other,2,Car,No,Front,2010
201001KF60063,A,112,Unclassified,0,Slight,None,03-02-2010,Wednesday,1,Give way or uncontrolled,T or staggered junction,51.539157,Daylight,539090,184160,0.004194,E01003619,1,1,0,5,Dry,Single carriageway,None,30,12:00:00,Urban,Fine no high winds,No,21 - 25,7,Data missing or out of range,NA,8268,None,None,Journey as part of work,Mid Junction - on roundabout or on main road,DENNIS,,Heavy oil,Male,None,No tow/articulation,Did not leave carriageway,0,Slowing or stopping,1,Bus or coach (17 or more pass seats),No,Did not impact,2010
201001KF60743,A,117,B,167,Slight,None,16-11-2010,Tuesday,1,Give way or uncontrolled,T or staggered junction,51.527645,Daylight,542730,182980,0.056167,E01003527,2,2,0,0,Wet or damp,Single carriageway,None,30,15:01:00,Urban,Fine no high winds,No,21 - 25,7,Urban area,3,2477,None,None,Other/Not known (2005-10),Approaching junction or waiting/parked at junction approach,MITSUBISHI,SHOGUN SPORT WARRIOR TD,Heavy oil,Male,None,No tow/articulation,Did not leave carriageway,0,Turning left,2,Car,No,Offside,2010