Accident_Index,1st_Road_Class,1st_Road_Number,2nd_Road_Class,2nd_Road_Number,Accident_Severity,Carriageway_Hazards,Date,Day_of_Week,Did_Police_Officer_Attend_Scene_of_Accident,Junction_Control,Junction_Detail,Latitude,Light_Conditions,Location_Easting_OSGR,Location_Northing_OSGR,Longitude,LSOA_of_Accident_Location,Number_of_Casualties,Number_of_Vehicles,Pedestrian_Crossing-Human_Control,Pedestrian_Crossing-Physical_Facilities,Road_Surface_Conditions,Road_Type,Special_Conditions_at_Site,Speed_limit,Time,Urban_or_Rural_Area,Weather_Conditions,InScotland,Age_Band_of_Driver,Age_of_Vehicle,Driver_Home_Area_Type,Driver_IMD_Decile,Engine_Capacity_.CC.,Hit_Object_in_Carriageway,Hit_Object_off_Carriageway,Journey_Purpose_of_Driver,Junction_Location,make,model,Propulsion_Code,Sex_of_Driver,Skidding_and_Overturning,Towing_and_Articulation,Vehicle_Leaving_Carriageway,Vehicle_Location.Restricted_Lane,Vehicle_Manoeuvre,Vehicle_Reference,Vehicle_Type,Was_Vehicle_Left_Hand_Drive,X1st_Point_of_Impact,Year
201004EA10165,Unclassified,0,Unclassified,0,Slight,None,26-06-2010,Saturday,1,Give way or uncontrolled,T or staggered junction,53.728772,Daylight,366520,425940,-2.508945,E01012620,2,2,0,0,Dry,Dual carriageway,None,30,21:30:00,Urban,Fine no high winds,No,21 - 25,7,Urban area,1,1995,None,None,Other/Not known (2005-10),Entering main road,BMW,318 TI SE COMPACT,Petrol,Male,None,No tow/articulation,Did not leave carriageway,0,Turning left,1,Car,No,Front,2010
201004EA10190,Unclassified,0,Unclassified,0,Slight,None,23-07-2010,Friday,1,Give way or uncontrolled,Roundabout,53.739682,Daylight,368510,427140,-2.478906,E01012629,1,2,0,0,Dry,Roundabout,None,30,18:18:00,Urban,Fine no high winds,No,21 - 25,7,Urban area,1,1796,None,None,Other/Not known (2005-10),Leaving roundabout,FORD,FOCUS MP3,Petrol,Male,None,No tow/articulation,Did not leave carriageway,0,Turning right,2,Car,No,Front,2010
201004FA10064,Unclassified,0,Unclassified,0,Slight,None,02-06-2010,Wednesday,1,Give way or uncontrolled,Crossroads,53.803342,Daylight,385190,434140,-2.22636,E01024893,1,2,0,0,Dry,Single carriageway,None,30,18:25:00,Urban,Fine no high winds,No,21 - 25,7,Urban area,2,1124,None,None,Other/Not known (2005-10),Mid Junction - on roundabout or on main road,CITROEN,SAXO FORTE,Petrol,Male,None,No tow/articulation,Did not leave carriageway,0,Moving off,1,Car,No,Front,2010
201004FE10077,B,6251,B,6252,Slight,None,15-11-2010,Monday,1,Give way or uncontrolled,Mini-roundabout,53.918814,Daylight,387700,446980,-2.188767,E01025192,1,1,0,1,Wet or damp,Single carriageway,None,30,08:00:00,Urban,Fine no high winds,No,21 - 25,7,Urban area,3,1997,None,None,Commuting to/from work,Entering main road,PEUGEOT,BOXER 250 L SWB HDI,Heavy oil,Male,None,No tow/articulation,Did not leave carriageway,0,Going ahead other,1,Van / Goods 3.5 tonnes mgw or under,No,Front,2010
201004TA10077,Motorway,65,Motorway,65,Slight,None,01-05-2010,Saturday,1,Give way or uncontrolled,Slip road,53.784208,Daylight,380140,432030,-2.302902,E01024888,2,2,0,0,Dry,Dual carriageway,None,70,12:42:00,Rural,Fine no high winds,No,21 - 25,7,Urban area,2,1995,None,Near/Offside crash barrier,Commuting to/from work,Mid Junction - on roundabout or on main road,VAUXHALL,VECTRA ACTIVE DTI,Heavy oil,Male,Skidded,No tow/articulation,Nearside,0,Going ahead other,1,Car,No,Nearside,2010
201005AA01619,B,5148,Unclassified,0,Slight,None,23-01-2010,Saturday,1,Give way or uncontrolled,T or staggered junction,53.385584,Daylight,331820,388130,-3.026571,E01007130,1,3,0,0,Dry,Single carriageway,None,30,10:20:00,Urban,Fine no high winds,No,21 - 25,7,Urban area,2,1493,None,None,Other/Not known (2005-10),Mid Junction - on roundabout or on main road,KIA,RIO SE,Petrol,Male,None,No tow/articulation,Did not leave carriageway,0,Going ahead other,2,Car,No,Front,2010
201045EL51442,C,42,NA,0,Slight,None,19-11-2020,Wednesday,1,Data missing or out of range,Not at junction or within 20 metres,14.75646565,Darkness - lights lit,510690,158290,78.50106269,E01030302,1,1,0,0,Dry,Single carriageway,None,30,00:21:00,Rural,Fine no high winds,No,16 - 20,6,Urban area,10,1149,Kerb,Other permanent object,Other/Not known (2005-10),Not at or within 20 metres of junction,RENAULT,CLIO DYNAMIQUE 16V,Petrol,Male,Skidded and overturned,No tow/articulation,Offside,0,Going ahead right-hand bend,1,Car,No,Nearside,2019
201050EP2G012,Unclassified,0,Unclassified,0,Slight,None,08-07-2019,Saturday,1,Give way or uncontrolled,T or staggered junction,27.09426257,Darkness - lights lit,254860,56540,93.61867944,E01015108,1,2,0,0,Dry,Single carriageway,None,30,18:40:00,Urban,Fine no high winds,No,16 - 20,6,Data missing or out of range,NA,2446,None,None,Other/Not known (2005-10),Approaching junction or waiting/parked at junction approach,FIAT,STILO ABARTH,Petrol,Male,None,No tow/articulation,Did not leave carriageway,0,Turning right,1,Car,No,Front,2019
201043W209070,Unclassified,7201,NA,0,Slight,Other object on road,11-01-2021,Friday,1,Data missing or out of range,Not at junction or within 20 metres,27.10536866,Darkness - lights lit,468830,173040,93.61008645,E01016395,1,1,0,4,Dry,Single carriageway,Roadworks,30,22:26:00,Urban,Fine no high winds,No,16 - 20,6,Urban area,7,100,None,Road sign or traffic signal,Other/Not known (2005-10),Not at or within 20 metres of junction,PEUGEOT,SPEEDFIGHT 100,Petrol,Male,None,No tow/articulation,Nearside,0,Going ahead other,1,Motorcycle 50cc and under,No,Front,2019
201037L018044,B,1532,Unclassified,9073,Slight,None,05-03-2021,Monday,1,Give way or uncontrolled,T or staggered junction,26.73685905,Darkness - lights lit,653760,290850,94.21934828,E01030275,1,3,0,0,Dry,Single carriageway,None,30,20:45:00,Urban,Fine no high winds,No,16 - 20,6,Data missing or out of range,NA,124,Parked vehicle,None,Other/Not known (2005-10),Cleared junction or waiting/parked at junction exit,HONDA,FES 125-3,Petrol,Male,Skidded,No tow/articulation,Did not leave carriageway,0,Going ahead other,1,Motorcycle 125cc and under,No,Front,2019
201050EL2C019,Unclassified,0,Unclassified,0,Slight,None,23-10-2020,Friday,1,Give way or uncontrolled,T or staggered junction,25.76501731,Darkness - lights lit,249770,56580,87.48900306,E01015058,1,2,0,0,Dry,Single carriageway,None,30,22:58:00,Urban,Fine no high winds,No,16 - 20,6,Urban area,2,49,None,None,Other/Not known (2005-10),Approaching junction or waiting/parked at junction approach,PIAGGIO,NRG,Petrol,Male,None,No tow/articulation,Offside,0,Going ahead other,2,Motorcycle 50cc and under,No,Front,2019
20104100C0399,C,77,Unclassified,599,Slight,None,22-09-2020,Friday,1,Give way or uncontrolled,Mini-roundabout,25.77657745,Darkness - lights lit,509920,201480,87.47309994,E01023833,1,2,0,0,Dry,Roundabout,None,30,00:33:00,Urban,Fine no high winds,No,16 - 20,6,Urban area,10,599,None,None,Other/Not known (2005-10),Mid Junction - on roundabout or on main road,YAMAHA,YZF R6 04,Petrol,Male,Skidded,No tow/articulation,Did not leave carriageway,0,Going ahead other,2,Motorcycle over 500cc,No,Front,2019
201045SP54218,C,235,Unclassified,6260,Slight,None,02-06-2020,Thursday,1,Give way or uncontrolled,T or staggered junction,22.05637641,Darkness - lights lit,508030,170330,82.16544899,E01030721,1,2,0,1,Frost or ice,Single carriageway,None,40,21:00:00,Rural,Fine no high winds,No,16 - 20,6,Urban area,7,636,None,None,Other/Not known (2005-10),Cleared junction or waiting/parked at junction exit,KAWASAKI,ZX636 B1H,Petrol,Male,None,No tow/articulation,Did not leave carriageway,0,Turning right,2,Motorcycle over 500cc,No,Offside,2019
201043R154050,A,4,NA,0,Slight,None,27-03-2019,Friday,1,Data missing or out of range,Not at junction or within 20 metres,15.25324525,Darkness - lights lit,488930,181410,73.95893134,E01016590,1,1,0,0,Dry,Dual carriageway,None,40,22:50:00,Urban,Fine no high winds,No,16 - 20,6,Urban area,4,1396,Kerb,Central crash barrier,Other/Not known (2005-10),Not at or within 20 metres of junction,MG,ZR 105,Petrol,Male,Skidded,No tow/articulation,Offside on to centrl res + rebounded,0,Going ahead other,1,Car,No,Front,2019
201042I280209,A,1023,NA,0,Slight,None,25-07-2021,Friday,1,Not at junction or within 20 metres,Not at junction or within 20 metres,15.30502987,Darkness - lights lit,562230,196600,73.99135604,E01021467,2,2,0,0,Dry,Single carriageway,None,30,20:50:00,Rural,Fine no high winds,No,16 - 20,6,Urban area,10,998,None,None,Other/Not known (2005-10),Not at or within 20 metres of junction,VAUXHALL,CORSA ENERGY TWINPORT,Petrol,Male,None,No tow/articulation,Did not leave carriageway,0,Overtaking static vehicle - offside,1,Car,No,Front,2019
201043N048090,A,40,Unclassified,5809,Slight,None,10-08-2020,Thursday,1,Auto traffic signal,Crossroads,15.21926734,Darkness - lights lit,485830,193520,74.06084521,E01017905,3,2,0,4,Dry,Single carriageway,None,30,21:03:00,Urban,Fine no high winds,No,16 - 20,6,Urban area,4,1461,None,None,Other/Not known (2005-10),Mid Junction - on roundabout or on main road,RENAULT,MEGANE EXPRESSION DCI 80,Heavy oil,Male,None,No tow/articulation,Did not leave carriageway,0,Going ahead other,2,Car,No,Front,2019
201042I042502,B,1002,NA,0,Slight,None,01-04-2020,Thursday,1,Not at junction or within 20 metres,Not at junction or within 20 metres,22.98329289,Darkness - lights lit,566850,201600,72.54804446,E01021602,2,2,0,0,Dry,Single carriageway,None,40,19:20:00,Rural,Fine no high winds,No,16 - 20,6,Urban area,7,1124,None,None,Other/Not known (2005-10),Not at or within 20 metres of junction,PEUGEOT,206 FEVER,Petrol,Male,None,No tow/articulation,Did not leave carriageway,0,Moving off,1,Car,No,Front,2019
201043W180010,A,327,NA,,Slight,None,18-05-2019,Sunday,1,Give way or uncontrolled,Private drive or entrance,12.98111163,Darkness - lights lit,473790,167840,77.54384153,E01016681,1,2,0,0,Dry,Single carriageway,None,60,22:28:00,Urban,Fine no high winds,No,16 - 20,6,Urban area,10,1896,None,None,Other/Not known (2005-10),Mid Junction - on roundabout or on main road,SKODA,FABIA VRS TDI PD 130,Heavy oil,Male,None,No tow/articulation,Did not leave carriageway,0,Going ahead other,2,Car,No,Front,2020
201034WS37100,C,184,Unclassified,4802,Slight,None,14-08-2019,Friday,1,Auto traffic signal,Crossroads,8.884853907,Darkness - lights lit,458830,237460,76.68818577,E01027264,1,2,0,0,Dry,Single carriageway,None,30,19:15:00,Urban,Fine no high winds,No,16 - 20,6,Urban area,10,1242,None,None,Other/Not known (2005-10),Approaching junction or waiting/parked at junction approach,FIAT,PUNTO ACTIVE 8V,Petrol,Male,None,No tow/articulation,Did not leave carriageway,0,Waiting to go - held up,2,Car,No,Back,2020
201054ES41310,Unclassified,0,Unclassified,0,Slight,None,13-07-2021,Friday,1,Stop sign,Crossroads,22.7296259,Darkness - lights lit,414690,130040,75.88122422,E01032014,1,2,0,0,Wet or damp,Single carriageway,None,30,20:20:00,Urban,Fine no high winds,No,16 - 20,6,Rural,9,1896,None,Other permanent object,Other/Not known (2005-10),Mid Junction - on roundabout or on main road,VOLKSWAGEN,GOLF TDI S,Heavy oil,Male,None,No tow/articulation,Offside,0,Going ahead other,2,Car,No,Nearside,2020
201037B046180,Unclassified,9999,Unclassified,0,Slight,None,26-08-2020,Friday,1,Give way or uncontrolled,Private drive or entrance,26.46990678,Darkness - lights lit,566460,244510,74.63253757,E01030114,3,2,0,0,Wet or damp,Single carriageway,None,30,16:55:00,Rural,Fine no high winds,No,16 - 20,6,Urban area,7,1396,None,Other permanent object,Other/Not known (2005-10),Approaching junction or waiting/parked at junction approach,MG,ZR+,Petrol,Male,Skidded,No tow/articulation,Offside,0,Going ahead right-hand bend,1,Car,No,Nearside,2020
201050DE2J039,Unclassified,0,Unclassified,0,Slight,None,11-08-2020,Monday,1,Give way or uncontrolled,T or staggered junction,28.70351038,Darkness - lights lit,293250,93270,77.29569074,E01019994,1,3,0,0,Dry,Single carriageway,None,30,19:30:00,Urban,Fine no high winds,No,16 - 20,6,Data missing or out of range,NA,1299,None,None,Other/Not known (2005-10),Approaching junction or waiting/parked at junction approach,FORD,KA,Petrol,Male,None,No tow/articulation,Did not leave carriageway,0,Turning right,1,Car,No,Front,2020
201042I421212,Unclassified,0,Unclassified,0,Slight,None,13-01-2021,Thursday,1,Auto traffic signal,Crossroads,28.57350986,Darkness - lights lit,586860,185610,77.10945223,E01015855,2,2,0,4,Dry,Single carriageway,None,30,17:39:00,Urban,Fine no high winds,No,16 - 20,6,Urban area,8,998,None,None,Other/Not known (2005-10),Approaching junction or waiting/parked at junction approach,VAUXHALL,CORSA LIFE TWINPORT,Petrol,Male,None,No tow/articulation,Did not leave carriageway,0,Turning right,2,Car,No,Front,2021
201043S074040,A,422,A,5,Slight,None,27-08-2021,Friday,1,Give way or uncontrolled,Slip road,18.60299274,Darkness - lights lit,481950,239420,73.73781686,E01016816,1,1,0,0,Dry,Slip road,None,70,00:38:00,Urban,Fine no high winds,No,16 - 20,6,Rural,9,1149,None,Entered ditch,Other/Not known (2005-10),Leaving roundabout,RENAULT,CLIO EXTREME 3 16V,Petrol,Male,Skidded,No tow/articulation,Nearside,0,Turning left,1,Car,No,Front,2021
201045EL47839,Unclassified,6858,NA,0,Slight,None,02-11-2020,Friday,1,Data missing or out of range,Not at junction or within 20 metres,19.07017233,Darkness - lights lit,512500,160890,72.85076708,E01030305,1,1,0,0,Snow,Single carriageway,None,30,05:00:00,Urban,Fine no high winds,No,16 - 20,6,Data missing or out of range,NA,1598,None,Entered ditch,Other/Not known (2005-10),Not at or within 20 metres of junction,MINI,MINI ONE,Petrol,Male,Skidded and overturned,No tow/articulation,Nearside,0,Going ahead other,1,Car,No,Front,2021
201043R223060,A,321,A,331,Slight,None,20-12-2021,Tuesday,1,Auto traffic signal,Roundabout,19.1796642,Darkness - lights lit,485450,160000,72.89805284,E01016196,1,2,0,0,Dry,Roundabout,None,30,01:50:00,Rural,Fine no high winds,No,16 - 20,6,Urban area,10,1149,None,None,Other/Not known (2005-10),Mid Junction - on roundabout or on main road,RENAULT,CLIO DYNAMIQUE 16V,Petrol,Male,None,No tow/articulation,Did not leave carriageway,0,Changing lane to right,1,Car,No,Back,2021
201042I060003,Unclassified,0,Unclassified,0,Slight,None,31-03-2020,Tuesday,2,Give way or uncontrolled,T or staggered junction,19.20565533,Darkness - lights lit,545350,209040,72.85283263,E01021870,4,2,0,0,Dry,Single carriageway,None,30,21:00:00,Urban,Fine no high winds,No,16 - 20,6,Urban area,10,1149,None,None,Other/Not known (2005-10),Approaching junction or waiting/parked at junction approach,RENAULT,CLIO DYNAMIQUE 16V,Petrol,Male,None,No tow/articulation,Did not leave carriageway,0,Going ahead other,2,Car,No,Back,2021
201043W018010,Unclassified,7517,NA,0,Slight,None,23-12-2019,Friday,2,Data missing or out of range,Not at junction or within 20 metres,19.19630703,Darkness - lights lit,476550,173870,72.91678578,E01016624,1,1,0,4,Dry,Single carriageway,None,30,01:30:00,Urban,Fine no high winds,No,16 - 20,6,Urban area,10,1398,None,None,Other/Not known (2005-10),Not at or within 20 metres of junction,CITROEN,C3 XTR HDI,Heavy oil,Male,None,No tow/articulation,Did not leave carriageway,0,Going ahead other,1,Car,No,Offside,2021
201001EO40217,Unclassified,0,A,103,Slight,None,28-04-2010,Wednesday,1,Give way or uncontrolled,T or staggered junction,51.555552,Darkness - lights lit,531030,185770,-0.111357,E01002751,1,3,0,0,Dry,Single carriageway,None,30,23:50:00,Urban,Fine no high winds,No,16 - 20,6,Urban area,8,1870,None,None,Other/Not known (2005-10),Mid Junction - on roundabout or on main road,RENAULT,MEGANE DYNAMIQUE DCI 120,Heavy oil,Male,None,No tow/articulation,Did not leave carriageway,0,Slowing or stopping,3,Car,No,Front,2010
201001HT20316,C,0,A,13,Slight,None,06-05-2010,Thursday,2,Auto traffic signal,Crossroads,51.514048,Darkness - lights lit,535170,181260,-0.053406,E01004298,1,2,0,5,Dry,Single carriageway,None,30,23:30:00,Urban,Fine no high winds,No,16 - 20,6,Urban area,4,125,None,None,Other/Not known (2005-10),Mid Junction - on roundabout or on main road,HONDA,SES 125-4,Petrol,Male,None,No tow/articulation,Did not leave carriageway,0,Waiting to go - held up,1,Motorcycle 125cc and under,No,Front,2010
201001KD50193,A,124,C,0,Slight,None,19-04-2010,Monday,2,Auto traffic signal,T or staggered junction,51.562837,Darkness - lights lit,553470,187210,0.212717,E01002361,1,2,0,5,Dry,Single carriageway,None,30,23:55:00,Urban,Fine no high winds,No,16 - 20,6,Urban area,10,1390,None,None,Journey as part of work,Approaching junction or waiting/parked at junction approach,RENAULT,MEGANE DYNAMIQUE 16V,Petrol,Male,None,No tow/articulation,Did not leave carriageway,0,Moving off,1,Car,No,Back,2010
201001KF60445,A,124,NA,0,Slight,None,20-07-2010,Tuesday,1,Data missing or out of range,Not at junction or within 20 metres,51.533216,Darkness - lights lit,542730,183600,0.056418,E01003523,1,1,0,1,Dry,Single carriageway,Roadworks,30,23:47:00,Urban,Fine no high winds,No,16 - 20,6,Urban area,1,1242,Road works,None,Journey as part of work,Not at or within 20 metres of junction,FIAT,PUNTO ACTIVE 8V,Petrol,Male,None,No tow/articulation,Did not leave carriageway,2,Going ahead other,1,Taxi/Private hire car,No,Nearside,2010
201001KG70115,A,1240,C,0,Slight,None,11-04-2010,Sunday,2,Auto traffic signal,Crossroads,51.542909,Darkness - lights lit,549040,184860,0.147859,E01000013,1,2,0,5,Dry,Single carriageway,None,30,21:30:00,Urban,Fine no high winds,No,16 - 20,6,Urban area,2,1998,None,None,Other/Not known (2005-10),Mid Junction - on roundabout or on main road,HONDA,CR-V I-VTEC SE SPORT AUTO,Petrol,Male,None,No tow/articulation,Did not leave carriageway,0,Slowing or stopping,1,Car,No,Back,2010
201001PY20743,Unclassified,0,Unclassified,0,Slight,None,27-12-2010,Monday,1,Give way or uncontrolled,T or staggered junction,51.37231,Darkness - lights lit,540440,165630,0.016295,E01000765,1,1,0,0,Wet or damp,Single carriageway,None,30,05:40:00,Urban,Fine no high winds,No,16 - 20,6,Urban area,9,1149,Kerb,None,Other/Not known (2005-10),Approaching junction or waiting/parked at junction approach,RENAULT,CLIO DYNAMIQUE 16V,Petrol,Male,Overturned,No tow/articulation,Did not leave carriageway,0,Going ahead other,1,Car,No,Front,2010
201001SX20784,A,502,A,504,Slight,None,23-07-2010,Friday,1,Auto traffic signal,Crossroads,51.58965,Darkness - lights lit,523290,189370,-0.221681,E01000243,1,2,0,0,Dry,Single carriageway,None,30,21:45:00,Urban,Fine no high winds,No,16 - 20,6,Urban area,5,125,None,None,Other/Not known (2005-10),Mid Junction - on roundabout or on main road,HONDA,ANF 125-3,Petrol,Male,None,No tow/articulation,Did not leave carriageway,0,Turning right,2,Motorcycle 125cc and under,No,Front,2010
201001SX21347,A,41,C,0,Slight,None,27-12-2010,Monday,1,Auto traffic signal,Crossroads,51.582541,Darkness - lights lit,522920,188570,-0.227299,E01000310,1,2,0,5,Dry,Dual carriageway,None,40,21:13:00,Urban,Fine no high winds,No,16 - 20,6,Urban area,5,1997,None,None,Other/Not known (2005-10),Mid Junction - on roundabout or on main road,PEUGEOT,807 EXECUTIVE HDI,Heavy oil,Male,None,No tow/articulation,Did not leave carriageway,0,Going ahead other,1,Car,No,Front,2010
201034WS37100,C,184,Unclassified,4802,Slight,None,17-09-2010,Friday,1,Auto traffic signal,Crossroads,52.032396,Darkness - lights lit,458830,237460,-1.143857,E01027264,1,2,0,0,Dry,Single carriageway,None,30,19:15:00,Urban,Fine no high winds,No,16 - 20,6,Urban area,10,1242,None,None,Other/Not known (2005-10),Approaching junction or waiting/parked at junction approach,FIAT,PUNTO ACTIVE 8V,Petrol,Male,None,No tow/articulation,Did not leave carriageway,0,Waiting to go - held up,2,Car,No,Back,2010
201037B046180,Unclassified,9999,Unclassified,0,Slight,None,12-11-2010,Friday,1,Give way or uncontrolled,Private drive or entrance,52.073891,Darkness - lights lit,566460,244510,0.427473,E01030114,3,2,0,0,Wet or damp,Single carriageway,None,30,16:55:00,Rural,Fine no high winds,No,16 - 20,6,Urban area,7,1396,None,Other permanent object,Other/Not known (2005-10),Approaching junction or waiting/parked at junction approach,MG,ZR+,Petrol,Male,Skidded,No tow/articulation,Offside,0,Going ahead right-hand bend,1,Car,No,Nearside,2010
201037L018044,B,1532,Unclassified,9073,Slight,None,03-05-2010,Monday,1,Give way or uncontrolled,T or staggered junction,52.456555,Darkness - lights lit,653760,290850,1.733719,E01030275,1,3,0,0,Dry,Single carriageway,None,30,20:45:00,Urban,Fine no high winds,No,16 - 20,6,Data missing or out of range,NA,124,Parked vehicle,None,Other/Not known (2005-10),Cleared junction or waiting/parked at junction exit,HONDA,FES 125-3,Petrol,Male,Skidded,No tow/articulation,Did not leave carriageway,0,Going ahead other,1,Motorcycle 125cc and under,No,Front,2010
20104100C0399,C,77,Unclassified,599,Slight,None,02-04-2010,Friday,1,Give way or uncontrolled,Mini-roundabout,51.701259,Darkness - lights lit,509920,201480,-0.410795,E01023833,1,2,0,0,Dry,Roundabout,None,30,00:33:00,Urban,Fine no high winds,No,16 - 20,6,Urban area,10,599,None,None,Other/Not known (2005-10),Mid Junction - on roundabout or on main road,YAMAHA,YZF R6 04,Petrol,Male,Skidded,No tow/articulation,Did not leave carriageway,0,Going ahead other,2,Motorcycle over 500cc,No,Front,2010
201042I042502,B,1002,NA,0,Slight,None,11-02-2010,Thursday,1,Not at junction or within 20 metres,Not at junction or within 20 metres,51.688313,Darkness - lights lit,566850,201600,0.412426,E01021602,2,2,0,0,Dry,Single carriageway,None,40,19:20:00,Rural,Fine no high winds,No,16 - 20,6,Urban area,7,1124,None,None,Other/Not known (2005-10),Not at or within 20 metres of junction,PEUGEOT,206 FEVER,Petrol,Male,None,No tow/articulation,Did not leave carriageway,0,Moving off,1,Car,No,Front,2010
201042I060003,Unclassified,0,Unclassified,0,Slight,None,02-03-2010,Tuesday,2,Give way or uncontrolled,T or staggered junction,51.761137,Darkness - lights lit,545350,209040,0.104728,E01021870,4,2,0,0,Dry,Single carriageway,None,30,21:00:00,Urban,Fine no high winds,No,16 - 20,6,Urban area,10,1149,None,None,Other/Not known (2005-10),Approaching junction or waiting/parked at junction approach,RENAULT,CLIO DYNAMIQUE 16V,Petrol,Male,None,No tow/articulation,Did not leave carriageway,0,Going ahead other,2,Car,No,Back,2010
201042I280209,A,1023,NA,0,Slight,None,03-09-2010,Friday,1,Not at junction or within 20 metres,Not at junction or within 20 metres,51.644746,Darkness - lights lit,562230,196600,0.343329,E01021467,2,2,0,0,Dry,Single carriageway,None,30,20:50:00,Rural,Fine no high winds,No,16 - 20,6,Urban area,10,998,None,None,Other/Not known (2005-10),Not at or within 20 metres of junction,VAUXHALL,CORSA ENERGY TWINPORT,Petrol,Male,None,No tow/articulation,Did not leave carriageway,0,Overtaking static vehicle - offside,1,Car,No,Front,2010
201042I421212,Unclassified,0,Unclassified,0,Slight,None,23-12-2010,Thursday,1,Auto traffic signal,Crossroads,51.5384,Darkness - lights lit,586860,185610,0.693067,E01015855,2,2,0,4,Dry,Single carriageway,None,30,17:39:00,Urban,Fine no high winds,No,16 - 20,6,Urban area,8,998,None,None,Other/Not known (2005-10),Approaching junction or waiting/parked at junction approach,VAUXHALL,CORSA LIFE TWINPORT,Petrol,Male,None,No tow/articulation,Did not leave carriageway,0,Turning right,2,Car,No,Front,2010
201043N048090,A,40,Unclassified,5809,Slight,None,02-09-2010,Thursday,1,Auto traffic signal,Crossroads,51.633902,Darkness - lights lit,485830,193520,-0.761247,E01017905,3,2,0,4,Dry,Single carriageway,None,30,21:03:00,Urban,Fine no high winds,No,16 - 20,6,Urban area,4,1461,None,None,Other/Not known (2005-10),Mid Junction - on roundabout or on main road,RENAULT,MEGANE EXPRESSION DCI 80,Heavy oil,Male,None,No tow/articulation,Did not leave carriageway,0,Going ahead other,2,Car,No,Front,2010
201043R154050,A,4,NA,0,Slight,None,07-05-2010,Friday,1,Data missing or out of range,Not at junction or within 20 metres,51.52456,Darkness - lights lit,488930,181410,-0.71953,E01016590,1,1,0,0,Dry,Dual carriageway,None,40,22:50:00,Urban,Fine no high winds,No,16 - 20,6,Urban area,4,1396,Kerb,Central crash barrier,Other/Not known (2005-10),Not at or within 20 metres of junction,MG,ZR 105,Petrol,Male,Skidded,No tow/articulation,Offside on to centrl res + rebounded,0,Going ahead other,1,Car,No,Front,2010
201043R223060,A,321,A,331,Slight,None,29-06-2010,Tuesday,1,Auto traffic signal,Roundabout,51.332628,Darkness - lights lit,485450,160000,-0.774839,E01016196,1,2,0,0,Dry,Roundabout,None,30,01:50:00,Rural,Fine no high winds,No,16 - 20,6,Urban area,10,1149,None,None,Other/Not known (2005-10),Mid Junction - on roundabout or on main road,RENAULT,CLIO DYNAMIQUE 16V,Petrol,Male,None,No tow/articulation,Did not leave carriageway,0,Changing lane to right,1,Car,No,Back,2010
201043S074040,A,422,A,5,Slight,None,23-04-2010,Friday,1,Give way or uncontrolled,Slip road,52.047083,Darkness - lights lit,481950,239420,-0.806434,E01016816,1,1,0,0,Dry,Slip road,None,70,00:38:00,Urban,Fine no high winds,No,16 - 20,6,Rural,9,1149,None,Entered ditch,Other/Not known (2005-10),Leaving roundabout,RENAULT,CLIO EXTREME 3 16V,Petrol,Male,Skidded,No tow/articulation,Nearside,0,Turning left,1,Car,No,Front,2010
201043W018010,Unclassified,7517,NA,0,Slight,None,01-01-2010,Friday,2,Data missing or out of range,Not at junction or within 20 metres,51.458588,Darkness - lights lit,476550,173870,-0.899577,E01016624,1,1,0,4,Dry,Single carriageway,None,30,01:30:00,Urban,Fine no high winds,No,16 - 20,6,Urban area,10,1398,None,None,Other/Not known (2005-10),Not at or within 20 metres of junction,CITROEN,C3 XTR HDI,Heavy oil,Male,None,No tow/articulation,Did not leave carriageway,0,Going ahead other,1,Car,No,Offside,2010
201043W180010,A,327,NA,,Slight,None,24-01-2010,Sunday,1,Give way or uncontrolled,Private drive or entrance,51.404743,Darkness - lights lit,473790,167840,-0.94055,E01016681,1,2,0,0,Dry,Single carriageway,None,60,22:28:00,Urban,Fine no high winds,No,16 - 20,6,Urban area,10,1896,None,None,Other/Not known (2005-10),Mid Junction - on roundabout or on main road,SKODA,FABIA VRS TDI PD 130,Heavy oil,Male,None,No tow/articulation,Did not leave carriageway,0,Going ahead other,2,Car,No,Front,2010
201043W209070,Unclassified,7201,NA,0,Slight,Other object on road,23-07-2010,Friday,1,Data missing or out of range,Not at junction or within 20 metres,51.452116,Darkness - lights lit,468830,173040,-1.010838,E01016395,1,1,0,4,Dry,Single carriageway,Roadworks,30,22:26:00,Urban,Fine no high winds,No,16 - 20,6,Urban area,7,100,None,Road sign or traffic signal,Other/Not known (2005-10),Not at or within 20 metres of junction,PEUGEOT,SPEEDFIGHT 100,Petrol,Male,None,No tow/articulation,Nearside,0,Going ahead other,1,Motorcycle 50cc and under,No,Front,2010
201045EL47839,Unclassified,6858,NA,0,Slight,None,08-01-2010,Friday,1,Data missing or out of range,Not at junction or within 20 metres,51.335924,Darkness - lights lit,512500,160890,-0.386423,E01030305,1,1,0,0,Snow,Single carriageway,None,30,05:00:00,Urban,Fine no high winds,No,16 - 20,6,Data missing or out of range,NA,1598,None,Entered ditch,Other/Not known (2005-10),Not at or within 20 metres of junction,MINI,MINI ONE,Petrol,Male,Skidded and overturned,No tow/articulation,Nearside,0,Going ahead other,1,Car,No,Front,2010
201045EL51442,C,42,NA,0,Slight,None,26-05-2010,Wednesday,1,Data missing or out of range,Not at junction or within 20 metres,51.312909,Darkness - lights lit,510690,158290,-0.413202,E01030302,1,1,0,0,Dry,Single carriageway,None,30,00:21:00,Rural,Fine no high winds,No,16 - 20,6,Urban area,10,1149,Kerb,Other permanent object,Other/Not known (2005-10),Not at or within 20 metres of junction,RENAULT,CLIO DYNAMIQUE 16V,Petrol,Male,Skidded and overturned,No tow/articulation,Offside,0,Going ahead right-hand bend,1,Car,No,Nearside,2010