Accident_Index,1st_Road_Class,1st_Road_Number,2nd_Road_Class,2nd_Road_Number,Accident_Severity,Carriageway_Hazards,Date,Day_of_Week,Did_Police_Officer_Attend_Scene_of_Accident,Junction_Control,Junction_Detail,Latitude,Light_Conditions,Location_Easting_OSGR,Location_Northing_OSGR,Longitude,LSOA_of_Accident_Location,Number_of_Casualties,Number_of_Vehicles,Pedestrian_Crossing-Human_Control,Pedestrian_Crossing-Physical_Facilities,Road_Surface_Conditions,Road_Type,Special_Conditions_at_Site,Speed_limit,Time,Urban_or_Rural_Area,Weather_Conditions,InScotland,Age_Band_of_Driver,Age_of_Vehicle,Driver_Home_Area_Type,Driver_IMD_Decile,Engine_Capacity_.CC.,Hit_Object_in_Carriageway,Hit_Object_off_Carriageway,Journey_Purpose_of_Driver,Junction_Location,make,model,Propulsion_Code,Sex_of_Driver,Skidding_and_Overturning,Towing_and_Articulation,Vehicle_Leaving_Carriageway,Vehicle_Location.Restricted_Lane,Vehicle_Manoeuvre,Vehicle_Reference,Vehicle_Type,Was_Vehicle_Left_Hand_Drive,X1st_Point_of_Impact,Year
201001KD50309,Unclassified,0,Unclassified,0,Slight,None,17-03-2010,Wednesday,2,Give way or uncontrolled,T or staggered junction,51.516821,Daylight,550850,182010,0.172721,E01002370,1,3,0,0,Dry,Single carriageway,None,30,16:00:00,Urban,Fine no high winds,No,16 - 20,6,Urban area,3,1240,None,None,Other/Not known (2005-10),Mid Junction - on roundabout or on main road,NISSAN,MICRA SE AUTO,Petrol,Male,None,No tow/articulation,Did not leave carriageway,0,Going ahead other,2,Car,No,Back,2010
201001KD50311,Unclassified,0,NA,0,Slight,None,19-06-2010,Saturday,1,Data missing or out of range,Not at junction or within 20 metres,51.529467,Daylight,554260,183520,0.222489,E01002348,1,1,0,0,Dry,Single carriageway,Oil or diesel,30,18:27:00,Rural,Fine no high winds,No,16 - 20,6,Urban area,8,1248,None,Entered ditch,Other/Not known (2005-10),Not at or within 20 metres of junction,VAUXHALL,CORSA DESIGN CDTI,Heavy oil,Male,None,No tow/articulation,Nearside,0,Going ahead other,1,Car,No,Front,2010
201001KD50451,A,118,Unclassified,0,Slight,None,31-08-2010,Tuesday,1,Give way or uncontrolled,T or staggered junction,51.574351,Daylight,549740,188380,0.159444,E01002246,3,2,0,1,Dry,Single carriageway,None,30,15:44:00,Urban,Fine no high winds,No,16 - 20,6,Urban area,4,1595,None,None,Other/Not known (2005-10),Approaching junction or waiting/parked at junction approach,AUDI,A3 SPORT AUTO,Petrol,Male,None,No tow/articulation,Did not leave carriageway,0,Going ahead other,2,Car,No,Front,2010
201001KF60083,A,118,A,406,Slight,None,14-02-2010,Sunday,1,Auto traffic signal,Crossroads,51.556086,Daylight,543260,186160,0.065095,E01003577,1,2,0,5,Wet or damp,Single carriageway,None,30,10:20:00,Urban,Fine no high winds,No,16 - 20,6,Urban area,4,1998,None,None,Other/Not known (2005-10),Approaching junction or waiting/parked at junction approach,HONDA,CIVIC TYPE-R,Petrol,Male,Skidded,No tow/articulation,Did not leave carriageway,0,Slowing or stopping,2,Car,No,Front,2010
201001KF60287,A,112,Unclassified,0,Slight,None,19-05-2010,Wednesday,1,Give way or uncontrolled,T or staggered junction,51.532681,Daylight,539840,183460,0.014723,E01003630,3,2,0,1,Dry,Single carriageway,None,30,15:23:00,Urban,Fine no high winds,No,16 - 20,6,Urban area,1,1896,None,None,Other/Not known (2005-10),Approaching junction or waiting/parked at junction approach,VOLKSWAGEN,POLO TWIST SDI,Heavy oil,Male,None,No tow/articulation,Did not leave carriageway,0,Overtaking moving vehicle - offside,1,Car,No,Did not impact,2010
201001LX51005,A,301,NA,0,Slight,None,03-11-2010,Wednesday,1,Data missing or out of range,Not at junction or within 20 metres,51.507338,Daylight,530840,180400,-0.11609,E01003012,1,2,0,0,Dry,Dual carriageway,None,30,13:12:00,Urban,Fine no high winds,No,16 - 20,6,Urban area,2,124,None,None,Other/Not known (2005-10),Not at or within 20 metres of junction,PIAGGIO,,Petrol,Male,None,No tow/articulation,Did not leave carriageway,0,Going ahead other,1,Motorcycle 125cc and under,No,Nearside,2010
201001MM70118,Unclassified,0,Unclassified,0,Slight,None,19-02-2010,Friday,1,Give way or uncontrolled,T or staggered junction,51.429566,Daylight,533690,171820,-0.078291,E01003948,1,2,0,0,Dry,Single carriageway,None,30,10:05:00,Urban,Fine no high winds,No,16 - 20,6,Urban area,6,102,None,None,Other/Not known (2005-10),Mid Junction - on roundabout or on main road,HONDA,SCV100F-E,Petrol,Male,None,No tow/articulation,Did not leave carriageway,0,Overtaking static vehicle - offside,2,Motorcycle 125cc and under,No,Front,2010
201001MM70631,A,2,Unclassified,0,Slight,None,29-07-2010,Thursday,1,Give way or uncontrolled,T or staggered junction,51.487251,Daylight,533730,178240,-0.07529,E01003964,2,2,0,0,Dry,Single carriageway,None,30,18:13:00,Urban,Fine no high winds,No,16 - 20,6,Urban area,6,1796,None,None,Other/Not known (2005-10),Mid Junction - on roundabout or on main road,VAUXHALL,ASTRA DESIGN,Petrol,Male,None,No tow/articulation,Did not leave carriageway,0,Turning right,1,Car,No,Offside,2010
201001PY20666,A,208,NA,0,Slight,None,10-10-2010,Sunday,1,Data missing or out of range,Not at junction or within 20 metres,51.434185,Daylight,542400,172570,0.047219,E01000780,1,2,0,0,Dry,Single carriageway,None,30,12:17:00,Urban,Fine no high winds,No,16 - 20,6,Urban area,6,848,None,None,Other/Not known (2005-10),Not at or within 20 metres of junction,BMW,R 850 R MU,Petrol,Male,None,No tow/articulation,Did not leave carriageway,0,Overtaking moving vehicle - offside,2,Motorcycle over 500cc,No,Front,2010
201001QK50231,B,453,A,4088,Slight,None,08-05-2010,Saturday,1,Give way or uncontrolled,Roundabout,51.558426,Daylight,521390,185850,-0.25031,E01000628,1,1,0,0,Dry,Roundabout,Oil or diesel,30,10:38:00,Urban,Fine no high winds,No,16 - 20,6,Urban area,2,124,None,None,Other/Not known (2005-10),Mid Junction - on roundabout or on main road,HONDA,XR 125 L-3,Petrol,Male,Skidded,No tow/articulation,Did not leave carriageway,0,Going ahead other,1,Motorcycle 125cc and under,No,Front,2010
201001QK50357,C,0,Unclassified,0,Slight,None,01-07-2010,Thursday,1,Give way or uncontrolled,Crossroads,51.554444,Daylight,523180,185450,-0.224642,E01000555,1,3,0,0,Dry,Single carriageway,None,30,13:50:00,Urban,Fine no high winds,No,16 - 20,6,Urban area,3,1900,None,None,Other/Not known (2005-10),Mid Junction - on roundabout or on main road,VOLKSWAGEN,GOLF TDI SE,Heavy oil,Male,None,No tow/articulation,Did not leave carriageway,0,Going ahead other,1,Car,No,Offside,2010
201001QK50711,B,414,Unclassified,0,Slight,None,07-11-2010,Sunday,1,Give way or uncontrolled,T or staggered junction,51.528112,Daylight,525220,182570,-0.196256,E01000544,1,2,0,0,Dry,Single carriageway,None,30,16:09:00,Urban,Fine no high winds,No,16 - 20,6,Urban area,1,125,None,None,Journey as part of work,Mid Junction - on roundabout or on main road,HONDA,ANF 125-3,Petrol,Male,None,No tow/articulation,Did not leave carriageway,0,Overtaking moving vehicle - offside,2,Motorcycle 125cc and under,No,Nearside,2010
201001RY10316,C,0,C,0,Slight,None,22-07-2010,Thursday,1,Give way or uncontrolled,T or staggered junction,51.463201,Daylight,550090,176020,0.15923,E01000327,1,2,0,0,Dry,Single carriageway,None,30,16:34:00,Urban,Fine no high winds,No,16 - 20,6,Urban area,2,1299,None,None,Other/Not known (2005-10),Approaching junction or waiting/parked at junction approach,FORD,KA COLLECTION,Petrol,Male,None,No tow/articulation,Did not leave carriageway,0,Going ahead other,1,Car,No,Front,2010
201001RY10377,C,0,NA,0,Slight,None,18-09-2010,Saturday,1,Data missing or out of range,Not at junction or within 20 metres,51.459842,Daylight,545750,175520,0.096593,E01000415,1,3,0,0,Dry,Single carriageway,None,30,15:50:00,Urban,Fine no high winds,No,16 - 20,6,Urban area,8,998,Parked vehicle,None,Other/Not known (2005-10),Not at or within 20 metres of junction,VAUXHALL,CORSA LIFE TWINPORT,Petrol,Male,Skidded,No tow/articulation,Did not leave carriageway,0,Going ahead other,1,Car,No,Front,2010
201001SX20379,Unclassified,0,Unclassified,0,Slight,None,13-04-2010,Tuesday,1,Give way or uncontrolled,Private drive or entrance,51.646874,Daylight,525430,195790,-0.18851,E01000268,1,2,0,4,Dry,Single carriageway,None,30,15:00:00,Urban,Fine no high winds,No,16 - 20,6,Urban area,7,100,None,None,Other/Not known (2005-10),Mid Junction - on roundabout or on main road,PEUGEOT,SPEEDFIGHT 100,Petrol,Male,None,No tow/articulation,Did not leave carriageway,0,Going ahead other,2,Motorcycle 125cc and under,No,Front,2010
201001SX20574,A,41,A,504,Slight,None,23-05-2010,Sunday,2,Auto traffic signal,Crossroads,51.585745,Daylight,522650,188920,-0.231072,E01000309,1,2,0,5,Dry,Dual carriageway,None,30,19:39:00,Urban,Fine no high winds,No,16 - 20,6,Urban area,7,1198,None,None,Other/Not known (2005-10),Mid Junction - on roundabout or on main road,VOLKSWAGEN,POLO TWIST,Petrol,Male,None,No tow/articulation,Did not leave carriageway,0,Waiting to go - held up,1,Car,No,Back,2010
201001WW50478,A,3220,A,3205,Slight,None,03-07-2010,Saturday,1,Auto traffic signal,Crossroads,51.472242,Daylight,527500,176410,-0.16563,E01004579,1,2,0,5,Dry,Single carriageway,None,30,08:50:00,Urban,Fine no high winds,No,16 - 20,6,Urban area,2,1149,None,None,Other/Not known (2005-10),Cleared junction or waiting/parked at junction exit,RENAULT,CLIO EXTREME 3 16V,Petrol,Male,None,No tow/articulation,Did not leave carriageway,0,U-turn,2,Car,No,Offside,2010
201001XD80304,A,406,Unclassified,0,Slight,None,14-04-2010,Wednesday,1,Auto traffic signal,Crossroads,51.514349,Daylight,518610,180880,-0.292066,E01001235,1,3,0,5,Dry,Single carriageway,None,30,17:10:00,Urban,Fine no high winds,No,16 - 20,6,Data missing or out of range,NA,1388,None,None,Other/Not known (2005-10),Approaching junction or waiting/parked at junction approach,FORD,FIESTA FLAME,Petrol,Male,None,No tow/articulation,Did not leave carriageway,0,Going ahead other,1,Car,No,Back,2010
201001YE80167,A,111,Unclassified,0,Slight,None,22-02-2010,Monday,1,Give way or uncontrolled,T or staggered junction,51.661178,Daylight,527760,197440,-0.154249,E01001417,2,2,0,0,Dry,Single carriageway,None,30,09:05:00,Rural,Fine no high winds,No,16 - 20,6,Urban area,9,1149,None,None,Other/Not known (2005-10),Approaching junction or waiting/parked at junction approach,RENAULT,CLIO DYNAMIQUE 16V,Petrol,Male,None,No tow/articulation,Did not leave carriageway,0,Slowing or stopping,1,Car,No,Front,2010
201001YE80500,Unclassified,0,Unclassified,0,Slight,None,10-07-2010,Saturday,1,Give way or uncontrolled,Crossroads,51.609005,Daylight,532640,191760,-0.085886,E01001553,1,1,0,4,Dry,Single carriageway,None,30,17:42:00,Urban,Fine no high winds,No,16 - 20,6,Urban area,1,1364,None,None,Other/Not known (2005-10),Approaching junction or waiting/parked at junction approach,VAUXHALL,CORSA SXI 16V TWINPORT,Petrol,Male,None,No tow/articulation,Did not leave carriageway,0,Reversing,1,Car,No,Nearside,2010
201001YR90431,Unclassified,0,Unclassified,0,Slight,None,11-06-2010,Friday,1,Give way or uncontrolled,Crossroads,51.596905,Daylight,533270,190430,-0.077298,E01001977,4,2,0,0,Dry,Single carriageway,None,30,08:40:00,Urban,Fine no high winds,No,16 - 20,6,Urban area,3,1984,None,None,Other/Not known (2005-10),Mid Junction - on roundabout or on main road,AUDI,A4 SE,Petrol,Male,None,No tow/articulation,Did not leave carriageway,0,Going ahead other,2,Car,No,Front,2010
201001ZD30892,A,2022,B,269,Slight,None,31-10-2010,Sunday,1,Give way or uncontrolled,Roundabout,51.336023,Daylight,534030,161420,-0.077324,E01001102,2,3,0,0,Dry,Single carriageway,None,30,18:30:00,Urban,Fine no high winds,No,16 - 20,6,Urban area,9,1198,None,None,Other/Not known (2005-10),Approaching junction or waiting/parked at junction approach,VOLKSWAGEN,POLO E,Petrol,Male,None,No tow/articulation,Did not leave carriageway,0,Slowing or stopping,3,Car,No,Front,2010
201004AM10019,A,5099,Unclassified,0,Slight,None,18-02-2010,Thursday,1,Give way or uncontrolled,Crossroads,53.802692,Daylight,331300,434550,-3.044628,E01012674,1,5,0,0,Dry,Single carriageway,None,30,16:30:00,Urban,Fine no high winds,No,16 - 20,6,Urban area,1,1229,None,None,Other/Not known (2005-10),Mid Junction - on roundabout or on main road,VAUXHALL,CORSA SXI TWINPORT,Petrol,Male,None,No tow/articulation,Did not leave carriageway,0,Going ahead other,1,Car,No,Front,2010
201004BB10033,Unclassified,0,C,470,Slight,None,13-03-2010,Saturday,1,Auto traffic signal,Crossroads,54.063977,Daylight,342720,463470,-2.876682,E01025110,1,2,0,5,Dry,Single carriageway,None,30,15:44:00,Urban,Fine no high winds,No,16 - 20,6,Urban area,1,1124,None,None,Other/Not known (2005-10),Mid Junction - on roundabout or on main road,PEUGEOT,206 FEVER,Petrol,Male,None,No tow/articulation,Did not leave carriageway,0,Turning right,1,Car,No,Front,2010
201004CL10095,A,5083,NA,0,Slight,None,30-10-2010,Saturday,1,Data missing or out of range,Not at junction or within 20 metres,53.710563,Daylight,355070,424010,-2.682203,E01025417,1,1,0,0,Wet or damp,Single carriageway,None,30,08:40:00,Rural,Fine no high winds,No,16 - 20,6,Urban area,7,1149,None,Other permanent object,Other/Not known (2005-10),Not at or within 20 metres of junction,RENAULT,CLIO EXTREME 3 16V,Petrol,Male,Skidded,No tow/articulation,Nearside and rebounded,0,Going ahead left-hand bend,1,Car,No,Front,2010
201004CM10092,Unclassified,0,NA,0,Slight,None,28-06-2010,Monday,1,Data missing or out of range,Not at junction or within 20 metres,53.746711,Daylight,351270,428070,-2.740411,E01025424,1,1,0,0,Dry,Single carriageway,None,30,10:00:00,Urban,Fine no high winds,No,16 - 20,6,Urban area,10,998,None,None,Other/Not known (2005-10),Not at or within 20 metres of junction,VAUXHALL,CORSA ENERGY TWINPORT,Petrol,Male,None,No tow/articulation,Did not leave carriageway,0,Reversing,1,Car,No,Back,2010
201004DR10079,A,6,Unclassified,0,Slight,None,14-09-2010,Tuesday,1,Give way or uncontrolled,Roundabout,53.801503,Daylight,352880,434150,-2.71693,E01025277,1,2,0,0,Dry,Roundabout,None,30,15:50:00,Rural,Fine no high winds,No,16 - 20,6,Data missing or out of range,NA,1360,None,None,Other/Not known (2005-10),Entering roundabout,PEUGEOT,307 S 90,Petrol,Male,None,No tow/articulation,Did not leave carriageway,0,Going ahead other,1,Car,No,Front,2010
201004EA10065,Unclassified,0,Unclassified,0,Slight,None,19-03-2010,Friday,1,Auto traffic signal,T or staggered junction,53.75415,Daylight,368480,428750,-2.479526,E01012643,1,2,0,0,Dry,Single carriageway,None,30,11:23:00,Urban,Fine no high winds,No,16 - 20,6,Urban area,1,1896,None,None,Journey as part of work,Approaching junction or waiting/parked at junction approach,VOLKSWAGEN,POLO E SDI,Heavy oil,Male,None,No tow/articulation,Did not leave carriageway,0,Slowing or stopping,2,Car,No,Back,2010
201004EL10025,Unclassified,0,Unclassified,0,Slight,None,05-03-2010,Friday,1,Give way or uncontrolled,Other junction,53.745594,Daylight,374730,427760,-2.384657,E01025083,1,1,0,0,Wet or damp,Single carriageway,None,30,15:25:00,Urban,Fine no high winds,No,16 - 20,6,Urban area,4,998,None,None,Other/Not known (2005-10),Approaching junction or waiting/parked at junction approach,TOYOTA,YARIS BLUE,Petrol,Male,None,No tow/articulation,Did not leave carriageway,0,Going ahead other,1,Car,No,Front,2010
201005AA04374,Unclassified,0,NA,0,Slight,None,15-07-2010,Thursday,2,Data missing or out of range,Not at junction or within 20 metres,53.325254,Daylight,334470,381380,-2.985334,E01007170,1,2,0,0,Dry,Single carriageway,None,20,15:20:00,Urban,Fine no high winds,No,16 - 20,6,Urban area,2,49,None,None,Other/Not known (2005-10),Not at or within 20 metres of junction,SYM,JET 50 - EURO X,Petrol,Male,None,No tow/articulation,Did not leave carriageway,0,Going ahead other,1,Motorcycle 50cc and under,No,Front,2010
201005BB03578,Unclassified,0,NA,0,Slight,None,29-05-2010,Saturday,1,Data missing or out of range,Not at junction or within 20 metres,53.467288,Daylight,334730,397180,-2.984704,E01007050,2,2,0,1,Dry,Single carriageway,None,30,16:30:00,Urban,Fine no high winds,No,16 - 20,6,Data missing or out of range,NA,2401,None,None,Other/Not known (2005-10),Not at or within 20 metres of junction,VOLVO,S60 D5 S,Heavy oil,Male,None,No tow/articulation,Did not leave carriageway,0,Overtaking static vehicle - offside,1,Car,No,Nearside,2010
201005EE06256,A,57,NA,0,Slight,None,28-07-2010,Wednesday,1,Data missing or out of range,Not at junction or within 20 metres,53.416714,Daylight,340240,391480,-2.900628,E01006569,1,1,0,5,Dry,Dual carriageway,None,40,16:20:00,Urban,Fine no high winds,No,16 - 20,6,Urban area,1,1390,None,None,Other/Not known (2005-10),Not at or within 20 metres of junction,RENAULT,MEGANE DYNAMIQUE 16V,Petrol,Male,None,No tow/articulation,Did not leave carriageway,0,Going ahead other,1,Car,No,Front,2010
201006A035363,Unclassified,0,NA,0,Slight,None,24-08-2010,Tuesday,1,Data missing or out of range,Not at junction or within 20 metres,53.481801,Daylight,384180,398370,-2.239865,E01005131,1,3,0,0,Dry,One way street,None,30,17:25:00,Urban,Fine no high winds,No,16 - 20,6,Urban area,1,49,None,None,Other/Not known (2005-10),Not at or within 20 metres of junction,PIAGGIO,NRG,Petrol,Male,None,No tow/articulation,Did not leave carriageway,0,Going ahead other,2,Motorcycle 50cc and under,No,Front,2010
201006B026909,A,5067,Unclassified,0,Slight,None,14-01-2010,Thursday,1,Give way or uncontrolled,Crossroads,53.46531,Daylight,382860,396540,-2.259655,E01005213,1,2,0,0,Dry,Single carriageway,None,30,14:14:00,Urban,Fine no high winds,No,16 - 20,6,Urban area,3,1988,None,None,Other/Not known (2005-10),Entering main road,FORD,FOCUS ST170,Petrol,Male,None,No tow/articulation,Did not leave carriageway,0,Waiting to turn right,1,Car,No,Front,2010
201006B029092,A,57,A,665,Slight,None,14-03-2010,Sunday,1,Auto traffic signal,Crossroads,53.468813,Daylight,385780,396920,-2.215688,E01005063,1,2,0,8,Dry,Single carriageway,None,30,17:40:00,Urban,Fine no high winds,No,16 - 20,6,Urban area,2,599,None,None,Other/Not known (2005-10),Mid Junction - on roundabout or on main road,FORD,SPORTKA SE,Petrol,Male,None,No tow/articulation,Did not leave carriageway,0,Going ahead other,2,Car,No,Front,2010
201006B036844,C,0,NA,0,Slight,None,29-09-2010,Wednesday,1,Data missing or out of range,Not at junction or within 20 metres,53.46602,Daylight,389230,396600,-2.163706,E01005188,1,1,0,0,Wet or damp,Single carriageway,None,30,15:50:00,Urban,Fine no high winds,No,16 - 20,6,Urban area,1,1149,None,Other permanent object,Other/Not known (2005-10),Not at or within 20 metres of junction,RENAULT,CLIO AUTHENTIQUE,Petrol,Male,Skidded,No tow/articulation,Nearside,0,Going ahead left-hand bend,1,Car,No,Front,2010
201006C029192,A,5145,Unclassified,0,Slight,None,21-03-2010,Sunday,1,Give way or uncontrolled,T or staggered junction,53.427822,Daylight,382690,392370,-2.261985,E01005084,1,2,0,0,Dry,Single carriageway,None,30,12:50:00,Urban,Fine no high winds,No,16 - 20,6,Urban area,8,2000,None,None,Other/Not known (2005-10),Cleared junction or waiting/parked at junction exit,VOLKSWAGEN,GOLF S SDI,Heavy oil,Male,None,No tow/articulation,Did not leave carriageway,0,U-turn,1,Car,No,Front,2010
201006C037923,Unclassified,0,Unclassified,0,Slight,None,17-10-2010,Sunday,1,Give way or uncontrolled,Crossroads,53.446763,Daylight,381940,394480,-2.273394,E01005299,3,2,0,0,Dry,Single carriageway,None,30,14:40:00,Urban,Fine no high winds,No,16 - 20,6,Urban area,1,125,None,None,Other/Not known (2005-10),Approaching junction or waiting/parked at junction approach,HONDA,CBR 125 R-4,Petrol,Male,None,No tow/articulation,Did not leave carriageway,0,Going ahead other,2,Motorcycle 125cc and under,No,Front,2010
201006F036114,Unclassified,0,Unclassified,0,Slight,None,16-09-2010,Thursday,1,Give way or uncontrolled,T or staggered junction,53.479011,Daylight,376840,398090,-2.350449,E01005601,1,2,0,0,Dry,Single carriageway,None,30,15:10:00,Urban,Fine no high winds,No,16 - 20,6,Urban area,4,125,None,None,Other/Not known (2005-10),Approaching junction or waiting/parked at junction approach,HONDA,SES 125-4,Petrol,Male,None,No tow/articulation,Did not leave carriageway,0,Overtaking static vehicle - offside,1,Motorcycle 125cc and under,No,Nearside,2010
201006G036736,A,57,Unclassified,0,Slight,None,20-09-2010,Monday,1,Give way or uncontrolled,T or staggered junction,53.460469,Daylight,400400,395970,-1.995448,E01006049,1,3,0,0,Wet or damp,Single carriageway,None,30,10:00:00,Urban,Fine no high winds,No,16 - 20,6,Urban area,2,124,None,None,Commuting to/from work,Approaching junction or waiting/parked at junction approach,YAMAHA,DT125R SM,Petrol,Male,Skidded,No tow/articulation,Did not leave carriageway,0,Going ahead other,1,Motorcycle 125cc and under,No,Offside,2010
201006M033915,C,0,Unclassified,0,Slight,None,12-07-2010,Monday,1,Give way or uncontrolled,Crossroads,53.455763,Daylight,382280,395480,-2.268332,E01006113,2,2,0,0,Dry,Single carriageway,None,30,19:25:00,Urban,Fine no high winds,No,16 - 20,6,Urban area,2,1796,None,Other permanent object,Other/Not known (2005-10),Entering main road,TOYOTA,COROLLA TSPORT VVTLI,Petrol,Male,None,No tow/articulation,Nearside,0,Going ahead other,1,Car,No,Nearside,2010
201006P035440,A,576,Unclassified,0,Slight,None,22-08-2010,Sunday,1,Give way or uncontrolled,T or staggered junction,53.544759,Daylight,385510,405370,-2.220149,E01005546,1,2,0,0,Dry,Dual carriageway,None,30,19:26:00,Urban,Fine no high winds,No,16 - 20,6,Urban area,3,998,None,None,Other/Not known (2005-10),Approaching junction or waiting/parked at junction approach,VAUXHALL,CORSA LIFE TWINPORT,Petrol,Male,None,No tow/articulation,Did not leave carriageway,0,Going ahead other,2,Car,No,Front,2010
201006P036791,B,6452,Unclassified,0,Slight,None,22-09-2010,Wednesday,1,Give way or uncontrolled,Crossroads,53.621227,Daylight,388120,413870,-2.181087,E01005591,1,2,0,0,Dry,Single carriageway,None,30,10:43:00,Urban,Fine no high winds,No,16 - 20,6,Urban area,3,1390,None,None,Journey as part of work,Approaching junction or waiting/parked at junction approach,RENAULT,CLIO DYNAMIQUE 16V,Petrol,Male,None,No tow/articulation,Did not leave carriageway,0,Turning right,1,Car,No,Nearside,2010
201006Q030919,A,672,B,6197,Slight,None,28-04-2010,Wednesday,1,Stop sign,T or staggered junction,53.573441,Daylight,396270,408540,-2.057805,E01005443,3,3,0,0,Dry,Single carriageway,None,40,17:00:00,Rural,Fine no high winds,No,16 - 20,6,Urban area,8,1198,None,None,Other/Not known (2005-10),Approaching junction or waiting/parked at junction approach,VOLKSWAGEN,POLO TWIST,Petrol,Male,Skidded,No tow/articulation,Did not leave carriageway,0,Going ahead other,3,Car,No,Front,2010
201011ND19620,C,980,NA,0,Slight,None,19-08-2010,Thursday,1,Not at junction or within 20 metres,Not at junction or within 20 metres,54.770147,Daylight,427050,541770,-1.581058,E01020704,1,3,0,0,Dry,Single carriageway,None,30,10:32:00,Urban,Fine no high winds,No,16 - 20,6,Urban area,7,1399,None,None,Other/Not known (2005-10),Not at or within 20 metres of junction,FORD,FIESTA FINESSE TDCI,Heavy oil,Male,None,No tow/articulation,Did not leave carriageway,0,Going ahead other,2,Car,No,Front,2010
201011SK14560,Unclassified,0,C,35,Slight,None,04-06-2010,Friday,1,Give way or uncontrolled,Roundabout,54.640459,Daylight,427270,527340,-1.578984,E01020850,1,2,0,0,Dry,Single carriageway,None,30,12:00:00,Rural,Fine no high winds,No,16 - 20,6,Urban area,1,124,Parked vehicle,None,Other/Not known (2005-10),Leaving roundabout,HONDA,XR 125 L-4,Petrol,Male,None,No tow/articulation,Did not leave carriageway,0,Turning left,1,Motorcycle 125cc and under,No,Nearside,2010
201014A021810,Unclassified,0,Unclassified,0,Slight,None,28-01-2010,Thursday,1,Give way or uncontrolled,T or staggered junction,53.468983,Daylight,461850,397320,-1.069726,E01007597,1,2,0,0,Dry,Single carriageway,None,20,15:45:00,Urban,Fine no high winds,No,16 - 20,6,Urban area,3,1149,None,None,Other/Not known (2005-10),Mid Junction - on roundabout or on main road,RENAULT,CLIO DYNAMIQUE 16V,Petrol,Male,None,No tow/articulation,Did not leave carriageway,0,Going ahead other,1,Car,No,Front,2010
201014B042710,A,635,NA,0,Slight,None,20-04-2010,Tuesday,1,Not at junction or within 20 metres,Not at junction or within 20 metres,53.561475,Daylight,426320,407280,-1.604115,E01007418,2,1,0,0,Dry,Single carriageway,None,60,08:20:00,Rural,Fine no high winds,No,16 - 20,6,Urban area,9,1360,None,None,Commuting to/from work,Not at or within 20 metres of junction,CITROEN,C3 LX,Petrol,Male,Overturned,No tow/articulation,Did not leave carriageway,0,Going ahead other,1,Car,No,Nearside,2010
201014C025910,A,630,A,6123,Slight,None,03-03-2010,Wednesday,1,Give way or uncontrolled,Roundabout,53.442174,Daylight,445270,394150,-1.31993,E01007737,1,2,0,4,Dry,Roundabout,None,30,14:16:00,Urban,Fine no high winds,No,16 - 20,6,Urban area,1,1360,None,None,Other/Not known (2005-10),Mid Junction - on roundabout or on main road,PEUGEOT,307 ZEST,Petrol,Male,None,No tow/articulation,Did not leave carriageway,0,U-turn,1,Car,No,Offside,2010
201014C079210,Unclassified,0,Unclassified,0,Slight,None,02-07-2010,Friday,1,Give way or uncontrolled,T or staggered junction,53.383886,Daylight,443670,387650,-1.344914,E01007700,1,1,0,0,Dry,Single carriageway,None,30,21:09:00,Rural,Fine no high winds,No,16 - 20,6,Small town,2,1248,Kerb,Road sign or traffic signal,Other/Not known (2005-10),Mid Junction - on roundabout or on main road,VAUXHALL,CORSA ENERGY CDTI,Heavy oil,Male,Skidded,No tow/articulation,Offside,0,Turning right,1,Car,No,Front,2010
201014K107710,A,6102,Unclassified,0,Slight,None,20-04-2010,Tuesday,1,Give way or uncontrolled,T or staggered junction,53.408737,Daylight,435920,390350,-1.461119,E01007872,3,2,0,4,Dry,Single carriageway,None,30,09:44:00,Urban,Fine no high winds,No,16 - 20,6,Urban area,4,1900,None,None,Other/Not known (2005-10),Approaching junction or waiting/parked at junction approach,VOLKSWAGEN,GOLF TDI SE,Heavy oil,Male,None,No tow/articulation,Did not leave carriageway,0,Going ahead other,2,Car,No,Front,2010
201014K114810,C,731,Unclassified,425,Slight,None,26-04-2010,Monday,1,Give way or uncontrolled,Other junction,53.367764,Daylight,431450,385760,-1.528815,E01007865,1,2,0,0,Dry,Single carriageway,None,30,15:45:00,Urban,Fine no high winds,No,16 - 20,6,Urban area,3,1399,None,None,Other/Not known (2005-10),Approaching junction or waiting/parked at junction approach,FORD,FIESTA GHIA TDCI,Heavy oil,Male,Skidded,No tow/articulation,Did not leave carriageway,0,Going ahead other,2,Car,No,Front,2010
2010160C05201,Unclassified,0,NA,0,Slight,None,13-06-2010,Sunday,1,Data missing or out of range,Not at junction or within 20 metres,53.969296,Daylight,476000,453200,-0.842901,E01013126,1,1,0,0,Dry,Single carriageway,None,60,08:40:00,Rural,Fine no high winds,No,16 - 20,6,Small town,9,1994,None,Other permanent object,Journey as part of work,Not at or within 20 metres of junction,SUBARU,IMPREZA GX SPORT AWD,Petrol,Male,Skidded,No tow/articulation,Offside and rebounded,0,Going ahead right-hand bend,1,Car,No,Front,2010
2010160D01111,A,165,Unclassified,0,Slight,None,23-02-2010,Tuesday,1,Give way or uncontrolled,Crossroads,53.748424,Daylight,509770,429290,-0.336836,E01012853,1,2,0,4,Dry,Dual carriageway,None,30,17:20:00,Urban,Fine no high winds,No,16 - 20,6,Small town,8,1242,None,None,Commuting to/from work,Entering main road,FIAT,PUNTO ACTIVE 8V,Petrol,Male,None,No tow/articulation,Did not leave carriageway,0,Turning left,1,Car,No,Offside,2010