Accident_Index,1st_Road_Class,1st_Road_Number,2nd_Road_Class,2nd_Road_Number,Accident_Severity,Carriageway_Hazards,Date,Day_of_Week,Did_Police_Officer_Attend_Scene_of_Accident,Junction_Control,Junction_Detail,Latitude,Light_Conditions,Location_Easting_OSGR,Location_Northing_OSGR,Longitude,LSOA_of_Accident_Location,Number_of_Casualties,Number_of_Vehicles,Pedestrian_Crossing-Human_Control,Pedestrian_Crossing-Physical_Facilities,Road_Surface_Conditions,Road_Type,Special_Conditions_at_Site,Speed_limit,Time,Urban_or_Rural_Area,Weather_Conditions,InScotland,Age_Band_of_Driver,Age_of_Vehicle,Driver_Home_Area_Type,Driver_IMD_Decile,Engine_Capacity_.CC.,Hit_Object_in_Carriageway,Hit_Object_off_Carriageway,Journey_Purpose_of_Driver,Junction_Location,make,model,Propulsion_Code,Sex_of_Driver,Skidding_and_Overturning,Towing_and_Articulation,Vehicle_Leaving_Carriageway,Vehicle_Location.Restricted_Lane,Vehicle_Manoeuvre,Vehicle_Reference,Vehicle_Type,Was_Vehicle_Left_Hand_Drive,X1st_Point_of_Impact,Year
201042I138405,Unclassified,0,Unclassified,0,Slight,None,21-09-2020,Friday,2,Auto traffic signal,T or staggered junction,15.22725514,Daylight,564210,176280,74.03413007,E01016004,1,2,0,5,Dry,Single carriageway,None,30,06:45:00,Urban,Fine no high winds,No,16 - 20,6,Urban area,3,1149,None,None,Other/Not known (2005-10),Cleared junction or waiting/parked at junction exit,RENAULT,CLIO DYNAMIQUE 16V,Petrol,Female,None,No tow/articulation,Did not leave carriageway,0,Waiting to go - held up,2,Car,No,Front,2019
201050FT2E035,B,3199,NA,0,Slight,None,18-10-2019,Tuesday,1,Data missing or out of range,Not at junction or within 20 metres,15.25751318,Daylight,291250,63720,74.14106588,E01015261,1,2,0,4,Dry,Single carriageway,None,30,10:00:00,Rural,Fine no high winds,No,16 - 20,6,Urban area,3,124,None,None,Other/Not known (2005-10),Not at or within 20 metres of junction,SUZUKI,GZ 125 K4,Petrol,Female,None,No tow/articulation,Did not leave carriageway,0,Going ahead other,2,Motorcycle 125cc and under,No,Front,2019
201045RU53835,A,320,B,375,Slight,None,20-06-2019,Friday,1,Give way or uncontrolled,T or staggered junction,28.42994072,Daylight,503640,167410,77.09413763,E01030656,1,2,0,0,Dry,Dual carriageway,None,60,17:33:00,Rural,Fine no high winds,No,16 - 20,6,Urban area,7,1124,Kerb,None,Other/Not known (2005-10),Approaching junction or waiting/parked at junction approach,CITROEN,C2 L,Petrol,Female,Skidded,No tow/articulation,Did not leave carriageway,0,Going ahead left-hand bend,1,Car,No,Front,2019
20104100G0432,A,505,NA,,Slight,None,05-06-2019,Thursday,1,Give way or uncontrolled,Private drive or entrance,13.03365427,Daylight,519800,229980,77.53702943,E01023618,1,2,0,4,Dry,Single carriageway,None,30,18:50:00,Urban,Fine no high winds,No,16 - 20,6,Urban area,8,1598,None,None,Other/Not known (2005-10),Entering main road,RENAULT,SCENIC EXPRESSION 16V,Petrol,Female,None,No tow/articulation,Did not leave carriageway,0,Turning right,2,Taxi/Private hire car,No,Offside,2020
201050FT2M023,Unclassified,0,Unclassified,0,Slight,None,11-05-2020,Thursday,1,Give way or uncontrolled,T or staggered junction,12.98166045,Daylight,290700,66360,77.63943926,E01015252,2,2,0,0,Dry,Single carriageway,None,30,17:16:00,Urban,Fine no high winds,No,16 - 20,6,Urban area,3,1997,None,None,Commuting to/from work,Entering main road,PEUGEOT,307 SE HDI 90,Heavy oil,Female,None,No tow/articulation,Did not leave carriageway,0,Moving off,1,Car,No,Front,2020
201034TM42750,Motorway,1,NA,0,Slight,None,23-11-2021,Friday,1,Data missing or out of range,Not at junction or within 20 metres,8.882105548,Daylight,456520,277120,76.61818366,E01027030,5,6,0,0,Dry,Dual carriageway,None,70,17:45:00,Rural,Fine no high winds,No,16 - 20,6,Data missing or out of range,NA,1796,None,None,Other/Not known (2005-10),Not at or within 20 metres of junction,VAUXHALL,ASTRA COUPE CONVERTIBLE,Petrol,Female,None,No tow/articulation,Did not leave carriageway,0,Going ahead other,3,Car,No,Front,2020
20104100D0164,Unclassified,1565,Unclassified,1565,Slight,None,11-11-2020,Thursday,2,Give way or uncontrolled,T or staggered junction,26.46334109,Daylight,507870,210290,74.58915187,E01023435,1,2,0,0,Dry,Single carriageway,None,30,09:00:00,Urban,Fine no high winds,No,16 - 20,6,Urban area,6,1149,None,None,Other/Not known (2005-10),Mid Junction - on roundabout or on main road,RENAULT,CLIO EXPRESSION 16V,Petrol,Female,None,No tow/articulation,Did not leave carriageway,0,Going ahead other,2,Car,No,Front,2020
20104100J0467,Unclassified,98,Unclassified,180,Slight,None,16-11-2019,Tuesday,1,Give way or uncontrolled,T or staggered junction,26.45991334,Daylight,513270,195510,74.58703558,E01023563,1,2,0,0,Dry,Single carriageway,None,30,09:02:00,Urban,Fine no high winds,No,16 - 20,6,Small town,10,1299,None,None,Other/Not known (2005-10),Leaving main road,FORD,KA,Petrol,Female,None,No tow/articulation,Did not leave carriageway,0,Turning right,1,Car,No,Nearside,2020
201050CD3D018,Unclassified,0,Unclassified,0,Slight,None,12-03-2019,Saturday,2,Give way or uncontrolled,Roundabout,26.46940067,Daylight,245480,126720,80.33426576,E01020282,1,3,0,1,Dry,Single carriageway,None,20,20:35:00,Urban,Fine no high winds,No,16 - 20,6,Rural,4,1242,None,None,Other/Not known (2005-10),Approaching junction or waiting/parked at junction approach,FIAT,PUNTO ACTIVE 8V,Petrol,Female,None,No tow/articulation,Did not leave carriageway,0,Going ahead other,1,Car,No,Front,2020
201043S029030,C,28,NA,0,Slight,None,03-01-2020,Monday,1,Data missing or out of range,Not at junction or within 20 metres,26.44729616,Daylight,484890,243770,80.31561224,E01016760,1,2,0,0,Frost or ice,Single carriageway,None,60,08:33:00,Rural,Fine no high winds,No,16 - 20,6,Small town,10,1388,None,None,Other/Not known (2005-10),Not at or within 20 metres of junction,FORD,FIESTA FLAME,Petrol,Female,None,No tow/articulation,Did not leave carriageway,0,Going ahead other,1,Car,No,Did not impact,2020
201045WA49295,A,325,B,3384,Slight,None,19-02-2021,Friday,1,Give way or uncontrolled,Private drive or entrance,28.72838391,Daylight,482300,144500,77.31219052,E01030906,3,3,0,0,Dry,Single carriageway,None,30,17:15:00,Urban,Fine no high winds,No,16 - 20,6,Urban area,8,1199,None,None,Other/Not known (2005-10),Mid Junction - on roundabout or on main road,VAUXHALL,CORSA DESIGN 16V,Petrol,Female,None,No tow/articulation,Offside,0,Turning right,1,Car,No,Nearside,2020
20105500C0770,A,3049,Unclassified,0,Slight,None,19-07-2020,Friday,2,Give way or uncontrolled,T or staggered junction,28.57764656,Daylight,408700,93340,77.2637173,E01015346,1,3,0,0,Dry,Single carriageway,None,30,14:05:00,Urban,Fine no high winds,No,16 - 20,6,Urban area,6,1995,None,None,Other/Not known (2005-10),Approaching junction or waiting/parked at junction approach,BMW,320 CD SPORT AUTO,Heavy oil,Female,None,No tow/articulation,Did not leave carriageway,0,Waiting to go - held up,1,Car,No,Front,2020
201043W143090,A(M),329,A(M),329,Slight,None,31-03-2019,Tuesday,1,Give way or uncontrolled,Slip road,28.55912623,Daylight,477150,171790,77.15744943,E01016661,1,2,0,0,Dry,Dual carriageway,None,70,16:05:00,Rural,Fine no high winds,No,16 - 20,6,Urban area,9,1590,None,Central crash barrier,Commuting to/from work,Entering from slip road,HONDA,CIVIC SPORT,Petrol,Female,None,No tow/articulation,Offside on to central reservation,0,Going ahead left-hand bend,2,Car,No,Front,2020
201043N004080,A,4146,NA,0,Slight,None,07-01-2021,Monday,1,Data missing or out of range,Not at junction or within 20 metres,28.63723707,Daylight,487670,231390,77.18873798,E01017669,3,3,0,0,Dry,Dual carriageway,None,60,18:25:00,Rural,Fine no high winds,No,16 - 20,6,Urban area,10,1360,None,None,Other/Not known (2005-10),Not at or within 20 metres of junction,PEUGEOT,206 S,Petrol,Female,None,No tow/articulation,Did not leave carriageway,0,Going ahead other,3,Car,No,Front,2020
201045RU49303,A,30,NA,0,Slight,None,21-02-2020,Thursday,1,Data missing or out of range,Not at junction or within 20 metres,28.56574063,Daylight,500990,171720,77.26020859,E01030668,1,1,0,0,Wet or damp,Dual carriageway,None,50,11:16:00,Rural,Fine no high winds,No,16 - 20,6,Urban area,7,1124,None,Tree,Other/Not known (2005-10),Not at or within 20 metres of junction,CITROEN,C2 SX,Petrol,Female,None,No tow/articulation,Nearside,0,Going ahead other,1,Car,No,Offside,2020
20104100D0613,Unclassified,657,Unclassified,754,Slight,None,16-09-2021,Thursday,1,Give way or uncontrolled,T or staggered junction,28.66075974,Daylight,504260,206330,77.23160054,E01023379,1,2,0,0,Dry,Single carriageway,None,30,08:08:00,Urban,Fine no high winds,No,16 - 20,6,Urban area,10,124,None,None,Other/Not known (2005-10),Mid Junction - on roundabout or on main road,SUZUKI,GZ 125 K4,Petrol,Female,None,No tow/articulation,Did not leave carriageway,0,Slowing or stopping,2,Motorcycle 125cc and under,No,Offside,2020
201045TA50311,Unclassified,355,NA,0,Slight,None,26-01-2021,Wednesday,1,Data missing or out of range,Not at junction or within 20 metres,28.71913865,Daylight,529730,148370,77.35381158,E01030813,1,4,0,0,Dry,Single carriageway,None,40,08:36:00,Urban,Fine no high winds,No,16 - 20,6,Urban area,6,1598,Parked vehicle,Other permanent object,Taking pupil to/from school,Not at or within 20 metres of junction,MINI,MINI ONE AUTO,Petrol,Female,None,No tow/articulation,Nearside,0,Going ahead other,1,Car,No,Front,2020
201045MO52475,Unclassified,301,Unclassified,0,Slight,None,13-04-2020,Monday,1,Give way or uncontrolled,Private drive or entrance,28.64417814,Daylight,518290,146020,77.07942202,E01030544,1,2,0,0,Dry,Single carriageway,None,60,17:40:00,Rural,Fine no high winds,No,16 - 20,6,Data missing or out of range,NA,1360,None,Tree,Other/Not known (2005-10),Mid Junction - on roundabout or on main road,PEUGEOT,206 ZEST,Petrol,Female,None,No tow/articulation,Nearside,0,Moving off,2,Car,No,Front,2020
20104100A0316,A,1184,NA,,Slight,None,04-08-2020,Monday,1,Give way or uncontrolled,Private drive or entrance,28.60982705,Daylight,548320,215710,77.35719588,E01023499,1,3,0,4,Dry,Single carriageway,None,30,12:50:00,Urban,Fine no high winds,No,16 - 20,6,Urban area,10,1299,None,None,Commuting to/from work,Approaching junction or waiting/parked at junction approach,FORD,KA,Petrol,Female,None,No tow/articulation,Did not leave carriageway,0,Slowing or stopping,1,Car,No,Front,2020
201037L018413,B,1127,NA,0,Slight,None,29-09-2019,Friday,2,Data missing or out of range,Not at junction or within 20 metres,28.65769021,Daylight,649970,282110,77.27613454,E01030295,1,2,0,0,Dry,Single carriageway,None,30,14:45:00,Rural,Fine no high winds,No,16 - 20,6,Urban area,3,49,None,None,Other/Not known (2005-10),Not at or within 20 metres of junction,PIAGGIO,ZIP,Petrol,Female,None,No tow/articulation,Did not leave carriageway,0,Going ahead other,2,Motorcycle 50cc and under,No,Offside,2020
201043P040060,Unclassified,223,NA,0,Slight,Any animal in carriageway (except ridden horse),01-11-2020,Friday,1,Data missing or out of range,Not at junction or within 20 metres,18.58436698,Daylight,458210,202840,73.81097076,E01028640,1,2,0,0,Dry,Single carriageway,None,30,15:30:00,Rural,Fine no high winds,No,16 - 20,6,Rural,8,2000,Any animal (except ridden horse),None,Other/Not known (2005-10),Not at or within 20 metres of junction,VOLKSWAGEN,GOLF S SDI,Heavy oil,Female,None,No tow/articulation,Did not leave carriageway,0,Going ahead other,1,Car,No,Front,2021
201042I303609,B,1414,Unclassified,0,Slight,None,10-08-2021,Thursday,1,Give way or uncontrolled,T or staggered junction,18.58130447,Daylight,618630,223670,73.91640876,E01021974,1,2,0,0,Dry,Single carriageway,None,60,13:05:00,Rural,Fine no high winds,No,16 - 20,6,Rural,4,1198,None,None,Other/Not known (2005-10),Entering main road,VOLKSWAGEN,POLO E,Petrol,Female,None,No tow/articulation,Nearside,0,Turning right,1,Car,No,Offside,2021
201050EL2A011,B,3250,Unclassified,0,Slight,None,15-10-2021,Monday,1,Auto traffic signal,T or staggered junction,18.61081245,Daylight,248650,56430,73.95511027,E01015034,1,2,0,0,Dry,Single carriageway,None,30,13:04:00,Urban,Fine no high winds,No,16 - 20,6,Urban area,5,1360,None,None,Journey as part of work,Mid Junction - on roundabout or on main road,CITROEN,C3 DESIRE,Petrol,Female,None,No tow/articulation,Did not leave carriageway,0,Going ahead other,2,Car,No,Offside,2021
2010550C53829,C,0,Unclassified,0,Slight,None,01-07-2019,Wednesday,1,Give way or uncontrolled,T or staggered junction,18.5245511,Daylight,407730,91760,73.74398505,E01015347,1,2,0,0,Dry,Single carriageway,None,30,07:55:00,Urban,Fine no high winds,No,16 - 20,6,Urban area,4,999,None,None,Other/Not known (2005-10),Entering main road,VOLKSWAGEN,LUPO E,Petrol,Female,None,No tow/articulation,Did not leave carriageway,0,Turning right,1,Car,No,Front,2021
201050EC2D015,Unclassified,0,Unclassified,0,Slight,None,30-10-2020,Wednesday,2,Stop sign,T or staggered junction,18.48891695,Daylight,246320,53870,73.74076622,E01015157,1,2,0,0,Dry,One way street,None,30,14:30:00,Urban,Fine no high winds,No,16 - 20,6,Urban area,9,1299,None,None,Other/Not known (2005-10),Approaching junction or waiting/parked at junction approach,FORD,KA,Petrol,Female,None,No tow/articulation,Did not leave carriageway,0,Waiting to turn right,2,Car,No,Back,2021
201042I333010,Unclassified,0,NA,0,Slight,None,31-07-2019,Sunday,1,Not at junction or within 20 metres,Not at junction or within 20 metres,18.53784484,Daylight,547710,209560,73.9041388,E01021826,1,1,0,0,Dry,Single carriageway,None,30,17:35:00,Urban,Fine no high winds,No,16 - 20,6,Urban area,10,1124,None,None,Other/Not known (2005-10),Not at or within 20 metres of junction,CITROEN,C2 LX,Petrol,Female,None,No tow/articulation,Did not leave carriageway,0,Going ahead other,1,Car,No,Front,2021
201043P280060,A,361,NA,0,Slight,None,21-06-2020,Monday,2,Data missing or out of range,Not at junction or within 20 metres,18.60715307,Daylight,439440,231890,73.83463742,E01028795,2,2,0,0,Dry,Single carriageway,None,60,15:00:00,Rural,Fine no high winds,No,16 - 20,6,Urban area,9,1124,None,Tree,Other/Not known (2005-10),Not at or within 20 metres of junction,CITROEN,C2 SX,Petrol,Female,Skidded,No tow/articulation,Nearside,0,Going ahead other,2,Car,No,Front,2021
201050BT2H003,Unclassified,0,Unclassified,0,Slight,None,18-02-2019,Wednesday,2,Give way or uncontrolled,Other junction,18.62277892,Daylight,243150,55450,73.76937232,E01018798,1,1,1,4,Dry,Single carriageway,None,30,08:25:00,Rural,Fine no high winds,No,16 - 20,6,Small town,8,995,None,None,Other/Not known (2005-10),Approaching junction or waiting/parked at junction approach,DAEWOO,MATIZ SE+,Petrol,Female,None,No tow/articulation,Did not leave carriageway,0,Going ahead other,1,Car,No,Front,2021
201045MO53301,Unclassified,2596,NA,0,Slight,None,15-06-2020,Sunday,1,Data missing or out of range,Not at junction or within 20 metres,19.09042419,Daylight,514000,156000,72.89300238,E01030543,1,1,0,0,Wet or damp,Single carriageway,None,30,09:51:00,Urban,Fine no high winds,No,16 - 20,6,Urban area,10,1124,Kerb,Lamp post,Commuting to/from work,Not at or within 20 metres of junction,PEUGEOT,206 FEVER,Petrol,Female,Overturned,No tow/articulation,Nearside,0,Going ahead other,1,Car,No,Front,2021
201043S011050,A,5,NA,0,Slight,None,22-06-2019,Sunday,1,Data missing or out of range,Not at junction or within 20 metres,19.16593033,Daylight,484910,237020,72.88124666,E01016728,1,1,0,0,Wet or damp,Dual carriageway,None,70,16:28:00,Rural,Fine no high winds,No,16 - 20,6,Small town,7,1149,None,None,Other/Not known (2005-10),Not at or within 20 metres of junction,RENAULT,CLIO DYNAMIQUE 16V,Petrol,Female,Skidded,No tow/articulation,Nearside,0,Going ahead other,1,Car,No,Front,2021
201042I183406,B,1017,Unclassified,0,Slight,None,22-10-2020,Tuesday,2,Give way or uncontrolled,T or staggered junction,19.10473185,Daylight,594060,187530,72.87416329,E01021924,1,2,0,0,Dry,Single carriageway,None,30,14:30:00,Rural,Fine no high winds,No,16 - 20,6,Rural,6,49,None,None,Other/Not known (2005-10),Approaching junction or waiting/parked at junction approach,PEUGEOT,SPEEDFIGHT,Petrol,Female,None,No tow/articulation,Did not leave carriageway,0,Overtaking static vehicle - offside,1,Motorcycle 50cc and under,No,Front,2021
201054ES21010,A,338,NA,,Slight,None,28-09-2019,Sunday,1,Give way or uncontrolled,Private drive or entrance,14.79601004,Daylight,414490,128950,78.47568991,E01032006,1,2,0,0,Dry,Dual carriageway,None,40,10:05:00,Urban,Fine no high winds,No,16 - 20,6,Urban area,9,1399,None,None,Other/Not known (2005-10),Approaching junction or waiting/parked at junction approach,DAEWOO,KALOS SX 16V,Petrol,Female,None,No tow/articulation,Did not leave carriageway,0,Changing lane to left,1,Car,No,Nearside,2019
201001CW10822,A,404,C,0,Slight,None,22-04-2010,Thursday,1,Give way or uncontrolled,T or staggered junction,51.522965,Daylight,525330,182000,-0.194873,E01004755,1,1,0,0,Dry,Single carriageway,None,30,16:50:00,Urban,Fine no high winds,No,16 - 20,6,Urban area,6,1598,None,None,Other/Not known (2005-10),Mid Junction - on roundabout or on main road,MINI,MINI ONE,Petrol,Female,None,No tow/articulation,Did not leave carriageway,0,Going ahead right-hand bend,1,Car,No,Nearside,2010
201001CW11887,C,0,Unclassified,0,Slight,None,02-09-2010,Thursday,1,Auto traffic signal,T or staggered junction,51.503696,Daylight,529480,179960,-0.135837,E01004736,1,2,0,5,Dry,Single carriageway,None,30,10:20:00,Urban,Fine no high winds,No,16 - 20,6,Urban area,5,1595,None,None,Other/Not known (2005-10),Mid Junction - on roundabout or on main road,VOLKSWAGEN,GOLF MATCH AUTO,Petrol,Female,None,No tow/articulation,Did not leave carriageway,0,Going ahead other,1,Car,No,Front,2010
201001JI40390,Unclassified,0,Unclassified,0,Slight,None,28-06-2010,Monday,1,Give way or uncontrolled,T or staggered junction,51.6005,Daylight,544220,191130,0.080973,E01003698,1,2,0,0,Dry,Single carriageway,None,30,09:50:00,Urban,Fine no high winds,No,16 - 20,6,Urban area,8,1299,None,None,Other/Not known (2005-10),Mid Junction - on roundabout or on main road,FORD,KA SUBLIME,Petrol,Female,None,No tow/articulation,Did not leave carriageway,0,Going ahead other,1,Car,No,Offside,2010
201001KD50420,Unclassified,0,Unclassified,0,Slight,None,09-08-2010,Monday,1,Give way or uncontrolled,T or staggered junction,51.556449,Daylight,554160,186520,0.222361,E01002290,1,2,0,0,Dry,Single carriageway,None,30,09:00:00,Urban,Fine no high winds,No,16 - 20,6,Urban area,9,1390,None,None,Journey as part of work,Approaching junction or waiting/parked at junction approach,VOLKSWAGEN,GOLF FSI S,Petrol,Female,None,No tow/articulation,Did not leave carriageway,0,Turning right,1,Car,No,Offside,2010
201001KD50572,A,125,A,124,Slight,None,29-10-2010,Friday,1,Auto traffic signal,T or staggered junction,51.565681,Daylight,551590,187470,0.185728,E01002249,1,2,0,5,Dry,Single carriageway,None,30,08:50:00,Urban,Fine no high winds,No,16 - 20,6,Urban area,6,1587,None,None,Other/Not known (2005-10),Approaching junction or waiting/parked at junction approach,PEUGEOT,206 SE SEMI-AUTO,Petrol,Female,None,No tow/articulation,Did not leave carriageway,0,Turning right,1,Car,No,Offside,2010
201001KD50643,B,175,C,0,Slight,None,09-12-2010,Thursday,1,Auto traffic signal,Crossroads,51.603642,Daylight,551090,191680,0.18033,E01002303,2,2,0,0,Wet or damp,Single carriageway,None,30,10:57:00,Urban,Fine no high winds,No,16 - 20,6,Urban area,5,1299,None,None,Other/Not known (2005-10),Mid Junction - on roundabout or on main road,FORD,KA LUXURY,Petrol,Female,None,No tow/articulation,Did not leave carriageway,0,Going ahead other,1,Car,No,Front,2010
201001KF60211,Unclassified,0,Unclassified,0,Slight,None,11-04-2010,Sunday,1,Give way or uncontrolled,T or staggered junction,51.51479,Daylight,540240,181480,0.019699,E01003511,1,2,0,0,Dry,Single carriageway,None,30,12:41:00,Urban,Fine no high winds,No,16 - 20,6,Urban area,1,1149,None,None,Other/Not known (2005-10),Mid Junction - on roundabout or on main road,RENAULT,CLIO DYNAMIQUE 16V,Petrol,Female,None,No tow/articulation,Did not leave carriageway,0,Waiting to go - held up,1,Car,No,Front,2010
201001KF60701,A,124,B,166,Slight,None,31-10-2010,Sunday,1,Auto traffic signal,T or staggered junction,51.522296,Daylight,540410,182320,0.022482,E01003499,1,2,0,5,Dry,Single carriageway,None,30,11:40:00,Urban,Fine no high winds,No,16 - 20,6,Urban area,3,1149,None,None,Other/Not known (2005-10),Mid Junction - on roundabout or on main road,RENAULT,CLIO DYNAMIQUE 16V,Petrol,Female,None,No tow/articulation,Did not leave carriageway,0,Turning right,2,Car,No,Front,2010
201001MM70787,B,216,C,0,Slight,None,04-09-2010,Saturday,1,Auto traffic signal,Crossroads,51.478146,Daylight,534230,177240,-0.068472,E01004008,1,2,0,5,Dry,Single carriageway,None,30,16:38:00,Urban,Fine no high winds,No,16 - 20,6,Urban area,10,1149,None,None,Other/Not known (2005-10),Mid Junction - on roundabout or on main road,RENAULT,CLIO DYNAMIQUE 16V,Petrol,Female,None,No tow/articulation,Did not leave carriageway,0,Turning right,2,Car,No,Front,2010
201001PY20235,Unclassified,0,Unclassified,0,Slight,None,20-04-2010,Tuesday,2,Give way or uncontrolled,T or staggered junction,51.307635,Daylight,541780,158470,0.032685,E01000654,1,2,0,0,Dry,Single carriageway,None,30,15:55:00,Urban,Fine no high winds,No,16 - 20,6,Data missing or out of range,NA,1242,Kerb,None,Other/Not known (2005-10),Mid Junction - on roundabout or on main road,FIAT,PUNTO ACTIVE SPORT 8V,Petrol,Female,None,No tow/articulation,Did not leave carriageway,0,Going ahead other,1,Car,No,Nearside,2010
201034TM42750,Motorway,1,NA,0,Slight,None,22-10-2010,Friday,1,Data missing or out of range,Not at junction or within 20 metres,52.389164,Daylight,456520,277120,-1.170915,E01027030,5,6,0,0,Dry,Dual carriageway,None,70,17:45:00,Rural,Fine no high winds,No,16 - 20,6,Data missing or out of range,NA,1796,None,None,Other/Not known (2005-10),Not at or within 20 metres of junction,VAUXHALL,ASTRA COUPE CONVERTIBLE,Petrol,Female,None,No tow/articulation,Did not leave carriageway,0,Going ahead other,3,Car,No,Front,2010
201037L018413,B,1127,NA,0,Slight,None,03-09-2010,Friday,2,Data missing or out of range,Not at junction or within 20 metres,52.379889,Daylight,649970,282110,1.671532,E01030295,1,2,0,0,Dry,Single carriageway,None,30,14:45:00,Rural,Fine no high winds,No,16 - 20,6,Urban area,3,49,None,None,Other/Not known (2005-10),Not at or within 20 metres of junction,PIAGGIO,ZIP,Petrol,Female,None,No tow/articulation,Did not leave carriageway,0,Going ahead other,2,Motorcycle 50cc and under,No,Offside,2010
2010400C01754,B,579,NA,0,Slight,None,14-06-2010,Monday,1,Data missing or out of range,Not at junction or within 20 metres,51.899025,Daylight,506960,223420,-0.446849,E01015785,1,2,0,0,Dry,Single carriageway,None,30,18:46:00,Urban,Fine no high winds,No,16 - 20,6,Urban area,2,1587,None,None,Other/Not known (2005-10),Not at or within 20 metres of junction,PEUGEOT,307 S,Petrol,Female,None,No tow/articulation,Did not leave carriageway,0,Slowing or stopping,2,Car,No,Back,2010
20104100A0316,A,1184,NA,,Slight,None,24-05-2010,Monday,1,Give way or uncontrolled,Private drive or entrance,51.820288,Daylight,548320,215710,0.150581,E01023499,1,3,0,4,Dry,Single carriageway,None,30,12:50:00,Urban,Fine no high winds,No,16 - 20,6,Urban area,10,1299,None,None,Commuting to/from work,Approaching junction or waiting/parked at junction approach,FORD,KA,Petrol,Female,None,No tow/articulation,Did not leave carriageway,0,Slowing or stopping,1,Car,No,Front,2010
20104100D0164,Unclassified,1565,Unclassified,1565,Slight,None,04-03-2010,Thursday,2,Give way or uncontrolled,T or staggered junction,51.78084,Daylight,507870,210290,-0.437719,E01023435,1,2,0,0,Dry,Single carriageway,None,30,09:00:00,Urban,Fine no high winds,No,16 - 20,6,Urban area,6,1149,None,None,Other/Not known (2005-10),Mid Junction - on roundabout or on main road,RENAULT,CLIO EXPRESSION 16V,Petrol,Female,None,No tow/articulation,Did not leave carriageway,0,Going ahead other,2,Car,No,Front,2010
20104100D0613,Unclassified,657,Unclassified,754,Slight,None,12-08-2010,Thursday,1,Give way or uncontrolled,T or staggered junction,51.74593,Daylight,504260,206330,-0.491217,E01023379,1,2,0,0,Dry,Single carriageway,None,30,08:08:00,Urban,Fine no high winds,No,16 - 20,6,Urban area,10,124,None,None,Other/Not known (2005-10),Mid Junction - on roundabout or on main road,SUZUKI,GZ 125 K4,Petrol,Female,None,No tow/articulation,Did not leave carriageway,0,Slowing or stopping,2,Motorcycle 125cc and under,No,Offside,2010
20104100G0432,A,505,NA,,Slight,None,19-08-2010,Thursday,1,Give way or uncontrolled,Private drive or entrance,51.955368,Daylight,519800,229980,-0.258037,E01023618,1,2,0,4,Dry,Single carriageway,None,30,18:50:00,Urban,Fine no high winds,No,16 - 20,6,Urban area,8,1598,None,None,Other/Not known (2005-10),Entering main road,RENAULT,SCENIC EXPRESSION 16V,Petrol,Female,None,No tow/articulation,Did not leave carriageway,0,Turning right,2,Taxi/Private hire car,No,Offside,2010
20104100J0467,Unclassified,98,Unclassified,180,Slight,None,31-08-2010,Tuesday,1,Give way or uncontrolled,T or staggered junction,51.646936,Daylight,513270,195510,-0.364274,E01023563,1,2,0,0,Dry,Single carriageway,None,30,09:02:00,Urban,Fine no high winds,No,16 - 20,6,Small town,10,1299,None,None,Other/Not known (2005-10),Leaving main road,FORD,KA,Petrol,Female,None,No tow/articulation,Did not leave carriageway,0,Turning right,1,Car,No,Nearside,2010
20104100T3310,Motorway,25,NA,0,Slight,None,16-12-2010,Thursday,2,Not at junction or within 20 metres,Not at junction or within 20 metres,51.714163,Daylight,518500,203110,-0.28614,E01023704,1,2,0,0,Wet or damp,Dual carriageway,None,70,10:10:00,Rural,Fine no high winds,No,16 - 20,6,Urban area,7,998,None,None,Commuting to/from work,Not at or within 20 metres of junction,VAUXHALL,CORSA LIFE TWINPORT,Petrol,Female,None,No tow/articulation,Did not leave carriageway,8,Changing lane to right,2,Car,No,Offside,2010
201042I138405,Unclassified,0,Unclassified,0,Slight,None,07-05-2010,Friday,2,Auto traffic signal,T or staggered junction,51.461619,Daylight,564210,176280,0.36244,E01016004,1,2,0,5,Dry,Single carriageway,None,30,06:45:00,Urban,Fine no high winds,No,16 - 20,6,Urban area,3,1149,None,None,Other/Not known (2005-10),Cleared junction or waiting/parked at junction exit,RENAULT,CLIO DYNAMIQUE 16V,Petrol,Female,None,No tow/articulation,Did not leave carriageway,0,Waiting to go - held up,2,Car,No,Front,2010
201042I183406,B,1017,Unclassified,0,Slight,None,08-06-2010,Tuesday,2,Give way or uncontrolled,T or staggered junction,51.553216,Daylight,594060,187530,0.797817,E01021924,1,2,0,0,Dry,Single carriageway,None,30,14:30:00,Rural,Fine no high winds,No,16 - 20,6,Rural,6,49,None,None,Other/Not known (2005-10),Approaching junction or waiting/parked at junction approach,PEUGEOT,SPEEDFIGHT,Petrol,Female,None,No tow/articulation,Did not leave carriageway,0,Overtaking static vehicle - offside,1,Motorcycle 50cc and under,No,Front,2010
201042I254008,B,1008,Unclassified,0,Slight,None,08-08-2010,Sunday,1,Give way or uncontrolled,T or staggered junction,51.762954,Daylight,570760,210040,0.473072,E01021543,3,2,0,0,Dry,Single carriageway,None,30,14:09:00,Urban,Fine no high winds,No,16 - 20,6,Urban area,10,1124,None,None,Other/Not known (2005-10),Mid Junction - on roundabout or on main road,PEUGEOT,206 S,Petrol,Female,None,No tow/articulation,Did not leave carriageway,0,Turning right,1,Car,No,Front,2010