Accident_Index,1st_Road_Class,1st_Road_Number,2nd_Road_Class,2nd_Road_Number,Accident_Severity,Carriageway_Hazards,Date,Day_of_Week,Did_Police_Officer_Attend_Scene_of_Accident,Junction_Control,Junction_Detail,Latitude,Light_Conditions,Location_Easting_OSGR,Location_Northing_OSGR,Longitude,LSOA_of_Accident_Location,Number_of_Casualties,Number_of_Vehicles,Pedestrian_Crossing-Human_Control,Pedestrian_Crossing-Physical_Facilities,Road_Surface_Conditions,Road_Type,Special_Conditions_at_Site,Speed_limit,Time,Urban_or_Rural_Area,Weather_Conditions,InScotland,Age_Band_of_Driver,Age_of_Vehicle,Driver_Home_Area_Type,Driver_IMD_Decile,Engine_Capacity_.CC.,Hit_Object_in_Carriageway,Hit_Object_off_Carriageway,Journey_Purpose_of_Driver,Junction_Location,make,model,Propulsion_Code,Sex_of_Driver,Skidding_and_Overturning,Towing_and_Articulation,Vehicle_Leaving_Carriageway,Vehicle_Location.Restricted_Lane,Vehicle_Manoeuvre,Vehicle_Reference,Vehicle_Type,Was_Vehicle_Left_Hand_Drive,X1st_Point_of_Impact,Year
201042I303609,B,1414,Unclassified,0,Slight,None,16-09-2010,Thursday,1,Give way or uncontrolled,T or staggered junction,51.868689,Daylight,618630,223670,1.174333,E01021974,1,2,0,0,Dry,Single carriageway,None,60,13:05:00,Rural,Fine no high winds,No,16 - 20,6,Rural,4,1198,None,None,Other/Not known (2005-10),Entering main road,VOLKSWAGEN,POLO E,Petrol,Female,None,No tow/articulation,Nearside,0,Turning right,1,Car,No,Offside,2010
201042I333010,Unclassified,0,NA,0,Slight,None,10-10-2010,Sunday,1,Not at junction or within 20 metres,Not at junction or within 20 metres,51.765192,Daylight,547710,209560,0.13912,E01021826,1,1,0,0,Dry,Single carriageway,None,30,17:35:00,Urban,Fine no high winds,No,16 - 20,6,Urban area,10,1124,None,None,Other/Not known (2005-10),Not at or within 20 metres of junction,CITROEN,C2 LX,Petrol,Female,None,No tow/articulation,Did not leave carriageway,0,Going ahead other,1,Car,No,Front,2010
201043N004080,A,4146,NA,0,Slight,None,02-08-2010,Monday,1,Data missing or out of range,Not at junction or within 20 metres,51.97403,Daylight,487670,231390,-0.7251,E01017669,3,3,0,0,Dry,Dual carriageway,None,60,18:25:00,Rural,Fine no high winds,No,16 - 20,6,Urban area,10,1360,None,None,Other/Not known (2005-10),Not at or within 20 metres of junction,PEUGEOT,206 S,Petrol,Female,None,No tow/articulation,Did not leave carriageway,0,Going ahead other,3,Car,No,Front,2010
201043P040060,Unclassified,223,NA,0,Slight,Any animal in carriageway (except ridden horse),04-06-2010,Friday,1,Data missing or out of range,Not at junction or within 20 metres,51.721224,Daylight,458210,202840,-1.158723,E01028640,1,2,0,0,Dry,Single carriageway,None,30,15:30:00,Rural,Fine no high winds,No,16 - 20,6,Rural,8,2000,Any animal (except ridden horse),None,Other/Not known (2005-10),Not at or within 20 metres of junction,VOLKSWAGEN,GOLF S SDI,Heavy oil,Female,None,No tow/articulation,Did not leave carriageway,0,Going ahead other,1,Car,No,Front,2010
201043P274050,Unclassified,204,Unclassified,0,Slight,None,17-05-2010,Monday,1,Give way or uncontrolled,T or staggered junction,51.617268,Daylight,466570,191380,-1.039895,E01028678,2,1,0,0,Wet or damp,Single carriageway,None,60,08:32:00,Rural,Fine no high winds,No,16 - 20,6,Data missing or out of range,NA,998,None,Tree,Pupil riding to/from school,Approaching junction or waiting/parked at junction approach,VAUXHALL,CORSA DESIGN TWINPORT,Petrol,Female,None,No tow/articulation,Straight ahead at junction,0,Going ahead right-hand bend,1,Car,No,Front,2010
201043P280060,A,361,NA,0,Slight,None,28-06-2010,Monday,2,Data missing or out of range,Not at junction or within 20 metres,51.984034,Daylight,439440,231890,-1.427127,E01028795,2,2,0,0,Dry,Single carriageway,None,60,15:00:00,Rural,Fine no high winds,No,16 - 20,6,Urban area,9,1124,None,Tree,Other/Not known (2005-10),Not at or within 20 metres of junction,CITROEN,C2 SX,Petrol,Female,Skidded,No tow/articulation,Nearside,0,Going ahead other,2,Car,No,Front,2010
201043S011050,A,5,NA,0,Slight,None,02-05-2010,Sunday,1,Data missing or out of range,Not at junction or within 20 metres,52.025065,Daylight,484910,237020,-0.763877,E01016728,1,1,0,0,Wet or damp,Dual carriageway,None,70,16:28:00,Rural,Fine no high winds,No,16 - 20,6,Small town,7,1149,None,None,Other/Not known (2005-10),Not at or within 20 metres of junction,RENAULT,CLIO DYNAMIQUE 16V,Petrol,Female,Skidded,No tow/articulation,Nearside,0,Going ahead other,1,Car,No,Front,2010
201043S029030,C,28,NA,0,Slight,None,01-03-2010,Monday,1,Data missing or out of range,Not at junction or within 20 metres,52.085742,Daylight,484890,243770,-0.762493,E01016760,1,2,0,0,Frost or ice,Single carriageway,None,60,08:33:00,Rural,Fine no high winds,No,16 - 20,6,Small town,10,1388,None,None,Other/Not known (2005-10),Not at or within 20 metres of junction,FORD,FIESTA FLAME,Petrol,Female,None,No tow/articulation,Did not leave carriageway,0,Going ahead other,1,Car,No,Did not impact,2010
201043W143090,A(M),329,A(M),329,Slight,None,21-09-2010,Tuesday,1,Give way or uncontrolled,Slip road,51.439807,Daylight,477150,171790,-0.891395,E01016661,1,2,0,0,Dry,Dual carriageway,None,70,16:05:00,Rural,Fine no high winds,No,16 - 20,6,Urban area,9,1590,None,Central crash barrier,Commuting to/from work,Entering from slip road,HONDA,CIVIC SPORT,Petrol,Female,None,No tow/articulation,Offside on to central reservation,0,Going ahead left-hand bend,2,Car,No,Front,2010
201045MO52475,Unclassified,301,Unclassified,0,Slight,None,19-07-2010,Monday,1,Give way or uncontrolled,Private drive or entrance,51.201097,Daylight,518290,146020,-0.308259,E01030544,1,2,0,0,Dry,Single carriageway,None,60,17:40:00,Rural,Fine no high winds,No,16 - 20,6,Data missing or out of range,NA,1360,None,Tree,Other/Not known (2005-10),Mid Junction - on roundabout or on main road,PEUGEOT,206 ZEST,Petrol,Female,None,No tow/articulation,Nearside,0,Moving off,2,Car,No,Front,2010
201045MO53301,Unclassified,2596,NA,0,Slight,None,15-08-2010,Sunday,1,Data missing or out of range,Not at junction or within 20 metres,51.291673,Daylight,514000,156000,-0.366461,E01030543,1,1,0,0,Wet or damp,Single carriageway,None,30,09:51:00,Urban,Fine no high winds,No,16 - 20,6,Urban area,10,1124,Kerb,Lamp post,Commuting to/from work,Not at or within 20 metres of junction,PEUGEOT,206 FEVER,Petrol,Female,Overturned,No tow/articulation,Nearside,0,Going ahead other,1,Car,No,Front,2010
201045RU49303,A,30,NA,0,Slight,None,18-02-2010,Thursday,1,Data missing or out of range,Not at junction or within 20 metres,51.435433,Daylight,500990,171720,-0.548516,E01030668,1,1,0,0,Wet or damp,Dual carriageway,None,50,11:16:00,Rural,Fine no high winds,No,16 - 20,6,Urban area,7,1124,None,Tree,Other/Not known (2005-10),Not at or within 20 metres of junction,CITROEN,C2 SX,Petrol,Female,None,No tow/articulation,Nearside,0,Going ahead other,1,Car,No,Offside,2010
201045RU53835,A,320,B,375,Slight,None,10-09-2010,Friday,1,Give way or uncontrolled,T or staggered junction,51.396214,Daylight,503640,167410,-0.511665,E01030656,1,2,0,0,Dry,Dual carriageway,None,60,17:33:00,Rural,Fine no high winds,No,16 - 20,6,Urban area,7,1124,Kerb,None,Other/Not known (2005-10),Approaching junction or waiting/parked at junction approach,CITROEN,C2 L,Petrol,Female,Skidded,No tow/articulation,Did not leave carriageway,0,Going ahead left-hand bend,1,Car,No,Front,2010
201045TA50311,Unclassified,355,NA,0,Slight,None,05-05-2010,Wednesday,1,Data missing or out of range,Not at junction or within 20 metres,51.219736,Daylight,529730,148370,-0.143752,E01030813,1,4,0,0,Dry,Single carriageway,None,40,08:36:00,Urban,Fine no high winds,No,16 - 20,6,Urban area,6,1598,Parked vehicle,Other permanent object,Taking pupil to/from school,Not at or within 20 metres of junction,MINI,MINI ONE AUTO,Petrol,Female,None,No tow/articulation,Nearside,0,Going ahead other,1,Car,No,Front,2010
201045WA49295,A,325,B,3384,Slight,None,05-03-2010,Friday,1,Give way or uncontrolled,Private drive or entrance,51.193745,Daylight,482300,144500,-0.823607,E01030906,3,3,0,0,Dry,Single carriageway,None,30,17:15:00,Urban,Fine no high winds,No,16 - 20,6,Urban area,8,1199,None,None,Other/Not known (2005-10),Mid Junction - on roundabout or on main road,VAUXHALL,CORSA DESIGN 16V,Petrol,Female,None,No tow/articulation,Offside,0,Turning right,1,Car,No,Nearside,2010
201050BT2H003,Unclassified,0,Unclassified,0,Slight,None,10-02-2010,Wednesday,2,Give way or uncontrolled,Other junction,50.377908,Daylight,243150,55450,-4.20739,E01018798,1,1,1,4,Dry,Single carriageway,None,30,08:25:00,Rural,Fine no high winds,No,16 - 20,6,Small town,8,995,None,None,Other/Not known (2005-10),Approaching junction or waiting/parked at junction approach,DAEWOO,MATIZ SE+,Petrol,Female,None,No tow/articulation,Did not leave carriageway,0,Going ahead other,1,Car,No,Front,2010
201050CD3D018,Unclassified,0,Unclassified,0,Slight,None,15-05-2010,Saturday,2,Give way or uncontrolled,Roundabout,51.01898,Daylight,245480,126720,-4.20448,E01020282,1,3,0,1,Dry,Single carriageway,None,20,20:35:00,Urban,Fine no high winds,No,16 - 20,6,Rural,4,1242,None,None,Other/Not known (2005-10),Approaching junction or waiting/parked at junction approach,FIAT,PUNTO ACTIVE 8V,Petrol,Female,None,No tow/articulation,Did not leave carriageway,0,Going ahead other,1,Car,No,Front,2010
201050EC2D015,Unclassified,0,Unclassified,0,Slight,None,02-06-2010,Wednesday,2,Stop sign,T or staggered junction,50.364546,Daylight,246320,53870,-4.162194,E01015157,1,2,0,0,Dry,One way street,None,30,14:30:00,Urban,Fine no high winds,No,16 - 20,6,Urban area,9,1299,None,None,Other/Not known (2005-10),Approaching junction or waiting/parked at junction approach,FORD,KA,Petrol,Female,None,No tow/articulation,Did not leave carriageway,0,Waiting to turn right,2,Car,No,Back,2010
201050EL2A011,B,3250,Unclassified,0,Slight,None,19-07-2010,Monday,1,Auto traffic signal,T or staggered junction,50.388157,Daylight,248650,56430,-4.130488,E01015034,1,2,0,0,Dry,Single carriageway,None,30,13:04:00,Urban,Fine no high winds,No,16 - 20,6,Urban area,5,1360,None,None,Journey as part of work,Mid Junction - on roundabout or on main road,CITROEN,C3 DESIRE,Petrol,Female,None,No tow/articulation,Did not leave carriageway,0,Going ahead other,2,Car,No,Offside,2010
201050FT2E035,B,3199,NA,0,Slight,None,19-10-2010,Tuesday,1,Data missing or out of range,Not at junction or within 20 metres,50.463126,Daylight,291250,63720,-3.533601,E01015261,1,2,0,4,Dry,Single carriageway,None,30,10:00:00,Rural,Fine no high winds,No,16 - 20,6,Urban area,3,124,None,None,Other/Not known (2005-10),Not at or within 20 metres of junction,SUZUKI,GZ 125 K4,Petrol,Female,None,No tow/articulation,Did not leave carriageway,0,Going ahead other,2,Motorcycle 125cc and under,No,Front,2010
201050FT2M023,Unclassified,0,Unclassified,0,Slight,None,16-09-2010,Thursday,1,Give way or uncontrolled,T or staggered junction,50.486757,Daylight,290700,66360,-3.54212,E01015252,2,2,0,0,Dry,Single carriageway,None,30,17:16:00,Urban,Fine no high winds,No,16 - 20,6,Urban area,3,1997,None,None,Commuting to/from work,Entering main road,PEUGEOT,307 SE HDI 90,Heavy oil,Female,None,No tow/articulation,Did not leave carriageway,0,Moving off,1,Car,No,Front,2010
201050KH2H050,A,35,Unclassified,0,Slight,None,16-12-2010,Thursday,1,Give way or uncontrolled,T or staggered junction,50.797692,Daylight,317130,100460,-3.177283,E01019934,1,3,0,0,Wet or damp,Single carriageway,None,30,08:05:00,Rural,Fine no high winds,No,16 - 20,6,Rural,5,102,None,None,Commuting to/from work,Approaching junction or waiting/parked at junction approach,HONDA,SCV100F-E,Petrol,Female,None,No tow/articulation,Did not leave carriageway,0,Going ahead other,2,Motorcycle 50cc and under,No,Front,2010
201054ES21010,A,338,NA,,Slight,None,04-07-2010,Sunday,1,Give way or uncontrolled,Private drive or entrance,51.059649,Daylight,414490,128950,-1.794632,E01032006,1,2,0,0,Dry,Dual carriageway,None,40,10:05:00,Urban,Fine no high winds,No,16 - 20,6,Urban area,9,1399,None,None,Other/Not known (2005-10),Approaching junction or waiting/parked at junction approach,DAEWOO,KALOS SX 16V,Petrol,Female,None,No tow/articulation,Did not leave carriageway,0,Changing lane to left,1,Car,No,Nearside,2010
20105500C0770,A,3049,Unclassified,0,Slight,None,26-02-2010,Friday,2,Give way or uncontrolled,T or staggered junction,50.73954,Daylight,408700,93340,-1.87809,E01015346,1,3,0,0,Dry,Single carriageway,None,30,14:05:00,Urban,Fine no high winds,No,16 - 20,6,Urban area,6,1995,None,None,Other/Not known (2005-10),Approaching junction or waiting/parked at junction approach,BMW,320 CD SPORT AUTO,Heavy oil,Female,None,No tow/articulation,Did not leave carriageway,0,Waiting to go - held up,1,Car,No,Front,2010
2010550C53829,C,0,Unclassified,0,Slight,None,08-12-2010,Wednesday,1,Give way or uncontrolled,T or staggered junction,50.725345,Daylight,407730,91760,-1.89187,E01015347,1,2,0,0,Dry,Single carriageway,None,30,07:55:00,Urban,Fine no high winds,No,16 - 20,6,Urban area,4,999,None,None,Other/Not known (2005-10),Entering main road,VOLKSWAGEN,LUPO E,Petrol,Female,None,No tow/articulation,Did not leave carriageway,0,Turning right,1,Car,No,Front,2010
2010550D49293,B,3078,C,2,Slight,None,08-11-2010,Monday,1,Give way or uncontrolled,T or staggered junction,50.876561,Daylight,401680,108570,-1.977511,E01020398,1,3,0,0,Wet or damp,Single carriageway,None,60,08:48:00,Rural,Fine no high winds,No,16 - 20,6,Urban area,10,1242,None,None,Other/Not known (2005-10),Approaching junction or waiting/parked at junction approach,FIAT,PUNTO ACTIVE 8V,Petrol,Female,None,No tow/articulation,Did not leave carriageway,0,Waiting to go - held up,2,Car,No,Back,2010
201060L077724,A,5026,Unclassified,0,Slight,None,05-05-2010,Wednesday,1,Give way or uncontrolled,Private drive or entrance,53.266138,Daylight,319030,375040,-3.215479,W01000306,1,2,0,0,Dry,Single carriageway,None,40,08:25:00,Rural,Fine no high winds,No,16 - 20,6,Rural,NA,1124,None,None,Commuting to/from work,Approaching junction or waiting/parked at junction approach,PEUGEOT,206 INDEPENDENCE,Petrol,Female,None,No tow/articulation,Did not leave carriageway,0,Turning right,2,Car,No,Back,2010
201060L126899,A,470,Unclassified,0,Slight,None,12-07-2010,Monday,1,Give way or uncontrolled,T or staggered junction,52.994463,Daylight,270220,345880,-3.935123,W01000056,1,1,0,0,Dry,Single carriageway,None,30,20:48:00,Rural,Fine no high winds,No,16 - 20,6,Rural,NA,1398,None,None,Other/Not known (2005-10),Cleared junction or waiting/parked at junction exit,PEUGEOT,206 LX HDI,Heavy oil,Female,None,No tow/articulation,Did not leave carriageway,0,Going ahead other,1,Car,No,Front,2010
201060L150560,A,494,NA,0,Slight,None,14-08-2010,Saturday,1,Data missing or out of range,Not at junction or within 20 metres,52.914702,Daylight,293140,336440,-3.590668,W01000082,1,2,0,0,Dry,Single carriageway,None,60,17:40:00,Rural,Fine no high winds,No,16 - 20,6,Rural,NA,1124,None,None,Journey as part of work,Not at or within 20 metres of junction,CITROEN,C3 DESIRE,Petrol,Female,None,No tow/articulation,Did not leave carriageway,0,Slowing or stopping,1,Car,No,Front,2010
201060L159665,B,5120,Unclassified,0,Slight,None,27-08-2010,Friday,2,Give way or uncontrolled,T or staggered junction,53.332642,Daylight,306510,382670,-3.405388,W01000213,1,2,0,0,Dry,Single carriageway,None,30,11:30:00,Urban,Fine no high winds,No,16 - 20,6,Urban area,NA,998,None,None,Other/Not known (2005-10),Cleared junction or waiting/parked at junction exit,VAUXHALL,CORSA ACTIVE TWINPORT,Petrol,Female,None,No tow/articulation,Did not leave carriageway,0,Going ahead other,2,Car,No,Nearside,2010
201060L164646,B,4547,Unclassified,0,Slight,None,03-09-2010,Friday,1,Give way or uncontrolled,T or staggered junction,53.146164,Daylight,256080,363170,-4.153386,W01000099,1,2,0,0,Dry,Single carriageway,None,50,14:42:00,Rural,Fine no high winds,No,16 - 20,6,Rural,NA,1124,None,None,Other/Not known (2005-10),Leaving main road,PEUGEOT,206 FEVER,Petrol,Female,None,No tow/articulation,Did not leave carriageway,0,Turning right,1,Car,No,Front,2010
201001JI40390,Unclassified,0,Unclassified,0,Slight,None,28-06-2010,Monday,1,Give way or uncontrolled,T or staggered junction,51.6005,Daylight,544220,191130,0.080973,E01003698,1,2,0,0,Dry,Single carriageway,None,30,09:50:00,Urban,Fine no high winds,No,16 - 20,6,Urban area,8,1299,None,None,Other/Not known (2005-10),Mid Junction - on roundabout or on main road,FORD,KA SUBLIME,Petrol,Female,None,No tow/articulation,Did not leave carriageway,0,Going ahead other,1,Car,No,Offside,2010
201001KD50420,Unclassified,0,Unclassified,0,Slight,None,09-08-2010,Monday,1,Give way or uncontrolled,T or staggered junction,51.556449,Daylight,554160,186520,0.222361,E01002290,1,2,0,0,Dry,Single carriageway,None,30,09:00:00,Urban,Fine no high winds,No,16 - 20,6,Urban area,9,1390,None,None,Journey as part of work,Approaching junction or waiting/parked at junction approach,VOLKSWAGEN,GOLF FSI S,Petrol,Female,None,No tow/articulation,Did not leave carriageway,0,Turning right,1,Car,No,Offside,2010
201001KD50572,A,125,A,124,Slight,None,29-10-2010,Friday,1,Auto traffic signal,T or staggered junction,51.565681,Daylight,551590,187470,0.185728,E01002249,1,2,0,5,Dry,Single carriageway,None,30,08:50:00,Urban,Fine no high winds,No,16 - 20,6,Urban area,6,1587,None,None,Other/Not known (2005-10),Approaching junction or waiting/parked at junction approach,PEUGEOT,206 SE SEMI-AUTO,Petrol,Female,None,No tow/articulation,Did not leave carriageway,0,Turning right,1,Car,No,Offside,2010
201001KD50643,B,175,C,0,Slight,None,09-12-2010,Thursday,1,Auto traffic signal,Crossroads,51.603642,Daylight,551090,191680,0.18033,E01002303,2,2,0,0,Wet or damp,Single carriageway,None,30,10:57:00,Urban,Fine no high winds,No,16 - 20,6,Urban area,5,1299,None,None,Other/Not known (2005-10),Mid Junction - on roundabout or on main road,FORD,KA LUXURY,Petrol,Female,None,No tow/articulation,Did not leave carriageway,0,Going ahead other,1,Car,No,Front,2010
201001KF60211,Unclassified,0,Unclassified,0,Slight,None,11-04-2010,Sunday,1,Give way or uncontrolled,T or staggered junction,51.51479,Daylight,540240,181480,0.019699,E01003511,1,2,0,0,Dry,Single carriageway,None,30,12:41:00,Urban,Fine no high winds,No,16 - 20,6,Urban area,1,1149,None,None,Other/Not known (2005-10),Mid Junction - on roundabout or on main road,RENAULT,CLIO DYNAMIQUE 16V,Petrol,Female,None,No tow/articulation,Did not leave carriageway,0,Waiting to go - held up,1,Car,No,Front,2010
201001KF60701,A,124,B,166,Slight,None,31-10-2010,Sunday,1,Auto traffic signal,T or staggered junction,51.522296,Daylight,540410,182320,0.022482,E01003499,1,2,0,5,Dry,Single carriageway,None,30,11:40:00,Urban,Fine no high winds,No,16 - 20,6,Urban area,3,1149,None,None,Other/Not known (2005-10),Mid Junction - on roundabout or on main road,RENAULT,CLIO DYNAMIQUE 16V,Petrol,Female,None,No tow/articulation,Did not leave carriageway,0,Turning right,2,Car,No,Front,2010
201001MM70787,B,216,C,0,Slight,None,04-09-2010,Saturday,1,Auto traffic signal,Crossroads,51.478146,Daylight,534230,177240,-0.068472,E01004008,1,2,0,5,Dry,Single carriageway,None,30,16:38:00,Urban,Fine no high winds,No,16 - 20,6,Urban area,10,1149,None,None,Other/Not known (2005-10),Mid Junction - on roundabout or on main road,RENAULT,CLIO DYNAMIQUE 16V,Petrol,Female,None,No tow/articulation,Did not leave carriageway,0,Turning right,2,Car,No,Front,2010
201001PY20235,Unclassified,0,Unclassified,0,Slight,None,20-04-2010,Tuesday,2,Give way or uncontrolled,T or staggered junction,51.307635,Daylight,541780,158470,0.032685,E01000654,1,2,0,0,Dry,Single carriageway,None,30,15:55:00,Urban,Fine no high winds,No,16 - 20,6,Data missing or out of range,NA,1242,Kerb,None,Other/Not known (2005-10),Mid Junction - on roundabout or on main road,FIAT,PUNTO ACTIVE SPORT 8V,Petrol,Female,None,No tow/articulation,Did not leave carriageway,0,Going ahead other,1,Car,No,Nearside,2010
201001TW60061,A,305,A,305,Slight,None,13-03-2010,Saturday,1,Auto traffic signal,Crossroads,51.454835,Daylight,517390,174230,-0.311849,E01003894,1,2,0,0,Dry,Single carriageway,None,30,12:40:00,Urban,Fine no high winds,No,16 - 20,6,Urban area,9,1149,None,None,Other/Not known (2005-10),Mid Junction - on roundabout or on main road,RENAULT,CLIO AUTHENTIQUE,Petrol,Female,None,No tow/articulation,Did not leave carriageway,0,Turning right,1,Car,No,Offside,2010
201001TX20150,A,315,Unclassified,0,Slight,None,10-03-2010,Wednesday,1,Give way or uncontrolled,T or staggered junction,51.484033,Daylight,517880,177490,-0.303713,E01002685,1,2,0,0,Dry,Single carriageway,None,30,08:56:00,Urban,Fine no high winds,No,16 - 20,6,Urban area,3,1360,None,None,Other/Not known (2005-10),Mid Junction - on roundabout or on main road,PEUGEOT,206 S,Petrol,Female,None,No tow/articulation,Did not leave carriageway,0,Waiting to go - held up,1,Car,No,Back,2010
201001VK30294,C,0,Unclassified,0,Slight,None,23-09-2010,Thursday,1,Give way or uncontrolled,T or staggered junction,51.406469,Daylight,518740,168880,-0.29422,E01002971,1,2,0,0,Dry,Single carriageway,None,30,08:25:00,Urban,Fine no high winds,No,16 - 20,6,Urban area,7,1124,None,None,Other/Not known (2005-10),Mid Junction - on roundabout or on main road,PEUGEOT,206 ZEST,Petrol,Female,None,No tow/articulation,Did not leave carriageway,0,Turning right,1,Car,No,Front,2010
201001XH30043,A,4020,NA,0,Slight,None,26-01-2010,Tuesday,1,Data missing or out of range,Not at junction or within 20 metres,51.525232,Daylight,508740,181870,-0.433942,E01002423,1,2,0,0,Dry,Single carriageway,None,30,15:42:00,Urban,Fine no high winds,No,16 - 20,6,Data missing or out of range,NA,1900,None,None,Other/Not known (2005-10),Not at or within 20 metres of junction,VOLKSWAGEN,GOLF TDI SE AUTO,Heavy oil,Female,None,No tow/articulation,Did not leave carriageway,0,Moving off,1,Car,No,Front,2010
201001ZD30447,C,0,C,0,Slight,None,08-06-2010,Tuesday,1,Give way or uncontrolled,T or staggered junction,51.3527,Daylight,537580,163370,-0.025641,E01001054,1,3,0,0,Wet or damp,Single carriageway,None,30,14:25:00,Rural,Fine no high winds,No,16 - 20,6,Urban area,2,1360,None,None,Other/Not known (2005-10),Mid Junction - on roundabout or on main road,CITROEN,C3 DESIRE,Petrol,Female,None,No tow/articulation,Did not leave carriageway,0,Turning right,1,Car,No,Front,2010
201004AL10141,Unclassified,0,A,584,Slight,None,11-08-2010,Wednesday,1,Auto traffic signal,T or staggered junction,53.75102,Daylight,341620,428660,-2.886835,E01025030,1,2,0,0,Dry,Single carriageway,None,30,18:45:00,Rural,Fine no high winds,No,16 - 20,6,Small town,10,998,None,None,Journey as part of work,Entering main road,TOYOTA,YARIS BLUE,Petrol,Female,None,No tow/articulation,Did not leave carriageway,0,Going ahead other,2,Car,No,Back,2010
201004AM10047,B,5261,NA,0,Slight,None,17-04-2010,Saturday,1,Data missing or out of range,Not at junction or within 20 metres,53.774893,Daylight,333140,431430,-3.016017,E01025006,2,3,0,0,Dry,Single carriageway,None,30,12:25:00,Urban,Fine no high winds,No,16 - 20,6,Urban area,8,1199,None,None,Other/Not known (2005-10),Not at or within 20 metres of junction,VAUXHALL,CORSA DESIGN 16V,Petrol,Female,None,No tow/articulation,Did not leave carriageway,0,Going ahead other,2,Car,No,Front,2010
201004AM10140,Unclassified,0,Unclassified,0,Slight,None,25-08-2010,Wednesday,1,Give way or uncontrolled,Mini-roundabout,53.798171,Daylight,332460,434030,-3.026904,E01012696,2,2,0,1,Dry,Single carriageway,None,30,10:45:00,Urban,Fine no high winds,No,16 - 20,6,Urban area,3,1229,None,None,Other/Not known (2005-10),Approaching junction or waiting/parked at junction approach,VAUXHALL,CORSA DESIGN TWINPORT,Petrol,Female,None,No tow/articulation,Did not leave carriageway,0,Waiting to go - held up,1,Car,No,Back,2010
201004AN10045,Unclassified,0,NA,0,Slight,None,25-04-2010,Sunday,1,Data missing or out of range,Not at junction or within 20 metres,53.83709,Daylight,333210,438350,-3.016458,E01012723,1,1,0,0,Dry,Single carriageway,None,30,11:26:00,Urban,Fine no high winds,No,16 - 20,6,Urban area,6,1388,Kerb,None,Commuting to/from work,Not at or within 20 metres of junction,FORD,FIESTA FLAME,Petrol,Female,None,No tow/articulation,Did not leave carriageway,0,Going ahead right-hand bend,1,Car,No,Front,2010
201004AX10067,A,586,Unclassified,0,Slight,None,25-07-2010,Sunday,1,Give way or uncontrolled,T or staggered junction,53.820102,Daylight,331120,436490,-3.047796,E01012737,1,2,0,0,Dry,One way street,None,30,12:30:00,Urban,Fine no high winds,No,16 - 20,6,Urban area,6,49,None,None,Other/Not known (2005-10),Approaching junction or waiting/parked at junction approach,PIAGGIO,ET2,Petrol,Female,None,No tow/articulation,Did not leave carriageway,0,Overtaking static vehicle - offside,2,Motorcycle 50cc and under,No,Nearside,2010
201004BB10140,Unclassified,0,NA,0,Slight,None,24-08-2010,Tuesday,1,Data missing or out of range,Not at junction or within 20 metres,54.027583,Daylight,341930,459430,-2.887977,E01025134,1,1,0,0,Dry,Single carriageway,None,40,18:25:00,Urban,Fine no high winds,No,16 - 20,6,Urban area,1,1242,None,Lamp post,Other/Not known (2005-10),Not at or within 20 metres of junction,FIAT,PUNTO ACTIVE 8V,Petrol,Female,Skidded and overturned,No tow/articulation,Nearside,0,Going ahead other,1,Car,No,Front,2010
201004BC10124,A,6,NA,0,Slight,None,20-06-2010,Sunday,1,Data missing or out of range,Not at junction or within 20 metres,53.848248,Daylight,351050,439370,-2.745546,E01025547,1,2,0,0,Dry,Single carriageway,None,40,12:32:00,Rural,Fine no high winds,No,16 - 20,6,Small town,6,1124,None,None,Other/Not known (2005-10),Not at or within 20 metres of junction,CITROEN,C2 SX,Petrol,Female,None,No tow/articulation,Did not leave carriageway,0,Slowing or stopping,1,Car,No,Front,2010
201004CL10081,A,582,NA,0,Slight,None,28-09-2010,Tuesday,1,Data missing or out of range,Not at junction or within 20 metres,53.716772,Daylight,354120,424710,-2.696699,E01025420,2,3,0,0,Dry,Single carriageway,None,60,17:59:00,Rural,Fine no high winds,No,16 - 20,6,Urban area,8,1598,None,None,Other/Not known (2005-10),Not at or within 20 metres of junction,MINI,MINI ONE,Petrol,Female,None,No tow/articulation,Did not leave carriageway,0,Going ahead other,1,Car,No,Front,2010
201004CM10060,Unclassified,0,NA,0,Slight,None,28-04-2010,Wednesday,1,Data missing or out of range,Not at junction or within 20 metres,53.733115,Daylight,359350,426480,-2.617687,E01025413,1,2,0,0,Dry,Single carriageway,None,30,18:00:00,Rural,Fine no high winds,No,16 - 20,6,Small town,7,998,None,None,Other/Not known (2005-10),Not at or within 20 metres of junction,VAUXHALL,CORSA DESIGN TWINPORT,Petrol,Female,None,No tow/articulation,Did not leave carriageway,0,Going ahead other,2,Car,No,Nearside,2010
201004CM10076,B,6268,Unclassified,0,Slight,None,02-06-2010,Wednesday,1,Give way or uncontrolled,Other junction,53.736908,Daylight,356250,426930,-2.66474,E01025403,2,2,0,0,Dry,Single carriageway,None,30,18:20:00,Urban,Fine no high winds,No,16 - 20,6,Data missing or out of range,NA,1149,None,Other permanent object,Commuting to/from work,Entering main road,RENAULT,CLIO DYNAMIQUE 16V,Petrol,Female,None,No tow/articulation,Straight ahead at junction,0,Turning right,2,Car,No,Offside,2010