Accident_Index,1st_Road_Class,1st_Road_Number,2nd_Road_Class,2nd_Road_Number,Accident_Severity,Carriageway_Hazards,Date,Day_of_Week,Did_Police_Officer_Attend_Scene_of_Accident,Junction_Control,Junction_Detail,Latitude,Light_Conditions,Location_Easting_OSGR,Location_Northing_OSGR,Longitude,LSOA_of_Accident_Location,Number_of_Casualties,Number_of_Vehicles,Pedestrian_Crossing-Human_Control,Pedestrian_Crossing-Physical_Facilities,Road_Surface_Conditions,Road_Type,Special_Conditions_at_Site,Speed_limit,Time,Urban_or_Rural_Area,Weather_Conditions,InScotland,Age_Band_of_Driver,Age_of_Vehicle,Driver_Home_Area_Type,Driver_IMD_Decile,Engine_Capacity_.CC.,Hit_Object_in_Carriageway,Hit_Object_off_Carriageway,Journey_Purpose_of_Driver,Junction_Location,make,model,Propulsion_Code,Sex_of_Driver,Skidding_and_Overturning,Towing_and_Articulation,Vehicle_Leaving_Carriageway,Vehicle_Location.Restricted_Lane,Vehicle_Manoeuvre,Vehicle_Reference,Vehicle_Type,Was_Vehicle_Left_Hand_Drive,X1st_Point_of_Impact,Year
201004DA10137,A,59,A,5072,Slight,None,09-12-2010,Thursday,1,Give way or uncontrolled,T or staggered junction,53.754586,Daylight,352850,428930,-2.716586,E01025289,1,2,0,0,Wet or damp,Single carriageway,None,30,08:30:00,Rural,Fine no high winds,No,16 - 20,6,Urban area,4,1240,None,None,Commuting to/from work,Mid Junction - on roundabout or on main road,NISSAN,MICRA SE,Petrol,Female,None,No tow/articulation,Did not leave carriageway,0,Waiting to go - held up,2,Car,No,Back,2010
201004DF10061,Unclassified,0,Unclassified,0,Slight,None,26-07-2010,Monday,1,Give way or uncontrolled,Crossroads,53.777408,Daylight,353790,431460,-2.70271,E01025243,1,2,0,0,Dry,Single carriageway,None,30,16:00:00,Urban,Fine no high winds,No,16 - 20,6,Urban area,7,998,None,None,Other/Not known (2005-10),Mid Junction - on roundabout or on main road,VAUXHALL,CORSA ENERGY TWINPORT,Petrol,Female,None,No tow/articulation,Did not leave carriageway,0,Going ahead other,1,Car,No,Front,2010
201004DL10110,Unclassified,0,Unclassified,0,Slight,None,08-10-2010,Friday,1,Give way or uncontrolled,T or staggered junction,53.766492,Daylight,352330,430260,-2.724678,E01025232,1,2,0,0,Dry,Single carriageway,None,30,12:15:00,Urban,Fine no high winds,No,16 - 20,6,Urban area,5,1242,None,None,Other/Not known (2005-10),Entering main road,FIAT,PUNTO ACTIVE 8V,Petrol,Female,None,No tow/articulation,Did not leave carriageway,0,Turning right,1,Car,No,Front,2010
201004DR10084,A,5085,Unclassified,0,Slight,None,29-09-2010,Wednesday,1,Give way or uncontrolled,T or staggered junction,53.770663,Daylight,355800,430690,-2.672101,E01025285,1,2,0,0,Dry,Single carriageway,None,30,18:25:00,Urban,Fine no high winds,No,16 - 20,6,Urban area,2,1242,None,None,Other/Not known (2005-10),Mid Junction - on roundabout or on main road,FIAT,PUNTO ACTIVE SPORT 8V,Petrol,Female,None,No tow/articulation,Did not leave carriageway,0,Going ahead other,1,Car,No,Front,2010
201004EL10035,A,680,Unclassified,0,Slight,None,15-03-2010,Monday,1,Auto traffic signal,Crossroads,53.767734,Daylight,375340,430220,-2.375605,E01025034,2,2,0,0,Dry,Single carriageway,None,30,15:21:00,Urban,Fine no high winds,No,16 - 20,6,Urban area,4,1242,None,None,Journey as part of work,Mid Junction - on roundabout or on main road,FIAT,PUNTO ACTIVE 8V,Petrol,Female,None,No tow/articulation,Did not leave carriageway,0,Going ahead other,1,Taxi/Private hire car,No,Offside,2010
201004FE10033,B,6250,A,56,Slight,None,02-06-2010,Wednesday,1,Auto traffic signal,Crossroads,53.857372,Daylight,389300,440140,-2.164165,E01025207,1,1,0,5,Dry,Single carriageway,None,30,11:35:00,Urban,Fine no high winds,No,16 - 20,6,Urban area,7,124,Kerb,None,Other/Not known (2005-10),Cleared junction or waiting/parked at junction exit,HONDA,CG 125-4,Petrol,Female,None,No tow/articulation,Did not leave carriageway,0,Turning right,1,Motorcycle over 125cc and up to 500cc,No,Nearside,2010
201005AA01718,Unclassified,0,Unclassified,0,Slight,None,11-02-2010,Thursday,1,Give way or uncontrolled,T or staggered junction,53.389231,Daylight,328150,388590,-3.081844,E01007119,3,2,0,0,Dry,Single carriageway,None,30,08:15:00,Urban,Fine no high winds,No,16 - 20,6,Urban area,1,1360,None,None,Other/Not known (2005-10),Mid Junction - on roundabout or on main road,PEUGEOT,206 FEVER,Petrol,Female,None,No tow/articulation,Did not leave carriageway,0,Going ahead right-hand bend,2,Car,No,Offside,2010
201005DD03725,B,5203,NA,0,Slight,None,12-06-2010,Saturday,1,Data missing or out of range,Not at junction or within 20 metres,53.497074,Daylight,347950,400330,-2.786103,E01006884,2,2,0,0,Dry,Single carriageway,None,30,09:30:00,Rural,Fine no high winds,No,16 - 20,6,Small town,10,1242,None,None,Other/Not known (2005-10),Not at or within 20 metres of junction,FIAT,PUNTO ACTIVE 8V,Petrol,Female,Overturned,No tow/articulation,Did not leave carriageway,0,Going ahead other,1,Car,No,Front,2010
201005EE03639,A,59,Unclassified,0,Slight,None,05-06-2010,Saturday,2,Give way or uncontrolled,T or staggered junction,53.430953,Daylight,335250,393130,-2.976037,E01006703,2,2,0,0,Dry,Single carriageway,None,30,16:30:00,Urban,Fine no high winds,No,16 - 20,6,Small town,6,1299,None,None,Commuting to/from work,Cleared junction or waiting/parked at junction exit,FORD,KA COLLECTION,Petrol,Female,None,No tow/articulation,Did not leave carriageway,0,Going ahead other,2,Car,No,Nearside,2010
201006A032193,A,635,A,665,Slight,None,30-05-2010,Sunday,1,Auto traffic signal,Crossroads,53.475283,Daylight,385700,397640,-2.216927,E01005065,1,2,0,0,Dry,Single carriageway,None,30,10:54:00,Urban,Fine no high winds,No,16 - 20,6,Urban area,2,1390,None,None,Other/Not known (2005-10),Approaching junction or waiting/parked at junction approach,VOLKSWAGEN,GOLF FSI S,Petrol,Female,None,No tow/articulation,Did not leave carriageway,0,Turning right,1,Car,No,Nearside,2010
201006F028927,A,6,Unclassified,0,Slight,None,19-02-2010,Friday,1,Give way or uncontrolled,T or staggered junction,53.516315,Daylight,376880,402240,-2.350153,E01005687,2,4,0,0,Dry,Single carriageway,None,30,14:30:00,Urban,Fine no high winds,No,16 - 20,6,Urban area,2,1598,None,None,Other/Not known (2005-10),Entering main road,MINI,MINI ONE,Petrol,Female,None,No tow/articulation,Did not leave carriageway,0,Turning right,2,Car,No,Front,2010
201006G026924,C,0,Unclassified,0,Slight,None,24-01-2010,Sunday,1,Give way or uncontrolled,Private drive or entrance,53.494581,Daylight,393230,399770,-2.103521,E01005960,1,1,0,0,Wet or damp,Single carriageway,None,30,11:50:00,Urban,Fine no high winds,No,16 - 20,6,Urban area,2,2953,None,None,Other/Not known (2005-10),Entering main road,NISSAN,TERRANO SVE TD,Heavy oil,Female,None,No tow/articulation,Did not leave carriageway,9,Reversing,1,Car,No,Back,2010
201006K032742,C,0,Unclassified,0,Slight,None,12-06-2010,Saturday,1,Give way or uncontrolled,T or staggered junction,53.596805,Daylight,363490,411280,-2.553141,E01004777,2,2,0,0,Dry,Single carriageway,None,30,06:45:00,Urban,Fine no high winds,No,16 - 20,6,Small town,3,1396,None,None,Other/Not known (2005-10),Cleared junction or waiting/parked at junction exit,ROVER,25 SI 103,Petrol,Female,Skidded,No tow/articulation,Did not leave carriageway,0,Going ahead right-hand bend,1,Car,No,Offside,2010
201006L033629,B,5376,NA,0,Slight,None,06-07-2010,Tuesday,1,Data missing or out of range,Not at junction or within 20 metres,53.552714,Daylight,358030,406420,-2.634981,E01006375,1,1,0,0,Dry,Single carriageway,None,30,06:15:00,Urban,Fine no high winds,No,16 - 20,6,Urban area,7,1364,None,Other permanent object,Commuting to/from work,Not at or within 20 metres of junction,MINI,ONE D,Heavy oil,Female,None,No tow/articulation,Offside,0,Going ahead left-hand bend,1,Car,No,Front,2010
201006L035246,Unclassified,0,Unclassified,0,Slight,None,05-08-2010,Thursday,1,Give way or uncontrolled,T or staggered junction,53.490932,Daylight,358730,399540,-2.623508,E01006222,1,2,0,0,Dry,Single carriageway,None,30,19:25:00,Urban,Fine no high winds,No,16 - 20,6,Urban area,7,1997,None,None,Other/Not known (2005-10),Cleared junction or waiting/parked at junction exit,PEUGEOT,307 CC,Petrol,Female,None,No tow/articulation,Did not leave carriageway,9,Parked,1,Car,No,Offside,2010
201006L038961,B,5238,Unclassified,0,Slight,None,15-11-2010,Monday,2,Give way or uncontrolled,T or staggered junction,53.529746,Daylight,357430,403870,-2.64369,E01006405,1,3,0,4,Wet or damp,Single carriageway,None,30,12:50:00,Urban,Fine no high winds,No,16 - 20,6,Urban area,3,1149,None,None,Other/Not known (2005-10),Cleared junction or waiting/parked at junction exit,RENAULT,CLIO DYNAMIQUE 16V,Petrol,Female,None,No tow/articulation,Did not leave carriageway,0,Slowing or stopping,2,Car,No,Back,2010
201006Q033761,A,663,C,0,Slight,None,09-07-2010,Friday,1,Auto traffic signal,Crossroads,53.567383,Daylight,392850,407870,-2.109437,E01005399,3,3,0,0,Dry,Single carriageway,None,30,16:02:00,Urban,Fine no high winds,No,16 - 20,6,Urban area,8,1124,None,None,Other/Not known (2005-10),Approaching junction or waiting/parked at junction approach,CITROEN,C2 LX,Petrol,Female,None,No tow/articulation,Did not leave carriageway,0,Going ahead other,1,Car,No,Front,2010
201006Q033821,A,672,Unclassified,0,Slight,None,21-06-2010,Monday,1,Give way or uncontrolled,T or staggered junction,53.562106,Daylight,395080,407280,-2.075756,E01005453,1,1,0,0,Dry,Single carriageway,None,30,19:50:00,Urban,Fine no high winds,No,16 - 20,6,Urban area,8,1149,None,None,Other/Not known (2005-10),Approaching junction or waiting/parked at junction approach,RENAULT,CLIO DYNAMIQUE 16V,Petrol,Female,None,No tow/articulation,Did not leave carriageway,0,Slowing or stopping,1,Car,No,Nearside,2010
201011NF04520,A,19,A,19,Slight,None,11-02-2010,Thursday,1,Give way or uncontrolled,Slip road,54.785475,Daylight,440930,543580,-1.365067,E01020756,2,2,0,0,Dry,Dual carriageway,None,70,15:59:00,Rural,Fine no high winds,No,16 - 20,6,Urban area,5,1124,None,None,Commuting to/from work,Entering from slip road,PEUGEOT,206 FEVER,Petrol,Female,None,No tow/articulation,Did not leave carriageway,0,Going ahead other,1,Car,No,Back,2010
201011NI13970,A,691,Unclassified,0,Slight,None,08-06-2010,Tuesday,1,Give way or uncontrolled,T or staggered junction,54.820739,Daylight,416750,547350,-1.740837,E01020665,2,2,0,0,Wet or damp,Single carriageway,None,30,12:15:00,Rural,Fine no high winds,No,16 - 20,6,Small town,9,1149,None,None,Other/Not known (2005-10),Entering main road,RENAULT,CLIO DYNAMIQUE 16V,Petrol,Female,None,No tow/articulation,Did not leave carriageway,0,Turning right,1,Car,No,Offside,2010
201011SJ12230,C,380,NA,0,Slight,None,27-05-2010,Thursday,1,Data missing or out of range,Not at junction or within 20 metres,54.521882,Daylight,429630,514160,-1.543744,E01012305,1,1,0,0,Dry,Single carriageway,None,30,21:02:00,Urban,Fine no high winds,No,16 - 20,6,Urban area,1,1398,None,None,Other/Not known (2005-10),Not at or within 20 metres of junction,PEUGEOT,307 S HDI,Heavy oil,Female,None,No tow/articulation,Did not leave carriageway,0,Overtaking static vehicle - offside,1,Car,No,Front,2010
201014A023710,B,1396,A,638,Slight,None,10-02-2010,Wednesday,1,Auto traffic signal,T or staggered junction,53.512926,Daylight,460340,402190,-1.091535,E01007526,1,2,0,5,Dry,Single carriageway,None,40,11:18:00,Urban,Fine no high winds,No,16 - 20,6,Urban area,1,998,None,None,Other/Not known (2005-10),Approaching junction or waiting/parked at junction approach,VAUXHALL,CORSA LIFE TWINPORT,Petrol,Female,None,No tow/articulation,Did not leave carriageway,0,Waiting to go - held up,1,Car,No,Back,2010
201014A034610,Unclassified,0,NA,0,Slight,None,26-02-2010,Friday,1,Not at junction or within 20 metres,Not at junction or within 20 metres,53.497488,Daylight,447890,400330,-1.279549,E01007576,2,2,0,0,Dry,Single carriageway,None,30,15:29:00,Urban,Fine no high winds,No,16 - 20,6,Urban area,3,1299,None,None,Other/Not known (2005-10),Not at or within 20 metres of junction,FORD,KA,Petrol,Female,None,No tow/articulation,Did not leave carriageway,0,Going ahead other,2,Car,No,Front,2010
201014A104210,A,19,Unclassified,0,Slight,None,07-07-2010,Wednesday,1,Give way or uncontrolled,More than 4 arms (not roundabout),53.596493,Daylight,455600,411430,-1.161366,E01007488,4,2,0,0,Dry,Single carriageway,None,60,10:43:00,Rural,Fine no high winds,No,16 - 20,6,Rural,4,1229,None,None,Other/Not known (2005-10),Leaving main road,VAUXHALL,CORSA ENERGY TWINPORT,Petrol,Female,None,No tow/articulation,Did not leave carriageway,0,Waiting to turn right,1,Car,No,Back,2010
201014A145710,C,774,Unclassified,0,Slight,None,14-09-2010,Tuesday,2,Auto traffic signal,T or staggered junction,53.524724,Daylight,457720,403470,-1.130805,E01007648,1,2,0,4,Dry,Single carriageway,None,30,09:52:00,Urban,Fine no high winds,No,16 - 20,6,Urban area,3,1599,None,None,Journey as part of work,Approaching junction or waiting/parked at junction approach,FORD,SPORTKA SE,Petrol,Female,None,No tow/articulation,Did not leave carriageway,0,Waiting to go - held up,1,Car,No,Offside,2010
201014B048010,A,633,Unclassified,0,Slight,None,05-05-2010,Wednesday,1,Give way or uncontrolled,T or staggered junction,53.568841,Daylight,435560,408160,-1.464522,E01007401,1,2,0,0,Dry,Single carriageway,None,30,19:50:00,Urban,Fine no high winds,No,16 - 20,6,Urban area,3,1124,None,None,Other/Not known (2005-10),Approaching junction or waiting/parked at junction approach,PEUGEOT,206 ZEST,Petrol,Female,None,No tow/articulation,Did not leave carriageway,0,Going ahead other,1,Car,No,Front,2010
201014B107210,A,635,Unclassified,0,Slight,None,11-10-2010,Monday,1,Give way or uncontrolled,T or staggered junction,53.54617,Daylight,438420,405660,-1.421645,E01007321,1,2,0,0,Dry,Dual carriageway,None,40,08:30:00,Urban,Fine no high winds,No,16 - 20,6,Urban area,1,1390,None,None,Journey as part of work,Approaching junction or waiting/parked at junction approach,RENAULT,MEGANE DYNAMIQUE 16V,Petrol,Female,None,No tow/articulation,Did not leave carriageway,0,Turning right,1,Car,No,Nearside,2010
201014C038710,Unclassified,0,NA,0,Slight,None,31-03-2010,Wednesday,1,Not at junction or within 20 metres,Not at junction or within 20 metres,53.460099,Daylight,443740,396130,-1.342687,E01007783,1,2,0,0,Dry,Single carriageway,None,30,13:30:00,Urban,Fine no high winds,No,16 - 20,6,Urban area,3,125,None,None,Other/Not known (2005-10),Not at or within 20 metres of junction,HONDA,CBR 125 R-4,Petrol,Female,None,No tow/articulation,Did not leave carriageway,0,Overtaking moving vehicle - offside,2,Motorcycle 125cc and under,No,Front,2010
201014C049010,A,631,A,618,Slight,None,27-04-2010,Tuesday,1,Auto traffic signal,Crossroads,53.406566,Daylight,444390,390180,-1.333735,E01007813,3,2,0,8,Dry,Dual carriageway,None,40,14:27:00,Urban,Fine no high winds,No,16 - 20,6,Urban area,2,1124,None,None,Other/Not known (2005-10),Approaching junction or waiting/parked at junction approach,PEUGEOT,206 STYLE,Petrol,Female,None,No tow/articulation,Did not leave carriageway,0,Turning right,1,Car,No,Nearside,2010
201014K163310,Unclassified,0,NA,0,Slight,None,07-06-2010,Monday,1,Not at junction or within 20 metres,Not at junction or within 20 metres,53.344984,Daylight,440030,383290,-1.400187,E01007842,1,1,0,0,Dry,Single carriageway,None,30,08:30:00,Urban,Fine no high winds,No,16 - 20,6,Urban area,6,1299,None,None,Journey as part of work,Not at or within 20 metres of junction,FORD,KA COLLECTION,Petrol,Female,None,No tow/articulation,Did not leave carriageway,0,Slowing or stopping,1,Car,No,Front,2010
2010160A04191,A,46,NA,0,Slight,None,17-11-2010,Wednesday,1,Data missing or out of range,Not at junction or within 20 metres,53.53363,Daylight,520320,405640,-0.186074,E01013224,1,1,0,0,Wet or damp,Single carriageway,None,60,10:55:00,Rural,Fine no high winds,No,16 - 20,6,Rural,6,1242,Kerb,Tree,Other/Not known (2005-10),Not at or within 20 metres of junction,FIAT,PUNTO ACTIVE SPORT 8V,Petrol,Female,None,No tow/articulation,Nearside,0,Going ahead other,1,Car,No,Front,2010
2010160B02881,Motorway,180,NA,0,Slight,None,26-04-2010,Monday,1,Data missing or out of range,Not at junction or within 20 metres,53.583251,Daylight,504220,410780,-0.427172,E01013269,1,2,0,0,Dry,Dual carriageway,None,70,08:20:00,Rural,Fine no high winds,No,16 - 20,6,Rural,6,1339,None,None,Commuting to/from work,Not at or within 20 metres of junction,HONDA,JAZZ SE,Petrol,Female,None,No tow/articulation,Did not leave carriageway,0,Going ahead other,2,Car,No,Back,2010
2010160C05851,Unclassified,0,NA,0,Slight,None,14-05-2010,Friday,1,Data missing or out of range,Not at junction or within 20 metres,53.719279,Daylight,504240,425920,-0.421797,E01013008,1,1,0,0,Dry,Single carriageway,None,30,17:30:00,Urban,Fine no high winds,No,16 - 20,6,Urban area,2,995,None,Entered ditch,Other/Not known (2005-10),Not at or within 20 metres of junction,DAEWOO,MATIZ SE+,Petrol,Female,None,No tow/articulation,Offside,0,Going ahead left-hand bend,1,Car,No,Front,2010
2010160D04181,Unclassified,0,Unclassified,0,Slight,None,16-08-2010,Monday,2,Give way or uncontrolled,Private drive or entrance,53.734881,Daylight,507500,427730,-0.371787,E01012889,1,2,0,0,Dry,Single carriageway,None,20,15:00:00,Urban,Fine no high winds,No,16 - 20,6,Rural,10,1360,None,None,Commuting to/from work,Approaching junction or waiting/parked at junction approach,PEUGEOT,206 S,Petrol,Female,None,No tow/articulation,Did not leave carriageway,0,Going ahead other,2,Car,No,Offside,2010
2010170S11270,A,66,NA,0,Slight,None,19-05-2010,Wednesday,1,Data missing or out of range,Not at junction or within 20 metres,54.550297,Daylight,439890,517400,-1.384804,E01012269,1,1,0,0,Dry,Dual carriageway,None,70,20:00:00,Rural,Fine no high winds,No,16 - 20,6,Urban area,3,1086,None,Tree,Other/Not known (2005-10),Not at or within 20 metres of junction,HYUNDAI,GETZ CDX,Petrol,Female,Skidded,No tow/articulation,Nearside,0,Going ahead other,1,Car,No,Front,2010
201020H009050,Unclassified,0,Unclassified,0,Slight,None,17-10-2010,Sunday,1,Give way or uncontrolled,T or staggered junction,52.575827,Daylight,401590,297560,-1.97798,E01010372,1,2,0,0,Dry,Single carriageway,None,30,17:04:00,Urban,Fine no high winds,No,16 - 20,6,Urban area,1,1124,None,None,Other/Not known (2005-10),Cleared junction or waiting/parked at junction exit,CITROEN,C2 SX,Petrol,Female,None,No tow/articulation,Did not leave carriageway,0,Going ahead other,2,Car,No,Front,2010
201020J005050,B,4171,Unclassified,0,Slight,None,12-06-2010,Saturday,2,Give way or uncontrolled,T or staggered junction,52.509187,Daylight,394740,290150,-2.078942,E01009889,1,2,0,0,Dry,Single carriageway,None,30,14:35:00,Urban,Fine no high winds,No,16 - 20,6,Urban area,7,1149,None,None,Other/Not known (2005-10),Approaching junction or waiting/parked at junction approach,RENAULT,CLIO EXTREME 2 16V,Petrol,Female,None,No tow/articulation,Did not leave carriageway,0,Going ahead other,1,Car,No,Front,2010
201020K006930,A,4037,Unclassified,0,Slight,None,22-06-2010,Tuesday,1,Auto traffic signal,Crossroads,52.525912,Daylight,395070,292010,-2.074108,E01010070,2,2,0,5,Dry,Single carriageway,None,30,08:53:00,Urban,Fine no high winds,No,16 - 20,6,Urban area,5,1299,Kerb,None,Journey as part of work,Mid Junction - on roundabout or on main road,FORD,KA,Petrol,Female,None,No tow/articulation,Nearside,0,Turning right,1,Car,No,Nearside,2010
201020L038611,B,4114,NA,0,Slight,None,06-03-2010,Saturday,2,Data missing or out of range,Not at junction or within 20 metres,52.494732,Daylight,417490,288570,-1.743824,E01010145,1,2,0,1,Dry,Single carriageway,None,30,09:40:00,Urban,Fine no high winds,No,16 - 20,6,Urban area,7,1124,None,None,Other/Not known (2005-10),Not at or within 20 metres of junction,CITROEN,C2 LX,Petrol,Female,None,No tow/articulation,Did not leave carriageway,0,Going ahead other,1,Car,No,Front,2010
201020N011820,Unclassified,0,NA,0,Slight,None,22-05-2010,Saturday,1,Data missing or out of range,Not at junction or within 20 metres,52.543852,Daylight,408390,294010,-1.877725,E01009133,1,3,0,0,Dry,Single carriageway,None,30,18:28:00,Urban,Fine no high winds,No,16 - 20,6,Urban area,1,1390,None,None,Other/Not known (2005-10),Not at or within 20 metres of junction,RENAULT,MEGANE EXTREME 16V,Petrol,Female,None,No tow/articulation,Did not leave carriageway,0,Parked,2,Car,No,Offside,2010
201020S003900,A,441,A,4029,Slight,None,13-04-2010,Tuesday,1,Give way or uncontrolled,Private drive or entrance,52.451193,Daylight,406190,283700,-1.910354,E01008983,1,2,0,4,Dry,Single carriageway,None,30,11:17:00,Urban,Fine no high winds,No,16 - 20,6,Urban area,3,998,None,None,Other/Not known (2005-10),Mid Junction - on roundabout or on main road,VAUXHALL,CORSA LIFE TWINPORT,Petrol,Female,None,No tow/articulation,Did not leave carriageway,0,Going ahead other,1,Car,No,Front,2010
201020T002070,Unclassified,0,NA,0,Slight,None,10-04-2010,Saturday,2,Data missing or out of range,Not at junction or within 20 metres,52.48835,Daylight,410330,287840,-1.849308,E01009194,1,2,0,0,Dry,Single carriageway,None,30,18:30:00,Urban,Fine no high winds,No,16 - 20,6,Urban area,1,998,None,None,Other/Not known (2005-10),Not at or within 20 metres of junction,TOYOTA,YARIS BLUE,Petrol,Female,None,No tow/articulation,Did not leave carriageway,0,Moving off,2,Car,No,Front,2010
201020T033890,Unclassified,0,NA,0,Slight,None,23-08-2010,Monday,2,Data missing or out of range,Not at junction or within 20 metres,52.453407,Daylight,408700,283950,-1.873414,E01009383,1,2,0,0,Dry,Single carriageway,None,30,11:30:00,Urban,Fine no high winds,No,16 - 20,6,Urban area,2,1390,None,None,Other/Not known (2005-10),Not at or within 20 metres of junction,RENAULT,SCENIC EXPRESSION 16V,Petrol,Female,None,No tow/articulation,Did not leave carriageway,0,Slowing or stopping,2,Car,No,Back,2010
201020W010000,Unclassified,0,Unclassified,0,Slight,None,12-05-2010,Wednesday,1,Give way or uncontrolled,T or staggered junction,52.510722,Daylight,404750,290320,-1.931451,E01009270,3,2,0,0,Dry,Single carriageway,None,30,11:18:00,Urban,Fine no high winds,No,16 - 20,6,Data missing or out of range,NA,1398,None,None,Other/Not known (2005-10),Entering main road,PEUGEOT,307 STYLE HDI,Heavy oil,Female,None,No tow/articulation,Did not leave carriageway,0,Turning right,2,Car,No,Offside,2010
201020W014240,A,4540,NA,0,Slight,None,17-05-2010,Monday,1,Data missing or out of range,Not at junction or within 20 metres,52.487131,Daylight,407980,287700,-1.88392,E01009191,2,3,0,0,Dry,Dual carriageway,None,40,16:46:00,Urban,Fine no high winds,No,16 - 20,6,Urban area,4,1997,None,None,Other/Not known (2005-10),Not at or within 20 metres of junction,CITROEN,XSARA LX HDI,Heavy oil,Female,None,No tow/articulation,Did not leave carriageway,0,Waiting to go - held up,2,Car,No,Back,2010
201020W019150,Unclassified,0,Unclassified,0,Slight,None,24-06-2010,Thursday,1,Give way or uncontrolled,T or staggered junction,52.546834,Daylight,407330,294340,-1.893348,E01009226,2,2,0,0,Dry,Single carriageway,None,30,12:32:00,Urban,Fine no high winds,No,16 - 20,6,Urban area,4,1390,None,None,Other/Not known (2005-10),Entering main road,RENAULT,MEGANE DYNAMIQUE 16V,Petrol,Female,None,No tow/articulation,Did not leave carriageway,0,Going ahead other,1,Car,No,Offside,2010
201022C003135,Unclassified,0,A,44,Slight,None,12-06-2010,Saturday,1,Give way or uncontrolled,T or staggered junction,52.125409,Daylight,398000,247460,-2.030643,E01032410,1,1,0,0,Dry,Single carriageway,None,30,21:30:00,Rural,Fine no high winds,No,16 - 20,6,Data missing or out of range,NA,2319,None,Other permanent object,Other/Not known (2005-10),Leaving main road,VOLVO,C70 T5 GT,Petrol,Female,Skidded,No tow/articulation,Offside,0,Turning right,1,Car,No,Front,2010
201022E000488,B,4352,NA,0,Slight,None,26-01-2010,Tuesday,1,Data missing or out of range,Not at junction or within 20 metres,52.039001,Daylight,343510,238170,-2.825004,E01014079,1,1,0,0,Dry,Single carriageway,Road surface defective,60,11:00:00,Rural,Fine no high winds,No,16 - 20,6,Rural,6,1587,None,Other permanent object,Other/Not known (2005-10),Not at or within 20 metres of junction,CITROEN,C2 GT,Petrol,Female,Overturned,No tow/articulation,Offside,0,Going ahead left-hand bend,1,Car,No,Front,2010
201022E006294,A,438,NA,0,Slight,None,17-12-2010,Friday,2,Data missing or out of range,Not at junction or within 20 metres,52.039961,Daylight,372850,238030,-2.397257,E01014036,2,2,0,0,Frost or ice,Single carriageway,None,60,13:26:00,Rural,Fine no high winds,No,16 - 20,6,Rural,5,1360,None,None,Other/Not known (2005-10),Not at or within 20 metres of junction,CITROEN,C3 PLURIEL,Petrol,Female,None,No tow/articulation,Did not leave carriageway,0,Going ahead left-hand bend,2,Car,No,Front,2010
201030B000064,A,6187,NA,0,Slight,None,08-03-2010,Monday,1,Data missing or out of range,Not at junction or within 20 metres,53.327189,Daylight,423460,381200,-1.649228,E01019614,1,2,0,0,Frost or ice,Single carriageway,None,30,09:25:00,Rural,Fine no high winds,No,16 - 20,6,Rural,8,1149,Parked vehicle,None,Commuting to/from work,Not at or within 20 metres of junction,RENAULT,CLIO EXTREME 3 16V,Petrol,Female,None,No tow/articulation,Did not leave carriageway,0,Overtaking static vehicle - offside,1,Car,No,Nearside,2010
201030C000516,C,76,NA,0,Slight,None,15-08-2010,Sunday,1,Data missing or out of range,Not at junction or within 20 metres,53.17869,Daylight,437670,364770,-1.437821,E01019774,1,1,0,0,Wet or damp,Single carriageway,None,60,14:30:00,Rural,Fine no high winds,No,16 - 20,6,Urban area,5,998,None,Other permanent object,Other/Not known (2005-10),Not at or within 20 metres of junction,TOYOTA,YARIS T2,Petrol,Female,Overturned,No tow/articulation,Nearside,0,Going ahead right-hand bend,1,Car,No,Front,2010
201030D000131,A,50,NA,0,Slight,None,12-02-2010,Friday,1,Data missing or out of range,Not at junction or within 20 metres,52.871423,Daylight,441700,330620,-1.381929,E01019833,1,2,0,0,Dry,Dual carriageway,None,70,14:59:00,Rural,Fine no high winds,No,16 - 20,6,Urban area,5,1240,Bollard or refuge,Tree,Other/Not known (2005-10),Not at or within 20 metres of junction,NISSAN,MICRA S,Petrol,Female,Skidded,No tow/articulation,Nearside,0,Going ahead other,1,Car,No,Nearside,2010
201030D000544,Unclassified,0,Unclassified,0,Slight,None,16-06-2010,Wednesday,2,Give way or uncontrolled,Crossroads,52.77891,Daylight,429660,320240,-1.561737,E01019876,1,2,0,0,Dry,Single carriageway,None,30,08:15:00,Urban,Fine no high winds,No,16 - 20,6,Urban area,5,49,None,None,Journey as part of work,Entering main road,PEUGEOT,SPEEDFIGHT,Petrol,Female,None,No tow/articulation,Did not leave carriageway,0,Going ahead other,1,Motorcycle 50cc and under,No,Offside,2010
201030D000755,A,514,NA,0,Slight,None,16-08-2010,Monday,2,Data missing or out of range,Not at junction or within 20 metres,52.769017,Daylight,428050,319130,-1.585699,E01019862,1,2,0,0,Dry,Single carriageway,None,40,08:50:00,Rural,Fine no high winds,No,16 - 20,6,Rural,9,1998,None,None,Other/Not known (2005-10),Not at or within 20 metres of junction,FORD,MONDEO LX TDCI,Heavy oil,Female,None,No tow/articulation,Did not leave carriageway,0,Going ahead other,1,Car,No,Front,2010
201030D001210,Unclassified,0,Unclassified,0,Slight,None,04-12-2010,Saturday,1,Give way or uncontrolled,T or staggered junction,52.91381,Daylight,436040,335290,-1.465498,E01013482,1,3,0,0,Frost or ice,Single carriageway,None,30,12:08:00,Urban,Fine no high winds,No,16 - 20,6,Urban area,9,1461,None,None,Other/Not known (2005-10),Approaching junction or waiting/parked at junction approach,RENAULT,CLIO DYNAMIQUE DCI 65,Heavy oil,Female,None,No tow/articulation,Did not leave carriageway,0,Going ahead other,1,Car,No,Front,2010