Accident_Index,1st_Road_Class,1st_Road_Number,2nd_Road_Class,2nd_Road_Number,Accident_Severity,Carriageway_Hazards,Date,Day_of_Week,Did_Police_Officer_Attend_Scene_of_Accident,Junction_Control,Junction_Detail,Latitude,Light_Conditions,Location_Easting_OSGR,Location_Northing_OSGR,Longitude,LSOA_of_Accident_Location,Number_of_Casualties,Number_of_Vehicles,Pedestrian_Crossing-Human_Control,Pedestrian_Crossing-Physical_Facilities,Road_Surface_Conditions,Road_Type,Special_Conditions_at_Site,Speed_limit,Time,Urban_or_Rural_Area,Weather_Conditions,InScotland,Age_Band_of_Driver,Age_of_Vehicle,Driver_Home_Area_Type,Driver_IMD_Decile,Engine_Capacity_.CC.,Hit_Object_in_Carriageway,Hit_Object_off_Carriageway,Journey_Purpose_of_Driver,Junction_Location,make,model,Propulsion_Code,Sex_of_Driver,Skidding_and_Overturning,Towing_and_Articulation,Vehicle_Leaving_Carriageway,Vehicle_Location.Restricted_Lane,Vehicle_Manoeuvre,Vehicle_Reference,Vehicle_Type,Was_Vehicle_Left_Hand_Drive,X1st_Point_of_Impact,Year
2010160C04951,B,1240,NA,0,Slight,None,19-08-2010,Thursday,1,Data missing or out of range,Not at junction or within 20 metres,53.735054,Daylight,519120,428030,-0.195605,E01013098,1,2,0,0,Wet or damp,Single carriageway,None,30,19:50:00,Rural,Raining no high winds,No,16 - 20,6,Small town,8,1598,None,None,Other/Not known (2005-10),Not at or within 20 metres of junction,RENAULT,MEGANE DYNAMIQUE 16V,Petrol,Male,Skidded,No tow/articulation,Did not leave carriageway,0,Going ahead left-hand bend,1,Car,No,Front,2010
201020D078912,A,5127,NA,0,Slight,None,22-03-2010,Monday,2,Data missing or out of range,Not at junction or within 20 metres,52.564011,Daylight,412040,296260,-1.823822,E01009449,1,2,0,0,Wet or damp,One way street,None,30,20:30:00,Urban,Raining no high winds,No,16 - 20,6,Urban area,10,1229,None,Tree,Journey as part of work,Not at or within 20 metres of junction,VAUXHALL,CORSA SXI TWINPORT,Petrol,Male,None,No tow/articulation,Offside,0,Going ahead right-hand bend,2,Car,No,Front,2010
201020H004120,A,4148,B,4151,Slight,None,08-06-2010,Tuesday,1,Give way or uncontrolled,Roundabout,52.57834,Daylight,402760,297840,-1.960713,E01010328,1,1,0,0,Wet or damp,Single carriageway,None,30,07:11:00,Urban,Raining no high winds,No,16 - 20,6,Urban area,7,100,None,None,Journey as part of work,Approaching junction or waiting/parked at junction approach,PEUGEOT,SPEEDFIGHT 100,Petrol,Male,Skidded,No tow/articulation,Did not leave carriageway,0,Slowing or stopping,1,Motorcycle 125cc and under,No,Front,2010
201020K016311,Unclassified,0,Unclassified,0,Slight,None,24-02-2010,Wednesday,1,Give way or uncontrolled,T or staggered junction,52.520629,Daylight,398800,291420,-2.019127,E01009984,1,3,0,0,Wet or damp,Single carriageway,None,30,16:10:00,Urban,Raining no high winds,No,16 - 20,6,Urban area,8,1598,None,None,Journey as part of work,Entering main road,MINI,MINI ONE,Petrol,Male,None,No tow/articulation,Did not leave carriageway,0,Turning right,1,Car,No,Nearside,2010
201022C001734,Unclassified,0,NA,0,Slight,None,01-04-2010,Thursday,1,Data missing or out of range,Not at junction or within 20 metres,52.113271,Daylight,377680,246160,-2.327374,E01032208,1,3,0,0,Wet or damp,Single carriageway,None,30,17:00:00,Urban,Raining no high winds,No,16 - 20,6,Urban area,8,1229,None,None,Other/Not known (2005-10),Not at or within 20 metres of junction,VAUXHALL,CORSA ENERGY TWINPORT,Petrol,Male,None,No tow/articulation,Did not leave carriageway,0,Going ahead other,3,Car,No,Front,2010
20103102C0172,A,60,B,684,Slight,None,15-01-2010,Friday,1,Auto traffic signal,Crossroads,52.959436,Daylight,457210,340570,-1.149776,E01013961,1,2,0,5,Wet or damp,Single carriageway,None,30,10:30:00,Urban,Raining no high winds,No,16 - 20,6,Urban area,2,1360,None,None,Other/Not known (2005-10),Leaving main road,PEUGEOT,206 S,Petrol,Male,None,No tow/articulation,Did not leave carriageway,0,Turning right,2,Car,No,Nearside,2010
201032D100510,B,1273,Unclassified,0,Slight,None,07-04-2010,Wednesday,1,Auto traffic signal,T or staggered junction,53.237608,Daylight,496970,372160,-0.548512,E01026147,1,2,0,5,Wet or damp,Single carriageway,None,30,16:30:00,Urban,Raining no high winds,No,16 - 20,6,Urban area,8,1951,None,None,Other/Not known (2005-10),Mid Junction - on roundabout or on main road,MG,ZT+ CDTI,Heavy oil,Male,None,No tow/articulation,Did not leave carriageway,0,Waiting to go - held up,1,Car,No,Front,2010
201045TA48912,Unclassified,1402,C,227,Slight,None,23-01-2021,Monday,1,Auto traffic signal,Crossroads,15.33757497,Daylight,533510,156510,73.99623624,E01030846,1,2,0,5,Wet or damp,Dual carriageway,None,30,15:20:00,Urban,Raining no high winds,No,16 - 20,6,Urban area,8,1299,None,None,Other/Not known (2005-10),Mid Junction - on roundabout or on main road,TOYOTA,YARIS T SPIRIT AUTO,Petrol,Female,None,No tow/articulation,Did not leave carriageway,0,Going ahead other,2,Car,No,Front,2019
201043P119070,A,422,Unclassified,0,Slight,None,10-05-2021,Wednesday,1,Give way or uncontrolled,T or staggered junction,23.03688961,Daylight,445040,241650,72.64780064,E01028446,1,1,0,0,Wet or damp,Single carriageway,None,40,12:10:00,Urban,Raining no high winds,No,16 - 20,6,Urban area,4,49,None,None,Commuting to/from work,Leaving main road,YAMAHA,JOG R,Petrol,Female,Skidded,No tow/articulation,Did not leave carriageway,0,Turning left,1,Motorcycle 50cc and under,No,Nearside,2019
201043R126020,Unclassified,7408,Unclassified,7408,Slight,None,08-09-2021,Sunday,1,Give way or uncontrolled,T or staggered junction,22.73341528,Daylight,486020,180380,75.85493665,E01016534,1,1,0,0,Frost or ice,Single carriageway,None,30,08:30:00,Rural,Raining no high winds,No,16 - 20,6,Urban area,9,49,None,None,Commuting to/from work,Approaching junction or waiting/parked at junction approach,PIAGGIO,NRG,Petrol,Female,Skidded,No tow/articulation,Did not leave carriageway,0,Going ahead other,1,Motorcycle 50cc and under,No,Nearside,2020
201045RE50031,A,23,Unclassified,0,Slight,None,10-07-2019,Thursday,1,Give way or uncontrolled,Other junction,18.63372108,Daylight,528740,155780,73.81350146,E01030567,2,3,0,0,Wet or damp,Single carriageway,None,50,11:15:00,Rural,Raining no high winds,No,16 - 20,6,Urban area,9,1149,None,None,Other/Not known (2005-10),Cleared junction or waiting/parked at junction exit,RENAULT,CLIO DYNAMIQUE 16V,Petrol,Female,None,No tow/articulation,Did not leave carriageway,0,Going ahead other,2,Car,No,Back,2021
201036T100096,B,1077,NA,0,Slight,None,22-02-2019,Monday,1,Data missing or out of range,Not at junction or within 20 metres,27.09548402,Daylight,604010,296150,93.62554262,E01026447,1,1,0,0,Wet or damp,Single carriageway,None,60,11:40:00,Rural,Raining no high winds,No,16 - 20,6,Data missing or out of range,NA,1360,None,None,Journey as part of work,Not at or within 20 metres of junction,PEUGEOT,307 S 90,Petrol,Female,Skidded and overturned,No tow/articulation,Offside,0,Going ahead right-hand bend,1,Car,No,Offside,2019
201036T100096,B,1077,NA,0,Slight,None,12-07-2010,Monday,1,Data missing or out of range,Not at junction or within 20 metres,52.524976,Daylight,604010,296150,1.005908,E01026447,1,1,0,0,Wet or damp,Single carriageway,None,60,11:40:00,Rural,Raining no high winds,No,16 - 20,6,Data missing or out of range,NA,1360,None,None,Journey as part of work,Not at or within 20 metres of junction,PEUGEOT,307 S 90,Petrol,Female,Skidded and overturned,No tow/articulation,Offside,0,Going ahead right-hand bend,1,Car,No,Offside,2010
201043P119070,A,422,Unclassified,0,Slight,None,14-07-2010,Wednesday,1,Give way or uncontrolled,T or staggered junction,52.071354,Daylight,445040,241650,-1.344307,E01028446,1,1,0,0,Wet or damp,Single carriageway,None,40,12:10:00,Urban,Raining no high winds,No,16 - 20,6,Urban area,4,49,None,None,Commuting to/from work,Leaving main road,YAMAHA,JOG R,Petrol,Female,Skidded,No tow/articulation,Did not leave carriageway,0,Turning left,1,Motorcycle 50cc and under,No,Nearside,2010
201043R126020,Unclassified,7408,Unclassified,7408,Slight,None,21-02-2010,Sunday,1,Give way or uncontrolled,T or staggered junction,51.515752,Daylight,486020,180380,-0.761717,E01016534,1,1,0,0,Frost or ice,Single carriageway,None,30,08:30:00,Rural,Raining no high winds,No,16 - 20,6,Urban area,9,49,None,None,Commuting to/from work,Approaching junction or waiting/parked at junction approach,PIAGGIO,NRG,Petrol,Female,Skidded,No tow/articulation,Did not leave carriageway,0,Going ahead other,1,Motorcycle 50cc and under,No,Nearside,2010
201045RE50031,A,23,Unclassified,0,Slight,None,25-03-2010,Thursday,1,Give way or uncontrolled,Other junction,51.286557,Daylight,528740,155780,-0.155256,E01030567,2,3,0,0,Wet or damp,Single carriageway,None,50,11:15:00,Rural,Raining no high winds,No,16 - 20,6,Urban area,9,1149,None,None,Other/Not known (2005-10),Cleared junction or waiting/parked at junction exit,RENAULT,CLIO DYNAMIQUE 16V,Petrol,Female,None,No tow/articulation,Did not leave carriageway,0,Going ahead other,2,Car,No,Back,2010
201045TA48912,Unclassified,1402,C,227,Slight,None,15-02-2010,Monday,1,Auto traffic signal,Crossroads,51.29202,Daylight,533510,156510,-0.086622,E01030846,1,2,0,5,Wet or damp,Dual carriageway,None,30,15:20:00,Urban,Raining no high winds,No,16 - 20,6,Urban area,8,1299,None,None,Other/Not known (2005-10),Mid Junction - on roundabout or on main road,TOYOTA,YARIS T SPIRIT AUTO,Petrol,Female,None,No tow/articulation,Did not leave carriageway,0,Going ahead other,2,Car,No,Front,2010
201004BA10102,Unclassified,0,Unclassified,0,Slight,None,19-07-2010,Monday,1,Give way or uncontrolled,T or staggered junction,54.042164,Daylight,348030,460980,-2.795132,E01025147,2,2,0,0,Wet or damp,Single carriageway,None,30,17:25:00,Urban,Raining no high winds,No,16 - 20,6,Data missing or out of range,NA,1396,None,None,Other/Not known (2005-10),Entering main road,ROVER,25 IMPRESSION 3,Petrol,Female,None,No tow/articulation,Did not leave carriageway,0,Moving off,1,Car,No,Front,2010
201006A029832,C,0,Unclassified,0,Slight,None,24-03-2010,Wednesday,1,Give way or uncontrolled,Crossroads,53.482081,Daylight,387930,398390,-2.183357,E01005092,3,2,0,0,Wet or damp,Single carriageway,None,30,17:00:00,Urban,Raining no high winds,No,16 - 20,6,Urban area,2,1360,None,None,Other/Not known (2005-10),Approaching junction or waiting/parked at junction approach,CITROEN,C3 SX AUTO,Petrol,Female,Skidded,No tow/articulation,Did not leave carriageway,0,Moving off,1,Car,No,Offside,2010
201006K035604,A,575,Unclassified,0,Slight,None,20-08-2010,Friday,1,Give way or uncontrolled,T or staggered junction,53.575936,Daylight,371950,408900,-2.425101,E01004817,1,1,0,8,Wet or damp,Single carriageway,None,30,17:50:00,Urban,Raining no high winds,No,16 - 20,6,Urban area,7,1299,None,None,Commuting to/from work,Approaching junction or waiting/parked at junction approach,FORD,KA STYLE,Petrol,Female,None,No tow/articulation,Did not leave carriageway,0,Going ahead other,1,Car,No,Front,2010
201014A138110,A,18,C,769,Slight,None,24-08-2010,Tuesday,2,Auto traffic signal,T or staggered junction,53.522363,Daylight,459550,403230,-1.103249,E01007644,2,2,0,0,Wet or damp,Dual carriageway,None,40,16:55:00,Urban,Raining no high winds,No,16 - 20,6,Urban area,9,1198,None,None,Other/Not known (2005-10),Approaching junction or waiting/parked at junction approach,VOLKSWAGEN,POLO E,Petrol,Female,None,No tow/articulation,Did not leave carriageway,0,Going ahead other,2,Car,No,Front,2010
201014B103310,C,786,Unclassified,0,Slight,None,28-09-2010,Tuesday,1,Give way or uncontrolled,Other junction,53.560749,Daylight,432830,407240,-1.505839,E01007381,1,2,0,0,Wet or damp,Single carriageway,None,30,15:15:00,Urban,Raining no high winds,No,16 - 20,6,Urban area,5,49,None,None,Other/Not known (2005-10),Approaching junction or waiting/parked at junction approach,APRILIA,SONIC GP,Petrol,Female,None,No tow/articulation,Did not leave carriageway,0,Going ahead other,1,Motorcycle 50cc and under,No,Front,2010
2010170S10750,A,1027,NA,0,Slight,None,22-03-2010,Monday,2,Data missing or out of range,Not at junction or within 20 metres,54.584852,Daylight,443680,521280,-1.325638,E01012195,1,2,0,4,Wet or damp,Single carriageway,None,30,16:25:00,Urban,Raining no high winds,No,16 - 20,6,Urban area,6,1360,None,None,Other/Not known (2005-10),Not at or within 20 metres of junction,PEUGEOT,206 FEVER,Petrol,Female,None,No tow/articulation,Did not leave carriageway,0,Waiting to go - held up,1,Car,No,Back,2010
201020G003910,B,4484,NA,0,Slight,None,29-05-2010,Saturday,1,Data missing or out of range,Not at junction or within 20 metres,52.603943,Daylight,394820,300690,-2.077931,E01010474,1,2,0,0,Wet or damp,Single carriageway,None,30,18:30:00,Urban,Raining no high winds,No,16 - 20,6,Urban area,2,1149,None,None,Journey as part of work,Not at or within 20 metres of junction,RENAULT,CLIO DYNAMIQUE 16V,Petrol,Female,None,No tow/articulation,Did not leave carriageway,0,Going ahead other,2,Car,No,Front,2010
201022D002353,A,441,A,448,Slight,None,08-05-2010,Saturday,1,Give way or uncontrolled,Roundabout,52.277697,Daylight,404320,264400,-1.938114,E01032229,1,1,0,0,Wet or damp,Single carriageway,Oil or diesel,30,13:30:00,Urban,Raining no high winds,No,16 - 20,6,Urban area,8,124,None,None,Commuting to/from work,Entering roundabout,SUZUKI,GZ 125 K4,Petrol,Female,None,No tow/articulation,Did not leave carriageway,0,Turning right,1,Motorcycle 125cc and under,No,Offside,2010
201022E004193,A,49,Unclassified,0,Slight,None,14-08-2010,Saturday,1,Give way or uncontrolled,T or staggered junction,52.015155,Daylight,349800,235450,-2.73291,E01014026,1,2,0,0,Wet or damp,Single carriageway,None,60,15:55:00,Rural,Raining no high winds,No,16 - 20,6,Urban area,1,1242,None,Other permanent object,Other/Not known (2005-10),Mid Junction - on roundabout or on main road,FIAT,PUNTO ACTIVE 8V,Petrol,Female,None,No tow/articulation,Nearside,0,Turning right,2,Car,No,Offside,2010
201032C052710,A,153,NA,0,Slight,None,28-02-2010,Sunday,1,Data missing or out of range,Not at junction or within 20 metres,53.19455,Daylight,526190,368050,-0.112547,E01026064,1,2,0,0,Wet or damp,Single carriageway,None,60,12:37:00,Rural,Raining no high winds,No,16 - 20,6,Rural,5,1388,None,None,Other/Not known (2005-10),Not at or within 20 metres of junction,FORD,FIESTA FLAME,Petrol,Female,Skidded,No tow/articulation,Nearside,0,Going ahead other,1,Car,No,Nearside,2010
201032D153810,A,46,NA,0,Slight,None,26-05-2010,Wednesday,1,Data missing or out of range,Not at junction or within 20 metres,53.175248,Daylight,491880,365120,-0.626778,E01026199,2,2,0,0,Wet or damp,Dual carriageway,None,70,18:20:00,Rural,Raining no high winds,No,16 - 20,6,Small town,10,1364,None,None,Commuting to/from work,Not at or within 20 metres of junction,VAUXHALL,ASTRA CLUB TWINPORT,Petrol,Female,None,No tow/articulation,Did not leave carriageway,0,Waiting to go - held up,2,Car,No,Back,2010
201042I398412,Unclassified,0,NA,0,Slight,None,08-04-2019,Wednesday,1,Not at junction or within 20 metres,Not at junction or within 20 metres,28.69646322,Daylight,589740,188680,77.06224567,E01021917,2,2,0,0,Snow,Single carriageway,None,60,07:25:00,Rural,Snowing + high winds,No,16 - 20,6,Urban area,4,1242,Open door of vehicle,Entered ditch,Other/Not known (2005-10),Not at or within 20 metres of junction,FIAT,PANDA DYNAMIC,Petrol,Male,Skidded,No tow/articulation,Nearside,0,Going ahead other,2,Car,No,Offside,2021
201042I398412,Unclassified,0,NA,0,Slight,None,01-12-2010,Wednesday,1,Not at junction or within 20 metres,Not at junction or within 20 metres,51.565013,Daylight,589740,188680,0.736201,E01021917,2,2,0,0,Snow,Single carriageway,None,60,07:25:00,Rural,Snowing + high winds,No,16 - 20,6,Urban area,4,1242,Open door of vehicle,Entered ditch,Other/Not known (2005-10),Not at or within 20 metres of junction,FIAT,PANDA DYNAMIC,Petrol,Male,Skidded,No tow/articulation,Nearside,0,Going ahead other,2,Car,No,Offside,2010
201001WW50047,A,219,Unclassified,0,Slight,None,13-01-2010,Wednesday,1,Auto traffic signal,T or staggered junction,51.445154,Daylight,523610,173300,-0.222696,E01004573,2,3,0,5,Snow,Single carriageway,None,30,08:40:00,Urban,Snowing no high winds,No,16 - 20,6,Urban area,5,1199,None,None,Other/Not known (2005-10),Mid Junction - on roundabout or on main road,VAUXHALL,CORSA SXI 16V SEMI-AUTO,Petrol,Male,None,No tow/articulation,Did not leave carriageway,0,Going ahead other,1,Car,No,Front,2010
20103102A2886,B,600,NA,0,Slight,None,06-12-2010,Monday,1,Data missing or out of range,Not at junction or within 20 metres,53.069813,Daylight,447060,352740,-1.299094,E01027963,1,3,0,0,Frost or ice,Single carriageway,None,30,06:58:00,Urban,Snowing no high winds,No,16 - 20,6,Urban area,5,1248,Parked vehicle,None,Journey as part of work,Not at or within 20 metres of junction,VAUXHALL,CORSAVAN CDTI 16V,Heavy oil,Male,Skidded,No tow/articulation,Did not leave carriageway,0,Overtaking static vehicle - offside,1,Van / Goods 3.5 tonnes mgw or under,No,Front,2010
2010160A00221,Unclassified,0,NA,0,Slight,None,05-01-2010,Tuesday,2,Data missing or out of range,Not at junction or within 20 metres,53.533597,Daylight,526210,405790,-0.097197,E01013192,1,2,0,0,Frost or ice,Single carriageway,None,30,08:40:00,Urban,Snowing no high winds,No,16 - 20,6,Urban area,3,1998,None,None,Other/Not known (2005-10),Not at or within 20 metres of junction,HONDA,CIVIC TYPE-R,Petrol,Female,None,No tow/articulation,Did not leave carriageway,0,Going ahead other,1,Car,No,Front,2010
201022C000940,Unclassified,0,NA,0,Slight,None,18-02-2010,Thursday,2,Data missing or out of range,Not at junction or within 20 metres,52.123439,Daylight,377890,247290,-2.324381,E01032197,1,2,0,0,Snow,Single carriageway,None,30,13:40:00,Urban,Snowing no high winds,No,16 - 20,6,Urban area,7,2000,None,None,Other/Not known (2005-10),Not at or within 20 metres of junction,VOLKSWAGEN,GOLF GT TDI,Heavy oil,Female,Skidded,No tow/articulation,Did not leave carriageway,0,Going ahead other,2,Car,No,Front,2010
201045RU55133,A,320,Unclassified,0,Slight,None,07-08-2019,Saturday,1,Give way or uncontrolled,Roundabout,15.25868957,Daylight,503530,166810,74.10229824,E01030657,1,3,0,0,Dry,Roundabout,None,40,09:51:00,Urban,Unknown,No,16 - 20,6,Urban area,8,1360,None,None,Other/Not known (2005-10),Approaching junction or waiting/parked at junction approach,PEUGEOT,206 SE,Petrol,Male,None,No tow/articulation,Did not leave carriageway,0,Going ahead other,1,Car,No,Back,2019
201045RU53254,Motorway,3,NA,0,Slight,None,25-12-2021,Saturday,1,Data missing or out of range,Not at junction or within 20 metres,12.98700276,Daylight,502630,167910,77.63306605,E01030685,2,4,0,0,Dry,Dual carriageway,None,70,11:30:00,Rural,Unknown,No,16 - 20,6,Urban area,9,1796,None,None,Other/Not known (2005-10),Not at or within 20 metres of junction,MG,TF 135 SUNSTORM,Petrol,Male,None,No tow/articulation,Did not leave carriageway,0,Going ahead other,1,Car,No,Front,2020
201045TA53147,Unclassified,427,NA,0,Slight,None,08-09-2019,Wednesday,1,Data missing or out of range,Not at junction or within 20 metres,28.59336162,Daylight,540150,150580,77.16664047,E01030843,1,2,0,0,Dry,Single carriageway,None,30,17:30:00,Urban,Unknown,No,16 - 20,6,Urban area,10,1328,None,None,Other/Not known (2005-10),Not at or within 20 metres of junction,SUZUKI,IGNIS GL,Petrol,Male,None,No tow/articulation,Did not leave carriageway,0,Going ahead right-hand bend,1,Car,No,Front,2020
201045RE50291,Motorway,25,NA,0,Slight,None,19-12-2020,Friday,2,Data missing or out of range,Not at junction or within 20 metres,14.65876791,Daylight,522500,153370,78.49043054,E01030639,1,2,0,0,Dry,Dual carriageway,None,70,13:30:00,Rural,Unknown,No,16 - 20,6,Small town,7,1388,None,None,Other/Not known (2005-10),Not at or within 20 metres of junction,FORD,FIESTA FLAME,Petrol,Male,None,No tow/articulation,Did not leave carriageway,0,Going ahead other,2,Car,No,Back,2019
201045RE50291,Motorway,25,NA,0,Slight,None,02-04-2010,Friday,2,Data missing or out of range,Not at junction or within 20 metres,51.266271,Daylight,522500,153370,-0.245518,E01030639,1,2,0,0,Dry,Dual carriageway,None,70,13:30:00,Rural,Unknown,No,16 - 20,6,Small town,7,1388,None,None,Other/Not known (2005-10),Not at or within 20 metres of junction,FORD,FIESTA FLAME,Petrol,Male,None,No tow/articulation,Did not leave carriageway,0,Going ahead other,2,Car,No,Back,2010
201045RU53254,Motorway,3,NA,0,Slight,None,14-08-2010,Saturday,1,Data missing or out of range,Not at junction or within 20 metres,51.400892,Daylight,502630,167910,-0.526033,E01030685,2,4,0,0,Dry,Dual carriageway,None,70,11:30:00,Rural,Unknown,No,16 - 20,6,Urban area,9,1796,None,None,Other/Not known (2005-10),Not at or within 20 metres of junction,MG,TF 135 SUNSTORM,Petrol,Male,None,No tow/articulation,Did not leave carriageway,0,Going ahead other,1,Car,No,Front,2010
201045RU55133,A,320,Unclassified,0,Slight,None,30-10-2010,Saturday,1,Give way or uncontrolled,Roundabout,51.390841,Daylight,503530,166810,-0.51342,E01030657,1,3,0,0,Dry,Roundabout,None,40,09:51:00,Urban,Unknown,No,16 - 20,6,Urban area,8,1360,None,None,Other/Not known (2005-10),Approaching junction or waiting/parked at junction approach,PEUGEOT,206 SE,Petrol,Male,None,No tow/articulation,Did not leave carriageway,0,Going ahead other,1,Car,No,Back,2010
201045TA53147,Unclassified,427,NA,0,Slight,None,11-08-2010,Wednesday,1,Data missing or out of range,Not at junction or within 20 metres,51.237136,Daylight,540150,150580,0.006224,E01030843,1,2,0,0,Dry,Single carriageway,None,30,17:30:00,Urban,Unknown,No,16 - 20,6,Urban area,10,1328,None,None,Other/Not known (2005-10),Not at or within 20 metres of junction,SUZUKI,IGNIS GL,Petrol,Male,None,No tow/articulation,Did not leave carriageway,0,Going ahead right-hand bend,1,Car,No,Front,2010
201020S038590,Unclassified,0,B,4129,Slight,None,01-10-2010,Friday,2,Auto traffic signal,Crossroads,52.461282,Daylight,403970,284820,-1.943008,E01009069,1,2,0,5,Dry,Single carriageway,None,30,20:58:00,Urban,Unknown,No,16 - 20,6,Data missing or out of range,NA,1339,None,None,Other/Not known (2005-10),Approaching junction or waiting/parked at junction approach,HONDA,JAZZ SE,Petrol,Male,None,No tow/articulation,Did not leave carriageway,0,Waiting to turn right,2,Car,No,Back,2010
20103102D3278,C,115,Unclassified,0,Slight,None,13-12-2010,Monday,3,Give way or uncontrolled,Private drive or entrance,52.947653,Daylight,465180,339360,-1.031388,E01028413,1,2,0,0,Data missing or out of range,Single carriageway,None,30,19:15:00,Rural,Unknown,No,16 - 20,6,Small town,6,49,None,None,Other/Not known (2005-10),Mid Junction - on roundabout or on main road,MALAGUTI,F-10,Petrol,Male,None,No tow/articulation,Did not leave carriageway,0,Going ahead other,1,Motorcycle 50cc and under,No,Front,2010
201030B000066,A,57,C,316,Slight,None,02-03-2010,Tuesday,2,Give way or uncontrolled,Mini-roundabout,53.45885,Daylight,400950,395790,-1.987165,E01019731,1,2,0,0,Dry,Roundabout,None,30,14:50:00,Urban,Unknown,No,16 - 20,6,Urban area,6,1199,None,None,Other/Not known (2005-10),Entering roundabout,VAUXHALL,CORSA ENERGY 16V,Petrol,Female,None,No tow/articulation,Did not leave carriageway,0,Slowing or stopping,1,Car,No,Back,2010
201030C000114,A,617,NA,0,Slight,None,09-03-2010,Tuesday,1,Data missing or out of range,Not at junction or within 20 metres,53.200641,Daylight,444430,367270,-1.336334,E01019799,1,1,0,0,Dry,Dual carriageway,None,70,13:00:00,Rural,Unknown,No,16 - 20,6,Urban area,3,998,None,Central crash barrier,Other/Not known (2005-10),Not at or within 20 metres of junction,VAUXHALL,CORSA ENERGY TWINPORT,Petrol,Female,Skidded,No tow/articulation,Offside on to centrl res + rebounded,0,Going ahead other,1,Car,No,Back,2010
201042I382511,B,186,Unclassified,0,Slight,None,12-12-2021,Sunday,1,Give way or uncontrolled,T or staggered junction,28.5456325,Darkness - lights lit,559280,193390,77.20351754,E01021439,1,3,0,1,Wet or damp,One way street,None,30,17:20:00,Urban,Fine + high winds,No,21 - 25,6,Small town,9,3498,None,None,Other/Not known (2005-10),Approaching junction or waiting/parked at junction approach,NISSAN,350Z,Petrol,Male,Skidded,No tow/articulation,Did not leave carriageway,0,Going ahead other,1,Car,No,Front,2021
201042I382511,B,186,Unclassified,0,Slight,None,14-11-2010,Sunday,1,Give way or uncontrolled,T or staggered junction,51.61675,Darkness - lights lit,559280,193390,0.29927,E01021439,1,3,0,1,Wet or damp,One way street,None,30,17:20:00,Urban,Fine + high winds,No,21 - 25,6,Small town,9,3498,None,None,Other/Not known (2005-10),Approaching junction or waiting/parked at junction approach,NISSAN,350Z,Petrol,Male,Skidded,No tow/articulation,Did not leave carriageway,0,Going ahead other,1,Car,No,Front,2010
201043W213010,A,329,NA,,Slight,None,29-04-2019,Wednesday,1,Give way or uncontrolled,Private drive or entrance,13.0208069,Darkness - lights lit,478290,170440,77.54591813,E01016700,1,2,0,0,Wet or damp,Single carriageway,None,40,17:26:00,Urban,Fine no high winds,No,21 - 25,6,Rural,9,1910,None,None,Other/Not known (2005-10),Entering main road,FIAT,STILO DYNAMIC JTD,Heavy oil,Male,None,No tow/articulation,Did not leave carriageway,0,Turning right,2,Car,No,Did not impact,2020
201050FT2F014,Unclassified,0,Unclassified,0,Slight,None,29-01-2021,Sunday,1,Give way or uncontrolled,T or staggered junction,22.73096953,Darkness - lights lit,292020,63500,75.90350482,E01015267,1,3,0,0,Dry,Single carriageway,None,30,03:51:00,Urban,Fine no high winds,No,21 - 25,6,Urban area,2,1796,Parked vehicle,None,Other/Not known (2005-10),Cleared junction or waiting/parked at junction exit,BMW,316TI ES COMPACT,Petrol,Male,Overturned,No tow/articulation,Did not leave carriageway,0,Turning right,1,Car,No,Front,2020
201042I113604,Motorway,25,A,13,Slight,None,26-07-2020,Sunday,1,Give way or uncontrolled,Roundabout,26.45950301,Darkness - lights lit,557480,180170,74.64339181,E01015926,2,3,0,0,Dry,Roundabout,None,70,20:00:00,Rural,Fine no high winds,No,21 - 25,6,Urban area,3,2148,None,None,Other/Not known (2005-10),Mid Junction - on roundabout or on main road,MERCEDES,C200 CDI CLASSIC SE AUTO,Heavy oil,Male,None,No tow/articulation,Did not leave carriageway,0,Going ahead other,3,Car,No,Back,2020
20104100C0107,A,4178,NA,0,Slight,None,18-04-2019,Sunday,1,Not at junction or within 20 metres,Not at junction or within 20 metres,26.46414413,Darkness - lights lit,511220,195140,74.59185625,E01023883,1,3,0,0,Dry,Single carriageway,None,30,18:35:00,Urban,Fine no high winds,No,21 - 25,6,Urban area,6,1796,None,None,Other/Not known (2005-10),Not at or within 20 metres of junction,BMW,316TI ES COMPACT,Petrol,Male,None,No tow/articulation,Did not leave carriageway,0,Slowing or stopping,1,Car,No,Front,2020
201045SU53954,A,322,Unclassified,31,Slight,None,06-08-2021,Wednesday,1,Auto traffic signal,T or staggered junction,28.55880034,Darkness - lights lit,495290,159090,77.10974033,E01030761,3,2,0,5,Dry,Single carriageway,None,40,19:50:00,Urban,Fine no high winds,No,21 - 25,6,Urban area,7,1997,None,None,Other/Not known (2005-10),Mid Junction - on roundabout or on main road,CITROEN,RELAY 1000 TD HDI SWB,Heavy oil,Male,None,No tow/articulation,Did not leave carriageway,0,Going ahead other,1,Van / Goods 3.5 tonnes mgw or under,No,Front,2020