Accident_Index,1st_Road_Class,1st_Road_Number,2nd_Road_Class,2nd_Road_Number,Accident_Severity,Carriageway_Hazards,Date,Day_of_Week,Did_Police_Officer_Attend_Scene_of_Accident,Junction_Control,Junction_Detail,Latitude,Light_Conditions,Location_Easting_OSGR,Location_Northing_OSGR,Longitude,LSOA_of_Accident_Location,Number_of_Casualties,Number_of_Vehicles,Pedestrian_Crossing-Human_Control,Pedestrian_Crossing-Physical_Facilities,Road_Surface_Conditions,Road_Type,Special_Conditions_at_Site,Speed_limit,Time,Urban_or_Rural_Area,Weather_Conditions,InScotland,Age_Band_of_Driver,Age_of_Vehicle,Driver_Home_Area_Type,Driver_IMD_Decile,Engine_Capacity_.CC.,Hit_Object_in_Carriageway,Hit_Object_off_Carriageway,Journey_Purpose_of_Driver,Junction_Location,make,model,Propulsion_Code,Sex_of_Driver,Skidding_and_Overturning,Towing_and_Articulation,Vehicle_Leaving_Carriageway,Vehicle_Location.Restricted_Lane,Vehicle_Manoeuvre,Vehicle_Reference,Vehicle_Type,Was_Vehicle_Left_Hand_Drive,X1st_Point_of_Impact,Year
201045SU51252,A,30,Unclassified,0,Slight,None,16-05-2010,Sunday,1,Auto traffic signal,Other junction,51.346094,Darkness - lights lit,489090,161560,-0.722214,E01030786,1,2,0,4,Wet or damp,Single carriageway,None,50,23:15:00,Urban,Fine no high winds,No,21 - 25,6,Urban area,10,1390,None,None,Other/Not known (2005-10),Entering main road,RENAULT,CLIO DYNAMIQUE 16V,Petrol,Male,None,No tow/articulation,Did not leave carriageway,0,Turning left,2,Car,No,Front,2010
201045SU53954,A,322,Unclassified,31,Slight,None,08-09-2010,Wednesday,1,Auto traffic signal,T or staggered junction,51.322885,Darkness - lights lit,495290,159090,-0.633878,E01030761,3,2,0,5,Dry,Single carriageway,None,40,19:50:00,Urban,Fine no high winds,No,21 - 25,6,Urban area,7,1997,None,None,Other/Not known (2005-10),Mid Junction - on roundabout or on main road,CITROEN,RELAY 1000 TD HDI SWB,Heavy oil,Male,None,No tow/articulation,Did not leave carriageway,0,Going ahead other,1,Van / Goods 3.5 tonnes mgw or under,No,Front,2010
201045WA56885,B,3384,Unclassified,0,Slight,None,15-12-2010,Wednesday,1,Give way or uncontrolled,Crossroads,51.200096,Darkness - lights lit,483760,145230,-0.802548,E01030897,1,3,0,0,Wet or damp,Single carriageway,None,30,16:47:00,Urban,Fine no high winds,No,21 - 25,6,Urban area,8,1389,None,None,Other/Not known (2005-10),Approaching junction or waiting/parked at junction approach,VAUXHALL,ASTRA ENJOY 16V,Petrol,Male,None,No tow/articulation,Did not leave carriageway,0,Going ahead other,1,Car,No,Front,2010
201050BB2G011,Unclassified,0,Unclassified,0,Slight,None,29-06-2010,Tuesday,1,Give way or uncontrolled,T or staggered junction,50.468381,Darkness - lights lit,206140,66750,-4.733189,E01018927,1,1,0,0,Dry,Single carriageway,None,30,01:05:00,Urban,Fine no high winds,No,21 - 25,6,Urban area,3,1242,None,Other permanent object,Other/Not known (2005-10),Cleared junction or waiting/parked at junction exit,FIAT,PUNTO ACTIVE SPORT 8V,Petrol,Male,None,No tow/articulation,Offside and rebounded,0,Going ahead other,1,Car,No,Offside,2010
201050FT2F014,Unclassified,0,Unclassified,0,Slight,None,20-06-2010,Sunday,1,Give way or uncontrolled,T or staggered junction,50.461291,Darkness - lights lit,292020,63500,-3.522693,E01015267,1,3,0,0,Dry,Single carriageway,None,30,03:51:00,Urban,Fine no high winds,No,21 - 25,6,Urban area,2,1796,Parked vehicle,None,Other/Not known (2005-10),Cleared junction or waiting/parked at junction exit,BMW,316TI ES COMPACT,Petrol,Male,Overturned,No tow/articulation,Did not leave carriageway,0,Turning right,1,Car,No,Front,2010
20105500D0535,A,35,NA,0,Slight,None,30-01-2010,Saturday,1,Not at junction or within 20 metres,Not at junction or within 20 metres,50.735442,Darkness - lights lit,415550,92900,-1.781032,E01020367,1,2,0,0,Dry,Single carriageway,None,30,19:20:00,Urban,Fine no high winds,No,21 - 25,6,Urban area,2,1781,None,None,Other/Not known (2005-10),Not at or within 20 metres of junction,AUDI,A4 T(190) SPORT,Petrol,Male,None,No tow/articulation,Did not leave carriageway,0,Going ahead other,1,Car,No,Front,2010
2010550C41672,A,347,Unclassified,0,Slight,None,22-09-2010,Wednesday,1,Give way or uncontrolled,T or staggered junction,50.74179,Darkness - lights lit,408630,93590,-1.879077,E01015374,1,2,0,0,Dry,Single carriageway,None,30,21:06:00,Urban,Fine no high winds,No,21 - 25,6,Urban area,5,1995,None,None,Other/Not known (2005-10),Mid Junction - on roundabout or on main road,BMW,318CI SPORT CONVERTIBLE,Petrol,Male,None,No tow/articulation,Did not leave carriageway,0,Going ahead other,2,Car,No,Offside,2010
2010550C53962,A,35,C,320,Slight,None,08-12-2010,Wednesday,1,Give way or uncontrolled,Roundabout,50.725135,Darkness - lights lit,409790,91740,-1.862685,E01015290,1,2,0,7,Dry,Roundabout,None,30,21:21:00,Urban,Fine no high winds,No,21 - 25,6,Urban area,6,1242,None,None,Other/Not known (2005-10),Leaving roundabout,FIAT,PUNTO ACTIVE 8V,Petrol,Male,None,No tow/articulation,Did not leave carriageway,0,Going ahead other,1,Car,No,Nearside,2010
201060L098605,A,541,Unclassified,0,Slight,None,04-06-2010,Friday,1,Give way or uncontrolled,Roundabout,53.066917,Darkness - lights lit,332070,352670,-3.015246,W01000375,1,1,0,0,Dry,Roundabout,None,40,00:35:00,Rural,Fine no high winds,No,21 - 25,6,Urban area,NA,1587,Bollard or refuge,Road sign or traffic signal,Other/Not known (2005-10),Entering roundabout,PEUGEOT,307 S,Petrol,Male,Skidded,No tow/articulation,Offside,0,Going ahead other,1,Car,No,Front,2010
201060L193861,A,5152,NA,0,Slight,None,18-10-2010,Monday,1,Data missing or out of range,Not at junction or within 20 metres,53.029626,Darkness - lights lit,331440,348530,-3.023764,W01000367,1,1,0,0,Wet or damp,Single carriageway,None,40,03:47:00,Urban,Fine no high winds,No,21 - 25,6,Urban area,NA,2497,Kerb,Lamp post,Commuting to/from work,Not at or within 20 metres of junction,MG,ZS,Petrol,Male,Skidded,No tow/articulation,Nearside,0,Going ahead other,1,Car,No,Back,2010
201001EO40351,Unclassified,0,NA,0,Slight,None,29-06-2010,Tuesday,1,Data missing or out of range,Not at junction or within 20 metres,51.562384,Darkness - lights lit,531410,186540,-0.105591,E01002748,1,2,0,0,Dry,Single carriageway,None,30,23:15:00,Urban,Fine no high winds,No,21 - 25,6,Urban area,3,125,None,None,Other/Not known (2005-10),Not at or within 20 metres of junction,HONDA,SES 125-4,Petrol,Male,None,No tow/articulation,Did not leave carriageway,0,Overtaking static vehicle - offside,1,Motorcycle 125cc and under,No,Nearside,2010
201001GD10170,A,10,A,10,Slight,None,22-03-2010,Monday,1,Auto traffic signal,T or staggered junction,51.565362,Darkness - lights lit,533650,186930,-0.073147,E01001805,1,2,0,5,Wet or damp,Single carriageway,None,30,20:40:00,Urban,Fine no high winds,No,21 - 25,6,Urban area,2,2993,None,None,Other/Not known (2005-10),Mid Junction - on roundabout or on main road,BMW,X5 SPORT D AUTO,Heavy oil,Male,None,No tow/articulation,Did not leave carriageway,0,Going ahead other,2,Car,No,Front,2010
201001GD10829,A,107,A,107,Slight,None,18-11-2010,Thursday,2,Give way or uncontrolled,T or staggered junction,51.568776,Darkness - lights lit,534410,187330,-0.062035,E01001824,1,2,0,0,Dry,Single carriageway,None,30,17:50:00,Urban,Fine no high winds,No,21 - 25,6,Urban area,8,1910,None,None,Other/Not known (2005-10),Approaching junction or waiting/parked at junction approach,ALFA ROMEO,156 VELOCE 16V M-JET JTD,Heavy oil,Male,None,No tow/articulation,Did not leave carriageway,0,Parked,1,Car,No,Offside,2010
201001HT20123,Unclassified,0,Unclassified,0,Slight,None,27-02-2010,Saturday,1,Give way or uncontrolled,Crossroads,51.516259,Darkness - lights lit,536440,181540,-0.035006,E01004286,4,2,0,0,Wet or damp,Single carriageway,None,30,20:30:00,Urban,Fine no high winds,No,21 - 25,6,Urban area,1,1598,None,None,Other/Not known (2005-10),Mid Junction - on roundabout or on main road,VOLKSWAGEN,GOLF FSI S,Petrol,Male,None,No tow/articulation,Did not leave carriageway,0,Going ahead other,2,Car,No,Front,2010
201001HT20806,B,108,A,11,Slight,None,04-11-2010,Thursday,1,Auto traffic signal,T or staggered junction,51.518341,Darkness - lights lit,534500,181720,-0.06288,E01004309,1,2,0,5,Dry,Single carriageway,None,30,00:20:00,Urban,Fine no high winds,No,21 - 25,6,Urban area,2,1600,None,None,Other/Not known (2005-10),Mid Junction - on roundabout or on main road,VOLKSWAGEN,GOLF FSI SE,Petrol,Male,None,No tow/articulation,Did not leave carriageway,0,Turning right,2,Car,No,Front,2010
201001JI40004,Unclassified,0,Unclassified,0,Slight,None,09-01-2010,Saturday,1,Give way or uncontrolled,T or staggered junction,51.560065,Darkness - lights lit,546660,186700,0.11433,E01003719,2,2,0,0,Frost or ice,Single carriageway,None,30,22:45:00,Urban,Fine no high winds,No,21 - 25,6,Urban area,2,2000,Kerb,Other permanent object,Other/Not known (2005-10),Mid Junction - on roundabout or on main road,VOLKSWAGEN,GOLF GT TDI,Heavy oil,Male,None,No tow/articulation,Nearside,0,Going ahead other,1,Car,No,Offside,2010
201001JI40242,A,123,Unclassified,0,Slight,None,25-04-2010,Sunday,1,Give way or uncontrolled,T or staggered junction,51.548162,Darkness - lights lit,544030,185300,0.075843,E01003734,1,2,0,1,Dry,Single carriageway,None,30,03:05:00,Urban,Fine no high winds,No,21 - 25,6,Data missing or out of range,NA,698,None,None,Other/Not known (2005-10),Mid Junction - on roundabout or on main road,SMART,ROADSTER SPEEDSILVER AUTO,Petrol,Male,None,No tow/articulation,Did not leave carriageway,0,Going ahead other,1,Car,No,Front,2010
201001KF60397,A,117,Unclassified,0,Slight,None,06-07-2010,Tuesday,1,Give way or uncontrolled,T or staggered junction,51.522496,Darkness - lights lit,542840,182410,0.057521,E01003540,4,2,0,0,Dry,Single carriageway,None,30,01:20:00,Urban,Fine no high winds,No,21 - 25,6,Urban area,2,2993,Kerb,Lamp post,Other/Not known (2005-10),Approaching junction or waiting/parked at junction approach,BMW,330D SE TOURING AUTO,Heavy oil,Male,None,No tow/articulation,Nearside,0,Overtaking moving vehicle - offside,2,Car,No,Nearside,2010
201001KG70056,A,1112,Unclassified,0,Slight,None,12-02-2010,Friday,1,Give way or uncontrolled,T or staggered junction,51.559584,Darkness - lights lit,549520,186730,0.15557,E01000060,1,2,0,0,Dry,Dual carriageway,None,30,18:30:00,Urban,Fine no high winds,No,21 - 25,6,Urban area,6,2616,None,None,Other/Not known (2005-10),Mid Junction - on roundabout or on main road,MAZDA,RX-8 231 PS,Petrol,Male,None,No tow/articulation,Did not leave carriageway,0,Turning left,2,Car,No,Offside,2010
201001KG70262,C,0,Unclassified,0,Slight,None,18-07-2010,Sunday,1,Give way or uncontrolled,T or staggered junction,51.552662,Darkness - lights lit,550210,185980,0.165196,E01000035,1,1,0,0,Dry,Single carriageway,None,30,03:20:00,Urban,Fine no high winds,No,21 - 25,6,Data missing or out of range,NA,1796,Kerb,Tree,Other/Not known (2005-10),Approaching junction or waiting/parked at junction approach,MERCEDES,C230 KOMPRESSOR SE,Petrol,Male,None,No tow/articulation,Nearside,0,Going ahead other,1,Car,No,Front,2010
201001LX50066,A,205,Unclassified,0,Slight,None,20-01-2010,Wednesday,1,Give way or uncontrolled,T or staggered junction,51.452825,Darkness - lights lit,529110,174290,-0.143235,E01003030,1,1,0,0,Wet or damp,Single carriageway,None,30,18:11:00,Urban,Fine no high winds,No,21 - 25,6,Data missing or out of range,NA,1248,None,None,Other/Not known (2005-10),Approaching junction or waiting/parked at junction approach,VAUXHALL,CORSA SXI CDTI,Heavy oil,Male,None,No tow/articulation,Did not leave carriageway,0,Going ahead other,1,Car,No,Front,2010
201001LX50143,A,203,A,23,Slight,None,26-02-2010,Friday,1,Auto traffic signal,T or staggered junction,51.464685,Darkness - lights lit,531080,175660,-0.114392,E01003061,3,3,0,5,Wet or damp,Single carriageway,None,30,19:20:00,Urban,Fine no high winds,No,21 - 25,6,Urban area,2,1598,None,None,Other/Not known (2005-10),Approaching junction or waiting/parked at junction approach,MINI,MINI ONE,Petrol,Male,None,No tow/articulation,Did not leave carriageway,0,Waiting to go - held up,1,Car,No,Back,2010
201001LX50203,C,0,Unclassified,0,Slight,None,19-03-2010,Friday,1,Give way or uncontrolled,T or staggered junction,51.466776,Darkness - lights lit,531750,175910,-0.104659,E01003048,1,2,0,0,Dry,Single carriageway,None,30,21:16:00,Urban,Fine no high winds,No,21 - 25,6,Urban area,2,125,None,None,Journey as part of work,Approaching junction or waiting/parked at junction approach,HONDA,ANF 125-3,Petrol,Male,None,No tow/articulation,Did not leave carriageway,0,Going ahead other,2,Motorcycle 125cc and under,No,Front,2010
201001LX50477,A,23,Unclassified,0,Slight,None,12-06-2010,Saturday,1,Give way or uncontrolled,T or staggered junction,51.431382,Darkness - lights lit,530130,171930,-0.129431,E01003118,3,2,0,4,Dry,Single carriageway,None,30,03:00:00,Urban,Fine no high winds,No,21 - 25,6,Data missing or out of range,NA,2461,None,None,Journey as part of work,Approaching junction or waiting/parked at junction approach,VOLKSWAGEN,LT 35 TDI LWB,Heavy oil,Male,None,No tow/articulation,Did not leave carriageway,0,Going ahead other,2,Van / Goods 3.5 tonnes mgw or under,No,Front,2010
201001MM70611,A,215,NA,0,Slight,None,16-07-2010,Friday,2,Data missing or out of range,Not at junction or within 20 metres,51.481989,Darkness - lights lit,532410,177620,-0.094523,E01003923,3,2,0,0,Dry,Single carriageway,None,30,23:30:00,Urban,Fine no high winds,No,21 - 25,6,Urban area,1,2148,None,None,Other/Not known (2005-10),Not at or within 20 metres of junction,MERCEDES,C220 CDI SE AUTO,Heavy oil,Male,None,No tow/articulation,Did not leave carriageway,0,Going ahead other,1,Car,No,Offside,2010
201001MM71092,A,2,Unclassified,0,Slight,None,19-12-2010,Sunday,1,Give way or uncontrolled,T or staggered junction,51.489755,Darkness - lights lit,533400,178510,-0.079938,E01003966,1,2,0,0,Snow,Single carriageway,None,30,16:53:00,Urban,Fine no high winds,No,21 - 25,6,Urban area,5,1686,None,None,Other/Not known (2005-10),Approaching junction or waiting/parked at junction approach,VAUXHALL,ASTRA LS CDTI,Heavy oil,Male,None,No tow/articulation,Did not leave carriageway,0,Going ahead other,2,Car,No,Nearside,2010
201001QA10490,C,0,NA,0,Slight,None,14-11-2010,Sunday,1,Data missing or out of range,Not at junction or within 20 metres,51.62174,Darkness - lights lit,513870,192720,-0.356512,E01002144,2,2,0,0,Wet or damp,Single carriageway,None,30,22:00:00,Rural,Fine no high winds,No,21 - 25,6,Data missing or out of range,NA,1242,None,None,Commuting to/from work,Not at or within 20 metres of junction,FIAT,PUNTO ACTIVE 8V,Petrol,Male,Skidded,No tow/articulation,Did not leave carriageway,0,Going ahead right-hand bend,1,Car,No,Front,2010
201001QK50193,A,404,Unclassified,0,Slight,None,04-04-2010,Sunday,1,Give way or uncontrolled,T or staggered junction,51.563144,Darkness - lights lit,516490,186260,-0.320825,E01000563,1,2,0,0,Dry,Single carriageway,None,30,23:25:00,Urban,Fine no high winds,No,21 - 25,6,Urban area,4,124,None,None,Other/Not known (2005-10),Mid Junction - on roundabout or on main road,HONDA,XR 125 L-3,Petrol,Male,None,No tow/articulation,Did not leave carriageway,0,Going ahead other,2,Motorcycle 50cc and under,No,Front,2010
201001RY10108,C,0,Unclassified,0,Slight,None,26-02-2010,Friday,1,Give way or uncontrolled,T or staggered junction,51.470048,Darkness - lights lit,548660,176740,0.138963,E01000354,1,2,0,0,Dry,Single carriageway,None,30,06:00:00,Urban,Fine no high winds,No,21 - 25,6,Urban area,5,1998,None,None,Other/Not known (2005-10),Mid Junction - on roundabout or on main road,FORD,MONDEO GHIA TDCI,Heavy oil,Male,None,No tow/articulation,Did not leave carriageway,0,Turning right,1,Car,No,Offside,2010
201001RY10530,A,210,NA,0,Slight,None,09-12-2010,Thursday,1,Data missing or out of range,Not at junction or within 20 metres,51.450989,Darkness - lights lit,545230,174520,0.088703,E01000340,1,2,0,0,Snow,Single carriageway,None,30,17:00:00,Urban,Fine no high winds,No,21 - 25,6,Urban area,2,3900,None,None,Journey as part of work,Not at or within 20 metres of junction,DAF,,Heavy oil,Male,Skidded,No tow/articulation,Did not leave carriageway,0,Slowing or stopping,1,Bus or coach (17 or more pass seats),No,Front,2010
201001SX20949,A,1,A,504,Slight,None,12-09-2010,Sunday,1,Auto traffic signal,Crossroads,51.59112,Darkness - lights lit,523960,189550,-0.211951,E01000242,3,2,0,5,Dry,Dual carriageway,None,40,23:05:00,Urban,Fine no high winds,No,21 - 25,6,Urban area,2,1796,None,None,Other/Not known (2005-10),Mid Junction - on roundabout or on main road,VAUXHALL,ASTRA DESIGN AUTO,Petrol,Male,None,No tow/articulation,Did not leave carriageway,0,Going ahead right-hand bend,1,Car,No,Front,2010
201001SX21338,A,410,A,41,Slight,None,22-12-2010,Wednesday,1,Give way or uncontrolled,Roundabout,51.62346,Darkness - lights lit,518600,193020,-0.288116,E01000189,1,2,0,0,Frost or ice,Single carriageway,None,40,18:52:00,Rural,Fine no high winds,No,21 - 25,6,Urban area,3,3498,None,None,Other/Not known (2005-10),Cleared junction or waiting/parked at junction exit,NISSAN,350Z,Petrol,Male,None,No tow/articulation,Did not leave carriageway,0,Slowing or stopping,2,Car,No,Front,2010
201001TB00110,A,118,A,118,Slight,None,07-04-2010,Wednesday,2,Auto traffic signal,Crossroads,51.556266,Darkness - lights lit,543260,186180,0.065104,E01003728,2,2,0,5,Dry,Dual carriageway,None,30,02:00:00,Urban,Fine no high winds,No,21 - 25,6,Data missing or out of range,NA,1998,None,None,Other/Not known (2005-10),Mid Junction - on roundabout or on main road,HONDA,CIVIC TYPE-R,Petrol,Male,None,No tow/articulation,Did not leave carriageway,0,Turning right,2,Car,No,Back,2010
201001TB00508,A,124,C,0,Slight,None,28-08-2010,Saturday,1,Auto traffic signal,T or staggered junction,51.565062,Darkness - lights lit,552220,187420,0.194788,E01002319,1,2,0,5,Wet or damp,Single carriageway,None,30,22:25:00,Urban,Fine no high winds,No,21 - 25,6,Data missing or out of range,NA,1796,None,None,Other/Not known (2005-10),Mid Junction - on roundabout or on main road,FORD,,Petrol,Male,None,No tow/articulation,Did not leave carriageway,0,Going ahead other,1,Car,No,Offside,2010
201001TB00556,A,112,Unclassified,0,Slight,None,18-08-2010,Wednesday,1,Give way or uncontrolled,T or staggered junction,51.614974,Darkness - lights lit,537360,192550,-0.017456,E01004452,1,2,0,0,Wet or damp,Single carriageway,None,30,21:05:00,Urban,Fine no high winds,No,21 - 25,6,Urban area,1,125,None,None,Other/Not known (2005-10),Approaching junction or waiting/parked at junction approach,HONDA,ANF 125-3,Petrol,Male,None,No tow/articulation,Did not leave carriageway,0,Going ahead other,2,Motorcycle 125cc and under,No,Front,2010
201001TC00029,C,0,NA,0,Slight,None,21-01-2010,Thursday,1,Data missing or out of range,Not at junction or within 20 metres,51.570896,Darkness - lights lit,553900,188120,0.219314,E01002274,2,3,0,0,Dry,Single carriageway,None,30,16:30:00,Urban,Fine no high winds,No,21 - 25,6,Urban area,6,2616,None,None,Other/Not known (2005-10),Not at or within 20 metres of junction,MAZDA,RX-8 231 PS,Petrol,Male,None,No tow/articulation,Did not leave carriageway,0,Going ahead other,3,Car,No,Front,2010
201001TW60230,A,308,NA,0,Slight,None,01-08-2010,Sunday,1,Data missing or out of range,Not at junction or within 20 metres,51.406284,Darkness - lights lit,515280,168780,-0.343976,E01003823,2,2,0,0,Dry,Single carriageway,None,30,20:00:00,Urban,Fine no high winds,No,21 - 25,6,Urban area,3,1896,Parked vehicle,None,Other/Not known (2005-10),Not at or within 20 metres of junction,SKODA,OCTAVIA L&K TDI,Heavy oil,Male,None,No tow/articulation,Did not leave carriageway,0,Changing lane to right,1,Car,No,Front,2010
201001TX20512,Motorway,4,NA,0,Slight,None,28-07-2010,Wednesday,1,Data missing or out of range,Not at junction or within 20 metres,51.488347,Darkness - lights lit,511680,177830,-0.392859,E01002638,2,2,0,0,Dry,Dual carriageway,None,60,23:06:00,Urban,Fine no high winds,No,21 - 25,6,Urban area,7,2993,None,None,Other/Not known (2005-10),Not at or within 20 metres of junction,BMW,530D SPORT AUTO,Heavy oil,Male,None,No tow/articulation,Did not leave carriageway,0,Slowing or stopping,1,Car,No,Back,2010
201001WW50425,A,214,C,0,Slight,None,09-06-2010,Wednesday,1,Give way or uncontrolled,T or staggered junction,51.432759,Darkness - lights lit,528430,172040,-0.153832,E01004482,1,2,0,4,Dry,Single carriageway,None,30,00:45:00,Urban,Fine no high winds,No,21 - 25,6,Urban area,6,125,None,None,Other/Not known (2005-10),Mid Junction - on roundabout or on main road,HONDA,ANF 125-3,Petrol,Male,None,No tow/articulation,Did not leave carriageway,0,Going ahead other,2,Motorcycle 125cc and under,No,Front,2010
201001WW50744,B,237,Unclassified,0,Slight,None,07-10-2010,Thursday,1,Give way or uncontrolled,Private drive or entrance,51.451906,Darkness - lights lit,528410,174170,-0.153348,E01004477,1,2,0,0,Wet or damp,Single carriageway,None,30,20:25:00,Urban,Fine no high winds,No,21 - 25,6,Urban area,5,125,None,None,Journey as part of work,Mid Junction - on roundabout or on main road,HONDA,ANF 125-3,Petrol,Male,None,No tow/articulation,Did not leave carriageway,0,Going ahead other,1,Motorcycle 50cc and under,No,Front,2010
201001XD80830,A,40,NA,0,Slight,None,07-11-2010,Sunday,1,Data missing or out of range,Not at junction or within 20 metres,51.519674,Darkness - lights lit,520630,181520,-0.26275,E01001238,1,3,0,0,Dry,Dual carriageway,None,40,18:00:00,Urban,Fine no high winds,No,21 - 25,6,Urban area,10,1149,None,None,Other/Not known (2005-10),Not at or within 20 metres of junction,RENAULT,CLIO EXTREME 3 16V,Petrol,Male,None,No tow/articulation,Did not leave carriageway,0,Waiting to go - held up,1,Car,No,Back,2010
201001XH30197,A,4,NA,0,Slight,None,11-03-2010,Thursday,1,Data missing or out of range,Not at junction or within 20 metres,51.481208,Darkness - lights lit,507700,176950,-0.450429,E01002447,2,2,0,5,Dry,Dual carriageway,None,40,19:32:00,Urban,Fine no high winds,No,21 - 25,6,Urban area,5,1686,None,None,Other/Not known (2005-10),Not at or within 20 metres of junction,VAUXHALL,COMBO 2000 DTI,Heavy oil,Male,None,No tow/articulation,Did not leave carriageway,0,Slowing or stopping,1,Van / Goods 3.5 tonnes mgw or under,No,Back,2010
201001YR90116,C,0,Unclassified,0,Slight,None,16-01-2010,Saturday,1,Stop sign,Crossroads,51.595371,Darkness - lights lit,534430,190290,-0.060615,E01002076,1,2,0,0,Dry,Single carriageway,Road sign or marking defective or obscured,20,00:16:00,Urban,Fine no high winds,No,21 - 25,6,Data missing or out of range,NA,1124,None,None,Other/Not known (2005-10),Mid Junction - on roundabout or on main road,CITROEN,C2 SX,Petrol,Male,None,No tow/articulation,Did not leave carriageway,0,Slowing or stopping,1,Car,No,Front,2010
201001YR90208,A,10,B,153,Slight,None,13-03-2010,Saturday,1,Auto traffic signal,Crossroads,51.588254,Darkness - lights lit,533750,189480,-0.070734,E01002066,1,1,0,5,Dry,Dual carriageway,None,30,19:43:00,Urban,Fine no high winds,No,21 - 25,6,Urban area,2,1896,None,None,Other/Not known (2005-10),Approaching junction or waiting/parked at junction approach,VOLKSWAGEN,GOLF TDI S,Heavy oil,Male,None,No tow/articulation,Did not leave carriageway,0,Going ahead other,1,Car,No,Front,2010
201001YR90212,A,1201,Unclassified,0,Slight,None,22-03-2010,Monday,1,Give way or uncontrolled,T or staggered junction,51.56729,Darkness - lights lit,531180,187080,-0.108706,E01002735,1,2,0,0,Wet or damp,Single carriageway,None,30,21:00:00,Urban,Fine no high winds,No,21 - 25,6,Data missing or out of range,NA,102,None,None,Other/Not known (2005-10),Mid Junction - on roundabout or on main road,HONDA,SCV100F-E,Petrol,Male,None,No tow/articulation,Did not leave carriageway,0,Going ahead other,1,Motorcycle 125cc and under,No,Did not impact,2010
201001YR90713,Unclassified,0,Unclassified,0,Slight,None,17-10-2010,Sunday,1,Give way or uncontrolled,Crossroads,51.605161,Darkness - lights lit,531020,191290,-0.109443,E01002102,3,2,0,0,Dry,Single carriageway,None,30,01:30:00,Urban,Fine no high winds,No,21 - 25,6,Urban area,3,1598,None,None,Other/Not known (2005-10),Mid Junction - on roundabout or on main road,MAZDA,3 TS,Petrol,Male,None,No tow/articulation,Did not leave carriageway,0,Turning left,1,Car,No,Front,2010
201001ZD30150,A,222,A,222,Slight,None,26-02-2010,Friday,1,Auto traffic signal,T or staggered junction,51.380244,Darkness - lights lit,533240,166320,-0.086824,E01000976,2,2,0,5,Dry,Single carriageway,None,30,18:20:00,Urban,Fine no high winds,No,21 - 25,6,Urban area,2,998,None,None,Other/Not known (2005-10),Approaching junction or waiting/parked at junction approach,VAUXHALL,CORSA LIFE TWINPORT S-A,Petrol,Male,None,No tow/articulation,Did not leave carriageway,0,Going ahead other,2,Car,No,Front,2010
201001ZD30311,Unclassified,0,NA,0,Slight,Any animal in carriageway (except ridden horse),03-03-2010,Wednesday,1,Data missing or out of range,Not at junction or within 20 metres,51.376303,Darkness - lights lit,533570,165890,-0.082247,E01000978,1,1,0,0,Dry,Single carriageway,None,30,19:20:00,Urban,Fine no high winds,No,21 - 25,6,Urban area,4,125,None,None,Other/Not known (2005-10),Not at or within 20 metres of junction,HONDA,ANF 125-3,Petrol,Male,None,No tow/articulation,Did not leave carriageway,0,Going ahead other,1,Motorcycle 125cc and under,No,Did not impact,2010
201001ZD30658,A,222,Unclassified,0,Slight,None,10-08-2010,Tuesday,1,Give way or uncontrolled,Crossroads,51.378975,Darkness - lights lit,533670,166190,-0.080698,E01000978,1,2,0,0,Dry,Single carriageway,None,30,20:50:00,Urban,Fine no high winds,No,21 - 25,6,Urban area,3,125,None,None,Journey as part of work,Mid Junction - on roundabout or on main road,HONDA,ANF 125-3,Petrol,Male,None,No tow/articulation,Did not leave carriageway,0,Overtaking moving vehicle - offside,1,Motorcycle 125cc and under,No,Front,2010
201001ZD30924,Unclassified,0,NA,0,Slight,None,26-10-2010,Tuesday,1,Data missing or out of range,Not at junction or within 20 metres,51.409858,Darkness - lights lit,531110,169560,-0.116217,E01001087,1,5,0,0,Dry,Single carriageway,None,30,18:36:00,Urban,Fine no high winds,No,21 - 25,6,Urban area,1,1299,Parked vehicle,Other permanent object,Other/Not known (2005-10),Not at or within 20 metres of junction,FORD,KA,Petrol,Male,None,No tow/articulation,Nearside,0,Going ahead other,1,Car,No,Offside,2010
201001ZT80428,B,2230,B,2218,Slight,None,09-12-2010,Thursday,1,Give way or uncontrolled,More than 4 arms (not roundabout),51.347609,Darkness - lights lit,525800,162500,-0.195024,E01004090,2,2,0,4,Dry,Single carriageway,None,30,17:05:00,Urban,Fine no high winds,No,21 - 25,6,Urban area,9,1686,None,None,Journey as part of work,Entering main road,VAUXHALL,ASTRAVAN ENVOY CDTI,Heavy oil,Male,None,No tow/articulation,Did not leave carriageway,0,Turning right,2,Van / Goods 3.5 tonnes mgw or under,No,Front,2010
201004AL10118,Unclassified,0,Unclassified,0,Slight,None,15-07-2010,Thursday,1,Give way or uncontrolled,Crossroads,53.75459,Darkness - lights lit,332500,429180,-3.025234,E01024989,1,1,0,0,Wet or damp,Single carriageway,None,30,22:20:00,Urban,Fine no high winds,No,21 - 25,6,Urban area,6,124,None,None,Other/Not known (2005-10),Approaching junction or waiting/parked at junction approach,SUZUKI,EN 125,Petrol,Male,Skidded,No tow/articulation,Did not leave carriageway,0,Going ahead other,1,Motorcycle 125cc and under,No,Did not impact,2010