Accident_Index,1st_Road_Class,1st_Road_Number,2nd_Road_Class,2nd_Road_Number,Accident_Severity,Carriageway_Hazards,Date,Day_of_Week,Did_Police_Officer_Attend_Scene_of_Accident,Junction_Control,Junction_Detail,Latitude,Light_Conditions,Location_Easting_OSGR,Location_Northing_OSGR,Longitude,LSOA_of_Accident_Location,Number_of_Casualties,Number_of_Vehicles,Pedestrian_Crossing-Human_Control,Pedestrian_Crossing-Physical_Facilities,Road_Surface_Conditions,Road_Type,Special_Conditions_at_Site,Speed_limit,Time,Urban_or_Rural_Area,Weather_Conditions,InScotland,Age_Band_of_Driver,Age_of_Vehicle,Driver_Home_Area_Type,Driver_IMD_Decile,Engine_Capacity_.CC.,Hit_Object_in_Carriageway,Hit_Object_off_Carriageway,Journey_Purpose_of_Driver,Junction_Location,make,model,Propulsion_Code,Sex_of_Driver,Skidding_and_Overturning,Towing_and_Articulation,Vehicle_Leaving_Carriageway,Vehicle_Location.Restricted_Lane,Vehicle_Manoeuvre,Vehicle_Reference,Vehicle_Type,Was_Vehicle_Left_Hand_Drive,X1st_Point_of_Impact,Year
201004AN10034,Unclassified,0,Unclassified,0,Slight,None,14-03-2010,Sunday,1,Give way or uncontrolled,Crossroads,53.837696,Darkness - lights lit,330970,438450,-3.050515,E01012749,1,2,0,0,Dry,Single carriageway,None,30,23:20:00,Urban,Fine no high winds,No,21 - 25,6,Urban area,4,1781,None,None,Other/Not known (2005-10),Mid Junction - on roundabout or on main road,AUDI,A4 T (163) LTD EDITION,Petrol,Male,None,No tow/articulation,Did not leave carriageway,0,Going ahead other,2,Car,No,Offside,2010
201004DA10073,Unclassified,0,Unclassified,0,Slight,None,24-08-2010,Tuesday,1,Give way or uncontrolled,Crossroads,53.766033,Darkness - lights lit,354230,430190,-2.695845,E01025293,1,3,0,0,Dry,One way street,None,30,22:35:00,Urban,Fine no high winds,No,21 - 25,6,Urban area,4,1896,None,Telegraph or electricity pole,Journey as part of work,Mid Junction - on roundabout or on main road,SKODA,SUPERB CLASSIC 100 TDI,Heavy oil,Male,None,No tow/articulation,Nearside,0,Going ahead other,2,Taxi/Private hire car,No,Front,2010
201005BB06072,A,565,B,5193,Slight,None,14-10-2010,Thursday,1,Auto traffic signal,Crossroads,53.526843,Darkness - lights lit,331670,403850,-3.032247,E01007076,1,2,0,4,Dry,Single carriageway,None,30,00:19:00,Rural,Fine no high winds,No,21 - 25,6,Urban area,3,1149,None,None,Journey as part of work,Leaving main road,RENAULT,CLIO DYNAMIQUE 16V,Petrol,Male,None,No tow/articulation,Did not leave carriageway,0,Going ahead other,1,Car,No,Nearside,2010
201005EE01236,A,59,Unclassified,0,Slight,None,19-01-2010,Tuesday,1,Give way or uncontrolled,T or staggered junction,53.462814,Darkness - lights lit,336360,396660,-2.960048,E01006782,3,3,0,4,Dry,Single carriageway,None,30,17:15:00,Urban,Fine no high winds,No,21 - 25,6,Urban area,3,998,None,None,Other/Not known (2005-10),Cleared junction or waiting/parked at junction exit,TOYOTA,YARIS T2,Petrol,Male,Skidded,No tow/articulation,Did not leave carriageway,0,Going ahead other,1,Car,No,Front,2010
201011ND26370,A,167,NA,0,Slight,None,01-11-2010,Monday,1,Not at junction or within 20 metres,Not at junction or within 20 metres,54.76048,Darkness - lights lit,426330,540690,-1.592347,E01020713,1,2,0,0,Dry,Single carriageway,None,60,18:21:00,Rural,Fine no high winds,No,21 - 25,6,Urban area,4,1388,None,None,Other/Not known (2005-10),Not at or within 20 metres of junction,FORD,FIESTA FLAME,Petrol,Male,None,No tow/articulation,Did not leave carriageway,0,U-turn,1,Car,No,Offside,2010
201014B110310,A,633,Unclassified,0,Slight,None,18-10-2010,Monday,1,Auto traffic signal,Other junction,53.543904,Darkness - lights lit,437430,405400,-1.436616,E01007319,2,3,0,0,Dry,Single carriageway,None,30,19:05:00,Urban,Fine no high winds,No,21 - 25,6,Urban area,1,1124,None,None,Other/Not known (2005-10),Approaching junction or waiting/parked at junction approach,PEUGEOT,206 STYLE,Petrol,Male,None,No tow/articulation,Did not leave carriageway,0,Going ahead other,3,Car,No,Front,2010
201014K264910,A,61,C,725,Slight,None,10-10-2010,Sunday,1,Auto traffic signal,Crossroads,53.387348,Darkness - lights lit,435870,387970,-1.462141,E01007876,7,3,0,4,Dry,Dual carriageway,None,30,02:15:00,Urban,Fine no high winds,No,21 - 25,6,Urban area,1,2402,None,None,Journey as part of work,Approaching junction or waiting/parked at junction approach,LONDON TAXIS INT,TXII BRONZE AUTO,Heavy oil,Male,None,No tow/articulation,Did not leave carriageway,0,Waiting to go - held up,3,Taxi/Private hire car,No,Back,2010
201014K325210,A,61,C,712,Slight,None,15-11-2010,Monday,1,Auto traffic signal,Other junction,53.373711,Darkness - lights lit,435490,386450,-1.468024,E01008110,1,2,0,1,Wet or damp,Dual carriageway,None,40,20:33:00,Urban,Fine no high winds,No,21 - 25,6,Urban area,2,1199,None,None,Other/Not known (2005-10),Approaching junction or waiting/parked at junction approach,VAUXHALL,CORSA SXI 16V SEMI-AUTO,Petrol,Male,None,No tow/articulation,Did not leave carriageway,0,Going ahead other,2,Car,No,Front,2010
201014K355810,A,61,NA,0,Slight,None,24-12-2010,Friday,1,Not at junction or within 20 metres,Not at junction or within 20 metres,53.418163,Darkness - lights lit,433340,391380,-1.49982,E01008089,1,2,0,0,Wet or damp,Dual carriageway,None,30,17:24:00,Urban,Fine no high winds,No,21 - 25,6,Small town,5,1388,None,None,Other/Not known (2005-10),Not at or within 20 metres of junction,FORD,FIESTA FLAME,Petrol,Male,None,No tow/articulation,Did not leave carriageway,0,Going ahead other,2,Car,No,Back,2010
2010160B00481,A,161,Unclassified,0,Slight,None,03-02-2010,Wednesday,1,Give way or uncontrolled,T or staggered junction,53.552503,Darkness - lights lit,478480,406860,-0.816867,E01013242,2,2,0,0,Wet or damp,Single carriageway,None,30,18:34:00,Rural,Fine no high winds,No,21 - 25,6,Rural,5,1796,None,None,Other/Not known (2005-10),Mid Junction - on roundabout or on main road,VAUXHALL,CORSA SRI 16V,Petrol,Male,Skidded,No tow/articulation,Did not leave carriageway,0,Going ahead other,2,Car,No,Offside,2010
2010160D01631,A,1166,A,1105,Slight,None,18-02-2010,Thursday,2,Give way or uncontrolled,Roundabout,53.736958,Darkness - lights lit,505690,427920,-0.39915,E01012886,1,2,0,0,Dry,Dual carriageway,None,30,17:50:00,Urban,Fine no high winds,No,21 - 25,6,Urban area,1,2993,None,None,Other/Not known (2005-10),Approaching junction or waiting/parked at junction approach,BMW,X5 SPORT D AUTO,Heavy oil,Male,None,No tow/articulation,Did not leave carriageway,0,Waiting to go - held up,2,Car,No,Back,2010
2010170M10390,A,19,NA,0,Slight,None,17-02-2010,Wednesday,1,Data missing or out of range,Not at junction or within 20 metres,54.551833,Darkness - lights lit,447130,517640,-1.272843,E01012012,2,2,0,0,Wet or damp,Dual carriageway,Roadworks,70,21:04:00,Rural,Fine no high winds,No,21 - 25,6,Urban area,7,1368,None,None,Other/Not known (2005-10),Not at or within 20 metres of junction,FIAT,STILO ACTIVE 16V,Petrol,Male,None,No tow/articulation,Did not leave carriageway,0,Going ahead other,2,Car,No,Front,2010
2010170M13400,A,172,Unclassified,0,Slight,None,01-10-2010,Friday,1,Give way or uncontrolled,Private drive or entrance,54.565632,Darkness - lights lit,450350,519210,-1.222795,E01012026,1,2,0,0,Dry,Single carriageway,None,30,18:15:00,Urban,Fine no high winds,No,21 - 25,6,Urban area,1,2171,None,None,Other/Not known (2005-10),Approaching junction or waiting/parked at junction approach,VAUXHALL,VECTRA ELEGANCE DTI 16V,Heavy oil,Male,None,No tow/articulation,Did not leave carriageway,0,Turning left,1,Car,No,Back,2010
2010170M22660,Unclassified,0,Unclassified,0,Slight,None,25-10-2010,Monday,1,Give way or uncontrolled,Private drive or entrance,54.569968,Darkness - lights lit,451020,519700,-1.212349,E01012059,1,2,0,0,Dry,Single carriageway,None,30,17:44:00,Urban,Fine no high winds,No,21 - 25,6,Urban area,1,125,None,None,Commuting to/from work,Mid Junction - on roundabout or on main road,HONDA,CBR 125 R-4,Petrol,Male,Skidded,No tow/articulation,Did not leave carriageway,0,Overtaking static vehicle - offside,2,Motorcycle 125cc and under,No,Nearside,2010
2010170S12390,A,1305,NA,0,Slight,None,15-09-2010,Wednesday,2,Data missing or out of range,Not at junction or within 20 metres,54.566554,Darkness - lights lit,444320,519250,-1.316042,E01012267,1,1,0,5,Dry,Single carriageway,None,30,20:20:00,Urban,Fine no high winds,No,21 - 25,6,Urban area,2,1896,None,None,Journey as part of work,Not at or within 20 metres of junction,SKODA,OCTAVIA AMBIENTE TDI,Heavy oil,Male,None,No tow/articulation,Did not leave carriageway,0,Going ahead other,1,Taxi/Private hire car,No,Did not impact,2010
201020G004550,Unclassified,0,Unclassified,0,Slight,None,18-06-2010,Friday,1,Auto traffic signal,More than 4 arms (not roundabout),52.582955,Darkness - lights lit,391580,298360,-2.125713,E01010521,1,4,0,5,Dry,Single carriageway,None,20,03:04:00,Urban,Fine no high winds,No,21 - 25,6,Urban area,2,1598,Kerb,Other permanent object,Other/Not known (2005-10),Mid Junction - on roundabout or on main road,VAUXHALL,ASTRA SXI TWINPORT,Petrol,Male,Skidded and overturned,No tow/articulation,Offside,0,Going ahead other,1,Car,No,Front,2010
201020K005610,A,4030,Unclassified,0,Slight,None,25-04-2010,Sunday,2,Give way or uncontrolled,T or staggered junction,52.478104,Darkness - lights lit,402130,286690,-1.970078,E01009921,1,2,0,0,Dry,Single carriageway,None,30,20:00:00,Urban,Fine no high winds,No,21 - 25,6,Urban area,1,2204,None,None,Other/Not known (2005-10),Mid Junction - on roundabout or on main road,HONDA,ACCORD I CTDI EXECUTIVE,Heavy oil,Male,None,No tow/articulation,Did not leave carriageway,0,Going ahead other,2,Car,No,Front,2010
201020L011040,B,4118,Unclassified,0,Slight,None,13-11-2010,Saturday,1,Give way or uncontrolled,T or staggered junction,52.506655,Darkness - lights lit,415610,289890,-1.771453,E01010117,4,2,0,8,Dry,Single carriageway,None,30,23:09:00,Urban,Fine no high winds,No,21 - 25,6,Urban area,5,1405,None,None,Other/Not known (2005-10),Mid Junction - on roundabout or on main road,ROVER,CITYROVER SELECT,Petrol,Male,None,No tow/articulation,Did not leave carriageway,0,Going ahead other,2,Car,No,Nearside,2010
201020L011750,B,425,Unclassified,0,Slight,None,02-12-2010,Thursday,1,Give way or uncontrolled,T or staggered junction,52.416495,Darkness - lights lit,415230,279860,-1.777507,E01010226,3,2,0,0,Wet or damp,Single carriageway,None,30,17:30:00,Urban,Fine no high winds,No,21 - 25,6,Urban area,2,1240,None,None,Other/Not known (2005-10),Mid Junction - on roundabout or on main road,NISSAN,MICRA S,Petrol,Male,None,No tow/articulation,Did not leave carriageway,0,U-turn,1,Car,No,Offside,2010
201020M000720,Unclassified,0,Unclassified,0,Slight,None,07-04-2010,Wednesday,2,Give way or uncontrolled,Crossroads,52.43535,Darkness - lights lit,432380,282040,-1.525143,E01009527,2,2,0,0,Dry,Single carriageway,None,30,22:45:00,Urban,Fine no high winds,No,21 - 25,6,Urban area,1,1997,None,None,Other/Not known (2005-10),Entering from slip road,PEUGEOT,206 GTI,Petrol,Male,None,No tow/articulation,Did not leave carriageway,0,Waiting to go - held up,2,Car,No,Back,2010
201020M006713,B,4113,Unclassified,0,Slight,None,16-02-2010,Tuesday,1,Give way or uncontrolled,T or staggered junction,52.440781,Darkness - lights lit,434710,282660,-1.490807,E01009564,3,3,0,0,Wet or damp,Single carriageway,None,30,18:25:00,Urban,Fine no high winds,No,21 - 25,6,Urban area,7,1149,None,None,Other/Not known (2005-10),Leaving main road,RENAULT,CLIO DYNAMIQUE 16V,Petrol,Male,None,No tow/articulation,Did not leave carriageway,0,Turning right,1,Car,No,Nearside,2010
201020S021930,Unclassified,0,Unclassified,0,Slight,None,08-07-2010,Thursday,1,Give way or uncontrolled,T or staggered junction,52.480348,Darkness - lights lit,402950,286940,-1.958002,E01009138,3,2,0,0,Dry,Single carriageway,None,30,22:17:00,Urban,Fine no high winds,No,21 - 25,6,Urban area,4,1360,None,None,Other/Not known (2005-10),Approaching junction or waiting/parked at junction approach,PEUGEOT,307 S 90,Petrol,Male,None,No tow/articulation,Did not leave carriageway,0,Waiting to turn left,2,Car,No,Back,2010
201020T505000,A,4540,A,4540,Slight,None,12-12-2010,Sunday,1,Give way or uncontrolled,Roundabout,52.463129,Darkness - lights lit,407860,285030,-1.88575,E01009367,2,1,0,0,Wet or damp,Single carriageway,None,30,21:00:00,Urban,Fine no high winds,No,21 - 25,6,Urban area,8,1994,None,Lamp post,Other/Not known (2005-10),Leaving roundabout,SUBARU,IMPREZA WRX STI WR1,Petrol,Male,Skidded,No tow/articulation,Nearside,0,Going ahead other,1,Car,No,Front,2010
201020W035230,A,457,A,4040,Slight,None,11-09-2010,Saturday,1,Auto traffic signal,Crossroads,52.486541,Darkness - lights lit,404370,287630,-1.937085,E01009153,2,2,0,5,Dry,Single carriageway,None,30,23:37:00,Urban,Fine no high winds,No,21 - 25,6,Urban area,2,2616,None,None,Other/Not known (2005-10),Mid Junction - on roundabout or on main road,MAZDA,RX-8 231 PS,Petrol,Male,None,No tow/articulation,Did not leave carriageway,0,Going ahead other,1,Car,No,Front,2010
201020W035570,A,41,A,4040,Slight,None,14-09-2010,Tuesday,1,Auto traffic signal,Crossroads,52.504434,Darkness - lights lit,404130,289620,-1.940595,E01009275,3,3,0,5,Wet or damp,Single carriageway,None,30,21:40:00,Urban,Fine no high winds,No,21 - 25,6,Urban area,1,1240,None,None,Other/Not known (2005-10),Entering main road,NISSAN,MICRA S,Petrol,Male,None,No tow/articulation,Did not leave carriageway,0,Going ahead other,1,Car,No,Front,2010
201020W049330,A,41,A,4400,Slight,None,09-11-2010,Tuesday,1,Auto traffic signal,Crossroads,52.485167,Darkness - lights lit,406950,287480,-1.899093,E01009150,1,2,0,0,Dry,One way street,None,30,01:55:00,Urban,Fine no high winds,No,21 - 25,6,Urban area,3,1390,None,None,Other/Not known (2005-10),Approaching junction or waiting/parked at junction approach,RENAULT,MEGANE DYNAMIQUE 16V,Petrol,Male,None,No tow/articulation,Did not leave carriageway,0,Slowing or stopping,1,Car,No,Front,2010
201020Z003260,Motorway,6,NA,0,Slight,None,27-09-2010,Monday,1,Data missing or out of range,Not at junction or within 20 metres,52.514183,Darkness - lights lit,416440,290730,-1.759184,E01009441,1,2,0,0,Dry,Dual carriageway,None,70,01:45:00,Rural,Fine no high winds,No,21 - 25,6,Urban area,10,1468,None,Near/Offside crash barrier,Other/Not known (2005-10),Not at or within 20 metres of junction,PROTON,SATRIA LXI SPORT,Petrol,Male,Skidded,No tow/articulation,Nearside and rebounded,0,Going ahead other,1,Car,No,Front,2010
201022D004464,A,449,NA,0,Slight,None,03-09-2010,Friday,1,Data missing or out of range,Not at junction or within 20 metres,52.367373,Darkness - lights lit,383730,274400,-2.240392,E01032420,1,2,0,0,Dry,Single carriageway,None,30,22:10:00,Urban,Fine no high winds,No,21 - 25,6,Urban area,4,1796,None,None,Other/Not known (2005-10),Not at or within 20 metres of junction,MG,ZT 120,Petrol,Male,None,No tow/articulation,Did not leave carriageway,0,Going ahead other,2,Car,No,Back,2010
201030D000844,B,5008,NA,0,Slight,None,07-09-2010,Tuesday,1,Data missing or out of range,Not at junction or within 20 metres,52.862709,Darkness - lights lit,429320,329560,-1.565943,E01019882,1,1,0,0,Wet or damp,Single carriageway,None,40,22:50:00,Rural,Fine no high winds,No,21 - 25,6,Data missing or out of range,NA,1598,None,Lamp post,Other/Not known (2005-10),Not at or within 20 metres of junction,MINI,MINI COOPER S,Petrol,Male,None,No tow/articulation,Offside,0,Going ahead left-hand bend,1,Car,No,Front,2010
201032D014710,B,1378,NA,0,Slight,Any animal in carriageway (except ridden horse),14-01-2010,Thursday,1,Data missing or out of range,Not at junction or within 20 metres,53.219291,Darkness - lights lit,494390,370070,-0.587774,E01026158,1,1,0,0,Wet or damp,Single carriageway,None,40,20:30:00,Urban,Fine no high winds,No,21 - 25,6,Rural,6,49,Any animal (except ridden horse),None,Other/Not known (2005-10),Not at or within 20 metres of junction,PEUGEOT,TREKKER OFF ROAD,Petrol,Male,Skidded and overturned,No tow/articulation,Did not leave carriageway,0,Slowing or stopping,1,Motorcycle 50cc and under,No,Front,2010
201045WA53690,C,31,Unclassified,153,Slight,None,09-05-2021,Friday,1,Give way or uncontrolled,T or staggered junction,14.80011732,Darkness - lights lit,494950,137890,78.61574494,E01030941,3,2,0,0,Dry,Single carriageway,None,60,23:53:00,Rural,Fine no high winds,No,21 - 25,6,Small town,10,1360,None,None,Other/Not known (2005-10),Mid Junction - on roundabout or on main road,PEUGEOT,206 S,Petrol,Female,None,No tow/articulation,Did not leave carriageway,0,Going ahead other,2,Car,No,Front,2019
201037L017788,A,12,NA,0,Slight,None,12-10-2021,Monday,1,Data missing or out of range,Not at junction or within 20 metres,25.78939089,Darkness - lights lit,652810,297490,87.47398156,E01030241,4,2,0,0,Wet or damp,Dual carriageway,None,70,21:59:00,Rural,Fine no high winds,No,21 - 25,6,Rural,5,1396,None,None,Other/Not known (2005-10),Not at or within 20 metres of junction,ROVER,25 IMPRESSION S3,Petrol,Female,None,No tow/articulation,Did not leave carriageway,0,Slowing or stopping,1,Car,No,Back,2019
2010550C55157,A,3049,Unclassified,0,Slight,None,30-12-2021,Thursday,1,Give way or uncontrolled,T or staggered junction,22.09996647,Darkness - lights lit,405060,94790,82.18690692,E01015379,1,4,0,0,Dry,Single carriageway,None,30,15:19:00,Urban,Fine no high winds,No,21 - 25,6,Urban area,10,1299,None,None,Other/Not known (2005-10),Approaching junction or waiting/parked at junction approach,FORD,KA LUXURY,Petrol,Female,None,No tow/articulation,Did not leave carriageway,0,Waiting to go - held up,2,Car,No,Back,2019
201045RU57144,A,320,NA,0,Slight,None,26-06-2020,Thursday,1,Data missing or out of range,Not at junction or within 20 metres,22.07262739,Darkness - lights lit,503480,170940,82.14560961,E01030686,1,2,0,0,Frost or ice,Single carriageway,None,30,07:40:00,Rural,Fine no high winds,No,21 - 25,6,Urban area,5,1461,None,Other permanent object,Journey as part of work,Not at or within 20 metres of junction,RENAULT,MEGANE DYNAMIQUE DCI 80,Heavy oil,Female,Skidded,No tow/articulation,Nearside,0,Going ahead other,2,Car,No,Offside,2019
201045GU48292,A,3,NA,0,Slight,None,19-01-2020,Monday,1,Data missing or out of range,Not at junction or within 20 metres,8.880473087,Darkness - lights lit,507870,158850,76.6698598,E01030458,1,3,0,0,Dry,Dual carriageway,None,70,07:58:00,Rural,Fine no high winds,No,21 - 25,6,Data missing or out of range,NA,1242,None,None,Other/Not known (2005-10),Not at or within 20 metres of junction,FORD,FIESTA FIREFLY,Petrol,Female,None,No tow/articulation,Did not leave carriageway,8,Moving off,1,Car,No,Offside,2020
201045EL47924,A,3,NA,0,Slight,None,04-06-2019,Tuesday,1,Data missing or out of range,Not at junction or within 20 metres,22.6916625,Darkness - lights lit,515620,162440,75.87209425,E01030299,1,2,0,0,Frost or ice,Dual carriageway,None,50,17:47:00,Rural,Fine no high winds,No,21 - 25,6,Urban area,3,1124,None,None,Commuting to/from work,Not at or within 20 metres of junction,PEUGEOT,206 ZEST,Petrol,Female,Skidded,No tow/articulation,Did not leave carriageway,0,Slowing or stopping,1,Car,No,Front,2020
20104100C0062,Unclassified,178,Unclassified,275,Slight,None,23-07-2019,Sunday,1,Give way or uncontrolled,T or staggered junction,28.56544475,Darkness - lights lit,510510,193360,77.32314607,E01023827,1,2,0,0,Wet or damp,Single carriageway,None,30,21:15:00,Urban,Fine no high winds,No,21 - 25,6,Urban area,3,998,None,None,Other/Not known (2005-10),Entering main road,VAUXHALL,CORSA LIFE TWINPORT,Petrol,Female,None,No tow/articulation,Did not leave carriageway,0,Turning left,1,Car,No,Offside,2020
201045WO53547,A,245,NA,0,Slight,None,30-10-2019,Wednesday,1,Data missing or out of range,Not at junction or within 20 metres,18.58894155,Darkness - lights lit,501620,160490,73.79356225,E01030965,3,4,0,0,Dry,Single carriageway,None,40,19:15:00,Urban,Fine no high winds,No,21 - 25,6,Urban area,4,1061,None,None,Other/Not known (2005-10),Not at or within 20 metres of junction,SUZUKI,ALTO GL,Petrol,Female,None,No tow/articulation,Did not leave carriageway,0,Waiting to go - held up,2,Car,No,Back,2021
201045MO50341,A,24,A,2003,Slight,None,10-02-2020,Friday,1,Auto traffic signal,More than 4 arms (not roundabout),18.56674833,Darkness - lights lit,516970,150350,73.85532819,E01030533,2,2,0,0,Dry,Dual carriageway,Roadworks,40,21:45:00,Urban,Fine no high winds,No,21 - 25,6,Small town,7,1896,None,None,Commuting to/from work,Mid Junction - on roundabout or on main road,VOLKSWAGEN,POLO SPORT TDI,Heavy oil,Female,None,No tow/articulation,Did not leave carriageway,0,Moving off,1,Car,No,Front,2021
201045SP54981,A,308,A,308,Slight,None,06-05-2020,Friday,1,Auto traffic signal,Roundabout,27.10417242,Darkness - lights lit,504320,171910,93.61635042,E01030734,3,3,0,0,Wet or damp,Dual carriageway,None,30,23:37:00,Urban,Fine no high winds,No,21 - 25,6,Urban area,6,1598,None,None,Other/Not known (2005-10),Approaching junction or waiting/parked at junction approach,VAUXHALL,ASTRA ELITE,Petrol,Female,None,No tow/articulation,Did not leave carriageway,0,Going ahead other,3,Car,No,Front,2019
201001BS70251,A,308,A,4,Slight,None,03-05-2010,Monday,1,Give way or uncontrolled,T or staggered junction,51.496665,Darkness - lights lit,527200,179120,-0.168972,E01002819,1,1,0,0,Dry,Single carriageway,None,30,20:04:00,Urban,Fine no high winds,No,21 - 25,6,Urban area,7,1598,None,None,Other/Not known (2005-10),Mid Junction - on roundabout or on main road,MINI,MINI ONE,Petrol,Female,None,No tow/articulation,Did not leave carriageway,0,Going ahead right-hand bend,1,Car,No,Front,2010
201001GD10658,C,0,A,106,Slight,None,10-10-2010,Sunday,1,Auto traffic signal,T or staggered junction,51.547876,Darkness - lights lit,536870,185070,-0.027442,E01001846,1,2,0,5,Dry,Single carriageway,None,30,21:51:00,Urban,Fine no high winds,No,21 - 25,6,Urban area,1,1149,None,None,Other/Not known (2005-10),Approaching junction or waiting/parked at junction approach,RENAULT,CLIO EXPRESSION 16V,Petrol,Female,None,No tow/articulation,Did not leave carriageway,0,Slowing or stopping,2,Car,No,Back,2010
201001MM71081,A,2,Unclassified,0,Slight,None,15-12-2010,Wednesday,1,Give way or uncontrolled,Private drive or entrance,51.485647,Darkness - lights lit,534050,178070,-0.070748,E01003964,1,1,0,0,Dry,Single carriageway,None,30,19:58:00,Urban,Fine no high winds,No,21 - 25,6,Urban area,1,1422,None,None,Other/Not known (2005-10),Leaving main road,VOLKSWAGEN,POLO TWIST TDI,Heavy oil,Female,None,No tow/articulation,Did not leave carriageway,0,Turning right,1,Car,No,Front,2010
201001RG40318,A,210,Unclassified,0,Slight,None,05-06-2010,Saturday,1,Give way or uncontrolled,T or staggered junction,51.452832,Darkness - lights lit,541140,174610,0.029917,E01001659,1,1,0,8,Dry,Single carriageway,None,30,21:54:00,Urban,Fine no high winds,No,21 - 25,6,Urban area,4,1988,Bollard or refuge,None,Other/Not known (2005-10),Cleared junction or waiting/parked at junction exit,FORD,FOCUS ST170,Petrol,Female,None,No tow/articulation,Did not leave carriageway,0,Going ahead other,1,Car,No,Offside,2010
201001SX20393,A,111,C,0,Slight,None,15-04-2010,Thursday,1,Auto traffic signal,Crossroads,51.636467,Darkness - lights lit,528930,194720,-0.138345,E01001519,2,2,0,0,Dry,Dual carriageway,None,30,22:20:00,Urban,Fine no high winds,No,21 - 25,6,Urban area,8,1598,None,None,Other/Not known (2005-10),Mid Junction - on roundabout or on main road,MINI,MINI ONE,Petrol,Female,None,No tow/articulation,Did not leave carriageway,0,Moving off,1,Car,No,Front,2010
201001TB00754,A,105,B,105,Slight,None,30-10-2010,Saturday,1,Auto traffic signal,Crossroads,51.563609,Darkness - lights lit,532320,186700,-0.09241,E01001719,1,2,0,0,Dry,Single carriageway,None,30,19:05:00,Urban,Fine no high winds,No,21 - 25,6,Urban area,4,1598,None,None,Other/Not known (2005-10),Cleared junction or waiting/parked at junction exit,RENAULT,MEGANE EXPRESSION 16V,Petrol,Female,None,No tow/articulation,Did not leave carriageway,0,Overtaking static vehicle - offside,1,Car,No,Offside,2010
201037L017788,A,12,NA,0,Slight,None,01-02-2010,Monday,1,Data missing or out of range,Not at junction or within 20 metres,52.516564,Darkness - lights lit,652810,297490,1.724804,E01030241,4,2,0,0,Wet or damp,Dual carriageway,None,70,21:59:00,Rural,Fine no high winds,No,21 - 25,6,Rural,5,1396,None,None,Other/Not known (2005-10),Not at or within 20 metres of junction,ROVER,25 IMPRESSION S3,Petrol,Female,None,No tow/articulation,Did not leave carriageway,0,Slowing or stopping,1,Car,No,Back,2010
20104100C0062,Unclassified,178,Unclassified,275,Slight,None,17-01-2010,Sunday,1,Give way or uncontrolled,T or staggered junction,51.628161,Darkness - lights lit,510510,193360,-0.404826,E01023827,1,2,0,0,Wet or damp,Single carriageway,None,30,21:15:00,Urban,Fine no high winds,No,21 - 25,6,Urban area,3,998,None,None,Other/Not known (2005-10),Entering main road,VAUXHALL,CORSA LIFE TWINPORT,Petrol,Female,None,No tow/articulation,Did not leave carriageway,0,Turning left,1,Car,No,Offside,2010
201045EL47924,A,3,NA,0,Slight,None,12-01-2010,Tuesday,1,Data missing or out of range,Not at junction or within 20 metres,51.34923,Darkness - lights lit,515620,162440,-0.341151,E01030299,1,2,0,0,Frost or ice,Dual carriageway,None,50,17:47:00,Rural,Fine no high winds,No,21 - 25,6,Urban area,3,1124,None,None,Commuting to/from work,Not at or within 20 metres of junction,PEUGEOT,206 ZEST,Petrol,Female,Skidded,No tow/articulation,Did not leave carriageway,0,Slowing or stopping,1,Car,No,Front,2010
201045GU48292,A,3,NA,0,Slight,None,25-01-2010,Monday,1,Data missing or out of range,Not at junction or within 20 metres,51.318484,Darkness - lights lit,507870,158850,-0.453479,E01030458,1,3,0,0,Dry,Dual carriageway,None,70,07:58:00,Rural,Fine no high winds,No,21 - 25,6,Data missing or out of range,NA,1242,None,None,Other/Not known (2005-10),Not at or within 20 metres of junction,FORD,FIESTA FIREFLY,Petrol,Female,None,No tow/articulation,Did not leave carriageway,8,Moving off,1,Car,No,Offside,2010
201045MO50341,A,24,A,2003,Slight,None,07-05-2010,Friday,1,Auto traffic signal,More than 4 arms (not roundabout),51.240288,Darkness - lights lit,516970,150350,-0.325733,E01030533,2,2,0,0,Dry,Dual carriageway,Roadworks,40,21:45:00,Urban,Fine no high winds,No,21 - 25,6,Small town,7,1896,None,None,Commuting to/from work,Mid Junction - on roundabout or on main road,VOLKSWAGEN,POLO SPORT TDI,Heavy oil,Female,None,No tow/articulation,Did not leave carriageway,0,Moving off,1,Car,No,Front,2010
201045RU57144,A,320,NA,0,Slight,None,23-12-2010,Thursday,1,Data missing or out of range,Not at junction or within 20 metres,51.427973,Darkness - lights lit,503480,170940,-0.512935,E01030686,1,2,0,0,Frost or ice,Single carriageway,None,30,07:40:00,Rural,Fine no high winds,No,21 - 25,6,Urban area,5,1461,None,Other permanent object,Journey as part of work,Not at or within 20 metres of junction,RENAULT,MEGANE DYNAMIQUE DCI 80,Heavy oil,Female,Skidded,No tow/articulation,Nearside,0,Going ahead other,2,Car,No,Offside,2010
201045SP54981,A,308,A,308,Slight,None,15-10-2010,Friday,1,Auto traffic signal,Roundabout,51.436538,Darkness - lights lit,504320,171910,-0.500571,E01030734,3,3,0,0,Wet or damp,Dual carriageway,None,30,23:37:00,Urban,Fine no high winds,No,21 - 25,6,Urban area,6,1598,None,None,Other/Not known (2005-10),Approaching junction or waiting/parked at junction approach,VAUXHALL,ASTRA ELITE,Petrol,Female,None,No tow/articulation,Did not leave carriageway,0,Going ahead other,3,Car,No,Front,2010