Accident_Index,1st_Road_Class,1st_Road_Number,2nd_Road_Class,2nd_Road_Number,Accident_Severity,Carriageway_Hazards,Date,Day_of_Week,Did_Police_Officer_Attend_Scene_of_Accident,Junction_Control,Junction_Detail,Latitude,Light_Conditions,Location_Easting_OSGR,Location_Northing_OSGR,Longitude,LSOA_of_Accident_Location,Number_of_Casualties,Number_of_Vehicles,Pedestrian_Crossing-Human_Control,Pedestrian_Crossing-Physical_Facilities,Road_Surface_Conditions,Road_Type,Special_Conditions_at_Site,Speed_limit,Time,Urban_or_Rural_Area,Weather_Conditions,InScotland,Age_Band_of_Driver,Age_of_Vehicle,Driver_Home_Area_Type,Driver_IMD_Decile,Engine_Capacity_.CC.,Hit_Object_in_Carriageway,Hit_Object_off_Carriageway,Journey_Purpose_of_Driver,Junction_Location,make,model,Propulsion_Code,Sex_of_Driver,Skidding_and_Overturning,Towing_and_Articulation,Vehicle_Leaving_Carriageway,Vehicle_Location.Restricted_Lane,Vehicle_Manoeuvre,Vehicle_Reference,Vehicle_Type,Was_Vehicle_Left_Hand_Drive,X1st_Point_of_Impact,Year
201001KG70363,C,0,NA,0,Slight,None,25-09-2010,Saturday,1,Data missing or out of range,Not at junction or within 20 metres,51.544896,Darkness - lights lit,548660,185070,0.142472,E01000014,2,2,0,0,Dry,Single carriageway,None,30,19:58:00,Urban,Other,No,21 - 25,6,Urban area,2,1299,None,None,Other/Not known (2005-10),Not at or within 20 metres of junction,FORD,KA STYLE,Petrol,Female,None,No tow/articulation,Did not leave carriageway,0,Going ahead other,2,Car,No,Front,2010
201001RG40011,A,205,Unclassified,0,Slight,None,08-01-2010,Friday,1,Give way or uncontrolled,T or staggered junction,51.490035,Darkness - lights lit,543280,178810,0.062397,E01001707,2,2,0,0,Wet or damp,Dual carriageway,None,30,19:01:00,Urban,Other,No,21 - 25,6,Urban area,1,1242,None,None,Other/Not known (2005-10),Mid Junction - on roundabout or on main road,FIAT,PUNTO DYNAMIC 8V,Petrol,Female,None,No tow/articulation,Did not leave carriageway,0,Going ahead other,2,Car,No,Nearside,2010
201030D001212,Unclassified,0,Unclassified,0,Slight,None,06-12-2010,Monday,1,Give way or uncontrolled,T or staggered junction,52.911307,Darkness - lights lit,434450,335000,-1.489172,E01013457,3,2,0,0,Frost or ice,Single carriageway,None,30,18:20:00,Urban,Other,No,21 - 25,6,Urban area,5,1364,None,None,Other/Not known (2005-10),Entering main road,VAUXHALL,ASTRA SXI TWINPORT,Petrol,Female,None,No tow/articulation,Did not leave carriageway,0,Turning right,1,Car,No,Offside,2010
20104100C0283,C,74,Unclassified,3,Slight,None,29-09-2019,Thursday,1,Give way or uncontrolled,T or staggered junction,25.76753043,Darkness - lights lit,510570,196350,87.46369671,E01023899,1,2,0,0,Wet or damp,Single carriageway,None,30,23:05:00,Urban,Raining no high winds,No,21 - 25,6,Urban area,6,1461,None,None,Commuting to/from work,Leaving main road,NISSAN,KUBISTAR 80 SE DCI,Heavy oil,Male,None,No tow/articulation,Did not leave carriageway,0,Turning right,1,Van / Goods 3.5 tonnes mgw or under,No,Nearside,2019
20104100J0051,B,462,Unclassified,1091,Slight,None,08-02-2021,Friday,1,Give way or uncontrolled,T or staggered junction,18.62322941,Darkness - lights lit,512140,195680,73.95170282,E01023553,1,2,0,4,Wet or damp,Single carriageway,None,30,22:35:00,Urban,Raining no high winds,No,21 - 25,6,Urban area,9,1686,None,None,Other/Not known (2005-10),Cleared junction or waiting/parked at junction exit,VAUXHALL,COMBO 1700 DI,Heavy oil,Male,None,No tow/articulation,Did not leave carriageway,0,Going ahead other,1,Van / Goods 3.5 tonnes mgw or under,No,Front,2021
201043R082080,A,308,A,308,Slight,None,16-07-2021,Sunday,1,Auto traffic signal,T or staggered junction,14.80181173,Darkness - lights lit,488790,180840,78.61090265,E01016590,1,2,0,4,Wet or damp,One way street,None,40,00:25:00,Urban,Raining no high winds,No,21 - 25,6,Urban area,6,1388,None,None,Other/Not known (2005-10),Mid Junction - on roundabout or on main road,FORD,FIESTA SILVER,Petrol,Male,None,No tow/articulation,Did not leave carriageway,0,Going ahead other,1,Car,No,Front,2019
201043W018100,A,329,Unclassified,7201,Slight,None,09-05-2020,Saturday,1,Give way or uncontrolled,T or staggered junction,14.70280697,Darkness - lights lit,470060,173500,78.4901674,E01016360,1,2,0,0,Wet or damp,Single carriageway,None,30,23:52:00,Urban,Raining no high winds,No,21 - 25,6,Data missing or out of range,NA,1363,None,None,Other/Not known (2005-10),Mid Junction - on roundabout or on main road,TOYOTA,YARIS T SPIRIT D-4D,Heavy oil,Male,None,No tow/articulation,Did not leave carriageway,0,Turning right,1,Car,No,Nearside,2019
2010400D03381,A,418,A,4146,Slight,None,09-01-2021,Thursday,1,Give way or uncontrolled,Roundabout,27.10301015,Darkness - lights lit,490100,223850,93.63450337,E01017614,1,2,0,0,Wet or damp,Roundabout,None,60,19:33:00,Rural,Raining no high winds,No,21 - 25,6,Rural,9,125,None,None,Other/Not known (2005-10),Entering roundabout,HONDA,SH 125-3,Petrol,Male,None,No tow/articulation,Did not leave carriageway,0,Moving off,2,Motorcycle 125cc and under,No,Back,2019
201043R240090,A,321,Unclassified,7005,Slight,None,15-03-2019,Wednesday,1,Auto traffic signal,T or staggered junction,26.76960848,Darkness - lights lit,485290,160260,94.17044261,E01016196,1,2,0,0,Wet or damp,Dual carriageway,Auto signal part defective,70,20:26:00,Rural,Raining no high winds,No,21 - 25,6,Urban area,5,1590,None,None,Other/Not known (2005-10),Mid Junction - on roundabout or on main road,HONDA,CIVIC VTEC EXECUTIVE,Petrol,Male,None,No tow/articulation,Did not leave carriageway,0,Going ahead other,1,Car,No,Front,2019
201001CP00280,A,1211,C,0,Slight,None,22-11-2010,Monday,1,Give way or uncontrolled,T or staggered junction,51.514721,Darkness - lights lit,533470,181290,-0.077879,E01000005,1,2,0,0,Wet or damp,One way street,Roadworks,30,17:50:00,Urban,Raining no high winds,No,21 - 25,6,Urban area,3,1299,None,None,Other/Not known (2005-10),Entering main road,TOYOTA,YARIS T SPIRIT AUTO,Petrol,Male,None,No tow/articulation,Did not leave carriageway,0,Turning left,2,Car,No,Front,2010
201001HT20590,Unclassified,0,A,11,Slight,None,19-08-2010,Thursday,1,Give way or uncontrolled,T or staggered junction,51.52403,Darkness - lights lit,536260,182400,-0.037267,E01004261,1,1,0,0,Wet or damp,Single carriageway,None,30,21:29:00,Urban,Raining no high winds,No,21 - 25,6,Data missing or out of range,NA,1997,None,None,Other/Not known (2005-10),Cleared junction or waiting/parked at junction exit,HONDA,S2000,Petrol,Male,None,No tow/articulation,Did not leave carriageway,0,Going ahead other,1,Car,No,Front,2010
201001JI40135,B,177,NA,0,Slight,None,20-03-2010,Saturday,1,Data missing or out of range,Not at junction or within 20 metres,51.570006,Darkness - lights lit,546440,187800,0.111616,E01003773,1,1,0,1,Wet or damp,Single carriageway,None,30,01:31:00,Urban,Raining no high winds,No,21 - 25,6,Urban area,5,1124,Kerb,Other permanent object,Other/Not known (2005-10),Not at or within 20 metres of junction,PEUGEOT,206 INDEPENDENCE,Petrol,Male,None,No tow/articulation,Nearside,0,Going ahead other,1,Car,No,Front,2010
2010400D03381,A,418,A,4146,Slight,None,18-11-2010,Thursday,1,Give way or uncontrolled,Roundabout,51.905868,Darkness - lights lit,490100,223850,-0.691707,E01017614,1,2,0,0,Wet or damp,Roundabout,None,60,19:33:00,Rural,Raining no high winds,No,21 - 25,6,Rural,9,125,None,None,Other/Not known (2005-10),Entering roundabout,HONDA,SH 125-3,Petrol,Male,None,No tow/articulation,Did not leave carriageway,0,Moving off,2,Motorcycle 125cc and under,No,Back,2010
20104100C0283,C,74,Unclassified,3,Slight,None,18-03-2010,Thursday,1,Give way or uncontrolled,T or staggered junction,51.655023,Darkness - lights lit,510570,196350,-0.403016,E01023899,1,2,0,0,Wet or damp,Single carriageway,None,30,23:05:00,Urban,Raining no high winds,No,21 - 25,6,Urban area,6,1461,None,None,Commuting to/from work,Leaving main road,NISSAN,KUBISTAR 80 SE DCI,Heavy oil,Male,None,No tow/articulation,Did not leave carriageway,0,Turning right,1,Van / Goods 3.5 tonnes mgw or under,No,Nearside,2010
20104100J0051,B,462,Unclassified,1091,Slight,None,22-01-2010,Friday,1,Give way or uncontrolled,T or staggered junction,51.648691,Darkness - lights lit,512140,195680,-0.380544,E01023553,1,2,0,4,Wet or damp,Single carriageway,None,30,22:35:00,Urban,Raining no high winds,No,21 - 25,6,Urban area,9,1686,None,None,Other/Not known (2005-10),Cleared junction or waiting/parked at junction exit,VAUXHALL,COMBO 1700 DI,Heavy oil,Male,None,No tow/articulation,Did not leave carriageway,0,Going ahead other,1,Van / Goods 3.5 tonnes mgw or under,No,Front,2010
201043R082080,A,308,A,308,Slight,None,15-08-2010,Sunday,1,Auto traffic signal,T or staggered junction,51.519459,Darkness - lights lit,488790,180840,-0.721691,E01016590,1,2,0,4,Wet or damp,One way street,None,40,00:25:00,Urban,Raining no high winds,No,21 - 25,6,Urban area,6,1388,None,None,Other/Not known (2005-10),Mid Junction - on roundabout or on main road,FORD,FIESTA SILVER,Petrol,Male,None,No tow/articulation,Did not leave carriageway,0,Going ahead other,1,Car,No,Front,2010
201043R240090,A,321,Unclassified,7005,Slight,None,29-09-2010,Wednesday,1,Auto traffic signal,T or staggered junction,51.334989,Darkness - lights lit,485290,160260,-0.777073,E01016196,1,2,0,0,Wet or damp,Dual carriageway,Auto signal part defective,70,20:26:00,Rural,Raining no high winds,No,21 - 25,6,Urban area,5,1590,None,None,Other/Not known (2005-10),Mid Junction - on roundabout or on main road,HONDA,CIVIC VTEC EXECUTIVE,Petrol,Male,None,No tow/articulation,Did not leave carriageway,0,Going ahead other,1,Car,No,Front,2010
201043W018100,A,329,Unclassified,7201,Slight,None,02-10-2010,Saturday,1,Give way or uncontrolled,T or staggered junction,51.456101,Darkness - lights lit,470060,173500,-0.993048,E01016360,1,2,0,0,Wet or damp,Single carriageway,None,30,23:52:00,Urban,Raining no high winds,No,21 - 25,6,Data missing or out of range,NA,1363,None,None,Other/Not known (2005-10),Mid Junction - on roundabout or on main road,TOYOTA,YARIS T SPIRIT D-4D,Heavy oil,Male,None,No tow/articulation,Did not leave carriageway,0,Turning right,1,Car,No,Nearside,2010
201001HT20590,Unclassified,0,A,11,Slight,None,19-08-2010,Thursday,1,Give way or uncontrolled,T or staggered junction,51.52403,Darkness - lights lit,536260,182400,-0.037267,E01004261,1,1,0,0,Wet or damp,Single carriageway,None,30,21:29:00,Urban,Raining no high winds,No,21 - 25,6,Data missing or out of range,NA,1997,None,None,Other/Not known (2005-10),Cleared junction or waiting/parked at junction exit,HONDA,S2000,Petrol,Male,None,No tow/articulation,Did not leave carriageway,0,Going ahead other,1,Car,No,Front,2010
201001JI40135,B,177,NA,0,Slight,None,20-03-2010,Saturday,1,Data missing or out of range,Not at junction or within 20 metres,51.570006,Darkness - lights lit,546440,187800,0.111616,E01003773,1,1,0,1,Wet or damp,Single carriageway,None,30,01:31:00,Urban,Raining no high winds,No,21 - 25,6,Urban area,5,1124,Kerb,Other permanent object,Other/Not known (2005-10),Not at or within 20 metres of junction,PEUGEOT,206 INDEPENDENCE,Petrol,Male,None,No tow/articulation,Nearside,0,Going ahead other,1,Car,No,Front,2010
201004CK10044,A,565,Unclassified,0,Slight,None,26-02-2010,Friday,1,Give way or uncontrolled,T or staggered junction,53.668737,Darkness - lights lit,343620,419480,-2.854834,E01025531,2,2,0,0,Wet or damp,Dual carriageway,None,70,19:57:00,Rural,Raining no high winds,No,21 - 25,6,Rural,4,1149,None,None,Other/Not known (2005-10),Mid Junction - on roundabout or on main road,RENAULT,CLIO DYNAMIQUE 16V,Petrol,Male,None,No tow/articulation,Did not leave carriageway,0,Going ahead other,2,Car,No,Back,2010
201005FF06349,A,562,B,5173,Slight,None,27-10-2010,Wednesday,1,Auto traffic signal,Crossroads,53.398445,Darkness - lights lit,336950,389490,-2.949724,E01006556,1,2,0,5,Wet or damp,Single carriageway,None,30,23:01:00,Urban,Raining no high winds,No,21 - 25,6,Urban area,1,1199,None,Road sign or traffic signal,Other/Not known (2005-10),Mid Junction - on roundabout or on main road,VAUXHALL,CORSA DESIGN 16V,Petrol,Male,None,No tow/articulation,Straight ahead at junction,0,Going ahead other,2,Car,No,Nearside,2010
201006L033970,Unclassified,0,C,0,Slight,None,13-07-2010,Tuesday,1,Give way or uncontrolled,T or staggered junction,53.52779,Darkness - lights lit,367810,403570,-2.487072,E01006291,1,2,0,0,Wet or damp,Single carriageway,None,30,20:55:00,Urban,Raining no high winds,No,21 - 25,6,Rural,6,1998,None,None,Commuting to/from work,Mid Junction - on roundabout or on main road,TOYOTA,AVENSIS T3-X,Petrol,Male,Overturned,No tow/articulation,Did not leave carriageway,0,Going ahead other,1,Car,No,Front,2010
201006L033970,Unclassified,0,C,0,Slight,None,13-07-2010,Tuesday,1,Give way or uncontrolled,T or staggered junction,53.52779,Darkness - lights lit,367810,403570,-2.487072,E01006291,1,2,0,0,Wet or damp,Single carriageway,None,30,20:55:00,Urban,Raining no high winds,No,21 - 25,6,Urban area,3,1796,None,None,Other/Not known (2005-10),Mid Junction - on roundabout or on main road,ROVER,75 CONTEMPORARY SE T,Petrol,Male,None,No tow/articulation,Did not leave carriageway,0,Parked,2,Car,No,Front,2010
201006M038817,B,5217,NA,0,Slight,None,02-11-2010,Tuesday,1,Data missing or out of range,Not at junction or within 20 metres,53.45575,Darkness - lights lit,381890,395480,-2.274205,E01006113,1,2,0,0,Wet or damp,Single carriageway,None,30,18:03:00,Urban,Raining no high winds,No,21 - 25,6,Urban area,3,98,None,None,Commuting to/from work,Not at or within 20 metres of junction,YAMAHA,YQ 100,Petrol,Male,None,No tow/articulation,Did not leave carriageway,0,Going ahead other,1,Motorcycle 125cc and under,No,Front,2010
201006N036820,A,56,Unclassified,0,Slight,None,22-09-2010,Wednesday,1,Give way or uncontrolled,T or staggered junction,53.52092,Darkness - lights lit,381980,402730,-2.273268,E01005042,3,3,0,0,Wet or damp,Single carriageway,None,30,19:45:00,Urban,Raining no high winds,No,21 - 25,6,Urban area,6,1397,None,None,Other/Not known (2005-10),Approaching junction or waiting/parked at junction approach,MERCEDES,A140 CLASSIC SE SWB,Petrol,Male,None,No tow/articulation,Did not leave carriageway,0,Going ahead other,2,Car,No,Offside,2010
2010170S31040,Unclassified,0,Unclassified,0,Slight,None,03-05-2010,Monday,1,Give way or uncontrolled,T or staggered junction,54.530829,Darkness - lights lit,445880,515290,-1.292532,E01012282,3,2,0,0,Wet or damp,Single carriageway,None,30,01:19:00,Urban,Raining no high winds,No,21 - 25,6,Urban area,1,1995,None,None,Journey as part of work,Mid Junction - on roundabout or on main road,VAUXHALL,VECTRA LS DTI 16V,Heavy oil,Male,None,No tow/articulation,Did not leave carriageway,0,Going ahead other,2,Car,No,Front,2010
201020N024910,A,5127,A,453,Slight,None,08-05-2010,Saturday,1,Auto traffic signal,Crossroads,52.571023,Darkness - lights lit,412090,297040,-1.823056,E01009430,1,2,0,0,Wet or damp,Single carriageway,None,30,23:44:00,Urban,Raining no high winds,No,21 - 25,6,Urban area,1,1995,None,None,Journey as part of work,Mid Junction - on roundabout or on main road,VAUXHALL,VECTRA CLUB DTI,Heavy oil,Male,None,No tow/articulation,Did not leave carriageway,0,Going ahead other,2,Car,No,Front,2010
201022G004315,Unclassified,0,NA,0,Slight,None,26-08-2010,Thursday,2,Data missing or out of range,Not at junction or within 20 metres,52.694357,Darkness - lights lit,369610,310840,-2.451111,E01014153,1,2,0,0,Wet or damp,Single carriageway,None,20,20:20:00,Urban,Raining no high winds,No,21 - 25,6,Urban area,1,1248,None,None,Journey as part of work,Not at or within 20 metres of junction,VAUXHALL,CORSA DESIGN CDTI,Heavy oil,Male,None,No tow/articulation,Did not leave carriageway,0,Slowing or stopping,2,Car,No,Back,2010
201032D333910,Unclassified,0,Unclassified,0,Slight,None,03-11-2010,Wednesday,1,Give way or uncontrolled,T or staggered junction,53.232693,Darkness - lights lit,498290,371640,-0.528901,E01026122,1,2,0,0,Wet or damp,Single carriageway,None,30,17:34:00,Urban,Raining no high winds,No,21 - 25,6,Rural,6,1587,None,None,Commuting to/from work,Approaching junction or waiting/parked at junction approach,PEUGEOT,206 XSI,Petrol,Male,None,No tow/articulation,Did not leave carriageway,0,Turning left,1,Car,No,Front,2010
201045RU54248,A,30,NA,0,Slight,None,13-02-2019,Thursday,1,Data missing or out of range,Not at junction or within 20 metres,14.76704076,Darkness - lights lit,500220,171010,78.48354668,E01030672,1,2,0,0,Wet or damp,Single carriageway,None,40,19:05:00,Urban,Raining no high winds,No,21 - 25,6,Urban area,6,1587,None,None,Other/Not known (2005-10),Not at or within 20 metres of junction,PEUGEOT,206 CC,Petrol,Female,None,No tow/articulation,Did not leave carriageway,6,Parked,1,Car,No,Back,2019
201045RU50144,Motorway,25,NA,0,Slight,None,18-08-2019,Monday,1,Data missing or out of range,Not at junction or within 20 metres,23.06183498,Darkness - lights lit,501590,168640,72.5715573,E01030685,2,3,0,0,Wet or damp,Dual carriageway,None,70,18:15:00,Rural,Raining no high winds,No,21 - 25,6,Urban area,3,1124,None,None,Other/Not known (2005-10),Not at or within 20 metres of junction,PEUGEOT,206 FEVER,Petrol,Female,None,No tow/articulation,Did not leave carriageway,0,Going ahead other,2,Car,No,Front,2019
20104100A0710,A,120,NA,,Slight,None,04-09-2020,Tuesday,1,Give way or uncontrolled,Private drive or entrance,18.56503931,Darkness - lights lit,539430,222530,73.73502218,E01023507,1,2,0,0,Wet or damp,Single carriageway,None,30,18:22:00,Rural,Raining no high winds,No,21 - 25,6,Urban area,10,2494,None,Other permanent object,Other/Not known (2005-10),Leaving main road,BMW,X3 SE AUTO,Petrol,Female,None,No tow/articulation,Nearside,0,Turning left,2,Car,No,Nearside,2021
201001CW11741,A,400,C,0,Slight,None,22-08-2010,Sunday,1,Auto traffic signal,Crossroads,51.520246,Darkness - lights lit,529810,181810,-0.130404,E01000850,2,2,0,5,Wet or damp,Single carriageway,None,30,23:45:00,Urban,Raining no high winds,No,21 - 25,6,Urban area,7,1400,None,None,Other/Not known (2005-10),Mid Junction - on roundabout or on main road,MAZDA,2 CAPELLA D,Heavy oil,Female,None,No tow/articulation,Did not leave carriageway,0,Going ahead other,2,Car,No,Front,2010
201001HT20042,Unclassified,0,Unclassified,0,Slight,None,10-01-2010,Sunday,1,Give way or uncontrolled,Crossroads,51.515245,Darkness - lights lit,534670,181380,-0.060561,E01004321,1,2,0,0,Wet or damp,Single carriageway,None,30,19:35:00,Urban,Raining no high winds,No,21 - 25,6,Urban area,2,2429,None,None,Other/Not known (2005-10),Mid Junction - on roundabout or on main road,CHRYSLER,VOYAGER SE,Petrol,Female,None,No tow/articulation,Did not leave carriageway,0,Going ahead other,2,Car,No,Front,2010
201001RY10519,A,223,Unclassified,0,Slight,None,13-12-2010,Monday,1,Give way or uncontrolled,T or staggered junction,51.441956,Darkness - lights lit,549560,173640,0.150601,E01000447,1,1,0,1,Wet or damp,Single carriageway,None,30,18:12:00,Urban,Raining no high winds,No,21 - 25,6,Urban area,2,1390,None,None,Other/Not known (2005-10),Mid Junction - on roundabout or on main road,RENAULT,CLIO EXPRESSION 16V,Petrol,Female,None,No tow/articulation,Did not leave carriageway,0,Going ahead other,1,Car,No,Nearside,2010
20104100A0710,A,120,NA,,Slight,None,26-10-2010,Tuesday,1,Give way or uncontrolled,Private drive or entrance,51.883856,Darkness - lights lit,539430,222530,0.024433,E01023507,1,2,0,0,Wet or damp,Single carriageway,None,30,18:22:00,Rural,Raining no high winds,No,21 - 25,6,Urban area,10,2494,None,Other permanent object,Other/Not known (2005-10),Leaving main road,BMW,X3 SE AUTO,Petrol,Female,None,No tow/articulation,Nearside,0,Turning left,2,Car,No,Nearside,2010
201006F027530,Unclassified,0,Unclassified,0,Slight,None,03-02-2010,Wednesday,1,Give way or uncontrolled,T or staggered junction,53.528184,Darkness - lights lit,371510,403590,-2.43126,E01005662,1,2,0,0,Snow,Single carriageway,None,30,17:07:00,Urban,Snowing no high winds,No,21 - 25,6,Data missing or out of range,NA,1995,None,None,Other/Not known (2005-10),Approaching junction or waiting/parked at junction approach,BMW,318 TI SE COMPACT,Petrol,Female,None,No tow/articulation,Did not leave carriageway,0,Parked,2,Car,No,Front,2010
201020N054640,A,5127,Unclassified,0,Slight,None,17-12-2010,Friday,1,Give way or uncontrolled,T or staggered junction,52.584426,Darkness - lights lit,411690,298530,-1.828906,E01009425,1,2,0,8,Snow,Single carriageway,None,30,16:15:00,Urban,Snowing no high winds,No,21 - 25,6,Urban area,10,1598,None,None,Other/Not known (2005-10),Entering main road,SEAT,LEON SX,Petrol,Female,None,No tow/articulation,Did not leave carriageway,0,Turning right,1,Car,No,Front,2010
20103102A3170,A,6117,Unclassified,0,Slight,None,24-12-2010,Friday,1,Auto traffic signal,T or staggered junction,53.14883,Darkness - lights lit,456260,361630,-1.160245,E01028237,1,4,0,5,Frost or ice,Single carriageway,None,40,07:50:00,Urban,Unknown,No,21 - 25,6,Urban area,5,1587,None,None,Other/Not known (2005-10),Approaching junction or waiting/parked at junction approach,PEUGEOT,307 SE AUTO,Petrol,Male,None,No tow/articulation,Did not leave carriageway,0,Waiting to go - held up,2,Car,No,Back,2010
20103102C0278,B,682,Unclassified,0,Slight,None,09-02-2010,Tuesday,3,Give way or uncontrolled,Crossroads,52.978549,Darkness - lights lit,455810,342680,-1.170252,E01013839,1,2,0,0,Data missing or out of range,Single carriageway,None,30,20:50:00,Urban,Unknown,No,21 - 25,6,Urban area,4,1870,None,None,Other/Not known (2005-10),Approaching junction or waiting/parked at junction approach,RENAULT,LAGUNA DY-MIQUE DCI 120HP,Heavy oil,Female,None,No tow/articulation,Did not leave carriageway,0,Overtaking moving vehicle - offside,2,Car,No,Nearside,2010
201032D375510,A,17,A,15,Slight,None,26-11-2010,Friday,2,Give way or uncontrolled,Roundabout,53.013191,Darkness - lights lit,505680,347370,-0.426217,E01026229,1,2,0,0,Data missing or out of range,Roundabout,None,60,16:30:00,Rural,Unknown,No,21 - 25,6,Rural,5,1870,None,None,Other/Not known (2005-10),Leaving roundabout,RENAULT,MEGANE DYNAMIQUE DCI 120,Heavy oil,Female,None,No tow/articulation,Did not leave carriageway,0,Waiting to go - held up,2,Car,No,Back,2010
201042I080803,A,13,NA,,Slight,None,30-05-2019,Tuesday,1,Give way or uncontrolled,Private drive or entrance,18.57455871,Darkness - lights unlit,578010,188230,73.80600378,E01021526,2,2,0,0,Dry,Single carriageway,None,40,18:09:00,Urban,Fine no high winds,No,21 - 25,6,Urban area,8,1753,None,None,Other/Not known (2005-10),Approaching junction or waiting/parked at junction approach,FORD,FOCUS ZETEC TDCI,Heavy oil,Male,None,No tow/articulation,Did not leave carriageway,0,Going ahead other,2,Car,No,Nearside,2021
201042I080803,A,13,NA,,Slight,None,16-03-2010,Tuesday,1,Give way or uncontrolled,Private drive or entrance,51.564793,Darkness - lights unlit,578010,188230,0.566919,E01021526,2,2,0,0,Dry,Single carriageway,None,40,18:09:00,Urban,Fine no high winds,No,21 - 25,6,Urban area,8,1753,None,None,Other/Not known (2005-10),Approaching junction or waiting/parked at junction approach,FORD,FOCUS ZETEC TDCI,Heavy oil,Male,None,No tow/articulation,Did not leave carriageway,0,Going ahead other,2,Car,No,Nearside,2010
201043W152120,B,3016,NA,0,Slight,None,29-05-2020,Wednesday,1,Data missing or out of range,Not at junction or within 20 metres,28.40567208,Darkness - no lighting,479720,163350,77.04673506,E01016640,2,2,0,0,Wet or damp,Single carriageway,None,40,23:16:00,Rural,Fine no high winds,No,21 - 25,6,Urban area,9,1910,None,None,Other/Not known (2005-10),Not at or within 20 metres of junction,VAUXHALL,VECTRA LS CDTI,Heavy oil,Male,None,No tow/articulation,Did not leave carriageway,0,Going ahead other,2,Car,No,Front,2019
201050EP2F035,A,38,B,3416,Slight,None,10-02-2019,Tuesday,2,Give way or uncontrolled,Slip road,13.03350852,Darkness - no lighting,252150,56180,77.54932584,E01015113,1,3,0,0,Wet or damp,Dual carriageway,None,70,06:40:00,Rural,Fine no high winds,No,21 - 25,6,Urban area,4,1995,None,None,Journey as part of work,Approaching junction or waiting/parked at junction approach,BMW,320 CD SE,Heavy oil,Male,None,No tow/articulation,Did not leave carriageway,0,Going ahead other,3,Car,No,Nearside,2020
201043W152120,B,3016,NA,0,Slight,None,15-12-2010,Wednesday,1,Data missing or out of range,Not at junction or within 20 metres,51.363576,Darkness - no lighting,479720,163350,-0.856321,E01016640,2,2,0,0,Wet or damp,Single carriageway,None,40,23:16:00,Rural,Fine no high winds,No,21 - 25,6,Urban area,9,1910,None,None,Other/Not known (2005-10),Not at or within 20 metres of junction,VAUXHALL,VECTRA LS CDTI,Heavy oil,Male,None,No tow/articulation,Did not leave carriageway,0,Going ahead other,2,Car,No,Front,2010
201050EP2F035,A,38,B,3416,Slight,None,09-11-2010,Tuesday,2,Give way or uncontrolled,Slip road,50.386801,Darkness - no lighting,252150,56180,-4.081188,E01015113,1,3,0,0,Wet or damp,Dual carriageway,None,70,06:40:00,Rural,Fine no high winds,No,21 - 25,6,Urban area,4,1995,None,None,Journey as part of work,Approaching junction or waiting/parked at junction approach,BMW,320 CD SE,Heavy oil,Male,None,No tow/articulation,Did not leave carriageway,0,Going ahead other,3,Car,No,Nearside,2010
201004BA10153,A,687,NA,0,Slight,None,24-09-2010,Friday,1,Data missing or out of range,Not at junction or within 20 metres,54.14972,Darkness - no lighting,362210,472810,-2.580084,E01025167,1,2,0,0,Flood over 3cm. deep,Single carriageway,None,60,22:25:00,Rural,Fine no high winds,No,21 - 25,6,Rural,7,1229,None,Other permanent object,Other/Not known (2005-10),Not at or within 20 metres of junction,VAUXHALL,CORSA ENERGY TWINPORT,Petrol,Male,Skidded and overturned,No tow/articulation,Nearside,0,Going ahead left-hand bend,1,Car,No,Nearside,2010
201011ND28970,C,18,NA,0,Slight,None,19-11-2010,Friday,1,Data missing or out of range,Not at junction or within 20 metres,54.763009,Darkness - no lighting,424290,540960,-1.624026,E01020688,1,1,0,0,Wet or damp,Single carriageway,None,60,23:12:00,Rural,Fine no high winds,No,21 - 25,6,Small town,7,1461,Kerb,Telegraph or electricity pole,Other/Not known (2005-10),Not at or within 20 metres of junction,RENAULT,CLIO DYNAMIQUE DCI 65,Heavy oil,Male,Skidded and overturned,No tow/articulation,Nearside,0,Going ahead left-hand bend,1,Car,No,Front,2010
201014B008210,C,47,NA,0,Slight,None,21-01-2010,Thursday,2,Not at junction or within 20 metres,Not at junction or within 20 metres,53.482152,Darkness - no lighting,432020,398490,-1.518959,E01007421,1,2,0,0,Dry,Single carriageway,None,40,18:59:00,Rural,Fine no high winds,No,21 - 25,6,Urban area,7,2000,None,None,Other/Not known (2005-10),Not at or within 20 metres of junction,VOLKSWAGEN,GOLF S SDI,Heavy oil,Male,None,No tow/articulation,Did not leave carriageway,0,Going ahead other,1,Car,No,Front,2010
201022D005726,B,4497,B,4497,Slight,None,18-11-2010,Thursday,1,Give way or uncontrolled,T or staggered junction,52.320473,Darkness - no lighting,406310,269160,-1.908858,E01032227,1,3,0,0,Wet or damp,Single carriageway,None,40,17:50:00,Urban,Fine no high winds,No,21 - 25,6,Urban area,3,998,None,None,Commuting to/from work,Approaching junction or waiting/parked at junction approach,VAUXHALL,CORSA ACTIVE TWINPORT,Petrol,Male,Skidded,No tow/articulation,Did not leave carriageway,0,Going ahead other,3,Car,No,Front,2010