Accident_Index,1st_Road_Class,1st_Road_Number,2nd_Road_Class,2nd_Road_Number,Accident_Severity,Carriageway_Hazards,Date,Day_of_Week,Did_Police_Officer_Attend_Scene_of_Accident,Junction_Control,Junction_Detail,Latitude,Light_Conditions,Location_Easting_OSGR,Location_Northing_OSGR,Longitude,LSOA_of_Accident_Location,Number_of_Casualties,Number_of_Vehicles,Pedestrian_Crossing-Human_Control,Pedestrian_Crossing-Physical_Facilities,Road_Surface_Conditions,Road_Type,Special_Conditions_at_Site,Speed_limit,Time,Urban_or_Rural_Area,Weather_Conditions,InScotland,Age_Band_of_Driver,Age_of_Vehicle,Driver_Home_Area_Type,Driver_IMD_Decile,Engine_Capacity_.CC.,Hit_Object_in_Carriageway,Hit_Object_off_Carriageway,Journey_Purpose_of_Driver,Junction_Location,make,model,Propulsion_Code,Sex_of_Driver,Skidding_and_Overturning,Towing_and_Articulation,Vehicle_Leaving_Carriageway,Vehicle_Location.Restricted_Lane,Vehicle_Manoeuvre,Vehicle_Reference,Vehicle_Type,Was_Vehicle_Left_Hand_Drive,X1st_Point_of_Impact,Year
201030A000073,A,52,NA,0,Slight,None,19-02-2010,Friday,1,Data missing or out of range,Not at junction or within 20 metres,52.914187,Darkness - no lighting,446380,335420,-1.311722,E01019656,2,6,0,0,Dry,Dual carriageway,None,70,19:09:00,Rural,Fine no high winds,No,21 - 25,6,Urban area,1,1796,None,None,Other/Not known (2005-10),Not at or within 20 metres of junction,TOYOTA,CELICA T SPORT VVTLI,Petrol,Male,None,No tow/articulation,Did not leave carriageway,0,Going ahead other,6,Car,No,Front,2010
201030C000015,B,6039,Unclassified,0,Slight,None,12-01-2010,Tuesday,2,Give way or uncontrolled,T or staggered junction,53.229379,Darkness - no lighting,439010,370420,-1.417084,E01019582,1,2,0,0,Frost or ice,Slip road,None,30,20:10:00,Urban,Fine no high winds,No,21 - 25,6,Small town,6,1590,None,None,Other/Not known (2005-10),Approaching junction or waiting/parked at junction approach,HONDA,CIVIC SPORT,Petrol,Male,Skidded,No tow/articulation,Did not leave carriageway,0,Slowing or stopping,1,Car,No,Nearside,2010
201045GU52389,A,3,NA,0,Slight,None,13-07-2021,Friday,1,Data missing or out of range,Not at junction or within 20 metres,27.10415246,Darkness - no lighting,505220,155600,93.620131,E01030459,1,1,0,0,Dry,Dual carriageway,None,70,22:20:00,Rural,Fine no high winds,No,21 - 25,6,Urban area,9,1599,None,Central crash barrier,Other/Not known (2005-10),Not at or within 20 metres of junction,FORD,STREETKA LUXURY,Petrol,Female,Skidded,No tow/articulation,Offside on to central reservation,0,Going ahead other,1,Car,No,Back,2019
201043N093090,Motorway,40,NA,0,Slight,Previous accident,21-10-2021,Thursday,1,Data missing or out of range,Not at junction or within 20 metres,8.867265875,Darkness - no lighting,459850,215730,76.69634123,E01017642,1,3,0,0,Dry,Dual carriageway,None,70,22:00:00,Rural,Fine no high winds,No,21 - 25,6,Urban area,10,1398,Previous accident,None,Journey as part of work,Not at or within 20 metres of junction,PEUGEOT,307 STYLE HDI,Heavy oil,Female,None,No tow/articulation,Did not leave carriageway,0,Going ahead other,3,Car,No,Front,2020
201042I392211,Unclassified,0,NA,0,Slight,None,03-07-2019,Friday,1,Not at junction or within 20 metres,Not at junction or within 20 metres,26.46561416,Darkness - no lighting,559070,195180,74.63647679,E01021462,1,1,0,0,Frost or ice,Single carriageway,None,60,17:15:00,Rural,Fine no high winds,No,21 - 25,6,Data missing or out of range,NA,1199,None,Tree,Journey as part of work,Not at or within 20 metres of junction,VAUXHALL,CORSA DESIGN 16V,Petrol,Female,Skidded and overturned,No tow/articulation,Offside,0,Going ahead right-hand bend,1,Car,No,Front,2020
201034NW35600,A,4500,NA,0,Slight,None,30-01-2020,Friday,1,Data missing or out of range,Not at junction or within 20 metres,26.44948552,Darkness - no lighting,481850,263440,80.29695011,E01027353,2,2,0,0,Dry,Single carriageway,None,60,21:18:00,Rural,Fine no high winds,No,21 - 25,6,Rural,8,1398,None,None,Other/Not known (2005-10),Not at or within 20 metres of junction,CITROEN,C2 L HDI,Heavy oil,Female,None,No tow/articulation,Did not leave carriageway,0,Going ahead other,2,Car,No,Front,2020
201043R069110,Unclassified,7403,Unclassified,7403,Slight,None,06-11-2019,Thursday,1,Give way or uncontrolled,T or staggered junction,18.61599488,Darkness - no lighting,486230,183830,73.82096393,E01016530,1,2,0,0,Wet or damp,Single carriageway,None,40,17:30:00,Rural,Fine no high winds,No,21 - 25,6,Urban area,8,1149,None,None,Commuting to/from work,Approaching junction or waiting/parked at junction approach,RENAULT,CLIO EXTREME 3 16V,Petrol,Female,None,No tow/articulation,Did not leave carriageway,0,Turning right,2,Car,No,Front,2021
201042I070103,Motorway,11,NA,0,Slight,None,26-04-2021,Monday,1,Not at junction or within 20 metres,Not at junction or within 20 metres,18.54972037,Darkness - no lighting,549820,212320,73.95579652,E01021795,1,1,0,0,Dry,Dual carriageway,None,70,03:15:00,Rural,Fine no high winds,No,21 - 25,6,Urban area,9,1588,None,Central crash barrier,Other/Not known (2005-10),Not at or within 20 metres of junction,ROVER,45 CLUB SE,Petrol,Female,None,No tow/articulation,Nearside,0,Going ahead other,1,Car,No,Front,2021
201034NW35600,A,4500,NA,0,Slight,None,03-09-2010,Friday,1,Data missing or out of range,Not at junction or within 20 metres,52.263006,Darkness - no lighting,481850,263440,-0.80211,E01027353,2,2,0,0,Dry,Single carriageway,None,60,21:18:00,Rural,Fine no high winds,No,21 - 25,6,Rural,8,1398,None,None,Other/Not known (2005-10),Not at or within 20 metres of junction,CITROEN,C2 L HDI,Heavy oil,Female,None,No tow/articulation,Did not leave carriageway,0,Going ahead other,2,Car,No,Front,2010
201042I070103,Motorway,11,NA,0,Slight,None,08-03-2010,Monday,1,Not at junction or within 20 metres,Not at junction or within 20 metres,51.78943,Darkness - no lighting,549820,212320,0.170864,E01021795,1,1,0,0,Dry,Dual carriageway,None,70,03:15:00,Rural,Fine no high winds,No,21 - 25,6,Urban area,9,1588,None,Central crash barrier,Other/Not known (2005-10),Not at or within 20 metres of junction,ROVER,45 CLUB SE,Petrol,Female,None,No tow/articulation,Nearside,0,Going ahead other,1,Car,No,Front,2010
201042I392211,Unclassified,0,NA,0,Slight,None,26-11-2010,Friday,1,Not at junction or within 20 metres,Not at junction or within 20 metres,51.632891,Darkness - no lighting,559070,195180,0.297052,E01021462,1,1,0,0,Frost or ice,Single carriageway,None,60,17:15:00,Rural,Fine no high winds,No,21 - 25,6,Data missing or out of range,NA,1199,None,Tree,Journey as part of work,Not at or within 20 metres of junction,VAUXHALL,CORSA DESIGN 16V,Petrol,Female,Skidded and overturned,No tow/articulation,Offside,0,Going ahead right-hand bend,1,Car,No,Front,2010
201043N093090,Motorway,40,NA,0,Slight,Previous accident,16-09-2010,Thursday,1,Data missing or out of range,Not at junction or within 20 metres,51.836935,Darkness - no lighting,459850,215730,-1.132765,E01017642,1,3,0,0,Dry,Dual carriageway,None,70,22:00:00,Rural,Fine no high winds,No,21 - 25,6,Urban area,10,1398,Previous accident,None,Journey as part of work,Not at or within 20 metres of junction,PEUGEOT,307 STYLE HDI,Heavy oil,Female,None,No tow/articulation,Did not leave carriageway,0,Going ahead other,3,Car,No,Front,2010
201043R069110,Unclassified,7403,Unclassified,7403,Slight,None,11-11-2010,Thursday,1,Give way or uncontrolled,T or staggered junction,51.546733,Darkness - no lighting,486230,183830,-0.757847,E01016530,1,2,0,0,Wet or damp,Single carriageway,None,40,17:30:00,Rural,Fine no high winds,No,21 - 25,6,Urban area,8,1149,None,None,Commuting to/from work,Approaching junction or waiting/parked at junction approach,RENAULT,CLIO EXTREME 3 16V,Petrol,Female,None,No tow/articulation,Did not leave carriageway,0,Turning right,2,Car,No,Front,2010
201045GU52389,A,3,NA,0,Slight,None,16-07-2010,Friday,1,Data missing or out of range,Not at junction or within 20 metres,51.289766,Darkness - no lighting,505220,155600,-0.49245,E01030459,1,1,0,0,Dry,Dual carriageway,None,70,22:20:00,Rural,Fine no high winds,No,21 - 25,6,Urban area,9,1599,None,Central crash barrier,Other/Not known (2005-10),Not at or within 20 metres of junction,FORD,STREETKA LUXURY,Petrol,Female,Skidded,No tow/articulation,Offside on to central reservation,0,Going ahead other,1,Car,No,Back,2010
201022F000532,A,525,NA,0,Slight,None,30-01-2010,Saturday,1,Data missing or out of range,Not at junction or within 20 metres,52.975798,Darkness - no lighting,358670,342230,-2.616961,E01028893,1,1,0,0,Frost or ice,Single carriageway,None,60,07:08:00,Rural,Fine no high winds,No,21 - 25,6,Small town,5,1149,None,Tree,Commuting to/from work,Not at or within 20 metres of junction,RENAULT,CLIO AUTHENTIQUE,Petrol,Female,Skidded,No tow/articulation,Nearside,0,Going ahead right-hand bend,1,Car,No,Front,2010
201030B000098,C,209,NA,0,Slight,None,02-04-2010,Friday,1,Data missing or out of range,Not at junction or within 20 metres,53.27479,Darkness - no lighting,416060,375340,-1.760629,E01019618,1,1,0,0,Dry,Single carriageway,None,60,03:30:00,Rural,Fine no high winds,No,21 - 25,6,Rural,5,1199,None,Other permanent object,Other/Not known (2005-10),Not at or within 20 metres of junction,VAUXHALL,CORSA DESIGN 16V,Petrol,Female,Skidded and overturned,No tow/articulation,Offside and rebounded,0,Going ahead other,1,Car,No,Front,2010
20103102A2658,A,611,B,6139,Slight,None,05-11-2010,Friday,1,Auto traffic signal,Crossroads,53.10622,Darkness - no lighting,452790,356850,-1.212909,E01027973,1,2,0,0,Wet or damp,Single carriageway,None,60,23:56:00,Rural,Fine no high winds,No,21 - 25,6,Urban area,1,1461,None,None,Other/Not known (2005-10),Mid Junction - on roundabout or on main road,RENAULT,MEGANE DYNAMIQUE DCI 80,Heavy oil,Female,None,No tow/articulation,Did not leave carriageway,0,Going ahead other,1,Car,No,Front,2010
201032D056010,A,15,Unclassified,0,Slight,None,17-02-2010,Wednesday,2,Give way or uncontrolled,Private drive or entrance,53.022055,Darkness - no lighting,505390,348350,-0.430219,E01026209,2,2,0,0,Wet or damp,Single carriageway,None,60,17:05:00,Rural,Fine no high winds,No,21 - 25,6,Rural,5,1998,None,Tree,Other/Not known (2005-10),Leaving main road,TOYOTA,RAV4 XT3 VVTI,Petrol,Female,None,No tow/articulation,Offside,0,Turning right,1,Car,No,Nearside,2010
2010160B05151,Motorway,180,NA,0,Slight,None,23-12-2010,Thursday,1,Data missing or out of range,Not at junction or within 20 metres,53.543401,Darkness - no lighting,489340,406040,-0.653223,E01013324,3,1,0,0,Frost or ice,Dual carriageway,None,70,19:51:00,Rural,Fog or mist,No,21 - 25,6,Rural,8,1124,None,Central crash barrier,Other/Not known (2005-10),Not at or within 20 metres of junction,PEUGEOT,206 FEVER,Petrol,Male,Skidded and overturned,No tow/articulation,Nearside,0,Going ahead other,1,Car,No,Front,2010
201042I017701,Unclassified,0,NA,0,Slight,None,29-01-2021,Tuesday,1,Not at junction or within 20 metres,Not at junction or within 20 metres,26.45876514,Darkness - no lighting,548280,200930,80.27485729,E01021800,1,1,0,0,Frost or ice,Single carriageway,None,60,22:05:00,Rural,Other,No,21 - 25,6,Urban area,6,2402,None,Other permanent object,Other/Not known (2005-10),Not at or within 20 metres of junction,FORD,TRANSIT 350 MWB TD,Heavy oil,Male,Skidded and overturned,No tow/articulation,Offside and rebounded,0,Going ahead other,1,Van / Goods 3.5 tonnes mgw or under,No,Front,2020
201043N216110,B,489,NA,0,Slight,None,16-12-2020,Friday,1,Data missing or out of range,Not at junction or within 20 metres,18.51334494,Darkness - no lighting,494860,216000,73.82926331,E01017701,2,2,0,0,Frost or ice,Single carriageway,None,60,23:15:00,Rural,Other,No,21 - 25,6,Urban area,3,1149,None,None,Other/Not known (2005-10),Not at or within 20 metres of junction,RENAULT,CLIO EXPRESSION 16V,Petrol,Male,None,No tow/articulation,Did not leave carriageway,0,Going ahead other,2,Car,No,Front,2021
201042I050502,Unclassified,0,NA,0,Slight,None,14-02-2021,Friday,1,Not at junction or within 20 metres,Not at junction or within 20 metres,17.29292161,Darkness - no lighting,544970,200580,77.79388183,E01021804,1,1,0,0,Frost or ice,Single carriageway,None,60,20:36:00,Rural,Other,No,21 - 25,6,Small town,7,1596,None,Other permanent object,Other/Not known (2005-10),Not at or within 20 metres of junction,FIAT,STILO ACTIVE SPORT 16V,Petrol,Male,Skidded and overturned,No tow/articulation,Nearside,0,Going ahead left-hand bend,1,Car,No,Front,2021
201042I017701,Unclassified,0,NA,0,Slight,None,26-01-2010,Tuesday,1,Not at junction or within 20 metres,Not at junction or within 20 metres,51.687501,Darkness - no lighting,548280,200930,0.143702,E01021800,1,1,0,0,Frost or ice,Single carriageway,None,60,22:05:00,Rural,Other,No,21 - 25,6,Urban area,6,2402,None,Other permanent object,Other/Not known (2005-10),Not at or within 20 metres of junction,FORD,TRANSIT 350 MWB TD,Heavy oil,Male,Skidded and overturned,No tow/articulation,Offside and rebounded,0,Going ahead other,1,Van / Goods 3.5 tonnes mgw or under,No,Front,2010
201042I050502,Unclassified,0,NA,0,Slight,None,19-02-2010,Friday,1,Not at junction or within 20 metres,Not at junction or within 20 metres,51.68522,Darkness - no lighting,544970,200580,0.095707,E01021804,1,1,0,0,Frost or ice,Single carriageway,None,60,20:36:00,Rural,Other,No,21 - 25,6,Small town,7,1596,None,Other permanent object,Other/Not known (2005-10),Not at or within 20 metres of junction,FIAT,STILO ACTIVE SPORT 16V,Petrol,Male,Skidded and overturned,No tow/articulation,Nearside,0,Going ahead left-hand bend,1,Car,No,Front,2010
201043N216110,B,489,NA,0,Slight,None,26-11-2010,Friday,1,Data missing or out of range,Not at junction or within 20 metres,51.834519,Darkness - no lighting,494860,216000,-0.62469,E01017701,2,2,0,0,Frost or ice,Single carriageway,None,60,23:15:00,Rural,Other,No,21 - 25,6,Urban area,3,1149,None,None,Other/Not known (2005-10),Not at or within 20 metres of junction,RENAULT,CLIO EXPRESSION 16V,Petrol,Male,None,No tow/articulation,Did not leave carriageway,0,Going ahead other,2,Car,No,Front,2010
201032C311110,B,1200,NA,0,Slight,None,15-10-2010,Friday,1,Data missing or out of range,Not at junction or within 20 metres,53.356227,Darkness - no lighting,536820,386340,0.054329,E01026070,1,2,0,0,Wet or damp,Single carriageway,None,60,19:15:00,Rural,Other,No,21 - 25,6,Urban area,2,1587,None,None,Other/Not known (2005-10),Not at or within 20 metres of junction,CITROEN,C2 GT,Petrol,Male,None,No tow/articulation,Did not leave carriageway,0,Going ahead right-hand bend,1,Car,No,Front,2010
201030C000028,C,21,NA,0,Slight,None,23-01-2010,Saturday,1,Data missing or out of range,Not at junction or within 20 metres,53.194283,Darkness - no lighting,432950,366470,-1.508267,E01019769,1,1,0,0,Frost or ice,Single carriageway,None,60,07:15:00,Rural,Other,No,21 - 25,6,Small town,3,1299,None,Entered ditch,Commuting to/from work,Not at or within 20 metres of junction,FORD,KA,Petrol,Female,Skidded and overturned,No tow/articulation,Offside,0,Going ahead left-hand bend,1,Car,No,Front,2010
201037B046212,B,1078,C,441,Slight,None,08-04-2019,Tuesday,2,Give way or uncontrolled,T or staggered junction,26.72422213,Darkness - no lighting,615210,254190,94.17027894,E01030046,1,2,0,0,Wet or damp,Single carriageway,None,60,17:30:00,Rural,Raining no high winds,No,21 - 25,6,Rural,7,2495,None,None,Commuting to/from work,Approaching junction or waiting/parked at junction approach,LAND ROVER,DEFENDER 110 TD5 COUNTY,Heavy oil,Male,Skidded,No tow/articulation,Did not leave carriageway,0,Going ahead right-hand bend,2,Car,No,Front,2019
20104100T3080,Motorway,25,NA,0,Slight,None,19-03-2021,Saturday,1,Not at junction or within 20 metres,Not at junction or within 20 metres,28.57850266,Darkness - no lighting,521360,201810,77.22597845,E01023584,1,1,0,0,Wet or damp,Dual carriageway,None,70,05:41:00,Rural,Raining no high winds,No,21 - 25,6,Urban area,2,1997,None,Entered ditch,Other/Not known (2005-10),Not at or within 20 metres of junction,CITROEN,C5 VTR HDI,Heavy oil,Male,Skidded,No tow/articulation,Nearside,0,Going ahead other,1,Car,No,Front,2020
201037B046212,B,1078,C,441,Slight,None,09-11-2010,Tuesday,2,Give way or uncontrolled,T or staggered junction,52.144008,Darkness - no lighting,615210,254190,1.143895,E01030046,1,2,0,0,Wet or damp,Single carriageway,None,60,17:30:00,Rural,Raining no high winds,No,21 - 25,6,Rural,7,2495,None,None,Commuting to/from work,Approaching junction or waiting/parked at junction approach,LAND ROVER,DEFENDER 110 TD5 COUNTY,Heavy oil,Male,Skidded,No tow/articulation,Did not leave carriageway,0,Going ahead right-hand bend,2,Car,No,Front,2010
20104100T3080,Motorway,25,NA,0,Slight,None,03-04-2010,Saturday,1,Not at junction or within 20 metres,Not at junction or within 20 metres,51.701869,Darkness - no lighting,521360,201810,-0.245215,E01023584,1,1,0,0,Wet or damp,Dual carriageway,None,70,05:41:00,Rural,Raining no high winds,No,21 - 25,6,Urban area,2,1997,None,Entered ditch,Other/Not known (2005-10),Not at or within 20 metres of junction,CITROEN,C5 VTR HDI,Heavy oil,Male,Skidded,No tow/articulation,Nearside,0,Going ahead other,1,Car,No,Front,2010
20103102D2866,A,60,NA,0,Slight,None,26-10-2010,Tuesday,1,Data missing or out of range,Not at junction or within 20 metres,53.066282,Darkness - no lighting,456600,352450,-1.156777,E01028200,1,1,0,0,Wet or damp,Single carriageway,None,50,20:25:00,Rural,Raining no high winds,No,21 - 25,6,Urban area,1,1998,None,Entered ditch,Commuting to/from work,Not at or within 20 metres of junction,HONDA,CIVIC TYPE-R,Petrol,Male,Skidded and overturned,No tow/articulation,Nearside,0,Going ahead right-hand bend,1,Car,No,Nearside,2010
201045RU54227,Motorway,3,NA,0,Slight,None,05-12-2019,Friday,1,Data missing or out of range,Not at junction or within 20 metres,14.70427349,Darkness - no lighting,502560,167900,78.56307436,E01030656,2,2,0,0,Wet or damp,Dual carriageway,None,70,18:55:00,Rural,Raining no high winds,No,21 - 25,6,Urban area,4,1598,None,None,Other/Not known (2005-10),Not at or within 20 metres of junction,MINI,MINI ONE,Petrol,Female,None,No tow/articulation,Did not leave carriageway,0,Going ahead other,2,Car,No,Back,2019
201045RU54227,Motorway,3,NA,0,Slight,None,01-10-2010,Friday,1,Data missing or out of range,Not at junction or within 20 metres,51.400814,Darkness - no lighting,502560,167900,-0.527042,E01030656,2,2,0,0,Wet or damp,Dual carriageway,None,70,18:55:00,Rural,Raining no high winds,No,21 - 25,6,Urban area,4,1598,None,None,Other/Not known (2005-10),Not at or within 20 metres of junction,MINI,MINI ONE,Petrol,Female,None,No tow/articulation,Did not leave carriageway,0,Going ahead other,2,Car,No,Back,2010
201004CK10052,Unclassified,0,NA,0,Slight,None,25-03-2010,Thursday,1,Data missing or out of range,Not at junction or within 20 metres,53.599168,Darkness - no lighting,335760,411840,-2.972203,E01025495,3,2,0,0,Wet or damp,Single carriageway,None,60,18:00:00,Rural,Raining no high winds,No,21 - 25,6,Urban area,9,1896,None,Entered ditch,Other/Not known (2005-10),Not at or within 20 metres of junction,AUDI,A4 SPORT TDI(130) AUTO,Heavy oil,Female,None,No tow/articulation,Offside,0,Going ahead other,1,Car,No,Offside,2010
201030C000014,A,616,NA,0,Slight,None,08-01-2010,Friday,1,Data missing or out of range,Not at junction or within 20 metres,53.271517,Darkness - no lighting,451840,375230,-1.224122,E01019525,2,2,0,0,Snow,Single carriageway,None,60,20:40:00,Rural,Snowing no high winds,No,21 - 25,6,Rural,3,1997,None,None,Other/Not known (2005-10),Not at or within 20 metres of junction,CITROEN,XSARA LX HDI AUTO,Heavy oil,Male,Skidded,No tow/articulation,Did not leave carriageway,0,Going ahead other,2,Car,No,Front,2010
2010550D52384,B,3164,NA,0,Slight,None,27-11-2010,Saturday,1,Not at junction or within 20 metres,Not at junction or within 20 metres,50.807152,Darkness - no lighting,341580,101180,-2.830508,E01020506,1,1,0,0,Snow,Single carriageway,None,60,21:45:00,Rural,Snowing no high winds,No,21 - 25,6,Rural,6,1149,None,Entered ditch,Commuting to/from work,Not at or within 20 metres of junction,RENAULT,CLIO EXTREME 3 16V,Petrol,Female,Skidded and overturned,No tow/articulation,Nearside,0,Going ahead right-hand bend,1,Car,No,Nearside,2010
201014A208510,B,6463,NA,0,Slight,None,23-12-2010,Thursday,1,Not at junction or within 20 metres,Not at junction or within 20 metres,53.463505,Darkness - no lighting,462570,396720,-1.059,E01007594,2,3,0,0,Frost or ice,Single carriageway,None,60,07:05:00,Rural,Snowing no high winds,No,21 - 25,6,Urban area,3,1149,None,None,Journey as part of work,Not at or within 20 metres of junction,RENAULT,CLIO DYNAMIQUE 16V,Petrol,Female,Skidded and overturned,No tow/articulation,Did not leave carriageway,0,Going ahead other,1,Car,No,Front,2010
201005EE06476,B,5189,Unclassified,0,Slight,None,11-11-2010,Thursday,1,Give way or uncontrolled,T or staggered junction,53.424404,Daylight,338340,392360,-2.929384,E01006761,1,2,0,0,Wet or damp,Single carriageway,None,30,16:20:00,Urban,Fine + high winds,No,21 - 25,6,Data missing or out of range,NA,1796,None,None,Journey as part of work,Approaching junction or waiting/parked at junction approach,VAUXHALL,VECTRA SXI DUALFUEL,Gas/Bi-fuel,Male,None,No tow/articulation,Did not leave carriageway,0,Overtaking - nearside,1,Taxi/Private hire car,No,Front,2010
20103102D2538,A,52,A,6007,Slight,None,24-09-2010,Friday,1,Auto traffic signal,Roundabout,52.9362,Daylight,450490,337910,-1.25022,E01028090,2,2,0,5,Dry,Roundabout,None,30,17:30:00,Rural,Fine + high winds,No,21 - 25,6,Urban area,8,1870,None,None,Commuting to/from work,Leaving roundabout,RENAULT,MEGANE DYNAMIQUE DCI 120,Heavy oil,Male,None,No tow/articulation,Did not leave carriageway,0,Turning right,2,Car,No,Nearside,2010
2010160B00821,A,18,A,159,Slight,None,03-02-2010,Wednesday,1,Give way or uncontrolled,Roundabout,53.578829,Daylight,489200,409980,-0.654212,E01013317,1,3,0,0,Frost or ice,Dual carriageway,None,30,08:49:00,Urban,Fine + high winds,No,21 - 25,6,Urban area,5,1398,None,None,Journey as part of work,Approaching junction or waiting/parked at junction approach,CITROEN,C2 LX HDI,Heavy oil,Female,None,No tow/articulation,Did not leave carriageway,0,Waiting to go - held up,1,Car,No,Back,2010
2010400D02185,A,505,Unclassified,0,Slight,None,07-06-2019,Wednesday,1,Give way or uncontrolled,T or staggered junction,14.79603522,Daylight,502520,221990,78.60711983,E01017570,1,2,0,0,Dry,Single carriageway,None,30,13:00:00,Urban,Fine no high winds,No,21 - 25,6,Urban area,5,1686,None,None,Other/Not known (2005-10),Approaching junction or waiting/parked at junction approach,VAUXHALL,ASTRA CLUB CDTI,Heavy oil,Male,None,No tow/articulation,Did not leave carriageway,0,Going ahead other,2,Car,No,Front,2019
201042I127504,Unclassified,0,Unclassified,0,Slight,None,17-07-2021,Tuesday,1,Give way or uncontrolled,T or staggered junction,27.10528721,Daylight,578710,188660,93.61945882,E01021512,1,2,0,0,Dry,Single carriageway,None,30,07:45:00,Urban,Fine no high winds,No,21 - 25,6,Urban area,8,998,None,None,Commuting to/from work,Approaching junction or waiting/parked at junction approach,HONDA,CBR 1000 RR-5,Petrol,Male,None,No tow/articulation,Did not leave carriageway,0,Going ahead other,2,Motorcycle over 500cc,No,Front,2019
20104100T3220,Motorway,25,NA,0,Slight,None,02-12-2020,Tuesday,2,Not at junction or within 20 metres,Not at junction or within 20 metres,26.73169281,Daylight,517800,202620,94.18580417,E01023708,1,2,0,0,Wet or damp,Dual carriageway,None,70,16:05:00,Rural,Fine no high winds,No,21 - 25,6,Small town,9,1686,None,None,Journey as part of work,Not at or within 20 metres of junction,VAUXHALL,ASTRA CLUB CDTI,Heavy oil,Male,None,No tow/articulation,Did not leave carriageway,0,Slowing or stopping,2,Car,No,Nearside,2019
201034TM26520,Motorway,1,NA,0,Slight,None,14-06-2019,Saturday,1,Data missing or out of range,Not at junction or within 20 metres,26.74492139,Daylight,457790,272130,94.22223356,E01027006,2,2,0,0,Dry,Dual carriageway,None,70,07:25:00,Rural,Fine no high winds,No,21 - 25,6,Urban area,7,1997,None,None,Journey as part of work,Not at or within 20 metres of junction,PEUGEOT,307 XSI HDI,Heavy oil,Male,None,No tow/articulation,Did not leave carriageway,0,Changing lane to left,1,Car,No,Back,2019
20104100B0183,C,56,C,174,Slight,None,01-08-2019,Friday,1,Give way or uncontrolled,T or staggered junction,26.72866067,Daylight,522610,204760,94.21338481,E01023964,1,2,0,0,Dry,Single carriageway,None,60,07:50:00,Rural,Fine no high winds,No,21 - 25,6,Urban area,5,2151,None,None,Journey as part of work,Leaving main road,MERCEDES,SPRINTER 311 CDI LWB,Heavy oil,Male,None,No tow/articulation,Did not leave carriageway,0,Turning right,1,Van / Goods 3.5 tonnes mgw or under,No,Nearside,2019
201042I349510,B,1007,NA,0,Slight,None,26-10-2019,Monday,1,Not at junction or within 20 metres,Not at junction or within 20 metres,26.72001148,Daylight,569360,199160,94.18122143,E01021602,2,2,0,0,Dry,Single carriageway,None,30,09:00:00,Rural,Fine no high winds,No,21 - 25,6,Urban area,10,1596,None,None,Other/Not known (2005-10),Not at or within 20 metres of junction,FORD,FUSION 3 AUTO,Petrol,Male,None,No tow/articulation,Nearside,0,Moving off,1,Car,No,Front,2019
201042I101304,A,13,NA,0,Slight,None,23-03-2020,Wednesday,1,Not at junction or within 20 metres,Not at junction or within 20 metres,26.72744975,Daylight,558450,179910,94.2114224,E01015929,1,1,0,0,Dry,Dual carriageway,None,70,12:38:00,Rural,Fine no high winds,No,21 - 25,6,Data missing or out of range,NA,124,None,None,Other/Not known (2005-10),Not at or within 20 metres of junction,PIAGGIO,NEW SKIPPER,Petrol,Male,None,No tow/articulation,Nearside,0,Going ahead other,1,Motorcycle 125cc and under,No,Nearside,2019
201050JN2L009,C,91,Unclassified,0,Slight,None,07-08-2020,Thursday,1,Give way or uncontrolled,T or staggered junction,26.73985756,Daylight,287380,70570,94.1755709,E01020214,2,3,0,0,Dry,Single carriageway,None,60,09:15:00,Urban,Fine no high winds,No,21 - 25,6,Urban area,4,1198,None,None,Other/Not known (2005-10),Cleared junction or waiting/parked at junction exit,VOLKSWAGEN,POLO E,Petrol,Male,None,No tow/articulation,Did not leave carriageway,0,Going ahead right-hand bend,1,Car,No,Offside,2019
201054EM29910,A,345,Unclassified,0,Slight,None,25-10-2021,Saturday,1,Give way or uncontrolled,T or staggered junction,25.76785686,Daylight,415280,142290,87.46556832,E01031979,1,2,0,0,Dry,Single carriageway,None,40,17:52:00,Rural,Fine no high winds,No,21 - 25,6,Rural,7,599,None,Lamp post,Other/Not known (2005-10),Mid Junction - on roundabout or on main road,SUZUKI,GSXR 600 K4,Petrol,Male,Skidded,No tow/articulation,Nearside and rebounded,0,Overtaking moving vehicle - offside,1,Motorcycle over 500cc,No,Front,2019
201042I314509,B,172,NA,0,Slight,None,27-10-2020,Monday,1,Not at junction or within 20 metres,Not at junction or within 20 metres,25.78063217,Daylight,546440,197660,87.47712264,E01021804,1,3,0,0,Wet or damp,Single carriageway,None,60,13:05:00,Rural,Fine no high winds,No,21 - 25,6,Urban area,6,1997,None,None,Other/Not known (2005-10),Not at or within 20 metres of junction,PEUGEOT,307 S HDI 90,Heavy oil,Male,Overturned,No tow/articulation,Did not leave carriageway,0,Overtaking moving vehicle - offside,1,Car,No,Nearside,2019
201054EN23710,A,4,Unclassified,0,Slight,None,23-03-2021,Monday,1,Give way or uncontrolled,Private drive or entrance,25.78368296,Daylight,400660,169750,87.45997598,E01031903,1,3,0,0,Dry,Single carriageway,None,30,18:08:00,Urban,Fine no high winds,No,21 - 25,6,Urban area,3,1299,None,None,Other/Not known (2005-10),Approaching junction or waiting/parked at junction approach,FORD,KA,Petrol,Male,None,No tow/articulation,Did not leave carriageway,0,Waiting to go - held up,2,Car,No,Back,2019