Accident_Index,1st_Road_Class,1st_Road_Number,2nd_Road_Class,2nd_Road_Number,Accident_Severity,Carriageway_Hazards,Date,Day_of_Week,Did_Police_Officer_Attend_Scene_of_Accident,Junction_Control,Junction_Detail,Latitude,Light_Conditions,Location_Easting_OSGR,Location_Northing_OSGR,Longitude,LSOA_of_Accident_Location,Number_of_Casualties,Number_of_Vehicles,Pedestrian_Crossing-Human_Control,Pedestrian_Crossing-Physical_Facilities,Road_Surface_Conditions,Road_Type,Special_Conditions_at_Site,Speed_limit,Time,Urban_or_Rural_Area,Weather_Conditions,InScotland,Age_Band_of_Driver,Age_of_Vehicle,Driver_Home_Area_Type,Driver_IMD_Decile,Engine_Capacity_.CC.,Hit_Object_in_Carriageway,Hit_Object_off_Carriageway,Journey_Purpose_of_Driver,Junction_Location,make,model,Propulsion_Code,Sex_of_Driver,Skidding_and_Overturning,Towing_and_Articulation,Vehicle_Leaving_Carriageway,Vehicle_Location.Restricted_Lane,Vehicle_Manoeuvre,Vehicle_Reference,Vehicle_Type,Was_Vehicle_Left_Hand_Drive,X1st_Point_of_Impact,Year
201054ED13010,A,3102,Unclassified,0,Slight,None,19-07-2019,Tuesday,1,Give way or uncontrolled,Private drive or entrance,22.07435063,Daylight,390620,163880,82.13488473,E01032062,1,2,0,4,Dry,Single carriageway,None,30,14:33:00,Urban,Fine no high winds,No,21 - 25,6,Urban area,6,1998,None,None,Other/Not known (2005-10),Leaving main road,HONDA,CIVIC TYPE-R,Petrol,Male,None,No tow/articulation,Did not leave carriageway,0,Turning right,1,Car,No,Nearside,2019
2010550C25625,B,3068,Unclassified,0,Slight,None,09-12-2020,Friday,1,Give way or uncontrolled,T or staggered junction,22.98843161,Daylight,404380,94340,72.63008393,E01015380,1,2,0,0,Dry,Single carriageway,None,30,19:00:00,Urban,Fine no high winds,No,21 - 25,6,Urban area,5,1998,None,None,Journey as part of work,Approaching junction or waiting/parked at junction approach,FORD,MONDEO LX TDCI,Heavy oil,Male,None,No tow/articulation,Did not leave carriageway,0,Waiting to turn right,1,Car,No,Back,2019
201045WO51124,A,247,Unclassified,0,Slight,None,08-02-2021,Friday,1,Give way or uncontrolled,Other junction,28.42983704,Daylight,501050,157140,77.01519191,E01030972,2,2,0,0,Dry,Single carriageway,None,30,17:09:00,Urban,Fine no high winds,No,21 - 25,6,Urban area,9,1753,None,None,Other/Not known (2005-10),Mid Junction - on roundabout or on main road,FORD,FOCUS SPORT TDCI,Heavy oil,Male,None,No tow/articulation,Did not leave carriageway,0,Turning right,1,Car,No,Front,2019
201042I289809,Unclassified,0,NA,0,Slight,None,31-10-2019,Saturday,1,Not at junction or within 20 metres,Not at junction or within 20 metres,28.49411896,Daylight,587090,191200,76.98063315,E01021930,2,2,0,0,Dry,Single carriageway,None,30,19:06:00,Urban,Fine no high winds,No,21 - 25,6,Urban area,1,1124,None,None,Other/Not known (2005-10),Not at or within 20 metres of junction,PEUGEOT,206 STYLE,Petrol,Male,None,No tow/articulation,Did not leave carriageway,0,Turning right,2,Car,No,Offside,2019
201054EM07610,A,360,Unclassified,0,Slight,None,31-01-2020,Friday,1,Give way or uncontrolled,T or staggered junction,12.9920551,Daylight,403600,147380,77.65788291,E01032028,2,2,0,0,Dry,Single carriageway,None,60,14:10:00,Rural,Fine no high winds,No,21 - 25,6,Small town,8,1868,None,None,Other/Not known (2005-10),Mid Junction - on roundabout or on main road,PEUGEOT,PARTNER 600 LX D,Heavy oil,Male,None,No tow/articulation,Offside,0,Overtaking moving vehicle - offside,2,Van / Goods 3.5 tonnes mgw or under,No,Front,2019
201042I145205,A,1012,Unclassified,0,Slight,None,24-07-2019,Tuesday,2,Give way or uncontrolled,Roundabout,12.99749596,Daylight,561020,179220,77.60172842,E01015939,1,2,0,0,Dry,Roundabout,None,30,08:30:00,Urban,Fine no high winds,No,21 - 25,6,Urban area,7,1796,None,None,Other/Not known (2005-10),Leaving roundabout,MG,TF 160,Petrol,Male,None,No tow/articulation,Did not leave carriageway,0,Waiting to go - held up,1,Car,No,Back,2020
201043W167040,Unclassified,7152,NA,0,Slight,None,08-04-2020,Wednesday,1,Data missing or out of range,Not at junction or within 20 metres,12.96832046,Daylight,452320,165120,77.63931167,E01016339,2,1,0,0,Dry,Single carriageway,None,40,13:19:00,Rural,Fine no high winds,No,21 - 25,6,Urban area,8,1360,Kerb,Tree,Other/Not known (2005-10),Not at or within 20 metres of junction,PEUGEOT,206 SE,Petrol,Male,Skidded and overturned,No tow/articulation,Nearside,0,Going ahead right-hand bend,1,Car,No,Offside,2020
20104100J0399,B,556,Unclassified,22,Slight,None,29-11-2020,Monday,1,Give way or uncontrolled,T or staggered junction,13.03850915,Daylight,520560,202310,77.56704014,E01023584,2,2,0,0,Dry,Single carriageway,None,60,10:20:00,Rural,Fine no high winds,No,21 - 25,6,Rural,6,897,None,None,Other/Not known (2005-10),Mid Junction - on roundabout or on main road,YAMAHA,TDM 900,Petrol,Male,Skidded,No tow/articulation,Did not leave carriageway,0,Going ahead other,2,Motorcycle over 500cc,No,Nearside,2020
2010400C01000,Unclassified,0,Unclassified,0,Slight,None,26-10-2021,Thursday,1,Give way or uncontrolled,T or staggered junction,8.894249069,Daylight,503660,223930,76.67518351,E01015759,1,2,0,0,Dry,Single carriageway,None,30,09:30:00,Urban,Fine no high winds,No,21 - 25,6,Urban area,3,1868,None,None,Journey as part of work,Cleared junction or waiting/parked at junction exit,CITROEN,DISPATCH 815 D,Heavy oil,Male,None,No tow/articulation,Did not leave carriageway,0,Overtaking moving vehicle - offside,1,Van / Goods 3.5 tonnes mgw or under,No,Nearside,2020
2010400C01489,Unclassified,0,Unclassified,0,Slight,None,24-11-2019,Saturday,1,Give way or uncontrolled,Crossroads,8.87004241,Daylight,509040,220510,76.68388257,E01015793,1,3,0,0,Dry,Single carriageway,None,30,06:35:00,Urban,Fine no high winds,No,21 - 25,6,Urban area,6,1998,Parked vehicle,None,Commuting to/from work,Mid Junction - on roundabout or on main road,FORD,MONDEO ZETEC TDCI,Heavy oil,Male,Skidded,No tow/articulation,Did not leave carriageway,0,Going ahead other,2,Car,No,Front,2020
201042I203806,A,13,A,132,Slight,None,01-05-2019,Wednesday,1,Give way or uncontrolled,Slip road,8.876210445,Daylight,573930,187990,76.67404846,E01021310,2,3,0,0,Dry,Dual carriageway,None,70,14:15:00,Urban,Fine no high winds,No,21 - 25,6,Urban area,3,1997,None,None,Other/Not known (2005-10),Approaching junction or waiting/parked at junction approach,HONDA,ACCORD VTEC SPORT,Petrol,Male,None,No tow/articulation,Did not leave carriageway,0,Slowing or stopping,3,Car,No,Back,2020
201043N305120,C,102,Unclassified,1718,Slight,None,02-12-2020,Friday,1,Give way or uncontrolled,T or staggered junction,22.70285573,Daylight,489130,190230,75.83860588,E01017867,1,1,0,0,Dry,Single carriageway,None,30,08:09:00,Urban,Fine no high winds,No,21 - 25,6,Urban area,10,1587,None,None,Pupil riding to/from school,Approaching junction or waiting/parked at junction approach,CITROEN,C2 VTS,Petrol,Male,None,No tow/articulation,Did not leave carriageway,0,Going ahead other,1,Car,No,Front,2020
201037G028878,A,14,NA,0,Slight,None,09-11-2019,Saturday,1,Data missing or out of range,Not at junction or within 20 metres,22.74744876,Daylight,613070,244870,75.84344344,E01029878,3,4,0,0,Wet or damp,Dual carriageway,Roadworks,70,13:10:00,Rural,Fine no high winds,No,21 - 25,6,Data missing or out of range,NA,1388,None,None,Other/Not known (2005-10),Not at or within 20 metres of junction,FORD,FIESTA SILVER,Petrol,Male,None,No tow/articulation,Did not leave carriageway,0,Going ahead other,1,Car,No,Front,2020
20104100C0503,A,411,A,4008,Slight,None,28-06-2020,Monday,1,Give way or uncontrolled,Roundabout,22.70731239,Daylight,511620,196360,75.88728507,E01023860,1,2,0,0,Dry,Roundabout,None,40,14:00:00,Rural,Fine no high winds,No,21 - 25,6,Urban area,3,1124,None,None,Other/Not known (2005-10),Mid Junction - on roundabout or on main road,SMART,FORFOUR PULSE,Petrol,Male,None,No tow/articulation,Did not leave carriageway,0,Changing lane to right,2,Car,No,Back,2020
201042I185706,Unclassified,0,Unclassified,0,Slight,None,18-06-2020,Friday,1,Give way or uncontrolled,T or staggered junction,22.72725636,Daylight,572110,188770,75.88424618,E01021322,1,2,0,0,Dry,Single carriageway,None,30,17:42:00,Urban,Fine no high winds,No,21 - 25,6,Urban area,3,1360,None,None,Journey as part of work,Approaching junction or waiting/parked at junction approach,PEUGEOT,206 S,Petrol,Male,None,No tow/articulation,Did not leave carriageway,0,Going ahead other,1,Car,No,Offside,2020
201042I224307,B,1137,Unclassified,0,Slight,None,10-04-2020,Thursday,1,Give way or uncontrolled,T or staggered junction,26.47020973,Daylight,572360,207830,74.63613808,E01021626,1,3,0,1,Dry,Single carriageway,None,30,17:33:00,Urban,Fine no high winds,No,21 - 25,6,Urban area,10,2148,None,None,Commuting to/from work,Approaching junction or waiting/parked at junction approach,MERCEDES,,Heavy oil,Male,None,No tow/articulation,Did not leave carriageway,0,Waiting to turn right,2,Goods over 3.5t. and under 7.5t,No,Back,2020
201042I278609,A,121,A,121,Slight,None,18-03-2021,Thursday,1,Give way or uncontrolled,Roundabout,26.46339996,Daylight,540760,199650,74.5857385,E01021806,1,2,0,0,Dry,Roundabout,None,60,17:30:00,Rural,Fine no high winds,No,21 - 25,6,Urban area,10,1995,None,None,Other/Not known (2005-10),Leaving roundabout,BMW,120I SE AUTO,Petrol,Male,None,No tow/articulation,Did not leave carriageway,0,Going ahead other,1,Car,No,Front,2020
201045RE52277,B,2032,Unclassified,0,Slight,None,18-01-2021,Saturday,1,Give way or uncontrolled,T or staggered junction,26.46381922,Daylight,524830,156540,74.59065103,E01030589,1,2,0,0,Dry,Single carriageway,None,30,11:00:00,Urban,Fine no high winds,No,21 - 25,6,Data missing or out of range,NA,1328,None,None,Other/Not known (2005-10),Mid Junction - on roundabout or on main road,SUZUKI,JIMNY MODE AUTO,Petrol,Male,None,No tow/articulation,Did not leave carriageway,0,Turning right,1,Car,No,Front,2020
201050KA2J012,A,358,Unclassified,0,Slight,None,31-08-2021,Thursday,1,Give way or uncontrolled,T or staggered junction,26.44715692,Daylight,330530,99480,80.28805463,E01019886,1,2,0,0,Dry,Single carriageway,None,30,11:12:00,Rural,Fine no high winds,No,21 - 25,6,Data missing or out of range,NA,125,None,None,Other/Not known (2005-10),Approaching junction or waiting/parked at junction approach,HONDA,SES 125-4,Petrol,Male,None,No tow/articulation,Did not leave carriageway,0,Overtaking static vehicle - offside,1,Motorcycle 125cc and under,No,Front,2020
201050JT2R001,A,386,Unclassified,0,Slight,None,31-08-2020,Saturday,1,Give way or uncontrolled,T or staggered junction,26.47104352,Daylight,251630,67170,80.27165624,E01020315,1,2,0,0,Dry,Single carriageway,None,40,12:29:00,Rural,Fine no high winds,No,21 - 25,6,Urban area,4,1868,None,None,Journey as part of work,Mid Junction - on roundabout or on main road,CITROEN,BERLINGO 600D LX,Heavy oil,Male,None,No tow/articulation,Did not leave carriageway,0,Turning right,1,Van / Goods 3.5 tonnes mgw or under,No,Offside,2020
2010400D02569,A,6,Unclassified,0,Slight,None,06-12-2019,Friday,1,Give way or uncontrolled,T or staggered junction,26.44738186,Daylight,508280,233380,80.32780365,E01017445,3,2,0,0,Dry,Single carriageway,None,60,19:50:00,Rural,Fine no high winds,No,21 - 25,6,Urban area,6,2497,None,None,Other/Not known (2005-10),Approaching junction or waiting/parked at junction approach,BMW,525D SE AUTO,Heavy oil,Male,None,No tow/articulation,Did not leave carriageway,0,Going ahead other,2,Car,No,Back,2020
201037B045813,A,134,NA,0,Slight,None,08-07-2020,Thursday,1,Data missing or out of range,Not at junction or within 20 metres,28.66189423,Daylight,594000,238720,77.14402357,E01029899,2,2,0,0,Wet or damp,Single carriageway,None,60,16:20:00,Rural,Fine no high winds,No,21 - 25,6,Urban area,3,1341,None,None,Journey as part of work,Not at or within 20 metres of junction,HYUNDAI,ACCENT GSI,Petrol,Male,None,No tow/articulation,Did not leave carriageway,0,Going ahead left-hand bend,2,Car,No,Offside,2020
201050KH2B005,Unclassified,0,NA,0,Slight,None,22-06-2021,Sunday,1,Not at junction or within 20 metres,Not at junction or within 20 metres,28.57350092,Daylight,319580,110470,77.14647573,E01019938,2,1,0,0,Dry,Single carriageway,None,60,12:09:00,Rural,Fine no high winds,No,21 - 25,6,Urban area,10,1781,None,None,Other/Not known (2005-10),Not at or within 20 metres of junction,VOLKSWAGEN,PASSAT SE 20V TURBO,Petrol,Male,Skidded,No tow/articulation,Nearside,0,Going ahead right-hand bend,1,Car,No,Back,2020
201050BW3P003,A,389,B,3274,Slight,None,03-07-2021,Monday,1,Give way or uncontrolled,T or staggered junction,28.62896176,Daylight,191040,72370,77.23533031,E01018956,1,2,0,0,Dry,Single carriageway,None,30,12:25:00,Rural,Fine no high winds,No,21 - 25,6,Rural,4,7820,None,None,Journey as part of work,Approaching junction or waiting/parked at junction approach,SEDDON/ATKINSON,,Heavy oil,Male,Skidded,No tow/articulation,Did not leave carriageway,0,Going ahead left-hand bend,1,Goods 7.5 tonnes mgw and over,No,Front,2020
201042I253208,Unclassified,0,Unclassified,0,Slight,None,15-05-2021,Monday,1,Give way or uncontrolled,T or staggered junction,28.62450661,Daylight,544420,208330,77.08282193,E01021831,3,3,0,0,Dry,Single carriageway,None,30,14:00:00,Urban,Fine no high winds,No,21 - 25,6,Urban area,7,1598,None,None,Other/Not known (2005-10),Approaching junction or waiting/parked at junction approach,VOLKSWAGEN,GOLF FSI S,Petrol,Male,None,No tow/articulation,Did not leave carriageway,0,Going ahead other,1,Car,No,Front,2020
20104100D0513,A,4251,Unclassified,433,Slight,None,26-10-2020,Saturday,1,Give way or uncontrolled,T or staggered junction,28.59407374,Daylight,507200,202660,77.12598025,E01023406,1,3,0,4,Dry,Single carriageway,None,30,18:01:00,Urban,Fine no high winds,No,21 - 25,6,Data missing or out of range,NA,1598,None,None,Other/Not known (2005-10),Approaching junction or waiting/parked at junction approach,VAUXHALL,MERIVA DESIGN 8V,Petrol,Male,None,No tow/articulation,Did not leave carriageway,0,Parked,3,Car,No,Back,2021
201050EC2H001,Unclassified,0,NA,0,Slight,None,04-10-2021,Wednesday,1,Not at junction or within 20 metres,Not at junction or within 20 metres,28.54788041,Daylight,248410,55560,77.12979105,E01015050,1,1,0,0,Dry,Single carriageway,None,30,17:20:00,Urban,Fine no high winds,No,21 - 25,6,Urban area,8,1686,None,None,Other/Not known (2005-10),Not at or within 20 metres of junction,VAUXHALL,ASTRA SRI CDTI 100,Heavy oil,Male,None,No tow/articulation,Did not leave carriageway,0,Going ahead other,1,Car,No,Front,2021
2010400D02094,Unclassified,0,NA,0,Slight,None,25-10-2021,Friday,1,Data missing or out of range,Not at junction or within 20 metres,18.62616013,Daylight,499750,224400,73.91079181,E01017578,3,3,0,0,Dry,Single carriageway,None,60,12:59:00,Rural,Fine no high winds,No,21 - 25,6,Urban area,3,1970,None,None,Other/Not known (2005-10),Not at or within 20 metres of junction,ALFA ROMEO,156 VELOCE JTS,Petrol,Male,None,No tow/articulation,Did not leave carriageway,0,Going ahead other,2,Car,No,Back,2021
201034TM24570,Motorway,1,NA,0,Slight,None,23-01-2020,Sunday,1,Data missing or out of range,Not at junction or within 20 metres,18.57974715,Daylight,456520,277120,73.88626212,E01027030,1,2,0,0,Dry,Dual carriageway,None,70,19:50:00,Rural,Fine no high winds,No,21 - 25,6,Urban area,9,499,None,None,Journey as part of work,Not at or within 20 metres of junction,HONDA,CBF 500 A-4,Petrol,Male,None,No tow/articulation,Did not leave carriageway,0,Going ahead other,1,Motorcycle over 500cc,No,Front,2021
201043N211050,Unclassified,2083,NA,0,Slight,None,17-05-2020,Friday,1,Data missing or out of range,Not at junction or within 20 metres,18.629548,Daylight,481660,193800,73.95539075,E01017854,1,2,0,0,Dry,Single carriageway,None,60,20:40:00,Rural,Fine no high winds,No,21 - 25,6,Urban area,10,1242,None,None,Other/Not known (2005-10),Not at or within 20 metres of junction,FIAT,PUNTO ACTIVE 8V,Petrol,Male,Skidded,No tow/articulation,Did not leave carriageway,0,Going ahead other,1,Car,No,Front,2021
201034NW09550,Unclassified,6225,NA,0,Slight,None,06-07-2020,Wednesday,1,Data missing or out of range,Not at junction or within 20 metres,18.58192044,Daylight,492960,267700,73.75725114,E01027336,2,2,0,0,Wet or damp,Single carriageway,None,60,08:20:00,Rural,Fine no high winds,No,21 - 25,6,Urban area,3,1598,None,None,Commuting to/from work,Not at or within 20 metres of junction,SEAT,LEON SX,Petrol,Male,None,No tow/articulation,Offside,0,Going ahead other,2,Car,No,Front,2021
201042I183806,A,129,Unclassified,0,Slight,None,05-12-2019,Sunday,1,Give way or uncontrolled,T or staggered junction,18.51860142,Daylight,578320,192040,73.76470581,E01021920,1,2,0,0,Dry,Single carriageway,None,40,10:00:00,Rural,Fine no high winds,No,21 - 25,6,Urban area,8,1988,None,None,Other/Not known (2005-10),Approaching junction or waiting/parked at junction approach,JAGUAR,X-TYPE SE D,Heavy oil,Male,None,No tow/articulation,Did not leave carriageway,0,Going ahead other,2,Car,No,Offside,2021
201037G029261,Unclassified,2414,Unclassified,2412,Slight,None,15-04-2021,Saturday,2,Give way or uncontrolled,T or staggered junction,18.56625231,Daylight,617230,244410,73.94280459,E01029959,1,1,0,0,Dry,Single carriageway,None,30,14:00:00,Urban,Fine no high winds,No,21 - 25,6,Rural,8,102,None,None,Other/Not known (2005-10),Approaching junction or waiting/parked at junction approach,HONDA,SCV100F-E,Petrol,Male,Skidded,No tow/articulation,Did not leave carriageway,0,Slowing or stopping,1,Motorcycle 125cc and under,No,Nearside,2021
201043N230100,Motorway,40,NA,0,Slight,None,05-02-2021,Friday,1,Data missing or out of range,Not at junction or within 20 metres,18.50298474,Daylight,497660,188130,73.76257689,E01017821,1,2,0,0,Dry,Dual carriageway,None,70,12:37:00,Rural,Fine no high winds,No,21 - 25,6,Urban area,5,5883,None,None,Journey as part of work,Not at or within 20 metres of junction,DENNIS,,Heavy oil,Male,None,No tow/articulation,Did not leave carriageway,0,Parked,2,Other vehicle,No,Back,2021
2010400B00889,A,6,A,421,Slight,None,13-07-2021,Friday,1,Give way or uncontrolled,Roundabout,18.51040468,Daylight,504450,246650,73.9571578,E01017550,1,2,0,0,Dry,Single carriageway,None,40,10:12:00,Rural,Fine no high winds,No,21 - 25,6,Urban area,8,1461,Kerb,Lamp post,Journey as part of work,Leaving roundabout,RENAULT,MODUS EXPRESSION DCI 65,Heavy oil,Male,Skidded,No tow/articulation,Nearside,0,Changing lane to right,1,Car,No,Offside,2021
201042I243408,Motorway,11,NA,0,Slight,None,02-06-2020,Monday,1,Not at junction or within 20 metres,Not at junction or within 20 metres,19.17663075,Daylight,548120,204380,72.88810058,E01021799,1,2,0,0,Dry,Dual carriageway,None,70,06:45:00,Rural,Fine no high winds,No,21 - 25,6,Urban area,7,2664,None,None,Commuting to/from work,Not at or within 20 metres of junction,NISSAN,TERRANO TD,Heavy oil,Male,None,No tow/articulation,Did not leave carriageway,0,Slowing or stopping,2,Car,No,Back,2021
20104100F0403,A,5183,NA,,Slight,None,12-07-2019,Friday,1,Give way or uncontrolled,Private drive or entrance,19.09934491,Daylight,511180,212310,72.8890377,E01023722,4,3,0,0,Dry,Single carriageway,None,60,19:06:00,Rural,Fine no high winds,No,21 - 25,6,Urban area,6,1968,None,None,Other/Not known (2005-10),Approaching junction or waiting/parked at junction approach,AUDI,A3 SE TDI,Heavy oil,Male,None,No tow/articulation,Did not leave carriageway,0,Waiting to go - held up,3,Car,No,Back,2021
201054EL05910,A,3026,Unclassified,0,Slight,None,06-04-2020,Friday,1,Give way or uncontrolled,Private drive or entrance,19.18366351,Daylight,425450,150280,72.93562738,E01031878,1,2,0,0,Dry,Single carriageway,None,40,12:40:00,Rural,Fine no high winds,No,21 - 25,6,Small town,4,1753,None,None,Journey as part of work,Mid Junction - on roundabout or on main road,FORD,TRANSIT CONNECT L220 D,Heavy oil,Male,None,No tow/articulation,Did not leave carriageway,0,Going ahead other,1,Van / Goods 3.5 tonnes mgw or under,No,Front,2021
201043P011070,Unclassified,120,Unclassified,0,Slight,None,25-07-2020,Saturday,1,Give way or uncontrolled,T or staggered junction,19.15234655,Daylight,446790,241120,72.84696663,E01028439,1,3,0,0,Dry,Single carriageway,None,30,16:52:00,Urban,Fine no high winds,No,21 - 25,6,Urban area,9,1360,None,None,Other/Not known (2005-10),Entering main road,PEUGEOT,206 S,Petrol,Male,None,No tow/articulation,Did not leave carriageway,0,Turning left,1,Car,No,Front,2021
201043R070070,A,308,Unclassified,7402,Slight,None,12-11-2021,Sunday,1,Give way or uncontrolled,T or staggered junction,19.17574699,Daylight,489900,178770,72.93422673,E01016539,1,2,0,0,Dry,Single carriageway,None,30,19:11:00,Urban,Fine no high winds,No,21 - 25,6,Urban area,9,1896,None,None,Commuting to/from work,Entering main road,SKODA,FABIA VRS TDI PD 130,Heavy oil,Male,None,No tow/articulation,Did not leave carriageway,0,Turning left,1,Car,No,Front,2021
201043P208030,A,423,Unclassified,0,Slight,None,11-12-2019,Sunday,1,Give way or uncontrolled,T or staggered junction,19.15164456,Daylight,445340,245120,72.8622761,E01028480,1,2,0,0,Dry,Single carriageway,None,60,11:08:00,Rural,Fine no high winds,No,21 - 25,6,Urban area,2,636,None,None,Other/Not known (2005-10),Approaching junction or waiting/parked at junction approach,KAWASAKI,,Petrol,Male,None,No tow/articulation,Did not leave carriageway,0,Going ahead other,1,Motorcycle over 500cc,No,Front,2021
201050JT2E001,Unclassified,0,NA,0,Slight,None,20-06-2019,Tuesday,1,Not at junction or within 20 metres,Not at junction or within 20 metres,14.66427239,Daylight,247690,67870,78.53921761,E01020312,1,2,0,0,Dry,Single carriageway,None,60,06:12:00,Rural,Fine no high winds,No,21 - 25,6,Urban area,2,2402,None,None,Commuting to/from work,Not at or within 20 metres of junction,FORD,TRANSIT 350 LWB TD,Heavy oil,Male,None,No tow/articulation,Did not leave carriageway,0,Going ahead right-hand bend,2,Van / Goods 3.5 tonnes mgw or under,No,Front,2019
201042I345710,Unclassified,0,NA,,Slight,None,12-08-2021,Wednesday,1,Give way or uncontrolled,Private drive or entrance,14.67653394,Daylight,571030,204840,78.60192549,E01021586,2,3,0,1,Dry,Single carriageway,None,30,17:25:00,Urban,Fine no high winds,No,21 - 25,6,Urban area,9,1390,None,None,Other/Not known (2005-10),Approaching junction or waiting/parked at junction approach,RENAULT,CLIO DYNAMIQUE 16V,Petrol,Male,None,No tow/articulation,Did not leave carriageway,0,Overtaking static vehicle - offside,1,Car,No,Front,2019
201045WA52848,A,31,NA,0,Slight,None,25-05-2021,Tuesday,1,Data missing or out of range,Not at junction or within 20 metres,27.0890116,Daylight,485110,147190,93.61699024,E01030893,1,3,0,0,Dry,Dual carriageway,None,50,07:20:00,Rural,Fine no high winds,No,21 - 25,6,Urban area,NA,1998,None,Near/Offside crash barrier,Commuting to/from work,Not at or within 20 metres of junction,RENAULT,CLIO RENAULTSPORT 182 16V,Petrol,Male,Skidded,No tow/articulation,Offside on to centrl res + rebounded,0,Going ahead other,1,Car,No,Front,2019
201054EM19210,A,303,NA,0,Slight,None,19-11-2019,Friday,1,Not at junction or within 20 metres,Not at junction or within 20 metres,27.10061023,Daylight,417650,142220,93.62245641,E01031977,1,3,0,0,Dry,Dual carriageway,None,70,14:29:00,Rural,Fine no high winds,No,21 - 25,6,Urban area,10,1360,None,None,Journey as part of work,Not at or within 20 metres of junction,PEUGEOT,307 S 90,Petrol,Male,Skidded,No tow/articulation,Did not leave carriageway,0,Going ahead other,1,Car,No,Front,2019
201001BS70418,A,3216,Unclassified,0,Slight,None,17-07-2010,Saturday,1,Give way or uncontrolled,T or staggered junction,51.499127,Daylight,527840,179410,-0.159652,E01002818,1,2,0,0,Dry,Single carriageway,None,30,15:00:00,Urban,Fine no high winds,No,21 - 25,6,Urban area,4,1896,None,None,Other/Not known (2005-10),Mid Junction - on roundabout or on main road,VOLKSWAGEN,PASSAT S TDI,Heavy oil,Male,None,No tow/articulation,Did not leave carriageway,0,Slowing or stopping,1,Car,No,Back,2010
201001CW11252,A,41,C,0,Slight,None,24-06-2010,Thursday,1,Auto traffic signal,Crossroads,51.515903,Daylight,527970,181280,-0.157102,E01004657,1,2,0,5,Dry,One way street,None,30,17:56:00,Urban,Fine no high winds,No,21 - 25,6,Data missing or out of range,NA,2497,None,Lamp post,Other/Not known (2005-10),Entering main road,BMW,525D SE,Heavy oil,Male,Skidded,No tow/articulation,Nearside,0,Going ahead other,2,Car,No,Offside,2010
201001CW11626,A,4201,Unclassified,0,Slight,None,06-08-2010,Friday,1,Give way or uncontrolled,T or staggered junction,51.514222,Daylight,529040,181120,-0.141748,E01004764,1,1,0,0,Dry,Single carriageway,None,30,17:25:00,Urban,Fine no high winds,No,21 - 25,6,Urban area,1,8268,None,None,Other/Not known (2005-10),Mid Junction - on roundabout or on main road,TRANSBUS INT,,Heavy oil,Male,None,No tow/articulation,Did not leave carriageway,0,Going ahead other,1,Bus or coach (17 or more pass seats),No,Nearside,2010
201001CW12694,Unclassified,0,Unclassified,0,Slight,None,07-12-2010,Tuesday,1,Give way or uncontrolled,T or staggered junction,51.52624,Daylight,525150,182360,-0.197339,E01004675,1,2,0,0,Frost or ice,Single carriageway,None,30,14:15:00,Urban,Fine no high winds,No,21 - 25,6,Urban area,6,125,None,None,Journey as part of work,Approaching junction or waiting/parked at junction approach,HONDA,ANF 125-3,Petrol,Male,None,No tow/articulation,Did not leave carriageway,0,Slowing or stopping,2,Motorcycle 125cc and under,No,Front,2010
201001EO40045,A,503,Unclassified,0,Slight,None,27-01-2010,Wednesday,1,Give way or uncontrolled,T or staggered junction,51.558189,Daylight,530510,186050,-0.118749,E01002731,1,1,0,5,Dry,Single carriageway,None,30,12:26:00,Urban,Fine no high winds,No,21 - 25,6,Urban area,1,1598,None,None,Other/Not known (2005-10),Cleared junction or waiting/parked at junction exit,VAUXHALL,ASTRA CLUB TWINPORT,Petrol,Male,None,No tow/articulation,Did not leave carriageway,0,Going ahead other,1,Car,No,Front,2010
201001EO40466,A,1,Unclassified,0,Slight,None,25-08-2010,Wednesday,1,Give way or uncontrolled,Crossroads,51.562544,Daylight,529940,186520,-0.126794,E01002774,2,2,0,0,Dry,Single carriageway,None,30,13:47:00,Urban,Fine no high winds,No,21 - 25,6,Urban area,2,1390,None,None,Other/Not known (2005-10),Cleared junction or waiting/parked at junction exit,VOLKSWAGEN,POLO TWIST,Petrol,Male,None,No tow/articulation,Did not leave carriageway,0,Moving off,1,Car,No,Front,2010
201001FH10144,A,219,Unclassified,0,Slight,None,24-03-2010,Wednesday,1,Give way or uncontrolled,T or staggered junction,51.497938,Daylight,523480,179170,-0.222516,E01001856,1,2,0,0,Dry,Single carriageway,None,30,13:50:00,Urban,Fine no high winds,No,21 - 25,6,Urban area,1,1390,None,None,Other/Not known (2005-10),Mid Junction - on roundabout or on main road,RENAULT,MEGANE DYNAMIQUE 16V,Petrol,Male,None,No tow/articulation,Did not leave carriageway,2,Going ahead other,1,Car,No,Front,2010
201001FH10265,A,4020,Unclassified,0,Slight,None,27-05-2010,Thursday,1,Give way or uncontrolled,T or staggered junction,51.506345,Daylight,522430,180080,-0.237319,E01001860,1,2,0,4,Dry,Single carriageway,None,30,18:11:00,Urban,Fine no high winds,No,21 - 25,6,Urban area,3,998,None,None,Other/Not known (2005-10),Mid Junction - on roundabout or on main road,VAUXHALL,CORSA ENERGY TWINPORT,Petrol,Male,None,No tow/articulation,Did not leave carriageway,0,Turning left,1,Car,No,Nearside,2010