Accident_Index,1st_Road_Class,1st_Road_Number,2nd_Road_Class,2nd_Road_Number,Accident_Severity,Carriageway_Hazards,Date,Day_of_Week,Did_Police_Officer_Attend_Scene_of_Accident,Junction_Control,Junction_Detail,Latitude,Light_Conditions,Location_Easting_OSGR,Location_Northing_OSGR,Longitude,LSOA_of_Accident_Location,Number_of_Casualties,Number_of_Vehicles,Pedestrian_Crossing-Human_Control,Pedestrian_Crossing-Physical_Facilities,Road_Surface_Conditions,Road_Type,Special_Conditions_at_Site,Speed_limit,Time,Urban_or_Rural_Area,Weather_Conditions,InScotland,Age_Band_of_Driver,Age_of_Vehicle,Driver_Home_Area_Type,Driver_IMD_Decile,Engine_Capacity_.CC.,Hit_Object_in_Carriageway,Hit_Object_off_Carriageway,Journey_Purpose_of_Driver,Junction_Location,make,model,Propulsion_Code,Sex_of_Driver,Skidding_and_Overturning,Towing_and_Articulation,Vehicle_Leaving_Carriageway,Vehicle_Location.Restricted_Lane,Vehicle_Manoeuvre,Vehicle_Reference,Vehicle_Type,Was_Vehicle_Left_Hand_Drive,X1st_Point_of_Impact,Year
201001FH10265,A,4020,Unclassified,0,Slight,None,27-05-2010,Thursday,1,Give way or uncontrolled,T or staggered junction,51.506345,Daylight,522430,180080,-0.237319,E01001860,1,2,0,4,Dry,Single carriageway,None,30,18:11:00,Urban,Fine no high winds,No,21 - 25,6,Urban area,3,998,None,None,Other/Not known (2005-10),Mid Junction - on roundabout or on main road,VAUXHALL,CORSA ENERGY TWINPORT,Petrol,Male,None,No tow/articulation,Did not leave carriageway,0,Turning left,1,Car,No,Nearside,2010
201001FH10487,A,219,Unclassified,0,Slight,None,16-09-2010,Thursday,1,Give way or uncontrolled,T or staggered junction,51.473876,Daylight,524190,176510,-0.213228,E01001915,2,3,0,0,Dry,Single carriageway,None,30,17:26:00,Urban,Fine no high winds,No,21 - 25,6,Urban area,10,2494,None,None,Other/Not known (2005-10),Mid Junction - on roundabout or on main road,BMW,525I SE AUTO,Petrol,Male,None,No tow/articulation,Did not leave carriageway,0,Turning right,1,Car,No,Nearside,2010
201001GD10032,A,104,Unclassified,0,Slight,None,25-01-2010,Monday,1,Give way or uncontrolled,T or staggered junction,51.546143,Daylight,533600,184790,-0.07468,E01001743,1,1,0,0,Wet or damp,Single carriageway,None,30,07:55:00,Urban,Fine no high winds,No,21 - 25,6,Urban area,2,124,None,None,Journey as part of work,Mid Junction - on roundabout or on main road,HONDA,XR 125 L-3,Petrol,Male,None,No tow/articulation,Did not leave carriageway,0,Overtaking static vehicle - offside,1,Motorcycle 125cc and under,No,Front,2010
201001GD10594,A,107,A,10,Slight,None,26-08-2010,Thursday,2,Auto traffic signal,Crossroads,51.573268,Daylight,533660,187810,-0.072668,E01001808,1,2,0,5,Dry,Dual carriageway,None,30,11:00:00,Urban,Fine no high winds,No,21 - 25,6,Urban area,3,1248,None,None,Other/Not known (2005-10),Mid Junction - on roundabout or on main road,VAUXHALL,CORSA SXI CDTI,Heavy oil,Male,None,No tow/articulation,Did not leave carriageway,0,Waiting to go - held up,1,Car,No,Back,2010
201001JI40321,A,113,Unclassified,0,Slight,None,29-05-2010,Saturday,1,Give way or uncontrolled,T or staggered junction,51.598608,Daylight,541400,190840,0.040166,E01003760,1,2,0,0,Dry,Single carriageway,None,30,13:40:00,Urban,Fine no high winds,No,21 - 25,6,Urban area,9,1388,None,None,Other/Not known (2005-10),Approaching junction or waiting/parked at junction approach,FORD,FIESTA FLAME,Petrol,Male,None,No tow/articulation,Did not leave carriageway,0,Going ahead other,2,Car,No,Front,2010
201001JI40514,A,11,Unclassified,0,Slight,None,07-08-2010,Saturday,1,Give way or uncontrolled,T or staggered junction,51.578852,Daylight,539910,188600,0.017776,E01003776,2,2,0,0,Dry,Single carriageway,None,30,09:50:00,Urban,Fine no high winds,No,21 - 25,6,Data missing or out of range,NA,1686,None,None,Journey as part of work,Mid Junction - on roundabout or on main road,VAUXHALL,ASTRA ENJOY CDTI,Heavy oil,Male,None,No tow/articulation,Did not leave carriageway,0,Going ahead other,2,Car,No,Front,2010
201001KD50030,A,127,C,0,Slight,None,17-01-2010,Sunday,1,Give way or uncontrolled,Slip road,51.578238,Daylight,556280,189010,0.254024,E01002253,1,2,0,0,Dry,Dual carriageway,None,50,12:40:00,Rural,Fine no high winds,No,21 - 25,6,Data missing or out of range,NA,1998,None,None,Journey as part of work,Mid Junction - on roundabout or on main road,FORD,TRANSIT 280 SWB TD,Heavy oil,Male,None,No tow/articulation,Did not leave carriageway,0,Going ahead other,2,Van / Goods 3.5 tonnes mgw or under,No,Nearside,2010
201001KD50429,Unclassified,0,NA,0,Slight,None,14-08-2010,Saturday,1,Data missing or out of range,Not at junction or within 20 metres,51.58415,Daylight,554060,189600,0.22227,E01002378,1,5,0,0,Dry,Single carriageway,None,30,16:21:00,Urban,Fine no high winds,No,21 - 25,6,Data missing or out of range,NA,1596,None,None,Other/Not known (2005-10),Not at or within 20 metres of junction,FORD,FOCUS GHIA AUTO,Petrol,Male,None,No tow/articulation,Did not leave carriageway,0,Parked,5,Car,No,Front,2010
201001KF60278,A,118,Unclassified,0,Slight,None,14-05-2010,Friday,1,Give way or uncontrolled,T or staggered junction,51.545539,Daylight,540170,184900,0.020051,E01003551,1,1,0,1,Dry,Single carriageway,None,30,13:10:00,Urban,Fine no high winds,No,21 - 25,6,Urban area,5,8268,None,None,Journey as part of work,Approaching junction or waiting/parked at junction approach,TRANSBUS INT,,Heavy oil,Male,None,No tow/articulation,Did not leave carriageway,0,Slowing or stopping,1,Bus or coach (17 or more pass seats),No,Did not impact,2010
201001KF60351,A,117,A,124,Slight,None,19-06-2010,Saturday,1,Auto traffic signal,Crossroads,51.532982,Daylight,542590,183570,0.054389,E01003525,2,2,0,5,Wet or damp,Single carriageway,None,30,07:43:00,Urban,Fine no high winds,No,21 - 25,6,Urban area,4,1796,None,None,Other/Not known (2005-10),Mid Junction - on roundabout or on main road,MERCEDES,CLK 200 KOMP.AVANTGARDE,Petrol,Male,None,No tow/articulation,Did not leave carriageway,0,Going ahead other,2,Car,No,Offside,2010
201001KF60365,C,0,Unclassified,0,Slight,None,20-06-2010,Sunday,1,Give way or uncontrolled,T or staggered junction,51.548115,Daylight,539930,185180,0.016703,E01003545,1,2,0,0,Dry,Single carriageway,None,30,14:17:00,Urban,Fine no high winds,No,21 - 25,6,Urban area,2,2497,None,None,Other/Not known (2005-10),Approaching junction or waiting/parked at junction approach,BMW,525D SPORT AUTO,Heavy oil,Male,None,No tow/articulation,Did not leave carriageway,0,Going ahead other,2,Car,No,Front,2010
201001KF60561,B,167,Unclassified,0,Slight,None,09-09-2010,Thursday,1,Give way or uncontrolled,T or staggered junction,51.541726,Daylight,541050,184500,0.032573,E01003573,1,1,0,0,Dry,Single carriageway,None,30,11:59:00,Urban,Fine no high winds,No,21 - 25,6,Urban area,1,2979,None,None,Other/Not known (2005-10),Approaching junction or waiting/parked at junction approach,BMW,330 CI SPORT AUTO,Petrol,Male,None,No tow/articulation,Did not leave carriageway,0,Going ahead other,1,Car,No,Offside,2010
201001KG70055,A,124,Unclassified,0,Slight,None,27-02-2010,Saturday,1,Give way or uncontrolled,T or staggered junction,51.542582,Daylight,544770,184700,0.086261,E01000068,1,2,0,0,Dry,Single carriageway,None,30,13:55:00,Urban,Fine no high winds,No,21 - 25,6,Urban area,2,1600,None,None,Other/Not known (2005-10),Mid Junction - on roundabout or on main road,VOLKSWAGEN,GOLF FSI SE,Petrol,Male,None,No tow/articulation,Did not leave carriageway,0,Going ahead other,2,Car,No,Nearside,2010
201001KG70179,C,0,Unclassified,0,Slight,None,22-05-2010,Saturday,1,Give way or uncontrolled,Crossroads,51.544708,Daylight,548690,185050,0.142896,E01000014,1,2,0,1,Dry,Single carriageway,None,30,10:41:00,Urban,Fine no high winds,No,21 - 25,6,Data missing or out of range,NA,1596,None,None,Other/Not known (2005-10),Mid Junction - on roundabout or on main road,FIAT,STILO ACTIVE SPORT 16V,Petrol,Male,None,No tow/articulation,Did not leave carriageway,0,Turning right,1,Car,No,Nearside,2010
201001KG70459,A,1083,C,0,Slight,None,07-11-2010,Sunday,1,Auto traffic signal,Crossroads,51.561586,Daylight,547720,186900,0.129694,E01000099,1,2,0,5,Dry,Dual carriageway,None,30,11:55:00,Urban,Fine no high winds,No,21 - 25,6,Urban area,7,1497,None,None,Other/Not known (2005-10),Mid Junction - on roundabout or on main road,NISSAN,ALMERA SE,Petrol,Male,None,No tow/articulation,Did not leave carriageway,0,Going ahead other,1,Car,No,Nearside,2010
201001LX50194,A,2217,B,221,Slight,None,05-03-2010,Friday,1,Auto traffic signal,Crossroads,51.459615,Daylight,530070,175070,-0.12914,E01003019,1,2,0,5,Dry,Single carriageway,None,30,06:30:00,Urban,Fine no high winds,No,21 - 25,6,Urban area,8,599,None,None,Other/Not known (2005-10),Mid Junction - on roundabout or on main road,SUZUKI,GSXR 600 K4,Petrol,Male,None,No tow/articulation,Did not leave carriageway,0,Going ahead other,1,Motorcycle over 500cc,No,Front,2010
201001LX50198,A,215,Unclassified,0,Slight,None,17-03-2010,Wednesday,1,Give way or uncontrolled,T or staggered junction,51.446721,Daylight,531810,173680,-0.104626,E01003169,1,2,0,1,Dry,Single carriageway,None,30,11:50:00,Urban,Fine no high winds,No,21 - 25,6,Urban area,4,1868,None,None,Journey as part of work,Cleared junction or waiting/parked at junction exit,CITROEN,BERLINGO ENTERPRISE,Heavy oil,Male,None,No tow/articulation,Did not leave carriageway,0,Going ahead other,2,Van / Goods 3.5 tonnes mgw or under,No,Front,2010
201001LX50267,A,204,Unclassified,0,Slight,None,08-04-2010,Thursday,1,Give way or uncontrolled,T or staggered junction,51.442579,Daylight,531460,173210,-0.109834,E01003174,2,3,0,1,Dry,Single carriageway,None,30,18:30:00,Urban,Fine no high winds,No,21 - 25,6,Urban area,4,1796,None,None,Other/Not known (2005-10),Approaching junction or waiting/parked at junction approach,BMW,316TI ES COMPACT AUTO,Petrol,Male,None,No tow/articulation,Did not leave carriageway,0,Waiting to go - held up,2,Car,No,Back,2010
201001LX51184,A,215,Unclassified,0,Slight,None,26-12-2010,Sunday,1,Give way or uncontrolled,T or staggered junction,51.462153,Daylight,532690,175420,-0.091318,E01004047,2,2,0,0,Wet or damp,Single carriageway,None,30,12:20:00,Urban,Fine no high winds,No,21 - 25,6,Urban area,3,2979,None,None,Other/Not known (2005-10),Cleared junction or waiting/parked at junction exit,BMW,X3 SE AUTO,Petrol,Male,None,No tow/articulation,Did not leave carriageway,0,Going ahead other,1,Car,No,Nearside,2010
201001MM70034,Unclassified,0,Unclassified,0,Slight,None,11-01-2010,Monday,1,Give way or uncontrolled,T or staggered junction,51.46503,Daylight,534590,175790,-0.063843,E01004064,1,2,0,0,Frost or ice,Single carriageway,None,30,15:02:00,Urban,Fine no high winds,No,21 - 25,6,Urban area,2,1598,None,None,Other/Not known (2005-10),Cleared junction or waiting/parked at junction exit,VAUXHALL,ASTRA CLUB TWINPORT,Petrol,Male,None,No tow/articulation,Did not leave carriageway,0,Going ahead other,2,Car,No,Front,2010
201001MM70280,A,2216,A,205,Slight,None,15-04-2010,Thursday,1,Auto traffic signal,T or staggered junction,51.443516,Daylight,534360,173390,-0.068063,E01003949,1,2,0,5,Dry,Single carriageway,None,30,13:33:00,Urban,Fine no high winds,No,21 - 25,6,Urban area,2,124,None,None,Other/Not known (2005-10),Cleared junction or waiting/parked at junction exit,PIAGGIO,NEW SKIPPER,Petrol,Male,None,No tow/articulation,Did not leave carriageway,0,Waiting to go - held up,2,Motorcycle 125cc and under,No,Back,2010
201001MM70385,A,202,Unclassified,0,Slight,None,27-05-2010,Thursday,1,Give way or uncontrolled,T or staggered junction,51.47363,Daylight,532800,176700,-0.089255,E01003913,1,2,0,0,Dry,Single carriageway,None,30,13:10:00,Urban,Fine no high winds,No,21 - 25,6,Urban area,2,599,None,None,Other/Not known (2005-10),Mid Junction - on roundabout or on main road,SUZUKI,,Petrol,Male,None,No tow/articulation,Did not leave carriageway,0,Overtaking - nearside,1,Motorcycle over 125cc and up to 500cc,No,Offside,2010
201001MM70488,A,100,A,2207,Slight,None,21-06-2010,Monday,1,Auto traffic signal,Crossroads,51.501236,Daylight,533490,179790,-0.078158,E01004027,4,2,0,5,Dry,Single carriageway,None,30,11:08:00,Urban,Fine no high winds,No,21 - 25,6,Urban area,3,1590,None,None,Other/Not known (2005-10),Mid Junction - on roundabout or on main road,HONDA,CIVIC SPORT,Petrol,Male,None,No tow/articulation,Did not leave carriageway,0,Going ahead other,2,Car,No,Front,2010
201001PL60125,Unclassified,0,A,2,Slight,None,20-02-2010,Saturday,2,Give way or uncontrolled,T or staggered junction,51.475136,Daylight,537040,176980,-0.028134,E01003207,1,2,0,4,Dry,Single carriageway,None,30,13:45:00,Urban,Fine no high winds,No,21 - 25,6,Urban area,2,1896,None,None,Other/Not known (2005-10),Mid Junction - on roundabout or on main road,AUDI,A4 TDI SE,Heavy oil,Male,None,No tow/articulation,Did not leave carriageway,0,Waiting to turn left,1,Car,No,Back,2010
201001PL60329,A,21,Unclassified,0,Slight,None,25-05-2010,Tuesday,1,Give way or uncontrolled,T or staggered junction,51.434044,Daylight,537880,172430,-0.017819,E01003223,1,2,0,0,Dry,Single carriageway,None,30,19:06:00,Urban,Fine no high winds,No,21 - 25,6,Urban area,5,1389,None,None,Other/Not known (2005-10),Mid Junction - on roundabout or on main road,VAUXHALL,CORSA DESIGN 16V AUTO,Petrol,Male,None,No tow/articulation,Did not leave carriageway,0,Turning right,1,Car,No,Nearside,2010
201001PY20456,C,0,Unclassified,0,Slight,None,28-07-2010,Wednesday,1,Give way or uncontrolled,T or staggered junction,51.370169,Daylight,545380,165530,0.087177,E01000758,1,2,0,0,Dry,Single carriageway,None,30,08:05:00,Urban,Fine no high winds,No,21 - 25,6,Urban area,10,1364,None,None,Other/Not known (2005-10),Approaching junction or waiting/parked at junction approach,VAUXHALL,CORSA SXI 16V TWINPORT,Petrol,Male,None,No tow/articulation,Did not leave carriageway,0,Going ahead other,1,Car,No,Front,2010
201001QA10272,A,409,Unclassified,0,Slight,None,20-07-2010,Tuesday,1,Give way or uncontrolled,T or staggered junction,51.588942,Daylight,515600,189110,-0.332722,E01002182,1,2,0,4,Dry,Single carriageway,None,30,14:20:00,Urban,Fine no high winds,No,21 - 25,6,Urban area,2,3199,None,None,Other/Not known (2005-10),Mid Junction - on roundabout or on main road,CHRYSLER,CROSSFIRE AUTO,Petrol,Male,None,No tow/articulation,Did not leave carriageway,0,Going ahead other,2,Car,No,Front,2010
201001QK50169,A,4000,A,404,Slight,None,12-04-2010,Monday,1,Auto traffic signal,T or staggered junction,51.53554,Daylight,521660,183310,-0.247294,E01000529,1,2,0,5,Dry,Single carriageway,None,30,16:20:00,Urban,Fine no high winds,No,21 - 25,6,Urban area,6,1600,None,None,Other/Not known (2005-10),Mid Junction - on roundabout or on main road,VOLKSWAGEN,GOLF FSI S,Petrol,Male,None,No tow/articulation,Did not leave carriageway,0,Going ahead other,2,Car,No,Offside,2010
201001QK50181,Unclassified,0,Unclassified,0,Slight,None,09-04-2010,Friday,1,Give way or uncontrolled,Crossroads,51.566203,Daylight,516910,186610,-0.314652,E01000566,3,2,0,0,Dry,Single carriageway,None,30,08:30:00,Urban,Fine no high winds,No,21 - 25,6,Data missing or out of range,NA,1590,None,None,Journey as part of work,Mid Junction - on roundabout or on main road,HONDA,CIVIC SPORT,Petrol,Male,None,No tow/articulation,Did not leave carriageway,0,Moving off,2,Car,No,Nearside,2010
201001QK50345,C,0,NA,0,Slight,None,26-06-2010,Saturday,1,Data missing or out of range,Not at junction or within 20 metres,51.559061,Daylight,521780,185930,-0.244659,E01000510,1,2,0,0,Dry,Single carriageway,None,30,18:40:00,Urban,Fine no high winds,No,21 - 25,6,Urban area,6,1390,None,None,Other/Not known (2005-10),Not at or within 20 metres of junction,VOLKSWAGEN,POLO TWIST,Petrol,Male,None,No tow/articulation,Did not leave carriageway,0,Going ahead other,2,Car,No,Nearside,2010
201001QK50399,B,454,B,454,Slight,None,03-06-2010,Thursday,1,Give way or uncontrolled,Roundabout,51.573622,Daylight,520520,187520,-0.262281,E01000623,1,2,0,0,Dry,Single carriageway,None,30,20:35:00,Urban,Fine no high winds,No,21 - 25,6,Data missing or out of range,NA,1390,None,None,Other/Not known (2005-10),Mid Junction - on roundabout or on main road,VOLKSWAGEN,DERBY S,Petrol,Male,None,No tow/articulation,Did not leave carriageway,0,Slowing or stopping,2,Car,No,Front,2010
201001RG40240,A,2213,NA,0,Slight,Any animal in carriageway (except ridden horse),02-04-2010,Friday,1,Data missing or out of range,Not at junction or within 20 metres,51.46803,Daylight,540730,176290,0.024688,E01001582,3,2,0,0,Wet or damp,Single carriageway,None,30,08:05:00,Urban,Fine no high winds,No,21 - 25,6,Urban area,5,2494,None,None,Other/Not known (2005-10),Not at or within 20 metres of junction,BMW,525I SPORT AUTO,Petrol,Male,None,No tow/articulation,Did not leave carriageway,0,Going ahead left-hand bend,2,Car,No,Front,2010
201001RG40445,A,211,NA,0,Slight,None,08-07-2010,Thursday,1,Data missing or out of range,Not at junction or within 20 metres,51.450233,Daylight,543260,174380,0.060315,E01001615,1,2,0,0,Dry,Single carriageway,None,30,12:07:00,Urban,Fine no high winds,No,21 - 25,6,Urban area,4,1390,None,None,Other/Not known (2005-10),Not at or within 20 metres of junction,RENAULT,MEGANE EXTREME 16V,Petrol,Male,None,No tow/articulation,Did not leave carriageway,0,Going ahead other,1,Car,No,Front,2010
201001RG40534,A,200,Unclassified,0,Slight,None,21-09-2010,Tuesday,1,Give way or uncontrolled,T or staggered junction,51.480946,Daylight,537540,177640,-0.020682,E01001639,1,2,0,4,Dry,Single carriageway,None,30,15:15:00,Urban,Fine no high winds,No,21 - 25,6,Urban area,3,1900,Kerb,Other permanent object,Other/Not known (2005-10),Mid Junction - on roundabout or on main road,VOLKSWAGEN,GOLF TDI SE,Heavy oil,Male,None,No tow/articulation,Straight ahead at junction,0,Turning right,2,Car,No,Offside,2010
201001RY10025,A,207,Unclassified,0,Slight,None,19-01-2010,Tuesday,1,Give way or uncontrolled,Private drive or entrance,51.461506,Daylight,546960,175740,0.114089,E01000392,1,1,0,0,Dry,Single carriageway,None,30,10:58:00,Urban,Fine no high winds,No,21 - 25,6,Urban area,4,1595,None,None,Other/Not known (2005-10),Approaching junction or waiting/parked at junction approach,AUDI,A3 SPECIAL EDITION A,Petrol,Male,None,No tow/articulation,Did not leave carriageway,9,Reversing,1,Car,No,Back,2010
201001RY10360,A,207,C,0,Slight,None,24-08-2010,Tuesday,1,Give way or uncontrolled,Roundabout,51.455299,Daylight,549050,175110,0.143887,E01000362,1,2,0,4,Dry,Dual carriageway,None,30,06:36:00,Urban,Fine no high winds,No,21 - 25,6,Urban area,5,100,None,None,Other/Not known (2005-10),Mid Junction - on roundabout or on main road,PEUGEOT,SPEEDFIGHT 100,Petrol,Male,None,No tow/articulation,Did not leave carriageway,0,Slowing or stopping,1,Motorcycle 125cc and under,No,Offside,2010
201001SX20358,A,1000,Unclassified,0,Slight,None,06-04-2010,Tuesday,1,Give way or uncontrolled,T or staggered junction,51.616299,Daylight,526320,192410,-0.176872,E01000299,1,2,0,0,Dry,Single carriageway,None,30,12:29:00,Urban,Fine no high winds,No,21 - 25,6,Data missing or out of range,NA,1998,None,None,Journey as part of work,Approaching junction or waiting/parked at junction approach,FORD,TRANSIT 280 SWB,Heavy oil,Male,None,No tow/articulation,Did not leave carriageway,0,Slowing or stopping,2,Van / Goods 3.5 tonnes mgw or under,No,Back,2010
201001SX20491,Unclassified,0,Unclassified,0,Slight,None,06-05-2010,Thursday,1,Give way or uncontrolled,T or staggered junction,51.600708,Daylight,520780,190540,-0.257493,E01000128,2,3,0,0,Dry,Single carriageway,None,30,17:10:00,Urban,Fine no high winds,No,21 - 25,6,Urban area,10,1598,Parked vehicle,None,Other/Not known (2005-10),Mid Junction - on roundabout or on main road,MINI,MINI COOPER S,Petrol,Male,None,No tow/articulation,Did not leave carriageway,0,Going ahead other,1,Car,No,Front,2010
201001SX20518,B,1453,NA,0,Slight,None,19-05-2010,Wednesday,2,Data missing or out of range,Not at junction or within 20 metres,51.630952,Daylight,528290,194090,-0.147818,E01000118,2,2,0,0,Dry,Single carriageway,None,30,15:38:00,Urban,Fine no high winds,No,21 - 25,6,Urban area,8,2979,None,None,Other/Not known (2005-10),Not at or within 20 metres of junction,BMW,330 CI SPORT AUTO,Petrol,Male,None,No tow/articulation,Did not leave carriageway,0,Waiting to go - held up,1,Car,No,Offside,2010
201001SX20905,A,1,NA,0,Slight,None,31-08-2010,Tuesday,1,Data missing or out of range,Not at junction or within 20 metres,51.598413,Daylight,523080,190340,-0.224371,E01000240,1,2,0,0,Dry,Dual carriageway,None,50,18:30:00,Urban,Fine no high winds,No,21 - 25,6,Urban area,1,1796,None,None,Other/Not known (2005-10),Not at or within 20 metres of junction,MERCEDES,C200 KOMPRESSOR SE AUTO,Petrol,Male,None,No tow/articulation,Did not leave carriageway,0,Slowing or stopping,1,Car,No,Back,2010
201001TB00121,A,1240,Unclassified,0,Slight,None,06-04-2010,Tuesday,1,Give way or uncontrolled,Crossroads,51.533641,Daylight,549090,183830,0.148144,E01000053,2,4,0,0,Dry,Single carriageway,None,30,11:20:00,Urban,Fine no high winds,No,21 - 25,6,Urban area,7,1596,None,None,Other/Not known (2005-10),Mid Junction - on roundabout or on main road,FIAT,STILO DYNAMIC 16V,Petrol,Male,None,No tow/articulation,Did not leave carriageway,0,Going ahead other,4,Car,No,Offside,2010
201001TB00129,A,598,Unclassified,0,Slight,None,28-03-2010,Sunday,1,Give way or uncontrolled,T or staggered junction,51.579216,Daylight,524960,188250,-0.197985,E01000211,1,4,0,0,Wet or damp,Single carriageway,None,30,12:45:00,Urban,Fine no high winds,No,21 - 25,6,Urban area,8,1587,None,None,Other/Not known (2005-10),Approaching junction or waiting/parked at junction approach,CITROEN,C2 GT,Petrol,Male,None,No tow/articulation,Did not leave carriageway,0,Slowing or stopping,1,Car,No,Front,2010
201001TB00154,B,453,B,453,Slight,None,18-04-2010,Sunday,2,Give way or uncontrolled,T or staggered junction,51.55202,Daylight,521510,185140,-0.248825,E01000506,1,2,0,0,Dry,Single carriageway,None,30,14:57:00,Urban,Fine no high winds,No,21 - 25,6,Urban area,5,1360,None,None,Other/Not known (2005-10),Approaching junction or waiting/parked at junction approach,PEUGEOT,307 S 90,Petrol,Male,None,No tow/articulation,Did not leave carriageway,0,Slowing or stopping,1,Car,No,Back,2010
201001TB00596,B,465,A,4020,Slight,None,07-09-2010,Tuesday,1,Give way or uncontrolled,T or staggered junction,51.526284,Daylight,508410,181980,-0.438663,E01002409,3,2,0,0,Wet or damp,Single carriageway,None,30,12:55:00,Urban,Fine no high winds,No,21 - 25,6,Data missing or out of range,NA,1995,None,None,Other/Not known (2005-10),Approaching junction or waiting/parked at junction approach,BMW,320D SPORT AUTO,Heavy oil,Male,None,No tow/articulation,Did not leave carriageway,0,Slowing or stopping,1,Car,No,Back,2010
201001TC00031,Unclassified,0,NA,0,Slight,None,24-01-2010,Sunday,1,Data missing or out of range,Not at junction or within 20 metres,51.572363,Daylight,541070,187910,0.034228,E01003796,1,3,0,0,Dry,One way street,None,30,14:30:00,Urban,Fine no high winds,No,21 - 25,6,Urban area,4,2000,None,None,Other/Not known (2005-10),Not at or within 20 metres of junction,VOLKSWAGEN,GOLF GT TDI,Heavy oil,Male,None,No tow/articulation,Did not leave carriageway,0,U-turn,3,Car,No,Front,2010
201001TW60372,B,358,C,0,Slight,None,09-11-2010,Tuesday,1,Give way or uncontrolled,Crossroads,51.431848,Daylight,515090,171620,-0.345785,E01003812,1,2,0,0,Wet or damp,Single carriageway,None,30,09:32:00,Urban,Fine no high winds,No,21 - 25,6,Urban area,9,49,None,None,Other/Not known (2005-10),Approaching junction or waiting/parked at junction approach,PIAGGIO,ZIP,Petrol,Male,None,No tow/articulation,Did not leave carriageway,0,Going ahead other,2,Motorcycle 50cc and under,No,Offside,2010
201001TW60381,B,361,Unclassified,0,Slight,None,15-11-2010,Monday,1,Give way or uncontrolled,T or staggered junction,51.453289,Daylight,515730,174020,-0.335798,E01003870,1,2,0,0,Dry,Single carriageway,None,30,10:32:00,Urban,Fine no high winds,No,21 - 25,6,Urban area,9,49,None,None,Other/Not known (2005-10),Mid Junction - on roundabout or on main road,PIAGGIO,ZIP,Petrol,Male,None,No tow/articulation,Did not leave carriageway,0,Overtaking static vehicle - offside,2,Motorcycle 50cc and under,No,Front,2010
201001TX20243,A,3006,Unclassified,0,Slight,None,25-04-2010,Sunday,1,Give way or uncontrolled,T or staggered junction,51.474769,Daylight,511710,176320,-0.392904,E01002587,1,2,0,0,Dry,Single carriageway,None,30,15:02:00,Urban,Fine no high winds,No,21 - 25,6,Urban area,4,1997,None,None,Other/Not known (2005-10),Mid Junction - on roundabout or on main road,PEUGEOT,407 SE LUXURY PACK,Heavy oil,Male,None,No tow/articulation,Did not leave carriageway,0,Turning right,2,Car,No,Front,2010
201001TX20282,A,315,Unclassified,0,Slight,None,13-05-2010,Thursday,1,Give way or uncontrolled,T or staggered junction,51.492814,Daylight,521410,178550,-0.252535,E01002570,1,2,0,0,Dry,Single carriageway,None,30,19:30:00,Urban,Fine no high winds,No,21 - 25,6,Urban area,8,125,None,None,Journey as part of work,Mid Junction - on roundabout or on main road,HONDA,ANF 125-3,Petrol,Male,None,No tow/articulation,Did not leave carriageway,0,Going ahead other,2,Motorcycle 125cc and under,No,Offside,2010
201001TX20672,Motorway,4,NA,0,Slight,None,13-10-2010,Wednesday,1,Data missing or out of range,Not at junction or within 20 metres,51.487949,Daylight,511870,177790,-0.390136,E01002638,1,3,0,0,Dry,Dual carriageway,None,60,09:45:00,Urban,Fine no high winds,No,21 - 25,6,Urban area,2,1796,None,None,Journey as part of work,Not at or within 20 metres of junction,FORD,TRAN CONNECT T200 LX D-FUEL,Gas/Bi-fuel,Male,None,No tow/articulation,Did not leave carriageway,0,Waiting to go - held up,2,Van / Goods 3.5 tonnes mgw or under,No,Back,2010
201001VK30174,A,240,NA,0,Slight,None,21-05-2010,Friday,1,Data missing or out of range,Not at junction or within 20 metres,51.378019,Daylight,519830,165740,-0.279615,E01003001,1,2,0,0,Dry,Dual carriageway,None,30,13:05:00,Urban,Fine no high winds,No,21 - 25,6,Urban area,9,599,Kerb,Lamp post,Other/Not known (2005-10),Not at or within 20 metres of junction,TRIUMPH,DAYTONA 600,Petrol,Male,None,No tow/articulation,Offside on to central reservation,0,Going ahead other,1,Motorcycle over 500cc,No,Nearside,2010
201001VW40038,Unclassified,0,Unclassified,0,Slight,None,02-02-2010,Tuesday,1,Give way or uncontrolled,T or staggered junction,51.38976,Daylight,527810,167240,-0.164475,E01003375,1,2,0,0,Dry,Single carriageway,None,30,16:53:00,Urban,Fine no high winds,No,21 - 25,6,Urban area,5,1995,None,None,Other/Not known (2005-10),Mid Junction - on roundabout or on main road,VAUXHALL,ASTRA LS DTI,Heavy oil,Male,None,No tow/articulation,Did not leave carriageway,0,Turning right,2,Car,No,Front,2010
201001VW40097,A,297,C,0,Slight,None,03-04-2010,Saturday,1,Auto traffic signal,Crossroads,51.389689,Daylight,526120,167190,-0.188769,E01003450,1,1,0,0,Dry,Single carriageway,None,30,08:35:00,Urban,Fine no high winds,No,21 - 25,6,Urban area,6,1124,Kerb,Road sign or traffic signal,Other/Not known (2005-10),Mid Junction - on roundabout or on main road,PEUGEOT,206 ZEST,Petrol,Male,None,No tow/articulation,Straight ahead at junction,0,Turning left,1,Car,No,Front,2010