Accident_Index,1st_Road_Class,1st_Road_Number,2nd_Road_Class,2nd_Road_Number,Accident_Severity,Carriageway_Hazards,Date,Day_of_Week,Did_Police_Officer_Attend_Scene_of_Accident,Junction_Control,Junction_Detail,Latitude,Light_Conditions,Location_Easting_OSGR,Location_Northing_OSGR,Longitude,LSOA_of_Accident_Location,Number_of_Casualties,Number_of_Vehicles,Pedestrian_Crossing-Human_Control,Pedestrian_Crossing-Physical_Facilities,Road_Surface_Conditions,Road_Type,Special_Conditions_at_Site,Speed_limit,Time,Urban_or_Rural_Area,Weather_Conditions,InScotland,Age_Band_of_Driver,Age_of_Vehicle,Driver_Home_Area_Type,Driver_IMD_Decile,Engine_Capacity_.CC.,Hit_Object_in_Carriageway,Hit_Object_off_Carriageway,Journey_Purpose_of_Driver,Junction_Location,make,model,Propulsion_Code,Sex_of_Driver,Skidding_and_Overturning,Towing_and_Articulation,Vehicle_Leaving_Carriageway,Vehicle_Location.Restricted_Lane,Vehicle_Manoeuvre,Vehicle_Reference,Vehicle_Type,Was_Vehicle_Left_Hand_Drive,X1st_Point_of_Impact,Year
201001WW50550,A,3205,Unclassified,0,Slight,None,23-07-2010,Friday,1,Give way or uncontrolled,Private drive or entrance,51.461631,Daylight,525920,175190,-0.188801,E01004509,1,2,0,0,Dry,Single carriageway,None,30,08:45:00,Urban,Fine no high winds,No,21 - 25,6,Rural,9,1968,None,None,Other/Not known (2005-10),Mid Junction - on roundabout or on main road,AUDI,A3 SE TDI AUTO,Heavy oil,Male,None,No tow/articulation,Did not leave carriageway,0,Turning right,1,Car,No,Front,2010
201001WW50568,A,214,Unclassified,0,Slight,None,30-07-2010,Friday,1,Give way or uncontrolled,T or staggered junction,51.437021,Daylight,527860,172500,-0.161862,E01004549,1,2,0,4,Dry,Single carriageway,None,30,15:01:00,Urban,Fine no high winds,No,21 - 25,6,Data missing or out of range,NA,124,None,None,Other/Not known (2005-10),Mid Junction - on roundabout or on main road,HONDA,XR 125 L-3,Petrol,Male,None,No tow/articulation,Did not leave carriageway,0,Going ahead other,1,Motorcycle 125cc and under,No,Nearside,2010
201001WW50603,A,217,Unclassified,0,Slight,None,20-07-2010,Tuesday,1,Give way or uncontrolled,T or staggered junction,51.429643,Daylight,527100,171660,-0.173091,E01004614,4,3,0,0,Dry,Single carriageway,None,30,20:30:00,Urban,Fine no high winds,No,21 - 25,6,Urban area,6,1796,None,None,Other/Not known (2005-10),Approaching junction or waiting/parked at junction approach,MERCEDES,C180 KOMPRESSOR SE,Petrol,Male,None,No tow/articulation,Did not leave carriageway,0,Going ahead other,3,Car,No,Nearside,2010
201001WW50634,A,217,B,235,Slight,None,16-08-2010,Monday,2,Give way or uncontrolled,Mini-roundabout,51.433697,Daylight,526250,172090,-0.185159,E01004492,2,2,0,1,Dry,Single carriageway,None,30,07:40:00,Urban,Fine no high winds,No,21 - 25,6,Urban area,5,2402,None,None,Journey as part of work,Approaching junction or waiting/parked at junction approach,FORD,TRANSIT 350 MWB TD,Heavy oil,Male,None,No tow/articulation,Did not leave carriageway,0,Waiting to turn right,1,Van / Goods 3.5 tonnes mgw or under,No,Back,2010
201001XD80277,Unclassified,0,NA,0,Slight,None,23-04-2010,Friday,1,Data missing or out of range,Not at junction or within 20 metres,51.513269,Daylight,512460,180620,-0.38074,E01001364,1,5,0,0,Dry,Single carriageway,None,30,11:30:00,Urban,Fine no high winds,No,21 - 25,6,Urban area,7,1390,None,None,Other/Not known (2005-10),Not at or within 20 metres of junction,VOLKSWAGEN,POLO S,Petrol,Male,None,No tow/articulation,Did not leave carriageway,0,Parked,5,Car,No,Back,2010
201001XD80325,C,0,C,0,Slight,None,23-04-2010,Friday,1,Auto traffic signal,T or staggered junction,51.494927,Daylight,512040,178570,-0.387441,E01001371,1,2,0,5,Dry,Single carriageway,None,30,11:00:00,Urban,Fine no high winds,No,21 - 25,6,Urban area,3,1390,None,None,Other/Not known (2005-10),Mid Junction - on roundabout or on main road,VOLKSWAGEN,POLO TWIST AUTO,Petrol,Male,None,No tow/articulation,Did not leave carriageway,0,Going ahead right-hand bend,1,Car,No,Front,2010
201001XD80325,C,0,C,0,Slight,None,23-04-2010,Friday,1,Auto traffic signal,T or staggered junction,51.494927,Daylight,512040,178570,-0.387441,E01001371,1,2,0,5,Dry,Single carriageway,None,30,11:00:00,Urban,Fine no high winds,No,21 - 25,6,Urban area,4,1753,None,None,Other/Not known (2005-10),Mid Junction - on roundabout or on main road,FORD,TRANSIT CONNECT L220 D,Heavy oil,Male,None,No tow/articulation,Did not leave carriageway,0,Turning right,2,Van / Goods 3.5 tonnes mgw or under,No,Back,2010
201001XH30085,Motorway,4,NA,0,Slight,None,11-02-2010,Thursday,1,Data missing or out of range,Not at junction or within 20 metres,51.494931,Daylight,506430,178450,-0.468259,E01002446,2,4,0,0,Dry,Dual carriageway,None,70,16:15:00,Rural,Fine no high winds,No,21 - 25,6,Urban area,10,2953,None,None,Journey as part of work,Not at or within 20 metres of junction,NISSAN,CABSTAR 34.10 SWB,Heavy oil,Male,Skidded,No tow/articulation,Did not leave carriageway,0,Going ahead other,3,Van / Goods 3.5 tonnes mgw or under,No,Front,2010
201001XH30241,A,408,Unclassified,0,Slight,None,01-04-2010,Thursday,1,Give way or uncontrolled,T or staggered junction,51.541148,Daylight,505380,183570,-0.481849,E01002521,2,2,0,1,Dry,Single carriageway,None,30,12:30:00,Urban,Fine no high winds,No,21 - 25,6,Data missing or out of range,NA,1995,None,None,Other/Not known (2005-10),Approaching junction or waiting/parked at junction approach,BMW,318D ES,Heavy oil,Male,None,No tow/articulation,Did not leave carriageway,0,U-turn,2,Car,No,Offside,2010
201001XH30818,C,0,C,0,Slight,None,26-11-2010,Friday,1,Give way or uncontrolled,Roundabout,51.507299,Daylight,509910,179900,-0.417697,E01002506,1,1,0,4,Dry,Single carriageway,None,30,14:16:00,Urban,Fine no high winds,No,21 - 25,6,Data missing or out of range,NA,1975,None,None,Other/Not known (2005-10),Cleared junction or waiting/parked at junction exit,HYUNDAI,COUPE SE,Petrol,Male,None,No tow/articulation,Did not leave carriageway,0,Going ahead other,1,Car,No,Front,2010
201001YE80478,A,406,NA,0,Slight,Other object on road,30-05-2010,Sunday,1,Data missing or out of range,Not at junction or within 20 metres,51.612283,Daylight,535110,192190,-0.050072,E01001427,3,3,0,0,Dry,Dual carriageway,Roadworks,50,08:05:00,Urban,Fine no high winds,No,21 - 25,6,Urban area,3,1360,Parked vehicle,Road sign or traffic signal,Other/Not known (2005-10),Not at or within 20 metres of junction,PEUGEOT,307 S 90,Petrol,Male,None,No tow/articulation,Nearside,0,Going ahead other,1,Car,No,Front,2010
201001YR90204,A,1055,NA,0,Slight,None,06-04-2010,Tuesday,1,Data missing or out of range,Not at junction or within 20 metres,51.589332,Daylight,534130,189610,-0.065203,E01002066,1,2,0,0,Dry,One way street,None,30,14:05:00,Urban,Fine no high winds,No,21 - 25,6,Urban area,1,1598,Kerb,None,Other/Not known (2005-10),Not at or within 20 metres of junction,RENAULT,MEGANE DYNAMIQUE 16V,Petrol,Male,None,No tow/articulation,Did not leave carriageway,0,Going ahead other,1,Car,No,Nearside,2010
201001YR90277,A,1,NA,0,Slight,None,21-04-2010,Wednesday,1,Data missing or out of range,Not at junction or within 20 metres,51.576967,Daylight,528570,188090,-0.145973,E01002007,1,2,0,0,Dry,Single carriageway,None,30,17:30:00,Urban,Fine no high winds,No,21 - 25,6,Urban area,6,698,None,None,Other/Not known (2005-10),Not at or within 20 metres of junction,SMART,ROADSTER 80 AUTO(RHD),Petrol,Male,None,No tow/articulation,Did not leave carriageway,0,U-turn,1,Car,No,Offside,2010
201001ZT80100,A,297,A,217,Slight,None,05-04-2010,Monday,1,Give way or uncontrolled,Roundabout,51.384759,Daylight,526060,166640,-0.189826,E01004129,1,2,0,1,Dry,Roundabout,None,30,12:41:00,Urban,Fine no high winds,No,21 - 25,6,Urban area,6,1975,None,None,Other/Not known (2005-10),Mid Junction - on roundabout or on main road,HYUNDAI,COUPE SE,Petrol,Male,None,No tow/articulation,Did not leave carriageway,0,Moving off,1,Car,No,Front,2010
201001ZT80274,B,271,Unclassified,0,Slight,None,16-08-2010,Monday,1,Give way or uncontrolled,T or staggered junction,51.359405,Daylight,529700,163910,-0.138541,E01004086,1,2,0,5,Dry,Single carriageway,None,30,13:00:00,Urban,Fine no high winds,No,21 - 25,6,Urban area,6,645,None,None,Commuting to/from work,Mid Junction - on roundabout or on main road,SUZUKI,SV 650 SK3,Petrol,Male,None,No tow/articulation,Did not leave carriageway,0,Overtaking moving vehicle - offside,2,Motorcycle over 500cc,No,Front,2010
201001ZT80333,C,0,Unclassified,0,Slight,None,05-10-2010,Tuesday,1,Give way or uncontrolled,T or staggered junction,51.370603,Daylight,525860,165060,-0.193258,E01004149,3,2,0,0,Dry,Single carriageway,None,30,15:13:00,Urban,Fine no high winds,No,21 - 25,6,Urban area,3,1242,None,None,Other/Not known (2005-10),Mid Junction - on roundabout or on main road,FIAT,PUNTO ACTIVE 8V,Petrol,Male,Skidded,No tow/articulation,Did not leave carriageway,0,Slowing or stopping,1,Car,No,Front,2010
201004AL10030,A,585,A,585,Slight,None,15-02-2010,Monday,1,Auto traffic signal,Crossroads,53.849526,Daylight,339340,439650,-2.923575,E01025026,1,2,0,0,Wet or damp,Single carriageway,None,50,12:33:00,Rural,Fine no high winds,No,21 - 25,6,Urban area,3,2151,None,None,Journey as part of work,Approaching junction or waiting/parked at junction approach,MERCEDES,SPRINTER 311 CDI MWB,Heavy oil,Male,None,No tow/articulation,Did not leave carriageway,0,Waiting to go - held up,1,Van / Goods 3.5 tonnes mgw or under,No,Front,2010
201004AL10173,Unclassified,0,Unclassified,0,Slight,None,23-09-2010,Thursday,1,Give way or uncontrolled,T or staggered junction,53.753791,Daylight,332570,429090,-3.024153,E01024987,1,3,0,0,Dry,Single carriageway,None,30,15:30:00,Urban,Fine no high winds,No,21 - 25,6,Small town,7,1753,None,None,Other/Not known (2005-10),Approaching junction or waiting/parked at junction approach,FORD,FOCUS ZETEC TDCI,Heavy oil,Male,None,No tow/articulation,Did not leave carriageway,0,Turning right,1,Car,No,Offside,2010
201004BC10108,Unclassified,0,Unclassified,0,Slight,None,23-05-2010,Sunday,1,Give way or uncontrolled,T or staggered junction,53.848683,Daylight,334620,439620,-2.995305,E01025598,1,2,0,0,Dry,Single carriageway,None,30,20:30:00,Urban,Fine no high winds,No,21 - 25,6,Urban area,7,2993,None,None,Other/Not known (2005-10),Approaching junction or waiting/parked at junction approach,BMW,330D SE,Heavy oil,Male,None,No tow/articulation,Did not leave carriageway,0,Turning right,2,Car,No,Offside,2010
201004DR10024,Unclassified,0,Unclassified,0,Slight,None,22-03-2010,Monday,1,Give way or uncontrolled,T or staggered junction,53.772461,Daylight,356880,430880,-2.655742,E01025284,1,2,0,0,Dry,Single carriageway,None,30,11:50:00,Urban,Fine no high winds,No,21 - 25,6,Small town,7,3900,None,None,Journey as part of work,Approaching junction or waiting/parked at junction approach,TRANSBUS INT,,Heavy oil,Male,None,No tow/articulation,Did not leave carriageway,0,Going ahead other,2,Bus or coach (17 or more pass seats),No,Nearside,2010
201004EL10052,Unclassified,0,A,679,Slight,None,22-04-2010,Thursday,1,Give way or uncontrolled,Roundabout,53.754814,Daylight,375830,428780,-2.368058,E01025041,2,2,0,0,Dry,Single carriageway,None,30,12:30:00,Urban,Fine no high winds,No,21 - 25,6,Urban area,1,1199,None,None,Other/Not known (2005-10),Approaching junction or waiting/parked at junction approach,VAUXHALL,CORSA DESIGN 16V,Petrol,Male,None,No tow/articulation,Did not leave carriageway,0,Waiting to go - held up,2,Car,No,Back,2010
201060L210472,A,548,NA,0,Slight,None,12-11-2010,Friday,1,Data missing or out of range,Not at junction or within 20 metres,53.336001,Darkness - lights lit,305690,383060,-3.417814,W01000219,2,3,0,0,Wet or damp,Single carriageway,None,30,17:10:00,Urban,Fine + high winds,No,16 - 20,5,Urban area,NA,1149,None,None,Other/Not known (2005-10),Not at or within 20 metres of junction,RENAULT,CLIO RUSH 8V,Petrol,Male,Skidded,No tow/articulation,Did not leave carriageway,0,Going ahead other,1,Car,No,Front,2010
201043R065030,A,329,Unclassified,7002,Slight,None,05-06-2020,Saturday,1,Give way or uncontrolled,Roundabout,27.09580739,Darkness - lights lit,486270,169080,93.61311233,E01016242,1,2,0,0,Dry,Roundabout,None,40,21:49:00,Urban,Fine no high winds,No,16 - 20,5,Data missing or out of range,NA,1229,None,None,Other/Not known (2005-10),Entering roundabout,VAUXHALL,CORSA SXI TWINPORT,Petrol,Male,None,No tow/articulation,Did not leave carriageway,0,Slowing or stopping,1,Car,No,Front,2019
20105500D0705,B,3074,NA,0,Slight,None,01-07-2020,Monday,1,Not at junction or within 20 metres,Not at junction or within 20 metres,26.73600231,Darkness - lights lit,398800,97730,94.23189671,E01020385,1,2,0,0,Dry,Dual carriageway,None,30,20:20:00,Urban,Fine no high winds,No,16 - 20,5,Urban area,4,49,None,None,Other/Not known (2005-10),Not at or within 20 metres of junction,PEUGEOT,SPEEDFIGHT,Petrol,Male,None,No tow/articulation,Did not leave carriageway,0,Slowing or stopping,2,Motorcycle 50cc and under,No,Back,2019
201043R247120,A,329,A,332,Slight,None,08-06-2021,Wednesday,1,Give way or uncontrolled,Roundabout,26.75371686,Darkness - lights lit,491390,168830,94.22997984,E01016524,1,2,0,0,Dry,Roundabout,None,30,22:40:00,Rural,Fine no high winds,No,16 - 20,5,Urban area,10,1796,None,None,Other/Not known (2005-10),Entering roundabout,VAUXHALL,CORSA SRI 16V,Petrol,Male,None,No tow/articulation,Did not leave carriageway,0,Slowing or stopping,2,Car,No,Front,2019
20104100G0303,A,505,Unclassified,555,Slight,None,03-08-2020,Saturday,1,Auto traffic signal,Crossroads,25.76495162,Darkness - lights lit,519890,230090,87.48045331,E01023618,1,2,0,5,Dry,Single carriageway,None,30,20:29:00,Urban,Fine no high winds,No,16 - 20,5,Urban area,7,1229,None,Other permanent object,Other/Not known (2005-10),Mid Junction - on roundabout or on main road,VAUXHALL,CORSA SXI TWINPORT,Petrol,Male,None,No tow/articulation,Nearside,0,Moving off,2,Car,No,Offside,2019
201042I075003,Unclassified,0,NA,0,Slight,None,16-03-2019,Saturday,1,Not at junction or within 20 metres,Not at junction or within 20 metres,22.09821768,Darkness - lights lit,562250,179260,82.1690652,E01015960,1,2,0,0,Dry,Single carriageway,None,30,18:20:00,Urban,Fine no high winds,No,16 - 20,5,Urban area,6,49,None,None,Other/Not known (2005-10),Not at or within 20 metres of junction,YAMAHA,YN 50 NEO'S,Petrol,Male,Skidded and overturned,No tow/articulation,Did not leave carriageway,0,Overtaking - nearside,2,Motorcycle 50cc and under,No,Did not impact,2019
201043R200010,Unclassified,7302,NA,0,Slight,None,22-07-2019,Saturday,2,Data missing or out of range,Not at junction or within 20 metres,22.1024862,Darkness - lights lit,497170,180560,82.13618406,E01016448,1,2,0,0,Dry,Single carriageway,None,30,19:30:00,Urban,Fine no high winds,No,16 - 20,5,Urban area,2,1910,None,None,Other/Not known (2005-10),Not at or within 20 metres of junction,VAUXHALL,VECTRA CLUB CDTI 8V,Heavy oil,Male,None,No tow/articulation,Did not leave carriageway,0,Reversing,1,Car,No,Nearside,2019
201042I115104,B,1420,NA,0,Slight,None,05-12-2020,Monday,1,Not at junction or within 20 metres,Not at junction or within 20 metres,15.35432883,Darkness - lights lit,570190,185170,74.12514345,E01015997,1,2,0,0,Dry,Single carriageway,None,50,23:10:00,Rural,Fine no high winds,No,16 - 20,5,Rural,7,1598,None,None,Other/Not known (2005-10),Not at or within 20 metres of junction,MINI,MINI ONE,Petrol,Male,None,No tow/articulation,Nearside,0,Slowing or stopping,1,Car,No,Back,2019
201050DE2I007,Unclassified,0,Unclassified,0,Slight,None,27-06-2021,Saturday,1,Give way or uncontrolled,Slip road,8.87140659,Darkness - lights lit,291680,92230,76.64958013,E01020016,1,1,0,0,Wet or damp,Dual carriageway,None,30,01:08:00,Urban,Fine no high winds,No,16 - 20,5,Urban area,8,1124,None,Other permanent object,Other/Not known (2005-10),Cleared junction or waiting/parked at junction exit,PEUGEOT,206 ZEST 3,Petrol,Male,Skidded,No tow/articulation,Nearside,0,Going ahead right-hand bend,1,Car,No,Offside,2020
201043P089090,Unclassified,120,Unclassified,0,Slight,None,17-05-2021,Thursday,1,Give way or uncontrolled,T or staggered junction,8.867347968,Darkness - lights lit,444440,241780,76.66544261,E01028445,1,2,0,0,Dry,Single carriageway,None,30,21:15:00,Urban,Fine no high winds,No,16 - 20,5,Urban area,5,1229,None,None,Other/Not known (2005-10),Leaving main road,VAUXHALL,CORSA SXI TWINPORT,Petrol,Male,None,No tow/articulation,Did not leave carriageway,0,Turning right,2,Car,No,Offside,2020
201045EL53032,A,317,Unclassified,0,Slight,None,04-07-2021,Sunday,1,Give way or uncontrolled,T or staggered junction,26.4651958,Darkness - lights lit,509090,164060,74.60371138,E01030349,1,2,0,0,Dry,Single carriageway,None,30,21:19:00,Urban,Fine no high winds,No,16 - 20,5,Urban area,8,124,None,None,Other/Not known (2005-10),Mid Junction - on roundabout or on main road,SUZUKI,GZ 125 K5,Petrol,Male,None,No tow/articulation,Did not leave carriageway,0,Going ahead other,2,Motorcycle over 125cc and up to 500cc,No,Front,2020
201034WS46810,A,508,C,49,Slight,None,05-01-2019,Thursday,1,Give way or uncontrolled,T or staggered junction,26.43903285,Darkness - lights lit,476640,245130,80.28263075,E01027284,1,2,0,0,Dry,Single carriageway,None,60,23:47:00,Rural,Fine no high winds,No,16 - 20,5,Urban area,6,1686,None,None,Other/Not known (2005-10),Cleared junction or waiting/parked at junction exit,VAUXHALL,ASTRA SXI CDTI 100,Heavy oil,Male,None,No tow/articulation,Did not leave carriageway,0,Overtaking moving vehicle - offside,1,Car,No,Back,2020
201042I292109,A,127,Unclassified,0,Slight,None,02-06-2021,Wednesday,2,Auto traffic signal,More than 4 arms (not roundabout),28.66750935,Darkness - lights lit,587640,186730,77.20009247,E01015899,1,2,0,5,Dry,Dual carriageway,None,30,23:57:00,Urban,Fine no high winds,No,16 - 20,5,Urban area,8,125,None,None,Other/Not known (2005-10),Cleared junction or waiting/parked at junction exit,HONDA,CBR 125 RS-5,Petrol,Male,None,No tow/articulation,Did not leave carriageway,0,Going ahead other,2,Motorcycle over 125cc and up to 500cc,No,Nearside,2020
20104100F0488,A,5183,Unclassified,378,Slight,None,29-05-2019,Sunday,1,Give way or uncontrolled,T or staggered junction,18.49615102,Darkness - lights lit,514630,207130,73.90236914,E01023743,1,1,0,4,Dry,Single carriageway,None,20,05:19:00,Urban,Fine no high winds,No,16 - 20,5,Urban area,9,1396,Bollard or refuge,Road sign or traffic signal,Other/Not known (2005-10),Approaching junction or waiting/parked at junction approach,ROVER,25 GSI,Petrol,Male,Skidded,No tow/articulation,Offside,0,Going ahead other,1,Car,No,Front,2021
20104100B0525,A,6129,A,6129,Slight,None,27-09-2019,Sunday,1,Give way or uncontrolled,Roundabout,18.63643533,Darkness - lights lit,523640,212070,73.77761319,E01023917,2,1,0,4,Dry,Single carriageway,None,30,01:27:00,Urban,Fine no high winds,No,16 - 20,5,Data missing or out of range,NA,1229,Kerb,None,Other/Not known (2005-10),Leaving roundabout,VAUXHALL,CORSA SXI TWINPORT,Petrol,Male,Overturned,No tow/articulation,Did not leave carriageway,0,Going ahead other,1,Car,No,Front,2021
201054DN23510,B,4006,B,4141,Slight,None,28-11-2020,Sunday,1,Auto traffic signal,Crossroads,19.10533654,Darkness - lights lit,416600,188160,72.83598919,E01015557,2,2,0,0,Wet or damp,Single carriageway,None,30,01:53:00,Urban,Fine no high winds,No,16 - 20,5,Urban area,9,1686,None,None,Other/Not known (2005-10),Mid Junction - on roundabout or on main road,VAUXHALL,ASTRA SXI CDTI 100,Heavy oil,Male,Skidded,No tow/articulation,Did not leave carriageway,0,Going ahead other,2,Car,No,Offside,2021
201045EL49369,Unclassified,3884,Unclassified,0,Slight,None,24-02-2021,Wednesday,1,Give way or uncontrolled,T or staggered junction,27.10007205,Darkness - lights lit,507350,164830,93.62279327,E01030374,2,2,0,0,Dry,Single carriageway,None,30,21:53:00,Urban,Fine no high winds,No,16 - 20,5,Urban area,9,1124,None,None,Other/Not known (2005-10),Approaching junction or waiting/parked at junction approach,PEUGEOT,206 ZEST,Petrol,Male,None,No tow/articulation,Did not leave carriageway,0,Turning right,2,Car,No,Back,2019
201001CW11519,A,5,Unclassified,0,Slight,None,26-07-2010,Monday,1,Give way or uncontrolled,T or staggered junction,51.52301,Darkness - lights lit,526740,182040,-0.174546,E01004702,1,2,0,1,Dry,Single carriageway,None,30,22:02:00,Urban,Fine no high winds,No,16 - 20,5,Data missing or out of range,NA,1686,None,None,Other/Not known (2005-10),Mid Junction - on roundabout or on main road,VAUXHALL,ASTRA BREEZE CDTI,Heavy oil,Male,None,No tow/articulation,Did not leave carriageway,0,Slowing or stopping,2,Car,No,Front,2010
201001JC30620,A,104,Unclassified,0,Slight,None,23-11-2010,Tuesday,1,Give way or uncontrolled,T or staggered junction,51.573921,Darkness - lights lit,537670,187990,-0.014769,E01004420,1,2,0,0,Dry,Single carriageway,None,30,20:26:00,Urban,Fine no high winds,No,16 - 20,5,Urban area,4,125,None,None,Other/Not known (2005-10),Approaching junction or waiting/parked at junction approach,HONDA,ANF 125-3,Petrol,Male,None,No tow/articulation,Did not leave carriageway,0,Going ahead other,2,Motorcycle over 125cc and up to 500cc,No,Front,2010
201001JI40130,A,1009,Unclassified,0,Slight,None,27-02-2010,Saturday,1,Auto traffic signal,Crossroads,51.604088,Darkness - lights lit,540690,191430,0.030159,E01003749,1,2,0,5,Dry,Single carriageway,None,30,23:00:00,Urban,Fine no high winds,No,16 - 20,5,Urban area,5,1229,Kerb,Road sign or traffic signal,Other/Not known (2005-10),Mid Junction - on roundabout or on main road,VAUXHALL,CORSA BREEZE,Petrol,Male,None,No tow/articulation,Nearside,0,Going ahead other,1,Car,No,Offside,2010
201001LX50277,Unclassified,0,NA,0,Slight,None,05-04-2010,Monday,1,Data missing or out of range,Not at junction or within 20 metres,51.419715,Darkness - lights lit,529670,170620,-0.136523,E01003114,1,2,0,0,Dry,Single carriageway,None,30,05:00:00,Urban,Fine no high winds,No,16 - 20,5,Urban area,3,49,Parked vehicle,None,Other/Not known (2005-10),Not at or within 20 metres of junction,PIAGGIO,ZIP,Petrol,Male,None,No tow/articulation,Did not leave carriageway,0,Going ahead other,1,Motorcycle 50cc and under,No,Front,2010
201001RG40729,A,206,NA,0,Slight,None,08-10-2010,Friday,1,Data missing or out of range,Not at junction or within 20 metres,51.479238,Darkness - lights lit,538280,177470,-0.010099,E01001641,1,2,0,0,Dry,Single carriageway,None,30,22:20:00,Urban,Fine no high winds,No,16 - 20,5,Urban area,3,125,None,None,Other/Not known (2005-10),Not at or within 20 metres of junction,HONDA,ANF 125-5,Petrol,Male,None,No tow/articulation,Did not leave carriageway,0,Overtaking moving vehicle - offside,2,Motorcycle 125cc and under,No,Offside,2010
201001SX20128,Unclassified,0,Unclassified,0,Slight,None,04-02-2010,Thursday,1,Auto traffic signal,Crossroads,51.60001,Darkness - lights lit,526020,190590,-0.181856,E01000297,1,2,0,5,Dry,Single carriageway,None,30,20:47:00,Urban,Fine no high winds,No,16 - 20,5,Urban area,8,124,None,None,Other/Not known (2005-10),Mid Junction - on roundabout or on main road,HONDA,CBR 125 RW-5,Petrol,Male,None,No tow/articulation,Did not leave carriageway,0,Going ahead other,2,Motorcycle 125cc and under,No,Back,2010
201001TA00437,A,219,C,0,Slight,None,14-12-2010,Tuesday,1,Give way or uncontrolled,T or staggered junction,51.419382,Darkness - lights lit,525150,170470,-0.201547,E01003358,1,1,0,1,Wet or damp,Single carriageway,None,30,16:45:00,Urban,Fine no high winds,No,16 - 20,5,Urban area,4,998,None,None,Other/Not known (2005-10),Cleared junction or waiting/parked at junction exit,VAUXHALL,CORSA LIFE TWINPORT,Petrol,Male,None,No tow/articulation,Did not leave carriageway,0,Going ahead other,1,Car,No,Nearside,2010
201034WS46810,A,508,C,49,Slight,None,18-11-2010,Thursday,1,Give way or uncontrolled,T or staggered junction,52.09917,Darkness - lights lit,476640,245130,-0.882567,E01027284,1,2,0,0,Dry,Single carriageway,None,60,23:47:00,Rural,Fine no high winds,No,16 - 20,5,Urban area,6,1686,None,None,Other/Not known (2005-10),Cleared junction or waiting/parked at junction exit,VAUXHALL,ASTRA SXI CDTI 100,Heavy oil,Male,None,No tow/articulation,Did not leave carriageway,0,Overtaking moving vehicle - offside,1,Car,No,Back,2010
20104100B0525,A,6129,A,6129,Slight,None,19-09-2010,Sunday,1,Give way or uncontrolled,Roundabout,51.793577,Darkness - lights lit,523640,212070,-0.208594,E01023917,2,1,0,4,Dry,Single carriageway,None,30,01:27:00,Urban,Fine no high winds,No,16 - 20,5,Data missing or out of range,NA,1229,Kerb,None,Other/Not known (2005-10),Leaving roundabout,VAUXHALL,CORSA SXI TWINPORT,Petrol,Male,Overturned,No tow/articulation,Did not leave carriageway,0,Going ahead other,1,Car,No,Front,2010
20104100F0488,A,5183,Unclassified,378,Slight,None,11-07-2010,Sunday,1,Give way or uncontrolled,T or staggered junction,51.751097,Darkness - lights lit,514630,207130,-0.34081,E01023743,1,1,0,4,Dry,Single carriageway,None,20,05:19:00,Urban,Fine no high winds,No,16 - 20,5,Urban area,9,1396,Bollard or refuge,Road sign or traffic signal,Other/Not known (2005-10),Approaching junction or waiting/parked at junction approach,ROVER,25 GSI,Petrol,Male,Skidded,No tow/articulation,Offside,0,Going ahead other,1,Car,No,Front,2010
20104100G0303,A,505,Unclassified,555,Slight,None,10-04-2010,Saturday,1,Auto traffic signal,Crossroads,51.956337,Darkness - lights lit,519890,230090,-0.25669,E01023618,1,2,0,5,Dry,Single carriageway,None,30,20:29:00,Urban,Fine no high winds,No,16 - 20,5,Urban area,7,1229,None,Other permanent object,Other/Not known (2005-10),Mid Junction - on roundabout or on main road,VAUXHALL,CORSA SXI TWINPORT,Petrol,Male,None,No tow/articulation,Nearside,0,Moving off,2,Car,No,Offside,2010
201042I075003,Unclassified,0,NA,0,Slight,None,13-03-2010,Saturday,1,Not at junction or within 20 metres,Not at junction or within 20 metres,51.488957,Darkness - lights lit,562250,179260,0.335618,E01015960,1,2,0,0,Dry,Single carriageway,None,30,18:20:00,Urban,Fine no high winds,No,16 - 20,5,Urban area,6,49,None,None,Other/Not known (2005-10),Not at or within 20 metres of junction,YAMAHA,YN 50 NEO'S,Petrol,Male,Skidded and overturned,No tow/articulation,Did not leave carriageway,0,Overtaking - nearside,2,Motorcycle 50cc and under,No,Did not impact,2010
201042I115104,B,1420,NA,0,Slight,None,12-04-2010,Monday,1,Not at junction or within 20 metres,Not at junction or within 20 metres,51.539717,Darkness - lights lit,570190,185170,0.452726,E01015997,1,2,0,0,Dry,Single carriageway,None,50,23:10:00,Rural,Fine no high winds,No,16 - 20,5,Rural,7,1598,None,None,Other/Not known (2005-10),Not at or within 20 metres of junction,MINI,MINI ONE,Petrol,Male,None,No tow/articulation,Nearside,0,Slowing or stopping,1,Car,No,Back,2010
201042I292109,A,127,Unclassified,0,Slight,None,08-09-2010,Wednesday,2,Auto traffic signal,More than 4 arms (not roundabout),51.548201,Darkness - lights lit,587640,186730,0.704898,E01015899,1,2,0,5,Dry,Dual carriageway,None,30,23:57:00,Urban,Fine no high winds,No,16 - 20,5,Urban area,8,125,None,None,Other/Not known (2005-10),Cleared junction or waiting/parked at junction exit,HONDA,CBR 125 RS-5,Petrol,Male,None,No tow/articulation,Did not leave carriageway,0,Going ahead other,2,Motorcycle over 125cc and up to 500cc,No,Nearside,2010
201043P089090,Unclassified,120,Unclassified,0,Slight,None,09-09-2010,Thursday,1,Give way or uncontrolled,T or staggered junction,52.072571,Darkness - lights lit,444440,241780,-1.353043,E01028445,1,2,0,0,Dry,Single carriageway,None,30,21:15:00,Urban,Fine no high winds,No,16 - 20,5,Urban area,5,1229,None,None,Other/Not known (2005-10),Leaving main road,VAUXHALL,CORSA SXI TWINPORT,Petrol,Male,None,No tow/articulation,Did not leave carriageway,0,Turning right,2,Car,No,Offside,2010