Accident_Index,1st_Road_Class,1st_Road_Number,2nd_Road_Class,2nd_Road_Number,Accident_Severity,Carriageway_Hazards,Date,Day_of_Week,Did_Police_Officer_Attend_Scene_of_Accident,Junction_Control,Junction_Detail,Latitude,Light_Conditions,Location_Easting_OSGR,Location_Northing_OSGR,Longitude,LSOA_of_Accident_Location,Number_of_Casualties,Number_of_Vehicles,Pedestrian_Crossing-Human_Control,Pedestrian_Crossing-Physical_Facilities,Road_Surface_Conditions,Road_Type,Special_Conditions_at_Site,Speed_limit,Time,Urban_or_Rural_Area,Weather_Conditions,InScotland,Age_Band_of_Driver,Age_of_Vehicle,Driver_Home_Area_Type,Driver_IMD_Decile,Engine_Capacity_.CC.,Hit_Object_in_Carriageway,Hit_Object_off_Carriageway,Journey_Purpose_of_Driver,Junction_Location,make,model,Propulsion_Code,Sex_of_Driver,Skidding_and_Overturning,Towing_and_Articulation,Vehicle_Leaving_Carriageway,Vehicle_Location.Restricted_Lane,Vehicle_Manoeuvre,Vehicle_Reference,Vehicle_Type,Was_Vehicle_Left_Hand_Drive,X1st_Point_of_Impact,Year
201030C000324,B,6057,B,6056,Slight,None,05-06-2010,Saturday,1,Stop sign,T or staggered junction,53.30723,Darkness - lights lit,434990,379050,-1.476355,E01019786,2,2,0,0,Dry,Single carriageway,None,30,23:20:00,Urban,Fine no high winds,No,16 - 20,5,Urban area,8,1896,None,None,Other/Not known (2005-10),Entering main road,VOLKSWAGEN,BORA HIGHLINE TDI 130,Heavy oil,Male,None,No tow/articulation,Did not leave carriageway,0,Turning right,1,Car,No,Offside,2010
201030D000164,A,511,NA,0,Slight,None,26-02-2010,Friday,1,Data missing or out of range,Not at junction or within 20 metres,52.766654,Darkness - lights lit,431770,318890,-1.530587,E01019883,1,2,0,0,Wet or damp,Single carriageway,None,30,20:10:00,Urban,Fine no high winds,No,16 - 20,5,Urban area,7,998,None,None,Other/Not known (2005-10),Not at or within 20 metres of junction,VAUXHALL,CORSA LIFE TWINPORT,Petrol,Male,None,No tow/articulation,Did not leave carriageway,0,Going ahead other,1,Car,No,Front,2010
201030D001280,A,516,A,516,Slight,None,26-12-2010,Sunday,1,Give way or uncontrolled,Roundabout,52.912147,Darkness - lights lit,432510,335080,-1.518012,E01013543,1,2,0,0,Frost or ice,Slip road,None,70,20:10:00,Rural,Fine no high winds,No,16 - 20,5,Urban area,9,1910,None,None,Journey as part of work,Leaving roundabout,VAUXHALL,ZAFIRA SRI CDTI 120,Heavy oil,Male,None,No tow/articulation,Did not leave carriageway,0,Turning left,1,Taxi/Private hire car,No,Offside,2010
20103102A3078,B,600,NA,0,Slight,None,21-11-2010,Sunday,1,Data missing or out of range,Not at junction or within 20 metres,53.070016,Darkness - lights lit,444690,352740,-1.334464,E01027960,1,4,0,0,Dry,Single carriageway,None,30,02:17:00,Rural,Fine no high winds,No,16 - 20,5,Urban area,4,1124,None,None,Other/Not known (2005-10),Not at or within 20 metres of junction,CITROEN,C2 DESIGN,Petrol,Male,None,No tow/articulation,Did not leave carriageway,0,Parked,4,Car,No,Offside,2010
20103102C2256,A,611,Unclassified,0,Slight,None,20-08-2010,Friday,1,Give way or uncontrolled,T or staggered junction,52.977824,Darkness - lights lit,456720,342610,-1.156713,E01013840,1,2,0,8,Dry,Single carriageway,None,30,20:59:00,Urban,Fine no high winds,No,16 - 20,5,Small town,6,125,None,None,Other/Not known (2005-10),Cleared junction or waiting/parked at junction exit,HONDA,CBR 125 R-5,Petrol,Male,None,No tow/articulation,Did not leave carriageway,0,Going ahead other,2,Motorcycle 125cc and under,No,Front,2010
201043W095120,A,327,Unclassified,7201,Slight,None,08-10-2019,Monday,1,Give way or uncontrolled,T or staggered junction,27.09924531,Darkness - lights lit,472390,172150,93.6138594,E01016413,1,2,0,0,Wet or damp,Single carriageway,None,30,19:44:00,Urban,Fine no high winds,No,16 - 20,5,Small town,10,1299,None,None,Other/Not known (2005-10),Approaching junction or waiting/parked at junction approach,TOYOTA,YARIS T SPIRIT AUTO,Petrol,Female,None,No tow/articulation,Did not leave carriageway,0,Turning right,1,Car,No,Front,2019
201043S165110,C,9006,Unclassified,1132,Slight,None,10-05-2019,Wednesday,1,Give way or uncontrolled,T or staggered junction,22.08404003,Darkness - lights lit,482420,241170,82.15225751,E01016841,1,2,0,0,Wet or damp,Single carriageway,None,60,17:23:00,Rural,Fine no high winds,No,16 - 20,5,Urban area,9,1587,None,None,Other/Not known (2005-10),Approaching junction or waiting/parked at junction approach,CITROEN,C2 VTS,Petrol,Female,None,No tow/articulation,Did not leave carriageway,0,Going ahead other,2,Car,No,Front,2019
201045TA52872,Motorway,23,Unclassified,0,Slight,None,08-07-2019,Sunday,1,Give way or uncontrolled,Slip road,15.26652422,Darkness - lights lit,530630,153550,74.09888134,E01030815,2,1,0,0,Dry,Slip road,None,70,20:25:00,Rural,Fine no high winds,No,16 - 20,5,Urban area,6,1149,None,Near/Offside crash barrier,Other/Not known (2005-10),Entering from slip road,RENAULT,CLIO AUTHENTIQUE,Petrol,Female,None,No tow/articulation,Nearside and rebounded,0,Changing lane to right,1,Car,No,Front,2019
20104100F0816,Unclassified,375,NA,0,Slight,None,27-09-2021,Sunday,1,Not at junction or within 20 metres,Not at junction or within 20 metres,23.01215181,Darkness - lights lit,515490,207540,72.56601774,E01023676,1,2,0,0,Dry,Single carriageway,None,30,01:47:00,Urban,Fine no high winds,No,16 - 20,5,Urban area,9,1229,Parked vehicle,None,Other/Not known (2005-10),Not at or within 20 metres of junction,VAUXHALL,CORSA SXI TWINPORT,Petrol,Female,None,No tow/articulation,Did not leave carriageway,0,Overtaking static vehicle - offside,1,Car,No,Front,2019
201043R037020,Unclassified,7408,Unclassified,7408,Slight,None,05-05-2019,Thursday,1,Auto traffic signal,Crossroads,8.891508092,Darkness - lights lit,489230,181270,76.66874962,E01016590,1,2,0,5,Dry,Single carriageway,None,30,21:10:00,Urban,Fine no high winds,No,16 - 20,5,Urban area,5,1598,None,None,Other/Not known (2005-10),Mid Junction - on roundabout or on main road,MINI,MINI ONE,Petrol,Female,None,No tow/articulation,Did not leave carriageway,0,Turning right,1,Car,No,Nearside,2020
2010400B00807,A,428,A,6,Slight,None,12-09-2019,Sunday,1,Auto traffic signal,Crossroads,28.62173001,Darkness - lights lit,504450,250110,77.10364443,E01017471,2,2,0,1,Dry,Single carriageway,None,30,23:40:00,Urban,Fine no high winds,No,16 - 20,5,Small town,10,1299,None,Road sign or traffic signal,Other/Not known (2005-10),Mid Junction - on roundabout or on main road,FORD,KA,Petrol,Female,None,No tow/articulation,Did not leave carriageway,0,Going ahead other,2,Car,No,Nearside,2020
20104100E0574,A,602,NA,0,Slight,None,28-06-2021,Tuesday,1,Not at junction or within 20 metres,Not at junction or within 20 metres,28.59690485,Darkness - lights lit,523620,223890,77.08796607,E01023758,1,4,0,0,Frost or ice,Dual carriageway,None,40,17:40:00,Urban,Fine no high winds,No,16 - 20,5,Small town,10,1299,None,None,Other/Not known (2005-10),Not at or within 20 metres of junction,FORD,KA COLLECTION,Petrol,Female,None,No tow/articulation,Did not leave carriageway,0,Slowing or stopping,1,Car,No,Front,2020
201043S048110,C,147,Unclassified,1069,Slight,None,20-03-2019,Tuesday,1,Give way or uncontrolled,T or staggered junction,28.6145392,Darkness - lights lit,485500,237280,77.25093582,E01016847,2,3,0,0,Dry,Single carriageway,None,60,17:23:00,Urban,Fine no high winds,No,16 - 20,5,Urban area,7,1229,None,None,Other/Not known (2005-10),Mid Junction - on roundabout or on main road,VAUXHALL,CORSA LIFE TWINPORT,Petrol,Female,None,No tow/articulation,Did not leave carriageway,0,Going ahead other,2,Car,No,Front,2021
201043R160110,A,4,Unclassified,7302,Slight,None,19-11-2019,Monday,1,Give way or uncontrolled,Private drive or entrance,27.1014071,Darkness - lights lit,494970,180970,93.61494766,E01016486,1,2,0,0,Dry,Single carriageway,None,30,18:29:00,Urban,Fine no high winds,No,16 - 20,5,Urban area,10,1149,None,None,Other/Not known (2005-10),Approaching junction or waiting/parked at junction approach,RENAULT,CLIO RUSH 8V,Petrol,Female,None,No tow/articulation,Did not leave carriageway,0,Turning right,2,Car,No,Offside,2019
2010400D03413,A,5,B,4540,Slight,None,05-09-2019,Thursday,1,Give way or uncontrolled,Other junction,27.08991604,Darkness - lights lit,504980,217970,93.61186881,E01017586,2,2,0,0,Wet or damp,Single carriageway,None,60,20:29:00,Rural,Fine no high winds,No,16 - 20,5,Rural,8,1149,None,None,Other/Not known (2005-10),Mid Junction - on roundabout or on main road,RENAULT,CLIO CAMPUS,Petrol,Female,None,No tow/articulation,Did not leave carriageway,0,Turning right,1,Car,No,Front,2019
201001ID60040,Unclassified,0,NA,0,Slight,None,01-09-2010,Wednesday,1,Data missing or out of range,Not at junction or within 20 metres,51.470865,Darkness - lights lit,504860,175740,-0.491671,E01002444,1,2,0,0,Dry,Single carriageway,None,30,22:40:00,Urban,Fine no high winds,No,16 - 20,5,Urban area,8,1598,None,None,Other/Not known (2005-10),Not at or within 20 metres of junction,MINI,MINI ONE,Petrol,Female,None,No tow/articulation,Did not leave carriageway,0,U-turn,2,Car,No,Offside,2010
201001MM71127,A,215,C,0,Slight,None,01-12-2010,Wednesday,2,Give way or uncontrolled,T or staggered junction,51.479289,Darkness - lights lit,532430,177320,-0.094347,E01003924,1,2,0,0,Frost or ice,Single carriageway,None,30,17:02:00,Urban,Fine no high winds,No,16 - 20,5,Urban area,2,1242,None,None,Other/Not known (2005-10),Mid Junction - on roundabout or on main road,FIAT,PUNTO ACTIVE 8V,Petrol,Female,None,No tow/articulation,Did not leave carriageway,0,Turning right,2,Car,No,Nearside,2010
201001PL60677,Unclassified,0,Unclassified,0,Slight,None,08-10-2010,Friday,1,Give way or uncontrolled,Private drive or entrance,51.428527,Darkness - lights lit,541670,171920,0.036464,E01003267,1,2,0,0,Dry,Single carriageway,None,20,19:50:00,Urban,Fine no high winds,No,16 - 20,5,Urban area,2,1587,Kerb,Lamp post,Other/Not known (2005-10),Entering main road,PEUGEOT,307 SE,Petrol,Female,None,No tow/articulation,Offside,0,Reversing,1,Car,No,Nearside,2010
201001TB00521,A,111,Unclassified,0,Slight,None,01-09-2010,Wednesday,1,Auto traffic signal,T or staggered junction,51.617306,Darkness - lights lit,532500,192680,-0.087559,E01001499,3,2,0,5,Dry,Single carriageway,None,30,00:50:00,Urban,Fine no high winds,No,16 - 20,5,Urban area,9,1598,None,None,Other/Not known (2005-10),Mid Junction - on roundabout or on main road,MINI,MINI ONE AUTO,Petrol,Female,None,No tow/articulation,Did not leave carriageway,0,Going ahead other,2,Car,No,Front,2010
2010400B00807,A,428,A,6,Slight,None,14-03-2010,Sunday,1,Auto traffic signal,Crossroads,52.139381,Darkness - lights lit,504450,250110,-0.475179,E01017471,2,2,0,1,Dry,Single carriageway,None,30,23:40:00,Urban,Fine no high winds,No,16 - 20,5,Small town,10,1299,None,Road sign or traffic signal,Other/Not known (2005-10),Mid Junction - on roundabout or on main road,FORD,KA,Petrol,Female,None,No tow/articulation,Did not leave carriageway,0,Going ahead other,2,Car,No,Nearside,2010
2010400D03413,A,5,B,4540,Slight,None,18-11-2010,Thursday,1,Give way or uncontrolled,Other junction,51.850417,Darkness - lights lit,504980,217970,-0.477271,E01017586,2,2,0,0,Wet or damp,Single carriageway,None,60,20:29:00,Rural,Fine no high winds,No,16 - 20,5,Rural,8,1149,None,None,Other/Not known (2005-10),Mid Junction - on roundabout or on main road,RENAULT,CLIO CAMPUS,Petrol,Female,None,No tow/articulation,Did not leave carriageway,0,Turning right,1,Car,No,Front,2010
20104100E0574,A,602,NA,0,Slight,None,07-12-2010,Tuesday,1,Not at junction or within 20 metres,Not at junction or within 20 metres,51.899805,Darkness - lights lit,523620,223890,-0.204661,E01023758,1,4,0,0,Frost or ice,Dual carriageway,None,40,17:40:00,Urban,Fine no high winds,No,16 - 20,5,Small town,10,1299,None,None,Other/Not known (2005-10),Not at or within 20 metres of junction,FORD,KA COLLECTION,Petrol,Female,None,No tow/articulation,Did not leave carriageway,0,Slowing or stopping,1,Car,No,Front,2010
20104100F0816,Unclassified,375,NA,0,Slight,None,24-10-2010,Sunday,1,Not at junction or within 20 metres,Not at junction or within 20 metres,51.754605,Darkness - lights lit,515490,207540,-0.328221,E01023676,1,2,0,0,Dry,Single carriageway,None,30,01:47:00,Urban,Fine no high winds,No,16 - 20,5,Urban area,9,1229,Parked vehicle,None,Other/Not known (2005-10),Not at or within 20 metres of junction,VAUXHALL,CORSA SXI TWINPORT,Petrol,Female,None,No tow/articulation,Did not leave carriageway,0,Overtaking static vehicle - offside,1,Car,No,Front,2010
201043R037020,Unclassified,7408,Unclassified,7408,Slight,None,04-02-2010,Thursday,1,Auto traffic signal,Crossroads,51.523255,Darkness - lights lit,489230,181270,-0.715243,E01016590,1,2,0,5,Dry,Single carriageway,None,30,21:10:00,Urban,Fine no high winds,No,16 - 20,5,Urban area,5,1598,None,None,Other/Not known (2005-10),Mid Junction - on roundabout or on main road,MINI,MINI ONE,Petrol,Female,None,No tow/articulation,Did not leave carriageway,0,Turning right,1,Car,No,Nearside,2010
201043R160110,A,4,Unclassified,7302,Slight,None,01-11-2010,Monday,1,Give way or uncontrolled,Private drive or entrance,51.519623,Darkness - lights lit,494970,180970,-0.632611,E01016486,1,2,0,0,Dry,Single carriageway,None,30,18:29:00,Urban,Fine no high winds,No,16 - 20,5,Urban area,10,1149,None,None,Other/Not known (2005-10),Approaching junction or waiting/parked at junction approach,RENAULT,CLIO RUSH 8V,Petrol,Female,None,No tow/articulation,Did not leave carriageway,0,Turning right,2,Car,No,Offside,2010
201043S048110,C,147,Unclassified,1069,Slight,None,09-11-2010,Tuesday,1,Give way or uncontrolled,T or staggered junction,52.027312,Darkness - lights lit,485500,237280,-0.755216,E01016847,2,3,0,0,Dry,Single carriageway,None,60,17:23:00,Urban,Fine no high winds,No,16 - 20,5,Urban area,7,1229,None,None,Other/Not known (2005-10),Mid Junction - on roundabout or on main road,VAUXHALL,CORSA LIFE TWINPORT,Petrol,Female,None,No tow/articulation,Did not leave carriageway,0,Going ahead other,2,Car,No,Front,2010
201043S165110,C,9006,Unclassified,1132,Slight,None,24-11-2010,Wednesday,1,Give way or uncontrolled,T or staggered junction,52.062744,Darkness - lights lit,482420,241170,-0.799161,E01016841,1,2,0,0,Wet or damp,Single carriageway,None,60,17:23:00,Rural,Fine no high winds,No,16 - 20,5,Urban area,9,1587,None,None,Other/Not known (2005-10),Approaching junction or waiting/parked at junction approach,CITROEN,C2 VTS,Petrol,Female,None,No tow/articulation,Did not leave carriageway,0,Going ahead other,2,Car,No,Front,2010
201043W095120,A,327,Unclassified,7201,Slight,None,13-12-2010,Monday,1,Give way or uncontrolled,T or staggered junction,51.443671,Darkness - lights lit,472390,172150,-0.959795,E01016413,1,2,0,0,Wet or damp,Single carriageway,None,30,19:44:00,Urban,Fine no high winds,No,16 - 20,5,Small town,10,1299,None,None,Other/Not known (2005-10),Approaching junction or waiting/parked at junction approach,TOYOTA,YARIS T SPIRIT AUTO,Petrol,Female,None,No tow/articulation,Did not leave carriageway,0,Turning right,1,Car,No,Front,2010
201045TA52872,Motorway,23,Unclassified,0,Slight,None,01-08-2010,Sunday,1,Give way or uncontrolled,Slip road,51.266085,Darkness - lights lit,530630,153550,-0.128984,E01030815,2,1,0,0,Dry,Slip road,None,70,20:25:00,Rural,Fine no high winds,No,16 - 20,5,Urban area,6,1149,None,Near/Offside crash barrier,Other/Not known (2005-10),Entering from slip road,RENAULT,CLIO AUTHENTIQUE,Petrol,Female,None,No tow/articulation,Nearside and rebounded,0,Changing lane to right,1,Car,No,Front,2010
201060L220281,A,525,Unclassified,0,Slight,None,28-11-2010,Sunday,2,Auto traffic signal,Crossroads,53.317061,Darkness - lights lit,301370,381040,-3.482039,W01000236,1,2,0,5,Wet or damp,Single carriageway,None,30,22:22:00,Urban,Fine no high winds,No,16 - 20,5,Urban area,NA,1328,None,None,Other/Not known (2005-10),Mid Junction - on roundabout or on main road,SUZUKI,SWIFT GL,Petrol,Female,None,No tow/articulation,Did not leave carriageway,0,Going ahead other,2,Car,No,Back,2010
201001ID60040,Unclassified,0,NA,0,Slight,None,01-09-2010,Wednesday,1,Data missing or out of range,Not at junction or within 20 metres,51.470865,Darkness - lights lit,504860,175740,-0.491671,E01002444,1,2,0,0,Dry,Single carriageway,None,30,22:40:00,Urban,Fine no high winds,No,16 - 20,5,Urban area,8,1598,None,None,Other/Not known (2005-10),Not at or within 20 metres of junction,MINI,MINI ONE,Petrol,Female,None,No tow/articulation,Did not leave carriageway,0,U-turn,2,Car,No,Offside,2010
201001MM71127,A,215,C,0,Slight,None,01-12-2010,Wednesday,2,Give way or uncontrolled,T or staggered junction,51.479289,Darkness - lights lit,532430,177320,-0.094347,E01003924,1,2,0,0,Frost or ice,Single carriageway,None,30,17:02:00,Urban,Fine no high winds,No,16 - 20,5,Urban area,2,1242,None,None,Other/Not known (2005-10),Mid Junction - on roundabout or on main road,FIAT,PUNTO ACTIVE 8V,Petrol,Female,None,No tow/articulation,Did not leave carriageway,0,Turning right,2,Car,No,Nearside,2010
201001PL60677,Unclassified,0,Unclassified,0,Slight,None,08-10-2010,Friday,1,Give way or uncontrolled,Private drive or entrance,51.428527,Darkness - lights lit,541670,171920,0.036464,E01003267,1,2,0,0,Dry,Single carriageway,None,20,19:50:00,Urban,Fine no high winds,No,16 - 20,5,Urban area,2,1587,Kerb,Lamp post,Other/Not known (2005-10),Entering main road,PEUGEOT,307 SE,Petrol,Female,None,No tow/articulation,Offside,0,Reversing,1,Car,No,Nearside,2010
201001TB00521,A,111,Unclassified,0,Slight,None,01-09-2010,Wednesday,1,Auto traffic signal,T or staggered junction,51.617306,Darkness - lights lit,532500,192680,-0.087559,E01001499,3,2,0,5,Dry,Single carriageway,None,30,00:50:00,Urban,Fine no high winds,No,16 - 20,5,Urban area,9,1598,None,None,Other/Not known (2005-10),Mid Junction - on roundabout or on main road,MINI,MINI ONE AUTO,Petrol,Female,None,No tow/articulation,Did not leave carriageway,0,Going ahead other,2,Car,No,Front,2010
201001TX20266,A,4,A,4,Slight,None,04-05-2010,Tuesday,1,Auto traffic signal,Roundabout,51.486889,Darkness - lights lit,521380,177890,-0.253194,E01002569,1,3,0,0,Dry,Single carriageway,None,30,19:53:00,Urban,Fine no high winds,No,16 - 20,5,Urban area,6,1229,None,None,Other/Not known (2005-10),Approaching junction or waiting/parked at junction approach,VAUXHALL,CORSA LIFE TWINPORT,Petrol,Female,None,No tow/articulation,Did not leave carriageway,0,Going ahead other,1,Car,No,Front,2010
201001ZD30868,A,236,Unclassified,0,Slight,None,21-10-2010,Thursday,1,Give way or uncontrolled,T or staggered junction,51.376905,Darkness - lights lit,531760,165910,-0.10823,E01001014,1,2,0,0,Dry,Dual carriageway,None,40,18:09:00,Urban,Fine no high winds,No,16 - 20,5,Urban area,2,49,None,None,Other/Not known (2005-10),Approaching junction or waiting/parked at junction approach,PEUGEOT,SPEEDFIGHT,Petrol,Female,None,No tow/articulation,Did not leave carriageway,0,Turning left,1,Motorcycle 125cc and under,No,Nearside,2010
201004AX10139,Unclassified,0,Unclassified,0,Slight,None,28-12-2010,Tuesday,1,Auto traffic signal,T or staggered junction,53.820715,Darkness - lights lit,331000,436560,-3.049634,E01012681,2,2,0,0,Wet or damp,One way street,None,30,17:15:00,Urban,Fine no high winds,No,16 - 20,5,Urban area,7,1229,None,None,Other/Not known (2005-10),Approaching junction or waiting/parked at junction approach,VAUXHALL,CORSA SXI TWINPORT,Petrol,Female,None,No tow/articulation,Did not leave carriageway,0,Waiting to go - held up,2,Car,No,Back,2010
201004BA10186,A,6,Motorway,6,Slight,None,05-11-2010,Friday,1,Give way or uncontrolled,Roundabout,53.981111,Darkness - lights lit,348610,454180,-2.785124,E01025105,1,2,0,0,Dry,Roundabout,None,60,18:00:00,Rural,Fine no high winds,No,16 - 20,5,Rural,8,1198,None,None,Commuting to/from work,Entering roundabout,VOLKSWAGEN,POLO E,Petrol,Female,None,No tow/articulation,Did not leave carriageway,0,Waiting to go - held up,2,Car,No,Back,2010
201005EE04705,Unclassified,0,NA,0,Slight,None,09-08-2010,Monday,1,Data missing or out of range,Not at junction or within 20 metres,53.442005,Darkness - lights lit,339770,394300,-2.908239,E01006672,2,2,0,0,Dry,Single carriageway,None,30,21:35:00,Urban,Fine no high winds,No,16 - 20,5,Urban area,1,1299,None,None,Other/Not known (2005-10),Not at or within 20 metres of junction,FORD,KA COLLECTION,Petrol,Female,None,No tow/articulation,Did not leave carriageway,0,Turning right,2,Car,No,Offside,2010
201006A028256,Unclassified,0,Unclassified,0,Slight,None,20-02-2010,Saturday,1,Give way or uncontrolled,Crossroads,53.491771,Darkness - lights lit,383940,399480,-2.243538,E01005144,1,2,0,0,Dry,Single carriageway,None,30,23:09:00,Urban,Fine no high winds,No,16 - 20,5,Urban area,7,1124,None,None,Other/Not known (2005-10),Mid Junction - on roundabout or on main road,PEUGEOT,206 SPORT,Petrol,Female,None,No tow/articulation,Did not leave carriageway,0,Going ahead other,2,Car,No,Offside,2010
201006J036609,C,0,Unclassified,0,Slight,None,22-09-2010,Wednesday,1,Give way or uncontrolled,T or staggered junction,53.392845,Darkness - lights lit,388910,388460,-2.168237,E01005763,5,2,0,4,Wet or damp,Single carriageway,None,30,18:50:00,Urban,Fine no high winds,No,16 - 20,5,Urban area,1,1299,None,None,Other/Not known (2005-10),Entering main road,FORD,KA DESIGN,Petrol,Female,None,No tow/articulation,Did not leave carriageway,0,Turning right,1,Car,No,Offside,2010
201011NF04830,Unclassified,0,NA,0,Slight,None,17-02-2010,Wednesday,1,Data missing or out of range,Not at junction or within 20 metres,54.836744,Darkness - lights lit,442510,549300,-1.339662,E01020784,1,1,0,1,Wet or damp,Single carriageway,None,30,18:58:00,Urban,Fine no high winds,No,16 - 20,5,Urban area,5,1124,None,None,Other/Not known (2005-10),Not at or within 20 metres of junction,PEUGEOT,206 ZEST,Petrol,Female,None,No tow/articulation,Did not leave carriageway,0,Going ahead other,1,Car,No,Front,2010
201011SB05930,A,689,Unclassified,0,Slight,None,06-03-2010,Saturday,1,Give way or uncontrolled,T or staggered junction,54.703658,Darkness - lights lit,416300,534320,-1.748567,E01020887,1,1,0,0,Wet or damp,Single carriageway,None,60,22:45:00,Rural,Fine no high winds,No,16 - 20,5,Small town,6,1896,None,Road sign or traffic signal,Journey as part of work,Approaching junction or waiting/parked at junction approach,SKODA,FABIA VRS TDI PD 130,Heavy oil,Female,Skidded,No tow/articulation,Offside,0,Going ahead left-hand bend,1,Car,No,Back,2010
201014B013410,A,61,Unclassified,0,Slight,None,01-02-2010,Monday,1,Give way or uncontrolled,T or staggered junction,53.47659,Darkness - lights lit,433310,397880,-1.499585,E01007421,1,2,0,0,Wet or damp,Single carriageway,None,60,22:40:00,Rural,Fine no high winds,No,16 - 20,5,Urban area,6,1229,None,None,Other/Not known (2005-10),Approaching junction or waiting/parked at junction approach,VAUXHALL,CORSA DESIGN TWINPORT,Petrol,Female,None,No tow/articulation,Did not leave carriageway,0,Turning right,2,Car,No,Front,2010
2010160A01101,Unclassified,0,A,180,Slight,None,20-01-2010,Wednesday,1,Give way or uncontrolled,Roundabout,53.574581,Darkness - lights lit,526130,410350,-0.096565,E01013218,5,5,0,0,Dry,Roundabout,None,30,17:15:00,Urban,Fine no high winds,No,16 - 20,5,Small town,8,1124,None,None,Other/Not known (2005-10),Cleared junction or waiting/parked at junction exit,PEUGEOT,206 SPORT,Petrol,Female,None,No tow/articulation,Did not leave carriageway,0,Waiting to go - held up,4,Car,No,Back,2010
201020D070913,Unclassified,0,A,45,Slight,None,15-03-2010,Monday,2,Give way or uncontrolled,Roundabout,52.464514,Darkness - lights lit,410960,285190,-1.840116,E01009335,3,2,0,0,Dry,Single carriageway,None,30,21:00:00,Urban,Fine no high winds,No,16 - 20,5,Urban area,4,1363,None,None,Other/Not known (2005-10),Approaching junction or waiting/parked at junction approach,TOYOTA,YARIS T SPIRIT D-4D,Heavy oil,Female,None,No tow/articulation,Did not leave carriageway,0,Waiting to go - held up,2,Car,No,Back,2010
201020L010980,B,425,NA,0,Slight,None,25-08-2010,Wednesday,1,Data missing or out of range,Not at junction or within 20 metres,52.417932,Darkness - lights lit,415300,280020,-1.776471,E01010226,1,1,0,0,Wet or damp,Single carriageway,None,30,02:18:00,Urban,Fine no high winds,No,16 - 20,5,Urban area,9,1461,None,None,Other/Not known (2005-10),Not at or within 20 metres of junction,RENAULT,CLIO EXPRESSION DCI 65,Heavy oil,Female,None,No tow/articulation,Did not leave carriageway,0,Going ahead other,1,Car,No,Nearside,2010
201020L016211,Unclassified,0,Unclassified,0,Slight,None,19-01-2010,Tuesday,1,Give way or uncontrolled,T or staggered junction,52.472489,Darkness - lights lit,418610,286100,-1.727465,E01010131,1,2,0,0,Wet or damp,Single carriageway,None,30,18:20:00,Urban,Fine no high winds,No,16 - 20,5,Urban area,2,998,None,None,Other/Not known (2005-10),Approaching junction or waiting/parked at junction approach,VAUXHALL,CORSA LIFE TWINPORT,Petrol,Female,None,No tow/articulation,Nearside,0,Going ahead other,2,Car,No,Offside,2010
201020M011840,A,428,B,4082,Slight,None,03-11-2010,Wednesday,1,Auto traffic signal,T or staggered junction,52.402465,Darkness - lights lit,437730,278420,-1.446858,E01009718,1,3,0,5,Wet or damp,Single carriageway,None,30,19:10:00,Urban,Fine no high winds,No,16 - 20,5,Rural,7,1229,None,None,Other/Not known (2005-10),Approaching junction or waiting/parked at junction approach,VAUXHALL,CORSA SXI+ 16V,Petrol,Female,Skidded,No tow/articulation,Did not leave carriageway,0,Going ahead other,1,Car,No,Front,2010
201020N024270,Unclassified,0,Unclassified,0,Slight,None,17-07-2010,Saturday,1,Give way or uncontrolled,Mini-roundabout,52.518836,Darkness - lights lit,409820,291230,-1.85672,E01009412,1,2,0,0,Dry,Roundabout,None,30,01:07:00,Urban,Fine no high winds,No,16 - 20,5,Urban area,1,1198,None,None,Commuting to/from work,Entering roundabout,VOLKSWAGEN,POLO E 55,Petrol,Female,None,No tow/articulation,Did not leave carriageway,0,Going ahead other,1,Car,No,Front,2010
20103102A0903,A,38,B,6018,Slight,None,20-01-2010,Wednesday,1,Auto traffic signal,Crossroads,53.113491,Darkness - lights lit,449120,357620,-1.267607,E01027974,1,2,0,5,Dry,Dual carriageway,None,30,21:36:00,Urban,Fine no high winds,No,16 - 20,5,Rural,6,1124,None,None,Other/Not known (2005-10),Entering main road,MITSUBISHI,COLT RED,Petrol,Female,None,No tow/articulation,Did not leave carriageway,0,Turning right,1,Car,No,Offside,2010
20103102A2131,A,38,NA,0,Slight,None,21-09-2010,Tuesday,1,Data missing or out of range,Not at junction or within 20 metres,53.110588,Darkness - lights lit,446410,357270,-1.308142,E01027990,1,1,0,0,Dry,Dual carriageway,None,70,23:01:00,Rural,Fine no high winds,No,16 - 20,5,Urban area,3,1999,Kerb,Entered ditch,Journey as part of work,Not at or within 20 metres of junction,FORD,FIESTA ST,Petrol,Female,Overturned,No tow/articulation,Nearside,0,Going ahead other,1,Car,No,Front,2010
201032C358110,A,52,NA,0,Slight,None,23-11-2010,Tuesday,1,Data missing or out of range,Not at junction or within 20 metres,52.97538,Darkness - lights lit,532330,343820,-0.030662,E01026030,1,2,0,0,Dry,Single carriageway,None,30,17:00:00,Urban,Fine no high winds,No,16 - 20,5,Small town,6,1299,None,None,Other/Not known (2005-10),Not at or within 20 metres of junction,FORD,KA,Petrol,Female,None,No tow/articulation,Did not leave carriageway,0,Going ahead other,1,Car,No,Offside,2010