Accident_Index,1st_Road_Class,1st_Road_Number,2nd_Road_Class,2nd_Road_Number,Accident_Severity,Carriageway_Hazards,Date,Day_of_Week,Did_Police_Officer_Attend_Scene_of_Accident,Junction_Control,Junction_Detail,Latitude,Light_Conditions,Location_Easting_OSGR,Location_Northing_OSGR,Longitude,LSOA_of_Accident_Location,Number_of_Casualties,Number_of_Vehicles,Pedestrian_Crossing-Human_Control,Pedestrian_Crossing-Physical_Facilities,Road_Surface_Conditions,Road_Type,Special_Conditions_at_Site,Speed_limit,Time,Urban_or_Rural_Area,Weather_Conditions,InScotland,Age_Band_of_Driver,Age_of_Vehicle,Driver_Home_Area_Type,Driver_IMD_Decile,Engine_Capacity_.CC.,Hit_Object_in_Carriageway,Hit_Object_off_Carriageway,Journey_Purpose_of_Driver,Junction_Location,make,model,Propulsion_Code,Sex_of_Driver,Skidding_and_Overturning,Towing_and_Articulation,Vehicle_Leaving_Carriageway,Vehicle_Location.Restricted_Lane,Vehicle_Manoeuvre,Vehicle_Reference,Vehicle_Type,Was_Vehicle_Left_Hand_Drive,X1st_Point_of_Impact,Year
201001ZD30779,Unclassified,0,Unclassified,0,Slight,None,23-09-2010,Thursday,1,Give way or uncontrolled,T or staggered junction,51.379083,Daylight,533210,166190,-0.087304,E01000976,1,2,0,0,Wet or damp,Single carriageway,None,30,21:20:00,Urban,Fine no high winds,No,16 - 20,5,Urban area,2,125,None,None,Journey as part of work,Approaching junction or waiting/parked at junction approach,HONDA,ANF 125-5,Petrol,Male,None,No tow/articulation,Did not leave carriageway,0,Going ahead other,1,Motorcycle 125cc and under,No,Front,2010
201001ZT80152,B,2230,B,2218,Slight,None,18-05-2010,Tuesday,1,Give way or uncontrolled,More than 4 arms (not roundabout),51.347611,Daylight,525790,162500,-0.195168,E01004090,2,4,0,4,Dry,Single carriageway,None,30,17:45:00,Urban,Fine no high winds,No,16 - 20,5,Urban area,7,1560,None,None,Other/Not known (2005-10),Mid Junction - on roundabout or on main road,FORD,FIESTA ZETEC S TDCI,Heavy oil,Male,None,No tow/articulation,Did not leave carriageway,0,Going ahead other,2,Car,No,Offside,2010
201004AL10051,B,5260,NA,0,Slight,None,16-03-2010,Tuesday,1,Data missing or out of range,Not at junction or within 20 metres,53.836454,Daylight,338230,438210,-2.940155,E01025026,1,2,0,0,Dry,Single carriageway,Mud,30,13:34:00,Rural,Fine no high winds,No,16 - 20,5,Rural,7,NA,None,None,Journey as part of work,Not at or within 20 metres of junction,NEW HOLLAND,,Heavy oil,Male,None,Single trailer,Did not leave carriageway,0,Turning right,2,Agricultural vehicle,No,Offside,2010
201004BB10071,B,6254,NA,0,Slight,None,08-04-2010,Thursday,1,Data missing or out of range,Not at junction or within 20 metres,54.170568,Daylight,359830,475150,-2.616833,E01025167,1,1,0,0,Dry,Single carriageway,None,60,12:40:00,Rural,Fine no high winds,No,16 - 20,5,Rural,8,998,None,Other permanent object,Other/Not known (2005-10),Not at or within 20 metres of junction,TOYOTA,YARIS COLOUR COLLECTION,Petrol,Male,Skidded,No tow/articulation,Nearside and rebounded,0,Going ahead other,1,Car,No,Front,2010
201004BB10150,A,6,Unclassified,0,Slight,None,30-08-2010,Monday,1,Give way or uncontrolled,Roundabout,54.137226,Daylight,350570,471530,-2.758073,E01025169,1,2,0,0,Dry,Roundabout,None,50,17:38:00,Rural,Fine no high winds,No,16 - 20,5,Urban area,5,1198,None,None,Other/Not known (2005-10),Entering roundabout,SEAT,IBIZA REFERENCE,Petrol,Male,None,No tow/articulation,Did not leave carriageway,0,Slowing or stopping,2,Car,No,Front,2010
201004CC10115,A,673,Unclassified,0,Slight,None,25-10-2010,Monday,1,Give way or uncontrolled,T or staggered junction,53.624229,Daylight,359950,414360,-2.607024,E01024973,1,2,0,0,Dry,Single carriageway,None,30,17:40:00,Rural,Fine no high winds,No,16 - 20,5,Small town,8,49,None,None,Other/Not known (2005-10),Approaching junction or waiting/parked at junction approach,PIAGGIO,NRG,Petrol,Male,None,No tow/articulation,Did not leave carriageway,0,Waiting to go - held up,2,Motorcycle 50cc and under,No,Offside,2010
201004CL10040,Unclassified,0,B,5248,Slight,None,19-05-2010,Wednesday,1,Auto traffic signal,Other junction,53.68693,Daylight,356180,421370,-2.665012,E01025432,1,2,0,0,Dry,Dual carriageway,None,50,09:40:00,Rural,Fine no high winds,No,16 - 20,5,Urban area,2,1590,None,None,Commuting to/from work,Mid Junction - on roundabout or on main road,HONDA,CIVIC SPORT,Petrol,Male,Skidded,No tow/articulation,Did not leave carriageway,0,Going ahead right-hand bend,1,Car,No,Offside,2010
201004DR10029,B,6243,Unclassified,0,Slight,None,21-04-2010,Wednesday,1,Give way or uncontrolled,T or staggered junction,53.777563,Daylight,356620,431450,-2.659767,E01025287,1,2,0,4,Dry,Single carriageway,None,30,08:50:00,Urban,Fine no high winds,No,16 - 20,5,Small town,10,125,None,None,Commuting to/from work,Approaching junction or waiting/parked at junction approach,HONDA,CBR 125 R-4,Petrol,Male,None,No tow/articulation,Did not leave carriageway,0,Going ahead other,2,Motorcycle 125cc and under,No,Nearside,2010
201004DR10085,Unclassified,0,NA,0,Slight,None,30-09-2010,Thursday,1,Data missing or out of range,Not at junction or within 20 metres,53.789862,Daylight,348590,432900,-2.781852,E01025280,2,1,0,0,Dry,Single carriageway,Oil or diesel,60,22:05:00,Rural,Fine no high winds,No,16 - 20,5,Rural,8,1248,None,None,Other/Not known (2005-10),Not at or within 20 metres of junction,VAUXHALL,CORSA SXI CDTI,Heavy oil,Male,None,No tow/articulation,Nearside and rebounded,0,Going ahead other,1,Car,No,Front,2010
201004EA10222,Unclassified,0,A,679,Slight,None,11-09-2010,Saturday,1,Stop sign,T or staggered junction,53.746971,Daylight,370180,427940,-2.453665,E01012641,1,2,0,0,Dry,One way street,None,30,18:05:00,Urban,Fine no high winds,No,16 - 20,5,Urban area,1,1986,None,None,Other/Not known (2005-10),Cleared junction or waiting/parked at junction exit,AUDI,A4 S LINE TDI,Heavy oil,Male,None,No tow/articulation,Did not leave carriageway,0,Turning left,1,Car,No,Did not impact,2010
201004EN10113,A,671,NA,0,Slight,Other object on road,08-10-2010,Friday,1,Data missing or out of range,Not at junction or within 20 metres,53.860782,Daylight,373970,440580,-2.397269,E01025354,1,3,0,0,Dry,Single carriageway,None,40,14:44:00,Rural,Fine no high winds,No,16 - 20,5,Small town,8,1461,None,None,Other/Not known (2005-10),Not at or within 20 metres of junction,RENAULT,CLIO DYNAMIQUE DCI 80,Heavy oil,Male,None,No tow/articulation,Did not leave carriageway,0,Going ahead other,3,Car,No,Front,2010
201004EN10120,Unclassified,0,Unclassified,0,Slight,None,09-11-2010,Tuesday,1,Give way or uncontrolled,T or staggered junction,53.876987,Daylight,374520,442380,-2.389057,E01025347,1,3,0,0,Wet or damp,Single carriageway,None,30,15:55:00,Urban,Fine no high winds,No,16 - 20,5,Data missing or out of range,NA,1124,Parked vehicle,None,Pupil riding to/from school,Cleared junction or waiting/parked at junction exit,PEUGEOT,206 ZEST,Petrol,Male,None,No tow/articulation,Did not leave carriageway,0,Going ahead other,2,Car,No,Offside,2010
201004FJ10019,Unclassified,0,Unclassified,0,Slight,None,11-05-2010,Tuesday,1,Give way or uncontrolled,Other junction,53.69283,Daylight,383610,421850,-2.249695,E01025392,1,1,0,0,Dry,Dual carriageway,None,30,15:54:00,Urban,Fine no high winds,No,16 - 20,5,Urban area,10,599,None,None,Pupil riding to/from school,Approaching junction or waiting/parked at junction approach,YAMAHA,YZF R6 05,Petrol,Male,Skidded,No tow/articulation,Did not leave carriageway,0,Slowing or stopping,1,Motorcycle over 500cc,No,Nearside,2010
201004TA10059,Motorway,65,NA,0,Slight,None,05-04-2010,Monday,1,Data missing or out of range,Not at junction or within 20 metres,53.761691,Daylight,373110,429560,-2.409378,E01025073,9,4,0,0,Dry,Dual carriageway,None,70,19:15:00,Rural,Fine no high winds,No,16 - 20,5,Urban area,7,1796,None,None,Other/Not known (2005-10),Not at or within 20 metres of junction,VAUXHALL,VECTRA LIFE,Petrol,Male,None,No tow/articulation,Did not leave carriageway,0,Changing lane to right,1,Car,No,Did not impact,2010
201005AA03492,A,5137,B,5151,Slight,None,28-05-2010,Friday,2,Auto traffic signal,Roundabout,53.337526,Daylight,332010,382780,-3.022563,E01007144,2,2,0,0,Dry,Roundabout,None,60,12:10:00,Rural,Fine no high winds,No,16 - 20,5,Urban area,8,1364,None,None,Other/Not known (2005-10),Mid Junction - on roundabout or on main road,VAUXHALL,CORSA SXI 16V TWINPORT,Petrol,Male,None,No tow/articulation,Did not leave carriageway,0,Waiting to go - held up,1,Car,No,Back,2010
201005BB05997,Unclassified,0,Unclassified,0,Slight,None,21-10-2010,Thursday,1,Give way or uncontrolled,T or staggered junction,53.6691,Daylight,335860,419620,-2.972299,E01006947,1,2,0,0,Wet or damp,Single carriageway,None,30,09:25:00,Urban,Fine no high winds,No,16 - 20,5,Urban area,6,1229,None,None,Other/Not known (2005-10),Entering main road,VAUXHALL,CORSA BREEZE,Petrol,Male,None,No tow/articulation,Did not leave carriageway,0,Turning left,1,Car,No,Front,2010
201005DD04313,A,58,Unclassified,0,Slight,None,17-07-2010,Saturday,1,Auto traffic signal,Crossroads,53.455165,Daylight,352410,395620,-2.718162,E01006873,3,2,0,5,Dry,Dual carriageway,None,30,17:57:00,Urban,Fine no high winds,No,16 - 20,5,Urban area,4,1396,None,None,Other/Not known (2005-10),Mid Junction - on roundabout or on main road,MG,ZR 105,Petrol,Male,None,No tow/articulation,Did not leave carriageway,0,Turning right,1,Car,No,Nearside,2010
201005EE05412,A,59,Unclassified,0,Slight,None,09-09-2010,Thursday,1,Give way or uncontrolled,More than 4 arms (not roundabout),53.453896,Daylight,336190,395670,-2.962407,E01006791,1,2,0,4,Dry,Single carriageway,None,30,18:13:00,Urban,Fine no high winds,No,16 - 20,5,Urban area,1,49,None,None,Other/Not known (2005-10),Approaching junction or waiting/parked at junction approach,SYM,JET 50 - EURO X,Petrol,Male,Skidded,No tow/articulation,Did not leave carriageway,0,Going ahead other,1,Motorcycle 50cc and under,No,Front,2010
201005EE05445,A,5058,Unclassified,0,Slight,None,21-09-2010,Tuesday,1,Give way or uncontrolled,T or staggered junction,53.445556,Daylight,336340,394740,-2.95996,E01006608,9,11,0,4,Dry,Single carriageway,None,30,17:30:00,Urban,Fine no high winds,No,16 - 20,5,Data missing or out of range,NA,3200,None,None,Other/Not known (2005-10),Approaching junction or waiting/parked at junction approach,MITSUBISHI,SHOGUN WARRIOR DI-D AUTO,Heavy oil,Male,None,No tow/articulation,Did not leave carriageway,0,Overtaking moving vehicle - offside,1,Car,No,Nearside,2010
201005EE06674,A,59,NA,0,Slight,None,19-11-2010,Friday,1,Data missing or out of range,Not at junction or within 20 metres,53.463451,Daylight,336420,396730,-2.959158,E01006783,2,2,0,4,Wet or damp,Single carriageway,None,30,12:33:00,Urban,Fine no high winds,No,16 - 20,5,Urban area,2,2435,None,None,Other/Not known (2005-10),Not at or within 20 metres of junction,VOLVO,V50 S SEMI-AUTO,Petrol,Male,None,No tow/articulation,Did not leave carriageway,0,Waiting to go - held up,2,Car,No,Front,2010
201005FF02448,Unclassified,0,Unclassified,0,Slight,None,27-03-2010,Saturday,2,Give way or uncontrolled,Roundabout,53.345776,Daylight,342440,383560,-2.866085,E01006739,1,2,0,0,Dry,Roundabout,None,30,13:15:00,Urban,Fine no high winds,No,16 - 20,5,Urban area,2,124,None,None,Other/Not known (2005-10),Mid Junction - on roundabout or on main road,SUZUKI,,Petrol,Male,None,No tow/articulation,Did not leave carriageway,0,Changing lane to left,1,Motorcycle 125cc and under,No,Nearside,2010
201006B031337,C,0,Unclassified,0,Slight,None,07-05-2010,Friday,1,Give way or uncontrolled,T or staggered junction,53.466429,Daylight,384130,396660,-2.240531,E01005210,1,3,0,0,Dry,Single carriageway,None,20,17:55:00,Urban,Fine no high winds,No,16 - 20,5,Data missing or out of range,NA,1796,None,None,Other/Not known (2005-10),Approaching junction or waiting/parked at junction approach,VAUXHALL,VECTRA LIFE,Petrol,Male,None,No tow/articulation,Did not leave carriageway,0,Parked,3,Car,No,Offside,2010
201006B032134,A,6010,Unclassified,0,Slight,None,01-06-2010,Tuesday,1,Give way or uncontrolled,Crossroads,53.447862,Daylight,385500,394590,-2.219798,E01005184,1,1,0,0,Dry,Single carriageway,None,30,06:30:00,Urban,Fine no high winds,No,16 - 20,5,Urban area,1,1598,None,Lamp post,Other/Not known (2005-10),Approaching junction or waiting/parked at junction approach,RENAULT,SCENIC DYNAMIQUE 16V A,Petrol,Male,None,No tow/articulation,Nearside and rebounded,0,Going ahead other,1,Car,No,Front,2010
201006B032564,A,34,A,6010,Slight,None,07-06-2010,Monday,1,Auto traffic signal,Crossroads,53.453989,Daylight,386040,395270,-2.211698,E01005236,1,1,0,0,Wet or damp,Single carriageway,None,30,19:25:00,Urban,Fine no high winds,No,16 - 20,5,Urban area,2,1364,None,None,Other/Not known (2005-10),Approaching junction or waiting/parked at junction approach,VAUXHALL,ASTRA LIFE DUALFUEL,Gas/Bi-fuel,Male,None,No tow/articulation,Did not leave carriageway,0,Slowing or stopping,1,Car,No,Nearside,2010
201006B033082,B,5117,C,0,Slight,None,23-06-2010,Wednesday,1,Auto traffic signal,T or staggered junction,53.462944,Daylight,384820,396270,-2.230119,E01005062,1,1,0,0,Dry,Single carriageway,None,30,18:00:00,Urban,Fine no high winds,No,16 - 20,5,Urban area,1,1999,None,None,Other/Not known (2005-10),Approaching junction or waiting/parked at junction approach,FORD,FIESTA ST,Petrol,Male,None,No tow/articulation,Did not leave carriageway,0,Going ahead other,1,Car,No,Offside,2010
201006B037743,A,6,Unclassified,0,Slight,None,12-10-2010,Tuesday,1,Give way or uncontrolled,T or staggered junction,53.453298,Daylight,387120,395190,-2.195431,E01005234,1,3,0,0,Dry,Single carriageway,None,30,16:30:00,Urban,Fine no high winds,No,16 - 20,5,Urban area,4,49,None,None,Other/Not known (2005-10),Approaching junction or waiting/parked at junction approach,PEUGEOT,SPEEDFIGHT,Petrol,Male,None,No tow/articulation,Did not leave carriageway,0,Going ahead other,1,Motorcycle 50cc and under,No,Front,2010
201006C031956,C,0,Unclassified,0,Slight,None,24-05-2010,Monday,1,Give way or uncontrolled,T or staggered junction,53.403743,Daylight,383000,389690,-2.257174,E01005263,2,2,0,0,Dry,Single carriageway,None,30,16:55:00,Urban,Fine no high winds,No,16 - 20,5,Urban area,2,125,None,None,Other/Not known (2005-10),Approaching junction or waiting/parked at junction approach,BETTER,BT 125-20,Petrol,Male,None,No tow/articulation,Did not leave carriageway,0,Going ahead other,1,Motorcycle 125cc and under,No,Nearside,2010
201006C036407,C,0,B,5166,Slight,None,16-09-2010,Thursday,1,Auto traffic signal,Crossroads,53.371149,Daylight,384120,386060,-2.240145,E01005317,1,2,0,0,Dry,Single carriageway,None,30,17:30:00,Urban,Fine no high winds,No,16 - 20,5,Rural,7,2198,None,None,Other/Not known (2005-10),Mid Junction - on roundabout or on main road,FORD,MONDEO ZETEC TDCI,Heavy oil,Male,None,No tow/articulation,Did not leave carriageway,0,Turning right,1,Car,No,Front,2010
201006F026686,A,665,NA,0,Slight,None,12-01-2010,Tuesday,1,Data missing or out of range,Not at junction or within 20 metres,53.517187,Daylight,383260,402310,-2.25394,E01005646,1,2,0,0,Wet or damp,Single carriageway,None,30,13:25:00,Urban,Fine no high winds,No,16 - 20,5,Urban area,6,1149,Parked vehicle,None,Other/Not known (2005-10),Not at or within 20 metres of junction,RENAULT,CLIO DYNAMIQUE 16V,Petrol,Male,None,No tow/articulation,Did not leave carriageway,0,Overtaking static vehicle - offside,1,Car,No,Front,2010
201006F031218,A,666,Unclassified,0,Slight,None,04-05-2010,Tuesday,1,Give way or uncontrolled,T or staggered junction,53.530783,Daylight,376820,403850,-2.351178,E01005676,1,2,0,1,Dry,Single carriageway,None,30,08:50:00,Urban,Fine no high winds,No,16 - 20,5,Urban area,5,125,None,None,Commuting to/from work,Mid Junction - on roundabout or on main road,HONDA,CBR 125 RW-5,Petrol,Male,None,No tow/articulation,Did not leave carriageway,0,Going ahead other,2,Motorcycle 125cc and under,No,Front,2010
201006F033930,B,5211,Unclassified,0,Slight,None,13-07-2010,Tuesday,1,Give way or uncontrolled,T or staggered junction,53.478453,Daylight,376420,398030,-2.356772,E01005603,1,2,0,0,Dry,Single carriageway,None,30,08:00:00,Urban,Fine no high winds,No,16 - 20,5,Urban area,5,1149,None,None,Commuting to/from work,Mid Junction - on roundabout or on main road,RENAULT,CLIO DYNAMIQUE 16V,Petrol,Male,None,No tow/articulation,Did not leave carriageway,0,Turning right,2,Car,No,Offside,2010
201006J033926,B,6167,Unclassified,0,Slight,None,14-07-2010,Wednesday,1,Give way or uncontrolled,T or staggered junction,53.442027,Daylight,389590,393930,-2.158194,E01005894,1,2,0,0,Dry,Dual carriageway,None,30,08:52:00,Urban,Fine no high winds,No,16 - 20,5,Urban area,4,49,None,None,Other/Not known (2005-10),Approaching junction or waiting/parked at junction approach,PEUGEOT,VIVACITY 50,Petrol,Male,Overturned,No tow/articulation,Did not leave carriageway,0,Overtaking moving vehicle - offside,1,Motorcycle 50cc and under,No,Front,2010
201006J039927,C,0,Unclassified,0,Slight,None,03-12-2010,Friday,1,Give way or uncontrolled,T or staggered junction,53.421384,Daylight,386930,391640,-2.198144,E01005865,1,2,0,0,Frost or ice,Unknown,Oil or diesel,30,11:20:00,Urban,Fine no high winds,No,16 - 20,5,Urban area,9,1364,None,None,Journey as part of work,Mid Junction - on roundabout or on main road,VAUXHALL,ASTRA SXI TWINPORT,Petrol,Male,None,No tow/articulation,Did not leave carriageway,0,Going ahead other,2,Car,No,Front,2010
201006K030935,A,579,Unclassified,0,Slight,None,22-04-2010,Thursday,1,Give way or uncontrolled,T or staggered junction,53.560904,Daylight,369940,407240,-2.455296,E01004830,1,2,0,0,Dry,Single carriageway,None,30,19:30:00,Urban,Fine no high winds,No,16 - 20,5,Urban area,5,48,None,None,Other/Not known (2005-10),Approaching junction or waiting/parked at junction approach,PEUGEOT,LUDIX 10 BLASTER,Petrol,Male,None,No tow/articulation,Did not leave carriageway,0,Going ahead other,2,Motorcycle 50cc and under,No,Front,2010
201006K031686,Unclassified,0,Unclassified,0,Slight,None,16-05-2010,Sunday,1,Give way or uncontrolled,Crossroads,53.552136,Daylight,372310,406250,-2.419428,E01004873,1,1,0,0,Dry,Single carriageway,None,30,15:34:00,Urban,Fine no high winds,No,16 - 20,5,Urban area,1,1598,None,None,Other/Not known (2005-10),Cleared junction or waiting/parked at junction exit,VAUXHALL,ASTRA CLUB TWINPORT,Petrol,Male,None,No tow/articulation,Did not leave carriageway,0,Going ahead other,1,Car,No,Front,2010
201006L030603,Unclassified,0,Unclassified,0,Slight,None,16-04-2010,Friday,1,Give way or uncontrolled,Crossroads,53.50196,Daylight,365850,400710,-2.516326,E01006333,2,3,0,0,Dry,Single carriageway,None,30,16:45:00,Urban,Fine no high winds,No,16 - 20,5,Urban area,2,1229,None,Other permanent object,Other/Not known (2005-10),Mid Junction - on roundabout or on main road,VAUXHALL,CORSA SXI TWINPORT,Petrol,Male,Skidded,No tow/articulation,Nearside,0,Going ahead other,1,Car,No,Nearside,2010
201006L031230,Unclassified,0,NA,0,Slight,None,04-05-2010,Tuesday,1,Data missing or out of range,Not at junction or within 20 metres,53.545364,Daylight,358280,405600,-2.631099,E01006369,1,2,0,0,Dry,Single carriageway,None,30,14:25:00,Urban,Fine no high winds,No,16 - 20,5,Urban area,8,125,None,Other permanent object,Other/Not known (2005-10),Not at or within 20 metres of junction,APRILIA,RS 125 11KW,Petrol,Male,None,No tow/articulation,Offside,0,Going ahead other,1,Motorcycle 125cc and under,No,Nearside,2010
201006L033089,A,577,Unclassified,0,Slight,None,23-06-2010,Wednesday,1,Give way or uncontrolled,T or staggered junction,53.525079,Daylight,363470,403300,-2.552508,E01006278,1,2,0,0,Dry,Single carriageway,None,30,18:40:00,Urban,Fine no high winds,No,16 - 20,5,Urban area,6,49,None,None,Other/Not known (2005-10),Approaching junction or waiting/parked at junction approach,YAMAHA,JOG R,Petrol,Male,None,No tow/articulation,Did not leave carriageway,0,Turning right,2,Motorcycle 50cc and under,No,Back,2010
201006L035978,A,58,Unclassified,0,Slight,None,10-09-2010,Friday,1,Give way or uncontrolled,T or staggered junction,53.506272,Daylight,359500,401240,-2.612123,E01006215,1,3,0,0,Dry,Single carriageway,None,30,17:35:00,Urban,Fine no high winds,No,16 - 20,5,Urban area,1,1364,None,None,Other/Not known (2005-10),Approaching junction or waiting/parked at junction approach,VAUXHALL,CORSA SRI 16V TWINPORT,Petrol,Male,Skidded,No tow/articulation,Did not leave carriageway,0,Going ahead other,2,Car,No,Did not impact,2010
201006N034588,A,56,Unclassified,0,Slight,None,30-07-2010,Friday,1,Give way or uncontrolled,T or staggered junction,53.544787,Daylight,380810,405390,-2.291079,E01004986,3,2,0,4,Dry,Dual carriageway,None,30,09:30:00,Urban,Fine no high winds,No,16 - 20,5,Urban area,6,1124,None,None,Other/Not known (2005-10),Mid Junction - on roundabout or on main road,SMART,FORFOUR PULSE,Petrol,Male,None,No tow/articulation,Did not leave carriageway,0,Going ahead other,2,Car,No,Front,2010
201006X034734,Motorway,60,NA,0,Slight,None,03-08-2010,Tuesday,1,Data missing or out of range,Not at junction or within 20 metres,53.525512,Daylight,377540,403260,-2.340273,E01005692,2,4,0,0,Dry,Dual carriageway,None,70,07:43:00,Rural,Fine no high winds,No,16 - 20,5,Urban area,7,1896,None,None,Commuting to/from work,Not at or within 20 metres of junction,VOLKSWAGEN,BORA HIGHLINE TDI 130,Heavy oil,Male,None,No tow/articulation,Did not leave carriageway,0,Going ahead other,2,Car,No,Back,2010
201011NF14940,C,112,Unclassified,0,Slight,None,22-06-2010,Tuesday,2,Give way or uncontrolled,T or staggered junction,54.835216,Daylight,441440,549120,-1.356346,E01020747,1,2,0,0,Dry,Single carriageway,None,30,20:45:00,Urban,Fine no high winds,No,16 - 20,5,Urban area,6,100,None,None,Other/Not known (2005-10),Mid Junction - on roundabout or on main road,PEUGEOT,SPEEDFIGHT 100,Petrol,Male,None,No tow/articulation,Did not leave carriageway,0,Turning right,2,Motorcycle 125cc and under,No,Offside,2010
201011SL20750,Unclassified,0,Unclassified,0,Slight,None,02-09-2010,Thursday,1,Give way or uncontrolled,T or staggered junction,54.683829,Daylight,429510,532180,-1.543791,E01020800,1,2,0,0,Dry,Single carriageway,None,30,18:05:00,Urban,Fine no high winds,No,16 - 20,5,Urban area,4,49,None,None,Other/Not known (2005-10),Cleared junction or waiting/parked at junction exit,PIAGGIO,NRG,Petrol,Male,None,No tow/articulation,Did not leave carriageway,0,Turning right,2,Motorcycle 50cc and under,No,Offside,2010
201014A037110,A,638,Unclassified,0,Slight,None,07-03-2010,Sunday,1,Give way or uncontrolled,T or staggered junction,53.51375,Daylight,460210,402280,-1.093478,E01007526,1,2,0,4,Dry,Dual carriageway,None,40,17:15:00,Urban,Fine no high winds,No,16 - 20,5,Small town,9,1998,None,None,Other/Not known (2005-10),Mid Junction - on roundabout or on main road,RENAULT,CLIO RENAULTSPORT 182 16V,Petrol,Male,None,No tow/articulation,Did not leave carriageway,0,Going ahead other,1,Car,No,Front,2010
201014A046710,A,18,NA,,Slight,None,25-03-2010,Thursday,1,Give way or uncontrolled,Private drive or entrance,53.583354,Daylight,468660,410140,-0.964346,E01007559,3,2,0,0,Dry,Single carriageway,None,60,17:24:00,Rural,Fine no high winds,No,16 - 20,5,Rural,4,1149,None,None,Other/Not known (2005-10),Approaching junction or waiting/parked at junction approach,RENAULT,CLIO EXPRESSION 16V,Petrol,Male,Skidded,No tow/articulation,Did not leave carriageway,0,Going ahead other,2,Car,No,Front,2010
201014A066710,Unclassified,0,Unclassified,0,Slight,None,04-05-2010,Tuesday,1,Give way or uncontrolled,Roundabout,53.477925,Daylight,456650,398250,-1.147884,E01007611,1,2,0,0,Dry,Roundabout,None,70,07:50:00,Rural,Fine no high winds,No,16 - 20,5,Small town,2,1360,None,None,Journey as part of work,Entering roundabout,PEUGEOT,206 ZEST 3,Petrol,Male,None,No tow/articulation,Did not leave carriageway,0,Waiting to go - held up,2,Car,No,Back,2010
201014B105310,A,628,NA,0,Slight,None,06-10-2010,Wednesday,1,Not at junction or within 20 metres,Not at junction or within 20 metres,53.508937,Daylight,419020,401400,-1.714679,E01007426,2,2,0,0,Wet or damp,Single carriageway,None,60,07:21:00,Rural,Fine no high winds,No,16 - 20,5,Urban area,4,1149,None,None,Journey as part of work,Not at or within 20 metres of junction,RENAULT,CLIO DYNAMIQUE 16V,Petrol,Male,None,No tow/articulation,Did not leave carriageway,0,Going ahead other,2,Car,No,Offside,2010
201014B113810,Unclassified,0,Unclassified,0,Slight,None,27-10-2010,Wednesday,1,Give way or uncontrolled,T or staggered junction,53.50176,Daylight,437290,400710,-1.439285,E01007391,1,2,0,0,Wet or damp,Single carriageway,None,30,08:05:00,Urban,Fine no high winds,No,16 - 20,5,Urban area,4,1124,None,None,Other/Not known (2005-10),Cleared junction or waiting/parked at junction exit,CITROEN,C2 DESIGN,Petrol,Male,None,No tow/articulation,Did not leave carriageway,0,Turning right,1,Car,No,Front,2010
201014C021610,Unclassified,0,NA,0,Slight,None,23-02-2010,Tuesday,1,Not at junction or within 20 metres,Not at junction or within 20 metres,53.429606,Daylight,441810,392720,-1.372206,E01007715,1,2,0,0,Dry,Single carriageway,None,30,16:29:00,Urban,Fine no high winds,No,16 - 20,5,Urban area,8,1229,None,None,Other/Not known (2005-10),Not at or within 20 metres of junction,VAUXHALL,CORSA SXI TWINPORT,Petrol,Male,None,No tow/articulation,Did not leave carriageway,0,Slowing or stopping,2,Car,No,Back,2010
201014C059410,Unclassified,0,Unclassified,0,Slight,None,15-05-2010,Saturday,1,Give way or uncontrolled,More than 4 arms (not roundabout),53.426595,Daylight,443480,392400,-1.347117,E01007680,2,2,0,0,Dry,Single carriageway,None,30,18:31:00,Urban,Fine no high winds,No,16 - 20,5,Urban area,1,1364,None,None,Other/Not known (2005-10),Approaching junction or waiting/parked at junction approach,VAUXHALL,CORSA DESIGN 16V TWINPORT,Petrol,Male,None,No tow/articulation,Did not leave carriageway,0,Moving off,1,Car,No,Did not impact,2010
201014C109010,Motorway,1,NA,0,Slight,None,11-09-2010,Saturday,1,Not at junction or within 20 metres,Not at junction or within 20 metres,53.373722,Daylight,447910,386560,-1.281338,E01007670,1,3,0,0,Wet or damp,Dual carriageway,None,70,12:15:00,Rural,Fine no high winds,No,16 - 20,5,Urban area,9,1587,None,None,Other/Not known (2005-10),Not at or within 20 metres of junction,CITROEN,C4 VTR,Petrol,Male,None,No tow/articulation,Did not leave carriageway,0,Going ahead other,1,Car,No,Front,2010
201014K062910,C,423,C,423,Slight,None,02-03-2010,Tuesday,1,Give way or uncontrolled,Mini-roundabout,53.368714,Daylight,432100,385870,-1.519036,E01007934,1,1,0,0,Dry,Roundabout,None,30,14:50:00,Urban,Fine no high winds,No,16 - 20,5,Urban area,7,1364,None,None,Other/Not known (2005-10),Leaving roundabout,VAUXHALL,CORSA EXCLUSIV TWINPORT,Petrol,Male,None,No tow/articulation,Did not leave carriageway,0,Turning left,1,Car,No,Front,2010
201014K252910,C,729,Unclassified,0,Slight,None,27-09-2010,Monday,2,Give way or uncontrolled,T or staggered junction,53.37906,Daylight,431950,387020,-1.521174,E01007954,1,2,0,0,Wet or damp,Single carriageway,None,30,08:45:00,Urban,Fine no high winds,No,16 - 20,5,Rural,6,1360,None,None,Other/Not known (2005-10),Approaching junction or waiting/parked at junction approach,PEUGEOT,206 ZEST,Petrol,Male,None,No tow/articulation,Did not leave carriageway,0,Turning right,2,Car,No,Front,2010
2010160A00121,A,1031,Unclassified,0,Slight,None,18-01-2010,Monday,1,Give way or uncontrolled,Private drive or entrance,53.537712,Daylight,529970,406350,-0.040269,E01013168,1,1,0,0,Wet or damp,Single carriageway,None,30,16:15:00,Urban,Fine no high winds,No,16 - 20,5,Urban area,9,1360,None,None,Other/Not known (2005-10),Mid Junction - on roundabout or on main road,CITROEN,C2 FURIO,Petrol,Male,None,No tow/articulation,Did not leave carriageway,0,Reversing,1,Car,No,Back,2010