Accident_Index,1st_Road_Class,1st_Road_Number,2nd_Road_Class,2nd_Road_Number,Accident_Severity,Carriageway_Hazards,Date,Day_of_Week,Did_Police_Officer_Attend_Scene_of_Accident,Junction_Control,Junction_Detail,Latitude,Light_Conditions,Location_Easting_OSGR,Location_Northing_OSGR,Longitude,LSOA_of_Accident_Location,Number_of_Casualties,Number_of_Vehicles,Pedestrian_Crossing-Human_Control,Pedestrian_Crossing-Physical_Facilities,Road_Surface_Conditions,Road_Type,Special_Conditions_at_Site,Speed_limit,Time,Urban_or_Rural_Area,Weather_Conditions,InScotland,Age_Band_of_Driver,Age_of_Vehicle,Driver_Home_Area_Type,Driver_IMD_Decile,Engine_Capacity_.CC.,Hit_Object_in_Carriageway,Hit_Object_off_Carriageway,Journey_Purpose_of_Driver,Junction_Location,make,model,Propulsion_Code,Sex_of_Driver,Skidding_and_Overturning,Towing_and_Articulation,Vehicle_Leaving_Carriageway,Vehicle_Location.Restricted_Lane,Vehicle_Manoeuvre,Vehicle_Reference,Vehicle_Type,Was_Vehicle_Left_Hand_Drive,X1st_Point_of_Impact,Year
201043N076020,A,413,NA,0,Slight,None,05-04-2019,Thursday,1,Data missing or out of range,Not at junction or within 20 metres,28.60570527,Daylight,475830,228680,77.24651918,E01017735,1,4,0,0,Frost or ice,Single carriageway,None,60,08:42:00,Rural,Other,No,16 - 20,5,Urban area,10,1124,None,None,Commuting to/from work,Not at or within 20 metres of junction,PEUGEOT,206 ZEST 3,Petrol,Female,Skidded,No tow/articulation,Did not leave carriageway,0,Going ahead right-hand bend,1,Car,No,Front,2021
201042I408012,Unclassified,0,NA,0,Slight,None,06-04-2021,Monday,1,Not at junction or within 20 metres,Not at junction or within 20 metres,18.54658965,Daylight,568360,190400,73.77045994,E01021263,1,2,0,0,Wet or damp,Single carriageway,None,30,09:00:00,Urban,Other,No,16 - 20,5,Urban area,6,1149,None,None,Other/Not known (2005-10),Not at or within 20 metres of junction,RENAULT,CLIO CAMPUS SPORT,Petrol,Female,None,Single trailer,Did not leave carriageway,0,Going ahead other,1,Car,No,Front,2021
201042I423212,Unclassified,0,NA,0,Slight,None,17-03-2019,Sunday,1,Not at junction or within 20 metres,Not at junction or within 20 metres,18.6192171,Daylight,587410,192430,73.86626336,E01021931,1,1,0,0,Frost or ice,Single carriageway,None,60,12:21:00,Rural,Other,No,16 - 20,5,Urban area,9,1299,None,Entered ditch,Other/Not known (2005-10),Not at or within 20 metres of junction,FORD,KA,Petrol,Female,Skidded,No tow/articulation,Offside,0,Going ahead other,1,Car,No,Nearside,2021
201042I408012,Unclassified,0,NA,0,Slight,None,13-12-2010,Monday,1,Not at junction or within 20 metres,Not at junction or within 20 metres,51.587249,Daylight,568360,190400,0.428866,E01021263,1,2,0,0,Wet or damp,Single carriageway,None,30,09:00:00,Urban,Other,No,16 - 20,5,Urban area,6,1149,None,None,Other/Not known (2005-10),Not at or within 20 metres of junction,RENAULT,CLIO CAMPUS SPORT,Petrol,Female,None,Single trailer,Did not leave carriageway,0,Going ahead other,1,Car,No,Front,2010
201042I423212,Unclassified,0,NA,0,Slight,None,26-12-2010,Sunday,1,Not at junction or within 20 metres,Not at junction or within 20 metres,51.599472,Daylight,587410,192430,0.704624,E01021931,1,1,0,0,Frost or ice,Single carriageway,None,60,12:21:00,Rural,Other,No,16 - 20,5,Urban area,9,1299,None,Entered ditch,Other/Not known (2005-10),Not at or within 20 metres of junction,FORD,KA,Petrol,Female,Skidded,No tow/articulation,Offside,0,Going ahead other,1,Car,No,Nearside,2010
201043N076020,A,413,NA,0,Slight,None,11-02-2010,Thursday,1,Data missing or out of range,Not at junction or within 20 metres,51.951409,Daylight,475830,228680,-0.898031,E01017735,1,4,0,0,Frost or ice,Single carriageway,None,60,08:42:00,Rural,Other,No,16 - 20,5,Urban area,10,1124,None,None,Commuting to/from work,Not at or within 20 metres of junction,PEUGEOT,206 ZEST 3,Petrol,Female,Skidded,No tow/articulation,Did not leave carriageway,0,Going ahead right-hand bend,1,Car,No,Front,2010
201020D016013,A,4540,A,45,Slight,None,12-01-2010,Tuesday,2,Give way or uncontrolled,Roundabout,52.473456,Daylight,408610,286180,-1.874681,E01009200,1,2,0,0,Wet or damp,Dual carriageway,None,30,16:15:00,Urban,Other,No,16 - 20,5,Urban area,1,998,None,None,Other/Not known (2005-10),Approaching junction or waiting/parked at junction approach,VAUXHALL,CORSA BREEZE,Petrol,Female,None,No tow/articulation,Did not leave carriageway,0,Waiting to go - held up,2,Car,No,Back,2010
201032C295010,B,1191,Unclassified,0,Slight,None,03-10-2010,Sunday,1,Give way or uncontrolled,T or staggered junction,53.19186,Daylight,524260,367700,-0.141556,E01026082,1,1,0,0,Wet or damp,Single carriageway,None,60,12:15:00,Rural,Raining + high winds,No,16 - 20,5,Data missing or out of range,NA,49,None,None,Other/Not known (2005-10),Mid Junction - on roundabout or on main road,PEUGEOT,LUDIX 10 BLASTER,Petrol,Female,Skidded,No tow/articulation,Nearside,0,Going ahead right-hand bend,1,Motorcycle 50cc and under,No,Did not impact,2010
201042I098404,A,1232,NA,0,Slight,None,22-01-2019,Thursday,1,Not at junction or within 20 metres,Not at junction or within 20 metres,14.69016136,Daylight,601460,227650,78.46497986,E01021672,1,2,0,4,Wet or damp,Single carriageway,Roadworks,30,16:30:00,Urban,Raining no high winds,No,16 - 20,5,Urban area,8,125,None,None,Other/Not known (2005-10),Not at or within 20 metres of junction,HONDA,CBR 125 R-5,Petrol,Male,None,No tow/articulation,Did not leave carriageway,0,Overtaking static vehicle - offside,2,Motorcycle 125cc and under,No,Front,2019
201045RE54819,B,2036,NA,0,Slight,None,02-06-2021,Monday,1,Data missing or out of range,Not at junction or within 20 metres,14.65651422,Daylight,528930,142900,78.54825528,E01030577,1,2,0,0,Wet or damp,Single carriageway,None,30,08:35:00,Urban,Raining no high winds,No,16 - 20,5,Urban area,9,49,None,None,Other/Not known (2005-10),Not at or within 20 metres of junction,PEUGEOT,TREKKER OFF ROAD,Petrol,Male,Skidded,No tow/articulation,Did not leave carriageway,0,Going ahead other,2,Motorcycle 50cc and under,No,Front,2019
201037B044698,A,11,C,624,Slight,None,03-12-2020,Thursday,1,Give way or uncontrolled,T or staggered junction,28.49960283,Daylight,572580,273770,77.07362239,E01029945,2,2,0,0,Wet or damp,Dual carriageway,None,50,18:45:00,Rural,Raining no high winds,No,16 - 20,5,Small town,9,1364,None,Central crash barrier,Journey as part of work,Cleared junction or waiting/parked at junction exit,VAUXHALL,CORSA SRI 16V TWINPORT,Petrol,Male,None,No tow/articulation,Offside on to central reservation,0,Going ahead other,2,Car,No,Nearside,2019
201034TN33300,A,43,A,43,Slight,None,12-09-2021,Tuesday,1,Give way or uncontrolled,Slip road,13.02278587,Daylight,479640,262260,77.61488843,E01027259,1,2,0,0,Wet or damp,Slip road,None,50,17:08:00,Urban,Raining no high winds,No,16 - 20,5,Urban area,2,1248,None,None,Commuting to/from work,Entering from slip road,VAUXHALL,ASTRA CLUB CDTI 90,Heavy oil,Male,None,No tow/articulation,Did not leave carriageway,0,Going ahead other,1,Car,No,Front,2020
201043P202030,A,417,Unclassified,0,Slight,None,23-10-2020,Saturday,1,Give way or uncontrolled,T or staggered junction,12.9686253,Daylight,440470,188000,77.66897708,E01028755,1,2,0,4,Wet or damp,Single carriageway,None,30,12:17:00,Urban,Raining no high winds,No,16 - 20,5,Rural,6,49,None,None,Other/Not known (2005-10),Approaching junction or waiting/parked at junction approach,PIAGGIO,ZIP,Petrol,Male,None,No tow/articulation,Did not leave carriageway,0,Going ahead other,1,Motorcycle 50cc and under,No,Front,2020
201042I248408,B,1002,Unclassified,0,Slight,None,10-11-2020,Wednesday,1,Give way or uncontrolled,Crossroads,12.98698769,Daylight,564670,199220,77.66728015,E01021458,1,2,0,0,Wet or damp,Single carriageway,None,30,17:00:00,Rural,Raining no high winds,No,16 - 20,5,Data missing or out of range,NA,998,None,None,Other/Not known (2005-10),Cleared junction or waiting/parked at junction exit,VAUXHALL,CORSA BREEZE,Petrol,Male,None,No tow/articulation,Did not leave carriageway,0,Going ahead other,2,Car,No,Front,2020
201034TK29130,A,6003,NA,0,Slight,None,30-04-2019,Friday,1,Data missing or out of range,Not at junction or within 20 metres,26.47608986,Daylight,489670,276180,80.33013957,E01027086,1,2,0,0,Wet or damp,Single carriageway,None,30,18:11:00,Rural,Raining no high winds,No,16 - 20,5,Small town,10,1229,None,None,Other/Not known (2005-10),Not at or within 20 metres of junction,VAUXHALL,CORSA BREEZE,Petrol,Male,Skidded,No tow/articulation,Did not leave carriageway,0,Going ahead left-hand bend,1,Car,No,Front,2020
201042I251308,Unclassified,0,NA,0,Slight,None,13-11-2020,Saturday,1,Not at junction or within 20 metres,Not at junction or within 20 metres,28.56985388,Daylight,540720,209120,77.35056783,E01021801,1,2,0,0,Wet or damp,Single carriageway,None,60,10:00:00,Rural,Raining no high winds,No,16 - 20,5,Small town,8,49,None,None,Other/Not known (2005-10),Not at or within 20 metres of junction,PIAGGIO,ZIP,Petrol,Male,Skidded,No tow/articulation,Did not leave carriageway,0,Going ahead other,1,Motorcycle 50cc and under,No,Front,2021
201042I251308,Unclassified,0,NA,0,Slight,None,10-03-2021,Saturday,1,Not at junction or within 20 metres,Not at junction or within 20 metres,18.56988331,Daylight,540720,209120,73.73387189,E01021801,1,2,0,0,Wet or damp,Single carriageway,None,60,10:00:00,Rural,Raining no high winds,No,16 - 20,5,Small town,8,1998,None,None,Other/Not known (2005-10),Not at or within 20 metres of junction,FORD,MONDEO ZETEC TDCI,Heavy oil,Male,None,No tow/articulation,Did not leave carriageway,0,Going ahead other,2,Car,No,Front,2021
201045SU51673,B,311,NA,0,Slight,None,10-12-2019,Tuesday,1,Data missing or out of range,Not at junction or within 20 metres,18.60048226,Daylight,491650,160990,73.76969583,E01030806,1,1,0,0,Wet or damp,Single carriageway,None,60,10:30:00,Rural,Raining no high winds,No,16 - 20,5,Urban area,6,2184,None,Tree,Journey as part of work,Not at or within 20 metres of junction,NISSAN,PRIMERA SVE TD,Heavy oil,Male,Skidded,No tow/articulation,Offside,0,Going ahead right-hand bend,1,Car,No,Back,2021
201045TA51693,B,2024,C,79,Slight,None,22-10-2020,Monday,1,Give way or uncontrolled,T or staggered junction,19.7195529,Daylight,542860,155750,82.09434458,E01030849,2,2,0,0,Wet or damp,Single carriageway,None,60,20:02:00,Rural,Raining no high winds,No,16 - 20,5,Rural,7,1198,None,None,Other/Not known (2005-10),Approaching junction or waiting/parked at junction approach,VOLKSWAGEN,POLO S 64,Petrol,Male,Skidded,No tow/articulation,Did not leave carriageway,0,Going ahead other,1,Car,No,Front,2021
201001KD50031,Unclassified,0,NA,0,Slight,None,14-02-2010,Sunday,1,Data missing or out of range,Not at junction or within 20 metres,51.530822,Daylight,551580,183590,0.183913,E01002373,1,2,0,0,Frost or ice,Single carriageway,None,30,12:00:00,Urban,Raining no high winds,No,16 - 20,5,Urban area,6,49,Parked vehicle,None,Pupil riding to/from school,Not at or within 20 metres of junction,PIAGGIO,TYPHOON 50,Petrol,Male,Skidded,No tow/articulation,Did not leave carriageway,0,Going ahead other,1,Motorcycle 50cc and under,No,Offside,2010
201001KD50031,Unclassified,0,NA,0,Slight,None,14-02-2010,Sunday,1,Data missing or out of range,Not at junction or within 20 metres,51.530822,Daylight,551580,183590,0.183913,E01002373,1,2,0,0,Frost or ice,Single carriageway,None,30,12:00:00,Urban,Raining no high winds,No,16 - 20,5,Data missing or out of range,NA,1299,None,None,Other/Not known (2005-10),Not at or within 20 metres of junction,FORD,KA COLLECTION,Petrol,Male,None,No tow/articulation,Did not leave carriageway,0,Parked,2,Car,No,Back,2010
201034TK29130,A,6003,NA,0,Slight,None,16-07-2010,Friday,1,Data missing or out of range,Not at junction or within 20 metres,52.376296,Daylight,489670,276180,-0.684165,E01027086,1,2,0,0,Wet or damp,Single carriageway,None,30,18:11:00,Rural,Raining no high winds,No,16 - 20,5,Small town,10,1229,None,None,Other/Not known (2005-10),Not at or within 20 metres of junction,VAUXHALL,CORSA BREEZE,Petrol,Male,Skidded,No tow/articulation,Did not leave carriageway,0,Going ahead left-hand bend,1,Car,No,Front,2010
201034TN33300,A,43,A,43,Slight,None,17-08-2010,Tuesday,1,Give way or uncontrolled,Slip road,52.252724,Daylight,479640,262260,-0.834763,E01027259,1,2,0,0,Wet or damp,Slip road,None,50,17:08:00,Urban,Raining no high winds,No,16 - 20,5,Urban area,2,1248,None,None,Commuting to/from work,Entering from slip road,VAUXHALL,ASTRA CLUB CDTI 90,Heavy oil,Male,None,No tow/articulation,Did not leave carriageway,0,Going ahead other,1,Car,No,Front,2010
201037B044698,A,11,C,624,Slight,None,01-04-2010,Thursday,1,Give way or uncontrolled,T or staggered junction,52.334828,Daylight,572580,273770,0.531581,E01029945,2,2,0,0,Wet or damp,Dual carriageway,None,50,18:45:00,Rural,Raining no high winds,No,16 - 20,5,Small town,9,1364,None,Central crash barrier,Journey as part of work,Cleared junction or waiting/parked at junction exit,VAUXHALL,CORSA SRI 16V TWINPORT,Petrol,Male,None,No tow/articulation,Offside on to central reservation,0,Going ahead other,2,Car,No,Nearside,2010
201042I098404,A,1232,NA,0,Slight,None,01-04-2010,Thursday,1,Not at junction or within 20 metres,Not at junction or within 20 metres,51.910887,Daylight,601460,227650,0.927616,E01021672,1,2,0,4,Wet or damp,Single carriageway,Roadworks,30,16:30:00,Urban,Raining no high winds,No,16 - 20,5,Urban area,8,125,None,None,Other/Not known (2005-10),Not at or within 20 metres of junction,HONDA,CBR 125 R-5,Petrol,Male,None,No tow/articulation,Did not leave carriageway,0,Overtaking static vehicle - offside,2,Motorcycle 125cc and under,No,Front,2010
201042I248408,B,1002,Unclassified,0,Slight,None,04-08-2010,Wednesday,1,Give way or uncontrolled,Crossroads,51.667575,Daylight,564670,199220,0.379795,E01021458,1,2,0,0,Wet or damp,Single carriageway,None,30,17:00:00,Rural,Raining no high winds,No,16 - 20,5,Data missing or out of range,NA,998,None,None,Other/Not known (2005-10),Cleared junction or waiting/parked at junction exit,VAUXHALL,CORSA BREEZE,Petrol,Male,None,No tow/articulation,Did not leave carriageway,0,Going ahead other,2,Car,No,Front,2010
201042I251308,Unclassified,0,NA,0,Slight,None,07-08-2010,Saturday,1,Not at junction or within 20 metres,Not at junction or within 20 metres,51.763037,Daylight,540720,209120,0.037718,E01021801,1,2,0,0,Wet or damp,Single carriageway,None,60,10:00:00,Rural,Raining no high winds,No,16 - 20,5,Small town,8,49,None,None,Other/Not known (2005-10),Not at or within 20 metres of junction,PIAGGIO,ZIP,Petrol,Male,Skidded,No tow/articulation,Did not leave carriageway,0,Going ahead other,1,Motorcycle 50cc and under,No,Front,2010
201042I251308,Unclassified,0,NA,0,Slight,None,07-08-2010,Saturday,1,Not at junction or within 20 metres,Not at junction or within 20 metres,51.763037,Daylight,540720,209120,0.037718,E01021801,1,2,0,0,Wet or damp,Single carriageway,None,60,10:00:00,Rural,Raining no high winds,No,16 - 20,5,Small town,8,1998,None,None,Other/Not known (2005-10),Not at or within 20 metres of junction,FORD,MONDEO ZETEC TDCI,Heavy oil,Male,None,No tow/articulation,Did not leave carriageway,0,Going ahead other,2,Car,No,Front,2010
201043P202030,A,417,Unclassified,0,Slight,None,20-03-2010,Saturday,1,Give way or uncontrolled,T or staggered junction,51.589356,Daylight,440470,188000,-1.417237,E01028755,1,2,0,4,Wet or damp,Single carriageway,None,30,12:17:00,Urban,Raining no high winds,No,16 - 20,5,Rural,6,49,None,None,Other/Not known (2005-10),Approaching junction or waiting/parked at junction approach,PIAGGIO,ZIP,Petrol,Male,None,No tow/articulation,Did not leave carriageway,0,Going ahead other,1,Motorcycle 50cc and under,No,Front,2010
201045RE54819,B,2036,NA,0,Slight,None,27-09-2010,Monday,1,Data missing or out of range,Not at junction or within 20 metres,51.170756,Daylight,528930,142900,-0.157164,E01030577,1,2,0,0,Wet or damp,Single carriageway,None,30,08:35:00,Urban,Raining no high winds,No,16 - 20,5,Urban area,9,49,None,None,Other/Not known (2005-10),Not at or within 20 metres of junction,PEUGEOT,TREKKER OFF ROAD,Petrol,Male,Skidded,No tow/articulation,Did not leave carriageway,0,Going ahead other,2,Motorcycle 50cc and under,No,Front,2010
201045SU51673,B,311,NA,0,Slight,None,08-06-2010,Tuesday,1,Data missing or out of range,Not at junction or within 20 metres,51.340563,Daylight,491650,160990,-0.685613,E01030806,1,1,0,0,Wet or damp,Single carriageway,None,60,10:30:00,Rural,Raining no high winds,No,16 - 20,5,Urban area,6,2184,None,Tree,Journey as part of work,Not at or within 20 metres of junction,NISSAN,PRIMERA SVE TD,Heavy oil,Male,Skidded,No tow/articulation,Offside,0,Going ahead right-hand bend,1,Car,No,Back,2010
201045TA51693,B,2024,C,79,Slight,None,07-06-2010,Monday,1,Give way or uncontrolled,T or staggered junction,51.282923,Daylight,542860,155750,0.047081,E01030849,2,2,0,0,Wet or damp,Single carriageway,None,60,20:02:00,Rural,Raining no high winds,No,16 - 20,5,Rural,7,1198,None,None,Other/Not known (2005-10),Approaching junction or waiting/parked at junction approach,VOLKSWAGEN,POLO S 64,Petrol,Male,Skidded,No tow/articulation,Did not leave carriageway,0,Going ahead other,1,Car,No,Front,2010
201060L213183,B,5102,A,541,Slight,None,17-11-2010,Wednesday,1,Give way or uncontrolled,T or staggered junction,53.097537,Daylight,331150,356090,-3.029707,W01000310,2,2,0,0,Wet or damp,Single carriageway,None,30,09:50:00,Rural,Raining no high winds,No,16 - 20,5,Urban area,NA,1998,None,None,Journey as part of work,Approaching junction or waiting/parked at junction approach,FORD,TRANSIT 280 SWB,Heavy oil,Male,Skidded,No tow/articulation,Did not leave carriageway,0,Turning left,1,Van / Goods 3.5 tonnes mgw or under,No,Front,2010
201001KD50031,Unclassified,0,NA,0,Slight,None,14-02-2010,Sunday,1,Data missing or out of range,Not at junction or within 20 metres,51.530822,Daylight,551580,183590,0.183913,E01002373,1,2,0,0,Frost or ice,Single carriageway,None,30,12:00:00,Urban,Raining no high winds,No,16 - 20,5,Urban area,6,49,Parked vehicle,None,Pupil riding to/from school,Not at or within 20 metres of junction,PIAGGIO,TYPHOON 50,Petrol,Male,Skidded,No tow/articulation,Did not leave carriageway,0,Going ahead other,1,Motorcycle 50cc and under,No,Offside,2010
201001KD50031,Unclassified,0,NA,0,Slight,None,14-02-2010,Sunday,1,Data missing or out of range,Not at junction or within 20 metres,51.530822,Daylight,551580,183590,0.183913,E01002373,1,2,0,0,Frost or ice,Single carriageway,None,30,12:00:00,Urban,Raining no high winds,No,16 - 20,5,Data missing or out of range,NA,1299,None,None,Other/Not known (2005-10),Not at or within 20 metres of junction,FORD,KA COLLECTION,Petrol,Male,None,No tow/articulation,Did not leave carriageway,0,Parked,2,Car,No,Back,2010
201004DL10038,A,6,B,6242,Slight,None,29-03-2010,Monday,1,Auto traffic signal,More than 4 arms (not roundabout),53.777636,Daylight,353320,431490,-2.709846,E01025243,1,2,0,5,Wet or damp,Single carriageway,None,30,08:55:00,Urban,Raining no high winds,No,16 - 20,5,Urban area,10,124,None,None,Pupil riding to/from school,Approaching junction or waiting/parked at junction approach,KYMCO,CK 125,Petrol,Male,Skidded,No tow/articulation,Did not leave carriageway,0,Going ahead other,2,Motorcycle 125cc and under,No,Did not impact,2010
201004FG10086,Unclassified,0,Unclassified,0,Slight,None,23-10-2010,Saturday,1,Give way or uncontrolled,T or staggered junction,53.829685,Daylight,380070,437090,-2.304293,E01025204,1,2,0,0,Wet or damp,Single carriageway,None,60,14:15:00,Rural,Raining no high winds,No,16 - 20,5,Urban area,1,1229,None,None,Other/Not known (2005-10),Approaching junction or waiting/parked at junction approach,VAUXHALL,CORSA ENERGY TWINPORT,Petrol,Male,None,No tow/articulation,Did not leave carriageway,0,Going ahead right-hand bend,2,Car,No,Back,2010
201004TA10091,Motorway,6,NA,0,Slight,Previous accident,27-05-2010,Thursday,1,Data missing or out of range,Not at junction or within 20 metres,53.797387,Daylight,355120,433670,-2.682852,E01025303,1,2,0,0,Wet or damp,Dual carriageway,None,70,08:55:00,Rural,Raining no high winds,No,16 - 20,5,Urban area,9,1198,None,None,Other/Not known (2005-10),Not at or within 20 metres of junction,VOLKSWAGEN,POLO S 64,Petrol,Male,None,No tow/articulation,Did not leave carriageway,0,Going ahead other,1,Car,No,Front,2010
201005AA04603,A,540,NA,0,Slight,None,30-07-2010,Friday,1,Data missing or out of range,Not at junction or within 20 metres,53.356395,Daylight,324060,385000,-3.142467,E01007284,2,1,0,0,Wet or damp,Single carriageway,None,40,14:25:00,Rural,Raining no high winds,No,16 - 20,5,Urban area,6,1590,None,Other permanent object,Other/Not known (2005-10),Not at or within 20 metres of junction,HONDA,CIVIC SPORT,Petrol,Male,Skidded and overturned,No tow/articulation,Nearside,0,Going ahead right-hand bend,1,Car,No,Front,2010
201022C003619,B,4035,B,4510,Slight,None,15-07-2010,Thursday,2,Give way or uncontrolled,T or staggered junction,52.091407,Daylight,405010,243680,-1.9283,E01032344,1,2,0,0,Wet or damp,Single carriageway,None,30,08:20:00,Urban,Raining no high winds,No,16 - 20,5,Urban area,5,49,None,None,Other/Not known (2005-10),Approaching junction or waiting/parked at junction approach,DERBI,GPR 50,Petrol,Male,None,No tow/articulation,Did not leave carriageway,0,Going ahead other,1,Motorcycle 50cc and under,No,Front,2010
201022C004147,B,4197,NA,0,Slight,None,13-08-2010,Friday,1,Data missing or out of range,Not at junction or within 20 metres,52.269699,Daylight,375440,263570,-2.361351,E01032212,2,2,0,0,Wet or damp,Single carriageway,None,60,10:00:00,Rural,Raining no high winds,No,16 - 20,5,Rural,NA,1149,None,None,Other/Not known (2005-10),Not at or within 20 metres of junction,RENAULT,CLIO DYNAMIQUE 16V,Petrol,Male,Skidded,No tow/articulation,Did not leave carriageway,0,Going ahead right-hand bend,1,Car,No,Front,2010
201032D296010,A,52,NA,0,Slight,None,01-10-2010,Friday,1,Data missing or out of range,Not at junction or within 20 metres,52.91853,Daylight,502630,336770,-0.475018,E01026221,1,1,0,0,Wet or damp,Single carriageway,None,60,11:49:00,Rural,Raining no high winds,No,16 - 20,5,Data missing or out of range,NA,1686,None,Entered ditch,Other/Not known (2005-10),Not at or within 20 metres of junction,VAUXHALL,ASTRA ELITE CDTI 100,Heavy oil,Male,Skidded and overturned,No tow/articulation,Offside,0,Going ahead other,1,Car,No,Did not impact,2010
2010400C01097,Unclassified,0,Unclassified,0,Slight,None,02-11-2020,Tuesday,1,Give way or uncontrolled,Mini-roundabout,27.09501499,Daylight,509010,221860,93.62134993,E01015741,3,2,0,0,Wet or damp,Roundabout,None,30,17:25:00,Urban,Raining no high winds,No,16 - 20,5,Urban area,4,1998,Kerb,None,Other/Not known (2005-10),Mid Junction - on roundabout or on main road,HONDA,CR-V VTEC EXECUTIVE AUTO,Petrol,Female,Skidded,No tow/articulation,Offside,0,Going ahead other,1,Car,No,Nearside,2019
201043N017040,C,176,NA,,Slight,None,10-09-2019,Friday,1,Give way or uncontrolled,Private drive or entrance,27.0895517,Daylight,482700,213710,93.63221512,E01017634,1,2,0,8,Wet or damp,Single carriageway,None,30,14:10:00,Urban,Raining no high winds,No,16 - 20,5,Urban area,10,1229,None,None,Other/Not known (2005-10),Mid Junction - on roundabout or on main road,VAUXHALL,CORSA SXI TWINPORT,Petrol,Female,None,No tow/articulation,Did not leave carriageway,0,Turning right,1,Car,No,Front,2019
201042I273908,A,113,Unclassified,0,Slight,None,08-12-2020,Friday,1,Give way or uncontrolled,Other junction,23.02819667,Daylight,555170,203580,72.63469221,E01021755,1,1,0,0,Wet or damp,Single carriageway,None,30,06:30:00,Rural,Raining no high winds,No,16 - 20,5,Rural,7,1363,None,Tree,Other/Not known (2005-10),Approaching junction or waiting/parked at junction approach,TOYOTA,YARIS T SPIRIT D-4D,Heavy oil,Female,Skidded,No tow/articulation,Nearside,0,Going ahead right-hand bend,1,Car,No,Front,2019
201043S129110,Unclassified,1014,Unclassified,1014,Slight,None,23-12-2019,Monday,1,Give way or uncontrolled,T or staggered junction,13.00738594,Daylight,487270,234690,77.65535577,E01016712,1,3,0,0,Wet or damp,Single carriageway,None,30,15:30:00,Urban,Raining no high winds,No,16 - 20,5,Urban area,8,1360,None,None,Other/Not known (2005-10),Mid Junction - on roundabout or on main road,CITROEN,C2 FURIO,Petrol,Female,None,No tow/articulation,Did not leave carriageway,0,Going ahead other,1,Car,No,Front,2020
201050DE2A017,Unclassified,0,NA,0,Slight,None,28-09-2019,Tuesday,1,Not at junction or within 20 metres,Not at junction or within 20 metres,8.886001916,Daylight,290760,94000,76.68200271,E01019982,1,2,0,0,Wet or damp,Single carriageway,None,30,07:40:00,Urban,Raining no high winds,No,16 - 20,5,Rural,5,1299,None,None,Journey as part of work,Not at or within 20 metres of junction,FORD,KA COLLECTION,Petrol,Female,Skidded,No tow/articulation,Did not leave carriageway,0,Slowing or stopping,1,Car,No,Front,2020
201034TM11930,Motorway,1,NA,0,Slight,None,30-10-2021,Friday,1,Data missing or out of range,Not at junction or within 20 metres,28.69300574,Daylight,460180,267540,77.33706954,E01027016,1,6,0,0,Wet or damp,Dual carriageway,None,70,17:09:00,Rural,Raining no high winds,No,16 - 20,5,Urban area,5,1124,None,None,Commuting to/from work,Not at or within 20 metres of junction,PEUGEOT,206 ZEST 3,Petrol,Female,None,No tow/articulation,Did not leave carriageway,0,Waiting to go - held up,5,Car,No,Back,2020
201001HT20189,B,142,Unclassified,0,Slight,None,27-03-2010,Saturday,2,Give way or uncontrolled,T or staggered junction,51.533013,Daylight,537020,183420,-0.025922,E01004224,1,2,0,0,Wet or damp,Single carriageway,None,30,17:30:00,Urban,Raining no high winds,No,16 - 20,5,Data missing or out of range,NA,1870,None,None,Other/Not known (2005-10),Mid Junction - on roundabout or on main road,RENAULT,MEGANE D-MIQUE DCI 130 E4,Heavy oil,Female,None,No tow/articulation,Did not leave carriageway,0,Waiting to go - held up,1,Car,No,Back,2010
201034TM11930,Motorway,1,NA,0,Slight,None,19-03-2010,Friday,1,Data missing or out of range,Not at junction or within 20 metres,52.302657,Daylight,460180,267540,-1.118855,E01027016,1,6,0,0,Wet or damp,Dual carriageway,None,70,17:09:00,Rural,Raining no high winds,No,16 - 20,5,Urban area,5,1124,None,None,Commuting to/from work,Not at or within 20 metres of junction,PEUGEOT,206 ZEST 3,Petrol,Female,None,No tow/articulation,Did not leave carriageway,0,Waiting to go - held up,5,Car,No,Back,2010
2010400C01097,Unclassified,0,Unclassified,0,Slight,None,30-03-2010,Tuesday,1,Give way or uncontrolled,Mini-roundabout,51.884607,Daylight,509010,221860,-0.417559,E01015741,3,2,0,0,Wet or damp,Roundabout,None,30,17:25:00,Urban,Raining no high winds,No,16 - 20,5,Urban area,4,1998,Kerb,None,Other/Not known (2005-10),Mid Junction - on roundabout or on main road,HONDA,CR-V VTEC EXECUTIVE AUTO,Petrol,Female,Skidded,No tow/articulation,Offside,0,Going ahead other,1,Car,No,Nearside,2010
201042I273908,A,113,Unclassified,0,Slight,None,27-08-2010,Friday,1,Give way or uncontrolled,Other junction,51.709449,Daylight,555170,203580,0.244475,E01021755,1,1,0,0,Wet or damp,Single carriageway,None,30,06:30:00,Rural,Raining no high winds,No,16 - 20,5,Rural,7,1363,None,Tree,Other/Not known (2005-10),Approaching junction or waiting/parked at junction approach,TOYOTA,YARIS T SPIRIT D-4D,Heavy oil,Female,Skidded,No tow/articulation,Nearside,0,Going ahead right-hand bend,1,Car,No,Front,2010