Accident_Index,1st_Road_Class,1st_Road_Number,2nd_Road_Class,2nd_Road_Number,Accident_Severity,Carriageway_Hazards,Date,Day_of_Week,Did_Police_Officer_Attend_Scene_of_Accident,Junction_Control,Junction_Detail,Latitude,Light_Conditions,Location_Easting_OSGR,Location_Northing_OSGR,Longitude,LSOA_of_Accident_Location,Number_of_Casualties,Number_of_Vehicles,Pedestrian_Crossing-Human_Control,Pedestrian_Crossing-Physical_Facilities,Road_Surface_Conditions,Road_Type,Special_Conditions_at_Site,Speed_limit,Time,Urban_or_Rural_Area,Weather_Conditions,InScotland,Age_Band_of_Driver,Age_of_Vehicle,Driver_Home_Area_Type,Driver_IMD_Decile,Engine_Capacity_.CC.,Hit_Object_in_Carriageway,Hit_Object_off_Carriageway,Journey_Purpose_of_Driver,Junction_Location,make,model,Propulsion_Code,Sex_of_Driver,Skidding_and_Overturning,Towing_and_Articulation,Vehicle_Leaving_Carriageway,Vehicle_Location.Restricted_Lane,Vehicle_Manoeuvre,Vehicle_Reference,Vehicle_Type,Was_Vehicle_Left_Hand_Drive,X1st_Point_of_Impact,Year
201043N017040,C,176,NA,,Slight,None,02-04-2010,Friday,1,Give way or uncontrolled,Private drive or entrance,51.815865,Daylight,482700,213710,-0.801673,E01017634,1,2,0,8,Wet or damp,Single carriageway,None,30,14:10:00,Urban,Raining no high winds,No,16 - 20,5,Urban area,10,1229,None,None,Other/Not known (2005-10),Mid Junction - on roundabout or on main road,VAUXHALL,CORSA SXI TWINPORT,Petrol,Female,None,No tow/articulation,Did not leave carriageway,0,Turning right,1,Car,No,Front,2010
201043S129110,Unclassified,1014,Unclassified,1014,Slight,None,22-11-2010,Monday,1,Give way or uncontrolled,T or staggered junction,52.003756,Daylight,487270,234690,-0.730083,E01016712,1,3,0,0,Wet or damp,Single carriageway,None,30,15:30:00,Urban,Raining no high winds,No,16 - 20,5,Urban area,8,1360,None,None,Other/Not known (2005-10),Mid Junction - on roundabout or on main road,CITROEN,C2 FURIO,Petrol,Female,None,No tow/articulation,Did not leave carriageway,0,Going ahead other,1,Car,No,Front,2010
201050DE2A017,Unclassified,0,NA,0,Slight,None,02-11-2010,Tuesday,1,Not at junction or within 20 metres,Not at junction or within 20 metres,50.735245,Daylight,290760,94000,-3.549416,E01019982,1,2,0,0,Wet or damp,Single carriageway,None,30,07:40:00,Urban,Raining no high winds,No,16 - 20,5,Rural,5,1299,None,None,Journey as part of work,Not at or within 20 metres of junction,FORD,KA COLLECTION,Petrol,Female,Skidded,No tow/articulation,Did not leave carriageway,0,Slowing or stopping,1,Car,No,Front,2010
201060L148800,B,4547,Unclassified,0,Slight,None,12-08-2010,Thursday,1,Give way or uncontrolled,T or staggered junction,53.158192,Daylight,257050,364480,-4.139478,W01000099,2,2,0,0,Wet or damp,Single carriageway,None,60,11:24:00,Rural,Raining no high winds,No,16 - 20,5,Rural,NA,1364,None,None,Other/Not known (2005-10),Approaching junction or waiting/parked at junction approach,VAUXHALL,ASTRA BREEZE,Petrol,Female,None,No tow/articulation,Did not leave carriageway,0,Turning left,2,Car,No,Back,2010
201001HT20189,B,142,Unclassified,0,Slight,None,27-03-2010,Saturday,2,Give way or uncontrolled,T or staggered junction,51.533013,Daylight,537020,183420,-0.025922,E01004224,1,2,0,0,Wet or damp,Single carriageway,None,30,17:30:00,Urban,Raining no high winds,No,16 - 20,5,Data missing or out of range,NA,1870,None,None,Other/Not known (2005-10),Mid Junction - on roundabout or on main road,RENAULT,MEGANE D-MIQUE DCI 130 E4,Heavy oil,Female,None,No tow/articulation,Did not leave carriageway,0,Waiting to go - held up,1,Car,No,Back,2010
201006G027322,B,6175,B,6170,Slight,None,24-01-2010,Sunday,1,Give way or uncontrolled,Crossroads,53.466286,Daylight,394930,396620,-2.077845,E01006020,1,1,0,0,Wet or damp,Single carriageway,None,30,11:50:00,Urban,Raining no high winds,No,16 - 20,5,Urban area,8,1149,None,Lamp post,Other/Not known (2005-10),Approaching junction or waiting/parked at junction approach,RENAULT,CLIO DYNAMIQUE 16V,Petrol,Female,Skidded,No tow/articulation,Nearside,0,Turning right,1,Car,No,Offside,2010
201006X029716,Motorway,66,NA,0,Slight,None,31-03-2010,Wednesday,1,Data missing or out of range,Not at junction or within 20 metres,53.578539,Daylight,382080,409140,-2.272129,E01005054,2,4,0,0,Wet or damp,Slip road,Oil or diesel,70,17:00:00,Rural,Raining no high winds,No,16 - 20,5,Rural,7,1242,None,None,Other/Not known (2005-10),Not at or within 20 metres of junction,FIAT,PUNTO ACTIVE 8V,Petrol,Female,None,No tow/articulation,Did not leave carriageway,0,Waiting to go - held up,4,Car,No,Back,2010
2010160C02361,B,1362,NA,0,Slight,None,08-05-2010,Saturday,1,Data missing or out of range,Not at junction or within 20 metres,53.741974,Daylight,523740,428920,-0.125249,E01013028,1,1,0,0,Wet or damp,Single carriageway,Road surface defective,60,06:30:00,Rural,Raining no high winds,No,16 - 20,5,Small town,5,1598,None,Entered ditch,Commuting to/from work,Not at or within 20 metres of junction,MINI,MINI ONE,Petrol,Female,Overturned,No tow/articulation,Offside,0,Going ahead left-hand bend,1,Car,No,Front,2010
20103102A2146,Motorway,1,A,608,Slight,None,20-09-2010,Monday,2,Give way or uncontrolled,Roundabout,53.063338,Daylight,449090,352040,-1.268906,E01027993,1,1,0,0,Wet or damp,Roundabout,None,60,08:20:00,Rural,Raining no high winds,No,16 - 20,5,Rural,6,999,Central island of roundabout,Other permanent object,Journey as part of work,Mid Junction - on roundabout or on main road,KIA,PICANTO GS,Petrol,Female,None,No tow/articulation,Offside,0,Turning right,1,Car,No,Front,2010
20103102A2781,C,35,NA,0,Slight,None,28-10-2010,Thursday,1,Data missing or out of range,Not at junction or within 20 metres,53.085784,Daylight,446350,354510,-1.309436,E01027960,1,2,0,0,Wet or damp,Single carriageway,None,30,16:50:00,Urban,Raining no high winds,No,16 - 20,5,Urban area,7,1299,None,None,Commuting to/from work,Not at or within 20 metres of junction,FORD,KA COLLECTION,Petrol,Female,None,No tow/articulation,Did not leave carriageway,0,Waiting to go - held up,2,Car,No,Back,2010
20103102A2898,Unclassified,0,NA,0,Slight,None,01-10-2010,Friday,1,Data missing or out of range,Not at junction or within 20 metres,53.161196,Daylight,455760,363000,-1.167482,E01028241,1,1,0,0,Wet or damp,Single carriageway,None,60,08:00:00,Rural,Raining no high winds,No,16 - 20,5,Small town,3,1398,None,None,Commuting to/from work,Not at or within 20 metres of junction,CITROEN,C2 SX HDI,Heavy oil,Female,Skidded and overturned,No tow/articulation,Nearside,0,Going ahead left-hand bend,1,Car,No,Nearside,2010
201034NE51290,Unclassified,3508,B,645,Slight,None,16-12-2010,Thursday,1,Give way or uncontrolled,T or staggered junction,52.301418,Daylight,495070,267950,-0.607188,E01027063,2,2,0,0,Wet or damp,Single carriageway,None,30,15:35:00,Urban,Raining no high winds,No,16 - 20,5,Urban area,2,998,None,None,Other/Not known (2005-10),Mid Junction - on roundabout or on main road,VAUXHALL,CORSA BREEZE,Petrol,Female,None,No tow/articulation,Did not leave carriageway,0,Turning left,1,Car,No,Front,2010
201001RG40749,A,206,A,205,Slight,None,02-12-2010,Thursday,1,Give way or uncontrolled,Roundabout,51.493388,Daylight,543170,179180,0.060964,E01001707,1,2,0,1,Wet or damp,Roundabout,None,30,13:05:00,Urban,Snowing no high winds,No,16 - 20,5,Urban area,3,1596,None,None,Other/Not known (2005-10),Mid Junction - on roundabout or on main road,FORD,FOCUS ZETEC CLIMATE AUTO,Petrol,Male,None,No tow/articulation,Did not leave carriageway,0,Going ahead other,2,Car,No,Front,2010
201001RG40749,A,206,A,205,Slight,None,02-12-2010,Thursday,1,Give way or uncontrolled,Roundabout,51.493388,Daylight,543170,179180,0.060964,E01001707,1,2,0,1,Wet or damp,Roundabout,None,30,13:05:00,Urban,Snowing no high winds,No,16 - 20,5,Urban area,3,1596,None,None,Other/Not known (2005-10),Mid Junction - on roundabout or on main road,FORD,FOCUS ZETEC CLIMATE AUTO,Petrol,Male,None,No tow/articulation,Did not leave carriageway,0,Going ahead other,2,Car,No,Front,2010
201045TA56903,C,78,NA,0,Slight,None,23-07-2021,Sunday,1,Data missing or out of range,Not at junction or within 20 metres,25.77345427,Daylight,538490,157280,87.45230864,E01030852,1,2,0,0,Frost or ice,Unknown,None,60,09:14:00,Rural,Unknown,No,16 - 20,5,Urban area,9,1242,None,None,Other/Not known (2005-10),Not at or within 20 metres of junction,FIAT,PUNTO ACTIVE 8V,Petrol,Male,Skidded,No tow/articulation,Did not leave carriageway,0,Going ahead other,1,Car,No,Front,2019
201045TA56903,C,78,NA,0,Slight,None,12-12-2010,Sunday,1,Data missing or out of range,Not at junction or within 20 metres,51.297751,Daylight,538490,157280,-0.014946,E01030852,1,2,0,0,Frost or ice,Unknown,None,60,09:14:00,Rural,Unknown,No,16 - 20,5,Urban area,9,1242,None,None,Other/Not known (2005-10),Not at or within 20 metres of junction,FIAT,PUNTO ACTIVE 8V,Petrol,Male,Skidded,No tow/articulation,Did not leave carriageway,0,Going ahead other,1,Car,No,Front,2010
201006P031386,A,680,Unclassified,0,Slight,None,11-05-2010,Tuesday,2,Give way or uncontrolled,T or staggered junction,53.624337,Daylight,386670,414220,-2.203024,E01005572,1,2,0,0,Dry,Single carriageway,None,30,19:35:00,Urban,Unknown,No,16 - 20,5,Urban area,4,1229,None,None,Other/Not known (2005-10),Approaching junction or waiting/parked at junction approach,VAUXHALL,CORSA SXI TWINPORT,Petrol,Male,None,No tow/articulation,Did not leave carriageway,0,Moving off,1,Car,No,Offside,2010
201020G005211,A,459,A,4150,Slight,None,27-01-2010,Wednesday,2,Auto traffic signal,Crossroads,52.580348,Daylight,391580,298070,-2.125705,E01010426,1,2,0,0,Dry,Single carriageway,None,30,12:50:00,Urban,Unknown,No,16 - 20,5,Urban area,5,1229,None,None,Other/Not known (2005-10),Approaching junction or waiting/parked at junction approach,VAUXHALL,CORSA SXI+ 16V S-A,Petrol,Male,None,No tow/articulation,Did not leave carriageway,0,Slowing or stopping,2,Car,No,Back,2010
201032D083710,Unclassified,0,Unclassified,0,Slight,None,23-03-2010,Tuesday,1,Give way or uncontrolled,T or staggered junction,53.308882,Daylight,500750,380170,-0.489359,E01026413,1,1,0,0,Dry,Single carriageway,None,30,15:47:00,Rural,Unknown,No,16 - 20,5,Small town,7,49,None,None,Other/Not known (2005-10),Approaching junction or waiting/parked at junction approach,PEUGEOT,SPEEDFIGHT,Petrol,Male,None,No tow/articulation,Did not leave carriageway,0,Slowing or stopping,1,Motorcycle 50cc and under,No,Did not impact,2010
201060L087765,B,5129,Unclassified,0,Slight,None,17-05-2010,Monday,2,Give way or uncontrolled,T or staggered junction,53.193438,Daylight,333280,366730,-3.000121,W01000311,1,2,0,0,Dry,Single carriageway,None,40,12:15:00,Urban,Unknown,No,16 - 20,5,Urban area,NA,998,None,None,Other/Not known (2005-10),Approaching junction or waiting/parked at junction approach,VAUXHALL,CORSA ENERGY TWINPORT,Petrol,Female,None,No tow/articulation,Did not leave carriageway,0,Going ahead other,1,Car,No,Front,2010
201045SP48697,Motorway,25,NA,0,Slight,None,08-09-2020,Saturday,1,Data missing or out of range,Not at junction or within 20 metres,22.7366578,Darkness - lights lit,502960,174020,75.9020118,E01030735,1,2,0,0,Wet or damp,Dual carriageway,None,70,18:30:00,Rural,Fine + high winds,No,21 - 25,5,Urban area,6,1124,None,Central crash barrier,Commuting to/from work,Not at or within 20 metres of junction,PEUGEOT,206 ZEST 3,Petrol,Female,None,No tow/articulation,Offside on to centrl res + rebounded,0,Going ahead other,2,Car,No,Back,2020
201045SP48697,Motorway,25,NA,0,Slight,None,06-02-2010,Saturday,1,Data missing or out of range,Not at junction or within 20 metres,51.455753,Darkness - lights lit,502960,174020,-0.519517,E01030735,1,2,0,0,Wet or damp,Dual carriageway,None,70,18:30:00,Rural,Fine + high winds,No,21 - 25,5,Urban area,6,1124,None,Central crash barrier,Commuting to/from work,Not at or within 20 metres of junction,PEUGEOT,206 ZEST 3,Petrol,Female,None,No tow/articulation,Offside on to centrl res + rebounded,0,Going ahead other,2,Car,No,Back,2010
201042I343710,Motorway,11,NA,0,Slight,None,24-10-2020,Sunday,1,Not at junction or within 20 metres,Not at junction or within 20 metres,14.684316,Darkness - lights lit,547960,201680,78.63018181,E01021800,1,1,0,0,Wet or damp,Dual carriageway,None,70,02:00:00,Rural,Fine no high winds,No,21 - 25,5,Urban area,9,1998,None,Near/Offside crash barrier,Other/Not known (2005-10),Not at or within 20 metres of junction,HONDA,CIVIC TYPE-R,Petrol,Male,Skidded,No tow/articulation,Nearside and rebounded,0,Going ahead other,1,Car,No,Front,2019
201050FT2J025,A,3022,NA,,Slight,None,08-11-2019,Saturday,1,Give way or uncontrolled,Private drive or entrance,14.79774566,Darkness - lights lit,290430,64810,78.6155184,E01015258,1,2,0,0,Dry,Single carriageway,None,30,21:53:00,Urban,Fine no high winds,No,21 - 25,5,Urban area,8,2497,None,None,Other/Not known (2005-10),Approaching junction or waiting/parked at junction approach,BMW,525D SPORT AUTO,Heavy oil,Male,None,No tow/articulation,Did not leave carriageway,0,Waiting to turn right,2,Car,No,Offside,2019
201043W036110,A,343,Unclassified,7139,Slight,None,25-09-2020,Wednesday,1,Give way or uncontrolled,T or staggered junction,27.08988502,Darkness - lights lit,447280,166510,93.6163918,E01016347,1,2,0,0,Dry,Single carriageway,None,30,19:34:00,Urban,Fine no high winds,No,21 - 25,5,Urban area,10,1149,None,None,Other/Not known (2005-10),Mid Junction - on roundabout or on main road,RENAULT,CLIO DYNAMIQUE 16V,Petrol,Male,None,No tow/articulation,Did not leave carriageway,0,Going ahead other,1,Car,No,Front,2019
201043S010070,B,4034,C,147,Slight,None,28-04-2021,Friday,1,Give way or uncontrolled,Roundabout,26.76100446,Darkness - lights lit,486830,238210,94.21712626,E01016846,1,2,0,0,Dry,Roundabout,None,70,22:49:00,Urban,Fine no high winds,No,21 - 25,5,Urban area,10,1590,None,None,Other/Not known (2005-10),Leaving roundabout,HONDA,CIVIC SPORT,Petrol,Male,None,No tow/articulation,Did not leave carriageway,0,Going ahead other,2,Car,No,Nearside,2019
201043S086120,C,9002,NA,0,Slight,None,02-04-2021,Saturday,1,Data missing or out of range,Not at junction or within 20 metres,26.7395571,Darkness - lights lit,482500,235380,94.19929029,E01016779,2,2,0,7,Frost or ice,Single carriageway,None,60,00:10:00,Rural,Fine no high winds,No,21 - 25,5,Urban area,1,1360,None,None,Other/Not known (2005-10),Not at or within 20 metres of junction,PEUGEOT,206 SE,Petrol,Male,Skidded,No tow/articulation,Did not leave carriageway,0,Going ahead other,1,Car,No,Front,2019
201042I368111,A,13,Unclassified,0,Slight,None,17-01-2021,Monday,2,Give way or uncontrolled,Mini-roundabout,25.77093944,Darkness - lights lit,576850,188460,87.48312953,E01021476,1,2,0,0,Dry,Roundabout,None,40,21:50:00,Urban,Fine no high winds,No,21 - 25,5,Urban area,3,1598,None,None,Other/Not known (2005-10),Entering roundabout,VAUXHALL,ASTRA DESIGN,Petrol,Male,None,No tow/articulation,Did not leave carriageway,0,Moving off,1,Car,No,Front,2019
201034TN53310,A,45,NA,0,Slight,None,12-04-2020,Sunday,1,Data missing or out of range,Not at junction or within 20 metres,15.30116554,Darkness - lights lit,477240,259550,74.04320519,E01027224,2,3,0,0,Frost or ice,Dual carriageway,None,60,17:00:00,Rural,Fine no high winds,No,21 - 25,5,Urban area,9,1598,None,None,Other/Not known (2005-10),Not at or within 20 metres of junction,ALFA ROMEO,147 T SPARK LUSSO,Petrol,Male,None,No tow/articulation,Did not leave carriageway,0,Waiting to go - held up,3,Car,No,Back,2019
20104100T3111,Motorway,25,Motorway,1,Slight,None,27-05-2019,Friday,1,Give way or uncontrolled,Slip road,28.47532468,Darkness - lights lit,510970,202960,77.10312988,E01023732,3,2,0,0,Dry,Dual carriageway,Roadworks,70,01:45:00,Rural,Fine no high winds,No,21 - 25,5,Urban area,1,1968,None,None,Other/Not known (2005-10),Cleared junction or waiting/parked at junction exit,AUDI,A3 SPORT TDI AUTO,Heavy oil,Male,None,No tow/articulation,Did not leave carriageway,0,Going ahead other,1,Car,No,Front,2019
201042I198906,B,1016,NA,0,Slight,None,06-11-2020,Tuesday,1,Not at junction or within 20 metres,Not at junction or within 20 metres,22.7252711,Darkness - lights lit,591380,184660,75.85013323,E01015893,1,2,0,0,Dry,Single carriageway,None,30,21:45:00,Urban,Fine no high winds,No,21 - 25,5,Data missing or out of range,NA,656,None,None,Journey as part of work,Not at or within 20 metres of junction,SUZUKI,GSF 650 SK5,Petrol,Male,None,No tow/articulation,Did not leave carriageway,0,Overtaking moving vehicle - offside,1,Motorcycle over 500cc,No,Front,2020
201045RU54499,A,317,A,317,Slight,None,03-10-2019,Saturday,1,Give way or uncontrolled,Roundabout,26.45335603,Darkness - lights lit,504980,165650,74.65566318,E01030649,1,1,0,0,Dry,Roundabout,None,30,04:05:00,Rural,Fine no high winds,No,21 - 25,5,Rural,6,1598,None,None,Other/Not known (2005-10),Mid Junction - on roundabout or on main road,RENAULT,MEGANE DYNAMIQUE 16V,Petrol,Male,None,No tow/articulation,Did not leave carriageway,0,Turning right,1,Car,No,Front,2020
2010400C00584,Unclassified,0,NA,0,Slight,None,01-05-2021,Monday,1,Data missing or out of range,Not at junction or within 20 metres,26.47200028,Darkness - lights lit,509900,222180,80.28516706,E01015742,2,3,0,0,Wet or damp,Single carriageway,None,30,22:00:00,Urban,Fine no high winds,No,21 - 25,5,Urban area,4,1753,None,None,Other/Not known (2005-10),Not at or within 20 metres of junction,FORD,TRAN CONNECT LX TDCI LWB,Heavy oil,Male,None,No tow/articulation,Did not leave carriageway,0,Parked,3,Van / Goods 3.5 tonnes mgw or under,No,Back,2020
20104100C0480,A,41,A,41,Slight,None,10-03-2020,Thursday,1,Auto traffic signal,Roundabout,26.45492487,Darkness - lights lit,507570,201390,80.27530129,E01023406,2,1,0,0,Dry,Roundabout,None,60,01:25:00,Rural,Fine no high winds,No,21 - 25,5,Urban area,10,1598,Kerb,Lamp post,Other/Not known (2005-10),Entering roundabout,VAUXHALL,ASTRA CLUB TWINPORT S-A,Petrol,Male,Overturned,No tow/articulation,Nearside,0,Turning left,1,Car,No,Front,2020
201043N044110,C,180,NA,,Slight,None,09-11-2021,Monday,1,Give way or uncontrolled,Private drive or entrance,28.72170119,Darkness - lights lit,481320,214360,77.22809465,E01017665,3,2,0,0,Dry,Single carriageway,None,30,22:15:00,Urban,Fine no high winds,No,21 - 25,5,Urban area,3,3222,None,None,Other/Not known (2005-10),Approaching junction or waiting/parked at junction approach,MERCEDES,E320 CDI AVANTGARDE AUTO,Heavy oil,Male,None,No tow/articulation,Did not leave carriageway,0,Going ahead other,2,Car,No,Front,2021
201043P057120,B,4493,A,4130,Slight,None,31-08-2020,Tuesday,2,Give way or uncontrolled,Roundabout,18.63237337,Darkness - lights lit,451500,190910,73.89255742,E01028621,1,2,0,0,Wet or damp,Single carriageway,None,40,17:00:00,Urban,Fine no high winds,No,21 - 25,5,Data missing or out of range,NA,1061,None,None,Other/Not known (2005-10),Approaching junction or waiting/parked at junction approach,SUZUKI,ALTO GL,Petrol,Male,None,No tow/articulation,Did not leave carriageway,0,Going ahead other,1,Car,No,Front,2021
201034WN19740,C,157,Unclassified,8027,Slight,None,30-09-2020,Saturday,1,Give way or uncontrolled,T or staggered junction,18.50982293,Darkness - lights lit,480150,263580,73.86181508,E01027196,1,2,2,0,Dry,Single carriageway,None,30,21:20:00,Urban,Fine no high winds,No,21 - 25,5,Urban area,3,1798,None,None,Other/Not known (2005-10),Mid Junction - on roundabout or on main road,FORD,MONDEO ZETEC,Petrol,Male,None,No tow/articulation,Did not leave carriageway,0,Waiting to turn right,2,Car,No,Back,2021
201043R024100,A,322,A,3095,Slight,None,12-06-2020,Monday,2,Give way or uncontrolled,Roundabout,19.15865526,Darkness - lights lit,487070,168500,72.89769323,E01016249,1,2,0,0,Wet or damp,Roundabout,None,40,22:00:00,Urban,Fine no high winds,No,21 - 25,5,Urban area,4,124,None,None,Other/Not known (2005-10),Mid Junction - on roundabout or on main road,YAMAHA,DT 125 RE,Petrol,Male,None,No tow/articulation,Did not leave carriageway,0,Going ahead other,2,Motorcycle 125cc and under,No,Front,2021
20104100C1184,A,412,Unclassified,78,Slight,None,02-09-2019,Saturday,1,Give way or uncontrolled,Crossroads,14.74281849,Darkness - lights lit,510240,196540,78.62863166,E01023888,1,2,0,4,Frost or ice,Single carriageway,None,30,19:20:00,Urban,Fine no high winds,No,21 - 25,5,Urban area,6,1598,None,None,Other/Not known (2005-10),Mid Junction - on roundabout or on main road,SKODA,OCTAVIA ELEGANCE FSI A,Petrol,Male,None,No tow/articulation,Did not leave carriageway,0,Going ahead other,1,Car,No,Front,2019
201043S179110,A,509,Unclassified,9097,Slight,None,14-06-2021,Friday,1,Give way or uncontrolled,Roundabout,14.71704486,Darkness - lights lit,485240,239430,78.47399386,E01016718,1,1,0,0,Wet or damp,Roundabout,None,70,18:30:00,Urban,Fine no high winds,No,21 - 25,5,Urban area,10,1364,None,None,Other/Not known (2005-10),Entering roundabout,VAUXHALL,ASTRA CLUB TWINPORT,Petrol,Male,None,No tow/articulation,Straight ahead at junction,0,Going ahead other,1,Car,No,Front,2019
201001BS70291,B,450,B,415,Slight,None,31-05-2010,Monday,1,Auto traffic signal,Crossroads,51.51417,Darkness - lights lit,524460,181000,-0.20776,E01002874,1,2,0,5,Dry,Single carriageway,None,30,21:20:00,Urban,Fine no high winds,No,21 - 25,5,Urban area,6,125,None,None,Other/Not known (2005-10),Mid Junction - on roundabout or on main road,HONDA,ANF 125-5,Petrol,Male,None,No tow/articulation,Did not leave carriageway,0,Going ahead other,2,Motorcycle 125cc and under,No,Front,2010
201001BS70585,A,3220,NA,0,Slight,None,08-10-2010,Friday,1,Data missing or out of range,Not at junction or within 20 metres,51.501934,Darkness - lights lit,524110,179630,-0.213283,E01002866,1,2,0,0,Dry,Single carriageway,None,30,23:10:00,Urban,Fine no high winds,No,21 - 25,5,Urban area,8,1997,None,None,Other/Not known (2005-10),Not at or within 20 metres of junction,PEUGEOT,206 SPORT HDI,Heavy oil,Male,None,No tow/articulation,Did not leave carriageway,0,Going ahead other,1,Car,No,Front,2010
201001CP00001,A,201,C,0,Slight,None,18-01-2010,Monday,1,Give way or uncontrolled,T or staggered junction,51.517593,Darkness - lights lit,531570,181560,-0.105144,E01000004,1,2,0,0,Dry,Single carriageway,Roadworks,30,20:25:00,Urban,Fine no high winds,No,21 - 25,5,Urban area,1,125,None,None,Journey as part of work,Mid Junction - on roundabout or on main road,HONDA,ANF 125-5,Petrol,Male,None,No tow/articulation,Did not leave carriageway,0,Going ahead other,2,Motorcycle 125cc and under,No,Front,2010
201001EO40184,A,105,C,0,Slight,None,03-04-2010,Saturday,2,Give way or uncontrolled,Roundabout,51.551882,Darkness - lights lit,532890,185410,-0.084679,E01002782,1,2,0,1,Dry,Roundabout,None,30,20:45:00,Urban,Fine no high winds,No,21 - 25,5,Urban area,1,125,None,None,Other/Not known (2005-10),Approaching junction or waiting/parked at junction approach,HONDA,SES 125-4,Petrol,Male,None,No tow/articulation,Did not leave carriageway,0,Going ahead right-hand bend,1,Motorcycle 125cc and under,No,Back,2010
201001EO40570,A,503,A,5203,Slight,None,21-09-2010,Tuesday,1,Auto traffic signal,T or staggered junction,51.553046,Darkness - lights lit,530210,185470,-0.123289,E01002764,1,2,0,5,Dry,One way street,None,30,23:14:00,Urban,Fine no high winds,No,21 - 25,5,Urban area,3,125,None,None,Other/Not known (2005-10),Approaching junction or waiting/parked at junction approach,HONDA,ANF 125-5,Petrol,Male,None,No tow/articulation,Did not leave carriageway,0,Going ahead other,1,Motorcycle 125cc and under,No,Offside,2010
201001FH10062,A,4020,B,408,Slight,None,13-02-2010,Saturday,1,Auto traffic signal,Crossroads,51.506643,Darkness - lights lit,521880,180100,-0.245233,E01001861,1,2,0,5,Dry,Single carriageway,None,30,00:20:00,Urban,Fine no high winds,No,21 - 25,5,Urban area,6,125,None,None,Other/Not known (2005-10),Mid Junction - on roundabout or on main road,HONDA,CBR 125 R-5,Petrol,Male,None,No tow/articulation,Did not leave carriageway,0,Going ahead other,2,Motorcycle 125cc and under,No,Front,2010
201001FH10150,A,219,Unclassified,0,Slight,None,25-03-2010,Thursday,1,Give way or uncontrolled,Private drive or entrance,51.512094,Darkness - lights lit,523270,180740,-0.224992,E01001874,1,2,0,1,Wet or damp,Single carriageway,None,30,01:45:00,Urban,Fine no high winds,No,21 - 25,5,Data missing or out of range,NA,1910,None,None,Other/Not known (2005-10),Mid Junction - on roundabout or on main road,VAUXHALL,VECTRA SRI CDTI 8V,Heavy oil,Male,None,No tow/articulation,Did not leave carriageway,0,Turning right,2,Car,No,Front,2010
201001GD10410,A,107,Unclassified,0,Slight,None,25-06-2010,Friday,1,Give way or uncontrolled,T or staggered junction,51.557346,Darkness - lights lit,534860,186070,-0.05603,E01001770,1,2,0,0,Dry,Single carriageway,None,30,00:15:00,Urban,Fine no high winds,No,21 - 25,5,Data missing or out of range,NA,998,None,None,Other/Not known (2005-10),Mid Junction - on roundabout or on main road,PEUGEOT,107 URBAN,Petrol,Male,None,No tow/articulation,Did not leave carriageway,0,Turning left,2,Car,No,Offside,2010
201001HT20126,B,135,A,1205,Slight,None,01-03-2010,Monday,1,Auto traffic signal,Crossroads,51.530736,Darkness - lights lit,536030,183140,-0.040294,E01004230,1,2,0,0,Dry,Single carriageway,None,30,00:15:00,Urban,Fine no high winds,No,21 - 25,5,Urban area,3,125,None,None,Other/Not known (2005-10),Mid Junction - on roundabout or on main road,HONDA,ANF 125-5,Petrol,Male,None,No tow/articulation,Did not leave carriageway,0,Going ahead other,2,Motorcycle over 125cc and up to 500cc,No,Front,2010
201001JI40612,A,123,C,0,Slight,None,21-09-2010,Tuesday,1,Auto traffic signal,Crossroads,51.535729,Darkness - lights lit,545910,183970,0.102386,E01000040,1,2,0,5,Dry,Dual carriageway,None,30,18:00:00,Urban,Fine no high winds,No,21 - 25,5,Urban area,2,1995,None,None,Other/Not known (2005-10),Mid Junction - on roundabout or on main road,BMW,118D SPORT,Heavy oil,Male,None,No tow/articulation,Did not leave carriageway,0,Going ahead other,1,Car,No,Front,2010
201001KF60499,A,117,Unclassified,0,Slight,None,08-08-2010,Sunday,1,Give way or uncontrolled,T or staggered junction,51.53943,Darkness - lights lit,542320,184280,0.050786,E01003531,1,2,0,4,Dry,Single carriageway,None,30,21:24:00,Urban,Fine no high winds,No,21 - 25,5,Urban area,6,1360,None,None,Other/Not known (2005-10),Approaching junction or waiting/parked at junction approach,CITROEN,C4 VTR,Petrol,Male,None,No tow/articulation,Did not leave carriageway,0,Going ahead other,1,Car,No,Front,2010
201001KF60699,A,13,NA,0,Slight,None,01-11-2010,Monday,1,Data missing or out of range,Not at junction or within 20 metres,51.524758,Darkness - lights lit,543840,182690,0.072039,E01003482,1,3,0,0,Dry,Dual carriageway,None,50,18:24:00,Urban,Fine no high winds,No,21 - 25,5,Urban area,1,1198,None,None,Other/Not known (2005-10),Not at or within 20 metres of junction,SEAT,IBIZA AWARD,Petrol,Male,None,No tow/articulation,Did not leave carriageway,0,Changing lane to right,2,Car,No,Offside,2010
201001LX50310,A,215,A,2217,Slight,None,16-04-2010,Friday,1,Auto traffic signal,T or staggered junction,51.471984,Darkness - lights lit,532540,176510,-0.093068,E01003076,2,2,0,5,Dry,Single carriageway,None,30,23:50:00,Urban,Fine no high winds,No,21 - 25,5,Urban area,1,1598,None,None,Other/Not known (2005-10),Approaching junction or waiting/parked at junction approach,VAUXHALL,ASTRA SXI TWINPORT,Petrol,Male,None,No tow/articulation,Did not leave carriageway,0,Overtaking static vehicle - offside,2,Car,No,Nearside,2010