Accident_Index,1st_Road_Class,1st_Road_Number,2nd_Road_Class,2nd_Road_Number,Accident_Severity,Carriageway_Hazards,Date,Day_of_Week,Did_Police_Officer_Attend_Scene_of_Accident,Junction_Control,Junction_Detail,Latitude,Light_Conditions,Location_Easting_OSGR,Location_Northing_OSGR,Longitude,LSOA_of_Accident_Location,Number_of_Casualties,Number_of_Vehicles,Pedestrian_Crossing-Human_Control,Pedestrian_Crossing-Physical_Facilities,Road_Surface_Conditions,Road_Type,Special_Conditions_at_Site,Speed_limit,Time,Urban_or_Rural_Area,Weather_Conditions,InScotland,Age_Band_of_Driver,Age_of_Vehicle,Driver_Home_Area_Type,Driver_IMD_Decile,Engine_Capacity_.CC.,Hit_Object_in_Carriageway,Hit_Object_off_Carriageway,Journey_Purpose_of_Driver,Junction_Location,make,model,Propulsion_Code,Sex_of_Driver,Skidding_and_Overturning,Towing_and_Articulation,Vehicle_Leaving_Carriageway,Vehicle_Location.Restricted_Lane,Vehicle_Manoeuvre,Vehicle_Reference,Vehicle_Type,Was_Vehicle_Left_Hand_Drive,X1st_Point_of_Impact,Year
201006B029839,C,0,C,0,Slight,None,07-03-2010,Sunday,1,Auto traffic signal,Crossroads,53.462641,Darkness - lights lit,383700,396240,-2.246987,E01005208,2,2,0,0,Dry,Single carriageway,None,30,18:35:00,Urban,Fine no high winds,No,21 - 25,5,Urban area,1,1328,None,None,Other/Not known (2005-10),Mid Junction - on roundabout or on main road,SUZUKI,SWIFT GL,Petrol,Female,None,No tow/articulation,Did not leave carriageway,0,Going ahead other,1,Car,No,Front,2010
201006B037886,Unclassified,0,A,6010,Slight,None,29-10-2010,Friday,1,Give way or uncontrolled,T or staggered junction,53.447325,Darkness - lights lit,385570,394530,-2.218742,E01005281,4,2,0,4,Wet or damp,Single carriageway,None,30,23:04:00,Urban,Fine no high winds,No,21 - 25,5,Urban area,2,2993,None,None,Other/Not known (2005-10),Mid Junction - on roundabout or on main road,BMW,530D M SPORT AUTO,Heavy oil,Female,None,No tow/articulation,Nearside,9,Going ahead left-hand bend,1,Car,No,Front,2010
201006B038738,A,34,Unclassified,0,Slight,None,05-11-2010,Friday,1,Give way or uncontrolled,Crossroads,53.455512,Darkness - lights lit,385850,395440,-2.214567,E01005284,1,3,0,0,Dry,Single carriageway,None,30,17:20:00,Urban,Fine no high winds,No,21 - 25,5,Urban area,1,1560,None,None,Other/Not known (2005-10),Mid Junction - on roundabout or on main road,PEUGEOT,307 SPORT HDI,Heavy oil,Female,None,No tow/articulation,Did not leave carriageway,0,Going ahead other,1,Car,No,Nearside,2010
201006G027856,A,635,Unclassified,0,Slight,None,14-02-2010,Sunday,1,Give way or uncontrolled,Crossroads,53.476211,Darkness - lights lit,391040,397730,-2.136473,E01005969,1,2,0,0,Dry,Single carriageway,None,30,01:20:00,Urban,Fine no high winds,No,21 - 25,5,Urban area,2,1686,None,None,Other/Not known (2005-10),Mid Junction - on roundabout or on main road,VAUXHALL,ASTRA SXI CDTI 100,Heavy oil,Female,None,No tow/articulation,Did not leave carriageway,0,Going ahead other,1,Car,No,Front,2010
201006XM39349,Motorway,60,Motorway,60,Slight,None,23-11-2010,Tuesday,1,Give way or uncontrolled,T or staggered junction,53.412999,Darkness - lights lit,382930,390720,-2.258283,E01005267,1,2,0,0,Dry,Slip road,None,70,18:20:00,Rural,Fine no high winds,No,21 - 25,5,Urban area,5,1299,None,None,Other/Not known (2005-10),Mid Junction - on roundabout or on main road,FORD,KA,Petrol,Female,None,No tow/articulation,Did not leave carriageway,0,Going ahead other,2,Car,No,Back,2010
201014B134510,Unclassified,0,NA,0,Slight,None,15-12-2010,Wednesday,1,Not at junction or within 20 metres,Not at junction or within 20 metres,53.585821,Darkness - lights lit,432920,410030,-1.504187,E01007357,1,3,0,0,Dry,Single carriageway,None,30,21:25:00,Urban,Fine no high winds,No,21 - 25,5,Urban area,6,1560,None,None,Other/Not known (2005-10),Not at or within 20 metres of junction,FORD,FOCUS ZETEC CLIMATE TDCI,Heavy oil,Female,None,No tow/articulation,Did not leave carriageway,0,Parked,1,Car,No,Offside,2010
201014K077810,C,754,NA,0,Slight,None,17-03-2010,Wednesday,2,Not at junction or within 20 metres,Not at junction or within 20 metres,53.425607,Darkness - lights lit,438850,392250,-1.416811,E01007852,1,2,0,0,Dry,Single carriageway,None,40,20:15:00,Urban,Fine no high winds,No,21 - 25,5,Urban area,7,1299,None,None,Other/Not known (2005-10),Not at or within 20 metres of junction,FORD,KA,Petrol,Female,None,No tow/articulation,Did not leave carriageway,0,Going ahead other,1,Car,No,Nearside,2010
201014K308210,A,61,NA,0,Slight,None,03-11-2010,Wednesday,2,Not at junction or within 20 metres,Not at junction or within 20 metres,53.387066,Darkness - lights lit,434710,387930,-1.479586,E01008065,1,2,0,0,Wet or damp,Dual carriageway,None,40,19:40:00,Urban,Fine no high winds,No,21 - 25,5,Urban area,10,1364,None,None,Other/Not known (2005-10),Not at or within 20 metres of junction,VAUXHALL,TIGRA TWINPORT,Petrol,Female,None,No tow/articulation,Did not leave carriageway,0,Waiting to go - held up,1,Car,No,Back,2010
2010160D07791,Unclassified,0,NA,0,Slight,None,01-11-2010,Monday,1,Data missing or out of range,Not at junction or within 20 metres,53.746523,Darkness - lights lit,508550,429050,-0.355413,E01012852,1,2,0,0,Dry,Single carriageway,None,20,20:21:00,Urban,Fine no high winds,No,21 - 25,5,Urban area,1,1896,None,None,Journey as part of work,Not at or within 20 metres of junction,VOLKSWAGEN,PASSAT TRENDLINE TDI 100,Heavy oil,Female,None,No tow/articulation,Did not leave carriageway,0,U-turn,2,Car,No,Offside,2010
201020G002060,Unclassified,0,Unclassified,0,Slight,None,09-04-2010,Friday,1,Give way or uncontrolled,Mini-roundabout,52.600833,Darkness - lights lit,390880,300350,-2.136099,E01010522,1,2,0,0,Dry,Single carriageway,None,30,21:30:00,Urban,Fine no high winds,No,21 - 25,5,Urban area,2,1398,None,None,Other/Not known (2005-10),Cleared junction or waiting/parked at junction exit,CITROEN,C2 SX HDI,Heavy oil,Female,None,No tow/articulation,Did not leave carriageway,0,U-turn,1,Car,No,Offside,2010
201020G004030,A,449,Unclassified,0,Slight,None,04-06-2010,Friday,1,Give way or uncontrolled,Roundabout,52.596705,Darkness - lights lit,391330,299890,-2.129443,E01010522,1,2,0,4,Dry,Dual carriageway,None,40,00:47:00,Urban,Fine no high winds,No,21 - 25,5,Data missing or out of range,NA,1587,None,None,Other/Not known (2005-10),Cleared junction or waiting/parked at junction exit,PEUGEOT,307 S,Petrol,Female,None,No tow/articulation,Did not leave carriageway,0,Going ahead other,1,Car,No,Front,2010
201020K004680,Unclassified,0,Unclassified,0,Slight,None,02-05-2010,Sunday,2,Give way or uncontrolled,Mini-roundabout,52.512089,Darkness - lights lit,401320,290470,-1.98199,E01010107,2,2,0,0,Dry,Roundabout,None,30,21:50:00,Urban,Fine no high winds,No,21 - 25,5,Urban area,3,1390,None,None,Other/Not known (2005-10),Leaving roundabout,SEAT,IBIZA SPORT 16V,Petrol,Female,None,No tow/articulation,Did not leave carriageway,0,Turning right,2,Car,No,Front,2010
201020L500300,A,41,Unclassified,0,Slight,None,09-11-2010,Tuesday,1,Give way or uncontrolled,T or staggered junction,52.442987,Darkness - lights lit,412860,282800,-1.812241,E01008895,1,2,0,0,Dry,Single carriageway,None,30,20:50:00,Urban,Fine no high winds,No,21 - 25,5,Urban area,7,1149,None,None,Other/Not known (2005-10),Mid Junction - on roundabout or on main road,RENAULT,CLIO AUTHENTIQUE,Petrol,Female,None,No tow/articulation,Did not leave carriageway,0,Going ahead other,2,Car,No,Nearside,2010
201020W014900,A,34,A,4540,Slight,None,03-06-2010,Thursday,1,Auto traffic signal,Crossroads,52.492356,Darkness - lights lit,407190,288280,-1.895542,E01008914,3,2,0,5,Dry,Dual carriageway,None,30,23:28:00,Urban,Fine no high winds,No,21 - 25,5,Urban area,4,1598,None,None,Other/Not known (2005-10),Mid Junction - on roundabout or on main road,MINI,MINI ONE SEVEN,Petrol,Female,None,No tow/articulation,Did not leave carriageway,0,Turning right,1,Car,No,Nearside,2010
201020W040090,A,457,NA,0,Slight,None,01-10-2010,Friday,1,Data missing or out of range,Not at junction or within 20 metres,52.486725,Darkness - lights lit,403910,287650,-1.943859,E01009152,1,1,0,0,Wet or damp,Single carriageway,None,30,19:40:00,Urban,Fine no high winds,No,21 - 25,5,Urban area,1,1910,None,None,Other/Not known (2005-10),Not at or within 20 metres of junction,VAUXHALL,ASTRA SRI CDTI 150 XPACK,Heavy oil,Female,None,No tow/articulation,Did not leave carriageway,0,Going ahead other,1,Car,No,Nearside,2010
20103102D3235,A,6011,Unclassified,0,Slight,None,10-12-2010,Friday,1,Give way or uncontrolled,T or staggered junction,52.939872,Darkness - lights lit,458590,338410,-1.129625,E01028416,1,2,0,0,Dry,Single carriageway,None,30,17:18:00,Urban,Fine no high winds,No,21 - 25,5,Rural,8,1390,None,None,Other/Not known (2005-10),Mid Junction - on roundabout or on main road,SEAT,IBIZA SPORT 16V,Petrol,Female,None,No tow/articulation,Did not leave carriageway,0,Changing lane to left,1,Car,No,Nearside,2010
20103104A0319,Unclassified,0,Unclassified,0,Slight,None,15-02-2010,Monday,1,Give way or uncontrolled,T or staggered junction,53.14506,Darkness - lights lit,453590,361180,-1.200238,E01028284,3,2,0,7,Wet or damp,One way street,None,30,17:58:00,Urban,Fine no high winds,No,21 - 25,5,Urban area,4,1124,None,None,Other/Not known (2005-10),Approaching junction or waiting/parked at junction approach,PEUGEOT,206 ZEST 3,Petrol,Female,None,No tow/articulation,Did not leave carriageway,0,Moving off,1,Car,No,Front,2010
201032B390710,Unclassified,0,NA,0,Slight,Other object on road,18-12-2010,Saturday,1,Data missing or out of range,Not at junction or within 20 metres,52.781635,Darkness - lights lit,523800,322030,-0.165907,E01026263,2,2,0,0,Wet or damp,Single carriageway,None,30,17:48:00,Urban,Fine no high winds,No,21 - 25,5,Urban area,4,1398,None,None,Other/Not known (2005-10),Not at or within 20 metres of junction,PEUGEOT,206 SW S HDI,Heavy oil,Female,None,No tow/articulation,Did not leave carriageway,0,Slowing or stopping,1,Car,No,Front,2010
201032D353310,C,971,Unclassified,0,Slight,None,10-11-2010,Wednesday,1,Give way or uncontrolled,Crossroads,53.247089,Darkness - lights lit,499160,373260,-0.515368,E01026152,2,2,0,1,Dry,Single carriageway,None,30,19:39:00,Urban,Fine no high winds,No,21 - 25,5,Urban area,2,1686,None,None,Commuting to/from work,Approaching junction or waiting/parked at junction approach,VAUXHALL,ASTRA LIFE CDTI,Heavy oil,Female,None,No tow/articulation,Did not leave carriageway,0,Slowing or stopping,2,Car,No,Back,2010
201032D381010,A,15,C,971,Slight,None,09-12-2010,Thursday,1,Auto traffic signal,Crossroads,53.242356,Darkness - lights lit,499480,372740,-0.510736,E01026123,1,2,0,5,Snow,Single carriageway,None,30,18:30:00,Urban,Fine no high winds,No,21 - 25,5,Small town,10,1299,None,Near/Offside crash barrier,Other/Not known (2005-10),Approaching junction or waiting/parked at junction approach,FORD,KA,Petrol,Female,None,No tow/articulation,Nearside,0,Going ahead other,2,Car,No,Front,2010
201043S010120,C,162,Unclassified,1027,Slight,None,09-05-2021,Monday,1,Give way or uncontrolled,Roundabout,8.882293351,Darkness - lights lit,487980,233440,76.63533567,E01016710,1,2,0,0,Wet or damp,Roundabout,None,30,16:30:00,Urban,Fog or mist,No,21 - 25,5,Data missing or out of range,NA,1598,None,None,Other/Not known (2005-10),Entering roundabout,VAUXHALL,ASTRA SXI,Petrol,Male,None,No tow/articulation,Did not leave carriageway,0,Turning right,1,Car,No,Offside,2020
201034TM47500,Motorway,1,Motorway,1,Slight,None,17-08-2020,Saturday,1,Give way or uncontrolled,Slip road,19.12646435,Darkness - lights lit,475810,254540,72.83045975,E01027278,2,4,0,0,Wet or damp,Slip road,None,70,19:10:00,Rural,Fog or mist,No,21 - 25,5,Rural,9,1870,None,None,Other/Not known (2005-10),Cleared junction or waiting/parked at junction exit,RENAULT,LAGUNA DY-MIQUE DCI 120HP,Heavy oil,Male,None,No tow/articulation,Did not leave carriageway,0,Going ahead other,4,Car,No,Nearside,2021
201034TM47500,Motorway,1,Motorway,1,Slight,None,20-11-2010,Saturday,1,Give way or uncontrolled,Slip road,52.18387,Darkness - lights lit,475810,254540,-0.892586,E01027278,2,4,0,0,Wet or damp,Slip road,None,70,19:10:00,Rural,Fog or mist,No,21 - 25,5,Rural,9,1870,None,None,Other/Not known (2005-10),Cleared junction or waiting/parked at junction exit,RENAULT,LAGUNA DY-MIQUE DCI 120HP,Heavy oil,Male,None,No tow/articulation,Did not leave carriageway,0,Going ahead other,4,Car,No,Nearside,2010
201043S010120,C,162,Unclassified,1027,Slight,None,06-12-2010,Monday,1,Give way or uncontrolled,Roundabout,51.992408,Darkness - lights lit,487980,233440,-0.720063,E01016710,1,2,0,0,Wet or damp,Roundabout,None,30,16:30:00,Urban,Fog or mist,No,21 - 25,5,Data missing or out of range,NA,1598,None,None,Other/Not known (2005-10),Entering roundabout,VAUXHALL,ASTRA SXI,Petrol,Male,None,No tow/articulation,Did not leave carriageway,0,Turning right,1,Car,No,Offside,2010
201006X040304,Motorway,66,NA,0,Slight,None,11-12-2010,Saturday,1,Data missing or out of range,Not at junction or within 20 metres,53.567756,Darkness - lights lit,382180,407940,-2.27055,E01005054,2,2,0,0,Wet or damp,Dual carriageway,None,70,21:35:00,Rural,Fog or mist,No,21 - 25,5,Data missing or out of range,NA,2497,None,None,Other/Not known (2005-10),Not at or within 20 metres of junction,BMW,525D SE,Heavy oil,Male,None,No tow/articulation,Did not leave carriageway,0,Going ahead other,2,Car,No,Back,2010
201045RE57161,B,2218,NA,0,Slight,None,19-07-2021,Wednesday,1,Data missing or out of range,Not at junction or within 20 metres,25.79119546,Darkness - lights lit,525790,160930,87.47047146,E01030563,1,1,0,0,Frost or ice,Single carriageway,None,40,21:38:00,Rural,Other,No,21 - 25,5,Data missing or out of range,NA,1870,None,Lamp post,Commuting to/from work,Not at or within 20 metres of junction,RENAULT,LAGUNA EXPRESSION DCI 120,Heavy oil,Male,None,No tow/articulation,Nearside,0,Going ahead other,1,Car,No,Front,2019
201043P097120,A,4130,A,329,Slight,None,09-04-2020,Thursday,1,Give way or uncontrolled,Roundabout,23.05745756,Darkness - lights lit,460410,188000,72.56223224,E01028617,1,1,0,0,Wet or damp,Roundabout,None,60,21:43:00,Rural,Other,No,21 - 25,5,Small town,7,1998,Bollard or refuge,Road sign or traffic signal,Other/Not known (2005-10),Mid Junction - on roundabout or on main road,HONDA,CIVIC TYPE-R,Petrol,Male,Skidded,No tow/articulation,Offside,0,Going ahead other,1,Car,No,Front,2019
201054ES44410,A,36,Unclassified,0,Slight,None,28-05-2020,Friday,1,Give way or uncontrolled,T or staggered junction,28.71732944,Darkness - lights lit,412410,130700,77.35849071,E01032001,1,3,0,0,Wet or damp,Single carriageway,None,50,17:39:00,Urban,Other,No,21 - 25,5,Urban area,5,2000,None,None,Journey as part of work,Entering main road,VOLKSWAGEN,GOLF GT TDI,Heavy oil,Male,None,No tow/articulation,Did not leave carriageway,0,Turning right,3,Car,No,Front,2020
201001BS70219,C,0,Unclassified,0,Slight,None,30-04-2010,Friday,1,Give way or uncontrolled,T or staggered junction,51.479117,Darkness - lights lit,526500,177150,-0.179756,E01002841,1,2,0,0,Wet or damp,Single carriageway,None,30,21:17:00,Urban,Other,No,21 - 25,5,Urban area,4,125,None,None,Other/Not known (2005-10),Mid Junction - on roundabout or on main road,HONDA,ANF 125-5,Petrol,Male,None,No tow/articulation,Did not leave carriageway,0,Going ahead other,2,Motorcycle 125cc and under,No,Front,2010
201001EO40016,A,1200,Unclassified,0,Slight,None,13-01-2010,Wednesday,1,Give way or uncontrolled,T or staggered junction,51.541485,Darkness - lights lit,532010,184230,-0.097807,E01002793,1,2,0,1,Wet or damp,Single carriageway,None,30,20:37:00,Urban,Other,No,21 - 25,5,Data missing or out of range,NA,49,None,None,Journey as part of work,Cleared junction or waiting/parked at junction exit,PEUGEOT,LUDIX ELEGANCE,Petrol,Male,None,No tow/articulation,Did not leave carriageway,0,Going ahead other,1,Motorcycle 50cc and under,No,Front,2010
201043P097120,A,4130,A,329,Slight,None,02-12-2010,Thursday,1,Give way or uncontrolled,Roundabout,51.587574,Darkness - lights lit,460410,188000,-1.129438,E01028617,1,1,0,0,Wet or damp,Roundabout,None,60,21:43:00,Rural,Other,No,21 - 25,5,Small town,7,1998,Bollard or refuge,Road sign or traffic signal,Other/Not known (2005-10),Mid Junction - on roundabout or on main road,HONDA,CIVIC TYPE-R,Petrol,Male,Skidded,No tow/articulation,Offside,0,Going ahead other,1,Car,No,Front,2010
201045RE57161,B,2218,NA,0,Slight,None,22-12-2010,Wednesday,1,Data missing or out of range,Not at junction or within 20 metres,51.333501,Darkness - lights lit,525790,160930,-0.195722,E01030563,1,1,0,0,Frost or ice,Single carriageway,None,40,21:38:00,Rural,Other,No,21 - 25,5,Data missing or out of range,NA,1870,None,Lamp post,Commuting to/from work,Not at or within 20 metres of junction,RENAULT,LAGUNA EXPRESSION DCI 120,Heavy oil,Male,None,No tow/articulation,Nearside,0,Going ahead other,1,Car,No,Front,2010
201054ES44410,A,36,Unclassified,0,Slight,None,10-12-2010,Friday,1,Give way or uncontrolled,T or staggered junction,51.075434,Darkness - lights lit,412410,130700,-1.824252,E01032001,1,3,0,0,Wet or damp,Single carriageway,None,50,17:39:00,Urban,Other,No,21 - 25,5,Urban area,5,2000,None,None,Journey as part of work,Entering main road,VOLKSWAGEN,GOLF GT TDI,Heavy oil,Male,None,No tow/articulation,Did not leave carriageway,0,Turning right,3,Car,No,Front,2010
201001TW60385,B,358,Unclassified,0,Slight,None,26-11-2010,Friday,1,Give way or uncontrolled,T or staggered junction,51.430855,Darkness - lights lit,515110,171510,-0.345533,E01003812,1,2,0,0,Frost or ice,Single carriageway,None,30,21:14:00,Urban,Other,No,21 - 25,5,Urban area,5,125,None,None,Other/Not known (2005-10),Mid Junction - on roundabout or on main road,HONDA,ANF 125-5,Petrol,Male,None,No tow/articulation,Did not leave carriageway,0,Going ahead other,1,Motorcycle 125cc and under,No,Nearside,2010
201001YE80880,A,406,NA,0,Slight,None,06-12-2010,Monday,1,Data missing or out of range,Not at junction or within 20 metres,51.61113,Darkness - lights lit,535420,192070,-0.045644,E01001559,3,3,0,0,Wet or damp,Dual carriageway,None,50,16:25:00,Urban,Other,No,21 - 25,5,Urban area,1,1998,None,None,Other/Not known (2005-10),Not at or within 20 metres of junction,HONDA,CIVIC TYPE-R,Petrol,Male,None,No tow/articulation,Did not leave carriageway,0,Going ahead other,2,Car,No,Back,2010
201014A201910,B,1396,C,86,Slight,None,16-12-2010,Thursday,2,Give way or uncontrolled,Roundabout,53.509154,Darkness - lights lit,462630,401800,-1.057084,E01007603,1,2,0,0,Frost or ice,Single carriageway,None,40,23:00:00,Rural,Other,No,21 - 25,5,Small town,8,1242,None,None,Other/Not known (2005-10),Entering roundabout,FIAT,PUNTO ACTIVE SPORT 16V,Petrol,Male,None,No tow/articulation,Did not leave carriageway,0,Going ahead other,2,Car,No,Nearside,2010
201020H000911,A,454,NA,0,Slight,None,02-01-2010,Saturday,1,Data missing or out of range,Not at junction or within 20 metres,52.590834,Darkness - lights lit,403230,299230,-1.953764,E01010317,2,1,0,0,Frost or ice,Dual carriageway,None,40,18:07:00,Rural,Other,No,21 - 25,5,Urban area,7,1493,Kerb,Central crash barrier,Other/Not known (2005-10),Not at or within 20 metres of junction,MITSUBISHI,COLT DI-D EQUIPPE,Heavy oil,Male,Skidded and overturned,No tow/articulation,Offside - crossed central reservation,0,Going ahead other,1,Car,No,Nearside,2010
201020M500190,B,4101,Unclassified,0,Slight,None,29-12-2010,Wednesday,1,Auto traffic signal,T or staggered junction,52.402029,Darkness - lights lit,428560,278310,-1.581649,E01009701,2,2,0,5,Frost or ice,Single carriageway,None,30,22:30:00,Urban,Other,No,21 - 25,5,Urban area,6,1560,None,None,Other/Not known (2005-10),Mid Junction - on roundabout or on main road,CITROEN,C4 SX HDI 110,Heavy oil,Male,None,No tow/articulation,Did not leave carriageway,0,Going ahead other,2,Car,No,Offside,2010
201011NE28910,Unclassified,0,Unclassified,0,Slight,None,18-11-2010,Thursday,2,Give way or uncontrolled,T or staggered junction,54.772214,Darkness - lights lit,442630,542120,-1.338848,E01020759,2,2,0,0,Wet or damp,Single carriageway,None,40,17:30:00,Urban,Other,No,21 - 25,5,Small town,5,1870,None,None,Commuting to/from work,Approaching junction or waiting/parked at junction approach,RENAULT,MEGANE MONACO DCI 130,Heavy oil,Female,None,No tow/articulation,Did not leave carriageway,0,Parked,2,Car,No,Back,2010
201014B120910,B,6428,Unclassified,0,Slight,None,15-11-2010,Monday,1,Give way or uncontrolled,T or staggered junction,53.590194,Darkness - lights lit,433410,410520,-1.496733,E01007356,1,3,0,0,Wet or damp,Single carriageway,None,30,18:28:00,Urban,Other,No,21 - 25,5,Urban area,8,1299,None,None,Other/Not known (2005-10),Cleared junction or waiting/parked at junction exit,TOYOTA,YARIS COLOUR COLLECTION,Petrol,Female,None,No tow/articulation,Did not leave carriageway,0,Going ahead other,2,Car,No,Front,2010
201045RU56059,B,3121,NA,0,Slight,None,10-11-2020,Friday,1,Data missing or out of range,Not at junction or within 20 metres,18.53363575,Darkness - lights lit,504100,164230,73.86035012,E01030662,1,1,0,0,Wet or damp,Single carriageway,None,30,18:00:00,Urban,Raining + high winds,No,21 - 25,5,Urban area,6,124,None,None,Other/Not known (2005-10),Not at or within 20 metres of junction,TAIWAN GOLDEN BEE,DELIVERY 125,Petrol,Male,None,No tow/articulation,Did not leave carriageway,0,Going ahead other,1,Motorcycle over 125cc and up to 500cc,No,Did not impact,2021
201045RU56059,B,3121,NA,0,Slight,None,12-11-2010,Friday,1,Data missing or out of range,Not at junction or within 20 metres,51.367545,Darkness - lights lit,504100,164230,-0.505986,E01030662,1,1,0,0,Wet or damp,Single carriageway,None,30,18:00:00,Urban,Raining + high winds,No,21 - 25,5,Urban area,6,124,None,None,Other/Not known (2005-10),Not at or within 20 metres of junction,TAIWAN GOLDEN BEE,DELIVERY 125,Petrol,Male,None,No tow/articulation,Did not leave carriageway,0,Going ahead other,1,Motorcycle over 125cc and up to 500cc,No,Did not impact,2010
201030C000774,A,619,A,618,Slight,None,04-11-2010,Thursday,1,Auto traffic signal,Crossroads,53.288472,Darkness - lights lit,449350,377090,-1.261168,E01019479,1,2,0,0,Wet or damp,Single carriageway,None,50,18:21:00,Rural,Raining + high winds,No,21 - 25,5,Urban area,5,1596,None,Road sign or traffic signal,Other/Not known (2005-10),Leaving main road,FORD,FOCUS ZETEC CLIMATE 116,Petrol,Male,None,No tow/articulation,Did not leave carriageway,0,Turning right,1,Car,No,Nearside,2010
201014K295010,A,6135,B,6080,Slight,None,02-11-2010,Tuesday,1,Auto traffic signal,T or staggered junction,53.392815,Darkness - lights lit,436100,388580,-1.458613,E01007876,1,2,0,0,Wet or damp,Single carriageway,None,30,19:06:00,Urban,Raining + high winds,No,21 - 25,5,Urban area,3,1598,None,None,Other/Not known (2005-10),Mid Junction - on roundabout or on main road,VAUXHALL,ASTRA SXI TWINPORT,Petrol,Female,None,No tow/articulation,Did not leave carriageway,0,Moving off,1,Car,No,Front,2010
201045SP54668,Unclassified,3236,Unclassified,0,Slight,None,04-11-2021,Friday,1,Give way or uncontrolled,Mini-roundabout,15.32591865,Darkness - lights lit,506260,172290,73.95727832,E01030707,1,3,0,0,Wet or damp,Roundabout,None,30,20:16:00,Urban,Raining no high winds,No,21 - 25,5,Urban area,7,1229,None,None,Other/Not known (2005-10),Entering roundabout,VAUXHALL,CORSA BREEZE,Petrol,Male,None,No tow/articulation,Did not leave carriageway,0,Going ahead right-hand bend,1,Car,No,Nearside,2019
20104100T3274,Motorway,25,NA,0,Slight,None,07-03-2019,Friday,1,Not at junction or within 20 metres,Not at junction or within 20 metres,8.872389394,Darkness - lights lit,521650,201270,76.633548,E01023584,1,2,0,0,Wet or damp,Dual carriageway,None,70,19:45:00,Rural,Raining no high winds,No,21 - 25,5,Data missing or out of range,NA,1598,None,Central crash barrier,Other/Not known (2005-10),Not at or within 20 metres of junction,RENAULT,,Petrol,Male,Skidded,No tow/articulation,Offside on to centrl res + rebounded,0,Going ahead other,1,Car,No,Nearside,2020
201045SP53174,B,378,NA,0,Slight,None,25-03-2021,Saturday,1,Data missing or out of range,Not at junction or within 20 metres,18.55627758,Darkness - lights lit,505590,173500,73.77960871,E01030745,2,1,0,0,Wet or damp,Single carriageway,None,30,20:16:00,Rural,Raining no high winds,No,21 - 25,5,Urban area,10,1686,None,Other permanent object,Other/Not known (2005-10),Not at or within 20 metres of junction,VAUXHALL,ASTRA CLUB CDTI 100,Heavy oil,Male,Skidded,No tow/articulation,Offside,0,Going ahead right-hand bend,1,Car,No,Front,2021
201001CW10324,Unclassified,0,NA,0,Slight,None,28-02-2010,Sunday,1,Data missing or out of range,Not at junction or within 20 metres,51.541237,Darkness - lights lit,526010,184050,-0.184344,E01000966,1,2,0,0,Wet or damp,Single carriageway,None,30,18:18:00,Urban,Raining no high winds,No,21 - 25,5,Urban area,4,124,None,None,Journey as part of work,Not at or within 20 metres of junction,HONDA,CG 125-4,Petrol,Male,None,No tow/articulation,Did not leave carriageway,0,Going ahead other,1,Motorcycle 125cc and under,No,Front,2010
201001EO40587,A,1201,Unclassified,0,Slight,None,29-09-2010,Wednesday,1,Give way or uncontrolled,T or staggered junction,51.558944,Darkness - lights lit,531900,186170,-0.098665,E01002749,1,2,0,0,Wet or damp,Single carriageway,None,30,21:20:00,Urban,Raining no high winds,No,21 - 25,5,Urban area,1,49,None,None,Other/Not known (2005-10),Approaching junction or waiting/parked at junction approach,PEUGEOT,LUDIX ELEGANCE,Petrol,Male,None,No tow/articulation,Did not leave carriageway,0,Overtaking static vehicle - offside,2,Motorcycle 125cc and under,No,Front,2010
201001EO40727,B,515,C,0,Slight,None,12-11-2010,Friday,2,Auto traffic signal,Crossroads,51.54952,Darkness - lights lit,531080,185100,-0.110886,E01002761,1,2,0,5,Wet or damp,Single carriageway,None,30,21:00:00,Urban,Raining no high winds,No,21 - 25,5,Urban area,2,125,None,None,Other/Not known (2005-10),Mid Junction - on roundabout or on main road,HONDA,ANF 125-5,Petrol,Male,None,No tow/articulation,Did not leave carriageway,0,Going ahead other,1,Motorcycle 50cc and under,No,Front,2010
201001FH10482,A,4020,B,408,Slight,None,14-09-2010,Tuesday,1,Auto traffic signal,Crossroads,51.506643,Darkness - lights lit,521880,180100,-0.245233,E01001861,1,2,0,5,Wet or damp,Single carriageway,None,30,22:05:00,Urban,Raining no high winds,No,21 - 25,5,Urban area,3,124,None,None,Other/Not known (2005-10),Mid Junction - on roundabout or on main road,HONDA,CG 125-4,Petrol,Male,None,No tow/articulation,Did not leave carriageway,0,Going ahead other,1,Motorcycle 125cc and under,No,Offside,2010
201001KF60336,A,13,A,1011,Slight,None,07-06-2010,Monday,1,Give way or uncontrolled,Roundabout,51.515539,Darkness - lights lit,539390,181540,0.007481,E01003497,2,2,0,7,Wet or damp,Roundabout,None,30,23:57:00,Urban,Raining no high winds,No,21 - 25,5,Urban area,2,1686,None,None,Other/Not known (2005-10),Approaching junction or waiting/parked at junction approach,VAUXHALL,ASTRA CLUB CDTI 100,Heavy oil,Male,None,No tow/articulation,Did not leave carriageway,0,Slowing or stopping,1,Car,No,Back,2010
201001KG70438,A,124,Unclassified,0,Slight,None,06-11-2010,Saturday,1,Give way or uncontrolled,T or staggered junction,51.56257,Darkness - lights lit,549780,187070,0.159463,E01000061,1,2,0,0,Wet or damp,Single carriageway,None,30,16:59:00,Urban,Raining no high winds,No,21 - 25,5,Urban area,3,2979,None,None,Other/Not known (2005-10),Mid Junction - on roundabout or on main road,BMW,330 CI SPORT AUTO,Petrol,Male,None,No tow/articulation,Did not leave carriageway,0,Moving off,1,Car,No,Did not impact,2010