Accident_Index,1st_Road_Class,1st_Road_Number,2nd_Road_Class,2nd_Road_Number,Accident_Severity,Carriageway_Hazards,Date,Day_of_Week,Did_Police_Officer_Attend_Scene_of_Accident,Junction_Control,Junction_Detail,Latitude,Light_Conditions,Location_Easting_OSGR,Location_Northing_OSGR,Longitude,LSOA_of_Accident_Location,Number_of_Casualties,Number_of_Vehicles,Pedestrian_Crossing-Human_Control,Pedestrian_Crossing-Physical_Facilities,Road_Surface_Conditions,Road_Type,Special_Conditions_at_Site,Speed_limit,Time,Urban_or_Rural_Area,Weather_Conditions,InScotland,Age_Band_of_Driver,Age_of_Vehicle,Driver_Home_Area_Type,Driver_IMD_Decile,Engine_Capacity_.CC.,Hit_Object_in_Carriageway,Hit_Object_off_Carriageway,Journey_Purpose_of_Driver,Junction_Location,make,model,Propulsion_Code,Sex_of_Driver,Skidding_and_Overturning,Towing_and_Articulation,Vehicle_Leaving_Carriageway,Vehicle_Location.Restricted_Lane,Vehicle_Manoeuvre,Vehicle_Reference,Vehicle_Type,Was_Vehicle_Left_Hand_Drive,X1st_Point_of_Impact,Year
201001HT20766,A,11,A,11,Slight,None,19-10-2010,Tuesday,1,Give way or uncontrolled,T or staggered junction,51.519426,Daylight,534850,181850,-0.057789,E01004322,1,1,0,4,Dry,Dual carriageway,None,30,07:27:00,Urban,Fine no high winds,No,21 - 25,5,Urban area,3,124,None,None,Other/Not known (2005-10),Approaching junction or waiting/parked at junction approach,APRILIA,LEONARDO SPORT CITY 125,Petrol,Male,Skidded,No tow/articulation,Did not leave carriageway,0,Slowing or stopping,1,Motorcycle 125cc and under,No,Did not impact,2010
201001HT20855,A,13,Unclassified,0,Slight,None,14-11-2010,Sunday,1,Give way or uncontrolled,T or staggered junction,51.51086,Daylight,537580,180970,-0.018809,E01004244,1,1,0,4,Wet or damp,Single carriageway,None,30,08:53:00,Urban,Fine no high winds,No,21 - 25,5,Urban area,9,2993,Bollard or refuge,None,Other/Not known (2005-10),Cleared junction or waiting/parked at junction exit,BMW,530D SPORT AUTO,Heavy oil,Male,Skidded,No tow/articulation,Did not leave carriageway,0,Going ahead other,1,Car,No,Front,2010
201001JC30216,Unclassified,0,Unclassified,0,Slight,None,06-05-2010,Thursday,2,Stop sign,Crossroads,51.579019,Daylight,537770,188560,-0.013104,E01004406,1,2,0,0,Dry,Single carriageway,None,30,20:20:00,Urban,Fine no high winds,No,21 - 25,5,Urban area,4,1596,None,None,Other/Not known (2005-10),Mid Junction - on roundabout or on main road,FORD,FUSION ZETEC CLIMATE AUTO,Petrol,Male,None,No tow/articulation,Did not leave carriageway,0,Going ahead other,1,Car,No,Offside,2010
201001JC30535,A,503,Unclassified,0,Slight,None,11-10-2010,Monday,1,Give way or uncontrolled,T or staggered junction,51.588078,Daylight,536360,189530,-0.033063,E01004396,1,2,0,0,Dry,Single carriageway,None,30,14:00:00,Urban,Fine no high winds,No,21 - 25,5,Urban area,5,998,None,None,Other/Not known (2005-10),Leaving main road,VAUXHALL,CORSA LIFE TWINPORT,Petrol,Male,None,No tow/articulation,Did not leave carriageway,0,Turning right,2,Car,No,Nearside,2010
201001JI40417,Unclassified,0,NA,0,Slight,None,06-07-2010,Tuesday,1,Data missing or out of range,Not at junction or within 20 metres,51.557575,Daylight,544470,186360,0.082619,E01003686,1,2,0,0,Dry,Single carriageway,None,30,19:26:00,Urban,Fine no high winds,No,21 - 25,5,Urban area,3,1796,None,None,Other/Not known (2005-10),Not at or within 20 metres of junction,VAUXHALL,ASTRA DESIGN,Petrol,Male,None,No tow/articulation,Did not leave carriageway,0,Turning right,2,Car,No,Offside,2010
201001JI40702,C,0,NA,0,Slight,None,01-11-2010,Monday,1,Data missing or out of range,Not at junction or within 20 metres,51.597111,Daylight,540920,190660,0.033168,E01003762,1,1,0,0,Dry,Dual carriageway,None,30,16:27:00,Urban,Fine no high winds,No,21 - 25,5,Data missing or out of range,NA,1598,None,None,Commuting to/from work,Not at or within 20 metres of junction,VOLKSWAGEN,GOLF FSI SPORT,Petrol,Male,None,No tow/articulation,Did not leave carriageway,0,Going ahead other,1,Car,No,Front,2010
201001KD50301,Unclassified,0,NA,0,Slight,None,08-06-2010,Tuesday,2,Data missing or out of range,Not at junction or within 20 metres,51.599066,Daylight,549720,191130,0.160328,E01002326,1,2,0,0,Dry,Single carriageway,None,30,18:00:00,Urban,Fine no high winds,No,21 - 25,5,Urban area,7,1229,None,None,Other/Not known (2005-10),Not at or within 20 metres of junction,VAUXHALL,CORSA SXI TWINPORT,Petrol,Male,None,No tow/articulation,Did not leave carriageway,0,Waiting to go - held up,1,Car,No,Back,2010
201001KD50368,C,0,C,0,Slight,None,12-07-2010,Monday,1,Give way or uncontrolled,T or staggered junction,51.621109,Daylight,554270,193720,0.227109,E01002276,1,2,0,0,Dry,Single carriageway,None,30,17:00:00,Rural,Fine no high winds,No,21 - 25,5,Urban area,2,1248,None,None,Other/Not known (2005-10),Mid Junction - on roundabout or on main road,VAUXHALL,ASTRA LIFE CDTI,Heavy oil,Male,None,No tow/articulation,Did not leave carriageway,0,Turning right,1,Car,No,Front,2010
201001KD50596,A,127,C,0,Slight,None,07-11-2010,Sunday,1,Auto traffic signal,Crossroads,51.586725,Daylight,554170,189890,0.223983,E01002377,1,2,0,0,Dry,Dual carriageway,None,50,09:33:00,Urban,Fine no high winds,No,21 - 25,5,Urban area,10,1998,None,None,Other/Not known (2005-10),Approaching junction or waiting/parked at junction approach,RENAULT,LAGUNA INITIALE T 16V A,Petrol,Male,None,No tow/articulation,Did not leave carriageway,0,Slowing or stopping,2,Car,No,Back,2010
201001KF60537,A,124,Unclassified,0,Slight,None,13-08-2010,Friday,2,Give way or uncontrolled,T or staggered junction,51.530051,Daylight,541380,183210,0.036811,E01003605,1,2,0,0,Dry,Single carriageway,None,30,16:30:00,Urban,Fine no high winds,No,21 - 25,5,Urban area,2,125,None,None,Other/Not known (2005-10),Approaching junction or waiting/parked at junction approach,HONDA,SES 125-4,Petrol,Male,None,No tow/articulation,Did not leave carriageway,0,Going ahead other,1,Motorcycle 125cc and under,No,Nearside,2010
201001KF60800,A,117,A,117,Slight,None,10-12-2010,Friday,1,Auto traffic signal,Crossroads,51.538252,Daylight,542360,184150,0.051309,E01003520,1,1,0,5,Dry,Single carriageway,None,30,17:14:00,Urban,Fine no high winds,No,21 - 25,5,Urban area,3,1399,None,None,Other/Not known (2005-10),Mid Junction - on roundabout or on main road,DAEWOO,LACETTI SE,Petrol,Male,None,No tow/articulation,Did not leave carriageway,0,Going ahead other,1,Car,No,Front,2010
201001KG70403,A,124,Unclassified,0,Slight,None,14-10-2010,Thursday,1,Give way or uncontrolled,T or staggered junction,51.561574,Daylight,549130,186940,0.150037,E01000114,1,2,0,0,Dry,Single carriageway,None,30,13:08:00,Urban,Fine no high winds,No,21 - 25,5,Urban area,5,1598,None,None,Commuting to/from work,Cleared junction or waiting/parked at junction exit,MINI,MINI ONE,Petrol,Male,None,No tow/articulation,Did not leave carriageway,0,Going ahead other,2,Car,No,Front,2010
201001LX50191,Unclassified,0,NA,0,Slight,None,15-03-2010,Monday,1,Data missing or out of range,Not at junction or within 20 metres,51.431136,Daylight,531200,171930,-0.114047,E01003083,1,1,0,0,Dry,Single carriageway,None,30,17:06:00,Urban,Fine no high winds,No,21 - 25,5,Data missing or out of range,NA,3900,None,None,Journey as part of work,Not at or within 20 metres of junction,ALEXANDER DENNIS,,Heavy oil,Male,None,No tow/articulation,Did not leave carriageway,0,Waiting to go - held up,1,Bus or coach (17 or more pass seats),No,Did not impact,2010
201001LX50413,C,0,Unclassified,0,Slight,None,21-05-2010,Friday,1,Give way or uncontrolled,T or staggered junction,51.421884,Daylight,530790,170890,-0.120325,E01003144,1,2,0,0,Dry,Single carriageway,None,30,15:13:00,Urban,Fine no high winds,No,21 - 25,5,Urban area,4,1149,None,None,Other/Not known (2005-10),Mid Junction - on roundabout or on main road,RENAULT,CLIO EXPRESSION 16V,Petrol,Male,None,No tow/articulation,Did not leave carriageway,0,Parked,1,Car,No,Offside,2010
201001LX50508,A,203,C,0,Slight,None,23-06-2010,Wednesday,1,Auto traffic signal,Crossroads,51.474531,Daylight,530470,176740,-0.12277,E01003126,1,2,0,5,Dry,Dual carriageway,None,30,06:47:00,Urban,Fine no high winds,No,21 - 25,5,Urban area,1,125,None,None,Commuting to/from work,Mid Junction - on roundabout or on main road,HONDA,SES 125-4,Petrol,Male,None,No tow/articulation,Did not leave carriageway,0,Going ahead other,2,Motorcycle 125cc and under,No,Front,2010
201001LX50580,A,3,A,3,Slight,None,07-07-2010,Wednesday,1,Give way or uncontrolled,T or staggered junction,51.468575,Daylight,530190,176070,-0.127046,E01003090,1,1,0,0,Dry,Single carriageway,None,30,18:50:00,Urban,Fine no high winds,No,21 - 25,5,Urban area,4,750,Bollard or refuge,None,Other/Not known (2005-10),Approaching junction or waiting/parked at junction approach,KAWASAKI,ZR 750 J2H,Petrol,Male,None,No tow/articulation,Did not leave carriageway,0,Overtaking static vehicle - offside,1,Motorcycle over 500cc,No,Offside,2010
201001LX50694,A,3036,Unclassified,0,Slight,None,09-08-2010,Monday,1,Give way or uncontrolled,Private drive or entrance,51.499528,Daylight,530800,179530,-0.116988,E01003013,1,2,0,4,Dry,Single carriageway,None,30,11:18:00,Urban,Fine no high winds,No,21 - 25,5,Urban area,6,1868,None,None,Journey as part of work,Leaving main road,CITROEN,BERLINGO 600D LX,Heavy oil,Male,None,No tow/articulation,Did not leave carriageway,0,Turning right,2,Van / Goods 3.5 tonnes mgw or under,No,Front,2010
201001LX50730,A,23,A,23,Slight,None,17-08-2010,Tuesday,1,Give way or uncontrolled,T or staggered junction,51.430666,Daylight,530120,171850,-0.129604,E01003118,1,3,0,0,Dry,Single carriageway,None,30,17:09:00,Urban,Fine no high winds,No,21 - 25,5,Urban area,3,124,None,None,Other/Not known (2005-10),Mid Junction - on roundabout or on main road,YAMAHA,NXC 125 CYGNUS,Petrol,Male,None,No tow/articulation,Did not leave carriageway,0,Overtaking static vehicle - offside,3,Motorcycle 125cc and under,No,Nearside,2010
201001LX50781,A,203,Unclassified,0,Slight,None,20-08-2010,Friday,1,Give way or uncontrolled,T or staggered junction,51.464966,Daylight,531030,175690,-0.1151,E01003061,1,2,0,0,Dry,Single carriageway,None,30,09:15:00,Urban,Fine no high winds,No,21 - 25,5,Urban area,7,1198,None,None,Other/Not known (2005-10),Approaching junction or waiting/parked at junction approach,VOLKSWAGEN,POLO S 55,Petrol,Male,None,No tow/articulation,Did not leave carriageway,0,Changing lane to right,1,Car,No,Offside,2010
201001LX50790,A,3,NA,0,Slight,None,06-09-2010,Monday,1,Data missing or out of range,Not at junction or within 20 metres,51.462255,Daylight,529530,175350,-0.136806,E01003041,2,1,0,4,Dry,Single carriageway,None,30,07:50:00,Urban,Fine no high winds,No,21 - 25,5,Urban area,9,124,None,None,Other/Not known (2005-10),Not at or within 20 metres of junction,HONDA,,Petrol,Male,None,No tow/articulation,Did not leave carriageway,0,Going ahead other,1,Motorcycle 125cc and under,No,Front,2010
201001LX50795,A,23,A,23,Slight,None,10-09-2010,Friday,1,Auto traffic signal,T or staggered junction,51.500402,Daylight,530910,179630,-0.115367,E01003013,1,2,0,5,Dry,Single carriageway,None,30,06:55:00,Urban,Fine no high winds,No,21 - 25,5,Urban area,10,1686,None,None,Commuting to/from work,Mid Junction - on roundabout or on main road,VAUXHALL,ASTRA DESIGN CDTI 100,Heavy oil,Male,None,No tow/articulation,Did not leave carriageway,0,Slowing or stopping,2,Car,No,Front,2010
201001PL60614,C,0,Unclassified,0,Slight,None,22-09-2010,Wednesday,1,Give way or uncontrolled,T or staggered junction,51.441993,Daylight,535100,173240,-0.057479,E01003255,1,2,0,0,Dry,Single carriageway,None,30,17:30:00,Urban,Fine no high winds,No,21 - 25,5,Urban area,NA,125,None,None,Other/Not known (2005-10),Mid Junction - on roundabout or on main road,HONDA,SES 125-4,Petrol,Male,None,No tow/articulation,Did not leave carriageway,0,Going ahead other,2,Motorcycle 125cc and under,No,Nearside,2010
201001PL60800,A,212,Unclassified,0,Slight,None,19-10-2010,Tuesday,1,Give way or uncontrolled,T or staggered junction,51.425925,Daylight,536150,171480,-0.043056,E01003326,3,2,0,0,Dry,Single carriageway,None,30,13:07:00,Urban,Fine no high winds,No,21 - 25,5,Urban area,9,1910,None,None,Other/Not known (2005-10),Mid Junction - on roundabout or on main road,VAUXHALL,VECTRA SRI CDTI,Heavy oil,Male,None,No tow/articulation,Did not leave carriageway,0,Turning left,2,Car,No,Front,2010
201001PY20329,C,0,A,208,Slight,None,03-06-2010,Thursday,1,Auto traffic signal,Crossroads,51.427487,Daylight,542950,171840,0.054831,E01001603,1,2,0,5,Dry,Single carriageway,None,30,09:25:00,Urban,Fine no high winds,No,21 - 25,5,Urban area,3,599,None,None,Other/Not known (2005-10),Approaching junction or waiting/parked at junction approach,SUZUKI,GSXR 600 K5,Petrol,Male,None,No tow/articulation,Did not leave carriageway,0,Going ahead other,1,Motorcycle over 500cc,No,Front,2010
201001PY20347,A,222,Unclassified,0,Slight,None,09-06-2010,Wednesday,1,Give way or uncontrolled,T or staggered junction,51.407141,Daylight,537650,169430,-0.02229,E01000770,1,2,0,0,Dry,Single carriageway,None,30,16:00:00,Urban,Fine no high winds,No,21 - 25,5,Urban area,2,2720,None,None,Other/Not known (2005-10),Cleared junction or waiting/parked at junction exit,LAND ROVER,RANGEROVER SPT TDV6 HSE A,Heavy oil,Male,None,No tow/articulation,Did not leave carriageway,0,Slowing or stopping,1,Car,No,Back,2010
201001PY20441,B,228,NA,0,Slight,None,26-07-2010,Monday,1,Data missing or out of range,Not at junction or within 20 metres,51.392695,Daylight,539400,167870,0.002242,E01000827,1,2,0,0,Dry,Single carriageway,None,30,17:22:00,Urban,Fine no high winds,No,21 - 25,5,Data missing or out of range,NA,1997,None,None,Journey as part of work,Not at or within 20 metres of junction,PEUGEOT,BOXER 290 LX SWB HDI,Heavy oil,Male,None,No tow/articulation,Did not leave carriageway,0,Turning right,1,Van / Goods 3.5 tonnes mgw or under,No,Front,2010
201001PY20530,A,222,Unclassified,0,Slight,None,12-09-2010,Sunday,1,Give way or uncontrolled,T or staggered junction,51.401565,Daylight,536550,168780,-0.038346,E01000771,1,2,0,8,Dry,Single carriageway,None,30,17:20:00,Urban,Fine no high winds,No,21 - 25,5,Rural,4,1686,None,None,Other/Not known (2005-10),Cleared junction or waiting/parked at junction exit,VAUXHALL,COMBO 1700 CDTI 16V,Heavy oil,Male,None,No tow/articulation,Did not leave carriageway,0,Waiting to go - held up,2,Van / Goods 3.5 tonnes mgw or under,No,Back,2010
201001PY20604,Unclassified,0,A,222,Slight,None,15-10-2010,Friday,1,Auto traffic signal,Roundabout,51.401852,Daylight,543050,168990,0.05512,E01000649,1,2,0,5,Dry,Roundabout,None,30,07:57:00,Urban,Fine no high winds,No,21 - 25,5,Urban area,7,999,None,None,Other/Not known (2005-10),Mid Junction - on roundabout or on main road,KIA,PICANTO GS,Petrol,Male,None,No tow/articulation,Did not leave carriageway,0,Going ahead other,1,Car,No,Front,2010
201001PY20714,A,224,Unclassified,0,Slight,None,06-12-2010,Monday,1,Give way or uncontrolled,Roundabout,51.346978,Daylight,548880,163050,0.136385,E01000680,1,1,0,0,Frost or ice,Roundabout,None,30,07:49:00,Rural,Fine no high winds,No,21 - 25,5,Urban area,2,125,None,None,Commuting to/from work,Mid Junction - on roundabout or on main road,HONDA,SES 125-4,Petrol,Male,Skidded,No tow/articulation,Did not leave carriageway,0,Going ahead other,1,Motorcycle 125cc and under,No,Did not impact,2010
201001QK50158,A,406,C,0,Slight,None,25-03-2010,Thursday,1,Auto traffic signal,Crossroads,51.551571,Daylight,520670,185070,-0.260958,E01000603,1,2,0,5,Wet or damp,Dual carriageway,None,40,06:00:00,Urban,Fine no high winds,No,21 - 25,5,Urban area,4,1229,None,None,Other/Not known (2005-10),Approaching junction or waiting/parked at junction approach,VAUXHALL,CORSA SXI TWINPORT,Petrol,Male,None,No tow/articulation,Did not leave carriageway,0,Slowing or stopping,2,Car,No,Front,2010
201001RG40084,A,205,Unclassified,0,Slight,None,12-02-2010,Friday,1,Give way or uncontrolled,T or staggered junction,51.455448,Daylight,541820,174920,0.039821,E01001620,1,2,0,0,Dry,Dual carriageway,None,30,16:44:00,Urban,Fine no high winds,No,21 - 25,5,Data missing or out of range,NA,1198,None,None,Other/Not known (2005-10),Approaching junction or waiting/parked at junction approach,VOLKSWAGEN,POLO E,Petrol,Male,None,No tow/articulation,Did not leave carriageway,0,Changing lane to right,2,Car,No,Offside,2010
201001RY10134,Unclassified,0,Unclassified,0,Slight,None,28-03-2010,Sunday,1,Give way or uncontrolled,T or staggered junction,51.45651,Daylight,549910,175270,0.156324,E01000329,1,1,0,0,Dry,Single carriageway,None,30,18:30:00,Urban,Fine no high winds,No,21 - 25,5,Urban area,4,49,Kerb,Other permanent object,Other/Not known (2005-10),Approaching junction or waiting/parked at junction approach,PIAGGIO,NRG,Petrol,Male,None,No tow/articulation,Offside,0,Going ahead other,1,Motorcycle 50cc and under,No,Front,2010
201001RY10206,A,207,A,207,Slight,None,13-05-2010,Thursday,1,Auto traffic signal,T or staggered junction,51.455828,Daylight,549430,175180,0.149382,E01000362,2,2,0,5,Dry,Single carriageway,None,30,18:00:00,Urban,Fine no high winds,No,21 - 25,5,Urban area,7,1560,None,None,Other/Not known (2005-10),Mid Junction - on roundabout or on main road,CITROEN,C4 VTR+ HDI,Heavy oil,Male,None,No tow/articulation,Did not leave carriageway,0,Going ahead other,1,Car,No,Offside,2010
201001SX20347,A,5,Unclassified,0,Slight,None,02-04-2010,Friday,1,Give way or uncontrolled,T or staggered junction,51.5798,Daylight,521880,188240,-0.242417,E01000313,1,2,0,0,Dry,Single carriageway,None,30,14:05:00,Urban,Fine no high winds,No,21 - 25,5,Urban area,4,125,None,None,Other/Not known (2005-10),Mid Junction - on roundabout or on main road,HONDA,ANF 125-5,Petrol,Male,None,No tow/articulation,Did not leave carriageway,0,Going ahead other,2,Motorcycle 125cc and under,No,Nearside,2010
201001SX20368,A,5,Unclassified,0,Slight,None,10-04-2010,Saturday,1,Give way or uncontrolled,T or staggered junction,51.60141,Daylight,520020,190600,-0.268441,E01002123,1,3,0,0,Dry,Single carriageway,None,30,13:05:00,Urban,Fine no high winds,No,21 - 25,5,Rural,7,1248,None,None,Other/Not known (2005-10),Mid Junction - on roundabout or on main road,VAUXHALL,ASTRA LIFE CDTI 90,Heavy oil,Male,None,No tow/articulation,Did not leave carriageway,9,Slowing or stopping,2,Car,No,Back,2010
201001SX20615,A,1000,A,110,Slight,None,09-06-2010,Wednesday,1,Auto traffic signal,More than 4 arms (not roundabout),51.646849,Daylight,525540,195790,-0.186921,E01000268,1,2,0,0,Dry,Single carriageway,None,30,14:00:00,Urban,Fine no high winds,No,21 - 25,5,Urban area,1,125,None,None,Other/Not known (2005-10),Cleared junction or waiting/parked at junction exit,HONDA,SES 125-4,Petrol,Male,None,No tow/articulation,Did not leave carriageway,0,Going ahead other,1,Motorcycle 125cc and under,No,Nearside,2010
201001SX20772,A,1,NA,0,Slight,None,18-07-2010,Sunday,1,Data missing or out of range,Not at junction or within 20 metres,51.604297,Daylight,522060,190970,-0.238871,E01000260,1,2,0,0,Dry,Dual carriageway,None,50,19:13:00,Urban,Fine no high winds,No,21 - 25,5,Urban area,6,1796,Kerb,Other permanent object,Other/Not known (2005-10),Not at or within 20 metres of junction,VAUXHALL,ASTRA CLUB,Petrol,Male,None,No tow/articulation,Nearside,0,Overtaking - nearside,1,Car,No,Nearside,2010
201001TA00169,Unclassified,0,Unclassified,0,Slight,None,15-07-2010,Thursday,1,Give way or uncontrolled,T or staggered junction,51.518112,Daylight,533570,181670,-0.076295,E01004307,1,1,0,0,Dry,Single carriageway,None,30,20:17:00,Urban,Fine no high winds,No,21 - 25,5,Rural,6,1050,Kerb,Other permanent object,Other/Not known (2005-10),Approaching junction or waiting/parked at junction approach,TRIUMPH,SPEED TRIPLE 1050,Petrol,Male,Skidded,No tow/articulation,Nearside,0,Going ahead other,1,Motorcycle over 500cc,No,Nearside,2010
201001TB00614,A,203,A,3,Slight,None,27-09-2010,Monday,1,Auto traffic signal,Crossroads,51.472096,Daylight,530510,176470,-0.122294,E01003093,2,1,0,5,Dry,Single carriageway,None,30,09:25:00,Urban,Fine no high winds,No,21 - 25,5,Urban area,8,656,None,None,Other/Not known (2005-10),Approaching junction or waiting/parked at junction approach,SUZUKI,GSF 650 SK5,Petrol,Male,None,No tow/articulation,Did not leave carriageway,0,Overtaking static vehicle - offside,1,Motorcycle over 500cc,No,Front,2010
201034NK52950,A,6,A,14,Slight,None,27-12-2010,Monday,1,Give way or uncontrolled,Roundabout,52.374662,Daylight,489770,276000,-0.682744,E01027091,2,1,0,0,Wet or damp,Single carriageway,None,60,15:30:00,Rural,Fine no high winds,No,21 - 25,5,Urban area,2,1997,None,Entered ditch,Other/Not known (2005-10),Mid Junction - on roundabout or on main road,HONDA,S2000,Petrol,Male,None,No tow/articulation,Offside,0,Going ahead other,1,Car,No,Front,2010
201034NW41070,A,510,A,510,Slight,None,12-10-2010,Tuesday,1,Give way or uncontrolled,Roundabout,52.313174,Daylight,490380,269170,-0.675622,E01027330,2,2,0,0,Dry,Roundabout,None,30,16:32:00,Urban,Fine no high winds,No,21 - 25,5,Urban area,6,1998,None,None,Commuting to/from work,Mid Junction - on roundabout or on main road,FORD,TRANSIT 280 SWB,Heavy oil,Male,None,No tow/articulation,Did not leave carriageway,0,Going ahead other,2,Van / Goods 3.5 tonnes mgw or under,No,Front,2010
201034TM23370,Motorway,1,NA,0,Slight,None,11-06-2010,Friday,1,Data missing or out of range,Not at junction or within 20 metres,52.230374,Daylight,467250,259590,-1.016767,E01027287,2,4,0,0,Dry,Dual carriageway,None,70,16:20:00,Rural,Fine no high winds,No,21 - 25,5,Urban area,8,1198,None,None,Commuting to/from work,Not at or within 20 metres of junction,VOLKSWAGEN,POLO S 64,Petrol,Male,None,No tow/articulation,Did not leave carriageway,0,Waiting to go - held up,4,Car,No,Back,2010
201034WN25870,C,151,A,4500,Slight,None,17-06-2010,Thursday,1,Auto traffic signal,Roundabout,52.237608,Daylight,472590,260470,-0.938404,E01027217,1,3,0,0,Dry,Single carriageway,None,30,11:10:00,Urban,Fine no high winds,No,21 - 25,5,Urban area,4,4394,None,None,Other/Not known (2005-10),Cleared junction or waiting/parked at junction exit,LAND ROVER,RANGEROVER SPORT V8 HSE A,Petrol,Male,None,No tow/articulation,Did not leave carriageway,0,Going ahead other,2,Car,No,Front,2010
201034WN53560,A,5123,Unclassified,8402,Slight,None,21-12-2010,Tuesday,1,Auto traffic signal,Crossroads,52.266134,Daylight,477630,263720,-0.863866,E01027219,2,2,0,0,Wet or damp,Single carriageway,None,30,11:55:00,Urban,Fine no high winds,No,21 - 25,5,Urban area,4,1124,None,None,Other/Not known (2005-10),Mid Junction - on roundabout or on main road,CITROEN,C2 L,Petrol,Male,None,No tow/articulation,Did not leave carriageway,0,Going ahead other,1,Car,No,Front,2010
201037B044794,A,1506,NA,0,Slight,None,22-04-2010,Thursday,1,Data missing or out of range,Not at junction or within 20 metres,52.272456,Daylight,570690,266760,0.500319,E01029957,1,2,0,0,Dry,Single carriageway,None,30,07:00:00,Rural,Fine no high winds,No,21 - 25,5,Rural,7,11946,None,None,Journey as part of work,Not at or within 20 metres of junction,MERCEDES,,Heavy oil,Male,None,Articulated vehicle,Did not leave carriageway,0,Going ahead other,1,Goods 7.5 tonnes mgw and over,No,Front,2010
201037B044924,C,445,NA,0,Slight,None,15-05-2010,Saturday,1,Data missing or out of range,Not at junction or within 20 metres,52.134541,Daylight,604190,252670,0.982167,E01030070,1,1,0,0,Dry,Single carriageway,None,60,12:30:00,Rural,Fine no high winds,No,21 - 25,5,Data missing or out of range,NA,1229,None,Other permanent object,Other/Not known (2005-10),Not at or within 20 metres of junction,VAUXHALL,CORSA BREEZE,Petrol,Male,Skidded and overturned,No tow/articulation,Offside,0,Going ahead other,1,Car,No,Front,2010
201037B045363,C,692,Unclassified,9999,Slight,None,21-07-2010,Wednesday,1,Give way or uncontrolled,T or staggered junction,52.248697,Daylight,587670,264730,0.747766,E01030128,1,2,0,0,Dry,Single carriageway,None,30,15:30:00,Urban,Fine no high winds,No,21 - 25,5,Rural,7,1995,None,None,Commuting to/from work,Approaching junction or waiting/parked at junction approach,BMW,318D SE,Heavy oil,Male,None,No tow/articulation,Did not leave carriageway,0,Slowing or stopping,1,Car,No,Front,2010
201037B045765,B,1078,C,447,Slight,None,19-09-2010,Sunday,1,Give way or uncontrolled,T or staggered junction,52.12327,Daylight,605290,251460,0.997486,E01030070,2,2,0,0,Dry,Single carriageway,None,60,18:15:00,Rural,Fine no high winds,No,21 - 25,5,Rural,10,1364,None,None,Other/Not known (2005-10),Mid Junction - on roundabout or on main road,VAUXHALL,CORSA SRI 16V TWINPORT,Petrol,Male,None,No tow/articulation,Did not leave carriageway,0,Turning right,1,Car,No,Front,2010
201037G030388,C,453,Unclassified,5685,Slight,None,12-11-2010,Friday,2,Give way or uncontrolled,T or staggered junction,52.046122,Daylight,615530,243300,1.141683,E01030019,2,2,0,1,Dry,Single carriageway,None,30,13:50:00,Urban,Fine no high winds,No,21 - 25,5,Urban area,1,1242,None,None,Other/Not known (2005-10),Approaching junction or waiting/parked at junction approach,FIAT,PUNTO ACTIVE SPORT 8V,Petrol,Male,None,No tow/articulation,Did not leave carriageway,0,Waiting to go - held up,2,Car,No,Back,2010
2010400B00056,Unclassified,0,NA,0,Slight,None,14-12-2010,Tuesday,1,Data missing or out of range,Not at junction or within 20 metres,52.132825,Daylight,517000,249660,-0.292034,E01017434,1,2,0,0,Wet or damp,Single carriageway,None,30,08:55:00,Urban,Fine no high winds,No,21 - 25,5,Urban area,6,1229,None,None,Taking pupil to/from school,Not at or within 20 metres of junction,VAUXHALL,CORSA SXI+ 16V,Petrol,Male,None,No tow/articulation,Did not leave carriageway,0,Going ahead right-hand bend,1,Car,No,Front,2010
2010400B00686,C,15,NA,0,Slight,None,02-03-2010,Tuesday,1,Data missing or out of range,Not at junction or within 20 metres,52.214446,Daylight,494890,258270,-0.612545,E01017504,1,2,0,0,Frost or ice,Single carriageway,None,60,08:21:00,Rural,Fine no high winds,No,21 - 25,5,Rural,9,1598,Kerb,Entered ditch,Journey as part of work,Not at or within 20 metres of junction,VAUXHALL,ASTRA CLUB TWINPORT,Petrol,Male,None,No tow/articulation,Nearside,0,Going ahead left-hand bend,2,Car,No,Offside,2010
2010400D00673,C,193,NA,0,Slight,None,01-03-2010,Monday,1,Data missing or out of range,Not at junction or within 20 metres,51.924454,Daylight,498200,226070,-0.573369,E01017615,1,3,0,0,Frost or ice,Single carriageway,None,30,08:01:00,Rural,Fine no high winds,No,21 - 25,5,Small town,7,1229,None,None,Journey as part of work,Not at or within 20 metres of junction,VAUXHALL,CORSA DESIGN TWINPORT S-A,Petrol,Male,Skidded,No tow/articulation,Did not leave carriageway,0,Going ahead other,2,Car,No,Front,2010
20104100A0009,Unclassified,432,Unclassified,433,Slight,None,03-01-2010,Sunday,1,Give way or uncontrolled,T or staggered junction,51.858934,Daylight,548950,220030,0.161574,E01023458,1,3,0,0,Wet or damp,Single carriageway,None,30,13:00:00,Urban,Fine no high winds,No,21 - 25,5,Urban area,10,1242,None,None,Other/Not known (2005-10),Mid Junction - on roundabout or on main road,FIAT,PUNTO ACTIVE SPORT 8V,Petrol,Male,None,No tow/articulation,Did not leave carriageway,0,Going ahead other,1,Car,No,Front,2010
20104100A0479,B,1529,Unclassified,349,Slight,None,06-08-2010,Friday,1,Give way or uncontrolled,T or staggered junction,51.863852,Daylight,549040,220580,0.163117,E01023444,1,2,0,0,Dry,Single carriageway,None,30,18:51:00,Urban,Fine no high winds,No,21 - 25,5,Urban area,10,1998,Kerb,None,Other/Not known (2005-10),Mid Junction - on roundabout or on main road,HONDA,CIVIC TYPE-R,Petrol,Male,None,No tow/articulation,Did not leave carriageway,0,Going ahead right-hand bend,1,Car,No,Front,2010