Accident_Index,1st_Road_Class,1st_Road_Number,2nd_Road_Class,2nd_Road_Number,Accident_Severity,Carriageway_Hazards,Date,Day_of_Week,Did_Police_Officer_Attend_Scene_of_Accident,Junction_Control,Junction_Detail,Latitude,Light_Conditions,Location_Easting_OSGR,Location_Northing_OSGR,Longitude,LSOA_of_Accident_Location,Number_of_Casualties,Number_of_Vehicles,Pedestrian_Crossing-Human_Control,Pedestrian_Crossing-Physical_Facilities,Road_Surface_Conditions,Road_Type,Special_Conditions_at_Site,Speed_limit,Time,Urban_or_Rural_Area,Weather_Conditions,InScotland,Age_Band_of_Driver,Age_of_Vehicle,Driver_Home_Area_Type,Driver_IMD_Decile,Engine_Capacity_.CC.,Hit_Object_in_Carriageway,Hit_Object_off_Carriageway,Journey_Purpose_of_Driver,Junction_Location,make,model,Propulsion_Code,Sex_of_Driver,Skidding_and_Overturning,Towing_and_Articulation,Vehicle_Leaving_Carriageway,Vehicle_Location.Restricted_Lane,Vehicle_Manoeuvre,Vehicle_Reference,Vehicle_Type,Was_Vehicle_Left_Hand_Drive,X1st_Point_of_Impact,Year
2010550C31757,A,31,NA,0,Slight,None,24-07-2010,Saturday,1,Not at junction or within 20 metres,Not at junction or within 20 metres,50.790773,Daylight,400750,99030,-1.990747,E01015433,1,2,0,0,Dry,Single carriageway,None,60,11:39:00,Rural,Fine no high winds,No,21 - 25,5,Urban area,9,100,None,None,Other/Not known (2005-10),Not at or within 20 metres of junction,PEUGEOT,VIVACITY 100,Petrol,Male,None,No tow/articulation,Did not leave carriageway,0,Overtaking static vehicle - offside,1,Motorcycle 125cc and under,No,Front,2010
2010550C41789,Unclassified,0,NA,0,Slight,None,23-09-2010,Thursday,1,Not at junction or within 20 metres,Not at junction or within 20 metres,50.735041,Daylight,413590,92850,-1.808808,E01015361,1,1,0,0,Dry,Single carriageway,None,30,15:35:00,Urban,Fine no high winds,No,21 - 25,5,Urban area,5,1198,None,None,Commuting to/from work,Not at or within 20 metres of junction,SEAT,IBIZA SX,Petrol,Male,None,No tow/articulation,Did not leave carriageway,0,Going ahead other,1,Car,No,Offside,2010
2010550C47775,A,347,Unclassified,0,Slight,None,30-10-2010,Saturday,1,Give way or uncontrolled,T or staggered junction,50.72533,Daylight,408800,91760,-1.87671,E01015283,1,4,0,0,Dry,Single carriageway,None,30,12:29:00,Urban,Fine no high winds,No,21 - 25,5,Rural,7,1388,None,None,Other/Not known (2005-10),Entering main road,FORD,FIESTA FLAME,Petrol,Male,None,No tow/articulation,Did not leave carriageway,0,Reversing,1,Car,No,Offside,2010
2010550D45699,B,3081,NA,0,Slight,None,17-10-2010,Sunday,1,Not at junction or within 20 metres,Not at junction or within 20 metres,51.017057,Daylight,383510,124220,-2.23648,E01020451,1,2,0,0,Dry,Single carriageway,None,60,14:05:00,Rural,Fine no high winds,No,21 - 25,5,Urban area,2,599,None,None,Other/Not known (2005-10),Not at or within 20 metres of junction,TRIUMPH,DAYTONA 600,Petrol,Male,Skidded,No tow/articulation,Did not leave carriageway,0,Going ahead left-hand bend,1,Motorcycle over 500cc,No,Front,2010
201060L099090,A,5,Unclassified,0,Slight,None,04-06-2010,Friday,1,Give way or uncontrolled,T or staggered junction,53.19941,Daylight,260720,368960,-4.086581,W01000115,5,2,0,0,Dry,Single carriageway,None,60,18:22:00,Rural,Fine no high winds,No,21 - 25,5,Small town,NA,1587,None,None,Other/Not known (2005-10),Approaching junction or waiting/parked at junction approach,CITROEN,C2 VTS,Petrol,Male,None,No tow/articulation,Did not leave carriageway,0,Turning right,1,Car,No,Back,2010
201060L105045,Unclassified,0,Unclassified,0,Slight,None,12-06-2010,Saturday,2,Give way or uncontrolled,Other junction,53.236775,Daylight,316290,371820,-3.255703,W01000270,2,2,0,0,Dry,Single carriageway,None,60,21:55:00,Rural,Fine no high winds,No,21 - 25,5,Rural,NA,1229,None,None,Other/Not known (2005-10),Entering main road,VAUXHALL,CORSA SXI TWINPORT,Petrol,Male,None,No tow/articulation,Did not leave carriageway,0,Waiting to turn left,2,Car,No,Front,2010
201060L133455,B,5129,Unclassified,0,Slight,None,08-07-2010,Thursday,2,Auto traffic signal,Other junction,53.208456,Daylight,331240,368430,-3.031017,W01000336,1,2,0,0,Dry,Single carriageway,None,30,13:20:00,Urban,Fine no high winds,No,21 - 25,5,Urban area,NA,1364,None,None,Other/Not known (2005-10),Approaching junction or waiting/parked at junction approach,VAUXHALL,CORSA SRI 16V TWINPORT,Petrol,Male,None,No tow/articulation,Did not leave carriageway,0,Going ahead other,1,Car,No,Front,2010
201060L181238,A,55,A,550,Slight,None,28-09-2010,Tuesday,1,Give way or uncontrolled,Roundabout,53.16803,Daylight,330690,363940,-3.038275,W01000327,1,2,0,0,Dry,Roundabout,None,60,15:45:00,Rural,Fine no high winds,No,21 - 25,5,Rural,NA,1998,Kerb,Near/Offside crash barrier,Commuting to/from work,Leaving roundabout,HONDA,CIVIC TYPE-R,Petrol,Male,None,No tow/articulation,Offside,0,Overtaking moving vehicle - offside,2,Car,No,Nearside,2010
201060L181878,B,5129,Unclassified,0,Slight,None,28-09-2010,Tuesday,2,Give way or uncontrolled,Other junction,53.211451,Daylight,330770,368770,-3.038127,W01000334,2,2,0,0,Dry,Single carriageway,None,30,13:10:00,Urban,Fine no high winds,No,21 - 25,5,Small town,NA,1364,None,None,Other/Not known (2005-10),Approaching junction or waiting/parked at junction approach,VAUXHALL,ASTRA BREEZE,Petrol,Male,None,No tow/articulation,Did not leave carriageway,0,Waiting to go - held up,2,Car,No,Back,2010
201060L209470,A,5151,Unclassified,0,Slight,None,11-11-2010,Thursday,1,Give way or uncontrolled,T or staggered junction,53.307383,Daylight,308000,379830,-3.382195,W01000338,2,2,0,0,Wet or damp,Single carriageway,None,60,09:08:00,Rural,Fine no high winds,No,21 - 25,5,Urban area,NA,1598,None,None,Other/Not known (2005-10),Entering main road,RENAULT,MEGANE DY-MIQUE VVT 115 A,Petrol,Male,None,No tow/articulation,Did not leave carriageway,0,Turning left,1,Car,No,Back,2010
201001EO40248,A,1,C,0,Slight,None,23-04-2010,Friday,1,Auto traffic signal,T or staggered junction,51.558396,Daylight,530390,186070,-0.120472,E01002786,1,2,0,5,Dry,Dual carriageway,None,30,12:41:00,Urban,Fine no high winds,No,21 - 25,5,Urban area,1,1229,None,None,Other/Not known (2005-10),Mid Junction - on roundabout or on main road,VAUXHALL,CORSA LIFE TWINPORT,Petrol,Male,None,No tow/articulation,Did not leave carriageway,0,Waiting to turn right,2,Car,No,Back,2010
201001GD10379,Unclassified,0,Unclassified,0,Slight,None,11-06-2010,Friday,1,Give way or uncontrolled,Crossroads,51.562678,Daylight,535110,186670,-0.052195,E01001797,2,3,0,0,Dry,Single carriageway,None,30,14:25:00,Urban,Fine no high winds,No,21 - 25,5,Urban area,2,1242,Parked vehicle,None,Other/Not known (2005-10),Mid Junction - on roundabout or on main road,FIAT,PUNTO DYNAMIC 8V,Petrol,Male,None,No tow/articulation,Did not leave carriageway,0,Going ahead other,1,Car,No,Front,2010
201001GD10810,Unclassified,0,B,108,Slight,None,13-12-2010,Monday,1,Give way or uncontrolled,Crossroads,51.531765,Daylight,533980,183200,-0.069808,E01001774,1,1,0,0,Wet or damp,Single carriageway,None,30,10:01:00,Urban,Fine no high winds,No,21 - 25,5,Data missing or out of range,NA,125,None,None,Other/Not known (2005-10),Mid Junction - on roundabout or on main road,HONDA,SES 125-4,Petrol,Male,Skidded,No tow/articulation,Did not leave carriageway,0,Slowing or stopping,1,Motorcycle 125cc and under,No,Did not impact,2010
201001HT20690,A,1202,Unclassified,0,Slight,None,15-09-2010,Wednesday,1,Give way or uncontrolled,T or staggered junction,51.520607,Daylight,533660,181950,-0.074892,E01004307,1,1,0,0,Dry,Single carriageway,None,30,16:45:00,Urban,Fine no high winds,No,21 - 25,5,Urban area,2,50,None,None,Other/Not known (2005-10),Mid Junction - on roundabout or on main road,PEUGEOT,LUDIX ELEGANCE,Petrol,Male,None,No tow/articulation,Did not leave carriageway,0,Going ahead other,1,Motorcycle 50cc and under,No,Front,2010
201001HT20766,A,11,A,11,Slight,None,19-10-2010,Tuesday,1,Give way or uncontrolled,T or staggered junction,51.519426,Daylight,534850,181850,-0.057789,E01004322,1,1,0,4,Dry,Dual carriageway,None,30,07:27:00,Urban,Fine no high winds,No,21 - 25,5,Urban area,3,124,None,None,Other/Not known (2005-10),Approaching junction or waiting/parked at junction approach,APRILIA,LEONARDO SPORT CITY 125,Petrol,Male,Skidded,No tow/articulation,Did not leave carriageway,0,Slowing or stopping,1,Motorcycle 125cc and under,No,Did not impact,2010
201001HT20855,A,13,Unclassified,0,Slight,None,14-11-2010,Sunday,1,Give way or uncontrolled,T or staggered junction,51.51086,Daylight,537580,180970,-0.018809,E01004244,1,1,0,4,Wet or damp,Single carriageway,None,30,08:53:00,Urban,Fine no high winds,No,21 - 25,5,Urban area,9,2993,Bollard or refuge,None,Other/Not known (2005-10),Cleared junction or waiting/parked at junction exit,BMW,530D SPORT AUTO,Heavy oil,Male,Skidded,No tow/articulation,Did not leave carriageway,0,Going ahead other,1,Car,No,Front,2010
201001JC30216,Unclassified,0,Unclassified,0,Slight,None,06-05-2010,Thursday,2,Stop sign,Crossroads,51.579019,Daylight,537770,188560,-0.013104,E01004406,1,2,0,0,Dry,Single carriageway,None,30,20:20:00,Urban,Fine no high winds,No,21 - 25,5,Urban area,4,1596,None,None,Other/Not known (2005-10),Mid Junction - on roundabout or on main road,FORD,FUSION ZETEC CLIMATE AUTO,Petrol,Male,None,No tow/articulation,Did not leave carriageway,0,Going ahead other,1,Car,No,Offside,2010
201001JC30535,A,503,Unclassified,0,Slight,None,11-10-2010,Monday,1,Give way or uncontrolled,T or staggered junction,51.588078,Daylight,536360,189530,-0.033063,E01004396,1,2,0,0,Dry,Single carriageway,None,30,14:00:00,Urban,Fine no high winds,No,21 - 25,5,Urban area,5,998,None,None,Other/Not known (2005-10),Leaving main road,VAUXHALL,CORSA LIFE TWINPORT,Petrol,Male,None,No tow/articulation,Did not leave carriageway,0,Turning right,2,Car,No,Nearside,2010
201001JI40417,Unclassified,0,NA,0,Slight,None,06-07-2010,Tuesday,1,Data missing or out of range,Not at junction or within 20 metres,51.557575,Daylight,544470,186360,0.082619,E01003686,1,2,0,0,Dry,Single carriageway,None,30,19:26:00,Urban,Fine no high winds,No,21 - 25,5,Urban area,3,1796,None,None,Other/Not known (2005-10),Not at or within 20 metres of junction,VAUXHALL,ASTRA DESIGN,Petrol,Male,None,No tow/articulation,Did not leave carriageway,0,Turning right,2,Car,No,Offside,2010
201001JI40702,C,0,NA,0,Slight,None,01-11-2010,Monday,1,Data missing or out of range,Not at junction or within 20 metres,51.597111,Daylight,540920,190660,0.033168,E01003762,1,1,0,0,Dry,Dual carriageway,None,30,16:27:00,Urban,Fine no high winds,No,21 - 25,5,Data missing or out of range,NA,1598,None,None,Commuting to/from work,Not at or within 20 metres of junction,VOLKSWAGEN,GOLF FSI SPORT,Petrol,Male,None,No tow/articulation,Did not leave carriageway,0,Going ahead other,1,Car,No,Front,2010
201001KD50301,Unclassified,0,NA,0,Slight,None,08-06-2010,Tuesday,2,Data missing or out of range,Not at junction or within 20 metres,51.599066,Daylight,549720,191130,0.160328,E01002326,1,2,0,0,Dry,Single carriageway,None,30,18:00:00,Urban,Fine no high winds,No,21 - 25,5,Urban area,7,1229,None,None,Other/Not known (2005-10),Not at or within 20 metres of junction,VAUXHALL,CORSA SXI TWINPORT,Petrol,Male,None,No tow/articulation,Did not leave carriageway,0,Waiting to go - held up,1,Car,No,Back,2010
201001KD50368,C,0,C,0,Slight,None,12-07-2010,Monday,1,Give way or uncontrolled,T or staggered junction,51.621109,Daylight,554270,193720,0.227109,E01002276,1,2,0,0,Dry,Single carriageway,None,30,17:00:00,Rural,Fine no high winds,No,21 - 25,5,Urban area,2,1248,None,None,Other/Not known (2005-10),Mid Junction - on roundabout or on main road,VAUXHALL,ASTRA LIFE CDTI,Heavy oil,Male,None,No tow/articulation,Did not leave carriageway,0,Turning right,1,Car,No,Front,2010
201001KD50596,A,127,C,0,Slight,None,07-11-2010,Sunday,1,Auto traffic signal,Crossroads,51.586725,Daylight,554170,189890,0.223983,E01002377,1,2,0,0,Dry,Dual carriageway,None,50,09:33:00,Urban,Fine no high winds,No,21 - 25,5,Urban area,10,1998,None,None,Other/Not known (2005-10),Approaching junction or waiting/parked at junction approach,RENAULT,LAGUNA INITIALE T 16V A,Petrol,Male,None,No tow/articulation,Did not leave carriageway,0,Slowing or stopping,2,Car,No,Back,2010
201001KF60537,A,124,Unclassified,0,Slight,None,13-08-2010,Friday,2,Give way or uncontrolled,T or staggered junction,51.530051,Daylight,541380,183210,0.036811,E01003605,1,2,0,0,Dry,Single carriageway,None,30,16:30:00,Urban,Fine no high winds,No,21 - 25,5,Urban area,2,125,None,None,Other/Not known (2005-10),Approaching junction or waiting/parked at junction approach,HONDA,SES 125-4,Petrol,Male,None,No tow/articulation,Did not leave carriageway,0,Going ahead other,1,Motorcycle 125cc and under,No,Nearside,2010
201001KF60800,A,117,A,117,Slight,None,10-12-2010,Friday,1,Auto traffic signal,Crossroads,51.538252,Daylight,542360,184150,0.051309,E01003520,1,1,0,5,Dry,Single carriageway,None,30,17:14:00,Urban,Fine no high winds,No,21 - 25,5,Urban area,3,1399,None,None,Other/Not known (2005-10),Mid Junction - on roundabout or on main road,DAEWOO,LACETTI SE,Petrol,Male,None,No tow/articulation,Did not leave carriageway,0,Going ahead other,1,Car,No,Front,2010
201001KG70403,A,124,Unclassified,0,Slight,None,14-10-2010,Thursday,1,Give way or uncontrolled,T or staggered junction,51.561574,Daylight,549130,186940,0.150037,E01000114,1,2,0,0,Dry,Single carriageway,None,30,13:08:00,Urban,Fine no high winds,No,21 - 25,5,Urban area,5,1598,None,None,Commuting to/from work,Cleared junction or waiting/parked at junction exit,MINI,MINI ONE,Petrol,Male,None,No tow/articulation,Did not leave carriageway,0,Going ahead other,2,Car,No,Front,2010
201001LX50191,Unclassified,0,NA,0,Slight,None,15-03-2010,Monday,1,Data missing or out of range,Not at junction or within 20 metres,51.431136,Daylight,531200,171930,-0.114047,E01003083,1,1,0,0,Dry,Single carriageway,None,30,17:06:00,Urban,Fine no high winds,No,21 - 25,5,Data missing or out of range,NA,3900,None,None,Journey as part of work,Not at or within 20 metres of junction,ALEXANDER DENNIS,,Heavy oil,Male,None,No tow/articulation,Did not leave carriageway,0,Waiting to go - held up,1,Bus or coach (17 or more pass seats),No,Did not impact,2010
201001LX50413,C,0,Unclassified,0,Slight,None,21-05-2010,Friday,1,Give way or uncontrolled,T or staggered junction,51.421884,Daylight,530790,170890,-0.120325,E01003144,1,2,0,0,Dry,Single carriageway,None,30,15:13:00,Urban,Fine no high winds,No,21 - 25,5,Urban area,4,1149,None,None,Other/Not known (2005-10),Mid Junction - on roundabout or on main road,RENAULT,CLIO EXPRESSION 16V,Petrol,Male,None,No tow/articulation,Did not leave carriageway,0,Parked,1,Car,No,Offside,2010
201001LX50508,A,203,C,0,Slight,None,23-06-2010,Wednesday,1,Auto traffic signal,Crossroads,51.474531,Daylight,530470,176740,-0.12277,E01003126,1,2,0,5,Dry,Dual carriageway,None,30,06:47:00,Urban,Fine no high winds,No,21 - 25,5,Urban area,1,125,None,None,Commuting to/from work,Mid Junction - on roundabout or on main road,HONDA,SES 125-4,Petrol,Male,None,No tow/articulation,Did not leave carriageway,0,Going ahead other,2,Motorcycle 125cc and under,No,Front,2010
201001LX50580,A,3,A,3,Slight,None,07-07-2010,Wednesday,1,Give way or uncontrolled,T or staggered junction,51.468575,Daylight,530190,176070,-0.127046,E01003090,1,1,0,0,Dry,Single carriageway,None,30,18:50:00,Urban,Fine no high winds,No,21 - 25,5,Urban area,4,750,Bollard or refuge,None,Other/Not known (2005-10),Approaching junction or waiting/parked at junction approach,KAWASAKI,ZR 750 J2H,Petrol,Male,None,No tow/articulation,Did not leave carriageway,0,Overtaking static vehicle - offside,1,Motorcycle over 500cc,No,Offside,2010
201001LX50694,A,3036,Unclassified,0,Slight,None,09-08-2010,Monday,1,Give way or uncontrolled,Private drive or entrance,51.499528,Daylight,530800,179530,-0.116988,E01003013,1,2,0,4,Dry,Single carriageway,None,30,11:18:00,Urban,Fine no high winds,No,21 - 25,5,Urban area,6,1868,None,None,Journey as part of work,Leaving main road,CITROEN,BERLINGO 600D LX,Heavy oil,Male,None,No tow/articulation,Did not leave carriageway,0,Turning right,2,Van / Goods 3.5 tonnes mgw or under,No,Front,2010
201001LX50730,A,23,A,23,Slight,None,17-08-2010,Tuesday,1,Give way or uncontrolled,T or staggered junction,51.430666,Daylight,530120,171850,-0.129604,E01003118,1,3,0,0,Dry,Single carriageway,None,30,17:09:00,Urban,Fine no high winds,No,21 - 25,5,Urban area,3,124,None,None,Other/Not known (2005-10),Mid Junction - on roundabout or on main road,YAMAHA,NXC 125 CYGNUS,Petrol,Male,None,No tow/articulation,Did not leave carriageway,0,Overtaking static vehicle - offside,3,Motorcycle 125cc and under,No,Nearside,2010
201001LX50781,A,203,Unclassified,0,Slight,None,20-08-2010,Friday,1,Give way or uncontrolled,T or staggered junction,51.464966,Daylight,531030,175690,-0.1151,E01003061,1,2,0,0,Dry,Single carriageway,None,30,09:15:00,Urban,Fine no high winds,No,21 - 25,5,Urban area,7,1198,None,None,Other/Not known (2005-10),Approaching junction or waiting/parked at junction approach,VOLKSWAGEN,POLO S 55,Petrol,Male,None,No tow/articulation,Did not leave carriageway,0,Changing lane to right,1,Car,No,Offside,2010
201001LX50790,A,3,NA,0,Slight,None,06-09-2010,Monday,1,Data missing or out of range,Not at junction or within 20 metres,51.462255,Daylight,529530,175350,-0.136806,E01003041,2,1,0,4,Dry,Single carriageway,None,30,07:50:00,Urban,Fine no high winds,No,21 - 25,5,Urban area,9,124,None,None,Other/Not known (2005-10),Not at or within 20 metres of junction,HONDA,,Petrol,Male,None,No tow/articulation,Did not leave carriageway,0,Going ahead other,1,Motorcycle 125cc and under,No,Front,2010
201001LX50795,A,23,A,23,Slight,None,10-09-2010,Friday,1,Auto traffic signal,T or staggered junction,51.500402,Daylight,530910,179630,-0.115367,E01003013,1,2,0,5,Dry,Single carriageway,None,30,06:55:00,Urban,Fine no high winds,No,21 - 25,5,Urban area,10,1686,None,None,Commuting to/from work,Mid Junction - on roundabout or on main road,VAUXHALL,ASTRA DESIGN CDTI 100,Heavy oil,Male,None,No tow/articulation,Did not leave carriageway,0,Slowing or stopping,2,Car,No,Front,2010
201001PL60614,C,0,Unclassified,0,Slight,None,22-09-2010,Wednesday,1,Give way or uncontrolled,T or staggered junction,51.441993,Daylight,535100,173240,-0.057479,E01003255,1,2,0,0,Dry,Single carriageway,None,30,17:30:00,Urban,Fine no high winds,No,21 - 25,5,Urban area,NA,125,None,None,Other/Not known (2005-10),Mid Junction - on roundabout or on main road,HONDA,SES 125-4,Petrol,Male,None,No tow/articulation,Did not leave carriageway,0,Going ahead other,2,Motorcycle 125cc and under,No,Nearside,2010
201001PL60800,A,212,Unclassified,0,Slight,None,19-10-2010,Tuesday,1,Give way or uncontrolled,T or staggered junction,51.425925,Daylight,536150,171480,-0.043056,E01003326,3,2,0,0,Dry,Single carriageway,None,30,13:07:00,Urban,Fine no high winds,No,21 - 25,5,Urban area,9,1910,None,None,Other/Not known (2005-10),Mid Junction - on roundabout or on main road,VAUXHALL,VECTRA SRI CDTI,Heavy oil,Male,None,No tow/articulation,Did not leave carriageway,0,Turning left,2,Car,No,Front,2010
201001PY20329,C,0,A,208,Slight,None,03-06-2010,Thursday,1,Auto traffic signal,Crossroads,51.427487,Daylight,542950,171840,0.054831,E01001603,1,2,0,5,Dry,Single carriageway,None,30,09:25:00,Urban,Fine no high winds,No,21 - 25,5,Urban area,3,599,None,None,Other/Not known (2005-10),Approaching junction or waiting/parked at junction approach,SUZUKI,GSXR 600 K5,Petrol,Male,None,No tow/articulation,Did not leave carriageway,0,Going ahead other,1,Motorcycle over 500cc,No,Front,2010
201001PY20347,A,222,Unclassified,0,Slight,None,09-06-2010,Wednesday,1,Give way or uncontrolled,T or staggered junction,51.407141,Daylight,537650,169430,-0.02229,E01000770,1,2,0,0,Dry,Single carriageway,None,30,16:00:00,Urban,Fine no high winds,No,21 - 25,5,Urban area,2,2720,None,None,Other/Not known (2005-10),Cleared junction or waiting/parked at junction exit,LAND ROVER,RANGEROVER SPT TDV6 HSE A,Heavy oil,Male,None,No tow/articulation,Did not leave carriageway,0,Slowing or stopping,1,Car,No,Back,2010
201001PY20441,B,228,NA,0,Slight,None,26-07-2010,Monday,1,Data missing or out of range,Not at junction or within 20 metres,51.392695,Daylight,539400,167870,0.002242,E01000827,1,2,0,0,Dry,Single carriageway,None,30,17:22:00,Urban,Fine no high winds,No,21 - 25,5,Data missing or out of range,NA,1997,None,None,Journey as part of work,Not at or within 20 metres of junction,PEUGEOT,BOXER 290 LX SWB HDI,Heavy oil,Male,None,No tow/articulation,Did not leave carriageway,0,Turning right,1,Van / Goods 3.5 tonnes mgw or under,No,Front,2010
201001PY20530,A,222,Unclassified,0,Slight,None,12-09-2010,Sunday,1,Give way or uncontrolled,T or staggered junction,51.401565,Daylight,536550,168780,-0.038346,E01000771,1,2,0,8,Dry,Single carriageway,None,30,17:20:00,Urban,Fine no high winds,No,21 - 25,5,Rural,4,1686,None,None,Other/Not known (2005-10),Cleared junction or waiting/parked at junction exit,VAUXHALL,COMBO 1700 CDTI 16V,Heavy oil,Male,None,No tow/articulation,Did not leave carriageway,0,Waiting to go - held up,2,Van / Goods 3.5 tonnes mgw or under,No,Back,2010
201001PY20604,Unclassified,0,A,222,Slight,None,15-10-2010,Friday,1,Auto traffic signal,Roundabout,51.401852,Daylight,543050,168990,0.05512,E01000649,1,2,0,5,Dry,Roundabout,None,30,07:57:00,Urban,Fine no high winds,No,21 - 25,5,Urban area,7,999,None,None,Other/Not known (2005-10),Mid Junction - on roundabout or on main road,KIA,PICANTO GS,Petrol,Male,None,No tow/articulation,Did not leave carriageway,0,Going ahead other,1,Car,No,Front,2010
201001PY20714,A,224,Unclassified,0,Slight,None,06-12-2010,Monday,1,Give way or uncontrolled,Roundabout,51.346978,Daylight,548880,163050,0.136385,E01000680,1,1,0,0,Frost or ice,Roundabout,None,30,07:49:00,Rural,Fine no high winds,No,21 - 25,5,Urban area,2,125,None,None,Commuting to/from work,Mid Junction - on roundabout or on main road,HONDA,SES 125-4,Petrol,Male,Skidded,No tow/articulation,Did not leave carriageway,0,Going ahead other,1,Motorcycle 125cc and under,No,Did not impact,2010
201001QK50158,A,406,C,0,Slight,None,25-03-2010,Thursday,1,Auto traffic signal,Crossroads,51.551571,Daylight,520670,185070,-0.260958,E01000603,1,2,0,5,Wet or damp,Dual carriageway,None,40,06:00:00,Urban,Fine no high winds,No,21 - 25,5,Urban area,4,1229,None,None,Other/Not known (2005-10),Approaching junction or waiting/parked at junction approach,VAUXHALL,CORSA SXI TWINPORT,Petrol,Male,None,No tow/articulation,Did not leave carriageway,0,Slowing or stopping,2,Car,No,Front,2010
201001RG40084,A,205,Unclassified,0,Slight,None,12-02-2010,Friday,1,Give way or uncontrolled,T or staggered junction,51.455448,Daylight,541820,174920,0.039821,E01001620,1,2,0,0,Dry,Dual carriageway,None,30,16:44:00,Urban,Fine no high winds,No,21 - 25,5,Data missing or out of range,NA,1198,None,None,Other/Not known (2005-10),Approaching junction or waiting/parked at junction approach,VOLKSWAGEN,POLO E,Petrol,Male,None,No tow/articulation,Did not leave carriageway,0,Changing lane to right,2,Car,No,Offside,2010
201001RY10134,Unclassified,0,Unclassified,0,Slight,None,28-03-2010,Sunday,1,Give way or uncontrolled,T or staggered junction,51.45651,Daylight,549910,175270,0.156324,E01000329,1,1,0,0,Dry,Single carriageway,None,30,18:30:00,Urban,Fine no high winds,No,21 - 25,5,Urban area,4,49,Kerb,Other permanent object,Other/Not known (2005-10),Approaching junction or waiting/parked at junction approach,PIAGGIO,NRG,Petrol,Male,None,No tow/articulation,Offside,0,Going ahead other,1,Motorcycle 50cc and under,No,Front,2010
201001RY10206,A,207,A,207,Slight,None,13-05-2010,Thursday,1,Auto traffic signal,T or staggered junction,51.455828,Daylight,549430,175180,0.149382,E01000362,2,2,0,5,Dry,Single carriageway,None,30,18:00:00,Urban,Fine no high winds,No,21 - 25,5,Urban area,7,1560,None,None,Other/Not known (2005-10),Mid Junction - on roundabout or on main road,CITROEN,C4 VTR+ HDI,Heavy oil,Male,None,No tow/articulation,Did not leave carriageway,0,Going ahead other,1,Car,No,Offside,2010
201001SX20347,A,5,Unclassified,0,Slight,None,02-04-2010,Friday,1,Give way or uncontrolled,T or staggered junction,51.5798,Daylight,521880,188240,-0.242417,E01000313,1,2,0,0,Dry,Single carriageway,None,30,14:05:00,Urban,Fine no high winds,No,21 - 25,5,Urban area,4,125,None,None,Other/Not known (2005-10),Mid Junction - on roundabout or on main road,HONDA,ANF 125-5,Petrol,Male,None,No tow/articulation,Did not leave carriageway,0,Going ahead other,2,Motorcycle 125cc and under,No,Nearside,2010
201001SX20368,A,5,Unclassified,0,Slight,None,10-04-2010,Saturday,1,Give way or uncontrolled,T or staggered junction,51.60141,Daylight,520020,190600,-0.268441,E01002123,1,3,0,0,Dry,Single carriageway,None,30,13:05:00,Urban,Fine no high winds,No,21 - 25,5,Rural,7,1248,None,None,Other/Not known (2005-10),Mid Junction - on roundabout or on main road,VAUXHALL,ASTRA LIFE CDTI 90,Heavy oil,Male,None,No tow/articulation,Did not leave carriageway,9,Slowing or stopping,2,Car,No,Back,2010
201001SX20615,A,1000,A,110,Slight,None,09-06-2010,Wednesday,1,Auto traffic signal,More than 4 arms (not roundabout),51.646849,Daylight,525540,195790,-0.186921,E01000268,1,2,0,0,Dry,Single carriageway,None,30,14:00:00,Urban,Fine no high winds,No,21 - 25,5,Urban area,1,125,None,None,Other/Not known (2005-10),Cleared junction or waiting/parked at junction exit,HONDA,SES 125-4,Petrol,Male,None,No tow/articulation,Did not leave carriageway,0,Going ahead other,1,Motorcycle 125cc and under,No,Nearside,2010
201001SX20772,A,1,NA,0,Slight,None,18-07-2010,Sunday,1,Data missing or out of range,Not at junction or within 20 metres,51.604297,Daylight,522060,190970,-0.238871,E01000260,1,2,0,0,Dry,Dual carriageway,None,50,19:13:00,Urban,Fine no high winds,No,21 - 25,5,Urban area,6,1796,Kerb,Other permanent object,Other/Not known (2005-10),Not at or within 20 metres of junction,VAUXHALL,ASTRA CLUB,Petrol,Male,None,No tow/articulation,Nearside,0,Overtaking - nearside,1,Car,No,Nearside,2010
201001TA00169,Unclassified,0,Unclassified,0,Slight,None,15-07-2010,Thursday,1,Give way or uncontrolled,T or staggered junction,51.518112,Daylight,533570,181670,-0.076295,E01004307,1,1,0,0,Dry,Single carriageway,None,30,20:17:00,Urban,Fine no high winds,No,21 - 25,5,Rural,6,1050,Kerb,Other permanent object,Other/Not known (2005-10),Approaching junction or waiting/parked at junction approach,TRIUMPH,SPEED TRIPLE 1050,Petrol,Male,Skidded,No tow/articulation,Nearside,0,Going ahead other,1,Motorcycle over 500cc,No,Nearside,2010
201001TB00614,A,203,A,3,Slight,None,27-09-2010,Monday,1,Auto traffic signal,Crossroads,51.472096,Daylight,530510,176470,-0.122294,E01003093,2,1,0,5,Dry,Single carriageway,None,30,09:25:00,Urban,Fine no high winds,No,21 - 25,5,Urban area,8,656,None,None,Other/Not known (2005-10),Approaching junction or waiting/parked at junction approach,SUZUKI,GSF 650 SK5,Petrol,Male,None,No tow/articulation,Did not leave carriageway,0,Overtaking static vehicle - offside,1,Motorcycle over 500cc,No,Front,2010
201001TW60075,A,205,Unclassified,0,Slight,None,06-04-2010,Tuesday,1,Give way or uncontrolled,T or staggered junction,51.464078,Daylight,520030,175320,-0.273501,E01003804,1,2,0,0,Dry,Single carriageway,None,30,08:46:00,Urban,Fine no high winds,No,21 - 25,5,Urban area,9,1998,None,None,Journey as part of work,Mid Junction - on roundabout or on main road,FORD,TRANSIT 280 MWB,Heavy oil,Male,None,No tow/articulation,Did not leave carriageway,0,Turning right,1,Van / Goods 3.5 tonnes mgw or under,No,Front,2010