Accident_Index,1st_Road_Class,1st_Road_Number,2nd_Road_Class,2nd_Road_Number,Accident_Severity,Carriageway_Hazards,Date,Day_of_Week,Did_Police_Officer_Attend_Scene_of_Accident,Junction_Control,Junction_Detail,Latitude,Light_Conditions,Location_Easting_OSGR,Location_Northing_OSGR,Longitude,LSOA_of_Accident_Location,Number_of_Casualties,Number_of_Vehicles,Pedestrian_Crossing-Human_Control,Pedestrian_Crossing-Physical_Facilities,Road_Surface_Conditions,Road_Type,Special_Conditions_at_Site,Speed_limit,Time,Urban_or_Rural_Area,Weather_Conditions,InScotland,Age_Band_of_Driver,Age_of_Vehicle,Driver_Home_Area_Type,Driver_IMD_Decile,Engine_Capacity_.CC.,Hit_Object_in_Carriageway,Hit_Object_off_Carriageway,Journey_Purpose_of_Driver,Junction_Location,make,model,Propulsion_Code,Sex_of_Driver,Skidding_and_Overturning,Towing_and_Articulation,Vehicle_Leaving_Carriageway,Vehicle_Location.Restricted_Lane,Vehicle_Manoeuvre,Vehicle_Reference,Vehicle_Type,Was_Vehicle_Left_Hand_Drive,X1st_Point_of_Impact,Year
201001TX20448,A,315,Unclassified,0,Slight,None,15-07-2010,Thursday,1,Give way or uncontrolled,T or staggered junction,51.492035,Daylight,519580,178420,-0.278927,E01002692,1,2,0,1,Dry,Single carriageway,None,30,14:00:00,Urban,Fine no high winds,No,21 - 25,5,Urban area,3,698,None,None,Other/Not known (2005-10),Approaching junction or waiting/parked at junction approach,SMART,ROADSTER 80 AUTO(RHD),Petrol,Male,None,No tow/articulation,Did not leave carriageway,0,Going ahead other,2,Car,No,Front,2010
201001TX20475,B,455,NA,0,Slight,None,26-07-2010,Monday,1,Data missing or out of range,Not at junction or within 20 metres,51.485952,Daylight,518160,177710,-0.299609,E01002685,1,2,0,5,Dry,Single carriageway,None,30,09:13:00,Urban,Fine no high winds,No,21 - 25,5,Urban area,2,1998,None,None,Other/Not known (2005-10),Not at or within 20 metres of junction,FORD,TRANSIT 260 SWB,Heavy oil,Male,None,No tow/articulation,Did not leave carriageway,0,Going ahead other,1,Van / Goods 3.5 tonnes mgw or under,No,Nearside,2010
201001TX20490,A,3005,Unclassified,0,Slight,None,03-08-2010,Tuesday,1,Give way or uncontrolled,Private drive or entrance,51.481052,Daylight,513560,177060,-0.36604,E01002629,3,3,0,0,Dry,Single carriageway,None,30,11:40:00,Urban,Fine no high winds,No,21 - 25,5,Urban area,5,1590,None,None,Other/Not known (2005-10),Mid Junction - on roundabout or on main road,HONDA,CIVIC SE,Petrol,Male,None,No tow/articulation,Did not leave carriageway,0,Turning right,2,Car,No,Front,2010
201001TX20526,Unclassified,0,NA,0,Slight,None,14-08-2010,Saturday,1,Data missing or out of range,Not at junction or within 20 metres,51.489601,Daylight,516600,178080,-0.321944,E01002678,2,2,0,0,Wet or damp,Single carriageway,None,30,10:36:00,Urban,Fine no high winds,No,21 - 25,5,Urban area,3,12580,None,None,Journey as part of work,Not at or within 20 metres of junction,DAF TRUCKS,FADCF85.340,Heavy oil,Male,None,No tow/articulation,Did not leave carriageway,0,Going ahead left-hand bend,1,Goods 7.5 tonnes mgw and over,No,Front,2010
201001TX20526,Unclassified,0,NA,0,Slight,None,14-08-2010,Saturday,1,Data missing or out of range,Not at junction or within 20 metres,51.489601,Daylight,516600,178080,-0.321944,E01002678,2,2,0,0,Wet or damp,Single carriageway,None,30,10:36:00,Urban,Fine no high winds,No,21 - 25,5,Urban area,7,2402,None,None,Journey as part of work,Not at or within 20 metres of junction,FORD,TRANSIT 350 MWB TD,Heavy oil,Male,None,No tow/articulation,Did not leave carriageway,0,Going ahead right-hand bend,2,Van / Goods 3.5 tonnes mgw or under,No,Front,2010
201001TX20727,A,315,Unclassified,0,Slight,None,30-10-2010,Saturday,1,Give way or uncontrolled,T or staggered junction,51.493201,Daylight,521700,178600,-0.248343,E01002575,1,2,0,4,Dry,Single carriageway,None,30,07:55:00,Urban,Fine no high winds,No,21 - 25,5,Urban area,4,9400,None,None,Journey as part of work,Mid Junction - on roundabout or on main road,SCANIA,,Heavy oil,Male,None,No tow/articulation,Did not leave carriageway,2,Going ahead other,1,Bus or coach (17 or more pass seats),No,Front,2010
201001VW40240,A,239,Unclassified,0,Slight,None,14-07-2010,Wednesday,1,Give way or uncontrolled,Crossroads,51.396905,Daylight,526000,167990,-0.190209,E01003453,1,2,0,4,Dry,Single carriageway,None,30,08:50:00,Urban,Fine no high winds,No,21 - 25,5,Urban area,3,2204,None,None,Other/Not known (2005-10),Mid Junction - on roundabout or on main road,HONDA,ACCORD I CTDI SPORT,Heavy oil,Male,None,No tow/articulation,Did not leave carriageway,0,Going ahead other,1,Car,No,Nearside,2010
201001WW50223,A,24,Unclassified,0,Slight,None,07-04-2010,Wednesday,1,Give way or uncontrolled,T or staggered junction,51.45155,Daylight,528790,174140,-0.147893,E01004476,1,1,0,4,Dry,Single carriageway,None,30,14:22:00,Urban,Fine no high winds,No,21 - 25,5,Urban area,3,102,None,None,Other/Not known (2005-10),Approaching junction or waiting/parked at junction approach,HONDA,SCV100F-E,Petrol,Male,None,No tow/articulation,Did not leave carriageway,0,Going ahead other,1,Motorcycle 125cc and under,No,Front,2010
201001WW50608,C,0,Unclassified,0,Slight,None,06-08-2010,Friday,1,Give way or uncontrolled,T or staggered junction,51.47593,Daylight,528280,176840,-0.15425,E01004566,1,2,0,0,Wet or damp,Single carriageway,None,30,22:05:00,Urban,Fine no high winds,No,21 - 25,5,Urban area,5,125,None,None,Journey as part of work,Mid Junction - on roundabout or on main road,HONDA,ANF 125-5,Petrol,Male,Skidded,No tow/articulation,Did not leave carriageway,0,Going ahead other,1,Motorcycle 50cc and under,No,Front,2010
201001WW50862,A,3,NA,0,Slight,None,04-11-2010,Thursday,1,Data missing or out of range,Not at junction or within 20 metres,51.456638,Daylight,525740,174630,-0.19159,E01004509,1,4,0,0,Dry,Single carriageway,None,30,16:00:00,Urban,Fine no high winds,No,21 - 25,5,Urban area,3,1248,None,None,Journey as part of work,Not at or within 20 metres of junction,VAUXHALL,COMBO 1700 CDTI 16V,Heavy oil,Male,None,No tow/articulation,Did not leave carriageway,0,Moving off,2,Van / Goods 3.5 tonnes mgw or under,No,Back,2010
201001XD80236,B,4491,NA,0,Slight,None,11-04-2010,Sunday,1,Data missing or out of range,Not at junction or within 20 metres,51.501396,Daylight,518660,179440,-0.29183,E01001231,2,2,0,0,Dry,Single carriageway,None,30,15:13:00,Urban,Fine no high winds,No,21 - 25,5,Urban area,7,1198,None,None,Other/Not known (2005-10),Not at or within 20 metres of junction,VOLKSWAGEN,POLO S 55,Petrol,Male,None,No tow/articulation,Did not leave carriageway,0,Overtaking moving vehicle - offside,2,Car,No,Front,2010
201001XD80488,A,312,NA,0,Slight,None,29-06-2010,Tuesday,1,Data missing or out of range,Not at junction or within 20 metres,51.532282,Daylight,511760,182720,-0.390158,E01001331,1,2,0,0,Dry,Dual carriageway,Roadworks,40,13:26:00,Urban,Fine no high winds,No,21 - 25,5,Urban area,9,9200,None,None,Journey as part of work,Not at or within 20 metres of junction,DAF TRUCKS,FAN CF75.310,Heavy oil,Male,None,No tow/articulation,Did not leave carriageway,0,Slowing or stopping,2,Goods over 3.5t. and under 7.5t,No,Front,2010
201001XH30070,C,0,Unclassified,0,Slight,None,25-01-2010,Monday,1,Give way or uncontrolled,Slip road,51.551384,Daylight,507820,184760,-0.446314,E01002452,2,2,0,0,Wet or damp,Single carriageway,None,30,13:49:00,Urban,Fine no high winds,No,21 - 25,5,Urban area,1,1999,None,Lamp post,Other/Not known (2005-10),Mid Junction - on roundabout or on main road,FORD,MONDEO ZETEC,Petrol,Male,None,No tow/articulation,Offside,0,Going ahead left-hand bend,2,Car,No,Front,2010
201001XH30085,Motorway,4,NA,0,Slight,None,11-02-2010,Thursday,1,Data missing or out of range,Not at junction or within 20 metres,51.494931,Daylight,506430,178450,-0.468259,E01002446,2,4,0,0,Dry,Dual carriageway,None,70,16:15:00,Rural,Fine no high winds,No,21 - 25,5,Urban area,10,2300,None,None,Journey as part of work,Not at or within 20 metres of junction,IVECO,DAILY 35C12 MWB,Heavy oil,Male,Skidded,No tow/articulation,Did not leave carriageway,0,Going ahead other,4,Van / Goods 3.5 tonnes mgw or under,No,Front,2010
201001XH30325,Unclassified,0,Unclassified,0,Slight,None,24-05-2010,Monday,1,Give way or uncontrolled,T or staggered junction,51.616422,Daylight,508480,192010,-0.434561,E01002476,1,1,0,0,Dry,Single carriageway,None,30,16:45:00,Urban,Fine no high winds,No,21 - 25,5,Small town,7,1870,None,None,Other/Not known (2005-10),Approaching junction or waiting/parked at junction approach,VAUXHALL,VIVARO 2700 DTI SWB,Heavy oil,Male,None,No tow/articulation,Did not leave carriageway,0,Going ahead other,1,Van / Goods 3.5 tonnes mgw or under,No,Front,2010
201001XH30498,Motorway,4,NA,0,Slight,None,18-07-2010,Sunday,1,Data missing or out of range,Not at junction or within 20 metres,51.492993,Daylight,509520,178300,-0.423811,E01002443,1,2,0,0,Dry,Dual carriageway,None,70,17:14:00,Urban,Fine no high winds,No,21 - 25,5,Urban area,10,1998,None,None,Other/Not known (2005-10),Not at or within 20 metres of junction,RENAULT,CLIO RENAULTSPORT 182 16V,Petrol,Male,None,No tow/articulation,Did not leave carriageway,0,Slowing or stopping,2,Car,No,Offside,2010
201001XH30853,A,312,Unclassified,0,Slight,None,03-12-2010,Friday,1,Give way or uncontrolled,T or staggered junction,51.506328,Daylight,510740,179810,-0.405771,E01002507,1,3,0,0,Wet or damp,Dual carriageway,None,30,12:34:00,Urban,Fine no high winds,No,21 - 25,5,Urban area,3,1998,None,None,Other/Not known (2005-10),Mid Junction - on roundabout or on main road,MAZDA,6 TS DIESEL,Heavy oil,Male,None,No tow/articulation,Did not leave carriageway,0,Going ahead other,3,Car,No,Front,2010
201001YE80247,C,0,NA,0,Slight,None,02-04-2010,Friday,2,Data missing or out of range,Not at junction or within 20 metres,51.612456,Daylight,532870,192150,-0.082419,E01001560,1,2,0,0,Dry,Single carriageway,None,30,20:15:00,Urban,Fine no high winds,No,21 - 25,5,Urban area,8,1868,Bollard or refuge,None,Other/Not known (2005-10),Not at or within 20 metres of junction,CITROEN,BERLINGO ENTERPRISE,Heavy oil,Male,None,No tow/articulation,Did not leave carriageway,0,Going ahead other,1,Van / Goods 3.5 tonnes mgw or under,No,Offside,2010
201001YE80395,A,10,A,10,Slight,None,29-05-2010,Saturday,1,Give way or uncontrolled,Roundabout,51.653269,Daylight,534320,196730,-0.059734,E01001513,1,2,0,0,Dry,Single carriageway,None,30,13:55:00,Urban,Fine no high winds,No,21 - 25,5,Urban area,3,2000,None,None,Other/Not known (2005-10),Approaching junction or waiting/parked at junction approach,VOLKSWAGEN,GOLF GTI AUTO,Petrol,Male,None,No tow/articulation,Did not leave carriageway,0,Going ahead other,1,Car,No,Front,2010
201001YR90327,Unclassified,0,Unclassified,0,Slight,None,05-05-2010,Wednesday,1,Give way or uncontrolled,Crossroads,51.578844,Daylight,534020,188440,-0.067236,E01002050,1,1,0,0,Dry,Single carriageway,None,30,15:50:00,Urban,Fine no high winds,No,21 - 25,5,Urban area,1,1598,None,None,Other/Not known (2005-10),Mid Junction - on roundabout or on main road,VAUXHALL,ASTRA CLUB TWINPORT,Petrol,Male,None,No tow/articulation,Did not leave carriageway,0,Moving off,1,Car,No,Front,2010
201001YR90690,A,1055,NA,0,Slight,None,09-10-2010,Saturday,1,Data missing or out of range,Not at junction or within 20 metres,51.597068,Daylight,534850,190490,-0.054478,E01002080,1,2,0,0,Dry,Single carriageway,None,30,14:04:00,Urban,Fine no high winds,No,21 - 25,5,Urban area,4,1995,None,None,Other/Not known (2005-10),Not at or within 20 metres of junction,VAUXHALL,ZAFIRA LIFE DTI,Heavy oil,Male,None,No tow/articulation,Did not leave carriageway,0,U-turn,2,Car,No,Front,2010
201001YR90840,Unclassified,0,A,105,Slight,None,07-12-2010,Tuesday,2,Give way or uncontrolled,Crossroads,51.581259,Daylight,531780,188650,-0.099466,E01002044,2,2,0,0,Dry,Single carriageway,None,30,05:13:00,Urban,Fine no high winds,No,21 - 25,5,Urban area,2,1229,None,None,Other/Not known (2005-10),Mid Junction - on roundabout or on main road,VAUXHALL,CORSA BREEZE,Petrol,Male,None,No tow/articulation,Did not leave carriageway,0,Turning left,1,Car,No,Back,2010
201001ZD30543,A,212,A,212,Slight,None,05-07-2010,Monday,2,Auto traffic signal,More than 4 arms (not roundabout),51.387056,Daylight,532550,167060,-0.096457,E01001116,1,1,0,5,Dry,Single carriageway,None,30,09:17:00,Urban,Fine no high winds,No,21 - 25,5,Urban area,2,1910,None,None,Other/Not known (2005-10),Approaching junction or waiting/parked at junction approach,SAAB,9-3 VECTOR SPORT TID,Heavy oil,Male,None,No tow/articulation,Did not leave carriageway,0,Going ahead other,1,Car,No,Front,2010
201001ZD30808,C,0,Unclassified,0,Slight,None,27-09-2010,Monday,1,Give way or uncontrolled,T or staggered junction,51.335508,Daylight,539170,161500,-0.003553,E01001081,2,3,0,0,Dry,Single carriageway,None,30,17:58:00,Urban,Fine no high winds,No,21 - 25,5,Data missing or out of range,NA,1596,Parked vehicle,None,Other/Not known (2005-10),Mid Junction - on roundabout or on main road,FORD,FIESTA GHIA AUTO,Petrol,Male,None,No tow/articulation,Nearside,0,Overtaking moving vehicle - offside,2,Car,No,Nearside,2010
201001ZT80148,Unclassified,0,Unclassified,0,Slight,None,24-05-2010,Monday,1,Give way or uncontrolled,T or staggered junction,51.366715,Daylight,526370,164640,-0.186084,E01004138,1,2,0,0,Dry,Single carriageway,None,30,16:50:00,Urban,Fine no high winds,No,21 - 25,5,Urban area,6,1587,None,None,Other/Not known (2005-10),Mid Junction - on roundabout or on main road,PEUGEOT,307 SE,Petrol,Male,None,No tow/articulation,Did not leave carriageway,0,Turning right,2,Car,No,Front,2010
201001ZT80157,A,232,NA,0,Slight,None,27-05-2010,Thursday,2,Data missing or out of range,Not at junction or within 20 metres,51.359994,Daylight,525880,163880,-0.193388,E01004142,1,2,0,0,Dry,One way street,None,30,17:40:00,Urban,Fine no high winds,No,21 - 25,5,Urban area,9,3000,None,None,Other/Not known (2005-10),Not at or within 20 metres of junction,SUBARU,LEGACY R,Petrol,Male,None,No tow/articulation,Did not leave carriageway,0,Waiting to go - held up,1,Car,No,Back,2010
201004AX10016,A,5073,Unclassified,0,Slight,None,04-03-2010,Thursday,1,Give way or uncontrolled,T or staggered junction,53.801819,Daylight,332180,434440,-3.031245,E01012744,2,2,0,4,Dry,Single carriageway,None,30,15:45:00,Urban,Fine no high winds,No,21 - 25,5,Urban area,2,1910,None,None,Other/Not known (2005-10),Mid Junction - on roundabout or on main road,SAAB,9-3 VECT SP AFLOW TID 16V,Heavy oil,Male,None,No tow/articulation,Did not leave carriageway,0,Slowing or stopping,1,Taxi/Private hire car,No,Front,2010
201004CC10088,Unclassified,0,NA,0,Slight,None,02-09-2010,Thursday,1,Data missing or out of range,Not at junction or within 20 metres,53.7365,Daylight,361320,426840,-2.587871,E01024921,1,2,0,0,Dry,Single carriageway,None,60,08:30:00,Rural,Fine no high winds,No,21 - 25,5,Urban area,3,2463,None,None,Journey as part of work,Not at or within 20 metres of junction,RENAULT,,Heavy oil,Male,None,No tow/articulation,Did not leave carriageway,0,Reversing,2,Van / Goods 3.5 tonnes mgw or under,No,Back,2010
201004CK10090,Unclassified,0,NA,0,Slight,None,27-05-2010,Thursday,1,Data missing or out of range,Not at junction or within 20 metres,53.57709,Daylight,341380,409310,-2.886816,E01025516,2,2,0,0,Dry,Single carriageway,None,30,15:07:00,Urban,Fine no high winds,No,21 - 25,5,Urban area,6,449,None,None,Other/Not known (2005-10),Not at or within 20 metres of junction,YAMAHA,WR 450 F,Petrol,Male,None,No tow/articulation,Did not leave carriageway,0,Overtaking moving vehicle - offside,1,Motorcycle over 125cc and up to 500cc,No,Front,2010
201004DF10049,A,5085,NA,0,Slight,None,21-06-2010,Monday,1,Data missing or out of range,Not at junction or within 20 metres,53.768885,Daylight,356030,430490,-2.668583,E01025285,1,2,0,0,Dry,Single carriageway,None,30,06:00:00,Urban,Fine no high winds,No,21 - 25,5,Urban area,5,9364,None,None,Journey as part of work,Not at or within 20 metres of junction,VOLVO,,Heavy oil,Male,None,No tow/articulation,Did not leave carriageway,0,Waiting to go - held up,2,Van / Goods 3.5 tonnes mgw or under,No,Back,2010
201004DR10050,A,6,Unclassified,0,Slight,None,20-06-2010,Sunday,1,Give way or uncontrolled,Other junction,53.821261,Daylight,351750,436360,-2.734433,E01025281,2,3,0,0,Dry,Single carriageway,None,40,18:42:00,Rural,Fine no high winds,No,21 - 25,5,Rural,8,1587,None,None,Other/Not known (2005-10),Approaching junction or waiting/parked at junction approach,PEUGEOT,206 SE,Petrol,Male,None,No tow/articulation,Did not leave carriageway,0,Slowing or stopping,1,Car,No,Front,2010
201004EA10134,A,677,NA,0,Slight,None,31-05-2010,Monday,1,Data missing or out of range,Not at junction or within 20 metres,53.748444,Daylight,369250,428110,-2.467784,E01012575,2,2,0,4,Dry,Single carriageway,None,30,20:32:00,Urban,Fine no high winds,No,21 - 25,5,Urban area,3,1229,None,None,Other/Not known (2005-10),Not at or within 20 metres of junction,VAUXHALL,CORSA SXI+ 16V S-A,Petrol,Male,None,No tow/articulation,Did not leave carriageway,0,Slowing or stopping,2,Car,No,Did not impact,2010
201004FL10081,A,56,NA,0,Slight,None,16-08-2010,Monday,1,Data missing or out of range,Not at junction or within 20 metres,53.689643,Daylight,379870,421510,-2.306311,E01025384,2,2,0,0,Dry,Dual carriageway,None,50,17:15:00,Rural,Fine no high winds,No,21 - 25,5,Data missing or out of range,NA,1560,None,None,Other/Not known (2005-10),Not at or within 20 metres of junction,CITROEN,C4 VTR HDI,Heavy oil,Male,Skidded,No tow/articulation,Did not leave carriageway,0,Going ahead other,1,Car,No,Front,2010
201005AA01318,A,551,Unclassified,0,Slight,None,19-01-2010,Tuesday,1,Give way or uncontrolled,T or staggered junction,53.376421,Daylight,327140,387180,-3.096703,E01007302,7,8,0,0,Dry,Dual carriageway,None,40,08:20:00,Urban,Fine no high winds,No,21 - 25,5,Data missing or out of range,NA,2993,None,None,Other/Not known (2005-10),Approaching junction or waiting/parked at junction approach,BMW,530D M SPORT AUTO,Heavy oil,Male,Skidded,No tow/articulation,Did not leave carriageway,0,Going ahead other,1,Car,No,Front,2010
201005AA02565,A,551,NA,0,Slight,None,01-04-2010,Thursday,1,Data missing or out of range,Not at junction or within 20 metres,53.411685,Daylight,332110,391030,-3.022836,E01007274,1,2,0,0,Dry,Single carriageway,None,30,17:00:00,Urban,Fine no high winds,No,21 - 25,5,Urban area,4,1796,None,None,Other/Not known (2005-10),Not at or within 20 metres of junction,VAUXHALL,CORSA SRI 16V,Petrol,Male,None,No tow/articulation,Did not leave carriageway,0,Parked,1,Car,No,Offside,2010
201005AA02596,A,553,A,553,Slight,None,01-04-2010,Thursday,2,Give way or uncontrolled,Roundabout,53.407441,Daylight,328560,390610,-3.076139,E01007121,2,2,0,0,Dry,Roundabout,None,30,12:43:00,Rural,Fine no high winds,No,21 - 25,5,Data missing or out of range,NA,1910,None,None,Other/Not known (2005-10),Entering roundabout,VAUXHALL,VECTRA DESIGN CDTI 8V,Heavy oil,Male,None,No tow/articulation,Did not leave carriageway,0,Going ahead other,2,Car,No,Front,2010
201043R136040,Unclassified,7408,NA,0,Slight,None,25-03-2021,Saturday,1,Data missing or out of range,Not at junction or within 20 metres,27.09035502,Darkness - lights lit,487830,180840,93.62996022,E01016536,1,2,0,0,Dry,Single carriageway,None,30,23:45:00,Urban,Fine no high winds,No,16 - 20,4,Urban area,10,124,None,None,Other/Not known (2005-10),Not at or within 20 metres of junction,YAMAHA,XT 125 X,Petrol,Male,None,No tow/articulation,Did not leave carriageway,0,Going ahead other,1,Motorcycle 125cc and under,No,Front,2019
201045SU56584,C,2,A,322,Slight,None,13-08-2020,Friday,1,Auto traffic signal,Crossroads,25.7711152,Darkness - lights lit,491700,163230,87.48129038,E01030758,2,2,0,8,Wet or damp,Single carriageway,None,30,18:20:00,Rural,Fine no high winds,No,16 - 20,4,Urban area,10,1560,None,None,Other/Not known (2005-10),Approaching junction or waiting/parked at junction approach,PEUGEOT,206 SPORT HDI,Heavy oil,Male,None,No tow/articulation,Did not leave carriageway,0,Going ahead other,1,Car,No,Front,2019
2010550D26300,A,31,Unclassified,0,Slight,None,22-08-2021,Tuesday,1,Give way or uncontrolled,Roundabout,15.28680915,Darkness - lights lit,406750,102100,74.0397848,E01020376,1,2,0,0,Dry,Dual carriageway,None,70,22:44:00,Rural,Fine no high winds,No,16 - 20,4,Urban area,9,125,None,None,Other/Not known (2005-10),Leaving roundabout,HONDA,CBR 125 RW-5,Petrol,Male,None,No tow/articulation,Did not leave carriageway,0,Going ahead other,2,Motorcycle over 125cc and up to 500cc,No,Front,2019
201043W143030,A,339,Unclassified,7139,Slight,None,02-04-2019,Friday,1,Auto traffic signal,Roundabout,13.00139392,Darkness - lights lit,447370,166990,77.65797318,E01016347,1,2,0,5,Dry,Roundabout,None,40,22:05:00,Urban,Fine no high winds,No,16 - 20,4,Data missing or out of range,NA,1229,None,None,Other/Not known (2005-10),Mid Junction - on roundabout or on main road,VAUXHALL,CORSA SXI+,Petrol,Male,None,No tow/articulation,Did not leave carriageway,0,Going ahead other,1,Car,No,Front,2019
201042I149305,Unclassified,0,NA,0,Slight,None,15-03-2019,Friday,1,Not at junction or within 20 metres,Not at junction or within 20 metres,13.03466531,Darkness - lights lit,588150,185100,77.664733,E01015852,4,2,0,0,Dry,Single carriageway,None,30,23:54:00,Urban,Fine no high winds,No,16 - 20,4,Urban area,8,1229,None,None,Other/Not known (2005-10),Not at or within 20 metres of junction,VAUXHALL,CORSA SXI+,Petrol,Male,None,No tow/articulation,Nearside,0,Slowing or stopping,2,Car,No,Back,2020
201045WO49296,Unclassified,3605,NA,0,Slight,None,13-07-2020,Saturday,1,Data missing or out of range,Not at junction or within 20 metres,13.01162192,Darkness - lights lit,496720,158320,77.54247932,E01030976,1,2,0,0,Dry,Single carriageway,None,30,21:30:00,Urban,Fine no high winds,No,16 - 20,4,Urban area,9,1248,None,None,Other/Not known (2005-10),Not at or within 20 metres of junction,VAUXHALL,ASTRA LIFE CDTI,Heavy oil,Male,None,No tow/articulation,Did not leave carriageway,9,Parked,2,Car,No,Offside,2020
2010400B00160,B,531,Unclassified,0,Slight,None,24-11-2021,Thursday,1,Give way or uncontrolled,T or staggered junction,26.46261524,Darkness - lights lit,503030,247680,74.63482357,E01017510,1,2,0,4,Frost or ice,Single carriageway,None,30,22:35:00,Urban,Fine no high winds,No,16 - 20,4,Small town,7,49,None,None,Other/Not known (2005-10),Mid Junction - on roundabout or on main road,TAIWAN GOLDEN BEE,202,Petrol,Male,Skidded,No tow/articulation,Did not leave carriageway,0,Going ahead other,2,Motorcycle 50cc and under,No,Did not impact,2020
201043R216060,A,4,Unclassified,7302,Slight,None,26-04-2019,Tuesday,1,Auto traffic signal,T or staggered junction,18.58397934,Darkness - lights lit,497360,179990,73.89815528,E01016466,1,2,0,4,Dry,Dual carriageway,None,40,22:23:00,Urban,Fine no high winds,No,16 - 20,4,Urban area,7,1598,None,None,Other/Not known (2005-10),Approaching junction or waiting/parked at junction approach,VAUXHALL,ASTRA CLUB TWINPORT,Petrol,Male,None,No tow/articulation,Did not leave carriageway,0,Slowing or stopping,2,Car,No,Back,2021
201050GA2R018,C,282,Unclassified,0,Slight,None,01-07-2019,Thursday,1,Give way or uncontrolled,T or staggered junction,18.62127156,Darkness - lights lit,203820,53110,73.90790873,E01019013,2,2,0,0,Dry,Single carriageway,None,30,19:24:00,Urban,Fine no high winds,No,16 - 20,4,Data missing or out of range,NA,124,None,None,Other/Not known (2005-10),Cleared junction or waiting/parked at junction exit,HONDA,XR 125 L-6,Petrol,Male,Skidded and overturned,No tow/articulation,Did not leave carriageway,0,Overtaking moving vehicle - offside,2,Motorcycle 125cc and under,No,Offside,2021
201042I113604,Motorway,25,A,13,Slight,None,27-11-2019,Sunday,1,Give way or uncontrolled,Roundabout,18.61776274,Darkness - lights lit,557480,180170,73.94928857,E01015926,2,3,0,0,Dry,Roundabout,None,70,20:00:00,Rural,Fine no high winds,No,16 - 20,4,Urban area,4,12777,None,None,Journey as part of work,Leaving roundabout,VOLVO,,Heavy oil,Male,None,No tow/articulation,Did not leave carriageway,0,Going ahead other,1,Goods 7.5 tonnes mgw and over,No,Front,2021
201037G030097,A,1156,C,320,Slight,None,14-09-2021,Sunday,1,Give way or uncontrolled,T or staggered junction,14.75712667,Darkness - lights lit,617680,243750,78.54826761,E01029989,1,2,0,0,Dry,Single carriageway,None,30,21:50:00,Urban,Fine no high winds,No,16 - 20,4,Urban area,1,125,None,None,Other/Not known (2005-10),Mid Junction - on roundabout or on main road,HONDA,CBR 125 RW-6,Petrol,Male,None,No tow/articulation,Did not leave carriageway,0,Going ahead other,2,Motorcycle 125cc and under,No,Front,2019
201001CW10649,B,324,Unclassified,0,Slight,None,15-04-2010,Thursday,1,Give way or uncontrolled,Crossroads,51.490367,Darkness - lights lit,528820,178460,-0.145888,E01004751,1,2,0,0,Dry,Single carriageway,None,30,20:06:00,Urban,Fine no high winds,No,16 - 20,4,Urban area,6,125,None,None,Journey as part of work,Mid Junction - on roundabout or on main road,HONDA,ANF 126-6,Petrol,Male,Skidded,No tow/articulation,Did not leave carriageway,0,Overtaking moving vehicle - offside,2,Motorcycle 125cc and under,No,Nearside,2010
201001CW11269,A,501,A,4201,Slight,None,25-06-2010,Friday,1,Auto traffic signal,Crossroads,51.523888,Darkness - lights lit,528820,182190,-0.144526,E01004715,1,2,0,5,Dry,Dual carriageway,None,30,23:12:00,Urban,Fine no high winds,No,16 - 20,4,Urban area,1,1796,None,None,Journey as part of work,Cleared junction or waiting/parked at junction exit,VAUXHALL,ASTRA SRI+,Petrol,Male,None,No tow/articulation,Did not leave carriageway,0,Going ahead other,1,Car,No,Offside,2010
201001LX50782,A,215,NA,0,Slight,None,03-09-2010,Friday,1,Data missing or out of range,Not at junction or within 20 metres,51.45377,Darkness - lights lit,532030,174470,-0.101168,E01003071,2,1,0,0,Dry,Single carriageway,None,30,00:35:00,Urban,Fine no high winds,No,16 - 20,4,Urban area,6,49,None,None,Other/Not known (2005-10),Not at or within 20 metres of junction,PIAGGIO,ZIP,Petrol,Male,None,No tow/articulation,Did not leave carriageway,0,Going ahead left-hand bend,1,Motorcycle 50cc and under,No,Did not impact,2010
201001MM70739,A,215,Unclassified,0,Slight,None,04-09-2010,Saturday,1,Give way or uncontrolled,T or staggered junction,51.456138,Darkness - lights lit,532280,174740,-0.097471,E01004074,1,2,0,0,Dry,Single carriageway,None,30,03:50:00,Urban,Fine no high winds,No,16 - 20,4,Urban area,5,1560,None,None,Other/Not known (2005-10),Entering main road,CITROEN,XSARA PICASSO DESIRE 92,Heavy oil,Male,None,No tow/articulation,Did not leave carriageway,0,Turning left,1,Car,No,Front,2010
201001MM70769,A,200,A,200,Slight,None,19-09-2010,Sunday,1,Auto traffic signal,Crossroads,51.49364,Darkness - lights lit,535580,179000,-0.048369,E01004031,1,2,0,5,Dry,Single carriageway,None,30,23:25:00,Urban,Fine no high winds,No,16 - 20,4,Urban area,2,1596,None,None,Other/Not known (2005-10),Approaching junction or waiting/parked at junction approach,BMW,116 I SE,Petrol,Male,None,No tow/articulation,Did not leave carriageway,0,Going ahead other,1,Car,No,Front,2010