Accident_Index,1st_Road_Class,1st_Road_Number,2nd_Road_Class,2nd_Road_Number,Accident_Severity,Carriageway_Hazards,Date,Day_of_Week,Did_Police_Officer_Attend_Scene_of_Accident,Junction_Control,Junction_Detail,Latitude,Light_Conditions,Location_Easting_OSGR,Location_Northing_OSGR,Longitude,LSOA_of_Accident_Location,Number_of_Casualties,Number_of_Vehicles,Pedestrian_Crossing-Human_Control,Pedestrian_Crossing-Physical_Facilities,Road_Surface_Conditions,Road_Type,Special_Conditions_at_Site,Speed_limit,Time,Urban_or_Rural_Area,Weather_Conditions,InScotland,Age_Band_of_Driver,Age_of_Vehicle,Driver_Home_Area_Type,Driver_IMD_Decile,Engine_Capacity_.CC.,Hit_Object_in_Carriageway,Hit_Object_off_Carriageway,Journey_Purpose_of_Driver,Junction_Location,make,model,Propulsion_Code,Sex_of_Driver,Skidding_and_Overturning,Towing_and_Articulation,Vehicle_Leaving_Carriageway,Vehicle_Location.Restricted_Lane,Vehicle_Manoeuvre,Vehicle_Reference,Vehicle_Type,Was_Vehicle_Left_Hand_Drive,X1st_Point_of_Impact,Year
201001RG40519,A,20,NA,0,Slight,None,01-08-2010,Sunday,1,Data missing or out of range,Not at junction or within 20 metres,51.441037,Darkness - lights lit,541950,173320,0.04105,E01001597,1,1,0,0,Dry,Dual carriageway,None,40,03:55:00,Urban,Fine no high winds,No,16 - 20,4,Data missing or out of range,NA,1598,Kerb,Other permanent object,Other/Not known (2005-10),Not at or within 20 metres of junction,MINI,COOPER S JCW GP,Petrol,Male,Overturned,No tow/articulation,Nearside and rebounded,0,Going ahead other,1,Car,No,Front,2010
201001SX20889,A,1003,NA,0,Slight,None,22-08-2010,Sunday,1,Data missing or out of range,Not at junction or within 20 metres,51.615013,Darkness - lights lit,528430,192320,-0.146445,E01000160,1,3,0,0,Dry,Single carriageway,None,30,00:21:00,Urban,Fine no high winds,No,16 - 20,4,Urban area,8,1400,Parked vehicle,None,Other/Not known (2005-10),Not at or within 20 metres of junction,VOLKSWAGEN,POLO SE 80,Petrol,Male,Overturned,No tow/articulation,Did not leave carriageway,0,Going ahead other,1,Car,No,Front,2010
201001SX21281,A,5109,Unclassified,0,Slight,None,08-12-2010,Wednesday,1,Give way or uncontrolled,T or staggered junction,51.63112,Darkness - lights lit,524740,194020,-0.199108,E01000279,1,2,0,0,Wet or damp,Single carriageway,None,30,21:44:00,Urban,Fine no high winds,No,16 - 20,4,Urban area,3,124,None,None,Journey as part of work,Approaching junction or waiting/parked at junction approach,YAMAHA,YBR 125,Petrol,Male,None,No tow/articulation,Did not leave carriageway,0,Going ahead other,2,Motorcycle 125cc and under,No,Front,2010
201001TA00253,C,0,Unclassified,0,Slight,None,20-09-2010,Monday,1,Give way or uncontrolled,Crossroads,51.409217,Darkness - lights lit,526810,169380,-0.178076,E01003408,1,1,0,8,Dry,Single carriageway,None,30,21:54:00,Urban,Fine no high winds,No,16 - 20,4,Urban area,4,1984,None,None,Other/Not known (2005-10),Mid Junction - on roundabout or on main road,AUDI,A4 SPORT FSI AUTO,Petrol,Male,None,No tow/articulation,Did not leave carriageway,0,Overtaking moving vehicle - offside,1,Car,No,Front,2010
201037G030097,A,1156,C,320,Slight,None,19-09-2010,Sunday,1,Give way or uncontrolled,T or staggered junction,52.049322,Darkness - lights lit,617680,243750,1.173271,E01029989,1,2,0,0,Dry,Single carriageway,None,30,21:50:00,Urban,Fine no high winds,No,16 - 20,4,Urban area,1,125,None,None,Other/Not known (2005-10),Mid Junction - on roundabout or on main road,HONDA,CBR 125 RW-6,Petrol,Male,None,No tow/articulation,Did not leave carriageway,0,Going ahead other,2,Motorcycle 125cc and under,No,Front,2010
2010400B00160,B,531,Unclassified,0,Slight,None,07-01-2010,Thursday,1,Give way or uncontrolled,T or staggered junction,52.117808,Darkness - lights lit,503030,247680,-0.496656,E01017510,1,2,0,4,Frost or ice,Single carriageway,None,30,22:35:00,Urban,Fine no high winds,No,16 - 20,4,Small town,7,49,None,None,Other/Not known (2005-10),Mid Junction - on roundabout or on main road,TAIWAN GOLDEN BEE,202,Petrol,Male,Skidded,No tow/articulation,Did not leave carriageway,0,Going ahead other,2,Motorcycle 50cc and under,No,Did not impact,2010
201042I113604,Motorway,25,A,13,Slight,None,18-04-2010,Sunday,1,Give way or uncontrolled,Roundabout,51.498481,Darkness - lights lit,557480,180170,0.267376,E01015926,2,3,0,0,Dry,Roundabout,None,70,20:00:00,Rural,Fine no high winds,No,16 - 20,4,Urban area,4,12777,None,None,Journey as part of work,Leaving roundabout,VOLVO,,Heavy oil,Male,None,No tow/articulation,Did not leave carriageway,0,Going ahead other,1,Goods 7.5 tonnes mgw and over,No,Front,2010
201042I149305,Unclassified,0,NA,0,Slight,None,14-05-2010,Friday,1,Not at junction or within 20 metres,Not at junction or within 20 metres,51.533392,Darkness - lights lit,588150,185100,0.711374,E01015852,4,2,0,0,Dry,Single carriageway,None,30,23:54:00,Urban,Fine no high winds,No,16 - 20,4,Urban area,8,1229,None,None,Other/Not known (2005-10),Not at or within 20 metres of junction,VAUXHALL,CORSA SXI+,Petrol,Male,None,No tow/articulation,Nearside,0,Slowing or stopping,2,Car,No,Back,2010
201043R136040,Unclassified,7408,NA,0,Slight,None,24-04-2010,Saturday,1,Data missing or out of range,Not at junction or within 20 metres,51.519608,Darkness - lights lit,487830,180840,-0.735524,E01016536,1,2,0,0,Dry,Single carriageway,None,30,23:45:00,Urban,Fine no high winds,No,16 - 20,4,Urban area,10,124,None,None,Other/Not known (2005-10),Not at or within 20 metres of junction,YAMAHA,XT 125 X,Petrol,Male,None,No tow/articulation,Did not leave carriageway,0,Going ahead other,1,Motorcycle 125cc and under,No,Front,2010
201043R216060,A,4,Unclassified,7302,Slight,None,22-06-2010,Tuesday,1,Auto traffic signal,T or staggered junction,51.510407,Darkness - lights lit,497360,179990,-0.598446,E01016466,1,2,0,4,Dry,Dual carriageway,None,40,22:23:00,Urban,Fine no high winds,No,16 - 20,4,Urban area,7,1598,None,None,Other/Not known (2005-10),Approaching junction or waiting/parked at junction approach,VAUXHALL,ASTRA CLUB TWINPORT,Petrol,Male,None,No tow/articulation,Did not leave carriageway,0,Slowing or stopping,2,Car,No,Back,2010
201043W143030,A,339,Unclassified,7139,Slight,None,12-03-2010,Friday,1,Auto traffic signal,Roundabout,51.399918,Darkness - lights lit,447370,166990,-1.320459,E01016347,1,2,0,5,Dry,Roundabout,None,40,22:05:00,Urban,Fine no high winds,No,16 - 20,4,Data missing or out of range,NA,1229,None,None,Other/Not known (2005-10),Mid Junction - on roundabout or on main road,VAUXHALL,CORSA SXI+,Petrol,Male,None,No tow/articulation,Did not leave carriageway,0,Going ahead other,1,Car,No,Front,2010
201045SU56584,C,2,A,322,Slight,None,10-12-2010,Friday,1,Auto traffic signal,Crossroads,51.360691,Darkness - lights lit,491700,163230,-0.684319,E01030758,2,2,0,8,Wet or damp,Single carriageway,None,30,18:20:00,Rural,Fine no high winds,No,16 - 20,4,Urban area,10,1560,None,None,Other/Not known (2005-10),Approaching junction or waiting/parked at junction approach,PEUGEOT,206 SPORT HDI,Heavy oil,Male,None,No tow/articulation,Did not leave carriageway,0,Going ahead other,1,Car,No,Front,2010
201045WO49296,Unclassified,3605,NA,0,Slight,None,06-03-2010,Saturday,1,Data missing or out of range,Not at junction or within 20 metres,51.315722,Darkness - lights lit,496720,158320,-0.613571,E01030976,1,2,0,0,Dry,Single carriageway,None,30,21:30:00,Urban,Fine no high winds,No,16 - 20,4,Urban area,9,1248,None,None,Other/Not known (2005-10),Not at or within 20 metres of junction,VAUXHALL,ASTRA LIFE CDTI,Heavy oil,Male,None,No tow/articulation,Did not leave carriageway,9,Parked,2,Car,No,Offside,2010
201050GA2R018,C,282,Unclassified,0,Slight,None,30-12-2010,Thursday,1,Give way or uncontrolled,T or staggered junction,50.345082,Darkness - lights lit,203820,53110,-4.758713,E01019013,2,2,0,0,Dry,Single carriageway,None,30,19:24:00,Urban,Fine no high winds,No,16 - 20,4,Data missing or out of range,NA,124,None,None,Other/Not known (2005-10),Cleared junction or waiting/parked at junction exit,HONDA,XR 125 L-6,Petrol,Male,Skidded and overturned,No tow/articulation,Did not leave carriageway,0,Overtaking moving vehicle - offside,2,Motorcycle 125cc and under,No,Offside,2010
2010550D26300,A,31,Unclassified,0,Slight,None,22-06-2010,Tuesday,1,Give way or uncontrolled,Roundabout,50.818343,Darkness - lights lit,406750,102100,-1.905567,E01020376,1,2,0,0,Dry,Dual carriageway,None,70,22:44:00,Rural,Fine no high winds,No,16 - 20,4,Urban area,9,125,None,None,Other/Not known (2005-10),Leaving roundabout,HONDA,CBR 125 RW-5,Petrol,Male,None,No tow/articulation,Did not leave carriageway,0,Going ahead other,2,Motorcycle over 125cc and up to 500cc,No,Front,2010
201001LX50782,A,215,NA,0,Slight,None,03-09-2010,Friday,1,Data missing or out of range,Not at junction or within 20 metres,51.45377,Darkness - lights lit,532030,174470,-0.101168,E01003071,2,1,0,0,Dry,Single carriageway,None,30,00:35:00,Urban,Fine no high winds,No,16 - 20,4,Urban area,6,49,None,None,Other/Not known (2005-10),Not at or within 20 metres of junction,PIAGGIO,ZIP,Petrol,Male,None,No tow/articulation,Did not leave carriageway,0,Going ahead left-hand bend,1,Motorcycle 50cc and under,No,Did not impact,2010
201001MM70739,A,215,Unclassified,0,Slight,None,04-09-2010,Saturday,1,Give way or uncontrolled,T or staggered junction,51.456138,Darkness - lights lit,532280,174740,-0.097471,E01004074,1,2,0,0,Dry,Single carriageway,None,30,03:50:00,Urban,Fine no high winds,No,16 - 20,4,Urban area,5,1560,None,None,Other/Not known (2005-10),Entering main road,CITROEN,XSARA PICASSO DESIRE 92,Heavy oil,Male,None,No tow/articulation,Did not leave carriageway,0,Turning left,1,Car,No,Front,2010
201001MM70769,A,200,A,200,Slight,None,19-09-2010,Sunday,1,Auto traffic signal,Crossroads,51.49364,Darkness - lights lit,535580,179000,-0.048369,E01004031,1,2,0,5,Dry,Single carriageway,None,30,23:25:00,Urban,Fine no high winds,No,16 - 20,4,Urban area,2,1596,None,None,Other/Not known (2005-10),Approaching junction or waiting/parked at junction approach,BMW,116 I SE,Petrol,Male,None,No tow/articulation,Did not leave carriageway,0,Going ahead other,1,Car,No,Front,2010
201001RG40519,A,20,NA,0,Slight,None,01-08-2010,Sunday,1,Data missing or out of range,Not at junction or within 20 metres,51.441037,Darkness - lights lit,541950,173320,0.04105,E01001597,1,1,0,0,Dry,Dual carriageway,None,40,03:55:00,Urban,Fine no high winds,No,16 - 20,4,Data missing or out of range,NA,1598,Kerb,Other permanent object,Other/Not known (2005-10),Not at or within 20 metres of junction,MINI,COOPER S JCW GP,Petrol,Male,Overturned,No tow/articulation,Nearside and rebounded,0,Going ahead other,1,Car,No,Front,2010
201001SX20889,A,1003,NA,0,Slight,None,22-08-2010,Sunday,1,Data missing or out of range,Not at junction or within 20 metres,51.615013,Darkness - lights lit,528430,192320,-0.146445,E01000160,1,3,0,0,Dry,Single carriageway,None,30,00:21:00,Urban,Fine no high winds,No,16 - 20,4,Urban area,8,1400,Parked vehicle,None,Other/Not known (2005-10),Not at or within 20 metres of junction,VOLKSWAGEN,POLO SE 80,Petrol,Male,Overturned,No tow/articulation,Did not leave carriageway,0,Going ahead other,1,Car,No,Front,2010
201001SX21281,A,5109,Unclassified,0,Slight,None,08-12-2010,Wednesday,1,Give way or uncontrolled,T or staggered junction,51.63112,Darkness - lights lit,524740,194020,-0.199108,E01000279,1,2,0,0,Wet or damp,Single carriageway,None,30,21:44:00,Urban,Fine no high winds,No,16 - 20,4,Urban area,3,124,None,None,Journey as part of work,Approaching junction or waiting/parked at junction approach,YAMAHA,YBR 125,Petrol,Male,None,No tow/articulation,Did not leave carriageway,0,Going ahead other,2,Motorcycle 125cc and under,No,Front,2010
201001TA00253,C,0,Unclassified,0,Slight,None,20-09-2010,Monday,1,Give way or uncontrolled,Crossroads,51.409217,Darkness - lights lit,526810,169380,-0.178076,E01003408,1,1,0,8,Dry,Single carriageway,None,30,21:54:00,Urban,Fine no high winds,No,16 - 20,4,Urban area,4,1984,None,None,Other/Not known (2005-10),Mid Junction - on roundabout or on main road,AUDI,A4 SPORT FSI AUTO,Petrol,Male,None,No tow/articulation,Did not leave carriageway,0,Overtaking moving vehicle - offside,1,Car,No,Front,2010
201001VK30299,A,3,A,240,Slight,None,13-09-2010,Monday,1,Give way or uncontrolled,T or staggered junction,51.382748,Darkness - lights lit,519990,166270,-0.277138,E01002915,1,2,0,0,Dry,Slip road,None,30,19:32:00,Urban,Fine no high winds,No,16 - 20,4,Urban area,6,1995,None,None,Other/Not known (2005-10),Mid Junction - on roundabout or on main road,BMW,118D SPORT,Heavy oil,Male,None,No tow/articulation,Did not leave carriageway,0,Going ahead other,2,Car,No,Front,2010
201001VW40330,C,0,Unclassified,0,Slight,None,15-09-2010,Wednesday,1,Give way or uncontrolled,T or staggered junction,51.408537,Darkness - lights lit,529820,169380,-0.134821,E01003414,1,2,0,0,Dry,Single carriageway,None,30,22:20:00,Urban,Fine no high winds,No,16 - 20,4,Data missing or out of range,NA,1242,None,None,Other/Not known (2005-10),Mid Junction - on roundabout or on main road,FORD,FIESTA STYLE CLIMATE,Petrol,Male,None,No tow/articulation,Did not leave carriageway,0,Turning right,2,Car,No,Did not impact,2010
201001XH30495,A,4020,NA,0,Slight,None,28-07-2010,Wednesday,1,Data missing or out of range,Not at junction or within 20 metres,51.515208,Darkness - lights lit,511290,180810,-0.397534,E01002505,2,4,0,0,Dry,Dual carriageway,None,40,20:45:00,Urban,Fine no high winds,No,16 - 20,4,Urban area,3,1997,None,None,Other/Not known (2005-10),Not at or within 20 metres of junction,FORD,FOCUS TITANIUM TDCI,Heavy oil,Male,None,No tow/articulation,Did not leave carriageway,0,Waiting to go - held up,3,Car,No,Back,2010
201001YR90791,Unclassified,0,Unclassified,0,Slight,None,13-11-2010,Saturday,1,Give way or uncontrolled,T or staggered junction,51.607255,Darkness - lights lit,531290,191530,-0.105457,E01002101,2,2,0,0,Wet or damp,Single carriageway,None,30,00:50:00,Urban,Fine no high winds,No,16 - 20,4,Urban area,6,1388,None,None,Other/Not known (2005-10),Mid Junction - on roundabout or on main road,FORD,FIESTA ZETEC CLIMATE S-A,Petrol,Male,None,No tow/articulation,Did not leave carriageway,0,Going ahead other,2,Car,No,Nearside,2010
201001ZD30287,A,235,A,235,Slight,None,16-04-2010,Friday,1,Auto traffic signal,Crossroads,51.341001,Darkness - lights lit,531570,161910,-0.112437,E01001093,1,2,0,0,Dry,Single carriageway,None,30,20:00:00,Urban,Fine no high winds,No,16 - 20,4,Urban area,5,1124,None,None,Other/Not known (2005-10),Mid Junction - on roundabout or on main road,CITROEN,C2 SX,Petrol,Male,None,No tow/articulation,Did not leave carriageway,0,Waiting to turn right,1,Car,No,Nearside,2010
201004EA10016,B,6130,B,6236,Slight,None,25-01-2010,Monday,1,Stop sign,Crossroads,53.746736,Darkness - lights lit,370790,427910,-2.444413,E01012640,1,3,0,0,Dry,Single carriageway,None,30,16:45:00,Urban,Fine no high winds,No,16 - 20,4,Urban area,4,124,None,None,Other/Not known (2005-10),Mid Junction - on roundabout or on main road,HONDA,CBR 125 RW-6,Petrol,Male,None,No tow/articulation,Did not leave carriageway,0,Going ahead other,2,Motorcycle 125cc and under,No,Front,2010
201005BB03728,A,565,NA,0,Slight,None,12-06-2010,Saturday,1,Data missing or out of range,Not at junction or within 20 metres,53.494914,Darkness - lights lit,332870,400280,-3.013382,E01007023,1,2,0,0,Dry,Single carriageway,None,30,22:10:00,Urban,Fine no high winds,No,16 - 20,4,Urban area,4,1246,None,None,Other/Not known (2005-10),Not at or within 20 metres of junction,HONDA,JAZZ S,Petrol,Male,None,No tow/articulation,Did not leave carriageway,0,U-turn,1,Car,No,Front,2010
201005FF06622,Unclassified,0,Unclassified,0,Slight,None,20-11-2010,Saturday,1,Give way or uncontrolled,T or staggered junction,53.375351,Darkness - lights lit,337740,386910,-2.937335,E01006521,1,2,0,0,Wet or damp,Single carriageway,None,30,03:25:00,Urban,Fine no high winds,No,16 - 20,4,Urban area,3,2686,None,None,Other/Not known (2005-10),Approaching junction or waiting/parked at junction approach,MERCEDES,SPRINTER 316 CDI MWB,Heavy oil,Male,None,No tow/articulation,Did not leave carriageway,0,Parked,2,Van / Goods 3.5 tonnes mgw or under,No,Back,2010
201006K031500,C,0,Unclassified,0,Slight,None,14-05-2010,Friday,1,Give way or uncontrolled,T or staggered junction,53.569741,Darkness - lights lit,375680,408190,-2.368715,E01004918,1,2,0,0,Wet or damp,Single carriageway,None,30,23:30:00,Urban,Fine no high winds,No,16 - 20,4,Urban area,1,2198,None,None,Other/Not known (2005-10),Approaching junction or waiting/parked at junction approach,FORD,TRANSIT 130 T300S FWD,Heavy oil,Male,None,No tow/articulation,Did not leave carriageway,0,Going ahead other,1,Van / Goods 3.5 tonnes mgw or under,No,Front,2010
201006L027028,B,5238,C,0,Slight,None,02-01-2010,Saturday,1,Give way or uncontrolled,Mini-roundabout,53.535716,Darkness - lights lit,357890,404530,-2.63684,E01006349,1,1,0,0,Frost or ice,Roundabout,None,30,01:50:00,Urban,Fine no high winds,No,16 - 20,4,Urban area,2,1368,Kerb,Other permanent object,Commuting to/from work,Mid Junction - on roundabout or on main road,FIAT,STILO BLUE 16V,Petrol,Male,Skidded,No tow/articulation,Nearside,0,Going ahead other,1,Car,No,Back,2010
201006Q037736,B,6189,Unclassified,0,Slight,None,23-10-2010,Saturday,1,Give way or uncontrolled,Crossroads,53.528243,Darkness - lights lit,390360,403520,-2.146899,E01005344,1,2,0,0,Dry,Single carriageway,None,30,19:20:00,Urban,Fine no high winds,No,16 - 20,4,Urban area,3,50,None,None,Other/Not known (2005-10),Approaching junction or waiting/parked at junction approach,PIAGGIO,ZIP,Petrol,Male,None,No tow/articulation,Did not leave carriageway,0,Going ahead other,2,Motorcycle 50cc and under,No,Front,2010
201006Q038596,A,670,Unclassified,0,Slight,None,06-11-2010,Saturday,1,Give way or uncontrolled,T or staggered junction,53.547838,Darkness - lights lit,399700,405690,-2.006003,E01005412,2,2,0,0,Dry,Single carriageway,None,30,17:40:00,Rural,Fine no high winds,No,16 - 20,4,Rural,7,1796,None,Lamp post,Other/Not known (2005-10),Approaching junction or waiting/parked at junction approach,VAUXHALL,VECTRA LIFE,Petrol,Male,None,No tow/articulation,Did not leave carriageway,0,Going ahead other,2,Car,No,Front,2010
201011NF12810,A,182,Unclassified,0,Slight,None,27-05-2010,Thursday,1,Auto traffic signal,T or staggered junction,54.834979,Darkness - lights lit,443190,549110,-1.329104,E01020784,1,2,0,0,Dry,Single carriageway,None,30,22:40:00,Urban,Fine no high winds,No,16 - 20,4,Urban area,1,1598,None,None,Other/Not known (2005-10),Mid Junction - on roundabout or on main road,RENAULT,MEGANE MAXIM,Petrol,Male,None,No tow/articulation,Nearside,0,Going ahead other,2,Car,No,Offside,2010
201014A139510,C,24,Unclassified,0,Slight,None,03-09-2010,Friday,1,Give way or uncontrolled,Crossroads,53.614707,Darkness - lights lit,468750,413630,-0.962218,E01007637,6,2,0,0,Dry,Single carriageway,None,40,21:40:00,Urban,Fine no high winds,No,16 - 20,4,Urban area,2,1595,None,None,Other/Not known (2005-10),Approaching junction or waiting/parked at junction approach,SEAT,LEON SE,Petrol,Male,None,No tow/articulation,Did not leave carriageway,0,Going ahead other,1,Car,No,Front,2010
201014A187210,C,25,Unclassified,0,Slight,None,22-11-2010,Monday,1,Give way or uncontrolled,T or staggered junction,53.601955,Darkness - lights lit,467290,412190,-0.984595,E01007559,1,3,0,0,Wet or damp,Single carriageway,None,60,15:50:00,Rural,Fine no high winds,No,16 - 20,4,Urban area,2,1149,None,None,Journey as part of work,Cleared junction or waiting/parked at junction exit,RENAULT,CLIO CAMPUS,Petrol,Male,Skidded,No tow/articulation,Did not leave carriageway,0,Going ahead other,3,Car,No,Front,2010
201014K051210,C,410,Unclassified,0,Slight,None,15-02-2010,Monday,1,Give way or uncontrolled,Crossroads,53.357864,Darkness - lights lit,437200,384700,-1.442528,E01008103,1,1,0,4,Dry,Single carriageway,None,30,19:58:00,Urban,Fine no high winds,No,16 - 20,4,Urban area,6,1753,None,None,Other/Not known (2005-10),Mid Junction - on roundabout or on main road,FORD,FOCUS SPORT TDCI,Heavy oil,Male,None,No tow/articulation,Did not leave carriageway,0,Going ahead other,1,Car,No,Offside,2010
2010160A02681,A,46,Unclassified,0,Slight,None,18-08-2010,Wednesday,1,Give way or uncontrolled,T or staggered junction,53.562572,Darkness - lights lit,524880,408980,-0.11598,E01013230,1,1,0,0,Dry,Single carriageway,None,30,01:59:00,Urban,Fine no high winds,No,16 - 20,4,Small town,8,1198,None,Road sign or traffic signal,Other/Not known (2005-10),Approaching junction or waiting/parked at junction approach,VOLKSWAGEN,POLO S 64,Petrol,Male,Skidded and overturned,No tow/articulation,Offside,0,Going ahead left-hand bend,1,Car,No,Offside,2010
201020G005980,B,4484,Unclassified,0,Slight,None,31-07-2010,Saturday,1,Give way or uncontrolled,Crossroads,52.570687,Darkness - lights lit,395620,296990,-2.066068,E01010415,3,2,0,0,Dry,Single carriageway,None,30,21:04:00,Urban,Fine no high winds,No,16 - 20,4,Urban area,4,1398,None,None,Other/Not known (2005-10),Entering main road,PEUGEOT,1007 SPORT HDI,Heavy oil,Male,None,No tow/articulation,Did not leave carriageway,0,Moving off,1,Car,No,Offside,2010
201020J020411,B,4175,Unclassified,0,Slight,None,12-03-2010,Friday,1,Give way or uncontrolled,Roundabout,52.509126,Darkness - lights lit,390340,290150,-2.143772,E01009749,1,3,0,0,Dry,Roundabout,None,30,19:59:00,Urban,Fine no high winds,No,16 - 20,4,Urban area,7,1124,None,None,Other/Not known (2005-10),Approaching junction or waiting/parked at junction approach,CITROEN,C2 SX,Petrol,Male,None,No tow/articulation,Did not leave carriageway,0,Slowing or stopping,1,Car,No,Front,2010
201020K015380,Unclassified,0,Unclassified,0,Slight,None,29-11-2010,Monday,2,Give way or uncontrolled,Private drive or entrance,52.47568,Darkness - lights lit,400450,286420,-1.994814,E01009940,1,2,0,0,Dry,Single carriageway,None,30,21:25:00,Urban,Fine no high winds,No,16 - 20,4,Urban area,2,1388,None,None,Other/Not known (2005-10),Leaving main road,FORD,FOCUS SPORT,Petrol,Male,None,No tow/articulation,Did not leave carriageway,0,Turning right,2,Car,No,Back,2010
201020T003670,Unclassified,0,Unclassified,0,Slight,None,10-04-2010,Saturday,1,Give way or uncontrolled,T or staggered junction,52.456505,Darkness - lights lit,415100,284310,-1.779219,E01009319,1,2,0,0,Dry,Single carriageway,None,30,22:30:00,Urban,Fine no high winds,No,16 - 20,4,Urban area,6,125,None,None,Other/Not known (2005-10),Mid Junction - on roundabout or on main road,APRILIA,RS 125 11KW,Petrol,Male,None,No tow/articulation,Did not leave carriageway,0,Going ahead other,1,Motorcycle 125cc and under,No,Front,2010
201022G006134,Unclassified,0,Unclassified,0,Slight,None,10-12-2010,Friday,1,Give way or uncontrolled,Crossroads,52.681872,Darkness - lights lit,368220,309460,-2.471544,E01014157,1,2,0,0,Wet or damp,Single carriageway,None,30,20:30:00,Urban,Fine no high winds,No,16 - 20,4,Urban area,3,49,None,None,Other/Not known (2005-10),Entering main road,KYMCO,AGILITY,Petrol,Male,None,No tow/articulation,Did not leave carriageway,0,Going ahead other,1,Motorcycle 50cc and under,No,Front,2010
201030A000063,A,609,Unclassified,0,Slight,None,12-02-2010,Friday,1,Give way or uncontrolled,T or staggered junction,53.026544,Darkness - lights lit,435870,347830,-1.46664,E01019408,1,2,0,0,Dry,Single carriageway,None,30,20:20:00,Urban,Fine no high winds,No,16 - 20,4,Urban area,9,50,None,None,Other/Not known (2005-10),Approaching junction or waiting/parked at junction approach,PIAGGIO,ZIP,Petrol,Male,None,No tow/articulation,Did not leave carriageway,0,Overtaking - nearside,2,Motorcycle 50cc and under,No,Front,2010
201030C000713,A,616,Unclassified,0,Slight,None,20-10-2010,Wednesday,1,Give way or uncontrolled,Roundabout,53.282427,Darkness - lights lit,447640,376400,-1.286921,E01019478,2,2,0,0,Dry,Roundabout,None,50,21:05:00,Rural,Fine no high winds,No,16 - 20,4,Small town,4,1598,None,None,Other/Not known (2005-10),Entering roundabout,VAUXHALL,ASTRA CLUB TWINPORT,Petrol,Male,None,No tow/articulation,Did not leave carriageway,0,Going ahead other,1,Car,No,Offside,2010
201030C000889,A,61,NA,0,Slight,Previous accident,18-12-2010,Saturday,1,Data missing or out of range,Not at junction or within 20 metres,53.239119,Darkness - lights lit,438560,371500,-1.423694,E01019579,1,2,0,0,Frost or ice,Dual carriageway,None,50,19:24:00,Urban,Fine no high winds,No,16 - 20,4,Urban area,3,1248,Parked vehicle,None,Other/Not known (2005-10),Not at or within 20 metres of junction,VAUXHALL,CORSA SXI A/C CDTI,Heavy oil,Male,Skidded,No tow/articulation,Did not leave carriageway,0,Going ahead right-hand bend,2,Car,No,Nearside,2010
201030D000379,Unclassified,0,Unclassified,0,Slight,None,02-05-2010,Sunday,1,Give way or uncontrolled,Crossroads,52.903249,Darkness - lights lit,435340,334110,-1.476035,E01013567,4,2,0,0,Dry,Single carriageway,None,30,21:51:00,Urban,Fine no high winds,No,16 - 20,4,Urban area,1,1896,None,None,Other/Not known (2005-10),Entering main road,SEAT,LEON REFERENCE TDI,Heavy oil,Male,None,No tow/articulation,Did not leave carriageway,0,Going ahead other,2,Car,No,Front,2010
201034NE22060,B,663,NA,0,Slight,None,30-05-2010,Sunday,1,Data missing or out of range,Not at junction or within 20 metres,52.348534,Darkness - lights lit,500010,273290,-0.53318,E01027053,2,3,0,0,Dry,Single carriageway,None,30,22:00:00,Rural,Fine no high winds,No,16 - 20,4,Small town,9,1242,None,None,Other/Not known (2005-10),Not at or within 20 metres of junction,FORD,FIESTA STYLE CLIMATE,Petrol,Male,None,No tow/articulation,Did not leave carriageway,0,Going ahead other,1,Car,No,Front,2010
201045WA51982,A,3100,NA,0,Slight,None,03-08-2020,Thursday,1,Data missing or out of range,Not at junction or within 20 metres,25.77534672,Darkness - lights lit,495910,142690,87.49316385,E01030915,3,2,0,0,Dry,Single carriageway,None,30,00:45:00,Urban,Fine no high winds,No,16 - 20,4,Urban area,10,1240,Parked vehicle,Tree,Other/Not known (2005-10),Not at or within 20 metres of junction,NISSAN,MICRA INITIA,Petrol,Female,None,No tow/articulation,Nearside and rebounded,0,Going ahead other,1,Car,No,Nearside,2019
201045EP47769,B,284,Unclassified,1018,Slight,None,20-09-2019,Tuesday,1,Give way or uncontrolled,T or staggered junction,25.76754175,Darkness - lights lit,522980,158980,87.47805891,E01030641,1,2,0,0,Wet or damp,Single carriageway,None,30,17:40:00,Urban,Fine no high winds,No,16 - 20,4,Urban area,10,1598,None,None,Other/Not known (2005-10),Entering main road,MINI,MINI ONE SEVEN,Petrol,Female,None,No tow/articulation,Did not leave carriageway,0,Moving off,1,Car,No,Offside,2019
2010400D02701,Unclassified,0,NA,0,Slight,None,28-08-2019,Wednesday,2,Data missing or out of range,Not at junction or within 20 metres,8.890278718,Darkness - lights lit,492880,225570,76.69822539,E01017603,1,2,0,0,Dry,Single carriageway,None,30,19:30:00,Urban,Fine no high winds,No,16 - 20,4,Urban area,6,1248,None,None,Other/Not known (2005-10),Not at or within 20 metres of junction,VAUXHALL,CORSA SXI+ CDTI,Heavy oil,Female,None,No tow/articulation,Did not leave carriageway,0,Slowing or stopping,2,Car,No,Front,2020
201043N191120,A,404,NA,0,Slight,None,06-02-2020,Friday,1,Data missing or out of range,Not at junction or within 20 metres,8.873888118,Darkness - lights lit,489310,195650,76.61476192,E01017881,2,2,0,0,Dry,Single carriageway,None,30,18:22:00,Urban,Fine no high winds,No,16 - 20,4,Data missing or out of range,NA,2495,None,None,Other/Not known (2005-10),Not at or within 20 metres of junction,LAND ROVER,DEFENDER 90 TD5 COUNTY,Heavy oil,Female,None,No tow/articulation,Did not leave carriageway,0,Going ahead other,1,Car,No,Front,2020