Accident_Index,1st_Road_Class,1st_Road_Number,2nd_Road_Class,2nd_Road_Number,Accident_Severity,Carriageway_Hazards,Date,Day_of_Week,Did_Police_Officer_Attend_Scene_of_Accident,Junction_Control,Junction_Detail,Latitude,Light_Conditions,Location_Easting_OSGR,Location_Northing_OSGR,Longitude,LSOA_of_Accident_Location,Number_of_Casualties,Number_of_Vehicles,Pedestrian_Crossing-Human_Control,Pedestrian_Crossing-Physical_Facilities,Road_Surface_Conditions,Road_Type,Special_Conditions_at_Site,Speed_limit,Time,Urban_or_Rural_Area,Weather_Conditions,InScotland,Age_Band_of_Driver,Age_of_Vehicle,Driver_Home_Area_Type,Driver_IMD_Decile,Engine_Capacity_.CC.,Hit_Object_in_Carriageway,Hit_Object_off_Carriageway,Journey_Purpose_of_Driver,Junction_Location,make,model,Propulsion_Code,Sex_of_Driver,Skidding_and_Overturning,Towing_and_Articulation,Vehicle_Leaving_Carriageway,Vehicle_Location.Restricted_Lane,Vehicle_Manoeuvre,Vehicle_Reference,Vehicle_Type,Was_Vehicle_Left_Hand_Drive,X1st_Point_of_Impact,Year
201042I069301,Unclassified,0,Unclassified,0,Slight,None,06-04-2021,Thursday,2,Give way or uncontrolled,T or staggered junction,28.62871902,Darkness - lights lit,574570,193740,77.08273919,E01021334,1,2,0,0,Dry,One way street,None,30,19:00:00,Urban,Fine no high winds,No,16 - 20,4,Urban area,6,1149,None,None,Other/Not known (2005-10),Approaching junction or waiting/parked at junction approach,RENAULT,CLIO CAMPUS,Petrol,Female,None,No tow/articulation,Did not leave carriageway,0,Moving off,1,Car,No,Front,2021
201045MO48298,A,245,A,243,Slight,None,01-10-2020,Tuesday,1,Give way or uncontrolled,Roundabout,18.56826721,Darkness - lights lit,516990,157350,73.94588217,E01030550,2,2,0,0,Wet or damp,Roundabout,None,70,17:48:00,Rural,Fine no high winds,No,16 - 20,4,Rural,8,998,None,None,Commuting to/from work,Leaving roundabout,DAIHATSU,SIRION SE,Petrol,Female,None,No tow/articulation,Did not leave carriageway,0,Going ahead other,2,Car,No,Back,2021
201001BS70645,A,4,B,314,Slight,None,15-10-2010,Friday,1,Give way or uncontrolled,T or staggered junction,51.493266,Darkness - lights lit,525110,178690,-0.199216,E01002814,1,2,0,4,Dry,Dual carriageway,None,30,21:30:00,Urban,Fine no high winds,No,16 - 20,4,Data missing or out of range,NA,1229,None,None,Other/Not known (2005-10),Approaching junction or waiting/parked at junction approach,VAUXHALL,CORSA SXI+,Petrol,Female,None,No tow/articulation,Did not leave carriageway,0,Going ahead other,1,Car,No,Nearside,2010
201001JI40612,A,123,C,0,Slight,None,21-09-2010,Tuesday,1,Auto traffic signal,Crossroads,51.535729,Darkness - lights lit,545910,183970,0.102386,E01000040,1,2,0,5,Dry,Dual carriageway,None,30,18:00:00,Urban,Fine no high winds,No,16 - 20,4,Data missing or out of range,NA,1299,None,None,Other/Not known (2005-10),Mid Junction - on roundabout or on main road,FORD,KA,Petrol,Female,None,No tow/articulation,Did not leave carriageway,0,Turning right,2,Car,No,Offside,2010
201001KD50108,C,0,A,124,Slight,None,06-03-2010,Saturday,1,Auto traffic signal,T or staggered junction,51.562837,Darkness - lights lit,553470,187210,0.212717,E01002361,1,2,0,5,Dry,Single carriageway,None,30,23:20:00,Urban,Fine no high winds,No,16 - 20,4,Data missing or out of range,NA,1596,None,None,Other/Not known (2005-10),Mid Junction - on roundabout or on main road,VOLKSWAGEN,BEETLE LUNA 102PS,Petrol,Female,None,No tow/articulation,Did not leave carriageway,0,Turning right,1,Car,No,Offside,2010
201001QK50801,A,5,A,407,Slight,None,24-12-2010,Friday,1,Give way or uncontrolled,T or staggered junction,51.556461,Darkness - lights lit,523820,185690,-0.21533,E01000556,1,1,0,0,Dry,Single carriageway,None,30,18:37:00,Urban,Fine no high winds,No,16 - 20,4,Data missing or out of range,NA,1198,None,None,Other/Not known (2005-10),Approaching junction or waiting/parked at junction approach,VOLKSWAGEN,POLO E 64,Petrol,Female,None,No tow/articulation,Did not leave carriageway,0,Going ahead other,1,Car,No,Offside,2010
201001SX20482,A,109,Unclassified,0,Slight,None,04-05-2010,Tuesday,1,Give way or uncontrolled,T or staggered junction,51.622545,Darkness - lights lit,528110,193150,-0.150761,E01000123,1,2,0,1,Dry,Single carriageway,None,30,22:00:00,Urban,Fine no high winds,No,16 - 20,4,Urban area,8,1198,Bollard or refuge,None,Other/Not known (2005-10),Mid Junction - on roundabout or on main road,VOLKSWAGEN,POLO E 55,Petrol,Female,None,No tow/articulation,Did not leave carriageway,0,Moving off,1,Car,No,Nearside,2010
2010400D02701,Unclassified,0,NA,0,Slight,None,15-09-2010,Wednesday,2,Data missing or out of range,Not at junction or within 20 metres,51.920872,Darkness - lights lit,492880,225570,-0.650845,E01017603,1,2,0,0,Dry,Single carriageway,None,30,19:30:00,Urban,Fine no high winds,No,16 - 20,4,Urban area,6,1248,None,None,Other/Not known (2005-10),Not at or within 20 metres of junction,VAUXHALL,CORSA SXI+ CDTI,Heavy oil,Female,None,No tow/articulation,Did not leave carriageway,0,Slowing or stopping,2,Car,No,Front,2010
201042I069301,Unclassified,0,Unclassified,0,Slight,None,28-01-2010,Thursday,2,Give way or uncontrolled,T or staggered junction,51.615363,Darkness - lights lit,574570,193740,0.520077,E01021334,1,2,0,0,Dry,One way street,None,30,19:00:00,Urban,Fine no high winds,No,16 - 20,4,Urban area,6,1149,None,None,Other/Not known (2005-10),Approaching junction or waiting/parked at junction approach,RENAULT,CLIO CAMPUS,Petrol,Female,None,No tow/articulation,Did not leave carriageway,0,Moving off,1,Car,No,Front,2010
201043N191120,A,404,NA,0,Slight,None,10-12-2010,Friday,1,Data missing or out of range,Not at junction or within 20 metres,51.652507,Darkness - lights lit,489310,195650,-0.710435,E01017881,2,2,0,0,Dry,Single carriageway,None,30,18:22:00,Urban,Fine no high winds,No,16 - 20,4,Data missing or out of range,NA,2495,None,None,Other/Not known (2005-10),Not at or within 20 metres of junction,LAND ROVER,DEFENDER 90 TD5 COUNTY,Heavy oil,Female,None,No tow/articulation,Did not leave carriageway,0,Going ahead other,1,Car,No,Front,2010
201045EP47769,B,284,Unclassified,1018,Slight,None,05-01-2010,Tuesday,1,Give way or uncontrolled,T or staggered junction,51.316589,Darkness - lights lit,522980,158980,-0.236711,E01030641,1,2,0,0,Wet or damp,Single carriageway,None,30,17:40:00,Urban,Fine no high winds,No,16 - 20,4,Urban area,10,1598,None,None,Other/Not known (2005-10),Entering main road,MINI,MINI ONE SEVEN,Petrol,Female,None,No tow/articulation,Did not leave carriageway,0,Moving off,1,Car,No,Offside,2010
201045MO48298,A,245,A,243,Slight,None,26-01-2010,Tuesday,1,Give way or uncontrolled,Roundabout,51.303201,Darkness - lights lit,516990,157350,-0.323157,E01030550,2,2,0,0,Wet or damp,Roundabout,None,70,17:48:00,Rural,Fine no high winds,No,16 - 20,4,Rural,8,998,None,None,Commuting to/from work,Leaving roundabout,DAIHATSU,SIRION SE,Petrol,Female,None,No tow/articulation,Did not leave carriageway,0,Going ahead other,2,Car,No,Back,2010
201045WA51982,A,3100,NA,0,Slight,None,01-07-2010,Thursday,1,Data missing or out of range,Not at junction or within 20 metres,51.175354,Darkness - lights lit,495910,142690,-0.629373,E01030915,3,2,0,0,Dry,Single carriageway,None,30,00:45:00,Urban,Fine no high winds,No,16 - 20,4,Urban area,10,1240,Parked vehicle,Tree,Other/Not known (2005-10),Not at or within 20 metres of junction,NISSAN,MICRA INITIA,Petrol,Female,None,No tow/articulation,Nearside and rebounded,0,Going ahead other,1,Car,No,Nearside,2010
201001JI40612,A,123,C,0,Slight,None,21-09-2010,Tuesday,1,Auto traffic signal,Crossroads,51.535729,Darkness - lights lit,545910,183970,0.102386,E01000040,1,2,0,5,Dry,Dual carriageway,None,30,18:00:00,Urban,Fine no high winds,No,16 - 20,4,Data missing or out of range,NA,1299,None,None,Other/Not known (2005-10),Mid Junction - on roundabout or on main road,FORD,KA,Petrol,Female,None,No tow/articulation,Did not leave carriageway,0,Turning right,2,Car,No,Offside,2010
201001KD50108,C,0,A,124,Slight,None,06-03-2010,Saturday,1,Auto traffic signal,T or staggered junction,51.562837,Darkness - lights lit,553470,187210,0.212717,E01002361,1,2,0,5,Dry,Single carriageway,None,30,23:20:00,Urban,Fine no high winds,No,16 - 20,4,Data missing or out of range,NA,1596,None,None,Other/Not known (2005-10),Mid Junction - on roundabout or on main road,VOLKSWAGEN,BEETLE LUNA 102PS,Petrol,Female,None,No tow/articulation,Did not leave carriageway,0,Turning right,1,Car,No,Offside,2010
201001QK50801,A,5,A,407,Slight,None,24-12-2010,Friday,1,Give way or uncontrolled,T or staggered junction,51.556461,Darkness - lights lit,523820,185690,-0.21533,E01000556,1,1,0,0,Dry,Single carriageway,None,30,18:37:00,Urban,Fine no high winds,No,16 - 20,4,Data missing or out of range,NA,1198,None,None,Other/Not known (2005-10),Approaching junction or waiting/parked at junction approach,VOLKSWAGEN,POLO E 64,Petrol,Female,None,No tow/articulation,Did not leave carriageway,0,Going ahead other,1,Car,No,Offside,2010
201001SX20482,A,109,Unclassified,0,Slight,None,04-05-2010,Tuesday,1,Give way or uncontrolled,T or staggered junction,51.622545,Darkness - lights lit,528110,193150,-0.150761,E01000123,1,2,0,1,Dry,Single carriageway,None,30,22:00:00,Urban,Fine no high winds,No,16 - 20,4,Urban area,8,1198,Bollard or refuge,None,Other/Not known (2005-10),Mid Junction - on roundabout or on main road,VOLKSWAGEN,POLO E 55,Petrol,Female,None,No tow/articulation,Did not leave carriageway,0,Moving off,1,Car,No,Nearside,2010
201001XD80783,A,312,Unclassified,0,Slight,None,24-09-2010,Friday,1,Give way or uncontrolled,Private drive or entrance,51.545779,Darkness - lights lit,513040,184250,-0.371221,E01001323,1,2,0,0,Dry,Single carriageway,None,30,19:28:00,Urban,Fine no high winds,No,16 - 20,4,Small town,9,4394,None,None,Other/Not known (2005-10),Mid Junction - on roundabout or on main road,LAND ROVER,RANGEROVER V8 VOGUE AUTO,Petrol,Female,None,No tow/articulation,Did not leave carriageway,0,Going ahead other,2,Car,No,Front,2010
201001YE80018,A,406,A,109,Slight,None,02-01-2010,Saturday,2,Auto traffic signal,Crossroads,51.611155,Darkness - lights lit,529190,191910,-0.135625,E01001528,2,2,0,0,Dry,Dual carriageway,None,40,19:15:00,Urban,Fine no high winds,No,16 - 20,4,Urban area,4,1598,None,None,Other/Not known (2005-10),Mid Junction - on roundabout or on main road,VOLKSWAGEN,GOLF FSI S,Petrol,Female,None,No tow/articulation,Did not leave carriageway,0,Moving off,1,Car,No,Back,2010
201001YE80841,A,105,A,105,Slight,None,26-11-2010,Friday,1,Give way or uncontrolled,T or staggered junction,51.644639,Darkness - lights lit,532820,195730,-0.081784,E01001451,1,2,0,0,Frost or ice,Single carriageway,None,30,19:05:00,Urban,Fine no high winds,No,16 - 20,4,Data missing or out of range,NA,698,None,None,Other/Not known (2005-10),Mid Junction - on roundabout or on main road,SMART,CITY PASSION 61 AUTO,Petrol,Female,None,No tow/articulation,Did not leave carriageway,0,Going ahead right-hand bend,2,Car,No,Front,2010
201006B028893,A,34,C,0,Slight,None,12-03-2010,Friday,1,Auto traffic signal,Crossroads,53.46708,Darkness - lights lit,384870,396730,-2.229388,E01005062,1,2,0,0,Dry,Single carriageway,None,30,20:40:00,Urban,Fine no high winds,No,16 - 20,4,Urban area,10,1149,None,None,Other/Not known (2005-10),Mid Junction - on roundabout or on main road,RENAULT,CLIO CAMPUS SPORT,Petrol,Female,None,No tow/articulation,Did not leave carriageway,0,Turning right,2,Car,No,Nearside,2010
201006N039150,C,0,NA,0,Slight,None,05-11-2010,Friday,1,Data missing or out of range,Not at junction or within 20 metres,53.574471,Darkness - lights lit,381420,408690,-2.28207,E01005054,1,4,0,0,Wet or damp,Single carriageway,None,30,17:45:00,Urban,Fine no high winds,No,16 - 20,4,Urban area,9,1560,None,None,Other/Not known (2005-10),Not at or within 20 metres of junction,CITROEN,C4 COOL HDI,Heavy oil,Female,None,No tow/articulation,Did not leave carriageway,0,Slowing or stopping,4,Car,No,Back,2010
201006Q026851,C,0,Unclassified,0,Slight,None,22-01-2010,Friday,1,Give way or uncontrolled,T or staggered junction,53.532678,Darkness - lights lit,392200,404010,-2.119154,E01005435,2,2,0,0,Dry,Single carriageway,None,30,21:40:00,Urban,Fine no high winds,No,16 - 20,4,Urban area,1,1587,None,None,Other/Not known (2005-10),Entering main road,CITROEN,C4 SX AUTO,Petrol,Female,None,No tow/articulation,Did not leave carriageway,0,Turning right,1,Car,No,Offside,2010
201006X029170,Motorway,61,NA,0,Slight,None,15-03-2010,Monday,1,Data missing or out of range,Not at junction or within 20 metres,53.542809,Darkness - lights lit,371030,405220,-2.438652,E01004833,1,2,0,0,Dry,Dual carriageway,None,70,19:27:00,Urban,Fine no high winds,No,16 - 20,4,Urban area,10,1598,None,Central crash barrier,Other/Not known (2005-10),Not at or within 20 metres of junction,MINI,MINI ONE,Petrol,Female,None,No tow/articulation,Nearside and rebounded,0,Going ahead other,1,Car,No,Front,2010
201014A012510,B,1396,C,216,Slight,None,22-01-2010,Friday,1,Give way or uncontrolled,T or staggered junction,53.498499,Darkness - lights lit,465260,400650,-1.017672,E01007608,2,2,0,0,Wet or damp,Single carriageway,None,30,21:04:00,Rural,Fine no high winds,No,16 - 20,4,Rural,9,1242,None,None,Other/Not known (2005-10),Mid Junction - on roundabout or on main road,FIAT,PUNTO DYNAMIC,Petrol,Female,None,No tow/articulation,Did not leave carriageway,0,Turning right,2,Car,No,Offside,2010
201014K110710,A,6102,Unclassified,0,Slight,None,23-04-2010,Friday,1,Stop sign,Crossroads,53.411629,Darkness - lights lit,435680,390670,-1.464693,E01007941,1,2,0,4,Dry,Single carriageway,None,30,21:45:00,Urban,Fine no high winds,No,16 - 20,4,Urban area,1,1124,None,None,Other/Not known (2005-10),Mid Junction - on roundabout or on main road,CITROEN,C2 DESIGN,Petrol,Female,None,No tow/articulation,Did not leave carriageway,0,Moving off,1,Car,No,Front,2010
2010160B00721,Unclassified,0,Unclassified,0,Slight,None,09-02-2010,Tuesday,1,Give way or uncontrolled,T or staggered junction,53.570308,Darkness - lights lit,495750,409160,-0.555566,E01013275,1,2,0,0,Dry,Single carriageway,None,30,20:45:00,Rural,Fine no high winds,No,16 - 20,4,Rural,8,2204,None,None,Other/Not known (2005-10),Entering main road,HONDA,CIVIC SPORT I-CTDI,Heavy oil,Female,None,No tow/articulation,Did not leave carriageway,0,Turning right,1,Car,No,Front,2010
201020M006113,Unclassified,0,NA,0,Slight,None,10-02-2010,Wednesday,1,Data missing or out of range,Not at junction or within 20 metres,52.43208,Darkness - lights lit,432940,281680,-1.516941,E01009624,1,1,0,0,Dry,Single carriageway,None,30,17:25:00,Urban,Fine no high winds,No,16 - 20,4,Urban area,4,1598,None,None,Other/Not known (2005-10),Not at or within 20 metres of junction,MINI,MINI ONE,Petrol,Female,None,No tow/articulation,Did not leave carriageway,0,Going ahead other,1,Car,No,Nearside,2010
201022E005892,A,49,Unclassified,0,Slight,None,24-11-2010,Wednesday,1,Auto traffic signal,Crossroads,52.053804,Darkness - lights lit,350710,239740,-2.72027,E01014010,1,2,0,5,Dry,Dual carriageway,None,30,21:28:00,Urban,Fine no high winds,No,16 - 20,4,Urban area,6,1229,None,None,Other/Not known (2005-10),Cleared junction or waiting/parked at junction exit,VAUXHALL,CORSA SXI+ 16V S-A,Petrol,Female,None,No tow/articulation,Did not leave carriageway,0,Going ahead other,2,Car,No,Nearside,2010
201030C000104,B,6057,Unclassified,0,Slight,None,05-03-2010,Friday,1,Give way or uncontrolled,T or staggered junction,53.248125,Darkness - lights lit,438330,372500,-1.42702,E01019580,1,2,0,0,Dry,Single carriageway,None,30,21:35:00,Urban,Fine no high winds,No,16 - 20,4,Urban area,2,1240,None,None,Other/Not known (2005-10),Leaving main road,NISSAN,MICRA S,Petrol,Female,None,No tow/articulation,Did not leave carriageway,0,Turning right,2,Car,No,Front,2010
201030D000750,A,38,NA,0,Slight,None,15-08-2010,Sunday,1,Data missing or out of range,Not at junction or within 20 metres,52.859958,Darkness - lights lit,428660,329250,-1.575773,E01019841,2,2,0,0,Dry,Dual carriageway,None,70,21:11:00,Rural,Fine no high winds,No,16 - 20,4,Urban area,4,1149,None,None,Other/Not known (2005-10),Not at or within 20 metres of junction,RENAULT,CLIO CAMPUS SPORT,Petrol,Female,None,No tow/articulation,Did not leave carriageway,0,Going ahead other,2,Car,No,Front,2010
20103102B0498,Unclassified,0,NA,0,Slight,None,19-03-2010,Friday,1,Data missing or out of range,Not at junction or within 20 metres,53.208832,Darkness - lights lit,466710,368440,-1.002598,E01028301,1,1,0,0,Dry,Single carriageway,None,30,00:26:00,Rural,Fine no high winds,No,16 - 20,4,Urban area,4,1229,Bollard or refuge,None,Other/Not known (2005-10),Not at or within 20 metres of junction,VAUXHALL,CORSA SXI+,Petrol,Female,Overturned,No tow/articulation,Did not leave carriageway,0,Going ahead other,1,Car,No,Front,2010
20103102B1815,Unclassified,0,NA,0,Slight,None,17-08-2010,Tuesday,1,Data missing or out of range,Not at junction or within 20 metres,53.089619,Darkness - lights lit,480660,355390,-0.79705,E01028306,1,3,0,0,Dry,Single carriageway,None,30,21:17:00,Urban,Fine no high winds,No,16 - 20,4,Rural,8,1398,None,Other permanent object,Other/Not known (2005-10),Not at or within 20 metres of junction,PEUGEOT,206 VERVE HDI,Heavy oil,Female,None,No tow/articulation,Nearside,0,Parked,2,Car,No,Back,2010
201014K357010,A,6135,Unclassified,0,Slight,None,29-12-2010,Wednesday,1,Give way or uncontrolled,T or staggered junction,53.404759,Darkness - lights lit,436250,389910,-1.456205,E01007873,2,2,0,4,Wet or damp,Single carriageway,None,30,17:55:00,Urban,Fog or mist,No,16 - 20,4,Urban area,1,1896,None,None,Other/Not known (2005-10),Approaching junction or waiting/parked at junction approach,VOLKSWAGEN,PASSAT SE TDI 105,Heavy oil,Male,None,No tow/articulation,Did not leave carriageway,0,Going ahead other,1,Car,No,Front,2010
201050ED2N005,Unclassified,0,NA,0,Slight,None,15-12-2019,Thursday,1,Not at junction or within 20 metres,Not at junction or within 20 metres,19.09377599,Darkness - lights lit,246790,55200,72.84258628,E01015172,1,4,0,0,Wet or damp,Single carriageway,None,30,04:35:00,Urban,Other,No,16 - 20,4,Urban area,4,1399,None,None,Other/Not known (2005-10),Not at or within 20 metres of junction,CHEVROLET,KALOS SX,Petrol,Male,None,No tow/articulation,Did not leave carriageway,0,Going ahead other,1,Car,No,Front,2021
201050ED2N005,Unclassified,0,NA,0,Slight,None,18-02-2010,Thursday,1,Not at junction or within 20 metres,Not at junction or within 20 metres,50.376621,Darkness - lights lit,246790,55200,-4.156132,E01015172,1,4,0,0,Wet or damp,Single carriageway,None,30,04:35:00,Urban,Other,No,16 - 20,4,Urban area,4,1399,None,None,Other/Not known (2005-10),Not at or within 20 metres of junction,CHEVROLET,KALOS SX,Petrol,Male,None,No tow/articulation,Did not leave carriageway,0,Going ahead other,1,Car,No,Front,2010
201014K013810,C,431,C,431,Slight,None,15-01-2010,Friday,2,Give way or uncontrolled,T or staggered junction,53.39992,Darkness - lights lit,433300,389350,-1.500636,E01008160,1,1,0,0,Wet or damp,Single carriageway,None,30,17:00:00,Urban,Other,No,16 - 20,4,Urban area,1,1998,None,None,Other/Not known (2005-10),Mid Junction - on roundabout or on main road,VOLVO,V50 SE D (E4),Heavy oil,Male,None,No tow/articulation,Did not leave carriageway,0,Going ahead other,1,Car,No,Offside,2010
201020G011140,A,449,Unclassified,0,Slight,None,08-12-2010,Wednesday,2,Give way or uncontrolled,T or staggered junction,52.561618,Darkness - lights lit,389810,295990,-2.151762,E01010513,1,2,0,0,Frost or ice,Single carriageway,None,30,07:40:00,Urban,Other,No,16 - 20,4,Urban area,8,124,None,None,Commuting to/from work,Mid Junction - on roundabout or on main road,HONDA,CG 125-4,Petrol,Male,None,No tow/articulation,Did not leave carriageway,0,Going ahead other,2,Motorcycle 125cc and under,No,Front,2010
201020T500240,Unclassified,0,Unclassified,0,Slight,None,18-12-2010,Saturday,1,Give way or uncontrolled,T or staggered junction,52.47611,Darkness - lights lit,411050,286480,-1.838749,E01009342,1,2,0,0,Wet or damp,Single carriageway,None,30,05:18:00,Urban,Other,No,16 - 20,4,Urban area,4,1995,None,None,Other/Not known (2005-10),Mid Junction - on roundabout or on main road,BMW,320D M SPORT,Heavy oil,Male,None,No tow/articulation,Did not leave carriageway,0,Going ahead other,2,Car,No,Nearside,2010
201043N206110,A,41,Unclassified,2146,Slight,None,28-11-2021,Thursday,1,Give way or uncontrolled,Roundabout,18.61896271,Darkness - lights lit,480340,214690,73.88713488,E01017708,1,2,0,0,Frost or ice,Roundabout,None,30,19:30:00,Urban,Other,No,16 - 20,4,Urban area,9,998,None,None,Other/Not known (2005-10),Entering roundabout,TOYOTA,AYGO SPORT VVT-I,Petrol,Female,None,No tow/articulation,Did not leave carriageway,0,Turning right,2,Car,No,Nearside,2021
201043N206110,A,41,Unclassified,2146,Slight,None,25-11-2010,Thursday,1,Give way or uncontrolled,Roundabout,51.825018,Darkness - lights lit,480340,214690,-0.835675,E01017708,1,2,0,0,Frost or ice,Roundabout,None,30,19:30:00,Urban,Other,No,16 - 20,4,Urban area,9,998,None,None,Other/Not known (2005-10),Entering roundabout,TOYOTA,AYGO SPORT VVT-I,Petrol,Female,None,No tow/articulation,Did not leave carriageway,0,Turning right,2,Car,No,Nearside,2010
201004CM10172,Unclassified,0,Unclassified,0,Slight,Other object on road,01-11-2010,Monday,1,Give way or uncontrolled,T or staggered junction,53.731509,Darkness - lights lit,352100,426370,-2.727562,E01025453,1,2,0,0,Wet or damp,Single carriageway,None,40,20:31:00,Rural,Raining + high winds,No,16 - 20,4,Urban area,7,125,None,None,Commuting to/from work,Approaching junction or waiting/parked at junction approach,HONDA,CBR 125 RW-6,Petrol,Male,Skidded and overturned,No tow/articulation,Did not leave carriageway,0,Waiting to go - held up,2,Motorcycle 125cc and under,No,Nearside,2010
201042I325910,B,1352,Unclassified,0,Slight,None,04-04-2019,Saturday,1,Give way or uncontrolled,Roundabout,26.7671606,Darkness - lights lit,623790,231020,94.20074168,E01022006,3,2,0,0,Wet or damp,Roundabout,None,30,01:00:00,Urban,Raining no high winds,No,16 - 20,4,Urban area,5,1910,None,None,Other/Not known (2005-10),Entering roundabout,VAUXHALL,VECTRA DESIGN CDTI 150,Heavy oil,Male,None,No tow/articulation,Did not leave carriageway,0,Going ahead other,2,Car,No,Front,2019
201034NK45640,Unclassified,7062,Unclassified,7085,Slight,None,17-01-2019,Friday,1,Give way or uncontrolled,Crossroads,28.48829632,Darkness - lights lit,486940,279370,77.10484336,E01027105,3,2,0,0,Wet or damp,Single carriageway,None,30,21:30:00,Urban,Raining no high winds,No,16 - 20,4,Urban area,5,1997,None,None,Other/Not known (2005-10),Mid Junction - on roundabout or on main road,FORD,FOCUS TITANIUM TDCI,Heavy oil,Male,None,No tow/articulation,Did not leave carriageway,0,Going ahead other,2,Car,No,Front,2019
201001CW12112,A,400,A,400,Slight,None,29-09-2010,Wednesday,1,Give way or uncontrolled,T or staggered junction,51.532433,Darkness - lights lit,529180,183150,-0.138988,E01000954,1,2,0,1,Wet or damp,Single carriageway,None,30,22:10:00,Urban,Raining no high winds,No,16 - 20,4,Urban area,6,124,None,None,Other/Not known (2005-10),Mid Junction - on roundabout or on main road,PIAGGIO,LIBERTY 125,Petrol,Male,None,No tow/articulation,Did not leave carriageway,0,Overtaking moving vehicle - offside,1,Motorcycle 125cc and under,No,Did not impact,2010
201001FH10202,A,219,NA,0,Slight,None,01-05-2010,Saturday,1,Data missing or out of range,Not at junction or within 20 metres,51.493374,Darkness - lights lit,523390,178660,-0.22399,E01001898,3,3,0,4,Wet or damp,Single carriageway,None,30,21:32:00,Urban,Raining no high winds,No,16 - 20,4,Urban area,1,1242,None,None,Other/Not known (2005-10),Not at or within 20 metres of junction,FIAT,PUNTO DYNAMIC,Petrol,Male,None,No tow/articulation,Did not leave carriageway,0,Going ahead other,1,Car,No,Front,2010
201001PL60772,C,0,Unclassified,0,Slight,None,12-11-2010,Friday,1,Give way or uncontrolled,T or staggered junction,51.442134,Darkness - lights lit,539340,173370,0.00354,E01003220,1,2,0,0,Wet or damp,Single carriageway,None,30,17:45:00,Urban,Raining no high winds,No,16 - 20,4,Urban area,5,49,None,None,Journey as part of work,Approaching junction or waiting/parked at junction approach,PEUGEOT,LUDIX ELEGANCE,Petrol,Male,None,No tow/articulation,Did not leave carriageway,0,Going ahead other,1,Motorcycle 50cc and under,No,Front,2010
201034NK45640,Unclassified,7062,Unclassified,7085,Slight,None,05-11-2010,Friday,1,Give way or uncontrolled,Crossroads,52.405407,Darkness - lights lit,486940,279370,-0.723431,E01027105,3,2,0,0,Wet or damp,Single carriageway,None,30,21:30:00,Urban,Raining no high winds,No,16 - 20,4,Urban area,5,1997,None,None,Other/Not known (2005-10),Mid Junction - on roundabout or on main road,FORD,FOCUS TITANIUM TDCI,Heavy oil,Male,None,No tow/articulation,Did not leave carriageway,0,Going ahead other,2,Car,No,Front,2010
201042I325910,B,1352,Unclassified,0,Slight,None,02-10-2010,Saturday,1,Give way or uncontrolled,Roundabout,51.932622,Darkness - lights lit,623790,231020,1.253925,E01022006,3,2,0,0,Wet or damp,Roundabout,None,30,01:00:00,Urban,Raining no high winds,No,16 - 20,4,Urban area,5,1910,None,None,Other/Not known (2005-10),Entering roundabout,VAUXHALL,VECTRA DESIGN CDTI 150,Heavy oil,Male,None,No tow/articulation,Did not leave carriageway,0,Going ahead other,2,Car,No,Front,2010
201001FH10202,A,219,NA,0,Slight,None,01-05-2010,Saturday,1,Data missing or out of range,Not at junction or within 20 metres,51.493374,Darkness - lights lit,523390,178660,-0.22399,E01001898,3,3,0,4,Wet or damp,Single carriageway,None,30,21:32:00,Urban,Raining no high winds,No,16 - 20,4,Urban area,1,1242,None,None,Other/Not known (2005-10),Not at or within 20 metres of junction,FIAT,PUNTO DYNAMIC,Petrol,Male,None,No tow/articulation,Did not leave carriageway,0,Going ahead other,1,Car,No,Front,2010
201001PL60772,C,0,Unclassified,0,Slight,None,12-11-2010,Friday,1,Give way or uncontrolled,T or staggered junction,51.442134,Darkness - lights lit,539340,173370,0.00354,E01003220,1,2,0,0,Wet or damp,Single carriageway,None,30,17:45:00,Urban,Raining no high winds,No,16 - 20,4,Urban area,5,49,None,None,Journey as part of work,Approaching junction or waiting/parked at junction approach,PEUGEOT,LUDIX ELEGANCE,Petrol,Male,None,No tow/articulation,Did not leave carriageway,0,Going ahead other,1,Motorcycle 50cc and under,No,Front,2010
201001ZD30109,B,275,B,271,Slight,None,16-02-2010,Tuesday,1,Give way or uncontrolled,T or staggered junction,51.368007,Darkness - lights lit,532150,164930,-0.102994,E01001166,1,2,0,1,Wet or damp,Single carriageway,None,30,19:55:00,Urban,Raining no high winds,No,16 - 20,4,Urban area,8,1198,None,None,Other/Not known (2005-10),Approaching junction or waiting/parked at junction approach,VOLKSWAGEN,POLO S 64,Petrol,Male,None,No tow/articulation,Did not leave carriageway,0,Moving off,1,Car,No,Front,2010
201001ZD30181,B,2032,Unclassified,0,Slight,None,21-02-2010,Sunday,2,Give way or uncontrolled,T or staggered junction,51.317192,Darkness - lights lit,528390,159180,-0.15905,E01001026,1,2,0,0,Wet or damp,Single carriageway,None,30,20:45:00,Urban,Raining no high winds,No,16 - 20,4,Urban area,6,124,None,None,Other/Not known (2005-10),Mid Junction - on roundabout or on main road,YAMAHA,NXC 125 CYGNUS,Petrol,Male,None,No tow/articulation,Did not leave carriageway,0,Going ahead other,1,Motorcycle 125cc and under,No,Front,2010