Accident_Index,1st_Road_Class,1st_Road_Number,2nd_Road_Class,2nd_Road_Number,Accident_Severity,Carriageway_Hazards,Date,Day_of_Week,Did_Police_Officer_Attend_Scene_of_Accident,Junction_Control,Junction_Detail,Latitude,Light_Conditions,Location_Easting_OSGR,Location_Northing_OSGR,Longitude,LSOA_of_Accident_Location,Number_of_Casualties,Number_of_Vehicles,Pedestrian_Crossing-Human_Control,Pedestrian_Crossing-Physical_Facilities,Road_Surface_Conditions,Road_Type,Special_Conditions_at_Site,Speed_limit,Time,Urban_or_Rural_Area,Weather_Conditions,InScotland,Age_Band_of_Driver,Age_of_Vehicle,Driver_Home_Area_Type,Driver_IMD_Decile,Engine_Capacity_.CC.,Hit_Object_in_Carriageway,Hit_Object_off_Carriageway,Journey_Purpose_of_Driver,Junction_Location,make,model,Propulsion_Code,Sex_of_Driver,Skidding_and_Overturning,Towing_and_Articulation,Vehicle_Leaving_Carriageway,Vehicle_Location.Restricted_Lane,Vehicle_Manoeuvre,Vehicle_Reference,Vehicle_Type,Was_Vehicle_Left_Hand_Drive,X1st_Point_of_Impact,Year
2010160D05291,Unclassified,0,Unclassified,0,Slight,None,16-09-2010,Thursday,2,Give way or uncontrolled,T or staggered junction,53.752843,Darkness - lights lit,504440,429660,-0.417505,E01012796,1,2,0,0,Wet or damp,Dual carriageway,None,40,20:30:00,Urban,Raining no high winds,No,16 - 20,4,Urban area,10,124,None,None,Other/Not known (2005-10),Mid Junction - on roundabout or on main road,HONDA,CBR 125 R-5,Petrol,Male,Skidded,No tow/articulation,Did not leave carriageway,0,Going ahead other,1,Motorcycle 125cc and under,No,Front,2010
201020L010410,Unclassified,0,Unclassified,0,Slight,None,23-10-2010,Saturday,1,Give way or uncontrolled,T or staggered junction,52.374584,Darkness - lights lit,415830,275200,-1.768904,E01010187,1,2,0,0,Wet or damp,Single carriageway,None,30,00:13:00,Urban,Raining no high winds,No,16 - 20,4,Urban area,10,1198,None,None,Other/Not known (2005-10),Mid Junction - on roundabout or on main road,VOLKSWAGEN,URBAN FOX 55,Petrol,Male,None,No tow/articulation,Did not leave carriageway,0,Turning right,1,Car,No,Offside,2010
201001JI40620,A,12,NA,0,Slight,None,23-09-2010,Thursday,1,Data missing or out of range,Not at junction or within 20 metres,51.575058,Darkness - lights lit,544970,188320,0.090635,E01003641,4,2,0,7,Wet or damp,Dual carriageway,None,50,20:50:00,Urban,Raining no high winds,No,16 - 20,4,Urban area,6,1995,None,None,Other/Not known (2005-10),Not at or within 20 metres of junction,BMW,318I,Petrol,Female,None,No tow/articulation,Did not leave carriageway,0,Changing lane to right,2,Car,No,Offside,2010
201001JI40620,A,12,NA,0,Slight,None,23-09-2010,Thursday,1,Data missing or out of range,Not at junction or within 20 metres,51.575058,Darkness - lights lit,544970,188320,0.090635,E01003641,4,2,0,7,Wet or damp,Dual carriageway,None,50,20:50:00,Urban,Raining no high winds,No,16 - 20,4,Urban area,6,1995,None,None,Other/Not known (2005-10),Not at or within 20 metres of junction,BMW,318I,Petrol,Female,None,No tow/articulation,Did not leave carriageway,0,Changing lane to right,2,Car,No,Offside,2010
201001XD80633,B,455,Unclassified,0,Slight,None,06-09-2010,Monday,1,Give way or uncontrolled,T or staggered junction,51.528395,Darkness - lights lit,514120,182340,-0.356272,E01001261,1,2,0,0,Wet or damp,Single carriageway,None,30,21:09:00,Urban,Raining no high winds,No,16 - 20,4,Urban area,4,1360,None,None,Other/Not known (2005-10),Mid Junction - on roundabout or on main road,PEUGEOT,307 S,Petrol,Female,None,No tow/articulation,Did not leave carriageway,0,Turning right,1,Car,No,Front,2010
201014A154410,C,765,Unclassified,0,Slight,None,23-09-2010,Thursday,1,Give way or uncontrolled,Other junction,53.471772,Darkness - lights lit,461820,397630,-1.070117,E01007595,1,2,0,0,Wet or damp,Single carriageway,None,20,20:59:00,Urban,Raining no high winds,No,16 - 20,4,Urban area,2,1360,None,None,Other/Not known (2005-10),Entering main road,PEUGEOT,206 VERVE,Petrol,Female,None,No tow/articulation,Did not leave carriageway,0,Turning left,1,Car,No,Offside,2010
201022D003593,B,4497,A,4189,Slight,None,20-07-2010,Tuesday,1,Give way or uncontrolled,Roundabout,52.300869,Darkness - lights lit,406730,266980,-1.902739,E01032274,2,2,0,0,Wet or damp,Single carriageway,None,40,01:21:00,Urban,Raining no high winds,No,16 - 20,4,Urban area,9,1360,None,None,Other/Not known (2005-10),Approaching junction or waiting/parked at junction approach,PEUGEOT,207 S,Petrol,Female,None,No tow/articulation,Did not leave carriageway,0,Slowing or stopping,2,Car,No,Back,2010
20103102A3149,C,147,NA,0,Slight,None,05-11-2010,Friday,1,Data missing or out of range,Not at junction or within 20 metres,53.130347,Darkness - lights lit,446580,359470,-1.305284,E01027986,3,2,0,0,Wet or damp,Single carriageway,None,30,21:45:00,Urban,Raining no high winds,No,16 - 20,4,Urban area,5,1229,None,None,Other/Not known (2005-10),Not at or within 20 metres of junction,VAUXHALL,CORSA SXI+,Petrol,Female,None,No tow/articulation,Did not leave carriageway,0,Waiting to go - held up,2,Car,No,Back,2010
201060L017768,A,55,A,5,Slight,None,31-01-2010,Sunday,1,Give way or uncontrolled,Slip road,53.2227,Darkness - lights lit,252170,371810,-4.2158,W01000025,3,2,0,0,Snow,Dual carriageway,None,70,17:09:00,Rural,Snowing no high winds,No,16 - 20,4,Urban area,NA,1390,None,Near/Offside crash barrier,Other/Not known (2005-10),Approaching junction or waiting/parked at junction approach,SEAT,IBIZA STYLANCE,Petrol,Female,Skidded,No tow/articulation,Offside and rebounded,0,Going ahead right-hand bend,1,Car,No,Nearside,2010
201005AA03487,B,5151,Unclassified,0,Slight,None,26-05-2010,Wednesday,1,Auto traffic signal,Crossroads,53.371452,Darkness - lights unlit,330960,386570,-3.039157,E01007248,1,2,0,4,Dry,Single carriageway,None,30,20:10:00,Urban,Fine no high winds,No,16 - 20,4,Urban area,7,1968,None,None,Other/Not known (2005-10),Approaching junction or waiting/parked at junction approach,SEAT,LEON SPORT TDI AUTO,Heavy oil,Male,None,No tow/articulation,Did not leave carriageway,0,Turning right,1,Car,No,Front,2010
201050EK2C010,Unclassified,0,NA,0,Slight,None,23-11-2020,Thursday,1,Not at junction or within 20 metres,Not at junction or within 20 metres,14.7339184,Darkness - lights unlit,252480,52410,78.61944668,E01015128,3,1,0,0,Wet or damp,Single carriageway,None,30,20:20:00,Urban,Raining + high winds,No,16 - 20,4,Urban area,8,998,None,Other permanent object,Other/Not known (2005-10),Not at or within 20 metres of junction,TOYOTA,AYGO+ VVT-I,Petrol,Female,Skidded,No tow/articulation,Nearside,0,Going ahead right-hand bend,1,Car,No,Nearside,2019
201050EK2C010,Unclassified,0,NA,0,Slight,None,15-07-2010,Thursday,1,Not at junction or within 20 metres,Not at junction or within 20 metres,50.353002,Darkness - lights unlit,252480,52410,-4.07507,E01015128,3,1,0,0,Wet or damp,Single carriageway,None,30,20:20:00,Urban,Raining + high winds,No,16 - 20,4,Urban area,8,998,None,Other permanent object,Other/Not known (2005-10),Not at or within 20 metres of junction,TOYOTA,AYGO+ VVT-I,Petrol,Female,Skidded,No tow/articulation,Nearside,0,Going ahead right-hand bend,1,Car,No,Nearside,2010
201004FL10078,A,682,NA,0,Slight,None,30-07-2010,Friday,1,Data missing or out of range,Not at junction or within 20 metres,53.704884,Darkness - lights unlit,381230,423200,-2.28582,E01025356,1,2,0,0,Wet or damp,Single carriageway,None,30,19:20:00,Urban,Raining no high winds,No,16 - 20,4,Urban area,9,1399,None,None,Other/Not known (2005-10),Not at or within 20 metres of junction,FORD,FIESTA STYLE TDCI,Heavy oil,Male,None,No tow/articulation,Did not leave carriageway,0,Waiting to turn right,1,Car,No,Did not impact,2010
201042I017801,Unclassified,0,NA,0,Slight,None,16-05-2021,Tuesday,1,Not at junction or within 20 metres,Not at junction or within 20 metres,14.743162,Darkness - no lighting,539520,206050,78.5000687,E01021793,3,4,0,0,Frost or ice,Single carriageway,None,30,19:25:00,Urban,Fine no high winds,No,16 - 20,4,Rural,6,1242,None,None,Other/Not known (2005-10),Not at or within 20 metres of junction,FORD,FIESTA STYLE CLIMATE,Petrol,Male,Skidded,No tow/articulation,Did not leave carriageway,0,Going ahead other,3,Car,No,Front,2019
201034WN11920,Unclassified,7769,Unclassified,0,Slight,None,31-05-2019,Thursday,1,Give way or uncontrolled,T or staggered junction,22.10132599,Darkness - no lighting,481780,262160,82.16112912,E01027140,1,2,0,0,Wet or damp,Single carriageway,None,60,19:30:00,Urban,Fine no high winds,No,16 - 20,4,Urban area,1,1753,None,None,Other/Not known (2005-10),Mid Junction - on roundabout or on main road,FORD,FOCUS ZETEC CLIMATE TDCI,Heavy oil,Male,None,No tow/articulation,Did not leave carriageway,0,Going ahead other,1,Car,No,Front,2019
20104100A0003,C,16,NA,0,Slight,None,04-10-2019,Friday,2,Not at junction or within 20 metres,Not at junction or within 20 metres,28.425023,Darkness - no lighting,532550,209250,77.06710897,E01023481,2,1,0,0,Frost or ice,Single carriageway,None,60,19:45:00,Rural,Fine no high winds,No,16 - 20,4,Rural,10,1229,None,Entered ditch,Other/Not known (2005-10),Not at or within 20 metres of junction,VAUXHALL,CORSA DESIGN TWINPORT,Petrol,Male,Skidded,No tow/articulation,Nearside,0,Going ahead left-hand bend,1,Car,No,Front,2019
201050GT3V006,A,39,NA,0,Slight,None,26-03-2019,Sunday,1,Not at junction or within 20 metres,Not at junction or within 20 metres,13.02462827,Darkness - no lighting,183500,46130,77.51968699,E01018824,1,3,0,0,Dry,Single carriageway,None,40,21:33:00,Rural,Fine no high winds,No,16 - 20,4,Rural,4,NA,None,None,Journey as part of work,Not at or within 20 metres of junction,JOHN DEERE,,Heavy oil,Male,None,No tow/articulation,Did not leave carriageway,0,Going ahead left-hand bend,2,Agricultural vehicle,No,Front,2020
201045RE50985,C,58,NA,0,Slight,None,11-11-2020,Friday,1,Data missing or out of range,Not at junction or within 20 metres,22.70334174,Darkness - no lighting,523510,148280,75.84055779,E01030632,1,1,0,0,Dry,Single carriageway,None,40,02:45:00,Rural,Fine no high winds,No,16 - 20,4,Rural,8,1598,None,Other permanent object,Other/Not known (2005-10),Not at or within 20 metres of junction,MINI,MINI COOPER PARK LANE,Petrol,Male,Overturned,No tow/articulation,Offside,0,Going ahead left-hand bend,1,Car,No,Did not impact,2020
201043P118110,B,4507,Unclassified,0,Slight,None,29-12-2021,Thursday,1,Give way or uncontrolled,T or staggered junction,22.7637743,Darkness - no lighting,437960,187500,75.89240211,E01028720,1,2,0,0,Dry,Single carriageway,None,30,19:14:00,Rural,Fine no high winds,No,16 - 20,4,Rural,7,125,None,None,Other/Not known (2005-10),Mid Junction - on roundabout or on main road,HONDA,CBR 125 RS-6,Petrol,Male,None,No tow/articulation,Did not leave carriageway,0,Going ahead other,2,Motorcycle 125cc and under,No,Front,2020
20104100A0679,C,11,C,11,Slight,None,16-09-2019,Friday,1,Give way or uncontrolled,T or staggered junction,18.4975049,Darkness - no lighting,540440,232830,73.95060057,E01023462,2,1,0,0,Dry,Single carriageway,None,30,23:00:00,Rural,Fine no high winds,No,16 - 20,4,Small town,9,1229,Kerb,None,Other/Not known (2005-10),Approaching junction or waiting/parked at junction approach,VAUXHALL,CORSA SXI+,Petrol,Male,Skidded and overturned,No tow/articulation,Did not leave carriageway,0,Going ahead left-hand bend,1,Car,No,Nearside,2021
201045WA51136,B,2128,NA,0,Slight,None,20-03-2021,Friday,2,Data missing or out of range,Not at junction or within 20 metres,19.13960711,Darkness - no lighting,509830,135320,72.93255428,E01030862,3,2,0,0,Dry,Single carriageway,None,40,22:29:00,Rural,Fine no high winds,No,16 - 20,4,Urban area,10,1999,None,None,Other/Not known (2005-10),Not at or within 20 metres of junction,FORD,FIESTA ST,Petrol,Male,Skidded,No tow/articulation,Did not leave carriageway,0,Going ahead other,1,Car,No,Front,2021
20104100G0149,Unclassified,63,NA,0,Slight,None,16-11-2021,Thursday,1,Not at junction or within 20 metres,Not at junction or within 20 metres,27.10609126,Darkness - no lighting,524710,220740,93.63125446,E01023629,1,1,0,0,Dry,Single carriageway,None,30,04:10:00,Rural,Fine no high winds,No,16 - 20,4,Small town,9,1560,Kerb,Other permanent object,Other/Not known (2005-10),Not at or within 20 metres of junction,FORD,FOCUS SPORT TDCI,Heavy oil,Male,Overturned,No tow/articulation,Offside and rebounded,0,Going ahead other,1,Car,No,Front,2019
201037B046095,B,1111,Unclassified,6436,Slight,None,09-05-2019,Friday,1,Give way or uncontrolled,T or staggered junction,27.09908692,Darkness - no lighting,596650,275400,93.62978161,E01030145,2,2,0,0,Dry,Single carriageway,None,60,00:05:00,Rural,Fine no high winds,No,16 - 20,4,Rural,7,1086,None,None,Other/Not known (2005-10),Cleared junction or waiting/parked at junction exit,HYUNDAI,GETZ ATLANTIC,Petrol,Male,Skidded,No tow/articulation,Offside,0,Going ahead left-hand bend,2,Car,No,Front,2019
201034WN11920,Unclassified,7769,Unclassified,0,Slight,None,18-03-2010,Thursday,1,Give way or uncontrolled,T or staggered junction,52.251511,Darkness - no lighting,481780,262160,-0.803445,E01027140,1,2,0,0,Wet or damp,Single carriageway,None,60,19:30:00,Urban,Fine no high winds,No,16 - 20,4,Urban area,1,1753,None,None,Other/Not known (2005-10),Mid Junction - on roundabout or on main road,FORD,FOCUS ZETEC CLIMATE TDCI,Heavy oil,Male,None,No tow/articulation,Did not leave carriageway,0,Going ahead other,1,Car,No,Front,2010
201037B046095,B,1111,Unclassified,6436,Slight,None,29-10-2010,Friday,1,Give way or uncontrolled,T or staggered junction,52.341371,Darkness - no lighting,596650,275400,0.885362,E01030145,2,2,0,0,Dry,Single carriageway,None,60,00:05:00,Rural,Fine no high winds,No,16 - 20,4,Rural,7,1086,None,None,Other/Not known (2005-10),Cleared junction or waiting/parked at junction exit,HYUNDAI,GETZ ATLANTIC,Petrol,Male,Skidded,No tow/articulation,Offside,0,Going ahead left-hand bend,2,Car,No,Front,2010
20104100A0003,C,16,NA,0,Slight,None,01-01-2010,Friday,2,Not at junction or within 20 metres,Not at junction or within 20 metres,51.766198,Darkness - no lighting,532550,209250,-0.080547,E01023481,2,1,0,0,Frost or ice,Single carriageway,None,60,19:45:00,Rural,Fine no high winds,No,16 - 20,4,Rural,10,1229,None,Entered ditch,Other/Not known (2005-10),Not at or within 20 metres of junction,VAUXHALL,CORSA DESIGN TWINPORT,Petrol,Male,Skidded,No tow/articulation,Nearside,0,Going ahead left-hand bend,1,Car,No,Front,2010
20104100A0679,C,11,C,11,Slight,None,22-10-2010,Friday,1,Give way or uncontrolled,T or staggered junction,51.976151,Darkness - no lighting,540440,232830,0.043298,E01023462,2,1,0,0,Dry,Single carriageway,None,30,23:00:00,Rural,Fine no high winds,No,16 - 20,4,Small town,9,1229,Kerb,None,Other/Not known (2005-10),Approaching junction or waiting/parked at junction approach,VAUXHALL,CORSA SXI+,Petrol,Male,Skidded and overturned,No tow/articulation,Did not leave carriageway,0,Going ahead left-hand bend,1,Car,No,Nearside,2010
20104100G0149,Unclassified,63,NA,0,Slight,None,11-03-2010,Thursday,1,Not at junction or within 20 metres,Not at junction or within 20 metres,51.871254,Darkness - no lighting,524710,220740,-0.189965,E01023629,1,1,0,0,Dry,Single carriageway,None,30,04:10:00,Rural,Fine no high winds,No,16 - 20,4,Small town,9,1560,Kerb,Other permanent object,Other/Not known (2005-10),Not at or within 20 metres of junction,FORD,FOCUS SPORT TDCI,Heavy oil,Male,Overturned,No tow/articulation,Offside and rebounded,0,Going ahead other,1,Car,No,Front,2010
201042I017801,Unclassified,0,NA,0,Slight,None,26-01-2010,Tuesday,1,Not at junction or within 20 metres,Not at junction or within 20 metres,51.735751,Darkness - no lighting,539520,206050,0.01911,E01021793,3,4,0,0,Frost or ice,Single carriageway,None,30,19:25:00,Urban,Fine no high winds,No,16 - 20,4,Rural,6,1242,None,None,Other/Not known (2005-10),Not at or within 20 metres of junction,FORD,FIESTA STYLE CLIMATE,Petrol,Male,Skidded,No tow/articulation,Did not leave carriageway,0,Going ahead other,3,Car,No,Front,2010
201043P118110,B,4507,Unclassified,0,Slight,None,04-11-2010,Thursday,1,Give way or uncontrolled,T or staggered junction,51.585035,Darkness - no lighting,437960,187500,-1.45352,E01028720,1,2,0,0,Dry,Single carriageway,None,30,19:14:00,Rural,Fine no high winds,No,16 - 20,4,Rural,7,125,None,None,Other/Not known (2005-10),Mid Junction - on roundabout or on main road,HONDA,CBR 125 RS-6,Petrol,Male,None,No tow/articulation,Did not leave carriageway,0,Going ahead other,2,Motorcycle 125cc and under,No,Front,2010
201045RE50985,C,58,NA,0,Slight,None,21-05-2010,Friday,1,Data missing or out of range,Not at junction or within 20 metres,51.220306,Darkness - no lighting,523510,148280,-0.232803,E01030632,1,1,0,0,Dry,Single carriageway,None,40,02:45:00,Rural,Fine no high winds,No,16 - 20,4,Rural,8,1598,None,Other permanent object,Other/Not known (2005-10),Not at or within 20 metres of junction,MINI,MINI COOPER PARK LANE,Petrol,Male,Overturned,No tow/articulation,Offside,0,Going ahead left-hand bend,1,Car,No,Did not impact,2010
201045WA51136,B,2128,NA,0,Slight,None,04-06-2010,Friday,2,Data missing or out of range,Not at junction or within 20 metres,51.106605,Darkness - no lighting,509830,135320,-0.432563,E01030862,3,2,0,0,Dry,Single carriageway,None,40,22:29:00,Rural,Fine no high winds,No,16 - 20,4,Urban area,10,1999,None,None,Other/Not known (2005-10),Not at or within 20 metres of junction,FORD,FIESTA ST,Petrol,Male,Skidded,No tow/articulation,Did not leave carriageway,0,Going ahead other,1,Car,No,Front,2010
201050GT3V006,A,39,NA,0,Slight,None,26-09-2010,Sunday,1,Not at junction or within 20 metres,Not at junction or within 20 metres,50.275275,Darkness - no lighting,183500,46130,-5.039903,E01018824,1,3,0,0,Dry,Single carriageway,None,40,21:33:00,Rural,Fine no high winds,No,16 - 20,4,Rural,4,NA,None,None,Journey as part of work,Not at or within 20 metres of junction,JOHN DEERE,,Heavy oil,Male,None,No tow/articulation,Did not leave carriageway,0,Going ahead left-hand bend,2,Agricultural vehicle,No,Front,2010
201014A115910,Unclassified,0,NA,0,Slight,None,21-07-2010,Wednesday,1,Not at junction or within 20 metres,Not at junction or within 20 metres,53.446446,Darkness - no lighting,457690,394760,-1.132855,E01007612,1,2,0,0,Dry,Single carriageway,None,60,21:26:00,Rural,Fine no high winds,No,16 - 20,4,Urban area,5,998,None,Entered ditch,Commuting to/from work,Not at or within 20 metres of junction,VAUXHALL,CORSA LIFE,Petrol,Male,None,No tow/articulation,Nearside,0,Going ahead right-hand bend,1,Car,No,Front,2010
201030C000570,C,21,NA,0,Slight,None,29-08-2010,Sunday,1,Data missing or out of range,Not at junction or within 20 metres,53.200797,Darkness - no lighting,441370,367260,-1.382141,E01019798,1,1,0,0,Wet or damp,Single carriageway,None,60,05:20:00,Rural,Fine no high winds,No,16 - 20,4,Urban area,2,1198,None,Tree,Other/Not known (2005-10),Not at or within 20 metres of junction,VOLKSWAGEN,FOX 55,Petrol,Male,Overturned,No tow/articulation,Nearside and rebounded,0,Going ahead right-hand bend,1,Car,No,Nearside,2010
20103102B2434,C,17,NA,0,Slight,None,23-10-2010,Saturday,1,Data missing or out of range,Not at junction or within 20 metres,53.059738,Darkness - no lighting,474770,351970,-0.885774,E01028352,1,1,0,0,Wet or damp,Single carriageway,Mud,60,22:00:00,Rural,Fine no high winds,No,16 - 20,4,Urban area,9,1124,None,Tree,Other/Not known (2005-10),Not at or within 20 metres of junction,CITROEN,C2 SX,Petrol,Male,Skidded,No tow/articulation,Nearside,0,Going ahead right-hand bend,1,Car,No,Front,2010
20104100A0173,C,39,NA,0,Slight,None,06-02-2020,Friday,2,Not at junction or within 20 metres,Not at junction or within 20 metres,26.46506054,Darkness - no lighting,538580,218880,74.59125212,E01023507,1,1,0,0,Dry,Single carriageway,Road surface defective,60,02:00:00,Rural,Fine no high winds,No,16 - 20,4,Rural,9,1299,None,Telegraph or electricity pole,Other/Not known (2005-10),Not at or within 20 metres of junction,FORD,KA,Petrol,Female,Skidded,No tow/articulation,Nearside,0,Turning right,1,Car,No,Front,2020
201043W206100,Unclassified,7147,NA,0,Slight,None,19-06-2019,Sunday,1,Data missing or out of range,Not at junction or within 20 metres,14.6911247,Darkness - no lighting,468350,163530,78.64223571,E01016308,3,1,0,0,Dry,Single carriageway,None,60,20:10:00,Rural,Fine no high winds,No,16 - 20,4,Rural,7,1229,None,Telegraph or electricity pole,Other/Not known (2005-10),Not at or within 20 metres of junction,VAUXHALL,CORSA SXI+ 16V,Petrol,Female,None,No tow/articulation,Offside,0,Going ahead right-hand bend,1,Car,No,Front,2019
20104100A0173,C,39,NA,0,Slight,None,12-03-2010,Friday,2,Not at junction or within 20 metres,Not at junction or within 20 metres,51.85127,Darkness - no lighting,538580,218880,0.010628,E01023507,1,1,0,0,Dry,Single carriageway,Road surface defective,60,02:00:00,Rural,Fine no high winds,No,16 - 20,4,Rural,9,1299,None,Telegraph or electricity pole,Other/Not known (2005-10),Not at or within 20 metres of junction,FORD,KA,Petrol,Female,Skidded,No tow/articulation,Nearside,0,Turning right,1,Car,No,Front,2010
201043W206100,Unclassified,7147,NA,0,Slight,None,24-10-2010,Sunday,1,Data missing or out of range,Not at junction or within 20 metres,51.366674,Darkness - no lighting,468350,163530,-1.019575,E01016308,3,1,0,0,Dry,Single carriageway,None,60,20:10:00,Rural,Fine no high winds,No,16 - 20,4,Rural,7,1229,None,Telegraph or electricity pole,Other/Not known (2005-10),Not at or within 20 metres of junction,VAUXHALL,CORSA SXI+ 16V,Petrol,Female,None,No tow/articulation,Offside,0,Going ahead right-hand bend,1,Car,No,Front,2010
201060L163715,B,4410,NA,0,Slight,None,02-09-2010,Thursday,1,Data missing or out of range,Not at junction or within 20 metres,52.95179,Darkness - no lighting,265490,341260,-4.00363,W01000114,2,1,0,0,Dry,Single carriageway,None,60,02:20:00,Rural,Fine no high winds,No,16 - 20,4,Small town,NA,1598,None,Other permanent object,Other/Not known (2005-10),Not at or within 20 metres of junction,VAUXHALL,MERIVA DESIGN,Petrol,Female,Overturned,No tow/articulation,Did not leave carriageway,0,Going ahead other,1,Car,No,Front,2010
201006K034630,C,0,NA,0,Slight,None,02-08-2010,Monday,2,Data missing or out of range,Not at junction or within 20 metres,53.600036,Darkness - no lighting,366080,411620,-2.514045,E01004884,3,1,0,0,Wet or damp,Single carriageway,None,30,01:30:00,Rural,Fine no high winds,No,16 - 20,4,Data missing or out of range,NA,1124,None,Tree,Other/Not known (2005-10),Not at or within 20 metres of junction,SMART,FORFOUR COOLSTYLE,Petrol,Female,Skidded,No tow/articulation,Nearside and rebounded,0,Going ahead other,1,Car,No,Nearside,2010
201022C000242,Unclassified,0,NA,0,Slight,None,03-01-2010,Sunday,1,Data missing or out of range,Not at junction or within 20 metres,52.276259,Darkness - no lighting,395850,264240,-2.062259,E01032395,3,1,0,0,Frost or ice,Single carriageway,None,40,01:45:00,Rural,Fine no high winds,No,16 - 20,4,Small town,6,1149,None,Entered ditch,Other/Not known (2005-10),Not at or within 20 metres of junction,RENAULT,CLIO CAMPUS SPORT,Petrol,Female,Skidded and overturned,No tow/articulation,Offside,0,Going ahead left-hand bend,1,Car,No,Front,2010
201022C001111,B,4090,NA,0,Slight,None,02-02-2010,Tuesday,1,Data missing or out of range,Not at junction or within 20 metres,52.266313,Darkness - no lighting,391140,263140,-2.131263,E01032345,4,2,0,0,Dry,Single carriageway,None,60,23:10:00,Rural,Fine no high winds,No,16 - 20,4,Urban area,10,1124,None,None,Other/Not known (2005-10),Not at or within 20 metres of junction,CITROEN,C2 SX,Petrol,Female,Skidded,No tow/articulation,Offside,0,Overtaking moving vehicle - offside,1,Car,No,Back,2010
201022F001341,Unclassified,0,NA,0,Slight,None,15-03-2010,Monday,1,Data missing or out of range,Not at junction or within 20 metres,52.71216,Darkness - no lighting,354340,312940,-2.677331,E01028959,1,2,0,0,Dry,Single carriageway,None,60,22:45:00,Rural,Fine no high winds,No,16 - 20,4,Urban area,8,1198,None,Other permanent object,Other/Not known (2005-10),Not at or within 20 metres of junction,VOLKSWAGEN,POLO E 55,Petrol,Female,Overturned,No tow/articulation,Nearside,0,Going ahead left-hand bend,1,Car,No,Front,2010
201030D001117,A,516,NA,0,Slight,None,22-10-2010,Friday,1,Data missing or out of range,Not at junction or within 20 metres,52.891116,Darkness - no lighting,427610,332710,-1.591076,E01019839,2,2,0,0,Dry,Single carriageway,None,60,20:20:00,Rural,Fine no high winds,No,16 - 20,4,Data missing or out of range,NA,1364,None,None,Other/Not known (2005-10),Not at or within 20 metres of junction,VAUXHALL,ASTRA LIFE,Petrol,Female,None,No tow/articulation,Did not leave carriageway,0,Slowing or stopping,1,Car,No,Back,2010
201032B026910,C,731,NA,0,Slight,None,31-01-2010,Sunday,1,Data missing or out of range,Not at junction or within 20 metres,52.794904,Darkness - no lighting,533720,323770,-0.018208,E01026285,1,1,0,0,Frost or ice,Single carriageway,None,60,00:30:00,Rural,Fine no high winds,No,16 - 20,4,Rural,5,1598,None,None,Other/Not known (2005-10),Not at or within 20 metres of junction,MINI,MINI ONE,Petrol,Female,Skidded and overturned,No tow/articulation,Nearside,0,Going ahead left-hand bend,1,Car,No,Did not impact,2010
201022G006305,A,41,NA,0,Slight,None,22-12-2010,Wednesday,2,Data missing or out of range,Not at junction or within 20 metres,52.811709,Darkness - no lighting,370320,323890,-2.441791,E01014131,1,2,0,0,Frost or ice,Single carriageway,None,60,19:40:00,Rural,Other,No,16 - 20,4,Rural,5,1598,None,None,Other/Not known (2005-10),Not at or within 20 metres of junction,MINI,MINI ONE,Petrol,Female,Skidded,No tow/articulation,Did not leave carriageway,0,Overtaking moving vehicle - offside,1,Car,No,Front,2010
201045SP51461,B,375,NA,0,Slight,Any animal in carriageway (except ridden horse),01-01-2020,Thursday,1,Data missing or out of range,Not at junction or within 20 metres,22.09718468,Darkness - no lighting,507390,166940,82.19560079,E01030730,3,1,0,0,Wet or damp,Single carriageway,None,50,01:27:00,Rural,Raining no high winds,No,16 - 20,4,Urban area,6,1198,None,Entered ditch,Other/Not known (2005-10),Not at or within 20 metres of junction,VOLKSWAGEN,POLO E 55,Petrol,Male,Skidded and overturned,No tow/articulation,Offside,0,Going ahead other,1,Car,No,Front,2019
201037B044865,C,603,C,608,Slight,None,14-02-2019,Thursday,1,Give way or uncontrolled,T or staggered junction,26.46380472,Darkness - no lighting,567150,273470,74.64695814,E01029945,2,2,0,0,Wet or damp,Single carriageway,None,60,21:45:00,Rural,Raining no high winds,No,16 - 20,4,Urban area,4,1242,None,None,Other/Not known (2005-10),Mid Junction - on roundabout or on main road,FORD,FIESTA STYLE CLIMATE,Petrol,Male,None,No tow/articulation,Did not leave carriageway,0,Turning left,1,Car,No,Offside,2020
201037B044865,C,603,C,608,Slight,None,29-04-2010,Thursday,1,Give way or uncontrolled,T or staggered junction,52.333813,Darkness - no lighting,567150,273470,0.451815,E01029945,2,2,0,0,Wet or damp,Single carriageway,None,60,21:45:00,Rural,Raining no high winds,No,16 - 20,4,Urban area,4,1242,None,None,Other/Not known (2005-10),Mid Junction - on roundabout or on main road,FORD,FIESTA STYLE CLIMATE,Petrol,Male,None,No tow/articulation,Did not leave carriageway,0,Turning left,1,Car,No,Offside,2010