Accident_Index,1st_Road_Class,1st_Road_Number,2nd_Road_Class,2nd_Road_Number,Accident_Severity,Carriageway_Hazards,Date,Day_of_Week,Did_Police_Officer_Attend_Scene_of_Accident,Junction_Control,Junction_Detail,Latitude,Light_Conditions,Location_Easting_OSGR,Location_Northing_OSGR,Longitude,LSOA_of_Accident_Location,Number_of_Casualties,Number_of_Vehicles,Pedestrian_Crossing-Human_Control,Pedestrian_Crossing-Physical_Facilities,Road_Surface_Conditions,Road_Type,Special_Conditions_at_Site,Speed_limit,Time,Urban_or_Rural_Area,Weather_Conditions,InScotland,Age_Band_of_Driver,Age_of_Vehicle,Driver_Home_Area_Type,Driver_IMD_Decile,Engine_Capacity_.CC.,Hit_Object_in_Carriageway,Hit_Object_off_Carriageway,Journey_Purpose_of_Driver,Junction_Location,make,model,Propulsion_Code,Sex_of_Driver,Skidding_and_Overturning,Towing_and_Articulation,Vehicle_Leaving_Carriageway,Vehicle_Location.Restricted_Lane,Vehicle_Manoeuvre,Vehicle_Reference,Vehicle_Type,Was_Vehicle_Left_Hand_Drive,X1st_Point_of_Impact,Year
201045SP51461,B,375,NA,0,Slight,Any animal in carriageway (except ridden horse),27-05-2010,Thursday,1,Data missing or out of range,Not at junction or within 20 metres,51.391292,Darkness - no lighting,507390,166940,-0.457924,E01030730,3,1,0,0,Wet or damp,Single carriageway,None,50,01:27:00,Rural,Raining no high winds,No,16 - 20,4,Urban area,6,1198,None,Entered ditch,Other/Not known (2005-10),Not at or within 20 metres of junction,VOLKSWAGEN,POLO E 55,Petrol,Male,Skidded and overturned,No tow/articulation,Offside,0,Going ahead other,1,Car,No,Front,2010
2010550D50596,Unclassified,0,NA,0,Slight,None,15-11-2010,Monday,2,Not at junction or within 20 metres,Not at junction or within 20 metres,50.55685,Darkness - no lighting,369020,73110,-2.438726,E01020563,1,2,0,0,Wet or damp,Single carriageway,None,60,22:00:00,Rural,Raining no high winds,No,16 - 20,4,Small town,7,49,None,None,Other/Not known (2005-10),Not at or within 20 metres of junction,PEUGEOT,SPEEDFIGHT,Petrol,Male,Skidded,No tow/articulation,Did not leave carriageway,0,Going ahead other,2,Motorcycle 50cc and under,No,Offside,2010
201037B046503,A,143,NA,0,Slight,None,14-12-2020,Thursday,1,Data missing or out of range,Not at junction or within 20 metres,27.08791151,Darkness - no lighting,570890,249000,93.63257639,E01030122,2,1,0,0,Frost or ice,Single carriageway,None,60,22:30:00,Rural,Snowing no high winds,No,16 - 20,4,Rural,7,1198,None,Near/Offside crash barrier,Other/Not known (2005-10),Not at or within 20 metres of junction,SEAT,IBIZA REFERENCE,Petrol,Male,Skidded,No tow/articulation,Offside,0,Going ahead right-hand bend,1,Car,No,Front,2019
201037B046503,A,143,NA,0,Slight,None,16-12-2010,Thursday,1,Data missing or out of range,Not at junction or within 20 metres,52.112873,Darkness - no lighting,570890,249000,0.494298,E01030122,2,1,0,0,Frost or ice,Single carriageway,None,60,22:30:00,Rural,Snowing no high winds,No,16 - 20,4,Rural,7,1198,None,Near/Offside crash barrier,Other/Not known (2005-10),Not at or within 20 metres of junction,SEAT,IBIZA REFERENCE,Petrol,Male,Skidded,No tow/articulation,Offside,0,Going ahead right-hand bend,1,Car,No,Front,2010
20104100T3032,Motorway,25,NA,0,Slight,Other object on road,28-03-2020,Saturday,1,Not at junction or within 20 metres,Not at junction or within 20 metres,12.98124383,Darkness - no lighting,518450,203030,77.51945817,E01023704,1,2,0,0,Frost or ice,Dual carriageway,None,70,02:10:00,Rural,Snowing no high winds,No,16 - 20,4,Urban area,9,1598,None,None,Other/Not known (2005-10),Not at or within 20 metres of junction,MINI,MINI ONE,Petrol,Female,None,No tow/articulation,Did not leave carriageway,0,Going ahead other,1,Car,No,Front,2020
20104100T3032,Motorway,25,NA,0,Slight,Other object on road,13-02-2010,Saturday,1,Not at junction or within 20 metres,Not at junction or within 20 metres,51.713455,Darkness - no lighting,518450,203030,-0.286891,E01023704,1,2,0,0,Frost or ice,Dual carriageway,None,70,02:10:00,Rural,Snowing no high winds,No,16 - 20,4,Urban area,9,1598,None,None,Other/Not known (2005-10),Not at or within 20 metres of junction,MINI,MINI ONE,Petrol,Female,None,No tow/articulation,Did not leave carriageway,0,Going ahead other,1,Car,No,Front,2010
201043R247030,Unclassified,7302,Unclassified,7302,Slight,None,12-10-2019,Wednesday,1,Give way or uncontrolled,T or staggered junction,14.73600151,Daylight,500460,179410,78.50749072,E01016505,1,2,0,4,Dry,Single carriageway,None,30,12:30:00,Urban,Fine no high winds,No,16 - 20,4,Urban area,5,1595,None,None,Other/Not known (2005-10),Mid Junction - on roundabout or on main road,AUDI,A3 SPECIAL EDITION,Petrol,Male,None,No tow/articulation,Did not leave carriageway,0,Turning right,1,Car,No,Nearside,2019
201050EC2E127,Unclassified,0,Unclassified,0,Slight,None,22-10-2019,Thursday,1,Auto traffic signal,Roundabout,14.79155399,Daylight,247960,54470,78.52630187,E01015156,2,1,0,4,Dry,Dual carriageway,None,30,09:47:00,Urban,Fine no high winds,No,16 - 20,4,Urban area,7,125,None,None,Other/Not known (2005-10),Entering roundabout,APRILIA,RS 125 11 KW 06,Petrol,Male,None,No tow/articulation,Did not leave carriageway,0,Moving off,1,Motorcycle 125cc and under,No,Front,2019
201050EK2B016,Unclassified,0,NA,0,Slight,None,21-01-2021,Wednesday,2,Not at junction or within 20 metres,Not at junction or within 20 metres,27.09654605,Daylight,251580,53400,93.61181817,E01015134,2,1,0,0,Dry,Single carriageway,None,30,15:00:00,Urban,Fine no high winds,No,16 - 20,4,Rural,5,49,None,None,Pupil riding to/from school,Not at or within 20 metres of junction,PEUGEOT,SPEEDFIGHT,Petrol,Male,None,No tow/articulation,Did not leave carriageway,0,Going ahead other,1,Motorcycle 50cc and under,No,Offside,2019
201037G030573,A,1022,NA,0,Slight,None,08-06-2019,Thursday,1,Data missing or out of range,Not at junction or within 20 metres,27.08825901,Daylight,616000,244390,93.60828088,E01029959,1,1,0,0,Wet or damp,Dual carriageway,None,30,08:25:00,Urban,Fine no high winds,No,16 - 20,4,Urban area,6,1999,Kerb,Road sign or traffic signal,Commuting to/from work,Not at or within 20 metres of junction,FORD,FIESTA ST,Petrol,Male,Skidded,No tow/articulation,Nearside,0,Going ahead left-hand bend,1,Car,No,Front,2019
20104100J0338,Unclassified,255,Unclassified,377,Slight,None,11-02-2019,Tuesday,1,Give way or uncontrolled,T or staggered junction,26.76567997,Daylight,526510,200870,94.19673982,E01023574,1,2,0,0,Dry,Single carriageway,None,30,17:00:00,Urban,Fine no high winds,No,16 - 20,4,Rural,7,49,None,None,Other/Not known (2005-10),Approaching junction or waiting/parked at junction approach,SYM,JET 50 - EURO X,Petrol,Male,None,No tow/articulation,Did not leave carriageway,0,Parked,2,Motorcycle 50cc and under,No,Nearside,2019
20104100J0287,A,41,NA,0,Slight,None,26-03-2021,Friday,1,Not at junction or within 20 metres,Not at junction or within 20 metres,26.73608165,Daylight,515250,195670,94.16926914,E01023551,1,2,0,0,Dry,Single carriageway,None,60,17:02:00,Rural,Fine no high winds,No,16 - 20,4,Data missing or out of range,NA,124,None,None,Other/Not known (2005-10),Not at or within 20 metres of junction,YAMAHA,DT125R SM,Petrol,Male,None,No tow/articulation,Did not leave carriageway,0,Overtaking moving vehicle - offside,2,Motorcycle 125cc and under,No,Front,2019
201036T100111,C,875,C,547,Slight,None,06-08-2021,Wednesday,2,Give way or uncontrolled,T or staggered junction,25.77762358,Daylight,640140,310530,87.49552066,E01026498,1,2,0,0,Dry,Single carriageway,None,30,08:00:00,Rural,Fine no high winds,No,16 - 20,4,Rural,5,49,None,None,Commuting to/from work,Approaching junction or waiting/parked at junction approach,PEUGEOT,SPEEDFIGHT,Petrol,Male,None,No tow/articulation,Did not leave carriageway,0,Going ahead left-hand bend,2,Motorcycle 50cc and under,No,Front,2019
201036T100109,C,587,Unclassified,0,Slight,None,01-10-2019,Tuesday,1,Give way or uncontrolled,Other junction,25.77257002,Daylight,587400,283410,87.47724211,E01026468,1,2,0,0,Dry,Single carriageway,None,30,16:15:00,Urban,Fine no high winds,No,16 - 20,4,Urban area,8,50,None,None,Other/Not known (2005-10),Leaving main road,PEUGEOT,SPEEDFIGHT,Petrol,Male,None,No tow/articulation,Did not leave carriageway,0,Turning left,2,Motorcycle 50cc and under,No,Offside,2019
201043P138070,Unclassified,120,Unclassified,0,Slight,None,23-05-2019,Sunday,1,Give way or uncontrolled,T or staggered junction,22.07199477,Daylight,446370,240920,82.12096895,E01028436,1,2,0,0,Dry,Single carriageway,None,30,17:34:00,Urban,Fine no high winds,No,16 - 20,4,Data missing or out of range,NA,1910,None,None,Other/Not known (2005-10),Entering main road,VAUXHALL,VECTRA SRI NAV CDTI 120,Heavy oil,Male,None,No tow/articulation,Did not leave carriageway,0,Turning left,1,Car,No,Offside,2019
201045RE48777,A,242,Unclassified,1210,Slight,None,08-03-2021,Monday,1,Give way or uncontrolled,T or staggered junction,15.35719437,Daylight,526510,151040,74.08028684,E01030624,1,2,0,0,Dry,Single carriageway,None,30,16:30:00,Urban,Fine no high winds,No,16 - 20,4,Urban area,8,124,None,None,Journey as part of work,Mid Junction - on roundabout or on main road,HONDA,CG 125-4,Petrol,Male,None,No tow/articulation,Did not leave carriageway,0,Going ahead other,2,Motorcycle 125cc and under,No,Front,2019
201037G030155,A,12,B,1438,Slight,None,24-01-2020,Saturday,1,Give way or uncontrolled,Roundabout,15.31919087,Daylight,625320,247970,74.09071162,E01030203,1,2,0,0,Dry,Dual carriageway,None,70,10:50:00,Rural,Fine no high winds,No,16 - 20,4,Urban area,9,1229,None,None,Other/Not known (2005-10),Approaching junction or waiting/parked at junction approach,VAUXHALL,CORSA SXI+,Petrol,Male,None,No tow/articulation,Did not leave carriageway,0,Going ahead other,1,Car,No,Front,2019
201034NK29310,A,4300,Unclassified,0,Slight,None,01-01-2020,Tuesday,1,Give way or uncontrolled,T or staggered junction,15.31279681,Daylight,485930,279030,74.12271132,E01027117,2,4,0,0,Dry,Single carriageway,None,30,08:20:00,Urban,Fine no high winds,No,16 - 20,4,Urban area,6,1998,None,None,Journey as part of work,Mid Junction - on roundabout or on main road,FORD,TRANSIT 280 SWB,Heavy oil,Male,None,No tow/articulation,Did not leave carriageway,0,Turning right,1,Van / Goods 3.5 tonnes mgw or under,No,Front,2019
201054DN04110,C,340,Unclassified,0,Slight,None,13-06-2021,Friday,2,Give way or uncontrolled,Mini-roundabout,15.27813115,Daylight,416520,185640,74.08653864,E01015479,1,2,0,0,Dry,Roundabout,None,30,13:30:00,Urban,Fine no high winds,No,16 - 20,4,Urban area,5,1364,None,None,Other/Not known (2005-10),Mid Junction - on roundabout or on main road,VAUXHALL,ASTRA SXI,Petrol,Male,None,No tow/articulation,Did not leave carriageway,0,Turning right,1,Car,No,Nearside,2019
20105500C0936,A,3060,A,3060,Slight,None,28-07-2020,Tuesday,2,Auto traffic signal,Roundabout,22.99522777,Daylight,412260,94280,72.55033272,E01015319,1,2,0,5,Dry,Roundabout,None,30,12:15:00,Urban,Fine no high winds,No,16 - 20,4,Urban area,3,1328,None,None,Other/Not known (2005-10),Mid Junction - on roundabout or on main road,SUZUKI,SWIFT GL,Petrol,Male,None,No tow/articulation,Did not leave carriageway,0,Slowing or stopping,2,Car,No,Front,2019
201043W089030,Unclassified,7135,NA,0,Slight,None,09-04-2019,Tuesday,1,Data missing or out of range,Not at junction or within 20 metres,22.97554492,Daylight,439880,165530,72.53385585,E01016301,1,1,0,0,Dry,Single carriageway,None,60,17:00:00,Rural,Fine no high winds,No,16 - 20,4,Small town,9,1299,None,Telegraph or electricity pole,Pupil riding to/from school,Not at or within 20 metres of junction,FORD,KA COLLECTION,Petrol,Male,Skidded and overturned,No tow/articulation,Nearside,0,Going ahead right-hand bend,1,Car,No,Front,2019
201042I073003,B,1019,NA,0,Slight,None,01-07-2021,Monday,2,Not at junction or within 20 metres,Not at junction or within 20 metres,22.96954148,Daylight,583410,209140,72.52299885,E01021913,1,2,0,0,Frost or ice,Single carriageway,None,60,06:45:00,Rural,Fine no high winds,No,16 - 20,4,Urban area,7,1910,None,None,Other/Not known (2005-10),Not at or within 20 metres of junction,VAUXHALL,ASTRA CLUB CDTI,Heavy oil,Male,None,No tow/articulation,Did not leave carriageway,0,Overtaking - nearside,2,Van / Goods 3.5 tonnes mgw or under,No,Nearside,2019
2010550D15648,A,351,NA,0,Slight,None,27-12-2020,Tuesday,1,Not at junction or within 20 metres,Not at junction or within 20 metres,23.07941372,Daylight,395440,92400,72.54146296,E01020474,1,2,0,0,Dry,Single carriageway,None,60,10:30:00,Rural,Fine no high winds,No,16 - 20,4,Rural,8,49,None,None,Pupil riding to/from school,Not at or within 20 metres of junction,RIEJU,RR 50,Petrol,Male,None,No tow/articulation,Did not leave carriageway,0,Going ahead other,1,Motorcycle 50cc and under,No,Front,2019
20105500C0690,A,35,A,35,Slight,None,21-08-2020,Saturday,2,Auto traffic signal,Roundabout,22.9706741,Daylight,406660,91620,72.65158672,E01015386,1,2,0,5,Dry,Single carriageway,None,30,14:30:00,Urban,Fine no high winds,No,16 - 20,4,Urban area,3,49,None,None,Other/Not known (2005-10),Cleared junction or waiting/parked at junction exit,SYM,JET 50 - EURO X,Petrol,Male,None,No tow/articulation,Did not leave carriageway,0,Going ahead other,1,Motorcycle 50cc and under,No,Front,2019
2010550C20446,B,3093,Unclassified,0,Slight,None,20-07-2021,Thursday,1,Give way or uncontrolled,Private drive or entrance,13.02018245,Daylight,401760,92060,77.54507428,E01015446,1,2,0,0,Dry,Single carriageway,None,30,08:40:00,Urban,Fine no high winds,No,16 - 20,4,Urban area,3,49,None,None,Pupil riding to/from school,Mid Junction - on roundabout or on main road,PIAGGIO,NRG,Petrol,Male,None,No tow/articulation,Did not leave carriageway,0,Overtaking static vehicle - offside,2,Motorcycle 50cc and under,No,Nearside,2020
201043S036070,C,8006,Unclassified,1085,Slight,None,06-09-2020,Friday,1,Give way or uncontrolled,Crossroads,13.009027,Daylight,484110,237110,77.67786124,E01016775,3,2,0,0,Dry,Dual carriageway,None,70,15:11:00,Rural,Fine no high winds,No,16 - 20,4,Urban area,10,1968,None,None,Other/Not known (2005-10),Approaching junction or waiting/parked at junction approach,SEAT,LEON REFERENCE SPORT TDI,Heavy oil,Male,None,No tow/articulation,Did not leave carriageway,0,Going ahead other,2,Car,No,Front,2020
20104100C1018,C,87,NA,0,Slight,None,26-12-2020,Saturday,1,Not at junction or within 20 metres,Not at junction or within 20 metres,12.9939776,Daylight,506280,197650,77.6502223,E01023854,1,1,0,0,Wet or damp,Single carriageway,None,30,16:35:00,Rural,Fine no high winds,No,16 - 20,4,Urban area,10,1086,None,Other permanent object,Other/Not known (2005-10),Not at or within 20 metres of junction,KIA,PICANTO LX,Petrol,Male,Skidded,No tow/articulation,Nearside and rebounded,0,Going ahead right-hand bend,1,Car,No,Front,2020
201054ET17310,A,363,NA,0,Slight,None,24-01-2019,Wednesday,1,Not at junction or within 20 metres,Not at junction or within 20 metres,8.870881394,Daylight,385280,156600,76.69021879,E01032095,1,2,0,0,Dry,Single carriageway,None,30,08:14:00,Urban,Fine no high winds,No,16 - 20,4,Urban area,10,1229,None,None,Journey as part of work,Not at or within 20 metres of junction,VAUXHALL,CORSA SXI+,Petrol,Male,None,No tow/articulation,Did not leave carriageway,0,Going ahead other,1,Car,No,Front,2020
201037B046557,A,14,NA,0,Slight,None,07-11-2019,Saturday,1,Data missing or out of range,Not at junction or within 20 metres,22.71746546,Daylight,560950,263460,75.88872412,E01029951,1,1,0,0,Dry,Dual carriageway,None,70,07:46:00,Rural,Fine no high winds,No,16 - 20,4,Urban area,9,1796,None,Central crash barrier,Journey as part of work,Not at or within 20 metres of junction,VAUXHALL,VECTRA EXCLUSIV,Petrol,Male,Skidded and overturned,No tow/articulation,Offside - crossed central reservation,0,Going ahead other,1,Car,No,Front,2020
201050FT2C019,Unclassified,0,Unclassified,0,Slight,None,19-03-2019,Wednesday,1,Give way or uncontrolled,Other junction,26.45995864,Daylight,291880,64990,74.64034788,E01015218,1,2,0,0,Dry,Single carriageway,None,30,13:02:00,Urban,Fine no high winds,No,16 - 20,4,Urban area,2,124,None,None,Other/Not known (2005-10),Approaching junction or waiting/parked at junction approach,YAMAHA,DT125R SM,Petrol,Male,None,No tow/articulation,Did not leave carriageway,0,Going ahead other,1,Motorcycle 50cc and under,No,Front,2020
2010550C39452,A,35,Unclassified,0,Slight,None,22-09-2021,Thursday,1,Auto traffic signal,More than 4 arms (not roundabout),26.4584145,Daylight,402860,91520,74.63702296,E01015452,1,2,0,5,Dry,Single carriageway,None,30,12:12:00,Urban,Fine no high winds,No,16 - 20,4,Urban area,4,100,None,None,Other/Not known (2005-10),Mid Junction - on roundabout or on main road,PEUGEOT,SPEEDFIGHT 100,Petrol,Male,None,No tow/articulation,Did not leave carriageway,0,Going ahead other,1,Motorcycle 50cc and under,No,Front,2020
201043P263070,B,4477,B,4022,Slight,None,20-04-2020,Sunday,1,Give way or uncontrolled,T or staggered junction,26.45426897,Daylight,426530,205430,74.63177992,E01028762,1,2,0,0,Dry,Single carriageway,None,60,14:52:00,Rural,Fine no high winds,No,16 - 20,4,Urban area,10,1461,None,None,Other/Not known (2005-10),Approaching junction or waiting/parked at junction approach,RENAULT,CLIO EXPRESSION DCI 86,Heavy oil,Male,None,No tow/articulation,Did not leave carriageway,0,Going ahead other,1,Car,No,Front,2020
201045RE50563,Motorway,25,Unclassified,0,Slight,None,02-08-2019,Friday,1,Give way or uncontrolled,Slip road,26.46594756,Daylight,525520,152540,74.64417625,E01030590,1,4,0,0,Dry,Dual carriageway,None,70,18:00:00,Rural,Fine no high winds,No,16 - 20,4,Data missing or out of range,NA,2494,None,None,Other/Not known (2005-10),Approaching junction or waiting/parked at junction approach,TOYOTA,HILUX HL2,Heavy oil,Male,None,No tow/articulation,Did not leave carriageway,0,Going ahead other,4,Car,No,Back,2020
201050EP2D004,Unclassified,0,NA,0,Slight,None,10-01-2021,Saturday,1,Not at junction or within 20 metres,Not at junction or within 20 metres,26.46542112,Daylight,253470,56690,74.58394104,E01015120,1,2,0,0,Dry,Single carriageway,None,30,11:18:00,Urban,Fine no high winds,No,16 - 20,4,Urban area,8,49,None,None,Other/Not known (2005-10),Not at or within 20 metres of junction,PIAGGIO,TYPHOON 50,Petrol,Male,None,No tow/articulation,Did not leave carriageway,0,Going ahead right-hand bend,2,Motorcycle 50cc and under,No,Front,2020
201043W233090,B,3348,NA,0,Slight,None,17-09-2021,Tuesday,1,Data missing or out of range,Not at junction or within 20 metres,26.46429819,Daylight,477660,162760,80.31353173,E01016641,1,2,0,0,Wet or damp,Single carriageway,None,50,13:14:00,Rural,Fine no high winds,No,16 - 20,4,Urban area,5,1360,None,Tree,Other/Not known (2005-10),Not at or within 20 metres of junction,PEUGEOT,206 SPORT,Petrol,Male,None,No tow/articulation,Nearside,0,Going ahead left-hand bend,1,Car,No,Front,2020
2010400C00752,A,505,Unclassified,0,Slight,None,24-03-2019,Saturday,1,Auto traffic signal,Crossroads,28.72231446,Daylight,506080,222650,77.1651152,E01015712,1,2,0,0,Dry,Dual carriageway,None,30,19:37:00,Urban,Fine no high winds,No,16 - 20,4,Small town,4,5439,None,None,Other/Not known (2005-10),Mid Junction - on roundabout or on main road,MERCEDES,CLS 55 AMG AUTO,Petrol,Male,None,No tow/articulation,Did not leave carriageway,0,Going ahead other,2,Car,No,Front,2020
201045TA51882,C,227,NA,0,Slight,None,18-12-2020,Tuesday,1,Data missing or out of range,Not at junction or within 20 metres,28.60877992,Daylight,533500,158100,77.06932536,E01030859,1,2,0,0,Dry,Single carriageway,None,30,17:35:00,Urban,Fine no high winds,No,16 - 20,4,Urban area,9,1390,None,None,Other/Not known (2005-10),Not at or within 20 metres of junction,RENAULT,CLIO DYNAMIQUE,Petrol,Male,None,No tow/articulation,Did not leave carriageway,0,Reversing,1,Car,No,Back,2021
201042I228407,B,172,Unclassified,0,Slight,None,29-07-2019,Monday,1,Give way or uncontrolled,Crossroads,28.66570642,Daylight,544940,199180,77.30157447,E01021804,1,2,0,0,Dry,Single carriageway,None,30,16:15:00,Rural,Fine no high winds,No,16 - 20,4,Rural,8,998,None,None,Other/Not known (2005-10),Mid Junction - on roundabout or on main road,TOYOTA,AYGO SPORT VVT-I,Petrol,Male,None,No tow/articulation,Did not leave carriageway,0,Moving off,1,Car,No,Nearside,2021
2010400B00645,Unclassified,29,NA,0,Slight,None,12-02-2020,Monday,1,Data missing or out of range,Not at junction or within 20 metres,28.63035317,Daylight,499280,256760,77.20704881,E01017464,2,1,0,0,Wet or damp,Single carriageway,None,60,08:23:00,Rural,Fine no high winds,No,16 - 20,4,Small town,10,1149,None,Tree,Taking pupil to/from school,Not at or within 20 metres of junction,RENAULT,CLIO CAMPUS,Petrol,Male,Skidded and overturned,No tow/articulation,Offside,0,Going ahead left-hand bend,1,Car,No,Front,2021
201045WO48179,A,322,Unclassified,3602,Slight,None,03-11-2019,Tuesday,1,Give way or uncontrolled,T or staggered junction,18.52256115,Daylight,495820,157840,73.85599723,E01030978,2,2,0,0,Dry,Single carriageway,None,30,09:24:00,Urban,Fine no high winds,No,16 - 20,4,Small town,6,2198,None,None,Journey as part of work,Approaching junction or waiting/parked at junction approach,FORD,TRANSIT 85 T280S FWD,Heavy oil,Male,None,No tow/articulation,Did not leave carriageway,0,Going ahead other,2,Van / Goods 3.5 tonnes mgw or under,No,Front,2021
201043N026070,A,422,Unclassified,822,Slight,None,22-02-2020,Tuesday,1,Give way or uncontrolled,T or staggered junction,18.5162977,Daylight,459960,236710,73.8740193,E01017717,3,2,0,0,Dry,Single carriageway,None,50,11:23:00,Rural,Fine no high winds,No,16 - 20,4,Urban area,9,998,None,None,Other/Not known (2005-10),Leaving main road,PEUGEOT,107 URBAN,Petrol,Male,None,No tow/articulation,Did not leave carriageway,0,Turning right,1,Car,No,Front,2021
201050DE2I028,Unclassified,0,Unclassified,0,Slight,None,08-01-2019,Friday,1,Give way or uncontrolled,T or staggered junction,18.56983541,Daylight,291700,93090,73.85090488,E01020017,1,2,0,0,Dry,Single carriageway,None,30,16:15:00,Urban,Fine no high winds,No,16 - 20,4,Urban area,8,125,None,None,Other/Not known (2005-10),Mid Junction - on roundabout or on main road,HONDA,CBR 125 RS-6,Petrol,Male,None,No tow/articulation,Did not leave carriageway,0,Moving off,2,Motorcycle over 125cc and up to 500cc,No,Nearside,2021
2010550C34323,B,3066,Unclassified,0,Slight,None,15-08-2021,Sunday,1,Give way or uncontrolled,Private drive or entrance,18.54004983,Daylight,408720,90820,73.96119282,E01015367,1,2,0,5,Dry,Single carriageway,None,30,15:38:00,Urban,Fine no high winds,No,16 - 20,4,Urban area,9,49,None,None,Other/Not known (2005-10),Approaching junction or waiting/parked at junction approach,YAMAHA,JOG R,Petrol,Male,None,No tow/articulation,Did not leave carriageway,0,Overtaking moving vehicle - offside,2,Motorcycle 50cc and under,No,Front,2021
201045WO52914,A,320,NA,0,Slight,None,26-11-2020,Thursday,1,Data missing or out of range,Not at junction or within 20 metres,18.60175014,Daylight,500970,159370,73.80502595,E01030983,2,2,0,0,Dry,Single carriageway,None,50,18:05:00,Rural,Fine no high winds,No,16 - 20,4,Urban area,10,1198,None,None,Journey as part of work,Not at or within 20 metres of junction,VOLKSWAGEN,POLO E 64,Petrol,Male,Skidded,No tow/articulation,Did not leave carriageway,0,Going ahead other,1,Car,No,Offside,2021
201045TA50385,C,66,Unclassified,356,Slight,None,22-01-2020,Monday,1,Give way or uncontrolled,Other junction,18.59573279,Daylight,531240,143340,73.73662973,E01030817,1,2,0,0,Dry,Single carriageway,None,30,17:10:00,Rural,Fine no high winds,No,16 - 20,4,Small town,8,49,None,None,Commuting to/from work,Cleared junction or waiting/parked at junction exit,SYM,JET 50 - EURO X,Petrol,Male,None,No tow/articulation,Did not leave carriageway,6,Slowing or stopping,2,Motorcycle 50cc and under,No,Front,2021
201043W261110,A,329,Unclassified,7201,Slight,None,08-11-2020,Saturday,1,Give way or uncontrolled,T or staggered junction,18.62822374,Daylight,472800,173100,73.88201333,E01016414,2,1,0,4,Dry,One way street,None,30,13:45:00,Urban,Fine no high winds,No,16 - 20,4,Urban area,3,2720,None,None,Other/Not known (2005-10),Approaching junction or waiting/parked at junction approach,LAND ROVER,RANGEROVER SPT TDV6 HSE A,Heavy oil,Male,None,No tow/articulation,Did not leave carriageway,0,Turning left,1,Car,No,Front,2021
201037B046556,B,1103,NA,0,Slight,None,12-08-2021,Tuesday,1,Data missing or out of range,Not at junction or within 20 metres,18.58305482,Daylight,560540,266050,73.79362405,E01029937,2,1,0,0,Wet or damp,Single carriageway,None,60,19:00:00,Rural,Fine no high winds,No,16 - 20,4,Urban area,7,1598,None,Other permanent object,Other/Not known (2005-10),Not at or within 20 metres of junction,MINI,MINI ONE,Petrol,Male,Skidded and overturned,No tow/articulation,Offside,0,Going ahead left-hand bend,1,Car,No,Front,2021
201054EO09610,A,3102,Unclassified,0,Slight,None,15-12-2019,Sunday,1,Give way or uncontrolled,Roundabout,19.0666966,Daylight,408540,182910,72.88836211,E01031969,1,2,0,0,Dry,Roundabout,None,60,16:30:00,Rural,Fine no high winds,No,16 - 20,4,Rural,8,124,None,None,Other/Not known (2005-10),Mid Junction - on roundabout or on main road,YAMAHA,XT 125 X,Petrol,Male,None,No tow/articulation,Did not leave carriageway,0,Going ahead other,2,Motorcycle 125cc and under,No,Front,2021
20104100A0651,Unclassified,1006,NA,0,Slight,None,04-08-2021,Wednesday,1,Not at junction or within 20 metres,Not at junction or within 20 metres,19.08353229,Daylight,535930,229720,72.87358258,E01023466,1,1,0,0,Dry,Single carriageway,None,30,15:20:00,Rural,Fine no high winds,No,16 - 20,4,Small town,9,1229,None,None,Other/Not known (2005-10),Not at or within 20 metres of junction,VAUXHALL,CORSA SXI+,Petrol,Male,None,No tow/articulation,Did not leave carriageway,0,Overtaking static vehicle - offside,1,Car,No,Front,2021
201037G029351,Unclassified,3625,NA,0,Slight,None,11-09-2019,Friday,1,Data missing or out of range,Not at junction or within 20 metres,19.16193227,Daylight,626150,248970,72.8591506,E01030185,1,2,0,0,Dry,Single carriageway,None,30,18:45:00,Urban,Fine no high winds,No,16 - 20,4,Urban area,6,125,None,None,Commuting to/from work,Not at or within 20 metres of junction,APRILIA,RS 125 11 KW 06,Petrol,Male,None,No tow/articulation,Did not leave carriageway,0,Overtaking - nearside,1,Motorcycle 125cc and under,No,Front,2021
2010400C01486,A,505,A,505,Slight,None,28-07-2019,Thursday,2,Give way or uncontrolled,Roundabout,19.10960875,Daylight,509810,221090,72.93639895,E01015789,2,2,0,0,Dry,Single carriageway,None,30,12:19:00,Urban,Fine no high winds,No,16 - 20,4,Urban area,3,1248,None,None,Other/Not known (2005-10),Approaching junction or waiting/parked at junction approach,VAUXHALL,CORSA DESIGN CDTI,Heavy oil,Male,None,No tow/articulation,Did not leave carriageway,0,Slowing or stopping,2,Car,No,Back,2021
201054DW33710,B,4143,NA,0,Slight,None,29-01-2021,Tuesday,1,Not at junction or within 20 metres,Not at junction or within 20 metres,14.68129907,Daylight,416010,185910,78.53834381,E01015510,1,3,0,0,Wet or damp,Single carriageway,None,30,09:00:00,Urban,Fine no high winds,No,16 - 20,4,Small town,10,1248,None,None,Journey as part of work,Not at or within 20 metres of junction,VAUXHALL,COMBO 1700 CDTI 16V,Heavy oil,Male,Skidded,No tow/articulation,Did not leave carriageway,0,Slowing or stopping,1,Van / Goods 3.5 tonnes mgw or under,No,Front,2019