Accident_Index,1st_Road_Class,1st_Road_Number,2nd_Road_Class,2nd_Road_Number,Accident_Severity,Carriageway_Hazards,Date,Day_of_Week,Did_Police_Officer_Attend_Scene_of_Accident,Junction_Control,Junction_Detail,Latitude,Light_Conditions,Location_Easting_OSGR,Location_Northing_OSGR,Longitude,LSOA_of_Accident_Location,Number_of_Casualties,Number_of_Vehicles,Pedestrian_Crossing-Human_Control,Pedestrian_Crossing-Physical_Facilities,Road_Surface_Conditions,Road_Type,Special_Conditions_at_Site,Speed_limit,Time,Urban_or_Rural_Area,Weather_Conditions,InScotland,Age_Band_of_Driver,Age_of_Vehicle,Driver_Home_Area_Type,Driver_IMD_Decile,Engine_Capacity_.CC.,Hit_Object_in_Carriageway,Hit_Object_off_Carriageway,Journey_Purpose_of_Driver,Junction_Location,make,model,Propulsion_Code,Sex_of_Driver,Skidding_and_Overturning,Towing_and_Articulation,Vehicle_Leaving_Carriageway,Vehicle_Location.Restricted_Lane,Vehicle_Manoeuvre,Vehicle_Reference,Vehicle_Type,Was_Vehicle_Left_Hand_Drive,X1st_Point_of_Impact,Year
201050EP2D004,Unclassified,0,NA,0,Slight,None,17-04-2010,Saturday,1,Not at junction or within 20 metres,Not at junction or within 20 metres,50.391716,Daylight,253470,56690,-4.062831,E01015120,1,2,0,0,Dry,Single carriageway,None,30,11:18:00,Urban,Fine no high winds,No,16 - 20,4,Urban area,8,49,None,None,Other/Not known (2005-10),Not at or within 20 metres of junction,PIAGGIO,TYPHOON 50,Petrol,Male,None,No tow/articulation,Did not leave carriageway,0,Going ahead right-hand bend,2,Motorcycle 50cc and under,No,Front,2010
201050FT2C019,Unclassified,0,Unclassified,0,Slight,None,19-05-2010,Wednesday,1,Give way or uncontrolled,Other junction,50.47466,Daylight,291880,64990,-3.525096,E01015218,1,2,0,0,Dry,Single carriageway,None,30,13:02:00,Urban,Fine no high winds,No,16 - 20,4,Urban area,2,124,None,None,Other/Not known (2005-10),Approaching junction or waiting/parked at junction approach,YAMAHA,DT125R SM,Petrol,Male,None,No tow/articulation,Did not leave carriageway,0,Going ahead other,1,Motorcycle 50cc and under,No,Front,2010
201050FT2I022,Unclassified,0,Unclassified,0,Slight,None,05-06-2010,Saturday,2,Give way or uncontrolled,T or staggered junction,50.482987,Daylight,290730,65940,-3.541574,E01015257,1,2,0,0,Dry,Single carriageway,None,30,13:00:00,Urban,Fine no high winds,No,16 - 20,4,Urban area,3,124,None,None,Other/Not known (2005-10),Approaching junction or waiting/parked at junction approach,YAMAHA,XT 125 X,Petrol,Male,None,No tow/articulation,Did not leave carriageway,0,Turning left,2,Motorcycle over 125cc and up to 500cc,No,Did not impact,2010
201054DN04110,C,340,Unclassified,0,Slight,None,12-02-2010,Friday,2,Give way or uncontrolled,Mini-roundabout,51.569344,Daylight,416520,185640,-1.763054,E01015479,1,2,0,0,Dry,Roundabout,None,30,13:30:00,Urban,Fine no high winds,No,16 - 20,4,Urban area,5,1364,None,None,Other/Not known (2005-10),Mid Junction - on roundabout or on main road,VAUXHALL,ASTRA SXI,Petrol,Male,None,No tow/articulation,Did not leave carriageway,0,Turning right,1,Car,No,Nearside,2010
201054DW33710,B,4143,NA,0,Slight,None,02-11-2010,Tuesday,1,Not at junction or within 20 metres,Not at junction or within 20 metres,51.571786,Daylight,416010,185910,-1.7704,E01015510,1,3,0,0,Wet or damp,Single carriageway,None,30,09:00:00,Urban,Fine no high winds,No,16 - 20,4,Small town,10,1248,None,None,Journey as part of work,Not at or within 20 metres of junction,VAUXHALL,COMBO 1700 CDTI 16V,Heavy oil,Male,Skidded,No tow/articulation,Did not leave carriageway,0,Slowing or stopping,1,Van / Goods 3.5 tonnes mgw or under,No,Front,2010
201054EO09610,A,3102,Unclassified,0,Slight,None,28-03-2010,Sunday,1,Give way or uncontrolled,Roundabout,51.544973,Daylight,408540,182910,-1.878258,E01031969,1,2,0,0,Dry,Roundabout,None,60,16:30:00,Rural,Fine no high winds,No,16 - 20,4,Rural,8,124,None,None,Other/Not known (2005-10),Mid Junction - on roundabout or on main road,YAMAHA,XT 125 X,Petrol,Male,None,No tow/articulation,Did not leave carriageway,0,Going ahead other,2,Motorcycle 125cc and under,No,Front,2010
201054ET17310,A,363,NA,0,Slight,None,19-05-2010,Wednesday,1,Not at junction or within 20 metres,Not at junction or within 20 metres,51.30827,Daylight,385280,156600,-2.212581,E01032095,1,2,0,0,Dry,Single carriageway,None,30,08:14:00,Urban,Fine no high winds,No,16 - 20,4,Urban area,10,1229,None,None,Journey as part of work,Not at or within 20 metres of junction,VAUXHALL,CORSA SXI+,Petrol,Male,None,No tow/articulation,Did not leave carriageway,0,Going ahead other,1,Car,No,Front,2010
20105500C0690,A,35,A,35,Slight,None,20-02-2010,Saturday,2,Auto traffic signal,Roundabout,50.724099,Daylight,406660,91620,-1.907032,E01015386,1,2,0,5,Dry,Single carriageway,None,30,14:30:00,Urban,Fine no high winds,No,16 - 20,4,Urban area,3,49,None,None,Other/Not known (2005-10),Cleared junction or waiting/parked at junction exit,SYM,JET 50 - EURO X,Petrol,Male,None,No tow/articulation,Did not leave carriageway,0,Going ahead other,1,Motorcycle 50cc and under,No,Front,2010
20105500C0936,A,3060,A,3060,Slight,None,09-03-2010,Tuesday,2,Auto traffic signal,Roundabout,50.74793,Daylight,412260,94280,-1.827608,E01015319,1,2,0,5,Dry,Roundabout,None,30,12:15:00,Urban,Fine no high winds,No,16 - 20,4,Urban area,3,1328,None,None,Other/Not known (2005-10),Mid Junction - on roundabout or on main road,SUZUKI,SWIFT GL,Petrol,Male,None,No tow/articulation,Did not leave carriageway,0,Slowing or stopping,2,Car,No,Front,2010
2010550C20446,B,3093,Unclassified,0,Slight,None,20-05-2010,Thursday,1,Give way or uncontrolled,Private drive or entrance,50.728091,Daylight,401760,92060,-1.976449,E01015446,1,2,0,0,Dry,Single carriageway,None,30,08:40:00,Urban,Fine no high winds,No,16 - 20,4,Urban area,3,49,None,None,Pupil riding to/from school,Mid Junction - on roundabout or on main road,PIAGGIO,NRG,Petrol,Male,None,No tow/articulation,Did not leave carriageway,0,Overtaking static vehicle - offside,2,Motorcycle 50cc and under,No,Nearside,2010
2010550C34323,B,3066,Unclassified,0,Slight,None,08-08-2010,Sunday,1,Give way or uncontrolled,Private drive or entrance,50.716878,Daylight,408720,90820,-1.877866,E01015367,1,2,0,5,Dry,Single carriageway,None,30,15:38:00,Urban,Fine no high winds,No,16 - 20,4,Urban area,9,49,None,None,Other/Not known (2005-10),Approaching junction or waiting/parked at junction approach,YAMAHA,JOG R,Petrol,Male,None,No tow/articulation,Did not leave carriageway,0,Overtaking moving vehicle - offside,2,Motorcycle 50cc and under,No,Front,2010
2010550C39452,A,35,Unclassified,0,Slight,None,09-09-2010,Thursday,1,Auto traffic signal,More than 4 arms (not roundabout),50.723231,Daylight,402860,91520,-1.960868,E01015452,1,2,0,5,Dry,Single carriageway,None,30,12:12:00,Urban,Fine no high winds,No,16 - 20,4,Urban area,4,100,None,None,Other/Not known (2005-10),Mid Junction - on roundabout or on main road,PEUGEOT,SPEEDFIGHT 100,Petrol,Male,None,No tow/articulation,Did not leave carriageway,0,Going ahead other,1,Motorcycle 50cc and under,No,Front,2010
2010550D15648,A,351,NA,0,Slight,None,20-04-2010,Tuesday,1,Not at junction or within 20 metres,Not at junction or within 20 metres,50.731132,Daylight,395440,92400,-2.065997,E01020474,1,2,0,0,Dry,Single carriageway,None,60,10:30:00,Rural,Fine no high winds,No,16 - 20,4,Rural,8,49,None,None,Pupil riding to/from school,Not at or within 20 metres of junction,RIEJU,RR 50,Petrol,Male,None,No tow/articulation,Did not leave carriageway,0,Going ahead other,1,Motorcycle 50cc and under,No,Front,2010
2010550D21306,B,3148,Unclassified,0,Slight,None,25-05-2010,Tuesday,1,Give way or uncontrolled,Private drive or entrance,50.972089,Daylight,361050,119340,-2.55614,E01020541,1,2,0,0,Dry,Single carriageway,None,60,09:00:00,Rural,Fine no high winds,No,16 - 20,4,Small town,8,125,None,None,Other/Not known (2005-10),Approaching junction or waiting/parked at junction approach,HONDA,SH 125-6,Petrol,Male,None,No tow/articulation,Did not leave carriageway,0,Overtaking moving vehicle - offside,2,Motorcycle 125cc and under,No,Front,2010
201060L033023,A,494,Unclassified,0,Slight,None,26-02-2010,Friday,1,Give way or uncontrolled,Other junction,53.155272,Daylight,320440,362680,-3.191258,W01000203,1,2,0,0,Wet or damp,Single carriageway,None,40,12:35:00,Rural,Fine no high winds,No,16 - 20,4,Small town,NA,998,None,Other permanent object,Taking pupil to/from school,Approaching junction or waiting/parked at junction approach,TOYOTA,AYGO+ VVT-I,Petrol,Male,Skidded,No tow/articulation,Offside,0,Going ahead other,1,Car,No,Nearside,2010
201060L092895,Unclassified,0,Unclassified,0,Slight,None,27-05-2010,Thursday,1,Give way or uncontrolled,T or staggered junction,53.291092,Daylight,302340,378130,-3.466587,W01000225,4,2,0,4,Dry,Single carriageway,None,30,08:11:00,Rural,Fine no high winds,No,16 - 20,4,Rural,NA,1388,None,None,Taking pupil to/from school,Mid Junction - on roundabout or on main road,FORD,FOCUS SPORT,Petrol,Male,None,No tow/articulation,Did not leave carriageway,0,Going ahead other,2,Car,No,Offside,2010
201001HT20395,A,13,Unclassified,0,Slight,None,16-06-2010,Wednesday,1,Give way or uncontrolled,T or staggered junction,51.514678,Daylight,534410,181310,-0.064333,E01004321,1,2,0,0,Dry,Single carriageway,None,30,07:45:00,Urban,Fine no high winds,No,16 - 20,4,Urban area,3,2720,None,None,Other/Not known (2005-10),Leaving main road,LAND ROVER,DISCOVERY 3 TDV6 AUTO,Heavy oil,Male,None,No tow/articulation,Did not leave carriageway,2,Turning left,1,Car,No,Nearside,2010
201001JC30291,Unclassified,0,Unclassified,0,Slight,None,02-06-2010,Wednesday,1,Give way or uncontrolled,T or staggered junction,51.610714,Daylight,539700,192140,0.016155,E01004385,1,1,0,0,Dry,Single carriageway,None,30,19:50:00,Urban,Fine no high winds,No,16 - 20,4,Urban area,10,1198,None,None,Other/Not known (2005-10),Cleared junction or waiting/parked at junction exit,VOLKSWAGEN,FOX 55,Petrol,Male,None,No tow/articulation,Did not leave carriageway,0,Moving off,1,Car,No,Nearside,2010
201001JI40042,Unclassified,0,Unclassified,0,Slight,None,30-01-2010,Saturday,1,Give way or uncontrolled,T or staggered junction,51.573414,Daylight,543670,188100,0.071798,E01003690,1,3,0,0,Dry,Single carriageway,None,30,15:16:00,Urban,Fine no high winds,No,16 - 20,4,Urban area,6,1198,None,None,Other/Not known (2005-10),Mid Junction - on roundabout or on main road,VOLKSWAGEN,POLO E 55,Petrol,Male,None,No tow/articulation,Did not leave carriageway,0,Going ahead other,2,Car,No,Front,2010
201001KD50506,Unclassified,0,NA,0,Slight,None,29-09-2010,Wednesday,1,Data missing or out of range,Not at junction or within 20 metres,51.568672,Daylight,557080,187970,0.265095,E01002254,1,2,0,0,Wet or damp,Single carriageway,None,30,10:50:00,Urban,Fine no high winds,No,16 - 20,4,Urban area,10,49,None,None,Other/Not known (2005-10),Not at or within 20 metres of junction,SACHS,49ER,Petrol,Male,Skidded,No tow/articulation,Did not leave carriageway,0,Going ahead other,1,Motorcycle 50cc and under,No,Front,2010
201001KF60251,A,13,A,112,Slight,None,03-05-2010,Monday,1,Auto traffic signal,Crossroads,51.51683,Daylight,541070,181730,0.031753,E01003517,3,2,0,5,Dry,Dual carriageway,None,40,12:30:00,Urban,Fine no high winds,No,16 - 20,4,Urban area,1,1242,None,None,Other/Not known (2005-10),Cleared junction or waiting/parked at junction exit,FORD,FIESTA FREEDOM,Petrol,Male,None,No tow/articulation,Did not leave carriageway,0,Going ahead other,2,Car,No,Offside,2010
201001MM70041,C,0,Unclassified,0,Slight,None,18-01-2010,Monday,1,Give way or uncontrolled,T or staggered junction,51.484917,Daylight,535230,178020,-0.053783,E01003987,1,2,0,0,Dry,Single carriageway,None,30,13:44:00,Urban,Fine no high winds,No,16 - 20,4,Urban area,10,1595,None,None,Other/Not known (2005-10),Mid Junction - on roundabout or on main road,AUDI,A3 SPECIAL EDITION,Petrol,Male,None,No tow/articulation,Did not leave carriageway,0,Waiting to turn right,1,Car,No,Front,2010
201001QK50616,C,0,Unclassified,0,Slight,None,07-10-2010,Thursday,1,Give way or uncontrolled,T or staggered junction,51.54515,Daylight,524170,184440,-0.210725,E01000495,1,1,0,0,Dry,Single carriageway,None,30,16:15:00,Urban,Fine no high winds,No,16 - 20,4,Urban area,7,2402,None,None,Other/Not known (2005-10),Cleared junction or waiting/parked at junction exit,FORD,TRANSIT 350 MWB TD,Heavy oil,Male,None,No tow/articulation,Did not leave carriageway,0,Going ahead other,1,Van / Goods 3.5 tonnes mgw or under,No,Offside,2010
201001RY10227,Unclassified,0,Unclassified,0,Slight,None,24-05-2010,Monday,1,Give way or uncontrolled,T or staggered junction,51.460736,Daylight,546810,175650,0.111894,E01000388,1,2,0,0,Dry,Single carriageway,None,30,15:50:00,Urban,Fine no high winds,No,16 - 20,4,Urban area,4,2000,None,None,Other/Not known (2005-10),Approaching junction or waiting/parked at junction approach,VOLKSWAGEN,GOLF GTI AUTO,Petrol,Male,None,No tow/articulation,Did not leave carriageway,0,Going ahead other,1,Car,No,Front,2010
201001RY10370,A,207,Unclassified,0,Slight,None,18-09-2010,Saturday,1,Give way or uncontrolled,T or staggered junction,51.458405,Daylight,548170,175430,0.131365,E01000360,1,2,0,4,Dry,Single carriageway,None,30,15:56:00,Urban,Fine no high winds,No,16 - 20,4,Urban area,5,125,None,None,Other/Not known (2005-10),Mid Junction - on roundabout or on main road,HONDA,CBR 125 RW-6,Petrol,Male,None,No tow/articulation,Did not leave carriageway,0,Overtaking static vehicle - offside,2,Motorcycle 125cc and under,No,Nearside,2010
201001SX20644,A,502,A,598,Slight,None,08-06-2010,Tuesday,1,Auto traffic signal,Crossroads,51.571713,Daylight,525160,187420,-0.195396,E01000146,1,2,0,5,Dry,One way street,None,30,18:14:00,Urban,Fine no high winds,No,16 - 20,4,Urban area,7,1900,None,None,Other/Not known (2005-10),Mid Junction - on roundabout or on main road,VOLKSWAGEN,GOLF TDI SE AUTO,Heavy oil,Male,None,No tow/articulation,Did not leave carriageway,0,Slowing or stopping,1,Car,No,Back,2010
201001TX20490,A,3005,Unclassified,0,Slight,None,03-08-2010,Tuesday,1,Give way or uncontrolled,Private drive or entrance,51.481052,Daylight,513560,177060,-0.36604,E01002629,3,3,0,0,Dry,Single carriageway,None,30,11:40:00,Urban,Fine no high winds,No,16 - 20,4,Urban area,5,1364,None,None,Journey as part of work,Mid Junction - on roundabout or on main road,VAUXHALL,CORSA SXI+ 16V,Petrol,Male,Skidded,No tow/articulation,Did not leave carriageway,0,Going ahead other,1,Car,No,Front,2010
201001TX20819,A,315,NA,0,Slight,None,28-11-2010,Sunday,1,Data missing or out of range,Not at junction or within 20 metres,51.486362,Daylight,518350,177760,-0.296857,E01002568,1,2,0,0,Dry,Single carriageway,None,30,09:00:00,Urban,Fine no high winds,No,16 - 20,4,Urban area,4,1799,None,None,Other/Not known (2005-10),Not at or within 20 metres of junction,HONDA,CIVIC SE I-VTEC,Petrol,Male,None,No tow/articulation,Did not leave carriageway,0,Going ahead other,1,Car,No,Front,2010
201001VK30250,A,243,Unclassified,0,Slight,None,31-07-2010,Saturday,1,Auto traffic signal,T or staggered junction,51.36753,Daylight,517980,164530,-0.306586,E01002941,1,2,0,5,Dry,Dual carriageway,None,30,09:25:00,Urban,Fine no high winds,No,16 - 20,4,Urban area,8,1868,None,None,Other/Not known (2005-10),Mid Junction - on roundabout or on main road,PEUGEOT,PARTNER L 600 D,Heavy oil,Male,None,No tow/articulation,Did not leave carriageway,0,Going ahead other,2,Van / Goods 3.5 tonnes mgw or under,No,Front,2010
201001VK30273,B,283,C,0,Slight,None,24-08-2010,Tuesday,1,Give way or uncontrolled,T or staggered junction,51.409998,Daylight,521180,169330,-0.259002,E01002961,1,2,0,0,Dry,Single carriageway,None,30,17:03:00,Urban,Fine no high winds,No,16 - 20,4,Urban area,9,998,None,None,Other/Not known (2005-10),Mid Junction - on roundabout or on main road,TOYOTA,AYGO+ VVT-I SEMI-AUTO,Petrol,Male,None,No tow/articulation,Did not leave carriageway,0,Going ahead other,1,Car,No,Front,2010
201001VW40416,C,0,C,0,Slight,None,23-11-2010,Tuesday,1,Give way or uncontrolled,Crossroads,51.398797,Daylight,523110,168130,-0.231682,E01003466,2,2,0,0,Dry,Single carriageway,None,30,11:29:00,Urban,Fine no high winds,No,16 - 20,4,Urban area,4,1868,None,None,Journey as part of work,Mid Junction - on roundabout or on main road,CITROEN,DISPATCH 815 D ENTERPRISE,Heavy oil,Male,None,No tow/articulation,Did not leave carriageway,0,Going ahead other,1,Van / Goods 3.5 tonnes mgw or under,No,Front,2010
201001YE80527,C,0,Unclassified,0,Slight,None,15-07-2010,Thursday,1,Give way or uncontrolled,T or staggered junction,51.663617,Daylight,533130,197850,-0.0765,E01001407,1,2,0,0,Dry,Single carriageway,None,30,16:55:00,Urban,Fine no high winds,No,16 - 20,4,Urban area,4,49,None,None,Other/Not known (2005-10),Mid Junction - on roundabout or on main road,PIAGGIO,NRG,Petrol,Male,None,No tow/articulation,Did not leave carriageway,0,Overtaking moving vehicle - offside,2,Motorcycle 50cc and under,No,Front,2010
201001YE80674,Motorway,25,NA,0,Slight,None,23-09-2010,Thursday,1,Data missing or out of range,Not at junction or within 20 metres,51.682444,Daylight,535570,200010,-0.040404,E01001552,1,3,0,0,Dry,Dual carriageway,None,70,08:56:00,Rural,Fine no high winds,No,16 - 20,4,Urban area,8,1753,None,None,Other/Not known (2005-10),Not at or within 20 metres of junction,FORD,TRANSIT CONN T200 LX90,Heavy oil,Male,None,No tow/articulation,Did not leave carriageway,0,Going ahead other,3,Van / Goods 3.5 tonnes mgw or under,No,Front,2010
201001ZD30212,Unclassified,0,Unclassified,0,Slight,None,28-03-2010,Sunday,1,Give way or uncontrolled,Private drive or entrance,51.320256,Daylight,534960,159690,-0.064637,E01001106,1,1,0,1,Dry,Single carriageway,None,30,11:45:00,Urban,Fine no high winds,No,16 - 20,4,Urban area,3,1598,None,None,Other/Not known (2005-10),Entering main road,VOLKSWAGEN,GOLF FSI S,Petrol,Male,None,No tow/articulation,Did not leave carriageway,0,Moving off,1,Car,No,Front,2010
201001ZD30402,A,212,Unclassified,0,Slight,None,25-05-2010,Tuesday,1,Give way or uncontrolled,T or staggered junction,51.368534,Daylight,532590,165000,-0.096651,E01001047,2,2,0,0,Dry,Single carriageway,None,30,16:00:00,Urban,Fine no high winds,No,16 - 20,4,Urban area,7,1870,None,None,Journey as part of work,Mid Junction - on roundabout or on main road,VAUXHALL,VIVARO SPORTIVE CDTI SWB,Heavy oil,Male,None,No tow/articulation,Did not leave carriageway,0,Reversing,1,Van / Goods 3.5 tonnes mgw or under,No,Front,2010
201004AX10058,B,5124,NA,0,Slight,None,17-06-2010,Thursday,1,Data missing or out of range,Not at junction or within 20 metres,53.82422,Daylight,331680,436940,-3.039391,E01012679,2,2,0,0,Dry,Single carriageway,None,30,12:18:00,Urban,Fine no high winds,No,16 - 20,4,Urban area,10,1299,None,None,Other/Not known (2005-10),Not at or within 20 metres of junction,FORD,KA COLLECTION,Petrol,Male,None,No tow/articulation,Did not leave carriageway,0,Going ahead other,1,Car,No,Front,2010
201004BC10003,B,5268,Unclassified,0,Slight,None,01-01-2010,Friday,1,Give way or uncontrolled,T or staggered junction,53.838163,Daylight,333170,438470,-3.017092,E01025599,2,1,0,0,Dry,Single carriageway,None,30,08:35:00,Urban,Fine no high winds,No,16 - 20,4,Urban area,10,1229,Kerb,Road sign or traffic signal,Commuting to/from work,Leaving main road,VAUXHALL,CORSA SXI TWINPORT,Petrol,Male,None,No tow/articulation,Nearside,0,Turning right,1,Car,No,Front,2010
201004BC10076,Unclassified,0,NA,0,Slight,None,17-04-2010,Saturday,1,Data missing or out of range,Not at junction or within 20 metres,53.867618,Daylight,351560,441520,-2.738134,E01025547,2,2,0,0,Dry,Single carriageway,None,60,14:20:00,Rural,Fine no high winds,No,16 - 20,4,Urban area,10,1360,None,None,Other/Not known (2005-10),Not at or within 20 metres of junction,PEUGEOT,207 S,Petrol,Male,None,No tow/articulation,Nearside,0,Overtaking moving vehicle - offside,2,Car,No,Front,2010
201004CJ10035,A,5209,NA,0,Slight,None,03-05-2010,Monday,1,Data missing or out of range,Not at junction or within 20 metres,53.59164,Daylight,349950,410830,-2.75764,E01025510,2,2,0,0,Dry,Single carriageway,None,30,14:20:00,Rural,Fine no high winds,No,16 - 20,4,Rural,9,1229,None,None,Other/Not known (2005-10),Not at or within 20 metres of junction,VAUXHALL,CORSA SXI+,Petrol,Male,None,No tow/articulation,Did not leave carriageway,0,Going ahead left-hand bend,1,Car,No,Offside,2010
201004CJ10073,Unclassified,0,B,5312,Slight,None,22-08-2010,Sunday,1,Give way or uncontrolled,Roundabout,53.545139,Daylight,348660,405670,-2.776278,E01025521,1,1,0,0,Dry,Single carriageway,None,40,15:00:00,Urban,Fine no high winds,No,16 - 20,4,Urban area,2,124,None,None,Other/Not known (2005-10),Leaving roundabout,DERBI,GPR,Petrol,Male,None,No tow/articulation,Did not leave carriageway,0,Slowing or stopping,1,Motorcycle 125cc and under,No,Nearside,2010
201004CL10016,Unclassified,0,Unclassified,0,Slight,None,18-02-2010,Thursday,1,Give way or uncontrolled,T or staggered junction,53.698029,Daylight,354590,422620,-2.68927,E01025431,1,2,0,0,Wet or damp,One way street,None,30,07:28:00,Urban,Fine no high winds,No,16 - 20,4,Urban area,5,1360,None,None,Other/Not known (2005-10),Mid Junction - on roundabout or on main road,PEUGEOT,207 S,Petrol,Male,None,No tow/articulation,Did not leave carriageway,0,Turning right,1,Car,No,Offside,2010
201004CM10154,A,59,NA,0,Slight,None,04-10-2010,Monday,1,Data missing or out of range,Not at junction or within 20 metres,53.747716,Daylight,351450,428180,-2.737699,E01025466,1,2,0,4,Dry,Single carriageway,None,30,09:08:00,Urban,Fine no high winds,No,16 - 20,4,Urban area,9,49,None,None,Journey as part of work,Not at or within 20 metres of junction,GILERA,DNA 50,Petrol,Male,None,No tow/articulation,Offside,0,Going ahead other,1,Motorcycle 50cc and under,No,Offside,2010
201004TA10104,Motorway,6,NA,0,Slight,None,10-06-2010,Thursday,1,Data missing or out of range,Not at junction or within 20 metres,53.968376,Daylight,349800,452750,-2.766744,E01025105,1,2,0,0,Dry,Dual carriageway,None,70,13:43:00,Rural,Fine no high winds,No,16 - 20,4,Rural,8,1242,None,None,Other/Not known (2005-10),Not at or within 20 metres of junction,FIAT,PUNTO ACTIVE 8V,Petrol,Male,None,No tow/articulation,Did not leave carriageway,0,Going ahead other,1,Car,No,Back,2010
201004TA10167,Motorway,61,NA,0,Slight,None,05-10-2010,Tuesday,1,Data missing or out of range,Not at junction or within 20 metres,53.670874,Daylight,358780,419560,-2.625404,E01024933,2,2,0,0,Dry,Dual carriageway,None,70,17:20:00,Rural,Fine no high winds,No,16 - 20,4,Urban area,5,2800,None,None,Commuting to/from work,Not at or within 20 metres of junction,PEUGEOT,BOXER 350 LX LWB HDI,Heavy oil,Male,Skidded,No tow/articulation,Did not leave carriageway,0,Slowing or stopping,1,Van / Goods 3.5 tonnes mgw or under,No,Front,2010
201005AA02040,Unclassified,0,Unclassified,0,Slight,None,02-03-2010,Tuesday,1,Give way or uncontrolled,T or staggered junction,53.377635,Daylight,329460,387280,-3.061857,E01007246,1,2,0,4,Dry,Dual carriageway,None,30,15:05:00,Urban,Fine no high winds,No,16 - 20,4,Urban area,6,1229,None,None,Other/Not known (2005-10),Approaching junction or waiting/parked at junction approach,VAUXHALL,CORSA SXI+,Petrol,Male,None,No tow/articulation,Did not leave carriageway,0,Going ahead other,1,Car,No,Front,2010
201005AA04964,A,551,Unclassified,0,Slight,None,29-08-2010,Sunday,1,Give way or uncontrolled,T or staggered junction,53.34526,Daylight,327980,383700,-3.083285,E01007183,1,2,0,0,Dry,Single carriageway,None,30,14:30:00,Rural,Fine no high winds,No,16 - 20,4,Urban area,9,1900,None,None,Other/Not known (2005-10),Mid Junction - on roundabout or on main road,VOLKSWAGEN,POLO SPORT TDI 130,Heavy oil,Male,None,No tow/articulation,Did not leave carriageway,0,Going ahead other,2,Car,No,Front,2010
201005CC02261,Unclassified,0,Unclassified,0,Slight,None,18-03-2010,Thursday,2,Auto traffic signal,T or staggered junction,53.406916,Daylight,345190,390330,-2.825959,E01006478,1,2,0,0,Dry,Single carriageway,None,30,17:10:00,Urban,Fine no high winds,No,16 - 20,4,Urban area,1,49,None,None,Commuting to/from work,Mid Junction - on roundabout or on main road,PEUGEOT,SPEEDFIGHT,Petrol,Male,None,No tow/articulation,Did not leave carriageway,0,Overtaking moving vehicle - offside,2,Motorcycle 50cc and under,No,Front,2010
201005DD04578,A,599,Unclassified,0,Slight,None,02-08-2010,Monday,1,Give way or uncontrolled,T or staggered junction,53.467068,Daylight,354890,396920,-2.681004,E01006837,1,2,0,0,Dry,Single carriageway,None,30,15:45:00,Urban,Fine no high winds,No,16 - 20,4,Urban area,7,998,None,None,Other/Not known (2005-10),Approaching junction or waiting/parked at junction approach,PEUGEOT,107 URBAN,Petrol,Male,None,No tow/articulation,Did not leave carriageway,0,Moving off,1,Car,No,Back,2010
201005EE05200,Unclassified,0,Unclassified,0,Slight,None,08-09-2010,Wednesday,1,Give way or uncontrolled,T or staggered junction,53.445366,Daylight,335520,394730,-2.972302,E01006698,2,3,0,0,Dry,Single carriageway,None,30,15:42:00,Urban,Fine no high winds,No,16 - 20,4,Data missing or out of range,NA,1364,None,None,Other/Not known (2005-10),Mid Junction - on roundabout or on main road,VAUXHALL,ASTRA CLUB TWINPORT,Petrol,Male,None,No tow/articulation,Did not leave carriageway,0,Going ahead other,1,Car,No,Front,2010
201006B033575,A,6,Unclassified,0,Slight,None,05-07-2010,Monday,1,Give way or uncontrolled,T or staggered junction,53.460113,Daylight,386490,395950,-2.204951,E01005239,1,3,0,0,Dry,Single carriageway,None,30,16:55:00,Urban,Fine no high winds,No,16 - 20,4,Urban area,2,1686,None,None,Commuting to/from work,Approaching junction or waiting/parked at junction approach,VAUXHALL,ASTRA DESIGN CDTI 100,Heavy oil,Male,Skidded,No tow/articulation,Did not leave carriageway,0,Slowing or stopping,1,Car,No,Front,2010
201006CJ35096,C,0,NA,0,Slight,None,04-08-2010,Wednesday,1,Data missing or out of range,Not at junction or within 20 metres,53.37106,Daylight,384160,386050,-2.239543,E01005294,1,3,0,0,Dry,Single carriageway,None,30,20:45:00,Urban,Fine no high winds,No,16 - 20,4,Urban area,1,700,None,None,Other/Not known (2005-10),Not at or within 20 metres of junction,YAMAHA,,Petrol,Male,None,No tow/articulation,Did not leave carriageway,0,Going ahead other,1,Other vehicle,No,Front,2010
201006K031963,A,575,A,579,Slight,None,25-05-2010,Tuesday,2,Auto traffic signal,Crossroads,53.574771,Daylight,372010,408770,-2.424183,E01004817,1,2,0,5,Dry,Single carriageway,None,30,12:45:00,Urban,Fine no high winds,No,16 - 20,4,Urban area,9,998,None,None,Pupil riding to/from school,Approaching junction or waiting/parked at junction approach,TOYOTA,YARIS T2,Petrol,Male,None,No tow/articulation,Did not leave carriageway,0,Going ahead other,2,Car,No,Front,2010
201006K039325,Unclassified,0,Unclassified,0,Slight,None,18-11-2010,Thursday,1,Give way or uncontrolled,T or staggered junction,53.57789,Daylight,371530,409120,-2.431464,E01004821,1,4,0,0,Dry,One way street,None,30,13:34:00,Urban,Fine no high winds,No,16 - 20,4,Data missing or out of range,NA,1968,Parked vehicle,Other permanent object,Other/Not known (2005-10),Approaching junction or waiting/parked at junction approach,AUDI,A6 SE TDI,Heavy oil,Male,Skidded,No tow/articulation,Nearside,0,Going ahead other,1,Car,No,Front,2010
201006L030917,B,5206,C,0,Slight,None,28-04-2010,Wednesday,1,Give way or uncontrolled,T or staggered junction,53.546666,Daylight,353460,405790,-2.703863,E01006362,2,3,0,0,Dry,Single carriageway,None,30,09:19:00,Urban,Fine no high winds,No,16 - 20,4,Urban area,4,1364,None,None,Other/Not known (2005-10),Entering main road,VAUXHALL,MERIVA DESIGN TWINPORT,Petrol,Male,None,No tow/articulation,Did not leave carriageway,0,Turning right,1,Car,No,Front,2010