Accident_Index,1st_Road_Class,1st_Road_Number,2nd_Road_Class,2nd_Road_Number,Accident_Severity,Carriageway_Hazards,Date,Day_of_Week,Did_Police_Officer_Attend_Scene_of_Accident,Junction_Control,Junction_Detail,Latitude,Light_Conditions,Location_Easting_OSGR,Location_Northing_OSGR,Longitude,LSOA_of_Accident_Location,Number_of_Casualties,Number_of_Vehicles,Pedestrian_Crossing-Human_Control,Pedestrian_Crossing-Physical_Facilities,Road_Surface_Conditions,Road_Type,Special_Conditions_at_Site,Speed_limit,Time,Urban_or_Rural_Area,Weather_Conditions,InScotland,Age_Band_of_Driver,Age_of_Vehicle,Driver_Home_Area_Type,Driver_IMD_Decile,Engine_Capacity_.CC.,Hit_Object_in_Carriageway,Hit_Object_off_Carriageway,Journey_Purpose_of_Driver,Junction_Location,make,model,Propulsion_Code,Sex_of_Driver,Skidding_and_Overturning,Towing_and_Articulation,Vehicle_Leaving_Carriageway,Vehicle_Location.Restricted_Lane,Vehicle_Manoeuvre,Vehicle_Reference,Vehicle_Type,Was_Vehicle_Left_Hand_Drive,X1st_Point_of_Impact,Year
201043P067090,B,4009,Unclassified,0,Slight,None,31-01-2021,Wednesday,1,Give way or uncontrolled,Crossroads,25.77199255,Daylight,463630,192750,87.49902504,E01028601,2,2,0,0,Dry,Single carriageway,None,50,11:16:00,Rural,Fine no high winds,No,16 - 20,4,Urban area,6,1198,None,Road sign or traffic signal,Other/Not known (2005-10),Approaching junction or waiting/parked at junction approach,VOLKSWAGEN,POLO S 64,Petrol,Female,None,No tow/articulation,Nearside,0,Going ahead other,2,Car,No,Offside,2019
201045EL51695,Unclassified,6966,NA,0,Slight,None,22-07-2021,Tuesday,2,Data missing or out of range,Not at junction or within 20 metres,13.01618695,Daylight,514990,166160,77.5730459,E01030370,1,2,0,0,Dry,Single carriageway,None,30,16:55:00,Urban,Fine no high winds,No,16 - 20,4,Small town,10,998,None,None,Commuting to/from work,Not at or within 20 metres of junction,TOYOTA,AYGO SPORT VVT-I S-A,Petrol,Female,None,No tow/articulation,Did not leave carriageway,0,Waiting to turn right,1,Car,No,Front,2020
201043P262060,A,40,A,420,Slight,None,05-03-2021,Friday,2,Auto traffic signal,Roundabout,8.875682847,Daylight,455510,207460,76.62579615,E01028513,1,2,0,0,Dry,Roundabout,None,30,17:50:00,Urban,Fine no high winds,No,16 - 20,4,Urban area,2,1124,None,None,Commuting to/from work,Mid Junction - on roundabout or on main road,SMART,FORFOUR COOLSTYLE 75,Petrol,Female,None,No tow/articulation,Did not leave carriageway,0,Turning right,2,Car,No,Back,2020
201043W222090,A,329,Unclassified,7504,Slight,None,05-09-2019,Saturday,1,Give way or uncontrolled,T or staggered junction,8.873862041,Daylight,474770,171890,76.62366014,E01016668,1,2,0,0,Dry,Single carriageway,None,30,15:04:00,Urban,Fine no high winds,No,16 - 20,4,Small town,10,1596,None,None,Other/Not known (2005-10),Approaching junction or waiting/parked at junction approach,BMW,116 I SE,Petrol,Female,None,No tow/articulation,Did not leave carriageway,0,Going ahead other,2,Car,No,Back,2020
201045WO52299,A,320,Unclassified,0,Slight,None,26-12-2020,Thursday,1,Give way or uncontrolled,Private drive or entrance,26.44817983,Daylight,500200,157720,80.31092872,E01030991,1,2,0,0,Dry,Single carriageway,None,40,19:14:00,Urban,Fine no high winds,No,16 - 20,4,Urban area,10,1198,None,None,Other/Not known (2005-10),Approaching junction or waiting/parked at junction approach,VOLKSWAGEN,POLO S 55,Petrol,Female,None,No tow/articulation,Did not leave carriageway,0,Going ahead other,2,Car,No,Front,2020
201042I035401,A,120,Unclassified,0,Slight,None,15-03-2021,Saturday,2,Auto traffic signal,Roundabout,26.45740566,Daylight,551580,221410,80.32064944,E01022059,1,2,0,0,Dry,Roundabout,None,70,13:30:00,Rural,Fine no high winds,No,16 - 20,4,Urban area,9,1596,None,None,Journey as part of work,Approaching junction or waiting/parked at junction approach,FORD,FOCUS ZETEC CLIMATE AUTO,Petrol,Female,None,No tow/articulation,Did not leave carriageway,0,Going ahead other,2,Car,No,Back,2020
201045RU55170,Motorway,25,NA,0,Slight,None,16-09-2021,Saturday,1,Data missing or out of range,Not at junction or within 20 metres,26.46149412,Daylight,505650,160950,80.28748506,E01030949,3,3,0,0,Wet or damp,Dual carriageway,None,70,09:58:00,Rural,Fine no high winds,No,16 - 20,4,Urban area,10,1242,None,None,Other/Not known (2005-10),Not at or within 20 metres of junction,FORD,FIESTA FREEDOM,Petrol,Female,None,No tow/articulation,Did not leave carriageway,0,Slowing or stopping,3,Car,No,Back,2020
201043W010010,A,340,Unclassified,7153,Slight,None,15-01-2020,Saturday,1,Give way or uncontrolled,T or staggered junction,28.55389406,Daylight,463210,171640,77.32221334,E01016345,1,2,0,0,Frost or ice,Single carriageway,None,50,13:53:00,Rural,Fine no high winds,No,16 - 20,4,Small town,8,50,None,Other permanent object,Other/Not known (2005-10),Cleared junction or waiting/parked at junction exit,PIAGGIO,ZIP,Petrol,Female,None,No tow/articulation,Nearside,0,Going ahead other,2,Motorcycle 50cc and under,No,Front,2020
20104100J0241,A,1005,A,111,Slight,None,07-08-2020,Tuesday,1,Give way or uncontrolled,Roundabout,28.67717907,Daylight,526660,200130,77.1121963,E01023574,2,2,0,0,Dry,Single carriageway,None,60,07:26:00,Rural,Fine no high winds,No,16 - 20,4,Urban area,8,1598,None,None,Commuting to/from work,Approaching junction or waiting/parked at junction approach,RENAULT,MEGANE PRIVILEGE A,Petrol,Female,None,No tow/articulation,Did not leave carriageway,0,Moving off,1,Car,No,Front,2020
201042I189106,A,12,A,133,Slight,None,23-09-2020,Thursday,1,Give way or uncontrolled,Roundabout,28.71076818,Daylight,597120,225450,77.26815862,E01021676,2,2,0,0,Dry,Roundabout,None,70,18:20:00,Rural,Fine no high winds,No,16 - 20,4,Urban area,4,1360,None,None,Other/Not known (2005-10),Leaving roundabout,PEUGEOT,207 S,Petrol,Female,None,No tow/articulation,Did not leave carriageway,0,Moving off,1,Car,No,Front,2020
201043P292060,Motorway,40,NA,0,Slight,None,12-09-2019,Saturday,1,Not at junction or within 20 metres,Not at junction or within 20 metres,28.54983283,Daylight,454720,223350,77.23771414,E01028477,1,2,0,0,Dry,Dual carriageway,None,70,13:45:00,Rural,Fine no high winds,No,16 - 20,4,Urban area,7,2922,None,None,Other/Not known (2005-10),Not at or within 20 metres of junction,VOLVO,XC 90 T6 SE AWD SEMI-AUTO,Petrol,Female,None,No tow/articulation,Did not leave carriageway,0,Going ahead other,1,Car,No,Front,2020
201045RE56060,B,2218,NA,0,Slight,None,07-05-2019,Sunday,1,Data missing or out of range,Not at junction or within 20 metres,28.55193157,Daylight,525760,160820,77.34309153,E01030563,1,1,0,0,Dry,Single carriageway,None,30,10:50:00,Rural,Fine no high winds,No,16 - 20,4,Urban area,10,1587,None,Bus stop or bus shelter,Other/Not known (2005-10),Not at or within 20 metres of junction,PEUGEOT,307 S,Petrol,Female,Overturned,No tow/articulation,Nearside,0,Going ahead other,1,Car,No,Front,2020
201042I175006,A,128,Unclassified,0,Slight,None,26-06-2021,Saturday,1,Give way or uncontrolled,T or staggered junction,28.59155202,Daylight,559990,193570,77.0770374,E01021436,1,3,0,0,Dry,Single carriageway,None,30,09:42:00,Urban,Fine no high winds,No,16 - 20,4,Rural,9,1299,None,None,Journey as part of work,Approaching junction or waiting/parked at junction approach,FORD,KA COLLECTION,Petrol,Female,None,No tow/articulation,Did not leave carriageway,0,Turning right,3,Car,No,Back,2020
201050FT2J001,Unclassified,0,Unclassified,0,Slight,None,09-01-2019,Friday,1,Auto traffic signal,Crossroads,28.5512167,Daylight,290530,64270,77.23209317,E01015212,2,2,0,0,Dry,Single carriageway,None,30,17:08:00,Urban,Fine no high winds,No,16 - 20,4,Urban area,4,1149,None,None,Other/Not known (2005-10),Mid Junction - on roundabout or on main road,RENAULT,CLIO CAMPUS SPORT,Petrol,Female,None,No tow/articulation,Did not leave carriageway,0,Turning right,1,Car,No,Front,2020
201043R238080,Unclassified,7302,Unclassified,7302,Slight,None,31-08-2019,Thursday,1,Give way or uncontrolled,T or staggered junction,28.53517646,Daylight,498130,179120,77.30659232,E01016514,2,2,0,0,Dry,Single carriageway,None,30,15:50:00,Urban,Fine no high winds,No,16 - 20,4,Urban area,4,1398,None,None,Other/Not known (2005-10),Approaching junction or waiting/parked at junction approach,PEUGEOT,207 S HDI 67,Heavy oil,Female,None,No tow/articulation,Did not leave carriageway,0,Going ahead other,2,Car,No,Offside,2021
2010400C02323,A,505,NA,0,Slight,None,19-05-2020,Thursday,1,Data missing or out of range,Not at junction or within 20 metres,28.69834986,Daylight,508450,221670,77.34859638,E01015699,1,2,0,1,Dry,Single carriageway,None,30,08:35:00,Urban,Fine no high winds,No,16 - 20,4,Urban area,4,1598,None,None,Other/Not known (2005-10),Not at or within 20 metres of junction,MINI,MINI ONE SEVEN,Petrol,Female,None,No tow/articulation,Did not leave carriageway,0,Waiting to go - held up,1,Car,No,Front,2021
201043S048040,C,144,Unclassified,1145,Slight,None,28-01-2020,Friday,1,Give way or uncontrolled,T or staggered junction,28.71780477,Daylight,485250,240220,77.19369401,E01016721,2,2,0,0,Dry,Single carriageway,None,60,13:45:00,Urban,Fine no high winds,No,16 - 20,4,Urban area,9,1242,None,None,Other/Not known (2005-10),Approaching junction or waiting/parked at junction approach,FORD,FIESTA STUDIO,Petrol,Female,None,No tow/articulation,Did not leave carriageway,0,Going ahead other,2,Car,No,Front,2021
201045GU48625,B,3405,NA,0,Slight,None,18-11-2019,Thursday,1,Data missing or out of range,Not at junction or within 20 metres,18.53081266,Daylight,494260,156350,73.79820915,E01030473,1,1,0,0,Wet or damp,Single carriageway,None,60,12:40:00,Urban,Fine no high winds,No,16 - 20,4,Urban area,6,1149,None,Entered ditch,Other/Not known (2005-10),Not at or within 20 metres of junction,RENAULT,CLIO CAMPUS SPORT,Petrol,Female,Skidded,No tow/articulation,Nearside,0,Going ahead left-hand bend,1,Car,No,Front,2021
201054EU32110,A,338,C,12,Slight,None,12-09-2021,Wednesday,1,Give way or uncontrolled,T or staggered junction,18.64564729,Daylight,416130,126360,73.78877178,E01032000,2,2,0,0,Dry,Dual carriageway,None,70,08:24:00,Rural,Fine no high winds,No,16 - 20,4,Rural,5,998,None,None,Taking pupil to/from school,Approaching junction or waiting/parked at junction approach,VAUXHALL,AGILA EXPRESSION TWINPORT,Petrol,Female,Skidded,No tow/articulation,Did not leave carriageway,0,Going ahead other,2,Car,No,Front,2021
201050BL2H003,A,395,Unclassified,0,Slight,None,18-01-2020,Friday,1,Give way or uncontrolled,Crossroads,18.55756617,Daylight,223820,84650,73.9027339,E01018968,2,2,0,0,Dry,Single carriageway,None,30,12:10:00,Rural,Fine no high winds,No,16 - 20,4,Rural,4,1299,None,None,Other/Not known (2005-10),Approaching junction or waiting/parked at junction approach,FORD,KA,Petrol,Female,None,No tow/articulation,Did not leave carriageway,0,Waiting to turn right,2,Car,No,Back,2021
201050KT3C005,Unclassified,0,Unclassified,0,Slight,None,28-12-2021,Wednesday,1,Give way or uncontrolled,Roundabout,19.1918896,Daylight,295420,113250,72.92111872,E01020048,1,3,0,0,Dry,Roundabout,None,30,08:20:00,Urban,Fine no high winds,No,16 - 20,4,Small town,5,1248,None,None,Other/Not known (2005-10),Approaching junction or waiting/parked at junction approach,VAUXHALL,CORSA SXI A/C CDTI,Heavy oil,Female,None,No tow/articulation,Did not leave carriageway,0,Waiting to go - held up,2,Car,No,Back,2021
201042I233307,A,132,Unclassified,0,Slight,None,13-12-2019,Thursday,1,Give way or uncontrolled,Roundabout,19.12623969,Daylight,574800,193210,72.886794,E01021331,1,2,0,0,Dry,Roundabout,None,50,17:50:00,Urban,Fine no high winds,No,16 - 20,4,Urban area,3,1360,None,None,Other/Not known (2005-10),Approaching junction or waiting/parked at junction approach,PEUGEOT,206 VERVE,Petrol,Female,None,No tow/articulation,Did not leave carriageway,0,Waiting to go - held up,1,Car,No,Front,2021
201042I282708,A,127,A,129,Slight,None,10-11-2021,Sunday,1,Auto traffic signal,Slip road,19.11381128,Daylight,580130,189690,72.92823025,E01021963,1,4,0,5,Dry,Slip road,None,50,15:50:00,Urban,Fine no high winds,No,16 - 20,4,Urban area,8,1242,None,None,Other/Not known (2005-10),Approaching junction or waiting/parked at junction approach,FORD,FIESTA STYLE CLIMATE,Petrol,Female,None,No tow/articulation,Did not leave carriageway,0,Going ahead other,2,Car,No,Back,2021
201050CD2E006,Unclassified,0,Unclassified,0,Slight,None,25-07-2019,Monday,1,Give way or uncontrolled,T or staggered junction,19.19646887,Daylight,246390,125860,72.92785659,E01020278,1,2,0,0,Dry,Single carriageway,None,30,09:52:00,Urban,Fine no high winds,No,16 - 20,4,Rural,5,50,None,None,Journey as part of work,Approaching junction or waiting/parked at junction approach,PIAGGIO,ZIP,Petrol,Female,None,No tow/articulation,Did not leave carriageway,0,Going ahead other,2,Motorcycle 50cc and under,No,Front,2021
20104100T2046,A(M),1,NA,0,Slight,None,28-06-2020,Friday,1,Not at junction or within 20 metres,Not at junction or within 20 metres,19.09508158,Daylight,523900,217410,72.8682134,E01023966,2,3,0,0,Dry,Dual carriageway,None,70,15:28:00,Urban,Fine no high winds,No,16 - 20,4,Rural,6,1360,None,None,Other/Not known (2005-10),Not at or within 20 metres of junction,PEUGEOT,206 VERVE,Petrol,Female,None,No tow/articulation,Offside,0,Slowing or stopping,2,Car,No,Back,2021
201043W192050,A,329,NA,0,Slight,None,01-03-2019,Wednesday,1,Data missing or out of range,Not at junction or within 20 metres,14.79912984,Daylight,482860,168710,78.56356802,E01016698,2,2,0,0,Dry,Single carriageway,None,30,08:10:00,Urban,Fine no high winds,No,16 - 20,4,Urban area,7,1299,None,None,Journey as part of work,Not at or within 20 metres of junction,FORD,KA STYLE,Petrol,Female,None,No tow/articulation,Did not leave carriageway,0,Going ahead other,1,Car,No,Front,2019
201042I167605,A,130,Unclassified,0,Slight,None,05-04-2020,Tuesday,1,Give way or uncontrolled,Roundabout,27.1054669,Daylight,579800,183330,93.63371309,E01021499,1,2,0,4,Dry,Single carriageway,None,30,17:20:00,Urban,Fine no high winds,No,16 - 20,4,Urban area,7,1399,None,None,Commuting to/from work,Approaching junction or waiting/parked at junction approach,HYUNDAI,GETZ GSI AUTO,Petrol,Female,None,No tow/articulation,Did not leave carriageway,0,Going ahead other,2,Car,No,Back,2019
201045EL53903,Unclassified,3865,Unclassified,0,Slight,None,28-03-2021,Friday,2,Give way or uncontrolled,T or staggered junction,27.09812315,Daylight,509180,165340,93.62978305,E01030341,1,2,0,8,Dry,Single carriageway,None,30,09:30:00,Urban,Fine no high winds,No,16 - 20,4,Urban area,10,1198,None,None,Commuting to/from work,Entering main road,VOLKSWAGEN,POLO E 55,Petrol,Female,None,No tow/articulation,Did not leave carriageway,0,Moving off,1,Car,No,Front,2019
201045RU50050,A,320,Unclassified,0,Slight,None,09-10-2020,Thursday,1,Auto traffic signal,T or staggered junction,27.10455302,Daylight,502980,164730,93.6217225,E01030678,1,2,0,0,Dry,Dual carriageway,None,30,09:30:00,Rural,Fine no high winds,No,16 - 20,4,Urban area,10,998,None,None,Other/Not known (2005-10),Approaching junction or waiting/parked at junction approach,PEUGEOT,107 URBAN,Petrol,Female,None,No tow/articulation,Did not leave carriageway,0,Waiting to go - held up,1,Car,No,Back,2019
201042I036202,A,121,NA,0,Slight,None,12-07-2020,Tuesday,1,Not at junction or within 20 metres,Not at junction or within 20 metres,26.74257626,Daylight,542250,196240,94.22696489,E01021791,2,1,0,4,Dry,Single carriageway,None,30,16:40:00,Urban,Fine no high winds,No,16 - 20,4,Urban area,5,50,None,None,Other/Not known (2005-10),Not at or within 20 metres of junction,PIAGGIO,ZIP,Petrol,Female,None,No tow/articulation,Did not leave carriageway,0,Going ahead other,1,Motorcycle 50cc and under,No,Front,2019
201001CW12409,C,0,C,0,Slight,None,03-11-2010,Wednesday,1,Give way or uncontrolled,T or staggered junction,51.519101,Daylight,525330,181570,-0.195026,E01004655,1,2,0,0,Dry,Single carriageway,None,30,12:02:00,Urban,Fine no high winds,No,16 - 20,4,Urban area,3,125,None,None,Other/Not known (2005-10),Mid Junction - on roundabout or on main road,APRILIA,RS 125 11 KW 06,Petrol,Female,None,No tow/articulation,Did not leave carriageway,0,Going ahead right-hand bend,1,Motorcycle 125cc and under,No,Front,2010
201001GD10007,B,113,C,0,Slight,None,13-01-2010,Wednesday,1,Auto traffic signal,Crossroads,51.54486,Daylight,535590,184700,-0.046033,E01001844,1,1,0,5,Wet or damp,Single carriageway,None,30,15:06:00,Urban,Fine no high winds,No,16 - 20,4,Urban area,2,1242,Kerb,Lamp post,Other/Not known (2005-10),Mid Junction - on roundabout or on main road,FIAT,PUNTO ACTIVE 8V,Petrol,Female,None,No tow/articulation,Nearside,0,Moving off,1,Car,No,Front,2010
201001JC30079,A,11,Unclassified,0,Slight,None,06-02-2010,Saturday,2,Give way or uncontrolled,T or staggered junction,51.569059,Daylight,539540,187500,0.012003,E01004438,1,2,0,0,Dry,Single carriageway,None,30,16:45:00,Urban,Fine no high winds,No,16 - 20,4,Urban area,1,1364,None,None,Other/Not known (2005-10),Approaching junction or waiting/parked at junction approach,VAUXHALL,ASTRA CLUB TWINPORT,Petrol,Female,None,No tow/articulation,Did not leave carriageway,0,Waiting to go - held up,2,Car,No,Front,2010
201001JC30203,A,106,A,106,Slight,None,23-04-2010,Friday,1,Give way or uncontrolled,T or staggered junction,51.566419,Daylight,538950,187190,0.003373,E01004440,1,1,0,1,Dry,Single carriageway,None,30,14:25:00,Urban,Fine no high winds,No,16 - 20,4,Urban area,5,1299,None,None,Other/Not known (2005-10),Cleared junction or waiting/parked at junction exit,FORD,KA,Petrol,Female,None,No tow/articulation,Did not leave carriageway,0,Going ahead other,1,Car,No,Front,2010
201001KG70244,C,0,Unclassified,0,Slight,None,18-06-2010,Friday,2,Give way or uncontrolled,T or staggered junction,51.559145,Daylight,548800,186660,0.145162,E01000101,1,2,0,0,Dry,Single carriageway,None,30,15:00:00,Urban,Fine no high winds,No,16 - 20,4,Data missing or out of range,NA,1086,None,None,Other/Not known (2005-10),Mid Junction - on roundabout or on main road,HYUNDAI,GETZ ATLANTIC,Petrol,Female,None,No tow/articulation,Did not leave carriageway,0,Going ahead right-hand bend,1,Car,No,Front,2010
201001MM70738,A,2216,NA,0,Slight,None,07-09-2010,Tuesday,1,Data missing or out of range,Not at junction or within 20 metres,51.443975,Daylight,534320,173440,-0.06862,E01003949,1,2,0,0,Dry,Single carriageway,None,30,15:05:00,Urban,Fine no high winds,No,16 - 20,4,Urban area,2,1149,None,None,Other/Not known (2005-10),Not at or within 20 metres of junction,RENAULT,CLIO CAMPUS SPORT,Petrol,Female,None,No tow/articulation,Did not leave carriageway,2,Changing lane to left,1,Car,No,Nearside,2010
201001RY10361,B,2210,Unclassified,0,Slight,None,04-09-2010,Saturday,1,Give way or uncontrolled,Other junction,51.442529,Daylight,549090,173690,0.143864,E01000449,1,2,0,0,Dry,Single carriageway,None,30,11:30:00,Urban,Fine no high winds,No,16 - 20,4,Urban area,4,1198,None,None,Other/Not known (2005-10),Leaving main road,VOLKSWAGEN,POLO E 64,Petrol,Female,None,No tow/articulation,Did not leave carriageway,0,Turning right,1,Car,No,Nearside,2010
201001SX20134,Unclassified,0,Unclassified,0,Slight,None,08-02-2010,Monday,1,Give way or uncontrolled,T or staggered junction,51.641541,Daylight,526370,195220,-0.175137,E01000267,1,3,0,0,Dry,Single carriageway,None,30,08:40:00,Urban,Fine no high winds,No,16 - 20,4,Urban area,7,1598,None,None,Commuting to/from work,Mid Junction - on roundabout or on main road,VAUXHALL,ASTRA CLUB TWINPORT S-A,Petrol,Female,None,No tow/articulation,Did not leave carriageway,0,Parked,1,Car,No,Front,2010
201001SX20264,A,504,Unclassified,0,Slight,None,16-03-2010,Tuesday,1,Auto traffic signal,T or staggered junction,51.591972,Daylight,526200,189700,-0.179578,E01000210,1,1,0,5,Dry,Single carriageway,None,30,08:30:00,Urban,Fine no high winds,No,16 - 20,4,Urban area,4,1198,None,None,Taking pupil to/from school,Mid Junction - on roundabout or on main road,VOLKSWAGEN,POLO S 55,Petrol,Female,None,No tow/articulation,Did not leave carriageway,0,Moving off,1,Car,No,Front,2010
201001SX20353,A,111,C,0,Slight,None,04-04-2010,Sunday,1,Auto traffic signal,T or staggered junction,51.636557,Daylight,528930,194730,-0.138341,E01001421,1,1,0,4,Dry,Single carriageway,None,30,10:01:00,Urban,Fine no high winds,No,16 - 20,4,Urban area,5,1339,None,Tree,Other/Not known (2005-10),Cleared junction or waiting/parked at junction exit,HONDA,JAZZ SPORT,Petrol,Female,None,No tow/articulation,Nearside,0,Going ahead other,1,Car,No,Front,2010
201001SX20948,Unclassified,0,A,41,Slight,None,03-09-2010,Friday,1,Give way or uncontrolled,Crossroads,51.621945,Daylight,519810,192880,-0.270693,E01000186,1,1,0,0,Dry,Dual carriageway,None,50,11:45:00,Urban,Fine no high winds,No,16 - 20,4,Urban area,8,1299,None,None,Other/Not known (2005-10),Mid Junction - on roundabout or on main road,FORD,KA STUDIO,Petrol,Female,None,No tow/articulation,Did not leave carriageway,0,Turning left,1,Car,No,Front,2010
201001SX21074,A,1000,Unclassified,0,Slight,None,10-10-2010,Sunday,1,Give way or uncontrolled,T or staggered junction,51.653457,Daylight,524520,196500,-0.201403,E01000250,2,3,0,0,Dry,Single carriageway,None,30,15:38:00,Urban,Fine no high winds,No,16 - 20,4,Urban area,5,1242,None,None,Other/Not known (2005-10),Cleared junction or waiting/parked at junction exit,FIAT,PUNTO ACTIVE 8V,Petrol,Female,None,No tow/articulation,Did not leave carriageway,0,Going ahead left-hand bend,1,Car,No,Offside,2010
2010400C02323,A,505,NA,0,Slight,None,12-08-2010,Thursday,1,Data missing or out of range,Not at junction or within 20 metres,51.883008,Daylight,508450,221670,-0.425752,E01015699,1,2,0,1,Dry,Single carriageway,None,30,08:35:00,Urban,Fine no high winds,No,16 - 20,4,Urban area,4,1598,None,None,Other/Not known (2005-10),Not at or within 20 metres of junction,MINI,MINI ONE SEVEN,Petrol,Female,None,No tow/articulation,Did not leave carriageway,0,Waiting to go - held up,1,Car,No,Front,2010
20104100J0241,A,1005,A,111,Slight,None,27-04-2010,Tuesday,1,Give way or uncontrolled,Roundabout,51.685601,Daylight,526660,200130,-0.16917,E01023574,2,2,0,0,Dry,Single carriageway,None,60,07:26:00,Rural,Fine no high winds,No,16 - 20,4,Urban area,8,1598,None,None,Commuting to/from work,Approaching junction or waiting/parked at junction approach,RENAULT,MEGANE PRIVILEGE A,Petrol,Female,None,No tow/articulation,Did not leave carriageway,0,Moving off,1,Car,No,Front,2010
20104100J0574,B,462,Unclassified,190,Slight,None,11-10-2010,Monday,1,Give way or uncontrolled,T or staggered junction,51.650113,Daylight,512220,195840,-0.379337,E01023559,1,2,0,0,Dry,Single carriageway,None,30,08:15:00,Urban,Fine no high winds,No,16 - 20,4,Urban area,9,1198,None,None,Other/Not known (2005-10),Entering main road,VOLKSWAGEN,POLO E 55,Petrol,Female,None,No tow/articulation,Did not leave carriageway,0,Turning right,1,Car,No,Offside,2010
20104100K0556,A,1170,B,194,Slight,None,15-11-2010,Monday,2,Auto traffic signal,T or staggered junction,51.747017,Daylight,536830,207230,-0.019357,E01023292,1,2,0,5,Dry,Single carriageway,None,30,10:57:00,Urban,Fine no high winds,No,16 - 20,4,Urban area,5,1198,None,None,Other/Not known (2005-10),Approaching junction or waiting/parked at junction approach,VOLKSWAGEN,POLO E 55,Petrol,Female,None,No tow/articulation,Did not leave carriageway,0,Slowing or stopping,1,Car,No,Front,2010
20104100T2046,A(M),1,NA,0,Slight,None,16-04-2010,Friday,1,Not at junction or within 20 metres,Not at junction or within 20 metres,51.841509,Daylight,523900,217410,-0.202917,E01023966,2,3,0,0,Dry,Dual carriageway,None,70,15:28:00,Urban,Fine no high winds,No,16 - 20,4,Rural,6,1360,None,None,Other/Not known (2005-10),Not at or within 20 metres of junction,PEUGEOT,206 VERVE,Petrol,Female,None,No tow/articulation,Offside,0,Slowing or stopping,2,Car,No,Back,2010
201042I035401,A,120,Unclassified,0,Slight,None,23-01-2010,Saturday,2,Auto traffic signal,Roundabout,51.870625,Daylight,551580,221410,0.200341,E01022059,1,2,0,0,Dry,Roundabout,None,70,13:30:00,Rural,Fine no high winds,No,16 - 20,4,Urban area,9,1596,None,None,Journey as part of work,Approaching junction or waiting/parked at junction approach,FORD,FOCUS ZETEC CLIMATE AUTO,Petrol,Female,None,No tow/articulation,Did not leave carriageway,0,Going ahead other,2,Car,No,Back,2010
201042I036202,A,121,NA,0,Slight,None,09-02-2010,Tuesday,1,Not at junction or within 20 metres,Not at junction or within 20 metres,51.646917,Daylight,542250,196240,0.054622,E01021791,2,1,0,4,Dry,Single carriageway,None,30,16:40:00,Urban,Fine no high winds,No,16 - 20,4,Urban area,5,50,None,None,Other/Not known (2005-10),Not at or within 20 metres of junction,PIAGGIO,ZIP,Petrol,Female,None,No tow/articulation,Did not leave carriageway,0,Going ahead other,1,Motorcycle 50cc and under,No,Front,2010
201042I167605,A,130,Unclassified,0,Slight,None,25-05-2010,Tuesday,1,Give way or uncontrolled,Roundabout,51.520212,Daylight,579800,183330,0.590215,E01021499,1,2,0,4,Dry,Single carriageway,None,30,17:20:00,Urban,Fine no high winds,No,16 - 20,4,Urban area,7,1399,None,None,Commuting to/from work,Approaching junction or waiting/parked at junction approach,HYUNDAI,GETZ GSI AUTO,Petrol,Female,None,No tow/articulation,Did not leave carriageway,0,Going ahead other,2,Car,No,Back,2010
201042I175006,A,128,Unclassified,0,Slight,None,05-06-2010,Saturday,1,Give way or uncontrolled,T or staggered junction,51.618166,Daylight,559990,193570,0.309599,E01021436,1,3,0,0,Dry,Single carriageway,None,30,09:42:00,Urban,Fine no high winds,No,16 - 20,4,Rural,9,1299,None,None,Journey as part of work,Approaching junction or waiting/parked at junction approach,FORD,KA COLLECTION,Petrol,Female,None,No tow/articulation,Did not leave carriageway,0,Turning right,3,Car,No,Back,2010
201042I189106,A,12,A,133,Slight,None,10-06-2010,Thursday,1,Give way or uncontrolled,Roundabout,51.892683,Daylight,597120,225450,0.863346,E01021676,2,2,0,0,Dry,Roundabout,None,70,18:20:00,Rural,Fine no high winds,No,16 - 20,4,Urban area,4,1360,None,None,Other/Not known (2005-10),Leaving roundabout,PEUGEOT,207 S,Petrol,Female,None,No tow/articulation,Did not leave carriageway,0,Moving off,1,Car,No,Front,2010
201042I190806,Unclassified,0,NA,0,Slight,None,21-06-2010,Monday,1,Not at junction or within 20 metres,Not at junction or within 20 metres,51.596495,Daylight,569580,191470,0.446976,E01021260,2,2,0,0,Dry,Single carriageway,None,60,15:36:00,Rural,Fine no high winds,No,16 - 20,4,Urban area,6,1240,None,None,Other/Not known (2005-10),Not at or within 20 metres of junction,NISSAN,MICRA SE,Petrol,Female,None,No tow/articulation,Did not leave carriageway,0,Going ahead other,1,Car,No,Front,2010
201042I233307,A,132,Unclassified,0,Slight,None,15-07-2010,Thursday,1,Give way or uncontrolled,Roundabout,51.610531,Daylight,574800,193210,0.523132,E01021331,1,2,0,0,Dry,Roundabout,None,50,17:50:00,Urban,Fine no high winds,No,16 - 20,4,Urban area,3,1360,None,None,Other/Not known (2005-10),Approaching junction or waiting/parked at junction approach,PEUGEOT,206 VERVE,Petrol,Female,None,No tow/articulation,Did not leave carriageway,0,Waiting to go - held up,1,Car,No,Front,2010
201042I282708,A,127,A,129,Slight,None,29-08-2010,Sunday,1,Auto traffic signal,Slip road,51.577235,Daylight,580130,189690,0.59822,E01021963,1,4,0,5,Dry,Slip road,None,50,15:50:00,Urban,Fine no high winds,No,16 - 20,4,Urban area,8,1242,None,None,Other/Not known (2005-10),Approaching junction or waiting/parked at junction approach,FORD,FIESTA STYLE CLIMATE,Petrol,Female,None,No tow/articulation,Did not leave carriageway,0,Going ahead other,2,Car,No,Back,2010