Accident_Index,1st_Road_Class,1st_Road_Number,2nd_Road_Class,2nd_Road_Number,Accident_Severity,Carriageway_Hazards,Date,Day_of_Week,Did_Police_Officer_Attend_Scene_of_Accident,Junction_Control,Junction_Detail,Latitude,Light_Conditions,Location_Easting_OSGR,Location_Northing_OSGR,Longitude,LSOA_of_Accident_Location,Number_of_Casualties,Number_of_Vehicles,Pedestrian_Crossing-Human_Control,Pedestrian_Crossing-Physical_Facilities,Road_Surface_Conditions,Road_Type,Special_Conditions_at_Site,Speed_limit,Time,Urban_or_Rural_Area,Weather_Conditions,InScotland,Age_Band_of_Driver,Age_of_Vehicle,Driver_Home_Area_Type,Driver_IMD_Decile,Engine_Capacity_.CC.,Hit_Object_in_Carriageway,Hit_Object_off_Carriageway,Journey_Purpose_of_Driver,Junction_Location,make,model,Propulsion_Code,Sex_of_Driver,Skidding_and_Overturning,Towing_and_Articulation,Vehicle_Leaving_Carriageway,Vehicle_Location.Restricted_Lane,Vehicle_Manoeuvre,Vehicle_Reference,Vehicle_Type,Was_Vehicle_Left_Hand_Drive,X1st_Point_of_Impact,Year
201043N124040,A,4155,Unclassified,1967,Slight,None,17-04-2010,Saturday,1,Give way or uncontrolled,Private drive or entrance,51.569572,Daylight,484410,186340,-0.783486,E01017892,2,2,0,0,Dry,Single carriageway,None,30,12:42:00,Urban,Fine no high winds,No,16 - 20,4,Urban area,10,1086,None,None,Journey as part of work,Approaching junction or waiting/parked at junction approach,KIA,PICANTO LX,Petrol,Female,None,No tow/articulation,Did not leave carriageway,0,Going ahead other,1,Car,No,Front,2010
201043N178110,C,37,Unclassified,775,Slight,None,23-11-2010,Tuesday,1,Give way or uncontrolled,T or staggered junction,51.920076,Daylight,469310,225100,-0.993606,E01017714,1,1,0,0,Wet or damp,Single carriageway,None,60,09:40:00,Rural,Fine no high winds,No,16 - 20,4,Small town,9,1240,None,None,Other/Not known (2005-10),Approaching junction or waiting/parked at junction approach,NISSAN,MICRA E,Petrol,Female,Skidded and overturned,No tow/articulation,Offside,0,Going ahead left-hand bend,1,Car,No,Offside,2010
201043P067090,B,4009,Unclassified,0,Slight,None,08-09-2010,Wednesday,1,Give way or uncontrolled,Crossroads,51.629925,Daylight,463630,192750,-1.082105,E01028601,2,2,0,0,Dry,Single carriageway,None,50,11:16:00,Rural,Fine no high winds,No,16 - 20,4,Urban area,6,1198,None,Road sign or traffic signal,Other/Not known (2005-10),Approaching junction or waiting/parked at junction approach,VOLKSWAGEN,POLO S 64,Petrol,Female,None,No tow/articulation,Nearside,0,Going ahead other,2,Car,No,Offside,2010
201043P262060,A,40,A,420,Slight,None,25-06-2010,Friday,2,Auto traffic signal,Roundabout,51.763033,Daylight,455510,207460,-1.19707,E01028513,1,2,0,0,Dry,Roundabout,None,30,17:50:00,Urban,Fine no high winds,No,16 - 20,4,Urban area,2,1124,None,None,Commuting to/from work,Mid Junction - on roundabout or on main road,SMART,FORFOUR COOLSTYLE 75,Petrol,Female,None,No tow/articulation,Did not leave carriageway,0,Turning right,2,Car,No,Back,2010
201043P292060,Motorway,40,NA,0,Slight,None,26-06-2010,Saturday,1,Not at junction or within 20 metres,Not at junction or within 20 metres,51.905966,Daylight,454720,223350,-1.206007,E01028477,1,2,0,0,Dry,Dual carriageway,None,70,13:45:00,Rural,Fine no high winds,No,16 - 20,4,Urban area,7,2922,None,None,Other/Not known (2005-10),Not at or within 20 metres of junction,VOLVO,XC 90 T6 SE AWD SEMI-AUTO,Petrol,Female,None,No tow/articulation,Did not leave carriageway,0,Going ahead other,1,Car,No,Front,2010
201043R238080,Unclassified,7302,Unclassified,7302,Slight,None,12-08-2010,Thursday,1,Give way or uncontrolled,T or staggered junction,51.502454,Daylight,498130,179120,-0.587595,E01016514,2,2,0,0,Dry,Single carriageway,None,30,15:50:00,Urban,Fine no high winds,No,16 - 20,4,Urban area,4,1398,None,None,Other/Not known (2005-10),Approaching junction or waiting/parked at junction approach,PEUGEOT,207 S HDI 67,Heavy oil,Female,None,No tow/articulation,Did not leave carriageway,0,Going ahead other,2,Car,No,Offside,2010
201043S048040,C,144,Unclassified,1145,Slight,None,16-04-2010,Friday,1,Give way or uncontrolled,T or staggered junction,52.053777,Daylight,485250,240220,-0.758126,E01016721,2,2,0,0,Dry,Single carriageway,None,60,13:45:00,Urban,Fine no high winds,No,16 - 20,4,Urban area,9,1242,None,None,Other/Not known (2005-10),Approaching junction or waiting/parked at junction approach,FORD,FIESTA STUDIO,Petrol,Female,None,No tow/articulation,Did not leave carriageway,0,Going ahead other,2,Car,No,Front,2010
201043W010010,A,340,Unclassified,7153,Slight,None,02-01-2010,Saturday,1,Give way or uncontrolled,T or staggered junction,51.440183,Daylight,463210,171640,-1.091956,E01016345,1,2,0,0,Frost or ice,Single carriageway,None,50,13:53:00,Rural,Fine no high winds,No,16 - 20,4,Small town,8,50,None,Other permanent object,Other/Not known (2005-10),Cleared junction or waiting/parked at junction exit,PIAGGIO,ZIP,Petrol,Female,None,No tow/articulation,Nearside,0,Going ahead other,2,Motorcycle 50cc and under,No,Front,2010
201043W192050,A,329,NA,0,Slight,None,19-05-2010,Wednesday,1,Data missing or out of range,Not at junction or within 20 metres,51.411313,Daylight,482860,168710,-0.809979,E01016698,2,2,0,0,Dry,Single carriageway,None,30,08:10:00,Urban,Fine no high winds,No,16 - 20,4,Urban area,7,1299,None,None,Journey as part of work,Not at or within 20 metres of junction,FORD,KA STYLE,Petrol,Female,None,No tow/articulation,Did not leave carriageway,0,Going ahead other,1,Car,No,Front,2010
201043W222090,A,329,Unclassified,7504,Slight,None,25-09-2010,Saturday,1,Give way or uncontrolled,T or staggered junction,51.441025,Daylight,474770,171890,-0.92561,E01016668,1,2,0,0,Dry,Single carriageway,None,30,15:04:00,Urban,Fine no high winds,No,16 - 20,4,Small town,10,1596,None,None,Other/Not known (2005-10),Approaching junction or waiting/parked at junction approach,BMW,116 I SE,Petrol,Female,None,No tow/articulation,Did not leave carriageway,0,Going ahead other,2,Car,No,Back,2010
201045EL51695,Unclassified,6966,NA,0,Slight,None,15-06-2010,Tuesday,2,Data missing or out of range,Not at junction or within 20 metres,51.382794,Daylight,514990,166160,-0.348992,E01030370,1,2,0,0,Dry,Single carriageway,None,30,16:55:00,Urban,Fine no high winds,No,16 - 20,4,Small town,10,998,None,None,Commuting to/from work,Not at or within 20 metres of junction,TOYOTA,AYGO SPORT VVT-I S-A,Petrol,Female,None,No tow/articulation,Did not leave carriageway,0,Waiting to turn right,1,Car,No,Front,2010
201045EL53903,Unclassified,3865,Unclassified,0,Slight,None,03-09-2010,Friday,2,Give way or uncontrolled,T or staggered junction,51.376569,Daylight,509180,165340,-0.432699,E01030341,1,2,0,8,Dry,Single carriageway,None,30,09:30:00,Urban,Fine no high winds,No,16 - 20,4,Urban area,10,1198,None,None,Commuting to/from work,Entering main road,VOLKSWAGEN,POLO E 55,Petrol,Female,None,No tow/articulation,Did not leave carriageway,0,Moving off,1,Car,No,Front,2010
201045GU48625,B,3405,NA,0,Slight,None,04-02-2010,Thursday,1,Data missing or out of range,Not at junction or within 20 metres,51.298426,Daylight,494260,156350,-0.649379,E01030473,1,1,0,0,Wet or damp,Single carriageway,None,60,12:40:00,Urban,Fine no high winds,No,16 - 20,4,Urban area,6,1149,None,Entered ditch,Other/Not known (2005-10),Not at or within 20 metres of junction,RENAULT,CLIO CAMPUS SPORT,Petrol,Female,Skidded,No tow/articulation,Nearside,0,Going ahead left-hand bend,1,Car,No,Front,2010
201045RE56060,B,2218,NA,0,Slight,None,21-11-2010,Sunday,1,Data missing or out of range,Not at junction or within 20 metres,51.332519,Daylight,525760,160820,-0.196191,E01030563,1,1,0,0,Dry,Single carriageway,None,30,10:50:00,Rural,Fine no high winds,No,16 - 20,4,Urban area,10,1587,None,Bus stop or bus shelter,Other/Not known (2005-10),Not at or within 20 metres of junction,PEUGEOT,307 S,Petrol,Female,Overturned,No tow/articulation,Nearside,0,Going ahead other,1,Car,No,Front,2010
201045RU50050,A,320,Unclassified,0,Slight,None,25-03-2010,Thursday,1,Auto traffic signal,T or staggered junction,51.372244,Daylight,502980,164730,-0.521925,E01030678,1,2,0,0,Dry,Dual carriageway,None,30,09:30:00,Rural,Fine no high winds,No,16 - 20,4,Urban area,10,998,None,None,Other/Not known (2005-10),Approaching junction or waiting/parked at junction approach,PEUGEOT,107 URBAN,Petrol,Female,None,No tow/articulation,Did not leave carriageway,0,Waiting to go - held up,1,Car,No,Back,2010
201045RU55170,Motorway,25,NA,0,Slight,None,23-10-2010,Saturday,1,Data missing or out of range,Not at junction or within 20 metres,51.337776,Daylight,505650,160950,-0.484702,E01030949,3,3,0,0,Wet or damp,Dual carriageway,None,70,09:58:00,Rural,Fine no high winds,No,16 - 20,4,Urban area,10,1242,None,None,Other/Not known (2005-10),Not at or within 20 metres of junction,FORD,FIESTA FREEDOM,Petrol,Female,None,No tow/articulation,Did not leave carriageway,0,Slowing or stopping,3,Car,No,Back,2010
201045WO49270,A,320,Unclassified,0,Slight,None,05-03-2010,Friday,1,Give way or uncontrolled,Roundabout,51.308666,Daylight,500100,157600,-0.565289,E01030992,2,2,0,8,Dry,Roundabout,None,40,13:38:00,Urban,Fine no high winds,No,16 - 20,4,Urban area,9,1390,None,None,Other/Not known (2005-10),Mid Junction - on roundabout or on main road,RENAULT,CLIO DYNAMIQUE,Petrol,Female,None,No tow/articulation,Nearside,0,Going ahead other,2,Car,No,Front,2010
201045WO52299,A,320,Unclassified,0,Slight,None,08-07-2010,Thursday,1,Give way or uncontrolled,Private drive or entrance,51.309727,Daylight,500200,157720,-0.563821,E01030991,1,2,0,0,Dry,Single carriageway,None,40,19:14:00,Urban,Fine no high winds,No,16 - 20,4,Urban area,10,1198,None,None,Other/Not known (2005-10),Approaching junction or waiting/parked at junction approach,VOLKSWAGEN,POLO S 55,Petrol,Female,None,No tow/articulation,Did not leave carriageway,0,Going ahead other,2,Car,No,Front,2010
201050BL2H003,A,395,Unclassified,0,Slight,None,30-07-2010,Friday,1,Give way or uncontrolled,Crossroads,50.634787,Daylight,223820,84650,-4.492782,E01018968,2,2,0,0,Dry,Single carriageway,None,30,12:10:00,Rural,Fine no high winds,No,16 - 20,4,Rural,4,1299,None,None,Other/Not known (2005-10),Approaching junction or waiting/parked at junction approach,FORD,KA,Petrol,Female,None,No tow/articulation,Did not leave carriageway,0,Waiting to turn right,2,Car,No,Back,2010
201050CD2E006,Unclassified,0,Unclassified,0,Slight,None,16-08-2010,Monday,1,Give way or uncontrolled,T or staggered junction,51.011496,Daylight,246390,125860,-4.191151,E01020278,1,2,0,0,Dry,Single carriageway,None,30,09:52:00,Urban,Fine no high winds,No,16 - 20,4,Rural,5,50,None,None,Journey as part of work,Approaching junction or waiting/parked at junction approach,PIAGGIO,ZIP,Petrol,Female,None,No tow/articulation,Did not leave carriageway,0,Going ahead other,2,Motorcycle 50cc and under,No,Front,2010
201050FT2J001,Unclassified,0,Unclassified,0,Slight,None,15-01-2010,Friday,1,Auto traffic signal,Crossroads,50.467936,Daylight,290530,64270,-3.543903,E01015212,2,2,0,0,Dry,Single carriageway,None,30,17:08:00,Urban,Fine no high winds,No,16 - 20,4,Urban area,4,1149,None,None,Other/Not known (2005-10),Mid Junction - on roundabout or on main road,RENAULT,CLIO CAMPUS SPORT,Petrol,Female,None,No tow/articulation,Did not leave carriageway,0,Turning right,1,Car,No,Front,2010
201050KT3C005,Unclassified,0,Unclassified,0,Slight,None,24-03-2010,Wednesday,1,Give way or uncontrolled,Roundabout,50.909155,Daylight,295420,113250,-3.488898,E01020048,1,3,0,0,Dry,Roundabout,None,30,08:20:00,Urban,Fine no high winds,No,16 - 20,4,Small town,5,1248,None,None,Other/Not known (2005-10),Approaching junction or waiting/parked at junction approach,VAUXHALL,CORSA SXI A/C CDTI,Heavy oil,Female,None,No tow/articulation,Did not leave carriageway,0,Waiting to go - held up,2,Car,No,Back,2010
201054EU32110,A,338,C,12,Slight,None,22-09-2010,Wednesday,1,Give way or uncontrolled,T or staggered junction,51.036316,Daylight,416130,126360,-1.771345,E01032000,2,2,0,0,Dry,Dual carriageway,None,70,08:24:00,Rural,Fine no high winds,No,16 - 20,4,Rural,5,998,None,None,Taking pupil to/from school,Approaching junction or waiting/parked at junction approach,VAUXHALL,AGILA EXPRESSION TWINPORT,Petrol,Female,Skidded,No tow/articulation,Did not leave carriageway,0,Going ahead other,2,Car,No,Front,2010
2010550D38197,C,12,C,110,Slight,None,01-09-2010,Wednesday,1,Give way or uncontrolled,T or staggered junction,50.801404,Daylight,368170,100310,-2.453074,E01020509,1,3,0,0,Dry,Single carriageway,None,60,13:00:00,Rural,Fine no high winds,No,16 - 20,4,Rural,9,998,None,None,Commuting to/from work,Approaching junction or waiting/parked at junction approach,PEUGEOT,107 URBAN,Petrol,Female,None,No tow/articulation,Offside,0,Going ahead other,2,Car,No,Front,2010
201001GD10007,B,113,C,0,Slight,None,13-01-2010,Wednesday,1,Auto traffic signal,Crossroads,51.54486,Daylight,535590,184700,-0.046033,E01001844,1,1,0,5,Wet or damp,Single carriageway,None,30,15:06:00,Urban,Fine no high winds,No,16 - 20,4,Urban area,2,1242,Kerb,Lamp post,Other/Not known (2005-10),Mid Junction - on roundabout or on main road,FIAT,PUNTO ACTIVE 8V,Petrol,Female,None,No tow/articulation,Nearside,0,Moving off,1,Car,No,Front,2010
201001JC30079,A,11,Unclassified,0,Slight,None,06-02-2010,Saturday,2,Give way or uncontrolled,T or staggered junction,51.569059,Daylight,539540,187500,0.012003,E01004438,1,2,0,0,Dry,Single carriageway,None,30,16:45:00,Urban,Fine no high winds,No,16 - 20,4,Urban area,1,1364,None,None,Other/Not known (2005-10),Approaching junction or waiting/parked at junction approach,VAUXHALL,ASTRA CLUB TWINPORT,Petrol,Female,None,No tow/articulation,Did not leave carriageway,0,Waiting to go - held up,2,Car,No,Front,2010
201001JC30203,A,106,A,106,Slight,None,23-04-2010,Friday,1,Give way or uncontrolled,T or staggered junction,51.566419,Daylight,538950,187190,0.003373,E01004440,1,1,0,1,Dry,Single carriageway,None,30,14:25:00,Urban,Fine no high winds,No,16 - 20,4,Urban area,5,1299,None,None,Other/Not known (2005-10),Cleared junction or waiting/parked at junction exit,FORD,KA,Petrol,Female,None,No tow/articulation,Did not leave carriageway,0,Going ahead other,1,Car,No,Front,2010
201001KG70244,C,0,Unclassified,0,Slight,None,18-06-2010,Friday,2,Give way or uncontrolled,T or staggered junction,51.559145,Daylight,548800,186660,0.145162,E01000101,1,2,0,0,Dry,Single carriageway,None,30,15:00:00,Urban,Fine no high winds,No,16 - 20,4,Data missing or out of range,NA,1086,None,None,Other/Not known (2005-10),Mid Junction - on roundabout or on main road,HYUNDAI,GETZ ATLANTIC,Petrol,Female,None,No tow/articulation,Did not leave carriageway,0,Going ahead right-hand bend,1,Car,No,Front,2010
201001MM70738,A,2216,NA,0,Slight,None,07-09-2010,Tuesday,1,Data missing or out of range,Not at junction or within 20 metres,51.443975,Daylight,534320,173440,-0.06862,E01003949,1,2,0,0,Dry,Single carriageway,None,30,15:05:00,Urban,Fine no high winds,No,16 - 20,4,Urban area,2,1149,None,None,Other/Not known (2005-10),Not at or within 20 metres of junction,RENAULT,CLIO CAMPUS SPORT,Petrol,Female,None,No tow/articulation,Did not leave carriageway,2,Changing lane to left,1,Car,No,Nearside,2010
201001RY10361,B,2210,Unclassified,0,Slight,None,04-09-2010,Saturday,1,Give way or uncontrolled,Other junction,51.442529,Daylight,549090,173690,0.143864,E01000449,1,2,0,0,Dry,Single carriageway,None,30,11:30:00,Urban,Fine no high winds,No,16 - 20,4,Urban area,4,1198,None,None,Other/Not known (2005-10),Leaving main road,VOLKSWAGEN,POLO E 64,Petrol,Female,None,No tow/articulation,Did not leave carriageway,0,Turning right,1,Car,No,Nearside,2010
201001SX20134,Unclassified,0,Unclassified,0,Slight,None,08-02-2010,Monday,1,Give way or uncontrolled,T or staggered junction,51.641541,Daylight,526370,195220,-0.175137,E01000267,1,3,0,0,Dry,Single carriageway,None,30,08:40:00,Urban,Fine no high winds,No,16 - 20,4,Urban area,7,1598,None,None,Commuting to/from work,Mid Junction - on roundabout or on main road,VAUXHALL,ASTRA CLUB TWINPORT S-A,Petrol,Female,None,No tow/articulation,Did not leave carriageway,0,Parked,1,Car,No,Front,2010
201001SX20264,A,504,Unclassified,0,Slight,None,16-03-2010,Tuesday,1,Auto traffic signal,T or staggered junction,51.591972,Daylight,526200,189700,-0.179578,E01000210,1,1,0,5,Dry,Single carriageway,None,30,08:30:00,Urban,Fine no high winds,No,16 - 20,4,Urban area,4,1198,None,None,Taking pupil to/from school,Mid Junction - on roundabout or on main road,VOLKSWAGEN,POLO S 55,Petrol,Female,None,No tow/articulation,Did not leave carriageway,0,Moving off,1,Car,No,Front,2010
201001SX20353,A,111,C,0,Slight,None,04-04-2010,Sunday,1,Auto traffic signal,T or staggered junction,51.636557,Daylight,528930,194730,-0.138341,E01001421,1,1,0,4,Dry,Single carriageway,None,30,10:01:00,Urban,Fine no high winds,No,16 - 20,4,Urban area,5,1339,None,Tree,Other/Not known (2005-10),Cleared junction or waiting/parked at junction exit,HONDA,JAZZ SPORT,Petrol,Female,None,No tow/articulation,Nearside,0,Going ahead other,1,Car,No,Front,2010
201001SX20948,Unclassified,0,A,41,Slight,None,03-09-2010,Friday,1,Give way or uncontrolled,Crossroads,51.621945,Daylight,519810,192880,-0.270693,E01000186,1,1,0,0,Dry,Dual carriageway,None,50,11:45:00,Urban,Fine no high winds,No,16 - 20,4,Urban area,8,1299,None,None,Other/Not known (2005-10),Mid Junction - on roundabout or on main road,FORD,KA STUDIO,Petrol,Female,None,No tow/articulation,Did not leave carriageway,0,Turning left,1,Car,No,Front,2010
201001SX21074,A,1000,Unclassified,0,Slight,None,10-10-2010,Sunday,1,Give way or uncontrolled,T or staggered junction,51.653457,Daylight,524520,196500,-0.201403,E01000250,2,3,0,0,Dry,Single carriageway,None,30,15:38:00,Urban,Fine no high winds,No,16 - 20,4,Urban area,5,1242,None,None,Other/Not known (2005-10),Cleared junction or waiting/parked at junction exit,FIAT,PUNTO ACTIVE 8V,Petrol,Female,None,No tow/articulation,Did not leave carriageway,0,Going ahead left-hand bend,1,Car,No,Offside,2010
201001VW40400,A,237,C,0,Slight,None,15-11-2010,Monday,1,Give way or uncontrolled,T or staggered junction,51.388947,Daylight,528230,167160,-0.158471,E01003375,2,2,0,0,Dry,Dual carriageway,None,30,14:30:00,Urban,Fine no high winds,No,16 - 20,4,Urban area,4,1149,None,None,Other/Not known (2005-10),Mid Junction - on roundabout or on main road,RENAULT,CLIO CAMPUS,Petrol,Female,None,No tow/articulation,Did not leave carriageway,0,Going ahead other,2,Car,No,Front,2010
201001WW50684,A,3,NA,0,Slight,None,15-09-2010,Wednesday,1,Data missing or out of range,Not at junction or within 20 metres,51.442891,Daylight,522440,173020,-0.23962,E01004573,1,2,0,7,Dry,Dual carriageway,None,30,17:04:00,Urban,Fine no high winds,No,16 - 20,4,Data missing or out of range,NA,1299,None,None,Other/Not known (2005-10),Not at or within 20 metres of junction,FORD,KA COLLECTION,Petrol,Female,None,No tow/articulation,Did not leave carriageway,0,Waiting to go - held up,1,Car,No,Back,2010
201001XD80686,B,452,NA,0,Slight,None,20-09-2010,Monday,1,Data missing or out of range,Not at junction or within 20 metres,51.496849,Daylight,517190,178900,-0.313178,E01001302,2,2,0,1,Dry,Single carriageway,None,30,14:44:00,Urban,Fine no high winds,No,16 - 20,4,Urban area,6,1400,None,None,Other/Not known (2005-10),Not at or within 20 metres of junction,VOLKSWAGEN,POLO S TDI 70,Heavy oil,Female,None,No tow/articulation,Did not leave carriageway,0,Slowing or stopping,2,Car,No,Back,2010
201001XD89161,C,0,Unclassified,0,Slight,None,01-11-2010,Monday,2,Give way or uncontrolled,Crossroads,51.514635,Daylight,512820,180780,-0.375503,E01001213,1,2,0,0,Dry,Single carriageway,None,30,10:15:00,Urban,Fine no high winds,No,16 - 20,4,Urban area,4,1598,None,None,Other/Not known (2005-10),Mid Junction - on roundabout or on main road,VAUXHALL,ASTRA LIFE TWINPORT S-A,Petrol,Female,None,No tow/articulation,Did not leave carriageway,0,Going ahead other,1,Car,No,Nearside,2010
201001XH30174,A,4125,A,404,Slight,None,14-03-2010,Sunday,1,Give way or uncontrolled,T or staggered junction,51.604683,Daylight,509690,190730,-0.417491,E01002485,1,1,0,1,Dry,Single carriageway,None,30,17:45:00,Urban,Fine no high winds,No,16 - 20,4,Data missing or out of range,NA,1753,None,None,Other/Not known (2005-10),Approaching junction or waiting/parked at junction approach,FORD,GALAXY ZETEC TDCI 6G,Heavy oil,Female,None,No tow/articulation,Did not leave carriageway,0,Going ahead other,1,Car,No,Front,2010
201001YR90779,A,10,NA,0,Slight,None,03-11-2010,Wednesday,1,Data missing or out of range,Not at junction or within 20 metres,51.585662,Daylight,533690,189190,-0.07171,E01002066,3,2,0,4,Dry,Dual carriageway,None,30,10:40:00,Urban,Fine no high winds,No,16 - 20,4,Urban area,4,998,None,None,Journey as part of work,Not at or within 20 metres of junction,PEUGEOT,107 URBAN SEMI-AUTO,Petrol,Female,None,No tow/articulation,Did not leave carriageway,0,Changing lane to left,2,Car,No,Nearside,2010
201004BC10132,B,5268,B,5268,Slight,None,24-06-2010,Thursday,1,Give way or uncontrolled,T or staggered junction,53.842594,Daylight,333380,438960,-3.014008,E01025599,1,2,0,0,Dry,Single carriageway,None,30,20:07:00,Urban,Fine no high winds,No,16 - 20,4,Urban area,1,124,None,None,Other/Not known (2005-10),Cleared junction or waiting/parked at junction exit,HONDA,CG 125-4,Petrol,Female,None,No tow/articulation,Did not leave carriageway,0,Turning left,2,Motorcycle 125cc and under,No,Offside,2010
201004CC10045,A,6,B,6229,Slight,None,04-06-2010,Friday,1,Give way or uncontrolled,T or staggered junction,53.676306,Daylight,358140,420170,-2.635173,E01024950,1,2,0,0,Dry,Single carriageway,None,40,08:05:00,Urban,Fine no high winds,No,16 - 20,4,Urban area,2,1124,None,None,Other/Not known (2005-10),Approaching junction or waiting/parked at junction approach,CITROEN,C2 DESIGN,Petrol,Female,None,No tow/articulation,Did not leave carriageway,0,Going ahead other,2,Car,No,Front,2010
201004CK10198,Unclassified,0,NA,0,Slight,None,04-11-2010,Thursday,1,Data missing or out of range,Not at junction or within 20 metres,53.756119,Daylight,353910,429090,-2.700535,E01025306,1,2,0,0,Dry,Single carriageway,None,30,12:30:00,Urban,Fine no high winds,No,16 - 20,4,Urban area,8,1360,None,None,Taking pupil to/from school,Not at or within 20 metres of junction,PEUGEOT,207 S,Petrol,Female,None,No tow/articulation,Did not leave carriageway,0,Going ahead other,2,Car,No,Back,2010
201004EA10048,Unclassified,0,NA,0,Slight,None,04-03-2010,Thursday,1,Data missing or out of range,Not at junction or within 20 metres,53.735537,Daylight,364190,426710,-2.544349,E01012611,1,3,0,0,Dry,Single carriageway,None,50,08:25:00,Rural,Fine no high winds,No,16 - 20,4,Data missing or out of range,NA,1328,None,None,Other/Not known (2005-10),Not at or within 20 metres of junction,SUZUKI,SWIFT GL,Petrol,Female,None,No tow/articulation,Did not leave carriageway,0,Going ahead other,3,Car,No,Front,2010
201004EA10060,Unclassified,0,Unclassified,0,Slight,None,11-03-2010,Thursday,1,Give way or uncontrolled,Other junction,53.779415,Daylight,368630,431560,-2.477537,E01012636,2,2,0,0,Dry,Single carriageway,None,30,17:35:00,Urban,Fine no high winds,No,16 - 20,4,Urban area,9,1388,None,None,Other/Not known (2005-10),Approaching junction or waiting/parked at junction approach,FORD,FIESTA STYLE CLIMATE,Petrol,Female,None,No tow/articulation,Did not leave carriageway,0,Waiting to go - held up,2,Car,No,Back,2010
201004EL10109,Unclassified,0,Unclassified,0,Slight,None,13-09-2010,Monday,1,Give way or uncontrolled,Crossroads,53.75406,Daylight,375090,428700,-2.379275,E01025043,4,2,0,0,Dry,Single carriageway,None,30,19:05:00,Urban,Fine no high winds,No,16 - 20,4,Urban area,1,998,None,None,Other/Not known (2005-10),Entering main road,VAUXHALL,CORSA LIFE TWINPORT,Petrol,Female,None,No tow/articulation,Did not leave carriageway,0,Moving off,2,Car,No,Front,2010
201004EN10031,B,6246,Unclassified,0,Slight,None,07-03-2010,Sunday,1,Give way or uncontrolled,T or staggered junction,53.826917,Daylight,372600,436820,-2.417762,E01025351,2,4,0,0,Dry,Single carriageway,None,30,12:08:00,Rural,Fine no high winds,No,16 - 20,4,Rural,7,1339,None,None,Other/Not known (2005-10),Approaching junction or waiting/parked at junction approach,HONDA,JAZZ SE,Petrol,Female,None,No tow/articulation,Did not leave carriageway,0,Going ahead other,1,Car,No,Front,2010
201004FE10040,A,56,Unclassified,0,Slight,None,17-06-2010,Thursday,1,Give way or uncontrolled,Crossroads,53.854832,Daylight,388230,439860,-2.180422,E01025226,3,2,0,4,Dry,Single carriageway,None,30,17:00:00,Urban,Fine no high winds,No,16 - 20,4,Rural,9,1299,None,None,Other/Not known (2005-10),Entering main road,FORD,KA STYLE,Petrol,Female,None,No tow/articulation,Did not leave carriageway,0,Turning right,1,Car,No,Front,2010
201005AA01287,B,5145,Unclassified,0,Slight,None,20-01-2010,Wednesday,2,Give way or uncontrolled,T or staggered junction,53.41216,Daylight,330930,391100,-3.040601,E01007271,1,2,0,0,Dry,Single carriageway,None,30,08:30:00,Urban,Fine no high winds,No,16 - 20,4,Urban area,4,1198,None,None,Other/Not known (2005-10),Approaching junction or waiting/parked at junction approach,VOLKSWAGEN,POLO S 55,Petrol,Female,None,No tow/articulation,Did not leave carriageway,0,Waiting to go - held up,1,Car,No,Offside,2010
201005BB04084,A,565,Unclassified,0,Slight,None,02-07-2010,Friday,1,Give way or uncontrolled,T or staggered junction,53.494452,Daylight,332770,400230,-3.014878,E01007023,3,5,0,0,Dry,Single carriageway,None,30,08:30:00,Urban,Fine no high winds,No,16 - 20,4,Urban area,10,998,None,None,Other/Not known (2005-10),Approaching junction or waiting/parked at junction approach,VAUXHALL,CORSA LIFE A/C,Petrol,Female,None,No tow/articulation,Did not leave carriageway,0,Slowing or stopping,1,Car,No,Front,2010
201005CC04059,Motorway,62,NA,0,Slight,None,30-06-2010,Wednesday,1,Data missing or out of range,Not at junction or within 20 metres,53.408199,Daylight,342060,390510,-2.873069,E01006472,1,2,0,0,Dry,Dual carriageway,Roadworks,70,19:15:00,Urban,Fine no high winds,No,16 - 20,4,Urban area,7,1198,None,Central crash barrier,Other/Not known (2005-10),Not at or within 20 metres of junction,VOLKSWAGEN,POLO SE 64,Petrol,Female,Skidded,No tow/articulation,Offside on to centrl res + rebounded,0,Going ahead other,2,Car,No,Front,2010
201005FF03143,Unclassified,0,Unclassified,0,Slight,None,12-04-2010,Monday,1,Give way or uncontrolled,T or staggered junction,53.379664,Daylight,339270,387370,-2.914429,E01006689,1,2,0,0,Dry,Single carriageway,None,30,12:00:00,Urban,Fine no high winds,No,16 - 20,4,Urban area,6,998,None,None,Other/Not known (2005-10),Entering main road,PEUGEOT,107 URBAN,Petrol,Female,None,No tow/articulation,Did not leave carriageway,0,Moving off,1,Car,No,Front,2010
201005FF03667,A,5089,B,5175,Slight,None,28-05-2010,Friday,1,Auto traffic signal,Crossroads,53.389188,Daylight,336950,388460,-2.949518,E01006549,2,2,0,0,Dry,Single carriageway,None,30,19:30:00,Urban,Fine no high winds,No,16 - 20,4,Urban area,9,1364,None,None,Other/Not known (2005-10),Mid Junction - on roundabout or on main road,MINI,MINI ONE D E4,Heavy oil,Female,None,No tow/articulation,Did not leave carriageway,0,Turning right,1,Car,No,Nearside,2010