Accident_Index,1st_Road_Class,1st_Road_Number,2nd_Road_Class,2nd_Road_Number,Accident_Severity,Carriageway_Hazards,Date,Day_of_Week,Did_Police_Officer_Attend_Scene_of_Accident,Junction_Control,Junction_Detail,Latitude,Light_Conditions,Location_Easting_OSGR,Location_Northing_OSGR,Longitude,LSOA_of_Accident_Location,Number_of_Casualties,Number_of_Vehicles,Pedestrian_Crossing-Human_Control,Pedestrian_Crossing-Physical_Facilities,Road_Surface_Conditions,Road_Type,Special_Conditions_at_Site,Speed_limit,Time,Urban_or_Rural_Area,Weather_Conditions,InScotland,Age_Band_of_Driver,Age_of_Vehicle,Driver_Home_Area_Type,Driver_IMD_Decile,Engine_Capacity_.CC.,Hit_Object_in_Carriageway,Hit_Object_off_Carriageway,Journey_Purpose_of_Driver,Junction_Location,make,model,Propulsion_Code,Sex_of_Driver,Skidding_and_Overturning,Towing_and_Articulation,Vehicle_Leaving_Carriageway,Vehicle_Location.Restricted_Lane,Vehicle_Manoeuvre,Vehicle_Reference,Vehicle_Type,Was_Vehicle_Left_Hand_Drive,X1st_Point_of_Impact,Year
201005FF05032,Unclassified,0,Unclassified,0,Slight,None,30-08-2010,Monday,1,Give way or uncontrolled,T or staggered junction,53.380714,Daylight,337490,387510,-2.941212,E01006521,2,2,0,0,Dry,Single carriageway,None,30,12:30:00,Urban,Fine no high winds,No,16 - 20,4,Urban area,1,1198,None,None,Other/Not known (2005-10),Mid Junction - on roundabout or on main road,VOLKSWAGEN,POLO E 55,Petrol,Female,None,No tow/articulation,Did not leave carriageway,0,Turning right,2,Car,No,Offside,2010
201006F040424,A,6,A,34,Slight,None,15-12-2010,Wednesday,1,Auto traffic signal,Crossroads,53.483477,Daylight,383150,398560,-2.255396,E01005607,1,2,0,0,Dry,Single carriageway,None,30,13:50:00,Urban,Fine no high winds,No,16 - 20,4,Urban area,5,1198,None,None,Commuting to/from work,Approaching junction or waiting/parked at junction approach,VOLKSWAGEN,POLO E 55,Petrol,Female,None,No tow/articulation,Did not leave carriageway,0,Going ahead other,1,Car,No,Back,2010
201006F040579,A,576,Unclassified,0,Slight,None,23-12-2010,Thursday,1,Give way or uncontrolled,Crossroads,53.489058,Daylight,378480,399200,-2.325814,E01005719,1,3,0,0,Frost or ice,Single carriageway,None,30,14:10:00,Urban,Fine no high winds,No,16 - 20,4,Urban area,4,998,None,None,Other/Not known (2005-10),Entering main road,VAUXHALL,CORSA ACTIVE 12V,Petrol,Female,None,No tow/articulation,Did not leave carriageway,2,Waiting to turn right,2,Car,No,Offside,2010
201006J033530,C,0,Unclassified,0,Slight,None,30-06-2010,Wednesday,1,Give way or uncontrolled,Crossroads,53.390515,Daylight,389230,388200,-2.163416,E01005800,1,1,0,0,Dry,Single carriageway,None,30,20:48:00,Urban,Fine no high winds,No,16 - 20,4,Urban area,10,1149,None,None,Other/Not known (2005-10),Entering main road,RENAULT,CLIO EXTREME,Petrol,Female,None,No tow/articulation,Did not leave carriageway,0,Going ahead other,1,Car,No,Nearside,2010
201006M032953,A,576,A,576,Slight,None,01-06-2010,Tuesday,1,Give way or uncontrolled,Roundabout,53.475223,Daylight,378650,397660,-2.323147,E01006121,1,2,0,0,Dry,Roundabout,None,40,12:00:00,Urban,Fine no high winds,No,16 - 20,4,Data missing or out of range,NA,1124,None,None,Journey as part of work,Mid Junction - on roundabout or on main road,CITROEN,C2 DESIGN,Petrol,Female,None,No tow/articulation,Did not leave carriageway,0,Going ahead other,2,Car,No,Back,2010
201006M037389,A,5014,C,0,Slight,None,10-10-2010,Sunday,1,Auto traffic signal,Crossroads,53.456248,Daylight,380750,395540,-2.291376,E01006186,3,2,0,5,Dry,Single carriageway,None,30,18:25:00,Urban,Fine no high winds,No,16 - 20,4,Urban area,5,1968,None,None,Other/Not known (2005-10),Mid Junction - on roundabout or on main road,AUDI,A3 SE TDI,Heavy oil,Female,None,No tow/articulation,Did not leave carriageway,0,Going ahead other,2,Car,No,Front,2010
201011NG18900,Unclassified,0,NA,0,Slight,None,06-08-2010,Friday,2,Data missing or out of range,Not at junction or within 20 metres,54.820195,Daylight,423600,547320,-1.634233,E01020619,1,1,0,0,Dry,Single carriageway,None,30,05:16:00,Rural,Fine no high winds,No,16 - 20,4,Rural,4,1398,None,None,Other/Not known (2005-10),Not at or within 20 metres of junction,PEUGEOT,206 VERVE HDI,Heavy oil,Female,None,No tow/articulation,Did not leave carriageway,0,Moving off,1,Car,No,Nearside,2010
201014A063010,B,6094,Unclassified,0,Slight,None,23-04-2010,Friday,1,Give way or uncontrolled,T or staggered junction,53.477001,Daylight,451650,398090,-1.223241,E01007537,1,3,0,0,Dry,Single carriageway,None,30,15:00:00,Rural,Fine no high winds,No,16 - 20,4,Rural,5,1398,None,None,Commuting to/from work,Approaching junction or waiting/parked at junction approach,CITROEN,C2 DESIGN HDI,Heavy oil,Female,None,No tow/articulation,Did not leave carriageway,0,Waiting to go - held up,1,Car,No,Back,2010
201014A069110,Unclassified,0,Unclassified,0,Slight,None,06-05-2010,Thursday,1,Give way or uncontrolled,Private drive or entrance,53.525397,Daylight,457320,403540,-1.136825,E01007655,1,2,0,1,Dry,Single carriageway,None,30,18:30:00,Urban,Fine no high winds,No,16 - 20,4,Urban area,7,1560,None,None,Other/Not known (2005-10),Entering main road,PEUGEOT,307 S HDI,Heavy oil,Female,None,No tow/articulation,Did not leave carriageway,0,Turning left,1,Car,No,Front,2010
201014A118310,Unclassified,0,Unclassified,0,Slight,None,29-07-2010,Thursday,2,Give way or uncontrolled,Crossroads,53.554543,Daylight,457080,406780,-1.139855,E01007506,1,2,0,0,Dry,Single carriageway,None,20,13:50:00,Rural,Fine no high winds,No,16 - 20,4,Urban area,4,1388,None,None,Other/Not known (2005-10),Mid Junction - on roundabout or on main road,FORD,FIESTA STYLE CLIMATE,Petrol,Female,None,No tow/articulation,Did not leave carriageway,0,Going ahead other,1,Car,No,Offside,2010
201014A201610,C,770,Unclassified,0,Slight,None,15-12-2010,Wednesday,2,Authorised person,Roundabout,53.522999,Daylight,457880,403280,-1.128426,E01007645,2,2,0,0,Dry,Roundabout,None,40,19:30:00,Urban,Fine no high winds,No,16 - 20,4,Small town,3,1364,None,None,Other/Not known (2005-10),Leaving roundabout,VAUXHALL,ASTRA CLUB TWINPORT,Petrol,Female,None,No tow/articulation,Did not leave carriageway,0,Going ahead other,1,Car,No,Nearside,2010
201014B047110,B,6273,Unclassified,0,Slight,None,01-05-2010,Saturday,1,Give way or uncontrolled,Other junction,53.555348,Daylight,442940,406720,-1.353288,E01007354,4,3,0,0,Dry,Single carriageway,None,30,12:33:00,Rural,Fine no high winds,No,16 - 20,4,Small town,5,1998,None,None,Other/Not known (2005-10),Approaching junction or waiting/parked at junction approach,RENAULT,CLIO RENAULTSPORT 197,Petrol,Female,None,No tow/articulation,Did not leave carriageway,0,Waiting to go - held up,2,Car,No,Did not impact,2010
2010160B02151,A,18,Unclassified,0,Slight,None,15-06-2010,Tuesday,1,Give way or uncontrolled,Private drive or entrance,53.549888,Daylight,499260,406960,-0.503279,E01013325,1,3,0,0,Dry,Single carriageway,None,30,15:35:00,Rural,Fine no high winds,No,16 - 20,4,Rural,8,1399,None,None,Taking pupil to/from school,Approaching junction or waiting/parked at junction approach,KIA,RIO GS,Petrol,Female,None,No tow/articulation,Did not leave carriageway,0,Going ahead other,1,Car,No,Front,2010
2010160C05141,A,614,NA,0,Slight,None,19-08-2010,Thursday,1,Data missing or out of range,Not at junction or within 20 metres,53.672837,Daylight,466790,420070,-0.99046,E01013073,3,1,0,0,Dry,Single carriageway,None,60,17:23:00,Rural,Fine no high winds,No,16 - 20,4,Rural,5,1248,None,Tree,Other/Not known (2005-10),Not at or within 20 metres of junction,VAUXHALL,CORSA DESIGN CDTI,Heavy oil,Female,Skidded,No tow/articulation,Nearside,0,Going ahead left-hand bend,1,Car,No,Front,2010
2010160D07271,Unclassified,0,Unclassified,0,Slight,None,26-11-2010,Friday,1,Give way or uncontrolled,T or staggered junction,53.768198,Daylight,512680,431560,-0.2919,E01012816,1,4,0,0,Dry,Single carriageway,None,30,10:15:00,Urban,Fine no high winds,No,16 - 20,4,Urban area,4,1229,None,None,Journey as part of work,Entering main road,VAUXHALL,CORSA SXI A/C,Petrol,Female,None,No tow/articulation,Did not leave carriageway,0,Moving off,1,Car,No,Front,2010
2010170M13160,A,66,A,178,Slight,None,17-12-2010,Friday,1,Give way or uncontrolled,Slip road,54.576496,Daylight,448600,520400,-1.249662,E01012070,2,2,0,0,Frost or ice,Dual carriageway,None,50,15:56:00,Urban,Fine no high winds,No,16 - 20,4,Urban area,3,1364,None,None,Other/Not known (2005-10),Approaching junction or waiting/parked at junction approach,VAUXHALL,ASTRA SXI,Petrol,Female,None,No tow/articulation,Did not leave carriageway,0,Slowing or stopping,1,Car,No,Back,2010
201020G010310,A,454,Unclassified,0,Slight,None,19-11-2010,Friday,1,Auto traffic signal,Crossroads,52.58362,Daylight,394310,298430,-2.085422,E01010446,1,2,0,0,Dry,Dual carriageway,None,40,16:05:00,Urban,Fine no high winds,No,16 - 20,4,Urban area,4,1796,None,None,Other/Not known (2005-10),Mid Junction - on roundabout or on main road,VAUXHALL,TIGRA EXCLUSIV,Petrol,Female,None,No tow/articulation,Did not leave carriageway,0,Turning right,1,Car,No,Front,2010
201020J008150,Unclassified,0,Unclassified,0,Slight,None,02-09-2010,Thursday,2,Give way or uncontrolled,Crossroads,52.467029,Daylight,389100,285470,-2.161888,E01009910,1,2,0,0,Dry,Single carriageway,None,30,16:15:00,Urban,Fine no high winds,No,16 - 20,4,Urban area,6,1240,None,None,Other/Not known (2005-10),Mid Junction - on roundabout or on main road,NISSAN,MICRA INITIA,Petrol,Female,None,No tow/articulation,Did not leave carriageway,0,Going ahead other,2,Car,No,Front,2010
201020K006580,A,4030,B,4182,Slight,None,11-06-2010,Friday,1,Auto traffic signal,Crossroads,52.476845,Daylight,402140,286550,-1.969932,E01009927,1,2,0,0,Dry,Single carriageway,None,30,14:24:00,Urban,Fine no high winds,No,16 - 20,4,Urban area,4,1086,None,None,Other/Not known (2005-10),Leaving main road,HYUNDAI,GETZ GSI,Petrol,Female,None,No tow/articulation,Did not leave carriageway,0,Turning right,1,Car,No,Front,2010
201020K007390,A,4123,Unclassified,0,Slight,None,26-06-2010,Saturday,1,Auto traffic signal,T or staggered junction,52.507678,Daylight,397400,289980,-2.039748,E01010082,3,3,0,0,Dry,Dual carriageway,None,40,13:25:00,Urban,Fine no high winds,No,16 - 20,4,Urban area,NA,1968,None,None,Other/Not known (2005-10),Approaching junction or waiting/parked at junction approach,VOLKSWAGEN,PASSAT SE TDI 140,Heavy oil,Female,None,No tow/articulation,Did not leave carriageway,0,Going ahead other,1,Car,No,Front,2010
201020L008870,Unclassified,0,NA,0,Slight,None,02-09-2010,Thursday,2,Data missing or out of range,Not at junction or within 20 metres,52.392898,Daylight,413410,277230,-1.804371,E01010214,1,1,0,0,Dry,Single carriageway,None,30,17:40:00,Urban,Fine no high winds,No,16 - 20,4,Urban area,10,1398,None,None,Other/Not known (2005-10),Not at or within 20 metres of junction,CITROEN,C1 RHYTHM HDI,Heavy oil,Female,None,No tow/articulation,Did not leave carriageway,0,Going ahead other,1,Car,No,Front,2010
201020M002640,Unclassified,0,Unclassified,0,Slight,None,17-05-2010,Monday,1,Auto traffic signal,Crossroads,52.442657,Daylight,433460,282860,-1.509175,E01009597,1,2,0,0,Dry,Single carriageway,None,30,17:22:00,Urban,Fine no high winds,No,16 - 20,4,Urban area,4,125,None,None,Other/Not known (2005-10),Mid Junction - on roundabout or on main road,HONDA,CBR 125 RS-6,Petrol,Female,None,No tow/articulation,Did not leave carriageway,0,Slowing or stopping,2,Motorcycle over 125cc and up to 500cc,No,Front,2010
201020N026890,A,38,Unclassified,0,Slight,None,10-04-2010,Saturday,1,Give way or uncontrolled,T or staggered junction,52.509281,Daylight,411160,290170,-1.837007,E01009400,1,2,0,0,Dry,Dual carriageway,None,40,17:10:00,Urban,Fine no high winds,No,16 - 20,4,Urban area,1,1229,None,None,Other/Not known (2005-10),Mid Junction - on roundabout or on main road,VAUXHALL,CORSA SXI+,Petrol,Female,None,No tow/articulation,Did not leave carriageway,0,U-turn,1,Car,No,Offside,2010
201020W049290,B,4100,A,4540,Slight,None,23-11-2010,Tuesday,1,Give way or uncontrolled,Roundabout,52.468876,Daylight,408320,285670,-1.878963,E01009365,1,2,0,4,Dry,Roundabout,None,30,13:45:00,Urban,Fine no high winds,No,16 - 20,4,Urban area,7,1461,None,None,Other/Not known (2005-10),Leaving roundabout,RENAULT,CLIO DYNAMIQUE S DCI 86,Heavy oil,Female,None,No tow/articulation,Did not leave carriageway,0,Waiting to go - held up,2,Car,No,Back,2010
201022C001253,A,449,A,4440,Slight,None,08-03-2010,Monday,2,Auto traffic signal,Roundabout,52.16841,Daylight,383550,252270,-2.241951,E01032207,1,2,0,0,Dry,Roundabout,None,30,16:30:00,Rural,Fine no high winds,No,16 - 20,4,Urban area,9,1198,None,None,Other/Not known (2005-10),Approaching junction or waiting/parked at junction approach,VOLKSWAGEN,URBAN FOX 55,Petrol,Female,None,No tow/articulation,Did not leave carriageway,0,Waiting to go - held up,2,Car,No,Back,2010
201022E005104,A,44,NA,0,Slight,None,06-09-2010,Monday,1,Data missing or out of range,Not at junction or within 20 metres,52.18659,Daylight,364820,254390,-2.51602,E01014002,1,2,0,0,Dry,Single carriageway,None,30,08:50:00,Rural,Fine no high winds,No,16 - 20,4,Rural,6,998,None,None,Journey as part of work,Not at or within 20 metres of junction,VAUXHALL,AGILA EXPRESSION TWINPORT,Petrol,Female,None,No tow/articulation,Did not leave carriageway,0,Going ahead other,1,Car,No,Front,2010
201022G001926,Motorway,54,NA,0,Slight,None,11-03-2010,Thursday,2,Data missing or out of range,Not at junction or within 20 metres,52.65115,Daylight,382530,305970,-2.259684,E01028845,1,3,0,0,Dry,Dual carriageway,None,70,08:30:00,Rural,Fine no high winds,No,16 - 20,4,Urban area,3,1149,None,None,Other/Not known (2005-10),Not at or within 20 metres of junction,RENAULT,CLIO CAMPUS SPORT 16V,Petrol,Female,None,No tow/articulation,Did not leave carriageway,0,Going ahead other,1,Car,No,Front,2010
201022G004766,A,5,Unclassified,0,Slight,None,14-09-2010,Tuesday,2,Give way or uncontrolled,Roundabout,52.681421,Daylight,369760,309400,-2.448759,E01014157,2,2,0,0,Dry,Roundabout,None,30,16:42:00,Rural,Fine no high winds,No,16 - 20,4,Rural,8,1299,None,None,Commuting to/from work,Entering roundabout,FORD,KA DESIGN,Petrol,Female,None,No tow/articulation,Did not leave carriageway,0,Moving off,1,Car,No,Front,2010
201030D000253,C,10,C,9,Slight,None,10-03-2010,Wednesday,1,Give way or uncontrolled,T or staggered junction,52.948349,Daylight,439580,339160,-1.412386,E01013578,2,2,0,0,Dry,Single carriageway,None,40,17:09:00,Rural,Fine no high winds,No,16 - 20,4,Urban area,1,1596,None,None,Other/Not known (2005-10),Mid Junction - on roundabout or on main road,FORD,FOCUS ZETEC CLIMATE 116,Petrol,Female,None,No tow/articulation,Did not leave carriageway,0,Going ahead other,1,Car,No,Nearside,2010
20103102B1617,Unclassified,0,Unclassified,0,Slight,None,31-05-2010,Monday,1,Give way or uncontrolled,T or staggered junction,53.296429,Daylight,459420,378090,-1.109939,E01028067,1,2,0,0,Dry,Single carriageway,None,30,20:16:00,Urban,Fine no high winds,No,16 - 20,4,Urban area,2,1910,None,None,Other/Not known (2005-10),Approaching junction or waiting/parked at junction approach,SAAB,9-3 VECTOR SPORT TID 8V,Heavy oil,Female,None,No tow/articulation,Did not leave carriageway,0,Slowing or stopping,2,Car,No,Front,2010
20103102D0678,A,52,B,6003,Slight,None,17-03-2010,Wednesday,1,Auto traffic signal,Roundabout,52.920293,Daylight,449490,336130,-1.265368,E01028131,4,4,0,0,Dry,Roundabout,None,40,15:52:00,Rural,Fine no high winds,No,16 - 20,4,Urban area,10,1242,None,None,Other/Not known (2005-10),Approaching junction or waiting/parked at junction approach,FORD,FIESTA STYLE CLIMATE,Petrol,Female,None,No tow/articulation,Did not leave carriageway,0,Slowing or stopping,2,Car,No,Offside,2010
20103102D1186,A,60,Unclassified,0,Slight,None,14-05-2010,Friday,1,Give way or uncontrolled,T or staggered junction,52.998635,Daylight,457960,344940,-1.137831,E01028167,1,2,0,0,Dry,Single carriageway,None,30,13:59:00,Urban,Fine no high winds,No,16 - 20,4,Urban area,3,1560,None,None,Other/Not known (2005-10),Mid Junction - on roundabout or on main road,PEUGEOT,307 S HDI,Heavy oil,Female,None,No tow/articulation,Did not leave carriageway,0,Going ahead other,2,Car,No,Front,2010
201034NK06000,Unclassified,3941,NA,0,Slight,None,01-02-2010,Monday,1,Data missing or out of range,Not at junction or within 20 metres,52.395067,Daylight,488650,278250,-0.698597,E01027097,2,2,0,0,Dry,Single carriageway,None,30,15:26:00,Urban,Fine no high winds,No,16 - 20,4,Urban area,4,1229,None,None,Taking pupil to/from school,Not at or within 20 metres of junction,VAUXHALL,CORSA DESIGN TWINPORT,Petrol,Female,None,No tow/articulation,Did not leave carriageway,0,Going ahead other,1,Car,No,Front,2010
20103102C2877,B,682,Unclassified,0,Slight,None,19-11-2010,Friday,1,Give way or uncontrolled,T or staggered junction,53.001214,Daylight,453910,345180,-1.198131,E01013885,4,4,0,0,Wet or damp,Single carriageway,None,30,11:49:00,Urban,Fog or mist,No,16 - 20,4,Small town,6,2402,None,None,Journey as part of work,Approaching junction or waiting/parked at junction approach,FORD,TRANSIT 100 T350L RWD,Heavy oil,Male,Skidded,No tow/articulation,Did not leave carriageway,0,Going ahead other,1,Van / Goods 3.5 tonnes mgw or under,No,Front,2010
20104100J0233,B,556,NA,0,Slight,None,04-05-2020,Friday,1,Not at junction or within 20 metres,Not at junction or within 20 metres,26.76882133,Daylight,522390,201250,94.20774333,E01023584,1,3,0,0,Wet or damp,Single carriageway,None,30,18:59:00,Rural,Other,No,16 - 20,4,Urban area,6,1388,None,Lamp post,Other/Not known (2005-10),Not at or within 20 metres of junction,FORD,FIESTA FREEDOM,Petrol,Male,Skidded,No tow/articulation,Nearside,0,Overtaking moving vehicle - offside,1,Car,No,Front,2019
201001QK50040,A,406,Unclassified,0,Slight,None,13-01-2010,Wednesday,1,Give way or uncontrolled,T or staggered junction,51.569905,Daylight,522340,187150,-0.23616,E01000499,1,3,0,0,Wet or damp,Dual carriageway,None,40,16:08:00,Urban,Other,No,16 - 20,4,Rural,5,1596,None,None,Other/Not known (2005-10),Approaching junction or waiting/parked at junction approach,BMW,116 I ES,Petrol,Male,None,No tow/articulation,Did not leave carriageway,0,Going ahead other,3,Car,No,Front,2010
20104100J0233,B,556,NA,0,Slight,None,30-04-2010,Friday,1,Not at junction or within 20 metres,Not at junction or within 20 metres,51.696613,Daylight,522390,201250,-0.230514,E01023584,1,3,0,0,Wet or damp,Single carriageway,None,30,18:59:00,Rural,Other,No,16 - 20,4,Urban area,6,1388,None,Lamp post,Other/Not known (2005-10),Not at or within 20 metres of junction,FORD,FIESTA FREEDOM,Petrol,Male,Skidded,No tow/articulation,Nearside,0,Overtaking moving vehicle - offside,1,Car,No,Front,2010
201001QK50040,A,406,Unclassified,0,Slight,None,13-01-2010,Wednesday,1,Give way or uncontrolled,T or staggered junction,51.569905,Daylight,522340,187150,-0.23616,E01000499,1,3,0,0,Wet or damp,Dual carriageway,None,40,16:08:00,Urban,Other,No,16 - 20,4,Rural,5,1596,None,None,Other/Not known (2005-10),Approaching junction or waiting/parked at junction approach,BMW,116 I ES,Petrol,Male,None,No tow/articulation,Did not leave carriageway,0,Going ahead other,3,Car,No,Front,2010
201014K288210,A,57,Unclassified,0,Slight,None,28-10-2010,Thursday,1,Give way or uncontrolled,More than 4 arms (not roundabout),53.376784,Daylight,432420,386770,-1.514134,E01007868,1,2,0,0,Dry,Single carriageway,Roadworks,30,12:25:00,Urban,Other,No,16 - 20,4,Urban area,10,1598,None,None,Other/Not known (2005-10),Approaching junction or waiting/parked at junction approach,RENAULT,,Petrol,Male,Skidded,No tow/articulation,Did not leave carriageway,0,Going ahead other,1,Car,No,Front,2010
201014K356410,A,6178,Unclassified,0,Slight,None,26-12-2010,Sunday,1,Auto traffic signal,T or staggered junction,53.402434,Daylight,438620,389670,-1.420587,E01007904,4,2,0,0,Wet or damp,Single carriageway,None,30,13:03:00,Urban,Other,No,16 - 20,4,Urban area,10,1124,None,None,Other/Not known (2005-10),Approaching junction or waiting/parked at junction approach,SMART,FORFOUR COOLSTYLE 75,Petrol,Male,None,No tow/articulation,Did not leave carriageway,0,Waiting to go - held up,1,Car,No,Back,2010
201020H011070,Unclassified,0,NA,0,Slight,None,08-12-2010,Wednesday,1,Data missing or out of range,Not at junction or within 20 metres,52.632913,Daylight,401660,303910,-1.976917,E01010347,1,2,0,0,Frost or ice,Single carriageway,None,30,15:30:00,Urban,Other,No,16 - 20,4,Urban area,4,1896,None,None,Other/Not known (2005-10),Not at or within 20 metres of junction,VOLKSWAGEN,PASSAT S TDI 105,Heavy oil,Female,None,No tow/articulation,Did not leave carriageway,0,Slowing or stopping,2,Car,No,Front,2010
201043W063090,A,4074,NA,0,Slight,None,01-08-2021,Saturday,1,Data missing or out of range,Not at junction or within 20 metres,27.09619992,Daylight,468470,179020,93.61871311,E01028659,2,1,0,0,Wet or damp,Single carriageway,None,50,10:12:00,Rural,Raining no high winds,No,16 - 20,4,Rural,8,1149,Kerb,None,Other/Not known (2005-10),Not at or within 20 metres of junction,RENAULT,CLIO CAMPUS SPORT,Petrol,Male,Skidded and overturned,No tow/articulation,Did not leave carriageway,0,Going ahead left-hand bend,1,Car,No,Nearside,2019
2010550C43149,A,35,Unclassified,0,Slight,None,07-12-2021,Friday,1,Give way or uncontrolled,T or staggered junction,27.08898277,Daylight,411880,92080,93.62019876,E01015273,1,2,0,0,Wet or damp,Single carriageway,None,30,15:30:00,Urban,Raining no high winds,No,16 - 20,4,Urban area,7,124,None,None,Other/Not known (2005-10),Mid Junction - on roundabout or on main road,HONDA,XR 125 L-4,Petrol,Male,None,No tow/articulation,Did not leave carriageway,0,Going ahead other,2,Motorcycle 125cc and under,No,Nearside,2019
201045GU49176,A,246,Unclassified,0,Slight,None,21-10-2020,Wednesday,1,Give way or uncontrolled,Other junction,26.74001639,Daylight,501190,149970,94.20493106,E01030437,1,2,0,0,Wet or damp,Single carriageway,None,30,15:50:00,Urban,Raining no high winds,No,16 - 20,4,Urban area,8,1995,None,None,Other/Not known (2005-10),Mid Junction - on roundabout or on main road,BMW,118D SPORT,Heavy oil,Male,None,No tow/articulation,Did not leave carriageway,0,Slowing or stopping,1,Car,No,Back,2019
201042I093403,Unclassified,0,Unclassified,0,Slight,None,29-03-2020,Monday,1,Give way or uncontrolled,Crossroads,13.02183101,Daylight,539080,206010,77.62503896,E01021793,1,2,0,0,Wet or damp,Single carriageway,None,30,11:08:00,Urban,Raining no high winds,No,16 - 20,4,Data missing or out of range,NA,2494,None,None,Journey as part of work,Approaching junction or waiting/parked at junction approach,TOYOTA,HILUX HL3,Heavy oil,Male,None,No tow/articulation,Did not leave carriageway,0,Going ahead other,1,Car,No,Front,2020
201054EM27210,C,350,Unclassified,0,Slight,None,14-12-2019,Friday,1,Give way or uncontrolled,T or staggered junction,28.57683476,Daylight,414990,141250,77.34268551,E01031979,1,2,0,0,Wet or damp,Single carriageway,None,30,18:23:00,Rural,Raining no high winds,No,16 - 20,4,Rural,10,NA,None,None,Journey as part of work,Mid Junction - on roundabout or on main road,JOHN DEERE,,Heavy oil,Male,None,No tow/articulation,Did not leave carriageway,0,Going ahead right-hand bend,1,Agricultural vehicle,No,Offside,2020
201045TA52070,Unclassified,1432,Unclassified,1432,Slight,None,11-01-2019,Tuesday,1,Give way or uncontrolled,T or staggered junction,18.64094612,Daylight,533830,155150,73.91491462,E01030829,2,2,0,0,Wet or damp,Single carriageway,None,30,18:15:00,Urban,Raining no high winds,No,16 - 20,4,Urban area,10,1560,None,None,Other/Not known (2005-10),Leaving main road,PEUGEOT,206 SPORT HDI,Heavy oil,Male,None,No tow/articulation,Did not leave carriageway,0,Turning right,2,Car,No,Front,2021
201042I315909,A,1017,NA,0,Slight,None,02-03-2020,Wednesday,1,Not at junction or within 20 metres,Not at junction or within 20 metres,18.59919537,Daylight,578410,231390,73.82000931,E01021381,1,2,0,0,Wet or damp,Single carriageway,None,60,07:35:00,Rural,Raining no high winds,No,16 - 20,4,Small town,9,124,None,None,Other/Not known (2005-10),Not at or within 20 metres of junction,YAMAHA,XT 125 X,Petrol,Male,None,No tow/articulation,Offside,0,Changing lane to right,1,Motorcycle 125cc and under,No,Nearside,2021
201001KD50298,C,0,NA,0,Slight,None,07-06-2010,Monday,1,Data missing or out of range,Not at junction or within 20 metres,51.600464,Daylight,553210,191390,0.210792,E01002315,1,2,0,0,Wet or damp,Single carriageway,None,30,18:40:00,Urban,Raining no high winds,No,16 - 20,4,Urban area,8,1498,None,None,Journey as part of work,Not at or within 20 metres of junction,MERCEDES,A150 AVANTGARDE SE,Petrol,Male,None,No tow/articulation,Did not leave carriageway,0,Waiting to go - held up,1,Car,No,Back,2010
201001RG40391,A,206,NA,0,Slight,None,05-07-2010,Monday,1,Data missing or out of range,Not at junction or within 20 metres,51.491431,Daylight,543800,178980,0.069951,E01001707,1,3,0,0,Wet or damp,Single carriageway,None,30,19:18:00,Urban,Raining no high winds,No,16 - 20,4,Urban area,2,1198,None,None,Other/Not known (2005-10),Not at or within 20 metres of junction,VOLKSWAGEN,POLO E 55,Petrol,Male,None,No tow/articulation,Did not leave carriageway,0,Overtaking moving vehicle - offside,1,Car,No,Front,2010
201042I093403,Unclassified,0,Unclassified,0,Slight,None,29-03-2010,Monday,1,Give way or uncontrolled,Crossroads,51.735501,Daylight,539080,206010,0.012726,E01021793,1,2,0,0,Wet or damp,Single carriageway,None,30,11:08:00,Urban,Raining no high winds,No,16 - 20,4,Data missing or out of range,NA,2494,None,None,Journey as part of work,Approaching junction or waiting/parked at junction approach,TOYOTA,HILUX HL3,Heavy oil,Male,None,No tow/articulation,Did not leave carriageway,0,Going ahead other,1,Car,No,Front,2010
201042I315909,A,1017,NA,0,Slight,None,29-09-2010,Wednesday,1,Not at junction or within 20 metres,Not at junction or within 20 metres,51.952334,Daylight,578410,231390,0.594824,E01021381,1,2,0,0,Wet or damp,Single carriageway,None,60,07:35:00,Rural,Raining no high winds,No,16 - 20,4,Small town,9,124,None,None,Other/Not known (2005-10),Not at or within 20 metres of junction,YAMAHA,XT 125 X,Petrol,Male,None,No tow/articulation,Offside,0,Changing lane to right,1,Motorcycle 125cc and under,No,Nearside,2010
201043W063090,A,4074,NA,0,Slight,None,11-09-2010,Saturday,1,Data missing or out of range,Not at junction or within 20 metres,51.505922,Daylight,468470,179020,-1.01486,E01028659,2,1,0,0,Wet or damp,Single carriageway,None,50,10:12:00,Rural,Raining no high winds,No,16 - 20,4,Rural,8,1149,Kerb,None,Other/Not known (2005-10),Not at or within 20 metres of junction,RENAULT,CLIO CAMPUS SPORT,Petrol,Male,Skidded and overturned,No tow/articulation,Did not leave carriageway,0,Going ahead left-hand bend,1,Car,No,Nearside,2010
201045GU49176,A,246,Unclassified,0,Slight,None,24-02-2010,Wednesday,1,Give way or uncontrolled,Other junction,51.239887,Daylight,501190,149970,-0.551815,E01030437,1,2,0,0,Wet or damp,Single carriageway,None,30,15:50:00,Urban,Raining no high winds,No,16 - 20,4,Urban area,8,1995,None,None,Other/Not known (2005-10),Mid Junction - on roundabout or on main road,BMW,118D SPORT,Heavy oil,Male,None,No tow/articulation,Did not leave carriageway,0,Slowing or stopping,1,Car,No,Back,2010
201045TA52070,Unclassified,1432,Unclassified,1432,Slight,None,29-06-2010,Tuesday,1,Give way or uncontrolled,T or staggered junction,51.279722,Daylight,533830,155150,-0.082544,E01030829,2,2,0,0,Wet or damp,Single carriageway,None,30,18:15:00,Urban,Raining no high winds,No,16 - 20,4,Urban area,10,1560,None,None,Other/Not known (2005-10),Leaving main road,PEUGEOT,206 SPORT HDI,Heavy oil,Male,None,No tow/articulation,Did not leave carriageway,0,Turning right,2,Car,No,Front,2010