Accident_Index,1st_Road_Class,1st_Road_Number,2nd_Road_Class,2nd_Road_Number,Accident_Severity,Carriageway_Hazards,Date,Day_of_Week,Did_Police_Officer_Attend_Scene_of_Accident,Junction_Control,Junction_Detail,Latitude,Light_Conditions,Location_Easting_OSGR,Location_Northing_OSGR,Longitude,LSOA_of_Accident_Location,Number_of_Casualties,Number_of_Vehicles,Pedestrian_Crossing-Human_Control,Pedestrian_Crossing-Physical_Facilities,Road_Surface_Conditions,Road_Type,Special_Conditions_at_Site,Speed_limit,Time,Urban_or_Rural_Area,Weather_Conditions,InScotland,Age_Band_of_Driver,Age_of_Vehicle,Driver_Home_Area_Type,Driver_IMD_Decile,Engine_Capacity_.CC.,Hit_Object_in_Carriageway,Hit_Object_off_Carriageway,Journey_Purpose_of_Driver,Junction_Location,make,model,Propulsion_Code,Sex_of_Driver,Skidding_and_Overturning,Towing_and_Articulation,Vehicle_Leaving_Carriageway,Vehicle_Location.Restricted_Lane,Vehicle_Manoeuvre,Vehicle_Reference,Vehicle_Type,Was_Vehicle_Left_Hand_Drive,X1st_Point_of_Impact,Year
201054EM27210,C,350,Unclassified,0,Slight,None,20-08-2010,Friday,1,Give way or uncontrolled,T or staggered junction,51.170241,Daylight,414990,141250,-1.786989,E01031979,1,2,0,0,Wet or damp,Single carriageway,None,30,18:23:00,Rural,Raining no high winds,No,16 - 20,4,Rural,10,NA,None,None,Journey as part of work,Mid Junction - on roundabout or on main road,JOHN DEERE,,Heavy oil,Male,None,No tow/articulation,Did not leave carriageway,0,Going ahead right-hand bend,1,Agricultural vehicle,No,Offside,2010
2010550C43149,A,35,Unclassified,0,Slight,None,01-10-2010,Friday,1,Give way or uncontrolled,T or staggered junction,50.728154,Daylight,411880,92080,-1.833064,E01015273,1,2,0,0,Wet or damp,Single carriageway,None,30,15:30:00,Urban,Raining no high winds,No,16 - 20,4,Urban area,7,124,None,None,Other/Not known (2005-10),Mid Junction - on roundabout or on main road,HONDA,XR 125 L-4,Petrol,Male,None,No tow/articulation,Did not leave carriageway,0,Going ahead other,2,Motorcycle 125cc and under,No,Nearside,2010
201001KD50298,C,0,NA,0,Slight,None,07-06-2010,Monday,1,Data missing or out of range,Not at junction or within 20 metres,51.600464,Daylight,553210,191390,0.210792,E01002315,1,2,0,0,Wet or damp,Single carriageway,None,30,18:40:00,Urban,Raining no high winds,No,16 - 20,4,Urban area,8,1498,None,None,Journey as part of work,Not at or within 20 metres of junction,MERCEDES,A150 AVANTGARDE SE,Petrol,Male,None,No tow/articulation,Did not leave carriageway,0,Waiting to go - held up,1,Car,No,Back,2010
201001RG40391,A,206,NA,0,Slight,None,05-07-2010,Monday,1,Data missing or out of range,Not at junction or within 20 metres,51.491431,Daylight,543800,178980,0.069951,E01001707,1,3,0,0,Wet or damp,Single carriageway,None,30,19:18:00,Urban,Raining no high winds,No,16 - 20,4,Urban area,2,1198,None,None,Other/Not known (2005-10),Not at or within 20 metres of junction,VOLKSWAGEN,POLO E 55,Petrol,Male,None,No tow/articulation,Did not leave carriageway,0,Overtaking moving vehicle - offside,1,Car,No,Front,2010
201001YE80259,A,105,A,111,Slight,None,01-04-2010,Thursday,2,Auto traffic signal,Crossroads,51.623506,Daylight,531350,193340,-0.103913,E01001563,1,2,0,0,Wet or damp,Single carriageway,None,30,08:00:00,Urban,Raining no high winds,No,16 - 20,4,Data missing or out of range,NA,2720,None,None,Other/Not known (2005-10),Mid Junction - on roundabout or on main road,JAGUAR,S-TYPE SPORT DIESEL AUTO,Heavy oil,Male,None,No tow/articulation,Did not leave carriageway,0,Turning right,2,Car,No,Front,2010
201001ZD30061,A,212,Unclassified,0,Slight,None,02-02-2010,Tuesday,1,Give way or uncontrolled,T or staggered junction,51.376205,Daylight,532450,165850,-0.098344,E01001048,1,2,0,7,Wet or damp,Single carriageway,None,30,08:55:00,Urban,Raining no high winds,No,16 - 20,4,Urban area,1,125,None,None,Other/Not known (2005-10),Approaching junction or waiting/parked at junction approach,HONDA,PES 125,Petrol,Male,None,No tow/articulation,Did not leave carriageway,0,Changing lane to left,1,Motorcycle 125cc and under,No,Nearside,2010
201004EL10110,Unclassified,0,Unclassified,0,Slight,None,14-09-2010,Tuesday,1,Auto traffic signal,Crossroads,53.752587,Daylight,376250,428530,-2.361669,E01025068,1,2,0,0,Wet or damp,Single carriageway,None,30,08:37:00,Urban,Raining no high winds,No,16 - 20,4,Urban area,1,1242,None,None,Commuting to/from work,Mid Junction - on roundabout or on main road,FORD,FIESTA STYLE CLIMATE,Petrol,Male,None,No tow/articulation,Did not leave carriageway,0,Turning right,2,Car,No,Nearside,2010
201005AA05279,A,551,Unclassified,0,Slight,None,26-07-2010,Monday,1,Give way or uncontrolled,T or staggered junction,53.422203,Daylight,329400,392240,-3.063871,E01007313,1,2,0,0,Wet or damp,Single carriageway,None,30,21:15:00,Urban,Raining no high winds,No,16 - 20,4,Urban area,5,649,Parked vehicle,Lamp post,Other/Not known (2005-10),Mid Junction - on roundabout or on main road,KAWASAKI,ER 650 A6S,Petrol,Male,Skidded,No tow/articulation,Offside,0,Going ahead other,1,Motorcycle over 500cc,No,Front,2010
201005BB05576,Unclassified,0,NA,0,Slight,None,29-09-2010,Wednesday,1,Data missing or out of range,Not at junction or within 20 metres,53.614564,Daylight,333120,413590,-3.012466,E01006933,1,2,0,0,Wet or damp,Single carriageway,None,30,08:50:00,Urban,Raining no high winds,No,16 - 20,4,Urban area,7,49,None,None,Other/Not known (2005-10),Not at or within 20 metres of junction,APRILIA,SR 50 FACTORY,Petrol,Male,None,No tow/articulation,Did not leave carriageway,0,Going ahead other,2,Motorcycle 50cc and under,No,Front,2010
201011ND24620,A,167,NA,0,Slight,None,06-10-2010,Wednesday,1,Not at junction or within 20 metres,Not at junction or within 20 metres,54.758143,Daylight,426340,540430,-1.592215,E01020713,3,2,0,0,Wet or damp,Dual carriageway,None,60,08:35:00,Rural,Raining no high winds,No,16 - 20,4,Urban area,9,1299,None,None,Other/Not known (2005-10),Not at or within 20 metres of junction,FORD,KA,Petrol,Male,None,No tow/articulation,Did not leave carriageway,0,Slowing or stopping,2,Car,No,Back,2010
201020S009040,A,435,Unclassified,0,Slight,None,08-05-2010,Saturday,1,Give way or uncontrolled,T or staggered junction,52.405593,Daylight,407770,278630,-1.887221,E01008948,2,2,0,4,Wet or damp,Dual carriageway,None,30,14:37:00,Urban,Raining no high winds,No,16 - 20,4,Rural,8,1229,None,None,Other/Not known (2005-10),Mid Junction - on roundabout or on main road,VAUXHALL,CORSA SXI+ 16V S-A,Petrol,Male,None,No tow/articulation,Did not leave carriageway,0,Going ahead other,2,Car,No,Front,2010
201020T056010,B,4514,NA,0,Slight,None,24-12-2010,Friday,1,Data missing or out of range,Not at junction or within 20 metres,52.443089,Daylight,412320,282810,-1.820185,E01009015,2,3,0,0,Wet or damp,Single carriageway,None,30,09:30:00,Urban,Raining no high winds,No,16 - 20,4,Urban area,1,1596,Parked vehicle,None,Other/Not known (2005-10),Not at or within 20 metres of junction,FORD,FUSION ZETEC AUTO,Petrol,Male,None,No tow/articulation,Did not leave carriageway,0,Overtaking static vehicle - offside,1,Car,No,Front,2010
201022F004565,A,458,NA,0,Slight,None,10-09-2010,Friday,1,Data missing or out of range,Not at junction or within 20 metres,52.71311,Daylight,347950,313110,-2.771937,E01028973,1,1,0,0,Wet or damp,Single carriageway,None,30,08:38:00,Urban,Raining no high winds,No,16 - 20,4,Rural,6,49,None,None,Other/Not known (2005-10),Not at or within 20 metres of junction,KYMCO,VITALITY,Petrol,Male,Skidded,No tow/articulation,Did not leave carriageway,0,Going ahead other,1,Motorcycle 50cc and under,No,Offside,2010
201030D000284,C,9,C,9,Slight,None,01-04-2010,Thursday,1,Give way or uncontrolled,T or staggered junction,52.950223,Daylight,439770,339370,-1.409532,E01013578,2,3,0,0,Wet or damp,Single carriageway,None,60,18:40:00,Rural,Raining no high winds,No,16 - 20,4,Urban area,9,1896,None,None,Commuting to/from work,Approaching junction or waiting/parked at junction approach,VOLKSWAGEN,PASSAT S TDI 105,Heavy oil,Male,None,No tow/articulation,Did not leave carriageway,0,Waiting to turn right,3,Car,No,Offside,2010
20103102C1128,A,60,A,611,Slight,None,30-04-2010,Friday,1,Auto traffic signal,Crossroads,52.97079,Daylight,456940,341830,-1.153574,E01013843,1,2,0,5,Wet or damp,Single carriageway,None,30,14:54:00,Urban,Raining no high winds,No,16 - 20,4,Urban area,1,1124,None,None,Other/Not known (2005-10),Mid Junction - on roundabout or on main road,CITROEN,C2 FURIO,Petrol,Male,None,No tow/articulation,Did not leave carriageway,0,Moving off,1,Car,No,Front,2010
20103104A1123,B,6018,Unclassified,0,Slight,None,08-05-2010,Saturday,2,Give way or uncontrolled,T or staggered junction,53.074873,Daylight,446760,353300,-1.30349,E01027961,1,2,0,0,Wet or damp,Single carriageway,Oil or diesel,30,15:51:00,Urban,Raining no high winds,No,16 - 20,4,Urban area,5,49,None,None,Other/Not known (2005-10),Cleared junction or waiting/parked at junction exit,PIAGGIO,NRG,Petrol,Male,Skidded,No tow/articulation,Did not leave carriageway,0,Going ahead left-hand bend,1,Motorcycle 50cc and under,No,Front,2010
201032C200010,A,153,NA,0,Slight,None,12-07-2010,Monday,1,Data missing or out of range,Not at junction or within 20 metres,53.177761,Daylight,525000,366150,-0.131092,E01026082,2,1,0,0,Wet or damp,Single carriageway,None,60,19:34:00,Rural,Raining no high winds,No,16 - 20,4,Rural,6,1149,None,Tree,Other/Not known (2005-10),Not at or within 20 metres of junction,RENAULT,CLIO CAMPUS SPORT,Petrol,Male,Skidded and overturned,No tow/articulation,Nearside,0,Going ahead left-hand bend,1,Car,No,Front,2010
201043N189090,Motorway,25,NA,0,Slight,None,22-03-2020,Thursday,1,Data missing or out of range,Not at junction or within 20 metres,28.67705735,Daylight,503600,183940,77.05928114,E01017824,1,2,0,0,Wet or damp,Dual carriageway,None,70,08:00:00,Rural,Raining no high winds,No,16 - 20,4,Urban area,10,1598,None,None,Other/Not known (2005-10),Not at or within 20 metres of junction,VOLKSWAGEN,GOLF FSI SE,Petrol,Female,Skidded,No tow/articulation,Did not leave carriageway,0,Slowing or stopping,2,Car,No,Back,2020
201043W135080,B,3030,Unclassified,7514,Slight,None,16-12-2021,Monday,1,Give way or uncontrolled,T or staggered junction,19.09764225,Daylight,477890,170160,72.89307328,E01016703,2,2,0,0,Wet or damp,Single carriageway,None,30,08:40:00,Rural,Raining no high winds,No,16 - 20,4,Urban area,10,1587,None,None,Other/Not known (2005-10),Approaching junction or waiting/parked at junction approach,PEUGEOT,206 CC SPORT,Petrol,Female,None,No tow/articulation,Did not leave carriageway,0,Turning right,2,Car,No,Back,2021
201001SX21038,A,406,A,406,Slight,None,29-09-2010,Wednesday,2,Give way or uncontrolled,T or staggered junction,51.571506,Daylight,522830,187340,-0.229027,E01000223,1,2,0,0,Wet or damp,Single carriageway,Roadworks,30,08:35:00,Urban,Raining no high winds,No,16 - 20,4,Data missing or out of range,NA,1299,None,None,Pupil riding to/from school,Mid Junction - on roundabout or on main road,FORD,KA COLLECTION,Petrol,Female,None,No tow/articulation,Did not leave carriageway,0,Slowing or stopping,1,Car,No,Back,2010
201043N189090,Motorway,25,NA,0,Slight,None,23-09-2010,Thursday,1,Data missing or out of range,Not at junction or within 20 metres,51.544803,Daylight,503600,183940,-0.507398,E01017824,1,2,0,0,Wet or damp,Dual carriageway,None,70,08:00:00,Rural,Raining no high winds,No,16 - 20,4,Urban area,10,1598,None,None,Other/Not known (2005-10),Not at or within 20 metres of junction,VOLKSWAGEN,GOLF FSI SE,Petrol,Female,Skidded,No tow/articulation,Did not leave carriageway,0,Slowing or stopping,2,Car,No,Back,2010
201043W135080,B,3030,Unclassified,7514,Slight,None,23-08-2010,Monday,1,Give way or uncontrolled,T or staggered junction,51.425052,Daylight,477890,170160,-0.881108,E01016703,2,2,0,0,Wet or damp,Single carriageway,None,30,08:40:00,Rural,Raining no high winds,No,16 - 20,4,Urban area,10,1587,None,None,Other/Not known (2005-10),Approaching junction or waiting/parked at junction approach,PEUGEOT,206 CC SPORT,Petrol,Female,None,No tow/articulation,Did not leave carriageway,0,Turning right,2,Car,No,Back,2010
201001SX21038,A,406,A,406,Slight,None,29-09-2010,Wednesday,2,Give way or uncontrolled,T or staggered junction,51.571506,Daylight,522830,187340,-0.229027,E01000223,1,2,0,0,Wet or damp,Single carriageway,Roadworks,30,08:35:00,Urban,Raining no high winds,No,16 - 20,4,Data missing or out of range,NA,1299,None,None,Pupil riding to/from school,Mid Junction - on roundabout or on main road,FORD,KA COLLECTION,Petrol,Female,None,No tow/articulation,Did not leave carriageway,0,Slowing or stopping,1,Car,No,Back,2010
201001XH30140,A,408,C,0,Slight,None,18-02-2010,Thursday,1,Auto traffic signal,Roundabout,51.497601,Daylight,507520,178770,-0.452466,E01002486,1,2,0,0,Wet or damp,Roundabout,None,30,15:18:00,Urban,Raining no high winds,No,16 - 20,4,Urban area,4,1299,None,None,Other/Not known (2005-10),Mid Junction - on roundabout or on main road,FORD,KA COLLECTION,Petrol,Female,None,No tow/articulation,Did not leave carriageway,0,Going ahead other,1,Car,No,Nearside,2010
201006X032369,Motorway,60,B,5214,Slight,None,29-05-2010,Saturday,2,Auto traffic signal,Roundabout,53.463802,Daylight,376430,396400,-2.356499,E01006121,2,2,0,0,Wet or damp,Roundabout,None,70,15:00:00,Urban,Raining no high winds,No,16 - 20,4,Urban area,9,998,None,None,Other/Not known (2005-10),Approaching junction or waiting/parked at junction approach,VAUXHALL,CORSA ACTIVE 12V,Petrol,Female,None,No tow/articulation,Did not leave carriageway,0,Waiting to go - held up,1,Car,No,Back,2010
2010160B02271,Unclassified,0,NA,0,Slight,None,29-05-2010,Saturday,2,Data missing or out of range,Not at junction or within 20 metres,53.588148,Daylight,487220,410980,-0.683829,E01013334,1,2,0,0,Wet or damp,Single carriageway,None,30,11:05:00,Urban,Raining no high winds,No,16 - 20,4,Urban area,1,1240,None,None,Other/Not known (2005-10),Not at or within 20 metres of junction,NISSAN,MICRA S,Petrol,Female,None,No tow/articulation,Did not leave carriageway,0,Waiting to go - held up,2,Car,No,Back,2010
2010170H10730,Unclassified,0,Unclassified,0,Slight,None,20-07-2010,Tuesday,1,Give way or uncontrolled,T or staggered junction,54.6652,Daylight,449410,530280,-1.23547,E01011981,2,5,0,4,Wet or damp,Single carriageway,None,30,18:32:00,Urban,Raining no high winds,No,16 - 20,4,Urban area,5,1598,None,None,Other/Not known (2005-10),Cleared junction or waiting/parked at junction exit,MINI,MINI ONE,Petrol,Female,None,No tow/articulation,Did not leave carriageway,0,Waiting to go - held up,3,Car,No,Back,2010
201022F002192,A,49,Unclassified,0,Slight,None,30-04-2010,Friday,1,Give way or uncontrolled,Mini-roundabout,52.44207,Daylight,343280,283010,-2.835897,E01029014,1,3,0,0,Wet or damp,Single carriageway,None,30,13:05:00,Rural,Raining no high winds,No,16 - 20,4,Rural,5,1198,None,None,Other/Not known (2005-10),Approaching junction or waiting/parked at junction approach,VOLKSWAGEN,POLO E 55,Petrol,Female,None,No tow/articulation,Did not leave carriageway,0,Waiting to go - held up,3,Car,No,Offside,2010
201020J017211,B,4558,Unclassified,0,Slight,None,23-02-2010,Tuesday,1,Give way or uncontrolled,T or staggered junction,52.516095,Daylight,393460,290920,-2.097817,E01009879,1,2,0,0,Wet or damp,Single carriageway,None,30,14:34:00,Urban,Snowing no high winds,No,16 - 20,4,Urban area,2,49,None,None,Other/Not known (2005-10),Approaching junction or waiting/parked at junction approach,APRILIA,SR 50 R,Petrol,Male,None,No tow/articulation,Did not leave carriageway,0,Going ahead other,2,Motorcycle 50cc and under,No,Back,2010
20103102D0247,A,606,NA,0,Slight,None,11-01-2010,Monday,1,Data missing or out of range,Not at junction or within 20 metres,52.859353,Daylight,464730,329530,-1.040039,E01028421,1,4,0,0,Snow,Single carriageway,None,60,08:46:00,Rural,Snowing no high winds,No,16 - 20,4,Rural,9,1360,None,None,Other/Not known (2005-10),Not at or within 20 metres of junction,PEUGEOT,206 VERVE,Petrol,Male,None,No tow/articulation,Did not leave carriageway,0,Waiting to go - held up,3,Car,No,Back,2010
201054DE00510,A,4361,Unclassified,0,Slight,None,08-06-2019,Wednesday,1,Auto traffic signal,T or staggered junction,18.64299791,Daylight,415080,182390,73.7383428,E01015536,1,3,0,0,Snow,Dual carriageway,None,40,09:00:00,Rural,Snowing no high winds,No,16 - 20,4,Small town,8,1086,None,None,Other/Not known (2005-10),Approaching junction or waiting/parked at junction approach,KIA,PICANTO LX,Petrol,Female,None,No tow/articulation,Did not leave carriageway,0,Waiting to go - held up,2,Car,No,Offside,2021
201054DE00510,A,4361,Unclassified,0,Slight,None,06-01-2010,Wednesday,1,Auto traffic signal,T or staggered junction,51.540161,Daylight,415080,182390,-1.783969,E01015536,1,3,0,0,Snow,Dual carriageway,None,40,09:00:00,Rural,Snowing no high winds,No,16 - 20,4,Small town,8,1086,None,None,Other/Not known (2005-10),Approaching junction or waiting/parked at junction approach,KIA,PICANTO LX,Petrol,Female,None,No tow/articulation,Did not leave carriageway,0,Waiting to go - held up,2,Car,No,Offside,2010
201004EN10007,Unclassified,0,NA,0,Slight,None,11-01-2010,Monday,1,Data missing or out of range,Not at junction or within 20 metres,53.902802,Daylight,378940,445230,-2.322023,E01025331,1,1,0,0,Frost or ice,Single carriageway,None,60,09:50:00,Rural,Snowing no high winds,No,16 - 20,4,Urban area,7,1995,None,None,Other/Not known (2005-10),Not at or within 20 metres of junction,BMW,118D SE,Heavy oil,Female,Skidded and overturned,No tow/articulation,Offside and rebounded,0,Going ahead right-hand bend,1,Car,No,Front,2010
201006M031603,B,5165,Unclassified,0,Slight,None,21-05-2010,Friday,2,Give way or uncontrolled,T or staggered junction,53.405232,Daylight,377230,389880,-2.343976,E01006090,1,3,0,0,Dry,Single carriageway,None,30,15:50:00,Urban,Unknown,No,16 - 20,4,Urban area,9,998,None,None,Other/Not known (2005-10),Approaching junction or waiting/parked at junction approach,VAUXHALL,CORSA CLASSIC,Petrol,Male,None,No tow/articulation,Did not leave carriageway,0,Going ahead other,2,Car,No,Back,2010
201020S011650,A,38,NA,0,Slight,None,14-05-2010,Friday,1,Data missing or out of range,Not at junction or within 20 metres,52.404835,Daylight,401520,278540,-1.979094,E01009209,1,3,0,0,Dry,Dual carriageway,None,40,10:50:00,Urban,Unknown,No,16 - 20,4,Urban area,6,49,Parked vehicle,None,Other/Not known (2005-10),Not at or within 20 metres of junction,APRILIA,SR 50 FACTORY,Petrol,Male,None,No tow/articulation,Did not leave carriageway,0,Going ahead other,2,Motorcycle 50cc and under,No,Front,2010
201030C000001,Unclassified,0,B,6051,Slight,None,04-01-2010,Monday,2,Give way or uncontrolled,T or staggered junction,53.241138,Daylight,437990,371720,-1.432208,E01019538,2,3,0,0,Frost or ice,Single carriageway,None,30,12:39:00,Urban,Unknown,No,16 - 20,4,Urban area,9,1124,None,None,Other/Not known (2005-10),Approaching junction or waiting/parked at junction approach,CITROEN,C2 DESIGN,Petrol,Male,Skidded,No tow/articulation,Did not leave carriageway,0,Slowing or stopping,1,Car,No,Back,2010
201030C000561,B,6050,Unclassified,0,Slight,None,29-08-2010,Sunday,1,Give way or uncontrolled,T or staggered junction,53.258171,Daylight,439840,373630,-1.40425,E01019534,2,3,0,0,Dry,Single carriageway,None,30,17:00:00,Urban,Unknown,No,16 - 20,4,Data missing or out of range,NA,1198,None,None,Other/Not known (2005-10),Mid Junction - on roundabout or on main road,VOLKSWAGEN,POLO SE 64,Petrol,Male,None,No tow/articulation,Did not leave carriageway,0,Overtaking moving vehicle - offside,1,Car,No,Front,2010
20103102D2603,B,6020,Unclassified,0,Slight,None,27-09-2010,Monday,2,Give way or uncontrolled,Private drive or entrance,53.092235,Daylight,457660,355350,-1.140441,E01028200,1,3,0,0,Wet or damp,Single carriageway,None,60,07:50:00,Rural,Unknown,No,16 - 20,4,Small town,10,1560,None,None,Journey as part of work,Approaching junction or waiting/parked at junction approach,CITROEN,C4 VTR HDI,Heavy oil,Female,None,No tow/articulation,Did not leave carriageway,0,Waiting to go - held up,2,Car,No,Back,2010
2010400C02784,Unclassified,0,Unclassified,0,Slight,None,28-01-2021,Friday,2,Give way or uncontrolled,T or staggered junction,14.77351405,Darkness - lights lit,506820,222620,78.54716913,E01015731,1,2,0,0,Dry,Single carriageway,None,30,23:25:00,Urban,Fine + high winds,No,21 - 25,4,Urban area,7,1598,None,None,Other/Not known (2005-10),Cleared junction or waiting/parked at junction exit,VAUXHALL,ASTRA CLUB TWINPORT,Petrol,Male,None,No tow/articulation,Did not leave carriageway,0,Moving off,2,Car,No,Offside,2019
2010400C02784,Unclassified,0,Unclassified,0,Slight,None,24-09-2010,Friday,2,Give way or uncontrolled,T or staggered junction,51.891861,Darkness - lights lit,506820,222620,-0.44913,E01015731,1,2,0,0,Dry,Single carriageway,None,30,23:25:00,Urban,Fine + high winds,No,21 - 25,4,Urban area,7,1598,None,None,Other/Not known (2005-10),Cleared junction or waiting/parked at junction exit,VAUXHALL,ASTRA CLUB TWINPORT,Petrol,Male,None,No tow/articulation,Did not leave carriageway,0,Moving off,2,Car,No,Offside,2010
201005EE07214,Unclassified,0,Unclassified,0,Slight,None,19-12-2010,Sunday,1,Give way or uncontrolled,T or staggered junction,53.450804,Darkness - lights lit,338910,395290,-2.921377,E01006736,1,2,0,8,Frost or ice,Single carriageway,None,30,07:00:00,Urban,Fine + high winds,No,21 - 25,4,Urban area,1,1910,None,None,Commuting to/from work,Approaching junction or waiting/parked at junction approach,VAUXHALL,VECTRA DESIGN CDTI 150,Heavy oil,Male,Skidded,No tow/articulation,Did not leave carriageway,0,Waiting to turn left,1,Car,No,Back,2010
201001KD50600,B,187,Unclassified,0,Slight,None,11-11-2010,Thursday,1,Give way or uncontrolled,T or staggered junction,51.55715,Darkness - lights lit,556510,186670,0.256299,E01002384,1,2,0,0,Dry,Single carriageway,None,30,18:00:00,Urban,Fine + high winds,No,21 - 25,4,Urban area,8,124,None,None,Other/Not known (2005-10),Approaching junction or waiting/parked at junction approach,PIAGGIO,VESPA LX 125,Petrol,Female,None,No tow/articulation,Did not leave carriageway,0,Going ahead other,1,Motorcycle over 125cc and up to 500cc,No,Front,2010
201001KD50600,B,187,Unclassified,0,Slight,None,11-11-2010,Thursday,1,Give way or uncontrolled,T or staggered junction,51.55715,Darkness - lights lit,556510,186670,0.256299,E01002384,1,2,0,0,Dry,Single carriageway,None,30,18:00:00,Urban,Fine + high winds,No,21 - 25,4,Urban area,8,124,None,None,Other/Not known (2005-10),Approaching junction or waiting/parked at junction approach,PIAGGIO,VESPA LX 125,Petrol,Female,None,No tow/articulation,Did not leave carriageway,0,Going ahead other,1,Motorcycle over 125cc and up to 500cc,No,Front,2010
201034WN03910,Unclassified,7760,C,157,Slight,None,04-11-2019,Tuesday,1,Give way or uncontrolled,T or staggered junction,14.70173692,Darkness - lights lit,480090,264350,78.63676959,E01027246,1,2,0,0,Wet or damp,Single carriageway,None,30,16:05:00,Urban,Fine no high winds,No,21 - 25,4,Data missing or out of range,NA,2985,None,None,Other/Not known (2005-10),Approaching junction or waiting/parked at junction approach,JEEP,GRAND CHEROKEE CRD LTD A,Heavy oil,Male,None,No tow/articulation,Did not leave carriageway,0,Going ahead other,1,Car,No,Front,2019
201042I388111,Unclassified,0,Unclassified,0,Slight,None,16-10-2020,Friday,1,Give way or uncontrolled,T or staggered junction,27.0924351,Darkness - lights lit,588170,185280,93.62580234,E01015852,1,3,0,0,Wet or damp,Single carriageway,None,30,17:17:00,Urban,Fine no high winds,No,21 - 25,4,Urban area,10,2477,None,None,Other/Not known (2005-10),Approaching junction or waiting/parked at junction approach,MITSUBISHI,L200 4LIFE DI-D D/C,Heavy oil,Male,None,No tow/articulation,Did not leave carriageway,0,Waiting to go - held up,3,Van / Goods 3.5 tonnes mgw or under,No,Front,2019
201054DE38710,A,4259,A,4312,Slight,None,11-12-2021,Saturday,1,Give way or uncontrolled,Roundabout,25.79206875,Darkness - lights lit,416300,184820,87.45420749,E01015479,1,1,0,0,Wet or damp,Roundabout,None,40,02:17:00,Urban,Fine no high winds,No,21 - 25,4,Urban area,9,1587,Central island of roundabout,Road sign or traffic signal,Other/Not known (2005-10),Entering roundabout,CITROEN,C2 VTS,Petrol,Male,Skidded,No tow/articulation,Offside,0,Going ahead other,1,Car,No,Front,2019
201050EL2G017,A,386,A,386,Slight,None,23-07-2019,Wednesday,1,Auto traffic signal,Roundabout,22.0965296,Darkness - lights lit,249380,59770,82.14049077,E01015092,1,2,0,0,Dry,Dual carriageway,None,40,22:27:00,Urban,Fine no high winds,No,21 - 25,4,Rural,5,644,None,None,Journey as part of work,Entering roundabout,HONDA,FMX 650-5,Petrol,Male,None,No tow/articulation,Did not leave carriageway,0,Waiting to go - held up,2,Motorcycle over 500cc,No,Front,2019
201043N321110,Unclassified,4,Unclassified,966,Slight,None,18-01-2020,Friday,1,Give way or uncontrolled,T or staggered junction,23.07417383,Darkness - lights lit,498540,181690,72.62979306,E01017832,1,3,0,0,Frost or ice,Single carriageway,None,30,22:40:00,Rural,Fine no high winds,No,21 - 25,4,Urban area,4,1995,None,None,Other/Not known (2005-10),Approaching junction or waiting/parked at junction approach,BMW,520D SE,Heavy oil,Male,None,No tow/articulation,Did not leave carriageway,0,Waiting to turn right,2,Car,No,Back,2019
20104100T3287,Motorway,25,NA,0,Slight,None,28-11-2020,Friday,1,Not at junction or within 20 metres,Not at junction or within 20 metres,28.40819895,Darkness - lights lit,502210,192530,77.02352471,E01023838,2,2,0,0,Dry,Dual carriageway,None,70,18:00:00,Rural,Fine no high winds,No,21 - 25,4,Urban area,4,10308,None,None,Journey as part of work,Not at or within 20 metres of junction,IVECO,,Heavy oil,Male,None,Articulated vehicle,Did not leave carriageway,0,Slowing or stopping,2,Goods 7.5 tonnes mgw and over,No,Back,2019
201045RU55191,A,30,A,328,Slight,None,29-07-2019,Sunday,1,Auto traffic signal,More than 4 arms (not roundabout),12.98801691,Darkness - lights lit,499460,170490,77.51295568,E01030675,5,2,0,5,Dry,Single carriageway,None,40,20:45:00,Urban,Fine no high winds,No,21 - 25,4,Urban area,10,3498,None,Other permanent object,Other/Not known (2005-10),Approaching junction or waiting/parked at junction approach,NISSAN,MURANO CVT,Petrol,Male,None,No tow/articulation,Offside,0,Going ahead other,1,Car,No,Offside,2020
201045RU56581,Motorway,3,Motorway,25,Slight,None,03-08-2020,Wednesday,2,Give way or uncontrolled,Slip road,8.893393495,Darkness - lights lit,501240,167670,76.69868561,E01030677,1,4,0,0,Dry,Dual carriageway,None,70,18:45:00,Rural,Fine no high winds,No,21 - 25,4,Urban area,4,2402,None,None,Journey as part of work,Entering from slip road,FORD,TRANSIT 115 T350EF RWD,Heavy oil,Male,Skidded,No tow/articulation,Did not leave carriageway,0,Slowing or stopping,2,Van / Goods 3.5 tonnes mgw or under,No,Front,2020
201043P321020,A,420,A,4158,Slight,None,09-06-2020,Thursday,1,Give way or uncontrolled,Roundabout,26.46578021,Darkness - lights lit,452260,205950,74.64759995,E01028588,1,2,0,0,Dry,Roundabout,None,20,18:43:00,Urban,Fine no high winds,No,21 - 25,4,Urban area,10,1198,None,None,Other/Not known (2005-10),Leaving roundabout,SEAT,IBIZA REFERENCE,Petrol,Male,None,No tow/articulation,Did not leave carriageway,0,Going ahead other,1,Car,No,Front,2020