Accident_Index,1st_Road_Class,1st_Road_Number,2nd_Road_Class,2nd_Road_Number,Accident_Severity,Carriageway_Hazards,Date,Day_of_Week,Did_Police_Officer_Attend_Scene_of_Accident,Junction_Control,Junction_Detail,Latitude,Light_Conditions,Location_Easting_OSGR,Location_Northing_OSGR,Longitude,LSOA_of_Accident_Location,Number_of_Casualties,Number_of_Vehicles,Pedestrian_Crossing-Human_Control,Pedestrian_Crossing-Physical_Facilities,Road_Surface_Conditions,Road_Type,Special_Conditions_at_Site,Speed_limit,Time,Urban_or_Rural_Area,Weather_Conditions,InScotland,Age_Band_of_Driver,Age_of_Vehicle,Driver_Home_Area_Type,Driver_IMD_Decile,Engine_Capacity_.CC.,Hit_Object_in_Carriageway,Hit_Object_off_Carriageway,Journey_Purpose_of_Driver,Junction_Location,make,model,Propulsion_Code,Sex_of_Driver,Skidding_and_Overturning,Towing_and_Articulation,Vehicle_Leaving_Carriageway,Vehicle_Location.Restricted_Lane,Vehicle_Manoeuvre,Vehicle_Reference,Vehicle_Type,Was_Vehicle_Left_Hand_Drive,X1st_Point_of_Impact,Year
201045SP52956,A,30,A,308,Slight,None,06-09-2021,Sunday,1,Give way or uncontrolled,T or staggered junction,26.45640928,Darkness - lights lit,504320,171900,80.29027298,E01030734,2,2,0,0,Dry,Unknown,None,30,00:13:00,Urban,Fine no high winds,No,21 - 25,4,Urban area,8,1360,None,None,Other/Not known (2005-10),Mid Junction - on roundabout or on main road,PEUGEOT,206 VERVE,Petrol,Male,None,No tow/articulation,Did not leave carriageway,0,Going ahead other,2,Car,No,Offside,2020
201045RU48743,Motorway,25,A,30,Slight,Other object on road,30-11-2019,Sunday,1,Give way or uncontrolled,Slip road,28.6605501,Darkness - lights lit,502190,172340,77.12244797,E01016576,1,1,0,0,Dry,Dual carriageway,None,70,03:54:00,Rural,Fine no high winds,No,21 - 25,4,Rural,9,2184,Other object,None,Other/Not known (2005-10),Leaving main road,NISSAN,X-TRAIL SE DCI 4WD,Heavy oil,Male,Overturned,No tow/articulation,Did not leave carriageway,0,Changing lane to left,1,Car,No,Front,2020
20104100T1177,Motorway,1,NA,0,Slight,None,29-11-2019,Friday,2,Not at junction or within 20 metres,Not at junction or within 20 metres,28.54584037,Darkness - lights lit,512080,201650,77.37098758,E01023834,1,2,0,0,Dry,Dual carriageway,None,70,19:05:00,Rural,Fine no high winds,No,21 - 25,4,Urban area,5,1753,None,Central crash barrier,Commuting to/from work,Not at or within 20 metres of junction,FORD,FOCUS TITANIUM TDCI,Heavy oil,Male,Skidded,No tow/articulation,Offside on to central reservation,0,Going ahead other,2,Car,No,Nearside,2021
201043W245110,A,4,Unclassified,7153,Slight,None,01-03-2020,Sunday,1,Give way or uncontrolled,Roundabout,28.55710776,Darkness - lights lit,463300,170750,77.07284852,E01016345,1,1,0,0,Frost or ice,Roundabout,None,60,04:38:00,Rural,Fine no high winds,No,21 - 25,4,Urban area,7,1999,Kerb,None,Other/Not known (2005-10),Entering roundabout,FORD,FIESTA ST,Petrol,Male,Skidded and overturned,No tow/articulation,Straight ahead at junction,0,Turning left,1,Car,No,Offside,2021
201042I026101,Motorway,25,NA,0,Slight,None,24-03-2020,Saturday,1,Not at junction or within 20 metres,Not at junction or within 20 metres,28.62600627,Darkness - lights lit,537870,199840,77.26712659,E01021817,1,1,0,0,Dry,Dual carriageway,None,70,23:49:00,Rural,Fine no high winds,No,21 - 25,4,Data missing or out of range,NA,1598,None,Road sign or traffic signal,Other/Not known (2005-10),Not at or within 20 metres of junction,VAUXHALL,ASTRA CLUB TWINPORT,Petrol,Male,Skidded and overturned,No tow/articulation,Nearside,0,Changing lane to left,1,Car,No,Front,2021
201037B044504,Unclassified,6500,NA,0,Slight,None,03-02-2020,Monday,1,Data missing or out of range,Not at junction or within 20 metres,18.55398362,Darkness - lights lit,563310,263080,73.77566433,E01029949,1,1,0,0,Dry,Single carriageway,None,30,01:30:00,Urban,Fine no high winds,No,21 - 25,4,Urban area,8,1910,None,None,Other/Not known (2005-10),Not at or within 20 metres of junction,SAAB,9-3 VECTOR SPORT TID AUTO,Heavy oil,Male,None,No tow/articulation,Did not leave carriageway,0,Moving off,1,Car,No,Front,2021
2010400D03692,Unclassified,0,Unclassified,0,Slight,None,28-03-2021,Wednesday,1,Give way or uncontrolled,T or staggered junction,18.62165711,Darkness - lights lit,504420,222300,73.95512878,E01015714,4,2,0,0,Wet or damp,Single carriageway,None,30,21:16:00,Urban,Fine no high winds,No,21 - 25,4,Urban area,2,1686,None,None,Other/Not known (2005-10),Approaching junction or waiting/parked at junction approach,VAUXHALL,MERIVA LIFE CDTI,Heavy oil,Male,None,No tow/articulation,Did not leave carriageway,0,Going ahead other,2,Car,No,Front,2021
201034TN53310,A,45,NA,0,Slight,None,24-07-2021,Sunday,1,Data missing or out of range,Not at junction or within 20 metres,18.59492945,Darkness - lights lit,477240,259550,73.80753339,E01027224,2,3,0,0,Frost or ice,Dual carriageway,None,60,17:00:00,Rural,Fine no high winds,No,21 - 25,4,Urban area,8,1560,None,Near/Offside crash barrier,Commuting to/from work,Not at or within 20 metres of junction,PEUGEOT,307 S HDI,Heavy oil,Male,Skidded and overturned,No tow/articulation,Nearside,0,Going ahead other,1,Car,No,Front,2021
201042I256408,A,113,NA,0,Slight,None,06-10-2021,Saturday,1,Not at junction or within 20 metres,Not at junction or within 20 metres,18.61864575,Darkness - lights lit,543880,193420,73.77855879,E01021751,1,1,0,0,Dry,Single carriageway,None,30,04:30:00,Urban,Fine no high winds,No,21 - 25,4,Data missing or out of range,NA,998,None,None,Other/Not known (2005-10),Not at or within 20 metres of junction,PEUGEOT,107 URBAN,Petrol,Male,Overturned,No tow/articulation,Nearside,0,Going ahead right-hand bend,1,Car,No,Front,2021
201050ED2M007,Unclassified,0,Unclassified,0,Slight,None,23-05-2020,Thursday,1,Auto traffic signal,T or staggered junction,19.0824317,Darkness - lights lit,245570,55480,72.91502003,E01015045,1,2,0,4,Dry,Single carriageway,None,30,23:32:00,Urban,Fine no high winds,No,21 - 25,4,Urban area,2,1198,None,None,Other/Not known (2005-10),Cleared junction or waiting/parked at junction exit,VOLKSWAGEN,POLO E 55,Petrol,Male,None,No tow/articulation,Did not leave carriageway,0,Moving off,1,Car,No,Offside,2021
201037G030544,Unclassified,2423,Unclassified,2426,Slight,None,18-03-2020,Sunday,1,Give way or uncontrolled,Crossroads,20.0177486,Darkness - lights lit,617960,243890,79.86177827,E01029990,1,2,0,0,Dry,Single carriageway,None,30,20:37:00,Urban,Fine no high winds,No,21 - 25,4,Rural,9,1999,None,None,Other/Not known (2005-10),Mid Junction - on roundabout or on main road,FORD,FIESTA ST,Petrol,Male,None,No tow/articulation,Did not leave carriageway,0,Going ahead other,2,Car,No,Offside,2021
201043R227050,A,329,NA,0,Slight,None,25-05-2019,Sunday,1,Data missing or out of range,Not at junction or within 20 metres,14.71119153,Darkness - lights lit,487060,168570,78.62101766,E01016249,1,1,0,0,Wet or damp,Dual carriageway,None,40,00:26:00,Urban,Fine no high winds,No,21 - 25,4,Urban area,5,1596,Kerb,Other permanent object,Other/Not known (2005-10),Not at or within 20 metres of junction,FORD,FOCUS SPORT,Petrol,Male,Skidded,No tow/articulation,Nearside,0,Going ahead other,1,Car,No,Front,2019
201045RU57255,Motorway,25,NA,0,Slight,None,06-06-2019,Thursday,1,Data missing or out of range,Not at junction or within 20 metres,27.09416667,Darkness - lights lit,501590,170510,93.62789704,E01030687,4,3,0,0,Dry,Dual carriageway,None,70,17:55:00,Rural,Fine no high winds,No,21 - 25,4,Urban area,7,1896,None,None,Other/Not known (2005-10),Not at or within 20 metres of junction,AUDI,A3 SPECIAL EDITION TDI,Heavy oil,Male,None,No tow/articulation,Did not leave carriageway,0,Waiting to go - held up,1,Car,No,Back,2019
201001BS70075,Unclassified,0,Unclassified,0,Slight,None,06-02-2010,Saturday,1,Give way or uncontrolled,Private drive or entrance,51.492443,Darkness - lights lit,527590,178660,-0.163523,E01002861,1,2,0,0,Dry,Single carriageway,None,30,19:00:00,Urban,Fine no high winds,No,21 - 25,4,Urban area,2,125,None,None,Other/Not known (2005-10),Mid Junction - on roundabout or on main road,HONDA,ANF 126-6,Petrol,Male,None,No tow/articulation,Did not leave carriageway,0,Going ahead other,2,Motorcycle 125cc and under,No,Front,2010
201001BS70216,A,3216,B,319,Slight,None,21-04-2010,Wednesday,1,Auto traffic signal,Crossroads,51.497048,Darkness - lights lit,527890,179180,-0.159015,E01002863,2,2,0,5,Dry,Single carriageway,None,30,20:45:00,Urban,Fine no high winds,No,21 - 25,4,Urban area,2,2698,None,None,Other/Not known (2005-10),Mid Junction - on roundabout or on main road,AUDI,A6 S LINE TDI AUTO,Heavy oil,Male,None,No tow/articulation,Did not leave carriageway,0,Overtaking - nearside,1,Car,No,Front,2010
201001CP00005,A,3211,C,0,Slight,None,01-01-2010,Friday,1,Auto traffic signal,Crossroads,51.509766,Darkness - lights lit,532760,180720,-0.08832,E01000004,5,2,0,5,Wet or damp,Dual carriageway,None,30,02:51:00,Urban,Fine no high winds,No,21 - 25,4,Urban area,2,2616,None,None,Other/Not known (2005-10),Mid Junction - on roundabout or on main road,MAZDA,RX-8 192 PS,Petrol,Male,None,No tow/articulation,Did not leave carriageway,0,Turning left,1,Car,No,Offside,2010
201001CW10872,Unclassified,0,NA,0,Slight,None,11-05-2010,Tuesday,1,Data missing or out of range,Not at junction or within 20 metres,51.516202,Darkness - lights lit,529420,181350,-0.136191,E01004763,2,1,0,4,Dry,Single carriageway,None,30,03:05:00,Urban,Fine no high winds,No,21 - 25,4,Urban area,8,1995,Bollard or refuge,None,Other/Not known (2005-10),Not at or within 20 metres of junction,BMW,320I M SPORT,Petrol,Male,None,No tow/articulation,Did not leave carriageway,0,Going ahead other,1,Car,No,Front,2010
201001CW12514,A,302,B,323,Slight,None,16-11-2010,Tuesday,1,Auto traffic signal,Crossroads,51.497399,Darkness - lights lit,529510,179260,-0.135661,E01004744,1,2,0,5,Dry,Single carriageway,None,30,17:52:00,Urban,Fine no high winds,No,21 - 25,4,Urban area,3,125,None,None,Other/Not known (2005-10),Mid Junction - on roundabout or on main road,HONDA,SES 125-4,Petrol,Male,None,No tow/articulation,Did not leave carriageway,0,Going ahead other,2,Motorcycle 125cc and under,No,Front,2010
201001CW12564,B,450,NA,0,Slight,None,19-11-2010,Friday,1,Data missing or out of range,Not at junction or within 20 metres,51.529045,Darkness - lights lit,523840,182640,-0.216115,E01000586,1,2,0,0,Dry,Single carriageway,None,30,16:57:00,Urban,Fine no high winds,No,21 - 25,4,Urban area,3,1598,None,None,Other/Not known (2005-10),Not at or within 20 metres of junction,VAUXHALL,ASTRA LIFE TWINPORT S-A,Petrol,Male,None,No tow/articulation,Did not leave carriageway,0,U-turn,1,Car,No,Front,2010
201001EO40564,A,1200,C,0,Slight,None,21-09-2010,Tuesday,1,Give way or uncontrolled,T or staggered junction,51.536049,Darkness - lights lit,532580,183640,-0.089814,E01002798,1,4,0,1,Dry,Single carriageway,None,30,23:30:00,Urban,Fine no high winds,No,21 - 25,4,Urban area,2,1984,None,None,Other/Not known (2005-10),Mid Junction - on roundabout or on main road,AUDI,A4 SE T FSI CVT,Petrol,Male,None,No tow/articulation,Did not leave carriageway,0,Going ahead other,4,Car,No,Offside,2010
201001EO40673,A,401,B,502,Slight,None,23-10-2010,Saturday,1,Give way or uncontrolled,Crossroads,51.526467,Darkness - lights lit,531280,182540,-0.108957,E01002726,1,2,0,0,Dry,Single carriageway,None,30,23:59:00,Urban,Fine no high winds,No,21 - 25,4,Urban area,4,125,None,None,Other/Not known (2005-10),Mid Junction - on roundabout or on main road,HONDA,ANF 126 T-6,Petrol,Male,None,No tow/articulation,Did not leave carriageway,0,Going ahead other,2,Motorcycle 125cc and under,No,Front,2010
201001EO40776,B,519,NA,0,Slight,None,10-12-2010,Friday,2,Data missing or out of range,Not at junction or within 20 metres,51.566853,Darkness - lights lit,529180,186980,-0.137583,E01002770,1,2,0,0,Wet or damp,Single carriageway,None,30,18:02:00,Urban,Fine no high winds,No,21 - 25,4,Urban area,2,1598,None,None,Other/Not known (2005-10),Not at or within 20 metres of junction,VOLKSWAGEN,GOLF FSI SE,Petrol,Male,None,No tow/articulation,Did not leave carriageway,0,Waiting to go - held up,1,Car,No,Back,2010
201001GD10763,A,503,A,105,Slight,None,02-11-2010,Tuesday,1,Auto traffic signal,Crossroads,51.570682,Darkness - lights lit,532050,187480,-0.096011,E01001813,1,2,0,5,Dry,Single carriageway,None,30,21:20:00,Urban,Fine no high winds,No,21 - 25,4,Urban area,1,1910,None,None,Other/Not known (2005-10),Mid Junction - on roundabout or on main road,VAUXHALL,VECTRA EXCLUSIV CDTI 150,Heavy oil,Male,None,No tow/articulation,Did not leave carriageway,0,Turning right,1,Car,No,Front,2010
201001HT20649,A,1202,Unclassified,0,Slight,None,11-09-2010,Saturday,1,Give way or uncontrolled,Crossroads,51.516894,Darkness - lights lit,533780,181540,-0.073319,E01004310,1,1,0,4,Dry,Single carriageway,None,30,02:00:00,Urban,Fine no high winds,No,21 - 25,4,Urban area,3,125,None,None,Journey as part of work,Approaching junction or waiting/parked at junction approach,HONDA,ANF 126 T-6,Petrol,Male,None,No tow/articulation,Did not leave carriageway,0,Going ahead other,1,Motorcycle 125cc and under,No,Front,2010
201001JC30057,Unclassified,0,Unclassified,0,Slight,None,13-02-2010,Saturday,1,Give way or uncontrolled,Private drive or entrance,51.612151,Darkness - lights lit,537880,192250,-0.010068,E01004417,1,2,0,0,Wet or damp,Single carriageway,None,30,20:06:00,Urban,Fine no high winds,No,21 - 25,4,Data missing or out of range,NA,49,None,None,Journey as part of work,Mid Junction - on roundabout or on main road,PEUGEOT,LUDIX ELEGANCE,Petrol,Male,None,No tow/articulation,Did not leave carriageway,0,Overtaking moving vehicle - offside,2,Motorcycle 50cc and under,No,Front,2010
201001JC30112,A,112,Unclassified,0,Slight,None,07-03-2010,Sunday,2,Give way or uncontrolled,T or staggered junction,51.579192,Darkness - lights lit,537430,188570,-0.018003,E01004406,1,2,0,0,Dry,Single carriageway,None,30,00:19:00,Urban,Fine no high winds,No,21 - 25,4,Urban area,4,1796,None,None,Other/Not known (2005-10),Mid Junction - on roundabout or on main road,VAUXHALL,ASTRA CLUB AUTO,Petrol,Male,None,No tow/articulation,Did not leave carriageway,0,Going ahead other,1,Car,No,Back,2010
201001JI40779,A,12,C,0,Slight,None,27-11-2010,Saturday,1,Give way or uncontrolled,Roundabout,51.5761,Darkness - lights lit,542290,188360,0.052003,E01003696,1,1,0,0,Wet or damp,Roundabout,None,30,18:06:00,Urban,Fine no high winds,No,21 - 25,4,Data missing or out of range,NA,49,None,None,Journey as part of work,Mid Junction - on roundabout or on main road,PEUGEOT,LUDIX ELEGANCE,Petrol,Male,Skidded,No tow/articulation,Did not leave carriageway,0,Slowing or stopping,1,Motorcycle 50cc and under,No,Did not impact,2010
201001KF60598,A,13,A,406,Slight,None,18-09-2010,Saturday,2,Auto traffic signal,Roundabout,51.525384,Darkness - lights lit,543850,182760,0.072212,E01003535,1,2,0,0,Dry,Roundabout,None,30,00:02:00,Urban,Fine no high winds,No,21 - 25,4,Urban area,3,1997,None,None,Other/Not known (2005-10),Approaching junction or waiting/parked at junction approach,PEUGEOT,307 CC S,Petrol,Male,None,No tow/articulation,Did not leave carriageway,0,Waiting to go - held up,1,Car,No,Back,2010
201001MM71026,Unclassified,0,A,202,Slight,None,20-11-2010,Saturday,2,Give way or uncontrolled,T or staggered junction,51.473754,Darkness - lights lit,534560,176760,-0.063906,E01004067,1,2,0,0,Dry,Single carriageway,None,30,23:00:00,Urban,Fine no high winds,No,21 - 25,4,Urban area,3,1388,None,None,Other/Not known (2005-10),Cleared junction or waiting/parked at junction exit,FORD,FOCUS SPORT,Petrol,Male,None,No tow/articulation,Did not leave carriageway,0,Waiting to go - held up,1,Car,No,Front,2010
201001MM71069,A,3202,A,300,Slight,None,05-12-2010,Sunday,1,Auto traffic signal,Crossroads,51.498985,Darkness - lights lit,531980,179500,-0.100009,E01003932,1,2,0,5,Wet or damp,Single carriageway,None,30,19:55:00,Urban,Fine no high winds,No,21 - 25,4,Urban area,3,125,None,None,Journey as part of work,Mid Junction - on roundabout or on main road,HONDA,ANF 126 T-6,Petrol,Male,None,No tow/articulation,Did not leave carriageway,0,Turning right,1,Motorcycle 125cc and under,No,Offside,2010
201001PL60033,A,205,NA,0,Slight,None,20-01-2010,Wednesday,1,Data missing or out of range,Not at junction or within 20 metres,51.439235,Darkness - lights lit,535360,172940,-0.053855,E01003255,1,1,0,0,Dry,Single carriageway,None,30,17:40:00,Urban,Fine no high winds,No,21 - 25,4,Urban area,4,124,None,None,Other/Not known (2005-10),Not at or within 20 metres of junction,HONDA,CG 125-4,Petrol,Male,None,No tow/articulation,Did not leave carriageway,0,Going ahead other,1,Motorcycle 125cc and under,No,Front,2010
201001RG40071,A,102,NA,0,Slight,None,18-01-2010,Monday,1,Data missing or out of range,Not at junction or within 20 metres,51.488737,Darkness - lights lit,539850,178570,0.012929,E01001667,1,2,0,0,Dry,Dual carriageway,None,50,19:12:00,Urban,Fine no high winds,No,21 - 25,4,Urban area,2,2184,None,None,Other/Not known (2005-10),Not at or within 20 metres of junction,NISSAN,X-TRAIL COLUMBIA DCI,Heavy oil,Male,Skidded,No tow/articulation,Did not leave carriageway,0,Going ahead other,2,Car,No,Front,2010
201001SX20868,Motorway,1,NA,0,Slight,None,14-08-2010,Saturday,1,Data missing or out of range,Not at junction or within 20 metres,51.603503,Darkness - lights lit,521990,190880,-0.239913,E01000260,1,2,0,0,Wet or damp,Dual carriageway,None,70,01:35:00,Urban,Fine no high winds,No,21 - 25,4,Urban area,1,2494,None,None,Journey as part of work,Not at or within 20 metres of junction,TOYOTA,HIACE 280 GS SWB 88 BHP,Heavy oil,Male,None,No tow/articulation,Did not leave carriageway,0,Going ahead other,1,Van / Goods 3.5 tonnes mgw or under,No,Front,2010
201001SX20900,B,550,NA,0,Slight,None,30-08-2010,Monday,1,Data missing or out of range,Not at junction or within 20 metres,51.625473,Darkness - lights lit,526690,193440,-0.171158,E01000284,1,2,0,0,Dry,Single carriageway,None,30,20:53:00,Urban,Fine no high winds,No,21 - 25,4,Data missing or out of range,NA,125,None,None,Journey as part of work,Not at or within 20 metres of junction,HONDA,ANF 126 T-6,Petrol,Male,None,No tow/articulation,Did not leave carriageway,0,Going ahead other,1,Motorcycle 125cc and under,No,Front,2010
201034TN53310,A,45,NA,0,Slight,None,26-12-2010,Sunday,1,Data missing or out of range,Not at junction or within 20 metres,52.228706,Darkness - lights lit,477240,259550,-0.870532,E01027224,2,3,0,0,Frost or ice,Dual carriageway,None,60,17:00:00,Rural,Fine no high winds,No,21 - 25,4,Urban area,8,1560,None,Near/Offside crash barrier,Commuting to/from work,Not at or within 20 metres of junction,PEUGEOT,307 S HDI,Heavy oil,Male,Skidded and overturned,No tow/articulation,Nearside,0,Going ahead other,1,Car,No,Front,2010
201034WN03910,Unclassified,7760,C,157,Slight,None,26-01-2010,Tuesday,1,Give way or uncontrolled,T or staggered junction,52.271445,Darkness - lights lit,480090,264350,-0.827677,E01027246,1,2,0,0,Wet or damp,Single carriageway,None,30,16:05:00,Urban,Fine no high winds,No,21 - 25,4,Data missing or out of range,NA,2985,None,None,Other/Not known (2005-10),Approaching junction or waiting/parked at junction approach,JEEP,GRAND CHEROKEE CRD LTD A,Heavy oil,Male,None,No tow/articulation,Did not leave carriageway,0,Going ahead other,1,Car,No,Front,2010
201037B044504,Unclassified,6500,NA,0,Slight,None,15-03-2010,Monday,1,Data missing or out of range,Not at junction or within 20 metres,52.24164,Darkness - lights lit,563310,263080,0.390478,E01029949,1,1,0,0,Dry,Single carriageway,None,30,01:30:00,Urban,Fine no high winds,No,21 - 25,4,Urban area,8,1910,None,None,Other/Not known (2005-10),Not at or within 20 metres of junction,SAAB,9-3 VECTOR SPORT TID AUTO,Heavy oil,Male,None,No tow/articulation,Did not leave carriageway,0,Moving off,1,Car,No,Front,2010
201037G030544,Unclassified,2423,Unclassified,2426,Slight,None,05-12-2010,Sunday,1,Give way or uncontrolled,Crossroads,52.050469,Darkness - lights lit,617960,243890,1.177437,E01029990,1,2,0,0,Dry,Single carriageway,None,30,20:37:00,Urban,Fine no high winds,No,21 - 25,4,Rural,9,1999,None,None,Other/Not known (2005-10),Mid Junction - on roundabout or on main road,FORD,FIESTA ST,Petrol,Male,None,No tow/articulation,Did not leave carriageway,0,Going ahead other,2,Car,No,Offside,2010
2010400D03692,Unclassified,0,Unclassified,0,Slight,None,15-12-2010,Wednesday,1,Give way or uncontrolled,T or staggered junction,51.889439,Darkness - lights lit,504420,222300,-0.48409,E01015714,4,2,0,0,Wet or damp,Single carriageway,None,30,21:16:00,Urban,Fine no high winds,No,21 - 25,4,Urban area,2,1686,None,None,Other/Not known (2005-10),Approaching junction or waiting/parked at junction approach,VAUXHALL,MERIVA LIFE CDTI,Heavy oil,Male,None,No tow/articulation,Did not leave carriageway,0,Going ahead other,2,Car,No,Front,2010
20104100T1177,Motorway,1,NA,0,Slight,None,31-12-2010,Friday,2,Not at junction or within 20 metres,Not at junction or within 20 metres,51.70236,Darkness - lights lit,512080,201650,-0.379497,E01023834,1,2,0,0,Dry,Dual carriageway,None,70,19:05:00,Rural,Fine no high winds,No,21 - 25,4,Urban area,5,1753,None,Central crash barrier,Commuting to/from work,Not at or within 20 metres of junction,FORD,FOCUS TITANIUM TDCI,Heavy oil,Male,Skidded,No tow/articulation,Offside on to central reservation,0,Going ahead other,2,Car,No,Nearside,2010
20104100T3287,Motorway,25,NA,0,Slight,None,26-11-2010,Friday,1,Not at junction or within 20 metres,Not at junction or within 20 metres,51.622268,Darkness - lights lit,502210,192530,-0.524938,E01023838,2,2,0,0,Dry,Dual carriageway,None,70,18:00:00,Rural,Fine no high winds,No,21 - 25,4,Urban area,4,10308,None,None,Journey as part of work,Not at or within 20 metres of junction,IVECO,,Heavy oil,Male,None,Articulated vehicle,Did not leave carriageway,0,Slowing or stopping,2,Goods 7.5 tonnes mgw and over,No,Back,2010
201042I026101,Motorway,25,NA,0,Slight,None,30-01-2010,Saturday,1,Not at junction or within 20 metres,Not at junction or within 20 metres,51.680357,Darkness - lights lit,537870,199840,-0.007223,E01021817,1,1,0,0,Dry,Dual carriageway,None,70,23:49:00,Rural,Fine no high winds,No,21 - 25,4,Data missing or out of range,NA,1598,None,Road sign or traffic signal,Other/Not known (2005-10),Not at or within 20 metres of junction,VAUXHALL,ASTRA CLUB TWINPORT,Petrol,Male,Skidded and overturned,No tow/articulation,Nearside,0,Changing lane to left,1,Car,No,Front,2010
201042I256408,A,113,NA,0,Slight,None,14-08-2010,Saturday,1,Not at junction or within 20 metres,Not at junction or within 20 metres,51.621164,Darkness - lights lit,543880,193420,0.077006,E01021751,1,1,0,0,Dry,Single carriageway,None,30,04:30:00,Urban,Fine no high winds,No,21 - 25,4,Data missing or out of range,NA,998,None,None,Other/Not known (2005-10),Not at or within 20 metres of junction,PEUGEOT,107 URBAN,Petrol,Male,Overturned,No tow/articulation,Nearside,0,Going ahead right-hand bend,1,Car,No,Front,2010
201042I388111,Unclassified,0,Unclassified,0,Slight,None,19-11-2010,Friday,1,Give way or uncontrolled,T or staggered junction,51.535002,Darkness - lights lit,588170,185280,0.711758,E01015852,1,3,0,0,Wet or damp,Single carriageway,None,30,17:17:00,Urban,Fine no high winds,No,21 - 25,4,Urban area,10,2477,None,None,Other/Not known (2005-10),Approaching junction or waiting/parked at junction approach,MITSUBISHI,L200 4LIFE DI-D D/C,Heavy oil,Male,None,No tow/articulation,Did not leave carriageway,0,Waiting to go - held up,3,Van / Goods 3.5 tonnes mgw or under,No,Front,2010
201043N321110,Unclassified,4,Unclassified,966,Slight,None,26-11-2010,Friday,1,Give way or uncontrolled,T or staggered junction,51.525484,Darkness - lights lit,498540,181690,-0.580973,E01017832,1,3,0,0,Frost or ice,Single carriageway,None,30,22:40:00,Rural,Fine no high winds,No,21 - 25,4,Urban area,4,1995,None,None,Other/Not known (2005-10),Approaching junction or waiting/parked at junction approach,BMW,520D SE,Heavy oil,Male,None,No tow/articulation,Did not leave carriageway,0,Waiting to turn right,2,Car,No,Back,2010
201043P321020,A,420,A,4158,Slight,None,25-02-2010,Thursday,1,Give way or uncontrolled,Roundabout,51.749769,Darkness - lights lit,452260,205950,-1.244385,E01028588,1,2,0,0,Dry,Roundabout,None,20,18:43:00,Urban,Fine no high winds,No,21 - 25,4,Urban area,10,1198,None,None,Other/Not known (2005-10),Leaving roundabout,SEAT,IBIZA REFERENCE,Petrol,Male,None,No tow/articulation,Did not leave carriageway,0,Going ahead other,1,Car,No,Front,2010
201043R227050,A,329,NA,0,Slight,None,30-05-2010,Sunday,1,Data missing or out of range,Not at junction or within 20 metres,51.409426,Darkness - lights lit,487060,168570,-0.749638,E01016249,1,1,0,0,Wet or damp,Dual carriageway,None,40,00:26:00,Urban,Fine no high winds,No,21 - 25,4,Urban area,5,1596,Kerb,Other permanent object,Other/Not known (2005-10),Not at or within 20 metres of junction,FORD,FOCUS SPORT,Petrol,Male,Skidded,No tow/articulation,Nearside,0,Going ahead other,1,Car,No,Front,2010
201043W245110,A,4,Unclassified,7153,Slight,None,28-11-2010,Sunday,1,Give way or uncontrolled,Roundabout,51.432172,Darkness - lights lit,463300,170750,-1.090821,E01016345,1,1,0,0,Frost or ice,Roundabout,None,60,04:38:00,Rural,Fine no high winds,No,21 - 25,4,Urban area,7,1999,Kerb,None,Other/Not known (2005-10),Entering roundabout,FORD,FIESTA ST,Petrol,Male,Skidded and overturned,No tow/articulation,Straight ahead at junction,0,Turning left,1,Car,No,Offside,2010
201045RU48743,Motorway,25,A,30,Slight,Other object on road,07-02-2010,Sunday,1,Give way or uncontrolled,Slip road,51.440791,Darkness - lights lit,502190,172340,-0.53108,E01016576,1,1,0,0,Dry,Dual carriageway,None,70,03:54:00,Rural,Fine no high winds,No,21 - 25,4,Rural,9,2184,Other object,None,Other/Not known (2005-10),Leaving main road,NISSAN,X-TRAIL SE DCI 4WD,Heavy oil,Male,Overturned,No tow/articulation,Did not leave carriageway,0,Changing lane to left,1,Car,No,Front,2010
201045RU55191,A,30,A,328,Slight,None,10-10-2010,Sunday,1,Auto traffic signal,More than 4 arms (not roundabout),51.424647,Darkness - lights lit,499460,170490,-0.570865,E01030675,5,2,0,5,Dry,Single carriageway,None,40,20:45:00,Urban,Fine no high winds,No,21 - 25,4,Urban area,10,3498,None,Other permanent object,Other/Not known (2005-10),Approaching junction or waiting/parked at junction approach,NISSAN,MURANO CVT,Petrol,Male,None,No tow/articulation,Offside,0,Going ahead other,1,Car,No,Offside,2010
201045RU56581,Motorway,3,Motorway,25,Slight,None,08-12-2010,Wednesday,2,Give way or uncontrolled,Slip road,51.398984,Darkness - lights lit,501240,167670,-0.546077,E01030677,1,4,0,0,Dry,Dual carriageway,None,70,18:45:00,Rural,Fine no high winds,No,21 - 25,4,Urban area,4,2402,None,None,Journey as part of work,Entering from slip road,FORD,TRANSIT 115 T350EF RWD,Heavy oil,Male,Skidded,No tow/articulation,Did not leave carriageway,0,Slowing or stopping,2,Van / Goods 3.5 tonnes mgw or under,No,Front,2010
201045RU57255,Motorway,25,NA,0,Slight,None,30-12-2010,Thursday,1,Data missing or out of range,Not at junction or within 20 metres,51.42445,Darkness - lights lit,501590,170510,-0.540234,E01030687,4,3,0,0,Dry,Dual carriageway,None,70,17:55:00,Rural,Fine no high winds,No,21 - 25,4,Urban area,7,1896,None,None,Other/Not known (2005-10),Not at or within 20 metres of junction,AUDI,A3 SPECIAL EDITION TDI,Heavy oil,Male,None,No tow/articulation,Did not leave carriageway,0,Waiting to go - held up,1,Car,No,Back,2010