Accident_Index,1st_Road_Class,1st_Road_Number,2nd_Road_Class,2nd_Road_Number,Accident_Severity,Carriageway_Hazards,Date,Day_of_Week,Did_Police_Officer_Attend_Scene_of_Accident,Junction_Control,Junction_Detail,Latitude,Light_Conditions,Location_Easting_OSGR,Location_Northing_OSGR,Longitude,LSOA_of_Accident_Location,Number_of_Casualties,Number_of_Vehicles,Pedestrian_Crossing-Human_Control,Pedestrian_Crossing-Physical_Facilities,Road_Surface_Conditions,Road_Type,Special_Conditions_at_Site,Speed_limit,Time,Urban_or_Rural_Area,Weather_Conditions,InScotland,Age_Band_of_Driver,Age_of_Vehicle,Driver_Home_Area_Type,Driver_IMD_Decile,Engine_Capacity_.CC.,Hit_Object_in_Carriageway,Hit_Object_off_Carriageway,Journey_Purpose_of_Driver,Junction_Location,make,model,Propulsion_Code,Sex_of_Driver,Skidding_and_Overturning,Towing_and_Articulation,Vehicle_Leaving_Carriageway,Vehicle_Location.Restricted_Lane,Vehicle_Manoeuvre,Vehicle_Reference,Vehicle_Type,Was_Vehicle_Left_Hand_Drive,X1st_Point_of_Impact,Year
201045SP52956,A,30,A,308,Slight,None,01-08-2010,Sunday,1,Give way or uncontrolled,T or staggered junction,51.436448,Darkness - lights lit,504320,171900,-0.500574,E01030734,2,2,0,0,Dry,Unknown,None,30,00:13:00,Urban,Fine no high winds,No,21 - 25,4,Urban area,8,1360,None,None,Other/Not known (2005-10),Mid Junction - on roundabout or on main road,PEUGEOT,206 VERVE,Petrol,Male,None,No tow/articulation,Did not leave carriageway,0,Going ahead other,2,Car,No,Offside,2010
201050ED2M007,Unclassified,0,Unclassified,0,Slight,None,12-08-2010,Thursday,1,Auto traffic signal,T or staggered junction,50.378818,Darkness - lights lit,245570,55480,-4.173392,E01015045,1,2,0,4,Dry,Single carriageway,None,30,23:32:00,Urban,Fine no high winds,No,21 - 25,4,Urban area,2,1198,None,None,Other/Not known (2005-10),Cleared junction or waiting/parked at junction exit,VOLKSWAGEN,POLO E 55,Petrol,Male,None,No tow/articulation,Did not leave carriageway,0,Moving off,1,Car,No,Offside,2010
201050EL2G017,A,386,A,386,Slight,None,14-07-2010,Wednesday,1,Auto traffic signal,Roundabout,50.418362,Darkness - lights lit,249380,59770,-4.121566,E01015092,1,2,0,0,Dry,Dual carriageway,None,40,22:27:00,Urban,Fine no high winds,No,21 - 25,4,Rural,5,644,None,None,Journey as part of work,Entering roundabout,HONDA,FMX 650-5,Petrol,Male,None,No tow/articulation,Did not leave carriageway,0,Waiting to go - held up,2,Motorcycle over 500cc,No,Front,2010
201054DE38710,A,4259,A,4312,Slight,None,11-12-2010,Saturday,1,Give way or uncontrolled,Roundabout,51.561977,Darkness - lights lit,416300,184820,-1.766266,E01015479,1,1,0,0,Wet or damp,Roundabout,None,40,02:17:00,Urban,Fine no high winds,No,21 - 25,4,Urban area,9,1587,Central island of roundabout,Road sign or traffic signal,Other/Not known (2005-10),Entering roundabout,CITROEN,C2 VTS,Petrol,Male,Skidded,No tow/articulation,Offside,0,Going ahead other,1,Car,No,Front,2010
201001EO40564,A,1200,C,0,Slight,None,21-09-2010,Tuesday,1,Give way or uncontrolled,T or staggered junction,51.536049,Darkness - lights lit,532580,183640,-0.089814,E01002798,1,4,0,1,Dry,Single carriageway,None,30,23:30:00,Urban,Fine no high winds,No,21 - 25,4,Urban area,2,1984,None,None,Other/Not known (2005-10),Mid Junction - on roundabout or on main road,AUDI,A4 SE T FSI CVT,Petrol,Male,None,No tow/articulation,Did not leave carriageway,0,Going ahead other,4,Car,No,Offside,2010
201001EO40673,A,401,B,502,Slight,None,23-10-2010,Saturday,1,Give way or uncontrolled,Crossroads,51.526467,Darkness - lights lit,531280,182540,-0.108957,E01002726,1,2,0,0,Dry,Single carriageway,None,30,23:59:00,Urban,Fine no high winds,No,21 - 25,4,Urban area,4,125,None,None,Other/Not known (2005-10),Mid Junction - on roundabout or on main road,HONDA,ANF 126 T-6,Petrol,Male,None,No tow/articulation,Did not leave carriageway,0,Going ahead other,2,Motorcycle 125cc and under,No,Front,2010
201001EO40776,B,519,NA,0,Slight,None,10-12-2010,Friday,2,Data missing or out of range,Not at junction or within 20 metres,51.566853,Darkness - lights lit,529180,186980,-0.137583,E01002770,1,2,0,0,Wet or damp,Single carriageway,None,30,18:02:00,Urban,Fine no high winds,No,21 - 25,4,Urban area,2,1598,None,None,Other/Not known (2005-10),Not at or within 20 metres of junction,VOLKSWAGEN,GOLF FSI SE,Petrol,Male,None,No tow/articulation,Did not leave carriageway,0,Waiting to go - held up,1,Car,No,Back,2010
201001GD10763,A,503,A,105,Slight,None,02-11-2010,Tuesday,1,Auto traffic signal,Crossroads,51.570682,Darkness - lights lit,532050,187480,-0.096011,E01001813,1,2,0,5,Dry,Single carriageway,None,30,21:20:00,Urban,Fine no high winds,No,21 - 25,4,Urban area,1,1910,None,None,Other/Not known (2005-10),Mid Junction - on roundabout or on main road,VAUXHALL,VECTRA EXCLUSIV CDTI 150,Heavy oil,Male,None,No tow/articulation,Did not leave carriageway,0,Turning right,1,Car,No,Front,2010
201001HT20649,A,1202,Unclassified,0,Slight,None,11-09-2010,Saturday,1,Give way or uncontrolled,Crossroads,51.516894,Darkness - lights lit,533780,181540,-0.073319,E01004310,1,1,0,4,Dry,Single carriageway,None,30,02:00:00,Urban,Fine no high winds,No,21 - 25,4,Urban area,3,125,None,None,Journey as part of work,Approaching junction or waiting/parked at junction approach,HONDA,ANF 126 T-6,Petrol,Male,None,No tow/articulation,Did not leave carriageway,0,Going ahead other,1,Motorcycle 125cc and under,No,Front,2010
201001JC30057,Unclassified,0,Unclassified,0,Slight,None,13-02-2010,Saturday,1,Give way or uncontrolled,Private drive or entrance,51.612151,Darkness - lights lit,537880,192250,-0.010068,E01004417,1,2,0,0,Wet or damp,Single carriageway,None,30,20:06:00,Urban,Fine no high winds,No,21 - 25,4,Data missing or out of range,NA,49,None,None,Journey as part of work,Mid Junction - on roundabout or on main road,PEUGEOT,LUDIX ELEGANCE,Petrol,Male,None,No tow/articulation,Did not leave carriageway,0,Overtaking moving vehicle - offside,2,Motorcycle 50cc and under,No,Front,2010
201001JC30112,A,112,Unclassified,0,Slight,None,07-03-2010,Sunday,2,Give way or uncontrolled,T or staggered junction,51.579192,Darkness - lights lit,537430,188570,-0.018003,E01004406,1,2,0,0,Dry,Single carriageway,None,30,00:19:00,Urban,Fine no high winds,No,21 - 25,4,Urban area,4,1796,None,None,Other/Not known (2005-10),Mid Junction - on roundabout or on main road,VAUXHALL,ASTRA CLUB AUTO,Petrol,Male,None,No tow/articulation,Did not leave carriageway,0,Going ahead other,1,Car,No,Back,2010
201001JI40779,A,12,C,0,Slight,None,27-11-2010,Saturday,1,Give way or uncontrolled,Roundabout,51.5761,Darkness - lights lit,542290,188360,0.052003,E01003696,1,1,0,0,Wet or damp,Roundabout,None,30,18:06:00,Urban,Fine no high winds,No,21 - 25,4,Data missing or out of range,NA,49,None,None,Journey as part of work,Mid Junction - on roundabout or on main road,PEUGEOT,LUDIX ELEGANCE,Petrol,Male,Skidded,No tow/articulation,Did not leave carriageway,0,Slowing or stopping,1,Motorcycle 50cc and under,No,Did not impact,2010
201001KF60598,A,13,A,406,Slight,None,18-09-2010,Saturday,2,Auto traffic signal,Roundabout,51.525384,Darkness - lights lit,543850,182760,0.072212,E01003535,1,2,0,0,Dry,Roundabout,None,30,00:02:00,Urban,Fine no high winds,No,21 - 25,4,Urban area,3,1997,None,None,Other/Not known (2005-10),Approaching junction or waiting/parked at junction approach,PEUGEOT,307 CC S,Petrol,Male,None,No tow/articulation,Did not leave carriageway,0,Waiting to go - held up,1,Car,No,Back,2010
201001MM71026,Unclassified,0,A,202,Slight,None,20-11-2010,Saturday,2,Give way or uncontrolled,T or staggered junction,51.473754,Darkness - lights lit,534560,176760,-0.063906,E01004067,1,2,0,0,Dry,Single carriageway,None,30,23:00:00,Urban,Fine no high winds,No,21 - 25,4,Urban area,3,1388,None,None,Other/Not known (2005-10),Cleared junction or waiting/parked at junction exit,FORD,FOCUS SPORT,Petrol,Male,None,No tow/articulation,Did not leave carriageway,0,Waiting to go - held up,1,Car,No,Front,2010
201001MM71069,A,3202,A,300,Slight,None,05-12-2010,Sunday,1,Auto traffic signal,Crossroads,51.498985,Darkness - lights lit,531980,179500,-0.100009,E01003932,1,2,0,5,Wet or damp,Single carriageway,None,30,19:55:00,Urban,Fine no high winds,No,21 - 25,4,Urban area,3,125,None,None,Journey as part of work,Mid Junction - on roundabout or on main road,HONDA,ANF 126 T-6,Petrol,Male,None,No tow/articulation,Did not leave carriageway,0,Turning right,1,Motorcycle 125cc and under,No,Offside,2010
201001PL60033,A,205,NA,0,Slight,None,20-01-2010,Wednesday,1,Data missing or out of range,Not at junction or within 20 metres,51.439235,Darkness - lights lit,535360,172940,-0.053855,E01003255,1,1,0,0,Dry,Single carriageway,None,30,17:40:00,Urban,Fine no high winds,No,21 - 25,4,Urban area,4,124,None,None,Other/Not known (2005-10),Not at or within 20 metres of junction,HONDA,CG 125-4,Petrol,Male,None,No tow/articulation,Did not leave carriageway,0,Going ahead other,1,Motorcycle 125cc and under,No,Front,2010
201001RG40071,A,102,NA,0,Slight,None,18-01-2010,Monday,1,Data missing or out of range,Not at junction or within 20 metres,51.488737,Darkness - lights lit,539850,178570,0.012929,E01001667,1,2,0,0,Dry,Dual carriageway,None,50,19:12:00,Urban,Fine no high winds,No,21 - 25,4,Urban area,2,2184,None,None,Other/Not known (2005-10),Not at or within 20 metres of junction,NISSAN,X-TRAIL COLUMBIA DCI,Heavy oil,Male,Skidded,No tow/articulation,Did not leave carriageway,0,Going ahead other,2,Car,No,Front,2010
201001SX20868,Motorway,1,NA,0,Slight,None,14-08-2010,Saturday,1,Data missing or out of range,Not at junction or within 20 metres,51.603503,Darkness - lights lit,521990,190880,-0.239913,E01000260,1,2,0,0,Wet or damp,Dual carriageway,None,70,01:35:00,Urban,Fine no high winds,No,21 - 25,4,Urban area,1,2494,None,None,Journey as part of work,Not at or within 20 metres of junction,TOYOTA,HIACE 280 GS SWB 88 BHP,Heavy oil,Male,None,No tow/articulation,Did not leave carriageway,0,Going ahead other,1,Van / Goods 3.5 tonnes mgw or under,No,Front,2010
201001SX20900,B,550,NA,0,Slight,None,30-08-2010,Monday,1,Data missing or out of range,Not at junction or within 20 metres,51.625473,Darkness - lights lit,526690,193440,-0.171158,E01000284,1,2,0,0,Dry,Single carriageway,None,30,20:53:00,Urban,Fine no high winds,No,21 - 25,4,Data missing or out of range,NA,125,None,None,Journey as part of work,Not at or within 20 metres of junction,HONDA,ANF 126 T-6,Petrol,Male,None,No tow/articulation,Did not leave carriageway,0,Going ahead other,1,Motorcycle 125cc and under,No,Front,2010
201001TW60087,A,316,A,307,Slight,None,09-04-2010,Friday,1,Give way or uncontrolled,Roundabout,51.464994,Darkness - lights lit,518240,175380,-0.299237,E01003860,1,2,0,0,Dry,Roundabout,None,30,00:05:00,Urban,Fine no high winds,No,21 - 25,4,Urban area,10,124,None,None,Other/Not known (2005-10),Mid Junction - on roundabout or on main road,PIAGGIO,ZIP,Petrol,Male,None,No tow/articulation,Did not leave carriageway,0,Turning right,2,Motorcycle 125cc and under,No,Front,2010
201001TW60198,A,205,Unclassified,0,Slight,None,04-07-2010,Sunday,1,Give way or uncontrolled,T or staggered junction,51.468268,Darkness - lights lit,519770,175780,-0.277086,E01003865,1,2,0,0,Dry,Single carriageway,None,30,22:32:00,Urban,Fine no high winds,No,21 - 25,4,Urban area,3,1299,None,None,Other/Not known (2005-10),Mid Junction - on roundabout or on main road,FORD,KA COLLECTION,Petrol,Male,None,No tow/articulation,Did not leave carriageway,0,Turning right,2,Car,No,Offside,2010
201001TX20370,A,312,NA,0,Slight,None,16-06-2010,Wednesday,1,Data missing or out of range,Not at junction or within 20 metres,51.458022,Darkness - lights lit,510480,174430,-0.411197,E01002595,3,2,0,0,Dry,Dual carriageway,None,40,23:03:00,Urban,Fine no high winds,No,21 - 25,4,Urban area,2,2000,None,None,Other/Not known (2005-10),Not at or within 20 metres of junction,VOLKSWAGEN,GOLF S SDI,Heavy oil,Male,None,No tow/articulation,Did not leave carriageway,0,Going ahead other,2,Car,No,Offside,2010
201001TX20756,A,310,C,0,Slight,None,10-11-2010,Wednesday,1,Auto traffic signal,T or staggered junction,51.46759,Darkness - lights lit,516120,175620,-0.329663,E01002668,2,2,0,0,Dry,Single carriageway,None,30,06:32:00,Urban,Fine no high winds,No,21 - 25,4,Rural,10,1242,None,None,Journey as part of work,Mid Junction - on roundabout or on main road,FIAT,PUNTO DYNAMIC,Petrol,Male,None,No tow/articulation,Did not leave carriageway,0,Turning right,1,Car,No,Front,2010
201001VK30402,A,3,NA,0,Slight,None,11-12-2010,Saturday,1,Data missing or out of range,Not at junction or within 20 metres,51.384692,Darkness - lights lit,520150,166490,-0.274766,E01002915,1,2,0,0,Dry,Single carriageway,None,30,18:59:00,Urban,Fine no high winds,No,21 - 25,4,Data missing or out of range,NA,1968,None,None,Other/Not known (2005-10),Not at or within 20 metres of junction,VOLKSWAGEN,PASSAT SE TDI 140,Heavy oil,Male,None,No tow/articulation,Did not leave carriageway,0,Overtaking static vehicle - offside,1,Car,No,Front,2010
201001WW50365,Unclassified,0,Unclassified,0,Slight,None,16-05-2010,Sunday,1,Give way or uncontrolled,T or staggered junction,51.462671,Darkness - lights lit,523650,175250,-0.22144,E01004607,1,2,0,0,Wet or damp,Single carriageway,None,30,19:30:00,Urban,Fine no high winds,No,21 - 25,4,Urban area,2,125,None,None,Other/Not known (2005-10),Mid Junction - on roundabout or on main road,HONDA,ANF 126 T-6,Petrol,Male,None,No tow/articulation,Did not leave carriageway,0,Turning right,1,Motorcycle 125cc and under,No,Front,2010
201001WW50922,C,0,Unclassified,0,Slight,None,18-11-2010,Thursday,1,Give way or uncontrolled,Crossroads,51.435207,Darkness - lights lit,528730,172320,-0.149417,E01004489,1,2,0,0,Wet or damp,Single carriageway,None,30,19:45:00,Urban,Fine no high winds,No,21 - 25,4,Urban area,4,125,None,None,Journey as part of work,Mid Junction - on roundabout or on main road,HONDA,ANF 125-5,Petrol,Male,None,No tow/articulation,Did not leave carriageway,0,Overtaking moving vehicle - offside,2,Motorcycle 125cc and under,No,Nearside,2010
201001XD80581,A,3005,NA,0,Slight,None,06-08-2010,Friday,1,Data missing or out of range,Not at junction or within 20 metres,51.50908,Darkness - lights lit,512730,180160,-0.376998,E01001361,2,2,0,0,Dry,Single carriageway,None,30,23:30:00,Urban,Fine no high winds,No,21 - 25,4,Urban area,4,398,None,None,Other/Not known (2005-10),Not at or within 20 metres of junction,SUZUKI,DRZ 400 SM K6,Petrol,Male,None,No tow/articulation,Did not leave carriageway,0,Going ahead other,2,Motorcycle over 500cc,No,Front,2010
201001YE80102,B,1452,C,0,Slight,None,05-02-2010,Friday,1,Give way or uncontrolled,Crossroads,51.617174,Darkness - lights lit,529980,192600,-0.123967,E01001535,1,1,0,0,Dry,Single carriageway,None,30,21:45:00,Urban,Fine no high winds,No,21 - 25,4,Data missing or out of range,NA,49,Kerb,None,Journey as part of work,Approaching junction or waiting/parked at junction approach,PEUGEOT,LUDIX ELEGANCE,Petrol,Male,None,No tow/articulation,Did not leave carriageway,0,Slowing or stopping,1,Motorcycle 50cc and under,No,Offside,2010
201001YE80173,Unclassified,0,Unclassified,0,Slight,None,04-03-2010,Thursday,1,Give way or uncontrolled,T or staggered junction,51.624975,Darkness - lights lit,532370,193530,-0.089115,E01001494,1,2,0,0,Dry,Single carriageway,None,30,22:50:00,Urban,Fine no high winds,No,21 - 25,4,Urban area,5,1364,None,None,Other/Not known (2005-10),Mid Junction - on roundabout or on main road,VAUXHALL,TIGRA EXCLUSIV,Petrol,Male,None,No tow/articulation,Did not leave carriageway,0,Slowing or stopping,2,Car,No,Front,2010
201001ZT80398,B,277,Unclassified,0,Slight,None,13-11-2010,Saturday,1,Give way or uncontrolled,T or staggered junction,51.37355,Darkness - lights lit,527960,165440,-0.162969,E01004164,1,2,0,0,Wet or damp,Single carriageway,None,30,19:55:00,Urban,Fine no high winds,No,21 - 25,4,Urban area,6,125,None,None,Journey as part of work,Mid Junction - on roundabout or on main road,HONDA,ANF 126-6,Petrol,Male,None,No tow/articulation,Did not leave carriageway,0,Going ahead other,1,Motorcycle 50cc and under,No,Nearside,2010
201004BB10222,A,683,B,5273,Slight,None,29-12-2010,Wednesday,1,Give way or uncontrolled,Roundabout,54.054172,Darkness - lights lit,345100,462350,-2.840119,E01025134,2,1,0,0,Wet or damp,Roundabout,None,50,19:20:00,Rural,Fine no high winds,No,21 - 25,4,Data missing or out of range,NA,1598,None,None,Other/Not known (2005-10),Leaving roundabout,VAUXHALL,ASTRA SXI TWINPORT,Petrol,Male,Skidded and overturned,No tow/articulation,Nearside,0,Moving off,1,Car,No,Nearside,2010
201004CA10012,A,6,Unclassified,0,Slight,None,12-02-2010,Friday,1,Give way or uncontrolled,Private drive or entrance,53.661858,Darkness - lights lit,358420,418560,-2.630719,E01024933,4,2,0,0,Wet or damp,Single carriageway,None,30,20:50:00,Urban,Fine no high winds,No,21 - 25,4,Rural,7,1896,None,None,Other/Not known (2005-10),Approaching junction or waiting/parked at junction approach,SEAT,LEON STYLANCE TDI,Heavy oil,Male,None,No tow/articulation,Did not leave carriageway,0,Changing lane to right,1,Car,No,Offside,2010
201004DR10039,A,5085,B,6243,Slight,None,10-05-2010,Monday,1,Auto traffic signal,Crossroads,53.77013,Darkness - lights lit,355870,430630,-2.67103,E01025296,1,2,0,4,Dry,Single carriageway,None,30,23:00:00,Urban,Fine no high winds,No,21 - 25,4,Urban area,2,2463,None,None,Journey as part of work,Mid Junction - on roundabout or on main road,RENAULT,MASTER LM35 DCI 120 LWB,Heavy oil,Male,None,No tow/articulation,Did not leave carriageway,0,Turning right,1,Van / Goods 3.5 tonnes mgw or under,No,Front,2010
201004EL10039,A,679,Unclassified,0,Slight,None,17-03-2010,Wednesday,1,Give way or uncontrolled,Roundabout,53.755295,Darkness - lights lit,374600,428840,-2.386718,E01025046,2,2,0,0,Dry,Roundabout,None,30,18:59:00,Urban,Fine no high winds,No,21 - 25,4,Urban area,1,1795,None,None,Other/Not known (2005-10),Leaving roundabout,VAUXHALL,VECTRA EXCLUSIV,Petrol,Male,Skidded,No tow/articulation,Did not leave carriageway,0,Turning right,2,Car,No,Front,2010
201004EM10050,A,680,Unclassified,0,Slight,None,05-11-2010,Friday,1,Give way or uncontrolled,T or staggered junction,53.790529,Darkness - lights lit,374630,432760,-2.386586,E01025061,2,2,0,0,Dry,Single carriageway,None,30,21:50:00,Urban,Fine no high winds,No,21 - 25,4,Rural,8,1360,None,None,Other/Not known (2005-10),Approaching junction or waiting/parked at junction approach,PEUGEOT,207 S,Petrol,Male,None,No tow/articulation,Did not leave carriageway,0,Going ahead other,1,Car,No,Front,2010
201004FJ10006,A,681,B,6238,Slight,None,28-01-2010,Thursday,1,Give way or uncontrolled,Roundabout,53.692553,Darkness - lights lit,383380,421820,-2.253176,E01025392,3,2,0,4,Wet or damp,Roundabout,None,30,16:15:00,Urban,Fine no high winds,No,21 - 25,4,Urban area,6,1998,None,None,Journey as part of work,Entering roundabout,FORD,TRANSIT 280 MWB,Heavy oil,Male,None,No tow/articulation,Did not leave carriageway,0,Turning right,1,Van / Goods 3.5 tonnes mgw or under,No,Offside,2010
201005BB06904,A,566,B,5110,Slight,None,24-11-2010,Wednesday,1,Auto traffic signal,Crossroads,53.459908,Darkness - lights lit,334650,396360,-2.985738,E01007019,1,2,0,0,Dry,Single carriageway,None,30,17:34:00,Urban,Fine no high winds,No,21 - 25,4,Urban area,3,1968,None,None,Other/Not known (2005-10),Approaching junction or waiting/parked at junction approach,VOLKSWAGEN,PASSAT SE TDI 140 AUTO,Heavy oil,Male,None,No tow/articulation,Did not leave carriageway,0,Going ahead other,2,Car,No,Nearside,2010
201005FF02034,Unclassified,0,Unclassified,0,Slight,None,22-02-2010,Monday,1,Give way or uncontrolled,T or staggered junction,53.390845,Darkness - lights lit,341990,388580,-2.873767,E01006800,2,2,0,0,Frost or ice,Single carriageway,None,30,03:40:00,Urban,Fine no high winds,No,21 - 25,4,Urban area,6,2204,None,None,Other/Not known (2005-10),Approaching junction or waiting/parked at junction approach,HONDA,CIVIC SE I-CTDI,Heavy oil,Male,None,No tow/articulation,Did not leave carriageway,0,Reversing,2,Car,No,Back,2010
201006B041591,A,57,A,6010,Slight,None,31-12-2010,Friday,1,Auto traffic signal,Crossroads,53.465252,Darkness - lights lit,387080,396520,-2.196088,E01005067,1,2,0,5,Wet or damp,Dual carriageway,None,30,23:30:00,Urban,Fine no high winds,No,21 - 25,4,Urban area,7,1796,None,Road sign or traffic signal,Other/Not known (2005-10),Approaching junction or waiting/parked at junction approach,MERCEDES,C180 SPORT KOMPRESSOR A,Petrol,Male,None,No tow/articulation,Offside,0,Waiting to go - held up,2,Car,No,Back,2010
201006C040274,C,0,C,0,Slight,None,14-12-2010,Tuesday,1,Give way or uncontrolled,T or staggered junction,53.373556,Darkness - lights lit,383470,386330,-2.249928,E01005317,2,2,0,0,Wet or damp,Single carriageway,None,30,18:35:00,Urban,Fine no high winds,No,21 - 25,4,Urban area,9,1998,None,None,Other/Not known (2005-10),Approaching junction or waiting/parked at junction approach,RENAULT,CLIO RENAULTSPORT 197,Petrol,Male,None,No tow/articulation,Did not leave carriageway,0,Going ahead other,1,Car,No,Front,2010
201006F036331,A,5063,Unclassified,0,Slight,None,11-09-2010,Saturday,1,Give way or uncontrolled,T or staggered junction,53.474337,Darkness - lights lit,381350,397550,-2.282461,E01005668,1,2,0,0,Dry,Dual carriageway,None,30,21:05:00,Urban,Fine no high winds,No,21 - 25,4,Rural,8,2000,None,None,Other/Not known (2005-10),Approaching junction or waiting/parked at junction approach,VOLKSWAGEN,GOLF S SDI,Heavy oil,Male,None,No tow/articulation,Did not leave carriageway,0,Going ahead other,2,Car,No,Front,2010
201006J027172,B,6167,NA,0,Slight,None,27-01-2010,Wednesday,1,Data missing or out of range,Not at junction or within 20 metres,53.445894,Darkness - lights lit,389650,394360,-2.157305,E01005889,1,1,0,8,Wet or damp,Single carriageway,None,30,16:20:00,Urban,Fine no high winds,No,21 - 25,4,Rural,6,1461,None,None,Journey as part of work,Not at or within 20 metres of junction,RENAULT,KANGOO SL17 DCI 70,Heavy oil,Male,None,No tow/articulation,Did not leave carriageway,0,Overtaking static vehicle - offside,1,Van / Goods 3.5 tonnes mgw or under,No,Nearside,2010
201006N037448,C,0,Unclassified,0,Slight,None,29-09-2010,Wednesday,1,Give way or uncontrolled,T or staggered junction,53.560829,Darkness - lights lit,381990,407170,-2.273374,E01005056,1,2,0,8,Wet or damp,Single carriageway,None,30,20:00:00,Urban,Fine no high winds,No,21 - 25,4,Urban area,1,1796,None,None,Other/Not known (2005-10),Leaving main road,MERCEDES,C180 K SPORT EDITION,Petrol,Male,None,No tow/articulation,Did not leave carriageway,0,Turning right,1,Car,No,Front,2010
201006Q027161,A,62,B,6191,Slight,None,18-01-2010,Monday,2,Auto traffic signal,More than 4 arms (not roundabout),53.534912,Darkness - lights lit,391380,404260,-2.131532,E01005458,1,2,0,5,Wet or damp,Single carriageway,None,30,16:55:00,Urban,Fine no high winds,No,21 - 25,4,Urban area,10,1396,None,None,Other/Not known (2005-10),Approaching junction or waiting/parked at junction approach,ROVER,25 GLI,Petrol,Male,None,No tow/articulation,Did not leave carriageway,0,Waiting to go - held up,1,Car,No,Back,2010
201014A120510,A,638,Unclassified,0,Slight,None,01-08-2010,Sunday,1,Auto traffic signal,Crossroads,53.532813,Darkness - lights lit,456060,404350,-1.155684,E01007584,1,2,0,0,Dry,Dual carriageway,None,40,23:20:00,Urban,Fine no high winds,No,21 - 25,4,Urban area,1,1229,None,None,Other/Not known (2005-10),Approaching junction or waiting/parked at junction approach,VAUXHALL,CORSA SXI TWINPORT,Petrol,Male,None,No tow/articulation,Did not leave carriageway,0,Waiting to go - held up,1,Car,No,Back,2010
201014K187010,B,6547,A,61,Slight,None,10-07-2010,Saturday,1,Auto traffic signal,Crossroads,53.380165,Darkness - lights lit,434400,387160,-1.48433,E01007866,3,2,0,5,Dry,Dual carriageway,None,30,00:22:00,Urban,Fine no high winds,No,21 - 25,4,Urban area,1,1598,None,None,Other/Not known (2005-10),Mid Junction - on roundabout or on main road,VAUXHALL,ASTRA SXI TWINPORT,Petrol,Male,None,No tow/articulation,Did not leave carriageway,0,Going ahead other,1,Car,No,Front,2010
201014K249510,A,57,Unclassified,0,Slight,None,18-09-2010,Saturday,1,Give way or uncontrolled,Other junction,53.353884,Darkness - lights lit,444520,384320,-1.332604,E01007665,1,2,0,0,Dry,Single carriageway,None,60,21:50:00,Rural,Fine no high winds,No,21 - 25,4,Urban area,5,124,None,None,Other/Not known (2005-10),Approaching junction or waiting/parked at junction approach,HONDA,CG 125-4,Petrol,Male,None,No tow/articulation,Did not leave carriageway,0,Going ahead other,2,Motorcycle 125cc and under,No,Front,2010
201020E023011,A,38,Unclassified,0,Slight,None,06-02-2010,Saturday,1,Give way or uncontrolled,T or staggered junction,52.421193,Darkness - lights lit,402690,280360,-1.961882,E01009493,1,2,0,0,Wet or damp,Dual carriageway,None,40,17:10:00,Urban,Fine no high winds,No,21 - 25,4,Data missing or out of range,NA,1598,None,None,Other/Not known (2005-10),Mid Junction - on roundabout or on main road,MINI,MINI ONE,Petrol,Male,None,No tow/articulation,Did not leave carriageway,0,Going ahead other,2,Car,No,Front,2010
201020H008212,A,34,B,4210,Slight,None,27-01-2010,Wednesday,1,Auto traffic signal,T or staggered junction,52.614486,Darkness - lights lit,399800,301860,-2.004398,E01010292,1,2,0,5,Wet or damp,Dual carriageway,None,30,18:48:00,Urban,Fine no high winds,No,21 - 25,4,Data missing or out of range,NA,998,None,None,Other/Not known (2005-10),Mid Junction - on roundabout or on main road,VAUXHALL,CORSA ACTIVE 12V,Petrol,Male,None,No tow/articulation,Did not leave carriageway,0,Going ahead other,1,Car,No,Front,2010
201020J007611,B,4563,A,459,Slight,None,30-01-2010,Saturday,1,Give way or uncontrolled,T or staggered junction,52.540167,Darkness - lights lit,391880,293600,-2.121167,E01009895,1,1,0,1,Dry,Single carriageway,None,30,17:40:00,Urban,Fine no high winds,No,21 - 25,4,Urban area,7,1997,None,None,Other/Not known (2005-10),Cleared junction or waiting/parked at junction exit,CITROEN,XSARA PICASSO DESIRE AUTO,Petrol,Male,None,No tow/articulation,Did not leave carriageway,0,Turning left,1,Car,No,Offside,2010
201020J015512,A,458,Unclassified,0,Slight,None,12-03-2010,Friday,1,Give way or uncontrolled,T or staggered junction,52.459467,Darkness - lights lit,394300,284620,-2.085329,E01009861,2,2,0,0,Dry,Single carriageway,None,30,00:02:00,Urban,Fine no high winds,No,21 - 25,4,Urban area,2,1229,None,None,Other/Not known (2005-10),Mid Junction - on roundabout or on main road,VAUXHALL,CORSA SXI+ 16V,Petrol,Male,None,No tow/articulation,Did not leave carriageway,0,Turning right,1,Car,No,Offside,2010
201020K012612,Unclassified,0,Unclassified,0,Slight,None,30-01-2010,Saturday,1,Give way or uncontrolled,Crossroads,52.478551,Darkness - lights lit,397610,286740,-2.03663,E01009929,5,2,0,0,Dry,Single carriageway,None,30,01:39:00,Urban,Fine no high winds,No,21 - 25,4,Urban area,5,998,None,None,Commuting to/from work,Mid Junction - on roundabout or on main road,VAUXHALL,CORSA LIFE,Petrol,Male,None,No tow/articulation,Did not leave carriageway,0,Going ahead other,2,Car,No,Front,2010