Accident_Index,1st_Road_Class,1st_Road_Number,2nd_Road_Class,2nd_Road_Number,Accident_Severity,Carriageway_Hazards,Date,Day_of_Week,Did_Police_Officer_Attend_Scene_of_Accident,Junction_Control,Junction_Detail,Latitude,Light_Conditions,Location_Easting_OSGR,Location_Northing_OSGR,Longitude,LSOA_of_Accident_Location,Number_of_Casualties,Number_of_Vehicles,Pedestrian_Crossing-Human_Control,Pedestrian_Crossing-Physical_Facilities,Road_Surface_Conditions,Road_Type,Special_Conditions_at_Site,Speed_limit,Time,Urban_or_Rural_Area,Weather_Conditions,InScotland,Age_Band_of_Driver,Age_of_Vehicle,Driver_Home_Area_Type,Driver_IMD_Decile,Engine_Capacity_.CC.,Hit_Object_in_Carriageway,Hit_Object_off_Carriageway,Journey_Purpose_of_Driver,Junction_Location,make,model,Propulsion_Code,Sex_of_Driver,Skidding_and_Overturning,Towing_and_Articulation,Vehicle_Leaving_Carriageway,Vehicle_Location.Restricted_Lane,Vehicle_Manoeuvre,Vehicle_Reference,Vehicle_Type,Was_Vehicle_Left_Hand_Drive,X1st_Point_of_Impact,Year
201004BA10186,A,6,Motorway,6,Slight,None,05-11-2010,Friday,1,Give way or uncontrolled,Roundabout,53.981111,Darkness - lights lit,348610,454180,-2.785124,E01025105,1,2,0,0,Dry,Roundabout,None,60,18:00:00,Rural,Fine no high winds,No,21 - 25,4,Urban area,8,1124,None,None,Commuting to/from work,Entering roundabout,CITROEN,C2 DESIGN,Petrol,Female,None,No tow/articulation,Did not leave carriageway,0,Moving off,1,Car,No,Front,2010
201004DA10077,A,59,Unclassified,0,Slight,None,01-09-2010,Wednesday,1,Auto traffic signal,More than 4 arms (not roundabout),53.759465,Darkness - lights lit,353140,429470,-2.71227,E01025289,1,2,0,5,Dry,Dual carriageway,None,30,22:25:00,Urban,Fine no high winds,No,21 - 25,4,Urban area,4,1796,None,None,Other/Not known (2005-10),Mid Junction - on roundabout or on main road,VAUXHALL,ASTRA CLUB AUTO,Petrol,Female,None,No tow/articulation,Did not leave carriageway,0,Going ahead other,1,Car,No,Front,2010
201004EN10006,Unclassified,0,Unclassified,0,Slight,None,01-01-2010,Friday,1,Give way or uncontrolled,Other junction,53.87133,Darkness - lights lit,374620,441750,-2.387483,E01025346,2,2,0,0,Wet or damp,Single carriageway,None,30,02:33:00,Urban,Fine no high winds,No,21 - 25,4,Rural,8,1229,None,None,Other/Not known (2005-10),Mid Junction - on roundabout or on main road,VAUXHALL,CORSA SXI+ 16V S-A,Petrol,Female,None,No tow/articulation,Did not leave carriageway,0,Going ahead left-hand bend,1,Car,No,Front,2010
201004TA10170,Motorway,6,NA,0,Slight,None,10-10-2010,Sunday,1,Data missing or out of range,Not at junction or within 20 metres,53.591126,Darkness - lights lit,354150,410730,-2.694177,E01025538,2,1,0,0,Dry,Dual carriageway,None,70,23:30:00,Rural,Fine no high winds,No,21 - 25,4,Urban area,6,1149,None,Near/Offside crash barrier,Other/Not known (2005-10),Not at or within 20 metres of junction,RENAULT,CLIO EXTREME,Petrol,Female,Skidded,No tow/articulation,Nearside and rebounded,0,Going ahead other,1,Car,No,Nearside,2010
201006B030669,A,5103,C,0,Slight,None,27-04-2010,Tuesday,1,Auto traffic signal,Crossroads,53.462465,Darkness - lights lit,383820,396220,-2.245178,E01005209,2,2,0,5,Dry,Dual carriageway,None,40,02:33:00,Urban,Fine no high winds,No,21 - 25,4,Urban area,4,1360,None,None,Other/Not known (2005-10),Mid Junction - on roundabout or on main road,PEUGEOT,206 URBAN,Petrol,Female,None,No tow/articulation,Did not leave carriageway,0,Turning right,1,Car,No,Nearside,2010
201006F027465,A,6041,A,6042,Slight,None,08-02-2010,Monday,1,Auto traffic signal,Crossroads,53.486806,Darkness - lights lit,383280,398930,-2.253457,E01005606,4,2,0,5,Dry,Single carriageway,None,30,19:55:00,Urban,Fine no high winds,No,21 - 25,4,Urban area,5,1149,None,None,Other/Not known (2005-10),Mid Junction - on roundabout or on main road,RENAULT,CLIO CAMPUS,Petrol,Female,None,No tow/articulation,Did not leave carriageway,0,Going ahead other,2,Car,No,Front,2010
201006J027156,C,0,Unclassified,0,Slight,None,20-01-2010,Wednesday,2,Give way or uncontrolled,T or staggered junction,53.392328,Darkness - lights lit,390010,388400,-2.151694,E01005798,1,3,0,0,Dry,Single carriageway,None,30,18:10:00,Urban,Fine no high winds,No,21 - 25,4,Urban area,4,1360,None,None,Other/Not known (2005-10),Approaching junction or waiting/parked at junction approach,PEUGEOT,207 S,Petrol,Female,None,No tow/articulation,Did not leave carriageway,0,Slowing or stopping,1,Car,No,Front,2010
201006M028355,C,0,A,5181,Slight,None,22-02-2010,Monday,1,Auto traffic signal,Crossroads,53.450436,Darkness - lights lit,379180,394900,-2.314978,E01006181,1,2,0,0,Wet or damp,Single carriageway,None,30,22:16:00,Urban,Fine no high winds,No,21 - 25,4,Urban area,1,1781,None,None,Other/Not known (2005-10),Mid Junction - on roundabout or on main road,AUDI,A4 SPORT,Petrol,Female,None,No tow/articulation,Did not leave carriageway,0,Turning right,1,Car,No,Offside,2010
201006Q036177,A,671,A,627,Slight,None,17-09-2010,Friday,1,Auto traffic signal,T or staggered junction,53.545531,Darkness - lights lit,392160,405440,-2.119794,E01005350,3,2,0,8,Dry,Single carriageway,None,30,20:45:00,Urban,Fine no high winds,No,21 - 25,4,Urban area,1,1229,None,None,Other/Not known (2005-10),Approaching junction or waiting/parked at junction approach,VAUXHALL,CORSA SXI+,Petrol,Female,None,No tow/articulation,Did not leave carriageway,0,Turning right,1,Car,No,Nearside,2010
201006X039733,Motorway,62,NA,0,Slight,None,02-12-2010,Thursday,1,Data missing or out of range,Not at junction or within 20 metres,53.484384,Darkness - lights lit,374480,398700,-2.386058,E01005738,1,4,0,0,Dry,Dual carriageway,None,70,16:40:00,Rural,Fine no high winds,No,21 - 25,4,Urban area,7,1753,None,None,Journey as part of work,Not at or within 20 metres of junction,FORD,FOCUS SPORT TDCI,Heavy oil,Female,None,No tow/articulation,Did not leave carriageway,0,Waiting to go - held up,4,Car,No,Back,2010
201014A204910,B,1220,Unclassified,0,Slight,None,13-12-2010,Monday,1,Auto traffic signal,T or staggered junction,53.572987,Darkness - lights lit,454350,408800,-1.180708,E01007504,1,2,0,0,Wet or damp,Single carriageway,None,30,19:40:00,Rural,Fine no high winds,No,21 - 25,4,Rural,6,998,None,None,Other/Not known (2005-10),Approaching junction or waiting/parked at junction approach,PEUGEOT,107 URBAN,Petrol,Female,None,No tow/articulation,Did not leave carriageway,0,Going ahead other,2,Car,No,Front,2010
2010160B05111,Unclassified,0,Unclassified,0,Slight,None,20-12-2010,Monday,2,Give way or uncontrolled,T or staggered junction,53.588867,Darkness - lights lit,487220,411060,-0.683807,E01013334,1,2,0,0,Wet or damp,Single carriageway,None,30,23:40:00,Urban,Fine no high winds,No,21 - 25,4,Rural,7,1149,None,None,Other/Not known (2005-10),Approaching junction or waiting/parked at junction approach,RENAULT,CLIO CAMPUS,Petrol,Female,None,No tow/articulation,Did not leave carriageway,0,Going ahead other,1,Car,No,Front,2010
2010160C00371,B,1231,Unclassified,0,Slight,None,02-02-2010,Tuesday,1,Give way or uncontrolled,T or staggered junction,53.736738,Darkness - lights lit,500430,427780,-0.478909,E01013093,1,2,0,0,Wet or damp,Single carriageway,None,30,17:30:00,Rural,Fine no high winds,No,21 - 25,4,Urban area,2,1339,None,None,Other/Not known (2005-10),Approaching junction or waiting/parked at junction approach,HONDA,CIVIC S I-DSI,Petrol,Female,None,No tow/articulation,Did not leave carriageway,0,Going ahead other,2,Car,No,Front,2010
2010160D01181,Unclassified,0,Unclassified,0,Slight,None,26-02-2010,Friday,1,Give way or uncontrolled,Mini-roundabout,53.773787,Darkness - lights lit,507920,432070,-0.363908,E01012916,1,2,0,0,Wet or damp,Roundabout,None,30,00:12:00,Urban,Fine no high winds,No,21 - 25,4,Urban area,5,1360,None,None,Journey as part of work,Entering roundabout,PEUGEOT,206 XS,Petrol,Female,None,No tow/articulation,Did not leave carriageway,0,Turning right,1,Car,No,Front,2010
2010160D05841,Unclassified,0,Unclassified,0,Slight,None,22-10-2010,Friday,1,Give way or uncontrolled,T or staggered junction,53.752843,Darkness - lights lit,504440,429660,-0.417505,E01012796,1,2,0,4,Dry,Dual carriageway,None,30,21:20:00,Urban,Fine no high winds,No,21 - 25,4,Urban area,8,1124,None,None,Other/Not known (2005-10),Entering main road,CITROEN,C2 L,Petrol,Female,None,No tow/articulation,Did not leave carriageway,0,Turning left,1,Car,No,Nearside,2010
2010170S20100,A,19,A,1027,Slight,None,18-01-2010,Monday,2,Give way or uncontrolled,Roundabout,54.597125,Darkness - lights lit,445140,522660,-1.302838,E01012261,1,2,0,0,Wet or damp,Single carriageway,None,40,07:30:00,Rural,Fine no high winds,No,21 - 25,4,Urban area,7,1299,None,None,Commuting to/from work,Approaching junction or waiting/parked at junction approach,FORD,KA,Petrol,Female,None,No tow/articulation,Did not leave carriageway,0,Waiting to go - held up,1,Car,No,Back,2010
2010170S20160,Unclassified,0,Unclassified,0,Slight,None,29-01-2010,Friday,1,Give way or uncontrolled,Private drive or entrance,54.606625,Darkness - lights lit,446420,523730,-1.282858,E01012196,1,2,0,0,Wet or damp,Dual carriageway,None,30,18:20:00,Urban,Fine no high winds,No,21 - 25,4,Urban area,7,1360,None,None,Other/Not known (2005-10),Mid Junction - on roundabout or on main road,PEUGEOT,207 SPORT 87,Petrol,Female,None,No tow/articulation,Did not leave carriageway,0,Turning right,2,Car,No,Nearside,2010
201020K004110,A,4123,Unclassified,0,Slight,None,23-04-2010,Friday,1,Give way or uncontrolled,Private drive or entrance,52.501478,Darkness - lights lit,397990,289290,-2.031051,E01010018,1,2,0,0,Dry,Dual carriageway,None,40,21:03:00,Urban,Fine no high winds,No,21 - 25,4,Urban area,1,1229,None,Lamp post,Other/Not known (2005-10),Mid Junction - on roundabout or on main road,VAUXHALL,CORSA DESIGN TWINPORT,Petrol,Female,Skidded,No tow/articulation,Nearside,0,Going ahead other,2,Car,No,Offside,2010
201020K004750,B,4182,Unclassified,0,Slight,None,10-04-2010,Saturday,2,Give way or uncontrolled,Roundabout,52.487727,Darkness - lights lit,400550,287760,-1.99334,E01009944,1,2,0,1,Dry,Single carriageway,None,30,21:49:00,Urban,Fine no high winds,No,21 - 25,4,Urban area,2,1368,None,None,Other/Not known (2005-10),Approaching junction or waiting/parked at junction approach,FIAT,PUNTO DYNAMIC,Petrol,Female,None,No tow/articulation,Did not leave carriageway,0,Waiting to go - held up,2,Car,No,Back,2010
201020K014960,A,41,A,41,Slight,None,21-11-2010,Sunday,2,Auto traffic signal,Roundabout,52.512268,Darkness - lights lit,401690,290490,-1.976538,E01010101,2,2,0,0,Dry,Roundabout,None,30,17:35:00,Urban,Fine no high winds,No,21 - 25,4,Urban area,5,998,None,None,Other/Not known (2005-10),Leaving roundabout,PEUGEOT,107 URBAN,Petrol,Female,None,No tow/articulation,Did not leave carriageway,0,Going ahead other,2,Car,No,Nearside,2010
201020M005513,B,4113,Unclassified,0,Slight,None,06-02-2010,Saturday,1,Give way or uncontrolled,T or staggered junction,52.447235,Darkness - lights lit,435010,283380,-1.486318,E01009603,2,2,0,0,Wet or damp,Single carriageway,None,30,19:15:00,Urban,Fine no high winds,No,21 - 25,4,Urban area,2,1299,None,None,Other/Not known (2005-10),Entering main road,FORD,KA,Petrol,Female,Skidded,No tow/articulation,Did not leave carriageway,0,Turning right,1,Car,No,Front,2010
201020T005060,B,4217,Unclassified,0,Slight,None,24-04-2010,Saturday,1,Auto traffic signal,Crossroads,52.442976,Darkness - lights lit,408840,282790,-1.871384,E01009394,1,2,0,5,Dry,Single carriageway,None,30,20:14:00,Urban,Fine no high winds,No,21 - 25,4,Urban area,1,1799,None,None,Other/Not known (2005-10),Mid Junction - on roundabout or on main road,HONDA,CIVIC EX I-VTEC S-A,Petrol,Female,None,No tow/articulation,Did not leave carriageway,0,Going ahead other,1,Car,No,Offside,2010
201022D005698,Motorway,5,NA,0,Slight,None,12-11-2010,Friday,1,Data missing or out of range,Not at junction or within 20 metres,52.347095,Darkness - lights lit,394960,272120,-2.075424,E01032159,1,2,0,0,Wet or damp,Dual carriageway,None,70,17:15:00,Rural,Fine no high winds,No,21 - 25,4,Urban area,7,1388,None,None,Commuting to/from work,Not at or within 20 metres of junction,FORD,FIESTA STYLE CLIMATE,Petrol,Female,Skidded,No tow/articulation,Did not leave carriageway,0,Slowing or stopping,1,Car,No,Front,2010
20103102B1991,C,45,Unclassified,0,Slight,None,31-08-2010,Tuesday,1,Give way or uncontrolled,T or staggered junction,53.307819,Darkness - lights lit,469940,379500,-0.951816,E01028019,1,1,0,0,Dry,Single carriageway,None,30,21:17:00,Urban,Fine no high winds,No,21 - 25,4,Urban area,2,1086,None,None,Commuting to/from work,Approaching junction or waiting/parked at junction approach,HYUNDAI,GETZ GSI,Petrol,Female,None,No tow/articulation,Did not leave carriageway,0,Going ahead other,1,Car,No,Front,2010
20103102C0717,A,60,C,179,Slight,None,26-01-2010,Tuesday,1,Auto traffic signal,T or staggered junction,52.983849,Darkness - lights lit,457540,343290,-1.144381,E01013969,1,1,0,5,Dry,Single carriageway,None,30,17:58:00,Urban,Fine no high winds,No,21 - 25,4,Urban area,9,1490,None,None,Other/Not known (2005-10),Approaching junction or waiting/parked at junction approach,SUZUKI,SWIFT VVTS GLX,Petrol,Female,None,No tow/articulation,Did not leave carriageway,0,Going ahead other,1,Car,No,Front,2010
20103102D0242,B,6003,Unclassified,0,Slight,None,08-02-2010,Monday,1,Give way or uncontrolled,T or staggered junction,52.905295,Darkness - lights lit,450310,334470,-1.25343,E01028138,1,2,0,0,Dry,Single carriageway,None,30,18:14:00,Urban,Fine no high winds,No,21 - 25,4,Urban area,10,1390,None,None,Journey as part of work,Approaching junction or waiting/parked at junction approach,RENAULT,CLIO DYNAMIQUE,Petrol,Female,None,No tow/articulation,Did not leave carriageway,0,Going ahead other,1,Car,No,Back,2010
201032C023010,A,52,Unclassified,0,Slight,None,29-01-2010,Friday,1,Give way or uncontrolled,T or staggered junction,52.976568,Darkness - lights lit,532250,343950,-0.031799,E01026030,1,2,0,0,Dry,Single carriageway,None,30,06:33:00,Urban,Fine no high winds,No,21 - 25,4,Rural,5,1360,None,None,Commuting to/from work,Mid Junction - on roundabout or on main road,PEUGEOT,206 VERVE,Petrol,Female,None,No tow/articulation,Did not leave carriageway,0,Moving off,1,Car,No,Offside,2010
2010160B00531,Unclassified,0,Unclassified,0,Slight,None,05-02-2010,Friday,1,Give way or uncontrolled,Mini-roundabout,53.598841,Darkness - lights lit,489360,412210,-0.651158,E01013300,4,2,0,0,Wet or damp,Roundabout,None,40,20:49:00,Urban,Fog or mist,No,21 - 25,4,Urban area,1,1598,None,None,Other/Not known (2005-10),Approaching junction or waiting/parked at junction approach,VAUXHALL,ASTRA SXI,Petrol,Male,None,No tow/articulation,Did not leave carriageway,0,Slowing or stopping,2,Car,No,Back,2010
201043N323110,Motorway,25,NA,0,Slight,None,09-02-2021,Tuesday,1,Data missing or out of range,Not at junction or within 20 metres,18.64603936,Darkness - lights lit,504580,178690,73.84312833,E01017829,2,3,0,0,Wet or damp,Dual carriageway,None,70,18:14:00,Rural,Fog or mist,No,21 - 25,4,Data missing or out of range,NA,2720,None,None,Other/Not known (2005-10),Not at or within 20 metres of junction,LAND ROVER,RANGEROVER SPT TDV6 HSE A,Heavy oil,Female,None,No tow/articulation,Did not leave carriageway,0,Going ahead other,1,Car,No,Front,2021
201043N323110,Motorway,25,NA,0,Slight,None,16-11-2010,Tuesday,1,Data missing or out of range,Not at junction or within 20 metres,51.497433,Darkness - lights lit,504580,178690,-0.494828,E01017829,2,3,0,0,Wet or damp,Dual carriageway,None,70,18:14:00,Rural,Fog or mist,No,21 - 25,4,Data missing or out of range,NA,2720,None,None,Other/Not known (2005-10),Not at or within 20 metres of junction,LAND ROVER,RANGEROVER SPT TDV6 HSE A,Heavy oil,Female,None,No tow/articulation,Did not leave carriageway,0,Going ahead other,1,Car,No,Front,2010
201042I001401,Unclassified,0,Unclassified,0,Slight,None,21-02-2019,Sunday,1,Give way or uncontrolled,Crossroads,18.55291881,Darkness - lights lit,588060,185270,73.84679572,E01015852,1,2,0,0,Frost or ice,One way street,None,30,18:34:00,Urban,Other,No,21 - 25,4,Urban area,9,998,None,None,Other/Not known (2005-10),Cleared junction or waiting/parked at junction exit,KAWASAKI,ZX 1000 D6F,Petrol,Male,Skidded,No tow/articulation,Did not leave carriageway,0,Going ahead other,1,Motorcycle over 500cc,No,Offside,2021
201001FH10634,A,219,A,304,Slight,None,14-11-2010,Sunday,1,Give way or uncontrolled,Roundabout,51.471327,Darkness - lights lit,524340,176230,-0.211168,E01001915,1,1,0,1,Wet or damp,Single carriageway,None,30,01:50:00,Urban,Other,No,21 - 25,4,Data missing or out of range,NA,1896,None,None,Journey as part of work,Mid Junction - on roundabout or on main road,VOLKSWAGEN,SHARAN S TDI 115 AUTO,Heavy oil,Male,None,No tow/articulation,Did not leave carriageway,0,Going ahead right-hand bend,1,Taxi/Private hire car,No,Front,2010
201001TA00246,B,358,B,358,Slight,None,14-09-2010,Tuesday,1,Give way or uncontrolled,T or staggered junction,51.413332,Darkness - lights lit,517290,169610,-0.314816,E01003834,1,1,0,0,Wet or damp,Single carriageway,None,30,23:32:00,Urban,Other,No,21 - 25,4,Data missing or out of range,NA,125,Kerb,Other permanent object,Other/Not known (2005-10),Cleared junction or waiting/parked at junction exit,HONDA,ANF 126 T-6,Petrol,Male,Skidded,No tow/articulation,Nearside,0,Going ahead right-hand bend,1,Motorcycle 125cc and under,No,Did not impact,2010
201042I001401,Unclassified,0,Unclassified,0,Slight,None,03-01-2010,Sunday,1,Give way or uncontrolled,Crossroads,51.534948,Darkness - lights lit,588060,185270,0.710169,E01015852,1,2,0,0,Frost or ice,One way street,None,30,18:34:00,Urban,Other,No,21 - 25,4,Urban area,9,998,None,None,Other/Not known (2005-10),Cleared junction or waiting/parked at junction exit,KAWASAKI,ZX 1000 D6F,Petrol,Male,Skidded,No tow/articulation,Did not leave carriageway,0,Going ahead other,1,Motorcycle over 500cc,No,Offside,2010
201001FH10634,A,219,A,304,Slight,None,14-11-2010,Sunday,1,Give way or uncontrolled,Roundabout,51.471327,Darkness - lights lit,524340,176230,-0.211168,E01001915,1,1,0,1,Wet or damp,Single carriageway,None,30,01:50:00,Urban,Other,No,21 - 25,4,Data missing or out of range,NA,1896,None,None,Journey as part of work,Mid Junction - on roundabout or on main road,VOLKSWAGEN,SHARAN S TDI 115 AUTO,Heavy oil,Male,None,No tow/articulation,Did not leave carriageway,0,Going ahead right-hand bend,1,Taxi/Private hire car,No,Front,2010
201001TA00246,B,358,B,358,Slight,None,14-09-2010,Tuesday,1,Give way or uncontrolled,T or staggered junction,51.413332,Darkness - lights lit,517290,169610,-0.314816,E01003834,1,1,0,0,Wet or damp,Single carriageway,None,30,23:32:00,Urban,Other,No,21 - 25,4,Data missing or out of range,NA,125,Kerb,Other permanent object,Other/Not known (2005-10),Cleared junction or waiting/parked at junction exit,HONDA,ANF 126 T-6,Petrol,Male,Skidded,No tow/articulation,Nearside,0,Going ahead right-hand bend,1,Motorcycle 125cc and under,No,Did not impact,2010
201001YE80043,A,406,A,109,Slight,None,13-01-2010,Wednesday,1,Auto traffic signal,Crossroads,51.611067,Darkness - lights lit,529180,191900,-0.135773,E01001528,2,2,0,0,Wet or damp,Dual carriageway,None,30,18:44:00,Urban,Other,No,21 - 25,4,Urban area,6,1796,None,None,Commuting to/from work,Mid Junction - on roundabout or on main road,MERCEDES,C200 KOMP. CLASSIC SE,Petrol,Male,None,No tow/articulation,Did not leave carriageway,0,Turning right,1,Car,No,Front,2010
201001YE80911,Unclassified,0,Unclassified,0,Slight,None,20-12-2010,Monday,1,Give way or uncontrolled,Roundabout,51.613225,Darkness - lights lit,536050,192320,-0.036454,E01001427,2,2,0,0,Frost or ice,Single carriageway,None,30,21:16:00,Rural,Other,No,21 - 25,4,Urban area,4,1986,None,None,Other/Not known (2005-10),Approaching junction or waiting/parked at junction approach,AUDI,A4 S LINE TDI 140,Heavy oil,Male,None,No tow/articulation,Did not leave carriageway,0,Going ahead other,2,Car,No,Front,2010
201005AA03714,Motorway,53,Motorway,53,Slight,None,07-03-2010,Sunday,1,Give way or uncontrolled,Slip road,53.399053,Darkness - lights lit,327680,389690,-3.089163,E01007209,1,1,0,0,Wet or damp,Dual carriageway,None,70,02:30:00,Rural,Other,No,21 - 25,4,Small town,7,1910,None,None,Other/Not known (2005-10),Entering from slip road,VAUXHALL,VECTRA SRI CDTI 150,Heavy oil,Male,Skidded and overturned,No tow/articulation,Did not leave carriageway,0,Going ahead other,1,Car,No,Front,2010
201020G006112,Unclassified,0,Unclassified,0,Slight,None,28-01-2010,Thursday,1,Give way or uncontrolled,Crossroads,52.580844,Darkness - lights lit,395460,298120,-2.068445,E01010423,3,2,0,0,Wet or damp,Single carriageway,None,30,18:50:00,Urban,Other,No,21 - 25,4,Urban area,5,1796,None,None,Other/Not known (2005-10),Mid Junction - on roundabout or on main road,VAUXHALL,ASTRA SRI+,Petrol,Male,Skidded,No tow/articulation,Did not leave carriageway,0,Going ahead right-hand bend,2,Car,No,Nearside,2010
201020S504680,B,4121,Unclassified,0,Slight,None,09-12-2010,Thursday,1,Give way or uncontrolled,Roundabout,52.444662,Darkness - lights lit,401660,282970,-1.977016,E01008919,1,1,0,4,Wet or damp,Roundabout,None,30,19:36:00,Urban,Other,No,21 - 25,4,Urban area,1,2967,Central island of roundabout,Tree,Other/Not known (2005-10),Approaching junction or waiting/parked at junction approach,AUDI,Q7 S LINE QUATTRO TDI,Heavy oil,Male,Skidded,No tow/articulation,Straight ahead at junction,0,Going ahead other,1,Car,No,Front,2010
2010400B00469,A,421,NA,0,Slight,None,14-05-2021,Monday,1,Data missing or out of range,Not at junction or within 20 metres,22.07498955,Darkness - lights lit,511330,252730,82.11306663,E01017495,1,1,0,0,Frost or ice,Dual carriageway,None,70,07:09:00,Rural,Other,No,21 - 25,4,Urban area,10,1149,None,Near/Offside crash barrier,Other/Not known (2005-10),Not at or within 20 metres of junction,RENAULT,CLIO CAMPUS,Petrol,Female,None,No tow/articulation,Nearside,0,Going ahead other,1,Car,No,Nearside,2019
201050EL2B002,Unclassified,0,Unclassified,0,Slight,None,18-01-2020,Friday,1,Give way or uncontrolled,T or staggered junction,23.01708743,Darkness - lights lit,249760,56930,72.63646724,E01015035,3,3,0,0,Wet or damp,Single carriageway,None,30,19:08:00,Urban,Other,No,21 - 25,4,Urban area,7,1598,None,None,Other/Not known (2005-10),Mid Junction - on roundabout or on main road,VAUXHALL,ASTRA SXI,Petrol,Female,None,No tow/articulation,Did not leave carriageway,0,Turning right,1,Car,No,Offside,2019
201054ET05710,A,363,Unclassified,0,Slight,None,27-12-2021,Monday,1,Give way or uncontrolled,Mini-roundabout,26.45488808,Darkness - lights lit,385260,156420,80.28366586,E01032092,1,2,0,0,Wet or damp,Roundabout,None,30,18:00:00,Urban,Other,No,21 - 25,4,Urban area,7,1399,None,None,Other/Not known (2005-10),Mid Junction - on roundabout or on main road,FORD,FIESTA ZETEC CLIMATE TDCI,Heavy oil,Female,None,No tow/articulation,Did not leave carriageway,0,Turning right,2,Car,No,Offside,2020
2010400B03676,A,600,A,600,Slight,None,24-12-2019,Saturday,1,Auto traffic signal,More than 4 arms (not roundabout),26.43789973,Darkness - lights lit,504770,249180,80.29020516,E01017473,1,2,0,8,Dry,Single carriageway,None,30,17:28:00,Urban,Other,No,21 - 25,4,Data missing or out of range,NA,2000,None,None,Other/Not known (2005-10),Approaching junction or waiting/parked at junction approach,VOLKSWAGEN,GOLF S SDI,Heavy oil,Female,None,No tow/articulation,Did not leave carriageway,0,Moving off,1,Car,No,Offside,2020
201001KD50617,Unclassified,0,Unclassified,0,Slight,None,23-11-2010,Tuesday,1,Give way or uncontrolled,Private drive or entrance,51.603468,Darkness - lights lit,555040,191780,0.237366,E01002283,1,2,0,0,Wet or damp,Single carriageway,None,30,17:22:00,Urban,Other,No,21 - 25,4,Data missing or out of range,NA,1390,None,None,Other/Not known (2005-10),Entering main road,RENAULT,CLIO DYNAMIQUE S,Petrol,Female,None,No tow/articulation,Did not leave carriageway,0,Turning left,2,Car,No,Front,2010
201001PL60082,A,212,Unclassified,0,Slight,None,28-01-2010,Thursday,1,Give way or uncontrolled,T or staggered junction,51.426476,Darkness - lights lit,535350,171520,-0.054541,E01003328,1,2,0,0,Wet or damp,Single carriageway,None,30,18:24:00,Urban,Other,No,21 - 25,4,Urban area,3,1398,None,None,Other/Not known (2005-10),Cleared junction or waiting/parked at junction exit,PEUGEOT,206 VERVE HDI,Heavy oil,Female,None,No tow/articulation,Did not leave carriageway,0,Going ahead other,2,Car,No,Front,2010
2010400B00469,A,421,NA,0,Slight,None,01-02-2010,Monday,1,Data missing or out of range,Not at junction or within 20 metres,52.161585,Darkness - lights lit,511330,252730,-0.373832,E01017495,1,1,0,0,Frost or ice,Dual carriageway,None,70,07:09:00,Rural,Other,No,21 - 25,4,Urban area,10,1149,None,Near/Offside crash barrier,Other/Not known (2005-10),Not at or within 20 metres of junction,RENAULT,CLIO CAMPUS,Petrol,Female,None,No tow/articulation,Nearside,0,Going ahead other,1,Car,No,Nearside,2010
2010400B03676,A,600,A,600,Slight,None,11-12-2010,Saturday,1,Auto traffic signal,More than 4 arms (not roundabout),52.130963,Darkness - lights lit,504770,249180,-0.470792,E01017473,1,2,0,8,Dry,Single carriageway,None,30,17:28:00,Urban,Other,No,21 - 25,4,Data missing or out of range,NA,2000,None,None,Other/Not known (2005-10),Approaching junction or waiting/parked at junction approach,VOLKSWAGEN,GOLF S SDI,Heavy oil,Female,None,No tow/articulation,Did not leave carriageway,0,Moving off,1,Car,No,Offside,2010
201050EL2B002,Unclassified,0,Unclassified,0,Slight,None,19-02-2010,Friday,1,Give way or uncontrolled,T or staggered junction,50.392936,Darkness - lights lit,249760,56930,-4.115084,E01015035,3,3,0,0,Wet or damp,Single carriageway,None,30,19:08:00,Urban,Other,No,21 - 25,4,Urban area,7,1598,None,None,Other/Not known (2005-10),Mid Junction - on roundabout or on main road,VAUXHALL,ASTRA SXI,Petrol,Female,None,No tow/articulation,Did not leave carriageway,0,Turning right,1,Car,No,Offside,2010
201054ET05710,A,363,Unclassified,0,Slight,None,22-02-2010,Monday,1,Give way or uncontrolled,Mini-roundabout,51.30665,Darkness - lights lit,385260,156420,-2.21286,E01032092,1,2,0,0,Wet or damp,Roundabout,None,30,18:00:00,Urban,Other,No,21 - 25,4,Urban area,7,1399,None,None,Other/Not known (2005-10),Mid Junction - on roundabout or on main road,FORD,FIESTA ZETEC CLIMATE TDCI,Heavy oil,Female,None,No tow/articulation,Did not leave carriageway,0,Turning right,2,Car,No,Offside,2010
201001KD50617,Unclassified,0,Unclassified,0,Slight,None,23-11-2010,Tuesday,1,Give way or uncontrolled,Private drive or entrance,51.603468,Darkness - lights lit,555040,191780,0.237366,E01002283,1,2,0,0,Wet or damp,Single carriageway,None,30,17:22:00,Urban,Other,No,21 - 25,4,Data missing or out of range,NA,1390,None,None,Other/Not known (2005-10),Entering main road,RENAULT,CLIO DYNAMIQUE S,Petrol,Female,None,No tow/articulation,Did not leave carriageway,0,Turning left,2,Car,No,Front,2010
201001PL60082,A,212,Unclassified,0,Slight,None,28-01-2010,Thursday,1,Give way or uncontrolled,T or staggered junction,51.426476,Darkness - lights lit,535350,171520,-0.054541,E01003328,1,2,0,0,Wet or damp,Single carriageway,None,30,18:24:00,Urban,Other,No,21 - 25,4,Urban area,3,1398,None,None,Other/Not known (2005-10),Cleared junction or waiting/parked at junction exit,PEUGEOT,206 VERVE HDI,Heavy oil,Female,None,No tow/articulation,Did not leave carriageway,0,Going ahead other,2,Car,No,Front,2010