Accident_Index,1st_Road_Class,1st_Road_Number,2nd_Road_Class,2nd_Road_Number,Accident_Severity,Carriageway_Hazards,Date,Day_of_Week,Did_Police_Officer_Attend_Scene_of_Accident,Junction_Control,Junction_Detail,Latitude,Light_Conditions,Location_Easting_OSGR,Location_Northing_OSGR,Longitude,LSOA_of_Accident_Location,Number_of_Casualties,Number_of_Vehicles,Pedestrian_Crossing-Human_Control,Pedestrian_Crossing-Physical_Facilities,Road_Surface_Conditions,Road_Type,Special_Conditions_at_Site,Speed_limit,Time,Urban_or_Rural_Area,Weather_Conditions,InScotland,Age_Band_of_Driver,Age_of_Vehicle,Driver_Home_Area_Type,Driver_IMD_Decile,Engine_Capacity_.CC.,Hit_Object_in_Carriageway,Hit_Object_off_Carriageway,Journey_Purpose_of_Driver,Junction_Location,make,model,Propulsion_Code,Sex_of_Driver,Skidding_and_Overturning,Towing_and_Articulation,Vehicle_Leaving_Carriageway,Vehicle_Location.Restricted_Lane,Vehicle_Manoeuvre,Vehicle_Reference,Vehicle_Type,Was_Vehicle_Left_Hand_Drive,X1st_Point_of_Impact,Year
201001YR90915,A,1055,Unclassified,0,Slight,None,19-12-2010,Sunday,1,Give way or uncontrolled,T or staggered junction,51.604457,Darkness - lights lit,535140,191320,-0.049974,E01002037,2,2,0,0,Snow,Single carriageway,None,30,23:22:00,Urban,Other,No,21 - 25,4,Data missing or out of range,NA,1242,None,None,Other/Not known (2005-10),Approaching junction or waiting/parked at junction approach,FORD,FIESTA FREEDOM,Petrol,Female,Skidded,No tow/articulation,Did not leave carriageway,0,Going ahead other,2,Car,No,Front,2010
201020N501380,B,4142,Unclassified,0,Slight,None,23-12-2010,Thursday,1,Give way or uncontrolled,T or staggered junction,52.543986,Darkness - lights lit,410970,294030,-1.83968,E01009456,1,3,0,0,Frost or ice,Single carriageway,None,30,22:30:00,Urban,Other,No,21 - 25,4,Urban area,10,1598,None,None,Other/Not known (2005-10),Cleared junction or waiting/parked at junction exit,MINI,MINI ONE,Petrol,Female,None,No tow/articulation,Did not leave carriageway,0,Overtaking moving vehicle - offside,1,Car,No,Front,2010
20103102A0279,A,6117,NA,0,Slight,None,10-02-2010,Wednesday,1,Data missing or out of range,Not at junction or within 20 metres,53.157806,Darkness - lights lit,454650,362610,-1.184148,E01028273,1,5,0,0,Frost or ice,Single carriageway,None,40,19:20:00,Rural,Other,No,21 - 25,4,Urban area,9,1242,None,None,Other/Not known (2005-10),Not at or within 20 metres of junction,FIAT,PUNTO DYNAMIC,Petrol,Female,Skidded,No tow/articulation,Nearside,0,Going ahead other,3,Car,No,Nearside,2010
201001BS70659,C,0,C,0,Slight,None,29-10-2010,Friday,1,Give way or uncontrolled,Mini-roundabout,51.523059,Darkness - lights lit,524500,181990,-0.206834,E01002854,1,2,0,0,Wet or damp,Roundabout,None,30,20:30:00,Urban,Raining + high winds,No,21 - 25,4,Urban area,3,1198,None,None,Other/Not known (2005-10),Mid Junction - on roundabout or on main road,VOLKSWAGEN,POLO E 55,Petrol,Male,None,No tow/articulation,Did not leave carriageway,0,Going ahead right-hand bend,1,Car,No,Front,2010
201005EE06358,A,567,A,5054,Slight,None,06-11-2010,Saturday,1,Auto traffic signal,Crossroads,53.426045,Darkness - lights lit,334800,392590,-2.982697,E01006779,4,2,0,0,Wet or damp,Single carriageway,Roadworks,30,23:35:00,Urban,Raining + high winds,No,21 - 25,4,Urban area,3,2720,None,None,Other/Not known (2005-10),Mid Junction - on roundabout or on main road,LAND ROVER,DISCOVERY 3 TDV6 AUTO,Heavy oil,Male,None,No tow/articulation,Did not leave carriageway,0,Going ahead other,2,Car,No,Front,2010
20103102B2061,A,60,NA,0,Slight,None,06-09-2010,Monday,1,Data missing or out of range,Not at junction or within 20 metres,53.228612,Darkness - lights lit,456560,370510,-1.154191,E01028041,1,1,0,0,Wet or damp,Single carriageway,None,60,19:00:00,Rural,Raining + high winds,No,21 - 25,4,Urban area,6,1360,Kerb,Entered ditch,Journey as part of work,Not at or within 20 metres of junction,CITROEN,C3 SX,Petrol,Female,Skidded and overturned,No tow/articulation,Offside,0,Going ahead right-hand bend,1,Car,No,Front,2010
201043N143100,Motorway,40,NA,0,Slight,None,08-05-2019,Friday,1,Data missing or out of range,Not at junction or within 20 metres,14.75603082,Darkness - lights lit,501530,185960,78.59735691,E01017823,1,2,0,0,Wet or damp,Slip road,None,70,20:26:00,Rural,Raining no high winds,No,21 - 25,4,Urban area,2,12777,None,None,Journey as part of work,Not at or within 20 metres of junction,VOLVO,,Heavy oil,Male,None,No tow/articulation,Did not leave carriageway,0,Changing lane to left,1,Goods 7.5 tonnes mgw and over,No,Offside,2019
201043P210030,A,423,A,34,Slight,None,27-10-2020,Tuesday,1,Auto traffic signal,Roundabout,28.67672974,Darkness - lights lit,452070,203490,77.08767223,E01028734,1,2,0,0,Wet or damp,Roundabout,None,60,20:19:00,Rural,Raining no high winds,No,21 - 25,4,Urban area,7,1229,None,None,Other/Not known (2005-10),Mid Junction - on roundabout or on main road,VAUXHALL,CORSA CLUB,Petrol,Male,None,No tow/articulation,Did not leave carriageway,0,Going ahead other,2,Car,No,Back,2020
20105500C0471,B,3068,Unclassified,0,Slight,None,01-03-2020,Friday,1,Give way or uncontrolled,Private drive or entrance,28.61989244,Darkness - lights lit,403600,93040,77.07519846,E01015439,1,2,0,0,Wet or damp,Single carriageway,None,30,17:48:00,Urban,Raining no high winds,No,21 - 25,4,Urban area,8,1870,None,None,Journey as part of work,Leaving main road,RENAULT,TRAFIC SL27 DCI 100,Heavy oil,Male,None,No tow/articulation,Did not leave carriageway,0,Turning right,1,Van / Goods 3.5 tonnes mgw or under,No,Front,2021
201045GU49547,A,322,A,323,Slight,None,03-10-2019,Wednesday,1,Auto traffic signal,Crossroads,21.43678092,Darkness - lights lit,498610,150970,87.23977178,E01030495,2,2,0,0,Wet or damp,Dual carriageway,None,30,21:25:00,Urban,Raining no high winds,No,21 - 25,4,Urban area,9,1398,None,None,Commuting to/from work,Mid Junction - on roundabout or on main road,PEUGEOT,206 VERVE HDI,Heavy oil,Male,Overturned,No tow/articulation,Did not leave carriageway,0,Going ahead other,1,Car,No,Nearside,2021
201050EP2E005,Unclassified,0,NA,,Slight,None,14-03-2019,Saturday,1,Give way or uncontrolled,Other junction,14.75543854,Darkness - lights lit,255110,55230,78.57000228,E01015116,1,1,0,0,Wet or damp,Single carriageway,None,30,19:35:00,Urban,Raining no high winds,No,21 - 25,4,Urban area,10,1229,Kerb,Other permanent object,Other/Not known (2005-10),Mid Junction - on roundabout or on main road,VAUXHALL,CORSA ACTIVE 16V,Petrol,Male,Skidded,No tow/articulation,Offside,0,Going ahead right-hand bend,1,Car,No,Nearside,2019
201001CW10304,Unclassified,0,Unclassified,0,Slight,None,25-02-2010,Thursday,1,Give way or uncontrolled,T or staggered junction,51.487096,Darkness - lights lit,529370,178110,-0.138098,E01004669,1,2,0,0,Wet or damp,Single carriageway,None,30,19:24:00,Urban,Raining no high winds,No,21 - 25,4,Data missing or out of range,NA,2148,None,None,Journey as part of work,Mid Junction - on roundabout or on main road,MERCEDES,SPRINTER 311 CDI MWB,Heavy oil,Male,None,No tow/articulation,Did not leave carriageway,0,Turning right,1,Van / Goods 3.5 tonnes mgw or under,No,Front,2010
201001SX21021,Motorway,1,NA,0,Slight,None,29-09-2010,Wednesday,1,Data missing or out of range,Not at junction or within 20 metres,51.603593,Darkness - lights lit,521990,190890,-0.239909,E01000260,1,1,0,0,Wet or damp,Dual carriageway,None,70,20:40:00,Urban,Raining no high winds,No,21 - 25,4,Urban area,3,1997,None,Central crash barrier,Other/Not known (2005-10),Not at or within 20 metres of junction,HONDA,S2000 GT,Petrol,Male,None,No tow/articulation,Offside on to central reservation,0,Going ahead other,1,Car,No,Front,2010
201043N143100,Motorway,40,NA,0,Slight,None,15-10-2010,Friday,1,Data missing or out of range,Not at junction or within 20 metres,51.563336,Darkness - lights lit,501530,185960,-0.536656,E01017823,1,2,0,0,Wet or damp,Slip road,None,70,20:26:00,Rural,Raining no high winds,No,21 - 25,4,Urban area,2,12777,None,None,Journey as part of work,Not at or within 20 metres of junction,VOLVO,,Heavy oil,Male,None,No tow/articulation,Did not leave carriageway,0,Changing lane to left,1,Goods 7.5 tonnes mgw and over,No,Offside,2010
201043P210030,A,423,A,34,Slight,None,23-03-2010,Tuesday,1,Auto traffic signal,Roundabout,51.72767,Darkness - lights lit,452070,203490,-1.247504,E01028734,1,2,0,0,Wet or damp,Roundabout,None,60,20:19:00,Rural,Raining no high winds,No,21 - 25,4,Urban area,7,1229,None,None,Other/Not known (2005-10),Mid Junction - on roundabout or on main road,VAUXHALL,CORSA CLUB,Petrol,Male,None,No tow/articulation,Did not leave carriageway,0,Going ahead other,2,Car,No,Back,2010
201045GU49547,A,322,A,323,Slight,None,24-03-2010,Wednesday,1,Auto traffic signal,Crossroads,51.249327,Darkness - lights lit,498610,150970,-0.588487,E01030495,2,2,0,0,Wet or damp,Dual carriageway,None,30,21:25:00,Urban,Raining no high winds,No,21 - 25,4,Urban area,9,1398,None,None,Commuting to/from work,Mid Junction - on roundabout or on main road,PEUGEOT,206 VERVE HDI,Heavy oil,Male,Overturned,No tow/articulation,Did not leave carriageway,0,Going ahead other,1,Car,No,Nearside,2010
201050EP2E005,Unclassified,0,NA,,Slight,None,02-10-2010,Saturday,1,Give way or uncontrolled,Other junction,50.379,Darkness - lights lit,255110,55230,-4.039212,E01015116,1,1,0,0,Wet or damp,Single carriageway,None,30,19:35:00,Urban,Raining no high winds,No,21 - 25,4,Urban area,10,1229,Kerb,Other permanent object,Other/Not known (2005-10),Mid Junction - on roundabout or on main road,VAUXHALL,CORSA ACTIVE 16V,Petrol,Male,Skidded,No tow/articulation,Offside,0,Going ahead right-hand bend,1,Car,No,Nearside,2010
20105500C0471,B,3068,Unclassified,0,Slight,None,05-02-2010,Friday,1,Give way or uncontrolled,Private drive or entrance,50.736896,Darkness - lights lit,403600,93040,-1.95037,E01015439,1,2,0,0,Wet or damp,Single carriageway,None,30,17:48:00,Urban,Raining no high winds,No,21 - 25,4,Urban area,8,1870,None,None,Journey as part of work,Leaving main road,RENAULT,TRAFIC SL27 DCI 100,Heavy oil,Male,None,No tow/articulation,Did not leave carriageway,0,Turning right,1,Van / Goods 3.5 tonnes mgw or under,No,Front,2010
201001SX21021,Motorway,1,NA,0,Slight,None,29-09-2010,Wednesday,1,Data missing or out of range,Not at junction or within 20 metres,51.603593,Darkness - lights lit,521990,190890,-0.239909,E01000260,1,1,0,0,Wet or damp,Dual carriageway,None,70,20:40:00,Urban,Raining no high winds,No,21 - 25,4,Urban area,3,1997,None,Central crash barrier,Other/Not known (2005-10),Not at or within 20 metres of junction,HONDA,S2000 GT,Petrol,Male,None,No tow/articulation,Offside on to central reservation,0,Going ahead other,1,Car,No,Front,2010
201001TX20125,Unclassified,0,Unclassified,0,Slight,None,27-02-2010,Saturday,1,Give way or uncontrolled,Crossroads,51.480996,Darkness - lights lit,516050,177110,-0.330181,E01002679,2,2,0,0,Wet or damp,Single carriageway,None,30,18:15:00,Urban,Raining no high winds,No,21 - 25,4,Urban area,7,1364,None,None,Other/Not known (2005-10),Mid Junction - on roundabout or on main road,VAUXHALL,ASTRA CLUB TWINPORT,Petrol,Male,None,No tow/articulation,Did not leave carriageway,0,Going ahead other,2,Car,No,Front,2010
201001TX20778,B,452,A,4,Slight,None,12-11-2010,Friday,1,Auto traffic signal,Crossroads,51.489775,Darkness - lights lit,517500,178120,-0.308974,E01002684,2,2,0,5,Wet or damp,Single carriageway,None,30,19:28:00,Urban,Raining no high winds,No,21 - 25,4,Urban area,5,1229,None,None,Other/Not known (2005-10),Mid Junction - on roundabout or on main road,VAUXHALL,CORSA DESIGN TWINPORT,Petrol,Male,None,No tow/articulation,Did not leave carriageway,0,Going ahead other,1,Car,No,Front,2010
201001VK30102,A,308,Unclassified,0,Slight,None,29-03-2010,Monday,1,Give way or uncontrolled,T or staggered junction,51.423109,Darkness - lights lit,519960,170760,-0.276052,E01002952,2,2,0,0,Wet or damp,Single carriageway,None,30,19:30:00,Urban,Raining no high winds,No,21 - 25,4,Urban area,7,1796,None,None,Other/Not known (2005-10),Mid Junction - on roundabout or on main road,VAUXHALL,ASTRA CLUB AUTO,Petrol,Male,None,No tow/articulation,Did not leave carriageway,0,Going ahead other,1,Car,No,Front,2010
201001YE80271,A,10,NA,0,Slight,None,01-04-2010,Thursday,1,Data missing or out of range,Not at junction or within 20 metres,51.63578,Darkness - lights lit,533800,194770,-0.067995,E01001480,1,3,0,0,Wet or damp,Dual carriageway,Roadworks,40,19:40:00,Urban,Raining no high winds,No,21 - 25,4,Urban area,2,1598,None,None,Other/Not known (2005-10),Not at or within 20 metres of junction,VAUXHALL,ASTRA CLUB TWINPORT,Petrol,Male,None,No tow/articulation,Did not leave carriageway,0,Going ahead other,3,Car,No,Front,2010
201001YR90570,A,103,Unclassified,0,Slight,None,26-08-2010,Thursday,1,Give way or uncontrolled,T or staggered junction,51.575312,Darkness - lights lit,529910,187940,-0.126702,E01001984,1,2,0,0,Wet or damp,Single carriageway,None,30,21:05:00,Urban,Raining no high winds,No,21 - 25,4,Urban area,4,125,None,None,Journey as part of work,Mid Junction - on roundabout or on main road,HONDA,ANF 126 T-6,Petrol,Male,None,No tow/articulation,Did not leave carriageway,0,Going ahead other,2,Motorcycle 125cc and under,No,Front,2010
201004DR10012,Unclassified,0,B,6243,Slight,None,15-02-2010,Monday,1,Give way or uncontrolled,T or staggered junction,53.782344,Darkness - lights lit,356840,431980,-2.656504,E01025234,1,1,0,0,Wet or damp,Single carriageway,None,30,18:30:00,Urban,Raining no high winds,No,21 - 25,4,Data missing or out of range,NA,1598,None,None,Commuting to/from work,Leaving main road,VOLKSWAGEN,GOLF FSI S,Petrol,Male,None,No tow/articulation,Did not leave carriageway,0,Turning left,1,Car,No,Nearside,2010
201005BB04847,A,5267,B,5243,Slight,None,13-07-2010,Tuesday,1,Give way or uncontrolled,Crossroads,53.630777,Darkness - lights lit,333400,415390,-3.008619,E01006935,2,3,0,0,Wet or damp,Single carriageway,None,30,21:45:00,Urban,Raining no high winds,No,21 - 25,4,Urban area,2,1242,None,None,Other/Not known (2005-10),Approaching junction or waiting/parked at junction approach,FIAT,PUNTO ACTIVE 8V,Petrol,Male,None,No tow/articulation,Did not leave carriageway,0,Turning right,3,Car,No,Front,2010
201006A029870,Unclassified,0,Unclassified,0,Slight,None,26-03-2010,Friday,2,Stop sign,Crossroads,53.48072,Darkness - lights lit,384120,398250,-2.240763,E01005134,2,2,0,0,Wet or damp,One way street,None,30,04:00:00,Urban,Raining no high winds,No,21 - 25,4,Urban area,5,2488,None,None,Commuting to/from work,Approaching junction or waiting/parked at junction approach,NISSAN,NAVARA DCI AVENTURA,Heavy oil,Male,Skidded,No tow/articulation,Did not leave carriageway,0,Going ahead other,1,Van / Goods 3.5 tonnes mgw or under,No,Nearside,2010
201006B036525,Unclassified,0,A,6,Slight,None,19-09-2010,Sunday,1,Give way or uncontrolled,T or staggered junction,53.455719,Darkness - lights lit,386900,395460,-2.198755,E01005234,1,1,0,0,Wet or damp,Single carriageway,None,30,00:20:00,Urban,Raining no high winds,No,21 - 25,4,Urban area,2,1968,None,None,Journey as part of work,Mid Junction - on roundabout or on main road,VOLKSWAGEN,PASSAT SE TDI 140 AUTO,Heavy oil,Male,None,No tow/articulation,Did not leave carriageway,0,Going ahead other,1,Car,No,Front,2010
201020W035180,B,4137,Unclassified,0,Slight,None,06-09-2010,Monday,1,Give way or uncontrolled,T or staggered junction,52.506449,Darkness - lights lit,408640,289850,-1.874145,E01008899,1,2,0,0,Wet or damp,Single carriageway,None,30,21:28:00,Urban,Raining no high winds,No,21 - 25,4,Urban area,1,124,None,None,Journey as part of work,Mid Junction - on roundabout or on main road,PIAGGIO,X8,Petrol,Male,None,No tow/articulation,Did not leave carriageway,0,Going ahead right-hand bend,2,Motorcycle 125cc and under,No,Front,2010
201042I089003,A,13,NA,0,Slight,None,12-05-2021,Thursday,1,Not at junction or within 20 metres,Not at junction or within 20 metres,28.50460389,Darkness - lights lit,557120,179850,77.0234537,E01015926,2,3,0,0,Wet or damp,Dual carriageway,None,70,18:38:00,Rural,Raining no high winds,No,21 - 25,4,Urban area,3,1360,None,None,Other/Not known (2005-10),Not at or within 20 metres of junction,PEUGEOT,1007 DOLCE,Petrol,Female,None,No tow/articulation,Did not leave carriageway,0,Slowing or stopping,1,Car,No,Front,2019
201045SU49917,Unclassified,3517,Unclassified,0,Slight,None,16-12-2021,Friday,1,Give way or uncontrolled,T or staggered junction,12.97534138,Darkness - lights lit,486820,160000,77.54342925,E01030794,1,2,0,0,Wet or damp,Single carriageway,None,30,19:29:00,Urban,Raining no high winds,No,21 - 25,4,Urban area,9,698,None,None,Other/Not known (2005-10),Cleared junction or waiting/parked at junction exit,SMART,FORTWO PURE 50 AUTO,Petrol,Female,None,No tow/articulation,Did not leave carriageway,0,Moving off,1,Car,No,Front,2020
201042I089003,A,13,NA,0,Slight,None,26-08-2019,Thursday,1,Not at junction or within 20 metres,Not at junction or within 20 metres,28.60328406,Darkness - lights lit,557120,179850,77.30863137,E01015926,2,3,0,0,Wet or damp,Dual carriageway,None,70,18:38:00,Rural,Raining no high winds,No,21 - 25,4,Urban area,3,998,None,None,Other/Not known (2005-10),Not at or within 20 metres of junction,PEUGEOT,107 URBAN,Petrol,Female,Skidded,No tow/articulation,Did not leave carriageway,0,Slowing or stopping,2,Car,No,Back,2020
201001CW12667,A,41,Unclassified,0,Slight,None,14-11-2010,Sunday,1,Give way or uncontrolled,T or staggered junction,51.556053,Darkness - lights lit,525260,185680,-0.194573,E01000877,1,2,0,0,Wet or damp,Single carriageway,None,30,17:20:00,Urban,Raining no high winds,No,21 - 25,4,Urban area,3,1798,None,None,Other/Not known (2005-10),Mid Junction - on roundabout or on main road,DODGE (USA),CALIBER SE,Petrol,Female,None,No tow/articulation,Did not leave carriageway,0,Turning right,1,Car,No,Front,2010
201001PL60738,A,205,Unclassified,0,Slight,None,29-10-2010,Friday,1,Give way or uncontrolled,T or staggered junction,51.445612,Darkness - lights lit,537980,173720,-0.015879,E01003319,1,2,0,0,Wet or damp,Single carriageway,None,30,17:30:00,Urban,Raining no high winds,No,21 - 25,4,Urban area,3,124,None,None,Commuting to/from work,Mid Junction - on roundabout or on main road,PIAGGIO,X8,Petrol,Female,None,No tow/articulation,Did not leave carriageway,0,Overtaking moving vehicle - offside,2,Motorcycle 125cc and under,No,Nearside,2010
201001PY20052,A,21,Unclassified,0,Slight,None,17-01-2010,Sunday,1,Give way or uncontrolled,T or staggered junction,51.4131,Darkness - lights lit,539740,170150,0.008023,E01000822,1,1,0,0,Wet or damp,Single carriageway,None,30,00:35:00,Urban,Raining no high winds,No,21 - 25,4,Rural,4,1595,None,None,Other/Not known (2005-10),Mid Junction - on roundabout or on main road,AUDI,A3 SPECIAL EDITION,Petrol,Female,None,No tow/articulation,Did not leave carriageway,0,Turning right,1,Car,No,Front,2010
20103102C0030,A,611,A,6514,Slight,None,05-01-2010,Tuesday,1,Give way or uncontrolled,Roundabout,52.986563,Darkness - lights lit,456530,343580,-1.159373,E01013967,1,1,0,1,Snow,Roundabout,None,30,16:10:00,Urban,Snowing no high winds,No,21 - 25,4,Urban area,6,1229,None,None,Other/Not known (2005-10),Leaving roundabout,VAUXHALL,CORSA SXI+,Petrol,Female,None,No tow/articulation,Did not leave carriageway,0,Going ahead other,1,Car,No,Front,2010
20103102C1872,A,610,B,6008,Slight,None,05-07-2010,Monday,3,Auto traffic signal,Roundabout,52.986595,Darkness - lights lit,453590,343550,-1.203168,E01013825,1,2,0,5,Data missing or out of range,Roundabout,None,30,00:45:00,Urban,Unknown,No,21 - 25,4,Urban area,1,124,Central island of roundabout,None,Other/Not known (2005-10),Mid Junction - on roundabout or on main road,PIAGGIO,X8,Petrol,Male,None,No tow/articulation,Did not leave carriageway,0,Turning right,1,Motorcycle 125cc and under,No,Offside,2010
201030D001013,C,351,NA,0,Slight,None,15-10-2010,Friday,2,Data missing or out of range,Not at junction or within 20 metres,52.92475,Darkness - lights lit,437750,336520,-1.439926,E01013507,1,2,0,0,Dry,Single carriageway,None,30,23:10:00,Urban,Unknown,No,21 - 25,4,Urban area,5,1198,None,None,Other/Not known (2005-10),Not at or within 20 metres of junction,VOLKSWAGEN,POLO S 64,Petrol,Female,None,No tow/articulation,Did not leave carriageway,0,Parked,1,Car,No,Offside,2010
201020Z500090,Motorway,5,NA,0,Slight,None,19-12-2010,Sunday,1,Data missing or out of range,Not at junction or within 20 metres,52.486286,Darkness - lights unlit,398460,287600,-2.024119,E01010002,1,1,0,0,Snow,Dual carriageway,None,70,19:36:00,Urban,Fine no high winds,No,21 - 25,4,Urban area,4,1364,None,Central crash barrier,Other/Not known (2005-10),Not at or within 20 metres of junction,TOYOTA,YARIS T3 D-4D,Heavy oil,Male,Skidded and overturned,No tow/articulation,Offside on to centrl res + rebounded,0,Going ahead other,1,Car,No,Front,2010
201050EC2E011,Unclassified,0,NA,0,Slight,None,01-11-2021,Friday,1,Not at junction or within 20 metres,Not at junction or within 20 metres,17.96750428,Darkness - lights unlit,248370,54510,81.2403571,E01015154,1,1,0,0,Dry,Single carriageway,None,30,21:35:00,Urban,Fine no high winds,No,21 - 25,4,Small town,7,1198,None,None,Other/Not known (2005-10),Not at or within 20 metres of junction,SEAT,IBIZA CHILL,Petrol,Female,None,No tow/articulation,Did not leave carriageway,0,Going ahead other,1,Car,No,Front,2021
201050EC2E011,Unclassified,0,NA,0,Slight,None,29-01-2010,Friday,1,Not at junction or within 20 metres,Not at junction or within 20 metres,50.37083,Darkness - lights unlit,248370,54510,-4.133649,E01015154,1,1,0,0,Dry,Single carriageway,None,30,21:35:00,Urban,Fine no high winds,No,21 - 25,4,Small town,7,1198,None,None,Other/Not known (2005-10),Not at or within 20 metres of junction,SEAT,IBIZA CHILL,Petrol,Female,None,No tow/articulation,Did not leave carriageway,0,Going ahead other,1,Car,No,Front,2010
201001GD10629,C,0,C,0,Slight,None,26-09-2010,Sunday,2,Give way or uncontrolled,T or staggered junction,51.551618,Darkness - lights unlit,533250,185390,-0.079497,E01002782,1,2,0,0,Wet or damp,Single carriageway,None,30,20:07:00,Urban,Raining no high winds,No,21 - 25,4,Urban area,2,1149,None,None,Other/Not known (2005-10),Mid Junction - on roundabout or on main road,RENAULT,CLIO EXTREME,Petrol,Male,None,No tow/articulation,Did not leave carriageway,0,Going ahead right-hand bend,2,Car,No,Front,2010
201001GD10629,C,0,C,0,Slight,None,26-09-2010,Sunday,2,Give way or uncontrolled,T or staggered junction,51.551618,Darkness - lights unlit,533250,185390,-0.079497,E01002782,1,2,0,0,Wet or damp,Single carriageway,None,30,20:07:00,Urban,Raining no high winds,No,21 - 25,4,Urban area,2,1149,None,None,Other/Not known (2005-10),Mid Junction - on roundabout or on main road,RENAULT,CLIO EXTREME,Petrol,Male,None,No tow/articulation,Did not leave carriageway,0,Going ahead right-hand bend,2,Car,No,Front,2010
201042I350010,B,1051,NA,0,Slight,None,04-07-2020,Thursday,1,Not at junction or within 20 metres,Not at junction or within 20 metres,14.75039328,Darkness - no lighting,559480,229000,78.49979756,E01022092,1,1,0,0,Wet or damp,Single carriageway,Mud,60,04:00:00,Rural,Fine no high winds,No,21 - 25,4,Rural,10,1388,None,Other permanent object,Journey as part of work,Not at or within 20 metres of junction,FORD,FIESTA FREEDOM,Petrol,Male,Skidded,No tow/articulation,Offside and rebounded,0,Going ahead left-hand bend,1,Car,No,Front,2019
20104100G0204,C,29,NA,0,Slight,None,25-11-2020,Monday,1,Not at junction or within 20 metres,Not at junction or within 20 metres,25.77149398,Darkness - no lighting,522770,220160,87.47266187,E01023627,1,1,0,0,Dry,Single carriageway,None,30,20:49:00,Rural,Fine no high winds,No,21 - 25,4,Urban area,2,1896,Kerb,None,Commuting to/from work,Not at or within 20 metres of junction,SEAT,IBIZA FR TDI PD 130,Heavy oil,Male,Skidded,No tow/articulation,Did not leave carriageway,0,Going ahead left-hand bend,1,Car,No,Nearside,2019
201042I289209,B,1053,Unclassified,0,Slight,None,29-04-2021,Sunday,1,Give way or uncontrolled,Slip road,25.77727146,Darkness - no lighting,570290,232290,87.46001281,E01021412,2,2,0,0,Dry,Single carriageway,None,60,19:30:00,Rural,Fine no high winds,No,21 - 25,4,Urban area,8,1598,None,None,Other/Not known (2005-10),Approaching junction or waiting/parked at junction approach,PEUGEOT,207 GT,Petrol,Male,None,No tow/articulation,Did not leave carriageway,0,Going ahead other,2,Car,No,Back,2019
2010400B03658,A,600,NA,0,Slight,None,10-06-2020,Monday,1,Data missing or out of range,Not at junction or within 20 metres,22.07901122,Darkness - no lighting,508100,245920,82.18579662,E01017486,3,3,0,0,Dry,Single carriageway,None,60,17:14:00,Rural,Fine no high winds,No,21 - 25,4,Urban area,10,1242,None,None,Commuting to/from work,Not at or within 20 metres of junction,FORD,FIESTA STYLE CLIMATE,Petrol,Male,None,No tow/articulation,Did not leave carriageway,0,Going ahead left-hand bend,1,Car,No,Front,2019
201045EL53044,C,157,NA,0,Slight,None,10-09-2020,Monday,1,Data missing or out of range,Not at junction or within 20 metres,22.08614745,Darkness - no lighting,512280,160340,82.17331682,E01030301,1,1,0,0,Dry,Single carriageway,None,30,22:05:00,Urban,Fine no high winds,No,21 - 25,4,Urban area,10,125,None,Other permanent object,Other/Not known (2005-10),Not at or within 20 metres of junction,HONDA,CBR 125 RW-5,Petrol,Male,None,No tow/articulation,Nearside,0,Going ahead right-hand bend,1,Motorcycle over 125cc and up to 500cc,No,Front,2019
201045TA55192,A,25,NA,0,Slight,None,02-05-2021,Wednesday,1,Data missing or out of range,Not at junction or within 20 metres,28.56211158,Darkness - no lighting,531020,150630,77.15561505,E01030813,1,2,0,0,Dry,Single carriageway,None,30,17:44:00,Rural,Fine no high winds,No,21 - 25,4,Urban area,9,1299,None,None,Commuting to/from work,Not at or within 20 metres of junction,FORD,KA,Petrol,Male,None,No tow/articulation,Did not leave carriageway,0,Slowing or stopping,2,Car,No,Front,2020
2010400D00816,A,6,NA,0,Slight,None,05-07-2021,Monday,1,Data missing or out of range,Not at junction or within 20 metres,28.60628357,Darkness - no lighting,507670,230640,77.08189952,E01017559,1,1,0,0,Wet or damp,Dual carriageway,None,70,20:38:00,Rural,Fine no high winds,No,21 - 25,4,Urban area,2,1242,None,Central crash barrier,Other/Not known (2005-10),Not at or within 20 metres of junction,FIAT,PUNTO ACTIVE 8V,Petrol,Male,Skidded,No tow/articulation,Offside on to central reservation,0,Overtaking moving vehicle - offside,1,Car,No,Front,2020
2010400B03658,A,600,NA,0,Slight,None,13-12-2010,Monday,1,Data missing or out of range,Not at junction or within 20 metres,52.101023,Darkness - no lighting,508100,245920,-0.423196,E01017486,3,3,0,0,Dry,Single carriageway,None,60,17:14:00,Rural,Fine no high winds,No,21 - 25,4,Urban area,10,1242,None,None,Commuting to/from work,Not at or within 20 metres of junction,FORD,FIESTA STYLE CLIMATE,Petrol,Male,None,No tow/articulation,Did not leave carriageway,0,Going ahead left-hand bend,1,Car,No,Front,2010
2010400D00816,A,6,NA,0,Slight,None,22-03-2010,Monday,1,Data missing or out of range,Not at junction or within 20 metres,51.963779,Darkness - no lighting,507670,230640,-0.434277,E01017559,1,1,0,0,Wet or damp,Dual carriageway,None,70,20:38:00,Rural,Fine no high winds,No,21 - 25,4,Urban area,2,1242,None,Central crash barrier,Other/Not known (2005-10),Not at or within 20 metres of junction,FIAT,PUNTO ACTIVE 8V,Petrol,Male,Skidded,No tow/articulation,Offside on to central reservation,0,Overtaking moving vehicle - offside,1,Car,No,Front,2010