Accident_Index,1st_Road_Class,1st_Road_Number,2nd_Road_Class,2nd_Road_Number,Accident_Severity,Carriageway_Hazards,Date,Day_of_Week,Did_Police_Officer_Attend_Scene_of_Accident,Junction_Control,Junction_Detail,Latitude,Light_Conditions,Location_Easting_OSGR,Location_Northing_OSGR,Longitude,LSOA_of_Accident_Location,Number_of_Casualties,Number_of_Vehicles,Pedestrian_Crossing-Human_Control,Pedestrian_Crossing-Physical_Facilities,Road_Surface_Conditions,Road_Type,Special_Conditions_at_Site,Speed_limit,Time,Urban_or_Rural_Area,Weather_Conditions,InScotland,Age_Band_of_Driver,Age_of_Vehicle,Driver_Home_Area_Type,Driver_IMD_Decile,Engine_Capacity_.CC.,Hit_Object_in_Carriageway,Hit_Object_off_Carriageway,Journey_Purpose_of_Driver,Junction_Location,make,model,Propulsion_Code,Sex_of_Driver,Skidding_and_Overturning,Towing_and_Articulation,Vehicle_Leaving_Carriageway,Vehicle_Location.Restricted_Lane,Vehicle_Manoeuvre,Vehicle_Reference,Vehicle_Type,Was_Vehicle_Left_Hand_Drive,X1st_Point_of_Impact,Year
20104100D0785,A,4251,NA,0,Slight,None,29-10-2020,Saturday,1,Not at junction or within 20 metres,Not at junction or within 20 metres,19.12707397,Daylight,504520,206010,72.8729976,E01023354,1,2,0,0,Dry,Single carriageway,None,30,09:00:00,Urban,Fine no high winds,No,21 - 25,4,Rural,6,2300,None,None,Other/Not known (2005-10),Not at or within 20 metres of junction,IVECO,DAILY 35 C12 LWB,Heavy oil,Male,None,No tow/articulation,Did not leave carriageway,0,Overtaking static vehicle - offside,1,Van / Goods 3.5 tonnes mgw or under,No,Front,2021
201045SU52909,C,4,Unclassified,0,Slight,None,04-04-2020,Thursday,1,Give way or uncontrolled,T or staggered junction,30.91185464,Daylight,493400,162470,80.78878429,E01030781,1,2,0,0,Dry,Single carriageway,None,30,17:27:00,Rural,Fine no high winds,No,21 - 25,4,Urban area,10,1229,None,None,Other/Not known (2005-10),Mid Junction - on roundabout or on main road,VAUXHALL,CORSA ACTIVE 16V,Petrol,Male,None,No tow/articulation,Did not leave carriageway,0,Overtaking moving vehicle - offside,1,Car,No,Nearside,2021
201050JG2E008,Unclassified,0,Unclassified,0,Slight,None,08-12-2020,Thursday,1,Give way or uncontrolled,Crossroads,14.65849345,Daylight,295780,83140,78.5427658,E01020245,1,2,0,0,Dry,Dual carriageway,None,60,08:09:00,Rural,Fine no high winds,No,21 - 25,4,Rural,4,1560,None,None,Other/Not known (2005-10),Approaching junction or waiting/parked at junction approach,PEUGEOT,207 S HDI 90,Heavy oil,Male,None,No tow/articulation,Did not leave carriageway,0,Moving off,1,Car,No,Did not impact,2019
201050GP2D006,Unclassified,0,Unclassified,0,Slight,None,08-05-2020,Thursday,2,Give way or uncontrolled,T or staggered junction,14.67852172,Daylight,177520,34870,78.61796132,E01018834,2,2,0,0,Dry,Single carriageway,None,30,00:01:00,Urban,Fine no high winds,No,21 - 25,4,Urban area,4,1560,None,None,Other/Not known (2005-10),Approaching junction or waiting/parked at junction approach,PEUGEOT,307 S HDI,Heavy oil,Male,None,No tow/articulation,Did not leave carriageway,0,Going ahead other,2,Car,No,Nearside,2019
201042I277108,A,1016,Unclassified,0,Slight,None,23-06-2019,Tuesday,1,Give way or uncontrolled,T or staggered junction,27.10117708,Daylight,569350,205480,93.62068707,E01021630,1,2,0,5,Dry,Single carriageway,None,40,17:20:00,Urban,Fine no high winds,No,21 - 25,4,Small town,10,2497,None,None,Other/Not known (2005-10),Leaving main road,BMW,Z4 SE,Petrol,Male,None,No tow/articulation,Did not leave carriageway,0,Turning right,1,Car,No,Offside,2019
201043N096100,A,4155,A,404,Slight,None,18-02-2021,Saturday,1,Give way or uncontrolled,Roundabout,27.09370919,Daylight,486100,187620,93.63003142,E01017889,2,2,0,0,Dry,Roundabout,None,30,18:52:00,Urban,Fine no high winds,No,21 - 25,4,Urban area,6,1975,None,None,Other/Not known (2005-10),Approaching junction or waiting/parked at junction approach,HYUNDAI,COUPE SIII A,Petrol,Male,None,No tow/articulation,Did not leave carriageway,0,Going ahead other,1,Car,No,Front,2019
201054EY26310,B,4040,NA,0,Slight,None,30-09-2020,Tuesday,1,Not at junction or within 20 metres,Not at junction or within 20 metres,27.09808077,Daylight,404140,191160,93.61785017,E01031886,1,2,0,0,Dry,Single carriageway,None,60,08:35:00,Rural,Fine no high winds,No,21 - 25,4,Urban area,NA,2998,Kerb,Other permanent object,Journey as part of work,Not at or within 20 metres of junction,IVECO,DAILY 35C14 XLWB,Heavy oil,Male,None,No tow/articulation,Nearside,0,Going ahead right-hand bend,1,Goods over 3.5t. and under 7.5t,No,Front,2019
201050GC2M010,Unclassified,0,Unclassified,0,Slight,None,25-01-2019,Wednesday,1,Give way or uncontrolled,Private drive or entrance,27.09445152,Daylight,193260,61220,93.614725,E01019064,2,3,0,0,Dry,Single carriageway,None,30,14:00:00,Rural,Fine no high winds,No,21 - 25,4,Urban area,1,1997,None,None,Journey as part of work,Approaching junction or waiting/parked at junction approach,PEUGEOT,PARTNER LX 800 HDI,Heavy oil,Male,None,No tow/articulation,Did not leave carriageway,0,Waiting to turn right,3,Van / Goods 3.5 tonnes mgw or under,No,Back,2019
201034WD09200,A,361,B,4037,Slight,None,22-05-2021,Monday,1,Give way or uncontrolled,T or staggered junction,26.75210729,Daylight,455940,259540,94.20112803,E01026993,1,2,0,0,Wet or damp,Single carriageway,None,60,09:00:00,Rural,Fine no high winds,No,21 - 25,4,Rural,9,2204,None,None,Commuting to/from work,Mid Junction - on roundabout or on main road,HONDA,CIVIC ES I-CTDI,Heavy oil,Male,None,No tow/articulation,Did not leave carriageway,0,Turning left,1,Car,No,Front,2019
201045GU50502,A,3,NA,0,Slight,None,08-11-2020,Sunday,1,Data missing or out of range,Not at junction or within 20 metres,26.74373258,Daylight,506760,157890,94.22225664,E01030458,1,2,0,0,Dry,Dual carriageway,None,70,17:34:00,Rural,Fine no high winds,No,21 - 25,4,Urban area,6,1399,None,None,Journey as part of work,Not at or within 20 metres of junction,FORD,FIESTA STYLE TDCI,Heavy oil,Male,None,No tow/articulation,Did not leave carriageway,0,Waiting to go - held up,2,Car,No,Back,2019
201001BS70485,A,3217,A,3220,Slight,None,11-08-2010,Wednesday,1,Auto traffic signal,Crossroads,51.484361,Daylight,526760,177740,-0.175802,E01002845,1,2,0,5,Dry,Single carriageway,None,30,18:00:00,Urban,Fine no high winds,No,21 - 25,4,Urban area,6,1050,None,None,Other/Not known (2005-10),Mid Junction - on roundabout or on main road,TRIUMPH,SPRINT ST 1050,Petrol,Male,None,No tow/articulation,Did not leave carriageway,0,Going ahead other,1,Motorcycle over 500cc,No,Offside,2010
201001BS70532,B,412,NA,0,Slight,None,14-09-2010,Tuesday,1,Data missing or out of range,Not at junction or within 20 metres,51.519703,Daylight,523410,181590,-0.222678,E01002876,1,2,0,0,Dry,Single carriageway,None,30,13:50:00,Urban,Fine no high winds,No,21 - 25,4,Urban area,3,125,None,None,Other/Not known (2005-10),Not at or within 20 metres of junction,HONDA,SH 125-6,Petrol,Male,None,No tow/articulation,Did not leave carriageway,0,Going ahead other,2,Motorcycle 125cc and under,No,Offside,2010
201001BS70709,A,402,Unclassified,0,Slight,None,23-11-2010,Tuesday,1,Give way or uncontrolled,T or staggered junction,51.505849,Daylight,524290,180070,-0.210536,E01002871,1,2,0,0,Dry,Single carriageway,None,30,09:03:00,Urban,Fine no high winds,No,21 - 25,4,Urban area,10,1248,None,None,Other/Not known (2005-10),Mid Junction - on roundabout or on main road,VAUXHALL,COMBO 2000 CDTI 16V,Heavy oil,Male,None,No tow/articulation,Did not leave carriageway,0,U-turn,1,Van / Goods 3.5 tonnes mgw or under,No,Offside,2010
201001CP00021,A,10,C,0,Slight,None,17-02-2010,Wednesday,1,Auto traffic signal,T or staggered junction,51.511783,Daylight,532970,180950,-0.085209,E01000004,1,2,0,5,Dry,Single carriageway,None,30,08:04:00,Urban,Fine no high winds,No,21 - 25,4,Urban area,3,645,None,None,Commuting to/from work,Mid Junction - on roundabout or on main road,SUZUKI,SV 650 SK6,Petrol,Male,Skidded,No tow/articulation,Did not leave carriageway,0,Overtaking static vehicle - offside,1,Motorcycle over 500cc,No,Front,2010
201001CW11259,B,509,NA,0,Slight,None,26-06-2010,Saturday,1,Data missing or out of range,Not at junction or within 20 metres,51.541862,Daylight,526430,184130,-0.178262,E01000961,1,2,0,5,Dry,Single carriageway,Roadworks,30,12:45:00,Urban,Fine no high winds,No,21 - 25,4,Urban area,3,1360,None,None,Journey as part of work,Not at or within 20 metres of junction,PEUGEOT,207 S,Petrol,Male,None,No tow/articulation,Did not leave carriageway,0,Turning right,1,Car,No,Offside,2010
201001CW11510,A,4202,A,4202,Slight,None,24-07-2010,Saturday,1,Auto traffic signal,T or staggered junction,51.510955,Daylight,527990,180730,-0.157013,E01004762,1,2,0,5,Dry,One way street,None,30,17:07:00,Urban,Fine no high winds,No,21 - 25,4,Data missing or out of range,NA,1461,None,None,Other/Not known (2005-10),Leaving main road,RENAULT,MEGANE DYNAMIQUE DCI 106,Heavy oil,Male,None,No tow/articulation,Did not leave carriageway,0,Slowing or stopping,1,Car,No,Back,2010
201001CW11557,A,5204,B,524,Slight,None,31-07-2010,Saturday,1,Auto traffic signal,Crossroads,51.515897,Daylight,528390,181290,-0.151049,E01004714,1,2,0,0,Dry,Single carriageway,None,30,17:45:00,Urban,Fine no high winds,No,21 - 25,4,Urban area,2,124,None,None,Other/Not known (2005-10),Mid Junction - on roundabout or on main road,PIAGGIO,PX 125 (VESPA),Petrol,Male,None,No tow/articulation,Did not leave carriageway,0,Going ahead other,2,Motorcycle 125cc and under,No,Front,2010
201001CW11786,A,400,Unclassified,0,Slight,None,28-07-2010,Wednesday,1,Give way or uncontrolled,Crossroads,51.528472,Daylight,529210,182710,-0.138717,E01000950,1,2,0,4,Dry,Single carriageway,None,30,19:04:00,Urban,Fine no high winds,No,21 - 25,4,Urban area,3,1796,None,None,Other/Not known (2005-10),Leaving main road,VAUXHALL,ASTRA ACTIVE AUTO,Petrol,Male,None,No tow/articulation,Did not leave carriageway,0,Turning right,1,Car,No,Nearside,2010
201001CW11878,Unclassified,0,Unclassified,0,Slight,None,07-09-2010,Tuesday,1,Give way or uncontrolled,T or staggered junction,51.486038,Daylight,529280,177990,-0.139438,E01004669,1,2,0,0,Dry,Single carriageway,None,30,18:22:00,Urban,Fine no high winds,No,21 - 25,4,Urban area,2,3456,None,None,Other/Not known (2005-10),Mid Junction - on roundabout or on main road,LEXUS,RX350 SE-L AUTO,Petrol,Male,None,No tow/articulation,Did not leave carriageway,0,Going ahead other,1,Car,No,Nearside,2010
201001CW12544,B,414,C,0,Slight,None,31-10-2010,Sunday,1,Give way or uncontrolled,T or staggered junction,51.533087,Daylight,525480,183130,-0.19231,E01004710,1,2,0,0,Dry,Single carriageway,None,30,13:00:00,Urban,Fine no high winds,No,21 - 25,4,Urban area,3,1587,None,None,Other/Not known (2005-10),Mid Junction - on roundabout or on main road,PEUGEOT,206 SPORT,Petrol,Male,None,No tow/articulation,Did not leave carriageway,0,Going ahead other,1,Car,No,Nearside,2010
201001EO40400,A,1201,Unclassified,0,Slight,None,15-07-2010,Thursday,1,Give way or uncontrolled,Crossroads,51.563137,Daylight,531650,186630,-0.102097,E01002747,1,2,0,0,Dry,Single carriageway,None,30,11:00:00,Urban,Fine no high winds,No,21 - 25,4,Urban area,2,5654,None,None,Other/Not known (2005-10),Mid Junction - on roundabout or on main road,JEEP,COMMANDER LIMITED HEMI A,Petrol,Male,None,No tow/articulation,Did not leave carriageway,0,Reversing,1,Car,No,Back,2010
201001EO40775,A,5200,Unclassified,0,Slight,None,13-12-2010,Monday,1,Give way or uncontrolled,T or staggered junction,51.552573,Daylight,529530,185400,-0.133118,E01000924,1,2,0,1,Dry,Single carriageway,None,30,09:35:00,Urban,Fine no high winds,No,21 - 25,4,Urban area,2,2460,None,None,Other/Not known (2005-10),Mid Junction - on roundabout or on main road,VOLKSWAGEN,TOUAREG SE AUTO,Heavy oil,Male,None,No tow/articulation,Did not leave carriageway,0,Turning right,2,Car,No,Offside,2010
201001FH10297,A,217,C,0,Slight,None,09-06-2010,Wednesday,1,Auto traffic signal,Crossroads,51.466588,Daylight,525860,175740,-0.189469,E01001938,1,2,0,5,Dry,Single carriageway,None,30,11:00:00,Urban,Fine no high winds,No,21 - 25,4,Urban area,9,2460,None,None,Other/Not known (2005-10),Mid Junction - on roundabout or on main road,VOLKSWAGEN,TPORTER T30 130 TDI SWB A,Heavy oil,Male,None,No tow/articulation,Did not leave carriageway,0,Waiting to go - held up,2,Van / Goods 3.5 tonnes mgw or under,No,Back,2010
201001FH10336,A,40,A,3220,Slight,None,26-06-2010,Saturday,1,Give way or uncontrolled,Roundabout,51.515168,Daylight,523600,181090,-0.220116,E01002877,1,2,0,0,Dry,Slip road,None,30,13:47:00,Urban,Fine no high winds,No,21 - 25,4,Urban area,6,2497,None,None,Other/Not known (2005-10),Mid Junction - on roundabout or on main road,BMW,325I SE AUTO,Petrol,Male,None,No tow/articulation,Did not leave carriageway,0,Going ahead other,2,Car,No,Front,2010
201001FH10346,A,304,Unclassified,0,Slight,None,08-07-2010,Thursday,1,Give way or uncontrolled,T or staggered junction,51.478889,Daylight,525100,177090,-0.199927,E01001947,1,2,0,0,Dry,Single carriageway,None,30,12:00:00,Urban,Fine no high winds,No,21 - 25,4,Urban area,6,125,None,None,Other/Not known (2005-10),Mid Junction - on roundabout or on main road,HONDA,ANF 125-5,Petrol,Male,None,No tow/articulation,Did not leave carriageway,0,Overtaking moving vehicle - offside,2,Motorcycle 125cc and under,No,Front,2010
201001GD10416,B,113,NA,0,Slight,None,01-07-2010,Thursday,1,Data missing or out of range,Not at junction or within 20 metres,51.547006,Daylight,535260,184930,-0.050701,E01001731,1,2,0,0,Dry,Single carriageway,None,30,12:54:00,Urban,Fine no high winds,No,21 - 25,4,Urban area,2,125,None,None,Other/Not known (2005-10),Not at or within 20 metres of junction,HONDA,CBR 125 RS-5,Petrol,Male,None,No tow/articulation,Did not leave carriageway,0,Going ahead right-hand bend,1,Motorcycle 125cc and under,No,Front,2010
201001JI40111,A,406,A,118,Slight,None,08-03-2010,Monday,1,Give way or uncontrolled,Slip road,51.555904,Daylight,543270,186140,0.065231,E01003577,1,2,0,0,Dry,Slip road,None,30,14:06:00,Urban,Fine no high winds,No,21 - 25,4,Urban area,2,1796,None,None,Other/Not known (2005-10),Approaching junction or waiting/parked at junction approach,MERCEDES,C180 KOMPRESSOR SE AUTO,Petrol,Male,None,No tow/articulation,Did not leave carriageway,0,Moving off,1,Car,No,Front,2010
201001JI40577,Unclassified,0,Unclassified,0,Slight,None,07-09-2010,Tuesday,1,Give way or uncontrolled,Crossroads,51.578205,Daylight,547390,188740,0.125708,E01003664,1,2,0,0,Wet or damp,Single carriageway,None,30,06:15:00,Urban,Fine no high winds,No,21 - 25,4,Urban area,10,1390,None,None,Other/Not known (2005-10),Mid Junction - on roundabout or on main road,VOLKSWAGEN,GOLF GT TSI 170,Petrol,Male,None,No tow/articulation,Did not leave carriageway,0,Going ahead other,1,Car,No,Nearside,2010
201001KD50145,A,1306,Unclassified,0,Slight,None,19-03-2010,Friday,1,Give way or uncontrolled,T or staggered junction,51.525439,Daylight,550540,182960,0.168662,E01002368,3,3,0,0,Wet or damp,Dual carriageway,None,40,15:48:00,Urban,Fine no high winds,No,21 - 25,4,Urban area,3,1388,None,None,Other/Not known (2005-10),Mid Junction - on roundabout or on main road,FORD,FIESTA FREEDOM,Petrol,Male,None,No tow/articulation,Did not leave carriageway,0,Going ahead other,3,Car,No,Offside,2010
201001KD50465,Motorway,25,NA,0,Slight,None,29-08-2010,Sunday,1,Data missing or out of range,Not at junction or within 20 metres,51.578699,Daylight,558170,189120,0.281327,E01002259,1,2,0,0,Dry,Dual carriageway,Roadworks,70,18:20:00,Rural,Fine no high winds,No,21 - 25,4,Urban area,2,1598,None,None,Other/Not known (2005-10),Not at or within 20 metres of junction,NISSAN,MICRA SPORT C+C,Petrol,Male,None,Single trailer,Nearside,0,Going ahead other,1,Car,No,Back,2010
201001KD50563,A,12,Unclassified,0,Slight,Pedestrian in carriageway - not injured,20-10-2010,Wednesday,1,Give way or uncontrolled,T or staggered junction,51.595136,Daylight,553970,190820,0.221506,E01002310,1,1,0,0,Dry,Dual carriageway,None,40,08:09:00,Urban,Fine no high winds,No,21 - 25,4,Rural,10,244,None,None,Other/Not known (2005-10),Approaching junction or waiting/parked at junction approach,PIAGGIO,X9 250,Petrol,Male,None,No tow/articulation,Did not leave carriageway,0,Overtaking static vehicle - offside,1,Motorcycle 125cc and under,No,Front,2010
201001KD50618,A,118,A,127,Slight,None,24-11-2010,Wednesday,1,Give way or uncontrolled,Roundabout,51.592506,Daylight,553400,190510,0.213148,E01002293,1,2,0,0,Dry,Roundabout,None,30,14:15:00,Urban,Fine no high winds,No,21 - 25,4,Rural,9,1598,None,Other permanent object,Other/Not known (2005-10),Mid Junction - on roundabout or on main road,VAUXHALL,ASTRA SXI,Petrol,Male,None,No tow/articulation,Nearside,0,Going ahead right-hand bend,1,Car,No,Back,2010
201001KF60450,A,114,Unclassified,0,Slight,None,22-07-2010,Thursday,1,Give way or uncontrolled,T or staggered junction,51.544177,Daylight,540590,184760,0.026048,E01003558,1,1,0,4,Dry,Single carriageway,None,30,11:37:00,Urban,Fine no high winds,No,21 - 25,4,Data missing or out of range,NA,1986,None,None,Other/Not known (2005-10),Cleared junction or waiting/parked at junction exit,AUDI,A4 S LINE TDI 140 AUTO,Heavy oil,Male,None,No tow/articulation,Did not leave carriageway,0,Going ahead other,1,Car,No,Front,2010
201001KG70063,A,1153,NA,0,Slight,None,05-02-2010,Friday,1,Data missing or out of range,Not at junction or within 20 metres,51.53344,Daylight,546420,183730,0.109635,E01000045,1,2,0,0,Dry,Single carriageway,None,30,16:36:00,Urban,Fine no high winds,No,21 - 25,4,Urban area,3,2993,None,None,Other/Not known (2005-10),Not at or within 20 metres of junction,BMW,330D M SPORT AUTO,Heavy oil,Male,None,No tow/articulation,Did not leave carriageway,0,Moving off,2,Car,No,Offside,2010
201001KG70323,A,123,NA,0,Slight,None,28-08-2010,Saturday,1,Data missing or out of range,Not at junction or within 20 metres,51.534989,Daylight,545990,183890,0.103506,E01000043,1,2,0,0,Dry,Single carriageway,None,30,14:45:00,Urban,Fine no high winds,No,21 - 25,4,Urban area,3,1598,None,None,Other/Not known (2005-10),Not at or within 20 metres of junction,TOYOTA,COROLLA COL-R COLN VVTI A,Petrol,Male,None,No tow/articulation,Did not leave carriageway,2,Going ahead other,2,Car,No,Front,2010
201001LX51170,A,23,A,23,Slight,None,17-12-2010,Friday,1,Auto traffic signal,T or staggered junction,51.453719,Daylight,530700,174430,-0.120313,E01003018,1,2,0,5,Dry,Single carriageway,None,30,17:50:00,Urban,Fine no high winds,No,21 - 25,4,Urban area,4,49,None,None,Other/Not known (2005-10),Approaching junction or waiting/parked at junction approach,PEUGEOT,LUDIX 10 BLASTER,Petrol,Male,None,No tow/articulation,Did not leave carriageway,0,Going ahead other,2,Motorcycle 125cc and under,No,Front,2010
201001MM70047,C,0,Unclassified,0,Slight,None,20-01-2010,Wednesday,1,Give way or uncontrolled,T or staggered junction,51.493917,Daylight,534420,179000,-0.065068,E01004042,2,2,0,0,Dry,Single carriageway,None,30,08:11:00,Urban,Fine no high winds,No,21 - 25,4,Urban area,9,1248,None,None,Journey as part of work,Mid Junction - on roundabout or on main road,VAUXHALL,COMBO 2000 CDTI 16V,Heavy oil,Male,None,No tow/articulation,Did not leave carriageway,0,Turning right,1,Van / Goods 3.5 tonnes mgw or under,No,Offside,2010
201001MM70167,A,200,A,2208,Slight,None,12-03-2010,Friday,1,Auto traffic signal,Crossroads,51.49346,Daylight,535580,178980,-0.048377,E01004031,1,2,0,5,Dry,Single carriageway,None,30,16:31:00,Urban,Fine no high winds,No,21 - 25,4,Urban area,2,1198,None,None,Other/Not known (2005-10),Approaching junction or waiting/parked at junction approach,VOLKSWAGEN,POLO E 55,Petrol,Male,None,No tow/articulation,Did not leave carriageway,0,Waiting to go - held up,2,Car,No,Back,2010
201001MM70425,A,2,B,214,Slight,None,05-06-2010,Saturday,1,Auto traffic signal,Crossroads,51.487806,Daylight,533660,178300,-0.076275,E01003964,3,2,0,5,Dry,Dual carriageway,None,30,10:58:00,Urban,Fine no high winds,No,21 - 25,4,Data missing or out of range,NA,2300,None,None,Journey as part of work,Approaching junction or waiting/parked at junction approach,IVECO,DAILY 35 C15 MWB,Heavy oil,Male,None,No tow/articulation,Did not leave carriageway,0,Going ahead other,1,Van / Goods 3.5 tonnes mgw or under,No,Front,2010
201001MM70454,C,0,Unclassified,0,Slight,None,12-06-2010,Saturday,1,Auto traffic signal,Crossroads,51.485733,Daylight,535200,178110,-0.05418,E01003987,1,2,0,5,Dry,Single carriageway,None,30,18:40:00,Urban,Fine no high winds,No,21 - 25,4,Urban area,3,125,None,None,Other/Not known (2005-10),Approaching junction or waiting/parked at junction approach,HONDA,ANF 126 T-6,Petrol,Male,None,No tow/articulation,Did not leave carriageway,0,Waiting to go - held up,2,Motorcycle 125cc and under,No,Offside,2010
201001MM70662,C,0,NA,0,Slight,None,08-08-2010,Sunday,1,Data missing or out of range,Not at junction or within 20 metres,51.458506,Daylight,535190,175080,-0.055482,E01004015,1,2,0,8,Dry,Single carriageway,None,30,09:00:00,Urban,Fine no high winds,No,21 - 25,4,Urban area,3,1596,Bollard or refuge,None,Other/Not known (2005-10),Not at or within 20 metres of junction,FORD,FOCUS ZETEC CLIMATE T,Petrol,Male,None,No tow/articulation,Did not leave carriageway,0,Going ahead other,1,Car,No,Offside,2010
201001MM70722,A,202,C,0,Slight,None,16-08-2010,Monday,1,Auto traffic signal,Crossroads,51.477336,Daylight,531940,177090,-0.101485,E01003180,1,2,0,5,Dry,Single carriageway,None,30,14:30:00,Urban,Fine no high winds,No,21 - 25,4,Urban area,2,125,None,None,Other/Not known (2005-10),Approaching junction or waiting/parked at junction approach,HONDA,PES 125,Petrol,Male,None,No tow/articulation,Did not leave carriageway,0,Waiting to go - held up,1,Motorcycle 125cc and under,No,Front,2010
201001MM70751,Unclassified,0,Unclassified,0,Slight,None,11-09-2010,Saturday,1,Give way or uncontrolled,T or staggered junction,51.485143,Daylight,531990,177960,-0.100441,E01003994,1,2,0,0,Dry,Single carriageway,None,30,18:05:00,Urban,Fine no high winds,No,21 - 25,4,Urban area,3,1198,None,None,Other/Not known (2005-10),Approaching junction or waiting/parked at junction approach,VOLKSWAGEN,POLO S 64,Petrol,Male,None,No tow/articulation,Did not leave carriageway,0,Going ahead other,1,Car,No,Front,2010
201001MM71047,B,238,NA,0,Slight,None,28-11-2010,Sunday,1,Data missing or out of range,Not at junction or within 20 metres,51.461478,Daylight,534410,175390,-0.066585,E01004021,1,2,0,0,Dry,Single carriageway,None,30,16:18:00,Urban,Fine no high winds,No,21 - 25,4,Data missing or out of range,NA,1968,None,None,Other/Not known (2005-10),Not at or within 20 metres of junction,AUDI,A3 TDI S LINE QUATTRO,Heavy oil,Male,None,No tow/articulation,Did not leave carriageway,0,Going ahead other,1,Car,No,Back,2010
201001PL60720,A,21,Unclassified,0,Slight,None,25-10-2010,Monday,1,Give way or uncontrolled,Private drive or entrance,51.426123,Daylight,538670,171570,-0.006797,E01003240,1,2,0,0,Dry,Single carriageway,None,30,16:15:00,Urban,Fine no high winds,No,21 - 25,4,Urban area,5,1997,None,None,Other/Not known (2005-10),Mid Junction - on roundabout or on main road,PEUGEOT,EXPERT 900 HDI,Heavy oil,Male,None,No tow/articulation,Did not leave carriageway,0,Turning right,1,Van / Goods 3.5 tonnes mgw or under,No,Offside,2010
201001PY20135,B,265,Unclassified,0,Slight,None,01-01-2010,Friday,1,Give way or uncontrolled,T or staggered junction,51.396474,Daylight,541200,168340,0.028283,E01000671,1,2,0,0,Dry,Single carriageway,None,30,14:36:00,Urban,Fine no high winds,No,21 - 25,4,Data missing or out of range,NA,49,None,None,Journey as part of work,Mid Junction - on roundabout or on main road,PEUGEOT,LUDIX ELEGANCE,Petrol,Male,None,No tow/articulation,Did not leave carriageway,0,Turning left,2,Motorcycle 125cc and under,No,Back,2010
201001PY20275,A,214,Unclassified,0,Slight,None,21-05-2010,Friday,1,Give way or uncontrolled,T or staggered junction,51.41799,Daylight,534000,170540,-0.074318,E01000746,1,2,0,4,Dry,Single carriageway,None,30,08:54:00,Urban,Fine no high winds,No,21 - 25,4,Urban area,3,750,None,None,Other/Not known (2005-10),Approaching junction or waiting/parked at junction approach,SUZUKI,GSXR 750 K6,Petrol,Male,None,No tow/articulation,Did not leave carriageway,0,Overtaking moving vehicle - offside,2,Motorcycle over 125cc and up to 500cc,No,Front,2010
201001PY20347,A,222,Unclassified,0,Slight,None,09-06-2010,Wednesday,1,Give way or uncontrolled,T or staggered junction,51.407141,Daylight,537650,169430,-0.02229,E01000770,1,2,0,0,Dry,Single carriageway,None,30,16:00:00,Urban,Fine no high winds,No,21 - 25,4,Urban area,8,2179,None,None,Other/Not known (2005-10),Cleared junction or waiting/parked at junction exit,CITROEN,RELAY 1800 TD HDI MWB,Heavy oil,Male,Skidded,No tow/articulation,Did not leave carriageway,0,Going ahead other,2,Van / Goods 3.5 tonnes mgw or under,No,Front,2010
201001PY20417,C,0,Unclassified,0,Slight,None,13-07-2010,Tuesday,1,Give way or uncontrolled,T or staggered junction,51.373991,Daylight,538350,165760,-0.013661,E01000841,1,2,0,0,Dry,Single carriageway,None,30,18:29:00,Urban,Fine no high winds,No,21 - 25,4,Urban area,2,125,None,None,Other/Not known (2005-10),Approaching junction or waiting/parked at junction approach,HONDA,CBR 125 RS-5,Petrol,Male,None,No tow/articulation,Did not leave carriageway,0,Going ahead other,1,Motorcycle 125cc and under,No,Front,2010
201001QA10140,A,409,NA,0,Slight,None,29-04-2010,Thursday,1,Data missing or out of range,Not at junction or within 20 metres,51.592104,Daylight,515520,189460,-0.333761,E01002180,1,3,0,0,Dry,Single carriageway,None,30,17:16:00,Urban,Fine no high winds,No,21 - 25,4,Data missing or out of range,NA,1995,None,None,Other/Not known (2005-10),Not at or within 20 metres of junction,BMW,520D SE AUTO,Heavy oil,Male,None,No tow/articulation,Did not leave carriageway,0,Going ahead other,3,Car,No,Front,2010
201001QK50239,A,404,C,0,Slight,None,18-05-2010,Tuesday,1,Auto traffic signal,T or staggered junction,51.5331,Daylight,522140,183050,-0.240467,E01000535,1,2,0,5,Dry,Single carriageway,None,30,09:17:00,Urban,Fine no high winds,No,21 - 25,4,Urban area,1,125,None,None,Other/Not known (2005-10),Mid Junction - on roundabout or on main road,HONDA,SES 125-4,Petrol,Male,None,No tow/articulation,Did not leave carriageway,0,Going ahead other,1,Motorcycle 125cc and under,No,Front,2010
201001QK50291,Unclassified,0,Unclassified,0,Slight,None,20-05-2010,Thursday,1,Give way or uncontrolled,T or staggered junction,51.530548,Daylight,523130,182790,-0.226292,E01000532,1,2,0,0,Dry,Single carriageway,None,30,21:00:00,Urban,Fine no high winds,No,21 - 25,4,Urban area,7,2000,None,None,Other/Not known (2005-10),Mid Junction - on roundabout or on main road,VOLKSWAGEN,GOLF PLUS GT TDI,Heavy oil,Male,None,No tow/articulation,Did not leave carriageway,0,Turning right,2,Car,No,Offside,2010
201001QK50320,B,4557,B,4557,Slight,None,08-06-2010,Tuesday,1,Auto traffic signal,Roundabout,51.554827,Daylight,520990,185440,-0.256218,E01000601,2,2,0,5,Dry,Roundabout,None,30,09:25:00,Urban,Fine no high winds,No,21 - 25,4,Urban area,1,1998,None,None,Other/Not known (2005-10),Mid Junction - on roundabout or on main road,RENAULT,MEGANE PRIVILEGE T136,Petrol,Male,None,No tow/articulation,Did not leave carriageway,0,Going ahead other,2,Car,No,Front,2010