Accident_Index,1st_Road_Class,1st_Road_Number,2nd_Road_Class,2nd_Road_Number,Accident_Severity,Carriageway_Hazards,Date,Day_of_Week,Did_Police_Officer_Attend_Scene_of_Accident,Junction_Control,Junction_Detail,Latitude,Light_Conditions,Location_Easting_OSGR,Location_Northing_OSGR,Longitude,LSOA_of_Accident_Location,Number_of_Casualties,Number_of_Vehicles,Pedestrian_Crossing-Human_Control,Pedestrian_Crossing-Physical_Facilities,Road_Surface_Conditions,Road_Type,Special_Conditions_at_Site,Speed_limit,Time,Urban_or_Rural_Area,Weather_Conditions,InScotland,Age_Band_of_Driver,Age_of_Vehicle,Driver_Home_Area_Type,Driver_IMD_Decile,Engine_Capacity_.CC.,Hit_Object_in_Carriageway,Hit_Object_off_Carriageway,Journey_Purpose_of_Driver,Junction_Location,make,model,Propulsion_Code,Sex_of_Driver,Skidding_and_Overturning,Towing_and_Articulation,Vehicle_Leaving_Carriageway,Vehicle_Location.Restricted_Lane,Vehicle_Manoeuvre,Vehicle_Reference,Vehicle_Type,Was_Vehicle_Left_Hand_Drive,X1st_Point_of_Impact,Year
201001QK50350,A,404,A,4000,Slight,None,15-06-2010,Tuesday,1,Auto traffic signal,Crossroads,51.536139,Daylight,521800,183380,-0.245253,E01000529,1,2,0,5,Dry,Single carriageway,None,30,11:14:00,Urban,Fine no high winds,No,21 - 25,4,Urban area,9,1870,None,None,Journey as part of work,Mid Junction - on roundabout or on main road,VAUXHALL,VIVARO 2700 DI SWB,Heavy oil,Male,None,No tow/articulation,Did not leave carriageway,0,Going ahead other,2,Van / Goods 3.5 tonnes mgw or under,No,Front,2010
201001QK50719,A,4003,Unclassified,0,Slight,None,20-10-2010,Wednesday,1,Give way or uncontrolled,Private drive or entrance,51.540794,Daylight,524770,183970,-0.202244,E01000546,1,2,0,1,Dry,Single carriageway,None,30,16:05:00,Urban,Fine no high winds,No,21 - 25,4,Urban area,2,1296,None,None,Other/Not known (2005-10),Mid Junction - on roundabout or on main road,TOYOTA,YARIS T SPIRIT,Petrol,Male,None,No tow/articulation,Did not leave carriageway,0,Reversing,1,Car,No,Back,2010
201001RG40211,A,206,NA,0,Slight,None,13-04-2010,Tuesday,1,Data missing or out of range,Not at junction or within 20 metres,51.486068,Daylight,539740,178270,0.011227,E01001665,1,3,0,1,Dry,Single carriageway,None,30,10:45:00,Urban,Fine no high winds,No,21 - 25,4,Data missing or out of range,NA,1560,None,None,Other/Not known (2005-10),Not at or within 20 metres of junction,CITROEN,C4 LX HDI,Heavy oil,Male,None,No tow/articulation,Did not leave carriageway,0,Going ahead other,3,Car,No,Front,2010
201001SX20865,Unclassified,0,Unclassified,0,Slight,None,19-08-2010,Thursday,1,Give way or uncontrolled,Crossroads,51.610095,Daylight,520590,191580,-0.259878,E01000132,1,2,0,0,Dry,Single carriageway,None,30,08:59:00,Urban,Fine no high winds,No,21 - 25,4,Urban area,6,125,None,None,Commuting to/from work,Approaching junction or waiting/parked at junction approach,HONDA,CBR 125 RW-6,Petrol,Male,None,No tow/articulation,Did not leave carriageway,0,Overtaking - nearside,1,Motorcycle 125cc and under,No,Back,2010
201001TA00030,A,4205,A,4205,Slight,None,27-03-2010,Saturday,1,Give way or uncontrolled,T or staggered junction,51.515124,Daylight,526640,181160,-0.176303,E01004682,1,1,0,5,Dry,Single carriageway,None,30,10:15:00,Urban,Fine no high winds,No,21 - 25,4,Urban area,2,998,None,None,Other/Not known (2005-10),Approaching junction or waiting/parked at junction approach,VAUXHALL,CORSA LIFE A/C,Petrol,Male,None,No tow/articulation,Did not leave carriageway,0,Moving off,1,Car,No,Offside,2010
201001TB00252,A,501,A,501,Slight,None,04-06-2010,Friday,1,Auto traffic signal,T or staggered junction,51.523902,Daylight,528760,182190,-0.145391,E01004716,2,2,0,5,Dry,Dual carriageway,None,30,12:50:00,Urban,Fine no high winds,No,21 - 25,4,Urban area,5,3920,None,None,Journey as part of work,Mid Junction - on roundabout or on main road,IVECO,,Heavy oil,Male,None,No tow/articulation,Did not leave carriageway,0,Turning left,1,Goods 7.5 tonnes mgw and over,No,Offside,2010
201034WD09200,A,361,B,4037,Slight,None,01-03-2010,Monday,1,Give way or uncontrolled,T or staggered junction,52.231188,Daylight,455940,259540,-1.182354,E01026993,1,2,0,0,Wet or damp,Single carriageway,None,60,09:00:00,Rural,Fine no high winds,No,21 - 25,4,Rural,9,2204,None,None,Commuting to/from work,Mid Junction - on roundabout or on main road,HONDA,CIVIC ES I-CTDI,Heavy oil,Male,None,No tow/articulation,Did not leave carriageway,0,Turning left,1,Car,No,Front,2010
201037B044018,A,143,A,134,Slight,None,06-01-2010,Wednesday,1,Give way or uncontrolled,Roundabout,52.26162,Daylight,586110,266110,0.725701,E01030104,2,2,0,0,Wet or damp,Roundabout,None,60,10:00:00,Rural,Fine no high winds,No,21 - 25,4,Urban area,7,2148,None,None,Other/Not known (2005-10),Approaching junction or waiting/parked at junction approach,MERCEDES,C220 CDI SE AUTO,Heavy oil,Male,None,No tow/articulation,Did not leave carriageway,0,Slowing or stopping,2,Car,No,Front,2010
201037B045625,A,11,NA,0,Slight,None,30-08-2010,Monday,1,Data missing or out of range,Not at junction or within 20 metres,52.37809,Daylight,580750,278880,0.654109,E01029928,2,4,0,0,Dry,Single carriageway,None,60,11:24:00,Rural,Fine no high winds,No,21 - 25,4,Small town,5,1598,None,None,Other/Not known (2005-10),Not at or within 20 metres of junction,VOLKSWAGEN,GOLF FSI SE,Petrol,Male,None,No tow/articulation,Did not leave carriageway,0,Waiting to go - held up,3,Car,No,Back,2010
201037B045942,Unclassified,6500,Unclassified,6500,Slight,None,10-10-2010,Sunday,1,Give way or uncontrolled,T or staggered junction,52.244114,Daylight,563750,263370,0.397057,E01029950,3,2,0,0,Dry,Single carriageway,Road sign or marking defective or obscured,30,09:15:00,Urban,Fine no high winds,No,21 - 25,4,Urban area,5,1598,None,None,Other/Not known (2005-10),Mid Junction - on roundabout or on main road,VAUXHALL,ASTRA SXI,Petrol,Male,None,No tow/articulation,Did not leave carriageway,0,Turning right,1,Car,No,Front,2010
201037G029409,A,14,NA,0,Slight,Other object on road,24-05-2010,Monday,1,Data missing or out of range,Not at junction or within 20 metres,52.04492,Daylight,612360,243030,1.09536,E01029879,1,3,0,0,Dry,Dual carriageway,Roadworks,70,12:50:00,Rural,Fine no high winds,No,21 - 25,4,Urban area,5,1598,None,None,Other/Not known (2005-10),Not at or within 20 metres of junction,NISSAN,NOTE SVE,Petrol,Male,Skidded,No tow/articulation,Nearside,0,Going ahead other,2,Car,No,Front,2010
201037G030094,Unclassified,4130,NA,0,Slight,Other object on road,15-09-2010,Wednesday,1,Data missing or out of range,Not at junction or within 20 metres,52.084607,Daylight,615370,247580,1.142051,E01030034,1,1,0,0,Dry,Single carriageway,None,30,07:32:00,Urban,Fine no high winds,No,21 - 25,4,Urban area,1,1798,Other object,None,Other/Not known (2005-10),Not at or within 20 metres of junction,FORD,MONDEO GHIA SCI,Petrol,Male,None,No tow/articulation,Did not leave carriageway,0,Going ahead other,1,Car,No,Front,2010
2010400B01232,C,5,C,5,Slight,None,21-04-2010,Wednesday,1,Give way or uncontrolled,T or staggered junction,52.150973,Daylight,515310,251640,-0.316042,E01017423,3,2,0,0,Dry,Single carriageway,None,60,12:26:00,Rural,Fine no high winds,No,21 - 25,4,Small town,10,1242,None,None,Commuting to/from work,Mid Junction - on roundabout or on main road,FIAT,PUNTO ACTIVE 8V,Petrol,Male,None,No tow/articulation,Did not leave carriageway,0,Going ahead other,2,Car,No,Front,2010
2010400B02281,Unclassified,0,NA,0,Slight,None,09-08-2010,Monday,2,Data missing or out of range,Not at junction or within 20 metres,52.13738,Daylight,504580,249890,-0.473348,E01017471,1,1,0,0,Dry,Single carriageway,None,30,09:50:00,Urban,Fine no high winds,No,21 - 25,4,Urban area,6,4250,None,None,Journey as part of work,Not at or within 20 metres of junction,OPTARE,,Heavy oil,Male,None,No tow/articulation,Did not leave carriageway,0,Going ahead other,1,Bus or coach (17 or more pass seats),No,Did not impact,2010
2010400D01105,Motorway,1,NA,0,Slight,None,10-04-2010,Saturday,1,Data missing or out of range,Not at junction or within 20 metres,51.887405,Daylight,505680,222100,-0.465849,E01017562,8,6,0,0,Dry,Dual carriageway,Roadworks,70,16:29:00,Rural,Fine no high winds,No,21 - 25,4,Urban area,5,1753,None,None,Other/Not known (2005-10),Not at or within 20 metres of junction,FORD,FOCUS SPORT TDCI,Heavy oil,Male,None,No tow/articulation,Did not leave carriageway,0,Going ahead other,3,Car,No,Back,2010
20104100B0310,Unclassified,532,NA,,Slight,None,31-05-2010,Monday,1,Give way or uncontrolled,Private drive or entrance,51.722628,Daylight,524240,204190,-0.202713,E01023908,1,2,0,0,Dry,Single carriageway,None,30,13:15:00,Rural,Fine no high winds,No,21 - 25,4,Rural,10,1242,None,None,Other/Not known (2005-10),Entering main road,FORD,FIESTA STYLE CLIMATE,Petrol,Male,None,No tow/articulation,Did not leave carriageway,9,Moving off,1,Car,No,Offside,2010
20104100C0936,A,411,A,411,Slight,None,08-10-2010,Friday,1,Give way or uncontrolled,Other junction,51.65784,Daylight,510870,196670,-0.39858,E01023861,1,2,0,0,Dry,One way street,None,30,16:25:00,Urban,Fine no high winds,No,21 - 25,4,Urban area,6,1360,None,None,Commuting to/from work,Cleared junction or waiting/parked at junction exit,PEUGEOT,307 S,Petrol,Male,None,No tow/articulation,Did not leave carriageway,0,Slowing or stopping,1,Car,No,Back,2010
20104100D0785,A,4251,NA,0,Slight,None,23-10-2010,Saturday,1,Not at junction or within 20 metres,Not at junction or within 20 metres,51.743006,Daylight,504520,206010,-0.487549,E01023354,1,2,0,0,Dry,Single carriageway,None,30,09:00:00,Urban,Fine no high winds,No,21 - 25,4,Rural,6,2300,None,None,Other/Not known (2005-10),Not at or within 20 metres of junction,IVECO,DAILY 35 C12 LWB,Heavy oil,Male,None,No tow/articulation,Did not leave carriageway,0,Overtaking static vehicle - offside,1,Van / Goods 3.5 tonnes mgw or under,No,Front,2010
201042I128905,A,12,A,130,Slight,None,01-05-2010,Saturday,1,Give way or uncontrolled,Slip road,51.752061,Daylight,574050,208940,0.520148,E01021537,2,2,0,0,Dry,Dual carriageway,None,70,14:39:00,Rural,Fine no high winds,No,21 - 25,4,Urban area,5,2148,None,None,Other/Not known (2005-10),Mid Junction - on roundabout or on main road,MERCEDES,CLK220 CDI AVANTGARDE A,Heavy oil,Male,Skidded,No tow/articulation,Did not leave carriageway,0,Going ahead left-hand bend,1,Car,No,Front,2010
201042I174606,A,414,Unclassified,0,Slight,None,05-06-2010,Saturday,2,Give way or uncontrolled,Other junction,51.714355,Daylight,581360,205000,0.623883,E01021913,3,2,0,0,Dry,Single carriageway,None,60,16:57:00,Rural,Fine no high winds,No,21 - 25,4,Urban area,3,1995,None,None,Other/Not known (2005-10),Approaching junction or waiting/parked at junction approach,BMW,318I M SPORT,Petrol,Male,None,No tow/articulation,Did not leave carriageway,0,Waiting to turn right,1,Car,No,Back,2010
201042I195406,A,120,NA,0,Slight,None,23-06-2010,Wednesday,1,Not at junction or within 20 metres,Not at junction or within 20 metres,51.888849,Daylight,610800,225580,1.061941,E01022019,1,2,0,0,Dry,Dual carriageway,None,70,12:10:00,Rural,Fine no high winds,No,21 - 25,4,Data missing or out of range,NA,1598,None,Tree,Other/Not known (2005-10),Not at or within 20 metres of junction,VAUXHALL,ASTRA ACTIVE,Petrol,Male,Skidded,No tow/articulation,Nearside,0,Going ahead other,2,Car,No,Nearside,2010
201042I277108,A,1016,Unclassified,0,Slight,None,31-08-2010,Tuesday,1,Give way or uncontrolled,T or staggered junction,51.722419,Daylight,569350,205480,0.450442,E01021630,1,2,0,5,Dry,Single carriageway,None,40,17:20:00,Urban,Fine no high winds,No,21 - 25,4,Small town,10,2497,None,None,Other/Not known (2005-10),Leaving main road,BMW,Z4 SE,Petrol,Male,None,No tow/articulation,Did not leave carriageway,0,Turning right,1,Car,No,Offside,2010
201042I289809,Unclassified,0,NA,0,Slight,None,11-09-2010,Saturday,1,Not at junction or within 20 metres,Not at junction or within 20 metres,51.588531,Daylight,587090,191200,0.699353,E01021930,2,2,0,0,Dry,Single carriageway,None,30,19:06:00,Urban,Fine no high winds,No,21 - 25,4,Data missing or out of range,NA,656,None,None,Other/Not known (2005-10),Not at or within 20 metres of junction,SUZUKI,GSF 650 SA K6,Petrol,Male,None,No tow/articulation,Did not leave carriageway,0,Overtaking moving vehicle - offside,1,Motorcycle over 500cc,No,Front,2010
201042I346110,B,1015,Unclassified,0,Slight,None,23-10-2010,Saturday,1,Give way or uncontrolled,T or staggered junction,51.540251,Daylight,587780,185850,0.706446,E01015854,1,3,0,0,Dry,Single carriageway,None,30,11:30:00,Urban,Fine no high winds,No,21 - 25,4,Urban area,4,125,None,None,Other/Not known (2005-10),Mid Junction - on roundabout or on main road,HONDA,CBR 125 RW-5,Petrol,Male,None,No tow/articulation,Did not leave carriageway,0,Overtaking moving vehicle - offside,1,Motorcycle 125cc and under,No,Front,2010
201042I361511,Unclassified,0,NA,0,Slight,None,04-11-2010,Thursday,1,Not at junction or within 20 metres,Not at junction or within 20 metres,51.489903,Daylight,562710,179380,0.342293,E01015964,1,2,0,0,Dry,Single carriageway,None,30,07:55:00,Urban,Fine no high winds,No,21 - 25,4,Urban area,6,1753,None,None,Other/Not known (2005-10),Not at or within 20 metres of junction,FORD,TRANSIT CONN T230 L90,Heavy oil,Male,None,No tow/articulation,Did not leave carriageway,0,Going ahead right-hand bend,1,Van / Goods 3.5 tonnes mgw or under,No,Front,2010
201042I380411,A,12,NA,0,Slight,None,15-11-2010,Monday,2,Not at junction or within 20 metres,Not at junction or within 20 metres,51.893499,Daylight,597100,225540,0.863107,E01021676,2,2,0,0,Dry,Dual carriageway,None,50,08:30:00,Rural,Fine no high winds,No,21 - 25,4,Urban area,10,1390,None,None,Journey as part of work,Not at or within 20 metres of junction,RENAULT,CLIO DYNAMIQUE S,Petrol,Male,None,No tow/articulation,Did not leave carriageway,0,Waiting to go - held up,2,Car,No,Back,2010
201042I400511,Unclassified,0,Unclassified,0,Slight,None,27-11-2010,Saturday,1,Auto traffic signal,Crossroads,51.892415,Daylight,599390,225510,0.896325,E01021650,2,2,0,4,Frost or ice,Single carriageway,None,30,07:45:00,Urban,Fine no high winds,No,21 - 25,4,Urban area,4,1328,None,None,Commuting to/from work,Mid Junction - on roundabout or on main road,SUZUKI,SWIFT GL,Petrol,Male,None,No tow/articulation,Did not leave carriageway,0,Going ahead other,1,Car,No,Front,2010
201043N065030,Unclassified,21,NA,0,Slight,None,10-03-2010,Wednesday,2,Data missing or out of range,Not at junction or within 20 metres,51.814489,Daylight,483490,213570,-0.790248,E01017637,1,3,0,0,Dry,Single carriageway,None,30,15:30:00,Urban,Fine no high winds,No,21 - 25,4,Urban area,9,1596,None,None,Journey as part of work,Not at or within 20 metres of junction,BMW,116 I SPORT,Petrol,Male,Skidded,No tow/articulation,Did not leave carriageway,0,Slowing or stopping,1,Car,No,Front,2010
201043N094090,Unclassified,466,Unclassified,466,Slight,None,16-09-2010,Thursday,1,Give way or uncontrolled,T or staggered junction,51.681849,Daylight,496690,199050,-0.60285,E01017763,1,2,0,1,Wet or damp,Single carriageway,None,30,12:23:00,Urban,Fine no high winds,No,21 - 25,4,Urban area,4,1998,None,None,Journey as part of work,Approaching junction or waiting/parked at junction approach,FORD,TRANSIT 300 MWB,Heavy oil,Male,None,No tow/articulation,Did not leave carriageway,0,Going ahead other,2,Van / Goods 3.5 tonnes mgw or under,No,Front,2010
201043N096100,A,4155,A,404,Slight,None,09-10-2010,Saturday,1,Give way or uncontrolled,Roundabout,51.580823,Daylight,486100,187620,-0.758794,E01017889,2,2,0,0,Dry,Roundabout,None,30,18:52:00,Urban,Fine no high winds,No,21 - 25,4,Urban area,6,1975,None,None,Other/Not known (2005-10),Approaching junction or waiting/parked at junction approach,HYUNDAI,COUPE SIII A,Petrol,Male,None,No tow/articulation,Did not leave carriageway,0,Going ahead other,1,Car,No,Front,2010
201043N198080,Motorway,40,NA,0,Slight,None,19-08-2010,Thursday,1,Data missing or out of range,Not at junction or within 20 metres,51.562947,Daylight,500690,185900,-0.548788,E01017823,1,1,0,0,Dry,Dual carriageway,None,70,17:07:00,Rural,Fine no high winds,No,21 - 25,4,Urban area,6,1497,None,Central crash barrier,Other/Not known (2005-10),Not at or within 20 metres of junction,NISSAN,ALMERA SX,Petrol,Male,Skidded,No tow/articulation,Offside on to centrl res + rebounded,0,Going ahead other,1,Car,No,Offside,2010
201043N210050,A,4010,Unclassified,1852,Slight,None,27-05-2010,Thursday,1,Give way or uncontrolled,T or staggered junction,51.728361,Daylight,481110,203950,-0.827011,E01017933,1,2,0,4,Dry,Single carriageway,None,30,18:32:00,Rural,Fine no high winds,No,21 - 25,4,Rural,10,1968,None,None,Commuting to/from work,Approaching junction or waiting/parked at junction approach,SEAT,LEON SPORT TDI,Heavy oil,Male,None,No tow/articulation,Did not leave carriageway,0,Going ahead other,2,Car,No,Front,2010
201043N223080,Unclassified,8,Unclassified,953,Slight,None,22-08-2010,Sunday,1,Give way or uncontrolled,T or staggered junction,51.517508,Daylight,503930,180910,-0.503534,E01017827,1,2,0,0,Dry,Single carriageway,None,30,10:01:00,Rural,Fine no high winds,No,21 - 25,4,Rural,5,1596,None,Lamp post,Other/Not known (2005-10),Approaching junction or waiting/parked at junction approach,BMW,116 I ES,Petrol,Male,None,No tow/articulation,Nearside,0,Going ahead other,1,Car,No,Front,2010
201043P149050,B,4017,Unclassified,0,Slight,None,14-05-2010,Friday,1,Give way or uncontrolled,T or staggered junction,51.651167,Daylight,447950,194940,-1.308325,E01028714,3,3,0,0,Dry,Single carriageway,None,30,16:41:00,Rural,Fine no high winds,No,21 - 25,4,Urban area,9,1870,None,None,Commuting to/from work,Approaching junction or waiting/parked at junction approach,RENAULT,TRAFIC SL27 DCI 100,Heavy oil,Male,None,No tow/articulation,Nearside,0,Going ahead other,1,Van / Goods 3.5 tonnes mgw or under,No,Front,2010
201043P328050,B,480,NA,0,Slight,None,24-05-2010,Monday,1,Data missing or out of range,Not at junction or within 20 metres,51.705762,Daylight,458190,201120,-1.159299,E01028641,1,1,0,0,Dry,Single carriageway,None,50,13:45:00,Rural,Fine no high winds,No,21 - 25,4,Rural,9,124,None,Entered ditch,Other/Not known (2005-10),Not at or within 20 metres of junction,HONDA,CG 125-4,Petrol,Male,None,No tow/articulation,Nearside,0,Going ahead right-hand bend,1,Motorcycle 125cc and under,No,Front,2010
201043R043080,Unclassified,7409,Unclassified,7409,Slight,None,05-08-2010,Thursday,1,Auto traffic signal,Crossroads,51.480264,Daylight,495960,176610,-0.619532,E01016545,1,2,0,0,Dry,Single carriageway,None,30,07:30:00,Urban,Fine no high winds,No,21 - 25,4,Urban area,10,1686,None,Road sign or traffic signal,Journey as part of work,Approaching junction or waiting/parked at junction approach,VAUXHALL,ASTRA LIFE CDTI,Heavy oil,Male,None,No tow/articulation,Offside,0,Overtaking static vehicle - offside,1,Car,No,Front,2010
201043R096110,Motorway,4,NA,0,Slight,None,15-11-2010,Monday,1,Data missing or out of range,Not at junction or within 20 metres,51.51916,Daylight,493430,180890,-0.654822,E01016468,1,2,0,0,Wet or damp,Dual carriageway,None,70,07:55:00,Rural,Fine no high winds,No,21 - 25,4,Urban area,10,1352,None,None,Commuting to/from work,Not at or within 20 metres of junction,KAWASAKI,ZX 1400 A6F,Petrol,Male,None,No tow/articulation,Did not leave carriageway,0,Slowing or stopping,2,Motorcycle over 500cc,No,Back,2010
201043R199060,Motorway,4,NA,0,Slight,None,25-06-2010,Friday,1,Data missing or out of range,Not at junction or within 20 metres,51.490283,Daylight,500890,177820,-0.548216,E01016479,1,4,0,0,Dry,Dual carriageway,None,70,14:55:00,Rural,Fine no high winds,No,21 - 25,4,Urban area,NA,1598,None,None,Journey as part of work,Not at or within 20 metres of junction,VAUXHALL,ASTRA SXI TWINPORT,Petrol,Male,None,No tow/articulation,Did not leave carriageway,0,Slowing or stopping,3,Car,No,Back,2010
201043S105060,Unclassified,8106,Unclassified,1098,Slight,None,29-06-2010,Tuesday,1,Give way or uncontrolled,Crossroads,52.03923,Daylight,484570,238590,-0.768444,E01016730,1,2,0,0,Dry,Dual carriageway,None,30,07:50:00,Urban,Fine no high winds,No,21 - 25,4,Urban area,4,1198,None,None,Other/Not known (2005-10),Mid Junction - on roundabout or on main road,VOLKSWAGEN,POLO S 55,Petrol,Male,None,No tow/articulation,Did not leave carriageway,0,Going ahead other,2,Car,No,Front,2010
201043S126020,Unclassified,432,Unclassified,1014,Slight,None,25-02-2010,Thursday,1,Give way or uncontrolled,T or staggered junction,51.999735,Daylight,488260,234260,-0.715775,E01016712,1,2,0,0,Dry,Single carriageway,None,40,14:00:00,Urban,Fine no high winds,No,21 - 25,4,Data missing or out of range,NA,125,None,None,Other/Not known (2005-10),Approaching junction or waiting/parked at junction approach,AJS,DD 125 E,Petrol,Male,None,No tow/articulation,Did not leave carriageway,0,Overtaking - nearside,2,Motorcycle 125cc and under,No,Front,2010
201043W122050,Unclassified,7508,NA,0,Slight,None,17-05-2010,Monday,1,Data missing or out of range,Not at junction or within 20 metres,51.417149,Daylight,473100,169210,-0.950186,E01016679,2,2,0,0,Dry,Single carriageway,None,30,17:50:00,Urban,Fine no high winds,No,21 - 25,4,Urban area,8,748,None,None,Commuting to/from work,Not at or within 20 metres of junction,KAWASAKI,ZR 750 K6F,Petrol,Male,None,No tow/articulation,Did not leave carriageway,0,Going ahead left-hand bend,2,Motorcycle over 125cc and up to 500cc,No,Front,2010
201043W142080,A,4,NA,0,Slight,None,23-08-2010,Monday,1,Data missing or out of range,Not at junction or within 20 metres,51.447682,Daylight,471240,172580,-0.976252,E01016391,3,2,0,0,Dry,Single carriageway,None,30,19:20:00,Urban,Fine no high winds,No,21 - 25,4,Urban area,3,1968,None,None,Other/Not known (2005-10),Not at or within 20 metres of junction,AUDI,A6 SE TDI,Heavy oil,Male,None,No tow/articulation,Did not leave carriageway,0,Waiting to go - held up,2,Car,No,Back,2010
201043W146090,A,321,Unclassified,7512,Slight,None,19-09-2010,Sunday,1,Give way or uncontrolled,T or staggered junction,51.485459,Daylight,478580,176890,-0.869693,E01016695,1,2,0,0,Dry,Single carriageway,None,30,13:05:00,Rural,Fine no high winds,No,21 - 25,4,Data missing or out of range,NA,398,None,None,Other/Not known (2005-10),Approaching junction or waiting/parked at junction approach,CCM,404 DS,Petrol,Male,None,No tow/articulation,Did not leave carriageway,0,Going ahead other,1,Motorcycle over 125cc and up to 500cc,No,Front,2010
201045GU50502,A,3,NA,0,Slight,None,16-05-2010,Sunday,1,Data missing or out of range,Not at junction or within 20 metres,51.310064,Daylight,506760,157890,-0.469688,E01030458,1,2,0,0,Dry,Dual carriageway,None,70,17:34:00,Rural,Fine no high winds,No,21 - 25,4,Urban area,6,1399,None,None,Journey as part of work,Not at or within 20 metres of junction,FORD,FIESTA STYLE TDCI,Heavy oil,Male,None,No tow/articulation,Did not leave carriageway,0,Waiting to go - held up,2,Car,No,Back,2010
201045MO56462,Motorway,25,NA,0,Slight,None,29-11-2010,Monday,1,Data missing or out of range,Not at junction or within 20 metres,51.315706,Daylight,515610,158710,-0.342504,E01030548,4,3,0,0,Dry,Dual carriageway,None,70,12:41:00,Rural,Fine no high winds,No,21 - 25,4,Data missing or out of range,NA,698,None,None,Journey as part of work,Not at or within 20 metres of junction,SMART,FORTWO PURE 61 SEMI-AUTO,Petrol,Male,Overturned,No tow/articulation,Did not leave carriageway,0,Going ahead other,1,Car,No,Nearside,2010
201045RE49196,A,217,B,2034,Slight,None,26-02-2010,Friday,1,Give way or uncontrolled,T or staggered junction,51.233711,Daylight,525510,149820,-0.20364,E01030620,2,2,0,0,Dry,Single carriageway,None,30,09:04:00,Urban,Fine no high winds,No,21 - 25,4,Urban area,9,2998,None,None,Journey as part of work,Approaching junction or waiting/parked at junction approach,IVECO,DAILY 35C14 LWB,Heavy oil,Male,None,No tow/articulation,Did not leave carriageway,0,Going ahead other,1,Van / Goods 3.5 tonnes mgw or under,No,Front,2010
201045RE50746,A,217,NA,0,Slight,None,23-05-2010,Sunday,1,Data missing or out of range,Not at junction or within 20 metres,51.256383,Daylight,526220,152360,-0.192581,E01030625,1,1,0,0,Dry,Dual carriageway,Oil or diesel,40,14:30:00,Rural,Fine no high winds,No,21 - 25,4,Urban area,10,1170,Kerb,Lamp post,Other/Not known (2005-10),Not at or within 20 metres of junction,BMW,R 1200 GS 04,Petrol,Male,None,No tow/articulation,Offside,0,Going ahead left-hand bend,1,Motorcycle over 500cc,No,Did not impact,2010
201045RE52319,C,226,Unclassified,1192,Slight,None,11-07-2010,Sunday,1,Give way or uncontrolled,T or staggered junction,51.226704,Daylight,527120,149080,-0.180854,E01030593,1,2,0,0,Wet or damp,Single carriageway,None,30,09:10:00,Rural,Fine no high winds,No,21 - 25,4,Urban area,10,1997,None,Lamp post,Other/Not known (2005-10),Approaching junction or waiting/parked at junction approach,CITROEN,C4 VTR PLUS,Petrol,Male,None,No tow/articulation,Straight ahead at junction,0,Going ahead other,2,Car,No,Offside,2010
201045RU52766,Motorway,25,NA,0,Slight,None,27-07-2010,Tuesday,1,Data missing or out of range,Not at junction or within 20 metres,51.268746,Daylight,528410,153790,-0.160701,E01030598,1,2,0,0,Dry,Dual carriageway,None,70,11:00:00,Rural,Fine no high winds,No,21 - 25,4,Urban area,5,1229,None,None,Other/Not known (2005-10),Not at or within 20 metres of junction,VAUXHALL,CORSA SXI+,Petrol,Male,None,No tow/articulation,Did not leave carriageway,0,Going ahead other,2,Car,No,Front,2010
201045RU53366,A,317,B,387,Slight,None,26-08-2010,Thursday,2,Give way or uncontrolled,T or staggered junction,51.383673,Daylight,504870,166040,-0.494395,E01030652,2,2,0,0,Dry,Dual carriageway,None,30,13:15:00,Urban,Fine no high winds,No,21 - 25,4,Urban area,8,1686,None,None,Other/Not known (2005-10),Cleared junction or waiting/parked at junction exit,VAUXHALL,ASTRA ELITE CDTI 100,Heavy oil,Male,None,No tow/articulation,Did not leave carriageway,0,Slowing or stopping,1,Car,No,Did not impact,2010
201045SU52909,C,4,Unclassified,0,Slight,None,05-08-2010,Thursday,1,Give way or uncontrolled,T or staggered junction,51.353583,Daylight,493400,162470,-0.660108,E01030781,1,2,0,0,Dry,Single carriageway,None,30,17:27:00,Rural,Fine no high winds,No,21 - 25,4,Urban area,10,1229,None,None,Other/Not known (2005-10),Mid Junction - on roundabout or on main road,VAUXHALL,CORSA ACTIVE 16V,Petrol,Male,None,No tow/articulation,Did not leave carriageway,0,Overtaking moving vehicle - offside,1,Car,No,Nearside,2010
201045TA49848,A,22,A,22,Slight,None,23-03-2010,Tuesday,1,Auto traffic signal,More than 4 arms (not roundabout),51.275109,Daylight,534720,154660,-0.069976,E01030828,1,2,0,0,Wet or damp,Dual carriageway,None,70,15:10:00,Rural,Fine no high winds,No,21 - 25,4,Urban area,6,2300,None,None,Journey as part of work,Mid Junction - on roundabout or on main road,IVECO,DAILY 35 S12 MWB,Heavy oil,Male,None,No tow/articulation,Did not leave carriageway,0,Going ahead other,2,Van / Goods 3.5 tonnes mgw or under,No,Front,2010
201045TA51859,Unclassified,1359,C,72,Slight,None,25-06-2010,Friday,1,Give way or uncontrolled,T or staggered junction,51.296829,Daylight,535600,157100,-0.056442,E01030861,2,2,0,0,Dry,Single carriageway,None,60,07:57:00,Rural,Fine no high winds,No,21 - 25,4,Data missing or out of range,NA,2998,None,None,Journey as part of work,Mid Junction - on roundabout or on main road,IVECO,DAILY 35C14 MWB,Heavy oil,Male,None,No tow/articulation,Did not leave carriageway,0,Turning right,1,Van / Goods 3.5 tonnes mgw or under,No,Front,2010