Accident_Index,1st_Road_Class,1st_Road_Number,2nd_Road_Class,2nd_Road_Number,Accident_Severity,Carriageway_Hazards,Date,Day_of_Week,Did_Police_Officer_Attend_Scene_of_Accident,Junction_Control,Junction_Detail,Latitude,Light_Conditions,Location_Easting_OSGR,Location_Northing_OSGR,Longitude,LSOA_of_Accident_Location,Number_of_Casualties,Number_of_Vehicles,Pedestrian_Crossing-Human_Control,Pedestrian_Crossing-Physical_Facilities,Road_Surface_Conditions,Road_Type,Special_Conditions_at_Site,Speed_limit,Time,Urban_or_Rural_Area,Weather_Conditions,InScotland,Age_Band_of_Driver,Age_of_Vehicle,Driver_Home_Area_Type,Driver_IMD_Decile,Engine_Capacity_.CC.,Hit_Object_in_Carriageway,Hit_Object_off_Carriageway,Journey_Purpose_of_Driver,Junction_Location,make,model,Propulsion_Code,Sex_of_Driver,Skidding_and_Overturning,Towing_and_Articulation,Vehicle_Leaving_Carriageway,Vehicle_Location.Restricted_Lane,Vehicle_Manoeuvre,Vehicle_Reference,Vehicle_Type,Was_Vehicle_Left_Hand_Drive,X1st_Point_of_Impact,Year
201045WA49845,A,3100,NA,0,Slight,None,13-03-2010,Saturday,1,Data missing or out of range,Not at junction or within 20 metres,51.204522,Daylight,498830,145990,-0.586708,E01030478,4,3,0,0,Dry,Single carriageway,None,30,12:27:00,Rural,Fine no high winds,No,21 - 25,4,Rural,7,2497,None,None,Other/Not known (2005-10),Not at or within 20 metres of junction,BMW,525D SE TOURING AUTO,Heavy oil,Male,None,No tow/articulation,Did not leave carriageway,0,Going ahead other,2,Car,No,Back,2010
201045WO53206,C,143,NA,0,Slight,None,03-08-2010,Tuesday,1,Data missing or out of range,Not at junction or within 20 metres,51.318501,Daylight,500400,158700,-0.560677,E01030954,1,2,0,4,Dry,Single carriageway,None,30,15:45:00,Urban,Fine no high winds,No,21 - 25,4,Urban area,5,1198,None,None,Other/Not known (2005-10),Not at or within 20 metres of junction,VOLKSWAGEN,POLO E 55,Petrol,Male,None,No tow/articulation,Did not leave carriageway,2,Moving off,1,Car,No,Back,2010
201050EC2E099,Unclassified,0,Unclassified,0,Slight,None,11-09-2010,Saturday,1,Give way or uncontrolled,Crossroads,50.368131,Daylight,248010,54220,-4.138591,E01015156,1,1,0,5,Dry,Single carriageway,None,30,19:00:00,Urban,Fine no high winds,No,21 - 25,4,Rural,5,1997,None,None,Other/Not known (2005-10),Entering main road,FORD,FOCUS ZETEC CLIMATE TDCI,Heavy oil,Male,None,No tow/articulation,Did not leave carriageway,0,Moving off,1,Car,No,Front,2010
201050EL2D003,B,3214,Unclassified,0,Slight,None,20-01-2010,Wednesday,1,Give way or uncontrolled,T or staggered junction,50.381777,Daylight,249000,55710,-4.125278,E01015061,1,2,0,0,Dry,One way street,None,30,15:18:00,Urban,Fine no high winds,No,21 - 25,4,Urban area,5,1968,None,None,Commuting to/from work,Mid Junction - on roundabout or on main road,VOLKSWAGEN,PASSAT SPORT TDI 140 AUTO,Heavy oil,Male,None,No tow/articulation,Did not leave carriageway,0,Moving off,1,Car,No,Front,2010
201050FT2J045,Unclassified,0,Unclassified,0,Slight,None,27-10-2010,Wednesday,1,Give way or uncontrolled,Roundabout,50.473239,Daylight,291490,64840,-3.530546,E01015260,1,2,0,0,Wet or damp,Roundabout,None,30,07:29:00,Urban,Fine no high winds,No,21 - 25,4,Urban area,3,49,None,None,Journey as part of work,Entering roundabout,GILERA,DNA 50,Petrol,Male,Skidded,No tow/articulation,Did not leave carriageway,0,Going ahead other,1,Motorcycle 50cc and under,No,Front,2010
201050FT2L011,Unclassified,0,Unclassified,0,Slight,None,29-07-2010,Thursday,1,Give way or uncontrolled,T or staggered junction,50.458156,Daylight,290630,63180,-3.542175,E01015209,1,2,0,0,Dry,Single carriageway,None,30,14:45:00,Urban,Fine no high winds,No,21 - 25,4,Urban area,6,1998,None,None,Other/Not known (2005-10),Approaching junction or waiting/parked at junction approach,HONDA,CR-V VTEC EXECUTIVE AUTO,Petrol,Male,None,No tow/articulation,Did not leave carriageway,0,Slowing or stopping,2,Car,No,Back,2010
201050GC2M010,Unclassified,0,Unclassified,0,Slight,None,20-10-2010,Wednesday,1,Give way or uncontrolled,Private drive or entrance,50.414311,Daylight,193260,61220,-4.911396,E01019064,2,3,0,0,Dry,Single carriageway,None,30,14:00:00,Rural,Fine no high winds,No,21 - 25,4,Urban area,1,1997,None,None,Journey as part of work,Approaching junction or waiting/parked at junction approach,PEUGEOT,PARTNER LX 800 HDI,Heavy oil,Male,None,No tow/articulation,Did not leave carriageway,0,Waiting to turn right,3,Van / Goods 3.5 tonnes mgw or under,No,Back,2010
201050GP2D006,Unclassified,0,Unclassified,0,Slight,None,18-03-2010,Thursday,2,Give way or uncontrolled,T or staggered junction,50.171933,Daylight,177520,34870,-5.117097,E01018834,2,2,0,0,Dry,Single carriageway,None,30,00:01:00,Urban,Fine no high winds,No,21 - 25,4,Urban area,4,1560,None,None,Other/Not known (2005-10),Approaching junction or waiting/parked at junction approach,PEUGEOT,307 S HDI,Heavy oil,Male,None,No tow/articulation,Did not leave carriageway,0,Going ahead other,2,Car,No,Nearside,2010
201050JG2E008,Unclassified,0,Unclassified,0,Slight,None,10-06-2010,Thursday,1,Give way or uncontrolled,Crossroads,50.638538,Daylight,295780,83140,-3.475239,E01020245,1,2,0,0,Dry,Dual carriageway,None,60,08:09:00,Rural,Fine no high winds,No,21 - 25,4,Rural,4,1560,None,None,Other/Not known (2005-10),Approaching junction or waiting/parked at junction approach,PEUGEOT,207 S HDI 90,Heavy oil,Male,None,No tow/articulation,Did not leave carriageway,0,Moving off,1,Car,No,Did not impact,2010
201050JI4M015,Unclassified,0,Unclassified,0,Slight,None,20-09-2010,Monday,2,Give way or uncontrolled,T or staggered junction,50.380527,Daylight,257680,55330,-4.003127,E01020149,1,2,0,0,Wet or damp,Single carriageway,None,30,07:15:00,Rural,Fine no high winds,No,21 - 25,4,Urban area,6,101,None,None,Other/Not known (2005-10),Approaching junction or waiting/parked at junction approach,SYM,JET 100 - EURO X,Petrol,Male,Skidded and overturned,No tow/articulation,Did not leave carriageway,0,Going ahead other,2,Motorcycle 125cc and under,No,Did not impact,2010
201054ED26410,C,211,Unclassified,0,Slight,None,01-08-2010,Sunday,2,Give way or uncontrolled,T or staggered junction,51.372084,Daylight,387880,163690,-2.175524,E01032057,1,2,0,0,Dry,Single carriageway,None,30,20:15:00,Rural,Fine no high winds,No,21 - 25,4,Rural,9,1999,None,None,Other/Not known (2005-10),Mid Junction - on roundabout or on main road,FORD,FIESTA ST,Petrol,Male,None,No tow/articulation,Did not leave carriageway,0,Going ahead left-hand bend,2,Car,No,Nearside,2010
201054EH12210,C,415,NA,0,Slight,None,18-04-2010,Sunday,1,Not at junction or within 20 metres,Not at junction or within 20 metres,51.496759,Daylight,409690,177550,-1.86182,E01031961,1,1,0,0,Dry,Single carriageway,None,60,15:04:00,Rural,Fine no high winds,No,21 - 25,4,Urban area,7,1896,Kerb,None,Other/Not known (2005-10),Not at or within 20 metres of junction,VOLKSWAGEN,CADDY C20 TDI 104,Heavy oil,Male,Overturned,No tow/articulation,Did not leave carriageway,0,Going ahead left-hand bend,1,Van / Goods 3.5 tonnes mgw or under,No,Nearside,2010
201054EH38610,A,346,C,18,Slight,None,06-11-2010,Saturday,1,Give way or uncontrolled,T or staggered junction,51.425138,Daylight,418810,169610,-1.730864,E01031863,1,2,0,0,Wet or damp,Single carriageway,None,30,12:08:00,Rural,Fine no high winds,No,21 - 25,4,Urban area,4,1910,None,Lamp post,Commuting to/from work,Mid Junction - on roundabout or on main road,VAUXHALL,VECTRA EXCLUSIV CDTI 120,Heavy oil,Male,Skidded,No tow/articulation,Nearside and rebounded,0,Going ahead other,1,Car,No,Offside,2010
201054EO20610,B,4696,NA,0,Slight,None,14-06-2010,Monday,1,Not at junction or within 20 metres,Not at junction or within 20 metres,51.569735,Daylight,405670,185660,-1.919601,E01031961,2,4,0,0,Dry,Single carriageway,None,60,09:14:00,Rural,Fine no high winds,No,21 - 25,4,Urban area,8,1998,None,Entered ditch,Commuting to/from work,Not at or within 20 metres of junction,FORD,TRANSIT 260 SWB,Heavy oil,Male,None,No tow/articulation,Nearside,0,Going ahead other,2,Van / Goods 3.5 tonnes mgw or under,No,Front,2010
201054EY26310,B,4040,NA,0,Slight,None,03-08-2010,Tuesday,1,Not at junction or within 20 metres,Not at junction or within 20 metres,51.619201,Daylight,404140,191160,-1.941613,E01031886,1,2,0,0,Dry,Single carriageway,None,60,08:35:00,Rural,Fine no high winds,No,21 - 25,4,Urban area,NA,2998,Kerb,Other permanent object,Journey as part of work,Not at or within 20 metres of junction,IVECO,DAILY 35C14 XLWB,Heavy oil,Male,None,No tow/articulation,Nearside,0,Going ahead right-hand bend,1,Goods over 3.5t. and under 7.5t,No,Front,2010
20105500D0264,A,31,NA,0,Slight,None,21-01-2010,Thursday,1,Not at junction or within 20 metres,Not at junction or within 20 metres,50.840798,Daylight,413470,104610,-1.810081,E01020403,2,2,0,0,Dry,Dual carriageway,None,50,09:20:00,Rural,Fine no high winds,No,21 - 25,4,Data missing or out of range,NA,1596,None,None,Other/Not known (2005-10),Not at or within 20 metres of junction,FORD,FOCUS GHIA 115,Petrol,Male,None,No tow/articulation,Did not leave carriageway,0,Waiting to go - held up,2,Car,No,Back,2010
2010550C23940,Unclassified,0,Unclassified,0,Slight,None,09-06-2010,Wednesday,2,Give way or uncontrolled,T or staggered junction,50.71931,Daylight,408430,91090,-1.881968,E01015367,1,2,0,0,Dry,Single carriageway,None,30,16:25:00,Urban,Fine no high winds,No,21 - 25,4,Urban area,5,1998,None,None,Journey as part of work,Approaching junction or waiting/parked at junction approach,FORD,TRANSIT 260 SWB,Heavy oil,Male,None,No tow/articulation,Did not leave carriageway,0,Waiting to turn right,1,Van / Goods 3.5 tonnes mgw or under,No,Back,2010
2010550C34012,Unclassified,0,Unclassified,0,Slight,None,06-08-2010,Friday,1,Give way or uncontrolled,T or staggered junction,50.719584,Daylight,408150,91120,-1.885933,E01015367,1,1,0,0,Dry,Single carriageway,None,30,16:30:00,Urban,Fine no high winds,No,21 - 25,4,Urban area,1,1968,None,None,Other/Not known (2005-10),Cleared junction or waiting/parked at junction exit,VOLKSWAGEN,PASSAT SE TDI 140,Heavy oil,Male,None,No tow/articulation,Did not leave carriageway,0,Going ahead other,1,Car,No,Nearside,2010
201060L024323,Unclassified,0,Unclassified,0,Slight,None,11-02-2010,Thursday,2,Give way or uncontrolled,Roundabout,53.049043,Daylight,332170,350680,-3.013334,W01000350,1,2,0,0,Dry,Single carriageway,None,30,17:00:00,Urban,Fine no high winds,No,21 - 25,4,Urban area,NA,1598,None,None,Other/Not known (2005-10),Approaching junction or waiting/parked at junction approach,VAUXHALL,ASTRA ACTIVE,Petrol,Male,None,No tow/articulation,Did not leave carriageway,0,Reversing,1,Car,No,Back,2010
201001EO40400,A,1201,Unclassified,0,Slight,None,15-07-2010,Thursday,1,Give way or uncontrolled,Crossroads,51.563137,Daylight,531650,186630,-0.102097,E01002747,1,2,0,0,Dry,Single carriageway,None,30,11:00:00,Urban,Fine no high winds,No,21 - 25,4,Urban area,2,5654,None,None,Other/Not known (2005-10),Mid Junction - on roundabout or on main road,JEEP,COMMANDER LIMITED HEMI A,Petrol,Male,None,No tow/articulation,Did not leave carriageway,0,Reversing,1,Car,No,Back,2010
201001EO40775,A,5200,Unclassified,0,Slight,None,13-12-2010,Monday,1,Give way or uncontrolled,T or staggered junction,51.552573,Daylight,529530,185400,-0.133118,E01000924,1,2,0,1,Dry,Single carriageway,None,30,09:35:00,Urban,Fine no high winds,No,21 - 25,4,Urban area,2,2460,None,None,Other/Not known (2005-10),Mid Junction - on roundabout or on main road,VOLKSWAGEN,TOUAREG SE AUTO,Heavy oil,Male,None,No tow/articulation,Did not leave carriageway,0,Turning right,2,Car,No,Offside,2010
201001FH10297,A,217,C,0,Slight,None,09-06-2010,Wednesday,1,Auto traffic signal,Crossroads,51.466588,Daylight,525860,175740,-0.189469,E01001938,1,2,0,5,Dry,Single carriageway,None,30,11:00:00,Urban,Fine no high winds,No,21 - 25,4,Urban area,9,2460,None,None,Other/Not known (2005-10),Mid Junction - on roundabout or on main road,VOLKSWAGEN,TPORTER T30 130 TDI SWB A,Heavy oil,Male,None,No tow/articulation,Did not leave carriageway,0,Waiting to go - held up,2,Van / Goods 3.5 tonnes mgw or under,No,Back,2010
201001FH10336,A,40,A,3220,Slight,None,26-06-2010,Saturday,1,Give way or uncontrolled,Roundabout,51.515168,Daylight,523600,181090,-0.220116,E01002877,1,2,0,0,Dry,Slip road,None,30,13:47:00,Urban,Fine no high winds,No,21 - 25,4,Urban area,6,2497,None,None,Other/Not known (2005-10),Mid Junction - on roundabout or on main road,BMW,325I SE AUTO,Petrol,Male,None,No tow/articulation,Did not leave carriageway,0,Going ahead other,2,Car,No,Front,2010
201001FH10346,A,304,Unclassified,0,Slight,None,08-07-2010,Thursday,1,Give way or uncontrolled,T or staggered junction,51.478889,Daylight,525100,177090,-0.199927,E01001947,1,2,0,0,Dry,Single carriageway,None,30,12:00:00,Urban,Fine no high winds,No,21 - 25,4,Urban area,6,125,None,None,Other/Not known (2005-10),Mid Junction - on roundabout or on main road,HONDA,ANF 125-5,Petrol,Male,None,No tow/articulation,Did not leave carriageway,0,Overtaking moving vehicle - offside,2,Motorcycle 125cc and under,No,Front,2010
201001GD10416,B,113,NA,0,Slight,None,01-07-2010,Thursday,1,Data missing or out of range,Not at junction or within 20 metres,51.547006,Daylight,535260,184930,-0.050701,E01001731,1,2,0,0,Dry,Single carriageway,None,30,12:54:00,Urban,Fine no high winds,No,21 - 25,4,Urban area,2,125,None,None,Other/Not known (2005-10),Not at or within 20 metres of junction,HONDA,CBR 125 RS-5,Petrol,Male,None,No tow/articulation,Did not leave carriageway,0,Going ahead right-hand bend,1,Motorcycle 125cc and under,No,Front,2010
201001JI40111,A,406,A,118,Slight,None,08-03-2010,Monday,1,Give way or uncontrolled,Slip road,51.555904,Daylight,543270,186140,0.065231,E01003577,1,2,0,0,Dry,Slip road,None,30,14:06:00,Urban,Fine no high winds,No,21 - 25,4,Urban area,2,1796,None,None,Other/Not known (2005-10),Approaching junction or waiting/parked at junction approach,MERCEDES,C180 KOMPRESSOR SE AUTO,Petrol,Male,None,No tow/articulation,Did not leave carriageway,0,Moving off,1,Car,No,Front,2010
201001JI40577,Unclassified,0,Unclassified,0,Slight,None,07-09-2010,Tuesday,1,Give way or uncontrolled,Crossroads,51.578205,Daylight,547390,188740,0.125708,E01003664,1,2,0,0,Wet or damp,Single carriageway,None,30,06:15:00,Urban,Fine no high winds,No,21 - 25,4,Urban area,10,1390,None,None,Other/Not known (2005-10),Mid Junction - on roundabout or on main road,VOLKSWAGEN,GOLF GT TSI 170,Petrol,Male,None,No tow/articulation,Did not leave carriageway,0,Going ahead other,1,Car,No,Nearside,2010
201001KD50145,A,1306,Unclassified,0,Slight,None,19-03-2010,Friday,1,Give way or uncontrolled,T or staggered junction,51.525439,Daylight,550540,182960,0.168662,E01002368,3,3,0,0,Wet or damp,Dual carriageway,None,40,15:48:00,Urban,Fine no high winds,No,21 - 25,4,Urban area,3,1388,None,None,Other/Not known (2005-10),Mid Junction - on roundabout or on main road,FORD,FIESTA FREEDOM,Petrol,Male,None,No tow/articulation,Did not leave carriageway,0,Going ahead other,3,Car,No,Offside,2010
201001KD50465,Motorway,25,NA,0,Slight,None,29-08-2010,Sunday,1,Data missing or out of range,Not at junction or within 20 metres,51.578699,Daylight,558170,189120,0.281327,E01002259,1,2,0,0,Dry,Dual carriageway,Roadworks,70,18:20:00,Rural,Fine no high winds,No,21 - 25,4,Urban area,2,1598,None,None,Other/Not known (2005-10),Not at or within 20 metres of junction,NISSAN,MICRA SPORT C+C,Petrol,Male,None,Single trailer,Nearside,0,Going ahead other,1,Car,No,Back,2010
201001KD50563,A,12,Unclassified,0,Slight,Pedestrian in carriageway - not injured,20-10-2010,Wednesday,1,Give way or uncontrolled,T or staggered junction,51.595136,Daylight,553970,190820,0.221506,E01002310,1,1,0,0,Dry,Dual carriageway,None,40,08:09:00,Urban,Fine no high winds,No,21 - 25,4,Rural,10,244,None,None,Other/Not known (2005-10),Approaching junction or waiting/parked at junction approach,PIAGGIO,X9 250,Petrol,Male,None,No tow/articulation,Did not leave carriageway,0,Overtaking static vehicle - offside,1,Motorcycle 125cc and under,No,Front,2010
201001KD50618,A,118,A,127,Slight,None,24-11-2010,Wednesday,1,Give way or uncontrolled,Roundabout,51.592506,Daylight,553400,190510,0.213148,E01002293,1,2,0,0,Dry,Roundabout,None,30,14:15:00,Urban,Fine no high winds,No,21 - 25,4,Rural,9,1598,None,Other permanent object,Other/Not known (2005-10),Mid Junction - on roundabout or on main road,VAUXHALL,ASTRA SXI,Petrol,Male,None,No tow/articulation,Nearside,0,Going ahead right-hand bend,1,Car,No,Back,2010
201001KF60450,A,114,Unclassified,0,Slight,None,22-07-2010,Thursday,1,Give way or uncontrolled,T or staggered junction,51.544177,Daylight,540590,184760,0.026048,E01003558,1,1,0,4,Dry,Single carriageway,None,30,11:37:00,Urban,Fine no high winds,No,21 - 25,4,Data missing or out of range,NA,1986,None,None,Other/Not known (2005-10),Cleared junction or waiting/parked at junction exit,AUDI,A4 S LINE TDI 140 AUTO,Heavy oil,Male,None,No tow/articulation,Did not leave carriageway,0,Going ahead other,1,Car,No,Front,2010
201001KG70063,A,1153,NA,0,Slight,None,05-02-2010,Friday,1,Data missing or out of range,Not at junction or within 20 metres,51.53344,Daylight,546420,183730,0.109635,E01000045,1,2,0,0,Dry,Single carriageway,None,30,16:36:00,Urban,Fine no high winds,No,21 - 25,4,Urban area,3,2993,None,None,Other/Not known (2005-10),Not at or within 20 metres of junction,BMW,330D M SPORT AUTO,Heavy oil,Male,None,No tow/articulation,Did not leave carriageway,0,Moving off,2,Car,No,Offside,2010
201001KG70323,A,123,NA,0,Slight,None,28-08-2010,Saturday,1,Data missing or out of range,Not at junction or within 20 metres,51.534989,Daylight,545990,183890,0.103506,E01000043,1,2,0,0,Dry,Single carriageway,None,30,14:45:00,Urban,Fine no high winds,No,21 - 25,4,Urban area,3,1598,None,None,Other/Not known (2005-10),Not at or within 20 metres of junction,TOYOTA,COROLLA COL-R COLN VVTI A,Petrol,Male,None,No tow/articulation,Did not leave carriageway,2,Going ahead other,2,Car,No,Front,2010
201001LX51170,A,23,A,23,Slight,None,17-12-2010,Friday,1,Auto traffic signal,T or staggered junction,51.453719,Daylight,530700,174430,-0.120313,E01003018,1,2,0,5,Dry,Single carriageway,None,30,17:50:00,Urban,Fine no high winds,No,21 - 25,4,Urban area,4,49,None,None,Other/Not known (2005-10),Approaching junction or waiting/parked at junction approach,PEUGEOT,LUDIX 10 BLASTER,Petrol,Male,None,No tow/articulation,Did not leave carriageway,0,Going ahead other,2,Motorcycle 125cc and under,No,Front,2010
201001MM70047,C,0,Unclassified,0,Slight,None,20-01-2010,Wednesday,1,Give way or uncontrolled,T or staggered junction,51.493917,Daylight,534420,179000,-0.065068,E01004042,2,2,0,0,Dry,Single carriageway,None,30,08:11:00,Urban,Fine no high winds,No,21 - 25,4,Urban area,9,1248,None,None,Journey as part of work,Mid Junction - on roundabout or on main road,VAUXHALL,COMBO 2000 CDTI 16V,Heavy oil,Male,None,No tow/articulation,Did not leave carriageway,0,Turning right,1,Van / Goods 3.5 tonnes mgw or under,No,Offside,2010
201001MM70167,A,200,A,2208,Slight,None,12-03-2010,Friday,1,Auto traffic signal,Crossroads,51.49346,Daylight,535580,178980,-0.048377,E01004031,1,2,0,5,Dry,Single carriageway,None,30,16:31:00,Urban,Fine no high winds,No,21 - 25,4,Urban area,2,1198,None,None,Other/Not known (2005-10),Approaching junction or waiting/parked at junction approach,VOLKSWAGEN,POLO E 55,Petrol,Male,None,No tow/articulation,Did not leave carriageway,0,Waiting to go - held up,2,Car,No,Back,2010
201001MM70425,A,2,B,214,Slight,None,05-06-2010,Saturday,1,Auto traffic signal,Crossroads,51.487806,Daylight,533660,178300,-0.076275,E01003964,3,2,0,5,Dry,Dual carriageway,None,30,10:58:00,Urban,Fine no high winds,No,21 - 25,4,Data missing or out of range,NA,2300,None,None,Journey as part of work,Approaching junction or waiting/parked at junction approach,IVECO,DAILY 35 C15 MWB,Heavy oil,Male,None,No tow/articulation,Did not leave carriageway,0,Going ahead other,1,Van / Goods 3.5 tonnes mgw or under,No,Front,2010
201001MM70454,C,0,Unclassified,0,Slight,None,12-06-2010,Saturday,1,Auto traffic signal,Crossroads,51.485733,Daylight,535200,178110,-0.05418,E01003987,1,2,0,5,Dry,Single carriageway,None,30,18:40:00,Urban,Fine no high winds,No,21 - 25,4,Urban area,3,125,None,None,Other/Not known (2005-10),Approaching junction or waiting/parked at junction approach,HONDA,ANF 126 T-6,Petrol,Male,None,No tow/articulation,Did not leave carriageway,0,Waiting to go - held up,2,Motorcycle 125cc and under,No,Offside,2010
201001MM70662,C,0,NA,0,Slight,None,08-08-2010,Sunday,1,Data missing or out of range,Not at junction or within 20 metres,51.458506,Daylight,535190,175080,-0.055482,E01004015,1,2,0,8,Dry,Single carriageway,None,30,09:00:00,Urban,Fine no high winds,No,21 - 25,4,Urban area,3,1596,Bollard or refuge,None,Other/Not known (2005-10),Not at or within 20 metres of junction,FORD,FOCUS ZETEC CLIMATE T,Petrol,Male,None,No tow/articulation,Did not leave carriageway,0,Going ahead other,1,Car,No,Offside,2010
201001MM70722,A,202,C,0,Slight,None,16-08-2010,Monday,1,Auto traffic signal,Crossroads,51.477336,Daylight,531940,177090,-0.101485,E01003180,1,2,0,5,Dry,Single carriageway,None,30,14:30:00,Urban,Fine no high winds,No,21 - 25,4,Urban area,2,125,None,None,Other/Not known (2005-10),Approaching junction or waiting/parked at junction approach,HONDA,PES 125,Petrol,Male,None,No tow/articulation,Did not leave carriageway,0,Waiting to go - held up,1,Motorcycle 125cc and under,No,Front,2010
201001MM70751,Unclassified,0,Unclassified,0,Slight,None,11-09-2010,Saturday,1,Give way or uncontrolled,T or staggered junction,51.485143,Daylight,531990,177960,-0.100441,E01003994,1,2,0,0,Dry,Single carriageway,None,30,18:05:00,Urban,Fine no high winds,No,21 - 25,4,Urban area,3,1198,None,None,Other/Not known (2005-10),Approaching junction or waiting/parked at junction approach,VOLKSWAGEN,POLO S 64,Petrol,Male,None,No tow/articulation,Did not leave carriageway,0,Going ahead other,1,Car,No,Front,2010
201001MM71047,B,238,NA,0,Slight,None,28-11-2010,Sunday,1,Data missing or out of range,Not at junction or within 20 metres,51.461478,Daylight,534410,175390,-0.066585,E01004021,1,2,0,0,Dry,Single carriageway,None,30,16:18:00,Urban,Fine no high winds,No,21 - 25,4,Data missing or out of range,NA,1968,None,None,Other/Not known (2005-10),Not at or within 20 metres of junction,AUDI,A3 TDI S LINE QUATTRO,Heavy oil,Male,None,No tow/articulation,Did not leave carriageway,0,Going ahead other,1,Car,No,Back,2010
201001PL60720,A,21,Unclassified,0,Slight,None,25-10-2010,Monday,1,Give way or uncontrolled,Private drive or entrance,51.426123,Daylight,538670,171570,-0.006797,E01003240,1,2,0,0,Dry,Single carriageway,None,30,16:15:00,Urban,Fine no high winds,No,21 - 25,4,Urban area,5,1997,None,None,Other/Not known (2005-10),Mid Junction - on roundabout or on main road,PEUGEOT,EXPERT 900 HDI,Heavy oil,Male,None,No tow/articulation,Did not leave carriageway,0,Turning right,1,Van / Goods 3.5 tonnes mgw or under,No,Offside,2010
201001PY20135,B,265,Unclassified,0,Slight,None,01-01-2010,Friday,1,Give way or uncontrolled,T or staggered junction,51.396474,Daylight,541200,168340,0.028283,E01000671,1,2,0,0,Dry,Single carriageway,None,30,14:36:00,Urban,Fine no high winds,No,21 - 25,4,Data missing or out of range,NA,49,None,None,Journey as part of work,Mid Junction - on roundabout or on main road,PEUGEOT,LUDIX ELEGANCE,Petrol,Male,None,No tow/articulation,Did not leave carriageway,0,Turning left,2,Motorcycle 125cc and under,No,Back,2010
201001PY20275,A,214,Unclassified,0,Slight,None,21-05-2010,Friday,1,Give way or uncontrolled,T or staggered junction,51.41799,Daylight,534000,170540,-0.074318,E01000746,1,2,0,4,Dry,Single carriageway,None,30,08:54:00,Urban,Fine no high winds,No,21 - 25,4,Urban area,3,750,None,None,Other/Not known (2005-10),Approaching junction or waiting/parked at junction approach,SUZUKI,GSXR 750 K6,Petrol,Male,None,No tow/articulation,Did not leave carriageway,0,Overtaking moving vehicle - offside,2,Motorcycle over 125cc and up to 500cc,No,Front,2010
201001PY20347,A,222,Unclassified,0,Slight,None,09-06-2010,Wednesday,1,Give way or uncontrolled,T or staggered junction,51.407141,Daylight,537650,169430,-0.02229,E01000770,1,2,0,0,Dry,Single carriageway,None,30,16:00:00,Urban,Fine no high winds,No,21 - 25,4,Urban area,8,2179,None,None,Other/Not known (2005-10),Cleared junction or waiting/parked at junction exit,CITROEN,RELAY 1800 TD HDI MWB,Heavy oil,Male,Skidded,No tow/articulation,Did not leave carriageway,0,Going ahead other,2,Van / Goods 3.5 tonnes mgw or under,No,Front,2010
201001PY20417,C,0,Unclassified,0,Slight,None,13-07-2010,Tuesday,1,Give way or uncontrolled,T or staggered junction,51.373991,Daylight,538350,165760,-0.013661,E01000841,1,2,0,0,Dry,Single carriageway,None,30,18:29:00,Urban,Fine no high winds,No,21 - 25,4,Urban area,2,125,None,None,Other/Not known (2005-10),Approaching junction or waiting/parked at junction approach,HONDA,CBR 125 RS-5,Petrol,Male,None,No tow/articulation,Did not leave carriageway,0,Going ahead other,1,Motorcycle 125cc and under,No,Front,2010
201001QA10140,A,409,NA,0,Slight,None,29-04-2010,Thursday,1,Data missing or out of range,Not at junction or within 20 metres,51.592104,Daylight,515520,189460,-0.333761,E01002180,1,3,0,0,Dry,Single carriageway,None,30,17:16:00,Urban,Fine no high winds,No,21 - 25,4,Data missing or out of range,NA,1995,None,None,Other/Not known (2005-10),Not at or within 20 metres of junction,BMW,520D SE AUTO,Heavy oil,Male,None,No tow/articulation,Did not leave carriageway,0,Going ahead other,3,Car,No,Front,2010
201001QK50239,A,404,C,0,Slight,None,18-05-2010,Tuesday,1,Auto traffic signal,T or staggered junction,51.5331,Daylight,522140,183050,-0.240467,E01000535,1,2,0,5,Dry,Single carriageway,None,30,09:17:00,Urban,Fine no high winds,No,21 - 25,4,Urban area,1,125,None,None,Other/Not known (2005-10),Mid Junction - on roundabout or on main road,HONDA,SES 125-4,Petrol,Male,None,No tow/articulation,Did not leave carriageway,0,Going ahead other,1,Motorcycle 125cc and under,No,Front,2010
201001QK50291,Unclassified,0,Unclassified,0,Slight,None,20-05-2010,Thursday,1,Give way or uncontrolled,T or staggered junction,51.530548,Daylight,523130,182790,-0.226292,E01000532,1,2,0,0,Dry,Single carriageway,None,30,21:00:00,Urban,Fine no high winds,No,21 - 25,4,Urban area,7,2000,None,None,Other/Not known (2005-10),Mid Junction - on roundabout or on main road,VOLKSWAGEN,GOLF PLUS GT TDI,Heavy oil,Male,None,No tow/articulation,Did not leave carriageway,0,Turning right,2,Car,No,Offside,2010
201001QK50320,B,4557,B,4557,Slight,None,08-06-2010,Tuesday,1,Auto traffic signal,Roundabout,51.554827,Daylight,520990,185440,-0.256218,E01000601,2,2,0,5,Dry,Roundabout,None,30,09:25:00,Urban,Fine no high winds,No,21 - 25,4,Urban area,1,1998,None,None,Other/Not known (2005-10),Mid Junction - on roundabout or on main road,RENAULT,MEGANE PRIVILEGE T136,Petrol,Male,None,No tow/articulation,Did not leave carriageway,0,Going ahead other,2,Car,No,Front,2010
201001QK50350,A,404,A,4000,Slight,None,15-06-2010,Tuesday,1,Auto traffic signal,Crossroads,51.536139,Daylight,521800,183380,-0.245253,E01000529,1,2,0,5,Dry,Single carriageway,None,30,11:14:00,Urban,Fine no high winds,No,21 - 25,4,Urban area,9,1870,None,None,Journey as part of work,Mid Junction - on roundabout or on main road,VAUXHALL,VIVARO 2700 DI SWB,Heavy oil,Male,None,No tow/articulation,Did not leave carriageway,0,Going ahead other,2,Van / Goods 3.5 tonnes mgw or under,No,Front,2010