Accident_Index,1st_Road_Class,1st_Road_Number,2nd_Road_Class,2nd_Road_Number,Accident_Severity,Carriageway_Hazards,Date,Day_of_Week,Did_Police_Officer_Attend_Scene_of_Accident,Junction_Control,Junction_Detail,Latitude,Light_Conditions,Location_Easting_OSGR,Location_Northing_OSGR,Longitude,LSOA_of_Accident_Location,Number_of_Casualties,Number_of_Vehicles,Pedestrian_Crossing-Human_Control,Pedestrian_Crossing-Physical_Facilities,Road_Surface_Conditions,Road_Type,Special_Conditions_at_Site,Speed_limit,Time,Urban_or_Rural_Area,Weather_Conditions,InScotland,Age_Band_of_Driver,Age_of_Vehicle,Driver_Home_Area_Type,Driver_IMD_Decile,Engine_Capacity_.CC.,Hit_Object_in_Carriageway,Hit_Object_off_Carriageway,Journey_Purpose_of_Driver,Junction_Location,make,model,Propulsion_Code,Sex_of_Driver,Skidding_and_Overturning,Towing_and_Articulation,Vehicle_Leaving_Carriageway,Vehicle_Location.Restricted_Lane,Vehicle_Manoeuvre,Vehicle_Reference,Vehicle_Type,Was_Vehicle_Left_Hand_Drive,X1st_Point_of_Impact,Year
201001QK50719,A,4003,Unclassified,0,Slight,None,20-10-2010,Wednesday,1,Give way or uncontrolled,Private drive or entrance,51.540794,Daylight,524770,183970,-0.202244,E01000546,1,2,0,1,Dry,Single carriageway,None,30,16:05:00,Urban,Fine no high winds,No,21 - 25,4,Urban area,2,1296,None,None,Other/Not known (2005-10),Mid Junction - on roundabout or on main road,TOYOTA,YARIS T SPIRIT,Petrol,Male,None,No tow/articulation,Did not leave carriageway,0,Reversing,1,Car,No,Back,2010
201001RG40211,A,206,NA,0,Slight,None,13-04-2010,Tuesday,1,Data missing or out of range,Not at junction or within 20 metres,51.486068,Daylight,539740,178270,0.011227,E01001665,1,3,0,1,Dry,Single carriageway,None,30,10:45:00,Urban,Fine no high winds,No,21 - 25,4,Data missing or out of range,NA,1560,None,None,Other/Not known (2005-10),Not at or within 20 metres of junction,CITROEN,C4 LX HDI,Heavy oil,Male,None,No tow/articulation,Did not leave carriageway,0,Going ahead other,3,Car,No,Front,2010
201001SX20865,Unclassified,0,Unclassified,0,Slight,None,19-08-2010,Thursday,1,Give way or uncontrolled,Crossroads,51.610095,Daylight,520590,191580,-0.259878,E01000132,1,2,0,0,Dry,Single carriageway,None,30,08:59:00,Urban,Fine no high winds,No,21 - 25,4,Urban area,6,125,None,None,Commuting to/from work,Approaching junction or waiting/parked at junction approach,HONDA,CBR 125 RW-6,Petrol,Male,None,No tow/articulation,Did not leave carriageway,0,Overtaking - nearside,1,Motorcycle 125cc and under,No,Back,2010
201001TA00030,A,4205,A,4205,Slight,None,27-03-2010,Saturday,1,Give way or uncontrolled,T or staggered junction,51.515124,Daylight,526640,181160,-0.176303,E01004682,1,1,0,5,Dry,Single carriageway,None,30,10:15:00,Urban,Fine no high winds,No,21 - 25,4,Urban area,2,998,None,None,Other/Not known (2005-10),Approaching junction or waiting/parked at junction approach,VAUXHALL,CORSA LIFE A/C,Petrol,Male,None,No tow/articulation,Did not leave carriageway,0,Moving off,1,Car,No,Offside,2010
201001TB00252,A,501,A,501,Slight,None,04-06-2010,Friday,1,Auto traffic signal,T or staggered junction,51.523902,Daylight,528760,182190,-0.145391,E01004716,2,2,0,5,Dry,Dual carriageway,None,30,12:50:00,Urban,Fine no high winds,No,21 - 25,4,Urban area,5,3920,None,None,Journey as part of work,Mid Junction - on roundabout or on main road,IVECO,,Heavy oil,Male,None,No tow/articulation,Did not leave carriageway,0,Turning left,1,Goods 7.5 tonnes mgw and over,No,Offside,2010
201001TX20161,A,4,NA,0,Slight,None,24-03-2010,Wednesday,1,Data missing or out of range,Not at junction or within 20 metres,51.491927,Daylight,519240,178400,-0.283829,E01002566,1,2,0,0,Dry,Slip road,None,30,14:30:00,Urban,Fine no high winds,No,21 - 25,4,Urban area,10,10518,None,None,Journey as part of work,Not at or within 20 metres of junction,MAN,,Heavy oil,Male,None,Articulated vehicle,Did not leave carriageway,0,Changing lane to left,2,Goods 7.5 tonnes mgw and over,No,Nearside,2010
201001TX20389,A,406,Unclassified,0,Slight,None,09-06-2010,Wednesday,1,Give way or uncontrolled,T or staggered junction,51.496757,Daylight,519350,178940,-0.282063,E01002562,1,2,0,0,Dry,Single carriageway,None,40,10:44:00,Urban,Fine no high winds,No,21 - 25,4,Urban area,10,2300,None,None,Journey as part of work,Mid Junction - on roundabout or on main road,IVECO,DAILY 35 C12 LWB,Heavy oil,Male,None,No tow/articulation,Did not leave carriageway,0,Going ahead other,2,Van / Goods 3.5 tonnes mgw or under,No,Front,2010
201001TX20448,A,315,Unclassified,0,Slight,None,15-07-2010,Thursday,1,Give way or uncontrolled,T or staggered junction,51.492035,Daylight,519580,178420,-0.278927,E01002692,1,2,0,1,Dry,Single carriageway,None,30,14:00:00,Urban,Fine no high winds,No,21 - 25,4,Urban area,3,1497,None,None,Other/Not known (2005-10),Approaching junction or waiting/parked at junction approach,TOYOTA,PRIUS T3 VVT-I AUTO,Hybrid electric,Male,None,No tow/articulation,Did not leave carriageway,0,Waiting to go - held up,1,Car,No,Back,2010
201001TX20465,C,0,NA,0,Slight,None,21-07-2010,Wednesday,1,Data missing or out of range,Not at junction or within 20 metres,51.467508,Daylight,516080,175610,-0.330242,E01002668,1,2,0,0,Dry,Single carriageway,None,30,18:30:00,Urban,Fine no high winds,No,21 - 25,4,Urban area,7,1896,None,None,Other/Not known (2005-10),Not at or within 20 metres of junction,SKODA,OCTAVIA LAURIN & KLEM TDI,Heavy oil,Male,None,No tow/articulation,Did not leave carriageway,0,Going ahead other,1,Car,No,Nearside,2010
201001TX20614,A,315,NA,0,Slight,None,22-09-2010,Wednesday,1,Data missing or out of range,Not at junction or within 20 metres,51.467032,Daylight,513550,175500,-0.366685,E01002648,1,2,0,0,Dry,Single carriageway,None,30,13:23:00,Urban,Fine no high winds,No,21 - 25,4,Urban area,3,1598,None,None,Other/Not known (2005-10),Not at or within 20 metres of junction,VAUXHALL,ASTRA SXI,Petrol,Male,None,No tow/articulation,Did not leave carriageway,0,U-turn,1,Car,No,Front,2010
201001VK30291,B,351,Unclassified,0,Slight,None,07-09-2010,Tuesday,1,Give way or uncontrolled,T or staggered junction,51.417578,Daylight,519340,170130,-0.285177,E01002935,1,3,0,1,Dry,Single carriageway,None,30,15:10:00,Urban,Fine no high winds,No,21 - 25,4,Urban area,5,1870,None,None,Other/Not known (2005-10),Approaching junction or waiting/parked at junction approach,VAUXHALL,VIVARO 2900 DI SWB,Heavy oil,Male,None,No tow/articulation,Did not leave carriageway,0,Parked,1,Van / Goods 3.5 tonnes mgw or under,No,Front,2010
201001VK30388,B,282,Unclassified,0,Slight,None,12-12-2010,Sunday,1,Give way or uncontrolled,Private drive or entrance,51.399116,Daylight,522050,168140,-0.246908,E01002985,1,2,0,0,Wet or damp,Single carriageway,None,30,13:10:00,Urban,Fine no high winds,No,21 - 25,4,Urban area,7,49,None,None,Other/Not known (2005-10),Mid Junction - on roundabout or on main road,PEUGEOT,LUDIX ELEGANCE,Petrol,Male,None,No tow/articulation,Did not leave carriageway,0,Going ahead other,1,Motorcycle 50cc and under,No,Front,2010
201001VW40210,A,218,Unclassified,0,Slight,None,14-06-2010,Monday,1,Give way or uncontrolled,T or staggered junction,51.439638,Daylight,525400,172730,-0.197154,E01003478,1,2,0,0,Dry,Single carriageway,None,30,06:50:00,Urban,Fine no high winds,No,21 - 25,4,Urban area,4,124,None,None,Other/Not known (2005-10),Mid Junction - on roundabout or on main road,SUZUKI,GZ 125 K6,Petrol,Male,None,No tow/articulation,Did not leave carriageway,0,Going ahead other,2,Motorcycle 125cc and under,No,Front,2010
201001WW50077,Unclassified,0,Unclassified,0,Slight,None,06-02-2010,Saturday,1,Give way or uncontrolled,Crossroads,51.46987,Daylight,527260,176140,-0.169181,E01004534,1,2,0,0,Dry,Single carriageway,None,30,12:20:00,Urban,Fine no high winds,No,21 - 25,4,Urban area,6,1596,None,None,Other/Not known (2005-10),Mid Junction - on roundabout or on main road,FORD,FOCUS ZETEC CLIMATE AUTO,Petrol,Male,None,No tow/articulation,Did not leave carriageway,0,Going ahead other,1,Car,No,Offside,2010
201001WW50841,A,24,C,0,Slight,None,25-10-2010,Monday,1,Auto traffic signal,Crossroads,51.443269,Daylight,528450,173210,-0.153121,E01004545,1,2,0,0,Dry,Single carriageway,None,30,16:15:00,Urban,Fine no high winds,No,21 - 25,4,Urban area,3,124,None,None,Other/Not known (2005-10),Approaching junction or waiting/parked at junction approach,HONDA,CG 125-4,Petrol,Male,None,No tow/articulation,Did not leave carriageway,0,Overtaking moving vehicle - offside,1,Motorcycle 125cc and under,No,Nearside,2010
201001XD80879,A,40,NA,0,Slight,None,19-11-2010,Friday,1,Data missing or out of range,Not at junction or within 20 metres,51.530234,Daylight,518290,182640,-0.296085,E01001277,1,2,0,0,Dry,Slip road,None,40,14:58:00,Urban,Fine no high winds,No,21 - 25,4,Urban area,1,1360,None,None,Other/Not known (2005-10),Not at or within 20 metres of junction,CITROEN,C4 LX,Petrol,Male,None,No tow/articulation,Did not leave carriageway,0,Slowing or stopping,2,Car,No,Front,2010
201001XH30345,A,40,A,4180,Slight,None,21-05-2010,Friday,1,Give way or uncontrolled,Roundabout,51.547956,Daylight,511130,184450,-0.398691,E01002499,1,2,0,0,Dry,Slip road,None,30,15:30:00,Urban,Fine no high winds,No,21 - 25,4,Urban area,5,1560,None,None,Other/Not known (2005-10),Mid Junction - on roundabout or on main road,PEUGEOT,307 S HDI 110,Heavy oil,Male,None,No tow/articulation,Did not leave carriageway,0,Turning left,1,Car,No,Front,2010
201001XH30425,Motorway,25,NA,0,Slight,None,05-06-2010,Saturday,1,Data missing or out of range,Not at junction or within 20 metres,51.480629,Daylight,504070,176810,-0.502726,E01002444,1,3,0,0,Dry,Dual carriageway,None,70,12:32:00,Rural,Fine no high winds,No,21 - 25,4,Urban area,NA,1229,None,None,Other/Not known (2005-10),Not at or within 20 metres of junction,VAUXHALL,CORSA ACTIVE 16V,Petrol,Male,None,No tow/articulation,Did not leave carriageway,0,Waiting to go - held up,2,Car,No,Back,2010
201001XH30478,A,4,Unclassified,0,Slight,None,27-06-2010,Sunday,1,Give way or uncontrolled,T or staggered junction,51.481619,Daylight,506000,176960,-0.474898,E01002444,2,2,0,0,Dry,Single carriageway,None,30,18:55:00,Urban,Fine no high winds,No,21 - 25,4,Urban area,5,1910,None,None,Other/Not known (2005-10),Mid Junction - on roundabout or on main road,VAUXHALL,VECTRA LIFE CDTI 120,Heavy oil,Male,None,No tow/articulation,Did not leave carriageway,0,Waiting to turn right,1,Car,No,Back,2010
201001YE80120,A,1010,Unclassified,0,Slight,None,03-02-2010,Wednesday,2,Give way or uncontrolled,T or staggered junction,51.612259,Daylight,534080,192160,-0.06495,E01001558,1,2,0,0,Dry,Single carriageway,None,30,16:20:00,Urban,Fine no high winds,No,21 - 25,4,Urban area,2,1400,None,None,Other/Not known (2005-10),Cleared junction or waiting/parked at junction exit,MAZDA,2 ANTARES D,Heavy oil,Male,None,No tow/articulation,Did not leave carriageway,0,Parked,1,Car,No,Offside,2010
201001YE80260,Motorway,25,NA,0,Slight,None,06-04-2010,Tuesday,2,Data missing or out of range,Not at junction or within 20 metres,51.682677,Daylight,535350,200030,-0.043577,E01001551,1,2,0,0,Dry,Dual carriageway,None,70,08:40:00,Rural,Fine no high winds,No,21 - 25,4,Data missing or out of range,NA,1596,None,None,Other/Not known (2005-10),Not at or within 20 metres of junction,FORD,FOCUS GHIA 115,Petrol,Male,Skidded,No tow/articulation,Did not leave carriageway,0,Going ahead other,1,Car,No,Offside,2010
201001YE80342,A,1055,NA,0,Slight,None,11-05-2010,Tuesday,1,Data missing or out of range,Not at junction or within 20 metres,51.608858,Daylight,535150,191810,-0.049641,E01001559,1,2,0,0,Dry,Single carriageway,None,30,08:00:00,Urban,Fine no high winds,No,21 - 25,4,Data missing or out of range,NA,2987,None,None,Other/Not known (2005-10),Not at or within 20 metres of junction,MERCEDES,ML 320 CDI SE AUTO,Heavy oil,Male,None,No tow/articulation,Did not leave carriageway,0,Going ahead other,2,Car,No,Front,2010
201001YR90555,A,503,A,503,Slight,None,20-08-2010,Friday,1,Give way or uncontrolled,T or staggered junction,51.588128,Daylight,534280,189480,-0.063089,E01002068,1,2,0,0,Dry,Single carriageway,None,30,08:30:00,Urban,Fine no high winds,No,21 - 25,4,Data missing or out of range,NA,1968,None,None,Other/Not known (2005-10),Approaching junction or waiting/parked at junction approach,VOLKSWAGEN,PASSAT SE TDI AUTO,Heavy oil,Male,None,No tow/articulation,Did not leave carriageway,0,Going ahead left-hand bend,1,Car,No,Offside,2010
201001ZD30029,C,0,Unclassified,0,Slight,None,23-01-2010,Saturday,1,Give way or uncontrolled,T or staggered junction,51.407904,Daylight,532170,169370,-0.101056,E01001147,1,2,0,0,Wet or damp,Single carriageway,None,30,11:45:00,Urban,Fine no high winds,No,21 - 25,4,Urban area,1,1995,None,None,Other/Not known (2005-10),Mid Junction - on roundabout or on main road,BMW,318CI M SPORT,Petrol,Male,None,No tow/articulation,Did not leave carriageway,0,Turning right,2,Car,No,Offside,2010
201001ZT80181,A,232,C,0,Slight,None,05-06-2010,Saturday,1,Give way or uncontrolled,Mini-roundabout,51.359741,Daylight,524990,163830,-0.206182,E01004158,1,2,0,0,Dry,Roundabout,None,30,07:10:00,Urban,Fine no high winds,No,21 - 25,4,Urban area,3,1596,None,None,Other/Not known (2005-10),Mid Junction - on roundabout or on main road,BMW,116 I SE,Petrol,Male,None,No tow/articulation,Did not leave carriageway,0,Going ahead other,1,Car,No,Front,2010
201004AM10054,A,5099,Unclassified,0,Slight,None,27-04-2010,Tuesday,1,Auto traffic signal,Crossroads,53.787117,Daylight,331770,432810,-3.037107,E01012702,2,2,0,0,Dry,Single carriageway,None,30,18:00:00,Urban,Fine no high winds,No,21 - 25,4,Urban area,4,1998,None,None,Journey as part of work,Approaching junction or waiting/parked at junction approach,FORD,MONDEO LX TDCI 130,Heavy oil,Male,None,No tow/articulation,Did not leave carriageway,0,Waiting to go - held up,2,Car,No,Back,2010
201004AN10063,Unclassified,0,NA,0,Slight,None,03-06-2010,Thursday,1,Data missing or out of range,Not at junction or within 20 metres,53.865788,Daylight,332060,441560,-3.034642,E01012719,1,1,0,0,Dry,Single carriageway,None,30,13:59:00,Urban,Fine no high winds,No,21 - 25,4,Urban area,5,2488,Kerb,Telegraph or electricity pole,Journey as part of work,Not at or within 20 metres of junction,NISSAN,NAVARA DCI OUTLAW,Heavy oil,Male,Skidded,Single trailer,Nearside,0,Going ahead other,1,Van / Goods 3.5 tonnes mgw or under,No,Front,2010
201004BA10094,C,477,NA,0,Slight,None,11-07-2010,Sunday,1,Data missing or out of range,Not at junction or within 20 metres,54.004253,Daylight,354850,456690,-2.690353,E01025105,1,1,0,0,Dry,Single carriageway,None,60,17:30:00,Rural,Fine no high winds,No,21 - 25,4,Rural,8,124,None,None,Other/Not known (2005-10),Not at or within 20 metres of junction,SUZUKI,GZ 125 K6,Petrol,Male,None,No tow/articulation,Nearside,0,Going ahead other,1,Motorcycle 125cc and under,No,Front,2010
201004DA10072,Unclassified,0,Unclassified,0,Slight,None,18-08-2010,Wednesday,1,Give way or uncontrolled,T or staggered junction,53.764296,Daylight,353890,430000,-2.700974,E01025292,2,2,0,0,Wet or damp,Single carriageway,None,30,12:05:00,Urban,Fine no high winds,No,21 - 25,4,Urban area,7,1598,None,None,Journey as part of work,Entering main road,VAUXHALL,ASTRA ACTIVE,Petrol,Male,None,No tow/articulation,Straight ahead at junction,0,Going ahead other,1,Car,No,Offside,2010
201004DA10095,Unclassified,0,Unclassified,0,Slight,None,27-09-2010,Monday,1,Give way or uncontrolled,T or staggered junction,53.760844,Daylight,354500,429610,-2.691664,E01025307,3,2,0,0,Dry,One way street,None,30,16:36:00,Urban,Fine no high winds,No,21 - 25,4,Urban area,5,8300,None,None,Journey as part of work,Mid Junction - on roundabout or on main road,ALEXANDER DENNIS,,Heavy oil,Male,None,No tow/articulation,Did not leave carriageway,0,Changing lane to left,1,Bus or coach (17 or more pass seats),No,Nearside,2010
201004DF10066,Unclassified,0,Unclassified,0,Slight,None,10-08-2010,Tuesday,1,Give way or uncontrolled,Crossroads,53.769313,Daylight,354740,430550,-2.688162,E01025246,1,2,0,0,Dry,Single carriageway,None,30,14:15:00,Urban,Fine no high winds,No,21 - 25,4,Urban area,10,1686,None,None,Other/Not known (2005-10),Approaching junction or waiting/parked at junction approach,VAUXHALL,ASTRA CLUB CDTI 100,Heavy oil,Male,None,No tow/articulation,Did not leave carriageway,0,Going ahead other,2,Car,No,Front,2010
201004DF10097,A,59,Unclassified,0,Slight,None,31-10-2010,Sunday,1,Give way or uncontrolled,T or staggered junction,53.764734,Daylight,355830,430030,-2.671551,E01025250,1,2,0,0,Wet or damp,Single carriageway,None,30,06:59:00,Urban,Fine no high winds,No,21 - 25,4,Urban area,1,1986,None,None,Other/Not known (2005-10),Approaching junction or waiting/parked at junction approach,AUDI,A4 S LINE TDI 140 AUTO,Heavy oil,Male,None,No tow/articulation,Did not leave carriageway,0,Going ahead other,1,Car,No,Front,2010
201004DR10044,Unclassified,0,Unclassified,0,Slight,None,28-05-2010,Friday,1,Give way or uncontrolled,T or staggered junction,53.783113,Daylight,356360,432070,-2.6638,E01025238,1,2,0,0,Dry,Single carriageway,None,30,21:47:00,Urban,Fine no high winds,No,21 - 25,4,Data missing or out of range,NA,1595,None,None,Other/Not known (2005-10),Cleared junction or waiting/parked at junction exit,AUDI,A3 SPECIAL EDITION,Petrol,Male,None,No tow/articulation,Did not leave carriageway,0,Waiting to go - held up,2,Car,No,Did not impact,2010
201004FB10040,A,671,Unclassified,0,Slight,None,15-07-2010,Thursday,1,Give way or uncontrolled,T or staggered junction,53.796262,Daylight,380410,433370,-2.29889,E01024884,1,2,0,0,Dry,Single carriageway,None,30,14:47:00,Urban,Fine no high winds,No,21 - 25,4,Urban area,2,124,None,None,Other/Not known (2005-10),Mid Junction - on roundabout or on main road,TAIWAN GOLDEN BEE,204,Petrol,Male,None,No tow/articulation,Did not leave carriageway,0,Going ahead other,2,Motorcycle 50cc and under,No,Nearside,2010
201004FL10059,A,680,Unclassified,0,Slight,None,11-06-2010,Friday,1,Give way or uncontrolled,T or staggered junction,53.706753,Daylight,378450,423420,-2.327948,E01025397,1,2,0,0,Dry,Single carriageway,None,30,13:50:00,Urban,Fine no high winds,No,21 - 25,4,Urban area,3,1405,None,None,Other/Not known (2005-10),Approaching junction or waiting/parked at junction approach,ROVER,CITYROVER SOLO,Petrol,Male,None,No tow/articulation,Did not leave carriageway,0,Going ahead other,1,Car,No,Front,2010
201004FL10067,A,680,A,56,Slight,None,26-05-2010,Wednesday,1,Give way or uncontrolled,Roundabout,53.723743,Daylight,378500,425310,-2.327322,E01025395,2,2,0,0,Dry,Roundabout,None,30,18:45:00,Rural,Fine no high winds,No,21 - 25,4,Urban area,1,1240,None,None,Journey as part of work,Entering roundabout,NISSAN,MICRA INITIA,Petrol,Male,None,No tow/articulation,Did not leave carriageway,0,Moving off,1,Car,No,Front,2010
20103102C2631,B,686,Unclassified,0,Slight,None,09-11-2010,Tuesday,1,Give way or uncontrolled,Crossroads,52.95466,Darkness - lights lit,458160,340050,-1.135729,E01013956,2,2,0,0,Wet or damp,Single carriageway,None,30,23:46:00,Urban,Fine + high winds,No,16 - 20,3,Urban area,8,1390,None,None,Other/Not known (2005-10),Mid Junction - on roundabout or on main road,VOLKSWAGEN,GOLF GT SPORT TSI 170,Petrol,Male,None,No tow/articulation,Did not leave carriageway,0,Going ahead other,1,Car,No,Front,2010
2010400D03683,Unclassified,0,Unclassified,0,Slight,None,17-09-2019,Monday,1,Give way or uncontrolled,Roundabout,14.69656757,Darkness - lights lit,502760,222960,78.64207973,E01017581,1,1,0,0,Wet or damp,Dual carriageway,None,40,21:51:00,Urban,Fine no high winds,No,16 - 20,3,Urban area,5,125,None,None,Other/Not known (2005-10),Entering roundabout,PIONEER,,Petrol,Male,Skidded,No tow/articulation,Did not leave carriageway,0,Turning right,1,Motorcycle 125cc and under,No,Offside,2019
20104100B0360,B,656,NA,0,Slight,None,17-08-2021,Friday,1,Not at junction or within 20 metres,Not at junction or within 20 metres,27.09308701,Darkness - lights lit,522710,217000,93.62906434,E01023595,4,1,0,0,Dry,Single carriageway,None,40,00:40:00,Rural,Fine no high winds,No,16 - 20,3,Urban area,9,998,None,Tree,Other/Not known (2005-10),Not at or within 20 metres of junction,CITROEN,C1 VIBE,Petrol,Male,Skidded,No tow/articulation,Nearside,0,Going ahead right-hand bend,1,Car,No,Front,2019
201043W135100,A,321,B,3430,Slight,None,14-08-2019,Friday,1,Give way or uncontrolled,Roundabout,27.08976039,Darkness - lights lit,481480,165130,93.63199777,E01016708,1,2,0,0,Wet or damp,Roundabout,None,40,20:17:00,Rural,Fine no high winds,No,16 - 20,3,Urban area,9,1242,None,None,Other/Not known (2005-10),Entering roundabout,FORD,FIESTA STYLE CLIMATE,Petrol,Male,Skidded,No tow/articulation,Did not leave carriageway,0,Turning right,1,Car,No,Offside,2019
201043W214090,B,3349,Unclassified,7502,Slight,None,19-02-2020,Saturday,1,Give way or uncontrolled,Mini-roundabout,22.06697563,Darkness - lights lit,478480,167220,82.17226757,E01016612,3,2,0,0,Dry,Roundabout,None,40,02:22:00,Urban,Fine no high winds,No,16 - 20,3,Urban area,10,1390,None,Telegraph or electricity pole,Other/Not known (2005-10),Entering roundabout,RENAULT,MEGANE EXTREME 16V 100,Petrol,Male,None,No tow/articulation,Offside,0,Overtaking moving vehicle - offside,1,Car,No,Front,2019
201042I376611,A,127,Unclassified,0,Slight,None,02-03-2020,Saturday,1,Give way or uncontrolled,T or staggered junction,28.48075389,Darkness - lights lit,574690,190960,77.03614595,E01021344,1,1,0,0,Wet or damp,Dual carriageway,None,70,19:05:00,Rural,Fine no high winds,No,16 - 20,3,Urban area,4,1248,None,Central crash barrier,Other/Not known (2005-10),Mid Junction - on roundabout or on main road,VAUXHALL,CORSA DESIGN CDTI,Heavy oil,Male,None,No tow/articulation,Offside on to centrl res + rebounded,0,Going ahead other,1,Car,No,Front,2019
201050DE2I062,Unclassified,0,Unclassified,0,Slight,None,17-08-2020,Monday,1,Give way or uncontrolled,T or staggered junction,13.04644826,Darkness - lights lit,291830,92950,77.53628356,E01020017,1,2,0,0,Dry,Single carriageway,None,30,22:00:00,Urban,Fine no high winds,No,16 - 20,3,Urban area,1,124,None,None,Other/Not known (2005-10),Approaching junction or waiting/parked at junction approach,YAMAHA,YBR 125,Petrol,Male,Skidded,No tow/articulation,Did not leave carriageway,0,Moving off,1,Motorcycle 125cc and under,No,Front,2020
201034WN40750,A,428,A,508,Slight,None,18-08-2020,Friday,1,Auto traffic signal,Roundabout,26.46623981,Darkness - lights lit,475110,260230,74.65615042,E01027150,1,2,0,0,Dry,Roundabout,None,30,21:40:00,Urban,Fine no high winds,No,16 - 20,3,Urban area,10,1242,None,None,Other/Not known (2005-10),Entering roundabout,FORD,FIESTA STYLE CLIMATE,Petrol,Male,None,No tow/articulation,Did not leave carriageway,0,Going ahead other,1,Car,No,Front,2020
20104100B0096,Unclassified,409,NA,0,Slight,None,06-02-2021,Saturday,1,Not at junction or within 20 metres,Not at junction or within 20 metres,26.44286665,Darkness - lights lit,523000,205320,80.30062598,E01023963,2,3,0,0,Wet or damp,Single carriageway,None,30,21:20:00,Urban,Fine no high winds,No,16 - 20,3,Small town,6,1328,Parked vehicle,None,Other/Not known (2005-10),Not at or within 20 metres of junction,SUZUKI,SWIFT GL,Petrol,Male,Skidded,No tow/articulation,Did not leave carriageway,0,Going ahead left-hand bend,1,Car,No,Offside,2020
201034TN24250,A,508,A,508,Slight,None,06-08-2021,Thursday,1,Auto traffic signal,Roundabout,26.44255991,Darkness - lights lit,475590,258020,80.28426524,E01027159,1,2,0,0,Dry,Roundabout,None,40,01:40:00,Rural,Fine no high winds,No,16 - 20,3,Small town,7,49,None,None,Other/Not known (2005-10),Mid Junction - on roundabout or on main road,APRILIA,SR 50 R,Petrol,Male,None,No tow/articulation,Did not leave carriageway,0,Going ahead other,2,Motorcycle 50cc and under,No,Offside,2020
201042I048302,B,1029,NA,0,Slight,None,24-11-2020,Sunday,1,Not at junction or within 20 metres,Not at junction or within 20 metres,28.59906844,Darkness - lights lit,605270,229730,77.2407433,E01021971,1,2,0,0,Wet or damp,Single carriageway,None,30,17:25:00,Rural,Fine no high winds,No,16 - 20,3,Data missing or out of range,NA,2402,None,Other permanent object,Other/Not known (2005-10),Not at or within 20 metres of junction,LAND ROVER,DEFENDER 90 XS SW SWB,Heavy oil,Male,Skidded,No tow/articulation,Offside,0,Going ahead left-hand bend,2,Car,No,Front,2020
201045SU47905,B,3015,B,311,Slight,None,21-09-2020,Saturday,2,Give way or uncontrolled,Roundabout,28.64326567,Darkness - lights lit,490650,160590,77.24432966,E01030776,1,2,0,0,Wet or damp,Roundabout,None,40,07:05:00,Rural,Fine no high winds,No,16 - 20,3,Urban area,10,1149,None,None,Journey as part of work,Leaving roundabout,RENAULT,CLIO RIP CURL 16V,Petrol,Male,None,No tow/articulation,Did not leave carriageway,0,Going ahead other,1,Car,No,Nearside,2020
20104100T2141,A(M),1,NA,0,Slight,None,16-12-2020,Thursday,1,Not at junction or within 20 metres,Not at junction or within 20 metres,28.70240485,Darkness - lights lit,522730,210460,77.07804745,E01023928,2,2,0,0,Dry,Slip road,Roadworks,70,22:20:00,Rural,Fine no high winds,No,16 - 20,3,Urban area,4,998,None,None,Commuting to/from work,Not at or within 20 metres of junction,TOYOTA,AYGO VVT-I,Petrol,Male,None,No tow/articulation,Did not leave carriageway,0,Going ahead other,1,Car,No,Front,2021
201050EP2G002,Unclassified,0,Unclassified,0,Slight,None,07-05-2019,Friday,1,Give way or uncontrolled,T or staggered junction,28.65023092,Darkness - lights lit,255360,55970,77.20100877,E01015107,1,2,0,0,Dry,Single carriageway,None,30,21:23:00,Urban,Fine no high winds,No,16 - 20,3,Urban area,6,49,None,None,Other/Not known (2005-10),Approaching junction or waiting/parked at junction approach,GILERA,DNA 50,Petrol,Male,None,No tow/articulation,Did not leave carriageway,0,Going ahead other,2,Motorcycle 50cc and under,No,Did not impact,2021
201050ED2K014,B,3396,Unclassified,0,Slight,None,01-05-2020,Tuesday,1,Auto traffic signal,Other junction,18.63819368,Darkness - lights lit,245060,56010,73.7734676,E01015045,2,3,0,4,Dry,Single carriageway,None,30,20:19:00,Urban,Fine no high winds,No,16 - 20,3,Urban area,2,49,None,None,Other/Not known (2005-10),Approaching junction or waiting/parked at junction approach,PEUGEOT,SPEEDFIGHT,Petrol,Male,None,No tow/articulation,Did not leave carriageway,0,Waiting to go - held up,3,Motorcycle 50cc and under,No,Offside,2021
20104100K0588,B,156,NA,0,Slight,None,09-10-2021,Saturday,1,Not at junction or within 20 metres,Not at junction or within 20 metres,18.54174989,Darkness - lights lit,535240,203510,73.86016956,E01023310,1,2,0,0,Frost or ice,Single carriageway,Roadworks,30,17:56:00,Urban,Fine no high winds,No,16 - 20,3,Urban area,2,49,None,None,Journey as part of work,Not at or within 20 metres of junction,PEUGEOT,LUDIX ELEGANCE,Petrol,Male,Skidded,No tow/articulation,Did not leave carriageway,0,Slowing or stopping,1,Motorcycle 50cc and under,No,Front,2021
201001CW12499,A,3212,NA,0,Slight,None,03-11-2010,Wednesday,1,Data missing or out of range,Not at junction or within 20 metres,51.485498,Darkness - lights lit,528890,177920,-0.145077,E01004669,1,2,0,1,Dry,Single carriageway,None,30,21:00:00,Urban,Fine no high winds,No,16 - 20,3,Urban area,3,125,None,None,Journey as part of work,Not at or within 20 metres of junction,HONDA,ANF 126 T-6,Petrol,Male,Skidded,No tow/articulation,Did not leave carriageway,0,Going ahead other,1,Motorcycle 125cc and under,No,Did not impact,2010