Accident_Index,1st_Road_Class,1st_Road_Number,2nd_Road_Class,2nd_Road_Number,Accident_Severity,Carriageway_Hazards,Date,Day_of_Week,Did_Police_Officer_Attend_Scene_of_Accident,Junction_Control,Junction_Detail,Latitude,Light_Conditions,Location_Easting_OSGR,Location_Northing_OSGR,Longitude,LSOA_of_Accident_Location,Number_of_Casualties,Number_of_Vehicles,Pedestrian_Crossing-Human_Control,Pedestrian_Crossing-Physical_Facilities,Road_Surface_Conditions,Road_Type,Special_Conditions_at_Site,Speed_limit,Time,Urban_or_Rural_Area,Weather_Conditions,InScotland,Age_Band_of_Driver,Age_of_Vehicle,Driver_Home_Area_Type,Driver_IMD_Decile,Engine_Capacity_.CC.,Hit_Object_in_Carriageway,Hit_Object_off_Carriageway,Journey_Purpose_of_Driver,Junction_Location,make,model,Propulsion_Code,Sex_of_Driver,Skidding_and_Overturning,Towing_and_Articulation,Vehicle_Leaving_Carriageway,Vehicle_Location.Restricted_Lane,Vehicle_Manoeuvre,Vehicle_Reference,Vehicle_Type,Was_Vehicle_Left_Hand_Drive,X1st_Point_of_Impact,Year
201001KD50400,B,174,Unclassified,0,Slight,Any animal in carriageway (except ridden horse),01-08-2010,Sunday,1,Give way or uncontrolled,T or staggered junction,51.589675,Darkness - lights lit,550230,190100,0.167245,E01002328,7,2,0,0,Dry,Single carriageway,None,30,01:10:00,Urban,Fine no high winds,No,16 - 20,3,Urban area,4,1248,None,None,Other/Not known (2005-10),Cleared junction or waiting/parked at junction exit,VAUXHALL,CORSA DESIGN CDTI,Heavy oil,Male,None,No tow/articulation,Did not leave carriageway,0,Going ahead left-hand bend,1,Car,No,Front,2010
201001KF60617,A,117,Unclassified,0,Slight,None,30-09-2010,Thursday,1,Give way or uncontrolled,Crossroads,51.542411,Darkness - lights lit,542260,184610,0.050054,E01003529,1,2,0,0,Dry,Single carriageway,None,30,22:20:00,Urban,Fine no high winds,No,16 - 20,3,Data missing or out of range,NA,125,None,None,Other/Not known (2005-10),Mid Junction - on roundabout or on main road,PIONEER,,Petrol,Male,None,No tow/articulation,Did not leave carriageway,0,Going ahead other,1,Motorcycle 125cc and under,No,Offside,2010
201001KF60803,A,124,NA,0,Slight,None,11-12-2010,Saturday,1,Data missing or out of range,Not at junction or within 20 metres,51.524817,Darkness - lights lit,540750,182610,0.027495,E01003602,1,3,0,0,Dry,Single carriageway,None,30,18:34:00,Urban,Fine no high winds,No,16 - 20,3,Data missing or out of range,NA,1364,None,None,Other/Not known (2005-10),Not at or within 20 metres of junction,VAUXHALL,CORSA SXI A/C,Petrol,Male,None,No tow/articulation,Did not leave carriageway,0,Going ahead other,1,Car,No,Front,2010
201001KG70504,A,124,Unclassified,0,Slight,None,10-12-2010,Friday,1,Auto traffic signal,Crossroads,51.551752,Darkness - lights lit,547870,185810,0.131398,E01000078,3,2,0,0,Dry,Single carriageway,None,30,19:30:00,Urban,Fine no high winds,No,16 - 20,3,Urban area,4,1364,None,None,Other/Not known (2005-10),Mid Junction - on roundabout or on main road,VAUXHALL,CORSA DESIGN AUTO,Petrol,Male,None,No tow/articulation,Did not leave carriageway,0,Going ahead other,1,Car,No,Front,2010
201001MM70298,A,2216,Unclassified,0,Slight,None,25-04-2010,Sunday,1,Give way or uncontrolled,T or staggered junction,51.445179,Darkness - lights lit,534170,173570,-0.070727,E01003950,2,1,0,4,Dry,Single carriageway,None,30,00:15:00,Urban,Fine no high winds,No,16 - 20,3,Urban area,3,198,None,None,Other/Not known (2005-10),Approaching junction or waiting/parked at junction approach,GILERA,RUNNER 200,Petrol,Male,None,No tow/articulation,Did not leave carriageway,0,Going ahead other,1,Motorcycle over 125cc and up to 500cc,No,Front,2010
201001MM70885,A,2214,C,0,Slight,Any animal in carriageway (except ridden horse),17-10-2010,Sunday,1,Auto traffic signal,Crossroads,51.464256,Darkness - lights lit,534820,175710,-0.060565,E01004064,1,1,0,5,Dry,Single carriageway,None,30,04:59:00,Urban,Fine no high winds,No,16 - 20,3,Urban area,4,1596,Kerb,Other permanent object,Other/Not known (2005-10),Approaching junction or waiting/parked at junction approach,FORD,FOCUS ZETEC CLIMATE AUTO,Petrol,Male,Skidded and overturned,No tow/articulation,Nearside,0,Going ahead other,1,Car,No,Nearside,2010
201001PL60763,A,2,Unclassified,0,Slight,None,20-11-2010,Saturday,1,Give way or uncontrolled,T or staggered junction,51.474221,Darkness - lights lit,535990,176850,-0.043294,E01003340,1,2,0,4,Dry,Single carriageway,None,30,19:01:00,Urban,Fine no high winds,No,16 - 20,3,Urban area,2,125,None,None,Other/Not known (2005-10),Approaching junction or waiting/parked at junction approach,HONDA,CBR 125 RW-7,Petrol,Male,None,No tow/articulation,Did not leave carriageway,0,Going ahead other,2,Motorcycle 125cc and under,No,Front,2010
201001QK50076,A,4089,NA,0,Slight,None,10-02-2010,Wednesday,1,Data missing or out of range,Not at junction or within 20 metres,51.558934,Darkness - lights lit,518580,185840,-0.290829,E01000571,1,1,0,5,Dry,Single carriageway,None,30,18:00:00,Urban,Fine no high winds,No,16 - 20,3,Data missing or out of range,NA,1388,None,None,Other/Not known (2005-10),Not at or within 20 metres of junction,FORD,FIESTA STYLE CLIMATE,Petrol,Male,None,No tow/articulation,Did not leave carriageway,0,Going ahead other,1,Car,No,Offside,2010
201001RG40730,A,102,NA,0,Slight,None,18-11-2010,Thursday,1,Data missing or out of range,Not at junction or within 20 metres,51.487237,Darkness - lights lit,540100,178410,0.016464,E01001665,1,2,0,0,Wet or damp,Dual carriageway,None,30,21:05:00,Urban,Fine no high winds,No,16 - 20,3,Urban area,2,1229,None,None,Other/Not known (2005-10),Not at or within 20 metres of junction,VAUXHALL,CORSA SXI A/C,Petrol,Male,None,No tow/articulation,Did not leave carriageway,0,Waiting to go - held up,1,Car,No,Front,2010
201001SX21125,A,598,A,406,Slight,None,30-10-2010,Saturday,1,Auto traffic signal,Crossroads,51.589767,Darkness - lights lit,524800,189420,-0.199878,E01000203,1,2,0,5,Dry,Single carriageway,None,30,20:24:00,Urban,Fine no high winds,No,16 - 20,3,Urban area,6,1598,None,None,Other/Not known (2005-10),Mid Junction - on roundabout or on main road,MINI,COOPER SIDEWALK,Petrol,Male,None,No tow/articulation,Did not leave carriageway,0,Turning right,1,Car,No,Nearside,2010
201001TB00175,A,40,Unclassified,0,Slight,None,03-05-2010,Monday,1,Auto traffic signal,Slip road,51.533192,Darkness - lights lit,516600,182930,-0.320342,E01001347,1,2,0,5,Dry,Slip road,None,40,21:29:00,Urban,Fine no high winds,No,16 - 20,3,Urban area,7,49,None,None,Other/Not known (2005-10),Approaching junction or waiting/parked at junction approach,PEUGEOT,SPEEDFIGHT MOTORSPORT 50,Petrol,Male,None,No tow/articulation,Did not leave carriageway,0,Slowing or stopping,2,Motorcycle 50cc and under,No,Front,2010
201034TN24250,A,508,A,508,Slight,None,17-06-2010,Thursday,1,Auto traffic signal,Roundabout,52.215182,Darkness - lights lit,475590,258020,-0.895027,E01027159,1,2,0,0,Dry,Roundabout,None,40,01:40:00,Rural,Fine no high winds,No,16 - 20,3,Small town,7,49,None,None,Other/Not known (2005-10),Mid Junction - on roundabout or on main road,APRILIA,SR 50 R,Petrol,Male,None,No tow/articulation,Did not leave carriageway,0,Going ahead other,2,Motorcycle 50cc and under,No,Offside,2010
201034WN40750,A,428,A,508,Slight,None,24-09-2010,Friday,1,Auto traffic signal,Roundabout,52.235113,Darkness - lights lit,475110,260230,-0.901561,E01027150,1,2,0,0,Dry,Roundabout,None,30,21:40:00,Urban,Fine no high winds,No,16 - 20,3,Urban area,10,1242,None,None,Other/Not known (2005-10),Entering roundabout,FORD,FIESTA STYLE CLIMATE,Petrol,Male,None,No tow/articulation,Did not leave carriageway,0,Going ahead other,1,Car,No,Front,2010
2010400D03683,Unclassified,0,Unclassified,0,Slight,None,13-12-2010,Monday,1,Give way or uncontrolled,Roundabout,51.89568,Darkness - lights lit,502760,222960,-0.508006,E01017581,1,1,0,0,Wet or damp,Dual carriageway,None,40,21:51:00,Urban,Fine no high winds,No,16 - 20,3,Urban area,5,125,None,None,Other/Not known (2005-10),Entering roundabout,PIONEER,,Petrol,Male,Skidded,No tow/articulation,Did not leave carriageway,0,Turning right,1,Motorcycle 125cc and under,No,Offside,2010
20104100B0096,Unclassified,409,NA,0,Slight,None,13-02-2010,Saturday,1,Not at junction or within 20 metres,Not at junction or within 20 metres,51.733057,Darkness - lights lit,523000,205320,-0.220257,E01023963,2,3,0,0,Wet or damp,Single carriageway,None,30,21:20:00,Urban,Fine no high winds,No,16 - 20,3,Small town,6,1328,Parked vehicle,None,Other/Not known (2005-10),Not at or within 20 metres of junction,SUZUKI,SWIFT GL,Petrol,Male,Skidded,No tow/articulation,Did not leave carriageway,0,Going ahead left-hand bend,1,Car,No,Offside,2010
20104100B0360,B,656,NA,0,Slight,None,25-06-2010,Friday,1,Not at junction or within 20 metres,Not at junction or within 20 metres,51.838087,Darkness - lights lit,522710,217000,-0.220327,E01023595,4,1,0,0,Dry,Single carriageway,None,40,00:40:00,Rural,Fine no high winds,No,16 - 20,3,Urban area,9,998,None,Tree,Other/Not known (2005-10),Not at or within 20 metres of junction,CITROEN,C1 VIBE,Petrol,Male,Skidded,No tow/articulation,Nearside,0,Going ahead right-hand bend,1,Car,No,Front,2010
20104100K0588,B,156,NA,0,Slight,None,27-11-2010,Saturday,1,Not at junction or within 20 metres,Not at junction or within 20 metres,51.713975,Darkness - lights lit,535240,203510,-0.043818,E01023310,1,2,0,0,Frost or ice,Single carriageway,Roadworks,30,17:56:00,Urban,Fine no high winds,No,16 - 20,3,Urban area,2,49,None,None,Journey as part of work,Not at or within 20 metres of junction,PEUGEOT,LUDIX ELEGANCE,Petrol,Male,Skidded,No tow/articulation,Did not leave carriageway,0,Slowing or stopping,1,Motorcycle 50cc and under,No,Front,2010
20104100T2141,A(M),1,NA,0,Slight,None,18-11-2010,Thursday,1,Not at junction or within 20 metres,Not at junction or within 20 metres,51.779309,Darkness - lights lit,522730,210460,-0.222351,E01023928,2,2,0,0,Dry,Slip road,Roadworks,70,22:20:00,Rural,Fine no high winds,No,16 - 20,3,Urban area,4,998,None,None,Commuting to/from work,Not at or within 20 metres of junction,TOYOTA,AYGO VVT-I,Petrol,Male,None,No tow/articulation,Did not leave carriageway,0,Going ahead other,1,Car,No,Front,2010
201042I048302,B,1029,NA,0,Slight,None,14-02-2010,Sunday,1,Not at junction or within 20 metres,Not at junction or within 20 metres,51.928173,Darkness - lights lit,605270,229730,0.984169,E01021971,1,2,0,0,Wet or damp,Single carriageway,None,30,17:25:00,Rural,Fine no high winds,No,16 - 20,3,Data missing or out of range,NA,2402,None,Other permanent object,Other/Not known (2005-10),Not at or within 20 metres of junction,LAND ROVER,DEFENDER 90 XS SW SWB,Heavy oil,Male,Skidded,No tow/articulation,Offside,0,Going ahead left-hand bend,2,Car,No,Front,2010
201042I376611,A,127,Unclassified,0,Slight,None,13-11-2010,Saturday,1,Give way or uncontrolled,T or staggered junction,51.590354,Darkness - lights lit,574690,190960,0.520425,E01021344,1,1,0,0,Wet or damp,Dual carriageway,None,70,19:05:00,Rural,Fine no high winds,No,16 - 20,3,Urban area,4,1248,None,Central crash barrier,Other/Not known (2005-10),Mid Junction - on roundabout or on main road,VAUXHALL,CORSA DESIGN CDTI,Heavy oil,Male,None,No tow/articulation,Offside on to centrl res + rebounded,0,Going ahead other,1,Car,No,Front,2010
201043W135100,A,321,B,3430,Slight,None,15-10-2010,Friday,1,Give way or uncontrolled,Roundabout,51.379329,Darkness - lights lit,481480,165130,-0.830638,E01016708,1,2,0,0,Wet or damp,Roundabout,None,40,20:17:00,Rural,Fine no high winds,No,16 - 20,3,Urban area,9,1242,None,None,Other/Not known (2005-10),Entering roundabout,FORD,FIESTA STYLE CLIMATE,Petrol,Male,Skidded,No tow/articulation,Did not leave carriageway,0,Turning right,1,Car,No,Offside,2010
201043W214090,B,3349,Unclassified,7502,Slight,None,25-09-2010,Saturday,1,Give way or uncontrolled,Mini-roundabout,51.39854,Darkness - lights lit,478480,167220,-0.873274,E01016612,3,2,0,0,Dry,Roundabout,None,40,02:22:00,Urban,Fine no high winds,No,16 - 20,3,Urban area,10,1390,None,Telegraph or electricity pole,Other/Not known (2005-10),Entering roundabout,RENAULT,MEGANE EXTREME 16V 100,Petrol,Male,None,No tow/articulation,Offside,0,Overtaking moving vehicle - offside,1,Car,No,Front,2010
201045SU47905,B,3015,B,311,Slight,None,23-01-2010,Saturday,2,Give way or uncontrolled,Roundabout,51.337127,Darkness - lights lit,490650,160590,-0.700067,E01030776,1,2,0,0,Wet or damp,Roundabout,None,40,07:05:00,Rural,Fine no high winds,No,16 - 20,3,Urban area,10,1149,None,None,Journey as part of work,Leaving roundabout,RENAULT,CLIO RIP CURL 16V,Petrol,Male,None,No tow/articulation,Did not leave carriageway,0,Going ahead other,1,Car,No,Nearside,2010
201050DE2I062,Unclassified,0,Unclassified,0,Slight,None,30-08-2010,Monday,1,Give way or uncontrolled,T or staggered junction,50.726006,Darkness - lights lit,291830,92950,-3.533951,E01020017,1,2,0,0,Dry,Single carriageway,None,30,22:00:00,Urban,Fine no high winds,No,16 - 20,3,Urban area,1,124,None,None,Other/Not known (2005-10),Approaching junction or waiting/parked at junction approach,YAMAHA,YBR 125,Petrol,Male,Skidded,No tow/articulation,Did not leave carriageway,0,Moving off,1,Motorcycle 125cc and under,No,Front,2010
201050ED2K014,B,3396,Unclassified,0,Slight,None,23-11-2010,Tuesday,1,Auto traffic signal,Other junction,50.383447,Darkness - lights lit,245060,56010,-4.180778,E01015045,2,3,0,4,Dry,Single carriageway,None,30,20:19:00,Urban,Fine no high winds,No,16 - 20,3,Urban area,2,49,None,None,Other/Not known (2005-10),Approaching junction or waiting/parked at junction approach,PEUGEOT,SPEEDFIGHT,Petrol,Male,None,No tow/articulation,Did not leave carriageway,0,Waiting to go - held up,3,Motorcycle 50cc and under,No,Offside,2010
201050EP2G002,Unclassified,0,Unclassified,0,Slight,None,12-03-2010,Friday,1,Give way or uncontrolled,T or staggered junction,50.385713,Darkness - lights lit,255360,55970,-4.035983,E01015107,1,2,0,0,Dry,Single carriageway,None,30,21:23:00,Urban,Fine no high winds,No,16 - 20,3,Urban area,6,49,None,None,Other/Not known (2005-10),Approaching junction or waiting/parked at junction approach,GILERA,DNA 50,Petrol,Male,None,No tow/articulation,Did not leave carriageway,0,Going ahead other,2,Motorcycle 50cc and under,No,Did not impact,2010
2010550D41363,A,352,NA,0,Slight,None,20-09-2010,Monday,1,Not at junction or within 20 metres,Not at junction or within 20 metres,50.682288,Darkness - lights lit,384400,86990,-2.222196,E01020491,1,2,0,0,Dry,Single carriageway,None,30,21:04:00,Rural,Fine no high winds,No,16 - 20,3,Rural,5,49,None,None,Other/Not known (2005-10),Not at or within 20 metres of junction,APRILIA,SR 50 R,Petrol,Male,None,No tow/articulation,Did not leave carriageway,0,Overtaking static vehicle - offside,2,Motorcycle 50cc and under,No,Front,2010
201060L020815,A,493,Unclassified,0,Slight,None,05-02-2010,Friday,1,Give way or uncontrolled,Other junction,52.545537,Darkness - lights lit,260210,296190,-4.062946,W01000046,1,3,0,0,Dry,Single carriageway,None,60,22:20:00,Rural,Fine no high winds,No,16 - 20,3,Small town,NA,1598,None,None,Other/Not known (2005-10),Cleared junction or waiting/parked at junction exit,VAUXHALL,CORSA VXR TURBO,Petrol,Male,None,No tow/articulation,Did not leave carriageway,0,Going ahead other,2,Car,No,Did not impact,2010
201001KD50400,B,174,Unclassified,0,Slight,Any animal in carriageway (except ridden horse),01-08-2010,Sunday,1,Give way or uncontrolled,T or staggered junction,51.589675,Darkness - lights lit,550230,190100,0.167245,E01002328,7,2,0,0,Dry,Single carriageway,None,30,01:10:00,Urban,Fine no high winds,No,16 - 20,3,Urban area,4,1248,None,None,Other/Not known (2005-10),Cleared junction or waiting/parked at junction exit,VAUXHALL,CORSA DESIGN CDTI,Heavy oil,Male,None,No tow/articulation,Did not leave carriageway,0,Going ahead left-hand bend,1,Car,No,Front,2010
201001KF60617,A,117,Unclassified,0,Slight,None,30-09-2010,Thursday,1,Give way or uncontrolled,Crossroads,51.542411,Darkness - lights lit,542260,184610,0.050054,E01003529,1,2,0,0,Dry,Single carriageway,None,30,22:20:00,Urban,Fine no high winds,No,16 - 20,3,Data missing or out of range,NA,125,None,None,Other/Not known (2005-10),Mid Junction - on roundabout or on main road,PIONEER,,Petrol,Male,None,No tow/articulation,Did not leave carriageway,0,Going ahead other,1,Motorcycle 125cc and under,No,Offside,2010
201001KF60803,A,124,NA,0,Slight,None,11-12-2010,Saturday,1,Data missing or out of range,Not at junction or within 20 metres,51.524817,Darkness - lights lit,540750,182610,0.027495,E01003602,1,3,0,0,Dry,Single carriageway,None,30,18:34:00,Urban,Fine no high winds,No,16 - 20,3,Data missing or out of range,NA,1364,None,None,Other/Not known (2005-10),Not at or within 20 metres of junction,VAUXHALL,CORSA SXI A/C,Petrol,Male,None,No tow/articulation,Did not leave carriageway,0,Going ahead other,1,Car,No,Front,2010
201001KG70504,A,124,Unclassified,0,Slight,None,10-12-2010,Friday,1,Auto traffic signal,Crossroads,51.551752,Darkness - lights lit,547870,185810,0.131398,E01000078,3,2,0,0,Dry,Single carriageway,None,30,19:30:00,Urban,Fine no high winds,No,16 - 20,3,Urban area,4,1364,None,None,Other/Not known (2005-10),Mid Junction - on roundabout or on main road,VAUXHALL,CORSA DESIGN AUTO,Petrol,Male,None,No tow/articulation,Did not leave carriageway,0,Going ahead other,1,Car,No,Front,2010
201001MM70298,A,2216,Unclassified,0,Slight,None,25-04-2010,Sunday,1,Give way or uncontrolled,T or staggered junction,51.445179,Darkness - lights lit,534170,173570,-0.070727,E01003950,2,1,0,4,Dry,Single carriageway,None,30,00:15:00,Urban,Fine no high winds,No,16 - 20,3,Urban area,3,198,None,None,Other/Not known (2005-10),Approaching junction or waiting/parked at junction approach,GILERA,RUNNER 200,Petrol,Male,None,No tow/articulation,Did not leave carriageway,0,Going ahead other,1,Motorcycle over 125cc and up to 500cc,No,Front,2010
201001MM70885,A,2214,C,0,Slight,Any animal in carriageway (except ridden horse),17-10-2010,Sunday,1,Auto traffic signal,Crossroads,51.464256,Darkness - lights lit,534820,175710,-0.060565,E01004064,1,1,0,5,Dry,Single carriageway,None,30,04:59:00,Urban,Fine no high winds,No,16 - 20,3,Urban area,4,1596,Kerb,Other permanent object,Other/Not known (2005-10),Approaching junction or waiting/parked at junction approach,FORD,FOCUS ZETEC CLIMATE AUTO,Petrol,Male,Skidded and overturned,No tow/articulation,Nearside,0,Going ahead other,1,Car,No,Nearside,2010
201001PL60763,A,2,Unclassified,0,Slight,None,20-11-2010,Saturday,1,Give way or uncontrolled,T or staggered junction,51.474221,Darkness - lights lit,535990,176850,-0.043294,E01003340,1,2,0,4,Dry,Single carriageway,None,30,19:01:00,Urban,Fine no high winds,No,16 - 20,3,Urban area,2,125,None,None,Other/Not known (2005-10),Approaching junction or waiting/parked at junction approach,HONDA,CBR 125 RW-7,Petrol,Male,None,No tow/articulation,Did not leave carriageway,0,Going ahead other,2,Motorcycle 125cc and under,No,Front,2010
201001QK50076,A,4089,NA,0,Slight,None,10-02-2010,Wednesday,1,Data missing or out of range,Not at junction or within 20 metres,51.558934,Darkness - lights lit,518580,185840,-0.290829,E01000571,1,1,0,5,Dry,Single carriageway,None,30,18:00:00,Urban,Fine no high winds,No,16 - 20,3,Data missing or out of range,NA,1388,None,None,Other/Not known (2005-10),Not at or within 20 metres of junction,FORD,FIESTA STYLE CLIMATE,Petrol,Male,None,No tow/articulation,Did not leave carriageway,0,Going ahead other,1,Car,No,Offside,2010
201001RG40730,A,102,NA,0,Slight,None,18-11-2010,Thursday,1,Data missing or out of range,Not at junction or within 20 metres,51.487237,Darkness - lights lit,540100,178410,0.016464,E01001665,1,2,0,0,Wet or damp,Dual carriageway,None,30,21:05:00,Urban,Fine no high winds,No,16 - 20,3,Urban area,2,1229,None,None,Other/Not known (2005-10),Not at or within 20 metres of junction,VAUXHALL,CORSA SXI A/C,Petrol,Male,None,No tow/articulation,Did not leave carriageway,0,Waiting to go - held up,1,Car,No,Front,2010
201001SX21125,A,598,A,406,Slight,None,30-10-2010,Saturday,1,Auto traffic signal,Crossroads,51.589767,Darkness - lights lit,524800,189420,-0.199878,E01000203,1,2,0,5,Dry,Single carriageway,None,30,20:24:00,Urban,Fine no high winds,No,16 - 20,3,Urban area,6,1598,None,None,Other/Not known (2005-10),Mid Junction - on roundabout or on main road,MINI,COOPER SIDEWALK,Petrol,Male,None,No tow/articulation,Did not leave carriageway,0,Turning right,1,Car,No,Nearside,2010
201001TB00175,A,40,Unclassified,0,Slight,None,03-05-2010,Monday,1,Auto traffic signal,Slip road,51.533192,Darkness - lights lit,516600,182930,-0.320342,E01001347,1,2,0,5,Dry,Slip road,None,40,21:29:00,Urban,Fine no high winds,No,16 - 20,3,Urban area,7,49,None,None,Other/Not known (2005-10),Approaching junction or waiting/parked at junction approach,PEUGEOT,SPEEDFIGHT MOTORSPORT 50,Petrol,Male,None,No tow/articulation,Did not leave carriageway,0,Slowing or stopping,2,Motorcycle 50cc and under,No,Front,2010
201001TX20794,A,312,Unclassified,0,Slight,None,24-11-2010,Wednesday,1,Give way or uncontrolled,T or staggered junction,51.461752,Darkness - lights lit,510250,174840,-0.414379,E01002592,1,2,0,0,Dry,Dual carriageway,None,30,16:20:00,Urban,Fine no high winds,No,16 - 20,3,Urban area,5,125,None,None,Other/Not known (2005-10),Mid Junction - on roundabout or on main road,BAOTIAN,BT 125 T-2,Petrol,Male,None,No tow/articulation,Did not leave carriageway,2,Overtaking - nearside,2,Motorcycle 125cc and under,No,Front,2010
201001VK30039,C,0,Unclassified,0,Slight,None,02-02-2010,Tuesday,1,Give way or uncontrolled,Crossroads,51.408618,Darkness - lights lit,520060,169150,-0.275159,E01002960,1,2,0,0,Dry,Single carriageway,None,30,21:00:00,Urban,Fine no high winds,No,16 - 20,3,Urban area,6,125,None,None,Other/Not known (2005-10),Mid Junction - on roundabout or on main road,HONDA,ANF 126 T-6,Petrol,Male,None,No tow/articulation,Did not leave carriageway,0,Going ahead other,2,Motorcycle 125cc and under,No,Front,2010
201001WW50389,A,3,NA,0,Slight,None,26-05-2010,Wednesday,1,Data missing or out of range,Not at junction or within 20 metres,51.442108,Darkness - lights lit,522320,172930,-0.241377,E01004573,1,2,0,0,Dry,Single carriageway,None,40,00:15:00,Urban,Fine no high winds,No,16 - 20,3,Data missing or out of range,NA,124,None,None,Other/Not known (2005-10),Not at or within 20 metres of junction,HONDA,CG 125-7,Petrol,Male,None,No tow/articulation,Did not leave carriageway,0,Changing lane to right,2,Motorcycle 125cc and under,No,Front,2010
201001XD80892,Unclassified,0,NA,0,Slight,None,22-11-2010,Monday,1,Data missing or out of range,Not at junction or within 20 metres,51.499861,Darkness - lights lit,516970,179230,-0.316237,E01001306,1,2,0,0,Wet or damp,Single carriageway,None,30,16:30:00,Urban,Fine no high winds,No,16 - 20,3,Urban area,5,125,None,None,Other/Not known (2005-10),Not at or within 20 metres of junction,SUPERBYKE,,Petrol,Male,None,No tow/articulation,Did not leave carriageway,0,Going ahead other,2,Motorcycle 125cc and under,No,Offside,2010
201001XH30636,C,0,Unclassified,0,Slight,None,25-09-2010,Saturday,1,Give way or uncontrolled,T or staggered junction,51.554832,Darkness - lights lit,510900,185210,-0.401768,E01002497,1,2,0,0,Dry,Single carriageway,None,30,18:52:00,Urban,Fine no high winds,No,16 - 20,3,Urban area,5,49,None,None,Other/Not known (2005-10),Cleared junction or waiting/parked at junction exit,PIAGGIO,NRG,Petrol,Male,None,No tow/articulation,Did not leave carriageway,0,Overtaking moving vehicle - offside,2,Motorcycle 50cc and under,No,Front,2010
201001YE80744,Motorway,25,NA,0,Slight,None,18-10-2010,Monday,1,Data missing or out of range,Not at junction or within 20 metres,51.682439,Darkness - lights lit,535590,200010,-0.040115,E01001552,4,3,0,0,Dry,Dual carriageway,None,70,06:54:00,Rural,Fine no high winds,No,16 - 20,3,Rural,9,1870,None,None,Journey as part of work,Not at or within 20 metres of junction,VAUXHALL,VIVARO 2700 CDTI SWB,Heavy oil,Male,Skidded,No tow/articulation,Did not leave carriageway,0,Slowing or stopping,3,Van / Goods 3.5 tonnes mgw or under,No,Front,2010
201001ZD30475,C,0,NA,0,Slight,None,23-06-2010,Wednesday,1,Data missing or out of range,Not at junction or within 20 metres,51.387028,Darkness - lights lit,531510,167030,-0.111406,E01001009,1,2,0,0,Dry,Single carriageway,None,30,00:19:00,Urban,Fine no high winds,No,16 - 20,3,Urban area,3,125,None,None,Other/Not known (2005-10),Not at or within 20 metres of junction,HONDA,CBR 125 RW-7,Petrol,Male,None,No tow/articulation,Did not leave carriageway,0,Changing lane to right,2,Motorcycle 125cc and under,No,Nearside,2010
201004BB10021,Unclassified,0,Unclassified,0,Slight,None,18-02-2010,Thursday,1,Give way or uncontrolled,Crossroads,54.062205,Darkness - lights lit,342940,463270,-2.873283,E01025113,1,2,0,0,Dry,Single carriageway,None,30,06:00:00,Urban,Fine no high winds,No,16 - 20,3,Urban area,1,1560,None,None,Other/Not known (2005-10),Mid Junction - on roundabout or on main road,PEUGEOT,307 S HDI,Heavy oil,Male,None,No tow/articulation,Did not leave carriageway,0,Going ahead other,1,Car,No,Offside,2010
201004DA10004,Unclassified,0,Unclassified,0,Slight,None,22-01-2010,Friday,1,Give way or uncontrolled,T or staggered junction,53.75819,Darkness - lights lit,353960,429320,-2.699811,E01025306,4,2,0,0,Dry,Unknown,None,30,18:48:00,Urban,Fine no high winds,No,16 - 20,3,Urban area,8,1686,None,None,Commuting to/from work,Entering main road,VAUXHALL,ASTRA SRI CDTI 100,Heavy oil,Male,None,No tow/articulation,Did not leave carriageway,2,Moving off,1,Car,No,Offside,2010
201004EA10014,A,674,Unclassified,0,Slight,None,26-01-2010,Tuesday,1,Give way or uncontrolled,T or staggered junction,53.7434,Darkness - lights lit,367590,427560,-2.492898,E01012655,1,5,0,0,Dry,Single carriageway,None,30,17:30:00,Urban,Fine no high winds,No,16 - 20,3,Urban area,3,2967,None,None,Other/Not known (2005-10),Mid Junction - on roundabout or on main road,AUDI,Q7 S LINE QUATTRO TDI,Heavy oil,Male,Skidded,No tow/articulation,Did not leave carriageway,0,Overtaking static vehicle - offside,1,Car,No,Front,2010
201004EA10138,A,677,NA,0,Slight,None,06-06-2010,Sunday,1,Data missing or out of range,Not at junction or within 20 metres,53.73374,Darkness - lights lit,369860,426470,-2.458374,E01012632,1,3,0,8,Dry,Single carriageway,None,50,00:01:00,Rural,Fine no high winds,No,16 - 20,3,Urban area,3,2231,Parked vehicle,Road sign or traffic signal,Other/Not known (2005-10),Not at or within 20 metres of junction,TOYOTA,RAV4 XTR D-4D,Heavy oil,Male,None,No tow/articulation,Nearside and rebounded,0,Going ahead other,1,Car,No,Front,2010
201004TA10189,Motorway,6,NA,0,Slight,None,09-11-2010,Tuesday,1,Data missing or out of range,Not at junction or within 20 metres,53.791821,Darkness - lights lit,356240,433040,-2.66576,E01025278,1,2,0,0,Dry,Dual carriageway,None,70,06:30:00,Rural,Fine no high winds,No,16 - 20,3,Urban area,10,1198,None,Near/Offside crash barrier,Other/Not known (2005-10),Not at or within 20 metres of junction,VOLKSWAGEN,POLO S 70,Petrol,Male,None,No tow/articulation,Nearside and rebounded,0,Going ahead other,1,Car,No,Front,2010