Accident_Index,1st_Road_Class,1st_Road_Number,2nd_Road_Class,2nd_Road_Number,Accident_Severity,Carriageway_Hazards,Date,Day_of_Week,Did_Police_Officer_Attend_Scene_of_Accident,Junction_Control,Junction_Detail,Latitude,Light_Conditions,Location_Easting_OSGR,Location_Northing_OSGR,Longitude,LSOA_of_Accident_Location,Number_of_Casualties,Number_of_Vehicles,Pedestrian_Crossing-Human_Control,Pedestrian_Crossing-Physical_Facilities,Road_Surface_Conditions,Road_Type,Special_Conditions_at_Site,Speed_limit,Time,Urban_or_Rural_Area,Weather_Conditions,InScotland,Age_Band_of_Driver,Age_of_Vehicle,Driver_Home_Area_Type,Driver_IMD_Decile,Engine_Capacity_.CC.,Hit_Object_in_Carriageway,Hit_Object_off_Carriageway,Journey_Purpose_of_Driver,Junction_Location,make,model,Propulsion_Code,Sex_of_Driver,Skidding_and_Overturning,Towing_and_Articulation,Vehicle_Leaving_Carriageway,Vehicle_Location.Restricted_Lane,Vehicle_Manoeuvre,Vehicle_Reference,Vehicle_Type,Was_Vehicle_Left_Hand_Drive,X1st_Point_of_Impact,Year
201020D065813,Unclassified,0,NA,0,Slight,None,08-03-2010,Monday,1,Data missing or out of range,Not at junction or within 20 metres,52.4968,Darkness - lights lit,414370,288790,-1.78977,E01009305,1,3,0,0,Frost or ice,Single carriageway,None,30,00:16:00,Urban,Fine no high winds,No,16 - 20,3,Urban area,9,1229,Parked vehicle,Lamp post,Other/Not known (2005-10),Not at or within 20 metres of junction,VAUXHALL,CORSA LIFE A/C,Petrol,Female,None,No tow/articulation,Nearside,6,Parked,2,Car,No,Front,2010
201020G002760,A,41,NA,0,Slight,None,02-05-2010,Sunday,1,Data missing or out of range,Not at junction or within 20 metres,52.606061,Darkness - lights lit,387130,300940,-2.191491,E01010546,1,1,0,0,Dry,Dual carriageway,None,40,23:36:00,Urban,Fine no high winds,No,16 - 20,3,Urban area,6,1124,None,Lamp post,Journey as part of work,Not at or within 20 metres of junction,CITROEN,C2 DESIGN,Petrol,Female,Skidded,No tow/articulation,Nearside and rebounded,0,Going ahead other,1,Car,No,Front,2010
201020H009311,Unclassified,0,Unclassified,0,Slight,None,01-03-2010,Monday,1,Give way or uncontrolled,T or staggered junction,52.616092,Darkness - lights lit,403730,302040,-1.946352,E01010319,3,2,0,0,Dry,Single carriageway,None,30,21:35:00,Urban,Fine no high winds,No,16 - 20,3,Urban area,9,1360,None,None,Other/Not known (2005-10),Approaching junction or waiting/parked at junction approach,PEUGEOT,206 LOOK,Petrol,Female,None,No tow/articulation,Did not leave carriageway,0,Turning right,2,Car,No,Offside,2010
201030B000310,A,615,A,632,Slight,None,19-09-2010,Sunday,2,Give way or uncontrolled,Crossroads,53.134574,Darkness - lights lit,430310,359810,-1.54841,E01019626,1,2,0,0,Dry,Single carriageway,None,30,23:00:00,Urban,Fine no high winds,No,16 - 20,3,Small town,7,998,None,None,Other/Not known (2005-10),Mid Junction - on roundabout or on main road,TOYOTA,AYGO BLUE VVT-I,Petrol,Female,None,No tow/articulation,Did not leave carriageway,0,Going ahead other,1,Car,No,Offside,2010
201030D000578,A,6,Unclassified,0,Slight,None,26-06-2010,Saturday,1,Give way or uncontrolled,T or staggered junction,52.951633,Darkness - lights lit,434990,339490,-1.48066,E01013461,1,1,0,0,Dry,Single carriageway,Roadworks,30,23:24:00,Urban,Fine no high winds,No,16 - 20,3,Urban area,10,998,None,Lamp post,Journey as part of work,Approaching junction or waiting/parked at junction approach,CITROEN,C1 COOL,Petrol,Female,None,No tow/articulation,Nearside,0,Going ahead other,1,Car,No,Front,2010
20103102C0149,A,60,Unclassified,0,Slight,None,21-01-2010,Thursday,1,Auto traffic signal,T or staggered junction,52.95788,Darkness - lights lit,457470,340400,-1.145936,E01013955,2,1,0,5,Dry,Single carriageway,None,30,22:45:00,Urban,Fine no high winds,No,16 - 20,3,Urban area,2,1400,None,Other permanent object,Other/Not known (2005-10),Leaving main road,VOLKSWAGEN,POLO S TDI 70,Heavy oil,Female,None,No tow/articulation,Offside,0,Turning left,1,Car,No,Front,2010
201042I394711,Unclassified,0,NA,0,Slight,None,20-12-2021,Saturday,1,Not at junction or within 20 metres,Not at junction or within 20 metres,22.76811085,Darkness - lights lit,570270,187380,75.85651725,E01021297,1,1,0,0,Wet or damp,Single carriageway,None,30,06:45:00,Urban,Fog or mist,No,16 - 20,3,Urban area,3,50,None,None,Journey as part of work,Not at or within 20 metres of junction,PIAGGIO,ZIP,Petrol,Female,Skidded,No tow/articulation,Did not leave carriageway,0,Going ahead right-hand bend,1,Motorcycle 50cc and under,No,Did not impact,2020
201034TS47020,A,4500,NA,0,Slight,None,15-10-2019,Friday,1,Data missing or out of range,Not at junction or within 20 metres,19.10598144,Darkness - lights lit,467420,259680,72.84332506,E01027287,1,4,0,0,Dry,Dual carriageway,None,70,22:20:00,Rural,Fog or mist,No,16 - 20,3,Rural,8,1461,None,None,Other/Not known (2005-10),Not at or within 20 metres of junction,RENAULT,CLIO EXPRESSION DCI 68,Heavy oil,Female,None,No tow/articulation,Did not leave carriageway,0,Waiting to go - held up,3,Car,No,Back,2021
201034TS47020,A,4500,NA,0,Slight,None,19-11-2010,Friday,1,Data missing or out of range,Not at junction or within 20 metres,52.231163,Darkness - lights lit,467420,259680,-1.01426,E01027287,1,4,0,0,Dry,Dual carriageway,None,70,22:20:00,Rural,Fog or mist,No,16 - 20,3,Rural,8,1461,None,None,Other/Not known (2005-10),Not at or within 20 metres of junction,RENAULT,CLIO EXPRESSION DCI 68,Heavy oil,Female,None,No tow/articulation,Did not leave carriageway,0,Waiting to go - held up,3,Car,No,Back,2010
201042I394711,Unclassified,0,NA,0,Slight,None,20-11-2010,Saturday,1,Not at junction or within 20 metres,Not at junction or within 20 metres,51.559546,Darkness - lights lit,570270,187380,0.454947,E01021297,1,1,0,0,Wet or damp,Single carriageway,None,30,06:45:00,Urban,Fog or mist,No,16 - 20,3,Urban area,3,50,None,None,Journey as part of work,Not at or within 20 metres of junction,PIAGGIO,ZIP,Petrol,Female,Skidded,No tow/articulation,Did not leave carriageway,0,Going ahead right-hand bend,1,Motorcycle 50cc and under,No,Did not impact,2010
20104100D0017,Unclassified,286,NA,0,Slight,None,27-04-2021,Sunday,1,Not at junction or within 20 metres,Not at junction or within 20 metres,25.77133061,Darkness - lights lit,499160,208350,87.49797036,E01023362,4,1,0,0,Frost or ice,Single carriageway,None,30,01:15:00,Urban,Other,No,16 - 20,3,Urban area,4,1229,None,Lamp post,Other/Not known (2005-10),Not at or within 20 metres of junction,VAUXHALL,CORSA CLUB A/C,Petrol,Male,Skidded and overturned,No tow/articulation,Offside,0,Going ahead other,1,Car,No,Nearside,2019
201037B046038,A,142,Unclassified,6503,Slight,None,20-10-2020,Monday,1,Give way or uncontrolled,Roundabout,22.06545723,Darkness - lights lit,563690,265510,82.19509158,E01029953,1,2,0,0,Frost or ice,Single carriageway,None,60,21:30:00,Urban,Other,No,16 - 20,3,Urban area,7,1198,None,Lamp post,Commuting to/from work,Mid Junction - on roundabout or on main road,VOLKSWAGEN,FOX 55,Petrol,Male,None,No tow/articulation,Nearside,0,Going ahead other,2,Car,No,Back,2019
201037B046038,A,142,Unclassified,6503,Slight,None,25-10-2010,Monday,1,Give way or uncontrolled,Roundabout,52.263355,Darkness - lights lit,563690,265510,0.397215,E01029953,1,2,0,0,Frost or ice,Single carriageway,None,60,21:30:00,Urban,Other,No,16 - 20,3,Urban area,7,1198,None,Lamp post,Commuting to/from work,Mid Junction - on roundabout or on main road,VOLKSWAGEN,FOX 55,Petrol,Male,None,No tow/articulation,Nearside,0,Going ahead other,2,Car,No,Back,2010
20104100D0017,Unclassified,286,NA,0,Slight,None,03-01-2010,Sunday,1,Not at junction or within 20 metres,Not at junction or within 20 metres,51.765012,Darkness - lights lit,499160,208350,-0.564489,E01023362,4,1,0,0,Frost or ice,Single carriageway,None,30,01:15:00,Urban,Other,No,16 - 20,3,Urban area,4,1229,None,Lamp post,Other/Not known (2005-10),Not at or within 20 metres of junction,VAUXHALL,CORSA CLUB A/C,Petrol,Male,Skidded and overturned,No tow/articulation,Offside,0,Going ahead other,1,Car,No,Nearside,2010
201005EE01340,Unclassified,0,B,5339,Slight,None,09-01-2010,Saturday,2,Give way or uncontrolled,Crossroads,53.403656,Darkness - lights lit,334720,390100,-2.983384,E01006511,1,2,0,0,Frost or ice,Single carriageway,None,30,00:01:00,Urban,Other,No,16 - 20,3,Urban area,4,1242,None,None,Other/Not known (2005-10),Mid Junction - on roundabout or on main road,FORD,FIESTA STYLE CLIMATE,Petrol,Male,None,No tow/articulation,Did not leave carriageway,9,Parked,1,Car,No,Back,2010
20103102D0267,A,453,NA,0,Slight,None,08-02-2010,Monday,1,Data missing or out of range,Not at junction or within 20 metres,52.860265,Darkness - lights lit,450270,329460,-1.254797,E01028408,1,1,0,0,Wet or damp,Single carriageway,None,60,03:42:00,Rural,Other,No,16 - 20,3,Urban area,2,1364,Kerb,Entered ditch,Other/Not known (2005-10),Not at or within 20 metres of junction,VAUXHALL,ASTRA SXI TWINPORT,Petrol,Male,Overturned,No tow/articulation,Nearside,0,Going ahead other,1,Car,No,Front,2010
201042I346510,Unclassified,0,NA,0,Slight,None,20-05-2020,Saturday,1,Not at junction or within 20 metres,Not at junction or within 20 metres,26.76660951,Darkness - lights lit,570280,187380,94.18049294,E01021299,1,1,0,0,Wet or damp,Single carriageway,None,30,06:45:00,Urban,Other,No,16 - 20,3,Urban area,3,50,None,None,Journey as part of work,Not at or within 20 metres of junction,PIAGGIO,ZIP,Petrol,Female,Skidded,No tow/articulation,Did not leave carriageway,0,Going ahead right-hand bend,1,Motorcycle 50cc and under,No,Front,2019
201042I346510,Unclassified,0,NA,0,Slight,None,23-10-2010,Saturday,1,Not at junction or within 20 metres,Not at junction or within 20 metres,51.559543,Darkness - lights lit,570280,187380,0.455091,E01021299,1,1,0,0,Wet or damp,Single carriageway,None,30,06:45:00,Urban,Other,No,16 - 20,3,Urban area,3,50,None,None,Journey as part of work,Not at or within 20 metres of junction,PIAGGIO,ZIP,Petrol,Female,Skidded,No tow/articulation,Did not leave carriageway,0,Going ahead right-hand bend,1,Motorcycle 50cc and under,No,Front,2010
201001YE80855,C,0,C,0,Slight,None,27-11-2010,Saturday,1,Give way or uncontrolled,T or staggered junction,51.643638,Darkness - lights lit,535510,195690,-0.042945,E01001507,2,2,0,0,Dry,Single carriageway,None,30,05:13:00,Urban,Other,No,16 - 20,3,Urban area,4,1240,None,None,Other/Not known (2005-10),Mid Junction - on roundabout or on main road,NISSAN,MICRA SPIRITA,Petrol,Female,None,No tow/articulation,Did not leave carriageway,0,Turning right,2,Car,No,Offside,2010
201005CC06951,A,506,Unclassified,0,Slight,None,05-12-2010,Sunday,1,Give way or uncontrolled,T or staggered junction,53.47671,Darkness - lights lit,340670,398150,-2.895419,E01006415,3,1,0,0,Frost or ice,Dual carriageway,None,40,00:15:00,Rural,Other,No,16 - 20,3,Urban area,1,1796,None,Road sign or traffic signal,Other/Not known (2005-10),Approaching junction or waiting/parked at junction approach,VAUXHALL,ASTRA CLUB A,Petrol,Female,Skidded,No tow/articulation,Nearside,0,Turning right,1,Car,No,Front,2010
201001BS70659,C,0,C,0,Slight,None,29-10-2010,Friday,1,Give way or uncontrolled,Mini-roundabout,51.523059,Darkness - lights lit,524500,181990,-0.206834,E01002854,1,2,0,0,Wet or damp,Roundabout,None,30,20:30:00,Urban,Raining + high winds,No,16 - 20,3,Urban area,4,125,None,None,Other/Not known (2005-10),Mid Junction - on roundabout or on main road,HONDA,ANF 126 T-6,Petrol,Male,None,No tow/articulation,Did not leave carriageway,0,Going ahead right-hand bend,2,Motorcycle 50cc and under,No,Nearside,2010
201060L205373,Unclassified,0,Unclassified,0,Slight,None,04-11-2010,Thursday,1,Give way or uncontrolled,Private drive or entrance,53.315094,Darkness - lights lit,302390,380800,-3.466659,W01000234,1,2,0,0,Wet or damp,Single carriageway,Mud,30,20:39:00,Urban,Raining + high winds,No,16 - 20,3,Urban area,NA,49,None,None,Other/Not known (2005-10),Approaching junction or waiting/parked at junction approach,APRILIA,SR 50 R,Petrol,Male,Skidded,No tow/articulation,Did not leave carriageway,0,Going ahead other,1,Motorcycle 50cc and under,No,Front,2010
201060L210707,A,547,Unclassified,0,Slight,None,12-11-2010,Friday,1,Give way or uncontrolled,T or staggered junction,53.28221,Darkness - lights lit,280490,377640,-3.794042,W01000177,1,1,0,0,Wet or damp,Single carriageway,None,30,23:23:00,Rural,Raining + high winds,No,16 - 20,3,Small town,NA,1364,None,Road sign or traffic signal,Other/Not known (2005-10),Approaching junction or waiting/parked at junction approach,VAUXHALL,ASTRA SXI,Petrol,Male,Skidded,No tow/articulation,Did not leave carriageway,9,Going ahead other,1,Car,No,Nearside,2010
201006M036162,A,6144,NA,0,Slight,None,13-09-2010,Monday,1,Data missing or out of range,Not at junction or within 20 metres,53.432031,Darkness - lights lit,373650,392880,-2.398076,E01006107,1,2,0,0,Wet or damp,Single carriageway,None,30,22:20:00,Urban,Raining + high winds,No,16 - 20,3,Urban area,10,1242,None,None,Other/Not known (2005-10),Not at or within 20 metres of junction,FORD,FIESTA STYLE CLIMATE,Petrol,Male,None,No tow/articulation,Did not leave carriageway,0,U-turn,1,Car,No,Offside,2010
2010160D07591,Unclassified,0,Unclassified,0,Slight,None,12-11-2010,Friday,1,Give way or uncontrolled,T or staggered junction,53.795047,Darkness - lights lit,509370,434470,-0.341065,E01012829,1,1,0,0,Wet or damp,Single carriageway,None,30,03:20:00,Rural,Raining + high winds,No,16 - 20,3,Urban area,4,1360,Kerb,Other permanent object,Other/Not known (2005-10),Leaving main road,PEUGEOT,207 S,Petrol,Female,None,No tow/articulation,Straight ahead at junction,0,Going ahead other,1,Car,No,Front,2010
201030D001095,Unclassified,0,A,6005,Slight,None,05-11-2010,Friday,1,Give way or uncontrolled,Roundabout,52.918823,Darkness - lights lit,438930,335870,-1.422453,E01013595,1,1,0,0,Wet or damp,Single carriageway,None,40,16:57:00,Urban,Raining + high winds,No,16 - 20,3,Urban area,7,49,None,None,Commuting to/from work,Approaching junction or waiting/parked at junction approach,SYM,JET 50 BASIX,Petrol,Female,Overturned,No tow/articulation,Did not leave carriageway,0,Going ahead other,1,Motorcycle 50cc and under,No,Nearside,2010
201043P235030,A,4130,A,34,Slight,None,30-09-2020,Wednesday,1,Give way or uncontrolled,Roundabout,28.41966597,Darkness - lights lit,448420,191360,76.9977492,E01028727,1,2,0,4,Wet or damp,Roundabout,None,40,19:45:00,Rural,Raining no high winds,No,16 - 20,3,Small town,9,49,None,None,Other/Not known (2005-10),Mid Junction - on roundabout or on main road,YAMAHA,CS 50 JOG RR,Petrol,Male,None,No tow/articulation,Did not leave carriageway,0,Turning left,2,Motorcycle 50cc and under,No,Nearside,2019
201045RE55907,Unclassified,1291,Unclassified,0,Slight,None,02-07-2021,Friday,1,Give way or uncontrolled,T or staggered junction,26.45901144,Darkness - lights lit,527880,147760,74.60890434,E01030570,1,2,0,0,Wet or damp,Dual carriageway,None,30,20:50:00,Urban,Raining no high winds,No,16 - 20,3,Rural,5,49,None,None,Other/Not known (2005-10),Mid Junction - on roundabout or on main road,PIAGGIO,FLY 50,Petrol,Male,None,No tow/articulation,Did not leave carriageway,0,Going ahead other,2,Motorcycle 50cc and under,No,Offside,2020
201001MM70778,A,2216,A,2214,Slight,None,18-09-2010,Saturday,2,Give way or uncontrolled,T or staggered junction,51.459643,Darkness - lights lit,533810,175170,-0.0753,E01003952,1,2,0,1,Wet or damp,Single carriageway,None,30,23:25:00,Urban,Raining no high winds,No,16 - 20,3,Urban area,1,49,None,None,Commuting to/from work,Mid Junction - on roundabout or on main road,GILERA,STORM 50,Petrol,Male,Skidded,No tow/articulation,Did not leave carriageway,0,Going ahead other,1,Motorcycle 50cc and under,No,Front,2010
201001QK50575,A,4140,C,0,Slight,None,26-09-2010,Sunday,1,Give way or uncontrolled,Roundabout,51.570621,Darkness - lights lit,519840,187170,-0.272208,E01000481,1,1,0,0,Wet or damp,Single carriageway,None,30,23:55:00,Urban,Raining no high winds,No,16 - 20,3,Urban area,3,124,None,None,Journey as part of work,Approaching junction or waiting/parked at junction approach,SUZUKI,FL 125 S DW K7 ADDRESS,Petrol,Male,None,No tow/articulation,Did not leave carriageway,0,Slowing or stopping,1,Motorcycle 50cc and under,No,Did not impact,2010
201043P235030,A,4130,A,34,Slight,None,24-03-2010,Wednesday,1,Give way or uncontrolled,Roundabout,51.61894,Darkness - lights lit,448420,191360,-1.302026,E01028727,1,2,0,4,Wet or damp,Roundabout,None,40,19:45:00,Rural,Raining no high winds,No,16 - 20,3,Small town,9,49,None,None,Other/Not known (2005-10),Mid Junction - on roundabout or on main road,YAMAHA,CS 50 JOG RR,Petrol,Male,None,No tow/articulation,Did not leave carriageway,0,Turning left,2,Motorcycle 50cc and under,No,Nearside,2010
201045RE55907,Unclassified,1291,Unclassified,0,Slight,None,12-11-2010,Friday,1,Give way or uncontrolled,T or staggered junction,51.214671,Darkness - lights lit,527880,147760,-0.170446,E01030570,1,2,0,0,Wet or damp,Dual carriageway,None,30,20:50:00,Urban,Raining no high winds,No,16 - 20,3,Rural,5,49,None,None,Other/Not known (2005-10),Mid Junction - on roundabout or on main road,PIAGGIO,FLY 50,Petrol,Male,None,No tow/articulation,Did not leave carriageway,0,Going ahead other,2,Motorcycle 50cc and under,No,Offside,2010
201060L075459,Unclassified,0,NA,0,Slight,None,01-05-2010,Saturday,1,Data missing or out of range,Not at junction or within 20 metres,53.322883,Darkness - lights lit,280770,382160,-3.791543,W01000133,1,1,0,0,Wet or damp,Single carriageway,None,30,23:40:00,Rural,Raining no high winds,No,16 - 20,3,Urban area,NA,1364,None,Other permanent object,Commuting to/from work,Not at or within 20 metres of junction,VAUXHALL,ASTRA SXI TWINPORT,Petrol,Male,Skidded,No tow/articulation,Did not leave carriageway,0,Going ahead other,1,Car,No,Front,2010
201001MM70778,A,2216,A,2214,Slight,None,18-09-2010,Saturday,2,Give way or uncontrolled,T or staggered junction,51.459643,Darkness - lights lit,533810,175170,-0.0753,E01003952,1,2,0,1,Wet or damp,Single carriageway,None,30,23:25:00,Urban,Raining no high winds,No,16 - 20,3,Urban area,1,49,None,None,Commuting to/from work,Mid Junction - on roundabout or on main road,GILERA,STORM 50,Petrol,Male,Skidded,No tow/articulation,Did not leave carriageway,0,Going ahead other,1,Motorcycle 50cc and under,No,Front,2010
201001QK50575,A,4140,C,0,Slight,None,26-09-2010,Sunday,1,Give way or uncontrolled,Roundabout,51.570621,Darkness - lights lit,519840,187170,-0.272208,E01000481,1,1,0,0,Wet or damp,Single carriageway,None,30,23:55:00,Urban,Raining no high winds,No,16 - 20,3,Urban area,3,124,None,None,Journey as part of work,Approaching junction or waiting/parked at junction approach,SUZUKI,FL 125 S DW K7 ADDRESS,Petrol,Male,None,No tow/articulation,Did not leave carriageway,0,Slowing or stopping,1,Motorcycle 50cc and under,No,Did not impact,2010
201001YR90798,A,109,Unclassified,0,Slight,None,05-11-2010,Friday,2,Give way or uncontrolled,T or staggered junction,51.597911,Darkness - lights lit,531280,190490,-0.10599,E01002029,2,2,0,0,Wet or damp,Single carriageway,None,30,16:40:00,Urban,Raining no high winds,No,16 - 20,3,Urban area,4,1229,None,None,Other/Not known (2005-10),Mid Junction - on roundabout or on main road,VAUXHALL,CORSA CLUB A/C,Petrol,Male,None,No tow/articulation,Did not leave carriageway,0,Going ahead other,1,Car,No,Front,2010
201005EE06372,A,5058,Unclassified,0,Slight,None,07-11-2010,Sunday,1,Give way or uncontrolled,T or staggered junction,53.423612,Darkness - lights lit,339260,392260,-2.915522,E01006717,1,1,0,0,Wet or damp,Dual carriageway,None,40,04:41:00,Urban,Raining no high winds,No,16 - 20,3,Urban area,1,1364,None,Lamp post,Other/Not known (2005-10),Cleared junction or waiting/parked at junction exit,VAUXHALL,ASTRA SXI TWINPORT,Petrol,Male,Skidded and overturned,No tow/articulation,Nearside,0,Going ahead right-hand bend,1,Car,No,Front,2010
201006M027790,B,5357,B,5162,Slight,None,16-02-2010,Tuesday,1,Give way or uncontrolled,Crossroads,53.371526,Darkness - lights lit,377260,386130,-2.343253,E01006084,4,2,0,0,Wet or damp,Single carriageway,None,30,23:34:00,Urban,Raining no high winds,No,16 - 20,3,Rural,6,1364,None,None,Other/Not known (2005-10),Approaching junction or waiting/parked at junction approach,VAUXHALL,CORSA CLUB AUTO,Petrol,Male,None,No tow/articulation,Did not leave carriageway,0,Going ahead other,2,Car,No,Front,2010
201014K332910,B,6200,Unclassified,0,Slight,None,09-12-2010,Thursday,1,Give way or uncontrolled,T or staggered junction,53.372042,Darkness - lights lit,441170,386310,-1.382672,E01007911,1,2,0,0,Frost or ice,Dual carriageway,None,30,17:28:00,Urban,Raining no high winds,No,16 - 20,3,Urban area,8,1229,None,None,Other/Not known (2005-10),Approaching junction or waiting/parked at junction approach,VAUXHALL,CORSA CLUB,Petrol,Male,None,No tow/articulation,Did not leave carriageway,0,Turning right,1,Car,No,Nearside,2010
2010160C06101,A,1034,NA,0,Slight,None,26-09-2010,Sunday,1,Data missing or out of range,Not at junction or within 20 metres,53.763832,Darkness - lights lit,492390,430630,-0.599906,E01012967,1,1,0,0,Wet or damp,Single carriageway,None,60,23:35:00,Rural,Raining no high winds,No,16 - 20,3,Small town,10,1229,Bollard or refuge,Road sign or traffic signal,Commuting to/from work,Not at or within 20 metres of junction,VAUXHALL,CORSA CLUB A/C,Petrol,Male,Skidded,No tow/articulation,Offside,0,Going ahead right-hand bend,1,Car,No,Front,2010
20103102C0783,Unclassified,0,Unclassified,0,Slight,None,11-04-2010,Sunday,1,Give way or uncontrolled,Roundabout,52.948376,Darkness - lights lit,451940,339280,-1.228428,E01013985,1,2,0,8,Wet or damp,Roundabout,None,30,22:15:00,Urban,Raining no high winds,No,16 - 20,3,Urban area,10,1968,None,None,Other/Not known (2005-10),Leaving main road,AUDI,A6 SE TDI,Heavy oil,Male,None,No tow/articulation,Nearside,0,Turning left,2,Car,No,Back,2010
201045WO54414,A,322,A,324,Slight,None,15-09-2021,Friday,1,Auto traffic signal,Crossroads,26.44013861,Darkness - lights lit,495850,157150,80.2782719,E01030944,1,2,0,5,Wet or damp,Single carriageway,None,30,20:15:00,Urban,Raining no high winds,No,16 - 20,3,Urban area,10,998,Bollard or refuge,None,Other/Not known (2005-10),Mid Junction - on roundabout or on main road,CITROEN,C1 AIRPLAY PLUS,Petrol,Female,None,No tow/articulation,Did not leave carriageway,0,Turning right,2,Car,No,Front,2020
201045RU56058,A,320,NA,0,Slight,None,02-10-2020,Friday,1,Data missing or out of range,Not at junction or within 20 metres,26.76209233,Darkness - lights lit,503640,164980,94.17775382,E01030662,1,1,0,0,Wet or damp,Dual carriageway,None,50,19:20:00,Rural,Raining no high winds,No,16 - 20,3,Urban area,9,1149,None,None,Other/Not known (2005-10),Not at or within 20 metres of junction,RENAULT,TWINGO GT TCE 100,Petrol,Female,None,No tow/articulation,Did not leave carriageway,0,Going ahead other,1,Car,No,Did not impact,2019
201001LX51054,A,23,B,221,Slight,None,13-11-2010,Saturday,2,Auto traffic signal,T or staggered junction,51.438263,Darkness - lights lit,530300,172700,-0.126703,E01003135,2,2,0,5,Wet or damp,Single carriageway,None,30,22:58:00,Urban,Raining no high winds,No,16 - 20,3,Urban area,2,1598,None,None,Other/Not known (2005-10),Approaching junction or waiting/parked at junction approach,VOLKSWAGEN,GOLF MATCH FSI 115,Petrol,Female,None,No tow/articulation,Did not leave carriageway,0,Waiting to go - held up,1,Car,No,Back,2010
201045RU56058,A,320,NA,0,Slight,None,12-11-2010,Friday,1,Data missing or out of range,Not at junction or within 20 metres,51.374371,Darkness - lights lit,503640,164980,-0.512373,E01030662,1,1,0,0,Wet or damp,Dual carriageway,None,50,19:20:00,Rural,Raining no high winds,No,16 - 20,3,Urban area,9,1149,None,None,Other/Not known (2005-10),Not at or within 20 metres of junction,RENAULT,TWINGO GT TCE 100,Petrol,Female,None,No tow/articulation,Did not leave carriageway,0,Going ahead other,1,Car,No,Did not impact,2010
201045WO54414,A,322,A,324,Slight,None,01-10-2010,Friday,1,Auto traffic signal,Crossroads,51.305352,Darkness - lights lit,495850,157150,-0.626365,E01030944,1,2,0,5,Wet or damp,Single carriageway,None,30,20:15:00,Urban,Raining no high winds,No,16 - 20,3,Urban area,10,998,Bollard or refuge,None,Other/Not known (2005-10),Mid Junction - on roundabout or on main road,CITROEN,C1 AIRPLAY PLUS,Petrol,Female,None,No tow/articulation,Did not leave carriageway,0,Turning right,2,Car,No,Front,2010
201001LX51054,A,23,B,221,Slight,None,13-11-2010,Saturday,2,Auto traffic signal,T or staggered junction,51.438263,Darkness - lights lit,530300,172700,-0.126703,E01003135,2,2,0,5,Wet or damp,Single carriageway,None,30,22:58:00,Urban,Raining no high winds,No,16 - 20,3,Urban area,2,1598,None,None,Other/Not known (2005-10),Approaching junction or waiting/parked at junction approach,VOLKSWAGEN,GOLF MATCH FSI 115,Petrol,Female,None,No tow/articulation,Did not leave carriageway,0,Waiting to go - held up,1,Car,No,Back,2010
201005EE05701,A,5058,A,580,Slight,None,03-10-2010,Sunday,1,Give way or uncontrolled,T or staggered junction,53.436782,Darkness - lights lit,338130,393740,-2.932816,E01006605,1,2,0,0,Wet or damp,Dual carriageway,None,40,21:44:00,Urban,Raining no high winds,No,16 - 20,3,Urban area,1,1399,None,None,Other/Not known (2005-10),Mid Junction - on roundabout or on main road,FORD,FIESTA ZETEC CLIMATE TDCI,Heavy oil,Female,None,No tow/articulation,Did not leave carriageway,0,Going ahead other,1,Car,No,Front,2010
201001ZD31087,A,222,NA,0,Slight,None,24-12-2010,Friday,1,Data missing or out of range,Not at junction or within 20 metres,51.377446,Darkness - lights lit,532910,166000,-0.091683,E01000975,1,2,0,0,Snow,Single carriageway,None,30,03:31:00,Urban,Snowing + high winds,No,16 - 20,3,Urban area,2,2204,Parked vehicle,None,Other/Not known (2005-10),Not at or within 20 metres of junction,HONDA,CIVIC ES I-CTDI,Heavy oil,Male,None,No tow/articulation,Did not leave carriageway,0,Going ahead right-hand bend,1,Car,No,Nearside,2010
201004EA10017,A,679,Unclassified,0,Slight,None,08-01-2010,Friday,1,Give way or uncontrolled,Mini-roundabout,53.744124,Darkness - lights lit,369150,427630,-2.469252,E01012572,1,2,0,1,Frost or ice,Single carriageway,None,30,17:00:00,Urban,Snowing no high winds,No,16 - 20,3,Rural,4,1493,None,None,Commuting to/from work,Approaching junction or waiting/parked at junction approach,HYUNDAI,GETZ GSI CRTD,Heavy oil,Female,Skidded,No tow/articulation,Did not leave carriageway,0,Going ahead other,2,Car,No,Back,2010
20103102C2817,A,6200,Unclassified,0,Slight,None,30-11-2010,Tuesday,1,Give way or uncontrolled,T or staggered junction,52.952399,Darkness - lights lit,455750,339770,-1.171646,E01013951,1,2,0,8,Frost or ice,Single carriageway,None,30,21:53:00,Urban,Snowing no high winds,No,16 - 20,3,Urban area,9,1229,None,None,Other/Not known (2005-10),Cleared junction or waiting/parked at junction exit,VAUXHALL,CORSA LIFE A/C,Petrol,Female,Skidded,No tow/articulation,Did not leave carriageway,0,Waiting to go - held up,1,Car,No,Back,2010