Accident_Index,1st_Road_Class,1st_Road_Number,2nd_Road_Class,2nd_Road_Number,Accident_Severity,Carriageway_Hazards,Date,Day_of_Week,Did_Police_Officer_Attend_Scene_of_Accident,Junction_Control,Junction_Detail,Latitude,Light_Conditions,Location_Easting_OSGR,Location_Northing_OSGR,Longitude,LSOA_of_Accident_Location,Number_of_Casualties,Number_of_Vehicles,Pedestrian_Crossing-Human_Control,Pedestrian_Crossing-Physical_Facilities,Road_Surface_Conditions,Road_Type,Special_Conditions_at_Site,Speed_limit,Time,Urban_or_Rural_Area,Weather_Conditions,InScotland,Age_Band_of_Driver,Age_of_Vehicle,Driver_Home_Area_Type,Driver_IMD_Decile,Engine_Capacity_.CC.,Hit_Object_in_Carriageway,Hit_Object_off_Carriageway,Journey_Purpose_of_Driver,Junction_Location,make,model,Propulsion_Code,Sex_of_Driver,Skidding_and_Overturning,Towing_and_Articulation,Vehicle_Leaving_Carriageway,Vehicle_Location.Restricted_Lane,Vehicle_Manoeuvre,Vehicle_Reference,Vehicle_Type,Was_Vehicle_Left_Hand_Drive,X1st_Point_of_Impact,Year
201045WA52013,A,281,NA,0,Slight,None,08-11-2019,Tuesday,1,Data missing or out of range,Not at junction or within 20 metres,15.27883916,Daylight,504060,135420,74.10685131,E01030862,1,2,0,8,Dry,Single carriageway,Oil or diesel,40,15:15:00,Rural,Fine no high winds,No,16 - 20,3,Small town,7,50,None,None,Other/Not known (2005-10),Not at or within 20 metres of junction,HUATIAN,,Petrol,Male,Skidded,No tow/articulation,Did not leave carriageway,0,Going ahead right-hand bend,1,Motorcycle 50cc and under,No,Front,2019
201042I245908,Unclassified,0,Unclassified,0,Slight,None,01-09-2020,Sunday,1,Give way or uncontrolled,Roundabout,23.04474628,Daylight,569960,208940,72.58673867,E01021589,1,2,0,0,Dry,Roundabout,None,30,17:26:00,Urban,Fine no high winds,No,16 - 20,3,Urban area,8,125,None,None,Other/Not known (2005-10),Mid Junction - on roundabout or on main road,HONDA,CBR 125 RW-6,Petrol,Male,None,No tow/articulation,Did not leave carriageway,0,Going ahead other,2,Motorcycle over 125cc and up to 500cc,No,Nearside,2019
2010550C27885,A,35,Unclassified,0,Slight,None,16-02-2020,Thursday,1,Give way or uncontrolled,T or staggered junction,22.96753321,Daylight,402190,91910,72.60922684,E01015445,1,2,0,0,Dry,Single carriageway,None,30,15:35:00,Urban,Fine no high winds,No,16 - 20,3,Data missing or out of range,NA,49,None,None,Other/Not known (2005-10),Approaching junction or waiting/parked at junction approach,PEUGEOT,SPEEDFIGHT,Petrol,Male,None,No tow/articulation,Did not leave carriageway,0,Overtaking static vehicle - offside,2,Motorcycle 50cc and under,No,Front,2019
201042I099803,B,1414,Unclassified,0,Slight,None,26-03-2021,Tuesday,1,Give way or uncontrolled,T or staggered junction,28.41622185,Daylight,618420,222650,77.05962445,E01021973,2,3,0,0,Dry,Single carriageway,None,30,15:15:00,Rural,Fine no high winds,No,16 - 20,3,Rural,3,2148,None,None,Journey as part of work,Approaching junction or waiting/parked at junction approach,MERCEDES,SPRINTER 311 CDI LWB,Heavy oil,Male,None,No tow/articulation,Did not leave carriageway,0,Going ahead other,1,Van / Goods 3.5 tonnes mgw or under,No,Front,2019
201050AC3F012,A,393,C,73,Slight,None,22-01-2019,Thursday,1,Give way or uncontrolled,Roundabout,12.98660144,Daylight,170660,42150,77.56717133,E01018912,1,2,0,0,Wet or damp,Roundabout,None,30,08:53:00,Rural,Fine no high winds,No,16 - 20,3,Small town,3,49,None,None,Journey as part of work,Entering roundabout,SYM,JET 50 BASIX,Petrol,Male,None,No tow/articulation,Did not leave carriageway,0,Turning right,2,Motorcycle 50cc and under,No,Front,2020
201042I009601,A,1013,A,1013,Slight,None,08-03-2020,Friday,2,Give way or uncontrolled,Roundabout,12.96756566,Daylight,565390,181200,77.62022107,E01015979,2,2,0,0,Dry,Roundabout,None,40,11:50:00,Rural,Fine no high winds,No,16 - 20,3,Urban area,4,1399,None,None,Other/Not known (2005-10),Entering roundabout,FORD,FIESTA ZETEC CLIMATE TDCI,Heavy oil,Male,None,No tow/articulation,Did not leave carriageway,0,Waiting to go - held up,2,Car,No,Back,2020
201034WD17000,A,5,C,109,Slight,None,19-06-2020,Monday,1,Give way or uncontrolled,T or staggered junction,13.03816555,Daylight,463260,259780,77.56347436,E01027025,1,2,0,0,Dry,Single carriageway,None,30,18:35:00,Rural,Fine no high winds,No,16 - 20,3,Rural,9,1296,None,None,Other/Not known (2005-10),Mid Junction - on roundabout or on main road,TOYOTA,YARIS ZINC,Petrol,Male,None,No tow/articulation,Did not leave carriageway,0,Turning right,2,Car,No,Front,2020
201043P072040,Motorway,40,NA,0,Slight,None,19-05-2019,Friday,1,Data missing or out of range,Not at junction or within 20 metres,8.890065705,Daylight,447710,239000,76.64985641,E01027291,2,3,0,0,Dry,Dual carriageway,None,70,15:02:00,Rural,Fine no high winds,No,16 - 20,3,Urban area,8,1799,None,None,Other/Not known (2005-10),Not at or within 20 metres of junction,HONDA,CIVIC TYPE-S,Petrol,Male,None,No tow/articulation,Did not leave carriageway,0,Going ahead other,1,Car,No,Front,2020
201042I132605,Unclassified,0,Unclassified,0,Slight,None,05-05-2019,Monday,1,Give way or uncontrolled,T or staggered junction,8.874100655,Daylight,544120,207840,76.67259986,E01021863,1,2,0,0,Dry,Single carriageway,None,30,13:10:00,Urban,Fine no high winds,No,16 - 20,3,Urban area,3,49,None,None,Other/Not known (2005-10),Mid Junction - on roundabout or on main road,PIAGGIO,NRG,Petrol,Male,None,No tow/articulation,Did not leave carriageway,0,Going ahead other,2,Motorcycle 50cc and under,No,Nearside,2020
201050AI3G018,Unclassified,0,Unclassified,0,Slight,None,18-03-2020,Thursday,2,Give way or uncontrolled,Other junction,22.73364146,Daylight,151480,40730,75.81683863,E01019012,1,2,0,0,Dry,Single carriageway,None,30,14:30:00,Rural,Fine no high winds,No,16 - 20,3,Rural,4,49,None,None,Other/Not known (2005-10),Approaching junction or waiting/parked at junction approach,APRILIA,SR 50 R,Petrol,Male,Skidded,No tow/articulation,Did not leave carriageway,0,Going ahead other,1,Motorcycle 50cc and under,No,Front,2020
20104100D0769,Unclassified,935,Unclassified,510,Slight,None,05-10-2019,Saturday,2,Give way or uncontrolled,T or staggered junction,22.73955464,Daylight,507470,206720,75.84442006,E01023411,1,2,0,0,Wet or damp,Single carriageway,None,30,16:40:00,Urban,Fine no high winds,No,16 - 20,3,Urban area,10,1399,None,None,Other/Not known (2005-10),Entering main road,KIA,RIO ICE,Petrol,Male,None,No tow/articulation,Did not leave carriageway,0,Turning right,1,Car,No,Front,2020
201043S083040,A,422,NA,0,Slight,None,06-11-2021,Wednesday,2,Data missing or out of range,Not at junction or within 20 metres,22.69579724,Daylight,488430,242790,75.83021373,E01016793,1,2,0,0,Dry,Dual carriageway,None,70,17:20:00,Rural,Fine no high winds,No,16 - 20,3,Urban area,9,125,None,None,Journey as part of work,Not at or within 20 metres of junction,HONDA,CBR 125 RW-7,Petrol,Male,None,No tow/articulation,Nearside,0,Going ahead other,1,Motorcycle 125cc and under,No,Nearside,2020
201034NW46120,A,5193,NA,0,Slight,None,29-10-2020,Monday,1,Data missing or out of range,Not at junction or within 20 metres,22.70180261,Daylight,489590,267320,75.8808567,E01027314,1,3,0,0,Wet or damp,Single carriageway,None,30,08:37:00,Urban,Fine no high winds,No,16 - 20,3,Urban area,4,49,None,None,Commuting to/from work,Not at or within 20 metres of junction,BAOTIAN,BT 49 QT-9,Petrol,Male,None,No tow/articulation,Did not leave carriageway,0,Going ahead other,3,Motorcycle 50cc and under,No,Front,2020
201042I188906,Motorway,25,Unclassified,0,Slight,None,27-08-2019,Tuesday,1,Give way or uncontrolled,Slip road,26.46196856,Daylight,547090,199880,74.63478425,E01021800,1,1,0,0,Dry,Slip road,None,70,20:30:00,Rural,Fine no high winds,No,16 - 20,3,Urban area,5,10518,None,None,Journey as part of work,Entering from slip road,MAN,,Heavy oil,Male,Skidded and overturned,Articulated vehicle,Nearside,0,Going ahead right-hand bend,1,Goods 7.5 tonnes mgw and over,No,Did not impact,2020
201054ES13510,A,345,C,42,Slight,None,12-04-2020,Friday,1,Auto traffic signal,T or staggered junction,26.46199334,Daylight,414290,131060,74.60761606,E01032017,1,4,0,5,Dry,Single carriageway,None,30,12:08:00,Urban,Fine no high winds,No,16 - 20,3,Small town,7,1399,None,None,Other/Not known (2005-10),Mid Junction - on roundabout or on main road,FORD,FIESTA STYLE CLIMATE D,Heavy oil,Male,None,No tow/articulation,Did not leave carriageway,0,Going ahead other,3,Car,No,Nearside,2020
201043R015070,B,3022,Unclassified,7409,Slight,None,11-01-2021,Thursday,1,Give way or uncontrolled,T or staggered junction,28.55548311,Daylight,494670,175180,77.17435546,E01016597,1,2,0,0,Dry,Single carriageway,None,40,08:17:00,Urban,Fine no high winds,No,16 - 20,3,Urban area,10,49,None,None,Pupil riding to/from school,Approaching junction or waiting/parked at junction approach,PEUGEOT,SPEEDFIGHT,Petrol,Male,None,No tow/articulation,Did not leave carriageway,0,Overtaking static vehicle - offside,2,Motorcycle 50cc and under,No,Front,2020
201043W091060,A,33,Motorway,4,Slight,None,19-03-2019,Friday,1,Auto traffic signal,Roundabout,28.7135126,Daylight,471520,168570,77.34928857,E01016441,1,2,0,0,Dry,Roundabout,Roadworks,50,20:05:00,Rural,Fine no high winds,No,16 - 20,3,Urban area,9,1896,None,None,Other/Not known (2005-10),Mid Junction - on roundabout or on main road,VOLKSWAGEN,TR-PORTER T28 102 TDI SWB,Heavy oil,Male,None,No tow/articulation,Did not leave carriageway,0,Going ahead other,1,Van / Goods 3.5 tonnes mgw or under,No,Front,2020
201045EL54720,Motorway,25,NA,0,Slight,None,21-07-2021,Thursday,1,Data missing or out of range,Not at junction or within 20 metres,28.5365273,Daylight,510280,157890,77.29066796,E01030302,2,2,0,0,Dry,Dual carriageway,None,70,15:31:00,Rural,Fine no high winds,No,16 - 20,3,Rural,4,1896,None,None,Other/Not known (2005-10),Not at or within 20 metres of junction,VOLKSWAGEN,TR-PORTER T28 102 TDI SWB,Heavy oil,Male,None,No tow/articulation,Did not leave carriageway,0,Going ahead other,1,Van / Goods 3.5 tonnes mgw or under,No,Front,2020
201043W262030,Motorway,4,NA,0,Slight,None,21-07-2019,Wednesday,2,Data missing or out of range,Not at junction or within 20 metres,28.68807707,Daylight,473000,168810,77.22332012,E01016681,2,2,0,0,Wet or damp,Dual carriageway,Roadworks,70,17:30:00,Rural,Fine no high winds,No,16 - 20,3,Urban area,4,1400,None,None,Other/Not known (2005-10),Not at or within 20 metres of junction,VOLKSWAGEN,POLO S TDI 70,Heavy oil,Male,None,No tow/articulation,Did not leave carriageway,0,Going ahead other,1,Car,No,Front,2020
201043W148090,A,4,B,4446,Slight,None,02-05-2019,Friday,1,Give way or uncontrolled,T or staggered junction,28.56664452,Daylight,475500,174370,77.32329599,E01016685,1,2,0,0,Dry,Single carriageway,None,30,08:45:00,Urban,Fine no high winds,No,16 - 20,3,Urban area,9,1242,None,None,Other/Not known (2005-10),Entering main road,FORD,FIESTA STYLE CLIMATE,Petrol,Male,None,No tow/articulation,Did not leave carriageway,0,Turning right,1,Car,No,Front,2020
201054DE32010,A,346,NA,0,Slight,None,12-11-2020,Tuesday,1,Not at junction or within 20 metres,Not at junction or within 20 metres,28.63908252,Daylight,419630,177750,77.15315799,E01015583,1,4,0,0,Dry,Single carriageway,None,60,13:45:00,Rural,Fine no high winds,No,16 - 20,3,Small town,9,1242,None,None,Journey as part of work,Not at or within 20 metres of junction,FIAT,PUNTO DYNAMIC,Petrol,Male,None,No tow/articulation,Did not leave carriageway,0,Waiting to go - held up,3,Car,No,Back,2020
2010400D00604,C,193,NA,0,Slight,None,11-08-2019,Saturday,1,Data missing or out of range,Not at junction or within 20 metres,28.71140759,Daylight,500150,228240,77.22619006,E01017620,1,1,0,0,Frost or ice,Single carriageway,None,30,07:00:00,Rural,Fine no high winds,No,16 - 20,3,Urban area,7,1229,None,None,Journey as part of work,Not at or within 20 metres of junction,VAUXHALL,CORSA SXI A/C,Petrol,Male,Skidded,No tow/articulation,Offside,0,Going ahead other,1,Car,No,Front,2020
201042I188206,A,130,Unclassified,0,Slight,None,20-04-2020,Saturday,1,Give way or uncontrolled,Roundabout,28.62243725,Daylight,577520,190230,77.25083669,E01021312,6,1,0,0,Dry,Roundabout,None,70,07:04:00,Rural,Fine no high winds,No,16 - 20,3,Urban area,3,1686,Central island of roundabout,Road sign or traffic signal,Other/Not known (2005-10),Entering roundabout,VAUXHALL,ASTRA DESIGN CDTI 100,Heavy oil,Male,None,No tow/articulation,Straight ahead at junction,0,Going ahead other,1,Car,No,Front,2020
201045WA51513,A,3016,NA,0,Slight,None,18-05-2021,Wednesday,1,Data missing or out of range,Not at junction or within 20 metres,28.63504914,Daylight,483790,149060,77.19369224,E01030899,2,2,0,0,Dry,Single carriageway,None,30,17:34:00,Urban,Fine no high winds,No,16 - 20,3,Urban area,8,1397,None,None,Other/Not known (2005-10),Not at or within 20 metres of junction,MINI,ONE,Petrol,Male,None,No tow/articulation,Did not leave carriageway,0,Going ahead other,1,Car,No,Front,2021
201043W191080,A,329,NA,0,Slight,None,17-06-2019,Wednesday,1,Data missing or out of range,Not at junction or within 20 metres,28.65786961,Daylight,481060,168680,77.36530227,E01016696,1,2,0,0,Dry,Single carriageway,None,30,09:30:00,Urban,Fine no high winds,No,16 - 20,3,Urban area,10,124,None,None,Other/Not known (2005-10),Not at or within 20 metres of junction,YAMAHA,XT 125 X,Petrol,Male,None,No tow/articulation,Did not leave carriageway,0,Going ahead other,2,Motorcycle 125cc and under,No,Front,2021
201050JI2B007,B,3213,NA,0,Slight,None,17-05-2019,Tuesday,1,Not at junction or within 20 metres,Not at junction or within 20 metres,18.61844362,Daylight,263720,56270,73.76686522,E01020161,1,2,0,0,Dry,Single carriageway,None,30,15:21:00,Urban,Fine no high winds,No,16 - 20,3,Urban area,10,125,None,None,Other/Not known (2005-10),Not at or within 20 metres of junction,PIONEER,,Petrol,Male,Overturned,No tow/articulation,Did not leave carriageway,0,Going ahead other,2,Motorcycle 125cc and under,No,Front,2021
201054EA22410,B,3105,NA,0,Slight,None,14-08-2020,Friday,1,Not at junction or within 20 metres,Not at junction or within 20 metres,18.52022633,Daylight,385590,160980,73.90008912,E01032078,1,1,0,0,Dry,Single carriageway,None,30,21:01:00,Rural,Fine no high winds,No,16 - 20,3,Rural,7,124,None,Other permanent object,Other/Not known (2005-10),Not at or within 20 metres of junction,YAMAHA,DT125R SM,Petrol,Male,None,No tow/articulation,Nearside,0,Going ahead right-hand bend,1,Motorcycle 125cc and under,No,Front,2021
2010400C00242,Unclassified,0,Unclassified,0,Slight,None,17-03-2021,Sunday,1,Give way or uncontrolled,Roundabout,18.63396607,Daylight,507830,225430,73.76667684,E01015746,1,2,0,0,Dry,Roundabout,None,30,16:14:00,Urban,Fine no high winds,No,16 - 20,3,Small town,10,1229,None,None,Other/Not known (2005-10),Entering roundabout,VAUXHALL,CORSA CLUB A/C,Petrol,Male,None,No tow/articulation,Did not leave carriageway,0,Going ahead other,1,Car,No,Offside,2021
201045WA53707,A,3100,NA,,Slight,None,24-10-2020,Saturday,1,Give way or uncontrolled,Private drive or entrance,18.5209702,Daylight,495100,142310,73.91984522,E01030938,1,2,0,0,Dry,Single carriageway,None,30,17:14:00,Rural,Fine no high winds,No,16 - 20,3,Rural,8,124,None,None,Commuting to/from work,Approaching junction or waiting/parked at junction approach,APRILIA,LEONARDO SPORT CITY 125,Petrol,Male,None,No tow/articulation,Offside,0,Going ahead other,2,Motorcycle 50cc and under,No,Front,2021
20104100D0824,A,4251,NA,0,Slight,None,29-05-2019,Saturday,1,Not at junction or within 20 metres,Not at junction or within 20 metres,19.08956735,Daylight,498320,208260,72.93030438,E01023370,1,3,0,0,Dry,Single carriageway,None,30,08:14:00,Urban,Fine no high winds,No,16 - 20,3,Urban area,10,1998,Parked vehicle,None,Commuting to/from work,Not at or within 20 metres of junction,FORD,MONDEO LX TDCI 130,Heavy oil,Male,None,No tow/articulation,Did not leave carriageway,0,Going ahead other,1,Car,No,Front,2021
201043W018090,Unclassified,7111,Unclassified,7111,Slight,None,21-07-2020,Friday,1,Give way or uncontrolled,T or staggered junction,19.09413082,Daylight,454840,164360,72.86205316,E01016255,1,2,0,0,Dry,Single carriageway,None,40,16:31:00,Rural,Fine no high winds,No,16 - 20,3,Rural,8,124,None,None,Other/Not known (2005-10),Mid Junction - on roundabout or on main road,HONDA,CG 125-7,Petrol,Male,None,No tow/articulation,Did not leave carriageway,0,Going ahead left-hand bend,2,Motorcycle 125cc and under,No,Offside,2021
201034WS16720,B,526,NA,0,Slight,None,07-08-2021,Wednesday,1,Data missing or out of range,Not at junction or within 20 metres,19.1015772,Daylight,478810,256350,72.93762845,E01027273,1,2,0,0,Dry,Single carriageway,None,60,16:30:00,Rural,Fine no high winds,No,16 - 20,3,Urban area,9,49,None,None,Other/Not known (2005-10),Not at or within 20 metres of junction,YAMAHA,CS 50 JOG RR,Petrol,Male,None,No tow/articulation,Did not leave carriageway,0,Going ahead other,2,Motorcycle 50cc and under,No,Front,2021
201043W072060,Unclassified,7139,Unclassified,7139,Slight,None,14-05-2019,Sunday,1,Give way or uncontrolled,T or staggered junction,19.09718749,Daylight,447900,168090,72.90509042,E01016281,1,2,0,0,Dry,Single carriageway,None,30,11:30:00,Urban,Fine no high winds,No,16 - 20,3,Urban area,7,50,None,None,Other/Not known (2005-10),Approaching junction or waiting/parked at junction approach,WANGYE,WY 50 QT-16A,Petrol,Male,Skidded,No tow/articulation,Did not leave carriageway,0,Going ahead other,1,Motorcycle 50cc and under,No,Front,2021
201037G029989,A,1156,NA,0,Slight,None,09-04-2019,Saturday,1,Data missing or out of range,Not at junction or within 20 metres,14.5076036,Daylight,616990,244100,85.31255018,E01029959,1,3,0,0,Dry,Single carriageway,None,30,12:31:00,Urban,Fine no high winds,No,16 - 20,3,Urban area,1,1598,None,None,Other/Not known (2005-10),Not at or within 20 metres of junction,RENAULT,CLIO DYNAMIQUE S,Petrol,Male,Skidded,No tow/articulation,Did not leave carriageway,0,Slowing or stopping,1,Car,No,Front,2021
201054ED06010,A,350,NA,0,Slight,None,13-04-2020,Monday,1,Not at junction or within 20 metres,Not at junction or within 20 metres,14.66231505,Daylight,388810,157910,78.58742098,E01032084,1,1,0,0,Dry,Single carriageway,None,60,09:20:00,Rural,Fine no high winds,No,16 - 20,3,Urban area,8,125,None,None,Journey as part of work,Not at or within 20 metres of junction,SKYJET,,Petrol,Male,Skidded,No tow/articulation,Did not leave carriageway,0,Going ahead other,1,Motorcycle over 125cc and up to 500cc,No,Nearside,2019
201054EP15510,Motorway,4,A,429,Slight,None,19-06-2020,Tuesday,2,Give way or uncontrolled,Roundabout,27.10491422,Daylight,391570,179650,93.60968076,E01031951,1,2,0,0,Dry,Slip road,None,70,09:10:00,Rural,Fine no high winds,No,16 - 20,3,Urban area,3,1248,None,None,Journey as part of work,Approaching junction or waiting/parked at junction approach,VAUXHALL,ASTRA LIFE CDTI,Heavy oil,Male,None,No tow/articulation,Did not leave carriageway,0,Waiting to go - held up,1,Car,No,Back,2019
201037B044311,A,11,NA,0,Slight,None,22-10-2021,Sunday,1,Data missing or out of range,Not at junction or within 20 metres,27.10071309,Daylight,574190,275030,93.62527388,E01029946,4,4,0,0,Dry,Single carriageway,None,60,15:30:00,Rural,Fine no high winds,No,16 - 20,3,Urban area,6,1753,None,None,Other/Not known (2005-10),Not at or within 20 metres of junction,FORD,FOCUS STYLE DIESEL,Heavy oil,Male,None,No tow/articulation,Did not leave carriageway,0,Going ahead other,1,Car,No,Front,2019
201042I086703,Unclassified,0,Unclassified,0,Slight,None,02-08-2020,Tuesday,1,Give way or uncontrolled,Crossroads,27.09048548,Daylight,558800,200060,93.61671478,E01021470,1,2,0,0,Dry,Single carriageway,None,30,08:49:00,Rural,Fine no high winds,No,16 - 20,3,Small town,7,49,None,None,Commuting to/from work,Approaching junction or waiting/parked at junction approach,PEUGEOT,SPEEDFIGHT,Petrol,Male,None,No tow/articulation,Did not leave carriageway,0,Going ahead other,2,Motorcycle 50cc and under,No,Front,2019
201042I293309,Unclassified,0,Unclassified,0,Slight,None,10-05-2020,Wednesday,2,Give way or uncontrolled,T or staggered junction,27.10406792,Daylight,577360,204780,93.62899752,E01021569,1,1,0,0,Dry,Dual carriageway,Mud,60,15:40:00,Rural,Fine no high winds,No,16 - 20,3,Small town,10,49,None,None,Taking pupil to/from school,Cleared junction or waiting/parked at junction exit,GILERA,DNA 50,Petrol,Male,Skidded,No tow/articulation,Did not leave carriageway,0,Going ahead right-hand bend,1,Motorcycle 50cc and under,No,Did not impact,2019
201045GU51486,C,146,Unclassified,4019,Slight,None,29-09-2021,Saturday,2,Give way or uncontrolled,Crossroads,27.10497388,Daylight,498830,149690,93.62457782,E01030452,1,2,0,0,Wet or damp,Single carriageway,None,30,16:00:00,Urban,Fine no high winds,No,16 - 20,3,Urban area,5,50,None,None,Commuting to/from work,Mid Junction - on roundabout or on main road,SUKIDA,SK 50 QT,Petrol,Male,Skidded,No tow/articulation,Did not leave carriageway,0,Going ahead left-hand bend,2,Motorcycle 50cc and under,No,Front,2019
201001CW11493,C,0,C,0,Slight,None,18-07-2010,Sunday,1,Give way or uncontrolled,T or staggered junction,51.515036,Daylight,529410,181220,-0.136382,E01004763,2,2,0,0,Dry,Single carriageway,None,30,17:12:00,Urban,Fine no high winds,No,16 - 20,3,Urban area,6,1995,None,None,Other/Not known (2005-10),Mid Junction - on roundabout or on main road,BMW,118D SE,Heavy oil,Male,None,No tow/articulation,Did not leave carriageway,0,Moving off,1,Car,No,Front,2010
201001CW11662,A,40,NA,0,Slight,None,28-07-2010,Wednesday,1,Data missing or out of range,Not at junction or within 20 metres,51.51331,Daylight,527910,180990,-0.158071,E01004762,1,1,0,5,Dry,Single carriageway,None,30,10:20:00,Urban,Fine no high winds,No,16 - 20,3,Urban area,4,125,None,None,Commuting to/from work,Not at or within 20 metres of junction,POR,APACHE 125,Petrol,Male,None,No tow/articulation,Did not leave carriageway,0,Overtaking static vehicle - offside,1,Motorcycle 125cc and under,No,Front,2010
201001FH10333,A,306,NA,0,Slight,None,25-06-2010,Friday,1,Data missing or out of range,Not at junction or within 20 metres,51.489229,Daylight,523030,178190,-0.229337,E01001894,4,3,0,0,Dry,Single carriageway,None,30,12:41:00,Urban,Fine no high winds,No,16 - 20,3,Urban area,2,125,None,None,Other/Not known (2005-10),Not at or within 20 metres of junction,TAIWAN GOLDEN BEE,DELIVERY 125,Petrol,Male,None,No tow/articulation,Did not leave carriageway,0,Changing lane to left,2,Motorcycle 125cc and under,No,Back,2010
201001JC30084,A,12,A,11,Slight,None,17-02-2010,Wednesday,1,Auto traffic signal,Roundabout,51.571491,Daylight,539880,187780,0.017017,E01004438,1,2,0,0,Wet or damp,Slip road,None,30,09:15:00,Urban,Fine no high winds,No,16 - 20,3,Urban area,3,2402,None,None,Journey as part of work,Approaching junction or waiting/parked at junction approach,FORD,TRANSIT 115 T350L D/C RWD,Heavy oil,Male,Skidded,No tow/articulation,Did not leave carriageway,0,Turning left,2,Van / Goods 3.5 tonnes mgw or under,No,Front,2010
201001KD50438,A,118,NA,0,Slight,None,10-08-2010,Tuesday,1,Data missing or out of range,Not at junction or within 20 metres,51.58631,Daylight,552390,189790,0.198267,E01002337,2,2,0,0,Dry,Single carriageway,None,30,12:40:00,Urban,Fine no high winds,No,16 - 20,3,Urban area,2,1149,None,None,Other/Not known (2005-10),Not at or within 20 metres of junction,RENAULT,CLIO CAMPUS 8V,Petrol,Male,None,No tow/articulation,Did not leave carriageway,0,Going ahead other,1,Car,No,Front,2010
201001LX50407,C,0,Unclassified,0,Slight,None,20-05-2010,Thursday,1,Give way or uncontrolled,T or staggered junction,51.424618,Daylight,533330,171260,-0.083677,E01003070,2,2,0,0,Dry,Single carriageway,None,30,19:34:00,Urban,Fine no high winds,No,16 - 20,3,Urban area,3,1796,None,None,Other/Not known (2005-10),Mid Junction - on roundabout or on main road,VAUXHALL,VECTRA SRI NAV,Petrol,Male,None,No tow/articulation,Did not leave carriageway,0,Turning right,1,Car,No,Front,2010
201001LX50763,A,3,Unclassified,0,Slight,None,31-08-2010,Tuesday,1,Give way or uncontrolled,T or staggered junction,51.463027,Daylight,529690,175440,-0.134471,E01003035,1,2,0,1,Dry,Single carriageway,None,30,19:55:00,Urban,Fine no high winds,No,16 - 20,3,Urban area,3,124,None,None,Other/Not known (2005-10),Mid Junction - on roundabout or on main road,HYOSUNG,GT 125 COMET,Petrol,Male,None,No tow/articulation,Did not leave carriageway,0,Going ahead other,2,Motorcycle 125cc and under,No,Front,2010
201001LX50865,B,272,Unclassified,0,Slight,None,25-09-2010,Saturday,1,Give way or uncontrolled,T or staggered junction,51.416943,Daylight,529610,170310,-0.137499,E01003139,1,2,0,5,Dry,Single carriageway,None,30,17:57:00,Urban,Fine no high winds,No,16 - 20,3,Urban area,2,125,None,None,Other/Not known (2005-10),Mid Junction - on roundabout or on main road,HONDA,CBR 125 RW-7,Petrol,Male,None,No tow/articulation,Did not leave carriageway,0,Overtaking static vehicle - offside,1,Motorcycle 125cc and under,No,Nearside,2010
201001MM70525,Unclassified,0,Unclassified,0,Slight,None,05-07-2010,Monday,1,Give way or uncontrolled,T or staggered junction,51.481617,Daylight,533990,177620,-0.071782,E01003990,1,2,0,0,Dry,Single carriageway,None,30,17:15:00,Urban,Fine no high winds,No,16 - 20,3,Urban area,2,124,None,None,Other/Not known (2005-10),Mid Junction - on roundabout or on main road,GILERA,SC 125,Petrol,Male,None,No tow/articulation,Did not leave carriageway,0,Overtaking moving vehicle - offside,2,Motorcycle 125cc and under,No,Nearside,2010
201001MM70633,A,2208,C,0,Slight,None,09-08-2010,Monday,1,Give way or uncontrolled,T or staggered junction,51.490163,Daylight,535840,178620,-0.044772,E01003245,2,2,0,0,Dry,One way street,None,30,15:10:00,Urban,Fine no high winds,No,16 - 20,3,Urban area,3,124,None,None,Other/Not known (2005-10),Mid Junction - on roundabout or on main road,HONDA,XR 125 L-6,Petrol,Male,None,No tow/articulation,Did not leave carriageway,0,Turning right,1,Motorcycle 125cc and under,No,Front,2010
201001PY20458,Unclassified,0,Unclassified,0,Slight,None,23-06-2010,Wednesday,1,Give way or uncontrolled,Crossroads,51.388153,Daylight,540330,167390,0.01541,E01000763,1,2,0,0,Dry,Single carriageway,None,30,07:11:00,Urban,Fine no high winds,No,16 - 20,3,Urban area,10,599,None,None,Other/Not known (2005-10),Mid Junction - on roundabout or on main road,YAMAHA,FZ6 S2,Petrol,Male,None,No tow/articulation,Did not leave carriageway,0,Going ahead other,2,Motorcycle over 500cc,No,Nearside,2010
201001PY20686,Unclassified,0,B,230,Slight,None,18-11-2010,Thursday,1,Give way or uncontrolled,T or staggered junction,51.388274,Daylight,537630,167330,-0.023391,E01000775,1,2,0,0,Wet or damp,Single carriageway,None,30,13:03:00,Urban,Fine no high winds,No,16 - 20,3,Urban area,9,1149,None,None,Journey as part of work,Cleared junction or waiting/parked at junction exit,RENAULT,CLIO CAMPUS 8V,Petrol,Male,None,No tow/articulation,Did not leave carriageway,0,Turning left,2,Car,No,Front,2010
201001RG40063,A,20,Unclassified,0,Slight,None,23-01-2010,Saturday,1,Give way or uncontrolled,T or staggered junction,51.454149,Daylight,540540,174740,0.021339,E01001658,3,3,0,0,Dry,Single carriageway,None,30,14:10:00,Urban,Fine no high winds,No,16 - 20,3,Urban area,3,1390,None,None,Other/Not known (2005-10),Approaching junction or waiting/parked at junction approach,VOLKSWAGEN,POLO S 80,Petrol,Male,None,No tow/articulation,Did not leave carriageway,0,Going ahead other,2,Car,No,Front,2010