Accident_Index,1st_Road_Class,1st_Road_Number,2nd_Road_Class,2nd_Road_Number,Accident_Severity,Carriageway_Hazards,Date,Day_of_Week,Did_Police_Officer_Attend_Scene_of_Accident,Junction_Control,Junction_Detail,Latitude,Light_Conditions,Location_Easting_OSGR,Location_Northing_OSGR,Longitude,LSOA_of_Accident_Location,Number_of_Casualties,Number_of_Vehicles,Pedestrian_Crossing-Human_Control,Pedestrian_Crossing-Physical_Facilities,Road_Surface_Conditions,Road_Type,Special_Conditions_at_Site,Speed_limit,Time,Urban_or_Rural_Area,Weather_Conditions,InScotland,Age_Band_of_Driver,Age_of_Vehicle,Driver_Home_Area_Type,Driver_IMD_Decile,Engine_Capacity_.CC.,Hit_Object_in_Carriageway,Hit_Object_off_Carriageway,Journey_Purpose_of_Driver,Junction_Location,make,model,Propulsion_Code,Sex_of_Driver,Skidding_and_Overturning,Towing_and_Articulation,Vehicle_Leaving_Carriageway,Vehicle_Location.Restricted_Lane,Vehicle_Manoeuvre,Vehicle_Reference,Vehicle_Type,Was_Vehicle_Left_Hand_Drive,X1st_Point_of_Impact,Year
201054ED06010,A,350,NA,0,Slight,None,08-03-2010,Monday,1,Not at junction or within 20 metres,Not at junction or within 20 metres,51.32013,Daylight,388810,157910,-2.16198,E01032084,1,1,0,0,Dry,Single carriageway,None,60,09:20:00,Rural,Fine no high winds,No,16 - 20,3,Urban area,8,125,None,None,Journey as part of work,Not at or within 20 metres of junction,SKYJET,,Petrol,Male,Skidded,No tow/articulation,Did not leave carriageway,0,Going ahead other,1,Motorcycle over 125cc and up to 500cc,No,Nearside,2010
201054EP15510,Motorway,4,A,429,Slight,None,04-05-2010,Tuesday,2,Give way or uncontrolled,Roundabout,51.515659,Daylight,391570,179650,-2.122897,E01031951,1,2,0,0,Dry,Slip road,None,70,09:10:00,Rural,Fine no high winds,No,16 - 20,3,Urban area,3,1248,None,None,Journey as part of work,Approaching junction or waiting/parked at junction approach,VAUXHALL,ASTRA LIFE CDTI,Heavy oil,Male,None,No tow/articulation,Did not leave carriageway,0,Waiting to go - held up,1,Car,No,Back,2010
201054ES13510,A,345,C,42,Slight,None,30-04-2010,Friday,1,Auto traffic signal,T or staggered junction,51.078628,Daylight,414290,131060,-1.797403,E01032017,1,4,0,5,Dry,Single carriageway,None,30,12:08:00,Urban,Fine no high winds,No,16 - 20,3,Small town,7,1399,None,None,Other/Not known (2005-10),Mid Junction - on roundabout or on main road,FORD,FIESTA STYLE CLIMATE D,Heavy oil,Male,None,No tow/articulation,Did not leave carriageway,0,Going ahead other,3,Car,No,Nearside,2010
201054MA05010,Motorway,4,NA,0,Slight,None,11-10-2010,Monday,1,Not at junction or within 20 metres,Not at junction or within 20 metres,51.530287,Daylight,398560,181270,-2.022169,E01031893,1,2,0,0,Dry,Dual carriageway,None,70,10:31:00,Rural,Fine no high winds,No,16 - 20,3,Rural,NA,1399,None,Central crash barrier,Other/Not known (2005-10),Not at or within 20 metres of junction,FORD,FIESTA ZETEC CLIMATE TDCI,Heavy oil,Male,None,No tow/articulation,Offside on to central reservation,0,Changing lane to left,1,Car,No,Nearside,2010
20105500D0080,A,354,NA,0,Slight,None,07-01-2010,Thursday,1,Not at junction or within 20 metres,Not at junction or within 20 metres,50.642788,Daylight,366790,82680,-2.471064,E01020579,1,2,0,0,Frost or ice,Single carriageway,None,30,11:58:00,Urban,Fine no high winds,No,16 - 20,3,Urban area,4,125,None,None,Other/Not known (2005-10),Not at or within 20 metres of junction,SUKIDA,SK 125-4 INSPECTOR,Petrol,Male,None,No tow/articulation,Did not leave carriageway,0,Slowing or stopping,2,Motorcycle 125cc and under,No,Back,2010
2010550C27885,A,35,Unclassified,0,Slight,None,01-07-2010,Thursday,1,Give way or uncontrolled,T or staggered junction,50.726741,Daylight,402190,91910,-1.970357,E01015445,1,2,0,0,Dry,Single carriageway,None,30,15:35:00,Urban,Fine no high winds,No,16 - 20,3,Data missing or out of range,NA,49,None,None,Other/Not known (2005-10),Approaching junction or waiting/parked at junction approach,PEUGEOT,SPEEDFIGHT,Petrol,Male,None,No tow/articulation,Did not leave carriageway,0,Overtaking static vehicle - offside,2,Motorcycle 50cc and under,No,Front,2010
2010550C27971,Unclassified,0,Unclassified,0,Slight,None,02-07-2010,Friday,2,Give way or uncontrolled,T or staggered junction,50.748772,Daylight,402540,94360,-1.965382,E01015407,1,2,0,0,Wet or damp,Single carriageway,None,30,09:27:00,Rural,Fine no high winds,No,16 - 20,3,Urban area,6,125,None,None,Other/Not known (2005-10),Mid Junction - on roundabout or on main road,LIFAN,LF 125-30,Petrol,Male,None,No tow/articulation,Did not leave carriageway,0,Going ahead other,1,Motorcycle 125cc and under,No,Front,2010
2010550C31228,Unclassified,0,Unclassified,0,Slight,None,21-07-2010,Wednesday,1,Give way or uncontrolled,T or staggered junction,50.765557,Daylight,406630,96230,-1.907375,E01015304,1,2,0,0,Dry,Single carriageway,None,30,13:20:00,Urban,Fine no high winds,No,16 - 20,3,Urban area,3,49,None,None,Other/Not known (2005-10),Approaching junction or waiting/parked at junction approach,PEUGEOT,SPEEDFIGHT,Petrol,Male,None,No tow/articulation,Did not leave carriageway,0,Overtaking moving vehicle - offside,2,Motorcycle 50cc and under,No,Nearside,2010
201060L161219,A,525,NA,0,Slight,None,29-08-2010,Sunday,1,Data missing or out of range,Not at junction or within 20 metres,53.318879,Daylight,301000,381250,-3.487657,W01000240,3,3,0,0,Dry,Single carriageway,None,30,14:56:00,Urban,Fine no high winds,No,16 - 20,3,Rural,NA,1360,None,None,Other/Not known (2005-10),Not at or within 20 metres of junction,PEUGEOT,207 SE 87,Petrol,Male,None,No tow/articulation,Did not leave carriageway,0,Going ahead other,1,Car,No,Front,2010
201001FH10333,A,306,NA,0,Slight,None,25-06-2010,Friday,1,Data missing or out of range,Not at junction or within 20 metres,51.489229,Daylight,523030,178190,-0.229337,E01001894,4,3,0,0,Dry,Single carriageway,None,30,12:41:00,Urban,Fine no high winds,No,16 - 20,3,Urban area,2,125,None,None,Other/Not known (2005-10),Not at or within 20 metres of junction,TAIWAN GOLDEN BEE,DELIVERY 125,Petrol,Male,None,No tow/articulation,Did not leave carriageway,0,Changing lane to left,2,Motorcycle 125cc and under,No,Back,2010
201001JC30084,A,12,A,11,Slight,None,17-02-2010,Wednesday,1,Auto traffic signal,Roundabout,51.571491,Daylight,539880,187780,0.017017,E01004438,1,2,0,0,Wet or damp,Slip road,None,30,09:15:00,Urban,Fine no high winds,No,16 - 20,3,Urban area,3,2402,None,None,Journey as part of work,Approaching junction or waiting/parked at junction approach,FORD,TRANSIT 115 T350L D/C RWD,Heavy oil,Male,Skidded,No tow/articulation,Did not leave carriageway,0,Turning left,2,Van / Goods 3.5 tonnes mgw or under,No,Front,2010
201001KD50438,A,118,NA,0,Slight,None,10-08-2010,Tuesday,1,Data missing or out of range,Not at junction or within 20 metres,51.58631,Daylight,552390,189790,0.198267,E01002337,2,2,0,0,Dry,Single carriageway,None,30,12:40:00,Urban,Fine no high winds,No,16 - 20,3,Urban area,2,1149,None,None,Other/Not known (2005-10),Not at or within 20 metres of junction,RENAULT,CLIO CAMPUS 8V,Petrol,Male,None,No tow/articulation,Did not leave carriageway,0,Going ahead other,1,Car,No,Front,2010
201001LX50407,C,0,Unclassified,0,Slight,None,20-05-2010,Thursday,1,Give way or uncontrolled,T or staggered junction,51.424618,Daylight,533330,171260,-0.083677,E01003070,2,2,0,0,Dry,Single carriageway,None,30,19:34:00,Urban,Fine no high winds,No,16 - 20,3,Urban area,3,1796,None,None,Other/Not known (2005-10),Mid Junction - on roundabout or on main road,VAUXHALL,VECTRA SRI NAV,Petrol,Male,None,No tow/articulation,Did not leave carriageway,0,Turning right,1,Car,No,Front,2010
201001LX50763,A,3,Unclassified,0,Slight,None,31-08-2010,Tuesday,1,Give way or uncontrolled,T or staggered junction,51.463027,Daylight,529690,175440,-0.134471,E01003035,1,2,0,1,Dry,Single carriageway,None,30,19:55:00,Urban,Fine no high winds,No,16 - 20,3,Urban area,3,124,None,None,Other/Not known (2005-10),Mid Junction - on roundabout or on main road,HYOSUNG,GT 125 COMET,Petrol,Male,None,No tow/articulation,Did not leave carriageway,0,Going ahead other,2,Motorcycle 125cc and under,No,Front,2010
201001LX50865,B,272,Unclassified,0,Slight,None,25-09-2010,Saturday,1,Give way or uncontrolled,T or staggered junction,51.416943,Daylight,529610,170310,-0.137499,E01003139,1,2,0,5,Dry,Single carriageway,None,30,17:57:00,Urban,Fine no high winds,No,16 - 20,3,Urban area,2,125,None,None,Other/Not known (2005-10),Mid Junction - on roundabout or on main road,HONDA,CBR 125 RW-7,Petrol,Male,None,No tow/articulation,Did not leave carriageway,0,Overtaking static vehicle - offside,1,Motorcycle 125cc and under,No,Nearside,2010
201001MM70525,Unclassified,0,Unclassified,0,Slight,None,05-07-2010,Monday,1,Give way or uncontrolled,T or staggered junction,51.481617,Daylight,533990,177620,-0.071782,E01003990,1,2,0,0,Dry,Single carriageway,None,30,17:15:00,Urban,Fine no high winds,No,16 - 20,3,Urban area,2,124,None,None,Other/Not known (2005-10),Mid Junction - on roundabout or on main road,GILERA,SC 125,Petrol,Male,None,No tow/articulation,Did not leave carriageway,0,Overtaking moving vehicle - offside,2,Motorcycle 125cc and under,No,Nearside,2010
201001MM70633,A,2208,C,0,Slight,None,09-08-2010,Monday,1,Give way or uncontrolled,T or staggered junction,51.490163,Daylight,535840,178620,-0.044772,E01003245,2,2,0,0,Dry,One way street,None,30,15:10:00,Urban,Fine no high winds,No,16 - 20,3,Urban area,3,124,None,None,Other/Not known (2005-10),Mid Junction - on roundabout or on main road,HONDA,XR 125 L-6,Petrol,Male,None,No tow/articulation,Did not leave carriageway,0,Turning right,1,Motorcycle 125cc and under,No,Front,2010
201001PY20458,Unclassified,0,Unclassified,0,Slight,None,23-06-2010,Wednesday,1,Give way or uncontrolled,Crossroads,51.388153,Daylight,540330,167390,0.01541,E01000763,1,2,0,0,Dry,Single carriageway,None,30,07:11:00,Urban,Fine no high winds,No,16 - 20,3,Urban area,10,599,None,None,Other/Not known (2005-10),Mid Junction - on roundabout or on main road,YAMAHA,FZ6 S2,Petrol,Male,None,No tow/articulation,Did not leave carriageway,0,Going ahead other,2,Motorcycle over 500cc,No,Nearside,2010
201001PY20686,Unclassified,0,B,230,Slight,None,18-11-2010,Thursday,1,Give way or uncontrolled,T or staggered junction,51.388274,Daylight,537630,167330,-0.023391,E01000775,1,2,0,0,Wet or damp,Single carriageway,None,30,13:03:00,Urban,Fine no high winds,No,16 - 20,3,Urban area,9,1149,None,None,Journey as part of work,Cleared junction or waiting/parked at junction exit,RENAULT,CLIO CAMPUS 8V,Petrol,Male,None,No tow/articulation,Did not leave carriageway,0,Turning left,2,Car,No,Front,2010
201001RG40063,A,20,Unclassified,0,Slight,None,23-01-2010,Saturday,1,Give way or uncontrolled,T or staggered junction,51.454149,Daylight,540540,174740,0.021339,E01001658,3,3,0,0,Dry,Single carriageway,None,30,14:10:00,Urban,Fine no high winds,No,16 - 20,3,Urban area,3,1390,None,None,Other/Not known (2005-10),Approaching junction or waiting/parked at junction approach,VOLKSWAGEN,POLO S 80,Petrol,Male,None,No tow/articulation,Did not leave carriageway,0,Going ahead other,2,Car,No,Front,2010
201001RG40545,A,2,NA,0,Slight,None,18-09-2010,Saturday,1,Data missing or out of range,Not at junction or within 20 metres,51.472253,Daylight,538180,176690,-0.011843,E01003204,1,2,0,0,Dry,Single carriageway,None,30,15:30:00,Urban,Fine no high winds,No,16 - 20,3,Urban area,2,49,None,None,Other/Not known (2005-10),Not at or within 20 metres of junction,APRILIA,SR 50 R,Petrol,Male,None,No tow/articulation,Did not leave carriageway,0,Overtaking moving vehicle - offside,2,Motorcycle 50cc and under,No,Nearside,2010
201001RY10050,A,223,Unclassified,0,Slight,None,08-02-2010,Monday,1,Give way or uncontrolled,Private drive or entrance,51.438594,Daylight,549700,173270,0.152458,E01000447,1,2,0,0,Dry,Single carriageway,None,30,16:50:00,Urban,Fine no high winds,No,16 - 20,3,Rural,4,1242,None,None,Other/Not known (2005-10),Approaching junction or waiting/parked at junction approach,FORD,FIESTA FREEDOM,Petrol,Male,None,No tow/articulation,Did not leave carriageway,0,Going ahead other,1,Car,No,Front,2010
201001RY10161,C,0,Unclassified,0,Slight,None,21-04-2010,Wednesday,1,Give way or uncontrolled,T or staggered junction,51.472619,Daylight,548790,177030,0.140955,E01000436,1,2,0,0,Dry,Single carriageway,None,30,14:40:00,Urban,Fine no high winds,No,16 - 20,3,Urban area,1,49,None,None,Other/Not known (2005-10),Mid Junction - on roundabout or on main road,PEUGEOT,SPEEDFIGHT,Petrol,Male,None,No tow/articulation,Did not leave carriageway,0,Going ahead other,2,Motorcycle 125cc and under,No,Nearside,2010
201001TB00242,C,0,Unclassified,0,Slight,None,25-05-2010,Tuesday,1,Auto traffic signal,Crossroads,51.53603,Daylight,529170,183550,-0.138986,E01000947,1,4,0,5,Dry,Single carriageway,None,30,20:14:00,Urban,Fine no high winds,No,16 - 20,3,Urban area,9,124,None,None,Commuting to/from work,Approaching junction or waiting/parked at junction approach,SUZUKI,GZ 125 K6,Petrol,Male,None,No tow/articulation,Did not leave carriageway,0,Waiting to go - held up,1,Motorcycle over 125cc and up to 500cc,No,Back,2010
201001TW60340,A,307,A,316,Slight,None,23-10-2010,Saturday,1,Give way or uncontrolled,Roundabout,51.464994,Daylight,518240,175380,-0.299237,E01003860,1,1,0,0,Dry,Single carriageway,None,30,11:54:00,Urban,Fine no high winds,No,16 - 20,3,Urban area,7,124,None,None,Other/Not known (2005-10),Mid Junction - on roundabout or on main road,HYOSUNG,GT 125 R,Petrol,Male,Skidded,No tow/articulation,Did not leave carriageway,0,Slowing or stopping,1,Motorcycle 125cc and under,No,Offside,2010
201001XH30468,Unclassified,0,NA,0,Slight,None,15-07-2010,Thursday,1,Data missing or out of range,Not at junction or within 20 metres,51.565828,Daylight,511660,186450,-0.390416,E01002421,1,1,0,0,Dry,Single carriageway,None,30,17:50:00,Urban,Fine no high winds,No,16 - 20,3,Data missing or out of range,NA,49,None,None,Other/Not known (2005-10),Not at or within 20 metres of junction,PIAGGIO,TYPHOON 50,Petrol,Male,None,No tow/articulation,Did not leave carriageway,0,Going ahead other,1,Motorcycle 50cc and under,No,Did not impact,2010
201001YE80426,A,10,A,406,Slight,None,05-06-2010,Saturday,1,Auto traffic signal,Roundabout,51.615859,Daylight,532540,192520,-0.087042,E01001397,1,2,0,5,Dry,Dual carriageway,None,50,20:38:00,Urban,Fine no high winds,No,16 - 20,3,Urban area,1,1240,None,None,Other/Not known (2005-10),Approaching junction or waiting/parked at junction approach,NISSAN,MICRA SPORT,Petrol,Male,None,No tow/articulation,Did not leave carriageway,0,Moving off,1,Car,No,Back,2010
201001YR90331,Unclassified,0,Unclassified,0,Slight,None,22-05-2010,Saturday,1,Give way or uncontrolled,T or staggered junction,51.591977,Daylight,527770,189740,-0.156912,E01001992,1,2,0,0,Dry,Single carriageway,None,30,12:55:00,Urban,Fine no high winds,No,16 - 20,3,Urban area,1,49,None,None,Journey as part of work,Mid Junction - on roundabout or on main road,PEUGEOT,LUDIX ELEGANCE,Petrol,Male,None,No tow/articulation,Did not leave carriageway,0,Moving off,2,Motorcycle 50cc and under,No,Back,2010
201001ZD30093,C,0,C,0,Slight,None,07-02-2010,Sunday,1,Give way or uncontrolled,T or staggered junction,51.35339,Daylight,538440,163470,-0.01326,E01001056,1,2,0,0,Dry,Single carriageway,None,30,15:05:00,Urban,Fine no high winds,No,16 - 20,3,Urban area,1,124,None,None,Other/Not known (2005-10),Approaching junction or waiting/parked at junction approach,YAMAHA,DT125R SM,Petrol,Male,None,No tow/articulation,Did not leave carriageway,0,Going ahead other,2,Motorcycle 125cc and under,No,Front,2010
201001ZD30866,A,22,Unclassified,0,Slight,None,09-10-2010,Saturday,1,Give way or uncontrolled,T or staggered junction,51.322331,Daylight,533020,159870,-0.092393,E01001071,1,1,0,0,Dry,Single carriageway,None,30,13:24:00,Urban,Fine no high winds,No,16 - 20,3,Urban area,7,124,Kerb,None,Other/Not known (2005-10),Mid Junction - on roundabout or on main road,SUZUKI,FL 125 S DW K7 ADDRESS,Petrol,Male,None,No tow/articulation,Did not leave carriageway,0,Going ahead other,1,Motorcycle 125cc and under,No,Front,2010
201001ZT80353,C,0,Unclassified,0,Slight,None,04-11-2010,Thursday,1,Give way or uncontrolled,Crossroads,51.385765,Daylight,526790,166770,-0.179295,E01004123,1,2,0,4,Wet or damp,Single carriageway,None,30,08:50:00,Urban,Fine no high winds,No,16 - 20,3,Urban area,4,125,None,None,Other/Not known (2005-10),Cleared junction or waiting/parked at junction exit,APRILIA,RS 125 FP 06,Petrol,Male,Skidded,No tow/articulation,Did not leave carriageway,0,Slowing or stopping,2,Motorcycle 125cc and under,No,Front,2010
201004AL10048,Unclassified,0,NA,0,Slight,None,15-03-2010,Monday,1,Data missing or out of range,Not at junction or within 20 metres,53.750993,Daylight,331790,428790,-3.035914,E01024986,1,2,0,0,Dry,Single carriageway,None,30,08:29:00,Urban,Fine no high winds,No,16 - 20,3,Urban area,10,998,None,None,Pupil riding to/from school,Not at or within 20 metres of junction,CITROEN,C1 VIBE,Petrol,Male,Skidded,No tow/articulation,Did not leave carriageway,0,Going ahead other,1,Car,No,Front,2010
201004BA10047,A,588,NA,0,Slight,None,13-04-2010,Tuesday,1,Data missing or out of range,Not at junction or within 20 metres,53.9556,Daylight,344390,451390,-2.848956,E01025107,2,3,0,0,Dry,Single carriageway,None,50,17:33:00,Rural,Fine no high winds,No,16 - 20,3,Small town,7,1242,None,Tree,Other/Not known (2005-10),Not at or within 20 metres of junction,FORD,FIESTA SILVER,Petrol,Male,Skidded and overturned,No tow/articulation,Nearside,0,Going ahead right-hand bend,1,Car,No,Front,2010
201004CA10147,A,6,Unclassified,0,Slight,None,16-04-2010,Friday,1,Give way or uncontrolled,Roundabout,53.649298,Daylight,358710,417160,-2.626144,E01024940,1,2,0,0,Dry,Roundabout,None,30,16:30:00,Urban,Fine no high winds,No,16 - 20,3,Data missing or out of range,NA,49,None,None,Commuting to/from work,Entering roundabout,PEUGEOT,LUDIX BLASTER RS 12,Petrol,Male,None,No tow/articulation,Did not leave carriageway,0,Going ahead right-hand bend,2,Motorcycle 50cc and under,No,Offside,2010
201004CK10191,A,570,Unclassified,0,Slight,None,30-10-2010,Saturday,1,Give way or uncontrolled,T or staggered junction,53.618285,Daylight,337780,413940,-2.942104,E01025514,1,3,0,0,Wet or damp,Single carriageway,None,40,16:20:00,Rural,Fine no high winds,No,16 - 20,3,Urban area,6,124,None,None,Other/Not known (2005-10),Approaching junction or waiting/parked at junction approach,LIFAN,LF 125-30,Petrol,Male,None,No tow/articulation,Did not leave carriageway,0,Going ahead right-hand bend,3,Motorcycle 125cc and under,No,Did not impact,2010
201004DF10009,A,6,Unclassified,0,Slight,None,12-02-2010,Friday,1,Auto traffic signal,Crossroads,53.768946,Daylight,353630,430520,-2.704996,E01025292,1,2,0,0,Dry,Single carriageway,None,30,14:50:00,Urban,Fine no high winds,No,16 - 20,3,Data missing or out of range,NA,49,None,None,Other/Not known (2005-10),Mid Junction - on roundabout or on main road,PIAGGIO,NRG,Petrol,Male,None,No tow/articulation,Did not leave carriageway,0,Going ahead other,2,Motorcycle 50cc and under,No,Front,2010
201004EA10050,A,6062,NA,0,Slight,None,05-03-2010,Friday,1,Data missing or out of range,Not at junction or within 20 metres,53.728358,Daylight,367080,425890,-2.500452,E01012621,1,1,0,0,Dry,Single carriageway,None,30,18:05:00,Urban,Fine no high winds,No,16 - 20,3,Urban area,1,124,None,None,Other/Not known (2005-10),Not at or within 20 metres of junction,SUZUKI,EN 125,Petrol,Male,None,No tow/articulation,Did not leave carriageway,0,Slowing or stopping,1,Motorcycle 125cc and under,No,Did not impact,2010
201005CC02296,A,5080,Unclassified,0,Slight,None,21-03-2010,Sunday,1,Give way or uncontrolled,T or staggered junction,53.405831,Daylight,340970,390260,-2.889417,E01006773,1,2,0,0,Dry,Single carriageway,None,30,17:52:00,Urban,Fine no high winds,No,16 - 20,3,Data missing or out of range,NA,1686,None,None,Other/Not known (2005-10),Cleared junction or waiting/parked at junction exit,VAUXHALL,ASTRA CLUB CDTI 100,Heavy oil,Male,None,No tow/articulation,Did not leave carriageway,0,Going ahead other,1,Car,No,Front,2010
201005EE06050,A,506,Unclassified,0,Slight,None,22-10-2010,Friday,1,Auto traffic signal,Crossroads,53.468153,Daylight,337410,397240,-2.94435,E01006652,1,3,0,5,Dry,Dual carriageway,None,30,13:11:00,Urban,Fine no high winds,No,16 - 20,3,Data missing or out of range,NA,1368,None,None,Other/Not known (2005-10),Approaching junction or waiting/parked at junction approach,FIAT,PUNTO ACTIVE SPORT 8V,Petrol,Male,None,No tow/articulation,Did not leave carriageway,0,Moving off,1,Car,No,Back,2010
201006A029592,A,5103,Unclassified,0,Slight,None,26-03-2010,Friday,1,Auto traffic signal,T or staggered junction,53.479199,Daylight,384340,398080,-2.237439,E01005134,1,1,0,5,Dry,Single carriageway,Roadworks,30,14:00:00,Urban,Fine no high winds,No,16 - 20,3,Urban area,8,1240,Road works,None,Other/Not known (2005-10),Cleared junction or waiting/parked at junction exit,NISSAN,MICRA INITIA,Petrol,Male,None,No tow/articulation,Did not leave carriageway,0,Turning right,1,Car,No,Nearside,2010
201006A029823,A,56,Unclassified,0,Slight,None,27-03-2010,Saturday,1,Give way or uncontrolled,T or staggered junction,53.477465,Daylight,383500,397890,-2.250086,E01005127,1,2,0,0,Dry,Single carriageway,None,30,10:50:00,Urban,Fine no high winds,No,16 - 20,3,Urban area,1,1339,None,None,Other/Not known (2005-10),Mid Junction - on roundabout or on main road,HONDA,CIVIC SE I-DSI,Petrol,Male,None,No tow/articulation,Did not leave carriageway,0,Turning left,1,Car,No,Nearside,2010
201006B034053,B,5093,Unclassified,0,Slight,None,09-07-2010,Friday,1,Give way or uncontrolled,T or staggered junction,53.441941,Daylight,385890,393930,-2.213896,E01005283,1,2,0,0,Dry,Dual carriageway,None,40,08:40:00,Urban,Fine no high winds,No,16 - 20,3,Urban area,5,125,None,None,Commuting to/from work,Approaching junction or waiting/parked at junction approach,HONDA,CBR 125 RW-6,Petrol,Male,Skidded,No tow/articulation,Did not leave carriageway,0,Overtaking - nearside,1,Motorcycle 125cc and under,No,Did not impact,2010
201006B037409,A,34,NA,0,Slight,None,11-10-2010,Monday,1,Data missing or out of range,Not at junction or within 20 metres,53.452553,Daylight,386120,395110,-2.210486,E01005281,1,1,0,4,Dry,Single carriageway,None,30,15:30:00,Urban,Fine no high winds,No,16 - 20,3,Urban area,2,2148,None,None,Journey as part of work,Not at or within 20 metres of junction,MERCEDES,SPRINTER 311 CDI LWB,Heavy oil,Male,None,No tow/articulation,Did not leave carriageway,0,Going ahead other,1,Van / Goods 3.5 tonnes mgw or under,No,Back,2010
201006C031956,C,0,Unclassified,0,Slight,None,24-05-2010,Monday,1,Give way or uncontrolled,T or staggered junction,53.403743,Daylight,383000,389690,-2.257174,E01005263,2,2,0,0,Dry,Single carriageway,None,30,16:55:00,Urban,Fine no high winds,No,16 - 20,3,Urban area,3,125,None,None,Other/Not known (2005-10),Approaching junction or waiting/parked at junction approach,JINLUN,JL 125-11,Petrol,Male,None,No tow/articulation,Did not leave carriageway,0,Going ahead other,2,Motorcycle 125cc and under,No,Offside,2010
201006J028991,Unclassified,0,Unclassified,0,Slight,None,12-03-2010,Friday,1,Give way or uncontrolled,Private drive or entrance,53.372543,Daylight,389500,386200,-2.159289,E01005808,1,3,0,0,Dry,Single carriageway,None,30,10:30:00,Urban,Fine no high winds,No,16 - 20,3,Urban area,9,49,Parked vehicle,None,Other/Not known (2005-10),Approaching junction or waiting/parked at junction approach,PEUGEOT,SPEEDFIGHT,Petrol,Male,Skidded,No tow/articulation,Did not leave carriageway,0,Going ahead other,2,Motorcycle 50cc and under,No,Offside,2010
201006K029437,A,676,NA,0,Slight,None,23-03-2010,Tuesday,1,Data missing or out of range,Not at junction or within 20 metres,53.61297,Daylight,373740,413010,-2.398416,E01004788,1,3,0,0,Dry,Single carriageway,None,30,08:20:00,Rural,Fine no high winds,No,16 - 20,3,Urban area,4,49,None,None,Other/Not known (2005-10),Not at or within 20 metres of junction,APRILIA,SR 50 R,Petrol,Male,None,No tow/articulation,Did not leave carriageway,0,Going ahead other,3,Motorcycle 50cc and under,No,Front,2010
201006K031841,A,6053,A,6053,Slight,None,19-05-2010,Wednesday,1,Give way or uncontrolled,T or staggered junction,53.563076,Daylight,375380,407450,-2.373186,E01004911,1,2,0,1,Dry,Single carriageway,None,30,12:55:00,Urban,Fine no high winds,No,16 - 20,3,Urban area,2,49,None,None,Other/Not known (2005-10),Approaching junction or waiting/parked at junction approach,PIAGGIO,NRG,Petrol,Male,None,No tow/articulation,Did not leave carriageway,0,Going ahead other,1,Motorcycle 50cc and under,No,Nearside,2010
201006K037899,A,676,Unclassified,0,Slight,None,28-10-2010,Thursday,1,Give way or uncontrolled,Crossroads,53.598099,Daylight,372940,411360,-2.410364,E01004786,1,2,0,0,Dry,Single carriageway,None,30,08:25:00,Urban,Fine no high winds,No,16 - 20,3,Urban area,8,124,None,None,Other/Not known (2005-10),Mid Junction - on roundabout or on main road,YAMAHA,YBR 125,Petrol,Male,None,No tow/articulation,Did not leave carriageway,0,Going ahead other,2,Motorcycle 125cc and under,No,Front,2010
201006L033090,B,5207,NA,0,Slight,None,24-06-2010,Thursday,1,Data missing or out of range,Not at junction or within 20 metres,53.50151,Daylight,357260,400730,-2.645825,E01006268,1,2,0,0,Dry,Single carriageway,None,30,18:37:00,Urban,Fine no high winds,No,16 - 20,3,Urban area,6,1999,None,None,Other/Not known (2005-10),Not at or within 20 metres of junction,FORD,FIESTA ST,Petrol,Male,None,No tow/articulation,Did not leave carriageway,0,Going ahead other,1,Car,No,Front,2010
201006N031078,A,6053,C,0,Slight,None,01-05-2010,Saturday,1,Give way or uncontrolled,T or staggered junction,53.563231,Daylight,378930,407450,-2.319589,E01004994,1,2,0,0,Dry,Single carriageway,None,30,14:55:00,Urban,Fine no high winds,No,16 - 20,3,Urban area,9,1368,None,None,Other/Not known (2005-10),Mid Junction - on roundabout or on main road,FIAT,PUNTO DYNAMIC,Petrol,Male,None,No tow/articulation,Did not leave carriageway,0,Turning right,1,Car,No,Front,2010
201006N032937,A,56,C,0,Slight,None,23-06-2010,Wednesday,1,Give way or uncontrolled,T or staggered junction,53.525492,Daylight,381650,403240,-2.278275,E01005033,1,2,0,0,Dry,Single carriageway,None,30,16:45:00,Urban,Fine no high winds,No,16 - 20,3,Urban area,1,686,None,None,Other/Not known (2005-10),Approaching junction or waiting/parked at junction approach,YAMAHA,,Petrol,Male,Skidded,No tow/articulation,Did not leave carriageway,0,Overtaking - nearside,2,Other vehicle,No,Nearside,2010
201006Q031022,Unclassified,0,NA,0,Slight,None,06-05-2010,Thursday,1,Data missing or out of range,Not at junction or within 20 metres,53.522338,Daylight,391970,402860,-2.122594,E01005439,2,8,0,0,Dry,Single carriageway,None,30,06:00:00,Urban,Fine no high winds,No,16 - 20,3,Urban area,2,2204,Parked vehicle,Tree,Other/Not known (2005-10),Not at or within 20 metres of junction,HONDA,FR-V ES I-CDTI,Heavy oil,Male,None,No tow/articulation,Nearside,0,Going ahead right-hand bend,1,Car,No,Offside,2010
201006X030931,Motorway,62,NA,0,Slight,None,23-04-2010,Friday,1,Data missing or out of range,Not at junction or within 20 metres,53.474541,Daylight,373560,397610,-2.39983,E01005732,1,3,0,0,Dry,Dual carriageway,None,70,18:25:00,Rural,Fine no high winds,No,16 - 20,3,Rural,5,1587,None,None,Commuting to/from work,Not at or within 20 metres of junction,CITROEN,C2 CODE,Petrol,Male,None,No tow/articulation,Did not leave carriageway,0,Going ahead other,2,Car,No,Back,2010