Accident_Index,1st_Road_Class,1st_Road_Number,2nd_Road_Class,2nd_Road_Number,Accident_Severity,Carriageway_Hazards,Date,Day_of_Week,Did_Police_Officer_Attend_Scene_of_Accident,Junction_Control,Junction_Detail,Latitude,Light_Conditions,Location_Easting_OSGR,Location_Northing_OSGR,Longitude,LSOA_of_Accident_Location,Number_of_Casualties,Number_of_Vehicles,Pedestrian_Crossing-Human_Control,Pedestrian_Crossing-Physical_Facilities,Road_Surface_Conditions,Road_Type,Special_Conditions_at_Site,Speed_limit,Time,Urban_or_Rural_Area,Weather_Conditions,InScotland,Age_Band_of_Driver,Age_of_Vehicle,Driver_Home_Area_Type,Driver_IMD_Decile,Engine_Capacity_.CC.,Hit_Object_in_Carriageway,Hit_Object_off_Carriageway,Journey_Purpose_of_Driver,Junction_Location,make,model,Propulsion_Code,Sex_of_Driver,Skidding_and_Overturning,Towing_and_Articulation,Vehicle_Leaving_Carriageway,Vehicle_Location.Restricted_Lane,Vehicle_Manoeuvre,Vehicle_Reference,Vehicle_Type,Was_Vehicle_Left_Hand_Drive,X1st_Point_of_Impact,Year
201043N215050,A,4020,Unclassified,880,Slight,None,23-05-2010,Sunday,1,Give way or uncontrolled,T or staggered junction,51.551367,Daylight,505050,184700,-0.486269,E01017812,2,2,0,0,Dry,Single carriageway,None,30,20:35:00,Urban,Fine no high winds,No,16 - 20,3,Data missing or out of range,NA,1753,None,None,Other/Not known (2005-10),Approaching junction or waiting/parked at junction approach,FORD,FOCUS STYLE DIESEL,Heavy oil,Female,None,No tow/articulation,Did not leave carriageway,0,Overtaking moving vehicle - offside,2,Car,No,Front,2010
201043P359100,A,40,NA,0,Slight,None,25-10-2010,Monday,1,Data missing or out of range,Not at junction or within 20 metres,51.764483,Daylight,455390,207620,-1.198783,E01028513,1,2,0,0,Dry,Dual carriageway,None,30,15:15:00,Urban,Fine no high winds,No,16 - 20,3,Urban area,10,1598,None,None,Other/Not known (2005-10),Not at or within 20 metres of junction,MINI,COOPER AUTO,Petrol,Female,None,No tow/articulation,Nearside,0,Going ahead left-hand bend,2,Car,No,Offside,2010
201043R115040,Unclassified,7417,Unclassified,7417,Slight,None,22-04-2010,Thursday,1,Give way or uncontrolled,T or staggered junction,51.508054,Daylight,486980,179540,-0.748092,E01016559,1,2,0,0,Dry,Single carriageway,None,30,07:53:00,Urban,Fine no high winds,No,16 - 20,3,Urban area,10,1229,None,None,Pupil riding to/from school,Entering main road,VAUXHALL,CORSA SXI A/C,Petrol,Female,None,No tow/articulation,Did not leave carriageway,0,Moving off,1,Car,No,Front,2010
201043R164060,A,404,NA,0,Slight,None,24-06-2010,Thursday,2,Data missing or out of range,Not at junction or within 20 metres,51.53553,Daylight,484220,182550,-0.787133,E01016531,1,3,0,0,Dry,Dual carriageway,None,60,18:00:00,Rural,Fine no high winds,No,16 - 20,3,Urban area,10,124,None,None,Other/Not known (2005-10),Not at or within 20 metres of junction,YAMAHA,YBR 125,Petrol,Female,None,No tow/articulation,Did not leave carriageway,0,Going ahead other,2,Motorcycle 125cc and under,No,Front,2010
201045GU54963,A,3,Unclassified,0,Slight,None,19-10-2010,Tuesday,1,Give way or uncontrolled,Slip road,51.248987,Daylight,500050,150960,-0.567864,E01030439,1,2,0,0,Wet or damp,Dual carriageway,None,70,14:15:00,Rural,Fine no high winds,No,16 - 20,3,Urban area,10,998,None,Near/Offside crash barrier,Other/Not known (2005-10),Entering from slip road,PEUGEOT,107 URBAN,Petrol,Female,Skidded,No tow/articulation,Offside,0,Changing lane to right,1,Car,No,Front,2010
201045RE53668,B,2034,Unclassified,1249,Slight,None,05-09-2010,Sunday,1,Give way or uncontrolled,T or staggered junction,51.235452,Daylight,526580,150040,-0.188244,E01030596,1,2,0,0,Dry,Single carriageway,None,30,08:55:00,Urban,Fine no high winds,No,16 - 20,3,Urban area,9,1229,None,None,Other/Not known (2005-10),Entering main road,VAUXHALL,CORSA CLUB,Petrol,Female,None,No tow/articulation,Did not leave carriageway,0,Going ahead other,1,Car,No,Front,2010
201045RE54040,A,23,Unclassified,0,Slight,None,08-09-2010,Wednesday,2,Give way or uncontrolled,Roundabout,51.242865,Daylight,528000,150900,-0.167608,E01030612,2,2,0,5,Wet or damp,Single carriageway,None,40,15:40:00,Urban,Fine no high winds,No,16 - 20,3,Urban area,9,1299,None,None,Pupil riding to/from school,Approaching junction or waiting/parked at junction approach,FORD,KA STYLE CLIMATE,Petrol,Female,None,No tow/articulation,Did not leave carriageway,0,Waiting to go - held up,2,Car,No,Did not impact,2010
201045RU49519,A,318,Unclassified,0,Slight,None,26-02-2010,Friday,1,Auto traffic signal,Other junction,51.349795,Daylight,505790,162290,-0.482295,E01030681,1,2,0,0,Dry,Single carriageway,None,30,08:00:00,Urban,Fine no high winds,No,16 - 20,3,Urban area,8,1397,None,None,Other/Not known (2005-10),Approaching junction or waiting/parked at junction approach,MINI,ONE,Petrol,Female,None,No tow/articulation,Did not leave carriageway,0,Slowing or stopping,2,Car,No,Back,2010
201045SP51795,A,308,NA,0,Slight,None,23-06-2010,Wednesday,1,Data missing or out of range,Not at junction or within 20 metres,51.42503,Daylight,506750,170680,-0.465995,E01030705,1,1,0,0,Dry,Dual carriageway,None,50,17:13:00,Rural,Fine no high winds,No,16 - 20,3,Urban area,8,1124,Kerb,Other permanent object,Other/Not known (2005-10),Not at or within 20 metres of junction,MITSUBISHI,COLT BLACK HAWK,Petrol,Female,Skidded and overturned,No tow/articulation,Nearside,0,Going ahead other,1,Car,No,Front,2010
201045SU54529,A,325,Unclassified,3462,Slight,None,17-09-2010,Friday,1,Give way or uncontrolled,T or staggered junction,51.321969,Daylight,488140,158860,-0.736518,E01030791,1,2,0,0,Dry,Single carriageway,None,40,15:14:00,Urban,Fine no high winds,No,16 - 20,3,Urban area,10,1198,None,None,Other/Not known (2005-10),Approaching junction or waiting/parked at junction approach,VOLKSWAGEN,POLO S 55,Petrol,Female,None,No tow/articulation,Did not leave carriageway,0,Slowing or stopping,1,Car,No,Back,2010
201045WA50499,A,3,NA,0,Slight,None,15-05-2010,Saturday,1,Data missing or out of range,Not at junction or within 20 metres,51.121089,Daylight,489600,136540,-0.721144,E01030879,1,2,0,0,Dry,Single carriageway,None,50,13:50:00,Rural,Fine no high winds,No,16 - 20,3,Data missing or out of range,NA,1229,None,None,Commuting to/from work,Not at or within 20 metres of junction,VAUXHALL,CORSA CLUB A/C,Petrol,Female,None,No tow/articulation,Did not leave carriageway,0,Going ahead other,1,Car,No,Front,2010
201045WA50556,Unclassified,5419,Unclassified,5419,Slight,None,12-05-2010,Wednesday,1,Give way or uncontrolled,Roundabout,51.185405,Daylight,497610,143840,-0.60475,E01030916,1,2,0,0,Dry,Roundabout,None,30,10:53:00,Urban,Fine no high winds,No,16 - 20,3,Urban area,9,49,None,None,Pupil riding to/from school,Mid Junction - on roundabout or on main road,YAMAHA,CS 50 JOG RR,Petrol,Female,None,No tow/articulation,Did not leave carriageway,0,Going ahead right-hand bend,2,Motorcycle 50cc and under,No,Front,2010
201050AH2S005,Unclassified,0,NA,0,Slight,None,22-05-2010,Saturday,2,Not at junction or within 20 metres,Not at junction or within 20 metres,50.195539,Daylight,175820,37570,-5.142459,E01018901,1,1,0,0,Dry,Single carriageway,None,30,13:00:00,Rural,Fine no high winds,No,16 - 20,3,Rural,6,1360,None,None,Other/Not known (2005-10),Not at or within 20 metres of junction,PEUGEOT,207 SE 87,Petrol,Female,None,No tow/articulation,Did not leave carriageway,0,Moving off,1,Car,No,Front,2010
201050BE2D003,C,2,NA,0,Slight,None,25-05-2010,Tuesday,1,Not at junction or within 20 metres,Not at junction or within 20 metres,50.386514,Daylight,217550,57230,-4.567947,E01018760,1,1,0,0,Dry,Single carriageway,Auto signal part defective,50,11:20:00,Rural,Fine no high winds,No,16 - 20,3,Rural,5,1397,None,Other permanent object,Other/Not known (2005-10),Not at or within 20 metres of junction,MINI,ONE,Petrol,Female,Skidded and overturned,No tow/articulation,Nearside,0,Going ahead other,1,Car,No,Nearside,2010
201050BU2B003,A,39,NA,0,Slight,None,12-03-2010,Friday,1,Not at junction or within 20 metres,Not at junction or within 20 metres,50.863538,Daylight,224450,110090,-4.496013,E01018943,1,2,0,0,Dry,Single carriageway,None,60,23:10:00,Rural,Fine no high winds,No,16 - 20,3,Data missing or out of range,NA,1397,None,Other permanent object,Other/Not known (2005-10),Not at or within 20 metres of junction,MINI,ONE,Petrol,Female,Skidded and overturned,No tow/articulation,Nearside and rebounded,0,Going ahead other,1,Car,No,Front,2010
201050JN2M013,Unclassified,0,Unclassified,0,Slight,None,08-09-2010,Wednesday,1,Give way or uncontrolled,T or staggered junction,50.532364,Daylight,286140,71530,-3.607951,E01020218,1,2,0,0,Dry,Single carriageway,None,30,09:15:00,Urban,Fine no high winds,No,16 - 20,3,Urban area,7,124,None,None,Pupil riding to/from school,Mid Junction - on roundabout or on main road,HONDA,CG 125-7,Petrol,Female,None,No tow/articulation,Did not leave carriageway,0,Going ahead other,2,Motorcycle 125cc and under,No,Offside,2010
201050JO2N005,A,30,NA,0,Slight,None,25-06-2010,Friday,1,Not at junction or within 20 metres,Not at junction or within 20 metres,50.723715,Daylight,269330,93210,-3.852663,E01020319,3,2,0,0,Dry,Dual carriageway,None,70,17:10:00,Rural,Fine no high winds,No,16 - 20,3,Urban area,6,1198,None,None,Other/Not known (2005-10),Not at or within 20 metres of junction,VOLKSWAGEN,POLO S 55,Petrol,Female,None,No tow/articulation,Did not leave carriageway,0,Going ahead other,1,Car,No,Offside,2010
201050KN3G001,B,3174,Unclassified,0,Slight,None,20-08-2010,Friday,1,Give way or uncontrolled,T or staggered junction,50.700017,Daylight,322750,89510,-3.095254,E01019890,2,2,0,0,Wet or damp,Single carriageway,None,30,14:28:00,Rural,Fine no high winds,No,16 - 20,3,Small town,7,124,None,None,Other/Not known (2005-10),Cleared junction or waiting/parked at junction exit,GILERA,SC 125,Petrol,Female,None,No tow/articulation,Did not leave carriageway,0,Going ahead other,2,Motorcycle 125cc and under,No,Front,2010
201050KS2G021,A,3052,NA,0,Slight,None,06-09-2010,Monday,2,Not at junction or within 20 metres,Not at junction or within 20 metres,50.703289,Daylight,313440,90020,-3.227174,E01019952,1,1,0,4,Dry,Single carriageway,None,30,12:00:00,Urban,Fine no high winds,No,16 - 20,3,Urban area,6,1587,None,None,Other/Not known (2005-10),Not at or within 20 metres of junction,CITROEN,C3 EXCLUSIVE,Petrol,Female,None,No tow/articulation,Did not leave carriageway,0,Going ahead other,1,Car,No,Nearside,2010
2010550D41970,Unclassified,0,NA,0,Slight,None,24-09-2010,Friday,1,Not at junction or within 20 metres,Not at junction or within 20 metres,50.806572,Daylight,405850,100790,-1.918364,E01020408,1,3,0,0,Dry,Single carriageway,None,30,15:25:00,Urban,Fine no high winds,No,16 - 20,3,Urban area,10,998,None,None,Other/Not known (2005-10),Not at or within 20 metres of junction,CITROEN,C1 RHYTHM,Petrol,Female,None,No tow/articulation,Did not leave carriageway,0,Waiting to go - held up,2,Car,No,Back,2010
201060L114936,A,470,NA,0,Slight,None,26-06-2010,Saturday,1,Data missing or out of range,Not at junction or within 20 metres,53.125313,Daylight,280780,360170,-3.783165,W01000134,1,2,0,0,Dry,Single carriageway,None,60,20:15:00,Rural,Fine no high winds,No,16 - 20,3,Urban area,2,1328,None,None,Other/Not known (2005-10),Not at or within 20 metres of junction,SUZUKI,SWIFT GL,Petrol,Female,None,No tow/articulation,Did not leave carriageway,0,U-turn,1,Car,No,Front,2010
201060L120196,Unclassified,0,NA,0,Slight,None,03-07-2010,Saturday,2,Data missing or out of range,Not at junction or within 20 metres,53.268157,Daylight,271870,376300,-3.922719,W01000171,1,2,0,0,Dry,Single carriageway,None,30,08:45:00,Rural,Fine no high winds,No,16 - 20,3,Rural,NA,1798,None,None,Commuting to/from work,Not at or within 20 metres of junction,TOYOTA,YARIS SR,Petrol,Female,None,No tow/articulation,Did not leave carriageway,2,Parked,2,Car,No,Front,2010
201001HT20648,A,13,A,1268,Slight,None,11-09-2010,Saturday,1,Auto traffic signal,T or staggered junction,51.512437,Daylight,538850,181180,-0.000437,E01004220,1,3,0,5,Dry,Single carriageway,None,30,17:29:00,Urban,Fine no high winds,No,16 - 20,3,Data missing or out of range,NA,1149,None,None,Other/Not known (2005-10),Approaching junction or waiting/parked at junction approach,RENAULT,CLIO EXTREME,Petrol,Female,None,No tow/articulation,Did not leave carriageway,0,Going ahead left-hand bend,1,Car,No,Back,2010
201001LX50632,Unclassified,0,Unclassified,0,Slight,None,22-07-2010,Thursday,1,Give way or uncontrolled,Private drive or entrance,51.45159,Daylight,529400,174160,-0.139112,E01003031,1,2,0,0,Dry,Single carriageway,None,30,08:30:00,Urban,Fine no high winds,No,16 - 20,3,Urban area,4,1242,None,None,Other/Not known (2005-10),Entering main road,FIAT,PUNTO ACTIVE 8V,Petrol,Female,None,No tow/articulation,Did not leave carriageway,0,Turning left,1,Car,No,Nearside,2010
201001PL60026,A,212,Unclassified,0,Slight,None,18-01-2010,Monday,1,Give way or uncontrolled,T or staggered junction,51.425661,Daylight,535750,171440,-0.048822,E01003327,1,2,0,0,Dry,Single carriageway,None,30,13:30:00,Urban,Fine no high winds,No,16 - 20,3,Urban area,8,1124,None,None,Other/Not known (2005-10),Approaching junction or waiting/parked at junction approach,CITROEN,C2 COOL,Petrol,Female,None,No tow/articulation,Did not leave carriageway,0,Moving off,1,Car,No,Offside,2010
201001PL60079,A,2210,A,20,Slight,None,22-01-2010,Friday,1,Auto traffic signal,T or staggered junction,51.464476,Daylight,538010,175820,-0.014628,E01003296,1,2,0,5,Dry,Single carriageway,None,30,18:41:00,Urban,Fine no high winds,No,16 - 20,3,Urban area,2,1364,None,None,Other/Not known (2005-10),Cleared junction or waiting/parked at junction exit,VAUXHALL,CORSA SXI A/C,Petrol,Female,None,No tow/articulation,Did not leave carriageway,0,Turning left,1,Car,No,Nearside,2010
201001PL60748,Unclassified,0,Unclassified,0,Slight,None,09-11-2010,Tuesday,1,Give way or uncontrolled,T or staggered junction,51.453547,Daylight,537130,174580,-0.027769,E01003275,1,1,0,0,Wet or damp,Single carriageway,None,30,16:32:00,Urban,Fine no high winds,No,16 - 20,3,Urban area,2,1598,None,None,Other/Not known (2005-10),Mid Junction - on roundabout or on main road,VAUXHALL,ASTRA SXI,Petrol,Female,None,No tow/articulation,Did not leave carriageway,0,Turning right,1,Car,No,Front,2010
201001QA10426,C,0,Unclassified,0,Slight,None,15-10-2010,Friday,1,Give way or uncontrolled,T or staggered junction,51.607053,Daylight,514050,191090,-0.354443,E01002151,1,2,0,0,Dry,Single carriageway,None,30,15:42:00,Urban,Fine no high winds,No,16 - 20,3,Urban area,10,1587,None,None,Other/Not known (2005-10),Mid Junction - on roundabout or on main road,CITROEN,C4 SX AUTO,Petrol,Female,None,No tow/articulation,Did not leave carriageway,0,Turning right,2,Car,No,Nearside,2010
201001SX21036,A,5109,Unclassified,0,Slight,None,09-10-2010,Saturday,1,Give way or uncontrolled,T or staggered junction,51.624417,Daylight,521280,193190,-0.249361,E01000264,2,2,0,4,Dry,Single carriageway,None,30,12:15:00,Urban,Fine no high winds,No,16 - 20,3,Urban area,10,1388,None,None,Other/Not known (2005-10),Mid Junction - on roundabout or on main road,FORD,FIESTA ZETEC BLUE 80,Petrol,Female,None,No tow/articulation,Did not leave carriageway,0,Turning right,2,Car,No,Front,2010
201001VK30034,Unclassified,0,Unclassified,0,Slight,None,28-01-2010,Thursday,1,Give way or uncontrolled,T or staggered junction,51.396632,Daylight,521060,167840,-0.261235,E01002984,1,2,0,0,Dry,Single carriageway,None,30,11:38:00,Urban,Fine no high winds,No,16 - 20,3,Urban area,7,1240,None,None,Other/Not known (2005-10),Mid Junction - on roundabout or on main road,NISSAN,MICRA VISIA,Petrol,Female,None,No tow/articulation,Did not leave carriageway,0,Going ahead other,1,Car,No,Front,2010
201001XD80881,C,0,Unclassified,0,Slight,None,20-11-2010,Saturday,1,Give way or uncontrolled,T or staggered junction,51.526911,Daylight,520830,182330,-0.259592,E01001246,1,2,0,0,Dry,Single carriageway,None,30,15:00:00,Urban,Fine no high winds,No,16 - 20,3,Urban area,10,1400,None,None,Journey as part of work,Mid Junction - on roundabout or on main road,MAZDA,2 ANTARES,Petrol,Female,None,No tow/articulation,Did not leave carriageway,0,Turning right,1,Car,No,Front,2010
201001XH30065,Motorway,25,NA,0,Slight,None,22-01-2010,Friday,1,Data missing or out of range,Not at junction or within 20 metres,51.472656,Daylight,503920,175920,-0.505146,E01002444,1,2,0,0,Dry,Dual carriageway,None,70,14:35:00,Rural,Fine no high winds,No,16 - 20,3,Data missing or out of range,NA,2499,None,None,Other/Not known (2005-10),Not at or within 20 metres of junction,LEXUS,IS 250 SE AUTO,Petrol,Female,None,No tow/articulation,Did not leave carriageway,0,Slowing or stopping,1,Car,No,Back,2010
201001XH30631,B,466,B,466,Slight,None,22-09-2010,Wednesday,1,Give way or uncontrolled,Mini-roundabout,51.578055,Daylight,509810,187770,-0.416684,E01002435,2,2,0,0,Dry,Roundabout,None,30,06:05:00,Urban,Fine no high winds,No,16 - 20,3,Small town,7,1242,None,None,Commuting to/from work,Mid Junction - on roundabout or on main road,FORD,FIESTA STYLE CLIMATE,Petrol,Female,None,No tow/articulation,Did not leave carriageway,0,Going ahead other,1,Car,No,Nearside,2010
201001YE80081,B,154,NA,0,Slight,None,27-01-2010,Wednesday,1,Data missing or out of range,Not at junction or within 20 metres,51.627092,Daylight,533680,193800,-0.070098,E01001423,2,2,0,0,Dry,Single carriageway,None,30,09:50:00,Urban,Fine no high winds,No,16 - 20,3,Urban area,1,1490,None,None,Other/Not known (2005-10),Not at or within 20 metres of junction,SUZUKI,SWIFT VVTS GLX,Petrol,Female,None,No tow/articulation,Did not leave carriageway,0,Going ahead other,1,Car,No,Did not impact,2010
201001YE80807,C,0,C,0,Slight,None,15-11-2010,Monday,1,Auto traffic signal,Crossroads,51.656662,Daylight,532900,197070,-0.080119,E01001544,1,2,0,5,Dry,Single carriageway,Auto traffic signal - out,30,12:09:00,Urban,Fine no high winds,No,16 - 20,3,Urban area,9,1198,None,None,Other/Not known (2005-10),Mid Junction - on roundabout or on main road,VOLKSWAGEN,POLO E 64,Petrol,Female,None,No tow/articulation,Did not leave carriageway,0,Going ahead other,1,Car,No,Front,2010
201001ZD30211,A,23,C,0,Slight,None,27-03-2010,Saturday,1,Give way or uncontrolled,T or staggered junction,51.407242,Daylight,530760,169260,-0.121357,E01001087,1,3,0,4,Dry,Single carriageway,None,30,16:11:00,Urban,Fine no high winds,No,16 - 20,3,Urban area,2,1368,None,None,Other/Not known (2005-10),Cleared junction or waiting/parked at junction exit,FIAT,PUNTO DYNAMIC SPORT 8V,Petrol,Female,None,No tow/articulation,Did not leave carriageway,0,Going ahead other,1,Car,No,Front,2010
201001ZD30410,Unclassified,0,Unclassified,0,Slight,None,14-05-2010,Friday,2,Give way or uncontrolled,T or staggered junction,51.419341,Daylight,532070,170640,-0.10202,E01001163,1,2,0,0,Dry,Single carriageway,None,30,08:53:00,Urban,Fine no high winds,No,16 - 20,3,Urban area,5,1242,None,None,Other/Not known (2005-10),Mid Junction - on roundabout or on main road,FIAT,PUNTO DYNAMIC,Petrol,Female,None,No tow/articulation,Did not leave carriageway,0,Turning left,1,Car,No,Offside,2010
201004AL10120,Unclassified,0,A,583,Slight,None,17-07-2010,Saturday,1,Auto traffic signal,More than 4 arms (not roundabout),53.788322,Daylight,335580,432890,-2.979304,E01025031,2,2,0,0,Dry,Single carriageway,None,30,11:15:00,Rural,Fine no high winds,No,16 - 20,3,Urban area,5,1360,None,None,Other/Not known (2005-10),Approaching junction or waiting/parked at junction approach,PEUGEOT,207 URBAN,Petrol,Female,None,No tow/articulation,Did not leave carriageway,0,Waiting to go - held up,2,Car,No,Back,2010
201004AM10140,Unclassified,0,Unclassified,0,Slight,None,25-08-2010,Wednesday,1,Give way or uncontrolled,Mini-roundabout,53.798171,Daylight,332460,434030,-3.026904,E01012696,2,2,0,1,Dry,Single carriageway,None,30,10:45:00,Urban,Fine no high winds,No,16 - 20,3,Urban area,9,1390,None,None,Other/Not known (2005-10),Approaching junction or waiting/parked at junction approach,RENAULT,CLIO DYNAMIQUE S,Petrol,Female,None,No tow/articulation,Did not leave carriageway,0,Slowing or stopping,2,Car,No,Front,2010
201004BA10187,A,6,Unclassified,0,Slight,None,14-11-2010,Sunday,1,Auto traffic signal,Crossroads,54.047447,Daylight,347840,461570,-2.798134,E01025104,1,2,0,5,Wet or damp,One way street,None,30,09:26:00,Urban,Fine no high winds,No,16 - 20,3,Urban area,10,1339,None,Other permanent object,Commuting to/from work,Mid Junction - on roundabout or on main road,HONDA,JAZZ SE,Petrol,Female,None,No tow/articulation,Offside,0,Going ahead other,2,Car,No,Nearside,2010
201004CK10074,A,570,NA,0,Slight,None,04-05-2010,Tuesday,1,Data missing or out of range,Not at junction or within 20 metres,53.540037,Daylight,344460,405150,-2.839563,E01025479,1,2,0,0,Dry,Single carriageway,None,40,07:23:00,Rural,Fine no high winds,No,16 - 20,3,Urban area,1,1198,None,None,Other/Not known (2005-10),Not at or within 20 metres of junction,VOLKSWAGEN,POLO E 60,Petrol,Female,None,No tow/articulation,Did not leave carriageway,0,Going ahead other,1,Car,No,Front,2010
201004CL10059,B,5248,A,49,Slight,None,13-08-2010,Friday,1,Auto traffic signal,Other junction,53.687859,Daylight,355470,421480,-2.675778,E01025432,1,2,0,5,Dry,Single carriageway,None,50,07:40:00,Rural,Fine no high winds,No,16 - 20,3,Urban area,6,1149,None,None,Journey as part of work,Approaching junction or waiting/parked at junction approach,RENAULT,CLIO CAMPUS SPORT 16V,Petrol,Female,None,No tow/articulation,Did not leave carriageway,0,Moving off,2,Car,No,Back,2010
201004CM10045,Unclassified,0,A,677,Slight,None,01-04-2010,Thursday,1,Give way or uncontrolled,T or staggered junction,53.769326,Daylight,364110,430470,-2.546,E01025336,1,2,0,0,Dry,Single carriageway,None,30,17:28:00,Rural,Fine no high winds,No,16 - 20,3,Small town,10,1198,None,None,Other/Not known (2005-10),Approaching junction or waiting/parked at junction approach,VOLKSWAGEN,POLO E 64,Petrol,Female,None,No tow/articulation,Did not leave carriageway,0,Waiting to go - held up,1,Car,No,Front,2010
201004CM10157,A,582,A,6,Slight,None,07-10-2010,Thursday,1,Give way or uncontrolled,Roundabout,53.721665,Daylight,355620,425240,-2.674047,E01025443,1,2,0,8,Dry,Roundabout,None,60,13:45:00,Rural,Fine no high winds,No,16 - 20,3,Urban area,6,1229,None,None,Other/Not known (2005-10),Entering roundabout,VAUXHALL,CORSA CLUB,Petrol,Female,None,No tow/articulation,Did not leave carriageway,0,Waiting to go - held up,2,Car,No,Back,2010
201004TA10095,Motorway,6,NA,0,Slight,None,28-05-2010,Friday,1,Data missing or out of range,Not at junction or within 20 metres,53.710712,Daylight,355760,424020,-2.671751,E01025417,2,2,0,0,Dry,Dual carriageway,None,70,17:00:00,Rural,Fine no high winds,No,16 - 20,3,Rural,10,1149,None,None,Other/Not known (2005-10),Not at or within 20 metres of junction,RENAULT,CLIO RIP CURL 16V,Petrol,Female,None,No tow/articulation,Did not leave carriageway,0,Slowing or stopping,2,Car,No,Back,2010
201005CC03279,B,5199,Unclassified,0,Slight,None,17-05-2010,Monday,1,Give way or uncontrolled,T or staggered junction,53.422026,Daylight,345290,392010,-2.824747,E01006465,1,2,0,0,Dry,Single carriageway,None,30,17:58:00,Rural,Fine no high winds,No,16 - 20,3,Urban area,7,1397,None,None,Other/Not known (2005-10),Approaching junction or waiting/parked at junction approach,MINI,ONE,Petrol,Female,None,No tow/articulation,Did not leave carriageway,0,Turning right,1,Car,No,Offside,2010
201005DD04430,Unclassified,0,Unclassified,0,Slight,None,24-07-2010,Saturday,1,Auto traffic signal,Crossroads,53.444018,Daylight,352390,394380,-2.718275,E01006845,1,2,0,0,Dry,Single carriageway,None,30,17:45:00,Urban,Fine no high winds,No,16 - 20,3,Urban area,1,1299,None,None,Other/Not known (2005-10),Mid Junction - on roundabout or on main road,FORD,KA ZETEC CLIMATE,Petrol,Female,None,No tow/articulation,Did not leave carriageway,0,Turning right,1,Car,No,Front,2010
201005EE01833,A,580,NA,0,Slight,None,22-02-2010,Monday,1,Data missing or out of range,Not at junction or within 20 metres,53.411772,Daylight,335670,390990,-2.969279,E01006650,2,3,0,0,Dry,Dual carriageway,None,30,16:35:00,Urban,Fine no high winds,No,16 - 20,3,Urban area,4,1229,None,None,Commuting to/from work,Not at or within 20 metres of junction,VAUXHALL,CORSA SXI A/C,Petrol,Female,None,No tow/articulation,Did not leave carriageway,0,Waiting to go - held up,3,Car,No,Front,2010
201006A029523,Unclassified,0,Unclassified,0,Slight,None,14-03-2010,Sunday,1,Give way or uncontrolled,Crossroads,53.473992,Daylight,387980,397490,-2.182569,E01005107,2,2,0,0,Dry,Single carriageway,None,30,15:00:00,Urban,Fine no high winds,No,16 - 20,3,Urban area,1,1198,None,None,Other/Not known (2005-10),Approaching junction or waiting/parked at junction approach,VOLKSWAGEN,POLO E 55,Petrol,Female,None,No tow/articulation,Offside,9,Going ahead other,1,Car,No,Nearside,2010
201006N032659,A,665,Unclassified,0,Slight,None,03-06-2010,Thursday,1,Give way or uncontrolled,T or staggered junction,53.562827,Daylight,377850,407410,-2.335892,E01004996,1,3,0,0,Dry,Single carriageway,None,30,15:25:00,Urban,Fine no high winds,No,16 - 20,3,Urban area,6,1360,None,None,Other/Not known (2005-10),Mid Junction - on roundabout or on main road,PEUGEOT,207 SPORT 87,Petrol,Female,None,No tow/articulation,Did not leave carriageway,0,Turning right,1,Car,No,Front,2010
201011NE19240,B,1280,Unclassified,0,Slight,None,15-08-2010,Sunday,1,Give way or uncontrolled,T or staggered junction,54.721703,Daylight,440560,536480,-1.371809,E01020795,2,2,0,0,Dry,Single carriageway,None,30,12:40:00,Rural,Fine no high winds,No,16 - 20,3,Small town,2,1124,None,None,Other/Not known (2005-10),Entering main road,CITROEN,C2 DESIGN,Petrol,Female,None,No tow/articulation,Did not leave carriageway,0,Turning right,1,Car,No,Offside,2010
201011NG14390,A(M),1,NA,0,Slight,None,17-06-2010,Thursday,1,Data missing or out of range,Not at junction or within 20 metres,54.840396,Daylight,430610,549610,-1.524898,E01020608,1,2,0,0,Dry,Dual carriageway,None,70,15:59:00,Rural,Fine no high winds,No,16 - 20,3,Rural,6,2996,None,None,Other/Not known (2005-10),Not at or within 20 metres of junction,BMW,630I SPORT AUTO,Petrol,Female,Overturned,No tow/articulation,Offside on to central reservation,0,Overtaking moving vehicle - offside,1,Car,No,Front,2010
201014A140510,A,630,Unclassified,0,Slight,None,03-09-2010,Friday,1,Give way or uncontrolled,T or staggered junction,53.507599,Daylight,456510,401550,-1.1494,E01007535,2,2,0,0,Dry,Dual carriageway,None,40,17:40:00,Urban,Fine no high winds,No,16 - 20,3,Urban area,5,998,None,None,Journey as part of work,Approaching junction or waiting/parked at junction approach,TOYOTA,AYGO+ VVT-I,Petrol,Female,None,No tow/articulation,Did not leave carriageway,0,Waiting to go - held up,2,Car,No,Back,2010
201014C043810,Unclassified,0,A,630,Slight,None,15-04-2010,Thursday,1,Give way or uncontrolled,Other junction,53.444636,Daylight,445900,394430,-1.310405,E01007721,2,2,0,0,Dry,Single carriageway,None,30,15:00:00,Urban,Fine no high winds,No,16 - 20,3,Urban area,5,1398,None,None,Other/Not known (2005-10),Approaching junction or waiting/parked at junction approach,PEUGEOT,207 S HDI 67,Heavy oil,Female,None,No tow/articulation,Did not leave carriageway,0,Going ahead other,1,Car,No,Back,2010
201014K129110,A,625,Unclassified,0,Slight,None,09-05-2010,Sunday,1,Give way or uncontrolled,T or staggered junction,53.364265,Daylight,432830,385380,-1.508115,E01007936,1,2,0,4,Dry,Single carriageway,None,30,20:20:00,Urban,Fine no high winds,No,16 - 20,3,Urban area,10,1149,None,None,Other/Not known (2005-10),Leaving main road,RENAULT,CLIO CAMPUS 8V,Petrol,Female,None,No tow/articulation,Did not leave carriageway,0,Turning right,1,Car,No,Front,2010