Accident_Index,1st_Road_Class,1st_Road_Number,2nd_Road_Class,2nd_Road_Number,Accident_Severity,Carriageway_Hazards,Date,Day_of_Week,Did_Police_Officer_Attend_Scene_of_Accident,Junction_Control,Junction_Detail,Latitude,Light_Conditions,Location_Easting_OSGR,Location_Northing_OSGR,Longitude,LSOA_of_Accident_Location,Number_of_Casualties,Number_of_Vehicles,Pedestrian_Crossing-Human_Control,Pedestrian_Crossing-Physical_Facilities,Road_Surface_Conditions,Road_Type,Special_Conditions_at_Site,Speed_limit,Time,Urban_or_Rural_Area,Weather_Conditions,InScotland,Age_Band_of_Driver,Age_of_Vehicle,Driver_Home_Area_Type,Driver_IMD_Decile,Engine_Capacity_.CC.,Hit_Object_in_Carriageway,Hit_Object_off_Carriageway,Journey_Purpose_of_Driver,Junction_Location,make,model,Propulsion_Code,Sex_of_Driver,Skidding_and_Overturning,Towing_and_Articulation,Vehicle_Leaving_Carriageway,Vehicle_Location.Restricted_Lane,Vehicle_Manoeuvre,Vehicle_Reference,Vehicle_Type,Was_Vehicle_Left_Hand_Drive,X1st_Point_of_Impact,Year
201042I378411,A,1306,NA,0,Slight,None,14-11-2010,Sunday,1,Not at junction or within 20 metres,Not at junction or within 20 metres,51.492157,Daylight,559210,179520,0.291985,E01015942,2,3,0,0,Wet or damp,Single carriageway,None,50,15:00:00,Urban,Raining no high winds,No,16 - 20,3,Urban area,5,1149,None,None,Other/Not known (2005-10),Not at or within 20 metres of junction,RENAULT,CLIO DYNAMIQUE TURBO 100,Petrol,Female,Skidded,No tow/articulation,Did not leave carriageway,0,Going ahead other,1,Car,No,Front,2010
201054EU02310,A,27,NA,0,Slight,None,22-01-2010,Friday,1,Not at junction or within 20 metres,Not at junction or within 20 metres,51.010499,Daylight,426190,123530,-1.628073,E01031972,1,1,0,0,Wet or damp,Single carriageway,None,60,22:13:00,Rural,Raining no high winds,No,16 - 20,3,Rural,9,1229,None,Entered ditch,Other/Not known (2005-10),Not at or within 20 metres of junction,VAUXHALL,CORSA CLUB A/C,Petrol,Female,Skidded and overturned,No tow/articulation,Offside,0,Going ahead other,1,Car,No,Offside,2010
201054MA00910,Motorway,4,NA,0,Slight,None,28-02-2010,Sunday,1,Not at junction or within 20 metres,Not at junction or within 20 metres,51.556946,Daylight,407500,184240,-1.893227,E01031961,1,1,0,0,Wet or damp,Dual carriageway,None,70,07:25:00,Rural,Raining no high winds,No,16 - 20,3,Urban area,2,1598,None,Tree,Other/Not known (2005-10),Not at or within 20 metres of junction,VAUXHALL,ASTRA DESIGN TWINPORT,Petrol,Female,Skidded,No tow/articulation,Nearside,0,Going ahead other,1,Car,No,Front,2010
201060L128570,A,470,Unclassified,0,Slight,None,15-07-2010,Thursday,1,Give way or uncontrolled,Private drive or entrance,53.092425,Daylight,279960,356530,-3.794051,W01000189,2,2,0,0,Wet or damp,Single carriageway,None,60,14:50:00,Rural,Raining no high winds,No,16 - 20,3,Small town,10,1242,None,None,Other/Not known (2005-10),Approaching junction or waiting/parked at junction approach,FIAT,PANDA DYNAMIC,Petrol,Female,None,No tow/articulation,Offside,0,Waiting to turn right,2,Car,No,Back,2010
201001RG40750,A,2213,NA,0,Slight,None,15-12-2010,Wednesday,1,Data missing or out of range,Not at junction or within 20 metres,51.456935,Daylight,540900,175060,0.026644,E01001628,2,4,0,8,Wet or damp,Single carriageway,None,30,13:10:00,Urban,Raining no high winds,No,16 - 20,3,Data missing or out of range,NA,1388,None,None,Other/Not known (2005-10),Not at or within 20 metres of junction,FORD,FIESTA ZETEC CLIMATE S-A,Petrol,Female,None,No tow/articulation,Did not leave carriageway,0,Slowing or stopping,1,Car,No,Back,2010
201001ZD30654,Unclassified,0,NA,0,Slight,None,10-08-2010,Tuesday,1,Data missing or out of range,Not at junction or within 20 metres,51.384669,Daylight,531610,166770,-0.110066,E01001005,1,2,0,0,Wet or damp,Single carriageway,None,30,10:00:00,Urban,Raining no high winds,No,16 - 20,3,Rural,5,1296,Parked vehicle,None,Journey as part of work,Not at or within 20 metres of junction,TOYOTA,YARIS T SPIRIT S-A,Petrol,Female,None,No tow/articulation,Did not leave carriageway,0,Reversing,1,Car,No,Offside,2010
201001ZT80249,A,232,Unclassified,0,Slight,None,31-07-2010,Saturday,1,Give way or uncontrolled,T or staggered junction,51.363203,Daylight,527610,164280,-0.168411,E01004102,1,1,0,4,Wet or damp,Single carriageway,None,30,08:25:00,Urban,Raining no high winds,No,16 - 20,3,Urban area,8,1229,None,Road sign or traffic signal,Commuting to/from work,Cleared junction or waiting/parked at junction exit,VAUXHALL,CORSA CLUB A/C,Petrol,Female,Skidded,No tow/articulation,Nearside,0,Going ahead right-hand bend,1,Car,No,Front,2010
201005DD06268,Unclassified,0,Unclassified,0,Slight,None,03-11-2010,Wednesday,1,Give way or uncontrolled,T or staggered junction,53.443115,Daylight,351370,394290,-2.733616,E01006912,3,2,0,0,Wet or damp,Single carriageway,None,30,15:45:00,Urban,Raining no high winds,No,16 - 20,3,Urban area,6,1360,None,None,Other/Not known (2005-10),Mid Junction - on roundabout or on main road,PEUGEOT,207 URBAN,Petrol,Female,None,No tow/articulation,Did not leave carriageway,0,Going ahead other,2,Car,No,Offside,2010
201011NI23590,A,692,A,693,Slight,None,29-09-2010,Wednesday,1,Give way or uncontrolled,T or staggered junction,54.866117,Daylight,413920,552390,-1.78464,E01020669,1,3,0,0,Wet or damp,Single carriageway,None,60,16:03:00,Rural,Raining no high winds,No,16 - 20,3,Urban area,5,1360,None,None,Other/Not known (2005-10),Mid Junction - on roundabout or on main road,PEUGEOT,207 S,Petrol,Female,None,No tow/articulation,Did not leave carriageway,0,Going ahead other,2,Car,No,Front,2010
201011SJ13800,Unclassified,0,Unclassified,0,Slight,None,13-06-2010,Sunday,2,Give way or uncontrolled,T or staggered junction,54.530776,Daylight,428110,515140,-1.567133,E01012364,1,1,0,0,Wet or damp,Single carriageway,Road surface defective,30,17:15:00,Urban,Raining no high winds,No,16 - 20,3,Urban area,4,50,None,None,Other/Not known (2005-10),Approaching junction or waiting/parked at junction approach,YIBEN MEIDUC,YB 50 QT-6,Petrol,Female,Skidded,No tow/articulation,Did not leave carriageway,0,Turning left,1,Motorcycle 50cc and under,No,Did not impact,2010
201014C011010,A,630,Unclassified,0,Slight,None,22-01-2010,Friday,1,Auto traffic signal,Roundabout,53.432343,Daylight,442430,393030,-1.362834,E01007716,2,2,0,0,Wet or damp,Roundabout,None,40,07:45:00,Urban,Raining no high winds,No,16 - 20,3,Urban area,6,1397,None,None,Commuting to/from work,Leaving roundabout,MINI,ONE,Petrol,Female,None,No tow/articulation,Did not leave carriageway,0,Slowing or stopping,1,Car,No,Front,2010
2010160B03911,B,1434,NA,0,Slight,None,15-10-2010,Friday,1,Data missing or out of range,Not at junction or within 20 metres,53.539143,Daylight,503720,405860,-0.436353,E01013325,1,1,0,0,Wet or damp,Single carriageway,Road surface defective,60,16:10:00,Rural,Raining no high winds,No,16 - 20,3,Rural,8,998,None,Other permanent object,Other/Not known (2005-10),Not at or within 20 metres of junction,TOYOTA,AYGO+ VVT-I,Petrol,Female,None,No tow/articulation,Offside,0,Going ahead other,1,Car,No,Front,2010
201020J011200,A,459,Unclassified,0,Slight,None,03-11-2010,Wednesday,1,Give way or uncontrolled,T or staggered junction,52.521036,Daylight,393140,291470,-2.102544,E01009880,1,2,0,0,Wet or damp,Single carriageway,None,30,14:25:00,Urban,Raining no high winds,No,16 - 20,3,Urban area,3,124,None,None,Commuting to/from work,Entering main road,SUZUKI,,Petrol,Female,None,No tow/articulation,Did not leave carriageway,0,Turning right,1,Motorcycle 125cc and under,No,Back,2010
201030D001089,Unclassified,0,NA,0,Slight,None,04-11-2010,Thursday,1,Data missing or out of range,Not at junction or within 20 metres,52.915709,Daylight,437200,335510,-1.448223,E01013478,1,2,0,0,Wet or damp,Single carriageway,Oil or diesel,40,09:10:00,Urban,Raining no high winds,No,16 - 20,3,Urban area,1,50,None,None,Pupil riding to/from school,Not at or within 20 metres of junction,PIAGGIO,ZIP,Petrol,Female,None,No tow/articulation,Did not leave carriageway,0,Slowing or stopping,2,Motorcycle 50cc and under,No,Front,2010
20103104A1323,A,60,Unclassified,0,Slight,None,30-04-2010,Friday,1,Give way or uncontrolled,T or staggered junction,53.12504,Daylight,454250,358960,-1.190747,E01028222,1,2,0,0,Wet or damp,Single carriageway,None,30,16:16:00,Urban,Raining no high winds,No,16 - 20,3,Urban area,3,49,None,None,Other/Not known (2005-10),Approaching junction or waiting/parked at junction approach,PIAGGIO,ZIP,Petrol,Female,None,No tow/articulation,Did not leave carriageway,0,Going ahead other,1,Motorcycle 50cc and under,No,Front,2010
201045RU56268,B,374,Unclassified,3887,Slight,None,28-04-2019,Tuesday,1,Give way or uncontrolled,Other junction,26.73355602,Daylight,507330,163990,94.17811059,E01030376,3,2,0,0,Wet or damp,Single carriageway,None,40,13:00:00,Urban,Snowing no high winds,No,16 - 20,3,Urban area,10,1242,None,None,Other/Not known (2005-10),Mid Junction - on roundabout or on main road,FORD,FIESTA STYLE CLIMATE,Petrol,Male,None,No tow/articulation,Did not leave carriageway,0,Going ahead other,2,Car,No,Did not impact,2019
201045RU56268,B,374,Unclassified,3887,Slight,None,30-11-2010,Tuesday,1,Give way or uncontrolled,Other junction,51.364787,Daylight,507330,163990,-0.459677,E01030376,3,2,0,0,Wet or damp,Single carriageway,None,40,13:00:00,Urban,Snowing no high winds,No,16 - 20,3,Urban area,10,1242,None,None,Other/Not known (2005-10),Mid Junction - on roundabout or on main road,FORD,FIESTA STYLE CLIMATE,Petrol,Male,None,No tow/articulation,Did not leave carriageway,0,Going ahead other,2,Car,No,Did not impact,2010
2010170L12370,A,173,Unclassified,0,Slight,None,02-12-2010,Thursday,1,Give way or uncontrolled,T or staggered junction,54.507506,Daylight,457010,512820,-1.121039,E01012124,1,2,0,0,Wet or damp,Single carriageway,None,30,14:05:00,Rural,Snowing no high winds,No,16 - 20,3,Urban area,9,1229,None,None,Other/Not known (2005-10),Mid Junction - on roundabout or on main road,VAUXHALL,CORSA SXI A/C,Petrol,Male,None,No tow/articulation,Did not leave carriageway,0,Turning right,2,Car,No,Nearside,2010
201042I418812,A,13,NA,0,Slight,None,18-06-2021,Saturday,1,Not at junction or within 20 metres,Not at junction or within 20 metres,27.10238001,Daylight,568300,183440,93.61058277,E01016000,6,7,0,0,Snow,Dual carriageway,None,70,13:00:00,Rural,Snowing no high winds,No,16 - 20,3,Urban area,3,1598,None,None,Other/Not known (2005-10),Not at or within 20 metres of junction,MAZDA,3 TS,Petrol,Female,Skidded,No tow/articulation,Did not leave carriageway,0,Going ahead other,2,Car,No,Nearside,2019
201042I418812,A,13,NA,0,Slight,None,18-12-2010,Saturday,1,Not at junction or within 20 metres,Not at junction or within 20 metres,51.524742,Daylight,568300,183440,0.424672,E01016000,6,7,0,0,Snow,Dual carriageway,None,70,13:00:00,Rural,Snowing no high winds,No,16 - 20,3,Urban area,3,1598,None,None,Other/Not known (2005-10),Not at or within 20 metres of junction,MAZDA,3 TS,Petrol,Female,Skidded,No tow/articulation,Did not leave carriageway,0,Going ahead other,2,Car,No,Nearside,2010
201001ZD31032,C,0,Unclassified,0,Slight,None,03-12-2010,Friday,2,Give way or uncontrolled,Mini-roundabout,51.411555,Daylight,532700,169790,-0.093283,E01001159,1,2,0,0,Snow,Roundabout,None,30,08:30:00,Urban,Snowing no high winds,No,16 - 20,3,Data missing or out of range,NA,1242,None,None,Other/Not known (2005-10),Mid Junction - on roundabout or on main road,FORD,FIESTA STYLE CLIMATE,Petrol,Female,None,No tow/articulation,Did not leave carriageway,0,Waiting to go - held up,1,Car,No,Back,2010
201020M013740,A,45,A,46,Slight,None,16-12-2010,Thursday,1,Auto traffic signal,Roundabout,52.378276,Daylight,436490,275720,-1.465376,E01009541,1,2,0,5,Wet or damp,Roundabout,None,30,14:30:00,Urban,Snowing no high winds,No,16 - 20,3,Data missing or out of range,NA,998,None,None,Other/Not known (2005-10),Mid Junction - on roundabout or on main road,CITROEN,C1 VIBE,Petrol,Female,None,No tow/articulation,Did not leave carriageway,0,Changing lane to right,1,Car,No,Offside,2010
201020M003080,Unclassified,0,Unclassified,0,Slight,None,05-06-2010,Saturday,2,Give way or uncontrolled,T or staggered junction,52.422197,Daylight,432850,280580,-1.518372,E01009627,2,2,0,0,Dry,Single carriageway,None,30,18:45:00,Urban,Unknown,No,16 - 20,3,Urban area,4,1968,None,None,Other/Not known (2005-10),Approaching junction or waiting/parked at junction approach,VOLKSWAGEN,PASSAT SE TDI 140 AUTO,Heavy oil,Male,None,No tow/articulation,Did not leave carriageway,0,Going ahead other,1,Car,No,Front,2010
201032D091210,A,607,Unclassified,0,Slight,None,31-03-2010,Wednesday,2,Auto traffic signal,Other junction,53.195729,Daylight,497970,367520,-0.534957,E01026186,1,2,0,1,Data missing or out of range,Single carriageway,None,30,14:10:00,Rural,Unknown,No,16 - 20,3,Data missing or out of range,NA,50,None,None,Other/Not known (2005-10),Approaching junction or waiting/parked at junction approach,PIAGGIO,ZIP,Petrol,Male,None,No tow/articulation,Did not leave carriageway,0,Going ahead other,2,Motorcycle 50cc and under,No,Offside,2010
201005EE05856,Unclassified,0,A,57,Slight,None,11-10-2010,Monday,1,Auto traffic signal,T or staggered junction,53.409279,Darkness - lights lit,335130,390720,-2.977346,E01006650,2,2,0,5,Dry,Single carriageway,None,30,22:40:00,Urban,Fine + high winds,No,21 - 25,3,Urban area,1,1796,None,None,Other/Not known (2005-10),Approaching junction or waiting/parked at junction approach,VAUXHALL,ASTRA SRI XP,Petrol,Female,None,No tow/articulation,Did not leave carriageway,0,Going ahead other,2,Car,No,Front,2010
2010400C00770,Motorway,1,NA,0,Slight,None,07-08-2021,Thursday,1,Data missing or out of range,Not at junction or within 20 metres,25.78553019,Darkness - lights lit,505390,222810,87.47084501,E01015713,1,3,0,0,Dry,Dual carriageway,Roadworks,70,20:50:00,Urban,Fine no high winds,No,21 - 25,3,Urban area,3,1753,None,None,Other/Not known (2005-10),Not at or within 20 metres of junction,FORD,TRANSIT CONN T200 75,Heavy oil,Male,Skidded,No tow/articulation,Did not leave carriageway,0,Going ahead other,3,Van / Goods 3.5 tonnes mgw or under,No,Front,2019
2010400D03206,A,5,Unclassified,0,Slight,None,19-12-2020,Sunday,1,Give way or uncontrolled,T or staggered junction,22.07097931,Darkness - lights lit,499640,224310,82.14358419,E01017578,3,4,0,0,Wet or damp,Single carriageway,None,60,21:26:00,Rural,Fine no high winds,No,21 - 25,3,Urban area,2,1686,None,None,Other/Not known (2005-10),Approaching junction or waiting/parked at junction approach,VAUXHALL,ASTRA SXI CDTI 100,Heavy oil,Male,None,No tow/articulation,Did not leave carriageway,0,Going ahead other,2,Car,No,Back,2019
201037L018584,Unclassified,9999,NA,0,Slight,None,24-04-2019,Saturday,1,Data missing or out of range,Not at junction or within 20 metres,15.31720881,Darkness - lights lit,652150,293030,73.95377306,E01030270,1,2,0,0,Wet or damp,Single carriageway,Road surface defective,30,00:30:00,Urban,Fine no high winds,No,21 - 25,3,Data missing or out of range,NA,1248,None,Other permanent object,Other/Not known (2005-10),Not at or within 20 metres of junction,VAUXHALL,COMBO 2000 CDTI 16V,Heavy oil,Male,None,No tow/articulation,Nearside,5,Parked,2,Van / Goods 3.5 tonnes mgw or under,No,Back,2019
20104100T1019,Motorway,1,NA,0,Slight,None,05-11-2019,Saturday,1,Not at junction or within 20 metres,Not at junction or within 20 metres,28.42457932,Darkness - lights lit,509700,211010,77.06796575,E01023722,1,2,0,0,Dry,Dual carriageway,None,70,23:25:00,Rural,Fine no high winds,No,21 - 25,3,Urban area,10,1390,Parked vehicle,Central crash barrier,Other/Not known (2005-10),Not at or within 20 metres of junction,VOLKSWAGEN,POLO S 80,Petrol,Male,None,No tow/articulation,Offside on to central reservation,0,Going ahead other,2,Car,No,Front,2019
2010400D03354,Unclassified,0,Unclassified,0,Slight,None,06-03-2020,Monday,1,Give way or uncontrolled,Roundabout,28.45283118,Darkness - lights lit,502360,222640,76.9748897,E01017584,2,3,0,0,Wet or damp,Roundabout,None,30,17:14:00,Urban,Fine no high winds,No,21 - 25,3,Urban area,10,998,None,None,Commuting to/from work,Leaving roundabout,VAUXHALL,CORSA LIFE A/C,Petrol,Male,Skidded,No tow/articulation,Did not leave carriageway,0,Going ahead other,1,Car,No,Front,2019
201045SP47765,A,308,NA,0,Slight,None,04-11-2020,Saturday,1,Data missing or out of range,Not at junction or within 20 metres,12.96985668,Darkness - lights lit,506780,170660,77.65814666,E01030721,2,3,0,0,Dry,Dual carriageway,None,50,16:17:00,Rural,Fine no high winds,No,21 - 25,3,Urban area,3,1360,None,None,Other/Not known (2005-10),Not at or within 20 metres of junction,PEUGEOT,207 S,Petrol,Male,None,No tow/articulation,Did not leave carriageway,0,Going ahead other,2,Car,No,Back,2020
201045SP52238,B,377,A,308,Slight,None,15-08-2021,Wednesday,1,Give way or uncontrolled,Roundabout,26.4582548,Darkness - lights lit,506230,170810,74.60738103,E01030739,2,2,0,0,Dry,Roundabout,None,30,21:45:00,Rural,Fine no high winds,No,21 - 25,3,Urban area,7,1198,None,None,Other/Not known (2005-10),Mid Junction - on roundabout or on main road,SKODA,FABIA 1 HTP 70,Petrol,Male,None,No tow/articulation,Did not leave carriageway,0,Going ahead other,1,Car,No,Nearside,2020
201043W078050,A,4,Unclassified,7139,Slight,None,22-09-2019,Friday,1,Auto traffic signal,T or staggered junction,28.69449202,Darkness - lights lit,447800,167630,77.22844517,E01016346,1,2,0,5,Dry,Dual carriageway,None,40,21:54:00,Urban,Fine no high winds,No,21 - 25,3,Rural,10,1397,None,None,Other/Not known (2005-10),Mid Junction - on roundabout or on main road,MINI,ONE,Petrol,Male,None,No tow/articulation,Did not leave carriageway,0,U-turn,1,Car,No,Offside,2020
201042I025202,Unclassified,0,NA,0,Slight,None,25-01-2021,Monday,1,Not at junction or within 20 metres,Not at junction or within 20 metres,28.53841989,Darkness - lights lit,544380,196910,77.33623691,E01021775,1,2,0,0,Wet or damp,Single carriageway,None,30,17:59:00,Urban,Fine no high winds,No,21 - 25,3,Urban area,3,1598,None,None,Other/Not known (2005-10),Not at or within 20 metres of junction,VOLKSWAGEN,GOLF MATCH FSI 115,Petrol,Male,None,No tow/articulation,Did not leave carriageway,0,Slowing or stopping,2,Car,No,Back,2021
201045RE51620,A,217,NA,0,Slight,None,02-07-2021,Sunday,1,Data missing or out of range,Not at junction or within 20 metres,18.64292437,Darkness - lights lit,524200,157800,73.86688106,E01030592,1,1,0,0,Dry,Dual carriageway,None,40,04:38:00,Urban,Fine no high winds,No,21 - 25,3,Urban area,6,125,Kerb,None,Other/Not known (2005-10),Not at or within 20 metres of junction,HONDA,SH 125-7,Petrol,Male,None,No tow/articulation,Did not leave carriageway,9,Going ahead other,1,Motorcycle 50cc and under,No,Front,2021
201037B046180,Unclassified,9999,Unclassified,0,Slight,None,27-11-2021,Friday,1,Give way or uncontrolled,Private drive or entrance,18.54926849,Darkness - lights lit,566460,244510,73.91090075,E01030114,3,2,0,0,Wet or damp,Single carriageway,None,30,16:55:00,Rural,Fine no high winds,No,21 - 25,3,Urban area,2,1399,None,None,Journey as part of work,Cleared junction or waiting/parked at junction exit,HYUNDAI,GETZ GSI,Petrol,Male,Skidded,No tow/articulation,Offside,0,Going ahead left-hand bend,2,Car,No,Front,2021
2010400D00568,Unclassified,243,Unclassified,0,Slight,None,01-12-2021,Tuesday,1,Give way or uncontrolled,T or staggered junction,19.14616366,Darkness - lights lit,492760,225620,72.92231073,E01017603,1,2,0,0,Dry,Single carriageway,None,30,20:00:00,Urban,Fine no high winds,No,21 - 25,3,Urban area,10,1598,None,Other permanent object,Other/Not known (2005-10),Cleared junction or waiting/parked at junction exit,SKODA,ROOMSTER 2 16V 105,Petrol,Male,None,No tow/articulation,Nearside,0,Going ahead other,1,Car,No,Front,2021
20104100K0334,Unclassified,714,B,156,Slight,None,09-11-2021,Thursday,2,Auto traffic signal,Crossroads,19.08524085,Darkness - lights lit,535650,204040,72.85846812,E01023305,1,2,0,5,Dry,Single carriageway,None,30,22:30:00,Urban,Fine no high winds,No,21 - 25,3,Data missing or out of range,NA,1753,None,None,Other/Not known (2005-10),Approaching junction or waiting/parked at junction approach,FORD,TRANSIT CONN T200 L75,Heavy oil,Male,None,No tow/articulation,Did not leave carriageway,0,Moving off,2,Van / Goods 3.5 tonnes mgw or under,No,Front,2021
201043R257100,A,3095,Unclassified,7002,Slight,None,07-09-2021,Tuesday,2,Auto traffic signal,Crossroads,19.14144815,Darkness - lights lit,485750,166530,72.86520567,E01016219,1,3,0,0,Dry,Single carriageway,None,60,19:20:00,Urban,Fine no high winds,No,21 - 25,3,Urban area,NA,1296,None,None,Other/Not known (2005-10),Approaching junction or waiting/parked at junction approach,TOYOTA,YARIS ZINC,Petrol,Male,None,No tow/articulation,Did not leave carriageway,0,Waiting to go - held up,2,Car,No,Back,2021
201043N029030,Unclassified,30,NA,,Slight,None,11-11-2021,Wednesday,1,Data missing or out of range,Private drive or entrance,14.80275722,Darkness - lights lit,502120,182370,78.55952175,E01017834,1,3,0,0,Dry,Single carriageway,None,50,18:00:00,Rural,Fine no high winds,No,21 - 25,3,Urban area,7,2497,None,None,Journey as part of work,Approaching junction or waiting/parked at junction approach,BMW,325I SE,Petrol,Male,None,No tow/articulation,Did not leave carriageway,0,Waiting to turn right,3,Car,No,Back,2019
201043N112100,A,41,Unclassified,2146,Slight,None,24-02-2021,Saturday,1,Give way or uncontrolled,Roundabout,27.09105602,Darkness - lights lit,480330,214700,93.61951241,E01017708,1,2,0,0,Dry,Roundabout,None,30,19:28:00,Urban,Fine no high winds,No,21 - 25,3,Urban area,5,1799,None,None,Other/Not known (2005-10),Mid Junction - on roundabout or on main road,HONDA,CIVIC TYPE-S GT I-VTEC SA,Petrol,Male,None,No tow/articulation,Did not leave carriageway,0,Turning right,2,Car,No,Nearside,2019
20104100T1083,Motorway,1,Motorway,1,Slight,None,07-04-2020,Thursday,1,Give way or uncontrolled,Slip road,27.10220755,Darkness - lights lit,508770,217950,93.62435264,E01023430,2,3,0,0,Dry,Dual carriageway,None,70,01:29:00,Rural,Fine no high winds,No,21 - 25,3,Urban area,3,1149,None,Near/Offside crash barrier,Commuting to/from work,Leaving main road,RENAULT,CLIO CAMPUS 8V,Petrol,Male,Skidded,No tow/articulation,Did not leave carriageway,0,Changing lane to left,3,Car,No,Front,2019
201001CP00362,A,1211,Unclassified,0,Slight,None,16-12-2010,Thursday,2,Give way or uncontrolled,T or staggered junction,51.516939,Darkness - lights lit,532830,181520,-0.08701,E01000004,1,1,0,0,Dry,Single carriageway,None,30,16:10:00,Urban,Fine no high winds,No,21 - 25,3,Urban area,2,2461,None,None,Other/Not known (2005-10),Mid Junction - on roundabout or on main road,VOLKSWAGEN,CRAFTER CR35 109 LWB,Heavy oil,Male,None,No tow/articulation,Did not leave carriageway,0,Reversing,1,Van / Goods 3.5 tonnes mgw or under,No,Back,2010
201001CW12231,B,510,C,0,Slight,None,15-10-2010,Friday,1,Give way or uncontrolled,T or staggered junction,51.549172,Darkness - lights lit,525490,184920,-0.191528,E01000973,1,2,0,0,Wet or damp,Single carriageway,None,30,22:50:00,Urban,Fine no high winds,No,21 - 25,3,Urban area,5,125,None,None,Other/Not known (2005-10),Mid Junction - on roundabout or on main road,HONDA,ANF 126 T-6,Petrol,Male,None,No tow/articulation,Did not leave carriageway,0,Overtaking moving vehicle - offside,2,Motorcycle 125cc and under,No,Nearside,2010
201001FH10595,A,219,Unclassified,0,Slight,None,10-11-2010,Wednesday,1,Give way or uncontrolled,T or staggered junction,51.488048,Darkness - lights lit,523500,178070,-0.222613,E01001891,1,2,0,0,Dry,Single carriageway,None,30,21:30:00,Urban,Fine no high winds,No,21 - 25,3,Urban area,3,125,None,None,Other/Not known (2005-10),Mid Junction - on roundabout or on main road,HONDA,SES 125-4,Petrol,Male,None,No tow/articulation,Did not leave carriageway,0,Overtaking moving vehicle - offside,2,Motorcycle 125cc and under,No,Front,2010
201001JC30292,A,112,C,0,Slight,None,08-06-2010,Tuesday,1,Auto traffic signal,Crossroads,51.550991,Darkness - lights lit,538470,185460,-0.004228,E01004336,1,2,0,0,Dry,Single carriageway,None,30,22:28:00,Urban,Fine no high winds,No,21 - 25,3,Data missing or out of range,NA,1598,None,None,Other/Not known (2005-10),Approaching junction or waiting/parked at junction approach,MAZDA,3 TAMURA,Petrol,Male,None,No tow/articulation,Did not leave carriageway,0,Going ahead other,1,Car,No,Front,2010
201001JI40283,A,123,Unclassified,0,Slight,Any animal in carriageway (except ridden horse),15-05-2010,Saturday,1,Give way or uncontrolled,T or staggered junction,51.570501,Darkness - lights lit,543110,187760,0.063584,E01003692,3,1,0,0,Dry,Single carriageway,None,30,23:45:00,Urban,Fine no high winds,No,21 - 25,3,Urban area,2,1587,Kerb,Other permanent object,Other/Not known (2005-10),Cleared junction or waiting/parked at junction exit,PEUGEOT,307 S,Petrol,Male,None,No tow/articulation,Offside,0,Going ahead other,1,Car,No,Front,2010
201001JI40455,A,12,NA,0,Slight,None,13-07-2010,Tuesday,1,Data missing or out of range,Not at junction or within 20 metres,51.575901,Darkness - lights lit,542010,188330,0.047953,E01003697,2,1,0,0,Dry,Dual carriageway,None,40,21:55:00,Urban,Fine no high winds,No,21 - 25,3,Urban area,5,1598,None,None,Other/Not known (2005-10),Not at or within 20 metres of junction,VAUXHALL,ASTRA DESIGN,Petrol,Male,None,No tow/articulation,Offside on to central reservation,0,Going ahead other,1,Car,No,Front,2010
201001KD50065,Unclassified,0,A,12,Slight,None,06-02-2010,Saturday,2,Give way or uncontrolled,T or staggered junction,51.603443,Darkness - lights lit,555780,191800,0.248051,E01002277,1,1,0,0,Wet or damp,Dual carriageway,None,50,21:30:00,Urban,Fine no high winds,No,21 - 25,3,Urban area,3,1598,None,None,Other/Not known (2005-10),Cleared junction or waiting/parked at junction exit,PEUGEOT,207 GTI PACK,Petrol,Male,None,No tow/articulation,Did not leave carriageway,0,Going ahead other,1,Car,No,Front,2010
201001LX50639,A,3036,B,224,Slight,None,26-06-2010,Saturday,1,Give way or uncontrolled,Crossroads,51.46813,Darkness - lights lit,528990,175990,-0.144342,E01003038,1,3,0,0,Dry,Single carriageway,None,30,02:17:00,Urban,Fine no high winds,No,21 - 25,3,Urban area,5,2987,None,None,Other/Not known (2005-10),Mid Junction - on roundabout or on main road,MERCEDES,S320 CDI L AUTO,Heavy oil,Male,None,No tow/articulation,Did not leave carriageway,0,Waiting to go - held up,3,Car,No,Offside,2010
201001LX50827,A,23,Unclassified,0,Slight,None,13-09-2010,Monday,1,Give way or uncontrolled,T or staggered junction,51.442188,Darkness - lights lit,530430,173140,-0.124672,E01003137,1,2,0,0,Dry,Single carriageway,None,30,23:15:00,Urban,Fine no high winds,No,21 - 25,3,Urban area,4,1984,None,None,Other/Not known (2005-10),Cleared junction or waiting/parked at junction exit,AUDI,TT FSI AUTO,Petrol,Male,Overturned,No tow/articulation,Did not leave carriageway,0,Going ahead other,1,Car,No,Front,2010
201001LX50868,A,3,Unclassified,0,Slight,None,24-09-2010,Friday,1,Give way or uncontrolled,T or staggered junction,51.463115,Darkness - lights lit,529700,175450,-0.134324,E01003035,1,2,0,1,Dry,Single carriageway,None,30,21:56:00,Urban,Fine no high winds,No,21 - 25,3,Urban area,6,124,None,None,Other/Not known (2005-10),Approaching junction or waiting/parked at junction approach,SUZUKI,FL 125 S DW K7 ADDRESS,Petrol,Male,None,No tow/articulation,Did not leave carriageway,0,Slowing or stopping,1,Motorcycle 50cc and under,No,Front,2010