Accident_Index,1st_Road_Class,1st_Road_Number,2nd_Road_Class,2nd_Road_Number,Accident_Severity,Carriageway_Hazards,Date,Day_of_Week,Did_Police_Officer_Attend_Scene_of_Accident,Junction_Control,Junction_Detail,Latitude,Light_Conditions,Location_Easting_OSGR,Location_Northing_OSGR,Longitude,LSOA_of_Accident_Location,Number_of_Casualties,Number_of_Vehicles,Pedestrian_Crossing-Human_Control,Pedestrian_Crossing-Physical_Facilities,Road_Surface_Conditions,Road_Type,Special_Conditions_at_Site,Speed_limit,Time,Urban_or_Rural_Area,Weather_Conditions,InScotland,Age_Band_of_Driver,Age_of_Vehicle,Driver_Home_Area_Type,Driver_IMD_Decile,Engine_Capacity_.CC.,Hit_Object_in_Carriageway,Hit_Object_off_Carriageway,Journey_Purpose_of_Driver,Junction_Location,make,model,Propulsion_Code,Sex_of_Driver,Skidding_and_Overturning,Towing_and_Articulation,Vehicle_Leaving_Carriageway,Vehicle_Location.Restricted_Lane,Vehicle_Manoeuvre,Vehicle_Reference,Vehicle_Type,Was_Vehicle_Left_Hand_Drive,X1st_Point_of_Impact,Year
201006F036331,A,5063,Unclassified,0,Slight,None,11-09-2010,Saturday,1,Give way or uncontrolled,T or staggered junction,53.474337,Darkness - lights lit,381350,397550,-2.282461,E01005668,1,2,0,0,Dry,Dual carriageway,None,30,21:05:00,Urban,Fine no high winds,No,21 - 25,3,Rural,NA,1124,None,None,Other/Not known (2005-10),Entering main road,CITROEN,C2 SX,Petrol,Female,None,No tow/articulation,Did not leave carriageway,0,Turning right,1,Car,No,Back,2010
201006L032983,A,49,A,577,Slight,None,20-06-2010,Sunday,1,Auto traffic signal,Crossroads,53.543128,Darkness - lights lit,358420,405350,-2.628953,E01006369,3,2,0,5,Dry,Dual carriageway,None,30,22:28:00,Urban,Fine no high winds,No,21 - 25,3,Urban area,5,1296,None,None,Other/Not known (2005-10),Mid Junction - on roundabout or on main road,TOYOTA,YARIS SR,Petrol,Female,None,No tow/articulation,Offside - crossed central reservation,0,Going ahead other,1,Car,No,Offside,2010
201014A181910,A(M),1,NA,0,Slight,None,14-11-2010,Sunday,1,Not at junction or within 20 metres,Not at junction or within 20 metres,53.593177,Darkness - lights lit,452000,411020,-1.215824,E01007468,1,5,0,0,Dry,Dual carriageway,None,70,17:09:00,Rural,Fine no high winds,No,21 - 25,3,Rural,6,2000,None,None,Other/Not known (2005-10),Not at or within 20 metres of junction,VOLKSWAGEN,GOLF S SDI,Heavy oil,Female,None,No tow/articulation,Did not leave carriageway,0,Going ahead other,3,Car,No,Front,2010
201014K138510,A,6178,Motorway,1,Slight,None,13-05-2010,Thursday,2,Auto traffic signal,Roundabout,53.413404,Darkness - lights lit,439780,390900,-1.402986,E01007913,1,2,0,0,Dry,Roundabout,None,30,21:50:00,Urban,Fine no high winds,No,21 - 25,3,Urban area,4,1398,None,None,Other/Not known (2005-10),Mid Junction - on roundabout or on main road,PEUGEOT,207 S HDI 67,Heavy oil,Female,None,No tow/articulation,Did not leave carriageway,0,Going ahead other,1,Car,No,Offside,2010
2010170M12800,A,19,A,1130,Slight,None,05-11-2010,Friday,1,Give way or uncontrolled,Slip road,54.550577,Darkness - lights lit,447110,517500,-1.273174,E01012012,3,3,0,0,Dry,Slip road,None,70,17:34:00,Rural,Fine no high winds,No,21 - 25,3,Urban area,6,1328,None,None,Commuting to/from work,Cleared junction or waiting/parked at junction exit,SUZUKI,SWIFT GL,Petrol,Female,None,No tow/articulation,Did not leave carriageway,0,Waiting to go - held up,2,Car,No,Offside,2010
201020E025011,Unclassified,0,Unclassified,0,Slight,None,25-02-2010,Thursday,1,Give way or uncontrolled,T or staggered junction,52.436472,Darkness - lights lit,403580,282060,-1.948777,E01009295,2,2,0,0,Dry,Single carriageway,None,30,19:00:00,Urban,Fine no high winds,No,21 - 25,3,Urban area,8,2987,None,None,Other/Not known (2005-10),Approaching junction or waiting/parked at junction approach,MERCEDES,E280 CDI SPORT AUTO,Heavy oil,Female,None,No tow/articulation,Did not leave carriageway,0,Waiting to turn right,2,Car,No,Back,2010
201030D000845,A,52,Motorway,1,Slight,None,05-09-2010,Sunday,2,Give way or uncontrolled,Roundabout,52.91619,Darkness - lights lit,447130,335650,-1.300536,E01019694,1,2,0,0,Dry,Roundabout,None,40,00:15:00,Rural,Fine no high winds,No,21 - 25,3,Urban area,2,1360,Central island of roundabout,None,Other/Not known (2005-10),Leaving roundabout,PEUGEOT,206 LOOK,Petrol,Female,None,No tow/articulation,Did not leave carriageway,0,Turning left,2,Car,No,Offside,2010
201030D001228,A,38,NA,0,Slight,None,09-12-2010,Thursday,1,Data missing or out of range,Not at junction or within 20 metres,52.940087,Darkness - lights lit,434220,338200,-1.492256,E01013529,2,4,0,0,Wet or damp,Dual carriageway,None,70,18:08:00,Urban,Fine no high winds,No,21 - 25,3,Urban area,7,1995,None,None,Other/Not known (2005-10),Not at or within 20 metres of junction,BMW,118D SE,Heavy oil,Female,None,No tow/articulation,Did not leave carriageway,0,Going ahead other,4,Car,No,Back,2010
20104100K0021,C,43,Unclassified,1059,Slight,None,29-01-2021,Thursday,1,Give way or uncontrolled,T or staggered junction,25.77419453,Darkness - lights lit,537980,210850,87.48015881,E01023316,1,1,0,0,Wet or damp,Single carriageway,None,30,20:48:00,Urban,Other,No,21 - 25,3,Urban area,2,49,None,Other permanent object,Journey as part of work,Approaching junction or waiting/parked at junction approach,PEUGEOT,LUDIX ELEGANCE,Petrol,Male,Skidded,No tow/articulation,Nearside,0,Going ahead other,1,Motorcycle 50cc and under,No,Front,2019
201045SP57059,Motorway,25,NA,0,Slight,None,13-02-2019,Saturday,1,Data missing or out of range,Not at junction or within 20 metres,26.46135614,Darkness - lights lit,503500,175090,74.64192826,E01030747,1,1,0,0,Frost or ice,Dual carriageway,None,70,20:00:00,Rural,Other,No,21 - 25,3,Urban area,7,1397,None,Near/Offside crash barrier,Journey as part of work,Not at or within 20 metres of junction,MINI,ONE,Petrol,Male,Skidded,No tow/articulation,Nearside,0,Going ahead other,1,Car,No,Front,2020
20104100K0021,C,43,Unclassified,1059,Slight,None,14-01-2010,Thursday,1,Give way or uncontrolled,T or staggered junction,51.779264,Darkness - lights lit,537980,210850,-0.001273,E01023316,1,1,0,0,Wet or damp,Single carriageway,None,30,20:48:00,Urban,Other,No,21 - 25,3,Urban area,2,49,None,Other permanent object,Journey as part of work,Approaching junction or waiting/parked at junction approach,PEUGEOT,LUDIX ELEGANCE,Petrol,Male,Skidded,No tow/articulation,Nearside,0,Going ahead other,1,Motorcycle 50cc and under,No,Front,2010
201045SP57059,Motorway,25,NA,0,Slight,None,18-12-2010,Saturday,1,Data missing or out of range,Not at junction or within 20 metres,51.465273,Darkness - lights lit,503500,175090,-0.511434,E01030747,1,1,0,0,Frost or ice,Dual carriageway,None,70,20:00:00,Rural,Other,No,21 - 25,3,Urban area,7,1397,None,Near/Offside crash barrier,Journey as part of work,Not at or within 20 metres of junction,MINI,ONE,Petrol,Male,Skidded,No tow/articulation,Nearside,0,Going ahead other,1,Car,No,Front,2010
201001XH30027,Unclassified,0,Unclassified,0,Slight,None,18-01-2010,Monday,1,Give way or uncontrolled,T or staggered junction,51.512062,Darkness - lights lit,511290,180460,-0.397645,E01002505,1,3,0,0,Wet or damp,Single carriageway,None,30,19:30:00,Urban,Other,No,21 - 25,3,Urban area,5,1984,None,None,Other/Not known (2005-10),Approaching junction or waiting/parked at junction approach,AUDI,S3 TFSI QUATTRO,Petrol,Male,None,No tow/articulation,Did not leave carriageway,0,Going ahead other,2,Car,No,Front,2010
201020E002313,Unclassified,0,NA,0,Slight,None,01-01-2010,Friday,1,Data missing or out of range,Not at junction or within 20 metres,52.460259,Darkness - lights lit,407340,284710,-1.89341,E01009366,3,2,0,0,Frost or ice,Single carriageway,None,20,21:24:00,Urban,Other,No,21 - 25,3,Urban area,1,1149,None,None,Other/Not known (2005-10),Not at or within 20 metres of junction,RENAULT,CLIO EXTREME,Petrol,Male,Skidded,No tow/articulation,Did not leave carriageway,0,Going ahead right-hand bend,2,Car,No,Nearside,2010
201004AL10221,A,583,NA,0,Slight,None,06-12-2010,Monday,1,Data missing or out of range,Not at junction or within 20 metres,53.778138,Darkness - lights lit,343030,431660,-2.866009,E01025010,2,3,0,0,Frost or ice,Dual carriageway,None,50,16:59:00,Rural,Other,No,21 - 25,3,Urban area,1,1995,None,None,Commuting to/from work,Not at or within 20 metres of junction,BMW,Z4 SE,Petrol,Female,Skidded,No tow/articulation,Did not leave carriageway,0,Slowing or stopping,1,Car,No,Front,2010
201005EE06225,A,580,Unclassified,0,Slight,None,01-11-2010,Monday,2,Auto traffic signal,More than 4 arms (not roundabout),53.437044,Darkness - lights lit,335810,393800,-2.967746,E01006703,1,2,0,5,Wet or damp,Dual carriageway,None,30,07:10:00,Urban,Other,No,21 - 25,3,Urban area,8,1248,None,None,Journey as part of work,Approaching junction or waiting/parked at junction approach,VAUXHALL,CORSA LIFE A/C CDTI,Heavy oil,Female,None,No tow/articulation,Did not leave carriageway,0,Waiting to go - held up,2,Car,No,Back,2010
201020J013230,Unclassified,0,NA,0,Slight,None,22-12-2010,Wednesday,1,Data missing or out of range,Not at junction or within 20 metres,52.508946,Darkness - lights lit,390340,290130,-2.143772,E01009816,1,2,0,0,Frost or ice,Single carriageway,None,30,18:38:00,Urban,Other,No,21 - 25,3,Urban area,2,1910,None,None,Other/Not known (2005-10),Not at or within 20 metres of junction,VAUXHALL,VECTRA LIFE CDTI 120,Heavy oil,Female,Skidded,No tow/articulation,Did not leave carriageway,0,Going ahead other,1,Car,No,Front,2010
201001SX21177,C,0,Unclassified,0,Slight,None,14-11-2010,Sunday,1,Give way or uncontrolled,Crossroads,51.582259,Darkness - lights lit,522560,188530,-0.232507,E01000314,1,3,0,0,Wet or damp,Single carriageway,None,30,17:56:00,Urban,Raining + high winds,No,21 - 25,3,Urban area,3,1364,None,None,Other/Not known (2005-10),Mid Junction - on roundabout or on main road,VAUXHALL,CORSA CLUB A/C,Petrol,Female,None,No tow/articulation,Did not leave carriageway,0,Going ahead other,1,Car,No,Front,2010
201001SX21177,C,0,Unclassified,0,Slight,None,14-11-2010,Sunday,1,Give way or uncontrolled,Crossroads,51.582259,Darkness - lights lit,522560,188530,-0.232507,E01000314,1,3,0,0,Wet or damp,Single carriageway,None,30,17:56:00,Urban,Raining + high winds,No,21 - 25,3,Urban area,3,1364,None,None,Other/Not known (2005-10),Mid Junction - on roundabout or on main road,VAUXHALL,CORSA CLUB A/C,Petrol,Female,None,No tow/articulation,Did not leave carriageway,0,Going ahead other,1,Car,No,Front,2010
201043W174020,A,33,A,329,Slight,None,15-12-2020,Thursday,1,Give way or uncontrolled,T or staggered junction,13.04015981,Darkness - lights lit,471280,172780,77.58524807,E01016391,2,2,0,0,Wet or damp,Dual carriageway,None,40,17:17:00,Urban,Raining no high winds,No,21 - 25,3,Urban area,10,1149,None,None,Other/Not known (2005-10),Mid Junction - on roundabout or on main road,RENAULT,CLIO SX DYNAMIQUE 16V,Petrol,Male,None,No tow/articulation,Did not leave carriageway,0,Turning right,1,Car,No,Offside,2020
201054DE24910,A,420,A,419,Slight,None,11-01-2019,Thursday,1,Give way or uncontrolled,Roundabout,26.46244836,Darkness - lights lit,418670,186020,74.59418502,E01015551,1,1,0,0,Wet or damp,Roundabout,None,40,20:48:00,Rural,Raining no high winds,No,21 - 25,3,Urban area,9,2497,Kerb,None,Other/Not known (2005-10),Mid Junction - on roundabout or on main road,BMW,525D M SPORT A,Heavy oil,Male,Skidded and overturned,No tow/articulation,Nearside,0,Going ahead other,1,Car,No,Nearside,2020
201045WA48376,A,325,NA,0,Slight,None,09-09-2019,Wednesday,1,Data missing or out of range,Not at junction or within 20 metres,28.68190518,Darkness - lights lit,483010,146250,77.27087391,E01030886,1,2,0,0,Wet or damp,Single carriageway,None,30,16:48:00,Urban,Raining no high winds,No,21 - 25,3,Data missing or out of range,NA,1686,None,None,Other/Not known (2005-10),Not at or within 20 metres of junction,VAUXHALL,ASTRA CLUB CDTI 100,Heavy oil,Male,Skidded and overturned,No tow/articulation,Did not leave carriageway,0,Slowing or stopping,2,Car,No,Front,2020
20104100E0440,Unclassified,479,Unclassified,551,Slight,None,24-01-2019,Wednesday,1,Give way or uncontrolled,T or staggered junction,29.72931877,Darkness - lights lit,526900,225480,87.38583839,E01023768,1,2,0,0,Wet or damp,Single carriageway,None,40,18:09:00,Urban,Raining no high winds,No,21 - 25,3,Urban area,10,1242,None,None,Commuting to/from work,Approaching junction or waiting/parked at junction approach,FORD,FIESTA STYLE CLIMATE,Petrol,Male,None,No tow/articulation,Did not leave carriageway,0,Waiting to turn right,2,Car,No,Back,2021
201001JC30149,A,406,A,104,Slight,None,23-01-2010,Saturday,2,Give way or uncontrolled,Roundabout,51.595981,Darkness - lights lit,539320,190490,0.010016,E01004377,1,2,0,7,Wet or damp,Dual carriageway,None,30,16:30:00,Urban,Raining no high winds,No,21 - 25,3,Urban area,10,1796,None,None,Other/Not known (2005-10),Approaching junction or waiting/parked at junction approach,VAUXHALL,ASTRA SRI A,Petrol,Male,Skidded,No tow/articulation,Did not leave carriageway,0,Slowing or stopping,2,Car,No,Front,2010
201001JC39007,B,179,Unclassified,0,Slight,None,12-11-2010,Friday,1,Give way or uncontrolled,T or staggered junction,51.599785,Darkness - lights lit,537000,190850,-0.023316,E01004346,1,2,0,0,Wet or damp,Single carriageway,None,30,19:23:00,Urban,Raining no high winds,No,21 - 25,3,Urban area,3,1086,None,None,Other/Not known (2005-10),Entering main road,HYUNDAI,GETZ CDX,Petrol,Male,None,No tow/articulation,Did not leave carriageway,0,Turning right,2,Car,No,Front,2010
201001KG70393,A,13,Unclassified,0,Slight,None,08-10-2010,Friday,2,Give way or uncontrolled,Slip road,51.532772,Darkness - lights lit,546570,183660,0.111767,E01000045,1,2,0,0,Wet or damp,Dual carriageway,Roadworks,50,06:45:00,Urban,Raining no high winds,No,21 - 25,3,Urban area,2,1998,None,None,Commuting to/from work,Entering from slip road,FORD,MONDEO GHIA TDCI 130,Heavy oil,Male,None,No tow/articulation,Did not leave carriageway,0,Slowing or stopping,1,Car,No,Back,2010
201001MM70970,Unclassified,0,NA,0,Slight,None,14-11-2010,Sunday,1,Data missing or out of range,Not at junction or within 20 metres,51.469176,Darkness - lights lit,535290,176270,-0.053589,E01004004,1,2,0,0,Wet or damp,Single carriageway,None,30,20:10:00,Urban,Raining no high winds,No,21 - 25,3,Urban area,2,1560,None,None,Other/Not known (2005-10),Not at or within 20 metres of junction,FORD,FOCUS ZETEC CLIMATE TDCI,Heavy oil,Male,None,No tow/articulation,Did not leave carriageway,0,Waiting to go - held up,1,Car,No,Back,2010
201001SX20349,Unclassified,0,NA,0,Slight,None,02-04-2010,Friday,1,Data missing or out of range,Not at junction or within 20 metres,51.57181,Darkness - lights lit,524720,187420,-0.201742,E01000145,3,2,0,0,Wet or damp,Dual carriageway,None,30,22:56:00,Urban,Raining no high winds,No,21 - 25,3,Urban area,5,1997,None,None,Other/Not known (2005-10),Not at or within 20 metres of junction,PEUGEOT,407 SE,Petrol,Male,None,No tow/articulation,Did not leave carriageway,0,Going ahead other,1,Car,No,Nearside,2010
20104100E0440,Unclassified,479,Unclassified,551,Slight,None,29-09-2010,Wednesday,1,Give way or uncontrolled,T or staggered junction,51.913356,Darkness - lights lit,526900,225480,-0.156429,E01023768,1,2,0,0,Wet or damp,Single carriageway,None,40,18:09:00,Urban,Raining no high winds,No,21 - 25,3,Urban area,10,1242,None,None,Commuting to/from work,Approaching junction or waiting/parked at junction approach,FORD,FIESTA STYLE CLIMATE,Petrol,Male,None,No tow/articulation,Did not leave carriageway,0,Waiting to turn right,2,Car,No,Back,2010
201043W174020,A,33,A,329,Slight,None,25-02-2010,Thursday,1,Give way or uncontrolled,T or staggered junction,51.449476,Darkness - lights lit,471280,172780,-0.975637,E01016391,2,2,0,0,Wet or damp,Dual carriageway,None,40,17:17:00,Urban,Raining no high winds,No,21 - 25,3,Urban area,10,1149,None,None,Other/Not known (2005-10),Mid Junction - on roundabout or on main road,RENAULT,CLIO SX DYNAMIQUE 16V,Petrol,Male,None,No tow/articulation,Did not leave carriageway,0,Turning right,1,Car,No,Offside,2010
201045WA48376,A,325,NA,0,Slight,None,27-01-2010,Wednesday,1,Data missing or out of range,Not at junction or within 20 metres,51.209375,Darkness - lights lit,483010,146250,-0.813044,E01030886,1,2,0,0,Wet or damp,Single carriageway,None,30,16:48:00,Urban,Raining no high winds,No,21 - 25,3,Data missing or out of range,NA,1686,None,None,Other/Not known (2005-10),Not at or within 20 metres of junction,VAUXHALL,ASTRA CLUB CDTI 100,Heavy oil,Male,Skidded and overturned,No tow/articulation,Did not leave carriageway,0,Slowing or stopping,2,Car,No,Front,2010
201054DE24910,A,420,A,419,Slight,None,26-08-2010,Thursday,1,Give way or uncontrolled,Roundabout,51.572694,Darkness - lights lit,418670,186020,-1.732013,E01015551,1,1,0,0,Wet or damp,Roundabout,None,40,20:48:00,Rural,Raining no high winds,No,21 - 25,3,Urban area,9,2497,Kerb,None,Other/Not known (2005-10),Mid Junction - on roundabout or on main road,BMW,525D M SPORT A,Heavy oil,Male,Skidded and overturned,No tow/articulation,Nearside,0,Going ahead other,1,Car,No,Nearside,2010
201001JC30149,A,406,A,104,Slight,None,23-01-2010,Saturday,2,Give way or uncontrolled,Roundabout,51.595981,Darkness - lights lit,539320,190490,0.010016,E01004377,1,2,0,7,Wet or damp,Dual carriageway,None,30,16:30:00,Urban,Raining no high winds,No,21 - 25,3,Urban area,10,1796,None,None,Other/Not known (2005-10),Approaching junction or waiting/parked at junction approach,VAUXHALL,ASTRA SRI A,Petrol,Male,Skidded,No tow/articulation,Did not leave carriageway,0,Slowing or stopping,2,Car,No,Front,2010
201001JC39007,B,179,Unclassified,0,Slight,None,12-11-2010,Friday,1,Give way or uncontrolled,T or staggered junction,51.599785,Darkness - lights lit,537000,190850,-0.023316,E01004346,1,2,0,0,Wet or damp,Single carriageway,None,30,19:23:00,Urban,Raining no high winds,No,21 - 25,3,Urban area,3,1086,None,None,Other/Not known (2005-10),Entering main road,HYUNDAI,GETZ CDX,Petrol,Male,None,No tow/articulation,Did not leave carriageway,0,Turning right,2,Car,No,Front,2010
201001KG70393,A,13,Unclassified,0,Slight,None,08-10-2010,Friday,2,Give way or uncontrolled,Slip road,51.532772,Darkness - lights lit,546570,183660,0.111767,E01000045,1,2,0,0,Wet or damp,Dual carriageway,Roadworks,50,06:45:00,Urban,Raining no high winds,No,21 - 25,3,Urban area,2,1998,None,None,Commuting to/from work,Entering from slip road,FORD,MONDEO GHIA TDCI 130,Heavy oil,Male,None,No tow/articulation,Did not leave carriageway,0,Slowing or stopping,1,Car,No,Back,2010
201001MM70970,Unclassified,0,NA,0,Slight,None,14-11-2010,Sunday,1,Data missing or out of range,Not at junction or within 20 metres,51.469176,Darkness - lights lit,535290,176270,-0.053589,E01004004,1,2,0,0,Wet or damp,Single carriageway,None,30,20:10:00,Urban,Raining no high winds,No,21 - 25,3,Urban area,2,1560,None,None,Other/Not known (2005-10),Not at or within 20 metres of junction,FORD,FOCUS ZETEC CLIMATE TDCI,Heavy oil,Male,None,No tow/articulation,Did not leave carriageway,0,Waiting to go - held up,1,Car,No,Back,2010
201001SX20349,Unclassified,0,NA,0,Slight,None,02-04-2010,Friday,1,Data missing or out of range,Not at junction or within 20 metres,51.57181,Darkness - lights lit,524720,187420,-0.201742,E01000145,3,2,0,0,Wet or damp,Dual carriageway,None,30,22:56:00,Urban,Raining no high winds,No,21 - 25,3,Urban area,5,1997,None,None,Other/Not known (2005-10),Not at or within 20 metres of junction,PEUGEOT,407 SE,Petrol,Male,None,No tow/articulation,Did not leave carriageway,0,Going ahead other,1,Car,No,Nearside,2010
201005BB04287,A,565,Unclassified,0,Slight,None,28-01-2010,Thursday,1,Auto traffic signal,T or staggered junction,53.495736,Darkness - lights lit,332970,400370,-3.011894,E01007023,1,2,0,5,Wet or damp,Single carriageway,None,30,20:30:00,Urban,Raining no high winds,No,21 - 25,3,Urban area,7,1560,None,None,Journey as part of work,Approaching junction or waiting/parked at junction approach,PEUGEOT,307 S HDI 110,Heavy oil,Male,None,No tow/articulation,Did not leave carriageway,0,Slowing or stopping,2,Car,No,Front,2010
201006N026829,B,6196,B,6292,Slight,None,21-01-2010,Thursday,1,Auto traffic signal,T or staggered junction,53.589686,Darkness - lights lit,377480,410400,-2.341695,E01005006,6,2,0,8,Wet or damp,Single carriageway,None,30,21:35:00,Urban,Raining no high winds,No,21 - 25,3,Urban area,2,1229,None,None,Other/Not known (2005-10),Mid Junction - on roundabout or on main road,VAUXHALL,CORSA CLUB,Petrol,Male,None,No tow/articulation,Did not leave carriageway,0,Going ahead other,2,Car,No,Offside,2010
201011NH19230,B,6532,Unclassified,0,Slight,None,14-08-2010,Saturday,1,Give way or uncontrolled,T or staggered junction,54.863295,Darkness - lights lit,420280,552100,-1.685568,E01020673,2,2,0,0,Wet or damp,Single carriageway,None,30,01:17:00,Urban,Raining no high winds,No,21 - 25,3,Rural,2,1248,None,None,Other/Not known (2005-10),Approaching junction or waiting/parked at junction approach,VAUXHALL,ASTRA CLUB CDTI,Heavy oil,Male,None,No tow/articulation,Did not leave carriageway,0,Going ahead other,1,Van / Goods 3.5 tonnes mgw or under,No,Front,2010
201014C112210,A,633,Unclassified,0,Slight,None,19-09-2010,Sunday,1,Give way or uncontrolled,Other junction,53.466283,Darkness - lights lit,443950,396820,-1.339429,E01007782,1,2,0,4,Wet or damp,Single carriageway,None,30,01:36:00,Urban,Raining no high winds,No,21 - 25,3,Urban area,5,1686,Parked vehicle,None,Other/Not known (2005-10),Approaching junction or waiting/parked at junction approach,VAUXHALL,ASTRA SXI CDTI 100,Heavy oil,Male,Skidded,No tow/articulation,Did not leave carriageway,0,Going ahead other,1,Car,No,Front,2010
201014K189110,C,401,NA,0,Slight,None,13-07-2010,Tuesday,1,Not at junction or within 20 metres,Not at junction or within 20 metres,53.341901,Darkness - lights lit,441550,382960,-1.3774,E01008033,2,1,0,0,Wet or damp,Single carriageway,None,30,22:20:00,Urban,Raining no high winds,No,21 - 25,3,Rural,6,1149,None,Other permanent object,Other/Not known (2005-10),Not at or within 20 metres of junction,RENAULT,CLIO EXTREME,Petrol,Male,Skidded,No tow/articulation,Nearside and rebounded,0,Going ahead other,1,Car,No,Nearside,2010
201036T100124,B,1172,B,1135,Slight,None,31-03-2020,Friday,1,Give way or uncontrolled,Roundabout,15.24787046,Darkness - lights lit,612710,302530,74.01997278,E01026933,1,2,0,0,Wet or damp,Roundabout,None,40,20:17:00,Rural,Raining no high winds,No,21 - 25,3,Urban area,6,1242,None,None,Other/Not known (2005-10),Mid Junction - on roundabout or on main road,FORD,FIESTA STYLE CLIMATE,Petrol,Female,None,No tow/articulation,Did not leave carriageway,0,Going ahead other,2,Car,No,Nearside,2019
201045GU50158,Unclassified,4027,NA,0,Slight,None,27-11-2020,Sunday,1,Data missing or out of range,Not at junction or within 20 metres,27.10625763,Darkness - lights lit,499700,151820,93.60867921,E01030482,1,6,0,0,Wet or damp,Single carriageway,None,30,02:31:00,Urban,Raining no high winds,No,21 - 25,3,Urban area,3,1598,Parked vehicle,None,Other/Not known (2005-10),Not at or within 20 metres of junction,VOLKSWAGEN,GOLF FSI S,Petrol,Female,None,No tow/articulation,Did not leave carriageway,0,Parked,3,Car,No,Back,2019
201001EO40705,A,104,C,0,Slight,None,14-11-2010,Sunday,1,Auto traffic signal,Crossroads,51.546474,Darkness - lights lit,532960,184810,-0.083897,E01002716,2,2,0,5,Wet or damp,Single carriageway,Auto traffic signal - out,30,04:35:00,Urban,Raining no high winds,No,21 - 25,3,Data missing or out of range,NA,1229,None,None,Other/Not known (2005-10),Mid Junction - on roundabout or on main road,VAUXHALL,CORSA CLUB A/C,Petrol,Female,None,No tow/articulation,Did not leave carriageway,0,Going ahead other,2,Car,No,Front,2010
201036T100124,B,1172,B,1135,Slight,None,01-10-2010,Friday,1,Give way or uncontrolled,Roundabout,52.578922,Darkness - lights lit,612710,302530,1.138039,E01026933,1,2,0,0,Wet or damp,Roundabout,None,40,20:17:00,Rural,Raining no high winds,No,21 - 25,3,Urban area,6,1242,None,None,Other/Not known (2005-10),Mid Junction - on roundabout or on main road,FORD,FIESTA STYLE CLIMATE,Petrol,Female,None,No tow/articulation,Did not leave carriageway,0,Going ahead other,2,Car,No,Nearside,2010
201004AL10111,Unclassified,0,Unclassified,0,Slight,None,30-06-2010,Wednesday,1,Give way or uncontrolled,Slip road,53.740568,Darkness - lights unlit,334590,427590,-2.993204,E01024982,1,2,0,1,Dry,Single carriageway,None,30,17:53:00,Urban,Other,No,21 - 25,3,Data missing or out of range,NA,1598,None,None,Commuting to/from work,Approaching junction or waiting/parked at junction approach,VOLKSWAGEN,GOLF MATCH FSI 115,Petrol,Male,None,No tow/articulation,Did not leave carriageway,0,Going ahead other,1,Car,No,Front,2010
201050KE3M004,A,376,NA,0,Slight,Other object on road,19-02-2021,Tuesday,1,Data missing or out of range,Not at junction or within 20 metres,19.10291856,Darkness - lights unlit,299670,84990,72.88791071,E01019964,1,2,0,0,Wet or damp,Single carriageway,None,40,12:11:00,Rural,Raining no high winds,No,21 - 25,3,Urban area,6,124,Other object,None,Other/Not known (2005-10),Not at or within 20 metres of junction,HYOSUNG,GT 125 R,Petrol,Male,Skidded,No tow/articulation,Did not leave carriageway,0,Slowing or stopping,2,Motorcycle 125cc and under,No,Did not impact,2021
201050KE3M004,A,376,NA,0,Slight,Other object on road,08-06-2010,Tuesday,1,Data missing or out of range,Not at junction or within 20 metres,50.655853,Darkness - lights unlit,299670,84990,-3.420747,E01019964,1,2,0,0,Wet or damp,Single carriageway,None,40,12:11:00,Rural,Raining no high winds,No,21 - 25,3,Urban area,6,124,Other object,None,Other/Not known (2005-10),Not at or within 20 metres of junction,HYOSUNG,GT 125 R,Petrol,Male,Skidded,No tow/articulation,Did not leave carriageway,0,Slowing or stopping,2,Motorcycle 125cc and under,No,Did not impact,2010
201037B045047,B,1078,NA,0,Slight,None,29-03-2020,Friday,1,Data missing or out of range,Not at junction or within 20 metres,26.73895685,Darkness - no lighting,601420,250050,94.22383349,E01029911,1,2,0,0,Dry,Single carriageway,None,60,23:52:00,Rural,Fine no high winds,No,21 - 25,3,Urban area,2,1796,None,Entered ditch,Other/Not known (2005-10),Not at or within 20 metres of junction,VAUXHALL,VECTRA EXCLUSIV,Petrol,Male,Skidded,No tow/articulation,Nearside,0,Going ahead left-hand bend,1,Car,No,Front,2019
201050BC2H011,A,39,NA,0,Slight,None,03-11-2019,Monday,1,Not at junction or within 20 metres,Not at junction or within 20 metres,25.77478411,Darkness - no lighting,206930,79990,87.48844089,E01018940,2,1,0,0,Dry,Single carriageway,None,60,22:03:00,Rural,Fine no high winds,No,21 - 25,3,Small town,6,1390,Bridge (side),Other permanent object,Other/Not known (2005-10),Not at or within 20 metres of junction,RENAULT,CLIO DYNAMIQUE,Petrol,Male,None,No tow/articulation,Offside,0,Going ahead right-hand bend,1,Car,No,Nearside,2019
201043N028010,C,51,NA,0,Slight,None,26-04-2021,Monday,1,Data missing or out of range,Not at junction or within 20 metres,15.30632606,Darkness - no lighting,470930,235010,73.97630534,E01017686,2,3,0,0,Frost or ice,Single carriageway,None,60,17:20:00,Rural,Fine no high winds,No,21 - 25,3,Urban area,8,1560,None,Entered ditch,Other/Not known (2005-10),Not at or within 20 metres of junction,MAZDA,3 TS2 D,Heavy oil,Male,Skidded,No tow/articulation,Nearside,0,Going ahead left-hand bend,1,Car,No,Front,2019