Accident_Index,1st_Road_Class,1st_Road_Number,2nd_Road_Class,2nd_Road_Number,Accident_Severity,Carriageway_Hazards,Date,Day_of_Week,Did_Police_Officer_Attend_Scene_of_Accident,Junction_Control,Junction_Detail,Latitude,Light_Conditions,Location_Easting_OSGR,Location_Northing_OSGR,Longitude,LSOA_of_Accident_Location,Number_of_Casualties,Number_of_Vehicles,Pedestrian_Crossing-Human_Control,Pedestrian_Crossing-Physical_Facilities,Road_Surface_Conditions,Road_Type,Special_Conditions_at_Site,Speed_limit,Time,Urban_or_Rural_Area,Weather_Conditions,InScotland,Age_Band_of_Driver,Age_of_Vehicle,Driver_Home_Area_Type,Driver_IMD_Decile,Engine_Capacity_.CC.,Hit_Object_in_Carriageway,Hit_Object_off_Carriageway,Journey_Purpose_of_Driver,Junction_Location,make,model,Propulsion_Code,Sex_of_Driver,Skidding_and_Overturning,Towing_and_Articulation,Vehicle_Leaving_Carriageway,Vehicle_Location.Restricted_Lane,Vehicle_Manoeuvre,Vehicle_Reference,Vehicle_Type,Was_Vehicle_Left_Hand_Drive,X1st_Point_of_Impact,Year
201034WS00020,C,67,NA,0,Slight,None,03-05-2021,Sunday,1,Data missing or out of range,Not at junction or within 20 metres,13.02611465,Daylight,471350,256880,77.58708824,E01027285,1,1,0,0,Frost or ice,Single carriageway,None,30,14:28:00,Rural,Fine no high winds,No,21 - 25,3,Urban area,8,398,None,None,Other/Not known (2005-10),Not at or within 20 metres of junction,SUZUKI,DRZ 400 SM K6,Petrol,Male,Skidded,No tow/articulation,Did not leave carriageway,0,Going ahead other,1,Motorcycle over 125cc and up to 500cc,No,Offside,2020
201043R190030,A,355,Unclassified,7302,Slight,None,20-02-2020,Thursday,1,Auto traffic signal,T or staggered junction,8.865222306,Daylight,496150,181500,76.6436299,E01016483,2,2,0,5,Dry,Dual carriageway,None,30,16:35:00,Urban,Fine no high winds,No,21 - 25,3,Urban area,7,1995,None,None,Journey as part of work,Mid Junction - on roundabout or on main road,RENAULT,TRAFIC LL29 DCI 115,Heavy oil,Male,None,No tow/articulation,Did not leave carriageway,0,Turning right,1,Van / Goods 3.5 tonnes mgw or under,No,Front,2020
201050EL2C023,A,376,Unclassified,0,Slight,None,30-10-2019,Thursday,1,Auto traffic signal,Roundabout,8.87331276,Daylight,251690,56680,76.61784953,E01015055,1,2,0,0,Dry,Roundabout,None,30,09:30:00,Rural,Fine no high winds,No,21 - 25,3,Urban area,4,1995,None,None,Other/Not known (2005-10),Mid Junction - on roundabout or on main road,BMW,120D SE,Heavy oil,Male,None,No tow/articulation,Did not leave carriageway,0,Moving off,1,Car,No,Front,2020
201043S128040,Motorway,1,NA,0,Slight,None,24-09-2019,Thursday,1,Data missing or out of range,Not at junction or within 20 metres,8.866441502,Daylight,481010,248350,76.62344655,E01016761,1,2,0,0,Dry,Dual carriageway,None,70,11:41:00,Rural,Fine no high winds,No,21 - 25,3,Data missing or out of range,NA,3628,None,None,Other/Not known (2005-10),Not at or within 20 metres of junction,LAND ROVER,RANGE ROVER SP HSE TDV8 A,Heavy oil,Male,None,No tow/articulation,Did not leave carriageway,0,Going ahead other,1,Car,No,Front,2020
201043S006060,Unclassified,1103,Unclassified,1103,Slight,None,03-09-2019,Thursday,1,Give way or uncontrolled,Crossroads,8.876677336,Daylight,490020,239340,76.63891438,E01016785,2,2,0,0,Dry,Single carriageway,None,30,16:28:00,Rural,Fine no high winds,No,21 - 25,3,Urban area,2,1397,None,None,Commuting to/from work,Mid Junction - on roundabout or on main road,PEUGEOT,207 S,Petrol,Male,None,No tow/articulation,Did not leave carriageway,0,Going ahead other,1,Car,No,Front,2020
201037G030585,Unclassified,9999,NA,0,Slight,None,08-01-2021,Monday,1,Data missing or out of range,Not at junction or within 20 metres,22.69899119,Daylight,619610,241340,75.87205237,E01029993,1,2,0,0,Frost or ice,Single carriageway,None,30,08:00:00,Rural,Fine no high winds,No,21 - 25,3,Urban area,3,1598,None,None,Other/Not known (2005-10),Not at or within 20 metres of junction,VAUXHALL,ASTRA CLUB S-A,Petrol,Male,None,No tow/articulation,Did not leave carriageway,0,Parked,2,Car,No,Front,2020
201037B045809,A,143,Unclassified,5421,Slight,None,16-06-2020,Tuesday,1,Give way or uncontrolled,T or staggered junction,22.70629096,Daylight,606930,276230,75.89063808,E01030067,1,2,0,0,Dry,Single carriageway,None,60,17:00:00,Rural,Fine no high winds,No,21 - 25,3,Rural,7,2464,None,None,Journey as part of work,Mid Junction - on roundabout or on main road,RENAULT,MASTER LM35 DCI 120,Heavy oil,Male,None,No tow/articulation,Did not leave carriageway,0,Going ahead other,1,Van / Goods 3.5 tonnes mgw or under,No,Front,2020
201045SU52532,Motorway,3,NA,0,Slight,None,20-05-2019,Monday,1,Data missing or out of range,Not at junction or within 20 metres,26.46450625,Daylight,487920,159060,74.63320918,E01030804,6,7,0,0,Dry,Dual carriageway,Auto traffic signal - out,70,19:50:00,Urban,Fine no high winds,No,21 - 25,3,Urban area,8,1587,None,None,Other/Not known (2005-10),Not at or within 20 metres of junction,PEUGEOT,307 S,Petrol,Male,None,No tow/articulation,Did not leave carriageway,0,Going ahead other,3,Car,No,Back,2020
201042I258408,Motorway,11,NA,0,Slight,None,29-01-2019,Friday,1,Not at junction or within 20 metres,Not at junction or within 20 metres,26.47048895,Daylight,550800,235210,74.6310234,E01022073,1,4,0,0,Wet or damp,Dual carriageway,None,70,14:10:00,Rural,Fine no high winds,No,21 - 25,3,Urban area,2,2402,None,None,Journey as part of work,Not at or within 20 metres of junction,FORD,TRANSIT 100 T350L RWD,Heavy oil,Male,None,No tow/articulation,Did not leave carriageway,0,Going ahead other,1,Van / Goods 3.5 tonnes mgw or under,No,Front,2020
201043R082060,A,308,Unclassified,7408,Slight,None,11-02-2019,Saturday,1,Give way or uncontrolled,T or staggered junction,26.43855515,Daylight,488600,181100,80.30329221,E01016536,1,1,0,0,Dry,Dual carriageway,None,40,16:50:00,Urban,Fine no high winds,No,21 - 25,3,Urban area,9,125,Kerb,None,Other/Not known (2005-10),Approaching junction or waiting/parked at junction approach,APRILIA,RS 125 FP 06,Petrol,Male,Skidded,No tow/articulation,Did not leave carriageway,0,Going ahead other,1,Motorcycle 125cc and under,No,Front,2020
20104100C0206,A,412,NA,,Slight,None,14-04-2020,Monday,2,Give way or uncontrolled,Private drive or entrance,26.46558746,Daylight,511690,200380,80.32189411,E01023877,1,2,0,0,Dry,Single carriageway,None,30,16:00:00,Urban,Fine no high winds,No,21 - 25,3,Urban area,8,1598,None,None,Journey as part of work,Mid Junction - on roundabout or on main road,NISSAN,NOTE SVE,Petrol,Male,None,No tow/articulation,Did not leave carriageway,0,Going ahead other,2,Car,No,Nearside,2020
201045MO54865,A,29,NA,0,Slight,None,18-10-2021,Friday,1,Data missing or out of range,Not at junction or within 20 metres,26.45828614,Daylight,514770,140200,80.26487943,E01030557,1,2,0,0,Dry,Single carriageway,None,40,11:40:00,Rural,Fine no high winds,No,21 - 25,3,Urban area,9,1248,None,None,Journey as part of work,Not at or within 20 metres of junction,VAUXHALL,COMBO 2000 CDTI,Heavy oil,Male,None,No tow/articulation,Did not leave carriageway,0,Waiting to turn right,2,Van / Goods 3.5 tonnes mgw or under,No,Front,2020
201050JC4V019,Unclassified,0,Unclassified,0,Slight,None,19-05-2020,Friday,1,Give way or uncontrolled,Roundabout,28.6087752,Daylight,295040,87170,77.09701169,E01020242,1,3,0,0,Dry,Roundabout,None,60,12:08:00,Rural,Fine no high winds,No,21 - 25,3,Small town,7,1198,None,None,Commuting to/from work,Entering roundabout,SEAT,IBIZA REFERENCE SPORT 12V,Petrol,Male,None,No tow/articulation,Did not leave carriageway,0,Going ahead other,3,Car,No,Back,2020
201042I242007,B,1007,Unclassified,0,Slight,None,06-08-2021,Wednesday,1,Give way or uncontrolled,T or staggered junction,28.62609532,Daylight,568020,187030,77.37044009,E01021282,2,2,0,0,Dry,Single carriageway,None,50,18:55:00,Urban,Fine no high winds,No,21 - 25,3,Urban area,8,1998,None,Road sign or traffic signal,Commuting to/from work,Mid Junction - on roundabout or on main road,RENAULT,MEGANE GT TURBO 165,Petrol,Male,None,No tow/articulation,Offside,0,Turning right,1,Car,No,Offside,2020
201050JN2J004,Unclassified,0,Unclassified,0,Slight,None,13-02-2019,Tuesday,2,Give way or uncontrolled,T or staggered junction,28.64734167,Daylight,286880,69790,77.14230362,E01020227,1,2,0,0,Dry,Single carriageway,None,30,18:34:00,Urban,Fine no high winds,No,21 - 25,3,Urban area,5,1995,None,None,Journey as part of work,Mid Junction - on roundabout or on main road,BMW,120D M SPORT,Heavy oil,Male,None,No tow/articulation,Did not leave carriageway,0,Turning right,1,Car,No,Front,2020
201043N206020,Unclassified,3016,Unclassified,3016,Slight,None,15-12-2019,Friday,1,Give way or uncontrolled,T or staggered junction,28.62717427,Daylight,486390,193180,77.12634328,E01017837,1,1,0,0,Dry,Single carriageway,None,30,10:46:00,Urban,Fine no high winds,No,21 - 25,3,Urban area,8,2148,None,None,Journey as part of work,Mid Junction - on roundabout or on main road,MERCEDES,SPRINTER 311 CDI LWB,Heavy oil,Male,None,No tow/articulation,Did not leave carriageway,0,Turning right,1,Van / Goods 3.5 tonnes mgw or under,No,Front,2020
201042I189806,Unclassified,0,Unclassified,0,Slight,None,18-05-2019,Sunday,1,Give way or uncontrolled,T or staggered junction,28.71461634,Daylight,586960,185790,77.359245,E01015855,1,2,0,0,Dry,Single carriageway,Oil or diesel,30,20:06:00,Urban,Fine no high winds,No,21 - 25,3,Urban area,2,49,None,None,Journey as part of work,Approaching junction or waiting/parked at junction approach,PEUGEOT,LUDIX ELEGANCE,Petrol,Male,Skidded,No tow/articulation,Did not leave carriageway,0,Slowing or stopping,2,Motorcycle 50cc and under,No,Offside,2020
201045GU53345,B,368,B,2215,Slight,None,20-10-2020,Sunday,1,Give way or uncontrolled,T or staggered junction,28.55363607,Daylight,504340,155290,77.15768256,E01030458,1,2,0,8,Dry,Single carriageway,None,40,12:25:00,Rural,Fine no high winds,No,21 - 25,3,Rural,6,124,None,None,Other/Not known (2005-10),Approaching junction or waiting/parked at junction approach,JINLUN,JL 125-11,Petrol,Male,None,No tow/articulation,Did not leave carriageway,0,Waiting to turn left,1,Motorcycle 125cc and under,No,Back,2020
201045WA51858,A,325,NA,0,Slight,None,10-04-2021,Tuesday,1,Data missing or out of range,Not at junction or within 20 metres,28.65989747,Daylight,485200,147400,77.13160656,E01030893,1,2,0,0,Dry,Single carriageway,None,40,18:10:00,Urban,Fine no high winds,No,21 - 25,3,Urban area,6,1798,None,None,Other/Not known (2005-10),Not at or within 20 metres of junction,FORD,C-MAX TITANIUM,Petrol,Male,None,No tow/articulation,Did not leave carriageway,0,Overtaking static vehicle - offside,1,Car,No,Front,2021
201037L017984,Unclassified,1410,NA,0,Slight,None,19-01-2019,Wednesday,2,Data missing or out of range,Not at junction or within 20 metres,28.66198277,Daylight,635900,287700,77.33351989,E01030285,1,2,0,0,Dry,Single carriageway,None,60,10:00:00,Rural,Fine no high winds,No,21 - 25,3,Data missing or out of range,NA,2148,None,None,Journey as part of work,Not at or within 20 metres of junction,MERCEDES,SPRINTER 211 CDI MWB,Heavy oil,Male,None,No tow/articulation,Nearside,0,Going ahead right-hand bend,1,Van / Goods 3.5 tonnes mgw or under,No,Offside,2021
201054DC39110,C,402,NA,0,Slight,None,24-09-2021,Friday,1,Not at junction or within 20 metres,Not at junction or within 20 metres,28.67281001,Daylight,415220,185120,77.22568502,E01015475,1,1,0,5,Dry,Single carriageway,None,30,11:48:00,Urban,Fine no high winds,No,21 - 25,3,Urban area,4,2494,None,None,Journey as part of work,Not at or within 20 metres of junction,TOYOTA,HIACE 300 D-4D 120 LWB,Heavy oil,Male,None,No tow/articulation,Did not leave carriageway,0,Going ahead other,1,Van / Goods 3.5 tonnes mgw or under,No,Nearside,2021
2010400D01263,C,238,A,505,Slight,None,06-03-2021,Thursday,1,Stop sign,T or staggered junction,18.61261234,Daylight,495600,223210,73.92701689,E01017615,2,2,0,0,Dry,Single carriageway,None,60,09:00:00,Rural,Fine no high winds,No,21 - 25,3,Urban area,1,2198,None,None,Journey as part of work,Approaching junction or waiting/parked at junction approach,PEUGEOT,BOXER 333 LWB,Heavy oil,Male,None,No tow/articulation,Did not leave carriageway,0,Moving off,2,Van / Goods 3.5 tonnes mgw or under,No,Front,2021
201034TW11870,A,45,NA,0,Slight,None,16-06-2020,Tuesday,1,Data missing or out of range,Not at junction or within 20 metres,18.51960905,Daylight,485890,262760,73.75997212,E01027325,1,2,0,0,Dry,Dual carriageway,None,70,15:05:00,Rural,Fine no high winds,No,21 - 25,3,Urban area,4,1242,None,Entered ditch,Other/Not known (2005-10),Not at or within 20 metres of junction,FORD,FIESTA FREEDOM,Petrol,Male,None,No tow/articulation,Nearside,0,Changing lane to right,1,Car,No,Back,2021
201043P137070,A,422,Unclassified,0,Slight,None,16-10-2021,Thursday,1,Give way or uncontrolled,T or staggered junction,18.49277045,Daylight,440920,241710,73.75520273,E01028509,4,3,0,0,Dry,Single carriageway,None,30,13:14:00,Rural,Fine no high winds,No,21 - 25,3,Urban area,3,1910,None,None,Other/Not known (2005-10),Mid Junction - on roundabout or on main road,VAUXHALL,VECTRA SRI NAV CDTI 120,Heavy oil,Male,None,No tow/articulation,Did not leave carriageway,0,Going ahead left-hand bend,1,Car,No,Front,2021
201043N070070,Unclassified,14,Unclassified,437,Slight,None,22-07-2020,Saturday,1,Give way or uncontrolled,T or staggered junction,18.59565736,Daylight,499840,190720,73.80543314,E01017755,2,2,0,0,Dry,Single carriageway,None,30,17:30:00,Urban,Fine no high winds,No,21 - 25,3,Data missing or out of range,NA,1400,None,Other permanent object,Other/Not known (2005-10),Approaching junction or waiting/parked at junction approach,VOLKSWAGEN,POLO DUNE 80,Petrol,Male,Skidded,No tow/articulation,Nearside,0,Going ahead other,1,Car,No,Front,2021
201045WO53414,Motorway,25,NA,0,Slight,None,13-10-2020,Sunday,1,Data missing or out of range,Not at junction or within 20 metres,18.59031915,Daylight,505700,160750,73.74164752,E01030946,1,2,0,0,Dry,Dual carriageway,None,70,09:40:00,Rural,Fine no high winds,No,21 - 25,3,Urban area,2,1986,None,None,Other/Not known (2005-10),Not at or within 20 metres of junction,AUDI,A4 S LINE TDI 140,Heavy oil,Male,None,No tow/articulation,Did not leave carriageway,0,Going ahead other,1,Car,No,Front,2021
201054EP22210,A,4,A,4,Slight,None,18-12-2019,Monday,1,Auto traffic signal,Roundabout,18.49412666,Daylight,391810,173280,73.88593315,E01031912,1,3,0,5,Dry,Roundabout,None,30,16:22:00,Urban,Fine no high winds,No,21 - 25,3,Small town,7,2402,None,None,Other/Not known (2005-10),Mid Junction - on roundabout or on main road,FORD,TRANSIT 100 T350L RWD,Heavy oil,Male,None,No tow/articulation,Did not leave carriageway,0,Going ahead left-hand bend,2,Van / Goods 3.5 tonnes mgw or under,No,Front,2021
20104100F0490,B,556,NA,0,Slight,None,29-01-2019,Thursday,1,Not at junction or within 20 metres,Not at junction or within 20 metres,18.53336258,Daylight,517230,202330,73.74047611,E01023720,1,2,0,0,Dry,Single carriageway,None,30,13:00:00,Rural,Fine no high winds,No,21 - 25,3,Urban area,4,2148,None,None,Journey as part of work,Not at or within 20 metres of junction,MERCEDES,SPRINTER 311 CDI MWB,Heavy oil,Male,None,No tow/articulation,Did not leave carriageway,0,Going ahead right-hand bend,2,Van / Goods 3.5 tonnes mgw or under,No,Offside,2021
20104100J0351,A,5183,Unclassified,1022,Slight,None,07-08-2021,Tuesday,1,Give way or uncontrolled,T or staggered junction,18.58545617,Daylight,517590,194810,73.95214734,E01023564,1,3,0,0,Dry,Single carriageway,None,30,15:45:00,Rural,Fine no high winds,No,21 - 25,3,Urban area,2,1995,None,None,Journey as part of work,Approaching junction or waiting/parked at junction approach,RENAULT,TRAFIC SL27+ DCI 115,Heavy oil,Male,None,No tow/articulation,Did not leave carriageway,0,Going ahead other,1,Van / Goods 3.5 tonnes mgw or under,No,Front,2021
20104100C1024,Unclassified,502,A,412,Slight,None,04-07-2021,Thursday,2,Give way or uncontrolled,T or staggered junction,18.54395667,Daylight,508350,195740,73.73936982,E01023825,1,2,0,1,Dry,Single carriageway,None,30,12:30:00,Urban,Fine no high winds,No,21 - 25,3,Urban area,8,2148,None,None,Other/Not known (2005-10),Cleared junction or waiting/parked at junction exit,MERCEDES,SPRINTER 311 CDI MWB,Heavy oil,Male,None,No tow/articulation,Did not leave carriageway,0,Turning right,1,Van / Goods 3.5 tonnes mgw or under,No,Front,2021
201050FT2C021,Unclassified,0,Unclassified,0,Slight,None,01-07-2019,Monday,1,Give way or uncontrolled,Mini-roundabout,19.15850286,Daylight,291710,64350,72.84747828,E01015217,1,2,0,0,Dry,Roundabout,None,30,19:28:00,Urban,Fine no high winds,No,21 - 25,3,Urban area,1,124,None,None,Other/Not known (2005-10),Entering roundabout,YIBEN MEIDUC,,Petrol,Male,None,No tow/articulation,Did not leave carriageway,0,Turning right,1,Motorcycle 125cc and under,No,Front,2021
201054EP37710,C,365,NA,0,Slight,None,30-06-2019,Tuesday,2,Not at junction or within 20 metres,Not at junction or within 20 metres,19.19032955,Daylight,392320,172990,72.8868057,E01031917,1,1,0,0,Dry,Single carriageway,None,30,15:20:00,Urban,Fine no high winds,No,21 - 25,3,Urban area,6,1587,None,None,Other/Not known (2005-10),Not at or within 20 metres of junction,CITROEN,C2 LOEB,Petrol,Male,None,No tow/articulation,Did not leave carriageway,0,Going ahead other,1,Car,No,Nearside,2021
201043W061040,A,4,Unclassified,7201,Slight,None,17-02-2019,Thursday,1,Give way or uncontrolled,T or staggered junction,19.11564129,Daylight,469940,172620,72.86634168,E01016419,1,2,0,4,Dry,Dual carriageway,None,30,18:39:00,Urban,Fine no high winds,No,21 - 25,3,Urban area,4,1968,None,None,Other/Not known (2005-10),Entering main road,VOLKSWAGEN,GOLF GT TDI 140,Heavy oil,Male,None,No tow/articulation,Did not leave carriageway,0,Turning left,1,Car,No,Front,2021
201042I106404,A,13,NA,0,Slight,None,22-03-2020,Saturday,1,Not at junction or within 20 metres,Not at junction or within 20 metres,19.1502207,Daylight,585960,186360,72.8672805,E01015832,2,2,0,0,Dry,Single carriageway,None,30,17:00:00,Urban,Fine no high winds,No,21 - 25,3,Urban area,1,748,None,None,Other/Not known (2005-10),Not at or within 20 metres of junction,KAWASAKI,ZR 750 L7F,Petrol,Male,None,No tow/articulation,Did not leave carriageway,0,Going ahead other,2,Motorcycle over 500cc,No,Nearside,2021
20104100G0359,A,505,NA,0,Slight,None,09-09-2020,Tuesday,1,Not at junction or within 20 metres,Not at junction or within 20 metres,19.0543727,Daylight,522780,231820,72.8768114,E01023647,2,2,0,8,Dry,Single carriageway,None,40,11:19:00,Urban,Fine no high winds,No,21 - 25,3,Rural,9,1248,Bollard or refuge,None,Journey as part of work,Not at or within 20 metres of junction,VAUXHALL,COMBO 2000 CDTI+,Heavy oil,Male,Skidded,No tow/articulation,Did not leave carriageway,0,Going ahead other,1,Van / Goods 3.5 tonnes mgw or under,No,Offside,2021
2010400C00346,Unclassified,0,NA,0,Slight,None,24-08-2020,Thursday,1,Data missing or out of range,Not at junction or within 20 metres,19.10607492,Daylight,506270,224390,72.83595886,E01015764,5,2,0,0,Dry,Single carriageway,None,30,12:29:00,Urban,Fine no high winds,No,21 - 25,3,Urban area,3,1598,None,None,Other/Not known (2005-10),Not at or within 20 metres of junction,VOLKSWAGEN,GOLF MATCH FSI 115,Petrol,Male,None,No tow/articulation,Did not leave carriageway,0,Waiting to go - held up,2,Car,No,Back,2021
201037B044699,A,11,Unclassified,0,Slight,None,28-06-2019,Thursday,1,Give way or uncontrolled,Private drive or entrance,19.39894361,Daylight,580740,278870,73.60853132,E01029928,1,3,0,0,Dry,Single carriageway,None,60,11:03:00,Rural,Fine no high winds,No,21 - 25,3,Urban area,5,12777,None,None,Journey as part of work,Approaching junction or waiting/parked at junction approach,VOLVO,,Heavy oil,Male,None,Articulated vehicle,Did not leave carriageway,0,Going ahead other,1,Goods 7.5 tonnes mgw and over,No,Back,2021
201050JI3J004,Unclassified,0,NA,0,Slight,None,01-04-2019,Friday,1,Not at junction or within 20 metres,Not at junction or within 20 metres,20.48897577,Daylight,260830,49980,84.48741491,E01020159,3,2,0,0,Wet or damp,Single carriageway,None,60,09:05:00,Rural,Fine no high winds,No,21 - 25,3,Urban area,3,9200,None,None,Journey as part of work,Not at or within 20 metres of junction,DAF TRUCKS,,Heavy oil,Male,None,No tow/articulation,Did not leave carriageway,0,Going ahead right-hand bend,2,Goods over 3.5t. and under 7.5t,No,Front,2021
201043N189050,Unclassified,1954,Unclassified,1954,Slight,None,18-04-2019,Tuesday,1,Give way or uncontrolled,T or staggered junction,14.68154281,Daylight,492210,190430,78.52625253,E01017802,3,2,0,0,Dry,Single carriageway,None,30,16:37:00,Urban,Fine no high winds,No,21 - 25,3,Urban area,1,2460,None,None,Commuting to/from work,Mid Junction - on roundabout or on main road,VOLKSWAGEN,TR-PORTER T30 130 TDI LWB,Heavy oil,Male,None,No tow/articulation,Did not leave carriageway,0,Turning right,2,Van / Goods 3.5 tonnes mgw or under,No,Offside,2019
201045SP48507,C,245,NA,0,Slight,None,23-04-2019,Monday,1,Data missing or out of range,Not at junction or within 20 metres,14.67687695,Daylight,506030,167560,78.47690555,E01030721,3,4,0,0,Frost or ice,Single carriageway,None,40,09:14:00,Rural,Fine no high winds,No,21 - 25,3,Urban area,9,1999,None,None,Other/Not known (2005-10),Not at or within 20 metres of junction,FORD,FIESTA ST,Petrol,Male,Skidded,No tow/articulation,Did not leave carriageway,0,Going ahead other,3,Car,No,Front,2019
201034WN07180,A,428,A,508,Slight,None,26-10-2021,Tuesday,1,Auto traffic signal,Crossroads,27.10140288,Daylight,475470,260080,93.62638203,E01027223,1,2,0,0,Wet or damp,Single carriageway,None,30,10:40:00,Urban,Fine no high winds,No,21 - 25,3,Urban area,10,4308,None,None,Other/Not known (2005-10),Mid Junction - on roundabout or on main road,FERRARI,F430 SPIDER F1,Petrol,Male,None,No tow/articulation,Did not leave carriageway,0,Going ahead other,1,Car,No,Front,2019
20104100T2046,A(M),1,NA,0,Slight,None,15-01-2021,Friday,1,Not at junction or within 20 metres,Not at junction or within 20 metres,26.72866067,Daylight,523900,217410,94.21338481,E01023966,2,3,0,0,Dry,Dual carriageway,None,70,15:28:00,Urban,Fine no high winds,No,21 - 25,3,Data missing or out of range,NA,2198,None,None,Journey as part of work,Not at or within 20 metres of junction,FORD,TRANSIT 85 T260S FWD,Heavy oil,Male,Skidded,No tow/articulation,Did not leave carriageway,0,Slowing or stopping,1,Van / Goods 3.5 tonnes mgw or under,No,Front,2019
201001BS70243,B,415,Unclassified,0,Slight,None,09-05-2010,Sunday,1,Give way or uncontrolled,T or staggered junction,51.510993,Daylight,525010,180660,-0.199958,E01002883,2,3,0,0,Dry,Single carriageway,None,30,18:20:00,Urban,Fine no high winds,No,21 - 25,3,Urban area,5,1598,None,None,Other/Not known (2005-10),Mid Junction - on roundabout or on main road,MINI,COOPER S AUTO,Petrol,Male,None,No tow/articulation,Did not leave carriageway,0,Going ahead other,3,Car,No,Offside,2010
201001BS70315,A,3220,A,308,Slight,None,07-06-2010,Monday,1,Auto traffic signal,Crossroads,51.484044,Daylight,526170,177690,-0.184312,E01002912,1,2,0,5,Dry,Single carriageway,None,30,07:30:00,Urban,Fine no high winds,No,21 - 25,3,Urban area,4,124,None,None,Journey as part of work,Mid Junction - on roundabout or on main road,APRILIA,LEONARDO SPORT CITY 125,Petrol,Male,None,No tow/articulation,Did not leave carriageway,0,Going ahead other,1,Motorcycle 125cc and under,No,Offside,2010
201001BS70592,A,3216,Unclassified,0,Slight,None,14-10-2010,Thursday,1,Auto traffic signal,T or staggered junction,51.501113,Daylight,527800,179630,-0.160148,E01002818,2,1,0,5,Dry,Single carriageway,None,30,17:30:00,Urban,Fine no high winds,No,21 - 25,3,Urban area,3,125,None,None,Other/Not known (2005-10),Mid Junction - on roundabout or on main road,HONDA,SH 125-7,Petrol,Male,None,No tow/articulation,Did not leave carriageway,0,Going ahead other,1,Motorcycle 125cc and under,No,Front,2010
201001CP00152,A,10,A,10,Slight,None,21-06-2010,Monday,1,Give way or uncontrolled,T or staggered junction,51.51702,Daylight,533250,181540,-0.080953,E01000004,1,2,0,5,Dry,Single carriageway,None,30,14:55:00,Urban,Fine no high winds,No,21 - 25,3,Urban area,2,1995,None,None,Journey as part of work,Cleared junction or waiting/parked at junction exit,NISSAN,PRIMASTAR DCI 115 SE SWB,Heavy oil,Male,None,No tow/articulation,Did not leave carriageway,0,Going ahead other,2,Van / Goods 3.5 tonnes mgw or under,No,Front,2010
201001CW10442,A,400,C,0,Slight,None,15-03-2010,Monday,1,Give way or uncontrolled,Crossroads,51.517016,Daylight,529790,181450,-0.130824,E01004763,1,1,0,0,Dry,One way street,None,30,14:56:00,Urban,Fine no high winds,No,21 - 25,3,Urban area,10,2499,None,None,Journey as part of work,Leaving main road,LONDON TAXIS INT,TX4 SILVER AUTO,Heavy oil,Male,None,No tow/articulation,Did not leave carriageway,0,Turning right,1,Taxi/Private hire car,No,Offside,2010
201001CW10461,A,400,Unclassified,0,Slight,None,17-03-2010,Wednesday,1,Give way or uncontrolled,T or staggered junction,51.527034,Daylight,529210,182550,-0.138776,E01000946,1,2,0,0,Dry,Single carriageway,None,30,17:30:00,Urban,Fine no high winds,No,21 - 25,3,Urban area,1,1910,None,None,Other/Not known (2005-10),Mid Junction - on roundabout or on main road,VAUXHALL,ASTRA SRI CDTI 150,Heavy oil,Male,None,No tow/articulation,Did not leave carriageway,0,Turning right,1,Car,No,Front,2010
201001CW10782,Unclassified,0,NA,0,Slight,None,02-05-2010,Sunday,1,Data missing or out of range,Not at junction or within 20 metres,51.52359,Daylight,530900,182210,-0.114554,E01000920,1,2,0,0,Dry,Single carriageway,None,30,13:10:00,Urban,Fine no high winds,No,21 - 25,3,Urban area,3,125,None,None,Other/Not known (2005-10),Not at or within 20 metres of junction,HONDA,ANF 126 T-6,Petrol,Male,None,No tow/articulation,Did not leave carriageway,0,Going ahead other,2,Motorcycle 125cc and under,No,Front,2010
201001CW10882,B,524,C,0,Slight,None,13-05-2010,Thursday,1,Give way or uncontrolled,T or staggered junction,51.517976,Daylight,528340,181520,-0.151685,E01004717,1,1,0,1,Dry,Single carriageway,None,30,15:10:00,Urban,Fine no high winds,No,21 - 25,3,Urban area,1,1598,None,None,Other/Not known (2005-10),Leaving main road,VOLKSWAGEN,GOLF MATCH FSI 115,Petrol,Male,None,No tow/articulation,Did not leave carriageway,0,Turning right,1,Car,No,Front,2010
201001CW11372,A,401,A,400,Slight,None,08-07-2010,Thursday,1,Auto traffic signal,Crossroads,51.513211,Daylight,529920,181030,-0.129107,E01004734,1,1,0,5,Dry,Single carriageway,None,30,16:36:00,Urban,Fine no high winds,No,21 - 25,3,Data missing or out of range,NA,6700,None,None,Journey as part of work,Mid Junction - on roundabout or on main road,ALEXANDER DENNIS,,Heavy oil,Male,None,No tow/articulation,Did not leave carriageway,0,Going ahead other,1,Bus or coach (17 or more pass seats),No,Nearside,2010
201001CW12328,A,501,NA,0,Slight,None,22-10-2010,Friday,1,Data missing or out of range,Not at junction or within 20 metres,51.525382,Daylight,529360,182370,-0.136681,E01000852,1,2,0,0,Dry,Dual carriageway,None,40,15:21:00,Urban,Fine no high winds,No,21 - 25,3,Data missing or out of range,NA,125,None,None,Other/Not known (2005-10),Not at or within 20 metres of junction,HONDA,PES 125,Petrol,Male,None,No tow/articulation,Did not leave carriageway,0,Overtaking static vehicle - offside,2,Motorcycle 125cc and under,No,Front,2010