Accident_Index,1st_Road_Class,1st_Road_Number,2nd_Road_Class,2nd_Road_Number,Accident_Severity,Carriageway_Hazards,Date,Day_of_Week,Did_Police_Officer_Attend_Scene_of_Accident,Junction_Control,Junction_Detail,Latitude,Light_Conditions,Location_Easting_OSGR,Location_Northing_OSGR,Longitude,LSOA_of_Accident_Location,Number_of_Casualties,Number_of_Vehicles,Pedestrian_Crossing-Human_Control,Pedestrian_Crossing-Physical_Facilities,Road_Surface_Conditions,Road_Type,Special_Conditions_at_Site,Speed_limit,Time,Urban_or_Rural_Area,Weather_Conditions,InScotland,Age_Band_of_Driver,Age_of_Vehicle,Driver_Home_Area_Type,Driver_IMD_Decile,Engine_Capacity_.CC.,Hit_Object_in_Carriageway,Hit_Object_off_Carriageway,Journey_Purpose_of_Driver,Junction_Location,make,model,Propulsion_Code,Sex_of_Driver,Skidding_and_Overturning,Towing_and_Articulation,Vehicle_Leaving_Carriageway,Vehicle_Location.Restricted_Lane,Vehicle_Manoeuvre,Vehicle_Reference,Vehicle_Type,Was_Vehicle_Left_Hand_Drive,X1st_Point_of_Impact,Year
2010400D01263,C,238,A,505,Slight,None,29-04-2010,Thursday,1,Stop sign,T or staggered junction,51.8992,Daylight,495600,223210,-0.611959,E01017615,2,2,0,0,Dry,Single carriageway,None,60,09:00:00,Rural,Fine no high winds,No,21 - 25,3,Urban area,1,2198,None,None,Journey as part of work,Approaching junction or waiting/parked at junction approach,PEUGEOT,BOXER 333 LWB,Heavy oil,Male,None,No tow/articulation,Did not leave carriageway,0,Moving off,2,Van / Goods 3.5 tonnes mgw or under,No,Front,2010
2010400D02180,Motorway,1,NA,0,Slight,None,27-07-2010,Tuesday,2,Data missing or out of range,Not at junction or within 20 metres,51.864708,Daylight,507810,219620,-0.435686,E01017562,1,2,0,0,Dry,Dual carriageway,Roadworks,70,05:50:00,Rural,Fine no high winds,No,21 - 25,3,Urban area,2,1248,None,None,Journey as part of work,Not at or within 20 metres of junction,VAUXHALL,ASTRA LIFE CDTI,Heavy oil,Male,None,No tow/articulation,Did not leave carriageway,0,Changing lane to left,1,Car,No,Front,2010
20104100C0206,A,412,NA,,Slight,None,08-03-2010,Monday,2,Give way or uncontrolled,Private drive or entrance,51.691023,Daylight,511690,200380,-0.385545,E01023877,1,2,0,0,Dry,Single carriageway,None,30,16:00:00,Urban,Fine no high winds,No,21 - 25,3,Urban area,8,1598,None,None,Journey as part of work,Mid Junction - on roundabout or on main road,NISSAN,NOTE SVE,Petrol,Male,None,No tow/articulation,Did not leave carriageway,0,Going ahead other,2,Car,No,Nearside,2010
20104100C0863,A,41,NA,0,Slight,None,14-09-2010,Tuesday,1,Not at junction or within 20 metres,Not at junction or within 20 metres,51.681212,Daylight,511310,199280,-0.39139,E01023875,5,2,0,0,Dry,Single carriageway,None,50,07:20:00,Urban,Fine no high winds,No,21 - 25,3,Urban area,3,1995,None,None,Other/Not known (2005-10),Not at or within 20 metres of junction,BMW,320D M SPORT A,Heavy oil,Male,None,No tow/articulation,Did not leave carriageway,0,Slowing or stopping,2,Car,No,Back,2010
20104100C1024,Unclassified,502,A,412,Slight,None,28-10-2010,Thursday,2,Give way or uncontrolled,T or staggered junction,51.649972,Daylight,508350,195740,-0.435284,E01023825,1,2,0,1,Dry,Single carriageway,None,30,12:30:00,Urban,Fine no high winds,No,21 - 25,3,Urban area,8,2148,None,None,Other/Not known (2005-10),Cleared junction or waiting/parked at junction exit,MERCEDES,SPRINTER 311 CDI MWB,Heavy oil,Male,None,No tow/articulation,Did not leave carriageway,0,Turning right,1,Van / Goods 3.5 tonnes mgw or under,No,Front,2010
20104100F0490,B,556,NA,0,Slight,None,08-07-2010,Thursday,1,Not at junction or within 20 metres,Not at junction or within 20 metres,51.70742,Daylight,517230,202330,-0.304777,E01023720,1,2,0,0,Dry,Single carriageway,None,30,13:00:00,Rural,Fine no high winds,No,21 - 25,3,Urban area,4,2148,None,None,Journey as part of work,Not at or within 20 metres of junction,MERCEDES,SPRINTER 311 CDI MWB,Heavy oil,Male,None,No tow/articulation,Did not leave carriageway,0,Going ahead right-hand bend,2,Van / Goods 3.5 tonnes mgw or under,No,Offside,2010
20104100F0634,C,98,NA,,Slight,None,07-09-2010,Tuesday,1,Give way or uncontrolled,Private drive or entrance,51.742338,Daylight,513950,206140,-0.35098,E01023743,3,3,0,1,Dry,Single carriageway,None,30,09:35:00,Urban,Fine no high winds,No,21 - 25,3,Urban area,8,1995,None,None,Journey as part of work,Mid Junction - on roundabout or on main road,NISSAN,PRIMASTAR DCI 115 SE LWB,Heavy oil,Male,None,No tow/articulation,Did not leave carriageway,0,Overtaking static vehicle - offside,1,Van / Goods 3.5 tonnes mgw or under,No,Front,2010
20104100G0359,A,505,NA,0,Slight,None,20-07-2010,Tuesday,1,Not at junction or within 20 metres,Not at junction or within 20 metres,51.971254,Daylight,522780,231820,-0.214036,E01023647,2,2,0,8,Dry,Single carriageway,None,40,11:19:00,Urban,Fine no high winds,No,21 - 25,3,Rural,9,1248,Bollard or refuge,None,Journey as part of work,Not at or within 20 metres of junction,VAUXHALL,COMBO 2000 CDTI+,Heavy oil,Male,Skidded,No tow/articulation,Did not leave carriageway,0,Going ahead other,1,Van / Goods 3.5 tonnes mgw or under,No,Offside,2010
20104100J0351,A,5183,Unclassified,1022,Slight,None,29-06-2010,Tuesday,1,Give way or uncontrolled,T or staggered junction,51.639759,Daylight,517590,194810,-0.302099,E01023564,1,3,0,0,Dry,Single carriageway,None,30,15:45:00,Rural,Fine no high winds,No,21 - 25,3,Urban area,2,1995,None,None,Journey as part of work,Approaching junction or waiting/parked at junction approach,RENAULT,TRAFIC SL27+ DCI 115,Heavy oil,Male,None,No tow/articulation,Did not leave carriageway,0,Going ahead other,1,Van / Goods 3.5 tonnes mgw or under,No,Front,2010
20104100K0398,Unclassified,38,Unclassified,132,Slight,None,14-08-2010,Saturday,1,Give way or uncontrolled,T or staggered junction,51.700886,Daylight,534740,202040,-0.051619,E01023296,1,3,0,0,Dry,Single carriageway,None,30,10:50:00,Urban,Fine no high winds,No,21 - 25,3,Urban area,5,5935,None,None,Other/Not known (2005-10),Entering main road,ASTON MARTIN,VANQUISH S,Petrol,Male,None,No tow/articulation,Did not leave carriageway,0,Turning right,1,Car,No,Front,2010
20104100T2046,A(M),1,NA,0,Slight,None,16-04-2010,Friday,1,Not at junction or within 20 metres,Not at junction or within 20 metres,51.841509,Daylight,523900,217410,-0.202917,E01023966,2,3,0,0,Dry,Dual carriageway,None,70,15:28:00,Urban,Fine no high winds,No,21 - 25,3,Data missing or out of range,NA,2198,None,None,Journey as part of work,Not at or within 20 metres of junction,FORD,TRANSIT 85 T260S FWD,Heavy oil,Male,Skidded,No tow/articulation,Did not leave carriageway,0,Slowing or stopping,1,Van / Goods 3.5 tonnes mgw or under,No,Front,2010
201042I106404,A,13,NA,0,Slight,None,10-04-2010,Saturday,1,Not at junction or within 20 metres,Not at junction or within 20 metres,51.545434,Daylight,585960,186360,0.680501,E01015832,2,2,0,0,Dry,Single carriageway,None,30,17:00:00,Urban,Fine no high winds,No,21 - 25,3,Urban area,1,748,None,None,Other/Not known (2005-10),Not at or within 20 metres of junction,KAWASAKI,ZR 750 L7F,Petrol,Male,None,No tow/articulation,Did not leave carriageway,0,Going ahead other,2,Motorcycle over 500cc,No,Nearside,2010
201042I143805,Unclassified,0,Unclassified,0,Slight,None,13-05-2010,Thursday,2,Give way or uncontrolled,Roundabout,51.554723,Daylight,583650,187310,0.64772,E01015815,1,2,0,0,Dry,Roundabout,None,30,10:45:00,Urban,Fine no high winds,No,21 - 25,3,Urban area,9,1399,None,None,Other/Not known (2005-10),Leaving roundabout,FORD,FIESTA ZETEC CLIMATE TDCI,Heavy oil,Male,None,No tow/articulation,Did not leave carriageway,0,Slowing or stopping,2,Car,No,Back,2010
201042I189806,Unclassified,0,Unclassified,0,Slight,None,13-06-2010,Sunday,1,Give way or uncontrolled,T or staggered junction,51.539984,Daylight,586960,185790,0.694603,E01015855,1,2,0,0,Dry,Single carriageway,Oil or diesel,30,20:06:00,Urban,Fine no high winds,No,21 - 25,3,Urban area,2,49,None,None,Journey as part of work,Approaching junction or waiting/parked at junction approach,PEUGEOT,LUDIX ELEGANCE,Petrol,Male,Skidded,No tow/articulation,Did not leave carriageway,0,Slowing or stopping,2,Motorcycle 50cc and under,No,Offside,2010
201042I242007,B,1007,Unclassified,0,Slight,None,28-07-2010,Wednesday,1,Give way or uncontrolled,T or staggered junction,51.557076,Daylight,568020,187030,0.422352,E01021282,2,2,0,0,Dry,Single carriageway,None,50,18:55:00,Urban,Fine no high winds,No,21 - 25,3,Urban area,8,1998,None,Road sign or traffic signal,Commuting to/from work,Mid Junction - on roundabout or on main road,RENAULT,MEGANE GT TURBO 165,Petrol,Male,None,No tow/articulation,Offside,0,Turning right,1,Car,No,Offside,2010
201042I258408,Motorway,11,NA,0,Slight,None,13-08-2010,Friday,1,Not at junction or within 20 metres,Not at junction or within 20 metres,51.994821,Daylight,550800,235210,0.195064,E01022073,1,4,0,0,Wet or damp,Dual carriageway,None,70,14:10:00,Rural,Fine no high winds,No,21 - 25,3,Urban area,2,2402,None,None,Journey as part of work,Not at or within 20 metres of junction,FORD,TRANSIT 100 T350L RWD,Heavy oil,Male,None,No tow/articulation,Did not leave carriageway,0,Going ahead other,1,Van / Goods 3.5 tonnes mgw or under,No,Front,2010
201043N070070,Unclassified,14,Unclassified,437,Slight,None,10-07-2010,Saturday,1,Give way or uncontrolled,T or staggered junction,51.606424,Daylight,499840,190720,-0.559677,E01017755,2,2,0,0,Dry,Single carriageway,None,30,17:30:00,Urban,Fine no high winds,No,21 - 25,3,Data missing or out of range,NA,1400,None,Other permanent object,Other/Not known (2005-10),Approaching junction or waiting/parked at junction approach,VOLKSWAGEN,POLO DUNE 80,Petrol,Male,Skidded,No tow/articulation,Nearside,0,Going ahead other,1,Car,No,Front,2010
201043N087040,A,4,Unclassified,979,Slight,None,18-04-2010,Sunday,1,Give way or uncontrolled,T or staggered junction,51.523786,Daylight,490410,181350,-0.698218,E01017833,2,3,0,0,Dry,Single carriageway,None,40,13:10:00,Urban,Fine no high winds,No,21 - 25,3,Urban area,9,2967,None,None,Other/Not known (2005-10),Mid Junction - on roundabout or on main road,VOLKSWAGEN,TOUAREG SE TDI V6 225 A,Heavy oil,Male,None,No tow/articulation,Did not leave carriageway,0,U-turn,1,Car,No,Offside,2010
201043N189050,Unclassified,1954,Unclassified,1954,Slight,None,04-05-2010,Tuesday,1,Give way or uncontrolled,T or staggered junction,51.605117,Daylight,492210,190430,-0.6699,E01017802,3,2,0,0,Dry,Single carriageway,None,30,16:37:00,Urban,Fine no high winds,No,21 - 25,3,Urban area,1,2460,None,None,Commuting to/from work,Mid Junction - on roundabout or on main road,VOLKSWAGEN,TR-PORTER T30 130 TDI LWB,Heavy oil,Male,None,No tow/articulation,Did not leave carriageway,0,Turning right,2,Van / Goods 3.5 tonnes mgw or under,No,Offside,2010
201043N206020,Unclassified,3016,Unclassified,3016,Slight,None,26-02-2010,Friday,1,Give way or uncontrolled,T or staggered junction,51.63076,Daylight,486390,193180,-0.753242,E01017837,1,1,0,0,Dry,Single carriageway,None,30,10:46:00,Urban,Fine no high winds,No,21 - 25,3,Urban area,8,2148,None,None,Journey as part of work,Mid Junction - on roundabout or on main road,MERCEDES,SPRINTER 311 CDI LWB,Heavy oil,Male,None,No tow/articulation,Did not leave carriageway,0,Turning right,1,Van / Goods 3.5 tonnes mgw or under,No,Front,2010
201043P110050,A,4074,NA,0,Slight,None,15-05-2010,Saturday,1,Data missing or out of range,Not at junction or within 20 metres,51.627613,Daylight,460120,192450,-1.132861,E01028606,1,3,0,0,Dry,Single carriageway,None,60,16:05:00,Rural,Fine no high winds,No,21 - 25,3,Urban area,9,1598,None,None,Other/Not known (2005-10),Not at or within 20 metres of junction,NISSAN,NOTE SVE,Petrol,Male,None,No tow/articulation,Did not leave carriageway,0,Going ahead other,1,Car,No,Front,2010
201043P137070,A,422,Unclassified,0,Slight,None,15-07-2010,Thursday,1,Give way or uncontrolled,T or staggered junction,52.072212,Daylight,440920,241710,-1.404406,E01028509,4,3,0,0,Dry,Single carriageway,None,30,13:14:00,Rural,Fine no high winds,No,21 - 25,3,Urban area,3,1910,None,None,Other/Not known (2005-10),Mid Junction - on roundabout or on main road,VAUXHALL,VECTRA SRI NAV CDTI 120,Heavy oil,Male,None,No tow/articulation,Did not leave carriageway,0,Going ahead left-hand bend,1,Car,No,Front,2010
201043R068040,Unclassified,7408,NA,,Slight,None,11-04-2010,Sunday,1,Give way or uncontrolled,Private drive or entrance,51.51435,Daylight,489260,180280,-0.715061,E01016592,1,2,0,0,Dry,Single carriageway,None,30,17:06:00,Rural,Fine no high winds,No,21 - 25,3,Rural,9,1995,None,None,Other/Not known (2005-10),Approaching junction or waiting/parked at junction approach,BMW,118D SE,Heavy oil,Male,None,No tow/articulation,Did not leave carriageway,0,Going ahead other,2,Car,No,Front,2010
201043R082060,A,308,Unclassified,7408,Slight,None,12-06-2010,Saturday,1,Give way or uncontrolled,T or staggered junction,51.521826,Daylight,488600,181100,-0.724364,E01016536,1,1,0,0,Dry,Dual carriageway,None,40,16:50:00,Urban,Fine no high winds,No,21 - 25,3,Urban area,9,125,Kerb,None,Other/Not known (2005-10),Approaching junction or waiting/parked at junction approach,APRILIA,RS 125 FP 06,Petrol,Male,Skidded,No tow/articulation,Did not leave carriageway,0,Going ahead other,1,Motorcycle 125cc and under,No,Front,2010
201043R111040,A,412,B,376,Slight,None,20-04-2010,Tuesday,1,Give way or uncontrolled,Roundabout,51.50337,Daylight,498030,179220,-0.589008,E01016512,1,2,0,0,Dry,Single carriageway,None,30,17:40:00,Rural,Fine no high winds,No,21 - 25,3,Urban area,4,1796,None,None,Other/Not known (2005-10),Entering roundabout,VAUXHALL,VECTRA SRI NAV,Petrol,Male,None,No tow/articulation,Did not leave carriageway,0,Slowing or stopping,2,Car,No,Back,2010
201043R131080,A,355,Motorway,4,Slight,None,18-08-2010,Wednesday,1,Auto traffic signal,Roundabout,51.502258,Daylight,496130,179060,-0.616418,E01016463,1,3,0,0,Dry,Roundabout,None,70,12:30:00,Rural,Fine no high winds,No,21 - 25,3,Rural,9,1242,None,None,Other/Not known (2005-10),Mid Junction - on roundabout or on main road,FORD,FIESTA STYLE CLIMATE,Petrol,Male,Skidded,No tow/articulation,Did not leave carriageway,0,Changing lane to left,1,Car,No,Offside,2010
201043R190030,A,355,Unclassified,7302,Slight,None,18-03-2010,Thursday,1,Auto traffic signal,T or staggered junction,51.524188,Daylight,496150,181500,-0.615465,E01016483,2,2,0,5,Dry,Dual carriageway,None,30,16:35:00,Urban,Fine no high winds,No,21 - 25,3,Urban area,7,1995,None,None,Journey as part of work,Mid Junction - on roundabout or on main road,RENAULT,TRAFIC LL29 DCI 115,Heavy oil,Male,None,No tow/articulation,Did not leave carriageway,0,Turning right,1,Van / Goods 3.5 tonnes mgw or under,No,Front,2010
201043S006060,Unclassified,1103,Unclassified,1103,Slight,None,03-06-2010,Thursday,1,Give way or uncontrolled,Crossroads,52.045114,Daylight,490020,239340,-0.688811,E01016785,2,2,0,0,Dry,Single carriageway,None,30,16:28:00,Rural,Fine no high winds,No,21 - 25,3,Urban area,2,1397,None,None,Commuting to/from work,Mid Junction - on roundabout or on main road,PEUGEOT,207 S,Petrol,Male,None,No tow/articulation,Did not leave carriageway,0,Going ahead other,1,Car,No,Front,2010
201043S128040,Motorway,1,NA,0,Slight,None,22-04-2010,Thursday,1,Data missing or out of range,Not at junction or within 20 metres,52.127492,Daylight,481010,248350,-0.818019,E01016761,1,2,0,0,Dry,Dual carriageway,None,70,11:41:00,Rural,Fine no high winds,No,21 - 25,3,Data missing or out of range,NA,3628,None,None,Other/Not known (2005-10),Not at or within 20 metres of junction,LAND ROVER,RANGE ROVER SP HSE TDV8 A,Heavy oil,Male,None,No tow/articulation,Did not leave carriageway,0,Going ahead other,1,Car,No,Front,2010
201043W061040,A,4,Unclassified,7201,Slight,None,08-04-2010,Thursday,1,Give way or uncontrolled,T or staggered junction,51.448204,Daylight,469940,172620,-0.994949,E01016419,1,2,0,4,Dry,Dual carriageway,None,30,18:39:00,Urban,Fine no high winds,No,21 - 25,3,Urban area,4,1968,None,None,Other/Not known (2005-10),Entering main road,VOLKSWAGEN,GOLF GT TDI 140,Heavy oil,Male,None,No tow/articulation,Did not leave carriageway,0,Turning left,1,Car,No,Front,2010
201043W149060,A,4155,Unclassified,7201,Slight,None,14-06-2010,Monday,1,Give way or uncontrolled,T or staggered junction,51.462694,Daylight,471260,174250,-0.975629,E01016355,3,2,0,4,Dry,Single carriageway,None,30,14:35:00,Urban,Fine no high winds,No,21 - 25,3,Rural,7,6871,None,None,Journey as part of work,Approaching junction or waiting/parked at junction approach,MAN,,Heavy oil,Male,None,No tow/articulation,Did not leave carriageway,0,Going ahead other,2,Bus or coach (17 or more pass seats),No,Front,2010
201045GU53345,B,368,B,2215,Slight,None,15-08-2010,Sunday,1,Give way or uncontrolled,T or staggered junction,51.287141,Daylight,504340,155290,-0.505155,E01030458,1,2,0,8,Dry,Single carriageway,None,40,12:25:00,Rural,Fine no high winds,No,21 - 25,3,Rural,6,124,None,None,Other/Not known (2005-10),Approaching junction or waiting/parked at junction approach,JINLUN,JL 125-11,Petrol,Male,None,No tow/articulation,Did not leave carriageway,0,Waiting to turn left,1,Motorcycle 125cc and under,No,Back,2010
201045MO52993,Motorway,25,NA,0,Slight,None,08-08-2010,Sunday,1,Data missing or out of range,Not at junction or within 20 metres,51.293545,Daylight,518480,156310,-0.302138,E01030510,1,1,0,0,Dry,Dual carriageway,None,70,13:30:00,Rural,Fine no high winds,No,21 - 25,3,Urban area,4,1242,None,Central crash barrier,Other/Not known (2005-10),Not at or within 20 metres of junction,FIAT,PUNTO DYNAMIC,Petrol,Male,None,No tow/articulation,Offside,0,Going ahead other,1,Car,No,Front,2010
201045MO54865,A,29,NA,0,Slight,None,08-10-2010,Friday,1,Data missing or out of range,Not at junction or within 20 metres,51.149502,Daylight,514770,140200,-0.360477,E01030557,1,2,0,0,Dry,Single carriageway,None,40,11:40:00,Rural,Fine no high winds,No,21 - 25,3,Urban area,9,1248,None,None,Journey as part of work,Not at or within 20 metres of junction,VAUXHALL,COMBO 2000 CDTI,Heavy oil,Male,None,No tow/articulation,Did not leave carriageway,0,Waiting to turn right,2,Van / Goods 3.5 tonnes mgw or under,No,Front,2010
201045SP48507,C,245,NA,0,Slight,None,01-02-2010,Monday,1,Data missing or out of range,Not at junction or within 20 metres,51.397121,Daylight,506030,167560,-0.477279,E01030721,3,4,0,0,Frost or ice,Single carriageway,None,40,09:14:00,Rural,Fine no high winds,No,21 - 25,3,Urban area,9,1999,None,None,Other/Not known (2005-10),Not at or within 20 metres of junction,FORD,FIESTA ST,Petrol,Male,Skidded,No tow/articulation,Did not leave carriageway,0,Going ahead other,3,Car,No,Front,2010
201045SU52532,Motorway,3,NA,0,Slight,None,19-07-2010,Monday,1,Data missing or out of range,Not at junction or within 20 metres,51.323801,Daylight,487920,159060,-0.739625,E01030804,6,7,0,0,Dry,Dual carriageway,Auto traffic signal - out,70,19:50:00,Urban,Fine no high winds,No,21 - 25,3,Urban area,8,1587,None,None,Other/Not known (2005-10),Not at or within 20 metres of junction,PEUGEOT,307 S,Petrol,Male,None,No tow/articulation,Did not leave carriageway,0,Going ahead other,3,Car,No,Back,2010
201045WA51858,A,325,NA,0,Slight,None,22-06-2010,Tuesday,1,Data missing or out of range,Not at junction or within 20 metres,51.219392,Daylight,485200,147400,-0.781427,E01030893,1,2,0,0,Dry,Single carriageway,None,40,18:10:00,Urban,Fine no high winds,No,21 - 25,3,Urban area,6,1798,None,None,Other/Not known (2005-10),Not at or within 20 metres of junction,FORD,C-MAX TITANIUM,Petrol,Male,None,No tow/articulation,Did not leave carriageway,0,Overtaking static vehicle - offside,1,Car,No,Front,2010
201045WO53414,Motorway,25,NA,0,Slight,None,29-08-2010,Sunday,1,Data missing or out of range,Not at junction or within 20 metres,51.335969,Daylight,505700,160750,-0.484043,E01030946,1,2,0,0,Dry,Dual carriageway,None,70,09:40:00,Rural,Fine no high winds,No,21 - 25,3,Urban area,2,1986,None,None,Other/Not known (2005-10),Not at or within 20 metres of junction,AUDI,A4 S LINE TDI 140,Heavy oil,Male,None,No tow/articulation,Did not leave carriageway,0,Going ahead other,1,Car,No,Front,2010
201050EL2C023,A,376,Unclassified,0,Slight,None,24-06-2010,Thursday,1,Auto traffic signal,Roundabout,50.391179,Daylight,251690,56680,-4.087852,E01015055,1,2,0,0,Dry,Roundabout,None,30,09:30:00,Rural,Fine no high winds,No,21 - 25,3,Urban area,4,1995,None,None,Other/Not known (2005-10),Mid Junction - on roundabout or on main road,BMW,120D SE,Heavy oil,Male,None,No tow/articulation,Did not leave carriageway,0,Moving off,1,Car,No,Front,2010
201050FT2C021,Unclassified,0,Unclassified,0,Slight,None,05-07-2010,Monday,1,Give way or uncontrolled,Mini-roundabout,50.468875,Daylight,291710,64350,-3.527305,E01015217,1,2,0,0,Dry,Roundabout,None,30,19:28:00,Urban,Fine no high winds,No,21 - 25,3,Urban area,1,124,None,None,Other/Not known (2005-10),Entering roundabout,YIBEN MEIDUC,,Petrol,Male,None,No tow/articulation,Did not leave carriageway,0,Turning right,1,Motorcycle 125cc and under,No,Front,2010
201050JC4V019,Unclassified,0,Unclassified,0,Slight,None,08-10-2010,Friday,1,Give way or uncontrolled,Roundabout,50.674634,Daylight,295040,87170,-3.486843,E01020242,1,3,0,0,Dry,Roundabout,None,60,12:08:00,Rural,Fine no high winds,No,21 - 25,3,Small town,7,1198,None,None,Commuting to/from work,Entering roundabout,SEAT,IBIZA REFERENCE SPORT 12V,Petrol,Male,None,No tow/articulation,Did not leave carriageway,0,Going ahead other,3,Car,No,Back,2010
201050JI3J004,Unclassified,0,NA,0,Slight,None,22-10-2010,Friday,1,Not at junction or within 20 metres,Not at junction or within 20 metres,50.333195,Daylight,260830,49980,-3.956871,E01020159,3,2,0,0,Wet or damp,Single carriageway,None,60,09:05:00,Rural,Fine no high winds,No,21 - 25,3,Urban area,3,9200,None,None,Journey as part of work,Not at or within 20 metres of junction,DAF TRUCKS,,Heavy oil,Male,None,No tow/articulation,Did not leave carriageway,0,Going ahead right-hand bend,2,Goods over 3.5t. and under 7.5t,No,Front,2010
201050JN2J004,Unclassified,0,Unclassified,0,Slight,None,16-03-2010,Tuesday,2,Give way or uncontrolled,T or staggered junction,50.516866,Daylight,286880,69790,-3.596986,E01020227,1,2,0,0,Dry,Single carriageway,None,30,18:34:00,Urban,Fine no high winds,No,21 - 25,3,Urban area,5,1995,None,None,Journey as part of work,Mid Junction - on roundabout or on main road,BMW,120D M SPORT,Heavy oil,Male,None,No tow/articulation,Did not leave carriageway,0,Turning right,1,Car,No,Front,2010
201054DC16010,C,408,C,407,Slight,None,28-05-2010,Friday,1,Give way or uncontrolled,T or staggered junction,51.55805,Daylight,415240,184380,-1.781576,E01015495,2,2,0,1,Dry,Single carriageway,None,30,17:09:00,Urban,Fine no high winds,No,21 - 25,3,Urban area,9,1896,None,None,Other/Not known (2005-10),Mid Junction - on roundabout or on main road,VOLKSWAGEN,JETTA SE TDI 105 AUTO,Heavy oil,Male,None,No tow/articulation,Did not leave carriageway,0,Going ahead other,2,Car,No,Front,2010
201054DC39110,C,402,NA,0,Slight,None,10-12-2010,Friday,1,Not at junction or within 20 metres,Not at junction or within 20 metres,51.564704,Daylight,415220,185120,-1.781833,E01015475,1,1,0,5,Dry,Single carriageway,None,30,11:48:00,Urban,Fine no high winds,No,21 - 25,3,Urban area,4,2494,None,None,Journey as part of work,Not at or within 20 metres of junction,TOYOTA,HIACE 300 D-4D 120 LWB,Heavy oil,Male,None,No tow/articulation,Did not leave carriageway,0,Going ahead other,1,Van / Goods 3.5 tonnes mgw or under,No,Nearside,2010
201054EP22210,A,4,A,4,Slight,None,14-06-2010,Monday,1,Auto traffic signal,Roundabout,51.458385,Daylight,391810,173280,-2.119289,E01031912,1,3,0,5,Dry,Roundabout,None,30,16:22:00,Urban,Fine no high winds,No,21 - 25,3,Small town,7,2402,None,None,Other/Not known (2005-10),Mid Junction - on roundabout or on main road,FORD,TRANSIT 100 T350L RWD,Heavy oil,Male,None,No tow/articulation,Did not leave carriageway,0,Going ahead left-hand bend,2,Van / Goods 3.5 tonnes mgw or under,No,Front,2010
201054EP37710,C,365,NA,0,Slight,None,19-10-2010,Tuesday,2,Not at junction or within 20 metres,Not at junction or within 20 metres,51.455785,Daylight,392320,172990,-2.111942,E01031917,1,1,0,0,Dry,Single carriageway,None,30,15:20:00,Urban,Fine no high winds,No,21 - 25,3,Urban area,6,1587,None,None,Other/Not known (2005-10),Not at or within 20 metres of junction,CITROEN,C2 LOEB,Petrol,Male,None,No tow/articulation,Did not leave carriageway,0,Going ahead other,1,Car,No,Nearside,2010
2010550C27638,A,341,Unclassified,0,Slight,None,30-06-2010,Wednesday,1,Give way or uncontrolled,T or staggered junction,50.769152,Daylight,406750,96630,-1.905666,E01015304,1,2,0,0,Dry,Single carriageway,None,30,08:44:00,Urban,Fine no high winds,No,21 - 25,3,Data missing or out of range,NA,124,None,None,Journey as part of work,Mid Junction - on roundabout or on main road,YAMAHA,YBR 125,Petrol,Male,None,No tow/articulation,Did not leave carriageway,0,Overtaking moving vehicle - offside,1,Motorcycle 125cc and under,No,Front,2010
201001EO40173,A,1,A,503,Slight,None,30-03-2010,Tuesday,1,Auto traffic signal,Crossroads,51.556094,Daylight,530630,185820,-0.117105,E01002763,1,2,0,5,Wet or damp,Dual carriageway,None,50,07:11:00,Urban,Fine no high winds,No,21 - 25,3,Urban area,2,998,None,None,Other/Not known (2005-10),Approaching junction or waiting/parked at junction approach,YAMAHA,FZ1 FAZER ABS,Petrol,Male,None,No tow/articulation,Did not leave carriageway,0,Going ahead other,1,Motorcycle over 500cc,No,Offside,2010
201001EO40330,A,501,NA,0,Slight,None,06-06-2010,Sunday,1,Data missing or out of range,Not at junction or within 20 metres,51.530876,Daylight,530480,183010,-0.120308,E01002711,1,2,0,0,Dry,Single carriageway,None,30,17:30:00,Urban,Fine no high winds,No,21 - 25,3,Urban area,9,1360,None,None,Other/Not known (2005-10),Not at or within 20 metres of junction,PEUGEOT,207 SPORT 87,Petrol,Male,None,No tow/articulation,Did not leave carriageway,0,Going ahead other,1,Car,No,Back,2010
201001EO40812,C,0,Unclassified,0,Slight,None,23-11-2010,Tuesday,1,Give way or uncontrolled,Crossroads,51.559192,Daylight,531610,186190,-0.102838,E01002750,1,1,0,0,Dry,Single carriageway,None,30,16:45:00,Urban,Fine no high winds,No,21 - 25,3,Urban area,2,1753,None,None,Other/Not known (2005-10),Cleared junction or waiting/parked at junction exit,FORD,TRANSIT CONN T200 L75,Heavy oil,Male,None,No tow/articulation,Did not leave carriageway,0,Going ahead other,1,Van / Goods 3.5 tonnes mgw or under,No,Nearside,2010
201001FH10257,A,219,A,315,Slight,None,13-05-2010,Thursday,1,Give way or uncontrolled,T or staggered junction,51.493017,Daylight,523380,178620,-0.224148,E01001898,1,2,0,4,Dry,Single carriageway,None,30,18:28:00,Urban,Fine no high winds,No,21 - 25,3,Urban area,6,124,None,None,Other/Not known (2005-10),Mid Junction - on roundabout or on main road,HONDA,CG 125-7,Petrol,Male,None,No tow/articulation,Did not leave carriageway,0,Going ahead right-hand bend,1,Motorcycle 125cc and under,No,Front,2010
201001GD10611,A,10,Unclassified,0,Slight,None,19-09-2010,Sunday,1,Give way or uncontrolled,T or staggered junction,51.552893,Daylight,533560,185540,-0.074972,E01001835,2,2,0,4,Dry,Single carriageway,None,30,13:10:00,Urban,Fine no high winds,No,21 - 25,3,Urban area,2,125,None,None,Other/Not known (2005-10),Mid Junction - on roundabout or on main road,HONDA,ANF 126-6,Petrol,Male,None,No tow/articulation,Did not leave carriageway,0,Going ahead other,2,Motorcycle 125cc and under,No,Offside,2010