Accident_Index,1st_Road_Class,1st_Road_Number,2nd_Road_Class,2nd_Road_Number,Accident_Severity,Carriageway_Hazards,Date,Day_of_Week,Did_Police_Officer_Attend_Scene_of_Accident,Junction_Control,Junction_Detail,Latitude,Light_Conditions,Location_Easting_OSGR,Location_Northing_OSGR,Longitude,LSOA_of_Accident_Location,Number_of_Casualties,Number_of_Vehicles,Pedestrian_Crossing-Human_Control,Pedestrian_Crossing-Physical_Facilities,Road_Surface_Conditions,Road_Type,Special_Conditions_at_Site,Speed_limit,Time,Urban_or_Rural_Area,Weather_Conditions,InScotland,Age_Band_of_Driver,Age_of_Vehicle,Driver_Home_Area_Type,Driver_IMD_Decile,Engine_Capacity_.CC.,Hit_Object_in_Carriageway,Hit_Object_off_Carriageway,Journey_Purpose_of_Driver,Junction_Location,make,model,Propulsion_Code,Sex_of_Driver,Skidding_and_Overturning,Towing_and_Articulation,Vehicle_Leaving_Carriageway,Vehicle_Location.Restricted_Lane,Vehicle_Manoeuvre,Vehicle_Reference,Vehicle_Type,Was_Vehicle_Left_Hand_Drive,X1st_Point_of_Impact,Year
201001GD10713,A,107,A,104,Slight,None,30-10-2010,Saturday,1,Auto traffic signal,T or staggered junction,51.556076,Daylight,534910,185930,-0.055362,E01001766,2,2,0,0,Dry,Single carriageway,None,30,08:20:00,Urban,Fine no high winds,No,21 - 25,3,Urban area,3,1598,None,None,Other/Not known (2005-10),Mid Junction - on roundabout or on main road,TOYOTA,COROLLA COLOUR COL-N VVTI,Petrol,Male,None,No tow/articulation,Did not leave carriageway,0,Turning left,1,Car,No,Nearside,2010
201001HT20065,A,1206,NA,0,Slight,None,09-02-2010,Tuesday,1,Data missing or out of range,Not at junction or within 20 metres,51.491483,Daylight,538550,178840,-0.005676,E01004216,2,1,0,0,Dry,Single carriageway,None,30,15:10:00,Urban,Fine no high winds,No,21 - 25,3,Urban area,2,1984,Kerb,None,Other/Not known (2005-10),Not at or within 20 metres of junction,AUDI,S3 TFSI QUATTRO,Petrol,Male,Skidded,No tow/articulation,Offside,0,Going ahead right-hand bend,1,Car,No,Nearside,2010
201001HT20160,A,1202,C,0,Slight,None,19-03-2010,Friday,1,Give way or uncontrolled,T or staggered junction,51.521891,Daylight,533550,182090,-0.076424,E01004307,1,2,0,0,Wet or damp,Single carriageway,None,30,14:00:00,Urban,Fine no high winds,No,21 - 25,3,Urban area,2,499,None,None,Journey as part of work,Cleared junction or waiting/parked at junction exit,HONDA,CBF 500 A-6,Petrol,Male,None,No tow/articulation,Did not leave carriageway,0,Overtaking static vehicle - offside,1,Motorcycle over 500cc,No,Front,2010
201001HT20476,A,11,C,0,Slight,None,07-07-2010,Wednesday,2,Give way or uncontrolled,T or staggered junction,51.516634,Daylight,534120,181520,-0.06843,E01004309,1,2,0,0,Dry,Single carriageway,None,30,07:30:00,Urban,Fine no high winds,No,21 - 25,3,Urban area,5,124,None,None,Other/Not known (2005-10),Approaching junction or waiting/parked at junction approach,PIAGGIO,VESPA LX 125,Petrol,Male,None,No tow/articulation,Did not leave carriageway,2,Going ahead other,1,Motorcycle 125cc and under,No,Offside,2010
201001HT20676,A,1206,Unclassified,0,Slight,None,23-09-2010,Thursday,1,Give way or uncontrolled,T or staggered junction,51.497397,Daylight,538250,179490,-0.00974,E01004215,1,1,0,0,Dry,Single carriageway,None,30,18:15:00,Urban,Fine no high winds,No,21 - 25,3,Urban area,6,1587,None,None,Other/Not known (2005-10),Mid Junction - on roundabout or on main road,PEUGEOT,206 ALLURE CC,Petrol,Male,None,No tow/articulation,Did not leave carriageway,0,Going ahead other,1,Car,No,Front,2010
201001JC30404,B,179,A,406,Slight,None,06-08-2010,Friday,1,Give way or uncontrolled,Roundabout,51.600676,Daylight,537400,190960,-0.017501,E01004403,1,2,0,1,Dry,Roundabout,None,30,19:15:00,Urban,Fine no high winds,No,21 - 25,3,Urban area,2,49,None,None,Journey as part of work,Approaching junction or waiting/parked at junction approach,PEUGEOT,LUDIX ELEGANCE,Petrol,Male,None,No tow/articulation,Did not leave carriageway,9,Turning left,2,Motorcycle 50cc and under,No,Offside,2010
201001JC30419,A,503,Unclassified,0,Slight,None,14-08-2010,Saturday,1,Give way or uncontrolled,T or staggered junction,51.589842,Daylight,536870,189740,-0.025624,E01004457,2,2,0,0,Wet or damp,Single carriageway,None,30,15:17:00,Urban,Fine no high winds,No,21 - 25,3,Urban area,8,1998,None,None,Other/Not known (2005-10),Leaving main road,FORD,MONDEO EDGE 130 TDCI,Heavy oil,Male,None,No tow/articulation,Did not leave carriageway,0,Turning right,1,Car,No,Nearside,2010
201001JC30529,A,503,Unclassified,0,Slight,None,08-10-2010,Friday,1,Give way or uncontrolled,T or staggered junction,51.591062,Daylight,538130,189910,-0.007381,E01004470,1,2,0,0,Wet or damp,Single carriageway,None,30,17:45:00,Urban,Fine no high winds,No,21 - 25,3,Data missing or out of range,NA,1246,None,None,Other/Not known (2005-10),Leaving main road,HONDA,JAZZ S,Petrol,Male,None,No tow/articulation,Did not leave carriageway,0,Turning right,1,Car,No,Offside,2010
201001JI40454,Unclassified,0,Unclassified,0,Slight,None,15-07-2010,Thursday,1,Give way or uncontrolled,Crossroads,51.561423,Daylight,543120,186750,0.063317,E01003785,3,2,0,0,Dry,Single carriageway,None,30,16:40:00,Urban,Fine no high winds,No,21 - 25,3,Urban area,4,1596,None,None,Other/Not known (2005-10),Mid Junction - on roundabout or on main road,FORD,FOCUS GHIA 115,Petrol,Male,None,No tow/articulation,Offside,0,Turning right,2,Car,No,Nearside,2010
201001JI40605,A,406,A,118,Slight,None,13-09-2010,Monday,1,Give way or uncontrolled,Slip road,51.555337,Daylight,543380,186080,0.066793,E01003728,1,2,0,0,Dry,Slip road,None,30,11:33:00,Urban,Fine no high winds,No,21 - 25,3,Urban area,2,2198,None,None,Journey as part of work,Mid Junction - on roundabout or on main road,FORD,TRANSIT 85 T260S FWD,Heavy oil,Male,None,No tow/articulation,Did not leave carriageway,0,Slowing or stopping,1,Van / Goods 3.5 tonnes mgw or under,No,Back,2010
201001KG70131,A,1083,A,1112,Slight,None,19-04-2010,Monday,1,Auto traffic signal,Crossroads,51.560985,Daylight,548980,186870,0.147845,E01000101,1,2,0,5,Dry,Single carriageway,None,30,15:22:00,Urban,Fine no high winds,No,21 - 25,3,Urban area,2,2261,None,None,Other/Not known (2005-10),Mid Junction - on roundabout or on main road,MAZDA,6 MPS,Petrol,Male,None,No tow/articulation,Did not leave carriageway,0,Waiting to go - held up,1,Car,No,Back,2010
201001KG70234,Unclassified,0,Unclassified,0,Slight,None,22-06-2010,Tuesday,2,Give way or uncontrolled,T or staggered junction,51.561286,Daylight,550890,186960,0.175417,E01000037,1,2,0,0,Dry,Single carriageway,None,30,14:20:00,Urban,Fine no high winds,No,21 - 25,3,Urban area,2,599,None,None,Other/Not known (2005-10),Approaching junction or waiting/parked at junction approach,KAWASAKI,ZX 600 P7F,Petrol,Male,None,No tow/articulation,Did not leave carriageway,0,Overtaking moving vehicle - offside,2,Motorcycle over 500cc,No,Nearside,2010
201001KG70293,C,0,Unclassified,0,Slight,None,03-08-2010,Tuesday,1,Give way or uncontrolled,Crossroads,51.543572,Daylight,548910,184930,0.146015,E01000013,2,2,0,0,Dry,Single carriageway,None,30,18:20:00,Urban,Fine no high winds,No,21 - 25,3,Urban area,2,1149,None,None,Other/Not known (2005-10),Mid Junction - on roundabout or on main road,RENAULT,CLIO RIP CURL 16V,Petrol,Male,None,No tow/articulation,Did not leave carriageway,0,Moving off,2,Car,No,Front,2010
201001KG70319,C,0,Unclassified,0,Slight,None,17-07-2010,Saturday,2,Give way or uncontrolled,Crossroads,51.564466,Daylight,547700,187220,0.12954,E01000097,1,2,0,0,Dry,Single carriageway,None,30,17:00:00,Urban,Fine no high winds,No,21 - 25,3,Urban area,2,1596,None,None,Journey as part of work,Mid Junction - on roundabout or on main road,FORD,FOCUS ZETEC CLIMATE AUTO,Petrol,Male,None,No tow/articulation,Did not leave carriageway,0,Waiting to go - held up,1,Car,No,Back,2010
201001KG70376,A,124,C,0,Slight,None,27-09-2010,Monday,1,Give way or uncontrolled,Crossroads,51.552646,Daylight,548230,185920,0.136633,E01000082,1,2,0,0,Dry,Single carriageway,None,30,12:45:00,Urban,Fine no high winds,No,21 - 25,3,Urban area,2,2149,None,None,Other/Not known (2005-10),Mid Junction - on roundabout or on main road,MERCEDES,E220 EXECUTIVE CDI AUTO,Heavy oil,Male,None,No tow/articulation,Did not leave carriageway,0,Going ahead other,2,Car,No,Offside,2010
201001LX50353,A,3036,Unclassified,0,Slight,None,07-05-2010,Friday,1,Give way or uncontrolled,T or staggered junction,51.468907,Daylight,529130,176080,-0.142295,E01003034,1,2,0,0,Dry,Single carriageway,None,30,18:39:00,Urban,Fine no high winds,No,21 - 25,3,Urban area,3,125,None,None,Other/Not known (2005-10),Mid Junction - on roundabout or on main road,HONDA,CBR 125 RW-6,Petrol,Male,None,No tow/articulation,Did not leave carriageway,0,Going ahead other,1,Motorcycle 125cc and under,No,Front,2010
201001LX50566,A,23,NA,0,Slight,None,26-06-2010,Saturday,1,Data missing or out of range,Not at junction or within 20 metres,51.429426,Daylight,530040,171710,-0.130805,E01003120,2,2,0,0,Dry,Single carriageway,None,30,16:41:00,Urban,Fine no high winds,No,21 - 25,3,Urban area,5,1248,None,None,Journey as part of work,Not at or within 20 metres of junction,VAUXHALL,COMBO 2000 CDTI+,Heavy oil,Male,None,No tow/articulation,Did not leave carriageway,0,Going ahead other,2,Van / Goods 3.5 tonnes mgw or under,No,Front,2010
201001MM70091,A,215,NA,0,Slight,None,03-02-2010,Wednesday,1,Data missing or out of range,Not at junction or within 20 metres,51.48985,Daylight,532230,178490,-0.096788,E01003996,1,2,0,0,Wet or damp,Single carriageway,None,30,13:00:00,Urban,Fine no high winds,No,21 - 25,3,Urban area,2,1753,None,None,Journey as part of work,Not at or within 20 metres of junction,FORD,TRANSIT CONN T200 L75,Heavy oil,Male,None,No tow/articulation,Did not leave carriageway,0,Moving off,1,Van / Goods 3.5 tonnes mgw or under,No,Offside,2010
201001MM70127,A,2208,A,2208,Slight,None,25-02-2010,Thursday,1,Give way or uncontrolled,T or staggered junction,51.491455,Daylight,535700,178760,-0.046734,E01004036,1,2,0,1,Dry,Single carriageway,None,30,08:32:00,Urban,Fine no high winds,No,21 - 25,3,Urban area,2,1390,None,None,Other/Not known (2005-10),Approaching junction or waiting/parked at junction approach,RENAULT,CLIO DYNAMIQUE S,Petrol,Male,None,No tow/articulation,Did not leave carriageway,0,Waiting to go - held up,1,Car,No,Nearside,2010
201001MM70726,A,2,Unclassified,0,Slight,None,23-08-2010,Monday,1,Give way or uncontrolled,T or staggered junction,51.482745,Daylight,534540,177760,-0.063813,E01003988,1,2,0,0,Wet or damp,Dual carriageway,None,30,08:48:00,Urban,Fine no high winds,No,21 - 25,3,Urban area,4,1364,None,None,Journey as part of work,Leaving main road,VAUXHALL,COMBO 1700 16V TWINPORT,Petrol,Male,None,No tow/articulation,Did not leave carriageway,0,Turning left,1,Van / Goods 3.5 tonnes mgw or under,No,Nearside,2010
201001MM70889,A,3,A,201,Slight,None,14-10-2010,Thursday,1,Give way or uncontrolled,Roundabout,51.49557,Daylight,531980,179120,-0.100151,E01003932,1,2,0,0,Dry,Single carriageway,None,30,08:24:00,Urban,Fine no high winds,No,21 - 25,3,Urban area,4,1910,None,None,Commuting to/from work,Approaching junction or waiting/parked at junction approach,VAUXHALL,VECTRA EXCLUSIV CDTI 150,Heavy oil,Male,None,No tow/articulation,Did not leave carriageway,0,Turning right,1,Car,No,Nearside,2010
201001PY20094,A,224,Unclassified,0,Slight,None,17-01-2010,Sunday,1,Give way or uncontrolled,T or staggered junction,51.394999,Daylight,547010,168340,0.11174,E01000730,1,2,0,8,Wet or damp,Single carriageway,None,30,11:30:00,Urban,Fine no high winds,No,21 - 25,3,Urban area,4,1596,None,None,Other/Not known (2005-10),Approaching junction or waiting/parked at junction approach,FORD,FOCUS STYLE AUTO,Petrol,Male,None,No tow/articulation,Did not leave carriageway,0,Going ahead other,2,Car,No,Front,2010
201001PY29113,C,0,Unclassified,0,Slight,None,04-11-2010,Thursday,2,Give way or uncontrolled,T or staggered junction,51.397608,Daylight,546650,168620,0.106684,E01000730,1,2,0,0,Dry,Single carriageway,None,30,13:30:00,Urban,Fine no high winds,No,21 - 25,3,Data missing or out of range,NA,1896,None,None,Other/Not known (2005-10),Mid Junction - on roundabout or on main road,VOLKSWAGEN,SHARAN S TDI 115 AUTO,Heavy oil,Male,None,No tow/articulation,Did not leave carriageway,0,Going ahead other,2,Car,No,Nearside,2010
201001QK50057,C,0,C,0,Slight,None,04-02-2010,Thursday,1,Give way or uncontrolled,Roundabout,51.564558,Daylight,522130,186550,-0.239397,E01000499,1,3,0,0,Wet or damp,Roundabout,None,30,16:16:00,Urban,Fine no high winds,No,21 - 25,3,Urban area,8,1364,None,None,Other/Not known (2005-10),Mid Junction - on roundabout or on main road,VAUXHALL,ASTRA SXI,Petrol,Male,None,No tow/articulation,Did not leave carriageway,0,Going ahead other,2,Car,No,Offside,2010
201001QK50144,C,0,Unclassified,0,Slight,None,06-03-2010,Saturday,1,Give way or uncontrolled,Crossroads,51.536819,Daylight,524860,183530,-0.201102,E01000583,1,2,0,0,Dry,Single carriageway,None,30,11:15:00,Urban,Fine no high winds,No,21 - 25,3,Urban area,3,1896,None,None,Other/Not known (2005-10),Mid Junction - on roundabout or on main road,VOLKSWAGEN,GOLF MATCH TDI 105,Heavy oil,Male,None,No tow/articulation,Did not leave carriageway,0,Going ahead other,2,Car,No,Offside,2010
201001QK50161,A,404,NA,0,Slight,None,23-03-2010,Tuesday,1,Data missing or out of range,Not at junction or within 20 metres,51.553148,Daylight,518310,185190,-0.29494,E01000635,1,1,0,0,Dry,Single carriageway,None,30,12:39:00,Urban,Fine no high winds,No,21 - 25,3,Urban area,3,124,None,None,Other/Not known (2005-10),Not at or within 20 metres of junction,YAMAHA,YBR 125,Petrol,Male,None,No tow/articulation,Did not leave carriageway,0,Overtaking static vehicle - offside,1,Motorcycle 125cc and under,No,Front,2010
201001QK50191,A,5,NA,0,Slight,None,14-04-2010,Wednesday,1,Data missing or out of range,Not at junction or within 20 metres,51.596467,Daylight,520440,190060,-0.262565,E01000129,1,2,0,0,Dry,Single carriageway,None,30,12:18:00,Urban,Fine no high winds,No,21 - 25,3,Urban area,5,599,None,None,Other/Not known (2005-10),Not at or within 20 metres of junction,KAWASAKI,ZX 600 P7F,Petrol,Male,None,No tow/articulation,Did not leave carriageway,0,Overtaking - nearside,1,Motorcycle over 500cc,No,Did not impact,2010
201001QK50310,Unclassified,0,Unclassified,0,Slight,None,06-06-2010,Sunday,1,Give way or uncontrolled,T or staggered junction,51.550995,Daylight,522920,185060,-0.228526,E01000505,1,2,0,0,Dry,Single carriageway,None,30,13:55:00,Urban,Fine no high winds,No,21 - 25,3,Urban area,4,124,None,None,Other/Not known (2005-10),Mid Junction - on roundabout or on main road,HONDA,XR 125 L-6,Petrol,Male,None,No tow/articulation,Did not leave carriageway,0,Overtaking static vehicle - offside,1,Motorcycle 125cc and under,No,Front,2010
201001QK50314,C,0,Unclassified,0,Slight,None,13-06-2010,Sunday,1,Give way or uncontrolled,T or staggered junction,51.585273,Daylight,520250,188810,-0.265734,E01000515,1,2,0,0,Dry,Single carriageway,None,30,13:09:00,Urban,Fine no high winds,No,21 - 25,3,Urban area,8,2464,None,None,Journey as part of work,Mid Junction - on roundabout or on main road,RENAULT,MASTER ML35 DCI 120,Heavy oil,Male,None,No tow/articulation,Did not leave carriageway,0,Waiting to go - held up,2,Van / Goods 3.5 tonnes mgw or under,No,Back,2010
201001QK50473,A,4003,Unclassified,0,Slight,None,30-07-2010,Friday,1,Give way or uncontrolled,Crossroads,51.544922,Daylight,523980,184410,-0.213474,E01000494,1,2,0,0,Dry,Single carriageway,None,30,07:50:00,Urban,Fine no high winds,No,21 - 25,3,Urban area,4,599,None,None,Commuting to/from work,Mid Junction - on roundabout or on main road,HONDA,CBR 600 RR-7,Petrol,Male,None,No tow/articulation,Did not leave carriageway,0,Going ahead other,1,Motorcycle over 500cc,No,Front,2010
201001RG40444,B,211,A,207,Slight,None,26-06-2010,Saturday,1,Give way or uncontrolled,T or staggered junction,51.475319,Daylight,541050,177110,0.029619,E01001652,1,2,0,0,Dry,Single carriageway,None,30,16:41:00,Urban,Fine no high winds,No,21 - 25,3,Urban area,2,1229,None,None,Other/Not known (2005-10),Mid Junction - on roundabout or on main road,VAUXHALL,CORSA ACTIVE 16V,Petrol,Male,None,No tow/articulation,Did not leave carriageway,0,Turning right,1,Car,No,Front,2010
201001RY10135,A,223,Unclassified,0,Slight,None,27-03-2010,Saturday,1,Give way or uncontrolled,Private drive or entrance,51.414475,Daylight,547790,170530,0.123855,E01000385,1,2,0,0,Dry,Single carriageway,None,30,12:35:00,Urban,Fine no high winds,No,21 - 25,3,Rural,5,686,None,None,Other/Not known (2005-10),Mid Junction - on roundabout or on main road,YAMAHA,,Petrol,Male,None,No tow/articulation,Did not leave carriageway,0,Overtaking static vehicle - offside,2,Motorcycle over 500cc,No,Front,2010
201001RY10231,C,0,NA,0,Slight,None,26-05-2010,Wednesday,1,Data missing or out of range,Not at junction or within 20 metres,51.468588,Daylight,545980,176500,0.100306,E01000400,1,2,0,0,Dry,Single carriageway,None,30,17:28:00,Urban,Fine no high winds,No,21 - 25,3,Urban area,4,400,Kerb,Other permanent object,Other/Not known (2005-10),Not at or within 20 metres of junction,KTM,400 EXC,Petrol,Male,None,No tow/articulation,Nearside,0,Going ahead other,1,Motorcycle over 125cc and up to 500cc,No,Front,2010
201001RY10383,A,223,Unclassified,0,Slight,None,20-09-2010,Monday,1,Give way or uncontrolled,Private drive or entrance,51.446401,Daylight,549740,174140,0.153401,E01000447,1,2,0,0,Dry,Single carriageway,None,30,12:20:00,Urban,Fine no high winds,No,21 - 25,3,Urban area,4,1870,None,None,Journey as part of work,Leaving main road,VAUXHALL,VIVARO 2900 CDTI SWB,Heavy oil,Male,None,No tow/articulation,Did not leave carriageway,0,Turning right,1,Van / Goods 3.5 tonnes mgw or under,No,Nearside,2010
201001RY10481,A,220,Unclassified,0,Slight,None,15-11-2010,Monday,1,Give way or uncontrolled,Private drive or entrance,51.457472,Daylight,549670,175370,0.152914,E01000330,1,2,0,0,Wet or damp,Single carriageway,None,30,15:30:00,Urban,Fine no high winds,No,21 - 25,3,Urban area,6,1781,None,None,Other/Not known (2005-10),Mid Junction - on roundabout or on main road,AUDI,A4 1.8T,Petrol,Male,None,No tow/articulation,Did not leave carriageway,0,Turning right,2,Car,No,Back,2010
201001SX20114,Unclassified,0,NA,0,Slight,None,01-02-2010,Monday,2,Data missing or out of range,Not at junction or within 20 metres,51.616668,Daylight,521790,192340,-0.242293,E01000258,1,2,0,0,Dry,Single carriageway,None,30,08:40:00,Urban,Fine no high winds,No,21 - 25,3,Urban area,3,1753,None,None,Journey as part of work,Not at or within 20 metres of junction,FORD,FOCUS STYLE DIESEL,Heavy oil,Male,None,No tow/articulation,Did not leave carriageway,0,Parked,1,Car,No,Offside,2010
201001SX20530,A,41,Unclassified,0,Slight,None,23-05-2010,Sunday,1,Give way or uncontrolled,T or staggered junction,51.578893,Daylight,523160,188170,-0.223977,E01000310,1,2,0,0,Dry,Dual carriageway,None,40,12:59:00,Urban,Fine no high winds,No,21 - 25,3,Urban area,4,125,None,None,Journey as part of work,Approaching junction or waiting/parked at junction approach,HONDA,ANF 125-7,Petrol,Male,None,No tow/articulation,Did not leave carriageway,0,Slowing or stopping,1,Motorcycle 125cc and under,No,Back,2010
201001TX20178,A,244,Unclassified,0,Slight,None,30-03-2010,Tuesday,1,Give way or uncontrolled,T or staggered junction,51.442222,Daylight,510380,172670,-0.413185,E01002598,1,2,0,0,Dry,Single carriageway,None,30,17:00:00,Urban,Fine no high winds,No,21 - 25,3,Urban area,4,125,None,None,Other/Not known (2005-10),Mid Junction - on roundabout or on main road,HONDA,CBR 125 R,Petrol,Male,None,No tow/articulation,Did not leave carriageway,0,Going ahead other,2,Motorcycle 125cc and under,No,Front,2010
201001VK30185,A,3,NA,0,Slight,None,29-05-2010,Saturday,1,Data missing or out of range,Not at junction or within 20 metres,51.375657,Daylight,519520,165470,-0.284158,E01003001,1,5,0,0,Dry,Dual carriageway,None,30,18:25:00,Urban,Fine no high winds,No,21 - 25,3,Urban area,10,1753,None,None,Other/Not known (2005-10),Not at or within 20 metres of junction,FORD,MONDEO ZETEC TDCI 125,Heavy oil,Male,None,No tow/articulation,Did not leave carriageway,0,Going ahead other,3,Car,No,Front,2010
201001VW40156,A,217,Unclassified,0,Slight,None,06-05-2010,Thursday,1,Give way or uncontrolled,T or staggered junction,51.403185,Daylight,527660,168730,-0.166094,E01003379,2,3,0,0,Dry,Single carriageway,None,30,08:32:00,Urban,Fine no high winds,No,21 - 25,3,Data missing or out of range,NA,2148,None,None,Other/Not known (2005-10),Mid Junction - on roundabout or on main road,MERCEDES,VITO 109 CDI LONG,Heavy oil,Male,None,No tow/articulation,Did not leave carriageway,0,Going ahead other,3,Van / Goods 3.5 tonnes mgw or under,No,Front,2010
201001VW40367,A,24,Unclassified,0,Slight,None,06-10-2010,Wednesday,1,Give way or uncontrolled,T or staggered junction,51.421487,Daylight,527000,170750,-0.174855,E01003370,1,2,0,0,Dry,Single carriageway,None,30,17:40:00,Urban,Fine no high winds,No,21 - 25,3,Urban area,5,1596,None,None,Other/Not known (2005-10),Mid Junction - on roundabout or on main road,FORD,FOCUS ZETEC CLIMATE AUTO,Petrol,Male,None,No tow/articulation,Did not leave carriageway,0,Turning right,2,Car,No,Nearside,2010
201001VW40373,C,0,C,0,Slight,None,15-10-2010,Friday,1,Give way or uncontrolled,Crossroads,51.414604,Daylight,526030,169960,-0.189079,E01003357,2,2,0,0,Dry,One way street,None,30,08:15:00,Urban,Fine no high winds,No,21 - 25,3,Data missing or out of range,NA,125,None,None,Other/Not known (2005-10),Mid Junction - on roundabout or on main road,HONDA,PES 125,Petrol,Male,None,No tow/articulation,Did not leave carriageway,0,Going ahead other,1,Motorcycle 125cc and under,No,Nearside,2010
201001VW40452,C,0,NA,0,Slight,None,23-12-2010,Thursday,1,Data missing or out of range,Not at junction or within 20 metres,51.412732,Daylight,523920,169700,-0.219496,E01003399,1,1,0,0,Dry,Single carriageway,None,30,10:25:00,Urban,Fine no high winds,No,21 - 25,3,Urban area,3,2198,None,None,Other/Not known (2005-10),Not at or within 20 metres of junction,FORD,TRANSIT 130 T350EF FWD,Heavy oil,Male,None,No tow/articulation,Did not leave carriageway,0,Going ahead other,1,Van / Goods 3.5 tonnes mgw or under,No,Front,2010
201001WW50683,B,242,Unclassified,0,Slight,None,11-09-2010,Saturday,1,Give way or uncontrolled,T or staggered junction,51.444401,Daylight,528610,173340,-0.150772,E01004474,3,2,0,0,Dry,Single carriageway,None,30,15:24:00,Urban,Fine no high winds,No,21 - 25,3,Data missing or out of range,NA,1794,None,None,Other/Not known (2005-10),Approaching junction or waiting/parked at junction approach,TOYOTA,COROLLA VSO VVTI TSPT S-A,Petrol,Male,Overturned,No tow/articulation,Did not leave carriageway,0,Going ahead other,1,Car,No,Offside,2010
201001WW50782,A,24,A,24,Slight,None,16-10-2010,Saturday,1,Give way or uncontrolled,T or staggered junction,51.448943,Daylight,528790,173850,-0.147998,E01004473,1,2,0,0,Dry,Single carriageway,None,30,15:30:00,Urban,Fine no high winds,No,21 - 25,3,Urban area,5,125,None,None,Other/Not known (2005-10),Approaching junction or waiting/parked at junction approach,HONDA,ANF 126-6,Petrol,Male,None,No tow/articulation,Did not leave carriageway,0,Turning right,2,Motorcycle 50cc and under,No,Front,2010
201001XD80133,A,4020,B,455,Slight,None,17-02-2010,Wednesday,1,Auto traffic signal,Crossroads,51.513001,Daylight,517750,180710,-0.304511,E01001221,1,1,0,5,Dry,Single carriageway,None,30,11:20:00,Urban,Fine no high winds,No,21 - 25,3,Urban area,6,2148,None,None,Journey as part of work,Cleared junction or waiting/parked at junction exit,MERCEDES,VITO 111 CDI LONG,Heavy oil,Male,None,No tow/articulation,Did not leave carriageway,0,Turning right,1,Van / Goods 3.5 tonnes mgw or under,No,Front,2010
201001XD80818,C,0,Unclassified,0,Slight,None,29-10-2010,Friday,1,Give way or uncontrolled,Private drive or entrance,51.532947,Daylight,520760,183000,-0.260371,E01001246,1,2,0,0,Dry,Single carriageway,None,30,16:16:00,Urban,Fine no high winds,No,21 - 25,3,Urban area,4,125,None,None,Other/Not known (2005-10),Mid Junction - on roundabout or on main road,TAIWAN GOLDEN BEE,DELIVERY 125,Petrol,Male,None,No tow/articulation,Did not leave carriageway,0,Overtaking moving vehicle - offside,2,Motorcycle 125cc and under,No,Front,2010
201001XH30353,A,404,NA,0,Slight,None,03-06-2010,Thursday,1,Data missing or out of range,Not at junction or within 20 metres,51.60288,Daylight,510180,190540,-0.410478,E01002485,3,2,0,1,Dry,Single carriageway,None,30,10:30:00,Urban,Fine no high winds,No,21 - 25,3,Urban area,10,1298,None,None,Other/Not known (2005-10),Not at or within 20 metres of junction,DAIHATSU,SIRION SE,Petrol,Male,None,No tow/articulation,Did not leave carriageway,0,Slowing or stopping,1,Car,No,Front,2010
201001XH30623,A,312,NA,0,Slight,None,21-09-2010,Tuesday,1,Data missing or out of range,Not at junction or within 20 metres,51.501084,Daylight,509510,179200,-0.423676,E01002489,1,3,0,0,Dry,Dual carriageway,None,40,10:53:00,Urban,Fine no high winds,No,21 - 25,3,Urban area,4,499,None,None,Commuting to/from work,Not at or within 20 metres of junction,HONDA,CBF 500 A-6,Petrol,Male,None,No tow/articulation,Did not leave carriageway,0,Slowing or stopping,3,Motorcycle over 125cc and up to 500cc,No,Front,2010
201001YE80175,A,105,Unclassified,0,Slight,None,13-03-2010,Saturday,1,Give way or uncontrolled,T or staggered junction,51.611099,Daylight,530990,191950,-0.10963,E01001394,1,1,0,0,Dry,Single carriageway,None,30,12:03:00,Urban,Fine no high winds,No,21 - 25,3,Urban area,1,1596,None,None,Other/Not known (2005-10),Entering main road,FORD,FOCUS ZETEC CLIMATE T,Petrol,Male,None,No tow/articulation,Did not leave carriageway,0,Turning right,1,Car,No,Front,2010
201001YE80181,Unclassified,0,Unclassified,0,Slight,None,02-01-2010,Saturday,1,Give way or uncontrolled,T or staggered junction,51.622081,Daylight,530910,193170,-0.110329,E01001566,1,2,0,0,Wet or damp,Single carriageway,None,30,14:48:00,Urban,Fine no high winds,No,21 - 25,3,Urban area,2,125,None,None,Journey as part of work,Mid Junction - on roundabout or on main road,HONDA,ANF 126 T-6,Petrol,Male,None,No tow/articulation,Did not leave carriageway,0,Going ahead other,2,Motorcycle 125cc and under,No,Front,2010
201001YE80278,A,406,Unclassified,0,Slight,None,11-04-2010,Sunday,1,Give way or uncontrolled,Slip road,51.615419,Daylight,532880,192480,-0.082149,E01001562,2,4,0,0,Dry,Dual carriageway,None,50,13:56:00,Urban,Fine no high winds,No,21 - 25,3,Urban area,2,2987,None,None,Other/Not known (2005-10),Mid Junction - on roundabout or on main road,MERCEDES,S320 CDI L AUTO,Heavy oil,Male,None,No tow/articulation,Did not leave carriageway,0,Waiting to go - held up,1,Car,No,Back,2010
201001YE80300,A,10,NA,0,Slight,None,19-04-2010,Monday,1,Data missing or out of range,Not at junction or within 20 metres,51.645097,Daylight,534300,195820,-0.060372,E01001511,3,3,0,0,Dry,Dual carriageway,None,40,06:40:00,Urban,Fine no high winds,No,21 - 25,3,Urban area,2,1753,None,None,Journey as part of work,Not at or within 20 metres of junction,FORD,TRANSIT CONN T200 L75,Heavy oil,Male,None,No tow/articulation,Did not leave carriageway,0,Going ahead other,3,Van / Goods 3.5 tonnes mgw or under,No,Front,2010