Accident_Index,1st_Road_Class,1st_Road_Number,2nd_Road_Class,2nd_Road_Number,Accident_Severity,Carriageway_Hazards,Date,Day_of_Week,Did_Police_Officer_Attend_Scene_of_Accident,Junction_Control,Junction_Detail,Latitude,Light_Conditions,Location_Easting_OSGR,Location_Northing_OSGR,Longitude,LSOA_of_Accident_Location,Number_of_Casualties,Number_of_Vehicles,Pedestrian_Crossing-Human_Control,Pedestrian_Crossing-Physical_Facilities,Road_Surface_Conditions,Road_Type,Special_Conditions_at_Site,Speed_limit,Time,Urban_or_Rural_Area,Weather_Conditions,InScotland,Age_Band_of_Driver,Age_of_Vehicle,Driver_Home_Area_Type,Driver_IMD_Decile,Engine_Capacity_.CC.,Hit_Object_in_Carriageway,Hit_Object_off_Carriageway,Journey_Purpose_of_Driver,Junction_Location,make,model,Propulsion_Code,Sex_of_Driver,Skidding_and_Overturning,Towing_and_Articulation,Vehicle_Leaving_Carriageway,Vehicle_Location.Restricted_Lane,Vehicle_Manoeuvre,Vehicle_Reference,Vehicle_Type,Was_Vehicle_Left_Hand_Drive,X1st_Point_of_Impact,Year
201001YE80357,A,1010,Unclassified,0,Slight,None,19-05-2010,Wednesday,1,Give way or uncontrolled,T or staggered junction,51.634896,Daylight,534870,194700,-0.05257,E01001482,1,2,0,0,Dry,Single carriageway,None,30,08:47:00,Urban,Fine no high winds,No,21 - 25,3,Urban area,3,1248,None,None,Journey as part of work,Mid Junction - on roundabout or on main road,VAUXHALL,COMBO 2000 CDTI,Heavy oil,Male,None,No tow/articulation,Did not leave carriageway,0,Overtaking - nearside,1,Van / Goods 3.5 tonnes mgw or under,No,Front,2010
201001YE80504,A,105,Unclassified,0,Slight,None,04-07-2010,Sunday,1,Give way or uncontrolled,T or staggered junction,51.648295,Daylight,532940,196140,-0.079895,E01001450,1,2,0,0,Dry,Single carriageway,None,30,12:05:00,Urban,Fine no high winds,No,21 - 25,3,Rural,3,599,None,None,Other/Not known (2005-10),Mid Junction - on roundabout or on main road,SUZUKI,GSXR 600 K7,Petrol,Male,None,No tow/articulation,Did not leave carriageway,0,Going ahead other,2,Motorcycle over 500cc,No,Front,2010
201001YE80708,A,10,A,406,Slight,None,08-10-2010,Friday,1,Give way or uncontrolled,Roundabout,51.616043,Daylight,532520,192540,-0.087323,E01001397,1,2,0,0,Dry,Roundabout,None,40,08:38:00,Urban,Fine no high winds,No,21 - 25,3,Urban area,3,1796,None,None,Other/Not known (2005-10),Mid Junction - on roundabout or on main road,VAUXHALL,ASTRA SRI+,Petrol,Male,None,No tow/articulation,Did not leave carriageway,0,Turning left,1,Car,No,Nearside,2010
201001YR90244,A,10,A,10,Slight,None,01-03-2010,Monday,1,Auto traffic signal,Crossroads,51.586379,Daylight,533700,189270,-0.071536,E01002066,1,2,0,5,Dry,Dual carriageway,None,30,09:10:00,Urban,Fine no high winds,No,21 - 25,3,Urban area,1,4580,None,None,Journey as part of work,Mid Junction - on roundabout or on main road,MAN,,Heavy oil,Male,None,No tow/articulation,Did not leave carriageway,0,Moving off,2,Goods over 3.5t. and under 7.5t,No,Front,2010
201001ZD30857,A,2022,NA,0,Slight,None,10-10-2010,Sunday,1,Data missing or out of range,Not at junction or within 20 metres,51.356687,Daylight,537070,163800,-0.032795,E01001065,2,2,0,0,Dry,Dual carriageway,None,30,13:52:00,Rural,Fine no high winds,No,21 - 25,3,Urban area,3,1997,None,None,Other/Not known (2005-10),Not at or within 20 metres of junction,FORD,S-MAX TITANIUM TDCI 6G,Heavy oil,Male,None,No tow/articulation,Did not leave carriageway,0,Going ahead other,2,Car,No,Front,2010
201001ZT80256,A,232,Unclassified,0,Slight,None,25-07-2010,Sunday,1,Give way or uncontrolled,T or staggered junction,51.362723,Daylight,526540,164200,-0.1838,E01004139,1,2,0,0,Dry,Single carriageway,None,40,14:17:00,Urban,Fine no high winds,No,21 - 25,3,Data missing or out of range,NA,1248,None,None,Other/Not known (2005-10),Leaving main road,VAUXHALL,COMBO 2000 CDTI,Heavy oil,Male,None,No tow/articulation,Did not leave carriageway,0,Turning left,2,Van / Goods 3.5 tonnes mgw or under,No,Nearside,2010
201004AL10051,B,5260,NA,0,Slight,None,16-03-2010,Tuesday,1,Data missing or out of range,Not at junction or within 20 metres,53.836454,Daylight,338230,438210,-2.940155,E01025026,1,2,0,0,Dry,Single carriageway,Mud,30,13:34:00,Rural,Fine no high winds,No,21 - 25,3,Urban area,5,1198,None,None,Other/Not known (2005-10),Not at or within 20 metres of junction,SEAT,IBIZA REFERENCE SPORT 12V,Petrol,Male,None,No tow/articulation,Did not leave carriageway,0,Overtaking moving vehicle - offside,1,Car,No,Nearside,2010
201004AL10133,A,584,NA,0,Slight,None,11-08-2010,Wednesday,1,Data missing or out of range,Not at junction or within 20 metres,53.758081,Daylight,344550,429410,-2.842541,E01024998,1,2,0,0,Dry,Dual carriageway,None,70,20:38:00,Rural,Fine no high winds,No,21 - 25,3,Rural,7,NA,None,None,Journey as part of work,Not at or within 20 metres of junction,JOHN DEERE,,Heavy oil,Male,None,Single trailer,Did not leave carriageway,0,Turning left,1,Agricultural vehicle,No,Nearside,2010
201004CC10082,A,581,B,5253,Slight,None,06-07-2010,Tuesday,1,Give way or uncontrolled,Roundabout,53.661954,Daylight,352190,418630,-2.725002,E01024965,1,2,0,0,Dry,Roundabout,None,40,16:45:00,Rural,Fine no high winds,No,21 - 25,3,Urban area,9,1596,None,None,Commuting to/from work,Entering roundabout,FORD,ZETEC 30TH ANNIVERSARY,Petrol,Male,None,No tow/articulation,Did not leave carriageway,0,Waiting to turn right,2,Car,No,Back,2010
201004CK10212,Unclassified,0,Unclassified,0,Slight,None,05-12-2010,Sunday,1,Give way or uncontrolled,T or staggered junction,53.579836,Daylight,341030,409620,-2.89216,E01025519,2,3,0,0,Frost or ice,Single carriageway,None,30,13:50:00,Urban,Fine no high winds,No,21 - 25,3,Urban area,6,1598,None,None,Other/Not known (2005-10),Mid Junction - on roundabout or on main road,VAUXHALL,ASTRA SXI,Petrol,Male,Skidded,No tow/articulation,Did not leave carriageway,0,Going ahead left-hand bend,1,Car,No,Front,2010
201004CL10051,Unclassified,0,NA,0,Slight,None,17-07-2010,Saturday,1,Data missing or out of range,Not at junction or within 20 metres,53.695074,Daylight,354720,422290,-2.687253,E01025431,1,1,0,0,Wet or damp,Single carriageway,None,30,14:30:00,Urban,Fine no high winds,No,21 - 25,3,Urban area,4,1560,None,None,Commuting to/from work,Not at or within 20 metres of junction,CITROEN,C4 COOL HDI,Heavy oil,Male,None,No tow/articulation,Did not leave carriageway,0,Going ahead other,1,Car,No,Front,2010
201004DA10059,A,6,NA,0,Slight,None,04-07-2010,Sunday,1,Data missing or out of range,Not at junction or within 20 metres,53.758903,Daylight,354920,429390,-2.685261,E01025305,1,2,0,4,Dry,Single carriageway,None,30,17:18:00,Urban,Fine no high winds,No,21 - 25,3,Urban area,10,1799,None,None,Commuting to/from work,Not at or within 20 metres of junction,HONDA,CIVIC SE I-VTEC,Petrol,Male,None,No tow/articulation,Did not leave carriageway,0,Overtaking moving vehicle - offside,1,Car,No,Nearside,2010
201004DL10078,A,5085,Unclassified,0,Slight,None,06-07-2010,Tuesday,1,Auto traffic signal,More than 4 arms (not roundabout),53.76865,Daylight,351370,430510,-2.73928,E01025233,2,1,0,5,Dry,Dual carriageway,None,30,17:45:00,Urban,Fine no high winds,No,21 - 25,3,Urban area,5,4250,None,Central crash barrier,Journey as part of work,Mid Junction - on roundabout or on main road,OPTARE,,Heavy oil,Male,None,No tow/articulation,Offside,0,Turning right,1,Bus or coach (17 or more pass seats),No,Offside,2010
201004DR10033,A,6,Unclassified,0,Slight,None,27-04-2010,Tuesday,1,Give way or uncontrolled,T or staggered junction,53.828435,Daylight,351580,437160,-2.737141,E01025281,3,4,0,0,Dry,Single carriageway,None,40,15:30:00,Rural,Fine no high winds,No,21 - 25,3,Urban area,4,1386,None,None,Other/Not known (2005-10),Approaching junction or waiting/parked at junction approach,NISSAN,NOTE S,Petrol,Male,None,No tow/articulation,Did not leave carriageway,0,Overtaking moving vehicle - offside,1,Car,No,Front,2010
201042I386711,Unclassified,0,NA,0,Slight,None,22-09-2020,Sunday,1,Not at junction or within 20 metres,Not at junction or within 20 metres,14.78564886,Darkness - lights lit,574460,192960,78.51876532,E01021331,1,2,0,0,Dry,Single carriageway,None,30,00:15:00,Urban,Fine no high winds,No,16 - 20,2,Urban area,6,1242,None,None,Other/Not known (2005-10),Not at or within 20 metres of junction,FORD,FIESTA ZETEC BLUE 75,Petrol,Male,None,No tow/articulation,Did not leave carriageway,0,Overtaking moving vehicle - offside,1,Car,No,Back,2019
201045RE55761,B,2221,Unclassified,0,Slight,None,14-07-2019,Monday,1,Give way or uncontrolled,Roundabout,22.09084016,Darkness - lights lit,522620,158200,82.1187247,E01030641,1,1,0,0,Dry,Single carriageway,None,30,23:39:00,Urban,Fine no high winds,No,16 - 20,2,Urban area,10,1242,None,None,Other/Not known (2005-10),Cleared junction or waiting/parked at junction exit,FORD,FIESTA STYLE CLIMATE,Petrol,Male,Overturned,No tow/articulation,Offside,0,Going ahead left-hand bend,1,Car,No,Nearside,2019
20104100F0771,A,5183,NA,0,Slight,None,20-10-2021,Friday,1,Not at junction or within 20 metres,Not at junction or within 20 metres,23.08822222,Darkness - lights lit,514230,205670,72.55833068,E01023744,1,2,0,0,Dry,Single carriageway,None,30,18:40:00,Urban,Fine no high winds,No,16 - 20,2,Urban area,10,49,None,None,Commuting to/from work,Not at or within 20 metres of junction,YAMAHA,CS 50 JOG RR,Petrol,Male,Skidded,No tow/articulation,Did not leave carriageway,0,Moving off,1,Motorcycle 50cc and under,No,Front,2019
201043P022090,A,422,Motorway,40,Slight,None,02-03-2021,Wednesday,1,Give way or uncontrolled,Roundabout,28.68555899,Darkness - lights lit,447190,241730,77.2938508,E01028437,1,1,0,0,Dry,Roundabout,None,60,21:30:00,Rural,Fine no high winds,No,16 - 20,2,Urban area,2,124,None,None,Other/Not known (2005-10),Approaching junction or waiting/parked at junction approach,RIEJU,,Petrol,Male,None,No tow/articulation,Did not leave carriageway,0,Going ahead other,1,Motorcycle 125cc and under,No,Nearside,2020
201054EP38110,A,350,B,4158,Slight,None,03-08-2021,Friday,1,Give way or uncontrolled,Roundabout,18.56116671,Darkness - lights lit,391170,175530,73.96206652,E01031891,1,2,0,0,Dry,Single carriageway,None,50,23:16:00,Urban,Fine no high winds,No,16 - 20,2,Rural,8,1242,None,None,Other/Not known (2005-10),Leaving roundabout,FORD,FIESTA STYLE CLIMATE,Petrol,Male,None,No tow/articulation,Did not leave carriageway,0,Going ahead other,2,Car,No,Back,2021
201045EL54969,A,244,NA,0,Slight,None,22-06-2019,Wednesday,2,Data missing or out of range,Not at junction or within 20 metres,18.52693041,Darkness - lights lit,509420,166450,73.79092465,E01030360,1,2,0,0,Dry,Single carriageway,None,30,18:20:00,Rural,Fine no high winds,No,16 - 20,2,Urban area,4,1753,None,None,Other/Not known (2005-10),Not at or within 20 metres of junction,FORD,FOCUS STYLE TD 115,Heavy oil,Male,None,No tow/articulation,Did not leave carriageway,0,Going ahead other,2,Car,No,Front,2021
201034WN19150,A,4500,Unclassified,8101,Slight,None,19-06-2020,Wednesday,1,Give way or uncontrolled,T or staggered junction,18.59522177,Darkness - lights lit,476800,261010,73.89788162,E01027134,1,2,0,0,Dry,Single carriageway,None,30,23:55:00,Urban,Fine no high winds,No,16 - 20,2,Urban area,1,49,None,None,Other/Not known (2005-10),Mid Junction - on roundabout or on main road,BAOTIAN,BT 49 QT-9D,Petrol,Male,None,No tow/articulation,Did not leave carriageway,0,Going ahead other,2,Motorcycle 125cc and under,No,Front,2021
201042I366511,Unclassified,0,Unclassified,0,Slight,None,05-05-2021,Thursday,1,Give way or uncontrolled,T or staggered junction,19.06891947,Darkness - lights lit,572800,191050,72.82659323,E01021269,1,6,0,0,Dry,Single carriageway,None,30,16:40:00,Urban,Fine no high winds,No,16 - 20,2,Small town,9,49,None,None,Other/Not known (2005-10),Mid Junction - on roundabout or on main road,APRILIA,SR 50 R,Petrol,Male,None,No tow/articulation,Did not leave carriageway,0,Overtaking moving vehicle - offside,2,Motorcycle 50cc and under,No,Front,2021
20104100C1141,A,41,NA,0,Slight,None,01-04-2019,Friday,1,Not at junction or within 20 metres,Not at junction or within 20 metres,19.15875636,Darkness - lights lit,512550,198360,72.88622616,E01023552,1,2,0,0,Wet or damp,Dual carriageway,None,50,17:20:00,Rural,Fine no high winds,No,16 - 20,2,Urban area,7,1368,None,None,Other/Not known (2005-10),Not at or within 20 metres of junction,FIAT,BRAVO DYNAMIC 90,Petrol,Male,None,No tow/articulation,Did not leave carriageway,0,Going ahead other,1,Car,No,Front,2021
2010550C29117,Unclassified,0,NA,0,Slight,None,19-08-2019,Thursday,1,Not at junction or within 20 metres,Not at junction or within 20 metres,27.10625222,Darkness - lights lit,404220,90690,93.63422063,E01015458,1,2,0,0,Dry,Single carriageway,None,30,21:56:00,Urban,Fine no high winds,No,16 - 20,2,Urban area,10,1328,None,None,Other/Not known (2005-10),Not at or within 20 metres of junction,SUZUKI,SWIFT GL 3DR,Petrol,Male,None,No tow/articulation,Did not leave carriageway,0,Going ahead other,1,Car,No,Front,2019
201001CW12588,A,4209,C,0,Slight,None,13-11-2010,Saturday,2,Auto traffic signal,Crossroads,51.51472,Darkness - lights lit,526840,181120,-0.173436,E01004682,1,2,0,5,Dry,Single carriageway,None,30,21:15:00,Urban,Fine no high winds,No,16 - 20,2,Urban area,5,108,None,None,Journey as part of work,Mid Junction - on roundabout or on main road,HONDA,NHX 110 WH-8,Petrol,Male,Skidded,No tow/articulation,Did not leave carriageway,0,Going ahead other,1,Motorcycle 125cc and under,No,Front,2010
201001FH10420,B,317,C,0,Slight,None,31-07-2010,Saturday,1,Give way or uncontrolled,T or staggered junction,51.487399,Darkness - lights lit,524820,178030,-0.203625,E01001912,1,2,0,0,Dry,Single carriageway,None,30,19:27:00,Urban,Fine no high winds,No,16 - 20,2,Urban area,3,124,None,None,Journey as part of work,Mid Junction - on roundabout or on main road,WUYANG,WY 125-24B,Petrol,Male,None,No tow/articulation,Did not leave carriageway,0,Going ahead other,2,Motorcycle 125cc and under,No,Front,2010
201001GD10781,A,501,A,501,Slight,None,25-11-2010,Thursday,1,Give way or uncontrolled,T or staggered junction,51.529034,Darkness - lights lit,532220,182850,-0.095298,E01002702,1,2,0,0,Dry,Single carriageway,None,30,20:10:00,Urban,Fine no high winds,No,16 - 20,2,Urban area,1,125,None,None,Other/Not known (2005-10),Cleared junction or waiting/parked at junction exit,HONDA,ANF 125-7,Petrol,Male,None,No tow/articulation,Did not leave carriageway,0,Overtaking - nearside,2,Motorcycle 125cc and under,No,Front,2010
201001HT20922,Unclassified,0,A,1206,Slight,Any animal in carriageway (except ridden horse),24-12-2010,Friday,1,Give way or uncontrolled,T or staggered junction,51.493157,Darkness - lights lit,537210,178990,-0.024907,E01004282,1,1,0,1,Dry,Single carriageway,None,30,02:25:00,Urban,Fine no high winds,No,16 - 20,2,Data missing or out of range,NA,1242,None,None,Other/Not known (2005-10),Approaching junction or waiting/parked at junction approach,FORD,FIESTA ZETEC BLUE 75,Petrol,Male,None,No tow/articulation,Did not leave carriageway,0,Going ahead other,1,Car,No,Front,2010
201001JC30230,A,1009,Unclassified,0,Slight,None,16-05-2010,Sunday,1,Give way or uncontrolled,T or staggered junction,51.607689,Darkness - lights lit,539940,191810,0.019487,E01003750,2,2,0,0,Dry,Single carriageway,None,30,01:05:00,Urban,Fine no high winds,No,16 - 20,2,Urban area,8,1397,None,None,Other/Not known (2005-10),Mid Junction - on roundabout or on main road,PEUGEOT,207 S,Petrol,Male,None,No tow/articulation,Did not leave carriageway,0,Turning right,2,Car,No,Front,2010
201001KD50339,Unclassified,0,Unclassified,0,Slight,None,03-07-2010,Saturday,2,Give way or uncontrolled,T or staggered junction,51.577329,Darkness - lights lit,551040,188750,0.178348,E01002356,1,2,0,0,Dry,Single carriageway,None,30,03:00:00,Urban,Fine no high winds,No,16 - 20,2,Urban area,3,1595,None,None,Other/Not known (2005-10),Approaching junction or waiting/parked at junction approach,AUDI,A3 SPECIAL EDITION,Petrol,Male,None,No tow/articulation,Did not leave carriageway,0,Parked,1,Car,No,Nearside,2010
201001KF60620,B,165,B,164,Slight,None,02-10-2010,Saturday,1,Auto traffic signal,T or staggered junction,51.537093,Darkness - lights lit,539440,183940,0.00915,E01003636,1,1,0,5,Wet or damp,Single carriageway,None,30,20:00:00,Urban,Fine no high winds,No,16 - 20,2,Urban area,2,124,None,None,Other/Not known (2005-10),Approaching junction or waiting/parked at junction approach,YAMAHA,YZF R125,Petrol,Male,None,No tow/articulation,Did not leave carriageway,0,Going ahead other,1,Motorcycle 125cc and under,No,Front,2010
201001KF60635,A,124,Unclassified,0,Slight,None,27-09-2010,Monday,1,Give way or uncontrolled,T or staggered junction,51.533682,Darkness - lights lit,543020,183660,0.060621,E01003622,1,2,0,1,Dry,Single carriageway,None,30,19:04:00,Urban,Fine no high winds,No,16 - 20,2,Urban area,5,49,None,None,Other/Not known (2005-10),Approaching junction or waiting/parked at junction approach,PIAGGIO,NRG,Petrol,Male,None,No tow/articulation,Did not leave carriageway,0,Going ahead other,1,Motorcycle 50cc and under,No,Offside,2010
201001MM70995,B,215,NA,0,Slight,None,25-11-2010,Thursday,1,Data missing or out of range,Not at junction or within 20 metres,51.475733,Darkness - lights lit,534170,176970,-0.069438,E01004010,1,1,0,0,Dry,Single carriageway,None,30,17:05:00,Urban,Fine no high winds,No,16 - 20,2,Urban area,3,124,None,None,Journey as part of work,Not at or within 20 metres of junction,SUZUKI,FL 125 S DW K7 ADDRESS,Petrol,Male,None,No tow/articulation,Did not leave carriageway,0,Going ahead other,1,Motorcycle 125cc and under,No,Front,2010
201001SX21139,Unclassified,0,Unclassified,0,Slight,None,02-11-2010,Tuesday,1,Give way or uncontrolled,Crossroads,51.608993,Darkness - lights lit,520700,191460,-0.258331,E01000132,2,2,0,0,Dry,Single carriageway,None,30,22:01:00,Urban,Fine no high winds,No,16 - 20,2,Urban area,4,1598,None,None,Other/Not known (2005-10),Mid Junction - on roundabout or on main road,VAUXHALL,ASTRA SXI,Petrol,Male,None,No tow/articulation,Did not leave carriageway,0,Going ahead other,1,Car,No,Offside,2010
201034WN19150,A,4500,Unclassified,8101,Slight,None,12-05-2010,Wednesday,1,Give way or uncontrolled,T or staggered junction,52.241891,Darkness - lights lit,476800,261010,-0.876642,E01027134,1,2,0,0,Dry,Single carriageway,None,30,23:55:00,Urban,Fine no high winds,No,16 - 20,2,Urban area,1,49,None,None,Other/Not known (2005-10),Mid Junction - on roundabout or on main road,BAOTIAN,BT 49 QT-9D,Petrol,Male,None,No tow/articulation,Did not leave carriageway,0,Going ahead other,2,Motorcycle 125cc and under,No,Front,2010
20104100C1141,A,41,NA,0,Slight,None,26-11-2010,Friday,1,Not at junction or within 20 metres,Not at junction or within 20 metres,51.672696,Darkness - lights lit,512550,198360,-0.373759,E01023552,1,2,0,0,Wet or damp,Dual carriageway,None,50,17:20:00,Rural,Fine no high winds,No,16 - 20,2,Urban area,7,1368,None,None,Other/Not known (2005-10),Not at or within 20 metres of junction,FIAT,BRAVO DYNAMIC 90,Petrol,Male,None,No tow/articulation,Did not leave carriageway,0,Going ahead other,1,Car,No,Front,2010
20104100F0771,A,5183,NA,0,Slight,None,22-10-2010,Friday,1,Not at junction or within 20 metres,Not at junction or within 20 metres,51.738057,Darkness - lights lit,514230,205670,-0.347081,E01023744,1,2,0,0,Dry,Single carriageway,None,30,18:40:00,Urban,Fine no high winds,No,16 - 20,2,Urban area,10,49,None,None,Commuting to/from work,Not at or within 20 metres of junction,YAMAHA,CS 50 JOG RR,Petrol,Male,Skidded,No tow/articulation,Did not leave carriageway,0,Moving off,1,Motorcycle 50cc and under,No,Front,2010
201042I366511,Unclassified,0,Unclassified,0,Slight,None,04-11-2010,Thursday,1,Give way or uncontrolled,T or staggered junction,51.591745,Darkness - lights lit,572800,191050,0.493213,E01021269,1,6,0,0,Dry,Single carriageway,None,30,16:40:00,Urban,Fine no high winds,No,16 - 20,2,Small town,9,49,None,None,Other/Not known (2005-10),Mid Junction - on roundabout or on main road,APRILIA,SR 50 R,Petrol,Male,None,No tow/articulation,Did not leave carriageway,0,Overtaking moving vehicle - offside,2,Motorcycle 50cc and under,No,Front,2010
201042I386711,Unclassified,0,NA,0,Slight,None,21-11-2010,Sunday,1,Not at junction or within 20 metres,Not at junction or within 20 metres,51.608391,Darkness - lights lit,574460,192960,0.518102,E01021331,1,2,0,0,Dry,Single carriageway,None,30,00:15:00,Urban,Fine no high winds,No,16 - 20,2,Urban area,6,1242,None,None,Other/Not known (2005-10),Not at or within 20 metres of junction,FORD,FIESTA ZETEC BLUE 75,Petrol,Male,None,No tow/articulation,Did not leave carriageway,0,Overtaking moving vehicle - offside,1,Car,No,Back,2010
201043P022090,A,422,Motorway,40,Slight,None,01-09-2010,Wednesday,1,Give way or uncontrolled,Roundabout,52.071894,Darkness - lights lit,447190,241730,-1.312931,E01028437,1,1,0,0,Dry,Roundabout,None,60,21:30:00,Rural,Fine no high winds,No,16 - 20,2,Urban area,2,124,None,None,Other/Not known (2005-10),Approaching junction or waiting/parked at junction approach,RIEJU,,Petrol,Male,None,No tow/articulation,Did not leave carriageway,0,Going ahead other,1,Motorcycle 125cc and under,No,Nearside,2010
201045EL54969,A,244,NA,0,Slight,None,20-10-2010,Wednesday,2,Data missing or out of range,Not at junction or within 20 metres,51.3865,Darkness - lights lit,509420,166450,-0.42891,E01030360,1,2,0,0,Dry,Single carriageway,None,30,18:20:00,Rural,Fine no high winds,No,16 - 20,2,Urban area,4,1753,None,None,Other/Not known (2005-10),Not at or within 20 metres of junction,FORD,FOCUS STYLE TD 115,Heavy oil,Male,None,No tow/articulation,Did not leave carriageway,0,Going ahead other,2,Car,No,Front,2010
201045RE55761,B,2221,Unclassified,0,Slight,None,01-11-2010,Monday,1,Give way or uncontrolled,Roundabout,51.309656,Darkness - lights lit,522620,158200,-0.242142,E01030641,1,1,0,0,Dry,Single carriageway,None,30,23:39:00,Urban,Fine no high winds,No,16 - 20,2,Urban area,10,1242,None,None,Other/Not known (2005-10),Cleared junction or waiting/parked at junction exit,FORD,FIESTA STYLE CLIMATE,Petrol,Male,Overturned,No tow/articulation,Offside,0,Going ahead left-hand bend,1,Car,No,Nearside,2010
201054EP38110,A,350,B,4158,Slight,None,22-10-2010,Friday,1,Give way or uncontrolled,Roundabout,51.478607,Darkness - lights lit,391170,175530,-2.128557,E01031891,1,2,0,0,Dry,Single carriageway,None,50,23:16:00,Urban,Fine no high winds,No,16 - 20,2,Rural,8,1242,None,None,Other/Not known (2005-10),Leaving roundabout,FORD,FIESTA STYLE CLIMATE,Petrol,Male,None,No tow/articulation,Did not leave carriageway,0,Going ahead other,2,Car,No,Back,2010
2010550C29117,Unclassified,0,NA,0,Slight,None,08-07-2010,Thursday,1,Not at junction or within 20 metres,Not at junction or within 20 metres,50.715758,Darkness - lights lit,404220,90690,-1.94161,E01015458,1,2,0,0,Dry,Single carriageway,None,30,21:56:00,Urban,Fine no high winds,No,16 - 20,2,Urban area,10,1328,None,None,Other/Not known (2005-10),Not at or within 20 metres of junction,SUZUKI,SWIFT GL 3DR,Petrol,Male,None,No tow/articulation,Did not leave carriageway,0,Going ahead other,1,Car,No,Front,2010
2010550D50886,A,348,NA,0,Slight,None,18-11-2010,Thursday,1,Not at junction or within 20 metres,Not at junction or within 20 metres,50.796483,Darkness - lights lit,407350,99670,-1.897098,E01020395,1,1,0,0,Wet or damp,Single carriageway,None,40,21:11:00,Urban,Fine no high winds,No,16 - 20,2,Urban area,9,649,None,None,Other/Not known (2005-10),Not at or within 20 metres of junction,KAWASAKI,EX 650 A8F,Petrol,Male,None,No tow/articulation,Nearside,0,Going ahead other,1,Motorcycle over 500cc,No,Nearside,2010
201001FH10420,B,317,C,0,Slight,None,31-07-2010,Saturday,1,Give way or uncontrolled,T or staggered junction,51.487399,Darkness - lights lit,524820,178030,-0.203625,E01001912,1,2,0,0,Dry,Single carriageway,None,30,19:27:00,Urban,Fine no high winds,No,16 - 20,2,Urban area,3,124,None,None,Journey as part of work,Mid Junction - on roundabout or on main road,WUYANG,WY 125-24B,Petrol,Male,None,No tow/articulation,Did not leave carriageway,0,Going ahead other,2,Motorcycle 125cc and under,No,Front,2010
201001GD10781,A,501,A,501,Slight,None,25-11-2010,Thursday,1,Give way or uncontrolled,T or staggered junction,51.529034,Darkness - lights lit,532220,182850,-0.095298,E01002702,1,2,0,0,Dry,Single carriageway,None,30,20:10:00,Urban,Fine no high winds,No,16 - 20,2,Urban area,1,125,None,None,Other/Not known (2005-10),Cleared junction or waiting/parked at junction exit,HONDA,ANF 125-7,Petrol,Male,None,No tow/articulation,Did not leave carriageway,0,Overtaking - nearside,2,Motorcycle 125cc and under,No,Front,2010
201001HT20922,Unclassified,0,A,1206,Slight,Any animal in carriageway (except ridden horse),24-12-2010,Friday,1,Give way or uncontrolled,T or staggered junction,51.493157,Darkness - lights lit,537210,178990,-0.024907,E01004282,1,1,0,1,Dry,Single carriageway,None,30,02:25:00,Urban,Fine no high winds,No,16 - 20,2,Data missing or out of range,NA,1242,None,None,Other/Not known (2005-10),Approaching junction or waiting/parked at junction approach,FORD,FIESTA ZETEC BLUE 75,Petrol,Male,None,No tow/articulation,Did not leave carriageway,0,Going ahead other,1,Car,No,Front,2010
201001JC30230,A,1009,Unclassified,0,Slight,None,16-05-2010,Sunday,1,Give way or uncontrolled,T or staggered junction,51.607689,Darkness - lights lit,539940,191810,0.019487,E01003750,2,2,0,0,Dry,Single carriageway,None,30,01:05:00,Urban,Fine no high winds,No,16 - 20,2,Urban area,8,1397,None,None,Other/Not known (2005-10),Mid Junction - on roundabout or on main road,PEUGEOT,207 S,Petrol,Male,None,No tow/articulation,Did not leave carriageway,0,Turning right,2,Car,No,Front,2010
201001KD50339,Unclassified,0,Unclassified,0,Slight,None,03-07-2010,Saturday,2,Give way or uncontrolled,T or staggered junction,51.577329,Darkness - lights lit,551040,188750,0.178348,E01002356,1,2,0,0,Dry,Single carriageway,None,30,03:00:00,Urban,Fine no high winds,No,16 - 20,2,Urban area,3,1595,None,None,Other/Not known (2005-10),Approaching junction or waiting/parked at junction approach,AUDI,A3 SPECIAL EDITION,Petrol,Male,None,No tow/articulation,Did not leave carriageway,0,Parked,1,Car,No,Nearside,2010
201001KF60620,B,165,B,164,Slight,None,02-10-2010,Saturday,1,Auto traffic signal,T or staggered junction,51.537093,Darkness - lights lit,539440,183940,0.00915,E01003636,1,1,0,5,Wet or damp,Single carriageway,None,30,20:00:00,Urban,Fine no high winds,No,16 - 20,2,Urban area,2,124,None,None,Other/Not known (2005-10),Approaching junction or waiting/parked at junction approach,YAMAHA,YZF R125,Petrol,Male,None,No tow/articulation,Did not leave carriageway,0,Going ahead other,1,Motorcycle 125cc and under,No,Front,2010
201001KF60635,A,124,Unclassified,0,Slight,None,27-09-2010,Monday,1,Give way or uncontrolled,T or staggered junction,51.533682,Darkness - lights lit,543020,183660,0.060621,E01003622,1,2,0,1,Dry,Single carriageway,None,30,19:04:00,Urban,Fine no high winds,No,16 - 20,2,Urban area,5,49,None,None,Other/Not known (2005-10),Approaching junction or waiting/parked at junction approach,PIAGGIO,NRG,Petrol,Male,None,No tow/articulation,Did not leave carriageway,0,Going ahead other,1,Motorcycle 50cc and under,No,Offside,2010