Accident_Index,1st_Road_Class,1st_Road_Number,2nd_Road_Class,2nd_Road_Number,Accident_Severity,Carriageway_Hazards,Date,Day_of_Week,Did_Police_Officer_Attend_Scene_of_Accident,Junction_Control,Junction_Detail,Latitude,Light_Conditions,Location_Easting_OSGR,Location_Northing_OSGR,Longitude,LSOA_of_Accident_Location,Number_of_Casualties,Number_of_Vehicles,Pedestrian_Crossing-Human_Control,Pedestrian_Crossing-Physical_Facilities,Road_Surface_Conditions,Road_Type,Special_Conditions_at_Site,Speed_limit,Time,Urban_or_Rural_Area,Weather_Conditions,InScotland,Age_Band_of_Driver,Age_of_Vehicle,Driver_Home_Area_Type,Driver_IMD_Decile,Engine_Capacity_.CC.,Hit_Object_in_Carriageway,Hit_Object_off_Carriageway,Journey_Purpose_of_Driver,Junction_Location,make,model,Propulsion_Code,Sex_of_Driver,Skidding_and_Overturning,Towing_and_Articulation,Vehicle_Leaving_Carriageway,Vehicle_Location.Restricted_Lane,Vehicle_Manoeuvre,Vehicle_Reference,Vehicle_Type,Was_Vehicle_Left_Hand_Drive,X1st_Point_of_Impact,Year
201001MM70995,B,215,NA,0,Slight,None,25-11-2010,Thursday,1,Data missing or out of range,Not at junction or within 20 metres,51.475733,Darkness - lights lit,534170,176970,-0.069438,E01004010,1,1,0,0,Dry,Single carriageway,None,30,17:05:00,Urban,Fine no high winds,No,16 - 20,2,Urban area,3,124,None,None,Journey as part of work,Not at or within 20 metres of junction,SUZUKI,FL 125 S DW K7 ADDRESS,Petrol,Male,None,No tow/articulation,Did not leave carriageway,0,Going ahead other,1,Motorcycle 125cc and under,No,Front,2010
201001SX21139,Unclassified,0,Unclassified,0,Slight,None,02-11-2010,Tuesday,1,Give way or uncontrolled,Crossroads,51.608993,Darkness - lights lit,520700,191460,-0.258331,E01000132,2,2,0,0,Dry,Single carriageway,None,30,22:01:00,Urban,Fine no high winds,No,16 - 20,2,Urban area,4,1598,None,None,Other/Not known (2005-10),Mid Junction - on roundabout or on main road,VAUXHALL,ASTRA SXI,Petrol,Male,None,No tow/articulation,Did not leave carriageway,0,Going ahead other,1,Car,No,Offside,2010
201001TX20746,Unclassified,0,Unclassified,0,Slight,None,04-11-2010,Thursday,1,Give way or uncontrolled,T or staggered junction,51.46079,Darkness - lights lit,512400,174780,-0.383462,E01002650,1,2,0,0,Dry,Single carriageway,None,30,20:02:00,Urban,Fine no high winds,No,16 - 20,2,Urban area,4,124,None,None,Other/Not known (2005-10),Mid Junction - on roundabout or on main road,SUZUKI,DR 125 SM K9,Petrol,Male,None,No tow/articulation,Did not leave carriageway,0,Going ahead left-hand bend,2,Motorcycle 125cc and under,No,Front,2010
201001VW40072,A,238,Unclassified,0,Slight,None,08-03-2010,Monday,1,Give way or uncontrolled,Private drive or entrance,51.408795,Darkness - lights lit,524250,169270,-0.214904,E01003366,1,2,0,0,Dry,Single carriageway,None,30,20:15:00,Urban,Fine no high winds,No,16 - 20,2,Urban area,6,124,None,None,Journey as part of work,Mid Junction - on roundabout or on main road,SUZUKI,FL 125 S DW K7 ADDRESS,Petrol,Male,None,No tow/articulation,Did not leave carriageway,0,Overtaking - nearside,2,Motorcycle 125cc and under,No,Front,2010
201001WW50385,B,305,Unclassified,0,Slight,None,03-06-2010,Thursday,1,Give way or uncontrolled,T or staggered junction,51.476466,Darkness - lights lit,527100,176870,-0.171221,E01004584,1,2,0,0,Dry,Single carriageway,None,30,20:15:00,Urban,Fine no high winds,No,16 - 20,2,Data missing or out of range,NA,124,None,None,Other/Not known (2005-10),Mid Junction - on roundabout or on main road,WUYANG,WY 125-24B,Petrol,Male,None,No tow/articulation,Did not leave carriageway,0,Turning right,2,Motorcycle 125cc and under,No,Front,2010
201001WW50949,A,3036,Unclassified,0,Slight,None,05-12-2010,Sunday,1,Give way or uncontrolled,T or staggered junction,51.46527,Darkness - lights lit,528130,175650,-0.156839,E01004589,3,2,0,0,Wet or damp,Single carriageway,None,30,03:14:00,Urban,Fine no high winds,No,16 - 20,2,Urban area,5,1390,None,None,Commuting to/from work,Mid Junction - on roundabout or on main road,VOLKSWAGEN,POLO MATCH 80 AUTO,Petrol,Male,None,No tow/articulation,Did not leave carriageway,0,U-turn,1,Car,No,Offside,2010
201001XD80744,C,0,C,0,Slight,None,29-09-2010,Wednesday,2,Give way or uncontrolled,Mini-roundabout,51.515985,Darkness - lights lit,512810,180930,-0.375599,E01001297,2,2,0,0,Wet or damp,Single carriageway,None,30,19:30:00,Urban,Fine no high winds,No,16 - 20,2,Urban area,3,1598,None,None,Other/Not known (2005-10),Approaching junction or waiting/parked at junction approach,MAZDA,3 TAKARA,Petrol,Male,None,No tow/articulation,Did not leave carriageway,0,Slowing or stopping,1,Car,No,Back,2010
201001XH30878,C,0,NA,0,Slight,None,06-12-2010,Monday,1,Data missing or out of range,Not at junction or within 20 metres,51.498629,Darkness - lights lit,506840,178870,-0.462228,E01002446,1,1,0,0,Frost or ice,Single carriageway,None,30,22:35:00,Urban,Fine no high winds,No,16 - 20,2,Urban area,3,1798,Kerb,Telegraph or electricity pole,Other/Not known (2005-10),Not at or within 20 metres of junction,AUDI,A5 SPORT TFSI AUTO,Petrol,Male,None,No tow/articulation,Nearside,0,Going ahead left-hand bend,1,Car,No,Nearside,2010
201001YR90122,A,503,NA,0,Slight,None,05-03-2010,Friday,1,Data missing or out of range,Not at junction or within 20 metres,51.586073,Darkness - lights lit,534230,189250,-0.063898,E01002068,1,2,0,0,Dry,One way street,None,30,18:00:00,Urban,Fine no high winds,No,16 - 20,2,Data missing or out of range,NA,50,None,None,Other/Not known (2005-10),Not at or within 20 metres of junction,HUATIAN,,Petrol,Male,None,No tow/articulation,Did not leave carriageway,0,Going ahead other,1,Motorcycle 50cc and under,No,Nearside,2010
201001ZD30728,Unclassified,0,Unclassified,0,Slight,None,10-09-2010,Friday,1,Give way or uncontrolled,Mini-roundabout,51.399368,Darkness - lights lit,533700,168460,-0.079413,E01001136,1,2,0,0,Dry,Roundabout,None,30,00:41:00,Urban,Fine no high winds,No,16 - 20,2,Urban area,3,1598,None,None,Other/Not known (2005-10),Mid Junction - on roundabout or on main road,CITROEN,BERLINGO 600 HDI ENTER 75,Heavy oil,Male,Overturned,No tow/articulation,Did not leave carriageway,0,Going ahead other,2,Van / Goods 3.5 tonnes mgw or under,No,Nearside,2010
201004BA10075,A,6,Unclassified,0,Slight,None,16-06-2010,Wednesday,1,Give way or uncontrolled,T or staggered junction,54.050137,Darkness - lights lit,347780,461870,-2.799102,E01025093,1,1,0,0,Dry,One way street,None,30,22:42:00,Urban,Fine no high winds,No,16 - 20,2,Urban area,2,49,None,None,Other/Not known (2005-10),Approaching junction or waiting/parked at junction approach,PIAGGIO,NRG,Petrol,Male,None,No tow/articulation,Nearside,0,Going ahead other,1,Motorcycle 50cc and under,No,Offside,2010
201004DF10081,Unclassified,0,A,5085,Slight,None,09-10-2010,Saturday,1,Auto traffic signal,Crossroads,53.768707,Darkness - lights lit,356050,430470,-2.668276,E01025285,1,2,0,0,Dry,Single carriageway,None,30,19:00:00,Urban,Fine no high winds,No,16 - 20,2,Urban area,1,49,None,None,Other/Not known (2005-10),Mid Junction - on roundabout or on main road,KYMCO,AGILITY,Petrol,Male,None,No tow/articulation,Did not leave carriageway,0,Waiting to go - held up,2,Motorcycle 50cc and under,No,Front,2010
201004EP10002,Unclassified,0,Unclassified,0,Slight,None,11-02-2010,Thursday,1,Give way or uncontrolled,Other junction,53.83006,Darkness - lights lit,360110,437260,-2.607565,E01025325,1,2,0,0,Dry,Single carriageway,None,30,19:44:00,Rural,Fine no high winds,No,16 - 20,2,Urban area,9,49,None,None,Other/Not known (2005-10),Approaching junction or waiting/parked at junction approach,APRILIA,SR 50 R,Petrol,Male,Skidded and overturned,No tow/articulation,Did not leave carriageway,0,Going ahead other,2,Motorcycle 50cc and under,No,Front,2010
201004FL10006,Unclassified,0,NA,0,Slight,None,18-01-2010,Monday,1,Data missing or out of range,Not at junction or within 20 metres,53.70213,Darkness - lights lit,379690,422900,-2.309129,E01025387,4,2,0,0,Wet or damp,Single carriageway,None,30,23:25:00,Rural,Fine no high winds,No,16 - 20,2,Urban area,9,1399,Kerb,Tree,Other/Not known (2005-10),Not at or within 20 metres of junction,FORD,FIESTA STYLE TDCI,Heavy oil,Male,Skidded,No tow/articulation,Offside,0,Going ahead left-hand bend,2,Car,No,Front,2010
201005AA06082,Unclassified,0,Unclassified,0,Slight,None,23-10-2010,Saturday,1,Give way or uncontrolled,Other junction,53.382414,Darkness - lights lit,328250,387830,-3.080168,E01007162,1,1,0,0,Dry,Single carriageway,None,30,19:50:00,Urban,Fine no high winds,No,16 - 20,2,Urban area,7,998,None,Other permanent object,Other/Not known (2005-10),Approaching junction or waiting/parked at junction approach,VAUXHALL,CORSA BREEZE,Petrol,Male,None,No tow/articulation,Did not leave carriageway,0,Going ahead right-hand bend,1,Car,No,Front,2010
201005EE04662,Unclassified,0,Unclassified,0,Slight,None,08-08-2010,Sunday,1,Auto traffic signal,Crossroads,53.405358,Darkness - lights lit,335400,390280,-2.973194,E01006513,4,2,0,4,Dry,Single carriageway,None,30,23:30:00,Urban,Fine no high winds,No,16 - 20,2,Urban area,1,1364,None,None,Other/Not known (2005-10),Mid Junction - on roundabout or on main road,VAUXHALL,MERIVA LIFE TWINPORT,Petrol,Male,Overturned,No tow/articulation,Did not leave carriageway,0,Going ahead other,1,Car,No,Front,2010
201005EE04662,Unclassified,0,Unclassified,0,Slight,None,08-08-2010,Sunday,1,Auto traffic signal,Crossroads,53.405358,Darkness - lights lit,335400,390280,-2.973194,E01006513,4,2,0,4,Dry,Single carriageway,None,30,23:30:00,Urban,Fine no high winds,No,16 - 20,2,Urban area,1,1364,None,Other permanent object,Other/Not known (2005-10),Mid Junction - on roundabout or on main road,VAUXHALL,MERIVA LIFE TWINPORT,Petrol,Male,Skidded,No tow/articulation,Did not leave carriageway,0,Going ahead other,2,Car,No,Front,2010
201006A026776,Unclassified,0,Unclassified,0,Slight,None,16-01-2010,Saturday,1,Give way or uncontrolled,Crossroads,53.478653,Darkness - lights lit,384120,398020,-2.240751,E01005134,1,2,0,0,Wet or damp,Single carriageway,Road sign or marking defective or obscured,30,18:50:00,Urban,Fine no high winds,No,16 - 20,2,Data missing or out of range,NA,1229,None,None,Other/Not known (2005-10),Mid Junction - on roundabout or on main road,VAUXHALL,CORSA BREEZE,Petrol,Male,None,No tow/articulation,Did not leave carriageway,0,Going ahead other,1,Car,No,Nearside,2010
201006F038022,A,57,Motorway,60,Slight,None,21-10-2010,Thursday,1,Give way or uncontrolled,Roundabout,53.476511,Darkness - lights lit,375250,397820,-2.374385,E01005731,1,2,0,0,Wet or damp,Roundabout,None,30,19:25:00,Urban,Fine no high winds,No,16 - 20,2,Urban area,10,998,None,None,Other/Not known (2005-10),Mid Junction - on roundabout or on main road,VAUXHALL,CORSA ACTIVE,Petrol,Male,Skidded,No tow/articulation,Did not leave carriageway,0,Going ahead right-hand bend,1,Car,No,Nearside,2010
201006G027881,C,0,NA,0,Slight,None,13-02-2010,Saturday,1,Data missing or out of range,Not at junction or within 20 metres,53.493925,Darkness - lights lit,391420,399700,-2.130802,E01005995,1,2,0,0,Frost or ice,Single carriageway,None,30,01:54:00,Urban,Fine no high winds,No,16 - 20,2,Urban area,2,1397,Parked vehicle,Other permanent object,Other/Not known (2005-10),Not at or within 20 metres of junction,PEUGEOT,207 SPORT CIELO 16V,Petrol,Male,Skidded and overturned,No tow/articulation,Offside,0,Going ahead left-hand bend,1,Car,No,Front,2010
201006K033794,B,6472,Unclassified,0,Slight,None,04-07-2010,Sunday,1,Give way or uncontrolled,T or staggered junction,53.611314,Darkness - lights lit,372980,412830,-2.409888,E01004810,1,2,0,0,Dry,Single carriageway,None,30,04:35:00,Urban,Fine no high winds,No,16 - 20,2,Urban area,9,996,None,None,Other/Not known (2005-10),Entering main road,VAUXHALL,AGILA CLUB,Petrol,Male,None,No tow/articulation,Did not leave carriageway,0,Going ahead other,2,Car,No,Nearside,2010
201006L027233,A,577,Unclassified,0,Slight,None,26-01-2010,Tuesday,2,Give way or uncontrolled,T or staggered junction,53.53819,Darkness - lights lit,360820,404780,-2.592665,E01006272,1,2,0,0,Dry,Single carriageway,None,30,17:00:00,Rural,Fine no high winds,No,16 - 20,2,Urban area,4,49,None,None,Other/Not known (2005-10),Approaching junction or waiting/parked at junction approach,PEUGEOT,SPEEDFIGHT,Petrol,Male,None,No tow/articulation,Did not leave carriageway,0,Going ahead other,1,Motorcycle 50cc and under,No,Front,2010
201006M028780,B,5166,A,6144,Slight,None,27-02-2010,Saturday,1,Give way or uncontrolled,Mini-roundabout,53.427614,Darkness - lights lit,377240,392370,-2.344006,E01006170,3,2,0,0,Dry,Roundabout,None,30,21:28:00,Urban,Fine no high winds,No,16 - 20,2,Urban area,2,998,None,None,Journey as part of work,Entering roundabout,PEUGEOT,107 URBAN,Petrol,Male,None,No tow/articulation,Did not leave carriageway,0,Going ahead other,2,Car,No,Nearside,2010
201014A016410,Unclassified,0,Unclassified,0,Slight,None,26-01-2010,Tuesday,1,Give way or uncontrolled,T or staggered junction,53.547654,Darkness - lights lit,455100,405990,-1.169878,E01007518,3,2,0,0,Dry,Single carriageway,None,30,21:25:00,Urban,Fine no high winds,No,16 - 20,2,Urban area,2,1595,None,None,Other/Not known (2005-10),Approaching junction or waiting/parked at junction approach,SEAT,LEON ESSENCE,Petrol,Male,None,No tow/articulation,Did not leave carriageway,0,Going ahead other,1,Car,No,Nearside,2010
201014C039810,B,6060,Unclassified,0,Slight,None,03-04-2010,Saturday,1,Stop sign,T or staggered junction,53.373832,Darkness - lights lit,452440,386620,-1.213245,E01007789,2,2,0,0,Dry,Single carriageway,None,40,20:15:00,Rural,Fine no high winds,No,16 - 20,2,Small town,5,1490,None,None,Other/Not known (2005-10),Approaching junction or waiting/parked at junction approach,SUZUKI,SWIFT GLX 5DR,Petrol,Male,None,No tow/articulation,Did not leave carriageway,0,Waiting to turn right,1,Car,No,Offside,2010
2010160D00301,Unclassified,0,NA,0,Slight,None,02-02-2010,Tuesday,1,Data missing or out of range,Not at junction or within 20 metres,53.75493,Darkness - lights lit,511710,430060,-0.307152,E01012805,2,2,0,0,Wet or damp,Single carriageway,None,20,18:32:00,Urban,Fine no high winds,No,16 - 20,2,Urban area,1,49,None,None,Other/Not known (2005-10),Not at or within 20 metres of junction,CPI,FORMULA R 50,Petrol,Male,Skidded,No tow/articulation,Did not leave carriageway,0,Going ahead other,2,Motorcycle 50cc and under,No,Front,2010
2010160D01801,Unclassified,0,NA,0,Slight,None,27-02-2010,Saturday,1,Data missing or out of range,Not at junction or within 20 metres,53.744762,Darkness - lights lit,508810,428860,-0.351539,E01012851,2,2,0,0,Wet or damp,Single carriageway,None,30,01:20:00,Urban,Fine no high winds,No,16 - 20,2,Urban area,6,49,None,None,Other/Not known (2005-10),Not at or within 20 metres of junction,PEUGEOT,V CLIC 50,Petrol,Male,None,No tow/articulation,Did not leave carriageway,0,Going ahead other,1,Motorcycle 50cc and under,No,Front,2010
2010160D06531,Unclassified,0,Unclassified,0,Slight,None,07-11-2010,Sunday,1,Give way or uncontrolled,T or staggered junction,53.754385,Darkness - lights lit,507900,429910,-0.364966,E01012760,1,1,0,0,Dry,Single carriageway,None,20,19:12:00,Urban,Fine no high winds,No,16 - 20,2,Urban area,1,124,Bollard or refuge,None,Other/Not known (2005-10),Approaching junction or waiting/parked at junction approach,HONDA,XR 125 L-6,Petrol,Male,None,No tow/articulation,Did not leave carriageway,0,Going ahead other,1,Motorcycle 125cc and under,No,Front,2010
201020D041811,Unclassified,0,Unclassified,0,Slight,None,06-02-2010,Saturday,1,Give way or uncontrolled,Crossroads,52.493237,Darkness - lights lit,408430,288380,-1.877276,E01009203,5,2,0,0,Dry,Single carriageway,None,30,19:00:00,Urban,Fine no high winds,No,16 - 20,2,Urban area,3,1910,None,None,Other/Not known (2005-10),Mid Junction - on roundabout or on main road,VAUXHALL,ASTRA SRI XP CDTI 120,Heavy oil,Male,None,No tow/articulation,Did not leave carriageway,0,Going ahead other,1,Car,No,Front,2010
201020G009530,Unclassified,0,Unclassified,0,Slight,None,30-10-2010,Saturday,1,Give way or uncontrolled,T or staggered junction,52.626389,Darkness - lights lit,392410,303190,-2.113575,E01010439,4,2,0,0,Dry,Single carriageway,None,30,22:00:00,Urban,Fine no high winds,No,16 - 20,2,Urban area,1,995,None,None,Other/Not known (2005-10),Approaching junction or waiting/parked at junction approach,CHEVROLET,MATIZ SE+,Petrol,Male,Overturned,No tow/articulation,Did not leave carriageway,0,Turning right,2,Car,No,Did not impact,2010
201020J008612,Unclassified,0,NA,0,Slight,None,08-02-2010,Monday,1,Data missing or out of range,Not at junction or within 20 metres,52.47691,Darkness - lights lit,388720,286570,-2.167519,E01009918,1,2,0,0,Dry,Single carriageway,None,30,19:11:00,Urban,Fine no high winds,No,16 - 20,2,Urban area,2,49,None,None,Other/Not known (2005-10),Not at or within 20 metres of junction,APRILIA,SR 50 R,Petrol,Male,Skidded,No tow/articulation,Did not leave carriageway,0,Moving off,1,Motorcycle 50cc and under,No,Front,2010
201020J500280,B,4174,Unclassified,0,Slight,None,04-12-2010,Saturday,1,Give way or uncontrolled,Private drive or entrance,52.464582,Darkness - lights lit,393500,285190,-2.097114,E01009869,1,2,0,0,Wet or damp,Single carriageway,None,30,17:02:00,Urban,Fine no high winds,No,16 - 20,2,Urban area,2,1910,None,None,Other/Not known (2005-10),Mid Junction - on roundabout or on main road,VAUXHALL,VECTRA EXCLUSIV CDTI 120,Heavy oil,Male,None,No tow/articulation,Did not leave carriageway,0,Turning left,1,Car,No,Offside,2010
201020M005312,Unclassified,0,Unclassified,0,Slight,None,23-01-2010,Saturday,1,Give way or uncontrolled,T or staggered junction,52.409985,Darkness - lights lit,436860,279250,-1.459554,E01009716,1,2,0,0,Dry,Single carriageway,None,30,22:10:00,Urban,Fine no high winds,No,16 - 20,2,Urban area,5,125,None,None,Other/Not known (2005-10),Mid Junction - on roundabout or on main road,BAROSSA,XS 125 T-13,Petrol,Male,Overturned,No tow/articulation,Did not leave carriageway,0,Going ahead other,2,Motorcycle 125cc and under,No,Front,2010
201020M012810,B,4113,NA,0,Slight,None,22-11-2010,Monday,1,Data missing or out of range,Not at junction or within 20 metres,52.438719,Darkness - lights lit,434620,282430,-1.492154,E01009564,1,2,0,0,Wet or damp,Single carriageway,None,30,19:21:00,Urban,Fine no high winds,No,16 - 20,2,Urban area,6,49,None,None,Other/Not known (2005-10),Not at or within 20 metres of junction,PEUGEOT,LUDIX BLASTER RS 12,Petrol,Male,None,No tow/articulation,Did not leave carriageway,0,Going ahead other,2,Motorcycle 50cc and under,No,Front,2010
201020M701913,B,4113,Unclassified,0,Slight,None,24-03-2010,Wednesday,1,Give way or uncontrolled,T or staggered junction,52.444188,Darkness - lights lit,434850,283040,-1.488707,E01009603,1,2,0,0,Wet or damp,Single carriageway,None,30,19:40:00,Urban,Fine no high winds,No,16 - 20,2,Urban area,3,124,None,None,Other/Not known (2005-10),Mid Junction - on roundabout or on main road,YAMAHA,YZF R125,Petrol,Male,None,No tow/articulation,Did not leave carriageway,0,Going ahead other,2,Motorcycle 125cc and under,No,Front,2010
201020W028740,A,4040,NA,0,Slight,None,29-07-2010,Thursday,1,Data missing or out of range,Not at junction or within 20 metres,52.513691,Darkness - lights lit,404430,290650,-1.936162,E01009270,4,2,0,0,Wet or damp,Single carriageway,None,30,22:03:00,Urban,Fine no high winds,No,16 - 20,2,Urban area,4,1198,None,None,Other/Not known (2005-10),Not at or within 20 metres of junction,VOLKSWAGEN,POLO E 60,Petrol,Male,None,No tow/articulation,Did not leave carriageway,0,Parked,2,Car,No,Front,2010
201022C006184,A,44,Unclassified,0,Slight,None,13-12-2010,Monday,1,Give way or uncontrolled,Other junction,52.188953,Darkness - lights lit,385090,254550,-2.219535,E01032293,1,1,0,0,Dry,Dual carriageway,None,30,20:45:00,Urban,Fine no high winds,No,16 - 20,2,Urban area,8,1242,Kerb,Road sign or traffic signal,Other/Not known (2005-10),Mid Junction - on roundabout or on main road,FORD,FIESTA STYLE CLIMATE,Petrol,Male,None,No tow/articulation,Offside on to central reservation,0,Going ahead other,1,Car,No,Front,2010
201022D001304,Unclassified,0,Unclassified,0,Slight,None,10-03-2010,Wednesday,1,Give way or uncontrolled,T or staggered junction,52.351967,Darkness - lights lit,402840,272660,-1.959739,E01032124,1,2,0,0,Dry,Single carriageway,None,30,19:25:00,Rural,Fine no high winds,No,16 - 20,2,Rural,7,49,None,None,Other/Not known (2005-10),Leaving main road,PEUGEOT,JETFORCE 50 C-TECH,Petrol,Male,None,No tow/articulation,Did not leave carriageway,0,Going ahead other,2,Motorcycle 50cc and under,No,Front,2010
201022D005910,A,448,Unclassified,0,Slight,None,26-11-2010,Friday,2,Give way or uncontrolled,T or staggered junction,52.385171,Darkness - lights lit,383640,276380,-2.241812,E01032450,1,2,0,0,Wet or damp,Single carriageway,None,30,22:10:00,Urban,Fine no high winds,No,16 - 20,2,Urban area,2,49,None,None,Other/Not known (2005-10),Approaching junction or waiting/parked at junction approach,GENERIC,CRACKER,Petrol,Male,None,No tow/articulation,Did not leave carriageway,0,Overtaking - nearside,2,Motorcycle 50cc and under,No,Offside,2010
201022F003977,A,458,NA,0,Slight,None,09-08-2010,Monday,1,Data missing or out of range,Not at junction or within 20 metres,52.706658,Darkness - lights lit,350070,312370,-2.740445,E01028987,1,2,0,5,Dry,Single carriageway,None,30,21:15:00,Urban,Fine no high winds,No,16 - 20,2,Small town,5,124,None,None,Other/Not known (2005-10),Not at or within 20 metres of junction,HONDA,CG 125-7,Petrol,Male,None,No tow/articulation,Did not leave carriageway,0,Going ahead other,2,Motorcycle 125cc and under,No,Front,2010
20103102A1636,B,6018,Unclassified,0,Slight,None,26-07-2010,Monday,1,Give way or uncontrolled,T or staggered junction,53.106041,Darkness - lights lit,449010,356790,-1.269377,E01027957,1,2,0,0,Wet or damp,Single carriageway,None,30,21:40:00,Urban,Fine no high winds,No,16 - 20,2,Urban area,1,124,None,None,Other/Not known (2005-10),Leaving main road,MEGELLI,125 M,Petrol,Male,None,No tow/articulation,Did not leave carriageway,0,Turning right,2,Motorcycle 125cc and under,No,Back,2010
201032D178210,B,1262,Unclassified,0,Slight,None,20-06-2010,Sunday,1,Give way or uncontrolled,T or staggered junction,53.220933,Darkness - lights lit,497250,370310,-0.544882,E01026133,1,1,0,8,Dry,Single carriageway,None,30,22:10:00,Urban,Fine no high winds,No,16 - 20,2,Urban area,3,124,None,None,Other/Not known (2005-10),Mid Junction - on roundabout or on main road,YAMAHA,YZF R125,Petrol,Male,None,No tow/articulation,Did not leave carriageway,0,Going ahead other,1,Motorcycle 125cc and under,No,Offside,2010
201054DN33310,B,4534,Unclassified,0,Slight,None,19-06-2019,Thursday,1,Auto traffic signal,Crossroads,23.04313625,Darkness - lights lit,412920,189040,72.56727869,E01015470,1,2,0,5,Dry,Dual carriageway,None,40,23:37:00,Rural,Fine no high winds,No,16 - 20,2,Urban area,9,1086,None,None,Commuting to/from work,Mid Junction - on roundabout or on main road,KIA,PICANTO 2 12V,Petrol,Female,None,No tow/articulation,Did not leave carriageway,0,Going ahead other,2,Car,No,Offside,2019
201045GU49131,B,3411,Unclassified,0,Slight,None,04-09-2019,Wednesday,1,Give way or uncontrolled,Roundabout,28.59793465,Darkness - lights lit,489210,151820,77.06919541,E01030430,3,3,0,0,Wet or damp,Roundabout,None,30,18:10:00,Urban,Fine no high winds,No,16 - 20,2,Urban area,3,1198,None,None,Other/Not known (2005-10),Approaching junction or waiting/parked at junction approach,VOLKSWAGEN,POLO MATCH 60,Petrol,Female,None,No tow/articulation,Did not leave carriageway,0,Waiting to go - held up,3,Car,No,Offside,2021
201001BS70014,A,3220,NA,0,Slight,None,05-01-2010,Tuesday,1,Data missing or out of range,Not at junction or within 20 metres,51.485178,Darkness - lights lit,525920,177810,-0.187868,E01002893,2,2,0,0,Wet or damp,Single carriageway,None,30,18:20:00,Urban,Fine no high winds,No,16 - 20,2,Urban area,4,1598,None,None,Other/Not known (2005-10),Not at or within 20 metres of junction,MINI,ONE SIDEWALK,Petrol,Female,None,No tow/articulation,Did not leave carriageway,0,Slowing or stopping,1,Car,No,Back,2010
201001KD50126,A,124,A,124,Slight,None,19-02-2010,Friday,1,Auto traffic signal,Crossroads,51.565148,Darkness - lights lit,551900,187420,0.190175,E01002319,1,2,0,5,Wet or damp,One way street,None,30,18:31:00,Urban,Fine no high winds,No,16 - 20,2,Urban area,3,1388,None,None,Other/Not known (2005-10),Mid Junction - on roundabout or on main road,FORD,FIESTA ZETEC BLUE,Petrol,Female,None,No tow/articulation,Did not leave carriageway,0,Moving off,1,Car,No,Front,2010
201001KD50659,Unclassified,0,NA,0,Slight,None,19-12-2010,Sunday,1,Data missing or out of range,Not at junction or within 20 metres,51.581106,Darkness - lights lit,553690,189250,0.21678,E01002380,1,1,0,0,Frost or ice,Single carriageway,None,30,23:55:00,Urban,Fine no high winds,No,16 - 20,2,Urban area,8,1299,Kerb,Lamp post,Other/Not known (2005-10),Not at or within 20 metres of junction,FORD,KA ZETEC CLIMATE,Petrol,Female,None,No tow/articulation,Offside,0,Going ahead other,1,Car,No,Front,2010
201001PY20761,C,0,Unclassified,0,Slight,None,29-12-2010,Wednesday,1,Give way or uncontrolled,Mini-roundabout,51.382723,Darkness - lights lit,547570,166990,0.119223,E01000726,2,3,0,0,Wet or damp,Roundabout,None,30,17:58:00,Urban,Fine no high winds,No,16 - 20,2,Urban area,7,1397,None,None,Other/Not known (2005-10),Mid Junction - on roundabout or on main road,MINI,ONE,Petrol,Female,None,No tow/articulation,Did not leave carriageway,0,Turning right,1,Car,No,Nearside,2010
201001SX20509,A,406,A,598,Slight,None,09-05-2010,Sunday,1,Auto traffic signal,Crossroads,51.589767,Darkness - lights lit,524800,189420,-0.199878,E01000203,2,2,0,5,Dry,Dual carriageway,None,40,00:40:00,Urban,Fine no high winds,No,16 - 20,2,Urban area,7,998,None,None,Other/Not known (2005-10),Mid Junction - on roundabout or on main road,PEUGEOT,107 URBAN MOVE,Petrol,Female,None,No tow/articulation,Did not leave carriageway,0,Turning right,1,Car,No,Nearside,2010
201045GU49131,B,3411,Unclassified,0,Slight,None,24-02-2010,Wednesday,1,Give way or uncontrolled,Roundabout,51.258515,Darkness - lights lit,489210,151820,-0.722924,E01030430,3,3,0,0,Wet or damp,Roundabout,None,30,18:10:00,Urban,Fine no high winds,No,16 - 20,2,Urban area,3,1198,None,None,Other/Not known (2005-10),Approaching junction or waiting/parked at junction approach,VOLKSWAGEN,POLO MATCH 60,Petrol,Female,None,No tow/articulation,Did not leave carriageway,0,Waiting to go - held up,3,Car,No,Offside,2010
201054DN33310,B,4534,Unclassified,0,Slight,None,28-10-2010,Thursday,1,Auto traffic signal,Crossroads,51.600008,Darkness - lights lit,412920,189040,-1.814872,E01015470,1,2,0,5,Dry,Dual carriageway,None,40,23:37:00,Rural,Fine no high winds,No,16 - 20,2,Urban area,9,1086,None,None,Commuting to/from work,Mid Junction - on roundabout or on main road,KIA,PICANTO 2 12V,Petrol,Female,None,No tow/articulation,Did not leave carriageway,0,Going ahead other,2,Car,No,Offside,2010
201001KD50126,A,124,A,124,Slight,None,19-02-2010,Friday,1,Auto traffic signal,Crossroads,51.565148,Darkness - lights lit,551900,187420,0.190175,E01002319,1,2,0,5,Wet or damp,One way street,None,30,18:31:00,Urban,Fine no high winds,No,16 - 20,2,Urban area,3,1388,None,None,Other/Not known (2005-10),Mid Junction - on roundabout or on main road,FORD,FIESTA ZETEC BLUE,Petrol,Female,None,No tow/articulation,Did not leave carriageway,0,Moving off,1,Car,No,Front,2010