Accident_Index,1st_Road_Class,1st_Road_Number,2nd_Road_Class,2nd_Road_Number,Accident_Severity,Carriageway_Hazards,Date,Day_of_Week,Did_Police_Officer_Attend_Scene_of_Accident,Junction_Control,Junction_Detail,Latitude,Light_Conditions,Location_Easting_OSGR,Location_Northing_OSGR,Longitude,LSOA_of_Accident_Location,Number_of_Casualties,Number_of_Vehicles,Pedestrian_Crossing-Human_Control,Pedestrian_Crossing-Physical_Facilities,Road_Surface_Conditions,Road_Type,Special_Conditions_at_Site,Speed_limit,Time,Urban_or_Rural_Area,Weather_Conditions,InScotland,Age_Band_of_Driver,Age_of_Vehicle,Driver_Home_Area_Type,Driver_IMD_Decile,Engine_Capacity_.CC.,Hit_Object_in_Carriageway,Hit_Object_off_Carriageway,Journey_Purpose_of_Driver,Junction_Location,make,model,Propulsion_Code,Sex_of_Driver,Skidding_and_Overturning,Towing_and_Articulation,Vehicle_Leaving_Carriageway,Vehicle_Location.Restricted_Lane,Vehicle_Manoeuvre,Vehicle_Reference,Vehicle_Type,Was_Vehicle_Left_Hand_Drive,X1st_Point_of_Impact,Year
201001KD50659,Unclassified,0,NA,0,Slight,None,19-12-2010,Sunday,1,Data missing or out of range,Not at junction or within 20 metres,51.581106,Darkness - lights lit,553690,189250,0.21678,E01002380,1,1,0,0,Frost or ice,Single carriageway,None,30,23:55:00,Urban,Fine no high winds,No,16 - 20,2,Urban area,8,1299,Kerb,Lamp post,Other/Not known (2005-10),Not at or within 20 metres of junction,FORD,KA ZETEC CLIMATE,Petrol,Female,None,No tow/articulation,Offside,0,Going ahead other,1,Car,No,Front,2010
201001PY20761,C,0,Unclassified,0,Slight,None,29-12-2010,Wednesday,1,Give way or uncontrolled,Mini-roundabout,51.382723,Darkness - lights lit,547570,166990,0.119223,E01000726,2,3,0,0,Wet or damp,Roundabout,None,30,17:58:00,Urban,Fine no high winds,No,16 - 20,2,Urban area,7,1397,None,None,Other/Not known (2005-10),Mid Junction - on roundabout or on main road,MINI,ONE,Petrol,Female,None,No tow/articulation,Did not leave carriageway,0,Turning right,1,Car,No,Nearside,2010
201001SX20509,A,406,A,598,Slight,None,09-05-2010,Sunday,1,Auto traffic signal,Crossroads,51.589767,Darkness - lights lit,524800,189420,-0.199878,E01000203,2,2,0,5,Dry,Dual carriageway,None,40,00:40:00,Urban,Fine no high winds,No,16 - 20,2,Urban area,7,998,None,None,Other/Not known (2005-10),Mid Junction - on roundabout or on main road,PEUGEOT,107 URBAN MOVE,Petrol,Female,None,No tow/articulation,Did not leave carriageway,0,Turning right,1,Car,No,Nearside,2010
201001YE80893,A,406,NA,0,Slight,None,12-12-2010,Sunday,2,Data missing or out of range,Not at junction or within 20 metres,51.612463,Darkness - lights lit,530920,192100,-0.110584,E01001501,1,2,0,0,Dry,Single carriageway,None,30,23:20:00,Urban,Fine no high winds,No,16 - 20,2,Urban area,10,1999,None,None,Other/Not known (2005-10),Not at or within 20 metres of junction,FORD,S-MAX ZETEC,Petrol,Female,None,No tow/articulation,Did not leave carriageway,0,Slowing or stopping,1,Car,No,Front,2010
201001YE80906,C,0,C,0,Slight,None,24-12-2010,Friday,1,Give way or uncontrolled,Roundabout,51.642546,Darkness - lights lit,529460,195410,-0.130435,E01001524,1,2,0,0,Frost or ice,Roundabout,None,30,22:54:00,Urban,Fine no high winds,No,16 - 20,2,Rural,8,1896,None,None,Other/Not known (2005-10),Mid Junction - on roundabout or on main road,VOLKSWAGEN,GOLF MATCH TDI 105,Heavy oil,Female,None,No tow/articulation,Did not leave carriageway,0,Going ahead other,1,Car,No,Front,2010
201001ZD30080,C,0,Unclassified,0,Slight,None,06-02-2010,Saturday,1,Give way or uncontrolled,T or staggered junction,51.309525,Darkness - lights lit,532440,158430,-0.101246,E01001072,3,2,0,0,Dry,Single carriageway,None,30,19:32:00,Urban,Fine no high winds,No,16 - 20,2,Urban area,6,1149,None,None,Other/Not known (2005-10),Approaching junction or waiting/parked at junction approach,RENAULT,CLIO EXTREME,Petrol,Female,None,No tow/articulation,Did not leave carriageway,0,Turning right,1,Car,No,Back,2010
201005DD05988,Unclassified,0,NA,0,Slight,None,20-10-2010,Wednesday,1,Data missing or out of range,Not at junction or within 20 metres,53.456137,Darkness - lights lit,352230,395730,-2.720889,E01006873,2,2,0,0,Dry,Single carriageway,None,30,23:10:00,Urban,Fine no high winds,No,16 - 20,2,Urban area,2,1596,None,None,Other/Not known (2005-10),Not at or within 20 metres of junction,FORD,FIESTA STYLE CLIMATE AUTO,Petrol,Female,None,No tow/articulation,Did not leave carriageway,0,Moving off,1,Car,No,Front,2010
201006A027643,A,6104,Unclassified,0,Slight,None,07-02-2010,Sunday,1,Give way or uncontrolled,T or staggered junction,53.533333,Darkness - lights lit,385130,404100,-2.225823,E01005103,1,2,0,0,Dry,Single carriageway,None,30,16:50:00,Urban,Fine no high winds,No,16 - 20,2,Data missing or out of range,NA,1796,None,None,Other/Not known (2005-10),Approaching junction or waiting/parked at junction approach,VAUXHALL,ASTRA ELITE A,Petrol,Female,None,No tow/articulation,Did not leave carriageway,0,Going ahead other,2,Car,No,Front,2010
201006M028780,B,5166,A,6144,Slight,None,27-02-2010,Saturday,1,Give way or uncontrolled,Mini-roundabout,53.427614,Darkness - lights lit,377240,392370,-2.344006,E01006170,3,2,0,0,Dry,Roundabout,None,30,21:28:00,Urban,Fine no high winds,No,16 - 20,2,Urban area,6,1242,None,None,Other/Not known (2005-10),Mid Junction - on roundabout or on main road,FIAT,500 LOUNGE RHD,Petrol,Female,None,No tow/articulation,Did not leave carriageway,0,Going ahead other,1,Car,No,Front,2010
201006N028536,Unclassified,0,B,6219,Slight,None,01-03-2010,Monday,1,Give way or uncontrolled,T or staggered junction,53.585852,Darkness - lights lit,380490,409960,-2.296195,E01005029,1,3,0,0,Dry,Single carriageway,None,30,22:10:00,Urban,Fine no high winds,No,16 - 20,2,Urban area,3,1296,None,None,Other/Not known (2005-10),Approaching junction or waiting/parked at junction approach,TOYOTA,YARIS TR,Petrol,Female,Overturned,No tow/articulation,Did not leave carriageway,0,Turning right,1,Car,No,Offside,2010
201022C004153,A,449,Unclassified,0,Slight,None,15-08-2010,Sunday,1,Auto traffic signal,Crossroads,52.1276,Darkness - lights lit,378530,247750,-2.315062,E01032196,1,2,0,5,Dry,Single carriageway,None,30,23:00:00,Urban,Fine no high winds,No,16 - 20,2,Urban area,6,1149,None,None,Other/Not known (2005-10),Mid Junction - on roundabout or on main road,RENAULT,CLIO DYNAMIQUE TURBO 100,Petrol,Female,None,No tow/articulation,Did not leave carriageway,0,Going ahead other,2,Car,No,Front,2010
201030D000190,Unclassified,0,NA,0,Slight,None,05-03-2010,Friday,1,Data missing or out of range,Not at junction or within 20 metres,52.867755,Darkness - lights lit,429110,330120,-1.569012,E01019839,1,2,0,0,Frost or ice,Dual carriageway,None,30,23:30:00,Rural,Fine no high winds,No,16 - 20,2,Urban area,9,1390,None,None,Other/Not known (2005-10),Not at or within 20 metres of junction,VOLKSWAGEN,POLO MATCH 80,Petrol,Female,None,No tow/articulation,Did not leave carriageway,0,U-turn,1,Car,No,Offside,2010
201030M010125,Motorway,1,NA,0,Slight,None,10-11-2010,Wednesday,1,Data missing or out of range,Not at junction or within 20 metres,52.937432,Darkness - lights lit,447820,338020,-1.289927,E01019656,1,3,0,0,Dry,Dual carriageway,None,70,17:02:00,Rural,Fine no high winds,No,16 - 20,2,Rural,7,2400,None,None,Other/Not known (2005-10),Not at or within 20 metres of junction,VOLVO,S40 SE LUX D5,Heavy oil,Female,None,No tow/articulation,Did not leave carriageway,0,Going ahead other,1,Car,No,Front,2010
201032C045910,A,52,B,1451,Slight,None,20-02-2010,Saturday,1,Auto traffic signal,More than 4 arms (not roundabout),53.149481,Darkness - lights lit,556560,363930,0.339665,E01026114,3,2,0,5,Dry,Single carriageway,None,30,19:12:00,Urban,Fine no high winds,No,16 - 20,2,Small town,4,1242,None,None,Other/Not known (2005-10),Mid Junction - on roundabout or on main road,FORD,FIESTA ZETEC 82,Petrol,Female,None,No tow/articulation,Did not leave carriageway,0,Moving off,2,Car,No,Front,2010
201045RU55654,A,318,Unclassified,7003,Slight,None,27-02-2020,Tuesday,1,Give way or uncontrolled,Mini-roundabout,22.10764072,Darkness - lights lit,504970,164980,82.16105434,E01030650,1,3,0,0,Wet or damp,Roundabout,None,30,18:14:00,Urban,Other,No,16 - 20,2,Urban area,8,1364,None,None,Commuting to/from work,Mid Junction - on roundabout or on main road,VAUXHALL,CORSA DESIGN AUTO,Petrol,Female,None,No tow/articulation,Did not leave carriageway,0,Turning right,2,Car,No,Nearside,2019
201045RU55654,A,318,Unclassified,7003,Slight,None,09-11-2010,Tuesday,1,Give way or uncontrolled,Mini-roundabout,51.374127,Darkness - lights lit,504970,164980,-0.493272,E01030650,1,3,0,0,Wet or damp,Roundabout,None,30,18:14:00,Urban,Other,No,16 - 20,2,Urban area,8,1364,None,None,Commuting to/from work,Mid Junction - on roundabout or on main road,VAUXHALL,CORSA DESIGN AUTO,Petrol,Female,None,No tow/articulation,Did not leave carriageway,0,Turning right,2,Car,No,Nearside,2010
201014A004810,A,630,NA,0,Slight,None,09-01-2010,Saturday,2,Not at junction or within 20 metres,Not at junction or within 20 metres,53.483268,Darkness - lights lit,451890,398790,-1.21951,E01007537,1,3,0,0,Wet or damp,Single carriageway,None,40,19:00:00,Urban,Other,No,16 - 20,2,Urban area,1,1086,None,None,Other/Not known (2005-10),Not at or within 20 metres of junction,KIA,PICANTO CHILL,Petrol,Female,None,No tow/articulation,Did not leave carriageway,0,Going ahead other,1,Car,No,Front,2010
2010170L32230,C,102,NA,0,Slight,None,20-11-2010,Saturday,1,Data missing or out of range,Not at junction or within 20 metres,54.617026,Darkness - lights lit,461020,525060,-1.056581,E01012184,1,1,0,0,Wet or damp,Single carriageway,None,30,16:35:00,Urban,Raining + high winds,No,16 - 20,2,Urban area,3,111,None,None,Commuting to/from work,Not at or within 20 metres of junction,KAWASAKI,,Petrol,Male,Skidded,No tow/articulation,Did not leave carriageway,0,Going ahead other,1,Motorcycle 50cc and under,No,Offside,2010
201014B116810,Unclassified,0,B,6449,Slight,None,04-11-2010,Thursday,1,Give way or uncontrolled,Roundabout,53.54768,Darkness - lights lit,431970,405780,-1.518971,E01007382,1,2,0,0,Wet or damp,Roundabout,None,40,20:30:00,Urban,Raining + high winds,No,16 - 20,2,Urban area,8,1349,None,None,Other/Not known (2005-10),Mid Junction - on roundabout or on main road,MAZDA,2 TS,Petrol,Female,None,No tow/articulation,Did not leave carriageway,0,Going ahead other,2,Car,No,Front,2010
201043S062110,C,129,C,8006,Slight,None,03-04-2021,Friday,1,Give way or uncontrolled,Roundabout,8.888169263,Darkness - lights lit,483990,236740,76.61244375,E01016775,1,2,0,0,Wet or damp,Roundabout,None,60,16:16:00,Rural,Raining no high winds,No,16 - 20,2,Urban area,9,124,None,None,Other/Not known (2005-10),Mid Junction - on roundabout or on main road,SUZUKI,DR 125 SM K9,Petrol,Male,None,No tow/articulation,Did not leave carriageway,0,Going ahead other,2,Motorcycle 125cc and under,No,Front,2020
201001HT20695,A,1268,A,13,Slight,None,29-09-2010,Wednesday,1,Auto traffic signal,T or staggered junction,51.512614,Darkness - lights lit,538860,181200,-0.000285,E01004220,1,2,0,0,Wet or damp,Dual carriageway,None,30,18:32:00,Urban,Raining no high winds,No,16 - 20,2,Rural,7,1995,None,None,Journey as part of work,Mid Junction - on roundabout or on main road,NISSAN,PRIMASTAR DCI 115 SE LWB,Heavy oil,Male,None,No tow/articulation,Did not leave carriageway,0,Turning left,2,Van / Goods 3.5 tonnes mgw or under,No,Front,2010
201001JC30104,Unclassified,0,Unclassified,0,Slight,None,27-02-2010,Saturday,1,Give way or uncontrolled,Mini-roundabout,51.604747,Darkness - lights lit,539120,191460,0.007515,E01004380,1,2,0,0,Wet or damp,Single carriageway,None,30,19:39:00,Urban,Raining no high winds,No,16 - 20,2,Urban area,2,1598,None,None,Other/Not known (2005-10),Mid Junction - on roundabout or on main road,VAUXHALL,ASTRA DESIGN,Petrol,Male,None,No tow/articulation,Did not leave carriageway,0,Waiting to go - held up,1,Car,No,Back,2010
201043S062110,C,129,C,8006,Slight,None,12-11-2010,Friday,1,Give way or uncontrolled,Roundabout,52.022688,Darkness - lights lit,483990,236740,-0.777352,E01016775,1,2,0,0,Wet or damp,Roundabout,None,60,16:16:00,Rural,Raining no high winds,No,16 - 20,2,Urban area,9,124,None,None,Other/Not known (2005-10),Mid Junction - on roundabout or on main road,SUZUKI,DR 125 SM K9,Petrol,Male,None,No tow/articulation,Did not leave carriageway,0,Going ahead other,2,Motorcycle 125cc and under,No,Front,2010
201001HT20695,A,1268,A,13,Slight,None,29-09-2010,Wednesday,1,Auto traffic signal,T or staggered junction,51.512614,Darkness - lights lit,538860,181200,-0.000285,E01004220,1,2,0,0,Wet or damp,Dual carriageway,None,30,18:32:00,Urban,Raining no high winds,No,16 - 20,2,Rural,7,1995,None,None,Journey as part of work,Mid Junction - on roundabout or on main road,NISSAN,PRIMASTAR DCI 115 SE LWB,Heavy oil,Male,None,No tow/articulation,Did not leave carriageway,0,Turning left,2,Van / Goods 3.5 tonnes mgw or under,No,Front,2010
201001JC30104,Unclassified,0,Unclassified,0,Slight,None,27-02-2010,Saturday,1,Give way or uncontrolled,Mini-roundabout,51.604747,Darkness - lights lit,539120,191460,0.007515,E01004380,1,2,0,0,Wet or damp,Single carriageway,None,30,19:39:00,Urban,Raining no high winds,No,16 - 20,2,Urban area,2,1598,None,None,Other/Not known (2005-10),Mid Junction - on roundabout or on main road,VAUXHALL,ASTRA DESIGN,Petrol,Male,None,No tow/articulation,Did not leave carriageway,0,Waiting to go - held up,1,Car,No,Back,2010
201006Q035892,B,6195,NA,0,Slight,None,06-09-2010,Monday,1,Data missing or out of range,Not at junction or within 20 metres,53.562684,Darkness - lights lit,391260,407350,-2.13343,E01005393,3,2,0,0,Wet or damp,Single carriageway,None,30,20:42:00,Urban,Raining no high winds,No,16 - 20,2,Urban area,9,1360,None,None,Other/Not known (2005-10),Not at or within 20 metres of junction,CITROEN,C2 CACHET,Petrol,Male,None,No tow/articulation,Did not leave carriageway,0,Going ahead other,1,Car,No,Front,2010
201022D000504,Unclassified,0,Unclassified,0,Slight,None,27-01-2010,Wednesday,1,Give way or uncontrolled,T or staggered junction,52.325613,Darkness - lights lit,395460,269730,-2.06805,E01032132,1,2,0,0,Wet or damp,Single carriageway,None,30,16:51:00,Urban,Raining no high winds,No,16 - 20,2,Urban area,1,998,None,None,Commuting to/from work,Entering main road,TOYOTA,YARIS T2,Petrol,Male,None,No tow/articulation,Did not leave carriageway,0,Moving off,1,Car,No,Offside,2010
201001KD50443,A,125,A,124,Slight,None,22-08-2010,Sunday,1,Auto traffic signal,T or staggered junction,51.565678,Darkness - lights lit,551600,187470,0.185872,E01002249,3,2,0,5,Wet or damp,Single carriageway,None,30,20:53:00,Urban,Raining no high winds,No,16 - 20,2,Urban area,7,1242,None,None,Other/Not known (2005-10),Approaching junction or waiting/parked at junction approach,FORD,FIESTA STYLE CLIMATE,Petrol,Female,None,No tow/articulation,Did not leave carriageway,0,Waiting to turn left,1,Car,No,Back,2010
201001KD50443,A,125,A,124,Slight,None,22-08-2010,Sunday,1,Auto traffic signal,T or staggered junction,51.565678,Darkness - lights lit,551600,187470,0.185872,E01002249,3,2,0,5,Wet or damp,Single carriageway,None,30,20:53:00,Urban,Raining no high winds,No,16 - 20,2,Urban area,7,1242,None,None,Other/Not known (2005-10),Approaching junction or waiting/parked at junction approach,FORD,FIESTA STYLE CLIMATE,Petrol,Female,None,No tow/articulation,Did not leave carriageway,0,Waiting to turn left,1,Car,No,Back,2010
201001TX20068,A,312,A,312,Slight,None,07-02-2010,Sunday,1,Give way or uncontrolled,Roundabout,51.49783,Darkness - lights lit,510530,178860,-0.409093,E01002637,1,2,0,0,Wet or damp,Roundabout,None,30,17:00:00,Urban,Raining no high winds,No,16 - 20,2,Urban area,2,1597,None,None,Other/Not known (2005-10),Entering main road,BMW,116I EDITION ES,Petrol,Female,None,No tow/articulation,Did not leave carriageway,0,Going ahead other,2,Car,No,Front,2010
201004EN10078,A,671,A,671,Slight,None,09-08-2010,Monday,1,Give way or uncontrolled,Other junction,53.867898,Darkness - lights lit,374280,441370,-2.392622,E01025335,1,2,2,4,Wet or damp,Single carriageway,None,30,21:15:00,Urban,Raining no high winds,No,16 - 20,2,Urban area,7,1242,None,None,Other/Not known (2005-10),Entering main road,FIAT,PUNTO DYNAMIC,Petrol,Female,None,No tow/articulation,Did not leave carriageway,0,Moving off,2,Car,No,Did not impact,2010
2010160C04241,A,165,A,1038,Slight,None,30-07-2010,Friday,1,Auto traffic signal,More than 4 arms (not roundabout),54.082697,Darkness - lights lit,517630,466690,-0.203333,E01012947,1,2,0,5,Wet or damp,Single carriageway,Auto signal part defective,30,22:10:00,Urban,Raining no high winds,No,16 - 20,2,Small town,5,1999,None,None,Other/Not known (2005-10),Mid Junction - on roundabout or on main road,FORD,FIESTA ST,Petrol,Female,None,No tow/articulation,Did not leave carriageway,0,Going ahead other,2,Car,No,Front,2010
201030C000768,A,608,NA,0,Slight,Any animal in carriageway (except ridden horse),03-11-2010,Wednesday,1,Data missing or out of range,Not at junction or within 20 metres,53.005005,Darkness - lights lit,441610,345480,-1.381364,E01019464,3,3,0,0,Wet or damp,Single carriageway,None,40,19:15:00,Rural,Raining no high winds,No,16 - 20,2,Small town,4,1398,None,None,Other/Not known (2005-10),Not at or within 20 metres of junction,CITROEN,C3 RHYTHM HDI 8V,Heavy oil,Female,None,No tow/articulation,Did not leave carriageway,0,Waiting to go - held up,1,Car,No,Back,2010
20104100K0596,A,1170,Unclassified,490,Slight,None,31-01-2019,Saturday,1,Give way or uncontrolled,T or staggered junction,28.58894462,Darkness - lights lit,537050,207770,77.06525211,E01023291,1,2,0,4,Frost or ice,Single carriageway,None,30,00:15:00,Urban,Snowing no high winds,No,16 - 20,2,Urban area,10,1388,None,None,Other/Not known (2005-10),Leaving main road,FORD,FIESTA ZETEC BLUE 80,Petrol,Male,None,No tow/articulation,Did not leave carriageway,0,Turning right,2,Car,No,Offside,2021
20104100K0596,A,1170,Unclassified,490,Slight,None,04-12-2010,Saturday,1,Give way or uncontrolled,T or staggered junction,51.751816,Darkness - lights lit,537050,207770,-0.015959,E01023291,1,2,0,4,Frost or ice,Single carriageway,None,30,00:15:00,Urban,Snowing no high winds,No,16 - 20,2,Urban area,10,1388,None,None,Other/Not known (2005-10),Leaving main road,FORD,FIESTA ZETEC BLUE 80,Petrol,Male,None,No tow/articulation,Did not leave carriageway,0,Turning right,2,Car,No,Offside,2010
201001YR99084,A,105,Unclassified,0,Slight,None,10-02-2010,Wednesday,1,Give way or uncontrolled,T or staggered junction,51.607878,Darkness - lights lit,530930,191590,-0.11063,E01001975,1,1,0,4,Snow,Single carriageway,None,30,19:01:00,Urban,Snowing no high winds,No,16 - 20,2,Urban area,1,124,None,None,Other/Not known (2005-10),Cleared junction or waiting/parked at junction exit,YAMAHA,YZF R125,Petrol,Male,None,No tow/articulation,Did not leave carriageway,0,Going ahead other,1,Motorcycle 50cc and under,No,Front,2010
201005EE07394,A,580,Unclassified,0,Slight,None,24-12-2010,Friday,1,Auto traffic signal,Crossroads,53.458349,Darkness - lights lit,339650,396120,-2.910395,E01006663,1,3,0,0,Snow,Dual carriageway,None,40,18:45:00,Urban,Snowing no high winds,No,16 - 20,2,Urban area,1,1596,None,None,Other/Not known (2005-10),Cleared junction or waiting/parked at junction exit,FORD,FOCUS ZETEC 100,Petrol,Male,None,No tow/articulation,Did not leave carriageway,0,Going ahead other,2,Car,No,Front,2010
201005EE07500,Unclassified,0,Unclassified,0,Slight,None,20-12-2010,Monday,2,Give way or uncontrolled,Crossroads,53.45543,Darkness - lights lit,338500,395810,-2.927652,E01006659,2,2,0,0,Frost or ice,Dual carriageway,None,30,18:30:00,Urban,Snowing no high winds,No,16 - 20,2,Data missing or out of range,NA,1598,None,None,Other/Not known (2005-10),Mid Junction - on roundabout or on main road,VAUXHALL,ASTRA LIFE A/C,Petrol,Male,Skidded,No tow/articulation,Did not leave carriageway,0,Turning left,1,Car,No,Back,2010
2010160D07281,A,1033,Unclassified,0,Slight,None,08-12-2010,Wednesday,1,Give way or uncontrolled,Roundabout,53.793178,Darkness - lights lit,508430,434240,-0.35541,E01012829,1,2,0,0,Frost or ice,Roundabout,None,40,18:55:00,Urban,Snowing no high winds,No,16 - 20,2,Urban area,7,1229,None,None,Other/Not known (2005-10),Leaving roundabout,VAUXHALL,CORSA SXI A/C,Petrol,Male,Skidded,No tow/articulation,Did not leave carriageway,0,Going ahead other,2,Car,No,Front,2010
201043R047080,Unclassified,7302,NA,0,Slight,None,01-05-2021,Thursday,2,Data missing or out of range,Not at junction or within 20 metres,23.08443787,Darkness - lights lit,499980,178960,72.56585516,E01016501,1,2,0,0,Dry,Single carriageway,None,30,20:35:00,Urban,Unknown,No,16 - 20,2,Urban area,5,49,None,None,Other/Not known (2005-10),Not at or within 20 metres of junction,TAIWAN GOLDEN BEE,302,Petrol,Male,None,No tow/articulation,Did not leave carriageway,0,Going ahead right-hand bend,1,Motorcycle 50cc and under,No,Front,2019
201043R047080,Unclassified,7302,NA,0,Slight,None,05-08-2010,Thursday,2,Data missing or out of range,Not at junction or within 20 metres,51.500692,Darkness - lights lit,499980,178960,-0.560996,E01016501,1,2,0,0,Dry,Single carriageway,None,30,20:35:00,Urban,Unknown,No,16 - 20,2,Urban area,5,49,None,None,Other/Not known (2005-10),Not at or within 20 metres of junction,TAIWAN GOLDEN BEE,302,Petrol,Male,None,No tow/articulation,Did not leave carriageway,0,Going ahead right-hand bend,1,Motorcycle 50cc and under,No,Front,2010
201050ED2J012,Unclassified,0,NA,0,Slight,None,09-05-2019,Saturday,1,Not at junction or within 20 metres,Not at junction or within 20 metres,27.08976039,Darkness - lights lit,245790,56860,93.63199777,E01015080,1,2,0,0,Dry,Dual carriageway,None,30,05:08:00,Urban,Unknown,No,16 - 20,2,Urban area,5,1149,Parked vehicle,None,Other/Not known (2005-10),Not at or within 20 metres of junction,RENAULT,CLIO CAMPUS SPORT 16V,Petrol,Female,None,No tow/articulation,Offside on to central reservation,0,Going ahead other,1,Car,No,Front,2019
201050ED2J012,Unclassified,0,NA,0,Slight,None,20-03-2010,Saturday,1,Not at junction or within 20 metres,Not at junction or within 20 metres,50.391278,Darkness - lights lit,245790,56860,-4.170867,E01015080,1,2,0,0,Dry,Dual carriageway,None,30,05:08:00,Urban,Unknown,No,16 - 20,2,Urban area,5,1149,Parked vehicle,None,Other/Not known (2005-10),Not at or within 20 metres of junction,RENAULT,CLIO CAMPUS SPORT 16V,Petrol,Female,None,No tow/articulation,Offside on to central reservation,0,Going ahead other,1,Car,No,Front,2010
201043W011080,Unclassified,7513,NA,0,Slight,None,14-05-2019,Tuesday,1,Data missing or out of range,Not at junction or within 20 metres,28.65790702,Darkness - lights unlit,479160,178690,77.2075048,E01016677,1,2,0,0,Dry,Single carriageway,None,30,18:34:00,Rural,Fine no high winds,No,16 - 20,2,Urban area,4,49,None,None,Other/Not known (2005-10),Not at or within 20 metres of junction,APRILIA,SR 50 R,Petrol,Male,None,No tow/articulation,Did not leave carriageway,0,Going ahead other,1,Motorcycle 50cc and under,No,Front,2020
201043W011080,Unclassified,7513,NA,0,Slight,None,03-08-2010,Tuesday,1,Data missing or out of range,Not at junction or within 20 metres,51.50156,Darkness - lights unlit,479160,178690,-0.860938,E01016677,1,2,0,0,Dry,Single carriageway,None,30,18:34:00,Rural,Fine no high winds,No,16 - 20,2,Urban area,4,49,None,None,Other/Not known (2005-10),Not at or within 20 metres of junction,APRILIA,SR 50 R,Petrol,Male,None,No tow/articulation,Did not leave carriageway,0,Going ahead other,1,Motorcycle 50cc and under,No,Front,2010
201022D001351,Motorway,5,NA,0,Slight,None,13-03-2010,Saturday,1,Data missing or out of range,Not at junction or within 20 metres,52.351233,Darkness - lights unlit,395180,272580,-2.072201,E01032176,1,1,0,0,Dry,Dual carriageway,None,70,22:06:00,Rural,Fine no high winds,No,16 - 20,2,Urban area,NA,1242,None,None,Other/Not known (2005-10),Not at or within 20 metres of junction,FIAT,GRANDE PUNTO DYNAMIC,Petrol,Female,Skidded and overturned,No tow/articulation,Did not leave carriageway,0,Overtaking moving vehicle - offside,1,Car,No,Offside,2010
201001KD50589,A,124,Unclassified,0,Slight,None,12-11-2010,Friday,1,Give way or uncontrolled,T or staggered junction,51.562869,Darkness - lights unlit,553680,187220,0.215749,E01002361,1,2,0,0,Wet or damp,Single carriageway,None,30,19:40:00,Urban,Raining no high winds,No,16 - 20,2,Urban area,8,49,None,None,Other/Not known (2005-10),Approaching junction or waiting/parked at junction approach,PIAGGIO,TYPHOON 50,Petrol,Male,None,No tow/articulation,Did not leave carriageway,0,Overtaking static vehicle - offside,1,Motorcycle 50cc and under,No,Front,2010
201001KD50589,A,124,Unclassified,0,Slight,None,12-11-2010,Friday,1,Give way or uncontrolled,T or staggered junction,51.562869,Darkness - lights unlit,553680,187220,0.215749,E01002361,1,2,0,0,Wet or damp,Single carriageway,None,30,19:40:00,Urban,Raining no high winds,No,16 - 20,2,Urban area,8,49,None,None,Other/Not known (2005-10),Approaching junction or waiting/parked at junction approach,PIAGGIO,TYPHOON 50,Petrol,Male,None,No tow/articulation,Did not leave carriageway,0,Overtaking static vehicle - offside,1,Motorcycle 50cc and under,No,Front,2010
201034NK45450,C,8,NA,0,Slight,None,02-03-2021,Saturday,1,Data missing or out of range,Not at junction or within 20 metres,22.97583537,Darkness - no lighting,489920,279530,72.57991809,E01027090,7,1,0,0,Wet or damp,Single carriageway,None,60,01:30:00,Rural,Fine no high winds,No,16 - 20,2,Rural,8,1998,None,None,Other/Not known (2005-10),Not at or within 20 metres of junction,MAZDA,6 TS2 DIESEL,Heavy oil,Male,None,No tow/articulation,Nearside,0,Going ahead right-hand bend,1,Car,No,Front,2019
201050KE3I002,B,3178,NA,0,Slight,None,02-03-2019,Sunday,1,Data missing or out of range,Not at junction or within 20 metres,8.891168974,Darkness - no lighting,307560,85770,76.67727636,E01019945,2,2,0,0,Dry,Single carriageway,None,30,22:00:00,Rural,Fine no high winds,No,16 - 20,2,Small town,7,124,None,None,Other/Not known (2005-10),Not at or within 20 metres of junction,HAOTIAN,,Petrol,Male,Skidded and overturned,No tow/articulation,Offside and rebounded,0,Going ahead left-hand bend,1,Motorcycle 125cc and under,No,Front,2020
201037B044521,A,1141,NA,0,Slight,None,23-01-2020,Monday,1,Data missing or out of range,Not at junction or within 20 metres,26.46066206,Darkness - no lighting,601010,244790,74.64083185,E01029911,1,1,0,0,Dry,Single carriageway,None,60,20:20:00,Rural,Fine no high winds,No,16 - 20,2,Rural,8,1198,None,None,Other/Not known (2005-10),Not at or within 20 metres of junction,VOLKSWAGEN,POLO MATCH 60,Petrol,Male,Overturned,No tow/articulation,Did not leave carriageway,0,Going ahead right-hand bend,1,Car,No,Nearside,2020
201045RE51094,C,136,C,137,Slight,None,30-04-2021,Tuesday,1,Give way or uncontrolled,T or staggered junction,26.45140918,Darkness - no lighting,527810,156960,80.30555508,E01030567,2,2,0,0,Dry,Single carriageway,None,40,21:52:00,Urban,Fine no high winds,No,16 - 20,2,Urban area,8,124,None,None,Other/Not known (2005-10),Approaching junction or waiting/parked at junction approach,HYOSUNG,GT 125 R,Petrol,Male,None,No tow/articulation,Did not leave carriageway,0,Going ahead other,2,Motorcycle over 125cc and up to 500cc,No,Front,2020
201045RE53287,C,139,Unclassified,1161,Slight,None,18-08-2021,Thursday,1,Give way or uncontrolled,Other junction,19.20669939,Darkness - no lighting,526300,155320,72.91363098,E01030567,1,1,0,0,Dry,Single carriageway,None,60,02:10:00,Rural,Fine no high winds,No,16 - 20,2,Urban area,8,1397,None,Tree,Other/Not known (2005-10),Cleared junction or waiting/parked at junction exit,PEUGEOT,207 S,Petrol,Male,None,No tow/articulation,Offside and rebounded,0,Going ahead left-hand bend,1,Car,No,Front,2021