Accident_Index,1st_Road_Class,1st_Road_Number,2nd_Road_Class,2nd_Road_Number,Accident_Severity,Carriageway_Hazards,Date,Day_of_Week,Did_Police_Officer_Attend_Scene_of_Accident,Junction_Control,Junction_Detail,Latitude,Light_Conditions,Location_Easting_OSGR,Location_Northing_OSGR,Longitude,LSOA_of_Accident_Location,Number_of_Casualties,Number_of_Vehicles,Pedestrian_Crossing-Human_Control,Pedestrian_Crossing-Physical_Facilities,Road_Surface_Conditions,Road_Type,Special_Conditions_at_Site,Speed_limit,Time,Urban_or_Rural_Area,Weather_Conditions,InScotland,Age_Band_of_Driver,Age_of_Vehicle,Driver_Home_Area_Type,Driver_IMD_Decile,Engine_Capacity_.CC.,Hit_Object_in_Carriageway,Hit_Object_off_Carriageway,Journey_Purpose_of_Driver,Junction_Location,make,model,Propulsion_Code,Sex_of_Driver,Skidding_and_Overturning,Towing_and_Articulation,Vehicle_Leaving_Carriageway,Vehicle_Location.Restricted_Lane,Vehicle_Manoeuvre,Vehicle_Reference,Vehicle_Type,Was_Vehicle_Left_Hand_Drive,X1st_Point_of_Impact,Year
201042I103304,B,181,NA,0,Slight,Other object on road,07-09-2019,Friday,1,Not at junction or within 20 metres,Not at junction or within 20 metres,26.75395666,Darkness - no lighting,543730,204540,94.20726832,E01021741,2,1,0,0,Dry,Single carriageway,None,60,21:45:00,Rural,Fine no high winds,No,16 - 20,2,Urban area,6,1586,None,Other permanent object,Other/Not known (2005-10),Not at or within 20 metres of junction,SUZUKI,SWIFT SPORT,Petrol,Male,None,No tow/articulation,Offside,0,Going ahead left-hand bend,1,Car,No,Front,2019
201034NK45450,C,8,NA,0,Slight,None,13-11-2010,Saturday,1,Data missing or out of range,Not at junction or within 20 metres,52.406364,Darkness - no lighting,489920,279530,-0.679595,E01027090,7,1,0,0,Wet or damp,Single carriageway,None,60,01:30:00,Rural,Fine no high winds,No,16 - 20,2,Rural,8,1998,None,None,Other/Not known (2005-10),Not at or within 20 metres of junction,MAZDA,6 TS2 DIESEL,Heavy oil,Male,None,No tow/articulation,Nearside,0,Going ahead right-hand bend,1,Car,No,Front,2010
201037B044521,A,1141,NA,0,Slight,None,08-03-2010,Monday,1,Data missing or out of range,Not at junction or within 20 metres,52.064953,Darkness - no lighting,601010,244790,0.931122,E01029911,1,1,0,0,Dry,Single carriageway,None,60,20:20:00,Rural,Fine no high winds,No,16 - 20,2,Rural,8,1198,None,None,Other/Not known (2005-10),Not at or within 20 metres of junction,VOLKSWAGEN,POLO MATCH 60,Petrol,Male,Overturned,No tow/articulation,Did not leave carriageway,0,Going ahead right-hand bend,1,Car,No,Nearside,2010
201042I103304,B,181,NA,0,Slight,Other object on road,09-04-2010,Friday,1,Not at junction or within 20 metres,Not at junction or within 20 metres,51.72112,Darkness - no lighting,543730,204540,0.079413,E01021741,2,1,0,0,Dry,Single carriageway,None,60,21:45:00,Rural,Fine no high winds,No,16 - 20,2,Urban area,6,1586,None,Other permanent object,Other/Not known (2005-10),Not at or within 20 metres of junction,SUZUKI,SWIFT SPORT,Petrol,Male,None,No tow/articulation,Offside,0,Going ahead left-hand bend,1,Car,No,Front,2010
201045RE51094,C,136,C,137,Slight,None,08-06-2010,Tuesday,1,Give way or uncontrolled,T or staggered junction,51.297371,Darkness - no lighting,527810,156960,-0.168163,E01030567,2,2,0,0,Dry,Single carriageway,None,40,21:52:00,Urban,Fine no high winds,No,16 - 20,2,Urban area,8,124,None,None,Other/Not known (2005-10),Approaching junction or waiting/parked at junction approach,HYOSUNG,GT 125 R,Petrol,Male,None,No tow/articulation,Did not leave carriageway,0,Going ahead other,2,Motorcycle over 125cc and up to 500cc,No,Front,2010
201045RE53287,C,139,Unclassified,1161,Slight,None,19-08-2010,Thursday,1,Give way or uncontrolled,Other junction,51.282968,Darkness - no lighting,526300,155320,-0.19039,E01030567,1,1,0,0,Dry,Single carriageway,None,60,02:10:00,Rural,Fine no high winds,No,16 - 20,2,Urban area,8,1397,None,Tree,Other/Not known (2005-10),Cleared junction or waiting/parked at junction exit,PEUGEOT,207 S,Petrol,Male,None,No tow/articulation,Offside and rebounded,0,Going ahead left-hand bend,1,Car,No,Front,2010
201050KE3I002,B,3178,NA,0,Slight,None,10-10-2010,Sunday,1,Data missing or out of range,Not at junction or within 20 metres,50.664173,Darkness - no lighting,307560,85770,-3.309355,E01019945,2,2,0,0,Dry,Single carriageway,None,30,22:00:00,Rural,Fine no high winds,No,16 - 20,2,Small town,7,124,None,None,Other/Not known (2005-10),Not at or within 20 metres of junction,HAOTIAN,,Petrol,Male,Skidded and overturned,No tow/articulation,Offside and rebounded,0,Going ahead left-hand bend,1,Motorcycle 125cc and under,No,Front,2010
2010160A00801,A,18,NA,0,Slight,None,11-03-2010,Thursday,1,Data missing or out of range,Not at junction or within 20 metres,53.525969,Darkness - no lighting,521600,404820,-0.16709,E01013225,1,3,0,0,Dry,Single carriageway,None,60,18:11:00,Rural,Fine no high winds,No,16 - 20,2,Urban area,8,1328,None,None,Other/Not known (2005-10),Not at or within 20 metres of junction,SUZUKI,SWIFT GL 3DR,Petrol,Male,None,No tow/articulation,Did not leave carriageway,0,Going ahead other,3,Car,No,Back,2010
2010160C07951,A,166,NA,0,Slight,None,18-12-2010,Saturday,1,Data missing or out of range,Not at junction or within 20 metres,54.008737,Darkness - no lighting,486350,457770,-0.683868,E01027803,1,1,0,0,Snow,Single carriageway,None,60,22:25:00,Rural,Fine no high winds,No,16 - 20,2,Small town,10,1248,None,Tree,Other/Not known (2005-10),Not at or within 20 metres of junction,VAUXHALL,CORSA CLUB A/C CDTI,Heavy oil,Male,Skidded and overturned,No tow/articulation,Offside,0,Going ahead right-hand bend,1,Car,No,Front,2010
201030D000408,A,514,NA,0,Slight,None,09-05-2010,Sunday,1,Data missing or out of range,Not at junction or within 20 metres,52.806412,Darkness - no lighting,434310,323330,-1.492479,E01019843,1,1,0,0,Dry,Single carriageway,None,60,03:15:00,Rural,Fine no high winds,No,16 - 20,2,Urban area,7,1328,None,None,Other/Not known (2005-10),Not at or within 20 metres of junction,SUZUKI,SWIFT GL 3DR,Petrol,Male,Overturned,No tow/articulation,Nearside,0,Going ahead other,1,Car,No,Nearside,2010
201032B020310,B,6403,NA,0,Slight,None,21-01-2010,Thursday,1,Data missing or out of range,Not at junction or within 20 metres,52.884607,Darkness - no lighting,494530,332830,-0.596595,E01026315,1,1,0,0,Dry,Single carriageway,None,60,18:34:00,Rural,Fine no high winds,No,16 - 20,2,Rural,6,124,None,None,Other/Not known (2005-10),Not at or within 20 metres of junction,WUYANG,WY 125-16C,Petrol,Male,None,No tow/articulation,Nearside,0,Going ahead right-hand bend,1,Motorcycle 125cc and under,No,Front,2010
201042I060703,B,1018,NA,0,Slight,None,12-07-2021,Tuesday,1,Not at junction or within 20 metres,Not at junction or within 20 metres,19.16114727,Darkness - no lighting,586770,200250,72.92271595,E01021903,1,2,0,0,Dry,Single carriageway,None,60,19:38:00,Rural,Fine no high winds,No,16 - 20,2,Rural,6,1587,None,None,Other/Not known (2005-10),Not at or within 20 metres of junction,CITROEN,C3 EXCLUSIVE 16V AUTO,Petrol,Female,None,No tow/articulation,Did not leave carriageway,0,Going ahead other,2,Car,No,Front,2021
201042I060703,B,1018,NA,0,Slight,None,02-03-2010,Tuesday,1,Not at junction or within 20 metres,Not at junction or within 20 metres,51.66992,Darkness - no lighting,586770,200250,0.699563,E01021903,1,2,0,0,Dry,Single carriageway,None,60,19:38:00,Rural,Fine no high winds,No,16 - 20,2,Rural,6,1587,None,None,Other/Not known (2005-10),Not at or within 20 metres of junction,CITROEN,C3 EXCLUSIVE 16V AUTO,Petrol,Female,None,No tow/articulation,Did not leave carriageway,0,Going ahead other,2,Car,No,Front,2010
201011NF23840,A,182,NA,0,Slight,None,28-09-2010,Tuesday,1,Data missing or out of range,Not at junction or within 20 metres,54.814293,Darkness - no lighting,441260,546790,-1.35948,E01020754,2,2,0,0,Wet or damp,Single carriageway,None,60,21:25:00,Rural,Fine no high winds,No,16 - 20,2,Urban area,1,1240,None,None,Other/Not known (2005-10),Not at or within 20 metres of junction,NISSAN,MICRA 25 1.2,Petrol,Female,None,No tow/articulation,Did not leave carriageway,0,Going ahead other,2,Car,No,Front,2010
201022D000464,A,435,NA,0,Slight,None,26-01-2010,Tuesday,2,Data missing or out of range,Not at junction or within 20 metres,52.395621,Darkness - no lighting,407210,277520,-1.895477,E01032134,1,1,0,0,Dry,Dual carriageway,None,70,23:00:00,Rural,Fine no high winds,No,16 - 20,2,Urban area,8,1242,Kerb,Tree,Other/Not known (2005-10),Not at or within 20 metres of junction,FORD,FIESTA ZETEC BLUE 75,Petrol,Female,Skidded,No tow/articulation,Nearside,0,Going ahead other,1,Car,No,Front,2010
201022G000998,Unclassified,0,NA,0,Slight,Any animal in carriageway (except ridden horse),20-02-2010,Saturday,1,Data missing or out of range,Not at junction or within 20 metres,52.751117,Darkness - no lighting,375620,317120,-2.362655,E01014112,1,1,0,0,Wet or damp,Single carriageway,None,60,23:50:00,Rural,Fine no high winds,No,16 - 20,2,Urban area,9,1242,None,Other permanent object,Other/Not known (2005-10),Not at or within 20 metres of junction,FORD,FIESTA ZETEC BLUE 75,Petrol,Female,Skidded,No tow/articulation,Offside,0,Going ahead other,1,Car,No,Front,2010
201045GU56929,C,43,NA,0,Slight,None,15-02-2021,Monday,1,Data missing or out of range,Not at junction or within 20 metres,12.96691919,Darkness - no lighting,507950,158190,77.56684527,E01030458,1,2,0,0,Wet or damp,Single carriageway,None,40,03:17:00,Rural,Fog or mist,No,16 - 20,2,Urban area,9,4244,None,Tree,Other/Not known (2005-10),Not at or within 20 metres of junction,MASERATI,GRAN TURISMO V8 AUTO,Petrol,Male,None,No tow/articulation,Nearside,0,Going ahead left-hand bend,1,Car,No,Front,2020
201045GU56929,C,43,NA,0,Slight,None,13-12-2010,Monday,1,Data missing or out of range,Not at junction or within 20 metres,51.312536,Darkness - no lighting,507950,158190,-0.452531,E01030458,1,2,0,0,Wet or damp,Single carriageway,None,40,03:17:00,Rural,Fog or mist,No,16 - 20,2,Urban area,9,4244,None,Tree,Other/Not known (2005-10),Not at or within 20 metres of junction,MASERATI,GRAN TURISMO V8 AUTO,Petrol,Male,None,No tow/articulation,Nearside,0,Going ahead left-hand bend,1,Car,No,Front,2010
201060L187517,Unclassified,0,NA,0,Slight,None,08-10-2010,Friday,1,Data missing or out of range,Not at junction or within 20 metres,53.156129,Darkness - no lighting,257060,364250,-4.139226,W01000099,1,2,0,0,Dry,Single carriageway,None,50,18:35:00,Rural,Other,No,16 - 20,2,Small town,NA,49,None,None,Other/Not known (2005-10),Not at or within 20 metres of junction,APRILIA,SR 50 R,Petrol,Male,None,No tow/articulation,Did not leave carriageway,0,Going ahead left-hand bend,1,Motorcycle 50cc and under,No,Front,2010
201030D001218,C,181,NA,0,Slight,None,07-12-2010,Tuesday,1,Data missing or out of range,Not at junction or within 20 metres,52.72832,Darkness - no lighting,425730,314590,-1.620439,E01019871,1,1,0,0,Frost or ice,Single carriageway,None,60,19:14:00,Rural,Other,No,16 - 20,2,Urban area,2,2198,None,Other permanent object,Journey as part of work,Not at or within 20 metres of junction,FORD,TRANSIT 85 T300M FWD,Heavy oil,Male,Skidded,No tow/articulation,Nearside,0,Going ahead right-hand bend,1,Van / Goods 3.5 tonnes mgw or under,No,Front,2010
201032D402110,C,306,NA,0,Slight,None,25-12-2010,Saturday,1,Data missing or out of range,Not at junction or within 20 metres,53.05217,Darkness - no lighting,510670,351820,-0.350345,E01026224,1,1,0,0,Frost or ice,Single carriageway,None,60,21:30:00,Rural,Other,No,16 - 20,2,Small town,9,998,None,Other permanent object,Commuting to/from work,Not at or within 20 metres of junction,CITROEN,C1 VIBE,Petrol,Female,Overturned,No tow/articulation,Nearside,0,Going ahead right-hand bend,1,Car,No,Front,2010
201045TA53489,Motorway,25,NA,0,Slight,None,08-07-2019,Monday,2,Data missing or out of range,Not at junction or within 20 metres,22.05816686,Darkness - no lighting,540340,153960,82.16017047,E01030831,1,1,0,0,Wet or damp,Dual carriageway,None,70,05:29:00,Rural,Raining no high winds,No,16 - 20,2,Urban area,10,1242,None,Central crash barrier,Commuting to/from work,Not at or within 20 metres of junction,FORD,FIESTA STYLE CLIMATE,Petrol,Male,Skidded,No tow/articulation,Offside on to centrl res + rebounded,0,Going ahead other,1,Car,No,Front,2019
201045TA53489,Motorway,25,NA,0,Slight,None,23-08-2010,Monday,2,Data missing or out of range,Not at junction or within 20 metres,51.267463,Darkness - no lighting,540340,153960,0.010268,E01030831,1,1,0,0,Wet or damp,Dual carriageway,None,70,05:29:00,Rural,Raining no high winds,No,16 - 20,2,Urban area,10,1242,None,Central crash barrier,Commuting to/from work,Not at or within 20 metres of junction,FORD,FIESTA STYLE CLIMATE,Petrol,Male,Skidded,No tow/articulation,Offside on to centrl res + rebounded,0,Going ahead other,1,Car,No,Front,2010
201030C000169,C,228,NA,0,Slight,None,30-03-2010,Tuesday,1,Data missing or out of range,Not at junction or within 20 metres,53.13411,Darkness - no lighting,440090,359830,-1.402231,E01019814,1,2,0,0,Wet or damp,Single carriageway,None,60,21:40:00,Rural,Raining no high winds,No,16 - 20,2,Rural,3,1328,Bridge (side),None,Other/Not known (2005-10),Not at or within 20 metres of junction,SUZUKI,JIMNY JLX PLUS,Petrol,Male,None,No tow/articulation,Nearside,0,Going ahead other,1,Car,No,Front,2010
201004TA10194,Motorway,61,NA,0,Slight,None,13-11-2010,Saturday,1,Data missing or out of range,Not at junction or within 20 metres,53.631773,Darkness - no lighting,361070,415190,-2.590195,E01024973,1,1,0,0,Wet or damp,Dual carriageway,None,70,01:46:00,Rural,Raining no high winds,No,16 - 20,2,Urban area,10,1229,None,Tree,Other/Not known (2005-10),Not at or within 20 metres of junction,VAUXHALL,CORSA CLUB A/C,Petrol,Female,Skidded and overturned,No tow/articulation,Nearside,0,Going ahead other,1,Car,No,Front,2010
201001PY20031,Unclassified,0,Unclassified,0,Slight,None,13-01-2010,Wednesday,1,Give way or uncontrolled,Private drive or entrance,51.299609,Darkness - no lighting,541170,157560,0.023579,E01030849,1,1,0,0,Frost or ice,Single carriageway,None,30,07:56:00,Rural,Snowing no high winds,No,16 - 20,2,Urban area,8,1149,Kerb,None,Commuting to/from work,Cleared junction or waiting/parked at junction exit,RENAULT,CLIO CAMPUS 8V,Petrol,Female,Overturned,No tow/articulation,Nearside,0,Slowing or stopping,1,Car,No,Front,2010
201001PY20031,Unclassified,0,Unclassified,0,Slight,None,13-01-2010,Wednesday,1,Give way or uncontrolled,Private drive or entrance,51.299609,Darkness - no lighting,541170,157560,0.023579,E01030849,1,1,0,0,Frost or ice,Single carriageway,None,30,07:56:00,Rural,Snowing no high winds,No,16 - 20,2,Urban area,8,1149,Kerb,None,Commuting to/from work,Cleared junction or waiting/parked at junction exit,RENAULT,CLIO CAMPUS 8V,Petrol,Female,Overturned,No tow/articulation,Nearside,0,Slowing or stopping,1,Car,No,Front,2010
201004TA10216,Motorway,61,NA,0,Slight,None,03-12-2010,Friday,1,Data missing or out of range,Not at junction or within 20 metres,53.719388,Darkness - no lighting,358520,424960,-2.630064,E01025400,2,2,0,0,Frost or ice,Dual carriageway,None,70,23:40:00,Rural,Snowing no high winds,No,16 - 20,2,Urban area,9,998,None,None,Other/Not known (2005-10),Not at or within 20 metres of junction,TOYOTA,AYGO+ VVT-I,Petrol,Female,None,No tow/articulation,Did not leave carriageway,0,Going ahead other,1,Car,No,Front,2010
201037L018381,Unclassified,4081,Unclassified,9999,Slight,None,06-11-2019,Tuesday,1,Give way or uncontrolled,Private drive or entrance,18.58159232,Daylight,653760,295020,73.76786198,E01030279,1,2,0,0,Dry,Single carriageway,None,30,17:10:00,Urban,Fine + high winds,No,16 - 20,2,Urban area,3,1248,None,None,Commuting to/from work,Leaving main road,VAUXHALL,CORSA SXI A/C CDTI,Heavy oil,Male,None,No tow/articulation,Did not leave carriageway,0,Reversing,2,Car,No,Offside,2021
201037L018381,Unclassified,4081,Unclassified,9999,Slight,None,24-08-2010,Tuesday,1,Give way or uncontrolled,Private drive or entrance,52.493964,Daylight,653760,295020,1.736891,E01030279,1,2,0,0,Dry,Single carriageway,None,30,17:10:00,Urban,Fine + high winds,No,16 - 20,2,Urban area,3,1248,None,None,Commuting to/from work,Leaving main road,VAUXHALL,CORSA SXI A/C CDTI,Heavy oil,Male,None,No tow/articulation,Did not leave carriageway,0,Reversing,2,Car,No,Offside,2010
201043R216070,Motorway,4,NA,0,Slight,None,01-02-2021,Monday,1,Data missing or out of range,Not at junction or within 20 metres,14.70096225,Daylight,502820,178170,78.63289752,E01016481,2,3,0,0,Dry,Dual carriageway,None,70,07:50:00,Rural,Fine no high winds,No,16 - 20,2,Urban area,6,1560,None,None,Commuting to/from work,Not at or within 20 metres of junction,PEUGEOT,407 S HDI,Heavy oil,Male,None,No tow/articulation,Did not leave carriageway,0,Slowing or stopping,1,Car,No,Front,2019
201042I205807,B,1026,NA,0,Slight,None,14-04-2020,Friday,2,Not at junction or within 20 metres,Not at junction or within 20 metres,14.70868105,Daylight,596900,220280,78.50017732,E01021645,1,2,0,0,Dry,Single carriageway,None,40,18:20:00,Rural,Fine no high winds,No,16 - 20,2,Small town,7,125,None,None,Commuting to/from work,Not at or within 20 metres of junction,HONDA,CBR 125 RW-7,Petrol,Male,None,No tow/articulation,Did not leave carriageway,0,Overtaking moving vehicle - offside,2,Motorcycle 125cc and under,No,Front,2019
2010550C37832,A,338,NA,0,Slight,None,13-07-2020,Monday,1,Not at junction or within 20 metres,Not at junction or within 20 metres,14.7044311,Daylight,406880,91650,78.57065347,E01015371,1,4,0,0,Dry,Single carriageway,None,40,11:40:00,Urban,Fine no high winds,No,16 - 20,2,Urban area,7,1328,None,None,Other/Not known (2005-10),Not at or within 20 metres of junction,SUZUKI,SWIFT GL 3DR,Petrol,Male,None,No tow/articulation,Did not leave carriageway,0,Slowing or stopping,2,Car,No,Back,2019
20104100K0188,Unclassified,484,Unclassified,367,Slight,None,18-04-2020,Thursday,1,Give way or uncontrolled,Crossroads,27.09119072,Daylight,538250,209610,93.60868823,E01023330,2,2,0,0,Dry,Single carriageway,None,30,17:18:00,Urban,Fine no high winds,No,16 - 20,2,Urban area,7,125,None,None,Other/Not known (2005-10),Cleared junction or waiting/parked at junction exit,BAROSSA,XS 125 T-13,Petrol,Male,None,No tow/articulation,Did not leave carriageway,0,Going ahead other,2,Motorcycle 125cc and under,No,Nearside,2019
201042I324008,Unclassified,0,Unclassified,0,Slight,None,19-05-2019,Tuesday,1,Give way or uncontrolled,Other junction,27.09295579,Daylight,569210,187940,93.61273809,E01021294,1,2,0,0,Dry,Single carriageway,None,30,12:00:00,Urban,Fine no high winds,No,16 - 20,2,Urban area,9,398,None,None,Other/Not known (2005-10),Approaching junction or waiting/parked at junction approach,SUZUKI,DRZ 400 SM K7,Petrol,Male,None,No tow/articulation,Did not leave carriageway,0,Slowing or stopping,2,Motorcycle over 125cc and up to 500cc,No,Offside,2019
201050JN2E009,A,380,Unclassified,0,Slight,None,20-09-2021,Friday,1,Give way or uncontrolled,T or staggered junction,26.74046608,Daylight,287680,69150,94.23154027,E01020249,1,2,0,0,Dry,Single carriageway,None,40,14:00:00,Rural,Fine no high winds,No,16 - 20,2,Small town,8,49,None,None,Other/Not known (2005-10),Entering main road,PIAGGIO,NRG,Petrol,Male,None,No tow/articulation,Did not leave carriageway,0,Overtaking moving vehicle - offside,2,Motorcycle 50cc and under,No,Front,2019
20104100A0276,A,1060,C,38,Slight,None,27-03-2020,Monday,2,Give way or uncontrolled,T or staggered junction,26.75362612,Daylight,549780,219050,94.21867194,E01023460,1,2,0,0,Dry,Single carriageway,None,30,14:00:00,Rural,Fine no high winds,No,16 - 20,2,Rural,9,1461,None,None,Other/Not known (2005-10),Leaving main road,RENAULT,CLIO DYNAMIQUE DCI 86,Heavy oil,Male,None,No tow/articulation,Did not leave carriageway,0,Turning right,2,Car,No,Offside,2019
201043R034040,A,4,Unclassified,7302,Slight,None,31-05-2021,Thursday,1,Auto traffic signal,Crossroads,26.74155119,Daylight,499720,178970,94.18000603,E01016504,1,2,0,5,Dry,Single carriageway,None,30,16:38:00,Urban,Fine no high winds,No,16 - 20,2,Urban area,2,49,None,None,Other/Not known (2005-10),Mid Junction - on roundabout or on main road,APRILIA,SR 50 R,Petrol,Male,None,No tow/articulation,Did not leave carriageway,0,Going ahead other,2,Motorcycle 50cc and under,No,Front,2019
2010400C02841,A,505,NA,0,Slight,None,25-07-2019,Wednesday,1,Data missing or out of range,Not at junction or within 20 metres,26.72009267,Daylight,508310,221590,94.22211679,E01015729,1,2,0,0,Dry,Single carriageway,None,40,14:35:00,Urban,Fine no high winds,No,16 - 20,2,Urban area,5,49,None,None,Other/Not known (2005-10),Not at or within 20 metres of junction,PIAGGIO,NRG,Petrol,Male,Skidded,No tow/articulation,Did not leave carriageway,0,Going ahead other,1,Motorcycle 50cc and under,No,Front,2019
2010400D01140,Motorway,1,NA,0,Slight,None,07-11-2021,Friday,1,Data missing or out of range,Not at junction or within 20 metres,25.78122553,Daylight,500030,234700,87.45793813,E01017451,5,3,0,0,Dry,Dual carriageway,None,70,10:20:00,Rural,Fine no high winds,No,16 - 20,2,Urban area,9,1598,None,None,Other/Not known (2005-10),Not at or within 20 metres of junction,VAUXHALL,ASTRA SXI,Petrol,Male,None,No tow/articulation,Did not leave carriageway,0,Waiting to go - held up,2,Car,No,Back,2019
201043P345050,B,4022,NA,0,Slight,None,02-11-2019,Friday,1,Data missing or out of range,Not at junction or within 20 metres,22.09105315,Daylight,438590,227050,82.1200742,E01028795,1,1,0,0,Dry,Single carriageway,None,60,18:55:00,Rural,Fine no high winds,No,16 - 20,2,Rural,9,1595,None,None,Other/Not known (2005-10),Not at or within 20 metres of junction,SEAT,LEON STYLANCE,Petrol,Male,Skidded and overturned,No tow/articulation,Offside,0,Going ahead right-hand bend,1,Car,No,Nearside,2019
201042I078903,A,414,NA,0,Slight,None,21-07-2020,Tuesday,1,Not at junction or within 20 metres,Not at junction or within 20 metres,22.08387943,Daylight,576570,205430,82.14938931,E01021569,1,2,0,0,Dry,Single carriageway,None,60,05:51:00,Rural,Fine no high winds,No,16 - 20,2,Rural,9,1242,None,None,Commuting to/from work,Not at or within 20 metres of junction,FORD,FIESTA ZETEC BLUE,Petrol,Male,None,No tow/articulation,Did not leave carriageway,0,Going ahead other,2,Car,No,Back,2019
201043R136120,Unclassified,7302,NA,0,Slight,None,02-03-2019,Monday,1,Data missing or out of range,Not at junction or within 20 metres,22.08607912,Daylight,498720,180890,82.192041,E01016460,1,2,0,0,Dry,Single carriageway,None,30,12:09:00,Urban,Fine no high winds,No,16 - 20,2,Urban area,6,1246,None,None,Other/Not known (2005-10),Not at or within 20 metres of junction,HONDA,JAZZ S,Petrol,Male,None,No tow/articulation,Did not leave carriageway,0,Overtaking static vehicle - offside,1,Car,No,Nearside,2019
201045SP52283,A,308,Unclassified,0,Slight,None,22-01-2019,Friday,1,Auto traffic signal,Crossroads,15.18116093,Daylight,508670,170350,74.13320579,E01030700,2,2,0,4,Dry,Dual carriageway,None,50,19:06:00,Urban,Fine no high winds,No,16 - 20,2,Urban area,8,1364,None,None,Other/Not known (2005-10),Approaching junction or waiting/parked at junction approach,VAUXHALL,ASTRA SXI TWINPORT,Petrol,Male,None,No tow/articulation,Did not leave carriageway,0,Going ahead other,2,Car,No,Front,2019
201043N209090,Unclassified,466,Unclassified,466,Slight,None,03-04-2021,Sunday,1,Give way or uncontrolled,Crossroads,15.32216114,Daylight,496690,199050,74.0710126,E01017763,1,2,0,0,Dry,Single carriageway,None,30,12:29:00,Urban,Fine no high winds,No,16 - 20,2,Urban area,5,124,None,None,Other/Not known (2005-10),Approaching junction or waiting/parked at junction approach,YAMAHA,YZF R125,Petrol,Male,None,No tow/articulation,Did not leave carriageway,0,Going ahead other,1,Motorcycle 125cc and under,No,Front,2019
201042I308409,A,129,NA,,Slight,None,07-09-2021,Wednesday,1,Give way or uncontrolled,Other junction,15.24100019,Daylight,568940,192940,74.12851803,E01021257,1,2,0,1,Dry,Single carriageway,None,30,15:33:00,Urban,Fine no high winds,No,16 - 20,2,Urban area,4,49,None,None,Other/Not known (2005-10),Mid Junction - on roundabout or on main road,PIAGGIO,NRG,Petrol,Male,None,No tow/articulation,Did not leave carriageway,0,Going ahead other,1,Motorcycle 50cc and under,No,Front,2019
2010550D21060,A,338,NA,0,Slight,None,28-05-2020,Sunday,1,Not at junction or within 20 metres,Not at junction or within 20 metres,23.01402221,Daylight,413290,95730,72.66025059,E01020365,1,3,0,0,Dry,Dual carriageway,None,70,17:38:00,Rural,Fine no high winds,No,16 - 20,2,Urban area,4,1991,None,None,Other/Not known (2005-10),Not at or within 20 metres of junction,CHEVROLET,CAPTIVA LTX 7S VCDI A,Heavy oil,Male,None,No tow/articulation,Did not leave carriageway,0,Going ahead other,1,Car,No,Front,2019
201042I019301,B,1010,Unclassified,0,Slight,None,09-09-2019,Wednesday,1,Give way or uncontrolled,T or staggered junction,22.97811284,Daylight,593590,197520,72.59647816,E01021877,2,2,0,0,Dry,Single carriageway,None,40,12:45:00,Rural,Fine no high winds,No,16 - 20,2,Small town,5,1490,None,None,Other/Not known (2005-10),Approaching junction or waiting/parked at junction approach,SUZUKI,SWIFT GLX 5DR,Petrol,Male,None,No tow/articulation,Did not leave carriageway,0,Going ahead right-hand bend,2,Car,No,Nearside,2019
2010550C28213,B,3063,Unclassified,0,Slight,None,22-12-2019,Saturday,1,Give way or uncontrolled,More than 4 arms (not roundabout),23.00250924,Daylight,409300,92750,72.56725916,E01015345,1,3,0,5,Dry,Single carriageway,None,30,13:30:00,Urban,Fine no high winds,No,16 - 20,2,Urban area,1,49,None,None,Other/Not known (2005-10),Mid Junction - on roundabout or on main road,APRILIA,SR 50 R,Petrol,Male,None,No tow/articulation,Did not leave carriageway,0,Going ahead other,2,Motorcycle 50cc and under,No,Nearside,2019
2010550C31290,Unclassified,0,Unclassified,0,Slight,None,05-03-2020,Wednesday,1,Give way or uncontrolled,Private drive or entrance,23.07397762,Daylight,397900,91510,72.53026043,E01015430,1,2,0,0,Dry,Single carriageway,None,30,18:23:00,Urban,Fine no high winds,No,16 - 20,2,Urban area,3,49,None,None,Other/Not known (2005-10),Approaching junction or waiting/parked at junction approach,JONWAY,,Petrol,Male,None,No tow/articulation,Did not leave carriageway,0,Going ahead other,2,Motorcycle 50cc and under,No,Front,2019
201043N042100,A,4128,C,77,Slight,None,06-02-2021,Wednesday,1,Give way or uncontrolled,Roundabout,28.47757952,Daylight,486460,196340,77.0760491,E01017870,1,2,0,0,Wet or damp,Roundabout,None,50,14:20:00,Rural,Fine no high winds,No,16 - 20,2,Urban area,10,1999,None,None,Other/Not known (2005-10),Entering roundabout,FORD,FIESTA ST,Petrol,Male,Skidded and overturned,No tow/articulation,Did not leave carriageway,0,Waiting to go - held up,2,Car,No,Back,2019
201043P112070,A,4260,NA,0,Slight,None,22-02-2020,Tuesday,1,Data missing or out of range,Not at junction or within 20 metres,28.50528252,Daylight,447130,237020,77.03148259,E01028422,2,3,0,0,Dry,Single carriageway,None,60,14:45:00,Rural,Fine no high winds,No,16 - 20,2,Small town,10,49,None,None,Other/Not known (2005-10),Not at or within 20 metres of junction,PEUGEOT,SPEEDFIGHT 50 LR RCUP,Petrol,Male,None,No tow/articulation,Did not leave carriageway,0,Going ahead other,3,Motorcycle 50cc and under,No,Back,2019