Accident_Index,1st_Road_Class,1st_Road_Number,2nd_Road_Class,2nd_Road_Number,Accident_Severity,Carriageway_Hazards,Date,Day_of_Week,Did_Police_Officer_Attend_Scene_of_Accident,Junction_Control,Junction_Detail,Latitude,Light_Conditions,Location_Easting_OSGR,Location_Northing_OSGR,Longitude,LSOA_of_Accident_Location,Number_of_Casualties,Number_of_Vehicles,Pedestrian_Crossing-Human_Control,Pedestrian_Crossing-Physical_Facilities,Road_Surface_Conditions,Road_Type,Special_Conditions_at_Site,Speed_limit,Time,Urban_or_Rural_Area,Weather_Conditions,InScotland,Age_Band_of_Driver,Age_of_Vehicle,Driver_Home_Area_Type,Driver_IMD_Decile,Engine_Capacity_.CC.,Hit_Object_in_Carriageway,Hit_Object_off_Carriageway,Journey_Purpose_of_Driver,Junction_Location,make,model,Propulsion_Code,Sex_of_Driver,Skidding_and_Overturning,Towing_and_Articulation,Vehicle_Leaving_Carriageway,Vehicle_Location.Restricted_Lane,Vehicle_Manoeuvre,Vehicle_Reference,Vehicle_Type,Was_Vehicle_Left_Hand_Drive,X1st_Point_of_Impact,Year
201004CA10058,A,6,Unclassified,0,Slight,None,22-06-2010,Tuesday,1,Give way or uncontrolled,Other junction,53.651336,Daylight,358340,417390,-2.631772,E01024940,2,2,0,0,Dry,Single carriageway,None,30,12:23:00,Urban,Fine no high winds,No,16 - 20,2,Urban area,8,124,None,None,Journey as part of work,Approaching junction or waiting/parked at junction approach,YAMAHA,XT 125 X,Petrol,Male,None,No tow/articulation,Did not leave carriageway,0,Overtaking moving vehicle - offside,1,Motorcycle 125cc and under,No,Front,2010
201004CA10131,B,5251,NA,0,Slight,None,14-11-2010,Sunday,1,Data missing or out of range,Not at junction or within 20 metres,53.644298,Daylight,358000,416610,-2.63681,E01024941,1,2,0,0,Wet or damp,Single carriageway,None,30,15:00:00,Urban,Fine no high winds,No,16 - 20,2,Urban area,7,1422,None,None,Other/Not known (2005-10),Not at or within 20 metres of junction,VOLKSWAGEN,POLO MATCH TDI 70,Heavy oil,Male,None,No tow/articulation,Did not leave carriageway,0,Moving off,1,Car,No,Offside,2010
201004CC10007,A,581,Unclassified,0,Slight,None,16-01-2010,Saturday,1,Give way or uncontrolled,T or staggered junction,53.663215,Daylight,351250,418780,-2.739249,E01024975,1,2,0,0,Wet or damp,Single carriageway,None,40,14:45:00,Rural,Fine no high winds,No,16 - 20,2,Urban area,3,NA,None,None,Journey as part of work,Approaching junction or waiting/parked at junction approach,JOHN DEERE,,Heavy oil,Male,None,Other tow,Did not leave carriageway,0,Going ahead other,1,Agricultural vehicle,No,Did not impact,2010
201004CJ10083,Unclassified,0,Unclassified,0,Slight,None,13-09-2010,Monday,1,Give way or uncontrolled,Roundabout,53.54827,Daylight,349430,406010,-2.764714,E01025527,1,2,0,0,Wet or damp,Roundabout,None,30,17:30:00,Urban,Fine no high winds,No,16 - 20,2,Data missing or out of range,NA,50,None,None,Other/Not known (2005-10),Entering roundabout,HUATIAN,,Petrol,Male,None,No tow/articulation,Did not leave carriageway,0,Going ahead other,2,Motorcycle 50cc and under,No,Did not impact,2010
201004DA10094,A,6,NA,0,Slight,None,27-09-2010,Monday,1,Data missing or out of range,Not at junction or within 20 metres,53.760684,Daylight,354720,429590,-2.688324,E01025307,2,2,0,4,Dry,Single carriageway,None,30,16:50:00,Urban,Fine no high winds,No,16 - 20,2,Urban area,7,1753,None,None,Other/Not known (2005-10),Not at or within 20 metres of junction,FORD,FOCUS ZETEC TD 115,Heavy oil,Male,None,No tow/articulation,Did not leave carriageway,0,Going ahead other,2,Car,No,Front,2010
201004DR10057,Unclassified,0,Unclassified,0,Slight,None,05-07-2010,Monday,1,Give way or uncontrolled,T or staggered junction,53.778607,Daylight,356220,431570,-2.665854,E01025236,1,2,0,0,Dry,Single carriageway,None,30,19:00:00,Urban,Fine no high winds,No,16 - 20,2,Urban area,1,125,None,None,Other/Not known (2005-10),Entering main road,SUKIDA,SK 125 T-3,Petrol,Male,Skidded,No tow/articulation,Did not leave carriageway,0,Going ahead other,1,Motorcycle 125cc and under,No,Front,2010
201004EA10121,Unclassified,0,Unclassified,0,Slight,None,24-05-2010,Monday,1,Give way or uncontrolled,Other junction,53.740253,Daylight,367570,427210,-2.493164,E01012622,1,2,0,0,Dry,Single carriageway,None,30,11:40:00,Urban,Fine no high winds,No,16 - 20,2,Urban area,1,49,None,None,Other/Not known (2005-10),Mid Junction - on roundabout or on main road,APRILIA,SR 50 R,Petrol,Male,None,No tow/articulation,Did not leave carriageway,0,Waiting to go - held up,2,Motorcycle 50cc and under,No,Back,2010
201004EM10016,Unclassified,0,Unclassified,0,Slight,None,22-04-2010,Thursday,1,Give way or uncontrolled,T or staggered junction,53.79003,Daylight,373630,432710,-2.401761,E01025064,2,2,0,0,Dry,Single carriageway,None,30,14:00:00,Urban,Fine no high winds,No,16 - 20,2,Urban area,4,124,None,None,Commuting to/from work,Mid Junction - on roundabout or on main road,YAMAHA,YZF R125,Petrol,Male,Skidded and overturned,No tow/articulation,Did not leave carriageway,0,Going ahead other,1,Motorcycle 125cc and under,No,Front,2010
201004EP10014,Unclassified,0,B,6243,Slight,None,23-06-2010,Wednesday,1,Give way or uncontrolled,Private drive or entrance,53.831578,Daylight,366290,437380,-2.513685,E01025315,1,2,0,0,Dry,Single carriageway,None,60,16:30:00,Rural,Fine no high winds,No,16 - 20,2,Rural,7,49,None,None,Other/Not known (2005-10),Mid Junction - on roundabout or on main road,APRILIA,SR 50 R,Petrol,Male,None,No tow/articulation,Did not leave carriageway,0,Going ahead right-hand bend,2,Motorcycle 50cc and under,No,Front,2010
201004FE10028,A,6068,Unclassified,0,Slight,None,13-05-2010,Thursday,1,Give way or uncontrolled,T or staggered junction,53.858884,Daylight,388570,440310,-2.17527,E01025221,1,2,0,0,Dry,Dual carriageway,None,30,16:00:00,Urban,Fine no high winds,No,16 - 20,2,Urban area,5,49,None,None,Other/Not known (2005-10),Mid Junction - on roundabout or on main road,APRILIA,SR 50 R,Petrol,Male,Skidded,No tow/articulation,Did not leave carriageway,0,Going ahead other,2,Motorcycle 50cc and under,No,Front,2010
201004FL10107,Unclassified,0,NA,0,Slight,None,21-10-2010,Thursday,1,Data missing or out of range,Not at junction or within 20 metres,53.699725,Daylight,382800,422620,-2.262005,E01025374,1,1,0,0,Dry,Single carriageway,None,30,16:25:00,Urban,Fine no high winds,No,16 - 20,2,Urban area,2,49,None,None,Other/Not known (2005-10),Not at or within 20 metres of junction,PIAGGIO,NRG,Petrol,Male,None,No tow/articulation,Did not leave carriageway,0,Going ahead other,1,Motorcycle 50cc and under,No,Offside,2010
201005BB04311,Unclassified,0,NA,0,Slight,None,16-07-2010,Friday,1,Data missing or out of range,Not at junction or within 20 metres,53.591176,Daylight,331560,411010,-3.035476,E01006924,4,2,0,0,Dry,Single carriageway,None,30,20:10:00,Urban,Fine no high winds,No,16 - 20,2,Urban area,3,1560,None,None,Other/Not known (2005-10),Not at or within 20 metres of junction,FORD,FIESTA TITANIUM 90 TDCI,Heavy oil,Male,None,No tow/articulation,Did not leave carriageway,0,Waiting to go - held up,2,Car,No,Front,2010
201005CC01486,Unclassified,0,Unclassified,0,Slight,None,26-01-2010,Tuesday,1,Give way or uncontrolled,T or staggered junction,53.362361,Daylight,344560,385380,-2.834564,E01006426,1,4,0,0,Wet or damp,Single carriageway,None,30,11:25:00,Urban,Fine no high winds,No,16 - 20,2,Urban area,6,1798,None,None,Other/Not known (2005-10),Approaching junction or waiting/parked at junction approach,FORD,FOCUS TITANIUM 125,Petrol,Male,None,No tow/articulation,Did not leave carriageway,0,Going ahead other,3,Car,No,Front,2010
201005CC03124,A,5080,Unclassified,0,Slight,None,07-05-2010,Friday,1,Give way or uncontrolled,T or staggered junction,53.406332,Daylight,343910,390280,-2.845202,E01006475,1,2,0,0,Dry,Single carriageway,None,30,20:20:00,Urban,Fine no high winds,No,16 - 20,2,Urban area,6,124,None,None,Other/Not known (2005-10),Cleared junction or waiting/parked at junction exit,YAMAHA,XT 125 X,Petrol,Male,None,No tow/articulation,Did not leave carriageway,0,Going ahead other,2,Motorcycle 125cc and under,No,Front,2010
201005DD02719,Unclassified,0,NA,0,Slight,None,15-04-2010,Thursday,1,Data missing or out of range,Not at junction or within 20 metres,53.46714,Daylight,352650,396950,-2.714748,E01006810,2,2,0,0,Dry,Single carriageway,None,30,14:10:00,Urban,Fine no high winds,No,16 - 20,2,Data missing or out of range,NA,1598,None,None,Other/Not known (2005-10),Not at or within 20 metres of junction,VOLKSWAGEN,GOLF MATCH FSI 115 A,Petrol,Male,None,No tow/articulation,Did not leave carriageway,0,Turning right,1,Car,No,Offside,2010
201005EE01691,Unclassified,0,Unclassified,0,Slight,None,10-02-2010,Wednesday,1,Give way or uncontrolled,Crossroads,53.434144,Daylight,334160,393500,-2.992517,E01006776,1,3,0,0,Dry,Single carriageway,None,30,07:54:00,Urban,Fine no high winds,No,16 - 20,2,Urban area,1,2402,None,None,Journey as part of work,Entering main road,FORD,TRANSIT 115 T350L RWD,Heavy oil,Male,None,No tow/articulation,Offside,0,Moving off,1,Van / Goods 3.5 tonnes mgw or under,No,Front,2010
201005EE05109,A,57,Unclassified,0,Slight,None,02-09-2010,Thursday,2,Give way or uncontrolled,T or staggered junction,53.40811,Daylight,334400,390600,-2.988301,E01006650,1,2,0,0,Dry,One way street,None,30,17:00:00,Urban,Fine no high winds,No,16 - 20,2,Data missing or out of range,NA,995,None,None,Other/Not known (2005-10),Cleared junction or waiting/parked at junction exit,CHEVROLET,MATIZ SE PLUS,Petrol,Male,Skidded,No tow/articulation,Did not leave carriageway,0,Changing lane to right,2,Car,No,Front,2010
201005FF05967,A,562,Unclassified,0,Slight,None,30-04-2010,Friday,1,Give way or uncontrolled,T or staggered junction,53.390012,Daylight,338600,388530,-2.924725,E01006550,1,2,0,0,Dry,Single carriageway,None,30,14:35:00,Urban,Fine no high winds,No,16 - 20,2,Urban area,6,1995,None,None,Other/Not known (2005-10),Approaching junction or waiting/parked at junction approach,BMW,320D SE A,Heavy oil,Male,None,No tow/articulation,Did not leave carriageway,0,Going ahead other,1,Car,No,Front,2010
201006B033572,B,5117,NA,0,Slight,None,04-07-2010,Sunday,1,Data missing or out of range,Not at junction or within 20 metres,53.45307,Daylight,385280,395170,-2.223138,E01005286,1,2,0,4,Dry,Single carriageway,None,30,14:20:00,Urban,Fine no high winds,No,16 - 20,2,Urban area,2,1597,None,None,Other/Not known (2005-10),Not at or within 20 metres of junction,BMW,116I ES,Petrol,Male,None,No tow/articulation,Did not leave carriageway,0,U-turn,1,Car,No,Front,2010
201006G030293,C,0,B,6194,Slight,None,02-04-2010,Friday,1,Auto traffic signal,Crossroads,53.500532,Daylight,394890,400430,-2.07851,E01005935,1,2,0,5,Dry,Single carriageway,None,30,09:00:00,Urban,Fine no high winds,No,16 - 20,2,Data missing or out of range,NA,1242,Parked vehicle,None,Other/Not known (2005-10),Approaching junction or waiting/parked at junction approach,FORD,FIESTA ZETEC BLUE 75,Petrol,Male,None,No tow/articulation,Did not leave carriageway,0,Going ahead other,1,Car,No,Front,2010
201006J030035,C,0,Unclassified,0,Slight,None,10-04-2010,Saturday,1,Give way or uncontrolled,T or staggered junction,53.372084,Daylight,385360,386160,-2.221512,E01005846,1,2,0,0,Dry,Single carriageway,None,30,15:20:00,Urban,Fine no high winds,No,16 - 20,2,Urban area,9,1598,None,None,Other/Not known (2005-10),Approaching junction or waiting/parked at junction approach,VAUXHALL,ASTRA SXI,Petrol,Male,None,No tow/articulation,Did not leave carriageway,0,Waiting to turn right,2,Car,No,Back,2010
201006J033787,A,34,A,34,Slight,None,02-07-2010,Friday,1,Give way or uncontrolled,Roundabout,53.355402,Daylight,386740,384300,-2.200692,E01005793,1,2,0,0,Dry,Dual carriageway,None,40,11:55:00,Rural,Fine no high winds,No,16 - 20,2,Data missing or out of range,NA,1339,None,None,Journey as part of work,Entering roundabout,HONDA,CIVIC SE I-DSI,Petrol,Male,None,No tow/articulation,Did not leave carriageway,0,Going ahead other,1,Car,No,Front,2010
201006L036307,A,49,Unclassified,0,Slight,None,08-09-2010,Wednesday,1,Give way or uncontrolled,T or staggered junction,53.554369,Daylight,358500,406600,-2.627912,E01006370,2,2,0,4,Dry,Single carriageway,None,30,13:00:00,Urban,Fine no high winds,No,16 - 20,2,Urban area,4,1296,None,None,Journey as part of work,Cleared junction or waiting/parked at junction exit,TOYOTA,YARIS TR,Petrol,Male,None,No tow/articulation,Did not leave carriageway,0,Slowing or stopping,2,Car,No,Back,2010
201006N034017,A,58,Unclassified,0,Slight,None,13-07-2010,Tuesday,1,Give way or uncontrolled,T or staggered junction,53.578804,Daylight,375350,409200,-2.373778,E01005000,1,2,0,0,Wet or damp,Single carriageway,None,30,16:00:00,Urban,Fine no high winds,No,16 - 20,2,Urban area,3,1598,None,None,Commuting to/from work,Approaching junction or waiting/parked at junction approach,VAUXHALL,ASTRA SXI,Petrol,Male,None,No tow/articulation,Did not leave carriageway,0,Turning left,1,Car,No,Back,2010
201006P031734,A,58,Unclassified,0,Slight,None,15-05-2010,Saturday,1,Give way or uncontrolled,T or staggered junction,53.640005,Daylight,392540,415950,-2.114314,E01005598,1,2,0,0,Dry,Single carriageway,None,30,11:20:00,Urban,Fine no high winds,No,16 - 20,2,Urban area,6,998,None,None,Other/Not known (2005-10),Entering main road,PEUGEOT,107 URBAN,Petrol,Male,None,No tow/articulation,Did not leave carriageway,0,Turning right,1,Car,No,Front,2010
201006X037664,Motorway,60,NA,0,Slight,None,07-10-2010,Thursday,2,Data missing or out of range,Not at junction or within 20 metres,53.445783,Daylight,377510,394390,-2.340087,E01006200,1,2,0,0,Dry,Dual carriageway,None,70,17:30:00,Urban,Fine no high winds,No,16 - 20,2,Urban area,7,1364,None,None,Commuting to/from work,Not at or within 20 metres of junction,VAUXHALL,ASTRA SXI,Petrol,Male,None,No tow/articulation,Did not leave carriageway,0,Waiting to go - held up,1,Car,No,Back,2010
201011NG19290,C,5,Unclassified,0,Slight,None,09-08-2010,Monday,1,Give way or uncontrolled,T or staggered junction,54.877604,Daylight,425710,553720,-1.600829,E01020615,1,3,0,0,Dry,Single carriageway,None,30,16:55:00,Urban,Fine no high winds,No,16 - 20,2,Urban area,3,1242,None,None,Commuting to/from work,Approaching junction or waiting/parked at junction approach,FORD,FIESTA ZETEC BLUE 75,Petrol,Male,None,No tow/articulation,Did not leave carriageway,0,Waiting to go - held up,2,Car,No,Back,2010
201011NI19430,Unclassified,0,NA,0,Slight,None,15-08-2010,Sunday,1,Not at junction or within 20 metres,Not at junction or within 20 metres,54.83878,Daylight,411000,549340,-1.83025,E01020644,2,2,0,0,Dry,Single carriageway,None,60,14:30:00,Rural,Fine no high winds,No,16 - 20,2,Urban area,3,1399,None,None,Other/Not known (2005-10),Not at or within 20 metres of junction,FORD,FIESTA STYLE TDCI,Heavy oil,Male,None,No tow/articulation,Did not leave carriageway,0,Parked,2,Car,No,Back,2010
201011SJ04510,A,68,NA,,Slight,None,23-02-2010,Tuesday,1,Give way or uncontrolled,Private drive or entrance,54.530248,Daylight,427910,515080,-1.570229,E01012316,1,2,0,0,Wet or damp,Single carriageway,None,30,15:55:00,Urban,Fine no high winds,No,16 - 20,2,Urban area,6,125,None,None,Other/Not known (2005-10),Mid Junction - on roundabout or on main road,HONDA,CBR 125 RW-9,Petrol,Male,None,No tow/articulation,Did not leave carriageway,0,Going ahead other,2,Motorcycle 125cc and under,No,Front,2010
201011SK06120,B,6443,Unclassified,0,Slight,None,08-03-2010,Monday,1,Give way or uncontrolled,T or staggered junction,54.623211,Daylight,428780,525430,-1.555775,E01020833,1,4,0,0,Dry,Single carriageway,None,30,07:51:00,Urban,Fine no high winds,No,16 - 20,2,Rural,1,1364,None,None,Commuting to/from work,Cleared junction or waiting/parked at junction exit,VAUXHALL,CORSA CLUB,Petrol,Male,None,No tow/articulation,Did not leave carriageway,0,Waiting to go - held up,3,Car,No,Back,2010
201011SL19790,A,689,NA,0,Slight,Other object on road,21-08-2010,Saturday,1,Data missing or out of range,Not at junction or within 20 metres,54.651322,Daylight,429080,528560,-1.550819,E01020803,1,1,0,0,Dry,Single carriageway,Road sign or marking defective or obscured,60,17:05:00,Rural,Fine no high winds,No,16 - 20,2,Urban area,1,1242,Kerb,Tree,Other/Not known (2005-10),Not at or within 20 metres of junction,FORD,FIESTA ZETEC BLUE 75,Petrol,Male,Skidded,No tow/articulation,Offside,0,Going ahead other,1,Car,No,Front,2010
201014A113310,C,445,Unclassified,0,Slight,None,19-07-2010,Monday,1,Give way or uncontrolled,T or staggered junction,53.540659,Daylight,459890,405270,-1.097732,E01007652,1,2,0,0,Dry,Single carriageway,None,40,15:30:00,Urban,Fine no high winds,No,16 - 20,2,Urban area,4,49,None,None,Other/Not known (2005-10),Approaching junction or waiting/parked at junction approach,SYM,JET 50 - EURO X,Petrol,Male,None,No tow/articulation,Did not leave carriageway,0,Going ahead other,2,Motorcycle 50cc and under,No,Front,2010
201014A146710,A,6023,C,762,Slight,None,11-09-2010,Saturday,2,Give way or uncontrolled,T or staggered junction,53.480708,Daylight,451420,398500,-1.22664,E01007536,1,2,0,5,Dry,Single carriageway,None,30,11:55:00,Urban,Fine no high winds,No,16 - 20,2,Urban area,6,124,None,None,Other/Not known (2005-10),Approaching junction or waiting/parked at junction approach,YAMAHA,YBR 125,Petrol,Male,None,No tow/articulation,Did not leave carriageway,0,Going ahead other,2,Motorcycle 125cc and under,No,Did not impact,2010
201014B091310,A,633,NA,0,Slight,None,26-08-2010,Thursday,1,Not at junction or within 20 metres,Not at junction or within 20 metres,53.536738,Daylight,438340,404610,-1.42298,E01007319,2,2,0,0,Dry,Single carriageway,None,40,17:25:00,Urban,Fine no high winds,No,16 - 20,2,Data missing or out of range,2,1995,None,None,Other/Not known (2005-10),Not at or within 20 metres of junction,BMW,118D,Heavy oil,Male,Skidded,No tow/articulation,Offside,0,Overtaking moving vehicle - offside,2,Car,No,Front,2010
201014C079910,A,633,NA,0,Slight,None,05-07-2010,Monday,2,Not at junction or within 20 metres,Not at junction or within 20 metres,53.485039,Daylight,444300,398910,-1.333863,E01007818,1,2,0,0,Dry,Single carriageway,None,30,08:45:00,Urban,Fine no high winds,No,16 - 20,2,Small town,3,49,None,None,Other/Not known (2005-10),Not at or within 20 metres of junction,BAOTIAN,BT 49 QT-11D,Petrol,Male,None,No tow/articulation,Did not leave carriageway,0,Going ahead other,2,Motorcycle 50cc and under,No,Nearside,2010
201014K107810,C,428,NA,0,Slight,None,20-04-2010,Tuesday,1,Not at junction or within 20 metres,Not at junction or within 20 metres,53.424146,Daylight,436660,392070,-1.449788,E01008059,1,2,0,0,Dry,Single carriageway,None,30,08:40:00,Urban,Fine no high winds,No,16 - 20,2,Urban area,2,49,None,None,Commuting to/from work,Not at or within 20 metres of junction,APRILIA,SR 50 R,Petrol,Male,None,No tow/articulation,Did not leave carriageway,0,Going ahead other,2,Motorcycle 50cc and under,No,Nearside,2010
2010160A01761,Unclassified,0,Unclassified,0,Slight,None,13-06-2010,Sunday,1,Give way or uncontrolled,T or staggered junction,53.567851,Daylight,525350,409580,-0.108647,E01013231,1,2,0,0,Dry,Single carriageway,None,30,14:35:00,Urban,Fine no high winds,No,16 - 20,2,Urban area,2,125,None,None,Other/Not known (2005-10),Mid Junction - on roundabout or on main road,SKYGO,LF 125 GY-6,Petrol,Male,Skidded,No tow/articulation,Did not leave carriageway,0,Overtaking moving vehicle - offside,2,Motorcycle 125cc and under,No,Front,2010
2010160A02281,A,1098,Unclassified,0,Slight,None,21-07-2010,Wednesday,1,Auto traffic signal,T or staggered junction,53.540003,Daylight,529420,406590,-0.048464,E01013170,4,2,0,5,Dry,Single carriageway,None,40,20:00:00,Urban,Fine no high winds,No,16 - 20,2,Urban area,7,1299,None,None,Other/Not known (2005-10),Leaving main road,FORD,KA ZETEC CLIMATE,Petrol,Male,None,No tow/articulation,Did not leave carriageway,0,Turning right,1,Car,No,Front,2010
2010160B03931,A,1077,NA,0,Slight,None,16-10-2010,Saturday,1,Data missing or out of range,Not at junction or within 20 metres,53.631217,Daylight,491290,415850,-0.620937,E01013274,1,3,0,0,Dry,Single carriageway,None,60,11:45:00,Rural,Fine no high winds,No,16 - 20,2,Rural,7,1896,None,None,Journey as part of work,Not at or within 20 metres of junction,VOLKSWAGEN,CADDY C20 TDI 104,Heavy oil,Male,None,No tow/articulation,Did not leave carriageway,0,Slowing or stopping,3,Van / Goods 3.5 tonnes mgw or under,No,Front,2010
2010160C01301,B,1233,Unclassified,0,Slight,None,05-03-2010,Friday,1,Give way or uncontrolled,Mini-roundabout,53.779165,Daylight,504900,432600,-0.409534,E01012960,1,2,0,0,Dry,Roundabout,None,30,16:10:00,Urban,Fine no high winds,No,16 - 20,2,Rural,5,49,None,None,Other/Not known (2005-10),Leaving roundabout,PIAGGIO,NRG,Petrol,Male,None,No tow/articulation,Did not leave carriageway,0,Going ahead other,2,Motorcycle 50cc and under,No,Front,2010
2010160C02371,A,1105,Unclassified,0,Slight,None,08-05-2010,Saturday,1,Give way or uncontrolled,T or staggered junction,53.730593,Daylight,502920,427150,-0.441384,E01013011,1,2,0,0,Dry,Dual carriageway,None,40,09:30:00,Urban,Fine no high winds,No,16 - 20,2,Urban area,7,49,None,None,Other/Not known (2005-10),Approaching junction or waiting/parked at junction approach,PIAGGIO,NRG,Petrol,Male,None,No tow/articulation,Did not leave carriageway,0,Going ahead other,1,Motorcycle 50cc and under,No,Front,2010
2010160C06091,A,63,A,63,Slight,None,16-09-2010,Thursday,1,Give way or uncontrolled,Slip road,53.720008,Daylight,504190,426000,-0.422527,E01013008,1,2,0,0,Dry,Dual carriageway,None,70,08:30:00,Urban,Fine no high winds,No,16 - 20,2,Small town,9,49,None,None,Commuting to/from work,Cleared junction or waiting/parked at junction exit,PIAGGIO,NRG,Petrol,Male,None,No tow/articulation,Did not leave carriageway,0,Changing lane to right,1,Motorcycle 50cc and under,No,Front,2010
2010160D02901,Unclassified,0,Unclassified,0,Slight,None,21-06-2010,Monday,1,Give way or uncontrolled,T or staggered junction,53.786811,Daylight,510930,433590,-0.317709,E01012787,1,1,0,0,Dry,Single carriageway,None,30,13:15:00,Urban,Fine no high winds,No,16 - 20,2,Urban area,8,125,Any animal (except ridden horse),None,Other/Not known (2005-10),Cleared junction or waiting/parked at junction exit,APRILIA,RS 125 11 KW 06,Petrol,Male,None,No tow/articulation,Did not leave carriageway,0,Going ahead other,1,Motorcycle 125cc and under,No,Front,2010
2010160D04161,A,1033,Unclassified,0,Slight,None,16-08-2010,Monday,1,Give way or uncontrolled,Crossroads,53.778662,Daylight,509960,432660,-0.332757,E01012817,1,2,0,4,Dry,Single carriageway,None,40,16:07:00,Urban,Fine no high winds,No,16 - 20,2,Small town,5,123,None,None,Commuting to/from work,Mid Junction - on roundabout or on main road,PEUGEOT,,Petrol,Male,None,No tow/articulation,Did not leave carriageway,0,Overtaking static vehicle - offside,1,Motorcycle 125cc and under,No,Front,2010
2010160D04661,Unclassified,0,Unclassified,0,Slight,None,04-09-2010,Saturday,1,Give way or uncontrolled,Private drive or entrance,53.752939,Daylight,512200,429850,-0.2998,E01012899,1,2,0,0,Dry,Single carriageway,None,20,12:58:00,Urban,Fine no high winds,No,16 - 20,2,Urban area,1,2402,None,None,Other/Not known (2005-10),Entering main road,FORD,TRANSIT 100 T350L D/C RWD,Heavy oil,Male,None,No tow/articulation,Did not leave carriageway,0,Turning right,1,Van / Goods 3.5 tonnes mgw or under,No,Front,2010
2010160D04811,A,1079,Unclassified,0,Slight,None,14-09-2010,Tuesday,1,Give way or uncontrolled,T or staggered junction,53.751724,Daylight,509030,429640,-0.34793,E01012851,2,1,0,4,Dry,Single carriageway,None,30,17:08:00,Urban,Fine no high winds,No,16 - 20,2,Urban area,2,124,None,None,Other/Not known (2005-10),Cleared junction or waiting/parked at junction exit,HONDA,CG 125-7,Petrol,Male,None,No tow/articulation,Did not leave carriageway,2,Going ahead other,1,Motorcycle 125cc and under,No,Front,2010
2010160D05361,Unclassified,0,NA,0,Slight,None,17-08-2010,Tuesday,2,Data missing or out of range,Not at junction or within 20 metres,53.775657,Daylight,514730,432440,-0.260487,E01012833,1,2,0,0,Dry,Single carriageway,None,30,17:20:00,Urban,Fine no high winds,No,16 - 20,2,Urban area,1,49,None,None,Other/Not known (2005-10),Not at or within 20 metres of junction,CPI,FORMULA R 50,Petrol,Male,None,No tow/articulation,Did not leave carriageway,0,Going ahead right-hand bend,1,Motorcycle 50cc and under,No,Front,2010
2010170H10350,B,1277,Unclassified,0,Slight,None,27-02-2010,Saturday,1,Give way or uncontrolled,T or staggered junction,54.678829,Daylight,450620,531810,-1.216447,E01011951,1,2,0,0,Dry,Single carriageway,None,30,13:10:00,Urban,Fine no high winds,No,16 - 20,2,Urban area,6,1242,None,None,Other/Not known (2005-10),Cleared junction or waiting/parked at junction exit,FORD,FIESTA ZETEC BLUE,Petrol,Male,None,No tow/articulation,Did not leave carriageway,0,Going ahead other,2,Car,No,Front,2010
2010170H11430,C,160,Unclassified,0,Slight,None,26-10-2010,Tuesday,1,Give way or uncontrolled,T or staggered junction,54.679932,Daylight,449470,531920,-1.234262,E01011983,1,2,0,0,Dry,Single carriageway,None,30,16:35:00,Rural,Fine no high winds,No,16 - 20,2,Urban area,3,124,None,None,Other/Not known (2005-10),Mid Junction - on roundabout or on main road,HAOTIAN,,Petrol,Male,None,No tow/articulation,Did not leave carriageway,0,Turning left,1,Motorcycle 125cc and under,No,Offside,2010
2010170L20370,A,1085,NA,0,Slight,None,22-02-2010,Monday,1,Data missing or out of range,Not at junction or within 20 metres,54.570641,Daylight,454060,519810,-1.165313,E01012166,2,2,0,0,Dry,Single carriageway,None,40,16:57:00,Urban,Fine no high winds,No,16 - 20,2,Urban area,1,1598,None,None,Other/Not known (2005-10),Not at or within 20 metres of junction,VAUXHALL,ASTRA SXI,Petrol,Male,None,No tow/articulation,Did not leave carriageway,0,Going ahead other,1,Car,No,Front,2010
2010170M10930,C,123,Unclassified,0,Slight,None,06-05-2010,Thursday,1,Auto traffic signal,T or staggered junction,54.562968,Daylight,449110,518900,-1.242023,E01012078,1,2,0,5,Dry,Single carriageway,None,30,18:00:00,Urban,Fine no high winds,No,16 - 20,2,Urban area,8,124,None,None,Other/Not known (2005-10),Approaching junction or waiting/parked at junction approach,YAMAHA,YZF R125,Petrol,Male,None,No tow/articulation,Did not leave carriageway,0,Going ahead other,2,Motorcycle 125cc and under,No,Front,2010
2010170M20850,A,1085,A,171,Slight,None,07-04-2010,Wednesday,1,Auto traffic signal,Crossroads,54.568802,Daylight,451880,519580,-1.19907,E01012076,2,4,0,5,Dry,Dual carriageway,None,40,16:35:00,Urban,Fine no high winds,No,16 - 20,2,Data missing or out of range,NA,1997,None,None,Other/Not known (2005-10),Approaching junction or waiting/parked at junction approach,NISSAN,QASHQAI ACENTA 2WD,Petrol,Male,None,No tow/articulation,Did not leave carriageway,0,Going ahead other,4,Car,No,Front,2010
2010170S30860,Unclassified,0,Unclassified,0,Slight,None,13-04-2010,Tuesday,1,Give way or uncontrolled,T or staggered junction,54.54293,Daylight,446220,516640,-1.287067,E01012241,3,2,0,0,Dry,Single carriageway,None,30,18:48:00,Urban,Fine no high winds,No,16 - 20,2,Urban area,4,1248,None,None,Journey as part of work,Mid Junction - on roundabout or on main road,VAUXHALL,COMBO CREW 2000 CDTI,Heavy oil,Male,None,No tow/articulation,Did not leave carriageway,0,U-turn,1,Van / Goods 3.5 tonnes mgw or under,No,Offside,2010