Accident_Index,1st_Road_Class,1st_Road_Number,2nd_Road_Class,2nd_Road_Number,Accident_Severity,Carriageway_Hazards,Date,Day_of_Week,Did_Police_Officer_Attend_Scene_of_Accident,Junction_Control,Junction_Detail,Latitude,Light_Conditions,Location_Easting_OSGR,Location_Northing_OSGR,Longitude,LSOA_of_Accident_Location,Number_of_Casualties,Number_of_Vehicles,Pedestrian_Crossing-Human_Control,Pedestrian_Crossing-Physical_Facilities,Road_Surface_Conditions,Road_Type,Special_Conditions_at_Site,Speed_limit,Time,Urban_or_Rural_Area,Weather_Conditions,InScotland,Age_Band_of_Driver,Age_of_Vehicle,Driver_Home_Area_Type,Driver_IMD_Decile,Engine_Capacity_.CC.,Hit_Object_in_Carriageway,Hit_Object_off_Carriageway,Journey_Purpose_of_Driver,Junction_Location,make,model,Propulsion_Code,Sex_of_Driver,Skidding_and_Overturning,Towing_and_Articulation,Vehicle_Leaving_Carriageway,Vehicle_Location.Restricted_Lane,Vehicle_Manoeuvre,Vehicle_Reference,Vehicle_Type,Was_Vehicle_Left_Hand_Drive,X1st_Point_of_Impact,Year
201042I343310,Motorway,25,NA,0,Slight,None,09-05-2019,Monday,1,Not at junction or within 20 metres,Not at junction or within 20 metres,8.876203516,Daylight,545400,200730,76.6188081,E01021804,2,5,0,0,Dry,Dual carriageway,None,70,06:50:00,Rural,Fine no high winds,No,16 - 20,2,Data missing or out of range,NA,1997,None,None,Journey as part of work,Not at or within 20 metres of junction,FORD,FOCUS TITANIUM TD 136,Heavy oil,Female,None,No tow/articulation,Did not leave carriageway,0,Going ahead other,1,Car,No,Back,2020
20104100A0397,A,414,NA,0,Slight,None,11-06-2020,Friday,2,Not at junction or within 20 metres,Not at junction or within 20 metres,8.881125286,Daylight,532460,212340,76.68271098,E01023478,1,2,0,4,Dry,Dual carriageway,Roadworks,40,21:00:00,Urban,Fine no high winds,No,16 - 20,2,Urban area,7,1360,None,None,Other/Not known (2005-10),Not at or within 20 metres of junction,CITROEN,C2 FURIO,Petrol,Female,None,No tow/articulation,Did not leave carriageway,0,Waiting to go - held up,2,Car,No,Back,2020
201042I027102,Unclassified,0,Unclassified,0,Slight,None,11-07-2020,Monday,1,Give way or uncontrolled,T or staggered junction,22.76677706,Daylight,572130,209440,75.85310283,E01021617,1,2,0,0,Dry,Single carriageway,None,30,14:20:00,Urban,Fine no high winds,No,16 - 20,2,Urban area,10,1299,None,None,Journey as part of work,Entering main road,FORD,KA ZETEC CLIMATE,Petrol,Female,None,No tow/articulation,Did not leave carriageway,0,Turning right,1,Car,No,Nearside,2020
20104100B0129,C,143,Unclassified,44,Slight,None,14-09-2020,Thursday,1,Give way or uncontrolled,T or staggered junction,22.72732019,Daylight,519890,210210,75.83937707,E01023928,2,2,0,0,Wet or damp,Single carriageway,None,60,20:52:00,Rural,Fine no high winds,No,16 - 20,2,Urban area,3,1598,None,None,Other/Not known (2005-10),Mid Junction - on roundabout or on main road,VAUXHALL,ASTRA SXI,Petrol,Female,None,No tow/articulation,Did not leave carriageway,0,Going ahead other,2,Car,No,Nearside,2020
201043N118060,Unclassified,16,NA,0,Slight,None,06-08-2020,Thursday,1,Data missing or out of range,Not at junction or within 20 metres,22.71244424,Daylight,488360,198440,75.85761473,E01017785,1,1,0,0,Dry,Single carriageway,None,30,16:02:00,Urban,Fine no high winds,No,16 - 20,2,Urban area,10,1368,None,None,Pupil riding to/from school,Not at or within 20 metres of junction,FIAT,500 LOUNGE RHD,Petrol,Female,None,No tow/articulation,Did not leave carriageway,0,Going ahead other,1,Car,No,Offside,2020
201045RU56089,B,3407,NA,,Slight,None,08-11-2019,Tuesday,2,Give way or uncontrolled,Private drive or entrance,26.46028099,Daylight,501170,171260,74.64904822,E01030668,1,2,0,0,Dry,Single carriageway,None,30,15:40:00,Urban,Fine no high winds,No,16 - 20,2,Urban area,9,1229,None,None,Other/Not known (2005-10),Mid Junction - on roundabout or on main road,VAUXHALL,CORSA BREEZE,Petrol,Female,None,No tow/articulation,Did not leave carriageway,0,Going ahead other,2,Car,No,Nearside,2020
201043S012050,B,4034,C,150,Slight,None,05-01-2019,Monday,1,Give way or uncontrolled,Roundabout,26.46072637,Daylight,487530,234680,74.5859572,E01016712,3,3,0,0,Wet or damp,Roundabout,None,60,11:10:00,Rural,Fine no high winds,No,16 - 20,2,Small town,9,1248,None,None,Other/Not known (2005-10),Leaving roundabout,VAUXHALL,CORSA CLUB A/C CDTI,Heavy oil,Female,None,No tow/articulation,Did not leave carriageway,0,Going ahead other,3,Car,No,Back,2020
201054DC28610,A,4259,Unclassified,0,Slight,None,25-03-2020,Wednesday,1,Give way or uncontrolled,Mini-roundabout,26.44728845,Daylight,415910,184880,80.3074459,E01015493,1,2,0,4,Dry,Roundabout,None,30,15:10:00,Urban,Fine no high winds,No,16 - 20,2,Urban area,8,1248,None,None,Other/Not known (2005-10),Mid Junction - on roundabout or on main road,VAUXHALL,CORSA CLUB A/C CDTI,Heavy oil,Female,None,No tow/articulation,Did not leave carriageway,0,Turning right,2,Car,No,Nearside,2020
201045GU48219,Unclassified,52,NA,0,Slight,None,20-02-2019,Tuesday,1,Data missing or out of range,Not at junction or within 20 metres,28.65505788,Daylight,499170,153730,77.23266278,E01030501,1,1,0,0,Dry,Single carriageway,None,60,11:10:00,Rural,Fine no high winds,No,16 - 20,2,Urban area,9,1364,None,Tree,Other/Not known (2005-10),Not at or within 20 metres of junction,VAUXHALL,CORSA DESIGN AUTO,Petrol,Female,None,No tow/articulation,Offside,0,Going ahead other,1,Car,No,Front,2020
201043R049070,Unclassified,7408,Unclassified,7408,Slight,None,09-08-2020,Monday,1,Give way or uncontrolled,T or staggered junction,28.5484747,Daylight,489010,181000,77.07802946,E01016590,1,2,0,0,Dry,Single carriageway,None,30,18:23:00,Urban,Fine no high winds,No,16 - 20,2,Urban area,10,49,None,None,Commuting to/from work,Approaching junction or waiting/parked at junction approach,PEUGEOT,SPEEDFIGHT,Petrol,Female,Skidded,No tow/articulation,Did not leave carriageway,0,Turning left,1,Motorcycle 50cc and under,No,Front,2020
201042I258408,Motorway,11,NA,0,Slight,None,22-07-2019,Friday,1,Not at junction or within 20 metres,Not at junction or within 20 metres,28.66575626,Daylight,550800,235210,77.29696833,E01022073,1,4,0,0,Wet or damp,Dual carriageway,None,70,14:10:00,Rural,Fine no high winds,No,16 - 20,2,Urban area,3,2204,None,None,Other/Not known (2005-10),Not at or within 20 metres of junction,HONDA,CR-V EX I-CDTI,Heavy oil,Female,Skidded,No tow/articulation,Did not leave carriageway,0,Going ahead other,3,Car,No,Front,2020
20104100J0515,A,111,A,111,Slight,None,27-01-2020,Friday,1,Give way or uncontrolled,Roundabout,28.60695374,Daylight,526600,200100,77.16787679,E01023575,1,3,0,0,Dry,Roundabout,None,60,08:34:00,Rural,Fine no high winds,No,16 - 20,2,Urban area,2,1242,Kerb,None,Commuting to/from work,Mid Junction - on roundabout or on main road,FORD,FIESTA STYLE CLIMATE,Petrol,Female,None,No tow/articulation,Did not leave carriageway,0,Going ahead right-hand bend,2,Car,No,Front,2020
201050JN2L011,Unclassified,0,NA,0,Slight,None,06-12-2019,Saturday,2,Not at junction or within 20 metres,Not at junction or within 20 metres,28.67326333,Daylight,287310,70600,77.3481822,E01020214,1,2,0,0,Wet or damp,Single carriageway,None,30,09:35:00,Urban,Fine no high winds,No,16 - 20,2,Urban area,6,1198,None,None,Other/Not known (2005-10),Not at or within 20 metres of junction,SEAT,IBIZA S A/C,Petrol,Female,None,No tow/articulation,Did not leave carriageway,0,Slowing or stopping,2,Car,No,Front,2021
201042I307409,A,131,NA,0,Slight,None,19-04-2020,Wednesday,1,Not at junction or within 20 metres,Not at junction or within 20 metres,18.63117308,Daylight,579900,228490,73.8309282,E01021382,1,4,0,0,Dry,Single carriageway,None,60,06:45:00,Rural,Fine no high winds,No,16 - 20,2,Urban area,3,1598,None,None,Commuting to/from work,Not at or within 20 metres of junction,RENAULT,CLIO EXPRESSION AUTO,Petrol,Female,None,No tow/articulation,Did not leave carriageway,0,Slowing or stopping,2,Car,No,Back,2021
201042I313809,B,1010,NA,0,Slight,None,05-06-2019,Sunday,1,Not at junction or within 20 metres,Not at junction or within 20 metres,18.60820716,Daylight,588140,198580,73.8602926,E01021875,1,1,0,0,Dry,Single carriageway,None,60,12:59:00,Rural,Fine no high winds,No,16 - 20,2,Small town,9,1398,None,Tree,Other/Not known (2005-10),Not at or within 20 metres of junction,CITROEN,C2 VTR HDI,Heavy oil,Female,Skidded,No tow/articulation,Offside,0,Going ahead other,1,Car,No,Front,2021
20105500D0916,C,906,Unclassified,0,Slight,None,01-04-2021,Tuesday,1,Give way or uncontrolled,T or staggered junction,18.57751109,Daylight,366670,81320,73.83058799,E01020580,1,3,0,0,Dry,Single carriageway,None,30,09:10:00,Rural,Fine no high winds,No,16 - 20,2,Urban area,3,49,None,None,Other/Not known (2005-10),Approaching junction or waiting/parked at junction approach,PIAGGIO,ZIP,Petrol,Female,None,No tow/articulation,Did not leave carriageway,0,Going ahead left-hand bend,1,Motorcycle 50cc and under,No,Offside,2021
201043S057040,B,4034,C,146,Slight,None,03-08-2019,Friday,1,Give way or uncontrolled,Roundabout,19.20016905,Daylight,486190,238910,72.9014058,E01016768,1,2,0,0,Dry,Roundabout,None,70,17:15:00,Rural,Fine no high winds,No,16 - 20,2,Small town,7,1242,None,None,Other/Not known (2005-10),Mid Junction - on roundabout or on main road,FORD,FIESTA STYLE PLUS 80,Petrol,Female,None,No tow/articulation,Did not leave carriageway,0,Going ahead other,2,Car,No,Back,2021
201042I365611,A,130,NA,0,Slight,None,14-04-2019,Monday,1,Not at junction or within 20 metres,Not at junction or within 20 metres,29.30674804,Daylight,577570,183500,69.29228956,E01021503,4,3,0,0,Dry,Single carriageway,None,30,08:30:00,Urban,Fine no high winds,No,16 - 20,2,Urban area,6,1242,None,None,Commuting to/from work,Not at or within 20 metres of junction,FORD,FIESTA ZETEC BLUE 75,Petrol,Female,None,No tow/articulation,Did not leave carriageway,0,Going ahead other,3,Car,No,Front,2021
201043W172070,B,3345,NA,0,Slight,None,01-11-2019,Wednesday,1,Data missing or out of range,Not at junction or within 20 metres,27.09741473,Daylight,471800,174070,93.61916265,E01016365,1,1,0,0,Dry,Single carriageway,None,30,14:29:00,Rural,Fine no high winds,No,16 - 20,2,Urban area,9,1229,None,None,Other/Not known (2005-10),Not at or within 20 metres of junction,VAUXHALL,CORSA CLUB A/C,Petrol,Female,None,No tow/articulation,Did not leave carriageway,0,Going ahead other,1,Car,No,Front,2019
201042I169705,A,130,Unclassified,0,Slight,None,25-07-2020,Sunday,1,Give way or uncontrolled,Mini-roundabout,27.10214535,Daylight,579790,183340,93.62779975,E01021484,1,2,0,0,Dry,Roundabout,None,30,13:45:00,Urban,Fine no high winds,No,16 - 20,2,Urban area,3,1910,None,None,Other/Not known (2005-10),Entering roundabout,FIAT,BRAVO DYNAMIC M-JET 120,Heavy oil,Female,None,No tow/articulation,Did not leave carriageway,0,Going ahead other,1,Car,No,Front,2019
201043S047120,B,4034,C,156,Slight,None,12-10-2021,Wednesday,1,Give way or uncontrolled,Roundabout,26.73904554,Daylight,487440,234770,94.17477431,E01016712,1,2,0,0,Dry,Roundabout,None,70,15:32:00,Rural,Fine no high winds,No,16 - 20,2,Small town,10,1248,None,None,Other/Not known (2005-10),Entering roundabout,VAUXHALL,CORSA DESIGN CDTI,Heavy oil,Female,None,No tow/articulation,Did not leave carriageway,0,Waiting to go - held up,2,Car,No,Back,2019
201054ER19510,A,303,NA,0,Slight,None,05-09-2021,Saturday,1,Not at junction or within 20 metres,Not at junction or within 20 metres,26.72194719,Daylight,398720,136170,94.18433817,E01032076,1,2,0,0,Dry,Single carriageway,None,60,16:27:00,Rural,Fine no high winds,No,16 - 20,2,Small town,7,1399,None,None,Other/Not known (2005-10),Not at or within 20 metres of junction,FORD,FIESTA ZETEC CLIMATE TDCI,Heavy oil,Female,None,No tow/articulation,Did not leave carriageway,0,Going ahead other,1,Car,No,Front,2019
201001GD10434,C,0,C,0,Slight,None,09-07-2010,Friday,1,Give way or uncontrolled,T or staggered junction,51.550097,Daylight,534360,185250,-0.063551,E01001759,1,3,0,0,Dry,Single carriageway,None,30,11:16:00,Urban,Fine no high winds,No,16 - 20,2,Urban area,2,1388,None,None,Other/Not known (2005-10),Approaching junction or waiting/parked at junction approach,FORD,FIESTA ZETEC BLUE 80,Petrol,Female,None,No tow/articulation,Did not leave carriageway,0,Going ahead other,2,Car,No,Front,2010
201001HT20378,B,123,A,1206,Slight,None,12-06-2010,Saturday,1,Auto traffic signal,T or staggered junction,51.509449,Daylight,537100,180800,-0.025788,E01004277,1,2,0,5,Dry,Dual carriageway,None,40,06:25:00,Urban,Fine no high winds,No,16 - 20,2,Data missing or out of range,NA,1397,None,None,Other/Not known (2005-10),Approaching junction or waiting/parked at junction approach,MINI,ONE,Petrol,Female,None,No tow/articulation,Did not leave carriageway,0,Going ahead other,1,Car,No,Offside,2010
201001JI40263,A,118,A,406,Slight,None,02-05-2010,Sunday,2,Auto traffic signal,Crossroads,51.556268,Daylight,543250,186180,0.064959,E01003576,2,2,0,5,Dry,Single carriageway,None,30,19:00:00,Urban,Fine no high winds,No,16 - 20,2,Urban area,10,1596,None,None,Other/Not known (2005-10),Approaching junction or waiting/parked at junction approach,VOLKSWAGEN,BEETLE LUNA 102PS,Petrol,Female,None,No tow/articulation,Did not leave carriageway,0,Waiting to go - held up,1,Car,No,Back,2010
201001KD50246,A,12,C,0,Slight,None,14-05-2010,Friday,1,Give way or uncontrolled,Roundabout,51.592876,Daylight,553360,190550,0.212589,E01002311,1,2,0,0,Dry,Roundabout,None,30,13:30:00,Urban,Fine no high winds,No,16 - 20,2,Data missing or out of range,NA,1399,None,None,Other/Not known (2005-10),Mid Junction - on roundabout or on main road,FORD,FIESTA ZETEC CLIMATE TDCI,Heavy oil,Female,None,No tow/articulation,Did not leave carriageway,0,Going ahead other,1,Car,No,Offside,2010
201001KD50284,A,118,C,0,Slight,None,30-05-2010,Sunday,1,Give way or uncontrolled,T or staggered junction,51.582445,Daylight,551730,189340,0.188553,E01002354,1,2,0,1,Dry,Single carriageway,None,30,16:01:00,Urban,Fine no high winds,No,16 - 20,2,Urban area,5,998,None,None,Other/Not known (2005-10),Cleared junction or waiting/parked at junction exit,PEUGEOT,107 URBAN MOVE,Petrol,Female,None,No tow/articulation,Did not leave carriageway,0,Slowing or stopping,1,Car,No,Back,2010
201001PY20526,Unclassified,0,Unclassified,0,Slight,None,02-09-2010,Thursday,1,Give way or uncontrolled,T or staggered junction,51.413796,Daylight,539470,170220,0.00417,E01000672,1,2,0,0,Dry,Single carriageway,None,30,09:55:00,Urban,Fine no high winds,No,16 - 20,2,Urban area,6,1198,None,None,Other/Not known (2005-10),Mid Junction - on roundabout or on main road,VOLKSWAGEN,POLO E 70,Petrol,Female,None,No tow/articulation,Did not leave carriageway,0,Turning left,1,Car,No,Front,2010
201001RY10203,C,0,A,220,Slight,None,12-05-2010,Wednesday,1,Auto traffic signal,Crossroads,51.45693,Daylight,549340,175300,0.148138,E01000362,1,2,0,5,Dry,Single carriageway,None,30,11:00:00,Urban,Fine no high winds,No,16 - 20,2,Urban area,2,1248,None,None,Journey as part of work,Approaching junction or waiting/parked at junction approach,VAUXHALL,COMBO 1700 CDTI,Heavy oil,Female,None,No tow/articulation,Did not leave carriageway,0,Moving off,1,Van / Goods 3.5 tonnes mgw or under,No,Front,2010
201037G029893,Unclassified,9999,Unclassified,9999,Slight,None,24-08-2010,Tuesday,1,Give way or uncontrolled,T or staggered junction,52.058463,Daylight,623140,245010,1.253586,E01030182,1,3,0,0,Dry,Single carriageway,None,30,15:30:00,Rural,Fine no high winds,No,16 - 20,2,Urban area,10,1149,Parked vehicle,None,Commuting to/from work,Mid Junction - on roundabout or on main road,RENAULT,CLIO FREEWAY 16V 75,Petrol,Female,None,No tow/articulation,Did not leave carriageway,0,Turning right,1,Car,No,Offside,2010
201037G029913,A,12,B,1070,Slight,None,27-08-2010,Friday,1,Give way or uncontrolled,T or staggered junction,51.986843,Daylight,606620,236320,1.007736,E01029883,1,2,0,0,Dry,Dual carriageway,None,70,16:50:00,Rural,Fine no high winds,No,16 - 20,2,Rural,7,1364,None,Central crash barrier,Other/Not known (2005-10),Approaching junction or waiting/parked at junction approach,VAUXHALL,CORSA DESIGN AUTO,Petrol,Female,None,No tow/articulation,Offside on to centrl res + rebounded,0,Going ahead other,2,Car,No,Front,2010
201037L018748,Unclassified,4123,NA,0,Slight,None,05-12-2010,Sunday,1,Data missing or out of range,Not at junction or within 20 metres,52.48586,Daylight,654790,294170,1.75138,E01030246,2,2,0,0,Dry,Single carriageway,None,30,13:45:00,Urban,Fine no high winds,No,16 - 20,2,Urban area,5,50,None,None,Other/Not known (2005-10),Not at or within 20 metres of junction,PEUGEOT,V CLIC 50,Petrol,Female,None,No tow/articulation,Did not leave carriageway,0,Going ahead other,1,Motorcycle 50cc and under,No,Nearside,2010
2010400C01894,A,5228,Unclassified,0,Slight,None,24-06-2010,Thursday,1,Give way or uncontrolled,Other junction,51.893127,Daylight,509560,222820,-0.409266,E01015778,2,3,0,0,Dry,Single carriageway,None,30,18:45:00,Urban,Fine no high winds,No,16 - 20,2,Urban area,7,1248,None,None,Other/Not known (2005-10),Approaching junction or waiting/parked at junction approach,VAUXHALL,CORSA BREEZE CDTI,Heavy oil,Female,None,No tow/articulation,Did not leave carriageway,0,Slowing or stopping,3,Car,No,Back,2010
2010400C03355,A,5528,Unclassified,0,Slight,None,10-11-2010,Wednesday,1,Give way or uncontrolled,T or staggered junction,51.894649,Daylight,510050,223000,-0.402091,E01015775,7,4,0,0,Dry,Single carriageway,None,30,13:46:00,Urban,Fine no high winds,No,16 - 20,2,Urban area,8,998,None,None,Other/Not known (2005-10),Approaching junction or waiting/parked at junction approach,TOYOTA,AYGO BLUE VVT-I,Petrol,Female,None,No tow/articulation,Did not leave carriageway,0,Going ahead other,1,Car,No,Front,2010
20104100A0196,A,10,NA,0,Slight,None,28-03-2010,Sunday,2,Not at junction or within 20 metres,Not at junction or within 20 metres,51.776924,Daylight,536530,210550,-0.022396,E01023481,1,2,0,0,Dry,Dual carriageway,None,70,16:10:00,Rural,Fine no high winds,No,16 - 20,2,Data missing or out of range,NA,1397,None,None,Other/Not known (2005-10),Not at or within 20 metres of junction,MINI,ONE,Petrol,Female,None,No tow/articulation,Did not leave carriageway,0,Overtaking - nearside,1,Car,No,Offside,2010
20104100A0397,A,414,NA,0,Slight,None,09-07-2010,Friday,2,Not at junction or within 20 metres,Not at junction or within 20 metres,51.793986,Daylight,532460,212340,-0.080672,E01023478,1,2,0,4,Dry,Dual carriageway,Roadworks,40,21:00:00,Urban,Fine no high winds,No,16 - 20,2,Urban area,7,1360,None,None,Other/Not known (2005-10),Not at or within 20 metres of junction,CITROEN,C2 FURIO,Petrol,Female,None,No tow/articulation,Did not leave carriageway,0,Waiting to go - held up,2,Car,No,Back,2010
20104100B0129,C,143,Unclassified,44,Slight,None,25-02-2010,Thursday,1,Give way or uncontrolled,T or staggered junction,51.777677,Daylight,519890,210210,-0.263585,E01023928,2,2,0,0,Wet or damp,Single carriageway,None,60,20:52:00,Rural,Fine no high winds,No,16 - 20,2,Urban area,3,1598,None,None,Other/Not known (2005-10),Mid Junction - on roundabout or on main road,VAUXHALL,ASTRA SXI,Petrol,Female,None,No tow/articulation,Did not leave carriageway,0,Going ahead other,2,Car,No,Nearside,2010
20104100J0515,A,111,A,111,Slight,None,17-09-2010,Friday,1,Give way or uncontrolled,Roundabout,51.685345,Daylight,526600,200100,-0.170048,E01023575,1,3,0,0,Dry,Roundabout,None,60,08:34:00,Rural,Fine no high winds,No,16 - 20,2,Urban area,2,1242,Kerb,None,Commuting to/from work,Mid Junction - on roundabout or on main road,FORD,FIESTA STYLE CLIMATE,Petrol,Female,None,No tow/articulation,Did not leave carriageway,0,Going ahead right-hand bend,2,Car,No,Front,2010
20104100T2023,A(M),1,NA,0,Slight,None,13-03-2010,Saturday,1,Not at junction or within 20 metres,Not at junction or within 20 metres,51.9166,Daylight,522030,225720,-0.227112,E01023797,1,1,0,0,Dry,Dual carriageway,None,70,17:50:00,Rural,Fine no high winds,No,16 - 20,2,Urban area,7,1242,None,Central crash barrier,Other/Not known (2005-10),Not at or within 20 metres of junction,FORD,FIESTA ZETEC BLUE 75,Petrol,Female,Skidded,No tow/articulation,Offside on to centrl res + rebounded,0,Going ahead other,1,Car,No,Offside,2010
201042I027102,Unclassified,0,Unclassified,0,Slight,None,01-02-2010,Monday,1,Give way or uncontrolled,T or staggered junction,51.757145,Daylight,572130,209440,0.492608,E01021617,1,2,0,0,Dry,Single carriageway,None,30,14:20:00,Urban,Fine no high winds,No,16 - 20,2,Urban area,10,1299,None,None,Journey as part of work,Entering main road,FORD,KA ZETEC CLIMATE,Petrol,Female,None,No tow/articulation,Did not leave carriageway,0,Turning right,1,Car,No,Nearside,2010
201042I130004,B,1026,NA,0,Slight,None,23-04-2010,Friday,1,Not at junction or within 20 metres,Not at junction or within 20 metres,51.864329,Daylight,597820,222320,0.871712,E01021714,2,2,0,0,Dry,Single carriageway,None,30,14:15:00,Urban,Fine no high winds,No,16 - 20,2,Small town,10,1390,None,None,Other/Not known (2005-10),Not at or within 20 metres of junction,VOLKSWAGEN,POLO MATCH 80,Petrol,Female,None,No tow/articulation,Did not leave carriageway,0,Going ahead other,1,Car,No,Back,2010
201042I169705,A,130,Unclassified,0,Slight,None,30-05-2010,Sunday,1,Give way or uncontrolled,Mini-roundabout,51.520305,Daylight,579790,183340,0.590076,E01021484,1,2,0,0,Dry,Roundabout,None,30,13:45:00,Urban,Fine no high winds,No,16 - 20,2,Urban area,3,1910,None,None,Other/Not known (2005-10),Entering roundabout,FIAT,BRAVO DYNAMIC M-JET 120,Heavy oil,Female,None,No tow/articulation,Did not leave carriageway,0,Going ahead other,1,Car,No,Front,2010
201042I258408,Motorway,11,NA,0,Slight,None,13-08-2010,Friday,1,Not at junction or within 20 metres,Not at junction or within 20 metres,51.994821,Daylight,550800,235210,0.195064,E01022073,1,4,0,0,Wet or damp,Dual carriageway,None,70,14:10:00,Rural,Fine no high winds,No,16 - 20,2,Urban area,3,2204,None,None,Other/Not known (2005-10),Not at or within 20 metres of junction,HONDA,CR-V EX I-CDTI,Heavy oil,Female,Skidded,No tow/articulation,Did not leave carriageway,0,Going ahead other,3,Car,No,Front,2010
201042I307409,A,131,NA,0,Slight,None,22-09-2010,Wednesday,1,Not at junction or within 20 metres,Not at junction or within 20 metres,51.925808,Daylight,579900,228490,0.614966,E01021382,1,4,0,0,Dry,Single carriageway,None,60,06:45:00,Rural,Fine no high winds,No,16 - 20,2,Urban area,3,1598,None,None,Commuting to/from work,Not at or within 20 metres of junction,RENAULT,CLIO EXPRESSION AUTO,Petrol,Female,None,No tow/articulation,Did not leave carriageway,0,Slowing or stopping,2,Car,No,Back,2010
201042I313809,B,1010,NA,0,Slight,None,26-09-2010,Sunday,1,Not at junction or within 20 metres,Not at junction or within 20 metres,51.654464,Daylight,588140,198580,0.718453,E01021875,1,1,0,0,Dry,Single carriageway,None,60,12:59:00,Rural,Fine no high winds,No,16 - 20,2,Small town,9,1398,None,Tree,Other/Not known (2005-10),Not at or within 20 metres of junction,CITROEN,C2 VTR HDI,Heavy oil,Female,Skidded,No tow/articulation,Offside,0,Going ahead other,1,Car,No,Front,2010
201042I343310,Motorway,25,NA,0,Slight,None,11-10-2010,Monday,1,Not at junction or within 20 metres,Not at junction or within 20 metres,51.686456,Daylight,545400,200730,0.101985,E01021804,2,5,0,0,Dry,Dual carriageway,None,70,06:50:00,Rural,Fine no high winds,No,16 - 20,2,Data missing or out of range,NA,1997,None,None,Journey as part of work,Not at or within 20 metres of junction,FORD,FOCUS TITANIUM TD 136,Heavy oil,Female,None,No tow/articulation,Did not leave carriageway,0,Going ahead other,1,Car,No,Back,2010
201042I365611,A,130,NA,0,Slight,None,01-11-2010,Monday,1,Not at junction or within 20 metres,Not at junction or within 20 metres,51.522444,Daylight,577570,183500,0.558192,E01021503,4,3,0,0,Dry,Single carriageway,None,30,08:30:00,Urban,Fine no high winds,No,16 - 20,2,Urban area,6,1242,None,None,Commuting to/from work,Not at or within 20 metres of junction,FORD,FIESTA ZETEC BLUE 75,Petrol,Female,None,No tow/articulation,Did not leave carriageway,0,Going ahead other,3,Car,No,Front,2010
201043N030040,Unclassified,157,NA,0,Slight,None,04-04-2010,Sunday,1,Data missing or out of range,Not at junction or within 20 metres,51.77815,Daylight,486600,209580,-0.746139,E01017630,1,1,0,0,Dry,Single carriageway,None,30,12:56:00,Rural,Fine no high winds,No,16 - 20,2,Urban area,10,1149,None,Entered ditch,Other/Not known (2005-10),Not at or within 20 metres of junction,RENAULT,CLIO EXTREME,Petrol,Female,None,No tow/articulation,Nearside,0,Going ahead other,1,Car,No,Front,2010
201043N118060,Unclassified,16,NA,0,Slight,None,17-06-2010,Thursday,1,Data missing or out of range,Not at junction or within 20 metres,51.677737,Daylight,488360,198440,-0.723459,E01017785,1,1,0,0,Dry,Single carriageway,None,30,16:02:00,Urban,Fine no high winds,No,16 - 20,2,Urban area,10,1368,None,None,Pupil riding to/from school,Not at or within 20 metres of junction,FIAT,500 LOUNGE RHD,Petrol,Female,None,No tow/articulation,Did not leave carriageway,0,Going ahead other,1,Car,No,Offside,2010
201043R049070,Unclassified,7408,Unclassified,7408,Slight,None,12-07-2010,Monday,1,Give way or uncontrolled,T or staggered junction,51.520862,Daylight,489010,181000,-0.718481,E01016590,1,2,0,0,Dry,Single carriageway,None,30,18:23:00,Urban,Fine no high winds,No,16 - 20,2,Urban area,10,49,None,None,Commuting to/from work,Approaching junction or waiting/parked at junction approach,PEUGEOT,SPEEDFIGHT,Petrol,Female,Skidded,No tow/articulation,Did not leave carriageway,0,Turning left,1,Motorcycle 50cc and under,No,Front,2010
201043S012050,B,4034,C,150,Slight,None,03-05-2010,Monday,1,Give way or uncontrolled,Roundabout,52.003625,Daylight,487530,234680,-0.726299,E01016712,3,3,0,0,Wet or damp,Roundabout,None,60,11:10:00,Rural,Fine no high winds,No,16 - 20,2,Small town,9,1248,None,None,Other/Not known (2005-10),Leaving roundabout,VAUXHALL,CORSA CLUB A/C CDTI,Heavy oil,Female,None,No tow/articulation,Did not leave carriageway,0,Going ahead other,3,Car,No,Back,2010
201043S047120,B,4034,C,156,Slight,None,08-12-2010,Wednesday,1,Give way or uncontrolled,Roundabout,52.004448,Daylight,487440,234770,-0.727587,E01016712,1,2,0,0,Dry,Roundabout,None,70,15:32:00,Rural,Fine no high winds,No,16 - 20,2,Small town,10,1248,None,None,Other/Not known (2005-10),Entering roundabout,VAUXHALL,CORSA DESIGN CDTI,Heavy oil,Female,None,No tow/articulation,Did not leave carriageway,0,Waiting to go - held up,2,Car,No,Back,2010
201043S057040,B,4034,C,146,Slight,None,16-04-2010,Friday,1,Give way or uncontrolled,Roundabout,52.041857,Daylight,486190,238910,-0.744751,E01016768,1,2,0,0,Dry,Roundabout,None,70,17:15:00,Rural,Fine no high winds,No,16 - 20,2,Small town,7,1242,None,None,Other/Not known (2005-10),Mid Junction - on roundabout or on main road,FORD,FIESTA STYLE PLUS 80,Petrol,Female,None,No tow/articulation,Did not leave carriageway,0,Going ahead other,2,Car,No,Back,2010
201043W172070,B,3345,NA,0,Slight,None,21-07-2010,Wednesday,1,Data missing or out of range,Not at junction or within 20 metres,51.461007,Daylight,471800,174070,-0.967893,E01016365,1,1,0,0,Dry,Single carriageway,None,30,14:29:00,Rural,Fine no high winds,No,16 - 20,2,Urban area,9,1229,None,None,Other/Not known (2005-10),Not at or within 20 metres of junction,VAUXHALL,CORSA CLUB A/C,Petrol,Female,None,No tow/articulation,Did not leave carriageway,0,Going ahead other,1,Car,No,Front,2010