Accident_Index,1st_Road_Class,1st_Road_Number,2nd_Road_Class,2nd_Road_Number,Accident_Severity,Carriageway_Hazards,Date,Day_of_Week,Did_Police_Officer_Attend_Scene_of_Accident,Junction_Control,Junction_Detail,Latitude,Light_Conditions,Location_Easting_OSGR,Location_Northing_OSGR,Longitude,LSOA_of_Accident_Location,Number_of_Casualties,Number_of_Vehicles,Pedestrian_Crossing-Human_Control,Pedestrian_Crossing-Physical_Facilities,Road_Surface_Conditions,Road_Type,Special_Conditions_at_Site,Speed_limit,Time,Urban_or_Rural_Area,Weather_Conditions,InScotland,Age_Band_of_Driver,Age_of_Vehicle,Driver_Home_Area_Type,Driver_IMD_Decile,Engine_Capacity_.CC.,Hit_Object_in_Carriageway,Hit_Object_off_Carriageway,Journey_Purpose_of_Driver,Junction_Location,make,model,Propulsion_Code,Sex_of_Driver,Skidding_and_Overturning,Towing_and_Articulation,Vehicle_Leaving_Carriageway,Vehicle_Location.Restricted_Lane,Vehicle_Manoeuvre,Vehicle_Reference,Vehicle_Type,Was_Vehicle_Left_Hand_Drive,X1st_Point_of_Impact,Year
2010550C17809,B,3063,Unclassified,0,Slight,None,03-05-2010,Monday,1,Give way or uncontrolled,T or staggered junction,50.74222,Darkness - lights lit,409870,93640,-1.861501,E01015373,2,3,0,0,Dry,Single carriageway,None,30,20:52:00,Urban,Fine no high winds,No,21 - 25,2,Urban area,6,2148,None,None,Journey as part of work,Approaching junction or waiting/parked at junction approach,MERCEDES,,Heavy oil,Male,None,No tow/articulation,Did not leave carriageway,0,Overtaking static vehicle - offside,2,Other vehicle,No,Front,2010
201001EO40657,A,400,A,5200,Slight,None,05-10-2010,Tuesday,1,Auto traffic signal,More than 4 arms (not roundabout),51.556794,Darkness - lights lit,529150,185860,-0.138427,E01000921,1,2,0,5,Dry,Single carriageway,None,30,18:10:00,Urban,Fine no high winds,No,21 - 25,2,Urban area,5,108,None,None,Other/Not known (2005-10),Mid Junction - on roundabout or on main road,HONDA,NHX 110 WH-8,Petrol,Male,None,No tow/articulation,Did not leave carriageway,0,Going ahead other,2,Motorcycle 125cc and under,No,Did not impact,2010
201001FH10082,A,308,C,0,Slight,None,22-02-2010,Monday,1,Auto traffic signal,T or staggered junction,51.472604,Darkness - lights lit,525070,176390,-0.200606,E01001951,1,2,0,5,Wet or damp,Single carriageway,None,30,21:29:00,Urban,Fine no high winds,No,21 - 25,2,Urban area,2,125,None,None,Other/Not known (2005-10),Mid Junction - on roundabout or on main road,HONDA,ANF 125-7,Petrol,Male,None,No tow/articulation,Did not leave carriageway,0,Waiting to go - held up,1,Motorcycle over 500cc,No,Nearside,2010
201001HT20137,A,1203,B,145,Slight,None,11-03-2010,Thursday,1,Auto traffic signal,T or staggered junction,51.510536,Darkness - lights lit,535950,180890,-0.042314,E01004299,1,1,0,0,Dry,Single carriageway,None,30,00:05:00,Urban,Fine no high winds,No,21 - 25,2,Data missing or out of range,NA,2402,None,None,Journey as part of work,Mid Junction - on roundabout or on main road,FORD,TRANSIT 115 T350L RWD,Heavy oil,Male,None,No tow/articulation,Did not leave carriageway,0,Going ahead other,1,Van / Goods 3.5 tonnes mgw or under,No,Nearside,2010
201001HT20929,A,107,Unclassified,0,Slight,None,24-12-2010,Friday,1,Give way or uncontrolled,T or staggered junction,51.521819,Darkness - lights lit,534990,182120,-0.055669,E01004206,1,2,0,0,Frost or ice,Single carriageway,None,30,21:47:00,Urban,Fine no high winds,No,21 - 25,2,Urban area,6,6208,None,None,Other/Not known (2005-10),Mid Junction - on roundabout or on main road,MERCEDES,C63 AMG AUTO,Petrol,Male,None,No tow/articulation,Did not leave carriageway,0,Turning left,2,Car,No,Front,2010
201001JC30540,Unclassified,0,NA,0,Slight,None,03-09-2010,Friday,1,Data missing or out of range,Not at junction or within 20 metres,51.594834,Darkness - lights lit,538870,190350,0.003468,E01004378,1,2,0,0,Dry,Single carriageway,None,30,19:32:00,Urban,Fine no high winds,No,21 - 25,2,Urban area,2,49,None,None,Journey as part of work,Not at or within 20 metres of junction,PEUGEOT,LUDIX ELEGANCE,Petrol,Male,None,No tow/articulation,Did not leave carriageway,0,Moving off,2,Motorcycle 50cc and under,No,Front,2010
201001JI40300,A,406,NA,0,Slight,None,09-05-2010,Sunday,1,Data missing or out of range,Not at junction or within 20 metres,51.59641,Darkness - lights lit,540490,190570,0.026928,E01003674,1,1,0,0,Dry,Slip road,None,50,22:00:00,Urban,Fine no high winds,No,21 - 25,2,Urban area,3,2402,None,None,Other/Not known (2005-10),Not at or within 20 metres of junction,FORD,TRANSIT 115 T350M RWD,Heavy oil,Male,None,No tow/articulation,Did not leave carriageway,0,Going ahead other,1,Van / Goods 3.5 tonnes mgw or under,No,Front,2010
201001KF60099,A,118,Unclassified,0,Slight,None,19-02-2010,Friday,1,Give way or uncontrolled,T or staggered junction,51.546566,Darkness - lights lit,540740,185030,0.028318,E01003570,1,2,0,0,Dry,Single carriageway,None,30,18:30:00,Urban,Fine no high winds,No,21 - 25,2,Urban area,2,1995,Kerb,None,Other/Not known (2005-10),Mid Junction - on roundabout or on main road,BMW,120I SE,Petrol,Male,None,No tow/articulation,Nearside,2,Going ahead other,1,Car,No,Front,2010
201001KG70414,A,13,Unclassified,0,Slight,None,25-10-2010,Monday,1,Give way or uncontrolled,Slip road,51.528194,Darkness - lights lit,548620,183210,0.141111,E01000095,1,1,0,0,Wet or damp,Dual carriageway,None,50,23:15:00,Urban,Fine no high winds,No,21 - 25,2,Urban area,2,1364,None,Near/Offside crash barrier,Other/Not known (2005-10),Approaching junction or waiting/parked at junction approach,VAUXHALL,ASTRA SXI,Petrol,Male,Skidded,No tow/articulation,Nearside,0,Going ahead other,1,Car,No,Nearside,2010
201001MM70291,C,0,Unclassified,0,Slight,None,16-04-2010,Friday,1,Give way or uncontrolled,T or staggered junction,51.456455,Darkness - lights lit,535500,174860,-0.051107,E01004016,1,2,0,0,Dry,Single carriageway,None,30,20:34:00,Urban,Fine no high winds,No,21 - 25,2,Urban area,3,125,None,None,Journey as part of work,Mid Junction - on roundabout or on main road,HONDA,ANF 125-7,Petrol,Male,None,No tow/articulation,Did not leave carriageway,0,Turning right,2,Motorcycle 125cc and under,No,Nearside,2010
201001MM70585,B,214,A,215,Slight,None,22-05-2010,Saturday,1,Auto traffic signal,Crossroads,51.482167,Darkness - lights lit,532420,177640,-0.094371,E01003969,1,1,0,5,Dry,Single carriageway,None,30,03:30:00,Urban,Fine no high winds,No,21 - 25,2,Urban area,2,124,None,None,Other/Not known (2005-10),Approaching junction or waiting/parked at junction approach,DERBI,TERRA 125,Petrol,Male,None,No tow/articulation,Did not leave carriageway,0,Going ahead other,1,Motorcycle 125cc and under,No,Offside,2010
201001MM70719,A,3,A,3,Slight,None,24-08-2010,Tuesday,1,Give way or uncontrolled,Roundabout,51.493242,Darkness - lights lit,531940,178860,-0.100824,E01003933,1,2,0,0,Dry,Roundabout,None,30,21:50:00,Urban,Fine no high winds,No,21 - 25,2,Urban area,3,124,None,None,Journey as part of work,Mid Junction - on roundabout or on main road,PIAGGIO,LIBERTY 125,Petrol,Male,None,No tow/articulation,Did not leave carriageway,0,Going ahead right-hand bend,2,Motorcycle 125cc and under,No,Nearside,2010
201001MM70974,B,219,Unclassified,0,Slight,None,16-10-2010,Saturday,1,Give way or uncontrolled,Crossroads,51.454331,Darkness - lights lit,534230,174590,-0.069478,E01003957,3,2,0,0,Dry,Single carriageway,None,30,19:50:00,Urban,Fine no high winds,No,21 - 25,2,Urban area,1,1229,None,None,Other/Not known (2005-10),Mid Junction - on roundabout or on main road,VAUXHALL,CORSA LIFE A/C,Petrol,Male,None,No tow/articulation,Did not leave carriageway,0,Going ahead other,2,Car,No,Front,2010
201001PY20140,A,213,A,214,Slight,None,10-03-2010,Wednesday,1,Auto traffic signal,Crossroads,51.408484,Darkness - lights lit,535050,169510,-0.059619,E01000699,2,2,0,5,Dry,Single carriageway,None,30,22:51:00,Urban,Fine no high winds,No,21 - 25,2,Urban area,2,1368,None,None,Other/Not known (2005-10),Mid Junction - on roundabout or on main road,FIAT,BRAVO DYNAMIC 90,Petrol,Male,None,No tow/articulation,Did not leave carriageway,0,Going ahead other,1,Car,No,Nearside,2010
201001QK50146,A,4088,Unclassified,0,Slight,None,01-03-2010,Monday,1,Give way or uncontrolled,T or staggered junction,51.565882,Darkness - lights lit,520150,186650,-0.267915,E01000479,1,1,0,0,Dry,Single carriageway,None,30,22:55:00,Urban,Fine no high winds,No,21 - 25,2,Urban area,3,2148,Kerb,Other permanent object,Other/Not known (2005-10),Mid Junction - on roundabout or on main road,MERCEDES,E220 EXECUTIVE CDI AUTO,Heavy oil,Male,None,No tow/articulation,Nearside,0,Going ahead other,1,Car,No,Front,2010
201001QK50152,A,406,NA,0,Slight,None,20-02-2010,Saturday,1,Data missing or out of range,Not at junction or within 20 metres,51.55224,Darkness - lights lit,520900,185150,-0.257615,E01000603,1,2,0,0,Dry,Dual carriageway,None,40,01:26:00,Urban,Fine no high winds,No,21 - 25,2,Data missing or out of range,NA,1149,None,None,Other/Not known (2005-10),Not at or within 20 metres of junction,RENAULT,TWINGO GT TCE 100,Petrol,Male,None,No tow/articulation,Did not leave carriageway,0,Going ahead other,2,Car,No,Back,2010
201001SX20110,A,41,NA,0,Slight,None,04-02-2010,Thursday,1,Data missing or out of range,Not at junction or within 20 metres,51.560947,Darkness - lights lit,524670,186210,-0.202892,E01000138,4,2,0,0,Dry,Dual carriageway,None,40,22:07:00,Urban,Fine no high winds,No,21 - 25,2,Urban area,3,2198,None,None,Other/Not known (2005-10),Not at or within 20 metres of junction,FORD,TRANSIT 110 T280S TREND F,Heavy oil,Male,None,No tow/articulation,Did not leave carriageway,0,Slowing or stopping,1,Van / Goods 3.5 tonnes mgw or under,No,Front,2010
201001SX20582,A,406,NA,0,Slight,None,28-05-2010,Friday,1,Data missing or out of range,Not at junction or within 20 metres,51.589549,Darkness - lights lit,524970,189400,-0.197432,E01000211,1,2,0,0,Dry,Dual carriageway,None,40,23:07:00,Urban,Fine no high winds,No,21 - 25,2,Data missing or out of range,NA,1896,None,None,Other/Not known (2005-10),Not at or within 20 metres of junction,VOLKSWAGEN,GOLF TDI S,Heavy oil,Male,None,No tow/articulation,Did not leave carriageway,0,Going ahead other,2,Car,No,Offside,2010
201001SX21000,C,0,Unclassified,0,Slight,None,29-09-2010,Wednesday,1,Give way or uncontrolled,T or staggered junction,51.604232,Darkness - lights lit,522360,190970,-0.234542,E01000260,1,2,0,0,Dry,Single carriageway,None,30,19:25:00,Urban,Fine no high winds,No,21 - 25,2,Urban area,9,1799,None,None,Other/Not known (2005-10),Mid Junction - on roundabout or on main road,HONDA,CIVIC SE I-VTEC S-A,Petrol,Male,None,No tow/articulation,Did not leave carriageway,0,Going ahead right-hand bend,1,Car,No,Front,2010
201001SX21278,Unclassified,0,A,504,Slight,None,03-12-2010,Friday,1,Give way or uncontrolled,Crossroads,51.589691,Darkness - lights lit,527150,189470,-0.165955,E01000181,1,1,0,0,Frost or ice,Single carriageway,None,30,19:26:00,Urban,Fine no high winds,No,21 - 25,2,Urban area,3,49,None,None,Journey as part of work,Approaching junction or waiting/parked at junction approach,PEUGEOT,LUDIX ELEGANCE,Petrol,Male,None,No tow/articulation,Did not leave carriageway,0,Slowing or stopping,1,Motorcycle 50cc and under,No,Offside,2010
201001TW60198,A,205,Unclassified,0,Slight,None,04-07-2010,Sunday,1,Give way or uncontrolled,T or staggered junction,51.468268,Darkness - lights lit,519770,175780,-0.277086,E01003865,1,2,0,0,Dry,Single carriageway,None,30,22:32:00,Urban,Fine no high winds,No,21 - 25,2,Urban area,5,125,None,None,Other/Not known (2005-10),Mid Junction - on roundabout or on main road,HONDA,CBR 125 RW-7,Petrol,Male,None,No tow/articulation,Did not leave carriageway,0,Overtaking moving vehicle - offside,1,Motorcycle over 500cc,No,Front,2010
201001TW60310,A,306,Unclassified,0,Slight,None,08-10-2010,Friday,1,Give way or uncontrolled,T or staggered junction,51.471809,Darkness - lights lit,522540,176240,-0.237067,E01003799,1,2,0,0,Dry,Single carriageway,None,30,19:57:00,Urban,Fine no high winds,No,21 - 25,2,Urban area,2,125,None,None,Other/Not known (2005-10),Mid Junction - on roundabout or on main road,HONDA,SH 125-8,Petrol,Male,None,No tow/articulation,Did not leave carriageway,0,Going ahead other,2,Motorcycle 125cc and under,No,Front,2010
201001TX20815,Unclassified,0,NA,0,Slight,None,06-12-2010,Monday,1,Data missing or out of range,Not at junction or within 20 metres,51.477988,Darkness - lights lit,512700,176700,-0.378534,E01002618,1,1,0,0,Frost or ice,Single carriageway,None,30,21:00:00,Urban,Fine no high winds,No,21 - 25,2,Urban area,3,49,None,None,Journey as part of work,Not at or within 20 metres of junction,PEUGEOT,LUDIX ELEGANCE,Petrol,Male,Skidded,No tow/articulation,Did not leave carriageway,0,Slowing or stopping,1,Motorcycle 50cc and under,No,Offside,2010
201001TX20868,B,452,A,4,Slight,None,04-12-2010,Saturday,1,Auto traffic signal,Crossroads,51.489956,Darkness - lights lit,517490,178140,-0.309111,E01002565,1,2,0,5,Dry,Single carriageway,None,30,02:03:00,Urban,Fine no high winds,No,21 - 25,2,Urban area,4,124,None,None,Journey as part of work,Mid Junction - on roundabout or on main road,SUZUKI,FL 125 S DW K7 ADDRESS,Petrol,Male,None,No tow/articulation,Did not leave carriageway,0,Going ahead other,1,Motorcycle 125cc and under,No,Nearside,2010
201001VK30076,Unclassified,0,NA,0,Slight,None,10-03-2010,Wednesday,1,Data missing or out of range,Not at junction or within 20 metres,51.36839,Darkness - lights lit,518600,164640,-0.297647,E01002939,1,2,0,0,Dry,Single carriageway,None,30,20:10:00,Urban,Fine no high winds,No,21 - 25,2,Urban area,9,124,None,None,Other/Not known (2005-10),Not at or within 20 metres of junction,KYMCO,NEXXON 125,Petrol,Male,None,No tow/articulation,Did not leave carriageway,0,Going ahead other,2,Motorcycle 125cc and under,No,Front,2010
201001VK30079,Unclassified,0,Unclassified,0,Slight,None,17-03-2010,Wednesday,1,Give way or uncontrolled,T or staggered junction,51.4089,Darkness - lights lit,518720,169150,-0.294417,E01002971,1,2,0,0,Dry,Single carriageway,None,30,00:44:00,Urban,Fine no high winds,No,21 - 25,2,Urban area,2,125,None,None,Other/Not known (2005-10),Mid Junction - on roundabout or on main road,HONDA,ANF 125-7,Petrol,Male,None,No tow/articulation,Did not leave carriageway,0,Going ahead other,2,Motorcycle 125cc and under,No,Front,2010
201001VW40394,Unclassified,0,Unclassified,0,Slight,None,30-10-2010,Saturday,1,Give way or uncontrolled,T or staggered junction,51.400958,Darkness - lights lit,530340,168550,-0.127653,E01003430,1,1,0,0,Wet or damp,Single carriageway,None,30,23:08:00,Urban,Fine no high winds,No,21 - 25,2,Urban area,3,124,None,None,Other/Not known (2005-10),Mid Junction - on roundabout or on main road,SUZUKI,FL 125 S DW K7 ADDRESS,Petrol,Male,None,No tow/articulation,Did not leave carriageway,0,Turning left,1,Motorcycle 125cc and under,No,Nearside,2010
201001WW50273,B,229,B,237,Slight,None,23-04-2010,Friday,1,Auto traffic signal,Crossroads,51.448289,Darkness - lights lit,527710,173750,-0.163568,E01004559,1,2,0,5,Dry,Single carriageway,None,30,20:51:00,Urban,Fine no high winds,No,21 - 25,2,Urban area,3,125,None,None,Other/Not known (2005-10),Mid Junction - on roundabout or on main road,HONDA,ANF 125-7,Petrol,Male,None,No tow/articulation,Did not leave carriageway,0,Going ahead other,2,Motorcycle 125cc and under,No,Front,2010
201001XD80033,A,40,NA,0,Slight,None,25-01-2010,Monday,1,Data missing or out of range,Not at junction or within 20 metres,51.533243,Darkness - lights lit,516350,182930,-0.323944,E01001348,1,2,0,0,Dry,Dual carriageway,None,50,23:05:00,Urban,Fine no high winds,No,21 - 25,2,Urban area,4,2967,None,None,Other/Not known (2005-10),Not at or within 20 metres of junction,AUDI,Q7 LE TDI QUATTRO AUTO,Heavy oil,Male,None,No tow/articulation,Did not leave carriageway,0,Going ahead other,2,Car,No,Front,2010
201001XD80263,C,0,Unclassified,0,Slight,None,12-04-2010,Monday,1,Give way or uncontrolled,T or staggered junction,51.518792,Darkness - lights lit,515380,181300,-0.338456,E01001285,1,2,0,0,Dry,Single carriageway,None,30,01:00:00,Urban,Fine no high winds,No,21 - 25,2,Urban area,5,1368,Parked vehicle,None,Other/Not known (2005-10),Cleared junction or waiting/parked at junction exit,FIAT,500 SPORT RHD,Petrol,Male,None,No tow/articulation,Did not leave carriageway,0,Going ahead other,1,Car,No,Front,2010
201001ZD30144,A,23,C,0,Slight,None,22-02-2010,Monday,1,Auto traffic signal,Crossroads,51.371205,Darkness - lights lit,531150,165260,-0.11723,E01001165,1,2,0,5,Dry,Single carriageway,None,30,21:20:00,Urban,Fine no high winds,No,21 - 25,2,Urban area,3,124,None,None,Other/Not known (2005-10),Approaching junction or waiting/parked at junction approach,SUZUKI,FL 125 S DW K7 ADDRESS,Petrol,Male,None,No tow/articulation,Did not leave carriageway,0,Waiting to go - held up,2,Motorcycle 125cc and under,No,Front,2010
201001ZD30186,A,232,Unclassified,0,Slight,None,13-03-2010,Saturday,1,Give way or uncontrolled,T or staggered junction,51.377184,Darkness - lights lit,537410,166090,-0.02703,E01001135,1,2,0,4,Dry,Single carriageway,None,30,19:20:00,Urban,Fine no high winds,No,21 - 25,2,Urban area,9,49,None,None,Other/Not known (2005-10),Approaching junction or waiting/parked at junction approach,GENERIC,XOR 50,Petrol,Male,None,No tow/articulation,Did not leave carriageway,0,Overtaking moving vehicle - offside,2,Motorcycle 50cc and under,No,Front,2010
201004AL10036,B,5410,Unclassified,0,Slight,Any animal in carriageway (except ridden horse),04-03-2010,Thursday,1,Give way or uncontrolled,Roundabout,53.78654,Darkness - lights lit,334980,432700,-2.98837,E01025031,1,1,0,0,Dry,Roundabout,None,40,20:20:00,Rural,Fine no high winds,No,21 - 25,2,Urban area,4,1242,Any animal (except ridden horse),Lamp post,Other/Not known (2005-10),Entering roundabout,FORD,FIESTA ZETEC BLUE 75,Petrol,Male,None,No tow/articulation,Nearside,0,Going ahead other,1,Car,No,Front,2010
201004DA10098,A,6,Unclassified,0,Slight,None,08-10-2010,Friday,1,Auto traffic signal,T or staggered junction,53.759795,Darkness - lights lit,354840,429490,-2.686489,E01025305,1,1,0,0,Dry,One way street,None,30,00:30:00,Urban,Fine no high winds,No,21 - 25,2,Urban area,5,1560,None,Other permanent object,Other/Not known (2005-10),Approaching junction or waiting/parked at junction approach,FORD,FOCUS STYLE TD 90,Heavy oil,Male,None,No tow/articulation,Nearside,0,Turning right,1,Car,No,Front,2010
201004DA10140,Unclassified,0,Unclassified,0,Slight,None,15-12-2010,Wednesday,1,Auto traffic signal,T or staggered junction,53.757251,Darkness - lights lit,353500,429220,-2.706772,E01025306,1,2,0,4,Wet or damp,Single carriageway,None,30,17:56:00,Urban,Fine no high winds,No,21 - 25,2,Urban area,2,1248,None,None,Journey as part of work,Mid Junction - on roundabout or on main road,VAUXHALL,ASTRA SPECIAL CDTI 90,Heavy oil,Male,None,No tow/articulation,Did not leave carriageway,0,Turning right,1,Car,No,Front,2010
201005EE01244,A,5047,A,5048,Slight,None,18-01-2010,Monday,1,Give way or uncontrolled,T or staggered junction,53.408388,Darkness - lights lit,335930,390610,-2.96529,E01006747,1,2,0,0,Dry,Single carriageway,None,30,16:45:00,Urban,Fine no high winds,No,21 - 25,2,Urban area,1,1229,None,None,Commuting to/from work,Cleared junction or waiting/parked at junction exit,VAUXHALL,CORSA ACTIVE,Petrol,Male,None,No tow/articulation,Did not leave carriageway,0,Parked,1,Car,No,Offside,2010
201006A032095,C,0,Unclassified,0,Slight,None,30-05-2010,Sunday,1,Give way or uncontrolled,Crossroads,53.515726,Darkness - lights lit,389200,402130,-2.16435,E01005247,1,2,0,0,Wet or damp,Single carriageway,None,30,03:22:00,Urban,Fine no high winds,No,21 - 25,2,Data missing or out of range,NA,1229,None,Other permanent object,Other/Not known (2005-10),Cleared junction or waiting/parked at junction exit,VAUXHALL,CORSA CLUB A/C,Petrol,Male,Skidded,No tow/articulation,Nearside,0,Going ahead other,1,Car,No,Front,2010
201006B027851,C,0,B,5093,Slight,None,09-02-2010,Tuesday,1,Auto traffic signal,Crossroads,53.443135,Darkness - lights lit,386870,394060,-2.199148,E01005218,2,2,0,0,Dry,Single carriageway,None,30,00:01:00,Urban,Fine no high winds,No,21 - 25,2,Urban area,2,1896,None,None,Journey as part of work,Approaching junction or waiting/parked at junction approach,SKODA,OCTAVIA AMBIENTE TDI,Heavy oil,Male,None,No tow/articulation,Did not leave carriageway,0,Slowing or stopping,2,Car,No,Back,2010
201006B029006,A,34,A,6010,Slight,None,12-03-2010,Friday,1,Auto traffic signal,Crossroads,53.4539,Darkness - lights lit,386050,395260,-2.211547,E01005236,1,3,0,5,Dry,Single carriageway,None,30,18:00:00,Urban,Fine no high winds,No,21 - 25,2,Urban area,7,1896,None,None,Commuting to/from work,Approaching junction or waiting/parked at junction approach,SKODA,OCTAVIA AMBIENTE TDI,Heavy oil,Male,None,No tow/articulation,Did not leave carriageway,0,Waiting to go - held up,2,Car,No,Back,2010
201006G041421,A,627,Unclassified,0,Slight,None,28-12-2010,Tuesday,2,Give way or uncontrolled,T or staggered junction,53.448579,Darkness - lights lit,394980,394650,-2.077059,E01006040,1,2,0,0,Wet or damp,Single carriageway,None,30,19:10:00,Urban,Fine no high winds,No,21 - 25,2,Urban area,3,124,None,None,Commuting to/from work,Approaching junction or waiting/parked at junction approach,HYOSUNG,GT 125 R,Petrol,Male,None,No tow/articulation,Did not leave carriageway,0,Going ahead other,2,Motorcycle 125cc and under,No,Did not impact,2010
201006J037358,C,0,NA,0,Slight,None,09-10-2010,Saturday,1,Data missing or out of range,Not at junction or within 20 metres,53.41102,Darkness - lights lit,389760,390480,-2.155521,E01005758,2,1,0,0,Dry,Single carriageway,None,30,00:25:00,Urban,Fine no high winds,No,21 - 25,2,Urban area,7,1968,None,Near/Offside crash barrier,Other/Not known (2005-10),Not at or within 20 metres of junction,DODGE (USA),AVENGER SXT DIESEL,Heavy oil,Male,Skidded,No tow/articulation,Offside,0,Going ahead other,1,Car,No,Offside,2010
201006P035513,Unclassified,0,NA,0,Slight,None,16-08-2010,Monday,1,Data missing or out of range,Not at junction or within 20 metres,53.565703,Darkness - lights lit,389260,407690,-2.163637,E01005543,3,1,0,0,Dry,Single carriageway,None,30,21:41:00,Urban,Fine no high winds,No,21 - 25,2,Urban area,9,1299,Kerb,Lamp post,Other/Not known (2005-10),Not at or within 20 metres of junction,FORD,KA STYLE CLIMATE,Petrol,Male,Skidded,No tow/articulation,Nearside,0,Going ahead other,1,Car,No,Offside,2010
201006P038220,A,58,Unclassified,0,Slight,None,19-10-2010,Tuesday,1,Give way or uncontrolled,T or staggered junction,53.591131,Darkness - lights lit,382320,410540,-2.268584,E01005514,2,3,0,0,Wet or damp,Single carriageway,None,30,19:05:00,Urban,Fine no high winds,No,21 - 25,2,Urban area,4,1397,None,None,Other/Not known (2005-10),Approaching junction or waiting/parked at junction approach,PEUGEOT,308 S,Petrol,Male,None,No tow/articulation,Did not leave carriageway,0,Going ahead other,1,Car,No,Front,2010
201006Q028072,A,62,A,6104,Slight,None,20-02-2010,Saturday,1,Auto traffic signal,T or staggered junction,53.518536,Darkness - lights lit,390440,402440,-2.145659,E01005376,1,2,0,5,Dry,Dual carriageway,None,30,18:25:00,Urban,Fine no high winds,No,21 - 25,2,Urban area,2,1360,None,None,Other/Not known (2005-10),Approaching junction or waiting/parked at junction approach,PEUGEOT,207 M:PLAY,Petrol,Male,None,No tow/articulation,Did not leave carriageway,0,Going ahead other,2,Car,No,Back,2010
201011NE32100,A,19,NA,0,Slight,None,24-12-2010,Friday,1,Data missing or out of range,Not at junction or within 20 metres,54.752204,Darkness - lights lit,441200,539880,-1.361393,E01020769,1,2,0,0,Frost or ice,Dual carriageway,None,70,07:33:00,Rural,Fine no high winds,No,21 - 25,2,Urban area,3,998,None,None,Other/Not known (2005-10),Not at or within 20 metres of junction,CITROEN,C1 RHYTHM,Petrol,Male,Skidded and overturned,No tow/articulation,Nearside,0,Going ahead other,1,Car,No,Front,2010
201014C030510,Unclassified,0,A,631,Slight,None,14-03-2010,Sunday,1,Give way or uncontrolled,T or staggered junction,53.404898,Darkness - lights lit,443910,389990,-1.340981,E01007813,1,2,0,0,Dry,Dual carriageway,None,50,21:15:00,Rural,Fine no high winds,No,21 - 25,2,Rural,2,1968,None,None,Other/Not known (2005-10),Entering main road,VOLKSWAGEN,GOLF SPORTLINE TDI 140,Heavy oil,Male,None,No tow/articulation,Did not leave carriageway,0,Moving off,1,Car,No,Front,2010
201014K345710,Unclassified,0,NA,0,Slight,None,06-12-2010,Monday,1,Not at junction or within 20 metres,Not at junction or within 20 metres,53.384813,Darkness - lights lit,434800,387680,-1.47826,E01008070,1,2,0,0,Snow,Single carriageway,None,30,17:00:00,Urban,Fine no high winds,No,21 - 25,2,Urban area,1,1796,None,None,Other/Not known (2005-10),Not at or within 20 metres of junction,VAUXHALL,ASTRA SRI+,Petrol,Male,None,No tow/articulation,Did not leave carriageway,0,Parked,2,Car,No,Offside,2010
2010170M13370,Unclassified,1303,NA,0,Slight,None,25-12-2010,Saturday,1,Data missing or out of range,Not at junction or within 20 metres,54.572527,Darkness - lights lit,449680,519970,-1.233028,E01012068,4,2,0,0,Wet or damp,Single carriageway,None,30,02:45:00,Urban,Fine no high winds,No,21 - 25,2,Small town,1,1328,None,None,Other/Not known (2005-10),Not at or within 20 metres of junction,SUZUKI,SWIFT GL 5DR,Petrol,Male,None,No tow/articulation,Did not leave carriageway,0,Going ahead other,1,Car,No,Front,2010
2010170S10430,A,177,A,139,Slight,None,23-02-2010,Tuesday,2,Give way or uncontrolled,Roundabout,54.571474,Darkness - lights lit,444580,519800,-1.311938,E01012266,1,2,0,0,Wet or damp,Roundabout,None,30,06:45:00,Urban,Fine no high winds,No,21 - 25,2,Data missing or out of range,NA,1753,None,None,Commuting to/from work,Entering roundabout,FORD,FOCUS TITANIUM TD 115,Heavy oil,Male,None,No tow/articulation,Did not leave carriageway,0,Turning right,1,Car,No,Nearside,2010
201020J006770,Unclassified,0,B,4176,Slight,None,19-07-2010,Monday,1,Auto traffic signal,Crossroads,52.509813,Darkness - lights lit,394420,290220,-2.083658,E01009881,1,2,0,5,Dry,Single carriageway,None,30,02:36:00,Urban,Fine no high winds,No,21 - 25,2,Urban area,1,1229,None,Road sign or traffic signal,Other/Not known (2005-10),Leaving main road,VAUXHALL,CORSA CLUB,Petrol,Male,Skidded,No tow/articulation,Offside,0,Turning left,1,Car,No,Front,2010
201020K019511,Unclassified,0,Unclassified,0,Slight,None,10-03-2010,Wednesday,1,Give way or uncontrolled,T or staggered junction,52.541118,Darkness - lights lit,396780,293700,-2.04892,E01010029,1,2,0,0,Dry,Single carriageway,None,30,20:45:00,Urban,Fine no high winds,No,21 - 25,2,Urban area,3,1995,None,None,Other/Not known (2005-10),Mid Junction - on roundabout or on main road,BMW,320D M SPORT,Heavy oil,Male,None,No tow/articulation,Did not leave carriageway,0,Going ahead other,2,Car,No,Front,2010
201020M004540,A,4600,NA,0,Slight,None,28-06-2010,Monday,2,Data missing or out of range,Not at junction or within 20 metres,52.43235,Darkness - lights lit,438460,281750,-1.435746,E01009578,1,2,0,0,Dry,Dual carriageway,None,40,23:20:00,Urban,Fine no high winds,No,21 - 25,2,Data missing or out of range,NA,125,None,None,Commuting to/from work,Not at or within 20 metres of junction,SUKIDA,SK 125-5 PATRIOT,Petrol,Male,Skidded and overturned,No tow/articulation,Did not leave carriageway,0,Going ahead other,2,Motorcycle 125cc and under,No,Front,2010