Accident_Index,1st_Road_Class,1st_Road_Number,2nd_Road_Class,2nd_Road_Number,Accident_Severity,Carriageway_Hazards,Date,Day_of_Week,Did_Police_Officer_Attend_Scene_of_Accident,Junction_Control,Junction_Detail,Latitude,Light_Conditions,Location_Easting_OSGR,Location_Northing_OSGR,Longitude,LSOA_of_Accident_Location,Number_of_Casualties,Number_of_Vehicles,Pedestrian_Crossing-Human_Control,Pedestrian_Crossing-Physical_Facilities,Road_Surface_Conditions,Road_Type,Special_Conditions_at_Site,Speed_limit,Time,Urban_or_Rural_Area,Weather_Conditions,InScotland,Age_Band_of_Driver,Age_of_Vehicle,Driver_Home_Area_Type,Driver_IMD_Decile,Engine_Capacity_.CC.,Hit_Object_in_Carriageway,Hit_Object_off_Carriageway,Journey_Purpose_of_Driver,Junction_Location,make,model,Propulsion_Code,Sex_of_Driver,Skidding_and_Overturning,Towing_and_Articulation,Vehicle_Leaving_Carriageway,Vehicle_Location.Restricted_Lane,Vehicle_Manoeuvre,Vehicle_Reference,Vehicle_Type,Was_Vehicle_Left_Hand_Drive,X1st_Point_of_Impact,Year
201020M011210,B,4113,B,4118,Slight,Pedestrian in carriageway - not injured,30-10-2010,Saturday,1,Auto traffic signal,More than 4 arms (not roundabout),52.424648,Darkness - lights lit,433930,280860,-1.502463,E01009566,1,1,0,5,Dry,Single carriageway,None,30,06:32:00,Urban,Fine no high winds,No,21 - 25,2,Urban area,10,1995,Kerb,Road sign or traffic signal,Other/Not known (2005-10),Approaching junction or waiting/parked at junction approach,RENAULT,TRAFIC SL27 SPORT DCI 115,Heavy oil,Male,None,No tow/articulation,Nearside,0,Going ahead other,1,Van / Goods 3.5 tonnes mgw or under,No,Front,2010
201022D004420,A,449,Unclassified,0,Slight,None,02-09-2010,Thursday,1,Give way or uncontrolled,T or staggered junction,52.414873,Darkness - lights lit,384840,279680,-2.224331,E01032440,3,2,0,0,Dry,Single carriageway,None,60,22:17:00,Rural,Fine no high winds,No,21 - 25,2,Rural,8,1598,None,None,Other/Not known (2005-10),Mid Junction - on roundabout or on main road,PEUGEOT,207 GT CC,Petrol,Male,None,No tow/articulation,Did not leave carriageway,0,U-turn,1,Car,No,Offside,2010
201022D005926,Motorway,5,NA,0,Slight,None,26-11-2010,Friday,1,Data missing or out of range,Not at junction or within 20 metres,52.344485,Darkness - lights lit,394640,271830,-2.080117,E01032159,1,6,0,0,Wet or damp,Dual carriageway,None,70,17:00:00,Rural,Fine no high winds,No,21 - 25,2,Rural,NA,1242,None,None,Other/Not known (2005-10),Not at or within 20 metres of junction,FORD,FIESTA ZETEC BLUE 75,Petrol,Male,None,No tow/articulation,Did not leave carriageway,0,Going ahead other,5,Car,No,Front,2010
201022G000923,A,518,NA,0,Slight,Any animal in carriageway (except ridden horse),15-02-2010,Monday,2,Data missing or out of range,Not at junction or within 20 metres,52.743171,Darkness - lights lit,372990,316250,-2.401547,E01014111,3,2,0,0,Dry,Single carriageway,None,60,19:20:00,Rural,Fine no high winds,No,21 - 25,2,Urban area,1,1753,Kerb,None,Other/Not known (2005-10),Not at or within 20 metres of junction,FORD,FOCUS ZETEC CLIMATE TDCI,Heavy oil,Male,None,No tow/articulation,Did not leave carriageway,0,Slowing or stopping,1,Car,No,Back,2010
201022G004548,A,442,A,518,Slight,None,12-09-2010,Sunday,1,Auto traffic signal,Roundabout,52.711811,Darkness - lights lit,368300,312790,-2.470682,E01014207,2,2,0,5,Dry,Roundabout,None,30,01:05:00,Rural,Fine no high winds,No,21 - 25,2,Small town,8,1686,None,None,Journey as part of work,Entering roundabout,VAUXHALL,ASTRA CDTI 100,Heavy oil,Male,Skidded,No tow/articulation,Did not leave carriageway,0,Going ahead other,1,Car,No,Front,2010
201022G005251,A,458,A,442,Slight,None,19-10-2010,Tuesday,2,Give way or uncontrolled,Roundabout,52.528004,Darkness - lights lit,372140,292320,-2.412111,E01028835,1,2,0,8,Dry,Unknown,None,30,18:00:00,Urban,Fine no high winds,No,21 - 25,2,Urban area,10,124,None,None,Other/Not known (2005-10),Mid Junction - on roundabout or on main road,AJS,JS 125-E,Petrol,Male,Skidded,No tow/articulation,Did not leave carriageway,0,Going ahead other,2,Motorcycle 125cc and under,No,Offside,2010
201030C000745,A,61,Unclassified,0,Slight,None,28-10-2010,Thursday,1,Give way or uncontrolled,T or staggered junction,53.091908,Darkness - lights lit,440680,355140,-1.394006,E01019404,6,2,0,0,Dry,Single carriageway,None,30,18:34:00,Urban,Fine no high winds,No,21 - 25,2,Urban area,2,1798,None,None,Other/Not known (2005-10),Mid Junction - on roundabout or on main road,FORD,FOCUS STYLE 125,Petrol,Male,None,No tow/articulation,Did not leave carriageway,0,Going ahead other,1,Car,No,Front,2010
201032D044410,A,46,C,6,Slight,None,20-02-2010,Saturday,1,Give way or uncontrolled,T or staggered junction,53.486546,Darkness - lights lit,510940,400170,-0.329466,E01026416,2,3,0,0,Wet or damp,Single carriageway,None,50,22:40:00,Rural,Fine no high winds,No,21 - 25,2,Rural,4,1598,None,None,Other/Not known (2005-10),Approaching junction or waiting/parked at junction approach,VAUXHALL,ASTRA SXI,Petrol,Male,None,No tow/articulation,Did not leave carriageway,0,Parked,3,Car,No,Front,2010
201032D225910,Unclassified,0,NA,0,Slight,None,31-07-2010,Saturday,1,Data missing or out of range,Not at junction or within 20 metres,53.251462,Darkness - lights lit,497380,373710,-0.541897,E01026150,1,2,0,0,Dry,Single carriageway,None,30,02:15:00,Urban,Fine no high winds,No,21 - 25,2,Rural,9,1598,None,None,Other/Not known (2005-10),Not at or within 20 metres of junction,VAUXHALL,ASTRA TWIN TOP SPORT,Petrol,Male,None,No tow/articulation,Did not leave carriageway,0,Reversing,1,Car,No,Back,2010
201045RU47925,Motorway,25,NA,0,Slight,None,13-12-2019,Thursday,1,Data missing or out of range,Not at junction or within 20 metres,14.7395844,Darkness - lights lit,503430,165800,78.62667551,E01030655,4,3,0,0,Wet or damp,Dual carriageway,None,70,17:05:00,Rural,Fine no high winds,No,21 - 25,2,Urban area,7,1149,None,None,Other/Not known (2005-10),Not at or within 20 metres of junction,PROTON,SAVVY STYLE,Petrol,Female,None,No tow/articulation,Did not leave carriageway,0,Going ahead other,2,Car,No,Back,2019
20104100C1000,Unclassified,376,NA,0,Slight,None,15-06-2021,Friday,1,Not at junction or within 20 metres,Not at junction or within 20 metres,22.0821641,Darkness - lights lit,507110,195520,82.16184757,E01023820,1,2,0,0,Dry,Single carriageway,None,20,20:39:00,Urban,Fine no high winds,No,21 - 25,2,Data missing or out of range,NA,1248,None,None,Journey as part of work,Not at or within 20 metres of junction,VAUXHALL,ASTRA SPECIAL CDTI 90,Heavy oil,Female,Skidded,No tow/articulation,Did not leave carriageway,0,Slowing or stopping,1,Car,No,Front,2019
20104100C1171,A,411,A,411,Slight,None,26-07-2019,Wednesday,2,Give way or uncontrolled,Other junction,28.44013921,Darkness - lights lit,510850,196660,77.07702542,E01023861,2,4,0,0,Dry,One way street,None,30,18:20:00,Urban,Fine no high winds,No,21 - 25,2,Urban area,6,1229,None,None,Other/Not known (2005-10),Cleared junction or waiting/parked at junction exit,VAUXHALL,CORSA BREEZE,Petrol,Female,None,No tow/articulation,Did not leave carriageway,0,Slowing or stopping,3,Car,No,Back,2019
2010550C52872,B,3066,C,320,Slight,None,04-09-2020,Saturday,2,Give way or uncontrolled,Roundabout,8.876815963,Darkness - lights lit,407840,91200,76.63041152,E01015368,1,2,0,5,Dry,Dual carriageway,None,30,22:30:00,Urban,Fine no high winds,No,21 - 25,2,Urban area,4,1198,None,None,Other/Not known (2005-10),Entering roundabout,VOLKSWAGEN,POLO MATCH 60,Petrol,Female,None,No tow/articulation,Did not leave carriageway,0,Waiting to go - held up,1,Car,No,Front,2020
201043W118010,A,4,Unclassified,0,Slight,None,05-05-2019,Monday,1,Give way or uncontrolled,Roundabout,26.43739255,Darkness - lights lit,465380,171770,80.3036415,E01016259,1,2,0,4,Dry,Roundabout,None,40,20:47:00,Rural,Fine no high winds,No,21 - 25,2,Urban area,10,1753,None,None,Other/Not known (2005-10),Entering roundabout,FORD,FOCUS ZETEC TD 115,Heavy oil,Female,None,No tow/articulation,Did not leave carriageway,0,Moving off,1,Car,No,Offside,2020
201043R188060,Motorway,4,NA,0,Slight,None,16-11-2020,Saturday,1,Data missing or out of range,Not at junction or within 20 metres,19.12981681,Darkness - lights lit,496390,179060,72.91968734,E01016463,1,2,0,0,Dry,Dual carriageway,Roadworks,70,00:35:00,Rural,Fine no high winds,No,21 - 25,2,Data missing or out of range,NA,1360,Bollard or refuge,Central crash barrier,Other/Not known (2005-10),Not at or within 20 metres of junction,CITROEN,C3 PLURIEL KIWI,Petrol,Female,Skidded,No tow/articulation,Offside on to centrl res + rebounded,0,Changing lane to right,2,Car,No,Offside,2021
201042I359311,A,1245,A,127,Slight,None,22-08-2021,Friday,1,Auto traffic signal,Roundabout,14.8022421,Darkness - lights lit,578010,190730,78.60217759,E01021528,1,2,0,0,Dry,Roundabout,None,40,03:50:00,Rural,Fine no high winds,No,21 - 25,2,Urban area,9,1299,None,None,Commuting to/from work,Mid Junction - on roundabout or on main road,FORD,KA ZETEC CLIMATE,Petrol,Female,None,No tow/articulation,Did not leave carriageway,0,Turning right,1,Car,No,Nearside,2019
201001HT20823,A,1209,Unclassified,0,Slight,None,14-11-2010,Sunday,1,Give way or uncontrolled,T or staggered junction,51.52684,Darkness - lights lit,534660,182670,-0.060213,E01004211,2,2,0,0,Dry,Single carriageway,None,30,21:08:00,Urban,Fine no high winds,No,21 - 25,2,Urban area,5,1398,None,None,Other/Not known (2005-10),Cleared junction or waiting/parked at junction exit,VOLKSWAGEN,BEETLE LUNA 75PS,Petrol,Female,None,No tow/articulation,Did not leave carriageway,0,Going ahead other,2,Car,No,Front,2010
201001HT20838,A,12,NA,0,Slight,None,06-11-2010,Saturday,2,Data missing or out of range,Not at junction or within 20 metres,51.530144,Darkness - lights lit,537730,183120,-0.015809,E01004227,1,2,0,0,Dry,Dual carriageway,None,50,18:25:00,Urban,Fine no high winds,No,21 - 25,2,Urban area,1,1390,None,None,Other/Not known (2005-10),Not at or within 20 metres of junction,VOLKSWAGEN,GOLF S TSI S-A,Petrol,Female,None,No tow/articulation,Did not leave carriageway,0,Slowing or stopping,1,Car,No,Back,2010
201001QA10297,A,410,NA,0,Slight,None,29-05-2010,Saturday,2,Data missing or out of range,Not at junction or within 20 metres,51.609823,Darkness - lights lit,514130,191400,-0.353188,E01002139,1,2,0,0,Dry,Dual carriageway,None,50,21:00:00,Rural,Fine no high winds,No,21 - 25,2,Urban area,5,1796,None,None,Other/Not known (2005-10),Not at or within 20 metres of junction,MERCEDES,CLC180 KOMP SPORT AUTO,Petrol,Female,None,No tow/articulation,Did not leave carriageway,0,Slowing or stopping,1,Car,No,Back,2010
201001QK50010,C,0,A,4089,Slight,None,01-01-2010,Friday,1,Auto traffic signal,More than 4 arms (not roundabout),51.559289,Darkness - lights lit,518600,185880,-0.290527,E01000616,4,2,0,0,Wet or damp,Single carriageway,None,30,22:07:00,Urban,Fine no high winds,No,21 - 25,2,Urban area,1,998,None,None,Other/Not known (2005-10),Mid Junction - on roundabout or on main road,TOYOTA,AYGO BLUE VVT-I,Petrol,Female,None,No tow/articulation,Did not leave carriageway,0,Turning right,2,Car,No,Front,2010
201001QK50757,B,456,Unclassified,0,Slight,None,04-12-2010,Saturday,1,Give way or uncontrolled,T or staggered junction,51.534272,Darkness - lights lit,517890,183080,-0.301702,E01000472,2,2,0,0,Wet or damp,Single carriageway,None,30,05:30:00,Urban,Fine no high winds,No,21 - 25,2,Urban area,2,1598,None,None,Other/Not known (2005-10),Cleared junction or waiting/parked at junction exit,PEUGEOT,207 SPORT CC AUTO,Petrol,Female,None,No tow/articulation,Did not leave carriageway,0,Parked,1,Car,No,Nearside,2010
201001RG40428,Unclassified,0,NA,0,Slight,None,14-07-2010,Wednesday,1,Data missing or out of range,Not at junction or within 20 metres,51.491471,Darkness - lights lit,543290,178970,0.062606,E01001707,1,2,0,0,Dry,Single carriageway,None,30,22:15:00,Urban,Fine no high winds,No,21 - 25,2,Urban area,8,9000,None,None,Journey as part of work,Not at or within 20 metres of junction,SCANIA,,Heavy oil,Female,None,No tow/articulation,Did not leave carriageway,2,Parked,1,Bus or coach (17 or more pass seats),No,Front,2010
201001SX20787,Unclassified,0,Unclassified,0,Slight,None,25-07-2010,Sunday,1,Give way or uncontrolled,Mini-roundabout,51.574082,Darkness - lights lit,523380,187640,-0.22099,E01000221,3,2,0,0,Dry,Roundabout,None,30,00:40:00,Urban,Fine no high winds,No,21 - 25,2,Urban area,9,1397,None,None,Other/Not known (2005-10),Approaching junction or waiting/parked at junction approach,MINI,ONE,Petrol,Female,None,No tow/articulation,Did not leave carriageway,0,Slowing or stopping,1,Car,No,Front,2010
201001SX20810,A,5,NA,0,Slight,None,23-07-2010,Friday,1,Data missing or out of range,Not at junction or within 20 metres,51.601136,Darkness - lights lit,520040,190570,-0.268162,E01002123,2,2,0,0,Dry,Single carriageway,None,30,21:30:00,Urban,Fine no high winds,No,21 - 25,2,Urban area,7,1397,None,None,Other/Not known (2005-10),Not at or within 20 metres of junction,MINI,ONE,Petrol,Female,None,No tow/articulation,Did not leave carriageway,0,U-turn,1,Car,No,Offside,2010
20104100C1000,Unclassified,376,NA,0,Slight,None,22-10-2010,Friday,1,Not at junction or within 20 metres,Not at junction or within 20 metres,51.648232,Darkness - lights lit,507110,195520,-0.453268,E01023820,1,2,0,0,Dry,Single carriageway,None,20,20:39:00,Urban,Fine no high winds,No,21 - 25,2,Data missing or out of range,NA,1248,None,None,Journey as part of work,Not at or within 20 metres of junction,VAUXHALL,ASTRA SPECIAL CDTI 90,Heavy oil,Female,Skidded,No tow/articulation,Did not leave carriageway,0,Slowing or stopping,1,Car,No,Front,2010
20104100C1171,A,411,A,411,Slight,None,08-12-2010,Wednesday,2,Give way or uncontrolled,Other junction,51.657754,Darkness - lights lit,510850,196660,-0.398872,E01023861,2,4,0,0,Dry,One way street,None,30,18:20:00,Urban,Fine no high winds,No,21 - 25,2,Urban area,6,1229,None,None,Other/Not known (2005-10),Cleared junction or waiting/parked at junction exit,VAUXHALL,CORSA BREEZE,Petrol,Female,None,No tow/articulation,Did not leave carriageway,0,Slowing or stopping,3,Car,No,Back,2010
201042I359311,A,1245,A,127,Slight,None,05-11-2010,Friday,1,Auto traffic signal,Roundabout,51.587249,Darkness - lights lit,578010,190730,0.568185,E01021528,1,2,0,0,Dry,Roundabout,None,40,03:50:00,Rural,Fine no high winds,No,21 - 25,2,Urban area,9,1299,None,None,Commuting to/from work,Mid Junction - on roundabout or on main road,FORD,KA ZETEC CLIMATE,Petrol,Female,None,No tow/articulation,Did not leave carriageway,0,Turning right,1,Car,No,Nearside,2010
201043R188060,Motorway,4,NA,0,Slight,None,26-06-2010,Saturday,1,Data missing or out of range,Not at junction or within 20 metres,51.502214,Darkness - lights lit,496390,179060,-0.612673,E01016463,1,2,0,0,Dry,Dual carriageway,Roadworks,70,00:35:00,Rural,Fine no high winds,No,21 - 25,2,Data missing or out of range,NA,1360,Bollard or refuge,Central crash barrier,Other/Not known (2005-10),Not at or within 20 metres of junction,CITROEN,C3 PLURIEL KIWI,Petrol,Female,Skidded,No tow/articulation,Offside on to centrl res + rebounded,0,Changing lane to right,2,Car,No,Offside,2010
201043W118010,A,4,Unclassified,0,Slight,None,18-01-2010,Monday,1,Give way or uncontrolled,Roundabout,51.441106,Darkness - lights lit,465380,171770,-1.060715,E01016259,1,2,0,4,Dry,Roundabout,None,40,20:47:00,Rural,Fine no high winds,No,21 - 25,2,Urban area,10,1753,None,None,Other/Not known (2005-10),Entering roundabout,FORD,FOCUS ZETEC TD 115,Heavy oil,Female,None,No tow/articulation,Did not leave carriageway,0,Moving off,1,Car,No,Offside,2010
201045RU47925,Motorway,25,NA,0,Slight,None,14-01-2010,Thursday,1,Data missing or out of range,Not at junction or within 20 metres,51.38178,Darkness - lights lit,503430,165800,-0.515151,E01030655,4,3,0,0,Wet or damp,Dual carriageway,None,70,17:05:00,Rural,Fine no high winds,No,21 - 25,2,Urban area,7,1149,None,None,Other/Not known (2005-10),Not at or within 20 metres of junction,PROTON,SAVVY STYLE,Petrol,Female,None,No tow/articulation,Did not leave carriageway,0,Going ahead other,2,Car,No,Back,2010
2010550C52872,B,3066,C,320,Slight,None,27-11-2010,Saturday,2,Give way or uncontrolled,Roundabout,50.720308,Darkness - lights lit,407840,91200,-1.890323,E01015368,1,2,0,5,Dry,Dual carriageway,None,30,22:30:00,Urban,Fine no high winds,No,21 - 25,2,Urban area,4,1198,None,None,Other/Not known (2005-10),Entering roundabout,VOLKSWAGEN,POLO MATCH 60,Petrol,Female,None,No tow/articulation,Did not leave carriageway,0,Waiting to go - held up,1,Car,No,Front,2010
201001HT20823,A,1209,Unclassified,0,Slight,None,14-11-2010,Sunday,1,Give way or uncontrolled,T or staggered junction,51.52684,Darkness - lights lit,534660,182670,-0.060213,E01004211,2,2,0,0,Dry,Single carriageway,None,30,21:08:00,Urban,Fine no high winds,No,21 - 25,2,Urban area,5,1398,None,None,Other/Not known (2005-10),Cleared junction or waiting/parked at junction exit,VOLKSWAGEN,BEETLE LUNA 75PS,Petrol,Female,None,No tow/articulation,Did not leave carriageway,0,Going ahead other,2,Car,No,Front,2010
201001HT20838,A,12,NA,0,Slight,None,06-11-2010,Saturday,2,Data missing or out of range,Not at junction or within 20 metres,51.530144,Darkness - lights lit,537730,183120,-0.015809,E01004227,1,2,0,0,Dry,Dual carriageway,None,50,18:25:00,Urban,Fine no high winds,No,21 - 25,2,Urban area,1,1390,None,None,Other/Not known (2005-10),Not at or within 20 metres of junction,VOLKSWAGEN,GOLF S TSI S-A,Petrol,Female,None,No tow/articulation,Did not leave carriageway,0,Slowing or stopping,1,Car,No,Back,2010
201001QA10297,A,410,NA,0,Slight,None,29-05-2010,Saturday,2,Data missing or out of range,Not at junction or within 20 metres,51.609823,Darkness - lights lit,514130,191400,-0.353188,E01002139,1,2,0,0,Dry,Dual carriageway,None,50,21:00:00,Rural,Fine no high winds,No,21 - 25,2,Urban area,5,1796,None,None,Other/Not known (2005-10),Not at or within 20 metres of junction,MERCEDES,CLC180 KOMP SPORT AUTO,Petrol,Female,None,No tow/articulation,Did not leave carriageway,0,Slowing or stopping,1,Car,No,Back,2010
201001QK50010,C,0,A,4089,Slight,None,01-01-2010,Friday,1,Auto traffic signal,More than 4 arms (not roundabout),51.559289,Darkness - lights lit,518600,185880,-0.290527,E01000616,4,2,0,0,Wet or damp,Single carriageway,None,30,22:07:00,Urban,Fine no high winds,No,21 - 25,2,Urban area,1,998,None,None,Other/Not known (2005-10),Mid Junction - on roundabout or on main road,TOYOTA,AYGO BLUE VVT-I,Petrol,Female,None,No tow/articulation,Did not leave carriageway,0,Turning right,2,Car,No,Front,2010
201001QK50757,B,456,Unclassified,0,Slight,None,04-12-2010,Saturday,1,Give way or uncontrolled,T or staggered junction,51.534272,Darkness - lights lit,517890,183080,-0.301702,E01000472,2,2,0,0,Wet or damp,Single carriageway,None,30,05:30:00,Urban,Fine no high winds,No,21 - 25,2,Urban area,2,1598,None,None,Other/Not known (2005-10),Cleared junction or waiting/parked at junction exit,PEUGEOT,207 SPORT CC AUTO,Petrol,Female,None,No tow/articulation,Did not leave carriageway,0,Parked,1,Car,No,Nearside,2010
201001RG40428,Unclassified,0,NA,0,Slight,None,14-07-2010,Wednesday,1,Data missing or out of range,Not at junction or within 20 metres,51.491471,Darkness - lights lit,543290,178970,0.062606,E01001707,1,2,0,0,Dry,Single carriageway,None,30,22:15:00,Urban,Fine no high winds,No,21 - 25,2,Urban area,8,9000,None,None,Journey as part of work,Not at or within 20 metres of junction,SCANIA,,Heavy oil,Female,None,No tow/articulation,Did not leave carriageway,2,Parked,1,Bus or coach (17 or more pass seats),No,Front,2010
201001SX20787,Unclassified,0,Unclassified,0,Slight,None,25-07-2010,Sunday,1,Give way or uncontrolled,Mini-roundabout,51.574082,Darkness - lights lit,523380,187640,-0.22099,E01000221,3,2,0,0,Dry,Roundabout,None,30,00:40:00,Urban,Fine no high winds,No,21 - 25,2,Urban area,9,1397,None,None,Other/Not known (2005-10),Approaching junction or waiting/parked at junction approach,MINI,ONE,Petrol,Female,None,No tow/articulation,Did not leave carriageway,0,Slowing or stopping,1,Car,No,Front,2010
201001SX20810,A,5,NA,0,Slight,None,23-07-2010,Friday,1,Data missing or out of range,Not at junction or within 20 metres,51.601136,Darkness - lights lit,520040,190570,-0.268162,E01002123,2,2,0,0,Dry,Single carriageway,None,30,21:30:00,Urban,Fine no high winds,No,21 - 25,2,Urban area,7,1397,None,None,Other/Not known (2005-10),Not at or within 20 metres of junction,MINI,ONE,Petrol,Female,None,No tow/articulation,Did not leave carriageway,0,U-turn,1,Car,No,Offside,2010
201001TB00837,A,2015,Unclassified,0,Slight,None,27-11-2010,Saturday,1,Give way or uncontrolled,T or staggered junction,51.409178,Darkness - lights lit,537030,169640,-0.031117,E01000709,1,2,0,0,Frost or ice,Single carriageway,None,30,04:57:00,Urban,Fine no high winds,No,21 - 25,2,Urban area,6,1991,Parked vehicle,None,Other/Not known (2005-10),Cleared junction or waiting/parked at junction exit,KIA,SPORTAGE XS CRDI 4WD,Heavy oil,Female,None,No tow/articulation,Did not leave carriageway,0,Going ahead other,1,Car,No,Front,2010
201001WW50462,C,0,Unclassified,0,Slight,None,01-07-2010,Thursday,1,Give way or uncontrolled,T or staggered junction,51.46873,Darkness - lights lit,527130,176010,-0.171098,E01004541,1,2,0,4,Dry,Single carriageway,None,30,23:10:00,Urban,Fine no high winds,No,21 - 25,2,Urban area,2,1598,None,None,Other/Not known (2005-10),Cleared junction or waiting/parked at junction exit,VOLKSWAGEN,GOLF FSI S,Petrol,Female,None,No tow/articulation,Did not leave carriageway,0,Slowing or stopping,2,Car,No,Front,2010
201001XD80181,A,4020,NA,0,Slight,None,02-03-2010,Tuesday,1,Data missing or out of range,Not at junction or within 20 metres,51.51302,Darkness - lights lit,517660,180710,-0.305807,E01001221,1,1,0,0,Dry,Single carriageway,None,30,19:59:00,Urban,Fine no high winds,No,21 - 25,2,Urban area,4,1498,None,None,Other/Not known (2005-10),Not at or within 20 metres of junction,MERCEDES,A150 AVANTGARDE SE CVT,Petrol,Female,None,No tow/articulation,Did not leave carriageway,0,Going ahead other,1,Car,No,Front,2010
201004CL10110,Unclassified,0,Unclassified,0,Slight,None,08-12-2010,Wednesday,1,Give way or uncontrolled,T or staggered junction,53.690331,Darkness - lights lit,353930,421770,-2.699139,E01025435,2,2,0,0,Frost or ice,Single carriageway,None,30,18:00:00,Urban,Fine no high winds,No,21 - 25,2,Urban area,8,1997,None,None,Other/Not known (2005-10),Mid Junction - on roundabout or on main road,VOLVO,C30 S DIESEL,Heavy oil,Female,None,No tow/articulation,Did not leave carriageway,0,Turning right,1,Car,No,Nearside,2010
201004DF10105,Unclassified,0,Unclassified,0,Slight,None,10-11-2010,Wednesday,1,Give way or uncontrolled,Crossroads,53.770141,Darkness - lights lit,354950,430640,-2.684989,E01025246,4,2,0,0,Wet or damp,Single carriageway,None,30,18:00:00,Urban,Fine no high winds,No,21 - 25,2,Urban area,3,998,None,None,Other/Not known (2005-10),Mid Junction - on roundabout or on main road,PEUGEOT,107 URBAN MOVE,Petrol,Female,None,No tow/articulation,Did not leave carriageway,0,Turning right,1,Car,No,Offside,2010
201004FE10087,B,6383,NA,0,Slight,None,22-12-2010,Wednesday,1,Data missing or out of range,Not at junction or within 20 metres,53.912085,Darkness - lights lit,388200,446230,-2.181125,E01025198,1,1,0,0,Frost or ice,Single carriageway,None,30,17:55:00,Urban,Fine no high winds,No,21 - 25,2,Data missing or out of range,NA,998,None,None,Other/Not known (2005-10),Not at or within 20 metres of junction,CITROEN,C1 CODE,Petrol,Female,None,No tow/articulation,Did not leave carriageway,0,Going ahead other,1,Car,No,Front,2010
201005DD07343,Unclassified,0,NA,0,Slight,None,23-12-2010,Thursday,1,Data missing or out of range,Not at junction or within 20 metres,53.452323,Darkness - lights lit,349880,395330,-2.756213,E01006834,1,2,0,0,Frost or ice,Single carriageway,None,30,20:20:00,Urban,Fine no high winds,No,21 - 25,2,Data missing or out of range,NA,1240,None,None,Other/Not known (2005-10),Not at or within 20 metres of junction,NISSAN,MICRA 25 1.2,Petrol,Female,None,No tow/articulation,Did not leave carriageway,0,Parked,2,Car,No,Offside,2010
201005FF01506,Unclassified,0,B,5180,Slight,None,02-02-2010,Tuesday,1,Auto traffic signal,Other junction,53.384575,Darkness - lights lit,339770,387910,-2.907016,E01006596,1,2,0,4,Wet or damp,Dual carriageway,None,30,18:00:00,Urban,Fine no high winds,No,21 - 25,2,Data missing or out of range,NA,1596,None,None,Other/Not known (2005-10),Mid Junction - on roundabout or on main road,FORD,FOCUS ZETEC 100 AUTO,Petrol,Female,None,No tow/articulation,Did not leave carriageway,0,Going ahead other,2,Car,No,Front,2010
201006A037079,Unclassified,0,Unclassified,0,Slight,None,30-09-2010,Thursday,1,Give way or uncontrolled,T or staggered junction,53.480983,Darkness - lights lit,383900,398280,-2.244079,E01005131,2,2,0,0,Dry,Single carriageway,None,30,18:35:00,Urban,Fine no high winds,No,21 - 25,2,Urban area,8,1229,None,None,Other/Not known (2005-10),Entering main road,VAUXHALL,CORSA BREEZE,Petrol,Female,None,No tow/articulation,Did not leave carriageway,0,Turning right,1,Car,No,Front,2010
201006P037214,A,664,Unclassified,0,Slight,None,01-10-2010,Friday,1,Give way or uncontrolled,T or staggered junction,53.554507,Darkness - lights lit,387050,406450,-2.196954,E01005524,2,2,0,0,Dry,Single carriageway,None,30,23:44:00,Urban,Fine no high winds,No,21 - 25,2,Urban area,1,1248,None,None,Other/Not known (2005-10),Approaching junction or waiting/parked at junction approach,VAUXHALL,CORSA SXI CDTI,Heavy oil,Female,None,No tow/articulation,Did not leave carriageway,0,Moving off,1,Car,No,Offside,2010
201011NF31970,B,1283,C,60,Slight,None,21-12-2010,Tuesday,1,Give way or uncontrolled,T or staggered junction,54.773202,Darkness - lights lit,436950,542180,-1.427129,E01020763,1,2,0,0,Frost or ice,Single carriageway,None,30,16:55:00,Rural,Fine no high winds,No,21 - 25,2,Rural,4,998,None,None,Other/Not known (2005-10),Entering main road,CITROEN,C1 VIBE,Petrol,Female,None,No tow/articulation,Did not leave carriageway,0,Turning right,1,Car,No,Offside,2010
201014K056810,C,409,Unclassified,0,Slight,None,24-02-2010,Wednesday,1,Give way or uncontrolled,T or staggered junction,53.344873,Darkness - lights lit,435270,383240,-1.471688,E01007830,1,2,0,0,Wet or damp,Single carriageway,None,30,19:00:00,Urban,Fine no high winds,No,21 - 25,2,Rural,7,1398,None,None,Other/Not known (2005-10),Cleared junction or waiting/parked at junction exit,VOLKSWAGEN,BEETLE LUNA 75PS,Petrol,Female,None,No tow/articulation,Did not leave carriageway,0,Parked,2,Car,No,Back,2010
201020T029730,B,4114,Unclassified,0,Slight,None,15-08-2010,Sunday,1,Give way or uncontrolled,Crossroads,52.492818,Darkness - lights lit,411700,288340,-1.829114,E01009486,3,2,0,0,Dry,Single carriageway,None,30,23:00:00,Urban,Fine no high winds,No,21 - 25,2,Urban area,1,1896,None,None,Other/Not known (2005-10),Mid Junction - on roundabout or on main road,VOLKSWAGEN,GOLF MATCH TDI 105,Heavy oil,Female,None,No tow/articulation,Did not leave carriageway,0,Going ahead other,2,Car,No,Front,2010
20102100X0022,A,50,Unclassified,72,Slight,None,24-12-2010,Friday,1,Give way or uncontrolled,T or staggered junction,52.998149,Darkness - lights lit,389490,344550,-2.158056,E01014274,1,2,0,4,Frost or ice,One way street,None,30,18:10:00,Urban,Fine no high winds,No,21 - 25,2,Urban area,4,1910,None,None,Other/Not known (2005-10),Mid Junction - on roundabout or on main road,VAUXHALL,ASTRA DESIGN CDTI,Heavy oil,Female,None,No tow/articulation,Did not leave carriageway,0,Going ahead other,2,Car,No,Nearside,2010