Accident_Index,1st_Road_Class,1st_Road_Number,2nd_Road_Class,2nd_Road_Number,Accident_Severity,Carriageway_Hazards,Date,Day_of_Week,Did_Police_Officer_Attend_Scene_of_Accident,Junction_Control,Junction_Detail,Latitude,Light_Conditions,Location_Easting_OSGR,Location_Northing_OSGR,Longitude,LSOA_of_Accident_Location,Number_of_Casualties,Number_of_Vehicles,Pedestrian_Crossing-Human_Control,Pedestrian_Crossing-Physical_Facilities,Road_Surface_Conditions,Road_Type,Special_Conditions_at_Site,Speed_limit,Time,Urban_or_Rural_Area,Weather_Conditions,InScotland,Age_Band_of_Driver,Age_of_Vehicle,Driver_Home_Area_Type,Driver_IMD_Decile,Engine_Capacity_.CC.,Hit_Object_in_Carriageway,Hit_Object_off_Carriageway,Journey_Purpose_of_Driver,Junction_Location,make,model,Propulsion_Code,Sex_of_Driver,Skidding_and_Overturning,Towing_and_Articulation,Vehicle_Leaving_Carriageway,Vehicle_Location.Restricted_Lane,Vehicle_Manoeuvre,Vehicle_Reference,Vehicle_Type,Was_Vehicle_Left_Hand_Drive,X1st_Point_of_Impact,Year
201022C005620,B,4636,Unclassified,0,Slight,None,10-11-2010,Wednesday,1,Give way or uncontrolled,T or staggered junction,52.194127,Darkness - lights lit,387050,255120,-2.190886,E01032307,1,1,0,0,Dry,Single carriageway,None,30,17:30:00,Urban,Fine no high winds,No,21 - 25,2,Rural,7,2231,None,None,Other/Not known (2005-10),Cleared junction or waiting/parked at junction exit,LEXUS,IS 220D,Heavy oil,Female,None,No tow/articulation,Did not leave carriageway,0,Moving off,1,Car,No,Front,2010
201030D000065,Unclassified,0,NA,0,Slight,None,25-01-2010,Monday,1,Data missing or out of range,Not at junction or within 20 metres,52.926534,Darkness - lights lit,435290,336700,-1.476498,E01013479,1,1,0,0,Wet or damp,Single carriageway,None,30,21:00:00,Urban,Fine no high winds,No,21 - 25,2,Urban area,10,2148,Bridge (roof),None,Journey as part of work,Not at or within 20 metres of junction,MERCEDES,,Heavy oil,Female,None,No tow/articulation,Did not leave carriageway,0,Going ahead left-hand bend,1,Other vehicle,No,Front,2010
201032D291610,A,46,B,1190,Slight,None,21-09-2010,Tuesday,2,Give way or uncontrolled,Roundabout,53.207955,Darkness - lights lit,492420,368770,-0.617646,E01026163,1,2,0,0,Dry,Roundabout,None,60,22:15:00,Rural,Fine no high winds,No,21 - 25,2,Urban area,3,1242,None,None,Other/Not known (2005-10),Leaving roundabout,FIAT,500 LOUNGE RHD,Petrol,Female,Skidded,No tow/articulation,Did not leave carriageway,0,Going ahead other,2,Car,No,Nearside,2010
201032D348310,Unclassified,0,NA,0,Slight,None,15-11-2010,Monday,1,Data missing or out of range,Not at junction or within 20 metres,53.218275,Darkness - lights lit,493530,369940,-0.600689,E01026159,1,2,0,0,Dry,Single carriageway,None,30,20:20:00,Urban,Fine no high winds,No,21 - 25,2,Urban area,4,49,None,None,Other/Not known (2005-10),Not at or within 20 metres of junction,YAMAHA,CS 50 JOG RR,Petrol,Female,None,No tow/articulation,Did not leave carriageway,0,Going ahead other,2,Motorcycle 50cc and under,No,Front,2010
2010160D00081,Unclassified,0,NA,0,Slight,None,18-01-2010,Monday,1,Data missing or out of range,Not at junction or within 20 metres,53.804692,Darkness - lights lit,510500,435570,-0.323524,E01012780,2,2,0,0,Wet or damp,Single carriageway,None,30,20:05:00,Rural,Fog or mist,No,21 - 25,2,Urban area,1,1086,None,Other permanent object,Other/Not known (2005-10),Not at or within 20 metres of junction,KIA,PICANTO 3 12V,Petrol,Female,None,No tow/articulation,Nearside,0,Parked,2,Car,No,Back,2010
201045GU56892,B,3000,NA,0,Slight,None,04-03-2020,Wednesday,1,Data missing or out of range,Not at junction or within 20 metres,15.23011465,Darkness - lights lit,495700,146880,74.01466141,E01030478,1,3,0,0,Frost or ice,Single carriageway,None,30,19:33:00,Rural,Other,No,21 - 25,2,Urban area,10,1422,None,None,Other/Not known (2005-10),Not at or within 20 metres of junction,VOLKSWAGEN,POLO BLUEMOTION 2 TDI A/C,Heavy oil,Male,None,No tow/articulation,Did not leave carriageway,0,Going ahead other,1,Car,No,Front,2019
201043N231110,A,40,C,126,Slight,None,19-07-2019,Friday,1,Auto traffic signal,Crossroads,19.10053704,Darkness - lights lit,485830,193520,72.87866211,E01017905,1,2,0,0,Wet or damp,Single carriageway,None,30,05:29:00,Urban,Other,No,21 - 25,2,Urban area,10,1390,None,None,Journey as part of work,Approaching junction or waiting/parked at junction approach,SEAT,IBIZA SPORTRIDER,Petrol,Male,Skidded,No tow/articulation,Did not leave carriageway,0,Going ahead other,2,Car,No,Offside,2021
201043N231110,A,40,C,126,Slight,None,26-11-2010,Friday,1,Auto traffic signal,Crossroads,51.633902,Darkness - lights lit,485830,193520,-0.761247,E01017905,1,2,0,0,Wet or damp,Single carriageway,None,30,05:29:00,Urban,Other,No,21 - 25,2,Urban area,10,1390,None,None,Journey as part of work,Approaching junction or waiting/parked at junction approach,SEAT,IBIZA SPORTRIDER,Petrol,Male,Skidded,No tow/articulation,Did not leave carriageway,0,Going ahead other,2,Car,No,Offside,2010
201045GU56892,B,3000,NA,0,Slight,None,08-12-2010,Wednesday,1,Data missing or out of range,Not at junction or within 20 metres,51.213056,Darkness - lights lit,495700,146880,-0.631261,E01030478,1,3,0,0,Frost or ice,Single carriageway,None,30,19:33:00,Rural,Other,No,21 - 25,2,Urban area,10,1422,None,None,Other/Not known (2005-10),Not at or within 20 metres of junction,VOLKSWAGEN,POLO BLUEMOTION 2 TDI A/C,Heavy oil,Male,None,No tow/articulation,Did not leave carriageway,0,Going ahead other,1,Car,No,Front,2010
201001YE80911,Unclassified,0,Unclassified,0,Slight,None,20-12-2010,Monday,1,Give way or uncontrolled,Roundabout,51.613225,Darkness - lights lit,536050,192320,-0.036454,E01001427,2,2,0,0,Frost or ice,Single carriageway,None,30,21:16:00,Rural,Other,No,21 - 25,2,Urban area,3,1910,None,None,Other/Not known (2005-10),Approaching junction or waiting/parked at junction approach,VAUXHALL,ASTRA SRI+CDTI 150,Heavy oil,Male,None,No tow/articulation,Did not leave carriageway,0,Moving off,1,Car,No,Back,2010
201005EE07290,Unclassified,0,NA,0,Slight,None,20-12-2010,Monday,1,Data missing or out of range,Not at junction or within 20 metres,53.446835,Darkness - lights lit,340350,394830,-2.899609,E01006669,1,1,0,0,Frost or ice,Single carriageway,Road surface defective,30,07:00:00,Urban,Other,No,21 - 25,2,Data missing or out of range,NA,2198,None,Other permanent object,Other/Not known (2005-10),Not at or within 20 metres of junction,FORD,TRANSIT 85 T260S FWD,Heavy oil,Male,Skidded,No tow/articulation,Nearside,0,Moving off,1,Van / Goods 3.5 tonnes mgw or under,No,Front,2010
201006F027854,B,6186,Unclassified,0,Slight,None,09-02-2010,Tuesday,1,Give way or uncontrolled,T or staggered junction,53.490615,Darkness - lights lit,381590,399360,-2.278951,E01005681,1,1,0,0,Frost or ice,Single carriageway,None,30,22:07:00,Urban,Other,No,21 - 25,2,Urban area,3,1999,None,None,Other/Not known (2005-10),Approaching junction or waiting/parked at junction approach,FORD,FIESTA ST 500,Petrol,Male,Skidded,No tow/articulation,Did not leave carriageway,0,Going ahead other,1,Car,No,Nearside,2010
201011SJ30760,A,66,NA,0,Slight,None,21-11-2010,Sunday,1,Data missing or out of range,Not at junction or within 20 metres,54.507531,Darkness - lights lit,427540,512550,-1.576182,E01012338,2,3,0,0,Frost or ice,Single carriageway,None,60,00:59:00,Urban,Other,No,21 - 25,2,Data missing or out of range,NA,1328,None,None,Other/Not known (2005-10),Not at or within 20 metres of junction,SUZUKI,SWIFT GL 3DR,Petrol,Male,None,No tow/articulation,Did not leave carriageway,0,Parked,2,Car,No,Back,2010
201022D000184,A,4025,NA,0,Slight,None,11-01-2010,Monday,2,Data missing or out of range,Not at junction or within 20 metres,52.342305,Darkness - lights lit,381390,271620,-2.274605,E01032460,3,2,0,0,Snow,One way street,None,30,19:00:00,Urban,Other,No,21 - 25,2,Urban area,5,1399,Kerb,None,Other/Not known (2005-10),Not at or within 20 metres of junction,FORD,FIESTA ZETEC CLIMATE TDCI,Heavy oil,Male,None,No tow/articulation,Did not leave carriageway,0,Going ahead other,1,Car,No,Offside,2010
201045EL56853,C,160,NA,0,Slight,None,30-12-2019,Thursday,1,Data missing or out of range,Not at junction or within 20 metres,8.881916391,Darkness - lights lit,515970,167400,76.64640853,E01030351,2,2,0,0,Wet or damp,Single carriageway,None,30,03:20:00,Urban,Other,No,21 - 25,2,Urban area,10,1149,None,None,Other/Not known (2005-10),Not at or within 20 metres of junction,RENAULT,CLIO RIP CURL 16V,Petrol,Female,None,No tow/articulation,Did not leave carriageway,0,Parked,2,Car,No,Back,2020
201043P203020,A,423,A,4142,Slight,None,10-07-2019,Thursday,2,Give way or uncontrolled,Roundabout,28.72381554,Darkness - lights lit,452980,202880,77.18999405,E01028577,1,2,0,0,Wet or damp,Roundabout,None,60,17:45:00,Rural,Other,No,21 - 25,2,Small town,8,1796,None,None,Commuting to/from work,Leaving roundabout,VAUXHALL,VECTRA SRI,Petrol,Female,None,No tow/articulation,Did not leave carriageway,0,Going ahead other,2,Car,No,Offside,2020
201001EO40655,A,1,Unclassified,0,Slight,None,23-10-2010,Saturday,1,Auto traffic signal,T or staggered junction,51.5631,Darkness - lights lit,529870,186580,-0.127781,E01002774,2,4,0,5,Wet or damp,Single carriageway,None,30,18:43:00,Urban,Other,No,21 - 25,2,Urban area,1,1149,None,None,Other/Not known (2005-10),Approaching junction or waiting/parked at junction approach,RENAULT,CLIO EXTREME,Petrol,Female,None,No tow/articulation,Did not leave carriageway,0,Waiting to go - held up,4,Car,No,Front,2010
201043P203020,A,423,A,4142,Slight,None,18-02-2010,Thursday,2,Give way or uncontrolled,Roundabout,51.722101,Darkness - lights lit,452980,202880,-1.234422,E01028577,1,2,0,0,Wet or damp,Roundabout,None,60,17:45:00,Rural,Other,No,21 - 25,2,Small town,8,1796,None,None,Commuting to/from work,Leaving roundabout,VAUXHALL,VECTRA SRI,Petrol,Female,None,No tow/articulation,Did not leave carriageway,0,Going ahead other,2,Car,No,Offside,2010
201045EL56853,C,160,NA,0,Slight,None,23-12-2010,Thursday,1,Data missing or out of range,Not at junction or within 20 metres,51.39374,Darkness - lights lit,515970,167400,-0.334511,E01030351,2,2,0,0,Wet or damp,Single carriageway,None,30,03:20:00,Urban,Other,No,21 - 25,2,Urban area,10,1149,None,None,Other/Not known (2005-10),Not at or within 20 metres of junction,RENAULT,CLIO RIP CURL 16V,Petrol,Female,None,No tow/articulation,Did not leave carriageway,0,Parked,2,Car,No,Back,2010
201001EO40655,A,1,Unclassified,0,Slight,None,23-10-2010,Saturday,1,Auto traffic signal,T or staggered junction,51.5631,Darkness - lights lit,529870,186580,-0.127781,E01002774,2,4,0,5,Wet or damp,Single carriageway,None,30,18:43:00,Urban,Other,No,21 - 25,2,Urban area,1,1149,None,None,Other/Not known (2005-10),Approaching junction or waiting/parked at junction approach,RENAULT,CLIO EXTREME,Petrol,Female,None,No tow/articulation,Did not leave carriageway,0,Waiting to go - held up,4,Car,No,Front,2010
201005CC01802,A,562,A,562,Slight,None,20-02-2010,Saturday,1,Give way or uncontrolled,T or staggered junction,53.357269,Darkness - lights lit,346610,384790,-2.803662,E01006420,1,1,0,0,Frost or ice,Dual carriageway,None,70,05:54:00,Rural,Other,No,21 - 25,2,Urban area,4,1560,None,Tree,Commuting to/from work,Approaching junction or waiting/parked at junction approach,PEUGEOT,308 S DT,Heavy oil,Female,Skidded,No tow/articulation,Nearside,0,Changing lane to right,1,Car,No,Nearside,2010
201030D000217,C,100,NA,,Slight,None,07-03-2010,Sunday,1,Give way or uncontrolled,Private drive or entrance,52.924375,Darkness - lights lit,435320,336460,-1.476077,E01013479,3,2,0,0,Wet or damp,One way street,None,30,03:00:00,Urban,Other,No,21 - 25,2,Urban area,3,1240,None,None,Commuting to/from work,Approaching junction or waiting/parked at junction approach,NISSAN,MICRA ACENTA,Petrol,Female,None,No tow/articulation,Did not leave carriageway,0,Turning right,1,Car,No,Front,2010
201042I390711,A,13,Unclassified,0,Slight,None,06-08-2021,Thursday,1,Give way or uncontrolled,T or staggered junction,25.78221321,Darkness - lights lit,579890,187770,87.49266649,E01021482,1,2,0,0,Wet or damp,Single carriageway,None,30,18:05:00,Urban,Raining no high winds,No,21 - 25,2,Urban area,9,1999,None,None,Commuting to/from work,Entering main road,FORD,FIESTA ST,Petrol,Male,None,No tow/articulation,Did not leave carriageway,0,Turning right,1,Car,No,Front,2019
201037G030383,B,1067,Unclassified,4441,Slight,None,15-10-2020,Friday,1,Give way or uncontrolled,T or staggered junction,28.63458931,Darkness - lights lit,613790,245740,77.33050043,E01030030,1,2,0,0,Wet or damp,Single carriageway,None,30,18:45:00,Urban,Raining no high winds,No,21 - 25,2,Urban area,2,124,None,None,Other/Not known (2005-10),Approaching junction or waiting/parked at junction approach,JINLUN,JL 125 Y,Petrol,Male,Skidded,No tow/articulation,Did not leave carriageway,0,Going ahead other,2,Motorcycle 125cc and under,No,Front,2020
201037G030119,C,320,NA,0,Slight,None,08-09-2021,Wednesday,1,Data missing or out of range,Not at junction or within 20 metres,28.60861982,Darkness - lights lit,619140,242210,77.21817362,E01029993,1,1,0,0,Wet or damp,Single carriageway,None,30,22:55:00,Urban,Raining no high winds,No,21 - 25,2,Urban area,3,124,None,None,Other/Not known (2005-10),Not at or within 20 metres of junction,LIFAN,LF 125-30,Petrol,Male,None,No tow/articulation,Did not leave carriageway,0,Going ahead other,1,Motorcycle 125cc and under,No,Front,2021
201034WN39680,A,4500,Unclassified,8476,Slight,None,09-02-2019,Friday,1,Auto traffic signal,Crossroads,19.08944873,Darkness - lights lit,479620,262460,72.83430097,E01027259,2,2,0,0,Wet or damp,Single carriageway,None,30,18:00:00,Urban,Raining no high winds,No,21 - 25,2,Urban area,2,1796,None,None,Other/Not known (2005-10),Mid Junction - on roundabout or on main road,VAUXHALL,VECTRA EXCLUSIV,Petrol,Male,None,No tow/articulation,Did not leave carriageway,0,Going ahead other,2,Car,No,Front,2021
201001CW11861,B,507,Unclassified,0,Slight,None,06-09-2010,Monday,1,Give way or uncontrolled,Crossroads,51.535344,Darkness - lights lit,526240,183400,-0.181262,E01004646,1,2,0,0,Wet or damp,Single carriageway,None,30,20:15:00,Urban,Raining no high winds,No,21 - 25,2,Urban area,5,1598,None,None,Other/Not known (2005-10),Approaching junction or waiting/parked at junction approach,MINI,COOPER SIDEWALK,Petrol,Male,None,No tow/articulation,Did not leave carriageway,0,Waiting to go - held up,1,Car,No,Did not impact,2010
201001CW12105,C,0,Unclassified,0,Slight,None,02-10-2010,Saturday,1,Give way or uncontrolled,T or staggered junction,51.518038,Darkness - lights lit,525260,181450,-0.196077,E01004655,1,2,0,0,Wet or damp,Single carriageway,None,30,20:09:00,Urban,Raining no high winds,No,21 - 25,2,Data missing or out of range,NA,125,None,None,Other/Not known (2005-10),Mid Junction - on roundabout or on main road,HONDA,ANF 125-7,Petrol,Male,None,No tow/articulation,Did not leave carriageway,0,Going ahead other,1,Motorcycle 125cc and under,No,Front,2010
201001FH10149,A,402,Unclassified,0,Slight,None,24-03-2010,Wednesday,1,Give way or uncontrolled,T or staggered junction,51.500126,Darkness - lights lit,522510,179390,-0.236407,E01001928,1,2,0,0,Wet or damp,Single carriageway,None,30,23:41:00,Urban,Raining no high winds,No,21 - 25,2,Urban area,2,125,None,None,Other/Not known (2005-10),Mid Junction - on roundabout or on main road,HONDA,ANF 125-7,Petrol,Male,None,No tow/articulation,Did not leave carriageway,0,Going ahead other,1,Motorcycle 125cc and under,No,Offside,2010
201001FH10517,A,315,B,317,Slight,None,01-10-2010,Friday,1,Auto traffic signal,T or staggered junction,51.494983,Darkness - lights lit,524250,178860,-0.211538,E01001866,1,1,0,5,Wet or damp,Single carriageway,None,30,20:45:00,Urban,Raining no high winds,No,21 - 25,2,Urban area,4,125,None,None,Other/Not known (2005-10),Mid Junction - on roundabout or on main road,HONDA,CBR 125 RW-7,Petrol,Male,Skidded,No tow/articulation,Did not leave carriageway,0,Going ahead other,1,Motorcycle 125cc and under,No,Nearside,2010
201001HT20594,A,11,Unclassified,0,Slight,None,22-08-2010,Sunday,1,Give way or uncontrolled,T or staggered junction,51.52117,Darkness - lights lit,535450,182060,-0.049066,E01004290,1,1,0,0,Wet or damp,Single carriageway,None,30,20:30:00,Urban,Raining no high winds,No,21 - 25,2,Urban area,1,124,None,None,Other/Not known (2005-10),Mid Junction - on roundabout or on main road,KAISAR,KS 125-23,Petrol,Male,None,No tow/articulation,Did not leave carriageway,0,Slowing or stopping,1,Motorcycle over 125cc and up to 500cc,No,Front,2010
201001KF60597,A,124,Unclassified,0,Slight,None,12-08-2010,Thursday,1,Give way or uncontrolled,T or staggered junction,51.531182,Darkness - lights lit,541890,183350,0.044215,E01003493,1,2,0,1,Wet or damp,Single carriageway,None,30,18:30:00,Urban,Raining no high winds,No,21 - 25,2,Urban area,2,108,None,None,Journey as part of work,Approaching junction or waiting/parked at junction approach,HONDA,NHX 110 WH-8,Petrol,Male,None,No tow/articulation,Did not leave carriageway,0,Going ahead other,1,Motorcycle 125cc and under,No,Nearside,2010
201001RY10429,A,221,NA,0,Slight,None,14-10-2010,Thursday,1,Data missing or out of range,Not at junction or within 20 metres,51.443513,Darkness - lights lit,547390,173750,0.119446,E01000351,1,2,0,0,Wet or damp,Single carriageway,None,30,19:45:00,Urban,Raining no high winds,No,21 - 25,2,Data missing or out of range,NA,599,None,None,Commuting to/from work,Not at or within 20 metres of junction,SUZUKI,GSR 600 K8,Petrol,Male,Skidded,No tow/articulation,Did not leave carriageway,0,Going ahead other,1,Motorcycle over 500cc,No,Offside,2010
201034WN39680,A,4500,Unclassified,8476,Slight,None,01-10-2010,Friday,1,Auto traffic signal,Crossroads,52.254524,Darkness - lights lit,479620,262460,-0.835009,E01027259,2,2,0,0,Wet or damp,Single carriageway,None,30,18:00:00,Urban,Raining no high winds,No,21 - 25,2,Urban area,2,1796,None,None,Other/Not known (2005-10),Mid Junction - on roundabout or on main road,VAUXHALL,VECTRA EXCLUSIV,Petrol,Male,None,No tow/articulation,Did not leave carriageway,0,Going ahead other,2,Car,No,Front,2010
201037G030119,C,320,NA,0,Slight,None,29-09-2010,Wednesday,1,Data missing or out of range,Not at junction or within 20 metres,52.034923,Darkness - lights lit,619140,242210,1.193542,E01029993,1,1,0,0,Wet or damp,Single carriageway,None,30,22:55:00,Urban,Raining no high winds,No,21 - 25,2,Urban area,3,124,None,None,Other/Not known (2005-10),Not at or within 20 metres of junction,LIFAN,LF 125-30,Petrol,Male,None,No tow/articulation,Did not leave carriageway,0,Going ahead other,1,Motorcycle 125cc and under,No,Front,2010
201037G030383,B,1067,Unclassified,4441,Slight,None,12-11-2010,Friday,1,Give way or uncontrolled,T or staggered junction,52.0687,Darkness - lights lit,613790,245740,1.117875,E01030030,1,2,0,0,Wet or damp,Single carriageway,None,30,18:45:00,Urban,Raining no high winds,No,21 - 25,2,Urban area,2,124,None,None,Other/Not known (2005-10),Approaching junction or waiting/parked at junction approach,JINLUN,JL 125 Y,Petrol,Male,Skidded,No tow/articulation,Did not leave carriageway,0,Going ahead other,2,Motorcycle 125cc and under,No,Front,2010
201042I390711,A,13,Unclassified,0,Slight,None,18-11-2010,Thursday,1,Give way or uncontrolled,T or staggered junction,51.560065,Darkness - lights lit,579890,187770,0.593778,E01021482,1,2,0,0,Wet or damp,Single carriageway,None,30,18:05:00,Urban,Raining no high winds,No,21 - 25,2,Urban area,9,1999,None,None,Commuting to/from work,Entering main road,FORD,FIESTA ST,Petrol,Male,None,No tow/articulation,Did not leave carriageway,0,Turning right,1,Car,No,Front,2010
201001FH10149,A,402,Unclassified,0,Slight,None,24-03-2010,Wednesday,1,Give way or uncontrolled,T or staggered junction,51.500126,Darkness - lights lit,522510,179390,-0.236407,E01001928,1,2,0,0,Wet or damp,Single carriageway,None,30,23:41:00,Urban,Raining no high winds,No,21 - 25,2,Urban area,2,125,None,None,Other/Not known (2005-10),Mid Junction - on roundabout or on main road,HONDA,ANF 125-7,Petrol,Male,None,No tow/articulation,Did not leave carriageway,0,Going ahead other,1,Motorcycle 125cc and under,No,Offside,2010
201001FH10517,A,315,B,317,Slight,None,01-10-2010,Friday,1,Auto traffic signal,T or staggered junction,51.494983,Darkness - lights lit,524250,178860,-0.211538,E01001866,1,1,0,5,Wet or damp,Single carriageway,None,30,20:45:00,Urban,Raining no high winds,No,21 - 25,2,Urban area,4,125,None,None,Other/Not known (2005-10),Mid Junction - on roundabout or on main road,HONDA,CBR 125 RW-7,Petrol,Male,Skidded,No tow/articulation,Did not leave carriageway,0,Going ahead other,1,Motorcycle 125cc and under,No,Nearside,2010
201001HT20594,A,11,Unclassified,0,Slight,None,22-08-2010,Sunday,1,Give way or uncontrolled,T or staggered junction,51.52117,Darkness - lights lit,535450,182060,-0.049066,E01004290,1,1,0,0,Wet or damp,Single carriageway,None,30,20:30:00,Urban,Raining no high winds,No,21 - 25,2,Urban area,1,124,None,None,Other/Not known (2005-10),Mid Junction - on roundabout or on main road,KAISAR,KS 125-23,Petrol,Male,None,No tow/articulation,Did not leave carriageway,0,Slowing or stopping,1,Motorcycle over 125cc and up to 500cc,No,Front,2010
201001KF60597,A,124,Unclassified,0,Slight,None,12-08-2010,Thursday,1,Give way or uncontrolled,T or staggered junction,51.531182,Darkness - lights lit,541890,183350,0.044215,E01003493,1,2,0,1,Wet or damp,Single carriageway,None,30,18:30:00,Urban,Raining no high winds,No,21 - 25,2,Urban area,2,108,None,None,Journey as part of work,Approaching junction or waiting/parked at junction approach,HONDA,NHX 110 WH-8,Petrol,Male,None,No tow/articulation,Did not leave carriageway,0,Going ahead other,1,Motorcycle 125cc and under,No,Nearside,2010
201001RY10429,A,221,NA,0,Slight,None,14-10-2010,Thursday,1,Data missing or out of range,Not at junction or within 20 metres,51.443513,Darkness - lights lit,547390,173750,0.119446,E01000351,1,2,0,0,Wet or damp,Single carriageway,None,30,19:45:00,Urban,Raining no high winds,No,21 - 25,2,Data missing or out of range,NA,599,None,None,Commuting to/from work,Not at or within 20 metres of junction,SUZUKI,GSR 600 K8,Petrol,Male,Skidded,No tow/articulation,Did not leave carriageway,0,Going ahead other,1,Motorcycle over 500cc,No,Offside,2010
201001WW50427,A,216,Unclassified,0,Slight,None,18-06-2010,Friday,1,Give way or uncontrolled,T or staggered junction,51.422348,Darkness - lights lit,529160,170900,-0.143752,E01004517,1,2,0,0,Wet or damp,Single carriageway,None,30,21:20:00,Urban,Raining no high winds,No,21 - 25,2,Urban area,5,49,None,None,Journey as part of work,Mid Junction - on roundabout or on main road,PEUGEOT,LUDIX ELEGANCE,Petrol,Male,None,No tow/articulation,Did not leave carriageway,0,Overtaking moving vehicle - offside,2,Motorcycle 50cc and under,No,Did not impact,2010
201001YE80334,Unclassified,0,Unclassified,0,Slight,None,01-05-2010,Saturday,1,Give way or uncontrolled,Crossroads,51.635448,Darkness - lights lit,531780,194680,-0.097201,E01001569,1,2,0,0,Wet or damp,One way street,Roadworks,30,23:19:00,Urban,Raining no high winds,No,21 - 25,2,Urban area,6,1149,Kerb,Other permanent object,Other/Not known (2005-10),Mid Junction - on roundabout or on main road,RENAULT,CLIO EXPRESSION TURBO 100,Petrol,Male,None,No tow/articulation,Straight ahead at junction,0,Going ahead other,2,Car,No,Front,2010
201001YE80656,Unclassified,0,Unclassified,0,Slight,None,23-09-2010,Thursday,1,Give way or uncontrolled,Crossroads,51.621701,Darkness - lights lit,531000,193130,-0.109045,E01001566,1,2,0,0,Wet or damp,Single carriageway,None,30,21:30:00,Urban,Raining no high winds,No,21 - 25,2,Urban area,6,125,None,None,Other/Not known (2005-10),Approaching junction or waiting/parked at junction approach,HONDA,ANF 125-7,Petrol,Male,None,No tow/articulation,Did not leave carriageway,0,Slowing or stopping,1,Motorcycle 50cc and under,No,Front,2010
201001ZT80268,Unclassified,0,Unclassified,0,Slight,None,25-08-2010,Wednesday,1,Give way or uncontrolled,T or staggered junction,51.371287,Darkness - lights lit,528030,165190,-0.162053,E01004166,1,2,0,0,Wet or damp,Single carriageway,None,30,19:15:00,Urban,Raining no high winds,No,21 - 25,2,Urban area,4,1198,None,None,Other/Not known (2005-10),Approaching junction or waiting/parked at junction approach,VOLKSWAGEN,POLO E 60,Petrol,Male,None,No tow/articulation,Did not leave carriageway,0,Slowing or stopping,1,Car,No,Back,2010
201006A037676,Unclassified,0,A,34,Slight,None,01-10-2010,Friday,1,Auto traffic signal,Crossroads,53.47874,Darkness - lights lit,384020,398030,-2.242258,E01005131,1,1,0,0,Wet or damp,One way street,None,30,18:45:00,Urban,Raining no high winds,No,21 - 25,2,Data missing or out of range,NA,6700,None,Other permanent object,Journey as part of work,Leaving main road,ALEXANDER DENNIS,,Heavy oil,Male,None,No tow/articulation,Did not leave carriageway,1,Turning left,1,Bus or coach (17 or more pass seats),No,Front,2010
201020D023913,Unclassified,0,NA,0,Slight,None,21-01-2010,Thursday,1,Data missing or out of range,Not at junction or within 20 metres,52.46858,Darkness - lights lit,409910,285640,-1.855558,E01009329,1,1,0,4,Wet or damp,Single carriageway,None,30,20:18:00,Urban,Raining no high winds,No,21 - 25,2,Urban area,1,1896,None,None,Other/Not known (2005-10),Not at or within 20 metres of junction,VOLKSWAGEN,GOLF MATCH TDI 105,Heavy oil,Male,None,No tow/articulation,Did not leave carriageway,0,Going ahead other,1,Car,No,Front,2010
201020G006510,Unclassified,0,A,4124,Slight,None,13-08-2010,Friday,1,Give way or uncontrolled,Roundabout,52.594762,Darkness - lights lit,393810,299670,-2.092825,E01010564,4,3,0,0,Wet or damp,Roundabout,None,30,01:40:00,Urban,Raining no high winds,No,21 - 25,2,Urban area,2,2148,None,None,Other/Not known (2005-10),Approaching junction or waiting/parked at junction approach,MERCEDES,C220 SPORT CDI A,Heavy oil,Male,None,No tow/articulation,Did not leave carriageway,0,Slowing or stopping,2,Car,No,Back,2010
201020S048770,Unclassified,0,A,38,Slight,None,18-11-2010,Thursday,1,Give way or uncontrolled,Private drive or entrance,52.428831,Darkness - lights lit,403440,281210,-1.950845,E01008950,1,1,0,0,Wet or damp,Single carriageway,None,30,19:37:00,Urban,Raining no high winds,No,21 - 25,2,Urban area,1,1368,None,None,Commuting to/from work,Entering main road,FIAT,PUNTO DYNAMIC SPORT 8V,Petrol,Male,None,No tow/articulation,Did not leave carriageway,0,Turning right,1,Car,No,Offside,2010
201022C001598,A,38,A,4536,Slight,None,26-03-2010,Friday,1,Give way or uncontrolled,T or staggered junction,52.228377,Darkness - lights lit,386880,258930,-2.193522,E01032399,2,2,0,0,Wet or damp,Single carriageway,None,30,22:55:00,Rural,Raining no high winds,No,21 - 25,2,Urban area,8,1399,None,None,Commuting to/from work,Entering main road,FORD,FIESTA ZETEC BLUE TDCI,Heavy oil,Male,None,No tow/articulation,Did not leave carriageway,0,Turning right,1,Car,No,Front,2010
201022G004842,Unclassified,0,Unclassified,0,Slight,None,24-09-2010,Friday,2,Give way or uncontrolled,T or staggered junction,52.53414,Darkness - lights lit,372590,293000,-2.405534,E01028834,1,1,0,0,Wet or damp,Single carriageway,None,30,05:45:00,Urban,Raining no high winds,No,21 - 25,2,Urban area,2,124,None,None,Other/Not known (2005-10),Approaching junction or waiting/parked at junction approach,HYOSUNG,GT 125 COMET,Petrol,Male,None,No tow/articulation,Did not leave carriageway,0,Going ahead right-hand bend,1,Motorcycle over 125cc and up to 500cc,No,Offside,2010