Accident_Index,1st_Road_Class,1st_Road_Number,2nd_Road_Class,2nd_Road_Number,Accident_Severity,Carriageway_Hazards,Date,Day_of_Week,Did_Police_Officer_Attend_Scene_of_Accident,Junction_Control,Junction_Detail,Latitude,Light_Conditions,Location_Easting_OSGR,Location_Northing_OSGR,Longitude,LSOA_of_Accident_Location,Number_of_Casualties,Number_of_Vehicles,Pedestrian_Crossing-Human_Control,Pedestrian_Crossing-Physical_Facilities,Road_Surface_Conditions,Road_Type,Special_Conditions_at_Site,Speed_limit,Time,Urban_or_Rural_Area,Weather_Conditions,InScotland,Age_Band_of_Driver,Age_of_Vehicle,Driver_Home_Area_Type,Driver_IMD_Decile,Engine_Capacity_.CC.,Hit_Object_in_Carriageway,Hit_Object_off_Carriageway,Journey_Purpose_of_Driver,Junction_Location,make,model,Propulsion_Code,Sex_of_Driver,Skidding_and_Overturning,Towing_and_Articulation,Vehicle_Leaving_Carriageway,Vehicle_Location.Restricted_Lane,Vehicle_Manoeuvre,Vehicle_Reference,Vehicle_Type,Was_Vehicle_Left_Hand_Drive,X1st_Point_of_Impact,Year
20103102A2779,C,221,Unclassified,0,Slight,None,26-10-2010,Tuesday,1,Give way or uncontrolled,T or staggered junction,53.040201,Darkness - lights lit,453240,349510,-1.207401,E01027937,1,2,0,1,Wet or damp,Single carriageway,None,30,17:30:00,Urban,Raining no high winds,No,21 - 25,2,Urban area,3,49,None,None,Other/Not known (2005-10),Cleared junction or waiting/parked at junction exit,SYM,JET 50 BASIX,Petrol,Male,Skidded,No tow/articulation,Did not leave carriageway,0,Going ahead other,1,Motorcycle 50cc and under,No,Front,2010
20104100D0983,A,4146,Unclassified,859,Slight,None,20-05-2021,Monday,1,Auto traffic signal,T or staggered junction,25.77458284,Darkness - lights lit,505370,206580,87.45976292,E01023398,2,3,0,5,Wet or damp,Dual carriageway,None,30,20:55:00,Urban,Raining no high winds,No,21 - 25,2,Rural,10,1490,None,None,Other/Not known (2005-10),Leaving main road,SUZUKI,SWIFT VVTS GLX,Petrol,Female,None,No tow/articulation,Did not leave carriageway,0,Turning right,2,Car,No,Front,2019
2010400D02891,A,507,A,1,Slight,None,11-12-2021,Friday,1,Give way or uncontrolled,Roundabout,18.49445295,Darkness - lights lit,523240,236450,73.92259762,E01017447,1,3,0,0,Wet or damp,Roundabout,None,60,18:25:00,Rural,Raining no high winds,No,21 - 25,2,Urban area,10,1364,None,None,Other/Not known (2005-10),Mid Junction - on roundabout or on main road,VAUXHALL,TIGRA EXCLUSIV,Petrol,Female,None,No tow/articulation,Did not leave carriageway,0,Turning right,2,Car,No,Front,2021
201042I412212,A,128,Unclassified,0,Slight,None,25-10-2020,Wednesday,1,Give way or uncontrolled,T or staggered junction,19.13142263,Darkness - lights lit,563480,188780,72.84955508,E01021446,2,3,0,0,Wet or damp,Single carriageway,None,50,16:21:00,Rural,Raining no high winds,No,21 - 25,2,Urban area,9,1560,None,None,Other/Not known (2005-10),Approaching junction or waiting/parked at junction approach,PEUGEOT,207 SPORT HDI 90,Heavy oil,Female,None,No tow/articulation,Did not leave carriageway,0,Waiting to turn right,3,Car,No,Back,2021
201042I038902,A,176,B,148,Slight,None,26-01-2020,Wednesday,2,Give way or uncontrolled,Roundabout,14.76181126,Darkness - lights lit,569350,189490,78.60534967,E01021291,2,2,0,0,Wet or damp,Roundabout,None,30,18:00:00,Urban,Raining no high winds,No,21 - 25,2,Urban area,10,796,None,None,Other/Not known (2005-10),Approaching junction or waiting/parked at junction approach,CHEVROLET,MATIZ SE AUTO,Petrol,Female,None,No tow/articulation,Did not leave carriageway,0,Waiting to go - held up,2,Car,No,Back,2019
2010400D02891,A,507,A,1,Slight,None,01-10-2010,Friday,1,Give way or uncontrolled,Roundabout,52.01276,Darkness - lights lit,523240,236450,-0.20568,E01017447,1,3,0,0,Wet or damp,Roundabout,None,60,18:25:00,Rural,Raining no high winds,No,21 - 25,2,Urban area,10,1364,None,None,Other/Not known (2005-10),Mid Junction - on roundabout or on main road,VAUXHALL,TIGRA EXCLUSIV,Petrol,Female,None,No tow/articulation,Did not leave carriageway,0,Turning right,2,Car,No,Front,2010
20104100D0983,A,4146,Unclassified,859,Slight,None,13-12-2010,Monday,1,Auto traffic signal,T or staggered junction,51.74797,Darkness - lights lit,505370,206580,-0.475069,E01023398,2,3,0,5,Wet or damp,Dual carriageway,None,30,20:55:00,Urban,Raining no high winds,No,21 - 25,2,Rural,10,1490,None,None,Other/Not known (2005-10),Leaving main road,SUZUKI,SWIFT VVTS GLX,Petrol,Female,None,No tow/articulation,Did not leave carriageway,0,Turning right,2,Car,No,Front,2010
2010160D00221,Unclassified,0,Unclassified,0,Slight,None,21-01-2010,Thursday,2,Give way or uncontrolled,T or staggered junction,53.733619,Darkness - lights lit,507080,427580,-0.378203,E01012889,1,2,0,0,Wet or damp,Single carriageway,None,30,20:10:00,Urban,Snowing no high winds,No,21 - 25,2,Urban area,2,1686,None,None,Commuting to/from work,Cleared junction or waiting/parked at junction exit,VAUXHALL,ASTRA SRI+CDTI 100,Heavy oil,Female,None,No tow/articulation,Did not leave carriageway,0,Parked,2,Car,No,Back,2010
201045TA49587,A,22,NA,0,Slight,None,07-03-2021,Saturday,1,Data missing or out of range,Not at junction or within 20 metres,28.46845348,Darkness - lights lit,536380,141950,77.02538914,E01030823,1,2,0,0,Wet or damp,Unknown,None,50,20:40:00,Rural,Unknown,No,21 - 25,2,Small town,10,1753,None,None,Other/Not known (2005-10),Not at or within 20 metres of junction,FORD,TRANSIT CONN T200 75,Heavy oil,Male,None,No tow/articulation,Did not leave carriageway,0,Going ahead other,2,Van / Goods 3.5 tonnes mgw or under,No,Did not impact,2019
201045TA49587,A,22,NA,0,Slight,None,27-02-2010,Saturday,1,Data missing or out of range,Not at junction or within 20 metres,51.160492,Darkness - lights lit,536380,141950,-0.051022,E01030823,1,2,0,0,Wet or damp,Unknown,None,50,20:40:00,Rural,Unknown,No,21 - 25,2,Small town,10,1753,None,None,Other/Not known (2005-10),Not at or within 20 metres of junction,FORD,TRANSIT CONN T200 75,Heavy oil,Male,None,No tow/articulation,Did not leave carriageway,0,Going ahead other,2,Van / Goods 3.5 tonnes mgw or under,No,Did not impact,2010
201020M013180,A,4600,Unclassified,0,Slight,None,02-12-2010,Thursday,2,Give way or uncontrolled,Roundabout,52.407371,Darkness - lights lit,434190,278940,-1.498835,E01009641,1,2,0,0,Dry,Roundabout,None,30,17:32:00,Urban,Unknown,No,21 - 25,2,Urban area,8,998,None,None,Other/Not known (2005-10),Leaving roundabout,PEUGEOT,107 URBAN MOVE,Petrol,Female,Skidded,No tow/articulation,Did not leave carriageway,0,Turning left,1,Car,No,Nearside,2010
201004CM10027,Unclassified,0,Unclassified,0,Slight,None,19-02-2010,Friday,1,Give way or uncontrolled,T or staggered junction,53.724141,Darkness - lights unlit,355150,425520,-2.68121,E01025443,1,2,0,0,Wet or damp,Single carriageway,None,30,07:45:00,Urban,Fine no high winds,No,21 - 25,2,Urban area,8,1397,None,None,Commuting to/from work,Entering main road,MINI,ONE,Petrol,Male,None,No tow/articulation,Did not leave carriageway,0,Turning right,1,Car,No,Front,2010
201045GU48868,A,3,NA,0,Slight,None,25-10-2020,Thursday,1,Data missing or out of range,Not at junction or within 20 metres,14.75835271,Darkness - no lighting,505830,156700,78.51777863,E01030458,2,3,0,0,Dry,Dual carriageway,None,70,00:30:00,Rural,Fine no high winds,No,21 - 25,2,Urban area,9,1498,None,None,Other/Not known (2005-10),Not at or within 20 metres of junction,MERCEDES,A150 CLASSIC SE,Petrol,Male,None,No tow/articulation,Did not leave carriageway,0,Going ahead other,1,Car,No,Nearside,2019
201045TA51779,A,22,NA,0,Slight,Any animal in carriageway (except ridden horse),16-07-2020,Sunday,1,Data missing or out of range,Not at junction or within 20 metres,14.78028377,Darkness - no lighting,534610,154880,78.62907783,E01030830,2,1,0,0,Dry,Dual carriageway,None,50,23:14:00,Rural,Fine no high winds,No,21 - 25,2,Urban area,5,1999,Any animal (except ridden horse),None,Other/Not known (2005-10),Not at or within 20 metres of junction,FORD,FIESTA ST,Petrol,Male,Overturned,No tow/articulation,Nearside,0,Going ahead other,1,Car,No,Front,2019
201050JI2B002,A,38,NA,0,Slight,None,18-08-2021,Tuesday,1,Not at junction or within 20 metres,Not at junction or within 20 metres,26.73010744,Darkness - no lighting,264820,55610,94.21406167,E01020160,1,2,0,0,Dry,Dual carriageway,None,70,04:30:00,Rural,Fine no high winds,No,21 - 25,2,Urban area,9,2198,None,None,Other/Not known (2005-10),Not at or within 20 metres of junction,CITROEN,RELAY 35 HDI 120 XLWB,Heavy oil,Male,None,No tow/articulation,Did not leave carriageway,0,Overtaking moving vehicle - offside,1,Van / Goods 3.5 tonnes mgw or under,No,Front,2019
201045MO57209,Unclassified,0,NA,0,Slight,Any animal in carriageway (except ridden horse),08-09-2020,Monday,1,Data missing or out of range,Not at junction or within 20 metres,13.02811177,Darkness - no lighting,513290,157100,77.58235595,E01030543,1,1,0,0,Dry,Single carriageway,None,40,17:20:00,Rural,Fine no high winds,No,21 - 25,2,Data missing or out of range,NA,1397,None,Tree,Other/Not known (2005-10),Not at or within 20 metres of junction,MINI,ONE,Petrol,Male,Skidded,No tow/articulation,Nearside,0,Going ahead other,1,Car,No,Offside,2020
201043P260120,Motorway,40,Motorway,40,Slight,None,24-09-2021,Wednesday,1,Give way or uncontrolled,Slip road,26.46072065,Darkness - no lighting,454730,228020,74.58592278,E01028477,1,3,0,0,Snow,Dual carriageway,None,70,01:50:00,Rural,Fine no high winds,No,21 - 25,2,Urban area,9,12900,Bridge (side),Other permanent object,Journey as part of work,Cleared junction or waiting/parked at junction exit,DAF TRUCKS,,Heavy oil,Male,Jackknifed,Articulated vehicle,Nearside,0,Going ahead other,1,Goods 7.5 tonnes mgw and over,No,Offside,2020
201036T100091,C,138,NA,0,Slight,None,11-11-2020,Thursday,1,Data missing or out of range,Not at junction or within 20 metres,18.56351967,Darkness - no lighting,600200,292110,73.81533487,E01026435,1,1,0,0,Dry,Single carriageway,None,60,00:30:00,Rural,Fine no high winds,No,21 - 25,2,Data missing or out of range,NA,125,None,None,Other/Not known (2005-10),Not at or within 20 metres of junction,HONDA,CBR 125 RW-7,Petrol,Male,None,No tow/articulation,Did not leave carriageway,0,Going ahead other,1,Motorcycle 125cc and under,No,Front,2021
20104100C0263,C,87,C,74,Slight,None,30-09-2020,Monday,1,Give way or uncontrolled,T or staggered junction,18.54656764,Darkness - no lighting,506110,197560,73.78298278,E01023854,2,2,0,0,Dry,Single carriageway,None,30,01:30:00,Rural,Fine no high winds,No,21 - 25,2,Data missing or out of range,NA,1248,None,None,Journey as part of work,Mid Junction - on roundabout or on main road,VAUXHALL,ASTRA SPECIAL CDTI 90,Heavy oil,Male,None,No tow/articulation,Did not leave carriageway,0,Turning right,2,Car,No,Did not impact,2021
201036T100091,C,138,NA,0,Slight,None,01-07-2010,Thursday,1,Data missing or out of range,Not at junction or within 20 metres,52.490116,Darkness - no lighting,600200,292110,0.947396,E01026435,1,1,0,0,Dry,Single carriageway,None,60,00:30:00,Rural,Fine no high winds,No,21 - 25,2,Data missing or out of range,NA,125,None,None,Other/Not known (2005-10),Not at or within 20 metres of junction,HONDA,CBR 125 RW-7,Petrol,Male,None,No tow/articulation,Did not leave carriageway,0,Going ahead other,1,Motorcycle 125cc and under,No,Front,2010
20104100C0263,C,87,C,74,Slight,None,15-03-2010,Monday,1,Give way or uncontrolled,T or staggered junction,51.666758,Darkness - no lighting,506110,197560,-0.467097,E01023854,2,2,0,0,Dry,Single carriageway,None,30,01:30:00,Rural,Fine no high winds,No,21 - 25,2,Data missing or out of range,NA,1248,None,None,Journey as part of work,Mid Junction - on roundabout or on main road,VAUXHALL,ASTRA SPECIAL CDTI 90,Heavy oil,Male,None,No tow/articulation,Did not leave carriageway,0,Turning right,2,Car,No,Did not impact,2010
201043P260120,Motorway,40,Motorway,40,Slight,None,22-12-2010,Wednesday,1,Give way or uncontrolled,Slip road,51.947949,Darkness - no lighting,454730,228020,-1.205121,E01028477,1,3,0,0,Snow,Dual carriageway,None,70,01:50:00,Rural,Fine no high winds,No,21 - 25,2,Urban area,9,12900,Bridge (side),Other permanent object,Journey as part of work,Cleared junction or waiting/parked at junction exit,DAF TRUCKS,,Heavy oil,Male,Jackknifed,Articulated vehicle,Nearside,0,Going ahead other,1,Goods 7.5 tonnes mgw and over,No,Offside,2010
201045GU48868,A,3,NA,0,Slight,None,18-02-2010,Thursday,1,Data missing or out of range,Not at junction or within 20 metres,51.299541,Darkness - no lighting,505830,156700,-0.483379,E01030458,2,3,0,0,Dry,Dual carriageway,None,70,00:30:00,Rural,Fine no high winds,No,21 - 25,2,Urban area,9,1498,None,None,Other/Not known (2005-10),Not at or within 20 metres of junction,MERCEDES,A150 CLASSIC SE,Petrol,Male,None,No tow/articulation,Did not leave carriageway,0,Going ahead other,1,Car,No,Nearside,2010
201045MO57209,Unclassified,0,NA,0,Slight,Any animal in carriageway (except ridden horse),27-12-2010,Monday,1,Data missing or out of range,Not at junction or within 20 metres,51.301702,Darkness - no lighting,513290,157100,-0.376291,E01030543,1,1,0,0,Dry,Single carriageway,None,40,17:20:00,Rural,Fine no high winds,No,21 - 25,2,Data missing or out of range,NA,1397,None,Tree,Other/Not known (2005-10),Not at or within 20 metres of junction,MINI,ONE,Petrol,Male,Skidded,No tow/articulation,Nearside,0,Going ahead other,1,Car,No,Offside,2010
201045TA51779,A,22,NA,0,Slight,Any animal in carriageway (except ridden horse),20-06-2010,Sunday,1,Data missing or out of range,Not at junction or within 20 metres,51.277112,Darkness - no lighting,534610,154880,-0.071469,E01030830,2,1,0,0,Dry,Dual carriageway,None,50,23:14:00,Rural,Fine no high winds,No,21 - 25,2,Urban area,5,1999,Any animal (except ridden horse),None,Other/Not known (2005-10),Not at or within 20 metres of junction,FORD,FIESTA ST,Petrol,Male,Overturned,No tow/articulation,Nearside,0,Going ahead other,1,Car,No,Front,2010
201050JI2B002,A,38,NA,0,Slight,None,15-06-2010,Tuesday,1,Not at junction or within 20 metres,Not at junction or within 20 metres,50.38473,Darkness - no lighting,264820,55610,-3.902863,E01020160,1,2,0,0,Dry,Dual carriageway,None,70,04:30:00,Rural,Fine no high winds,No,21 - 25,2,Urban area,9,2198,None,None,Other/Not known (2005-10),Not at or within 20 metres of junction,CITROEN,RELAY 35 HDI 120 XLWB,Heavy oil,Male,None,No tow/articulation,Did not leave carriageway,0,Overtaking moving vehicle - offside,1,Van / Goods 3.5 tonnes mgw or under,No,Front,2010
201004BA10020,A,683,NA,0,Slight,None,16-02-2010,Tuesday,1,Data missing or out of range,Not at junction or within 20 metres,54.071929,Darkness - no lighting,350030,464270,-2.765136,E01025131,1,2,0,0,Wet or damp,Single carriageway,None,60,18:15:00,Rural,Fine no high winds,No,21 - 25,2,Urban area,8,1598,None,None,Other/Not known (2005-10),Not at or within 20 metres of junction,PEUGEOT,207 SE PREMIUM AUTO,Petrol,Male,None,No tow/articulation,Did not leave carriageway,0,Moving off,1,Car,No,Offside,2010
201014A023010,Motorway,18,NA,0,Slight,None,11-02-2010,Thursday,1,Not at junction or within 20 metres,Not at junction or within 20 metres,53.562446,Darkness - no lighting,466320,407780,-1.000187,E01007557,1,1,0,0,Frost or ice,Dual carriageway,None,70,02:29:00,Rural,Fine no high winds,No,21 - 25,2,Urban area,3,2198,None,None,Journey as part of work,Not at or within 20 metres of junction,FORD,TRANSIT 85 T260S FWD,Heavy oil,Male,None,No tow/articulation,Nearside,0,Going ahead other,1,Van / Goods 3.5 tonnes mgw or under,No,Front,2010
201014A200510,A(M),1,A,630,Slight,None,15-12-2010,Wednesday,1,Give way or uncontrolled,Roundabout,53.502661,Darkness - no lighting,454760,400980,-1.175884,E01007551,2,1,0,0,Wet or damp,Dual carriageway,None,70,23:05:00,Urban,Fine no high winds,No,21 - 25,2,Small town,9,1896,None,None,Commuting to/from work,Approaching junction or waiting/parked at junction approach,SEAT,LEON REFERENCE TDI,Heavy oil,Male,Overturned,No tow/articulation,Nearside,0,Going ahead other,1,Car,No,Did not impact,2010
201014B084210,Unclassified,0,NA,0,Slight,None,13-08-2010,Friday,1,Not at junction or within 20 metres,Not at junction or within 20 metres,53.506607,Darkness - no lighting,423330,401160,-1.649709,E01007426,2,1,0,0,Wet or damp,Single carriageway,None,60,00:40:00,Rural,Fine no high winds,No,21 - 25,2,Small town,9,1968,None,Other permanent object,Other/Not known (2005-10),Not at or within 20 metres of junction,AUDI,TT QUATTRO TDI,Heavy oil,Male,Skidded and overturned,No tow/articulation,Offside,0,Going ahead other,1,Car,No,Front,2010
201022D000874,A,491,Unclassified,0,Slight,None,15-02-2010,Monday,2,Give way or uncontrolled,T or staggered junction,52.417803,Darkness - no lighting,391330,279990,-2.128919,E01032138,2,3,0,8,Wet or damp,Dual carriageway,None,60,18:34:00,Rural,Fine no high winds,No,21 - 25,2,Urban area,8,1998,None,None,Other/Not known (2005-10),Approaching junction or waiting/parked at junction approach,HONDA,CIVIC TYPE-R GT I-VTEC,Petrol,Male,None,No tow/articulation,Did not leave carriageway,0,Going ahead other,2,Car,No,Front,2010
201022G002731,A,4169,NA,0,Slight,None,01-06-2010,Tuesday,1,Data missing or out of range,Not at junction or within 20 metres,52.613232,Darkness - no lighting,363180,301860,-2.545243,E01028852,1,1,0,0,Dry,Single carriageway,None,60,01:50:00,Rural,Fine no high winds,No,21 - 25,2,Urban area,4,1999,Kerb,None,Other/Not known (2005-10),Not at or within 20 metres of junction,FORD,FIESTA ST,Petrol,Male,Skidded and overturned,No tow/articulation,Did not leave carriageway,0,Going ahead other,1,Car,No,Nearside,2010
20104100A0803,C,31,NA,0,Slight,Any animal in carriageway (except ridden horse),09-08-2020,Thursday,1,Not at junction or within 20 metres,Not at junction or within 20 metres,28.68082237,Darkness - no lighting,531910,220020,77.31529164,E01023522,1,1,0,0,Wet or damp,Single carriageway,None,60,17:45:00,Rural,Fine no high winds,No,21 - 25,2,Rural,7,1388,None,Tree,Other/Not known (2005-10),Not at or within 20 metres of junction,FORD,FIESTA ZETEC BLUE,Petrol,Female,Skidded,No tow/articulation,Offside,0,Going ahead other,1,Car,No,Front,2020
201042I050102,Motorway,11,NA,0,Slight,None,25-08-2021,Saturday,1,Not at junction or within 20 metres,Not at junction or within 20 metres,27.08830085,Darkness - no lighting,548660,209640,93.61564743,E01021824,1,1,0,0,Dry,Dual carriageway,None,70,02:50:00,Rural,Fine no high winds,No,21 - 25,2,Urban area,2,1248,None,Central crash barrier,Other/Not known (2005-10),Not at or within 20 metres of junction,HYUNDAI,I10 COMFORT AUTO,Petrol,Female,Skidded,No tow/articulation,Offside on to centrl res + rebounded,6,Going ahead other,1,Car,No,Front,2019
20104100A0803,C,31,NA,0,Slight,Any animal in carriageway (except ridden horse),09-12-2010,Thursday,1,Not at junction or within 20 metres,Not at junction or within 20 metres,51.863129,Darkness - no lighting,531910,220020,-0.085719,E01023522,1,1,0,0,Wet or damp,Single carriageway,None,60,17:45:00,Rural,Fine no high winds,No,21 - 25,2,Rural,7,1388,None,Tree,Other/Not known (2005-10),Not at or within 20 metres of junction,FORD,FIESTA ZETEC BLUE,Petrol,Female,Skidded,No tow/articulation,Offside,0,Going ahead other,1,Car,No,Front,2010
201042I050102,Motorway,11,NA,0,Slight,None,20-02-2010,Saturday,1,Not at junction or within 20 metres,Not at junction or within 20 metres,51.765659,Darkness - no lighting,548660,209640,0.152911,E01021824,1,1,0,0,Dry,Dual carriageway,None,70,02:50:00,Rural,Fine no high winds,No,21 - 25,2,Urban area,2,1248,None,Central crash barrier,Other/Not known (2005-10),Not at or within 20 metres of junction,HYUNDAI,I10 COMFORT AUTO,Petrol,Female,Skidded,No tow/articulation,Offside on to centrl res + rebounded,6,Going ahead other,1,Car,No,Front,2010
201005AA06510,B,5192,NA,0,Slight,None,13-11-2010,Saturday,1,Data missing or out of range,Not at junction or within 20 metres,53.381022,Darkness - no lighting,323460,387750,-3.152147,E01007258,2,2,0,0,Dry,Single carriageway,None,50,17:30:00,Rural,Fine no high winds,No,21 - 25,2,Data missing or out of range,NA,1596,None,None,Other/Not known (2005-10),Not at or within 20 metres of junction,VOLKSWAGEN,BEETLE LUNA 102PS,Petrol,Female,None,No tow/articulation,Did not leave carriageway,0,Going ahead other,1,Car,No,Front,2010
201005AA06531,A,5137,A,5137,Slight,None,15-11-2010,Monday,1,Auto traffic signal,Roundabout,53.338148,Darkness - no lighting,331950,382850,-3.023479,E01007110,1,2,0,0,Wet or damp,Single carriageway,None,60,18:23:00,Rural,Fine no high winds,No,21 - 25,2,Urban area,3,998,None,None,Other/Not known (2005-10),Approaching junction or waiting/parked at junction approach,VAUXHALL,CORSA BREEZE,Petrol,Female,None,No tow/articulation,Did not leave carriageway,0,Going ahead other,1,Car,No,Front,2010
201014A027210,Motorway,18,NA,0,Slight,None,11-02-2010,Thursday,1,Not at junction or within 20 metres,Not at junction or within 20 metres,53.518749,Darkness - no lighting,463560,402880,-1.042844,E01007485,1,2,0,0,Dry,Dual carriageway,None,70,21:05:00,Rural,Fine no high winds,No,21 - 25,2,Small town,7,1248,None,None,Other/Not known (2005-10),Not at or within 20 metres of junction,VAUXHALL,CORSA BREEZE CDTI,Heavy oil,Female,None,No tow/articulation,Did not leave carriageway,0,Going ahead other,1,Car,No,Did not impact,2010
201032D035710,A,15,NA,0,Slight,None,06-02-2010,Saturday,1,Data missing or out of range,Not at junction or within 20 metres,53.022779,Darkness - no lighting,505360,348430,-0.430639,E01026209,1,8,0,0,Frost or ice,Single carriageway,None,60,06:15:00,Rural,Fog or mist,No,21 - 25,2,Small town,6,1910,None,None,Commuting to/from work,Not at or within 20 metres of junction,VAUXHALL,ASTRA SRI CDTI 150 XPACK,Heavy oil,Male,Skidded,No tow/articulation,Did not leave carriageway,0,Going ahead other,2,Car,No,Front,2010
201032B395610,A,1,NA,0,Slight,None,21-12-2010,Tuesday,1,Data missing or out of range,Not at junction or within 20 metres,52.80631,Darkness - no lighting,493620,324100,-0.612618,E01026331,1,2,0,0,Frost or ice,Dual carriageway,None,70,07:00:00,Rural,Other,No,21 - 25,2,Rural,6,2179,None,None,Journey as part of work,Not at or within 20 metres of junction,LAND ROVER,FREELANDER GS TD4 A,Heavy oil,Male,None,No tow/articulation,Did not leave carriageway,0,Waiting to go - held up,2,Car,No,Back,2010
201006A037788,C,0,Unclassified,0,Slight,None,22-10-2010,Friday,1,Give way or uncontrolled,Crossroads,53.494474,Darkness - no lighting,384170,399780,-2.240087,E01005147,3,2,0,0,Wet or damp,Single carriageway,None,30,21:27:00,Urban,Raining no high winds,No,21 - 25,2,Urban area,5,1596,None,None,Other/Not known (2005-10),Mid Junction - on roundabout or on main road,FORD,FOCUS ZETEC 100,Petrol,Male,None,No tow/articulation,Did not leave carriageway,0,Going ahead other,1,Car,No,Front,2010
201042I015601,Unclassified,0,Unclassified,0,Slight,None,09-07-2020,Friday,1,Give way or uncontrolled,More than 4 arms (not roundabout),22.76776451,Darkness - no lighting,547380,201770,75.86439625,E01021756,2,3,0,0,Wet or damp,Single carriageway,None,60,17:55:00,Rural,Raining no high winds,No,21 - 25,2,Urban area,8,1242,None,None,Other/Not known (2005-10),Approaching junction or waiting/parked at junction approach,FIAT,500 POP RHD,Petrol,Female,None,No tow/articulation,Did not leave carriageway,0,Going ahead other,2,Car,No,Front,2020
201050JC2B020,A,38,B,3344,Slight,None,05-02-2019,Thursday,1,Give way or uncontrolled,Crossroads,14.78002254,Darkness - no lighting,288070,81170,78.49397715,E01020221,2,3,0,0,Wet or damp,Slip road,None,60,16:32:00,Rural,Raining no high winds,No,21 - 25,2,Urban area,4,1229,None,None,Commuting to/from work,Approaching junction or waiting/parked at junction approach,VAUXHALL,CORSA BREEZE,Petrol,Female,None,No tow/articulation,Did not leave carriageway,0,Overtaking static vehicle - offside,2,Car,No,Front,2019
201042I015601,Unclassified,0,Unclassified,0,Slight,None,22-01-2010,Friday,1,Give way or uncontrolled,More than 4 arms (not roundabout),51.695285,Darkness - no lighting,547380,201770,0.131046,E01021756,2,3,0,0,Wet or damp,Single carriageway,None,60,17:55:00,Rural,Raining no high winds,No,21 - 25,2,Urban area,8,1242,None,None,Other/Not known (2005-10),Approaching junction or waiting/parked at junction approach,FIAT,500 POP RHD,Petrol,Female,None,No tow/articulation,Did not leave carriageway,0,Going ahead other,2,Car,No,Front,2010
201050JC2B020,A,38,B,3344,Slight,None,16-12-2010,Thursday,1,Give way or uncontrolled,Crossroads,50.619397,Darkness - no lighting,288070,81170,-3.583634,E01020221,2,3,0,0,Wet or damp,Slip road,None,60,16:32:00,Rural,Raining no high winds,No,21 - 25,2,Urban area,4,1229,None,None,Commuting to/from work,Approaching junction or waiting/parked at junction approach,VAUXHALL,CORSA BREEZE,Petrol,Female,None,No tow/articulation,Did not leave carriageway,0,Overtaking static vehicle - offside,2,Car,No,Front,2010
201011SC30570,B,6282,NA,0,Slight,None,28-12-2010,Tuesday,1,Data missing or out of range,Not at junction or within 20 metres,54.610994,Darkness - no lighting,398870,523980,-2.01901,E01020857,1,2,0,0,Frost or ice,Single carriageway,None,60,01:10:00,Rural,Raining no high winds,No,21 - 25,2,Rural,4,1388,None,None,Other/Not known (2005-10),Not at or within 20 metres of junction,FORD,FIESTA ZETEC BLUE,Petrol,Female,None,No tow/articulation,Did not leave carriageway,6,Parked,2,Car,No,Offside,2010
201042I004601,Unclassified,0,Unclassified,0,Slight,None,02-06-2020,Saturday,1,Give way or uncontrolled,T or staggered junction,19.17684602,Darkness - no lighting,541200,198340,72.86113972,E01021806,1,3,0,0,Frost or ice,Single carriageway,None,30,16:35:00,Rural,Snowing no high winds,No,21 - 25,2,Urban area,4,1388,None,None,Other/Not known (2005-10),Cleared junction or waiting/parked at junction exit,FORD,FIESTA TITANIUM 96,Petrol,Male,Skidded,No tow/articulation,Did not leave carriageway,0,Going ahead other,1,Car,No,Front,2021
201042I004601,Unclassified,0,Unclassified,0,Slight,None,09-01-2010,Saturday,1,Give way or uncontrolled,T or staggered junction,51.666052,Darkness - no lighting,541200,198340,0.040303,E01021806,1,3,0,0,Frost or ice,Single carriageway,None,30,16:35:00,Rural,Snowing no high winds,No,21 - 25,2,Urban area,4,1388,None,None,Other/Not known (2005-10),Cleared junction or waiting/parked at junction exit,FORD,FIESTA TITANIUM 96,Petrol,Male,Skidded,No tow/articulation,Did not leave carriageway,0,Going ahead other,1,Car,No,Front,2010
201022D000803,A,456,NA,0,Slight,None,13-02-2010,Saturday,1,Data missing or out of range,Not at junction or within 20 metres,52.347751,Darkness - no lighting,372060,272270,-2.411607,E01032473,2,2,0,0,Snow,Single carriageway,None,60,20:51:00,Rural,Snowing no high winds,No,21 - 25,2,Rural,6,1124,None,None,Other/Not known (2005-10),Not at or within 20 metres of junction,CITROEN,C2 COOL,Petrol,Female,Skidded,No tow/articulation,Did not leave carriageway,0,Going ahead right-hand bend,2,Car,No,Front,2010
201020J017611,Unclassified,0,NA,0,Slight,Previous accident,26-02-2010,Friday,1,Data missing or out of range,Not at junction or within 20 metres,52.488153,Daylight,395020,287810,-2.074781,E01009871,4,2,0,0,Dry,Single carriageway,Roadworks,30,16:19:00,Urban,Fine + high winds,No,21 - 25,2,Urban area,2,1796,None,None,Other/Not known (2005-10),Not at or within 20 metres of junction,VAUXHALL,VECTRA SRI,Petrol,Male,None,No tow/articulation,Did not leave carriageway,0,Going ahead other,2,Car,No,Back,2010