Accident_Index,1st_Road_Class,1st_Road_Number,2nd_Road_Class,2nd_Road_Number,Accident_Severity,Carriageway_Hazards,Date,Day_of_Week,Did_Police_Officer_Attend_Scene_of_Accident,Junction_Control,Junction_Detail,Latitude,Light_Conditions,Location_Easting_OSGR,Location_Northing_OSGR,Longitude,LSOA_of_Accident_Location,Number_of_Casualties,Number_of_Vehicles,Pedestrian_Crossing-Human_Control,Pedestrian_Crossing-Physical_Facilities,Road_Surface_Conditions,Road_Type,Special_Conditions_at_Site,Speed_limit,Time,Urban_or_Rural_Area,Weather_Conditions,InScotland,Age_Band_of_Driver,Age_of_Vehicle,Driver_Home_Area_Type,Driver_IMD_Decile,Engine_Capacity_.CC.,Hit_Object_in_Carriageway,Hit_Object_off_Carriageway,Journey_Purpose_of_Driver,Junction_Location,make,model,Propulsion_Code,Sex_of_Driver,Skidding_and_Overturning,Towing_and_Articulation,Vehicle_Leaving_Carriageway,Vehicle_Location.Restricted_Lane,Vehicle_Manoeuvre,Vehicle_Reference,Vehicle_Type,Was_Vehicle_Left_Hand_Drive,X1st_Point_of_Impact,Year
201043W115090,A,4155,Unclassified,0,Slight,None,29-11-2019,Thursday,1,Auto traffic signal,T or staggered junction,14.67019582,Daylight,473630,175650,78.62414392,E01016410,1,2,0,8,Dry,Single carriageway,None,30,18:40:00,Rural,Fine no high winds,No,21 - 25,2,Small town,10,3999,None,None,Journey as part of work,Mid Junction - on roundabout or on main road,BMW,M3,Petrol,Male,None,No tow/articulation,Offside,0,Turning right,1,Car,No,Nearside,2019
20104100C0676,A,4125,NA,0,Slight,None,24-01-2020,Wednesday,1,Not at junction or within 20 metres,Not at junction or within 20 metres,14.68835573,Daylight,510230,192720,78.59059003,E01023840,1,4,0,0,Dry,Single carriageway,None,40,15:15:00,Urban,Fine no high winds,No,21 - 25,2,Urban area,9,1248,None,None,Journey as part of work,Not at or within 20 metres of junction,VAUXHALL,ASTRA SPECIAL CDTI 90,Heavy oil,Male,None,No tow/articulation,Did not leave carriageway,0,Going ahead right-hand bend,2,Car,No,Did not impact,2019
201050AY2E005,B,3302,Unclassified,0,Slight,None,15-04-2019,Saturday,1,Give way or uncontrolled,T or staggered junction,14.76808975,Daylight,156460,35690,78.61291005,E01019007,3,3,0,0,Dry,Single carriageway,None,60,14:44:00,Rural,Fine no high winds,No,21 - 25,2,Rural,5,999,None,None,Other/Not known (2005-10),Approaching junction or waiting/parked at junction approach,SUZUKI,GSXR 1000 K7,Petrol,Male,None,No tow/articulation,Did not leave carriageway,0,Going ahead left-hand bend,3,Motorcycle over 500cc,No,Nearside,2019
201050AP2P036,C,730,Unclassified,0,Slight,None,13-04-2019,Saturday,1,Give way or uncontrolled,Other junction,27.09370321,Daylight,147530,30350,93.6267257,E01018999,1,2,0,0,Dry,Single carriageway,None,30,15:49:00,Rural,Fine no high winds,No,21 - 25,2,Urban area,8,1999,Kerb,Other permanent object,Other/Not known (2005-10),Entering main road,FORD,FOCUS TITANIUM 145,Petrol,Male,None,No tow/articulation,Nearside,0,Turning left,1,Car,No,Offside,2019
201034WS30380,Unclassified,4801,Unclassified,4805,Slight,None,15-10-2021,Wednesday,1,Give way or uncontrolled,Crossroads,27.10507621,Daylight,459140,236700,93.63418227,E01027264,2,2,0,0,Dry,Single carriageway,None,30,08:02:00,Urban,Fine no high winds,No,21 - 25,2,Urban area,9,1368,None,None,Commuting to/from work,Mid Junction - on roundabout or on main road,FIAT,GRANDE PUNTO DYNAMIC,Petrol,Male,None,No tow/articulation,Did not leave carriageway,0,Going ahead other,1,Car,No,Offside,2019
201045WA48336,A,286,NA,0,Slight,None,04-02-2019,Saturday,1,Data missing or out of range,Not at junction or within 20 metres,26.76633817,Daylight,492970,137660,94.22108762,E01030879,1,1,0,0,Dry,Single carriageway,None,40,13:50:00,Rural,Fine no high winds,No,21 - 25,2,Urban area,5,599,None,None,Other/Not known (2005-10),Not at or within 20 metres of junction,SUZUKI,GSXR 600 K8,Petrol,Male,None,No tow/articulation,Did not leave carriageway,0,Going ahead other,1,Motorcycle over 500cc,No,Did not impact,2019
201037L017945,B,1116,NA,0,Slight,None,14-12-2020,Friday,1,Data missing or out of range,Not at junction or within 20 metres,25.76652938,Daylight,630750,259340,87.49571502,E01030176,1,2,0,0,Dry,Single carriageway,None,30,08:25:00,Rural,Fine no high winds,No,21 - 25,2,Urban area,10,1995,None,None,Journey as part of work,Not at or within 20 metres of junction,VAUXHALL,VIVARO 2900 CDTI SWB,Heavy oil,Male,None,No tow/articulation,Did not leave carriageway,0,Going ahead other,1,Van / Goods 3.5 tonnes mgw or under,No,Front,2019
201042I176806,Unclassified,0,Unclassified,0,Slight,None,15-02-2021,Tuesday,1,Auto traffic signal,T or staggered junction,25.78443483,Daylight,569510,189780,87.46255721,E01021268,1,1,0,4,Dry,Single carriageway,None,30,08:00:00,Urban,Fine no high winds,No,21 - 25,2,Urban area,7,1229,None,Other permanent object,Journey as part of work,Approaching junction or waiting/parked at junction approach,VAUXHALL,CORSA LIFE A/C,Petrol,Male,Overturned,No tow/articulation,Offside,0,Waiting to turn right,1,Car,No,Front,2019
20104100C1014,A,411,A,411,Slight,None,09-03-2019,Monday,2,Give way or uncontrolled,Other junction,25.76964313,Daylight,510860,196670,87.4895182,E01023861,1,2,0,0,Dry,One way street,None,30,17:08:00,Urban,Fine no high winds,No,21 - 25,2,Data missing or out of range,NA,1999,None,None,Other/Not known (2005-10),Mid Junction - on roundabout or on main road,FORD,FOCUS TITANIUM 145,Petrol,Male,None,No tow/articulation,Did not leave carriageway,0,Turning left,1,Car,No,Front,2019
201037B044940,A,1071,Unclassified,8356,Slight,None,18-01-2020,Monday,1,Give way or uncontrolled,T or staggered junction,25.79104262,Daylight,593220,240390,87.49473928,E01029880,1,2,0,0,Dry,Single carriageway,None,60,10:00:00,Rural,Fine no high winds,No,21 - 25,2,Urban area,5,1398,None,None,Journey as part of work,Mid Junction - on roundabout or on main road,PEUGEOT,207 DT 8V VAN,Heavy oil,Male,None,No tow/articulation,Did not leave carriageway,0,Turning right,2,Van / Goods 3.5 tonnes mgw or under,No,Offside,2019
201042I216607,B,1053,Unclassified,0,Slight,None,15-04-2020,Saturday,1,Give way or uncontrolled,Private drive or entrance,22.09676323,Daylight,574430,220610,82.15563249,E01021386,1,2,0,8,Dry,Single carriageway,None,30,13:34:00,Urban,Fine no high winds,No,21 - 25,2,Urban area,9,1368,None,None,Other/Not known (2005-10),Entering main road,FIAT,PUNTO ACTIVE SPORT 16V,Petrol,Male,None,No tow/articulation,Did not leave carriageway,0,Reversing,1,Car,No,Back,2019
201042I060602,A,1025,NA,0,Slight,None,20-08-2019,Thursday,1,Not at junction or within 20 metres,Not at junction or within 20 metres,22.09565799,Daylight,546630,209400,82.19595832,E01021821,1,2,0,0,Dry,Single carriageway,None,40,08:40:00,Rural,Fine no high winds,No,21 - 25,2,Urban area,8,1998,None,None,Journey as part of work,Not at or within 20 metres of junction,MAZDA,6 SPORT DIESEL,Heavy oil,Male,None,No tow/articulation,Did not leave carriageway,0,Waiting to go - held up,1,Car,No,Front,2019
201037G029485,B,1077,Unclassified,0,Slight,None,02-09-2020,Friday,2,Give way or uncontrolled,Private drive or entrance,15.34317885,Daylight,617800,249000,74.02378526,E01030221,1,2,0,0,Dry,Single carriageway,None,60,10:45:00,Rural,Fine no high winds,No,21 - 25,2,Rural,8,599,None,None,Other/Not known (2005-10),Approaching junction or waiting/parked at junction approach,KAWASAKI,ZX 600 P7F,Petrol,Male,None,No tow/articulation,Did not leave carriageway,0,Overtaking moving vehicle - offside,1,Motorcycle over 500cc,No,Front,2019
201050GN2A018,C,746,Unclassified,0,Slight,None,15-07-2020,Friday,2,Give way or uncontrolled,T or staggered junction,15.25546409,Daylight,180720,61340,74.08510597,E01019028,1,2,0,0,Dry,Single carriageway,None,30,08:47:00,Urban,Fine no high winds,No,21 - 25,2,Urban area,3,1149,None,None,Other/Not known (2005-10),Mid Junction - on roundabout or on main road,RENAULT,TWINGO EXTREME 60,Petrol,Male,None,No tow/articulation,Did not leave carriageway,0,Turning right,1,Car,No,Front,2019
201043P193020,A,34,NA,0,Slight,None,25-07-2019,Friday,1,Data missing or out of range,Not at junction or within 20 metres,15.31997835,Daylight,452720,216540,74.06112555,E01028497,1,2,0,0,Dry,Dual carriageway,None,70,13:20:00,Rural,Fine no high winds,No,21 - 25,2,Urban area,5,1896,None,None,Journey as part of work,Not at or within 20 metres of junction,SEAT,LEON STYLANCE TDI,Heavy oil,Male,None,No tow/articulation,Did not leave carriageway,0,Slowing or stopping,2,Car,No,Back,2019
201042I237407,A,12,NA,0,Slight,None,19-03-2021,Tuesday,1,Not at junction or within 20 metres,Not at junction or within 20 metres,23.04431807,Daylight,595760,225250,72.52544714,E01021719,1,1,0,0,Dry,Dual carriageway,None,70,18:55:00,Urban,Fine no high winds,No,21 - 25,2,Data missing or out of range,NA,656,None,None,Other/Not known (2005-10),Not at or within 20 metres of junction,SUZUKI,GSF 650 K8,Petrol,Male,None,No tow/articulation,Did not leave carriageway,0,Changing lane to right,1,Motorcycle over 125cc and up to 500cc,No,Did not impact,2019
2010400D02535,Unclassified,0,Unclassified,0,Slight,None,06-12-2021,Monday,1,Give way or uncontrolled,T or staggered junction,23.01711268,Daylight,519510,237610,72.65721474,E01017377,2,2,0,0,Dry,Single carriageway,None,30,08:33:00,Rural,Fine no high winds,No,21 - 25,2,Urban area,10,1910,None,None,Journey as part of work,Mid Junction - on roundabout or on main road,VAUXHALL,ZAFIRA SRI XP 150,Heavy oil,Male,None,No tow/articulation,Did not leave carriageway,0,Going ahead other,2,Car,No,Nearside,2019
201050JS2F004,A,385,Unclassified,0,Slight,None,14-11-2021,Sunday,1,Give way or uncontrolled,Other junction,12.98352747,Daylight,282120,60610,77.52864437,E01020156,2,3,0,0,Dry,Single carriageway,None,60,14:31:00,Rural,Fine no high winds,No,21 - 25,2,Urban area,3,1998,None,None,Other/Not known (2005-10),Approaching junction or waiting/parked at junction approach,HONDA,CIVIC TYPE-R GT I-VTEC,Petrol,Male,None,No tow/articulation,Did not leave carriageway,0,Going ahead other,1,Car,No,Front,2019
20104100A0096,B,1004,NA,0,Slight,None,07-05-2020,Friday,1,Not at junction or within 20 metres,Not at junction or within 20 metres,13.01003169,Daylight,545460,219850,77.66151646,E01023496,1,1,0,0,Wet or damp,Single carriageway,Mud,60,14:50:00,Rural,Fine no high winds,No,21 - 25,2,Urban area,10,1149,None,Entered ditch,Commuting to/from work,Not at or within 20 metres of junction,RENAULT,TWINGO GT TCE 100,Petrol,Male,Skidded,No tow/articulation,Offside and rebounded,0,Going ahead left-hand bend,1,Car,No,Front,2019
20104100C0530,A,412,Unclassified,405,Slight,None,16-03-2020,Tuesday,1,Give way or uncontrolled,T or staggered junction,22.69242233,Daylight,510920,198020,75.9065625,E01023855,2,2,0,0,Dry,Single carriageway,None,30,14:10:00,Urban,Fine no high winds,No,21 - 25,2,Urban area,7,1798,None,None,Commuting to/from work,Approaching junction or waiting/parked at junction approach,CITROEN,C4 PICASSO 7 VTR+,Petrol,Male,None,No tow/articulation,Did not leave carriageway,0,Going ahead other,1,Car,No,Front,2020
201042I300109,Unclassified,0,NA,0,Slight,None,14-04-2020,Friday,1,Not at junction or within 20 metres,Not at junction or within 20 metres,22.73996904,Daylight,567150,188490,75.87276369,E01021276,2,2,0,0,Dry,Single carriageway,None,30,07:40:00,Urban,Fine no high winds,No,21 - 25,2,Urban area,4,1560,Parked vehicle,None,Commuting to/from work,Not at or within 20 metres of junction,FORD,FIESTA ZETEC 90 TDCI,Heavy oil,Male,None,No tow/articulation,Did not leave carriageway,0,Going ahead other,1,Car,No,Front,2020
201034TK23420,A,43,A,6900,Slight,None,04-01-2021,Thursday,1,Auto traffic signal,Roundabout,22.69114435,Daylight,486590,281050,75.88488686,E01027089,1,3,0,0,Dry,Roundabout,None,40,08:40:00,Rural,Fine no high winds,No,21 - 25,2,Urban area,3,2402,None,None,Journey as part of work,Mid Junction - on roundabout or on main road,FORD,TRANSIT 115 T350EF RWD,Heavy oil,Male,None,No tow/articulation,Did not leave carriageway,0,Going ahead other,1,Van / Goods 3.5 tonnes mgw or under,No,Front,2020
201043W068080,B,3033,Unclassified,7201,Slight,None,21-11-2019,Thursday,1,Give way or uncontrolled,T or staggered junction,22.73916033,Daylight,471740,170460,75.91504321,E01016442,1,2,0,0,Dry,Single carriageway,Roadworks,30,16:15:00,Urban,Fine no high winds,No,21 - 25,2,Urban area,8,2500,None,None,Journey as part of work,Approaching junction or waiting/parked at junction approach,LDV,MAXUS 3.2T 95 SWB,Heavy oil,Male,None,No tow/articulation,Did not leave carriageway,0,Going ahead other,1,Van / Goods 3.5 tonnes mgw or under,No,Front,2020
201045GU50757,C,93,Unclassified,0,Slight,None,10-10-2020,Thursday,1,Give way or uncontrolled,Other junction,22.70048788,Daylight,499760,149600,75.86767071,E01030455,2,3,0,0,Dry,Single carriageway,None,30,13:00:00,Urban,Fine no high winds,No,21 - 25,2,Rural,9,1598,Parked vehicle,None,Other/Not known (2005-10),Approaching junction or waiting/parked at junction approach,MINI,ONE,Petrol,Male,None,No tow/articulation,Did not leave carriageway,0,Parked,3,Car,No,Nearside,2020
201042I237007,B,1137,Unclassified,0,Slight,None,29-03-2020,Wednesday,1,Give way or uncontrolled,T or staggered junction,22.72271082,Daylight,571570,207130,75.89204021,E01021627,1,3,0,0,Dry,Single carriageway,None,30,17:02:00,Urban,Fine no high winds,No,21 - 25,2,Urban area,8,644,None,None,Commuting to/from work,Approaching junction or waiting/parked at junction approach,SUZUKI,GSX 650 FK8,Petrol,Male,None,No tow/articulation,Did not leave carriageway,0,Going ahead other,2,Motorcycle over 500cc,No,Nearside,2020
201037G029370,C,322,Unclassified,0,Slight,None,24-08-2021,Wednesday,1,Give way or uncontrolled,Private drive or entrance,26.45416425,Daylight,621130,243910,74.63847409,E01030206,1,3,0,0,Dry,Single carriageway,None,30,16:46:00,Rural,Fine no high winds,No,21 - 25,2,Urban area,7,1896,None,None,Journey as part of work,Mid Junction - on roundabout or on main road,VOLKSWAGEN,GOLF BLUEMOTION MATCH TDI,Heavy oil,Male,None,No tow/articulation,Did not leave carriageway,0,Waiting to turn right,2,Car,No,Back,2020
201043R157010,B,3022,A,330,Slight,None,06-10-2021,Friday,1,Give way or uncontrolled,T or staggered junction,26.45326452,Daylight,491750,171810,74.64548868,E01016252,1,3,0,0,Wet or damp,Single carriageway,None,40,08:10:00,Rural,Fine no high winds,No,21 - 25,2,Urban area,3,1896,None,None,Journey as part of work,Mid Junction - on roundabout or on main road,VOLKSWAGEN,PASSAT S TDI,Heavy oil,Male,None,No tow/articulation,Nearside,0,Going ahead other,2,Car,No,Front,2020
201042I274005,Unclassified,0,Unclassified,0,Slight,None,27-05-2019,Friday,1,Give way or uncontrolled,T or staggered junction,26.4659927,Daylight,573920,190590,74.64600977,E01021307,1,1,0,0,Dry,Single carriageway,Road sign or marking defective or obscured,30,09:10:00,Urban,Fine no high winds,No,21 - 25,2,Data missing or out of range,NA,1149,None,Tree,Other/Not known (2005-10),Cleared junction or waiting/parked at junction exit,RENAULT,CLIO CAMPUS I-M 75 16V,Petrol,Male,None,No tow/articulation,Offside,0,Turning right,1,Car,No,Front,2020
201054DN21810,Unclassified,0,NA,0,Slight,None,11-12-2020,Thursday,1,Not at junction or within 20 metres,Not at junction or within 20 metres,26.46176108,Daylight,420230,192490,74.63144555,E01015523,1,1,0,0,Dry,Single carriageway,None,30,18:40:00,Rural,Fine no high winds,No,21 - 25,2,Small town,8,1995,None,None,Commuting to/from work,Not at or within 20 metres of junction,VAUXHALL,VIVARO 2900 CDTI LWB,Heavy oil,Male,None,No tow/articulation,Did not leave carriageway,0,Slowing or stopping,1,Van / Goods 3.5 tonnes mgw or under,No,Nearside,2020
2010400D02555,Motorway,1,NA,0,Slight,None,30-03-2020,Saturday,2,Data missing or out of range,Not at junction or within 20 metres,26.46162627,Daylight,501820,230090,74.60385323,E01017620,1,2,0,0,Wet or damp,Dual carriageway,Roadworks,70,20:55:00,Rural,Fine no high winds,No,21 - 25,2,Urban area,9,1910,None,None,Other/Not known (2005-10),Not at or within 20 metres of junction,VAUXHALL,ASTRA SRI CDTI 150 XPACK,Heavy oil,Male,None,No tow/articulation,Did not leave carriageway,0,Going ahead other,1,Car,No,Offside,2020
20104100J0326,B,556,Unclassified,841,Slight,None,29-06-2020,Tuesday,2,Give way or uncontrolled,T or staggered junction,26.4622799,Daylight,524700,201380,74.58417384,E01023579,1,2,0,0,Dry,Single carriageway,None,30,18:30:00,Urban,Fine no high winds,No,21 - 25,2,Urban area,7,125,None,None,Other/Not known (2005-10),Mid Junction - on roundabout or on main road,HONDA,PES 125-8,Petrol,Male,None,No tow/articulation,Did not leave carriageway,0,Overtaking moving vehicle - offside,1,Motorcycle 125cc and under,No,Nearside,2020
201043R255100,Unclassified,7302,Unclassified,7302,Slight,None,27-11-2019,Friday,1,Give way or uncontrolled,T or staggered junction,26.47159159,Daylight,499770,179200,80.33072007,E01016501,1,2,0,0,Dry,Single carriageway,None,30,13:54:00,Urban,Fine no high winds,No,21 - 25,2,Urban area,3,1248,Kerb,None,Journey as part of work,Approaching junction or waiting/parked at junction approach,VAUXHALL,ASTRA SPECIAL CDTI 90,Heavy oil,Male,None,No tow/articulation,Did not leave carriageway,0,Turning right,1,Car,No,Front,2020
201043R168010,Unclassified,7302,B,3027,Slight,None,08-05-2019,Wednesday,1,Auto traffic signal,T or staggered junction,26.45672726,Daylight,496940,179550,80.30576145,E01016464,2,2,0,5,Wet or damp,Single carriageway,None,30,08:55:00,Urban,Fine no high winds,No,21 - 25,2,Urban area,2,1910,None,None,Journey as part of work,Approaching junction or waiting/parked at junction approach,VAUXHALL,VECTRA ELITE CDTI 150,Heavy oil,Male,None,No tow/articulation,Did not leave carriageway,0,Waiting to go - held up,2,Car,No,Offside,2020
201042I183606,A,1017,Unclassified,0,Slight,None,12-06-2021,Tuesday,1,Give way or uncontrolled,Other junction,28.57884665,Daylight,576880,236390,77.1432774,E01021430,1,2,0,0,Dry,Single carriageway,None,60,09:26:00,Rural,Fine no high winds,No,21 - 25,2,Urban area,10,2148,None,None,Journey as part of work,Approaching junction or waiting/parked at junction approach,MERCEDES,SPRINTER 311 CDI LWB,Heavy oil,Male,None,No tow/articulation,Did not leave carriageway,0,Going ahead other,1,Van / Goods 3.5 tonnes mgw or under,No,Did not impact,2020
201042I347910,Unclassified,0,Unclassified,0,Slight,None,28-02-2021,Sunday,1,Give way or uncontrolled,Other junction,28.55268786,Daylight,592610,185480,77.13538483,E01015916,1,2,0,0,Dry,Single carriageway,None,30,16:35:00,Urban,Fine no high winds,No,21 - 25,2,Data missing or out of range,NA,2402,None,None,Other/Not known (2005-10),Mid Junction - on roundabout or on main road,FORD,TRANSIT 115 T350EF RWD,Heavy oil,Male,None,No tow/articulation,Did not leave carriageway,0,Moving off,1,Goods over 3.5t. and under 7.5t,No,Front,2020
201037L018414,A,144,NA,0,Slight,None,05-07-2021,Friday,1,Data missing or out of range,Not at junction or within 20 metres,28.62859686,Daylight,639020,278210,77.22894697,E01030243,1,3,0,0,Dry,Single carriageway,None,30,08:20:00,Rural,Fine no high winds,No,21 - 25,2,Rural,6,2198,None,None,Journey as part of work,Not at or within 20 metres of junction,FORD,TRANSIT 85 T280S FWD,Heavy oil,Male,None,No tow/articulation,Did not leave carriageway,0,Slowing or stopping,1,Van / Goods 3.5 tonnes mgw or under,No,Front,2020
201043N280060,Motorway,4,NA,0,Slight,None,25-11-2021,Monday,1,Data missing or out of range,Not at junction or within 20 metres,28.71941462,Daylight,493390,180010,77.29499007,E01017814,1,5,0,0,Dry,Slip road,None,70,09:05:00,Rural,Fine no high winds,No,21 - 25,2,Urban area,2,1686,None,None,Other/Not known (2005-10),Not at or within 20 metres of junction,VAUXHALL,ASTRA DESIGN CDTI 100,Heavy oil,Male,None,No tow/articulation,Did not leave carriageway,0,Waiting to go - held up,2,Car,No,Back,2020
201037B045238,A,11,NA,0,Slight,None,30-07-2019,Friday,1,Data missing or out of range,Not at junction or within 20 metres,28.55851172,Daylight,578830,277620,77.27347206,E01029928,1,4,0,0,Dry,Single carriageway,None,60,11:17:00,Rural,Fine no high winds,No,21 - 25,2,Urban area,8,1348,None,None,Other/Not known (2005-10),Not at or within 20 metres of junction,MAZDA,2 TS,Petrol,Male,None,No tow/articulation,Did not leave carriageway,0,Going ahead other,4,Car,No,Back,2020
201045GU53825,A,247,NA,0,Slight,None,20-12-2021,Tuesday,1,Data missing or out of range,Not at junction or within 20 metres,28.67246868,Daylight,504430,152620,77.17813989,E01030440,1,2,0,0,Wet or damp,Single carriageway,None,30,15:59:00,Rural,Fine no high winds,No,21 - 25,2,Small town,9,1560,None,None,Journey as part of work,Not at or within 20 metres of junction,PEUGEOT,PARTNER LX600 55KW,Heavy oil,Male,Skidded,No tow/articulation,Did not leave carriageway,0,Overtaking static vehicle - offside,2,Van / Goods 3.5 tonnes mgw or under,No,Front,2020
201045SP53767,A,308,Unclassified,0,Slight,None,05-12-2019,Monday,1,Give way or uncontrolled,Roundabout,28.64012374,Daylight,506400,170800,77.079299,E01030721,1,1,0,0,Dry,Dual carriageway,None,50,18:17:00,Urban,Fine no high winds,No,21 - 25,2,Urban area,5,748,None,None,Other/Not known (2005-10),Leaving roundabout,KAWASAKI,ZR 750 L8F,Petrol,Male,Skidded,No tow/articulation,Did not leave carriageway,0,Going ahead other,1,Motorcycle over 500cc,No,Did not impact,2020
2010550C17847,A,350,Unclassified,0,Slight,None,26-10-2020,Tuesday,1,Auto traffic signal,More than 4 arms (not roundabout),28.54206419,Daylight,401200,91030,77.27854,E01015469,1,2,0,4,Dry,Dual carriageway,None,30,07:55:00,Urban,Fine no high winds,No,21 - 25,2,Urban area,1,4163,None,None,Journey as part of work,Entering main road,AUDI,S5 V8 QUATTRO,Petrol,Male,None,No tow/articulation,Did not leave carriageway,0,Moving off,2,Car,No,Front,2021
20104100B0213,B,156,C,57,Slight,None,24-08-2019,Wednesday,1,Give way or uncontrolled,T or staggered junction,28.59098865,Daylight,529780,201760,77.31202684,E01023947,1,2,0,0,Dry,Single carriageway,None,60,17:17:00,Rural,Fine no high winds,No,21 - 25,2,Data missing or out of range,NA,124,None,None,Other/Not known (2005-10),Mid Junction - on roundabout or on main road,YAMAHA,YZF R125,Petrol,Male,None,No tow/articulation,Did not leave carriageway,0,Going ahead right-hand bend,2,Motorcycle 125cc and under,No,Front,2021
20104100C0711,A,404,Unclassified,588,Slight,None,04-01-2019,Tuesday,1,Give way or uncontrolled,T or staggered junction,28.70067338,Daylight,507630,192530,77.29329858,E01023849,1,2,0,0,Dry,Single carriageway,None,40,18:29:00,Rural,Fine no high winds,No,21 - 25,2,Urban area,9,85,None,None,Journey as part of work,Mid Junction - on roundabout or on main road,EASY RIDER,JC 90-7,Petrol,Male,None,No tow/articulation,Did not leave carriageway,0,Overtaking static vehicle - offside,1,Motorcycle 125cc and under,No,Nearside,2021
201050KU2B006,Unclassified,0,NA,0,Slight,None,28-07-2019,Monday,1,Data missing or out of range,Not at junction or within 20 metres,28.57854873,Daylight,313490,113180,77.36380448,E01020074,1,3,0,0,Dry,Single carriageway,None,60,10:50:00,Rural,Fine no high winds,No,21 - 25,2,Urban area,6,2720,None,None,Journey as part of work,Not at or within 20 metres of junction,LAND ROVER,DISCOVERY TDV6 SE A,Heavy oil,Male,None,Single trailer,Did not leave carriageway,0,Waiting to go - held up,2,Car,No,Did not impact,2021
201042I295309,A,12,NA,0,Slight,None,07-03-2019,Wednesday,1,Not at junction or within 20 metres,Not at junction or within 20 metres,28.59534065,Daylight,582970,214980,77.2534832,E01021416,3,3,0,0,Dry,Dual carriageway,None,70,14:35:00,Urban,Fine no high winds,No,21 - 25,2,Urban area,1,1560,None,None,Commuting to/from work,Not at or within 20 metres of junction,PEUGEOT,PARTNER LX800 66KW,Heavy oil,Male,None,No tow/articulation,Did not leave carriageway,0,Slowing or stopping,3,Van / Goods 3.5 tonnes mgw or under,No,Back,2021
201043W203030,A,34,NA,0,Slight,None,07-08-2020,Monday,1,Data missing or out of range,Not at junction or within 20 metres,18.53186679,Daylight,449210,180570,73.85200078,E01016288,1,1,0,0,Dry,Dual carriageway,None,70,16:23:00,Rural,Fine no high winds,No,21 - 25,2,Urban area,4,1397,None,Other permanent object,Commuting to/from work,Not at or within 20 metres of junction,PEUGEOT,207 S,Petrol,Male,Overturned,No tow/articulation,Nearside,0,Going ahead other,1,Car,No,Front,2021
20104100T1101,Motorway,1,NA,0,Slight,None,24-08-2020,Thursday,1,Not at junction or within 20 metres,Not at junction or within 20 metres,18.59727625,Daylight,509560,209560,73.78522019,E01023722,1,2,0,0,Dry,Dual carriageway,None,70,12:25:00,Rural,Fine no high winds,No,21 - 25,2,Rural,1,2402,None,None,Journey as part of work,Not at or within 20 metres of junction,FORD,TRANSIT 115 T350L RWD,Heavy oil,Male,Skidded,No tow/articulation,Did not leave carriageway,0,Going ahead other,1,Van / Goods 3.5 tonnes mgw or under,No,Front,2021
201054DC11110,C,405,C,405,Slight,None,25-04-2021,Friday,1,Give way or uncontrolled,T or staggered junction,18.50421735,Daylight,415310,184510,73.92199797,E01015493,1,1,0,4,Dry,Dual carriageway,None,30,12:51:00,Urban,Fine no high winds,No,21 - 25,2,Urban area,5,1397,None,None,Other/Not known (2005-10),Cleared junction or waiting/parked at junction exit,PEUGEOT,207 SPORT,Petrol,Male,None,No tow/articulation,Did not leave carriageway,0,Moving off,1,Car,No,Offside,2021
201042I195306,A,130,A,13,Slight,None,12-10-2020,Wednesday,2,Auto traffic signal,Roundabout,18.51935385,Daylight,576270,188480,73.85107785,E01021312,1,2,0,0,Dry,Dual carriageway,None,60,17:00:00,Rural,Fine no high winds,No,21 - 25,2,Small town,7,125,None,None,Other/Not known (2005-10),Approaching junction or waiting/parked at junction approach,HONDA,SH 125-8,Petrol,Male,None,No tow/articulation,Did not leave carriageway,0,Overtaking - nearside,1,Motorcycle 125cc and under,No,Offside,2021
201042I037802,Unclassified,0,Unclassified,0,Slight,None,16-03-2019,Monday,1,Give way or uncontrolled,Other junction,19.18039703,Daylight,570700,188080,72.93519889,E01021296,1,2,0,0,Dry,Single carriageway,None,30,13:25:00,Urban,Fine no high winds,No,21 - 25,2,Urban area,3,1149,None,None,Other/Not known (2005-10),Approaching junction or waiting/parked at junction approach,RENAULT,CLIO CAMPUS 8V,Petrol,Male,None,No tow/articulation,Did not leave carriageway,0,Going ahead other,1,Car,No,Front,2021
201043W138050,A,340,Unclassified,7123,Slight,None,28-08-2021,Monday,1,Give way or uncontrolled,T or staggered junction,19.15165495,Daylight,463190,171070,72.87683274,E01016328,1,2,0,0,Dry,Single carriageway,None,50,11:00:00,Rural,Fine no high winds,No,21 - 25,2,Urban area,4,1390,None,None,Other/Not known (2005-10),Approaching junction or waiting/parked at junction approach,SEAT,IBIZA SE,Petrol,Male,None,No tow/articulation,Did not leave carriageway,0,Turning right,1,Car,No,Front,2021
2010400D01969,A,5120,Unclassified,0,Slight,None,21-12-2021,Friday,1,Give way or uncontrolled,Private drive or entrance,19.162882,Daylight,501620,223740,72.91897257,E01017578,1,2,0,0,Dry,Single carriageway,None,30,19:44:00,Urban,Fine no high winds,No,21 - 25,2,Urban area,4,1360,None,None,Other/Not known (2005-10),Leaving main road,PEUGEOT,207 S,Petrol,Male,None,No tow/articulation,Did not leave carriageway,0,Turning right,1,Car,No,Nearside,2021