Accident_Index,1st_Road_Class,1st_Road_Number,2nd_Road_Class,2nd_Road_Number,Accident_Severity,Carriageway_Hazards,Date,Day_of_Week,Did_Police_Officer_Attend_Scene_of_Accident,Junction_Control,Junction_Detail,Latitude,Light_Conditions,Location_Easting_OSGR,Location_Northing_OSGR,Longitude,LSOA_of_Accident_Location,Number_of_Casualties,Number_of_Vehicles,Pedestrian_Crossing-Human_Control,Pedestrian_Crossing-Physical_Facilities,Road_Surface_Conditions,Road_Type,Special_Conditions_at_Site,Speed_limit,Time,Urban_or_Rural_Area,Weather_Conditions,InScotland,Age_Band_of_Driver,Age_of_Vehicle,Driver_Home_Area_Type,Driver_IMD_Decile,Engine_Capacity_.CC.,Hit_Object_in_Carriageway,Hit_Object_off_Carriageway,Journey_Purpose_of_Driver,Junction_Location,make,model,Propulsion_Code,Sex_of_Driver,Skidding_and_Overturning,Towing_and_Articulation,Vehicle_Leaving_Carriageway,Vehicle_Location.Restricted_Lane,Vehicle_Manoeuvre,Vehicle_Reference,Vehicle_Type,Was_Vehicle_Left_Hand_Drive,X1st_Point_of_Impact,Year
201001RG40732,A,207,Unclassified,0,Slight,None,15-11-2010,Monday,1,Give way or uncontrolled,T or staggered junction,51.469507,Daylight,543440,176530,0.063775,E01001682,2,2,0,0,Dry,Single carriageway,None,30,10:36:00,Urban,Fine no high winds,No,21 - 25,2,Data missing or out of range,NA,1910,None,None,Other/Not known (2005-10),Mid Junction - on roundabout or on main road,VAUXHALL,ASTRA DESIGN CDTI 120,Heavy oil,Male,None,No tow/articulation,Did not leave carriageway,0,Overtaking moving vehicle - offside,1,Car,No,Front,2010
201001RY10172,A,207,A,221,Slight,None,15-04-2010,Thursday,1,Auto traffic signal,T or staggered junction,51.459619,Daylight,547650,175550,0.123935,E01000389,1,2,0,5,Dry,Single carriageway,None,30,06:00:00,Urban,Fine no high winds,No,21 - 25,2,Data missing or out of range,NA,9200,None,None,Journey as part of work,Mid Junction - on roundabout or on main road,DAF TRUCKS,,Heavy oil,Male,None,No tow/articulation,Did not leave carriageway,0,Turning right,2,Goods 7.5 tonnes mgw and over,No,Front,2010
201001SX20640,A,598,A,502,Slight,None,06-06-2010,Sunday,1,Auto traffic signal,More than 4 arms (not roundabout),51.571715,Daylight,525150,187420,-0.19554,E01000146,1,2,0,5,Dry,Single carriageway,Auto traffic signal - out,30,15:40:00,Urban,Fine no high winds,No,21 - 25,2,Urban area,3,2000,None,None,Other/Not known (2005-10),Mid Junction - on roundabout or on main road,BMW,320I SE AUTO,Petrol,Male,None,No tow/articulation,Did not leave carriageway,0,Going ahead other,2,Car,No,Front,2010
201001SX21153,Motorway,1,NA,0,Slight,None,30-10-2010,Saturday,1,Data missing or out of range,Not at junction or within 20 metres,51.574635,Daylight,522490,187680,-0.233813,E01000305,1,2,0,0,Wet or damp,Dual carriageway,None,70,08:50:00,Urban,Fine no high winds,No,21 - 25,2,Urban area,10,1595,None,None,Other/Not known (2005-10),Not at or within 20 metres of junction,AUDI,A3 101 MPI,Petrol,Male,None,No tow/articulation,Did not leave carriageway,0,Slowing or stopping,1,Car,No,Front,2010
201034TK23420,A,43,A,6900,Slight,None,10-06-2010,Thursday,1,Auto traffic signal,Roundabout,52.420563,Daylight,486590,281050,-0.72814,E01027089,1,3,0,0,Dry,Roundabout,None,40,08:40:00,Rural,Fine no high winds,No,21 - 25,2,Urban area,3,2402,None,None,Journey as part of work,Mid Junction - on roundabout or on main road,FORD,TRANSIT 115 T350EF RWD,Heavy oil,Male,None,No tow/articulation,Did not leave carriageway,0,Going ahead other,1,Van / Goods 3.5 tonnes mgw or under,No,Front,2010
201034WN14760,Unclassified,8026,Unclassified,8476,Slight,None,10-04-2010,Saturday,2,Give way or uncontrolled,T or staggered junction,52.258758,Daylight,479560,262930,-0.835777,E01027198,1,2,0,0,Dry,Single carriageway,None,30,10:58:00,Urban,Fine no high winds,No,21 - 25,2,Urban area,5,125,None,None,Other/Not known (2005-10),Mid Junction - on roundabout or on main road,BAROSSA,XS 125 T-13,Petrol,Male,None,No tow/articulation,Did not leave carriageway,0,Going ahead other,2,Motorcycle 125cc and under,No,Front,2010
201034WS30380,Unclassified,4801,Unclassified,4805,Slight,None,28-07-2010,Wednesday,1,Give way or uncontrolled,Crossroads,52.02553,Daylight,459140,236700,-1.13947,E01027264,2,2,0,0,Dry,Single carriageway,None,30,08:02:00,Urban,Fine no high winds,No,21 - 25,2,Urban area,9,1368,None,None,Commuting to/from work,Mid Junction - on roundabout or on main road,FIAT,GRANDE PUNTO DYNAMIC,Petrol,Male,None,No tow/articulation,Did not leave carriageway,0,Going ahead other,1,Car,No,Offside,2010
201037B044940,A,1071,Unclassified,8356,Slight,None,17-05-2010,Monday,1,Give way or uncontrolled,T or staggered junction,52.028211,Daylight,593220,240390,0.815139,E01029880,1,2,0,0,Dry,Single carriageway,None,60,10:00:00,Rural,Fine no high winds,No,21 - 25,2,Urban area,5,1398,None,None,Journey as part of work,Mid Junction - on roundabout or on main road,PEUGEOT,207 DT 8V VAN,Heavy oil,Male,None,No tow/articulation,Did not leave carriageway,0,Turning right,2,Van / Goods 3.5 tonnes mgw or under,No,Offside,2010
201037B045238,A,11,NA,0,Slight,None,02-07-2010,Friday,1,Data missing or out of range,Not at junction or within 20 metres,52.367404,Daylight,578830,277620,0.625261,E01029928,1,4,0,0,Dry,Single carriageway,None,60,11:17:00,Rural,Fine no high winds,No,21 - 25,2,Urban area,8,1348,None,None,Other/Not known (2005-10),Not at or within 20 metres of junction,MAZDA,2 TS,Petrol,Male,None,No tow/articulation,Did not leave carriageway,0,Going ahead other,4,Car,No,Back,2010
201037G029370,C,322,Unclassified,0,Slight,None,19-05-2010,Wednesday,1,Give way or uncontrolled,Private drive or entrance,52.049394,Daylight,621130,243910,1.223605,E01030206,1,3,0,0,Dry,Single carriageway,None,30,16:46:00,Rural,Fine no high winds,No,21 - 25,2,Urban area,7,1896,None,None,Journey as part of work,Mid Junction - on roundabout or on main road,VOLKSWAGEN,GOLF BLUEMOTION MATCH TDI,Heavy oil,Male,None,No tow/articulation,Did not leave carriageway,0,Waiting to turn right,2,Car,No,Back,2010
201037G029485,B,1077,Unclassified,0,Slight,None,21-05-2010,Friday,2,Give way or uncontrolled,Private drive or entrance,52.096404,Daylight,617800,249000,1.178367,E01030221,1,2,0,0,Dry,Single carriageway,None,60,10:45:00,Rural,Fine no high winds,No,21 - 25,2,Rural,8,599,None,None,Other/Not known (2005-10),Approaching junction or waiting/parked at junction approach,KAWASAKI,ZX 600 P7F,Petrol,Male,None,No tow/articulation,Did not leave carriageway,0,Overtaking moving vehicle - offside,1,Motorcycle over 500cc,No,Front,2010
201037L017945,B,1116,NA,0,Slight,None,26-03-2010,Friday,1,Data missing or out of range,Not at junction or within 20 metres,52.183962,Daylight,630750,259340,1.374101,E01030176,1,2,0,0,Dry,Single carriageway,None,30,08:25:00,Rural,Fine no high winds,No,21 - 25,2,Urban area,10,1995,None,None,Journey as part of work,Not at or within 20 metres of junction,VAUXHALL,VIVARO 2900 CDTI SWB,Heavy oil,Male,None,No tow/articulation,Did not leave carriageway,0,Going ahead other,1,Van / Goods 3.5 tonnes mgw or under,No,Front,2010
201037L018036,A,12,NA,0,Slight,None,28-04-2010,Wednesday,1,Data missing or out of range,Not at junction or within 20 metres,52.471982,Daylight,654540,292610,1.746516,E01030258,2,1,0,4,Dry,Single carriageway,None,30,18:12:00,Urban,Fine no high winds,No,21 - 25,2,Urban area,9,125,None,None,Other/Not known (2005-10),Not at or within 20 metres of junction,HONDA,CBR 125 RW-7,Petrol,Male,None,No tow/articulation,Did not leave carriageway,0,Overtaking - nearside,1,Motorcycle 125cc and under,No,Front,2010
201037L018414,A,144,NA,0,Slight,None,03-09-2010,Friday,1,Data missing or out of range,Not at junction or within 20 metres,52.349776,Daylight,639020,278210,1.508195,E01030243,1,3,0,0,Dry,Single carriageway,None,30,08:20:00,Rural,Fine no high winds,No,21 - 25,2,Rural,6,2198,None,None,Journey as part of work,Not at or within 20 metres of junction,FORD,TRANSIT 85 T280S FWD,Heavy oil,Male,None,No tow/articulation,Did not leave carriageway,0,Slowing or stopping,1,Van / Goods 3.5 tonnes mgw or under,No,Front,2010
2010400D01969,A,5120,Unclassified,0,Slight,None,07-05-2010,Friday,1,Give way or uncontrolled,Private drive or entrance,51.902899,Daylight,501620,223740,-0.524338,E01017578,1,2,0,0,Dry,Single carriageway,None,30,19:44:00,Urban,Fine no high winds,No,21 - 25,2,Urban area,4,1360,None,None,Other/Not known (2005-10),Leaving main road,PEUGEOT,207 S,Petrol,Male,None,No tow/articulation,Did not leave carriageway,0,Turning right,1,Car,No,Nearside,2010
2010400D02535,Unclassified,0,Unclassified,0,Slight,None,30-08-2010,Monday,1,Give way or uncontrolled,T or staggered junction,52.023999,Daylight,519510,237610,-0.259598,E01017377,2,2,0,0,Dry,Single carriageway,None,30,08:33:00,Rural,Fine no high winds,No,21 - 25,2,Urban area,10,1910,None,None,Journey as part of work,Mid Junction - on roundabout or on main road,VAUXHALL,ZAFIRA SRI XP 150,Heavy oil,Male,None,No tow/articulation,Did not leave carriageway,0,Going ahead other,2,Car,No,Nearside,2010
2010400D02555,Motorway,1,NA,0,Slight,None,14-08-2010,Saturday,2,Data missing or out of range,Not at junction or within 20 metres,51.959936,Daylight,501820,230090,-0.519555,E01017620,1,2,0,0,Wet or damp,Dual carriageway,Roadworks,70,20:55:00,Rural,Fine no high winds,No,21 - 25,2,Urban area,9,1910,None,None,Other/Not known (2005-10),Not at or within 20 metres of junction,VAUXHALL,ASTRA SRI CDTI 150 XPACK,Heavy oil,Male,None,No tow/articulation,Did not leave carriageway,0,Going ahead other,1,Car,No,Offside,2010
20104100A0096,B,1004,NA,0,Slight,None,05-02-2010,Friday,1,Not at junction or within 20 metres,Not at junction or within 20 metres,51.858237,Daylight,545460,219850,0.110855,E01023496,1,1,0,0,Wet or damp,Single carriageway,Mud,60,14:50:00,Rural,Fine no high winds,No,21 - 25,2,Urban area,10,1149,None,Entered ditch,Commuting to/from work,Not at or within 20 metres of junction,RENAULT,TWINGO GT TCE 100,Petrol,Male,Skidded,No tow/articulation,Offside and rebounded,0,Going ahead left-hand bend,1,Car,No,Front,2010
20104100B0213,B,156,C,57,Slight,None,14-04-2010,Wednesday,1,Give way or uncontrolled,T or staggered junction,51.699537,Daylight,529780,201760,-0.123456,E01023947,1,2,0,0,Dry,Single carriageway,None,60,17:17:00,Rural,Fine no high winds,No,21 - 25,2,Data missing or out of range,NA,124,None,None,Other/Not known (2005-10),Mid Junction - on roundabout or on main road,YAMAHA,YZF R125,Petrol,Male,None,No tow/articulation,Did not leave carriageway,0,Going ahead right-hand bend,2,Motorcycle 125cc and under,No,Front,2010
20104100C0530,A,412,Unclassified,405,Slight,None,25-05-2010,Tuesday,1,Give way or uncontrolled,T or staggered junction,51.669964,Daylight,510920,198020,-0.397429,E01023855,2,2,0,0,Dry,Single carriageway,None,30,14:10:00,Urban,Fine no high winds,No,21 - 25,2,Urban area,7,1798,None,None,Commuting to/from work,Approaching junction or waiting/parked at junction approach,CITROEN,C4 PICASSO 7 VTR+,Petrol,Male,None,No tow/articulation,Did not leave carriageway,0,Going ahead other,1,Car,No,Front,2010
20104100C0676,A,4125,NA,0,Slight,None,02-06-2010,Wednesday,1,Not at junction or within 20 metres,Not at junction or within 20 metres,51.622464,Daylight,510230,192720,-0.409071,E01023840,1,4,0,0,Dry,Single carriageway,None,40,15:15:00,Urban,Fine no high winds,No,21 - 25,2,Urban area,9,1248,None,None,Journey as part of work,Not at or within 20 metres of junction,VAUXHALL,ASTRA SPECIAL CDTI 90,Heavy oil,Male,None,No tow/articulation,Did not leave carriageway,0,Going ahead right-hand bend,2,Car,No,Did not impact,2010
20104100C0711,A,404,Unclassified,588,Slight,None,29-06-2010,Tuesday,1,Give way or uncontrolled,T or staggered junction,51.621259,Daylight,507630,192530,-0.446673,E01023849,1,2,0,0,Dry,Single carriageway,None,40,18:29:00,Rural,Fine no high winds,No,21 - 25,2,Urban area,9,85,None,None,Journey as part of work,Mid Junction - on roundabout or on main road,EASY RIDER,JC 90-7,Petrol,Male,None,No tow/articulation,Did not leave carriageway,0,Overtaking static vehicle - offside,1,Motorcycle 125cc and under,No,Nearside,2010
20104100C1014,A,411,A,411,Slight,None,25-10-2010,Monday,2,Give way or uncontrolled,Other junction,51.657842,Daylight,510860,196670,-0.398724,E01023861,1,2,0,0,Dry,One way street,None,30,17:08:00,Urban,Fine no high winds,No,21 - 25,2,Data missing or out of range,NA,1999,None,None,Other/Not known (2005-10),Mid Junction - on roundabout or on main road,FORD,FOCUS TITANIUM 145,Petrol,Male,None,No tow/articulation,Did not leave carriageway,0,Turning left,1,Car,No,Front,2010
20104100J0326,B,556,Unclassified,841,Slight,None,15-06-2010,Tuesday,2,Give way or uncontrolled,T or staggered junction,51.697273,Daylight,524700,201380,-0.197061,E01023579,1,2,0,0,Dry,Single carriageway,None,30,18:30:00,Urban,Fine no high winds,No,21 - 25,2,Urban area,7,125,None,None,Other/Not known (2005-10),Mid Junction - on roundabout or on main road,HONDA,PES 125-8,Petrol,Male,None,No tow/articulation,Did not leave carriageway,0,Overtaking moving vehicle - offside,1,Motorcycle 125cc and under,No,Nearside,2010
20104100T1101,Motorway,1,NA,0,Slight,None,15-07-2010,Thursday,1,Not at junction or within 20 metres,Not at junction or within 20 metres,51.773951,Daylight,509560,209560,-0.413461,E01023722,1,2,0,0,Dry,Dual carriageway,None,70,12:25:00,Rural,Fine no high winds,No,21 - 25,2,Rural,1,2402,None,None,Journey as part of work,Not at or within 20 metres of junction,FORD,TRANSIT 115 T350L RWD,Heavy oil,Male,Skidded,No tow/articulation,Did not leave carriageway,0,Going ahead other,1,Van / Goods 3.5 tonnes mgw or under,No,Front,2010
201042I037802,Unclassified,0,Unclassified,0,Slight,None,01-02-2010,Monday,1,Give way or uncontrolled,Other junction,51.565704,Daylight,570700,188080,0.461484,E01021296,1,2,0,0,Dry,Single carriageway,None,30,13:25:00,Urban,Fine no high winds,No,21 - 25,2,Urban area,3,1149,None,None,Other/Not known (2005-10),Approaching junction or waiting/parked at junction approach,RENAULT,CLIO CAMPUS 8V,Petrol,Male,None,No tow/articulation,Did not leave carriageway,0,Going ahead other,1,Car,No,Front,2010
201042I060602,A,1025,NA,0,Slight,None,25-02-2010,Thursday,1,Not at junction or within 20 metres,Not at junction or within 20 metres,51.764038,Daylight,546630,209400,0.123414,E01021821,1,2,0,0,Dry,Single carriageway,None,40,08:40:00,Rural,Fine no high winds,No,21 - 25,2,Urban area,8,1998,None,None,Journey as part of work,Not at or within 20 metres of junction,MAZDA,6 SPORT DIESEL,Heavy oil,Male,None,No tow/articulation,Did not leave carriageway,0,Waiting to go - held up,1,Car,No,Front,2010
201042I176806,Unclassified,0,Unclassified,0,Slight,None,08-06-2010,Tuesday,1,Auto traffic signal,T or staggered junction,51.581335,Daylight,569510,189780,0.445151,E01021268,1,1,0,4,Dry,Single carriageway,None,30,08:00:00,Urban,Fine no high winds,No,21 - 25,2,Urban area,7,1229,None,Other permanent object,Journey as part of work,Approaching junction or waiting/parked at junction approach,VAUXHALL,CORSA LIFE A/C,Petrol,Male,Overturned,No tow/articulation,Offside,0,Waiting to turn right,1,Car,No,Front,2010
201042I181406,A,127,NA,0,Slight,None,08-06-2010,Tuesday,1,Not at junction or within 20 metres,Not at junction or within 20 metres,51.592181,Daylight,573720,191130,0.506521,E01021307,1,2,0,0,Dry,Dual carriageway,None,70,18:10:00,Rural,Fine no high winds,No,21 - 25,2,Urban area,10,1995,None,None,Commuting to/from work,Not at or within 20 metres of junction,BMW,120I M SPORT AUTO,Petrol,Male,None,No tow/articulation,Did not leave carriageway,0,Slowing or stopping,1,Car,No,Front,2010
201042I183606,A,1017,Unclassified,0,Slight,None,15-06-2010,Tuesday,1,Give way or uncontrolled,Other junction,51.997732,Daylight,576880,236390,0.575159,E01021430,1,2,0,0,Dry,Single carriageway,None,60,09:26:00,Rural,Fine no high winds,No,21 - 25,2,Urban area,10,2148,None,None,Journey as part of work,Approaching junction or waiting/parked at junction approach,MERCEDES,SPRINTER 311 CDI LWB,Heavy oil,Male,None,No tow/articulation,Did not leave carriageway,0,Going ahead other,1,Van / Goods 3.5 tonnes mgw or under,No,Did not impact,2010
201042I195306,A,130,A,13,Slight,None,09-06-2010,Wednesday,2,Auto traffic signal,Roundabout,51.567585,Daylight,576270,188480,0.541966,E01021312,1,2,0,0,Dry,Dual carriageway,None,60,17:00:00,Rural,Fine no high winds,No,21 - 25,2,Small town,7,125,None,None,Other/Not known (2005-10),Approaching junction or waiting/parked at junction approach,HONDA,SH 125-8,Petrol,Male,None,No tow/articulation,Did not leave carriageway,0,Overtaking - nearside,1,Motorcycle 125cc and under,No,Offside,2010
201042I216607,B,1053,Unclassified,0,Slight,None,10-07-2010,Saturday,1,Give way or uncontrolled,Private drive or entrance,51.856768,Daylight,574430,220610,0.531516,E01021386,1,2,0,8,Dry,Single carriageway,None,30,13:34:00,Urban,Fine no high winds,No,21 - 25,2,Urban area,9,1368,None,None,Other/Not known (2005-10),Entering main road,FIAT,PUNTO ACTIVE SPORT 16V,Petrol,Male,None,No tow/articulation,Did not leave carriageway,0,Reversing,1,Car,No,Back,2010
201042I237007,B,1137,Unclassified,0,Slight,None,21-07-2010,Wednesday,1,Give way or uncontrolled,T or staggered junction,51.736566,Daylight,571570,207130,0.483363,E01021627,1,3,0,0,Dry,Single carriageway,None,30,17:02:00,Urban,Fine no high winds,No,21 - 25,2,Urban area,8,644,None,None,Commuting to/from work,Approaching junction or waiting/parked at junction approach,SUZUKI,GSX 650 FK8,Petrol,Male,None,No tow/articulation,Did not leave carriageway,0,Going ahead other,2,Motorcycle over 500cc,No,Nearside,2010
201042I237407,A,12,NA,0,Slight,None,20-07-2010,Tuesday,1,Not at junction or within 20 metres,Not at junction or within 20 metres,51.891366,Daylight,595760,225250,0.843493,E01021719,1,1,0,0,Dry,Dual carriageway,None,70,18:55:00,Urban,Fine no high winds,No,21 - 25,2,Data missing or out of range,NA,656,None,None,Other/Not known (2005-10),Not at or within 20 metres of junction,SUZUKI,GSF 650 K8,Petrol,Male,None,No tow/articulation,Did not leave carriageway,0,Changing lane to right,1,Motorcycle over 125cc and up to 500cc,No,Did not impact,2010
201042I274005,Unclassified,0,Unclassified,0,Slight,None,28-05-2010,Friday,1,Give way or uncontrolled,T or staggered junction,51.587268,Daylight,573920,190590,0.509137,E01021307,1,1,0,0,Dry,Single carriageway,Road sign or marking defective or obscured,30,09:10:00,Urban,Fine no high winds,No,21 - 25,2,Data missing or out of range,NA,1149,None,Tree,Other/Not known (2005-10),Cleared junction or waiting/parked at junction exit,RENAULT,CLIO CAMPUS I-M 75 16V,Petrol,Male,None,No tow/articulation,Offside,0,Turning right,1,Car,No,Front,2010
201042I295309,A,12,NA,0,Slight,None,15-09-2010,Wednesday,1,Not at junction or within 20 metres,Not at junction or within 20 metres,51.803469,Daylight,582970,214980,0.652413,E01021416,3,3,0,0,Dry,Dual carriageway,None,70,14:35:00,Urban,Fine no high winds,No,21 - 25,2,Urban area,1,1560,None,None,Commuting to/from work,Not at or within 20 metres of junction,PEUGEOT,PARTNER LX800 66KW,Heavy oil,Male,None,No tow/articulation,Did not leave carriageway,0,Slowing or stopping,3,Van / Goods 3.5 tonnes mgw or under,No,Back,2010
201042I300109,Unclassified,0,NA,0,Slight,None,17-09-2010,Friday,1,Not at junction or within 20 metres,Not at junction or within 20 metres,51.57045,Daylight,567150,188490,0.410508,E01021276,2,2,0,0,Dry,Single carriageway,None,30,07:40:00,Urban,Fine no high winds,No,21 - 25,2,Urban area,4,1560,Parked vehicle,None,Commuting to/from work,Not at or within 20 metres of junction,FORD,FIESTA ZETEC 90 TDCI,Heavy oil,Male,None,No tow/articulation,Did not leave carriageway,0,Going ahead other,1,Car,No,Front,2010
201042I347910,Unclassified,0,Unclassified,0,Slight,None,24-10-2010,Sunday,1,Give way or uncontrolled,Other junction,51.535302,Daylight,592610,185480,0.775807,E01015916,1,2,0,0,Dry,Single carriageway,None,30,16:35:00,Urban,Fine no high winds,No,21 - 25,2,Data missing or out of range,NA,2402,None,None,Other/Not known (2005-10),Mid Junction - on roundabout or on main road,FORD,TRANSIT 115 T350EF RWD,Heavy oil,Male,None,No tow/articulation,Did not leave carriageway,0,Moving off,1,Goods over 3.5t. and under 7.5t,No,Front,2010
201043N280060,Motorway,4,NA,0,Slight,None,21-06-2010,Monday,1,Data missing or out of range,Not at junction or within 20 metres,51.511256,Daylight,493390,180010,-0.655631,E01017814,1,5,0,0,Dry,Slip road,None,70,09:05:00,Rural,Fine no high winds,No,21 - 25,2,Urban area,2,1686,None,None,Other/Not known (2005-10),Not at or within 20 metres of junction,VAUXHALL,ASTRA DESIGN CDTI 100,Heavy oil,Male,None,No tow/articulation,Did not leave carriageway,0,Waiting to go - held up,2,Car,No,Back,2010
201043P193020,A,34,NA,0,Slight,None,19-02-2010,Friday,1,Data missing or out of range,Not at junction or within 20 metres,51.844935,Daylight,452720,216540,-1.236115,E01028497,1,2,0,0,Dry,Dual carriageway,None,70,13:20:00,Rural,Fine no high winds,No,21 - 25,2,Urban area,5,1896,None,None,Journey as part of work,Not at or within 20 metres of junction,SEAT,LEON STYLANCE TDI,Heavy oil,Male,None,No tow/articulation,Did not leave carriageway,0,Slowing or stopping,2,Car,No,Back,2010
201043R157010,B,3022,A,330,Slight,None,22-01-2010,Friday,1,Give way or uncontrolled,T or staggered junction,51.437813,Daylight,491750,171810,-0.681384,E01016252,1,3,0,0,Wet or damp,Single carriageway,None,40,08:10:00,Rural,Fine no high winds,No,21 - 25,2,Urban area,3,1896,None,None,Journey as part of work,Mid Junction - on roundabout or on main road,VOLKSWAGEN,PASSAT S TDI,Heavy oil,Male,None,No tow/articulation,Nearside,0,Going ahead other,2,Car,No,Front,2010
201043R168010,Unclassified,7302,B,3027,Slight,None,20-01-2010,Wednesday,1,Auto traffic signal,T or staggered junction,51.506524,Daylight,496940,179550,-0.604617,E01016464,2,2,0,5,Wet or damp,Single carriageway,None,30,08:55:00,Urban,Fine no high winds,No,21 - 25,2,Urban area,2,1910,None,None,Journey as part of work,Approaching junction or waiting/parked at junction approach,VAUXHALL,VECTRA ELITE CDTI 150,Heavy oil,Male,None,No tow/articulation,Did not leave carriageway,0,Waiting to go - held up,2,Car,No,Offside,2010
201043R255100,Unclassified,7302,Unclassified,7302,Slight,None,22-10-2010,Friday,1,Give way or uncontrolled,T or staggered junction,51.502886,Daylight,499770,179200,-0.563952,E01016501,1,2,0,0,Dry,Single carriageway,None,30,13:54:00,Urban,Fine no high winds,No,21 - 25,2,Urban area,3,1248,Kerb,None,Journey as part of work,Approaching junction or waiting/parked at junction approach,VAUXHALL,ASTRA SPECIAL CDTI 90,Heavy oil,Male,None,No tow/articulation,Did not leave carriageway,0,Turning right,1,Car,No,Front,2010
201043W068080,B,3033,Unclassified,7201,Slight,None,12-08-2010,Thursday,1,Give way or uncontrolled,T or staggered junction,51.42856,Daylight,471740,170460,-0.969488,E01016442,1,2,0,0,Dry,Single carriageway,Roadworks,30,16:15:00,Urban,Fine no high winds,No,21 - 25,2,Urban area,8,2500,None,None,Journey as part of work,Approaching junction or waiting/parked at junction approach,LDV,MAXUS 3.2T 95 SWB,Heavy oil,Male,None,No tow/articulation,Did not leave carriageway,0,Going ahead other,1,Van / Goods 3.5 tonnes mgw or under,No,Front,2010
201043W115090,A,4155,Unclassified,0,Slight,None,16-09-2010,Thursday,1,Auto traffic signal,T or staggered junction,51.474977,Daylight,473630,175650,-0.941228,E01016410,1,2,0,8,Dry,Single carriageway,None,30,18:40:00,Rural,Fine no high winds,No,21 - 25,2,Small town,10,3999,None,None,Journey as part of work,Mid Junction - on roundabout or on main road,BMW,M3,Petrol,Male,None,No tow/articulation,Offside,0,Turning right,1,Car,No,Nearside,2010
201043W138050,A,340,Unclassified,7123,Slight,None,24-05-2010,Monday,1,Give way or uncontrolled,T or staggered junction,51.435061,Daylight,463190,171070,-1.092346,E01016328,1,2,0,0,Dry,Single carriageway,None,50,11:00:00,Rural,Fine no high winds,No,21 - 25,2,Urban area,4,1390,None,None,Other/Not known (2005-10),Approaching junction or waiting/parked at junction approach,SEAT,IBIZA SE,Petrol,Male,None,No tow/articulation,Did not leave carriageway,0,Turning right,1,Car,No,Front,2010
201043W203030,A,34,NA,0,Slight,None,15-03-2010,Monday,1,Data missing or out of range,Not at junction or within 20 metres,51.52186,Daylight,449210,180570,-1.292124,E01016288,1,1,0,0,Dry,Dual carriageway,None,70,16:23:00,Rural,Fine no high winds,No,21 - 25,2,Urban area,4,1397,None,Other permanent object,Commuting to/from work,Not at or within 20 metres of junction,PEUGEOT,207 S,Petrol,Male,Overturned,No tow/articulation,Nearside,0,Going ahead other,1,Car,No,Front,2010
201045GU50757,C,93,Unclassified,0,Slight,None,29-04-2010,Thursday,1,Give way or uncontrolled,Other junction,51.236812,Daylight,499760,149600,-0.572396,E01030455,2,3,0,0,Dry,Single carriageway,None,30,13:00:00,Urban,Fine no high winds,No,21 - 25,2,Rural,9,1598,Parked vehicle,None,Other/Not known (2005-10),Approaching junction or waiting/parked at junction approach,MINI,ONE,Petrol,Male,None,No tow/articulation,Did not leave carriageway,0,Parked,3,Car,No,Nearside,2010
201045GU53825,A,247,NA,0,Slight,None,07-09-2010,Tuesday,1,Data missing or out of range,Not at junction or within 20 metres,51.263124,Daylight,504430,152620,-0.504645,E01030440,1,2,0,0,Wet or damp,Single carriageway,None,30,15:59:00,Rural,Fine no high winds,No,21 - 25,2,Small town,9,1560,None,None,Journey as part of work,Not at or within 20 metres of junction,PEUGEOT,PARTNER LX600 55KW,Heavy oil,Male,Skidded,No tow/articulation,Did not leave carriageway,0,Overtaking static vehicle - offside,2,Van / Goods 3.5 tonnes mgw or under,No,Front,2010
201045RE50215,Motorway,25,NA,0,Slight,None,08-04-2010,Thursday,1,Data missing or out of range,Not at junction or within 20 metres,51.257822,Daylight,525400,152500,-0.204277,E01030590,3,4,0,0,Dry,Slip road,None,70,15:17:00,Rural,Fine no high winds,No,21 - 25,2,Urban area,3,1997,None,None,Commuting to/from work,Not at or within 20 metres of junction,CITROEN,DISPATCH 1000 HDI 120 SWB,Heavy oil,Male,Skidded,No tow/articulation,Did not leave carriageway,0,Changing lane to right,3,Van / Goods 3.5 tonnes mgw or under,No,Back,2010
201045SP53767,A,308,Unclassified,0,Slight,None,30-08-2010,Monday,1,Give way or uncontrolled,Roundabout,51.426175,Daylight,506400,170800,-0.470991,E01030721,1,1,0,0,Dry,Dual carriageway,None,50,18:17:00,Urban,Fine no high winds,No,21 - 25,2,Urban area,5,748,None,None,Other/Not known (2005-10),Leaving roundabout,KAWASAKI,ZR 750 L8F,Petrol,Male,Skidded,No tow/articulation,Did not leave carriageway,0,Going ahead other,1,Motorcycle over 500cc,No,Did not impact,2010
201045WA48336,A,286,NA,0,Slight,None,23-01-2010,Saturday,1,Data missing or out of range,Not at junction or within 20 metres,51.130621,Daylight,492970,137660,-0.672717,E01030879,1,1,0,0,Dry,Single carriageway,None,40,13:50:00,Rural,Fine no high winds,No,21 - 25,2,Urban area,5,599,None,None,Other/Not known (2005-10),Not at or within 20 metres of junction,SUZUKI,GSXR 600 K8,Petrol,Male,None,No tow/articulation,Did not leave carriageway,0,Going ahead other,1,Motorcycle over 500cc,No,Did not impact,2010
201050AP2P036,C,730,Unclassified,0,Slight,None,06-11-2010,Saturday,1,Give way or uncontrolled,Other junction,50.11934,Daylight,147530,30350,-5.533301,E01018999,1,2,0,0,Dry,Single carriageway,None,30,15:49:00,Rural,Fine no high winds,No,21 - 25,2,Urban area,8,1999,Kerb,Other permanent object,Other/Not known (2005-10),Entering main road,FORD,FOCUS TITANIUM 145,Petrol,Male,None,No tow/articulation,Nearside,0,Turning left,1,Car,No,Offside,2010