Accident_Index,1st_Road_Class,1st_Road_Number,2nd_Road_Class,2nd_Road_Number,Accident_Severity,Carriageway_Hazards,Date,Day_of_Week,Did_Police_Officer_Attend_Scene_of_Accident,Junction_Control,Junction_Detail,Latitude,Light_Conditions,Location_Easting_OSGR,Location_Northing_OSGR,Longitude,LSOA_of_Accident_Location,Number_of_Casualties,Number_of_Vehicles,Pedestrian_Crossing-Human_Control,Pedestrian_Crossing-Physical_Facilities,Road_Surface_Conditions,Road_Type,Special_Conditions_at_Site,Speed_limit,Time,Urban_or_Rural_Area,Weather_Conditions,InScotland,Age_Band_of_Driver,Age_of_Vehicle,Driver_Home_Area_Type,Driver_IMD_Decile,Engine_Capacity_.CC.,Hit_Object_in_Carriageway,Hit_Object_off_Carriageway,Journey_Purpose_of_Driver,Junction_Location,make,model,Propulsion_Code,Sex_of_Driver,Skidding_and_Overturning,Towing_and_Articulation,Vehicle_Leaving_Carriageway,Vehicle_Location.Restricted_Lane,Vehicle_Manoeuvre,Vehicle_Reference,Vehicle_Type,Was_Vehicle_Left_Hand_Drive,X1st_Point_of_Impact,Year
201050AY2E005,B,3302,Unclassified,0,Slight,None,03-07-2010,Saturday,1,Give way or uncontrolled,T or staggered junction,50.171013,Daylight,156460,35690,-5.412027,E01019007,3,3,0,0,Dry,Single carriageway,None,60,14:44:00,Rural,Fine no high winds,No,21 - 25,2,Rural,5,999,None,None,Other/Not known (2005-10),Approaching junction or waiting/parked at junction approach,SUZUKI,GSXR 1000 K7,Petrol,Male,None,No tow/articulation,Did not leave carriageway,0,Going ahead left-hand bend,3,Motorcycle over 500cc,No,Nearside,2010
201050GN2A018,C,746,Unclassified,0,Slight,None,09-07-2010,Friday,2,Give way or uncontrolled,T or staggered junction,50.410841,Daylight,180720,61340,-5.087712,E01019028,1,2,0,0,Dry,Single carriageway,None,30,08:47:00,Urban,Fine no high winds,No,21 - 25,2,Urban area,3,1149,None,None,Other/Not known (2005-10),Mid Junction - on roundabout or on main road,RENAULT,TWINGO EXTREME 60,Petrol,Male,None,No tow/articulation,Did not leave carriageway,0,Turning right,1,Car,No,Front,2010
201050JS2F004,A,385,Unclassified,0,Slight,None,21-03-2010,Sunday,1,Give way or uncontrolled,Other junction,50.433403,Daylight,282120,60610,-3.661203,E01020156,2,3,0,0,Dry,Single carriageway,None,60,14:31:00,Rural,Fine no high winds,No,21 - 25,2,Urban area,3,1998,None,None,Other/Not known (2005-10),Approaching junction or waiting/parked at junction approach,HONDA,CIVIC TYPE-R GT I-VTEC,Petrol,Male,None,No tow/articulation,Did not leave carriageway,0,Going ahead other,1,Car,No,Front,2010
201050KU2B006,Unclassified,0,NA,0,Slight,None,25-10-2010,Monday,1,Data missing or out of range,Not at junction or within 20 metres,50.91152,Daylight,313490,113180,-3.231931,E01020074,1,3,0,0,Dry,Single carriageway,None,60,10:50:00,Rural,Fine no high winds,No,21 - 25,2,Urban area,6,2720,None,None,Journey as part of work,Not at or within 20 metres of junction,LAND ROVER,DISCOVERY TDV6 SE A,Heavy oil,Male,None,Single trailer,Did not leave carriageway,0,Waiting to go - held up,2,Car,No,Did not impact,2010
201054DC11110,C,405,C,405,Slight,None,23-04-2010,Friday,1,Give way or uncontrolled,T or staggered junction,51.559217,Daylight,415310,184510,-1.780561,E01015493,1,1,0,4,Dry,Dual carriageway,None,30,12:51:00,Urban,Fine no high winds,No,21 - 25,2,Urban area,5,1397,None,None,Other/Not known (2005-10),Cleared junction or waiting/parked at junction exit,PEUGEOT,207 SPORT,Petrol,Male,None,No tow/articulation,Did not leave carriageway,0,Moving off,1,Car,No,Offside,2010
201054DN21810,Unclassified,0,NA,0,Slight,None,22-07-2010,Thursday,1,Not at junction or within 20 metres,Not at junction or within 20 metres,51.630814,Daylight,420230,192490,-1.709132,E01015523,1,1,0,0,Dry,Single carriageway,None,30,18:40:00,Rural,Fine no high winds,No,21 - 25,2,Small town,8,1995,None,None,Commuting to/from work,Not at or within 20 metres of junction,VAUXHALL,VIVARO 2900 CDTI LWB,Heavy oil,Male,None,No tow/articulation,Did not leave carriageway,0,Slowing or stopping,1,Van / Goods 3.5 tonnes mgw or under,No,Nearside,2010
2010550C17847,A,350,Unclassified,0,Slight,None,04-05-2010,Tuesday,1,Auto traffic signal,More than 4 arms (not roundabout),50.71883,Daylight,401200,91030,-1.984386,E01015469,1,2,0,4,Dry,Dual carriageway,None,30,07:55:00,Urban,Fine no high winds,No,21 - 25,2,Urban area,1,4163,None,None,Journey as part of work,Entering main road,AUDI,S5 V8 QUATTRO,Petrol,Male,None,No tow/articulation,Did not leave carriageway,0,Moving off,2,Car,No,Front,2010
201060L228719,B,5111,NA,0,Slight,None,23-11-2010,Tuesday,2,Data missing or out of range,Not at junction or within 20 metres,53.279335,Daylight,245100,378340,-4.324787,W01000020,2,3,0,0,Wet or damp,Single carriageway,None,60,06:50:00,Rural,Fine no high winds,No,21 - 25,2,Rural,NA,1910,None,None,Commuting to/from work,Not at or within 20 metres of junction,VAUXHALL,ASTRA SXI CDTI,Heavy oil,Male,None,No tow/articulation,Did not leave carriageway,0,Going ahead other,3,Car,No,Front,2010
201001EO40235,A,503,Unclassified,0,Slight,None,06-05-2010,Thursday,1,Give way or uncontrolled,T or staggered junction,51.562534,Daylight,531150,186550,-0.109336,E01002734,1,2,0,0,Dry,Single carriageway,None,30,18:40:00,Urban,Fine no high winds,No,21 - 25,2,Urban area,9,124,None,None,Other/Not known (2005-10),Approaching junction or waiting/parked at junction approach,YAMAHA,NXC 125 CYGNUS,Petrol,Male,None,No tow/articulation,Did not leave carriageway,2,Going ahead other,2,Motorcycle 125cc and under,No,Offside,2010
201001EO40307,A,1201,NA,0,Slight,None,05-06-2010,Saturday,1,Data missing or out of range,Not at junction or within 20 metres,51.553635,Daylight,531930,185580,-0.098454,E01002745,1,1,0,0,Dry,Single carriageway,None,30,13:37:00,Urban,Fine no high winds,No,21 - 25,2,Urban area,2,1399,None,None,Other/Not known (2005-10),Not at or within 20 metres of junction,PEUGEOT,BIPPER S HDI,Heavy oil,Male,None,No tow/articulation,Did not leave carriageway,0,Reversing,1,Van / Goods 3.5 tonnes mgw or under,No,Back,2010
201001EO40442,A,400,A,5200,Slight,None,09-08-2010,Monday,1,Auto traffic signal,More than 4 arms (not roundabout),51.556617,Daylight,529140,185840,-0.138578,E01000921,1,2,0,5,Dry,Single carriageway,None,30,19:21:00,Urban,Fine no high winds,No,21 - 25,2,Urban area,2,125,None,None,Other/Not known (2005-10),Approaching junction or waiting/parked at junction approach,HYOSUNG,RX 125 SM,Petrol,Male,None,No tow/articulation,Did not leave carriageway,0,Going ahead other,1,Motorcycle 125cc and under,No,Nearside,2010
201001EO40726,A,501,Unclassified,0,Slight,None,23-11-2010,Tuesday,1,Give way or uncontrolled,T or staggered junction,51.530374,Daylight,531870,182990,-0.100288,E01002707,2,2,0,0,Dry,Single carriageway,None,30,15:35:00,Urban,Fine no high winds,No,21 - 25,2,Urban area,4,125,None,None,Other/Not known (2005-10),Cleared junction or waiting/parked at junction exit,HONDA,PES 125-7,Petrol,Male,None,No tow/articulation,Did not leave carriageway,0,Going ahead other,1,Motorcycle 50cc and under,No,Front,2010
201001EO40770,A,1,Unclassified,0,Slight,None,09-12-2010,Thursday,1,Give way or uncontrolled,T or staggered junction,51.547551,Daylight,531430,184890,-0.105919,E01002795,1,2,0,4,Dry,Single carriageway,None,30,09:55:00,Urban,Fine no high winds,No,21 - 25,2,Urban area,4,125,None,None,Other/Not known (2005-10),Mid Junction - on roundabout or on main road,HONDA,PES 125-8,Petrol,Male,None,No tow/articulation,Did not leave carriageway,0,Going ahead other,2,Motorcycle 125cc and under,No,Front,2010
201001HT20224,A,13,Unclassified,0,Slight,None,10-04-2010,Saturday,1,Give way or uncontrolled,T or staggered junction,51.514699,Daylight,534320,181310,-0.065629,E01004320,1,2,0,4,Dry,Single carriageway,None,30,19:10:00,Urban,Fine no high winds,No,21 - 25,2,Data missing or out of range,NA,1984,None,None,Other/Not known (2005-10),Approaching junction or waiting/parked at junction approach,VOLKSWAGEN,GOLF GTI EDITION30 230,Petrol,Male,None,No tow/articulation,Did not leave carriageway,0,Overtaking - nearside,1,Car,No,Front,2010
201001JI40042,Unclassified,0,Unclassified,0,Slight,None,30-01-2010,Saturday,1,Give way or uncontrolled,T or staggered junction,51.573414,Daylight,543670,188100,0.071798,E01003690,1,3,0,0,Dry,Single carriageway,None,30,15:16:00,Urban,Fine no high winds,No,21 - 25,2,Urban area,1,1798,None,None,Other/Not known (2005-10),Mid Junction - on roundabout or on main road,FORD,C-MAX ZETEC,Petrol,Male,None,No tow/articulation,Did not leave carriageway,0,Turning right,1,Car,No,Offside,2010
201001JI40340,A,114,A,1008,Slight,None,03-06-2010,Thursday,1,Auto traffic signal,Crossroads,51.569672,Daylight,540330,187590,0.02343,E01003791,2,2,0,5,Dry,Single carriageway,None,30,17:00:00,Urban,Fine no high winds,No,21 - 25,2,Urban area,3,999,None,None,Journey as part of work,Mid Junction - on roundabout or on main road,SMART,FORTWO PURE 61 AUTO,Petrol,Male,None,No tow/articulation,Did not leave carriageway,0,Going ahead other,2,Car,No,Front,2010
201001KD50393,A,125,A,124,Slight,None,21-07-2010,Wednesday,1,Auto traffic signal,T or staggered junction,51.565678,Daylight,551600,187470,0.185872,E01002249,2,2,0,5,Dry,Dual carriageway,None,30,19:26:00,Urban,Fine no high winds,No,21 - 25,2,Urban area,7,1596,None,None,Other/Not known (2005-10),Mid Junction - on roundabout or on main road,FORD,FOCUS TITANIUM 100,Petrol,Male,None,No tow/articulation,Did not leave carriageway,0,Waiting to go - held up,1,Car,No,Back,2010
201001KF60269,A,117,A,13,Slight,None,09-05-2010,Sunday,1,Auto traffic signal,Crossroads,51.520042,Daylight,542950,182140,0.058996,E01003482,1,2,0,5,Dry,Single carriageway,None,30,16:05:00,Urban,Fine no high winds,No,21 - 25,2,Rural,6,1995,None,None,Other/Not known (2005-10),Approaching junction or waiting/parked at junction approach,BMW,320I M SPORT,Petrol,Male,None,No tow/articulation,Did not leave carriageway,0,U-turn,2,Car,No,Offside,2010
201001KF60452,A,118,Unclassified,0,Slight,None,19-07-2010,Monday,1,Give way or uncontrolled,T or staggered junction,51.550119,Daylight,541980,185460,0.046362,E01003591,1,2,0,1,Dry,Single carriageway,None,30,15:55:00,Urban,Fine no high winds,No,21 - 25,2,Urban area,2,125,None,None,Other/Not known (2005-10),Cleared junction or waiting/parked at junction exit,HONDA,SH 125-7,Petrol,Male,None,No tow/articulation,Did not leave carriageway,0,Overtaking - nearside,2,Motorcycle 125cc and under,No,Front,2010
201001KF60680,A,124,C,0,Slight,None,27-10-2010,Wednesday,1,Auto traffic signal,T or staggered junction,51.522296,Daylight,540410,182320,0.022482,E01003499,1,2,0,5,Dry,Single carriageway,None,30,18:37:00,Urban,Fine no high winds,No,21 - 25,2,Urban area,6,1198,None,None,Other/Not known (2005-10),Approaching junction or waiting/parked at junction approach,VOLKSWAGEN,POLO E 60,Petrol,Male,None,No tow/articulation,Did not leave carriageway,0,Going ahead other,2,Car,No,Offside,2010
201001LX50124,A,203,A,203,Slight,None,08-02-2010,Monday,2,Auto traffic signal,Crossroads,51.485875,Daylight,530380,178000,-0.1236,E01003102,1,2,0,5,Wet or damp,Single carriageway,None,30,08:50:00,Urban,Fine no high winds,No,21 - 25,2,Urban area,5,1998,None,None,Other/Not known (2005-10),Approaching junction or waiting/parked at junction approach,MITSUBISHI,LANCER EVO X GSR FQ300 SA,Petrol,Male,None,No tow/articulation,Did not leave carriageway,0,Going ahead other,2,Car,No,Front,2010
201001LX50817,A,3036,NA,0,Slight,None,15-09-2010,Wednesday,1,Data missing or out of range,Not at junction or within 20 metres,51.499618,Daylight,530800,179540,-0.116984,E01003013,1,2,0,0,Dry,Single carriageway,None,30,12:20:00,Urban,Fine no high winds,No,21 - 25,2,Urban area,3,124,None,None,Other/Not known (2005-10),Not at or within 20 metres of junction,PIAGGIO,FLY 125,Petrol,Male,None,No tow/articulation,Did not leave carriageway,2,Going ahead other,2,Motorcycle over 125cc and up to 500cc,No,Front,2010
201001MM70257,C,0,Unclassified,0,Slight,None,10-04-2010,Saturday,1,Auto traffic signal,Crossroads,51.485643,Daylight,535200,178100,-0.054184,E01003987,1,2,0,5,Dry,Single carriageway,None,30,10:25:00,Urban,Fine no high winds,No,21 - 25,2,Urban area,3,1560,None,None,Commuting to/from work,Mid Junction - on roundabout or on main road,PEUGEOT,307 S HDI 110,Heavy oil,Male,None,No tow/articulation,Did not leave carriageway,0,Going ahead other,1,Car,No,Front,2010
201001MM70428,C,0,Unclassified,0,Slight,None,21-05-2010,Friday,1,Give way or uncontrolled,T or staggered junction,51.451372,Daylight,533060,174230,-0.086442,E01004069,1,3,0,4,Dry,Single carriageway,None,30,14:18:00,Urban,Fine no high winds,No,21 - 25,2,Urban area,2,1248,None,None,Other/Not known (2005-10),Approaching junction or waiting/parked at junction approach,VAUXHALL,COMBO 1700 CDTI,Heavy oil,Male,None,No tow/articulation,Did not leave carriageway,0,Waiting to go - held up,2,Van / Goods 3.5 tonnes mgw or under,No,Back,2010
201001MM70437,A,201,A,201,Slight,None,04-06-2010,Friday,1,Give way or uncontrolled,Roundabout,51.498246,Daylight,531680,179410,-0.104362,E01003930,1,2,0,1,Dry,Single carriageway,None,30,17:20:00,Urban,Fine no high winds,No,21 - 25,2,Urban area,1,125,None,None,Other/Not known (2005-10),Cleared junction or waiting/parked at junction exit,HONDA,PES 125-8,Petrol,Male,None,No tow/articulation,Did not leave carriageway,0,Waiting to go - held up,1,Motorcycle 125cc and under,No,Back,2010
201001MM70692,B,238,Unclassified,0,Slight,None,18-08-2010,Wednesday,1,Give way or uncontrolled,T or staggered junction,51.454402,Daylight,534690,174610,-0.062854,E01004015,1,2,0,0,Dry,Single carriageway,None,30,07:05:00,Urban,Fine no high winds,No,21 - 25,2,Urban area,4,1229,None,None,Commuting to/from work,Leaving main road,VAUXHALL,CORSA SXI A/C,Petrol,Male,None,No tow/articulation,Did not leave carriageway,0,Turning left,1,Car,No,Nearside,2010
201001PL60261,A,2218,A,2218,Slight,None,18-04-2010,Sunday,1,Auto traffic signal,More than 4 arms (not roundabout),51.428304,Daylight,536720,171760,-0.034755,E01003190,1,1,0,5,Dry,Single carriageway,None,30,10:28:00,Urban,Fine no high winds,No,21 - 25,2,Urban area,3,4282,Kerb,None,Other/Not known (2005-10),Mid Junction - on roundabout or on main road,ASTON MARTIN,VANTAGE V8,Petrol,Male,Skidded and overturned,No tow/articulation,Did not leave carriageway,0,Going ahead other,1,Car,No,Front,2010
201001PL60773,B,227,Unclassified,0,Slight,None,19-11-2010,Friday,1,Give way or uncontrolled,T or staggered junction,51.435099,Daylight,536120,172500,-0.043096,E01003312,1,2,0,0,Dry,Single carriageway,None,30,14:02:00,Urban,Fine no high winds,No,21 - 25,2,Urban area,3,5935,None,None,Other/Not known (2005-10),Mid Junction - on roundabout or on main road,ASTON MARTIN,DB9 AUTO,Petrol,Male,None,No tow/articulation,Did not leave carriageway,0,Turning left,2,Car,No,Front,2010
201001PY20112,A,224,C,0,Slight,None,20-02-2010,Saturday,1,Give way or uncontrolled,T or staggered junction,51.407114,Daylight,547070,169690,0.113161,E01000729,1,1,0,8,Dry,Single carriageway,None,30,13:04:00,Urban,Fine no high winds,No,21 - 25,2,Data missing or out of range,NA,125,None,None,Other/Not known (2005-10),Mid Junction - on roundabout or on main road,SUKIDA,SK 125-4 INSPECTOR,Petrol,Male,None,No tow/articulation,Did not leave carriageway,0,Going ahead other,1,Motorcycle 125cc and under,No,Front,2010
201001PY20264,A,208,NA,0,Slight,None,17-05-2010,Monday,1,Data missing or out of range,Not at junction or within 20 metres,51.417634,Daylight,543890,170770,0.067909,E01000692,1,2,0,0,Dry,Single carriageway,None,30,08:42:00,Urban,Fine no high winds,No,21 - 25,2,Data missing or out of range,NA,124,None,None,Other/Not known (2005-10),Not at or within 20 metres of junction,YAMAHA,YZF R125,Petrol,Male,None,No tow/articulation,Did not leave carriageway,0,Overtaking moving vehicle - offside,2,Motorcycle 125cc and under,No,Front,2010
201001PY20370,A,214,NA,0,Slight,None,04-06-2010,Friday,1,Data missing or out of range,Not at junction or within 20 metres,51.399338,Daylight,535720,168510,-0.050373,E01000706,1,2,0,0,Dry,Single carriageway,None,30,19:35:00,Urban,Fine no high winds,No,21 - 25,2,Urban area,3,124,None,None,Journey as part of work,Not at or within 20 metres of junction,SUZUKI,FL 125 S DW K7 ADDRESS,Petrol,Male,None,No tow/articulation,Did not leave carriageway,0,Overtaking - nearside,2,Motorcycle 125cc and under,No,Front,2010
201001PY20378,Unclassified,0,Unclassified,0,Slight,Any animal in carriageway (except ridden horse),17-06-2010,Thursday,1,Give way or uncontrolled,T or staggered junction,51.373696,Daylight,547730,165990,0.121105,E01000792,1,2,0,0,Dry,Single carriageway,None,30,12:15:00,Urban,Fine no high winds,No,21 - 25,2,Urban area,1,1798,Parked vehicle,None,Other/Not known (2005-10),Approaching junction or waiting/parked at junction approach,FORD,FOCUS ZETEC 125,Petrol,Male,None,No tow/articulation,Did not leave carriageway,0,Going ahead other,1,Car,No,Front,2010
201001QA10249,A,4140,A,4140,Slight,None,18-07-2010,Sunday,1,Give way or uncontrolled,T or staggered junction,51.593371,Daylight,518510,189670,-0.290547,E01002169,1,1,0,0,Dry,Single carriageway,None,30,14:10:00,Urban,Fine no high winds,No,21 - 25,2,Urban area,4,3628,None,None,Other/Not known (2005-10),Mid Junction - on roundabout or on main road,LAND ROVER,RANGE ROVER SP HSE TDV8 A,Heavy oil,Male,None,No tow/articulation,Did not leave carriageway,0,Turning right,1,Car,No,Front,2010
201001QK50167,C,0,Unclassified,0,Slight,None,28-03-2010,Sunday,1,Give way or uncontrolled,Roundabout,51.594642,Daylight,519300,189830,-0.279093,E01000593,1,2,0,0,Dry,Roundabout,None,30,19:35:00,Urban,Fine no high winds,No,21 - 25,2,Urban area,7,49,None,None,Other/Not known (2005-10),Mid Junction - on roundabout or on main road,PEUGEOT,LUDIX ELEGANCE,Petrol,Male,None,No tow/articulation,Did not leave carriageway,0,Going ahead other,2,Motorcycle 50cc and under,No,Nearside,2010
201001QK50360,B,4565,Unclassified,0,Slight,None,24-06-2010,Thursday,1,Give way or uncontrolled,Crossroads,51.555269,Daylight,518910,185440,-0.286206,E01000614,1,2,0,7,Dry,Single carriageway,None,30,08:47:00,Urban,Fine no high winds,No,21 - 25,2,Urban area,6,599,None,None,Journey as part of work,Mid Junction - on roundabout or on main road,HONDA,CBR 600 RR-7,Petrol,Male,None,No tow/articulation,Did not leave carriageway,0,Going ahead other,2,Motorcycle over 500cc,No,Front,2010
201001QK50533,A,404,Unclassified,0,Slight,None,27-08-2010,Friday,1,Give way or uncontrolled,T or staggered junction,51.541451,Daylight,520500,183940,-0.263796,E01000597,1,2,0,0,Dry,Single carriageway,None,30,18:20:00,Urban,Fine no high winds,No,21 - 25,2,Urban area,3,124,None,None,Other/Not known (2005-10),Mid Junction - on roundabout or on main road,SUZUKI,,Petrol,Male,None,No tow/articulation,Did not leave carriageway,0,Overtaking static vehicle - offside,2,Motorcycle 125cc and under,No,Front,2010
201001QK50622,B,451,C,0,Slight,None,27-09-2010,Monday,1,Auto traffic signal,Crossroads,51.534628,Daylight,524610,183280,-0.204794,E01000583,1,1,0,5,Dry,Single carriageway,None,30,15:10:00,Urban,Fine no high winds,No,21 - 25,2,Urban area,2,124,None,None,Other/Not known (2005-10),Approaching junction or waiting/parked at junction approach,YAMAHA,YBR 125,Petrol,Male,None,No tow/articulation,Did not leave carriageway,0,Slowing or stopping,1,Motorcycle 125cc and under,No,Did not impact,2010
201001RG40058,Unclassified,0,Unclassified,0,Slight,None,30-01-2010,Saturday,1,Give way or uncontrolled,Crossroads,51.43391,Daylight,544200,172590,0.073104,E01001601,2,2,0,0,Dry,Single carriageway,None,30,11:40:00,Urban,Fine no high winds,No,21 - 25,2,Urban area,2,1242,None,None,Other/Not known (2005-10),Approaching junction or waiting/parked at junction approach,FORD,FIESTA ZETEC BLUE 75,Petrol,Male,None,No tow/articulation,Did not leave carriageway,0,Going ahead other,2,Car,No,Front,2010
201001RG40310,A,208,Unclassified,0,Slight,None,03-06-2010,Thursday,1,Give way or uncontrolled,T or staggered junction,51.45643,Daylight,542560,175050,0.050517,E01001604,1,2,0,0,Dry,Single carriageway,None,30,17:28:00,Urban,Fine no high winds,No,21 - 25,2,Urban area,2,1598,None,None,Other/Not known (2005-10),Mid Junction - on roundabout or on main road,VAUXHALL,ASTRA DESIGN,Petrol,Male,None,No tow/articulation,Did not leave carriageway,0,Turning right,1,Car,No,Offside,2010
201001RG40576,A,206,A,205,Slight,None,03-10-2010,Sunday,2,Auto traffic signal,T or staggered junction,51.491249,Daylight,543810,178960,0.070087,E01001707,1,2,0,5,Dry,Dual carriageway,None,30,11:25:00,Urban,Fine no high winds,No,21 - 25,2,Urban area,1,1364,None,None,Other/Not known (2005-10),Approaching junction or waiting/parked at junction approach,VAUXHALL,CORSA DESIGN AUTO,Petrol,Male,None,No tow/articulation,Did not leave carriageway,0,Waiting to go - held up,1,Car,No,Back,2010
201001RG40589,A,2213,A,2213,Slight,None,20-09-2010,Monday,1,Give way or uncontrolled,T or staggered junction,51.462864,Daylight,540910,175720,0.027051,E01001622,2,2,0,0,Wet or damp,Single carriageway,None,30,07:30:00,Urban,Fine no high winds,No,21 - 25,2,Urban area,3,1686,None,None,Journey as part of work,Mid Junction - on roundabout or on main road,VAUXHALL,ASTRA LIFE CDTI,Heavy oil,Male,None,No tow/articulation,Did not leave carriageway,0,Turning right,1,Car,No,Nearside,2010
201001RG40633,A,102,NA,0,Slight,None,05-11-2010,Friday,2,Data missing or out of range,Not at junction or within 20 metres,51.504247,Daylight,538900,180270,-0.000075,E01001667,1,3,0,0,Dry,Single carriageway,None,30,15:15:00,Urban,Fine no high winds,No,21 - 25,2,Rural,9,1086,None,None,Journey as part of work,Not at or within 20 metres of junction,KIA,PICANTO CHILL,Petrol,Male,None,No tow/articulation,Did not leave carriageway,0,Waiting to go - held up,1,Car,No,Back,2010
201001RG40732,A,207,Unclassified,0,Slight,None,15-11-2010,Monday,1,Give way or uncontrolled,T or staggered junction,51.469507,Daylight,543440,176530,0.063775,E01001682,2,2,0,0,Dry,Single carriageway,None,30,10:36:00,Urban,Fine no high winds,No,21 - 25,2,Data missing or out of range,NA,1910,None,None,Other/Not known (2005-10),Mid Junction - on roundabout or on main road,VAUXHALL,ASTRA DESIGN CDTI 120,Heavy oil,Male,None,No tow/articulation,Did not leave carriageway,0,Overtaking moving vehicle - offside,1,Car,No,Front,2010
201001RY10172,A,207,A,221,Slight,None,15-04-2010,Thursday,1,Auto traffic signal,T or staggered junction,51.459619,Daylight,547650,175550,0.123935,E01000389,1,2,0,5,Dry,Single carriageway,None,30,06:00:00,Urban,Fine no high winds,No,21 - 25,2,Data missing or out of range,NA,9200,None,None,Journey as part of work,Mid Junction - on roundabout or on main road,DAF TRUCKS,,Heavy oil,Male,None,No tow/articulation,Did not leave carriageway,0,Turning right,2,Goods 7.5 tonnes mgw and over,No,Front,2010
201001SX20640,A,598,A,502,Slight,None,06-06-2010,Sunday,1,Auto traffic signal,More than 4 arms (not roundabout),51.571715,Daylight,525150,187420,-0.19554,E01000146,1,2,0,5,Dry,Single carriageway,Auto traffic signal - out,30,15:40:00,Urban,Fine no high winds,No,21 - 25,2,Urban area,3,2000,None,None,Other/Not known (2005-10),Mid Junction - on roundabout or on main road,BMW,320I SE AUTO,Petrol,Male,None,No tow/articulation,Did not leave carriageway,0,Going ahead other,2,Car,No,Front,2010
201001SX21153,Motorway,1,NA,0,Slight,None,30-10-2010,Saturday,1,Data missing or out of range,Not at junction or within 20 metres,51.574635,Daylight,522490,187680,-0.233813,E01000305,1,2,0,0,Wet or damp,Dual carriageway,None,70,08:50:00,Urban,Fine no high winds,No,21 - 25,2,Urban area,10,1595,None,None,Other/Not known (2005-10),Not at or within 20 metres of junction,AUDI,A3 101 MPI,Petrol,Male,None,No tow/articulation,Did not leave carriageway,0,Slowing or stopping,1,Car,No,Front,2010
201001TW60297,A,310,Unclassified,0,Slight,None,21-09-2010,Tuesday,1,Give way or uncontrolled,T or staggered junction,51.416747,Daylight,517290,169990,-0.314691,E01003839,1,2,0,0,Dry,Single carriageway,None,30,06:39:00,Urban,Fine no high winds,No,21 - 25,2,Urban area,4,1248,None,None,Commuting to/from work,Mid Junction - on roundabout or on main road,VAUXHALL,ASTRA CLUB CDTI,Heavy oil,Male,None,No tow/articulation,Did not leave carriageway,0,Changing lane to left,2,Van / Goods 3.5 tonnes mgw or under,No,Nearside,2010
201001VW40336,C,0,Unclassified,0,Slight,Any animal in carriageway (except ridden horse),30-07-2010,Friday,1,Give way or uncontrolled,T or staggered junction,51.415559,Daylight,522070,169970,-0.245992,E01003463,2,3,0,0,Dry,Single carriageway,None,30,13:20:00,Urban,Fine no high winds,No,21 - 25,2,Urban area,7,1149,None,None,Other/Not known (2005-10),Mid Junction - on roundabout or on main road,RENAULT,CLIO EXTREME,Petrol,Male,None,No tow/articulation,Did not leave carriageway,0,Going ahead other,3,Car,No,Front,2010
201001WW50268,A,3,A,3,Slight,None,22-04-2010,Thursday,1,Auto traffic signal,T or staggered junction,51.457087,Daylight,525340,174670,-0.19733,E01004509,1,2,0,5,Dry,Single carriageway,None,30,15:00:00,Urban,Fine no high winds,No,21 - 25,2,Urban area,2,599,None,None,Other/Not known (2005-10),Mid Junction - on roundabout or on main road,KAWASAKI,ZX 600 P7F,Petrol,Male,None,No tow/articulation,Did not leave carriageway,0,Going ahead other,2,Motorcycle over 500cc,No,Did not impact,2010
201001WW50484,A,218,Unclassified,0,Slight,None,07-07-2010,Wednesday,1,Auto traffic signal,T or staggered junction,51.448032,Daylight,525240,173660,-0.199126,E01004593,1,2,0,5,Dry,Single carriageway,None,30,20:59:00,Urban,Fine no high winds,No,21 - 25,2,Urban area,5,1896,None,None,Other/Not known (2005-10),Mid Junction - on roundabout or on main road,VOLKSWAGEN,TR-PORTER T28 84 TDI SWB,Heavy oil,Male,Overturned,No tow/articulation,Did not leave carriageway,0,Turning right,1,Van / Goods 3.5 tonnes mgw or under,No,Nearside,2010
201001WW50735,A,3205,Unclassified,0,Slight,None,15-09-2010,Wednesday,1,Give way or uncontrolled,T or staggered junction,51.479853,Daylight,529210,177300,-0.140698,E01004561,1,2,0,0,Dry,Single carriageway,None,30,08:40:00,Urban,Fine no high winds,No,21 - 25,2,Urban area,2,1896,None,None,Commuting to/from work,Mid Junction - on roundabout or on main road,AUDI,A3 SE 104 TDI,Heavy oil,Male,None,No tow/articulation,Did not leave carriageway,0,U-turn,1,Car,No,Nearside,2010
201001WW50789,A,3,A,3209,Slight,None,06-10-2010,Wednesday,2,Auto traffic signal,T or staggered junction,51.457183,Daylight,525310,174680,-0.197758,E01004509,1,2,0,5,Dry,One way street,None,30,12:00:00,Urban,Fine no high winds,No,21 - 25,2,Urban area,5,6208,None,None,Other/Not known (2005-10),Cleared junction or waiting/parked at junction exit,MERCEDES,C63 AMG AUTO,Petrol,Male,None,No tow/articulation,Did not leave carriageway,0,Turning left,1,Car,No,Offside,2010
201001XD80618,C,0,NA,0,Slight,None,30-08-2010,Monday,1,Data missing or out of range,Not at junction or within 20 metres,51.541146,Daylight,516380,183810,-0.323221,E01001344,1,2,0,0,Dry,Single carriageway,None,30,18:25:00,Urban,Fine no high winds,No,21 - 25,2,Urban area,3,2993,None,None,Other/Not known (2005-10),Not at or within 20 metres of junction,BMW,X6 XDRIVE 30D AUTO,Heavy oil,Male,None,No tow/articulation,Did not leave carriageway,0,Going ahead other,1,Car,No,Offside,2010