Accident_Index,1st_Road_Class,1st_Road_Number,2nd_Road_Class,2nd_Road_Number,Accident_Severity,Carriageway_Hazards,Date,Day_of_Week,Did_Police_Officer_Attend_Scene_of_Accident,Junction_Control,Junction_Detail,Latitude,Light_Conditions,Location_Easting_OSGR,Location_Northing_OSGR,Longitude,LSOA_of_Accident_Location,Number_of_Casualties,Number_of_Vehicles,Pedestrian_Crossing-Human_Control,Pedestrian_Crossing-Physical_Facilities,Road_Surface_Conditions,Road_Type,Special_Conditions_at_Site,Speed_limit,Time,Urban_or_Rural_Area,Weather_Conditions,InScotland,Age_Band_of_Driver,Age_of_Vehicle,Driver_Home_Area_Type,Driver_IMD_Decile,Engine_Capacity_.CC.,Hit_Object_in_Carriageway,Hit_Object_off_Carriageway,Journey_Purpose_of_Driver,Junction_Location,make,model,Propulsion_Code,Sex_of_Driver,Skidding_and_Overturning,Towing_and_Articulation,Vehicle_Leaving_Carriageway,Vehicle_Location.Restricted_Lane,Vehicle_Manoeuvre,Vehicle_Reference,Vehicle_Type,Was_Vehicle_Left_Hand_Drive,X1st_Point_of_Impact,Year
201001XD80860,A,3005,Unclassified,0,Slight,None,10-11-2010,Wednesday,2,Give way or uncontrolled,Private drive or entrance,51.508725,Daylight,512710,180120,-0.377299,E01001361,1,2,0,0,Dry,Single carriageway,None,30,13:30:00,Urban,Fine no high winds,No,21 - 25,2,Urban area,3,49,None,None,Journey as part of work,Mid Junction - on roundabout or on main road,PEUGEOT,LUDIX ELEGANCE,Petrol,Male,Skidded,No tow/articulation,Did not leave carriageway,2,Going ahead other,1,Motorcycle 50cc and under,No,Front,2010
201001XH30149,A,40,Unclassified,0,Slight,None,05-03-2010,Friday,1,Give way or uncontrolled,Slip road,51.559215,Daylight,505860,185590,-0.474323,E01002512,1,2,0,0,Dry,Slip road,None,40,16:42:00,Rural,Fine no high winds,No,21 - 25,2,Urban area,5,2402,None,None,Other/Not known (2005-10),Mid Junction - on roundabout or on main road,FORD,TRANSIT 115 T350EF RWD,Heavy oil,Male,None,No tow/articulation,Did not leave carriageway,0,Going ahead other,2,Van / Goods 3.5 tonnes mgw or under,No,Front,2010
201001XH30768,C,0,C,0,Slight,None,07-11-2010,Sunday,1,Give way or uncontrolled,Mini-roundabout,51.512247,Daylight,509420,180440,-0.424588,E01002405,1,2,0,0,Dry,Roundabout,None,30,11:50:00,Urban,Fine no high winds,No,21 - 25,2,Urban area,5,125,None,None,Other/Not known (2005-10),Mid Junction - on roundabout or on main road,HONDA,VT 125 C-6,Petrol,Male,None,No tow/articulation,Did not leave carriageway,0,Turning right,2,Motorcycle 125cc and under,No,Nearside,2010
201001YE80231,A,111,NA,0,Slight,None,28-03-2010,Sunday,1,Data missing or out of range,Not at junction or within 20 metres,51.634974,Daylight,529170,194560,-0.134938,E01001519,1,1,0,0,Dry,Single carriageway,None,30,06:44:00,Urban,Fine no high winds,No,21 - 25,2,Data missing or out of range,NA,999,Kerb,Tree,Other/Not known (2005-10),Not at or within 20 metres of junction,SMART,FORTWO PASSION MHD AUTO,Petrol,Male,Overturned,No tow/articulation,Nearside,0,Going ahead other,1,Car,No,Front,2010
201001YR90309,A,1,Unclassified,0,Slight,None,28-04-2010,Wednesday,1,Give way or uncontrolled,T or staggered junction,51.578925,Daylight,528260,188300,-0.150368,E01002011,1,2,0,4,Dry,Single carriageway,None,30,08:50:00,Urban,Fine no high winds,No,21 - 25,2,Urban area,2,1149,None,None,Other/Not known (2005-10),Mid Junction - on roundabout or on main road,RENAULT,CLIO RIP CURL 16V,Petrol,Male,None,No tow/articulation,Did not leave carriageway,0,Turning right,1,Car,No,Offside,2010
201001YR90368,A,504,Unclassified,0,Slight,None,04-06-2010,Friday,1,Auto traffic signal,Mini-roundabout,51.586312,Daylight,532460,189230,-0.089439,E01002043,1,2,0,0,Dry,Roundabout,None,30,15:30:00,Urban,Fine no high winds,No,21 - 25,2,Data missing or out of range,NA,1248,None,None,Commuting to/from work,Mid Junction - on roundabout or on main road,VAUXHALL,COMBO 1700 CDTI,Heavy oil,Male,None,No tow/articulation,Did not leave carriageway,0,Going ahead other,2,Van / Goods 3.5 tonnes mgw or under,No,Front,2010
201001YR90402,A,105,A,109,Slight,None,15-06-2010,Tuesday,1,Auto traffic signal,Crossroads,51.597075,Daylight,531010,190390,-0.109923,E01002029,2,2,0,5,Dry,Single carriageway,None,30,08:39:00,Urban,Fine no high winds,No,21 - 25,2,Urban area,3,1596,None,None,Journey as part of work,Mid Junction - on roundabout or on main road,FORD,FOCUS TITANIUM 100,Petrol,Male,None,No tow/articulation,Did not leave carriageway,0,Going ahead other,1,Car,No,Nearside,2010
201001YR90641,A,503,Unclassified,0,Slight,None,21-09-2010,Tuesday,1,Give way or uncontrolled,T or staggered junction,51.586433,Daylight,534230,189290,-0.063882,E01002068,1,2,0,0,Dry,Single carriageway,None,30,11:50:00,Urban,Fine no high winds,No,21 - 25,2,Urban area,9,1896,None,None,Journey as part of work,Mid Junction - on roundabout or on main road,VOLKSWAGEN,JETTA S TDI,Heavy oil,Male,None,No tow/articulation,Did not leave carriageway,0,Turning right,1,Car,No,Offside,2010
201001ZD30505,A,213,Unclassified,0,Slight,None,19-06-2010,Saturday,2,Give way or uncontrolled,T or staggered junction,51.40228,Daylight,534310,168800,-0.070521,E01001143,1,2,0,0,Dry,Single carriageway,None,30,19:30:00,Urban,Fine no high winds,No,21 - 25,2,Urban area,4,49,None,None,Journey as part of work,Mid Junction - on roundabout or on main road,PEUGEOT,LUDIX ELEGANCE,Petrol,Male,None,No tow/articulation,Did not leave carriageway,0,Going ahead other,1,Motorcycle 125cc and under,No,Nearside,2010
201001ZD31070,C,0,Unclassified,0,Slight,None,17-12-2010,Friday,1,Give way or uncontrolled,T or staggered junction,51.382786,Daylight,532750,166590,-0.09376,E01001110,1,1,0,0,Dry,Single carriageway,None,30,13:14:00,Urban,Fine no high winds,No,21 - 25,2,Urban area,2,1999,None,None,Other/Not known (2005-10),Approaching junction or waiting/parked at junction approach,FORD,FIESTA ST,Petrol,Male,None,No tow/articulation,Did not leave carriageway,0,Going ahead other,1,Car,No,Offside,2010
201001ZT80106,A,237,C,0,Slight,None,27-03-2010,Saturday,1,Give way or uncontrolled,Crossroads,51.347681,Daylight,529090,162590,-0.147776,E01004084,2,2,0,0,Wet or damp,Single carriageway,None,30,12:30:00,Urban,Fine no high winds,No,21 - 25,2,Urban area,9,2499,None,None,Commuting to/from work,Mid Junction - on roundabout or on main road,LONDON TAXIS INT,TX4 GOLD AUTO,Heavy oil,Male,None,No tow/articulation,Did not leave carriageway,0,Going ahead other,2,Taxi/Private hire car,No,Offside,2010
201004AX10056,Unclassified,0,Unclassified,0,Slight,None,19-06-2010,Saturday,1,Auto traffic signal,More than 4 arms (not roundabout),53.818331,Daylight,331320,436290,-3.044714,E01012737,1,2,0,5,Dry,Single carriageway,None,30,18:45:00,Urban,Fine no high winds,No,21 - 25,2,Urban area,3,1364,None,None,Journey as part of work,Mid Junction - on roundabout or on main road,VAUXHALL,ASTRA LIFE,Petrol,Male,None,No tow/articulation,Did not leave carriageway,0,Going ahead other,2,Car,No,Offside,2010
201004BB10070,Motorway,6,A,601,Slight,None,14-05-2010,Friday,1,Give way or uncontrolled,Roundabout,54.129017,Daylight,351180,470610,-2.748588,E01025130,1,2,0,0,Dry,Slip road,None,70,14:27:00,Rural,Fine no high winds,No,21 - 25,2,Small town,10,1999,None,None,Commuting to/from work,Approaching junction or waiting/parked at junction approach,FORD,FIESTA ST 500,Petrol,Male,None,No tow/articulation,Did not leave carriageway,0,Slowing or stopping,1,Car,No,Front,2010
201004BB10173,Unclassified,0,Unclassified,0,Slight,None,26-09-2010,Sunday,1,Give way or uncontrolled,T or staggered junction,54.063888,Daylight,344360,463440,-2.851622,E01025173,1,2,0,0,Dry,Single carriageway,None,30,15:55:00,Urban,Fine no high winds,No,21 - 25,2,Urban area,4,4580,None,None,Journey as part of work,Mid Junction - on roundabout or on main road,OPTARE,,Heavy oil,Male,None,No tow/articulation,Did not leave carriageway,0,Going ahead other,2,Bus or coach (17 or more pass seats),No,Offside,2010
201004CA10061,Unclassified,0,NA,0,Slight,None,26-06-2010,Saturday,1,Data missing or out of range,Not at junction or within 20 metres,53.66075,Daylight,359180,418430,-2.619201,E01024929,1,1,0,0,Dry,Single carriageway,None,30,19:25:00,Urban,Fine no high winds,No,21 - 25,2,Urban area,7,1910,None,None,Other/Not known (2005-10),Not at or within 20 metres of junction,VAUXHALL,VECTRA SRI CDTI 120,Heavy oil,Male,None,No tow/articulation,Did not leave carriageway,0,Going ahead other,1,Car,No,Offside,2010
201004DF10042,Unclassified,0,Unclassified,0,Slight,None,27-05-2010,Thursday,1,Give way or uncontrolled,Crossroads,53.762188,Daylight,355490,429750,-2.676668,E01025247,1,1,0,0,Dry,Single carriageway,None,20,15:20:00,Urban,Fine no high winds,No,21 - 25,2,Urban area,8,1595,None,None,Other/Not known (2005-10),Approaching junction or waiting/parked at junction approach,AUDI,A3 S LINE 101 MPI,Petrol,Male,None,No tow/articulation,Did not leave carriageway,6,Reversing,1,Car,No,Back,2010
201004EA10118,B,6130,Unclassified,0,Slight,None,23-05-2010,Sunday,1,Give way or uncontrolled,Crossroads,53.745651,Daylight,370690,427790,-2.445918,E01012640,1,2,0,0,Dry,Single carriageway,None,30,11:50:00,Urban,Fine no high winds,No,21 - 25,2,Urban area,6,124,None,None,Other/Not known (2005-10),Mid Junction - on roundabout or on main road,YAMAHA,YBR 125,Petrol,Male,None,No tow/articulation,Did not leave carriageway,0,Going ahead other,2,Motorcycle 125cc and under,No,Offside,2010
201004EA10164,Unclassified,0,Unclassified,0,Slight,None,25-06-2010,Friday,1,Give way or uncontrolled,Mini-roundabout,53.7245,Daylight,367180,425460,-2.498891,E01012593,1,2,0,0,Dry,Single carriageway,None,30,09:10:00,Urban,Fine no high winds,No,21 - 25,2,Urban area,1,1364,None,None,Other/Not known (2005-10),Mid Junction - on roundabout or on main road,VAUXHALL,CORSA SXI A/C AUTO,Petrol,Male,None,No tow/articulation,Did not leave carriageway,0,Going ahead other,1,Car,No,Back,2010
201004EL10024,A,679,A,679,Slight,None,22-01-2010,Friday,1,Auto traffic signal,Crossroads,53.757276,Daylight,374690,429060,-2.385371,E01025044,1,2,0,5,Dry,Single carriageway,None,30,13:15:00,Urban,Fine no high winds,No,21 - 25,2,Urban area,1,1229,None,None,Other/Not known (2005-10),Approaching junction or waiting/parked at junction approach,VAUXHALL,CORSA CLUB,Petrol,Male,None,No tow/articulation,Did not leave carriageway,0,Changing lane to right,1,Car,No,Offside,2010
201004FL10047,A,682,NA,0,Slight,None,24-05-2010,Monday,1,Data missing or out of range,Not at junction or within 20 metres,53.69875,Daylight,380620,422520,-2.295018,E01025386,1,2,0,0,Dry,Dual carriageway,None,60,14:55:00,Rural,Fine no high winds,No,21 - 25,2,Urban area,6,2488,None,None,Journey as part of work,Not at or within 20 metres of junction,NISSAN,CABSTAR 34.11 S/C SWB,Heavy oil,Male,None,No tow/articulation,Did not leave carriageway,0,Going ahead other,1,Van / Goods 3.5 tonnes mgw or under,No,Front,2010
201004TA10045,Motorway,65,Motorway,61,Slight,None,18-03-2010,Thursday,1,Auto traffic signal,Slip road,53.71769,Daylight,358650,424770,-2.628069,E01024921,1,2,0,0,Dry,Dual carriageway,None,70,17:54:00,Rural,Fine no high winds,No,21 - 25,2,Rural,6,1598,None,None,Other/Not known (2005-10),Approaching junction or waiting/parked at junction approach,VOLKSWAGEN,GOLF MATCH FSI 115,Petrol,Male,None,No tow/articulation,Did not leave carriageway,0,Waiting to go - held up,2,Car,No,Did not impact,2010
201004TA10169,Motorway,65,NA,0,Slight,None,04-10-2010,Monday,1,Data missing or out of range,Not at junction or within 20 metres,53.716931,Daylight,369840,424600,-2.458494,E01012602,1,2,0,0,Dry,Dual carriageway,None,70,15:57:00,Rural,Fine no high winds,No,21 - 25,2,Urban area,2,1796,None,None,Journey as part of work,Not at or within 20 metres of junction,VAUXHALL,VECTRA DESIGN,Petrol,Male,None,No tow/articulation,Did not leave carriageway,0,Going ahead other,2,Car,No,Back,2010
20104100F0382,Unclassified,1454,Unclassified,1455,Slight,None,04-06-2019,Thursday,1,Give way or uncontrolled,Mini-roundabout,18.51733285,Darkness - lights lit,514520,206280,73.90789994,E01023737,1,2,0,0,Wet or damp,Roundabout,None,30,21:02:00,Urban,Fine + high winds,No,16 - 20,1,Urban area,5,125,None,None,Other/Not known (2005-10),Mid Junction - on roundabout or on main road,QINGQI,QM 125 GY-2B,Petrol,Male,None,No tow/articulation,Did not leave carriageway,0,Going ahead other,2,Motorcycle 125cc and under,No,Front,2021
20104100F0382,Unclassified,1454,Unclassified,1455,Slight,None,04-02-2010,Thursday,1,Give way or uncontrolled,Mini-roundabout,51.74348,Darkness - lights lit,514520,206280,-0.342682,E01023737,1,2,0,0,Wet or damp,Roundabout,None,30,21:02:00,Urban,Fine + high winds,No,16 - 20,1,Urban area,5,125,None,None,Other/Not known (2005-10),Mid Junction - on roundabout or on main road,QINGQI,QM 125 GY-2B,Petrol,Male,None,No tow/articulation,Did not leave carriageway,0,Going ahead other,2,Motorcycle 125cc and under,No,Front,2010
201043W003010,Unclassified,7152,NA,0,Slight,None,11-01-2021,Saturday,1,Data missing or out of range,Not at junction or within 20 metres,27.10630001,Darkness - lights lit,454110,166610,93.61199231,E01016339,1,1,0,0,Frost or ice,Single carriageway,None,40,19:51:00,Urban,Fine no high winds,No,16 - 20,1,Urban area,7,1598,None,Road sign or traffic signal,Other/Not known (2005-10),Not at or within 20 metres of junction,SEAT,IBIZA SPORT 104,Petrol,Male,Skidded,No tow/articulation,Offside,0,Going ahead left-hand bend,1,Car,No,Front,2019
201043P068030,A,40,Unclassified,0,Slight,None,12-10-2020,Friday,1,Give way or uncontrolled,Private drive or entrance,25.77229673,Darkness - lights lit,449620,210190,87.47351986,E01028596,3,3,0,0,Dry,Single carriageway,None,60,18:21:00,Urban,Fine no high winds,No,16 - 20,1,Urban area,6,4163,None,None,Other/Not known (2005-10),Approaching junction or waiting/parked at junction approach,AUDI,R8 4.2 QUATTRO S-A,Petrol,Male,None,No tow/articulation,Did not leave carriageway,0,Going ahead other,2,Car,No,Offside,2019
201042I037602,A,134,Unclassified,0,Slight,None,27-11-2020,Tuesday,1,Auto traffic signal,Crossroads,25.76412493,Darkness - lights lit,600600,224760,87.49325888,E01021687,1,2,0,5,Dry,Single carriageway,None,30,18:40:00,Urban,Fine no high winds,No,16 - 20,1,Urban area,10,124,None,None,Other/Not known (2005-10),Approaching junction or waiting/parked at junction approach,YAMAHA,YBR 125,Petrol,Male,None,No tow/articulation,Did not leave carriageway,0,Going ahead other,2,Motorcycle over 125cc and up to 500cc,No,Front,2019
201043R127120,Unclassified,7408,Unclassified,7408,Slight,None,16-07-2021,Tuesday,1,Give way or uncontrolled,T or staggered junction,22.08127864,Darkness - lights lit,488040,179730,82.13476905,E01016594,1,2,0,0,Dry,Single carriageway,None,30,17:49:00,Urban,Fine no high winds,No,16 - 20,1,Urban area,5,125,None,None,Other/Not known (2005-10),Approaching junction or waiting/parked at junction approach,HONDA,CBR 125 RW-7,Petrol,Male,Skidded,No tow/articulation,Did not leave carriageway,0,Going ahead other,1,Motorcycle 125cc and under,No,Nearside,2019
201042I040301,A,13,NA,0,Slight,None,12-06-2020,Friday,1,Not at junction or within 20 metres,Not at junction or within 20 metres,15.27606395,Darkness - lights lit,576120,188320,74.04579569,E01021312,1,2,0,0,Wet or damp,Dual carriageway,None,40,18:40:00,Rural,Fine no high winds,No,16 - 20,1,Data missing or out of range,NA,124,None,None,Other/Not known (2005-10),Not at or within 20 metres of junction,YAMAHA,YZF R125,Petrol,Male,None,No tow/articulation,Did not leave carriageway,0,Going ahead other,2,Motorcycle 125cc and under,No,Front,2019
201054DN37610,B,4534,Unclassified,0,Slight,None,31-10-2019,Wednesday,1,Auto traffic signal,Crossroads,28.43671333,Darkness - lights lit,415030,189130,77.02148024,E01015472,1,2,0,5,Wet or damp,Dual carriageway,None,40,20:08:00,Rural,Fine no high winds,No,16 - 20,1,Urban area,1,1339,None,None,Other/Not known (2005-10),Leaving main road,HONDA,JAZZ I-VTEC EX,Petrol,Male,None,No tow/articulation,Did not leave carriageway,0,Turning right,1,Car,No,Front,2019
201042I002101,A,1114,A,1060,Slight,None,04-08-2019,Tuesday,1,Give way or uncontrolled,Roundabout,12.97602918,Darkness - lights lit,571500,205990,77.53893415,E01021577,1,2,0,4,Wet or damp,Roundabout,None,40,23:40:00,Urban,Fine no high winds,No,16 - 20,1,Data missing or out of range,NA,1398,None,None,Journey as part of work,Entering roundabout,PEUGEOT,207 S HDI 68,Heavy oil,Male,None,No tow/articulation,Did not leave carriageway,0,Turning left,1,Car,No,Offside,2019
2010550D22456,Unclassified,0,Unclassified,0,Slight,None,14-01-2021,Monday,1,Give way or uncontrolled,T or staggered junction,8.878393197,Darkness - lights lit,414520,93530,76.69788334,E01020361,1,2,0,0,Dry,Single carriageway,None,30,23:45:00,Urban,Fine no high winds,No,16 - 20,1,Urban area,7,124,None,None,Journey as part of work,Approaching junction or waiting/parked at junction approach,JINLUN,JL 125-11,Petrol,Male,None,No tow/articulation,Did not leave carriageway,0,Going ahead other,2,Motorcycle 125cc and under,No,Nearside,2020
201042I025202,Unclassified,0,NA,0,Slight,None,03-06-2019,Monday,1,Not at junction or within 20 metres,Not at junction or within 20 metres,22.72155674,Darkness - lights lit,544380,196910,75.87833357,E01021775,1,2,0,0,Wet or damp,Single carriageway,None,30,17:59:00,Urban,Fine no high winds,No,16 - 20,1,Urban area,7,125,None,None,Other/Not known (2005-10),Not at or within 20 metres of junction,SONIK,,Petrol,Male,Skidded,No tow/articulation,Did not leave carriageway,0,Going ahead other,1,Motorcycle 50cc and under,No,Front,2020
201050GA2B012,B,3279,NA,0,Slight,None,25-08-2021,Sunday,3,Data missing or out of range,Not at junction or within 20 metres,22.74824658,Darkness - lights lit,194060,58800,75.84975215,E01019054,2,2,0,0,Wet or damp,Single carriageway,None,60,10:10:00,Rural,Fine no high winds,No,16 - 20,1,Small town,5,1248,None,Other permanent object,Other/Not known (2005-10),Not at or within 20 metres of junction,VAUXHALL,CORSA LIFE A/C CDTI,Heavy oil,Male,None,No tow/articulation,Offside,0,Going ahead left-hand bend,1,Car,No,Offside,2020
201045SP47829,C,230,C,230,Slight,None,07-04-2021,Thursday,1,Auto traffic signal,T or staggered junction,26.4641962,Darkness - lights lit,510090,169520,74.59961738,E01030753,2,2,0,4,Snow,Single carriageway,None,30,20:50:00,Urban,Fine no high winds,No,16 - 20,1,Urban area,9,1896,None,None,Other/Not known (2005-10),Mid Junction - on roundabout or on main road,SEAT,LEON ECOMOTIVE S TDI,Heavy oil,Male,Skidded,No tow/articulation,Did not leave carriageway,0,Going ahead other,2,Car,No,Front,2020
201045SU56584,C,2,A,322,Slight,None,10-07-2021,Friday,1,Auto traffic signal,Crossroads,26.459117,Darkness - lights lit,491700,163230,74.60913694,E01030758,2,2,0,8,Wet or damp,Single carriageway,None,30,18:20:00,Rural,Fine no high winds,No,16 - 20,1,Urban area,5,1598,None,None,Other/Not known (2005-10),Approaching junction or waiting/parked at junction approach,VAUXHALL,ASTRA SXI,Petrol,Male,None,No tow/articulation,Did not leave carriageway,0,Slowing or stopping,2,Car,No,Back,2020
201050EC2D020,A,374,Unclassified,0,Slight,None,14-07-2021,Thursday,1,Give way or uncontrolled,Mini-roundabout,26.45833349,Darkness - lights lit,247140,54420,74.62100908,E01015155,1,1,0,0,Dry,Single carriageway,None,30,04:48:00,Urban,Fine no high winds,No,16 - 20,1,Data missing or out of range,NA,7146,None,None,Other/Not known (2005-10),Approaching junction or waiting/parked at junction approach,VOLVO,,Heavy oil,Male,None,No tow/articulation,Did not leave carriageway,0,Going ahead other,1,Goods 7.5 tonnes mgw and over,No,Nearside,2020
201043W232030,A,3032,A,321,Slight,None,27-06-2021,Thursday,2,Auto traffic signal,Crossroads,28.58683648,Darkness - lights lit,478790,175990,77.35142198,E01016694,1,2,0,5,Wet or damp,Single carriageway,None,30,22:40:00,Rural,Fine no high winds,No,16 - 20,1,Small town,8,49,None,None,Other/Not known (2005-10),Mid Junction - on roundabout or on main road,SKYTEAM,ST 50-3 SM,Petrol,Male,None,No tow/articulation,Did not leave carriageway,0,Going ahead other,2,Motorcycle 50cc and under,No,Back,2021
201042I083003,A,127,NA,0,Slight,None,08-07-2019,Thursday,1,Not at junction or within 20 metres,Not at junction or within 20 metres,18.61136762,Darkness - lights lit,581310,189490,73.90036187,E01021965,1,2,0,0,Dry,Dual carriageway,None,50,17:40:00,Urban,Fine no high winds,No,16 - 20,1,Urban area,10,125,None,None,Commuting to/from work,Not at or within 20 metres of junction,HONDA,CBF 125 M-9,Petrol,Male,None,No tow/articulation,Did not leave carriageway,0,Overtaking - nearside,2,Motorcycle 125cc and under,No,Offside,2021
201045SP55496,Unclassified,6242,NA,0,Slight,Other object on road,02-11-2021,Wednesday,1,Data missing or out of range,Not at junction or within 20 metres,19.13768352,Darkness - lights lit,510060,169910,72.91042771,E01030754,1,1,0,0,Wet or damp,Single carriageway,None,30,23:50:00,Urban,Fine no high winds,No,16 - 20,1,Urban area,9,49,Other object,None,Other/Not known (2005-10),Not at or within 20 metres of junction,TAIWAN GOLDEN BEE,303 R HAWK,Petrol,Male,Skidded,No tow/articulation,Did not leave carriageway,0,Going ahead other,1,Motorcycle 50cc and under,No,Front,2021
20105500C1080,Unclassified,0,Unclassified,0,Slight,None,16-10-2020,Sunday,1,Give way or uncontrolled,T or staggered junction,26.74311458,Darkness - lights lit,398440,91770,94.17836381,E01015430,1,2,0,0,Dry,Single carriageway,None,30,19:45:00,Urban,Fine no high winds,No,16 - 20,1,Urban area,1,49,None,None,Other/Not known (2005-10),Approaching junction or waiting/parked at junction approach,KYMCO,AGILITY,Petrol,Male,None,No tow/articulation,Did not leave carriageway,0,Going ahead other,2,Motorcycle 50cc and under,No,Front,2019
201045SP52856,B,377,NA,0,Slight,None,01-06-2021,Friday,1,Data missing or out of range,Not at junction or within 20 metres,26.76952952,Darkness - lights lit,508250,171580,94.21704734,E01030706,1,4,0,8,Dry,Single carriageway,None,30,04:00:00,Urban,Fine no high winds,No,16 - 20,1,Urban area,4,3311,None,Other permanent object,Other/Not known (2005-10),Not at or within 20 metres of junction,LEXUS,RX 400H SR AUTO,Hybrid electric,Male,Skidded,No tow/articulation,Offside,0,Going ahead left-hand bend,1,Car,No,Front,2019
201001FH10191,B,317,Unclassified,0,Slight,None,23-04-2010,Friday,1,Give way or uncontrolled,T or staggered junction,51.482493,Darkness - lights lit,525060,177490,-0.200361,E01001881,2,2,0,1,Dry,Single carriageway,None,30,22:54:00,Urban,Fine no high winds,No,16 - 20,1,Urban area,2,124,None,None,Journey as part of work,Mid Junction - on roundabout or on main road,YAMAHA,YZF R125,Petrol,Male,None,No tow/articulation,Did not leave carriageway,0,Turning right,1,Motorcycle 125cc and under,No,Offside,2010
201001FH10279,B,318,Unclassified,0,Slight,None,24-05-2010,Monday,1,Give way or uncontrolled,T or staggered junction,51.478713,Darkness - lights lit,525490,177080,-0.194317,E01001921,1,2,0,4,Dry,Single carriageway,None,30,21:30:00,Urban,Fine no high winds,No,16 - 20,1,Urban area,2,124,None,None,Other/Not known (2005-10),Mid Junction - on roundabout or on main road,YAMAHA,YZF R125,Petrol,Male,None,No tow/articulation,Did not leave carriageway,0,Turning left,2,Motorcycle 125cc and under,No,Nearside,2010
201001HT20209,A,11,Unclassified,0,Slight,None,29-03-2010,Monday,1,Give way or uncontrolled,T or staggered junction,51.517748,Darkness - lights lit,534350,181650,-0.065067,E01004309,1,2,0,4,Wet or damp,Single carriageway,None,30,22:30:00,Urban,Fine no high winds,No,16 - 20,1,Urban area,2,124,None,None,Other/Not known (2005-10),Mid Junction - on roundabout or on main road,YAMAHA,YP 125 R-XMAX,Petrol,Male,Skidded,No tow/articulation,Did not leave carriageway,2,Overtaking - nearside,1,Motorcycle over 125cc and up to 500cc,No,Front,2010
201001JI40006,A,118,Unclassified,0,Slight,None,20-01-2010,Wednesday,1,Auto traffic signal,Crossroads,51.561228,Darkness - lights lit,544590,186770,0.084518,E01003687,1,1,0,5,Dry,Single carriageway,None,30,16:47:00,Urban,Fine no high winds,No,16 - 20,1,Rural,7,2000,None,None,Other/Not known (2005-10),Mid Junction - on roundabout or on main road,BMW,320I M SPORT HIGHLINE A,Petrol,Male,None,No tow/articulation,Did not leave carriageway,0,Slowing or stopping,1,Car,No,Front,2010
201001LX50861,A,205,B,221,Slight,None,23-09-2010,Thursday,1,Auto traffic signal,More than 4 arms (not roundabout),51.447612,Darkness - lights lit,529900,173730,-0.132078,E01003163,2,2,0,5,Dry,Single carriageway,None,30,01:25:00,Urban,Fine no high winds,No,16 - 20,1,Urban area,5,1984,None,None,Other/Not known (2005-10),Mid Junction - on roundabout or on main road,AUDI,A5 SLINE SP ED TFSI QUAT,Petrol,Male,None,No tow/articulation,Did not leave carriageway,0,Going ahead other,1,Car,No,Front,2010
201001PL60746,A,21,Unclassified,0,Slight,None,03-11-2010,Wednesday,1,Give way or uncontrolled,T or staggered junction,51.428944,Darkness - lights lit,538160,171870,-0.014012,E01003352,1,2,0,0,Dry,Single carriageway,None,30,17:02:00,Urban,Fine no high winds,No,16 - 20,1,Data missing or out of range,NA,998,None,None,Other/Not known (2005-10),Cleared junction or waiting/parked at junction exit,VAUXHALL,CORSA ACTIVE,Petrol,Male,None,No tow/articulation,Did not leave carriageway,0,Waiting to go - held up,1,Car,No,Back,2010
201001PY20735,A,232,A,233,Slight,None,10-12-2010,Friday,2,Auto traffic signal,Crossroads,51.367157,Darkness - lights lit,542010,165100,0.038624,E01000666,1,2,0,5,Dry,Single carriageway,None,30,20:00:00,Urban,Fine no high winds,No,16 - 20,1,Urban area,6,1560,None,None,Other/Not known (2005-10),Approaching junction or waiting/parked at junction approach,FORD,FIESTA ZETEC S 90 TDCI,Heavy oil,Male,None,No tow/articulation,Did not leave carriageway,0,Waiting to go - held up,1,Car,No,Back,2010
201001QK50227,A,404,Unclassified,0,Slight,None,20-04-2010,Tuesday,1,Give way or uncontrolled,T or staggered junction,51.549623,Darkness - lights lit,519260,184820,-0.28137,E01000620,1,2,0,0,Dry,Dual carriageway,None,30,20:00:00,Urban,Fine no high winds,No,16 - 20,1,Urban area,4,1560,None,None,Other/Not known (2005-10),Mid Junction - on roundabout or on main road,PEUGEOT,308 SPORT SW HDI 110,Heavy oil,Male,None,No tow/articulation,Did not leave carriageway,0,Going ahead other,2,Car,No,Front,2010
201001SX21100,B,1462,Unclassified,0,Slight,None,23-10-2010,Saturday,1,Give way or uncontrolled,T or staggered junction,51.604464,Darkness - lights lit,524580,191050,-0.202473,E01000257,5,2,0,0,Wet or damp,Single carriageway,None,30,02:23:00,Urban,Fine no high winds,No,16 - 20,1,Urban area,10,1798,None,Other permanent object,Other/Not known (2005-10),Cleared junction or waiting/parked at junction exit,TOYOTA,AVENSIS TR VALVEMATIC,Petrol,Male,None,No tow/articulation,Nearside,0,Going ahead other,1,Car,No,Front,2010
201001SX21249,Unclassified,0,Unclassified,0,Slight,None,29-11-2010,Monday,1,Give way or uncontrolled,T or staggered junction,51.560748,Darkness - lights lit,523940,186170,-0.213431,E01000142,1,2,0,0,Frost or ice,Single carriageway,None,30,21:35:00,Urban,Fine no high winds,No,16 - 20,1,Urban area,3,124,None,None,Other/Not known (2005-10),Mid Junction - on roundabout or on main road,CAGIVA,,Petrol,Male,None,No tow/articulation,Did not leave carriageway,0,Going ahead other,2,Motorcycle over 125cc and up to 500cc,No,Nearside,2010