Accident_Index,1st_Road_Class,1st_Road_Number,2nd_Road_Class,2nd_Road_Number,Accident_Severity,Carriageway_Hazards,Date,Day_of_Week,Did_Police_Officer_Attend_Scene_of_Accident,Junction_Control,Junction_Detail,Latitude,Light_Conditions,Location_Easting_OSGR,Location_Northing_OSGR,Longitude,LSOA_of_Accident_Location,Number_of_Casualties,Number_of_Vehicles,Pedestrian_Crossing-Human_Control,Pedestrian_Crossing-Physical_Facilities,Road_Surface_Conditions,Road_Type,Special_Conditions_at_Site,Speed_limit,Time,Urban_or_Rural_Area,Weather_Conditions,InScotland,Age_Band_of_Driver,Age_of_Vehicle,Driver_Home_Area_Type,Driver_IMD_Decile,Engine_Capacity_.CC.,Hit_Object_in_Carriageway,Hit_Object_off_Carriageway,Journey_Purpose_of_Driver,Junction_Location,make,model,Propulsion_Code,Sex_of_Driver,Skidding_and_Overturning,Towing_and_Articulation,Vehicle_Leaving_Carriageway,Vehicle_Location.Restricted_Lane,Vehicle_Manoeuvre,Vehicle_Reference,Vehicle_Type,Was_Vehicle_Left_Hand_Drive,X1st_Point_of_Impact,Year
201042I002101,A,1114,A,1060,Slight,None,05-01-2010,Tuesday,1,Give way or uncontrolled,Roundabout,51.726347,Darkness - lights lit,571500,205990,0.481789,E01021577,1,2,0,4,Wet or damp,Roundabout,None,40,23:40:00,Urban,Fine no high winds,No,16 - 20,1,Data missing or out of range,NA,1398,None,None,Journey as part of work,Entering roundabout,PEUGEOT,207 S HDI 68,Heavy oil,Male,None,No tow/articulation,Did not leave carriageway,0,Turning left,1,Car,No,Offside,2010
201042I025202,Unclassified,0,NA,0,Slight,None,01-02-2010,Monday,1,Not at junction or within 20 metres,Not at junction or within 20 metres,51.652395,Darkness - lights lit,544380,196910,0.085663,E01021775,1,2,0,0,Wet or damp,Single carriageway,None,30,17:59:00,Urban,Fine no high winds,No,16 - 20,1,Urban area,7,125,None,None,Other/Not known (2005-10),Not at or within 20 metres of junction,SONIK,,Petrol,Male,Skidded,No tow/articulation,Did not leave carriageway,0,Going ahead other,1,Motorcycle 50cc and under,No,Front,2010
201042I037602,A,134,Unclassified,0,Slight,None,09-02-2010,Tuesday,1,Auto traffic signal,Crossroads,51.885247,Darkness - lights lit,600600,224760,0.91345,E01021687,1,2,0,5,Dry,Single carriageway,None,30,18:40:00,Urban,Fine no high winds,No,16 - 20,1,Urban area,10,124,None,None,Other/Not known (2005-10),Approaching junction or waiting/parked at junction approach,YAMAHA,YBR 125,Petrol,Male,None,No tow/articulation,Did not leave carriageway,0,Going ahead other,2,Motorcycle over 125cc and up to 500cc,No,Front,2010
201042I040301,A,13,NA,0,Slight,None,15-01-2010,Friday,1,Not at junction or within 20 metres,Not at junction or within 20 metres,51.566195,Darkness - lights lit,576120,188320,0.539724,E01021312,1,2,0,0,Wet or damp,Dual carriageway,None,40,18:40:00,Rural,Fine no high winds,No,16 - 20,1,Data missing or out of range,NA,124,None,None,Other/Not known (2005-10),Not at or within 20 metres of junction,YAMAHA,YZF R125,Petrol,Male,None,No tow/articulation,Did not leave carriageway,0,Going ahead other,2,Motorcycle 125cc and under,No,Front,2010
201042I083003,A,127,NA,0,Slight,None,18-03-2010,Thursday,1,Not at junction or within 20 metres,Not at junction or within 20 metres,51.57506,Darkness - lights lit,581310,189490,0.615128,E01021965,1,2,0,0,Dry,Dual carriageway,None,50,17:40:00,Urban,Fine no high winds,No,16 - 20,1,Urban area,10,125,None,None,Commuting to/from work,Not at or within 20 metres of junction,HONDA,CBF 125 M-9,Petrol,Male,None,No tow/articulation,Did not leave carriageway,0,Overtaking - nearside,2,Motorcycle 125cc and under,No,Offside,2010
201043P068030,A,40,Unclassified,0,Slight,None,05-03-2010,Friday,1,Give way or uncontrolled,Private drive or entrance,51.788129,Darkness - lights lit,449620,210190,-1.28202,E01028596,3,3,0,0,Dry,Single carriageway,None,60,18:21:00,Urban,Fine no high winds,No,16 - 20,1,Urban area,6,4163,None,None,Other/Not known (2005-10),Approaching junction or waiting/parked at junction approach,AUDI,R8 4.2 QUATTRO S-A,Petrol,Male,None,No tow/articulation,Did not leave carriageway,0,Going ahead other,2,Car,No,Offside,2010
201043R127120,Unclassified,7408,Unclassified,7408,Slight,None,14-12-2010,Tuesday,1,Give way or uncontrolled,T or staggered junction,51.509598,Darkness - lights lit,488040,179730,-0.732775,E01016594,1,2,0,0,Dry,Single carriageway,None,30,17:49:00,Urban,Fine no high winds,No,16 - 20,1,Urban area,5,125,None,None,Other/Not known (2005-10),Approaching junction or waiting/parked at junction approach,HONDA,CBR 125 RW-7,Petrol,Male,Skidded,No tow/articulation,Did not leave carriageway,0,Going ahead other,1,Motorcycle 125cc and under,No,Nearside,2010
201043W003010,Unclassified,7152,NA,0,Slight,None,02-01-2010,Saturday,1,Data missing or out of range,Not at junction or within 20 metres,51.3959,Darkness - lights lit,454110,166610,-1.223638,E01016339,1,1,0,0,Frost or ice,Single carriageway,None,40,19:51:00,Urban,Fine no high winds,No,16 - 20,1,Urban area,7,1598,None,Road sign or traffic signal,Other/Not known (2005-10),Not at or within 20 metres of junction,SEAT,IBIZA SPORT 104,Petrol,Male,Skidded,No tow/articulation,Offside,0,Going ahead left-hand bend,1,Car,No,Front,2010
201043W232030,A,3032,A,321,Slight,None,25-03-2010,Thursday,2,Auto traffic signal,Crossroads,51.477339,Darkness - lights lit,478790,175990,-0.86687,E01016694,1,2,0,5,Wet or damp,Single carriageway,None,30,22:40:00,Rural,Fine no high winds,No,16 - 20,1,Small town,8,49,None,None,Other/Not known (2005-10),Mid Junction - on roundabout or on main road,SKYTEAM,ST 50-3 SM,Petrol,Male,None,No tow/articulation,Did not leave carriageway,0,Going ahead other,2,Motorcycle 50cc and under,No,Back,2010
201045SP47829,C,230,C,230,Slight,None,07-01-2010,Thursday,1,Auto traffic signal,T or staggered junction,51.413965,Darkness - lights lit,510090,169520,-0.418334,E01030753,2,2,0,4,Snow,Single carriageway,None,30,20:50:00,Urban,Fine no high winds,No,16 - 20,1,Urban area,9,1896,None,None,Other/Not known (2005-10),Mid Junction - on roundabout or on main road,SEAT,LEON ECOMOTIVE S TDI,Heavy oil,Male,Skidded,No tow/articulation,Did not leave carriageway,0,Going ahead other,2,Car,No,Front,2010
201045SP52856,B,377,NA,0,Slight,None,30-07-2010,Friday,1,Data missing or out of range,Not at junction or within 20 metres,51.432836,Darkness - lights lit,508250,171580,-0.444153,E01030706,1,4,0,8,Dry,Single carriageway,None,30,04:00:00,Urban,Fine no high winds,No,16 - 20,1,Urban area,4,3311,None,Other permanent object,Other/Not known (2005-10),Not at or within 20 metres of junction,LEXUS,RX 400H SR AUTO,Hybrid electric,Male,Skidded,No tow/articulation,Offside,0,Going ahead left-hand bend,1,Car,No,Front,2010
201045SP55496,Unclassified,6242,NA,0,Slight,Other object on road,27-10-2010,Wednesday,1,Data missing or out of range,Not at junction or within 20 metres,51.417477,Darkness - lights lit,510060,169910,-0.418644,E01030754,1,1,0,0,Wet or damp,Single carriageway,None,30,23:50:00,Urban,Fine no high winds,No,16 - 20,1,Urban area,9,49,Other object,None,Other/Not known (2005-10),Not at or within 20 metres of junction,TAIWAN GOLDEN BEE,303 R HAWK,Petrol,Male,Skidded,No tow/articulation,Did not leave carriageway,0,Going ahead other,1,Motorcycle 50cc and under,No,Front,2010
201045SU56584,C,2,A,322,Slight,None,10-12-2010,Friday,1,Auto traffic signal,Crossroads,51.360691,Darkness - lights lit,491700,163230,-0.684319,E01030758,2,2,0,8,Wet or damp,Single carriageway,None,30,18:20:00,Rural,Fine no high winds,No,16 - 20,1,Urban area,5,1598,None,None,Other/Not known (2005-10),Approaching junction or waiting/parked at junction approach,VAUXHALL,ASTRA SXI,Petrol,Male,None,No tow/articulation,Did not leave carriageway,0,Slowing or stopping,2,Car,No,Back,2010
201050EC2D020,A,374,Unclassified,0,Slight,None,01-07-2010,Thursday,1,Give way or uncontrolled,Mini-roundabout,50.369702,Darkness - lights lit,247140,54420,-4.150896,E01015155,1,1,0,0,Dry,Single carriageway,None,30,04:48:00,Urban,Fine no high winds,No,16 - 20,1,Data missing or out of range,NA,7146,None,None,Other/Not known (2005-10),Approaching junction or waiting/parked at junction approach,VOLVO,,Heavy oil,Male,None,No tow/articulation,Did not leave carriageway,0,Going ahead other,1,Goods 7.5 tonnes mgw and over,No,Nearside,2010
201050GA2B012,B,3279,NA,0,Slight,None,14-11-2010,Sunday,3,Data missing or out of range,Not at junction or within 20 metres,50.392856,Darkness - lights lit,194060,58800,-4.898824,E01019054,2,2,0,0,Wet or damp,Single carriageway,None,60,10:10:00,Rural,Fine no high winds,No,16 - 20,1,Small town,5,1248,None,Other permanent object,Other/Not known (2005-10),Not at or within 20 metres of junction,VAUXHALL,CORSA LIFE A/C CDTI,Heavy oil,Male,None,No tow/articulation,Offside,0,Going ahead left-hand bend,1,Car,No,Offside,2010
201054DN37610,B,4534,Unclassified,0,Slight,None,01-12-2010,Wednesday,1,Auto traffic signal,Crossroads,51.600765,Darkness - lights lit,415030,189130,-1.784404,E01015472,1,2,0,5,Wet or damp,Dual carriageway,None,40,20:08:00,Rural,Fine no high winds,No,16 - 20,1,Urban area,1,1339,None,None,Other/Not known (2005-10),Leaving main road,HONDA,JAZZ I-VTEC EX,Petrol,Male,None,No tow/articulation,Did not leave carriageway,0,Turning right,1,Car,No,Front,2010
20105500C1080,Unclassified,0,Unclassified,0,Slight,None,21-03-2010,Sunday,1,Give way or uncontrolled,T or staggered junction,50.725483,Darkness - lights lit,398440,91770,-2.023487,E01015430,1,2,0,0,Dry,Single carriageway,None,30,19:45:00,Urban,Fine no high winds,No,16 - 20,1,Urban area,1,49,None,None,Other/Not known (2005-10),Approaching junction or waiting/parked at junction approach,KYMCO,AGILITY,Petrol,Male,None,No tow/articulation,Did not leave carriageway,0,Going ahead other,2,Motorcycle 50cc and under,No,Front,2010
2010550D22456,Unclassified,0,Unclassified,0,Slight,None,31-05-2010,Monday,1,Give way or uncontrolled,T or staggered junction,50.741134,Darkness - lights lit,414520,93530,-1.795603,E01020361,1,2,0,0,Dry,Single carriageway,None,30,23:45:00,Urban,Fine no high winds,No,16 - 20,1,Urban area,7,124,None,None,Journey as part of work,Approaching junction or waiting/parked at junction approach,JINLUN,JL 125-11,Petrol,Male,None,No tow/articulation,Did not leave carriageway,0,Going ahead other,2,Motorcycle 125cc and under,No,Nearside,2010
201001FH10191,B,317,Unclassified,0,Slight,None,23-04-2010,Friday,1,Give way or uncontrolled,T or staggered junction,51.482493,Darkness - lights lit,525060,177490,-0.200361,E01001881,2,2,0,1,Dry,Single carriageway,None,30,22:54:00,Urban,Fine no high winds,No,16 - 20,1,Urban area,2,124,None,None,Journey as part of work,Mid Junction - on roundabout or on main road,YAMAHA,YZF R125,Petrol,Male,None,No tow/articulation,Did not leave carriageway,0,Turning right,1,Motorcycle 125cc and under,No,Offside,2010
201001FH10279,B,318,Unclassified,0,Slight,None,24-05-2010,Monday,1,Give way or uncontrolled,T or staggered junction,51.478713,Darkness - lights lit,525490,177080,-0.194317,E01001921,1,2,0,4,Dry,Single carriageway,None,30,21:30:00,Urban,Fine no high winds,No,16 - 20,1,Urban area,2,124,None,None,Other/Not known (2005-10),Mid Junction - on roundabout or on main road,YAMAHA,YZF R125,Petrol,Male,None,No tow/articulation,Did not leave carriageway,0,Turning left,2,Motorcycle 125cc and under,No,Nearside,2010
201001HT20209,A,11,Unclassified,0,Slight,None,29-03-2010,Monday,1,Give way or uncontrolled,T or staggered junction,51.517748,Darkness - lights lit,534350,181650,-0.065067,E01004309,1,2,0,4,Wet or damp,Single carriageway,None,30,22:30:00,Urban,Fine no high winds,No,16 - 20,1,Urban area,2,124,None,None,Other/Not known (2005-10),Mid Junction - on roundabout or on main road,YAMAHA,YP 125 R-XMAX,Petrol,Male,Skidded,No tow/articulation,Did not leave carriageway,2,Overtaking - nearside,1,Motorcycle over 125cc and up to 500cc,No,Front,2010
201001JI40006,A,118,Unclassified,0,Slight,None,20-01-2010,Wednesday,1,Auto traffic signal,Crossroads,51.561228,Darkness - lights lit,544590,186770,0.084518,E01003687,1,1,0,5,Dry,Single carriageway,None,30,16:47:00,Urban,Fine no high winds,No,16 - 20,1,Rural,7,2000,None,None,Other/Not known (2005-10),Mid Junction - on roundabout or on main road,BMW,320I M SPORT HIGHLINE A,Petrol,Male,None,No tow/articulation,Did not leave carriageway,0,Slowing or stopping,1,Car,No,Front,2010
201001LX50861,A,205,B,221,Slight,None,23-09-2010,Thursday,1,Auto traffic signal,More than 4 arms (not roundabout),51.447612,Darkness - lights lit,529900,173730,-0.132078,E01003163,2,2,0,5,Dry,Single carriageway,None,30,01:25:00,Urban,Fine no high winds,No,16 - 20,1,Urban area,5,1984,None,None,Other/Not known (2005-10),Mid Junction - on roundabout or on main road,AUDI,A5 SLINE SP ED TFSI QUAT,Petrol,Male,None,No tow/articulation,Did not leave carriageway,0,Going ahead other,1,Car,No,Front,2010
201001PL60746,A,21,Unclassified,0,Slight,None,03-11-2010,Wednesday,1,Give way or uncontrolled,T or staggered junction,51.428944,Darkness - lights lit,538160,171870,-0.014012,E01003352,1,2,0,0,Dry,Single carriageway,None,30,17:02:00,Urban,Fine no high winds,No,16 - 20,1,Data missing or out of range,NA,998,None,None,Other/Not known (2005-10),Cleared junction or waiting/parked at junction exit,VAUXHALL,CORSA ACTIVE,Petrol,Male,None,No tow/articulation,Did not leave carriageway,0,Waiting to go - held up,1,Car,No,Back,2010
201001PY20735,A,232,A,233,Slight,None,10-12-2010,Friday,2,Auto traffic signal,Crossroads,51.367157,Darkness - lights lit,542010,165100,0.038624,E01000666,1,2,0,5,Dry,Single carriageway,None,30,20:00:00,Urban,Fine no high winds,No,16 - 20,1,Urban area,6,1560,None,None,Other/Not known (2005-10),Approaching junction or waiting/parked at junction approach,FORD,FIESTA ZETEC S 90 TDCI,Heavy oil,Male,None,No tow/articulation,Did not leave carriageway,0,Waiting to go - held up,1,Car,No,Back,2010
201001QK50227,A,404,Unclassified,0,Slight,None,20-04-2010,Tuesday,1,Give way or uncontrolled,T or staggered junction,51.549623,Darkness - lights lit,519260,184820,-0.28137,E01000620,1,2,0,0,Dry,Dual carriageway,None,30,20:00:00,Urban,Fine no high winds,No,16 - 20,1,Urban area,4,1560,None,None,Other/Not known (2005-10),Mid Junction - on roundabout or on main road,PEUGEOT,308 SPORT SW HDI 110,Heavy oil,Male,None,No tow/articulation,Did not leave carriageway,0,Going ahead other,2,Car,No,Front,2010
201001SX21100,B,1462,Unclassified,0,Slight,None,23-10-2010,Saturday,1,Give way or uncontrolled,T or staggered junction,51.604464,Darkness - lights lit,524580,191050,-0.202473,E01000257,5,2,0,0,Wet or damp,Single carriageway,None,30,02:23:00,Urban,Fine no high winds,No,16 - 20,1,Urban area,10,1798,None,Other permanent object,Other/Not known (2005-10),Cleared junction or waiting/parked at junction exit,TOYOTA,AVENSIS TR VALVEMATIC,Petrol,Male,None,No tow/articulation,Nearside,0,Going ahead other,1,Car,No,Front,2010
201001SX21249,Unclassified,0,Unclassified,0,Slight,None,29-11-2010,Monday,1,Give way or uncontrolled,T or staggered junction,51.560748,Darkness - lights lit,523940,186170,-0.213431,E01000142,1,2,0,0,Frost or ice,Single carriageway,None,30,21:35:00,Urban,Fine no high winds,No,16 - 20,1,Urban area,3,124,None,None,Other/Not known (2005-10),Mid Junction - on roundabout or on main road,CAGIVA,,Petrol,Male,None,No tow/articulation,Did not leave carriageway,0,Going ahead other,2,Motorcycle over 125cc and up to 500cc,No,Nearside,2010
201001TW60362,A,313,Unclassified,0,Slight,None,04-11-2010,Thursday,1,Give way or uncontrolled,T or staggered junction,51.427168,Darkness - lights lit,515120,171100,-0.345522,E01003814,1,2,0,0,Dry,Single carriageway,None,30,17:45:00,Urban,Fine no high winds,No,16 - 20,1,Urban area,7,125,None,None,Other/Not known (2005-10),Mid Junction - on roundabout or on main road,HONDA,CBF 125 M-9,Petrol,Male,None,No tow/articulation,Did not leave carriageway,0,Going ahead other,2,Motorcycle 125cc and under,No,Front,2010
201001WW50812,C,0,Unclassified,0,Slight,None,17-10-2010,Sunday,1,Give way or uncontrolled,Private drive or entrance,51.440029,Darkness - lights lit,524440,172750,-0.210952,E01004632,1,2,0,0,Dry,Single carriageway,None,30,19:40:00,Urban,Fine no high winds,No,16 - 20,1,Urban area,5,125,None,None,Journey as part of work,Mid Junction - on roundabout or on main road,HONDA,ANF 125-7,Petrol,Male,None,No tow/articulation,Did not leave carriageway,0,Overtaking moving vehicle - offside,2,Motorcycle 125cc and under,No,Nearside,2010
201001YE80287,Unclassified,0,NA,0,Slight,None,18-04-2010,Sunday,2,Data missing or out of range,Not at junction or within 20 metres,51.639893,Darkness - lights lit,533130,195210,-0.077504,E01001400,1,2,0,0,Dry,Single carriageway,None,30,02:00:00,Urban,Fine no high winds,No,16 - 20,1,Urban area,5,1149,None,None,Other/Not known (2005-10),Not at or within 20 metres of junction,RENAULT,CLIO EXTREME,Petrol,Male,None,No tow/articulation,Did not leave carriageway,0,Parked,1,Car,No,Nearside,2010
201001ZD30856,A,235,NA,0,Slight,None,10-10-2010,Sunday,1,Data missing or out of range,Not at junction or within 20 metres,51.372551,Darkness - lights lit,532320,165440,-0.100364,E01001043,1,1,0,4,Dry,Single carriageway,None,30,02:20:00,Urban,Fine no high winds,No,16 - 20,1,Urban area,7,1349,None,None,Other/Not known (2005-10),Not at or within 20 metres of junction,MAZDA,2 TS,Petrol,Male,None,No tow/articulation,Did not leave carriageway,0,Overtaking static vehicle - offside,1,Car,No,Nearside,2010
201001ZT80116,Unclassified,0,NA,0,Slight,None,10-04-2010,Saturday,1,Data missing or out of range,Not at junction or within 20 metres,51.344127,Darkness - lights lit,524470,162080,-0.214259,E01004113,1,1,0,0,Wet or damp,Single carriageway,None,30,19:50:00,Urban,Fine no high winds,No,16 - 20,1,Urban area,6,1242,Kerb,Other permanent object,Other/Not known (2005-10),Not at or within 20 metres of junction,FORD,FIESTA STYLE 60,Petrol,Male,None,No tow/articulation,Offside,0,Going ahead other,1,Car,No,Front,2010
201004CA10092,Unclassified,0,NA,0,Slight,None,05-09-2010,Sunday,1,Data missing or out of range,Not at junction or within 20 metres,53.662001,Darkness - lights lit,355790,418600,-2.670522,E01024970,1,1,0,0,Dry,Single carriageway,None,30,02:00:00,Urban,Fine no high winds,No,16 - 20,1,Urban area,5,998,None,Tree,Other/Not known (2005-10),Not at or within 20 metres of junction,CITROEN,C1 VTR,Petrol,Male,None,No tow/articulation,Nearside,0,Going ahead left-hand bend,1,Car,No,Front,2010
201005AA02278,Unclassified,0,Unclassified,0,Slight,None,21-03-2010,Sunday,1,Auto traffic signal,More than 4 arms (not roundabout),53.369213,Darkness - lights lit,327660,386370,-3.088702,E01007251,6,2,0,5,Wet or damp,Dual carriageway,None,30,20:50:00,Urban,Fine no high winds,No,16 - 20,1,Urban area,4,1397,None,None,Other/Not known (2005-10),Mid Junction - on roundabout or on main road,PEUGEOT,308 S,Petrol,Male,None,No tow/articulation,Did not leave carriageway,0,Going ahead right-hand bend,2,Car,No,Front,2010
201005DD05504,A,599,Unclassified,0,Slight,None,25-09-2010,Saturday,1,Give way or uncontrolled,Crossroads,53.467446,Darkness - lights lit,356180,396950,-2.661577,E01006839,1,2,0,0,Dry,Single carriageway,None,30,19:05:00,Urban,Fine no high winds,No,16 - 20,1,Urban area,2,124,None,None,Other/Not known (2005-10),Mid Junction - on roundabout or on main road,RIEJU,RS2 125 MATRIX,Petrol,Male,None,No tow/articulation,Did not leave carriageway,0,Going ahead other,2,Motorcycle 125cc and under,No,Front,2010
201005EE04941,Unclassified,0,Unclassified,0,Slight,None,25-08-2010,Wednesday,1,Give way or uncontrolled,T or staggered junction,53.433162,Darkness - lights lit,334940,393380,-2.980754,E01006704,1,4,0,0,Dry,Single carriageway,None,30,02:09:00,Urban,Fine no high winds,No,16 - 20,1,Urban area,1,1598,Parked vehicle,Lamp post,Other/Not known (2005-10),Approaching junction or waiting/parked at junction approach,NISSAN,QASHQAI ACENTA + 2,Petrol,Male,Skidded,No tow/articulation,Offside,0,Going ahead other,1,Car,No,Nearside,2010
201005FF03699,B,5177,B,5177,Slight,None,09-06-2010,Wednesday,1,Auto traffic signal,Other junction,53.393135,Darkness - lights lit,336140,388910,-2.961787,E01006673,1,1,0,0,Dry,Dual carriageway,None,30,21:44:00,Urban,Fine no high winds,No,16 - 20,1,Rural,8,1896,None,None,Other/Not known (2005-10),Approaching junction or waiting/parked at junction approach,AUDI,A3 S LINE 104 TDI,Heavy oil,Male,None,No tow/articulation,Did not leave carriageway,0,Moving off,1,Car,No,Front,2010
201005FF06622,Unclassified,0,Unclassified,0,Slight,None,20-11-2010,Saturday,1,Give way or uncontrolled,T or staggered junction,53.375351,Darkness - lights lit,337740,386910,-2.937335,E01006521,1,2,0,0,Wet or damp,Single carriageway,None,30,03:25:00,Urban,Fine no high winds,No,16 - 20,1,Urban area,3,1242,None,None,Other/Not known (2005-10),Approaching junction or waiting/parked at junction approach,FORD,FIESTA ZETEC 82,Petrol,Male,None,No tow/articulation,Did not leave carriageway,0,Going ahead other,1,Car,No,Front,2010
201006N037858,A,6044,C,0,Slight,None,26-10-2010,Tuesday,1,Give way or uncontrolled,T or staggered junction,53.517556,Darkness - lights lit,380920,402360,-2.289233,E01005032,1,2,0,0,Dry,Single carriageway,None,30,22:55:00,Urban,Fine no high winds,No,16 - 20,1,Data missing or out of range,NA,125,None,None,Other/Not known (2005-10),Approaching junction or waiting/parked at junction approach,HONDA,CBF 125 M-9,Petrol,Male,None,No tow/articulation,Did not leave carriageway,0,Going ahead right-hand bend,2,Motorcycle 125cc and under,No,Nearside,2010
201006N040383,Unclassified,0,A,665,Slight,None,15-12-2010,Wednesday,1,Give way or uncontrolled,T or staggered junction,53.536475,Darkness - lights lit,382130,404460,-2.271105,E01004973,1,2,0,4,Dry,Single carriageway,None,30,19:00:00,Urban,Fine no high winds,No,16 - 20,1,Urban area,7,998,None,None,Other/Not known (2005-10),Mid Junction - on roundabout or on main road,VAUXHALL,CORSA LIFE,Petrol,Male,None,No tow/articulation,Did not leave carriageway,0,Turning right,1,Car,No,Front,2010
201011NE26890,A,19,NA,0,Slight,None,21-10-2010,Thursday,1,Not at junction or within 20 metres,Not at junction or within 20 metres,54.735216,Darkness - lights lit,441250,537990,-1.360883,E01020772,1,2,0,0,Dry,Dual carriageway,None,70,20:50:00,Rural,Fine no high winds,No,16 - 20,1,Small town,2,49,None,None,Other/Not known (2005-10),Not at or within 20 metres of junction,GENERIC,TRIGGER X 50,Petrol,Male,None,No tow/articulation,Offside on to central reservation,0,Going ahead other,2,Motorcycle 50cc and under,No,Back,2010
201011NF24390,A,19,NA,0,Slight,None,27-09-2010,Monday,1,Not at junction or within 20 metres,Not at junction or within 20 metres,54.797238,Darkness - lights lit,441040,544890,-1.363172,E01020754,1,3,0,0,Wet or damp,Dual carriageway,None,70,01:10:00,Rural,Fine no high winds,No,16 - 20,1,Urban area,10,1984,None,None,Other/Not known (2005-10),Not at or within 20 metres of junction,AUDI,S3 QUATTRO AUTO,Petrol,Male,None,No tow/articulation,Did not leave carriageway,0,Going ahead other,2,Car,No,Front,2010
201011SJ06970,C,182,NA,0,Slight,None,15-03-2010,Monday,1,Data missing or out of range,Not at junction or within 20 metres,54.545397,Darkness - lights lit,428600,516770,-1.559404,E01012323,1,2,0,0,Dry,Single carriageway,None,30,21:10:00,Urban,Fine no high winds,No,16 - 20,1,Urban area,9,49,Bollard or refuge,None,Other/Not known (2005-10),Not at or within 20 metres of junction,SYM,JET 50 - EURO X,Petrol,Male,None,No tow/articulation,Did not leave carriageway,0,Going ahead other,2,Motorcycle 50cc and under,No,Front,2010
201014B038910,A,628,Unclassified,0,Slight,None,06-04-2010,Tuesday,1,Give way or uncontrolled,Other junction,53.576804,Darkness - lights lit,438620,409070,-1.418206,E01007346,1,2,0,4,Dry,Single carriageway,None,30,20:33:00,Urban,Fine no high winds,No,16 - 20,1,Urban area,3,49,None,None,Other/Not known (2005-10),Mid Junction - on roundabout or on main road,PIAGGIO,NRG,Petrol,Male,None,No tow/articulation,Did not leave carriageway,0,Going ahead other,1,Motorcycle 50cc and under,No,Front,2010
201014B047610,Unclassified,0,NA,0,Slight,None,06-05-2010,Thursday,1,Not at junction or within 20 metres,Not at junction or within 20 metres,53.531535,Darkness - lights lit,439430,404040,-1.406606,E01007448,1,1,0,0,Dry,Single carriageway,None,30,00:03:00,Rural,Fine no high winds,No,16 - 20,1,Small town,1,124,None,None,Other/Not known (2005-10),Not at or within 20 metres of junction,SUZUKI,DR 125 SM K9,Petrol,Male,None,No tow/articulation,Did not leave carriageway,0,Going ahead right-hand bend,1,Motorcycle 125cc and under,No,Front,2010
201014C010710,B,6410,NA,,Slight,None,21-01-2010,Thursday,1,Data missing or out of range,Private drive or entrance,53.412785,Darkness - lights lit,445250,390880,-1.320699,E01007811,1,2,0,0,Dry,Single carriageway,None,30,07:35:00,Urban,Fine no high winds,No,16 - 20,1,Urban area,6,124,None,None,Journey as part of work,Approaching junction or waiting/parked at junction approach,YAMAHA,WR 125 X,Petrol,Male,None,No tow/articulation,Did not leave carriageway,0,Going ahead other,2,Motorcycle 125cc and under,No,Nearside,2010
201014C151810,B,6463,Unclassified,0,Slight,None,14-12-2010,Tuesday,1,Give way or uncontrolled,T or staggered junction,53.372504,Darkness - lights lit,451320,386460,-1.230104,E01007789,1,2,0,0,Wet or damp,Single carriageway,None,40,15:43:00,Urban,Fine no high winds,No,16 - 20,1,Urban area,6,125,None,None,Pupil riding to/from school,Approaching junction or waiting/parked at junction approach,HONDA,CBF 125 M-9,Petrol,Male,Skidded,No tow/articulation,Nearside,0,Going ahead other,1,Motorcycle 125cc and under,No,Front,2010
2010170M12650,Unclassified,0,NA,0,Slight,None,24-10-2010,Sunday,1,Data missing or out of range,Not at junction or within 20 metres,54.546594,Darkness - lights lit,447420,517060,-1.268453,E01012047,1,1,0,0,Dry,Single carriageway,None,30,18:26:00,Urban,Fine no high winds,No,16 - 20,1,Urban area,8,998,None,None,Other/Not known (2005-10),Not at or within 20 metres of junction,VAUXHALL,CORSA ACTIVE,Petrol,Male,None,No tow/articulation,Did not leave carriageway,0,Going ahead other,1,Car,No,Front,2010
201020G008850,B,4484,Unclassified,0,Slight,None,09-10-2010,Saturday,1,Auto traffic signal,Crossroads,52.574106,Darkness - lights lit,395990,297370,-2.060614,E01010418,1,2,0,5,Dry,Single carriageway,None,30,19:20:00,Urban,Fine no high winds,No,16 - 20,1,Urban area,1,1229,None,None,Other/Not known (2005-10),Approaching junction or waiting/parked at junction approach,VAUXHALL,CORSA SXI INTOUCH,Petrol,Male,None,No tow/articulation,Did not leave carriageway,0,Going ahead other,2,Car,No,Nearside,2010
201020J500280,B,4174,Unclassified,0,Slight,None,04-12-2010,Saturday,1,Give way or uncontrolled,Private drive or entrance,52.464582,Darkness - lights lit,393500,285190,-2.097114,E01009869,1,2,0,0,Wet or damp,Single carriageway,None,30,17:02:00,Urban,Fine no high winds,No,16 - 20,1,Urban area,9,49,None,None,Other/Not known (2005-10),Mid Junction - on roundabout or on main road,BTM,,Petrol,Male,None,No tow/articulation,Did not leave carriageway,0,Going ahead other,2,Motorcycle 50cc and under,No,Front,2010
201020K013870,Unclassified,0,NA,0,Slight,None,03-11-2010,Wednesday,2,Data missing or out of range,Not at junction or within 20 metres,52.505704,Darkness - lights lit,401800,289760,-1.974921,E01010047,1,2,0,0,Dry,Single carriageway,None,30,20:00:00,Urban,Fine no high winds,No,16 - 20,1,Urban area,3,49,None,None,Commuting to/from work,Not at or within 20 metres of junction,BTM,,Petrol,Male,None,No tow/articulation,Did not leave carriageway,0,Waiting to go - held up,2,Motorcycle 50cc and under,No,Back,2010