Accident_Index,1st_Road_Class,1st_Road_Number,2nd_Road_Class,2nd_Road_Number,Accident_Severity,Carriageway_Hazards,Date,Day_of_Week,Did_Police_Officer_Attend_Scene_of_Accident,Junction_Control,Junction_Detail,Latitude,Light_Conditions,Location_Easting_OSGR,Location_Northing_OSGR,Longitude,LSOA_of_Accident_Location,Number_of_Casualties,Number_of_Vehicles,Pedestrian_Crossing-Human_Control,Pedestrian_Crossing-Physical_Facilities,Road_Surface_Conditions,Road_Type,Special_Conditions_at_Site,Speed_limit,Time,Urban_or_Rural_Area,Weather_Conditions,InScotland,Age_Band_of_Driver,Age_of_Vehicle,Driver_Home_Area_Type,Driver_IMD_Decile,Engine_Capacity_.CC.,Hit_Object_in_Carriageway,Hit_Object_off_Carriageway,Journey_Purpose_of_Driver,Junction_Location,make,model,Propulsion_Code,Sex_of_Driver,Skidding_and_Overturning,Towing_and_Articulation,Vehicle_Leaving_Carriageway,Vehicle_Location.Restricted_Lane,Vehicle_Manoeuvre,Vehicle_Reference,Vehicle_Type,Was_Vehicle_Left_Hand_Drive,X1st_Point_of_Impact,Year
201022D000448,Motorway,42,NA,0,Slight,None,22-01-2010,Friday,2,Data missing or out of range,Not at junction or within 20 metres,52.355655,Darkness - lights lit,397650,273070,-2.035941,E01032155,3,4,0,0,Wet or damp,Dual carriageway,None,70,18:55:00,Rural,Fine no high winds,No,16 - 20,1,Rural,10,1364,None,Central crash barrier,Other/Not known (2005-10),Not at or within 20 metres of junction,VAUXHALL,ASTRA SXI,Petrol,Male,Skidded,No tow/articulation,Offside on to centrl res + rebounded,0,Going ahead other,1,Car,No,Front,2010
201030B000310,A,615,A,632,Slight,None,19-09-2010,Sunday,2,Give way or uncontrolled,Crossroads,53.134574,Darkness - lights lit,430310,359810,-1.54841,E01019626,1,2,0,0,Dry,Single carriageway,None,30,23:00:00,Urban,Fine no high winds,No,16 - 20,1,Urban area,6,124,None,None,Other/Not known (2005-10),Entering main road,SUZUKI,UX 125 K8,Petrol,Male,None,No tow/articulation,Did not leave carriageway,0,Turning right,2,Motorcycle 125cc and under,No,Front,2010
201030C000183,A,6,C,156,Slight,None,12-04-2010,Monday,1,Give way or uncontrolled,T or staggered junction,52.985554,Darkness - lights lit,434490,343260,-1.487701,E01019426,2,2,0,0,Dry,Single carriageway,None,30,20:45:00,Rural,Fine no high winds,No,16 - 20,1,Urban area,8,49,None,None,Other/Not known (2005-10),Mid Junction - on roundabout or on main road,SYM,JET 50 BASIX,Petrol,Male,None,No tow/articulation,Did not leave carriageway,0,Slowing or stopping,1,Motorcycle 50cc and under,No,Front,2010
201030C000183,A,6,C,156,Slight,None,12-04-2010,Monday,1,Give way or uncontrolled,T or staggered junction,52.985554,Darkness - lights lit,434490,343260,-1.487701,E01019426,2,2,0,0,Dry,Single carriageway,None,30,20:45:00,Rural,Fine no high winds,No,16 - 20,1,Urban area,10,49,None,None,Other/Not known (2005-10),Mid Junction - on roundabout or on main road,PIAGGIO,ZIP 50 RS,Petrol,Male,None,No tow/articulation,Did not leave carriageway,0,Waiting to turn right,2,Motorcycle 50cc and under,No,Back,2010
201030D000117,C,81,Unclassified,0,Slight,None,10-02-2010,Wednesday,1,Give way or uncontrolled,T or staggered junction,52.893175,Darkness - lights lit,434040,332980,-1.49548,E01013488,2,2,0,4,Frost or ice,Single carriageway,None,30,04:20:00,Urban,Fine no high winds,No,16 - 20,1,Urban area,1,1229,None,None,Commuting to/from work,Entering main road,VAUXHALL,CORSA SXI A/C,Petrol,Male,None,No tow/articulation,Did not leave carriageway,0,Turning left,1,Car,No,Offside,2010
201030D000715,A,511,A,511,Slight,None,04-08-2010,Wednesday,1,Give way or uncontrolled,Roundabout,52.769458,Darkness - lights lit,431490,319200,-1.534707,E01019883,1,2,0,0,Dry,Roundabout,None,30,01:00:00,Urban,Fine no high winds,No,16 - 20,1,Urban area,5,49,None,None,Other/Not known (2005-10),Mid Junction - on roundabout or on main road,DERBI,GPR 50,Petrol,Male,None,No tow/articulation,Did not leave carriageway,0,Going ahead left-hand bend,1,Motorcycle 50cc and under,No,Front,2010
20103102C0178,Unclassified,0,Unclassified,0,Slight,None,31-01-2010,Sunday,1,Give way or uncontrolled,T or staggered junction,52.995557,Darkness - lights lit,457330,344590,-1.147279,E01013963,2,2,0,0,Dry,Single carriageway,None,30,19:15:00,Urban,Fine no high winds,No,16 - 20,1,Urban area,6,124,None,None,Other/Not known (2005-10),Approaching junction or waiting/parked at junction approach,YAMAHA,YZF R125,Petrol,Male,None,No tow/articulation,Did not leave carriageway,0,Going ahead other,2,Motorcycle 125cc and under,No,Front,2010
20103102C3092,A,60,A,6211,Slight,None,31-12-2010,Friday,1,Auto traffic signal,Crossroads,52.993521,Darkness - lights lit,457870,344370,-1.139274,E01013963,1,2,0,5,Dry,Single carriageway,None,30,17:54:00,Urban,Fine no high winds,No,16 - 20,1,Urban area,1,124,None,None,Other/Not known (2005-10),Approaching junction or waiting/parked at junction approach,SUZUKI,DR 125 SM K9,Petrol,Male,None,No tow/articulation,Did not leave carriageway,0,Going ahead other,1,Motorcycle 125cc and under,No,Front,2010
201032C065510,C,619,A,155,Slight,None,08-03-2010,Monday,1,Give way or uncontrolled,T or staggered junction,53.131154,Darkness - lights lit,527940,361040,-0.089168,E01026075,1,1,0,0,Dry,Single carriageway,None,30,22:15:00,Rural,Fine no high winds,No,16 - 20,1,Rural,4,49,None,None,Other/Not known (2005-10),Approaching junction or waiting/parked at junction approach,BTM,,Petrol,Male,None,No tow/articulation,Did not leave carriageway,0,Slowing or stopping,1,Motorcycle 50cc and under,No,Did not impact,2010
201032D025010,Unclassified,0,Unclassified,0,Slight,None,29-01-2010,Friday,1,Give way or uncontrolled,T or staggered junction,53.229895,Darkness - lights lit,497870,371320,-0.535289,E01026122,2,2,0,0,Dry,Single carriageway,None,30,17:17:00,Urban,Fine no high winds,No,16 - 20,1,Rural,4,1364,None,None,Other/Not known (2005-10),Approaching junction or waiting/parked at junction approach,VAUXHALL,CORSA DESIGN 16V TWINPORT,Petrol,Male,None,No tow/articulation,Did not leave carriageway,0,Going ahead other,2,Car,No,Nearside,2010
201054DE06110,Unclassified,0,A,4312,Slight,None,22-12-2020,Tuesday,1,Auto traffic signal,T or staggered junction,27.10630233,Darkness - lights lit,416930,185330,93.61346772,E01015575,1,3,0,0,Dry,Single carriageway,None,30,17:39:00,Urban,Fine no high winds,No,16 - 20,1,Urban area,1,1229,None,None,Other/Not known (2005-10),Approaching junction or waiting/parked at junction approach,VAUXHALL,CORSA SXI INTOUCH,Petrol,Female,None,No tow/articulation,Did not leave carriageway,0,Waiting to turn left,2,Car,No,Back,2019
201042I002301,Unclassified,0,Unclassified,0,Slight,None,14-01-2020,Wednesday,1,Give way or uncontrolled,T or staggered junction,26.45346708,Darkness - lights lit,617190,215320,74.65003181,E01022026,1,1,0,1,Frost or ice,Single carriageway,None,30,23:50:00,Urban,Fine no high winds,No,16 - 20,1,Urban area,4,49,None,None,Other/Not known (2005-10),Approaching junction or waiting/parked at junction approach,PEUGEOT,SPEEDFIGHT 3 50,Petrol,Female,Skidded and overturned,No tow/articulation,Did not leave carriageway,0,Moving off,1,Motorcycle 50cc and under,No,Did not impact,2020
2010550C55331,C,321,Unclassified,0,Slight,None,19-04-2019,Friday,1,Give way or uncontrolled,T or staggered junction,26.44466532,Darkness - lights lit,408660,93850,80.31798377,E01015375,1,2,0,0,Wet or damp,Single carriageway,None,30,20:15:00,Urban,Fine no high winds,No,16 - 20,1,Small town,9,125,None,None,Other/Not known (2005-10),Mid Junction - on roundabout or on main road,HONDA,CBF 125 M-9,Petrol,Female,None,No tow/articulation,Did not leave carriageway,0,Overtaking static vehicle - offside,2,Motorcycle 125cc and under,No,Front,2020
201050DE2I062,Unclassified,0,Unclassified,0,Slight,None,26-06-2021,Monday,1,Give way or uncontrolled,T or staggered junction,28.57433111,Darkness - lights lit,291830,92950,77.1058433,E01020017,1,2,0,0,Dry,Single carriageway,None,30,22:00:00,Urban,Fine no high winds,No,16 - 20,1,Urban area,6,1332,None,None,Other/Not known (2005-10),Cleared junction or waiting/parked at junction exit,MITSUBISHI,COLT CZ2,Petrol,Female,None,No tow/articulation,Did not leave carriageway,0,Parked,2,Car,No,Did not impact,2020
201045SU51252,A,30,Unclassified,0,Slight,None,10-07-2019,Sunday,1,Auto traffic signal,Other junction,28.5371659,Darkness - lights lit,489090,161560,77.07921586,E01030786,1,2,0,4,Wet or damp,Single carriageway,None,50,23:15:00,Urban,Fine no high winds,No,16 - 20,1,Urban area,10,1598,None,Road sign or traffic signal,Other/Not known (2005-10),Approaching junction or waiting/parked at junction approach,MINI,COOPER CAMDEN,Petrol,Female,None,No tow/articulation,Nearside,0,Going ahead other,1,Car,No,Front,2021
201043W121070,A,329,NA,0,Slight,None,20-05-2021,Sunday,1,Data missing or out of range,Not at junction or within 20 metres,18.51170911,Darkness - lights lit,481370,168610,73.78890339,E01016696,1,3,0,0,Dry,One way street,None,30,21:54:00,Urban,Fine no high winds,No,16 - 20,1,Urban area,10,1349,None,None,Other/Not known (2005-10),Not at or within 20 metres of junction,MAZDA,2 TS,Petrol,Female,Overturned,No tow/articulation,Did not leave carriageway,0,Going ahead other,1,Car,No,Front,2021
201043R186050,Unclassified,7417,Unclassified,7417,Slight,None,17-12-2019,Monday,1,Give way or uncontrolled,Roundabout,18.61992761,Darkness - lights lit,486830,179190,73.76599198,E01016559,1,1,0,0,Dry,Single carriageway,None,40,22:38:00,Urban,Fine no high winds,No,16 - 20,1,Urban area,8,998,Bollard or refuge,Other permanent object,Other/Not known (2005-10),Leaving roundabout,TOYOTA,AYGO BLUE VVT-I,Petrol,Female,Skidded,No tow/articulation,Offside and rebounded,0,Going ahead left-hand bend,1,Car,No,Front,2021
201043R009010,Unclassified,7409,Unclassified,7409,Slight,None,01-04-2021,Friday,1,Give way or uncontrolled,Crossroads,18.48786328,Darkness - lights lit,495960,176720,73.78117751,E01016547,2,2,0,0,Dry,Single carriageway,None,30,01:40:00,Urban,Fine no high winds,No,16 - 20,1,Urban area,3,1242,None,None,Other/Not known (2005-10),Entering main road,FORD,KA ZETEC,Petrol,Female,None,No tow/articulation,Did not leave carriageway,0,Turning right,1,Car,No,Front,2021
201050FT2J019,Unclassified,0,Unclassified,0,Slight,None,09-10-2020,Friday,1,Auto traffic signal,Crossroads,19.18295033,Darkness - lights lit,290800,64540,72.91168118,E01015261,3,2,0,4,Dry,Dual carriageway,None,30,21:49:00,Urban,Fine no high winds,No,16 - 20,1,Urban area,4,1149,None,Road sign or traffic signal,Other/Not known (2005-10),Mid Junction - on roundabout or on main road,RENAULT,CLIO EXTREME,Petrol,Female,None,No tow/articulation,Offside on to central reservation,0,Going ahead other,1,Car,No,Nearside,2021
201050KT3C001,Unclassified,0,NA,0,Slight,None,02-12-2019,Saturday,1,Not at junction or within 20 metres,Not at junction or within 20 metres,14.7347871,Darkness - lights lit,295650,113890,78.58477415,E01020047,1,2,0,0,Frost or ice,Single carriageway,None,30,18:52:00,Rural,Fine no high winds,No,16 - 20,1,Small town,4,1390,None,Other permanent object,Other/Not known (2005-10),Not at or within 20 metres of junction,SEAT,IBIZA SPORT 84,Petrol,Female,Skidded,No tow/articulation,Offside,0,Going ahead left-hand bend,1,Car,No,Front,2019
201043S090010,Unclassified,8206,Unclassified,1098,Slight,None,14-01-2020,Sunday,1,Give way or uncontrolled,T or staggered junction,27.08882657,Darkness - lights lit,485860,238950,93.6155957,E01016730,1,1,0,0,Dry,Dual carriageway,None,30,03:00:00,Urban,Fine no high winds,No,16 - 20,1,Urban area,3,1596,None,None,Other/Not known (2005-10),Mid Junction - on roundabout or on main road,FORD,FOCUS ZETEC 100,Petrol,Female,None,No tow/articulation,Did not leave carriageway,0,Turning right,1,Car,No,Front,2019
201001RY10486,A,223,NA,0,Slight,None,15-11-2010,Monday,1,Data missing or out of range,Not at junction or within 20 metres,51.413631,Darkness - lights lit,547580,170430,0.120796,E01000386,2,2,0,0,Wet or damp,Single carriageway,None,30,17:33:00,Urban,Fine no high winds,No,16 - 20,1,Urban area,10,998,None,None,Other/Not known (2005-10),Not at or within 20 metres of junction,VAUXHALL,CORSA ACTIVE,Petrol,Female,None,No tow/articulation,Did not leave carriageway,0,Going ahead left-hand bend,2,Car,No,Front,2010
201042I002301,Unclassified,0,Unclassified,0,Slight,None,06-01-2010,Wednesday,1,Give way or uncontrolled,T or staggered junction,51.794288,Darkness - lights lit,617190,215320,1.148214,E01022026,1,1,0,1,Frost or ice,Single carriageway,None,30,23:50:00,Urban,Fine no high winds,No,16 - 20,1,Urban area,4,49,None,None,Other/Not known (2005-10),Approaching junction or waiting/parked at junction approach,PEUGEOT,SPEEDFIGHT 3 50,Petrol,Female,Skidded and overturned,No tow/articulation,Did not leave carriageway,0,Moving off,1,Motorcycle 50cc and under,No,Did not impact,2010
201043R009010,Unclassified,7409,Unclassified,7409,Slight,None,01-01-2010,Friday,1,Give way or uncontrolled,Crossroads,51.481252,Darkness - lights lit,495960,176720,-0.619502,E01016547,2,2,0,0,Dry,Single carriageway,None,30,01:40:00,Urban,Fine no high winds,No,16 - 20,1,Urban area,3,1242,None,None,Other/Not known (2005-10),Entering main road,FORD,KA ZETEC,Petrol,Female,None,No tow/articulation,Did not leave carriageway,0,Turning right,1,Car,No,Front,2010
201043R186050,Unclassified,7417,Unclassified,7417,Slight,None,31-05-2010,Monday,1,Give way or uncontrolled,Roundabout,51.50493,Darkness - lights lit,486830,179190,-0.750339,E01016559,1,1,0,0,Dry,Single carriageway,None,40,22:38:00,Urban,Fine no high winds,No,16 - 20,1,Urban area,8,998,Bollard or refuge,Other permanent object,Other/Not known (2005-10),Leaving roundabout,TOYOTA,AYGO BLUE VVT-I,Petrol,Female,Skidded,No tow/articulation,Offside and rebounded,0,Going ahead left-hand bend,1,Car,No,Front,2010
201043S090010,Unclassified,8206,Unclassified,1098,Slight,None,24-01-2010,Sunday,1,Give way or uncontrolled,T or staggered junction,52.042267,Darkness - lights lit,485860,238950,-0.749551,E01016730,1,1,0,0,Dry,Dual carriageway,None,30,03:00:00,Urban,Fine no high winds,No,16 - 20,1,Urban area,3,1596,None,None,Other/Not known (2005-10),Mid Junction - on roundabout or on main road,FORD,FOCUS ZETEC 100,Petrol,Female,None,No tow/articulation,Did not leave carriageway,0,Turning right,1,Car,No,Front,2010
201043W121070,A,329,NA,0,Slight,None,18-07-2010,Sunday,1,Data missing or out of range,Not at junction or within 20 metres,51.410629,Darkness - lights lit,481370,168610,-0.831422,E01016696,1,3,0,0,Dry,One way street,None,30,21:54:00,Urban,Fine no high winds,No,16 - 20,1,Urban area,10,1349,None,None,Other/Not known (2005-10),Not at or within 20 metres of junction,MAZDA,2 TS,Petrol,Female,Overturned,No tow/articulation,Did not leave carriageway,0,Going ahead other,1,Car,No,Front,2010
201045SU51252,A,30,Unclassified,0,Slight,None,16-05-2010,Sunday,1,Auto traffic signal,Other junction,51.346094,Darkness - lights lit,489090,161560,-0.722214,E01030786,1,2,0,4,Wet or damp,Single carriageway,None,50,23:15:00,Urban,Fine no high winds,No,16 - 20,1,Urban area,10,1598,None,Road sign or traffic signal,Other/Not known (2005-10),Approaching junction or waiting/parked at junction approach,MINI,COOPER CAMDEN,Petrol,Female,None,No tow/articulation,Nearside,0,Going ahead other,1,Car,No,Front,2010
201050DE2I062,Unclassified,0,Unclassified,0,Slight,None,30-08-2010,Monday,1,Give way or uncontrolled,T or staggered junction,50.726006,Darkness - lights lit,291830,92950,-3.533951,E01020017,1,2,0,0,Dry,Single carriageway,None,30,22:00:00,Urban,Fine no high winds,No,16 - 20,1,Urban area,6,1332,None,None,Other/Not known (2005-10),Cleared junction or waiting/parked at junction exit,MITSUBISHI,COLT CZ2,Petrol,Female,None,No tow/articulation,Did not leave carriageway,0,Parked,2,Car,No,Did not impact,2010
201050FT2J019,Unclassified,0,Unclassified,0,Slight,None,23-04-2010,Friday,1,Auto traffic signal,Crossroads,50.470414,Darkness - lights lit,290800,64540,-3.540179,E01015261,3,2,0,4,Dry,Dual carriageway,None,30,21:49:00,Urban,Fine no high winds,No,16 - 20,1,Urban area,4,1149,None,Road sign or traffic signal,Other/Not known (2005-10),Mid Junction - on roundabout or on main road,RENAULT,CLIO EXTREME,Petrol,Female,None,No tow/articulation,Offside on to central reservation,0,Going ahead other,1,Car,No,Nearside,2010
201050KT3C001,Unclassified,0,NA,0,Slight,None,02-01-2010,Saturday,1,Not at junction or within 20 metres,Not at junction or within 20 metres,50.91495,Darkness - lights lit,295650,113890,-3.485811,E01020047,1,2,0,0,Frost or ice,Single carriageway,None,30,18:52:00,Rural,Fine no high winds,No,16 - 20,1,Small town,4,1390,None,Other permanent object,Other/Not known (2005-10),Not at or within 20 metres of junction,SEAT,IBIZA SPORT 84,Petrol,Female,Skidded,No tow/articulation,Offside,0,Going ahead left-hand bend,1,Car,No,Front,2010
201054DE06110,Unclassified,0,A,4312,Slight,None,02-03-2010,Tuesday,1,Auto traffic signal,T or staggered junction,51.566544,Darkness - lights lit,416930,185330,-1.757153,E01015575,1,3,0,0,Dry,Single carriageway,None,30,17:39:00,Urban,Fine no high winds,No,16 - 20,1,Urban area,1,1229,None,None,Other/Not known (2005-10),Approaching junction or waiting/parked at junction approach,VAUXHALL,CORSA SXI INTOUCH,Petrol,Female,None,No tow/articulation,Did not leave carriageway,0,Waiting to turn left,2,Car,No,Back,2010
2010550C55331,C,321,Unclassified,0,Slight,None,17-12-2010,Friday,1,Give way or uncontrolled,T or staggered junction,50.744127,Darkness - lights lit,408660,93850,-1.878645,E01015375,1,2,0,0,Wet or damp,Single carriageway,None,30,20:15:00,Urban,Fine no high winds,No,16 - 20,1,Small town,9,125,None,None,Other/Not known (2005-10),Mid Junction - on roundabout or on main road,HONDA,CBF 125 M-9,Petrol,Female,None,No tow/articulation,Did not leave carriageway,0,Overtaking static vehicle - offside,2,Motorcycle 125cc and under,No,Front,2010
201001RY10486,A,223,NA,0,Slight,None,15-11-2010,Monday,1,Data missing or out of range,Not at junction or within 20 metres,51.413631,Darkness - lights lit,547580,170430,0.120796,E01000386,2,2,0,0,Wet or damp,Single carriageway,None,30,17:33:00,Urban,Fine no high winds,No,16 - 20,1,Urban area,10,998,None,None,Other/Not known (2005-10),Not at or within 20 metres of junction,VAUXHALL,CORSA ACTIVE,Petrol,Female,None,No tow/articulation,Did not leave carriageway,0,Going ahead left-hand bend,2,Car,No,Front,2010
201001TX20633,A,4,A,4,Slight,None,06-07-2010,Tuesday,1,Auto traffic signal,Crossroads,51.481508,Darkness - lights lit,514860,177140,-0.347301,E01002680,2,2,0,5,Dry,Single carriageway,None,30,23:02:00,Urban,Fine no high winds,No,16 - 20,1,Urban area,8,998,None,None,Other/Not known (2005-10),Approaching junction or waiting/parked at junction approach,CITROEN,C1 VT,Petrol,Female,None,No tow/articulation,Did not leave carriageway,0,Moving off,1,Car,No,Back,2010
201001XH30298,A,4020,NA,0,Slight,None,08-05-2010,Saturday,1,Data missing or out of range,Not at junction or within 20 metres,51.518251,Darkness - lights lit,510440,181130,-0.409679,E01002508,2,2,0,0,Dry,Dual carriageway,None,40,22:00:00,Urban,Fine no high winds,No,16 - 20,1,Urban area,7,1198,None,None,Other/Not known (2005-10),Not at or within 20 metres of junction,VOLKSWAGEN,POLO MODA 60,Petrol,Female,None,No tow/articulation,Did not leave carriageway,0,Going ahead other,1,Car,No,Front,2010
201001YE80140,A,105,A,111,Slight,None,15-02-2010,Monday,1,Auto traffic signal,Crossroads,51.623504,Darkness - lights lit,531360,193340,-0.103769,E01001495,1,2,0,5,Dry,Single carriageway,None,30,00:50:00,Urban,Fine no high winds,No,16 - 20,1,Urban area,10,1242,None,None,Journey as part of work,Mid Junction - on roundabout or on main road,FIAT,500 LOUNGE,Petrol,Female,None,No tow/articulation,Did not leave carriageway,0,Turning right,1,Car,No,Nearside,2010
201001YE80191,C,0,Unclassified,0,Slight,None,26-02-2010,Friday,1,Give way or uncontrolled,T or staggered junction,51.634179,Darkness - lights lit,533730,194590,-0.069075,E01001480,1,3,0,0,Wet or damp,Single carriageway,None,30,01:30:00,Urban,Fine no high winds,No,16 - 20,1,Urban area,8,1328,Parked vehicle,None,Other/Not known (2005-10),Cleared junction or waiting/parked at junction exit,SUZUKI,SWIFT GL 3DR,Petrol,Female,None,No tow/articulation,Did not leave carriageway,0,Going ahead other,1,Car,No,Front,2010
201001ZD30031,A,212,A,212,Slight,None,25-01-2010,Monday,1,Give way or uncontrolled,T or staggered junction,51.391339,Darkness - lights lit,532680,167540,-0.094411,E01001116,1,2,0,4,Wet or damp,Single carriageway,None,30,16:00:00,Urban,Fine no high winds,No,16 - 20,1,Urban area,2,49,None,None,Other/Not known (2005-10),Mid Junction - on roundabout or on main road,PIAGGIO,VESPA S 50,Petrol,Female,None,No tow/articulation,Did not leave carriageway,0,Going ahead other,2,Motorcycle 50cc and under,No,Front,2010
201004CK10032,A,59,B,5319,Slight,None,05-03-2010,Friday,1,Give way or uncontrolled,T or staggered junction,53.576257,Darkness - lights lit,341970,409210,-2.877887,E01025517,4,2,0,0,Dry,Single carriageway,None,40,00:11:00,Urban,Fine no high winds,No,16 - 20,1,Urban area,7,1242,None,None,Other/Not known (2005-10),Entering main road,FORD,FIESTA ZETEC 82,Petrol,Female,None,No tow/articulation,Nearside,6,Turning right,1,Car,No,Offside,2010
201004FA10035,A,6114,Unclassified,0,Slight,None,04-04-2010,Sunday,1,Give way or uncontrolled,Crossroads,53.794342,Darkness - lights lit,384770,433140,-2.232688,E01024857,3,2,0,4,Dry,Single carriageway,None,30,23:11:00,Rural,Fine no high winds,No,16 - 20,1,Data missing or out of range,NA,1360,None,None,Other/Not known (2005-10),Mid Junction - on roundabout or on main road,PEUGEOT,207 URBAN,Petrol,Female,None,No tow/articulation,Did not leave carriageway,0,Going ahead other,1,Car,No,Front,2010
201005FF01834,Unclassified,0,A,561,Slight,None,22-02-2010,Monday,1,Auto traffic signal,Crossroads,53.348638,Darkness - lights lit,341490,383890,-2.880415,E01006743,3,2,0,5,Dry,Dual carriageway,None,40,18:00:00,Urban,Fine no high winds,No,16 - 20,1,Urban area,5,1461,None,None,Commuting to/from work,Mid Junction - on roundabout or on main road,RENAULT,CLIO DYNAMIQUE DCI,Heavy oil,Female,None,No tow/articulation,Did not leave carriageway,0,Turning right,2,Car,No,Offside,2010
201006A038152,A,635,NA,0,Slight,None,26-10-2010,Tuesday,1,Data missing or out of range,Not at junction or within 20 metres,53.473927,Darkness - lights lit,385410,397490,-2.221289,E01005131,1,1,0,0,Dry,Dual carriageway,None,40,02:45:00,Urban,Fine no high winds,No,16 - 20,1,Urban area,4,1799,Kerb,None,Other/Not known (2005-10),Not at or within 20 metres of junction,HONDA,CIVIC EX GT I-VTEC AUTO,Petrol,Female,Skidded,No tow/articulation,Did not leave carriageway,0,Going ahead right-hand bend,1,Car,No,Front,2010
201006B038621,A,6010,Unclassified,0,Slight,None,26-10-2010,Tuesday,2,Give way or uncontrolled,T or staggered junction,53.44373,Darkness - lights lit,385590,394130,-2.218422,E01005185,1,2,0,4,Dry,Single carriageway,None,30,20:30:00,Urban,Fine no high winds,No,16 - 20,1,Urban area,9,1397,None,None,Other/Not known (2005-10),Cleared junction or waiting/parked at junction exit,MINI,ONE,Petrol,Female,None,No tow/articulation,Did not leave carriageway,0,Waiting to go - held up,1,Car,No,Back,2010
201006F034518,A,6,Unclassified,0,Slight,None,23-07-2010,Friday,1,Give way or uncontrolled,T or staggered junction,53.483181,Darkness - lights lit,382370,398530,-2.267148,E01005608,2,2,0,0,Dry,Dual carriageway,None,40,22:15:00,Urban,Fine no high winds,No,16 - 20,1,Urban area,2,1598,None,None,Other/Not known (2005-10),Approaching junction or waiting/parked at junction approach,NISSAN,QASHQAI TEKNA,Petrol,Female,None,No tow/articulation,Did not leave carriageway,0,Going ahead other,2,Car,No,Back,2010
201006K039467,A,673,C,0,Slight,None,25-11-2010,Thursday,1,Give way or uncontrolled,T or staggered junction,53.585605,Darkness - lights lit,365330,410020,-2.5252,E01004886,2,4,0,0,Dry,Single carriageway,None,30,17:43:00,Urban,Fine no high winds,No,16 - 20,1,Urban area,3,1242,None,None,Other/Not known (2005-10),Mid Junction - on roundabout or on main road,FORD,KA STYLE,Petrol,Female,None,No tow/articulation,Did not leave carriageway,0,Going ahead other,3,Car,No,Back,2010
201006Q027161,A,62,B,6191,Slight,None,18-01-2010,Monday,2,Auto traffic signal,More than 4 arms (not roundabout),53.534912,Darkness - lights lit,391380,404260,-2.131532,E01005458,1,2,0,5,Wet or damp,Single carriageway,None,30,16:55:00,Urban,Fine no high winds,No,16 - 20,1,Urban area,6,1397,None,None,Other/Not known (2005-10),Approaching junction or waiting/parked at junction approach,MINI,FIRST,Petrol,Female,None,No tow/articulation,Did not leave carriageway,0,Going ahead other,2,Car,No,Front,2010
201011SL11200,Unclassified,0,Unclassified,0,Slight,None,09-05-2010,Sunday,1,Give way or uncontrolled,T or staggered junction,54.69653,Darkness - lights lit,425670,533570,-1.603229,E01020835,1,2,0,0,Dry,Single carriageway,None,30,23:57:00,Urban,Fine no high winds,No,16 - 20,1,Data missing or out of range,NA,1242,None,None,Other/Not known (2005-10),Approaching junction or waiting/parked at junction approach,FORD,FIESTA STYLE PLUS 80,Petrol,Female,None,No tow/articulation,Did not leave carriageway,0,Parked,2,Car,No,Offside,2010
201020M013590,B,4101,B,4101,Slight,None,03-11-2010,Wednesday,1,Auto traffic signal,More than 4 arms (not roundabout),52.402567,Darkness - lights lit,430280,278380,-1.556362,E01009686,1,2,0,5,Dry,Dual carriageway,None,30,19:55:00,Urban,Fine no high winds,No,16 - 20,1,Urban area,6,998,None,None,Other/Not known (2005-10),Leaving main road,CITROEN,C1 VTR,Petrol,Female,None,No tow/articulation,Did not leave carriageway,0,Going ahead other,1,Car,No,Front,2010
201030D000586,Unclassified,0,NA,0,Slight,None,28-06-2010,Monday,1,Data missing or out of range,Not at junction or within 20 metres,52.886424,Darkness - lights lit,438210,332260,-1.433584,E01013499,1,2,0,0,Dry,Single carriageway,None,30,23:00:00,Urban,Fine no high winds,No,16 - 20,1,Urban area,8,998,Parked vehicle,None,Other/Not known (2005-10),Not at or within 20 metres of junction,CITROEN,C1 CODE,Petrol,Female,None,No tow/articulation,Did not leave carriageway,0,Going ahead other,1,Car,No,Nearside,2010
201042I091203,A,13,Unclassified,0,Slight,None,11-03-2020,Saturday,2,Give way or uncontrolled,T or staggered junction,22.09850021,Darkness - lights lit,578720,187980,82.19724903,E01021481,1,2,0,0,Wet or damp,Single carriageway,None,40,19:00:00,Urban,Other,No,16 - 20,1,Urban area,10,49,None,None,Other/Not known (2005-10),Approaching junction or waiting/parked at junction approach,APRILIA,SR 50 R,Petrol,Male,None,No tow/articulation,Did not leave carriageway,0,Turning right,2,Motorcycle 125cc and under,No,Offside,2019
201045WO48110,C,250,NA,0,Slight,Other object on road,14-03-2019,Thursday,1,Data missing or out of range,Not at junction or within 20 metres,8.888497061,Darkness - lights lit,506000,161190,76.67537278,E01030949,1,1,0,0,Snow,Single carriageway,None,30,22:30:00,Urban,Other,No,16 - 20,1,Urban area,10,124,Other object,None,Other/Not known (2005-10),Not at or within 20 metres of junction,YAMAHA,YZF R125,Petrol,Male,None,No tow/articulation,Did not leave carriageway,0,Going ahead other,1,Motorcycle over 125cc and up to 500cc,No,Front,2020