Accident_Index,1st_Road_Class,1st_Road_Number,2nd_Road_Class,2nd_Road_Number,Accident_Severity,Carriageway_Hazards,Date,Day_of_Week,Did_Police_Officer_Attend_Scene_of_Accident,Junction_Control,Junction_Detail,Latitude,Light_Conditions,Location_Easting_OSGR,Location_Northing_OSGR,Longitude,LSOA_of_Accident_Location,Number_of_Casualties,Number_of_Vehicles,Pedestrian_Crossing-Human_Control,Pedestrian_Crossing-Physical_Facilities,Road_Surface_Conditions,Road_Type,Special_Conditions_at_Site,Speed_limit,Time,Urban_or_Rural_Area,Weather_Conditions,InScotland,Age_Band_of_Driver,Age_of_Vehicle,Driver_Home_Area_Type,Driver_IMD_Decile,Engine_Capacity_.CC.,Hit_Object_in_Carriageway,Hit_Object_off_Carriageway,Journey_Purpose_of_Driver,Junction_Location,make,model,Propulsion_Code,Sex_of_Driver,Skidding_and_Overturning,Towing_and_Articulation,Vehicle_Leaving_Carriageway,Vehicle_Location.Restricted_Lane,Vehicle_Manoeuvre,Vehicle_Reference,Vehicle_Type,Was_Vehicle_Left_Hand_Drive,X1st_Point_of_Impact,Year
201042I242207,A,133,NA,0,Slight,None,02-11-2019,Monday,1,Not at junction or within 20 metres,Not at junction or within 20 metres,15.33013968,Darkness - no lighting,602570,224370,74.0231172,E01021736,1,1,0,0,Dry,Dual carriageway,None,50,03:57:00,Rural,Fine no high winds,No,16 - 20,1,Urban area,4,49,None,None,Other/Not known (2005-10),Not at or within 20 metres of junction,PEUGEOT,SPEEDFIGHT 50 LR,Petrol,Female,Skidded,No tow/articulation,Did not leave carriageway,0,Going ahead other,1,Motorcycle 125cc and under,No,Nearside,2019
201043N151120,Unclassified,42,Unclassified,924,Slight,None,14-11-2020,Wednesday,1,Give way or uncontrolled,T or staggered junction,13.00431824,Darkness - no lighting,497170,188060,77.62108259,E01017823,1,1,0,0,Wet or damp,Single carriageway,None,60,18:46:00,Rural,Fine no high winds,No,16 - 20,1,Urban area,10,1242,None,None,Commuting to/from work,Approaching junction or waiting/parked at junction approach,FORD,KA STUDIO,Petrol,Female,None,No tow/articulation,Straight ahead at junction,0,Going ahead other,1,Car,No,Front,2020
2010400D00266,A,5,C,238,Slight,None,26-09-2020,Wednesday,1,Give way or uncontrolled,T or staggered junction,8.87020854,Darkness - no lighting,498890,225080,76.62156515,E01017615,3,3,0,0,Dry,Single carriageway,None,60,20:08:00,Rural,Fine no high winds,No,16 - 20,1,Urban area,9,1229,None,None,Other/Not known (2005-10),Approaching junction or waiting/parked at junction approach,VAUXHALL,CORSA SXI A/C,Petrol,Female,Skidded,No tow/articulation,Did not leave carriageway,0,Slowing or stopping,1,Car,No,Front,2020
2010400D00266,A,5,C,238,Slight,None,20-01-2010,Wednesday,1,Give way or uncontrolled,T or staggered junction,51.915434,Darkness - no lighting,498890,225080,-0.563622,E01017615,3,3,0,0,Dry,Single carriageway,None,60,20:08:00,Rural,Fine no high winds,No,16 - 20,1,Urban area,9,1229,None,None,Other/Not known (2005-10),Approaching junction or waiting/parked at junction approach,VAUXHALL,CORSA SXI A/C,Petrol,Female,Skidded,No tow/articulation,Did not leave carriageway,0,Slowing or stopping,1,Car,No,Front,2010
201042I242207,A,133,NA,0,Slight,None,19-07-2010,Monday,1,Not at junction or within 20 metres,Not at junction or within 20 metres,51.881033,Darkness - no lighting,602570,224370,0.941806,E01021736,1,1,0,0,Dry,Dual carriageway,None,50,03:57:00,Rural,Fine no high winds,No,16 - 20,1,Urban area,4,49,None,None,Other/Not known (2005-10),Not at or within 20 metres of junction,PEUGEOT,SPEEDFIGHT 50 LR,Petrol,Female,Skidded,No tow/articulation,Did not leave carriageway,0,Going ahead other,1,Motorcycle 125cc and under,No,Nearside,2010
201043N011040,Unclassified,3,NA,0,Slight,None,04-04-2010,Sunday,1,Data missing or out of range,Not at junction or within 20 metres,51.7491,Darkness - no lighting,494490,206490,-0.632646,E01017766,1,2,0,0,Dry,Single carriageway,None,40,20:55:00,Rural,Fine no high winds,No,16 - 20,1,Rural,9,998,None,Tree,Other/Not known (2005-10),Not at or within 20 metres of junction,TOYOTA,AYGO BLUE VVT-I,Petrol,Female,Skidded,No tow/articulation,Nearside,0,Going ahead other,2,Car,No,Nearside,2010
201043N151120,Unclassified,42,Unclassified,924,Slight,None,15-12-2010,Wednesday,1,Give way or uncontrolled,T or staggered junction,51.58298,Darkness - no lighting,497170,188060,-0.598956,E01017823,1,1,0,0,Wet or damp,Single carriageway,None,60,18:46:00,Rural,Fine no high winds,No,16 - 20,1,Urban area,10,1242,None,None,Commuting to/from work,Approaching junction or waiting/parked at junction approach,FORD,KA STUDIO,Petrol,Female,None,No tow/articulation,Straight ahead at junction,0,Going ahead other,1,Car,No,Front,2010
201060L069232,A,483,NA,0,Slight,Any animal in carriageway (except ridden horse),22-04-2010,Thursday,1,Data missing or out of range,Not at junction or within 20 metres,53.098895,Darkness - no lighting,335540,356180,-2.964173,W01000418,1,1,0,0,Dry,Dual carriageway,None,70,21:30:00,Rural,Fine no high winds,No,16 - 20,1,Urban area,10,998,None,None,Other/Not known (2005-10),Not at or within 20 metres of junction,PEUGEOT,107 URBAN,Petrol,Female,Skidded,No tow/articulation,Nearside,0,Going ahead other,1,Car,No,Front,2010
201004CJ10112,Unclassified,0,NA,0,Slight,None,08-12-2010,Wednesday,1,Data missing or out of range,Not at junction or within 20 metres,53.609922,Darkness - no lighting,349400,412870,-2.766281,E01025511,1,1,0,0,Frost or ice,Single carriageway,None,60,17:20:00,Rural,Fine no high winds,No,16 - 20,1,Data missing or out of range,NA,1360,None,Tree,Other/Not known (2005-10),Not at or within 20 metres of junction,PEUGEOT,207 SPORT,Petrol,Female,Skidded,No tow/articulation,Nearside,0,Going ahead other,1,Car,No,Front,2010
201022F000301,Unclassified,0,NA,0,Slight,None,17-01-2010,Sunday,1,Data missing or out of range,Not at junction or within 20 metres,52.82519,Darkness - no lighting,331060,325790,-3.024592,E01028922,1,1,0,0,Frost or ice,Single carriageway,None,60,18:38:00,Rural,Fine no high winds,No,16 - 20,1,Rural,5,1332,None,Other permanent object,Other/Not known (2005-10),Not at or within 20 metres of junction,MITSUBISHI,COLT CZ2,Petrol,Female,Skidded and overturned,No tow/articulation,Offside and rebounded,0,Going ahead other,1,Car,No,Front,2010
201022F003481,A,488,NA,0,Slight,Any animal in carriageway (except ridden horse),02-07-2010,Friday,1,Data missing or out of range,Not at junction or within 20 metres,52.506928,Darkness - no lighting,333370,290350,-2.983139,E01028991,1,1,0,0,Dry,Single carriageway,None,60,23:40:00,Rural,Fine no high winds,No,16 - 20,1,Urban area,6,998,None,None,Other/Not known (2005-10),Not at or within 20 metres of junction,TOYOTA,AYGO BLUE VVT-I,Petrol,Female,Overturned,No tow/articulation,Did not leave carriageway,0,Going ahead left-hand bend,1,Car,No,Front,2010
201030A000133,A,608,NA,0,Slight,None,28-03-2010,Sunday,1,Data missing or out of range,Not at junction or within 20 metres,52.971726,Darkness - no lighting,439500,341760,-1.41326,E01019671,2,3,0,0,Dry,Single carriageway,None,50,00:24:00,Rural,Fine no high winds,No,16 - 20,1,Urban area,3,1984,None,None,Commuting to/from work,Not at or within 20 metres of junction,AUDI,TT FSI,Petrol,Female,None,No tow/articulation,Did not leave carriageway,0,Going ahead other,2,Car,No,Offside,2010
201030D001061,A,5132,Unclassified,0,Slight,None,28-10-2010,Thursday,1,Give way or uncontrolled,T or staggered junction,52.855377,Darkness - no lighting,431810,328760,-1.529037,E01019882,1,2,0,0,Wet or damp,Single carriageway,None,50,17:28:00,Rural,Fine no high winds,No,16 - 20,1,Rural,8,1242,None,None,Other/Not known (2005-10),Mid Junction - on roundabout or on main road,FIAT,500 SPORT,Petrol,Female,None,No tow/articulation,Did not leave carriageway,0,Going ahead other,1,Car,No,Front,2010
20103102D0465,B,6386,NA,0,Slight,None,21-02-2010,Sunday,2,Data missing or out of range,Not at junction or within 20 metres,53.047082,Darkness - no lighting,460400,350360,-1.100466,E01028152,1,1,0,0,Frost or ice,Single carriageway,None,60,19:00:00,Rural,Fine no high winds,No,16 - 20,1,Small town,10,998,None,Tree,Other/Not known (2005-10),Not at or within 20 metres of junction,PEUGEOT,107 VERVE,Petrol,Female,Skidded,No tow/articulation,Nearside,0,Going ahead right-hand bend,1,Car,No,Front,2010
201006Q040301,C,0,C,0,Slight,None,11-12-2010,Saturday,1,Give way or uncontrolled,T or staggered junction,53.553311,Darkness - no lighting,396870,406300,-2.048721,E01005417,5,2,0,0,Frost or ice,Single carriageway,None,30,23:15:00,Rural,Other,No,16 - 20,1,Urban area,8,1242,None,Other permanent object,Other/Not known (2005-10),Approaching junction or waiting/parked at junction approach,FORD,FIESTA STYLE PLUS 80,Petrol,Male,Skidded,No tow/articulation,Nearside,0,Going ahead right-hand bend,1,Car,No,Front,2010
201020L008460,Unclassified,0,Unclassified,0,Slight,None,12-08-2010,Thursday,1,Give way or uncontrolled,T or staggered junction,52.367845,Darkness - no lighting,421070,274470,-1.691979,E01010167,2,1,0,0,Dry,Single carriageway,None,60,23:24:00,Rural,Other,No,16 - 20,1,Urban area,10,1390,Kerb,Tree,Other/Not known (2005-10),Approaching junction or waiting/parked at junction approach,SEAT,LEON SPORT TSI,Petrol,Male,None,No tow/articulation,Straight ahead at junction,0,Turning left,1,Car,No,Front,2010
201020L500110,B,4114,NA,0,Slight,None,30-12-2010,Thursday,1,Data missing or out of range,Not at junction or within 20 metres,52.496444,Darkness - no lighting,417360,288760,-1.745729,E01010146,1,1,0,0,Wet or damp,Single carriageway,None,30,19:15:00,Urban,Other,No,16 - 20,1,Urban area,2,49,None,None,Other/Not known (2005-10),Not at or within 20 metres of junction,PEUGEOT,JET FORCE 50 RCUP,Petrol,Male,Skidded,No tow/articulation,Did not leave carriageway,0,Going ahead other,1,Motorcycle 50cc and under,No,Front,2010
201037B044323,A,14,NA,0,Slight,None,26-03-2020,Wednesday,1,Data missing or out of range,Not at junction or within 20 metres,13.01061863,Darkness - no lighting,601580,261810,77.61963075,E01030056,1,2,0,0,Snow,Dual carriageway,None,70,19:29:00,Rural,Snowing + high winds,No,16 - 20,1,Small town,9,1328,None,Central crash barrier,Other/Not known (2005-10),Not at or within 20 metres of junction,SUZUKI,SWIFT GL 3DR,Petrol,Male,Skidded,No tow/articulation,Offside on to central reservation,0,Going ahead left-hand bend,1,Car,No,Front,2020
201037B044323,A,14,NA,0,Slight,None,10-02-2010,Wednesday,1,Data missing or out of range,Not at junction or within 20 metres,52.217564,Darkness - no lighting,601580,261810,0.949512,E01030056,1,2,0,0,Snow,Dual carriageway,None,70,19:29:00,Rural,Snowing + high winds,No,16 - 20,1,Small town,9,1328,None,Central crash barrier,Other/Not known (2005-10),Not at or within 20 metres of junction,SUZUKI,SWIFT GL 3DR,Petrol,Male,Skidded,No tow/articulation,Offside on to central reservation,0,Going ahead left-hand bend,1,Car,No,Front,2010
201022G000522,A,442,NA,0,Slight,None,30-01-2010,Saturday,1,Data missing or out of range,Not at junction or within 20 metres,52.734627,Darkness - no lighting,363740,315360,-2.538463,E01014204,1,1,0,0,Snow,Single carriageway,None,60,21:25:00,Rural,Snowing no high winds,No,16 - 20,1,Rural,6,1560,None,None,Commuting to/from work,Not at or within 20 metres of junction,MINI,COOPER D,Heavy oil,Male,Skidded and overturned,No tow/articulation,Offside,0,Going ahead other,1,Car,No,Front,2010
201042I412512,B,184,NA,0,Slight,None,21-08-2020,Thursday,1,Not at junction or within 20 metres,Not at junction or within 20 metres,28.55437804,Darkness - no lighting,556980,235070,77.17026551,E01022099,1,1,0,0,Wet or damp,Single carriageway,None,60,19:00:00,Rural,Snowing no high winds,No,16 - 20,1,Rural,9,1086,None,None,Other/Not known (2005-10),Not at or within 20 metres of junction,HYUNDAI,I10 ES,Petrol,Female,Skidded,No tow/articulation,Nearside,0,Going ahead right-hand bend,1,Car,No,Did not impact,2020
201042I412512,B,184,NA,0,Slight,None,16-12-2010,Thursday,1,Not at junction or within 20 metres,Not at junction or within 20 metres,51.991852,Darkness - no lighting,556980,235070,0.284939,E01022099,1,1,0,0,Wet or damp,Single carriageway,None,60,19:00:00,Rural,Snowing no high winds,No,16 - 20,1,Rural,9,1086,None,None,Other/Not known (2005-10),Not at or within 20 metres of junction,HYUNDAI,I10 ES,Petrol,Female,Skidded,No tow/articulation,Nearside,0,Going ahead right-hand bend,1,Car,No,Did not impact,2010
2010160A01891,Unclassified,0,NA,0,Slight,None,10-06-2010,Thursday,1,Data missing or out of range,Not at junction or within 20 metres,53.559871,Daylight,530810,408840,-0.026561,E01013129,1,2,0,0,Dry,Single carriageway,None,30,19:54:00,Urban,Fine + high winds,No,16 - 20,1,Urban area,9,49,None,None,Other/Not known (2005-10),Not at or within 20 metres of junction,PIAGGIO,ZIP 50 2T,Petrol,Male,None,No tow/articulation,Did not leave carriageway,0,Going ahead other,2,Motorcycle 50cc and under,No,Front,2010
201042I146005,Unclassified,0,Unclassified,0,Slight,Other object on road,23-04-2019,Saturday,1,Give way or uncontrolled,T or staggered junction,14.6738126,Daylight,579270,220640,78.49473848,E01021380,1,1,0,0,Dry,Single carriageway,Road surface defective,30,12:05:00,Rural,Fine no high winds,No,16 - 20,1,Rural,6,49,None,None,Other/Not known (2005-10),Approaching junction or waiting/parked at junction approach,SONIK,,Petrol,Male,Skidded,No tow/articulation,Did not leave carriageway,0,Turning right,1,Motorcycle 50cc and under,No,Offside,2019
201042I047602,Unclassified,0,Unclassified,0,Slight,None,18-01-2020,Wednesday,1,Give way or uncontrolled,Slip road,14.7344985,Daylight,602230,229330,78.47327443,E01021971,1,3,0,0,Wet or damp,Dual carriageway,None,70,08:35:00,Rural,Fine no high winds,No,16 - 20,1,Urban area,9,1339,None,None,Journey as part of work,Approaching junction or waiting/parked at junction approach,HONDA,JAZZ I-VTEC ES,Petrol,Male,None,No tow/articulation,Did not leave carriageway,0,Going ahead other,2,Car,No,Back,2019
2010550C30773,A,341,A,348,Slight,None,29-10-2020,Sunday,1,Give way or uncontrolled,Roundabout,27.10624946,Daylight,405760,96670,93.62331813,E01015302,1,2,0,0,Dry,Roundabout,None,30,20:40:00,Urban,Fine no high winds,No,16 - 20,1,Urban area,10,49,None,None,Other/Not known (2005-10),Mid Junction - on roundabout or on main road,PIAGGIO,NRG,Petrol,Male,None,No tow/articulation,Did not leave carriageway,0,Going ahead other,1,Motorcycle 50cc and under,No,Nearside,2019
201043P187100,B,4016,A,4130,Slight,None,12-12-2019,Wednesday,1,Give way or uncontrolled,T or staggered junction,26.7178467,Daylight,453810,190890,94.17661701,E01028628,1,3,0,0,Dry,Single carriageway,None,30,09:00:00,Urban,Fine no high winds,No,16 - 20,1,Urban area,10,49,None,None,Other/Not known (2005-10),Approaching junction or waiting/parked at junction approach,MOTOR HISPANIA,RX 50 R,Petrol,Male,None,No tow/articulation,Offside,0,Waiting to go - held up,1,Motorcycle 50cc and under,No,Front,2019
201042I104304,Unclassified,0,NA,0,Slight,None,18-01-2020,Tuesday,1,Not at junction or within 20 metres,Not at junction or within 20 metres,26.72974747,Daylight,581070,196870,94.22726868,E01021608,1,2,0,0,Dry,Single carriageway,None,30,18:17:00,Urban,Fine no high winds,No,16 - 20,1,Urban area,9,998,None,None,Other/Not known (2005-10),Not at or within 20 metres of junction,PEUGEOT,107 URBAN,Petrol,Male,None,No tow/articulation,Did not leave carriageway,0,Going ahead other,1,Car,No,Front,2019
201043R230020,Unclassified,7302,NA,0,Slight,None,28-09-2021,Saturday,1,Data missing or out of range,Not at junction or within 20 metres,26.75881773,Daylight,495200,180340,94.17355219,E01016473,1,2,0,4,Wet or damp,Single carriageway,None,30,12:44:00,Urban,Fine no high winds,No,16 - 20,1,Urban area,3,49,None,None,Journey as part of work,Not at or within 20 metres of junction,PEUGEOT,LUDIX 50 PRO,Petrol,Male,None,No tow/articulation,Did not leave carriageway,0,Slowing or stopping,1,Motorcycle 50cc and under,No,Front,2019
201043W051070,A,4,Unclassified,7509,Slight,None,08-10-2021,Thursday,1,Give way or uncontrolled,Crossroads,26.72524341,Daylight,475500,174360,94.22272375,E01016685,1,2,0,0,Dry,Single carriageway,None,30,17:08:00,Urban,Fine no high winds,No,16 - 20,1,Urban area,9,1390,None,None,Other/Not known (2005-10),Mid Junction - on roundabout or on main road,SEAT,IBIZA SE,Petrol,Male,Skidded,No tow/articulation,Offside,0,Overtaking moving vehicle - offside,2,Car,No,Offside,2019
2010400B02890,A,603,NA,0,Slight,None,18-09-2020,Saturday,1,Data missing or out of range,Not at junction or within 20 metres,22.09452939,Daylight,506330,248810,82.11192141,E01017519,5,3,0,4,Dry,Single carriageway,None,30,14:10:00,Urban,Fine no high winds,No,16 - 20,1,Rural,9,1332,None,None,Other/Not known (2005-10),Not at or within 20 metres of junction,MITSUBISHI,COLT CZ2,Petrol,Male,None,No tow/articulation,Did not leave carriageway,0,Going ahead other,2,Car,No,Back,2019
201050KH3D001,Unclassified,0,NA,0,Slight,None,14-10-2020,Tuesday,2,Not at junction or within 20 metres,Not at junction or within 20 metres,22.07917173,Daylight,308920,101580,82.17457054,E01019960,1,2,0,0,Dry,Single carriageway,None,30,13:00:00,Rural,Fine no high winds,No,16 - 20,1,Data missing or out of range,NA,124,None,None,Other/Not known (2005-10),Not at or within 20 metres of junction,YAMAHA,YZF R125,Petrol,Male,None,No tow/articulation,Did not leave carriageway,0,Going ahead other,2,Motorcycle over 125cc and up to 500cc,No,Did not impact,2019
201045SU54529,A,325,Unclassified,3462,Slight,None,09-01-2020,Friday,1,Give way or uncontrolled,T or staggered junction,15.26378144,Daylight,488140,158860,74.06443578,E01030791,1,2,0,0,Dry,Single carriageway,None,40,15:14:00,Urban,Fine no high winds,No,16 - 20,1,Urban area,8,125,None,None,Other/Not known (2005-10),Approaching junction or waiting/parked at junction approach,APRILIA,RS 125 FP 08,Petrol,Male,None,No tow/articulation,Did not leave carriageway,0,Slowing or stopping,2,Motorcycle 125cc and under,No,Front,2019
201042I015001,B,1393,NA,0,Slight,None,19-02-2021,Sunday,1,Not at junction or within 20 metres,Not at junction or within 20 metres,15.32842769,Daylight,546000,202150,74.09815483,E01021762,1,2,0,1,Dry,Single carriageway,None,30,14:00:00,Rural,Fine no high winds,No,16 - 20,1,Small town,8,124,None,None,Other/Not known (2005-10),Not at or within 20 metres of junction,YAMAHA,XC 125 E VITY,Petrol,Male,Overturned,No tow/articulation,Did not leave carriageway,0,Overtaking moving vehicle - offside,1,Motorcycle 125cc and under,No,Nearside,2019
20104100D0306,A,414,NA,,Slight,None,07-04-2020,Saturday,1,Give way or uncontrolled,Private drive or entrance,15.27767178,Daylight,505660,206450,74.1190164,E01023388,1,3,0,0,Dry,Dual carriageway,None,30,09:25:00,Urban,Fine no high winds,No,16 - 20,1,Urban area,6,1390,None,None,Other/Not known (2005-10),Cleared junction or waiting/parked at junction exit,SEAT,IBIZA SE,Petrol,Male,Skidded,No tow/articulation,Did not leave carriageway,0,Going ahead other,2,Car,No,Nearside,2019
2010550D25960,A,31,C,50,Slight,None,19-10-2019,Sunday,1,Give way or uncontrolled,Roundabout,15.24579274,Daylight,404410,100300,74.04483284,E01020407,1,2,0,0,Dry,Roundabout,None,40,15:30:00,Urban,Fine no high winds,No,16 - 20,1,Urban area,5,124,None,None,Other/Not known (2005-10),Mid Junction - on roundabout or on main road,MOTOR HISPANIA,RX 125 R,Petrol,Male,None,No tow/articulation,Did not leave carriageway,0,Going ahead other,2,Motorcycle 125cc and under,No,Back,2019
201043P231060,A,415,Unclassified,0,Slight,None,14-12-2021,Saturday,1,Give way or uncontrolled,T or staggered junction,23.0239135,Daylight,447280,196990,72.55054514,E01028738,1,2,0,0,Dry,Single carriageway,None,60,14:39:00,Rural,Fine no high winds,No,16 - 20,1,Rural,8,1360,None,None,Other/Not known (2005-10),Mid Junction - on roundabout or on main road,PEUGEOT,207 S,Petrol,Male,None,No tow/articulation,Did not leave carriageway,0,Going ahead other,2,Car,No,Front,2019
2010550C36208,A,3049,Unclassified,0,Slight,None,14-01-2019,Thursday,1,Give way or uncontrolled,T or staggered junction,23.03794485,Daylight,408700,93340,72.51166399,E01015346,1,2,0,0,Dry,Single carriageway,None,30,18:10:00,Urban,Fine no high winds,No,16 - 20,1,Urban area,7,1368,None,None,Other/Not known (2005-10),Mid Junction - on roundabout or on main road,FIAT,GRANDE PUNTO DYNAMIC,Petrol,Male,None,No tow/articulation,Did not leave carriageway,0,Overtaking static vehicle - offside,2,Car,No,Offside,2019
201043R053080,Unclassified,7302,Unclassified,7302,Slight,None,16-01-2021,Monday,1,Give way or uncontrolled,T or staggered junction,28.42468537,Daylight,500180,179340,77.01279694,E01016501,1,2,0,0,Dry,Single carriageway,None,30,17:52:00,Urban,Fine no high winds,No,16 - 20,1,Urban area,2,1399,None,None,Other/Not known (2005-10),Approaching junction or waiting/parked at junction approach,CHEVROLET,AVEO LT,Petrol,Male,None,No tow/articulation,Did not leave carriageway,0,Waiting to turn left,1,Car,No,Front,2019
201042I250508,Unclassified,0,Unclassified,0,Slight,None,28-10-2019,Saturday,1,Give way or uncontrolled,T or staggered junction,28.4924783,Daylight,549190,205140,77.04648747,E01021797,1,2,0,0,Dry,Slip road,None,30,13:10:00,Rural,Fine no high winds,No,16 - 20,1,Urban area,6,2198,None,None,Other/Not known (2005-10),Entering main road,FORD,TRANSIT 110 T260S TREND F,Heavy oil,Male,None,No tow/articulation,Did not leave carriageway,0,Slowing or stopping,1,Van / Goods 3.5 tonnes mgw or under,No,Front,2019
201037G029743,C,328,C,376,Slight,None,07-09-2020,Sunday,1,Give way or uncontrolled,T or staggered junction,12.9763757,Daylight,625190,247210,77.58444357,E01030190,1,3,0,0,Dry,Single carriageway,None,30,13:36:00,Rural,Fine no high winds,No,16 - 20,1,Rural,7,2402,None,None,Other/Not known (2005-10),Approaching junction or waiting/parked at junction approach,LAND ROVER,DEFENDER 90 COUNTY HT SWB,Heavy oil,Male,None,No tow/articulation,Did not leave carriageway,0,Going ahead other,1,Car,No,Front,2020
201045TA52440,A,25,Unclassified,381,Slight,None,18-06-2021,Wednesday,1,Give way or uncontrolled,Crossroads,13.01881804,Daylight,529490,150330,77.59226012,E01030612,1,2,0,0,Wet or damp,Single carriageway,None,40,08:40:00,Rural,Fine no high winds,No,16 - 20,1,Rural,8,125,None,None,Journey as part of work,Cleared junction or waiting/parked at junction exit,APRILIA,RS 125 11KW 08,Petrol,Male,Skidded,No tow/articulation,Did not leave carriageway,0,Slowing or stopping,1,Motorcycle over 125cc and up to 500cc,No,Offside,2020
201045EL50145,Unclassified,6864,NA,0,Slight,None,14-10-2021,Thursday,1,Data missing or out of range,Not at junction or within 20 metres,13.03827459,Daylight,513300,159580,77.56362663,E01030345,1,1,0,0,Frost or ice,Single carriageway,None,40,07:20:00,Rural,Fine no high winds,No,16 - 20,1,Urban area,9,124,None,None,Journey as part of work,Not at or within 20 metres of junction,YAMAHA,YBR 125,Petrol,Male,None,No tow/articulation,Did not leave carriageway,0,Going ahead other,1,Motorcycle 125cc and under,No,Nearside,2020
201045GU51683,A,3100,Unclassified,604,Slight,None,29-09-2019,Friday,1,Give way or uncontrolled,T or staggered junction,13.02967926,Daylight,499220,147700,77.60241437,E01030478,3,4,0,0,Dry,Single carriageway,None,40,08:20:00,Rural,Fine no high winds,No,16 - 20,1,Urban area,10,1198,None,None,Journey as part of work,Approaching junction or waiting/parked at junction approach,VOLKSWAGEN,POLO MATCH 60,Petrol,Male,None,No tow/articulation,Did not leave carriageway,0,Waiting to go - held up,3,Car,No,Front,2020
201050AY2E003,C,99,NA,0,Slight,None,25-10-2020,Wednesday,2,Data missing or out of range,Not at junction or within 20 metres,22.70481141,Daylight,158590,33520,75.81542175,E01019007,1,2,0,0,Dry,Single carriageway,None,60,20:28:00,Rural,Fine no high winds,No,16 - 20,1,Rural,4,6788,None,None,Journey as part of work,Not at or within 20 metres of junction,CLAAS,,Heavy oil,Male,None,No tow/articulation,Did not leave carriageway,0,Going ahead right-hand bend,2,Agricultural vehicle,No,Back,2020
201043P131100,Unclassified,189,Unclassified,0,Slight,None,05-05-2020,Wednesday,1,Give way or uncontrolled,Mini-roundabout,22.75564267,Daylight,452590,189990,75.85396688,E01028631,1,2,0,0,Dry,Roundabout,None,30,11:00:00,Urban,Fine no high winds,No,16 - 20,1,Urban area,5,49,None,None,Other/Not known (2005-10),Leaving roundabout,CPI,SX 50,Petrol,Male,None,No tow/articulation,Did not leave carriageway,0,Going ahead other,1,Motorcycle 50cc and under,No,Front,2020
201042I334010,B,1006,B,1014,Slight,None,20-09-2019,Monday,2,Give way or uncontrolled,Roundabout,22.74792222,Daylight,577860,186090,75.83550341,E01021480,1,2,0,0,Dry,Roundabout,None,30,18:45:00,Urban,Fine no high winds,No,16 - 20,1,Urban area,9,1596,None,None,Other/Not known (2005-10),Entering roundabout,FORD,FIESTA ZETEC S 120,Petrol,Male,None,No tow/articulation,Did not leave carriageway,0,Going ahead other,2,Car,No,Front,2020
20104100F0585,C,92,NA,0,Slight,None,31-05-2019,Saturday,1,Not at junction or within 20 metres,Not at junction or within 20 metres,22.75977941,Daylight,517060,212410,75.91351968,E01023736,1,1,0,0,Dry,Single carriageway,None,60,11:30:00,Rural,Fine no high winds,No,16 - 20,1,Urban area,10,124,None,Tree,Commuting to/from work,Not at or within 20 metres of junction,YAMAHA,WR 125 R,Petrol,Male,None,No tow/articulation,Nearside,0,Going ahead other,1,Motorcycle 125cc and under,No,Back,2020
201045SP53272,C,248,NA,0,Slight,None,02-08-2020,Friday,1,Data missing or out of range,Not at junction or within 20 metres,26.45953242,Daylight,505410,170880,74.65164711,E01030740,2,1,0,0,Dry,Single carriageway,None,30,09:20:00,Urban,Fine no high winds,No,16 - 20,1,Urban area,6,49,None,None,Other/Not known (2005-10),Not at or within 20 metres of junction,PEUGEOT,SPEEDFIGHT,Petrol,Male,None,No tow/articulation,Did not leave carriageway,0,Going ahead other,1,Motorcycle 50cc and under,No,Did not impact,2020
201045SU53220,A,319,NA,0,Slight,None,23-06-2021,Monday,1,Data missing or out of range,Not at junction or within 20 metres,26.45499634,Daylight,496660,161790,74.65502751,E01030764,1,2,0,0,Dry,Single carriageway,None,40,18:35:00,Rural,Fine no high winds,No,16 - 20,1,Urban area,9,125,None,None,Other/Not known (2005-10),Not at or within 20 metres of junction,JONWAY,,Petrol,Male,Skidded,No tow/articulation,Did not leave carriageway,0,Going ahead other,2,Motorcycle 50cc and under,No,Front,2020
2010400D02843,A,507,Unclassified,0,Slight,None,04-10-2021,Tuesday,1,Give way or uncontrolled,Roundabout,26.46593706,Daylight,522080,236160,74.64817822,E01017447,1,1,0,0,Dry,Roundabout,None,30,13:20:00,Rural,Fine no high winds,No,16 - 20,1,Urban area,3,49,None,None,Other/Not known (2005-10),Leaving roundabout,SKYTEAM,ST 50-3 TR,Petrol,Male,None,No tow/articulation,Nearside,0,Going ahead other,1,Motorcycle 50cc and under,No,Front,2020
201042I029901,B,1029,NA,0,Slight,None,13-08-2021,Sunday,1,Not at junction or within 20 metres,Not at junction or within 20 metres,26.46126619,Daylight,608550,219530,74.59503252,E01022053,1,2,0,0,Dry,Single carriageway,None,40,14:55:00,Rural,Fine no high winds,No,16 - 20,1,Small town,7,49,None,None,Other/Not known (2005-10),Not at or within 20 metres of junction,YAMAHA,CS 50 JOG RR,Petrol,Male,None,No tow/articulation,Did not leave carriageway,0,Going ahead other,2,Motorcycle 50cc and under,No,Nearside,2020