Accident_Index,1st_Road_Class,1st_Road_Number,2nd_Road_Class,2nd_Road_Number,Accident_Severity,Carriageway_Hazards,Date,Day_of_Week,Did_Police_Officer_Attend_Scene_of_Accident,Junction_Control,Junction_Detail,Latitude,Light_Conditions,Location_Easting_OSGR,Location_Northing_OSGR,Longitude,LSOA_of_Accident_Location,Number_of_Casualties,Number_of_Vehicles,Pedestrian_Crossing-Human_Control,Pedestrian_Crossing-Physical_Facilities,Road_Surface_Conditions,Road_Type,Special_Conditions_at_Site,Speed_limit,Time,Urban_or_Rural_Area,Weather_Conditions,InScotland,Age_Band_of_Driver,Age_of_Vehicle,Driver_Home_Area_Type,Driver_IMD_Decile,Engine_Capacity_.CC.,Hit_Object_in_Carriageway,Hit_Object_off_Carriageway,Journey_Purpose_of_Driver,Junction_Location,make,model,Propulsion_Code,Sex_of_Driver,Skidding_and_Overturning,Towing_and_Articulation,Vehicle_Leaving_Carriageway,Vehicle_Location.Restricted_Lane,Vehicle_Manoeuvre,Vehicle_Reference,Vehicle_Type,Was_Vehicle_Left_Hand_Drive,X1st_Point_of_Impact,Year
20104100A0057,A,10,A,10,Slight,None,20-01-2010,Wednesday,1,Give way or uncontrolled,Slip road,51.825901,Daylight,535400,215970,-0.03665,E01023516,2,2,0,0,Dry,Dual carriageway,None,70,14:40:00,Rural,Fine no high winds,No,16 - 20,1,Urban area,9,1242,None,Central crash barrier,Taking pupil to/from school,Cleared junction or waiting/parked at junction exit,FORD,FIESTA ZETEC 82,Petrol,Male,None,No tow/articulation,Offside on to centrl res + rebounded,0,Changing lane to left,1,Car,No,Front,2010
20104100B0062,A,1000,NA,,Slight,None,22-01-2010,Friday,1,Give way or uncontrolled,Private drive or entrance,51.742651,Daylight,523510,206400,-0.212492,E01023910,2,3,0,0,Dry,Single carriageway,None,40,12:10:00,Urban,Fine no high winds,No,16 - 20,1,Urban area,9,1242,None,None,Other/Not known (2005-10),Approaching junction or waiting/parked at junction approach,FIAT,500 POP,Petrol,Male,None,No tow/articulation,Did not leave carriageway,0,Going ahead other,2,Car,No,Back,2010
20104100C0221,Unclassified,458,NA,0,Slight,None,17-02-2010,Wednesday,1,Not at junction or within 20 metres,Not at junction or within 20 metres,51.636059,Daylight,504450,194110,-0.492121,E01023836,1,2,0,0,Dry,Single carriageway,None,30,15:30:00,Urban,Fine no high winds,No,16 - 20,1,Small town,4,49,None,None,Other/Not known (2005-10),Not at or within 20 metres of junction,APRILIA,SR 50 R,Petrol,Male,None,No tow/articulation,Did not leave carriageway,0,Going ahead other,2,Motorcycle 50cc and under,No,Front,2010
20104100D0306,A,414,NA,,Slight,None,01-05-2010,Saturday,1,Give way or uncontrolled,Private drive or entrance,51.746747,Daylight,505660,206450,-0.47091,E01023388,1,3,0,0,Dry,Dual carriageway,None,30,09:25:00,Urban,Fine no high winds,No,16 - 20,1,Urban area,6,1390,None,None,Other/Not known (2005-10),Cleared junction or waiting/parked at junction exit,SEAT,IBIZA SE,Petrol,Male,Skidded,No tow/articulation,Did not leave carriageway,0,Going ahead other,2,Car,No,Nearside,2010
20104100F0585,C,92,NA,0,Slight,None,07-08-2010,Saturday,1,Not at junction or within 20 metres,Not at junction or within 20 metres,51.798048,Daylight,517060,212410,-0.303845,E01023736,1,1,0,0,Dry,Single carriageway,None,60,11:30:00,Rural,Fine no high winds,No,16 - 20,1,Urban area,10,124,None,Tree,Commuting to/from work,Not at or within 20 metres of junction,YAMAHA,WR 125 R,Petrol,Male,None,No tow/articulation,Nearside,0,Going ahead other,1,Motorcycle 125cc and under,No,Back,2010
201042I015001,B,1393,NA,0,Slight,None,17-01-2010,Sunday,1,Not at junction or within 20 metres,Not at junction or within 20 metres,51.69906,Daylight,546000,202150,0.111253,E01021762,1,2,0,1,Dry,Single carriageway,None,30,14:00:00,Rural,Fine no high winds,No,16 - 20,1,Small town,8,124,None,None,Other/Not known (2005-10),Not at or within 20 metres of junction,YAMAHA,XC 125 E VITY,Petrol,Male,Overturned,No tow/articulation,Did not leave carriageway,0,Overtaking moving vehicle - offside,1,Motorcycle 125cc and under,No,Nearside,2010
201042I029901,B,1029,NA,0,Slight,None,31-01-2010,Sunday,1,Not at junction or within 20 metres,Not at junction or within 20 metres,51.835374,Daylight,608550,219530,1.025644,E01022053,1,2,0,0,Dry,Single carriageway,None,40,14:55:00,Rural,Fine no high winds,No,16 - 20,1,Small town,7,49,None,None,Other/Not known (2005-10),Not at or within 20 metres of junction,YAMAHA,CS 50 JOG RR,Petrol,Male,None,No tow/articulation,Did not leave carriageway,0,Going ahead other,2,Motorcycle 50cc and under,No,Nearside,2010
201042I034102,B,1012,NA,0,Slight,None,06-02-2010,Saturday,1,Not at junction or within 20 metres,Not at junction or within 20 metres,51.65418,Daylight,581070,198290,0.616212,E01021611,1,3,0,0,Dry,Single carriageway,None,60,11:00:00,Rural,Fine no high winds,No,16 - 20,1,Urban area,10,1461,None,None,Other/Not known (2005-10),Not at or within 20 metres of junction,RENAULT,CLIO EXPRESSION DCI,Heavy oil,Male,None,No tow/articulation,Did not leave carriageway,0,Going ahead other,3,Car,No,Front,2010
201042I047602,Unclassified,0,Unclassified,0,Slight,None,03-02-2010,Wednesday,1,Give way or uncontrolled,Slip road,51.925693,Daylight,602230,229330,0.939781,E01021971,1,3,0,0,Wet or damp,Dual carriageway,None,70,08:35:00,Rural,Fine no high winds,No,16 - 20,1,Urban area,9,1339,None,None,Journey as part of work,Approaching junction or waiting/parked at junction approach,HONDA,JAZZ I-VTEC ES,Petrol,Male,None,No tow/articulation,Did not leave carriageway,0,Going ahead other,2,Car,No,Back,2010
201042I064602,A,1159,NA,0,Slight,None,27-02-2010,Saturday,1,Not at junction or within 20 metres,Not at junction or within 20 metres,51.552449,Daylight,589710,187280,0.735014,E01015875,1,3,0,4,Dry,Dual carriageway,None,40,14:25:00,Urban,Fine no high winds,No,16 - 20,1,Urban area,1,1397,None,None,Journey as part of work,Not at or within 20 metres of junction,MINI,ONE GRAPHITE,Petrol,Male,None,No tow/articulation,Did not leave carriageway,0,Going ahead other,1,Car,No,Front,2010
201042I104304,Unclassified,0,NA,0,Slight,None,06-04-2010,Tuesday,1,Not at junction or within 20 metres,Not at junction or within 20 metres,51.641425,Daylight,581070,196870,0.615477,E01021608,1,2,0,0,Dry,Single carriageway,None,30,18:17:00,Urban,Fine no high winds,No,16 - 20,1,Urban area,9,998,None,None,Other/Not known (2005-10),Not at or within 20 metres of junction,PEUGEOT,107 URBAN,Petrol,Male,None,No tow/articulation,Did not leave carriageway,0,Going ahead other,1,Car,No,Front,2010
201042I120904,Unclassified,0,Unclassified,0,Slight,None,21-04-2010,Wednesday,1,Give way or uncontrolled,T or staggered junction,51.640813,Daylight,543290,195590,0.069377,E01021783,1,3,0,0,Dry,Single carriageway,None,30,17:35:00,Urban,Fine no high winds,No,16 - 20,1,Data missing or out of range,NA,1388,None,None,Other/Not known (2005-10),Approaching junction or waiting/parked at junction approach,FORD,FIESTA TITANIUM 96,Petrol,Male,None,No tow/articulation,Did not leave carriageway,0,Going ahead other,3,Car,No,Front,2010
201042I146005,Unclassified,0,Unclassified,0,Slight,Other object on road,15-05-2010,Saturday,1,Give way or uncontrolled,T or staggered junction,51.855504,Daylight,579270,220640,0.601737,E01021380,1,1,0,0,Dry,Single carriageway,Road surface defective,30,12:05:00,Rural,Fine no high winds,No,16 - 20,1,Rural,6,49,None,None,Other/Not known (2005-10),Approaching junction or waiting/parked at junction approach,SONIK,,Petrol,Male,Skidded,No tow/articulation,Did not leave carriageway,0,Turning right,1,Motorcycle 50cc and under,No,Offside,2010
201042I207907,Unclassified,0,Unclassified,0,Slight,Other object on road,04-07-2010,Sunday,1,Give way or uncontrolled,T or staggered junction,51.711825,Daylight,573740,204450,0.513422,E01021561,1,1,0,0,Dry,Single carriageway,Road surface defective,60,13:02:00,Rural,Fine no high winds,No,16 - 20,1,Urban area,7,124,Other object,None,Other/Not known (2005-10),Mid Junction - on roundabout or on main road,YAMAHA,YBR 125 CUSTOM,Petrol,Male,Skidded,No tow/articulation,Nearside,0,Going ahead right-hand bend,1,Motorcycle 125cc and under,No,Offside,2010
201042I250508,Unclassified,0,Unclassified,0,Slight,None,07-08-2010,Saturday,1,Give way or uncontrolled,T or staggered junction,51.725087,Daylight,549190,205140,0.158657,E01021797,1,2,0,0,Dry,Slip road,None,30,13:10:00,Rural,Fine no high winds,No,16 - 20,1,Urban area,6,2198,None,None,Other/Not known (2005-10),Entering main road,FORD,TRANSIT 110 T260S TREND F,Heavy oil,Male,None,No tow/articulation,Did not leave carriageway,0,Slowing or stopping,1,Van / Goods 3.5 tonnes mgw or under,No,Front,2010
201042I334010,B,1006,B,1014,Slight,None,11-10-2010,Monday,2,Give way or uncontrolled,Roundabout,51.545618,Daylight,577860,186090,0.563675,E01021480,1,2,0,0,Dry,Roundabout,None,30,18:45:00,Urban,Fine no high winds,No,16 - 20,1,Urban area,9,1596,None,None,Other/Not known (2005-10),Entering roundabout,FORD,FIESTA ZETEC S 120,Petrol,Male,None,No tow/articulation,Did not leave carriageway,0,Going ahead other,2,Car,No,Front,2010
201043N211010,A,413,Unclassified,2015,Slight,None,19-01-2010,Tuesday,1,Give way or uncontrolled,T or staggered junction,51.822833,Daylight,481770,214470,-0.814982,E01017666,1,1,0,8,Dry,Single carriageway,None,30,14:32:00,Urban,Fine no high winds,No,16 - 20,1,Urban area,7,50,None,None,Other/Not known (2005-10),Entering main road,JM STAR,JSD 50 QT-13,Petrol,Male,None,No tow/articulation,Did not leave carriageway,0,Turning right,1,Motorcycle 50cc and under,No,Front,2010
201043P122040,B,430,Unclassified,0,Slight,None,13-04-2010,Tuesday,1,Give way or uncontrolled,T or staggered junction,51.864743,Daylight,453350,218750,-1.22663,E01028497,1,2,0,0,Dry,Single carriageway,None,40,12:10:00,Rural,Fine no high winds,No,16 - 20,1,Rural,8,50,None,None,Other/Not known (2005-10),Mid Junction - on roundabout or on main road,RIEJU,TANGO 50,Petrol,Male,Skidded,No tow/articulation,Did not leave carriageway,0,Turning left,2,Motorcycle 50cc and under,No,Back,2010
201043P131100,Unclassified,189,Unclassified,0,Slight,None,13-10-2010,Wednesday,1,Give way or uncontrolled,Mini-roundabout,51.606249,Daylight,452590,189990,-1.242004,E01028631,1,2,0,0,Dry,Roundabout,None,30,11:00:00,Urban,Fine no high winds,No,16 - 20,1,Urban area,5,49,None,None,Other/Not known (2005-10),Leaving roundabout,CPI,SX 50,Petrol,Male,None,No tow/articulation,Did not leave carriageway,0,Going ahead other,1,Motorcycle 50cc and under,No,Front,2010
201043P187100,B,4016,A,4130,Slight,None,20-10-2010,Wednesday,1,Give way or uncontrolled,T or staggered junction,51.614225,Daylight,453810,190890,-1.224251,E01028628,1,3,0,0,Dry,Single carriageway,None,30,09:00:00,Urban,Fine no high winds,No,16 - 20,1,Urban area,10,49,None,None,Other/Not known (2005-10),Approaching junction or waiting/parked at junction approach,MOTOR HISPANIA,RX 50 R,Petrol,Male,None,No tow/articulation,Offside,0,Waiting to go - held up,1,Motorcycle 50cc and under,No,Front,2010
201043P196070,Unclassified,134,NA,0,Slight,None,21-07-2010,Wednesday,1,Data missing or out of range,Not at junction or within 20 metres,51.857217,Daylight,450160,217880,-1.273079,E01028498,1,1,0,0,Dry,Single carriageway,None,60,13:10:00,Rural,Fine no high winds,No,16 - 20,1,Urban area,8,49,None,None,Other/Not known (2005-10),Not at or within 20 metres of junction,DERBI,GPR MALOSSI,Petrol,Male,Skidded,No tow/articulation,Did not leave carriageway,0,Slowing or stopping,1,Motorcycle 50cc and under,No,Nearside,2010
201043P231060,A,415,Unclassified,0,Slight,None,19-06-2010,Saturday,1,Give way or uncontrolled,T or staggered junction,51.669654,Daylight,447280,196990,-1.317732,E01028738,1,2,0,0,Dry,Single carriageway,None,60,14:39:00,Rural,Fine no high winds,No,16 - 20,1,Rural,8,1360,None,None,Other/Not known (2005-10),Mid Junction - on roundabout or on main road,PEUGEOT,207 S,Petrol,Male,None,No tow/articulation,Did not leave carriageway,0,Going ahead other,2,Car,No,Front,2010
201043R053080,Unclassified,7302,Unclassified,7302,Slight,None,09-08-2010,Monday,1,Give way or uncontrolled,T or staggered junction,51.504072,Daylight,500180,179340,-0.558008,E01016501,1,2,0,0,Dry,Single carriageway,None,30,17:52:00,Urban,Fine no high winds,No,16 - 20,1,Urban area,2,1399,None,None,Other/Not known (2005-10),Approaching junction or waiting/parked at junction approach,CHEVROLET,AVEO LT,Petrol,Male,None,No tow/articulation,Did not leave carriageway,0,Waiting to turn left,1,Car,No,Front,2010
201043R082050,Unclassified,7515,Unclassified,7515,Slight,None,15-05-2010,Saturday,1,Give way or uncontrolled,T or staggered junction,51.407237,Daylight,481830,168240,-0.824894,E01016697,1,2,0,0,Dry,Single carriageway,None,30,14:37:00,Urban,Fine no high winds,No,16 - 20,1,Urban area,6,125,None,None,Other/Not known (2005-10),Mid Junction - on roundabout or on main road,HONDA,CBF 125 M-9,Petrol,Male,None,No tow/articulation,Did not leave carriageway,0,Going ahead other,2,Motorcycle 125cc and under,No,Back,2010
201043R230020,Unclassified,7302,NA,0,Slight,None,27-02-2010,Saturday,1,Data missing or out of range,Not at junction or within 20 metres,51.513921,Daylight,495200,180340,-0.629467,E01016473,1,2,0,4,Wet or damp,Single carriageway,None,30,12:44:00,Urban,Fine no high winds,No,16 - 20,1,Urban area,3,49,None,None,Journey as part of work,Not at or within 20 metres of junction,PEUGEOT,LUDIX 50 PRO,Petrol,Male,None,No tow/articulation,Did not leave carriageway,0,Slowing or stopping,1,Motorcycle 50cc and under,No,Front,2010
201043S060100,A,421,NA,0,Slight,None,15-10-2010,Friday,1,Data missing or out of range,Not at junction or within 20 metres,52.013263,Daylight,485670,235720,-0.753128,E01016757,3,2,0,0,Dry,Single carriageway,None,60,18:00:00,Rural,Fine no high winds,No,16 - 20,1,Urban area,3,1248,None,None,Other/Not known (2005-10),Not at or within 20 metres of junction,FIAT,500 POP MULTIJET,Heavy oil,Male,None,No tow/articulation,Did not leave carriageway,0,Slowing or stopping,2,Car,No,Back,2010
201043S077070,Unclassified,1098,NA,0,Slight,None,01-07-2010,Thursday,2,Data missing or out of range,Not at junction or within 20 metres,52.044414,Daylight,485350,239180,-0.756928,E01016730,2,2,0,0,Dry,Single carriageway,None,30,16:30:00,Urban,Fine no high winds,No,16 - 20,1,Data missing or out of range,NA,1396,None,None,Other/Not known (2005-10),Not at or within 20 metres of junction,HYUNDAI,I30 COMFORT,Petrol,Male,None,No tow/articulation,Did not leave carriageway,0,Reversing,1,Car,No,Nearside,2010
201043W051070,A,4,Unclassified,7509,Slight,None,08-07-2010,Thursday,1,Give way or uncontrolled,Crossroads,51.463134,Daylight,475500,174360,-0.914582,E01016685,1,2,0,0,Dry,Single carriageway,None,30,17:08:00,Urban,Fine no high winds,No,16 - 20,1,Urban area,9,1390,None,None,Other/Not known (2005-10),Mid Junction - on roundabout or on main road,SEAT,IBIZA SE,Petrol,Male,Skidded,No tow/articulation,Offside,0,Overtaking moving vehicle - offside,2,Car,No,Offside,2010
201045EL50145,Unclassified,6864,NA,0,Slight,None,01-04-2010,Thursday,1,Data missing or out of range,Not at junction or within 20 metres,51.323991,Daylight,513300,159580,-0.37536,E01030345,1,1,0,0,Frost or ice,Single carriageway,None,40,07:20:00,Rural,Fine no high winds,No,16 - 20,1,Urban area,9,124,None,None,Journey as part of work,Not at or within 20 metres of junction,YAMAHA,YBR 125,Petrol,Male,None,No tow/articulation,Did not leave carriageway,0,Going ahead other,1,Motorcycle 125cc and under,No,Nearside,2010
201045GU50094,Unclassified,897,Unclassified,0,Slight,None,26-03-2010,Friday,1,Give way or uncontrolled,T or staggered junction,51.250767,Daylight,489890,150970,-0.713394,E01030432,3,3,0,0,Wet or damp,Dual carriageway,None,30,16:58:00,Urban,Fine no high winds,No,16 - 20,1,Urban area,4,2231,None,None,Journey as part of work,Cleared junction or waiting/parked at junction exit,TOYOTA,RAV4 XT3 D-4D,Heavy oil,Male,None,No tow/articulation,Did not leave carriageway,0,Going ahead other,1,Car,No,Front,2010
201045GU51683,A,3100,Unclassified,604,Slight,None,18-06-2010,Friday,1,Give way or uncontrolled,T or staggered junction,51.219827,Daylight,499220,147700,-0.580654,E01030478,3,4,0,0,Dry,Single carriageway,None,40,08:20:00,Rural,Fine no high winds,No,16 - 20,1,Urban area,10,1198,None,None,Journey as part of work,Approaching junction or waiting/parked at junction approach,VOLKSWAGEN,POLO MATCH 60,Petrol,Male,None,No tow/articulation,Did not leave carriageway,0,Waiting to go - held up,3,Car,No,Front,2010
201045GU53432,A,3,Unclassified,90,Slight,None,20-08-2010,Friday,1,Give way or uncontrolled,T or staggered junction,51.185048,Daylight,494380,143740,-0.650978,E01030472,2,3,0,0,Dry,Dual carriageway,None,70,13:10:00,Rural,Fine no high winds,No,16 - 20,1,Urban area,10,1390,None,None,Other/Not known (2005-10),Approaching junction or waiting/parked at junction approach,SEAT,IBIZA SE,Petrol,Male,None,No tow/articulation,Did not leave carriageway,0,Going ahead other,3,Car,No,Front,2010
201045MO50717,A,24,Unclassified,2813,Slight,None,28-04-2010,Wednesday,2,Give way or uncontrolled,T or staggered junction,51.227475,Daylight,517210,148930,-0.32276,E01030537,1,2,0,0,Dry,Single carriageway,None,50,15:00:00,Rural,Fine no high winds,No,16 - 20,1,Urban area,9,125,None,None,Other/Not known (2005-10),Entering from slip road,SHINERAY,XY 125 GY,Petrol,Male,None,No tow/articulation,Did not leave carriageway,0,Slowing or stopping,1,Motorcycle 125cc and under,No,Front,2010
201045RU55178,A,30,Unclassified,0,Slight,None,06-10-2010,Wednesday,1,Give way or uncontrolled,Roundabout,51.431819,Daylight,500590,171310,-0.554385,E01030672,2,2,0,0,Dry,Roundabout,None,30,15:00:00,Urban,Fine no high winds,No,16 - 20,1,Urban area,3,125,None,None,Commuting to/from work,Leaving roundabout,HONDA,CBF 125 M-9,Petrol,Male,None,No tow/articulation,Did not leave carriageway,0,Going ahead other,1,Motorcycle over 125cc and up to 500cc,No,Nearside,2010
201045SP53272,C,248,NA,0,Slight,None,25-06-2010,Friday,1,Data missing or out of range,Not at junction or within 20 metres,51.427079,Daylight,505410,170880,-0.485201,E01030740,2,1,0,0,Dry,Single carriageway,None,30,09:20:00,Urban,Fine no high winds,No,16 - 20,1,Urban area,6,49,None,None,Other/Not known (2005-10),Not at or within 20 metres of junction,PEUGEOT,SPEEDFIGHT,Petrol,Male,None,No tow/articulation,Did not leave carriageway,0,Going ahead other,1,Motorcycle 50cc and under,No,Did not impact,2010
201045SU51370,A,30,Unclassified,3517,Slight,None,19-06-2010,Saturday,1,Give way or uncontrolled,T or staggered junction,51.337366,Daylight,486810,160550,-0.755188,E01030795,2,3,0,0,Dry,Single carriageway,None,50,14:20:00,Urban,Fine no high winds,No,16 - 20,1,Urban area,10,1329,None,None,Other/Not known (2005-10),Approaching junction or waiting/parked at junction approach,TOYOTA,AURIS TR STOPSTART VVT-I,Petrol,Male,None,No tow/articulation,Did not leave carriageway,9,Overtaking - nearside,1,Car,No,Front,2010
201045SU52548,Motorway,3,NA,0,Slight,None,07-07-2010,Wednesday,1,Data missing or out of range,Not at junction or within 20 metres,51.363532,Daylight,494660,163600,-0.641718,E01030811,2,2,0,0,Dry,Dual carriageway,None,70,15:36:00,Rural,Fine no high winds,No,16 - 20,1,Rural,10,1896,None,None,Other/Not known (2005-10),Not at or within 20 metres of junction,VOLKSWAGEN,GOLF BLUEMOTION TDI,Heavy oil,Male,Skidded,No tow/articulation,Did not leave carriageway,0,Going ahead other,2,Car,No,Offside,2010
201045SU53220,A,319,NA,0,Slight,None,16-08-2010,Monday,1,Data missing or out of range,Not at junction or within 20 metres,51.346925,Daylight,496660,161790,-0.613491,E01030764,1,2,0,0,Dry,Single carriageway,None,40,18:35:00,Rural,Fine no high winds,No,16 - 20,1,Urban area,9,125,None,None,Other/Not known (2005-10),Not at or within 20 metres of junction,JONWAY,,Petrol,Male,Skidded,No tow/articulation,Did not leave carriageway,0,Going ahead other,2,Motorcycle 50cc and under,No,Front,2010
201045SU54529,A,325,Unclassified,3462,Slight,None,17-09-2010,Friday,1,Give way or uncontrolled,T or staggered junction,51.321969,Daylight,488140,158860,-0.736518,E01030791,1,2,0,0,Dry,Single carriageway,None,40,15:14:00,Urban,Fine no high winds,No,16 - 20,1,Urban area,8,125,None,None,Other/Not known (2005-10),Approaching junction or waiting/parked at junction approach,APRILIA,RS 125 FP 08,Petrol,Male,None,No tow/articulation,Did not leave carriageway,0,Slowing or stopping,2,Motorcycle 125cc and under,No,Front,2010
201045TA52440,A,25,Unclassified,381,Slight,None,21-07-2010,Wednesday,1,Give way or uncontrolled,Crossroads,51.237406,Daylight,529490,150330,-0.146479,E01030612,1,2,0,0,Wet or damp,Single carriageway,None,40,08:40:00,Rural,Fine no high winds,No,16 - 20,1,Rural,8,125,None,None,Journey as part of work,Cleared junction or waiting/parked at junction exit,APRILIA,RS 125 11KW 08,Petrol,Male,Skidded,No tow/articulation,Did not leave carriageway,0,Slowing or stopping,1,Motorcycle over 125cc and up to 500cc,No,Offside,2010
201050AY2E003,C,99,NA,0,Slight,None,16-06-2010,Wednesday,2,Data missing or out of range,Not at junction or within 20 metres,50.152402,Daylight,158590,33520,-5.380876,E01019007,1,2,0,0,Dry,Single carriageway,None,60,20:28:00,Rural,Fine no high winds,No,16 - 20,1,Rural,4,6788,None,None,Journey as part of work,Not at or within 20 metres of junction,CLAAS,,Heavy oil,Male,None,No tow/articulation,Did not leave carriageway,0,Going ahead right-hand bend,2,Agricultural vehicle,No,Back,2010
201050CD3D018,Unclassified,0,Unclassified,0,Slight,None,15-05-2010,Saturday,2,Give way or uncontrolled,Roundabout,51.01898,Daylight,245480,126720,-4.20448,E01020282,1,3,0,1,Dry,Single carriageway,None,20,20:35:00,Urban,Fine no high winds,No,16 - 20,1,Urban area,6,1349,None,None,Other/Not known (2005-10),Approaching junction or waiting/parked at junction approach,MAZDA,2 TAMURA,Petrol,Male,None,No tow/articulation,Did not leave carriageway,0,Waiting to go - held up,3,Car,No,Back,2010
201050DE2R042,Unclassified,0,Unclassified,0,Slight,None,13-11-2010,Saturday,2,Give way or uncontrolled,T or staggered junction,50.70802,Daylight,291310,90960,-3.540728,E01019973,1,2,0,0,Dry,Single carriageway,None,30,14:10:00,Urban,Fine no high winds,No,16 - 20,1,Urban area,7,996,None,None,Other/Not known (2005-10),Entering main road,SUZUKI,ALTO SZ3,Petrol,Male,None,No tow/articulation,Did not leave carriageway,5,Turning left,1,Car,No,Nearside,2010
201050EL2D003,B,3214,Unclassified,0,Slight,None,20-01-2010,Wednesday,1,Give way or uncontrolled,T or staggered junction,50.381777,Daylight,249000,55710,-4.125278,E01015061,1,2,0,0,Dry,One way street,None,30,15:18:00,Urban,Fine no high winds,No,16 - 20,1,Rural,9,124,None,None,Commuting to/from work,Approaching junction or waiting/parked at junction approach,YAMAHA,YZF R125,Petrol,Male,Skidded,No tow/articulation,Did not leave carriageway,0,Going ahead other,2,Motorcycle 125cc and under,No,Front,2010
201050FP2D015,A,379,Unclassified,0,Slight,None,12-08-2010,Thursday,1,Data missing or out of range,Other junction,50.419579,Daylight,289140,58920,-3.561897,E01015222,2,3,0,0,Dry,Dual carriageway,None,30,19:30:00,Urban,Fine no high winds,No,16 - 20,1,Urban area,4,998,None,None,Other/Not known (2005-10),Approaching junction or waiting/parked at junction approach,TOYOTA,AYGO BLUE VVT-I,Petrol,Male,None,No tow/articulation,Did not leave carriageway,0,Going ahead other,1,Car,No,Front,2010
201050JN2K007,A,381,NA,0,Slight,None,11-03-2010,Thursday,1,Not at junction or within 20 metres,Not at junction or within 20 metres,50.545828,Daylight,288360,72980,-3.577074,E01020251,1,2,0,0,Dry,Single carriageway,None,60,14:57:00,Rural,Fine no high winds,No,16 - 20,1,Urban area,2,124,None,None,Other/Not known (2005-10),Not at or within 20 metres of junction,YAMAHA,XC 125 E VITY,Petrol,Male,None,No tow/articulation,Did not leave carriageway,0,Going ahead other,1,Motorcycle 50cc and under,No,Front,2010
201050KH3D001,Unclassified,0,NA,0,Slight,None,20-04-2010,Tuesday,2,Not at junction or within 20 metres,Not at junction or within 20 metres,50.806528,Daylight,308920,101580,-3.294028,E01019960,1,2,0,0,Dry,Single carriageway,None,30,13:00:00,Rural,Fine no high winds,No,16 - 20,1,Data missing or out of range,NA,124,None,None,Other/Not known (2005-10),Not at or within 20 metres of junction,YAMAHA,YZF R125,Petrol,Male,None,No tow/articulation,Did not leave carriageway,0,Going ahead other,2,Motorcycle over 125cc and up to 500cc,No,Did not impact,2010
201050KH3D002,Unclassified,0,NA,0,Slight,None,14-06-2010,Monday,2,Not at junction or within 20 metres,Not at junction or within 20 metres,50.80203,Daylight,308900,101080,-3.294188,E01019960,1,2,0,0,Dry,Single carriageway,None,30,10:12:00,Rural,Fine no high winds,No,16 - 20,1,Rural,5,124,None,None,Other/Not known (2005-10),Not at or within 20 metres of junction,YAMAHA,YZF R125,Petrol,Male,None,No tow/articulation,Did not leave carriageway,0,Going ahead left-hand bend,2,Motorcycle over 125cc and up to 500cc,No,Front,2010
201054DC05310,A,3102,A,4289,Slight,None,24-02-2010,Wednesday,2,Give way or uncontrolled,Mini-roundabout,51.554665,Daylight,414020,184000,-1.79919,E01015478,1,2,0,0,Wet or damp,Roundabout,None,30,09:00:00,Urban,Fine no high winds,No,16 - 20,1,Urban area,1,124,None,None,Commuting to/from work,Entering roundabout,YAMAHA,YZF R125,Petrol,Male,None,No tow/articulation,Did not leave carriageway,0,Going ahead other,1,Motorcycle 125cc and under,No,Back,2010
2010550C30773,A,341,A,348,Slight,None,18-07-2010,Sunday,1,Give way or uncontrolled,Roundabout,50.769523,Daylight,405760,96670,-1.919704,E01015302,1,2,0,0,Dry,Roundabout,None,30,20:40:00,Urban,Fine no high winds,No,16 - 20,1,Urban area,10,49,None,None,Other/Not known (2005-10),Mid Junction - on roundabout or on main road,PIAGGIO,NRG,Petrol,Male,None,No tow/articulation,Did not leave carriageway,0,Going ahead other,1,Motorcycle 50cc and under,No,Nearside,2010
2010550C34857,B,3065,Unclassified,0,Slight,None,11-08-2010,Wednesday,1,Give way or uncontrolled,T or staggered junction,50.707386,Daylight,405350,89760,-1.925617,E01015404,1,2,0,0,Dry,Single carriageway,None,30,17:44:00,Urban,Fine no high winds,No,16 - 20,1,Urban area,4,1198,None,None,Other/Not known (2005-10),Mid Junction - on roundabout or on main road,VOLKSWAGEN,POLO S 70,Petrol,Male,None,No tow/articulation,Did not leave carriageway,0,Going ahead other,1,Car,No,Front,2010
2010550C36208,A,3049,Unclassified,0,Slight,None,19-08-2010,Thursday,1,Give way or uncontrolled,T or staggered junction,50.73954,Daylight,408700,93340,-1.87809,E01015346,1,2,0,0,Dry,Single carriageway,None,30,18:10:00,Urban,Fine no high winds,No,16 - 20,1,Urban area,7,1368,None,None,Other/Not known (2005-10),Mid Junction - on roundabout or on main road,FIAT,GRANDE PUNTO DYNAMIC,Petrol,Male,None,No tow/articulation,Did not leave carriageway,0,Overtaking static vehicle - offside,2,Car,No,Offside,2010
2010550D25960,A,31,C,50,Slight,None,20-06-2010,Sunday,1,Give way or uncontrolled,Roundabout,50.802178,Daylight,404410,100300,-1.938806,E01020407,1,2,0,0,Dry,Roundabout,None,40,15:30:00,Urban,Fine no high winds,No,16 - 20,1,Urban area,5,124,None,None,Other/Not known (2005-10),Mid Junction - on roundabout or on main road,MOTOR HISPANIA,RX 125 R,Petrol,Male,None,No tow/articulation,Did not leave carriageway,0,Going ahead other,2,Motorcycle 125cc and under,No,Back,2010