Accident_Index,1st_Road_Class,1st_Road_Number,2nd_Road_Class,2nd_Road_Number,Accident_Severity,Carriageway_Hazards,Date,Day_of_Week,Did_Police_Officer_Attend_Scene_of_Accident,Junction_Control,Junction_Detail,Latitude,Light_Conditions,Location_Easting_OSGR,Location_Northing_OSGR,Longitude,LSOA_of_Accident_Location,Number_of_Casualties,Number_of_Vehicles,Pedestrian_Crossing-Human_Control,Pedestrian_Crossing-Physical_Facilities,Road_Surface_Conditions,Road_Type,Special_Conditions_at_Site,Speed_limit,Time,Urban_or_Rural_Area,Weather_Conditions,InScotland,Age_Band_of_Driver,Age_of_Vehicle,Driver_Home_Area_Type,Driver_IMD_Decile,Engine_Capacity_.CC.,Hit_Object_in_Carriageway,Hit_Object_off_Carriageway,Journey_Purpose_of_Driver,Junction_Location,make,model,Propulsion_Code,Sex_of_Driver,Skidding_and_Overturning,Towing_and_Articulation,Vehicle_Leaving_Carriageway,Vehicle_Location.Restricted_Lane,Vehicle_Manoeuvre,Vehicle_Reference,Vehicle_Type,Was_Vehicle_Left_Hand_Drive,X1st_Point_of_Impact,Year
2010550D30281,A,354,NA,0,Slight,None,13-07-2010,Tuesday,2,Not at junction or within 20 metres,Not at junction or within 20 metres,50.624352,Daylight,366780,80630,-2.471022,E01020574,1,2,0,0,Dry,Single carriageway,None,50,16:30:00,Rural,Fine no high winds,No,16 - 20,1,Urban area,6,124,None,None,Other/Not known (2005-10),Not at or within 20 metres of junction,YAMAHA,YZF R125,Petrol,Male,None,No tow/articulation,Did not leave carriageway,0,Overtaking moving vehicle - offside,2,Motorcycle 125cc and under,No,Nearside,2010
201060L005775,A,525,Unclassified,0,Slight,None,10-01-2010,Sunday,1,Give way or uncontrolled,Roundabout,53.303585,Daylight,302350,379520,-3.466865,W01000223,3,2,0,0,Frost or ice,Slip road,None,30,16:10:00,Urban,Fine no high winds,No,16 - 20,1,Urban area,NA,1995,None,None,Other/Not known (2005-10),Leaving roundabout,BMW,118D SPORT,Heavy oil,Male,None,No tow/articulation,Did not leave carriageway,0,Slowing or stopping,2,Car,No,Back,2010
201060L044269,Unclassified,0,Unclassified,0,Slight,None,15-03-2010,Monday,1,Give way or uncontrolled,T or staggered junction,53.184272,Daylight,304450,366200,-3.431362,W01000199,1,2,0,0,Dry,Single carriageway,None,30,17:25:00,Rural,Fine no high winds,No,16 - 20,1,Small town,NA,125,None,None,Other/Not known (2005-10),Approaching junction or waiting/parked at junction approach,KYMCO,AGILITY RS 125,Petrol,Male,Skidded,No tow/articulation,Did not leave carriageway,0,Overtaking static vehicle - offside,2,Motorcycle 125cc and under,No,Front,2010
201060L059559,A,55,NA,0,Slight,None,08-04-2010,Thursday,1,Data missing or out of range,Not at junction or within 20 metres,53.188316,Daylight,329130,366220,-3.062113,W01000286,1,1,0,0,Dry,Single carriageway,None,60,15:11:00,Rural,Fine no high winds,No,16 - 20,1,Urban area,8,124,None,None,Other/Not known (2005-10),Not at or within 20 metres of junction,YAMAHA,YZF R125,Petrol,Male,None,No tow/articulation,Did not leave carriageway,0,Going ahead left-hand bend,1,Motorcycle 125cc and under,No,Front,2010
201060L064590,Unclassified,0,NA,0,Slight,None,15-04-2010,Thursday,1,Data missing or out of range,Not at junction or within 20 metres,53.139235,Daylight,277200,361810,-3.837266,W01000185,1,1,0,0,Dry,Single carriageway,None,60,19:30:00,Rural,Fine no high winds,No,16 - 20,1,Urban area,NA,1229,None,Entered ditch,Other/Not known (2005-10),Not at or within 20 metres of junction,VAUXHALL,CORSA SXI INTOUCH,Petrol,Male,Skidded,No tow/articulation,Offside,0,Going ahead other,1,Car,No,Front,2010
201060L069469,Unclassified,0,NA,0,Slight,None,23-04-2010,Friday,1,Data missing or out of range,Not at junction or within 20 metres,53.413377,Daylight,237180,393530,-4.451278,W01000018,1,1,0,0,Dry,Single carriageway,None,30,11:28:00,Rural,Fine no high winds,No,16 - 20,1,Small town,NA,1560,None,Other permanent object,Other/Not known (2005-10),Not at or within 20 metres of junction,CITROEN,C4 GRAND PICASSO VTR+ HDI S,Heavy oil,Male,None,No tow/articulation,Offside,0,Going ahead other,1,Car,No,Front,2010
201060L179390,Unclassified,0,NA,0,Slight,None,25-09-2010,Saturday,1,Data missing or out of range,Not at junction or within 20 metres,53.181501,Daylight,332700,365410,-3.008523,W01000311,1,2,0,0,Dry,Single carriageway,None,60,15:20:00,Rural,Fine no high winds,No,16 - 20,1,Urban area,NA,124,None,Other permanent object,Journey as part of work,Not at or within 20 metres of junction,SUZUKI,,Petrol,Male,None,No tow/articulation,Nearside,0,Going ahead other,1,Motorcycle 125cc and under,No,Front,2010
201001HT20320,A,13,Unclassified,0,Slight,None,18-05-2010,Tuesday,2,Auto traffic signal,Crossroads,51.512867,Daylight,535970,181150,-0.041926,E01004299,1,2,0,5,Dry,Single carriageway,None,30,09:46:00,Urban,Fine no high winds,No,16 - 20,1,Urban area,3,1596,None,None,Other/Not known (2005-10),Mid Junction - on roundabout or on main road,FORD,FOCUS STYLE 100,Petrol,Male,None,No tow/articulation,Did not leave carriageway,0,Moving off,1,Car,No,Front,2010
201001JC30313,A,112,Unclassified,0,Slight,None,06-06-2010,Sunday,2,Give way or uncontrolled,T or staggered junction,51.562069,Daylight,538000,186680,-0.010524,E01004429,1,2,0,0,Dry,Single carriageway,None,30,18:55:00,Urban,Fine no high winds,No,16 - 20,1,Urban area,3,49,None,None,Journey as part of work,Approaching junction or waiting/parked at junction approach,PEUGEOT,LUDIX 50 PRO,Petrol,Male,None,No tow/articulation,Did not leave carriageway,0,Overtaking - nearside,2,Motorcycle 50cc and under,No,Nearside,2010
201001JI40231,Unclassified,0,A,12,Slight,None,02-04-2010,Friday,1,Give way or uncontrolled,T or staggered junction,51.575718,Daylight,545200,188400,0.093985,E01003641,2,4,0,0,Dry,Single carriageway,None,30,16:21:00,Urban,Fine no high winds,No,16 - 20,1,Data missing or out of range,NA,1368,None,None,Other/Not known (2005-10),Mid Junction - on roundabout or on main road,ALFA ROMEO,MITO LUSSO T 120,Petrol,Male,None,No tow/articulation,Did not leave carriageway,0,Slowing or stopping,1,Car,No,Front,2010
201001KD50274,B,174,NA,0,Slight,None,20-05-2010,Thursday,1,Data missing or out of range,Not at junction or within 20 metres,51.598608,Daylight,549750,191080,0.160739,E01002326,2,2,0,0,Dry,Single carriageway,None,30,08:30:00,Urban,Fine no high winds,No,16 - 20,1,Urban area,5,1596,None,None,Taking pupil to/from school,Not at or within 20 metres of junction,FORD,FOCUS ZETEC 100,Petrol,Male,None,No tow/articulation,Did not leave carriageway,0,Waiting to go - held up,1,Car,No,Back,2010
201001KG70007,C,0,C,0,Slight,None,01-01-2010,Friday,1,Give way or uncontrolled,Mini-roundabout,51.538691,Daylight,547650,184350,0.127615,E01000057,2,2,0,1,Dry,Roundabout,None,30,14:15:00,Urban,Fine no high winds,No,16 - 20,1,Urban area,1,1591,None,None,Other/Not known (2005-10),Mid Junction - on roundabout or on main road,KIA,CEE'D LS,Petrol,Male,None,No tow/articulation,Did not leave carriageway,0,Turning right,1,Car,No,Front,2010
201001PL60460,A,20,A,21,Slight,None,17-06-2010,Thursday,1,Auto traffic signal,T or staggered junction,51.462783,Daylight,538320,175640,-0.010239,E01003199,1,2,0,5,Dry,Dual carriageway,None,30,10:45:00,Urban,Fine no high winds,No,16 - 20,1,Urban area,2,50,None,None,Other/Not known (2005-10),Approaching junction or waiting/parked at junction approach,JINLUN,JL 50 QT-5,Petrol,Male,None,No tow/articulation,Did not leave carriageway,0,Changing lane to right,1,Motorcycle 50cc and under,No,Back,2010
201001PL60718,A,20,Unclassified,0,Slight,None,04-10-2010,Monday,1,Give way or uncontrolled,T or staggered junction,51.467588,Daylight,537410,176150,-0.023132,E01003211,1,2,0,0,Wet or damp,Single carriageway,None,30,09:30:00,Urban,Fine no high winds,No,16 - 20,1,Urban area,3,124,None,None,Commuting to/from work,Mid Junction - on roundabout or on main road,YAMAHA,YZF R125,Petrol,Male,None,No tow/articulation,Did not leave carriageway,0,Going ahead other,2,Motorcycle 125cc and under,No,Front,2010
201001PY20116,Unclassified,0,NA,0,Slight,None,08-03-2010,Monday,1,Data missing or out of range,Not at junction or within 20 metres,51.388262,Daylight,537680,167330,-0.022673,E01000775,1,1,0,0,Dry,Single carriageway,None,30,15:30:00,Urban,Fine no high winds,No,16 - 20,1,Urban area,9,124,None,None,Other/Not known (2005-10),Not at or within 20 metres of junction,YAMAHA,YZF R125,Petrol,Male,None,No tow/articulation,Did not leave carriageway,0,Going ahead other,1,Motorcycle 125cc and under,No,Front,2010
201001PY20386,Unclassified,0,NA,0,Slight,None,24-06-2010,Thursday,1,Data missing or out of range,Not at junction or within 20 metres,51.409875,Daylight,546820,169990,0.109693,E01000735,1,2,0,0,Dry,Single carriageway,None,30,20:00:00,Urban,Fine no high winds,No,16 - 20,1,Urban area,3,100,None,None,Other/Not known (2005-10),Not at or within 20 metres of junction,PEUGEOT,SPEEDFIGHT 100,Petrol,Male,None,No tow/articulation,Did not leave carriageway,0,Going ahead other,1,Motorcycle 125cc and under,No,Front,2010
201001RY10228,A,222,A,222,Slight,None,14-05-2010,Friday,1,Auto traffic signal,T or staggered junction,51.435369,Daylight,546220,172810,0.102235,E01000462,1,2,0,5,Dry,Single carriageway,None,30,16:00:00,Urban,Fine no high winds,No,16 - 20,1,Urban area,2,1596,None,None,Other/Not known (2005-10),Approaching junction or waiting/parked at junction approach,FORD,FOCUS ZETEC 100,Petrol,Male,None,No tow/articulation,Did not leave carriageway,0,Going ahead other,1,Car,No,Back,2010
201001RY10434,A,207,A,223,Slight,None,19-10-2010,Tuesday,1,Give way or uncontrolled,T or staggered junction,51.451995,Daylight,551010,174800,0.171944,E01000378,1,2,0,0,Dry,Single carriageway,None,30,11:27:00,Urban,Fine no high winds,No,16 - 20,1,Urban area,3,656,None,None,Other/Not known (2005-10),Mid Junction - on roundabout or on main road,SUZUKI,GSX 650 FK9,Petrol,Male,None,No tow/articulation,Did not leave carriageway,0,Going ahead other,2,Motorcycle over 500cc,No,Front,2010
201001SX21091,Unclassified,0,Unclassified,0,Slight,None,14-10-2010,Thursday,1,Give way or uncontrolled,T or staggered junction,51.564477,Daylight,523740,186580,-0.216171,E01000223,1,2,0,0,Dry,Single carriageway,None,30,15:30:00,Urban,Fine no high winds,No,16 - 20,1,Urban area,4,125,None,None,Other/Not known (2005-10),Mid Junction - on roundabout or on main road,APRILIA,RS 125 11KW 08,Petrol,Male,None,No tow/articulation,Did not leave carriageway,0,Going ahead other,2,Motorcycle 125cc and under,No,Did not impact,2010
201001SX21302,A,41,Unclassified,0,Slight,None,21-11-2010,Sunday,1,Auto traffic signal,T or staggered junction,51.590126,Daylight,522340,189400,-0.235377,E01000239,1,2,0,5,Dry,Dual carriageway,None,30,09:27:00,Urban,Fine no high winds,No,16 - 20,1,Urban area,2,49,None,None,Other/Not known (2005-10),Approaching junction or waiting/parked at junction approach,PIAGGIO,ZIP 50 2T,Petrol,Male,None,No tow/articulation,Did not leave carriageway,0,Moving off,2,Motorcycle 50cc and under,No,Offside,2010
201001TW60199,A,305,Unclassified,0,Slight,None,21-06-2010,Monday,1,Give way or uncontrolled,Private drive or entrance,51.455443,Daylight,517490,174300,-0.310387,E01003893,1,2,0,4,Dry,Single carriageway,None,30,17:45:00,Urban,Fine no high winds,No,16 - 20,1,Urban area,7,124,None,None,Commuting to/from work,Mid Junction - on roundabout or on main road,YAMAHA,YZF R125,Petrol,Male,Skidded,No tow/articulation,Did not leave carriageway,0,Going ahead other,1,Motorcycle 125cc and under,No,Front,2010
201001TX20608,A,406,Unclassified,0,Slight,None,22-09-2010,Wednesday,1,Give way or uncontrolled,Private drive or entrance,51.494876,Daylight,519320,178730,-0.282566,E01002691,1,2,0,0,Dry,Single carriageway,None,40,13:09:00,Urban,Fine no high winds,No,16 - 20,1,Urban area,6,849,None,None,Other/Not known (2005-10),Mid Junction - on roundabout or on main road,DUCATI,848,Petrol,Male,Skidded,No tow/articulation,Did not leave carriageway,0,Going ahead other,2,Motorcycle over 125cc and up to 500cc,No,Front,2010
201001VK30179,A,243,B,280,Slight,None,27-05-2010,Thursday,1,Auto traffic signal,Crossroads,51.341169,Daylight,517240,161580,-0.318182,E01002948,1,2,0,0,Dry,Single carriageway,None,30,18:03:00,Rural,Fine no high winds,No,16 - 20,1,Urban area,9,599,None,None,Other/Not known (2005-10),Mid Junction - on roundabout or on main road,HONDA,CB 600 FA-9,Petrol,Male,None,No tow/articulation,Did not leave carriageway,0,Turning right,1,Motorcycle over 500cc,No,Nearside,2010
201001VK30296,A,2043,Unclassified,0,Slight,None,22-09-2010,Wednesday,1,Give way or uncontrolled,Private drive or entrance,51.40188,Daylight,520470,168410,-0.269518,E01002927,1,2,0,0,Dry,Single carriageway,None,30,08:37:00,Urban,Fine no high winds,No,16 - 20,1,Urban area,4,124,None,None,Other/Not known (2005-10),Mid Junction - on roundabout or on main road,YAMAHA,YBR 125,Petrol,Male,None,No tow/articulation,Did not leave carriageway,0,Going ahead other,1,Motorcycle 125cc and under,No,Offside,2010
201001WW50311,A,214,C,0,Slight,None,03-05-2010,Monday,2,Give way or uncontrolled,T or staggered junction,51.432185,Daylight,528580,171980,-0.151697,E01004482,1,2,0,4,Dry,Single carriageway,None,30,17:22:00,Urban,Fine no high winds,No,16 - 20,1,Urban area,7,124,None,None,Other/Not known (2005-10),Mid Junction - on roundabout or on main road,YAMAHA,YZF R125,Petrol,Male,None,No tow/articulation,Did not leave carriageway,0,Going ahead other,1,Motorcycle 125cc and under,No,Front,2010
201001WW50696,A,24,Unclassified,0,Slight,None,18-09-2010,Saturday,1,Give way or uncontrolled,Private drive or entrance,51.44025,Daylight,528290,172870,-0.155545,E01004548,1,2,0,4,Dry,Single carriageway,None,30,16:02:00,Urban,Fine no high winds,No,16 - 20,1,Urban area,8,124,None,None,Other/Not known (2005-10),Mid Junction - on roundabout or on main road,APRILIA,SPORT CITY CUBE 125,Petrol,Male,None,No tow/articulation,Did not leave carriageway,4,Overtaking - nearside,2,Motorcycle 125cc and under,No,Front,2010
201001XD80664,A,40,Unclassified,0,Slight,None,10-09-2010,Friday,1,Give way or uncontrolled,T or staggered junction,51.527567,Daylight,519010,182360,-0.285805,E01001278,1,2,0,0,Dry,Dual carriageway,None,40,15:15:00,Urban,Fine no high winds,No,16 - 20,1,Urban area,4,124,None,None,Journey as part of work,Cleared junction or waiting/parked at junction exit,YAMAHA,YZF R125,Petrol,Male,None,No tow/articulation,Did not leave carriageway,0,Going ahead other,1,Motorcycle 125cc and under,No,Nearside,2010
201001XH30626,A,4180,Unclassified,0,Slight,None,21-09-2010,Tuesday,1,Give way or uncontrolled,T or staggered junction,51.560817,Daylight,510170,185860,-0.412089,E01002494,1,1,0,0,Dry,Single carriageway,None,30,18:22:00,Urban,Fine no high winds,No,16 - 20,1,Urban area,5,125,None,None,Commuting to/from work,Mid Junction - on roundabout or on main road,HONDA,CBF 125 M-9,Petrol,Male,None,No tow/articulation,Did not leave carriageway,0,Turning left,1,Motorcycle 125cc and under,No,Front,2010
201001YE80278,A,406,Unclassified,0,Slight,None,11-04-2010,Sunday,1,Give way or uncontrolled,Slip road,51.615419,Daylight,532880,192480,-0.082149,E01001562,2,4,0,0,Dry,Dual carriageway,None,50,13:56:00,Urban,Fine no high winds,No,16 - 20,1,Urban area,1,1798,None,None,Other/Not known (2005-10),Mid Junction - on roundabout or on main road,AUDI,A5 T FSI SPORT 6SP,Petrol,Male,None,No tow/articulation,Did not leave carriageway,0,Going ahead other,2,Car,No,Front,2010
201001YE80508,Unclassified,0,NA,0,Slight,None,10-07-2010,Saturday,1,Data missing or out of range,Not at junction or within 20 metres,51.629118,Daylight,531180,193960,-0.106135,E01001568,1,2,0,0,Dry,Single carriageway,None,30,17:00:00,Urban,Fine no high winds,No,16 - 20,1,Urban area,4,125,None,None,Journey as part of work,Not at or within 20 metres of junction,HONDA,ANF 125-7,Petrol,Male,None,No tow/articulation,Did not leave carriageway,0,Going ahead other,1,Motorcycle 125cc and under,No,Front,2010
201001YE80599,C,0,NA,0,Slight,None,22-08-2010,Sunday,1,Data missing or out of range,Not at junction or within 20 metres,51.671266,Daylight,534220,198730,-0.060411,E01001412,4,2,0,0,Dry,Single carriageway,None,30,18:00:00,Rural,Fine no high winds,No,16 - 20,1,Urban area,6,1149,None,None,Other/Not known (2005-10),Not at or within 20 metres of junction,RENAULT,CLIO DYNAMIQUE 16V,Petrol,Male,None,No tow/articulation,Did not leave carriageway,0,Going ahead other,1,Car,No,Front,2010
201001ZD30289,B,273,Unclassified,0,Slight,None,06-04-2010,Tuesday,1,Give way or uncontrolled,T or staggered junction,51.413505,Daylight,531270,169970,-0.113766,E01001083,1,2,0,8,Dry,Single carriageway,None,30,08:59:00,Urban,Fine no high winds,No,16 - 20,1,Urban area,4,124,None,None,Other/Not known (2005-10),Mid Junction - on roundabout or on main road,YAMAHA,YZF R125,Petrol,Male,None,No tow/articulation,Did not leave carriageway,0,Overtaking moving vehicle - offside,1,Motorcycle 125cc and under,No,Nearside,2010
201001ZD30450,C,0,NA,0,Slight,None,10-06-2010,Thursday,1,Data missing or out of range,Not at junction or within 20 metres,51.353074,Daylight,537520,163410,-0.026487,E01001065,1,2,0,4,Dry,Single carriageway,None,30,12:45:00,Rural,Fine no high winds,No,16 - 20,1,Data missing or out of range,NA,49,None,None,Other/Not known (2005-10),Not at or within 20 metres of junction,DERBI,GPR 50,Petrol,Male,Skidded,No tow/articulation,Did not leave carriageway,0,Going ahead other,1,Motorcycle 50cc and under,No,Front,2010
201001ZD30647,A,23,Unclassified,0,Slight,None,07-08-2010,Saturday,1,Give way or uncontrolled,Private drive or entrance,51.332281,Daylight,530800,160920,-0.123849,E01001074,1,2,0,0,Dry,Single carriageway,None,30,18:57:00,Urban,Fine no high winds,No,16 - 20,1,Urban area,4,125,None,None,Other/Not known (2005-10),Mid Junction - on roundabout or on main road,HONDA,ANF 125-7,Petrol,Male,None,No tow/articulation,Did not leave carriageway,2,Going ahead other,1,Motorcycle 125cc and under,No,Front,2010
201001ZD30931,Unclassified,0,NA,0,Slight,None,20-10-2010,Wednesday,2,Data missing or out of range,Not at junction or within 20 metres,51.377384,Daylight,534700,166040,-0.065964,E01000985,1,2,0,0,Dry,Single carriageway,None,30,16:30:00,Urban,Fine no high winds,No,16 - 20,1,Urban area,3,49,None,None,Other/Not known (2005-10),Not at or within 20 metres of junction,PIAGGIO,TYPHOON 50,Petrol,Male,None,No tow/articulation,Did not leave carriageway,0,Going ahead other,1,Motorcycle 50cc and under,No,Nearside,2010
201001ZT80199,C,0,C,0,Slight,None,17-06-2010,Thursday,1,Give way or uncontrolled,Crossroads,51.347432,Daylight,524970,162460,-0.20695,E01004113,1,2,0,0,Dry,Single carriageway,None,30,16:10:00,Urban,Fine no high winds,No,16 - 20,1,Urban area,10,1360,None,None,Other/Not known (2005-10),Mid Junction - on roundabout or on main road,PEUGEOT,207 VERVE,Petrol,Male,None,No tow/articulation,Did not leave carriageway,0,Going ahead other,2,Car,No,Front,2010
201001ZT80384,A,24,NA,0,Slight,None,19-11-2010,Friday,2,Data missing or out of range,Not at junction or within 20 metres,51.377856,Daylight,523940,165820,-0.220562,E01004131,2,2,0,0,Dry,Single carriageway,None,30,15:30:00,Urban,Fine no high winds,No,16 - 20,1,Urban area,6,1596,None,None,Other/Not known (2005-10),Not at or within 20 metres of junction,FORD,FOCUS ZETEC 100,Petrol,Male,None,No tow/articulation,Did not leave carriageway,0,Going ahead other,2,Car,No,Front,2010
201004AN10099,B,5266,NA,0,Slight,None,11-09-2010,Saturday,1,Data missing or out of range,Not at junction or within 20 metres,53.82479,Daylight,333300,436980,-3.014793,E01012722,1,2,0,0,Dry,Single carriageway,None,30,18:10:00,Urban,Fine no high winds,No,16 - 20,1,Urban area,1,124,None,None,Journey as part of work,Not at or within 20 metres of junction,YAMAHA,XC 125 E VITY,Petrol,Male,None,No tow/articulation,Did not leave carriageway,0,Going ahead other,1,Motorcycle 125cc and under,No,Front,2010
201004BC10189,B,5268,Unclassified,0,Slight,None,26-08-2010,Thursday,1,Give way or uncontrolled,T or staggered junction,53.911016,Daylight,332260,446590,-3.032715,E01025578,1,2,0,0,Dry,Single carriageway,None,30,17:50:00,Urban,Fine no high winds,No,16 - 20,1,Urban area,2,124,None,Telegraph or electricity pole,Other/Not known (2005-10),Leaving main road,YAMAHA,YZF R125,Petrol,Male,None,No tow/articulation,Offside,0,Overtaking static vehicle - offside,1,Motorcycle 125cc and under,No,Front,2010
201004CK10084,A,570,NA,0,Slight,None,22-05-2010,Saturday,1,Data missing or out of range,Not at junction or within 20 metres,53.628525,Daylight,336240,415100,-2.96562,E01025514,1,4,0,0,Dry,Single carriageway,None,40,15:10:00,Urban,Fine no high winds,No,16 - 20,1,Urban area,9,1229,None,None,Other/Not known (2005-10),Not at or within 20 metres of junction,VAUXHALL,CORSA ACTIVE,Petrol,Male,None,No tow/articulation,Did not leave carriageway,0,Slowing or stopping,1,Car,No,Front,2010
201004CL10031,Unclassified,0,NA,0,Slight,None,14-04-2010,Wednesday,1,Data missing or out of range,Not at junction or within 20 metres,53.702985,Daylight,353720,423180,-2.70253,E01025421,1,3,0,0,Dry,Single carriageway,None,20,18:37:00,Urban,Fine no high winds,No,16 - 20,1,Urban area,2,125,None,None,Other/Not known (2005-10),Not at or within 20 metres of junction,SHINERAY,XY 125 GY,Petrol,Male,None,No tow/articulation,Did not leave carriageway,0,Going ahead other,2,Motorcycle over 125cc and up to 500cc,No,Nearside,2010
201004CM10129,A,59,Unclassified,0,Slight,None,19-08-2010,Thursday,1,Give way or uncontrolled,T or staggered junction,53.737545,Daylight,350330,427060,-2.754501,E01025453,1,2,0,0,Dry,Dual carriageway,None,50,13:05:00,Rural,Fine no high winds,No,16 - 20,1,Urban area,9,124,None,None,Commuting to/from work,Entering main road,KEEWAY,SPEED,Petrol,Male,None,No tow/articulation,Did not leave carriageway,0,Changing lane to right,1,Motorcycle 125cc and under,No,Back,2010
201004EL10078,Unclassified,0,Unclassified,0,Slight,None,24-05-2010,Monday,1,Give way or uncontrolled,Crossroads,53.758256,Daylight,376400,429160,-2.359443,E01025067,1,2,0,0,Dry,One way street,None,20,18:30:00,Urban,Fine no high winds,No,16 - 20,1,Urban area,4,124,None,None,Other/Not known (2005-10),Mid Junction - on roundabout or on main road,KEEWAY,MATRIX 125,Petrol,Male,None,No tow/articulation,Did not leave carriageway,0,Going ahead other,1,Motorcycle 125cc and under,No,Front,2010
201004EN10077,Unclassified,0,NA,0,Slight,None,05-08-2010,Thursday,1,Data missing or out of range,Not at junction or within 20 metres,53.867086,Daylight,374220,441280,-2.393527,E01025338,1,1,0,1,Dry,Single carriageway,None,30,20:21:00,Urban,Fine no high winds,No,16 - 20,1,Rural,9,1968,None,None,Other/Not known (2005-10),Not at or within 20 metres of junction,AUDI,A3 S LINE 138 TDI,Heavy oil,Male,Skidded,No tow/articulation,Did not leave carriageway,0,Going ahead other,1,Car,No,Front,2010
201004FE10055,Unclassified,0,Unclassified,0,Slight,None,11-08-2010,Wednesday,1,Give way or uncontrolled,Other junction,53.856947,Daylight,390560,440090,-2.145007,E01025179,1,2,0,0,Dry,Single carriageway,None,30,19:45:00,Urban,Fine no high winds,No,16 - 20,1,Urban area,5,124,None,None,Other/Not known (2005-10),Cleared junction or waiting/parked at junction exit,YAMAHA,WR 125 X,Petrol,Male,None,No tow/articulation,Did not leave carriageway,0,Slowing or stopping,1,Motorcycle 125cc and under,No,Front,2010
201004FG10044,Unclassified,0,Unclassified,0,Slight,None,05-06-2010,Saturday,1,Give way or uncontrolled,T or staggered junction,53.830071,Daylight,386430,437110,-2.207664,E01025188,1,1,0,0,Dry,Single carriageway,None,30,20:20:00,Urban,Fine no high winds,No,16 - 20,1,Urban area,5,1198,None,None,Other/Not known (2005-10),Approaching junction or waiting/parked at junction approach,VOLKSWAGEN,POLO MATCH 60,Petrol,Male,None,No tow/articulation,Did not leave carriageway,0,Going ahead other,1,Car,No,Front,2010
201004FJ10004,B,6238,Unclassified,0,Slight,None,25-01-2010,Monday,1,Give way or uncontrolled,T or staggered junction,53.726641,Daylight,384080,425610,-2.242772,E01025393,1,2,0,0,Wet or damp,Single carriageway,None,30,12:00:00,Rural,Fine no high winds,No,16 - 20,1,Urban area,4,124,None,None,Other/Not known (2005-10),Approaching junction or waiting/parked at junction approach,KYMCO,KR SPORT 125,Petrol,Male,None,No tow/articulation,Did not leave carriageway,0,Going ahead other,2,Motorcycle 125cc and under,No,Nearside,2010
201005AA02513,A,553,NA,0,Slight,None,03-04-2010,Saturday,1,Data missing or out of range,Not at junction or within 20 metres,53.402496,Daylight,329210,390050,-3.066237,E01007123,2,1,0,4,Dry,Single carriageway,None,30,18:05:00,Urban,Fine no high winds,No,16 - 20,1,Urban area,4,124,None,None,Other/Not known (2005-10),Not at or within 20 metres of junction,YAMAHA,XC 125 E VITY,Petrol,Male,None,No tow/articulation,Did not leave carriageway,0,Going ahead other,1,Motorcycle 125cc and under,No,Front,2010
201005AA02622,A,552,NA,0,Slight,None,10-04-2010,Saturday,1,Data missing or out of range,Not at junction or within 20 metres,53.382738,Daylight,331360,387820,-3.033418,E01007244,1,2,0,0,Dry,Single carriageway,None,30,10:04:00,Urban,Fine no high winds,No,16 - 20,1,Urban area,1,124,None,None,Journey as part of work,Not at or within 20 metres of junction,YAMAHA,YBR 125,Petrol,Male,Skidded,No tow/articulation,Did not leave carriageway,0,Slowing or stopping,1,Motorcycle 125cc and under,No,Offside,2010
201005AA03609,Unclassified,0,NA,0,Slight,None,02-06-2010,Wednesday,1,Data missing or out of range,Not at junction or within 20 metres,53.321896,Daylight,334200,381010,-2.98931,E01007149,1,2,0,0,Dry,Single carriageway,None,30,19:00:00,Urban,Fine no high winds,No,16 - 20,1,Urban area,9,124,None,None,Other/Not known (2005-10),Not at or within 20 metres of junction,RIEJU,RS2 125 MATRIX,Petrol,Male,Skidded,No tow/articulation,Did not leave carriageway,0,Going ahead left-hand bend,2,Motorcycle 125cc and under,No,Front,2010
201005AA05230,A,5137,B,5151,Slight,None,10-09-2010,Friday,1,Auto traffic signal,Roundabout,53.338148,Daylight,331950,382850,-3.023479,E01007110,1,2,0,0,Dry,Roundabout,None,60,17:27:00,Rural,Fine no high winds,No,16 - 20,1,Data missing or out of range,NA,998,Kerb,None,Commuting to/from work,Leaving roundabout,CITROEN,C1 VT,Petrol,Male,Overturned,No tow/articulation,Did not leave carriageway,0,Turning left,1,Car,No,Front,2010
201005BB04438,Motorway,57,NA,0,Slight,None,24-07-2010,Saturday,1,Data missing or out of range,Not at junction or within 20 metres,53.484918,Daylight,338580,399090,-2.92709,E01007040,2,1,0,0,Dry,Dual carriageway,None,70,16:53:00,Rural,Fine no high winds,No,16 - 20,1,Urban area,9,1397,None,Near/Offside crash barrier,Other/Not known (2005-10),Not at or within 20 metres of junction,MINI,ONE,Petrol,Male,Skidded,No tow/articulation,Nearside and rebounded,0,Going ahead other,1,Car,No,Front,2010
201005BB04629,A,5058,A,5090,Slight,None,05-08-2010,Thursday,1,Auto traffic signal,Crossroads,53.446711,Daylight,334760,394890,-2.983776,E01006961,2,2,0,0,Dry,Dual carriageway,None,30,17:26:00,Urban,Fine no high winds,No,16 - 20,1,Urban area,1,1596,None,None,Other/Not known (2005-10),Mid Junction - on roundabout or on main road,FORD,FOCUS ZETEC 100,Petrol,Male,None,No tow/articulation,Did not leave carriageway,0,Going ahead other,2,Car,No,Front,2010