Accident_Index,1st_Road_Class,1st_Road_Number,2nd_Road_Class,2nd_Road_Number,Accident_Severity,Carriageway_Hazards,Date,Day_of_Week,Did_Police_Officer_Attend_Scene_of_Accident,Junction_Control,Junction_Detail,Latitude,Light_Conditions,Location_Easting_OSGR,Location_Northing_OSGR,Longitude,LSOA_of_Accident_Location,Number_of_Casualties,Number_of_Vehicles,Pedestrian_Crossing-Human_Control,Pedestrian_Crossing-Physical_Facilities,Road_Surface_Conditions,Road_Type,Special_Conditions_at_Site,Speed_limit,Time,Urban_or_Rural_Area,Weather_Conditions,InScotland,Age_Band_of_Driver,Age_of_Vehicle,Driver_Home_Area_Type,Driver_IMD_Decile,Engine_Capacity_.CC.,Hit_Object_in_Carriageway,Hit_Object_off_Carriageway,Journey_Purpose_of_Driver,Junction_Location,make,model,Propulsion_Code,Sex_of_Driver,Skidding_and_Overturning,Towing_and_Articulation,Vehicle_Leaving_Carriageway,Vehicle_Location.Restricted_Lane,Vehicle_Manoeuvre,Vehicle_Reference,Vehicle_Type,Was_Vehicle_Left_Hand_Drive,X1st_Point_of_Impact,Year
201005CC03029,B,5178,Unclassified,0,Slight,None,02-05-2010,Sunday,1,Give way or uncontrolled,T or staggered junction,53.381874,Daylight,346390,387530,-2.807433,E01006420,2,2,0,0,Dry,Single carriageway,None,40,16:30:00,Rural,Fine no high winds,No,16 - 20,1,Urban area,2,1596,None,None,Other/Not known (2005-10),Mid Junction - on roundabout or on main road,FORD,FOCUS ZETEC S 115,Petrol,Male,None,No tow/articulation,Did not leave carriageway,0,Going ahead other,2,Car,No,Front,2010
201005CC03722,Unclassified,0,NA,0,Slight,None,12-06-2010,Saturday,1,Data missing or out of range,Not at junction or within 20 metres,53.423821,Daylight,344410,392220,-2.838024,E01006445,1,2,0,1,Dry,Single carriageway,None,30,13:47:00,Urban,Fine no high winds,No,16 - 20,1,Urban area,1,1998,None,None,Other/Not known (2005-10),Not at or within 20 metres of junction,TOYOTA,AVENSIS TR D-4D,Heavy oil,Male,None,No tow/articulation,Did not leave carriageway,0,Moving off,1,Car,No,Front,2010
201005CC04714,Unclassified,0,Unclassified,0,Slight,None,09-08-2010,Monday,2,Give way or uncontrolled,T or staggered junction,53.484454,Daylight,341610,399000,-2.881416,E01006447,1,1,0,0,Dry,Single carriageway,None,30,20:00:00,Urban,Fine no high winds,No,16 - 20,1,Data missing or out of range,NA,1596,None,None,Other/Not known (2005-10),Approaching junction or waiting/parked at junction approach,FORD,FOCUS ZETEC 100,Petrol,Male,None,No tow/articulation,Did not leave carriageway,0,Going ahead other,1,Car,No,Front,2010
201005CC04879,Unclassified,0,NA,0,Slight,None,18-08-2010,Wednesday,2,Data missing or out of range,Not at junction or within 20 metres,53.493129,Daylight,343680,399940,-2.850394,E01006448,1,2,0,0,Dry,Single carriageway,None,30,16:30:00,Rural,Fine no high winds,No,16 - 20,1,Urban area,1,124,Kerb,Tree,Other/Not known (2005-10),Not at or within 20 metres of junction,SUKIDA,,Petrol,Male,Skidded,No tow/articulation,Nearside,0,Going ahead right-hand bend,2,Motorcycle 125cc and under,No,Did not impact,2010
201005DD04775,A,570,Unclassified,0,Slight,None,16-08-2010,Monday,1,Give way or uncontrolled,T or staggered junction,53.463622,Daylight,349610,396590,-2.760481,E01006917,2,3,0,0,Dry,Dual carriageway,None,30,13:00:00,Urban,Fine no high winds,No,16 - 20,1,Urban area,5,1596,None,None,Journey as part of work,Approaching junction or waiting/parked at junction approach,FORD,FOCUS ZETEC S 115,Petrol,Male,None,No tow/articulation,Did not leave carriageway,0,Going ahead other,1,Car,No,Front,2010
201005EE03530,A,57,Unclassified,0,Slight,None,28-05-2010,Friday,1,Give way or uncontrolled,T or staggered junction,53.414962,Daylight,339070,391300,-2.918195,E01006714,1,2,0,0,Dry,Single carriageway,None,30,12:51:00,Urban,Fine no high winds,No,16 - 20,1,Urban area,6,998,None,None,Other/Not known (2005-10),Entering main road,VAUXHALL,CORSA ACTIVE,Petrol,Male,Skidded,No tow/articulation,Did not leave carriageway,0,Turning right,1,Car,No,Offside,2010
201005EE04865,A,59,Unclassified,0,Slight,None,20-08-2010,Friday,1,Give way or uncontrolled,T or staggered junction,53.441962,Daylight,335610,394350,-2.970869,E01006698,4,2,0,0,Dry,Single carriageway,None,30,16:40:00,Urban,Fine no high winds,No,16 - 20,1,Urban area,5,1598,None,None,Other/Not known (2005-10),Approaching junction or waiting/parked at junction approach,MAZDA,3 TAKARA AUTO,Petrol,Male,None,No tow/articulation,Did not leave carriageway,0,Going ahead other,1,Car,No,Nearside,2010
201006A030770,C,0,C,0,Slight,None,24-04-2010,Saturday,1,Give way or uncontrolled,Crossroads,53.494998,Daylight,386850,399830,-2.199692,E01005257,1,4,0,0,Dry,Single carriageway,None,30,12:03:00,Urban,Fine no high winds,No,16 - 20,1,Urban area,2,1399,None,None,Other/Not known (2005-10),Approaching junction or waiting/parked at junction approach,FORD,FIESTA TITANIUM 68 TDCI,Heavy oil,Male,None,No tow/articulation,Did not leave carriageway,0,Going ahead other,2,Car,No,Back,2010
201006A041665,Unclassified,0,Unclassified,0,Slight,None,25-12-2010,Saturday,1,Stop sign,Crossroads,53.48072,Daylight,384120,398250,-2.240763,E01005134,2,2,0,0,Dry,Single carriageway,None,30,08:37:00,Urban,Fine no high winds,No,16 - 20,1,Urban area,1,1968,None,None,Other/Not known (2005-10),Mid Junction - on roundabout or on main road,VOLKSWAGEN,SCIROCCO GT TDI,Heavy oil,Male,None,No tow/articulation,Did not leave carriageway,0,Going ahead other,2,Car,No,Nearside,2010
201006G031758,A,6018,NA,0,Slight,None,17-05-2010,Monday,1,Data missing or out of range,Not at junction or within 20 metres,53.461097,Daylight,399090,396040,-2.015179,E01006048,1,2,0,0,Dry,Single carriageway,None,40,06:20:00,Urban,Fine no high winds,No,16 - 20,1,Data missing or out of range,NA,49,None,None,Commuting to/from work,Not at or within 20 metres of junction,PIAGGIO,ZIP,Petrol,Male,None,No tow/articulation,Did not leave carriageway,0,Going ahead other,2,Motorcycle 50cc and under,No,Offside,2010
201006J031461,Unclassified,0,A,560,Slight,None,10-05-2010,Monday,1,Give way or uncontrolled,T or staggered junction,53.424919,Daylight,393240,392020,-2.103202,E01005746,1,2,0,0,Dry,Single carriageway,None,30,10:20:00,Urban,Fine no high winds,No,16 - 20,1,Urban area,3,124,None,None,Other/Not known (2005-10),Approaching junction or waiting/parked at junction approach,YAMAHA,YZF R125,Petrol,Male,None,No tow/articulation,Did not leave carriageway,0,Going ahead other,2,Motorcycle 125cc and under,No,Front,2010
201006L038794,B,5238,A,49,Slight,None,15-10-2010,Friday,2,Give way or uncontrolled,Roundabout,53.523048,Daylight,356850,403130,-2.652337,E01006409,1,2,0,8,Dry,Roundabout,None,30,17:30:00,Urban,Fine no high winds,No,16 - 20,1,Urban area,5,124,None,None,Commuting to/from work,Approaching junction or waiting/parked at junction approach,YAMAHA,YBR 125,Petrol,Male,None,No tow/articulation,Did not leave carriageway,0,Waiting to turn left,1,Motorcycle 125cc and under,No,Back,2010
201006N031462,B,6213,Unclassified,0,Slight,None,14-05-2010,Friday,1,Give way or uncontrolled,T or staggered junction,53.597591,Daylight,379550,411270,-2.31048,E01004964,1,2,0,0,Dry,Single carriageway,None,30,16:08:00,Urban,Fine no high winds,No,16 - 20,1,Urban area,3,124,None,None,Other/Not known (2005-10),Mid Junction - on roundabout or on main road,YAMAHA,YZF R125,Petrol,Male,None,No tow/articulation,Did not leave carriageway,0,Turning right,2,Motorcycle over 125cc and up to 500cc,No,Nearside,2010
201006P030374,C,0,Unclassified,0,Slight,None,13-04-2010,Tuesday,1,Give way or uncontrolled,T or staggered junction,53.605768,Daylight,393180,412140,-2.104549,E01005560,1,2,0,0,Dry,Single carriageway,None,30,09:43:00,Urban,Fine no high winds,No,16 - 20,1,Urban area,6,125,None,None,Other/Not known (2005-10),Approaching junction or waiting/parked at junction approach,HONDA,CBF 125 M-9,Petrol,Male,None,No tow/articulation,Did not leave carriageway,0,Going ahead other,2,Motorcycle 125cc and under,No,Front,2010
201006P032302,A,664,A(M),627,Slight,None,01-06-2010,Tuesday,1,Give way or uncontrolled,Roundabout,53.57207,Daylight,388550,408400,-2.174384,E01005479,1,2,0,0,Dry,Roundabout,None,30,07:40:00,Rural,Fine no high winds,No,16 - 20,1,Urban area,8,645,None,None,Commuting to/from work,Leaving roundabout,SUZUKI,SV 650 SK9,Petrol,Male,None,No tow/articulation,Did not leave carriageway,0,Going ahead right-hand bend,2,Motorcycle over 500cc,No,Back,2010
201006P037352,A,664,NA,0,Slight,None,23-09-2010,Thursday,1,Data missing or out of range,Not at junction or within 20 metres,53.564415,Daylight,387900,407550,-2.184166,E01005543,2,2,0,0,Dry,Dual carriageway,None,30,08:32:00,Rural,Fine no high winds,No,16 - 20,1,Urban area,2,49,None,None,Other/Not known (2005-10),Not at or within 20 metres of junction,PIAGGIO,NRG,Petrol,Male,None,No tow/articulation,Did not leave carriageway,0,Slowing or stopping,2,Motorcycle 50cc and under,No,Back,2010
201006P037656,A,640,Unclassified,0,Slight,None,03-09-2010,Friday,1,Give way or uncontrolled,T or staggered junction,53.613912,Daylight,390870,413050,-2.139487,E01005568,4,3,0,0,Dry,Single carriageway,None,30,14:10:00,Urban,Fine no high winds,No,16 - 20,1,Urban area,3,1390,None,None,Journey as part of work,Approaching junction or waiting/parked at junction approach,SEAT,IBIZA SE,Petrol,Male,None,No tow/articulation,Did not leave carriageway,0,Going ahead other,1,Car,No,Front,2010
201006P039364,C,0,Unclassified,0,Slight,None,02-10-2010,Saturday,1,Give way or uncontrolled,T or staggered junction,53.58712,Daylight,386450,410080,-2.206169,E01005507,1,2,0,0,Wet or damp,Single carriageway,None,30,15:05:00,Urban,Fine no high winds,No,16 - 20,1,Urban area,4,750,None,None,Other/Not known (2005-10),Approaching junction or waiting/parked at junction approach,APRILIA,SL 750 SHIVER,Petrol,Male,None,No tow/articulation,Did not leave carriageway,0,Overtaking - nearside,2,Motorcycle over 500cc,No,Front,2010
201006Q029370,Unclassified,0,Unclassified,0,Slight,None,18-03-2010,Thursday,1,Give way or uncontrolled,Crossroads,53.539444,Daylight,394100,404760,-2.090503,E01005428,4,3,0,0,Dry,Single carriageway,None,30,13:40:00,Urban,Fine no high winds,No,16 - 20,1,Urban area,7,1329,None,None,Other/Not known (2005-10),Approaching junction or waiting/parked at junction approach,TOYOTA,YARIS TR VVT-I,Petrol,Male,None,No tow/articulation,Did not leave carriageway,0,Going ahead other,3,Car,No,Offside,2010
201011ND06340,C,100,NA,0,Slight,None,10-03-2010,Wednesday,1,Not at junction or within 20 metres,Not at junction or within 20 metres,54.79651,Daylight,426440,544700,-1.590274,E01020708,1,1,0,0,Dry,Single carriageway,None,30,11:17:00,Urban,Fine no high winds,No,16 - 20,1,Urban area,2,124,None,None,Other/Not known (2005-10),Not at or within 20 metres of junction,YAMAHA,WR 125 X,Petrol,Male,None,No tow/articulation,Did not leave carriageway,0,Slowing or stopping,1,Motorcycle 125cc and under,No,Nearside,2010
201011ND19070,A(M),1,NA,0,Slight,None,12-08-2010,Thursday,1,Not at junction or within 20 metres,Not at junction or within 20 metres,54.736294,Daylight,431270,538030,-1.515867,E01020695,5,3,0,0,Dry,Dual carriageway,None,70,07:40:00,Rural,Fine no high winds,No,16 - 20,1,Urban area,1,1995,None,None,Journey as part of work,Not at or within 20 metres of junction,RENAULT,TRAFIC SL27+ DCI 115,Heavy oil,Male,None,No tow/articulation,Did not leave carriageway,0,Slowing or stopping,2,Van / Goods 3.5 tonnes mgw or under,No,Back,2010
201011SK22510,A(M),1,NA,0,Slight,None,22-09-2010,Wednesday,1,Data missing or out of range,Not at junction or within 20 metres,54.604986,Daylight,430020,523410,-1.536777,E01020828,2,2,0,0,Dry,Dual carriageway,None,70,10:36:00,Rural,Fine no high winds,No,16 - 20,1,Small town,5,2179,None,None,Journey as part of work,Not at or within 20 metres of junction,LAND ROVER,FREELANDER HSE TD4 AUTO,Heavy oil,Male,None,No tow/articulation,Did not leave carriageway,0,Going ahead other,1,Car,No,Front,2010
201014A054810,C,178,NA,0,Slight,None,08-04-2010,Thursday,1,Not at junction or within 20 metres,Not at junction or within 20 metres,53.528832,Daylight,453720,403880,-1.191065,E01007617,1,3,0,0,Dry,Single carriageway,None,60,16:40:00,Rural,Fine no high winds,No,16 - 20,1,Urban area,4,49,None,None,Commuting to/from work,Not at or within 20 metres of junction,BEELINE,VELOCE GT,Petrol,Male,None,No tow/articulation,Did not leave carriageway,0,Going ahead other,1,Motorcycle 50cc and under,No,Did not impact,2010
201014A074910,A,19,Unclassified,0,Slight,None,12-05-2010,Wednesday,1,Give way or uncontrolled,T or staggered junction,53.543814,Daylight,456560,405580,-1.14792,E01007510,2,2,0,4,Dry,Single carriageway,None,30,08:40:00,Urban,Fine no high winds,No,16 - 20,1,Small town,3,6788,None,None,Journey as part of work,Approaching junction or waiting/parked at junction approach,CLAAS,,Heavy oil,Male,None,Single trailer,Did not leave carriageway,0,Going ahead other,2,Agricultural vehicle,No,Front,2010
201014A085610,Unclassified,0,Unclassified,0,Slight,None,02-06-2010,Wednesday,1,Give way or uncontrolled,Other junction,53.503821,Daylight,455700,401120,-1.161688,E01007496,1,1,0,0,Dry,Unknown,None,30,16:45:00,Urban,Fine no high winds,No,16 - 20,1,Urban area,7,998,None,None,Journey as part of work,Mid Junction - on roundabout or on main road,VAUXHALL,CORSA ACTIVE,Petrol,Male,None,No tow/articulation,Did not leave carriageway,0,Moving off,1,Car,No,Nearside,2010
201014A166510,C,86,NA,0,Slight,None,04-10-2010,Monday,1,Not at junction or within 20 metres,Not at junction or within 20 metres,53.53402,Daylight,459790,404530,-1.099382,E01007565,1,2,0,0,Wet or damp,Single carriageway,None,40,09:10:00,Urban,Fine no high winds,No,16 - 20,1,Urban area,2,49,Parked vehicle,None,Journey as part of work,Not at or within 20 metres of junction,CPI,ARAGON 50 GP,Petrol,Male,None,No tow/articulation,Did not leave carriageway,0,Overtaking - nearside,2,Motorcycle 50cc and under,No,Front,2010
201014A167010,A,19,Unclassified,0,Slight,None,16-10-2010,Saturday,1,Give way or uncontrolled,T or staggered junction,53.611715,Daylight,456130,413130,-1.153053,E01007492,1,2,0,0,Dry,Single carriageway,None,30,16:12:00,Rural,Fine no high winds,No,16 - 20,1,Small town,4,1364,None,None,Other/Not known (2005-10),Mid Junction - on roundabout or on main road,VAUXHALL,ASTRA ACTIVE,Petrol,Male,None,No tow/articulation,Did not leave carriageway,0,Turning right,1,Car,No,Front,2010
201014B052810,A,628,Unclassified,0,Slight,None,17-05-2010,Monday,1,Give way or uncontrolled,Roundabout,53.590732,Daylight,439870,410630,-1.39913,E01007331,1,2,0,0,Dry,Roundabout,None,40,18:05:00,Rural,Fine no high winds,No,16 - 20,1,Rural,1,2402,None,None,Other/Not known (2005-10),Entering roundabout,FORD,TRANSIT 115 T350M RWD,Heavy oil,Male,None,No tow/articulation,Did not leave carriageway,0,Going ahead other,2,Van / Goods 3.5 tonnes mgw or under,No,Front,2010
201014B065510,C,433,Unclassified,0,Slight,None,18-06-2010,Friday,2,Give way or uncontrolled,Crossroads,53.558023,Daylight,434700,406950,-1.477641,E01007336,1,2,0,0,Dry,Single carriageway,None,30,18:45:00,Urban,Fine no high winds,No,16 - 20,1,Urban area,8,49,None,None,Other/Not known (2005-10),Approaching junction or waiting/parked at junction approach,PIAGGIO,NRG,Petrol,Male,None,No tow/articulation,Did not leave carriageway,0,Overtaking static vehicle - offside,2,Motorcycle 50cc and under,No,Offside,2010
201014B071110,A,6133,Unclassified,0,Slight,None,02-07-2010,Friday,1,Give way or uncontrolled,T or staggered junction,53.546422,Daylight,434800,405660,-1.476275,E01007338,1,2,0,0,Dry,Single carriageway,None,30,15:37:00,Urban,Fine no high winds,No,16 - 20,1,Urban area,9,49,None,None,Other/Not known (2005-10),Mid Junction - on roundabout or on main road,PIAGGIO,NRG,Petrol,Male,None,No tow/articulation,Did not leave carriageway,0,Going ahead other,2,Motorcycle 50cc and under,No,Nearside,2010
201014C041710,Motorway,18,NA,0,Slight,None,09-04-2010,Friday,1,Not at junction or within 20 metres,Not at junction or within 20 metres,53.390222,Daylight,448330,388400,-1.274745,E01007815,1,2,0,0,Dry,Dual carriageway,None,70,15:59:00,Rural,Fine no high winds,No,16 - 20,1,Urban area,2,1364,None,None,Other/Not known (2005-10),Not at or within 20 metres of junction,VAUXHALL,CORSA CLUB A/C,Petrol,Male,None,No tow/articulation,Did not leave carriageway,0,Changing lane to right,1,Car,No,Front,2010
201014C124010,Motorway,1,A,57,Slight,None,11-10-2010,Monday,1,Give way or uncontrolled,Roundabout,53.361336,Daylight,447710,385180,-1.284552,E01007670,3,2,0,0,Dry,Roundabout,None,70,17:00:00,Rural,Fine no high winds,No,16 - 20,1,Urban area,2,1461,None,None,Other/Not known (2005-10),Approaching junction or waiting/parked at junction approach,NISSAN,QASHQAI ACENTA DCI,Heavy oil,Male,None,No tow/articulation,Did not leave carriageway,0,Waiting to turn left,1,Car,No,Back,2010
201014K072310,C,64,Unclassified,0,Slight,None,09-03-2010,Tuesday,1,Give way or uncontrolled,Crossroads,53.436588,Daylight,433370,393430,-1.499152,E01008141,1,3,0,0,Dry,Single carriageway,None,30,07:55:00,Rural,Fine no high winds,No,16 - 20,1,Small town,9,1149,None,None,Other/Not known (2005-10),Entering main road,RENAULT,CLIO EXTREME,Petrol,Male,None,No tow/articulation,Did not leave carriageway,0,Turning right,1,Car,No,Front,2010
201014K140510,Unclassified,0,NA,0,Slight,None,22-05-2010,Saturday,1,Not at junction or within 20 metres,Not at junction or within 20 metres,53.426171,Daylight,435960,392290,-1.460296,E01008120,1,2,0,0,Dry,Single carriageway,None,30,15:56:00,Urban,Fine no high winds,No,16 - 20,1,Urban area,1,1956,None,None,Other/Not known (2005-10),Not at or within 20 metres of junction,VAUXHALL,INSIGNIA SE 160 CDTI,Heavy oil,Male,None,No tow/articulation,Did not leave carriageway,0,Reversing,1,Car,No,Back,2010
201014K264410,Unclassified,0,NA,0,Slight,None,07-10-2010,Thursday,1,Not at junction or within 20 metres,Not at junction or within 20 metres,53.376049,Daylight,438070,386730,-1.429213,E01008015,1,2,0,0,Dry,Single carriageway,None,30,11:40:00,Urban,Fine no high winds,No,16 - 20,1,Urban area,2,1198,None,None,Other/Not known (2005-10),Not at or within 20 metres of junction,VOLKSWAGEN,URBAN FOX 55,Petrol,Male,None,No tow/articulation,Did not leave carriageway,0,Going ahead other,2,Car,No,Front,2010
2010160A01611,A,46,NA,0,Slight,None,22-05-2010,Saturday,1,Data missing or out of range,Not at junction or within 20 metres,53.552651,Daylight,528400,407970,-0.06328,E01013163,2,3,0,0,Dry,Single carriageway,None,30,14:14:00,Urban,Fine no high winds,No,16 - 20,1,Small town,8,1368,None,None,Other/Not known (2005-10),Not at or within 20 metres of junction,FIAT,GRANDE PUNTO GP 8V,Petrol,Male,None,No tow/articulation,Did not leave carriageway,0,Going ahead other,1,Car,No,Front,2010
2010160A01841,Unclassified,0,Unclassified,0,Slight,None,16-06-2010,Wednesday,1,Give way or uncontrolled,T or staggered junction,53.543466,Daylight,524380,406840,-0.124375,E01013209,1,2,0,0,Dry,Single carriageway,None,40,17:00:00,Rural,Fine no high winds,No,16 - 20,1,Urban area,9,1560,None,Other permanent object,Commuting to/from work,Mid Junction - on roundabout or on main road,PEUGEOT,PARTNER 850 SE HDI 90,Heavy oil,Male,Skidded,No tow/articulation,Offside and rebounded,0,Overtaking moving vehicle - offside,1,Van / Goods 3.5 tonnes mgw or under,No,Nearside,2010
2010160A01901,Unclassified,0,NA,0,Slight,None,14-06-2010,Monday,1,Data missing or out of range,Not at junction or within 20 metres,53.552601,Daylight,524880,407870,-0.116423,E01013206,1,1,0,0,Dry,Single carriageway,None,30,17:45:00,Urban,Fine no high winds,No,16 - 20,1,Urban area,2,996,None,None,Other/Not known (2005-10),Not at or within 20 metres of junction,NISSAN,PIXO VISIA,Petrol,Male,None,No tow/articulation,Did not leave carriageway,0,Reversing,1,Car,No,Back,2010
2010160A02441,B,1219,Unclassified,0,Slight,None,27-07-2010,Tuesday,1,Give way or uncontrolled,Roundabout,53.521736,Daylight,527710,404510,-0.0751,E01013171,1,1,0,0,Dry,Roundabout,None,30,12:01:00,Urban,Fine no high winds,No,16 - 20,1,Small town,9,49,None,Near/Offside crash barrier,Other/Not known (2005-10),Mid Junction - on roundabout or on main road,PIAGGIO,ZIP,Petrol,Male,None,No tow/articulation,Nearside and rebounded,0,Going ahead other,1,Motorcycle 50cc and under,No,Nearside,2010
2010160A02451,A,1243,Unclassified,0,Slight,None,27-07-2010,Tuesday,1,Give way or uncontrolled,T or staggered junction,53.548884,Daylight,526520,407500,-0.091832,E01013186,2,1,0,4,Dry,Single carriageway,None,30,16:20:00,Urban,Fine no high winds,No,16 - 20,1,Urban area,1,124,None,None,Other/Not known (2005-10),Approaching junction or waiting/parked at junction approach,YAMAHA,YZF R125,Petrol,Male,None,No tow/articulation,Did not leave carriageway,0,Going ahead other,1,Motorcycle 125cc and under,No,Front,2010
2010160B00611,A,18,A,18,Slight,None,10-02-2010,Wednesday,1,Give way or uncontrolled,Roundabout,53.589759,Daylight,487260,411160,-0.683175,E01013334,1,1,0,7,Frost or ice,Roundabout,None,40,12:10:00,Urban,Fine no high winds,No,16 - 20,1,Urban area,6,49,None,None,Other/Not known (2005-10),Approaching junction or waiting/parked at junction approach,SACHS,SPEEDJET R 50,Petrol,Male,Skidded,No tow/articulation,Did not leave carriageway,0,Going ahead right-hand bend,1,Motorcycle 50cc and under,No,Front,2010
2010160C01621,A,165,NA,0,Slight,None,06-04-2010,Tuesday,2,Data missing or out of range,Not at junction or within 20 metres,53.858914,Daylight,512790,441660,-0.286534,E01013034,1,2,0,0,Dry,Single carriageway,None,60,16:45:00,Rural,Fine no high winds,No,16 - 20,1,Urban area,5,49,None,None,Commuting to/from work,Not at or within 20 metres of junction,SYM,DD 50,Petrol,Male,None,No tow/articulation,Nearside,0,Going ahead other,2,Motorcycle 50cc and under,No,Nearside,2010
2010160C03031,Unclassified,0,A,15,Slight,None,10-06-2010,Thursday,1,Give way or uncontrolled,Roundabout,53.721696,Daylight,501550,426130,-0.462477,E01013005,1,1,0,0,Wet or damp,Roundabout,None,40,06:40:00,Rural,Fine no high winds,No,16 - 20,1,Rural,9,125,None,Other permanent object,Commuting to/from work,Leaving roundabout,HONDA,CBF 125 M-9,Petrol,Male,Skidded,No tow/articulation,Offside,0,Going ahead other,1,Motorcycle 125cc and under,No,Front,2010
2010160C03351,Unclassified,0,Unclassified,0,Slight,None,18-06-2010,Friday,1,Give way or uncontrolled,T or staggered junction,53.744215,Daylight,504000,428690,-0.424502,E01013106,1,2,0,0,Dry,Single carriageway,None,30,16:10:00,Urban,Fine no high winds,No,16 - 20,1,Urban area,10,49,None,None,Other/Not known (2005-10),Approaching junction or waiting/parked at junction approach,PIAGGIO,NRG,Petrol,Male,None,No tow/articulation,Did not leave carriageway,0,Overtaking moving vehicle - offside,2,Motorcycle 50cc and under,No,Front,2010
2010160C03421,Unclassified,0,Unclassified,0,Slight,None,23-06-2010,Wednesday,1,Give way or uncontrolled,Private drive or entrance,54.092801,Daylight,517050,467800,-0.211765,E01012932,1,2,0,0,Dry,Single carriageway,None,30,13:17:00,Urban,Fine no high winds,No,16 - 20,1,Rural,4,124,None,None,Other/Not known (2005-10),Approaching junction or waiting/parked at junction approach,HONDA,CBF 125 M-9,Petrol,Male,None,No tow/articulation,Did not leave carriageway,0,Going ahead other,2,Motorcycle 125cc and under,No,Front,2010
2010160C05691,Unclassified,0,Unclassified,0,Slight,None,22-09-2010,Wednesday,1,Give way or uncontrolled,T or staggered junction,53.71999,Daylight,475570,425450,-0.856272,E01012996,2,2,0,0,Dry,Single carriageway,None,30,08:09:00,Rural,Fine no high winds,No,16 - 20,1,Urban area,4,1560,None,None,Other/Not known (2005-10),Entering main road,FORD,FOCUS ZETEC TD 109,Heavy oil,Male,None,No tow/articulation,Did not leave carriageway,0,Going ahead left-hand bend,1,Car,No,Front,2010
2010160C07501,B,1249,NA,0,Slight,None,24-09-2010,Friday,2,Data missing or out of range,Not at junction or within 20 metres,53.972554,Daylight,513230,454320,-0.275165,E01012986,1,2,0,0,Dry,Single carriageway,None,30,15:45:00,Rural,Fine no high winds,No,16 - 20,1,Rural,7,1390,None,None,Other/Not known (2005-10),Not at or within 20 metres of junction,VOLKSWAGEN,GOLF SE TSI,Petrol,Male,None,No tow/articulation,Did not leave carriageway,0,Slowing or stopping,1,Car,No,Front,2010
2010160D04521,Unclassified,0,Unclassified,0,Slight,None,03-07-2010,Saturday,1,Give way or uncontrolled,T or staggered junction,53.75029,Daylight,506400,429420,-0.387875,E01012773,2,3,0,0,Dry,Dual carriageway,None,40,18:17:00,Urban,Fine no high winds,No,16 - 20,1,Urban area,4,49,None,None,Other/Not known (2005-10),Leaving main road,CPI,ARAGON 50 GP,Petrol,Male,None,No tow/articulation,Did not leave carriageway,0,Turning left,3,Motorcycle 50cc and under,No,Back,2010
2010160D04851,A,1105,Unclassified,0,Slight,None,15-09-2010,Wednesday,1,Give way or uncontrolled,T or staggered junction,53.743642,Daylight,506840,428690,-0.381457,E01012865,1,2,0,0,Wet or damp,Single carriageway,None,30,17:38:00,Urban,Fine no high winds,No,16 - 20,1,Urban area,2,49,None,None,Other/Not known (2005-10),Entering main road,SYM,JET 50 - EURO X,Petrol,Male,None,No tow/articulation,Did not leave carriageway,0,Turning left,1,Motorcycle 50cc and under,No,Did not impact,2010
2010170L21650,A,66,NA,0,Slight,None,20-08-2010,Friday,1,Data missing or out of range,Not at junction or within 20 metres,54.580488,Daylight,455240,520920,-1.146854,E01012114,1,2,0,0,Dry,Dual carriageway,None,50,15:00:00,Rural,Fine no high winds,No,16 - 20,1,Urban area,2,1242,None,None,Other/Not known (2005-10),Not at or within 20 metres of junction,FIAT,500 SPORT,Petrol,Male,None,No tow/articulation,Did not leave carriageway,0,Waiting to go - held up,1,Car,No,Back,2010
2010170M12280,Unclassified,0,Unclassified,0,Slight,None,23-09-2010,Thursday,1,Give way or uncontrolled,Roundabout,54.576544,Daylight,449950,520420,-1.228776,E01012070,1,2,0,0,Dry,Single carriageway,None,30,09:00:00,Urban,Fine no high winds,No,16 - 20,1,Urban area,6,49,None,None,Commuting to/from work,Entering roundabout,TAIWAN GOLDEN BEE,,Petrol,Male,None,No tow/articulation,Did not leave carriageway,0,Moving off,1,Motorcycle 50cc and under,No,Offside,2010
201020D057013,A,452,A,452,Slight,None,20-02-2010,Saturday,2,Give way or uncontrolled,Roundabout,52.50715,Daylight,413940,289940,-1.796056,E01009080,1,2,0,0,Dry,Roundabout,None,30,13:30:00,Rural,Fine no high winds,No,16 - 20,1,Urban area,7,1388,None,None,Other/Not known (2005-10),Approaching junction or waiting/parked at junction approach,FORD,FIESTA TITANIUM 96,Petrol,Male,None,No tow/articulation,Did not leave carriageway,0,Waiting to go - held up,2,Car,No,Back,2010
201020G004430,Unclassified,0,Unclassified,0,Slight,None,16-06-2010,Wednesday,1,Give way or uncontrolled,T or staggered junction,52.567895,Daylight,395070,296680,-2.074179,E01010422,1,2,0,0,Dry,Single carriageway,None,30,16:32:00,Urban,Fine no high winds,No,16 - 20,1,Urban area,1,1229,None,None,Other/Not known (2005-10),Mid Junction - on roundabout or on main road,VAUXHALL,CORSA SXI INTOUCH,Petrol,Male,None,No tow/articulation,Did not leave carriageway,0,Going ahead other,2,Car,No,Front,2010
201020G008270,Unclassified,0,Unclassified,0,Slight,None,27-09-2010,Monday,1,Give way or uncontrolled,Private drive or entrance,52.611203,Daylight,392920,301500,-2.106004,E01010481,1,2,1,0,Dry,Single carriageway,None,20,16:32:00,Urban,Fine no high winds,No,16 - 20,1,Urban area,1,124,None,None,Other/Not known (2005-10),Mid Junction - on roundabout or on main road,GENERIC,XOR 125,Petrol,Male,None,No tow/articulation,Did not leave carriageway,0,Going ahead other,2,Motorcycle 125cc and under,No,Offside,2010