Accident_Index,1st_Road_Class,1st_Road_Number,2nd_Road_Class,2nd_Road_Number,Accident_Severity,Carriageway_Hazards,Date,Day_of_Week,Did_Police_Officer_Attend_Scene_of_Accident,Junction_Control,Junction_Detail,Latitude,Light_Conditions,Location_Easting_OSGR,Location_Northing_OSGR,Longitude,LSOA_of_Accident_Location,Number_of_Casualties,Number_of_Vehicles,Pedestrian_Crossing-Human_Control,Pedestrian_Crossing-Physical_Facilities,Road_Surface_Conditions,Road_Type,Special_Conditions_at_Site,Speed_limit,Time,Urban_or_Rural_Area,Weather_Conditions,InScotland,Age_Band_of_Driver,Age_of_Vehicle,Driver_Home_Area_Type,Driver_IMD_Decile,Engine_Capacity_.CC.,Hit_Object_in_Carriageway,Hit_Object_off_Carriageway,Journey_Purpose_of_Driver,Junction_Location,make,model,Propulsion_Code,Sex_of_Driver,Skidding_and_Overturning,Towing_and_Articulation,Vehicle_Leaving_Carriageway,Vehicle_Location.Restricted_Lane,Vehicle_Manoeuvre,Vehicle_Reference,Vehicle_Type,Was_Vehicle_Left_Hand_Drive,X1st_Point_of_Impact,Year
201034WS50400,C,1,NA,0,Slight,None,05-03-2021,Sunday,1,Data missing or out of range,Not at junction or within 20 metres,19.19193733,Daylight,464550,246330,72.91554101,E01027306,2,1,0,0,Wet or damp,Single carriageway,None,60,12:47:00,Rural,Fine no high winds,No,16 - 20,1,Rural,9,1248,None,None,Other/Not known (2005-10),Not at or within 20 metres of junction,HYUNDAI,I10 COMFORT,Petrol,Female,Skidded,No tow/articulation,Offside,0,Going ahead other,1,Car,No,Front,2021
201037G029954,B,1059,A,1156,Slight,None,27-01-2021,Monday,2,Auto traffic signal,Crossroads,19.13564918,Daylight,616970,244520,72.89528807,E01029959,1,2,0,0,Wet or damp,Single carriageway,None,30,12:15:00,Urban,Fine no high winds,No,16 - 20,1,Urban area,10,1490,None,None,Other/Not known (2005-10),Approaching junction or waiting/parked at junction approach,SUZUKI,SWIFT GLX 5DR,Petrol,Female,None,No tow/articulation,Did not leave carriageway,0,Slowing or stopping,2,Car,No,Back,2021
201037G028931,A,14,A,154,Slight,None,30-06-2020,Tuesday,2,Give way or uncontrolled,Roundabout,19.19081587,Daylight,628970,236330,72.87937486,E01030160,2,2,0,0,Dry,Dual carriageway,None,70,13:10:00,Rural,Fine no high winds,No,16 - 20,1,Urban area,5,1339,None,None,Other/Not known (2005-10),Entering roundabout,HONDA,JAZZ I-VTEC EX,Petrol,Female,None,No tow/articulation,Did not leave carriageway,0,Slowing or stopping,2,Car,No,Back,2021
201043N222080,A,404,B,474,Slight,None,30-04-2020,Wednesday,1,Give way or uncontrolled,Roundabout,20.1680763,Daylight,489150,195550,79.50575998,E01017881,1,2,0,0,Dry,Roundabout,None,30,12:44:00,Urban,Fine no high winds,No,16 - 20,1,Urban area,10,1242,None,None,Commuting to/from work,Entering roundabout,FIAT,500 POP,Petrol,Female,None,No tow/articulation,Did not leave carriageway,0,Waiting to go - held up,2,Car,No,Back,2021
201042I201706,A,129,Unclassified,0,Slight,None,21-10-2019,Monday,1,Give way or uncontrolled,Other junction,14.70959201,Daylight,572600,192950,78.55864894,E01021264,1,3,0,0,Dry,Single carriageway,None,30,16:20:00,Urban,Fine no high winds,No,16 - 20,1,Urban area,9,1242,None,None,Other/Not known (2005-10),Mid Junction - on roundabout or on main road,FORD,KA ZETEC,Petrol,Female,None,No tow/articulation,Did not leave carriageway,0,Going ahead other,1,Car,No,Front,2019
201043P170060,A,4130,Unclassified,0,Slight,None,17-06-2021,Monday,1,Give way or uncontrolled,T or staggered junction,27.09720541,Daylight,458600,191130,93.61950697,E01028607,2,2,0,0,Dry,Single carriageway,None,50,08:41:00,Rural,Fine no high winds,No,16 - 20,1,Rural,10,1198,None,None,Commuting to/from work,Entering main road,SEAT,IBIZA S A/C,Petrol,Female,None,No tow/articulation,Did not leave carriageway,0,Turning right,1,Car,No,Front,2019
201042I186006,B,1137,B,1137,Slight,None,20-11-2020,Friday,1,Give way or uncontrolled,Roundabout,26.73579841,Daylight,573060,208370,94.19867913,E01021544,2,3,0,0,Dry,Roundabout,None,40,09:20:00,Urban,Fine no high winds,No,16 - 20,1,Rural,9,1248,None,None,Other/Not known (2005-10),Leaving roundabout,VAUXHALL,CORSA LIFE CDTI ECOFLEX,Heavy oil,Female,None,No tow/articulation,Did not leave carriageway,0,Going ahead other,3,Car,No,Back,2019
201054EF35710,A,4,NA,0,Slight,None,04-02-2019,Saturday,1,Not at junction or within 20 metres,Not at junction or within 20 metres,26.73776862,Daylight,388180,171730,94.18750863,E01031931,1,2,0,0,Dry,Single carriageway,None,60,02:19:00,Rural,Fine no high winds,No,16 - 20,1,Urban area,3,1390,None,None,Other/Not known (2005-10),Not at or within 20 metres of junction,SEAT,IBIZA SPORT 84,Petrol,Female,None,No tow/articulation,Did not leave carriageway,0,Going ahead other,2,Car,No,Front,2019
201001ID60010,Unclassified,0,Unclassified,0,Slight,None,08-03-2010,Monday,1,Auto traffic signal,T or staggered junction,51.479359,Daylight,508910,176770,-0.433066,E01002444,1,2,0,5,Dry,Single carriageway,None,30,07:03:00,Urban,Fine no high winds,No,16 - 20,1,Urban area,7,1396,None,None,Other/Not known (2005-10),Entering main road,HYUNDAI,I30 STYLE,Petrol,Female,None,No tow/articulation,Did not leave carriageway,0,Slowing or stopping,2,Car,No,Back,2010
201001JC30321,A,104,A,104,Slight,None,23-06-2010,Wednesday,1,Give way or uncontrolled,T or staggered junction,51.571777,Daylight,537250,187740,-0.020924,E01004424,3,2,0,0,Dry,Single carriageway,None,30,17:45:00,Urban,Fine no high winds,No,16 - 20,1,Urban area,8,1242,None,None,Other/Not known (2005-10),Leaving main road,FORD,FIESTA ZETEC 82,Petrol,Female,None,No tow/articulation,Did not leave carriageway,0,Turning left,2,Car,No,Nearside,2010
201001KD50652,Motorway,25,NA,0,Slight,None,08-11-2010,Monday,2,Data missing or out of range,Not at junction or within 20 metres,51.609581,Daylight,556650,192510,0.260921,E01002277,2,2,0,0,Wet or damp,Dual carriageway,Roadworks,70,13:30:00,Rural,Fine no high winds,No,16 - 20,1,Urban area,3,1229,None,None,Other/Not known (2005-10),Not at or within 20 metres of junction,VAUXHALL,CORSA ACTIVE,Petrol,Female,None,No tow/articulation,Did not leave carriageway,0,Going ahead other,2,Car,No,Offside,2010
201001KG70315,A,13,C,0,Slight,None,20-08-2010,Friday,1,Give way or uncontrolled,Roundabout,51.530323,Daylight,545270,183350,0.09291,E01000052,1,3,0,4,Dry,Dual carriageway,None,30,17:13:00,Urban,Fine no high winds,No,16 - 20,1,Urban area,5,1248,None,None,Other/Not known (2005-10),Mid Junction - on roundabout or on main road,HYUNDAI,I20 COMFORT,Petrol,Female,None,No tow/articulation,Did not leave carriageway,0,Going ahead other,3,Car,No,Back,2010
201001MM70534,A,202,Unclassified,0,Slight,None,26-06-2010,Saturday,1,Give way or uncontrolled,T or staggered junction,51.473933,Daylight,534560,176780,-0.063898,E01004067,2,2,0,0,Dry,Single carriageway,None,30,14:00:00,Urban,Fine no high winds,No,16 - 20,1,Urban area,4,1206,None,None,Other/Not known (2005-10),Mid Junction - on roundabout or on main road,CHEVROLET,AVEO S,Petrol,Female,None,No tow/articulation,Did not leave carriageway,0,Turning right,1,Car,No,Front,2010
201001PL60418,Unclassified,0,A,212,Slight,None,22-06-2010,Tuesday,1,Give way or uncontrolled,T or staggered junction,51.426462,Daylight,535410,171520,-0.053678,E01003334,1,2,0,4,Dry,Single carriageway,None,30,15:34:00,Urban,Fine no high winds,No,16 - 20,1,Urban area,2,1242,None,None,Other/Not known (2005-10),Approaching junction or waiting/parked at junction approach,FORD,FIESTA ZETEC 82,Petrol,Female,None,No tow/articulation,Did not leave carriageway,0,Waiting to go - held up,2,Car,No,Offside,2010
201001PL60696,A,212,NA,0,Slight,None,18-10-2010,Monday,1,Data missing or out of range,Not at junction or within 20 metres,51.43132,Daylight,536510,172090,-0.037647,E01003193,1,1,0,0,Wet or damp,Single carriageway,None,30,08:21:00,Urban,Fine no high winds,No,16 - 20,1,Urban area,1,1198,None,None,Other/Not known (2005-10),Not at or within 20 metres of junction,VOLKSWAGEN,POLO MODA 60,Petrol,Female,None,No tow/articulation,Did not leave carriageway,0,Overtaking static vehicle - offside,1,Car,No,Front,2010
201001QA10218,A,404,Unclassified,0,Slight,None,23-06-2010,Wednesday,1,Give way or uncontrolled,T or staggered junction,51.583707,Daylight,513940,188490,-0.356875,E01002161,4,2,0,0,Dry,Single carriageway,None,30,11:02:00,Urban,Fine no high winds,No,16 - 20,1,Urban area,7,1493,None,None,Other/Not known (2005-10),Mid Junction - on roundabout or on main road,KIA,RIO CHILL CRDI,Heavy oil,Female,None,No tow/articulation,Did not leave carriageway,0,Parked,2,Car,No,Front,2010
201001SX20727,A,502,Unclassified,0,Slight,None,28-06-2010,Monday,1,Give way or uncontrolled,T or staggered junction,51.578744,Daylight,524250,188180,-0.208251,E01000218,2,2,0,0,Dry,Single carriageway,None,30,13:23:00,Urban,Fine no high winds,No,16 - 20,1,Urban area,8,1328,None,None,Other/Not known (2005-10),Mid Junction - on roundabout or on main road,SUZUKI,SWIFT GL 3DR,Petrol,Female,None,No tow/articulation,Did not leave carriageway,0,Turning right,2,Car,No,Offside,2010
201001TB00347,A,40,A,4180,Slight,None,24-06-2010,Thursday,1,Give way or uncontrolled,Roundabout,51.548335,Daylight,511030,184490,-0.40012,E01002499,3,2,0,4,Dry,Single carriageway,None,30,15:45:00,Urban,Fine no high winds,No,16 - 20,1,Urban area,1,1248,None,None,Other/Not known (2005-10),Approaching junction or waiting/parked at junction approach,VAUXHALL,CORSA CLUB A/C CDTI,Heavy oil,Female,None,No tow/articulation,Did not leave carriageway,0,Slowing or stopping,2,Car,No,Back,2010
201034WS50400,C,1,NA,0,Slight,None,14-11-2010,Sunday,1,Data missing or out of range,Not at junction or within 20 metres,52.111498,Daylight,464550,246330,-1.058813,E01027306,2,1,0,0,Wet or damp,Single carriageway,None,60,12:47:00,Rural,Fine no high winds,No,16 - 20,1,Rural,9,1248,None,None,Other/Not known (2005-10),Not at or within 20 metres of junction,HYUNDAI,I10 COMFORT,Petrol,Female,Skidded,No tow/articulation,Offside,0,Going ahead other,1,Car,No,Front,2010
201037G028931,A,14,A,154,Slight,None,02-03-2010,Tuesday,2,Give way or uncontrolled,Roundabout,51.978178,Daylight,628970,236330,1.332676,E01030160,2,2,0,0,Dry,Dual carriageway,None,70,13:10:00,Rural,Fine no high winds,No,16 - 20,1,Urban area,5,1339,None,None,Other/Not known (2005-10),Entering roundabout,HONDA,JAZZ I-VTEC EX,Petrol,Female,None,No tow/articulation,Did not leave carriageway,0,Slowing or stopping,2,Car,No,Back,2010
201037G029954,B,1059,A,1156,Slight,None,30-08-2010,Monday,2,Auto traffic signal,Crossroads,52.056513,Daylight,616970,244520,1.163422,E01029959,1,2,0,0,Wet or damp,Single carriageway,None,30,12:15:00,Urban,Fine no high winds,No,16 - 20,1,Urban area,10,1490,None,None,Other/Not known (2005-10),Approaching junction or waiting/parked at junction approach,SUZUKI,SWIFT GLX 5DR,Petrol,Female,None,No tow/articulation,Did not leave carriageway,0,Slowing or stopping,2,Car,No,Back,2010
201037L018296,C,948,NA,0,Slight,None,21-07-2010,Wednesday,1,Data missing or out of range,Not at junction or within 20 metres,52.415964,Daylight,634120,285350,1.441372,E01030285,1,2,0,0,Dry,Single carriageway,None,60,11:05:00,Rural,Fine no high winds,No,16 - 20,1,Rural,6,1248,None,None,Other/Not known (2005-10),Not at or within 20 metres of junction,HYUNDAI,I10 CLASSIC,Petrol,Female,None,No tow/articulation,Did not leave carriageway,0,Going ahead right-hand bend,1,Car,No,Front,2010
20104100A0665,Unclassified,471,NA,,Slight,None,17-10-2010,Sunday,1,Give way or uncontrolled,Private drive or entrance,51.785064,Daylight,532190,211340,-0.084966,E01023475,3,2,0,0,Dry,Single carriageway,None,30,14:30:00,Urban,Fine no high winds,No,16 - 20,1,Rural,7,998,None,None,Other/Not known (2005-10),Entering main road,PEUGEOT,107 URBAN,Petrol,Female,None,No tow/articulation,Did not leave carriageway,0,Reversing,1,Car,No,Offside,2010
20104100B0247,B,197,Unclassified,194,Slight,None,05-05-2010,Wednesday,1,Give way or uncontrolled,T or staggered junction,51.841396,Daylight,524410,217410,-0.195518,E01023966,1,2,0,0,Dry,Single carriageway,None,40,07:50:00,Urban,Fine no high winds,No,16 - 20,1,Urban area,10,1596,None,None,Journey as part of work,Entering main road,FORD,FOCUS ZETEC 100,Petrol,Female,None,No tow/articulation,Did not leave carriageway,0,Turning right,1,Car,No,Front,2010
20104100D0212,A,4251,Unclassified,442,Slight,None,17-03-2010,Wednesday,1,Give way or uncontrolled,T or staggered junction,51.716263,Daylight,507160,203090,-0.450224,E01023408,2,2,0,0,Dry,Single carriageway,None,30,16:23:00,Urban,Fine no high winds,No,16 - 20,1,Urban area,10,1149,None,None,Other/Not known (2005-10),Approaching junction or waiting/parked at junction approach,RENAULT,CLIO EXTREME,Petrol,Female,None,No tow/articulation,Did not leave carriageway,0,Going ahead other,2,Car,No,Front,2010
201042I079203,B,1408,Unclassified,0,Slight,None,17-03-2010,Wednesday,1,Give way or uncontrolled,T or staggered junction,51.886939,Daylight,595070,224730,0.833185,E01021718,3,2,0,0,Dry,Single carriageway,None,30,17:00:00,Urban,Fine no high winds,No,16 - 20,1,Urban area,9,1349,None,None,Other/Not known (2005-10),Approaching junction or waiting/parked at junction approach,MAZDA,2 TS,Petrol,Female,None,No tow/articulation,Did not leave carriageway,0,Going ahead other,2,Car,No,Back,2010
201042I099203,A,12,NA,0,Slight,None,30-03-2010,Tuesday,1,Not at junction or within 20 metres,Not at junction or within 20 metres,51.959701,Daylight,604260,233200,0.97156,E01021655,1,1,0,0,Dry,Dual carriageway,None,70,14:25:00,Rural,Fine no high winds,No,16 - 20,1,Urban area,5,1242,None,Tree,Other/Not known (2005-10),Not at or within 20 metres of junction,FIAT,500 POP,Petrol,Female,Skidded and overturned,No tow/articulation,Nearside,0,Going ahead left-hand bend,1,Car,No,Nearside,2010
201042I155905,Unclassified,0,Unclassified,0,Slight,None,24-05-2010,Monday,2,Give way or uncontrolled,Other junction,51.714585,Daylight,571190,204670,0.476657,E01021585,1,1,0,0,Dry,Single carriageway,None,30,17:00:00,Urban,Fine no high winds,No,16 - 20,1,Urban area,9,996,None,None,Commuting to/from work,Approaching junction or waiting/parked at junction approach,SUZUKI,ALTO SZ3,Petrol,Female,None,No tow/articulation,Did not leave carriageway,0,Going ahead other,1,Car,No,Front,2010
201042I186006,B,1137,B,1137,Slight,None,18-06-2010,Friday,1,Give way or uncontrolled,Roundabout,51.747247,Daylight,573060,208370,0.505537,E01021544,2,3,0,0,Dry,Roundabout,None,40,09:20:00,Urban,Fine no high winds,No,16 - 20,1,Rural,9,1248,None,None,Other/Not known (2005-10),Leaving roundabout,VAUXHALL,CORSA LIFE CDTI ECOFLEX,Heavy oil,Female,None,No tow/articulation,Did not leave carriageway,0,Going ahead other,3,Car,No,Back,2010
201042I201706,A,129,Unclassified,0,Slight,None,28-06-2010,Monday,1,Give way or uncontrolled,Other junction,51.608874,Daylight,572600,192950,0.491263,E01021264,1,3,0,0,Dry,Single carriageway,None,30,16:20:00,Urban,Fine no high winds,No,16 - 20,1,Urban area,9,1242,None,None,Other/Not known (2005-10),Mid Junction - on roundabout or on main road,FORD,KA ZETEC,Petrol,Female,None,No tow/articulation,Did not leave carriageway,0,Going ahead other,1,Car,No,Front,2010
201042I213907,B,1002,NA,0,Slight,None,05-07-2010,Monday,1,Not at junction or within 20 metres,Not at junction or within 20 metres,51.688055,Daylight,566810,201570,0.411833,E01021602,3,2,0,0,Dry,Single carriageway,None,40,11:18:00,Rural,Fine no high winds,No,16 - 20,1,Small town,10,1242,None,None,Other/Not known (2005-10),Not at or within 20 metres of junction,FIAT,500 POP,Petrol,Female,None,No tow/articulation,Nearside,0,Parked,2,Car,No,Back,2010
201043N072090,A,422,NA,0,Slight,None,06-09-2010,Monday,2,Data missing or out of range,Not at junction or within 20 metres,52.001111,Daylight,469720,234120,-0.985817,E01017645,1,2,0,1,Dry,Single carriageway,None,30,13:15:00,Urban,Fine no high winds,No,16 - 20,1,Urban area,8,124,None,None,Other/Not known (2005-10),Not at or within 20 metres of junction,YAMAHA,XC 125 E VITY,Petrol,Female,None,No tow/articulation,Did not leave carriageway,0,Going ahead other,1,Motorcycle 125cc and under,No,Front,2010
201043N138090,Unclassified,672,Unclassified,3090,Slight,None,14-09-2010,Tuesday,1,Give way or uncontrolled,More than 4 arms (not roundabout),51.617879,Daylight,488870,191790,-0.717772,E01017908,1,3,0,0,Dry,Single carriageway,None,30,16:24:00,Urban,Fine no high winds,No,16 - 20,1,Urban area,10,1242,None,None,Other/Not known (2005-10),Entering main road,FORD,FIESTA ZETEC 82,Petrol,Female,None,No tow/articulation,Did not leave carriageway,0,Turning right,1,Car,No,Front,2010
201043N222080,A,404,B,474,Slight,None,11-08-2010,Wednesday,1,Give way or uncontrolled,Roundabout,51.651634,Daylight,489150,195550,-0.712772,E01017881,1,2,0,0,Dry,Roundabout,None,30,12:44:00,Urban,Fine no high winds,No,16 - 20,1,Urban area,10,1242,None,None,Commuting to/from work,Entering roundabout,FIAT,500 POP,Petrol,Female,None,No tow/articulation,Did not leave carriageway,0,Waiting to go - held up,2,Car,No,Back,2010
201043P054080,A,40,NA,0,Slight,None,06-08-2010,Friday,1,Data missing or out of range,Not at junction or within 20 metres,51.786725,Daylight,442640,209970,-1.383237,E01028786,5,4,0,0,Dry,Single carriageway,None,60,08:15:00,Rural,Fine no high winds,No,16 - 20,1,Urban area,10,1560,None,None,Other/Not known (2005-10),Not at or within 20 metres of junction,FORD,FIESTA TITANIUM 90 TDCI,Heavy oil,Female,None,No tow/articulation,Did not leave carriageway,0,Going ahead other,1,Car,No,Front,2010
201043P150030,B,4022,Unclassified,0,Slight,None,08-03-2010,Monday,1,Give way or uncontrolled,Crossroads,51.841999,Daylight,435140,216060,-1.491348,E01028792,1,3,0,0,Dry,Single carriageway,None,40,16:12:00,Rural,Fine no high winds,No,16 - 20,1,Small town,10,1598,None,None,Other/Not known (2005-10),Approaching junction or waiting/parked at junction approach,CITROEN,C4 BY LOEB TURBO,Petrol,Female,None,No tow/articulation,Did not leave carriageway,0,Waiting to turn right,3,Car,No,Front,2010
201043P154050,Unclassified,120,A,422,Slight,None,12-05-2010,Wednesday,2,Give way or uncontrolled,T or staggered junction,52.071443,Daylight,445040,241660,-1.344306,E01028446,1,2,0,0,Dry,Single carriageway,None,30,13:15:00,Urban,Fine no high winds,No,16 - 20,1,Urban area,4,1399,None,None,Other/Not known (2005-10),Approaching junction or waiting/parked at junction approach,KIA,RIO 16V,Petrol,Female,None,No tow/articulation,Did not leave carriageway,0,Waiting to turn left,2,Car,No,Back,2010
201043P170060,A,4130,Unclassified,0,Slight,None,21-06-2010,Monday,1,Give way or uncontrolled,T or staggered junction,51.615906,Daylight,458600,191130,-1.155038,E01028607,2,2,0,0,Dry,Single carriageway,None,50,08:41:00,Rural,Fine no high winds,No,16 - 20,1,Rural,10,1198,None,None,Commuting to/from work,Entering main road,SEAT,IBIZA S A/C,Petrol,Female,None,No tow/articulation,Did not leave carriageway,0,Turning right,1,Car,No,Front,2010
201043R036070,A,4,Unclassified,7408,Slight,None,09-07-2010,Friday,2,Give way or uncontrolled,Roundabout,51.52443,Daylight,489190,181400,-0.715786,E01016590,2,2,0,0,Dry,Roundabout,None,30,10:55:00,Urban,Fine no high winds,No,16 - 20,1,Urban area,7,1368,None,None,Other/Not known (2005-10),Entering roundabout,FIAT,GRANDE PUNTO DYNAMIC,Petrol,Female,None,No tow/articulation,Did not leave carriageway,0,Moving off,2,Car,No,Back,2010
201043R204040,A,4,NA,0,Slight,None,26-04-2010,Monday,2,Data missing or out of range,Not at junction or within 20 metres,51.517413,Daylight,495280,180730,-0.628209,E01016470,2,2,0,0,Dry,Dual carriageway,None,30,12:20:00,Urban,Fine no high winds,No,16 - 20,1,Urban area,3,1398,None,None,Other/Not known (2005-10),Not at or within 20 metres of junction,CITROEN,C1 VTR HDI,Heavy oil,Female,None,No tow/articulation,Did not leave carriageway,0,Going ahead other,2,Car,No,Back,2010
201043S092110,B,4034,NA,0,Slight,None,16-11-2010,Tuesday,1,Data missing or out of range,Not at junction or within 20 metres,52.045579,Daylight,485950,239320,-0.748146,E01016730,1,1,0,0,Wet or damp,Dual carriageway,None,70,14:50:00,Rural,Fine no high winds,No,16 - 20,1,Urban area,8,1149,None,None,Other/Not known (2005-10),Not at or within 20 metres of junction,RENAULT,TWINGO EXTREME 60,Petrol,Female,Skidded and overturned,No tow/articulation,Did not leave carriageway,0,Going ahead other,1,Car,No,Nearside,2010
201045GU51694,A,322,A,25,Slight,None,15-06-2010,Tuesday,1,Give way or uncontrolled,Slip road,51.247597,Daylight,499260,150790,-0.579227,E01030450,1,2,0,5,Dry,Slip road,None,30,17:11:00,Urban,Fine no high winds,No,16 - 20,1,Urban area,8,1560,None,None,Other/Not known (2005-10),Approaching junction or waiting/parked at junction approach,VOLVO,C30 SPORT D,Heavy oil,Female,None,No tow/articulation,Did not leave carriageway,0,Moving off,1,Car,No,Front,2010
201045GU54913,C,46,NA,0,Slight,None,30-09-2010,Thursday,1,Data missing or out of range,Not at junction or within 20 metres,51.188319,Daylight,507430,144360,-0.464137,E01030492,1,1,0,0,Wet or damp,Single carriageway,None,60,18:00:00,Rural,Fine no high winds,No,16 - 20,1,Data missing or out of range,NA,49,None,None,Commuting to/from work,Not at or within 20 metres of junction,DERBI,GP 1,Petrol,Female,Skidded,No tow/articulation,Did not leave carriageway,0,Going ahead right-hand bend,1,Motorcycle 50cc and under,No,Offside,2010
201045GU56161,A,247,A,246,Slight,None,23-11-2010,Tuesday,1,Auto traffic signal,Crossroads,51.248896,Daylight,504570,151040,-0.5031,E01030440,2,2,0,0,Dry,Dual carriageway,None,50,15:41:00,Rural,Fine no high winds,No,16 - 20,1,Urban area,10,1995,None,None,Journey as part of work,Mid Junction - on roundabout or on main road,BMW,116I ES,Petrol,Female,None,No tow/articulation,Did not leave carriageway,0,Going ahead other,1,Car,No,Nearside,2010
201045SU51770,B,3411,Unclassified,3534,Slight,None,19-06-2010,Saturday,2,Give way or uncontrolled,Other junction,51.321243,Daylight,487020,158760,-0.752611,E01030805,1,2,0,0,Dry,Single carriageway,Road surface defective,30,10:30:00,Urban,Fine no high winds,No,16 - 20,1,Urban area,5,998,None,None,Other/Not known (2005-10),Approaching junction or waiting/parked at junction approach,CITROEN,C1 VTR,Petrol,Female,None,No tow/articulation,Did not leave carriageway,0,Waiting to go - held up,1,Car,No,Back,2010
201050AC3C029,Unclassified,0,NA,0,Slight,None,22-07-2010,Thursday,1,Not at junction or within 20 metres,Not at junction or within 20 metres,50.216347,Daylight,166470,40290,-5.274916,E01018897,1,2,0,0,Wet or damp,Single carriageway,None,30,16:43:00,Rural,Fine no high winds,No,16 - 20,1,Urban area,2,124,None,None,Commuting to/from work,Not at or within 20 metres of junction,YAMAHA,YBR 125,Petrol,Female,None,No tow/articulation,Did not leave carriageway,0,Going ahead other,1,Motorcycle 125cc and under,No,Front,2010
201050EC2H011,Unclassified,0,Unclassified,0,Slight,None,01-03-2010,Monday,2,Give way or uncontrolled,T or staggered junction,50.375118,Daylight,248620,54980,-4.130325,E01015053,1,2,0,0,Dry,Single carriageway,None,30,08:57:00,Urban,Fine no high winds,No,16 - 20,1,Data missing or out of range,NA,996,None,None,Other/Not known (2005-10),Approaching junction or waiting/parked at junction approach,SUZUKI,ALTO SZ3,Petrol,Female,None,No tow/articulation,Did not leave carriageway,0,Turning right,2,Car,No,Front,2010
201050FT2I032,Unclassified,0,NA,0,Slight,None,13-08-2010,Friday,1,Data missing or out of range,Not at junction or within 20 metres,50.47367,Daylight,291390,64890,-3.531969,E01015260,1,2,0,0,Dry,Single carriageway,None,30,13:34:00,Urban,Fine no high winds,No,16 - 20,1,Rural,6,1108,None,None,Other/Not known (2005-10),Not at or within 20 metres of junction,FIAT,PANDA ACTIVE ECO,Petrol,Female,None,No tow/articulation,Did not leave carriageway,0,Going ahead other,1,Car,No,Did not impact,2010
201054EF35710,A,4,NA,0,Slight,None,09-10-2010,Saturday,1,Not at junction or within 20 metres,Not at junction or within 20 metres,51.444384,Daylight,388180,171730,-2.171484,E01031931,1,2,0,0,Dry,Single carriageway,None,60,02:19:00,Rural,Fine no high winds,No,16 - 20,1,Urban area,3,1390,None,None,Other/Not known (2005-10),Not at or within 20 metres of junction,SEAT,IBIZA SPORT 84,Petrol,Female,None,No tow/articulation,Did not leave carriageway,0,Going ahead other,2,Car,No,Front,2010
20105500C0059,Unclassified,0,C,309,Slight,None,06-01-2010,Wednesday,1,Give way or uncontrolled,T or staggered junction,50.721512,Daylight,411200,91340,-1.842721,E01015278,2,2,0,0,Frost or ice,Single carriageway,None,30,12:21:00,Urban,Fine no high winds,No,16 - 20,1,Urban area,7,1596,Parked vehicle,None,Other/Not known (2005-10),Approaching junction or waiting/parked at junction approach,FORD,FOCUS ZETEC 100 AUTO,Petrol,Female,Skidded,No tow/articulation,Straight ahead at junction,0,Going ahead other,2,Car,No,Front,2010
2010550C28167,Unclassified,0,NA,0,Slight,None,03-07-2010,Saturday,1,Not at junction or within 20 metres,Not at junction or within 20 metres,50.779982,Daylight,400450,97830,-1.995004,E01015433,1,1,0,0,Dry,Single carriageway,None,60,10:00:00,Rural,Fine no high winds,No,16 - 20,1,Small town,6,1560,Kerb,Lamp post,Other/Not known (2005-10),Not at or within 20 metres of junction,CITROEN,C3 PICASSO VTR PLUS HDI,Heavy oil,Female,Overturned,No tow/articulation,Nearside and rebounded,0,Going ahead other,1,Car,No,Nearside,2010
2010550C30245,A,3049,B,3074,Slight,None,15-07-2010,Thursday,2,Give way or uncontrolled,Roundabout,50.753532,Daylight,403680,94890,-1.949218,E01015410,1,2,0,0,Dry,Roundabout,None,30,14:30:00,Rural,Fine no high winds,No,16 - 20,1,Urban area,4,1968,None,None,Other/Not known (2005-10),Entering roundabout,SKODA,YETI SE TDI CR,Heavy oil,Female,None,No tow/articulation,Did not leave carriageway,0,Moving off,1,Car,No,Back,2010
2010550D21060,A,338,NA,0,Slight,None,23-05-2010,Sunday,1,Not at junction or within 20 metres,Not at junction or within 20 metres,50.760947,Daylight,413290,95730,-1.812956,E01020365,1,3,0,0,Dry,Dual carriageway,None,70,17:38:00,Rural,Fine no high winds,No,16 - 20,1,Urban area,8,1596,None,None,Other/Not known (2005-10),Not at or within 20 metres of junction,FORD,FOCUS ZETEC 100,Petrol,Female,None,No tow/articulation,Did not leave carriageway,0,Going ahead other,2,Car,No,Back,2010
201060L019734,A,55,Unclassified,0,Slight,None,04-02-2010,Thursday,1,Give way or uncontrolled,Roundabout,53.260055,Daylight,268500,375490,-3.972883,W01000123,1,3,0,0,Dry,Dual carriageway,None,70,08:36:00,Rural,Fine no high winds,No,16 - 20,1,Rural,NA,996,None,None,Commuting to/from work,Entering roundabout,SUZUKI,ALTO SZ4,Petrol,Female,None,No tow/articulation,Did not leave carriageway,0,Waiting to go - held up,2,Car,No,Back,2010
201060L090279,A,55,A,5119,Slight,None,23-05-2010,Sunday,2,Give way or uncontrolled,Slip road,53.210469,Daylight,324870,368750,-3.126452,W01000323,2,2,0,0,Dry,Dual carriageway,None,70,12:30:00,Rural,Fine no high winds,No,16 - 20,1,Rural,7,1364,None,Central crash barrier,Other/Not known (2005-10),Approaching junction or waiting/parked at junction approach,VAUXHALL,CORSA SXI A/C,Petrol,Female,Skidded,No tow/articulation,Did not leave carriageway,0,Going ahead other,1,Car,No,Front,2010