Accident_Index,1st_Road_Class,1st_Road_Number,2nd_Road_Class,2nd_Road_Number,Accident_Severity,Carriageway_Hazards,Date,Day_of_Week,Did_Police_Officer_Attend_Scene_of_Accident,Junction_Control,Junction_Detail,Latitude,Light_Conditions,Location_Easting_OSGR,Location_Northing_OSGR,Longitude,LSOA_of_Accident_Location,Number_of_Casualties,Number_of_Vehicles,Pedestrian_Crossing-Human_Control,Pedestrian_Crossing-Physical_Facilities,Road_Surface_Conditions,Road_Type,Special_Conditions_at_Site,Speed_limit,Time,Urban_or_Rural_Area,Weather_Conditions,InScotland,Age_Band_of_Driver,Age_of_Vehicle,Driver_Home_Area_Type,Driver_IMD_Decile,Engine_Capacity_.CC.,Hit_Object_in_Carriageway,Hit_Object_off_Carriageway,Journey_Purpose_of_Driver,Junction_Location,make,model,Propulsion_Code,Sex_of_Driver,Skidding_and_Overturning,Towing_and_Articulation,Vehicle_Leaving_Carriageway,Vehicle_Location.Restricted_Lane,Vehicle_Manoeuvre,Vehicle_Reference,Vehicle_Type,Was_Vehicle_Left_Hand_Drive,X1st_Point_of_Impact,Year
201042I028001,B,1414,NA,0,Slight,None,05-05-2020,Friday,1,Not at junction or within 20 metres,Not at junction or within 20 metres,13.0199217,Daylight,621750,228820,77.67139603,E01021992,1,1,0,0,Wet or damp,Single carriageway,None,60,15:49:00,Rural,Raining no high winds,No,16 - 20,1,Urban area,5,49,Kerb,None,Other/Not known (2005-10),Not at or within 20 metres of junction,KEEWAY,HURRICANE,Petrol,Female,None,No tow/articulation,Nearside,0,Going ahead other,1,Motorcycle 50cc and under,No,Did not impact,2020
201001QA10276,A,410,C,0,Slight,None,22-07-2010,Thursday,1,Give way or uncontrolled,Roundabout,51.609224,Daylight,513980,191330,-0.355376,E01002148,1,2,0,0,Wet or damp,Roundabout,None,30,18:20:00,Urban,Raining no high winds,No,16 - 20,1,Urban area,7,1198,None,None,Other/Not known (2005-10),Mid Junction - on roundabout or on main road,VOLKSWAGEN,POLO MATCH 70,Petrol,Female,None,No tow/articulation,Did not leave carriageway,0,Going ahead left-hand bend,1,Car,No,Front,2010
201042I028001,B,1414,NA,0,Slight,None,29-01-2010,Friday,1,Not at junction or within 20 metres,Not at junction or within 20 metres,51.913689,Daylight,621750,228820,1.222885,E01021992,1,1,0,0,Wet or damp,Single carriageway,None,60,15:49:00,Rural,Raining no high winds,No,16 - 20,1,Urban area,5,49,Kerb,None,Other/Not known (2005-10),Not at or within 20 metres of junction,KEEWAY,HURRICANE,Petrol,Female,None,No tow/articulation,Nearside,0,Going ahead other,1,Motorcycle 50cc and under,No,Did not impact,2010
201045EL53076,Unclassified,3858,Unclassified,0,Slight,None,10-08-2010,Tuesday,1,Give way or uncontrolled,Roundabout,51.376717,Daylight,510280,165380,-0.416888,E01030367,1,1,0,0,Wet or damp,Single carriageway,None,30,09:35:00,Urban,Raining no high winds,No,16 - 20,1,Urban area,10,1364,None,Tree,Commuting to/from work,Approaching junction or waiting/parked at junction approach,VAUXHALL,CORSA SXI AC 16V,Petrol,Female,Skidded,No tow/articulation,Offside,0,Going ahead right-hand bend,1,Car,No,Front,2010
201060L181584,A,525,B,5381,Slight,None,29-09-2010,Wednesday,1,Give way or uncontrolled,T or staggered junction,53.229498,Daylight,304590,371230,-3.430772,W01000247,1,2,0,0,Wet or damp,Single carriageway,None,40,08:40:00,Rural,Raining no high winds,No,16 - 20,1,Urban area,NA,1242,None,None,Taking pupil to/from school,Entering main road,VAUXHALL,AGILA DESIGN,Petrol,Female,None,No tow/articulation,Did not leave carriageway,0,Moving off,1,Car,No,Front,2010
201001QA10276,A,410,C,0,Slight,None,22-07-2010,Thursday,1,Give way or uncontrolled,Roundabout,51.609224,Daylight,513980,191330,-0.355376,E01002148,1,2,0,0,Wet or damp,Roundabout,None,30,18:20:00,Urban,Raining no high winds,No,16 - 20,1,Urban area,7,1198,None,None,Other/Not known (2005-10),Mid Junction - on roundabout or on main road,VOLKSWAGEN,POLO MATCH 70,Petrol,Female,None,No tow/articulation,Did not leave carriageway,0,Going ahead left-hand bend,1,Car,No,Front,2010
201004AN10087,Unclassified,0,Unclassified,0,Slight,None,30-07-2010,Friday,1,Give way or uncontrolled,Crossroads,53.832722,Daylight,332790,437870,-3.022734,E01012724,1,2,0,0,Wet or damp,Single carriageway,None,30,18:21:00,Urban,Raining no high winds,No,16 - 20,1,Small town,8,1364,None,None,Other/Not known (2005-10),Mid Junction - on roundabout or on main road,VAUXHALL,ASTRA ACTIVE PLUS,Petrol,Female,None,No tow/articulation,Did not leave carriageway,0,U-turn,1,Car,No,Offside,2010
201006K031924,A,58,A,6,Slight,None,26-05-2010,Wednesday,1,Give way or uncontrolled,Roundabout,53.551301,Daylight,367200,406190,-2.49655,E01004891,4,2,0,0,Wet or damp,Roundabout,None,40,15:53:00,Rural,Raining no high winds,No,16 - 20,1,Urban area,1,1399,None,None,Other/Not known (2005-10),Entering roundabout,FORD,FIESTA ZETEC 68 TDCI,Heavy oil,Female,None,No tow/articulation,Did not leave carriageway,0,Going ahead other,1,Car,No,Front,2010
201006K034445,A,673,A,58,Slight,None,19-07-2010,Monday,1,Auto traffic signal,T or staggered junction,53.579377,Daylight,367720,409310,-2.489024,E01004844,1,3,0,5,Wet or damp,Single carriageway,None,40,17:15:00,Rural,Raining no high winds,No,16 - 20,1,Rural,7,998,None,None,Commuting to/from work,Approaching junction or waiting/parked at junction approach,TOYOTA,IQ2 VVT-I,Petrol,Female,None,No tow/articulation,Did not leave carriageway,0,Going ahead other,1,Car,No,Front,2010
201011NH13750,B,6173,Unclassified,0,Slight,None,09-06-2010,Wednesday,1,Give way or uncontrolled,T or staggered junction,54.876011,Daylight,419140,553510,-1.703235,E01020678,1,2,0,0,Wet or damp,Single carriageway,None,30,16:00:00,Urban,Raining no high winds,No,16 - 20,1,Urban area,4,1349,None,None,Other/Not known (2005-10),Approaching junction or waiting/parked at junction approach,MAZDA,2 TAMURA,Petrol,Female,None,No tow/articulation,Did not leave carriageway,0,Waiting to turn right,2,Car,No,Back,2010
201014A135110,C,763,C,97,Slight,None,13-08-2010,Friday,1,Give way or uncontrolled,T or staggered junction,53.575965,Daylight,460800,409210,-1.083237,E01007624,3,2,0,0,Wet or damp,Single carriageway,None,40,13:09:00,Rural,Raining no high winds,No,16 - 20,1,Urban area,9,1399,None,None,Other/Not known (2005-10),Mid Junction - on roundabout or on main road,FORD,FIESTA EDGE TDCI 68,Heavy oil,Female,None,No tow/articulation,Did not leave carriageway,0,Going ahead other,2,Car,No,Front,2010
201014C040910,B,6427,Unclassified,0,Slight,None,01-04-2010,Thursday,1,Give way or uncontrolled,T or staggered junction,53.420089,Daylight,453640,391780,-1.194334,E01007760,2,2,0,0,Wet or damp,Single carriageway,None,30,18:00:00,Urban,Raining no high winds,No,16 - 20,1,Urban area,4,1329,None,None,Other/Not known (2005-10),Approaching junction or waiting/parked at junction approach,TOYOTA,YARIS TR VVT-I,Petrol,Female,None,No tow/articulation,Did not leave carriageway,0,Turning left,2,Car,No,Front,2010
20103102D0068,C,127,Unclassified,0,Slight,None,05-01-2010,Tuesday,2,Give way or uncontrolled,Private drive or entrance,53.014319,Daylight,447450,346570,-1.29418,E01028114,2,2,0,0,Snow,Single carriageway,None,30,11:45:00,Urban,Snowing + high winds,No,16 - 20,1,Urban area,9,1397,None,None,Other/Not known (2005-10),Mid Junction - on roundabout or on main road,MINI,FIRST,Petrol,Female,None,No tow/articulation,Did not leave carriageway,0,Waiting to turn right,2,Car,No,Offside,2010
201036T100017,A,1067,NA,0,Slight,None,21-02-2020,Sunday,1,Data missing or out of range,Not at junction or within 20 metres,18.54906577,Daylight,594200,329930,73.91284823,E01026748,1,2,0,0,Snow,Single carriageway,None,60,09:45:00,Rural,Snowing no high winds,No,16 - 20,1,Small town,5,49,None,None,Other/Not known (2005-10),Not at or within 20 metres of junction,BAOTIAN,BT 49 QT-9D,Petrol,Male,None,No tow/articulation,Nearside,0,Going ahead other,1,Motorcycle 50cc and under,No,Front,2021
201001RY10514,Unclassified,0,Unclassified,0,Slight,None,17-12-2010,Friday,1,Give way or uncontrolled,T or staggered junction,51.476145,Daylight,548710,177420,0.139968,E01000436,2,2,0,0,Frost or ice,Single carriageway,None,30,13:10:00,Urban,Snowing no high winds,No,16 - 20,1,Urban area,9,998,None,None,Other/Not known (2005-10),Cleared junction or waiting/parked at junction exit,PEUGEOT,107 URBAN,Petrol,Male,None,No tow/articulation,Did not leave carriageway,0,Parked,2,Car,No,Back,2010
201036T100017,A,1067,NA,0,Slight,None,21-02-2010,Sunday,1,Data missing or out of range,Not at junction or within 20 metres,52.831853,Daylight,594200,329930,0.881404,E01026748,1,2,0,0,Snow,Single carriageway,None,60,09:45:00,Rural,Snowing no high winds,No,16 - 20,1,Small town,5,49,None,None,Other/Not known (2005-10),Not at or within 20 metres of junction,BAOTIAN,BT 49 QT-9D,Petrol,Male,None,No tow/articulation,Nearside,0,Going ahead other,1,Motorcycle 50cc and under,No,Front,2010
201001RY10514,Unclassified,0,Unclassified,0,Slight,None,17-12-2010,Friday,1,Give way or uncontrolled,T or staggered junction,51.476145,Daylight,548710,177420,0.139968,E01000436,2,2,0,0,Frost or ice,Single carriageway,None,30,13:10:00,Urban,Snowing no high winds,No,16 - 20,1,Urban area,9,998,None,None,Other/Not known (2005-10),Cleared junction or waiting/parked at junction exit,PEUGEOT,107 URBAN,Petrol,Male,None,No tow/articulation,Did not leave carriageway,0,Parked,2,Car,No,Back,2010
201005BB01029,A,565,NA,0,Slight,None,05-01-2010,Tuesday,1,Data missing or out of range,Not at junction or within 20 metres,53.544414,Daylight,330650,405820,-3.048068,E01007076,1,2,0,0,Snow,Dual carriageway,None,70,15:25:00,Rural,Snowing no high winds,No,16 - 20,1,Urban area,6,1596,None,None,Commuting to/from work,Not at or within 20 metres of junction,FORD,FOCUS ZETEC 100 AUTO,Petrol,Male,Skidded,No tow/articulation,Nearside,0,Going ahead other,1,Car,No,Offside,2010
201014C057210,Unclassified,0,NA,0,Slight,None,02-01-2010,Saturday,1,Not at junction or within 20 metres,Not at junction or within 20 metres,53.323017,Daylight,453670,380980,-1.195714,E01007753,1,2,0,0,Frost or ice,Single carriageway,None,60,09:53:00,Rural,Snowing no high winds,No,16 - 20,1,Urban area,3,4500,None,None,Other/Not known (2005-10),Not at or within 20 metres of junction,ALEXANDER DENNIS,,Heavy oil,Male,None,No tow/articulation,Nearside,0,Going ahead other,2,Bus or coach (17 or more pass seats),No,Front,2010
201005BB02348,Unclassified,0,Unclassified,0,Slight,None,13-01-2010,Wednesday,1,Give way or uncontrolled,T or staggered junction,53.470533,Daylight,334810,397540,-2.983573,E01007047,1,3,0,0,Snow,Single carriageway,None,30,08:40:00,Urban,Snowing no high winds,No,16 - 20,1,Urban area,5,1386,Parked vehicle,None,Taking pupil to/from school,Cleared junction or waiting/parked at junction exit,NISSAN,NOTE VISIA,Petrol,Female,Skidded,No tow/articulation,Did not leave carriageway,0,Going ahead left-hand bend,3,Car,No,Front,2010
2010170L30100,Unclassified,0,Unclassified,0,Slight,None,04-01-2010,Monday,1,Give way or uncontrolled,T or staggered junction,54.618678,Daylight,459980,525230,-1.072649,E01012100,1,2,0,0,Frost or ice,Single carriageway,None,30,15:44:00,Urban,Snowing no high winds,No,16 - 20,1,Urban area,6,1997,None,None,Other/Not known (2005-10),Cleared junction or waiting/parked at junction exit,FORD,FOCUS CC-3 D,Heavy oil,Female,Skidded,No tow/articulation,Did not leave carriageway,0,Going ahead right-hand bend,1,Car,No,Front,2010
201045GU52908,C,43,A,246,Slight,None,11-12-2019,Friday,1,Auto traffic signal,Other junction,28.60548565,Daylight,511850,153290,77.22870769,E01030447,1,2,0,0,Dry,Dual carriageway,None,30,18:30:00,Urban,Unknown,No,16 - 20,1,Urban area,10,1242,None,None,Other/Not known (2005-10),Approaching junction or waiting/parked at junction approach,FIAT,500 SPORT,Petrol,Male,None,No tow/articulation,Did not leave carriageway,0,Turning left,1,Car,No,Front,2020
201045GU52908,C,43,A,246,Slight,None,06-08-2010,Friday,1,Auto traffic signal,Other junction,51.26774,Daylight,511850,153290,-0.39813,E01030447,1,2,0,0,Dry,Dual carriageway,None,30,18:30:00,Urban,Unknown,No,16 - 20,1,Urban area,10,1242,None,None,Other/Not known (2005-10),Approaching junction or waiting/parked at junction approach,FIAT,500 SPORT,Petrol,Male,None,No tow/articulation,Did not leave carriageway,0,Turning left,1,Car,No,Front,2010
201014K060910,Unclassified,0,Unclassified,0,Slight,None,23-02-2010,Tuesday,2,Give way or uncontrolled,T or staggered junction,53.388409,Daylight,437420,388100,-1.438821,E01007883,1,2,0,0,Dry,Single carriageway,None,30,16:00:00,Urban,Unknown,No,16 - 20,1,Urban area,2,124,None,None,Commuting to/from work,Approaching junction or waiting/parked at junction approach,YAMAHA,NXC 125 CYGNUS,Petrol,Male,None,No tow/articulation,Did not leave carriageway,0,Waiting to go - held up,1,Motorcycle 125cc and under,No,Back,2010
201045TA50368,B,2028,NA,0,Slight,None,14-06-2021,Saturday,1,Data missing or out of range,Not at junction or within 20 metres,28.64814374,Daylight,542510,143410,77.14016913,E01030822,2,2,0,0,Dry,Dual carriageway,None,40,13:00:00,Rural,Unknown,No,16 - 20,1,Small town,4,1198,None,None,Other/Not known (2005-10),Not at or within 20 metres of junction,VOLKSWAGEN,POLO MATCH 60,Petrol,Female,None,No tow/articulation,Did not leave carriageway,0,Going ahead other,1,Car,No,Front,2020
201045SP50399,B,376,B,376,Slight,None,21-01-2019,Monday,1,Auto traffic signal,T or staggered junction,28.63462191,Daylight,503290,171720,77.25639458,E01030735,1,2,0,0,Dry,Single carriageway,None,30,13:45:00,Urban,Unknown,No,16 - 20,1,Urban area,5,1400,None,None,Other/Not known (2005-10),Approaching junction or waiting/parked at junction approach,VOLKSWAGEN,POLO SE TDI 80,Heavy oil,Female,None,No tow/articulation,Did not leave carriageway,0,Waiting to go - held up,1,Car,No,Back,2021
201045SP50399,B,376,B,376,Slight,None,12-04-2010,Monday,1,Auto traffic signal,T or staggered junction,51.435019,Daylight,503290,171720,-0.515439,E01030735,1,2,0,0,Dry,Single carriageway,None,30,13:45:00,Urban,Unknown,No,16 - 20,1,Urban area,5,1400,None,None,Other/Not known (2005-10),Approaching junction or waiting/parked at junction approach,VOLKSWAGEN,POLO SE TDI 80,Heavy oil,Female,None,No tow/articulation,Did not leave carriageway,0,Waiting to go - held up,1,Car,No,Back,2010
201045TA50368,B,2028,NA,0,Slight,None,10-04-2010,Saturday,1,Data missing or out of range,Not at junction or within 20 metres,51.172119,Daylight,542510,143410,0.037162,E01030822,2,2,0,0,Dry,Dual carriageway,None,40,13:00:00,Rural,Unknown,No,16 - 20,1,Small town,4,1198,None,None,Other/Not known (2005-10),Not at or within 20 metres of junction,VOLKSWAGEN,POLO MATCH 60,Petrol,Female,None,No tow/articulation,Did not leave carriageway,0,Going ahead other,1,Car,No,Front,2010
201045WO48163,A,320,NA,0,Slight,None,19-12-2021,Tuesday,1,Data missing or out of range,Not at junction or within 20 metres,27.09208502,Darkness - lights lit,500360,158650,93.61355053,E01030954,2,2,0,0,Wet or damp,Single carriageway,None,30,15:02:00,Urban,Fine + high winds,No,21 - 25,1,Urban area,4,1753,None,None,Journey as part of work,Not at or within 20 metres of junction,FORD,FOCUS STYLE TD 115,Heavy oil,Female,None,No tow/articulation,Did not leave carriageway,0,Going ahead other,2,Car,No,Offside,2019
201045WO48163,A,320,NA,0,Slight,None,26-01-2010,Tuesday,1,Data missing or out of range,Not at junction or within 20 metres,51.318059,Darkness - lights lit,500360,158650,-0.561265,E01030954,2,2,0,0,Wet or damp,Single carriageway,None,30,15:02:00,Urban,Fine + high winds,No,21 - 25,1,Urban area,4,1753,None,None,Journey as part of work,Not at or within 20 metres of junction,FORD,FOCUS STYLE TD 115,Heavy oil,Female,None,No tow/articulation,Did not leave carriageway,0,Going ahead other,2,Car,No,Offside,2010
20104100T3271,Motorway,25,NA,0,Slight,None,07-05-2020,Wednesday,1,Not at junction or within 20 metres,Not at junction or within 20 metres,25.78793718,Darkness - lights lit,506220,198360,87.45505269,E01023854,2,2,0,0,Dry,Dual carriageway,Roadworks,70,05:03:00,Rural,Fine no high winds,No,21 - 25,1,Urban area,6,1910,None,None,Journey as part of work,Not at or within 20 metres of junction,VAUXHALL,VECTRA EXCLUSIV CDTI 120,Heavy oil,Male,None,No tow/articulation,Did not leave carriageway,0,Changing lane to left,1,Car,No,Front,2019
20104100K0307,C,54,Unclassified,200,Slight,None,27-07-2021,Saturday,1,Give way or uncontrolled,T or staggered junction,22.10808728,Darkness - lights lit,531580,204610,82.16160886,E01023313,1,1,0,0,Dry,Single carriageway,None,30,22:50:00,Rural,Fine no high winds,No,21 - 25,1,Urban area,5,3999,None,Tree,Other/Not known (2005-10),Mid Junction - on roundabout or on main road,BMW,M3 SEMI AUTO,Petrol,Male,Skidded,No tow/articulation,Straight ahead at junction,0,Going ahead other,1,Car,No,Front,2019
201043S102070,C,8006,C,15,Slight,None,19-03-2021,Saturday,1,Give way or uncontrolled,Roundabout,22.07463193,Darkness - lights lit,485840,238620,82.17286042,E01016730,1,3,0,0,Dry,Roundabout,None,70,02:48:00,Urban,Fine no high winds,No,21 - 25,1,Urban area,9,1560,None,None,Other/Not known (2005-10),Entering roundabout,MAZDA,3 TS2 D,Heavy oil,Male,None,No tow/articulation,Did not leave carriageway,0,Turning right,3,Car,No,Back,2019
20104100T1026,Motorway,1,Motorway,1,Slight,None,29-01-2019,Wednesday,1,Give way or uncontrolled,Slip road,22.06765168,Darkness - lights lit,509450,208700,82.1697685,E01023722,1,2,0,0,Dry,Dual carriageway,None,70,02:45:00,Rural,Fine no high winds,No,21 - 25,1,Urban area,NA,1598,None,None,Other/Not known (2005-10),Approaching junction or waiting/parked at junction approach,VAUXHALL,ASTRA SXI,Petrol,Male,None,No tow/articulation,Did not leave carriageway,0,Going ahead other,1,Car,No,Front,2019
201043S008110,A,421,A,4146,Slight,None,19-12-2020,Monday,2,Give way or uncontrolled,Roundabout,15.27885883,Darkness - lights lit,489800,238100,74.05133438,E01016783,2,2,0,0,Dry,Roundabout,None,70,17:27:00,Urban,Fine no high winds,No,21 - 25,1,Urban area,8,1399,None,None,Other/Not known (2005-10),Entering roundabout,FORD,FIESTA STYLE PLUS 68 TDCI,Heavy oil,Male,None,No tow/articulation,Did not leave carriageway,0,Slowing or stopping,2,Car,No,Back,2019
2010400C01168,A,6,Unclassified,0,Slight,None,20-11-2021,Thursday,1,Auto traffic signal,Crossroads,22.98217679,Darkness - lights lit,508610,223930,72.53086206,E01015694,2,2,0,0,Dry,Single carriageway,None,30,19:15:00,Urban,Fine no high winds,No,21 - 25,1,Urban area,2,1364,None,None,Other/Not known (2005-10),Mid Junction - on roundabout or on main road,VAUXHALL,CORSA SXI A/C,Petrol,Male,None,No tow/articulation,Did not leave carriageway,0,Going ahead other,1,Car,No,Front,2019
201037B045560,Unclassified,6500,Unclassified,6500,Slight,None,06-11-2019,Sunday,1,Give way or uncontrolled,T or staggered junction,28.48150365,Darkness - lights lit,564020,263320,76.99221101,E01029949,1,2,0,0,Dry,Single carriageway,None,30,01:55:00,Urban,Fine no high winds,No,21 - 25,1,Urban area,2,1206,None,None,Other/Not known (2005-10),Mid Junction - on roundabout or on main road,CHEVROLET,AVEO S,Petrol,Male,None,No tow/articulation,Did not leave carriageway,0,Overtaking static vehicle - offside,1,Car,No,Offside,2019
201045RE50188,A,25,NA,0,Slight,None,03-04-2019,Thursday,2,Data missing or out of range,Not at junction or within 20 metres,8.870650344,Darkness - lights lit,525490,150360,76.67428401,E01030620,1,1,0,0,Dry,One way street,None,30,00:45:00,Urban,Fine no high winds,No,21 - 25,1,Urban area,10,1997,None,Other permanent object,Other/Not known (2005-10),Not at or within 20 metres of junction,FORD,MONDEO ZETEC TDCI 140,Heavy oil,Male,None,No tow/articulation,Offside,0,Going ahead left-hand bend,1,Car,No,Front,2020
201045SU56134,Motorway,3,NA,0,Slight,None,10-01-2020,Thursday,1,Data missing or out of range,Not at junction or within 20 metres,26.46751198,Darkness - lights lit,493480,163010,80.29039086,E01030809,2,3,0,0,Frost or ice,Dual carriageway,None,70,07:10:00,Rural,Fine no high winds,No,21 - 25,1,Urban area,4,2287,None,None,Other/Not known (2005-10),Not at or within 20 metres of junction,IVECO,DAILY 35C12 MWB,Heavy oil,Male,None,No tow/articulation,Did not leave carriageway,0,Going ahead other,3,Van / Goods 3.5 tonnes mgw or under,No,Nearside,2020
201043R147120,Unclassified,7302,Unclassified,7302,Slight,None,16-11-2019,Friday,1,Give way or uncontrolled,Crossroads,26.47911417,Darkness - lights lit,497160,181040,80.32305234,E01016447,2,2,0,0,Dry,Single carriageway,None,30,23:21:00,Urban,Fine no high winds,No,21 - 25,1,Urban area,10,1248,None,None,Journey as part of work,Approaching junction or waiting/parked at junction approach,VAUXHALL,CORSA SPECIAL 16V CDTI,Heavy oil,Male,None,No tow/articulation,Did not leave carriageway,0,Going ahead other,1,Car,No,Back,2020
201043P306070,Unclassified,320,B,4495,Slight,None,20-08-2019,Thursday,2,Give way or uncontrolled,Crossroads,28.67375643,Darkness - lights lit,454930,206360,77.0763822,E01028525,1,2,0,5,Dry,Single carriageway,None,20,22:00:00,Urban,Fine no high winds,No,21 - 25,1,Urban area,7,1461,None,None,Other/Not known (2005-10),Approaching junction or waiting/parked at junction approach,NISSAN,NOTE N-TEC DCI,Heavy oil,Male,None,No tow/articulation,Did not leave carriageway,0,Waiting to go - held up,2,Car,No,Back,2021
201043N103090,A,41,A,41,Slight,None,12-01-2019,Thursday,1,Give way or uncontrolled,Roundabout,18.56307154,Darkness - lights lit,485970,212720,73.89293401,E01017632,1,1,0,0,Dry,Roundabout,None,60,23:20:00,Rural,Fine no high winds,No,21 - 25,1,Urban area,6,11967,None,None,Journey as part of work,Mid Junction - on roundabout or on main road,MERCEDES,,Heavy oil,Male,Overturned,Articulated vehicle,Nearside,0,Turning right,1,Goods 7.5 tonnes mgw and over,No,Did not impact,2021
201043P161050,Unclassified,320,Unclassified,0,Slight,None,06-07-2020,Friday,1,Give way or uncontrolled,T or staggered junction,19.09187622,Darkness - lights lit,455230,202790,72.85293466,E01028520,2,1,0,0,Dry,Single carriageway,None,20,23:49:00,Urban,Fine no high winds,No,21 - 25,1,Urban area,6,996,Bollard or refuge,Other permanent object,Other/Not known (2005-10),Approaching junction or waiting/parked at junction approach,NISSAN,PIXO VISIA,Petrol,Male,Overturned,No tow/articulation,Offside,0,Going ahead other,1,Car,No,Nearside,2021
201037B045560,Unclassified,6500,Unclassified,6500,Slight,None,13-05-2019,Sunday,1,Give way or uncontrolled,T or staggered junction,19.19301914,Darkness - lights lit,564020,263320,72.90577154,E01029949,1,2,0,0,Dry,Single carriageway,None,30,01:55:00,Urban,Fine no high winds,No,21 - 25,1,Data missing or out of range,NA,1753,None,None,Journey as part of work,Mid Junction - on roundabout or on main road,FORD,FOCUS STYLE TD 115,Heavy oil,Male,None,No tow/articulation,Did not leave carriageway,0,Moving off,2,Car,No,Front,2021
201054ES01810,C,329,Unclassified,0,Slight,None,14-12-2019,Monday,2,Give way or uncontrolled,Crossroads,15.48878415,Darkness - lights lit,414700,129930,73.71621694,E01032023,1,2,0,0,Dry,Single carriageway,None,20,17:30:00,Urban,Fine no high winds,No,21 - 25,1,Urban area,1,1796,None,None,Commuting to/from work,Entering main road,VAUXHALL,ASTRA DESIGN A,Petrol,Male,None,No tow/articulation,Did not leave carriageway,0,Going ahead other,1,Car,No,Nearside,2021
201042I062402,A,126,Unclassified,0,Slight,None,20-06-2020,Friday,1,Auto traffic signal,Crossroads,27.09749952,Darkness - lights lit,561660,177990,93.61371362,E01015956,3,2,0,5,Dry,Single carriageway,None,30,17:20:00,Urban,Fine no high winds,No,21 - 25,1,Rural,7,1997,None,None,Journey as part of work,Mid Junction - on roundabout or on main road,FORD,GALAXY ZETEC TDCI AUTO,Heavy oil,Male,None,No tow/articulation,Did not leave carriageway,0,Going ahead other,2,Taxi/Private hire car,No,Front,2019
201001BS70208,Unclassified,0,Unclassified,0,Slight,None,24-04-2010,Saturday,1,Give way or uncontrolled,Crossroads,51.496736,Darkness - lights lit,527280,179130,-0.167816,E01002819,1,2,0,0,Dry,Single carriageway,None,30,20:35:00,Urban,Fine no high winds,No,21 - 25,1,Urban area,4,2993,None,None,Other/Not known (2005-10),Mid Junction - on roundabout or on main road,BMW,730LD SE AUTO,Heavy oil,Male,None,No tow/articulation,Did not leave carriageway,0,Going ahead other,1,Car,No,Front,2010
201001BS70407,A,3212,Unclassified,0,Slight,None,04-07-2010,Sunday,1,Give way or uncontrolled,T or staggered junction,51.484931,Darkness - lights lit,528220,177840,-0.15475,E01002901,1,2,0,0,Dry,Single carriageway,None,30,22:30:00,Urban,Fine no high winds,No,21 - 25,1,Urban area,3,599,None,None,Other/Not known (2005-10),Mid Junction - on roundabout or on main road,YAMAHA,YZF R6 09,Petrol,Male,None,No tow/articulation,Did not leave carriageway,0,Going ahead other,2,Motorcycle over 500cc,No,Front,2010
201001CW12425,A,4200,Unclassified,0,Slight,None,07-11-2010,Sunday,1,Give way or uncontrolled,T or staggered junction,51.516663,Darkness - lights lit,530540,181430,-0.120029,E01000918,2,2,0,0,Dry,Dual carriageway,None,30,03:00:00,Urban,Fine no high winds,No,21 - 25,1,Urban area,2,125,None,None,Other/Not known (2005-10),Cleared junction or waiting/parked at junction exit,HONDA,CBF 125 M-9,Petrol,Male,None,No tow/articulation,Did not leave carriageway,0,Going ahead other,2,Motorcycle over 125cc and up to 500cc,No,Nearside,2010
201001FH10047,B,408,Unclassified,0,Slight,None,23-01-2010,Saturday,1,Give way or uncontrolled,T or staggered junction,51.500989,Darkness - lights lit,522260,179480,-0.239976,E01001858,2,3,0,0,Dry,Single carriageway,None,30,20:33:00,Urban,Fine no high winds,No,21 - 25,1,Data missing or out of range,NA,124,None,None,Other/Not known (2005-10),Entering main road,TAIWAN GOLDEN BEE,DELIVERY 125,Petrol,Male,None,No tow/articulation,Did not leave carriageway,0,Going ahead other,2,Motorcycle 50cc and under,No,Nearside,2010
201001GD10615,C,0,A,10,Slight,None,24-09-2010,Friday,2,Auto traffic signal,T or staggered junction,51.542125,Darkness - lights lit,533490,184340,-0.076436,E01001750,1,2,0,0,Dry,Single carriageway,None,30,19:00:00,Urban,Fine no high winds,No,21 - 25,1,Data missing or out of range,NA,125,None,None,Other/Not known (2005-10),Approaching junction or waiting/parked at junction approach,HONDA,CBF 125 M-9,Petrol,Male,None,No tow/articulation,Did not leave carriageway,0,Going ahead other,1,Motorcycle 125cc and under,No,Front,2010
201001HT20246,B,142,Unclassified,0,Slight,None,08-04-2010,Thursday,2,Give way or uncontrolled,T or staggered junction,51.529785,Darkness - lights lit,537360,183070,-0.02116,E01004225,1,2,0,0,Dry,Single carriageway,None,30,21:35:00,Urban,Fine no high winds,No,21 - 25,1,Urban area,2,9000,None,None,Journey as part of work,Approaching junction or waiting/parked at junction approach,SCANIA,,Heavy oil,Male,None,No tow/articulation,Did not leave carriageway,0,Waiting to go - held up,1,Bus or coach (17 or more pass seats),No,Back,2010
201001HT20354,B,120,C,0,Slight,None,29-05-2010,Saturday,1,Give way or uncontrolled,Crossroads,51.524949,Darkness - lights lit,535430,182480,-0.049193,E01004213,1,2,0,1,Dry,Single carriageway,None,30,20:27:00,Urban,Fine no high winds,No,21 - 25,1,Urban area,1,108,None,None,Journey as part of work,Leaving main road,HONDA,NHX 110 WH-8,Petrol,Male,None,No tow/articulation,Did not leave carriageway,0,Turning right,1,Motorcycle 125cc and under,No,Offside,2010
201001HT20592,Unclassified,0,Unclassified,0,Slight,None,08-08-2010,Sunday,2,Give way or uncontrolled,T or staggered junction,51.514326,Darkness - lights lit,536630,181330,-0.032351,E01004251,1,2,0,0,Dry,Single carriageway,None,30,23:22:00,Urban,Fine no high winds,No,21 - 25,1,Urban area,2,1596,None,None,Other/Not known (2005-10),Mid Junction - on roundabout or on main road,FORD,FOCUS ZETEC 100,Petrol,Male,None,No tow/articulation,Did not leave carriageway,0,Going ahead other,1,Car,No,Nearside,2010