Accident_Index,1st_Road_Class,1st_Road_Number,2nd_Road_Class,2nd_Road_Number,Accident_Severity,Carriageway_Hazards,Date,Day_of_Week,Did_Police_Officer_Attend_Scene_of_Accident,Junction_Control,Junction_Detail,Latitude,Light_Conditions,Location_Easting_OSGR,Location_Northing_OSGR,Longitude,LSOA_of_Accident_Location,Number_of_Casualties,Number_of_Vehicles,Pedestrian_Crossing-Human_Control,Pedestrian_Crossing-Physical_Facilities,Road_Surface_Conditions,Road_Type,Special_Conditions_at_Site,Speed_limit,Time,Urban_or_Rural_Area,Weather_Conditions,InScotland,Age_Band_of_Driver,Age_of_Vehicle,Driver_Home_Area_Type,Driver_IMD_Decile,Engine_Capacity_.CC.,Hit_Object_in_Carriageway,Hit_Object_off_Carriageway,Journey_Purpose_of_Driver,Junction_Location,make,model,Propulsion_Code,Sex_of_Driver,Skidding_and_Overturning,Towing_and_Articulation,Vehicle_Leaving_Carriageway,Vehicle_Location.Restricted_Lane,Vehicle_Manoeuvre,Vehicle_Reference,Vehicle_Type,Was_Vehicle_Left_Hand_Drive,X1st_Point_of_Impact,Year
201001TW60338,B,361,Unclassified,0,Slight,None,15-10-2010,Friday,1,Give way or uncontrolled,Private drive or entrance,51.453765,Darkness - lights lit,515160,174060,-0.343985,E01003867,1,2,0,0,Dry,Single carriageway,None,30,20:29:00,Urban,Fine no high winds,No,21 - 25,1,Urban area,3,125,None,None,Other/Not known (2005-10),Mid Junction - on roundabout or on main road,HONDA,ANF 125-A,Petrol,Male,None,No tow/articulation,Did not leave carriageway,0,Going ahead other,2,Motorcycle 125cc and under,No,Front,2010
201001TX20474,Unclassified,0,B,363,Slight,None,24-06-2010,Thursday,1,Give way or uncontrolled,Mini-roundabout,51.475826,Darkness - lights lit,514960,176510,-0.346066,E01002643,2,2,0,0,Dry,Roundabout,None,30,19:50:00,Urban,Fine no high winds,No,21 - 25,1,Urban area,4,1560,None,None,Other/Not known (2005-10),Mid Junction - on roundabout or on main road,PEUGEOT,207 SPORT HDI 90,Heavy oil,Male,None,No tow/articulation,Did not leave carriageway,0,Going ahead other,1,Car,No,Nearside,2010
201001TX20704,Motorway,4,NA,0,Slight,None,22-10-2010,Friday,1,Data missing or out of range,Not at junction or within 20 metres,51.488736,Darkness - lights lit,511530,177870,-0.395006,E01002638,1,4,0,0,Dry,Dual carriageway,None,60,19:50:00,Urban,Fine no high winds,No,21 - 25,1,Data missing or out of range,NA,1896,None,None,Other/Not known (2005-10),Not at or within 20 metres of junction,VOLKSWAGEN,GOLF S TDI 105 DPF,Heavy oil,Male,None,No tow/articulation,Did not leave carriageway,0,Waiting to go - held up,3,Car,No,Back,2010
201001TX20830,A,3000,Unclassified,0,Slight,None,10-12-2010,Friday,1,Give way or uncontrolled,T or staggered junction,51.490802,Darkness - lights lit,520310,178300,-0.268458,E01002688,1,2,0,1,Dry,Single carriageway,None,30,18:45:00,Urban,Fine no high winds,No,21 - 25,1,Urban area,2,125,None,None,Journey as part of work,Approaching junction or waiting/parked at junction approach,HONDA,ANF 125-7,Petrol,Male,None,No tow/articulation,Did not leave carriageway,0,Waiting to go - held up,2,Motorcycle 125cc and under,No,Back,2010
201001WW50027,A,217,Unclassified,0,Slight,None,03-01-2010,Sunday,1,Auto traffic signal,T or staggered junction,51.441377,Darkness - lights lit,526070,172940,-0.187444,E01004496,2,2,0,5,Wet or damp,Single carriageway,None,30,18:53:00,Urban,Fine no high winds,No,21 - 25,1,Data missing or out of range,NA,125,None,None,Other/Not known (2005-10),Mid Junction - on roundabout or on main road,HONDA,ANF 125-7,Petrol,Male,None,No tow/articulation,Did not leave carriageway,0,Overtaking static vehicle - offside,2,Motorcycle 125cc and under,No,Front,2010
201001XD80961,A,40,C,0,Slight,None,22-12-2010,Wednesday,1,Auto traffic signal,Crossroads,51.513804,Darkness - lights lit,521600,180890,-0.248994,E01001243,3,2,0,5,Dry,Dual carriageway,None,40,23:40:00,Urban,Fine no high winds,No,21 - 25,1,Urban area,7,1198,None,None,Other/Not known (2005-10),Mid Junction - on roundabout or on main road,VOLKSWAGEN,POLO S 60,Petrol,Male,None,No tow/articulation,Did not leave carriageway,0,Turning right,1,Car,No,Nearside,2010
201001YE80059,A,1010,Unclassified,0,Slight,None,27-01-2010,Wednesday,1,Give way or uncontrolled,T or staggered junction,51.632233,Darkness - lights lit,534730,194400,-0.054707,E01001479,1,2,0,0,Dry,Single carriageway,None,30,05:39:00,Urban,Fine no high winds,No,21 - 25,1,Urban area,2,2402,None,None,Journey as part of work,Approaching junction or waiting/parked at junction approach,FORD,TRANSIT 115 T350L RWD,Heavy oil,Male,None,No tow/articulation,Did not leave carriageway,0,Overtaking moving vehicle - offside,1,Van / Goods 3.5 tonnes mgw or under,No,Nearside,2010
201001YR90125,A,1055,A,10,Slight,None,03-02-2010,Wednesday,1,Auto traffic signal,T or staggered junction,51.588699,Darkness - lights lit,533770,189530,-0.070427,E01002066,2,2,0,5,Dry,Single carriageway,None,30,19:31:00,Urban,Fine no high winds,No,21 - 25,1,Data missing or out of range,NA,9999,None,None,Journey as part of work,Approaching junction or waiting/parked at junction approach,MAN,,Heavy oil,Male,None,No tow/articulation,Did not leave carriageway,0,Moving off,2,Goods 7.5 tonnes mgw and over,No,Front,2010
201001ZD30841,A,222,NA,0,Slight,None,06-10-2010,Wednesday,1,Data missing or out of range,Not at junction or within 20 metres,51.380201,Darkness - lights lit,534190,166340,-0.073174,E01000986,1,2,0,5,Dry,Single carriageway,None,30,23:10:00,Urban,Fine no high winds,No,21 - 25,1,Data missing or out of range,NA,2402,None,None,Commuting to/from work,Not at or within 20 metres of junction,FORD,TRANSIT 100 T350L RWD,Heavy oil,Male,None,No tow/articulation,Offside,1,Going ahead other,1,Van / Goods 3.5 tonnes mgw or under,No,Back,2010
201001ZD30980,A,23,C,0,Slight,None,10-11-2010,Wednesday,2,Auto traffic signal,Crossroads,51.345527,Darkness - lights lit,531430,162410,-0.114262,E01001092,1,2,0,5,Dry,Dual carriageway,None,30,17:40:00,Urban,Fine no high winds,No,21 - 25,1,Urban area,8,649,None,None,Other/Not known (2005-10),Mid Junction - on roundabout or on main road,KAWASAKI,ER 650 C9F,Petrol,Male,None,No tow/articulation,Did not leave carriageway,0,Going ahead other,2,Motorcycle over 500cc,No,Front,2010
201004DR10109,A,6,NA,0,Slight,None,25-11-2010,Thursday,1,Data missing or out of range,Not at junction or within 20 metres,53.803556,Darkness - lights lit,352730,434380,-2.719243,E01025277,1,2,0,0,Dry,Single carriageway,None,40,18:15:00,Rural,Fine no high winds,No,21 - 25,1,Rural,4,1242,None,None,Other/Not known (2005-10),Not at or within 20 metres of junction,FORD,FIESTA ZETEC 82,Petrol,Male,None,No tow/articulation,Did not leave carriageway,0,Slowing or stopping,2,Car,No,Back,2010
201004EA10261,A,678,NA,0,Slight,None,29-10-2010,Friday,1,Data missing or out of range,Not at junction or within 20 metres,53.750921,Darkness - lights lit,370100,428380,-2.454921,E01012576,1,2,0,1,Wet or damp,Single carriageway,None,30,23:15:00,Urban,Fine no high winds,No,21 - 25,1,Urban area,1,1229,None,None,Other/Not known (2005-10),Not at or within 20 metres of junction,VAUXHALL,CORSA SXI A/C,Petrol,Male,None,No tow/articulation,Did not leave carriageway,0,Slowing or stopping,2,Car,No,Back,2010
201005FF02034,Unclassified,0,Unclassified,0,Slight,None,22-02-2010,Monday,1,Give way or uncontrolled,T or staggered junction,53.390845,Darkness - lights lit,341990,388580,-2.873767,E01006800,2,2,0,0,Frost or ice,Single carriageway,None,30,03:40:00,Urban,Fine no high winds,No,21 - 25,1,Data missing or out of range,NA,1753,None,None,Journey as part of work,Approaching junction or waiting/parked at junction approach,FORD,FOCUS STYLE TD 115,Heavy oil,Male,None,No tow/articulation,Did not leave carriageway,0,Going ahead other,1,Car,No,Front,2010
201006B034822,C,0,Unclassified,0,Slight,None,25-07-2010,Sunday,1,Give way or uncontrolled,T or staggered junction,53.452887,Darkness - lights lit,385190,395150,-2.224492,E01005288,1,2,0,0,Dry,Single carriageway,None,30,22:00:00,Urban,Fine no high winds,No,21 - 25,1,Urban area,3,599,None,None,Other/Not known (2005-10),Approaching junction or waiting/parked at junction approach,YAMAHA,YZF R6 09,Petrol,Male,None,No tow/articulation,Did not leave carriageway,0,Turning left,2,Motorcycle over 500cc,No,Offside,2010
201006C027482,A,560,Unclassified,0,Slight,None,05-02-2010,Friday,1,Auto traffic signal,Crossroads,53.400759,Darkness - lights lit,379960,389370,-2.302879,E01005114,2,2,0,5,Dry,Single carriageway,None,30,18:50:00,Urban,Fine no high winds,No,21 - 25,1,Urban area,1,996,None,None,Other/Not known (2005-10),Leaving main road,NISSAN,PIXO TEKNA,Petrol,Male,None,No tow/articulation,Did not leave carriageway,0,Going ahead other,1,Car,No,Front,2010
201006C030452,C,0,C,0,Slight,None,24-04-2010,Saturday,1,Auto traffic signal,Crossroads,53.421527,Darkness - lights lit,385560,391660,-2.21876,E01005175,3,6,0,0,Dry,Single carriageway,None,30,21:02:00,Urban,Fine no high winds,No,21 - 25,1,Urban area,2,1582,None,None,Other/Not known (2005-10),Approaching junction or waiting/parked at junction approach,KIA,CEE'D GS CRDI,Heavy oil,Male,None,No tow/articulation,Did not leave carriageway,0,Going ahead other,4,Car,No,Front,2010
201006G039540,C,0,Unclassified,0,Slight,None,21-11-2010,Sunday,1,Give way or uncontrolled,Crossroads,53.475468,Darkness - lights lit,389770,397650,-2.155606,E01005999,1,3,0,0,Dry,Single carriageway,None,30,17:45:00,Urban,Fine no high winds,No,21 - 25,1,Data missing or out of range,NA,1968,None,None,Other/Not known (2005-10),Cleared junction or waiting/parked at junction exit,VOLKSWAGEN,GOLF GT TDI 140,Heavy oil,Male,None,No tow/articulation,Did not leave carriageway,0,Parked,3,Car,No,Back,2010
201006K035861,A,676,Unclassified,0,Slight,None,29-08-2010,Sunday,1,Give way or uncontrolled,T or staggered junction,53.573362,Darkness - lights lit,370910,408620,-2.440781,E01004849,1,2,0,0,Dry,Single carriageway,None,30,21:45:00,Urban,Fine no high winds,No,21 - 25,1,Urban area,1,675,None,None,Other/Not known (2005-10),Approaching junction or waiting/parked at junction approach,TRIUMPH,STREET TRIPLE,Petrol,Male,None,No tow/articulation,Did not leave carriageway,0,Overtaking moving vehicle - offside,2,Motorcycle over 500cc,No,Front,2010
201006N039415,A,56,Unclassified,0,Slight,None,15-11-2010,Monday,1,Give way or uncontrolled,T or staggered junction,53.534282,Darkness - lights lit,381120,404220,-2.286329,E01005034,1,2,0,4,Wet or damp,Single carriageway,None,30,22:35:00,Urban,Fine no high winds,No,21 - 25,1,Urban area,1,124,None,None,Other/Not known (2005-10),Mid Junction - on roundabout or on main road,YAMAHA,YBR 125,Petrol,Male,Skidded,No tow/articulation,Did not leave carriageway,0,Going ahead other,2,Motorcycle 125cc and under,No,Did not impact,2010
201006X039597,Motorway,602,NA,0,Slight,None,27-11-2010,Saturday,1,Data missing or out of range,Not at junction or within 20 metres,53.480888,Darkness - lights lit,381040,398280,-2.287175,E01005658,3,3,0,0,Wet or damp,Dual carriageway,None,70,17:45:00,Urban,Fine no high winds,No,21 - 25,1,Urban area,4,1896,None,None,Commuting to/from work,Not at or within 20 metres of junction,VOLKSWAGEN,CADDY C20 TDI 104,Heavy oil,Male,None,No tow/articulation,Did not leave carriageway,0,Going ahead other,3,Van / Goods 3.5 tonnes mgw or under,No,Back,2010
201011NH05970,Unclassified,0,Unclassified,0,Slight,None,05-03-2010,Friday,1,Give way or uncontrolled,T or staggered junction,54.863865,Darkness - lights lit,419500,552160,-1.697716,E01020673,1,2,0,0,Dry,Single carriageway,None,30,20:49:00,Urban,Fine no high winds,No,21 - 25,1,Rural,10,1390,None,None,Other/Not known (2005-10),Mid Junction - on roundabout or on main road,SEAT,IBIZA SPORT 84,Petrol,Male,None,No tow/articulation,Did not leave carriageway,0,Turning right,1,Car,No,Front,2010
201014A021210,Motorway,18,A(M),1,Slight,None,05-02-2010,Friday,1,Give way or uncontrolled,Roundabout,53.477069,Darkness - lights lit,456250,398150,-1.153929,E01007611,1,2,0,0,Wet or damp,Roundabout,None,70,17:17:00,Rural,Fine no high winds,No,21 - 25,1,Urban area,9,1598,None,None,Other/Not known (2005-10),Approaching junction or waiting/parked at junction approach,SEAT,IBIZA CR SPORT TDI,Heavy oil,Male,None,No tow/articulation,Did not leave carriageway,0,Going ahead other,2,Car,No,Front,2010
201014A061410,A,19,NA,0,Slight,None,25-04-2010,Sunday,1,Not at junction or within 20 metres,Not at junction or within 20 metres,53.590553,Darkness - lights lit,455680,410770,-1.160275,E01007488,2,2,0,0,Wet or damp,Single carriageway,None,60,22:50:00,Rural,Fine no high winds,No,21 - 25,1,Small town,1,1796,Kerb,Lamp post,Other/Not known (2005-10),Not at or within 20 metres of junction,VAUXHALL,ASTRA TWINTOP SPORT,Petrol,Male,Skidded and overturned,No tow/articulation,Offside,0,Going ahead other,1,Car,No,Front,2010
201014A118410,A,630,C,771,Slight,None,18-07-2010,Sunday,1,Auto traffic signal,T or staggered junction,53.50698,Darkness - lights lit,456420,401480,-1.15077,E01007494,1,2,0,0,Dry,Dual carriageway,None,40,21:30:00,Urban,Fine no high winds,No,21 - 25,1,Urban area,5,1686,None,None,Other/Not known (2005-10),Mid Junction - on roundabout or on main road,VAUXHALL,ASTRA LIFE CDTI,Heavy oil,Male,None,No tow/articulation,Did not leave carriageway,0,Going ahead other,1,Car,No,Front,2010
201014A181910,A(M),1,NA,0,Slight,None,14-11-2010,Sunday,1,Not at junction or within 20 metres,Not at junction or within 20 metres,53.593177,Darkness - lights lit,452000,411020,-1.215824,E01007468,1,5,0,0,Dry,Dual carriageway,None,70,17:09:00,Rural,Fine no high winds,No,21 - 25,1,Urban area,NA,1198,None,None,Other/Not known (2005-10),Not at or within 20 metres of junction,VOLKSWAGEN,POLO MATCH 60,Petrol,Male,None,No tow/articulation,Did not leave carriageway,0,Waiting to go - held up,1,Car,No,Back,2010
201014K032210,Unclassified,0,Unclassified,0,Slight,None,01-02-2010,Monday,1,Give way or uncontrolled,Crossroads,53.388795,Darkness - lights lit,438310,388150,-1.425434,E01007883,2,2,0,0,Wet or damp,Single carriageway,None,30,22:29:00,Urban,Fine no high winds,No,21 - 25,1,Urban area,2,1598,None,None,Other/Not known (2005-10),Approaching junction or waiting/parked at junction approach,VAUXHALL,ASTRA SXI,Petrol,Male,None,No tow/articulation,Did not leave carriageway,0,Slowing or stopping,2,Car,No,Front,2010
2010160C01351,A,63,NA,0,Slight,None,17-03-2010,Wednesday,1,Data missing or out of range,Not at junction or within 20 metres,53.743405,Darkness - lights lit,494560,428400,-0.56768,E01012970,1,4,0,0,Dry,Dual carriageway,None,70,20:53:00,Rural,Fine no high winds,No,21 - 25,1,Urban area,4,1598,None,None,Other/Not known (2005-10),Not at or within 20 metres of junction,RENAULT,MEGANE DYNAMIQUE VVT,Petrol,Male,None,No tow/articulation,Did not leave carriageway,0,Going ahead other,4,Car,No,Front,2010
2010160D04131,A,1105,Unclassified,0,Slight,None,14-08-2010,Saturday,1,Give way or uncontrolled,T or staggered junction,53.742869,Darkness - lights lit,508840,428650,-0.351158,E01012855,3,2,0,5,Dry,Single carriageway,None,30,23:45:00,Urban,Fine no high winds,No,21 - 25,1,Urban area,7,2000,None,Near/Offside crash barrier,Other/Not known (2005-10),Mid Junction - on roundabout or on main road,BMW,120D M SPORT AUTO,Heavy oil,Male,None,No tow/articulation,Nearside,0,Going ahead left-hand bend,2,Car,No,Front,2010
2010170L30400,A,1042,Unclassified,0,Slight,None,28-02-2010,Sunday,1,Give way or uncontrolled,T or staggered junction,54.602409,Darkness - lights lit,459260,523410,-1.084165,E01012103,2,2,0,0,Wet or damp,Single carriageway,None,30,21:24:00,Urban,Fine no high winds,No,21 - 25,1,Small town,9,1198,None,None,Other/Not known (2005-10),Mid Junction - on roundabout or on main road,VOLKSWAGEN,URBAN FOX 55,Petrol,Male,None,No tow/articulation,Did not leave carriageway,0,Turning right,1,Car,No,Front,2010
201020H009212,A,38,A,462,Slight,None,31-01-2010,Sunday,1,Auto traffic signal,T or staggered junction,52.566924,Darkness - lights lit,397750,296570,-2.034638,E01010263,7,2,0,5,Frost or ice,Single carriageway,None,30,19:30:00,Urban,Fine no high winds,No,21 - 25,1,Urban area,1,1560,None,None,Other/Not known (2005-10),Approaching junction or waiting/parked at junction approach,FORD,FOCUS ZETEC TDCI 109,Heavy oil,Male,None,No tow/articulation,Did not leave carriageway,0,Going ahead other,1,Car,No,Front,2010
201020K005730,A,461,B,4163,Slight,None,28-05-2010,Friday,2,Give way or uncontrolled,T or staggered junction,52.526106,Darkness - lights lit,396980,292030,-2.045955,E01009976,1,1,0,0,Dry,Single carriageway,None,30,21:15:00,Urban,Fine no high winds,No,21 - 25,1,Urban area,1,1968,None,None,Other/Not known (2005-10),Entering main road,VOLKSWAGEN,GOLF GT TDI 140,Heavy oil,Male,None,No tow/articulation,Did not leave carriageway,0,Turning left,1,Car,No,Front,2010
201020N055280,A,5127,NA,0,Slight,None,08-12-2010,Wednesday,2,Data missing or out of range,Not at junction or within 20 metres,52.576244,Darkness - lights lit,411750,297620,-1.828052,E01009427,1,2,0,0,Wet or damp,Single carriageway,None,30,16:30:00,Urban,Fine no high winds,No,21 - 25,1,Urban area,7,1388,None,None,Commuting to/from work,Not at or within 20 metres of junction,FORD,FIESTA TITANIUM 96,Petrol,Male,None,No tow/articulation,Did not leave carriageway,0,Waiting to go - held up,2,Car,No,Back,2010
201020T001290,Unclassified,0,Unclassified,0,Slight,None,08-04-2010,Thursday,1,Give way or uncontrolled,T or staggered junction,52.439205,Darkness - lights lit,408540,282370,-1.875808,E01009185,1,2,0,0,Dry,Single carriageway,None,30,21:40:00,Urban,Fine no high winds,No,21 - 25,1,Urban area,1,1364,None,None,Other/Not known (2005-10),Mid Junction - on roundabout or on main road,VAUXHALL,CORSA DESIGN 16V T-PORT,Petrol,Male,None,No tow/articulation,Did not leave carriageway,0,Turning right,1,Car,No,Front,2010
201020T054370,B,4217,NA,0,Slight,None,10-12-2010,Friday,1,Data missing or out of range,Not at junction or within 20 metres,52.442614,Darkness - lights lit,409000,282750,-1.869031,E01009185,1,2,0,0,Wet or damp,Single carriageway,None,30,17:00:00,Urban,Fine no high winds,No,21 - 25,1,Urban area,1,1968,Kerb,Tree,Other/Not known (2005-10),Not at or within 20 metres of junction,VOLKSWAGEN,SCIROCCO GT TDI,Heavy oil,Male,None,No tow/articulation,Offside,0,Overtaking moving vehicle - offside,1,Car,No,Nearside,2010
201020W055220,Unclassified,0,Unclassified,0,Slight,None,12-12-2010,Sunday,1,Give way or uncontrolled,T or staggered junction,52.501463,Darkness - lights lit,404660,289290,-1.932791,E01009359,1,4,0,0,Wet or damp,Single carriageway,None,30,20:09:00,Urban,Fine no high winds,No,21 - 25,1,Urban area,1,1598,Kerb,None,Other/Not known (2005-10),Cleared junction or waiting/parked at junction exit,VAUXHALL,CORSA VXRACING,Petrol,Male,None,No tow/articulation,Nearside,0,Going ahead other,3,Car,No,Back,2010
201022C002226,A,449,NA,0,Slight,None,01-05-2010,Saturday,1,Data missing or out of range,Not at junction or within 20 metres,52.183446,Darkness - lights lit,384280,253940,-2.231355,E01032288,1,1,0,0,Dry,Single carriageway,None,30,03:10:00,Urban,Fine no high winds,No,21 - 25,1,Data missing or out of range,NA,1600,None,Other permanent object,Other/Not known (2005-10),Not at or within 20 metres of junction,VOLKSWAGEN,GOLF SE BLUEMOTION TDI,Heavy oil,Male,None,No tow/articulation,Nearside,0,Going ahead right-hand bend,1,Car,No,Front,2010
201030D001271,C,267,NA,0,Slight,None,23-12-2010,Thursday,1,Data missing or out of range,Not at junction or within 20 metres,52.891039,Darkness - lights lit,439030,332780,-1.421336,E01013501,5,1,0,0,Wet or damp,Single carriageway,None,30,02:40:00,Urban,Fine no high winds,No,21 - 25,1,Urban area,4,1598,None,Lamp post,Other/Not known (2005-10),Not at or within 20 metres of junction,VAUXHALL,ASTRA SXI,Petrol,Male,Skidded,No tow/articulation,Offside,0,Going ahead other,1,Car,No,Nearside,2010
20103102D1240,Unclassified,0,Unclassified,0,Slight,None,23-03-2010,Tuesday,1,Stop sign,T or staggered junction,52.930984,Darkness - lights lit,458500,337420,-1.131142,E01028418,1,2,0,0,Dry,Single carriageway,None,30,02:59:00,Urban,Fine no high winds,No,21 - 25,1,Urban area,7,1753,None,None,Journey as part of work,Mid Junction - on roundabout or on main road,FORD,FOCUS STYLE TD 115,Heavy oil,Male,None,No tow/articulation,Did not leave carriageway,0,Waiting to go - held up,2,Car,No,Front,2010
201042I413412,A,1158,Unclassified,0,Slight,None,24-10-2020,Saturday,1,Auto traffic signal,Crossroads,14.79191227,Darkness - lights lit,585760,186930,78.5580853,E01015905,4,2,0,5,Wet or damp,Single carriageway,None,30,22:09:00,Urban,Fine no high winds,No,21 - 25,1,Small town,9,1388,None,Other permanent object,Other/Not known (2005-10),Mid Junction - on roundabout or on main road,FORD,FIESTA TITANIUM 96,Petrol,Female,None,No tow/articulation,Nearside,0,Going ahead other,2,Car,No,Offside,2019
201045RU55191,A,30,A,328,Slight,None,22-02-2020,Sunday,1,Auto traffic signal,More than 4 arms (not roundabout),22.04966355,Darkness - lights lit,499460,170490,82.14524047,E01030675,5,2,0,5,Dry,Single carriageway,None,40,20:45:00,Urban,Fine no high winds,No,21 - 25,1,Urban area,9,1364,None,None,Other/Not known (2005-10),Approaching junction or waiting/parked at junction approach,VAUXHALL,ASTRA SXI TWINPORT,Petrol,Female,None,No tow/articulation,Did not leave carriageway,0,Turning right,2,Car,No,Nearside,2019
20104100T3051,Motorway,25,Motorway,25,Slight,None,31-10-2021,Sunday,1,Give way or uncontrolled,Slip road,22.10678195,Darkness - lights lit,512960,202900,82.16609239,E01023732,3,3,0,0,Dry,Dual carriageway,None,70,18:15:00,Rural,Fine no high winds,No,21 - 25,1,Urban area,4,1388,None,None,Other/Not known (2005-10),Mid Junction - on roundabout or on main road,FORD,FIESTA ZETEC 95,Petrol,Female,Skidded,No tow/articulation,Did not leave carriageway,0,Going ahead other,1,Car,No,Front,2019
201050GT3W017,C,711,NA,0,Slight,None,20-08-2019,Sunday,1,Not at junction or within 20 metres,Not at junction or within 20 metres,13.04330127,Darkness - lights lit,181930,44860,77.64997087,E01018810,1,4,0,0,Dry,Single carriageway,None,30,20:30:00,Urban,Fine no high winds,No,21 - 25,1,Urban area,7,1248,None,None,Other/Not known (2005-10),Not at or within 20 metres of junction,HYUNDAI,I10 CLASSIC,Petrol,Female,None,No tow/articulation,Did not leave carriageway,0,Parked,4,Car,No,Front,2019
201045EL54513,A,3,NA,0,Slight,None,30-08-2021,Saturday,1,Data missing or out of range,Not at junction or within 20 metres,26.46250145,Darkness - lights lit,513400,162100,74.64573402,E01030309,2,1,0,0,Dry,Dual carriageway,None,60,18:45:00,Rural,Fine no high winds,No,21 - 25,1,Urban area,7,1587,None,Tree,Other/Not known (2005-10),Not at or within 20 metres of junction,CITROEN,C3 EXCLUSIVE 16V AUTO,Petrol,Female,Skidded and overturned,No tow/articulation,Nearside,0,Going ahead other,1,Car,No,Nearside,2020
201037B045754,A,134,C,759,Slight,None,13-06-2020,Thursday,1,Give way or uncontrolled,Roundabout,26.45877129,Darkness - lights lit,585460,264960,74.59208141,E01030136,1,1,0,0,Wet or damp,Single carriageway,None,30,22:25:00,Urban,Fine no high winds,No,21 - 25,1,Urban area,10,50,None,None,Commuting to/from work,Leaving roundabout,APRILIA,SPORT CITY ONE 50,Petrol,Female,Skidded,No tow/articulation,Did not leave carriageway,0,Going ahead other,1,Motorcycle 50cc and under,No,Did not impact,2020
201045WO55418,C,142,Unclassified,7309,Slight,None,14-07-2021,Wednesday,1,Give way or uncontrolled,Roundabout,26.46095187,Darkness - lights lit,499400,158090,74.60856656,E01030955,2,2,0,0,Dry,Roundabout,None,30,19:35:00,Urban,Fine no high winds,No,21 - 25,1,Urban area,5,1242,None,None,Other/Not known (2005-10),Entering roundabout,FORD,FIESTA ZETEC 82,Petrol,Female,None,No tow/articulation,Did not leave carriageway,0,Going ahead other,1,Car,No,Front,2020
201045GU54481,A,25,A,322,Slight,None,03-01-2021,Sunday,1,Auto traffic signal,More than 4 arms (not roundabout),28.62884147,Darkness - lights lit,499230,150780,77.05796215,E01030450,2,2,0,5,Dry,Dual carriageway,None,40,23:20:00,Urban,Fine no high winds,No,21 - 25,1,Data missing or out of range,NA,1248,None,Near/Offside crash barrier,Other/Not known (2005-10),Mid Junction - on roundabout or on main road,HYUNDAI,I10 STYLE,Petrol,Female,None,No tow/articulation,Offside,0,Going ahead other,2,Car,No,Front,2020
20104100C0215,A,405,C,80,Slight,None,29-01-2020,Monday,1,Give way or uncontrolled,T or staggered junction,28.64838372,Darkness - lights lit,511940,202150,77.25363977,E01023832,1,3,0,0,Dry,Dual carriageway,None,50,19:11:00,Urban,Fine no high winds,No,21 - 25,1,Urban area,4,1248,None,None,Other/Not known (2005-10),Approaching junction or waiting/parked at junction approach,HYUNDAI,I10 COMFORT,Petrol,Female,None,No tow/articulation,Did not leave carriageway,0,Going ahead other,3,Car,No,Front,2020
20104100C1109,A,411,Unclassified,543,Slight,None,13-05-2020,Saturday,1,Give way or uncontrolled,T or staggered junction,28.6990516,Darkness - lights lit,509240,198650,77.21144115,E01023887,1,2,0,0,Wet or damp,Single carriageway,None,30,20:30:00,Urban,Fine no high winds,No,21 - 25,1,Urban area,5,1397,None,None,Other/Not known (2005-10),Entering main road,MINI,ONE,Petrol,Female,None,No tow/articulation,Did not leave carriageway,0,Turning right,1,Car,No,Offside,2020
201043P084110,A,418,NA,0,Slight,None,24-09-2021,Tuesday,1,Data missing or out of range,Not at junction or within 20 metres,28.71790666,Darkness - lights lit,468900,205950,77.27189982,E01028647,1,1,0,0,Dry,Single carriageway,None,60,20:00:00,Rural,Fine no high winds,No,21 - 25,1,Urban area,10,1364,Kerb,None,Commuting to/from work,Not at or within 20 metres of junction,VAUXHALL,CORSA CLUB A/C,Petrol,Female,Skidded,No tow/articulation,Did not leave carriageway,0,Going ahead left-hand bend,1,Car,No,Nearside,2020
201043S091010,C,5,Unclassified,1129,Slight,None,15-01-2020,Tuesday,1,Give way or uncontrolled,T or staggered junction,18.57480181,Darkness - lights lit,480190,247150,73.95417616,E01016761,2,2,0,0,Wet or damp,Single carriageway,Road sign or marking defective or obscured,30,18:58:00,Rural,Fine no high winds,No,21 - 25,1,Small town,10,1086,None,None,Commuting to/from work,Leaving main road,KIA,PICANTO CHILL AUTO,Petrol,Female,None,No tow/articulation,Nearside and rebounded,0,Turning right,1,Car,No,Front,2021
201042I037202,B,1393,NA,0,Slight,None,17-12-2020,Saturday,1,Not at junction or within 20 metres,Not at junction or within 20 metres,18.57206142,Darkness - lights lit,546750,205770,73.83790964,E01021761,1,2,0,0,Dry,Single carriageway,None,60,19:00:00,Rural,Fine no high winds,No,21 - 25,1,Urban area,9,999,None,None,Other/Not known (2005-10),Not at or within 20 metres of junction,SMART,FORTWO PULSE MHD AUTO,Petrol,Female,Overturned,No tow/articulation,Did not leave carriageway,0,Going ahead left-hand bend,2,Car,No,Offside,2021
201042I037102,Unclassified,0,Unclassified,0,Slight,None,23-06-2020,Monday,1,Give way or uncontrolled,Mini-roundabout,19.05735767,Darkness - lights lit,545970,209270,72.91879116,E01021820,1,2,0,0,Dry,Roundabout,None,30,18:25:00,Rural,Fine no high winds,No,21 - 25,1,Data missing or out of range,NA,1242,None,None,Commuting to/from work,Leaving roundabout,FORD,FIESTA ZETEC 82,Petrol,Female,None,No tow/articulation,Did not leave carriageway,0,Turning right,1,Car,No,Nearside,2021