Accident_Index,1st_Road_Class,1st_Road_Number,2nd_Road_Class,2nd_Road_Number,Accident_Severity,Carriageway_Hazards,Date,Day_of_Week,Did_Police_Officer_Attend_Scene_of_Accident,Junction_Control,Junction_Detail,Latitude,Light_Conditions,Location_Easting_OSGR,Location_Northing_OSGR,Longitude,LSOA_of_Accident_Location,Number_of_Casualties,Number_of_Vehicles,Pedestrian_Crossing-Human_Control,Pedestrian_Crossing-Physical_Facilities,Road_Surface_Conditions,Road_Type,Special_Conditions_at_Site,Speed_limit,Time,Urban_or_Rural_Area,Weather_Conditions,InScotland,Age_Band_of_Driver,Age_of_Vehicle,Driver_Home_Area_Type,Driver_IMD_Decile,Engine_Capacity_.CC.,Hit_Object_in_Carriageway,Hit_Object_off_Carriageway,Journey_Purpose_of_Driver,Junction_Location,make,model,Propulsion_Code,Sex_of_Driver,Skidding_and_Overturning,Towing_and_Articulation,Vehicle_Leaving_Carriageway,Vehicle_Location.Restricted_Lane,Vehicle_Manoeuvre,Vehicle_Reference,Vehicle_Type,Was_Vehicle_Left_Hand_Drive,X1st_Point_of_Impact,Year
201001QA10206,Unclassified,0,Unclassified,0,Slight,None,16-06-2010,Wednesday,1,Give way or uncontrolled,Crossroads,51.558151,Daylight,513200,185630,-0.368471,E01002222,1,4,0,0,Dry,Single carriageway,None,30,09:10:00,Urban,Fine no high winds,No,21 - 25,1,Urban area,6,1797,None,None,Other/Not known (2005-10),Mid Junction - on roundabout or on main road,TOYOTA,PRIUS T SPIRIT VVT-I CVT,Hybrid electric,Male,None,No tow/articulation,Did not leave carriageway,0,Turning right,2,Car,No,Nearside,2010
201001QK50507,A,404,A,404,Slight,None,20-08-2010,Friday,1,Give way or uncontrolled,T or staggered junction,51.569096,Daylight,516390,186920,-0.322049,E01000562,1,2,0,0,Dry,Single carriageway,None,30,09:50:00,Urban,Fine no high winds,No,21 - 25,1,Urban area,10,1596,None,None,Other/Not known (2005-10),Approaching junction or waiting/parked at junction approach,FORD,FOCUS STYLE 100,Petrol,Male,None,No tow/articulation,Did not leave carriageway,0,Waiting to turn right,1,Car,No,Back,2010
201001RG40765,A,210,C,0,Slight,None,25-11-2010,Thursday,1,Auto traffic signal,T or staggered junction,51.450642,Daylight,543420,174430,0.062636,E01001613,3,2,0,5,Dry,Single carriageway,None,30,08:13:00,Urban,Fine no high winds,No,21 - 25,1,Urban area,9,1399,None,None,Other/Not known (2005-10),Mid Junction - on roundabout or on main road,FORD,FIESTA EDGE TDCI 68,Heavy oil,Male,None,No tow/articulation,Did not leave carriageway,0,Going ahead other,2,Car,No,Offside,2010
201001RY10291,A,2041,Unclassified,0,Slight,None,01-07-2010,Thursday,1,Auto traffic signal,T or staggered junction,51.493665,Daylight,547340,179330,0.121052,E01001577,1,2,0,5,Dry,Single carriageway,None,30,10:06:00,Urban,Fine no high winds,No,21 - 25,1,Urban area,3,125,None,None,Other/Not known (2005-10),Mid Junction - on roundabout or on main road,QINGQI,QM 125 GY-2B,Petrol,Male,None,No tow/articulation,Did not leave carriageway,0,Going ahead other,1,Motorcycle 125cc and under,No,Front,2010
201001RY10365,A,220,Unclassified,0,Slight,None,02-09-2010,Thursday,1,Give way or uncontrolled,T or staggered junction,51.46035,Daylight,549660,175690,0.152905,E01000330,1,2,0,0,Dry,Single carriageway,None,30,08:20:00,Urban,Fine no high winds,No,21 - 25,1,Urban area,10,1598,None,None,Other/Not known (2005-10),Mid Junction - on roundabout or on main road,RENAULT,MEGANE DYNAMIQUE VVT,Petrol,Male,None,No tow/articulation,Did not leave carriageway,0,Going ahead other,1,Car,No,Front,2010
201001SX20097,A,406,NA,0,Slight,None,25-01-2010,Monday,1,Data missing or out of range,Not at junction or within 20 metres,51.590802,Daylight,525400,189550,-0.191175,E01000205,2,2,0,0,Wet or damp,Dual carriageway,None,50,09:12:00,Urban,Fine no high winds,No,21 - 25,1,Urban area,5,1198,None,None,Journey as part of work,Not at or within 20 metres of junction,VOLKSWAGEN,POLO MATCH 70,Petrol,Male,Skidded,No tow/articulation,Did not leave carriageway,0,Waiting to go - held up,2,Car,No,Front,2010
201001SX20427,A,411,A,1,Slight,None,15-04-2010,Thursday,1,Give way or uncontrolled,Roundabout,51.643211,Daylight,520810,195270,-0.25543,E01000253,1,2,0,7,Dry,Roundabout,None,30,21:50:00,Urban,Fine no high winds,No,21 - 25,1,Urban area,4,125,None,None,Other/Not known (2005-10),Leaving roundabout,HONDA,CBR 125 RW-9,Petrol,Male,None,No tow/articulation,Did not leave carriageway,0,Moving off,1,Motorcycle over 125cc and up to 500cc,No,Back,2010
201001SX21152,A,5100,Unclassified,0,Slight,None,05-11-2010,Friday,1,Give way or uncontrolled,T or staggered junction,51.617459,Daylight,520200,192390,-0.26523,E01000227,1,2,0,0,Wet or damp,Single carriageway,None,30,13:16:00,Urban,Fine no high winds,No,21 - 25,1,Urban area,6,1086,None,None,Commuting to/from work,Cleared junction or waiting/parked at junction exit,KIA,PICANTO CHILL,Petrol,Male,None,No tow/articulation,Did not leave carriageway,0,Overtaking - nearside,1,Car,No,Offside,2010
201001SX21209,C,0,Unclassified,0,Slight,None,20-11-2010,Saturday,1,Give way or uncontrolled,T or staggered junction,51.611437,Daylight,525960,191860,-0.182266,E01000302,1,2,0,0,Wet or damp,Single carriageway,None,30,10:40:00,Urban,Fine no high winds,No,21 - 25,1,Urban area,7,839,None,None,Journey as part of work,Entering from slip road,GILERA,GP 800,Petrol,Male,None,No tow/articulation,Did not leave carriageway,0,Overtaking - nearside,2,Motorcycle over 500cc,No,Offside,2010
201001TA00170,A,312,Unclassified,0,Slight,None,08-07-2010,Thursday,1,Auto traffic signal,T or staggered junction,51.470901,Daylight,510810,175870,-0.405999,E01002589,1,2,0,5,Dry,Single carriageway,None,30,06:40:00,Urban,Fine no high winds,No,21 - 25,1,Urban area,4,599,Kerb,None,Commuting to/from work,Approaching junction or waiting/parked at junction approach,HONDA,CBR 600 RR-9,Petrol,Male,Skidded,No tow/articulation,Did not leave carriageway,0,Slowing or stopping,1,Motorcycle over 500cc,No,Back,2010
201034NK34360,A,4300,Unclassified,7077,Slight,None,27-08-2010,Friday,1,Give way or uncontrolled,Roundabout,52.404382,Daylight,485460,279230,-0.745217,E01027117,1,2,0,0,Wet or damp,Single carriageway,None,30,13:30:00,Urban,Fine no high winds,No,21 - 25,1,Data missing or out of range,NA,1753,None,None,Journey as part of work,Approaching junction or waiting/parked at junction approach,FORD,FOCUS STYLE TD 115,Heavy oil,Male,None,No tow/articulation,Did not leave carriageway,0,Waiting to go - held up,2,Car,No,Back,2010
201034NW20890,C,147,Unclassified,9452,Slight,None,21-05-2010,Friday,1,Give way or uncontrolled,T or staggered junction,52.28995,Daylight,488940,266560,-0.697428,E01027317,1,2,0,0,Dry,Dual carriageway,None,30,20:30:00,Urban,Fine no high winds,No,21 - 25,1,Urban area,4,1984,None,None,Other/Not known (2005-10),Cleared junction or waiting/parked at junction exit,VOLKSWAGEN,SCIROCCO GT S-A,Petrol,Male,None,No tow/articulation,Did not leave carriageway,0,Turning right,2,Car,No,Front,2010
201034WN15960,A,428,A,428,Slight,None,09-04-2010,Friday,1,Auto traffic signal,Slip road,52.235173,Daylight,475980,260250,-0.88882,E01027223,1,1,0,0,Dry,Single carriageway,None,30,17:35:00,Urban,Fine no high winds,No,21 - 25,1,Rural,10,1995,None,None,Commuting to/from work,Cleared junction or waiting/parked at junction exit,BMW,320D M SPORT BUS EDITION,Heavy oil,Male,None,No tow/articulation,Did not leave carriageway,0,Going ahead other,1,Car,No,Front,2010
201037B044141,C,627,C,626,Slight,None,10-05-2010,Monday,1,Give way or uncontrolled,Crossroads,52.29434,Daylight,576480,269400,0.58647,E01029941,1,2,0,0,Dry,Single carriageway,None,60,07:20:00,Rural,Fine no high winds,No,21 - 25,1,Rural,6,NA,None,None,Journey as part of work,Mid Junction - on roundabout or on main road,JOHN DEERE,,Heavy oil,Male,None,No tow/articulation,Did not leave carriageway,0,Moving off,1,Agricultural vehicle,No,Did not impact,2010
2010400B00782,A,5140,A,603,Slight,None,15-03-2010,Monday,1,Give way or uncontrolled,Roundabout,52.130895,Daylight,505600,249190,-0.458667,E01017522,1,2,0,1,Dry,Single carriageway,None,30,16:51:00,Urban,Fine no high winds,No,21 - 25,1,Small town,8,1332,None,None,Other/Not known (2005-10),Approaching junction or waiting/parked at junction approach,MITSUBISHI,COLT CZ2 AMT,Petrol,Male,None,No tow/articulation,Did not leave carriageway,0,Going ahead left-hand bend,1,Car,No,Front,2010
2010400B02122,A,1,NA,0,Slight,None,09-07-2010,Friday,1,Data missing or out of range,Not at junction or within 20 metres,52.092553,Daylight,518320,245210,-0.274303,E01017422,1,3,0,0,Dry,Dual carriageway,None,60,11:34:00,Rural,Fine no high winds,No,21 - 25,1,Data missing or out of range,NA,2500,None,None,Journey as part of work,Not at or within 20 metres of junction,LDV,MAXUS 3.5T 95 LWB,Heavy oil,Male,None,No tow/articulation,Did not leave carriageway,0,Slowing or stopping,3,Van / Goods 3.5 tonnes mgw or under,No,Front,2010
2010400C01094,Unclassified,0,NA,0,Slight,None,11-04-2010,Sunday,1,Data missing or out of range,Not at junction or within 20 metres,51.891092,Daylight,507080,222540,-0.445378,E01015788,1,1,0,0,Dry,Single carriageway,None,30,18:10:00,Urban,Fine no high winds,No,21 - 25,1,Urban area,4,1968,None,None,Other/Not known (2005-10),Not at or within 20 metres of junction,VOLKSWAGEN,SCIROCCO GT TDI,Heavy oil,Male,None,No tow/articulation,Did not leave carriageway,0,Overtaking static vehicle - offside,1,Car,No,Offside,2010
2010400C02182,Unclassified,0,Unclassified,0,Slight,None,21-07-2010,Wednesday,1,Give way or uncontrolled,T or staggered junction,51.897464,Daylight,508060,223270,-0.430915,E01015784,1,1,0,0,Dry,Single carriageway,None,30,21:52:00,Urban,Fine no high winds,No,21 - 25,1,Urban area,3,1364,None,Other permanent object,Commuting to/from work,Leaving main road,VAUXHALL,ASTRA SXI,Petrol,Male,None,No tow/articulation,Offside,9,Turning left,1,Car,No,Front,2010
2010400D01420,A,507,NA,0,Slight,None,14-05-2010,Friday,1,Data missing or out of range,Not at junction or within 20 metres,52.023408,Daylight,507450,237270,-0.435401,E01017419,1,2,0,0,Dry,Single carriageway,None,60,08:00:00,Rural,Fine no high winds,No,21 - 25,1,Data missing or out of range,NA,1968,None,None,Journey as part of work,Not at or within 20 metres of junction,AUDI,A3 138 TDI,Heavy oil,Male,None,No tow/articulation,Did not leave carriageway,0,Waiting to go - held up,2,Car,No,Back,2010
20104100A0012,Unclassified,1456,A,1184,Slight,None,04-01-2010,Monday,1,Give way or uncontrolled,Roundabout,51.874466,Daylight,546960,221700,0.133408,E01023454,1,2,0,0,Frost or ice,Single carriageway,None,30,08:45:00,Rural,Fine no high winds,No,21 - 25,1,Urban area,10,1229,None,None,Other/Not known (2005-10),Approaching junction or waiting/parked at junction approach,VAUXHALL,CORSA SXI INTOUCH,Petrol,Male,None,No tow/articulation,Did not leave carriageway,0,Waiting to go - held up,2,Car,No,Back,2010
20104100B0371,Unclassified,385,NA,,Slight,None,28-06-2010,Monday,1,Give way or uncontrolled,Private drive or entrance,51.783576,Daylight,524970,210990,-0.189707,E01023942,2,2,0,0,Dry,Single carriageway,None,30,16:20:00,Urban,Fine no high winds,No,21 - 25,1,Urban area,6,1360,None,None,Other/Not known (2005-10),Mid Junction - on roundabout or on main road,PEUGEOT,207 VERVE,Petrol,Male,None,No tow/articulation,Did not leave carriageway,0,Going ahead other,2,Car,No,Front,2010
20104100C0961,A,412,C,102,Slight,None,14-10-2010,Thursday,2,Auto traffic signal,Crossroads,51.663974,Daylight,510760,197350,-0.399954,E01023880,2,2,0,5,Dry,Dual carriageway,None,30,15:30:00,Urban,Fine no high winds,No,21 - 25,1,Data missing or out of range,NA,1968,None,None,Other/Not known (2005-10),Mid Junction - on roundabout or on main road,VOLKSWAGEN,GOLF S TDI,Heavy oil,Male,None,No tow/articulation,Did not leave carriageway,2,U-turn,1,Car,No,Did not impact,2010
20104100C1281,A,412,NA,0,Slight,None,25-09-2010,Saturday,1,Not at junction or within 20 metres,Not at junction or within 20 metres,51.670589,Daylight,510940,198090,-0.397118,E01023855,1,2,0,4,Dry,Single carriageway,None,30,16:50:00,Urban,Fine no high winds,No,21 - 25,1,Urban area,9,50,None,None,Commuting to/from work,Not at or within 20 metres of junction,QINGQI,QM 50 QT-2,Petrol,Male,None,No tow/articulation,Did not leave carriageway,0,Waiting to go - held up,1,Motorcycle 50cc and under,No,Back,2010
20104100D0968,A,5,NA,0,Slight,None,15-12-2010,Wednesday,1,Not at junction or within 20 metres,Not at junction or within 20 metres,51.826095,Daylight,507630,215320,-0.439636,E01023430,2,2,0,0,Wet or damp,Single carriageway,None,60,08:39:00,Rural,Fine no high winds,No,21 - 25,1,Urban area,7,1598,None,None,Journey as part of work,Not at or within 20 metres of junction,CHEVROLET,CRUZE LS,Petrol,Male,None,No tow/articulation,Did not leave carriageway,0,Going ahead other,1,Car,No,Front,2010
20104100K0646,A,1170,Unclassified,461,Slight,None,01-12-2010,Wednesday,1,Give way or uncontrolled,T or staggered junction,51.746393,Daylight,536810,207160,-0.019674,E01023290,1,2,0,0,Frost or ice,Single carriageway,None,30,08:35:00,Urban,Fine no high winds,No,21 - 25,1,Urban area,10,124,None,None,Other/Not known (2005-10),Mid Junction - on roundabout or on main road,YAMAHA,XT 125 X,Petrol,Male,Skidded,No tow/articulation,Did not leave carriageway,0,Going ahead right-hand bend,2,Motorcycle 125cc and under,No,Front,2010
20104100T1065,Motorway,1,NA,0,Slight,None,18-05-2010,Tuesday,1,Not at junction or within 20 metres,Not at junction or within 20 metres,51.748161,Daylight,509990,206700,-0.408135,E01023722,1,2,0,0,Dry,Dual carriageway,None,70,15:45:00,Rural,Fine no high winds,No,21 - 25,1,Urban area,7,1995,None,None,Commuting to/from work,Not at or within 20 metres of junction,BMW,116D SPORT,Heavy oil,Male,Skidded,No tow/articulation,Did not leave carriageway,0,Overtaking moving vehicle - offside,2,Car,No,Nearside,2010
20104100T1127,Motorway,1,A,414,Slight,None,27-08-2010,Friday,2,Give way or uncontrolled,Slip road,51.750539,Daylight,509780,206960,-0.411094,E01023722,1,3,0,0,Dry,Dual carriageway,None,70,17:04:00,Rural,Fine no high winds,No,21 - 25,1,Urban area,9,1586,None,Central crash barrier,Commuting to/from work,Mid Junction - on roundabout or on main road,SUZUKI,GRAND VITARA VVT PLUS,Petrol,Male,Skidded,No tow/articulation,Offside on to centrl res + rebounded,0,Changing lane to left,3,Car,No,Nearside,2010
201042I004801,Unclassified,0,NA,0,Slight,None,08-01-2010,Friday,1,Not at junction or within 20 metres,Not at junction or within 20 metres,51.765273,Daylight,584960,210800,0.679016,E01021882,1,2,0,0,Wet or damp,Single carriageway,None,60,12:12:00,Rural,Fine no high winds,No,21 - 25,1,Urban area,4,1968,None,None,Other/Not known (2005-10),Not at or within 20 metres of junction,VOLKSWAGEN,GOLF GTD S-A,Heavy oil,Male,None,No tow/articulation,Did not leave carriageway,0,Going ahead other,2,Car,No,Front,2010
201042I014601,A,12,B,1137,Slight,None,23-01-2010,Saturday,1,Give way or uncontrolled,More than 4 arms (not roundabout),51.773148,Daylight,578120,211430,0.580324,E01021396,2,2,0,0,Dry,Single carriageway,None,60,15:44:00,Rural,Fine no high winds,No,21 - 25,1,Urban area,10,1560,None,None,Journey as part of work,Mid Junction - on roundabout or on main road,PEUGEOT,EXPERT HDI LWB,Heavy oil,Male,None,No tow/articulation,Did not leave carriageway,0,Moving off,1,Van / Goods 3.5 tonnes mgw or under,No,Front,2010
201042I052102,A,176,Unclassified,0,Slight,None,22-02-2010,Monday,1,Give way or uncontrolled,Roundabout,51.586282,Daylight,569190,190320,0.440797,E01021261,1,2,0,0,Wet or damp,Roundabout,None,40,14:53:00,Urban,Fine no high winds,No,21 - 25,1,Urban area,10,1149,None,None,Other/Not known (2005-10),Entering roundabout,RENAULT,CLIO EXTREME,Petrol,Male,None,No tow/articulation,Did not leave carriageway,0,Going ahead right-hand bend,2,Car,No,Back,2010
201042I055402,Motorway,11,NA,0,Slight,None,25-02-2010,Thursday,1,Not at junction or within 20 metres,Not at junction or within 20 metres,52.026434,Daylight,550510,238720,0.192385,E01022071,1,5,0,0,Dry,Dual carriageway,Roadworks,70,10:20:00,Rural,Fine no high winds,No,21 - 25,1,Rural,7,1560,None,None,Other/Not known (2005-10),Not at or within 20 metres of junction,FORD,FOCUS TITANIUM TDCI 107,Heavy oil,Male,None,No tow/articulation,Did not leave carriageway,0,Slowing or stopping,5,Car,No,Back,2010
201042I141004,A,13,NA,0,Slight,None,27-04-2010,Tuesday,1,Not at junction or within 20 metres,Not at junction or within 20 metres,51.534574,Daylight,592900,185410,0.779945,E01015917,1,1,0,0,Dry,Single carriageway,None,30,17:05:00,Urban,Fine no high winds,No,21 - 25,1,Urban area,1,599,None,None,Other/Not known (2005-10),Not at or within 20 metres of junction,HONDA,CBR 600 RR-9,Petrol,Male,Skidded,No tow/articulation,Did not leave carriageway,0,Going ahead other,1,Motorcycle over 500cc,No,Front,2010
201042I169906,Unclassified,0,Unclassified,0,Slight,None,02-06-2010,Wednesday,1,Give way or uncontrolled,Mini-roundabout,51.568866,Daylight,570940,188440,0.465118,E01021321,1,1,0,0,Dry,Dual carriageway,None,30,15:20:00,Urban,Fine no high winds,No,21 - 25,1,Urban area,1,645,None,None,Other/Not known (2005-10),Approaching junction or waiting/parked at junction approach,SUZUKI,SV 650 SK9,Petrol,Male,None,No tow/articulation,Did not leave carriageway,0,Slowing or stopping,1,Motorcycle over 500cc,No,Did not impact,2010
201042I196206,A,132,A,1321,Slight,None,04-06-2010,Friday,2,Give way or uncontrolled,Roundabout,51.573413,Daylight,572820,189010,0.492498,E01021271,1,2,0,4,Dry,Roundabout,None,30,15:20:00,Urban,Fine no high winds,No,21 - 25,1,Urban area,4,1968,None,None,Other/Not known (2005-10),Mid Junction - on roundabout or on main road,VOLKSWAGEN,GOLF GT TDI 140,Heavy oil,Male,None,No tow/articulation,Did not leave carriageway,0,Going ahead other,2,Car,No,Back,2010
201042I230907,A,134,Unclassified,0,Slight,None,18-07-2010,Sunday,1,Auto traffic signal,T or staggered junction,51.900687,Daylight,599360,226430,0.896421,E01021679,1,2,0,0,Dry,Dual carriageway,None,30,14:37:00,Urban,Fine no high winds,No,21 - 25,1,Data missing or out of range,NA,599,None,None,Other/Not known (2005-10),Approaching junction or waiting/parked at junction approach,KAWASAKI,ZX 600 R9F,Petrol,Male,None,No tow/articulation,Did not leave carriageway,0,Going ahead other,1,Motorcycle over 500cc,No,Front,2010
201042I251008,B,1137,Unclassified,0,Slight,None,11-08-2010,Wednesday,1,Give way or uncontrolled,Roundabout,51.746972,Daylight,573080,208340,0.505811,E01021544,1,2,0,0,Dry,Roundabout,None,40,06:50:00,Urban,Fine no high winds,No,21 - 25,1,Urban area,6,1468,None,None,Commuting to/from work,Entering roundabout,MITSUBISHI,COLT RALLIART,Petrol,Male,None,No tow/articulation,Did not leave carriageway,0,Going ahead other,1,Car,No,Front,2010
201042I284809,Unclassified,0,NA,0,Slight,None,07-09-2010,Tuesday,1,Not at junction or within 20 metres,Not at junction or within 20 metres,51.571907,Daylight,571870,188810,0.478705,E01021320,1,3,0,0,Dry,Single carriageway,None,30,07:30:00,Urban,Fine no high winds,No,21 - 25,1,Urban area,3,1560,None,None,Journey as part of work,Not at or within 20 metres of junction,CITROEN,BERLINGO 850 LX HDI,Heavy oil,Male,None,No tow/articulation,Did not leave carriageway,0,Overtaking - nearside,1,Van / Goods 3.5 tonnes mgw or under,No,Front,2010
201042I414512,A,1159,NA,0,Slight,None,16-12-2010,Thursday,1,Not at junction or within 20 metres,Not at junction or within 20 metres,51.552055,Daylight,590080,187250,0.740328,E01015886,1,2,0,0,Wet or damp,Dual carriageway,None,50,08:45:00,Urban,Fine no high winds,No,21 - 25,1,Urban area,1,599,None,None,Journey as part of work,Not at or within 20 metres of junction,HONDA,CBR 600 RR-9,Petrol,Male,None,No tow/articulation,Did not leave carriageway,0,Changing lane to left,1,Motorcycle over 500cc,No,Front,2010
201043N058080,C,75,NA,,Slight,None,05-08-2010,Thursday,1,Give way or uncontrolled,Private drive or entrance,51.885489,Daylight,489940,221580,-0.694623,E01017734,1,2,0,0,Dry,Single carriageway,None,60,09:17:00,Rural,Fine no high winds,No,21 - 25,1,Rural,8,NA,None,None,Journey as part of work,Approaching junction or waiting/parked at junction approach,JOHN DEERE,,Heavy oil,Male,None,Single trailer,Did not leave carriageway,0,Turning right,2,Agricultural vehicle,No,Offside,2010
201043N098100,Unclassified,814,Unclassified,3192,Slight,None,12-10-2010,Tuesday,1,Auto traffic signal,Crossroads,51.616188,Daylight,484670,191530,-0.778485,E01017840,1,3,0,0,Dry,Single carriageway,None,30,15:01:00,Urban,Fine no high winds,No,21 - 25,1,Urban area,4,1248,None,None,Journey as part of work,Mid Junction - on roundabout or on main road,VAUXHALL,ASTRA SPECIAL CDTI 90,Heavy oil,Male,None,No tow/articulation,Did not leave carriageway,0,Going ahead other,1,Car,No,Did not impact,2010
201043N111030,Unclassified,51,NA,0,Slight,None,13-03-2010,Saturday,1,Data missing or out of range,Not at junction or within 20 metres,51.564722,Daylight,493510,185960,-0.652323,E01017803,1,1,0,0,Dry,Single carriageway,None,30,17:28:00,Rural,Fine no high winds,No,21 - 25,1,Urban area,7,1796,None,Tree,Other/Not known (2005-10),Not at or within 20 metres of junction,VAUXHALL,ASTRA SRI XP,Petrol,Male,Skidded and overturned,No tow/articulation,Offside,0,Going ahead left-hand bend,1,Car,No,Front,2010
201043N135030,Motorway,40,NA,0,Slight,None,17-03-2010,Wednesday,1,Data missing or out of range,Not at junction or within 20 metres,51.790456,Daylight,463130,210600,-1.086099,E01017643,1,1,0,0,Dry,Dual carriageway,None,70,09:25:00,Rural,Fine no high winds,No,21 - 25,1,Urban area,9,1896,None,None,Other/Not known (2005-10),Not at or within 20 metres of junction,VOLKSWAGEN,TR-PORTER T28 102 TDI SWB,Heavy oil,Male,Skidded and overturned,No tow/articulation,Nearside,0,Going ahead left-hand bend,1,Van / Goods 3.5 tonnes mgw or under,No,Front,2010
201043N157050,A,4146,NA,0,Slight,None,24-05-2010,Monday,1,Data missing or out of range,Not at junction or within 20 metres,51.954952,Daylight,487810,229270,-0.723604,E01017670,1,2,0,0,Dry,Dual carriageway,None,70,09:55:00,Rural,Fine no high winds,No,21 - 25,1,Rural,9,1968,None,None,Other/Not known (2005-10),Not at or within 20 metres of junction,VOLKSWAGEN,GOLF S TDI 110,Heavy oil,Male,None,No tow/articulation,Nearside,0,Parked,2,Car,No,Back,2010
201043P098020,A,34,NA,0,Slight,None,05-02-2010,Friday,1,Data missing or out of range,Not at junction or within 20 metres,51.712343,Daylight,451570,201780,-1.254996,E01028733,1,2,0,0,Dry,Dual carriageway,None,70,16:28:00,Rural,Fine no high winds,No,21 - 25,1,Urban area,10,124,None,None,Other/Not known (2005-10),Not at or within 20 metres of junction,HYOSUNG,GT 125 R,Petrol,Male,None,No tow/articulation,Did not leave carriageway,0,Overtaking - nearside,1,Motorcycle 125cc and under,No,Offside,2010
201043P177070,A,4095,Unclassified,0,Slight,None,19-07-2010,Monday,2,Give way or uncontrolled,Private drive or entrance,51.725519,Daylight,431400,203080,-1.546805,E01028764,1,2,0,0,Dry,Single carriageway,None,30,14:00:00,Rural,Fine no high winds,No,21 - 25,1,Data missing or out of range,NA,124,None,None,Commuting to/from work,Mid Junction - on roundabout or on main road,YAMAHA,XT 125 X,Petrol,Male,Skidded,No tow/articulation,Nearside,0,Going ahead right-hand bend,2,Motorcycle 125cc and under,No,Offside,2010
201043P359100,A,40,NA,0,Slight,None,25-10-2010,Monday,1,Data missing or out of range,Not at junction or within 20 metres,51.764483,Daylight,455390,207620,-1.198783,E01028513,1,2,0,0,Dry,Dual carriageway,None,30,15:15:00,Urban,Fine no high winds,No,21 - 25,1,Urban area,3,5880,None,None,Journey as part of work,Not at or within 20 metres of junction,IVECO,,Heavy oil,Male,None,No tow/articulation,Did not leave carriageway,0,Changing lane to left,1,Goods over 3.5t. and under 7.5t,No,Nearside,2010
201043R039090,Unclassified,7302,Unclassified,7302,Slight,None,07-09-2010,Tuesday,1,Give way or uncontrolled,Crossroads,51.52206,Daylight,494910,181240,-0.633403,E01016486,2,2,0,0,Dry,Single carriageway,None,30,13:14:00,Urban,Fine no high winds,No,21 - 25,1,Urban area,4,10837,None,None,Journey as part of work,Leaving main road,RENAULT TRUCKS,,Heavy oil,Male,None,Articulated vehicle,Did not leave carriageway,0,Turning right,2,Goods 7.5 tonnes mgw and over,No,Front,2010
201043R179050,Unclassified,7002,Unclassified,7002,Slight,None,26-05-2010,Wednesday,1,Give way or uncontrolled,Mini-roundabout,51.411796,Daylight,488010,168850,-0.735913,E01016189,1,2,0,0,Dry,Single carriageway,None,30,07:56:00,Urban,Fine no high winds,No,21 - 25,1,Urban area,6,1598,None,None,Commuting to/from work,Approaching junction or waiting/parked at junction approach,VOLKSWAGEN,GOLF S TDI,Heavy oil,Male,None,No tow/articulation,Did not leave carriageway,0,Slowing or stopping,1,Car,No,Back,2010
201043S070090,C,156,Unclassified,1014,Slight,None,15-09-2010,Wednesday,1,Auto traffic signal,T or staggered junction,52.008688,Daylight,486770,235230,-0.737229,E01016712,3,2,0,0,Dry,Dual carriageway,None,40,17:33:00,Urban,Fine no high winds,No,21 - 25,1,Urban area,9,1242,None,None,Other/Not known (2005-10),Mid Junction - on roundabout or on main road,FORD,KA ZETEC,Petrol,Male,None,No tow/articulation,Did not leave carriageway,0,Turning right,1,Car,No,Nearside,2010
201043W124010,Unclassified,7201,Unclassified,7201,Slight,None,18-01-2010,Monday,1,Give way or uncontrolled,Crossroads,51.458036,Daylight,468940,173700,-1.009126,E01016398,2,2,0,0,Wet or damp,Single carriageway,None,30,09:49:00,Urban,Fine no high winds,No,21 - 25,1,Urban area,10,1248,None,None,Journey as part of work,Mid Junction - on roundabout or on main road,VAUXHALL,CORSA SPECIAL 16V CDTI,Heavy oil,Male,Skidded,No tow/articulation,Did not leave carriageway,0,Going ahead other,1,Car,No,Offside,2010
201043W151100,A,321,Unclassified,7005,Slight,None,07-10-2010,Thursday,2,Give way or uncontrolled,T or staggered junction,51.348314,Daylight,482720,161700,-0.813622,E01016229,1,2,0,0,Dry,Single carriageway,None,30,14:40:00,Urban,Fine no high winds,No,21 - 25,1,Urban area,10,124,None,None,Other/Not known (2005-10),Cleared junction or waiting/parked at junction exit,YAMAHA,YZF R125,Petrol,Male,None,No tow/articulation,Did not leave carriageway,0,Slowing or stopping,2,Motorcycle 125cc and under,No,Back,2010
201043W238100,Unclassified,7201,NA,,Slight,None,27-10-2010,Wednesday,1,Give way or uncontrolled,Private drive or entrance,51.461614,Daylight,468350,174090,-1.017542,E01016382,1,2,0,0,Dry,Single carriageway,None,30,14:37:00,Urban,Fine no high winds,No,21 - 25,1,Urban area,9,278,None,None,Other/Not known (2005-10),Approaching junction or waiting/parked at junction approach,PIAGGIO,VESPA GTS 300 SUPER,Petrol,Male,None,No tow/articulation,Did not leave carriageway,0,Going ahead other,2,Motorcycle 50cc and under,No,Offside,2010
201045GU53689,B,3000,Unclassified,5400,Slight,None,13-09-2010,Monday,1,Give way or uncontrolled,T or staggered junction,51.204388,Daylight,498570,145970,-0.590434,E01030478,2,3,0,0,Dry,Single carriageway,None,40,16:55:00,Rural,Fine no high winds,No,21 - 25,1,Rural,7,998,None,None,Other/Not known (2005-10),Approaching junction or waiting/parked at junction approach,PEUGEOT,107 URBAN,Petrol,Male,None,No tow/articulation,Did not leave carriageway,0,Going ahead other,1,Car,No,Front,2010